airport,report_date,Hour,Scheduled Departures,Scheduled Arrivals,Departures For Metric Computation,Arrivals For Metric Computation,% On-Time Gate Departures,% On-Time Airport Departures,% On-Time Gate Arrivals,Average Gate Departure Delay,Average Taxi Out Time,Average Taxi Out Delay,Average Airport Departure Delay,Average Airborne Delay,Average Taxi In Delay,Average Block Delay,Average Gate Arrival Delay
DCA,2023-01-01,0,0,1,0,0,0.0,0.0,0.0,0.0,0.0,0.0,0.0,0.0,0.0,0.0,0.0
DCA,2023-01-01,2,0,0,0,0,0.0,0.0,0.0,0.0,0.0,0.0,0.0,0.0,0.0,0.0,0.0
DCA,2023-01-01,5,2,0,2,0,100.0,50.0,0.0,1.5,23.5,11.7,10.0,0.0,0.0,0.0,0.0
DCA,2023-01-01,6,16,0,17,0,94.12,94.12,0.0,5.41,12.71,2.48,6.0,0.0,0.0,0.0,0.0
DCA,2023-01-01,7,9,5,8,5,100.0,100.0,100.0,0.25,10.75,0.94,0.13,2.2,1.5,0.0,0.0
DCA,2023-01-01,8,14,3,14,3,100.0,92.86,66.67,1.79,17.29,5.66,2.71,0.0,0.9,0.67,8.33
DCA,2023-01-01,9,10,12,10,12,90.0,90.0,100.0,2.2,16.3,4.82,3.9,1.25,1.27,0.0,0.0
DCA,2023-01-01,10,22,12,22,12,100.0,100.0,100.0,0.0,18.59,6.81,2.36,1.67,1.68,0.0,1.5
DCA,2023-01-01,11,19,21,19,21,84.21,73.68,95.24,9.05,16.58,5.49,11.89,1.33,2.23,0.57,3.81
DCA,2023-01-01,12,17,24,17,23,94.12,88.24,82.61,5.59,17.59,5.85,8.29,2.65,1.35,0.0,8.96
DCA,2023-01-01,13,24,18,24,18,79.17,70.83,88.89,11.71,18.29,6.57,15.92,2.67,4.53,1.67,10.72
DCA,2023-01-01,14,17,23,17,23,82.35,82.35,86.96,16.0,17.12,5.81,18.35,3.22,4.49,1.3,9.22
DCA,2023-01-01,15,25,18,25,19,88.0,88.0,84.21,5.92,15.48,3.88,8.0,3.89,3.44,2.53,22.26
DCA,2023-01-01,16,16,29,16,29,81.25,81.25,89.66,25.94,13.38,2.58,26.94,1.69,4.04,3.72,6.14
DCA,2023-01-01,17,29,14,30,14,86.67,83.33,78.57,8.73,15.2,3.62,10.43,0.71,2.84,0.0,12.36
DCA,2023-01-01,18,17,24,17,24,76.47,70.59,87.5,24.12,16.35,5.6,28.71,2.54,2.45,0.29,11.63
DCA,2023-01-01,19,19,24,20,24,85.0,75.0,83.33,46.05,16.4,5.39,49.55,3.79,3.71,1.92,6.92
DCA,2023-01-01,20,19,17,19,17,89.47,89.47,76.47,3.74,15.79,4.19,5.32,4.24,1.14,1.0,21.88
DCA,2023-01-01,21,2,27,2,27,100.0,100.0,81.48,0.0,10.5,1.15,0.0,6.85,2.08,2.37,16.63
DCA,2023-01-01,22,18,17,18,17,100.0,100.0,70.59,0.0,13.56,1.72,0.22,1.47,7.07,2.29,20.18
DCA,2023-01-01,23,0,10,0,10,0.0,0.0,100.0,0.0,0.0,0.0,0.0,2.0,3.75,3.4,2.7
DCA,2023-01-02,0,0,1,0,1,0.0,0.0,100.0,0.0,0.0,0.0,0.0,0.0,2.5,0.0,0.0
DCA,2023-01-02,5,3,0,3,0,100.0,100.0,0.0,2.0,12.33,1.13,1.33,0.0,0.0,0.0,0.0
DCA,2023-01-02,6,33,4,33,4,84.85,72.73,100.0,16.91,20.06,8.76,23.09,2.75,7.05,0.0,0.0
DCA,2023-01-02,7,19,25,19,25,94.74,89.47,84.0,10.84,19.63,8.02,15.95,0.72,10.97,4.36,3.8
DCA,2023-01-02,8,33,9,35,9,88.57,68.57,77.78,12.63,18.77,7.04,17.2,1.56,4.62,2.89,3.56
DCA,2023-01-02,9,14,32,14,32,78.57,78.57,84.38,9.64,15.5,4.39,12.0,3.88,5.64,2.53,21.38
DCA,2023-01-02,10,33,12,33,12,87.88,75.76,83.33,12.42,17.85,5.73,16.42,1.83,2.05,0.83,9.42
DCA,2023-01-02,11,20,24,20,24,85.0,75.0,83.33,7.95,19.15,8.11,13.75,2.21,1.78,1.08,12.46
DCA,2023-01-02,12,20,23,20,23,75.0,75.0,73.91,15.85,16.2,4.89,18.9,1.35,4.08,5.83,20.96
DCA,2023-01-02,13,26,22,26,22,69.23,65.38,86.36,34.12,16.62,4.83,36.31,2.0,3.05,2.73,5.23
DCA,2023-01-02,14,18,25,18,25,77.78,55.56,80.0,30.78,18.56,6.89,36.83,2.72,2.66,6.16,11.52
DCA,2023-01-02,15,23,20,23,21,56.52,56.52,71.43,37.35,15.7,4.14,40.43,1.67,3.63,9.19,20.81
DCA,2023-01-02,16,18,28,18,28,72.22,61.11,82.14,32.0,17.28,6.46,37.17,3.5,4.84,5.54,10.57
DCA,2023-01-02,17,28,20,28,21,82.14,71.43,61.9,12.46,22.86,10.78,19.61,5.81,4.16,4.52,30.38
DCA,2023-01-02,18,25,22,25,23,64.0,52.0,73.91,24.4,18.16,6.79,30.08,3.52,3.05,1.83,16.35
DCA,2023-01-02,19,17,27,16,25,62.5,37.5,80.0,22.5,19.69,8.77,28.25,6.08,6.64,3.48,7.88
DCA,2023-01-02,20,22,17,22,17,86.36,72.73,52.94,4.86,22.68,10.68,12.23,3.24,2.38,2.29,42.82
DCA,2023-01-02,21,2,31,2,30,50.0,50.0,70.0,33.0,10.0,1.15,32.5,2.6,3.07,3.23,23.97
DCA,2023-01-02,22,21,21,21,20,90.48,85.71,65.0,4.43,16.33,4.3,6.62,1.35,6.22,1.4,23.2
DCA,2023-01-02,23,0,12,0,12,0.0,0.0,16.67,0.0,0.0,0.0,0.0,0.67,1.02,5.0,40.67
DCA,2023-01-03,0,0,1,0,1,0.0,0.0,0.0,0.0,0.0,0.0,0.0,10.0,4.5,31.0,70.0
DCA,2023-01-03,1,0,0,0,0,0.0,0.0,0.0,0.0,0.0,0.0,0.0,0.0,0.0,0.0,0.0
DCA,2023-01-03,5,3,0,3,0,100.0,66.67,0.0,4.67,20.0,8.2,10.67,0.0,0.0,0.0,0.0
DCA,2023-01-03,6,34,4,34,4,88.24,82.35,75.0,12.21,16.41,5.27,15.03,1.75,5.05,4.0,6.75
DCA,2023-01-03,7,18,27,17,26,94.12,82.35,84.62,2.94,19.76,8.26,8.59,3.96,13.05,6.85,6.58
DCA,2023-01-03,8,35,10,36,11,88.89,47.22,54.55,8.81,25.44,13.49,20.25,5.36,7.67,7.0,15.09
DCA,2023-01-03,9,14,31,14,31,64.29,35.71,61.29,23.93,25.5,13.61,36.07,6.03,14.71,12.23,17.65
DCA,2023-01-03,10,33,14,33,14,81.82,60.61,85.71,8.91,20.79,8.81,15.64,3.07,2.56,1.29,9.86
DCA,2023-01-03,11,20,24,20,25,80.0,80.0,96.0,7.5,15.0,3.99,9.15,2.76,2.25,1.44,4.28
DCA,2023-01-03,12,19,24,19,24,89.47,84.21,70.83,6.53,15.79,4.09,8.68,2.83,2.48,1.29,18.67
DCA,2023-01-03,13,28,23,29,23,79.31,75.86,73.91,10.41,15.9,4.44,13.31,4.39,2.39,2.78,10.65
DCA,2023-01-03,14,20,25,19,25,68.42,52.63,76.0,14.68,15.74,4.34,18.0,5.44,2.88,1.52,9.84
DCA,2023-01-03,15,23,20,23,20,65.22,65.22,90.0,32.52,19.74,8.51,39.7,2.6,4.2,2.55,2.5
DCA,2023-01-03,16,18,30,19,31,89.47,73.68,77.42,4.95,15.74,4.69,7.74,4.26,2.79,3.29,20.35
DCA,2023-01-03,17,31,19,31,19,77.42,67.74,57.89,17.42,19.61,7.7,23.84,3.74,4.11,3.79,31.11
DCA,2023-01-03,18,25,24,25,24,48.0,44.0,50.0,18.2,17.48,6.04,23.16,3.38,2.22,1.46,29.08
DCA,2023-01-03,19,16,28,16,28,56.25,56.25,78.57,28.94,13.31,2.34,30.19,5.21,3.95,3.21,17.75
DCA,2023-01-03,20,24,18,24,18,83.33,66.67,61.11,14.63,18.21,6.36,17.96,6.17,3.17,1.94,25.78
DCA,2023-01-03,21,2,32,2,31,50.0,50.0,64.52,64.5,15.0,4.5,68.0,7.74,3.19,4.45,21.45
DCA,2023-01-03,22,22,20,22,20,68.18,59.09,40.0,16.55,18.59,6.63,20.5,1.9,4.28,2.6,41.65
DCA,2023-01-03,23,0,12,1,10,100.0,100.0,50.0,0.0,16.0,3.7,4.0,2.2,1.1,1.7,29.1
DCA,2023-01-04,0,0,1,0,1,0.0,0.0,0.0,0.0,0.0,0.0,0.0,13.0,2.5,0.0,67.0
DCA,2023-01-04,1,0,0,0,0,0.0,0.0,0.0,0.0,0.0,0.0,0.0,0.0,0.0,0.0,0.0
DCA,2023-01-04,2,0,0,0,0,0.0,0.0,0.0,0.0,0.0,0.0,0.0,0.0,0.0,0.0,0.0
DCA,2023-01-04,5,3,0,3,0,100.0,66.67,0.0,5.0,14.33,2.53,7.33,0.0,0.0,0.0,0.0
DCA,2023-01-04,6,29,2,28,3,85.71,82.14,100.0,8.14,15.25,4.61,9.54,0.0,2.3,2.33,2.0
DCA,2023-01-04,7,20,25,19,25,94.74,94.74,92.0,3.16,16.74,5.41,4.95,2.32,2.87,1.68,13.68
DCA,2023-01-04,8,34,10,35,10,82.86,65.71,90.0,13.89,23.57,11.59,22.14,2.1,4.65,2.2,3.1
DCA,2023-01-04,9,13,31,13,31,84.62,84.62,87.1,30.08,16.46,4.69,32.46,7.74,4.77,6.81,6.1
DCA,2023-01-04,10,32,15,33,14,75.76,63.64,78.57,21.45,20.21,8.24,27.48,3.0,4.87,2.71,15.79
DCA,2023-01-04,11,20,21,19,22,89.47,84.21,77.27,14.79,19.11,7.89,20.26,3.41,2.53,1.55,17.23
DCA,2023-01-04,12,21,23,19,25,78.95,78.95,80.0,10.58,17.95,6.61,14.53,4.16,4.92,3.12,14.04
DCA,2023-01-04,13,24,22,25,22,72.0,64.0,95.45,21.4,18.48,6.74,26.16,3.18,3.68,0.64,1.95
DCA,2023-01-04,14,18,26,19,26,89.47,89.47,76.92,4.0,16.42,4.78,6.0,4.04,4.4,3.77,22.5
DCA,2023-01-04,15,23,19,21,19,80.95,71.43,68.42,7.9,17.29,5.53,10.95,4.16,2.16,3.89,23.47
DCA,2023-01-04,16,16,28,18,27,77.78,77.78,74.07,14.56,14.78,4.09,17.72,6.22,1.57,5.67,16.81
DCA,2023-01-04,17,28,17,26,15,73.08,69.23,73.33,14.31,15.31,3.77,15.88,3.2,2.24,2.67,16.87
DCA,2023-01-04,18,18,16,16,15,75.0,68.75,66.67,13.13,17.94,6.92,18.88,3.07,0.95,1.67,19.87
DCA,2023-01-04,19,14,17,14,16,100.0,85.71,75.0,2.79,13.14,2.41,3.64,2.44,3.91,0.94,18.94
DCA,2023-01-04,20,19,17,19,16,78.95,78.95,62.5,13.58,12.37,1.39,13.58,0.31,4.09,1.31,55.06
DCA,2023-01-04,21,1,18,1,18,100.0,100.0,61.11,0.0,14.0,1.7,0.0,1.0,3.01,1.39,27.44
DCA,2023-01-04,22,1,14,1,14,100.0,100.0,50.0,0.0,9.0,0.0,0.0,3.29,0.69,1.29,40.57
DCA,2023-01-04,23,0,11,0,10,0.0,0.0,60.0,0.0,0.0,0.0,0.0,55.0,1.12,57.6,88.8
DCA,2023-01-05,0,0,1,0,1,0.0,0.0,100.0,0.0,0.0,0.0,0.0,4.0,3.5,0.0,0.0
DCA,2023-01-05,1,0,0,0,0,0.0,0.0,0.0,0.0,0.0,0.0,0.0,0.0,0.0,0.0,0.0
DCA,2023-01-05,5,3,0,3,0,100.0,100.0,0.0,0.0,14.0,2.8,0.67,0.0,0.0,0.0,0.0
DCA,2023-01-05,6,29,2,27,2,100.0,96.3,100.0,0.3,15.93,4.69,2.07,1.5,1.15,1.0,0.0
DCA,2023-01-05,7,18,25,18,25,94.44,88.89,96.0,10.22,16.89,5.52,13.28,1.52,2.07,4.08,4.12
DCA,2023-01-05,8,34,9,35,10,88.57,65.71,70.0,10.4,25.8,13.89,20.14,6.1,3.61,5.1,40.8
DCA,2023-01-05,9,13,32,13,32,69.23,69.23,84.38,22.77,19.85,8.13,28.69,9.34,2.2,2.91,13.06
DCA,2023-01-05,10,33,15,33,16,90.91,75.76,68.75,10.48,24.76,12.68,19.09,2.19,4.51,5.63,12.88
DCA,2023-01-05,11,20,21,20,21,90.0,90.0,80.95,34.2,16.9,5.7,37.2,1.86,1.8,2.76,12.05
DCA,2023-01-05,12,21,23,21,23,80.95,76.19,82.61,18.71,17.43,5.76,21.57,2.96,3.11,1.61,12.65
DCA,2023-01-05,13,25,21,25,21,84.0,76.0,90.48,9.12,18.44,6.8,13.28,2.81,1.7,0.33,7.0
DCA,2023-01-05,14,17,27,17,27,94.12,88.24,77.78,3.06,16.88,5.35,5.71,1.85,5.01,3.11,32.59
DCA,2023-01-05,15,24,18,24,17,79.17,75.0,94.12,21.33,18.58,7.13,25.13,1.76,5.17,0.71,8.18
DCA,2023-01-05,16,15,29,16,30,93.75,87.5,83.33,6.69,16.44,5.37,9.88,5.4,5.0,4.9,18.43
DCA,2023-01-05,17,26,18,27,18,85.19,70.37,94.44,5.48,17.52,5.57,9.63,2.89,2.52,0.89,6.72
DCA,2023-01-05,18,19,15,19,15,78.95,78.95,73.33,16.0,13.79,2.68,16.95,2.73,1.9,1.67,24.2
DCA,2023-01-05,19,13,17,13,17,84.62,84.62,82.35,8.54,13.31,2.34,8.85,2.53,1.64,3.0,9.53
DCA,2023-01-05,20,18,18,18,18,94.44,94.44,94.44,2.06,15.0,3.39,3.56,2.0,2.17,0.0,3.33
DCA,2023-01-05,21,2,17,2,17,100.0,100.0,82.35,0.0,11.0,0.5,0.0,2.12,3.71,2.18,9.59
DCA,2023-01-05,22,1,13,1,13,100.0,100.0,84.62,0.0,13.0,0.3,0.0,2.46,1.12,0.54,9.69
DCA,2023-01-05,23,0,10,0,10,0.0,0.0,70.0,0.0,0.0,0.0,0.0,1.1,0.25,0.0,8.9
DCA,2023-01-06,0,0,1,0,1,0.0,0.0,0.0,0.0,0.0,0.0,0.0,348.0,20.5,370.0,498.0
DCA,2023-01-06,5,3,0,3,0,100.0,100.0,0.0,0.0,12.33,1.13,0.33,0.0,0.0,0.0,0.0
DCA,2023-01-06,6,29,2,30,2,90.0,86.67,100.0,13.27,16.43,5.39,16.3,0.0,1.3,0.0,0.0
DCA,2023-01-06,7,18,25,18,25,83.33,83.33,96.0,13.44,16.89,5.51,15.11,3.04,2.41,2.0,0.8
DCA,2023-01-06,8,34,9,34,11,94.12,73.53,72.73,5.65,27.85,16.01,16.35,4.73,4.39,6.18,8.09
DCA,2023-01-06,9,13,32,13,32,92.31,76.92,93.75,1.85,20.77,9.11,9.0,12.22,3.31,5.56,3.56
DCA,2023-01-06,10,33,15,33,15,93.94,84.85,86.67,2.18,20.36,8.41,6.58,2.07,2.59,0.07,7.8
DCA,2023-01-06,11,20,21,20,21,100.0,100.0,95.24,0.0,15.9,4.7,1.45,1.43,1.23,1.9,2.19
DCA,2023-01-06,12,21,23,21,24,85.71,76.19,95.83,6.48,16.67,5.44,8.48,4.08,1.41,0.21,0.79
DCA,2023-01-06,13,25,21,25,21,80.0,60.0,95.24,13.96,18.76,7.55,18.36,2.38,1.17,0.19,2.62
DCA,2023-01-06,14,16,27,16,27,93.75,81.25,85.19,3.81,20.38,8.69,9.5,4.19,4.87,3.56,7.48
DCA,2023-01-06,15,23,18,23,18,82.61,73.91,88.89,7.17,17.48,6.07,10.35,1.28,2.02,0.94,3.67
DCA,2023-01-06,16,16,29,16,29,87.5,87.5,86.21,4.13,14.38,3.48,5.56,1.55,4.28,2.86,7.03
DCA,2023-01-06,17,26,18,26,18,88.46,84.62,94.44,5.54,19.46,7.33,10.08,1.33,2.91,0.67,3.33
DCA,2023-01-06,18,20,15,20,15,95.0,95.0,86.67,1.1,13.0,2.34,1.8,1.47,1.65,0.8,11.53
DCA,2023-01-06,19,12,18,12,18,75.0,75.0,83.33,11.83,12.5,2.01,12.33,1.56,0.67,3.33,15.17
DCA,2023-01-06,20,19,17,19,17,84.21,89.47,76.47,4.68,14.84,3.28,5.58,0.94,1.28,1.82,9.29
DCA,2023-01-06,21,2,17,3,16,100.0,100.0,93.75,3.0,12.33,1.43,4.33,0.88,0.63,0.81,2.38
DCA,2023-01-06,22,1,13,1,13,100.0,100.0,69.23,0.0,11.0,0.0,0.0,0.85,0.53,0.15,9.92
DCA,2023-01-06,23,0,10,0,10,0.0,0.0,90.0,0.0,0.0,0.0,0.0,0.2,0.81,1.1,8.2
DCA,2023-01-07,0,0,1,0,1,0.0,0.0,100.0,0.0,0.0,0.0,0.0,0.0,0.0,0.0,0.0
DCA,2023-01-07,5,3,0,3,0,100.0,100.0,0.0,0.0,18.33,6.53,3.33,0.0,0.0,0.0,0.0
DCA,2023-01-07,6,27,2,26,2,96.15,96.15,100.0,0.88,13.35,2.57,1.62,0.0,6.8,0.0,0.0
DCA,2023-01-07,7,18,20,18,20,100.0,100.0,100.0,0.06,16.72,5.29,2.22,1.55,2.25,1.1,0.1
DCA,2023-01-07,8,32,12,32,12,90.63,65.63,91.67,8.13,25.28,13.29,16.97,2.25,8.78,1.67,2.25
DCA,2023-01-07,9,19,24,19,24,78.95,73.68,100.0,13.68,19.37,7.75,19.05,3.96,6.49,3.79,2.25
DCA,2023-01-07,10,27,13,27,13,96.3,85.19,92.31,1.78,23.63,11.66,8.56,2.38,1.55,0.15,1.92
DCA,2023-01-07,11,13,20,13,20,84.62,84.62,95.0,9.31,14.38,3.51,10.38,1.15,0.69,0.4,0.85
DCA,2023-01-07,12,19,20,19,20,100.0,89.47,90.0,2.16,14.63,3.15,3.16,1.2,0.97,0.7,14.25
DCA,2023-01-07,13,17,23,17,24,100.0,88.24,91.67,1.24,19.06,7.22,3.65,9.46,2.1,8.29,13.96
DCA,2023-01-07,14,22,19,22,19,81.82,63.64,89.47,9.73,20.09,8.69,15.82,1.79,2.22,0.68,6.37
DCA,2023-01-07,15,17,16,17,16,94.12,88.24,87.5,5.29,19.65,8.01,8.82,0.94,1.59,0.13,2.06
DCA,2023-01-07,16,13,22,13,23,100.0,100.0,91.3,1.15,15.23,4.18,2.92,1.7,1.01,0.35,5.26
DCA,2023-01-07,17,24,17,24,17,91.67,87.5,82.35,6.17,16.0,4.46,8.21,1.59,2.25,0.59,11.65
DCA,2023-01-07,18,12,18,12,18,75.0,75.0,72.22,20.75,12.58,1.63,21.17,2.11,0.97,0.67,21.33
DCA,2023-01-07,19,17,12,19,12,78.95,73.68,75.0,13.63,15.0,3.76,15.26,2.25,2.23,0.92,8.92
DCA,2023-01-07,20,9,15,9,15,77.78,66.67,86.67,9.78,16.33,4.49,12.89,2.6,1.61,0.07,10.73
DCA,2023-01-07,21,0,16,0,16,0.0,0.0,81.25,0.0,0.0,0.0,0.0,0.63,2.49,1.88,12.13
DCA,2023-01-07,22,1,12,1,12,0.0,0.0,75.0,130.0,13.0,0.3,130.0,2.17,1.57,1.92,9.58
DCA,2023-01-07,23,0,11,0,11,0.0,0.0,72.73,0.0,0.0,0.0,0.0,2.09,1.81,0.73,9.73
DCA,2023-01-08,0,0,1,0,1,0.0,0.0,100.0,0.0,0.0,0.0,0.0,0.0,0.0,0.0,0.0
DCA,2023-01-08,5,5,0,5,0,80.0,80.0,0.0,6.4,15.2,3.56,7.2,0.0,0.0,0.0,0.0
DCA,2023-01-08,6,23,2,23,2,100.0,100.0,100.0,0.26,14.65,3.56,1.74,0.0,3.8,1.0,0.0
DCA,2023-01-08,7,16,21,16,21,87.5,81.25,95.24,49.38,18.81,7.37,51.75,2.52,5.58,0.76,3.48
DCA,2023-01-08,8,35,11,35,11,97.14,62.86,81.82,1.26,26.74,14.89,11.6,5.0,1.45,0.0,10.18
DCA,2023-01-08,9,17,29,17,29,94.12,52.94,96.55,4.18,27.41,15.61,15.29,5.9,3.5,2.07,1.66
DCA,2023-01-08,10,35,16,35,17,88.57,48.57,76.47,6.83,30.57,18.59,21.11,2.0,1.99,2.0,8.41
DCA,2023-01-08,11,23,28,23,28,73.91,69.57,96.43,9.61,18.57,7.06,13.96,3.89,2.12,2.0,1.46
DCA,2023-01-08,12,24,27,25,28,84.0,60.0,85.71,8.08,26.28,14.68,18.96,2.18,5.01,1.71,4.96
DCA,2023-01-08,13,30,25,30,25,76.67,50.0,88.0,16.63,23.2,11.38,25.77,4.2,3.8,1.56,5.68
DCA,2023-01-08,14,21,29,21,29,80.95,66.67,96.55,7.0,18.1,6.24,11.48,6.0,2.74,2.55,3.48
DCA,2023-01-08,15,29,23,29,23,89.66,79.31,78.26,9.86,18.55,6.91,13.93,2.96,1.24,3.87,6.0
DCA,2023-01-08,16,22,31,22,31,81.82,72.73,77.42,9.68,17.09,5.8,14.73,5.03,2.81,2.94,22.13
DCA,2023-01-08,17,31,23,31,23,64.52,45.16,91.3,19.06,20.39,8.27,25.65,3.26,4.74,2.52,6.52
DCA,2023-01-08,18,28,25,29,25,58.62,55.17,72.0,25.41,16.59,4.99,28.41,5.32,2.76,4.08,8.92
DCA,2023-01-08,19,18,33,18,33,88.89,77.78,72.73,4.39,17.39,5.9,8.33,8.33,4.92,6.06,24.39
DCA,2023-01-08,20,29,21,29,21,75.86,48.28,76.19,19.69,25.41,13.36,29.9,4.67,2.35,1.52,11.1
DCA,2023-01-08,21,4,33,4,33,75.0,75.0,66.67,24.75,13.75,1.78,25.5,7.52,3.85,5.27,13.94
DCA,2023-01-08,22,23,21,23,21,73.91,69.57,71.43,10.39,16.87,5.14,14.52,6.71,6.47,4.95,17.71
DCA,2023-01-08,23,0,15,1,16,100.0,100.0,93.75,0.0,20.0,7.7,8.0,3.75,1.74,0.44,9.88
DCA,2023-01-09,0,0,1,0,1,0.0,0.0,100.0,0.0,0.0,0.0,0.0,0.0,0.5,0.0,4.0
DCA,2023-01-09,1,0,0,0,0,0.0,0.0,0.0,0.0,0.0,0.0,0.0,0.0,0.0,0.0,0.0
DCA,2023-01-09,5,3,0,3,0,100.0,100.0,0.0,0.0,13.67,1.87,0.0,0.0,0.0,0.0,0.0
DCA,2023-01-09,6,38,5,38,5,92.11,81.58,100.0,3.16,18.68,7.42,7.74,2.2,3.5,2.8,0.4
DCA,2023-01-09,7,20,31,20,31,100.0,85.0,93.55,0.15,21.9,10.53,6.3,4.81,3.76,3.68,2.13
DCA,2023-01-09,8,39,14,39,14,97.44,71.79,92.86,0.74,24.46,12.31,8.62,4.93,2.91,4.29,3.71
DCA,2023-01-09,9,18,32,17,33,94.12,76.47,78.79,4.47,21.71,9.84,11.06,9.24,3.4,5.88,5.91
DCA,2023-01-09,10,34,18,34,17,88.24,67.65,94.12,7.91,20.88,8.85,14.26,3.94,5.59,4.0,8.24
DCA,2023-01-09,11,26,28,25,29,96.0,96.0,93.1,4.64,17.2,6.17,7.48,3.28,2.01,0.79,1.76
DCA,2023-01-09,12,24,27,24,27,95.83,83.33,88.89,2.83,17.17,5.45,5.38,3.52,1.33,2.0,5.07
DCA,2023-01-09,13,30,25,29,25,89.66,68.97,92.0,4.21,23.86,12.16,12.14,3.44,3.25,2.68,4.08
DCA,2023-01-09,14,22,29,22,29,86.36,63.64,89.66,5.41,24.91,13.11,14.55,7.24,2.61,2.52,8.48
DCA,2023-01-09,15,27,27,27,27,92.59,66.67,85.19,10.33,25.81,14.03,20.44,2.0,5.09,3.96,6.0
DCA,2023-01-09,16,26,29,27,29,81.48,62.96,93.1,6.11,22.59,10.96,15.11,7.45,2.53,3.38,3.52
DCA,2023-01-09,17,29,25,29,24,100.0,79.31,91.67,1.62,23.76,11.68,9.17,3.83,3.4,1.13,8.29
DCA,2023-01-09,18,28,27,29,27,93.1,86.21,88.89,6.59,20.76,9.16,10.52,2.52,3.46,1.26,5.74
DCA,2023-01-09,19,19,30,19,31,94.74,78.95,87.1,3.68,18.79,7.6,6.79,6.26,3.89,3.61,5.58
DCA,2023-01-09,20,29,22,29,22,89.66,79.31,86.36,4.38,22.17,10.11,9.59,3.18,3.15,2.32,13.77
DCA,2023-01-09,21,4,33,6,33,100.0,100.0,69.7,0.0,13.33,2.23,0.67,5.7,2.77,4.82,16.88
DCA,2023-01-09,22,22,22,22,22,100.0,100.0,95.45,0.05,19.36,7.09,3.23,3.91,5.81,3.91,5.27
DCA,2023-01-09,23,0,14,0,14,0.0,0.0,78.57,0.0,0.0,0.0,0.0,1.5,1.04,0.29,8.71
DCA,2023-01-10,0,0,1,0,1,0.0,0.0,0.0,0.0,0.0,0.0,0.0,0.0,3.5,8.0,27.0
DCA,2023-01-10,5,3,0,3,0,66.67,66.67,0.0,11.33,16.33,4.53,14.67,0.0,0.0,0.0,0.0
DCA,2023-01-10,6,35,5,35,5,88.57,82.86,100.0,15.34,20.03,8.67,20.17,0.8,2.5,2.2,0.2
DCA,2023-01-10,7,22,27,22,27,95.45,95.45,88.89,35.73,18.32,6.6,37.77,2.48,8.01,6.19,3.96
DCA,2023-01-10,8,35,15,37,17,91.89,64.86,94.12,5.19,24.7,12.64,13.81,4.59,4.71,3.94,2.24
DCA,2023-01-10,9,17,27,17,28,100.0,88.24,89.29,1.0,22.06,10.22,6.82,10.25,5.49,6.64,4.71
DCA,2023-01-10,10,36,16,35,16,94.29,51.43,93.75,1.66,31.6,19.43,15.31,5.31,3.29,1.94,2.06
DCA,2023-01-10,11,24,29,24,29,91.67,91.67,100.0,5.17,16.0,5.09,7.08,5.1,4.37,1.21,0.03
DCA,2023-01-10,12,23,27,23,29,91.3,86.96,93.1,2.91,16.48,5.24,5.48,4.14,3.75,0.66,10.83
DCA,2023-01-10,13,28,27,28,27,96.43,85.71,88.89,2.21,21.68,9.81,7.11,3.85,3.74,1.85,3.41
DCA,2023-01-10,14,24,28,24,28,91.67,83.33,89.29,2.67,20.21,8.53,8.08,6.43,2.66,3.21,4.11
DCA,2023-01-10,15,30,24,30,24,90.0,66.67,87.5,5.3,21.43,9.64,11.1,3.5,4.95,2.33,4.88
DCA,2023-01-10,16,23,31,24,32,87.5,87.5,96.88,6.21,17.33,5.93,9.83,6.25,4.42,3.09,4.0
DCA,2023-01-10,17,30,23,30,24,93.33,93.33,91.67,2.87,18.93,6.83,6.2,2.96,4.14,2.79,5.5
DCA,2023-01-10,18,27,28,27,28,92.59,85.19,89.29,6.19,18.93,7.33,9.85,2.61,4.28,3.11,6.86
DCA,2023-01-10,19,23,27,23,27,91.3,78.26,92.59,4.74,16.87,5.46,7.96,6.7,3.91,2.44,10.19
DCA,2023-01-10,20,26,25,25,25,84.0,68.0,96.0,4.52,24.08,11.99,11.04,2.28,3.72,1.24,3.56
DCA,2023-01-10,21,5,32,7,32,71.43,71.43,81.25,8.14,17.29,5.54,11.0,3.09,3.93,3.66,6.25
DCA,2023-01-10,22,23,23,23,23,86.96,82.61,82.61,3.0,22.7,10.45,8.35,3.3,6.66,4.26,6.13
DCA,2023-01-10,23,0,14,0,14,0.0,0.0,100.0,0.0,0.0,0.0,0.0,1.57,1.24,1.57,1.14
DCA,2023-01-11,0,0,1,0,1,0.0,0.0,0.0,0.0,0.0,0.0,0.0,4.0,3.5,2.0,21.0
DCA,2023-01-11,5,3,0,3,0,0.0,0.0,0.0,276.33,19.67,7.87,284.0,0.0,0.0,0.0,0.0
DCA,2023-01-11,6,37,6,34,6,17.65,8.82,0.0,176.71,22.62,11.2,186.62,1.17,2.8,1.67,265.0
DCA,2023-01-11,7,21,30,16,21,12.5,12.5,14.29,166.44,18.44,6.83,172.63,3.33,6.5,6.0,211.24
DCA,2023-01-11,8,38,15,25,15,4.0,4.0,20.0,151.6,20.12,8.26,159.6,6.47,8.65,7.0,127.4
DCA,2023-01-11,9,17,33,13,29,0.0,0.0,6.9,144.46,22.08,10.08,154.46,12.97,3.58,16.07,177.86
DCA,2023-01-11,10,37,15,27,12,3.7,3.7,8.33,152.0,16.74,4.98,156.48,10.33,1.35,23.83,146.42
DCA,2023-01-11,11,24,30,21,20,23.81,19.05,5.0,107.33,19.81,8.72,115.29,7.25,4.24,11.25,113.35
DCA,2023-01-11,12,24,28,18,26,27.78,16.67,15.38,87.44,22.11,10.22,97.06,9.81,7.62,14.38,101.08
DCA,2023-01-11,13,28,27,25,20,32.0,20.0,15.0,71.04,20.92,9.17,80.08,7.05,5.22,12.35,77.15
DCA,2023-01-11,14,24,28,20,23,35.0,10.0,13.04,53.25,25.85,14.1,67.2,8.13,9.43,8.91,116.43
DCA,2023-01-11,15,30,24,25,19,20.0,12.0,42.11,82.12,23.56,11.79,93.28,5.53,6.77,3.47,70.05
DCA,2023-01-11,16,23,32,21,30,33.33,28.57,40.0,57.76,24.86,13.21,69.43,4.3,6.02,3.13,54.37
DCA,2023-01-11,17,31,23,27,18,37.04,25.93,33.33,57.11,23.56,11.36,67.63,2.72,7.41,4.0,56.61
DCA,2023-01-11,18,27,28,21,20,52.38,38.1,60.0,28.86,20.62,9.1,36.48,3.2,4.54,1.35,40.65
DCA,2023-01-11,19,23,27,20,25,65.0,50.0,32.0,38.2,23.65,12.06,48.0,3.64,7.74,4.28,47.32
DCA,2023-01-11,20,26,25,22,23,40.91,31.82,34.78,37.95,21.86,9.91,46.59,3.74,3.5,0.96,55.0
DCA,2023-01-11,21,5,32,5,27,80.0,80.0,55.56,10.6,14.4,3.2,11.6,5.04,3.47,1.07,33.74
DCA,2023-01-11,22,23,23,22,19,59.09,59.09,52.63,18.27,17.82,5.93,22.23,5.68,2.12,2.68,28.53
DCA,2023-01-11,23,0,14,0,14,0.0,0.0,57.14,0.0,0.0,0.0,0.0,2.0,1.44,0.43,24.57
DCA,2023-01-12,0,0,1,0,0,0.0,0.0,0.0,0.0,0.0,0.0,0.0,0.0,0.0,0.0,0.0
DCA,2023-01-12,1,0,0,0,0,0.0,0.0,0.0,0.0,0.0,0.0,0.0,0.0,0.0,0.0,0.0
DCA,2023-01-12,5,3,0,3,0,100.0,100.0,0.0,0.0,13.33,2.13,0.0,0.0,0.0,0.0,0.0
DCA,2023-01-12,6,37,6,37,6,94.59,83.78,100.0,2.62,18.59,7.32,7.7,1.67,3.3,0.33,1.5
DCA,2023-01-12,7,21,30,20,30,95.0,85.0,83.33,7.95,19.7,8.18,13.5,5.8,5.55,2.4,15.1
DCA,2023-01-12,8,38,15,40,16,92.5,70.0,81.25,5.13,24.43,12.39,13.7,3.75,5.21,5.56,7.5
DCA,2023-01-12,9,17,33,17,33,82.35,82.35,78.79,7.65,20.76,8.82,12.88,5.33,8.99,5.42,16.94
DCA,2023-01-12,10,37,15,37,15,89.19,67.57,93.33,6.24,22.7,10.63,13.32,5.13,2.1,1.33,2.53
DCA,2023-01-12,11,24,30,24,30,87.5,75.0,93.33,12.67,16.42,5.24,16.08,4.17,5.19,2.33,6.0
DCA,2023-01-12,12,24,28,25,29,96.0,88.0,89.66,1.24,17.64,6.07,5.32,6.17,1.99,1.69,11.21
DCA,2023-01-12,13,28,27,29,27,89.66,75.86,77.78,7.72,23.59,11.92,17.72,6.41,3.64,3.85,17.63
DCA,2023-01-12,14,24,28,25,28,72.0,64.0,89.29,14.56,22.4,10.53,22.0,8.43,2.48,4.14,4.04
DCA,2023-01-12,15,30,24,30,24,70.0,53.33,62.5,19.53,25.03,13.2,29.57,16.38,3.63,18.5,18.21
DCA,2023-01-12,16,23,32,24,32,66.67,58.33,56.25,15.88,23.17,11.65,25.75,13.53,3.76,12.19,17.28
DCA,2023-01-12,17,31,23,30,23,70.0,33.33,69.57,16.5,32.63,20.38,35.2,6.48,6.39,9.3,33.61
DCA,2023-01-12,18,27,28,27,28,59.26,40.74,64.29,38.04,20.59,9.27,45.7,7.46,4.62,5.46,17.79
DCA,2023-01-12,19,23,27,23,28,52.17,52.17,64.29,23.91,18.17,6.66,29.17,8.71,3.69,9.61,24.29
DCA,2023-01-12,20,26,25,27,25,85.19,74.07,56.0,9.33,20.11,8.01,14.93,6.96,3.41,9.52,23.2
DCA,2023-01-12,21,5,32,5,32,40.0,40.0,56.25,30.8,16.2,4.62,34.8,11.19,4.26,11.94,28.75
DCA,2023-01-12,22,23,23,23,22,65.22,65.22,63.64,12.91,19.57,7.63,18.7,6.14,5.61,6.27,44.45
DCA,2023-01-12,23,0,14,0,12,0.0,0.0,50.0,0.0,0.0,0.0,0.0,1.83,2.67,3.25,24.42
DCA,2023-01-13,0,0,1,0,1,0.0,0.0,100.0,0.0,0.0,0.0,0.0,4.0,2.5,9.0,9.0
DCA,2023-01-13,1,0,0,0,0,0.0,0.0,0.0,0.0,0.0,0.0,0.0,0.0,0.0,0.0,0.0
DCA,2023-01-13,5,3,0,3,0,100.0,100.0,0.0,2.67,16.67,4.87,6.0,0.0,0.0,0.0,0.0
DCA,2023-01-13,6,37,6,36,6,94.44,55.56,83.33,7.69,25.44,13.96,18.17,2.33,2.63,7.83,5.5
DCA,2023-01-13,7,21,30,21,30,80.95,80.95,83.33,30.33,18.81,7.1,35.24,7.73,5.03,6.43,13.4
DCA,2023-01-13,8,38,15,38,15,84.21,57.89,80.0,21.0,26.58,14.55,31.87,6.2,2.68,9.0,11.93
DCA,2023-01-13,9,17,33,18,35,83.33,77.78,80.0,14.06,19.72,7.69,18.78,10.17,2.51,5.94,9.0
DCA,2023-01-13,10,37,15,37,15,86.49,56.76,80.0,6.27,22.05,9.97,13.62,4.33,1.57,10.13,15.53
DCA,2023-01-13,11,24,30,24,30,83.33,79.17,76.67,11.21,18.46,7.31,15.58,2.23,1.61,3.53,28.3
DCA,2023-01-13,12,24,28,24,28,83.33,70.83,85.71,32.38,17.67,6.11,36.13,2.96,5.59,3.57,7.57
DCA,2023-01-13,13,28,27,29,27,82.76,75.86,74.07,24.69,21.48,9.75,30.86,3.41,1.65,4.89,8.81
DCA,2023-01-13,14,24,28,24,28,83.33,58.33,67.86,8.29,26.17,14.3,18.96,5.46,3.19,8.29,21.18
DCA,2023-01-13,15,30,24,30,24,56.67,30.0,62.5,24.07,29.03,17.2,38.93,5.42,5.41,10.42,24.04
DCA,2023-01-13,16,23,32,23,32,73.91,47.83,71.88,20.52,22.7,11.13,29.39,9.34,3.54,11.19,13.81
DCA,2023-01-13,17,31,23,31,23,74.19,51.61,65.22,13.29,28.06,15.86,27.29,4.17,4.49,7.04,18.3
DCA,2023-01-13,18,27,28,27,28,59.26,44.44,64.29,27.22,25.89,14.28,39.7,4.25,6.21,10.64,14.75
DCA,2023-01-13,19,23,27,23,28,69.57,65.22,57.14,11.43,23.52,11.97,20.09,3.75,3.94,10.89,29.5
DCA,2023-01-13,20,26,25,26,25,53.85,42.31,76.0,24.92,23.62,11.53,34.42,7.08,3.21,9.64,17.64
DCA,2023-01-13,21,5,32,6,32,83.33,66.67,71.88,9.33,19.0,7.08,12.83,5.59,4.29,7.94,14.84
DCA,2023-01-13,22,23,23,23,23,65.22,47.83,52.17,13.17,18.74,6.84,18.43,2.78,4.4,7.52,26.13
DCA,2023-01-13,23,0,14,0,14,0.0,0.0,64.29,0.0,0.0,0.0,0.0,0.64,0.71,2.57,15.14
DCA,2023-01-14,0,0,0,0,1,0.0,0.0,100.0,0.0,0.0,0.0,0.0,0.0,0.0,8.0,6.0
DCA,2023-01-14,1,0,0,0,0,0.0,0.0,0.0,0.0,0.0,0.0,0.0,0.0,0.0,0.0,0.0
DCA,2023-01-14,5,3,0,3,0,100.0,100.0,0.0,0.0,13.67,2.13,1.0,0.0,0.0,0.0,0.0
DCA,2023-01-14,6,28,1,27,1,100.0,100.0,100.0,1.22,13.78,2.94,2.63,0.0,2.3,0.0,0.0
DCA,2023-01-14,7,17,22,17,22,94.12,94.12,90.91,3.59,16.59,5.28,6.65,0.82,1.11,4.18,2.41
DCA,2023-01-14,8,37,11,38,11,94.74,76.32,90.91,6.76,23.58,11.59,14.18,1.18,1.47,2.55,4.18
DCA,2023-01-14,9,14,32,14,32,85.71,78.57,93.75,12.86,21.21,9.29,19.29,4.66,1.57,6.34,4.03
DCA,2023-01-14,10,34,12,34,12,88.24,64.71,83.33,5.32,23.53,11.68,13.21,4.33,0.8,11.5,13.67
DCA,2023-01-14,11,18,21,18,21,94.44,88.89,85.71,6.28,15.67,4.48,8.33,3.86,1.4,3.43,4.76
DCA,2023-01-14,12,21,23,21,23,90.48,76.19,91.3,4.43,17.0,5.37,7.76,3.0,2.0,1.39,4.17
DCA,2023-01-14,13,18,23,18,23,94.44,83.33,95.65,1.5,18.78,7.13,4.67,3.78,1.64,2.48,2.22
DCA,2023-01-14,14,22,21,22,21,86.36,86.36,85.71,3.55,17.27,5.69,6.55,5.43,0.83,4.29,6.76
DCA,2023-01-14,15,21,19,21,20,90.48,66.67,80.0,9.57,22.38,10.59,17.57,5.35,2.46,3.5,10.25
DCA,2023-01-14,16,14,23,14,23,64.29,64.29,73.91,12.21,15.79,4.6,14.79,11.0,1.56,8.52,11.09
DCA,2023-01-14,17,24,19,24,19,91.67,66.67,84.21,4.5,20.88,9.2,11.0,3.47,5.89,3.68,11.53
DCA,2023-01-14,18,17,20,17,20,70.59,70.59,80.0,18.94,14.65,2.97,20.53,2.15,0.59,1.3,12.45
DCA,2023-01-14,19,20,14,20,15,85.0,85.0,93.33,4.6,17.0,5.83,7.65,5.2,2.41,3.67,4.13
DCA,2023-01-14,20,14,14,14,14,92.86,85.71,85.71,2.14,21.93,10.12,7.07,3.0,2.28,4.0,9.57
DCA,2023-01-14,21,0,19,0,19,0.0,0.0,73.68,0.0,0.0,0.0,0.0,2.89,2.54,3.53,11.58
DCA,2023-01-14,22,2,16,2,16,50.0,50.0,81.25,15.0,11.5,0.0,14.0,3.44,1.02,3.56,9.63
DCA,2023-01-14,23,0,11,0,11,0.0,0.0,81.82,0.0,0.0,0.0,0.0,0.64,0.22,0.73,10.0
DCA,2023-01-15,0,0,1,0,0,0.0,0.0,0.0,0.0,0.0,0.0,0.0,0.0,0.0,0.0,0.0
DCA,2023-01-15,5,1,0,1,0,100.0,100.0,0.0,0.0,16.0,4.2,0.0,0.0,0.0,0.0,0.0
DCA,2023-01-15,6,25,0,25,0,100.0,100.0,0.0,0.0,14.64,3.52,1.24,0.0,0.0,0.0,0.0
DCA,2023-01-15,7,15,21,15,21,100.0,100.0,95.24,0.13,16.6,5.23,1.73,3.0,0.97,0.33,1.81
DCA,2023-01-15,8,33,12,33,12,90.91,78.79,91.67,5.73,19.42,7.69,9.94,2.25,2.79,4.08,2.58
DCA,2023-01-15,9,18,28,18,28,94.44,83.33,89.29,2.22,20.94,9.06,8.0,6.07,1.92,5.68,6.5
DCA,2023-01-15,10,34,16,33,16,93.94,66.67,81.25,1.91,23.27,11.35,10.0,4.31,5.69,5.63,5.19
DCA,2023-01-15,11,24,26,24,26,91.67,83.33,92.31,4.0,18.46,6.97,8.25,3.77,2.58,2.5,4.04
DCA,2023-01-15,12,24,27,24,27,91.67,70.83,81.48,4.42,21.58,9.84,10.96,3.11,3.82,2.37,9.33
DCA,2023-01-15,13,27,28,28,28,89.29,71.43,100.0,5.71,23.61,11.74,13.46,5.14,2.91,1.57,0.54
DCA,2023-01-15,14,23,27,23,27,91.3,65.22,92.59,6.91,22.91,11.03,15.17,4.81,2.14,2.07,3.0
DCA,2023-01-15,15,30,23,30,23,86.67,66.67,82.61,7.4,25.8,14.14,18.23,3.7,5.06,2.78,14.57
DCA,2023-01-15,16,23,31,23,32,82.61,60.87,90.63,14.17,21.35,9.79,21.78,10.44,1.62,5.41,5.38
DCA,2023-01-15,17,31,23,32,23,84.38,68.75,86.96,6.63,24.53,12.35,15.25,3.04,3.06,0.78,9.09
DCA,2023-01-15,18,27,26,27,26,85.19,77.78,88.46,10.04,22.85,11.35,18.7,3.62,3.04,2.31,7.12
DCA,2023-01-15,19,21,30,21,30,90.48,66.67,76.67,5.19,26.62,14.8,16.19,5.83,3.09,7.93,10.67
DCA,2023-01-15,20,26,24,26,24,80.77,57.69,75.0,6.92,27.92,15.82,17.58,2.96,7.56,4.92,14.88
DCA,2023-01-15,21,5,33,6,33,83.33,83.33,78.79,8.0,17.5,5.85,11.67,3.94,4.73,6.58,13.55
DCA,2023-01-15,22,23,21,22,21,86.36,72.73,71.43,9.77,22.0,9.86,15.82,2.71,4.78,3.48,13.76
DCA,2023-01-15,23,0,15,0,15,0.0,0.0,66.67,0.0,0.0,0.0,0.0,2.73,1.51,5.53,28.13
DCA,2023-01-16,0,0,1,0,1,0.0,0.0,100.0,0.0,0.0,0.0,0.0,7.0,0.0,14.0,10.0
DCA,2023-01-16,1,0,0,0,0,0.0,0.0,0.0,0.0,0.0,0.0,0.0,0.0,0.0,0.0,0.0
DCA,2023-01-16,3,0,0,0,0,0.0,0.0,0.0,0.0,0.0,0.0,0.0,0.0,0.0,0.0,0.0
DCA,2023-01-16,5,3,0,3,0,100.0,100.0,0.0,0.0,14.0,2.47,0.0,0.0,0.0,0.0,0.0
DCA,2023-01-16,6,37,6,35,6,94.29,82.86,100.0,1.89,20.6,9.18,7.54,1.83,3.25,0.17,0.0
DCA,2023-01-16,7,21,30,21,30,100.0,95.24,76.67,0.0,21.14,9.58,4.1,3.03,5.84,4.7,28.3
DCA,2023-01-16,8,38,15,38,16,86.84,65.79,81.25,7.13,28.82,16.67,18.37,2.69,6.68,6.19,12.31
DCA,2023-01-16,9,17,33,18,33,83.33,61.11,63.64,7.89,25.39,13.4,17.44,8.55,9.31,10.45,23.36
DCA,2023-01-16,10,37,15,37,14,86.49,56.76,85.71,14.51,26.78,14.64,26.14,4.29,7.8,4.64,6.86
DCA,2023-01-16,11,24,30,24,30,83.33,79.17,86.67,5.5,17.96,6.88,8.83,4.23,3.8,4.77,5.6
DCA,2023-01-16,12,24,28,24,28,83.33,75.0,85.71,8.17,19.13,7.42,13.33,2.68,2.2,1.86,5.96
DCA,2023-01-16,13,28,27,28,27,92.86,78.57,70.37,4.71,19.36,7.61,8.89,7.26,1.34,5.44,21.33
DCA,2023-01-16,14,24,28,24,28,79.17,62.5,82.14,11.5,22.79,10.97,20.46,1.82,1.22,2.32,6.25
DCA,2023-01-16,15,30,24,29,26,89.66,55.17,76.92,8.28,28.59,16.79,21.76,6.92,4.41,5.73,9.38
DCA,2023-01-16,16,23,32,24,31,70.83,54.17,87.1,10.63,19.71,8.26,16.88,8.39,2.65,4.16,7.42
DCA,2023-01-16,17,31,23,32,23,71.88,59.38,69.57,18.59,20.31,8.17,24.5,11.48,2.5,13.26,44.35
DCA,2023-01-16,18,27,28,26,28,69.23,61.54,67.86,37.04,17.35,5.81,41.58,4.18,3.86,2.39,14.82
DCA,2023-01-16,19,23,27,23,28,73.91,65.22,64.29,13.78,19.83,8.33,19.04,6.07,3.51,3.18,17.39
DCA,2023-01-16,20,26,25,26,24,76.92,57.69,66.67,14.23,21.73,9.76,19.96,2.42,9.18,7.21,16.88
DCA,2023-01-16,21,5,32,6,32,100.0,100.0,84.38,1.17,13.83,2.13,2.33,4.44,5.45,4.0,8.66
DCA,2023-01-16,22,23,23,22,23,90.91,86.36,65.22,8.5,16.14,4.15,10.32,3.74,6.08,3.35,21.13
DCA,2023-01-16,23,0,14,0,14,0.0,0.0,78.57,0.0,0.0,0.0,0.0,1.14,0.45,3.43,13.64
DCA,2023-01-17,0,0,1,0,1,0.0,0.0,100.0,0.0,0.0,0.0,0.0,0.0,0.5,0.0,0.0
DCA,2023-01-17,2,0,0,0,0,0.0,0.0,0.0,0.0,0.0,0.0,0.0,0.0,0.0,0.0,0.0
DCA,2023-01-17,5,3,0,3,0,100.0,100.0,0.0,0.0,14.0,2.2,0.0,0.0,0.0,0.0,0.0
DCA,2023-01-17,6,37,6,37,6,94.59,86.49,83.33,7.32,20.49,9.31,12.54,0.5,3.97,0.0,13.0
DCA,2023-01-17,7,21,30,21,29,95.24,85.71,96.55,3.05,18.86,7.48,6.1,3.0,7.1,1.59,3.21
DCA,2023-01-17,8,38,15,39,15,92.31,61.54,93.33,3.03,26.97,14.92,13.18,4.33,5.99,3.47,2.27
DCA,2023-01-17,9,17,33,16,33,93.75,75.0,84.85,1.56,24.63,12.87,9.75,8.76,12.97,9.79,6.0
DCA,2023-01-17,10,37,15,37,15,91.89,64.86,100.0,3.32,21.35,9.4,9.65,2.73,1.22,1.07,1.2
DCA,2023-01-17,11,24,30,24,30,100.0,100.0,96.67,0.0,14.58,3.48,0.75,2.73,6.27,0.9,1.2
DCA,2023-01-17,12,24,28,25,28,100.0,100.0,100.0,0.64,15.4,4.0,2.36,2.75,3.91,1.29,0.43
DCA,2023-01-17,13,28,27,28,26,96.43,96.43,92.31,0.93,19.54,7.73,3.57,4.12,3.28,1.08,9.08
DCA,2023-01-17,14,24,28,23,28,86.96,78.26,89.29,4.91,21.35,9.6,11.13,7.07,2.94,1.64,15.61
DCA,2023-01-17,15,30,24,30,24,90.0,70.0,91.67,8.1,25.57,13.73,16.3,3.75,4.51,3.04,2.21
DCA,2023-01-17,16,23,32,24,33,95.83,87.5,87.88,0.71,20.88,9.28,5.71,7.06,1.99,3.15,7.58
DCA,2023-01-17,17,31,23,31,23,80.65,74.19,91.3,9.16,20.16,8.15,13.39,3.7,3.32,0.61,2.91
DCA,2023-01-17,18,27,28,27,28,85.19,77.78,89.29,9.52,26.44,14.85,18.7,5.18,2.85,0.96,9.89
DCA,2023-01-17,19,23,27,23,28,91.3,73.91,89.29,3.91,23.13,11.58,11.0,8.79,2.61,5.39,5.89
DCA,2023-01-17,20,26,25,26,25,96.15,50.0,80.0,1.12,33.85,21.75,15.5,22.84,3.01,13.92,19.08
DCA,2023-01-17,21,5,32,6,31,100.0,100.0,74.19,0.33,18.5,6.63,1.5,11.45,3.58,7.61,14.61
DCA,2023-01-17,22,23,23,23,25,73.91,73.91,76.0,42.13,18.48,6.33,45.83,3.04,2.45,2.88,10.08
DCA,2023-01-17,23,0,14,0,14,0.0,0.0,100.0,0.0,0.0,0.0,0.0,2.14,3.36,0.71,0.36
DCA,2023-01-18,0,0,1,0,1,0.0,0.0,100.0,0.0,0.0,0.0,0.0,3.0,0.5,0.0,5.0
DCA,2023-01-18,5,3,0,3,0,100.0,100.0,0.0,0.0,14.0,2.2,0.0,0.0,0.0,0.0,0.0
DCA,2023-01-18,6,37,6,37,6,97.3,81.08,66.67,0.92,21.27,9.78,7.0,3.5,10.47,5.83,13.67
DCA,2023-01-18,7,21,30,20,30,90.0,85.0,90.0,4.4,20.45,9.02,9.55,4.03,10.19,2.53,6.87
DCA,2023-01-18,8,38,15,39,16,92.31,71.79,81.25,4.82,22.97,10.82,11.31,4.75,4.14,1.94,5.13
DCA,2023-01-18,9,17,33,16,33,93.75,93.75,84.85,1.31,21.38,9.2,5.63,5.91,5.2,3.0,10.09
DCA,2023-01-18,10,37,15,37,15,94.59,62.16,100.0,6.43,26.0,13.81,14.97,3.33,1.39,1.0,0.6
DCA,2023-01-18,11,24,30,24,31,91.67,87.5,96.77,2.46,19.5,8.37,6.42,4.48,3.35,0.94,0.48
DCA,2023-01-18,12,24,28,24,26,95.83,79.17,96.15,1.13,22.63,10.8,6.67,5.35,1.89,1.15,8.62
DCA,2023-01-18,13,28,27,28,27,92.86,92.86,92.59,7.86,19.36,7.63,11.96,3.44,1.26,0.74,5.67
DCA,2023-01-18,14,24,28,24,27,91.67,91.67,92.59,1.88,19.13,7.5,5.75,5.56,1.44,1.41,1.81
DCA,2023-01-18,15,30,24,30,24,90.0,73.33,95.83,17.83,24.53,12.76,25.23,2.96,4.93,2.25,1.88
DCA,2023-01-18,16,23,32,23,34,86.96,82.61,88.24,3.61,18.26,6.64,6.61,5.03,2.41,3.62,3.82
DCA,2023-01-18,17,31,23,31,23,93.55,90.32,78.26,1.84,20.32,8.23,4.68,2.83,2.3,3.09,11.91
DCA,2023-01-18,18,27,28,27,28,85.19,81.48,89.29,9.56,17.37,5.97,12.78,6.61,1.85,1.89,6.68
DCA,2023-01-18,19,23,27,23,28,95.65,86.96,92.86,2.52,21.22,9.67,6.57,11.5,1.83,3.71,2.21
DCA,2023-01-18,20,26,25,26,25,100.0,92.31,92.0,0.04,21.92,9.82,3.69,2.96,2.59,1.0,2.6
DCA,2023-01-18,21,5,32,6,33,83.33,83.33,84.85,6.67,16.33,4.42,7.17,4.15,4.36,6.06,28.7
DCA,2023-01-18,22,23,23,23,23,91.3,86.96,91.3,13.61,18.65,6.52,15.48,2.48,4.38,1.09,5.17
DCA,2023-01-18,23,0,14,0,14,0.0,0.0,100.0,0.0,0.0,0.0,0.0,0.93,0.61,0.0,0.0
DCA,2023-01-19,0,0,1,0,1,0.0,0.0,100.0,0.0,0.0,0.0,0.0,2.0,0.0,0.0,0.0
DCA,2023-01-19,1,0,0,0,0,0.0,0.0,0.0,0.0,0.0,0.0,0.0,0.0,0.0,0.0,0.0
DCA,2023-01-19,2,0,0,0,0,0.0,0.0,0.0,0.0,0.0,0.0,0.0,0.0,0.0,0.0,0.0
DCA,2023-01-19,5,3,0,3,0,66.67,66.67,0.0,38.33,17.0,5.2,41.67,0.0,0.0,0.0,0.0
DCA,2023-01-19,6,37,6,37,6,97.3,89.19,83.33,0.84,19.38,8.0,4.73,1.33,6.63,0.83,4.17
DCA,2023-01-19,7,21,30,21,30,90.48,85.71,93.33,18.86,21.48,9.79,24.38,3.0,8.34,3.9,3.7
DCA,2023-01-19,8,38,15,39,15,87.18,58.97,93.33,15.08,30.41,18.26,28.15,5.33,3.87,4.67,6.0
DCA,2023-01-19,9,17,33,16,32,100.0,6.25,87.5,0.94,48.38,36.41,32.25,9.97,7.17,6.06,9.69
DCA,2023-01-19,10,37,15,37,15,97.3,18.92,93.33,1.86,42.14,29.94,26.08,6.47,2.5,3.47,3.07
DCA,2023-01-19,11,24,30,24,30,100.0,87.5,90.0,0.21,18.96,7.52,4.08,3.27,5.32,0.93,6.37
DCA,2023-01-19,12,24,28,24,28,70.83,70.83,78.57,21.29,19.5,7.84,25.71,3.14,1.66,2.21,16.39
DCA,2023-01-19,13,28,27,28,27,71.43,67.86,85.19,22.68,22.61,10.95,30.36,4.07,5.37,5.19,7.07
DCA,2023-01-19,14,24,28,24,28,83.33,54.17,92.86,13.71,29.63,17.76,27.25,6.43,3.76,2.36,3.75
DCA,2023-01-19,15,30,24,30,24,86.67,26.67,83.33,7.83,33.37,21.68,25.8,4.79,8.39,8.29,6.0
DCA,2023-01-19,16,23,32,23,34,78.26,47.83,82.35,13.26,31.13,19.6,30.22,7.29,4.15,4.53,7.35
DCA,2023-01-19,17,31,23,30,23,90.0,73.33,82.61,9.67,21.77,9.64,17.2,3.09,4.1,4.65,15.39
DCA,2023-01-19,18,27,28,28,28,78.57,71.43,82.14,12.93,21.21,9.72,19.96,4.07,3.93,1.36,11.32
DCA,2023-01-19,19,23,27,24,28,79.17,70.83,67.86,19.13,19.21,7.73,24.92,4.04,3.54,5.86,16.86
DCA,2023-01-19,20,26,25,26,26,61.54,50.0,88.46,19.08,26.81,14.82,29.62,7.31,2.82,4.35,5.46
DCA,2023-01-19,21,5,32,7,30,85.71,85.71,80.0,5.14,12.86,1.87,5.86,6.97,3.39,6.37,10.57
DCA,2023-01-19,22,23,23,21,23,80.95,76.19,69.57,10.76,20.71,8.52,15.9,13.39,9.97,19.7,33.0
DCA,2023-01-19,23,0,14,1,14,100.0,100.0,64.29,0.0,12.0,0.0,0.0,2.93,0.68,5.57,13.64
DCA,2023-01-20,0,0,1,0,1,0.0,0.0,100.0,0.0,0.0,0.0,0.0,0.0,1.5,0.0,0.0
DCA,2023-01-20,1,0,0,0,1,0.0,0.0,0.0,0.0,0.0,0.0,0.0,18.0,1.3,34.0,84.0
DCA,2023-01-20,2,0,0,0,0,0.0,0.0,0.0,0.0,0.0,0.0,0.0,0.0,0.0,0.0,0.0
DCA,2023-01-20,5,3,0,3,0,100.0,100.0,0.0,1.0,15.0,3.2,2.33,0.0,0.0,0.0,0.0
DCA,2023-01-20,6,37,6,36,6,100.0,80.56,83.33,0.58,20.53,9.21,6.0,2.33,4.3,5.17,5.17
DCA,2023-01-20,7,21,30,21,29,85.71,85.71,82.76,7.81,19.24,7.55,11.86,4.1,2.4,5.34,7.1
DCA,2023-01-20,8,38,15,38,16,92.11,68.42,81.25,3.63,25.18,13.05,13.05,5.81,4.73,5.81,6.81
DCA,2023-01-20,9,17,33,17,33,88.24,52.94,87.88,4.71,25.35,13.36,15.59,14.73,4.42,6.88,4.45
DCA,2023-01-20,10,37,15,38,15,97.37,65.79,86.67,1.26,26.79,14.64,12.47,4.67,2.73,5.6,5.47
DCA,2023-01-20,11,24,30,24,29,83.33,83.33,93.1,3.79,16.08,4.72,5.92,2.48,4.77,2.17,2.59
DCA,2023-01-20,12,24,28,24,29,91.67,87.5,72.41,9.67,19.25,7.47,14.63,3.86,2.07,4.0,8.62
DCA,2023-01-20,13,28,27,29,27,82.76,62.07,81.48,9.0,25.21,13.33,18.86,3.41,1.45,3.85,15.7
DCA,2023-01-20,14,24,28,24,29,79.17,58.33,75.86,11.46,23.75,12.01,20.83,7.76,2.07,4.83,10.07
DCA,2023-01-20,15,30,24,30,25,73.33,53.33,92.0,14.33,22.23,10.51,22.67,5.08,2.64,3.2,3.76
DCA,2023-01-20,16,23,32,24,31,79.17,70.83,87.1,7.38,22.17,10.6,14.71,6.26,2.07,1.55,5.48
DCA,2023-01-20,17,31,23,32,23,84.38,68.75,78.26,5.19,24.88,12.62,13.38,2.43,1.15,0.52,27.52
DCA,2023-01-20,18,27,28,27,28,81.48,74.07,85.71,19.81,17.89,6.32,23.19,4.71,1.94,1.93,4.75
DCA,2023-01-20,19,23,27,23,28,86.96,65.22,71.43,8.52,18.48,7.26,14.04,3.75,2.07,4.04,25.25
DCA,2023-01-20,20,26,25,26,25,80.77,76.92,84.0,12.5,21.92,9.91,18.19,3.6,2.86,1.2,9.12
DCA,2023-01-20,21,5,32,6,32,100.0,100.0,87.5,0.33,15.5,3.85,0.33,6.84,2.92,4.69,6.66
DCA,2023-01-20,22,23,23,23,23,100.0,86.96,78.26,0.48,23.57,11.29,6.04,6.91,2.97,2.83,16.26
DCA,2023-01-20,23,0,14,0,14,0.0,0.0,78.57,0.0,0.0,0.0,0.0,1.36,0.62,1.21,18.43
DCA,2023-01-21,0,0,1,0,1,0.0,0.0,100.0,0.0,0.0,0.0,0.0,5.0,10.5,0.0,0.0
DCA,2023-01-21,1,0,0,0,0,0.0,0.0,0.0,0.0,0.0,0.0,0.0,0.0,0.0,0.0,0.0
DCA,2023-01-21,5,3,0,3,0,100.0,100.0,0.0,0.0,15.0,3.47,1.33,0.0,0.0,0.0,0.0
DCA,2023-01-21,6,28,1,28,1,96.43,89.29,100.0,1.71,15.57,4.5,3.43,0.0,1.3,0.0,0.0
DCA,2023-01-21,7,17,22,17,22,94.12,94.12,100.0,4.82,17.88,6.61,7.76,1.41,1.3,0.73,0.09
DCA,2023-01-21,8,37,11,37,11,91.89,67.57,100.0,11.57,25.19,13.15,20.51,0.82,3.63,1.45,1.36
DCA,2023-01-21,9,14,32,14,32,85.71,85.71,96.88,21.64,19.5,8.01,26.93,6.09,7.96,4.5,2.0
DCA,2023-01-21,10,34,12,34,12,97.06,67.65,91.67,0.94,25.82,13.79,9.71,4.67,0.33,6.0,4.67
DCA,2023-01-21,11,18,21,18,21,100.0,88.89,95.24,0.89,17.0,5.45,3.67,4.0,2.39,0.33,6.86
DCA,2023-01-21,12,21,23,21,23,85.71,85.71,82.61,8.33,15.05,3.34,9.95,2.43,1.24,2.3,8.83
DCA,2023-01-21,13,18,23,18,23,88.89,83.33,95.65,4.33,18.61,6.72,6.89,2.7,2.59,0.7,0.96
DCA,2023-01-21,14,22,21,22,21,90.91,81.82,90.48,6.14,19.36,7.91,10.05,3.14,4.8,1.86,3.19
DCA,2023-01-21,15,21,19,21,20,90.48,80.95,100.0,3.0,23.38,11.46,8.1,2.4,1.26,0.65,0.35
DCA,2023-01-21,16,14,23,14,23,92.86,92.86,95.65,1.36,15.43,4.02,1.86,2.7,1.02,2.04,2.3
DCA,2023-01-21,17,24,19,24,19,95.83,95.83,78.95,1.38,15.25,3.94,2.63,2.42,2.19,2.53,10.37
DCA,2023-01-21,18,17,20,17,20,70.59,70.59,90.0,12.41,14.76,3.46,14.59,1.9,1.26,0.0,9.5
DCA,2023-01-21,19,20,14,20,15,100.0,100.0,93.33,0.45,15.15,3.85,1.3,1.47,3.65,2.6,4.13
DCA,2023-01-21,20,14,14,14,14,85.71,85.71,92.86,7.29,19.93,7.84,10.64,1.43,1.91,0.0,3.07
DCA,2023-01-21,21,0,19,0,19,0.0,0.0,89.47,0.0,0.0,0.0,0.0,1.0,0.87,1.16,5.05
DCA,2023-01-21,22,2,16,2,16,100.0,100.0,93.75,0.0,11.5,0.0,0.0,2.13,1.66,0.06,2.56
DCA,2023-01-21,23,0,11,1,11,100.0,0.0,81.82,0.0,30.0,21.3,21.0,0.45,1.92,0.45,9.09
DCA,2023-01-22,0,0,1,0,1,0.0,0.0,100.0,0.0,0.0,0.0,0.0,0.0,0.5,0.0,0.0
DCA,2023-01-22,1,0,0,0,0,0.0,0.0,0.0,0.0,0.0,0.0,0.0,0.0,0.0,0.0,0.0
DCA,2023-01-22,5,3,0,3,0,66.67,66.67,0.0,18.67,17.33,5.53,22.67,0.0,0.0,0.0,0.0
DCA,2023-01-22,6,25,0,25,0,80.0,80.0,0.0,7.28,16.36,5.08,10.0,0.0,0.0,0.0,0.0
DCA,2023-01-22,7,15,21,17,21,100.0,88.24,90.48,0.0,20.24,8.73,6.06,1.86,3.79,5.33,19.0
DCA,2023-01-22,8,33,12,33,12,96.97,90.91,75.0,2.97,18.48,6.83,6.88,5.5,1.9,7.67,9.17
DCA,2023-01-22,9,18,29,18,29,77.78,77.78,93.1,12.33,17.44,5.54,14.72,6.24,2.13,5.76,4.41
DCA,2023-01-22,10,34,16,34,16,88.24,76.47,93.75,7.41,19.44,7.56,11.82,3.69,5.96,2.81,3.25
DCA,2023-01-22,11,24,26,24,27,87.5,79.17,74.07,7.79,16.46,5.04,10.79,4.37,3.63,4.59,14.48
DCA,2023-01-22,12,24,27,24,27,83.33,83.33,77.78,8.88,15.88,4.2,11.13,4.48,1.96,3.52,15.07
DCA,2023-01-22,13,27,28,26,28,73.08,65.38,82.14,18.19,19.27,7.62,22.73,5.07,2.59,3.21,23.93
DCA,2023-01-22,14,23,27,23,27,91.3,78.26,81.48,4.7,19.17,7.2,9.3,6.41,2.03,4.52,13.93
DCA,2023-01-22,15,30,23,30,23,66.67,46.67,69.57,28.1,21.77,9.93,36.3,5.83,3.3,5.61,12.48
DCA,2023-01-22,16,23,31,23,31,78.26,56.52,80.65,11.22,23.35,11.79,21.43,11.19,4.0,7.74,8.87
DCA,2023-01-22,17,31,23,31,22,70.97,38.71,72.73,9.03,29.19,17.01,23.26,5.23,6.58,7.05,10.05
DCA,2023-01-22,18,27,26,26,26,69.23,61.54,57.69,16.12,19.27,7.78,21.35,3.15,4.15,4.73,29.08
DCA,2023-01-22,19,21,29,21,30,61.9,47.62,63.33,29.24,22.62,10.88,37.81,3.9,4.74,12.07,34.33
DCA,2023-01-22,20,26,24,26,24,61.54,38.46,66.67,32.5,22.23,10.32,39.88,6.29,3.28,10.13,18.25
DCA,2023-01-22,21,4,33,5,33,100.0,80.0,51.52,3.8,17.0,4.5,8.2,4.48,2.41,6.12,35.33
DCA,2023-01-22,22,23,22,22,21,45.45,31.82,47.62,35.14,18.27,6.08,40.41,4.52,2.41,8.81,25.52
DCA,2023-01-22,23,0,14,0,14,0.0,0.0,50.0,0.0,0.0,0.0,0.0,3.86,1.1,2.71,40.21
DCA,2023-01-23,0,0,1,0,1,0.0,0.0,100.0,0.0,0.0,0.0,0.0,1.0,1.5,0.0,5.0
DCA,2023-01-23,1,0,0,0,0,0.0,0.0,0.0,0.0,0.0,0.0,0.0,0.0,0.0,0.0,0.0
DCA,2023-01-23,3,0,0,0,0,0.0,0.0,0.0,0.0,0.0,0.0,0.0,0.0,0.0,0.0,0.0
DCA,2023-01-23,5,3,0,3,0,100.0,100.0,0.0,0.0,13.67,2.13,0.0,0.0,0.0,0.0,0.0
DCA,2023-01-23,6,37,6,37,6,89.19,78.38,83.33,13.95,19.35,7.95,19.43,1.67,3.13,15.67,12.67
DCA,2023-01-23,7,21,30,23,29,91.3,82.61,79.31,4.74,20.43,8.78,10.52,5.07,3.15,7.07,28.69
DCA,2023-01-23,8,38,15,38,16,84.21,52.63,87.5,13.21,32.84,20.78,30.61,7.56,4.21,9.69,8.13
DCA,2023-01-23,9,17,33,17,34,64.71,64.71,67.65,14.82,25.06,13.07,24.76,19.91,3.01,15.41,15.32
DCA,2023-01-23,10,37,15,37,17,72.97,43.24,70.59,11.24,29.19,17.04,25.86,15.76,0.69,11.53,10.88
DCA,2023-01-23,11,24,30,23,32,86.96,60.87,87.5,8.96,25.17,13.69,17.91,8.78,1.44,4.06,6.19
DCA,2023-01-23,12,24,28,24,29,83.33,62.5,72.41,7.08,22.04,10.2,15.58,3.52,1.77,2.45,21.97
DCA,2023-01-23,13,28,27,28,28,71.43,64.29,67.86,16.68,24.0,12.17,26.21,5.71,3.36,5.11,20.46
DCA,2023-01-23,14,24,28,24,28,62.5,54.17,71.43,14.96,22.67,10.8,23.13,5.61,4.3,4.64,23.61
DCA,2023-01-23,15,30,24,30,24,80.0,46.67,87.5,17.73,31.27,19.44,33.83,5.25,3.62,5.46,6.58
DCA,2023-01-23,16,23,32,22,30,81.82,72.73,70.0,9.27,20.68,9.28,15.86,5.87,2.8,6.03,25.2
DCA,2023-01-23,17,31,23,30,22,63.33,53.33,72.73,22.13,22.0,9.92,30.17,2.82,1.43,5.77,30.0
DCA,2023-01-23,18,27,28,28,27,71.43,67.86,62.96,25.11,19.5,7.91,30.93,4.0,1.91,4.48,14.67
DCA,2023-01-23,19,23,27,24,28,83.33,75.0,60.71,9.71,20.83,9.28,15.88,4.43,1.77,3.64,31.32
DCA,2023-01-23,20,26,25,26,23,80.77,57.69,82.61,12.65,25.5,13.4,22.69,4.74,3.73,5.43,17.22
DCA,2023-01-23,21,5,32,7,32,100.0,85.71,68.75,2.0,19.57,7.6,5.29,3.47,5.5,5.81,14.91
DCA,2023-01-23,22,23,23,21,23,76.19,61.9,60.87,19.38,22.14,9.87,25.67,3.35,6.77,9.09,17.43
DCA,2023-01-23,23,0,14,0,14,0.0,0.0,85.71,0.0,0.0,0.0,0.0,1.93,1.7,0.0,4.79
DCA,2023-01-24,0,0,1,0,1,0.0,0.0,100.0,0.0,0.0,0.0,0.0,0.0,0.5,1.0,0.0
DCA,2023-01-24,1,0,0,0,0,0.0,0.0,0.0,0.0,0.0,0.0,0.0,0.0,0.0,0.0,0.0
DCA,2023-01-24,5,3,0,3,0,100.0,100.0,0.0,0.0,16.33,4.53,2.0,0.0,0.0,0.0,0.0
DCA,2023-01-24,6,37,6,36,6,94.44,86.11,100.0,2.72,18.06,6.5,6.06,0.67,5.13,0.0,0.0
DCA,2023-01-24,7,21,30,21,28,95.24,95.24,85.71,2.43,17.14,5.54,4.1,1.96,4.57,7.57,5.86
DCA,2023-01-24,8,38,15,38,15,89.47,65.79,93.33,4.58,25.0,12.86,12.03,4.8,3.13,4.33,3.2
DCA,2023-01-24,9,17,33,16,33,93.75,81.25,93.94,1.81,21.0,9.13,7.06,4.79,9.23,6.79,10.82
DCA,2023-01-24,10,37,15,36,14,88.89,83.33,92.86,8.11,19.08,7.13,11.75,4.14,2.89,3.64,7.07
DCA,2023-01-24,11,24,30,24,30,95.83,95.83,100.0,3.13,16.13,4.91,5.08,2.53,4.46,1.23,1.0
DCA,2023-01-24,12,24,28,24,28,83.33,79.17,82.14,14.0,18.25,6.86,17.21,2.93,4.4,1.29,11.32
DCA,2023-01-24,13,28,27,27,28,88.89,70.37,89.29,9.37,25.56,13.57,16.81,3.21,2.15,1.07,16.0
DCA,2023-01-24,14,24,28,24,28,91.67,79.17,89.29,6.83,24.38,12.65,15.21,2.89,2.0,0.14,4.07
DCA,2023-01-24,15,30,24,30,25,80.0,66.67,88.0,13.03,25.07,13.36,21.57,2.28,4.81,2.92,3.36
DCA,2023-01-24,16,23,32,23,33,91.3,82.61,93.94,4.17,17.0,5.58,6.87,7.76,2.36,1.3,3.55
DCA,2023-01-24,17,31,23,31,22,90.32,74.19,100.0,4.61,22.16,10.09,10.84,2.23,5.06,1.86,2.05
DCA,2023-01-24,18,27,28,26,27,92.31,88.46,85.19,1.35,16.08,4.57,3.54,2.26,3.76,0.78,16.19
DCA,2023-01-24,19,23,27,22,28,86.36,81.82,89.29,12.77,17.05,5.76,15.5,2.32,2.41,1.96,20.36
DCA,2023-01-24,20,26,25,26,25,92.31,92.31,92.0,11.54,19.15,7.05,13.31,2.08,4.82,0.68,4.84
DCA,2023-01-24,21,5,32,5,31,80.0,80.0,87.1,7.8,13.2,1.62,7.6,2.74,5.69,3.48,8.23
DCA,2023-01-24,22,23,23,23,23,86.96,86.96,91.3,2.57,17.22,4.98,4.43,2.87,7.7,3.83,3.91
DCA,2023-01-24,23,0,14,1,14,100.0,100.0,92.86,0.0,8.0,0.0,0.0,1.64,0.44,0.5,15.79
DCA,2023-01-25,0,0,1,0,1,0.0,0.0,0.0,0.0,0.0,0.0,0.0,0.0,0.0,0.0,21.0
DCA,2023-01-25,3,0,0,0,0,0.0,0.0,0.0,0.0,0.0,0.0,0.0,0.0,0.0,0.0,0.0
DCA,2023-01-25,5,3,0,3,0,100.0,66.67,0.0,3.0,15.33,4.13,7.0,0.0,0.0,0.0,0.0
DCA,2023-01-25,6,37,6,33,6,90.91,84.85,100.0,18.18,19.61,8.42,23.06,0.5,3.58,4.33,0.0
DCA,2023-01-25,7,21,30,22,29,95.45,95.45,89.66,2.73,16.95,5.24,4.14,2.34,4.46,5.41,6.21
DCA,2023-01-25,8,38,15,39,16,94.87,79.49,56.25,2.82,23.56,11.42,10.26,8.44,3.14,14.44,19.63
DCA,2023-01-25,9,17,33,17,32,88.24,88.24,71.88,12.35,19.12,7.41,16.41,10.41,3.99,7.75,9.72
DCA,2023-01-25,10,37,15,38,15,81.58,60.53,86.67,9.03,22.87,10.97,16.68,7.53,1.31,6.13,16.33
DCA,2023-01-25,11,24,30,23,29,91.3,78.26,79.31,11.26,18.74,7.13,16.39,4.62,2.96,4.83,8.93
DCA,2023-01-25,12,24,28,24,28,70.83,66.67,82.14,46.54,19.75,8.03,51.5,6.75,3.96,4.75,9.61
DCA,2023-01-25,13,28,27,29,27,72.41,55.17,77.78,22.86,21.31,9.56,29.97,15.52,3.34,13.3,15.37
DCA,2023-01-25,14,24,28,25,27,68.0,60.0,40.74,28.16,24.52,12.69,37.92,14.85,3.5,14.93,46.89
DCA,2023-01-25,15,30,24,27,24,48.15,22.22,62.5,39.52,28.33,16.42,54.48,6.92,7.45,13.17,26.17
DCA,2023-01-25,16,23,32,24,34,79.17,41.67,70.59,16.63,27.96,16.4,30.38,4.71,6.62,9.12,14.24
DCA,2023-01-25,17,31,23,30,23,46.67,40.0,43.48,23.07,25.2,13.04,34.3,4.91,7.13,16.52,23.83
DCA,2023-01-25,18,27,28,22,27,63.64,50.0,66.67,23.32,17.41,5.96,28.05,3.59,3.73,4.19,15.7
DCA,2023-01-25,19,23,27,23,25,60.87,56.52,20.0,19.61,19.13,7.58,25.09,4.4,2.4,19.84,56.64
DCA,2023-01-25,20,26,25,22,22,40.91,31.82,45.45,40.05,24.23,12.26,50.86,3.36,6.42,10.73,28.41
DCA,2023-01-25,21,5,32,9,29,55.56,55.56,37.93,29.89,19.56,7.18,34.44,5.24,2.67,11.97,43.28
DCA,2023-01-25,22,23,23,16,21,50.0,37.5,57.14,29.44,20.69,8.6,36.31,6.19,4.12,7.05,30.24
DCA,2023-01-25,23,0,14,0,12,0.0,0.0,50.0,0.0,0.0,0.0,0.0,5.17,1.46,3.0,22.58
DCA,2023-01-26,0,0,1,0,1,0.0,0.0,100.0,0.0,0.0,0.0,0.0,0.0,0.5,0.0,0.0
DCA,2023-01-26,1,0,0,0,0,0.0,0.0,0.0,0.0,0.0,0.0,0.0,0.0,0.0,0.0,0.0
DCA,2023-01-26,5,3,0,3,0,100.0,100.0,0.0,0.67,13.67,2.4,3.0,0.0,0.0,0.0,0.0
DCA,2023-01-26,6,37,6,36,6,100.0,86.11,83.33,0.31,22.14,10.72,6.61,2.17,2.75,0.0,62.67
DCA,2023-01-26,7,21,30,21,27,90.48,85.71,85.19,11.57,20.05,8.36,15.81,2.85,3.22,2.07,13.63
DCA,2023-01-26,8,38,15,39,16,87.18,64.1,75.0,8.69,25.64,13.53,18.87,5.94,3.83,8.56,16.94
DCA,2023-01-26,9,17,33,15,34,86.67,80.0,94.12,9.53,19.67,7.85,14.33,8.41,4.01,3.79,2.91
DCA,2023-01-26,10,37,15,37,15,89.19,56.76,93.33,6.32,26.32,14.21,16.7,5.73,0.56,1.07,4.4
DCA,2023-01-26,11,24,30,24,29,70.83,66.67,72.41,17.42,17.13,5.82,20.25,2.38,4.26,6.21,10.97
DCA,2023-01-26,12,24,28,24,27,66.67,54.17,96.3,16.0,22.67,10.83,24.83,2.48,2.28,1.07,0.63
DCA,2023-01-26,13,28,27,28,27,75.0,71.43,74.07,13.18,18.46,6.8,17.18,4.44,3.04,5.85,16.78
DCA,2023-01-26,14,24,28,24,29,70.83,62.5,82.76,14.83,20.5,8.73,21.58,2.72,3.34,5.28,5.66
DCA,2023-01-26,15,30,24,30,25,73.33,50.0,88.0,8.67,27.0,15.17,21.17,0.88,5.18,1.52,5.64
DCA,2023-01-26,16,23,32,24,33,79.17,66.67,81.82,9.38,19.96,8.43,15.42,2.15,4.7,1.97,6.24
DCA,2023-01-26,17,31,23,32,23,84.38,81.25,86.96,4.78,23.13,11.04,13.03,1.43,3.32,2.04,5.48
DCA,2023-01-26,18,27,28,27,27,88.89,81.48,92.59,6.37,17.93,6.63,10.11,8.52,2.13,7.7,7.74
DCA,2023-01-26,19,23,27,23,28,86.96,69.57,71.43,5.91,22.35,10.82,13.52,2.0,3.67,4.18,29.18
DCA,2023-01-26,20,26,25,26,26,88.46,61.54,80.77,11.77,26.77,14.67,22.31,6.54,2.13,1.81,6.42
DCA,2023-01-26,21,5,32,6,32,83.33,83.33,84.38,3.67,17.5,5.68,5.33,6.44,2.47,1.63,7.5
DCA,2023-01-26,22,23,23,23,23,82.61,82.61,82.61,6.7,17.04,5.03,7.87,2.48,2.77,2.22,6.13
DCA,2023-01-26,23,0,14,0,14,0.0,0.0,85.71,0.0,0.0,0.0,0.0,1.5,2.12,2.07,8.93
DCA,2023-01-27,0,0,1,0,1,0.0,0.0,100.0,0.0,0.0,0.0,0.0,1.0,0.5,0.0,0.0
DCA,2023-01-27,5,3,0,4,0,75.0,75.0,0.0,33.75,20.25,8.0,38.75,0.0,0.0,0.0,0.0
DCA,2023-01-27,6,37,6,37,6,86.49,78.38,66.67,20.49,19.76,8.26,25.68,1.17,9.47,7.17,38.83
DCA,2023-01-27,7,21,30,21,31,85.71,76.19,87.1,10.48,18.48,6.85,14.57,3.55,3.14,4.45,11.97
DCA,2023-01-27,8,38,15,38,15,89.47,65.79,73.33,11.71,24.79,12.81,21.03,5.2,2.09,4.67,41.73
DCA,2023-01-27,9,17,33,17,33,76.47,70.59,93.94,62.88,17.24,5.5,65.88,15.82,3.49,6.58,3.94
DCA,2023-01-27,10,37,15,37,16,89.19,48.65,75.0,5.62,26.08,13.99,17.19,2.63,4.08,3.0,7.06
DCA,2023-01-27,11,24,30,24,30,83.33,79.17,96.67,5.38,18.21,6.55,9.29,2.2,3.08,1.1,7.67
DCA,2023-01-27,12,24,28,24,28,95.83,95.83,89.29,2.58,16.42,4.69,3.75,2.68,1.97,0.29,3.46
DCA,2023-01-27,13,28,27,28,27,96.43,85.71,81.48,2.21,21.54,9.71,8.57,2.15,2.59,2.15,15.3
DCA,2023-01-27,14,24,28,25,28,84.0,68.0,85.71,7.64,22.32,10.51,14.84,4.0,3.16,1.07,4.43
DCA,2023-01-27,15,30,24,30,24,90.0,60.0,70.83,9.67,26.33,14.5,20.37,3.46,5.63,4.21,8.96
DCA,2023-01-27,16,23,32,23,32,78.26,69.57,84.38,12.48,19.83,8.5,18.13,6.72,2.8,4.63,14.22
DCA,2023-01-27,17,31,23,31,23,83.87,64.52,82.61,18.71,24.52,12.34,27.32,3.74,2.8,3.65,6.04
DCA,2023-01-27,18,27,28,29,28,86.21,86.21,78.57,8.1,16.07,4.72,10.83,12.57,3.1,6.54,16.68
DCA,2023-01-27,19,23,27,23,29,65.22,52.17,79.31,18.3,22.13,10.77,26.74,7.45,2.86,3.45,14.07
DCA,2023-01-27,20,26,25,25,26,88.0,72.0,69.23,9.08,26.04,13.93,18.32,4.31,12.6,7.46,13.19
DCA,2023-01-27,21,5,32,6,32,83.33,83.33,87.5,4.0,16.5,4.58,4.67,5.5,7.22,2.72,4.88
DCA,2023-01-27,22,23,23,23,23,95.65,95.65,82.61,1.3,16.09,4.09,2.3,4.78,6.77,2.52,9.61
DCA,2023-01-27,23,0,14,0,14,0.0,0.0,85.71,0.0,0.0,0.0,0.0,1.64,1.35,1.79,45.5
DCA,2023-01-28,0,0,1,0,1,0.0,0.0,0.0,0.0,0.0,0.0,0.0,5.0,3.5,0.0,64.0
DCA,2023-01-28,1,0,0,0,0,0.0,0.0,0.0,0.0,0.0,0.0,0.0,0.0,0.0,0.0,0.0
DCA,2023-01-28,5,3,0,3,0,100.0,100.0,0.0,0.0,12.67,1.73,0.0,0.0,0.0,0.0,0.0
DCA,2023-01-28,6,28,1,27,1,100.0,96.3,100.0,0.11,16.67,5.75,3.15,3.0,9.3,19.0,11.0
DCA,2023-01-28,7,17,22,17,22,100.0,94.12,100.0,0.29,16.71,5.55,3.24,3.0,4.02,1.68,0.23
DCA,2023-01-28,8,37,11,37,11,94.59,81.08,90.91,6.65,19.84,8.05,10.43,1.0,3.84,0.27,3.82
DCA,2023-01-28,9,14,32,14,32,85.71,85.71,93.75,4.36,14.93,3.67,5.71,2.94,5.48,1.38,3.44
DCA,2023-01-28,10,34,12,34,13,100.0,88.24,92.31,0.09,19.59,7.75,3.82,3.92,1.35,2.62,2.38
DCA,2023-01-28,11,18,21,18,21,100.0,100.0,90.48,0.17,14.39,3.06,1.72,3.76,1.6,0.19,1.71
DCA,2023-01-28,12,21,23,22,24,90.91,90.91,91.67,9.45,13.64,2.38,10.59,1.63,1.94,0.25,6.54
DCA,2023-01-28,13,18,23,19,23,94.74,94.74,95.65,6.63,14.21,2.81,7.95,2.22,2.07,0.0,1.04
DCA,2023-01-28,14,22,21,23,21,82.61,82.61,90.48,5.39,16.04,4.98,7.22,2.19,2.79,2.0,3.52
DCA,2023-01-28,15,21,19,20,18,100.0,100.0,94.44,0.0,20.15,7.97,2.0,2.56,4.03,2.22,1.5
DCA,2023-01-28,16,14,23,15,23,100.0,100.0,100.0,0.67,13.27,2.19,0.67,1.87,2.21,0.22,0.26
DCA,2023-01-28,17,24,19,24,19,87.5,87.5,100.0,5.5,15.17,3.43,6.83,1.42,3.14,0.89,1.0
DCA,2023-01-28,18,17,20,17,20,100.0,100.0,90.0,0.0,14.12,2.64,0.29,2.8,1.85,0.0,4.75
DCA,2023-01-28,19,20,14,20,15,95.0,90.0,93.33,2.55,15.7,4.75,3.95,1.93,1.63,3.13,9.0
DCA,2023-01-28,20,14,14,14,14,92.86,92.86,92.86,8.36,16.07,4.27,9.57,1.79,1.34,0.0,6.5
DCA,2023-01-28,21,0,19,0,20,0.0,0.0,95.0,0.0,0.0,0.0,0.0,2.35,2.51,2.05,1.8
DCA,2023-01-28,22,2,16,2,16,100.0,100.0,81.25,0.0,8.0,0.0,0.0,1.88,2.74,4.31,13.69
DCA,2023-01-28,23,0,11,0,10,0.0,0.0,80.0,0.0,0.0,0.0,0.0,0.4,1.04,0.0,14.8
DCA,2023-01-29,0,0,1,0,1,0.0,0.0,100.0,0.0,0.0,0.0,0.0,0.0,0.0,0.0,0.0
DCA,2023-01-29,1,0,0,0,0,0.0,0.0,0.0,0.0,0.0,0.0,0.0,0.0,0.0,0.0,0.0
DCA,2023-01-29,5,3,0,3,0,100.0,100.0,0.0,0.0,12.67,1.13,0.0,0.0,0.0,0.0,0.0
DCA,2023-01-29,6,25,0,25,0,100.0,100.0,0.0,0.32,13.4,2.54,1.36,0.0,0.0,0.0,0.0
DCA,2023-01-29,7,15,21,17,21,100.0,94.12,90.48,0.59,14.47,3.35,2.24,8.05,2.54,8.52,12.9
DCA,2023-01-29,8,33,12,32,13,96.88,68.75,69.23,3.5,22.38,10.45,10.19,2.62,3.9,8.85,27.69
DCA,2023-01-29,9,18,29,18,29,83.33,66.67,100.0,18.56,20.78,9.01,23.94,5.14,7.03,3.55,1.07
DCA,2023-01-29,10,34,16,34,16,100.0,88.24,87.5,0.59,19.74,7.93,4.71,4.13,4.66,1.81,7.13
DCA,2023-01-29,11,24,26,24,26,79.17,75.0,88.46,10.13,17.58,6.1,13.67,3.19,2.38,1.04,11.08
DCA,2023-01-29,12,24,27,24,27,66.67,66.67,85.19,19.33,15.92,4.36,21.83,4.3,3.51,3.37,15.81
DCA,2023-01-29,13,27,28,28,29,42.86,28.57,82.76,29.21,24.04,12.18,40.96,4.86,9.56,4.86,11.1
DCA,2023-01-29,14,23,27,23,27,82.61,56.52,88.89,11.87,23.91,11.94,20.74,5.15,6.51,4.59,8.0
DCA,2023-01-29,15,30,23,30,23,90.0,66.67,82.61,6.37,24.0,12.17,15.03,3.87,6.45,2.96,8.17
DCA,2023-01-29,16,23,31,23,30,69.57,69.57,86.67,13.78,16.09,4.78,17.35,5.67,4.11,1.77,23.0
DCA,2023-01-29,17,31,23,30,23,83.33,83.33,82.61,24.23,16.57,4.46,26.1,2.52,3.73,2.0,6.22
DCA,2023-01-29,18,27,26,26,26,84.62,84.62,76.92,12.19,17.08,5.95,16.42,3.08,3.79,3.69,15.58
DCA,2023-01-29,19,21,29,21,30,85.71,80.95,76.67,10.24,20.48,9.02,16.0,3.47,3.25,3.5,11.37
DCA,2023-01-29,20,26,24,27,24,81.48,74.07,83.33,8.93,20.93,9.06,13.7,3.08,7.66,4.25,12.04
DCA,2023-01-29,21,4,33,5,32,100.0,80.0,81.25,2.2,21.2,9.22,7.4,5.13,4.94,2.91,11.78
DCA,2023-01-29,22,23,22,23,22,91.3,86.96,77.27,5.39,14.96,3.26,6.35,1.91,5.21,1.27,16.91
DCA,2023-01-29,23,0,14,0,13,0.0,0.0,76.92,0.0,0.0,0.0,0.0,1.38,1.22,0.08,15.23
DCA,2023-01-30,0,0,1,0,1,0.0,0.0,100.0,0.0,0.0,0.0,0.0,6.0,0.0,0.0,0.0
DCA,2023-01-30,1,0,0,0,0,0.0,0.0,0.0,0.0,0.0,0.0,0.0,0.0,0.0,0.0,0.0
DCA,2023-01-30,5,3,0,3,0,66.67,66.67,0.0,26.67,15.33,3.53,28.33,0.0,0.0,0.0,0.0
DCA,2023-01-30,6,37,6,35,6,100.0,94.29,100.0,0.17,19.71,8.21,4.03,0.17,2.58,0.0,0.0
DCA,2023-01-30,7,21,30,21,30,85.71,71.43,90.0,3.57,20.29,8.6,8.62,2.33,2.2,2.5,12.6
DCA,2023-01-30,8,38,15,39,15,82.05,69.23,86.67,11.69,22.26,10.09,17.69,3.47,4.31,3.93,3.33
DCA,2023-01-30,9,17,33,16,34,87.5,75.0,82.35,4.69,23.63,11.58,13.0,16.56,2.22,11.79,27.62
DCA,2023-01-30,10,37,15,37,15,86.49,59.46,86.67,12.97,26.16,14.02,24.05,4.27,2.81,1.8,2.8
DCA,2023-01-30,11,24,30,24,30,95.83,91.67,83.33,1.33,16.29,5.03,4.08,2.23,1.35,2.17,5.13
DCA,2023-01-30,12,24,28,24,28,91.67,83.33,89.29,15.21,15.92,4.18,17.38,3.32,3.5,2.54,4.93
DCA,2023-01-30,13,28,27,27,27,88.89,85.19,85.19,5.52,18.78,7.17,9.41,6.11,3.33,3.33,3.74
DCA,2023-01-30,14,24,28,24,27,95.83,87.5,70.37,1.21,18.17,6.44,5.5,10.44,3.05,8.41,17.85
DCA,2023-01-30,15,30,24,30,25,80.0,60.0,84.0,13.83,22.13,10.38,20.57,6.0,3.36,4.28,8.88
DCA,2023-01-30,16,23,32,24,30,83.33,75.0,96.67,12.13,15.63,4.36,14.54,9.7,3.32,2.7,4.5
DCA,2023-01-30,17,31,23,31,23,83.87,77.42,86.96,19.0,19.32,7.25,23.42,3.61,6.42,2.96,6.52
DCA,2023-01-30,18,27,28,25,27,76.0,64.0,81.48,9.28,21.04,9.22,15.44,3.52,6.86,5.56,11.04
DCA,2023-01-30,19,23,27,22,28,77.27,59.09,75.0,12.41,25.14,13.79,22.27,4.5,5.74,5.79,23.46
DCA,2023-01-30,20,26,25,27,24,77.78,66.67,83.33,17.52,24.67,12.66,25.26,2.96,10.4,4.96,10.13
DCA,2023-01-30,21,5,32,6,32,83.33,83.33,78.13,5.33,13.67,1.8,5.67,5.0,6.78,3.84,7.0
DCA,2023-01-30,22,23,23,24,25,95.83,95.83,80.0,1.75,16.58,4.61,3.38,12.4,5.07,11.72,23.6
DCA,2023-01-30,23,0,14,0,13,0.0,0.0,92.31,0.0,0.0,0.0,0.0,1.77,1.47,8.23,11.92
DCA,2023-01-31,0,0,1,0,1,0.0,0.0,0.0,0.0,0.0,0.0,0.0,0.0,1.5,38.0,136.0
DCA,2023-01-31,1,0,0,0,0,0.0,0.0,0.0,0.0,0.0,0.0,0.0,0.0,0.0,0.0,0.0
DCA,2023-01-31,2,0,0,0,0,0.0,0.0,0.0,0.0,0.0,0.0,0.0,0.0,0.0,0.0,0.0
DCA,2023-01-31,3,0,0,0,1,0.0,0.0,100.0,0.0,0.0,0.0,0.0,16.0,1.3,10.0,0.0
DCA,2023-01-31,5,3,0,2,0,100.0,100.0,0.0,0.0,13.0,1.2,0.0,0.0,0.0,0.0,0.0
DCA,2023-01-31,6,36,6,36,6,91.67,83.33,83.33,6.19,21.11,9.73,12.06,0.83,3.13,1.5,10.0
DCA,2023-01-31,7,21,30,21,30,100.0,95.24,66.67,0.0,19.29,7.67,3.38,2.97,5.03,15.07,34.57
DCA,2023-01-31,8,38,15,38,16,73.68,68.42,68.75,12.95,21.66,9.5,19.74,6.25,2.6,9.31,10.75
DCA,2023-01-31,9,17,33,17,32,58.82,58.82,68.75,79.71,19.06,7.11,84.88,8.41,5.97,11.63,14.66
DCA,2023-01-31,10,37,15,38,15,78.95,36.84,53.33,10.21,29.92,17.85,24.89,4.47,1.06,20.67,22.0
DCA,2023-01-31,11,24,30,23,30,78.26,60.87,90.0,20.65,21.83,10.4,27.43,5.73,4.18,4.3,5.17
DCA,2023-01-31,12,24,28,24,27,83.33,79.17,74.07,7.67,20.67,9.05,13.13,3.41,3.52,1.19,15.63
DCA,2023-01-31,13,28,27,26,27,84.62,84.62,81.48,7.73,19.85,7.97,11.77,4.37,2.57,3.7,12.78
DCA,2023-01-31,14,24,28,24,27,83.33,70.83,85.19,5.46,22.63,10.78,12.67,4.96,1.98,5.74,31.04
DCA,2023-01-31,15,30,24,28,24,71.43,64.29,62.5,20.25,25.75,13.8,30.61,3.71,7.75,2.75,30.25
DCA,2023-01-31,16,23,32,24,31,87.5,58.33,83.87,7.38,22.0,10.45,16.38,5.03,1.9,1.19,6.77
DCA,2023-01-31,17,31,23,30,22,80.0,50.0,72.73,9.77,28.47,16.26,22.8,4.95,6.66,5.41,15.64
DCA,2023-01-31,18,27,28,24,28,79.17,58.33,82.14,32.13,25.79,14.02,43.0,5.57,2.73,4.54,24.14
DCA,2023-01-31,19,23,27,22,27,86.36,77.27,77.78,7.14,19.5,8.12,12.05,4.81,1.86,1.19,11.44
DCA,2023-01-31,20,26,25,25,22,92.0,76.0,86.36,2.8,22.16,10.14,8.56,2.86,3.77,0.73,14.95
DCA,2023-01-31,21,5,32,6,32,83.33,83.33,78.13,6.17,17.33,6.07,8.17,4.34,3.29,2.03,13.22
DCA,2023-01-31,22,23,23,23,21,82.61,82.61,61.9,9.04,18.26,6.0,11.17,3.29,5.76,3.86,18.67
DCA,2023-01-31,23,0,14,0,11,0.0,0.0,81.82,0.0,0.0,0.0,0.0,2.64,1.06,0.0,5.45
DCA,2023-02-01,0,0,1,0,0,0.0,0.0,0.0,0.0,0.0,0.0,0.0,0.0,0.0,0.0,0.0
DCA,2023-02-01,5,3,0,2,0,100.0,50.0,0.0,0.0,33.0,21.2,15.5,0.0,0.0,0.0,0.0
DCA,2023-02-01,6,37,6,35,5,94.29,17.14,80.0,4.11,42.63,30.97,30.23,1.0,6.1,1.2,3.0
DCA,2023-02-01,7,21,30,20,30,95.0,40.0,73.33,1.75,32.3,20.46,17.95,4.1,6.16,6.27,16.33
DCA,2023-02-01,8,38,15,37,16,81.08,32.43,68.75,13.49,35.08,22.92,32.62,5.25,9.91,17.19,27.81
DCA,2023-02-01,9,17,33,15,32,73.33,40.0,68.75,28.53,28.87,16.65,41.67,5.63,5.91,9.72,27.0
DCA,2023-02-01,10,37,15,35,13,82.86,57.14,76.92,6.86,27.57,15.41,18.6,3.38,2.22,11.77,12.54
DCA,2023-02-01,11,24,30,24,30,87.5,79.17,93.33,7.92,19.29,7.66,12.79,3.2,2.36,2.7,5.7
DCA,2023-02-01,12,24,28,23,27,95.65,95.65,88.89,1.52,17.35,5.83,4.57,3.81,1.9,0.63,10.59
DCA,2023-02-01,13,28,27,26,26,96.15,88.46,84.62,6.85,19.31,7.43,10.69,2.92,2.33,5.69,14.77
DCA,2023-02-01,14,24,28,23,25,95.65,73.91,84.0,3.57,21.78,10.06,10.17,5.04,2.99,2.16,6.6
DCA,2023-02-01,15,30,24,29,25,79.31,68.97,84.0,17.55,23.93,12.1,26.41,4.16,3.96,4.72,6.4
DCA,2023-02-01,16,23,32,24,33,79.17,66.67,81.82,13.5,19.21,7.83,19.33,28.18,1.7,19.24,23.09
DCA,2023-02-01,17,31,23,31,25,87.1,74.19,88.0,22.26,22.16,10.04,28.71,2.92,2.15,0.64,6.68
DCA,2023-02-01,18,27,28,25,28,84.0,76.0,85.71,6.04,22.32,10.48,12.36,4.57,3.43,0.68,8.75
DCA,2023-02-01,19,23,28,23,25,95.65,78.26,88.0,3.26,18.91,7.36,7.22,6.72,3.18,3.32,10.4
DCA,2023-02-01,20,26,25,23,20,82.61,82.61,95.0,8.91,22.61,10.33,13.22,1.6,6.71,1.65,3.25
DCA,2023-02-01,21,5,32,7,32,100.0,85.71,81.25,1.57,13.29,2.77,2.57,2.03,2.55,0.97,6.78
DCA,2023-02-01,22,23,23,23,20,100.0,95.65,90.0,0.13,18.65,6.39,3.35,4.35,6.12,2.15,5.25
DCA,2023-02-01,23,0,14,0,14,0.0,0.0,85.71,0.0,0.0,0.0,0.0,2.21,0.93,0.0,10.21
DCA,2023-02-02,0,0,1,0,0,0.0,0.0,0.0,0.0,0.0,0.0,0.0,0.0,0.0,0.0,0.0
DCA,2023-02-02,1,0,0,0,0,0.0,0.0,0.0,0.0,0.0,0.0,0.0,0.0,0.0,0.0,0.0
DCA,2023-02-02,5,3,0,3,0,66.67,66.67,0.0,20.0,18.0,5.6,22.33,0.0,0.0,0.0,0.0
DCA,2023-02-02,6,37,6,33,6,93.94,90.91,83.33,2.39,17.97,6.49,5.88,1.17,1.37,0.0,12.33
DCA,2023-02-02,7,21,30,20,29,90.0,90.0,100.0,3.7,15.8,4.22,5.1,3.62,2.83,1.07,0.62
DCA,2023-02-02,8,38,15,37,16,91.89,67.57,81.25,3.62,27.22,15.05,14.49,5.63,5.73,3.13,4.94
DCA,2023-02-02,9,17,33,18,32,83.33,66.67,87.5,26.39,21.11,9.28,33.56,6.19,6.76,5.38,18.13
DCA,2023-02-02,10,37,15,36,14,88.89,47.22,100.0,10.56,30.08,17.96,23.72,3.71,3.43,2.21,1.14
DCA,2023-02-02,11,24,30,23,29,91.3,91.3,96.55,15.35,16.3,4.73,17.52,3.14,4.44,0.17,1.38
DCA,2023-02-02,12,24,28,23,28,78.26,78.26,85.71,11.48,15.74,4.49,13.83,4.82,2.01,0.18,13.21
DCA,2023-02-02,13,28,27,28,27,85.71,82.14,88.89,15.32,18.43,6.86,19.64,3.48,4.55,2.3,7.22
DCA,2023-02-02,14,24,28,25,27,76.0,60.0,66.67,9.8,21.04,9.26,17.08,4.04,2.76,4.0,18.22
DCA,2023-02-02,15,30,24,30,24,86.67,60.0,83.33,10.8,24.67,13.01,20.7,1.58,7.65,3.71,6.13
DCA,2023-02-02,16,23,32,24,32,83.33,62.5,78.13,8.88,17.71,6.17,13.5,3.91,4.28,1.22,24.13
DCA,2023-02-02,17,31,23,31,22,80.65,61.29,100.0,20.74,22.29,10.17,29.0,2.45,5.2,1.0,0.59
DCA,2023-02-02,18,26,28,25,28,84.0,68.0,78.57,7.28,20.04,8.52,12.72,6.29,5.37,3.75,17.14
DCA,2023-02-02,19,22,28,23,28,82.61,65.22,71.43,16.22,22.78,11.43,24.87,3.82,6.63,6.18,13.25
DCA,2023-02-02,20,26,25,26,24,88.46,73.08,83.33,11.81,21.54,9.54,17.12,3.29,7.57,4.42,4.83
DCA,2023-02-02,21,5,32,7,32,100.0,100.0,84.38,0.0,17.0,5.64,1.0,5.34,4.34,3.0,6.0
DCA,2023-02-02,22,23,23,24,24,83.33,83.33,75.0,5.38,17.42,5.35,7.83,3.17,8.74,5.71,14.21
DCA,2023-02-02,23,0,13,0,14,0.0,0.0,78.57,0.0,0.0,0.0,0.0,3.21,1.73,0.5,6.86
DCA,2023-02-03,0,0,1,0,1,0.0,0.0,0.0,0.0,0.0,0.0,0.0,0.0,0.5,0.0,43.0
DCA,2023-02-03,1,0,0,0,0,0.0,0.0,0.0,0.0,0.0,0.0,0.0,0.0,0.0,0.0,0.0
DCA,2023-02-03,5,3,0,3,0,100.0,100.0,0.0,2.33,15.33,3.37,3.67,0.0,0.0,0.0,0.0
DCA,2023-02-03,6,34,6,32,6,100.0,84.38,50.0,0.81,19.25,7.77,5.59,3.0,3.53,2.5,52.5
DCA,2023-02-03,7,22,29,22,29,95.45,90.91,86.21,3.59,19.09,7.52,6.91,3.79,4.24,4.59,7.59
DCA,2023-02-03,8,38,15,38,15,89.47,60.53,60.0,6.84,29.29,17.14,20.05,7.87,4.85,6.07,37.6
DCA,2023-02-03,9,18,31,18,30,83.33,66.67,83.33,5.67,23.06,11.09,13.78,11.1,7.84,7.03,9.1
DCA,2023-02-03,10,33,19,33,18,81.82,57.58,77.78,7.97,26.27,14.31,18.91,5.67,2.58,2.56,9.06
DCA,2023-02-03,11,25,29,24,29,87.5,83.33,96.55,4.42,18.33,6.84,8.71,6.72,2.11,2.34,1.28
DCA,2023-02-03,12,24,28,24,29,79.17,70.83,75.86,14.13,22.21,10.48,20.83,10.97,1.28,2.79,5.45
DCA,2023-02-03,13,30,25,31,25,80.65,51.61,76.0,18.48,23.74,11.84,28.0,8.96,4.64,5.44,13.04
DCA,2023-02-03,14,22,30,22,30,54.55,40.91,80.0,23.5,22.18,10.38,31.64,10.63,4.16,6.2,7.7
DCA,2023-02-03,15,30,24,30,23,76.67,56.67,60.87,16.0,22.63,10.87,24.27,8.74,11.37,10.52,18.17
DCA,2023-02-03,16,24,31,24,31,66.67,45.83,80.65,26.38,30.54,18.97,43.17,9.84,5.05,6.45,23.45
DCA,2023-02-03,17,30,24,30,24,70.0,26.67,75.0,14.07,34.3,22.1,33.83,3.5,4.55,4.38,11.71
DCA,2023-02-03,18,28,27,28,27,67.86,57.14,92.59,17.5,24.79,13.2,26.57,4.56,3.16,1.11,4.07
DCA,2023-02-03,19,21,30,20,27,85.0,70.0,62.96,18.25,21.8,10.43,25.25,5.19,4.42,4.93,20.96
DCA,2023-02-03,20,27,24,27,24,70.37,48.15,62.5,19.15,26.04,13.93,29.67,6.17,6.61,6.0,18.25
DCA,2023-02-03,21,3,34,4,33,100.0,100.0,69.7,0.0,16.75,5.02,0.25,7.61,5.18,4.45,26.52
DCA,2023-02-03,22,25,21,25,20,64.0,52.0,60.0,24.72,19.52,7.48,30.32,2.6,3.3,2.9,21.2
DCA,2023-02-03,23,0,14,0,14,0.0,0.0,64.29,0.0,0.0,0.0,0.0,2.36,1.29,4.64,24.64
DCA,2023-02-04,0,0,2,0,1,0.0,0.0,100.0,0.0,0.0,0.0,0.0,3.0,1.5,1.0,0.0
DCA,2023-02-04,1,0,0,0,0,0.0,0.0,0.0,0.0,0.0,0.0,0.0,0.0,0.0,0.0,0.0
DCA,2023-02-04,5,3,0,3,0,100.0,66.67,0.0,2.67,19.33,7.37,6.33,0.0,0.0,0.0,0.0
DCA,2023-02-04,6,29,1,28,1,85.71,82.14,100.0,5.14,15.64,4.55,7.46,0.0,1.3,0.0,0.0
DCA,2023-02-04,7,18,24,17,22,100.0,88.24,77.27,1.18,19.76,8.29,6.59,1.59,3.61,1.73,38.95
DCA,2023-02-04,8,36,11,35,10,88.57,77.14,90.0,14.43,21.0,8.95,20.14,1.2,2.59,1.2,23.9
DCA,2023-02-04,9,17,30,16,30,93.75,93.75,86.67,7.0,16.94,5.29,8.31,5.47,1.81,2.03,7.93
DCA,2023-02-04,10,31,15,31,15,74.19,64.52,66.67,25.84,18.42,6.54,29.65,2.07,1.11,1.53,44.47
DCA,2023-02-04,11,21,19,21,19,80.95,80.95,100.0,12.24,14.62,3.1,13.19,3.79,1.12,0.42,0.32
DCA,2023-02-04,12,17,27,17,27,76.47,76.47,77.78,37.18,14.24,2.98,38.59,3.74,1.35,0.7,24.63
DCA,2023-02-04,13,21,20,21,20,61.9,57.14,75.0,36.0,15.52,4.17,38.52,4.05,3.6,3.7,28.45
DCA,2023-02-04,14,23,20,22,19,68.18,63.64,78.95,21.95,14.18,3.1,23.73,2.68,3.19,2.95,30.26
DCA,2023-02-04,15,14,26,14,26,78.57,78.57,76.92,16.14,12.43,1.38,16.5,5.19,3.27,4.73,13.96
DCA,2023-02-04,16,23,13,22,13,68.18,54.55,84.62,19.73,18.59,6.79,24.41,1.69,5.07,0.38,8.85
DCA,2023-02-04,17,21,23,21,23,80.95,76.19,73.91,9.1,18.62,6.84,13.1,1.3,4.38,1.57,11.39
DCA,2023-02-04,18,17,20,17,19,76.47,76.47,68.42,10.18,15.35,3.75,12.29,2.42,2.87,2.95,25.32
DCA,2023-02-04,19,21,14,20,13,80.0,75.0,61.54,11.35,17.75,6.53,14.45,2.85,5.28,3.08,24.62
DCA,2023-02-04,20,10,18,10,18,80.0,70.0,83.33,25.8,13.0,1.6,25.8,2.28,2.52,0.78,19.28
DCA,2023-02-04,21,3,16,2,16,50.0,50.0,81.25,24.5,10.5,0.0,24.5,1.81,2.11,0.0,50.31
DCA,2023-02-04,22,2,16,2,16,50.0,50.0,68.75,38.0,11.5,1.35,35.5,1.38,2.5,1.06,60.13
DCA,2023-02-04,23,0,11,0,11,0.0,0.0,72.73,0.0,0.0,0.0,0.0,1.91,2.11,0.18,11.64
DCA,2023-02-05,0,0,1,0,2,0.0,0.0,50.0,0.0,0.0,0.0,0.0,0.0,2.5,0.0,85.0
DCA,2023-02-05,3,0,0,0,0,0.0,0.0,0.0,0.0,0.0,0.0,0.0,0.0,0.0,0.0,0.0
DCA,2023-02-05,5,3,0,3,0,100.0,100.0,0.0,0.0,14.0,2.63,0.0,0.0,0.0,0.0,0.0
DCA,2023-02-05,6,24,1,23,1,91.3,95.65,100.0,9.52,15.96,4.82,11.96,4.0,1.3,0.0,0.0
DCA,2023-02-05,7,18,18,20,17,85.0,85.0,100.0,4.65,15.3,3.95,6.25,4.18,1.99,0.0,0.0
DCA,2023-02-05,8,30,13,31,11,93.55,77.42,81.82,4.77,19.06,7.58,8.81,1.45,2.86,1.09,28.55
DCA,2023-02-05,9,18,29,18,29,100.0,100.0,89.66,0.0,16.22,4.3,1.0,2.62,5.36,4.0,10.52
DCA,2023-02-05,10,34,16,34,17,85.29,79.41,82.35,14.21,18.35,6.65,18.12,4.76,4.6,4.76,8.41
DCA,2023-02-05,11,24,26,24,26,83.33,79.17,92.31,10.79,17.83,6.4,14.46,2.73,2.35,1.38,6.23
DCA,2023-02-05,12,23,28,24,28,91.67,83.33,82.14,6.33,17.13,5.5,8.96,4.11,4.9,2.93,14.79
DCA,2023-02-05,13,31,24,31,24,83.87,77.42,91.67,9.03,19.03,7.32,12.94,4.33,3.28,2.17,3.63
DCA,2023-02-05,14,18,32,18,33,100.0,83.33,93.94,1.61,17.61,6.06,5.89,5.06,2.22,2.88,4.36
DCA,2023-02-05,15,32,21,32,22,93.75,81.25,81.82,4.81,20.09,8.34,9.91,4.36,3.73,2.32,17.27
DCA,2023-02-05,16,24,30,23,30,78.26,69.57,80.0,16.22,16.04,4.93,19.39,4.0,2.31,4.37,11.47
DCA,2023-02-05,17,30,24,30,24,83.33,76.67,91.67,11.5,17.3,5.4,15.0,3.08,2.85,1.58,7.29
DCA,2023-02-05,18,29,24,29,23,79.31,79.31,73.91,11.83,16.83,5.52,14.76,3.43,3.07,3.09,9.74
DCA,2023-02-05,19,18,33,18,33,88.89,72.22,81.82,3.56,20.83,9.11,9.67,5.03,3.62,4.61,9.85
DCA,2023-02-05,20,27,23,27,23,85.19,77.78,69.57,15.22,21.15,9.24,20.93,5.04,9.01,5.96,14.57
DCA,2023-02-05,21,3,34,5,34,100.0,80.0,85.29,0.0,18.6,6.76,3.4,8.0,3.83,3.0,6.38
DCA,2023-02-05,22,24,21,24,21,95.83,83.33,85.71,3.0,17.08,5.21,6.17,3.24,2.58,0.52,12.1
DCA,2023-02-05,23,0,14,0,14,0.0,0.0,78.57,0.0,0.0,0.0,0.0,3.0,0.91,0.07,11.29
DCA,2023-02-06,0,0,1,0,1,0.0,0.0,100.0,0.0,0.0,0.0,0.0,0.0,1.5,0.0,0.0
DCA,2023-02-06,1,0,0,0,0,0.0,0.0,0.0,0.0,0.0,0.0,0.0,0.0,0.0,0.0,0.0
DCA,2023-02-06,5,3,0,3,0,100.0,100.0,0.0,0.0,12.0,0.13,0.0,0.0,0.0,0.0,0.0
DCA,2023-02-06,6,37,6,36,6,94.44,94.44,66.67,4.11,17.25,6.08,6.58,0.33,3.63,6.0,22.17
DCA,2023-02-06,7,22,29,22,29,95.45,90.91,96.55,3.59,18.36,6.94,6.45,8.1,2.93,3.07,8.41
DCA,2023-02-06,8,38,15,38,15,94.74,65.79,86.67,2.95,28.58,16.56,13.95,4.6,6.29,4.8,28.47
DCA,2023-02-06,9,17,33,17,33,88.24,70.59,87.88,7.06,24.71,12.72,16.18,10.06,3.41,5.15,20.58
DCA,2023-02-06,10,36,16,35,17,82.86,65.71,88.24,14.43,26.34,14.16,24.54,4.41,0.58,1.12,4.41
DCA,2023-02-06,11,24,30,26,30,92.31,84.62,90.0,3.31,17.38,6.03,6.73,4.97,2.04,1.5,6.57
DCA,2023-02-06,12,24,28,24,28,79.17,66.67,82.14,14.33,19.0,7.14,19.21,3.82,2.08,2.0,6.0
DCA,2023-02-06,13,29,25,31,26,87.1,77.42,84.62,9.65,22.65,10.85,16.19,9.54,1.99,5.65,6.58
DCA,2023-02-06,14,22,30,22,31,86.36,63.64,80.65,6.23,31.86,20.15,24.0,12.29,1.71,7.35,5.29
DCA,2023-02-06,15,30,24,30,25,93.33,40.0,80.0,3.73,32.37,20.57,20.97,5.64,5.57,4.92,10.16
DCA,2023-02-06,16,24,31,26,31,80.77,46.15,70.97,17.19,27.0,15.4,29.88,10.42,2.79,4.97,12.94
DCA,2023-02-06,17,30,24,31,23,80.65,67.74,86.96,15.87,23.68,11.5,24.61,3.7,2.14,2.74,9.26
DCA,2023-02-06,18,28,27,28,28,89.29,82.14,78.57,6.68,21.57,9.99,11.71,10.75,1.4,7.07,10.89
DCA,2023-02-06,19,21,29,21,31,95.24,57.14,77.42,5.52,25.14,13.66,16.33,13.35,1.56,3.71,9.55
DCA,2023-02-06,20,27,24,28,25,82.14,53.57,84.0,5.04,29.07,16.98,17.21,5.76,5.04,4.68,6.68
DCA,2023-02-06,21,3,34,4,33,75.0,75.0,75.76,9.5,16.0,4.28,12.0,7.45,2.47,4.64,15.76
DCA,2023-02-06,22,25,20,25,21,100.0,100.0,95.24,0.52,22.84,10.63,4.44,2.62,3.76,1.57,3.05
DCA,2023-02-06,23,0,15,0,15,0.0,0.0,86.67,0.0,0.0,0.0,0.0,1.13,0.95,0.13,5.27
DCA,2023-02-07,0,0,1,0,1,0.0,0.0,100.0,0.0,0.0,0.0,0.0,0.0,0.5,0.0,0.0
DCA,2023-02-07,5,3,0,3,0,66.67,66.67,0.0,48.67,18.33,6.37,52.67,0.0,0.0,0.0,0.0
DCA,2023-02-07,6,37,6,37,6,94.59,89.19,100.0,2.78,18.59,7.21,7.11,0.0,9.8,0.17,0.0
DCA,2023-02-07,7,22,29,22,29,95.45,90.91,100.0,1.32,22.45,10.76,6.09,2.97,7.79,2.62,1.07
DCA,2023-02-07,8,38,15,39,16,100.0,66.67,93.75,0.62,26.9,14.76,10.46,4.13,10.25,3.19,13.06
DCA,2023-02-07,9,17,33,17,33,94.12,70.59,90.91,3.24,24.35,12.36,11.24,9.94,6.35,6.09,3.09
DCA,2023-02-07,10,36,16,36,17,91.67,66.67,100.0,3.75,24.83,12.69,11.14,3.41,4.68,1.0,0.88
DCA,2023-02-07,11,24,30,24,30,95.83,91.67,93.33,9.25,15.25,4.05,9.83,2.8,4.96,0.3,3.07
DCA,2023-02-07,12,24,28,24,29,91.67,87.5,96.55,3.92,15.42,3.86,4.83,3.76,2.98,0.52,2.97
DCA,2023-02-07,13,29,25,30,25,93.33,80.0,84.0,2.43,21.07,9.25,6.97,5.8,5.22,3.36,3.04
DCA,2023-02-07,14,22,30,22,30,90.91,63.64,93.33,3.77,20.32,8.65,10.09,6.13,2.6,2.2,5.93
DCA,2023-02-07,15,30,24,30,24,90.0,63.33,91.67,6.07,22.27,10.76,13.17,3.17,4.85,1.21,6.54
DCA,2023-02-07,16,24,31,25,33,84.0,80.0,90.91,10.28,17.08,5.84,13.88,6.15,1.56,1.67,5.7
DCA,2023-02-07,17,30,24,31,24,83.87,80.65,95.83,14.45,17.48,5.44,16.52,4.92,4.51,2.71,3.46
DCA,2023-02-07,18,28,27,29,27,93.1,89.66,96.3,7.66,17.07,5.53,9.86,5.26,4.72,1.89,0.85
DCA,2023-02-07,19,21,29,21,30,100.0,100.0,96.67,0.0,14.1,3.16,0.48,8.0,3.99,2.97,1.93
DCA,2023-02-07,20,27,24,27,24,92.59,92.59,79.17,2.59,16.0,4.26,3.15,3.96,3.3,2.17,14.5
DCA,2023-02-07,21,3,34,4,34,50.0,50.0,85.29,17.0,14.75,3.03,18.25,5.41,3.49,4.18,4.41
DCA,2023-02-07,22,25,20,25,20,96.0,96.0,95.0,1.08,14.76,2.59,1.72,3.1,4.43,1.2,5.6
DCA,2023-02-07,23,0,15,0,15,0.0,0.0,100.0,0.0,0.0,0.0,0.0,1.47,1.99,1.13,0.53
DCA,2023-02-08,0,0,1,0,2,0.0,0.0,50.0,0.0,0.0,0.0,0.0,2.0,2.4,9.5,24.0
DCA,2023-02-08,1,0,0,1,0,100.0,100.0,0.0,0.0,16.0,3.7,4.0,0.0,0.0,0.0,0.0
DCA,2023-02-08,5,3,0,3,0,100.0,100.0,0.0,0.0,10.33,0.4,0.0,0.0,0.0,0.0,0.0
DCA,2023-02-08,6,37,6,37,6,94.59,83.78,83.33,3.73,18.76,7.54,7.78,0.17,10.8,0.0,15.33
DCA,2023-02-08,7,22,29,22,29,95.45,95.45,100.0,2.95,17.73,6.32,5.09,2.21,5.01,0.9,0.31
DCA,2023-02-08,8,38,15,39,16,94.87,87.18,87.5,1.49,21.03,8.93,6.1,3.63,2.18,2.88,15.94
DCA,2023-02-08,9,17,33,17,33,94.12,82.35,87.88,23.35,20.24,8.26,28.29,10.7,3.0,5.55,4.15
DCA,2023-02-08,10,36,16,36,16,94.44,50.0,93.75,3.39,32.08,19.96,19.17,5.31,1.53,0.44,1.31
DCA,2023-02-08,11,24,30,24,30,100.0,100.0,96.67,0.5,15.0,3.91,1.42,5.73,1.4,0.33,0.67
DCA,2023-02-08,12,24,28,25,29,100.0,84.0,82.76,1.6,16.32,4.69,3.68,3.48,2.56,1.48,12.1
DCA,2023-02-08,13,29,25,30,25,86.67,60.0,100.0,9.5,28.2,16.5,21.6,3.84,2.1,1.12,0.56
DCA,2023-02-08,14,22,30,23,31,86.96,69.57,96.77,16.48,25.87,14.07,26.96,6.06,3.46,2.03,4.16
DCA,2023-02-08,15,30,24,30,24,93.33,60.0,100.0,4.63,30.03,18.18,17.4,2.42,3.51,0.71,0.38
DCA,2023-02-08,16,24,31,25,32,88.0,64.0,90.63,5.72,26.64,15.05,17.0,4.66,2.9,1.19,4.13
DCA,2023-02-08,17,30,24,30,24,93.33,63.33,83.33,3.57,25.9,13.7,13.67,4.71,2.12,2.33,9.67
DCA,2023-02-08,18,28,27,28,27,82.14,78.57,88.89,8.89,17.89,6.49,12.14,4.15,2.79,1.48,3.15
DCA,2023-02-08,19,21,29,21,30,95.24,90.48,90.0,6.86,16.62,5.36,9.24,5.1,2.91,1.37,7.6
DCA,2023-02-08,20,27,24,27,24,92.59,81.48,91.67,4.44,26.15,14.04,10.85,2.46,2.45,2.33,3.13
DCA,2023-02-08,21,3,34,4,35,100.0,100.0,94.29,1.5,16.0,4.28,2.0,8.83,2.78,3.43,2.74
DCA,2023-02-08,22,25,20,25,20,100.0,92.0,90.0,0.76,18.4,6.19,3.08,1.8,6.95,3.7,7.3
DCA,2023-02-08,23,0,15,0,15,0.0,0.0,93.33,0.0,0.0,0.0,0.0,1.27,0.47,0.33,3.0
DCA,2023-02-09,0,0,1,0,1,0.0,0.0,100.0,0.0,0.0,0.0,0.0,1.0,0.0,0.0,0.0
DCA,2023-02-09,5,3,0,3,0,100.0,100.0,0.0,0.0,14.67,2.7,0.0,0.0,0.0,0.0,0.0
DCA,2023-02-09,6,37,6,37,6,97.3,86.49,100.0,1.16,20.49,9.09,6.24,0.33,2.92,1.0,0.0
DCA,2023-02-09,7,22,29,21,30,95.24,85.71,93.33,1.67,18.43,6.73,5.33,7.9,5.38,2.5,2.87
DCA,2023-02-09,8,38,15,39,17,97.44,69.23,94.12,0.87,25.1,12.97,10.26,5.71,3.85,2.53,3.88
DCA,2023-02-09,9,17,33,17,33,100.0,100.0,81.82,0.0,16.59,5.08,2.12,13.27,3.52,5.67,28.3
DCA,2023-02-09,10,36,16,37,16,91.89,64.86,81.25,15.11,25.49,13.59,24.92,6.31,3.75,3.31,4.63
DCA,2023-02-09,11,24,30,24,31,91.67,87.5,90.32,4.75,17.5,6.13,8.42,11.9,2.79,3.39,6.32
DCA,2023-02-09,12,24,28,24,28,91.67,75.0,85.71,5.75,19.58,8.0,10.92,11.0,1.94,3.61,12.96
DCA,2023-02-09,13,29,25,31,25,80.65,67.74,92.0,11.61,20.71,9.03,16.77,6.52,2.75,0.48,10.6
DCA,2023-02-09,14,22,30,24,30,83.33,75.0,96.67,9.08,20.88,9.05,15.0,7.33,2.81,2.13,9.87
DCA,2023-02-09,15,30,24,30,24,90.0,76.67,95.83,11.7,21.63,9.89,17.33,3.96,3.82,0.46,1.71
DCA,2023-02-09,16,24,31,24,32,87.5,83.33,81.25,3.33,16.42,4.97,6.42,9.97,2.38,4.41,10.06
DCA,2023-02-09,17,30,24,30,24,83.33,66.67,87.5,8.13,19.57,7.46,13.63,6.38,2.37,1.25,5.08
DCA,2023-02-09,18,28,27,28,27,89.29,60.71,62.96,7.5,21.57,9.99,14.29,12.3,3.3,7.89,12.48
DCA,2023-02-09,19,21,29,21,32,71.43,61.9,53.13,8.14,19.95,8.65,14.71,27.44,3.57,22.78,26.72
DCA,2023-02-09,20,27,24,27,25,85.19,59.26,92.0,8.96,23.7,11.6,16.67,4.24,4.61,3.04,3.44
DCA,2023-02-09,21,3,34,4,33,100.0,100.0,75.76,2.25,15.0,3.68,3.0,9.58,9.79,10.79,12.12
DCA,2023-02-09,22,25,20,26,20,96.15,76.92,90.0,2.19,21.38,9.12,7.62,2.35,4.72,1.65,9.45
DCA,2023-02-09,23,0,15,0,15,0.0,0.0,86.67,0.0,0.0,0.0,0.0,2.67,1.09,0.6,6.73
DCA,2023-02-10,0,0,1,0,1,0.0,0.0,100.0,0.0,0.0,0.0,0.0,0.0,1.5,3.0,3.0
DCA,2023-02-10,5,3,0,3,0,100.0,100.0,0.0,0.0,12.0,0.8,0.0,0.0,0.0,0.0,0.0
DCA,2023-02-10,6,37,6,37,6,100.0,91.89,100.0,0.38,21.95,10.42,7.43,0.33,6.47,0.0,0.0
DCA,2023-02-10,7,22,29,22,29,100.0,86.36,96.55,0.5,18.86,7.27,4.73,4.76,3.66,1.24,0.62
DCA,2023-02-10,8,38,15,38,15,97.37,65.79,93.33,0.66,28.11,16.01,11.58,6.33,5.58,2.2,1.2
DCA,2023-02-10,9,17,33,17,33,94.12,88.24,100.0,1.82,19.41,7.89,6.47,9.42,2.53,1.88,0.97
DCA,2023-02-10,10,35,17,37,18,94.59,62.16,94.44,3.92,28.27,16.07,15.32,3.17,2.61,1.22,7.72
DCA,2023-02-10,11,25,29,25,29,88.0,88.0,96.55,7.44,16.0,4.61,9.68,2.76,2.18,0.86,1.28
DCA,2023-02-10,12,24,28,25,28,84.0,80.0,96.43,7.28,19.12,7.38,11.44,2.64,3.28,1.25,5.43
DCA,2023-02-10,13,29,25,30,27,86.67,60.0,88.89,7.47,25.2,13.36,16.33,4.3,1.73,2.78,3.81
DCA,2023-02-10,14,22,30,23,30,86.96,78.26,86.67,5.17,20.52,8.7,11.0,6.1,0.76,1.03,12.57
DCA,2023-02-10,15,31,23,32,23,84.38,71.88,82.61,10.19,23.56,11.82,18.28,2.65,7.18,2.96,10.43
DCA,2023-02-10,16,23,32,23,32,91.3,82.61,93.75,6.48,20.26,8.8,12.43,5.31,1.23,1.94,2.28
DCA,2023-02-10,17,30,24,30,24,93.33,80.0,91.67,2.33,22.87,10.67,8.83,1.75,3.25,1.33,4.38
DCA,2023-02-10,18,28,27,28,27,85.71,75.0,81.48,5.93,18.57,6.99,10.5,3.59,1.85,0.44,7.19
DCA,2023-02-10,19,21,29,21,30,85.71,76.19,86.67,3.0,23.05,11.63,10.33,3.93,2.39,3.0,5.03
DCA,2023-02-10,20,27,24,27,24,92.59,62.96,75.0,5.74,26.37,14.33,14.96,4.46,4.18,2.71,26.13
DCA,2023-02-10,21,3,34,4,34,75.0,75.0,94.12,4.0,21.25,9.53,5.5,5.56,1.3,1.53,1.59
DCA,2023-02-10,22,25,20,25,20,96.0,96.0,95.0,6.6,17.52,5.46,7.32,1.75,3.28,2.05,3.2
DCA,2023-02-10,23,0,15,0,15,0.0,0.0,86.67,0.0,0.0,0.0,0.0,2.33,1.46,1.13,4.8
DCA,2023-02-11,0,0,2,0,1,0.0,0.0,100.0,0.0,0.0,0.0,0.0,0.0,0.5,0.0,0.0
DCA,2023-02-11,1,0,0,0,0,0.0,0.0,0.0,0.0,0.0,0.0,0.0,0.0,0.0,0.0,0.0
DCA,2023-02-11,5,3,0,3,0,100.0,66.67,0.0,0.0,27.0,15.03,9.33,0.0,0.0,0.0,0.0
DCA,2023-02-11,6,29,1,29,1,93.1,89.66,100.0,3.21,16.07,5.0,5.52,0.0,1.3,0.0,0.0
DCA,2023-02-11,7,19,24,19,24,94.74,89.47,100.0,2.95,18.05,6.74,6.11,2.38,2.61,1.29,0.54
DCA,2023-02-11,8,35,11,34,11,97.06,94.12,90.91,2.62,18.65,6.81,5.56,1.45,2.56,0.18,15.55
DCA,2023-02-11,9,17,30,17,30,94.12,94.12,90.0,8.0,16.94,5.64,9.18,7.53,2.44,3.3,40.4
DCA,2023-02-11,10,31,14,31,14,83.87,67.74,100.0,26.26,21.61,9.6,32.32,2.57,2.54,0.0,0.0
DCA,2023-02-11,11,21,18,21,18,95.24,95.24,100.0,26.33,16.29,5.06,28.29,1.39,1.73,0.22,0.56
DCA,2023-02-11,12,15,27,15,27,86.67,80.0,92.59,11.0,16.6,5.11,13.87,2.44,0.87,0.3,14.26
DCA,2023-02-11,13,22,20,22,20,90.91,86.36,95.0,5.41,20.86,8.98,10.09,2.0,2.47,0.0,7.15
DCA,2023-02-11,14,23,20,24,21,91.67,87.5,90.48,5.79,16.08,4.84,7.79,2.1,2.14,1.76,17.29
DCA,2023-02-11,15,13,27,14,27,85.71,85.71,74.07,13.36,15.57,3.84,15.0,1.67,0.75,1.3,12.19
DCA,2023-02-11,16,25,14,26,14,88.46,80.77,100.0,4.12,19.73,7.98,9.12,2.71,1.09,2.07,1.36
DCA,2023-02-11,17,21,23,21,23,90.48,80.95,86.96,5.52,18.9,7.01,9.43,1.04,4.66,0.96,5.65
DCA,2023-02-11,18,17,20,17,20,82.35,76.47,85.0,9.94,13.71,2.28,10.76,1.1,0.7,0.25,7.25
DCA,2023-02-11,19,21,14,21,15,85.71,80.95,73.33,9.52,18.76,7.42,13.0,1.93,4.29,1.47,54.93
DCA,2023-02-11,20,11,19,11,19,100.0,90.91,78.95,1.09,18.45,6.28,2.82,1.32,2.65,1.53,15.89
DCA,2023-02-11,21,3,17,3,18,100.0,100.0,83.33,0.0,14.67,2.8,0.0,1.56,1.59,0.22,6.0
DCA,2023-02-11,22,2,14,2,14,100.0,100.0,78.57,0.0,11.5,0.0,0.0,1.29,3.02,0.21,6.79
DCA,2023-02-11,23,0,12,1,12,100.0,0.0,83.33,0.0,27.0,14.7,15.0,1.33,3.12,1.58,10.58
DCA,2023-02-12,0,0,1,0,2,0.0,0.0,100.0,0.0,0.0,0.0,0.0,1.0,0.5,3.5,0.0
DCA,2023-02-12,5,3,0,3,0,100.0,100.0,0.0,1.0,14.0,2.47,2.67,0.0,0.0,0.0,0.0
DCA,2023-02-12,6,24,1,23,1,100.0,95.65,100.0,0.17,16.13,4.99,3.3,0.0,3.3,0.0,0.0
DCA,2023-02-12,7,18,18,18,18,83.33,77.78,94.44,4.11,21.11,9.75,10.72,2.5,4.61,1.17,6.28
DCA,2023-02-12,8,31,14,31,14,90.32,32.26,85.71,8.77,43.77,31.92,36.19,1.29,8.36,4.71,9.21
DCA,2023-02-12,9,18,29,18,30,94.44,50.0,80.0,5.44,33.67,21.49,22.67,3.5,11.06,10.53,12.13
DCA,2023-02-12,10,33,17,33,16,84.85,45.45,75.0,7.48,32.73,20.65,24.73,5.19,9.95,9.75,6.63
DCA,2023-02-12,11,25,25,25,25,88.0,64.0,88.0,4.76,21.52,9.94,11.44,4.72,2.24,2.0,7.04
DCA,2023-02-12,12,23,28,23,28,91.3,69.57,85.71,11.65,18.74,7.21,16.26,2.89,4.41,1.43,17.04
DCA,2023-02-12,13,30,24,31,24,90.32,74.19,83.33,10.81,19.23,7.38,15.81,4.63,2.58,2.33,7.71
DCA,2023-02-12,14,18,32,18,32,83.33,72.22,84.38,5.83,19.61,7.76,11.67,6.41,3.52,3.16,5.84
DCA,2023-02-12,15,33,20,33,20,72.73,45.45,70.0,9.42,28.73,17.02,24.39,6.55,7.06,5.5,13.55
DCA,2023-02-12,16,23,31,23,31,73.91,34.78,83.87,9.0,26.87,15.31,21.04,10.39,5.48,8.23,8.06
DCA,2023-02-12,17,30,24,30,24,66.67,53.33,75.0,41.1,23.77,11.59,50.8,6.96,2.27,2.75,13.42
DCA,2023-02-12,18,29,24,29,24,79.31,48.28,87.5,11.17,25.69,14.08,22.34,6.83,4.16,3.75,4.25
DCA,2023-02-12,19,18,32,18,33,66.67,38.89,75.76,16.22,30.89,19.14,32.28,11.36,4.01,7.64,8.3
DCA,2023-02-12,20,27,23,27,23,96.3,40.74,82.61,6.78,32.89,20.81,23.48,6.78,8.27,4.74,7.91
DCA,2023-02-12,21,3,34,4,33,75.0,75.0,69.7,4.25,26.0,13.38,13.0,12.24,3.87,7.36,15.39
DCA,2023-02-12,22,24,20,24,20,66.67,62.5,75.0,11.79,19.08,6.82,16.08,3.1,4.73,6.1,11.0
DCA,2023-02-12,23,0,15,0,15,0.0,0.0,86.67,0.0,0.0,0.0,0.0,4.47,0.85,0.27,7.4
DCA,2023-02-13,0,0,1,0,1,0.0,0.0,0.0,0.0,0.0,0.0,0.0,0.0,2.5,2.0,35.0
DCA,2023-02-13,1,0,0,0,0,0.0,0.0,0.0,0.0,0.0,0.0,0.0,0.0,0.0,0.0,0.0
DCA,2023-02-13,5,3,0,3,0,100.0,100.0,0.0,0.0,15.67,3.7,1.67,0.0,0.0,0.0,0.0
DCA,2023-02-13,6,37,6,37,6,91.89,86.49,100.0,4.59,17.86,6.51,7.73,0.5,1.92,0.0,0.0
DCA,2023-02-13,7,22,29,22,30,95.45,86.36,96.67,2.45,19.82,8.12,7.05,7.5,3.55,2.77,1.6
DCA,2023-02-13,8,38,15,38,17,92.11,78.95,88.24,7.29,24.13,12.08,14.71,5.12,3.82,4.65,4.0
DCA,2023-02-13,9,17,33,17,34,100.0,88.24,73.53,0.12,21.06,9.22,6.53,16.29,3.3,7.56,26.29
DCA,2023-02-13,10,35,17,35,17,85.71,71.43,94.12,6.54,23.29,11.13,14.17,4.53,2.19,1.47,3.65
DCA,2023-02-13,11,25,29,25,29,96.0,92.0,96.55,1.68,17.6,6.3,4.68,4.03,3.3,0.28,2.52
DCA,2023-02-13,12,24,28,24,28,95.83,91.67,96.43,2.21,18.71,7.16,5.5,4.82,1.86,0.61,3.36
DCA,2023-02-13,13,29,25,31,25,83.87,74.19,96.0,5.65,20.81,9.07,11.81,3.6,4.59,2.04,2.04
DCA,2023-02-13,14,22,30,22,30,95.45,68.18,86.67,2.73,24.36,12.56,11.73,4.3,5.99,2.0,4.57
DCA,2023-02-13,15,31,23,31,23,90.32,45.16,95.65,2.61,33.84,22.03,19.77,3.83,5.84,1.91,4.13
DCA,2023-02-13,16,23,32,24,32,95.83,70.83,100.0,3.83,28.17,16.61,15.33,5.94,1.85,2.03,1.25
DCA,2023-02-13,17,30,24,31,24,96.77,77.42,91.67,2.61,23.65,11.45,9.74,4.88,3.6,2.29,6.92
DCA,2023-02-13,18,28,27,28,27,92.86,92.86,92.59,3.93,18.96,7.43,6.57,3.93,3.4,2.07,8.33
DCA,2023-02-13,19,21,29,22,31,90.91,90.91,90.32,9.32,17.86,6.47,12.86,2.55,4.04,1.94,3.52
DCA,2023-02-13,20,27,24,28,24,100.0,85.71,87.5,0.93,21.93,9.96,5.93,3.58,3.4,3.79,4.71
DCA,2023-02-13,21,3,34,4,35,100.0,100.0,88.57,0.0,14.0,2.6,0.25,5.91,4.1,4.4,15.63
DCA,2023-02-13,22,25,20,25,20,92.0,88.0,75.0,3.36,15.52,3.62,4.36,3.05,1.71,0.8,8.85
DCA,2023-02-13,23,0,15,0,15,0.0,0.0,80.0,0.0,0.0,0.0,0.0,2.67,2.59,0.6,3.33
DCA,2023-02-14,0,0,1,0,1,0.0,0.0,100.0,0.0,0.0,0.0,0.0,0.0,0.5,0.0,0.0
DCA,2023-02-14,3,0,0,0,0,0.0,0.0,0.0,0.0,0.0,0.0,0.0,0.0,0.0,0.0,0.0
DCA,2023-02-14,5,3,0,3,0,100.0,100.0,0.0,0.0,15.67,3.97,0.67,0.0,0.0,0.0,0.0
DCA,2023-02-14,6,37,6,37,6,94.59,78.38,100.0,1.86,20.27,8.74,6.51,0.17,1.8,0.0,0.0
DCA,2023-02-14,7,22,29,22,29,100.0,90.91,96.55,0.32,21.05,9.43,4.14,3.62,2.96,0.24,10.1
DCA,2023-02-14,8,38,15,38,16,92.11,57.89,87.5,2.76,28.24,16.09,13.39,2.75,6.14,2.13,24.06
DCA,2023-02-14,9,17,33,17,33,94.12,76.47,84.85,1.47,24.06,12.15,9.24,5.55,3.58,2.61,12.79
DCA,2023-02-14,10,35,17,35,17,91.43,51.43,82.35,4.91,30.06,17.95,16.94,4.06,2.65,2.76,5.71
DCA,2023-02-14,11,25,29,25,28,100.0,96.0,92.86,0.16,17.84,6.38,2.24,4.68,2.99,1.25,2.93
DCA,2023-02-14,12,24,28,25,28,88.0,80.0,92.86,5.0,17.08,5.79,8.04,2.86,4.94,2.5,5.14
DCA,2023-02-14,13,29,25,30,25,96.67,83.33,92.0,1.27,20.1,8.54,6.57,3.48,3.5,1.48,2.12
DCA,2023-02-14,14,22,30,22,30,95.45,81.82,90.0,1.95,22.18,10.42,9.68,7.03,4.09,3.33,3.53
DCA,2023-02-14,15,31,23,31,23,96.77,70.97,95.65,1.65,25.71,13.9,10.26,2.74,9.22,3.17,6.39
DCA,2023-02-14,16,23,32,24,33,91.67,87.5,96.97,5.88,18.13,6.78,10.17,5.21,2.41,0.61,1.42
DCA,2023-02-14,17,30,24,31,24,93.55,83.87,95.83,2.1,18.94,6.86,4.9,2.88,2.21,1.46,1.75
DCA,2023-02-14,18,28,27,28,27,96.43,96.43,96.3,1.5,15.96,4.76,2.79,4.93,2.79,0.56,3.74
DCA,2023-02-14,19,21,29,21,31,95.24,90.48,90.32,1.48,19.48,8.09,5.81,11.29,2.45,3.68,2.13
DCA,2023-02-14,20,27,24,27,24,100.0,96.3,87.5,0.11,24.48,12.39,5.15,4.0,4.84,1.0,14.0
DCA,2023-02-14,21,3,34,4,34,100.0,100.0,91.18,0.25,13.25,2.68,2.25,8.29,2.71,2.62,3.44
DCA,2023-02-14,22,25,20,25,20,96.0,96.0,95.0,0.72,15.6,3.65,0.96,3.2,3.39,2.0,2.35
DCA,2023-02-14,23,0,15,0,15,0.0,0.0,100.0,0.0,0.0,0.0,0.0,3.33,1.11,0.73,0.47
DCA,2023-02-15,0,0,1,0,1,0.0,0.0,100.0,0.0,0.0,0.0,0.0,0.0,0.5,0.0,0.0
DCA,2023-02-15,5,3,0,3,0,100.0,100.0,0.0,0.0,14.67,3.47,2.33,0.0,0.0,0.0,0.0
DCA,2023-02-15,6,37,6,38,6,100.0,94.74,100.0,0.53,16.39,5.27,3.13,0.83,3.3,0.0,0.0
DCA,2023-02-15,7,22,29,22,29,100.0,86.36,100.0,0.0,20.55,8.86,4.27,4.52,6.3,1.31,0.9
DCA,2023-02-15,8,38,15,39,16,87.18,74.36,100.0,6.23,22.67,10.57,12.38,4.63,3.7,1.69,0.63
DCA,2023-02-15,9,17,33,17,33,94.12,94.12,87.88,7.12,15.29,3.71,8.24,11.27,5.97,5.52,3.42
DCA,2023-02-15,10,35,17,34,18,94.12,73.53,83.33,4.18,23.0,10.95,10.71,2.22,4.71,3.39,14.0
DCA,2023-02-15,11,25,29,25,29,92.0,92.0,93.1,8.88,14.32,3.41,10.32,2.93,4.54,0.93,2.24
DCA,2023-02-15,12,24,28,25,27,88.0,80.0,85.19,6.72,17.64,6.1,10.64,4.33,4.16,0.96,3.11
DCA,2023-02-15,13,29,25,30,27,96.67,90.0,100.0,1.63,18.9,7.17,4.9,4.52,3.71,0.33,0.07
DCA,2023-02-15,14,22,30,23,30,78.26,73.91,93.33,23.74,16.22,4.9,27.74,7.47,2.79,2.0,3.13
DCA,2023-02-15,15,31,23,31,23,90.32,74.19,100.0,8.45,20.81,9.0,14.35,2.48,6.11,1.09,1.17
DCA,2023-02-15,16,23,32,26,33,92.31,88.46,90.91,4.69,17.19,5.82,8.04,3.45,2.62,0.97,4.94
DCA,2023-02-15,17,30,24,30,24,90.0,90.0,87.5,6.1,16.47,4.56,8.63,3.79,4.5,2.88,18.92
DCA,2023-02-15,18,28,27,28,27,85.71,71.43,88.89,7.5,17.93,6.63,11.82,3.85,1.97,0.67,3.22
DCA,2023-02-15,19,21,29,21,31,90.48,80.95,96.77,4.43,20.14,9.0,9.1,3.68,3.97,2.03,1.1
DCA,2023-02-15,20,27,24,28,24,100.0,78.57,83.33,0.14,27.04,14.96,8.04,3.67,4.36,0.54,6.0
DCA,2023-02-15,21,3,34,4,34,75.0,75.0,91.18,12.0,22.0,10.28,13.25,5.47,3.3,2.5,4.76
DCA,2023-02-15,22,25,20,25,20,88.0,84.0,100.0,7.16,16.68,4.96,9.16,1.45,3.49,0.0,0.25
DCA,2023-02-15,23,0,15,0,15,0.0,0.0,80.0,0.0,0.0,0.0,0.0,1.47,1.44,1.47,9.13
DCA,2023-02-16,0,0,1,0,1,0.0,0.0,100.0,0.0,0.0,0.0,0.0,0.0,1.5,7.0,8.0
DCA,2023-02-16,5,3,0,3,0,100.0,100.0,0.0,2.33,14.0,2.13,4.33,0.0,0.0,0.0,0.0
DCA,2023-02-16,6,37,6,37,6,97.3,94.59,100.0,4.54,15.41,4.18,6.7,1.5,6.47,0.0,0.0
DCA,2023-02-16,7,22,29,22,29,95.45,95.45,96.55,2.18,16.14,4.56,4.0,3.38,6.28,0.83,3.14
DCA,2023-02-16,8,38,15,39,16,97.44,71.79,87.5,1.23,23.87,11.79,9.44,3.38,5.59,4.69,4.31
DCA,2023-02-16,9,17,33,17,33,82.35,70.59,69.7,9.94,21.35,9.58,16.41,18.12,4.34,20.21,19.82
DCA,2023-02-16,10,35,17,35,19,82.86,80.0,78.95,9.37,18.43,6.66,14.0,6.68,3.38,5.84,7.37
DCA,2023-02-16,11,25,29,24,30,87.5,79.17,83.33,5.96,18.71,7.47,11.25,5.53,3.1,5.37,19.8
DCA,2023-02-16,12,25,27,24,26,79.17,50.0,34.62,17.46,28.21,16.22,30.04,57.19,4.8,52.0,62.04
DCA,2023-02-16,13,28,26,30,27,50.0,43.33,74.07,45.67,20.17,8.3,53.0,21.89,2.6,13.74,21.67
DCA,2023-02-16,14,22,30,22,37,45.45,40.91,51.35,48.82,18.95,7.47,55.09,5.86,3.64,14.3,30.59
DCA,2023-02-16,15,31,23,30,24,40.0,36.67,41.67,38.43,18.17,6.39,44.43,4.21,4.43,18.58,29.88
DCA,2023-02-16,16,23,32,24,34,33.33,16.67,29.41,41.13,21.71,10.14,50.79,4.03,5.05,13.74,41.5
DCA,2023-02-16,17,30,24,31,24,45.16,35.48,54.17,29.65,19.06,6.97,35.9,3.58,5.36,8.63,36.29
DCA,2023-02-16,18,28,27,28,26,46.43,32.14,57.69,28.64,22.46,10.93,38.82,5.5,5.02,8.04,26.77
DCA,2023-02-16,19,21,30,20,31,65.0,45.0,48.39,16.15,23.75,12.29,27.0,5.0,4.55,9.16,21.94
DCA,2023-02-16,20,27,24,26,24,73.08,61.54,62.5,18.23,22.46,10.36,24.92,2.79,2.84,5.42,20.33
DCA,2023-02-16,21,4,34,3,32,100.0,100.0,56.25,2.67,17.33,4.8,3.0,3.72,2.83,2.28,20.31
DCA,2023-02-16,22,25,20,25,20,72.0,72.0,55.0,66.12,14.72,2.84,68.16,2.15,4.68,5.4,31.35
DCA,2023-02-16,23,0,15,0,13,0.0,0.0,61.54,0.0,0.0,0.0,0.0,3.15,8.65,7.54,25.54
DCA,2023-02-17,0,0,1,0,1,0.0,0.0,0.0,0.0,0.0,0.0,0.0,3.0,1.5,0.0,49.0
DCA,2023-02-17,1,0,0,0,0,0.0,0.0,0.0,0.0,0.0,0.0,0.0,0.0,0.0,0.0,0.0
DCA,2023-02-17,5,3,0,3,0,66.67,66.67,0.0,70.33,13.67,1.7,71.67,0.0,0.0,0.0,0.0
DCA,2023-02-17,6,37,6,35,6,91.43,88.57,83.33,17.46,16.17,4.95,20.86,2.67,10.8,7.67,5.0
DCA,2023-02-17,7,22,29,21,29,90.48,80.95,79.31,4.62,16.67,5.13,7.76,10.14,4.99,9.93,27.34
DCA,2023-02-17,8,38,15,37,14,70.27,62.16,64.29,17.16,18.05,5.97,21.86,28.93,2.13,26.43,28.71
DCA,2023-02-17,9,17,33,16,36,87.5,68.75,58.33,14.44,20.13,8.34,21.06,28.03,3.59,23.14,33.47
DCA,2023-02-17,10,35,17,35,19,62.86,54.29,47.37,34.66,18.89,7.11,41.06,5.42,1.93,13.79,20.74
DCA,2023-02-17,11,25,29,25,28,56.0,40.0,67.86,18.92,22.96,11.49,28.84,6.61,4.5,6.32,17.14
DCA,2023-02-17,12,25,27,25,26,48.0,40.0,80.77,41.2,22.2,10.51,50.96,4.5,3.21,1.46,11.96
DCA,2023-02-17,13,28,26,28,25,71.43,53.57,80.0,28.21,23.25,11.53,38.14,4.84,2.28,3.08,17.44
DCA,2023-02-17,14,22,30,22,31,54.55,45.45,61.29,34.27,23.68,12.02,45.45,3.52,4.28,5.77,38.1
DCA,2023-02-17,15,31,23,32,24,53.13,28.13,62.5,34.91,26.91,15.08,48.19,3.92,4.98,6.54,35.54
DCA,2023-02-17,16,23,32,22,31,50.0,36.36,54.84,36.27,22.05,10.65,45.95,8.97,2.76,6.71,19.55
DCA,2023-02-17,17,30,24,29,23,58.62,31.03,56.52,26.55,23.55,11.4,37.07,5.35,2.8,6.65,32.78
DCA,2023-02-17,18,28,27,27,27,59.26,55.56,59.26,51.78,18.67,7.22,57.07,4.37,3.48,2.93,22.33
DCA,2023-02-17,19,21,29,20,30,55.0,35.0,26.67,22.95,27.3,15.88,37.4,6.43,4.02,11.5,39.3
DCA,2023-02-17,20,27,24,28,23,39.29,21.43,82.61,35.21,29.21,17.2,51.29,7.17,5.5,5.39,7.13
DCA,2023-02-17,21,3,34,4,35,100.0,75.0,45.71,0.25,27.25,15.53,11.0,5.37,4.64,4.74,43.43
DCA,2023-02-17,22,25,20,25,19,56.0,36.0,63.16,26.32,19.48,7.35,32.68,4.05,4.67,3.47,19.11
DCA,2023-02-17,23,0,15,1,15,100.0,100.0,40.0,0.0,13.0,1.2,0.0,1.93,4.15,2.27,51.0
DCA,2023-02-18,0,0,2,0,1,0.0,0.0,0.0,0.0,0.0,0.0,0.0,0.0,0.5,0.0,44.0
DCA,2023-02-18,1,0,0,0,0,0.0,0.0,0.0,0.0,0.0,0.0,0.0,0.0,0.0,0.0,0.0
DCA,2023-02-18,2,0,0,0,0,0.0,0.0,0.0,0.0,0.0,0.0,0.0,0.0,0.0,0.0,0.0
DCA,2023-02-18,5,3,0,3,0,100.0,100.0,0.0,0.0,18.0,6.03,4.67,0.0,0.0,0.0,0.0
DCA,2023-02-18,6,29,1,29,1,96.55,93.1,100.0,3.1,14.21,3.13,4.72,1.0,6.3,0.0,0.0
DCA,2023-02-18,7,18,23,18,23,83.33,77.78,91.3,12.11,18.39,6.97,16.72,3.26,2.29,2.65,1.74
DCA,2023-02-18,8,35,10,36,10,83.33,63.89,80.0,9.64,23.31,11.21,17.72,1.2,3.92,3.5,4.3
DCA,2023-02-18,9,16,30,16,30,87.5,81.25,83.33,6.0,17.88,6.24,10.63,5.47,2.87,0.53,14.9
DCA,2023-02-18,10,31,14,31,14,77.42,54.84,92.86,27.87,22.35,10.5,36.0,3.21,1.38,0.43,3.14
DCA,2023-02-18,11,22,19,22,20,100.0,86.36,95.0,0.27,18.5,7.01,4.59,2.1,1.8,0.75,4.25
DCA,2023-02-18,12,16,26,16,26,87.5,75.0,88.46,3.38,19.0,7.29,7.63,2.73,1.0,0.27,15.85
DCA,2023-02-18,13,22,21,22,21,100.0,100.0,85.71,0.32,16.73,4.91,1.27,2.76,1.6,2.1,5.52
DCA,2023-02-18,14,23,21,25,21,88.0,88.0,95.24,6.6,16.6,4.99,9.24,1.29,2.29,0.0,2.38
DCA,2023-02-18,15,14,27,14,27,92.86,78.57,77.78,2.86,16.5,4.84,5.5,1.93,1.23,0.19,8.33
DCA,2023-02-18,16,25,14,25,14,92.0,76.0,85.71,5.64,15.88,4.16,7.2,2.14,1.44,0.0,5.5
DCA,2023-02-18,17,21,23,21,23,95.24,85.71,86.96,2.0,15.19,3.5,3.9,0.7,3.4,1.22,14.74
DCA,2023-02-18,18,17,20,17,20,82.35,82.35,90.0,9.47,13.94,2.35,10.29,2.9,1.62,2.1,7.75
DCA,2023-02-18,19,21,14,22,15,95.45,95.45,86.67,2.09,16.0,4.8,3.86,2.6,2.13,2.07,4.87
DCA,2023-02-18,20,10,19,10,19,70.0,80.0,94.74,8.8,13.9,2.32,9.9,2.95,2.23,0.84,18.68
DCA,2023-02-18,21,3,16,3,16,100.0,100.0,87.5,0.0,12.0,0.9,0.0,2.5,1.24,0.88,9.44
DCA,2023-02-18,22,1,14,1,14,100.0,100.0,85.71,0.0,14.0,1.7,0.0,1.07,4.62,2.71,6.29
DCA,2023-02-18,23,0,12,0,12,0.0,0.0,83.33,0.0,0.0,0.0,0.0,1.42,2.75,1.0,11.83
DCA,2023-02-19,0,0,1,0,2,0.0,0.0,100.0,0.0,0.0,0.0,0.0,2.0,2.0,0.0,0.0
DCA,2023-02-19,1,0,0,0,0,0.0,0.0,0.0,0.0,0.0,0.0,0.0,0.0,0.0,0.0,0.0
DCA,2023-02-19,2,0,0,0,0,0.0,0.0,0.0,0.0,0.0,0.0,0.0,0.0,0.0,0.0,0.0
DCA,2023-02-19,5,3,0,3,0,66.67,66.67,0.0,24.0,19.0,7.63,31.33,0.0,0.0,0.0,0.0
DCA,2023-02-19,6,24,1,24,1,95.83,95.83,100.0,21.0,14.63,3.68,22.46,2.0,1.3,0.0,0.0
DCA,2023-02-19,7,18,18,17,18,100.0,94.12,100.0,0.0,15.12,3.78,2.12,2.33,3.09,0.39,0.0
DCA,2023-02-19,8,31,14,31,14,93.55,87.1,92.86,17.58,19.97,8.25,22.0,1.5,3.96,0.57,3.36
DCA,2023-02-19,9,18,29,18,29,83.33,83.33,100.0,18.44,18.61,6.67,21.39,4.55,4.91,1.31,0.52
DCA,2023-02-19,10,33,17,33,18,100.0,84.85,100.0,0.0,22.58,10.66,6.03,3.17,6.93,1.44,1.06
DCA,2023-02-19,11,25,25,26,25,96.15,84.62,92.0,1.27,15.65,4.32,3.69,3.04,4.11,1.2,1.48
DCA,2023-02-19,12,24,27,24,27,95.83,91.67,96.3,14.25,16.92,5.4,16.83,4.56,1.99,1.44,0.85
DCA,2023-02-19,13,29,25,30,25,93.33,76.67,88.0,5.8,20.13,8.35,11.2,6.32,6.92,4.64,8.72
DCA,2023-02-19,14,18,32,18,33,83.33,77.78,93.94,5.56,18.94,7.3,11.11,7.91,4.86,3.3,4.06
DCA,2023-02-19,15,33,20,33,20,84.85,72.73,95.0,6.82,19.7,8.05,12.67,3.8,4.07,1.4,2.6
DCA,2023-02-19,16,23,31,23,32,95.65,73.91,93.75,2.91,17.26,6.33,7.52,8.47,5.51,2.22,4.97
DCA,2023-02-19,17,30,24,31,24,87.1,74.19,87.5,6.23,18.65,6.58,11.06,3.38,3.22,1.13,7.58
DCA,2023-02-19,18,29,24,29,24,79.31,79.31,95.83,12.69,17.41,5.87,16.28,2.5,1.45,0.96,1.29
DCA,2023-02-19,19,18,32,18,33,94.44,72.22,87.88,1.67,24.22,12.49,10.33,6.03,3.68,3.39,3.39
DCA,2023-02-19,20,27,23,27,23,100.0,59.26,60.87,0.59,30.78,18.67,12.93,5.57,7.18,5.04,25.04
DCA,2023-02-19,21,3,34,5,35,60.0,60.0,80.0,11.8,19.0,7.0,15.6,13.54,4.27,7.0,8.26
DCA,2023-02-19,22,24,20,24,20,87.5,75.0,95.0,4.38,19.04,6.9,8.29,2.9,5.41,1.9,4.25
DCA,2023-02-19,23,0,15,0,15,0.0,0.0,100.0,0.0,0.0,0.0,0.0,2.73,2.93,0.13,0.4
DCA,2023-02-20,0,0,1,0,1,0.0,0.0,100.0,0.0,0.0,0.0,0.0,0.0,0.5,0.0,0.0
DCA,2023-02-20,1,0,0,0,0,0.0,0.0,0.0,0.0,0.0,0.0,0.0,0.0,0.0,0.0,0.0
DCA,2023-02-20,5,3,0,3,0,100.0,100.0,0.0,0.0,13.33,2.3,0.67,0.0,0.0,0.0,0.0
DCA,2023-02-20,6,37,6,37,6,91.89,81.08,100.0,4.51,18.19,6.86,9.0,0.5,2.8,0.0,0.0
DCA,2023-02-20,7,22,29,22,29,95.45,95.45,93.1,3.68,19.36,7.9,6.91,2.28,7.98,2.45,2.14
DCA,2023-02-20,8,38,15,39,15,97.44,82.05,93.33,1.26,20.46,8.65,7.0,1.53,5.95,2.07,1.33
DCA,2023-02-20,9,17,33,18,33,94.44,83.33,90.91,1.56,16.94,5.49,4.17,2.97,5.98,1.61,7.82
DCA,2023-02-20,10,35,17,35,17,91.43,82.86,100.0,6.8,19.09,7.25,10.97,2.35,2.74,1.06,0.24
DCA,2023-02-20,11,25,29,25,29,96.0,96.0,93.1,1.44,14.12,3.16,2.44,2.93,2.25,0.07,3.48
DCA,2023-02-20,12,25,27,25,27,88.0,88.0,96.3,6.08,15.72,4.19,7.68,4.26,3.25,0.3,3.89
DCA,2023-02-20,13,28,26,29,26,96.55,93.1,100.0,4.52,17.69,6.02,8.34,3.69,2.61,0.65,0.08
DCA,2023-02-20,14,22,30,22,30,95.45,86.36,90.0,1.95,17.41,5.8,4.86,4.97,3.52,3.6,6.5
DCA,2023-02-20,15,31,23,31,23,80.65,74.19,91.3,13.55,20.16,8.35,18.58,3.13,3.45,2.96,3.13
DCA,2023-02-20,16,23,32,23,33,86.96,78.26,93.94,4.52,18.17,6.82,8.61,6.06,3.48,1.76,4.03
DCA,2023-02-20,17,30,24,30,24,90.0,83.33,95.83,5.1,18.47,6.33,8.43,4.21,3.71,1.42,1.42
DCA,2023-02-20,18,28,27,28,27,89.29,89.29,96.3,3.29,16.21,4.88,5.46,2.56,2.35,1.52,1.7
DCA,2023-02-20,19,21,29,21,30,95.24,95.24,86.67,1.05,16.33,5.18,3.71,2.4,5.43,3.87,11.07
DCA,2023-02-20,20,27,24,28,24,89.29,82.14,95.83,4.68,18.0,6.21,7.29,2.71,2.63,1.38,3.33
DCA,2023-02-20,21,3,34,4,34,100.0,100.0,82.35,0.0,14.5,3.1,0.5,5.12,3.64,3.32,15.56
DCA,2023-02-20,22,25,20,25,20,100.0,100.0,65.0,0.12,17.6,5.61,2.28,1.8,4.26,1.2,19.6
DCA,2023-02-20,23,0,15,0,15,0.0,0.0,86.67,0.0,0.0,0.0,0.0,1.87,1.23,0.33,3.47
DCA,2023-02-21,0,0,1,0,1,0.0,0.0,0.0,0.0,0.0,0.0,0.0,3.0,3.5,0.0,42.0
DCA,2023-02-21,1,0,0,0,0,0.0,0.0,0.0,0.0,0.0,0.0,0.0,0.0,0.0,0.0,0.0
DCA,2023-02-21,2,0,0,0,0,0.0,0.0,0.0,0.0,0.0,0.0,0.0,0.0,0.0,0.0,0.0
DCA,2023-02-21,5,3,0,3,0,66.67,66.67,0.0,45.33,15.0,3.03,47.33,0.0,0.0,0.0,0.0
DCA,2023-02-21,6,37,6,37,6,94.59,83.78,100.0,2.38,18.41,7.02,6.43,0.33,6.47,0.0,0.0
DCA,2023-02-21,7,22,29,22,29,100.0,95.45,82.76,0.45,19.32,7.62,3.95,2.93,4.17,2.69,11.62
DCA,2023-02-21,8,38,15,39,15,92.31,69.23,86.67,3.62,26.0,13.99,13.82,6.47,2.45,4.47,5.53
DCA,2023-02-21,9,17,33,16,33,81.25,75.0,84.85,4.13,21.69,9.81,9.63,11.06,7.58,5.7,5.24
DCA,2023-02-21,10,35,17,35,17,97.14,51.43,82.35,2.23,32.17,19.95,18.03,3.29,2.85,2.24,8.35
DCA,2023-02-21,11,25,29,25,29,88.0,80.0,86.21,4.48,18.2,6.98,8.52,2.86,2.21,0.17,3.66
DCA,2023-02-21,12,25,27,25,28,88.0,88.0,100.0,8.48,16.32,4.96,11.0,4.0,2.44,1.46,1.39
DCA,2023-02-21,13,28,26,29,26,100.0,72.41,84.62,0.83,22.31,10.55,8.03,3.38,4.02,0.88,5.15
DCA,2023-02-21,14,22,30,22,30,77.27,68.18,80.0,10.86,20.91,9.2,17.73,3.6,2.34,1.73,19.9
DCA,2023-02-21,15,31,23,31,23,77.42,54.84,91.3,9.94,25.84,14.05,21.1,4.17,5.13,2.7,5.22
DCA,2023-02-21,16,23,32,24,33,87.5,75.0,90.91,10.38,24.58,13.04,20.04,9.67,0.89,2.21,3.76
DCA,2023-02-21,17,30,24,30,24,83.33,66.67,100.0,9.77,24.2,12.06,18.53,2.08,2.88,0.58,0.88
DCA,2023-02-21,18,28,27,28,27,85.71,75.0,92.59,6.07,20.39,8.91,11.14,2.78,2.79,0.7,4.22
DCA,2023-02-21,19,21,29,21,29,85.71,80.95,82.76,5.33,18.86,7.46,9.67,6.34,1.62,2.55,9.24
DCA,2023-02-21,20,27,24,27,24,85.19,81.48,87.5,7.26,20.85,8.76,11.44,3.17,3.0,0.63,7.29
DCA,2023-02-21,21,3,34,4,34,100.0,100.0,79.41,0.0,13.5,2.17,0.0,3.44,1.97,1.32,13.71
DCA,2023-02-21,22,25,20,24,20,95.83,95.83,80.0,1.21,17.54,5.4,3.46,1.75,3.32,0.6,12.7
DCA,2023-02-21,23,0,15,0,15,0.0,0.0,80.0,0.0,0.0,0.0,0.0,2.0,1.03,0.0,67.67
DCA,2023-02-22,0,0,1,0,1,0.0,0.0,100.0,0.0,0.0,0.0,0.0,2.0,0.5,0.0,0.0
DCA,2023-02-22,1,0,0,0,0,0.0,0.0,0.0,0.0,0.0,0.0,0.0,0.0,0.0,0.0,0.0
DCA,2023-02-22,5,3,0,3,0,100.0,100.0,0.0,2.67,13.67,1.97,2.33,0.0,0.0,0.0,0.0
DCA,2023-02-22,6,37,6,37,6,100.0,91.89,83.33,0.32,18.03,6.72,4.3,5.5,4.97,1.17,24.33
DCA,2023-02-22,7,22,29,21,29,100.0,95.24,100.0,0.57,17.86,6.28,3.71,3.55,3.39,1.21,0.41
DCA,2023-02-22,8,38,15,38,17,97.37,86.84,76.47,0.82,20.84,8.89,5.5,6.59,4.16,4.76,10.06
DCA,2023-02-22,9,17,33,17,33,94.12,88.24,78.79,2.94,17.59,5.91,6.24,11.79,6.16,6.06,15.42
DCA,2023-02-22,10,35,17,35,17,88.57,80.0,94.12,3.51,20.46,8.46,8.8,3.41,1.36,3.24,2.47
DCA,2023-02-22,11,25,29,24,29,95.83,95.83,93.1,3.04,16.38,4.93,5.58,2.62,3.78,1.62,3.52
DCA,2023-02-22,12,25,27,25,28,80.0,72.0,96.43,7.96,19.76,8.32,13.36,6.07,3.62,3.43,3.5
DCA,2023-02-22,13,28,26,29,25,89.66,75.86,92.0,4.14,22.69,11.07,13.0,5.44,2.6,1.8,3.44
DCA,2023-02-22,14,22,30,22,28,86.36,72.73,75.0,7.18,21.32,9.77,13.64,4.64,4.31,4.21,7.57
DCA,2023-02-22,15,31,23,29,22,72.41,68.97,86.36,9.66,22.24,10.51,16.83,3.45,4.05,1.59,5.64
DCA,2023-02-22,16,23,32,24,31,70.83,62.5,77.42,19.54,18.79,7.55,25.58,3.16,2.66,6.1,10.19
DCA,2023-02-22,17,30,24,28,24,92.86,71.43,83.33,4.46,23.32,11.28,12.11,4.08,2.97,3.0,24.75
DCA,2023-02-22,18,28,27,25,26,96.0,84.0,80.77,2.44,20.16,8.91,8.12,2.42,2.65,3.54,9.0
DCA,2023-02-22,19,21,29,21,30,90.48,76.19,76.67,5.48,19.62,8.2,11.43,5.4,4.55,8.13,10.33
DCA,2023-02-22,20,27,24,25,23,88.0,76.0,86.96,5.28,21.48,9.48,10.76,3.35,3.98,0.52,10.35
DCA,2023-02-22,21,3,34,5,33,100.0,100.0,72.73,0.0,14.6,3.28,1.6,10.48,1.54,10.97,15.55
DCA,2023-02-22,22,25,20,21,16,95.24,95.24,81.25,4.48,14.52,2.91,5.1,3.25,2.26,2.56,6.31
DCA,2023-02-22,23,0,15,0,14,0.0,0.0,78.57,0.0,0.0,0.0,0.0,2.64,0.93,2.21,19.57
DCA,2023-02-23,0,0,1,0,1,0.0,0.0,100.0,0.0,0.0,0.0,0.0,0.0,1.5,0.0,0.0
DCA,2023-02-23,1,0,0,0,0,0.0,0.0,0.0,0.0,0.0,0.0,0.0,0.0,0.0,0.0,0.0
DCA,2023-02-23,2,0,0,0,0,0.0,0.0,0.0,0.0,0.0,0.0,0.0,0.0,0.0,0.0,0.0
DCA,2023-02-23,5,3,0,3,0,66.67,66.67,0.0,6.0,13.67,1.7,7.0,0.0,0.0,0.0,0.0
DCA,2023-02-23,6,37,6,36,3,88.89,86.11,100.0,4.94,17.89,6.61,8.97,1.67,5.63,4.0,3.67
DCA,2023-02-23,7,22,29,21,27,95.24,85.71,77.78,2.19,18.71,7.2,5.86,1.89,6.94,10.63,13.7
DCA,2023-02-23,8,38,15,38,15,84.21,65.79,73.33,16.76,22.97,11.13,23.55,5.27,6.11,7.0,20.67
DCA,2023-02-23,9,17,33,16,33,75.0,75.0,84.85,19.06,19.19,7.46,24.31,5.97,6.42,9.58,18.82
DCA,2023-02-23,10,35,17,36,16,88.89,66.67,68.75,10.58,23.81,11.68,18.39,3.94,6.32,13.31,17.63
DCA,2023-02-23,11,25,29,24,29,87.5,87.5,93.1,8.13,15.67,4.26,10.29,3.28,4.13,0.24,2.9
DCA,2023-02-23,12,25,27,25,26,84.0,80.0,80.77,10.96,16.56,5.02,12.88,6.08,2.56,3.77,17.88
DCA,2023-02-23,13,28,26,28,26,85.71,64.29,84.62,6.25,24.0,12.19,16.21,3.65,4.95,4.31,9.27
DCA,2023-02-23,14,22,30,22,30,63.64,45.45,60.0,14.18,25.86,14.26,26.55,4.3,4.0,7.07,24.7
DCA,2023-02-23,15,31,23,31,22,67.74,41.94,86.36,25.19,23.61,11.81,34.94,4.18,5.89,4.09,7.23
DCA,2023-02-23,16,23,32,23,33,78.26,69.57,81.82,25.3,19.09,7.62,31.04,6.21,3.67,4.18,10.33
DCA,2023-02-23,17,30,24,29,24,72.41,55.17,70.83,46.28,26.38,14.23,58.38,3.46,4.01,3.13,26.46
DCA,2023-02-23,18,28,27,27,25,55.56,37.04,80.0,42.3,20.74,9.19,50.11,3.72,3.77,2.64,9.96
DCA,2023-02-23,19,21,29,21,30,61.9,52.38,63.33,23.43,18.86,7.7,30.48,1.77,7.51,7.5,53.37
DCA,2023-02-23,20,27,24,28,23,71.43,53.57,69.57,15.11,21.54,9.65,22.32,1.83,11.4,6.61,17.7
DCA,2023-02-23,21,3,34,4,33,100.0,100.0,72.73,0.0,17.75,6.03,0.5,26.91,7.12,29.85,51.67
DCA,2023-02-23,22,25,20,25,21,80.0,76.0,71.43,10.56,19.16,7.04,14.0,1.57,4.92,2.33,14.9
DCA,2023-02-23,23,0,15,0,14,0.0,0.0,64.29,0.0,0.0,0.0,0.0,1.43,1.21,4.5,13.57
DCA,2023-02-24,0,0,1,0,1,0.0,0.0,100.0,0.0,0.0,0.0,0.0,0.0,3.5,0.0,0.0
DCA,2023-02-24,2,0,0,0,0,0.0,0.0,0.0,0.0,0.0,0.0,0.0,0.0,0.0,0.0,0.0
DCA,2023-02-24,5,3,0,3,0,100.0,100.0,0.0,0.0,17.0,5.03,1.67,0.0,0.0,0.0,0.0
DCA,2023-02-24,6,37,6,35,6,94.29,91.43,66.67,6.49,15.71,4.42,8.23,0.67,4.63,9.0,6.67
DCA,2023-02-24,7,22,29,21,29,95.24,95.24,86.21,4.14,18.0,6.46,7.1,3.0,2.41,3.55,3.45
DCA,2023-02-24,8,38,15,38,14,81.58,63.16,92.86,25.26,23.24,11.14,33.29,6.21,0.89,4.57,5.79
DCA,2023-02-24,9,17,33,16,34,87.5,87.5,79.41,6.25,20.13,8.24,11.56,7.53,3.72,5.35,32.97
DCA,2023-02-24,10,35,17,36,17,72.22,61.11,70.59,14.03,22.06,9.91,20.86,3.82,1.29,8.0,11.24
DCA,2023-02-24,11,25,29,24,29,79.17,75.0,86.21,22.33,15.67,4.62,25.29,4.79,1.25,0.76,7.0
DCA,2023-02-24,12,25,27,25,27,64.0,64.0,77.78,23.96,15.84,4.37,27.04,2.96,2.24,1.0,13.44
DCA,2023-02-24,13,28,26,29,27,86.21,58.62,77.78,7.24,22.52,10.65,15.34,3.93,3.18,5.19,12.96
DCA,2023-02-24,14,22,30,22,30,45.45,31.82,63.33,25.27,23.27,11.47,35.09,10.2,3.28,4.77,14.87
DCA,2023-02-24,15,31,23,31,23,70.97,29.03,65.22,21.06,27.39,15.58,34.58,5.74,10.83,8.96,20.57
DCA,2023-02-24,16,23,32,24,32,66.67,54.17,71.88,19.67,21.08,9.51,27.5,7.16,2.27,2.22,14.59
DCA,2023-02-24,17,30,24,30,23,56.67,40.0,73.91,27.33,22.17,9.97,36.1,4.61,3.09,2.04,14.17
DCA,2023-02-24,18,28,27,27,27,62.96,62.96,70.37,24.3,19.48,8.06,30.56,4.37,1.77,0.37,18.48
DCA,2023-02-24,19,21,29,21,31,76.19,61.9,70.97,23.43,22.67,11.2,31.29,4.65,5.68,5.77,27.65
DCA,2023-02-24,20,27,24,27,24,66.67,44.44,75.0,24.56,24.44,12.34,34.33,4.38,2.65,1.54,8.75
DCA,2023-02-24,21,3,34,4,35,50.0,50.0,57.14,225.75,20.75,9.03,231.25,8.2,3.74,4.0,22.03
DCA,2023-02-24,22,25,20,25,20,76.0,56.0,80.0,12.56,21.44,9.26,19.56,3.85,2.4,0.8,15.85
DCA,2023-02-24,23,0,15,0,15,0.0,0.0,60.0,0.0,0.0,0.0,0.0,0.93,1.16,1.4,10.73
DCA,2023-02-25,0,0,2,0,1,0.0,0.0,0.0,0.0,0.0,0.0,0.0,5.0,3.5,0.0,188.0
DCA,2023-02-25,1,0,0,0,0,0.0,0.0,0.0,0.0,0.0,0.0,0.0,0.0,0.0,0.0,0.0
DCA,2023-02-25,3,0,0,0,0,0.0,0.0,0.0,0.0,0.0,0.0,0.0,0.0,0.0,0.0,0.0
DCA,2023-02-25,5,3,0,3,0,100.0,100.0,0.0,0.0,13.33,1.8,0.0,0.0,0.0,0.0,0.0
DCA,2023-02-25,6,29,1,29,1,93.1,93.1,100.0,2.76,15.21,4.26,4.9,0.0,1.3,0.0,0.0
DCA,2023-02-25,7,18,23,18,23,100.0,88.89,91.3,0.89,17.83,6.33,4.89,1.48,3.31,1.43,2.96
DCA,2023-02-25,8,35,10,35,10,94.29,74.29,80.0,1.94,23.09,11.03,8.94,1.0,2.85,2.6,7.5
DCA,2023-02-25,9,16,30,17,30,100.0,94.12,93.33,1.06,16.65,4.9,4.29,4.37,3.44,1.37,4.5
DCA,2023-02-25,10,31,14,31,14,87.1,83.87,85.71,11.19,17.16,5.45,15.26,2.71,2.21,3.07,3.0
DCA,2023-02-25,11,22,19,22,19,90.91,40.91,84.21,7.55,36.68,24.98,27.64,5.37,2.64,2.0,9.63
DCA,2023-02-25,12,16,26,16,26,68.75,18.75,88.46,26.81,37.0,25.17,48.94,3.31,4.09,3.62,17.31
DCA,2023-02-25,13,22,21,22,21,81.82,27.27,71.43,24.55,36.27,24.3,46.0,2.33,5.04,6.52,8.0
DCA,2023-02-25,14,23,21,24,21,75.0,54.17,80.95,11.21,22.33,10.7,20.46,2.29,6.27,4.38,14.24
DCA,2023-02-25,15,14,27,14,28,85.71,64.29,75.0,5.07,21.71,9.89,12.14,1.93,2.1,0.68,15.82
DCA,2023-02-25,16,25,14,25,13,76.0,72.0,84.62,13.48,16.28,4.75,15.96,2.23,1.99,0.0,7.77
DCA,2023-02-25,17,21,23,20,23,80.0,75.0,78.26,13.2,18.15,6.43,16.35,1.52,0.8,1.13,15.22
DCA,2023-02-25,18,17,20,17,20,76.47,70.59,50.0,11.47,16.94,5.38,14.76,1.65,2.01,6.1,32.55
DCA,2023-02-25,19,21,14,21,15,66.67,57.14,80.0,21.57,14.71,3.56,23.29,1.27,1.31,1.27,11.2
DCA,2023-02-25,20,10,19,10,19,70.0,70.0,68.42,14.9,15.0,3.15,16.0,3.84,1.4,3.32,15.42
DCA,2023-02-25,21,3,16,3,15,33.33,33.33,66.67,83.0,12.33,0.47,83.0,2.13,0.87,1.2,71.53
DCA,2023-02-25,22,1,15,1,15,100.0,100.0,73.33,0.0,9.0,0.0,0.0,3.73,2.0,1.33,18.6
DCA,2023-02-25,23,0,11,0,11,0.0,0.0,72.73,0.0,0.0,0.0,0.0,1.55,3.0,1.82,8.0
DCA,2023-02-26,0,0,1,0,3,0.0,0.0,66.67,0.0,0.0,0.0,0.0,1.67,2.27,2.67,7.0
DCA,2023-02-26,1,0,0,0,0,0.0,0.0,0.0,0.0,0.0,0.0,0.0,0.0,0.0,0.0,0.0
DCA,2023-02-26,5,3,0,3,0,100.0,66.67,0.0,3.33,15.67,3.7,5.0,0.0,0.0,0.0,0.0
DCA,2023-02-26,6,24,1,24,1,95.83,95.83,100.0,1.63,14.75,3.72,3.21,7.0,0.3,0.0,0.0
DCA,2023-02-26,7,18,18,18,18,94.44,88.89,83.33,5.78,15.78,4.38,7.5,4.83,2.49,3.61,5.56
DCA,2023-02-26,8,31,14,32,14,90.63,75.0,85.71,7.81,21.5,9.74,14.03,2.79,6.74,3.57,6.36
DCA,2023-02-26,9,18,29,18,29,100.0,100.0,86.21,0.22,16.11,4.21,2.0,4.76,6.42,3.34,6.79
DCA,2023-02-26,10,33,17,33,17,93.94,75.76,76.47,2.73,19.79,7.88,8.61,2.94,4.81,4.18,9.12
DCA,2023-02-26,11,25,25,25,25,84.0,80.0,92.0,7.96,16.48,5.1,10.84,2.96,2.14,0.76,4.12
DCA,2023-02-26,12,24,27,25,29,76.0,68.0,96.55,12.4,21.92,10.24,20.72,4.34,2.65,1.66,4.62
DCA,2023-02-26,13,29,25,31,25,83.87,74.19,88.0,9.68,18.39,6.89,14.65,6.68,1.97,3.56,8.28
DCA,2023-02-26,14,18,32,18,32,72.22,50.0,78.13,13.89,21.06,9.41,22.0,11.88,3.83,8.44,15.19
DCA,2023-02-26,15,33,20,33,20,63.64,42.42,75.0,25.79,25.39,13.58,36.61,2.9,7.24,5.35,9.8
DCA,2023-02-26,16,23,31,23,30,65.22,60.87,73.33,19.91,17.17,5.87,24.04,3.83,3.31,2.83,10.37
DCA,2023-02-26,17,30,24,29,25,75.86,62.07,72.0,11.28,21.07,9.0,18.14,2.08,3.89,3.32,15.48
DCA,2023-02-26,18,29,24,29,24,65.52,58.62,83.33,18.59,20.48,8.9,24.45,2.42,4.12,0.08,4.63
DCA,2023-02-26,19,18,32,18,33,66.67,44.44,69.7,16.94,21.83,10.09,25.61,5.39,1.75,2.21,13.36
DCA,2023-02-26,20,27,23,27,23,81.48,70.37,69.57,9.3,24.11,12.01,16.3,1.7,5.85,1.96,17.3
DCA,2023-02-26,21,3,34,4,34,75.0,75.0,79.41,18.75,17.25,4.63,21.25,3.12,2.54,1.15,17.62
DCA,2023-02-26,22,24,20,24,20,87.5,83.33,75.0,3.46,18.25,6.13,5.38,1.45,4.83,2.65,10.75
DCA,2023-02-26,23,0,15,0,15,0.0,0.0,80.0,0.0,0.0,0.0,0.0,1.6,2.15,0.2,7.87
DCA,2023-02-27,0,0,1,0,1,0.0,0.0,0.0,0.0,0.0,0.0,0.0,0.0,0.5,0.0,53.0
DCA,2023-02-27,1,0,0,0,0,0.0,0.0,0.0,0.0,0.0,0.0,0.0,0.0,0.0,0.0,0.0
DCA,2023-02-27,5,3,0,3,0,100.0,100.0,0.0,0.0,17.67,5.7,1.33,0.0,0.0,0.0,0.0
DCA,2023-02-27,6,37,6,37,6,100.0,75.68,100.0,0.27,22.59,11.16,7.41,0.0,5.8,0.0,0.0
DCA,2023-02-27,7,22,29,22,29,100.0,81.82,100.0,0.59,21.59,9.95,6.0,3.59,3.19,1.0,0.48
DCA,2023-02-27,8,38,15,38,17,94.74,73.68,82.35,3.61,22.87,10.84,9.89,2.71,2.14,2.76,21.82
DCA,2023-02-27,9,17,33,17,33,88.24,70.59,87.88,11.24,20.65,8.84,17.18,8.39,5.01,5.48,4.76
DCA,2023-02-27,10,35,17,35,17,80.0,60.0,88.24,7.29,22.57,10.42,14.37,4.18,1.31,1.59,2.0
DCA,2023-02-27,11,25,29,25,28,96.0,84.0,92.86,2.2,17.68,6.25,5.96,2.96,3.53,3.39,4.14
DCA,2023-02-27,12,25,27,24,27,83.33,79.17,96.3,7.92,18.58,6.8,12.04,4.74,3.53,2.44,2.0
DCA,2023-02-27,13,28,26,29,26,93.1,68.97,92.31,8.72,21.86,10.33,16.1,5.19,2.96,1.85,4.0
DCA,2023-02-27,14,22,30,22,30,86.36,77.27,83.33,3.45,21.09,9.6,9.86,7.63,3.24,3.5,8.17
DCA,2023-02-27,15,31,23,31,23,87.1,45.16,82.61,7.16,26.26,14.49,17.68,5.61,7.06,3.91,5.35
DCA,2023-02-27,16,23,32,24,32,79.17,66.67,75.0,6.08,19.58,8.4,12.29,10.72,2.89,4.16,17.66
DCA,2023-02-27,17,30,24,30,24,90.0,66.67,87.5,7.37,22.0,9.92,15.03,4.96,4.17,2.21,9.5
DCA,2023-02-27,18,28,27,26,26,92.31,76.92,69.23,4.65,19.08,7.7,8.73,5.04,4.6,2.58,17.92
DCA,2023-02-27,19,21,29,20,31,80.0,70.0,74.19,5.3,20.9,9.46,11.05,8.52,3.19,5.1,14.9
DCA,2023-02-27,20,26,24,24,25,79.17,58.33,64.0,9.29,20.08,8.08,14.92,4.8,7.23,3.6,10.52
DCA,2023-02-27,21,3,34,4,30,75.0,75.0,70.0,10.0,19.5,7.93,15.5,11.33,3.69,7.57,15.27
DCA,2023-02-27,22,25,20,25,17,72.0,60.0,76.47,9.36,21.08,8.98,16.6,5.35,7.14,7.24,13.35
DCA,2023-02-27,23,0,15,0,16,0.0,0.0,68.75,0.0,0.0,0.0,0.0,2.5,4.69,3.94,7.75
DCA,2023-02-28,0,0,1,0,1,0.0,0.0,0.0,0.0,0.0,0.0,0.0,0.0,4.5,0.0,56.0
DCA,2023-02-28,1,0,0,0,0,0.0,0.0,0.0,0.0,0.0,0.0,0.0,0.0,0.0,0.0,0.0
DCA,2023-02-28,5,3,0,3,0,100.0,100.0,0.0,0.0,17.0,5.03,1.33,0.0,0.0,0.0,0.0
DCA,2023-02-28,6,37,6,35,6,97.14,94.29,66.67,1.4,18.91,7.51,5.31,0.17,3.97,4.83,15.83
DCA,2023-02-28,7,22,29,23,26,95.65,91.3,84.62,12.39,18.04,6.48,15.39,3.38,4.45,3.46,3.65
DCA,2023-02-28,8,38,15,36,13,94.44,69.44,61.54,3.36,23.44,11.47,11.44,4.31,4.78,9.54,45.77
DCA,2023-02-28,9,17,32,16,32,81.25,62.5,84.38,11.0,24.75,12.56,20.25,6.56,2.6,7.66,13.28
DCA,2023-02-28,10,35,17,36,17,80.56,58.33,58.82,27.06,27.44,15.22,38.42,5.29,2.3,9.82,21.65
DCA,2023-02-28,11,25,29,24,30,79.17,66.67,90.0,7.71,19.75,8.45,12.29,4.03,1.18,5.63,6.6
DCA,2023-02-28,12,25,27,25,24,84.0,80.0,91.67,7.2,18.0,6.4,10.76,4.92,1.37,2.46,2.29
DCA,2023-02-28,13,28,26,28,26,89.29,71.43,80.77,8.0,24.57,12.78,16.86,6.27,3.07,1.54,11.69
DCA,2023-02-28,14,22,30,22,33,72.73,54.55,75.76,18.82,27.59,15.79,30.95,6.82,2.35,3.0,27.24
DCA,2023-02-28,15,31,23,32,22,78.13,50.0,81.82,9.94,29.81,17.99,25.03,6.77,3.01,3.82,11.77
DCA,2023-02-28,16,23,32,25,34,76.0,48.0,85.29,17.76,24.28,12.68,28.2,9.06,2.91,4.03,6.06
DCA,2023-02-28,17,30,24,31,24,87.1,51.61,83.33,9.39,25.19,13.02,19.94,3.63,4.65,0.83,9.13
DCA,2023-02-28,18,28,27,28,27,85.71,67.86,81.48,7.86,24.5,13.05,17.46,9.37,2.24,3.0,19.48
DCA,2023-02-28,19,21,29,21,31,85.71,71.43,67.74,15.81,20.57,9.07,21.57,3.29,3.02,3.1,20.03
DCA,2023-02-28,20,26,24,27,24,74.07,55.56,66.67,14.48,23.41,11.3,22.3,6.08,3.19,2.13,25.13
DCA,2023-02-28,21,3,33,4,33,100.0,100.0,90.91,0.0,15.25,3.63,0.5,7.88,1.18,1.64,4.33
DCA,2023-02-28,22,25,20,25,20,80.0,64.0,70.0,11.28,19.76,7.5,15.28,3.45,4.66,2.35,13.25
DCA,2023-02-28,23,0,15,1,15,100.0,0.0,73.33,0.0,33.0,20.7,21.0,0.87,2.23,1.07,11.33
DCA,2023-03-01,0,0,1,0,2,0.0,0.0,100.0,0.0,0.0,0.0,0.0,0.0,7.85,2.5,2.5
DCA,2023-03-01,1,0,0,0,0,0.0,0.0,0.0,0.0,0.0,0.0,0.0,0.0,0.0,0.0,0.0
DCA,2023-03-01,5,3,0,3,0,100.0,100.0,0.0,0.0,18.67,6.97,3.67,0.0,0.0,0.0,0.0
DCA,2023-03-01,6,36,6,35,6,94.29,71.43,100.0,3.17,23.11,11.74,12.26,1.17,3.3,2.5,0.83
DCA,2023-03-01,7,20,30,20,30,95.0,65.0,93.33,11.5,21.5,9.99,18.55,3.03,8.6,3.6,2.83
DCA,2023-03-01,8,39,14,40,16,95.0,62.5,81.25,1.25,24.9,12.91,10.1,3.81,8.54,8.31,8.5
DCA,2023-03-01,9,17,33,17,32,82.35,70.59,84.38,7.88,17.71,6.66,12.12,6.03,7.88,3.53,14.56
DCA,2023-03-01,10,35,17,35,17,85.71,48.57,82.35,4.74,28.03,15.91,17.49,2.24,6.56,2.18,13.59
DCA,2023-03-01,11,26,26,26,26,88.46,84.62,96.15,23.08,15.27,4.05,24.92,3.54,3.97,3.81,2.31
DCA,2023-03-01,12,24,28,24,29,91.67,91.67,86.21,4.29,15.58,4.13,6.46,5.41,2.92,2.28,4.55
DCA,2023-03-01,13,29,24,30,24,83.33,70.0,91.67,5.23,19.83,8.28,10.5,4.33,4.13,2.83,1.88
DCA,2023-03-01,14,20,32,20,32,80.0,70.0,81.25,13.3,18.55,7.19,18.4,4.88,3.63,2.78,12.5
DCA,2023-03-01,15,31,23,31,23,74.19,51.61,91.3,16.26,24.68,12.85,25.81,4.52,2.66,1.61,2.87
DCA,2023-03-01,16,24,31,26,33,84.62,69.23,87.88,6.46,20.0,8.3,13.58,9.55,2.35,2.52,6.88
DCA,2023-03-01,17,30,24,30,24,90.0,56.67,79.17,4.1,27.27,15.4,15.6,4.96,6.29,6.13,6.75
DCA,2023-03-01,18,27,28,28,28,85.71,75.0,67.86,12.21,18.89,7.57,17.32,3.61,3.43,1.5,17.61
DCA,2023-03-01,19,21,29,22,30,81.82,72.73,86.67,10.32,19.77,8.46,16.32,6.63,5.86,6.87,8.77
DCA,2023-03-01,20,27,24,27,24,92.59,74.07,79.17,7.04,21.7,9.79,12.78,3.67,4.97,1.04,13.75
DCA,2023-03-01,21,4,33,5,33,100.0,100.0,63.64,0.0,13.2,2.36,0.6,13.91,1.72,10.85,12.42
DCA,2023-03-01,22,24,21,24,21,83.33,70.83,76.19,4.54,19.5,7.21,9.42,5.05,5.4,4.62,14.29
DCA,2023-03-01,23,0,15,0,14,0.0,0.0,92.86,0.0,0.0,0.0,0.0,3.79,2.59,2.14,3.07
DCA,2023-03-02,0,0,1,0,1,0.0,0.0,100.0,0.0,0.0,0.0,0.0,0.0,1.4,5.0,1.0
DCA,2023-03-02,1,0,0,0,0,0.0,0.0,0.0,0.0,0.0,0.0,0.0,0.0,0.0,0.0,0.0
DCA,2023-03-02,5,3,0,3,0,100.0,66.67,0.0,4.33,13.0,1.73,5.67,0.0,0.0,0.0,0.0
DCA,2023-03-02,6,37,6,37,6,86.49,75.68,100.0,7.7,21.46,10.32,16.41,0.5,7.13,0.0,0.0
DCA,2023-03-02,7,21,30,21,30,90.48,61.9,83.33,32.43,26.14,14.52,44.57,4.03,5.16,4.93,12.47
DCA,2023-03-02,8,39,14,41,15,87.8,31.71,86.67,15.0,39.63,27.58,39.07,6.07,6.12,6.8,5.47
DCA,2023-03-02,9,17,33,18,33,83.33,50.0,72.73,7.78,29.56,17.75,22.83,16.33,7.17,13.48,10.7
DCA,2023-03-02,10,35,17,35,16,85.71,34.29,75.0,6.4,33.46,21.3,25.6,7.69,4.63,12.44,11.63
DCA,2023-03-02,11,26,28,24,28,75.0,54.17,78.57,15.42,20.04,8.78,21.71,6.96,2.7,4.04,25.18
DCA,2023-03-02,12,24,28,24,28,87.5,54.17,82.14,18.79,27.92,16.13,33.38,4.57,2.16,1.71,10.18
DCA,2023-03-02,13,30,24,29,23,89.66,41.38,82.61,4.79,26.34,14.41,17.07,4.43,3.12,2.39,5.0
DCA,2023-03-02,14,20,32,20,32,70.0,45.0,81.25,17.35,24.0,12.37,27.35,4.03,1.94,1.53,7.81
DCA,2023-03-02,15,31,23,32,23,81.25,40.63,78.26,10.13,27.56,15.74,23.53,4.09,6.78,4.04,13.57
DCA,2023-03-02,16,24,31,25,32,88.0,84.0,87.5,10.36,18.68,7.02,15.12,4.59,5.36,2.69,4.94
DCA,2023-03-02,17,30,24,31,24,93.55,58.06,83.33,3.03,26.52,14.72,14.71,2.88,2.92,1.04,12.08
DCA,2023-03-02,18,27,28,27,29,85.19,77.78,82.76,10.0,18.74,7.41,15.26,3.07,4.7,2.55,9.55
DCA,2023-03-02,19,21,29,22,30,77.27,54.55,70.0,7.59,21.41,9.97,16.14,5.23,1.46,4.37,9.27
DCA,2023-03-02,20,27,24,28,24,78.57,32.14,87.5,14.29,28.0,16.05,27.29,3.63,4.27,1.54,11.0
DCA,2023-03-02,21,4,33,6,33,83.33,66.67,75.76,5.83,20.5,8.65,11.17,3.39,5.08,3.03,9.3
DCA,2023-03-02,22,24,21,24,20,91.67,87.5,90.0,4.46,21.33,9.07,8.75,3.4,5.57,4.85,4.45
DCA,2023-03-02,23,0,15,0,16,0.0,0.0,75.0,0.0,0.0,0.0,0.0,1.31,2.79,0.38,15.5
DCA,2023-03-03,0,0,1,0,0,0.0,0.0,0.0,0.0,0.0,0.0,0.0,0.0,0.0,0.0,0.0
DCA,2023-03-03,1,0,0,0,0,0.0,0.0,0.0,0.0,0.0,0.0,0.0,0.0,0.0,0.0,0.0
DCA,2023-03-03,5,3,0,3,0,100.0,100.0,0.0,0.0,19.33,7.63,4.67,0.0,0.0,0.0,0.0
DCA,2023-03-03,6,37,6,35,6,100.0,91.43,100.0,0.23,18.83,7.52,4.71,0.17,2.25,2.67,0.83
DCA,2023-03-03,7,21,30,21,30,100.0,85.71,96.67,0.1,22.38,10.74,6.9,3.1,1.41,1.23,3.6
DCA,2023-03-03,8,39,14,40,13,92.5,42.5,100.0,5.95,31.35,19.33,22.2,3.23,2.07,0.15,0.92
DCA,2023-03-03,9,16,33,16,32,100.0,87.5,84.38,1.19,21.31,9.57,6.88,4.97,2.99,3.94,6.91
DCA,2023-03-03,10,35,17,35,18,82.86,57.14,94.44,13.14,26.06,13.98,24.71,3.39,2.4,1.78,2.67
DCA,2023-03-03,11,26,28,28,27,85.71,85.71,96.3,7.68,16.54,5.3,10.43,2.52,4.58,1.7,3.41
DCA,2023-03-03,12,24,28,25,28,84.0,80.0,92.86,6.0,18.04,6.54,11.0,3.96,1.54,0.79,2.68
DCA,2023-03-03,13,30,24,30,25,83.33,53.33,88.0,14.8,25.77,14.11,26.9,3.04,2.84,1.16,6.56
DCA,2023-03-03,14,20,32,21,34,76.19,47.62,67.65,10.57,29.19,17.73,26.76,5.26,4.58,5.5,18.03
DCA,2023-03-03,15,31,23,33,23,75.76,33.33,82.61,50.48,36.94,25.06,72.48,6.83,3.81,3.96,13.13
DCA,2023-03-03,16,23,32,24,32,66.67,33.33,46.88,23.21,26.0,14.32,36.25,16.06,2.57,13.84,23.69
DCA,2023-03-03,17,31,23,31,22,54.84,22.58,68.18,23.9,27.97,16.08,38.9,6.45,4.02,8.82,17.0
DCA,2023-03-03,18,27,28,25,27,68.0,32.0,37.04,15.56,25.0,13.7,28.48,4.26,3.27,12.63,79.04
DCA,2023-03-03,19,21,29,20,29,35.0,15.0,55.17,48.95,36.85,25.35,73.75,8.86,5.99,13.17,39.28
DCA,2023-03-03,20,27,24,24,23,50.0,8.33,60.87,32.33,35.58,23.45,54.13,5.0,5.41,3.35,44.52
DCA,2023-03-03,21,4,33,5,33,40.0,40.0,48.48,29.8,16.4,5.32,35.2,7.61,5.25,5.7,22.58
DCA,2023-03-03,22,24,21,17,16,70.59,64.71,56.25,22.88,17.65,5.52,26.24,2.69,5.1,4.19,43.88
DCA,2023-03-03,23,0,15,0,14,0.0,0.0,50.0,0.0,0.0,0.0,0.0,3.14,1.78,1.29,28.57
DCA,2023-03-04,0,0,2,0,1,0.0,0.0,100.0,0.0,0.0,0.0,0.0,0.0,9.4,0.0,0.0
DCA,2023-03-04,1,0,0,0,0,0.0,0.0,0.0,0.0,0.0,0.0,0.0,0.0,0.0,0.0,0.0
DCA,2023-03-04,5,3,0,3,0,100.0,66.67,0.0,5.33,19.33,7.73,12.67,0.0,0.0,0.0,0.0
DCA,2023-03-04,6,29,1,27,1,96.3,96.3,100.0,1.19,14.93,3.74,3.22,4.0,0.3,1.0,0.0
DCA,2023-03-04,7,17,22,17,17,100.0,100.0,82.35,0.24,16.71,5.35,3.24,1.71,3.06,6.41,15.29
DCA,2023-03-04,8,37,10,36,8,77.78,69.44,87.5,18.22,19.56,7.54,22.53,0.88,1.38,1.13,21.25
DCA,2023-03-04,9,16,30,13,29,76.92,69.23,82.76,9.15,17.92,6.62,14.15,10.48,2.9,7.72,28.93
DCA,2023-03-04,10,29,15,27,13,77.78,70.37,76.92,30.11,22.44,10.46,37.59,4.69,0.63,2.92,7.92
DCA,2023-03-04,11,24,18,22,18,77.27,63.64,66.67,31.68,20.86,9.54,39.77,5.39,1.51,3.94,40.5
DCA,2023-03-04,12,14,28,13,26,84.62,76.92,96.15,22.0,19.38,7.77,28.62,3.31,0.55,0.92,2.31
DCA,2023-03-04,13,22,22,22,18,81.82,68.18,83.33,8.64,23.45,11.45,16.86,4.33,2.0,2.67,4.22
DCA,2023-03-04,14,23,21,21,20,85.71,57.14,85.0,13.81,22.71,11.23,22.67,6.6,2.23,1.95,11.4
DCA,2023-03-04,15,21,20,20,19,75.0,65.0,89.47,11.85,20.15,8.28,17.4,1.89,1.12,0.53,5.0
DCA,2023-03-04,16,18,20,17,19,76.47,76.47,84.21,18.53,18.71,7.04,23.47,1.63,1.58,0.0,11.58
DCA,2023-03-04,17,23,21,23,22,82.61,69.57,86.36,6.43,18.52,7.2,11.26,1.68,0.97,0.05,4.59
DCA,2023-03-04,18,16,21,16,21,68.75,68.75,71.43,25.25,14.06,2.82,26.56,0.81,1.06,3.81,21.9
DCA,2023-03-04,19,22,11,22,12,86.36,77.27,66.67,8.59,17.77,6.27,12.27,1.5,0.66,3.58,13.5
DCA,2023-03-04,20,9,20,9,20,88.89,88.89,85.0,2.0,19.33,7.06,5.33,2.85,3.24,1.0,10.35
DCA,2023-03-04,21,2,17,1,16,100.0,100.0,81.25,0.0,20.0,7.7,0.0,1.31,1.63,0.0,8.56
DCA,2023-03-04,22,1,15,1,14,100.0,100.0,64.29,0.0,16.0,3.7,0.0,1.0,0.62,0.57,26.14
DCA,2023-03-04,23,0,11,0,11,0.0,0.0,72.73,0.0,0.0,0.0,0.0,1.36,4.4,1.82,13.45
DCA,2023-03-05,0,0,1,0,2,0.0,0.0,50.0,0.0,0.0,0.0,0.0,1.5,0.2,0.0,30.0
DCA,2023-03-05,1,0,0,0,0,0.0,0.0,0.0,0.0,0.0,0.0,0.0,0.0,0.0,0.0,0.0
DCA,2023-03-05,2,0,0,0,0,0.0,0.0,0.0,0.0,0.0,0.0,0.0,0.0,0.0,0.0,0.0
DCA,2023-03-05,5,3,0,3,0,100.0,100.0,0.0,0.0,17.0,5.3,2.33,0.0,0.0,0.0,0.0
DCA,2023-03-05,6,23,2,22,2,90.91,81.82,100.0,8.91,18.73,7.56,13.73,0.0,1.65,0.0,0.0
DCA,2023-03-05,7,17,19,17,18,100.0,94.12,88.89,0.12,18.76,7.74,4.65,3.56,2.9,1.44,8.33
DCA,2023-03-05,8,35,10,35,10,88.57,71.43,70.0,3.57,21.06,9.47,9.54,3.6,6.22,4.9,17.5
DCA,2023-03-05,9,16,31,16,31,93.75,81.25,90.32,3.63,22.38,10.42,11.25,8.35,3.13,2.1,7.06
DCA,2023-03-05,10,34,16,35,16,88.57,48.57,93.75,4.26,29.97,17.99,18.77,5.38,4.26,1.94,2.31
DCA,2023-03-05,11,25,25,25,26,88.0,76.0,84.62,4.44,23.68,12.07,12.92,5.15,3.82,4.12,33.42
DCA,2023-03-05,12,23,28,23,28,73.91,56.52,89.29,18.61,23.04,11.35,27.74,12.86,2.1,10.43,14.96
DCA,2023-03-05,13,30,24,31,24,80.65,70.97,95.83,11.87,21.35,9.44,18.45,2.25,2.05,0.75,1.71
DCA,2023-03-05,14,19,31,19,32,84.21,63.16,81.25,5.05,25.32,13.59,15.84,3.47,2.99,3.47,12.09
DCA,2023-03-05,15,32,21,32,21,75.0,53.13,95.24,11.91,23.5,11.68,20.44,1.76,4.63,1.86,1.05
DCA,2023-03-05,16,21,33,21,33,85.71,76.19,78.79,17.14,17.71,6.08,21.43,3.36,2.23,3.55,18.39
DCA,2023-03-05,17,32,22,32,23,84.38,71.88,78.26,6.78,20.0,8.13,12.38,3.74,1.44,3.04,26.83
DCA,2023-03-05,18,27,25,27,25,66.67,62.96,84.0,19.81,18.44,7.29,25.22,2.84,2.38,0.76,19.12
DCA,2023-03-05,19,19,31,19,32,89.47,68.42,81.25,11.11,21.37,9.76,17.74,2.28,3.57,1.78,15.06
DCA,2023-03-05,20,27,23,27,23,77.78,48.15,82.61,14.15,28.78,16.67,26.22,2.35,4.55,2.0,11.04
DCA,2023-03-05,21,3,34,4,34,100.0,100.0,70.59,0.0,22.25,9.78,3.5,2.85,5.18,3.82,15.29
DCA,2023-03-05,22,24,20,24,20,75.0,66.67,65.0,10.83,17.96,5.72,14.29,1.05,5.92,3.45,15.3
DCA,2023-03-05,23,0,15,0,15,0.0,0.0,86.67,0.0,0.0,0.0,0.0,0.93,1.05,1.2,8.2
DCA,2023-03-06,0,0,1,0,1,0.0,0.0,100.0,0.0,0.0,0.0,0.0,0.0,0.0,0.0,0.0
DCA,2023-03-06,1,0,0,0,0,0.0,0.0,0.0,0.0,0.0,0.0,0.0,0.0,0.0,0.0,0.0
DCA,2023-03-06,5,3,0,3,0,100.0,100.0,0.0,0.0,15.33,3.77,3.0,0.0,0.0,0.0,0.0
DCA,2023-03-06,6,37,6,37,6,94.59,86.49,100.0,5.81,18.54,7.13,10.62,0.0,2.8,0.0,0.0
DCA,2023-03-06,7,21,30,21,30,90.48,90.48,90.0,19.33,16.95,5.57,21.52,2.5,4.34,1.83,13.3
DCA,2023-03-06,8,39,14,39,15,94.87,61.54,93.33,3.05,28.23,16.15,14.46,2.53,3.15,0.33,1.8
DCA,2023-03-06,9,17,33,17,33,88.24,76.47,96.97,2.53,18.94,7.34,5.71,5.15,5.85,2.0,3.85
DCA,2023-03-06,10,35,17,35,17,91.43,80.0,88.24,3.94,21.49,9.4,9.4,2.18,0.87,0.76,6.53
DCA,2023-03-06,11,26,28,26,28,92.31,92.31,92.86,3.69,14.54,3.64,5.12,1.93,2.07,2.29,3.96
DCA,2023-03-06,12,24,28,24,28,87.5,79.17,89.29,9.79,23.67,11.8,18.67,2.39,1.04,0.0,12.68
DCA,2023-03-06,13,30,24,31,24,83.87,58.06,91.67,27.77,30.74,18.99,42.77,1.54,2.54,1.08,5.92
DCA,2023-03-06,14,20,32,20,32,80.0,55.0,96.88,15.8,23.95,12.18,25.55,3.81,2.92,1.84,2.06
DCA,2023-03-06,15,31,23,30,23,90.0,50.0,86.96,4.63,26.77,14.84,15.67,2.3,7.67,3.96,7.78
DCA,2023-03-06,16,24,31,25,32,84.0,76.0,90.63,6.28,17.36,5.72,10.36,2.44,3.46,1.72,7.63
DCA,2023-03-06,17,30,24,30,24,86.67,83.33,79.17,6.3,19.07,7.33,10.6,3.63,2.54,4.92,12.5
DCA,2023-03-06,18,27,28,27,28,77.78,62.96,64.29,15.85,19.59,8.4,22.48,3.86,1.98,3.14,21.93
DCA,2023-03-06,19,21,29,22,29,72.73,63.64,72.41,12.59,18.64,7.01,17.59,3.38,3.35,5.24,10.48
DCA,2023-03-06,20,27,24,26,25,92.31,61.54,84.0,4.77,25.88,13.9,14.27,3.76,6.85,4.28,13.6
DCA,2023-03-06,21,4,33,6,34,83.33,83.33,73.53,4.5,15.33,4.05,6.5,7.41,8.92,9.71,11.06
DCA,2023-03-06,22,24,21,24,21,87.5,79.17,71.43,5.0,17.29,5.14,8.38,7.48,6.42,6.33,12.71
DCA,2023-03-06,23,0,15,0,15,0.0,0.0,100.0,0.0,0.0,0.0,0.0,2.2,1.2,0.53,0.67
DCA,2023-03-07,0,0,1,0,1,0.0,0.0,0.0,0.0,0.0,0.0,0.0,0.0,3.4,0.0,106.0
DCA,2023-03-07,2,0,0,0,0,0.0,0.0,0.0,0.0,0.0,0.0,0.0,0.0,0.0,0.0,0.0
DCA,2023-03-07,5,3,0,3,0,100.0,100.0,0.0,1.0,16.33,4.63,4.67,0.0,0.0,0.0,0.0
DCA,2023-03-07,6,37,6,37,6,97.3,91.89,100.0,0.86,18.41,7.03,4.92,1.17,3.8,0.0,0.0
DCA,2023-03-07,7,21,30,21,30,95.24,85.71,83.33,3.81,18.24,6.62,7.24,4.87,3.8,6.5,9.57
DCA,2023-03-07,8,39,14,41,15,97.56,34.15,80.0,2.54,39.68,27.66,24.71,5.93,10.33,11.53,8.93
DCA,2023-03-07,9,17,33,17,33,88.24,41.18,78.79,4.12,34.94,23.16,21.88,14.55,8.44,9.85,7.03
DCA,2023-03-07,10,35,17,35,17,91.43,37.14,70.59,20.2,33.54,21.37,37.57,3.18,2.49,4.12,11.47
DCA,2023-03-07,11,26,28,26,29,92.31,80.77,89.66,6.42,19.85,8.46,11.19,4.52,2.42,1.0,8.17
DCA,2023-03-07,12,23,29,23,29,100.0,78.26,93.1,1.57,25.65,13.83,11.35,4.52,2.72,1.66,2.66
DCA,2023-03-07,13,31,23,33,24,87.88,51.52,87.5,6.73,27.91,16.11,19.55,6.38,2.54,3.38,5.46
DCA,2023-03-07,14,20,32,21,32,76.19,61.9,68.75,8.9,23.76,12.08,18.76,10.94,1.34,4.13,18.16
DCA,2023-03-07,15,31,23,32,23,81.25,37.5,78.26,17.44,30.97,19.12,33.13,5.3,7.03,3.43,13.74
DCA,2023-03-07,16,23,32,24,34,83.33,58.33,85.29,9.46,27.96,16.24,22.38,7.09,2.37,3.65,6.74
DCA,2023-03-07,17,31,23,32,23,84.38,68.75,91.3,10.44,22.91,11.08,18.0,4.78,3.92,2.96,5.22
DCA,2023-03-07,18,27,28,27,28,77.78,66.67,89.29,24.67,21.89,10.55,31.63,4.29,1.66,1.75,6.14
DCA,2023-03-07,19,21,29,21,30,90.48,85.71,80.0,2.19,21.67,10.25,9.76,8.2,1.16,5.67,6.27
DCA,2023-03-07,20,27,24,27,24,85.19,81.48,79.17,6.59,27.3,15.17,16.33,3.25,2.83,0.17,15.13
DCA,2023-03-07,21,4,33,5,33,80.0,60.0,78.79,13.6,25.6,13.84,25.2,7.18,2.52,2.82,8.42
DCA,2023-03-07,22,24,21,24,21,95.83,62.5,85.71,2.04,25.0,12.71,11.04,2.81,5.94,2.1,8.29
DCA,2023-03-07,23,0,15,0,15,0.0,0.0,73.33,0.0,0.0,0.0,0.0,1.6,1.5,0.87,18.73
DCA,2023-03-08,0,0,1,0,1,0.0,0.0,100.0,0.0,0.0,0.0,0.0,0.0,2.4,0.0,0.0
DCA,2023-03-08,1,0,0,0,0,0.0,0.0,0.0,0.0,0.0,0.0,0.0,0.0,0.0,0.0,0.0
DCA,2023-03-08,5,3,0,3,0,100.0,100.0,0.0,0.0,17.33,5.63,2.0,0.0,0.0,0.0,0.0
DCA,2023-03-08,6,37,6,37,6,100.0,86.49,100.0,0.68,19.3,7.98,5.3,2.5,3.42,0.17,0.0
DCA,2023-03-08,7,21,30,21,30,95.24,85.71,80.0,2.29,22.86,11.22,9.1,5.63,1.7,6.17,30.17
DCA,2023-03-08,8,39,14,40,15,92.5,42.5,100.0,3.05,34.95,22.98,20.9,3.2,4.35,1.87,0.27
DCA,2023-03-08,9,17,33,17,33,94.12,70.59,90.91,1.12,24.59,12.83,8.76,8.27,5.67,5.64,3.3
DCA,2023-03-08,10,35,17,35,17,91.43,74.29,100.0,18.23,22.26,10.12,24.57,3.29,2.16,0.18,0.0
DCA,2023-03-08,11,26,28,26,28,100.0,76.92,92.86,1.0,19.31,8.06,6.35,2.54,2.55,1.54,5.14
DCA,2023-03-08,12,23,29,23,30,78.26,69.57,96.67,9.91,25.65,13.9,20.17,3.63,3.88,0.77,3.6
DCA,2023-03-08,13,31,23,32,23,90.63,59.38,95.65,5.41,28.47,16.57,18.06,2.87,6.07,3.39,2.48
DCA,2023-03-08,14,20,32,20,32,80.0,55.0,78.13,9.95,27.3,15.61,23.3,7.38,3.23,3.56,16.19
DCA,2023-03-08,15,31,23,31,23,77.42,35.48,100.0,22.13,29.16,17.33,36.45,3.09,5.24,0.61,0.17
DCA,2023-03-08,16,24,31,25,32,80.0,72.0,87.5,5.52,25.52,13.95,17.52,8.94,4.86,4.16,5.5
DCA,2023-03-08,17,30,24,31,24,87.1,61.29,91.67,6.26,22.94,11.12,15.48,2.92,3.47,1.67,5.17
DCA,2023-03-08,18,27,28,27,28,81.48,62.96,92.86,6.15,22.59,11.23,14.48,3.68,1.96,1.04,3.68
DCA,2023-03-08,19,21,29,21,30,90.48,85.71,83.33,13.19,19.0,7.38,18.05,4.9,4.41,1.83,9.2
DCA,2023-03-08,20,27,24,27,24,96.3,81.48,79.17,2.37,25.22,13.22,10.78,5.42,2.77,2.58,7.29
DCA,2023-03-08,21,4,33,5,33,80.0,100.0,84.85,3.8,18.4,7.02,7.8,8.42,2.58,6.94,16.88
DCA,2023-03-08,22,24,21,24,21,95.83,87.5,66.67,2.5,23.17,10.9,9.67,3.76,1.9,1.29,14.29
DCA,2023-03-08,23,0,15,0,15,0.0,0.0,80.0,0.0,0.0,0.0,0.0,2.33,1.47,2.4,7.53
DCA,2023-03-09,0,0,1,0,1,0.0,0.0,100.0,0.0,0.0,0.0,0.0,1.0,0.4,0.0,0.0
DCA,2023-03-09,1,0,0,0,0,0.0,0.0,0.0,0.0,0.0,0.0,0.0,0.0,0.0,0.0,0.0
DCA,2023-03-09,5,3,0,3,0,100.0,100.0,0.0,0.0,15.33,3.73,2.67,0.0,0.0,0.0,0.0
DCA,2023-03-09,6,37,6,37,6,91.89,83.78,100.0,4.49,18.97,7.69,9.7,0.83,4.08,0.67,0.0
DCA,2023-03-09,7,21,30,21,30,95.24,85.71,96.67,12.05,20.33,8.76,17.57,5.77,3.35,3.63,2.63
DCA,2023-03-09,8,40,13,40,14,95.0,72.5,78.57,2.88,24.08,12.09,11.6,5.0,4.63,4.21,6.0
DCA,2023-03-09,9,16,34,16,34,93.75,75.0,85.29,1.56,24.19,12.44,11.25,13.18,2.65,8.62,11.47
DCA,2023-03-09,10,35,17,36,20,86.11,36.11,100.0,9.75,32.03,19.85,26.47,3.0,3.2,1.3,1.25
DCA,2023-03-09,11,27,27,27,28,96.3,85.19,89.29,6.15,21.7,10.33,13.26,3.46,1.3,0.36,12.21
DCA,2023-03-09,12,21,31,21,31,80.95,76.19,87.1,8.14,23.67,11.96,17.0,3.84,4.89,3.68,4.81
DCA,2023-03-09,13,32,23,33,24,87.88,54.55,83.33,4.52,27.48,15.39,16.15,2.67,2.72,1.75,8.88
DCA,2023-03-09,14,21,31,21,31,76.19,52.38,87.1,21.81,23.52,12.0,31.05,5.03,2.96,2.42,12.32
DCA,2023-03-09,15,31,23,32,23,84.38,71.88,86.96,15.03,22.63,10.96,22.03,2.52,2.87,1.43,12.04
DCA,2023-03-09,16,22,33,23,33,82.61,69.57,87.88,12.13,19.83,8.2,17.7,2.88,2.42,0.67,4.94
DCA,2023-03-09,17,33,21,34,21,85.29,61.76,95.24,6.71,22.47,10.72,15.21,3.14,5.32,2.76,2.38
DCA,2023-03-09,18,25,30,25,29,76.0,56.0,79.31,21.52,22.56,11.13,30.2,3.83,4.87,4.14,12.17
DCA,2023-03-09,19,21,29,21,30,90.48,85.71,76.67,12.0,19.86,8.26,17.33,4.7,4.14,2.33,23.87
DCA,2023-03-09,20,28,23,28,23,85.71,71.43,69.57,12.93,23.96,11.76,20.04,2.22,2.74,5.65,19.83
DCA,2023-03-09,21,5,32,6,33,66.67,66.67,75.76,13.33,17.0,5.27,18.0,4.52,2.67,2.88,14.39
DCA,2023-03-09,22,24,22,25,23,92.0,88.0,69.57,3.12,19.72,7.56,6.84,0.7,5.5,2.35,22.65
DCA,2023-03-09,23,0,15,0,15,0.0,0.0,60.0,0.0,0.0,0.0,0.0,1.07,1.11,0.6,68.87
DCA,2023-03-10,0,0,1,0,1,0.0,0.0,0.0,0.0,0.0,0.0,0.0,0.0,1.4,5.0,72.0
DCA,2023-03-10,1,0,0,0,0,0.0,0.0,0.0,0.0,0.0,0.0,0.0,0.0,0.0,0.0,0.0
DCA,2023-03-10,5,3,0,3,0,100.0,33.33,0.0,0.33,26.0,14.3,13.0,0.0,0.0,0.0,0.0
DCA,2023-03-10,6,37,6,37,7,83.78,78.38,100.0,14.08,16.68,5.26,17.65,0.86,2.37,1.71,0.0
DCA,2023-03-10,7,21,30,20,30,85.0,85.0,86.67,13.5,17.6,6.18,16.8,3.1,4.67,3.13,14.13
DCA,2023-03-10,8,40,13,40,13,85.0,65.0,53.85,10.53,22.68,10.62,17.65,8.85,6.76,10.23,13.85
DCA,2023-03-10,9,16,34,16,34,81.25,75.0,73.53,15.13,18.88,7.15,20.38,13.82,3.66,8.24,17.09
DCA,2023-03-10,10,35,17,34,16,82.35,73.53,75.0,10.91,19.76,7.7,16.82,4.31,1.81,2.25,12.56
DCA,2023-03-10,11,27,27,27,28,81.48,66.67,85.71,11.37,18.04,6.86,16.56,10.68,2.71,9.07,16.64
DCA,2023-03-10,12,21,31,21,32,61.9,42.86,75.0,34.14,23.71,12.08,44.0,11.38,3.95,9.72,16.09
DCA,2023-03-10,13,32,23,34,23,76.47,58.82,82.61,9.79,22.71,10.71,18.09,4.87,5.07,2.83,10.0
DCA,2023-03-10,14,21,31,21,31,66.67,47.62,61.29,27.57,25.0,13.4,39.86,9.19,3.67,9.71,16.71
DCA,2023-03-10,15,31,23,32,24,56.25,15.63,58.33,30.75,35.03,23.19,52.31,26.63,4.56,24.71,36.46
DCA,2023-03-10,16,22,33,23,35,43.48,30.43,42.86,28.61,30.78,19.13,47.04,6.77,4.69,14.37,29.74
DCA,2023-03-10,17,33,21,32,22,34.38,6.25,13.64,47.44,36.84,25.05,71.5,28.27,4.9,38.32,52.95
DCA,2023-03-10,18,25,30,24,30,12.5,0.0,26.67,48.71,21.92,10.49,59.33,7.1,3.4,16.23,32.23
DCA,2023-03-10,19,21,29,22,30,50.0,36.36,16.67,29.95,22.23,10.68,39.68,4.0,5.46,18.57,57.6
DCA,2023-03-10,20,28,23,28,23,35.71,28.57,21.74,29.75,23.14,10.95,39.93,5.3,2.97,9.61,40.7
DCA,2023-03-10,21,5,32,6,32,66.67,33.33,31.25,21.67,16.33,4.6,26.0,2.66,3.33,7.5,50.66
DCA,2023-03-10,22,24,22,24,21,45.83,45.83,42.86,29.46,16.79,4.63,33.29,2.71,3.37,1.24,30.29
DCA,2023-03-10,23,0,15,0,15,0.0,0.0,46.67,0.0,0.0,0.0,0.0,2.4,3.0,3.73,26.27
DCA,2023-03-11,0,0,2,0,1,0.0,0.0,0.0,0.0,0.0,0.0,0.0,0.0,0.4,0.0,236.0
DCA,2023-03-11,1,0,0,0,0,0.0,0.0,0.0,0.0,0.0,0.0,0.0,0.0,0.0,0.0,0.0
DCA,2023-03-11,2,0,0,0,0,0.0,0.0,0.0,0.0,0.0,0.0,0.0,0.0,0.0,0.0,0.0
DCA,2023-03-11,4,0,0,0,0,0.0,0.0,0.0,0.0,0.0,0.0,0.0,0.0,0.0,0.0,0.0
DCA,2023-03-11,5,3,0,3,0,66.67,66.67,0.0,18.33,15.33,3.63,19.67,0.0,0.0,0.0,0.0
DCA,2023-03-11,6,29,1,29,1,96.55,96.55,0.0,2.72,14.41,3.36,3.66,4.0,0.3,11.0,30.0
DCA,2023-03-11,7,17,23,17,22,94.12,88.24,86.36,3.06,17.65,6.31,6.59,2.36,3.2,2.73,12.91
DCA,2023-03-11,8,38,10,38,11,86.84,71.05,90.91,10.21,23.87,11.78,19.0,1.73,4.72,4.0,4.55
DCA,2023-03-11,9,15,28,15,29,93.33,66.67,86.21,2.07,22.6,11.11,10.6,6.03,3.63,4.24,5.55
DCA,2023-03-11,10,29,16,29,16,79.31,44.83,93.75,12.69,26.24,14.21,24.45,3.0,1.7,0.31,1.31
DCA,2023-03-11,11,25,18,25,18,92.0,76.0,77.78,10.24,23.68,12.12,20.2,1.0,3.76,0.56,15.39
DCA,2023-03-11,12,12,31,12,31,66.67,66.67,80.65,18.58,19.33,7.64,24.67,2.77,1.72,1.68,11.42
DCA,2023-03-11,13,24,20,24,20,79.17,75.0,70.0,21.79,18.04,5.98,25.42,2.75,3.88,4.8,8.75
DCA,2023-03-11,14,22,23,22,23,72.73,50.0,69.57,16.45,24.82,13.14,27.32,3.52,3.63,2.96,21.96
DCA,2023-03-11,15,23,19,24,19,79.17,62.5,73.68,14.42,23.04,11.6,22.75,2.11,4.18,2.58,17.58
DCA,2023-03-11,16,18,22,18,22,55.56,55.56,86.36,25.67,15.72,4.24,28.17,1.86,3.8,3.27,8.55
DCA,2023-03-11,17,25,20,25,20,72.0,64.0,75.0,19.0,18.48,7.01,23.88,1.25,2.77,1.75,15.1
DCA,2023-03-11,18,15,19,15,19,73.33,73.33,68.42,19.13,13.47,2.67,20.07,1.42,1.06,3.37,36.89
DCA,2023-03-11,19,20,17,20,17,80.0,80.0,70.59,15.35,16.5,4.7,16.6,2.29,1.34,1.29,20.29
DCA,2023-03-11,20,10,19,10,19,70.0,60.0,68.42,18.6,17.4,5.8,21.9,0.95,1.12,0.95,27.89
DCA,2023-03-11,21,4,15,4,16,75.0,75.0,62.5,5.25,18.0,5.7,6.75,0.63,1.44,4.75,25.38
DCA,2023-03-11,22,1,17,1,17,100.0,0.0,35.29,11.0,17.0,4.7,16.0,1.53,2.28,4.35,28.59
DCA,2023-03-11,23,0,9,0,9,0.0,0.0,44.44,0.0,0.0,0.0,0.0,8.0,0.53,9.89,58.89
DCA,2023-03-12,0,0,1,0,2,0.0,0.0,50.0,0.0,0.0,0.0,0.0,4.5,0.9,7.0,10.5
DCA,2023-03-12,1,0,0,0,0,0.0,0.0,0.0,0.0,0.0,0.0,0.0,0.0,0.0,0.0,0.0
DCA,2023-03-12,5,3,0,3,0,100.0,66.67,0.0,1.33,21.33,9.63,9.67,0.0,0.0,0.0,0.0
DCA,2023-03-12,6,23,2,24,2,91.67,87.5,50.0,3.13,17.42,6.05,7.13,0.0,4.3,2.0,15.5
DCA,2023-03-12,7,17,19,17,18,94.12,94.12,83.33,7.82,16.76,5.35,10.0,1.72,1.98,3.44,3.22
DCA,2023-03-12,8,36,10,36,11,94.44,77.78,72.73,2.75,20.08,8.19,8.44,6.55,1.85,7.55,10.82
DCA,2023-03-12,9,15,30,15,30,80.0,73.33,90.0,5.73,20.47,8.53,11.0,2.3,3.41,1.0,8.57
DCA,2023-03-12,10,34,15,34,15,88.24,58.82,66.67,2.82,24.06,12.06,11.85,2.2,5.25,2.67,10.67
DCA,2023-03-12,11,26,26,26,25,88.46,73.08,80.0,7.81,18.65,7.1,12.31,3.8,4.86,4.76,13.84
DCA,2023-03-12,12,20,32,19,32,57.89,42.11,78.13,23.0,18.32,6.98,28.89,6.28,2.5,3.41,6.75
DCA,2023-03-12,13,33,22,33,22,84.85,57.58,68.18,7.7,24.33,12.53,17.3,4.45,7.48,5.95,11.23
DCA,2023-03-12,14,20,32,20,32,80.0,65.0,84.38,14.35,19.6,8.0,20.4,8.13,4.6,6.59,6.28
DCA,2023-03-12,15,33,21,34,22,79.41,61.76,81.82,13.38,19.65,8.06,19.15,5.32,5.06,4.73,20.0
DCA,2023-03-12,16,21,34,21,34,61.9,61.9,70.59,32.19,17.33,5.97,36.38,4.97,5.96,5.35,15.71
DCA,2023-03-12,17,32,21,32,21,84.38,68.75,61.9,10.75,21.06,9.41,18.13,5.1,3.33,4.0,27.14
DCA,2023-03-12,18,26,27,25,27,36.0,32.0,70.37,50.04,19.92,8.63,58.2,6.15,2.47,5.78,21.59
DCA,2023-03-12,19,19,31,19,31,84.21,84.21,64.52,6.53,22.05,10.13,14.58,5.97,5.0,6.35,23.32
DCA,2023-03-12,20,28,22,29,22,51.72,41.38,54.55,29.9,21.0,9.13,36.93,5.5,9.19,7.05,26.73
DCA,2023-03-12,21,4,34,4,34,75.0,75.0,61.76,37.0,16.0,4.02,40.0,11.24,6.76,11.18,31.68
DCA,2023-03-12,22,24,21,26,22,73.08,69.23,45.45,29.92,18.12,6.26,34.88,6.32,12.15,15.86,67.41
DCA,2023-03-12,23,0,15,0,15,0.0,0.0,60.0,0.0,0.0,0.0,0.0,11.4,12.34,22.2,32.93
DCA,2023-03-13,0,0,1,0,0,0.0,0.0,0.0,0.0,0.0,0.0,0.0,0.0,0.0,0.0,0.0
DCA,2023-03-13,1,0,0,0,1,0.0,0.0,0.0,0.0,0.0,0.0,0.0,54.0,0.0,0.0,56.0
DCA,2023-03-13,4,0,0,0,0,0.0,0.0,0.0,0.0,0.0,0.0,0.0,0.0,0.0,0.0,0.0
DCA,2023-03-13,5,3,0,3,0,100.0,100.0,0.0,0.0,15.0,3.3,1.67,0.0,0.0,0.0,0.0
DCA,2023-03-13,6,37,6,37,6,94.59,91.89,83.33,2.65,17.89,6.58,6.65,1.0,8.3,9.0,5.5
DCA,2023-03-13,7,21,30,21,31,90.48,66.67,70.97,6.38,22.9,11.45,15.62,2.84,2.58,7.1,19.68
DCA,2023-03-13,8,40,13,41,14,87.8,56.1,71.43,3.51,29.17,17.07,16.83,4.29,3.11,6.21,8.64
DCA,2023-03-13,9,16,34,16,35,81.25,56.25,74.29,8.88,26.0,14.26,19.0,7.94,1.5,3.14,8.77
DCA,2023-03-13,10,35,17,36,17,86.11,36.11,94.12,5.11,33.22,21.07,22.67,3.35,3.15,6.41,6.71
DCA,2023-03-13,11,27,27,27,27,85.19,81.48,85.19,9.33,21.37,10.03,15.93,2.11,2.0,3.63,5.07
DCA,2023-03-13,12,21,31,23,31,86.96,78.26,83.87,8.35,22.87,11.33,17.65,3.26,1.43,5.13,8.39
DCA,2023-03-13,13,32,23,32,25,87.5,56.25,68.0,7.72,29.63,17.51,21.69,5.32,2.85,8.32,15.44
DCA,2023-03-13,14,21,31,21,31,57.14,42.86,70.97,25.24,32.38,20.75,44.14,7.68,2.26,5.06,12.19
DCA,2023-03-13,15,31,23,33,23,84.85,30.3,60.87,8.24,33.64,21.78,27.03,4.48,3.87,2.74,17.61
DCA,2023-03-13,16,23,32,23,32,65.22,47.83,81.25,21.52,26.22,14.57,32.83,6.0,3.82,3.94,11.28
DCA,2023-03-13,17,32,22,33,22,78.79,54.55,68.18,16.15,26.52,14.71,27.82,4.68,3.9,5.18,26.59
DCA,2023-03-13,18,25,30,24,30,75.0,62.5,66.67,9.79,19.71,8.45,15.71,3.73,2.55,4.0,20.4
DCA,2023-03-13,19,21,29,21,28,76.19,52.38,64.29,16.48,22.0,10.45,24.38,6.68,3.59,8.96,18.21
DCA,2023-03-13,20,28,23,27,23,81.48,55.56,52.17,9.63,27.26,15.06,20.67,5.0,0.64,8.57,30.22
DCA,2023-03-13,21,5,33,5,33,60.0,60.0,66.67,25.8,13.8,2.7,28.4,5.0,4.19,6.67,10.58
DCA,2023-03-13,22,24,22,24,22,79.17,62.5,50.0,8.54,18.25,6.18,12.96,2.73,3.17,2.55,34.55
DCA,2023-03-13,23,0,15,0,15,0.0,0.0,66.67,0.0,0.0,0.0,0.0,2.4,0.93,1.47,12.87
DCA,2023-03-14,0,0,1,0,1,0.0,0.0,0.0,0.0,0.0,0.0,0.0,4.0,0.0,0.0,121.0
DCA,2023-03-14,1,0,0,0,0,0.0,0.0,0.0,0.0,0.0,0.0,0.0,0.0,0.0,0.0,0.0
DCA,2023-03-14,2,0,0,0,0,0.0,0.0,0.0,0.0,0.0,0.0,0.0,0.0,0.0,0.0,0.0
DCA,2023-03-14,5,3,0,3,0,100.0,100.0,0.0,0.0,14.0,2.3,0.0,0.0,0.0,0.0,0.0
DCA,2023-03-14,6,37,6,35,4,94.29,82.86,75.0,2.26,20.89,9.49,8.03,1.0,10.3,7.0,6.0
DCA,2023-03-14,7,21,30,21,30,100.0,80.95,76.67,0.9,22.86,11.49,8.33,2.53,4.18,11.2,17.83
DCA,2023-03-14,8,40,13,41,14,90.24,48.78,78.57,6.0,31.76,19.72,21.88,3.71,3.65,8.57,13.43
DCA,2023-03-14,9,16,34,14,33,71.43,64.29,87.88,14.64,20.79,9.39,21.43,9.85,4.83,5.85,6.64
DCA,2023-03-14,10,35,17,29,18,96.55,65.52,55.56,1.62,25.48,13.37,11.1,4.06,1.37,6.11,17.67
DCA,2023-03-14,11,27,27,26,29,80.77,69.23,79.31,6.46,18.38,7.1,11.04,4.69,2.28,7.97,9.28
DCA,2023-03-14,12,21,31,19,30,94.74,89.47,73.33,3.32,19.37,7.69,8.0,3.5,3.8,3.43,10.93
DCA,2023-03-14,13,32,23,33,25,81.82,45.45,72.0,17.67,28.03,15.96,31.94,3.64,5.64,9.48,19.04
DCA,2023-03-14,14,21,31,16,27,87.5,68.75,85.19,5.81,20.75,9.14,13.0,6.48,2.55,2.0,3.52
DCA,2023-03-14,15,31,23,28,21,78.57,71.43,66.67,7.61,22.0,10.32,14.0,3.14,4.56,6.76,44.24
DCA,2023-03-14,16,23,32,21,30,66.67,61.9,73.33,31.86,19.86,8.37,38.33,4.23,2.44,6.27,26.3
DCA,2023-03-14,17,32,22,26,21,73.08,65.38,71.43,22.81,23.65,11.94,32.27,3.33,4.24,5.0,12.38
DCA,2023-03-14,18,25,30,25,25,68.0,52.0,92.0,14.32,20.84,9.54,21.08,6.52,3.1,2.16,8.96
DCA,2023-03-14,19,21,29,19,23,84.21,73.68,69.57,10.63,17.63,6.08,14.53,6.35,3.02,10.3,30.09
DCA,2023-03-14,20,28,23,25,20,84.0,80.0,65.0,12.36,23.24,11.14,19.8,5.25,3.26,7.0,28.45
DCA,2023-03-14,21,5,33,5,27,80.0,80.0,66.67,10.6,12.8,2.16,12.2,7.19,4.63,8.96,21.85
DCA,2023-03-14,22,24,22,19,19,73.68,73.68,68.42,13.05,19.37,7.25,17.37,1.84,2.36,3.63,63.79
DCA,2023-03-14,23,0,15,0,13,0.0,0.0,84.62,0.0,0.0,0.0,0.0,1.38,0.93,0.08,20.85
DCA,2023-03-15,0,0,1,0,2,0.0,0.0,100.0,0.0,0.0,0.0,0.0,10.5,0.85,0.0,1.5
DCA,2023-03-15,1,0,0,0,0,0.0,0.0,0.0,0.0,0.0,0.0,0.0,0.0,0.0,0.0,0.0
DCA,2023-03-15,2,0,0,0,0,0.0,0.0,0.0,0.0,0.0,0.0,0.0,0.0,0.0,0.0,0.0
DCA,2023-03-15,5,3,0,3,0,66.67,66.67,0.0,17.67,19.33,7.63,23.67,0.0,0.0,0.0,0.0
DCA,2023-03-15,6,37,6,37,5,94.59,81.08,80.0,1.92,18.92,7.73,7.05,1.6,10.1,6.4,18.0
DCA,2023-03-15,7,21,30,21,27,100.0,90.48,92.59,0.43,20.81,9.21,5.76,2.48,3.41,4.59,2.59
DCA,2023-03-15,8,40,13,41,11,92.68,36.59,54.55,3.73,37.76,25.66,25.93,7.36,5.72,11.09,62.18
DCA,2023-03-15,9,16,34,16,34,37.5,25.0,61.76,55.0,27.0,15.26,68.5,16.35,5.94,14.56,16.74
DCA,2023-03-15,10,35,17,35,17,65.71,40.0,76.47,26.66,22.83,10.69,36.46,6.24,2.01,4.53,11.94
DCA,2023-03-15,11,27,27,28,27,67.86,57.14,70.37,14.71,22.54,10.99,23.29,9.33,3.24,7.85,14.52
DCA,2023-03-15,12,21,31,21,31,61.9,52.38,80.65,25.67,22.81,11.1,34.52,5.29,3.94,2.97,7.94
DCA,2023-03-15,13,32,23,32,24,68.75,53.13,83.33,23.59,27.16,15.07,36.19,4.63,2.04,2.13,8.83
DCA,2023-03-15,14,21,31,22,31,59.09,31.82,77.42,20.68,25.73,14.06,33.0,6.29,5.93,5.87,11.97
DCA,2023-03-15,15,31,23,31,22,70.97,48.39,68.18,13.77,28.23,16.39,28.39,5.55,5.59,6.23,9.55
DCA,2023-03-15,16,23,32,23,33,56.52,26.09,63.64,27.57,26.87,15.23,41.78,7.21,1.55,4.06,13.33
DCA,2023-03-15,17,32,22,31,20,58.06,48.39,70.0,27.48,25.87,14.09,40.52,3.95,2.77,2.35,15.45
DCA,2023-03-15,18,25,30,24,32,58.33,37.5,71.88,27.5,20.29,9.24,34.33,4.78,2.18,2.63,16.63
DCA,2023-03-15,19,21,29,21,29,66.67,47.62,75.86,17.29,28.43,16.83,32.48,6.28,2.45,2.79,22.48
DCA,2023-03-15,20,28,23,28,24,75.0,50.0,58.33,22.57,30.32,18.11,36.71,8.54,3.25,8.79,21.58
DCA,2023-03-15,21,5,33,6,33,66.67,66.67,54.55,17.5,17.83,6.47,23.0,8.61,1.42,8.48,21.82
DCA,2023-03-15,22,24,22,24,23,79.17,70.83,52.17,12.08,21.96,9.67,18.46,2.13,2.7,6.0,37.17
DCA,2023-03-15,23,0,15,0,15,0.0,0.0,46.67,0.0,0.0,0.0,0.0,2.4,3.43,3.8,35.0
DCA,2023-03-16,0,0,1,0,1,0.0,0.0,100.0,0.0,0.0,0.0,0.0,6.0,0.0,0.0,0.0
DCA,2023-03-16,1,0,0,0,0,0.0,0.0,0.0,0.0,0.0,0.0,0.0,0.0,0.0,0.0,0.0
DCA,2023-03-16,5,3,0,3,0,100.0,100.0,0.0,3.0,15.67,3.97,5.0,0.0,0.0,0.0,0.0
DCA,2023-03-16,6,37,6,37,6,89.19,78.38,100.0,5.76,18.22,7.01,10.59,0.17,10.47,1.67,0.17
DCA,2023-03-16,7,21,30,22,30,100.0,81.82,93.33,0.14,19.73,8.23,5.27,3.87,5.87,2.1,4.37
DCA,2023-03-16,8,40,13,40,13,92.5,30.0,92.31,6.53,35.1,23.13,25.52,3.77,2.45,2.54,3.46
DCA,2023-03-16,9,16,34,15,34,100.0,60.0,85.29,0.47,30.8,19.09,14.47,10.71,3.14,6.91,5.09
DCA,2023-03-16,10,35,17,35,17,82.86,74.29,88.24,9.37,17.46,5.47,12.8,3.35,2.74,1.0,5.0
DCA,2023-03-16,11,27,27,27,27,88.89,88.89,96.3,10.41,15.63,4.34,13.04,4.56,3.9,2.78,2.07
DCA,2023-03-16,12,21,31,23,31,91.3,78.26,90.32,3.7,20.35,8.9,9.61,4.26,3.58,3.65,5.13
DCA,2023-03-16,13,32,23,33,24,84.85,57.58,87.5,10.09,26.45,14.56,22.79,2.25,7.16,3.75,4.0
DCA,2023-03-16,14,21,31,22,31,95.45,68.18,87.1,2.05,22.86,11.34,11.64,4.71,6.37,4.81,10.81
DCA,2023-03-16,15,31,23,31,24,80.65,41.94,83.33,7.55,28.48,16.65,21.23,3.04,5.82,5.75,7.67
DCA,2023-03-16,16,23,32,24,33,79.17,66.67,81.82,6.42,19.75,8.07,13.0,8.18,3.18,6.03,8.94
DCA,2023-03-16,17,32,22,32,22,78.13,59.38,90.91,11.72,21.41,9.65,19.44,4.77,3.43,2.86,13.18
DCA,2023-03-16,18,25,30,25,30,80.0,64.0,80.0,14.2,19.44,8.05,20.0,7.47,2.72,5.3,10.6
DCA,2023-03-16,19,21,29,22,30,95.45,72.73,73.33,8.14,21.23,9.7,15.64,9.67,1.95,3.4,44.03
DCA,2023-03-16,20,28,23,27,22,74.07,70.37,59.09,9.52,17.52,5.48,13.22,3.68,5.68,4.55,28.18
DCA,2023-03-16,21,5,33,6,33,100.0,100.0,72.73,0.0,16.33,5.2,3.83,5.45,2.72,6.94,15.3
DCA,2023-03-16,22,24,22,25,23,80.0,72.0,69.57,8.64,17.64,5.54,11.16,1.52,4.38,3.74,23.74
DCA,2023-03-16,23,0,15,0,14,0.0,0.0,78.57,0.0,0.0,0.0,0.0,2.36,1.24,2.5,12.64
DCA,2023-03-17,0,0,1,0,0,0.0,0.0,0.0,0.0,0.0,0.0,0.0,0.0,0.0,0.0,0.0
DCA,2023-03-17,1,0,0,0,0,0.0,0.0,0.0,0.0,0.0,0.0,0.0,0.0,0.0,0.0,0.0
DCA,2023-03-17,5,3,0,3,0,100.0,100.0,0.0,0.33,14.0,2.3,0.67,0.0,0.0,0.0,0.0
DCA,2023-03-17,6,37,6,35,6,91.43,74.29,100.0,4.8,20.57,9.13,11.89,0.67,5.47,2.5,2.0
DCA,2023-03-17,7,21,30,21,30,95.24,90.48,100.0,1.62,16.9,5.3,4.05,5.43,5.83,2.0,0.93
DCA,2023-03-17,8,40,13,40,13,92.5,55.0,92.31,4.28,28.9,16.89,17.65,2.38,5.47,1.23,2.08
DCA,2023-03-17,9,16,34,16,33,93.75,68.75,84.85,2.63,23.0,11.43,11.75,7.55,6.71,4.61,16.27
DCA,2023-03-17,10,35,17,36,17,88.89,58.33,88.24,13.75,26.14,13.96,25.22,4.29,1.8,1.18,17.76
DCA,2023-03-17,11,27,27,27,28,77.78,70.37,92.86,6.89,20.04,8.57,13.59,5.21,2.84,2.43,2.61
DCA,2023-03-17,12,21,31,22,31,90.91,77.27,93.55,4.59,18.55,7.0,9.14,5.13,3.07,1.97,5.19
DCA,2023-03-17,13,32,23,32,23,87.5,78.13,91.3,5.03,21.91,9.84,11.34,3.52,3.4,2.87,6.78
DCA,2023-03-17,14,21,31,21,32,85.71,66.67,81.25,13.81,20.9,9.4,20.52,7.13,3.13,4.03,9.88
DCA,2023-03-17,15,31,23,32,23,81.25,56.25,95.65,8.19,22.97,11.12,16.38,3.35,6.86,1.96,2.74
DCA,2023-03-17,16,23,32,23,32,82.61,78.26,81.25,11.91,15.65,4.18,15.13,5.03,4.24,2.31,7.75
DCA,2023-03-17,17,32,22,32,22,93.75,84.38,81.82,2.47,18.22,6.52,5.81,2.05,7.72,2.73,8.45
DCA,2023-03-17,18,25,30,25,30,88.0,84.0,83.33,11.56,15.88,4.86,14.4,3.13,3.24,2.43,31.07
DCA,2023-03-17,19,21,29,21,29,90.48,80.95,86.21,12.05,18.95,7.46,16.95,4.76,2.96,1.97,20.45
DCA,2023-03-17,20,28,23,28,23,82.14,82.14,86.96,12.93,19.0,6.88,15.32,3.52,3.14,0.48,5.43
DCA,2023-03-17,21,5,33,5,33,80.0,80.0,90.91,6.4,17.0,5.38,11.2,9.15,2.91,3.67,11.42
DCA,2023-03-17,22,24,22,24,22,83.33,83.33,54.55,4.63,17.0,5.1,7.17,2.5,5.74,5.73,24.82
DCA,2023-03-17,23,0,15,1,15,100.0,100.0,60.0,0.0,12.0,0.0,0.0,2.67,1.65,1.0,17.47
DCA,2023-03-18,0,0,2,0,1,0.0,0.0,100.0,0.0,0.0,0.0,0.0,1.0,0.4,0.0,0.0
DCA,2023-03-18,1,0,0,0,0,0.0,0.0,0.0,0.0,0.0,0.0,0.0,0.0,0.0,0.0,0.0
DCA,2023-03-18,5,3,0,3,0,100.0,100.0,0.0,2.33,17.0,5.3,5.67,0.0,0.0,0.0,0.0
DCA,2023-03-18,6,29,1,29,1,93.1,93.1,100.0,14.03,16.48,5.7,17.66,0.0,2.3,0.0,0.0
DCA,2023-03-18,7,17,22,17,23,94.12,82.35,86.96,6.0,19.76,8.37,11.12,1.22,5.07,2.65,20.04
DCA,2023-03-18,8,38,10,38,10,92.11,68.42,90.0,2.47,23.79,11.71,10.61,1.1,4.02,2.1,6.9
DCA,2023-03-18,9,15,28,16,29,93.75,81.25,93.1,3.13,20.63,9.03,8.19,6.17,3.52,0.41,4.69
DCA,2023-03-18,10,29,16,29,16,96.55,82.76,93.75,2.31,19.03,7.2,7.1,2.0,2.59,1.19,1.25
DCA,2023-03-18,11,25,18,25,18,96.0,80.0,83.33,4.92,24.08,12.45,13.92,1.39,1.24,2.94,7.17
DCA,2023-03-18,12,12,31,12,31,66.67,75.0,93.55,9.0,20.58,9.46,16.42,2.0,1.33,1.26,2.74
DCA,2023-03-18,13,24,20,24,20,83.33,70.83,90.0,6.88,19.96,8.03,11.83,1.25,3.36,4.65,3.95
DCA,2023-03-18,14,22,23,22,24,86.36,86.36,66.67,3.95,19.45,7.8,9.41,3.42,6.95,5.17,19.83
DCA,2023-03-18,15,23,19,23,19,65.22,56.52,73.68,18.39,18.48,6.83,23.61,2.74,1.03,3.37,8.63
DCA,2023-03-18,16,18,22,18,22,83.33,72.22,86.36,6.61,15.0,3.86,9.06,0.95,0.61,0.77,10.55
DCA,2023-03-18,17,25,20,25,20,84.0,80.0,65.0,12.0,17.24,5.79,14.52,0.8,2.08,3.45,9.9
DCA,2023-03-18,18,15,19,15,19,66.67,66.67,89.47,9.53,13.2,2.14,10.6,1.11,1.39,4.68,7.68
DCA,2023-03-18,19,20,17,20,17,85.0,85.0,76.47,7.25,18.0,6.18,10.3,2.06,1.52,2.06,13.41
DCA,2023-03-18,20,10,18,10,18,80.0,80.0,88.89,12.4,13.6,2.21,13.0,1.28,2.36,0.06,9.28
DCA,2023-03-18,21,4,15,4,16,100.0,100.0,75.0,0.0,17.0,4.7,0.25,0.63,1.41,0.88,15.44
DCA,2023-03-18,22,1,17,1,17,100.0,100.0,64.71,0.0,18.0,5.7,1.0,0.41,1.05,0.0,14.29
DCA,2023-03-18,23,0,9,0,9,0.0,0.0,77.78,0.0,0.0,0.0,0.0,1.67,0.19,0.0,10.11
DCA,2023-03-19,0,0,1,0,2,0.0,0.0,50.0,0.0,0.0,0.0,0.0,2.0,0.9,0.0,18.0
DCA,2023-03-19,5,3,0,3,0,100.0,100.0,0.0,0.0,12.33,1.2,0.0,0.0,0.0,0.0,0.0
DCA,2023-03-19,6,23,2,23,2,100.0,100.0,100.0,0.61,16.09,4.87,3.83,0.0,1.3,1.5,0.0
DCA,2023-03-19,7,17,19,17,19,100.0,94.12,94.74,0.41,16.35,5.08,2.88,1.95,2.36,3.47,2.84
DCA,2023-03-19,8,36,10,36,11,94.44,80.56,90.91,2.08,20.42,8.59,8.06,0.55,3.87,1.55,1.82
DCA,2023-03-19,9,14,30,14,30,100.0,100.0,83.33,1.86,16.0,4.09,3.86,4.67,2.42,0.9,30.47
DCA,2023-03-19,10,34,15,34,15,91.18,70.59,100.0,4.82,24.47,12.45,13.68,2.93,2.51,1.87,1.4
DCA,2023-03-19,11,26,26,26,26,88.46,57.69,92.31,19.54,21.08,9.83,27.38,2.12,1.65,0.19,16.65
DCA,2023-03-19,12,20,32,20,32,85.0,70.0,100.0,27.7,21.05,9.52,34.85,3.47,1.49,0.38,0.28
DCA,2023-03-19,13,33,22,33,23,90.91,72.73,91.3,6.21,20.85,8.94,12.97,2.3,3.93,4.13,4.65
DCA,2023-03-19,14,20,32,21,32,90.48,71.43,78.13,3.86,21.57,9.88,11.9,1.75,3.29,2.06,8.0
DCA,2023-03-19,15,33,21,34,22,91.18,52.94,90.91,6.53,26.79,15.1,18.47,3.73,3.68,0.82,4.82
DCA,2023-03-19,16,21,34,22,34,86.36,72.73,85.29,7.41,20.64,9.06,14.0,7.68,2.55,4.38,5.18
DCA,2023-03-19,17,32,21,32,21,90.63,65.63,80.95,11.31,23.09,11.22,19.81,1.33,7.46,3.57,5.81
DCA,2023-03-19,18,26,27,26,27,76.92,69.23,74.07,9.19,18.46,7.29,14.08,4.04,2.53,1.22,15.78
DCA,2023-03-19,19,19,31,19,30,84.21,68.42,70.0,8.79,22.63,10.71,16.11,4.23,2.35,3.27,8.73
DCA,2023-03-19,20,28,22,27,22,85.19,40.74,72.73,5.93,29.22,17.08,19.15,4.82,1.96,1.77,20.18
DCA,2023-03-19,21,4,34,4,34,75.0,75.0,73.53,30.5,14.75,2.53,31.0,11.21,4.51,6.85,9.38
DCA,2023-03-19,22,24,21,24,21,83.33,79.17,71.43,5.46,18.83,6.55,10.04,2.14,5.74,1.0,11.95
DCA,2023-03-19,23,0,15,0,15,0.0,0.0,73.33,0.0,0.0,0.0,0.0,1.47,1.21,0.4,56.53
DCA,2023-03-20,0,0,1,0,1,0.0,0.0,100.0,0.0,0.0,0.0,0.0,0.0,0.4,0.0,0.0
DCA,2023-03-20,5,3,0,3,0,100.0,100.0,0.0,2.33,15.67,3.97,4.0,0.0,0.0,0.0,0.0
DCA,2023-03-20,6,37,6,37,6,97.3,89.19,66.67,8.05,18.59,7.28,12.62,0.0,7.8,5.17,19.67
DCA,2023-03-20,7,21,30,20,30,95.0,75.0,90.0,2.55,18.25,6.63,6.4,2.67,5.25,2.73,4.13
DCA,2023-03-20,8,40,13,40,14,92.5,62.5,85.71,4.7,27.68,15.67,16.8,1.79,5.71,3.5,3.71
DCA,2023-03-20,9,16,34,16,34,81.25,75.0,76.47,8.31,17.69,6.19,12.31,8.62,4.1,6.35,9.38
DCA,2023-03-20,10,35,17,35,17,71.43,54.29,64.71,13.71,24.46,12.31,24.06,4.65,5.02,7.41,16.76
DCA,2023-03-20,11,27,27,27,27,85.19,70.37,81.48,7.19,16.81,5.48,10.63,2.7,4.6,1.67,13.89
DCA,2023-03-20,12,21,31,21,31,80.95,52.38,93.55,13.1,19.0,7.57,19.38,2.84,2.42,0.26,2.58
DCA,2023-03-20,13,32,23,33,24,84.85,72.73,79.17,7.09,17.73,5.75,10.76,2.0,3.66,2.42,9.42
DCA,2023-03-20,14,21,31,21,31,95.24,57.14,74.19,3.9,22.52,10.89,12.95,5.13,7.15,4.39,9.61
DCA,2023-03-20,15,31,23,31,23,80.65,54.84,82.61,10.32,25.77,13.94,21.74,3.26,8.82,3.57,16.43
DCA,2023-03-20,16,23,32,24,32,79.17,75.0,96.88,17.33,17.38,5.72,21.33,3.75,4.46,3.63,4.47
DCA,2023-03-20,17,32,22,32,22,87.5,65.63,77.27,4.53,20.94,9.16,11.38,2.5,5.95,2.36,7.09
DCA,2023-03-20,18,25,30,25,30,96.0,96.0,100.0,2.12,15.4,4.17,4.24,4.07,2.32,0.3,1.4
DCA,2023-03-20,19,21,29,21,28,95.24,90.48,89.29,1.76,17.52,6.2,4.52,2.68,3.25,1.71,9.11
DCA,2023-03-20,20,28,23,27,23,92.59,85.19,86.96,2.59,21.78,9.76,7.67,2.61,3.67,0.04,12.13
DCA,2023-03-20,21,5,33,5,33,100.0,100.0,81.82,0.0,12.2,0.9,0.0,7.36,3.75,4.42,8.58
DCA,2023-03-20,22,24,22,24,22,91.67,91.67,86.36,9.08,15.92,3.95,10.92,2.59,2.37,0.0,3.23
DCA,2023-03-20,23,0,15,0,15,0.0,0.0,80.0,0.0,0.0,0.0,0.0,1.67,1.8,0.0,7.47
DCA,2023-03-21,0,0,1,0,1,0.0,0.0,0.0,0.0,0.0,0.0,0.0,0.0,2.4,0.0,141.0
DCA,2023-03-21,1,0,0,0,0,0.0,0.0,0.0,0.0,0.0,0.0,0.0,0.0,0.0,0.0,0.0
DCA,2023-03-21,2,0,0,0,0,0.0,0.0,0.0,0.0,0.0,0.0,0.0,0.0,0.0,0.0,0.0
DCA,2023-03-21,5,3,0,3,0,100.0,100.0,0.0,0.33,13.0,1.73,0.0,0.0,0.0,0.0,0.0
DCA,2023-03-21,6,37,6,37,6,94.59,89.19,66.67,2.08,18.46,7.25,6.43,0.83,9.47,8.17,31.67
DCA,2023-03-21,7,21,30,21,30,95.24,80.95,96.67,2.57,21.24,9.77,9.05,2.17,7.16,4.53,3.07
DCA,2023-03-21,8,40,13,40,14,97.5,62.5,92.86,1.4,25.08,13.05,11.1,2.29,7.35,4.71,2.93
DCA,2023-03-21,9,16,34,17,34,94.12,88.24,76.47,2.24,18.59,7.06,6.59,11.91,6.76,6.82,18.5
DCA,2023-03-21,10,35,17,35,17,97.14,68.57,100.0,1.71,24.06,11.89,10.0,2.24,7.26,1.88,1.35
DCA,2023-03-21,11,27,27,28,27,100.0,92.86,92.59,0.57,15.86,4.47,2.46,1.85,4.6,0.85,4.59
DCA,2023-03-21,12,21,31,21,31,95.24,90.48,93.55,1.62,17.76,6.56,5.38,3.71,2.34,1.87,4.23
DCA,2023-03-21,13,32,23,32,23,84.38,75.0,91.3,7.19,21.28,9.27,12.16,2.91,4.17,1.17,2.3
DCA,2023-03-21,14,21,31,21,33,76.19,61.9,81.82,6.95,23.05,11.58,16.76,12.48,1.85,8.42,10.91
DCA,2023-03-21,15,31,23,32,24,84.38,62.5,91.67,8.38,24.91,13.07,17.56,3.5,6.24,3.5,3.21
DCA,2023-03-21,16,23,32,24,35,91.67,87.5,88.57,2.5,19.5,7.95,7.04,7.06,2.47,4.51,5.37
DCA,2023-03-21,17,32,22,31,22,96.77,74.19,86.36,1.87,21.77,10.03,8.58,1.95,3.22,0.59,3.86
DCA,2023-03-21,18,25,30,25,30,88.0,84.0,83.33,3.4,16.36,5.44,6.08,5.6,2.4,1.9,7.5
DCA,2023-03-21,19,21,29,21,29,95.24,80.95,93.1,1.05,17.86,6.61,4.76,5.97,2.61,1.59,2.59
DCA,2023-03-21,20,28,23,28,23,89.29,78.57,82.61,4.93,21.5,9.35,9.61,3.7,3.93,1.78,10.3
DCA,2023-03-21,21,5,33,5,33,100.0,100.0,87.88,0.0,11.4,1.56,0.4,7.18,3.22,3.03,6.36
DCA,2023-03-21,22,24,22,24,22,95.83,91.67,95.45,2.58,17.38,5.17,4.46,3.55,5.54,1.64,2.45
DCA,2023-03-21,23,0,15,0,15,0.0,0.0,100.0,0.0,0.0,0.0,0.0,1.53,1.13,0.07,2.53
DCA,2023-03-22,0,0,1,0,1,0.0,0.0,100.0,0.0,0.0,0.0,0.0,2.0,0.4,0.0,0.0
DCA,2023-03-22,1,0,0,0,0,0.0,0.0,0.0,0.0,0.0,0.0,0.0,0.0,0.0,0.0,0.0
DCA,2023-03-22,2,0,0,0,0,0.0,0.0,0.0,0.0,0.0,0.0,0.0,0.0,0.0,0.0,0.0
DCA,2023-03-22,5,3,0,3,0,100.0,100.0,0.0,0.0,16.33,4.63,0.0,0.0,0.0,0.0,0.0
DCA,2023-03-22,6,37,6,37,6,91.89,86.49,83.33,5.35,16.73,5.45,8.41,1.5,5.63,0.0,49.17
DCA,2023-03-22,7,21,30,21,30,95.24,95.24,100.0,8.14,16.19,4.86,10.57,2.33,4.43,0.7,0.33
DCA,2023-03-22,8,40,13,41,14,95.12,68.29,71.43,2.22,25.66,14.05,11.98,5.0,6.13,5.86,10.21
DCA,2023-03-22,9,16,34,17,34,88.24,70.59,91.18,3.82,21.94,10.28,10.94,10.56,4.83,4.59,4.44
DCA,2023-03-22,10,35,17,35,17,91.43,62.86,94.12,3.43,26.89,14.86,14.51,7.06,3.47,3.47,2.41
DCA,2023-03-22,11,27,27,27,27,92.59,85.19,88.89,19.15,16.67,5.72,22.81,4.3,3.15,1.11,3.56
DCA,2023-03-22,12,21,31,22,31,90.91,86.36,87.1,6.23,15.64,4.73,9.0,4.1,3.82,2.9,2.77
DCA,2023-03-22,13,32,23,32,24,90.63,87.5,95.83,3.0,18.22,6.48,5.53,4.38,5.57,1.88,1.17
DCA,2023-03-22,14,21,31,23,31,91.3,69.57,80.65,3.13,19.7,8.35,9.83,3.39,4.75,4.23,8.42
DCA,2023-03-22,15,31,23,31,24,87.1,74.19,83.33,8.52,19.61,7.98,13.71,2.46,5.1,2.04,9.25
DCA,2023-03-22,16,23,32,24,33,70.83,62.5,90.91,16.29,18.83,7.15,22.13,4.94,2.67,1.94,3.24
DCA,2023-03-22,17,32,22,33,24,81.82,69.7,87.5,6.42,20.76,9.06,13.15,6.0,5.39,4.67,5.96
DCA,2023-03-22,18,25,30,25,30,88.0,80.0,93.33,4.84,19.08,7.64,9.96,5.7,3.25,4.23,1.93
DCA,2023-03-22,19,21,29,21,29,95.24,85.71,75.86,4.95,19.29,8.06,10.29,8.1,2.25,2.83,12.9
DCA,2023-03-22,20,28,23,28,23,96.43,89.29,78.26,1.21,22.39,10.25,6.39,3.13,5.89,3.74,16.91
DCA,2023-03-22,21,5,33,5,33,100.0,100.0,84.85,2.2,13.4,1.84,2.6,2.91,5.41,5.88,6.52
DCA,2023-03-22,22,24,22,24,22,87.5,83.33,90.91,4.58,17.38,5.2,6.21,3.0,4.95,3.32,5.64
DCA,2023-03-22,23,0,15,0,15,0.0,0.0,73.33,0.0,0.0,0.0,0.0,1.6,2.23,1.53,28.8
DCA,2023-03-23,0,0,1,0,1,0.0,0.0,100.0,0.0,0.0,0.0,0.0,0.0,1.4,0.0,0.0
DCA,2023-03-23,1,0,0,0,0,0.0,0.0,0.0,0.0,0.0,0.0,0.0,0.0,0.0,0.0,0.0
DCA,2023-03-23,2,0,0,0,0,0.0,0.0,0.0,0.0,0.0,0.0,0.0,0.0,0.0,0.0,0.0
DCA,2023-03-23,5,3,0,3,0,33.33,33.33,0.0,33.67,41.67,29.97,63.0,0.0,0.0,0.0,0.0
DCA,2023-03-23,6,37,6,37,6,97.3,86.49,83.33,1.7,21.59,10.32,8.59,2.83,6.63,0.0,61.5
DCA,2023-03-23,7,21,30,21,30,100.0,85.71,90.0,0.24,20.14,9.05,5.62,3.4,7.0,1.5,9.03
DCA,2023-03-23,8,40,13,41,14,92.68,85.37,100.0,4.17,20.46,8.46,8.9,2.5,4.72,1.5,0.71
DCA,2023-03-23,9,16,34,17,35,100.0,94.12,85.71,0.24,15.71,4.11,2.35,7.71,5.46,6.06,11.26
DCA,2023-03-23,10,35,17,35,17,77.14,65.71,82.35,28.37,18.43,6.46,33.14,4.18,1.62,4.71,8.12
DCA,2023-03-23,11,27,27,27,28,85.19,77.78,85.71,11.07,16.44,5.13,13.74,2.54,2.55,1.25,8.11
DCA,2023-03-23,12,21,31,21,31,90.48,80.95,90.32,3.19,17.67,6.1,7.48,4.94,3.98,1.61,11.61
DCA,2023-03-23,13,32,23,32,23,78.13,68.75,91.3,16.0,21.56,9.69,23.63,3.91,5.4,3.43,2.91
DCA,2023-03-23,14,21,31,22,32,90.91,72.73,81.25,5.23,20.41,8.77,12.68,6.0,5.98,3.78,19.31
DCA,2023-03-23,15,31,23,31,23,74.19,58.06,82.61,16.1,19.32,7.58,21.52,2.87,4.83,3.43,5.22
DCA,2023-03-23,16,23,32,24,32,87.5,75.0,84.38,6.17,21.33,9.93,14.42,3.66,4.48,1.97,14.44
DCA,2023-03-23,17,32,22,32,23,84.38,59.38,73.91,12.09,22.72,11.01,20.59,4.61,3.9,3.7,11.78
DCA,2023-03-23,18,25,30,25,30,80.0,72.0,80.0,10.28,17.04,5.9,13.72,4.0,2.54,2.57,9.1
DCA,2023-03-23,19,21,29,22,29,86.36,77.27,86.21,4.77,18.86,7.48,11.27,6.55,2.79,3.86,10.03
DCA,2023-03-23,20,28,23,28,23,89.29,53.57,69.57,11.07,22.96,10.77,20.0,2.57,5.87,1.78,26.65
DCA,2023-03-23,21,5,33,5,33,100.0,100.0,75.76,0.0,13.2,3.1,0.6,7.18,5.66,8.58,22.91
DCA,2023-03-23,22,24,22,24,22,75.0,58.33,63.64,10.58,23.38,11.15,19.08,4.32,8.67,6.32,16.68
DCA,2023-03-23,23,0,15,0,15,0.0,0.0,73.33,0.0,0.0,0.0,0.0,0.6,5.02,3.87,7.27
DCA,2023-03-24,0,0,1,0,1,0.0,0.0,0.0,0.0,0.0,0.0,0.0,0.0,0.0,0.0,71.0
DCA,2023-03-24,1,0,0,0,0,0.0,0.0,0.0,0.0,0.0,0.0,0.0,0.0,0.0,0.0,0.0
DCA,2023-03-24,2,0,0,0,0,0.0,0.0,0.0,0.0,0.0,0.0,0.0,0.0,0.0,0.0,0.0
DCA,2023-03-24,5,3,0,3,0,100.0,100.0,0.0,0.0,14.0,2.3,1.0,0.0,0.0,0.0,0.0
DCA,2023-03-24,6,37,6,37,6,94.59,91.89,83.33,1.81,17.38,6.07,5.57,0.83,1.97,0.0,47.0
DCA,2023-03-24,7,21,30,21,30,100.0,95.24,90.0,0.24,18.29,6.84,3.43,7.2,2.52,0.8,14.4
DCA,2023-03-24,8,40,13,40,13,90.0,57.5,92.31,13.13,28.8,16.76,26.08,6.38,1.98,3.31,5.85
DCA,2023-03-24,9,16,34,16,34,93.75,62.5,85.29,4.69,24.63,12.96,14.56,14.12,1.7,7.74,6.85
DCA,2023-03-24,10,35,17,35,18,94.29,37.14,88.89,4.77,36.54,24.37,26.51,5.28,3.21,4.17,2.89
DCA,2023-03-24,11,27,27,27,28,88.89,62.96,92.86,4.37,23.22,11.71,13.22,3.79,2.47,2.46,7.29
DCA,2023-03-24,12,21,31,22,31,77.27,59.09,87.1,11.64,25.18,13.7,22.91,4.55,2.18,2.23,4.81
DCA,2023-03-24,13,32,23,32,23,81.25,46.88,86.96,8.78,28.59,16.66,22.34,2.13,2.6,2.22,4.78
DCA,2023-03-24,14,21,31,21,31,71.43,57.14,70.97,15.76,19.52,7.89,21.62,2.48,4.32,2.13,15.55
DCA,2023-03-24,15,31,23,32,23,81.25,62.5,86.96,8.75,25.41,13.56,18.91,1.91,2.13,2.04,7.22
DCA,2023-03-24,16,23,32,23,33,69.57,56.52,69.7,14.83,18.57,7.0,19.78,4.45,2.55,3.64,22.3
DCA,2023-03-24,17,32,22,31,22,74.19,61.29,86.36,15.9,23.16,11.39,24.45,2.18,6.24,2.09,16.5
DCA,2023-03-24,18,25,30,26,30,80.77,65.38,80.0,21.73,19.27,7.92,26.73,2.67,2.46,0.77,10.37
DCA,2023-03-24,19,21,29,21,29,76.19,66.67,65.52,14.0,20.0,8.63,20.62,6.1,4.13,6.21,21.62
DCA,2023-03-24,20,28,23,28,23,78.57,57.14,65.22,33.07,22.96,10.86,41.21,2.74,5.36,4.0,26.78
DCA,2023-03-24,21,5,33,5,33,80.0,80.0,51.52,21.6,16.0,5.04,22.8,3.58,7.9,16.39,24.91
DCA,2023-03-24,22,24,22,24,22,66.67,58.33,50.0,22.17,18.71,6.71,27.33,2.14,7.72,4.41,18.59
DCA,2023-03-24,23,0,15,0,15,0.0,0.0,80.0,0.0,0.0,0.0,0.0,2.67,1.4,0.0,14.4
DCA,2023-03-25,0,0,2,0,0,0.0,0.0,0.0,0.0,0.0,0.0,0.0,0.0,0.0,0.0,0.0
DCA,2023-03-25,1,0,0,0,0,0.0,0.0,0.0,0.0,0.0,0.0,0.0,0.0,0.0,0.0,0.0
DCA,2023-03-25,5,3,0,3,0,100.0,100.0,0.0,0.0,15.67,3.97,0.33,0.0,0.0,0.0,0.0
DCA,2023-03-25,6,29,1,29,1,82.76,68.97,100.0,19.24,21.21,10.02,27.1,3.0,2.3,0.0,0.0
DCA,2023-03-25,7,17,22,18,22,94.44,94.44,90.91,5.28,16.5,5.07,7.89,1.45,6.68,1.5,9.73
DCA,2023-03-25,8,38,10,38,10,94.74,63.16,80.0,3.11,28.97,16.91,16.13,6.5,2.68,7.3,33.0
DCA,2023-03-25,9,15,28,14,30,78.57,28.57,56.67,25.64,29.0,17.54,40.0,34.43,3.75,29.3,43.57
DCA,2023-03-25,10,29,16,29,17,51.72,31.03,70.59,45.79,22.38,10.39,55.76,4.29,2.06,2.88,24.76
DCA,2023-03-25,11,25,17,25,17,76.0,44.0,88.24,18.32,25.88,14.18,29.32,2.94,1.81,3.41,9.18
DCA,2023-03-25,12,12,31,12,33,75.0,58.33,72.73,11.33,22.42,10.98,20.08,3.64,2.9,3.12,19.91
DCA,2023-03-25,13,24,20,25,20,84.0,56.0,75.0,10.2,22.76,10.66,18.32,3.05,3.35,4.65,9.5
DCA,2023-03-25,14,22,23,22,23,72.73,54.55,65.22,18.91,24.09,12.41,28.68,3.96,2.07,2.57,29.04
DCA,2023-03-25,15,23,19,23,18,65.22,52.17,77.78,9.61,21.3,9.67,16.52,2.0,2.06,2.67,17.11
DCA,2023-03-25,16,19,21,17,21,82.35,64.71,80.95,12.82,21.35,9.74,20.71,2.1,0.7,1.76,11.67
DCA,2023-03-25,17,24,21,25,21,76.0,52.0,66.67,17.12,23.92,12.37,25.88,1.81,3.38,1.81,12.1
DCA,2023-03-25,18,15,19,15,19,73.33,53.33,78.95,12.0,18.87,7.4,16.4,2.0,1.2,2.84,17.47
DCA,2023-03-25,19,20,17,19,17,84.21,68.42,52.94,8.79,22.47,10.84,16.26,2.94,0.59,6.24,14.59
DCA,2023-03-25,20,10,18,10,19,70.0,70.0,84.21,22.5,21.3,9.85,29.5,1.47,1.62,1.84,23.95
DCA,2023-03-25,21,3,15,3,15,100.0,100.0,73.33,0.0,14.33,3.13,1.33,0.67,0.71,0.27,15.4
DCA,2023-03-25,22,1,15,1,15,0.0,0.0,80.0,133.0,10.0,0.0,131.0,2.07,2.01,1.27,18.0
DCA,2023-03-25,23,0,9,0,9,0.0,0.0,33.33,0.0,0.0,0.0,0.0,2.0,0.88,0.56,22.44
DCA,2023-03-26,0,0,1,0,2,0.0,0.0,100.0,0.0,0.0,0.0,0.0,3.5,0.0,0.0,0.0
DCA,2023-03-26,1,0,0,0,0,0.0,0.0,0.0,0.0,0.0,0.0,0.0,0.0,0.0,0.0,0.0
DCA,2023-03-26,2,0,0,0,0,0.0,0.0,0.0,0.0,0.0,0.0,0.0,0.0,0.0,0.0,0.0
DCA,2023-03-26,5,3,0,3,0,100.0,100.0,0.0,0.0,14.33,2.63,0.0,0.0,0.0,0.0,0.0
DCA,2023-03-26,6,21,2,21,2,85.71,85.71,100.0,51.1,15.48,4.44,54.38,0.0,3.8,0.0,0.0
DCA,2023-03-26,7,16,18,16,18,93.75,87.5,83.33,7.31,17.13,5.84,10.81,1.39,1.56,1.33,22.72
DCA,2023-03-26,8,37,9,37,9,89.19,43.24,77.78,6.41,30.35,18.5,21.14,1.67,1.79,0.78,7.44
DCA,2023-03-26,9,15,31,16,31,56.25,37.5,93.55,16.81,25.19,13.46,29.0,3.23,4.08,1.35,3.03
DCA,2023-03-26,10,35,13,35,13,91.43,54.29,76.92,7.91,28.8,16.82,21.03,5.08,5.35,5.92,8.62
DCA,2023-03-26,11,25,26,25,26,84.0,76.0,88.46,20.84,20.36,8.92,28.8,3.73,2.58,2.85,11.73
DCA,2023-03-26,12,19,32,19,33,68.42,63.16,72.73,33.26,20.0,8.31,39.89,2.36,1.57,0.15,19.09
DCA,2023-03-26,13,31,24,31,24,70.97,48.39,87.5,15.55,22.23,10.3,24.0,3.46,3.75,3.29,5.67
DCA,2023-03-26,14,23,29,23,29,65.22,34.78,65.52,25.0,24.0,12.27,35.78,3.97,4.96,10.9,34.03
DCA,2023-03-26,15,30,24,30,25,70.0,56.67,76.0,27.2,23.17,11.46,35.27,1.96,5.79,5.64,16.2
DCA,2023-03-26,16,22,33,22,34,68.18,59.09,64.71,30.59,21.73,10.14,38.55,2.15,2.69,2.56,25.12
DCA,2023-03-26,17,31,21,31,21,67.74,51.61,57.14,14.94,22.32,10.46,23.42,1.05,7.48,2.52,31.43
DCA,2023-03-26,18,27,27,27,26,44.44,29.63,65.38,37.15,22.04,10.64,45.85,2.15,2.58,0.23,22.0
DCA,2023-03-26,19,19,32,19,32,63.16,63.16,68.75,25.21,18.05,6.13,28.63,1.28,2.12,1.94,29.06
DCA,2023-03-26,20,28,23,28,24,71.43,67.86,62.5,24.61,20.96,8.8,30.93,2.25,2.97,1.33,33.13
DCA,2023-03-26,21,4,35,5,34,80.0,80.0,61.76,18.4,13.8,2.14,19.0,5.5,3.16,1.68,29.59
DCA,2023-03-26,22,23,18,23,18,82.61,60.87,61.11,10.57,20.61,8.39,16.91,2.0,2.68,0.28,25.78
DCA,2023-03-26,23,0,12,0,11,0.0,0.0,54.55,0.0,0.0,0.0,0.0,0.91,1.22,1.0,18.82
DCA,2023-03-27,0,0,1,0,1,0.0,0.0,100.0,0.0,0.0,0.0,0.0,1.0,0.4,0.0,0.0
DCA,2023-03-27,1,0,0,0,0,0.0,0.0,0.0,0.0,0.0,0.0,0.0,0.0,0.0,0.0,0.0
DCA,2023-03-27,5,3,0,3,0,100.0,100.0,0.0,1.67,15.0,3.3,3.67,0.0,0.0,0.0,0.0
DCA,2023-03-27,6,36,6,35,6,91.43,82.86,83.33,17.63,19.57,8.45,23.09,2.17,2.25,6.0,6.17
DCA,2023-03-27,7,19,31,19,31,94.74,84.21,93.55,6.0,17.53,6.16,10.26,2.61,5.22,2.23,26.71
DCA,2023-03-27,8,41,12,41,13,87.8,56.1,92.31,20.78,26.95,14.98,32.41,1.77,4.79,1.38,1.46
DCA,2023-03-27,9,16,34,16,34,100.0,87.5,85.29,0.94,18.38,7.08,5.31,4.12,9.67,5.5,11.24
DCA,2023-03-27,10,37,15,37,15,81.08,59.46,86.67,25.54,22.05,9.98,33.3,2.53,2.69,0.87,9.27
DCA,2023-03-27,11,26,29,26,29,92.31,76.92,82.76,9.5,17.54,6.11,14.15,3.48,2.58,1.69,14.48
DCA,2023-03-27,12,21,30,22,30,81.82,59.09,80.0,8.59,20.45,8.96,14.82,4.77,3.15,2.83,17.83
DCA,2023-03-27,13,30,25,30,27,80.0,63.33,88.89,8.33,19.7,7.79,14.47,4.56,3.62,5.15,6.0
DCA,2023-03-27,14,24,28,25,28,76.0,68.0,82.14,21.36,21.2,9.61,27.92,5.36,1.94,4.57,31.18
DCA,2023-03-27,15,28,26,28,26,75.0,50.0,57.69,13.64,20.39,8.55,20.14,2.69,3.77,6.0,16.5
DCA,2023-03-27,16,24,31,25,32,60.0,52.0,59.38,16.36,22.28,10.67,26.36,3.03,3.62,7.59,15.22
DCA,2023-03-27,17,32,23,33,23,66.67,27.27,56.52,23.88,27.64,15.96,38.61,3.65,5.49,6.87,15.0
DCA,2023-03-27,18,25,29,25,29,64.0,44.0,72.41,19.8,21.96,10.36,28.48,3.41,2.43,2.34,21.79
DCA,2023-03-27,19,21,30,21,30,80.95,76.19,60.0,16.14,17.95,6.49,21.05,3.43,2.54,7.07,48.77
DCA,2023-03-27,20,28,23,28,23,71.43,50.0,60.87,19.11,24.21,12.11,27.93,5.7,2.75,3.74,41.26
DCA,2023-03-27,21,5,36,5,36,100.0,100.0,61.11,0.0,16.0,4.82,1.6,6.58,3.36,2.97,23.14
DCA,2023-03-27,22,23,18,24,18,91.67,79.17,61.11,6.21,19.63,7.45,11.04,4.78,3.01,2.06,26.61
DCA,2023-03-27,23,0,12,0,12,0.0,0.0,75.0,0.0,0.0,0.0,0.0,3.42,0.4,0.67,11.92
DCA,2023-03-28,0,0,1,1,1,100.0,100.0,0.0,0.0,13.0,1.6,0.0,0.0,0.4,0.0,72.0
DCA,2023-03-28,1,0,0,0,0,0.0,0.0,0.0,0.0,0.0,0.0,0.0,0.0,0.0,0.0,0.0
DCA,2023-03-28,5,3,0,3,0,100.0,100.0,0.0,0.0,14.0,2.4,0.0,0.0,0.0,0.0,0.0
DCA,2023-03-28,6,36,6,36,6,100.0,86.11,83.33,0.44,18.28,7.08,4.39,0.33,4.42,1.17,11.33
DCA,2023-03-28,7,19,31,19,31,89.47,84.21,96.77,4.68,20.89,9.38,10.68,3.68,3.21,0.61,0.74
DCA,2023-03-28,8,41,12,42,12,95.24,57.14,66.67,4.21,29.93,17.87,17.43,4.42,6.4,9.67,8.58
DCA,2023-03-28,9,16,34,16,35,87.5,56.25,71.43,3.63,23.25,11.73,12.81,19.66,4.49,11.17,23.57
DCA,2023-03-28,10,37,15,36,17,77.78,47.22,94.12,26.33,24.39,12.39,36.0,4.65,0.92,2.59,2.65
DCA,2023-03-28,11,26,29,26,29,92.31,69.23,93.1,4.42,22.85,11.53,12.5,6.21,2.28,2.07,3.76
DCA,2023-03-28,12,21,30,21,31,95.24,71.43,100.0,2.71,21.52,9.76,8.43,4.55,1.71,0.19,0.42
DCA,2023-03-28,13,30,25,30,25,96.67,80.0,84.0,0.93,23.5,11.33,7.63,2.48,1.34,0.36,11.44
DCA,2023-03-28,14,24,28,24,28,87.5,75.0,92.86,7.08,21.79,10.22,14.0,4.57,1.34,1.68,3.96
DCA,2023-03-28,15,28,26,28,26,89.29,71.43,84.62,4.5,23.07,11.23,12.32,2.88,1.15,1.04,8.85
DCA,2023-03-28,16,24,31,24,32,91.67,79.17,84.38,4.42,25.46,13.88,15.75,5.41,1.74,0.94,11.78
DCA,2023-03-28,17,32,23,32,23,78.13,62.5,86.96,13.22,22.22,10.55,20.72,4.65,2.15,2.22,7.0
DCA,2023-03-28,18,25,29,25,29,76.0,60.0,79.31,10.76,23.32,11.72,19.32,6.83,2.07,2.38,20.52
DCA,2023-03-28,19,21,30,21,30,76.19,76.19,93.33,17.62,17.71,6.12,20.71,4.57,1.7,2.63,6.3
DCA,2023-03-28,20,28,23,30,23,93.33,83.33,78.26,4.33,25.07,12.85,11.77,5.35,3.43,0.87,10.35
DCA,2023-03-28,21,5,36,5,36,100.0,100.0,75.0,0.0,17.6,5.98,2.2,5.58,3.86,3.75,11.5
DCA,2023-03-28,22,23,18,23,18,91.3,82.61,88.89,2.52,21.43,9.21,7.09,2.61,6.03,2.67,5.78
DCA,2023-03-28,23,0,12,0,12,0.0,0.0,66.67,0.0,0.0,0.0,0.0,2.92,0.56,3.08,70.83
DCA,2023-03-29,0,0,1,0,1,0.0,0.0,100.0,0.0,0.0,0.0,0.0,4.0,0.4,0.0,0.0
DCA,2023-03-29,5,3,0,3,0,100.0,100.0,0.0,0.33,19.0,7.3,3.33,0.0,0.0,0.0,0.0
DCA,2023-03-29,6,36,6,36,6,97.22,80.56,100.0,0.97,17.97,6.8,5.58,2.33,3.63,0.67,0.0
DCA,2023-03-29,7,19,31,19,32,94.74,73.68,93.75,4.37,22.05,10.37,11.11,3.78,5.02,2.66,3.53
DCA,2023-03-29,8,41,12,43,13,90.7,51.16,84.62,5.02,27.91,15.92,17.37,2.08,3.55,2.15,9.46
DCA,2023-03-29,9,16,34,17,34,88.24,58.82,97.06,4.71,23.76,12.14,13.76,7.62,5.6,3.85,4.38
DCA,2023-03-29,10,37,15,37,15,89.19,51.35,80.0,5.68,27.89,15.79,17.49,2.87,4.33,3.4,8.67
DCA,2023-03-29,11,26,29,26,29,96.15,84.62,89.66,3.19,20.42,9.06,9.08,4.14,3.5,1.48,7.1
DCA,2023-03-29,12,21,30,22,30,86.36,72.73,96.67,9.77,19.77,8.05,16.23,2.27,2.71,0.67,2.37
DCA,2023-03-29,13,30,25,30,25,96.67,76.67,92.0,2.97,22.1,10.0,9.67,1.96,1.6,0.08,3.96
DCA,2023-03-29,14,24,28,24,28,79.17,66.67,100.0,9.83,22.13,10.63,18.33,3.64,2.71,0.43,0.96
DCA,2023-03-29,15,28,26,28,26,96.43,32.14,92.31,2.71,38.79,26.94,25.21,2.0,3.74,0.5,7.12
DCA,2023-03-29,16,24,31,26,33,84.62,53.85,78.79,14.35,24.0,12.34,24.31,9.79,5.71,6.55,9.27
DCA,2023-03-29,17,32,23,32,24,78.13,59.38,79.17,9.94,21.25,9.61,17.81,2.46,5.63,4.88,14.13
DCA,2023-03-29,18,25,29,26,29,76.92,69.23,89.66,13.92,17.42,5.95,18.27,4.07,2.12,1.03,2.72
DCA,2023-03-29,19,21,30,22,31,86.36,72.73,80.65,4.41,19.36,7.91,10.32,4.16,6.26,6.23,9.35
DCA,2023-03-29,20,28,23,28,24,89.29,71.43,75.0,4.5,21.54,9.4,10.39,5.04,2.23,4.29,14.67
DCA,2023-03-29,21,5,36,5,37,80.0,80.0,62.16,8.8,14.8,3.5,12.0,9.54,4.19,9.54,24.19
DCA,2023-03-29,22,23,18,24,18,91.67,91.67,66.67,2.63,17.04,4.83,3.96,2.61,3.31,4.56,26.11
DCA,2023-03-29,23,0,12,0,12,0.0,0.0,75.0,0.0,0.0,0.0,0.0,2.67,1.12,7.08,22.83
DCA,2023-03-30,0,0,1,0,1,0.0,0.0,100.0,0.0,0.0,0.0,0.0,0.0,1.4,0.0,0.0
DCA,2023-03-30,1,0,0,0,1,0.0,0.0,100.0,0.0,0.0,0.0,0.0,1.0,0.3,0.0,0.0
DCA,2023-03-30,4,0,0,0,0,0.0,0.0,0.0,0.0,0.0,0.0,0.0,0.0,0.0,0.0,0.0
DCA,2023-03-30,5,3,0,3,0,66.67,66.67,0.0,18.0,16.0,4.3,20.33,0.0,0.0,0.0,0.0
DCA,2023-03-30,6,36,6,36,6,100.0,83.33,83.33,0.83,20.31,9.15,7.44,1.17,3.63,0.0,58.17
DCA,2023-03-30,7,19,31,19,31,100.0,84.21,90.32,0.0,24.0,12.41,7.95,4.26,5.58,2.55,13.26
DCA,2023-03-30,8,41,12,42,13,85.71,73.81,92.31,4.81,21.81,9.88,12.02,1.77,2.52,2.62,1.69
DCA,2023-03-30,9,16,34,17,34,94.12,88.24,88.24,3.94,19.24,7.52,9.71,9.91,4.27,5.29,3.65
DCA,2023-03-30,10,37,15,37,15,81.08,59.46,93.33,8.78,25.11,13.03,19.24,2.67,1.95,0.93,2.87
DCA,2023-03-30,11,26,29,26,29,92.31,84.62,96.55,2.85,17.27,5.94,6.04,3.62,3.3,0.9,1.07
DCA,2023-03-30,12,21,30,21,30,85.71,66.67,86.67,5.0,21.0,9.42,12.86,3.1,2.09,1.93,5.83
DCA,2023-03-30,13,30,25,31,25,80.65,61.29,100.0,6.32,23.81,11.72,14.55,5.2,1.49,1.48,0.96
DCA,2023-03-30,14,24,28,24,28,95.83,79.17,89.29,7.42,21.58,10.04,14.13,2.5,3.28,0.64,10.75
DCA,2023-03-30,15,28,26,29,26,82.76,79.31,84.62,12.9,20.86,9.0,18.59,2.5,3.6,1.58,10.65
DCA,2023-03-30,16,24,31,25,32,84.0,72.0,93.75,7.0,19.0,7.56,12.04,5.69,1.39,1.72,2.56
DCA,2023-03-30,17,32,23,32,23,84.38,68.75,69.57,7.16,21.66,10.06,15.22,0.65,5.92,3.65,8.91
DCA,2023-03-30,18,25,29,25,29,92.0,80.0,89.66,5.32,17.48,5.96,8.48,4.31,2.4,2.31,11.72
DCA,2023-03-30,19,21,30,21,30,85.71,76.19,86.67,6.05,18.24,6.63,10.19,7.77,2.83,2.1,11.2
DCA,2023-03-30,20,28,23,29,23,89.66,75.86,69.57,10.31,20.45,8.68,16.76,2.39,2.97,0.96,14.7
DCA,2023-03-30,21,5,36,5,36,80.0,80.0,80.56,14.0,15.4,4.5,17.0,5.47,2.63,4.61,7.08
DCA,2023-03-30,22,23,18,23,18,91.3,91.3,88.89,3.7,19.0,6.93,8.39,2.67,4.67,2.28,5.56
DCA,2023-03-30,23,0,12,0,12,0.0,0.0,83.33,0.0,0.0,0.0,0.0,2.92,0.84,0.67,6.08
DCA,2023-03-31,0,0,1,0,1,0.0,0.0,100.0,0.0,0.0,0.0,0.0,1.0,1.4,0.0,0.0
DCA,2023-03-31,5,3,0,3,0,100.0,100.0,0.0,0.0,18.0,6.3,1.0,0.0,0.0,0.0,0.0
DCA,2023-03-31,6,36,6,36,6,91.67,75.0,100.0,6.11,19.81,8.62,12.53,0.67,5.13,0.83,0.0
DCA,2023-03-31,7,19,31,19,31,100.0,100.0,93.55,0.26,18.0,6.35,3.68,3.9,5.1,1.68,14.58
DCA,2023-03-31,8,41,12,41,12,95.12,51.22,91.67,8.56,28.93,16.96,21.71,3.17,4.41,1.67,1.25
DCA,2023-03-31,9,16,34,16,35,87.5,68.75,80.0,3.06,20.56,9.03,9.06,11.23,6.88,7.57,7.69
DCA,2023-03-31,10,37,15,38,15,81.58,52.63,100.0,12.66,22.32,10.35,21.24,4.4,3.38,1.87,1.0
DCA,2023-03-31,11,26,29,26,29,92.31,80.77,93.1,6.81,17.35,6.0,10.58,4.21,3.12,2.76,2.72
DCA,2023-03-31,12,21,30,21,30,95.24,90.48,90.0,5.14,18.81,7.28,10.0,5.8,1.7,1.27,2.93
DCA,2023-03-31,13,30,25,31,26,70.97,54.84,96.15,16.35,19.16,7.04,22.29,4.23,2.32,1.85,12.81
DCA,2023-03-31,14,24,28,24,28,91.67,75.0,89.29,4.96,21.29,9.72,11.58,3.82,4.5,1.5,17.96
DCA,2023-03-31,15,28,26,27,26,70.37,55.56,92.31,23.0,19.89,8.05,28.93,3.38,2.37,0.85,2.77
DCA,2023-03-31,16,24,31,23,31,69.57,69.57,96.77,54.0,17.39,5.72,58.0,6.1,2.37,2.65,2.13
DCA,2023-03-31,17,32,23,31,23,77.42,64.52,82.61,10.58,22.19,10.62,18.74,1.26,3.7,2.04,21.43
DCA,2023-03-31,18,25,29,25,29,80.0,72.0,82.76,13.68,19.24,7.85,19.6,3.34,3.66,3.03,12.41
DCA,2023-03-31,19,21,30,21,30,71.43,61.9,80.0,10.14,21.95,10.38,17.76,3.1,4.02,4.63,6.93
DCA,2023-03-31,20,28,23,28,23,75.0,60.71,65.22,15.04,20.86,8.69,21.0,6.87,3.78,7.04,15.43
DCA,2023-03-31,21,5,36,5,35,60.0,60.0,54.29,49.6,16.4,4.84,53.4,4.6,5.23,9.66,37.77
DCA,2023-03-31,22,23,18,24,17,70.83,66.67,64.71,16.46,16.29,4.58,20.04,4.88,2.99,3.29,27.06
DCA,2023-03-31,23,0,11,0,9,0.0,0.0,88.89,0.0,0.0,0.0,0.0,3.78,2.43,0.0,4.78
DCA,2023-04-01,0,0,2,1,1,100.0,100.0,0.0,0.0,10.0,0.0,0.0,9.0,3.4,8.0,137.0
DCA,2023-04-01,1,0,0,0,0,0.0,0.0,0.0,0.0,0.0,0.0,0.0,0.0,0.0,0.0,0.0
DCA,2023-04-01,2,0,0,0,0,0.0,0.0,0.0,0.0,0.0,0.0,0.0,0.0,0.0,0.0,0.0
DCA,2023-04-01,5,3,0,3,0,100.0,100.0,0.0,0.0,16.67,4.97,1.67,0.0,0.0,0.0,0.0
DCA,2023-04-01,6,25,1,24,1,75.0,62.5,100.0,43.46,18.38,7.65,49.54,2.0,4.3,0.0,10.0
DCA,2023-04-01,7,16,22,15,22,100.0,93.33,86.36,1.93,14.73,3.79,4.53,6.0,6.49,4.45,3.36
DCA,2023-04-01,8,38,10,39,10,84.62,51.28,80.0,14.44,28.05,15.91,28.31,3.5,5.95,4.1,6.5
DCA,2023-04-01,9,17,28,17,28,94.12,76.47,75.0,3.47,23.82,12.29,12.29,6.46,5.87,3.18,12.68
DCA,2023-04-01,10,29,17,29,17,68.97,27.59,70.59,16.24,26.76,14.79,29.03,5.06,4.21,9.59,18.82
DCA,2023-04-01,11,25,17,25,17,76.0,60.0,76.47,14.76,16.72,5.28,18.8,3.18,3.0,6.18,20.94
DCA,2023-04-01,12,12,28,12,27,33.33,33.33,59.26,36.42,15.33,3.94,39.75,3.04,1.49,4.52,15.44
DCA,2023-04-01,13,22,21,20,20,75.0,60.0,80.0,18.15,19.55,7.57,24.7,1.8,2.57,3.45,5.85
DCA,2023-04-01,14,22,22,21,21,66.67,61.9,57.14,27.57,17.86,6.66,32.86,3.29,1.74,4.0,25.43
DCA,2023-04-01,15,22,21,21,20,57.14,42.86,80.0,34.1,16.9,5.52,39.0,3.2,1.18,0.9,13.25
DCA,2023-04-01,16,19,21,16,20,62.5,56.25,65.0,13.0,15.44,4.43,15.88,1.55,1.64,2.35,15.6
DCA,2023-04-01,17,25,20,20,11,75.0,60.0,72.73,16.9,15.65,4.53,20.7,24.27,3.38,27.18,63.91
DCA,2023-04-01,18,14,19,9,8,66.67,11.11,37.5,95.89,34.89,23.33,117.67,40.63,1.38,35.5,218.5
DCA,2023-04-01,19,21,17,7,2,42.86,42.86,50.0,83.86,16.14,4.27,86.71,20.0,0.0,3.0,15.5
DCA,2023-04-01,20,10,18,0,9,0.0,0.0,33.33,0.0,0.0,0.0,0.0,44.0,1.11,44.0,187.44
DCA,2023-04-01,21,3,20,0,12,0.0,0.0,16.67,0.0,0.0,0.0,0.0,56.67,0.78,54.42,177.0
DCA,2023-04-01,22,1,12,0,8,0.0,0.0,25.0,0.0,0.0,0.0,0.0,2.88,4.38,4.5,122.88
DCA,2023-04-01,23,0,6,1,3,100.0,100.0,66.67,0.0,22.0,9.7,10.0,5.33,0.57,4.67,43.33
DCA,2023-04-02,0,0,1,0,2,0.0,0.0,0.0,0.0,0.0,0.0,0.0,2.5,0.4,8.0,37.5
DCA,2023-04-02,1,0,0,0,1,0.0,0.0,0.0,0.0,0.0,0.0,0.0,3.0,0.4,8.0,69.0
DCA,2023-04-02,2,0,0,0,1,0.0,0.0,100.0,0.0,0.0,0.0,0.0,0.0,0.4,0.0,0.0
DCA,2023-04-02,5,3,0,1,0,100.0,100.0,0.0,0.0,17.0,4.7,1.0,0.0,0.0,0.0,0.0
DCA,2023-04-02,6,19,2,10,2,60.0,60.0,100.0,68.3,14.4,2.41,70.4,0.0,2.8,0.0,0.0
DCA,2023-04-02,7,16,18,9,16,88.89,88.89,87.5,8.78,14.33,3.06,11.0,2.81,1.53,1.94,7.31
DCA,2023-04-02,8,37,9,31,9,80.65,58.06,88.89,21.58,21.81,9.97,29.19,0.22,4.81,3.67,6.0
DCA,2023-04-02,9,15,31,14,31,78.57,64.29,83.87,34.64,19.57,7.71,40.57,4.97,2.19,1.03,22.13
DCA,2023-04-02,10,35,13,31,14,80.65,70.97,78.57,14.84,20.26,8.24,20.45,2.64,1.77,1.5,9.43
DCA,2023-04-02,11,25,27,23,26,78.26,60.87,88.46,15.65,18.96,7.32,21.57,3.65,5.17,3.85,8.58
DCA,2023-04-02,12,20,31,20,32,80.0,50.0,87.5,12.9,21.45,9.93,21.05,3.09,1.66,0.0,8.47
DCA,2023-04-02,13,31,24,32,25,75.0,65.63,84.0,13.94,22.88,10.87,22.66,2.24,3.12,0.68,6.44
DCA,2023-04-02,14,23,29,23,28,73.91,56.52,82.14,7.7,22.09,10.39,15.43,2.64,3.2,1.11,24.04
DCA,2023-04-02,15,30,24,31,25,61.29,45.16,84.0,30.0,21.13,9.52,38.29,1.16,1.76,1.88,6.84
DCA,2023-04-02,16,22,33,22,31,72.73,63.64,90.32,9.59,17.77,6.2,14.18,2.55,1.59,0.32,6.29
DCA,2023-04-02,17,31,21,30,19,66.67,50.0,63.16,24.4,19.33,7.62,30.6,1.16,2.74,0.63,20.32
DCA,2023-04-02,18,27,27,25,27,60.0,52.0,85.19,23.84,17.68,6.67,29.28,2.56,1.81,0.56,14.63
DCA,2023-04-02,19,20,31,20,31,60.0,55.0,80.65,15.8,21.15,9.31,23.0,1.39,4.51,2.16,9.61
DCA,2023-04-02,20,27,24,27,24,77.78,59.26,62.5,18.81,19.19,7.06,24.07,3.63,3.39,6.17,30.96
DCA,2023-04-02,21,4,35,5,35,100.0,100.0,68.57,1.6,16.0,3.7,4.2,2.63,4.77,1.77,15.74
DCA,2023-04-02,22,23,18,22,16,81.82,81.82,68.75,10.91,15.36,3.19,12.73,1.13,3.06,0.19,27.88
DCA,2023-04-02,23,0,10,0,10,0.0,0.0,60.0,0.0,0.0,0.0,0.0,2.4,0.45,1.3,96.8
DCA,2023-04-03,0,0,1,0,1,0.0,0.0,0.0,0.0,0.0,0.0,0.0,0.0,0.4,0.0,775.0
DCA,2023-04-03,1,0,0,0,0,0.0,0.0,0.0,0.0,0.0,0.0,0.0,0.0,0.0,0.0,0.0
DCA,2023-04-03,3,0,0,0,0,0.0,0.0,0.0,0.0,0.0,0.0,0.0,0.0,0.0,0.0,0.0
DCA,2023-04-03,5,3,0,3,0,100.0,100.0,0.0,3.0,15.67,4.77,4.33,0.0,0.0,0.0,0.0
DCA,2023-04-03,6,33,6,31,6,90.32,87.1,83.33,15.16,15.55,4.5,18.45,0.83,3.47,0.0,49.5
DCA,2023-04-03,7,20,30,20,30,90.0,85.0,90.0,6.45,15.3,3.78,8.2,4.8,7.83,3.7,3.07
DCA,2023-04-03,8,40,13,40,14,87.5,57.5,85.71,24.08,24.18,12.25,34.23,3.21,5.46,3.5,4.14
DCA,2023-04-03,9,17,33,17,33,94.12,82.35,87.88,3.35,16.53,4.88,6.47,11.09,6.71,5.61,5.94
DCA,2023-04-03,10,37,15,37,15,89.19,64.86,100.0,3.76,23.73,11.83,12.89,3.33,3.19,1.27,0.93
DCA,2023-04-03,11,26,29,26,29,92.31,92.31,93.1,4.96,18.15,6.89,8.85,4.07,4.41,1.76,3.38
DCA,2023-04-03,12,21,30,21,31,76.19,80.95,90.32,13.9,14.76,3.48,15.9,3.1,2.96,1.45,2.35
DCA,2023-04-03,13,30,25,30,26,90.0,76.67,96.15,10.17,20.47,8.49,15.6,3.69,3.7,1.5,4.15
DCA,2023-04-03,14,25,27,26,28,88.46,80.77,85.71,6.73,18.12,6.55,11.73,5.82,6.56,5.11,10.39
DCA,2023-04-03,15,27,27,28,27,89.29,75.0,88.89,10.11,17.68,6.04,14.21,2.74,3.64,3.19,4.22
DCA,2023-04-03,16,24,31,24,32,87.5,58.33,78.13,6.63,21.38,9.81,13.92,5.91,6.22,3.19,12.34
DCA,2023-04-03,17,32,23,32,23,84.38,65.63,91.3,6.59,20.28,8.55,12.91,4.91,2.94,1.39,10.13
DCA,2023-04-03,18,25,29,25,29,76.0,80.0,75.86,14.8,15.56,4.21,17.88,2.72,4.47,3.21,16.24
DCA,2023-04-03,19,20,29,22,29,68.18,63.64,75.86,17.73,16.91,5.33,21.95,3.72,3.33,2.1,38.03
DCA,2023-04-03,20,25,25,27,25,77.78,70.37,76.0,16.78,17.11,5.13,19.67,5.52,3.14,2.64,18.52
DCA,2023-04-03,21,5,36,5,36,40.0,40.0,66.67,27.0,17.4,5.78,31.8,8.19,4.71,6.14,14.0
DCA,2023-04-03,22,22,17,25,18,88.0,80.0,77.78,10.44,15.96,4.24,12.44,4.06,6.15,2.28,16.56
DCA,2023-04-03,23,0,10,0,11,0.0,0.0,90.91,0.0,0.0,0.0,0.0,3.82,2.65,0.09,4.55
DCA,2023-04-04,0,0,1,0,1,0.0,0.0,100.0,0.0,0.0,0.0,0.0,0.0,4.4,0.0,0.0
DCA,2023-04-04,5,2,0,2,0,100.0,100.0,0.0,0.0,12.5,0.8,0.0,0.0,0.0,0.0,0.0
DCA,2023-04-04,6,32,6,32,6,93.75,87.5,100.0,4.31,17.56,6.33,8.75,1.33,2.25,0.0,0.0
DCA,2023-04-04,7,20,28,20,28,100.0,80.0,96.43,0.6,18.8,7.6,5.75,4.43,8.48,3.61,2.43
DCA,2023-04-04,8,40,12,41,15,95.12,63.41,80.0,1.54,27.29,15.29,13.0,1.13,4.63,1.93,9.47
DCA,2023-04-04,9,16,28,17,28,88.24,76.47,92.86,4.82,19.65,8.18,11.0,2.79,8.07,1.14,6.43
DCA,2023-04-04,10,33,17,33,17,93.94,81.82,82.35,6.61,19.88,7.98,10.58,2.94,4.17,2.06,7.76
DCA,2023-04-04,11,29,25,30,26,93.33,86.67,84.62,2.7,19.7,8.3,8.63,3.69,1.3,3.08,14.23
DCA,2023-04-04,12,18,33,18,33,72.22,72.22,100.0,30.5,15.56,4.03,32.72,3.33,1.91,0.91,0.45
DCA,2023-04-04,13,28,26,28,26,89.29,82.14,88.46,5.64,20.11,7.97,9.79,3.42,2.08,1.62,3.46
DCA,2023-04-04,14,28,24,28,25,92.86,85.71,92.0,2.79,17.57,6.05,6.5,3.52,2.36,0.96,1.72
DCA,2023-04-04,15,26,28,26,28,92.31,80.77,92.86,3.23,19.58,8.05,7.23,3.54,2.21,1.0,5.82
DCA,2023-04-04,16,25,30,26,31,88.46,84.62,83.87,2.96,17.62,6.22,6.23,4.81,2.89,2.48,14.84
DCA,2023-04-04,17,33,22,33,23,81.82,75.76,86.96,14.18,17.33,5.87,18.15,2.48,2.53,2.09,15.13
DCA,2023-04-04,18,23,31,23,31,73.91,52.17,87.1,18.48,21.09,9.67,27.17,5.68,2.13,1.39,14.1
DCA,2023-04-04,19,24,27,25,26,92.0,80.0,73.08,11.6,18.92,7.34,16.28,11.69,3.77,8.15,10.08
DCA,2023-04-04,20,27,24,27,24,85.19,51.85,70.83,4.07,25.56,13.39,13.78,5.71,5.87,4.33,13.75
DCA,2023-04-04,21,4,36,4,37,75.0,75.0,86.49,21.5,13.25,2.38,23.75,10.95,2.36,5.92,6.19
DCA,2023-04-04,22,23,18,23,18,91.3,91.3,77.78,8.52,16.91,4.85,10.17,3.72,4.01,2.83,10.17
DCA,2023-04-04,23,0,10,0,10,0.0,0.0,100.0,0.0,0.0,0.0,0.0,5.0,3.68,3.0,2.5
DCA,2023-04-05,0,0,1,0,2,0.0,0.0,100.0,0.0,0.0,0.0,0.0,0.0,3.35,0.0,0.0
DCA,2023-04-05,5,2,0,2,0,100.0,100.0,0.0,0.0,22.0,10.15,5.5,0.0,0.0,0.0,0.0
DCA,2023-04-05,6,33,7,29,7,96.55,89.66,71.43,5.28,15.83,4.42,8.14,1.43,8.16,4.29,35.57
DCA,2023-04-05,7,21,30,21,30,85.71,76.19,93.33,28.43,18.9,7.6,33.43,5.53,3.85,1.07,2.67
DCA,2023-04-05,8,41,12,42,13,80.95,47.62,76.92,24.05,27.62,15.6,36.95,3.08,6.38,7.15,36.69
DCA,2023-04-05,9,16,34,14,34,71.43,50.0,76.47,55.36,22.5,10.86,63.64,8.29,6.81,8.82,11.09
DCA,2023-04-05,10,35,17,35,16,85.71,62.86,81.25,11.91,20.09,8.21,17.43,2.88,3.41,2.38,14.31
DCA,2023-04-05,11,30,25,30,24,73.33,63.33,83.33,38.03,20.6,9.12,45.47,4.0,6.23,8.13,18.92
DCA,2023-04-05,12,18,33,19,32,73.68,52.63,78.13,31.21,25.05,13.2,42.05,4.47,2.44,6.47,8.66
DCA,2023-04-05,13,28,27,26,26,84.62,69.23,76.92,16.58,23.38,11.39,25.15,2.81,5.82,4.19,12.62
DCA,2023-04-05,14,28,24,27,23,66.67,51.85,73.91,19.93,23.93,12.32,29.56,5.04,5.7,7.91,20.91
DCA,2023-04-05,15,26,28,27,27,62.96,55.56,70.37,12.11,21.85,10.39,19.74,6.37,3.0,10.74,18.56
DCA,2023-04-05,16,25,30,26,28,69.23,61.54,67.86,19.81,17.96,6.61,25.85,5.21,3.38,4.61,25.46
DCA,2023-04-05,17,33,22,31,22,61.29,41.94,68.18,30.97,21.06,9.47,39.42,3.73,3.39,7.14,28.5
DCA,2023-04-05,18,23,31,22,31,45.45,31.82,70.97,41.27,18.91,7.52,47.68,5.87,3.39,7.74,27.1
DCA,2023-04-05,19,24,27,23,25,56.52,52.17,72.0,29.48,20.87,9.43,37.3,4.6,4.06,6.84,20.48
DCA,2023-04-05,20,27,24,25,22,76.0,48.0,59.09,15.32,24.44,12.28,24.68,3.82,3.52,7.18,42.36
DCA,2023-04-05,21,4,36,5,35,60.0,40.0,57.14,53.0,17.2,6.72,59.8,9.29,4.91,10.46,22.4
DCA,2023-04-05,22,23,18,23,17,73.91,65.22,47.06,8.57,20.74,8.73,14.96,2.76,3.19,2.59,54.47
DCA,2023-04-05,23,0,10,0,9,0.0,0.0,44.44,0.0,0.0,0.0,0.0,3.33,2.73,1.44,31.67
DCA,2023-04-06,0,0,1,0,1,0.0,0.0,0.0,0.0,0.0,0.0,0.0,0.0,3.4,0.0,36.0
DCA,2023-04-06,1,0,0,0,0,0.0,0.0,0.0,0.0,0.0,0.0,0.0,0.0,0.0,0.0,0.0
DCA,2023-04-06,2,0,0,0,0,0.0,0.0,0.0,0.0,0.0,0.0,0.0,0.0,0.0,0.0,0.0
DCA,2023-04-06,5,2,0,2,0,100.0,100.0,0.0,0.0,17.5,5.65,3.5,0.0,0.0,0.0,0.0
DCA,2023-04-06,6,33,7,31,7,80.65,67.74,100.0,11.19,17.48,6.24,16.26,3.86,4.16,0.43,0.0
DCA,2023-04-06,7,21,30,20,31,100.0,95.0,96.77,0.1,18.05,6.78,3.75,2.39,7.47,1.42,1.97
DCA,2023-04-06,8,41,12,42,13,90.48,66.67,84.62,5.86,26.26,14.25,16.52,3.23,7.1,4.0,16.08
DCA,2023-04-06,9,16,34,16,34,81.25,68.75,88.24,18.13,27.56,15.81,30.44,14.15,5.22,7.35,5.0
DCA,2023-04-06,10,34,18,34,18,88.24,47.06,77.78,10.76,27.24,15.12,23.62,3.89,5.91,4.33,6.78
DCA,2023-04-06,11,31,24,31,24,93.55,87.1,95.83,9.32,17.35,5.79,13.1,3.67,4.94,1.58,2.46
DCA,2023-04-06,12,18,33,17,32,94.12,70.59,90.63,5.47,19.41,8.14,11.47,5.22,3.57,1.16,11.78
DCA,2023-04-06,13,28,27,28,28,92.86,71.43,85.71,2.0,23.07,11.07,10.18,4.96,2.83,3.04,6.68
DCA,2023-04-06,14,29,23,30,23,83.33,73.33,86.96,8.8,20.1,8.5,15.27,4.43,2.67,1.52,4.65
DCA,2023-04-06,15,25,29,25,29,80.0,68.0,75.86,11.72,23.48,11.76,20.52,4.48,3.97,5.59,39.1
DCA,2023-04-06,16,25,30,24,28,79.17,62.5,67.86,25.33,24.5,13.12,36.21,5.18,3.36,1.89,17.89
DCA,2023-04-06,17,33,22,32,21,81.25,65.63,71.43,14.97,25.5,13.81,26.66,10.67,3.51,7.48,18.1
DCA,2023-04-06,18,23,31,22,25,68.18,27.27,56.0,17.5,42.27,30.73,46.36,26.36,4.07,23.28,24.2
DCA,2023-04-06,19,24,27,19,20,47.37,26.32,20.0,28.32,28.53,16.96,43.58,24.95,1.67,24.95,33.9
DCA,2023-04-06,20,27,24,19,22,47.37,21.05,45.45,27.79,20.79,8.72,35.84,9.36,4.57,11.18,30.0
DCA,2023-04-06,21,4,36,4,31,25.0,25.0,61.29,40.75,16.5,5.13,46.0,4.81,2.68,5.48,31.06
DCA,2023-04-06,22,23,18,16,18,68.75,56.25,72.22,17.63,19.75,7.82,23.06,3.22,2.01,5.89,12.33
DCA,2023-04-06,23,0,10,0,10,0.0,0.0,90.0,0.0,0.0,0.0,0.0,2.9,1.82,1.5,10.4
DCA,2023-04-07,0,0,1,0,1,0.0,0.0,100.0,0.0,0.0,0.0,0.0,5.0,0.0,0.0,0.0
DCA,2023-04-07,1,0,0,0,0,0.0,0.0,0.0,0.0,0.0,0.0,0.0,0.0,0.0,0.0,0.0
DCA,2023-04-07,5,2,0,2,0,100.0,100.0,0.0,0.0,12.5,1.3,0.0,0.0,0.0,0.0,0.0
DCA,2023-04-07,6,33,7,33,7,81.82,57.58,71.43,14.58,20.82,9.59,21.61,1.29,7.83,3.29,19.14
DCA,2023-04-07,7,21,30,21,30,100.0,85.71,96.67,0.1,24.33,12.71,7.71,5.03,5.21,3.5,1.4
DCA,2023-04-07,8,41,12,41,12,95.12,51.22,100.0,1.78,35.37,23.28,21.34,0.83,3.38,0.25,0.08
DCA,2023-04-07,9,16,34,16,34,81.25,43.75,79.41,10.25,27.56,15.78,22.63,5.56,6.89,5.38,19.79
DCA,2023-04-07,10,34,18,34,18,85.29,50.0,88.89,9.12,28.03,15.95,21.44,4.5,2.44,1.22,10.33
DCA,2023-04-07,11,31,24,32,25,81.25,65.63,76.0,21.25,23.56,11.93,30.06,2.64,4.26,3.76,14.0
DCA,2023-04-07,12,18,33,20,33,80.0,60.0,87.88,29.9,22.25,10.54,37.35,3.85,1.45,1.03,6.82
DCA,2023-04-07,13,28,27,29,27,82.76,55.17,74.07,5.55,23.0,10.98,13.48,3.0,4.03,2.37,12.07
DCA,2023-04-07,14,29,23,29,23,75.86,51.72,86.96,12.31,24.79,13.16,23.31,4.87,3.1,2.13,11.13
DCA,2023-04-07,15,25,29,25,29,88.0,48.0,86.21,4.0,30.48,18.76,18.48,5.55,4.58,5.48,9.59
DCA,2023-04-07,16,25,30,26,30,80.77,53.85,83.33,9.92,21.31,9.7,16.65,6.27,1.12,2.23,9.23
DCA,2023-04-07,17,33,22,33,22,78.79,66.67,72.73,39.73,21.73,10.02,47.21,1.64,2.23,0.45,19.0
DCA,2023-04-07,18,23,31,23,31,86.96,78.26,87.1,8.13,19.52,8.39,13.48,4.55,1.75,0.84,8.68
DCA,2023-04-07,19,24,27,24,27,75.0,75.0,81.48,17.0,18.54,6.99,21.79,6.67,1.4,4.48,15.41
DCA,2023-04-07,20,27,24,26,24,84.62,50.0,87.5,13.69,30.85,18.68,27.12,4.58,3.07,0.58,4.38
DCA,2023-04-07,21,4,36,4,38,100.0,100.0,63.16,1.75,18.0,6.55,5.25,11.08,1.19,4.39,19.32
DCA,2023-04-07,22,23,18,23,18,91.3,86.96,88.89,5.39,17.09,4.93,7.43,2.56,2.65,1.28,6.11
DCA,2023-04-07,23,0,10,0,10,0.0,0.0,70.0,0.0,0.0,0.0,0.0,2.1,1.35,0.0,14.6
DCA,2023-04-08,0,0,0,0,1,0.0,0.0,100.0,0.0,0.0,0.0,0.0,4.0,0.0,8.0,5.0
DCA,2023-04-08,1,0,0,0,0,0.0,0.0,0.0,0.0,0.0,0.0,0.0,0.0,0.0,0.0,0.0
DCA,2023-04-08,5,4,0,4,0,50.0,50.0,0.0,26.25,15.5,3.65,29.25,0.0,0.0,0.0,0.0
DCA,2023-04-08,6,23,4,23,4,86.96,86.96,75.0,7.91,14.39,3.66,10.26,0.5,3.55,7.75,4.5
DCA,2023-04-08,7,16,22,16,22,87.5,75.0,90.91,3.63,17.88,6.51,7.31,1.32,1.47,1.27,33.27
DCA,2023-04-08,8,39,8,39,8,89.74,48.72,75.0,5.62,30.82,18.84,20.95,0.75,5.04,2.13,36.5
DCA,2023-04-08,9,11,33,12,33,91.67,58.33,93.94,6.25,25.08,13.58,15.83,8.06,7.34,4.58,2.36
DCA,2023-04-08,10,34,12,34,13,85.29,67.65,92.31,6.18,22.85,10.9,13.15,1.38,5.7,4.08,3.69
DCA,2023-04-08,11,23,20,23,20,73.91,65.22,95.0,16.04,16.65,5.12,19.26,0.15,2.51,0.45,2.95
DCA,2023-04-08,12,18,22,18,22,94.44,72.22,90.91,5.33,16.61,5.16,8.22,3.82,2.68,2.05,3.41
DCA,2023-04-08,13,17,26,17,27,88.24,82.35,88.89,6.24,19.0,7.09,10.35,2.0,0.8,0.26,7.07
DCA,2023-04-08,14,22,22,22,21,86.36,86.36,90.48,6.5,18.05,6.28,9.82,3.0,2.13,1.43,8.48
DCA,2023-04-08,15,23,20,22,20,95.45,95.45,85.0,0.82,18.05,6.59,3.77,1.15,0.91,0.2,3.05
DCA,2023-04-08,16,16,25,16,24,87.5,81.25,95.83,3.88,15.25,4.18,5.44,2.25,1.15,0.33,4.67
DCA,2023-04-08,17,28,17,27,17,96.3,88.89,76.47,1.48,18.63,7.19,5.3,1.82,2.13,0.18,15.88
DCA,2023-04-08,18,17,16,17,16,88.24,82.35,87.5,8.12,14.29,3.4,9.12,0.25,1.01,0.0,18.0
DCA,2023-04-08,19,14,23,15,23,80.0,80.0,86.96,8.0,14.13,3.26,9.27,9.61,1.11,7.48,16.83
DCA,2023-04-08,20,15,13,16,13,87.5,87.5,69.23,17.38,14.13,2.64,17.81,1.85,0.67,0.0,11.23
DCA,2023-04-08,21,2,21,2,22,100.0,100.0,95.45,0.0,11.5,0.35,0.0,0.82,2.41,2.0,11.95
DCA,2023-04-08,22,1,12,2,13,100.0,100.0,84.62,0.0,17.0,4.7,3.0,0.31,1.45,0.85,4.69
DCA,2023-04-08,23,0,6,0,6,0.0,0.0,83.33,0.0,0.0,0.0,0.0,5.5,0.48,2.17,8.5
DCA,2023-04-09,0,0,1,0,0,0.0,0.0,0.0,0.0,0.0,0.0,0.0,0.0,0.0,0.0,0.0
DCA,2023-04-09,5,2,0,2,0,100.0,100.0,0.0,0.0,13.5,1.85,0.0,0.0,0.0,0.0,0.0
DCA,2023-04-09,6,20,1,20,1,85.0,85.0,100.0,3.85,15.3,4.33,4.7,1.0,0.3,0.0,0.0
DCA,2023-04-09,7,14,20,14,20,85.71,85.71,95.0,3.29,15.93,4.56,4.21,0.8,1.17,0.35,1.85
DCA,2023-04-09,8,37,9,37,9,81.08,75.68,88.89,12.97,18.51,6.95,16.84,0.78,1.1,0.11,6.67
DCA,2023-04-09,9,17,28,17,28,94.12,88.24,92.86,1.76,17.88,6.09,4.94,2.71,1.65,1.25,12.29
DCA,2023-04-09,10,33,15,33,15,84.85,63.64,86.67,12.48,22.18,10.16,19.0,2.93,1.73,0.27,5.47
DCA,2023-04-09,11,27,25,27,25,77.78,74.07,88.0,11.59,19.67,8.06,16.33,1.68,1.65,0.32,5.76
DCA,2023-04-09,12,18,33,18,32,94.44,83.33,100.0,2.61,20.44,8.76,8.39,3.19,2.38,0.0,0.06
DCA,2023-04-09,13,28,27,28,27,92.86,85.71,88.89,7.71,17.36,5.53,11.25,2.0,1.45,0.26,12.48
DCA,2023-04-09,14,27,25,27,25,92.59,85.19,92.0,8.07,20.11,8.41,12.67,2.68,2.76,1.56,3.32
DCA,2023-04-09,15,28,26,28,26,82.14,82.14,96.15,14.5,19.18,7.63,18.93,2.12,1.97,0.85,1.88
DCA,2023-04-09,16,25,30,25,30,84.0,72.0,90.0,12.6,19.92,8.36,17.88,3.9,2.62,2.8,5.57
DCA,2023-04-09,17,30,22,30,22,93.33,76.67,77.27,3.03,23.23,11.3,11.2,4.86,2.72,3.32,7.32
DCA,2023-04-09,18,25,29,26,30,69.23,46.15,80.0,14.54,23.31,12.1,24.46,7.5,2.95,2.97,5.63
DCA,2023-04-09,19,23,28,23,28,86.96,78.26,75.0,3.43,18.26,6.47,8.09,6.96,3.28,4.82,12.61
DCA,2023-04-09,20,27,24,28,24,75.0,60.71,62.5,15.39,22.68,10.64,22.36,4.58,2.39,3.5,26.92
DCA,2023-04-09,21,4,34,4,35,100.0,100.0,82.86,3.5,15.5,3.6,3.75,6.77,2.92,3.97,7.4
DCA,2023-04-09,22,22,19,22,19,95.45,77.27,84.21,3.14,17.09,5.2,6.05,3.0,4.82,2.37,10.47
DCA,2023-04-09,23,0,10,0,10,0.0,0.0,50.0,0.0,0.0,0.0,0.0,3.5,1.7,2.0,13.9
DCA,2023-04-10,0,0,1,0,1,0.0,0.0,0.0,0.0,0.0,0.0,0.0,2.0,1.4,0.0,22.0
DCA,2023-04-10,5,2,0,2,0,100.0,100.0,0.0,0.0,15.0,3.15,0.0,0.0,0.0,0.0,0.0
DCA,2023-04-10,6,33,7,32,7,96.88,81.25,100.0,6.41,18.94,7.85,12.0,1.57,3.3,0.0,0.0
DCA,2023-04-10,7,21,30,21,30,95.24,71.43,90.0,1.48,23.43,12.0,9.76,4.63,7.94,3.73,5.47
DCA,2023-04-10,8,41,12,41,13,87.8,73.17,100.0,4.2,22.1,10.28,11.46,0.92,8.53,2.92,1.38
DCA,2023-04-10,9,16,34,16,34,87.5,75.0,85.29,4.75,18.5,6.98,9.38,5.79,5.32,5.71,4.88
DCA,2023-04-10,10,34,18,34,18,94.12,73.53,94.44,2.09,21.38,9.4,8.97,3.39,2.59,0.56,9.39
DCA,2023-04-10,11,31,24,31,24,96.77,90.32,100.0,20.48,16.97,5.62,23.68,3.13,2.45,0.71,0.67
DCA,2023-04-10,12,18,33,18,33,88.89,83.33,93.94,2.39,16.44,4.96,4.56,4.64,2.36,1.94,2.33
DCA,2023-04-10,13,28,27,28,27,85.71,78.57,85.19,4.5,17.39,5.63,7.39,3.48,1.87,1.3,5.59
DCA,2023-04-10,14,30,22,30,22,90.0,76.67,90.91,3.1,19.07,7.44,7.17,2.68,2.85,1.55,2.91
DCA,2023-04-10,15,24,30,25,30,88.0,72.0,80.0,3.0,20.44,8.91,9.72,2.43,1.93,1.3,5.6
DCA,2023-04-10,16,26,29,28,29,85.71,71.43,75.86,10.75,17.96,6.36,14.46,5.03,2.23,4.62,9.55
DCA,2023-04-10,17,33,22,34,22,85.29,73.53,68.18,6.53,18.82,7.25,11.56,1.5,4.06,4.18,11.0
DCA,2023-04-10,18,22,32,22,32,72.73,50.0,75.0,10.64,18.18,6.88,15.5,6.75,3.05,4.78,8.69
DCA,2023-04-10,19,24,26,24,27,87.5,70.83,70.37,6.75,16.5,4.93,9.79,13.59,3.04,9.26,8.81
DCA,2023-04-10,20,27,24,27,24,88.89,81.48,70.83,7.74,21.22,9.33,12.7,5.0,2.01,5.42,23.58
DCA,2023-04-10,21,4,37,4,37,75.0,75.0,64.86,9.0,16.25,5.38,11.75,5.32,2.43,5.19,11.35
DCA,2023-04-10,22,23,18,24,18,87.5,83.33,72.22,4.33,17.42,5.64,6.25,3.56,2.08,1.06,14.33
DCA,2023-04-10,23,0,10,0,10,0.0,0.0,70.0,0.0,0.0,0.0,0.0,3.7,0.93,1.2,21.7
DCA,2023-04-11,0,0,1,0,1,0.0,0.0,100.0,0.0,0.0,0.0,0.0,0.0,1.4,2.0,0.0
DCA,2023-04-11,1,0,0,0,1,0.0,0.0,100.0,0.0,0.0,0.0,0.0,0.0,2.3,0.0,0.0
DCA,2023-04-11,5,2,0,2,0,100.0,100.0,0.0,1.0,15.5,3.8,5.0,0.0,0.0,0.0,0.0
DCA,2023-04-11,6,33,7,33,7,96.97,93.94,100.0,1.73,15.82,4.9,4.03,1.43,4.3,0.0,0.0
DCA,2023-04-11,7,21,30,20,30,95.0,80.0,86.67,2.4,19.55,8.22,7.55,4.67,4.49,1.77,11.83
DCA,2023-04-11,8,41,12,42,13,95.24,85.71,92.31,1.4,20.45,8.49,6.14,1.23,4.38,1.54,6.46
DCA,2023-04-11,9,16,34,16,34,100.0,93.75,91.18,0.13,18.31,6.96,3.19,6.21,2.87,4.24,18.5
DCA,2023-04-11,10,35,17,35,17,94.29,91.43,94.12,18.2,15.86,4.18,20.57,3.71,1.82,1.53,7.53
DCA,2023-04-11,11,30,25,30,25,86.67,83.33,80.0,6.63,16.43,5.17,9.57,1.72,2.74,2.72,10.32
DCA,2023-04-11,12,18,33,18,33,72.22,61.11,96.97,15.11,19.28,7.66,19.61,4.36,2.84,2.61,2.39
DCA,2023-04-11,13,29,26,29,26,93.1,79.31,73.08,7.0,19.59,7.7,11.24,2.5,4.15,1.69,22.85
DCA,2023-04-11,14,28,24,28,24,85.71,57.14,91.67,4.39,25.39,13.59,15.29,3.42,2.91,1.54,5.13
DCA,2023-04-11,15,25,29,25,29,80.0,40.0,89.66,10.56,28.36,16.67,23.32,2.48,3.45,2.59,4.62
DCA,2023-04-11,16,26,29,27,30,88.89,70.37,80.0,4.44,19.15,7.5,9.04,4.03,2.13,5.2,8.23
DCA,2023-04-11,17,32,23,33,24,81.82,69.7,66.67,7.94,27.55,15.75,20.06,0.79,3.15,3.33,13.38
DCA,2023-04-11,18,23,31,23,31,78.26,60.87,80.65,25.39,19.87,8.97,32.61,2.55,2.12,2.0,10.52
DCA,2023-04-11,19,24,26,24,28,79.17,66.67,85.71,10.46,20.79,9.36,16.92,3.39,2.63,3.61,5.5
DCA,2023-04-11,20,28,23,29,23,86.21,68.97,78.26,5.93,24.83,12.81,14.45,2.83,2.93,4.96,11.17
DCA,2023-04-11,21,3,38,3,38,100.0,100.0,63.16,0.0,20.67,8.8,6.33,4.39,4.02,8.0,14.68
DCA,2023-04-11,22,23,18,23,18,82.61,78.26,77.78,5.0,15.0,3.2,6.65,3.22,3.78,2.5,12.06
DCA,2023-04-11,23,0,10,0,10,0.0,0.0,100.0,0.0,0.0,0.0,0.0,3.1,1.87,0.0,1.4
DCA,2023-04-12,0,0,1,0,2,0.0,0.0,50.0,0.0,0.0,0.0,0.0,1.5,1.85,0.5,15.5
DCA,2023-04-12,5,2,0,2,0,100.0,100.0,0.0,0.0,12.5,0.8,0.0,0.0,0.0,0.0,0.0
DCA,2023-04-12,6,33,7,34,7,97.06,88.24,85.71,3.38,19.41,8.39,9.35,1.0,6.3,0.29,9.29
DCA,2023-04-12,7,21,30,21,30,95.24,80.95,93.33,10.81,21.86,10.27,16.76,2.37,5.1,1.33,4.27
DCA,2023-04-12,8,41,12,42,12,100.0,80.95,91.67,0.21,22.74,10.87,6.9,2.08,4.08,4.75,2.83
DCA,2023-04-12,9,16,34,16,35,93.75,93.75,85.71,3.69,17.31,6.0,7.0,5.34,3.95,6.57,7.0
DCA,2023-04-12,10,35,17,35,17,80.0,51.43,100.0,11.29,27.31,15.33,23.06,1.47,4.93,0.82,0.24
DCA,2023-04-12,11,30,25,30,25,76.67,66.67,80.0,20.17,21.63,10.04,27.23,2.6,4.1,3.6,19.44
DCA,2023-04-12,12,18,33,18,33,94.44,83.33,93.94,2.89,22.0,10.97,10.61,3.18,2.29,1.18,13.67
DCA,2023-04-12,13,30,25,30,26,76.67,50.0,84.62,8.63,24.97,12.88,18.5,1.23,4.68,3.85,6.85
DCA,2023-04-12,14,27,25,30,26,90.0,80.0,92.31,8.0,20.07,8.44,14.43,2.04,4.04,1.69,6.92
DCA,2023-04-12,15,25,29,25,29,84.0,84.0,89.66,10.16,20.08,8.47,14.2,2.31,3.12,2.93,7.1
DCA,2023-04-12,16,26,29,26,30,73.08,69.23,80.0,11.77,18.23,6.9,16.88,3.7,1.87,3.0,9.37
DCA,2023-04-12,17,32,23,33,23,72.73,63.64,78.26,12.61,25.94,14.11,23.48,2.74,4.21,1.65,5.22
DCA,2023-04-12,18,23,31,23,31,69.57,56.52,90.32,10.22,23.7,12.4,19.83,2.87,3.48,1.52,5.03
DCA,2023-04-12,19,24,26,25,28,96.0,80.0,78.57,6.28,21.48,9.86,12.88,4.68,3.25,1.71,22.36
DCA,2023-04-12,20,28,23,28,22,71.43,64.29,81.82,22.32,20.39,8.35,28.0,2.91,3.7,3.64,10.0
DCA,2023-04-12,21,3,38,4,37,50.0,50.0,83.78,20.0,26.75,14.45,28.75,3.35,3.98,3.24,7.27
DCA,2023-04-12,22,23,18,23,19,95.65,73.91,89.47,1.7,24.52,12.4,8.57,3.37,2.73,1.53,2.95
DCA,2023-04-12,23,0,10,0,11,0.0,0.0,100.0,0.0,0.0,0.0,0.0,2.91,2.28,1.18,0.82
DCA,2023-04-13,0,0,1,0,1,0.0,0.0,0.0,0.0,0.0,0.0,0.0,0.0,1.4,0.0,79.0
DCA,2023-04-13,3,0,0,0,0,0.0,0.0,0.0,0.0,0.0,0.0,0.0,0.0,0.0,0.0,0.0
DCA,2023-04-13,5,2,0,2,0,100.0,100.0,0.0,0.0,14.5,2.8,0.0,0.0,0.0,0.0,0.0
DCA,2023-04-13,6,33,7,32,7,87.5,81.25,100.0,13.44,16.16,5.12,16.5,1.14,2.73,0.0,0.0
DCA,2023-04-13,7,21,30,21,30,95.24,90.48,96.67,2.9,17.67,6.33,5.38,3.63,7.74,2.53,1.37
DCA,2023-04-13,8,41,12,40,13,97.5,77.5,84.62,4.65,22.88,10.92,12.0,3.0,5.63,4.31,14.23
DCA,2023-04-13,9,16,34,17,35,82.35,70.59,94.29,16.18,18.71,6.94,20.71,4.03,7.25,4.43,2.49
DCA,2023-04-13,10,35,17,36,16,88.89,66.67,100.0,4.36,23.14,11.4,12.36,2.31,7.45,1.38,0.81
DCA,2023-04-13,11,30,25,30,26,83.33,76.67,92.31,11.8,17.4,5.89,15.3,2.69,4.02,1.81,10.04
DCA,2023-04-13,12,18,33,15,34,80.0,80.0,88.24,15.13,17.8,5.98,18.47,3.32,1.26,1.53,13.29
DCA,2023-04-13,13,29,26,29,26,82.76,65.52,96.15,19.59,22.76,10.76,26.93,3.85,5.85,2.35,2.35
DCA,2023-04-13,14,28,24,29,22,82.76,68.97,90.91,18.86,18.86,7.31,24.52,3.77,6.12,2.77,7.55
DCA,2023-04-13,15,25,29,25,29,80.0,76.0,75.86,19.88,17.28,5.68,22.92,3.52,4.52,4.97,11.62
DCA,2023-04-13,16,26,29,26,29,76.92,69.23,68.97,6.42,18.23,6.72,11.65,5.0,5.97,7.76,9.76
DCA,2023-04-13,17,32,23,33,24,75.76,42.42,75.0,12.48,25.27,13.57,23.94,2.42,6.05,4.58,11.38
DCA,2023-04-13,18,23,31,23,32,65.22,60.87,78.13,17.0,17.65,6.6,22.57,3.31,4.55,2.94,13.38
DCA,2023-04-13,19,24,26,25,27,72.0,68.0,66.67,17.2,16.6,5.31,21.12,1.11,4.19,6.67,12.7
DCA,2023-04-13,20,28,23,28,22,75.0,60.71,63.64,10.39,23.29,11.47,17.61,3.73,3.52,6.0,21.95
DCA,2023-04-13,21,3,38,3,37,100.0,100.0,78.38,3.67,13.67,1.47,4.0,5.14,3.46,4.65,8.43
DCA,2023-04-13,22,23,18,23,18,82.61,82.61,72.22,8.61,16.52,4.63,11.87,1.72,2.82,2.0,14.22
DCA,2023-04-13,23,0,10,0,10,0.0,0.0,60.0,0.0,0.0,0.0,0.0,1.5,0.97,2.1,27.6
DCA,2023-04-14,0,0,1,0,1,0.0,0.0,100.0,0.0,0.0,0.0,0.0,0.0,1.4,0.0,0.0
DCA,2023-04-14,1,0,0,0,0,0.0,0.0,0.0,0.0,0.0,0.0,0.0,0.0,0.0,0.0,0.0
DCA,2023-04-14,5,2,0,2,0,50.0,50.0,0.0,16.5,15.5,3.65,20.0,0.0,0.0,0.0,0.0
DCA,2023-04-14,6,33,7,32,7,87.5,71.88,100.0,5.56,17.88,6.94,10.72,1.0,3.44,0.71,0.29
DCA,2023-04-14,7,21,30,20,30,100.0,100.0,90.0,0.0,17.8,6.63,3.35,3.27,4.76,1.87,16.17
DCA,2023-04-14,8,41,12,40,13,82.5,60.0,84.62,18.8,26.02,14.05,29.18,1.54,1.59,0.46,15.62
DCA,2023-04-14,9,16,34,16,34,87.5,56.25,88.24,9.75,27.0,15.2,21.19,7.68,4.24,4.47,6.38
DCA,2023-04-14,10,35,17,35,17,88.57,71.43,76.47,4.86,23.14,11.19,12.77,3.76,4.48,3.82,10.0
DCA,2023-04-14,11,30,25,30,23,70.0,70.0,82.61,15.17,17.4,6.05,19.23,3.04,2.37,3.17,10.35
DCA,2023-04-14,12,18,33,17,33,76.47,70.59,81.82,16.0,17.35,5.92,20.12,3.42,4.11,2.06,18.27
DCA,2023-04-14,13,29,26,29,26,75.86,51.72,84.62,13.79,20.52,8.72,20.55,3.0,5.85,3.81,10.58
DCA,2023-04-14,14,28,24,28,22,82.14,78.57,95.45,11.57,16.04,4.46,14.29,4.41,3.83,2.27,2.45
DCA,2023-04-14,15,25,29,25,30,88.0,80.0,70.0,5.72,16.2,4.64,8.2,4.47,2.42,5.27,12.83
DCA,2023-04-14,16,26,29,26,29,69.23,57.69,68.97,12.85,19.85,8.54,20.27,10.83,3.21,7.55,14.66
DCA,2023-04-14,17,32,23,33,23,63.64,57.58,78.26,14.33,19.61,7.84,20.0,2.87,3.84,2.43,17.13
DCA,2023-04-14,18,23,31,23,31,82.61,60.87,70.97,16.91,18.26,7.06,22.43,3.77,4.73,4.94,15.26
DCA,2023-04-14,19,24,26,24,27,83.33,70.83,66.67,11.42,16.42,5.14,14.92,4.26,1.32,3.11,17.15
DCA,2023-04-14,20,28,23,28,23,78.57,75.0,60.87,14.57,15.46,3.99,16.89,6.7,4.34,9.17,26.91
DCA,2023-04-14,21,3,38,3,38,33.33,33.33,57.89,40.0,11.67,0.0,39.67,10.76,4.34,7.95,29.37
DCA,2023-04-14,22,23,18,23,18,78.26,73.91,66.67,9.13,17.26,5.59,12.57,4.72,7.05,4.22,19.44
DCA,2023-04-14,23,0,10,0,10,0.0,0.0,70.0,0.0,0.0,0.0,0.0,4.1,3.6,1.1,16.0
DCA,2023-04-15,0,0,1,0,1,0.0,0.0,100.0,0.0,0.0,0.0,0.0,0.0,0.4,0.0,0.0
DCA,2023-04-15,5,4,0,4,0,100.0,100.0,0.0,0.5,16.75,4.9,3.0,0.0,0.0,0.0,0.0
DCA,2023-04-15,6,22,4,22,4,90.91,81.82,100.0,5.55,16.27,5.48,9.18,1.5,4.05,0.0,0.0
DCA,2023-04-15,7,17,22,17,23,100.0,94.12,95.65,0.59,17.06,5.81,3.47,2.52,5.01,2.22,1.61
DCA,2023-04-15,8,39,7,39,8,92.31,69.23,75.0,2.33,23.0,11.06,10.44,3.38,2.17,4.0,10.0
DCA,2023-04-15,9,10,33,10,34,80.0,70.0,85.29,5.1,21.6,10.24,11.8,8.18,5.44,5.91,9.44
DCA,2023-04-15,10,34,11,34,11,91.18,82.35,81.82,5.41,18.12,6.36,8.85,3.0,0.3,0.18,17.45
DCA,2023-04-15,11,21,20,22,20,90.91,86.36,90.0,8.64,13.5,2.1,9.86,1.65,1.46,0.7,7.65
DCA,2023-04-15,12,17,21,17,21,82.35,70.59,90.48,12.71,17.41,5.74,15.88,3.29,1.38,0.29,7.19
DCA,2023-04-15,13,19,24,18,24,94.44,94.44,95.83,4.72,16.06,4.41,7.28,3.58,1.7,1.75,2.63
DCA,2023-04-15,14,22,24,21,23,85.71,57.14,78.26,5.43,28.05,16.53,17.71,5.96,1.81,5.35,25.61
DCA,2023-04-15,15,22,19,21,19,57.14,38.1,47.37,29.76,23.95,12.22,39.48,36.37,6.31,38.74,81.26
DCA,2023-04-15,16,16,23,16,22,6.25,0.0,22.73,88.44,21.56,10.56,98.56,65.23,3.94,67.95,74.05
DCA,2023-04-15,17,26,17,24,17,20.83,16.67,23.53,91.5,18.71,7.37,98.29,3.71,9.01,14.29,65.82
DCA,2023-04-15,18,15,16,18,17,22.22,22.22,58.82,69.5,17.33,5.54,74.33,6.65,2.36,7.06,28.0
DCA,2023-04-15,19,15,20,13,20,69.23,53.85,55.0,26.23,17.92,6.91,30.85,3.9,3.76,5.75,44.25
DCA,2023-04-15,20,14,13,13,12,46.15,30.77,58.33,50.77,16.85,5.25,55.31,2.75,1.9,3.08,56.75
DCA,2023-04-15,21,2,22,2,21,50.0,50.0,52.38,53.5,10.0,0.0,52.5,7.62,5.12,10.52,39.52
DCA,2023-04-15,22,1,12,1,13,0.0,0.0,69.23,171.0,12.0,0.0,171.0,1.69,1.78,3.69,18.38
DCA,2023-04-15,23,0,6,0,6,0.0,0.0,16.67,0.0,0.0,0.0,0.0,3.83,0.93,12.83,193.83
DCA,2023-04-16,0,0,1,0,1,0.0,0.0,0.0,0.0,0.0,0.0,0.0,10.0,3.4,55.0,53.0
DCA,2023-04-16,1,0,0,0,0,0.0,0.0,0.0,0.0,0.0,0.0,0.0,0.0,0.0,0.0,0.0
DCA,2023-04-16,2,0,0,0,0,0.0,0.0,0.0,0.0,0.0,0.0,0.0,0.0,0.0,0.0,0.0
DCA,2023-04-16,4,0,0,0,0,0.0,0.0,0.0,0.0,0.0,0.0,0.0,0.0,0.0,0.0,0.0
DCA,2023-04-16,5,3,0,3,0,100.0,100.0,0.0,1.33,13.33,1.63,2.0,0.0,0.0,0.0,0.0
DCA,2023-04-16,6,21,1,21,1,90.48,80.95,100.0,5.95,17.62,7.05,10.81,4.0,1.3,0.0,0.0
DCA,2023-04-16,7,15,20,14,18,92.86,92.86,88.89,3.0,16.71,5.66,5.57,1.5,4.82,0.72,3.72
DCA,2023-04-16,8,35,11,34,11,88.24,70.59,72.73,5.15,21.06,9.28,12.44,1.55,3.15,0.27,13.18
DCA,2023-04-16,9,18,28,20,28,85.0,65.0,82.14,4.6,19.25,7.78,10.65,2.89,4.44,0.79,11.25
DCA,2023-04-16,10,32,17,31,17,80.65,70.97,94.12,18.35,20.48,8.35,24.45,4.88,3.04,1.12,2.12
DCA,2023-04-16,11,29,23,29,21,86.21,82.76,85.71,8.93,16.17,4.87,11.72,2.33,1.81,0.86,5.33
DCA,2023-04-16,12,18,33,18,33,72.22,66.67,87.88,17.78,18.56,6.84,23.89,3.58,2.08,1.58,6.79
DCA,2023-04-16,13,29,26,27,26,81.48,66.67,80.77,5.81,17.56,5.97,10.3,3.23,2.97,3.08,17.42
DCA,2023-04-16,14,27,25,27,26,70.37,51.85,65.38,30.67,20.96,9.16,38.37,4.92,4.53,5.58,34.58
DCA,2023-04-16,15,26,28,27,27,81.48,51.85,70.37,23.3,22.04,10.48,31.33,4.04,3.35,3.11,24.11
DCA,2023-04-16,16,26,29,24,28,66.67,45.83,78.57,20.25,22.04,10.65,28.88,3.96,3.27,3.29,20.11
DCA,2023-04-16,17,32,23,31,23,74.19,41.94,78.26,30.06,26.26,14.43,42.9,2.65,3.7,3.13,16.7
DCA,2023-04-16,18,23,31,22,32,72.73,59.09,71.88,22.05,25.32,14.2,34.91,4.59,3.07,2.59,24.5
DCA,2023-04-16,19,24,26,25,27,64.0,60.0,70.37,23.24,18.68,7.1,29.04,4.81,3.12,5.56,28.56
DCA,2023-04-16,20,27,24,27,23,70.37,37.04,69.57,27.41,28.93,16.77,41.59,5.04,4.2,8.78,27.7
DCA,2023-04-16,21,4,37,4,36,75.0,75.0,55.56,5.25,16.5,5.13,7.75,7.25,3.68,4.28,61.92
DCA,2023-04-16,22,23,18,23,21,69.57,60.87,57.14,26.43,17.87,5.87,30.35,5.14,3.59,6.19,27.05
DCA,2023-04-16,23,0,10,0,10,0.0,0.0,50.0,0.0,0.0,0.0,0.0,5.9,1.51,1.4,84.5
DCA,2023-04-17,0,0,1,0,1,0.0,0.0,100.0,0.0,0.0,0.0,0.0,0.0,0.0,0.0,0.0
DCA,2023-04-17,1,0,0,0,0,0.0,0.0,0.0,0.0,0.0,0.0,0.0,0.0,0.0,0.0,0.0
DCA,2023-04-17,2,0,0,0,0,0.0,0.0,0.0,0.0,0.0,0.0,0.0,0.0,0.0,0.0,0.0
DCA,2023-04-17,5,2,0,2,0,100.0,100.0,0.0,0.0,17.0,5.15,4.0,0.0,0.0,0.0,0.0
DCA,2023-04-17,6,33,7,33,7,81.82,78.79,85.71,27.42,17.36,6.26,31.7,0.14,2.73,0.43,5.0
DCA,2023-04-17,7,21,30,21,30,85.71,76.19,83.33,16.0,21.38,9.86,22.71,4.63,5.67,4.43,20.73
DCA,2023-04-17,8,41,12,42,13,78.57,33.33,84.62,14.88,32.69,20.6,32.64,2.08,2.68,4.46,4.62
DCA,2023-04-17,9,16,34,16,35,75.0,31.25,82.86,32.38,35.25,23.45,53.69,8.63,5.34,5.83,19.49
DCA,2023-04-17,10,35,17,36,17,77.78,58.33,88.24,13.69,24.61,12.44,23.17,2.88,2.5,5.06,9.06
DCA,2023-04-17,11,30,25,31,25,83.87,77.42,72.0,21.84,18.16,6.63,26.45,1.96,2.42,2.84,30.72
DCA,2023-04-17,12,18,33,18,33,22.22,22.22,69.7,43.0,22.89,11.17,53.94,4.18,2.03,5.91,34.76
DCA,2023-04-17,13,29,26,28,26,64.29,50.0,61.54,24.25,20.11,8.19,30.54,5.31,7.84,8.42,33.54
DCA,2023-04-17,14,28,24,27,26,62.96,51.85,65.38,33.11,21.11,9.21,40.41,4.54,4.98,3.35,21.69
DCA,2023-04-17,15,25,29,25,30,60.0,44.0,70.0,36.76,20.48,8.79,43.8,4.7,3.49,5.87,29.3
DCA,2023-04-17,16,26,29,27,29,81.48,81.48,62.07,11.59,17.44,5.85,15.11,3.66,4.78,4.93,22.66
DCA,2023-04-17,17,32,23,33,23,66.67,51.52,69.57,25.76,21.33,9.74,34.52,1.43,3.28,0.65,39.22
DCA,2023-04-17,18,23,31,24,31,50.0,50.0,67.74,42.5,19.21,8.0,49.96,3.13,3.11,1.16,28.52
DCA,2023-04-17,19,24,26,25,27,76.0,60.0,55.56,16.12,24.32,12.68,26.24,3.11,5.46,7.48,26.48
DCA,2023-04-17,20,28,23,28,22,57.14,14.29,72.73,28.89,32.18,20.13,46.82,3.59,3.49,2.0,23.32
DCA,2023-04-17,21,3,38,4,37,100.0,75.0,59.46,0.0,27.5,15.2,7.5,2.32,3.47,0.97,20.03
DCA,2023-04-17,22,23,18,23,18,69.57,60.87,50.0,16.52,18.43,6.43,19.96,2.06,1.55,1.22,35.56
DCA,2023-04-17,23,0,10,0,10,0.0,0.0,70.0,0.0,0.0,0.0,0.0,2.2,0.73,0.4,18.0
DCA,2023-04-18,0,0,1,0,1,0.0,0.0,100.0,0.0,0.0,0.0,0.0,0.0,1.4,0.0,0.0
DCA,2023-04-18,5,2,0,2,0,100.0,100.0,0.0,0.0,14.5,2.65,0.0,0.0,0.0,0.0,0.0
DCA,2023-04-18,6,33,7,32,7,90.63,87.5,100.0,9.84,16.59,5.77,12.56,0.29,1.11,0.86,0.0
DCA,2023-04-18,7,21,30,21,30,95.24,90.48,93.33,3.67,20.48,8.84,8.05,3.43,3.92,1.8,4.8
DCA,2023-04-18,8,41,12,42,15,88.1,64.29,86.67,7.74,25.45,13.56,16.19,1.13,3.64,0.67,3.4
DCA,2023-04-18,9,16,34,16,34,68.75,62.5,88.24,7.38,17.0,5.52,10.94,6.38,7.52,3.74,6.53
DCA,2023-04-18,10,35,17,35,18,85.71,57.14,100.0,5.8,23.69,11.6,14.6,3.28,4.68,2.5,1.06
DCA,2023-04-18,11,30,25,30,25,93.33,73.33,84.0,3.33,19.73,8.53,8.97,2.4,1.91,0.56,11.64
DCA,2023-04-18,12,18,33,18,33,72.22,61.11,90.91,17.06,22.89,11.1,24.28,4.45,1.76,0.36,4.06
DCA,2023-04-18,13,30,25,30,26,90.0,66.67,84.62,7.93,24.97,13.03,16.07,1.96,2.59,2.5,7.38
DCA,2023-04-18,14,27,25,28,26,78.57,42.86,88.46,8.89,31.64,19.82,25.46,9.27,2.74,7.42,11.73
DCA,2023-04-18,15,25,29,25,29,76.0,44.0,65.52,18.08,27.4,15.71,29.2,4.69,5.91,4.17,12.38
DCA,2023-04-18,16,26,29,27,30,77.78,70.37,80.0,8.33,20.0,8.37,14.3,8.1,1.6,3.1,12.07
DCA,2023-04-18,17,32,23,33,22,84.85,63.64,86.36,11.45,20.06,8.31,17.76,2.41,3.24,0.68,4.59
DCA,2023-04-18,18,23,31,22,31,77.27,72.73,74.19,9.45,21.41,9.9,15.32,3.74,2.58,1.19,12.55
DCA,2023-04-18,19,24,26,27,27,81.48,74.07,66.67,10.48,20.48,8.87,17.37,5.37,2.46,3.81,21.41
DCA,2023-04-18,20,28,23,29,23,82.76,24.14,69.57,31.38,34.83,22.8,50.24,5.39,1.27,2.57,13.91
DCA,2023-04-18,21,3,38,3,38,66.67,33.33,73.68,9.33,17.0,5.13,14.67,12.39,1.7,6.87,14.66
DCA,2023-04-18,22,23,18,23,18,86.96,82.61,83.33,3.52,22.26,10.08,9.7,5.11,2.32,2.28,15.89
DCA,2023-04-18,23,0,10,0,10,0.0,0.0,100.0,0.0,0.0,0.0,0.0,2.4,1.49,0.0,0.1
DCA,2023-04-19,0,0,1,0,1,0.0,0.0,100.0,0.0,0.0,0.0,0.0,0.0,1.4,0.0,0.0
DCA,2023-04-19,5,2,0,2,0,100.0,100.0,0.0,0.0,17.5,5.65,1.0,0.0,0.0,0.0,0.0
DCA,2023-04-19,6,33,7,33,7,100.0,90.91,100.0,0.21,18.03,6.8,4.39,1.0,2.44,0.0,0.0
DCA,2023-04-19,7,21,30,21,30,95.24,76.19,100.0,23.81,25.62,14.0,31.9,2.27,3.51,0.3,0.17
DCA,2023-04-19,8,41,12,42,13,97.62,64.29,76.92,1.5,25.86,13.84,11.24,1.62,4.25,3.69,24.69
DCA,2023-04-19,9,16,34,16,35,93.75,62.5,88.57,7.0,25.06,13.39,16.63,4.0,3.41,3.09,4.14
DCA,2023-04-19,10,35,17,35,18,94.29,65.71,88.89,4.63,27.26,15.13,15.83,5.17,3.2,2.67,4.5
DCA,2023-04-19,11,30,25,30,25,96.67,80.0,92.0,2.6,20.43,8.93,7.7,3.84,4.23,3.32,3.36
DCA,2023-04-19,12,18,33,18,33,94.44,66.67,96.97,4.39,21.67,9.88,12.17,2.45,2.72,0.88,1.3
DCA,2023-04-19,13,30,25,31,27,87.1,64.52,92.59,6.0,24.39,12.55,14.32,1.96,1.59,3.11,3.52
DCA,2023-04-19,14,27,25,28,26,85.71,71.43,88.46,4.75,22.71,11.11,13.0,7.69,2.05,3.92,17.65
DCA,2023-04-19,15,25,29,26,29,84.62,57.69,93.1,5.65,25.92,14.34,15.73,1.9,2.09,0.9,3.9
DCA,2023-04-19,16,26,29,28,30,92.86,82.14,96.67,4.0,17.25,5.63,7.07,3.37,1.85,0.73,1.37
DCA,2023-04-19,17,32,23,32,23,87.5,71.88,78.26,10.56,23.75,11.9,19.38,2.87,2.07,1.35,18.13
DCA,2023-04-19,18,23,31,23,31,82.61,69.57,87.1,14.22,18.39,7.28,19.17,6.74,1.47,2.29,4.97
DCA,2023-04-19,19,24,26,25,27,76.0,68.0,85.19,8.8,17.8,6.12,13.8,13.19,5.86,10.59,9.33
DCA,2023-04-19,20,28,23,29,23,82.76,62.07,69.57,5.79,26.79,14.73,16.38,3.48,2.66,1.57,13.0
DCA,2023-04-19,21,3,38,3,37,66.67,66.67,72.97,5.0,22.33,10.03,10.67,7.84,3.1,7.51,15.51
DCA,2023-04-19,22,23,18,22,18,95.45,86.36,77.78,2.05,19.0,6.88,5.41,2.44,2.81,1.89,19.72
DCA,2023-04-19,23,0,10,0,10,0.0,0.0,90.0,0.0,0.0,0.0,0.0,2.7,1.3,0.0,4.6
DCA,2023-04-20,0,0,1,0,1,0.0,0.0,100.0,0.0,0.0,0.0,0.0,0.0,2.4,0.0,9.0
DCA,2023-04-20,1,0,0,0,0,0.0,0.0,0.0,0.0,0.0,0.0,0.0,0.0,0.0,0.0,0.0
DCA,2023-04-20,5,2,0,2,0,100.0,100.0,0.0,0.0,15.0,3.15,1.0,0.0,0.0,0.0,0.0
DCA,2023-04-20,6,33,7,34,7,91.18,79.41,100.0,6.44,20.88,9.58,13.88,0.43,1.4,0.0,0.0
DCA,2023-04-20,7,21,30,20,29,100.0,75.0,96.55,0.25,22.0,10.5,8.4,3.31,7.74,2.48,1.55
DCA,2023-04-20,8,41,12,42,13,97.62,50.0,69.23,2.4,28.71,16.72,15.81,4.23,3.87,8.15,10.38
DCA,2023-04-20,9,16,34,16,33,68.75,43.75,81.82,9.44,26.94,15.14,21.5,6.03,3.39,4.58,17.94
DCA,2023-04-20,10,35,17,35,17,85.71,68.57,94.12,26.09,22.46,10.39,34.09,1.88,3.74,2.06,3.53
DCA,2023-04-20,11,30,25,31,26,83.87,70.97,73.08,9.48,16.48,5.11,12.94,1.77,2.11,2.35,8.92
DCA,2023-04-20,12,18,33,18,34,66.67,38.89,85.29,16.72,22.39,10.62,26.22,4.47,1.01,2.12,5.76
DCA,2023-04-20,13,29,26,29,26,82.76,58.62,92.31,10.72,23.28,11.34,19.48,2.54,4.67,2.0,4.81
DCA,2023-04-20,14,28,24,28,25,75.0,60.71,88.0,9.5,22.04,10.1,16.07,2.68,2.5,2.28,7.2
DCA,2023-04-20,15,25,29,25,29,80.0,72.0,79.31,39.16,19.12,7.62,43.48,5.34,2.82,3.62,8.28
DCA,2023-04-20,16,26,29,27,31,62.96,48.15,70.97,37.74,19.37,7.78,43.85,6.74,1.71,5.06,22.87
DCA,2023-04-20,17,32,23,33,23,48.48,33.33,78.26,34.97,24.24,12.41,46.06,3.52,7.24,4.87,9.35
DCA,2023-04-20,18,23,31,22,31,50.0,27.27,70.97,38.0,23.36,12.25,48.95,4.81,8.16,8.39,17.87
DCA,2023-04-20,19,24,26,24,26,62.5,62.5,65.38,25.46,18.67,7.25,31.08,3.46,4.94,5.69,20.77
DCA,2023-04-20,20,28,23,28,21,57.14,42.86,57.14,30.71,21.04,9.32,37.11,2.52,10.09,12.57,34.43
DCA,2023-04-20,21,3,38,3,38,100.0,100.0,55.26,0.0,14.67,2.8,0.33,10.34,3.87,11.24,46.82
DCA,2023-04-20,22,23,18,22,19,68.18,63.64,63.16,15.91,15.68,3.97,18.23,4.0,2.17,5.89,48.05
DCA,2023-04-20,23,0,10,0,10,0.0,0.0,80.0,0.0,0.0,0.0,0.0,2.8,2.25,0.0,44.1
DCA,2023-04-21,0,0,1,0,0,0.0,0.0,0.0,0.0,0.0,0.0,0.0,0.0,0.0,0.0,0.0
DCA,2023-04-21,1,0,0,0,0,0.0,0.0,0.0,0.0,0.0,0.0,0.0,0.0,0.0,0.0,0.0
DCA,2023-04-21,2,0,0,0,0,0.0,0.0,0.0,0.0,0.0,0.0,0.0,0.0,0.0,0.0,0.0
DCA,2023-04-21,3,0,0,0,0,0.0,0.0,0.0,0.0,0.0,0.0,0.0,0.0,0.0,0.0,0.0
DCA,2023-04-21,4,0,0,0,0,0.0,0.0,0.0,0.0,0.0,0.0,0.0,0.0,0.0,0.0,0.0
DCA,2023-04-21,5,2,0,1,0,100.0,100.0,0.0,0.0,14.0,1.7,0.0,0.0,0.0,0.0,0.0
DCA,2023-04-21,6,33,7,33,7,96.97,84.85,85.71,4.85,20.61,9.38,12.09,1.43,4.16,0.86,11.43
DCA,2023-04-21,7,21,30,21,30,85.71,71.43,90.0,13.67,21.14,9.65,20.76,3.2,3.43,0.47,2.9
DCA,2023-04-21,8,41,12,41,12,80.49,48.78,83.33,9.46,30.54,18.51,25.44,3.0,3.34,4.67,14.92
DCA,2023-04-21,9,16,34,16,34,75.0,50.0,88.24,11.06,26.88,15.08,22.88,8.56,3.89,4.38,5.06
DCA,2023-04-21,10,35,17,35,17,88.57,40.0,88.24,6.57,29.09,16.96,20.94,2.41,2.81,1.06,8.18
DCA,2023-04-21,11,30,25,30,24,63.33,60.0,83.33,21.27,17.5,6.03,25.6,1.54,3.79,3.0,7.92
DCA,2023-04-21,12,18,33,18,34,72.22,50.0,82.35,20.39,21.22,9.53,29.22,2.26,2.19,0.79,7.29
DCA,2023-04-21,13,29,26,29,26,75.86,58.62,76.92,12.07,21.24,9.47,18.9,3.23,5.24,4.5,11.38
DCA,2023-04-21,14,28,24,28,24,71.43,71.43,83.33,19.64,17.0,5.27,23.14,3.29,1.7,1.58,9.54
DCA,2023-04-21,15,25,29,26,30,76.92,76.92,83.33,17.77,17.42,5.98,21.54,3.6,2.26,2.1,8.1
DCA,2023-04-21,16,26,29,28,29,60.71,57.14,72.41,14.21,21.46,9.83,22.79,4.59,3.68,1.83,9.72
DCA,2023-04-21,17,32,23,32,25,62.5,37.5,68.0,13.34,24.63,12.91,24.38,8.96,4.99,5.28,25.88
DCA,2023-04-21,18,23,31,24,32,66.67,66.67,84.38,16.79,14.54,3.3,19.75,4.88,4.22,2.28,10.88
DCA,2023-04-21,19,24,26,25,27,68.0,60.0,74.07,13.6,19.56,7.97,20.16,8.52,3.58,7.85,14.48
DCA,2023-04-21,20,28,23,28,23,75.0,50.0,69.57,25.39,25.89,13.86,35.43,5.04,10.16,5.7,17.91
DCA,2023-04-21,21,3,38,3,38,100.0,100.0,71.05,0.0,20.67,8.37,4.67,6.11,3.41,3.05,16.82
DCA,2023-04-21,22,23,18,23,18,86.96,86.96,77.78,5.0,16.83,5.05,7.09,3.11,0.93,1.22,15.39
DCA,2023-04-21,23,0,10,0,10,0.0,0.0,100.0,0.0,0.0,0.0,0.0,5.1,1.16,0.0,1.1
DCA,2023-04-22,0,0,1,1,1,100.0,100.0,0.0,0.0,18.0,6.6,1.0,0.0,2.4,0.0,73.0
DCA,2023-04-22,1,0,0,0,0,0.0,0.0,0.0,0.0,0.0,0.0,0.0,0.0,0.0,0.0,0.0
DCA,2023-04-22,5,4,0,4,0,50.0,50.0,0.0,12.0,16.5,4.98,17.0,0.0,0.0,0.0,0.0
DCA,2023-04-22,6,22,4,22,4,90.91,81.82,100.0,4.41,20.59,9.65,12.27,2.0,2.55,0.0,0.25
DCA,2023-04-22,7,17,22,17,22,100.0,94.12,86.36,0.0,17.06,5.77,2.41,2.09,9.39,5.14,5.45
DCA,2023-04-22,8,39,7,39,9,82.05,48.72,55.56,17.05,35.23,23.18,38.26,1.67,10.38,11.11,15.22
DCA,2023-04-22,9,10,33,10,34,80.0,50.0,55.88,7.0,27.0,15.31,17.4,8.68,16.72,17.5,20.94
DCA,2023-04-22,10,34,11,34,11,61.76,55.88,100.0,20.26,21.38,9.36,27.71,2.82,2.89,1.73,2.0
DCA,2023-04-22,11,21,20,21,20,85.71,80.95,85.0,5.67,20.38,8.86,12.38,2.1,2.02,1.9,13.15
DCA,2023-04-22,12,17,21,16,20,81.25,56.25,90.0,9.44,47.25,35.59,42.25,3.4,1.6,2.5,4.65
DCA,2023-04-22,13,19,24,18,23,66.67,11.11,56.52,34.78,56.89,44.88,77.28,45.0,4.62,53.96,119.83
DCA,2023-04-22,14,22,24,17,23,5.88,0.0,13.04,110.59,33.18,21.92,132.47,43.22,10.49,52.74,87.04
DCA,2023-04-22,15,22,19,22,19,9.09,9.09,21.05,80.0,36.5,24.89,104.82,6.84,1.66,20.0,72.05
DCA,2023-04-22,16,16,23,14,24,7.14,7.14,37.5,113.57,16.5,5.16,118.36,3.08,5.22,16.71,61.25
DCA,2023-04-22,17,26,17,26,17,42.31,30.77,47.06,60.42,22.88,11.28,70.85,2.65,7.73,14.71,67.18
DCA,2023-04-22,18,15,16,13,16,46.15,30.77,56.25,89.31,20.46,8.8,96.77,5.06,1.89,16.5,92.56
DCA,2023-04-22,19,15,20,14,16,42.86,35.71,56.25,41.21,15.21,3.92,44.36,0.88,1.98,12.75,64.94
DCA,2023-04-22,20,14,13,13,11,84.62,76.92,72.73,19.92,16.23,4.42,22.62,0.36,6.81,9.55,25.82
DCA,2023-04-22,21,2,22,2,21,0.0,0.0,61.9,115.5,20.0,7.7,123.5,2.48,6.51,9.05,26.95
DCA,2023-04-22,22,1,12,0,12,0.0,0.0,75.0,0.0,0.0,0.0,0.0,1.17,0.93,1.25,15.75
DCA,2023-04-22,23,0,6,0,6,0.0,0.0,66.67,0.0,0.0,0.0,0.0,3.33,0.28,0.17,32.5
DCA,2023-04-23,0,0,1,0,1,0.0,0.0,100.0,0.0,0.0,0.0,0.0,0.0,0.0,0.0,0.0
DCA,2023-04-23,1,0,0,0,0,0.0,0.0,0.0,0.0,0.0,0.0,0.0,0.0,0.0,0.0,0.0
DCA,2023-04-23,5,3,0,3,0,66.67,33.33,0.0,6.67,24.0,12.3,16.33,0.0,0.0,0.0,0.0
DCA,2023-04-23,6,21,1,22,1,90.91,81.82,100.0,34.05,16.0,5.47,37.45,0.0,4.3,0.0,0.0
DCA,2023-04-23,7,15,20,15,19,100.0,100.0,73.68,0.07,16.6,5.45,2.27,1.58,1.87,0.53,20.58
DCA,2023-04-23,8,35,11,34,11,91.18,76.47,81.82,3.97,20.18,8.52,9.97,1.09,1.77,2.0,15.64
DCA,2023-04-23,9,18,28,18,28,94.44,72.22,92.86,9.11,19.83,8.39,15.06,4.71,2.99,0.89,2.64
DCA,2023-04-23,10,32,17,32,16,96.88,71.88,93.75,2.34,22.31,10.26,9.09,3.69,3.02,2.81,2.0
DCA,2023-04-23,11,29,23,28,22,82.14,78.57,81.82,9.21,15.29,3.97,11.54,2.55,5.75,6.27,9.41
DCA,2023-04-23,12,18,33,18,35,83.33,72.22,85.71,9.39,20.17,8.5,15.39,2.54,0.89,0.46,11.97
DCA,2023-04-23,13,29,26,30,26,83.33,66.67,88.46,9.13,22.83,10.96,16.03,2.27,1.88,0.96,2.46
DCA,2023-04-23,14,27,25,27,25,81.48,59.26,96.0,9.81,20.41,8.77,16.19,2.16,2.02,0.32,1.52
DCA,2023-04-23,15,26,28,26,28,92.31,34.62,82.14,3.27,33.73,22.02,20.73,3.93,2.05,2.36,13.36
DCA,2023-04-23,16,26,29,26,29,76.92,53.85,96.55,15.15,26.5,14.87,27.5,7.79,2.81,1.55,3.72
DCA,2023-04-23,17,32,23,32,24,90.63,68.75,62.5,5.09,32.28,20.43,22.81,3.17,4.26,2.88,14.83
DCA,2023-04-23,18,23,31,23,31,60.87,34.78,80.65,14.83,24.78,13.6,26.78,3.81,1.92,1.35,7.19
DCA,2023-04-23,19,24,26,24,27,70.83,66.67,85.19,16.0,21.88,10.13,23.33,3.89,2.21,2.11,5.89
DCA,2023-04-23,20,27,24,29,24,82.76,41.38,66.67,7.62,29.34,17.27,22.14,5.83,2.23,3.79,60.0
DCA,2023-04-23,21,4,37,4,37,100.0,100.0,67.57,0.0,17.0,5.88,2.75,9.65,2.58,5.22,17.32
DCA,2023-04-23,22,23,18,23,19,73.91,60.87,68.42,9.43,21.22,9.05,16.52,4.11,3.85,1.74,9.74
DCA,2023-04-23,23,0,10,0,11,0.0,0.0,90.91,0.0,0.0,0.0,0.0,3.0,0.58,1.18,6.73
DCA,2023-04-24,0,0,1,0,1,0.0,0.0,100.0,0.0,0.0,0.0,0.0,0.0,0.0,0.0,0.0
DCA,2023-04-24,1,0,0,0,0,0.0,0.0,0.0,0.0,0.0,0.0,0.0,0.0,0.0,0.0,0.0
DCA,2023-04-24,5,2,0,2,0,100.0,50.0,0.0,3.0,18.0,6.15,9.0,0.0,0.0,0.0,0.0
DCA,2023-04-24,6,33,7,33,7,96.97,93.94,100.0,0.82,18.24,6.88,4.06,0.71,3.11,0.0,0.0
DCA,2023-04-24,7,21,30,21,30,90.48,85.71,90.0,16.81,19.62,8.35,21.43,4.23,3.26,3.0,6.93
DCA,2023-04-24,8,41,12,41,12,90.24,43.9,83.33,19.46,33.15,21.13,37.54,5.25,2.05,3.08,8.08
DCA,2023-04-24,9,16,34,16,34,81.25,43.75,91.18,6.25,27.25,15.45,17.69,14.62,2.87,5.5,2.91
DCA,2023-04-24,10,35,17,35,17,88.57,62.86,100.0,7.03,27.74,15.71,19.11,3.82,5.06,1.53,0.47
DCA,2023-04-24,11,30,25,30,26,93.33,93.33,92.31,6.13,19.33,7.85,10.4,2.69,2.31,0.23,10.31
DCA,2023-04-24,12,18,33,18,33,83.33,83.33,84.85,8.5,18.0,6.52,13.17,5.52,1.39,0.09,5.18
DCA,2023-04-24,13,29,26,30,26,96.67,73.33,88.46,2.63,25.13,13.26,11.67,3.46,3.06,2.46,11.38
DCA,2023-04-24,14,28,24,29,24,89.66,82.76,91.67,13.38,19.48,7.66,17.34,3.88,1.15,1.0,5.96
DCA,2023-04-24,15,25,29,25,30,84.0,72.0,90.0,9.88,19.36,7.67,14.76,3.0,2.67,1.67,3.73
DCA,2023-04-24,16,26,29,27,30,92.59,70.37,80.0,3.85,20.04,8.43,10.15,8.2,1.04,1.5,10.47
DCA,2023-04-24,17,32,23,32,23,81.25,56.25,82.61,9.03,22.0,10.21,16.13,1.7,2.56,0.26,9.65
DCA,2023-04-24,18,23,31,23,32,86.96,82.61,81.25,8.74,18.83,7.47,12.17,3.81,1.31,1.22,6.63
DCA,2023-04-24,19,24,26,25,27,92.0,84.0,77.78,8.8,21.4,9.75,14.88,2.48,2.65,2.19,30.52
DCA,2023-04-24,20,28,23,28,23,78.57,46.43,82.61,17.71,29.5,17.45,30.82,5.61,3.5,3.96,7.87
DCA,2023-04-24,21,3,38,3,38,100.0,66.67,81.58,0.0,24.33,12.13,9.0,10.61,1.32,4.05,13.11
DCA,2023-04-24,22,23,18,23,18,91.3,69.57,83.33,4.17,22.0,9.92,12.17,1.94,3.21,0.28,13.17
DCA,2023-04-24,23,0,10,0,11,0.0,0.0,72.73,0.0,0.0,0.0,0.0,3.09,0.82,5.64,25.73
DCA,2023-04-25,0,0,1,0,1,0.0,0.0,0.0,0.0,0.0,0.0,0.0,1.0,0.4,0.0,40.0
DCA,2023-04-25,1,0,0,0,0,0.0,0.0,0.0,0.0,0.0,0.0,0.0,0.0,0.0,0.0,0.0
DCA,2023-04-25,5,2,0,2,0,100.0,100.0,0.0,0.0,13.5,1.65,0.5,0.0,0.0,0.0,0.0
DCA,2023-04-25,6,33,7,33,8,100.0,90.91,100.0,0.03,17.82,6.87,3.58,1.25,4.51,1.5,0.63
DCA,2023-04-25,7,21,30,21,30,95.24,85.71,93.33,0.95,22.1,10.65,5.43,3.83,2.88,4.77,9.07
DCA,2023-04-25,8,41,12,42,13,92.86,73.81,84.62,18.62,24.83,12.87,27.5,2.69,1.88,2.77,29.69
DCA,2023-04-25,9,16,34,16,35,93.75,68.75,74.29,1.31,25.81,14.11,10.5,11.14,3.26,5.71,14.14
DCA,2023-04-25,10,35,17,35,18,82.86,48.57,88.89,10.69,26.03,13.93,22.03,4.0,2.74,2.44,5.89
DCA,2023-04-25,11,30,25,30,25,96.67,96.67,100.0,1.53,17.37,5.92,3.87,4.44,1.98,0.76,0.0
DCA,2023-04-25,12,18,33,18,33,88.89,88.89,96.97,6.56,16.5,4.9,8.83,2.7,1.03,0.27,1.45
DCA,2023-04-25,13,30,25,32,25,93.75,81.25,84.0,4.66,21.94,9.93,10.28,1.64,2.6,0.96,11.32
DCA,2023-04-25,14,27,25,27,25,88.89,81.48,88.0,9.85,20.85,9.06,15.41,3.84,3.0,0.6,16.36
DCA,2023-04-25,15,25,29,25,30,80.0,76.0,96.67,22.72,21.2,9.51,28.72,2.27,2.88,1.03,2.4
DCA,2023-04-25,16,26,29,27,30,88.89,81.48,86.67,8.85,19.44,8.06,14.07,4.97,1.69,0.43,3.73
DCA,2023-04-25,17,32,23,31,23,83.87,54.84,91.3,16.35,28.45,16.62,29.48,2.04,7.79,2.87,7.65
DCA,2023-04-25,18,23,31,23,31,73.91,69.57,90.32,15.43,18.04,6.8,19.39,4.97,4.23,2.48,3.1
DCA,2023-04-25,19,24,26,25,27,88.0,88.0,88.89,3.36,17.68,6.1,7.04,5.63,5.66,4.89,9.81
DCA,2023-04-25,20,28,23,28,23,78.57,71.43,82.61,12.96,21.61,9.55,18.21,3.57,2.07,2.35,7.48
DCA,2023-04-25,21,3,38,4,38,75.0,75.0,86.84,5.0,16.0,3.7,6.5,6.37,2.01,2.39,9.89
DCA,2023-04-25,22,23,18,23,18,95.65,82.61,88.89,2.91,18.78,6.82,6.65,2.78,6.21,2.78,5.44
DCA,2023-04-25,23,0,10,0,10,0.0,0.0,90.0,0.0,0.0,0.0,0.0,2.5,2.3,0.3,3.9
DCA,2023-04-26,0,0,1,0,1,0.0,0.0,100.0,0.0,0.0,0.0,0.0,0.0,0.4,0.0,0.0
DCA,2023-04-26,5,2,0,2,0,100.0,100.0,0.0,0.0,17.5,5.65,1.0,0.0,0.0,0.0,0.0
DCA,2023-04-26,6,33,7,33,7,87.88,75.76,57.14,18.33,18.21,7.31,23.88,2.0,5.44,4.43,53.86
DCA,2023-04-26,7,21,30,21,31,90.48,90.48,83.87,14.19,18.0,6.51,16.86,3.48,5.72,3.06,13.9
DCA,2023-04-26,8,41,12,43,15,90.7,58.14,73.33,8.12,28.51,16.48,21.26,3.47,4.83,8.4,43.07
DCA,2023-04-26,9,16,34,16,34,87.5,62.5,73.53,14.25,26.5,14.78,25.31,11.82,6.96,9.76,9.65
DCA,2023-04-26,10,35,17,36,17,83.33,63.89,88.24,7.89,18.31,6.41,13.17,4.12,3.74,2.41,10.29
DCA,2023-04-26,11,30,25,30,25,86.67,83.33,92.0,8.4,17.47,6.16,11.9,2.4,4.0,1.12,4.04
DCA,2023-04-26,12,18,33,18,33,66.67,50.0,84.85,19.72,21.56,9.83,27.28,5.52,3.49,2.45,9.09
DCA,2023-04-26,13,30,25,30,25,83.33,60.0,88.0,9.5,21.8,9.88,16.87,2.84,4.7,3.68,4.88
DCA,2023-04-26,14,27,25,26,26,92.31,88.46,73.08,7.12,17.73,6.26,10.38,9.27,3.54,9.62,19.77
DCA,2023-04-26,15,25,29,25,29,76.0,76.0,79.31,12.76,16.28,4.82,15.36,2.86,1.75,2.48,7.38
DCA,2023-04-26,16,26,29,27,30,74.07,62.96,83.33,17.26,18.93,7.26,22.48,6.4,3.31,6.37,10.67
DCA,2023-04-26,17,32,23,32,23,78.13,65.63,82.61,10.81,19.53,7.74,16.59,4.17,5.33,2.0,5.74
DCA,2023-04-26,18,23,31,22,30,77.27,63.64,80.0,17.73,17.14,5.69,21.59,6.23,3.68,2.77,10.4
DCA,2023-04-26,19,24,26,25,26,76.0,76.0,76.92,13.44,17.24,5.6,17.24,7.15,2.64,3.85,18.23
DCA,2023-04-26,20,28,23,28,22,75.0,64.29,72.73,16.86,20.64,8.59,21.89,5.41,3.9,5.05,18.36
DCA,2023-04-26,21,3,38,3,38,100.0,100.0,65.79,0.0,19.0,6.7,0.67,11.5,3.71,10.16,34.03
DCA,2023-04-26,22,23,18,23,18,91.3,86.96,83.33,42.35,16.43,4.67,44.91,5.67,2.22,5.28,14.17
DCA,2023-04-26,23,0,10,0,10,0.0,0.0,60.0,0.0,0.0,0.0,0.0,3.0,3.07,5.4,27.4
DCA,2023-04-27,0,0,1,0,1,0.0,0.0,100.0,0.0,0.0,0.0,0.0,0.0,1.4,12.0,13.0
DCA,2023-04-27,1,0,0,0,0,0.0,0.0,0.0,0.0,0.0,0.0,0.0,0.0,0.0,0.0,0.0
DCA,2023-04-27,3,0,0,0,0,0.0,0.0,0.0,0.0,0.0,0.0,0.0,0.0,0.0,0.0,0.0
DCA,2023-04-27,5,2,0,2,0,100.0,100.0,0.0,3.5,15.0,3.15,5.0,0.0,0.0,0.0,0.0
DCA,2023-04-27,6,33,7,33,7,90.91,81.82,85.71,25.15,17.7,6.66,30.18,1.14,3.44,0.0,2.43
DCA,2023-04-27,7,21,30,21,30,90.48,80.95,90.0,7.71,21.14,9.61,13.76,4.13,6.74,3.33,21.1
DCA,2023-04-27,8,41,12,42,13,95.24,59.52,76.92,4.5,26.81,14.74,16.02,1.85,3.61,2.31,22.46
DCA,2023-04-27,9,16,34,16,34,87.5,62.5,79.41,4.81,20.25,8.47,10.81,7.82,5.32,5.5,10.03
DCA,2023-04-27,10,35,17,35,17,91.43,57.14,88.24,13.57,25.69,13.62,24.31,2.29,3.59,1.12,8.41
DCA,2023-04-27,11,30,25,30,25,83.33,76.67,84.0,6.77,19.13,7.75,11.3,3.56,3.46,2.0,12.32
DCA,2023-04-27,12,18,33,17,34,88.24,76.47,91.18,29.41,19.12,7.65,34.82,2.35,2.31,0.5,2.26
DCA,2023-04-27,13,29,26,29,26,93.1,68.97,80.77,5.59,23.45,11.62,14.48,2.62,3.25,2.62,9.88
DCA,2023-04-27,14,28,24,26,24,84.62,65.38,79.17,6.96,21.08,9.12,14.19,4.25,1.75,1.67,10.92
DCA,2023-04-27,15,25,29,25,29,68.0,52.0,86.21,16.04,21.52,9.87,22.96,4.07,4.01,1.21,15.52
DCA,2023-04-27,16,26,29,27,30,85.19,66.67,80.0,12.81,17.74,6.14,17.0,5.2,2.12,1.63,13.5
DCA,2023-04-27,17,32,23,32,22,71.88,59.38,90.91,15.94,21.03,9.34,24.03,3.5,4.25,1.36,2.95
DCA,2023-04-27,18,23,31,23,30,65.22,60.87,80.0,28.78,20.39,9.56,37.26,5.9,2.45,3.2,7.9
DCA,2023-04-27,19,24,26,24,27,66.67,58.33,62.96,15.08,20.21,8.48,22.25,6.33,4.13,3.19,13.63
DCA,2023-04-27,20,28,23,28,23,82.14,46.43,65.22,8.64,30.64,18.59,23.57,3.78,5.31,5.09,24.61
DCA,2023-04-27,21,3,38,3,37,66.67,66.67,56.76,14.67,26.0,13.7,23.33,6.76,3.45,3.16,30.32
DCA,2023-04-27,22,23,18,23,17,91.3,78.26,52.94,6.7,19.83,7.67,11.13,2.47,3.19,3.65,14.94
DCA,2023-04-27,23,0,10,0,10,0.0,0.0,80.0,0.0,0.0,0.0,0.0,5.3,1.69,0.7,21.5
DCA,2023-04-28,0,0,1,0,1,0.0,0.0,0.0,0.0,0.0,0.0,0.0,0.0,1.4,0.0,147.0
DCA,2023-04-28,2,0,0,0,0,0.0,0.0,0.0,0.0,0.0,0.0,0.0,0.0,0.0,0.0,0.0
DCA,2023-04-28,5,2,0,2,0,100.0,100.0,0.0,0.0,15.5,3.65,1.0,0.0,0.0,0.0,0.0
DCA,2023-04-28,6,33,7,34,7,88.24,70.59,85.71,6.65,18.38,7.22,12.41,1.29,3.44,1.57,4.71
DCA,2023-04-28,7,20,30,19,29,84.21,78.95,86.21,10.74,18.63,7.16,15.37,4.48,4.84,3.69,32.55
DCA,2023-04-28,8,42,11,40,11,97.5,60.0,90.91,2.1,27.33,15.36,15.68,7.45,3.2,4.45,5.73
DCA,2023-04-28,9,16,34,16,34,100.0,62.5,76.47,2.31,26.88,15.08,13.69,10.21,5.33,5.76,17.59
DCA,2023-04-28,10,34,18,34,18,85.29,55.88,88.89,14.68,27.35,15.27,27.12,5.11,1.94,0.72,4.0
DCA,2023-04-28,11,30,25,30,24,73.33,73.33,87.5,17.3,18.6,7.2,22.67,2.33,3.24,2.29,4.42
DCA,2023-04-28,12,18,33,18,32,77.78,61.11,84.38,8.06,17.44,6.08,13.17,5.69,2.66,1.75,11.03
DCA,2023-04-28,13,29,26,30,26,63.33,50.0,84.62,14.43,21.07,9.22,22.13,4.88,1.89,0.62,11.96
DCA,2023-04-28,14,28,24,29,23,75.86,62.07,95.65,16.0,21.48,9.93,23.97,6.7,1.44,3.26,3.87
DCA,2023-04-28,15,25,29,26,29,76.92,38.46,65.52,16.5,25.38,13.67,27.92,6.48,6.1,5.52,10.17
DCA,2023-04-28,16,26,29,27,29,55.56,40.74,62.07,31.19,22.63,11.12,40.52,9.79,2.1,4.1,21.79
DCA,2023-04-28,17,32,23,32,24,71.88,34.38,75.0,32.31,28.16,16.36,47.19,4.13,1.05,4.75,20.96
DCA,2023-04-28,18,23,31,21,31,57.14,47.62,74.19,15.71,23.0,11.49,25.14,8.1,2.3,3.48,20.94
DCA,2023-04-28,19,24,26,23,27,69.57,52.17,70.37,22.65,21.78,10.02,30.22,10.22,2.46,6.07,15.44
DCA,2023-04-28,20,28,23,27,22,88.89,37.04,54.55,11.15,31.37,19.37,26.81,4.77,8.05,5.5,26.5
DCA,2023-04-28,21,3,38,3,37,100.0,100.0,70.27,0.0,15.67,3.47,2.0,6.46,5.1,5.51,15.7
DCA,2023-04-28,22,23,18,23,19,78.26,69.57,73.68,12.17,20.13,8.12,16.91,3.79,4.97,6.0,11.21
DCA,2023-04-28,23,0,10,0,9,0.0,0.0,77.78,0.0,0.0,0.0,0.0,3.11,1.38,0.0,14.44
DCA,2023-04-29,0,0,1,0,1,0.0,0.0,0.0,0.0,0.0,0.0,0.0,0.0,3.4,26.0,57.0
DCA,2023-04-29,1,0,0,0,0,0.0,0.0,0.0,0.0,0.0,0.0,0.0,0.0,0.0,0.0,0.0
DCA,2023-04-29,5,4,0,4,0,100.0,100.0,0.0,0.0,14.75,3.25,1.0,0.0,0.0,0.0,0.0
DCA,2023-04-29,6,22,4,22,4,100.0,90.91,100.0,0.64,15.82,5.19,3.77,0.5,3.3,0.0,0.0
DCA,2023-04-29,7,17,22,17,23,100.0,100.0,91.3,0.41,15.47,4.41,1.71,4.3,2.55,1.83,3.78
DCA,2023-04-29,8,39,7,39,7,89.74,53.85,71.43,8.03,28.72,16.68,21.54,2.43,7.09,10.0,12.29
DCA,2023-04-29,9,10,33,10,34,80.0,40.0,85.29,12.7,24.4,12.71,24.3,9.71,6.15,6.71,7.82
DCA,2023-04-29,10,34,11,34,11,88.24,55.88,90.91,6.97,26.26,14.31,18.56,3.18,1.55,2.0,1.55
DCA,2023-04-29,11,21,20,21,20,85.71,85.71,90.0,12.81,17.33,5.72,16.33,1.75,1.01,3.65,10.75
DCA,2023-04-29,12,17,21,17,21,94.12,88.24,85.71,11.88,19.88,8.04,17.47,2.62,1.86,2.0,9.14
DCA,2023-04-29,13,19,24,18,25,88.89,83.33,80.0,4.22,19.67,7.94,9.44,2.32,2.19,3.16,15.72
DCA,2023-04-29,14,22,24,22,24,90.91,90.91,87.5,8.18,18.36,6.82,12.09,4.88,3.09,1.04,15.88
DCA,2023-04-29,15,22,19,23,19,100.0,91.3,68.42,0.96,20.39,8.5,5.04,1.21,1.61,2.63,13.0
DCA,2023-04-29,16,16,23,15,23,66.67,60.0,86.96,19.4,18.0,6.73,24.2,2.17,1.42,0.96,8.35
DCA,2023-04-29,17,26,17,26,17,80.77,65.38,88.24,24.54,25.08,13.49,35.15,2.82,3.39,2.06,8.24
DCA,2023-04-29,18,15,16,16,16,62.5,62.5,81.25,26.06,19.56,7.62,31.0,2.94,2.22,3.94,13.31
DCA,2023-04-29,19,15,20,16,21,56.25,50.0,80.95,30.25,20.13,8.59,37.31,2.14,4.85,3.24,13.05
DCA,2023-04-29,20,14,13,15,13,86.67,66.67,69.23,9.87,16.0,4.17,12.47,2.08,4.24,11.15,28.92
DCA,2023-04-29,21,2,22,2,21,100.0,100.0,66.67,0.0,16.0,3.85,1.5,1.24,2.07,1.19,28.33
DCA,2023-04-29,22,1,12,1,11,100.0,100.0,90.91,0.0,10.0,0.0,0.0,1.45,0.91,0.82,3.91
DCA,2023-04-29,23,0,6,0,6,0.0,0.0,50.0,0.0,0.0,0.0,0.0,1.83,1.17,0.0,11.5
DCA,2023-04-30,0,0,1,0,1,0.0,0.0,0.0,0.0,0.0,0.0,0.0,2.0,2.4,0.0,22.0
DCA,2023-04-30,1,0,0,0,0,0.0,0.0,0.0,0.0,0.0,0.0,0.0,0.0,0.0,0.0,0.0
DCA,2023-04-30,5,3,0,3,0,100.0,100.0,0.0,1.67,20.33,8.73,8.0,0.0,0.0,0.0,0.0
DCA,2023-04-30,6,21,1,20,1,90.0,85.0,100.0,8.45,20.0,9.04,15.15,8.0,0.3,0.0,0.0
DCA,2023-04-30,7,15,20,14,20,85.71,57.14,75.0,25.43,25.36,14.05,36.64,4.45,4.34,3.55,20.0
DCA,2023-04-30,8,35,11,36,11,58.33,44.44,63.64,29.89,27.03,15.14,42.94,6.09,3.47,5.18,14.45
DCA,2023-04-30,9,18,28,18,28,72.22,44.44,64.29,16.28,25.67,13.83,27.0,2.29,6.61,12.25,22.79
DCA,2023-04-30,10,32,17,31,18,67.74,29.03,72.22,17.03,27.1,14.96,31.0,5.28,3.47,9.61,28.72
DCA,2023-04-30,11,29,23,30,23,63.33,53.33,65.22,27.73,23.83,12.34,38.83,4.43,4.87,7.22,28.0
DCA,2023-04-30,12,18,33,18,34,38.89,38.89,70.59,51.28,28.61,16.94,67.78,5.59,2.94,2.76,28.97
DCA,2023-04-30,13,29,26,30,26,56.67,30.0,61.54,29.47,24.67,12.75,40.1,2.81,4.18,4.35,23.31
DCA,2023-04-30,14,27,25,26,24,53.85,34.62,70.83,44.19,26.81,14.98,58.42,2.63,2.53,2.5,19.67
DCA,2023-04-30,15,26,28,27,26,70.37,18.52,76.92,26.44,25.96,14.23,40.33,6.15,5.46,7.77,24.42
DCA,2023-04-30,16,26,29,23,30,47.83,43.48,66.67,47.3,25.78,14.45,60.7,5.5,6.48,9.13,15.5
DCA,2023-04-30,17,32,23,31,23,54.84,35.48,47.83,38.61,31.13,19.27,57.39,3.96,8.0,8.39,33.22
DCA,2023-04-30,18,23,31,21,31,38.1,14.29,51.61,47.71,25.33,14.07,61.05,4.48,5.07,5.77,30.81
DCA,2023-04-30,19,24,26,25,24,52.0,32.0,41.67,29.84,22.28,10.6,39.64,5.25,6.18,11.71,42.04
DCA,2023-04-30,20,27,24,25,22,48.0,28.0,50.0,42.16,23.0,11.04,51.32,6.23,1.79,2.41,37.55
DCA,2023-04-30,21,4,37,3,36,66.67,33.33,44.44,13.0,15.67,4.5,17.0,10.53,2.57,8.97,34.53
DCA,2023-04-30,22,23,18,20,15,65.0,60.0,26.67,23.3,18.15,5.96,27.45,4.0,2.88,1.8,64.27
DCA,2023-04-30,23,0,10,0,8,0.0,0.0,62.5,0.0,0.0,0.0,0.0,3.0,0.27,0.38,47.25
DCA,2023-05-01,0,0,1,0,1,0.0,0.0,100.0,0.0,0.0,0.0,0.0,0.0,0.4,0.0,0.0
DCA,2023-05-01,1,0,0,0,0,0.0,0.0,0.0,0.0,0.0,0.0,0.0,0.0,0.0,0.0,0.0
DCA,2023-05-01,3,0,0,0,0,0.0,0.0,0.0,0.0,0.0,0.0,0.0,0.0,0.0,0.0,0.0
DCA,2023-05-01,5,2,0,2,0,100.0,100.0,0.0,0.0,14.5,2.65,2.0,0.0,0.0,0.0,0.0
DCA,2023-05-01,6,33,7,32,7,96.88,81.25,85.71,24.69,19.75,8.32,31.31,1.86,1.36,4.0,16.0
DCA,2023-05-01,7,21,30,20,29,85.0,80.0,93.1,11.65,18.95,7.31,15.85,3.97,3.37,3.41,4.07
DCA,2023-05-01,8,40,13,39,12,89.74,66.67,91.67,11.72,21.51,9.56,18.1,1.67,6.31,3.75,10.67
DCA,2023-05-01,9,17,33,17,32,94.12,82.35,84.38,6.06,19.65,7.82,10.76,11.41,3.27,4.03,11.25
DCA,2023-05-01,10,35,17,34,17,91.18,70.59,76.47,8.35,19.79,7.81,14.29,3.65,2.19,0.47,22.35
DCA,2023-05-01,11,30,24,30,23,76.67,70.0,82.61,14.1,16.83,5.34,18.13,2.61,2.7,0.61,7.57
DCA,2023-05-01,12,18,34,18,34,72.22,61.11,91.18,11.44,17.67,6.15,16.06,4.85,3.15,0.29,9.06
DCA,2023-05-01,13,29,26,29,26,82.76,58.62,80.77,10.41,22.1,10.16,17.62,5.04,2.99,1.92,11.38
DCA,2023-05-01,14,28,24,29,25,86.21,82.76,92.0,16.69,16.34,4.69,19.69,4.24,3.94,2.0,11.72
DCA,2023-05-01,15,25,29,25,29,80.0,68.0,89.66,15.92,19.16,7.54,21.0,3.38,3.01,0.45,7.72
DCA,2023-05-01,16,26,29,28,29,78.57,75.0,75.86,13.57,14.82,3.55,15.82,3.69,2.57,0.76,24.31
DCA,2023-05-01,17,33,21,33,21,75.76,66.67,90.48,34.06,16.88,5.17,37.97,2.48,3.36,1.62,15.71
DCA,2023-05-01,18,22,32,22,32,77.27,68.18,84.38,21.32,17.05,5.97,25.59,5.41,2.3,2.78,9.88
DCA,2023-05-01,19,24,27,24,27,79.17,75.0,74.07,15.21,19.46,7.87,19.79,4.37,3.93,4.15,29.19
DCA,2023-05-01,20,28,23,28,23,75.0,46.43,73.91,25.68,24.71,12.83,34.68,6.57,3.2,3.48,13.17
DCA,2023-05-01,21,3,37,3,36,100.0,100.0,77.78,0.0,16.67,4.37,0.33,14.33,2.5,6.61,10.06
DCA,2023-05-01,22,23,19,23,19,82.61,78.26,84.21,40.83,16.83,4.79,43.09,5.42,3.9,2.32,8.16
DCA,2023-05-01,23,0,9,0,8,0.0,0.0,62.5,0.0,0.0,0.0,0.0,4.25,3.95,1.88,117.63
DCA,2023-05-02,0,0,1,0,1,0.0,0.0,100.0,0.0,0.0,0.0,0.0,1.0,4.4,0.0,0.0
DCA,2023-05-02,1,0,0,0,0,0.0,0.0,0.0,0.0,0.0,0.0,0.0,0.0,0.0,0.0,0.0
DCA,2023-05-02,5,2,0,2,0,100.0,100.0,0.0,0.0,20.0,8.15,4.5,0.0,0.0,0.0,0.0
DCA,2023-05-02,6,32,7,32,7,87.5,78.13,100.0,10.09,18.53,7.51,15.03,1.29,4.16,0.0,0.0
DCA,2023-05-02,7,21,30,19,31,84.21,78.95,93.55,27.84,15.32,4.17,30.53,2.45,4.09,0.52,24.61
DCA,2023-05-02,8,40,13,41,15,95.12,75.61,80.0,1.49,23.71,11.95,9.02,2.2,10.83,6.87,9.13
DCA,2023-05-02,9,17,33,17,34,94.12,70.59,79.41,4.35,21.59,10.05,11.06,10.85,5.94,5.85,11.35
DCA,2023-05-02,10,35,17,35,17,85.71,68.57,94.12,13.37,19.69,7.62,18.77,4.18,2.71,1.88,5.0
DCA,2023-05-02,11,30,24,30,24,86.67,83.33,91.67,9.93,16.03,4.64,11.67,2.46,1.79,0.25,3.29
DCA,2023-05-02,12,18,34,18,34,100.0,88.89,94.12,0.61,17.0,5.26,2.28,4.85,2.56,0.88,1.97
DCA,2023-05-02,13,30,25,30,25,93.33,80.0,88.0,2.63,19.47,7.57,7.2,4.0,4.25,1.44,7.32
DCA,2023-05-02,14,27,25,27,25,88.89,66.67,96.0,6.59,23.96,12.16,15.63,6.52,2.92,2.16,2.84
DCA,2023-05-02,15,25,29,25,29,92.0,48.0,86.21,11.72,30.72,19.03,25.76,4.1,3.58,2.21,4.52
DCA,2023-05-02,16,26,29,28,30,92.86,82.14,90.0,10.82,21.18,9.63,16.5,4.1,1.08,1.8,6.33
DCA,2023-05-02,17,32,22,32,23,81.25,68.75,91.3,7.66,22.47,10.68,14.47,2.13,2.77,0.91,9.35
DCA,2023-05-02,18,23,32,23,32,91.3,73.91,87.5,7.65,24.35,12.95,15.39,4.38,2.51,0.38,8.25
DCA,2023-05-02,19,24,26,25,27,84.0,76.0,88.89,8.64,17.88,6.48,12.52,7.04,1.52,2.48,4.07
DCA,2023-05-02,20,28,23,28,23,92.86,71.43,86.96,6.11,23.36,11.5,13.39,1.83,2.97,1.04,9.74
DCA,2023-05-02,21,3,37,3,37,100.0,100.0,72.97,0.0,20.33,8.47,3.33,5.16,3.48,2.3,20.81
DCA,2023-05-02,22,23,19,23,19,86.96,86.96,73.68,5.91,20.39,8.27,10.35,2.21,4.04,1.0,7.0
DCA,2023-05-02,23,0,9,0,9,0.0,0.0,100.0,0.0,0.0,0.0,0.0,3.56,1.31,0.0,0.0
DCA,2023-05-03,0,0,1,0,1,0.0,0.0,100.0,0.0,0.0,0.0,0.0,0.0,0.4,0.0,0.0
DCA,2023-05-03,1,0,0,0,0,0.0,0.0,0.0,0.0,0.0,0.0,0.0,0.0,0.0,0.0,0.0
DCA,2023-05-03,5,2,0,2,0,100.0,100.0,0.0,0.0,16.5,4.65,0.0,0.0,0.0,0.0,0.0
DCA,2023-05-03,6,32,7,32,7,96.88,93.75,100.0,1.06,16.91,5.91,3.75,1.14,1.87,1.29,1.43
DCA,2023-05-03,7,21,30,21,30,100.0,90.48,96.67,0.0,19.76,8.37,2.95,3.33,1.98,1.53,0.57
DCA,2023-05-03,8,40,13,41,15,95.12,56.1,93.33,5.9,29.54,17.52,19.05,3.4,1.81,3.2,1.53
DCA,2023-05-03,9,17,33,17,35,88.24,58.82,82.86,53.88,25.35,13.68,62.82,9.23,2.28,2.63,13.77
DCA,2023-05-03,10,35,17,35,18,77.14,65.71,100.0,22.6,23.34,11.22,30.77,4.56,1.86,1.44,0.72
DCA,2023-05-03,11,30,24,30,24,96.67,86.67,95.83,2.13,18.83,7.41,6.07,3.88,1.54,1.38,2.21
DCA,2023-05-03,12,18,34,19,34,89.47,78.95,100.0,5.05,23.58,11.67,11.89,4.71,2.09,0.5,0.12
DCA,2023-05-03,13,30,25,30,25,96.67,73.33,92.0,1.2,22.97,11.01,8.63,2.72,3.46,0.76,1.96
DCA,2023-05-03,14,27,25,27,25,92.59,74.07,100.0,7.67,20.11,8.43,12.96,3.6,3.69,0.56,0.08
DCA,2023-05-03,15,25,29,25,29,96.0,52.0,93.1,3.92,28.0,16.31,14.6,3.34,1.08,0.83,15.31
DCA,2023-05-03,16,26,29,28,30,92.86,78.57,83.33,3.68,17.5,5.85,7.29,13.07,0.79,3.87,16.03
DCA,2023-05-03,17,32,22,32,22,75.0,62.5,90.91,18.56,23.75,11.98,27.88,2.45,4.28,2.0,2.0
DCA,2023-05-03,18,23,32,23,32,82.61,69.57,81.25,7.48,18.48,7.08,12.87,4.56,2.79,1.34,4.41
DCA,2023-05-03,19,24,26,25,27,84.0,76.0,85.19,5.4,17.64,6.19,9.16,9.11,1.42,3.26,12.48
DCA,2023-05-03,20,28,23,29,23,86.21,65.52,86.96,6.31,24.76,12.74,14.14,1.39,2.2,0.17,11.09
DCA,2023-05-03,21,3,37,3,37,66.67,66.67,83.78,21.33,14.33,3.13,23.0,9.76,1.42,7.14,6.59
DCA,2023-05-03,22,23,19,23,19,95.65,91.3,89.47,3.35,20.3,8.18,6.13,1.53,2.46,1.58,3.58
DCA,2023-05-03,23,0,9,0,9,0.0,0.0,88.89,0.0,0.0,0.0,0.0,2.89,0.62,0.67,2.44
DCA,2023-05-04,0,0,1,0,1,0.0,0.0,100.0,0.0,0.0,0.0,0.0,0.0,0.4,0.0,0.0
DCA,2023-05-04,5,2,0,2,0,100.0,100.0,0.0,2.5,13.5,1.65,3.5,0.0,0.0,0.0,0.0
DCA,2023-05-04,6,32,7,32,7,93.75,81.25,100.0,5.84,21.41,10.0,12.69,1.71,7.73,0.0,0.0
DCA,2023-05-04,7,21,30,21,30,100.0,85.71,96.67,0.1,22.9,11.41,6.0,5.9,5.41,2.43,1.47
DCA,2023-05-04,8,40,13,41,15,97.56,63.41,93.33,8.29,27.39,15.37,20.39,2.93,2.42,1.27,1.87
DCA,2023-05-04,9,17,33,18,33,94.44,61.11,81.82,6.28,23.44,12.01,15.33,12.45,6.68,9.85,8.33
DCA,2023-05-04,10,35,17,35,18,82.86,60.0,83.33,8.46,25.34,13.22,18.6,4.44,2.06,2.39,6.56
DCA,2023-05-04,11,30,24,30,24,86.67,70.0,91.67,6.2,20.37,8.86,11.83,4.79,3.37,2.42,3.54
DCA,2023-05-04,12,18,34,18,34,94.44,83.33,94.12,2.44,20.39,8.73,8.17,4.21,2.04,0.85,1.71
DCA,2023-05-04,13,29,26,29,26,96.55,68.97,88.46,1.62,25.97,13.93,12.24,2.96,2.0,0.73,5.69
DCA,2023-05-04,14,28,24,28,24,78.57,57.14,87.5,6.18,23.57,11.77,15.68,4.25,2.0,2.38,6.83
DCA,2023-05-04,15,25,29,25,29,76.0,40.0,93.1,9.68,28.96,17.39,22.88,3.24,2.1,0.86,2.97
DCA,2023-05-04,16,26,29,28,30,75.0,60.71,83.33,11.32,22.18,10.54,19.64,5.2,2.17,1.97,7.5
DCA,2023-05-04,17,32,22,32,22,93.75,68.75,95.45,3.16,24.56,12.72,12.97,1.95,5.76,2.14,2.82
DCA,2023-05-04,18,23,32,23,33,86.96,73.91,78.79,8.57,19.52,8.14,14.35,7.91,3.68,4.45,10.79
DCA,2023-05-04,19,22,26,22,27,77.27,54.55,77.78,17.64,19.59,8.22,23.91,8.04,1.57,2.7,11.19
DCA,2023-05-04,20,27,24,28,24,85.71,75.0,79.17,5.5,24.68,12.75,13.32,12.54,1.82,7.75,14.54
DCA,2023-05-04,21,3,37,3,37,100.0,100.0,72.97,0.0,18.67,7.13,2.0,7.24,3.48,5.89,14.24
DCA,2023-05-04,22,22,19,23,20,86.96,69.57,65.0,15.61,18.87,6.7,20.26,1.2,8.84,5.75,14.05
DCA,2023-05-04,23,0,8,1,8,0.0,0.0,62.5,53.0,19.0,6.7,60.0,3.25,0.83,3.0,20.0
DCA,2023-05-05,0,0,1,0,1,0.0,0.0,100.0,0.0,0.0,0.0,0.0,0.0,2.4,0.0,6.0
DCA,2023-05-05,1,0,0,0,0,0.0,0.0,0.0,0.0,0.0,0.0,0.0,0.0,0.0,0.0,0.0
DCA,2023-05-05,5,3,0,3,0,33.33,33.33,0.0,42.0,16.67,4.97,46.33,0.0,0.0,0.0,0.0
DCA,2023-05-05,6,31,6,31,6,100.0,74.19,83.33,0.58,20.1,8.96,7.39,0.5,6.47,0.5,11.83
DCA,2023-05-05,7,20,29,20,29,85.0,70.0,89.66,16.5,22.1,10.53,23.25,6.59,6.63,3.97,2.9
DCA,2023-05-05,8,40,13,40,13,90.0,67.5,92.31,18.88,22.48,10.47,27.27,2.23,5.21,4.08,3.23
DCA,2023-05-05,9,19,31,19,31,89.47,73.68,83.87,13.42,20.05,8.25,19.95,7.97,5.43,3.32,7.81
DCA,2023-05-05,10,33,18,34,18,85.29,52.94,88.89,9.0,27.35,15.26,21.47,2.89,2.51,0.5,3.28
DCA,2023-05-05,11,30,24,30,24,80.0,60.0,91.67,9.0,20.73,9.17,15.23,2.63,4.31,1.96,2.0
DCA,2023-05-05,12,18,33,18,33,88.89,72.22,81.82,4.44,21.61,10.01,10.67,2.39,3.47,3.15,5.48
DCA,2023-05-05,13,29,25,29,25,93.1,68.97,84.0,10.48,22.24,10.28,18.03,3.84,1.28,0.88,5.32
DCA,2023-05-05,14,25,27,25,27,88.0,80.0,96.3,4.88,18.16,6.6,8.88,5.44,2.06,1.33,2.59
DCA,2023-05-05,15,28,26,28,26,85.71,71.43,84.62,6.68,21.79,10.03,12.89,4.0,3.62,1.96,5.04
DCA,2023-05-05,16,24,31,24,31,75.0,66.67,83.87,11.29,19.29,7.75,16.75,5.65,2.67,1.1,11.65
DCA,2023-05-05,17,33,21,33,22,81.82,69.7,95.45,11.15,19.09,7.28,16.91,1.95,3.72,6.23,5.68
DCA,2023-05-05,18,24,31,24,31,83.33,79.17,90.32,4.83,17.54,6.26,8.5,5.65,1.4,1.23,4.61
DCA,2023-05-05,19,23,27,23,28,86.96,69.57,85.71,40.39,17.78,6.27,44.3,27.89,3.49,24.82,37.07
DCA,2023-05-05,20,28,23,28,24,92.86,82.14,91.67,5.89,18.54,6.77,9.18,5.38,3.52,1.83,2.04
DCA,2023-05-05,21,3,37,3,37,100.0,100.0,78.38,0.0,14.33,2.47,0.0,5.19,1.54,2.46,14.0
DCA,2023-05-05,22,23,19,23,19,86.96,78.26,78.95,11.78,16.61,4.57,13.61,0.79,5.54,3.0,9.0
DCA,2023-05-05,23,0,9,0,9,0.0,0.0,100.0,0.0,0.0,0.0,0.0,1.67,1.56,0.33,1.0
DCA,2023-05-06,0,0,1,0,1,0.0,0.0,100.0,0.0,0.0,0.0,0.0,1.0,0.0,0.0,0.0
DCA,2023-05-06,5,4,0,4,0,100.0,100.0,0.0,0.0,14.75,3.55,1.75,0.0,0.0,0.0,0.0
DCA,2023-05-06,6,24,1,24,1,100.0,83.33,100.0,0.63,16.88,6.14,4.83,0.0,0.0,0.0,0.0
DCA,2023-05-06,7,18,24,18,24,88.89,77.78,100.0,8.89,20.22,8.65,13.33,3.75,1.57,0.29,0.0
DCA,2023-05-06,8,37,11,37,12,94.59,51.35,91.67,2.3,29.19,17.26,15.97,0.67,7.83,2.75,2.58
DCA,2023-05-06,9,15,28,15,29,93.33,86.67,96.55,10.2,24.67,12.63,17.8,5.48,6.82,2.0,1.69
DCA,2023-05-06,10,33,12,33,12,96.97,75.76,91.67,1.3,23.67,11.63,8.21,1.75,1.17,0.5,11.83
DCA,2023-05-06,11,21,19,21,19,95.24,95.24,94.74,6.38,15.38,3.91,7.1,0.95,1.33,0.0,8.26
DCA,2023-05-06,12,14,25,14,25,92.86,78.57,96.0,2.86,19.86,8.23,8.57,1.4,1.08,0.04,3.64
DCA,2023-05-06,13,21,22,22,22,90.91,90.91,95.45,3.05,18.41,6.43,6.59,1.95,2.74,0.95,2.68
DCA,2023-05-06,14,19,28,19,28,94.74,89.47,92.86,2.26,20.32,8.8,7.21,2.96,4.6,1.11,2.32
DCA,2023-05-06,15,24,16,24,16,95.83,91.67,93.75,6.71,17.75,6.04,9.42,1.75,2.26,1.75,1.06
DCA,2023-05-06,16,15,26,15,26,100.0,93.33,88.46,0.67,15.8,4.46,3.4,0.77,1.25,1.31,15.38
DCA,2023-05-06,17,28,15,28,15,89.29,82.14,93.33,9.32,15.64,4.14,10.57,2.13,2.21,0.4,6.4
DCA,2023-05-06,18,16,16,16,16,100.0,100.0,87.5,0.0,16.75,5.16,1.63,1.25,1.73,0.5,17.38
DCA,2023-05-06,19,14,21,14,22,85.71,78.57,95.45,5.71,15.21,4.3,9.14,2.68,1.29,0.05,4.23
DCA,2023-05-06,20,13,13,14,13,78.57,78.57,76.92,16.64,15.29,3.46,17.36,2.38,3.64,3.92,13.38
DCA,2023-05-06,21,3,20,3,20,100.0,100.0,95.0,0.0,17.0,5.43,0.67,3.05,2.21,1.65,6.05
DCA,2023-05-06,22,0,14,0,14,0.0,0.0,100.0,0.0,0.0,0.0,0.0,2.64,1.22,0.29,0.07
DCA,2023-05-06,23,0,6,0,6,0.0,0.0,83.33,0.0,0.0,0.0,0.0,1.5,1.33,0.0,7.17
DCA,2023-05-07,0,0,1,0,1,0.0,0.0,100.0,0.0,0.0,0.0,0.0,0.0,1.4,10.0,8.0
DCA,2023-05-07,5,3,0,3,0,100.0,100.0,0.0,0.0,14.33,3.1,0.0,0.0,0.0,0.0,0.0
DCA,2023-05-07,6,22,0,22,0,81.82,81.82,0.0,14.18,14.5,3.73,16.18,0.0,0.0,0.0,0.0
DCA,2023-05-07,7,18,17,19,18,94.74,89.47,100.0,9.74,15.63,4.36,11.79,3.61,3.43,0.83,0.0
DCA,2023-05-07,8,33,13,33,13,90.91,81.82,76.92,24.15,19.58,7.8,27.97,1.38,3.67,0.92,36.15
DCA,2023-05-07,9,15,30,15,30,80.0,80.0,86.67,13.93,15.67,4.07,15.87,5.2,3.18,3.13,9.93
DCA,2023-05-07,10,32,17,32,17,87.5,75.0,88.24,8.97,17.78,5.86,12.63,2.82,3.35,0.82,9.53
DCA,2023-05-07,11,29,22,29,22,82.76,79.31,86.36,9.66,14.66,3.48,11.97,4.27,3.9,5.82,10.14
DCA,2023-05-07,12,18,33,18,34,88.89,83.33,88.24,7.5,16.5,5.06,11.0,5.5,2.94,3.5,14.44
DCA,2023-05-07,13,28,26,28,27,85.71,67.86,85.19,5.61,21.86,10.15,12.96,4.22,3.89,3.85,4.0
DCA,2023-05-07,14,25,27,26,28,80.77,65.38,85.71,6.96,19.5,7.8,12.23,5.64,2.97,3.96,16.64
DCA,2023-05-07,15,30,24,31,26,87.1,70.97,96.15,15.58,21.94,10.14,22.81,3.04,3.52,1.73,5.54
DCA,2023-05-07,16,23,32,23,32,82.61,73.91,90.63,16.91,17.17,5.8,21.26,3.5,0.95,0.69,4.84
DCA,2023-05-07,17,34,20,34,20,82.35,70.59,95.0,9.09,19.71,7.91,14.88,3.45,4.87,0.95,1.8
DCA,2023-05-07,18,23,32,23,32,82.61,69.57,71.88,6.74,18.7,7.49,12.13,5.06,2.78,4.5,15.63
DCA,2023-05-07,19,23,27,23,27,73.91,65.22,74.07,11.78,18.48,7.01,16.35,6.7,5.07,5.33,9.89
DCA,2023-05-07,20,27,24,27,24,77.78,70.37,70.83,13.7,20.48,8.51,20.04,3.21,2.6,2.38,18.75
DCA,2023-05-07,21,4,36,4,36,100.0,100.0,72.22,0.0,13.25,1.8,0.25,5.0,3.09,3.89,22.31
DCA,2023-05-07,22,23,19,23,19,86.96,65.22,63.16,5.04,20.74,8.56,10.52,3.21,1.98,1.79,29.16
DCA,2023-05-07,23,0,9,0,9,0.0,0.0,88.89,0.0,0.0,0.0,0.0,3.33,3.3,0.0,65.33
DCA,2023-05-08,0,0,1,0,1,0.0,0.0,0.0,0.0,0.0,0.0,0.0,14.0,1.4,14.0,29.0
DCA,2023-05-08,1,0,0,0,0,0.0,0.0,0.0,0.0,0.0,0.0,0.0,0.0,0.0,0.0,0.0
DCA,2023-05-08,5,3,0,3,0,66.67,33.33,0.0,103.0,21.0,9.43,112.67,0.0,0.0,0.0,0.0
DCA,2023-05-08,6,32,6,33,6,78.79,69.7,66.67,12.7,18.55,7.45,18.3,2.83,2.75,0.0,97.0
DCA,2023-05-08,7,20,31,20,31,100.0,65.0,96.77,0.05,26.95,15.26,10.3,5.23,2.8,1.1,6.81
DCA,2023-05-08,8,41,12,41,13,95.12,60.98,84.62,3.49,27.37,15.33,14.49,2.23,6.02,7.15,8.38
DCA,2023-05-08,9,16,34,16,33,93.75,62.5,78.79,2.56,22.19,10.49,9.38,6.36,2.82,6.82,14.67
DCA,2023-05-08,10,35,17,34,16,79.41,44.12,93.75,12.71,27.12,15.11,24.15,2.56,2.76,0.81,4.06
DCA,2023-05-08,11,29,25,28,27,78.57,78.57,85.19,11.29,16.04,4.62,14.25,2.67,2.54,1.85,9.78
DCA,2023-05-08,12,19,32,19,32,94.74,73.68,90.63,3.89,22.58,10.95,11.32,2.78,1.56,0.75,7.16
DCA,2023-05-08,13,29,25,29,25,89.66,58.62,84.0,8.31,26.76,14.79,18.83,1.92,4.01,1.52,10.76
DCA,2023-05-08,14,24,28,25,28,84.0,60.0,89.29,11.04,21.84,10.2,19.56,2.21,3.76,1.25,3.54
DCA,2023-05-08,15,29,25,29,25,93.1,58.62,88.0,2.59,25.97,14.17,13.14,2.8,4.4,1.68,6.2
DCA,2023-05-08,16,24,31,26,31,57.69,57.69,77.42,22.38,19.54,8.05,28.42,4.68,3.77,1.81,12.0
DCA,2023-05-08,17,32,22,32,22,78.13,65.63,81.82,8.81,19.28,7.47,13.84,2.36,5.16,1.64,13.32
DCA,2023-05-08,18,24,31,24,31,75.0,58.33,77.42,26.88,17.96,6.65,31.46,3.81,2.12,4.13,12.29
DCA,2023-05-08,19,24,27,24,27,70.83,62.5,81.48,13.08,19.58,8.0,18.75,8.78,3.11,4.04,17.26
DCA,2023-05-08,20,28,23,29,23,89.66,68.97,78.26,12.93,22.28,10.21,19.34,6.43,2.32,3.74,8.04
DCA,2023-05-08,21,3,37,3,37,66.67,66.67,83.78,26.33,12.33,1.13,25.33,22.89,2.66,19.62,32.08
DCA,2023-05-08,22,23,19,24,19,87.5,79.17,84.21,8.04,19.63,7.49,11.79,1.26,4.23,1.47,6.74
DCA,2023-05-08,23,0,9,0,9,0.0,0.0,77.78,0.0,0.0,0.0,0.0,2.89,0.78,0.0,55.22
DCA,2023-05-09,0,0,1,0,1,0.0,0.0,0.0,0.0,0.0,0.0,0.0,1.0,5.4,0.0,19.0
DCA,2023-05-09,1,0,0,0,0,0.0,0.0,0.0,0.0,0.0,0.0,0.0,0.0,0.0,0.0,0.0
DCA,2023-05-09,5,3,0,3,0,66.67,66.67,0.0,17.33,17.0,5.3,19.67,0.0,0.0,0.0,0.0
DCA,2023-05-09,6,32,6,32,6,96.88,90.63,83.33,2.34,17.38,6.11,5.63,1.5,4.47,7.17,3.33
DCA,2023-05-09,7,20,31,20,31,95.0,75.0,93.55,3.85,21.05,9.54,10.0,3.23,4.69,2.77,1.74
DCA,2023-05-09,8,41,12,42,14,95.24,47.62,100.0,1.57,35.45,23.44,19.93,1.0,6.05,2.93,2.07
DCA,2023-05-09,9,16,34,16,34,93.75,31.25,76.47,2.5,35.13,23.29,21.25,8.09,10.79,8.91,17.65
DCA,2023-05-09,10,35,17,34,17,88.24,47.06,88.24,5.38,30.24,18.04,20.09,2.47,3.76,1.29,3.47
DCA,2023-05-09,11,30,24,30,24,83.33,80.0,87.5,12.07,17.37,5.87,15.47,2.29,0.81,1.08,6.58
DCA,2023-05-09,12,18,33,18,34,88.89,72.22,97.06,5.06,18.33,6.71,8.5,4.88,1.91,1.09,7.53
DCA,2023-05-09,13,29,25,29,26,89.66,62.07,84.62,7.59,27.03,15.14,17.03,4.73,1.42,0.27,6.58
DCA,2023-05-09,14,24,28,25,29,96.0,80.0,89.66,2.48,24.12,12.46,10.48,4.62,0.96,0.31,12.83
DCA,2023-05-09,15,29,25,30,25,76.67,56.67,76.0,7.83,26.53,14.72,18.53,6.24,1.68,3.88,27.48
DCA,2023-05-09,16,24,31,25,33,76.0,56.0,81.82,23.36,21.96,10.4,30.84,9.58,2.22,2.7,7.85
DCA,2023-05-09,17,32,22,32,22,78.13,62.5,86.36,7.0,19.97,8.17,12.53,5.36,7.12,3.5,4.64
DCA,2023-05-09,18,24,31,24,31,83.33,75.0,77.42,10.83,17.88,6.44,14.67,7.16,2.23,4.06,9.58
DCA,2023-05-09,19,24,27,24,27,83.33,75.0,81.48,16.75,18.96,7.5,21.46,7.0,3.27,3.59,7.22
DCA,2023-05-09,20,28,23,29,23,86.21,72.41,73.91,8.17,22.97,10.87,14.41,5.13,3.33,5.22,13.61
DCA,2023-05-09,21,3,37,3,37,100.0,100.0,64.86,0.0,17.0,4.7,0.0,8.14,1.27,6.43,14.0
DCA,2023-05-09,22,23,19,23,19,86.96,82.61,94.74,6.52,19.39,7.22,10.57,1.79,3.27,1.89,3.37
DCA,2023-05-09,23,0,9,0,9,0.0,0.0,88.89,0.0,0.0,0.0,0.0,2.56,1.46,1.56,7.44
DCA,2023-05-10,0,0,1,0,1,0.0,0.0,100.0,0.0,0.0,0.0,0.0,0.0,0.4,0.0,9.0
DCA,2023-05-10,5,3,0,3,0,100.0,100.0,0.0,0.0,16.33,5.43,0.67,0.0,0.0,0.0,0.0
DCA,2023-05-10,6,32,6,32,6,93.75,81.25,100.0,5.06,19.34,8.25,9.91,0.83,0.98,0.33,2.0
DCA,2023-05-10,7,20,31,20,31,95.0,80.0,96.77,5.95,20.75,9.1,10.95,4.52,5.59,2.23,4.13
DCA,2023-05-10,8,41,12,43,13,90.7,51.16,100.0,5.81,30.02,17.98,18.47,0.38,7.27,1.0,0.38
DCA,2023-05-10,9,16,34,16,33,100.0,68.75,87.88,0.63,21.0,9.31,7.06,8.42,2.98,2.73,7.15
DCA,2023-05-10,10,35,17,34,17,91.18,61.76,82.35,4.12,26.53,14.46,14.18,1.65,3.37,1.06,54.47
DCA,2023-05-10,11,29,25,29,26,79.31,72.41,100.0,14.1,17.79,6.23,17.41,1.81,3.45,0.77,0.46
DCA,2023-05-10,12,19,32,19,33,89.47,84.21,96.97,5.42,17.0,5.33,8.74,2.79,2.39,0.79,1.21
DCA,2023-05-10,13,29,25,29,25,86.21,79.31,84.0,5.24,21.24,9.25,10.28,1.56,3.48,1.6,21.36
DCA,2023-05-10,14,24,28,24,28,83.33,66.67,89.29,7.58,23.17,11.56,15.88,1.57,2.65,0.29,5.64
DCA,2023-05-10,15,29,25,29,25,72.41,51.72,96.0,13.41,24.41,12.62,22.59,3.76,2.44,2.16,2.48
DCA,2023-05-10,16,24,31,25,32,72.0,60.0,93.75,32.84,23.4,12.02,41.2,6.31,2.27,2.31,3.44
DCA,2023-05-10,17,32,22,32,22,81.25,59.38,77.27,7.5,24.53,12.7,17.56,2.14,6.51,3.5,6.68
DCA,2023-05-10,18,24,31,24,31,75.0,58.33,74.19,16.63,19.25,7.82,22.04,3.48,1.92,2.26,13.48
DCA,2023-05-10,19,24,27,24,27,83.33,75.0,81.48,5.79,17.75,6.24,9.21,6.44,4.33,4.93,12.63
DCA,2023-05-10,20,28,23,27,23,81.48,62.96,69.57,9.52,24.3,12.19,17.26,6.78,2.7,5.57,20.48
DCA,2023-05-10,21,3,37,3,37,100.0,100.0,67.57,0.0,16.0,4.47,0.67,12.51,2.82,11.86,18.27
DCA,2023-05-10,22,23,19,23,19,86.96,78.26,73.68,7.91,19.22,7.13,11.65,1.79,2.79,1.95,14.16
DCA,2023-05-10,23,0,9,0,10,0.0,0.0,50.0,0.0,0.0,0.0,0.0,3.9,3.56,3.7,69.8
DCA,2023-05-11,0,0,1,0,1,0.0,0.0,100.0,0.0,0.0,0.0,0.0,2.0,2.4,0.0,0.0
DCA,2023-05-11,5,3,0,3,0,100.0,100.0,0.0,0.0,17.0,5.43,4.0,0.0,0.0,0.0,0.0
DCA,2023-05-11,6,32,6,32,6,90.63,78.13,100.0,5.13,15.81,4.83,8.38,0.83,3.47,1.0,0.0
DCA,2023-05-11,7,20,31,20,32,100.0,95.0,93.75,0.2,16.9,5.46,3.65,4.13,4.52,1.97,7.88
DCA,2023-05-11,8,41,12,42,13,95.24,61.9,84.62,4.02,28.74,16.79,16.98,0.85,7.84,3.69,20.92
DCA,2023-05-11,9,16,34,17,36,76.47,52.94,88.89,85.47,21.18,9.49,92.88,6.19,6.03,3.92,4.36
DCA,2023-05-11,10,35,17,36,17,80.56,66.67,94.12,5.11,20.0,7.85,11.22,1.41,5.74,2.12,4.0
DCA,2023-05-11,11,29,25,29,25,93.1,86.21,96.0,3.48,14.79,3.72,5.38,2.36,2.42,0.72,2.84
DCA,2023-05-11,12,19,32,20,32,85.0,85.0,71.88,3.6,15.45,3.78,5.8,5.88,2.35,4.28,37.34
DCA,2023-05-11,13,29,25,30,25,73.33,66.67,92.0,21.03,19.0,7.15,25.5,4.64,1.88,1.44,4.88
DCA,2023-05-11,14,24,28,25,28,72.0,68.0,78.57,13.52,20.24,8.74,19.64,4.79,2.79,2.32,20.64
DCA,2023-05-11,15,29,25,30,25,83.33,66.67,76.0,29.17,22.0,10.31,36.93,4.6,2.78,10.08,18.64
DCA,2023-05-11,16,24,31,26,32,42.31,30.77,28.13,41.81,21.23,9.66,49.77,12.94,4.79,31.06,45.78
DCA,2023-05-11,17,32,22,32,23,43.75,34.38,73.91,39.34,19.91,8.21,46.72,10.13,5.38,7.43,14.35
DCA,2023-05-11,18,24,31,24,31,54.17,41.67,67.74,24.63,25.33,13.9,37.29,10.23,5.4,7.81,22.9
DCA,2023-05-11,19,24,27,24,27,66.67,54.17,55.56,18.79,17.04,5.51,23.54,11.07,9.54,8.78,22.37
DCA,2023-05-11,20,28,23,29,23,68.97,37.93,52.17,18.07,24.38,12.46,28.59,2.78,6.8,3.78,21.39
DCA,2023-05-11,21,3,37,3,36,100.0,66.67,55.56,4.33,11.67,0.8,5.0,5.03,3.39,5.0,21.67
DCA,2023-05-11,22,23,19,23,19,82.61,73.91,78.95,12.57,18.57,6.51,15.87,1.47,3.91,1.79,11.74
DCA,2023-05-11,23,0,9,0,9,0.0,0.0,66.67,0.0,0.0,0.0,0.0,2.78,3.41,0.44,15.22
DCA,2023-05-12,0,0,1,0,1,0.0,0.0,0.0,0.0,0.0,0.0,0.0,0.0,1.4,2.0,16.0
DCA,2023-05-12,1,0,0,0,0,0.0,0.0,0.0,0.0,0.0,0.0,0.0,0.0,0.0,0.0,0.0
DCA,2023-05-12,5,3,0,3,0,66.67,66.67,0.0,5.67,17.0,5.77,11.67,0.0,0.0,0.0,0.0
DCA,2023-05-12,6,32,6,32,6,96.88,75.0,100.0,3.56,18.25,7.42,9.47,1.33,2.63,0.0,0.0
DCA,2023-05-12,7,20,31,20,31,100.0,100.0,100.0,0.05,17.45,6.17,2.9,5.19,5.82,1.32,0.97
DCA,2023-05-12,8,41,12,40,12,97.5,82.5,100.0,5.1,23.3,11.56,12.48,0.67,6.88,1.17,0.67
DCA,2023-05-12,9,16,34,16,34,93.75,93.75,91.18,15.0,14.81,3.5,16.38,7.24,4.41,2.53,8.35
DCA,2023-05-12,10,35,17,35,17,82.86,65.71,94.12,7.8,20.63,8.59,14.2,3.94,2.3,0.65,5.12
DCA,2023-05-12,11,29,25,29,25,86.21,75.86,92.0,13.03,19.24,7.67,17.41,4.4,3.58,1.48,3.92
DCA,2023-05-12,12,19,32,20,31,85.0,60.0,90.32,11.95,20.15,8.41,17.9,3.65,1.84,0.13,3.23
DCA,2023-05-12,13,29,25,28,25,82.14,75.0,84.0,13.25,19.46,7.64,17.18,2.92,6.48,3.8,6.2
DCA,2023-05-12,14,24,28,24,28,83.33,79.17,92.86,7.25,15.79,4.11,9.5,3.04,5.3,1.82,3.11
DCA,2023-05-12,15,29,25,29,25,72.41,58.62,84.0,21.69,15.17,3.66,23.86,4.6,3.15,3.48,9.76
DCA,2023-05-12,16,24,31,24,31,62.5,54.17,48.39,14.29,16.96,5.77,18.92,27.87,2.01,22.1,22.16
DCA,2023-05-12,17,32,22,32,25,46.88,37.5,60.0,28.59,18.59,6.83,34.53,3.68,4.37,8.52,12.88
DCA,2023-05-12,18,24,31,24,31,62.5,54.17,77.42,14.92,15.42,4.23,17.75,4.29,3.17,2.52,9.71
DCA,2023-05-12,19,24,27,24,27,79.17,70.83,85.19,11.17,17.29,5.77,15.5,4.89,5.32,3.15,12.78
DCA,2023-05-12,20,28,23,28,23,75.0,67.86,73.91,12.86,18.57,6.51,16.64,3.61,1.58,2.52,23.3
DCA,2023-05-12,21,3,37,3,38,100.0,100.0,76.32,0.0,21.67,9.37,3.0,20.68,2.93,18.61,36.92
DCA,2023-05-12,22,23,19,23,19,86.96,82.61,68.42,13.74,15.48,3.52,15.52,3.0,5.14,3.47,16.11
DCA,2023-05-12,23,0,9,0,9,0.0,0.0,77.78,0.0,0.0,0.0,0.0,3.89,3.52,0.44,80.11
DCA,2023-05-13,0,0,1,0,1,0.0,0.0,0.0,0.0,0.0,0.0,0.0,0.0,1.4,0.0,138.0
DCA,2023-05-13,2,0,0,0,0,0.0,0.0,0.0,0.0,0.0,0.0,0.0,0.0,0.0,0.0,0.0
DCA,2023-05-13,5,4,0,4,0,100.0,100.0,0.0,0.0,16.25,4.63,1.0,0.0,0.0,0.0,0.0
DCA,2023-05-13,6,24,1,24,1,95.83,70.83,100.0,3.83,15.46,4.96,7.0,5.0,4.3,0.0,0.0
DCA,2023-05-13,7,18,24,18,25,94.44,88.89,100.0,0.83,17.5,6.19,4.06,2.48,4.34,0.52,0.24
DCA,2023-05-13,8,36,11,38,11,97.37,60.53,81.82,1.63,26.29,14.46,12.71,0.73,5.36,2.09,24.64
DCA,2023-05-13,9,16,29,16,31,62.5,43.75,93.55,40.44,23.13,11.08,49.06,4.68,8.27,4.06,3.77
DCA,2023-05-13,10,33,12,33,13,87.88,72.73,84.62,7.58,21.97,9.9,13.73,2.31,1.08,2.0,3.15
DCA,2023-05-13,11,21,18,23,18,95.65,73.91,94.44,1.87,21.65,9.85,8.35,1.11,2.58,0.5,3.44
DCA,2023-05-13,12,13,25,13,25,84.62,76.92,96.0,4.0,18.62,7.74,8.92,2.56,1.01,0.24,1.12
DCA,2023-05-13,13,22,21,22,21,95.45,68.18,95.24,1.68,25.64,13.69,11.0,2.29,4.11,1.19,9.9
DCA,2023-05-13,14,18,29,18,29,100.0,72.22,93.1,1.44,23.28,11.74,10.06,4.52,2.54,1.52,12.14
DCA,2023-05-13,15,26,16,26,16,88.46,76.92,81.25,9.23,24.04,12.23,17.5,6.0,1.07,5.19,15.75
DCA,2023-05-13,16,14,27,14,27,85.71,64.29,59.26,6.79,18.21,6.76,12.14,25.56,1.97,21.67,24.81
DCA,2023-05-13,17,28,15,28,18,42.86,25.0,55.56,23.43,22.57,10.93,34.14,6.06,6.09,10.0,18.89
DCA,2023-05-13,18,16,15,17,15,70.59,58.82,80.0,18.71,19.06,7.01,23.71,7.13,0.81,4.67,16.0
DCA,2023-05-13,19,14,21,15,21,66.67,66.67,85.71,25.27,17.2,5.7,29.07,4.81,1.76,0.95,17.9
DCA,2023-05-13,20,13,13,15,14,80.0,66.67,78.57,6.93,20.93,9.05,13.53,3.71,3.31,5.0,11.93
DCA,2023-05-13,21,3,20,4,20,75.0,75.0,80.0,7.5,15.75,3.97,10.75,5.75,2.39,3.6,8.75
DCA,2023-05-13,22,0,14,0,14,0.0,0.0,92.86,0.0,0.0,0.0,0.0,3.07,0.42,1.93,2.71
DCA,2023-05-13,23,0,7,0,6,0.0,0.0,66.67,0.0,0.0,0.0,0.0,1.5,0.4,6.67,12.83
DCA,2023-05-14,0,0,1,0,1,0.0,0.0,100.0,0.0,0.0,0.0,0.0,0.0,0.4,2.0,1.0
DCA,2023-05-14,5,3,0,3,0,100.0,100.0,0.0,2.33,15.33,3.63,4.0,0.0,0.0,0.0,0.0
DCA,2023-05-14,6,22,0,21,0,90.48,85.71,0.0,6.38,15.67,4.77,9.81,0.0,0.0,0.0,0.0
DCA,2023-05-14,7,17,17,17,17,94.12,94.12,100.0,6.94,15.41,4.37,9.12,1.82,1.55,0.0,0.76
DCA,2023-05-14,8,33,12,34,12,94.12,82.35,100.0,3.24,20.35,8.54,8.53,0.58,6.67,0.83,0.25
DCA,2023-05-14,9,15,32,15,32,93.33,80.0,96.88,1.67,20.87,9.19,7.0,5.22,2.22,0.5,2.25
DCA,2023-05-14,10,33,17,33,17,96.97,84.85,88.24,0.88,21.48,9.39,6.94,1.88,2.41,0.59,5.41
DCA,2023-05-14,11,28,22,28,21,96.43,92.86,100.0,3.71,16.11,4.72,6.61,2.52,4.23,0.67,0.05
DCA,2023-05-14,12,19,32,19,32,94.74,84.21,90.63,18.74,17.63,6.2,22.0,9.97,2.53,8.69,10.78
DCA,2023-05-14,13,28,26,26,26,88.46,65.38,88.46,2.42,25.42,13.47,13.04,2.5,3.04,2.0,6.38
DCA,2023-05-14,14,24,28,24,28,83.33,66.67,92.86,21.54,19.42,7.7,26.42,3.04,1.82,0.64,11.5
DCA,2023-05-14,15,31,23,31,22,90.32,70.97,95.45,6.03,21.68,9.85,13.39,2.64,5.38,0.73,2.86
DCA,2023-05-14,16,23,32,21,32,76.19,47.62,75.0,20.86,22.81,11.35,30.33,4.28,3.83,2.88,12.84
DCA,2023-05-14,17,33,21,33,23,84.85,54.55,95.65,8.76,22.61,10.82,17.52,1.78,4.36,1.74,2.96
DCA,2023-05-14,18,23,32,24,31,91.67,79.17,90.32,4.58,17.38,6.42,9.29,3.0,1.41,0.13,6.81
DCA,2023-05-14,19,24,27,23,27,78.26,78.26,85.19,15.04,17.26,5.63,18.26,5.37,0.65,4.37,6.44
DCA,2023-05-14,20,27,24,27,25,81.48,77.78,80.0,5.15,18.74,6.76,8.81,2.48,2.33,1.2,16.88
DCA,2023-05-14,21,4,36,5,36,100.0,100.0,75.0,0.8,17.8,6.18,4.6,2.22,1.84,1.69,15.17
DCA,2023-05-14,22,23,19,23,18,86.96,78.26,83.33,35.22,20.35,8.18,39.96,0.78,4.01,2.06,6.56
DCA,2023-05-14,23,0,9,0,9,0.0,0.0,66.67,0.0,0.0,0.0,0.0,1.33,1.73,0.0,86.78
DCA,2023-05-15,0,0,1,0,1,0.0,0.0,0.0,0.0,0.0,0.0,0.0,1.0,0.4,0.0,46.0
DCA,2023-05-15,1,0,0,0,0,0.0,0.0,0.0,0.0,0.0,0.0,0.0,0.0,0.0,0.0,0.0
DCA,2023-05-15,5,3,0,3,0,66.67,66.67,0.0,104.67,24.67,12.97,115.0,0.0,0.0,0.0,0.0
DCA,2023-05-15,6,32,6,32,6,96.88,87.5,83.33,1.94,16.16,5.02,5.69,1.0,8.75,5.0,67.33
DCA,2023-05-15,7,19,30,19,31,68.42,68.42,90.32,23.84,18.11,6.73,28.26,3.84,5.88,3.23,8.58
DCA,2023-05-15,8,40,11,40,11,92.5,55.0,81.82,3.45,29.43,17.55,17.02,0.55,8.77,2.09,4.91
DCA,2023-05-15,9,16,34,16,35,93.75,75.0,94.29,1.81,19.19,7.58,7.19,7.46,5.19,3.2,4.03
DCA,2023-05-15,10,35,17,36,18,88.89,52.78,83.33,10.72,28.06,15.98,23.72,2.78,3.92,1.72,6.33
DCA,2023-05-15,11,29,24,29,24,79.31,79.31,83.33,8.21,16.34,4.94,11.34,3.08,2.55,2.33,9.71
DCA,2023-05-15,12,18,32,19,33,84.21,78.95,93.94,10.74,16.47,5.39,14.84,2.79,2.08,0.76,2.33
DCA,2023-05-15,13,29,25,30,25,86.67,56.67,76.0,8.87,25.3,13.77,19.73,3.28,7.36,5.24,11.92
DCA,2023-05-15,14,24,27,24,27,66.67,54.17,55.56,20.58,19.88,8.19,27.17,16.41,7.34,14.0,28.22
DCA,2023-05-15,15,28,24,28,25,64.29,50.0,96.0,27.61,18.71,7.08,32.93,4.0,2.29,1.36,3.28
DCA,2023-05-15,16,23,30,24,32,79.17,54.17,68.75,10.33,19.46,8.05,16.79,4.34,4.94,2.22,22.31
DCA,2023-05-15,17,31,21,32,21,71.88,34.38,85.71,14.69,24.19,12.49,25.56,1.52,8.6,2.24,5.48
DCA,2023-05-15,18,24,31,24,31,70.83,62.5,83.87,10.04,17.92,6.61,15.46,4.29,2.28,1.06,9.29
DCA,2023-05-15,19,23,26,24,26,62.5,58.33,88.46,31.75,14.88,3.38,34.04,5.58,3.67,1.77,12.5
DCA,2023-05-15,20,27,23,27,23,81.48,74.07,73.91,34.96,21.33,9.25,41.33,3.65,1.72,1.91,20.35
DCA,2023-05-15,21,3,37,4,37,100.0,100.0,70.27,0.75,16.75,4.77,3.5,6.16,4.12,3.81,20.41
DCA,2023-05-15,22,23,19,23,19,78.26,65.22,78.95,7.22,20.43,8.4,12.7,3.21,7.48,4.79,10.58
DCA,2023-05-15,23,0,9,0,9,0.0,0.0,55.56,0.0,0.0,0.0,0.0,4.33,3.63,2.22,46.67
DCA,2023-05-16,0,0,1,0,1,0.0,0.0,0.0,0.0,0.0,0.0,0.0,0.0,3.4,0.0,88.0
DCA,2023-05-16,1,0,0,0,0,0.0,0.0,0.0,0.0,0.0,0.0,0.0,0.0,0.0,0.0,0.0
DCA,2023-05-16,2,0,0,0,0,0.0,0.0,0.0,0.0,0.0,0.0,0.0,0.0,0.0,0.0,0.0
DCA,2023-05-16,5,3,0,3,0,100.0,100.0,0.0,0.0,13.0,1.73,0.0,0.0,0.0,0.0,0.0
DCA,2023-05-16,6,32,6,32,6,96.88,93.75,66.67,24.78,15.13,4.21,26.88,3.67,3.47,3.17,28.83
DCA,2023-05-16,7,19,30,19,30,78.95,78.95,93.33,6.11,17.05,5.62,9.37,5.03,4.27,3.13,1.97
DCA,2023-05-16,8,40,11,42,15,95.24,64.29,86.67,1.95,27.29,15.39,13.48,2.87,7.25,6.6,5.47
DCA,2023-05-16,9,16,34,16,34,81.25,68.75,91.18,36.25,21.13,9.46,43.81,7.97,9.09,5.44,10.06
DCA,2023-05-16,10,35,17,35,17,85.71,51.43,88.24,5.51,27.09,15.2,18.43,2.18,5.48,4.12,3.18
DCA,2023-05-16,11,29,24,29,24,93.1,93.1,87.5,7.41,16.24,4.98,10.38,1.58,3.38,0.54,12.67
DCA,2023-05-16,12,18,32,18,33,88.89,88.89,87.88,14.44,15.33,3.96,16.67,4.03,2.73,0.09,4.73
DCA,2023-05-16,13,29,25,29,25,93.1,86.21,84.0,4.07,17.48,5.68,6.72,4.56,3.15,1.84,15.48
DCA,2023-05-16,14,24,27,24,27,79.17,70.83,100.0,16.42,18.13,6.54,20.46,5.22,1.87,0.48,0.22
DCA,2023-05-16,15,28,24,28,26,92.86,78.57,92.31,3.79,19.07,7.34,8.39,3.62,3.73,2.5,3.31
DCA,2023-05-16,16,23,30,25,31,92.0,72.0,90.32,3.2,19.28,7.88,8.48,5.03,4.61,2.77,5.39
DCA,2023-05-16,17,31,21,32,22,87.5,56.25,95.45,6.63,23.97,12.15,15.78,3.05,3.73,0.59,3.14
DCA,2023-05-16,18,24,31,24,31,87.5,58.33,90.32,13.08,27.29,15.86,25.63,3.13,2.67,1.1,2.32
DCA,2023-05-16,19,23,26,26,26,92.31,46.15,84.62,5.92,45.0,33.4,35.5,4.85,2.06,0.81,5.81
DCA,2023-05-16,20,27,23,28,24,89.29,10.71,87.5,29.79,43.68,31.56,56.43,3.79,6.63,3.92,3.5
DCA,2023-05-16,21,3,37,4,38,100.0,100.0,65.79,0.0,24.0,11.7,7.5,12.24,2.66,7.0,15.53
DCA,2023-05-16,22,23,19,23,19,78.26,73.91,78.95,10.52,20.39,8.23,15.91,6.53,2.37,8.32,13.42
DCA,2023-05-16,23,0,9,0,9,0.0,0.0,55.56,0.0,0.0,0.0,0.0,3.0,2.46,2.22,160.67
DCA,2023-05-17,0,0,1,1,1,100.0,100.0,0.0,0.0,15.0,2.7,3.0,0.0,0.4,0.0,63.0
DCA,2023-05-17,1,0,0,0,0,0.0,0.0,0.0,0.0,0.0,0.0,0.0,0.0,0.0,0.0,0.0
DCA,2023-05-17,5,3,0,3,0,66.67,33.33,0.0,147.33,21.33,9.63,157.0,0.0,0.0,0.0,0.0
DCA,2023-05-17,6,32,6,32,6,96.88,84.38,100.0,8.28,16.69,5.79,12.09,1.5,0.87,0.0,0.0
DCA,2023-05-17,7,19,30,19,30,94.74,89.47,96.67,0.95,19.26,7.8,5.21,4.93,2.03,1.97,0.83
DCA,2023-05-17,8,40,11,41,14,100.0,43.9,92.86,0.07,36.98,24.96,20.37,2.14,3.91,2.29,3.86
DCA,2023-05-17,9,16,34,16,35,100.0,62.5,94.29,0.63,27.63,15.81,12.0,10.43,5.59,4.6,8.89
DCA,2023-05-17,10,35,17,35,17,94.29,71.43,94.12,2.6,22.89,10.89,10.54,2.82,3.86,2.06,2.18
DCA,2023-05-17,11,29,24,29,24,93.1,86.21,91.67,4.41,17.24,5.73,7.59,3.96,1.52,1.13,5.92
DCA,2023-05-17,12,18,32,19,33,89.47,78.95,93.94,3.0,19.89,8.18,8.53,5.06,1.99,1.27,8.58
DCA,2023-05-17,13,29,25,29,25,89.66,75.86,96.0,8.69,20.41,8.54,13.69,3.48,1.81,1.2,8.8
DCA,2023-05-17,14,24,27,24,27,87.5,70.83,96.3,4.83,21.88,10.39,11.58,4.56,3.34,1.59,2.04
DCA,2023-05-17,15,28,24,28,24,71.43,60.71,91.67,16.68,22.25,10.49,24.25,2.75,2.45,0.63,3.08
DCA,2023-05-17,16,23,30,24,31,83.33,70.83,83.87,7.83,19.29,7.76,12.88,9.45,2.24,3.61,6.29
DCA,2023-05-17,17,31,21,31,22,83.87,74.19,95.45,7.03,21.9,10.18,14.71,1.64,4.97,1.91,1.41
DCA,2023-05-17,18,24,31,25,31,92.0,76.0,87.1,4.92,19.0,7.53,10.0,2.81,1.29,0.29,14.19
DCA,2023-05-17,19,23,26,24,26,79.17,75.0,84.62,11.79,16.13,4.63,15.33,1.62,2.02,1.38,41.85
DCA,2023-05-17,20,27,23,29,24,86.21,82.76,79.17,5.52,21.31,9.22,9.76,3.25,1.7,1.38,8.75
DCA,2023-05-17,21,3,37,4,37,100.0,100.0,78.38,0.0,14.25,2.85,1.75,7.97,1.76,2.73,10.49
DCA,2023-05-17,22,23,19,23,19,86.96,82.61,89.47,3.26,20.91,8.74,8.52,3.95,2.94,2.63,8.74
DCA,2023-05-17,23,0,9,0,9,0.0,0.0,88.89,0.0,0.0,0.0,0.0,1.56,0.94,0.0,3.22
DCA,2023-05-18,0,0,1,0,1,0.0,0.0,100.0,0.0,0.0,0.0,0.0,2.0,1.4,0.0,3.0
DCA,2023-05-18,5,3,0,3,0,100.0,100.0,0.0,0.0,17.67,5.97,0.33,0.0,0.0,0.0,0.0
DCA,2023-05-18,6,32,6,32,6,96.88,78.13,100.0,1.09,19.44,8.17,6.97,0.5,3.8,0.0,0.0
DCA,2023-05-18,7,19,30,19,30,100.0,84.21,100.0,0.42,21.58,9.92,6.47,3.27,2.34,0.77,0.43
DCA,2023-05-18,8,40,11,41,12,87.8,58.54,91.67,9.66,27.51,15.69,21.73,1.25,6.18,0.92,4.17
DCA,2023-05-18,9,16,34,16,35,87.5,68.75,68.57,19.25,24.63,12.83,28.63,8.03,16.53,13.66,11.06
DCA,2023-05-18,10,35,17,35,17,77.14,51.43,94.12,13.43,24.23,12.17,23.77,0.94,6.01,2.41,3.53
DCA,2023-05-18,11,29,24,30,24,90.0,83.33,91.67,3.13,17.3,5.66,6.3,1.33,3.68,1.21,3.04
DCA,2023-05-18,12,18,32,18,33,83.33,77.78,90.91,7.17,15.56,4.17,9.67,2.73,1.21,0.55,5.12
DCA,2023-05-18,13,29,25,29,26,82.76,68.97,76.92,9.07,17.86,6.21,13.03,3.54,4.3,2.96,16.54
DCA,2023-05-18,14,24,26,24,27,87.5,70.83,85.19,10.79,17.21,5.75,15.08,5.56,3.62,2.56,17.74
DCA,2023-05-18,15,28,25,29,26,75.86,65.52,73.08,17.14,18.07,6.37,21.34,5.46,3.43,5.92,13.5
DCA,2023-05-18,16,23,30,24,31,70.83,54.17,61.29,11.67,23.08,11.55,21.5,15.55,2.54,9.42,10.42
DCA,2023-05-18,17,31,21,34,21,67.65,52.94,76.19,11.26,21.76,9.98,19.97,6.1,4.67,5.29,11.19
DCA,2023-05-18,18,24,31,25,31,56.0,52.0,83.87,19.04,16.8,5.5,23.64,4.87,3.71,1.74,12.13
DCA,2023-05-18,19,23,26,25,26,80.0,60.0,80.77,9.48,19.04,7.4,15.16,5.27,6.35,5.88,13.15
DCA,2023-05-18,20,27,23,28,24,89.29,71.43,83.33,7.86,19.75,7.81,13.68,4.75,3.44,3.21,7.88
DCA,2023-05-18,21,3,37,3,38,66.67,66.67,60.53,6.0,15.0,3.47,9.67,13.58,3.38,8.32,34.5
DCA,2023-05-18,22,23,19,23,19,78.26,73.91,68.42,37.04,20.35,8.19,41.43,1.58,4.26,2.32,9.63
DCA,2023-05-18,23,0,9,1,9,100.0,100.0,88.89,0.0,8.0,0.0,0.0,4.22,1.82,0.11,81.11
DCA,2023-05-19,0,0,1,0,1,0.0,0.0,100.0,0.0,0.0,0.0,0.0,1.0,2.4,0.0,0.0
DCA,2023-05-19,1,0,0,0,0,0.0,0.0,0.0,0.0,0.0,0.0,0.0,0.0,0.0,0.0,0.0
DCA,2023-05-19,5,3,0,3,0,100.0,100.0,0.0,0.67,14.67,3.1,1.0,0.0,0.0,0.0,0.0
DCA,2023-05-19,6,32,6,32,6,87.5,65.63,100.0,15.91,17.38,6.58,21.31,0.83,6.75,1.5,0.0
DCA,2023-05-19,7,19,30,19,30,94.74,84.21,93.33,2.84,18.47,6.95,6.58,5.53,3.61,1.0,9.13
DCA,2023-05-19,8,40,11,40,11,97.5,60.0,81.82,1.75,26.85,14.96,13.08,1.64,5.24,1.09,8.0
DCA,2023-05-19,9,16,34,16,35,75.0,50.0,82.86,17.75,24.63,12.79,28.81,25.74,11.06,22.71,35.77
DCA,2023-05-19,10,35,17,35,18,85.71,42.86,88.89,13.94,30.11,17.97,30.0,4.5,2.73,3.33,4.72
DCA,2023-05-19,11,29,24,29,24,96.55,79.31,95.83,2.72,18.97,7.59,7.72,6.08,3.0,1.58,1.67
DCA,2023-05-19,12,18,32,18,32,94.44,83.33,90.63,5.44,17.17,5.59,9.22,3.28,2.16,0.66,6.69
DCA,2023-05-19,13,29,25,30,25,90.0,93.33,96.0,5.93,18.9,6.99,9.33,3.12,2.78,0.48,1.36
DCA,2023-05-19,14,24,27,25,27,88.0,84.0,81.48,8.8,17.6,5.96,12.12,4.3,4.24,2.78,12.11
DCA,2023-05-19,15,28,24,28,24,78.57,67.86,87.5,10.11,15.46,4.0,12.82,3.13,3.6,0.92,6.92
DCA,2023-05-19,16,23,30,25,30,80.0,72.0,80.0,8.24,17.48,6.17,12.8,7.73,3.76,3.23,9.1
DCA,2023-05-19,17,31,21,31,21,77.42,64.52,95.24,15.61,18.42,6.77,20.13,4.14,4.93,0.52,1.33
DCA,2023-05-19,18,24,31,24,31,79.17,75.0,77.42,10.88,15.54,4.17,13.08,4.84,2.15,1.61,8.68
DCA,2023-05-19,19,23,26,23,26,91.3,82.61,69.23,5.22,18.17,6.7,10.04,9.15,7.19,10.38,23.54
DCA,2023-05-19,20,27,23,28,23,67.86,64.29,60.87,17.61,16.75,4.93,20.89,4.78,3.39,7.17,37.17
DCA,2023-05-19,21,3,37,3,37,66.67,66.67,62.16,7.33,12.33,1.23,6.33,8.62,1.62,7.3,12.97
DCA,2023-05-19,22,23,19,22,19,63.64,59.09,63.16,37.05,15.23,3.67,39.0,6.47,1.42,3.21,14.58
DCA,2023-05-19,23,0,9,1,9,100.0,100.0,66.67,0.0,11.0,0.0,0.0,5.67,2.2,3.22,18.11
DCA,2023-05-20,0,0,1,0,0,0.0,0.0,0.0,0.0,0.0,0.0,0.0,0.0,0.0,0.0,0.0
DCA,2023-05-20,5,4,0,4,0,100.0,100.0,0.0,0.0,14.0,2.38,0.5,0.0,0.0,0.0,0.0
DCA,2023-05-20,6,24,1,24,1,83.33,66.67,100.0,10.88,18.5,7.65,15.58,1.0,0.3,0.0,0.0
DCA,2023-05-20,7,18,24,17,25,88.24,82.35,96.0,3.35,16.59,5.38,5.76,3.52,1.37,0.36,9.32
DCA,2023-05-20,8,35,10,34,11,91.18,55.88,100.0,4.85,27.15,15.15,16.5,1.55,3.69,1.82,1.64
DCA,2023-05-20,9,16,29,15,30,80.0,73.33,86.67,19.07,21.07,8.97,25.67,3.13,3.86,3.53,12.27
DCA,2023-05-20,10,33,12,32,13,84.38,78.13,84.62,19.81,20.53,8.63,26.09,5.08,3.92,3.38,8.62
DCA,2023-05-20,11,21,18,21,17,85.71,85.71,88.24,3.57,13.57,2.1,4.38,1.82,2.85,1.53,2.35
DCA,2023-05-20,12,13,25,13,25,84.62,76.92,96.0,4.85,18.69,7.51,10.54,2.48,1.02,0.0,17.32
DCA,2023-05-20,13,22,21,22,22,90.91,72.73,86.36,10.0,19.73,8.01,15.27,4.95,2.43,0.95,5.59
DCA,2023-05-20,14,18,28,17,27,82.35,64.71,88.89,15.12,22.71,11.21,23.76,2.59,2.2,0.22,11.22
DCA,2023-05-20,15,25,16,25,16,96.0,92.0,93.75,2.12,18.96,7.31,6.2,2.56,2.02,0.25,2.13
DCA,2023-05-20,16,14,27,14,27,78.57,71.43,88.89,7.57,18.07,6.71,12.57,1.37,2.23,0.41,9.56
DCA,2023-05-20,17,28,15,29,15,82.76,82.76,80.0,11.62,16.69,5.27,14.59,1.73,1.95,1.53,12.47
DCA,2023-05-20,18,16,15,17,15,82.35,76.47,80.0,11.94,18.18,6.15,15.0,1.53,1.84,0.33,12.87
DCA,2023-05-20,19,14,21,15,21,80.0,66.67,85.71,14.93,17.0,5.64,18.0,3.0,2.1,0.0,5.9
DCA,2023-05-20,20,13,13,14,13,71.43,71.43,84.62,13.5,20.43,8.64,18.21,1.31,1.12,0.0,11.0
DCA,2023-05-20,21,3,20,3,20,66.67,66.67,85.0,22.67,16.33,4.63,24.0,1.35,3.45,1.35,7.05
DCA,2023-05-20,22,0,14,0,14,0.0,0.0,85.71,0.0,0.0,0.0,0.0,0.64,1.06,0.36,65.0
DCA,2023-05-20,23,0,7,0,7,0.0,0.0,100.0,0.0,0.0,0.0,0.0,2.29,0.43,0.14,0.0
DCA,2023-05-21,0,0,1,0,1,0.0,0.0,0.0,0.0,0.0,0.0,0.0,1.0,5.4,0.0,243.0
DCA,2023-05-21,4,0,0,0,0,0.0,0.0,0.0,0.0,0.0,0.0,0.0,0.0,0.0,0.0,0.0
DCA,2023-05-21,5,3,0,3,0,66.67,66.67,0.0,9.67,13.67,2.43,9.33,0.0,0.0,0.0,0.0
DCA,2023-05-21,6,22,0,22,0,81.82,81.82,0.0,52.41,14.5,3.85,55.41,0.0,0.0,0.0,0.0
DCA,2023-05-21,7,17,17,17,16,94.12,94.12,93.75,3.24,15.18,3.78,5.65,4.06,0.71,0.13,7.13
DCA,2023-05-21,8,32,11,32,11,87.5,71.88,90.91,28.78,22.22,10.37,35.69,1.82,3.17,1.45,8.0
DCA,2023-05-21,9,15,32,15,32,80.0,66.67,100.0,9.0,17.2,5.73,13.93,5.72,2.27,0.84,0.38
DCA,2023-05-21,10,33,17,34,16,97.06,85.29,93.75,0.91,23.24,11.15,7.74,1.38,3.14,0.0,4.63
DCA,2023-05-21,11,28,21,27,21,92.59,88.89,90.48,6.15,17.96,6.63,9.41,1.48,1.37,0.1,3.19
DCA,2023-05-21,12,18,32,18,32,88.89,72.22,90.63,5.39,19.44,7.75,12.06,3.5,2.04,0.84,8.94
DCA,2023-05-21,13,28,26,28,27,75.0,60.71,96.3,18.86,21.11,9.17,26.14,2.37,6.15,1.81,2.41
DCA,2023-05-21,14,24,27,25,28,88.0,76.0,85.71,5.28,18.04,6.55,10.24,7.43,4.95,6.39,15.64
DCA,2023-05-21,15,30,22,30,22,86.67,70.0,95.45,5.97,20.97,9.26,12.83,2.27,2.58,0.23,2.91
DCA,2023-05-21,16,22,31,22,31,77.27,72.73,93.55,25.27,16.05,4.6,28.0,8.23,2.27,1.74,2.48
DCA,2023-05-21,17,32,20,32,20,93.75,78.13,95.0,4.31,19.34,7.63,10.19,1.95,2.98,0.85,2.3
DCA,2023-05-21,18,23,32,23,34,82.61,69.57,79.41,9.39,16.78,5.57,13.22,6.12,1.68,3.21,13.26
DCA,2023-05-21,19,23,26,23,26,82.61,73.91,73.08,17.35,16.22,4.83,20.91,4.35,2.03,0.38,80.08
DCA,2023-05-21,20,26,24,26,24,88.46,88.46,70.83,13.23,18.23,6.13,16.92,2.5,1.15,0.17,42.83
DCA,2023-05-21,21,4,36,4,36,75.0,75.0,83.33,22.0,11.5,0.7,22.0,6.39,1.5,2.03,12.14
DCA,2023-05-21,22,23,19,23,20,86.96,69.57,90.0,31.61,23.22,11.03,38.3,2.2,3.66,1.95,4.55
DCA,2023-05-21,23,0,9,1,9,100.0,100.0,88.89,0.0,5.0,0.0,0.0,2.33,1.07,0.0,1.78
DCA,2023-05-22,0,0,1,0,1,0.0,0.0,0.0,0.0,0.0,0.0,0.0,0.0,1.4,0.0,29.0
DCA,2023-05-22,5,3,0,3,0,100.0,100.0,0.0,0.0,14.67,2.97,0.0,0.0,0.0,0.0,0.0
DCA,2023-05-22,6,32,6,32,6,90.63,90.63,100.0,3.88,14.44,3.66,5.56,0.67,0.7,0.33,0.0
DCA,2023-05-22,7,19,30,19,30,94.74,94.74,90.0,2.53,18.53,7.19,7.89,3.43,4.73,1.03,21.7
DCA,2023-05-22,8,40,11,40,12,90.0,37.5,100.0,16.5,36.4,24.36,37.03,0.33,9.18,2.75,1.08
DCA,2023-05-22,9,16,34,16,34,81.25,50.0,91.18,11.81,26.06,14.22,23.38,8.32,4.89,2.29,4.82
DCA,2023-05-22,10,35,17,35,17,85.71,45.71,100.0,5.6,30.31,18.26,21.71,2.12,4.44,1.71,0.82
DCA,2023-05-22,11,29,24,29,25,93.1,86.21,92.0,21.97,18.48,7.04,25.93,3.6,1.67,0.88,18.76
DCA,2023-05-22,12,18,32,19,34,73.68,68.42,82.35,18.84,16.11,4.62,21.47,2.88,3.01,1.47,8.41
DCA,2023-05-22,13,29,25,30,25,80.0,50.0,88.0,9.37,23.6,11.92,19.03,2.92,4.18,1.8,16.92
DCA,2023-05-22,14,24,27,25,27,92.0,76.0,85.19,9.24,22.48,10.84,17.28,2.74,6.77,3.41,8.7
DCA,2023-05-22,15,28,24,29,25,75.86,68.97,80.0,13.62,20.34,8.61,20.1,2.8,3.04,1.4,12.08
DCA,2023-05-22,16,23,30,24,30,91.67,75.0,83.33,7.08,19.29,7.85,13.5,3.47,3.35,1.1,16.27
DCA,2023-05-22,17,31,21,32,21,65.63,40.63,76.19,26.72,23.47,11.63,36.25,2.43,5.24,0.62,32.38
DCA,2023-05-22,18,24,31,24,30,70.83,41.67,86.67,27.38,23.04,11.61,36.25,2.83,2.71,1.4,7.77
DCA,2023-05-22,19,23,26,23,26,82.61,78.26,80.77,12.91,17.57,5.97,17.0,3.85,4.64,1.77,5.81
DCA,2023-05-22,20,27,23,27,23,77.78,66.67,69.57,10.78,21.52,9.46,16.48,4.35,3.37,5.0,22.43
DCA,2023-05-22,21,3,37,3,37,100.0,100.0,78.38,0.0,19.0,6.7,0.67,7.65,5.01,4.38,20.27
DCA,2023-05-22,22,23,19,23,20,86.96,73.91,80.0,4.65,21.91,9.83,10.48,4.0,4.36,4.0,7.85
DCA,2023-05-22,23,0,9,0,9,0.0,0.0,88.89,0.0,0.0,0.0,0.0,6.44,2.42,0.11,5.33
DCA,2023-05-23,0,0,1,0,1,0.0,0.0,0.0,0.0,0.0,0.0,0.0,3.0,2.4,0.0,16.0
DCA,2023-05-23,5,3,0,3,0,100.0,100.0,0.0,0.0,17.67,5.97,2.33,0.0,0.0,0.0,0.0
DCA,2023-05-23,6,32,6,33,6,84.85,78.79,100.0,10.67,17.82,6.7,15.18,0.5,2.42,1.5,0.17
DCA,2023-05-23,7,19,30,19,30,100.0,84.21,90.0,0.21,20.21,8.76,4.79,4.97,5.02,3.17,2.53
DCA,2023-05-23,8,40,11,42,13,92.86,42.86,92.31,5.57,31.93,20.0,21.81,0.62,4.28,1.38,3.08
DCA,2023-05-23,9,16,34,16,35,87.5,50.0,88.57,7.88,27.5,15.89,20.19,8.57,6.2,2.49,5.29
DCA,2023-05-23,10,35,17,35,18,91.43,68.57,94.44,5.23,26.0,13.94,15.34,2.17,4.8,1.61,2.17
DCA,2023-05-23,11,29,24,29,24,96.55,96.55,91.67,4.24,16.45,5.08,6.76,1.63,3.08,1.0,10.42
DCA,2023-05-23,12,18,32,18,32,88.89,77.78,96.88,12.17,18.28,6.7,16.11,2.91,1.71,0.44,1.5
DCA,2023-05-23,13,29,25,31,25,77.42,77.42,88.0,19.39,21.26,9.33,24.84,2.36,4.09,2.24,6.52
DCA,2023-05-23,14,24,27,25,27,88.0,56.0,77.78,6.16,24.68,13.08,17.0,3.63,3.11,1.78,43.63
DCA,2023-05-23,15,28,24,28,24,71.43,35.71,83.33,13.29,25.18,13.45,23.64,2.79,7.19,4.29,12.25
DCA,2023-05-23,16,23,30,24,31,79.17,66.67,93.55,20.25,18.75,7.32,25.58,5.68,5.93,3.74,3.35
DCA,2023-05-23,17,31,21,31,21,80.65,70.97,71.43,14.1,19.23,7.46,18.74,2.38,3.12,0.71,10.29
DCA,2023-05-23,18,24,31,24,31,75.0,62.5,80.65,14.46,17.42,6.07,18.58,4.23,2.21,1.06,9.19
DCA,2023-05-23,19,23,26,24,26,87.5,83.33,92.31,6.38,17.46,5.82,9.67,6.04,3.9,2.85,2.85
DCA,2023-05-23,20,27,23,28,23,82.14,75.0,65.22,7.96,20.36,8.24,12.18,4.96,2.05,2.09,22.22
DCA,2023-05-23,21,3,37,3,37,100.0,100.0,81.08,0.0,15.33,3.03,0.0,8.03,1.83,4.24,12.86
DCA,2023-05-23,22,23,19,23,19,91.3,73.91,84.21,4.13,22.43,10.35,9.83,3.16,4.54,3.05,7.89
DCA,2023-05-23,23,0,9,0,9,0.0,0.0,88.89,0.0,0.0,0.0,0.0,2.78,1.3,1.22,7.67
DCA,2023-05-24,0,0,1,0,1,0.0,0.0,0.0,0.0,0.0,0.0,0.0,0.0,1.4,0.0,30.0
DCA,2023-05-24,2,0,0,0,0,0.0,0.0,0.0,0.0,0.0,0.0,0.0,0.0,0.0,0.0,0.0
DCA,2023-05-24,5,3,0,3,0,100.0,100.0,0.0,3.0,14.33,2.63,4.0,0.0,0.0,0.0,0.0
DCA,2023-05-24,6,32,6,32,6,100.0,75.0,100.0,0.41,21.38,10.29,8.06,0.5,2.37,0.5,2.0
DCA,2023-05-24,7,19,30,20,31,85.0,70.0,100.0,8.65,25.25,13.58,20.75,5.65,5.15,1.74,0.39
DCA,2023-05-24,8,40,11,41,13,95.12,51.22,92.31,3.54,33.41,21.47,20.12,1.08,8.27,4.46,1.85
DCA,2023-05-24,9,16,34,16,34,93.75,62.5,79.41,3.06,29.63,17.79,16.06,12.62,6.94,8.47,6.18
DCA,2023-05-24,10,35,17,34,18,85.29,67.65,83.33,7.94,20.26,8.19,14.06,1.61,2.18,0.39,7.89
DCA,2023-05-24,11,29,24,29,24,86.21,79.31,91.67,5.28,16.69,5.36,8.55,3.17,2.18,0.96,2.25
DCA,2023-05-24,12,18,32,18,32,94.44,83.33,96.88,1.22,19.39,7.69,4.83,2.56,1.13,0.78,2.06
DCA,2023-05-24,13,29,25,30,25,90.0,76.67,92.0,4.13,21.63,9.58,10.17,2.4,8.12,4.88,4.84
DCA,2023-05-24,14,24,27,24,27,83.33,66.67,85.19,5.92,20.04,8.43,12.38,2.33,5.28,2.89,3.7
DCA,2023-05-24,15,28,24,29,24,79.31,55.17,87.5,7.52,23.0,11.2,16.38,2.5,3.11,3.25,5.46
DCA,2023-05-24,16,23,30,24,31,87.5,66.67,80.65,6.33,18.04,6.6,10.92,2.26,3.47,4.06,11.19
DCA,2023-05-24,17,31,21,31,21,74.19,48.39,95.24,11.0,24.16,12.34,20.97,1.29,3.87,6.33,5.29
DCA,2023-05-24,18,24,31,24,30,75.0,58.33,76.67,9.79,24.04,12.61,20.67,4.33,1.07,2.4,10.53
DCA,2023-05-24,19,23,26,25,26,68.0,60.0,84.62,17.44,17.72,6.46,22.96,4.15,1.17,4.73,6.92
DCA,2023-05-24,20,27,23,27,23,85.19,70.37,52.17,15.7,26.52,14.41,25.74,5.78,2.67,6.52,25.09
DCA,2023-05-24,21,3,37,3,38,66.67,33.33,76.32,17.67,25.33,13.03,30.0,5.42,3.45,4.55,8.13
DCA,2023-05-24,22,23,19,23,19,91.3,78.26,68.42,1.65,24.22,12.15,9.09,24.37,3.63,25.53,45.47
DCA,2023-05-24,23,0,9,0,9,0.0,0.0,77.78,0.0,0.0,0.0,0.0,2.78,2.0,0.78,29.67
DCA,2023-05-25,0,0,1,0,1,0.0,0.0,0.0,0.0,0.0,0.0,0.0,2.0,0.4,0.0,74.0
DCA,2023-05-25,1,0,0,0,0,0.0,0.0,0.0,0.0,0.0,0.0,0.0,0.0,0.0,0.0,0.0
DCA,2023-05-25,2,0,0,0,0,0.0,0.0,0.0,0.0,0.0,0.0,0.0,0.0,0.0,0.0,0.0
DCA,2023-05-25,5,3,0,3,0,100.0,66.67,0.0,0.0,21.67,9.97,7.67,0.0,0.0,0.0,0.0
DCA,2023-05-25,6,32,6,32,7,100.0,81.25,100.0,0.63,17.69,6.88,5.75,2.14,1.74,1.43,0.57
DCA,2023-05-25,7,19,30,19,30,89.47,73.68,96.67,7.74,21.53,9.87,13.42,4.97,6.28,2.2,1.33
DCA,2023-05-25,8,40,11,42,14,95.24,35.71,92.86,3.48,38.5,26.45,24.81,1.57,7.42,3.57,4.71
DCA,2023-05-25,9,16,34,17,34,100.0,58.82,91.18,1.18,26.59,14.98,12.94,10.91,4.57,4.35,17.85
DCA,2023-05-25,10,35,17,35,18,91.43,62.86,83.33,3.74,25.63,13.59,13.94,2.67,4.97,2.06,6.94
DCA,2023-05-25,11,28,24,28,25,89.29,85.71,92.0,7.07,19.43,8.11,13.0,1.76,1.21,0.08,5.72
DCA,2023-05-25,12,17,31,17,32,82.35,70.59,93.75,47.88,16.88,5.57,50.24,3.5,1.15,0.38,4.44
DCA,2023-05-25,13,29,24,30,25,90.0,90.0,88.0,4.67,19.27,7.62,9.23,2.84,4.95,4.08,14.88
DCA,2023-05-25,14,24,27,27,27,88.89,62.96,81.48,3.52,22.78,11.15,12.44,4.52,3.81,4.15,5.44
DCA,2023-05-25,15,28,24,30,23,83.33,70.0,91.3,8.33,21.63,9.88,15.7,2.83,2.12,0.13,5.52
DCA,2023-05-25,16,24,29,24,30,83.33,79.17,86.67,5.5,17.83,6.49,10.46,3.37,2.53,2.9,7.63
DCA,2023-05-25,17,30,22,30,21,73.33,70.0,85.71,28.73,19.1,7.45,33.63,2.9,3.25,1.62,12.0
DCA,2023-05-25,18,24,31,23,32,73.91,65.22,81.25,16.04,16.91,5.95,20.7,1.88,2.33,2.19,23.41
DCA,2023-05-25,19,23,26,24,26,75.0,75.0,92.31,10.46,16.88,5.39,13.58,6.19,1.16,2.35,6.58
DCA,2023-05-25,20,27,23,27,23,88.89,74.07,73.91,4.52,25.56,13.48,13.37,1.96,3.02,2.61,14.61
DCA,2023-05-25,21,3,37,3,37,100.0,100.0,86.49,0.0,16.33,4.13,0.0,5.86,1.84,4.46,7.95
DCA,2023-05-25,22,23,19,23,19,91.3,91.3,89.47,4.26,19.26,7.22,7.3,1.05,3.34,1.32,3.63
DCA,2023-05-25,23,0,9,0,8,0.0,0.0,75.0,0.0,0.0,0.0,0.0,5.5,5.66,4.5,15.38
DCA,2023-05-26,0,0,1,0,1,0.0,0.0,100.0,0.0,0.0,0.0,0.0,5.0,0.0,0.0,0.0
DCA,2023-05-26,4,0,0,0,0,0.0,0.0,0.0,0.0,0.0,0.0,0.0,0.0,0.0,0.0,0.0
DCA,2023-05-26,5,3,0,3,0,100.0,100.0,0.0,0.0,14.67,2.97,0.33,0.0,0.0,0.0,0.0
DCA,2023-05-26,6,32,6,32,6,93.75,93.75,100.0,37.91,15.56,4.41,39.81,0.17,2.2,1.0,0.0
DCA,2023-05-26,7,19,30,19,31,100.0,94.74,96.77,0.05,17.53,5.99,3.32,4.61,3.32,1.65,0.74
DCA,2023-05-26,8,40,11,40,11,87.5,67.5,90.91,8.55,23.88,11.89,16.9,0.55,7.47,1.55,7.91
DCA,2023-05-26,9,16,34,16,34,87.5,50.0,82.35,6.38,21.06,9.26,13.5,6.62,7.74,5.71,14.59
DCA,2023-05-26,10,35,17,35,17,82.86,60.0,82.35,6.6,20.91,8.94,13.31,1.94,6.31,2.71,11.59
DCA,2023-05-26,11,28,24,28,24,85.71,82.14,95.83,7.07,15.32,3.96,9.46,3.5,0.98,1.5,3.38
DCA,2023-05-26,12,17,32,18,32,88.89,83.33,87.5,6.28,17.11,5.72,9.67,3.5,2.38,1.75,4.13
DCA,2023-05-26,13,30,24,30,24,90.0,83.33,87.5,4.13,22.7,10.78,11.97,1.46,2.28,1.21,5.21
DCA,2023-05-26,14,24,27,24,27,83.33,79.17,88.89,8.5,20.29,8.9,14.08,2.37,1.87,0.3,8.07
DCA,2023-05-26,15,28,24,27,24,96.3,92.59,87.5,1.63,18.81,6.96,4.81,2.0,2.14,1.21,7.75
DCA,2023-05-26,16,24,29,24,29,70.83,62.5,75.86,13.13,16.96,5.43,17.08,3.83,1.1,2.59,13.62
DCA,2023-05-26,17,30,22,30,22,90.0,73.33,86.36,5.73,17.37,5.66,9.87,1.45,1.55,1.45,4.59
DCA,2023-05-26,18,24,31,24,31,62.5,62.5,77.42,20.54,17.13,6.07,24.75,5.81,1.07,2.61,14.23
DCA,2023-05-26,19,23,26,23,26,65.22,52.17,84.62,14.48,21.04,9.62,22.48,8.54,3.53,3.58,8.73
DCA,2023-05-26,20,27,23,28,23,89.29,82.14,86.96,6.39,20.29,8.25,11.21,3.04,3.74,3.48,8.3
DCA,2023-05-26,21,3,37,3,37,100.0,66.67,81.08,0.0,21.33,9.13,5.67,5.46,4.06,5.73,33.7
DCA,2023-05-26,22,23,19,24,19,87.5,70.83,63.16,8.88,20.71,8.9,14.29,1.47,5.23,6.05,12.26
DCA,2023-05-26,23,0,9,0,10,0.0,0.0,60.0,0.0,0.0,0.0,0.0,6.1,3.51,3.3,17.4
DCA,2023-05-27,0,0,1,0,1,0.0,0.0,100.0,0.0,0.0,0.0,0.0,4.0,2.4,0.0,0.0
DCA,2023-05-27,5,4,0,4,0,100.0,100.0,0.0,0.0,13.75,2.22,0.0,0.0,0.0,0.0,0.0
DCA,2023-05-27,6,24,1,24,2,95.83,83.33,100.0,0.75,18.0,7.03,5.58,2.5,1.3,0.0,0.0
DCA,2023-05-27,7,18,24,18,24,100.0,72.22,100.0,1.06,21.0,9.44,7.61,6.04,1.62,0.5,0.21
DCA,2023-05-27,8,35,10,35,10,91.43,65.71,100.0,9.26,24.23,12.2,17.63,0.0,5.31,0.2,0.0
DCA,2023-05-27,9,16,29,16,30,100.0,87.5,93.33,0.0,21.75,10.0,6.31,4.67,1.57,2.33,3.67
DCA,2023-05-27,10,33,12,34,12,97.06,70.59,91.67,3.06,22.24,10.45,10.29,2.83,2.35,2.25,3.0
DCA,2023-05-27,11,20,18,20,18,80.0,80.0,88.89,15.4,15.45,4.39,18.2,0.89,2.22,0.0,2.0
DCA,2023-05-27,12,13,26,13,27,100.0,76.92,92.59,3.15,18.46,7.24,6.92,2.0,2.51,1.56,2.19
DCA,2023-05-27,13,23,20,24,20,83.33,79.17,95.0,4.71,18.58,6.73,9.42,1.95,2.79,0.35,8.0
DCA,2023-05-27,14,18,28,18,29,88.89,77.78,93.1,8.5,18.28,6.84,12.22,5.03,2.01,2.34,4.0
DCA,2023-05-27,15,25,16,25,17,100.0,84.0,82.35,1.28,21.16,9.37,6.32,3.41,2.09,1.65,8.35
DCA,2023-05-27,16,15,26,15,26,73.33,73.33,92.31,7.93,15.53,4.2,10.27,1.12,1.4,0.88,3.46
DCA,2023-05-27,17,27,16,27,17,92.59,85.19,94.12,3.22,18.11,6.57,6.41,1.88,2.67,2.06,2.24
DCA,2023-05-27,18,16,14,17,15,82.35,70.59,80.0,9.24,17.24,5.57,11.53,0.4,2.98,0.0,6.13
DCA,2023-05-27,19,13,21,14,21,100.0,100.0,95.24,0.0,13.64,2.6,0.86,1.33,1.38,0.57,1.0
DCA,2023-05-27,20,13,13,13,13,92.31,92.31,84.62,12.77,14.15,2.51,13.0,1.15,1.12,2.0,4.62
DCA,2023-05-27,21,3,20,3,20,100.0,100.0,85.0,0.0,15.67,3.97,0.0,0.2,1.92,2.7,23.7
DCA,2023-05-27,22,0,14,0,14,0.0,0.0,92.86,0.0,0.0,0.0,0.0,0.64,0.91,0.71,11.29
DCA,2023-05-27,23,0,7,0,7,0.0,0.0,100.0,0.0,0.0,0.0,0.0,0.14,0.37,0.0,0.0
DCA,2023-05-28,0,0,1,0,1,0.0,0.0,100.0,0.0,0.0,0.0,0.0,0.0,0.0,0.0,0.0
DCA,2023-05-28,2,0,0,0,0,0.0,0.0,0.0,0.0,0.0,0.0,0.0,0.0,0.0,0.0,0.0
DCA,2023-05-28,5,3,0,3,0,66.67,66.67,0.0,5.67,12.67,1.1,6.67,0.0,0.0,0.0,0.0
DCA,2023-05-28,6,21,0,21,0,100.0,100.0,0.0,0.0,13.71,3.19,0.9,0.0,0.0,0.0,0.0
DCA,2023-05-28,7,16,15,16,15,100.0,100.0,93.33,0.0,18.25,6.96,2.56,2.67,1.56,2.27,2.93
DCA,2023-05-28,8,32,10,32,10,87.5,71.88,90.0,11.13,23.72,11.9,18.22,0.0,7.59,2.1,2.2
DCA,2023-05-28,9,14,32,14,32,92.86,85.71,93.75,2.36,19.29,7.6,5.71,4.44,2.02,2.69,1.28
DCA,2023-05-28,10,32,16,32,16,96.88,87.5,87.5,4.16,21.0,8.91,8.06,2.0,0.73,0.0,4.75
DCA,2023-05-28,11,27,21,27,21,100.0,96.3,95.24,0.93,15.04,4.01,2.0,3.1,0.91,0.86,3.0
DCA,2023-05-28,12,17,32,17,31,94.12,94.12,93.55,2.82,18.65,7.08,7.29,6.84,1.61,4.77,4.94
DCA,2023-05-28,13,28,26,27,26,74.07,70.37,88.46,22.0,18.74,6.7,26.04,4.65,2.68,2.42,24.08
DCA,2023-05-28,14,24,27,24,27,95.83,87.5,100.0,1.54,20.21,8.64,6.17,3.22,5.4,2.7,1.26
DCA,2023-05-28,15,31,21,31,21,93.55,58.06,90.48,16.1,26.32,14.69,27.23,2.24,2.04,2.76,2.9
DCA,2023-05-28,16,23,30,23,29,91.3,91.3,100.0,3.0,17.7,6.34,6.3,3.55,2.48,1.79,0.59
DCA,2023-05-28,17,31,21,31,21,90.32,74.19,90.48,4.03,18.55,6.81,9.0,1.19,4.52,1.52,2.43
DCA,2023-05-28,18,23,32,23,31,95.65,73.91,90.32,2.3,20.43,9.19,8.74,3.94,1.9,1.13,10.26
DCA,2023-05-28,19,23,26,22,26,100.0,90.91,88.46,0.41,18.82,7.61,4.59,5.23,1.43,2.12,10.08
DCA,2023-05-28,20,26,23,26,24,80.77,76.92,83.33,20.69,19.38,7.17,23.42,2.88,2.21,2.13,14.38
DCA,2023-05-28,21,4,37,4,36,100.0,100.0,86.11,0.0,13.75,2.63,0.0,10.17,1.44,5.75,7.78
DCA,2023-05-28,22,23,19,23,19,95.65,82.61,94.74,6.65,21.17,8.99,11.65,3.26,3.99,1.95,2.32
DCA,2023-05-28,23,0,9,0,9,0.0,0.0,88.89,0.0,0.0,0.0,0.0,2.11,0.51,0.78,8.33
DCA,2023-05-29,0,0,1,0,1,0.0,0.0,100.0,0.0,0.0,0.0,0.0,5.0,0.0,0.0,0.0
DCA,2023-05-29,1,0,0,0,0,0.0,0.0,0.0,0.0,0.0,0.0,0.0,0.0,0.0,0.0,0.0
DCA,2023-05-29,5,3,0,3,0,66.67,66.67,0.0,9.33,20.0,8.3,14.33,0.0,0.0,0.0,0.0
DCA,2023-05-29,6,31,6,31,5,100.0,90.32,100.0,0.16,19.19,7.99,5.26,0.2,1.64,0.0,0.0
DCA,2023-05-29,7,19,29,19,30,89.47,78.95,93.33,25.21,20.74,9.55,31.37,3.2,1.65,1.43,5.3
DCA,2023-05-29,8,40,11,40,11,95.0,62.5,100.0,3.63,30.52,18.54,16.73,0.64,7.35,1.45,0.45
DCA,2023-05-29,9,16,34,16,36,100.0,81.25,83.33,0.25,22.13,10.29,5.69,8.78,7.6,7.67,7.36
DCA,2023-05-29,10,35,17,34,17,88.24,58.82,88.24,9.47,25.68,13.59,19.74,2.88,5.77,3.35,7.0
DCA,2023-05-29,11,28,24,28,25,82.14,78.57,84.0,16.54,18.89,7.39,21.0,4.04,1.03,1.76,20.64
DCA,2023-05-29,12,17,32,19,31,89.47,73.68,87.1,24.11,18.84,7.29,29.42,3.74,0.79,2.19,16.52
DCA,2023-05-29,13,30,24,30,24,86.67,50.0,83.33,29.0,24.2,12.4,38.47,4.67,7.35,7.08,7.04
DCA,2023-05-29,14,24,27,24,28,95.83,50.0,82.14,1.21,32.75,21.07,18.04,3.29,4.58,2.25,10.86
DCA,2023-05-29,15,28,24,28,24,82.14,17.86,91.67,11.64,38.21,26.44,35.0,6.96,3.91,3.92,5.63
DCA,2023-05-29,16,24,29,24,29,79.17,45.83,93.1,11.67,24.29,12.71,22.17,7.28,1.94,4.41,5.45
DCA,2023-05-29,17,30,22,30,22,70.0,56.67,77.27,22.7,20.0,8.25,28.7,8.0,1.66,3.91,24.68
DCA,2023-05-29,18,24,31,24,32,75.0,66.67,68.75,22.0,17.71,6.43,26.38,7.38,4.53,7.72,19.53
DCA,2023-05-29,19,23,26,22,25,77.27,68.18,68.0,15.59,18.82,7.25,21.18,7.32,5.26,12.04,18.68
DCA,2023-05-29,20,27,23,26,23,84.62,69.23,65.22,15.27,20.04,8.0,21.42,6.87,2.63,6.09,18.48
DCA,2023-05-29,21,3,37,3,36,100.0,66.67,72.22,0.0,20.33,8.8,7.33,9.19,1.9,6.31,21.89
DCA,2023-05-29,22,23,19,23,19,82.61,69.57,68.42,9.35,20.0,7.87,13.7,2.84,6.34,9.32,14.84
DCA,2023-05-29,23,0,9,1,9,100.0,100.0,66.67,0.0,15.0,2.7,3.0,3.11,0.64,5.89,35.89
DCA,2023-05-30,0,0,1,0,2,0.0,0.0,50.0,0.0,0.0,0.0,0.0,1.0,0.15,0.0,48.0
DCA,2023-05-30,1,0,0,0,0,0.0,0.0,0.0,0.0,0.0,0.0,0.0,0.0,0.0,0.0,0.0
DCA,2023-05-30,2,0,0,0,0,0.0,0.0,0.0,0.0,0.0,0.0,0.0,0.0,0.0,0.0,0.0
DCA,2023-05-30,5,3,0,3,0,100.0,100.0,0.0,0.0,15.67,3.97,1.67,0.0,0.0,0.0,0.0
DCA,2023-05-30,6,32,6,32,5,100.0,93.75,100.0,0.06,18.16,6.93,4.0,1.0,1.44,0.0,0.0
DCA,2023-05-30,7,19,30,20,31,90.0,85.0,90.32,3.55,18.0,6.48,5.95,7.58,1.38,0.74,20.35
DCA,2023-05-30,8,40,11,40,11,90.0,70.0,90.91,3.63,24.4,12.39,11.1,3.0,6.96,4.0,4.82
DCA,2023-05-30,9,16,34,17,34,94.12,64.71,94.12,3.0,22.06,10.64,10.18,11.35,1.29,3.12,2.18
DCA,2023-05-30,10,35,17,35,17,94.29,54.29,94.12,2.97,32.14,20.05,18.26,5.06,1.12,2.94,5.06
DCA,2023-05-30,11,28,24,28,24,89.29,75.0,95.83,8.36,18.54,7.17,12.86,6.08,1.33,3.04,3.29
DCA,2023-05-30,12,17,32,17,32,88.24,76.47,93.75,9.06,21.47,10.22,15.82,4.84,1.3,1.84,5.44
DCA,2023-05-30,13,30,24,30,24,76.67,63.33,87.5,16.73,22.33,10.43,23.03,4.42,1.82,0.92,4.75
DCA,2023-05-30,14,24,27,24,27,87.5,66.67,96.3,5.29,21.38,9.75,11.96,4.56,2.68,1.44,3.41
DCA,2023-05-30,15,28,24,28,24,100.0,82.14,95.83,1.25,21.36,9.58,6.39,1.54,3.13,0.71,2.04
DCA,2023-05-30,16,24,29,24,30,91.67,66.67,86.67,3.67,21.21,9.6,10.38,3.43,1.35,1.8,5.4
DCA,2023-05-30,17,30,22,32,23,78.13,68.75,82.61,8.06,19.97,8.35,13.72,2.26,3.25,2.3,13.22
DCA,2023-05-30,18,24,31,24,31,83.33,83.33,83.87,8.71,15.63,4.52,10.79,4.61,1.59,2.29,13.55
DCA,2023-05-30,19,23,26,23,27,78.26,78.26,96.3,12.52,16.83,5.47,15.87,4.93,2.3,1.93,6.22
DCA,2023-05-30,20,27,23,27,23,92.59,92.59,86.96,6.93,17.48,5.4,8.59,4.0,3.47,4.3,7.61
DCA,2023-05-30,21,3,37,3,37,100.0,100.0,78.38,0.0,16.67,4.37,0.33,14.0,1.11,7.27,7.59
DCA,2023-05-30,22,23,19,23,20,95.65,69.57,80.0,2.09,24.48,12.4,10.22,2.6,6.28,5.35,48.7
DCA,2023-05-30,23,0,9,0,9,0.0,0.0,66.67,0.0,0.0,0.0,0.0,2.0,1.82,0.56,109.11
DCA,2023-05-31,0,0,1,0,1,0.0,0.0,0.0,0.0,0.0,0.0,0.0,0.0,3.4,5.0,30.0
DCA,2023-05-31,5,3,0,3,0,66.67,66.67,0.0,177.67,21.67,9.97,186.0,0.0,0.0,0.0,0.0
DCA,2023-05-31,6,32,6,32,6,96.88,87.5,100.0,3.53,17.91,6.7,7.63,0.5,1.58,0.0,0.0
DCA,2023-05-31,7,19,30,19,30,100.0,89.47,96.67,0.21,19.58,8.05,4.05,5.33,1.98,1.93,0.77
DCA,2023-05-31,8,40,11,41,12,97.56,82.93,91.67,6.46,22.98,10.98,11.95,0.75,5.48,1.17,2.5
DCA,2023-05-31,9,16,34,16,35,93.75,87.5,85.71,3.38,19.5,7.88,7.69,9.37,2.09,2.66,4.86
DCA,2023-05-31,10,35,17,35,17,97.14,77.14,94.12,2.94,23.11,11.02,10.06,1.94,3.18,0.41,0.94
DCA,2023-05-31,11,28,24,28,25,96.43,89.29,96.0,0.96,18.5,7.0,5.04,1.88,1.87,1.2,5.76
DCA,2023-05-31,12,17,32,17,32,94.12,88.24,100.0,7.94,18.35,6.91,11.94,2.25,0.9,0.28,0.0
DCA,2023-05-31,13,30,24,31,24,100.0,74.19,95.83,0.71,26.13,14.11,10.1,2.25,2.5,1.25,1.79
DCA,2023-05-31,14,24,27,24,27,95.83,91.67,92.59,0.63,20.29,8.61,5.96,4.11,5.12,1.74,2.93
DCA,2023-05-31,15,28,24,28,25,96.43,89.29,80.0,2.61,20.0,8.27,6.5,2.64,2.91,1.4,7.84
DCA,2023-05-31,16,24,29,25,30,84.0,80.0,80.0,4.4,19.68,8.14,9.8,6.03,2.44,4.3,18.4
DCA,2023-05-31,17,30,22,32,22,75.0,65.63,95.45,17.53,19.94,8.17,23.09,2.05,3.35,1.59,2.41
DCA,2023-05-31,18,22,31,23,32,82.61,69.57,78.13,7.22,19.13,8.2,13.22,2.13,2.75,4.0,14.5
DCA,2023-05-31,19,23,26,24,26,87.5,83.33,84.62,11.58,16.75,5.25,13.96,2.04,3.18,4.85,7.5
DCA,2023-05-31,20,26,23,26,23,96.15,92.31,69.57,1.92,18.46,6.38,4.0,2.26,1.16,1.57,18.52
DCA,2023-05-31,21,3,37,3,37,100.0,100.0,89.19,0.0,14.33,2.8,0.67,9.49,1.24,4.49,5.38
DCA,2023-05-31,22,24,18,24,18,100.0,91.67,72.22,0.75,19.58,7.47,3.75,1.56,3.27,2.11,20.17
DCA,2023-05-31,23,0,9,0,9,0.0,0.0,77.78,0.0,0.0,0.0,0.0,1.11,1.59,0.0,20.89
DCA,2023-06-01,0,0,1,0,1,0.0,0.0,100.0,0.0,0.0,0.0,0.0,0.0,0.0,0.0,0.0
DCA,2023-06-01,1,0,0,0,0,0.0,0.0,0.0,0.0,0.0,0.0,0.0,0.0,0.0,0.0,0.0
DCA,2023-06-01,5,2,0,2,0,100.0,100.0,0.0,0.0,13.0,1.6,0.0,0.0,0.0,0.0,0.0
DCA,2023-06-01,6,27,10,27,10,100.0,92.59,100.0,0.3,15.56,4.23,2.37,0.2,4.54,1.0,0.3
DCA,2023-06-01,7,22,25,22,25,95.45,95.45,100.0,3.91,19.86,8.02,7.0,3.48,5.53,2.32,0.84
DCA,2023-06-01,8,39,12,41,14,92.68,56.1,92.86,5.15,29.34,17.2,17.59,2.0,4.27,1.43,2.57
DCA,2023-06-01,9,18,30,18,30,100.0,61.11,90.0,0.39,23.17,11.05,7.72,6.7,3.6,2.77,6.33
DCA,2023-06-01,10,32,19,33,19,84.85,72.73,94.74,17.76,21.45,9.18,24.06,2.26,1.81,0.53,4.47
DCA,2023-06-01,11,27,24,26,23,96.15,96.15,95.65,2.42,16.46,4.85,4.81,4.0,1.61,1.13,12.13
DCA,2023-06-01,12,22,28,21,28,80.95,85.71,92.86,11.14,15.86,4.34,13.05,2.86,1.0,1.5,2.25
DCA,2023-06-01,13,28,27,29,27,89.66,72.41,88.89,11.97,19.31,7.34,16.86,3.15,2.66,0.74,17.19
DCA,2023-06-01,14,24,27,24,26,83.33,79.17,92.31,4.42,20.79,8.83,10.38,3.23,2.9,0.23,2.92
DCA,2023-06-01,15,31,21,30,20,73.33,70.0,90.0,29.77,21.97,9.89,35.63,1.7,1.69,0.7,6.15
DCA,2023-06-01,16,19,34,20,34,75.0,65.0,91.18,7.25,17.1,5.73,11.05,3.21,4.16,2.91,3.65
DCA,2023-06-01,17,34,18,34,18,85.29,70.59,94.44,8.15,20.59,8.44,12.76,2.22,2.79,2.17,8.39
DCA,2023-06-01,18,22,33,23,33,82.61,65.22,78.79,10.13,22.43,10.77,18.91,7.7,1.07,6.24,16.91
DCA,2023-06-01,19,26,23,25,23,80.0,36.0,60.87,8.52,27.56,15.5,21.0,21.0,2.18,15.91,23.13
DCA,2023-06-01,20,25,25,25,26,72.0,68.0,73.08,25.8,19.72,7.41,30.16,6.27,1.55,3.31,17.19
DCA,2023-06-01,21,3,37,3,35,100.0,100.0,68.57,0.0,18.67,6.37,1.33,12.31,1.6,8.23,19.51
DCA,2023-06-01,22,23,19,23,19,86.96,65.22,68.42,6.04,18.0,6.27,10.78,5.68,2.12,2.95,16.16
DCA,2023-06-01,23,0,9,0,9,0.0,0.0,77.78,0.0,0.0,0.0,0.0,3.89,5.51,1.33,15.33
DCA,2023-06-02,0,0,1,0,1,0.0,0.0,0.0,0.0,0.0,0.0,0.0,0.0,0.0,0.0,29.0
DCA,2023-06-02,1,0,0,0,0,0.0,0.0,0.0,0.0,0.0,0.0,0.0,0.0,0.0,0.0,0.0
DCA,2023-06-02,5,3,0,3,0,100.0,66.67,0.0,4.0,19.0,7.03,7.67,0.0,0.0,0.0,0.0
DCA,2023-06-02,6,30,8,29,7,96.55,96.55,100.0,9.45,14.86,3.57,10.59,0.14,3.59,2.57,1.14
DCA,2023-06-02,7,22,29,22,29,100.0,100.0,100.0,0.0,18.95,6.94,2.45,6.52,1.4,1.62,1.07
DCA,2023-06-02,8,41,10,40,10,95.0,47.5,90.0,2.35,30.2,18.16,16.15,0.1,9.13,3.1,3.2
DCA,2023-06-02,9,16,33,16,33,81.25,43.75,93.94,7.5,21.81,9.79,14.88,5.85,1.32,1.27,2.06
DCA,2023-06-02,10,31,21,30,23,96.67,80.0,100.0,3.1,24.63,12.49,11.3,1.0,1.7,0.52,0.78
DCA,2023-06-02,11,28,24,29,25,93.1,86.21,92.0,3.38,18.34,6.67,7.28,1.96,1.13,1.2,2.0
DCA,2023-06-02,12,22,28,22,28,100.0,81.82,96.43,1.09,18.05,6.09,5.32,4.25,0.64,1.39,1.43
DCA,2023-06-02,13,27,27,27,27,92.59,77.78,92.59,12.11,21.37,9.27,18.59,4.15,2.11,0.56,14.48
DCA,2023-06-02,14,24,27,24,27,91.67,79.17,96.3,5.79,20.58,8.77,11.63,2.22,3.33,1.26,2.78
DCA,2023-06-02,15,31,22,31,22,87.1,64.52,90.91,8.03,24.55,12.46,16.87,1.27,3.09,1.32,2.77
DCA,2023-06-02,16,20,34,20,34,100.0,100.0,88.24,1.05,18.15,6.41,3.8,3.79,1.82,2.18,4.94
DCA,2023-06-02,17,34,18,34,18,79.41,73.53,72.22,12.56,18.15,6.03,16.38,1.39,1.42,1.44,17.5
DCA,2023-06-02,18,22,33,20,33,60.0,60.0,84.85,37.85,22.5,10.95,47.2,4.79,1.09,2.52,7.0
DCA,2023-06-02,19,26,24,27,25,70.37,51.85,76.0,17.7,24.48,12.55,28.3,7.32,2.66,6.16,18.6
DCA,2023-06-02,20,26,24,27,23,70.37,66.67,78.26,20.11,20.78,8.57,25.89,3.83,4.2,3.17,12.26
DCA,2023-06-02,21,3,36,3,37,33.33,33.33,72.97,43.67,17.0,6.13,45.33,7.97,1.24,4.73,43.78
DCA,2023-06-02,22,23,19,23,17,86.96,78.26,52.94,5.22,24.7,12.48,12.43,1.59,5.06,3.94,29.59
DCA,2023-06-02,23,0,9,0,9,0.0,0.0,55.56,0.0,0.0,0.0,0.0,3.11,1.43,1.11,33.67
DCA,2023-06-03,0,0,2,0,1,0.0,0.0,100.0,0.0,0.0,0.0,0.0,3.0,1.0,0.0,0.0
DCA,2023-06-03,1,0,0,0,0,0.0,0.0,0.0,0.0,0.0,0.0,0.0,0.0,0.0,0.0,0.0
DCA,2023-06-03,5,3,0,3,0,100.0,66.67,0.0,0.0,23.33,11.47,10.0,0.0,0.0,0.0,0.0
DCA,2023-06-03,6,24,2,24,2,95.83,95.83,100.0,3.79,14.96,3.58,5.79,0.0,2.3,7.0,6.5
DCA,2023-06-03,7,15,25,15,25,86.67,86.67,100.0,21.6,16.8,4.81,23.73,2.08,5.34,2.04,1.72
DCA,2023-06-03,8,36,10,36,10,91.67,47.22,90.0,4.0,28.61,16.44,16.44,0.6,13.81,4.2,2.3
DCA,2023-06-03,9,18,28,19,29,94.74,63.16,93.1,1.26,25.79,13.64,11.11,0.83,3.86,1.41,12.55
DCA,2023-06-03,10,30,15,30,16,83.33,83.33,62.5,21.1,20.37,8.38,25.77,1.94,1.15,2.13,49.63
DCA,2023-06-03,11,22,16,22,16,77.27,77.27,81.25,24.18,15.09,3.25,26.14,0.44,1.74,0.38,20.69
DCA,2023-06-03,12,12,26,13,26,76.92,69.23,92.31,18.62,18.62,6.87,23.85,1.81,0.94,0.88,6.42
DCA,2023-06-03,13,25,21,24,21,87.5,83.33,85.71,10.83,19.25,7.27,14.92,1.9,2.08,0.0,32.57
DCA,2023-06-03,14,22,25,22,25,63.64,50.0,84.0,29.0,20.09,8.17,35.14,1.92,2.56,0.48,13.68
DCA,2023-06-03,15,25,16,25,16,76.0,64.0,81.25,30.88,19.84,7.85,35.56,1.13,2.83,3.31,18.31
DCA,2023-06-03,16,11,27,11,26,72.73,54.55,73.08,26.73,21.55,9.6,33.09,2.38,1.36,1.46,16.85
DCA,2023-06-03,17,28,14,29,14,79.31,48.28,92.86,9.14,26.0,13.84,20.59,2.14,3.07,2.21,4.86
DCA,2023-06-03,18,11,20,13,21,84.62,69.23,85.71,73.46,20.08,8.32,80.08,1.76,1.34,1.62,21.24
DCA,2023-06-03,19,18,18,19,18,78.95,73.68,61.11,11.32,22.53,10.61,18.68,2.33,1.1,7.0,41.67
DCA,2023-06-03,20,11,15,11,15,72.73,45.45,33.33,30.45,30.18,18.11,44.09,3.13,0.37,10.47,44.87
DCA,2023-06-03,21,3,18,3,19,66.67,66.67,84.21,7.0,15.67,3.37,8.67,2.58,1.35,4.0,13.95
DCA,2023-06-03,22,4,11,4,11,50.0,50.0,54.55,42.25,17.0,4.83,43.75,3.09,0.44,9.09,24.73
DCA,2023-06-03,23,0,7,0,7,0.0,0.0,57.14,0.0,0.0,0.0,0.0,1.14,2.61,2.43,139.0
DCA,2023-06-04,0,0,1,0,2,0.0,0.0,50.0,0.0,0.0,0.0,0.0,0.0,0.0,0.0,114.5
DCA,2023-06-04,4,0,0,0,0,0.0,0.0,0.0,0.0,0.0,0.0,0.0,0.0,0.0,0.0,0.0
DCA,2023-06-04,5,3,0,3,0,66.67,66.67,0.0,8.0,13.0,1.47,7.67,0.0,0.0,0.0,0.0
DCA,2023-06-04,6,20,2,20,2,85.0,80.0,100.0,20.0,14.7,3.76,22.95,0.0,2.8,0.0,0.0
DCA,2023-06-04,7,15,18,15,18,80.0,80.0,83.33,6.4,12.73,1.63,6.67,1.33,7.06,3.72,9.39
DCA,2023-06-04,8,34,8,34,8,91.18,61.76,100.0,5.26,24.91,12.98,14.38,1.13,8.24,1.5,0.63
DCA,2023-06-04,9,14,33,14,33,78.57,71.43,93.94,51.57,19.36,7.24,56.14,3.06,1.76,1.45,7.24
DCA,2023-06-04,10,34,16,34,16,91.18,82.35,93.75,2.24,18.94,6.86,6.29,1.0,1.32,0.81,5.19
DCA,2023-06-04,11,24,22,24,23,87.5,87.5,95.65,4.79,15.54,4.07,6.0,1.26,0.85,0.39,6.35
DCA,2023-06-04,12,21,27,21,28,76.19,47.62,89.29,13.29,23.38,11.41,23.19,2.57,1.16,0.21,4.89
DCA,2023-06-04,13,26,28,26,28,88.46,73.08,96.43,5.88,20.15,8.21,11.77,2.96,1.76,0.61,1.32
DCA,2023-06-04,14,23,28,23,28,91.3,34.78,75.0,4.04,32.48,20.42,20.22,4.0,2.3,1.18,39.43
DCA,2023-06-04,15,32,19,32,20,71.88,21.88,90.0,17.03,35.0,22.89,36.16,1.4,2.59,1.2,5.7
DCA,2023-06-04,16,20,34,20,34,80.0,45.0,67.65,8.85,26.5,14.69,20.15,6.53,2.7,4.32,17.76
DCA,2023-06-04,17,33,19,33,19,75.76,63.64,89.47,22.55,18.76,6.7,26.85,5.0,3.06,1.42,6.89
DCA,2023-06-04,18,23,32,23,32,86.96,73.91,81.25,7.78,19.26,7.38,13.48,4.53,2.13,1.09,6.5
DCA,2023-06-04,19,25,25,25,25,80.0,72.0,80.0,10.12,17.0,5.32,13.48,5.0,1.75,1.32,17.6
DCA,2023-06-04,20,26,24,26,24,80.77,76.92,62.5,18.42,16.73,4.45,20.65,2.29,4.4,3.21,36.0
DCA,2023-06-04,21,3,35,3,36,100.0,100.0,63.89,0.0,11.67,0.77,0.0,5.03,2.48,4.14,49.97
DCA,2023-06-04,22,22,20,22,20,77.27,72.73,65.0,16.14,15.77,3.9,17.27,2.3,3.57,2.6,21.3
DCA,2023-06-04,23,1,9,1,9,100.0,100.0,55.56,0.0,18.0,5.7,0.0,1.44,1.96,0.11,35.44
DCA,2023-06-05,0,0,1,0,2,0.0,0.0,50.0,0.0,0.0,0.0,0.0,1.5,2.15,0.0,60.0
DCA,2023-06-05,2,0,0,0,0,0.0,0.0,0.0,0.0,0.0,0.0,0.0,0.0,0.0,0.0,0.0
DCA,2023-06-05,5,3,0,3,0,100.0,66.67,0.0,3.67,12.67,1.57,5.33,0.0,0.0,0.0,0.0
DCA,2023-06-05,6,30,8,29,8,100.0,93.1,100.0,0.03,16.86,5.71,3.38,1.38,3.76,2.63,1.5
DCA,2023-06-05,7,22,27,22,27,100.0,86.36,88.89,0.23,18.95,7.15,3.91,6.19,1.01,1.44,6.19
DCA,2023-06-05,8,39,11,38,11,92.11,76.32,81.82,3.79,23.55,11.51,11.0,1.91,7.24,3.45,13.91
DCA,2023-06-05,9,16,33,16,32,93.75,87.5,84.38,6.81,19.31,7.49,11.13,4.66,0.94,1.34,36.91
DCA,2023-06-05,10,32,19,31,18,83.87,70.97,100.0,21.94,21.68,9.39,28.52,1.83,1.97,0.61,1.0
DCA,2023-06-05,11,27,25,27,24,92.59,88.89,87.5,6.0,16.96,5.35,9.15,1.92,0.43,2.63,3.42
DCA,2023-06-05,12,21,27,21,27,80.95,71.43,92.59,5.71,17.48,5.37,8.33,2.22,1.71,0.85,3.41
DCA,2023-06-05,13,26,27,26,28,80.77,69.23,78.57,7.19,21.23,9.04,14.08,3.25,3.54,3.5,9.25
DCA,2023-06-05,14,23,28,21,27,85.71,76.19,88.89,3.95,19.95,8.05,8.62,2.67,1.21,0.48,5.33
DCA,2023-06-05,15,31,20,31,20,83.87,67.74,85.0,9.0,20.65,8.77,14.39,1.75,2.23,1.1,11.3
DCA,2023-06-05,16,20,34,20,34,80.0,80.0,85.29,12.35,16.8,5.26,15.9,2.85,1.65,1.15,14.62
DCA,2023-06-05,17,36,16,35,16,82.86,71.43,87.5,33.34,20.94,8.91,39.69,1.44,2.1,1.75,15.75
DCA,2023-06-05,18,20,35,21,34,95.24,90.48,85.29,3.9,21.33,9.43,9.9,4.03,1.48,1.62,9.5
DCA,2023-06-05,19,27,22,27,21,85.19,85.19,85.71,12.44,17.59,6.01,15.74,5.19,0.85,1.38,23.81
DCA,2023-06-05,20,24,26,23,26,78.26,73.91,73.08,15.26,19.52,7.09,18.26,4.15,1.5,3.85,12.15
DCA,2023-06-05,21,3,36,3,33,66.67,66.67,84.85,19.0,13.67,2.0,20.67,6.15,0.93,2.24,9.73
DCA,2023-06-05,22,22,19,22,19,86.36,72.73,78.95,8.14,21.73,9.52,13.64,1.11,3.38,0.37,7.42
DCA,2023-06-05,23,0,8,0,8,0.0,0.0,87.5,0.0,0.0,0.0,0.0,1.88,1.16,0.0,2.63
DCA,2023-06-06,0,0,1,0,1,0.0,0.0,100.0,0.0,0.0,0.0,0.0,0.0,1.0,0.0,0.0
DCA,2023-06-06,1,0,0,0,0,0.0,0.0,0.0,0.0,0.0,0.0,0.0,0.0,0.0,0.0,0.0
DCA,2023-06-06,5,3,0,3,0,100.0,100.0,0.0,1.33,16.33,4.37,2.67,0.0,0.0,0.0,0.0
DCA,2023-06-06,6,30,8,30,8,96.67,93.33,87.5,8.07,17.5,5.68,10.57,0.63,3.92,0.0,14.5
DCA,2023-06-06,7,22,27,22,27,90.91,86.36,96.3,3.86,18.23,6.39,7.0,3.78,2.14,0.44,4.19
DCA,2023-06-06,8,39,11,40,13,85.0,52.5,92.31,11.83,27.88,15.84,22.73,3.54,1.31,0.31,2.46
DCA,2023-06-06,9,16,33,17,34,82.35,70.59,79.41,11.59,22.24,10.39,19.24,10.09,1.96,6.47,6.44
DCA,2023-06-06,10,32,19,32,21,81.25,43.75,95.24,7.31,28.0,15.68,20.28,2.48,3.31,2.76,2.86
DCA,2023-06-06,11,27,25,27,25,92.59,88.89,96.0,2.56,17.11,5.51,5.19,2.16,1.22,0.68,3.88
DCA,2023-06-06,12,21,27,21,27,85.71,80.95,92.59,14.71,17.95,5.89,17.71,3.19,2.37,0.67,8.07
DCA,2023-06-06,13,26,27,26,27,88.46,73.08,96.3,5.88,21.73,9.71,12.73,3.7,1.61,0.0,1.63
DCA,2023-06-06,14,23,28,23,28,86.96,69.57,89.29,10.13,20.22,8.35,16.22,4.11,3.18,1.11,4.96
DCA,2023-06-06,15,31,20,31,21,87.1,64.52,85.71,8.06,24.1,12.14,16.52,3.33,3.27,1.81,10.67
DCA,2023-06-06,16,20,34,21,36,85.71,66.67,77.78,13.29,25.95,14.25,23.95,6.78,1.64,3.58,9.42
DCA,2023-06-06,17,36,16,38,18,76.32,36.84,88.89,11.63,26.55,14.46,24.5,3.56,2.58,3.72,5.72
DCA,2023-06-06,18,20,35,20,35,80.0,50.0,74.29,12.2,31.35,19.4,28.25,4.91,1.12,3.17,24.66
DCA,2023-06-06,19,26,23,27,23,66.67,55.56,86.96,19.93,20.7,8.95,27.19,8.43,0.76,8.26,14.52
DCA,2023-06-06,20,24,26,26,27,69.23,65.38,44.44,27.19,21.65,9.32,33.5,10.22,3.36,9.85,36.41
DCA,2023-06-06,21,4,35,4,35,75.0,75.0,57.14,4.5,19.25,7.85,10.75,30.2,1.95,28.14,38.31
DCA,2023-06-06,22,22,19,24,19,75.0,41.67,68.42,43.83,27.21,15.23,55.38,11.26,4.94,6.84,19.42
DCA,2023-06-06,23,0,8,0,8,0.0,0.0,100.0,0.0,0.0,0.0,0.0,2.5,2.13,1.25,0.13
DCA,2023-06-07,0,0,1,1,1,100.0,100.0,100.0,0.0,14.0,1.7,2.0,0.0,0.0,0.0,0.0
DCA,2023-06-07,1,0,0,0,0,0.0,0.0,0.0,0.0,0.0,0.0,0.0,0.0,0.0,0.0,0.0
DCA,2023-06-07,5,3,0,3,0,100.0,66.67,0.0,0.0,31.0,19.03,16.0,0.0,0.0,0.0,0.0
DCA,2023-06-07,6,30,8,29,9,96.55,93.1,88.89,6.14,17.03,5.3,9.24,0.33,4.38,1.78,5.78
DCA,2023-06-07,7,22,27,23,27,91.3,91.3,96.3,4.22,17.91,5.95,5.78,4.59,5.69,3.19,1.67
DCA,2023-06-07,8,39,11,40,13,85.0,60.0,84.62,9.1,27.98,15.86,20.23,3.0,3.76,2.77,9.0
DCA,2023-06-07,9,16,33,16,35,81.25,56.25,88.57,4.44,24.81,12.82,12.88,9.2,1.25,4.86,7.37
DCA,2023-06-07,10,32,19,31,19,87.1,61.29,94.74,8.1,25.68,13.41,18.87,3.16,1.97,1.26,2.89
DCA,2023-06-07,11,27,25,27,25,100.0,88.89,100.0,1.07,18.37,6.67,4.85,3.92,0.92,0.08,1.04
DCA,2023-06-07,12,21,27,22,27,95.45,95.45,88.89,2.41,16.73,4.62,4.0,3.0,2.66,0.33,14.22
DCA,2023-06-07,13,26,27,26,27,88.46,50.0,92.59,3.81,33.35,21.23,21.35,3.41,4.07,3.81,4.26
DCA,2023-06-07,14,23,28,22,27,90.91,81.82,81.48,7.95,19.59,7.7,13.23,5.22,2.46,2.7,9.89
DCA,2023-06-07,15,31,20,31,22,83.87,48.39,77.27,7.87,26.32,14.48,19.77,2.18,4.57,6.86,15.27
DCA,2023-06-07,16,20,34,21,35,85.71,71.43,85.71,18.76,19.48,7.74,24.52,7.26,3.41,4.63,4.66
DCA,2023-06-07,17,36,16,37,14,89.19,78.38,78.57,3.84,20.51,8.48,9.54,4.36,6.96,5.43,11.57
DCA,2023-06-07,18,20,35,20,35,65.0,60.0,71.43,25.9,21.55,9.94,33.25,9.49,0.98,7.17,16.31
DCA,2023-06-07,19,26,23,27,23,74.07,62.96,69.57,10.85,19.81,7.83,17.44,12.43,1.07,7.17,10.04
DCA,2023-06-07,20,24,26,24,28,75.0,75.0,67.86,17.04,20.71,8.35,23.08,4.39,1.8,3.5,49.0
DCA,2023-06-07,21,4,35,4,35,100.0,100.0,77.14,1.75,17.75,6.53,2.25,8.71,2.67,2.97,14.57
DCA,2023-06-07,22,22,19,23,19,86.96,82.61,89.47,4.26,19.35,7.23,7.91,2.95,3.06,0.84,3.68
DCA,2023-06-07,23,0,8,0,8,0.0,0.0,75.0,0.0,0.0,0.0,0.0,5.63,2.41,15.38,26.25
DCA,2023-06-08,0,0,1,0,1,0.0,0.0,0.0,0.0,0.0,0.0,0.0,0.0,1.0,38.0,67.0
DCA,2023-06-08,5,3,0,3,0,100.0,33.33,0.0,4.33,31.33,19.37,21.33,0.0,0.0,0.0,0.0
DCA,2023-06-08,6,30,8,30,8,100.0,93.33,100.0,0.13,18.67,6.84,3.43,2.13,3.14,2.5,1.38
DCA,2023-06-08,7,22,27,22,28,86.36,77.27,89.29,9.95,22.32,10.46,17.55,7.36,5.67,3.89,6.89
DCA,2023-06-08,8,39,11,40,13,92.5,50.0,84.62,2.58,35.4,23.36,22.0,5.15,4.58,4.92,4.46
DCA,2023-06-08,9,16,33,15,33,73.33,40.0,84.85,12.8,31.47,19.41,28.87,11.94,2.67,5.0,6.48
DCA,2023-06-08,10,32,19,32,19,78.13,59.38,89.47,9.66,24.25,11.95,18.72,4.11,3.09,1.68,8.0
DCA,2023-06-08,11,27,25,28,25,89.29,78.57,88.0,9.04,20.96,9.26,15.64,3.52,2.34,1.32,2.52
DCA,2023-06-08,12,21,27,21,27,95.24,90.48,85.19,6.76,20.33,8.23,11.67,9.96,2.46,6.78,8.74
DCA,2023-06-08,13,26,27,28,27,71.43,42.86,88.89,13.68,30.71,18.41,30.61,5.15,1.62,0.44,16.41
DCA,2023-06-08,14,23,28,24,28,58.33,50.0,82.14,17.75,24.92,12.9,27.75,6.07,3.5,4.71,6.86
DCA,2023-06-08,15,31,20,33,20,75.76,54.55,85.0,19.39,26.52,14.53,31.18,0.95,4.76,1.7,6.7
DCA,2023-06-08,16,20,34,21,35,66.67,42.86,77.14,12.95,23.57,11.7,22.86,3.54,2.57,2.83,9.74
DCA,2023-06-08,17,36,16,37,17,75.68,48.65,94.12,8.22,28.57,16.42,21.49,2.47,3.42,1.35,2.82
DCA,2023-06-08,18,20,35,21,35,80.95,71.43,74.29,5.0,20.29,8.54,10.71,2.49,2.39,0.6,23.06
DCA,2023-06-08,19,26,23,26,23,65.38,65.38,73.91,24.12,16.08,4.44,26.58,3.96,2.87,0.35,12.3
DCA,2023-06-08,20,24,26,24,26,79.17,70.83,73.08,13.13,16.17,4.19,15.0,4.77,1.3,1.81,12.46
DCA,2023-06-08,21,4,35,4,35,100.0,100.0,68.57,2.5,14.0,2.28,2.5,8.2,3.97,5.14,18.66
DCA,2023-06-08,22,22,19,23,19,82.61,69.57,63.16,6.04,22.17,9.98,13.26,5.63,1.59,1.74,27.63
DCA,2023-06-08,23,0,8,0,8,0.0,0.0,50.0,0.0,0.0,0.0,0.0,1.63,0.79,0.13,31.38
DCA,2023-06-09,0,0,1,0,1,0.0,0.0,0.0,0.0,0.0,0.0,0.0,3.0,1.0,0.0,26.0
DCA,2023-06-09,1,0,0,0,0,0.0,0.0,0.0,0.0,0.0,0.0,0.0,0.0,0.0,0.0,0.0
DCA,2023-06-09,5,3,0,3,0,66.67,66.67,0.0,10.33,13.0,1.57,12.0,0.0,0.0,0.0,0.0
DCA,2023-06-09,6,30,8,30,8,96.67,93.33,87.5,1.0,14.47,3.14,2.33,0.0,3.92,0.75,14.13
DCA,2023-06-09,7,22,27,22,27,95.45,95.45,96.3,4.77,15.64,4.08,6.09,5.74,2.44,1.41,0.7
DCA,2023-06-09,8,39,11,39,11,89.74,61.54,90.91,13.95,26.23,14.25,24.1,4.0,3.28,2.64,3.27
DCA,2023-06-09,9,16,33,16,32,87.5,87.5,100.0,7.81,19.88,7.94,12.69,7.06,1.91,1.5,0.69
DCA,2023-06-09,10,32,19,32,21,90.63,62.5,95.24,16.16,25.31,13.16,26.22,1.48,2.63,1.19,1.52
DCA,2023-06-09,11,27,25,27,25,96.3,88.89,96.0,2.89,17.37,5.7,6.41,2.52,0.89,0.16,1.32
DCA,2023-06-09,12,21,27,21,27,95.24,95.24,96.3,1.19,18.24,6.29,3.38,2.37,1.87,0.37,1.15
DCA,2023-06-09,13,26,27,27,28,92.59,77.78,85.71,2.74,20.26,7.99,8.78,2.36,3.95,1.39,14.86
DCA,2023-06-09,14,23,28,24,28,95.83,87.5,96.43,2.42,18.63,6.82,6.79,4.46,3.93,2.39,1.0
DCA,2023-06-09,15,31,20,31,20,90.32,77.42,75.0,8.94,21.71,9.75,15.26,7.25,2.31,5.6,17.5
DCA,2023-06-09,16,20,34,20,34,70.0,70.0,85.29,12.65,15.5,3.96,15.2,8.56,3.08,4.12,9.38
DCA,2023-06-09,17,36,16,35,17,65.71,65.71,76.47,17.31,18.17,6.13,21.89,4.24,2.09,1.65,15.59
DCA,2023-06-09,18,19,36,20,36,80.0,70.0,75.0,11.6,17.1,5.46,15.25,3.67,2.15,1.97,12.78
DCA,2023-06-09,19,27,22,27,22,77.78,74.07,77.27,15.67,15.37,3.65,17.78,2.55,1.84,1.55,12.91
DCA,2023-06-09,20,24,26,24,26,79.17,75.0,57.69,15.67,18.75,6.42,19.58,2.62,1.14,0.69,27.88
DCA,2023-06-09,21,4,35,4,34,50.0,50.0,76.47,32.5,14.75,3.03,34.5,5.47,3.11,2.09,12.47
DCA,2023-06-09,22,22,19,22,19,86.36,68.18,68.42,7.73,20.77,8.65,13.23,1.47,7.02,4.74,24.42
DCA,2023-06-09,23,0,8,0,8,0.0,0.0,87.5,0.0,0.0,0.0,0.0,105.38,1.75,99.88,102.38
DCA,2023-06-10,0,0,1,0,1,0.0,0.0,0.0,0.0,0.0,0.0,0.0,0.0,1.0,0.0,185.0
DCA,2023-06-10,2,0,0,0,1,0.0,0.0,0.0,0.0,0.0,0.0,0.0,0.0,0.0,3.0,662.0
DCA,2023-06-10,3,0,0,0,0,0.0,0.0,0.0,0.0,0.0,0.0,0.0,0.0,0.0,0.0,0.0
DCA,2023-06-10,5,3,0,3,0,66.67,33.33,0.0,192.33,26.0,14.03,206.33,0.0,0.0,0.0,0.0
DCA,2023-06-10,6,25,2,25,2,88.0,84.0,100.0,15.96,15.8,4.54,19.08,0.0,6.3,0.0,0.0
DCA,2023-06-10,7,15,25,15,24,80.0,80.0,91.67,15.27,12.2,0.97,15.47,2.42,5.54,0.92,37.29
DCA,2023-06-10,8,35,11,35,11,97.14,85.71,90.91,2.4,20.54,8.72,7.49,1.64,5.19,0.27,6.0
DCA,2023-06-10,9,19,27,19,26,84.21,68.42,84.62,15.89,20.21,8.57,22.16,3.35,4.59,0.92,15.58
DCA,2023-06-10,10,29,15,29,15,79.31,65.52,86.67,26.45,22.76,10.77,33.76,2.2,1.03,0.87,3.07
DCA,2023-06-10,11,23,18,23,19,100.0,95.65,100.0,0.74,16.22,4.59,3.39,2.0,1.69,0.0,0.0
DCA,2023-06-10,12,15,25,15,25,93.33,80.0,92.0,17.4,19.53,7.59,23.33,2.72,1.67,1.0,2.56
DCA,2023-06-10,13,23,21,23,21,78.26,52.17,90.48,23.39,20.04,8.04,30.52,4.0,2.36,0.76,11.38
DCA,2023-06-10,14,21,23,21,23,85.71,71.43,82.61,8.0,18.48,6.69,12.71,3.13,6.4,4.0,21.74
DCA,2023-06-10,15,21,17,21,17,80.95,71.43,88.24,13.71,20.14,8.36,18.43,2.06,3.89,1.12,12.24
DCA,2023-06-10,16,14,26,14,27,57.14,50.0,81.48,38.64,18.86,7.2,44.57,2.22,2.05,1.0,21.59
DCA,2023-06-10,17,27,16,29,16,72.41,51.72,87.5,14.72,22.31,10.23,23.28,0.69,2.72,0.38,13.5
DCA,2023-06-10,18,15,22,15,22,80.0,73.33,86.36,6.73,17.87,6.17,11.07,3.05,2.65,0.36,14.09
DCA,2023-06-10,19,18,17,18,17,77.78,77.78,94.12,16.22,13.78,2.1,17.06,3.65,1.12,0.71,1.65
DCA,2023-06-10,20,11,17,11,17,100.0,100.0,64.71,1.09,15.18,3.13,1.27,2.47,3.45,2.47,15.0
DCA,2023-06-10,21,2,19,2,18,0.0,0.0,72.22,41.5,15.0,2.7,44.5,2.61,0.71,0.28,16.61
DCA,2023-06-10,22,4,10,4,10,75.0,75.0,80.0,44.75,11.0,0.43,44.25,1.4,0.82,0.6,20.0
DCA,2023-06-10,23,0,6,0,6,0.0,0.0,50.0,0.0,0.0,0.0,0.0,4.67,1.33,0.0,17.83
DCA,2023-06-11,0,0,0,0,1,0.0,0.0,0.0,0.0,0.0,0.0,0.0,0.0,1.0,0.0,72.0
DCA,2023-06-11,1,0,0,0,0,0.0,0.0,0.0,0.0,0.0,0.0,0.0,0.0,0.0,0.0,0.0
DCA,2023-06-11,2,0,0,0,0,0.0,0.0,0.0,0.0,0.0,0.0,0.0,0.0,0.0,0.0,0.0
DCA,2023-06-11,5,3,0,3,0,100.0,100.0,0.0,0.0,14.67,2.7,1.67,0.0,0.0,0.0,0.0
DCA,2023-06-11,6,19,2,19,2,100.0,94.74,100.0,0.32,14.58,3.81,2.05,0.0,0.8,1.0,0.0
DCA,2023-06-11,7,15,19,15,19,93.33,93.33,100.0,2.07,13.73,2.46,3.6,3.05,2.63,0.32,0.0
DCA,2023-06-11,8,34,8,34,8,91.18,79.41,100.0,3.12,18.82,6.99,7.5,1.5,10.9,2.0,1.38
DCA,2023-06-11,9,15,31,15,31,80.0,80.0,93.55,13.07,16.8,4.77,16.4,5.52,2.13,1.68,5.1
DCA,2023-06-11,10,34,15,35,16,88.57,82.86,100.0,26.94,17.6,5.69,29.86,1.69,1.29,0.0,0.75
DCA,2023-06-11,11,24,23,25,24,96.0,84.0,87.5,2.16,15.52,3.75,4.52,2.33,2.37,1.38,4.08
DCA,2023-06-11,12,19,26,19,26,89.47,84.21,88.46,5.32,17.89,6.42,8.32,4.69,1.6,4.35,10.58
DCA,2023-06-11,13,26,27,26,28,84.62,80.77,85.71,14.0,16.77,4.94,16.54,4.29,3.11,1.54,6.21
DCA,2023-06-11,14,22,29,22,29,95.45,95.45,86.21,1.73,17.05,5.01,4.41,6.21,3.54,1.72,9.03
DCA,2023-06-11,15,31,18,31,18,77.42,61.29,88.89,10.45,20.94,8.97,17.87,2.11,2.23,0.11,3.17
DCA,2023-06-11,16,20,34,19,35,89.47,84.21,82.86,3.11,18.37,6.73,6.89,3.23,3.85,3.14,8.23
DCA,2023-06-11,17,34,18,35,18,68.57,57.14,94.44,13.49,19.06,6.88,18.91,2.78,3.29,0.83,4.11
DCA,2023-06-11,18,22,33,24,33,87.5,83.33,90.91,7.54,14.92,3.58,9.58,3.3,2.67,1.12,6.21
DCA,2023-06-11,19,26,23,26,23,88.46,76.92,82.61,4.38,16.08,4.06,7.35,5.13,1.44,0.91,7.13
DCA,2023-06-11,20,24,26,24,26,83.33,83.33,69.23,7.96,17.92,5.62,11.46,4.19,1.35,2.12,19.04
DCA,2023-06-11,21,4,35,4,34,75.0,25.0,64.71,7.75,17.75,6.0,14.0,7.03,2.87,4.79,14.32
DCA,2023-06-11,22,21,20,21,20,76.19,61.9,80.0,4.95,19.14,7.06,9.81,4.45,3.46,1.75,7.6
DCA,2023-06-11,23,1,6,1,6,100.0,100.0,66.67,0.0,18.0,5.7,0.0,2.67,1.22,20.83,51.5
DCA,2023-06-12,1,0,0,0,0,0.0,0.0,0.0,0.0,0.0,0.0,0.0,0.0,0.0,0.0,0.0
DCA,2023-06-12,2,0,0,0,0,0.0,0.0,0.0,0.0,0.0,0.0,0.0,0.0,0.0,0.0,0.0
DCA,2023-06-12,6,30,8,30,8,100.0,96.67,100.0,0.4,15.57,4.19,3.07,1.5,5.93,0.75,0.0
DCA,2023-06-12,7,22,27,23,27,95.65,95.65,96.3,2.43,16.22,4.5,4.61,3.78,5.26,2.26,1.81
DCA,2023-06-12,8,39,11,39,12,89.74,69.23,91.67,7.05,23.74,11.74,15.72,4.42,5.34,2.83,8.0
DCA,2023-06-12,9,16,33,16,33,93.75,81.25,81.82,2.19,19.63,7.53,7.19,10.73,3.59,4.64,12.24
DCA,2023-06-12,10,32,19,32,20,87.5,75.0,90.0,6.19,20.25,7.99,12.34,3.0,3.1,1.05,3.1
DCA,2023-06-12,11,27,25,27,25,92.59,92.59,96.0,4.3,15.67,4.16,6.0,4.2,2.08,1.28,0.68
DCA,2023-06-12,12,21,27,20,27,90.0,90.0,92.59,2.55,14.8,3.17,3.95,4.04,2.08,0.19,3.63
DCA,2023-06-12,13,26,27,26,27,80.77,76.92,81.48,18.12,18.92,6.81,22.85,3.85,2.84,1.26,11.89
DCA,2023-06-12,14,23,28,23,28,86.96,65.22,78.57,14.78,21.04,9.42,22.48,4.25,3.82,3.64,26.64
DCA,2023-06-12,15,31,20,32,19,68.75,68.75,78.95,28.34,18.56,6.75,32.97,1.0,4.63,3.16,7.42
DCA,2023-06-12,16,20,34,18,34,66.67,61.11,67.65,27.72,18.72,7.02,32.56,4.53,3.49,5.41,13.47
DCA,2023-06-12,17,36,16,35,14,68.57,40.0,64.29,12.94,27.14,15.02,25.6,1.93,4.84,10.36,70.21
DCA,2023-06-12,18,20,35,19,34,52.63,42.11,73.53,38.53,20.26,8.43,44.95,4.41,2.48,2.82,20.26
DCA,2023-06-12,19,26,23,25,22,76.0,60.0,68.18,47.4,21.72,9.78,54.8,9.45,1.76,4.77,18.36
DCA,2023-06-12,20,24,26,23,27,65.22,39.13,62.96,26.13,27.26,14.85,37.61,3.52,6.05,2.63,23.56
DCA,2023-06-12,21,4,35,5,33,80.0,80.0,75.76,14.0,18.2,7.12,18.6,6.27,1.63,3.06,12.67
DCA,2023-06-12,22,22,19,22,17,81.82,63.64,64.71,14.5,20.14,7.96,19.14,1.35,5.94,1.41,16.35
DCA,2023-06-12,23,0,6,0,4,0.0,0.0,50.0,0.0,0.0,0.0,0.0,3.25,0.5,0.5,176.0
DCA,2023-06-13,0,0,0,0,0,0.0,0.0,0.0,0.0,0.0,0.0,0.0,0.0,0.0,0.0,0.0
DCA,2023-06-13,6,30,8,29,10,89.66,86.21,70.0,25.24,15.14,3.63,27.0,0.3,3.15,3.5,23.7
DCA,2023-06-13,7,22,27,22,28,95.45,86.36,92.86,2.55,18.36,6.7,5.73,4.07,3.76,1.57,8.64
DCA,2023-06-13,8,39,11,41,12,95.12,68.29,100.0,9.2,26.98,14.89,20.05,2.83,4.9,1.58,0.42
DCA,2023-06-13,9,16,33,16,35,100.0,93.75,80.0,0.38,20.94,8.91,5.75,12.14,2.65,4.97,10.31
DCA,2023-06-13,10,32,19,33,19,81.82,66.67,84.21,7.64,21.33,9.1,13.91,2.32,4.97,2.68,12.53
DCA,2023-06-13,11,27,25,27,24,88.89,81.48,79.17,10.44,16.63,5.24,13.19,1.71,1.24,1.25,5.29
DCA,2023-06-13,12,21,27,21,28,80.95,80.95,78.57,11.57,15.57,3.86,13.86,4.21,2.14,1.0,16.18
DCA,2023-06-13,13,26,27,26,28,73.08,57.69,89.29,13.5,19.04,6.94,18.69,2.82,6.11,2.36,5.18
DCA,2023-06-13,14,23,28,23,31,82.61,73.91,74.19,11.57,22.87,11.0,19.7,3.06,5.46,2.39,7.81
DCA,2023-06-13,15,31,20,32,21,68.75,46.88,66.67,11.72,24.25,12.43,21.13,4.33,7.41,5.24,25.29
DCA,2023-06-13,16,20,34,21,34,52.38,42.86,79.41,34.52,17.43,5.96,39.33,6.41,2.9,3.06,9.59
DCA,2023-06-13,17,36,16,39,17,76.92,66.67,94.12,9.1,19.18,7.09,14.62,2.41,7.16,1.29,4.88
DCA,2023-06-13,18,20,35,20,35,65.0,65.0,74.29,11.65,17.1,5.48,15.3,3.23,1.58,1.69,19.43
DCA,2023-06-13,19,26,23,27,23,77.78,66.67,82.61,10.96,16.37,4.59,14.74,5.83,3.38,3.52,8.0
DCA,2023-06-13,20,24,26,24,26,87.5,83.33,65.38,14.58,19.17,6.77,17.13,4.19,2.88,2.31,27.73
DCA,2023-06-13,21,4,35,4,35,75.0,75.0,77.14,15.5,14.25,3.08,18.0,7.6,2.03,1.8,11.11
DCA,2023-06-13,22,22,19,23,19,100.0,100.0,78.95,0.0,17.26,5.43,1.3,2.11,4.62,1.84,7.26
DCA,2023-06-13,23,0,6,0,6,0.0,0.0,83.33,0.0,0.0,0.0,0.0,3.0,3.28,2.5,4.0
DCA,2023-06-14,6,30,8,30,8,86.67,83.33,100.0,6.97,15.03,3.76,9.3,0.38,3.17,0.63,0.0
DCA,2023-06-14,7,22,27,22,27,100.0,90.91,92.59,0.0,20.36,8.37,3.59,3.04,7.43,3.56,2.96
DCA,2023-06-14,8,39,11,40,12,90.0,75.0,91.67,4.35,24.0,11.87,12.48,4.0,8.62,3.83,12.58
DCA,2023-06-14,9,16,33,17,33,100.0,100.0,87.88,0.18,19.71,7.86,4.82,8.76,4.0,2.48,4.88
DCA,2023-06-14,10,32,19,32,20,84.38,65.63,95.0,8.66,20.63,8.33,14.94,2.95,1.63,0.6,1.15
DCA,2023-06-14,11,27,25,27,25,100.0,88.89,96.0,1.56,16.63,4.83,4.26,3.88,1.34,0.8,2.08
DCA,2023-06-14,12,21,27,23,27,91.3,82.61,88.89,4.13,16.26,4.3,6.65,6.0,1.4,2.19,4.44
DCA,2023-06-14,13,26,27,25,27,84.0,76.0,85.19,16.16,19.08,7.36,21.48,5.96,3.07,4.48,10.33
DCA,2023-06-14,14,23,28,23,27,78.26,65.22,81.48,17.09,20.09,8.15,23.61,6.59,2.69,4.85,10.67
DCA,2023-06-14,15,31,20,31,20,74.19,35.48,75.0,19.87,29.06,17.19,34.87,2.7,2.08,2.05,17.7
DCA,2023-06-14,16,20,34,21,35,61.9,42.86,80.0,23.52,19.62,7.82,30.43,4.63,2.84,7.91,19.8
DCA,2023-06-14,17,36,16,36,14,63.89,50.0,78.57,28.58,22.58,10.56,37.36,2.29,4.26,2.36,25.07
DCA,2023-06-14,18,20,35,17,35,76.47,47.06,71.43,18.82,22.88,10.99,27.82,3.6,0.84,1.34,25.11
DCA,2023-06-14,19,26,23,25,22,64.0,56.0,77.27,19.48,21.2,9.38,28.04,6.95,2.71,3.32,16.91
DCA,2023-06-14,20,24,26,23,26,78.26,60.87,76.92,9.26,22.3,9.99,15.96,2.08,0.99,1.54,13.35
DCA,2023-06-14,21,4,35,4,35,100.0,100.0,62.86,0.0,13.5,2.25,0.0,20.89,2.81,19.03,39.66
DCA,2023-06-14,22,22,19,22,17,63.64,63.64,76.47,67.68,19.64,7.48,72.36,1.59,2.99,0.76,12.47
DCA,2023-06-14,23,0,6,0,6,0.0,0.0,66.67,0.0,0.0,0.0,0.0,3.17,1.38,0.0,15.83
DCA,2023-06-15,0,0,0,0,0,0.0,0.0,0.0,0.0,0.0,0.0,0.0,0.0,0.0,0.0,0.0
DCA,2023-06-15,6,30,8,29,8,96.55,82.76,87.5,7.52,16.21,4.62,10.52,0.75,3.3,5.38,3.75
DCA,2023-06-15,7,23,26,23,26,95.65,95.65,80.77,1.57,15.91,3.87,3.39,5.31,4.16,2.73,18.73
DCA,2023-06-15,8,38,11,39,12,92.31,58.97,100.0,5.33,27.62,15.5,17.08,2.0,3.6,1.0,0.25
DCA,2023-06-15,9,16,33,17,35,94.12,70.59,80.0,9.71,23.41,11.42,19.35,11.29,1.67,5.97,10.6
DCA,2023-06-15,10,31,19,30,21,83.33,73.33,95.24,5.9,21.9,9.55,12.47,2.0,2.77,2.81,2.33
DCA,2023-06-15,11,27,25,28,25,92.86,75.0,92.0,3.57,20.61,9.06,10.14,2.84,1.6,0.48,3.4
DCA,2023-06-15,12,21,27,21,27,95.24,80.95,96.3,2.43,20.67,8.48,8.1,2.78,2.45,0.04,1.85
DCA,2023-06-15,13,25,28,25,27,72.0,60.0,81.48,8.68,21.48,9.53,15.48,3.56,3.8,1.26,29.11
DCA,2023-06-15,14,24,27,24,27,70.83,62.5,77.78,20.79,20.83,8.85,27.67,3.74,4.91,3.78,18.89
DCA,2023-06-15,15,31,19,32,19,68.75,43.75,78.95,31.19,23.63,11.65,40.94,1.84,2.78,1.16,33.26
DCA,2023-06-15,16,19,34,20,35,75.0,75.0,80.0,31.85,18.7,6.91,36.9,5.89,3.88,3.09,11.97
DCA,2023-06-15,17,35,16,35,16,88.57,65.71,68.75,13.43,24.14,12.02,22.71,3.5,3.92,6.5,9.75
DCA,2023-06-15,18,21,34,21,36,66.67,57.14,69.44,20.19,18.57,6.8,24.57,2.25,0.91,5.72,52.33
DCA,2023-06-15,19,26,23,27,23,74.07,70.37,69.57,30.78,17.11,5.26,34.04,2.26,0.86,0.13,15.48
DCA,2023-06-15,20,23,26,26,26,80.77,73.08,65.38,57.5,18.5,6.46,61.54,2.73,2.49,2.38,54.77
DCA,2023-06-15,21,4,35,5,33,100.0,80.0,72.73,0.4,19.6,7.68,6.2,4.64,2.77,2.73,40.42
DCA,2023-06-15,22,22,19,22,19,81.82,72.73,68.42,38.41,24.59,12.4,47.36,1.16,1.84,0.95,13.21
DCA,2023-06-15,23,0,6,0,5,0.0,0.0,100.0,0.0,0.0,0.0,0.0,3.4,4.2,0.0,0.0
DCA,2023-06-16,0,0,0,0,1,0.0,0.0,100.0,0.0,0.0,0.0,0.0,6.0,1.3,0.0,0.0
DCA,2023-06-16,6,30,8,29,8,89.66,82.76,100.0,20.9,17.59,5.96,25.24,0.13,8.55,2.88,1.13
DCA,2023-06-16,7,23,26,23,27,78.26,65.22,85.19,41.43,24.48,12.56,51.78,4.89,4.52,2.37,30.7
DCA,2023-06-16,8,38,11,38,12,71.05,42.11,83.33,37.55,30.21,18.25,53.03,3.42,6.34,7.58,8.83
DCA,2023-06-16,9,16,33,16,35,81.25,37.5,77.14,20.69,35.13,23.02,40.94,7.09,5.46,4.89,27.94
DCA,2023-06-16,10,31,19,30,19,63.33,16.67,73.68,40.93,46.4,34.09,71.13,6.63,6.04,6.32,6.79
DCA,2023-06-16,11,27,25,27,25,81.48,37.04,72.0,21.89,33.19,21.34,41.7,7.56,6.07,8.6,27.16
DCA,2023-06-16,12,21,27,21,26,61.9,42.86,65.38,35.0,23.76,11.58,44.76,6.23,2.43,8.15,23.35
DCA,2023-06-16,13,25,28,24,30,70.83,50.0,26.67,18.33,23.54,11.25,28.38,3.6,4.21,9.93,65.1
DCA,2023-06-16,14,24,27,24,26,41.67,29.17,53.85,61.79,22.67,10.71,71.79,4.46,1.48,2.81,40.81
DCA,2023-06-16,15,31,18,31,18,58.06,38.71,66.67,26.06,24.61,12.8,37.61,1.33,1.92,0.5,19.0
DCA,2023-06-16,16,18,34,17,33,58.82,41.18,54.55,29.88,20.53,8.87,37.41,4.67,2.97,3.73,28.91
DCA,2023-06-16,17,35,16,35,16,48.57,34.29,62.5,25.94,25.46,13.34,38.03,7.81,4.0,3.63,37.88
DCA,2023-06-16,18,20,35,19,33,63.16,42.11,45.45,40.89,22.26,10.4,49.63,5.3,1.52,13.33,36.85
DCA,2023-06-16,19,27,22,26,23,34.62,26.92,21.74,45.04,16.77,5.13,49.92,6.78,2.19,13.35,65.13
DCA,2023-06-16,20,23,26,24,26,45.83,41.67,38.46,26.88,20.54,8.41,34.83,5.0,5.58,7.19,65.31
DCA,2023-06-16,21,4,35,4,31,50.0,25.0,38.71,31.0,14.75,3.25,34.25,6.65,3.13,5.94,56.84
DCA,2023-06-16,22,22,19,20,17,55.0,55.0,70.59,58.05,18.05,6.0,62.5,4.59,0.92,1.71,12.06
DCA,2023-06-16,23,0,6,0,5,0.0,0.0,100.0,0.0,0.0,0.0,0.0,2.2,0.74,0.2,4.8
DCA,2023-06-17,0,0,0,0,0,0.0,0.0,0.0,0.0,0.0,0.0,0.0,0.0,0.0,0.0,0.0
DCA,2023-06-17,6,25,2,24,3,95.83,83.33,66.67,2.79,15.54,4.38,5.83,1.0,3.87,17.67,30.67
DCA,2023-06-17,7,16,24,16,25,100.0,87.5,72.0,1.69,15.5,3.76,3.75,4.72,4.69,2.36,32.52
DCA,2023-06-17,8,34,11,34,11,88.24,44.12,90.91,5.56,30.79,18.71,21.71,2.27,4.93,1.27,5.73
DCA,2023-06-17,9,19,27,19,27,73.68,63.16,96.3,25.63,18.26,6.42,28.95,3.0,2.73,1.3,4.26
DCA,2023-06-17,10,28,15,28,14,100.0,82.14,85.71,0.64,21.36,9.2,6.61,1.5,1.84,0.57,6.79
DCA,2023-06-17,11,23,18,23,18,86.96,78.26,77.78,4.0,15.04,3.4,6.04,1.44,0.36,0.94,7.94
DCA,2023-06-17,12,15,25,15,25,60.0,60.0,76.0,18.93,15.27,3.79,20.67,1.44,2.48,3.12,19.36
DCA,2023-06-17,13,22,22,23,22,86.96,73.91,77.27,9.3,20.74,9.09,14.83,2.45,1.56,4.0,30.45
DCA,2023-06-17,14,22,23,22,23,81.82,81.82,69.57,18.14,14.59,3.05,19.82,2.3,1.92,1.26,35.74
DCA,2023-06-17,15,22,15,22,15,81.82,72.73,86.67,15.5,18.86,6.82,20.0,2.13,0.66,0.73,8.07
DCA,2023-06-17,16,12,26,12,26,50.0,50.0,84.62,32.25,15.17,4.05,34.75,2.23,0.5,0.88,5.0
DCA,2023-06-17,17,26,16,26,16,80.77,73.08,75.0,7.08,18.31,6.17,10.46,0.88,0.48,0.0,25.0
DCA,2023-06-17,18,15,22,15,22,53.33,53.33,72.73,105.8,14.53,2.99,107.6,1.64,0.71,6.55,24.05
DCA,2023-06-17,19,18,18,18,18,72.22,66.67,72.22,10.0,21.28,9.23,15.72,1.33,0.71,0.17,21.94
DCA,2023-06-17,20,11,16,11,17,63.64,63.64,76.47,96.0,20.27,8.62,100.64,26.65,1.57,29.24,66.41
DCA,2023-06-17,21,2,19,2,19,100.0,100.0,57.89,0.0,13.5,1.35,0.0,1.74,2.07,4.42,24.16
DCA,2023-06-17,22,3,12,3,12,100.0,100.0,50.0,0.0,12.0,0.63,0.0,0.0,2.29,1.33,80.67
DCA,2023-06-17,23,0,0,0,0,0.0,0.0,0.0,0.0,0.0,0.0,0.0,0.0,0.0,0.0,0.0
DCA,2023-06-18,6,20,2,20,2,90.0,85.0,50.0,5.9,15.75,4.36,9.65,0.5,5.15,0.0,67.5
DCA,2023-06-18,7,16,18,17,19,70.59,70.59,94.74,23.06,19.12,7.06,28.71,2.21,1.25,0.68,2.68
DCA,2023-06-18,8,33,8,33,7,87.88,69.7,85.71,13.7,20.06,8.18,19.12,1.0,8.09,1.43,23.14
DCA,2023-06-18,9,15,31,14,31,78.57,71.43,74.19,8.57,17.21,5.26,11.57,2.26,3.31,3.42,18.71
DCA,2023-06-18,10,33,15,33,15,90.91,72.73,80.0,5.82,21.58,9.59,11.97,1.53,2.79,1.6,20.53
DCA,2023-06-18,11,24,23,25,23,80.0,76.0,91.3,14.8,18.12,6.57,19.56,1.78,1.99,0.65,4.74
DCA,2023-06-18,12,19,26,20,26,85.0,85.0,96.15,4.2,17.15,5.2,6.85,3.08,0.9,0.88,1.58
DCA,2023-06-18,13,25,28,25,28,80.0,64.0,89.29,11.16,21.12,9.01,17.88,3.25,1.36,0.96,5.07
DCA,2023-06-18,14,23,28,23,28,82.61,69.57,85.71,5.57,17.22,5.38,9.3,5.36,5.88,2.43,18.18
DCA,2023-06-18,15,31,17,31,17,80.65,67.74,94.12,22.48,19.35,7.48,27.48,2.06,2.46,1.35,11.18
DCA,2023-06-18,16,19,34,19,34,73.68,63.16,82.35,21.21,17.58,5.98,25.79,2.24,3.7,0.91,7.65
DCA,2023-06-18,17,33,18,33,18,87.88,75.76,94.44,4.85,18.18,6.2,8.55,2.78,4.81,1.17,6.56
DCA,2023-06-18,18,23,32,23,32,86.96,60.87,84.38,13.13,21.57,9.61,20.39,5.88,1.36,2.28,15.25
DCA,2023-06-18,19,26,23,26,23,73.08,69.23,78.26,19.73,17.04,5.15,23.38,5.65,0.59,2.17,15.61
DCA,2023-06-18,20,23,26,23,26,82.61,65.22,76.92,31.26,22.65,10.42,37.09,1.31,2.15,0.08,24.08
DCA,2023-06-18,21,5,34,5,34,100.0,100.0,76.47,0.0,18.6,6.68,0.4,5.47,2.5,3.44,11.94
DCA,2023-06-18,22,20,21,20,21,85.0,85.0,90.48,7.25,18.9,6.77,10.55,1.76,2.5,0.43,6.86
DCA,2023-06-18,23,1,6,1,6,100.0,100.0,100.0,0.0,12.0,0.0,0.0,3.33,1.0,1.17,0.0
DCA,2023-06-19,0,0,0,0,0,0.0,0.0,0.0,0.0,0.0,0.0,0.0,0.0,0.0,0.0,0.0
DCA,2023-06-19,2,0,0,0,0,0.0,0.0,0.0,0.0,0.0,0.0,0.0,0.0,0.0,0.0,0.0
DCA,2023-06-19,6,30,8,30,8,96.67,90.0,100.0,0.57,17.17,5.34,3.77,2.38,3.14,0.0,0.0
DCA,2023-06-19,7,23,26,23,26,100.0,100.0,84.62,0.35,15.96,4.23,1.61,4.04,6.75,3.85,7.54
DCA,2023-06-19,8,38,11,38,11,84.21,65.79,72.73,21.13,24.18,12.3,29.87,2.91,4.71,4.36,14.18
DCA,2023-06-19,9,16,33,16,33,75.0,62.5,72.73,10.75,21.25,9.23,18.25,14.88,3.27,9.76,9.09
DCA,2023-06-19,10,31,19,30,19,80.0,66.67,94.74,6.53,21.13,8.95,13.2,3.47,2.66,2.0,9.79
DCA,2023-06-19,11,27,25,27,25,92.59,85.19,96.0,9.89,18.59,7.04,14.48,3.96,1.94,2.04,22.48
DCA,2023-06-19,12,21,27,23,27,86.96,86.96,81.48,9.57,16.43,4.43,11.65,3.93,2.46,1.52,26.48
DCA,2023-06-19,13,25,28,25,28,76.0,72.0,92.86,34.64,19.12,6.9,39.44,3.43,3.29,0.46,5.36
DCA,2023-06-19,14,24,27,25,28,80.0,64.0,78.57,21.68,18.36,6.82,27.0,3.75,4.82,1.75,23.64
DCA,2023-06-19,15,31,19,31,19,58.06,51.61,73.68,25.29,26.19,14.31,38.26,1.79,2.11,2.63,9.79
DCA,2023-06-19,16,19,34,18,33,77.78,44.44,72.73,25.28,27.0,15.27,38.5,6.91,1.59,4.91,26.94
DCA,2023-06-19,17,35,16,33,17,72.73,30.3,64.71,16.36,36.97,24.9,39.67,5.47,6.84,3.71,21.0
DCA,2023-06-19,18,21,34,21,34,71.43,23.81,70.59,10.67,34.81,22.9,32.24,5.47,7.12,3.68,17.71
DCA,2023-06-19,19,26,23,27,23,55.56,40.74,56.52,27.78,27.41,15.35,42.63,7.43,6.92,6.87,31.17
DCA,2023-06-19,20,23,26,21,26,61.9,47.62,76.92,27.57,25.81,13.41,39.19,2.15,3.02,2.65,16.19
DCA,2023-06-19,21,4,35,5,31,80.0,40.0,54.84,19.4,25.8,14.74,30.4,6.32,4.74,4.19,25.65
DCA,2023-06-19,22,22,19,22,17,72.73,54.55,76.47,9.73,21.77,9.74,17.27,4.47,5.96,5.12,10.71
DCA,2023-06-19,23,0,6,0,6,0.0,0.0,100.0,0.0,0.0,0.0,0.0,3.33,3.1,1.0,1.67
DCA,2023-06-20,6,30,8,29,8,96.55,79.31,87.5,6.97,16.93,5.44,11.14,5.25,6.55,5.75,13.63
DCA,2023-06-20,7,23,26,24,26,75.0,75.0,92.31,13.13,17.46,5.45,17.08,2.88,4.97,3.08,7.54
DCA,2023-06-20,8,37,11,36,15,91.67,55.56,73.33,5.83,26.11,14.04,16.39,3.8,5.67,4.93,12.93
DCA,2023-06-20,9,15,33,17,31,82.35,70.59,80.65,8.47,19.29,7.28,13.82,8.77,1.15,4.0,12.39
DCA,2023-06-20,10,31,18,31,19,87.1,80.65,94.74,10.87,19.1,6.89,15.35,3.32,3.47,1.05,5.21
DCA,2023-06-20,11,27,25,27,25,88.89,88.89,88.0,4.67,14.41,2.87,6.22,2.36,1.66,0.8,3.04
DCA,2023-06-20,12,21,26,21,25,85.71,76.19,96.0,4.48,17.24,5.31,7.71,7.76,2.71,2.16,6.04
DCA,2023-06-20,13,25,28,25,28,88.0,68.0,82.14,5.44,19.28,7.18,10.64,4.39,3.84,2.89,22.14
DCA,2023-06-20,14,24,27,24,28,75.0,54.17,82.14,18.58,19.67,7.87,24.88,4.14,4.69,4.29,5.79
DCA,2023-06-20,15,31,19,31,20,83.87,45.16,70.0,14.52,28.32,16.36,27.39,4.95,6.23,5.0,27.6
DCA,2023-06-20,16,19,33,21,34,71.43,61.9,79.41,10.62,17.76,5.9,15.48,3.09,4.18,2.79,9.76
DCA,2023-06-20,17,35,16,34,17,73.53,64.71,70.59,19.26,23.26,11.21,27.47,2.82,2.64,2.82,30.29
DCA,2023-06-20,18,20,34,20,33,70.0,60.0,87.88,29.9,17.45,5.65,33.0,4.55,1.34,1.79,5.82
DCA,2023-06-20,19,25,23,26,23,92.31,84.62,82.61,5.04,14.81,3.01,6.69,4.0,1.5,2.83,10.96
DCA,2023-06-20,20,23,25,22,24,90.91,86.36,79.17,2.82,17.32,5.08,4.5,2.38,1.38,3.5,13.08
DCA,2023-06-20,21,4,35,4,34,100.0,100.0,79.41,1.5,16.0,4.25,1.75,4.91,0.88,3.47,11.53
DCA,2023-06-20,22,22,18,22,17,77.27,77.27,76.47,13.0,16.68,4.65,14.82,1.41,1.86,2.06,8.47
DCA,2023-06-20,23,0,7,0,7,0.0,0.0,85.71,0.0,0.0,0.0,0.0,2.0,1.04,0.57,3.71
DCA,2023-06-21,6,30,8,29,8,89.66,82.76,100.0,35.41,14.38,3.26,37.03,1.88,1.69,1.88,0.5
DCA,2023-06-21,7,23,26,23,27,95.65,91.3,92.59,1.74,17.65,5.93,4.39,5.89,4.36,4.93,4.07
DCA,2023-06-21,8,37,11,38,11,89.47,68.42,100.0,3.71,29.58,17.67,17.58,3.55,5.65,2.09,1.27
DCA,2023-06-21,9,15,33,15,33,86.67,80.0,78.79,3.13,23.27,11.5,7.8,3.94,3.04,2.18,10.7
DCA,2023-06-21,10,31,18,31,18,87.1,41.94,83.33,7.74,27.81,15.52,20.65,3.56,2.75,2.56,4.67
DCA,2023-06-21,11,27,25,27,24,77.78,74.07,95.83,14.85,22.48,10.74,23.41,4.63,1.55,2.54,3.42
DCA,2023-06-21,12,21,26,20,26,80.0,75.0,96.15,23.0,18.7,6.6,28.05,5.27,3.99,3.85,2.19
DCA,2023-06-21,13,25,28,27,28,85.19,70.37,75.0,4.33,21.3,9.2,10.41,3.57,5.01,3.86,11.25
DCA,2023-06-21,14,24,27,25,28,72.0,60.0,71.43,8.12,25.68,13.98,20.04,5.54,5.47,4.71,8.11
DCA,2023-06-21,15,31,19,31,19,70.97,32.26,68.42,14.0,29.23,17.26,28.94,2.63,2.63,3.89,20.79
DCA,2023-06-21,16,19,33,20,34,65.0,50.0,70.59,30.0,18.8,6.97,36.2,7.35,4.07,5.35,18.47
DCA,2023-06-21,17,35,16,36,16,66.67,47.22,75.0,37.03,21.56,9.48,43.86,3.5,8.2,5.13,13.44
DCA,2023-06-21,18,20,34,20,37,60.0,40.0,75.68,85.65,19.95,8.14,92.85,6.43,1.69,2.14,12.19
DCA,2023-06-21,19,25,23,26,23,61.54,61.54,73.91,14.65,17.73,5.92,18.85,13.52,0.77,8.74,19.35
DCA,2023-06-21,20,23,25,24,25,70.83,58.33,72.0,51.25,23.92,11.66,58.46,4.48,1.42,2.68,63.44
DCA,2023-06-21,21,4,35,4,34,100.0,100.0,67.65,3.0,16.0,4.18,4.0,7.47,3.51,4.76,40.59
DCA,2023-06-21,22,22,18,22,18,72.73,63.64,61.11,9.0,20.36,8.18,13.32,2.06,5.65,3.33,19.61
DCA,2023-06-21,23,0,7,0,7,0.0,0.0,85.71,0.0,0.0,0.0,0.0,2.43,1.04,0.0,7.57
DCA,2023-06-22,0,0,0,0,0,0.0,0.0,0.0,0.0,0.0,0.0,0.0,0.0,0.0,0.0,0.0
DCA,2023-06-22,1,0,0,0,1,0.0,0.0,100.0,0.0,0.0,0.0,0.0,0.0,0.0,0.0,0.0
DCA,2023-06-22,6,30,8,29,7,86.21,79.31,100.0,6.9,20.48,8.74,14.59,1.14,6.44,2.86,0.71
DCA,2023-06-22,7,23,26,24,26,87.5,87.5,96.15,7.96,18.67,6.74,11.17,5.81,6.23,4.23,2.04
DCA,2023-06-22,8,38,11,39,12,82.05,41.03,91.67,39.46,30.1,17.99,54.74,2.83,6.68,4.5,11.92
DCA,2023-06-22,9,16,33,16,32,68.75,37.5,78.13,22.44,25.0,12.9,32.94,8.41,3.77,5.47,15.31
DCA,2023-06-22,10,31,19,30,19,83.33,56.67,94.74,12.77,26.8,14.62,24.63,2.11,3.11,2.11,11.21
DCA,2023-06-22,11,27,25,27,25,66.67,55.56,72.0,38.33,18.67,7.13,44.11,2.84,2.18,5.56,59.64
DCA,2023-06-22,12,21,27,21,27,66.67,52.38,88.89,16.14,23.52,11.87,26.81,4.33,1.79,5.63,8.04
DCA,2023-06-22,13,25,28,26,28,80.77,42.31,89.29,10.77,29.58,17.34,24.88,4.86,3.82,5.39,12.82
DCA,2023-06-22,14,24,27,24,28,66.67,54.17,71.43,32.29,24.71,12.78,42.46,5.25,2.87,6.32,73.61
DCA,2023-06-22,15,31,19,32,21,59.38,46.88,76.19,50.84,25.25,13.33,62.22,2.19,0.84,5.48,19.38
DCA,2023-06-22,16,19,34,20,34,60.0,45.0,64.71,24.45,18.2,6.35,29.55,5.18,1.69,6.03,25.32
DCA,2023-06-22,17,35,16,35,17,62.86,51.43,64.71,23.97,22.11,10.14,32.74,3.0,1.76,8.24,19.59
DCA,2023-06-22,18,21,34,21,34,57.14,52.38,67.65,45.76,20.05,8.26,51.71,6.38,1.67,4.76,27.18
DCA,2023-06-22,19,26,23,27,23,62.96,48.15,69.57,30.22,19.33,7.43,36.11,4.65,2.11,5.17,60.17
DCA,2023-06-22,20,23,26,23,26,65.22,56.52,65.38,26.39,21.91,9.54,33.0,3.58,2.1,2.12,23.42
DCA,2023-06-22,21,4,35,4,35,50.0,50.0,60.0,29.0,11.25,0.4,28.75,7.66,2.71,4.29,45.8
DCA,2023-06-22,22,22,18,22,19,81.82,72.73,57.89,5.64,19.91,7.74,10.82,2.68,3.39,2.42,37.95
DCA,2023-06-22,23,0,7,0,7,0.0,0.0,57.14,0.0,0.0,0.0,0.0,3.71,1.76,0.0,10.71
DCA,2023-06-23,0,0,0,0,0,0.0,0.0,0.0,0.0,0.0,0.0,0.0,0.0,0.0,0.0,0.0
DCA,2023-06-23,3,0,0,0,0,0.0,0.0,0.0,0.0,0.0,0.0,0.0,0.0,0.0,0.0,0.0
DCA,2023-06-23,6,30,8,29,7,86.21,82.76,100.0,12.79,17.0,5.34,17.0,1.57,4.11,1.0,0.0
DCA,2023-06-23,7,23,26,23,26,86.96,82.61,96.15,21.13,19.96,8.08,26.52,5.92,4.8,3.5,1.88
DCA,2023-06-23,8,38,11,38,11,86.84,42.11,90.91,13.13,34.18,22.17,32.39,4.55,11.9,9.64,7.18
DCA,2023-06-23,9,16,33,16,34,75.0,56.25,76.47,26.88,23.56,11.46,35.56,7.56,3.77,7.03,16.24
DCA,2023-06-23,10,32,18,32,19,87.5,56.25,84.21,7.09,23.13,10.91,15.91,3.16,5.08,5.26,11.74
DCA,2023-06-23,11,26,25,27,25,81.48,59.26,92.0,13.33,22.96,11.13,22.37,3.96,0.86,2.0,3.4
DCA,2023-06-23,12,21,28,21,26,57.14,57.14,53.85,17.14,17.05,5.05,20.71,7.54,4.13,9.42,43.96
DCA,2023-06-23,13,25,28,24,28,41.67,25.0,46.43,36.96,26.67,14.42,51.0,6.11,5.64,12.07,26.21
DCA,2023-06-23,14,24,27,24,27,54.17,37.5,70.37,28.67,37.38,25.47,52.0,9.0,5.51,5.85,16.37
DCA,2023-06-23,15,32,18,30,17,40.0,20.0,58.82,43.77,53.67,41.72,84.77,10.53,2.49,8.65,20.47
DCA,2023-06-23,16,17,35,17,34,47.06,0.0,44.12,57.59,49.06,37.27,94.24,14.41,13.04,19.29,48.09
DCA,2023-06-23,17,36,16,35,16,54.29,2.86,31.25,84.8,48.03,35.93,119.71,6.63,9.76,9.06,77.88
DCA,2023-06-23,18,20,35,18,34,22.22,0.0,52.94,50.56,41.39,29.36,79.33,5.21,6.76,6.32,42.29
DCA,2023-06-23,19,27,22,30,18,66.67,26.67,38.89,61.13,28.97,16.99,76.5,2.61,7.39,3.39,46.94
DCA,2023-06-23,20,23,26,20,24,45.0,10.0,54.17,115.15,29.2,17.0,130.4,6.63,3.42,3.38,23.63
DCA,2023-06-23,21,4,35,5,31,60.0,60.0,45.16,12.6,14.2,2.42,14.8,8.81,5.07,3.94,32.65
DCA,2023-06-23,22,22,18,16,15,43.75,43.75,40.0,76.31,18.25,6.66,81.38,4.0,8.82,6.27,75.53
DCA,2023-06-23,23,0,7,0,4,0.0,0.0,50.0,0.0,0.0,0.0,0.0,2.75,13.43,14.0,168.5
DCA,2023-06-24,6,25,2,23,4,86.96,78.26,50.0,20.61,17.35,5.82,25.39,8.0,3.33,5.0,56.75
DCA,2023-06-24,7,16,24,16,22,75.0,68.75,54.55,26.81,18.5,6.94,32.44,3.55,3.42,4.0,50.68
DCA,2023-06-24,8,34,11,31,12,77.42,54.84,75.0,14.68,25.42,13.35,24.97,2.33,7.73,5.75,14.75
DCA,2023-06-24,9,19,27,18,27,72.22,55.56,66.67,18.94,20.33,8.57,25.39,4.07,9.32,6.0,34.41
DCA,2023-06-24,10,28,15,29,16,68.97,68.97,81.25,27.45,18.86,6.91,32.34,3.19,4.26,1.5,9.44
DCA,2023-06-24,11,23,18,23,17,82.61,73.91,82.35,14.35,16.43,4.79,17.48,4.53,2.75,3.47,14.24
DCA,2023-06-24,12,15,25,15,25,46.67,40.0,84.0,30.2,16.07,4.47,34.27,5.56,2.16,2.56,17.6
DCA,2023-06-24,13,22,22,22,21,77.27,50.0,71.43,29.05,24.18,12.22,39.5,3.52,2.92,2.48,27.67
DCA,2023-06-24,14,22,23,23,23,60.87,39.13,69.57,23.43,24.52,12.54,34.65,9.43,3.87,7.04,27.78
DCA,2023-06-24,15,21,15,22,15,72.73,27.27,66.67,25.82,29.23,17.07,41.64,5.0,4.71,4.27,12.4
DCA,2023-06-24,16,13,26,13,27,69.23,61.54,62.96,79.46,20.15,9.03,85.85,13.3,2.94,14.41,36.04
DCA,2023-06-24,17,26,16,24,16,70.83,54.17,68.75,27.25,18.63,6.75,32.17,6.38,2.14,5.75,40.25
DCA,2023-06-24,18,15,22,17,23,70.59,64.71,73.91,40.53,17.47,6.36,46.18,2.09,1.43,0.96,16.65
DCA,2023-06-24,19,18,18,15,17,66.67,60.0,41.18,17.67,16.0,4.04,20.73,2.76,1.28,1.24,55.59
DCA,2023-06-24,20,11,15,12,15,58.33,50.0,66.67,31.08,18.58,6.48,35.42,1.4,2.69,0.67,17.2
DCA,2023-06-24,21,2,20,1,18,100.0,100.0,66.67,0.0,15.0,2.7,0.0,1.83,3.43,2.61,11.0
DCA,2023-06-24,22,3,12,3,9,66.67,66.67,77.78,174.67,15.0,2.87,175.67,1.56,3.12,1.44,5.33
DCA,2023-06-25,6,20,2,19,1,89.47,84.21,100.0,10.32,15.74,4.47,13.58,0.0,0.0,0.0,0.0
DCA,2023-06-25,7,16,18,16,19,68.75,62.5,84.21,24.63,18.31,6.54,29.5,1.68,2.65,1.42,17.26
DCA,2023-06-25,8,33,8,32,9,93.75,81.25,77.78,7.44,21.34,9.64,14.22,3.44,2.59,2.67,18.56
DCA,2023-06-25,9,14,31,14,31,92.86,92.86,93.55,6.86,17.36,5.37,9.21,3.97,1.45,2.58,4.48
DCA,2023-06-25,10,34,14,35,15,91.43,88.57,80.0,4.6,19.17,7.06,8.26,11.87,3.27,11.87,25.2
DCA,2023-06-25,11,24,23,26,23,88.46,88.46,82.61,12.77,15.85,4.26,15.54,2.7,1.41,2.96,21.87
DCA,2023-06-25,12,19,27,18,27,83.33,77.78,85.19,8.61,18.89,7.22,13.89,3.22,2.37,0.67,17.41
DCA,2023-06-25,13,25,28,24,25,70.83,62.5,92.0,27.38,21.79,9.64,35.29,3.16,1.82,1.16,7.16
DCA,2023-06-25,14,23,28,21,28,80.95,52.38,85.71,8.9,25.33,13.3,19.9,5.18,6.43,2.0,13.04
DCA,2023-06-25,15,32,16,28,16,85.71,46.43,68.75,14.36,32.0,20.03,32.11,3.31,3.67,9.06,14.88
DCA,2023-06-25,16,17,35,15,33,20.0,13.33,69.7,200.13,32.53,20.81,220.33,37.48,1.34,37.36,62.79
DCA,2023-06-25,17,34,18,22,17,9.09,0.0,29.41,129.77,25.14,13.57,142.86,67.0,5.7,68.12,165.53
DCA,2023-06-25,18,23,32,15,26,0.0,0.0,3.85,214.47,21.13,9.41,224.0,66.46,6.3,75.92,168.15
DCA,2023-06-25,19,26,23,19,23,21.05,21.05,0.0,126.11,18.11,6.29,132.21,11.09,4.54,23.43,111.0
DCA,2023-06-25,20,23,26,15,28,0.0,0.0,10.71,127.27,16.67,4.89,131.73,7.93,7.52,19.29,103.43
DCA,2023-06-25,21,5,34,5,24,20.0,20.0,29.17,75.4,21.8,9.5,85.2,3.33,9.74,7.75,94.88
DCA,2023-06-25,22,20,20,15,13,33.33,33.33,15.38,40.8,17.33,5.15,44.4,1.46,9.96,6.15,93.69
DCA,2023-06-25,23,1,7,1,7,100.0,100.0,28.57,0.0,20.0,7.7,0.0,4.86,1.47,0.57,123.29
DCA,2023-06-26,0,0,0,0,0,0.0,0.0,0.0,0.0,0.0,0.0,0.0,0.0,0.0,0.0,0.0
DCA,2023-06-26,1,0,0,0,0,0.0,0.0,0.0,0.0,0.0,0.0,0.0,0.0,0.0,0.0,0.0
DCA,2023-06-26,2,0,0,0,0,0.0,0.0,0.0,0.0,0.0,0.0,0.0,0.0,0.0,0.0,0.0
DCA,2023-06-26,6,30,8,27,7,85.19,77.78,100.0,14.74,16.19,4.86,18.74,1.0,6.4,0.71,0.57
DCA,2023-06-26,7,23,26,22,23,77.27,72.73,69.57,24.45,16.64,4.96,27.55,2.61,12.39,5.74,29.3
DCA,2023-06-26,8,38,11,35,9,71.43,51.43,77.78,19.74,22.57,10.6,28.46,3.0,2.18,3.56,15.0
DCA,2023-06-26,9,16,33,14,30,78.57,64.29,76.67,16.14,21.07,9.08,22.64,4.77,3.24,1.9,34.0
DCA,2023-06-26,10,32,18,32,14,65.63,53.13,78.57,24.34,25.28,13.14,36.5,3.64,5.2,3.0,15.71
DCA,2023-06-26,11,26,25,27,25,70.37,55.56,88.0,21.59,19.74,7.99,28.41,2.64,1.82,3.16,7.48
DCA,2023-06-26,12,21,28,20,28,75.0,70.0,75.0,19.2,17.65,5.58,23.35,3.36,1.66,2.75,20.89
DCA,2023-06-26,13,25,28,22,27,68.18,54.55,55.56,34.59,23.55,11.63,44.14,3.93,6.79,4.37,71.33
DCA,2023-06-26,14,24,27,21,24,42.86,28.57,62.5,72.81,29.14,17.13,88.86,4.88,7.71,5.83,21.5
DCA,2023-06-26,15,32,18,31,19,48.39,22.58,78.95,33.61,25.74,14.07,47.19,2.0,6.32,5.68,12.53
DCA,2023-06-26,16,17,35,16,32,43.75,37.5,68.75,49.25,20.44,8.81,57.63,2.88,5.38,7.5,17.09
DCA,2023-06-26,17,36,16,31,12,61.29,16.13,75.0,27.16,39.23,27.05,52.87,3.5,8.73,1.75,18.25
DCA,2023-06-26,18,21,34,16,23,62.5,37.5,65.22,28.94,30.25,18.36,45.31,4.04,4.15,1.3,27.0
DCA,2023-06-26,19,26,23,19,20,52.63,26.32,55.0,30.26,30.11,17.9,47.16,5.95,4.29,4.1,54.0
DCA,2023-06-26,20,23,26,17,22,52.94,41.18,50.0,56.24,22.06,10.13,64.47,6.59,1.96,2.5,61.5
DCA,2023-06-26,21,4,35,3,26,100.0,66.67,50.0,2.0,31.33,19.67,19.33,7.38,2.2,4.54,29.5
DCA,2023-06-26,22,22,18,14,14,85.71,64.29,50.0,8.71,23.29,11.15,17.29,5.07,2.84,1.07,21.14
DCA,2023-06-26,23,0,7,0,6,0.0,0.0,50.0,0.0,0.0,0.0,0.0,3.67,4.38,2.5,134.83
DCA,2023-06-27,6,30,8,27,6,88.89,74.07,66.67,5.63,15.78,4.55,9.44,1.0,3.3,1.33,10.33
DCA,2023-06-27,7,23,26,20,22,75.0,75.0,90.91,24.9,17.45,5.58,29.05,2.77,8.82,3.36,5.0
DCA,2023-06-27,8,37,11,34,8,88.24,55.88,100.0,5.26,26.56,14.46,16.68,1.5,1.77,1.38,0.88
DCA,2023-06-27,9,15,33,13,31,92.31,61.54,83.87,5.0,20.46,8.55,12.31,8.13,5.05,4.77,5.84
DCA,2023-06-27,10,32,17,30,18,73.33,70.0,83.33,12.87,14.8,3.18,14.93,2.78,3.11,2.0,41.89
DCA,2023-06-27,11,26,25,25,24,76.0,64.0,87.5,23.88,17.4,5.75,28.76,2.79,2.32,0.38,3.75
DCA,2023-06-27,12,21,27,21,24,66.67,57.14,66.67,25.48,24.76,12.81,37.05,4.08,3.3,2.42,14.54
DCA,2023-06-27,13,25,28,22,28,68.18,31.82,78.57,20.86,45.82,33.72,53.18,9.04,2.45,6.0,17.36
DCA,2023-06-27,14,24,27,21,26,57.14,23.81,50.0,64.14,46.86,34.95,96.76,50.35,4.95,46.15,91.85
DCA,2023-06-27,15,32,18,28,16,32.14,17.86,6.25,58.61,45.75,33.96,91.04,89.38,5.83,99.44,110.31
DCA,2023-06-27,16,17,34,13,32,15.38,15.38,9.38,146.08,21.0,9.65,155.77,25.59,5.73,34.13,73.38
DCA,2023-06-27,17,36,16,22,22,13.64,9.09,22.73,82.32,34.86,22.94,104.91,7.0,18.39,28.32,100.77
DCA,2023-06-27,18,20,34,17,29,11.76,0.0,34.48,91.29,40.88,28.99,120.0,14.93,9.85,21.59,91.83
DCA,2023-06-27,19,25,23,23,17,13.04,0.0,5.88,65.22,25.65,13.52,79.0,18.71,13.47,26.29,90.29
DCA,2023-06-27,20,23,25,18,21,11.11,5.56,23.81,78.39,18.5,6.34,84.72,8.57,13.75,10.95,32.57
DCA,2023-06-27,21,4,35,3,22,33.33,33.33,40.91,35.0,12.67,1.47,36.0,1.95,12.41,9.18,37.5
DCA,2023-06-27,22,22,18,12,15,41.67,41.67,60.0,29.42,15.08,3.86,31.25,1.93,5.55,4.07,16.07
DCA,2023-06-27,23,0,7,1,4,100.0,100.0,75.0,0.0,17.0,4.7,5.0,2.25,0.25,0.0,7.0
DCA,2023-06-28,0,0,0,0,0,0.0,0.0,0.0,0.0,0.0,0.0,0.0,0.0,0.0,0.0,0.0
DCA,2023-06-28,6,30,8,27,8,70.37,66.67,87.5,25.04,15.74,4.28,28.04,0.5,3.97,1.38,2.25
DCA,2023-06-28,7,23,26,21,21,95.24,85.71,80.95,4.52,18.43,6.4,8.86,3.0,9.76,4.52,14.57
DCA,2023-06-28,8,37,11,35,12,85.71,51.43,58.33,10.0,28.09,15.99,23.37,1.75,4.7,2.42,35.5
DCA,2023-06-28,9,15,33,14,33,64.29,35.71,90.91,11.43,25.57,13.51,23.21,4.73,2.36,0.88,15.61
DCA,2023-06-28,10,32,17,31,17,90.32,51.61,70.59,23.87,26.9,14.64,36.16,2.35,5.45,4.24,11.65
DCA,2023-06-28,11,26,25,26,25,65.38,61.54,88.0,30.23,17.04,5.37,34.23,1.56,2.41,1.36,16.0
DCA,2023-06-28,12,21,27,20,26,90.0,75.0,80.77,15.9,18.8,6.62,20.2,2.62,2.2,0.65,10.19
DCA,2023-06-28,13,25,28,26,27,69.23,65.38,74.07,17.12,21.04,8.99,24.15,2.85,2.71,2.85,27.85
DCA,2023-06-28,14,24,27,23,26,78.26,52.17,73.08,8.35,22.48,10.53,17.0,5.15,3.3,2.12,22.69
DCA,2023-06-28,15,32,18,32,17,81.25,37.5,64.71,23.31,26.91,14.93,35.22,2.82,2.14,3.59,19.0
DCA,2023-06-28,16,17,34,17,33,52.94,41.18,84.85,38.24,18.76,7.1,44.65,8.61,0.93,1.82,17.0
DCA,2023-06-28,17,36,16,35,15,82.86,45.71,73.33,17.06,27.4,15.26,29.43,3.33,7.78,3.93,25.2
DCA,2023-06-28,18,20,34,19,33,63.16,47.37,84.85,26.95,22.74,10.86,36.0,3.97,1.98,0.24,14.03
DCA,2023-06-28,19,25,23,25,21,76.0,56.0,61.9,12.24,20.6,8.83,19.04,9.71,1.62,4.62,30.0
DCA,2023-06-28,20,23,25,21,25,61.9,42.86,80.0,27.14,22.05,9.69,35.38,2.84,3.4,0.76,10.52
DCA,2023-06-28,21,4,35,4,32,50.0,50.0,68.75,26.0,14.75,3.03,27.5,9.44,1.54,7.5,12.09
DCA,2023-06-28,22,22,18,22,17,81.82,63.64,70.59,8.27,23.27,11.1,16.59,1.94,5.44,2.0,46.94
DCA,2023-06-28,23,0,7,0,5,0.0,0.0,60.0,0.0,0.0,0.0,0.0,3.2,2.94,0.0,7.6
DCA,2023-06-29,6,30,8,27,9,92.59,85.19,88.89,5.04,18.67,7.21,10.48,0.44,3.38,0.78,13.56
DCA,2023-06-29,7,23,26,22,26,86.36,81.82,84.62,16.05,19.68,7.52,20.95,5.5,7.0,5.65,4.5
DCA,2023-06-29,8,38,11,38,13,97.37,39.47,76.92,1.61,38.58,26.47,24.66,4.0,5.63,4.85,13.77
DCA,2023-06-29,9,16,33,16,31,68.75,37.5,90.32,14.25,28.38,16.27,28.25,6.77,3.89,3.13,7.68
DCA,2023-06-29,10,32,18,32,18,93.75,62.5,94.44,4.13,28.03,15.78,16.53,3.72,5.34,2.5,2.89
DCA,2023-06-29,11,26,25,28,24,85.71,53.57,79.17,6.86,24.04,12.32,17.89,4.0,1.24,4.71,9.33
DCA,2023-06-29,12,21,28,21,28,66.67,42.86,75.0,18.33,23.0,10.86,26.43,4.0,1.28,1.25,10.46
DCA,2023-06-29,13,25,28,25,28,64.0,60.0,67.86,24.76,19.48,7.45,29.8,6.18,5.49,5.25,21.61
DCA,2023-06-29,14,24,27,23,26,82.61,60.87,76.92,7.74,20.61,8.74,15.22,7.27,2.08,1.81,7.46
DCA,2023-06-29,15,32,18,32,19,59.38,28.13,68.42,27.03,23.34,11.37,36.78,3.63,4.36,4.79,9.63
DCA,2023-06-29,16,17,35,19,36,57.89,52.63,77.78,14.42,17.68,6.08,18.53,8.86,4.94,7.44,16.72
DCA,2023-06-29,17,36,16,37,16,78.38,64.86,81.25,19.0,17.49,5.58,23.24,6.06,3.38,3.31,12.25
DCA,2023-06-29,18,21,34,21,35,57.14,42.86,57.14,25.1,19.33,7.33,31.14,6.14,2.54,7.74,28.94
DCA,2023-06-29,19,26,23,26,23,61.54,53.85,43.48,25.42,16.42,4.48,29.0,7.17,3.54,13.78,30.35
DCA,2023-06-29,20,23,26,23,25,60.87,34.78,64.0,25.7,19.7,7.53,32.61,8.12,3.94,7.56,20.12
DCA,2023-06-29,21,4,35,4,35,50.0,50.0,51.43,26.75,16.5,5.0,31.75,15.14,2.96,10.8,20.77
DCA,2023-06-29,22,22,18,22,18,77.27,63.64,50.0,8.23,18.68,6.66,13.45,46.28,7.51,47.33,112.06
DCA,2023-06-29,23,0,7,0,7,0.0,0.0,85.71,0.0,0.0,0.0,0.0,4.57,1.61,0.71,2.71
DCA,2023-06-30,6,30,8,30,8,86.67,76.67,75.0,3.33,16.1,4.53,6.6,0.88,5.68,2.63,32.13
DCA,2023-06-30,7,23,26,23,26,91.3,86.96,88.46,22.3,16.17,4.15,24.87,7.23,4.68,3.88,6.08
DCA,2023-06-30,8,38,11,37,11,83.78,59.46,63.64,19.41,24.57,12.57,29.05,4.27,3.05,6.0,23.73
DCA,2023-06-30,9,16,33,16,34,68.75,68.75,73.53,38.44,18.06,6.0,42.13,10.85,3.54,8.53,14.94
DCA,2023-06-30,10,32,18,33,19,72.73,66.67,78.95,37.97,16.39,4.48,41.52,3.42,3.41,1.26,33.68
DCA,2023-06-30,11,26,25,26,24,76.92,69.23,87.5,15.04,16.73,4.95,19.42,4.63,4.42,7.13,29.42
DCA,2023-06-30,12,21,28,20,29,70.0,55.0,82.76,23.1,18.35,6.37,28.85,6.31,4.91,3.24,6.97
DCA,2023-06-30,13,25,28,25,28,76.0,52.0,71.43,10.52,26.88,14.69,23.48,15.36,5.11,13.57,30.04
DCA,2023-06-30,14,24,27,24,27,79.17,58.33,74.07,25.71,19.92,8.14,31.17,9.63,4.33,3.41,13.04
DCA,2023-06-30,15,32,18,32,18,65.63,56.25,66.67,14.44,17.13,5.51,18.69,36.22,1.88,35.11,100.61
DCA,2023-06-30,16,17,35,17,31,41.18,35.29,16.13,72.94,13.65,2.15,74.65,123.0,4.94,123.0,148.55
DCA,2023-06-30,17,36,16,28,19,17.86,14.29,0.0,158.79,19.75,7.99,166.64,59.37,7.28,72.42,131.58
DCA,2023-06-30,18,20,35,16,43,6.25,6.25,16.28,122.13,17.69,5.94,128.06,14.12,4.43,20.91,66.33
DCA,2023-06-30,19,27,22,22,26,27.27,18.18,3.85,70.91,18.05,6.18,76.77,13.5,6.92,32.38,77.23
DCA,2023-06-30,20,23,26,20,25,25.0,25.0,20.0,68.45,20.0,7.99,76.4,6.76,6.08,14.96,92.28
DCA,2023-06-30,21,4,35,4,20,25.0,0.0,25.0,66.75,16.0,5.25,71.25,4.3,8.0,13.3,107.8
DCA,2023-06-30,22,22,18,15,16,26.67,20.0,31.25,99.8,19.87,8.41,107.07,5.44,3.14,2.63,35.13
DCA,2023-06-30,23,0,7,1,9,100.0,100.0,44.44,0.0,19.0,6.7,7.0,4.56,6.36,3.0,24.67
DCA,2023-07-01,0,0,0,0,1,0.0,0.0,100.0,0.0,0.0,0.0,0.0,2.0,1.4,11.0,0.0
DCA,2023-07-01,1,0,0,0,0,0.0,0.0,0.0,0.0,0.0,0.0,0.0,0.0,0.0,0.0,0.0
DCA,2023-07-01,2,0,0,0,0,0.0,0.0,0.0,0.0,0.0,0.0,0.0,0.0,0.0,0.0,0.0
DCA,2023-07-01,5,0,0,1,0,100.0,100.0,0.0,0.0,13.0,0.7,1.0,0.0,0.0,0.0,0.0
DCA,2023-07-01,6,25,2,23,3,86.96,82.61,66.67,35.3,14.83,3.86,37.87,0.33,2.67,2.33,9.67
DCA,2023-07-01,7,16,24,16,20,81.25,75.0,85.0,12.94,15.13,3.32,15.38,4.25,3.74,1.95,19.95
DCA,2023-07-01,8,34,11,36,12,80.56,61.11,75.0,23.17,19.89,7.96,29.06,1.42,4.0,2.83,5.92
DCA,2023-07-01,9,19,28,18,28,83.33,77.78,82.14,52.0,18.5,6.47,56.17,4.36,3.17,3.86,18.93
DCA,2023-07-01,10,29,14,30,15,83.33,70.0,80.0,14.0,19.23,7.03,19.23,3.6,1.76,0.33,31.53
DCA,2023-07-01,11,22,19,22,20,81.82,72.73,80.0,24.0,15.55,3.95,26.77,11.4,1.67,9.0,12.95
DCA,2023-07-01,12,16,25,17,27,64.71,64.71,74.07,36.06,15.24,3.46,38.88,3.11,2.87,3.81,19.07
DCA,2023-07-01,13,22,23,22,23,77.27,68.18,73.91,6.73,18.0,6.04,10.77,4.22,4.33,1.74,17.48
DCA,2023-07-01,14,23,23,23,24,78.26,65.22,87.5,13.0,22.17,10.29,21.74,4.63,5.29,3.58,6.25
DCA,2023-07-01,15,21,14,21,14,66.67,57.14,71.43,43.86,20.24,8.13,51.57,13.0,2.14,11.57,34.36
DCA,2023-07-01,16,13,28,12,27,58.33,8.33,74.07,19.83,39.33,27.74,46.42,9.59,4.14,6.19,22.74
DCA,2023-07-01,17,28,16,28,17,53.57,25.0,47.06,41.25,32.71,20.48,60.89,29.47,2.76,28.41,51.35
DCA,2023-07-01,18,14,24,14,22,35.71,7.14,36.36,60.14,26.14,14.67,74.57,10.86,3.36,10.36,86.05
DCA,2023-07-01,19,20,17,19,14,42.11,31.58,14.29,97.16,18.47,6.55,103.16,13.5,1.6,23.71,127.86
DCA,2023-07-01,20,12,15,8,18,0.0,0.0,38.89,202.38,15.25,3.8,205.5,3.72,1.66,5.0,66.78
DCA,2023-07-01,21,2,21,1,17,100.0,100.0,23.53,0.0,19.0,6.7,1.0,4.41,8.36,12.29,54.06
DCA,2023-07-01,22,3,12,2,13,50.0,50.0,46.15,45.0,10.5,0.0,44.0,2.23,6.44,8.54,23.23
DCA,2023-07-01,23,0,1,0,1,0.0,0.0,100.0,0.0,0.0,0.0,0.0,6.0,3.7,0.0,0.0
DCA,2023-07-02,0,0,0,0,0,0.0,0.0,0.0,0.0,0.0,0.0,0.0,0.0,0.0,0.0,0.0
DCA,2023-07-02,6,20,2,19,2,89.47,63.16,100.0,17.42,19.37,7.94,23.89,0.0,2.3,10.5,7.0
DCA,2023-07-02,7,16,18,16,17,100.0,93.75,94.12,0.31,16.0,4.46,3.25,4.24,3.45,3.12,3.47
DCA,2023-07-02,8,33,8,35,8,94.29,74.29,87.5,2.91,26.14,14.05,13.89,4.13,3.31,1.0,4.13
DCA,2023-07-02,9,14,32,15,29,80.0,73.33,79.31,7.87,18.2,6.13,12.13,2.45,1.62,0.62,18.9
DCA,2023-07-02,10,35,13,35,14,85.71,74.29,64.29,8.26,19.06,7.12,12.6,2.86,2.51,0.93,8.36
DCA,2023-07-02,11,23,24,23,24,65.22,60.87,75.0,31.7,14.61,2.79,33.57,2.71,1.75,1.67,15.46
DCA,2023-07-02,12,20,27,19,27,78.95,78.95,88.89,12.74,17.21,5.27,17.32,4.59,2.04,1.96,10.78
DCA,2023-07-02,13,25,28,25,28,80.0,68.0,92.86,10.2,17.68,5.57,14.4,3.14,3.52,1.61,8.46
DCA,2023-07-02,14,23,28,24,28,70.83,54.17,82.14,18.46,25.63,13.68,31.08,6.36,5.48,2.68,9.75
DCA,2023-07-02,15,32,16,32,15,71.88,50.0,66.67,26.31,22.16,10.11,35.16,2.53,5.91,4.33,20.2
DCA,2023-07-02,16,17,35,16,36,81.25,62.5,75.0,17.5,19.44,7.84,24.19,7.06,4.48,4.08,23.22
DCA,2023-07-02,17,34,18,33,17,75.76,57.58,76.47,18.06,18.94,6.82,23.88,5.0,2.91,0.0,13.06
DCA,2023-07-02,18,23,32,23,33,60.87,43.48,60.61,38.65,19.09,7.4,45.17,2.45,1.63,0.39,50.61
DCA,2023-07-02,19,26,23,26,23,61.54,50.0,73.91,28.15,16.54,4.76,31.38,3.35,2.71,1.48,24.39
DCA,2023-07-02,20,23,26,19,26,63.16,57.89,76.92,21.58,17.47,5.22,25.74,3.08,1.35,0.58,11.92
DCA,2023-07-02,21,4,35,4,34,50.0,50.0,55.88,214.0,15.5,4.0,217.5,3.38,4.33,1.47,30.0
DCA,2023-07-02,22,21,19,21,18,80.95,76.19,38.89,12.48,18.05,6.1,16.38,3.39,2.48,2.61,87.94
DCA,2023-07-02,23,1,7,0,6,0.0,0.0,50.0,0.0,0.0,0.0,0.0,5.17,1.0,3.0,31.83
DCA,2023-07-03,0,0,0,0,0,0.0,0.0,0.0,0.0,0.0,0.0,0.0,0.0,0.0,0.0,0.0
DCA,2023-07-03,1,0,0,0,0,0.0,0.0,0.0,0.0,0.0,0.0,0.0,0.0,0.0,0.0,0.0
DCA,2023-07-03,6,27,5,27,5,96.3,88.89,80.0,13.52,14.04,3.0,15.3,0.6,3.9,0.0,75.4
DCA,2023-07-03,7,19,26,19,26,94.74,94.74,96.15,7.95,14.05,2.65,9.32,5.65,2.85,0.81,2.23
DCA,2023-07-03,8,38,10,39,11,97.44,82.05,100.0,5.31,19.77,8.16,10.0,2.09,5.29,0.82,0.09
DCA,2023-07-03,9,16,31,16,31,93.75,93.75,90.32,1.56,17.94,6.03,4.19,4.52,4.34,4.03,7.74
DCA,2023-07-03,10,31,16,31,17,83.87,77.42,76.47,21.68,17.65,5.61,24.81,1.94,2.54,0.0,19.18
DCA,2023-07-03,11,26,24,26,24,92.31,92.31,95.83,3.85,16.54,4.93,6.35,2.75,1.75,0.08,4.0
DCA,2023-07-03,12,19,27,20,29,95.0,85.0,96.55,5.1,14.05,2.44,6.7,3.79,2.13,1.69,7.1
DCA,2023-07-03,13,23,28,24,28,95.83,87.5,82.14,1.58,20.38,8.24,6.25,4.86,4.95,2.07,9.04
DCA,2023-07-03,14,22,28,22,28,86.36,59.09,75.0,17.18,21.18,9.63,24.45,5.04,7.34,3.61,10.43
DCA,2023-07-03,15,33,17,33,18,78.79,51.52,83.33,13.79,25.67,13.66,24.73,7.0,5.08,6.17,7.17
DCA,2023-07-03,16,16,34,16,34,93.75,62.5,79.41,6.0,21.19,9.76,13.75,11.03,9.36,8.79,14.38
DCA,2023-07-03,17,32,15,32,15,56.25,28.13,80.0,18.5,32.53,20.45,38.53,2.33,9.67,4.87,7.73
DCA,2023-07-03,18,19,27,19,28,73.68,42.11,71.43,14.95,21.58,9.62,23.16,3.04,7.23,4.39,15.86
DCA,2023-07-03,19,22,18,22,18,95.45,90.91,72.22,3.0,19.0,7.29,7.73,4.22,4.57,1.33,16.72
DCA,2023-07-03,20,16,20,17,20,70.59,64.71,95.0,14.82,27.88,15.61,26.82,0.8,1.44,1.35,1.55
DCA,2023-07-03,21,2,23,2,22,100.0,100.0,59.09,0.5,17.0,5.65,2.0,4.36,2.06,6.05,22.77
DCA,2023-07-03,22,8,14,8,14,75.0,25.0,78.57,24.5,63.13,51.01,73.5,3.93,2.56,4.79,9.07
DCA,2023-07-03,23,0,7,0,7,0.0,0.0,42.86,0.0,0.0,0.0,0.0,28.29,3.23,32.71,151.57
DCA,2023-07-04,0,0,0,0,1,0.0,0.0,0.0,0.0,0.0,0.0,0.0,3.0,2.3,22.0,49.0
DCA,2023-07-04,1,0,0,0,1,0.0,0.0,0.0,0.0,0.0,0.0,0.0,0.0,1.0,13.0,60.0
DCA,2023-07-04,2,0,0,0,0,0.0,0.0,0.0,0.0,0.0,0.0,0.0,0.0,0.0,0.0,0.0
DCA,2023-07-04,6,24,5,24,5,91.67,83.33,100.0,17.75,17.92,6.19,21.58,0.2,1.24,0.0,0.0
DCA,2023-07-04,7,20,24,20,24,95.0,90.0,95.83,1.6,15.55,3.95,3.35,3.46,5.28,2.96,5.96
DCA,2023-07-04,8,33,9,34,9,100.0,79.41,100.0,0.29,25.12,13.11,7.94,1.22,5.37,0.22,0.78
DCA,2023-07-04,9,15,25,15,25,100.0,93.33,100.0,0.33,16.93,5.19,3.07,4.92,1.97,0.96,0.36
DCA,2023-07-04,10,28,17,28,16,100.0,82.14,93.75,0.36,24.21,12.15,7.43,2.31,2.41,0.0,2.25
DCA,2023-07-04,11,27,21,26,22,92.31,88.46,90.91,3.31,15.77,4.47,5.65,1.95,0.88,0.0,18.05
DCA,2023-07-04,12,18,26,17,26,94.12,88.24,100.0,5.35,18.65,6.88,7.59,3.12,1.13,0.08,0.19
DCA,2023-07-04,13,22,27,21,27,100.0,90.48,96.3,0.0,23.71,11.4,4.76,2.52,4.75,3.07,12.74
DCA,2023-07-04,14,21,27,20,28,95.0,90.0,92.86,2.6,17.95,6.09,6.4,4.18,5.23,4.04,10.0
DCA,2023-07-04,15,30,14,30,14,90.0,70.0,85.71,11.4,22.5,10.54,17.6,1.0,6.8,4.64,18.71
DCA,2023-07-04,16,16,28,16,28,68.75,68.75,92.86,49.5,16.31,4.91,52.75,2.04,2.74,2.46,7.18
DCA,2023-07-04,17,26,14,24,13,95.83,95.83,84.62,3.96,16.96,5.13,5.79,1.0,2.47,0.46,6.85
DCA,2023-07-04,18,18,22,18,22,83.33,72.22,86.36,10.22,19.83,8.16,15.94,2.14,1.75,0.05,11.41
DCA,2023-07-04,19,14,11,14,9,100.0,92.86,88.89,0.71,14.43,3.38,3.43,1.44,1.02,0.33,9.33
DCA,2023-07-04,20,7,15,7,16,100.0,100.0,100.0,0.43,17.29,5.37,2.14,0.75,0.74,0.19,0.25
DCA,2023-07-04,21,2,17,3,17,100.0,100.0,70.59,0.0,16.33,4.67,2.67,2.76,2.74,2.76,16.82
DCA,2023-07-04,22,2,14,2,14,0.0,0.0,64.29,73.5,25.0,12.95,86.5,0.71,4.16,1.71,19.29
DCA,2023-07-04,23,0,5,0,4,0.0,0.0,100.0,0.0,0.0,0.0,0.0,1.0,0.93,0.0,0.0
DCA,2023-07-05,0,0,0,0,0,0.0,0.0,0.0,0.0,0.0,0.0,0.0,0.0,0.0,0.0,0.0
DCA,2023-07-05,6,30,8,30,8,100.0,96.67,87.5,0.33,15.37,4.15,2.73,1.88,2.3,1.75,21.75
DCA,2023-07-05,7,22,26,22,26,77.27,81.82,80.77,13.86,17.5,5.72,16.59,2.08,3.42,1.23,15.08
DCA,2023-07-05,8,35,11,36,10,91.67,66.67,80.0,4.61,24.58,12.5,13.03,2.7,8.83,5.5,6.1
DCA,2023-07-05,9,15,31,14,31,92.86,78.57,80.65,4.57,18.43,6.52,8.36,8.87,5.78,6.52,8.0
DCA,2023-07-05,10,32,16,33,16,87.88,72.73,93.75,12.12,21.24,8.99,19.09,2.56,2.44,0.44,3.5
DCA,2023-07-05,11,25,25,25,25,100.0,88.0,92.0,1.24,17.44,5.6,4.08,2.36,1.15,1.0,4.4
DCA,2023-07-05,12,21,27,21,28,76.19,71.43,85.71,17.1,19.71,7.86,22.86,2.75,1.54,0.96,11.36
DCA,2023-07-05,13,25,28,25,29,92.0,64.0,72.41,3.96,30.4,18.2,19.52,2.24,5.93,2.1,16.14
DCA,2023-07-05,14,25,26,26,26,65.38,23.08,80.77,38.81,38.0,25.99,63.23,4.15,7.89,5.58,6.19
DCA,2023-07-05,15,31,19,31,18,51.61,9.68,44.44,46.84,42.52,30.6,75.84,11.5,28.34,31.28,31.72
DCA,2023-07-05,16,17,34,17,35,5.88,0.0,40.0,67.82,29.53,17.74,85.82,10.26,20.37,23.29,44.34
DCA,2023-07-05,17,36,16,35,18,51.43,31.43,61.11,69.71,24.54,12.43,80.69,5.11,5.24,7.28,37.06
DCA,2023-07-05,18,20,34,19,34,57.89,47.37,47.06,32.11,22.0,10.29,40.84,3.24,5.55,6.24,37.85
DCA,2023-07-05,19,25,22,25,21,56.0,52.0,47.62,33.6,16.88,5.36,37.48,4.95,3.98,3.29,37.81
DCA,2023-07-05,20,23,25,23,26,47.83,43.48,65.38,31.65,18.78,6.5,36.26,4.58,2.75,5.81,23.85
DCA,2023-07-05,21,4,35,3,33,66.67,66.67,60.61,8.33,19.67,7.37,13.67,5.18,5.33,6.88,46.36
DCA,2023-07-05,22,22,18,22,15,63.64,45.45,73.33,40.14,20.95,8.9,46.32,1.8,7.19,8.47,14.2
DCA,2023-07-05,23,0,7,0,7,0.0,0.0,57.14,0.0,0.0,0.0,0.0,3.14,3.51,10.29,15.57
DCA,2023-07-06,6,29,8,29,8,96.55,82.76,100.0,1.45,17.86,6.29,5.41,1.25,5.68,0.5,0.0
DCA,2023-07-06,7,22,26,21,26,100.0,90.48,84.62,0.95,19.0,6.93,3.62,4.88,9.7,4.31,32.54
DCA,2023-07-06,8,38,11,40,12,82.5,72.5,91.67,23.23,22.2,10.14,29.68,3.08,8.57,2.5,5.75
DCA,2023-07-06,9,16,33,17,33,76.47,76.47,81.82,16.53,17.29,5.22,19.35,6.94,3.03,4.09,16.0
DCA,2023-07-06,10,34,17,34,17,76.47,70.59,100.0,13.71,19.26,7.06,18.53,3.53,3.69,1.06,0.82
DCA,2023-07-06,11,25,26,25,26,92.0,80.0,96.15,9.2,21.76,9.92,16.72,5.38,2.39,0.58,2.81
DCA,2023-07-06,12,21,28,21,29,66.67,33.33,72.41,25.76,25.29,13.18,36.1,11.59,3.42,5.52,13.1
DCA,2023-07-06,13,25,28,26,29,26.92,26.92,58.62,54.0,26.38,14.11,67.77,24.07,9.97,25.1,45.66
DCA,2023-07-06,14,24,26,24,26,20.83,0.0,15.38,42.67,34.0,22.06,64.92,22.08,21.78,31.42,38.35
DCA,2023-07-06,15,32,18,32,18,28.13,0.0,55.56,43.66,33.94,21.99,65.53,13.33,5.57,15.44,27.72
DCA,2023-07-06,16,17,36,17,38,58.82,35.29,36.84,29.94,24.18,12.46,41.29,10.16,5.86,8.18,41.0
DCA,2023-07-06,17,36,16,32,17,71.88,50.0,58.82,10.91,20.0,8.12,18.0,5.53,6.01,6.12,27.06
DCA,2023-07-06,18,21,34,20,32,65.0,55.0,56.25,18.65,19.55,7.73,24.7,5.69,2.24,5.78,27.09
DCA,2023-07-06,19,26,23,25,23,64.0,52.0,52.17,24.88,19.52,7.6,31.36,4.83,3.86,2.0,30.39
DCA,2023-07-06,20,23,26,23,24,52.17,30.43,75.0,18.43,22.96,10.7,27.0,2.83,2.6,3.58,15.79
DCA,2023-07-06,21,4,35,4,30,75.0,75.0,63.33,30.25,16.0,5.07,30.25,2.87,3.39,1.43,17.77
DCA,2023-07-06,22,22,18,21,18,76.19,61.9,77.78,63.76,16.71,4.74,66.81,2.0,6.29,3.22,7.22
DCA,2023-07-06,23,0,7,0,7,0.0,0.0,71.43,0.0,0.0,0.0,0.0,3.29,1.37,0.0,8.43
DCA,2023-07-07,6,29,8,27,8,100.0,88.89,87.5,0.41,16.0,4.53,2.96,0.25,8.18,0.13,9.75
DCA,2023-07-07,7,23,26,23,25,86.96,86.96,88.0,14.43,16.65,4.78,16.65,3.32,6.23,3.68,22.16
DCA,2023-07-07,8,38,11,39,12,92.31,84.62,100.0,14.05,19.33,7.34,17.74,2.17,7.43,0.33,1.42
DCA,2023-07-07,9,16,33,16,33,81.25,75.0,84.85,3.94,16.94,5.13,6.81,9.94,3.01,7.42,5.55
DCA,2023-07-07,10,34,17,35,18,80.0,65.71,83.33,23.4,22.66,10.44,30.4,3.22,9.98,7.72,20.11
DCA,2023-07-07,11,25,26,24,26,83.33,79.17,92.31,52.38,21.58,10.04,60.13,3.77,2.4,0.08,3.0
DCA,2023-07-07,12,21,28,21,29,47.62,33.33,51.72,71.71,38.24,26.44,97.1,6.93,29.07,27.34,41.28
DCA,2023-07-07,13,25,28,21,27,4.76,4.76,25.93,103.57,34.29,22.1,125.52,29.04,32.13,53.37,71.41
DCA,2023-07-07,14,24,26,24,27,25.0,0.0,14.81,78.13,31.63,19.68,98.04,19.81,43.28,51.7,101.11
DCA,2023-07-07,15,32,18,27,17,18.52,3.7,23.53,57.89,23.22,11.36,69.07,25.53,6.76,39.24,61.0
DCA,2023-07-07,16,17,36,16,33,43.75,25.0,27.27,52.19,21.19,9.59,61.81,25.61,3.45,28.48,58.03
DCA,2023-07-07,17,36,16,24,18,33.33,29.17,27.78,55.08,19.58,7.65,61.83,7.06,1.77,7.72,82.39
DCA,2023-07-07,18,21,34,17,31,35.29,23.53,35.48,43.47,25.0,13.22,55.53,4.29,3.61,7.23,66.74
DCA,2023-07-07,19,26,23,22,13,27.27,22.73,15.38,84.05,18.77,7.2,90.0,2.92,5.95,2.62,70.0
DCA,2023-07-07,20,23,26,16,23,37.5,37.5,78.26,54.5,16.63,4.72,58.06,2.7,0.98,2.74,15.3
DCA,2023-07-07,21,4,35,3,24,100.0,100.0,50.0,0.0,13.67,2.0,0.0,5.54,9.53,9.83,37.5
DCA,2023-07-07,22,22,18,17,16,58.82,47.06,56.25,14.94,18.12,6.27,20.12,25.31,5.28,30.5,49.88
DCA,2023-07-07,23,0,7,1,6,100.0,100.0,83.33,0.0,7.0,0.0,0.0,3.0,2.33,0.0,5.5
DCA,2023-07-08,0,0,0,1,0,100.0,100.0,0.0,0.0,12.0,0.0,0.0,0.0,0.0,0.0,0.0
DCA,2023-07-08,6,24,2,24,3,95.83,83.33,66.67,2.5,13.83,2.86,4.79,1.67,7.53,14.33,11.33
DCA,2023-07-08,7,16,24,16,21,75.0,75.0,85.71,19.19,18.25,6.71,24.75,2.57,2.14,0.24,4.05
DCA,2023-07-08,8,34,11,36,12,80.56,61.11,66.67,10.11,27.22,15.33,22.72,0.67,7.13,2.67,10.33
DCA,2023-07-08,9,19,28,19,26,73.68,57.89,92.31,24.05,21.16,9.18,30.16,3.23,3.87,1.19,2.23
DCA,2023-07-08,10,30,14,31,14,80.65,61.29,92.86,19.87,22.77,10.65,28.61,1.0,1.55,0.71,1.64
DCA,2023-07-08,11,22,19,22,19,63.64,59.09,89.47,36.68,18.14,6.34,41.59,2.16,0.22,0.0,3.74
DCA,2023-07-08,12,15,26,15,27,66.67,66.67,74.07,27.8,20.8,8.97,35.4,6.85,1.19,4.52,14.52
DCA,2023-07-08,13,22,22,22,24,81.82,68.18,83.33,9.5,19.64,7.64,14.86,3.63,2.39,1.04,11.0
DCA,2023-07-08,14,23,21,24,22,79.17,66.67,81.82,53.25,23.88,11.99,62.25,6.77,2.35,0.86,22.41
DCA,2023-07-08,15,21,14,21,14,47.62,28.57,78.57,60.43,27.1,15.16,73.95,1.79,0.54,2.64,9.64
DCA,2023-07-08,16,12,29,13,30,38.46,23.08,53.33,49.0,25.85,14.18,62.54,9.97,5.75,13.03,51.67
DCA,2023-07-08,17,27,15,27,15,11.11,0.0,46.67,87.07,22.89,10.98,97.81,12.87,14.45,19.0,47.8
DCA,2023-07-08,18,15,21,15,22,13.33,13.33,50.0,70.33,20.6,8.87,78.53,9.27,4.64,8.82,35.95
DCA,2023-07-08,19,16,18,14,15,57.14,57.14,53.33,23.86,18.07,5.74,27.64,9.93,3.78,6.07,33.93
DCA,2023-07-08,20,12,14,11,15,63.64,63.64,60.0,23.27,17.73,5.97,26.36,2.27,1.62,3.07,22.07
DCA,2023-07-08,21,2,21,2,19,100.0,100.0,42.11,0.0,13.5,3.35,1.0,5.53,6.11,5.37,36.53
DCA,2023-07-08,22,3,12,1,11,100.0,100.0,54.55,0.0,12.0,0.2,0.0,34.91,2.25,35.27,61.09
DCA,2023-07-08,23,0,0,0,0,0.0,0.0,0.0,0.0,0.0,0.0,0.0,0.0,0.0,0.0,0.0
DCA,2023-07-09,6,19,2,19,4,89.47,73.68,25.0,15.42,14.95,3.97,19.05,0.25,1.93,9.75,32.25
DCA,2023-07-09,7,14,20,12,20,91.67,91.67,75.0,3.67,14.5,3.06,5.67,3.45,3.98,2.85,6.6
DCA,2023-07-09,8,35,6,35,6,97.14,82.86,83.33,5.66,18.03,6.09,9.09,0.33,1.82,2.0,4.0
DCA,2023-07-09,9,14,32,14,32,85.71,92.86,75.0,3.71,14.0,2.26,4.43,7.66,2.19,3.28,11.13
DCA,2023-07-09,10,36,13,35,14,80.0,77.14,92.86,9.26,19.2,7.19,13.8,1.86,2.56,0.71,17.5
DCA,2023-07-09,11,23,24,19,24,78.95,73.68,79.17,25.42,16.47,5.0,29.58,12.5,2.79,9.88,20.63
DCA,2023-07-09,12,20,27,14,23,42.86,28.57,78.26,106.71,30.93,19.26,125.43,6.57,7.68,10.43,16.96
DCA,2023-07-09,13,25,28,22,27,59.09,18.18,59.26,53.05,47.5,35.47,88.14,26.89,21.5,41.93,46.59
DCA,2023-07-09,14,23,27,17,21,52.94,0.0,33.33,42.35,60.06,48.11,88.65,10.33,15.77,21.38,104.95
DCA,2023-07-09,15,32,16,21,14,23.81,4.76,42.86,101.38,32.29,20.37,121.33,6.36,8.8,10.36,151.57
DCA,2023-07-09,16,17,36,12,25,25.0,8.33,40.0,140.75,24.0,12.35,152.92,12.52,3.84,13.8,75.76
DCA,2023-07-09,17,34,18,26,14,38.46,23.08,57.14,54.19,23.23,11.11,64.69,3.79,5.46,6.79,33.29
DCA,2023-07-09,18,24,31,12,24,41.67,33.33,50.0,50.83,24.67,13.35,63.17,3.54,1.8,3.04,38.04
DCA,2023-07-09,19,24,25,18,17,50.0,27.78,29.41,47.83,21.28,9.19,56.61,4.06,2.12,2.88,69.82
DCA,2023-07-09,20,24,25,18,17,27.78,33.33,47.06,108.11,17.33,5.53,112.61,0.88,6.15,0.88,52.06
DCA,2023-07-09,21,4,35,2,23,50.0,50.0,43.48,30.0,18.0,6.65,35.5,2.17,5.93,1.78,39.65
DCA,2023-07-09,22,22,18,18,16,50.0,27.78,37.5,41.28,20.83,8.56,49.0,1.44,6.38,4.44,51.81
DCA,2023-07-09,23,0,8,0,4,0.0,0.0,25.0,0.0,0.0,0.0,0.0,4.0,0.25,0.0,219.5
DCA,2023-07-10,0,0,0,0,0,0.0,0.0,0.0,0.0,0.0,0.0,0.0,0.0,0.0,0.0,0.0
DCA,2023-07-10,1,0,0,0,0,0.0,0.0,0.0,0.0,0.0,0.0,0.0,0.0,0.0,0.0,0.0
DCA,2023-07-10,6,29,8,26,7,80.77,76.92,57.14,9.27,18.15,6.83,14.31,0.14,9.69,2.43,68.86
DCA,2023-07-10,7,23,26,23,23,86.96,78.26,69.57,16.57,18.26,6.56,20.17,3.96,10.85,7.35,9.65
DCA,2023-07-10,8,38,11,36,7,75.0,47.22,57.14,13.28,27.22,15.19,25.56,1.43,4.61,3.29,49.43
DCA,2023-07-10,9,16,33,14,32,64.29,57.14,75.0,39.43,19.64,7.99,45.14,4.56,1.82,1.16,22.22
DCA,2023-07-10,10,34,17,33,16,87.88,72.73,75.0,9.24,20.18,8.13,14.97,0.94,6.38,3.63,9.31
DCA,2023-07-10,11,25,26,24,25,70.83,66.67,92.0,20.5,16.75,5.25,24.63,3.24,1.27,1.0,24.08
DCA,2023-07-10,12,21,28,23,28,82.61,78.26,78.57,23.83,24.13,12.03,34.0,3.07,3.43,1.43,38.64
DCA,2023-07-10,13,25,28,24,27,79.17,62.5,70.37,34.21,21.25,9.26,41.83,2.7,5.86,8.0,28.93
DCA,2023-07-10,14,24,26,24,26,58.33,54.17,65.38,37.54,21.96,10.02,45.71,4.5,1.85,2.58,37.77
DCA,2023-07-10,15,33,17,33,17,57.58,36.36,70.59,42.36,26.24,14.18,54.45,1.94,7.07,5.59,14.18
DCA,2023-07-10,16,16,37,18,37,38.89,33.33,62.16,40.72,15.94,4.48,44.44,6.86,3.95,6.81,36.78
DCA,2023-07-10,17,36,16,36,15,63.89,55.56,60.0,41.58,19.97,8.03,47.67,1.33,8.79,3.27,37.07
DCA,2023-07-10,18,21,34,20,34,55.0,50.0,79.41,35.95,23.1,11.19,46.1,3.41,3.31,0.68,23.79
DCA,2023-07-10,19,26,23,26,23,73.08,61.54,60.87,31.31,21.27,9.47,37.77,5.17,7.04,6.17,34.57
DCA,2023-07-10,20,23,26,23,25,47.83,34.78,88.0,35.96,20.48,8.18,41.43,2.0,2.88,1.28,12.88
DCA,2023-07-10,21,3,36,4,35,75.0,50.0,54.29,5.25,21.0,10.08,11.5,5.34,2.22,7.11,29.37
DCA,2023-07-10,22,23,17,24,19,70.83,54.17,78.95,13.63,20.71,8.55,19.88,2.95,4.36,4.05,8.53
DCA,2023-07-10,23,0,7,0,6,0.0,0.0,66.67,0.0,0.0,0.0,0.0,79.17,0.27,82.17,93.5
DCA,2023-07-11,6,29,8,29,8,86.21,75.86,100.0,10.83,20.41,8.54,16.97,0.38,3.55,0.0,0.0
DCA,2023-07-11,7,23,26,24,28,91.67,87.5,85.71,10.29,17.46,5.35,12.0,2.68,4.94,2.46,5.46
DCA,2023-07-11,8,38,11,40,13,90.0,57.5,76.92,14.98,24.93,12.81,24.63,3.0,3.37,3.08,9.62
DCA,2023-07-11,9,15,33,15,33,93.33,86.67,93.94,3.33,19.53,7.79,8.67,6.79,1.18,3.0,10.18
DCA,2023-07-11,10,35,15,35,15,91.43,80.0,80.0,4.91,21.43,9.3,10.8,2.87,1.83,2.67,10.2
DCA,2023-07-11,11,23,28,23,30,82.61,78.26,86.67,15.48,16.04,4.22,17.43,3.67,1.57,1.73,23.47
DCA,2023-07-11,12,22,27,23,30,73.91,78.26,80.0,10.91,18.48,6.67,15.48,2.2,1.28,0.57,18.17
DCA,2023-07-11,13,25,28,25,28,76.0,68.0,89.29,12.44,18.56,6.44,17.2,2.68,2.94,2.71,4.71
DCA,2023-07-11,14,24,26,23,26,86.96,82.61,84.62,4.09,20.83,9.23,10.43,4.31,3.18,2.19,10.38
DCA,2023-07-11,15,32,17,33,17,66.67,42.42,76.47,25.55,24.18,12.1,35.18,1.71,3.77,2.18,9.53
DCA,2023-07-11,16,17,37,18,37,61.11,44.44,83.78,13.83,18.67,7.0,19.89,5.7,2.22,1.65,7.76
DCA,2023-07-11,17,36,17,35,17,85.71,71.43,64.71,9.17,21.43,9.34,15.83,3.12,5.55,1.53,21.24
DCA,2023-07-11,18,21,32,21,31,57.14,47.62,77.42,21.9,18.52,6.67,27.14,4.03,2.67,5.39,13.26
DCA,2023-07-11,19,25,24,25,24,88.0,84.0,75.0,10.0,16.6,4.81,13.08,5.25,5.36,3.92,34.58
DCA,2023-07-11,20,24,24,23,24,73.91,69.57,75.0,26.48,18.83,6.98,30.26,4.08,3.41,5.13,15.04
DCA,2023-07-11,21,2,37,1,37,100.0,100.0,83.78,0.0,10.0,0.0,0.0,9.76,3.67,4.08,29.57
DCA,2023-07-11,22,23,17,23,16,82.61,82.61,75.0,4.96,16.65,4.69,6.74,1.44,4.81,0.88,9.0
DCA,2023-07-11,23,0,7,0,7,0.0,0.0,85.71,0.0,0.0,0.0,0.0,2.57,4.51,0.14,6.57
DCA,2023-07-12,6,29,8,29,9,100.0,93.1,100.0,1.28,18.48,7.03,5.59,0.78,1.82,1.0,1.33
DCA,2023-07-12,7,23,26,23,25,86.96,73.91,84.0,12.22,20.83,8.97,18.52,3.44,9.02,6.32,5.64
DCA,2023-07-12,8,38,11,40,12,90.0,40.0,83.33,12.88,34.13,22.09,30.95,1.83,13.1,6.75,4.33
DCA,2023-07-12,9,15,33,15,32,80.0,66.67,78.13,6.53,22.6,10.58,13.6,6.34,11.21,9.72,6.75
DCA,2023-07-12,10,35,15,36,16,86.11,66.67,87.5,8.17,20.28,8.17,13.81,2.19,3.32,1.13,13.88
DCA,2023-07-12,11,23,28,24,28,91.67,87.5,89.29,8.83,16.04,4.2,11.46,3.11,2.61,0.14,26.32
DCA,2023-07-12,12,22,27,23,28,91.3,86.96,89.29,10.65,16.04,4.27,12.7,1.54,1.16,1.5,3.46
DCA,2023-07-12,13,25,28,24,28,91.67,83.33,85.71,9.5,20.0,8.07,14.75,2.32,2.1,0.61,21.14
DCA,2023-07-12,14,24,26,23,26,86.96,69.57,84.62,11.43,20.04,8.2,17.26,6.04,5.57,3.81,7.42
DCA,2023-07-12,15,32,17,31,16,80.65,61.29,81.25,9.71,21.48,9.45,17.26,1.0,4.98,0.38,17.63
DCA,2023-07-12,16,17,37,17,40,82.35,64.71,80.0,16.59,16.12,4.63,20.0,3.85,3.15,1.55,7.97
DCA,2023-07-12,17,36,17,36,17,69.44,58.33,88.24,18.97,23.19,11.14,28.39,5.29,2.76,2.06,6.71
DCA,2023-07-12,18,21,32,22,32,77.27,31.82,71.88,13.5,30.32,18.64,29.5,3.84,5.01,2.66,20.53
DCA,2023-07-12,19,25,24,25,25,68.0,60.0,80.0,11.6,21.04,9.12,18.76,4.96,1.59,2.24,9.76
DCA,2023-07-12,20,24,24,24,24,79.17,66.67,79.17,9.83,22.54,10.49,16.29,16.75,3.25,16.96,45.75
DCA,2023-07-12,21,2,37,5,37,100.0,80.0,72.97,0.0,17.4,5.88,6.0,4.49,2.26,1.84,14.38
DCA,2023-07-12,22,23,17,23,15,86.96,78.26,80.0,5.96,18.26,6.26,8.22,1.8,3.67,3.0,12.27
DCA,2023-07-12,23,0,7,0,7,0.0,0.0,85.71,0.0,0.0,0.0,0.0,5.43,3.61,3.57,6.0
DCA,2023-07-13,6,29,8,28,8,92.86,89.29,100.0,3.86,15.29,3.74,5.86,0.88,5.3,0.75,0.75
DCA,2023-07-13,7,23,26,23,28,91.3,78.26,89.29,16.65,18.52,6.85,20.96,3.25,5.18,2.18,7.93
DCA,2023-07-13,8,38,11,40,12,92.5,77.5,75.0,3.4,21.52,9.5,9.25,4.58,4.34,4.75,9.67
DCA,2023-07-13,9,16,33,16,33,75.0,62.5,87.88,7.06,21.13,9.03,13.19,6.21,5.25,2.48,5.55
DCA,2023-07-13,10,35,16,35,16,85.71,71.43,68.75,8.89,22.49,10.3,15.69,1.69,8.34,4.44,38.06
DCA,2023-07-13,11,24,28,24,31,91.67,87.5,90.32,5.21,15.17,3.57,7.25,3.74,4.42,1.16,23.84
DCA,2023-07-13,12,22,28,22,29,72.73,68.18,86.21,11.0,19.18,7.62,17.09,7.0,2.84,5.03,9.76
DCA,2023-07-13,13,25,28,25,28,80.0,68.0,85.71,18.12,19.8,7.78,24.36,8.0,3.5,3.61,6.04
DCA,2023-07-13,14,24,26,24,28,75.0,50.0,75.0,9.75,31.79,19.84,27.25,6.5,9.43,6.21,15.93
DCA,2023-07-13,15,33,17,36,18,77.78,47.22,83.33,12.5,26.67,14.63,24.06,1.78,7.37,5.56,7.0
DCA,2023-07-13,16,16,38,18,40,72.22,55.56,80.0,18.0,22.78,11.18,28.11,6.63,6.57,4.65,6.95
DCA,2023-07-13,17,36,17,36,16,80.56,55.56,81.25,13.53,26.97,14.91,26.64,4.25,11.89,4.19,8.69
DCA,2023-07-13,18,22,33,21,33,80.95,47.62,72.73,10.81,25.81,13.85,22.43,4.42,4.92,2.24,30.09
DCA,2023-07-13,19,26,23,26,23,65.38,53.85,69.57,30.19,33.15,21.14,48.58,6.35,2.15,2.17,21.52
DCA,2023-07-13,20,24,25,24,24,54.17,20.83,62.5,36.21,31.83,19.55,53.79,4.17,6.37,10.96,33.54
DCA,2023-07-13,21,2,37,3,35,66.67,33.33,60.0,21.67,29.0,16.37,35.67,8.71,5.34,8.63,23.06
DCA,2023-07-13,22,23,17,19,17,52.63,47.37,41.18,18.95,19.37,7.17,24.84,2.82,5.32,2.82,28.53
DCA,2023-07-13,23,0,7,0,7,0.0,0.0,57.14,0.0,0.0,0.0,0.0,6.0,4.04,5.0,15.43
DCA,2023-07-14,5,0,0,0,1,0.0,0.0,0.0,0.0,0.0,0.0,0.0,0.0,3.0,0.0,35.0
DCA,2023-07-14,6,29,8,27,8,88.89,85.19,75.0,10.37,16.15,5.13,14.52,2.25,8.93,6.0,50.13
DCA,2023-07-14,7,23,26,23,23,91.3,73.91,82.61,3.09,21.22,9.55,10.74,4.96,5.73,4.57,5.96
DCA,2023-07-14,8,38,11,39,12,92.31,58.97,50.0,4.31,26.74,14.68,15.44,3.58,6.4,17.33,32.83
DCA,2023-07-14,9,16,33,16,32,75.0,56.25,81.25,16.13,21.44,9.91,23.56,6.63,7.07,6.09,41.0
DCA,2023-07-14,10,35,16,35,16,85.71,37.14,62.5,14.46,38.69,26.53,37.74,1.81,5.9,5.63,35.38
DCA,2023-07-14,11,24,28,23,28,60.87,43.48,64.29,30.22,21.09,9.14,38.74,4.71,4.55,11.64,35.61
DCA,2023-07-14,12,22,28,23,28,65.22,52.17,71.43,29.26,22.48,10.86,38.35,4.86,4.73,6.04,20.75
DCA,2023-07-14,13,25,28,23,26,65.22,60.87,57.69,25.52,22.7,10.55,34.09,7.38,6.17,10.27,29.58
DCA,2023-07-14,14,24,26,20,26,55.0,35.0,46.15,28.25,27.6,15.81,43.1,3.65,4.14,2.77,46.58
DCA,2023-07-14,15,33,17,28,17,42.86,14.29,35.29,52.07,36.82,24.85,76.25,26.71,4.45,33.29,86.24
DCA,2023-07-14,16,16,38,9,34,22.22,11.11,50.0,65.0,28.33,16.99,82.0,33.65,4.99,39.41,73.91
DCA,2023-07-14,17,36,17,21,12,61.9,23.81,0.0,57.76,37.43,25.59,81.76,53.0,6.55,70.75,132.08
DCA,2023-07-14,18,22,33,13,22,0.0,0.0,4.55,146.92,21.38,9.36,156.15,82.0,15.54,104.27,193.91
DCA,2023-07-14,19,26,23,16,16,6.25,12.5,0.0,155.44,22.44,10.71,102.75,17.5,12.79,39.75,97.44
DCA,2023-07-14,20,24,25,13,30,23.08,7.69,20.0,88.77,24.46,12.46,101.31,6.03,6.22,9.57,85.97
DCA,2023-07-14,21,2,37,3,22,66.67,33.33,18.18,20.0,17.0,5.33,25.67,7.64,10.97,16.41,68.55
DCA,2023-07-14,22,23,17,14,11,50.0,42.86,18.18,27.0,16.36,4.54,30.14,6.0,31.21,31.0,52.82
DCA,2023-07-14,23,0,7,2,5,100.0,100.0,80.0,0.0,17.0,4.7,5.0,6.4,6.14,4.0,8.2
DCA,2023-07-15,6,24,2,21,2,61.9,52.38,100.0,46.38,18.29,6.79,52.48,0.0,6.3,0.0,0.0
DCA,2023-07-15,7,16,24,15,15,73.33,73.33,86.67,29.87,15.47,3.75,31.67,3.27,7.49,3.87,41.33
DCA,2023-07-15,8,34,12,32,13,71.88,65.63,76.92,44.28,20.88,8.95,50.03,1.38,3.67,3.46,36.69
DCA,2023-07-15,9,19,27,19,25,68.42,57.89,68.0,19.42,18.58,6.73,25.05,4.76,6.56,2.6,30.72
DCA,2023-07-15,10,29,14,29,15,72.41,55.17,73.33,23.79,18.55,6.58,28.79,4.13,9.34,7.8,21.0
DCA,2023-07-15,11,23,17,23,15,78.26,69.57,86.67,31.96,18.57,6.65,36.52,2.93,1.72,1.27,8.93
DCA,2023-07-15,12,13,27,15,27,53.33,40.0,66.67,21.53,19.2,7.42,28.07,2.81,3.91,1.26,42.26
DCA,2023-07-15,13,23,22,23,20,60.87,43.48,75.0,28.87,19.78,7.87,36.17,3.9,7.76,4.0,7.5
DCA,2023-07-15,14,23,22,24,22,58.33,41.67,45.45,36.96,23.79,11.96,46.88,8.73,2.67,3.86,56.5
DCA,2023-07-15,15,24,15,23,15,52.17,13.04,46.67,50.43,33.35,21.24,68.57,13.0,5.35,12.13,36.67
DCA,2023-07-15,16,11,31,10,31,50.0,10.0,67.74,58.1,24.0,12.98,71.0,10.06,2.99,2.87,38.19
DCA,2023-07-15,17,28,14,29,13,44.83,10.34,53.85,36.21,49.86,37.76,72.59,2.31,4.02,2.38,40.23
DCA,2023-07-15,18,15,21,14,22,35.71,7.14,50.0,64.43,28.07,16.29,79.86,3.09,3.61,1.59,31.55
DCA,2023-07-15,19,16,18,16,17,37.5,18.75,41.18,40.19,20.13,7.86,47.31,6.71,7.66,4.59,76.0
DCA,2023-07-15,20,12,15,11,14,36.36,27.27,50.0,50.55,25.55,13.37,62.36,3.21,3.4,1.29,65.36
DCA,2023-07-15,21,2,21,2,20,0.0,0.0,55.0,123.5,20.5,8.2,132.0,13.35,2.38,7.95,46.7
DCA,2023-07-15,22,3,12,3,12,33.33,33.33,25.0,40.0,26.67,14.97,55.0,13.75,0.77,11.0,44.58
DCA,2023-07-15,23,0,0,0,1,0.0,0.0,0.0,0.0,0.0,0.0,0.0,0.0,1.3,6.0,30.0
DCA,2023-07-16,0,0,0,0,1,0.0,0.0,100.0,0.0,0.0,0.0,0.0,11.0,0.3,0.0,0.0
DCA,2023-07-16,1,0,0,0,0,0.0,0.0,0.0,0.0,0.0,0.0,0.0,0.0,0.0,0.0,0.0
DCA,2023-07-16,6,19,2,19,3,94.74,84.21,100.0,3.53,17.26,6.42,8.89,0.0,1.97,0.0,0.0
DCA,2023-07-16,7,15,20,15,20,93.33,86.67,65.0,4.6,21.93,9.85,11.4,2.6,1.51,2.65,60.65
DCA,2023-07-16,8,35,6,35,7,74.29,45.71,85.71,57.43,29.71,17.65,72.26,1.14,1.94,2.14,6.14
DCA,2023-07-16,9,14,32,13,30,61.54,30.77,90.0,55.08,24.46,12.91,66.85,3.73,3.66,5.03,6.93
DCA,2023-07-16,10,34,15,31,14,77.42,58.06,57.14,51.0,27.26,15.15,64.29,3.29,13.67,18.93,74.93
DCA,2023-07-16,11,25,24,22,23,59.09,54.55,65.22,61.18,21.68,9.95,69.86,7.96,3.17,14.74,31.87
DCA,2023-07-16,12,21,27,20,27,55.0,45.0,48.15,51.1,21.0,9.3,59.6,8.48,10.76,17.26,30.59
DCA,2023-07-16,13,25,28,24,25,45.83,29.17,64.0,74.92,27.21,15.18,88.75,6.72,7.08,9.2,35.8
DCA,2023-07-16,14,24,26,19,23,36.84,31.58,43.48,41.16,24.53,12.82,52.79,5.39,6.73,6.96,58.96
DCA,2023-07-16,15,33,17,27,16,44.44,25.93,43.75,58.37,25.41,13.44,71.19,3.38,5.06,12.94,44.13
DCA,2023-07-16,16,16,38,15,35,53.33,33.33,51.43,36.93,17.8,6.59,43.0,4.74,7.08,5.06,34.29
DCA,2023-07-16,17,35,18,33,13,48.48,33.33,46.15,26.58,28.55,16.42,42.03,1.92,4.12,3.77,61.23
DCA,2023-07-16,18,23,32,15,24,13.33,6.67,45.83,50.87,18.27,6.91,57.4,1.21,2.83,6.08,43.79
DCA,2023-07-16,19,25,24,21,19,61.9,38.1,31.58,51.81,19.95,7.82,58.14,2.05,1.19,3.79,61.05
DCA,2023-07-16,20,25,24,18,22,38.89,22.22,59.09,78.33,20.06,7.69,85.0,4.05,1.33,2.09,42.82
DCA,2023-07-16,21,2,37,2,25,50.0,50.0,44.0,84.5,14.0,2.65,85.0,1.84,3.63,1.4,59.84
DCA,2023-07-16,22,23,17,17,16,64.71,58.82,62.5,23.94,17.47,5.32,27.06,1.69,3.89,2.38,19.38
DCA,2023-07-16,23,0,8,0,9,0.0,0.0,88.89,0.0,0.0,0.0,0.0,1.78,2.7,0.11,7.44
DCA,2023-07-17,0,0,0,0,0,0.0,0.0,0.0,0.0,0.0,0.0,0.0,0.0,0.0,0.0,0.0
DCA,2023-07-17,1,0,0,0,0,0.0,0.0,0.0,0.0,0.0,0.0,0.0,0.0,0.0,0.0,0.0
DCA,2023-07-17,6,30,7,29,6,96.55,93.1,100.0,1.66,16.07,4.6,4.9,0.0,5.63,0.0,0.0
DCA,2023-07-17,7,22,27,21,26,90.48,90.48,92.31,5.52,16.19,4.54,8.48,3.0,1.85,0.54,7.38
DCA,2023-07-17,8,38,11,38,9,92.11,65.79,77.78,5.03,26.95,14.83,16.63,2.33,2.26,0.89,23.0
DCA,2023-07-17,9,16,33,16,31,68.75,62.5,87.1,19.31,17.56,5.49,22.81,9.29,2.1,2.06,9.9
DCA,2023-07-17,10,35,16,33,16,78.79,63.64,81.25,16.09,23.7,11.45,24.42,1.75,1.67,0.81,7.13
DCA,2023-07-17,11,24,28,24,28,83.33,83.33,92.86,16.67,16.46,4.97,19.5,3.64,2.18,0.29,4.11
DCA,2023-07-17,12,22,28,23,27,69.57,56.52,77.78,16.52,19.61,7.6,21.96,3.04,1.72,0.26,19.3
DCA,2023-07-17,13,25,28,24,25,62.5,50.0,80.0,29.38,17.63,5.48,33.79,3.88,2.42,3.8,12.76
DCA,2023-07-17,14,24,26,24,28,66.67,62.5,82.14,15.79,19.58,7.8,22.42,7.0,6.25,6.32,14.29
DCA,2023-07-17,15,33,17,32,18,56.25,34.38,83.33,28.22,21.59,9.51,36.34,5.28,4.55,2.33,13.11
DCA,2023-07-17,16,16,38,16,37,87.5,68.75,75.68,8.31,17.81,6.28,13.38,6.32,2.64,3.7,24.97
DCA,2023-07-17,17,36,17,37,17,62.16,54.05,70.59,24.19,19.49,7.51,30.19,7.59,3.56,3.12,19.88
DCA,2023-07-17,18,22,33,22,33,50.0,50.0,45.45,40.91,19.09,7.45,47.45,8.45,3.1,10.0,47.52
DCA,2023-07-17,19,26,23,26,22,46.15,30.77,59.09,50.5,21.69,9.8,58.88,18.45,4.9,19.09,32.18
DCA,2023-07-17,20,24,25,24,26,54.17,41.67,53.85,44.04,26.21,14.03,55.79,6.42,3.96,8.04,61.35
DCA,2023-07-17,21,2,37,2,35,50.0,50.0,42.86,17.5,24.5,12.2,28.5,7.49,6.2,7.46,25.69
DCA,2023-07-17,22,23,17,21,16,80.95,66.67,62.5,12.19,20.14,8.01,17.24,2.44,6.78,5.38,18.19
DCA,2023-07-17,23,0,7,1,7,100.0,100.0,57.14,0.0,10.0,0.0,0.0,84.57,2.04,82.0,106.86
DCA,2023-07-18,0,0,0,0,0,0.0,0.0,0.0,0.0,0.0,0.0,0.0,0.0,0.0,0.0,0.0
DCA,2023-07-18,6,29,8,28,7,92.86,82.14,100.0,14.68,17.43,5.9,18.96,0.43,3.54,1.43,0.0
DCA,2023-07-18,7,23,26,23,26,91.3,91.3,88.46,7.35,16.22,4.42,8.96,3.46,4.17,0.81,16.96
DCA,2023-07-18,8,38,11,40,12,90.0,52.5,83.33,7.03,27.27,15.3,18.18,4.08,1.66,0.67,12.83
DCA,2023-07-18,9,15,33,15,34,80.0,80.0,85.29,9.67,19.87,7.85,13.67,11.68,2.45,4.41,16.56
DCA,2023-07-18,10,35,15,36,16,86.11,66.67,75.0,14.97,23.42,11.18,23.31,2.69,3.22,1.44,20.5
DCA,2023-07-18,11,23,28,24,29,79.17,75.0,96.55,15.54,24.42,12.57,26.21,3.41,2.35,0.31,5.69
DCA,2023-07-18,12,22,27,22,28,63.64,63.64,82.14,13.32,17.23,5.3,16.86,2.39,2.63,2.18,15.68
DCA,2023-07-18,13,25,28,25,28,64.0,60.0,85.71,31.44,28.6,16.39,45.48,2.46,3.19,2.36,19.46
DCA,2023-07-18,14,24,26,24,26,58.33,50.0,65.38,42.0,26.5,14.59,55.54,3.54,10.99,7.46,24.42
DCA,2023-07-18,15,32,17,31,17,54.84,38.71,64.71,26.16,30.06,18.11,42.87,1.94,5.38,3.94,23.41
DCA,2023-07-18,16,17,37,18,38,72.22,66.67,73.68,36.39,18.39,7.15,42.0,4.68,4.7,3.66,17.89
DCA,2023-07-18,17,36,17,36,16,72.22,58.33,62.5,34.64,23.08,10.99,43.53,1.5,10.09,4.0,21.06
DCA,2023-07-18,18,21,32,19,28,47.37,47.37,71.43,32.26,17.21,5.63,36.68,1.93,3.56,1.43,15.86
DCA,2023-07-18,19,25,24,24,23,70.83,58.33,56.52,16.33,18.0,6.37,21.54,2.61,3.73,0.91,39.26
DCA,2023-07-18,20,24,24,22,25,45.45,31.82,68.0,37.91,20.5,8.46,44.68,2.24,2.28,3.2,11.04
DCA,2023-07-18,21,2,37,2,36,50.0,50.0,50.0,12.5,16.0,3.7,13.5,23.17,2.84,25.75,59.78
DCA,2023-07-18,22,23,17,24,14,83.33,75.0,64.29,7.96,19.08,6.88,12.08,0.79,3.78,1.29,12.57
DCA,2023-07-18,23,0,7,0,6,0.0,0.0,50.0,0.0,0.0,0.0,0.0,6.0,0.67,0.0,11.33
DCA,2023-07-19,0,0,0,0,1,0.0,0.0,100.0,0.0,0.0,0.0,0.0,0.0,2.3,0.0,0.0
DCA,2023-07-19,6,29,8,28,8,60.71,32.14,75.0,20.61,23.46,11.45,31.89,3.13,2.26,5.25,36.88
DCA,2023-07-19,7,23,26,23,26,82.61,78.26,34.62,24.22,20.3,8.35,29.83,10.5,5.77,25.31,39.85
DCA,2023-07-19,8,38,11,40,13,52.5,20.0,38.46,31.98,31.93,19.91,49.33,5.85,5.21,12.23,42.23
DCA,2023-07-19,9,15,33,15,33,66.67,53.33,69.7,24.73,29.27,17.25,39.07,9.91,8.21,9.7,16.82
DCA,2023-07-19,10,35,15,35,16,82.86,34.29,68.75,16.6,30.49,18.26,33.03,2.38,7.69,6.44,14.69
DCA,2023-07-19,11,23,28,23,28,82.61,78.26,71.43,6.61,19.96,8.12,12.26,6.14,3.28,6.07,40.32
DCA,2023-07-19,12,22,27,22,26,77.27,59.09,65.38,16.55,19.64,7.83,22.18,5.69,3.3,2.77,19.19
DCA,2023-07-19,13,25,28,23,30,73.91,60.87,66.67,12.09,22.35,10.22,20.26,5.23,5.06,3.5,16.4
DCA,2023-07-19,14,24,26,25,26,76.0,48.0,53.85,11.2,26.32,14.38,24.68,6.0,7.39,7.15,23.27
DCA,2023-07-19,15,32,17,31,17,74.19,25.81,70.59,16.1,31.13,19.2,34.03,4.18,6.26,2.76,14.12
DCA,2023-07-19,16,17,37,18,39,66.67,50.0,69.23,16.11,23.56,11.83,26.67,8.51,6.36,8.03,17.56
DCA,2023-07-19,17,36,17,37,18,72.97,67.57,66.67,15.38,21.3,9.16,22.7,5.06,3.23,2.72,17.44
DCA,2023-07-19,18,21,32,21,31,76.19,66.67,90.32,11.81,20.0,8.46,18.05,3.45,2.16,0.9,5.48
DCA,2023-07-19,19,25,24,25,22,84.0,76.0,72.73,7.32,17.16,5.4,11.04,4.86,1.91,0.55,21.91
DCA,2023-07-19,20,24,24,22,23,90.91,77.27,78.26,5.0,21.59,9.6,10.23,3.39,2.3,2.74,12.3
DCA,2023-07-19,21,2,37,2,36,100.0,100.0,63.89,0.0,11.5,0.0,0.0,5.81,2.81,1.58,17.53
DCA,2023-07-19,22,23,17,23,17,86.96,82.61,70.59,4.61,20.04,7.89,8.48,2.24,4.41,1.06,14.18
DCA,2023-07-19,23,0,7,0,7,0.0,0.0,71.43,0.0,0.0,0.0,0.0,4.43,1.23,0.14,10.57
DCA,2023-07-20,6,29,8,29,8,93.1,79.31,100.0,2.21,18.76,7.21,7.83,0.88,9.05,1.38,0.13
DCA,2023-07-20,7,23,26,24,26,83.33,70.83,92.31,16.29,20.83,8.85,21.67,3.23,4.22,0.73,6.96
DCA,2023-07-20,8,38,11,40,12,90.0,57.5,66.67,2.7,28.6,16.49,16.02,4.5,7.41,4.67,12.75
DCA,2023-07-20,9,16,33,16,34,81.25,62.5,82.35,12.19,24.69,12.59,22.88,8.82,4.97,4.26,11.24
DCA,2023-07-20,10,35,16,35,16,85.71,48.57,68.75,7.6,32.54,20.32,23.86,2.44,7.93,5.63,18.38
DCA,2023-07-20,11,24,28,25,30,84.0,76.0,90.0,6.76,18.72,6.7,10.92,3.83,3.59,1.6,4.53
DCA,2023-07-20,12,22,28,22,29,72.73,59.09,82.76,11.41,21.14,9.12,16.86,2.0,3.64,1.97,7.83
DCA,2023-07-20,13,25,28,26,28,73.08,50.0,89.29,19.27,26.23,13.99,30.81,2.29,3.01,1.07,6.32
DCA,2023-07-20,14,24,26,26,27,92.31,69.23,77.78,6.5,23.92,12.0,16.42,5.74,7.46,4.81,8.33
DCA,2023-07-20,15,33,17,35,16,74.29,48.57,81.25,11.2,25.6,13.57,22.34,2.56,4.96,0.5,5.81
DCA,2023-07-20,16,16,38,17,38,76.47,58.82,71.05,11.71,19.53,7.81,17.59,4.97,4.51,3.5,8.58
DCA,2023-07-20,17,36,17,33,17,90.91,72.73,88.24,14.55,20.67,8.62,21.18,6.88,5.43,2.35,4.47
DCA,2023-07-20,18,22,33,21,32,66.67,38.1,81.25,27.24,28.38,16.81,42.24,4.13,1.26,2.34,7.59
DCA,2023-07-20,19,26,23,27,22,70.37,51.85,68.18,12.04,27.41,15.29,25.67,6.55,6.31,8.82,17.95
DCA,2023-07-20,20,24,25,24,25,62.5,33.33,72.0,13.5,29.88,17.64,28.21,3.72,2.11,2.96,14.08
DCA,2023-07-20,21,2,37,2,35,100.0,50.0,57.14,0.0,39.0,26.7,24.0,7.63,6.58,5.49,19.0
DCA,2023-07-20,22,23,17,22,14,72.73,68.18,78.57,67.45,17.68,5.67,71.68,1.93,2.74,1.0,9.71
DCA,2023-07-20,23,0,7,0,6,0.0,0.0,100.0,0.0,0.0,0.0,0.0,3.67,2.05,0.0,1.83
DCA,2023-07-21,6,29,8,27,8,85.19,70.37,62.5,10.74,22.44,10.64,19.93,1.13,15.23,11.63,14.25
DCA,2023-07-21,7,23,26,23,26,82.61,65.22,80.77,38.61,23.83,11.7,48.35,8.08,6.18,8.69,10.0
DCA,2023-07-21,8,38,11,40,11,87.5,47.5,81.82,5.55,35.63,23.64,26.43,4.09,4.24,6.73,6.82
DCA,2023-07-21,9,16,33,17,32,76.47,58.82,81.25,24.88,20.12,8.02,30.88,6.16,1.97,2.09,8.72
DCA,2023-07-21,10,35,16,33,16,78.79,72.73,93.75,12.3,19.61,7.4,17.42,1.75,2.41,3.06,3.81
DCA,2023-07-21,11,24,28,24,30,87.5,79.17,76.67,3.71,17.17,5.65,7.0,3.17,1.6,0.73,10.53
DCA,2023-07-21,12,21,29,22,28,63.64,50.0,82.14,16.14,22.09,10.07,24.5,3.29,1.69,1.43,7.89
DCA,2023-07-21,13,26,27,25,26,76.0,60.0,88.46,25.68,21.24,9.12,32.68,3.04,3.83,0.81,7.15
DCA,2023-07-21,14,24,26,24,27,83.33,41.67,88.89,8.38,26.67,14.72,21.38,3.0,3.28,1.52,9.07
DCA,2023-07-21,15,33,17,33,17,66.67,27.27,70.59,30.15,30.91,18.95,47.21,1.35,4.18,2.88,9.24
DCA,2023-07-21,16,16,38,17,38,70.59,64.71,76.32,12.94,21.71,10.14,22.53,3.5,3.01,2.26,15.37
DCA,2023-07-21,17,36,17,36,17,77.78,61.11,70.59,24.19,24.39,12.37,34.58,2.29,4.14,0.59,17.71
DCA,2023-07-21,18,22,33,22,34,59.09,50.0,58.82,32.45,18.14,6.65,37.73,3.35,0.96,1.24,30.24
DCA,2023-07-21,19,26,23,26,23,65.38,57.69,56.52,24.92,25.38,13.28,36.38,6.96,3.27,2.65,36.52
DCA,2023-07-21,20,24,25,25,25,44.0,12.0,64.0,40.04,26.24,13.95,52.88,3.56,2.39,2.08,47.24
DCA,2023-07-21,21,2,37,3,35,66.67,66.67,42.86,5.0,17.67,5.37,10.33,6.14,4.7,4.4,45.17
DCA,2023-07-21,22,23,17,24,15,62.5,45.83,73.33,48.71,21.33,9.12,56.58,2.07,5.43,3.27,8.27
DCA,2023-07-21,23,0,7,0,6,0.0,0.0,83.33,0.0,0.0,0.0,0.0,1.67,1.27,0.0,162.0
DCA,2023-07-22,6,24,2,21,3,90.48,85.71,66.67,8.43,14.67,3.49,10.1,0.33,4.2,1.33,14.67
DCA,2023-07-22,7,16,24,16,24,100.0,93.75,95.83,0.19,16.69,4.57,2.25,3.63,2.58,0.71,2.5
DCA,2023-07-22,8,34,12,35,12,88.57,45.71,83.33,14.91,30.57,18.55,29.09,0.58,10.43,4.33,5.83
DCA,2023-07-22,9,19,27,19,27,94.74,94.74,81.48,1.21,19.21,7.21,5.74,3.41,5.57,0.04,12.0
DCA,2023-07-22,10,29,14,28,14,96.43,82.14,92.86,2.46,21.39,9.23,8.36,2.0,2.64,0.86,2.43
DCA,2023-07-22,11,23,17,23,17,95.65,86.96,88.24,4.48,18.22,6.48,8.39,1.53,1.91,0.53,19.88
DCA,2023-07-22,12,13,27,14,28,85.71,78.57,89.29,21.36,15.71,4.0,22.5,1.75,1.02,0.39,4.11
DCA,2023-07-22,13,23,22,23,22,86.96,78.26,90.91,6.7,18.78,6.74,10.3,2.5,1.62,0.23,2.64
DCA,2023-07-22,14,23,22,24,22,79.17,75.0,86.36,8.67,17.83,6.14,12.83,2.09,3.62,0.09,9.55
DCA,2023-07-22,15,24,15,24,15,87.5,79.17,80.0,8.33,18.79,7.02,11.67,1.73,1.35,0.53,7.73
DCA,2023-07-22,16,11,31,11,31,45.45,45.45,80.65,19.82,16.0,4.75,23.0,2.87,2.12,0.55,17.9
DCA,2023-07-22,17,28,14,28,14,75.0,67.86,78.57,18.86,22.5,10.55,27.68,0.57,8.41,3.79,7.36
DCA,2023-07-22,18,15,21,15,22,40.0,40.0,68.18,31.07,13.8,2.36,32.27,1.09,1.1,0.36,26.64
DCA,2023-07-22,19,16,18,16,18,87.5,87.5,66.67,18.56,15.69,4.09,19.94,1.39,2.43,0.0,20.0
DCA,2023-07-22,20,12,15,12,15,66.67,66.67,60.0,25.75,17.08,4.95,29.75,1.27,1.64,0.0,87.2
DCA,2023-07-22,21,2,21,2,20,50.0,50.0,70.0,16.5,14.0,1.7,18.0,1.15,3.99,1.6,46.7
DCA,2023-07-22,22,3,12,3,11,100.0,100.0,54.55,0.0,12.67,0.53,0.0,52.09,2.75,62.91,72.64
DCA,2023-07-22,23,0,0,0,0,0.0,0.0,0.0,0.0,0.0,0.0,0.0,0.0,0.0,0.0,0.0
DCA,2023-07-23,6,19,2,18,2,94.44,83.33,100.0,3.0,15.17,4.18,6.33,0.0,0.8,0.0,0.0
DCA,2023-07-23,7,15,20,15,23,93.33,93.33,91.3,13.53,13.8,1.95,14.87,1.52,2.7,1.0,8.43
DCA,2023-07-23,8,35,6,36,5,86.11,72.22,100.0,12.61,19.14,7.26,17.75,1.8,1.12,0.0,0.0
DCA,2023-07-23,9,14,32,14,32,78.57,78.57,87.5,19.93,14.93,3.19,21.0,4.59,5.47,1.22,26.13
DCA,2023-07-23,10,34,15,33,15,100.0,81.82,86.67,0.97,20.76,8.7,6.73,1.13,7.5,4.6,11.8
DCA,2023-07-23,11,25,24,25,24,76.0,64.0,95.83,40.76,18.64,7.03,46.0,2.67,4.14,1.17,13.75
DCA,2023-07-23,12,21,27,21,29,80.95,71.43,86.21,6.14,23.29,11.61,15.76,6.17,4.57,4.66,17.41
DCA,2023-07-23,13,25,28,25,29,72.0,64.0,89.66,29.64,25.64,13.76,41.4,3.62,6.17,4.62,10.97
DCA,2023-07-23,14,24,26,23,26,95.65,82.61,96.15,5.61,17.35,5.68,9.78,4.42,6.29,3.58,6.23
DCA,2023-07-23,15,33,17,33,17,72.73,63.64,64.71,16.82,19.97,8.02,23.48,2.47,6.18,12.35,32.82
DCA,2023-07-23,16,16,38,17,38,64.71,52.94,78.95,25.35,19.65,8.48,33.41,3.92,3.12,2.13,10.89
DCA,2023-07-23,17,35,18,35,18,68.57,42.86,50.0,18.66,22.86,10.83,27.8,3.61,8.23,7.17,35.22
DCA,2023-07-23,18,23,32,22,31,36.36,31.82,67.74,59.82,21.18,9.52,67.91,3.77,4.5,2.81,26.9
DCA,2023-07-23,19,25,24,26,23,73.08,69.23,69.57,12.92,17.12,5.45,16.92,5.7,5.2,4.57,21.7
DCA,2023-07-23,20,25,24,24,24,66.67,54.17,62.5,15.75,23.67,11.35,23.88,2.54,3.16,2.75,24.71
DCA,2023-07-23,21,2,37,2,37,100.0,100.0,70.27,3.0,11.0,1.3,4.5,4.16,3.03,0.78,15.62
DCA,2023-07-23,22,23,17,23,16,73.91,69.57,50.0,8.83,16.22,4.34,11.17,2.5,1.35,0.5,37.69
DCA,2023-07-23,23,0,8,0,8,0.0,0.0,100.0,0.0,0.0,0.0,0.0,2.88,1.54,1.25,2.5
DCA,2023-07-24,1,0,0,0,0,0.0,0.0,0.0,0.0,0.0,0.0,0.0,0.0,0.0,0.0,0.0
DCA,2023-07-24,6,30,7,29,7,86.21,82.76,71.43,24.9,18.03,6.68,29.59,2.0,13.16,4.57,23.86
DCA,2023-07-24,7,22,27,22,27,77.27,72.73,77.78,21.64,19.27,7.78,26.59,3.44,5.58,4.48,56.85
DCA,2023-07-24,8,38,11,39,9,82.05,61.54,44.44,34.41,23.28,11.2,42.59,7.11,3.72,12.56,59.56
DCA,2023-07-24,9,16,33,18,33,55.56,50.0,84.85,23.5,20.78,8.84,31.22,7.97,2.63,2.61,5.52
DCA,2023-07-24,10,35,16,36,16,75.0,55.56,56.25,33.39,19.42,7.2,38.67,3.13,1.57,4.5,36.69
DCA,2023-07-24,11,24,28,24,28,58.33,50.0,57.14,21.54,15.0,3.56,24.38,4.75,1.66,2.71,21.36
DCA,2023-07-24,12,22,28,22,29,54.55,50.0,79.31,21.73,18.91,7.2,27.91,4.9,2.27,5.59,20.34
DCA,2023-07-24,13,25,28,25,27,68.0,56.0,74.07,26.6,19.44,7.64,32.72,4.33,4.67,1.63,19.59
DCA,2023-07-24,14,24,26,24,27,66.67,58.33,66.67,16.13,21.33,9.56,24.29,6.0,5.46,3.78,24.89
DCA,2023-07-24,15,33,17,33,17,51.52,39.39,52.94,33.76,18.61,6.61,39.0,3.29,1.62,7.41,31.94
DCA,2023-07-24,16,16,38,16,38,62.5,62.5,47.37,19.63,14.63,3.19,22.0,2.18,2.64,12.89,36.32
DCA,2023-07-24,17,36,17,35,17,57.14,48.57,58.82,32.43,18.37,6.31,37.91,3.24,2.74,11.94,21.0
DCA,2023-07-24,18,22,33,21,32,52.38,47.62,59.38,33.29,17.24,5.41,37.95,7.75,2.51,5.34,28.78
DCA,2023-07-24,19,26,23,24,21,45.83,33.33,28.57,45.08,17.96,6.2,50.67,9.48,5.51,9.52,56.81
DCA,2023-07-24,20,24,25,22,24,72.73,50.0,50.0,8.41,21.36,9.3,16.91,4.67,2.98,1.92,26.67
DCA,2023-07-24,21,2,37,2,37,50.0,50.0,62.16,15.0,22.0,9.7,24.0,8.59,5.4,6.41,19.11
DCA,2023-07-24,22,23,17,24,17,70.83,66.67,64.71,35.63,18.38,6.39,40.38,4.76,5.14,5.35,15.18
DCA,2023-07-24,23,0,7,0,7,0.0,0.0,71.43,0.0,0.0,0.0,0.0,3.0,2.94,1.43,8.29
DCA,2023-07-25,0,0,1,0,0,0.0,0.0,0.0,0.0,0.0,0.0,0.0,0.0,0.0,0.0,0.0
DCA,2023-07-25,6,29,8,29,8,96.55,96.55,100.0,4.14,15.69,4.07,6.34,0.5,4.68,0.0,0.63
DCA,2023-07-25,7,23,26,23,26,91.3,82.61,80.77,11.65,17.48,5.61,14.87,9.23,5.83,7.0,32.35
DCA,2023-07-25,8,38,11,40,13,82.5,70.0,100.0,11.45,24.45,12.43,20.55,3.38,2.98,2.23,0.77
DCA,2023-07-25,9,15,33,15,32,93.33,93.33,75.0,3.6,14.67,2.98,5.67,7.38,5.65,4.38,8.28
DCA,2023-07-25,10,35,15,35,17,68.57,65.71,88.24,16.31,18.77,6.63,21.4,1.29,6.36,3.76,2.71
DCA,2023-07-25,11,23,28,23,28,95.65,95.65,92.86,3.26,15.83,4.33,5.3,4.04,3.31,0.0,1.64
DCA,2023-07-25,12,22,27,22,28,63.64,22.73,67.86,18.23,22.45,10.55,27.95,5.64,4.75,4.57,14.79
DCA,2023-07-25,13,25,28,23,28,60.87,56.52,78.57,55.17,25.7,13.38,67.57,6.43,4.65,5.68,15.86
DCA,2023-07-25,14,24,26,21,29,61.9,47.62,34.48,38.29,27.0,15.19,52.43,4.9,2.17,12.83,34.07
DCA,2023-07-25,15,32,17,31,17,35.48,22.58,76.47,50.26,27.77,15.72,65.0,3.71,2.77,5.71,34.06
DCA,2023-07-25,16,17,37,17,36,52.94,41.18,63.89,79.47,22.59,10.75,89.24,4.86,5.94,9.19,24.17
DCA,2023-07-25,17,36,17,32,16,56.25,40.63,62.5,80.41,26.97,14.85,93.72,5.06,5.27,5.13,38.13
DCA,2023-07-25,18,21,32,22,28,54.55,18.18,60.71,43.32,29.36,17.52,60.23,8.11,9.61,13.32,35.89
DCA,2023-07-25,19,25,24,22,20,36.36,4.55,35.0,58.05,51.0,38.96,96.09,10.65,5.77,13.5,42.0
DCA,2023-07-25,20,24,24,18,23,27.78,0.0,39.13,57.39,37.0,25.09,82.0,34.17,6.87,32.48,32.78
DCA,2023-07-25,21,2,37,3,28,66.67,33.33,17.86,10.67,32.67,21.0,27.33,14.29,9.31,15.18,42.61
DCA,2023-07-25,22,23,17,17,17,41.18,0.0,58.82,80.35,21.94,9.79,89.88,7.18,6.26,6.41,17.29
DCA,2023-07-25,23,0,9,1,7,0.0,0.0,100.0,19.0,13.0,0.7,20.0,3.43,8.47,1.71,4.29
DCA,2023-07-26,0,0,1,0,0,0.0,0.0,0.0,0.0,0.0,0.0,0.0,0.0,0.0,0.0,0.0
DCA,2023-07-26,5,3,0,3,0,66.67,33.33,0.0,20.0,23.67,12.3,30.67,0.0,0.0,0.0,0.0
DCA,2023-07-26,6,29,8,26,7,96.15,96.15,100.0,2.27,15.62,4.12,4.81,0.57,7.3,3.86,0.86
DCA,2023-07-26,7,23,26,23,24,95.65,86.96,83.33,2.83,16.91,5.15,6.13,1.96,8.11,2.83,13.67
DCA,2023-07-26,8,38,11,40,13,85.0,70.0,84.62,14.55,20.27,8.33,19.7,2.62,3.75,2.46,5.77
DCA,2023-07-26,9,15,33,17,31,82.35,70.59,87.1,8.47,16.06,4.38,11.12,5.87,4.51,4.0,10.58
DCA,2023-07-26,10,35,15,35,15,74.29,68.57,86.67,20.34,16.23,4.19,22.97,1.87,4.34,0.73,4.13
DCA,2023-07-26,11,23,28,23,30,95.65,91.3,90.0,1.61,15.96,4.5,4.3,4.57,2.93,1.63,7.07
DCA,2023-07-26,12,22,26,22,28,68.18,68.18,85.71,41.18,16.27,4.64,44.32,2.64,3.03,2.32,16.54
DCA,2023-07-26,13,24,28,23,29,82.61,69.57,65.52,19.57,17.87,5.87,23.52,2.59,8.61,3.86,17.28
DCA,2023-07-26,14,24,26,23,26,69.57,56.52,76.92,20.13,21.83,9.92,28.52,6.62,7.2,5.92,24.23
DCA,2023-07-26,15,32,17,34,17,64.71,52.94,70.59,32.15,19.68,7.76,38.97,3.18,3.44,2.94,25.82
DCA,2023-07-26,16,17,37,20,37,70.0,60.0,67.57,22.65,19.65,7.93,29.55,4.19,6.82,4.95,28.57
DCA,2023-07-26,17,36,17,35,17,71.43,51.43,88.24,21.51,20.83,8.71,29.0,4.53,7.0,2.35,5.76
DCA,2023-07-26,18,21,32,23,31,73.91,56.52,64.52,12.09,21.74,9.97,20.22,4.26,4.87,8.39,38.68
DCA,2023-07-26,19,25,24,26,27,65.38,46.15,55.56,24.35,21.69,9.74,32.69,6.81,5.91,5.19,33.15
DCA,2023-07-26,20,24,24,24,24,58.33,54.17,58.33,59.25,19.42,7.16,64.46,6.63,1.99,5.96,21.71
DCA,2023-07-26,21,2,37,4,37,100.0,100.0,56.76,0.0,13.5,1.35,0.5,8.51,4.01,7.78,23.92
DCA,2023-07-26,22,23,17,26,17,84.62,57.69,41.18,10.31,22.38,10.24,17.58,1.29,6.55,8.94,63.76
DCA,2023-07-26,23,0,9,1,9,100.0,100.0,66.67,0.0,34.0,19.7,0.0,5.22,2.7,6.11,20.0
DCA,2023-07-27,0,0,1,0,2,0.0,0.0,50.0,0.0,0.0,0.0,0.0,0.0,2.65,0.0,16.0
DCA,2023-07-27,1,0,0,0,0,0.0,0.0,0.0,0.0,0.0,0.0,0.0,0.0,0.0,0.0,0.0
DCA,2023-07-27,5,3,0,3,0,66.67,0.0,0.0,5.67,39.67,27.7,31.0,0.0,0.0,0.0,0.0
DCA,2023-07-27,6,29,8,29,8,96.55,93.1,87.5,1.31,17.07,5.39,4.03,0.63,10.68,3.63,7.5
DCA,2023-07-27,7,23,26,23,25,91.3,82.61,80.0,12.52,15.74,4.28,14.65,2.68,6.47,3.12,26.76
DCA,2023-07-27,8,38,11,40,12,85.0,55.0,83.33,11.43,27.1,15.01,22.43,3.33,8.37,6.42,9.25
DCA,2023-07-27,9,16,33,16,32,87.5,87.5,78.13,54.38,15.81,4.01,55.94,9.0,6.78,4.78,10.25
DCA,2023-07-27,10,35,16,34,16,79.41,67.65,93.75,11.06,20.06,7.85,17.12,2.06,3.38,0.69,1.63
DCA,2023-07-27,11,24,28,24,27,87.5,79.17,96.3,14.04,17.5,5.66,18.5,4.93,3.99,0.59,1.0
DCA,2023-07-27,12,22,28,22,29,68.18,63.64,82.76,19.23,17.0,5.4,23.09,2.9,2.89,0.97,14.28
DCA,2023-07-27,13,25,28,24,31,75.0,62.5,80.65,18.79,17.75,6.01,23.38,3.13,5.61,2.19,12.13
DCA,2023-07-27,14,24,26,26,24,73.08,57.69,83.33,17.88,23.73,11.8,28.5,11.08,6.75,9.67,10.71
DCA,2023-07-27,15,33,17,29,16,65.52,41.38,81.25,42.66,23.17,11.27,52.93,2.88,3.92,3.5,8.56
DCA,2023-07-27,16,16,38,15,38,66.67,26.67,73.68,32.2,29.73,18.31,48.27,8.21,3.81,6.11,15.26
DCA,2023-07-27,17,36,17,32,14,46.88,37.5,71.43,51.06,28.84,16.8,67.59,11.5,10.29,9.0,17.93
DCA,2023-07-27,18,22,33,16,29,62.5,56.25,68.97,21.38,24.81,12.97,33.69,8.48,3.81,6.52,19.14
DCA,2023-07-27,19,26,23,21,14,33.33,23.81,42.86,46.05,19.33,7.34,52.95,8.21,10.14,11.43,56.71
DCA,2023-07-27,20,24,25,16,22,50.0,31.25,50.0,25.38,21.44,9.43,34.44,5.23,5.45,7.18,40.91
DCA,2023-07-27,21,2,37,2,24,50.0,0.0,54.17,22.5,21.0,8.7,31.5,2.88,2.56,3.29,49.42
DCA,2023-07-27,22,23,17,14,13,28.57,28.57,76.92,60.43,13.79,2.46,62.07,1.23,1.84,0.85,8.54
DCA,2023-07-27,23,0,9,0,8,0.0,0.0,12.5,0.0,0.0,0.0,0.0,4.25,1.45,0.25,110.5
DCA,2023-07-28,0,0,1,0,1,0.0,0.0,100.0,0.0,0.0,0.0,0.0,0.0,2.0,0.0,0.0
DCA,2023-07-28,1,0,0,0,0,0.0,0.0,0.0,0.0,0.0,0.0,0.0,0.0,0.0,0.0,0.0
DCA,2023-07-28,2,0,0,0,0,0.0,0.0,0.0,0.0,0.0,0.0,0.0,0.0,0.0,0.0,0.0
DCA,2023-07-28,5,3,0,3,0,66.67,0.0,0.0,20.0,33.67,21.7,40.33,0.0,0.0,0.0,0.0
DCA,2023-07-28,6,29,9,28,9,85.71,75.0,100.0,9.75,18.71,7.0,15.25,0.0,12.52,3.44,1.67
DCA,2023-07-28,7,24,25,23,24,86.96,82.61,87.5,8.13,16.3,4.49,10.74,5.42,6.25,3.13,10.63
DCA,2023-07-28,8,37,12,36,11,91.67,58.33,72.73,14.72,27.19,15.2,27.22,4.0,3.45,7.82,9.09
DCA,2023-07-28,9,16,32,15,31,66.67,66.67,70.97,13.8,18.13,6.1,18.27,7.13,7.55,6.58,28.52
DCA,2023-07-28,10,35,16,35,16,77.14,57.14,87.5,25.6,18.46,6.44,30.86,1.75,3.09,1.88,11.63
DCA,2023-07-28,11,24,28,24,28,75.0,66.67,78.57,23.0,16.63,4.69,26.67,5.18,4.33,1.86,19.18
DCA,2023-07-28,12,22,28,21,29,71.43,66.67,93.1,26.05,18.48,6.79,30.48,2.66,4.61,1.9,5.24
DCA,2023-07-28,13,25,28,25,28,72.0,32.0,78.57,19.8,31.36,19.26,37.56,2.36,6.29,2.43,11.57
DCA,2023-07-28,14,24,26,24,26,75.0,41.67,65.38,30.46,27.58,15.63,45.08,2.88,12.44,7.5,15.12
DCA,2023-07-28,15,33,17,33,17,51.52,27.27,70.59,21.7,25.18,13.28,34.33,4.41,5.25,4.65,12.59
DCA,2023-07-28,16,16,38,19,39,52.63,36.84,64.1,15.32,27.26,15.77,30.53,6.62,3.12,4.64,22.51
DCA,2023-07-28,17,35,17,36,18,44.44,27.78,83.33,42.97,32.94,20.81,62.31,8.67,7.92,6.39,7.33
DCA,2023-07-28,18,23,32,18,29,61.11,16.67,37.93,57.94,47.0,35.04,92.0,31.34,5.12,27.9,74.21
DCA,2023-07-28,19,25,24,24,18,33.33,12.5,16.67,134.46,27.42,15.45,148.42,42.89,3.24,50.5,136.5
DCA,2023-07-28,20,25,24,16,22,6.25,6.25,27.27,136.0,24.06,11.67,147.44,16.91,7.53,27.27,68.18
DCA,2023-07-28,21,2,37,4,37,50.0,50.0,21.62,48.75,13.25,2.1,51.0,4.46,11.15,12.86,108.0
DCA,2023-07-28,22,23,17,19,17,21.05,10.53,29.41,91.42,18.58,6.79,97.74,6.35,4.84,18.88,50.41
DCA,2023-07-28,23,0,10,0,9,0.0,0.0,55.56,0.0,0.0,0.0,0.0,4.44,3.92,8.33,33.33
DCA,2023-07-29,0,0,4,0,1,0.0,0.0,100.0,0.0,0.0,0.0,0.0,0.0,2.0,0.0,0.0
DCA,2023-07-29,1,0,0,0,1,0.0,0.0,100.0,0.0,0.0,0.0,0.0,0.0,2.0,0.0,0.0
DCA,2023-07-29,2,0,0,0,0,0.0,0.0,0.0,0.0,0.0,0.0,0.0,0.0,0.0,0.0,0.0
DCA,2023-07-29,5,3,0,3,0,100.0,100.0,0.0,0.0,22.67,10.7,8.33,0.0,0.0,0.0,0.0
DCA,2023-07-29,6,24,2,21,2,85.71,76.19,100.0,13.0,15.95,4.67,17.19,1.0,6.8,1.0,0.0
DCA,2023-07-29,7,16,24,15,23,86.67,86.67,82.61,10.93,16.6,4.78,14.53,3.65,6.6,4.43,6.48
DCA,2023-07-29,8,34,12,34,11,76.47,50.0,81.82,17.0,24.74,12.68,27.18,4.0,6.28,6.09,8.91
DCA,2023-07-29,9,19,27,18,24,77.78,77.78,83.33,13.28,18.06,6.01,17.11,4.71,10.12,6.46,7.54
DCA,2023-07-29,10,29,14,26,13,73.08,61.54,84.62,9.88,16.85,4.73,12.96,3.77,5.42,1.92,5.31
DCA,2023-07-29,11,23,17,23,17,73.91,73.91,88.24,16.3,15.22,3.37,18.13,2.88,3.57,0.53,8.94
DCA,2023-07-29,12,13,27,14,27,71.43,64.29,85.19,12.29,16.79,5.19,16.86,3.44,1.89,1.81,5.44
DCA,2023-07-29,13,23,22,22,20,50.0,31.82,70.0,58.41,35.18,23.15,80.45,3.6,8.76,5.4,16.85
DCA,2023-07-29,14,23,22,22,22,22.73,9.09,54.55,116.82,37.82,26.01,142.32,9.27,11.65,15.73,44.95
DCA,2023-07-29,15,24,15,20,15,20.0,20.0,40.0,89.65,25.45,13.37,102.05,18.07,12.97,24.2,69.33
DCA,2023-07-29,16,12,30,10,29,0.0,0.0,34.48,194.6,37.6,26.13,221.0,54.34,7.48,65.34,114.14
DCA,2023-07-29,17,27,16,16,14,0.0,0.0,21.43,270.63,19.13,7.45,277.75,33.64,5.11,28.86,171.36
DCA,2023-07-29,18,15,21,14,20,0.0,0.0,10.0,149.0,22.71,11.25,160.14,5.15,17.48,21.05,117.55
DCA,2023-07-29,19,18,17,12,17,0.0,0.0,29.41,100.0,20.92,8.75,108.75,2.41,12.09,10.12,85.41
DCA,2023-07-29,20,13,14,9,14,0.0,0.0,57.14,150.56,17.11,5.1,155.78,2.0,1.4,1.29,101.21
DCA,2023-07-29,21,1,22,0,20,0.0,0.0,35.0,0.0,0.0,0.0,0.0,3.95,6.76,8.2,72.9
DCA,2023-07-29,22,3,12,3,10,100.0,100.0,40.0,1.33,18.33,6.2,5.0,1.0,1.45,3.4,61.8
DCA,2023-07-29,23,2,3,2,1,100.0,50.0,0.0,0.0,22.0,9.7,8.5,0.0,5.0,0.0,135.0
DCA,2023-07-30,0,0,1,0,4,0.0,0.0,0.0,0.0,0.0,0.0,0.0,1.0,6.58,1.5,250.75
DCA,2023-07-30,1,0,0,1,1,100.0,100.0,100.0,0.0,15.0,2.7,3.0,0.0,6.3,0.0,0.0
DCA,2023-07-30,2,0,0,0,0,0.0,0.0,0.0,0.0,0.0,0.0,0.0,0.0,0.0,0.0,0.0
DCA,2023-07-30,3,0,0,0,0,0.0,0.0,0.0,0.0,0.0,0.0,0.0,0.0,0.0,0.0,0.0
DCA,2023-07-30,5,3,0,3,0,66.67,66.67,0.0,52.67,12.33,0.97,52.33,0.0,0.0,0.0,0.0
DCA,2023-07-30,6,19,2,20,1,75.0,75.0,0.0,13.0,13.5,2.64,14.2,0.0,1.3,0.0,37.0
DCA,2023-07-30,7,15,20,14,18,92.86,85.71,100.0,3.64,15.14,3.31,5.71,1.94,3.49,0.5,1.06
DCA,2023-07-30,8,35,6,36,5,80.56,72.22,40.0,39.36,20.97,8.96,46.11,0.8,14.46,15.0,15.6
DCA,2023-07-30,9,14,32,14,27,50.0,50.0,100.0,59.64,18.0,6.3,64.93,4.7,3.12,1.07,0.67
DCA,2023-07-30,10,34,15,34,15,91.18,73.53,93.33,8.59,22.53,10.37,16.59,1.6,3.57,1.8,9.47
DCA,2023-07-30,11,25,24,25,24,84.0,80.0,91.67,9.88,18.04,6.41,14.12,1.08,1.33,0.88,6.54
DCA,2023-07-30,12,21,27,21,27,76.19,71.43,77.78,20.71,18.48,6.74,26.05,3.81,3.74,3.74,18.74
DCA,2023-07-30,13,25,28,26,29,84.62,76.92,82.76,12.38,17.15,5.22,16.92,2.83,7.31,6.9,11.17
DCA,2023-07-30,14,24,26,25,25,72.0,64.0,76.0,13.84,17.96,6.16,18.64,3.32,7.14,2.32,18.96
DCA,2023-07-30,15,33,17,33,18,48.48,42.42,61.11,26.97,20.0,8.01,33.91,1.39,2.53,1.33,27.94
DCA,2023-07-30,16,16,38,17,38,41.18,23.53,68.42,36.06,18.47,6.91,42.65,2.58,4.86,2.79,32.0
DCA,2023-07-30,17,35,18,34,18,61.76,50.0,72.22,22.35,22.06,10.0,30.41,2.67,6.08,0.83,8.39
DCA,2023-07-30,18,23,32,24,32,54.17,50.0,68.75,68.0,18.04,6.4,73.46,2.34,2.8,0.56,29.22
DCA,2023-07-30,19,25,24,25,25,60.0,32.0,64.0,24.04,23.76,11.6,34.24,3.36,2.37,2.88,29.04
DCA,2023-07-30,20,25,24,25,24,64.0,36.0,62.5,14.88,28.36,16.0,28.72,5.88,1.7,4.08,25.33
DCA,2023-07-30,21,2,37,2,36,100.0,100.0,61.11,1.0,10.0,0.0,0.5,9.03,4.56,5.58,28.86
DCA,2023-07-30,22,23,17,23,17,69.57,52.17,64.71,51.78,24.35,12.13,61.61,1.06,3.68,3.0,32.59
DCA,2023-07-30,23,0,10,0,10,0.0,0.0,70.0,0.0,0.0,0.0,0.0,0.7,2.36,0.0,36.5
DCA,2023-07-31,0,0,1,0,2,0.0,0.0,100.0,0.0,0.0,0.0,0.0,0.0,0.65,0.0,0.0
DCA,2023-07-31,1,0,0,0,0,0.0,0.0,0.0,0.0,0.0,0.0,0.0,0.0,0.0,0.0,0.0
DCA,2023-07-31,2,0,0,0,0,0.0,0.0,0.0,0.0,0.0,0.0,0.0,0.0,0.0,0.0,0.0
DCA,2023-07-31,5,3,0,3,0,33.33,33.33,0.0,54.33,15.0,3.03,57.33,0.0,0.0,0.0,0.0
DCA,2023-07-31,6,30,7,30,7,93.33,83.33,85.71,4.97,18.13,6.31,9.8,0.86,5.4,0.57,5.29
DCA,2023-07-31,7,22,27,23,27,95.65,86.96,70.37,2.17,19.96,7.9,7.78,4.48,10.7,9.41,19.56
DCA,2023-07-31,8,38,11,39,11,87.18,51.28,72.73,12.05,24.28,12.33,22.13,2.91,2.54,4.27,20.91
DCA,2023-07-31,9,16,33,16,33,93.75,81.25,84.85,11.69,18.13,6.15,15.88,11.39,1.78,4.7,6.06
DCA,2023-07-31,10,35,16,35,16,71.43,68.57,100.0,17.11,16.97,5.01,20.23,1.69,1.99,0.38,0.94
DCA,2023-07-31,11,24,28,24,28,95.83,91.67,89.29,4.46,16.25,4.64,6.5,3.18,2.11,0.71,7.89
DCA,2023-07-31,12,22,28,21,26,85.71,80.95,92.31,6.0,16.76,5.05,9.19,4.38,1.58,1.42,7.85
DCA,2023-07-31,13,25,28,25,29,88.0,72.0,72.41,9.24,19.36,7.45,14.44,3.86,1.89,4.76,13.76
DCA,2023-07-31,14,24,26,24,26,83.33,62.5,80.77,35.46,20.92,8.99,42.79,7.62,3.56,4.08,11.23
DCA,2023-07-31,15,33,17,33,17,69.7,60.61,88.24,17.85,18.88,6.95,22.67,4.18,4.66,3.18,12.59
DCA,2023-07-31,16,16,38,17,38,82.35,70.59,81.58,11.24,16.53,5.06,15.53,7.87,1.59,5.76,9.18
DCA,2023-07-31,17,36,17,37,18,75.68,62.16,66.67,16.92,23.05,10.98,26.11,5.28,6.01,4.5,27.33
DCA,2023-07-31,18,22,33,23,34,69.57,43.48,61.76,36.61,23.22,11.35,45.52,3.91,4.48,3.62,25.97
DCA,2023-07-31,19,26,23,26,22,65.38,57.69,77.27,26.54,16.19,4.38,29.96,3.09,6.44,6.0,7.32
DCA,2023-07-31,20,24,25,23,26,60.87,56.52,61.54,14.96,20.48,8.2,21.57,2.58,3.15,1.81,27.19
DCA,2023-07-31,21,2,37,2,37,100.0,100.0,62.16,0.0,16.5,4.2,0.0,3.59,2.09,2.03,29.41
DCA,2023-07-31,22,23,17,23,17,78.26,65.22,64.71,43.61,17.3,5.18,45.43,1.35,2.58,3.12,16.47
DCA,2023-07-31,23,0,9,0,9,0.0,0.0,77.78,0.0,0.0,0.0,0.0,2.56,2.78,0.0,26.0
DCA,2023-08-01,0,0,1,0,1,0.0,0.0,100.0,0.0,0.0,0.0,0.0,1.0,0.0,0.0,0.0
DCA,2023-08-01,1,0,0,0,0,0.0,0.0,0.0,0.0,0.0,0.0,0.0,0.0,0.0,0.0,0.0
DCA,2023-08-01,5,3,0,3,0,66.67,66.67,0.0,26.33,14.67,2.7,27.33,0.0,0.0,0.0,0.0
DCA,2023-08-01,6,29,8,29,8,89.66,86.21,87.5,15.79,16.76,5.14,18.97,0.63,3.93,1.13,11.63
DCA,2023-08-01,7,23,26,23,26,95.65,82.61,96.15,2.74,19.96,7.97,7.22,4.77,2.98,1.88,1.62
DCA,2023-08-01,8,38,11,40,11,92.5,55.0,90.91,2.25,30.75,18.64,17.08,1.09,2.33,0.64,8.45
DCA,2023-08-01,9,15,33,15,34,86.67,66.67,85.29,8.6,18.87,7.03,13.47,9.03,2.83,4.0,15.53
DCA,2023-08-01,10,34,16,35,18,94.29,77.14,88.89,13.49,20.86,8.81,18.91,2.33,4.26,3.83,4.94
DCA,2023-08-01,11,24,28,24,29,87.5,83.33,89.66,16.29,17.29,5.71,19.0,4.83,2.34,1.48,13.62
DCA,2023-08-01,12,22,26,21,27,95.24,95.24,88.89,5.0,16.71,4.96,7.05,1.59,3.01,2.74,8.89
DCA,2023-08-01,13,25,28,26,28,80.77,69.23,89.29,11.5,21.38,9.23,18.5,2.21,4.09,1.29,2.96
DCA,2023-08-01,14,24,26,24,26,91.67,70.83,84.62,3.0,21.79,9.91,10.29,3.5,7.81,5.31,5.54
DCA,2023-08-01,15,31,17,32,17,81.25,62.5,76.47,8.72,24.41,12.37,18.41,2.47,3.71,1.65,21.82
DCA,2023-08-01,16,18,37,21,38,80.95,61.9,81.58,8.67,18.48,6.7,13.67,7.03,1.95,2.24,6.53
DCA,2023-08-01,17,36,17,36,17,83.33,75.0,88.24,9.56,19.86,7.9,14.67,3.0,7.61,1.76,7.71
DCA,2023-08-01,18,21,32,20,30,75.0,65.0,80.0,18.1,19.95,8.26,24.1,4.63,0.75,1.67,11.07
DCA,2023-08-01,19,25,24,24,24,91.67,79.17,75.0,3.67,17.58,5.99,7.71,5.46,3.53,2.25,11.38
DCA,2023-08-01,20,24,24,24,24,79.17,70.83,75.0,9.46,25.67,13.39,18.75,3.33,1.1,2.04,50.33
DCA,2023-08-01,21,2,37,2,35,100.0,100.0,82.86,0.0,14.5,2.35,0.5,7.63,2.73,3.69,7.66
DCA,2023-08-01,22,23,17,23,17,91.3,78.26,88.24,2.96,21.0,9.03,8.04,1.29,6.38,3.24,8.76
DCA,2023-08-01,23,0,9,0,9,0.0,0.0,100.0,0.0,0.0,0.0,0.0,3.44,1.29,0.0,0.78
DCA,2023-08-02,0,0,1,0,2,0.0,0.0,50.0,0.0,0.0,0.0,0.0,1.0,1.15,4.0,24.5
DCA,2023-08-02,1,0,0,0,0,0.0,0.0,0.0,0.0,0.0,0.0,0.0,0.0,0.0,0.0,0.0
DCA,2023-08-02,5,3,0,3,0,66.67,33.33,0.0,7.67,26.67,14.97,19.67,0.0,0.0,0.0,0.0
DCA,2023-08-02,6,29,8,28,8,89.29,82.14,100.0,4.5,16.32,4.98,7.29,0.0,4.93,1.0,0.0
DCA,2023-08-02,7,23,26,23,26,95.65,86.96,88.46,4.83,22.61,10.49,11.0,5.0,3.88,2.31,11.42
DCA,2023-08-02,8,38,11,40,12,87.5,60.0,91.67,9.25,26.73,14.69,19.3,1.5,3.22,0.67,8.08
DCA,2023-08-02,9,15,33,15,33,86.67,60.0,90.91,7.47,24.33,12.47,16.6,8.85,1.82,4.3,3.73
DCA,2023-08-02,10,34,16,34,16,91.18,50.0,87.5,9.18,28.0,15.83,21.35,0.13,2.47,0.56,5.25
DCA,2023-08-02,11,24,28,24,28,83.33,75.0,89.29,13.0,17.63,5.94,17.17,2.07,1.8,1.11,2.39
DCA,2023-08-02,12,22,26,22,27,90.91,95.45,92.59,10.64,17.64,5.78,12.36,1.7,3.36,1.74,2.85
DCA,2023-08-02,13,25,28,25,28,84.0,68.0,85.71,3.88,23.0,10.95,12.0,3.07,3.21,1.39,12.18
DCA,2023-08-02,14,24,26,24,26,79.17,70.83,76.92,9.25,21.54,9.65,16.88,3.38,3.28,4.19,6.31
DCA,2023-08-02,15,31,17,31,18,77.42,58.06,83.33,23.16,20.65,8.72,29.97,1.78,2.22,1.78,13.17
DCA,2023-08-02,16,18,37,19,39,63.16,63.16,87.18,17.26,16.21,4.45,20.53,5.18,1.81,4.05,4.31
DCA,2023-08-02,17,36,17,36,17,94.44,88.89,88.24,2.17,19.33,7.36,6.19,3.18,5.21,0.82,4.82
DCA,2023-08-02,18,21,32,22,31,77.27,77.27,77.42,13.55,16.41,4.65,15.68,3.42,1.54,1.13,11.29
DCA,2023-08-02,19,25,24,25,24,76.0,72.0,70.83,18.04,16.76,5.25,21.08,7.25,3.81,4.08,9.79
DCA,2023-08-02,20,24,24,24,24,87.5,70.83,70.83,7.88,20.75,8.57,12.17,5.04,2.73,1.46,21.17
DCA,2023-08-02,21,2,37,2,36,100.0,100.0,80.56,0.0,11.5,0.35,0.0,11.11,1.7,5.64,10.39
DCA,2023-08-02,22,23,17,23,17,78.26,78.26,88.24,9.65,16.0,4.16,11.04,2.12,3.29,1.94,10.82
DCA,2023-08-02,23,0,9,0,9,0.0,0.0,77.78,0.0,0.0,0.0,0.0,4.11,4.96,7.33,6.44
DCA,2023-08-03,0,0,1,0,1,0.0,0.0,100.0,0.0,0.0,0.0,0.0,1.0,4.0,0.0,0.0
DCA,2023-08-03,5,3,0,3,0,100.0,66.67,0.0,0.0,32.0,20.03,14.33,0.0,0.0,0.0,0.0
DCA,2023-08-03,6,29,8,29,8,96.55,86.21,100.0,1.0,17.79,6.2,4.62,0.38,5.68,2.13,1.13
DCA,2023-08-03,7,23,26,23,27,100.0,100.0,88.89,0.35,17.3,5.36,3.09,3.33,7.7,2.22,5.0
DCA,2023-08-03,8,38,11,41,12,97.56,80.49,91.67,1.8,19.63,7.62,6.76,1.17,3.82,1.5,9.83
DCA,2023-08-03,9,16,33,16,33,87.5,87.5,90.91,17.63,16.19,4.34,20.13,8.18,2.46,5.67,5.09
DCA,2023-08-03,10,34,17,34,17,91.18,76.47,100.0,2.71,20.26,8.13,8.68,1.88,1.58,0.47,1.0
DCA,2023-08-03,11,25,28,25,28,92.0,92.0,96.43,3.6,16.84,5.36,6.96,3.61,2.64,0.46,1.75
DCA,2023-08-03,12,22,27,21,27,100.0,95.24,85.19,0.48,16.67,5.16,2.52,4.26,1.61,1.74,8.44
DCA,2023-08-03,13,25,28,25,28,72.0,52.0,89.29,10.84,23.0,10.88,18.44,4.39,1.7,2.14,4.46
DCA,2023-08-03,14,24,26,26,26,92.31,76.92,84.62,3.15,20.0,8.08,8.15,5.42,3.1,5.42,5.38
DCA,2023-08-03,15,32,17,32,19,78.13,62.5,89.47,13.97,20.31,8.4,19.41,2.58,2.26,2.68,4.11
DCA,2023-08-03,16,17,38,17,37,94.12,88.24,86.49,3.0,16.06,4.53,6.0,6.51,1.99,2.11,3.38
DCA,2023-08-03,17,36,17,37,17,89.19,72.97,88.24,2.86,20.16,8.04,8.46,3.53,4.43,0.18,5.59
DCA,2023-08-03,18,22,33,22,33,90.91,81.82,78.79,4.45,17.14,5.26,7.55,6.27,1.81,5.06,11.73
DCA,2023-08-03,19,24,23,24,23,75.0,70.83,56.52,22.04,16.83,4.96,26.13,9.96,4.72,10.48,25.96
DCA,2023-08-03,20,23,25,24,25,83.33,45.83,72.0,13.25,24.75,12.46,23.58,15.88,1.45,8.28,57.64
DCA,2023-08-03,21,2,37,2,36,50.0,50.0,58.33,11.0,19.5,7.35,18.5,23.11,3.14,14.89,19.14
DCA,2023-08-03,22,23,17,23,17,65.22,47.83,70.59,15.3,19.17,7.32,21.43,37.82,4.99,34.12,83.47
DCA,2023-08-03,23,0,8,0,8,0.0,0.0,62.5,0.0,0.0,0.0,0.0,5.0,1.41,2.25,85.5
DCA,2023-08-04,0,0,1,0,1,0.0,0.0,0.0,0.0,0.0,0.0,0.0,0.0,3.0,0.0,38.0
DCA,2023-08-04,1,0,0,0,0,0.0,0.0,0.0,0.0,0.0,0.0,0.0,0.0,0.0,0.0,0.0
DCA,2023-08-04,5,3,0,3,0,100.0,66.67,0.0,0.0,28.33,16.37,11.33,0.0,0.0,0.0,0.0
DCA,2023-08-04,6,30,8,28,7,100.0,89.29,100.0,0.39,19.93,8.11,5.25,0.29,2.97,0.0,0.0
DCA,2023-08-04,7,21,26,21,26,85.71,85.71,96.15,35.71,16.76,4.87,37.43,4.92,0.98,1.77,1.35
DCA,2023-08-04,8,37,12,38,13,97.37,76.32,84.62,3.05,28.5,16.51,15.03,1.69,2.68,1.0,4.62
DCA,2023-08-04,9,17,29,17,29,88.24,70.59,75.86,6.06,21.41,9.36,12.41,4.21,1.31,1.48,15.07
DCA,2023-08-04,10,32,17,32,17,78.13,65.63,100.0,16.44,19.88,7.8,21.09,2.0,3.19,0.82,1.18
DCA,2023-08-04,11,26,26,26,26,92.31,80.77,80.77,5.12,18.04,6.25,9.0,3.73,2.37,1.81,14.69
DCA,2023-08-04,12,21,28,21,29,61.9,52.38,89.66,21.14,18.19,6.53,26.14,4.03,2.28,1.59,4.62
DCA,2023-08-04,13,25,28,25,30,88.0,76.0,73.33,5.88,19.04,6.86,11.2,4.7,3.66,3.3,9.1
DCA,2023-08-04,14,25,25,25,28,72.0,64.0,67.86,10.08,19.24,7.4,16.64,7.25,4.06,5.61,15.71
DCA,2023-08-04,15,31,18,33,20,66.67,36.36,85.0,13.52,22.88,10.77,23.39,1.1,2.63,0.2,8.65
DCA,2023-08-04,16,17,38,18,38,72.22,72.22,76.32,8.83,20.67,9.04,15.06,3.66,3.21,2.32,16.26
DCA,2023-08-04,17,36,17,37,16,72.97,59.46,87.5,14.05,20.73,8.92,20.7,4.31,7.8,3.06,8.25
DCA,2023-08-04,18,21,34,21,33,76.19,76.19,75.76,19.1,14.29,3.04,21.29,4.18,3.7,3.15,11.0
DCA,2023-08-04,19,27,22,27,21,66.67,62.96,66.67,13.15,15.19,3.5,15.22,6.86,5.23,3.19,29.62
DCA,2023-08-04,20,24,25,23,27,65.22,56.52,62.96,14.7,18.91,7.07,18.7,3.63,1.86,2.78,17.7
DCA,2023-08-04,21,1,38,1,36,0.0,0.0,63.89,21.0,21.0,8.7,30.0,5.56,1.38,3.58,21.28
DCA,2023-08-04,22,24,16,26,16,80.77,76.92,62.5,11.73,20.73,8.77,17.08,1.69,5.19,2.25,14.5
DCA,2023-08-04,23,0,9,0,8,0.0,0.0,37.5,0.0,0.0,0.0,0.0,4.88,2.04,2.5,32.25
DCA,2023-08-05,0,0,4,0,1,0.0,0.0,100.0,0.0,0.0,0.0,0.0,0.0,2.0,0.0,0.0
DCA,2023-08-05,5,3,0,3,0,100.0,33.33,0.0,6.67,28.33,16.37,22.33,0.0,0.0,0.0,0.0
DCA,2023-08-05,6,24,2,23,2,73.91,78.26,100.0,26.48,13.39,2.26,27.52,0.0,0.8,0.0,0.0
DCA,2023-08-05,7,15,25,15,26,73.33,66.67,84.62,13.13,18.07,6.36,18.2,3.23,2.52,5.27,17.04
DCA,2023-08-05,8,35,11,36,11,88.89,44.44,63.64,4.58,32.03,19.89,21.31,0.36,15.55,9.45,20.18
DCA,2023-08-05,9,18,27,18,26,77.78,55.56,92.31,14.11,24.22,12.23,23.5,6.31,3.12,3.23,1.65
DCA,2023-08-05,10,29,14,28,14,92.86,71.43,71.43,3.86,21.64,9.39,10.14,1.57,3.66,0.71,18.0
DCA,2023-08-05,11,24,17,24,17,75.0,75.0,94.12,17.42,17.71,5.77,20.92,1.88,1.09,0.41,1.06
DCA,2023-08-05,12,13,27,13,27,61.54,53.85,85.19,14.85,16.85,5.22,19.0,1.52,1.88,0.96,10.11
DCA,2023-08-05,13,23,22,22,21,81.82,68.18,80.95,10.68,18.82,6.78,14.64,1.19,4.16,0.86,6.71
DCA,2023-08-05,14,24,21,24,21,79.17,75.0,90.48,7.58,16.83,5.07,10.67,5.0,2.34,2.29,3.48
DCA,2023-08-05,15,22,17,23,17,78.26,69.57,94.12,13.48,18.65,6.49,18.26,1.82,2.81,0.82,2.53
DCA,2023-08-05,16,13,30,12,30,75.0,75.0,80.0,16.67,13.67,2.88,17.5,2.3,2.73,2.4,9.67
DCA,2023-08-05,17,28,16,28,16,82.14,75.0,81.25,12.21,19.04,7.16,17.5,0.88,1.54,0.0,6.63
DCA,2023-08-05,18,16,20,16,21,50.0,50.0,85.71,24.0,14.75,3.38,25.75,0.29,0.72,0.0,5.38
DCA,2023-08-05,19,16,17,16,17,87.5,87.5,58.82,3.25,16.19,4.14,4.94,0.59,1.2,0.0,43.76
DCA,2023-08-05,20,12,15,12,15,58.33,58.33,60.0,23.92,16.75,4.84,27.08,0.73,3.02,2.53,19.33
DCA,2023-08-05,21,2,21,2,21,100.0,100.0,76.19,0.0,17.0,4.7,0.0,1.9,2.01,1.86,15.1
DCA,2023-08-05,22,3,12,3,12,66.67,66.67,66.67,6.67,17.33,5.2,9.0,0.83,0.54,0.0,19.08
DCA,2023-08-05,23,2,3,2,3,100.0,100.0,66.67,0.0,12.0,0.35,0.0,0.0,0.77,0.0,38.67
DCA,2023-08-06,0,0,1,0,4,0.0,0.0,75.0,0.0,0.0,0.0,0.0,0.0,0.08,0.0,34.5
DCA,2023-08-06,1,0,0,0,0,0.0,0.0,0.0,0.0,0.0,0.0,0.0,0.0,0.0,0.0,0.0
DCA,2023-08-06,2,0,0,0,0,0.0,0.0,0.0,0.0,0.0,0.0,0.0,0.0,0.0,0.0,0.0
DCA,2023-08-06,5,3,0,3,0,100.0,100.0,0.0,0.0,12.0,0.73,0.0,0.0,0.0,0.0,0.0
DCA,2023-08-06,6,19,2,19,2,94.74,84.21,100.0,24.63,15.11,4.16,27.89,0.0,3.8,0.0,0.0
DCA,2023-08-06,7,16,20,17,20,94.12,88.24,95.0,1.76,14.76,3.13,3.59,1.75,2.98,0.3,1.1
DCA,2023-08-06,8,34,8,35,9,97.14,85.71,100.0,1.49,18.71,6.93,6.17,1.22,3.1,0.44,1.78
DCA,2023-08-06,9,15,32,17,32,94.12,94.12,87.5,2.82,15.53,3.65,5.65,6.5,2.22,1.63,10.63
DCA,2023-08-06,10,33,15,33,15,87.88,72.73,80.0,8.33,21.61,9.43,15.09,0.67,3.17,0.87,13.0
DCA,2023-08-06,11,27,24,27,24,77.78,74.07,100.0,11.33,13.56,2.26,12.56,3.71,1.7,0.0,0.5
DCA,2023-08-06,12,21,27,21,28,85.71,85.71,85.71,34.67,16.0,4.43,37.33,4.68,2.14,3.11,10.07
DCA,2023-08-06,13,26,27,26,27,76.92,50.0,74.07,25.35,25.92,13.81,36.19,4.74,5.77,3.74,7.85
DCA,2023-08-06,14,24,26,25,26,84.0,64.0,96.15,27.36,30.92,18.97,43.92,9.27,5.45,3.58,4.5
DCA,2023-08-06,15,30,19,30,19,63.33,26.67,73.68,35.5,34.47,22.29,55.93,2.79,6.81,2.89,21.42
DCA,2023-08-06,16,18,37,18,37,66.67,11.11,70.27,18.72,39.72,28.04,43.44,3.41,6.3,3.54,22.22
DCA,2023-08-06,17,35,18,33,18,60.61,30.3,83.33,45.97,29.64,17.5,61.61,2.72,4.54,6.0,35.33
DCA,2023-08-06,18,22,33,21,31,52.38,19.05,51.61,64.86,35.76,23.93,87.29,13.13,9.14,14.52,41.19
DCA,2023-08-06,19,26,23,24,19,29.17,0.0,10.53,93.08,54.58,42.6,135.58,51.21,12.68,68.74,97.68
DCA,2023-08-06,20,24,25,19,23,15.79,0.0,47.83,124.05,50.53,38.21,162.47,20.74,15.9,29.78,49.87
DCA,2023-08-06,21,2,37,2,31,50.0,0.0,16.13,33.0,32.0,20.65,53.5,106.16,9.51,107.65,144.77
DCA,2023-08-06,22,24,16,14,18,35.71,21.43,0.0,83.43,19.93,8.23,90.07,36.22,2.48,34.06,124.89
DCA,2023-08-06,23,0,10,0,11,0.0,0.0,18.18,0.0,0.0,0.0,0.0,3.91,5.23,12.45,53.82
DCA,2023-08-07,0,0,1,1,5,100.0,100.0,0.0,0.0,13.0,0.7,1.0,0.8,2.78,16.2,74.8
DCA,2023-08-07,1,0,0,0,0,0.0,0.0,0.0,0.0,0.0,0.0,0.0,0.0,0.0,0.0,0.0
DCA,2023-08-07,2,0,0,0,1,0.0,0.0,100.0,0.0,0.0,0.0,0.0,4.0,2.3,9.0,0.0
DCA,2023-08-07,3,0,0,0,0,0.0,0.0,0.0,0.0,0.0,0.0,0.0,0.0,0.0,0.0,0.0
DCA,2023-08-07,5,3,0,3,0,66.67,66.67,0.0,32.0,13.33,2.3,34.33,0.0,0.0,0.0,0.0
DCA,2023-08-07,6,30,8,30,6,93.33,83.33,100.0,1.67,16.77,5.11,5.73,1.5,7.13,1.67,1.67
DCA,2023-08-07,7,23,26,23,24,91.3,91.3,79.17,9.39,16.96,5.14,12.7,4.67,4.6,4.88,18.25
DCA,2023-08-07,8,37,12,37,12,70.27,59.46,100.0,34.43,20.38,8.41,40.41,2.83,1.38,0.0,0.08
DCA,2023-08-07,9,16,32,15,32,93.33,93.33,78.13,10.67,14.93,3.28,11.8,11.97,3.69,6.44,13.81
DCA,2023-08-07,10,34,17,34,19,82.35,64.71,78.95,9.62,23.32,11.18,17.97,2.53,2.69,2.58,19.89
DCA,2023-08-07,11,26,27,25,28,72.0,68.0,78.57,12.72,16.84,5.2,16.28,4.32,2.37,0.86,21.39
DCA,2023-08-07,12,21,28,20,28,70.0,50.0,85.71,22.05,17.9,6.33,27.4,4.57,3.4,3.39,13.36
DCA,2023-08-07,13,25,28,26,30,69.23,53.85,70.0,26.96,21.62,9.69,35.54,4.13,3.07,3.03,17.03
DCA,2023-08-07,14,25,25,25,25,56.0,40.0,72.0,37.24,26.48,14.72,50.96,6.68,5.17,2.96,37.92
DCA,2023-08-07,15,31,18,23,14,39.13,21.74,57.14,87.96,34.7,22.62,109.57,31.43,5.48,29.21,42.86
DCA,2023-08-07,16,17,38,7,30,71.43,28.57,46.67,33.0,67.71,55.76,88.14,8.63,7.68,12.63,43.0
DCA,2023-08-07,17,36,17,16,11,31.25,25.0,36.36,116.5,49.13,36.78,152.69,52.82,31.73,80.27,95.27
DCA,2023-08-07,18,21,34,7,9,0.0,0.0,0.0,183.29,43.29,31.53,214.86,46.89,13.08,55.89,217.44
DCA,2023-08-07,19,26,22,8,7,12.5,12.5,0.0,241.63,38.38,26.16,267.88,3.43,3.07,7.29,250.86
DCA,2023-08-07,20,25,24,7,9,42.86,28.57,33.33,110.57,39.29,27.44,137.14,4.78,5.78,12.0,166.56
DCA,2023-08-07,21,1,38,0,22,0.0,0.0,18.18,0.0,0.0,0.0,0.0,5.45,3.77,9.23,194.82
DCA,2023-08-07,22,23,17,7,13,14.29,0.0,7.69,90.29,42.86,30.67,121.14,140.69,7.21,142.54,255.38
DCA,2023-08-07,23,1,9,0,7,0.0,0.0,28.57,0.0,0.0,0.0,0.0,116.0,5.27,112.0,158.71
DCA,2023-08-08,0,0,1,1,3,100.0,0.0,0.0,0.0,30.0,17.7,18.0,236.33,2.2,250.0,295.0
DCA,2023-08-08,1,0,0,0,1,0.0,0.0,100.0,0.0,0.0,0.0,0.0,6.0,8.3,1.0,1.0
DCA,2023-08-08,2,0,0,0,0,0.0,0.0,0.0,0.0,0.0,0.0,0.0,0.0,0.0,0.0,0.0
DCA,2023-08-08,3,0,0,0,1,0.0,0.0,100.0,0.0,0.0,0.0,0.0,3.0,0.4,0.0,0.0
DCA,2023-08-08,4,0,0,0,0,0.0,0.0,0.0,0.0,0.0,0.0,0.0,0.0,0.0,0.0,0.0
DCA,2023-08-08,5,3,0,3,0,33.33,33.33,0.0,151.0,30.67,18.7,168.67,0.0,0.0,0.0,0.0
DCA,2023-08-08,6,29,7,25,6,72.0,60.0,83.33,59.16,15.84,4.6,62.76,0.0,8.13,3.17,2.67
DCA,2023-08-08,7,22,27,20,19,70.0,70.0,78.95,25.35,14.25,2.48,26.9,2.21,3.26,1.16,30.47
DCA,2023-08-08,8,38,11,37,16,75.68,56.76,81.25,34.46,21.89,9.79,42.27,1.88,1.93,4.94,12.75
DCA,2023-08-08,9,15,33,15,32,73.33,60.0,78.13,17.53,22.13,10.28,25.93,8.38,2.42,4.09,13.38
DCA,2023-08-08,10,33,16,33,16,72.73,42.42,81.25,30.76,22.73,10.48,40.0,2.31,4.22,3.13,21.25
DCA,2023-08-08,11,26,27,26,26,69.23,65.38,84.62,26.04,18.12,6.16,31.0,2.81,2.39,3.31,7.65
DCA,2023-08-08,12,21,27,21,29,66.67,52.38,58.62,18.48,21.67,9.85,26.86,4.66,2.84,4.59,32.14
DCA,2023-08-08,13,25,28,24,29,62.5,54.17,65.52,19.29,20.08,8.11,25.29,3.83,9.6,5.34,38.79
DCA,2023-08-08,14,25,25,25,28,52.0,40.0,53.57,42.52,21.68,9.86,51.16,6.0,6.54,3.61,27.14
DCA,2023-08-08,15,30,18,30,18,43.33,30.0,83.33,27.2,22.6,10.53,36.8,2.39,2.88,1.67,6.39
DCA,2023-08-08,16,18,37,20,37,65.0,60.0,70.27,19.25,19.5,7.78,24.95,20.68,5.27,12.27,15.7
DCA,2023-08-08,17,36,17,37,19,64.86,51.35,57.89,23.97,20.57,8.54,30.35,5.68,5.59,3.68,41.05
DCA,2023-08-08,18,20,33,20,33,60.0,50.0,66.67,37.5,19.0,7.4,43.9,2.15,4.79,0.12,27.39
DCA,2023-08-08,19,26,23,26,22,57.69,50.0,63.64,55.5,21.77,9.78,63.62,3.45,3.74,0.73,27.68
DCA,2023-08-08,20,24,24,24,24,75.0,50.0,62.5,47.17,24.54,12.43,57.21,1.54,7.04,2.21,19.67
DCA,2023-08-08,21,1,38,2,37,100.0,100.0,64.86,0.0,17.0,4.85,5.0,3.22,4.09,1.22,20.62
DCA,2023-08-08,22,24,16,24,16,75.0,45.83,56.25,14.5,23.88,11.73,23.75,1.44,10.47,5.75,14.19
DCA,2023-08-08,23,0,9,0,9,0.0,0.0,55.56,0.0,0.0,0.0,0.0,51.56,0.4,49.56,65.78
DCA,2023-08-09,0,0,1,0,1,0.0,0.0,0.0,0.0,0.0,0.0,0.0,0.0,0.0,0.0,90.0
DCA,2023-08-09,1,0,0,0,0,0.0,0.0,0.0,0.0,0.0,0.0,0.0,0.0,0.0,0.0,0.0
DCA,2023-08-09,2,0,0,0,0,0.0,0.0,0.0,0.0,0.0,0.0,0.0,0.0,0.0,0.0,0.0
DCA,2023-08-09,5,3,0,3,0,66.67,0.0,0.0,33.67,27.0,15.03,48.67,0.0,0.0,0.0,0.0
DCA,2023-08-09,6,30,7,30,8,86.67,86.67,100.0,8.87,15.27,3.87,10.57,0.88,11.48,2.63,2.0
DCA,2023-08-09,7,22,27,22,27,95.45,86.36,92.59,9.55,16.86,5.07,12.64,5.15,3.38,2.74,14.11
DCA,2023-08-09,8,38,11,40,13,90.0,27.5,100.0,4.08,37.93,25.8,25.93,1.85,7.32,2.38,0.54
DCA,2023-08-09,9,15,33,15,33,80.0,73.33,87.88,21.73,18.67,6.93,26.47,8.21,5.36,3.7,4.55
DCA,2023-08-09,10,33,16,34,16,88.24,82.35,93.75,12.97,17.65,5.49,16.32,1.94,3.24,0.5,2.0
DCA,2023-08-09,11,26,27,26,27,88.46,80.77,81.48,7.38,16.69,4.95,10.08,4.67,1.7,1.26,7.63
DCA,2023-08-09,12,21,27,21,27,85.71,80.95,96.3,18.52,16.19,4.35,20.86,4.37,1.73,0.89,4.15
DCA,2023-08-09,13,25,28,25,30,96.0,88.0,83.33,3.88,21.0,9.14,8.32,3.4,6.72,2.37,19.5
DCA,2023-08-09,14,25,25,25,25,84.0,68.0,92.0,12.04,22.76,10.9,19.84,3.36,1.81,1.84,16.92
DCA,2023-08-09,15,30,18,30,18,66.67,23.33,100.0,18.27,29.47,17.44,33.7,0.67,5.66,2.22,1.72
DCA,2023-08-09,16,18,37,20,38,85.0,70.0,81.58,7.9,20.15,8.64,14.7,3.97,3.44,1.34,18.61
DCA,2023-08-09,17,36,17,35,17,80.0,65.71,88.24,10.71,20.71,8.59,17.4,2.35,6.96,1.94,15.12
DCA,2023-08-09,18,20,33,20,33,85.0,55.0,87.88,14.4,25.7,13.96,25.85,1.73,2.05,0.45,13.97
DCA,2023-08-09,19,26,23,28,23,75.0,71.43,82.61,18.43,15.86,4.14,21.5,4.35,1.75,1.43,18.78
DCA,2023-08-09,20,24,24,24,24,79.17,70.83,79.17,13.88,19.58,7.41,17.79,4.13,2.09,1.79,21.08
DCA,2023-08-09,21,1,38,1,38,100.0,0.0,73.68,13.0,16.0,3.7,17.0,6.68,2.61,1.82,14.42
DCA,2023-08-09,22,24,16,23,16,69.57,65.22,75.0,11.48,17.0,4.89,14.04,4.44,5.12,3.25,5.75
DCA,2023-08-09,23,0,9,0,9,0.0,0.0,55.56,0.0,0.0,0.0,0.0,4.0,1.32,0.44,20.89
DCA,2023-08-10,0,0,1,0,1,0.0,0.0,0.0,0.0,0.0,0.0,0.0,0.0,3.0,27.0,61.0
DCA,2023-08-10,1,0,0,0,0,0.0,0.0,0.0,0.0,0.0,0.0,0.0,0.0,0.0,0.0,0.0
DCA,2023-08-10,2,0,0,0,0,0.0,0.0,0.0,0.0,0.0,0.0,0.0,0.0,0.0,0.0,0.0
DCA,2023-08-10,5,3,0,3,0,66.67,0.0,0.0,8.33,36.0,24.03,32.33,0.0,0.0,0.0,0.0
DCA,2023-08-10,6,30,7,30,7,83.33,76.67,85.71,17.07,24.27,12.7,28.4,0.57,8.87,1.0,17.71
DCA,2023-08-10,7,22,27,22,27,86.36,81.82,85.19,8.5,18.86,6.9,13.27,3.48,8.95,4.78,15.78
DCA,2023-08-10,8,38,11,40,12,87.5,50.0,100.0,15.13,27.9,16.08,28.33,2.92,2.65,0.58,0.33
DCA,2023-08-10,9,16,33,17,33,88.24,70.59,69.7,9.65,24.12,12.08,18.94,7.82,6.84,7.97,36.45
DCA,2023-08-10,10,34,17,35,17,80.0,71.43,64.71,14.86,20.2,7.97,21.0,1.82,4.81,4.88,13.88
DCA,2023-08-10,11,26,27,26,27,69.23,65.38,77.78,15.85,15.54,3.95,18.69,4.59,2.27,2.96,13.37
DCA,2023-08-10,12,21,28,21,28,76.19,71.43,85.71,16.29,16.48,5.04,20.1,5.32,4.01,2.89,11.18
DCA,2023-08-10,13,25,28,24,28,79.17,75.0,82.14,10.38,16.88,5.02,13.54,2.93,2.06,0.54,24.54
DCA,2023-08-10,14,25,25,26,26,80.77,61.54,80.77,18.88,20.23,8.31,25.81,3.58,5.35,4.42,8.08
DCA,2023-08-10,15,30,19,29,17,82.76,68.97,76.47,13.34,18.93,6.93,17.97,1.12,3.19,4.41,25.06
DCA,2023-08-10,16,18,37,20,38,70.0,55.0,71.05,13.55,28.8,17.32,30.45,5.89,3.9,5.74,18.29
DCA,2023-08-10,17,36,17,32,17,37.5,15.63,41.18,38.25,35.94,23.82,60.34,9.47,9.51,12.94,23.18
DCA,2023-08-10,18,21,34,21,34,33.33,19.05,58.82,33.62,34.14,22.49,55.57,6.35,4.99,5.79,19.41
DCA,2023-08-10,19,27,22,28,23,78.57,67.86,82.61,12.11,21.25,9.29,19.57,9.52,2.68,4.17,14.22
DCA,2023-08-10,20,24,25,24,23,83.33,50.0,69.57,23.71,26.75,14.54,35.25,1.35,2.17,0.26,22.48
DCA,2023-08-10,21,1,38,2,35,0.0,0.0,57.14,20.5,19.0,6.7,27.5,2.2,2.03,1.09,38.74
DCA,2023-08-10,22,24,16,25,16,80.0,68.0,50.0,53.48,20.48,8.28,58.8,0.88,4.27,0.44,66.5
DCA,2023-08-10,23,0,9,0,10,0.0,0.0,40.0,0.0,0.0,0.0,0.0,1.7,2.06,0.8,26.3
DCA,2023-08-11,0,0,1,0,1,0.0,0.0,100.0,0.0,0.0,0.0,0.0,0.0,0.0,0.0,0.0
DCA,2023-08-11,1,0,0,0,0,0.0,0.0,0.0,0.0,0.0,0.0,0.0,0.0,0.0,0.0,0.0
DCA,2023-08-11,2,0,0,0,0,0.0,0.0,0.0,0.0,0.0,0.0,0.0,0.0,0.0,0.0,0.0
DCA,2023-08-11,5,3,0,3,0,100.0,33.33,0.0,4.0,33.33,21.37,23.33,0.0,0.0,0.0,0.0
DCA,2023-08-11,6,30,7,30,7,76.67,66.67,85.71,7.8,17.73,6.21,13.17,1.57,4.59,4.0,3.43
DCA,2023-08-11,7,22,27,22,29,81.82,81.82,79.31,13.09,20.91,9.03,20.14,4.86,7.57,4.72,32.1
DCA,2023-08-11,8,38,11,39,12,84.62,58.97,91.67,9.56,25.21,13.13,21.0,1.67,1.96,1.08,2.83
DCA,2023-08-11,9,16,33,16,33,81.25,75.0,84.85,19.38,18.25,6.35,24.06,9.76,2.55,2.48,4.67
DCA,2023-08-11,10,34,17,34,17,82.35,50.0,88.24,7.06,28.85,16.57,20.09,3.12,1.86,3.59,6.0
DCA,2023-08-11,11,26,27,26,28,80.77,69.23,89.29,13.81,17.19,5.57,17.62,2.14,2.46,1.46,7.07
DCA,2023-08-11,12,21,28,22,29,90.91,90.91,65.52,5.45,19.0,7.03,9.64,2.79,3.66,3.31,23.55
DCA,2023-08-11,13,25,28,27,30,74.07,59.26,96.67,13.89,20.15,8.04,19.48,2.43,3.62,2.0,1.87
DCA,2023-08-11,14,25,25,25,25,88.0,60.0,84.0,5.64,21.4,9.5,13.6,3.4,7.06,3.04,6.8
DCA,2023-08-11,15,31,18,32,18,84.38,50.0,88.89,14.34,23.91,11.8,23.94,1.17,5.51,0.61,3.0
DCA,2023-08-11,16,17,38,17,39,100.0,94.12,87.18,1.65,15.76,4.13,4.47,3.85,3.04,0.69,7.46
DCA,2023-08-11,17,36,17,36,17,80.56,63.89,88.24,9.97,22.03,9.93,17.64,5.0,3.73,0.82,9.06
DCA,2023-08-11,18,21,34,21,35,90.48,80.95,74.29,3.24,19.24,7.47,7.67,3.74,3.09,4.17,20.26
DCA,2023-08-11,19,27,22,28,22,82.14,75.0,59.09,9.89,16.57,4.59,13.54,12.36,3.19,14.05,38.82
DCA,2023-08-11,20,24,25,23,25,69.57,60.87,68.0,23.3,16.17,4.38,26.57,3.6,2.46,2.44,24.96
DCA,2023-08-11,21,1,38,1,38,0.0,0.0,60.53,20.0,18.0,5.7,26.0,6.26,1.73,8.08,18.16
DCA,2023-08-11,22,24,16,24,15,66.67,66.67,66.67,14.63,15.42,3.5,16.58,3.47,1.37,5.87,15.73
DCA,2023-08-11,23,0,9,1,9,100.0,100.0,66.67,0.0,22.0,9.7,10.0,4.33,2.32,1.0,10.33
DCA,2023-08-12,0,0,4,0,1,0.0,0.0,0.0,0.0,0.0,0.0,0.0,0.0,0.0,0.0,30.0
DCA,2023-08-12,1,0,0,0,0,0.0,0.0,0.0,0.0,0.0,0.0,0.0,0.0,0.0,0.0,0.0
DCA,2023-08-12,5,3,0,3,0,100.0,66.67,0.0,0.0,28.67,16.7,13.0,0.0,0.0,0.0,0.0
DCA,2023-08-12,6,24,2,23,2,91.3,78.26,100.0,4.78,17.0,5.4,8.57,0.5,5.3,0.0,0.0
DCA,2023-08-12,7,15,25,15,25,93.33,93.33,92.0,14.27,15.4,3.97,15.73,3.48,7.1,3.76,3.56
DCA,2023-08-12,8,35,11,36,10,88.89,69.44,90.0,10.56,21.78,9.84,17.61,1.0,7.53,2.8,2.4
DCA,2023-08-12,9,18,27,18,27,100.0,94.44,92.59,0.72,18.11,6.47,4.33,5.07,5.37,1.67,6.93
DCA,2023-08-12,10,29,14,28,14,89.29,89.29,100.0,4.5,18.43,6.35,8.25,1.79,3.56,0.5,0.36
DCA,2023-08-12,11,24,18,24,18,75.0,75.0,94.44,22.71,13.88,2.68,24.67,2.28,2.67,1.17,1.94
DCA,2023-08-12,12,14,26,14,28,78.57,71.43,89.29,13.07,15.29,3.56,15.71,3.43,3.94,2.86,9.79
DCA,2023-08-12,13,22,23,23,24,86.96,73.91,70.83,20.13,18.48,6.36,24.96,3.46,7.67,3.79,9.04
DCA,2023-08-12,14,24,20,25,20,80.0,68.0,85.0,9.56,22.52,10.9,19.0,4.5,7.27,4.3,29.0
DCA,2023-08-12,15,22,17,23,17,82.61,69.57,82.35,10.04,17.74,5.88,14.39,2.94,1.86,0.41,38.29
DCA,2023-08-12,16,13,30,13,30,76.92,61.54,76.67,28.31,17.15,5.67,32.92,4.57,3.61,2.9,8.03
DCA,2023-08-12,17,28,16,28,16,64.29,46.43,68.75,36.5,22.29,10.53,45.29,3.06,6.2,6.63,47.88
DCA,2023-08-12,18,16,20,17,21,70.59,70.59,76.19,31.82,13.47,1.76,32.47,1.95,2.99,3.05,23.43
DCA,2023-08-12,19,16,17,16,17,56.25,56.25,35.29,71.81,14.13,2.66,72.69,6.94,2.82,12.71,70.65
DCA,2023-08-12,20,12,15,11,15,27.27,27.27,86.67,61.73,15.0,3.62,63.45,2.27,1.11,2.0,31.4
DCA,2023-08-12,21,2,21,2,20,50.0,50.0,60.0,21.5,17.5,5.2,26.0,1.65,1.77,1.65,37.95
DCA,2023-08-12,22,3,12,3,12,66.67,66.67,58.33,43.33,13.67,1.8,45.0,0.75,0.75,0.67,20.92
DCA,2023-08-12,23,2,3,2,3,100.0,100.0,33.33,0.0,10.0,0.0,0.0,2.0,4.1,0.0,65.67
DCA,2023-08-13,0,0,1,0,5,0.0,0.0,80.0,0.0,0.0,0.0,0.0,1.2,6.12,0.0,17.8
DCA,2023-08-13,1,0,0,0,0,0.0,0.0,0.0,0.0,0.0,0.0,0.0,0.0,0.0,0.0,0.0
DCA,2023-08-13,2,0,0,0,0,0.0,0.0,0.0,0.0,0.0,0.0,0.0,0.0,0.0,0.0,0.0
DCA,2023-08-13,5,3,0,3,0,100.0,100.0,0.0,0.0,16.0,4.03,0.67,0.0,0.0,0.0,0.0
DCA,2023-08-13,6,19,2,18,2,83.33,83.33,100.0,7.22,13.39,2.57,8.33,0.0,3.8,0.0,6.5
DCA,2023-08-13,7,16,20,16,20,100.0,100.0,90.0,0.0,16.31,4.66,2.19,2.85,2.48,1.15,4.3
DCA,2023-08-13,8,34,8,34,8,85.29,79.41,87.5,16.82,20.26,8.46,22.53,1.38,2.58,0.0,8.38
DCA,2023-08-13,9,15,32,15,31,80.0,80.0,80.65,10.33,15.73,4.0,12.93,2.81,2.37,0.32,17.97
DCA,2023-08-13,10,33,15,33,14,78.79,69.7,85.71,18.61,19.58,7.35,23.15,1.57,1.27,1.0,3.43
DCA,2023-08-13,11,27,24,26,24,76.92,73.08,79.17,9.81,14.73,3.15,11.88,2.25,2.37,1.71,13.75
DCA,2023-08-13,12,21,28,21,28,66.67,66.67,82.14,14.19,15.76,4.29,16.14,2.46,1.95,0.25,6.11
DCA,2023-08-13,13,26,26,26,26,88.46,65.38,80.77,4.35,21.62,9.59,11.08,3.19,2.53,0.88,25.27
DCA,2023-08-13,14,24,26,24,25,79.17,58.33,76.0,17.21,28.71,16.92,31.67,7.28,3.65,4.16,8.92
DCA,2023-08-13,15,30,19,30,20,73.33,53.33,80.0,15.37,23.93,11.76,24.1,2.55,2.04,0.85,6.2
DCA,2023-08-13,16,18,37,19,36,78.95,68.42,91.67,10.89,18.58,7.23,16.05,4.78,0.86,0.58,5.39
DCA,2023-08-13,17,35,18,36,18,80.56,52.78,77.78,15.89,25.58,13.48,26.94,3.22,6.99,2.5,7.22
DCA,2023-08-13,18,22,33,22,32,68.18,59.09,75.0,68.86,18.73,6.88,74.09,2.31,2.01,1.66,30.16
DCA,2023-08-13,19,26,23,25,23,64.0,64.0,73.91,29.44,19.12,7.49,35.16,3.35,1.01,2.83,19.0
DCA,2023-08-13,20,24,25,23,25,82.61,56.52,64.0,10.57,26.22,13.84,21.22,3.24,1.54,2.36,27.88
DCA,2023-08-13,21,2,37,2,38,100.0,100.0,73.68,0.0,12.0,0.65,0.0,27.03,1.73,21.32,37.0
DCA,2023-08-13,22,24,16,24,16,70.83,58.33,75.0,15.21,26.25,14.07,26.0,1.25,5.51,2.31,15.06
DCA,2023-08-13,23,0,10,0,10,0.0,0.0,80.0,0.0,0.0,0.0,0.0,1.3,2.76,0.4,16.6
DCA,2023-08-14,0,0,1,0,1,0.0,0.0,100.0,0.0,0.0,0.0,0.0,0.0,0.0,0.0,0.0
DCA,2023-08-14,1,0,0,0,0,0.0,0.0,0.0,0.0,0.0,0.0,0.0,0.0,0.0,0.0,0.0
DCA,2023-08-14,2,0,0,0,0,0.0,0.0,0.0,0.0,0.0,0.0,0.0,0.0,0.0,0.0,0.0
DCA,2023-08-14,5,3,0,3,0,100.0,66.67,0.0,0.0,20.0,8.03,5.0,0.0,0.0,0.0,0.0
DCA,2023-08-14,6,30,7,30,7,86.67,86.67,100.0,8.13,16.47,4.92,11.13,0.0,5.69,0.0,0.0
DCA,2023-08-14,7,22,27,22,27,90.91,81.82,100.0,4.55,20.09,8.25,8.86,2.63,4.61,1.78,1.15
DCA,2023-08-14,8,38,11,39,13,84.62,69.23,92.31,10.08,24.92,12.91,19.72,1.85,5.19,0.92,3.08
DCA,2023-08-14,9,16,33,16,34,87.5,87.5,94.12,9.38,18.44,6.5,12.63,8.62,1.99,2.97,2.88
DCA,2023-08-14,10,34,17,34,17,91.18,67.65,94.12,4.06,24.59,12.31,13.29,3.41,6.83,2.24,2.82
DCA,2023-08-14,11,26,27,25,27,84.0,84.0,85.19,6.2,15.8,4.38,9.08,9.3,0.95,4.3,8.81
DCA,2023-08-14,12,21,28,22,28,77.27,81.82,85.71,7.0,16.55,4.95,9.0,7.39,2.22,1.96,5.61
DCA,2023-08-14,13,25,28,25,29,76.0,56.0,86.21,8.16,22.56,10.44,16.04,6.79,2.99,4.31,5.83
DCA,2023-08-14,14,25,25,25,26,76.0,56.0,76.92,31.96,26.96,15.12,45.12,10.69,6.45,7.96,18.92
DCA,2023-08-14,15,31,18,30,18,66.67,23.33,61.11,40.37,55.13,43.01,81.2,5.78,7.13,6.5,23.17
DCA,2023-08-14,16,17,38,16,39,18.75,6.25,51.28,82.88,39.75,28.11,110.5,19.95,12.61,30.92,43.62
DCA,2023-08-14,17,36,17,35,16,2.86,2.86,18.75,64.46,36.83,24.71,89.11,45.75,18.72,51.63,53.44
DCA,2023-08-14,18,21,34,19,36,26.32,5.26,27.78,71.74,32.37,20.38,91.95,5.78,9.94,16.25,69.17
DCA,2023-08-14,19,27,22,26,23,30.77,30.77,30.43,55.23,17.73,5.84,60.46,6.65,14.48,11.52,57.48
DCA,2023-08-14,20,24,25,24,23,33.33,20.83,56.52,46.67,20.58,8.75,53.92,2.57,5.86,2.52,26.48
DCA,2023-08-14,21,1,38,3,37,100.0,100.0,35.14,0.0,16.0,4.8,5.0,5.35,4.89,4.97,47.95
DCA,2023-08-14,22,21,15,21,13,52.38,38.1,53.85,24.81,17.38,5.35,28.67,3.46,3.08,2.46,29.0
DCA,2023-08-14,23,0,9,0,9,0.0,0.0,44.44,0.0,0.0,0.0,0.0,7.22,3.32,1.89,35.11
DCA,2023-08-15,0,0,1,0,0,0.0,0.0,0.0,0.0,0.0,0.0,0.0,0.0,0.0,0.0,0.0
DCA,2023-08-15,1,0,0,0,1,0.0,0.0,100.0,0.0,0.0,0.0,0.0,7.0,1.3,0.0,0.0
DCA,2023-08-15,5,3,0,2,0,100.0,0.0,0.0,0.0,48.5,36.7,34.0,0.0,0.0,0.0,0.0
DCA,2023-08-15,6,27,6,27,6,100.0,96.3,100.0,0.59,16.0,4.47,2.67,3.33,6.97,0.33,0.0
DCA,2023-08-15,7,22,25,23,25,95.65,91.3,84.0,1.35,17.91,6.1,4.22,3.04,10.0,5.44,7.4
DCA,2023-08-15,8,35,12,36,13,91.67,86.11,84.62,2.5,18.47,6.64,7.08,5.0,6.13,4.08,3.54
DCA,2023-08-15,9,17,29,17,28,100.0,82.35,82.14,2.0,16.0,4.07,4.35,13.04,3.18,8.07,24.71
DCA,2023-08-15,10,31,16,31,17,96.77,93.55,76.47,3.74,18.68,6.58,7.61,3.82,4.01,2.59,10.12
DCA,2023-08-15,11,27,26,27,26,85.19,85.19,96.15,5.89,14.52,2.99,7.19,6.46,2.15,1.73,1.58
DCA,2023-08-15,12,21,27,22,27,95.45,95.45,88.89,0.82,16.27,4.58,2.91,3.37,4.16,2.81,18.11
DCA,2023-08-15,13,27,26,26,26,84.62,80.77,88.46,14.15,20.85,8.73,20.46,5.5,5.22,5.5,11.54
DCA,2023-08-15,14,21,29,21,30,66.67,52.38,80.0,31.29,22.67,10.79,41.14,12.9,3.92,6.93,7.97
DCA,2023-08-15,15,31,17,32,17,59.38,40.63,82.35,17.59,27.31,15.27,31.59,15.47,6.76,12.65,12.29
DCA,2023-08-15,16,19,36,20,39,40.0,15.0,58.97,55.05,34.65,22.86,76.95,9.28,13.77,18.08,23.03
DCA,2023-08-15,17,36,17,36,17,8.33,2.78,35.29,47.94,43.11,30.97,79.06,2.76,26.79,25.35,39.76
DCA,2023-08-15,18,19,34,19,34,26.32,10.53,55.88,50.58,35.21,23.35,73.37,4.15,16.4,11.79,18.53
DCA,2023-08-15,19,27,22,27,22,70.37,18.52,59.09,44.44,36.63,24.64,66.52,3.55,5.25,6.41,40.14
DCA,2023-08-15,20,24,24,24,24,33.33,0.0,54.17,37.42,38.71,26.47,62.46,3.29,2.08,7.04,28.75
DCA,2023-08-15,21,1,38,1,39,100.0,100.0,43.59,0.0,12.0,0.0,0.0,5.31,2.83,4.56,43.38
DCA,2023-08-15,22,24,16,25,15,52.0,44.0,60.0,63.8,19.72,7.7,69.56,3.0,4.99,6.47,25.13
DCA,2023-08-15,23,0,9,1,9,100.0,100.0,55.56,0.0,11.0,0.0,0.0,4.0,1.56,3.11,14.33
DCA,2023-08-16,0,0,1,0,1,0.0,0.0,0.0,0.0,0.0,0.0,0.0,4.0,1.0,0.0,130.0
DCA,2023-08-16,1,0,0,0,0,0.0,0.0,0.0,0.0,0.0,0.0,0.0,0.0,0.0,0.0,0.0
DCA,2023-08-16,2,0,0,0,0,0.0,0.0,0.0,0.0,0.0,0.0,0.0,0.0,0.0,0.0,0.0
DCA,2023-08-16,5,3,0,3,0,66.67,66.67,0.0,9.33,26.0,14.2,20.67,0.0,0.0,0.0,0.0
DCA,2023-08-16,6,29,8,28,8,92.86,89.29,100.0,4.25,15.18,3.51,6.11,0.38,8.68,2.5,1.25
DCA,2023-08-16,7,22,27,23,27,82.61,78.26,74.07,8.87,19.04,7.12,12.78,3.48,10.41,7.44,10.26
DCA,2023-08-16,8,38,11,39,13,87.18,61.54,76.92,11.1,25.0,12.91,20.92,5.0,5.21,5.46,11.92
DCA,2023-08-16,9,17,31,18,31,83.33,55.56,87.1,4.67,26.28,14.2,16.17,7.42,3.31,2.87,13.71
DCA,2023-08-16,10,31,18,31,19,93.55,51.61,94.74,18.0,31.32,19.03,33.0,2.0,2.49,1.95,5.74
DCA,2023-08-16,11,27,26,27,26,85.19,77.78,92.31,6.81,15.85,4.29,8.63,3.35,1.45,0.73,3.31
DCA,2023-08-16,12,21,27,21,29,95.24,80.95,82.76,4.05,19.1,7.26,7.9,2.62,2.66,1.28,19.62
DCA,2023-08-16,13,27,26,28,26,78.57,57.14,80.77,8.96,23.54,11.47,17.32,4.62,3.8,2.46,5.0
DCA,2023-08-16,14,21,29,21,29,90.48,71.43,79.31,4.95,20.29,8.55,10.67,6.0,3.38,1.48,10.9
DCA,2023-08-16,15,31,17,32,17,78.13,68.75,82.35,21.5,19.06,7.06,26.13,3.0,2.16,2.59,6.24
DCA,2023-08-16,16,19,36,20,37,90.0,90.0,81.08,3.5,15.45,3.73,5.9,9.49,1.6,5.24,6.14
DCA,2023-08-16,17,36,17,36,18,91.67,66.67,94.44,5.53,25.53,13.49,15.92,6.0,4.92,2.56,1.89
DCA,2023-08-16,18,19,34,19,34,89.47,63.16,82.35,2.79,25.79,14.05,12.37,6.0,2.06,2.44,11.41
DCA,2023-08-16,19,27,22,27,23,77.78,74.07,86.96,39.81,16.22,4.78,42.85,8.61,0.88,2.04,6.48
DCA,2023-08-16,20,24,24,25,24,88.0,80.0,75.0,5.56,19.2,6.96,8.68,3.38,4.9,3.29,14.63
DCA,2023-08-16,21,1,37,1,36,100.0,100.0,86.11,0.0,9.0,0.0,0.0,6.78,2.58,2.08,11.78
DCA,2023-08-16,22,24,17,24,17,91.67,91.67,76.47,5.67,20.67,8.6,9.63,1.65,2.57,0.18,12.18
DCA,2023-08-16,23,0,9,0,9,0.0,0.0,88.89,0.0,0.0,0.0,0.0,4.33,1.14,1.33,8.11
DCA,2023-08-17,0,0,1,0,1,0.0,0.0,100.0,0.0,0.0,0.0,0.0,0.0,2.0,0.0,0.0
DCA,2023-08-17,1,0,0,0,0,0.0,0.0,0.0,0.0,0.0,0.0,0.0,0.0,0.0,0.0,0.0
DCA,2023-08-17,5,3,0,3,0,66.67,66.67,0.0,13.67,15.67,3.87,16.33,0.0,0.0,0.0,0.0
DCA,2023-08-17,6,29,8,27,8,100.0,85.19,87.5,1.0,17.7,5.97,4.85,0.63,5.89,3.0,2.0
DCA,2023-08-17,7,21,26,22,26,90.91,72.73,92.31,4.73,29.82,17.76,18.55,3.65,10.68,5.85,3.85
DCA,2023-08-17,8,38,11,40,12,92.5,42.5,100.0,8.15,33.4,21.33,25.73,2.17,6.04,2.0,1.83
DCA,2023-08-17,9,18,31,19,31,89.47,47.37,90.32,14.53,25.37,13.34,25.47,8.16,5.83,6.97,5.52
DCA,2023-08-17,10,32,19,32,19,100.0,93.75,78.95,0.44,20.78,8.53,5.16,1.79,5.89,7.63,8.89
DCA,2023-08-17,11,27,26,27,25,81.48,77.78,92.0,11.96,14.7,3.35,14.44,4.24,3.54,1.52,2.8
DCA,2023-08-17,12,21,28,22,29,81.82,68.18,68.97,5.86,20.32,8.24,11.5,6.17,3.94,4.28,25.48
DCA,2023-08-17,13,27,26,27,26,77.78,70.37,69.23,21.04,20.52,8.31,26.26,7.19,5.59,7.27,21.0
DCA,2023-08-17,14,21,29,21,29,47.62,33.33,65.52,25.1,22.48,10.59,34.48,8.93,1.32,8.24,14.07
DCA,2023-08-17,15,32,17,32,17,62.5,50.0,82.35,18.63,22.56,10.55,27.97,1.71,5.14,4.82,9.47
DCA,2023-08-17,16,18,37,19,37,57.89,47.37,62.16,19.84,18.26,6.78,25.89,7.49,4.58,12.22,19.73
DCA,2023-08-17,17,36,17,38,17,55.26,47.37,58.82,25.16,19.89,7.81,31.95,7.29,6.41,11.12,33.53
DCA,2023-08-17,18,20,35,20,36,45.0,40.0,69.44,42.05,18.65,6.93,46.9,3.86,3.01,3.5,28.69
DCA,2023-08-17,19,28,20,28,20,67.86,53.57,65.0,46.21,19.11,7.21,51.25,3.6,4.46,3.0,69.1
DCA,2023-08-17,20,24,25,23,25,73.91,60.87,52.0,19.26,22.04,9.91,25.83,5.8,4.79,14.88,35.32
DCA,2023-08-17,21,1,37,1,36,100.0,100.0,58.33,0.0,12.0,0.0,0.0,10.47,4.58,7.78,27.0
DCA,2023-08-17,22,24,17,23,17,65.22,56.52,47.06,23.09,18.7,6.6,27.65,4.35,12.89,12.47,71.12
DCA,2023-08-17,23,0,9,0,8,0.0,0.0,37.5,0.0,0.0,0.0,0.0,6.63,2.79,0.75,40.5
DCA,2023-08-18,0,0,1,0,1,0.0,0.0,0.0,0.0,0.0,0.0,0.0,0.0,0.0,0.0,130.0
DCA,2023-08-18,1,0,0,0,0,0.0,0.0,0.0,0.0,0.0,0.0,0.0,0.0,0.0,0.0,0.0
DCA,2023-08-18,2,0,0,0,0,0.0,0.0,0.0,0.0,0.0,0.0,0.0,0.0,0.0,0.0,0.0
DCA,2023-08-18,3,0,0,0,0,0.0,0.0,0.0,0.0,0.0,0.0,0.0,0.0,0.0,0.0,0.0
DCA,2023-08-18,4,0,0,0,0,0.0,0.0,0.0,0.0,0.0,0.0,0.0,0.0,0.0,0.0,0.0
DCA,2023-08-18,5,3,0,2,0,100.0,50.0,0.0,0.0,30.0,18.2,17.0,0.0,0.0,0.0,0.0
DCA,2023-08-18,6,29,8,30,8,83.33,83.33,100.0,12.77,19.1,7.47,18.57,0.38,3.26,0.0,0.0
DCA,2023-08-18,7,21,27,21,26,95.24,80.95,76.92,3.62,24.48,12.61,11.81,4.46,1.33,3.92,21.12
DCA,2023-08-18,8,38,11,41,10,90.24,60.98,70.0,12.02,28.85,16.77,25.12,3.6,3.33,8.7,34.9
DCA,2023-08-18,9,18,31,17,31,76.47,52.94,90.32,15.53,26.82,14.76,29.06,8.23,1.02,3.0,3.81
DCA,2023-08-18,10,32,19,31,20,90.32,74.19,75.0,4.48,24.71,12.39,13.16,2.65,2.5,3.3,29.15
DCA,2023-08-18,11,27,26,27,26,62.96,55.56,69.23,61.19,16.37,5.15,65.22,3.23,1.0,3.81,57.23
DCA,2023-08-18,12,20,27,21,29,76.19,71.43,86.21,26.33,20.24,8.36,32.76,3.07,1.13,3.76,5.38
DCA,2023-08-18,13,27,26,28,26,82.14,78.57,76.92,8.82,21.79,9.65,16.11,2.88,4.72,3.58,29.19
DCA,2023-08-18,14,21,29,21,28,66.67,52.38,82.14,14.52,25.33,13.44,26.52,3.82,3.13,2.21,10.68
DCA,2023-08-18,15,32,17,32,17,62.5,43.75,70.59,26.13,26.5,14.53,38.59,1.41,6.02,3.94,34.53
DCA,2023-08-18,16,18,37,18,37,77.78,66.67,72.97,23.61,17.89,6.46,28.39,7.49,2.85,5.49,16.41
DCA,2023-08-18,17,36,17,36,18,86.11,66.67,61.11,12.0,22.89,10.79,20.17,3.44,4.45,4.17,16.72
DCA,2023-08-18,18,20,35,20,35,35.0,35.0,68.57,33.8,18.4,6.6,39.2,6.26,2.6,2.6,27.49
DCA,2023-08-18,19,28,21,28,21,75.0,53.57,47.62,13.57,24.04,12.1,23.14,8.19,2.97,5.71,69.62
DCA,2023-08-18,20,23,26,24,26,54.17,41.67,65.38,29.17,20.92,8.84,36.33,2.27,2.36,1.42,31.38
DCA,2023-08-18,21,2,36,2,36,100.0,50.0,66.67,5.0,17.0,4.7,8.5,7.67,4.3,5.06,17.75
DCA,2023-08-18,22,24,17,24,16,75.0,70.83,62.5,12.33,23.5,11.34,19.21,1.38,7.36,4.75,17.69
DCA,2023-08-18,23,0,9,0,9,0.0,0.0,77.78,0.0,0.0,0.0,0.0,2.33,0.84,0.78,12.22
DCA,2023-08-19,0,0,2,0,1,0.0,0.0,0.0,0.0,0.0,0.0,0.0,0.0,1.0,0.0,76.0
DCA,2023-08-19,1,0,0,0,0,0.0,0.0,0.0,0.0,0.0,0.0,0.0,0.0,0.0,0.0,0.0
DCA,2023-08-19,2,0,0,0,0,0.0,0.0,0.0,0.0,0.0,0.0,0.0,0.0,0.0,0.0,0.0
DCA,2023-08-19,5,3,0,3,0,66.67,0.0,0.0,18.0,17.33,5.53,23.33,0.0,0.0,0.0,0.0
DCA,2023-08-19,6,24,2,23,2,95.65,86.96,100.0,1.91,16.91,5.5,6.04,2.0,18.3,1.0,0.0
DCA,2023-08-19,7,15,25,15,25,100.0,93.33,92.0,2.0,17.07,5.27,4.27,3.6,6.03,1.84,3.8
DCA,2023-08-19,8,36,10,37,10,86.49,64.86,100.0,5.22,25.41,13.29,14.16,0.9,2.89,0.1,0.0
DCA,2023-08-19,9,18,27,18,27,83.33,83.33,88.89,23.5,16.0,4.16,26.22,2.41,3.09,0.44,10.0
DCA,2023-08-19,10,29,14,29,14,96.55,79.31,85.71,1.38,20.97,8.89,6.83,1.21,2.35,0.86,7.79
DCA,2023-08-19,11,23,19,23,19,73.91,78.26,94.74,18.39,14.87,3.41,20.26,0.89,1.06,0.53,9.89
DCA,2023-08-19,12,15,24,15,25,66.67,66.67,96.0,35.33,16.4,5.23,37.6,1.16,1.17,0.48,1.64
DCA,2023-08-19,13,22,23,23,23,82.61,65.22,86.96,12.3,22.22,10.29,19.83,2.04,4.36,1.65,14.65
DCA,2023-08-19,14,24,20,25,21,68.0,68.0,100.0,20.56,18.16,6.26,24.12,2.24,2.61,0.0,0.43
DCA,2023-08-19,15,21,17,21,17,76.19,71.43,88.24,11.33,18.52,6.42,14.48,0.82,2.76,0.59,2.88
DCA,2023-08-19,16,13,30,13,31,76.92,76.92,87.1,6.38,12.77,1.85,7.23,1.97,1.0,0.06,10.55
DCA,2023-08-19,17,29,16,29,16,86.21,79.31,81.25,18.69,16.93,5.16,21.69,0.44,2.59,2.13,41.06
DCA,2023-08-19,18,14,21,14,22,71.43,64.29,68.18,29.79,13.29,1.93,30.29,1.32,1.27,1.14,25.09
DCA,2023-08-19,19,17,16,17,16,82.35,82.35,87.5,8.18,14.0,2.48,9.65,1.44,1.44,3.0,4.31
DCA,2023-08-19,20,13,14,13,14,92.31,92.31,78.57,8.69,15.69,3.97,9.08,0.86,1.59,4.57,11.21
DCA,2023-08-19,21,1,21,1,21,100.0,100.0,76.19,0.0,26.0,13.7,10.0,0.71,2.51,1.0,9.38
DCA,2023-08-19,22,3,13,4,13,100.0,100.0,53.85,0.0,14.25,2.9,2.0,1.23,3.48,2.46,14.15
DCA,2023-08-19,23,0,5,0,5,0.0,0.0,80.0,0.0,0.0,0.0,0.0,1.6,2.66,2.4,30.4
DCA,2023-08-20,0,0,1,0,2,0.0,0.0,100.0,0.0,0.0,0.0,0.0,0.0,0.5,0.0,0.0
DCA,2023-08-20,1,0,0,0,0,0.0,0.0,0.0,0.0,0.0,0.0,0.0,0.0,0.0,0.0,0.0
DCA,2023-08-20,5,4,0,4,0,100.0,100.0,0.0,0.0,13.75,2.15,0.0,0.0,0.0,0.0,0.0
DCA,2023-08-20,6,18,3,18,3,94.44,94.44,100.0,1.72,13.83,2.71,3.06,0.0,4.3,0.0,2.0
DCA,2023-08-20,7,16,20,17,20,76.47,64.71,90.0,10.65,20.12,8.35,17.76,1.55,3.54,0.7,28.7
DCA,2023-08-20,8,34,8,35,9,91.43,82.86,88.89,5.57,19.57,7.72,8.91,1.22,1.06,0.0,4.78
DCA,2023-08-20,9,16,31,16,31,81.25,75.0,90.32,5.69,16.88,4.97,8.75,1.71,2.77,3.16,8.23
DCA,2023-08-20,10,34,14,34,14,94.12,73.53,92.86,4.71,22.41,10.23,11.41,1.07,2.21,3.57,10.0
DCA,2023-08-20,11,25,26,25,26,80.0,72.0,80.77,15.88,14.92,3.34,17.76,2.88,1.8,0.19,18.19
DCA,2023-08-20,12,21,26,21,27,85.71,80.95,88.89,4.1,15.0,3.49,6.19,3.41,1.48,1.67,9.89
DCA,2023-08-20,13,26,26,26,26,84.62,73.08,76.92,8.08,21.35,9.32,14.96,4.42,3.34,3.58,13.88
DCA,2023-08-20,14,22,28,23,28,91.3,60.87,85.71,5.43,19.43,7.52,11.91,10.39,4.13,5.79,5.04
DCA,2023-08-20,15,31,18,31,18,70.97,54.84,83.33,19.81,22.87,11.05,28.45,0.78,2.25,0.0,15.0
DCA,2023-08-20,16,19,36,19,36,73.68,68.42,83.33,23.32,15.42,4.21,26.58,2.53,2.94,1.39,16.17
DCA,2023-08-20,17,34,19,34,19,82.35,73.53,84.21,14.24,18.85,7.14,19.21,2.11,8.02,2.68,12.26
DCA,2023-08-20,18,21,34,21,34,71.43,47.62,79.41,16.29,23.95,12.1,25.95,4.21,1.82,1.29,8.35
DCA,2023-08-20,19,27,22,28,22,75.0,67.86,81.82,14.25,15.5,3.95,16.82,6.09,1.45,0.64,11.09
DCA,2023-08-20,20,25,24,25,24,84.0,76.0,75.0,14.08,17.92,5.74,17.04,4.17,3.42,2.71,12.13
DCA,2023-08-20,21,1,37,1,38,100.0,100.0,73.68,0.0,11.0,0.0,0.0,5.26,1.78,3.42,33.18
DCA,2023-08-20,22,24,17,24,17,79.17,70.83,70.59,17.54,17.67,5.79,20.58,1.59,4.06,2.47,14.82
DCA,2023-08-20,23,0,9,0,9,0.0,0.0,100.0,0.0,0.0,0.0,0.0,1.89,1.62,0.0,1.0
DCA,2023-08-21,0,0,1,0,1,0.0,0.0,100.0,0.0,0.0,0.0,0.0,0.0,1.0,0.0,0.0
DCA,2023-08-21,2,0,0,0,0,0.0,0.0,0.0,0.0,0.0,0.0,0.0,0.0,0.0,0.0,0.0
DCA,2023-08-21,3,0,0,0,0,0.0,0.0,0.0,0.0,0.0,0.0,0.0,0.0,0.0,0.0,0.0
DCA,2023-08-21,5,3,0,3,0,100.0,100.0,0.0,0.0,13.0,1.8,1.33,0.0,0.0,0.0,0.0
DCA,2023-08-21,6,29,8,29,8,89.66,79.31,87.5,7.83,16.1,4.63,10.93,0.75,11.3,3.25,27.38
DCA,2023-08-21,7,22,27,22,27,90.91,86.36,88.89,24.14,17.05,5.22,26.14,6.56,2.6,1.74,18.48
DCA,2023-08-21,8,38,11,39,13,92.31,76.92,76.92,7.54,23.18,11.16,14.44,3.15,1.32,1.69,21.08
DCA,2023-08-21,9,18,31,19,32,84.21,78.95,84.38,6.79,20.63,8.64,12.21,7.25,0.5,3.97,4.34
DCA,2023-08-21,10,32,19,32,19,87.5,68.75,84.21,6.84,21.44,9.17,13.22,1.26,5.0,2.05,9.79
DCA,2023-08-21,11,27,26,27,28,92.59,92.59,85.71,17.41,15.93,4.05,19.22,1.96,2.28,1.82,14.68
DCA,2023-08-21,12,20,27,20,28,90.0,85.0,92.86,6.55,15.75,4.03,8.35,6.82,3.2,4.61,3.32
DCA,2023-08-21,13,27,26,27,26,92.59,85.19,100.0,15.93,20.37,8.19,20.48,5.5,1.37,1.42,1.69
DCA,2023-08-21,14,21,29,21,29,85.71,52.38,79.31,4.19,25.14,13.37,13.71,11.07,1.14,5.07,6.03
DCA,2023-08-21,15,32,17,32,17,75.0,53.13,76.47,9.38,26.06,14.03,19.56,1.94,5.1,5.41,20.41
DCA,2023-08-21,16,18,37,20,38,85.0,80.0,73.68,15.55,17.7,5.95,19.05,3.16,2.61,3.0,11.24
DCA,2023-08-21,17,36,17,36,17,72.22,69.44,82.35,14.94,19.47,7.4,19.89,1.59,4.78,3.94,6.35
DCA,2023-08-21,18,20,35,20,35,80.0,55.0,85.71,10.7,21.5,9.61,17.45,4.23,0.84,1.51,15.2
DCA,2023-08-21,19,28,21,28,21,89.29,85.71,80.95,9.29,19.96,7.96,13.93,6.1,2.43,2.62,19.9
DCA,2023-08-21,20,24,25,24,25,62.5,54.17,80.0,59.29,22.46,10.38,65.13,2.96,2.21,2.28,11.12
DCA,2023-08-21,21,1,37,1,37,100.0,100.0,75.68,0.0,11.0,0.0,0.0,16.24,7.61,19.22,36.54
DCA,2023-08-21,22,24,17,24,17,79.17,75.0,94.12,14.75,19.42,7.47,18.92,2.29,5.28,3.18,8.12
DCA,2023-08-21,23,0,9,0,9,0.0,0.0,66.67,0.0,0.0,0.0,0.0,2.78,1.48,2.22,11.0
DCA,2023-08-22,0,0,1,0,1,0.0,0.0,0.0,0.0,0.0,0.0,0.0,0.0,1.0,0.0,119.0
DCA,2023-08-22,2,0,0,0,0,0.0,0.0,0.0,0.0,0.0,0.0,0.0,0.0,0.0,0.0,0.0
DCA,2023-08-22,5,3,0,3,0,100.0,100.0,0.0,0.0,15.33,3.8,0.0,0.0,0.0,0.0,0.0
DCA,2023-08-22,6,29,8,29,8,93.1,93.1,100.0,6.93,16.79,5.52,10.1,0.5,3.92,1.0,0.63
DCA,2023-08-22,7,22,27,22,28,95.45,95.45,85.71,6.86,16.09,4.62,7.91,3.93,5.25,3.18,9.32
DCA,2023-08-22,8,38,11,39,13,100.0,74.36,92.31,0.38,27.1,15.0,9.44,2.23,3.14,1.0,4.08
DCA,2023-08-22,9,17,31,17,31,82.35,64.71,80.65,5.47,22.0,10.01,12.82,13.77,1.38,8.81,15.68
DCA,2023-08-22,10,31,18,31,18,87.1,74.19,83.33,11.03,22.55,10.3,17.29,4.11,3.77,2.61,13.5
DCA,2023-08-22,11,27,26,26,27,96.15,96.15,88.89,2.5,15.04,3.74,3.77,3.85,3.32,3.33,4.44
DCA,2023-08-22,12,21,27,20,28,75.0,65.0,82.14,7.85,21.55,9.67,14.95,2.68,1.76,0.86,6.54
DCA,2023-08-22,13,27,26,29,26,93.1,75.86,88.46,3.1,20.0,7.93,7.69,4.5,5.2,2.62,4.38
DCA,2023-08-22,14,21,29,21,29,95.24,85.71,89.66,2.57,17.9,6.38,5.9,6.59,2.76,2.59,10.41
DCA,2023-08-22,15,31,17,31,18,90.32,58.06,94.44,3.16,26.55,14.56,12.81,1.61,3.28,1.94,3.22
DCA,2023-08-22,16,19,36,21,36,85.71,85.71,88.89,5.95,16.76,5.17,9.0,10.53,1.22,3.75,4.42
DCA,2023-08-22,17,36,17,36,17,94.44,75.0,88.24,2.58,22.5,10.37,9.44,3.53,5.17,2.59,4.12
DCA,2023-08-22,18,19,34,19,34,84.21,68.42,94.12,6.84,20.68,8.83,12.26,4.35,1.59,1.38,2.12
DCA,2023-08-22,19,27,22,28,21,85.71,85.71,95.24,4.86,14.96,3.28,5.96,4.9,1.22,0.81,2.9
DCA,2023-08-22,20,24,24,24,24,87.5,83.33,87.5,12.92,17.21,5.09,15.0,2.08,1.79,0.33,6.75
DCA,2023-08-22,21,1,37,1,38,100.0,100.0,81.58,0.0,11.0,0.0,0.0,4.95,2.27,1.45,10.71
DCA,2023-08-22,22,24,17,24,17,100.0,79.17,82.35,0.5,24.38,12.16,7.63,0.94,3.75,1.12,19.65
DCA,2023-08-22,23,0,9,1,9,100.0,0.0,77.78,0.0,30.0,17.7,18.0,0.56,1.26,1.44,8.56
DCA,2023-08-23,0,0,1,0,1,0.0,0.0,100.0,0.0,0.0,0.0,0.0,4.0,1.0,0.0,0.0
DCA,2023-08-23,2,0,0,0,0,0.0,0.0,0.0,0.0,0.0,0.0,0.0,0.0,0.0,0.0,0.0
DCA,2023-08-23,5,3,0,3,0,100.0,100.0,0.0,0.0,13.0,1.8,0.0,0.0,0.0,0.0,0.0
DCA,2023-08-23,6,29,8,29,8,96.55,96.55,100.0,1.38,15.21,3.85,2.66,0.25,4.43,0.0,0.0
DCA,2023-08-23,7,22,27,23,27,95.65,91.3,96.3,3.83,16.87,5.42,5.65,3.11,5.06,0.81,1.15
DCA,2023-08-23,8,38,11,41,13,100.0,75.61,100.0,0.1,24.2,12.1,7.34,1.38,4.96,0.08,0.92
DCA,2023-08-23,9,17,31,18,31,100.0,100.0,87.1,0.0,17.89,5.82,2.11,4.81,2.09,1.81,10.9
DCA,2023-08-23,10,31,18,31,18,87.1,77.42,100.0,6.61,21.74,9.52,10.87,2.61,1.82,0.11,1.0
DCA,2023-08-23,11,27,26,27,26,96.3,92.59,100.0,1.56,17.52,6.06,4.37,3.42,2.01,0.19,0.15
DCA,2023-08-23,12,21,27,21,27,90.48,80.95,96.3,8.0,15.19,3.48,10.0,3.19,2.53,1.85,3.22
DCA,2023-08-23,13,27,26,27,27,92.59,81.48,96.3,10.04,19.44,7.53,14.81,3.04,4.04,2.52,24.33
DCA,2023-08-23,14,21,29,21,30,85.71,66.67,86.67,20.38,21.43,9.87,27.43,4.83,4.2,3.43,7.27
DCA,2023-08-23,15,31,17,32,17,84.38,71.88,88.24,8.53,22.34,10.43,16.13,2.29,5.99,1.24,3.47
DCA,2023-08-23,16,19,36,20,38,95.0,80.0,89.47,4.7,18.45,6.72,9.0,5.24,2.68,2.97,9.76
DCA,2023-08-23,17,36,17,36,17,80.56,80.56,100.0,19.06,16.39,4.46,21.42,4.71,4.21,0.65,1.12
DCA,2023-08-23,18,19,34,19,34,89.47,84.21,79.41,7.26,16.89,5.23,10.0,5.09,1.75,3.15,10.44
DCA,2023-08-23,19,27,22,28,22,71.43,64.29,86.36,14.5,18.43,6.69,19.32,7.68,2.15,1.82,11.14
DCA,2023-08-23,20,24,24,24,24,91.67,70.83,79.17,5.88,24.46,12.33,12.71,3.0,3.73,2.25,44.46
DCA,2023-08-23,21,1,37,1,37,100.0,100.0,83.78,0.0,11.0,0.0,0.0,10.27,2.34,6.92,10.49
DCA,2023-08-23,22,24,17,24,17,83.33,66.67,82.35,60.42,22.83,10.87,67.83,6.47,3.43,6.06,13.94
DCA,2023-08-23,23,0,9,0,9,0.0,0.0,66.67,0.0,0.0,0.0,0.0,4.33,1.51,0.22,29.33
DCA,2023-08-24,0,0,1,0,1,0.0,0.0,100.0,0.0,0.0,0.0,0.0,0.0,2.0,0.0,8.0
DCA,2023-08-24,1,0,0,0,0,0.0,0.0,0.0,0.0,0.0,0.0,0.0,0.0,0.0,0.0,0.0
DCA,2023-08-24,2,0,0,0,0,0.0,0.0,0.0,0.0,0.0,0.0,0.0,0.0,0.0,0.0,0.0
DCA,2023-08-24,5,3,0,3,0,100.0,100.0,0.0,0.0,16.33,4.8,2.67,0.0,0.0,0.0,0.0
DCA,2023-08-24,6,29,8,28,8,96.43,78.57,100.0,1.04,18.36,6.68,5.54,0.63,12.3,3.5,2.0
DCA,2023-08-24,7,22,27,22,27,95.45,95.45,85.19,14.32,14.68,3.34,15.23,4.19,4.44,4.74,15.81
DCA,2023-08-24,8,38,11,40,12,95.0,75.0,83.33,1.75,23.35,11.52,9.63,4.83,3.73,2.42,25.08
DCA,2023-08-24,9,18,31,18,30,94.44,77.78,90.0,7.17,20.39,8.28,12.78,5.43,2.8,5.67,9.17
DCA,2023-08-24,10,32,19,31,19,87.1,80.65,94.74,17.45,19.48,7.57,21.55,2.95,1.98,0.68,8.58
DCA,2023-08-24,11,27,26,27,25,92.59,77.78,100.0,7.15,16.63,5.26,11.22,5.12,2.13,1.24,1.12
DCA,2023-08-24,12,21,28,21,28,100.0,100.0,75.0,1.29,16.48,4.54,3.43,3.61,2.2,2.5,16.29
DCA,2023-08-24,13,27,26,28,25,67.86,53.57,88.0,27.96,19.32,7.53,33.11,3.72,3.19,2.16,6.04
DCA,2023-08-24,14,21,29,20,30,85.0,60.0,86.67,8.15,18.05,6.51,13.45,9.5,1.92,4.5,8.63
DCA,2023-08-24,15,32,17,32,17,87.5,65.63,88.24,5.97,22.0,9.99,14.34,2.47,2.09,1.71,3.88
DCA,2023-08-24,16,18,37,19,39,100.0,94.74,76.92,0.79,15.42,4.06,3.11,5.1,1.43,2.69,18.41
DCA,2023-08-24,17,36,17,37,19,72.97,64.86,78.95,12.78,20.89,8.89,19.27,4.32,2.11,2.79,33.21
DCA,2023-08-24,18,20,35,20,35,70.0,60.0,71.43,30.8,18.7,7.06,35.0,4.34,2.55,1.46,29.09
DCA,2023-08-24,19,28,21,28,22,82.14,64.29,72.73,17.32,18.21,6.51,22.18,5.27,1.1,1.82,9.0
DCA,2023-08-24,20,24,25,25,25,72.0,60.0,92.0,14.64,20.16,7.92,20.28,2.04,3.64,1.48,18.92
DCA,2023-08-24,21,1,37,3,37,100.0,100.0,72.97,0.0,16.0,3.9,4.0,9.81,2.65,7.19,13.27
DCA,2023-08-24,22,24,17,24,17,75.0,70.83,64.71,7.42,17.63,5.54,10.71,61.65,4.68,64.76,95.24
DCA,2023-08-24,23,0,9,2,9,100.0,100.0,33.33,0.0,12.0,0.0,0.0,1.67,1.48,1.78,45.56
DCA,2023-08-25,0,0,1,0,1,0.0,0.0,0.0,0.0,0.0,0.0,0.0,0.0,2.0,0.0,51.0
DCA,2023-08-25,1,0,0,0,0,0.0,0.0,0.0,0.0,0.0,0.0,0.0,0.0,0.0,0.0,0.0
DCA,2023-08-25,5,3,0,3,0,66.67,66.67,0.0,5.33,11.33,0.47,5.67,0.0,0.0,0.0,0.0
DCA,2023-08-25,6,29,8,28,9,78.57,64.29,77.78,16.79,21.68,10.2,26.21,1.89,3.93,3.22,31.0
DCA,2023-08-25,7,22,27,22,27,77.27,50.0,81.48,20.68,35.55,23.48,41.68,5.22,7.21,9.3,30.96
DCA,2023-08-25,8,38,11,39,11,84.62,38.46,81.82,15.41,38.62,26.58,37.95,4.55,6.01,6.27,8.55
DCA,2023-08-25,9,18,31,18,31,83.33,27.78,67.74,4.39,40.56,28.43,29.22,6.35,12.87,12.65,19.94
DCA,2023-08-25,10,32,19,32,20,71.88,28.13,75.0,39.31,30.69,18.36,55.94,2.1,5.64,4.5,13.1
DCA,2023-08-25,11,27,26,26,27,80.77,73.08,88.89,12.92,17.96,6.45,18.27,2.56,3.43,2.74,11.26
DCA,2023-08-25,12,21,28,21,29,85.71,80.95,75.86,12.48,16.9,5.32,15.62,2.48,2.66,2.72,15.1
DCA,2023-08-25,13,27,26,27,26,77.78,66.67,80.77,15.37,20.52,8.45,21.81,4.65,5.04,1.92,7.81
DCA,2023-08-25,14,21,29,22,31,72.73,59.09,80.65,26.59,20.09,8.21,33.45,5.06,5.76,2.9,10.81
DCA,2023-08-25,15,32,17,34,17,88.24,50.0,94.12,11.65,30.26,18.18,26.41,0.94,7.57,2.06,2.47
DCA,2023-08-25,16,18,37,18,37,77.78,72.22,81.08,12.11,21.33,9.69,20.0,3.54,3.69,2.86,8.22
DCA,2023-08-25,17,36,17,36,17,86.11,58.33,82.35,13.89,27.44,15.64,27.11,8.18,5.76,6.06,12.53
DCA,2023-08-25,18,20,35,20,35,70.0,15.0,37.14,28.8,33.7,22.09,47.65,20.63,7.08,18.91,41.34
DCA,2023-08-25,19,28,21,28,22,57.14,14.29,45.45,31.46,40.5,28.51,58.61,12.82,2.29,9.77,30.68
DCA,2023-08-25,20,23,26,23,25,60.87,13.04,48.0,29.65,35.61,23.55,51.7,21.16,1.61,19.88,27.28
DCA,2023-08-25,21,2,36,2,36,50.0,50.0,44.44,38.5,14.5,2.2,39.5,21.17,3.56,17.64,29.89
DCA,2023-08-25,22,24,17,24,18,58.33,50.0,66.67,83.83,20.92,8.7,91.42,8.83,3.88,8.22,44.11
DCA,2023-08-25,23,0,9,1,9,100.0,100.0,66.67,0.0,14.0,1.7,2.0,2.56,1.48,0.0,24.11
DCA,2023-08-26,0,0,2,0,1,0.0,0.0,0.0,0.0,0.0,0.0,0.0,0.0,0.0,0.0,34.0
DCA,2023-08-26,1,0,0,0,0,0.0,0.0,0.0,0.0,0.0,0.0,0.0,0.0,0.0,0.0,0.0
DCA,2023-08-26,2,0,0,0,0,0.0,0.0,0.0,0.0,0.0,0.0,0.0,0.0,0.0,0.0,0.0
DCA,2023-08-26,5,3,0,3,0,100.0,100.0,0.0,0.0,16.33,4.53,3.33,0.0,0.0,0.0,0.0
DCA,2023-08-26,6,24,2,24,2,95.83,83.33,100.0,8.38,16.79,5.31,12.75,1.0,1.65,0.0,0.0
DCA,2023-08-26,7,15,25,15,25,86.67,86.67,76.0,17.27,17.87,6.45,19.93,3.28,6.44,5.24,39.2
DCA,2023-08-26,8,36,10,37,10,83.78,43.24,90.0,7.76,28.65,16.51,20.54,1.4,7.09,4.8,3.2
DCA,2023-08-26,9,18,27,18,27,94.44,83.33,88.89,4.06,19.28,7.42,8.33,4.56,7.46,4.0,3.3
DCA,2023-08-26,10,29,14,29,14,86.21,75.86,100.0,13.24,19.28,7.06,17.45,1.57,1.61,0.07,0.0
DCA,2023-08-26,11,23,19,24,19,95.83,91.67,84.21,1.38,14.88,3.82,3.88,1.26,1.55,0.0,14.58
DCA,2023-08-26,12,16,25,16,27,93.75,75.0,100.0,2.44,24.13,12.36,12.0,2.37,3.16,1.15,0.89
DCA,2023-08-26,13,22,23,23,23,95.65,78.26,86.96,0.74,23.35,11.4,7.09,2.09,6.9,3.26,15.39
DCA,2023-08-26,14,24,20,25,20,88.0,84.0,95.0,3.28,20.4,8.5,8.56,2.2,2.84,1.05,2.3
DCA,2023-08-26,15,21,17,22,18,81.82,77.27,88.89,16.09,19.32,7.19,20.18,1.44,2.32,2.44,4.39
DCA,2023-08-26,16,13,30,13,30,92.31,92.31,93.33,4.08,13.0,1.92,5.23,1.4,2.19,0.07,2.9
DCA,2023-08-26,17,29,16,29,16,93.1,86.21,87.5,2.79,19.79,7.83,5.93,0.44,2.37,0.0,7.69
DCA,2023-08-26,18,14,21,14,21,85.71,78.57,100.0,6.5,13.93,2.77,8.43,1.24,0.4,0.43,1.38
DCA,2023-08-26,19,17,16,18,16,94.44,94.44,75.0,0.83,16.89,5.13,2.89,3.13,0.34,0.38,20.88
DCA,2023-08-26,20,13,14,13,14,84.62,76.92,78.57,15.08,17.77,6.1,17.08,2.71,0.64,0.0,21.79
DCA,2023-08-26,21,1,21,1,21,100.0,100.0,90.48,0.0,12.0,0.0,0.0,1.24,0.94,0.48,10.1
DCA,2023-08-26,22,3,13,3,13,100.0,100.0,84.62,3.67,15.67,3.63,4.33,1.23,3.23,1.85,5.15
DCA,2023-08-26,23,0,5,0,5,0.0,0.0,80.0,0.0,0.0,0.0,0.0,1.2,0.26,0.0,16.2
DCA,2023-08-27,0,0,1,0,2,0.0,0.0,100.0,0.0,0.0,0.0,0.0,0.0,0.0,0.0,0.0
DCA,2023-08-27,1,0,0,0,0,0.0,0.0,0.0,0.0,0.0,0.0,0.0,0.0,0.0,0.0,0.0
DCA,2023-08-27,5,4,0,4,0,100.0,100.0,0.0,0.0,14.75,2.95,0.0,0.0,0.0,0.0,0.0
DCA,2023-08-27,6,18,3,18,3,100.0,100.0,66.67,0.0,13.94,2.96,1.5,0.0,0.97,0.0,113.0
DCA,2023-08-27,7,16,20,16,20,100.0,87.5,100.0,0.94,18.5,6.79,4.75,1.9,1.42,0.05,0.0
DCA,2023-08-27,8,34,8,35,8,94.29,77.14,87.5,4.97,24.86,12.9,12.49,3.75,1.59,2.63,4.88
DCA,2023-08-27,9,16,31,17,31,100.0,100.0,90.32,0.24,16.41,4.44,2.76,5.84,1.39,0.84,26.35
DCA,2023-08-27,10,34,14,35,15,82.86,74.29,86.67,7.43,20.0,7.77,12.11,0.93,3.17,0.2,2.53
DCA,2023-08-27,11,25,26,25,27,84.0,84.0,92.59,7.96,14.76,3.64,9.96,1.81,2.69,1.41,3.7
DCA,2023-08-27,12,22,27,23,29,86.96,73.91,93.1,5.04,16.57,4.88,8.74,2.72,1.4,0.41,7.28
DCA,2023-08-27,13,26,26,26,26,92.31,69.23,84.62,5.23,21.69,9.63,12.15,2.92,2.68,0.62,7.46
DCA,2023-08-27,14,22,28,22,28,81.82,77.27,85.71,8.68,20.59,8.79,14.95,4.79,1.85,0.86,8.0
DCA,2023-08-27,15,31,18,31,18,93.55,45.16,88.89,7.52,31.9,19.81,24.42,2.5,1.4,1.28,4.89
DCA,2023-08-27,16,19,36,17,35,100.0,70.59,94.29,1.65,21.94,10.31,8.94,4.29,4.61,1.4,3.43
DCA,2023-08-27,17,34,19,33,20,81.82,60.61,75.0,19.42,25.18,13.12,29.7,2.75,8.78,2.55,8.7
DCA,2023-08-27,18,21,34,21,32,80.95,71.43,75.0,7.9,20.43,8.48,13.86,4.19,5.24,2.97,12.34
DCA,2023-08-27,19,27,22,26,22,69.23,69.23,86.36,12.12,15.0,3.19,13.35,5.32,1.97,1.55,15.09
DCA,2023-08-27,20,25,24,25,24,72.0,72.0,83.33,17.4,17.44,5.42,20.16,2.33,2.31,2.13,19.08
DCA,2023-08-27,21,1,37,1,37,100.0,100.0,72.97,0.0,19.0,6.7,0.0,8.05,4.39,6.38,15.65
DCA,2023-08-27,22,24,17,24,17,83.33,75.0,82.35,5.88,17.0,5.03,8.67,2.35,3.04,2.94,4.94
DCA,2023-08-27,23,0,9,0,8,0.0,0.0,62.5,0.0,0.0,0.0,0.0,2.63,1.91,0.0,18.5
DCA,2023-08-28,0,0,1,0,1,0.0,0.0,100.0,0.0,0.0,0.0,0.0,0.0,1.0,0.0,6.0
DCA,2023-08-28,1,0,0,0,0,0.0,0.0,0.0,0.0,0.0,0.0,0.0,0.0,0.0,0.0,0.0
DCA,2023-08-28,5,3,0,2,0,100.0,100.0,0.0,0.0,11.5,1.1,0.0,0.0,0.0,0.0,0.0
DCA,2023-08-28,6,29,8,29,8,96.55,93.1,87.5,1.48,15.14,3.74,3.1,1.5,11.05,2.25,33.75
DCA,2023-08-28,7,22,27,21,27,85.71,85.71,92.59,8.29,17.52,5.6,11.14,2.44,5.64,2.22,5.04
DCA,2023-08-28,8,38,11,39,12,92.31,74.36,91.67,3.9,22.08,9.98,10.08,4.25,2.13,4.67,7.92
DCA,2023-08-28,9,18,31,18,31,100.0,94.44,67.74,0.06,15.67,3.97,2.5,8.1,2.56,3.9,13.81
DCA,2023-08-28,10,32,19,32,19,78.13,71.88,100.0,15.34,15.34,3.8,18.19,3.58,3.23,1.47,0.47
DCA,2023-08-28,11,27,26,28,26,82.14,82.14,88.46,21.39,14.64,3.26,22.75,4.73,2.73,1.04,14.42
DCA,2023-08-28,12,21,28,21,28,90.48,90.48,89.29,4.38,16.95,5.21,6.24,4.25,2.54,1.68,5.29
DCA,2023-08-28,13,27,26,26,26,84.62,76.92,92.31,6.35,17.88,6.23,10.58,6.96,3.31,2.88,3.46
DCA,2023-08-28,14,21,29,22,29,86.36,77.27,79.31,5.59,18.23,6.86,9.86,9.07,4.12,4.24,20.28
DCA,2023-08-28,15,32,17,32,17,78.13,68.75,70.59,27.34,21.72,9.68,34.44,3.41,4.69,2.24,14.12
DCA,2023-08-28,16,18,37,18,37,72.22,66.67,91.89,22.33,19.22,7.73,28.17,6.68,1.58,1.89,10.08
DCA,2023-08-28,17,36,17,36,17,77.78,72.22,70.59,23.0,18.5,6.46,27.78,5.24,5.85,2.94,17.71
DCA,2023-08-28,18,20,35,20,35,75.0,75.0,82.86,11.7,17.15,5.56,15.65,6.51,4.17,4.06,10.4
DCA,2023-08-28,19,28,21,28,21,57.14,42.86,57.14,42.64,20.61,8.87,50.25,9.1,5.41,6.38,27.57
DCA,2023-08-28,20,24,25,24,25,75.0,29.17,76.0,12.17,30.63,18.32,26.42,2.72,5.5,5.2,14.96
DCA,2023-08-28,21,1,37,1,36,100.0,100.0,77.78,0.0,9.0,0.0,0.0,5.78,5.4,3.72,13.36
DCA,2023-08-28,22,24,17,24,17,83.33,70.83,82.35,8.67,18.46,6.51,12.88,2.0,3.65,2.53,14.94
DCA,2023-08-28,23,0,9,0,9,0.0,0.0,33.33,0.0,0.0,0.0,0.0,1.67,4.14,0.11,96.22
DCA,2023-08-29,0,0,1,0,1,0.0,0.0,0.0,0.0,0.0,0.0,0.0,0.0,0.0,0.0,33.0
DCA,2023-08-29,1,0,0,0,0,0.0,0.0,0.0,0.0,0.0,0.0,0.0,0.0,0.0,0.0,0.0
DCA,2023-08-29,5,3,0,3,0,66.67,66.67,0.0,18.0,13.0,1.47,19.33,0.0,0.0,0.0,0.0
DCA,2023-08-29,6,29,8,27,8,92.59,74.07,87.5,1.44,20.52,8.78,8.7,1.25,4.8,0.75,16.0
DCA,2023-08-29,7,22,27,22,27,90.91,86.36,100.0,13.86,21.86,10.01,18.86,4.81,1.59,1.15,0.48
DCA,2023-08-29,8,38,11,39,12,97.44,76.92,83.33,0.62,25.56,13.49,8.26,5.33,1.21,4.25,4.33
DCA,2023-08-29,9,17,31,16,32,93.75,81.25,90.63,1.0,25.56,13.76,10.19,13.63,1.96,8.44,13.34
DCA,2023-08-29,10,31,18,31,18,93.55,58.06,94.44,7.0,28.23,15.93,18.58,1.44,1.42,0.0,1.17
DCA,2023-08-29,11,27,26,27,25,96.3,92.59,96.0,1.74,16.52,5.25,4.0,4.0,1.43,0.92,1.36
DCA,2023-08-29,12,20,26,20,26,95.0,90.0,100.0,3.9,19.9,8.19,8.5,4.15,1.52,1.08,0.31
DCA,2023-08-29,13,27,26,26,26,84.62,73.08,88.46,28.58,22.92,10.65,35.54,8.65,1.04,1.65,2.81
DCA,2023-08-29,14,21,29,21,28,80.95,66.67,96.43,7.38,19.76,7.93,13.19,11.57,1.18,4.0,2.32
DCA,2023-08-29,15,31,17,31,16,90.32,67.74,93.75,13.55,24.55,12.58,22.58,1.5,2.28,0.25,6.75
DCA,2023-08-29,16,19,36,20,38,80.0,75.0,92.11,12.5,17.8,6.21,16.15,4.58,3.16,2.74,3.63
DCA,2023-08-29,17,36,17,36,15,94.44,58.33,100.0,4.47,29.97,17.88,18.78,6.8,4.42,2.0,1.6
DCA,2023-08-29,18,19,34,19,34,68.42,36.84,85.29,13.95,28.63,16.92,27.16,5.85,0.61,2.41,10.44
DCA,2023-08-29,19,27,22,24,22,75.0,45.83,81.82,11.88,30.08,18.2,26.88,6.41,0.73,1.91,22.82
DCA,2023-08-29,20,24,24,23,23,91.3,47.83,82.61,5.91,31.96,19.76,19.78,4.48,2.36,3.74,11.43
DCA,2023-08-29,21,1,37,1,36,100.0,100.0,66.67,0.0,12.0,0.0,0.0,8.94,2.34,5.06,25.89
DCA,2023-08-29,22,24,17,24,17,79.17,66.67,76.47,12.71,17.88,5.82,17.13,3.29,3.19,3.82,30.24
DCA,2023-08-29,23,0,9,0,8,0.0,0.0,75.0,0.0,0.0,0.0,0.0,3.88,1.41,0.5,9.0
DCA,2023-08-30,0,0,1,0,1,0.0,0.0,0.0,0.0,0.0,0.0,0.0,0.0,1.0,0.0,167.0
DCA,2023-08-30,2,0,0,0,0,0.0,0.0,0.0,0.0,0.0,0.0,0.0,0.0,0.0,0.0,0.0
DCA,2023-08-30,3,0,0,0,0,0.0,0.0,0.0,0.0,0.0,0.0,0.0,0.0,0.0,0.0,0.0
DCA,2023-08-30,5,3,0,3,0,33.33,33.33,0.0,11.33,25.67,13.87,24.33,0.0,0.0,0.0,0.0
DCA,2023-08-30,6,29,8,27,8,88.89,81.48,100.0,25.78,17.85,6.36,30.11,0.88,6.18,1.0,0.0
DCA,2023-08-30,7,22,27,21,28,76.19,66.67,82.14,19.57,20.43,8.45,25.24,5.18,6.25,3.54,33.54
DCA,2023-08-30,8,38,11,32,11,87.5,65.63,90.91,8.03,27.56,15.56,19.81,3.55,15.03,11.82,11.36
DCA,2023-08-30,9,17,31,17,30,82.35,70.59,86.67,10.76,21.65,9.67,17.53,9.3,10.49,9.1,21.03
DCA,2023-08-30,10,32,17,32,17,75.0,65.63,82.35,19.03,23.84,11.88,28.41,3.88,5.11,6.41,7.35
DCA,2023-08-30,11,26,27,22,26,95.45,95.45,92.31,1.91,14.82,3.34,3.05,2.04,1.67,4.69,9.92
DCA,2023-08-30,12,20,26,18,23,83.33,83.33,86.96,6.89,16.0,4.6,9.5,1.7,1.27,6.13,18.0
DCA,2023-08-30,13,27,26,25,24,88.0,80.0,66.67,5.84,17.36,5.72,8.76,2.67,2.56,5.71,36.63
DCA,2023-08-30,14,21,29,21,25,66.67,52.38,76.0,35.1,22.33,10.53,43.62,5.56,1.48,3.08,23.12
DCA,2023-08-30,15,31,17,30,16,80.0,50.0,87.5,20.27,25.1,13.1,30.4,2.31,4.0,1.94,10.94
DCA,2023-08-30,16,19,36,20,35,80.0,80.0,82.86,18.65,17.6,5.93,22.1,6.46,3.06,2.11,10.43
DCA,2023-08-30,17,36,17,35,15,77.14,68.57,86.67,19.63,21.51,9.49,26.57,2.47,9.35,3.07,13.4
DCA,2023-08-30,18,19,34,19,35,78.95,63.16,85.71,19.63,17.53,6.16,23.53,3.37,1.81,3.77,7.06
DCA,2023-08-30,19,27,22,27,21,85.19,62.96,76.19,8.15,22.41,10.66,16.0,3.43,1.51,3.57,16.95
DCA,2023-08-30,20,24,24,22,23,90.91,54.55,78.26,34.95,32.32,20.07,48.86,4.26,1.21,0.61,16.0
DCA,2023-08-30,21,1,37,1,36,100.0,100.0,75.0,0.0,9.0,0.0,0.0,8.58,2.34,1.86,9.94
DCA,2023-08-30,22,24,17,25,15,88.0,72.0,73.33,4.8,23.52,11.31,11.8,2.67,2.54,1.87,12.67
DCA,2023-08-30,23,0,9,0,9,0.0,0.0,88.89,0.0,0.0,0.0,0.0,1.56,1.14,0.0,6.89
DCA,2023-08-31,0,0,1,0,1,0.0,0.0,100.0,0.0,0.0,0.0,0.0,4.0,3.0,0.0,0.0
DCA,2023-08-31,5,3,0,3,0,100.0,100.0,0.0,0.33,12.67,0.87,0.33,0.0,0.0,0.0,0.0
DCA,2023-08-31,6,29,8,28,8,100.0,100.0,100.0,0.64,16.61,5.11,3.25,1.0,6.18,0.25,0.0
DCA,2023-08-31,7,22,27,23,25,100.0,86.96,100.0,0.7,19.83,7.72,4.52,4.6,2.3,2.16,0.76
DCA,2023-08-31,8,38,11,39,13,92.31,46.15,84.62,1.82,37.28,25.15,21.31,2.85,5.73,3.54,6.62
DCA,2023-08-31,9,18,31,18,29,83.33,44.44,96.55,6.89,27.5,15.51,19.89,10.62,8.16,5.97,2.41
DCA,2023-08-31,10,32,19,32,19,93.75,62.5,94.74,4.91,26.31,14.13,16.19,1.63,4.73,2.47,2.05
DCA,2023-08-31,11,27,26,27,27,85.19,85.19,85.19,11.63,14.04,2.65,12.78,2.07,2.47,0.19,7.33
DCA,2023-08-31,12,20,27,20,27,65.0,65.0,85.19,29.8,15.4,4.11,32.7,3.89,0.64,0.93,5.67
DCA,2023-08-31,13,27,26,28,27,89.29,71.43,74.07,7.43,19.61,7.41,12.64,3.96,6.61,3.04,23.96
DCA,2023-08-31,14,21,29,22,31,77.27,72.73,80.65,15.86,16.05,4.26,19.0,3.39,2.45,1.0,14.52
DCA,2023-08-31,15,32,17,33,17,81.82,63.64,58.82,16.21,19.0,7.21,21.76,5.0,2.79,3.0,26.06
DCA,2023-08-31,16,18,37,19,38,78.95,78.95,84.21,18.63,15.37,3.9,21.11,7.92,1.78,3.05,5.47
DCA,2023-08-31,17,36,17,38,17,86.84,65.79,94.12,7.24,23.05,10.95,15.76,5.76,2.3,0.88,3.47
DCA,2023-08-31,18,20,35,20,35,80.0,80.0,80.0,19.1,16.15,4.62,21.75,6.49,1.2,2.83,13.14
DCA,2023-08-31,19,28,21,28,21,82.14,64.29,80.95,10.64,20.14,8.47,17.11,7.19,0.53,0.52,25.0
DCA,2023-08-31,20,24,25,24,25,87.5,37.5,84.0,13.29,30.38,18.1,27.42,4.08,1.1,3.28,10.8
DCA,2023-08-31,21,1,37,1,37,100.0,100.0,72.97,0.0,14.0,1.7,0.0,10.62,1.69,5.92,15.54
DCA,2023-08-31,22,24,17,24,17,75.0,50.0,76.47,10.96,23.75,11.55,20.75,1.88,4.39,1.65,7.65
DCA,2023-08-31,23,0,9,0,9,0.0,0.0,88.89,0.0,0.0,0.0,0.0,2.33,1.37,1.0,5.0
DCA,2023-09-01,0,0,1,0,1,0.0,0.0,100.0,0.0,0.0,0.0,0.0,0.0,1.4,0.0,0.0
DCA,2023-09-01,5,3,0,3,0,100.0,66.67,0.0,0.0,30.33,18.23,13.0,0.0,0.0,0.0,0.0
DCA,2023-09-01,6,29,8,29,8,93.1,82.76,100.0,9.34,19.1,7.72,15.24,0.5,4.55,0.0,0.88
DCA,2023-09-01,7,22,27,23,27,82.61,78.26,96.3,23.87,18.52,6.5,28.74,3.56,4.64,2.52,2.26
DCA,2023-09-01,8,38,11,39,11,84.62,58.97,54.55,26.51,24.79,12.76,35.54,5.0,6.81,7.0,15.82
DCA,2023-09-01,9,18,31,18,31,83.33,66.67,87.1,9.11,22.78,10.69,18.0,8.87,4.17,2.94,24.77
DCA,2023-09-01,10,32,19,32,20,81.25,62.5,90.0,24.06,23.66,11.26,33.28,2.85,3.28,3.05,13.4
DCA,2023-09-01,11,27,26,27,26,81.48,81.48,100.0,23.19,14.96,3.55,24.37,4.92,1.67,0.12,0.27
DCA,2023-09-01,12,20,27,20,28,80.0,70.0,85.71,16.75,16.55,5.1,20.4,3.93,1.3,3.0,7.43
DCA,2023-09-01,13,27,26,27,27,81.48,74.07,70.37,13.7,21.0,8.84,19.26,4.85,3.34,3.15,22.04
DCA,2023-09-01,14,21,29,21,29,90.48,80.95,86.21,4.48,18.29,6.64,8.76,3.9,2.73,1.03,10.03
DCA,2023-09-01,15,32,17,33,17,63.64,45.45,76.47,20.97,19.94,8.08,27.58,4.24,3.64,2.47,21.88
DCA,2023-09-01,16,18,37,18,37,61.11,61.11,86.49,13.61,15.22,4.02,16.06,5.7,2.47,1.89,10.27
DCA,2023-09-01,17,36,17,36,17,77.78,72.22,94.12,17.47,20.67,8.59,23.86,2.65,5.38,1.18,5.41
DCA,2023-09-01,18,20,35,20,35,65.0,55.0,77.14,18.5,17.45,5.96,21.75,7.31,1.53,3.94,16.06
DCA,2023-09-01,19,28,21,28,22,64.29,57.14,68.18,18.46,20.32,8.49,25.0,7.05,5.59,3.68,20.5
DCA,2023-09-01,20,23,26,23,26,82.61,60.87,76.92,7.61,22.22,10.14,15.22,2.27,4.77,3.69,21.27
DCA,2023-09-01,21,1,37,1,37,100.0,100.0,70.27,0.0,14.0,1.7,0.0,9.14,4.64,5.65,12.95
DCA,2023-09-01,22,25,16,26,16,65.38,57.69,62.5,17.69,14.69,2.78,20.35,2.5,2.76,1.19,17.88
DCA,2023-09-01,23,0,9,0,9,0.0,0.0,88.89,0.0,0.0,0.0,0.0,3.67,3.42,0.0,1.67
DCA,2023-09-02,0,0,1,0,1,0.0,0.0,0.0,0.0,0.0,0.0,0.0,0.0,1.4,0.0,37.0
DCA,2023-09-02,1,0,0,0,0,0.0,0.0,0.0,0.0,0.0,0.0,0.0,0.0,0.0,0.0,0.0
DCA,2023-09-02,5,3,0,3,0,66.67,66.67,0.0,15.0,15.0,3.27,17.0,0.0,0.0,0.0,0.0
DCA,2023-09-02,6,24,2,24,2,91.67,83.33,100.0,7.38,15.67,4.57,10.54,3.0,3.8,0.0,0.0
DCA,2023-09-02,7,15,25,14,25,85.71,92.86,92.0,6.29,15.64,4.35,8.36,1.56,6.99,1.16,19.32
DCA,2023-09-02,8,36,10,37,10,89.19,75.68,70.0,7.38,22.95,10.97,15.62,2.5,6.99,3.2,14.7
DCA,2023-09-02,9,18,27,18,27,77.78,72.22,92.59,15.72,19.28,7.25,20.5,6.74,5.3,2.37,6.3
DCA,2023-09-02,10,29,14,29,14,89.66,86.21,92.86,17.31,18.93,6.63,20.28,2.79,1.84,0.0,1.43
DCA,2023-09-02,11,23,19,23,19,82.61,82.61,94.74,40.09,16.3,4.73,42.7,2.26,1.56,0.05,5.89
DCA,2023-09-02,12,15,24,16,23,93.75,68.75,95.65,7.13,22.75,11.09,14.56,2.04,3.62,1.52,1.65
DCA,2023-09-02,13,22,23,21,24,80.95,76.19,75.0,14.86,18.86,6.67,20.14,2.63,6.83,1.75,11.04
DCA,2023-09-02,14,24,20,25,20,88.0,80.0,90.0,13.84,15.4,4.13,16.68,2.6,3.08,0.55,22.0
DCA,2023-09-02,15,22,17,22,17,77.27,77.27,76.47,9.27,18.23,6.07,13.77,2.76,1.63,0.24,8.94
DCA,2023-09-02,16,12,30,12,31,100.0,100.0,100.0,0.0,12.92,2.03,0.08,3.94,1.05,0.48,0.26
DCA,2023-09-02,17,29,16,29,16,89.66,75.86,87.5,7.45,17.07,5.25,10.55,0.94,2.98,0.06,3.5
DCA,2023-09-02,18,14,21,14,22,85.71,85.71,90.91,8.29,12.79,1.84,8.57,1.05,1.62,0.18,10.14
DCA,2023-09-02,19,16,16,16,16,87.5,81.25,87.5,13.38,15.38,4.19,15.88,2.44,2.58,0.06,14.25
DCA,2023-09-02,20,13,14,13,14,84.62,84.62,57.14,11.54,16.85,4.77,13.15,1.71,0.97,4.64,20.79
DCA,2023-09-02,21,1,21,1,21,100.0,100.0,90.48,0.0,23.0,10.7,5.0,1.14,2.66,0.05,4.33
DCA,2023-09-02,22,3,13,4,13,75.0,75.0,92.31,6.25,15.0,3.4,7.5,2.38,6.28,2.54,3.69
DCA,2023-09-02,23,0,5,0,5,0.0,0.0,60.0,0.0,0.0,0.0,0.0,3.2,2.18,0.0,13.6
DCA,2023-09-03,0,0,0,0,1,0.0,0.0,100.0,0.0,0.0,0.0,0.0,2.0,3.4,0.0,0.0
DCA,2023-09-03,5,3,0,3,0,100.0,100.0,0.0,0.0,12.33,0.97,0.0,0.0,0.0,0.0,0.0
DCA,2023-09-03,6,18,3,18,3,100.0,100.0,100.0,0.17,13.5,2.51,1.33,0.0,2.97,0.0,0.0
DCA,2023-09-03,7,16,20,15,19,100.0,100.0,89.47,0.0,14.4,2.89,1.07,2.32,4.27,0.58,8.58
DCA,2023-09-03,8,35,7,36,7,100.0,97.22,100.0,0.06,19.08,7.16,3.11,0.57,0.74,0.57,0.29
DCA,2023-09-03,9,14,30,14,30,100.0,100.0,93.33,0.0,15.5,3.83,0.86,6.93,2.37,3.27,2.73
DCA,2023-09-03,10,34,14,34,14,94.12,82.35,78.57,3.24,22.18,9.93,8.41,0.64,3.88,2.07,6.5
DCA,2023-09-03,11,25,26,25,26,92.0,92.0,100.0,2.52,15.8,4.26,4.44,4.62,2.03,0.0,0.0
DCA,2023-09-03,12,21,25,21,26,95.24,90.48,92.31,1.24,17.33,5.62,3.67,3.62,2.66,1.19,4.04
DCA,2023-09-03,13,26,26,26,26,96.15,76.92,96.15,2.65,23.23,11.08,9.38,3.88,2.83,1.35,1.27
DCA,2023-09-03,14,20,27,20,27,90.0,70.0,100.0,6.85,20.55,8.7,12.6,4.78,2.6,0.59,0.63
DCA,2023-09-03,15,31,18,31,18,93.55,38.71,100.0,6.65,35.19,23.11,26.42,1.0,3.47,0.67,0.0
DCA,2023-09-03,16,19,35,19,35,94.74,89.47,91.43,8.37,19.37,7.96,12.53,4.4,1.14,1.09,11.66
DCA,2023-09-03,17,33,18,33,18,93.94,60.61,100.0,4.82,25.61,13.55,13.3,2.06,1.44,0.39,0.11
DCA,2023-09-03,18,20,34,20,34,85.0,40.0,85.29,8.7,28.6,16.81,22.0,3.44,1.17,1.59,7.65
DCA,2023-09-03,19,26,22,26,22,84.62,84.62,90.91,10.19,17.08,5.45,12.92,8.64,1.67,4.5,6.05
DCA,2023-09-03,20,24,23,24,24,91.67,87.5,70.83,6.88,20.71,8.52,9.17,11.88,4.64,16.38,22.5
DCA,2023-09-03,21,1,37,1,37,0.0,0.0,81.08,29.0,30.0,17.7,47.0,8.11,3.87,4.86,10.73
DCA,2023-09-03,22,24,17,24,16,91.67,79.17,93.75,2.92,21.38,9.12,9.63,2.25,6.31,1.75,8.75
DCA,2023-09-03,23,0,9,0,9,0.0,0.0,77.78,0.0,0.0,0.0,0.0,1.44,0.43,4.33,13.78
DCA,2023-09-04,0,0,1,0,0,0.0,0.0,0.0,0.0,0.0,0.0,0.0,0.0,0.0,0.0,0.0
DCA,2023-09-04,5,2,0,2,0,100.0,50.0,0.0,7.0,15.5,3.4,7.5,0.0,0.0,0.0,0.0
DCA,2023-09-04,6,28,8,27,8,96.3,92.59,100.0,0.78,17.3,5.92,3.85,0.5,5.05,0.0,0.0
DCA,2023-09-04,7,22,27,22,27,100.0,90.91,96.3,0.27,20.23,8.35,3.73,8.33,2.79,2.96,1.37
DCA,2023-09-04,8,39,10,40,10,95.0,70.0,90.0,3.08,25.73,13.54,11.88,6.3,1.88,2.2,4.3
DCA,2023-09-04,9,18,30,19,30,94.74,94.74,100.0,1.89,16.68,5.12,5.05,8.3,2.32,2.3,1.57
DCA,2023-09-04,10,31,19,31,19,93.55,67.74,94.74,2.94,22.32,9.96,9.35,3.58,1.34,1.79,2.26
DCA,2023-09-04,11,27,26,27,26,81.48,81.48,92.31,18.26,14.67,3.38,19.78,3.04,1.58,1.31,5.35
DCA,2023-09-04,12,20,27,20,29,85.0,80.0,86.21,4.3,17.9,6.06,8.15,2.31,1.67,1.55,4.76
DCA,2023-09-04,13,27,26,27,26,85.19,70.37,92.31,12.11,21.96,9.93,18.85,3.35,5.75,3.5,3.0
DCA,2023-09-04,14,21,29,21,29,95.24,71.43,96.55,2.19,22.05,10.24,9.24,6.52,4.75,3.0,2.17
DCA,2023-09-04,15,32,17,32,17,90.63,46.88,82.35,4.44,27.94,15.9,17.81,2.18,1.96,1.12,11.18
DCA,2023-09-04,16,18,37,18,37,94.44,72.22,89.19,7.72,19.22,7.81,12.39,3.0,2.51,1.84,15.81
DCA,2023-09-04,17,36,17,36,17,83.33,61.11,88.24,15.89,25.44,13.38,26.28,2.82,3.03,2.06,8.76
DCA,2023-09-04,18,19,35,19,35,78.95,73.68,80.0,9.95,18.47,6.67,13.74,6.51,1.7,1.69,15.63
DCA,2023-09-04,19,29,20,29,21,86.21,65.52,85.71,13.17,21.03,9.34,20.31,9.24,2.88,3.0,5.86
DCA,2023-09-04,20,23,25,23,25,82.61,60.87,80.0,11.43,26.04,13.87,21.13,3.4,4.27,3.84,19.4
DCA,2023-09-04,21,1,37,1,37,100.0,100.0,72.97,0.0,11.0,0.0,0.0,7.59,2.91,3.3,12.24
DCA,2023-09-04,22,24,17,24,17,87.5,62.5,82.35,5.67,22.92,10.7,13.08,2.18,7.76,4.59,9.53
DCA,2023-09-04,23,0,9,0,9,0.0,0.0,100.0,0.0,0.0,0.0,0.0,1.56,0.33,0.0,1.0
DCA,2023-09-05,0,0,2,0,1,0.0,0.0,0.0,0.0,0.0,0.0,0.0,0.0,1.4,0.0,114.0
DCA,2023-09-05,1,0,0,0,0,0.0,0.0,0.0,0.0,0.0,0.0,0.0,0.0,0.0,0.0,0.0
DCA,2023-09-05,2,0,0,0,0,0.0,0.0,0.0,0.0,0.0,0.0,0.0,0.0,0.0,0.0,0.0
DCA,2023-09-05,5,3,0,3,0,33.33,66.67,0.0,358.67,24.0,11.9,37.0,0.0,0.0,0.0,0.0
DCA,2023-09-05,6,30,8,30,8,96.67,90.0,100.0,13.6,17.3,5.77,16.93,0.63,7.18,0.75,0.0
DCA,2023-09-05,7,21,28,21,28,90.48,85.71,89.29,3.81,19.0,7.1,6.48,6.82,5.71,4.5,3.46
DCA,2023-09-05,8,40,9,42,11,97.62,59.52,90.91,0.57,28.19,16.02,12.71,3.55,3.86,4.18,5.0
DCA,2023-09-05,9,15,32,15,31,73.33,73.33,80.65,20.8,20.13,8.23,27.2,9.42,3.44,5.81,15.84
DCA,2023-09-05,10,32,18,32,18,84.38,68.75,88.89,4.44,22.47,10.27,11.84,3.28,5.99,3.17,3.28
DCA,2023-09-05,11,26,25,26,25,96.15,92.31,92.0,2.77,15.81,4.33,4.96,3.16,3.91,1.08,5.04
DCA,2023-09-05,12,19,27,19,28,84.21,78.95,89.29,6.26,17.84,6.29,9.63,2.71,3.14,2.21,11.25
DCA,2023-09-05,13,28,25,28,25,85.71,67.86,84.0,17.18,24.0,12.15,25.82,2.56,6.24,2.92,29.6
DCA,2023-09-05,14,21,29,22,29,81.82,72.73,89.66,11.36,18.68,7.14,16.77,4.55,4.06,1.38,5.48
DCA,2023-09-05,15,33,18,34,18,79.41,64.71,83.33,11.53,21.44,9.4,18.06,4.28,1.77,2.17,7.33
DCA,2023-09-05,16,17,35,18,37,83.33,77.78,91.89,6.33,18.17,6.51,10.5,5.49,1.55,2.73,2.54
DCA,2023-09-05,17,33,16,34,16,97.06,79.41,87.5,1.18,23.21,11.08,8.12,4.75,4.36,1.44,13.31
DCA,2023-09-05,18,19,34,19,35,68.42,52.63,74.29,21.68,19.84,8.64,27.47,7.23,2.19,8.14,30.23
DCA,2023-09-05,19,27,20,27,21,81.48,74.07,76.19,13.48,16.04,4.31,15.74,5.48,0.92,1.24,16.67
DCA,2023-09-05,20,22,25,24,26,87.5,70.83,84.62,5.21,21.83,9.74,10.92,3.04,1.51,1.08,15.38
DCA,2023-09-05,21,3,35,3,35,100.0,100.0,74.29,0.0,19.0,6.77,2.0,8.94,2.58,5.4,32.03
DCA,2023-09-05,22,23,17,24,17,95.83,70.83,94.12,2.08,23.17,10.9,9.29,2.76,4.71,2.24,3.18
DCA,2023-09-05,23,1,9,1,9,0.0,0.0,100.0,39.0,15.0,2.7,42.0,2.56,1.72,1.33,1.11
DCA,2023-09-06,0,0,1,0,2,0.0,0.0,50.0,0.0,0.0,0.0,0.0,2.0,0.4,0.0,20.5
DCA,2023-09-06,1,0,0,0,0,0.0,0.0,0.0,0.0,0.0,0.0,0.0,0.0,0.0,0.0,0.0
DCA,2023-09-06,5,3,0,3,0,100.0,100.0,0.0,0.0,15.33,3.2,0.33,0.0,0.0,0.0,0.0
DCA,2023-09-06,6,28,7,28,7,96.43,92.86,100.0,9.07,15.43,4.31,11.07,0.57,3.21,3.57,1.86
DCA,2023-09-06,7,17,25,18,25,83.33,77.78,96.0,3.56,17.72,6.19,7.83,2.68,5.28,1.88,1.04
DCA,2023-09-06,8,37,8,39,9,94.87,69.23,66.67,5.87,26.74,14.7,14.97,3.11,6.96,12.67,28.0
DCA,2023-09-06,9,18,31,18,32,83.33,61.11,81.25,25.06,17.5,6.16,29.44,6.19,1.77,4.72,6.66
DCA,2023-09-06,10,31,19,31,19,80.65,64.52,84.21,4.87,19.23,7.07,10.26,2.26,3.58,5.26,14.84
DCA,2023-09-06,11,23,26,23,26,86.96,78.26,88.46,3.7,16.35,4.9,5.91,2.04,1.34,0.46,3.77
DCA,2023-09-06,12,22,27,22,30,81.82,77.27,73.33,9.64,17.95,6.2,14.09,7.3,2.61,5.9,7.97
DCA,2023-09-06,13,29,23,30,23,76.67,70.0,82.61,29.5,17.5,5.39,32.9,2.7,3.46,1.17,5.26
DCA,2023-09-06,14,21,29,21,29,90.48,80.95,82.76,7.43,18.43,6.69,11.52,3.79,3.71,2.59,9.21
DCA,2023-09-06,15,32,19,34,19,85.29,55.88,73.68,9.32,27.09,15.16,21.41,3.58,4.65,3.68,6.95
DCA,2023-09-06,16,18,35,19,36,73.68,57.89,83.33,17.05,19.21,7.52,21.89,5.75,2.2,3.17,8.64
DCA,2023-09-06,17,33,18,33,18,93.94,75.76,88.89,5.21,23.27,11.2,11.97,4.17,6.65,2.22,5.44
DCA,2023-09-06,18,20,33,20,33,80.0,65.0,84.85,9.25,20.8,9.16,15.65,4.03,4.11,4.0,7.21
DCA,2023-09-06,19,25,24,25,24,80.0,76.0,87.5,9.4,19.6,7.94,15.16,10.67,4.97,5.63,7.71
DCA,2023-09-06,20,26,23,27,23,92.59,81.48,91.3,2.74,23.19,10.87,9.48,4.22,2.99,4.0,16.52
DCA,2023-09-06,21,1,37,1,37,0.0,0.0,83.78,45.0,17.0,4.7,50.0,7.92,3.96,2.49,20.86
DCA,2023-09-06,22,24,16,24,16,100.0,95.83,87.5,0.0,20.21,8.24,3.63,2.25,5.11,2.94,5.13
DCA,2023-09-06,23,0,9,0,10,0.0,0.0,90.0,0.0,0.0,0.0,0.0,4.0,2.78,0.4,2.1
DCA,2023-09-07,0,0,1,0,1,0.0,0.0,100.0,0.0,0.0,0.0,0.0,0.0,4.4,0.0,0.0
DCA,2023-09-07,2,0,0,0,0,0.0,0.0,0.0,0.0,0.0,0.0,0.0,0.0,0.0,0.0,0.0
DCA,2023-09-07,5,3,0,3,0,33.33,33.33,0.0,33.0,14.33,2.2,34.67,0.0,0.0,0.0,0.0
DCA,2023-09-07,6,29,8,29,8,96.55,96.55,100.0,2.45,15.83,4.39,4.48,0.88,9.05,1.13,0.0
DCA,2023-09-07,7,22,27,22,27,90.91,90.91,96.3,7.27,16.23,4.43,8.55,6.11,5.8,3.15,4.0
DCA,2023-09-07,8,40,9,42,11,95.24,73.81,90.91,1.88,22.21,10.1,8.4,2.73,8.54,4.18,12.0
DCA,2023-09-07,9,16,32,17,32,94.12,94.12,93.75,7.53,16.71,4.98,9.76,6.56,3.85,2.5,4.66
DCA,2023-09-07,10,33,19,33,19,100.0,84.85,100.0,0.64,21.52,9.33,6.12,5.42,2.3,1.37,2.11
DCA,2023-09-07,11,23,28,23,28,95.65,78.26,96.43,3.0,18.91,7.43,7.39,7.64,2.8,3.82,2.93
DCA,2023-09-07,12,23,26,23,27,95.65,86.96,96.3,3.74,20.04,8.13,8.91,5.33,1.91,1.78,1.33
DCA,2023-09-07,13,29,23,30,24,86.67,56.67,79.17,10.57,25.2,13.0,21.27,7.92,12.48,13.75,10.29
DCA,2023-09-07,14,21,29,21,29,71.43,42.86,65.52,20.95,30.48,18.67,37.14,10.59,9.13,10.76,12.83
DCA,2023-09-07,15,32,20,31,19,51.61,32.26,36.84,34.68,42.52,30.6,64.06,11.21,5.04,11.68,60.32
DCA,2023-09-07,16,19,34,19,35,52.63,15.79,51.43,74.74,32.58,21.03,94.53,10.69,4.61,13.43,45.77
DCA,2023-09-07,17,32,19,30,18,40.0,30.0,77.78,43.07,26.47,14.32,55.53,7.44,3.15,5.0,11.56
DCA,2023-09-07,18,21,34,18,32,55.56,44.44,50.0,46.0,22.28,10.72,55.72,2.5,12.29,16.44,33.09
DCA,2023-09-07,19,25,24,25,23,64.0,36.0,52.17,27.68,28.28,16.42,43.48,3.83,4.87,6.96,66.35
DCA,2023-09-07,20,26,23,26,21,46.15,19.23,47.62,31.08,28.42,16.24,45.0,6.52,3.92,7.9,38.9
DCA,2023-09-07,21,1,37,1,34,0.0,0.0,50.0,19.0,17.0,4.7,24.0,4.88,2.74,5.79,53.53
DCA,2023-09-07,22,24,16,20,14,55.0,55.0,64.29,31.85,17.3,5.1,34.95,5.36,3.81,3.71,34.07
DCA,2023-09-07,23,0,9,0,7,0.0,0.0,57.14,0.0,0.0,0.0,0.0,7.14,0.77,1.29,114.43
DCA,2023-09-08,0,0,1,0,1,0.0,0.0,0.0,0.0,0.0,0.0,0.0,0.0,1.4,0.0,31.0
DCA,2023-09-08,1,0,0,0,0,0.0,0.0,0.0,0.0,0.0,0.0,0.0,0.0,0.0,0.0,0.0
DCA,2023-09-08,2,0,0,0,0,0.0,0.0,0.0,0.0,0.0,0.0,0.0,0.0,0.0,0.0,0.0
DCA,2023-09-08,5,3,0,3,1,100.0,33.33,0.0,4.33,24.67,12.5,13.0,0.0,2.4,3.0,38.0
DCA,2023-09-08,6,29,8,27,8,77.78,66.67,87.5,25.59,19.81,8.41,32.56,1.25,4.3,0.75,15.13
DCA,2023-09-08,7,22,27,21,25,100.0,95.24,92.0,0.05,19.0,7.01,3.0,2.84,4.2,0.68,20.0
DCA,2023-09-08,8,40,9,40,9,82.5,72.5,77.78,15.15,23.83,11.64,23.58,1.22,1.01,0.78,5.78
DCA,2023-09-08,9,16,33,16,33,81.25,81.25,87.88,9.06,16.44,4.64,11.31,6.27,2.4,2.88,5.73
DCA,2023-09-08,10,33,19,33,18,87.88,66.67,77.78,10.88,23.61,11.25,18.73,1.78,1.83,1.17,21.33
DCA,2023-09-08,11,23,28,23,28,78.26,78.26,92.86,12.87,14.43,3.2,14.57,2.64,2.07,1.04,9.32
DCA,2023-09-08,12,23,26,23,26,78.26,69.57,76.92,31.17,18.61,6.54,35.87,1.77,1.64,7.69,14.77
DCA,2023-09-08,13,29,23,28,23,78.57,60.71,78.26,27.07,24.07,12.09,37.25,2.17,2.8,7.87,11.35
DCA,2023-09-08,14,21,29,21,30,52.38,52.38,73.33,32.52,27.1,15.38,46.52,3.07,8.02,6.73,21.27
DCA,2023-09-08,15,32,20,31,20,58.06,25.81,70.0,40.42,35.48,23.44,61.9,2.35,10.81,13.9,37.4
DCA,2023-09-08,16,19,34,18,35,50.0,27.78,37.14,43.28,25.61,14.09,55.61,9.89,10.17,23.09,48.86
DCA,2023-09-08,17,32,19,30,18,56.67,33.33,55.56,28.13,27.57,15.43,42.17,6.11,4.0,10.83,40.56
DCA,2023-09-08,18,21,34,18,28,50.0,22.22,39.29,54.61,26.83,15.22,68.83,12.43,4.84,15.04,68.79
DCA,2023-09-08,19,25,24,20,18,45.0,20.0,27.78,85.8,35.0,23.49,108.0,8.56,11.43,21.83,67.56
DCA,2023-09-08,20,26,23,20,20,40.0,25.0,55.0,112.65,26.75,14.82,126.35,3.75,12.61,16.25,30.9
DCA,2023-09-08,21,1,37,1,29,100.0,100.0,34.48,0.0,27.0,14.7,5.0,5.9,31.32,34.1,81.48
DCA,2023-09-08,22,24,16,17,14,0.0,0.0,0.0,80.76,23.59,11.4,92.35,56.21,18.97,72.21,162.21
DCA,2023-09-08,23,0,9,1,8,100.0,100.0,25.0,0.0,19.0,6.7,7.0,9.88,6.44,12.63,51.75
DCA,2023-09-09,0,0,1,0,1,0.0,0.0,100.0,0.0,0.0,0.0,0.0,4.0,1.4,0.0,10.0
DCA,2023-09-09,1,0,0,0,0,0.0,0.0,0.0,0.0,0.0,0.0,0.0,0.0,0.0,0.0,0.0
DCA,2023-09-09,5,3,0,3,0,66.67,0.0,0.0,28.67,28.0,15.83,44.67,0.0,0.0,0.0,0.0
DCA,2023-09-09,6,21,4,22,4,95.45,86.36,100.0,2.73,13.82,2.95,4.86,1.75,3.05,0.0,0.0
DCA,2023-09-09,7,17,22,17,20,88.24,88.24,90.0,10.59,15.65,3.92,11.65,2.85,1.55,0.5,4.1
DCA,2023-09-09,8,37,9,38,9,78.95,71.05,100.0,19.47,21.05,9.22,26.16,1.33,2.46,1.56,0.67
DCA,2023-09-09,9,15,30,15,30,73.33,66.67,76.67,8.47,17.27,5.78,13.27,4.2,3.07,3.2,17.57
DCA,2023-09-09,10,30,15,28,14,89.29,78.57,85.71,8.46,20.93,8.75,13.29,1.71,6.48,1.07,9.79
DCA,2023-09-09,11,23,16,23,15,73.91,69.57,86.67,32.43,13.96,2.66,33.87,4.73,1.74,0.07,6.6
DCA,2023-09-09,12,16,26,15,28,80.0,73.33,78.57,6.67,17.0,5.51,11.13,3.21,2.77,4.68,17.64
DCA,2023-09-09,13,23,19,17,18,41.18,23.53,83.33,186.47,31.29,19.09,205.18,4.06,6.65,7.67,12.72
DCA,2023-09-09,14,16,25,13,25,0.0,0.0,48.0,256.54,39.92,28.49,285.08,18.96,41.6,51.76,89.04
DCA,2023-09-09,15,22,15,15,10,6.67,0.0,20.0,221.53,36.67,24.65,246.07,71.7,58.97,125.6,163.0
DCA,2023-09-09,16,18,24,10,13,0.0,0.0,23.08,281.0,16.7,5.6,286.3,125.62,6.78,129.77,184.08
DCA,2023-09-09,17,18,23,5,14,0.0,0.0,0.0,192.6,21.4,9.72,202.4,24.64,11.67,36.21,221.79
DCA,2023-09-09,18,20,13,10,10,0.0,0.0,10.0,184.5,15.3,4.9,188.5,6.5,15.0,17.0,207.7
DCA,2023-09-09,19,13,22,6,11,16.67,16.67,0.0,144.17,34.5,23.07,144.5,2.82,1.53,7.27,181.18
DCA,2023-09-09,20,14,9,6,8,0.0,0.0,25.0,154.67,16.33,4.63,159.0,4.63,18.44,29.0,55.63
DCA,2023-09-09,21,2,19,1,13,0.0,0.0,46.15,222.0,16.0,3.7,226.0,4.0,1.3,3.08,42.08
DCA,2023-09-09,22,3,12,1,8,0.0,0.0,12.5,70.0,30.0,17.7,88.0,0.88,11.28,10.75,89.38
DCA,2023-09-09,23,0,6,0,2,0.0,0.0,50.0,0.0,0.0,0.0,0.0,2.0,4.4,0.0,65.0
DCA,2023-09-10,0,0,1,0,1,0.0,0.0,0.0,0.0,0.0,0.0,0.0,0.0,1.4,0.0,15.0
DCA,2023-09-10,1,0,0,1,0,0.0,0.0,0.0,29.0,15.0,1.4,30.0,0.0,0.0,0.0,0.0
DCA,2023-09-10,2,0,0,0,0,0.0,0.0,0.0,0.0,0.0,0.0,0.0,0.0,0.0,0.0,0.0
DCA,2023-09-10,5,3,0,2,0,50.0,50.0,0.0,76.5,14.0,2.85,78.5,0.0,0.0,0.0,0.0
DCA,2023-09-10,6,19,1,13,1,61.54,69.23,0.0,27.62,13.54,2.75,29.31,6.0,2.3,0.0,97.0
DCA,2023-09-10,7,16,18,13,9,92.31,84.62,55.56,2.46,14.0,2.78,4.54,2.89,3.88,0.89,91.0
DCA,2023-09-10,8,33,9,26,10,73.08,73.08,70.0,29.42,16.5,4.49,31.77,3.5,3.42,4.0,40.4
DCA,2023-09-10,9,14,30,12,26,58.33,50.0,80.77,30.42,13.17,2.08,31.33,5.62,1.85,2.81,5.5
DCA,2023-09-10,10,33,16,30,15,76.67,63.33,93.33,26.53,19.6,7.61,32.27,3.13,1.48,0.8,7.6
DCA,2023-09-10,11,26,22,25,21,92.0,88.0,76.19,6.96,16.92,5.52,11.0,5.9,3.5,8.38,11.38
DCA,2023-09-10,12,21,28,19,25,68.42,57.89,68.0,30.0,19.05,7.48,36.74,3.6,4.66,7.0,29.08
DCA,2023-09-10,13,27,25,25,19,64.0,60.0,68.42,18.56,16.56,4.61,22.04,4.0,4.82,5.37,29.0
DCA,2023-09-10,14,21,27,15,26,66.67,66.67,57.69,22.2,17.4,5.74,26.73,4.62,6.3,5.58,18.88
DCA,2023-09-10,15,31,20,26,18,53.85,46.15,72.22,29.69,17.54,5.68,34.23,3.11,2.08,2.33,13.17
DCA,2023-09-10,16,18,35,18,29,55.56,33.33,55.17,19.17,25.06,13.31,30.44,6.9,3.39,4.97,29.41
DCA,2023-09-10,17,34,17,29,11,68.97,44.83,72.73,9.86,24.55,12.57,20.59,2.27,1.57,0.73,6.64
DCA,2023-09-10,18,21,34,16,20,37.5,37.5,55.0,37.69,17.13,5.95,42.25,0.0,1.52,0.4,24.65
DCA,2023-09-10,19,24,25,14,16,71.43,57.14,68.75,17.57,16.86,5.35,21.43,0.69,0.64,0.0,69.19
DCA,2023-09-10,20,26,23,17,19,76.47,52.94,63.16,13.47,17.47,5.56,19.06,0.95,0.99,2.32,20.42
DCA,2023-09-10,21,1,37,0,21,0.0,0.0,76.19,0.0,0.0,0.0,0.0,2.43,2.4,2.0,14.71
DCA,2023-09-10,22,24,16,9,14,88.89,77.78,78.57,20.44,18.89,6.67,24.89,0.57,3.61,2.64,8.93
DCA,2023-09-10,23,0,9,0,7,0.0,0.0,42.86,0.0,0.0,0.0,0.0,2.29,0.39,0.0,120.29
DCA,2023-09-11,0,0,1,0,1,0.0,0.0,0.0,0.0,0.0,0.0,0.0,0.0,0.0,0.0,22.0
DCA,2023-09-11,1,0,0,0,0,0.0,0.0,0.0,0.0,0.0,0.0,0.0,0.0,0.0,0.0,0.0
DCA,2023-09-11,5,3,0,3,0,66.67,66.67,0.0,26.67,22.0,10.53,37.33,0.0,0.0,0.0,0.0
DCA,2023-09-11,6,29,8,28,8,85.71,78.57,87.5,7.61,17.86,6.17,11.43,1.0,3.92,0.0,19.25
DCA,2023-09-11,7,22,27,21,26,95.24,80.95,84.62,2.62,25.14,13.22,13.57,5.88,5.71,3.54,25.38
DCA,2023-09-11,8,40,9,40,10,87.5,55.0,100.0,8.43,32.08,19.9,25.25,2.8,3.78,1.5,2.4
DCA,2023-09-11,9,16,33,17,34,82.35,11.76,70.59,8.06,38.24,26.18,30.94,15.09,2.1,7.62,25.91
DCA,2023-09-11,10,33,19,33,19,78.79,30.3,68.42,10.64,34.15,21.9,30.0,6.68,2.61,3.84,19.32
DCA,2023-09-11,11,23,28,23,27,60.87,47.83,85.19,26.04,19.17,7.47,31.48,7.11,1.7,3.19,9.19
DCA,2023-09-11,12,23,26,21,25,80.95,76.19,80.0,6.0,18.48,6.61,10.52,5.0,2.14,1.04,8.48
DCA,2023-09-11,13,29,23,29,24,86.21,62.07,75.0,20.72,23.59,11.42,29.76,2.75,5.31,3.46,12.58
DCA,2023-09-11,14,21,29,19,29,78.95,68.42,72.41,23.63,20.32,8.77,29.89,11.1,3.48,5.66,10.55
DCA,2023-09-11,15,32,20,34,19,70.59,52.94,78.95,32.24,23.76,11.71,42.32,4.58,4.67,2.26,7.32
DCA,2023-09-11,16,19,34,19,33,57.89,47.37,75.76,33.21,17.74,6.39,38.05,4.61,5.11,5.21,10.27
DCA,2023-09-11,17,32,19,32,19,84.38,56.25,63.16,26.91,23.72,11.74,35.84,2.84,8.39,4.95,27.47
DCA,2023-09-11,18,21,34,18,35,66.67,61.11,68.57,31.39,19.72,8.33,37.89,1.94,1.92,3.23,47.26
DCA,2023-09-11,19,25,24,22,23,81.82,77.27,69.57,28.18,16.5,4.84,30.18,7.52,3.57,4.39,50.83
DCA,2023-09-11,20,26,23,26,22,80.77,73.08,68.18,23.77,19.15,6.96,28.08,2.77,0.74,2.36,42.23
DCA,2023-09-11,21,1,37,1,35,100.0,100.0,65.71,0.0,13.0,0.7,0.0,6.2,2.25,1.4,53.51
DCA,2023-09-11,22,24,16,23,15,78.26,69.57,80.0,19.83,17.22,5.34,22.7,1.4,4.73,2.47,31.6
DCA,2023-09-11,23,0,9,0,7,0.0,0.0,85.71,0.0,0.0,0.0,0.0,1.43,1.81,0.0,8.14
DCA,2023-09-12,0,0,1,0,1,0.0,0.0,100.0,0.0,0.0,0.0,0.0,6.0,1.4,0.0,0.0
DCA,2023-09-12,1,0,0,0,0,0.0,0.0,0.0,0.0,0.0,0.0,0.0,0.0,0.0,0.0,0.0
DCA,2023-09-12,2,0,0,0,1,0.0,0.0,100.0,0.0,0.0,0.0,0.0,0.0,4.3,0.0,0.0
DCA,2023-09-12,3,0,0,0,0,0.0,0.0,0.0,0.0,0.0,0.0,0.0,0.0,0.0,0.0,0.0
DCA,2023-09-12,5,3,0,3,0,33.33,33.33,0.0,118.67,21.0,8.87,126.0,0.0,0.0,0.0,0.0
DCA,2023-09-12,6,29,8,28,8,92.86,85.71,75.0,2.93,17.36,5.68,5.82,1.13,6.26,5.5,21.75
DCA,2023-09-12,7,22,26,23,24,91.3,78.26,91.67,5.61,17.91,6.11,9.0,5.46,4.71,2.83,18.13
DCA,2023-09-12,8,39,9,39,12,94.87,51.28,66.67,12.64,34.82,22.88,31.31,6.75,5.27,9.0,18.08
DCA,2023-09-12,9,16,33,17,34,82.35,70.59,76.47,13.53,18.18,6.9,18.35,4.76,12.98,8.59,9.71
DCA,2023-09-12,10,33,19,35,18,82.86,68.57,88.89,9.63,20.11,7.85,15.57,1.67,4.07,1.17,2.89
DCA,2023-09-12,11,23,28,23,28,91.3,86.96,92.86,5.22,15.61,3.91,6.83,2.68,2.23,0.0,2.61
DCA,2023-09-12,12,23,26,23,25,91.3,86.96,84.0,2.83,15.61,4.02,4.96,3.72,1.82,0.92,7.96
DCA,2023-09-12,13,27,23,27,24,96.3,77.78,87.5,3.78,21.81,9.67,10.15,2.21,1.81,0.17,4.29
DCA,2023-09-12,14,21,29,22,29,90.91,72.73,96.55,8.18,20.95,9.43,15.59,7.21,4.27,1.1,1.72
DCA,2023-09-12,15,32,20,31,20,77.42,58.06,85.0,6.61,24.81,12.92,16.19,2.65,8.73,4.0,3.8
DCA,2023-09-12,16,18,34,20,35,90.0,75.0,85.71,4.0,18.3,6.7,8.45,6.31,2.25,2.17,5.94
DCA,2023-09-12,17,33,18,34,18,94.12,55.88,88.89,3.38,28.38,16.34,15.82,4.28,5.56,1.56,3.56
DCA,2023-09-12,18,20,34,20,33,65.0,50.0,75.76,15.65,18.5,7.0,21.1,4.3,4.09,3.3,13.79
DCA,2023-09-12,19,26,23,28,23,75.0,35.71,91.3,12.61,45.54,33.82,44.21,10.13,3.73,5.61,4.7
DCA,2023-09-12,20,25,22,24,22,75.0,8.33,68.18,24.5,72.54,60.36,80.58,10.27,4.06,11.32,16.5
DCA,2023-09-12,21,1,37,3,28,66.67,33.33,42.86,15.33,39.33,27.13,39.33,66.14,5.96,68.86,106.29
DCA,2023-09-12,22,24,15,18,16,61.11,44.44,37.5,57.33,24.28,12.04,67.44,71.81,5.26,69.25,107.0
DCA,2023-09-12,23,0,9,1,9,0.0,0.0,44.44,22.0,14.0,4.3,26.0,11.89,1.93,6.78,47.0
DCA,2023-09-13,0,0,1,0,2,0.0,0.0,50.0,0.0,0.0,0.0,0.0,5.5,0.2,7.0,24.0
DCA,2023-09-13,1,0,0,0,0,0.0,0.0,0.0,0.0,0.0,0.0,0.0,0.0,0.0,0.0,0.0
DCA,2023-09-13,3,0,0,0,0,0.0,0.0,0.0,0.0,0.0,0.0,0.0,0.0,0.0,0.0,0.0
DCA,2023-09-13,5,3,0,2,0,50.0,50.0,0.0,15.0,12.0,0.95,15.0,0.0,0.0,0.0,0.0
DCA,2023-09-13,6,28,8,28,7,92.86,78.57,71.43,17.25,15.64,4.42,19.96,0.0,3.26,3.14,70.14
DCA,2023-09-13,7,21,26,21,24,85.71,80.95,83.33,7.19,17.62,5.87,9.95,2.83,3.39,1.92,28.5
DCA,2023-09-13,8,39,8,41,12,75.61,58.54,91.67,45.02,24.76,12.66,54.9,3.67,1.44,2.58,4.83
DCA,2023-09-13,9,16,33,16,33,93.75,93.75,84.85,7.94,17.0,4.96,9.81,11.3,1.71,5.0,14.09
DCA,2023-09-13,10,32,18,32,21,84.38,75.0,80.95,16.75,19.5,7.39,21.22,3.38,0.89,2.48,23.24
DCA,2023-09-13,11,22,27,22,30,68.18,68.18,73.33,23.09,16.82,5.93,27.09,3.37,2.62,2.07,43.73
DCA,2023-09-13,12,22,27,22,28,63.64,63.64,78.57,37.09,18.32,6.52,41.82,4.04,3.02,4.32,9.96
DCA,2023-09-13,13,29,23,29,23,86.21,68.97,78.26,16.21,22.0,9.79,23.48,3.83,3.4,1.87,31.22
DCA,2023-09-13,14,21,29,22,31,63.64,54.55,70.97,43.82,24.0,12.11,52.77,5.03,3.35,1.9,23.74
DCA,2023-09-13,15,32,19,32,19,56.25,28.13,84.21,30.69,26.25,14.24,43.19,3.0,4.4,1.05,10.95
DCA,2023-09-13,16,18,35,19,36,78.95,73.68,75.0,18.74,19.26,7.6,23.47,5.39,2.87,2.39,22.83
DCA,2023-09-13,17,33,18,33,18,75.76,48.48,61.11,20.06,23.94,12.01,30.33,2.44,7.49,3.0,27.78
DCA,2023-09-13,18,21,33,21,34,42.86,38.1,58.82,37.38,20.38,8.74,45.52,4.09,4.66,3.5,41.12
DCA,2023-09-13,19,25,24,27,24,66.67,48.15,70.83,31.7,22.22,10.3,39.74,3.67,3.38,2.0,34.58
DCA,2023-09-13,20,26,23,26,23,65.38,53.85,86.96,28.23,19.85,7.52,33.81,3.35,2.11,1.0,6.17
DCA,2023-09-13,21,1,37,1,39,100.0,100.0,74.36,0.0,18.0,5.7,0.0,9.62,4.38,4.46,41.77
DCA,2023-09-13,22,24,16,23,16,73.91,65.22,87.5,11.65,20.74,8.47,17.26,7.38,2.99,2.56,6.5
DCA,2023-09-13,23,0,9,0,9,0.0,0.0,88.89,0.0,0.0,0.0,0.0,2.22,3.71,0.56,2.11
DCA,2023-09-14,0,0,1,0,1,0.0,0.0,100.0,0.0,0.0,0.0,0.0,0.0,0.4,0.0,0.0
DCA,2023-09-14,1,0,0,0,0,0.0,0.0,0.0,0.0,0.0,0.0,0.0,0.0,0.0,0.0,0.0
DCA,2023-09-14,5,3,0,3,0,100.0,66.67,0.0,0.0,33.0,20.83,16.33,0.0,0.0,0.0,0.0
DCA,2023-09-14,6,29,8,29,8,96.55,86.21,87.5,1.55,17.14,5.76,4.66,0.13,11.68,0.13,11.5
DCA,2023-09-14,7,22,27,22,28,86.36,86.36,85.71,27.68,19.0,7.03,32.0,5.68,2.77,3.32,25.86
DCA,2023-09-14,8,40,9,42,10,83.33,52.38,70.0,8.48,27.81,15.74,21.6,5.8,6.48,3.0,20.5
DCA,2023-09-14,9,16,33,16,33,75.0,50.0,84.85,26.25,22.5,10.63,34.06,8.67,5.45,3.3,5.7
DCA,2023-09-14,10,33,19,33,19,87.88,54.55,94.74,3.52,27.21,15.0,14.73,3.79,3.61,0.68,4.47
DCA,2023-09-14,11,23,28,23,29,86.96,78.26,93.1,9.39,17.0,5.5,13.39,2.48,2.27,0.79,4.66
DCA,2023-09-14,12,23,26,24,28,91.67,70.83,92.86,12.58,22.21,10.28,20.29,2.89,4.1,1.29,3.54
DCA,2023-09-14,13,29,23,30,25,90.0,56.67,80.0,7.17,27.43,15.18,19.5,4.72,7.98,7.76,12.48
DCA,2023-09-14,14,21,29,23,29,52.17,39.13,79.31,30.13,24.61,12.76,42.0,6.86,5.72,5.07,15.31
DCA,2023-09-14,15,32,20,33,21,87.88,39.39,90.48,9.76,25.55,13.59,21.24,2.57,5.38,1.76,12.95
DCA,2023-09-14,16,19,34,20,35,75.0,55.0,77.14,19.2,20.55,8.9,25.35,3.86,3.03,2.37,14.8
DCA,2023-09-14,17,32,19,32,19,78.13,59.38,78.95,14.5,20.97,8.85,21.97,1.89,3.17,1.47,5.21
DCA,2023-09-14,18,21,34,21,34,66.67,57.14,79.41,14.86,20.19,8.6,21.29,3.0,6.83,3.65,20.5
DCA,2023-09-14,19,25,24,24,24,79.17,70.83,70.83,15.08,17.83,6.22,19.38,3.88,2.16,0.71,53.04
DCA,2023-09-14,20,26,23,26,24,73.08,57.69,70.83,19.69,25.31,12.98,27.88,4.46,3.26,4.42,22.67
DCA,2023-09-14,21,1,37,1,37,100.0,100.0,56.76,0.0,14.0,1.7,0.0,12.11,8.13,12.92,19.27
DCA,2023-09-14,22,24,16,25,15,72.0,48.0,60.0,11.72,23.36,11.09,20.68,4.27,13.11,11.6,16.87
DCA,2023-09-14,23,0,9,1,10,0.0,0.0,80.0,17.0,23.0,10.7,28.0,1.3,7.25,2.8,12.8
DCA,2023-09-15,0,0,1,0,1,0.0,0.0,100.0,0.0,0.0,0.0,0.0,0.0,1.4,0.0,0.0
DCA,2023-09-15,1,0,0,0,0,0.0,0.0,0.0,0.0,0.0,0.0,0.0,0.0,0.0,0.0,0.0
DCA,2023-09-15,5,3,0,3,0,100.0,66.67,0.0,0.0,31.67,19.5,16.33,0.0,0.0,0.0,0.0
DCA,2023-09-15,6,29,8,29,8,100.0,89.66,87.5,0.93,17.1,5.54,4.41,0.88,5.39,2.0,3.75
DCA,2023-09-15,7,22,27,22,27,90.91,81.82,92.59,10.64,18.73,6.87,14.09,5.85,4.4,2.81,3.37
DCA,2023-09-15,8,40,9,41,9,95.12,58.54,77.78,3.76,25.41,13.18,13.85,5.56,2.6,3.67,8.33
DCA,2023-09-15,9,16,33,17,33,82.35,64.71,78.79,12.35,19.41,7.44,17.12,10.61,1.57,3.3,11.24
DCA,2023-09-15,10,33,19,33,19,84.85,66.67,94.74,29.0,20.64,8.46,34.82,4.58,4.75,1.11,11.42
DCA,2023-09-15,11,23,28,23,28,95.65,95.65,85.71,8.52,15.74,4.32,11.17,3.75,2.21,0.36,3.21
DCA,2023-09-15,12,23,26,23,26,100.0,95.65,96.15,0.61,19.91,7.85,5.61,4.19,2.74,0.58,1.96
DCA,2023-09-15,13,29,23,29,23,82.76,68.97,95.65,18.59,23.59,11.63,27.31,1.7,3.55,0.96,1.87
DCA,2023-09-15,14,21,29,22,29,95.45,68.18,89.66,3.36,21.73,9.94,11.18,4.38,4.8,3.9,5.69
DCA,2023-09-15,15,32,20,31,20,77.42,61.29,90.0,14.55,25.77,13.77,25.45,1.45,3.35,2.0,4.95
DCA,2023-09-15,16,19,34,19,34,78.95,68.42,91.18,8.37,20.63,9.06,15.63,4.21,3.47,4.03,5.59
DCA,2023-09-15,17,32,19,32,18,78.13,59.38,83.33,7.81,24.22,12.06,16.75,5.56,1.99,1.06,14.94
DCA,2023-09-15,18,21,34,21,34,90.48,57.14,88.24,12.14,26.76,15.18,23.95,5.44,3.21,1.91,5.91
DCA,2023-09-15,19,25,23,26,23,88.46,80.77,78.26,7.77,18.08,6.19,11.77,12.91,1.88,5.78,15.13
DCA,2023-09-15,20,25,23,25,23,84.0,76.0,78.26,7.12,22.16,9.96,12.56,2.43,4.3,2.96,17.43
DCA,2023-09-15,21,1,37,1,37,100.0,100.0,78.38,0.0,23.0,10.7,1.0,10.95,2.28,5.27,8.22
DCA,2023-09-15,22,24,16,24,16,87.5,79.17,68.75,7.63,17.42,5.15,10.0,0.69,2.84,1.31,29.5
DCA,2023-09-15,23,0,9,0,10,0.0,0.0,70.0,0.0,0.0,0.0,0.0,1.9,1.4,1.6,11.8
DCA,2023-09-16,0,0,1,0,1,0.0,0.0,100.0,0.0,0.0,0.0,0.0,0.0,0.0,0.0,0.0
DCA,2023-09-16,1,0,0,0,0,0.0,0.0,0.0,0.0,0.0,0.0,0.0,0.0,0.0,0.0,0.0
DCA,2023-09-16,2,0,0,0,1,0.0,0.0,100.0,0.0,0.0,0.0,0.0,0.0,0.0,0.0,0.0
DCA,2023-09-16,5,3,0,3,0,66.67,66.67,0.0,9.33,16.33,4.17,13.0,0.0,0.0,0.0,0.0
DCA,2023-09-16,6,22,4,22,4,95.45,90.91,100.0,0.91,16.14,4.82,2.95,0.75,2.23,0.0,0.0
DCA,2023-09-16,7,18,22,17,22,100.0,88.24,86.36,0.71,16.53,5.02,4.0,3.09,3.32,1.55,7.73
DCA,2023-09-16,8,37,11,40,12,92.5,65.0,100.0,4.88,24.05,11.87,13.05,3.0,3.96,1.92,2.17
DCA,2023-09-16,9,15,30,14,31,100.0,100.0,83.87,0.29,15.64,3.91,1.29,10.0,2.88,3.48,8.19
DCA,2023-09-16,10,30,16,28,15,100.0,85.71,80.0,0.32,20.61,8.45,4.64,1.87,2.05,1.73,35.4
DCA,2023-09-16,11,24,16,23,16,86.96,82.61,93.75,7.09,16.61,5.23,10.87,1.38,0.98,0.31,1.25
DCA,2023-09-16,12,16,26,16,25,87.5,75.0,92.0,6.44,18.5,6.91,10.38,1.2,1.95,0.0,3.44
DCA,2023-09-16,13,24,20,23,20,78.26,60.87,95.0,9.3,21.09,9.13,15.78,0.6,1.51,0.0,3.3
DCA,2023-09-16,14,17,27,17,25,82.35,64.71,84.0,14.94,19.41,8.03,20.35,2.24,7.85,3.72,6.52
DCA,2023-09-16,15,23,15,22,14,86.36,50.0,100.0,8.41,25.0,12.9,18.05,1.79,8.28,2.0,2.14
DCA,2023-09-16,16,17,26,16,26,87.5,87.5,92.31,5.63,15.69,4.67,8.44,1.62,3.67,2.54,2.88
DCA,2023-09-16,17,20,23,20,22,95.0,85.0,81.82,3.3,17.85,5.9,5.85,2.41,3.63,2.68,4.82
DCA,2023-09-16,18,20,11,20,11,95.0,90.0,90.91,2.1,18.0,6.58,5.65,2.09,0.65,1.36,2.73
DCA,2023-09-16,19,13,23,14,23,92.86,92.86,86.96,4.07,13.29,1.91,4.0,1.83,2.83,1.13,10.39
DCA,2023-09-16,20,15,10,16,10,75.0,75.0,70.0,9.06,15.19,3.3,10.19,0.8,1.34,0.5,16.3
DCA,2023-09-16,21,2,19,2,19,100.0,100.0,84.21,0.0,26.5,14.2,5.0,0.47,1.21,0.0,6.47
DCA,2023-09-16,22,3,12,3,12,100.0,66.67,75.0,0.0,33.0,20.7,16.67,0.33,3.98,3.08,10.17
DCA,2023-09-16,23,0,6,0,6,0.0,0.0,83.33,0.0,0.0,0.0,0.0,0.33,0.35,0.0,6.5
DCA,2023-09-17,0,0,1,0,1,0.0,0.0,100.0,0.0,0.0,0.0,0.0,0.0,0.4,0.0,0.0
DCA,2023-09-17,5,3,0,3,0,100.0,100.0,0.0,0.0,16.0,3.83,1.67,0.0,0.0,0.0,0.0
DCA,2023-09-17,6,20,1,20,1,95.0,95.0,100.0,3.95,12.75,2.07,4.45,1.0,4.3,0.0,0.0
DCA,2023-09-17,7,16,18,17,17,88.24,82.35,100.0,5.71,20.59,8.65,12.59,1.94,2.62,1.59,0.76
DCA,2023-09-17,8,33,12,34,12,88.24,79.41,83.33,18.21,21.74,9.66,23.38,4.0,5.94,2.0,13.0
DCA,2023-09-17,9,15,28,15,28,93.33,86.67,92.86,4.67,15.73,4.29,7.2,9.54,2.69,3.61,13.5
DCA,2023-09-17,10,33,17,34,17,88.24,73.53,88.24,15.12,22.26,10.02,21.47,2.24,3.89,1.0,20.76
DCA,2023-09-17,11,25,25,26,25,96.15,92.31,96.0,6.54,14.81,3.58,9.15,4.08,3.14,2.04,9.88
DCA,2023-09-17,12,24,27,24,28,87.5,83.33,92.86,11.29,19.33,7.39,14.58,4.64,2.52,1.64,4.04
DCA,2023-09-17,13,28,26,28,26,96.43,64.29,88.46,4.11,22.18,10.05,11.75,6.23,2.59,1.42,10.77
DCA,2023-09-17,14,21,29,21,29,85.71,71.43,82.76,12.67,19.71,8.3,18.14,10.38,5.01,7.66,9.38
DCA,2023-09-17,15,33,20,33,21,75.76,69.7,71.43,9.03,18.82,6.84,13.85,7.48,2.39,3.62,27.9
DCA,2023-09-17,16,18,35,18,35,72.22,66.67,85.71,22.61,17.89,6.26,27.44,11.23,1.79,4.23,9.69
DCA,2023-09-17,17,35,17,35,17,88.57,65.71,76.47,10.03,22.4,10.36,17.74,18.47,5.39,15.12,20.0
DCA,2023-09-17,18,21,34,21,35,85.71,76.19,91.43,14.67,16.95,5.46,18.95,4.71,3.64,1.94,5.43
DCA,2023-09-17,19,23,26,23,27,82.61,65.22,62.96,8.39,21.13,9.24,15.09,8.26,3.27,6.0,21.89
DCA,2023-09-17,20,27,23,26,23,76.92,57.69,69.57,41.15,24.08,11.81,49.96,4.0,6.35,4.13,15.83
DCA,2023-09-17,21,3,37,3,37,100.0,100.0,72.97,0.0,17.0,5.13,0.0,7.62,4.58,3.19,21.78
DCA,2023-09-17,22,25,18,25,18,96.0,76.0,61.11,4.88,19.96,7.76,9.92,2.17,4.3,1.56,17.61
DCA,2023-09-17,23,0,9,0,9,0.0,0.0,77.78,0.0,0.0,0.0,0.0,3.33,1.14,0.0,9.0
DCA,2023-09-18,0,0,1,0,1,0.0,0.0,0.0,0.0,0.0,0.0,0.0,0.0,1.4,0.0,18.0
DCA,2023-09-18,1,0,0,0,0,0.0,0.0,0.0,0.0,0.0,0.0,0.0,0.0,0.0,0.0,0.0
DCA,2023-09-18,3,0,0,0,0,0.0,0.0,0.0,0.0,0.0,0.0,0.0,0.0,0.0,0.0,0.0
DCA,2023-09-18,5,3,0,3,0,100.0,100.0,0.0,0.0,18.0,6.2,3.33,0.0,0.0,0.0,0.0
DCA,2023-09-18,6,31,8,31,7,93.55,90.32,100.0,4.16,17.61,6.11,7.77,1.14,2.73,0.0,0.0
DCA,2023-09-18,7,22,28,23,28,95.65,95.65,89.29,2.96,15.43,3.75,4.0,4.57,4.85,3.43,11.18
DCA,2023-09-18,8,40,11,41,13,85.37,46.34,92.31,13.51,29.32,17.23,26.71,5.0,4.48,5.08,6.23
DCA,2023-09-18,9,16,33,16,33,100.0,62.5,87.88,1.19,23.75,12.02,9.06,13.39,2.69,4.85,14.18
DCA,2023-09-18,10,33,19,34,18,85.29,58.82,88.89,8.0,23.35,10.99,16.41,3.17,2.91,1.83,5.17
DCA,2023-09-18,11,23,29,22,29,86.36,86.36,82.76,7.41,15.05,3.77,8.91,3.34,1.54,1.52,11.38
DCA,2023-09-18,12,25,25,25,26,72.0,64.0,76.92,11.8,19.24,7.17,17.04,5.15,1.25,1.54,6.58
DCA,2023-09-18,13,29,25,30,25,90.0,60.0,80.0,4.57,22.7,10.6,13.7,6.24,3.13,4.2,15.88
DCA,2023-09-18,14,22,30,22,30,81.82,59.09,83.33,4.68,23.09,11.3,13.86,6.7,3.89,2.77,8.73
DCA,2023-09-18,15,33,20,34,20,88.24,67.65,70.0,7.68,24.94,12.9,17.29,4.3,1.24,1.9,25.65
DCA,2023-09-18,16,19,34,19,34,84.21,73.68,88.24,8.89,17.95,6.73,14.37,7.68,1.84,1.91,12.82
DCA,2023-09-18,17,33,19,33,19,87.88,69.7,84.21,9.03,23.97,11.78,18.06,5.58,2.41,2.16,16.05
DCA,2023-09-18,18,21,34,21,34,71.43,66.67,79.41,21.81,22.76,11.16,30.9,4.62,2.77,2.56,10.53
DCA,2023-09-18,19,24,25,24,27,75.0,66.67,81.48,9.46,19.63,7.78,15.58,13.0,1.05,5.59,6.59
DCA,2023-09-18,20,27,23,27,24,77.78,48.15,75.0,6.48,29.37,17.04,19.7,2.58,3.44,5.88,20.42
DCA,2023-09-18,21,3,37,3,37,100.0,100.0,75.68,0.0,20.0,7.7,0.67,10.59,2.19,5.11,11.51
DCA,2023-09-18,22,25,18,25,18,92.0,76.0,72.22,3.48,20.64,8.39,8.88,2.22,4.38,2.06,11.72
DCA,2023-09-18,23,0,9,0,9,0.0,0.0,77.78,0.0,0.0,0.0,0.0,2.67,0.62,0.67,92.0
DCA,2023-09-19,0,0,1,0,1,0.0,0.0,100.0,0.0,0.0,0.0,0.0,0.0,0.4,0.0,0.0
DCA,2023-09-19,1,0,0,0,0,0.0,0.0,0.0,0.0,0.0,0.0,0.0,0.0,0.0,0.0,0.0
DCA,2023-09-19,5,3,0,3,0,100.0,100.0,0.0,0.0,13.67,1.53,0.0,0.0,0.0,0.0,0.0
DCA,2023-09-19,6,31,8,31,8,100.0,96.77,87.5,1.1,18.06,6.47,4.23,0.25,4.14,0.0,12.88
DCA,2023-09-19,7,22,27,23,28,91.3,86.96,85.71,5.35,18.3,6.45,7.35,4.46,2.27,1.75,32.5
DCA,2023-09-19,8,39,11,42,12,85.71,42.86,91.67,20.17,31.9,19.98,36.55,5.0,1.54,4.42,40.17
DCA,2023-09-19,9,16,33,16,33,75.0,62.5,93.94,24.38,20.75,8.89,29.63,10.61,2.87,4.18,2.88
DCA,2023-09-19,10,33,19,33,18,93.94,90.91,77.78,1.73,19.36,7.11,5.42,2.67,1.56,3.0,7.11
DCA,2023-09-19,11,23,29,22,30,95.45,95.45,80.0,1.82,13.23,2.13,2.32,3.73,2.5,1.93,16.83
DCA,2023-09-19,12,25,25,26,26,80.77,73.08,80.77,12.0,17.5,5.55,15.65,2.58,1.35,1.58,7.65
DCA,2023-09-19,13,27,25,27,26,77.78,77.78,88.46,7.52,19.52,7.49,11.93,4.0,3.32,2.85,14.19
DCA,2023-09-19,14,22,30,22,31,81.82,77.27,90.32,8.95,18.77,6.99,13.91,7.48,2.75,2.74,2.94
DCA,2023-09-19,15,33,20,33,19,93.94,75.76,78.95,2.7,24.48,12.43,11.64,2.47,6.68,3.05,10.11
DCA,2023-09-19,16,18,34,18,35,77.78,77.78,71.43,9.11,19.0,7.48,13.5,14.06,1.74,10.14,10.14
DCA,2023-09-19,17,34,18,35,18,80.0,57.14,66.67,8.71,22.49,10.47,16.4,12.44,1.96,4.28,9.61
DCA,2023-09-19,18,20,34,21,35,85.71,71.43,77.14,4.76,17.57,5.88,8.1,3.2,4.29,1.63,9.43
DCA,2023-09-19,19,25,24,26,26,84.62,76.92,88.46,6.92,16.31,4.89,10.35,6.23,2.65,2.27,3.65
DCA,2023-09-19,20,26,22,27,22,88.89,77.78,72.73,8.85,19.74,7.47,12.26,2.55,0.99,4.18,26.0
DCA,2023-09-19,21,3,37,3,37,100.0,100.0,83.78,0.0,11.33,0.23,0.0,8.89,1.92,3.24,7.38
DCA,2023-09-19,22,25,17,26,16,92.31,84.62,93.75,6.88,21.46,9.22,10.23,2.06,5.51,2.69,6.81
DCA,2023-09-19,23,0,9,0,9,0.0,0.0,77.78,0.0,0.0,0.0,0.0,1.56,0.82,8.33,23.89
DCA,2023-09-20,0,0,1,0,1,0.0,0.0,0.0,0.0,0.0,0.0,0.0,0.0,9.4,1.0,218.0
DCA,2023-09-20,2,0,0,0,0,0.0,0.0,0.0,0.0,0.0,0.0,0.0,0.0,0.0,0.0,0.0
DCA,2023-09-20,4,0,0,0,0,0.0,0.0,0.0,0.0,0.0,0.0,0.0,0.0,0.0,0.0,0.0
DCA,2023-09-20,5,3,0,3,0,100.0,66.67,0.0,2.67,25.33,13.2,11.33,0.0,0.0,0.0,0.0
DCA,2023-09-20,6,30,8,30,8,90.0,80.0,100.0,15.03,18.2,6.72,19.57,0.38,1.89,0.0,0.0
DCA,2023-09-20,7,21,27,21,27,100.0,100.0,96.3,0.05,17.48,5.82,1.05,6.26,1.94,1.07,12.81
DCA,2023-09-20,8,39,10,41,11,90.24,68.29,90.91,6.24,25.76,13.74,15.34,1.09,1.39,0.27,5.91
DCA,2023-09-20,9,16,33,16,33,87.5,81.25,84.85,4.75,15.69,4.13,6.56,3.7,1.61,0.39,12.42
DCA,2023-09-20,10,32,18,32,19,87.5,75.0,94.74,5.03,21.31,9.0,9.84,1.68,3.93,0.21,2.37
DCA,2023-09-20,11,22,28,22,29,90.91,81.82,93.1,9.45,17.41,5.97,13.14,2.31,2.47,0.66,2.9
DCA,2023-09-20,12,24,25,24,26,95.83,79.17,84.62,6.71,16.58,4.93,9.79,1.92,3.03,1.15,6.58
DCA,2023-09-20,13,29,25,29,25,86.21,79.31,100.0,7.07,18.97,7.0,11.41,3.56,1.93,1.2,0.84
DCA,2023-09-20,14,22,30,23,30,95.65,78.26,96.67,3.17,19.57,8.04,9.3,6.47,2.73,1.7,2.5
DCA,2023-09-20,15,33,20,33,21,81.82,60.61,85.71,7.33,24.36,12.46,16.27,1.81,4.85,1.14,8.14
DCA,2023-09-20,16,18,35,20,36,75.0,70.0,88.89,19.75,19.45,7.79,25.4,4.83,1.04,3.06,4.08
DCA,2023-09-20,17,34,18,34,18,85.29,55.88,88.89,9.97,26.15,14.04,21.41,3.72,2.43,2.5,7.61
DCA,2023-09-20,18,21,33,21,33,90.48,66.67,81.82,7.0,23.76,12.32,15.86,3.03,2.47,3.27,9.24
DCA,2023-09-20,19,24,25,24,27,83.33,79.17,88.89,6.33,17.04,5.39,10.21,8.63,3.5,5.59,5.52
DCA,2023-09-20,20,27,23,28,23,92.86,60.71,82.61,3.68,25.5,13.25,11.79,4.22,3.37,3.04,8.43
DCA,2023-09-20,21,3,37,3,36,100.0,100.0,80.56,0.0,14.33,2.13,0.0,6.25,2.13,2.31,6.28
DCA,2023-09-20,22,25,18,25,17,96.0,84.0,76.47,0.76,20.96,8.96,5.76,0.35,5.37,3.82,6.94
DCA,2023-09-20,23,0,9,0,9,0.0,0.0,55.56,0.0,0.0,0.0,0.0,1.0,0.94,3.78,20.22
DCA,2023-09-21,0,0,1,0,1,0.0,0.0,0.0,0.0,0.0,0.0,0.0,0.0,1.4,0.0,92.0
DCA,2023-09-21,2,0,0,0,0,0.0,0.0,0.0,0.0,0.0,0.0,0.0,0.0,0.0,0.0,0.0
DCA,2023-09-21,5,3,0,3,0,100.0,100.0,0.0,0.0,19.0,6.83,4.33,0.0,0.0,0.0,0.0
DCA,2023-09-21,6,31,8,31,9,100.0,87.1,100.0,0.68,17.35,5.83,4.65,0.22,6.76,1.67,0.67
DCA,2023-09-21,7,22,28,21,28,95.24,80.95,92.86,2.14,21.57,9.56,8.67,4.93,7.52,5.11,3.36
DCA,2023-09-21,8,40,11,42,12,90.48,42.86,83.33,3.88,33.26,21.08,22.02,2.83,10.03,8.67,7.0
DCA,2023-09-21,9,16,33,16,34,93.75,81.25,85.29,10.31,23.44,11.62,17.81,4.94,10.42,6.44,10.12
DCA,2023-09-21,10,33,19,33,19,84.85,66.67,100.0,10.24,22.42,10.25,17.94,3.26,4.23,1.42,0.95
DCA,2023-09-21,11,23,29,24,31,87.5,87.5,87.1,17.42,16.04,4.65,20.21,2.87,2.64,1.39,6.97
DCA,2023-09-21,12,25,25,26,25,88.46,61.54,88.0,5.62,21.38,9.2,11.5,2.4,1.47,1.84,3.88
DCA,2023-09-21,13,29,25,28,24,85.71,57.14,87.5,9.14,22.96,10.6,16.93,4.13,6.54,4.33,9.08
DCA,2023-09-21,14,22,30,23,30,73.91,56.52,90.0,10.96,22.87,11.02,20.17,4.07,7.93,3.73,3.6
DCA,2023-09-21,15,33,20,34,22,76.47,58.82,77.27,12.65,22.41,10.36,20.44,2.18,3.4,1.73,23.86
DCA,2023-09-21,16,19,34,22,36,72.73,63.64,86.11,14.68,17.64,5.96,17.77,5.17,3.08,2.06,15.06
DCA,2023-09-21,17,33,19,33,20,69.7,54.55,95.0,32.73,22.88,10.81,41.03,2.2,2.11,1.45,2.85
DCA,2023-09-21,18,21,34,22,34,72.73,59.09,79.41,16.73,20.82,9.01,24.18,5.35,3.56,2.74,10.94
DCA,2023-09-21,19,24,25,24,26,62.5,58.33,73.08,17.38,17.38,5.71,20.79,9.12,3.34,3.38,13.15
DCA,2023-09-21,20,27,23,27,23,70.37,55.56,69.57,12.15,19.96,7.64,16.26,4.26,6.0,5.48,25.7
DCA,2023-09-21,21,3,37,4,38,100.0,75.0,71.05,0.0,21.0,8.7,5.25,5.21,3.28,1.58,21.45
DCA,2023-09-21,22,25,18,25,18,84.0,68.0,77.78,12.64,21.04,9.04,18.36,2.83,2.3,0.33,25.5
DCA,2023-09-21,23,0,9,0,9,0.0,0.0,66.67,0.0,0.0,0.0,0.0,1.78,2.26,5.22,17.44
DCA,2023-09-22,0,0,1,0,1,0.0,0.0,100.0,0.0,0.0,0.0,0.0,2.0,1.4,0.0,0.0
DCA,2023-09-22,1,0,0,0,0,0.0,0.0,0.0,0.0,0.0,0.0,0.0,0.0,0.0,0.0,0.0
DCA,2023-09-22,3,0,0,0,0,0.0,0.0,0.0,0.0,0.0,0.0,0.0,0.0,0.0,0.0,0.0
DCA,2023-09-22,5,3,0,3,0,100.0,100.0,0.0,0.0,18.0,5.83,1.33,0.0,0.0,0.0,0.0
DCA,2023-09-22,6,31,8,31,8,93.55,87.1,100.0,1.58,16.84,5.35,4.55,0.38,5.8,0.0,0.0
DCA,2023-09-22,7,22,28,22,28,95.45,90.91,89.29,2.0,18.23,6.36,4.82,4.5,7.05,3.32,12.21
DCA,2023-09-22,8,40,11,41,11,90.24,58.54,90.91,6.0,27.61,15.45,19.17,5.09,5.15,3.0,4.18
DCA,2023-09-22,9,16,33,16,33,93.75,87.5,84.85,1.5,20.06,8.22,7.56,7.82,2.22,3.48,17.64
DCA,2023-09-22,10,33,19,34,19,85.29,70.59,89.47,8.06,21.68,9.32,14.5,3.74,1.97,1.0,17.79
DCA,2023-09-22,11,23,29,23,30,91.3,91.3,96.67,2.43,18.96,7.36,6.7,3.2,1.41,0.83,1.37
DCA,2023-09-22,12,25,25,25,26,76.0,68.0,84.62,15.8,17.2,5.35,18.76,3.5,1.17,3.35,10.62
DCA,2023-09-22,13,29,25,29,25,86.21,68.97,92.0,11.45,20.9,8.75,17.48,2.92,2.97,2.08,4.64
DCA,2023-09-22,14,22,30,22,30,81.82,77.27,90.0,10.36,17.55,5.76,14.18,4.83,4.11,3.9,7.2
DCA,2023-09-22,15,33,20,33,21,72.73,51.52,76.19,31.7,22.73,10.69,40.27,4.19,3.68,3.9,13.76
DCA,2023-09-22,16,19,34,19,34,73.68,63.16,73.53,21.37,19.89,8.37,27.63,3.35,2.62,4.79,19.35
DCA,2023-09-22,17,33,19,33,20,78.79,42.42,80.0,11.3,25.42,13.32,23.09,3.15,4.03,3.8,6.55
DCA,2023-09-22,18,21,34,23,36,65.22,43.48,66.67,12.52,23.22,11.77,22.87,5.28,1.61,3.5,26.06
DCA,2023-09-22,19,24,25,26,26,61.54,57.69,69.23,23.04,22.96,11.14,32.81,10.38,1.53,6.27,44.0
DCA,2023-09-22,20,27,23,27,23,74.07,55.56,65.22,11.63,24.33,12.11,19.59,3.83,3.55,5.48,14.26
DCA,2023-09-22,21,3,37,3,37,100.0,100.0,62.16,0.0,16.67,4.37,0.0,11.51,4.01,9.78,17.97
DCA,2023-09-22,22,25,18,26,18,76.92,53.85,72.22,19.85,20.42,8.17,25.31,5.83,2.47,3.56,8.11
DCA,2023-09-22,23,0,9,0,9,0.0,0.0,66.67,0.0,0.0,0.0,0.0,3.11,0.87,1.0,10.67
DCA,2023-09-23,0,0,1,0,1,0.0,0.0,100.0,0.0,0.0,0.0,0.0,0.0,0.0,0.0,0.0
DCA,2023-09-23,1,0,0,0,0,0.0,0.0,0.0,0.0,0.0,0.0,0.0,0.0,0.0,0.0,0.0
DCA,2023-09-23,5,3,0,3,0,66.67,66.67,0.0,10.67,15.0,2.83,12.67,0.0,0.0,0.0,0.0
DCA,2023-09-23,6,22,4,22,4,72.73,72.73,100.0,7.55,17.59,6.16,12.0,3.25,4.8,1.0,0.25
DCA,2023-09-23,7,18,22,18,22,94.44,88.89,63.64,6.61,17.5,5.71,10.11,6.09,5.05,8.09,25.45
DCA,2023-09-23,8,37,11,38,11,84.21,42.11,90.91,6.61,30.82,18.66,22.63,4.36,2.13,1.82,3.09
DCA,2023-09-23,9,15,30,15,30,86.67,60.0,63.33,3.73,24.67,12.53,13.8,10.5,3.75,8.87,16.57
DCA,2023-09-23,10,30,16,30,14,86.67,56.67,85.71,13.03,22.97,10.94,21.6,4.71,0.67,3.14,34.21
DCA,2023-09-23,11,24,16,23,16,91.3,86.96,81.25,22.52,16.61,5.09,24.96,4.19,1.89,4.25,4.88
DCA,2023-09-23,12,16,26,15,27,93.33,60.0,74.07,4.6,20.4,8.79,11.2,6.37,2.51,7.37,10.3
DCA,2023-09-23,13,24,19,25,19,84.0,52.0,68.42,10.0,25.08,12.81,20.56,7.11,5.16,8.05,10.84
DCA,2023-09-23,14,17,27,17,27,100.0,64.71,74.07,3.29,19.71,8.14,9.06,9.33,3.63,6.93,10.44
DCA,2023-09-23,15,23,16,23,17,69.57,43.48,64.71,15.39,23.17,11.18,24.35,8.71,1.14,9.71,11.24
DCA,2023-09-23,16,17,26,18,26,72.22,66.67,88.46,9.17,15.06,3.81,11.56,6.12,1.5,5.31,5.12
DCA,2023-09-23,17,20,22,20,22,75.0,75.0,77.27,12.8,17.65,5.43,15.9,4.59,5.06,6.73,15.5
DCA,2023-09-23,18,20,11,20,11,70.0,70.0,90.91,16.0,17.85,6.12,20.55,5.0,1.95,2.36,3.64
DCA,2023-09-23,19,12,23,12,23,91.67,91.67,73.91,9.92,21.25,9.38,15.83,6.78,1.77,3.83,22.13
DCA,2023-09-23,20,15,10,16,10,56.25,56.25,60.0,27.88,15.88,4.02,29.81,0.7,0.52,2.0,31.6
DCA,2023-09-23,21,2,19,3,19,100.0,100.0,84.21,0.0,15.67,3.8,2.67,1.68,1.18,1.32,11.0
DCA,2023-09-23,22,3,12,3,12,100.0,100.0,83.33,0.0,14.0,1.8,0.0,2.33,2.59,3.58,10.92
DCA,2023-09-23,23,0,6,0,7,0.0,0.0,71.43,0.0,0.0,0.0,0.0,1.86,1.34,0.0,20.29
DCA,2023-09-24,0,0,1,0,2,0.0,0.0,100.0,0.0,0.0,0.0,0.0,1.0,3.15,0.0,0.0
DCA,2023-09-24,5,3,0,3,0,100.0,100.0,0.0,0.67,16.0,4.27,4.33,0.0,0.0,0.0,0.0
DCA,2023-09-24,6,20,1,20,1,85.0,70.0,100.0,33.45,16.85,5.78,37.15,0.0,7.3,0.0,0.0
DCA,2023-09-24,7,16,18,16,18,100.0,100.0,94.44,0.88,15.75,4.39,2.88,1.94,2.79,1.28,1.67
DCA,2023-09-24,8,33,12,34,12,97.06,67.65,83.33,1.44,26.24,14.18,11.15,2.58,1.89,0.33,8.08
DCA,2023-09-24,9,15,28,15,28,86.67,80.0,85.71,5.6,16.2,4.83,8.53,1.75,0.97,0.21,31.71
DCA,2023-09-24,10,33,17,33,17,87.88,75.76,94.12,17.94,20.88,8.66,22.52,1.76,3.24,1.47,3.59
DCA,2023-09-24,11,25,25,25,25,96.0,88.0,88.0,1.92,15.44,4.21,3.8,2.88,0.69,1.28,4.8
DCA,2023-09-24,12,24,27,24,28,79.17,66.67,96.43,17.58,21.17,9.15,24.04,3.79,1.9,0.57,1.61
DCA,2023-09-24,13,28,26,28,27,85.71,53.57,81.48,7.86,25.61,13.37,17.96,4.26,3.62,2.0,10.56
DCA,2023-09-24,14,21,29,21,29,76.19,57.14,75.86,21.38,25.67,13.86,32.38,4.03,5.63,4.21,38.03
DCA,2023-09-24,15,33,20,34,20,64.71,20.59,85.0,30.41,30.12,18.18,46.29,3.15,5.42,3.7,5.3
DCA,2023-09-24,16,18,35,18,35,72.22,66.67,77.14,20.06,17.06,5.35,24.06,4.06,4.27,2.69,9.06
DCA,2023-09-24,17,35,17,35,17,68.57,65.71,76.47,15.71,22.6,10.57,23.71,3.71,8.18,7.47,16.82
DCA,2023-09-24,18,21,34,21,34,52.38,52.38,70.59,40.86,17.67,5.84,45.48,3.12,2.25,1.62,16.74
DCA,2023-09-24,19,23,26,23,27,73.91,69.57,74.07,18.22,17.7,5.98,23.13,6.93,3.91,5.0,29.74
DCA,2023-09-24,20,27,23,28,23,67.86,39.29,69.57,19.39,23.68,11.55,27.82,2.35,5.95,3.13,15.3
DCA,2023-09-24,21,3,37,3,36,66.67,66.67,75.0,41.67,13.67,2.47,40.67,7.58,3.12,3.28,15.56
DCA,2023-09-24,22,25,18,25,18,72.0,64.0,66.67,44.68,18.84,6.68,48.52,2.67,3.71,5.0,22.33
DCA,2023-09-24,23,0,9,0,9,0.0,0.0,77.78,0.0,0.0,0.0,0.0,2.33,1.11,0.44,15.22
DCA,2023-09-25,0,0,1,0,2,0.0,0.0,50.0,0.0,0.0,0.0,0.0,1.0,0.65,23.0,21.0
DCA,2023-09-25,1,0,0,0,0,0.0,0.0,0.0,0.0,0.0,0.0,0.0,0.0,0.0,0.0,0.0
DCA,2023-09-25,2,0,0,0,0,0.0,0.0,0.0,0.0,0.0,0.0,0.0,0.0,0.0,0.0,0.0
DCA,2023-09-25,5,3,0,3,0,100.0,100.0,0.0,0.0,14.67,2.53,0.0,0.0,0.0,0.0,0.0
DCA,2023-09-25,6,31,8,31,8,93.55,83.87,100.0,4.61,17.16,5.37,7.74,1.0,2.92,0.0,0.0
DCA,2023-09-25,7,22,28,22,28,90.91,86.36,89.29,3.64,20.27,8.33,8.23,7.0,3.42,1.64,10.96
DCA,2023-09-25,8,40,11,41,11,87.8,51.22,90.91,9.37,27.85,15.78,21.73,4.36,1.92,3.45,2.36
DCA,2023-09-25,9,16,33,16,35,93.75,75.0,88.57,2.25,24.88,12.91,10.81,10.63,1.66,3.86,15.94
DCA,2023-09-25,10,33,19,33,19,90.91,54.55,84.21,9.33,26.67,14.42,20.3,12.95,2.9,10.89,12.68
DCA,2023-09-25,11,23,29,23,30,86.96,82.61,66.67,13.61,17.96,6.27,17.43,3.43,1.12,2.93,18.3
DCA,2023-09-25,12,25,25,25,27,60.0,52.0,77.78,18.44,23.68,12.01,29.04,8.74,0.67,7.15,13.74
DCA,2023-09-25,13,29,25,29,25,72.41,48.28,88.0,22.9,27.72,15.5,35.66,7.0,1.1,2.12,10.04
DCA,2023-09-25,14,22,30,22,30,68.18,54.55,76.67,33.55,22.14,10.3,41.36,7.47,0.96,3.43,36.07
DCA,2023-09-25,15,33,20,33,21,75.76,57.58,80.95,15.82,25.42,13.37,26.39,5.05,4.88,3.0,10.38
DCA,2023-09-25,16,19,34,20,34,90.0,80.0,76.47,15.4,16.95,5.27,19.45,4.56,1.03,1.76,21.24
DCA,2023-09-25,17,33,19,34,19,70.59,67.65,84.21,25.62,19.85,7.68,31.65,4.53,2.07,0.32,7.53
DCA,2023-09-25,18,21,34,22,34,77.27,68.18,64.71,15.68,20.82,9.2,23.59,6.32,2.32,3.71,15.79
DCA,2023-09-25,19,24,25,24,25,58.33,54.17,60.0,19.29,22.08,10.43,28.29,12.0,3.42,5.64,23.12
DCA,2023-09-25,20,27,23,26,23,76.92,34.62,60.87,21.35,29.15,17.02,35.15,3.17,4.13,8.7,21.87
DCA,2023-09-25,21,3,37,4,37,100.0,100.0,67.57,0.5,27.25,14.95,8.75,9.27,1.94,5.19,21.27
DCA,2023-09-25,22,25,18,23,17,69.57,65.22,58.82,11.96,18.13,5.98,15.65,3.88,1.55,1.65,51.12
DCA,2023-09-25,23,0,9,0,8,0.0,0.0,50.0,0.0,0.0,0.0,0.0,2.5,0.8,5.38,56.0
DCA,2023-09-26,0,0,1,0,2,0.0,0.0,100.0,0.0,0.0,0.0,0.0,3.0,0.85,0.0,0.0
DCA,2023-09-26,1,0,0,0,0,0.0,0.0,0.0,0.0,0.0,0.0,0.0,0.0,0.0,0.0,0.0
DCA,2023-09-26,3,0,0,0,0,0.0,0.0,0.0,0.0,0.0,0.0,0.0,0.0,0.0,0.0,0.0
DCA,2023-09-26,5,3,0,3,0,100.0,100.0,0.0,0.0,14.67,2.53,0.0,0.0,0.0,0.0,0.0
DCA,2023-09-26,6,31,8,31,9,96.77,80.65,66.67,4.87,18.19,6.55,8.71,3.11,4.34,2.0,51.67
DCA,2023-09-26,7,22,27,22,28,86.36,81.82,82.14,2.95,18.86,6.97,6.36,7.07,2.35,1.75,7.18
DCA,2023-09-26,8,39,11,42,15,88.1,45.24,80.0,7.19,34.88,22.76,26.69,5.53,0.93,5.93,6.8
DCA,2023-09-26,9,16,33,16,32,87.5,56.25,90.63,4.88,28.19,16.23,18.31,9.31,3.42,2.84,8.88
DCA,2023-09-26,10,33,19,33,20,84.85,51.52,90.0,9.45,29.03,16.67,22.27,4.0,3.16,3.25,7.55
DCA,2023-09-26,11,23,29,24,30,79.17,66.67,86.67,12.75,18.67,6.95,18.0,5.17,2.03,1.1,8.37
DCA,2023-09-26,12,25,25,25,27,72.0,68.0,92.59,13.28,22.72,10.5,20.0,6.74,1.41,2.89,5.41
DCA,2023-09-26,13,27,25,28,25,78.57,60.71,88.0,18.0,26.11,13.97,27.18,5.76,2.58,2.2,2.84
DCA,2023-09-26,14,22,30,22,33,72.73,45.45,66.67,13.09,25.82,14.1,24.09,2.79,3.27,8.61,25.03
DCA,2023-09-26,15,33,20,34,20,79.41,38.24,70.0,15.26,28.97,16.91,29.18,2.95,3.25,10.35,16.7
DCA,2023-09-26,16,18,34,20,35,60.0,45.0,65.71,19.55,22.75,10.96,29.2,5.43,0.57,4.86,18.31
DCA,2023-09-26,17,34,18,35,19,71.43,51.43,63.16,45.2,23.69,11.68,55.03,2.89,1.46,2.74,16.42
DCA,2023-09-26,18,20,34,21,34,71.43,57.14,64.71,14.67,22.48,11.04,24.29,3.0,3.53,6.53,11.09
DCA,2023-09-26,19,25,24,26,27,84.62,57.69,18.52,5.96,23.54,11.7,14.69,3.67,3.33,13.89,40.07
DCA,2023-09-26,20,26,22,27,22,51.85,22.22,68.18,25.96,23.85,11.58,36.11,3.32,1.37,2.23,23.68
DCA,2023-09-26,21,3,37,3,37,100.0,100.0,62.16,0.0,14.0,2.23,2.33,8.3,2.18,5.49,24.54
DCA,2023-09-26,22,25,17,24,17,79.17,54.17,82.35,8.25,22.42,10.3,15.92,3.94,3.18,3.71,11.35
DCA,2023-09-26,23,0,9,1,9,100.0,100.0,100.0,0.0,20.0,7.7,8.0,1.11,1.59,1.33,1.56
DCA,2023-09-27,0,0,1,0,1,0.0,0.0,100.0,0.0,0.0,0.0,0.0,0.0,1.4,0.0,0.0
DCA,2023-09-27,5,3,0,3,0,66.67,66.67,0.0,8.33,13.67,1.6,8.33,0.0,0.0,0.0,0.0
DCA,2023-09-27,6,30,8,30,7,93.33,86.67,85.71,3.7,18.07,6.52,7.47,0.86,5.73,0.0,43.29
DCA,2023-09-27,7,21,27,21,28,80.95,80.95,96.43,23.76,17.95,6.38,26.38,4.43,3.81,2.32,2.43
DCA,2023-09-27,8,39,10,41,12,82.93,39.02,83.33,11.68,33.78,21.59,28.29,2.67,2.11,2.33,5.67
DCA,2023-09-27,9,16,33,16,34,93.75,87.5,85.29,11.25,20.69,8.7,17.56,5.53,1.36,1.41,33.12
DCA,2023-09-27,10,32,18,32,18,84.38,68.75,94.44,11.41,22.63,10.44,18.78,3.89,3.47,0.33,16.78
DCA,2023-09-27,11,22,28,22,30,86.36,63.64,90.0,8.59,19.59,8.1,14.64,2.93,5.6,3.2,9.87
DCA,2023-09-27,12,24,25,24,26,87.5,75.0,88.46,5.0,22.08,9.99,11.0,3.35,1.67,0.96,9.38
DCA,2023-09-27,13,29,25,30,26,86.67,66.67,80.77,12.57,22.83,10.67,19.67,3.54,1.18,0.69,9.88
DCA,2023-09-27,14,22,30,22,30,95.45,68.18,86.67,3.14,24.0,12.17,12.59,6.67,1.13,1.27,18.93
DCA,2023-09-27,15,33,20,33,20,81.82,60.61,100.0,20.73,27.55,15.49,32.06,3.35,2.19,0.75,0.75
DCA,2023-09-27,16,18,35,19,37,78.95,68.42,86.49,5.11,20.21,8.66,11.32,5.89,1.36,1.41,8.19
DCA,2023-09-27,17,34,18,37,18,89.19,72.97,83.33,10.73,21.59,9.47,16.89,4.22,1.27,0.5,3.61
DCA,2023-09-27,18,21,33,22,33,77.27,72.73,87.88,18.64,15.55,3.91,21.36,2.91,1.94,0.91,14.33
DCA,2023-09-27,19,24,25,26,27,84.62,69.23,85.19,7.54,18.85,7.02,12.23,6.52,1.08,2.19,17.0
DCA,2023-09-27,20,27,23,27,23,85.19,62.96,91.3,7.78,22.48,10.53,14.7,2.43,1.91,2.0,3.0
DCA,2023-09-27,21,3,37,3,37,100.0,100.0,70.27,0.0,12.67,0.8,0.0,7.95,3.2,3.19,14.65
DCA,2023-09-27,22,25,18,25,19,92.0,80.0,89.47,5.48,19.76,7.64,10.16,2.05,2.36,1.21,2.32
DCA,2023-09-27,23,0,9,0,9,0.0,0.0,88.89,0.0,0.0,0.0,0.0,1.33,0.67,0.0,5.22
DCA,2023-09-28,0,0,1,0,1,0.0,0.0,100.0,0.0,0.0,0.0,0.0,0.0,0.4,0.0,9.0
DCA,2023-09-28,5,3,0,3,0,100.0,100.0,0.0,0.0,12.67,0.53,0.0,0.0,0.0,0.0,0.0
DCA,2023-09-28,6,31,8,31,8,100.0,93.55,100.0,0.45,18.39,6.85,4.0,0.88,6.26,0.38,0.0
DCA,2023-09-28,7,22,28,22,29,95.45,81.82,86.21,1.64,21.95,9.92,6.36,5.55,3.32,4.0,5.38
DCA,2023-09-28,8,40,11,42,14,88.1,47.62,100.0,7.45,30.62,18.45,22.57,2.93,3.88,3.07,0.79
DCA,2023-09-28,9,16,33,17,33,82.35,70.59,78.79,5.35,20.88,9.18,11.41,12.03,4.62,6.79,6.18
DCA,2023-09-28,10,33,19,33,19,90.91,54.55,84.21,4.58,28.85,16.54,18.45,4.0,4.71,2.89,10.11
DCA,2023-09-28,11,23,29,23,29,78.26,69.57,96.55,13.52,17.61,5.93,16.91,3.66,1.43,0.41,1.31
DCA,2023-09-28,12,25,25,26,27,76.92,50.0,92.59,14.12,20.88,8.71,21.12,2.19,3.32,2.89,2.26
DCA,2023-09-28,13,29,25,29,26,79.31,58.62,69.23,8.55,25.17,12.99,19.31,3.15,6.58,3.77,12.27
DCA,2023-09-28,14,22,30,25,30,72.0,40.0,80.0,14.28,24.48,12.7,25.28,3.27,7.95,5.73,9.1
DCA,2023-09-28,15,33,20,33,21,72.73,27.27,90.48,21.15,29.36,17.31,35.82,3.86,3.47,1.67,3.71
DCA,2023-09-28,16,19,34,21,35,80.95,66.67,77.14,11.43,21.57,9.88,20.05,10.51,3.32,7.14,12.91
DCA,2023-09-28,17,33,19,33,19,75.76,57.58,78.95,15.97,23.64,11.57,25.12,4.79,5.44,3.05,9.68
DCA,2023-09-28,18,21,34,21,36,71.43,61.9,80.56,17.38,21.71,9.9,25.67,3.53,3.34,2.03,7.92
DCA,2023-09-28,19,24,25,24,26,70.83,54.17,53.85,19.42,22.54,10.96,29.29,5.04,7.47,5.46,25.58
DCA,2023-09-28,20,27,23,29,23,82.76,58.62,78.26,9.9,25.93,13.69,19.83,2.52,3.53,2.04,22.13
DCA,2023-09-28,21,3,37,4,38,75.0,75.0,73.68,11.0,19.25,6.95,16.75,8.03,4.77,7.32,10.45
DCA,2023-09-28,22,25,18,25,18,76.0,56.0,66.67,11.8,21.12,8.9,18.56,4.11,4.18,3.39,13.61
DCA,2023-09-28,23,0,9,0,9,0.0,0.0,77.78,0.0,0.0,0.0,0.0,1.22,1.04,0.0,25.89
DCA,2023-09-29,0,0,1,0,1,0.0,0.0,0.0,0.0,0.0,0.0,0.0,0.0,0.4,0.0,34.0
DCA,2023-09-29,1,0,0,1,0,100.0,100.0,0.0,0.0,19.0,6.7,7.0,0.0,0.0,0.0,0.0
DCA,2023-09-29,2,0,0,0,0,0.0,0.0,0.0,0.0,0.0,0.0,0.0,0.0,0.0,0.0,0.0
DCA,2023-09-29,5,3,0,3,0,100.0,100.0,0.0,0.0,21.0,8.83,3.67,0.0,0.0,0.0,0.0
DCA,2023-09-29,6,31,8,32,8,96.88,78.13,62.5,1.69,19.78,8.13,7.84,2.63,6.68,2.13,21.63
DCA,2023-09-29,7,22,28,22,29,100.0,72.73,86.21,0.27,25.95,13.87,9.59,10.03,5.01,5.34,4.41
DCA,2023-09-29,8,40,11,41,12,92.68,51.22,66.67,6.32,29.56,17.41,20.49,6.75,2.57,27.08,26.75
DCA,2023-09-29,9,16,33,16,33,81.25,62.5,78.79,10.69,24.31,12.42,21.0,13.88,1.6,7.52,5.55
DCA,2023-09-29,10,33,19,32,18,87.5,68.75,83.33,8.0,22.84,10.67,16.31,4.78,1.08,0.89,5.89
DCA,2023-09-29,11,23,29,22,29,81.82,77.27,93.1,6.59,17.45,6.26,11.32,3.66,2.96,2.21,5.79
DCA,2023-09-29,12,25,25,25,26,76.0,68.0,88.46,11.16,20.28,8.09,17.64,2.54,1.77,0.69,5.15
DCA,2023-09-29,13,29,25,30,24,76.67,53.33,95.83,23.2,24.67,12.53,33.73,4.83,3.07,1.04,5.17
DCA,2023-09-29,14,21,30,21,29,80.95,71.43,79.31,8.81,26.57,14.76,20.86,8.52,3.71,5.03,10.97
DCA,2023-09-29,15,34,20,33,22,72.73,27.27,81.82,17.0,31.18,19.22,34.39,2.68,3.72,3.09,9.27
DCA,2023-09-29,16,19,34,19,34,68.42,47.37,73.53,30.16,21.05,9.51,38.05,7.18,1.93,4.59,16.41
DCA,2023-09-29,17,33,19,32,19,68.75,53.13,68.42,23.28,20.19,8.07,29.72,5.11,5.34,6.37,17.37
DCA,2023-09-29,18,21,34,20,32,70.0,55.0,75.0,59.5,17.6,5.9,64.35,3.16,2.89,3.34,14.28
DCA,2023-09-29,19,24,25,24,25,75.0,70.83,68.0,17.25,18.13,6.55,21.42,8.08,6.97,7.04,21.84
DCA,2023-09-29,20,27,23,26,22,61.54,46.15,63.64,27.77,22.35,10.2,34.88,6.05,3.32,9.77,20.18
DCA,2023-09-29,21,3,37,4,38,100.0,100.0,68.42,0.0,14.25,2.03,0.5,12.16,4.74,7.92,16.71
DCA,2023-09-29,22,25,18,25,17,76.0,48.0,76.47,12.4,25.12,12.9,23.04,3.47,4.75,5.65,15.06
DCA,2023-09-29,23,0,9,0,8,0.0,0.0,62.5,0.0,0.0,0.0,0.0,1.25,0.5,0.0,35.75
DCA,2023-09-30,0,0,1,0,1,0.0,0.0,100.0,0.0,0.0,0.0,0.0,0.0,0.4,0.0,0.0
DCA,2023-09-30,1,0,0,0,0,0.0,0.0,0.0,0.0,0.0,0.0,0.0,0.0,0.0,0.0,0.0
DCA,2023-09-30,2,0,0,0,0,0.0,0.0,0.0,0.0,0.0,0.0,0.0,0.0,0.0,0.0,0.0
DCA,2023-09-30,5,3,0,3,0,66.67,33.33,0.0,8.33,31.0,19.2,26.0,0.0,0.0,0.0,0.0
DCA,2023-09-30,6,22,4,22,4,90.91,77.27,100.0,2.86,17.23,5.85,7.5,1.5,3.55,0.0,0.0
DCA,2023-09-30,7,18,22,18,22,88.89,88.89,95.45,3.61,16.83,5.14,6.22,6.5,5.11,2.82,1.59
DCA,2023-09-30,8,37,11,38,13,86.84,57.89,100.0,3.55,28.95,16.75,16.95,3.54,3.93,2.23,0.54
DCA,2023-09-30,9,15,30,15,30,86.67,60.0,83.33,7.0,20.8,8.81,13.6,10.57,3.47,6.13,10.03
DCA,2023-09-30,10,30,16,30,16,93.33,63.33,93.75,2.53,25.8,13.64,12.67,3.13,3.8,1.25,1.75
DCA,2023-09-30,11,24,16,24,16,79.17,79.17,87.5,7.5,15.21,3.5,9.17,2.06,0.47,1.06,3.0
DCA,2023-09-30,12,16,26,16,27,81.25,81.25,81.48,5.06,16.31,4.6,8.38,2.26,1.59,1.26,18.67
DCA,2023-09-30,13,24,19,24,19,79.17,66.67,94.74,15.92,20.0,7.85,22.13,2.11,2.26,1.47,1.89
DCA,2023-09-30,14,17,28,17,28,94.12,82.35,82.14,3.29,19.53,8.06,8.18,4.0,2.5,1.68,11.71
DCA,2023-09-30,15,24,15,24,15,91.67,54.17,86.67,3.96,25.42,13.06,13.67,0.4,2.98,0.47,3.47
DCA,2023-09-30,16,17,26,17,26,76.47,70.59,92.31,15.24,17.35,5.91,18.65,2.27,1.31,0.88,4.23
DCA,2023-09-30,17,20,22,21,22,76.19,52.38,81.82,13.33,19.05,6.85,18.29,1.95,4.43,1.41,10.18
DCA,2023-09-30,18,20,11,21,11,85.71,76.19,90.91,10.52,18.48,6.83,15.52,1.73,1.94,0.0,4.64
DCA,2023-09-30,19,11,23,11,23,100.0,100.0,91.3,1.27,14.36,2.59,0.73,1.17,1.06,0.13,2.17
DCA,2023-09-30,20,15,10,15,10,93.33,93.33,60.0,3.53,15.87,4.32,5.33,0.7,0.75,1.1,19.4
DCA,2023-09-30,21,2,20,2,20,100.0,100.0,100.0,0.0,18.0,5.7,0.0,1.55,0.98,1.7,3.15
DCA,2023-09-30,22,3,12,3,12,100.0,100.0,91.67,0.0,18.0,5.7,0.33,0.17,1.43,0.08,4.92
DCA,2023-09-30,23,0,6,0,6,0.0,0.0,83.33,0.0,0.0,0.0,0.0,1.0,0.53,0.0,14.5
DCA,2023-10-01,0,0,1,0,1,0.0,0.0,0.0,0.0,0.0,0.0,0.0,0.0,0.0,0.0,28.0
DCA,2023-10-01,1,0,0,0,0,0.0,0.0,0.0,0.0,0.0,0.0,0.0,0.0,0.0,0.0,0.0
DCA,2023-10-01,5,3,0,3,0,66.67,66.67,0.0,12.0,13.67,1.87,11.67,0.0,0.0,0.0,0.0
DCA,2023-10-01,6,20,1,20,1,95.0,90.0,100.0,1.45,16.95,5.88,5.1,1.0,1.3,0.0,0.0
DCA,2023-10-01,7,16,18,16,18,93.75,93.75,94.44,1.63,18.44,6.78,5.88,2.39,1.07,0.72,14.61
DCA,2023-10-01,8,33,12,34,12,94.12,55.88,91.67,13.85,26.91,14.86,24.56,0.75,2.58,0.83,1.75
DCA,2023-10-01,9,14,29,14,29,85.71,71.43,89.66,5.07,17.79,6.24,9.0,4.07,1.35,2.28,5.24
DCA,2023-10-01,10,33,17,33,18,84.85,72.73,83.33,9.58,22.39,10.17,16.52,2.56,2.32,1.28,33.28
DCA,2023-10-01,11,26,24,26,24,84.62,80.77,87.5,13.54,19.46,7.98,20.19,1.88,0.94,1.25,6.25
DCA,2023-10-01,12,24,26,25,28,88.0,68.0,92.86,4.12,21.28,9.19,11.16,2.86,0.84,1.43,3.0
DCA,2023-10-01,13,28,26,28,27,85.71,67.86,88.89,6.32,22.39,10.25,14.14,3.93,1.24,0.81,5.78
DCA,2023-10-01,14,21,31,22,31,77.27,54.55,93.55,22.59,23.91,12.2,32.95,3.87,4.34,1.87,2.19
DCA,2023-10-01,15,34,20,34,20,85.29,58.82,80.0,7.94,25.18,13.11,18.06,1.45,4.48,3.05,12.4
DCA,2023-10-01,16,19,35,19,35,73.68,73.68,85.71,19.05,18.63,7.01,23.79,6.49,1.37,2.69,7.77
DCA,2023-10-01,17,35,17,35,17,82.86,60.0,76.47,8.4,21.09,9.15,16.11,4.12,4.56,3.18,23.47
DCA,2023-10-01,18,21,34,21,33,57.14,57.14,72.73,26.29,20.33,9.15,34.05,3.91,3.65,4.24,14.06
DCA,2023-10-01,19,23,26,22,26,72.73,59.09,69.23,48.23,18.23,6.51,52.95,10.19,3.99,3.31,10.58
DCA,2023-10-01,20,27,23,27,23,85.19,62.96,60.87,7.19,22.85,10.55,14.52,3.87,1.73,4.22,28.74
DCA,2023-10-01,21,3,37,3,37,100.0,100.0,64.86,0.0,13.67,1.47,0.0,8.81,1.49,4.89,15.59
DCA,2023-10-01,22,25,18,25,18,76.0,76.0,72.22,14.08,19.32,7.24,18.8,2.72,4.31,3.5,15.44
DCA,2023-10-01,23,0,9,0,9,0.0,0.0,66.67,0.0,0.0,0.0,0.0,1.11,1.03,0.0,24.78
DCA,2023-10-02,0,0,1,0,1,0.0,0.0,100.0,0.0,0.0,0.0,0.0,0.0,5.4,0.0,0.0
DCA,2023-10-02,2,0,0,0,0,0.0,0.0,0.0,0.0,0.0,0.0,0.0,0.0,0.0,0.0,0.0
DCA,2023-10-02,5,3,0,3,0,100.0,100.0,0.0,0.0,14.0,1.9,0.0,0.0,0.0,0.0,0.0
DCA,2023-10-02,6,31,8,31,8,90.32,87.1,100.0,6.06,14.77,3.43,7.61,0.38,1.85,0.0,0.38
DCA,2023-10-02,7,22,28,22,28,90.91,90.91,92.86,10.77,17.32,5.8,13.55,4.36,2.14,0.93,5.46
DCA,2023-10-02,8,40,11,41,11,90.24,60.98,90.91,7.15,28.8,16.68,19.02,1.91,1.33,0.73,3.91
DCA,2023-10-02,9,16,33,16,34,93.75,75.0,85.29,2.5,20.44,8.63,8.0,9.09,2.64,5.0,11.24
DCA,2023-10-02,10,33,19,33,19,87.88,84.85,94.74,8.18,18.52,6.43,11.39,3.16,3.54,1.16,3.68
DCA,2023-10-02,11,23,29,23,29,86.96,82.61,89.66,3.87,16.91,5.77,8.39,3.41,0.55,0.34,4.55
DCA,2023-10-02,12,25,25,25,26,88.0,84.0,84.62,7.12,16.56,4.65,9.6,4.0,2.03,2.85,8.92
DCA,2023-10-02,13,29,25,29,25,82.76,72.41,92.0,13.1,21.76,9.57,19.66,2.88,2.2,1.36,7.12
DCA,2023-10-02,14,21,30,23,30,86.96,56.52,96.67,18.48,22.61,10.77,27.3,4.4,4.84,0.53,1.97
DCA,2023-10-02,15,34,20,34,20,88.24,64.71,85.0,9.76,26.65,14.6,20.65,2.2,3.32,0.95,5.5
DCA,2023-10-02,16,19,34,19,35,73.68,68.42,77.14,9.21,19.74,8.14,14.89,4.37,4.01,4.71,18.91
DCA,2023-10-02,17,33,19,33,20,81.82,69.7,95.0,7.55,20.06,7.9,13.09,2.85,6.2,3.25,2.8
DCA,2023-10-02,18,21,34,22,34,86.36,63.64,91.18,5.0,22.5,10.65,12.91,2.18,2.03,1.09,7.44
DCA,2023-10-02,19,24,25,24,27,79.17,75.0,85.19,38.79,21.17,9.33,44.79,5.78,3.95,3.22,10.37
DCA,2023-10-02,20,27,23,27,24,92.59,66.67,79.17,3.89,24.37,12.04,12.19,4.08,3.54,4.0,10.21
DCA,2023-10-02,21,3,37,4,37,100.0,100.0,75.68,0.0,14.5,2.33,0.0,9.86,3.92,7.7,11.11
DCA,2023-10-02,22,25,18,25,18,88.0,80.0,83.33,5.44,19.16,7.0,10.4,4.33,4.88,3.56,4.0
DCA,2023-10-02,23,0,9,0,9,0.0,0.0,88.89,0.0,0.0,0.0,0.0,1.56,3.44,0.0,9.56
DCA,2023-10-03,0,0,1,0,1,0.0,0.0,100.0,0.0,0.0,0.0,0.0,0.0,3.4,0.0,0.0
DCA,2023-10-03,5,3,0,3,0,66.67,66.67,0.0,9.67,13.67,1.5,10.67,0.0,0.0,0.0,0.0
DCA,2023-10-03,6,31,8,31,8,100.0,90.32,87.5,0.16,18.19,6.7,3.87,0.63,8.68,5.25,3.38
DCA,2023-10-03,7,22,27,22,27,95.45,95.45,85.19,20.59,16.73,5.0,22.32,3.37,7.6,5.15,3.37
DCA,2023-10-03,8,39,11,41,12,95.12,53.66,75.0,3.2,28.1,16.05,15.22,4.58,4.63,4.42,12.25
DCA,2023-10-03,9,16,33,16,33,87.5,81.25,84.85,8.69,17.19,5.52,12.44,12.27,2.67,6.64,9.09
DCA,2023-10-03,10,33,19,35,20,85.71,68.57,90.0,9.34,21.83,9.65,15.83,5.3,2.98,2.9,19.6
DCA,2023-10-03,11,23,29,23,29,91.3,78.26,96.55,3.22,22.48,10.95,11.09,3.17,2.38,1.03,1.38
DCA,2023-10-03,12,24,25,24,26,95.83,54.17,100.0,2.38,27.63,15.46,14.54,1.58,5.15,1.08,0.35
DCA,2023-10-03,13,28,25,28,25,92.86,71.43,80.0,4.75,23.79,11.63,12.07,4.12,3.14,3.76,5.8
DCA,2023-10-03,14,21,30,21,30,80.95,66.67,83.33,21.86,22.24,10.51,30.48,8.63,2.5,5.23,8.07
DCA,2023-10-03,15,34,20,34,20,79.41,64.71,70.0,10.56,23.26,11.21,18.56,3.15,3.74,3.9,19.55
DCA,2023-10-03,16,18,34,20,36,65.0,70.0,83.33,20.25,15.1,3.48,23.0,6.58,3.53,5.42,7.14
DCA,2023-10-03,17,34,18,34,18,76.47,70.59,77.78,10.26,22.24,10.18,17.5,2.28,3.81,2.94,9.72
DCA,2023-10-03,18,20,33,21,34,85.71,76.19,94.12,11.1,20.33,8.5,16.86,3.26,1.97,1.79,5.59
DCA,2023-10-03,19,25,24,26,25,96.15,76.92,84.0,2.73,22.19,10.36,10.35,6.08,4.22,3.4,16.44
DCA,2023-10-03,20,26,23,26,23,88.46,53.85,91.3,4.12,28.92,16.64,16.08,4.17,5.35,4.22,7.96
DCA,2023-10-03,21,3,37,3,37,100.0,100.0,67.57,0.0,18.67,6.37,0.0,8.84,4.08,4.76,11.3
DCA,2023-10-03,22,25,17,25,16,88.0,80.0,100.0,4.32,19.36,7.1,7.64,5.0,3.48,1.63,1.13
DCA,2023-10-03,23,0,9,1,9,100.0,100.0,88.89,0.0,14.0,1.7,2.0,1.22,1.51,0.0,4.33
DCA,2023-10-04,0,0,2,0,2,0.0,0.0,50.0,0.0,0.0,0.0,0.0,2.0,1.65,6.0,21.0
DCA,2023-10-04,1,0,0,0,0,0.0,0.0,0.0,0.0,0.0,0.0,0.0,0.0,0.0,0.0,0.0
DCA,2023-10-04,5,3,0,3,0,100.0,100.0,0.0,0.0,17.67,5.5,0.0,0.0,0.0,0.0,0.0
DCA,2023-10-04,6,30,8,30,8,96.67,93.33,100.0,1.17,14.8,3.41,2.67,0.5,3.76,0.0,0.0
DCA,2023-10-04,7,21,27,21,27,100.0,95.24,100.0,0.19,18.24,6.34,2.43,2.78,3.6,0.44,0.85
DCA,2023-10-04,8,39,10,40,12,87.5,67.5,91.67,7.33,23.0,10.95,13.6,3.0,0.73,0.83,3.92
DCA,2023-10-04,9,16,33,17,36,88.24,76.47,83.33,3.88,18.94,7.21,8.35,16.83,2.54,13.03,30.22
DCA,2023-10-04,10,32,18,32,19,90.63,75.0,89.47,10.25,21.34,9.07,16.41,2.74,5.58,3.21,4.74
DCA,2023-10-04,11,22,28,22,29,77.27,77.27,96.55,11.09,15.55,4.39,14.36,3.1,2.7,1.9,1.76
DCA,2023-10-04,12,25,25,25,26,92.0,84.0,88.46,2.64,18.68,7.05,6.76,3.54,4.88,4.15,7.31
DCA,2023-10-04,13,28,25,29,27,82.76,65.52,81.48,5.59,22.72,10.73,13.72,6.33,4.47,4.93,8.96
DCA,2023-10-04,14,21,30,21,30,76.19,61.9,93.33,10.62,22.62,10.89,19.57,7.73,4.93,5.6,3.73
DCA,2023-10-04,15,34,20,34,20,85.29,47.06,90.0,4.47,29.0,16.97,18.65,2.35,5.31,3.2,3.55
DCA,2023-10-04,16,18,35,19,35,94.74,84.21,88.57,2.37,17.84,6.21,5.89,6.34,3.54,4.06,7.43
DCA,2023-10-04,17,34,18,34,18,88.24,79.41,83.33,5.53,18.62,6.57,10.09,2.61,6.96,3.0,3.83
DCA,2023-10-04,18,21,34,23,35,86.96,82.61,77.14,5.52,16.48,4.78,8.39,5.54,3.3,6.49,9.26
DCA,2023-10-04,19,24,25,25,26,84.0,68.0,80.77,5.64,19.88,8.18,11.8,11.62,4.0,7.96,9.5
DCA,2023-10-04,20,26,22,26,22,76.92,46.15,90.91,12.12,24.96,12.63,22.35,6.45,3.34,4.18,6.59
DCA,2023-10-04,21,3,37,3,37,100.0,100.0,72.97,0.0,14.67,2.37,0.0,18.92,3.69,16.22,18.59
DCA,2023-10-04,22,26,16,26,17,69.23,53.85,76.47,18.77,18.54,6.67,24.0,3.71,5.1,5.47,10.29
DCA,2023-10-04,23,0,9,0,11,0.0,0.0,81.82,0.0,0.0,0.0,0.0,5.82,2.56,3.55,5.0
DCA,2023-10-05,0,0,1,0,1,0.0,0.0,100.0,0.0,0.0,0.0,0.0,0.0,1.4,0.0,0.0
DCA,2023-10-05,5,3,0,3,0,66.67,66.67,0.0,17.67,12.0,0.23,18.0,0.0,0.0,0.0,0.0
DCA,2023-10-05,6,31,8,31,8,87.1,87.1,100.0,14.39,16.65,5.22,17.52,1.13,3.94,0.0,0.0
DCA,2023-10-05,7,22,28,22,28,90.91,81.82,89.29,5.59,16.95,5.28,8.77,4.93,9.63,5.86,4.04
DCA,2023-10-05,8,37,11,37,11,86.49,67.57,81.82,6.59,24.27,12.18,16.51,3.55,3.9,4.91,3.82
DCA,2023-10-05,9,15,32,15,35,100.0,66.67,57.14,0.13,27.0,14.99,11.13,33.06,2.09,25.4,21.09
DCA,2023-10-05,10,32,20,32,23,71.88,56.25,65.22,13.34,20.78,8.45,20.75,5.0,1.45,3.39,17.78
DCA,2023-10-05,11,24,27,25,27,80.0,76.0,85.19,7.4,16.4,4.82,10.68,3.33,2.51,1.15,13.04
DCA,2023-10-05,12,25,24,26,26,88.46,80.77,80.77,7.46,17.08,4.94,10.96,4.04,2.45,3.92,11.73
DCA,2023-10-05,13,27,27,27,28,77.78,55.56,82.14,10.22,21.22,9.22,17.22,4.11,4.51,2.79,8.75
DCA,2023-10-05,14,22,28,25,28,84.0,52.0,85.71,13.8,20.88,9.24,22.56,9.11,5.94,6.11,5.39
DCA,2023-10-05,15,33,20,35,20,80.0,51.43,90.0,9.51,22.97,10.93,18.46,4.55,3.92,2.3,2.95
DCA,2023-10-05,16,19,32,20,32,75.0,75.0,87.5,8.3,16.95,5.28,11.5,2.38,2.68,2.19,6.09
DCA,2023-10-05,17,32,19,32,19,78.13,68.75,78.95,10.63,21.91,9.8,18.22,5.21,3.33,0.95,16.68
DCA,2023-10-05,18,21,34,21,35,71.43,66.67,71.43,17.9,18.86,7.21,23.38,6.37,2.68,11.77,17.03
DCA,2023-10-05,19,26,22,26,23,65.38,57.69,39.13,20.62,20.38,8.55,26.88,7.91,2.5,22.26,37.35
DCA,2023-10-05,20,26,24,26,24,50.0,38.46,79.17,26.27,20.35,8.05,32.88,6.54,2.65,5.67,17.25
DCA,2023-10-05,21,3,37,3,37,100.0,100.0,62.16,0.0,19.0,6.7,0.33,16.65,5.8,11.11,20.46
DCA,2023-10-05,22,24,19,24,20,83.33,62.5,70.0,11.67,16.96,4.96,15.08,5.55,3.59,3.95,24.6
DCA,2023-10-05,23,0,8,0,8,0.0,0.0,75.0,0.0,0.0,0.0,0.0,3.63,1.8,0.63,18.13
DCA,2023-10-06,0,0,1,0,0,0.0,0.0,0.0,0.0,0.0,0.0,0.0,0.0,0.0,0.0,0.0
DCA,2023-10-06,5,3,0,3,0,100.0,100.0,0.0,2.67,11.67,0.57,1.67,0.0,0.0,0.0,0.0
DCA,2023-10-06,6,31,8,31,9,96.77,90.32,100.0,0.68,17.81,6.39,4.39,1.78,4.53,0.67,0.0
DCA,2023-10-06,7,22,28,22,28,100.0,95.45,96.43,0.41,17.55,5.91,3.23,8.43,2.63,2.21,1.68
DCA,2023-10-06,8,40,11,41,11,92.68,56.1,100.0,3.85,28.22,16.36,16.66,2.82,2.3,0.64,1.55
DCA,2023-10-06,9,16,33,16,33,87.5,75.0,90.91,4.75,21.38,9.31,12.13,12.61,1.52,4.55,17.64
DCA,2023-10-06,10,32,20,33,20,84.85,69.7,80.0,7.55,22.0,9.72,14.79,3.8,1.89,2.5,10.65
DCA,2023-10-06,11,24,28,25,28,80.0,80.0,89.29,7.96,14.64,3.12,9.68,4.86,1.71,1.68,7.32
DCA,2023-10-06,12,25,25,25,25,92.0,88.0,92.0,7.44,16.52,4.72,9.96,5.44,1.8,1.84,14.64
DCA,2023-10-06,13,28,26,28,26,85.71,75.0,80.77,13.82,19.36,7.28,18.79,5.96,2.88,3.19,6.73
DCA,2023-10-06,14,22,28,22,29,77.27,72.73,82.76,10.5,19.27,7.48,16.45,5.48,3.78,3.24,8.59
DCA,2023-10-06,15,32,21,32,21,81.25,75.0,85.71,10.97,18.0,6.18,15.09,2.24,2.71,0.43,8.48
DCA,2023-10-06,16,19,33,19,33,73.68,68.42,84.85,14.84,17.68,6.16,19.47,5.73,2.65,2.58,13.91
DCA,2023-10-06,17,32,19,32,19,90.63,81.25,84.21,6.16,19.91,7.78,10.97,4.26,2.48,0.37,4.74
DCA,2023-10-06,18,21,34,21,34,71.43,66.67,73.53,13.81,17.62,6.29,17.95,4.76,2.12,7.21,16.21
DCA,2023-10-06,19,26,22,26,23,80.77,73.08,47.83,11.0,15.46,3.76,13.58,4.35,2.79,9.57,20.13
DCA,2023-10-06,20,26,24,26,24,73.08,73.08,79.17,11.81,17.69,5.65,14.96,19.38,3.62,16.46,34.46
DCA,2023-10-06,21,3,37,3,37,100.0,100.0,75.68,0.0,16.33,4.13,1.0,7.81,4.43,4.16,7.24
DCA,2023-10-06,22,24,19,24,20,87.5,70.83,80.0,7.88,18.5,6.52,12.83,4.35,4.32,1.9,8.3
DCA,2023-10-06,23,0,8,0,8,0.0,0.0,87.5,0.0,0.0,0.0,0.0,4.88,1.18,2.13,5.13
DCA,2023-10-07,0,0,1,0,1,0.0,0.0,100.0,0.0,0.0,0.0,0.0,0.0,2.4,0.0,0.0
DCA,2023-10-07,5,3,0,3,0,66.67,33.33,0.0,35.67,35.33,23.17,55.0,0.0,0.0,0.0,0.0
DCA,2023-10-07,6,22,4,22,5,100.0,95.45,100.0,0.09,14.77,3.98,2.36,1.2,4.86,1.6,0.0
DCA,2023-10-07,7,19,20,19,20,89.47,84.21,95.0,15.74,18.21,6.38,19.58,3.25,2.45,1.0,3.25
DCA,2023-10-07,8,38,10,38,11,94.74,47.37,81.82,3.05,36.95,24.87,23.18,1.91,2.65,3.55,29.73
DCA,2023-10-07,9,14,30,14,31,71.43,28.57,87.1,30.5,27.0,14.86,44.21,14.19,2.66,6.81,5.81
DCA,2023-10-07,10,31,14,31,14,83.87,51.61,92.86,4.84,25.77,13.55,15.0,4.43,1.1,0.0,1.36
DCA,2023-10-07,11,18,23,18,23,94.44,94.44,78.26,5.11,14.94,3.38,6.83,3.09,0.99,3.3,26.87
DCA,2023-10-07,12,21,21,22,21,81.82,68.18,90.48,6.32,19.55,8.02,12.14,1.86,1.1,0.24,2.67
DCA,2023-10-07,13,19,24,19,25,89.47,84.21,84.0,14.05,19.16,7.45,17.42,4.68,1.84,1.12,6.72
DCA,2023-10-07,14,19,25,20,25,95.0,75.0,84.0,2.65,21.55,9.99,10.0,6.6,1.5,4.4,6.44
DCA,2023-10-07,15,22,16,22,16,63.64,40.91,93.75,12.14,27.05,14.77,23.27,1.38,3.88,1.63,8.75
DCA,2023-10-07,16,15,25,15,25,93.33,93.33,96.0,7.87,14.47,3.21,9.0,0.88,3.22,0.04,4.92
DCA,2023-10-07,17,24,18,24,18,83.33,66.67,77.78,8.54,17.92,5.95,12.92,3.44,1.08,0.67,11.56
DCA,2023-10-07,18,17,16,18,16,72.22,72.22,93.75,10.11,14.28,3.37,11.17,2.38,3.26,1.0,4.25
DCA,2023-10-07,19,16,17,16,17,93.75,81.25,94.12,2.69,17.94,5.99,6.56,5.18,2.89,1.06,7.0
DCA,2023-10-07,20,12,14,13,14,84.62,84.62,64.29,3.15,15.62,3.57,4.77,0.71,1.16,0.0,15.14
DCA,2023-10-07,21,2,19,2,19,100.0,100.0,89.47,0.0,13.0,0.95,0.0,1.32,1.09,0.74,8.05
DCA,2023-10-07,22,3,12,3,11,100.0,100.0,100.0,0.0,15.33,3.8,2.0,2.55,1.49,0.0,0.18
DCA,2023-10-07,23,0,6,0,6,0.0,0.0,83.33,0.0,0.0,0.0,0.0,1.67,0.53,0.0,11.67
DCA,2023-10-08,0,0,1,0,1,0.0,0.0,0.0,0.0,0.0,0.0,0.0,0.0,0.4,0.0,16.0
DCA,2023-10-08,1,0,0,0,0,0.0,0.0,0.0,0.0,0.0,0.0,0.0,0.0,0.0,0.0,0.0
DCA,2023-10-08,5,3,0,3,0,66.67,66.67,0.0,5.67,13.33,1.2,6.67,0.0,0.0,0.0,0.0
DCA,2023-10-08,6,21,1,20,1,90.0,90.0,100.0,42.8,14.1,3.34,44.45,0.0,2.3,0.0,0.0
DCA,2023-10-08,7,16,18,16,18,87.5,62.5,88.89,5.81,24.56,12.43,14.0,7.44,0.99,4.78,5.72
DCA,2023-10-08,8,32,12,32,12,90.63,65.63,100.0,10.78,24.84,12.83,20.13,2.17,2.57,0.83,0.75
DCA,2023-10-08,9,15,28,15,29,100.0,86.67,93.1,1.33,17.47,5.96,4.27,7.66,0.64,2.41,11.28
DCA,2023-10-08,10,31,19,32,19,100.0,93.75,89.47,0.28,20.03,7.75,3.81,4.42,1.04,0.42,14.42
DCA,2023-10-08,11,25,25,25,25,88.0,88.0,92.0,28.24,16.32,4.67,30.36,2.72,1.52,0.32,3.4
DCA,2023-10-08,12,25,25,26,25,96.15,84.62,96.0,4.73,17.15,5.24,7.88,5.2,2.48,1.68,3.32
DCA,2023-10-08,13,28,26,28,26,92.86,85.71,84.62,5.39,19.11,7.11,9.96,6.19,2.78,1.19,20.04
DCA,2023-10-08,14,22,29,22,29,81.82,77.27,89.66,13.73,17.77,6.06,16.82,4.86,2.89,1.97,4.17
DCA,2023-10-08,15,32,21,32,21,90.63,78.13,100.0,4.81,19.44,7.62,9.19,2.48,2.17,1.0,0.71
DCA,2023-10-08,16,20,33,21,33,90.48,90.48,90.91,2.57,15.38,4.14,4.62,3.18,1.28,0.61,4.7
DCA,2023-10-08,17,32,19,32,19,90.63,87.5,94.74,3.78,19.34,7.29,7.97,2.37,1.96,1.68,4.84
DCA,2023-10-08,18,21,34,21,34,80.95,85.71,82.35,7.0,17.62,5.9,10.24,5.32,1.05,3.24,9.97
DCA,2023-10-08,19,25,23,25,24,88.0,72.0,83.33,15.88,19.64,7.81,21.2,5.79,1.16,1.33,11.83
DCA,2023-10-08,20,27,23,27,23,100.0,62.96,91.3,1.33,26.93,14.71,10.85,2.17,2.71,2.43,2.3
DCA,2023-10-08,21,3,37,3,37,100.0,100.0,78.38,0.0,13.33,1.13,0.0,9.95,2.43,4.49,7.3
DCA,2023-10-08,22,24,19,24,19,95.83,87.5,73.68,1.38,21.08,8.81,6.46,2.47,4.23,0.79,11.42
DCA,2023-10-08,23,0,8,0,8,0.0,0.0,62.5,0.0,0.0,0.0,0.0,4.75,1.71,3.13,18.63
DCA,2023-10-09,0,0,1,0,1,0.0,0.0,0.0,0.0,0.0,0.0,0.0,0.0,0.0,0.0,162.0
DCA,2023-10-09,1,0,0,0,0,0.0,0.0,0.0,0.0,0.0,0.0,0.0,0.0,0.0,0.0,0.0
DCA,2023-10-09,3,0,0,0,0,0.0,0.0,0.0,0.0,0.0,0.0,0.0,0.0,0.0,0.0,0.0
DCA,2023-10-09,5,3,0,3,0,66.67,66.67,0.0,13.33,11.33,0.0,12.67,0.0,0.0,0.0,0.0
DCA,2023-10-09,6,31,8,31,8,90.32,83.87,100.0,9.39,17.55,5.95,12.68,0.75,6.3,0.0,0.0
DCA,2023-10-09,7,22,28,22,28,95.45,90.91,85.71,15.32,15.14,3.8,16.91,6.75,6.59,4.82,4.71
DCA,2023-10-09,8,40,11,40,11,87.5,75.0,100.0,11.55,19.45,7.39,15.53,1.55,5.15,1.82,1.0
DCA,2023-10-09,9,16,33,16,33,93.75,87.5,84.85,4.5,15.44,3.89,6.44,9.0,3.96,3.7,11.12
DCA,2023-10-09,10,32,20,32,20,90.63,90.63,100.0,8.53,16.63,4.49,10.31,2.4,3.67,0.0,0.6
DCA,2023-10-09,11,24,28,24,28,100.0,91.67,92.86,1.21,13.67,2.28,2.08,2.29,3.29,0.86,4.36
DCA,2023-10-09,12,25,25,25,25,96.0,96.0,84.0,3.52,14.72,3.12,4.56,4.12,1.65,1.16,6.92
DCA,2023-10-09,13,28,26,28,26,78.57,78.57,92.31,8.82,15.93,4.28,10.43,2.96,3.61,1.15,8.31
DCA,2023-10-09,14,22,28,22,28,81.82,68.18,85.71,24.73,21.41,9.6,32.59,6.46,6.04,2.36,5.82
DCA,2023-10-09,15,32,21,33,23,81.82,69.7,91.3,13.58,22.12,10.06,20.42,2.74,3.27,0.35,3.74
DCA,2023-10-09,16,19,33,19,34,84.21,84.21,88.24,5.84,16.58,5.05,8.16,4.91,1.69,0.97,5.53
DCA,2023-10-09,17,32,19,34,19,91.18,82.35,94.74,6.53,19.03,7.2,11.32,3.84,2.92,0.58,4.47
DCA,2023-10-09,18,21,34,21,35,85.71,80.95,80.0,10.05,15.81,4.07,11.48,5.97,2.29,3.31,19.4
DCA,2023-10-09,19,26,22,26,23,69.23,61.54,73.91,54.27,20.42,8.64,60.65,15.43,3.03,8.87,11.57
DCA,2023-10-09,20,26,24,26,24,92.31,57.69,75.0,3.15,25.08,12.82,12.23,4.0,5.82,5.29,23.25
DCA,2023-10-09,21,3,37,3,37,100.0,100.0,72.97,0.0,12.67,1.13,0.0,9.05,4.88,5.3,12.14
DCA,2023-10-09,22,24,19,25,19,76.0,64.0,84.21,60.76,19.68,7.61,65.32,0.74,7.3,2.37,4.16
DCA,2023-10-09,23,0,8,0,8,0.0,0.0,87.5,0.0,0.0,0.0,0.0,1.5,24.55,20.13,20.38
DCA,2023-10-10,0,0,1,0,1,0.0,0.0,100.0,0.0,0.0,0.0,0.0,0.0,1.4,0.0,8.0
DCA,2023-10-10,5,3,0,3,0,100.0,100.0,0.0,0.0,13.67,1.63,0.0,0.0,0.0,0.0,0.0
DCA,2023-10-10,6,31,8,31,8,100.0,96.77,87.5,0.0,15.77,4.07,1.71,0.25,4.93,0.25,1.88
DCA,2023-10-10,7,22,27,22,27,95.45,95.45,85.19,1.18,17.82,5.91,3.05,6.04,5.66,3.7,27.33
DCA,2023-10-10,8,39,11,40,13,90.0,80.0,92.31,9.93,21.73,9.6,15.35,0.62,3.44,1.46,1.46
DCA,2023-10-10,9,16,33,16,34,93.75,93.75,85.29,20.06,16.5,4.73,22.94,8.59,4.65,3.53,21.21
DCA,2023-10-10,10,32,20,32,20,84.38,75.0,90.0,10.19,17.84,5.84,13.66,3.55,1.26,0.65,1.85
DCA,2023-10-10,11,23,29,23,30,91.3,91.3,100.0,3.96,14.61,3.67,5.35,4.13,1.54,0.2,0.67
DCA,2023-10-10,12,25,24,25,24,88.0,88.0,100.0,5.72,18.48,6.79,9.68,4.54,4.1,1.5,0.92
DCA,2023-10-10,13,27,26,27,26,100.0,77.78,80.77,0.22,25.67,13.5,9.48,4.62,5.17,2.04,16.42
DCA,2023-10-10,14,22,28,22,28,90.91,68.18,89.29,12.73,23.5,11.7,22.09,10.07,4.82,4.61,4.54
DCA,2023-10-10,15,32,21,33,22,81.82,51.52,81.82,12.79,26.45,14.54,23.79,4.64,3.2,1.68,10.18
DCA,2023-10-10,16,19,32,20,34,65.0,60.0,76.47,15.0,19.85,8.2,20.2,12.24,1.63,5.38,8.21
DCA,2023-10-10,17,32,19,32,20,71.88,56.25,85.0,11.81,23.13,10.94,20.66,5.05,3.86,1.7,9.75
DCA,2023-10-10,18,21,32,21,32,90.48,90.48,87.5,11.24,17.67,6.51,14.71,4.28,2.61,1.34,5.03
DCA,2023-10-10,19,26,22,27,23,88.89,88.89,86.96,5.81,17.56,5.83,9.52,7.74,3.85,3.57,6.57
DCA,2023-10-10,20,25,24,26,24,96.15,73.08,91.67,2.92,25.31,13.03,11.96,3.42,2.44,1.29,2.54
DCA,2023-10-10,21,3,37,3,37,100.0,100.0,83.78,0.0,15.33,3.03,0.0,9.32,3.0,4.03,8.14
DCA,2023-10-10,22,24,18,24,18,91.67,83.33,94.44,3.63,18.21,6.42,6.83,1.67,7.84,3.0,4.11
DCA,2023-10-10,23,0,8,0,8,0.0,0.0,87.5,0.0,0.0,0.0,0.0,1.88,1.51,0.0,2.25
DCA,2023-10-11,0,0,1,0,1,0.0,0.0,100.0,0.0,0.0,0.0,0.0,0.0,2.4,0.0,0.0
DCA,2023-10-11,5,3,0,3,0,66.67,33.33,0.0,14.67,30.67,18.5,31.33,0.0,0.0,0.0,0.0
DCA,2023-10-11,6,30,8,30,8,96.67,86.67,100.0,1.17,17.1,5.51,4.17,0.25,8.68,0.75,0.0
DCA,2023-10-11,7,21,27,21,27,100.0,95.24,96.3,0.62,17.71,6.09,3.33,9.26,3.97,3.22,5.7
DCA,2023-10-11,8,39,10,40,13,97.5,65.0,76.92,18.18,27.13,15.04,28.33,7.46,2.73,5.77,11.62
DCA,2023-10-11,9,16,33,16,33,81.25,75.0,93.94,9.75,21.19,9.39,17.31,13.42,2.85,4.73,2.76
DCA,2023-10-11,10,31,19,32,19,87.5,59.38,100.0,14.09,25.19,13.01,24.25,3.74,3.79,0.63,0.63
DCA,2023-10-11,11,22,28,22,27,95.45,86.36,92.59,3.82,17.82,6.22,7.59,3.81,2.91,1.26,8.0
DCA,2023-10-11,12,26,24,26,25,84.62,76.92,76.0,11.38,18.35,6.63,15.27,4.16,4.42,3.68,10.68
DCA,2023-10-11,13,27,26,27,26,88.89,51.85,92.31,4.74,27.33,15.15,16.78,3.96,5.84,3.31,3.69
DCA,2023-10-11,14,22,28,23,28,86.96,73.91,85.71,4.0,20.65,8.85,11.22,3.29,6.19,2.18,15.68
DCA,2023-10-11,15,32,21,33,21,90.91,78.79,95.24,6.85,21.61,9.59,14.7,1.95,5.66,2.71,1.71
DCA,2023-10-11,16,19,33,20,34,95.0,85.0,91.18,3.8,16.95,5.41,7.8,3.38,3.79,0.79,7.24
DCA,2023-10-11,17,32,19,32,19,81.25,68.75,89.47,7.25,19.44,7.46,12.56,2.21,2.73,0.0,2.21
DCA,2023-10-11,18,21,34,21,34,85.71,71.43,85.29,5.19,18.86,7.36,9.9,9.59,2.64,4.06,10.29
DCA,2023-10-11,19,26,22,28,23,78.57,67.86,78.26,11.25,18.11,6.27,15.64,10.13,4.39,8.78,14.04
DCA,2023-10-11,20,26,23,27,23,96.3,66.67,78.26,1.15,26.11,13.84,9.96,2.48,6.24,0.26,14.3
DCA,2023-10-11,21,3,37,3,38,100.0,100.0,92.11,0.0,16.0,3.8,3.0,4.5,4.08,2.13,3.26
DCA,2023-10-11,22,24,19,25,19,100.0,100.0,89.47,0.0,20.36,8.19,3.72,2.37,6.92,1.89,3.16
DCA,2023-10-11,23,0,8,0,8,0.0,0.0,75.0,0.0,0.0,0.0,0.0,2.38,2.91,0.88,19.25
DCA,2023-10-12,0,0,1,0,1,0.0,0.0,100.0,0.0,0.0,0.0,0.0,10.0,4.4,0.0,5.0
DCA,2023-10-12,5,3,0,3,0,33.33,0.0,0.0,43.33,44.67,32.5,74.33,0.0,0.0,0.0,0.0
DCA,2023-10-12,6,31,8,31,8,93.55,83.87,87.5,6.32,18.61,7.15,11.16,0.0,11.39,3.88,1.88
DCA,2023-10-12,7,22,28,23,29,86.96,78.26,93.1,12.61,20.74,8.71,18.74,4.55,4.99,2.21,13.52
DCA,2023-10-12,8,40,11,41,12,97.56,36.59,83.33,2.83,40.44,28.28,27.1,2.0,4.0,2.17,34.08
DCA,2023-10-12,9,16,33,17,34,76.47,64.71,94.12,25.71,21.71,9.64,31.88,7.71,5.45,2.97,2.68
DCA,2023-10-12,10,32,20,32,20,96.88,53.13,95.0,0.91,32.47,20.24,15.81,2.3,1.67,0.05,7.25
DCA,2023-10-12,11,24,28,24,28,87.5,87.5,89.29,5.17,16.29,4.78,7.92,2.25,1.37,0.54,2.82
DCA,2023-10-12,12,25,25,25,26,80.0,76.0,84.62,11.76,18.72,6.78,16.0,2.42,2.94,3.27,14.23
DCA,2023-10-12,13,28,26,28,25,78.57,50.0,88.0,16.5,25.25,13.09,26.96,2.6,2.96,2.76,5.88
DCA,2023-10-12,14,22,28,22,29,86.36,77.27,79.31,8.0,17.41,5.57,11.68,2.59,6.11,6.03,16.72
DCA,2023-10-12,15,32,21,32,21,84.38,71.88,85.71,13.34,20.34,8.85,19.59,3.0,2.72,5.19,19.05
DCA,2023-10-12,16,19,33,23,34,86.96,73.91,82.35,11.78,16.39,4.81,15.52,4.94,2.17,3.79,6.62
DCA,2023-10-12,17,32,19,32,21,71.88,59.38,76.19,24.22,21.41,9.29,32.06,5.62,6.48,7.95,13.0
DCA,2023-10-12,18,21,34,21,34,76.19,66.67,76.47,15.67,22.19,10.57,23.52,3.59,4.03,7.24,22.38
DCA,2023-10-12,19,26,22,26,23,73.08,57.69,65.22,20.31,22.69,11.13,29.62,5.74,4.0,10.39,16.26
DCA,2023-10-12,20,26,24,27,24,70.37,37.04,66.67,19.74,26.96,14.79,30.85,2.75,6.18,3.33,35.79
DCA,2023-10-12,21,3,37,3,37,100.0,100.0,75.68,0.0,15.0,2.8,0.0,5.7,5.56,5.57,16.68
DCA,2023-10-12,22,24,19,24,19,79.17,79.17,89.47,10.0,18.92,6.9,12.96,0.95,5.18,1.68,4.53
DCA,2023-10-12,23,0,8,0,8,0.0,0.0,87.5,0.0,0.0,0.0,0.0,1.25,2.05,0.0,2.75
DCA,2023-10-13,0,0,1,0,2,0.0,0.0,100.0,0.0,0.0,0.0,0.0,2.5,0.2,0.0,0.0
DCA,2023-10-13,5,3,0,3,0,33.33,33.33,0.0,35.0,45.33,33.87,69.0,0.0,0.0,0.0,0.0
DCA,2023-10-13,6,31,8,32,8,96.88,71.88,100.0,2.06,22.75,10.88,10.75,0.63,2.8,0.0,0.0
DCA,2023-10-13,7,22,28,23,28,91.3,91.3,85.71,6.43,19.0,7.01,10.39,6.89,3.6,3.71,7.68
DCA,2023-10-13,8,40,11,40,11,92.5,57.5,81.82,4.03,28.1,15.99,16.43,4.45,2.7,2.55,8.73
DCA,2023-10-13,9,16,33,16,33,100.0,68.75,87.88,1.13,24.75,12.8,12.44,11.82,1.44,4.21,9.24
DCA,2023-10-13,10,32,20,33,20,90.91,60.61,90.0,7.33,25.73,13.52,17.18,2.3,3.44,1.0,5.8
DCA,2023-10-13,11,24,28,24,28,87.5,83.33,92.86,6.42,16.29,5.0,9.33,2.54,0.88,0.5,2.39
DCA,2023-10-13,12,25,25,25,26,88.0,80.0,80.77,5.12,17.28,5.86,8.68,1.96,3.96,4.12,5.77
DCA,2023-10-13,13,27,26,27,27,88.89,74.07,85.19,4.74,20.67,8.54,11.26,3.96,2.6,2.26,12.33
DCA,2023-10-13,14,22,28,22,28,77.27,59.09,78.57,7.45,20.18,8.41,13.82,5.21,3.15,2.71,20.68
DCA,2023-10-13,15,32,21,32,22,78.13,68.75,72.73,12.97,20.03,8.01,18.13,3.32,1.47,2.91,45.41
DCA,2023-10-13,16,19,33,19,33,78.95,73.68,93.94,20.58,18.16,6.63,24.47,6.82,1.66,2.79,2.88
DCA,2023-10-13,17,32,18,32,18,87.5,84.38,83.33,5.84,17.84,5.82,8.69,5.72,1.9,0.0,5.5
DCA,2023-10-13,18,21,34,21,34,90.48,85.71,91.18,5.0,17.29,5.58,7.57,4.76,0.99,2.03,4.18
DCA,2023-10-13,19,26,22,26,23,80.77,65.38,73.91,5.42,20.35,8.65,12.69,8.61,3.22,3.61,13.13
DCA,2023-10-13,20,26,24,26,24,80.77,57.69,70.83,10.62,23.42,11.22,17.58,2.13,4.67,1.75,14.92
DCA,2023-10-13,21,3,37,3,37,100.0,100.0,83.78,0.0,16.33,4.13,1.33,6.81,3.16,2.41,9.14
DCA,2023-10-13,22,24,19,24,19,91.67,91.67,89.47,3.17,18.13,5.86,6.13,3.26,5.78,1.63,4.58
DCA,2023-10-13,23,0,8,0,8,0.0,0.0,50.0,0.0,0.0,0.0,0.0,3.63,1.77,0.25,16.88
DCA,2023-10-14,0,0,1,0,1,0.0,0.0,0.0,0.0,0.0,0.0,0.0,0.0,2.4,0.0,29.0
DCA,2023-10-14,1,0,0,0,0,0.0,0.0,0.0,0.0,0.0,0.0,0.0,0.0,0.0,0.0,0.0
DCA,2023-10-14,5,3,0,3,0,100.0,66.67,0.0,0.0,23.0,11.2,10.0,0.0,0.0,0.0,0.0
DCA,2023-10-14,6,22,4,23,4,95.65,86.96,100.0,7.0,19.26,7.75,13.22,1.25,4.55,0.0,0.0
DCA,2023-10-14,7,20,20,20,21,90.0,90.0,90.48,14.55,18.5,6.89,19.75,1.19,5.98,2.81,2.67
DCA,2023-10-14,8,37,11,37,11,94.59,43.24,81.82,6.19,33.43,21.25,22.43,10.91,3.86,15.27,14.27
DCA,2023-10-14,9,15,28,15,28,93.33,53.33,96.43,1.93,22.87,10.87,10.27,9.79,6.14,4.61,17.04
DCA,2023-10-14,10,30,15,30,16,90.0,76.67,68.75,7.4,21.37,9.17,13.67,5.88,1.71,2.38,44.44
DCA,2023-10-14,11,18,23,18,23,88.89,77.78,100.0,15.94,19.0,7.41,20.5,2.13,2.45,0.26,0.83
DCA,2023-10-14,12,21,20,22,20,86.36,77.27,100.0,3.32,22.64,10.75,10.77,2.3,1.86,0.45,0.05
DCA,2023-10-14,13,18,24,18,24,94.44,83.33,87.5,1.56,23.28,11.06,8.0,10.46,2.37,5.71,5.04
DCA,2023-10-14,14,20,24,20,24,85.0,70.0,83.33,4.85,20.65,9.32,12.5,23.83,2.51,14.79,11.46
DCA,2023-10-14,15,21,18,21,20,85.71,57.14,85.0,6.19,23.57,11.21,16.05,5.15,3.6,5.95,14.0
DCA,2023-10-14,16,14,23,15,23,80.0,80.0,95.65,5.87,15.53,4.17,7.07,2.22,2.55,0.0,0.65
DCA,2023-10-14,17,24,18,25,18,88.0,88.0,83.33,5.4,15.36,3.52,6.88,4.0,3.41,1.94,6.72
DCA,2023-10-14,18,17,16,17,16,94.12,94.12,81.25,7.29,14.18,2.76,7.76,2.38,1.56,0.0,11.25
DCA,2023-10-14,19,17,17,17,17,76.47,70.59,70.59,7.29,17.82,5.88,11.06,4.88,2.45,0.71,17.24
DCA,2023-10-14,20,11,14,11,14,81.82,72.73,64.29,4.36,18.55,6.4,6.91,0.79,1.02,0.21,24.07
DCA,2023-10-14,21,2,19,3,19,100.0,100.0,94.74,0.0,14.0,1.77,0.67,2.26,1.98,0.32,1.68
DCA,2023-10-14,22,3,12,3,12,100.0,100.0,75.0,0.0,15.0,2.7,0.0,1.08,0.53,0.92,8.0
DCA,2023-10-14,23,0,6,0,6,0.0,0.0,100.0,0.0,0.0,0.0,0.0,1.67,0.82,0.0,0.0
DCA,2023-10-15,0,0,1,0,1,0.0,0.0,100.0,0.0,0.0,0.0,0.0,0.0,0.0,0.0,0.0
DCA,2023-10-15,5,3,0,3,0,100.0,100.0,0.0,0.0,12.33,0.23,0.0,0.0,0.0,0.0,0.0
DCA,2023-10-15,6,21,1,21,1,95.24,90.48,100.0,5.71,13.71,2.86,7.33,2.0,0.3,0.0,10.0
DCA,2023-10-15,7,16,18,16,18,93.75,87.5,94.44,8.63,15.44,4.16,10.75,4.0,0.46,0.06,1.39
DCA,2023-10-15,8,32,12,32,13,96.88,65.63,100.0,1.63,26.03,13.87,11.34,2.08,2.72,0.69,1.08
DCA,2023-10-15,9,16,28,16,28,100.0,93.75,92.86,0.75,15.25,3.64,2.44,8.11,1.37,1.04,4.5
DCA,2023-10-15,10,30,20,30,20,90.0,86.67,100.0,7.2,17.43,5.2,9.23,3.3,2.36,0.0,1.15
DCA,2023-10-15,11,25,25,25,25,88.0,76.0,84.0,5.88,16.96,5.87,10.88,2.6,1.5,0.6,5.56
DCA,2023-10-15,12,25,23,25,23,88.0,80.0,91.3,4.92,19.24,7.08,9.84,2.57,1.55,0.3,2.39
DCA,2023-10-15,13,27,26,27,27,85.19,62.96,96.3,13.74,25.22,13.09,22.56,5.15,1.07,0.44,13.11
DCA,2023-10-15,14,22,29,22,29,86.36,72.73,89.66,14.41,23.36,11.52,21.95,6.38,1.99,0.83,6.21
DCA,2023-10-15,15,32,21,32,21,90.63,65.63,85.71,5.31,24.06,12.08,13.38,1.81,1.02,0.33,7.95
DCA,2023-10-15,16,20,33,20,33,95.0,90.0,93.94,4.1,15.55,4.16,6.25,5.21,1.1,0.88,4.42
DCA,2023-10-15,17,32,19,32,19,87.5,68.75,84.21,9.34,18.81,6.65,13.41,3.79,2.63,0.47,16.21
DCA,2023-10-15,18,21,34,21,34,76.19,71.43,85.29,16.05,16.95,5.43,19.9,8.41,1.53,3.06,10.53
DCA,2023-10-15,19,25,23,25,24,76.0,64.0,79.17,16.64,20.28,8.39,22.28,15.79,0.35,4.88,8.67
DCA,2023-10-15,20,27,23,27,23,81.48,66.67,69.57,12.44,24.89,12.7,21.3,3.52,6.08,4.22,14.7
DCA,2023-10-15,21,3,37,3,37,100.0,66.67,70.27,2.33,20.33,8.03,8.67,9.46,2.49,5.19,11.97
DCA,2023-10-15,22,24,19,24,19,79.17,79.17,73.68,9.79,17.92,5.77,12.25,3.26,5.05,1.11,9.63
DCA,2023-10-15,23,0,8,0,8,0.0,0.0,75.0,0.0,0.0,0.0,0.0,1.88,8.0,6.75,8.63
DCA,2023-10-16,0,0,1,0,1,0.0,0.0,100.0,0.0,0.0,0.0,0.0,0.0,0.0,0.0,0.0
DCA,2023-10-16,5,3,0,3,0,100.0,100.0,0.0,0.67,13.0,1.2,1.33,0.0,0.0,0.0,0.0
DCA,2023-10-16,6,31,8,31,8,93.55,93.55,100.0,13.39,14.26,2.91,14.39,0.5,6.76,0.0,0.0
DCA,2023-10-16,7,22,28,22,28,100.0,100.0,92.86,0.23,16.09,4.41,1.59,5.86,3.45,2.71,4.25
DCA,2023-10-16,8,40,11,40,11,97.5,62.5,100.0,1.52,28.73,16.68,14.18,1.55,2.82,1.27,1.09
DCA,2023-10-16,9,16,33,16,34,87.5,87.5,85.29,4.19,16.19,4.51,7.0,13.85,1.06,6.41,4.88
DCA,2023-10-16,10,32,20,33,21,90.91,72.73,100.0,3.76,19.85,7.74,9.15,3.57,3.47,0.24,0.43
DCA,2023-10-16,11,24,28,24,28,91.67,91.67,100.0,6.54,15.96,4.45,8.54,3.75,1.59,1.07,1.96
DCA,2023-10-16,12,25,25,26,25,100.0,92.31,84.0,0.58,20.38,8.37,6.0,4.56,1.86,3.28,10.04
DCA,2023-10-16,13,28,26,28,26,85.71,71.43,88.46,4.54,20.0,7.84,9.93,5.62,2.65,1.73,2.35
DCA,2023-10-16,14,22,28,22,28,86.36,63.64,82.14,11.86,17.91,6.18,16.23,4.07,3.9,2.75,17.57
DCA,2023-10-16,15,32,21,33,22,84.85,75.76,77.27,7.27,18.76,6.78,11.33,3.05,1.19,1.73,20.14
DCA,2023-10-16,16,19,33,19,33,52.63,57.89,66.67,28.21,15.74,4.44,30.84,14.27,0.55,14.36,15.39
DCA,2023-10-16,17,32,19,32,19,75.0,53.13,57.89,12.09,24.03,11.84,21.22,4.84,6.15,4.11,13.47
DCA,2023-10-16,18,21,34,21,36,80.95,76.19,69.44,13.33,19.05,7.68,17.52,11.56,0.86,8.28,15.94
DCA,2023-10-16,19,26,22,26,25,84.62,73.08,80.0,12.38,19.35,7.51,16.77,13.0,3.04,7.12,11.4
DCA,2023-10-16,20,26,24,27,24,74.07,70.37,62.5,11.07,21.26,9.0,17.07,5.46,2.65,8.33,12.58
DCA,2023-10-16,21,3,37,4,37,100.0,100.0,81.08,0.75,18.0,5.7,3.5,9.78,1.82,6.65,9.51
DCA,2023-10-16,22,24,19,25,19,80.0,76.0,94.74,8.08,18.84,6.62,11.48,4.89,6.04,2.79,4.05
DCA,2023-10-16,23,0,8,0,8,0.0,0.0,87.5,0.0,0.0,0.0,0.0,1.5,1.68,0.63,4.5
DCA,2023-10-17,0,0,1,0,1,0.0,0.0,0.0,0.0,0.0,0.0,0.0,0.0,1.4,2.0,22.0
DCA,2023-10-17,1,0,0,0,0,0.0,0.0,0.0,0.0,0.0,0.0,0.0,0.0,0.0,0.0,0.0
DCA,2023-10-17,5,3,0,3,0,100.0,66.67,0.0,0.0,23.0,10.83,7.67,0.0,0.0,0.0,0.0
DCA,2023-10-17,6,31,8,30,8,96.67,93.33,87.5,0.9,17.9,6.05,3.6,0.88,7.05,2.13,59.25
DCA,2023-10-17,7,22,27,22,27,81.82,81.82,85.19,7.45,18.91,7.07,11.55,7.22,5.81,4.22,4.19
DCA,2023-10-17,8,39,11,40,13,90.0,57.5,92.31,5.25,30.48,18.39,18.95,2.0,3.89,1.69,5.46
DCA,2023-10-17,9,16,33,17,33,94.12,70.59,84.85,3.24,23.88,11.85,12.24,12.61,4.02,11.39,7.64
DCA,2023-10-17,10,32,20,33,22,90.91,78.79,81.82,3.33,21.0,8.73,8.88,3.0,4.66,3.95,7.73
DCA,2023-10-17,11,23,29,23,29,95.65,91.3,93.1,3.04,17.26,5.6,5.39,3.24,1.53,0.86,10.48
DCA,2023-10-17,12,25,24,25,24,96.0,88.0,100.0,4.8,18.2,6.26,8.52,3.21,4.03,2.83,1.25
DCA,2023-10-17,13,27,26,27,27,96.3,77.78,92.59,3.41,20.52,8.43,8.63,4.37,1.88,1.56,15.41
DCA,2023-10-17,14,22,28,22,28,86.36,63.64,92.86,13.82,23.5,11.77,22.68,4.36,3.16,1.21,3.04
DCA,2023-10-17,15,32,21,33,22,90.91,78.79,77.27,2.52,22.0,10.01,7.67,2.91,3.88,4.14,8.09
DCA,2023-10-17,16,19,32,20,32,80.0,75.0,93.75,8.15,17.0,5.54,11.15,4.16,0.89,1.88,3.22
DCA,2023-10-17,17,32,19,32,20,93.75,81.25,90.0,3.28,21.13,8.93,9.16,2.2,2.5,0.75,4.85
DCA,2023-10-17,18,21,32,21,32,85.71,71.43,78.13,5.81,23.43,11.7,14.52,7.5,2.9,5.66,8.56
DCA,2023-10-17,19,26,22,28,23,85.71,67.86,86.96,5.75,24.07,12.22,14.68,12.22,3.61,5.35,4.43
DCA,2023-10-17,20,25,24,25,24,96.0,64.0,87.5,2.36,26.96,14.85,12.6,3.08,4.58,3.75,8.71
DCA,2023-10-17,21,3,37,3,38,100.0,100.0,73.68,0.0,17.33,5.03,0.0,9.53,1.99,4.89,11.26
DCA,2023-10-17,22,24,18,24,18,100.0,75.0,88.89,0.46,23.71,11.62,6.46,2.78,4.19,2.83,5.17
DCA,2023-10-17,23,0,8,0,8,0.0,0.0,87.5,0.0,0.0,0.0,0.0,2.38,0.15,0.13,15.0
DCA,2023-10-18,0,0,1,0,1,0.0,0.0,100.0,0.0,0.0,0.0,0.0,0.0,0.4,0.0,0.0
DCA,2023-10-18,1,0,0,0,0,0.0,0.0,0.0,0.0,0.0,0.0,0.0,0.0,0.0,0.0,0.0
DCA,2023-10-18,5,3,0,3,0,100.0,100.0,0.0,0.0,15.67,3.87,0.0,0.0,0.0,0.0,0.0
DCA,2023-10-18,6,30,8,30,8,96.67,90.0,100.0,0.7,18.53,6.85,4.17,0.5,7.39,1.63,0.13
DCA,2023-10-18,7,21,27,21,27,100.0,100.0,92.59,0.0,16.62,5.04,1.71,3.7,5.1,2.52,7.3
DCA,2023-10-18,8,39,10,40,11,92.5,60.0,81.82,4.4,26.63,14.69,14.23,2.82,3.15,1.0,16.0
DCA,2023-10-18,9,16,33,16,35,62.5,62.5,91.43,42.94,19.19,7.31,47.5,10.51,1.16,5.54,8.34
DCA,2023-10-18,10,31,19,32,20,93.75,84.38,100.0,19.91,23.38,11.19,26.56,3.5,2.73,1.0,1.0
DCA,2023-10-18,11,22,28,23,28,91.3,86.96,100.0,6.3,14.39,3.2,7.48,3.86,1.3,0.82,1.32
DCA,2023-10-18,12,26,24,26,24,92.31,88.46,83.33,3.92,17.12,5.64,6.35,3.08,1.69,0.29,7.42
DCA,2023-10-18,13,27,26,27,26,88.89,59.26,88.46,9.22,22.59,10.51,17.81,4.15,1.37,1.88,5.0
DCA,2023-10-18,14,22,28,22,29,86.36,86.36,93.1,5.68,20.5,8.69,11.09,5.34,2.23,1.52,6.24
DCA,2023-10-18,15,32,21,32,21,90.63,46.88,85.71,8.0,29.09,17.05,20.91,2.43,3.48,1.81,5.62
DCA,2023-10-18,16,19,33,21,34,76.19,61.9,82.35,6.48,20.24,8.54,11.76,5.59,0.83,1.29,9.59
DCA,2023-10-18,17,32,19,34,19,85.29,79.41,94.74,5.12,19.5,7.31,9.41,3.89,2.28,0.84,5.47
DCA,2023-10-18,18,21,34,21,34,85.71,76.19,79.41,6.76,19.52,7.92,11.76,4.53,2.18,3.56,8.53
DCA,2023-10-18,19,26,22,27,23,81.48,66.67,82.61,11.0,21.78,10.19,19.52,9.39,2.89,2.87,5.04
DCA,2023-10-18,20,26,23,26,23,96.15,57.69,78.26,2.27,26.65,14.4,13.54,2.13,3.68,2.96,8.26
DCA,2023-10-18,21,3,37,3,37,100.0,100.0,86.49,0.0,18.67,6.37,0.33,6.65,7.01,4.43,6.78
DCA,2023-10-18,22,24,19,25,19,92.0,80.0,84.21,2.6,19.28,7.06,6.08,2.0,5.18,2.11,4.74
DCA,2023-10-18,23,0,8,0,8,0.0,0.0,100.0,0.0,0.0,0.0,0.0,1.0,1.3,0.0,0.0
DCA,2023-10-19,0,0,1,0,1,0.0,0.0,100.0,0.0,0.0,0.0,0.0,0.0,0.4,0.0,0.0
DCA,2023-10-19,5,3,0,3,0,100.0,100.0,0.0,1.67,17.33,5.17,4.33,0.0,0.0,0.0,0.0
DCA,2023-10-19,6,31,8,31,8,96.77,90.32,100.0,1.13,17.26,5.79,4.81,0.63,3.3,0.75,0.0
DCA,2023-10-19,7,22,28,22,29,95.45,90.91,93.1,24.09,16.32,4.39,26.05,6.48,4.0,3.38,2.45
DCA,2023-10-19,8,40,11,41,13,90.24,68.29,84.62,4.0,24.37,12.21,12.29,1.54,7.54,3.69,3.46
DCA,2023-10-19,9,16,33,17,33,94.12,94.12,96.97,1.82,15.59,3.88,3.88,10.52,3.02,4.0,2.61
DCA,2023-10-19,10,32,20,32,20,96.88,90.63,100.0,1.38,18.94,7.14,4.91,2.9,2.77,0.05,0.35
DCA,2023-10-19,11,24,28,24,28,91.67,87.5,92.86,7.21,15.21,3.93,9.21,3.68,1.64,0.57,13.14
DCA,2023-10-19,12,25,25,25,25,92.0,92.0,92.0,4.84,16.76,4.74,6.96,4.6,1.42,0.88,8.16
DCA,2023-10-19,13,28,26,28,26,82.14,67.86,96.15,10.57,23.39,11.49,18.68,5.35,3.46,1.35,1.54
DCA,2023-10-19,14,22,28,22,31,95.45,77.27,83.87,1.32,18.45,6.98,6.09,5.32,5.12,3.39,10.03
DCA,2023-10-19,15,32,21,32,21,75.0,65.63,95.24,11.69,18.63,6.77,16.28,3.57,1.1,1.14,3.38
DCA,2023-10-19,16,19,33,21,35,76.19,66.67,82.86,12.05,18.67,6.97,17.05,5.31,3.25,4.34,7.23
DCA,2023-10-19,17,32,19,33,19,75.76,69.7,84.21,9.03,17.64,5.56,12.58,5.21,3.98,2.84,14.37
DCA,2023-10-19,18,21,34,21,35,61.9,61.9,71.43,18.0,16.43,4.93,21.62,11.31,2.06,9.71,23.46
DCA,2023-10-19,19,26,22,27,23,59.26,48.15,69.57,22.37,22.04,10.16,31.37,14.87,1.72,6.57,11.74
DCA,2023-10-19,20,26,24,27,24,77.78,59.26,70.83,16.85,19.48,7.39,21.44,3.88,5.94,7.13,24.33
DCA,2023-10-19,21,3,37,4,38,100.0,100.0,63.16,0.0,14.75,2.5,0.0,11.03,4.69,8.97,21.45
DCA,2023-10-19,22,24,19,24,20,83.33,79.17,60.0,5.08,18.33,6.13,8.58,2.5,7.71,6.15,55.35
DCA,2023-10-19,23,0,8,1,8,100.0,100.0,62.5,0.0,19.0,6.7,7.0,3.0,1.68,2.25,10.13
DCA,2023-10-20,0,0,1,0,1,0.0,0.0,0.0,0.0,0.0,0.0,0.0,0.0,1.4,0.0,103.0
DCA,2023-10-20,1,0,0,0,0,0.0,0.0,0.0,0.0,0.0,0.0,0.0,0.0,0.0,0.0,0.0
DCA,2023-10-20,2,0,0,0,0,0.0,0.0,0.0,0.0,0.0,0.0,0.0,0.0,0.0,0.0,0.0
DCA,2023-10-20,5,3,0,3,0,100.0,100.0,0.0,0.0,14.0,1.87,0.0,0.0,0.0,0.0,0.0
DCA,2023-10-20,6,31,8,31,8,96.77,93.55,75.0,1.58,17.16,5.52,5.48,2.0,3.3,0.0,22.38
DCA,2023-10-20,7,22,28,21,28,90.48,85.71,89.29,19.67,16.29,4.77,22.33,5.5,3.71,2.71,18.25
DCA,2023-10-20,8,40,11,40,11,95.0,57.5,81.82,1.38,28.4,16.2,13.58,2.91,4.57,3.45,7.09
DCA,2023-10-20,9,16,33,16,33,93.75,87.5,84.85,3.19,15.0,2.96,4.81,10.48,4.05,5.52,11.48
DCA,2023-10-20,10,32,20,32,20,87.5,75.0,90.0,9.44,18.75,6.64,13.81,5.3,4.03,2.4,7.25
DCA,2023-10-20,11,24,28,24,28,91.67,79.17,89.29,9.04,18.33,6.74,13.5,4.93,2.19,1.79,5.57
DCA,2023-10-20,12,25,25,25,26,80.0,64.0,80.77,10.04,17.8,5.78,13.76,5.58,1.29,1.31,10.08
DCA,2023-10-20,13,27,26,28,26,82.14,67.86,88.46,10.25,20.36,8.43,16.61,4.31,2.97,2.08,3.08
DCA,2023-10-20,14,22,28,22,28,90.91,72.73,82.14,4.23,18.91,7.3,9.73,6.32,3.77,2.46,8.04
DCA,2023-10-20,15,32,21,33,21,78.79,60.61,85.71,7.06,23.52,11.46,15.79,2.48,3.81,1.52,7.33
DCA,2023-10-20,16,19,33,20,34,85.0,75.0,76.47,5.95,15.1,3.65,8.7,6.41,2.23,2.97,13.59
DCA,2023-10-20,17,32,18,32,18,71.88,71.88,94.44,10.91,17.53,5.6,14.84,3.61,2.94,1.22,2.28
DCA,2023-10-20,18,21,34,21,34,80.95,76.19,76.47,7.52,14.05,2.83,8.43,3.59,4.23,8.0,11.44
DCA,2023-10-20,19,26,22,27,23,81.48,74.07,39.13,15.93,15.04,3.57,18.63,6.0,2.38,11.96,32.57
DCA,2023-10-20,20,26,24,26,25,57.69,53.85,72.0,13.54,18.15,5.96,17.69,3.0,3.54,8.68,16.52
DCA,2023-10-20,21,3,37,4,37,75.0,75.0,56.76,16.5,14.25,2.35,18.0,5.65,3.96,10.27,19.62
DCA,2023-10-20,22,24,19,25,19,52.0,52.0,84.21,20.56,16.12,3.93,23.08,5.58,3.94,2.95,10.11
DCA,2023-10-20,23,0,8,0,8,0.0,0.0,75.0,0.0,0.0,0.0,0.0,2.63,1.21,0.0,9.63
DCA,2023-10-21,0,0,1,0,1,0.0,0.0,100.0,0.0,0.0,0.0,0.0,1.0,1.4,0.0,0.0
DCA,2023-10-21,5,3,0,3,0,100.0,100.0,0.0,0.0,21.0,8.83,5.0,0.0,0.0,0.0,0.0
DCA,2023-10-21,6,22,4,22,4,95.45,90.91,100.0,2.59,15.41,4.28,4.27,6.0,3.05,2.25,0.75
DCA,2023-10-21,7,20,20,20,20,95.0,95.0,90.0,2.45,16.5,4.65,4.4,1.85,2.71,1.9,20.1
DCA,2023-10-21,8,37,11,37,13,94.59,64.86,84.62,4.11,29.27,17.13,16.14,1.77,2.76,3.38,8.31
DCA,2023-10-21,9,15,28,16,29,81.25,56.25,93.1,7.19,22.38,10.42,14.44,7.97,2.15,3.07,2.28
DCA,2023-10-21,10,30,15,30,15,93.33,73.33,100.0,4.43,23.97,11.8,12.0,4.87,1.31,0.13,0.07
DCA,2023-10-21,11,18,23,18,23,100.0,100.0,95.65,1.06,12.89,1.78,1.28,3.17,1.93,0.57,1.91
DCA,2023-10-21,12,21,20,21,20,95.24,80.95,95.0,1.48,17.71,6.12,5.48,1.95,0.87,1.9,7.55
DCA,2023-10-21,13,18,24,18,25,94.44,83.33,84.0,2.28,18.44,6.57,5.89,2.6,1.73,2.2,25.12
DCA,2023-10-21,14,20,24,20,24,80.0,70.0,95.83,11.8,20.2,8.63,17.6,3.96,3.21,3.63,4.46
DCA,2023-10-21,15,21,18,21,19,71.43,61.9,89.47,21.48,22.43,10.15,28.19,9.16,2.9,8.74,15.37
DCA,2023-10-21,16,14,23,14,23,85.71,78.57,91.3,10.57,14.43,3.24,12.14,1.3,2.76,0.65,17.3
DCA,2023-10-21,17,24,18,24,19,91.67,83.33,100.0,5.25,20.29,8.24,10.71,2.16,3.03,1.26,0.79
DCA,2023-10-21,18,17,16,18,16,83.33,83.33,100.0,8.56,14.72,3.56,9.56,2.06,2.49,1.13,0.19
DCA,2023-10-21,19,17,17,18,17,94.44,88.89,88.24,6.56,17.78,5.61,9.11,1.94,1.15,1.12,5.06
DCA,2023-10-21,20,11,14,13,14,92.31,84.62,92.86,3.62,18.31,6.15,7.46,0.36,0.67,0.0,5.64
DCA,2023-10-21,21,2,19,2,19,50.0,50.0,89.47,22.0,13.0,1.45,23.5,1.53,1.11,0.53,8.21
DCA,2023-10-21,22,3,12,3,12,100.0,100.0,91.67,0.0,15.67,3.47,0.0,0.42,3.81,1.42,4.58
DCA,2023-10-21,23,0,6,0,6,0.0,0.0,83.33,0.0,0.0,0.0,0.0,0.67,1.73,0.0,4.83
DCA,2023-10-22,0,0,1,0,1,0.0,0.0,100.0,0.0,0.0,0.0,0.0,0.0,0.4,0.0,3.0
DCA,2023-10-22,5,3,0,3,0,66.67,66.67,0.0,6.0,17.0,4.87,9.67,0.0,0.0,0.0,0.0
DCA,2023-10-22,6,21,1,21,1,100.0,100.0,100.0,0.19,13.14,1.91,0.71,0.0,1.3,0.0,0.0
DCA,2023-10-22,7,16,18,16,18,93.75,93.75,88.89,5.5,14.5,2.74,6.25,2.11,0.78,0.94,21.72
DCA,2023-10-22,8,32,12,32,12,87.5,71.88,100.0,5.63,23.25,11.14,12.66,1.75,2.46,1.75,1.33
DCA,2023-10-22,9,16,28,16,28,93.75,100.0,89.29,1.44,14.25,2.93,2.5,4.93,1.11,3.39,4.79
DCA,2023-10-22,10,30,20,30,21,83.33,80.0,100.0,15.27,18.63,6.39,18.67,2.71,2.04,0.67,0.0
DCA,2023-10-22,11,25,25,26,25,92.31,84.62,92.0,2.81,17.23,5.81,6.35,3.12,2.38,0.48,12.0
DCA,2023-10-22,12,25,24,25,24,76.0,76.0,91.67,10.84,18.2,6.23,14.76,2.79,1.39,0.29,5.71
DCA,2023-10-22,13,27,26,27,26,88.89,62.96,80.77,12.7,24.78,12.63,22.74,3.58,1.89,1.19,19.62
DCA,2023-10-22,14,22,29,22,29,77.27,59.09,93.1,12.0,20.27,8.5,18.0,3.9,2.96,0.52,7.97
DCA,2023-10-22,15,32,21,32,21,84.38,62.5,90.48,8.41,23.34,11.29,16.53,1.86,4.97,2.67,13.9
DCA,2023-10-22,16,20,33,20,33,80.0,80.0,90.91,7.05,14.7,3.4,8.5,5.0,1.96,1.45,4.48
DCA,2023-10-22,17,32,18,32,18,84.38,84.38,88.89,10.66,18.88,6.78,15.16,3.06,3.44,0.61,2.67
DCA,2023-10-22,18,21,34,21,34,80.95,71.43,79.41,13.19,17.43,6.06,17.9,6.59,1.67,4.26,9.18
DCA,2023-10-22,19,25,23,25,24,80.0,64.0,83.33,9.8,20.84,8.96,16.92,9.54,1.97,4.04,11.25
DCA,2023-10-22,20,27,23,27,23,77.78,40.74,65.22,45.22,23.78,11.73,54.07,2.13,5.61,4.78,36.65
DCA,2023-10-22,21,3,37,3,37,100.0,100.0,78.38,0.0,15.0,2.7,0.33,10.68,2.74,7.32,11.84
DCA,2023-10-22,22,24,19,24,19,79.17,66.67,68.42,17.83,18.58,6.38,21.21,5.89,3.58,1.74,19.05
DCA,2023-10-22,23,0,8,0,8,0.0,0.0,87.5,0.0,0.0,0.0,0.0,1.25,0.51,0.0,4.63
DCA,2023-10-23,0,0,1,0,1,0.0,0.0,0.0,0.0,0.0,0.0,0.0,0.0,0.0,0.0,166.0
DCA,2023-10-23,1,0,0,0,0,0.0,0.0,0.0,0.0,0.0,0.0,0.0,0.0,0.0,0.0,0.0
DCA,2023-10-23,3,0,0,0,0,0.0,0.0,0.0,0.0,0.0,0.0,0.0,0.0,0.0,0.0,0.0
DCA,2023-10-23,5,3,0,3,0,100.0,100.0,0.0,3.0,12.67,0.53,3.33,0.0,0.0,0.0,0.0
DCA,2023-10-23,6,31,8,31,8,93.55,87.1,100.0,2.68,16.84,5.41,5.58,0.5,6.05,1.38,0.0
DCA,2023-10-23,7,22,28,22,28,90.91,90.91,89.29,9.41,19.64,7.56,13.73,7.93,3.14,5.07,4.39
DCA,2023-10-23,8,40,11,40,12,90.0,45.0,83.33,10.63,31.25,19.11,25.5,3.5,6.32,7.58,5.83
DCA,2023-10-23,9,16,33,16,34,87.5,75.0,73.53,4.06,18.19,6.31,9.0,11.06,2.81,5.26,10.82
DCA,2023-10-23,10,32,20,32,20,90.63,81.25,85.0,7.19,18.5,6.44,11.66,2.2,2.63,1.6,8.15
DCA,2023-10-23,11,24,28,24,27,87.5,79.17,96.3,5.46,18.21,6.79,10.29,3.96,1.07,0.0,3.52
DCA,2023-10-23,12,25,25,26,25,88.46,80.77,84.0,5.88,17.88,6.13,9.35,3.52,1.67,0.52,6.2
DCA,2023-10-23,13,28,26,28,26,85.71,71.43,84.62,9.86,22.46,10.61,16.64,5.81,1.4,1.04,19.38
DCA,2023-10-23,14,22,28,22,29,81.82,68.18,86.21,9.59,20.86,9.02,15.68,9.14,0.87,1.66,7.38
DCA,2023-10-23,15,32,21,32,23,81.25,71.88,95.65,9.0,21.34,9.31,14.66,4.09,0.92,0.78,1.61
DCA,2023-10-23,16,19,33,21,33,76.19,71.43,84.85,13.0,18.19,6.52,15.76,8.45,0.69,1.64,9.91
DCA,2023-10-23,17,32,19,32,19,93.75,78.13,84.21,6.72,19.91,7.71,10.59,3.47,1.52,0.47,11.74
DCA,2023-10-23,18,21,34,21,34,66.67,61.9,91.18,15.57,16.76,4.93,18.57,5.65,0.56,1.71,3.38
DCA,2023-10-23,19,26,22,27,23,70.37,55.56,86.96,14.07,25.11,13.29,24.52,6.96,1.45,1.13,4.87
DCA,2023-10-23,20,26,24,26,24,80.77,57.69,79.17,12.5,24.65,12.62,20.54,3.79,5.4,2.38,11.92
DCA,2023-10-23,21,3,37,3,37,100.0,100.0,81.08,0.0,15.33,3.47,0.0,7.84,3.86,3.54,9.81
DCA,2023-10-23,22,24,19,24,19,91.67,79.17,89.47,5.0,19.25,6.98,9.21,1.47,4.32,0.37,6.32
DCA,2023-10-23,23,0,8,0,8,0.0,0.0,87.5,0.0,0.0,0.0,0.0,0.88,0.34,0.0,3.25
DCA,2023-10-24,0,0,1,0,1,0.0,0.0,0.0,0.0,0.0,0.0,0.0,2.0,0.0,0.0,90.0
DCA,2023-10-24,2,0,0,0,0,0.0,0.0,0.0,0.0,0.0,0.0,0.0,0.0,0.0,0.0,0.0
DCA,2023-10-24,5,3,0,3,0,100.0,66.67,0.0,5.0,18.0,6.2,10.33,0.0,0.0,0.0,0.0
DCA,2023-10-24,6,31,8,31,8,93.55,77.42,100.0,5.97,23.13,11.44,13.71,0.88,9.18,1.88,0.88
DCA,2023-10-24,7,22,27,22,27,95.45,90.91,96.3,1.45,18.77,7.06,5.59,7.63,7.05,4.63,3.3
DCA,2023-10-24,8,39,11,40,12,92.5,67.5,100.0,2.9,22.73,10.63,10.4,1.5,6.34,2.83,1.58
DCA,2023-10-24,9,16,33,16,33,87.5,81.25,93.94,5.69,15.25,3.63,6.81,8.61,2.6,2.94,2.64
DCA,2023-10-24,10,32,20,32,20,96.88,87.5,95.0,1.0,21.69,9.49,5.72,2.15,1.86,0.0,0.85
DCA,2023-10-24,11,23,29,23,30,91.3,86.96,93.33,3.43,13.91,2.62,4.43,2.63,2.62,0.67,5.93
DCA,2023-10-24,12,25,24,25,25,92.0,92.0,96.0,10.2,13.44,1.59,10.24,3.68,2.28,1.28,5.36
DCA,2023-10-24,13,27,26,27,26,96.3,92.59,92.31,4.63,19.3,7.13,7.85,3.65,2.68,2.0,6.77
DCA,2023-10-24,14,22,28,22,28,90.91,90.91,92.86,7.23,16.27,4.92,10.14,5.0,3.61,2.29,4.43
DCA,2023-10-24,15,32,21,32,21,93.75,90.63,85.71,4.06,18.0,6.24,6.72,2.43,5.26,4.38,5.19
DCA,2023-10-24,16,19,32,20,33,90.0,80.0,81.82,8.35,16.55,5.26,11.85,4.45,2.68,0.97,6.27
DCA,2023-10-24,17,32,19,33,19,90.91,78.79,94.74,4.27,18.39,6.39,7.58,3.79,2.88,0.89,3.37
DCA,2023-10-24,18,21,32,21,32,95.24,90.48,84.38,15.57,16.71,5.22,17.9,5.22,1.52,3.06,3.75
DCA,2023-10-24,19,26,22,26,23,88.46,84.62,86.96,8.81,15.54,3.88,10.81,9.83,3.43,5.57,8.39
DCA,2023-10-24,20,25,24,25,24,84.0,76.0,95.83,9.84,18.84,6.83,13.52,3.0,2.29,2.92,1.75
DCA,2023-10-24,21,3,37,3,36,66.67,66.67,77.78,30.0,14.0,2.23,29.67,8.86,2.64,5.33,12.58
DCA,2023-10-24,22,24,18,24,18,87.5,87.5,83.33,7.17,19.0,6.96,9.5,2.44,6.67,1.06,7.22
DCA,2023-10-24,23,0,8,0,10,0.0,0.0,80.0,0.0,0.0,0.0,0.0,1.9,0.86,3.2,6.4
DCA,2023-10-25,0,0,1,0,1,0.0,0.0,100.0,0.0,0.0,0.0,0.0,0.0,2.4,0.0,6.0
DCA,2023-10-25,1,0,0,0,0,0.0,0.0,0.0,0.0,0.0,0.0,0.0,0.0,0.0,0.0,0.0
DCA,2023-10-25,5,3,0,3,0,100.0,66.67,0.0,4.33,14.67,2.87,6.67,0.0,0.0,0.0,0.0
DCA,2023-10-25,6,30,8,30,8,96.67,90.0,100.0,1.53,17.43,5.9,5.17,0.75,6.93,0.0,0.0
DCA,2023-10-25,7,21,27,21,28,95.24,85.71,92.86,1.67,17.81,5.93,5.29,5.5,4.11,1.89,13.46
DCA,2023-10-25,8,39,10,40,13,95.0,67.5,84.62,2.98,26.13,14.13,12.33,2.92,5.04,2.15,5.92
DCA,2023-10-25,9,16,33,16,33,93.75,87.5,93.94,3.25,18.38,6.36,6.75,6.76,4.85,3.0,4.52
DCA,2023-10-25,10,31,19,31,19,96.77,90.32,94.74,3.71,17.0,5.16,6.45,2.0,3.84,0.74,5.37
DCA,2023-10-25,11,22,28,23,28,95.65,95.65,100.0,4.22,14.7,3.28,5.61,3.54,2.02,0.39,0.0
DCA,2023-10-25,12,26,24,27,24,100.0,92.59,95.83,1.52,14.44,2.86,2.11,3.92,1.86,1.25,3.54
DCA,2023-10-25,13,27,26,28,26,89.29,85.71,100.0,7.64,19.11,7.15,12.07,2.96,2.09,0.08,0.04
DCA,2023-10-25,14,22,28,22,29,90.91,72.73,86.21,2.95,18.5,7.02,7.0,3.34,6.53,3.93,5.31
DCA,2023-10-25,15,32,21,32,21,87.5,75.0,90.48,4.63,23.94,11.89,12.41,2.14,4.59,2.24,1.95
DCA,2023-10-25,16,19,33,20,34,95.0,90.0,94.12,2.5,18.2,6.59,5.65,5.03,2.22,2.09,3.53
DCA,2023-10-25,17,32,19,32,19,93.75,87.5,94.74,6.84,17.94,5.81,10.59,5.95,3.23,0.58,1.11
DCA,2023-10-25,18,21,34,21,34,90.48,71.43,73.53,12.52,21.24,9.63,19.0,5.24,2.71,4.47,10.59
DCA,2023-10-25,19,26,22,26,23,80.77,76.92,95.65,14.08,17.77,6.26,18.73,10.35,2.67,4.0,6.43
DCA,2023-10-25,20,26,23,28,23,85.71,60.71,86.96,9.0,23.43,11.11,16.82,3.43,3.95,4.87,4.78
DCA,2023-10-25,21,3,37,3,37,66.67,66.67,72.97,8.33,13.33,1.9,10.33,13.14,4.18,10.08,8.3
DCA,2023-10-25,22,24,19,24,19,75.0,70.83,89.47,11.29,17.63,5.51,14.71,2.42,6.37,2.0,3.58
DCA,2023-10-25,23,0,8,0,7,0.0,0.0,71.43,0.0,0.0,0.0,0.0,1.86,3.71,0.29,9.43
DCA,2023-10-26,0,0,1,0,0,0.0,0.0,0.0,0.0,0.0,0.0,0.0,0.0,0.0,0.0,0.0
DCA,2023-10-26,5,3,0,2,0,50.0,50.0,0.0,9.0,13.5,1.45,9.0,0.0,0.0,0.0,0.0
DCA,2023-10-26,6,31,8,30,8,96.67,90.0,100.0,1.4,15.47,4.12,4.03,0.63,4.05,0.0,1.0
DCA,2023-10-26,7,22,28,22,28,100.0,90.91,92.86,0.55,17.64,5.7,3.09,5.14,5.96,2.18,1.71
DCA,2023-10-26,8,40,11,41,12,97.56,80.49,100.0,0.51,23.17,11.05,7.83,2.92,4.57,1.5,1.08
DCA,2023-10-26,9,16,33,16,33,93.75,93.75,90.91,2.44,16.0,4.11,4.88,11.21,3.29,5.3,3.39
DCA,2023-10-26,10,32,20,32,20,93.75,87.5,100.0,1.84,18.69,6.51,5.59,2.15,5.0,0.35,0.65
DCA,2023-10-26,11,24,28,26,32,92.31,88.46,93.75,3.08,16.5,5.46,5.69,3.31,3.14,1.72,3.59
DCA,2023-10-26,12,25,25,27,25,92.59,88.89,96.0,3.7,16.81,4.79,6.26,5.88,1.79,1.96,1.76
DCA,2023-10-26,13,28,26,28,26,92.86,78.57,88.46,2.5,19.82,7.92,8.57,5.19,4.88,4.73,4.04
DCA,2023-10-26,14,22,28,22,28,72.73,54.55,85.71,14.18,22.77,11.09,24.32,3.32,3.87,2.43,25.04
DCA,2023-10-26,15,32,21,33,22,90.91,63.64,81.82,4.82,23.58,11.63,14.12,2.64,5.5,4.36,11.36
DCA,2023-10-26,16,19,33,20,34,80.0,75.0,88.24,7.2,15.6,4.39,10.25,3.62,2.69,1.88,7.0
DCA,2023-10-26,17,32,19,32,19,87.5,87.5,84.21,10.41,17.63,5.57,13.34,3.16,2.88,0.16,13.32
DCA,2023-10-26,18,21,34,21,34,66.67,66.67,85.29,18.14,15.67,4.3,22.0,4.26,2.91,5.65,7.94
DCA,2023-10-26,19,26,22,26,23,65.38,53.85,65.22,13.42,21.08,9.61,22.38,4.04,2.1,11.09,11.13
DCA,2023-10-26,20,26,24,26,24,80.77,50.0,79.17,4.92,25.42,13.25,16.19,2.75,3.67,3.63,10.38
DCA,2023-10-26,21,3,37,3,37,100.0,100.0,83.78,0.0,16.0,4.13,0.67,9.49,3.39,4.43,36.65
DCA,2023-10-26,22,24,19,24,19,83.33,75.0,94.74,10.54,17.54,5.75,13.67,2.26,4.06,0.95,2.32
DCA,2023-10-26,23,0,8,0,8,0.0,0.0,87.5,0.0,0.0,0.0,0.0,2.13,3.28,0.0,3.88
DCA,2023-10-27,0,0,1,0,1,0.0,0.0,100.0,0.0,0.0,0.0,0.0,0.0,1.4,0.0,0.0
DCA,2023-10-27,5,3,0,3,0,100.0,100.0,0.0,0.0,14.0,2.53,0.0,0.0,0.0,0.0,0.0
DCA,2023-10-27,6,31,8,31,8,87.1,83.87,75.0,10.84,17.74,6.11,15.19,1.13,7.26,3.13,34.13
DCA,2023-10-27,7,22,28,22,28,77.27,77.27,92.86,11.05,17.59,5.77,14.45,6.14,5.79,2.21,4.21
DCA,2023-10-27,8,40,11,40,11,92.5,80.0,100.0,2.25,20.8,8.68,7.38,2.64,3.41,3.0,1.91
DCA,2023-10-27,9,16,33,16,33,100.0,87.5,87.88,0.75,17.31,5.29,4.06,9.12,3.72,3.21,3.55
DCA,2023-10-27,10,32,20,32,20,90.63,87.5,80.0,8.13,18.94,6.8,12.25,3.7,1.98,0.25,21.85
DCA,2023-10-27,11,24,28,24,29,79.17,79.17,93.1,22.88,14.75,3.42,24.42,2.38,3.19,1.79,4.69
DCA,2023-10-27,12,25,25,25,25,80.0,72.0,88.0,14.56,15.96,3.9,17.28,5.56,1.32,1.36,7.6
DCA,2023-10-27,13,27,26,27,27,88.89,74.07,81.48,6.37,20.07,8.04,11.63,4.04,6.61,4.59,7.15
DCA,2023-10-27,14,22,28,23,28,78.26,60.87,92.86,8.61,20.7,9.05,15.26,5.61,4.81,1.75,7.86
DCA,2023-10-27,15,32,21,32,22,81.25,65.63,90.91,32.0,21.06,9.05,38.66,2.41,5.31,3.86,13.86
DCA,2023-10-27,16,19,33,19,33,94.74,89.47,93.94,3.53,14.37,2.94,5.42,3.64,2.24,0.18,5.73
DCA,2023-10-27,17,32,18,33,18,87.88,87.88,100.0,4.91,16.58,4.8,7.55,3.28,2.84,0.06,0.33
DCA,2023-10-27,18,21,34,21,34,80.95,61.9,73.53,15.0,17.38,5.92,19.1,4.03,3.78,4.47,13.18
DCA,2023-10-27,19,26,22,26,23,76.92,61.54,78.26,11.88,17.81,6.19,17.12,9.09,2.33,6.48,9.17
DCA,2023-10-27,20,26,24,26,24,69.23,57.69,91.67,15.77,20.62,8.56,21.62,1.75,6.16,4.17,5.29
DCA,2023-10-27,21,3,37,3,38,100.0,100.0,86.84,0.0,18.0,5.7,2.67,4.68,3.78,1.05,30.18
DCA,2023-10-27,22,24,19,25,19,84.0,84.0,89.47,7.52,15.88,3.72,8.52,1.63,4.48,1.47,12.42
DCA,2023-10-27,23,0,8,0,8,0.0,0.0,62.5,0.0,0.0,0.0,0.0,2.25,1.25,0.88,15.25
DCA,2023-10-28,0,0,0,0,0,0.0,0.0,0.0,0.0,0.0,0.0,0.0,0.0,0.0,0.0,0.0
DCA,2023-10-28,5,3,0,3,1,66.67,66.67,0.0,18.67,14.0,1.83,20.0,3.0,0.3,7.0,40.0
DCA,2023-10-28,6,22,4,22,4,90.91,90.91,100.0,14.68,17.23,5.96,18.86,1.0,3.05,0.0,0.0
DCA,2023-10-28,7,20,20,20,22,90.0,85.0,90.91,28.9,18.6,6.64,32.6,1.91,5.27,0.45,10.32
DCA,2023-10-28,8,36,11,37,11,94.59,64.86,90.91,2.22,25.41,13.36,11.54,3.55,5.05,2.64,2.45
DCA,2023-10-28,9,15,28,15,28,86.67,86.67,92.86,3.6,16.67,5.54,7.53,7.29,4.81,2.61,5.89
DCA,2023-10-28,10,30,15,30,15,96.67,93.33,93.33,2.3,18.2,6.14,5.13,2.4,1.29,0.0,1.13
DCA,2023-10-28,11,17,22,17,22,88.24,88.24,86.36,9.59,14.47,3.6,11.82,1.45,1.17,0.86,5.27
DCA,2023-10-28,12,21,20,23,20,86.96,82.61,95.0,4.35,17.57,5.78,8.0,1.6,1.35,0.4,2.7
DCA,2023-10-28,13,18,24,18,24,94.44,94.44,91.67,9.28,18.5,6.38,11.61,2.58,2.05,1.33,1.79
DCA,2023-10-28,14,20,25,21,25,90.48,80.95,100.0,7.0,23.86,12.5,16.86,5.08,3.67,0.72,0.76
DCA,2023-10-28,15,23,17,23,17,91.3,78.26,82.35,2.09,23.22,11.03,9.78,1.71,5.08,0.94,21.65
DCA,2023-10-28,16,14,25,14,25,85.71,78.57,92.0,25.86,14.29,3.14,27.5,2.32,2.86,0.16,6.72
DCA,2023-10-28,17,25,18,25,18,100.0,92.0,94.44,0.12,22.56,10.48,6.68,2.11,5.59,0.28,7.56
DCA,2023-10-28,18,17,17,17,17,94.12,82.35,88.24,11.35,18.06,6.76,15.18,2.53,1.26,0.0,6.82
DCA,2023-10-28,19,17,16,18,16,83.33,83.33,81.25,8.67,18.06,5.78,11.39,1.75,2.72,0.0,10.0
DCA,2023-10-28,20,12,13,12,14,91.67,83.33,100.0,10.25,14.33,2.62,12.0,1.43,0.54,0.36,1.43
DCA,2023-10-28,21,2,19,2,19,100.0,100.0,78.95,0.0,10.5,0.0,0.0,1.74,2.57,0.63,6.58
DCA,2023-10-28,22,3,12,3,12,100.0,100.0,83.33,0.0,17.67,5.37,1.67,1.5,6.56,4.17,5.75
DCA,2023-10-28,23,0,6,0,6,0.0,0.0,100.0,0.0,0.0,0.0,0.0,2.5,1.22,0.0,2.17
DCA,2023-10-29,0,0,1,0,0,0.0,0.0,0.0,0.0,0.0,0.0,0.0,0.0,0.0,0.0,0.0
DCA,2023-10-29,5,2,0,2,0,100.0,100.0,0.0,0.0,15.0,2.8,0.0,0.0,0.0,0.0,0.0
DCA,2023-10-29,6,23,1,23,1,95.65,95.65,100.0,0.83,14.3,3.0,2.13,1.0,2.3,0.0,0.0
DCA,2023-10-29,7,15,19,15,19,100.0,100.0,94.74,0.13,16.47,4.79,2.07,1.84,0.94,0.0,2.11
DCA,2023-10-29,8,33,14,33,14,96.97,69.7,100.0,1.18,26.52,14.39,10.64,4.93,0.95,0.64,0.79
DCA,2023-10-29,9,17,28,17,28,94.12,88.24,92.86,2.0,17.47,5.71,4.29,3.57,1.5,0.18,15.54
DCA,2023-10-29,10,30,20,30,20,90.0,66.67,95.0,8.13,23.17,10.9,15.4,2.65,3.17,0.1,6.45
DCA,2023-10-29,11,23,26,23,26,91.3,91.3,100.0,7.83,14.83,3.4,9.09,4.08,1.01,0.35,0.04
DCA,2023-10-29,12,28,24,28,24,85.71,85.71,91.67,8.64,16.71,4.96,10.39,1.63,2.03,1.75,4.08
DCA,2023-10-29,13,28,29,28,30,85.71,75.0,93.33,10.32,18.11,6.18,14.86,3.5,0.28,1.27,6.43
DCA,2023-10-29,14,22,29,22,29,77.27,63.64,86.21,10.91,25.91,13.92,22.77,5.83,1.66,2.41,6.14
DCA,2023-10-29,15,34,19,36,19,77.78,47.22,73.68,31.64,27.47,15.34,43.53,2.89,4.73,3.32,15.95
DCA,2023-10-29,16,17,38,17,38,76.47,41.18,84.21,15.35,24.24,12.88,25.65,2.34,4.27,1.5,8.18
DCA,2023-10-29,17,37,17,37,17,75.68,59.46,70.59,13.0,21.68,9.58,20.35,13.29,6.07,11.29,35.53
DCA,2023-10-29,18,20,35,20,35,60.0,60.0,91.43,28.1,19.75,7.94,33.65,6.29,1.61,2.6,7.37
DCA,2023-10-29,19,27,22,27,23,70.37,40.74,82.61,17.63,26.59,14.61,30.85,4.91,5.64,4.61,10.57
DCA,2023-10-29,20,26,25,27,26,88.89,37.04,80.77,4.78,33.78,21.63,22.63,1.69,6.88,2.77,8.88
DCA,2023-10-29,21,3,33,3,33,66.67,66.67,81.82,14.0,21.0,8.7,17.67,3.15,5.22,2.09,14.79
DCA,2023-10-29,22,24,19,26,19,92.31,80.77,84.21,9.73,23.38,11.17,17.15,1.58,1.45,0.16,6.79
DCA,2023-10-29,23,0,13,0,13,0.0,0.0,84.62,0.0,0.0,0.0,0.0,0.62,1.3,0.0,7.69
DCA,2023-10-30,0,0,1,0,1,0.0,0.0,100.0,0.0,0.0,0.0,0.0,0.0,0.0,0.0,0.0
DCA,2023-10-30,5,3,0,3,0,66.67,66.67,0.0,35.0,14.0,2.53,36.0,0.0,0.0,0.0,0.0
DCA,2023-10-30,6,32,8,32,10,96.88,93.75,90.0,0.72,17.5,5.92,4.31,0.4,3.51,2.7,3.4
DCA,2023-10-30,7,22,29,22,29,95.45,95.45,93.1,3.59,16.91,5.09,5.55,2.97,5.17,2.9,7.45
DCA,2023-10-30,8,41,12,41,13,92.68,75.61,92.31,3.68,22.29,10.15,9.49,1.0,2.73,0.38,11.54
DCA,2023-10-30,9,17,33,17,33,94.12,94.12,90.91,9.12,17.88,6.06,12.0,4.94,4.63,1.18,19.91
DCA,2023-10-30,10,32,20,32,21,84.38,78.13,90.48,12.19,21.53,9.28,18.22,2.95,1.54,2.29,3.9
DCA,2023-10-30,11,24,30,24,30,91.67,87.5,93.33,4.33,16.0,4.79,7.29,3.5,1.28,0.27,2.6
DCA,2023-10-30,12,27,24,26,24,84.62,84.62,87.5,6.5,16.38,4.52,8.88,4.54,0.99,0.58,17.83
DCA,2023-10-30,13,28,28,28,28,78.57,50.0,85.71,10.46,26.82,14.78,22.54,2.46,5.25,2.71,8.32
DCA,2023-10-30,14,22,29,23,29,86.96,56.52,79.31,19.3,27.83,15.75,31.22,3.21,3.55,1.34,22.79
DCA,2023-10-30,15,34,19,34,19,79.41,52.94,84.21,25.21,27.62,15.5,37.09,2.95,1.16,1.47,5.95
DCA,2023-10-30,16,17,38,17,38,76.47,58.82,84.21,10.12,19.06,7.64,16.71,4.24,2.31,0.89,13.39
DCA,2023-10-30,17,37,17,37,17,75.68,54.05,76.47,39.65,23.38,11.35,48.73,2.94,3.81,0.88,36.65
DCA,2023-10-30,18,20,35,20,35,80.0,75.0,74.29,17.75,19.1,7.16,21.1,4.63,1.59,1.31,14.31
DCA,2023-10-30,19,28,21,28,22,71.43,60.71,81.82,28.18,20.43,8.67,35.57,9.82,2.79,3.64,12.0
DCA,2023-10-30,20,25,25,25,25,72.0,60.0,72.0,23.12,22.88,10.75,30.48,3.84,2.32,0.88,22.12
DCA,2023-10-30,21,3,34,3,34,100.0,100.0,64.71,0.0,14.67,2.37,0.0,7.26,2.25,5.21,45.47
DCA,2023-10-30,22,24,19,25,19,68.0,60.0,89.47,36.08,17.48,5.4,39.44,4.63,4.13,3.32,4.79
DCA,2023-10-30,23,0,13,0,13,0.0,0.0,69.23,0.0,0.0,0.0,0.0,2.15,4.41,1.46,14.15
DCA,2023-10-31,0,0,1,0,1,0.0,0.0,100.0,0.0,0.0,0.0,0.0,0.0,0.4,0.0,0.0
DCA,2023-10-31,1,0,0,0,0,0.0,0.0,0.0,0.0,0.0,0.0,0.0,0.0,0.0,0.0,0.0
DCA,2023-10-31,5,3,0,3,0,66.67,66.67,0.0,6.67,20.67,8.93,14.67,0.0,0.0,0.0,0.0
DCA,2023-10-31,6,31,8,31,8,96.77,96.77,87.5,1.68,19.16,7.29,5.32,0.75,5.55,1.0,11.13
DCA,2023-10-31,7,22,29,22,30,90.91,90.91,86.67,8.05,19.45,7.79,11.68,5.53,4.3,6.43,5.73
DCA,2023-10-31,8,41,12,42,13,97.62,40.48,69.23,1.69,34.64,22.48,20.05,3.92,9.69,9.38,13.92
DCA,2023-10-31,9,17,32,17,32,94.12,64.71,87.5,1.53,24.76,12.88,11.59,11.19,3.79,3.5,14.84
DCA,2023-10-31,10,32,20,32,20,84.38,59.38,95.0,7.19,23.91,11.85,15.03,2.8,2.43,4.35,3.65
DCA,2023-10-31,11,24,30,24,30,83.33,79.17,96.67,9.08,18.83,7.23,12.96,3.63,2.04,1.9,2.23
DCA,2023-10-31,12,27,25,27,25,92.59,85.19,80.0,7.41,22.19,10.01,12.67,3.84,3.96,2.72,20.0
DCA,2023-10-31,13,29,28,29,29,82.76,68.97,93.1,33.03,22.66,10.81,39.93,5.14,3.21,2.9,3.69
DCA,2023-10-31,14,22,29,22,29,95.45,90.91,82.76,3.82,18.55,6.5,6.05,8.03,0.75,7.41,6.66
DCA,2023-10-31,15,34,19,34,19,97.06,73.53,84.21,4.0,26.18,14.05,12.79,3.11,3.57,2.0,5.74
DCA,2023-10-31,16,17,38,18,39,94.44,88.89,79.49,0.94,17.06,5.59,4.17,4.74,1.86,1.08,19.0
DCA,2023-10-31,17,37,17,38,17,81.58,71.05,82.35,9.08,19.58,7.55,13.92,6.18,0.82,1.0,11.88
DCA,2023-10-31,18,19,34,19,34,89.47,84.21,85.29,8.26,15.58,3.91,9.53,5.94,1.24,5.15,6.21
DCA,2023-10-31,19,27,21,27,22,74.07,66.67,68.18,10.7,17.41,5.69,14.19,8.41,0.3,11.5,58.09
DCA,2023-10-31,20,24,23,24,23,70.83,66.67,91.3,12.88,19.17,7.05,16.71,4.35,0.79,1.04,4.3
DCA,2023-10-31,21,2,33,2,33,100.0,100.0,84.85,0.0,14.5,2.2,0.0,9.76,1.07,1.3,11.64
DCA,2023-10-31,22,24,17,24,17,83.33,79.17,82.35,11.71,18.75,6.69,14.79,2.24,2.81,3.94,8.76
DCA,2023-10-31,23,0,13,0,13,0.0,0.0,84.62,0.0,0.0,0.0,0.0,1.85,1.53,4.92,4.31
DCA,2023-11-01,0,0,1,0,1,0.0,0.0,100.0,0.0,0.0,0.0,0.0,0.0,0.0,0.0,0.0
DCA,2023-11-01,1,0,0,0,0,0.0,0.0,0.0,0.0,0.0,0.0,0.0,0.0,0.0,0.0,0.0
DCA,2023-11-01,5,3,0,3,0,100.0,100.0,0.0,0.0,17.33,5.87,3.33,0.0,0.0,0.0,0.0
DCA,2023-11-01,6,31,8,31,8,93.55,93.55,75.0,4.94,15.77,4.39,6.68,0.88,3.67,8.38,6.25
DCA,2023-11-01,7,21,28,21,29,85.71,85.71,89.66,8.76,19.62,7.63,14.0,4.62,5.44,7.1,5.24
DCA,2023-11-01,8,39,10,40,12,90.0,65.0,75.0,4.53,24.9,12.76,13.53,31.33,1.72,28.5,53.42
DCA,2023-11-01,9,15,32,15,32,100.0,93.33,84.38,0.53,20.13,8.15,6.47,7.84,2.42,4.09,11.13
DCA,2023-11-01,10,32,19,31,19,83.87,70.97,94.74,18.0,22.48,10.25,25.13,3.32,1.61,0.53,5.95
DCA,2023-11-01,11,23,29,23,29,78.26,78.26,96.55,12.13,16.74,5.27,16.0,4.07,2.05,1.24,1.03
DCA,2023-11-01,12,26,24,26,24,92.31,80.77,91.67,5.58,21.38,9.33,12.54,5.58,3.27,2.17,4.08
DCA,2023-11-01,13,27,28,27,28,88.89,70.37,82.14,5.0,24.3,12.46,13.93,4.21,2.03,2.14,5.82
DCA,2023-11-01,14,22,27,22,27,77.27,63.64,88.89,17.59,20.5,8.45,24.09,10.41,1.66,3.52,4.04
DCA,2023-11-01,15,32,19,32,19,96.88,68.75,73.68,2.09,25.75,13.71,12.22,5.05,3.85,3.26,29.79
DCA,2023-11-01,16,16,37,17,38,94.12,82.35,86.84,2.18,21.0,9.43,8.35,5.37,1.32,0.79,5.37
DCA,2023-11-01,17,36,16,36,16,83.33,50.0,93.75,14.5,25.28,13.3,25.31,7.13,2.46,0.94,7.19
DCA,2023-11-01,18,20,34,20,34,85.0,70.0,85.29,10.3,23.2,11.48,17.5,6.5,1.78,2.44,6.62
DCA,2023-11-01,19,27,21,28,22,92.86,64.29,77.27,3.39,23.43,11.76,12.54,11.27,5.24,6.91,17.0
DCA,2023-11-01,20,25,23,25,23,88.0,56.0,91.3,11.4,27.16,14.89,22.0,1.91,4.67,0.96,6.0
DCA,2023-11-01,21,3,34,3,34,100.0,100.0,91.18,0.0,14.0,1.7,0.0,5.35,2.19,2.65,5.09
DCA,2023-11-01,22,24,19,24,19,91.67,83.33,94.74,5.88,25.04,12.77,12.92,2.26,2.75,0.58,2.95
DCA,2023-11-01,23,0,13,0,13,0.0,0.0,84.62,0.0,0.0,0.0,0.0,2.46,0.41,0.0,6.31
DCA,2023-11-02,0,0,1,0,1,0.0,0.0,100.0,0.0,0.0,0.0,0.0,9.0,0.4,0.0,0.0
DCA,2023-11-02,5,3,0,3,0,100.0,100.0,0.0,0.0,18.0,6.2,3.0,0.0,0.0,0.0,0.0
DCA,2023-11-02,6,32,8,33,8,93.94,90.91,100.0,2.76,16.85,5.34,6.09,0.5,3.3,2.75,1.63
DCA,2023-11-02,7,20,29,19,29,94.74,84.21,96.55,7.05,17.11,5.12,8.89,3.28,3.04,3.76,12.93
DCA,2023-11-02,8,39,11,40,13,90.0,62.5,84.62,6.93,26.93,14.79,16.73,3.08,5.88,4.31,9.31
DCA,2023-11-02,9,17,32,18,32,88.89,83.33,84.38,3.94,18.33,6.37,8.11,6.88,2.98,2.09,9.75
DCA,2023-11-02,10,32,19,33,21,87.88,75.76,95.24,8.88,21.97,9.74,14.97,2.29,4.5,1.0,2.67
DCA,2023-11-02,11,23,28,23,28,78.26,69.57,89.29,13.61,19.39,7.75,18.91,4.5,3.37,1.96,8.96
DCA,2023-11-02,12,26,24,27,24,92.59,88.89,87.5,5.37,20.41,8.27,10.04,4.42,3.96,1.67,3.71
DCA,2023-11-02,13,28,28,28,28,75.0,67.86,89.29,10.11,19.5,7.66,15.39,2.57,2.01,0.36,8.89
DCA,2023-11-02,14,22,28,22,28,86.36,68.18,89.29,4.91,23.41,11.28,12.27,2.25,3.19,1.54,4.18
DCA,2023-11-02,15,34,19,34,19,88.24,73.53,84.21,5.68,22.5,10.36,12.76,2.11,5.02,1.42,7.74
DCA,2023-11-02,16,16,37,18,38,100.0,94.44,89.47,0.67,17.28,5.68,3.83,5.13,1.67,1.92,3.5
DCA,2023-11-02,17,36,16,36,16,86.11,77.78,93.75,4.67,17.67,5.75,8.06,3.38,3.18,0.5,8.94
DCA,2023-11-02,18,20,35,20,36,80.0,80.0,77.78,13.55,15.2,3.69,15.4,7.0,3.68,4.11,19.72
DCA,2023-11-02,19,27,22,27,23,77.78,66.67,82.61,16.96,18.96,7.88,23.11,13.96,1.73,6.48,8.17
DCA,2023-11-02,20,26,24,27,24,92.59,62.96,70.83,5.85,24.78,12.76,14.85,5.54,4.12,5.42,15.08
DCA,2023-11-02,21,3,34,3,34,100.0,100.0,85.29,0.0,15.33,3.03,0.0,7.15,3.24,3.35,8.71
DCA,2023-11-02,22,24,19,24,20,83.33,79.17,90.0,7.04,19.04,7.04,10.33,3.9,4.21,0.5,13.9
DCA,2023-11-02,23,0,13,0,13,0.0,0.0,84.62,0.0,0.0,0.0,0.0,2.69,1.92,2.46,11.15
DCA,2023-11-03,0,0,1,0,1,0.0,0.0,100.0,0.0,0.0,0.0,0.0,0.0,0.4,0.0,0.0
DCA,2023-11-03,5,3,0,3,0,100.0,100.0,0.0,0.0,13.0,1.2,0.0,0.0,0.0,0.0,0.0
DCA,2023-11-03,6,32,8,32,8,96.88,90.63,100.0,2.41,16.31,4.59,5.16,0.63,7.68,2.38,0.5
DCA,2023-11-03,7,21,29,21,29,85.71,80.95,89.66,4.62,17.71,5.87,7.9,6.48,3.79,4.21,4.0
DCA,2023-11-03,8,40,11,40,11,92.5,67.5,100.0,2.58,24.98,12.92,11.78,1.18,1.95,0.0,1.09
DCA,2023-11-03,9,17,32,17,32,94.12,88.24,84.38,1.59,17.88,6.0,4.76,4.97,5.81,2.78,16.84
DCA,2023-11-03,10,32,20,32,20,87.5,68.75,90.0,10.97,20.31,8.12,16.25,2.25,6.25,1.1,7.35
DCA,2023-11-03,11,23,29,23,29,82.61,82.61,100.0,16.7,14.39,3.04,18.3,3.28,1.68,0.48,0.03
DCA,2023-11-03,12,26,24,25,23,100.0,88.0,82.61,0.88,16.56,4.86,4.0,6.22,1.6,0.43,8.39
DCA,2023-11-03,13,28,28,28,28,89.29,85.71,92.86,5.82,17.54,5.73,8.57,5.75,2.45,1.68,8.46
DCA,2023-11-03,14,22,28,22,28,81.82,77.27,96.43,14.95,19.0,6.96,19.68,5.04,3.3,1.14,2.0
DCA,2023-11-03,15,34,19,34,19,88.24,73.53,89.47,7.21,19.03,6.91,12.0,2.63,2.25,3.32,7.95
DCA,2023-11-03,16,16,37,16,37,87.5,75.0,81.08,5.56,15.69,4.21,8.44,3.97,2.29,1.7,8.11
DCA,2023-11-03,17,36,16,36,16,83.33,63.89,81.25,6.64,21.19,9.15,13.31,3.44,3.67,0.69,12.88
DCA,2023-11-03,18,20,35,20,35,65.0,60.0,82.86,18.55,15.25,3.86,21.6,7.0,3.2,4.34,9.6
DCA,2023-11-03,19,27,22,28,23,64.29,57.14,78.26,23.96,17.21,5.86,28.93,9.39,3.17,5.04,14.7
DCA,2023-11-03,20,26,24,26,25,80.77,76.92,68.0,12.77,18.96,6.8,16.65,4.6,4.41,3.8,11.48
DCA,2023-11-03,21,3,34,3,34,100.0,100.0,79.41,0.67,15.67,3.37,2.33,11.18,2.59,4.94,10.91
DCA,2023-11-03,22,24,19,25,19,76.0,76.0,84.21,11.2,17.36,5.33,15.04,2.58,6.39,2.05,4.95
DCA,2023-11-03,23,0,13,0,13,0.0,0.0,84.62,0.0,0.0,0.0,0.0,2.62,2.65,0.77,5.38
DCA,2023-11-04,0,0,0,0,1,0.0,0.0,0.0,0.0,0.0,0.0,0.0,0.0,2.4,0.0,16.0
DCA,2023-11-04,5,3,0,3,0,100.0,66.67,0.0,4.0,14.67,2.5,5.0,0.0,0.0,0.0,0.0
DCA,2023-11-04,6,23,4,23,4,100.0,95.65,75.0,0.87,16.22,5.04,3.3,1.75,11.55,6.25,4.0
DCA,2023-11-04,7,19,20,20,21,95.0,80.0,90.48,12.35,18.25,6.57,16.5,1.52,5.59,1.38,6.48
DCA,2023-11-04,8,38,12,38,13,100.0,78.95,92.31,0.13,24.11,12.09,8.0,2.62,4.3,3.08,2.54
DCA,2023-11-04,9,15,28,15,29,80.0,80.0,93.1,11.73,19.67,8.08,16.53,6.31,6.78,4.07,3.0
DCA,2023-11-04,10,30,15,30,15,93.33,83.33,86.67,3.03,18.63,6.68,6.73,3.4,2.55,0.2,5.93
DCA,2023-11-04,11,17,22,17,22,94.12,94.12,100.0,2.71,14.71,3.52,4.12,2.32,3.25,0.05,0.0
DCA,2023-11-04,12,24,19,24,19,91.67,91.67,94.74,3.88,14.83,3.28,5.0,3.05,2.14,0.21,1.21
DCA,2023-11-04,13,18,24,18,24,100.0,94.44,95.83,1.0,16.61,5.03,2.94,1.83,2.8,0.63,1.17
DCA,2023-11-04,14,19,26,20,26,90.0,75.0,84.62,8.3,19.05,7.24,13.35,4.92,2.29,2.42,10.15
DCA,2023-11-04,15,24,16,24,16,91.67,50.0,93.75,2.25,29.29,16.95,14.75,2.38,3.01,1.0,5.06
DCA,2023-11-04,16,13,26,14,26,85.71,71.43,96.15,7.79,18.93,7.69,13.71,0.85,2.42,0.69,2.73
DCA,2023-11-04,17,26,16,26,16,92.31,84.62,93.75,4.96,17.12,5.27,7.04,2.81,3.29,2.0,4.13
DCA,2023-11-04,18,17,18,18,18,83.33,77.78,88.89,22.56,17.0,5.54,25.33,3.83,1.92,0.61,7.17
DCA,2023-11-04,19,18,17,18,17,88.89,88.89,82.35,6.28,15.28,3.38,7.0,1.35,7.21,2.47,6.0
DCA,2023-11-04,20,11,15,12,15,66.67,66.67,93.33,10.17,18.67,6.83,12.75,2.07,0.79,0.6,14.73
DCA,2023-11-04,21,2,16,2,16,100.0,100.0,93.75,0.0,14.0,1.8,0.0,1.88,4.71,1.75,2.13
DCA,2023-11-04,22,3,14,3,14,100.0,100.0,92.86,0.0,16.33,4.03,0.33,1.43,0.28,0.21,1.79
DCA,2023-11-04,23,0,9,0,9,0.0,0.0,100.0,0.0,0.0,0.0,0.0,1.11,1.31,0.0,0.44
DCA,2023-11-05,0,0,1,0,1,0.0,0.0,100.0,0.0,0.0,0.0,0.0,3.0,0.0,0.0,0.0
DCA,2023-11-05,5,2,0,2,0,100.0,100.0,0.0,0.0,19.0,6.9,4.0,0.0,0.0,0.0,0.0
DCA,2023-11-05,6,22,0,22,0,95.45,95.45,0.0,2.27,14.95,3.6,4.0,0.0,0.0,0.0,0.0
DCA,2023-11-05,7,16,19,16,19,100.0,100.0,94.74,0.81,14.06,2.48,1.38,1.21,3.19,1.16,1.47
DCA,2023-11-05,8,30,14,30,13,93.33,83.33,100.0,6.23,19.0,6.92,10.07,1.38,2.63,1.77,0.54
DCA,2023-11-05,9,20,24,20,24,100.0,100.0,100.0,0.7,15.45,4.08,2.15,3.5,0.68,0.29,0.04
DCA,2023-11-05,10,29,18,28,18,100.0,85.71,94.44,0.36,22.5,10.16,6.79,1.22,1.12,0.33,4.33
DCA,2023-11-05,11,25,24,26,24,84.62,84.62,87.5,6.54,16.88,5.44,10.08,1.83,1.31,2.54,5.63
DCA,2023-11-05,12,20,29,20,29,95.0,80.0,100.0,5.3,16.65,5.02,8.35,2.62,1.17,0.38,0.38
DCA,2023-11-05,13,27,28,27,28,81.48,62.96,85.71,9.44,20.56,8.89,15.33,2.82,3.01,3.04,6.96
DCA,2023-11-05,14,24,27,24,27,95.83,79.17,85.19,2.5,21.96,9.75,8.75,3.41,6.46,4.56,4.74
DCA,2023-11-05,15,34,18,34,18,73.53,70.59,94.44,16.82,18.97,7.11,21.24,2.44,2.46,0.78,21.39
DCA,2023-11-05,16,17,36,17,37,76.47,76.47,78.38,13.47,15.47,3.96,15.82,4.76,1.79,1.84,11.97
DCA,2023-11-05,17,35,17,35,17,77.14,65.71,88.24,12.26,20.26,8.18,17.63,3.94,2.74,0.29,3.18
DCA,2023-11-05,18,20,35,20,35,90.0,85.0,80.0,4.75,18.8,7.17,10.1,8.17,2.59,5.69,16.86
DCA,2023-11-05,19,27,23,27,23,74.07,51.85,78.26,12.26,22.48,10.64,21.15,9.61,1.74,5.61,5.57
DCA,2023-11-05,20,26,23,26,24,80.77,53.85,91.67,11.12,25.0,12.74,20.15,2.5,2.75,2.67,5.58
DCA,2023-11-05,21,3,34,3,34,66.67,66.67,76.47,37.0,18.0,5.7,42.0,9.09,2.25,6.0,14.5
DCA,2023-11-05,22,24,19,25,19,92.0,76.0,73.68,2.44,22.56,10.39,9.08,2.58,7.32,4.68,11.68
DCA,2023-11-05,23,0,13,0,14,0.0,0.0,78.57,0.0,0.0,0.0,0.0,1.07,1.65,0.93,7.86
DCA,2023-11-06,0,0,1,0,0,0.0,0.0,0.0,0.0,0.0,0.0,0.0,0.0,0.0,0.0,0.0
DCA,2023-11-06,5,3,0,3,0,100.0,100.0,0.0,0.0,11.67,0.6,0.0,0.0,0.0,0.0,0.0
DCA,2023-11-06,6,31,9,31,9,93.55,87.1,88.89,2.0,16.03,4.37,4.42,1.78,4.27,4.89,3.56
DCA,2023-11-06,7,20,29,20,29,95.0,95.0,93.1,5.15,17.85,5.85,8.35,4.59,6.76,3.14,3.66
DCA,2023-11-06,8,41,10,41,11,85.37,78.05,81.82,3.98,19.83,7.75,7.95,1.64,2.55,1.36,8.73
DCA,2023-11-06,9,16,33,16,33,87.5,87.5,87.88,5.44,15.88,4.18,8.06,5.67,1.7,2.67,20.94
DCA,2023-11-06,10,33,18,33,18,87.88,84.85,100.0,21.67,21.21,8.91,26.85,0.94,2.04,0.06,1.67
DCA,2023-11-06,11,25,27,25,27,96.0,92.0,96.3,4.2,16.68,5.08,7.24,0.89,1.7,0.0,4.44
DCA,2023-11-06,12,23,27,23,27,82.61,82.61,96.3,32.04,17.09,5.06,35.22,2.19,1.05,0.81,3.7
DCA,2023-11-06,13,28,28,28,28,82.14,71.43,96.43,9.61,17.71,5.92,13.46,3.14,3.39,0.89,2.75
DCA,2023-11-06,14,23,27,23,27,86.96,78.26,88.89,9.57,21.61,9.49,15.43,6.33,5.33,5.37,8.56
DCA,2023-11-06,15,34,19,34,19,82.35,70.59,84.21,10.35,20.79,8.98,17.53,4.11,3.79,1.16,4.37
DCA,2023-11-06,16,17,36,18,37,94.44,94.44,89.19,2.94,16.61,5.11,5.67,6.38,2.7,2.92,8.97
DCA,2023-11-06,17,35,16,36,16,88.89,75.0,93.75,7.83,19.25,7.24,12.19,4.69,4.68,2.56,6.94
DCA,2023-11-06,18,19,35,19,34,89.47,73.68,82.35,13.05,17.05,5.31,16.11,6.0,2.42,1.85,11.15
DCA,2023-11-06,19,27,23,27,23,85.19,77.78,95.65,17.44,17.26,5.7,21.33,9.65,3.02,4.61,3.65
DCA,2023-11-06,20,26,23,26,24,84.62,69.23,83.33,13.65,21.65,9.47,18.77,3.92,2.54,5.38,7.21
DCA,2023-11-06,21,3,34,3,34,100.0,100.0,76.47,0.0,15.33,3.03,0.0,11.32,2.82,7.24,12.97
DCA,2023-11-06,22,24,19,24,19,91.67,87.5,89.47,5.08,16.25,4.13,7.08,5.05,4.46,2.53,4.32
DCA,2023-11-06,23,0,13,0,13,0.0,0.0,76.92,0.0,0.0,0.0,0.0,1.15,0.97,0.0,9.15
DCA,2023-11-07,0,0,1,0,1,0.0,0.0,0.0,0.0,0.0,0.0,0.0,0.0,5.4,0.0,550.0
DCA,2023-11-07,5,3,0,3,0,100.0,100.0,0.0,0.0,11.67,0.3,0.0,0.0,0.0,0.0,0.0
DCA,2023-11-07,6,31,9,31,9,87.1,90.32,88.89,18.0,15.74,4.56,20.06,0.89,5.52,0.0,4.67
DCA,2023-11-07,7,19,29,19,31,94.74,94.74,87.1,12.95,16.0,4.25,15.0,11.39,5.92,9.77,10.65
DCA,2023-11-07,8,41,9,43,11,81.4,67.44,100.0,15.12,21.56,9.46,21.05,2.55,4.35,3.09,2.45
DCA,2023-11-07,9,15,33,16,36,100.0,93.75,86.11,0.94,16.5,4.76,3.25,5.97,5.79,4.58,12.86
DCA,2023-11-07,10,33,17,33,17,96.97,87.88,100.0,1.3,20.03,7.8,5.24,2.29,4.88,2.18,1.47
DCA,2023-11-07,11,25,27,26,27,92.31,92.31,96.3,4.77,13.58,2.52,5.81,3.56,3.19,1.0,2.63
DCA,2023-11-07,12,23,27,24,27,95.83,91.67,85.19,0.96,16.63,4.63,2.71,3.52,2.93,1.52,4.33
DCA,2023-11-07,13,27,28,27,28,88.89,81.48,78.57,6.85,16.81,5.06,9.11,7.0,2.26,4.54,18.89
DCA,2023-11-07,14,23,27,23,27,86.96,78.26,96.3,12.17,18.13,6.18,16.3,5.41,2.43,2.85,1.26
DCA,2023-11-07,15,34,19,34,20,88.24,82.35,95.0,8.56,21.35,9.24,13.35,1.25,4.13,2.45,3.5
DCA,2023-11-07,16,17,36,19,37,84.21,73.68,89.19,14.95,17.42,6.03,19.47,2.35,3.12,2.0,5.32
DCA,2023-11-07,17,35,16,35,18,88.57,60.0,88.89,7.06,24.09,12.15,16.06,3.39,3.01,2.06,13.44
DCA,2023-11-07,18,18,34,18,34,72.22,61.11,91.18,17.67,20.56,9.04,23.33,3.79,2.84,1.47,3.74
DCA,2023-11-07,19,27,22,28,22,89.29,75.0,86.36,8.86,20.96,9.14,14.43,7.27,2.68,4.27,13.41
DCA,2023-11-07,20,25,22,25,23,84.0,60.0,82.61,6.56,28.76,16.49,16.16,2.52,1.93,1.65,14.96
DCA,2023-11-07,21,3,34,3,34,100.0,100.0,88.24,0.0,16.33,4.03,1.0,7.65,1.33,3.29,5.97
DCA,2023-11-07,22,24,19,24,20,79.17,66.67,95.0,10.96,21.08,8.92,16.88,6.95,5.0,3.05,2.45
DCA,2023-11-07,23,0,12,0,12,0.0,0.0,91.67,0.0,0.0,0.0,0.0,0.33,2.07,0.0,4.83
DCA,2023-11-08,0,0,1,0,1,0.0,0.0,100.0,0.0,0.0,0.0,0.0,0.0,0.4,0.0,0.0
DCA,2023-11-08,5,3,0,3,0,100.0,100.0,0.0,0.0,12.0,0.3,0.0,0.0,0.0,0.0,0.0
DCA,2023-11-08,6,30,9,30,9,100.0,96.67,88.89,0.13,15.67,4.21,1.97,1.22,4.82,0.33,1.67
DCA,2023-11-08,7,19,28,19,28,94.74,94.74,96.43,1.95,16.74,5.04,3.32,4.89,2.59,0.89,3.07
DCA,2023-11-08,8,40,9,42,10,97.62,78.57,90.0,1.48,24.43,12.32,8.62,2.2,2.67,0.9,5.1
DCA,2023-11-08,9,15,33,15,33,93.33,93.33,87.88,1.13,17.13,5.57,3.87,7.85,2.51,2.76,5.06
DCA,2023-11-08,10,33,18,33,18,90.91,78.79,94.44,4.45,21.94,9.82,11.18,3.17,3.28,0.33,8.5
DCA,2023-11-08,11,25,27,25,28,96.0,88.0,96.43,6.68,17.08,5.4,9.44,2.14,3.52,0.5,3.32
DCA,2023-11-08,12,23,26,24,26,79.17,79.17,92.31,11.42,17.58,5.52,14.71,3.65,1.96,0.12,3.04
DCA,2023-11-08,13,27,28,27,29,92.59,66.67,75.86,5.0,25.59,13.76,14.26,2.45,3.21,1.86,13.34
DCA,2023-11-08,14,23,27,23,27,78.26,60.87,88.89,8.3,21.52,9.3,15.96,3.67,4.8,1.59,4.85
DCA,2023-11-08,15,33,19,34,19,82.35,50.0,94.74,7.24,28.59,16.51,20.88,2.05,5.73,2.32,2.11
DCA,2023-11-08,16,17,36,19,37,84.21,63.16,97.3,6.42,23.68,11.94,15.16,1.32,6.14,2.3,7.46
DCA,2023-11-08,17,35,17,35,17,88.57,85.71,94.12,3.54,18.74,6.72,7.31,2.65,4.43,2.41,2.88
DCA,2023-11-08,18,20,34,20,34,85.0,80.0,70.59,8.55,15.75,4.29,10.85,2.91,2.24,2.97,15.24
DCA,2023-11-08,19,27,22,27,22,81.48,70.37,77.27,9.78,19.11,7.59,15.33,2.68,3.99,1.73,71.77
DCA,2023-11-08,20,25,22,25,23,72.0,60.0,78.26,22.76,18.4,6.24,26.48,7.78,2.47,6.43,7.96
DCA,2023-11-08,21,3,34,3,34,100.0,100.0,79.41,0.0,15.33,3.47,0.0,15.79,2.1,12.41,8.62
DCA,2023-11-08,22,24,19,24,19,91.67,62.5,84.21,3.04,19.54,7.42,8.21,7.95,3.31,3.16,8.05
DCA,2023-11-08,23,0,13,0,13,0.0,0.0,100.0,0.0,0.0,0.0,0.0,3.08,2.01,0.54,0.77
DCA,2023-11-09,0,0,1,0,1,0.0,0.0,100.0,0.0,0.0,0.0,0.0,0.0,0.4,0.0,0.0
DCA,2023-11-09,5,3,0,3,0,100.0,100.0,0.0,2.33,14.33,2.27,4.33,0.0,0.0,0.0,0.0
DCA,2023-11-09,6,31,9,31,9,100.0,87.1,100.0,0.23,19.03,7.37,5.45,0.67,8.63,2.33,0.78
DCA,2023-11-09,7,19,29,19,29,94.74,94.74,96.55,2.32,17.05,5.18,4.68,4.66,5.56,3.03,14.9
DCA,2023-11-09,8,40,10,41,12,92.68,73.17,83.33,5.22,22.76,10.76,11.68,4.0,3.4,3.58,17.25
DCA,2023-11-09,9,16,33,17,33,94.12,88.24,90.91,11.82,14.71,3.18,13.76,10.42,3.14,4.64,24.91
DCA,2023-11-09,10,33,17,33,17,84.85,75.76,94.12,24.67,19.76,7.45,29.82,5.06,2.12,2.41,2.53
DCA,2023-11-09,11,25,26,25,26,88.0,80.0,92.31,6.28,16.08,4.46,8.6,5.38,3.19,1.96,2.08
DCA,2023-11-09,12,23,27,23,27,95.65,86.96,92.59,2.61,19.43,7.55,6.78,6.33,2.31,2.78,4.59
DCA,2023-11-09,13,28,28,28,28,75.0,60.71,96.43,11.82,21.61,9.74,18.96,5.43,2.75,2.75,3.04
DCA,2023-11-09,14,23,27,23,28,82.61,60.87,78.57,7.43,23.87,11.57,16.74,4.21,7.53,7.79,9.75
DCA,2023-11-09,15,34,19,34,19,70.59,61.76,89.47,16.5,23.18,11.04,24.85,2.68,4.11,1.95,16.63
DCA,2023-11-09,16,17,36,19,39,73.68,63.16,87.18,7.68,21.05,9.34,14.32,5.97,2.57,2.03,5.03
DCA,2023-11-09,17,35,17,35,17,94.29,51.43,82.35,4.89,29.37,17.29,19.31,4.59,2.05,3.94,7.47
DCA,2023-11-09,18,20,35,21,36,66.67,57.14,83.33,22.95,20.43,8.51,29.33,2.61,2.21,0.83,6.14
DCA,2023-11-09,19,27,23,27,23,88.89,85.19,73.91,8.11,17.59,5.77,10.19,5.74,2.9,2.35,8.57
DCA,2023-11-09,20,26,23,27,24,81.48,74.07,83.33,8.41,20.33,8.13,13.67,2.17,3.04,2.33,7.67
DCA,2023-11-09,21,3,34,4,34,100.0,100.0,64.71,0.0,17.0,5.1,5.0,11.56,2.52,7.94,18.5
DCA,2023-11-09,22,24,19,25,19,80.0,44.0,78.95,12.28,24.64,12.44,22.56,6.89,3.86,1.84,7.11
DCA,2023-11-09,23,0,13,0,13,0.0,0.0,76.92,0.0,0.0,0.0,0.0,1.15,1.29,0.08,5.77
DCA,2023-11-10,0,0,1,0,1,0.0,0.0,100.0,0.0,0.0,0.0,0.0,0.0,1.4,0.0,0.0
DCA,2023-11-10,1,0,0,0,0,0.0,0.0,0.0,0.0,0.0,0.0,0.0,0.0,0.0,0.0,0.0
DCA,2023-11-10,5,3,0,3,0,100.0,100.0,0.0,1.0,14.0,2.27,1.67,0.0,0.0,0.0,0.0
DCA,2023-11-10,6,31,9,31,9,93.55,80.65,100.0,3.1,18.32,6.72,8.23,0.22,8.86,1.56,0.0
DCA,2023-11-10,7,20,29,20,29,95.0,80.0,93.1,1.55,21.35,9.54,7.5,9.86,5.88,5.34,16.03
DCA,2023-11-10,8,41,10,41,11,92.68,58.54,90.91,3.37,29.32,17.21,16.41,2.27,4.37,0.27,6.91
DCA,2023-11-10,9,16,33,16,34,75.0,68.75,94.12,12.75,19.44,7.67,18.81,8.68,4.49,3.94,2.88
DCA,2023-11-10,10,33,18,33,18,84.85,39.39,94.44,7.12,31.0,18.65,21.79,2.89,6.38,2.5,2.89
DCA,2023-11-10,11,25,27,26,27,92.31,80.77,96.3,5.46,17.77,6.01,8.77,3.89,2.11,1.04,1.41
DCA,2023-11-10,12,23,27,23,28,95.65,95.65,96.43,0.74,16.04,4.12,2.87,5.36,1.67,1.39,4.0
DCA,2023-11-10,13,28,28,29,28,86.21,58.62,82.14,4.14,24.41,12.72,14.34,4.86,4.66,3.25,6.86
DCA,2023-11-10,14,23,27,23,27,82.61,65.22,77.78,14.3,21.39,9.1,21.3,5.19,4.53,4.33,7.7
DCA,2023-11-10,15,34,19,35,19,80.0,54.29,84.21,11.51,24.77,12.64,22.17,3.84,3.91,0.84,11.42
DCA,2023-11-10,16,17,36,17,36,88.24,70.59,88.89,8.82,16.06,4.72,11.59,3.92,2.82,1.03,4.08
DCA,2023-11-10,17,35,17,35,17,85.71,80.0,76.47,7.69,19.4,7.34,12.4,1.59,3.93,1.82,25.88
DCA,2023-11-10,18,20,35,20,35,75.0,75.0,71.43,10.7,15.65,3.92,12.55,2.89,1.97,1.54,13.2
DCA,2023-11-10,19,27,23,27,23,74.07,62.96,73.91,13.93,22.96,11.21,23.48,3.39,1.98,3.7,10.7
DCA,2023-11-10,20,26,23,26,25,73.08,57.69,88.0,12.27,21.54,9.28,19.42,1.96,3.9,1.32,7.2
DCA,2023-11-10,21,3,34,3,34,100.0,100.0,73.53,0.0,16.33,4.03,0.0,5.65,2.94,2.44,19.06
DCA,2023-11-10,22,24,19,24,19,66.67,66.67,78.95,15.88,19.29,7.03,20.0,1.79,2.46,0.0,10.42
DCA,2023-11-10,23,0,13,0,13,0.0,0.0,92.31,0.0,0.0,0.0,0.0,0.85,2.24,0.0,4.46
DCA,2023-11-11,0,0,1,0,1,0.0,0.0,100.0,0.0,0.0,0.0,0.0,0.0,2.4,0.0,0.0
DCA,2023-11-11,5,3,0,3,0,100.0,100.0,0.0,0.0,17.33,5.23,3.0,0.0,0.0,0.0,0.0
DCA,2023-11-11,6,22,4,22,4,100.0,100.0,100.0,0.32,15.64,3.83,1.68,0.5,2.3,0.0,0.0
DCA,2023-11-11,7,16,22,16,22,93.75,93.75,95.45,1.38,17.88,6.22,3.5,1.73,2.68,1.14,2.05
DCA,2023-11-11,8,42,6,42,6,90.48,83.33,83.33,4.81,21.14,9.14,9.88,0.83,7.03,0.0,5.5
DCA,2023-11-11,9,11,33,11,33,90.91,90.91,84.85,2.36,14.09,2.34,3.27,7.33,1.0,1.7,12.33
DCA,2023-11-11,10,31,16,31,16,100.0,87.1,93.75,0.84,19.84,7.71,4.52,2.63,3.38,1.56,1.06
DCA,2023-11-11,11,22,20,22,20,90.91,81.82,95.0,8.0,18.0,6.61,11.95,1.8,0.88,0.25,3.65
DCA,2023-11-11,12,18,25,19,25,100.0,100.0,96.0,0.21,16.95,4.86,1.84,4.2,1.2,0.16,0.84
DCA,2023-11-11,13,22,21,22,21,95.45,86.36,85.71,1.18,19.32,7.72,5.0,3.1,1.63,2.52,12.19
DCA,2023-11-11,14,20,26,21,26,90.48,76.19,96.15,2.67,19.76,7.7,7.62,3.65,3.34,2.38,1.42
DCA,2023-11-11,15,26,13,26,13,88.46,80.77,92.31,5.96,21.12,8.87,10.54,2.0,2.35,0.0,12.54
DCA,2023-11-11,16,15,26,15,26,80.0,80.0,96.15,12.33,14.87,3.49,13.4,2.54,1.07,0.0,1.08
DCA,2023-11-11,17,26,12,26,12,100.0,92.31,91.67,0.08,17.31,5.6,2.08,0.83,2.49,0.25,5.75
DCA,2023-11-11,18,11,21,11,21,100.0,100.0,95.24,0.0,13.73,2.31,0.0,1.19,0.91,0.0,2.57
DCA,2023-11-11,19,15,17,15,18,93.33,93.33,100.0,2.8,18.13,5.81,4.47,0.56,1.41,0.06,0.67
DCA,2023-11-11,20,10,15,10,15,100.0,100.0,80.0,0.0,15.6,3.66,1.0,0.4,2.67,1.47,5.2
DCA,2023-11-11,21,1,18,1,18,100.0,100.0,94.44,0.0,17.0,4.9,0.0,1.28,0.67,0.0,6.67
DCA,2023-11-11,22,3,10,3,10,100.0,100.0,100.0,0.0,15.0,2.77,0.0,0.0,0.41,0.5,0.0
DCA,2023-11-11,23,0,7,0,7,0.0,0.0,100.0,0.0,0.0,0.0,0.0,0.57,1.14,1.43,0.86
DCA,2023-11-12,0,0,1,0,1,0.0,0.0,100.0,0.0,0.0,0.0,0.0,0.0,0.4,0.0,0.0
DCA,2023-11-12,5,3,0,3,0,100.0,100.0,0.0,0.0,17.0,4.9,0.67,0.0,0.0,0.0,0.0
DCA,2023-11-12,6,23,0,23,0,95.65,95.65,0.0,1.57,14.52,3.19,2.83,0.0,0.0,0.0,0.0
DCA,2023-11-12,7,16,20,16,20,93.75,93.75,100.0,17.75,14.38,2.91,18.75,1.15,2.34,0.65,0.35
DCA,2023-11-12,8,32,13,32,13,93.75,90.63,84.62,3.91,18.81,6.82,7.16,1.85,2.58,2.23,3.69
DCA,2023-11-12,9,20,26,19,26,84.21,84.21,100.0,7.68,16.21,4.26,10.26,5.81,1.5,0.81,0.31
DCA,2023-11-12,10,30,19,30,19,100.0,70.0,94.74,0.13,25.73,13.57,9.0,2.26,3.78,0.95,2.11
DCA,2023-11-12,11,25,25,25,25,92.0,88.0,100.0,2.16,15.48,4.28,3.92,4.76,1.38,0.44,0.48
DCA,2023-11-12,12,20,29,20,30,90.0,80.0,100.0,4.45,19.85,7.82,9.2,5.97,0.52,0.83,0.8
DCA,2023-11-12,13,28,28,28,28,89.29,71.43,96.43,3.07,20.25,8.64,8.29,4.68,2.91,1.46,2.39
DCA,2023-11-12,14,24,26,24,26,95.83,83.33,96.15,3.29,20.5,8.28,8.92,4.5,5.78,4.23,3.19
DCA,2023-11-12,15,34,19,34,19,88.24,64.71,94.74,4.15,25.26,13.14,13.97,3.05,4.87,0.47,5.95
DCA,2023-11-12,16,17,36,17,36,76.47,76.47,77.78,15.0,17.53,6.16,18.29,5.83,4.38,3.25,8.97
DCA,2023-11-12,17,35,17,35,17,82.86,68.57,100.0,12.51,20.49,8.45,17.91,2.12,3.66,0.88,2.06
DCA,2023-11-12,18,20,35,20,35,90.0,70.0,80.0,4.35,22.2,10.47,12.35,7.37,2.07,5.6,6.97
DCA,2023-11-12,19,27,23,27,23,85.19,70.37,69.57,10.48,19.0,7.24,16.3,14.65,7.22,13.13,12.3
DCA,2023-11-12,20,26,23,27,25,81.48,62.96,68.0,9.19,23.19,10.91,16.89,2.56,4.41,5.2,13.04
DCA,2023-11-12,21,3,34,4,34,75.0,75.0,94.12,9.5,17.25,5.03,12.0,6.88,1.49,5.0,4.82
DCA,2023-11-12,22,24,19,24,19,87.5,66.67,73.68,3.0,24.17,11.89,11.71,2.37,5.63,2.26,12.32
DCA,2023-11-12,23,0,13,0,13,0.0,0.0,69.23,0.0,0.0,0.0,0.0,1.69,1.28,1.08,18.62
DCA,2023-11-13,0,0,1,0,1,0.0,0.0,100.0,0.0,0.0,0.0,0.0,0.0,0.0,0.0,0.0
DCA,2023-11-13,5,3,0,3,0,100.0,100.0,0.0,0.0,14.67,2.6,1.0,0.0,0.0,0.0,0.0
DCA,2023-11-13,6,31,9,31,9,83.87,77.42,88.89,7.9,17.19,5.56,11.94,0.22,3.97,3.78,2.44
DCA,2023-11-13,7,20,29,21,29,90.48,76.19,86.21,3.48,22.19,10.39,10.38,4.79,10.74,7.97,4.69
DCA,2023-11-13,8,41,10,41,10,92.68,78.05,90.0,3.85,21.37,9.27,9.15,1.1,1.31,0.0,7.2
DCA,2023-11-13,9,16,33,16,34,75.0,75.0,88.24,26.25,16.13,4.11,27.81,7.53,1.61,1.41,12.94
DCA,2023-11-13,10,33,18,33,18,87.88,81.82,88.89,7.58,20.09,7.9,11.61,2.56,3.58,1.83,3.22
DCA,2023-11-13,11,25,27,25,27,88.0,84.0,88.89,4.32,14.88,3.78,6.92,3.74,1.93,0.78,2.85
DCA,2023-11-13,12,23,27,23,27,95.65,95.65,92.59,2.91,13.48,2.15,3.96,6.11,1.9,1.89,1.85
DCA,2023-11-13,13,28,28,28,29,89.29,57.14,82.76,7.93,23.82,12.15,17.54,7.17,5.11,6.41,5.14
DCA,2023-11-13,14,23,27,23,27,91.3,69.57,81.48,3.96,22.78,10.67,12.09,7.74,9.59,8.89,7.78
DCA,2023-11-13,15,34,19,35,19,80.0,62.86,94.74,8.69,24.49,12.52,17.26,2.26,4.14,0.74,4.0
DCA,2023-11-13,16,17,36,17,36,88.24,88.24,97.22,4.53,16.71,5.27,6.76,5.25,3.75,2.81,1.67
DCA,2023-11-13,17,35,16,35,16,94.29,77.14,100.0,6.11,22.4,10.32,14.29,3.0,5.31,1.44,1.25
DCA,2023-11-13,18,19,35,19,36,84.21,84.21,80.56,7.16,16.0,4.58,9.26,5.36,4.31,5.58,7.92
DCA,2023-11-13,19,27,23,27,23,74.07,70.37,69.57,8.33,18.3,6.55,12.67,7.04,5.79,6.13,12.91
DCA,2023-11-13,20,26,23,26,24,88.46,80.77,91.67,7.35,18.92,6.79,11.31,1.75,3.44,1.33,7.38
DCA,2023-11-13,21,3,34,3,34,100.0,100.0,79.41,0.0,13.33,1.13,0.0,7.15,2.91,3.47,10.41
DCA,2023-11-13,22,24,19,24,19,91.67,91.67,89.47,5.88,15.5,3.48,7.5,2.47,6.44,1.68,8.95
DCA,2023-11-13,23,0,13,0,13,0.0,0.0,76.92,0.0,0.0,0.0,0.0,1.08,1.88,3.92,6.92
DCA,2023-11-14,0,0,1,0,1,0.0,0.0,100.0,0.0,0.0,0.0,0.0,3.0,0.0,0.0,0.0
DCA,2023-11-14,5,3,0,3,0,100.0,100.0,0.0,0.0,11.67,0.3,0.0,0.0,0.0,0.0,0.0
DCA,2023-11-14,6,31,9,31,10,93.55,83.87,90.0,1.87,18.1,6.68,5.81,0.9,5.1,1.7,6.8
DCA,2023-11-14,7,19,29,19,29,94.74,84.21,93.1,3.89,19.89,7.9,8.37,6.86,7.42,6.41,5.28
DCA,2023-11-14,8,41,9,43,12,93.02,76.74,66.67,3.4,25.44,13.28,11.56,4.25,2.08,6.58,16.67
DCA,2023-11-14,9,15,33,15,33,80.0,60.0,75.76,10.8,20.87,9.31,18.53,13.42,3.21,7.7,16.58
DCA,2023-11-14,10,33,17,33,18,93.94,72.73,83.33,2.39,22.91,10.62,9.64,1.83,6.26,3.67,7.33
DCA,2023-11-14,11,25,27,25,31,88.0,84.0,80.65,7.92,16.52,5.02,10.8,6.23,1.71,2.16,14.06
DCA,2023-11-14,12,23,27,23,27,95.65,86.96,88.89,2.83,18.78,6.89,6.52,5.15,2.54,2.52,4.15
DCA,2023-11-14,13,27,28,27,28,81.48,55.56,85.71,17.48,23.15,11.49,26.48,4.18,3.65,2.54,14.36
DCA,2023-11-14,14,23,27,24,27,87.5,75.0,88.89,9.88,22.67,10.42,17.75,3.33,3.24,2.11,4.07
DCA,2023-11-14,15,34,19,35,21,82.86,54.29,80.95,6.26,26.71,14.61,17.23,3.48,5.95,6.05,25.1
DCA,2023-11-14,16,17,36,23,37,73.91,60.87,83.78,12.13,23.65,11.85,22.39,4.76,3.0,3.78,5.62
DCA,2023-11-14,17,35,16,36,16,88.89,63.89,93.75,3.86,26.36,14.34,14.61,1.56,0.91,0.0,10.06
DCA,2023-11-14,18,18,34,18,34,100.0,77.78,91.18,0.56,24.39,12.72,9.39,5.59,2.11,2.59,9.62
DCA,2023-11-14,19,27,22,27,22,96.3,85.19,90.91,7.22,16.59,5.21,9.44,9.05,2.27,3.0,7.68
DCA,2023-11-14,20,25,22,26,23,92.31,76.92,78.26,9.54,20.08,8.25,14.08,4.35,1.37,7.3,8.83
DCA,2023-11-14,21,3,34,4,34,100.0,100.0,85.29,0.0,15.5,3.27,2.25,11.0,1.47,5.62,7.03
DCA,2023-11-14,22,24,19,24,19,83.33,58.33,94.74,10.88,19.96,7.74,17.13,5.74,3.57,0.95,3.05
DCA,2023-11-14,23,0,12,0,12,0.0,0.0,100.0,0.0,0.0,0.0,0.0,2.75,2.42,1.25,2.17
DCA,2023-11-15,0,0,1,0,1,0.0,0.0,100.0,0.0,0.0,0.0,0.0,0.0,0.4,0.0,0.0
DCA,2023-11-15,5,3,0,3,0,100.0,100.0,0.0,1.33,12.0,0.97,1.0,0.0,0.0,0.0,0.0
DCA,2023-11-15,6,30,9,30,9,93.33,90.0,88.89,13.6,15.1,3.78,15.47,0.11,6.19,2.67,2.0
DCA,2023-11-15,7,19,28,19,28,94.74,94.74,89.29,3.53,16.79,5.2,4.58,3.18,5.51,4.54,4.18
DCA,2023-11-15,8,40,9,41,11,92.68,70.73,100.0,3.51,23.98,11.88,11.59,2.91,4.15,1.73,1.18
DCA,2023-11-15,9,15,33,16,33,100.0,100.0,90.91,0.19,18.63,7.05,4.75,9.3,1.77,4.09,2.39
DCA,2023-11-15,10,33,18,33,18,93.94,87.88,100.0,2.45,20.64,8.32,7.3,1.5,2.97,0.06,0.06
DCA,2023-11-15,11,25,27,25,27,96.0,96.0,100.0,2.68,15.28,3.78,3.52,3.56,3.53,0.44,0.15
DCA,2023-11-15,12,23,26,23,26,100.0,95.65,92.31,1.48,16.22,4.21,3.3,4.12,1.6,0.04,8.69
DCA,2023-11-15,13,27,28,28,28,89.29,85.71,89.29,5.5,19.75,7.91,10.61,4.43,2.79,2.21,4.18
DCA,2023-11-15,14,23,27,23,28,82.61,82.61,96.43,14.61,15.3,3.76,16.96,7.21,3.06,3.39,2.82
DCA,2023-11-15,15,33,19,33,20,81.82,81.82,95.0,13.21,16.82,4.92,16.21,2.55,3.64,1.85,2.75
DCA,2023-11-15,16,17,36,18,38,88.89,88.89,94.74,4.44,15.61,4.19,6.78,4.13,2.68,2.45,4.34
DCA,2023-11-15,17,35,17,37,17,83.78,70.27,88.24,6.11,20.57,8.53,12.22,3.06,5.73,2.59,3.35
DCA,2023-11-15,18,20,34,20,34,85.0,80.0,85.29,5.8,15.3,3.6,7.75,4.56,3.62,3.53,10.85
DCA,2023-11-15,19,27,22,27,22,85.19,77.78,95.45,9.96,16.89,5.16,12.37,9.14,2.1,5.09,4.18
DCA,2023-11-15,20,25,22,25,23,92.0,88.0,82.61,8.72,17.8,5.69,11.04,1.52,2.77,1.26,15.78
DCA,2023-11-15,21,3,34,3,35,100.0,100.0,80.0,0.0,12.67,0.9,0.0,7.97,2.93,4.0,8.4
DCA,2023-11-15,22,24,20,24,20,95.83,83.33,85.0,7.75,19.21,7.01,11.17,2.85,5.87,2.9,4.6
DCA,2023-11-15,23,0,13,0,13,0.0,0.0,84.62,0.0,0.0,0.0,0.0,1.85,0.67,0.46,6.54
DCA,2023-11-16,0,0,1,0,1,0.0,0.0,0.0,0.0,0.0,0.0,0.0,0.0,3.4,0.0,28.0
DCA,2023-11-16,1,0,0,0,0,0.0,0.0,0.0,0.0,0.0,0.0,0.0,0.0,0.0,0.0,0.0
DCA,2023-11-16,5,3,0,3,0,100.0,100.0,0.0,0.0,11.67,0.0,0.0,0.0,0.0,0.0,0.0
DCA,2023-11-16,6,32,9,32,9,96.88,84.38,100.0,1.91,18.25,6.53,6.16,0.89,5.3,1.11,0.89
DCA,2023-11-16,7,19,29,19,29,100.0,94.74,100.0,0.53,16.63,4.88,2.63,4.97,4.96,1.45,0.52
DCA,2023-11-16,8,40,10,41,11,95.12,90.24,90.91,2.9,19.95,7.91,6.54,2.0,4.8,1.27,2.0
DCA,2023-11-16,9,16,33,16,33,100.0,93.75,96.97,1.13,15.81,4.03,2.69,6.36,3.67,2.79,1.97
DCA,2023-11-16,10,33,17,34,17,94.12,91.18,88.24,1.62,18.41,6.21,4.47,2.41,2.6,0.65,5.35
DCA,2023-11-16,11,25,26,25,26,84.0,76.0,88.46,7.04,16.8,5.21,10.56,3.04,2.61,1.92,11.96
DCA,2023-11-16,12,23,27,23,27,78.26,78.26,92.59,16.43,17.09,5.4,19.17,4.93,1.61,2.59,5.52
DCA,2023-11-16,13,28,28,28,28,82.14,67.86,78.57,8.32,17.86,6.35,12.54,3.14,3.39,4.75,9.64
DCA,2023-11-16,14,23,27,23,28,78.26,78.26,85.71,8.3,19.83,7.89,13.7,4.0,3.14,5.25,6.57
DCA,2023-11-16,15,34,19,35,19,71.43,65.71,84.21,13.0,17.31,5.23,16.43,1.53,3.87,1.05,4.74
DCA,2023-11-16,16,17,36,18,37,88.89,77.78,91.89,3.44,18.06,6.57,7.72,3.68,2.89,3.57,3.84
DCA,2023-11-16,17,35,17,35,17,88.57,74.29,82.35,7.43,19.31,7.38,12.34,2.76,1.71,0.0,6.71
DCA,2023-11-16,18,20,35,20,35,85.0,65.0,74.29,6.45,18.0,6.35,11.05,7.23,1.74,4.63,14.97
DCA,2023-11-16,19,27,23,27,23,81.48,70.37,73.91,6.04,18.81,6.93,10.63,11.26,2.84,6.35,6.48
DCA,2023-11-16,20,26,23,26,24,80.77,73.08,87.5,9.62,19.15,7.02,13.62,1.42,1.92,1.25,9.04
DCA,2023-11-16,21,3,34,3,34,100.0,100.0,85.29,0.0,12.0,1.23,0.0,7.38,1.89,3.94,7.0
DCA,2023-11-16,22,24,20,25,20,92.0,84.0,80.0,2.2,18.96,6.83,6.76,3.3,4.64,3.35,43.55
DCA,2023-11-16,23,0,13,0,13,0.0,0.0,92.31,0.0,0.0,0.0,0.0,1.15,1.38,1.15,1.54
DCA,2023-11-17,0,0,1,0,1,0.0,0.0,100.0,0.0,0.0,0.0,0.0,0.0,1.4,0.0,0.0
DCA,2023-11-17,5,3,0,3,0,100.0,100.0,0.0,0.0,11.0,0.0,0.0,0.0,0.0,0.0,0.0
DCA,2023-11-17,6,32,9,32,9,93.75,81.25,88.89,5.34,16.94,5.49,9.28,0.78,5.52,0.0,10.22
DCA,2023-11-17,7,20,29,20,30,90.0,80.0,90.0,10.1,18.05,5.96,14.35,6.6,5.35,3.33,6.47
DCA,2023-11-17,8,41,10,41,10,90.24,78.05,100.0,7.54,22.76,10.72,14.34,1.8,3.42,0.3,0.7
DCA,2023-11-17,9,16,33,17,33,94.12,94.12,87.88,7.29,14.65,2.69,8.59,9.58,2.28,4.76,4.88
DCA,2023-11-17,10,33,18,33,18,90.91,57.58,77.78,7.76,24.94,12.74,18.21,3.28,5.94,4.06,8.17
DCA,2023-11-17,11,25,27,25,28,88.0,84.0,89.29,4.16,14.08,2.73,5.36,4.82,3.92,2.71,8.11
DCA,2023-11-17,12,23,27,23,28,82.61,82.61,92.86,11.0,13.0,1.75,12.04,3.32,2.11,0.64,3.79
DCA,2023-11-17,13,28,28,28,28,85.71,78.57,85.71,11.14,17.32,5.49,13.96,4.39,3.06,4.32,3.64
DCA,2023-11-17,14,23,27,23,28,86.96,60.87,78.57,6.17,20.87,8.81,13.22,5.82,3.27,4.89,19.5
DCA,2023-11-17,15,34,19,35,20,71.43,65.71,75.0,13.6,16.69,4.78,16.23,1.8,3.85,1.25,10.95
DCA,2023-11-17,16,17,36,17,36,58.82,52.94,80.56,23.12,14.59,3.19,25.0,8.97,1.33,3.08,6.97
DCA,2023-11-17,17,35,17,35,16,74.29,62.86,93.75,13.69,17.69,5.95,18.4,4.75,6.5,2.94,4.31
DCA,2023-11-17,18,20,35,19,35,78.95,78.95,77.14,23.26,14.05,2.45,25.0,7.09,4.41,5.06,13.4
DCA,2023-11-17,19,27,23,27,23,77.78,62.96,73.91,11.3,18.11,6.31,15.44,13.39,4.36,9.57,12.83
DCA,2023-11-17,20,26,23,26,24,73.08,69.23,87.5,10.27,18.12,6.03,14.38,2.08,2.23,2.33,6.75
DCA,2023-11-17,21,3,34,3,34,100.0,100.0,79.41,0.0,16.33,4.03,0.0,2.06,2.88,5.29,11.74
DCA,2023-11-17,22,24,20,25,20,92.0,80.0,70.0,4.0,18.96,6.82,8.48,1.85,3.6,2.6,13.1
DCA,2023-11-17,23,0,13,0,13,0.0,0.0,76.92,0.0,0.0,0.0,0.0,0.77,1.68,3.38,9.0
DCA,2023-11-18,0,0,1,0,1,0.0,0.0,0.0,0.0,0.0,0.0,0.0,0.0,2.4,0.0,87.0
DCA,2023-11-18,2,0,0,0,0,0.0,0.0,0.0,0.0,0.0,0.0,0.0,0.0,0.0,0.0,0.0
DCA,2023-11-18,5,3,0,3,0,100.0,100.0,0.0,0.0,11.67,0.6,0.0,0.0,0.0,0.0,0.0
DCA,2023-11-18,6,23,4,23,4,100.0,91.3,100.0,0.35,17.7,5.63,3.96,0.75,3.05,0.0,0.0
DCA,2023-11-18,7,16,22,16,22,100.0,81.25,95.45,0.56,20.13,8.24,5.94,6.05,4.13,4.64,2.59
DCA,2023-11-18,8,42,6,42,6,95.24,66.67,100.0,2.21,25.6,13.53,11.95,1.17,1.45,0.33,0.0
DCA,2023-11-18,9,11,33,11,33,90.91,90.91,96.97,3.73,16.36,4.28,4.82,9.12,1.72,3.18,2.3
DCA,2023-11-18,10,31,16,32,16,93.75,75.0,87.5,5.59,23.81,11.61,13.41,3.94,4.03,1.13,11.44
DCA,2023-11-18,11,22,20,22,20,77.27,77.27,100.0,7.55,13.5,2.5,8.55,2.1,1.15,0.5,0.35
DCA,2023-11-18,12,18,25,18,25,88.89,83.33,96.0,10.5,17.06,4.94,12.72,5.48,0.97,1.28,2.36
DCA,2023-11-18,13,22,21,22,21,95.45,95.45,90.48,2.14,18.14,6.61,4.55,2.9,1.17,1.1,7.1
DCA,2023-11-18,14,20,26,20,26,70.0,60.0,88.46,23.5,21.95,9.85,30.95,3.19,3.23,2.62,8.04
DCA,2023-11-18,15,26,13,26,13,76.92,69.23,76.92,5.12,19.23,7.19,10.35,1.08,1.6,0.0,9.54
DCA,2023-11-18,16,15,27,16,27,87.5,81.25,96.3,7.88,16.25,4.34,10.06,4.15,1.54,1.07,1.19
DCA,2023-11-18,17,27,12,27,12,88.89,85.19,100.0,5.19,17.7,5.5,8.41,3.0,1.4,4.0,2.83
DCA,2023-11-18,18,11,21,11,21,90.91,90.91,90.48,6.0,15.09,2.99,7.45,2.57,0.82,0.81,4.76
DCA,2023-11-18,19,15,17,15,18,100.0,93.33,94.44,0.33,18.47,6.45,3.87,2.5,2.58,0.72,3.33
DCA,2023-11-18,20,10,15,10,15,80.0,80.0,73.33,6.9,18.2,6.59,9.8,0.07,1.75,1.53,19.0
DCA,2023-11-18,21,1,18,1,18,100.0,100.0,94.44,0.0,16.0,3.9,3.0,2.28,0.73,0.83,3.11
DCA,2023-11-18,22,3,11,4,11,100.0,75.0,81.82,1.25,20.0,7.82,7.75,0.27,6.14,5.45,11.0
DCA,2023-11-18,23,0,7,0,7,0.0,0.0,71.43,0.0,0.0,0.0,0.0,0.29,0.67,0.0,26.0
DCA,2023-11-19,0,0,1,0,1,0.0,0.0,100.0,0.0,0.0,0.0,0.0,0.0,0.0,0.0,0.0
DCA,2023-11-19,1,0,0,0,0,0.0,0.0,0.0,0.0,0.0,0.0,0.0,0.0,0.0,0.0,0.0
DCA,2023-11-19,5,3,0,3,0,100.0,100.0,0.0,0.0,12.33,0.63,0.0,0.0,0.0,0.0,0.0
DCA,2023-11-19,6,24,0,24,0,95.83,87.5,0.0,2.08,15.25,4.13,5.13,0.0,0.0,0.0,0.0
DCA,2023-11-19,7,16,20,16,20,100.0,93.75,90.0,0.38,13.75,2.47,1.31,3.8,1.91,4.0,9.45
DCA,2023-11-19,8,32,13,32,13,90.63,84.38,100.0,8.63,19.78,7.72,13.38,0.85,1.32,0.38,0.0
DCA,2023-11-19,9,20,26,20,26,95.0,95.0,92.31,14.9,14.9,3.11,16.8,5.85,2.42,3.0,4.88
DCA,2023-11-19,10,30,19,30,19,100.0,66.67,94.74,0.83,24.97,12.76,10.53,2.05,3.06,1.53,1.58
DCA,2023-11-19,11,25,25,25,25,84.0,80.0,100.0,7.24,15.2,3.47,8.68,3.0,0.44,0.68,0.2
DCA,2023-11-19,12,20,29,20,29,95.0,90.0,93.1,2.85,15.5,3.69,5.0,1.28,2.13,1.24,2.45
DCA,2023-11-19,13,28,28,28,26,85.71,71.43,92.31,19.93,19.21,7.52,24.82,2.19,1.3,1.62,9.15
DCA,2023-11-19,14,24,26,24,27,83.33,70.83,92.59,21.13,19.08,6.83,25.42,2.44,2.72,2.48,3.63
DCA,2023-11-19,15,34,19,34,20,70.59,52.94,95.0,12.53,22.44,10.51,20.44,1.9,5.6,2.45,2.75
DCA,2023-11-19,16,17,36,17,37,82.35,58.82,81.08,9.35,19.35,7.79,15.29,1.57,2.54,1.11,5.97
DCA,2023-11-19,17,35,17,36,17,88.89,72.22,88.24,7.89,21.22,9.38,13.72,1.71,5.95,2.94,11.82
DCA,2023-11-19,18,20,35,20,36,90.0,80.0,86.11,11.7,19.0,7.18,16.8,8.25,2.5,6.11,5.75
DCA,2023-11-19,19,27,23,27,23,81.48,74.07,73.91,8.56,17.78,6.09,12.63,15.26,2.7,7.52,21.48
DCA,2023-11-19,20,26,23,26,24,84.62,76.92,79.17,5.38,19.23,7.0,9.85,0.88,3.23,3.38,21.38
DCA,2023-11-19,21,3,34,3,34,100.0,100.0,91.18,0.0,21.33,9.13,4.0,1.68,2.26,1.44,6.65
DCA,2023-11-19,22,24,20,24,20,91.67,83.33,90.0,3.33,20.42,8.24,7.13,2.0,3.4,0.7,9.65
DCA,2023-11-19,23,0,13,0,13,0.0,0.0,100.0,0.0,0.0,0.0,0.0,0.46,1.94,0.69,1.0
DCA,2023-11-20,0,0,1,0,1,0.0,0.0,100.0,0.0,0.0,0.0,0.0,0.0,0.4,0.0,0.0
DCA,2023-11-20,1,0,0,0,0,0.0,0.0,0.0,0.0,0.0,0.0,0.0,0.0,0.0,0.0,0.0
DCA,2023-11-20,5,3,0,3,0,100.0,100.0,0.0,0.0,13.0,1.27,0.0,0.0,0.0,0.0,0.0
DCA,2023-11-20,6,32,9,32,9,93.75,93.75,88.89,6.44,15.88,4.19,8.72,0.44,2.74,0.0,3.33
DCA,2023-11-20,7,20,29,20,29,80.0,70.0,86.21,13.05,18.25,6.53,16.65,4.79,5.4,3.03,5.69
DCA,2023-11-20,8,41,10,41,10,87.8,65.85,80.0,16.02,21.61,9.43,22.39,0.9,11.39,5.4,4.0
DCA,2023-11-20,9,16,33,16,33,93.75,100.0,84.85,3.0,13.56,2.11,3.31,7.82,1.85,3.33,5.67
DCA,2023-11-20,10,33,18,33,19,84.85,60.61,89.47,30.09,24.15,11.79,38.64,1.63,3.42,0.95,3.74
DCA,2023-11-20,11,25,27,25,27,96.0,96.0,92.59,1.44,16.8,5.3,3.8,1.48,1.67,1.0,2.44
DCA,2023-11-20,12,23,27,23,27,82.61,82.61,81.48,8.43,14.7,3.0,8.74,2.89,2.13,0.19,8.74
DCA,2023-11-20,13,28,28,28,26,82.14,64.29,92.31,12.86,21.61,9.85,19.68,3.04,1.31,0.77,9.54
DCA,2023-11-20,14,23,27,23,28,91.3,78.26,85.71,4.3,21.22,8.91,9.52,3.25,7.35,4.0,7.39
DCA,2023-11-20,15,34,19,34,20,76.47,58.82,85.0,10.71,23.74,11.62,18.76,1.45,3.99,0.8,9.85
DCA,2023-11-20,16,17,36,17,38,88.24,82.35,86.84,4.35,18.0,6.58,7.94,2.89,1.83,1.79,12.5
DCA,2023-11-20,17,35,17,36,17,83.33,66.67,94.12,7.5,22.03,9.94,14.31,1.18,2.01,2.29,2.94
DCA,2023-11-20,18,20,35,20,35,85.0,70.0,82.86,6.0,21.8,9.91,12.75,3.63,1.97,3.06,38.74
DCA,2023-11-20,19,27,23,27,23,74.07,62.96,95.65,16.04,19.85,8.02,22.74,7.74,3.18,3.65,3.22
DCA,2023-11-20,20,26,23,26,24,96.15,80.77,75.0,4.12,23.81,11.58,11.85,3.0,1.66,3.88,8.54
DCA,2023-11-20,21,3,34,3,34,100.0,100.0,91.18,0.0,21.33,9.03,3.67,5.74,1.56,3.56,7.85
DCA,2023-11-20,22,24,20,24,20,95.83,83.33,85.0,4.54,21.08,8.92,9.88,3.15,3.92,1.2,5.4
DCA,2023-11-20,23,0,13,0,13,0.0,0.0,84.62,0.0,0.0,0.0,0.0,1.31,0.84,0.62,15.77
DCA,2023-11-21,0,0,1,0,1,0.0,0.0,100.0,0.0,0.0,0.0,0.0,0.0,0.4,3.0,2.0
DCA,2023-11-21,1,0,0,0,0,0.0,0.0,0.0,0.0,0.0,0.0,0.0,0.0,0.0,0.0,0.0
DCA,2023-11-21,5,3,0,3,0,100.0,100.0,0.0,0.0,11.33,0.3,0.0,0.0,0.0,0.0,0.0
DCA,2023-11-21,6,32,9,32,9,100.0,96.88,88.89,0.34,18.38,6.56,4.09,1.89,5.93,9.67,8.0
DCA,2023-11-21,7,20,29,20,29,90.0,85.0,100.0,1.9,18.95,7.22,6.15,3.41,6.74,3.45,1.72
DCA,2023-11-21,8,41,10,42,12,90.48,64.29,91.67,6.52,27.14,15.01,17.67,2.33,2.93,1.17,10.67
DCA,2023-11-21,9,16,33,16,33,87.5,75.0,87.88,11.0,21.5,9.45,16.69,10.67,2.29,4.85,5.42
DCA,2023-11-21,10,33,17,33,17,93.94,69.7,100.0,3.39,25.82,13.7,14.21,1.82,2.94,0.71,0.82
DCA,2023-11-21,11,24,27,24,27,95.83,87.5,85.19,1.63,17.17,5.49,5.13,4.0,1.79,0.89,13.63
DCA,2023-11-21,12,23,27,23,27,73.91,73.91,88.89,19.39,18.52,6.52,24.04,4.04,1.67,0.93,13.81
DCA,2023-11-21,13,28,26,28,26,82.14,60.71,84.62,12.68,25.86,14.01,24.46,3.77,3.08,3.23,15.65
DCA,2023-11-21,14,23,28,23,28,78.26,52.17,75.0,8.39,28.3,16.0,21.26,3.96,7.04,4.5,13.46
DCA,2023-11-21,15,34,20,34,20,61.76,26.47,75.0,27.09,31.59,19.47,45.24,3.7,2.25,3.9,9.1
DCA,2023-11-21,16,17,36,18,37,55.56,27.78,70.27,20.61,26.44,14.73,33.67,6.65,4.69,5.35,11.14
DCA,2023-11-21,17,35,17,35,17,62.86,40.0,64.71,22.34,26.29,14.2,35.29,4.71,3.06,3.82,12.94
DCA,2023-11-21,18,20,35,20,32,65.0,55.0,53.13,17.7,23.15,11.29,27.7,16.75,2.53,12.78,19.75
DCA,2023-11-21,19,27,23,25,22,68.0,32.0,27.27,16.28,25.24,13.37,28.12,24.41,4.95,26.91,31.77
DCA,2023-11-21,20,26,23,26,21,38.46,26.92,52.38,34.65,23.04,10.74,44.23,8.14,2.55,7.19,24.38
DCA,2023-11-21,21,3,34,3,26,33.33,33.33,46.15,19.33,19.0,6.7,25.33,3.85,4.04,5.08,134.0
DCA,2023-11-21,22,24,20,13,20,69.23,61.54,55.0,42.85,19.23,6.98,47.69,5.95,2.55,3.5,58.35
DCA,2023-11-21,23,0,13,0,13,0.0,0.0,53.85,0.0,0.0,0.0,0.0,1.69,2.12,6.08,158.08
DCA,2023-11-22,0,0,1,0,2,0.0,0.0,50.0,0.0,0.0,0.0,0.0,3.0,0.85,5.5,273.0
DCA,2023-11-22,1,0,0,0,0,0.0,0.0,0.0,0.0,0.0,0.0,0.0,0.0,0.0,0.0,0.0
DCA,2023-11-22,5,3,0,3,0,66.67,66.67,0.0,116.0,14.0,2.27,118.0,0.0,0.0,0.0,0.0
DCA,2023-11-22,6,32,9,32,9,81.25,78.13,100.0,16.16,16.63,5.18,19.84,0.33,3.74,0.0,0.0
DCA,2023-11-22,7,20,29,20,29,80.0,70.0,86.21,23.05,18.15,6.51,26.55,5.83,3.06,5.48,25.28
DCA,2023-11-22,8,41,10,41,10,78.05,56.1,80.0,16.59,25.02,12.85,26.1,4.0,3.64,5.3,4.9
DCA,2023-11-22,9,16,33,16,35,81.25,68.75,74.29,49.56,19.75,7.8,54.81,11.91,1.0,6.71,12.11
DCA,2023-11-22,10,33,18,33,18,84.85,66.67,88.89,15.67,22.88,10.52,23.45,2.61,1.26,1.39,5.33
DCA,2023-11-22,11,25,27,25,27,76.0,76.0,88.89,10.6,17.28,5.5,13.8,4.67,1.68,1.85,15.85
DCA,2023-11-22,12,23,27,24,27,79.17,75.0,74.07,26.33,18.54,6.6,30.33,3.44,1.52,2.89,15.81
DCA,2023-11-22,13,28,26,29,26,82.76,72.41,73.08,5.31,19.17,7.29,10.59,4.12,1.94,2.12,19.65
DCA,2023-11-22,14,23,28,23,28,73.91,69.57,92.86,14.26,21.09,8.96,20.83,5.68,3.42,2.89,5.21
DCA,2023-11-22,15,34,20,34,20,79.41,64.71,85.0,9.12,22.32,10.21,16.29,3.85,3.75,2.85,6.85
DCA,2023-11-22,16,17,36,17,36,88.24,64.71,75.0,6.53,17.0,5.45,10.94,7.81,1.38,4.53,8.64
DCA,2023-11-22,17,35,17,35,17,77.14,60.0,82.35,12.43,21.31,9.3,19.14,4.82,2.59,2.71,13.06
DCA,2023-11-22,18,20,35,20,36,75.0,45.0,72.22,14.25,19.75,7.93,20.75,6.72,1.58,5.56,24.97
DCA,2023-11-22,19,27,23,27,23,77.78,66.67,78.26,7.19,21.74,9.95,14.85,9.87,2.35,3.7,21.87
DCA,2023-11-22,20,26,23,26,24,80.77,46.15,79.17,16.92,25.0,12.7,27.5,3.5,3.68,3.5,11.25
DCA,2023-11-22,21,3,34,3,34,100.0,100.0,79.41,0.0,18.33,6.03,0.67,8.71,1.29,4.94,9.56
DCA,2023-11-22,22,24,20,24,19,83.33,83.33,78.95,4.67,19.5,7.32,9.13,3.32,3.76,3.21,6.68
DCA,2023-11-22,23,0,13,0,13,0.0,0.0,100.0,0.0,0.0,0.0,0.0,0.92,2.11,0.23,1.31
DCA,2023-11-23,0,0,0,0,1,0.0,0.0,100.0,0.0,0.0,0.0,0.0,0.0,0.0,0.0,0.0
DCA,2023-11-23,1,0,0,0,0,0.0,0.0,0.0,0.0,0.0,0.0,0.0,0.0,0.0,0.0,0.0
DCA,2023-11-23,5,3,0,3,0,100.0,100.0,0.0,0.0,13.33,1.23,0.0,0.0,0.0,0.0,0.0
DCA,2023-11-23,6,28,9,27,9,96.3,96.3,100.0,1.81,15.19,3.98,3.74,0.44,5.52,0.0,0.67
DCA,2023-11-23,7,16,22,16,22,100.0,93.75,90.91,1.31,15.69,3.87,2.56,3.68,6.37,2.55,2.55
DCA,2023-11-23,8,34,5,35,5,97.14,80.0,100.0,2.4,20.83,8.81,7.94,0.0,1.94,0.0,0.0
DCA,2023-11-23,9,10,28,12,28,100.0,100.0,82.14,0.33,14.83,2.97,1.92,2.68,1.86,1.96,16.57
DCA,2023-11-23,10,32,15,32,15,93.75,84.38,93.33,4.56,19.97,7.97,8.69,1.53,1.65,0.33,4.73
DCA,2023-11-23,11,16,19,16,19,87.5,87.5,100.0,8.25,14.69,3.24,9.25,2.37,1.34,0.0,0.0
DCA,2023-11-23,12,14,18,14,19,100.0,100.0,100.0,0.07,13.43,2.42,0.43,0.95,1.68,0.37,0.26
DCA,2023-11-23,13,14,17,16,17,100.0,93.75,94.12,0.06,15.13,3.43,2.5,1.06,2.58,0.82,10.71
DCA,2023-11-23,14,7,16,8,16,87.5,87.5,100.0,19.25,13.13,2.34,20.63,0.81,3.39,0.94,0.38
DCA,2023-11-23,15,11,11,11,11,100.0,100.0,100.0,0.73,13.27,2.75,1.27,0.0,1.06,0.0,0.0
DCA,2023-11-23,16,2,17,2,17,100.0,100.0,100.0,0.0,11.0,0.0,0.0,0.88,2.05,0.24,0.24
DCA,2023-11-23,17,5,6,5,6,100.0,100.0,100.0,0.0,12.8,0.96,0.0,0.33,1.77,0.0,0.0
DCA,2023-11-23,18,2,4,2,4,100.0,100.0,100.0,0.0,9.0,0.05,0.0,1.25,0.65,0.0,0.0
DCA,2023-11-23,19,0,1,0,1,0.0,0.0,100.0,0.0,0.0,0.0,0.0,0.0,2.3,0.0,0.0
DCA,2023-11-23,20,1,3,1,4,100.0,100.0,100.0,10.0,14.0,0.4,10.0,0.0,0.55,0.0,0.0
DCA,2023-11-23,21,0,4,0,4,0.0,0.0,100.0,0.0,0.0,0.0,0.0,0.5,0.92,0.0,0.0
DCA,2023-11-23,22,0,1,0,1,0.0,0.0,100.0,0.0,0.0,0.0,0.0,0.0,1.3,0.0,0.0
DCA,2023-11-23,23,0,1,0,1,0.0,0.0,100.0,0.0,0.0,0.0,0.0,4.0,0.0,0.0,0.0
DCA,2023-11-24,0,0,1,0,0,0.0,0.0,0.0,0.0,0.0,0.0,0.0,0.0,0.0,0.0,0.0
DCA,2023-11-24,5,2,0,2,0,100.0,100.0,0.0,0.0,11.5,0.0,0.0,0.0,0.0,0.0,0.0
DCA,2023-11-24,6,17,0,17,0,94.12,94.12,0.0,9.06,11.88,1.66,10.41,0.0,0.0,0.0,0.0
DCA,2023-11-24,7,9,3,10,3,100.0,100.0,100.0,1.4,13.2,2.4,2.5,0.67,1.87,0.0,0.0
DCA,2023-11-24,8,18,5,18,5,88.89,88.89,100.0,3.17,14.44,2.74,4.39,0.0,0.5,0.4,0.0
DCA,2023-11-24,9,9,13,9,13,100.0,88.89,92.31,1.78,12.33,1.51,2.33,1.15,2.48,1.54,1.23
DCA,2023-11-24,10,19,16,19,16,100.0,100.0,100.0,0.0,16.63,4.62,1.0,1.31,2.66,0.94,0.0
DCA,2023-11-24,11,23,16,23,17,100.0,100.0,100.0,0.39,14.87,3.37,1.22,1.24,1.1,0.0,1.35
DCA,2023-11-24,12,20,24,20,24,90.0,90.0,100.0,3.05,15.95,4.19,4.45,0.75,3.72,0.75,0.08
DCA,2023-11-24,13,23,22,23,22,95.65,91.3,90.91,3.61,16.91,5.03,5.0,2.82,1.57,1.05,5.5
DCA,2023-11-24,14,18,25,18,25,94.44,88.89,92.0,5.06,19.56,7.62,8.56,1.4,1.18,3.08,5.76
DCA,2023-11-24,15,33,18,33,19,87.88,78.79,94.74,4.12,19.15,7.07,7.97,2.84,1.37,0.84,2.26
DCA,2023-11-24,16,14,35,15,35,86.67,86.67,94.29,8.4,12.8,2.05,9.13,5.14,0.7,1.37,6.71
DCA,2023-11-24,17,35,11,36,11,97.22,94.44,90.91,5.53,18.17,6.14,8.19,0.91,2.17,4.0,3.09
DCA,2023-11-24,18,12,29,12,29,83.33,83.33,96.55,5.58,13.08,2.74,5.83,2.03,1.0,0.28,3.34
DCA,2023-11-24,19,21,14,21,14,95.24,95.24,100.0,4.14,17.48,5.99,5.95,7.29,1.25,0.79,0.0
DCA,2023-11-24,20,17,19,17,19,100.0,100.0,100.0,0.0,17.41,5.61,1.35,1.63,1.35,0.26,0.37
DCA,2023-11-24,21,1,15,2,15,100.0,100.0,93.33,0.0,13.5,1.85,2.0,0.13,1.85,0.67,2.47
DCA,2023-11-24,22,0,13,0,13,0.0,0.0,76.92,0.0,0.0,0.0,0.0,0.46,0.56,0.0,8.54
DCA,2023-11-24,23,0,10,0,10,0.0,0.0,80.0,0.0,0.0,0.0,0.0,0.5,0.64,0.6,5.8
DCA,2023-11-25,0,0,1,0,1,0.0,0.0,100.0,0.0,0.0,0.0,0.0,0.0,0.4,0.0,0.0
DCA,2023-11-25,5,3,0,3,0,100.0,100.0,0.0,0.0,12.33,0.3,0.33,0.0,0.0,0.0,0.0
DCA,2023-11-25,6,25,4,25,4,96.0,92.0,100.0,7.84,14.32,3.16,9.44,0.0,2.55,0.0,0.0
DCA,2023-11-25,7,18,23,18,23,88.89,83.33,91.3,3.67,15.89,4.04,5.94,2.65,5.0,3.3,2.78
DCA,2023-11-25,8,40,10,40,11,97.5,80.0,81.82,1.2,25.02,12.88,9.33,3.09,8.89,7.0,7.55
DCA,2023-11-25,9,13,32,13,32,92.31,84.62,96.88,2.92,17.38,5.27,5.92,7.31,1.66,1.72,1.69
DCA,2023-11-25,10,31,16,32,16,93.75,84.38,93.75,2.19,22.59,10.44,8.78,1.13,8.49,2.94,1.88
DCA,2023-11-25,11,23,19,23,19,95.65,91.3,94.74,1.57,15.87,4.59,4.61,1.42,1.53,0.0,2.0
DCA,2023-11-25,12,19,25,19,25,94.74,89.47,100.0,1.89,15.32,3.48,2.47,1.24,1.18,0.44,0.6
DCA,2023-11-25,13,23,20,23,21,95.65,82.61,90.48,2.17,19.35,7.93,6.35,7.62,2.08,6.86,8.14
DCA,2023-11-25,14,19,28,19,28,100.0,89.47,92.86,0.68,21.53,9.46,6.26,2.46,4.49,3.14,3.43
DCA,2023-11-25,15,29,14,29,14,89.66,86.21,85.71,3.86,17.97,6.15,7.24,1.57,1.62,0.86,4.21
DCA,2023-11-25,16,16,31,16,31,68.75,68.75,93.55,21.44,15.25,4.11,24.38,1.52,1.68,0.06,2.87
DCA,2023-11-25,17,29,16,29,16,96.55,89.66,87.5,2.66,17.62,5.77,5.59,1.63,3.48,1.31,6.31
DCA,2023-11-25,18,18,25,19,25,89.47,73.68,92.0,5.84,16.47,4.97,8.63,3.2,1.48,0.08,18.6
DCA,2023-11-25,19,21,17,21,17,90.48,90.48,94.12,2.43,17.29,5.46,4.57,1.47,2.24,0.24,17.94
DCA,2023-11-25,20,13,18,13,19,92.31,92.31,84.21,2.15,15.85,4.29,3.08,11.16,2.6,11.89,15.0
DCA,2023-11-25,21,3,19,3,19,100.0,100.0,78.95,0.0,13.0,0.97,0.0,0.95,0.66,0.53,23.21
DCA,2023-11-25,22,3,16,3,17,100.0,100.0,82.35,0.33,15.0,2.77,1.33,1.29,0.81,0.94,14.94
DCA,2023-11-25,23,0,10,0,10,0.0,0.0,80.0,0.0,0.0,0.0,0.0,0.1,2.78,0.3,8.7
DCA,2023-11-26,0,0,1,0,1,0.0,0.0,100.0,0.0,0.0,0.0,0.0,0.0,0.0,0.0,0.0
DCA,2023-11-26,1,0,1,0,1,0.0,0.0,0.0,0.0,0.0,0.0,0.0,0.0,4.4,0.0,21.0
DCA,2023-11-26,2,0,0,0,0,0.0,0.0,0.0,0.0,0.0,0.0,0.0,0.0,0.0,0.0,0.0
DCA,2023-11-26,3,0,0,0,0,0.0,0.0,0.0,0.0,0.0,0.0,0.0,0.0,0.0,0.0,0.0
DCA,2023-11-26,5,3,0,3,0,100.0,100.0,0.0,0.0,12.33,0.6,0.0,0.0,0.0,0.0,0.0
DCA,2023-11-26,6,27,3,27,3,92.59,88.89,100.0,8.85,14.59,3.31,10.15,0.0,2.63,2.67,0.0
DCA,2023-11-26,7,17,22,17,22,100.0,100.0,95.45,0.0,15.59,3.92,1.35,1.32,3.18,1.68,1.05
DCA,2023-11-26,8,37,11,37,11,94.59,75.68,90.91,2.08,21.46,9.43,7.08,1.36,3.85,0.64,5.36
DCA,2023-11-26,9,18,32,18,32,88.89,88.89,84.38,3.33,13.78,2.05,4.17,2.13,1.11,6.13,6.5
DCA,2023-11-26,10,33,18,33,18,87.88,78.79,94.44,7.61,19.09,6.94,11.55,1.06,3.01,1.39,1.17
DCA,2023-11-26,11,26,27,26,28,92.31,84.62,82.14,3.54,17.73,6.22,7.08,2.25,1.3,8.14,16.25
DCA,2023-11-26,12,20,29,20,30,80.0,75.0,93.33,11.25,15.35,3.78,12.5,4.17,1.1,1.43,5.2
DCA,2023-11-26,13,28,26,29,27,86.21,79.31,81.48,4.45,21.41,9.52,10.55,5.89,1.45,4.44,19.63
DCA,2023-11-26,14,25,26,26,26,88.46,73.08,80.77,4.38,25.31,13.15,14.0,3.77,3.05,6.92,11.12
DCA,2023-11-26,15,33,21,33,21,69.7,54.55,80.95,15.12,23.15,11.05,23.36,2.67,2.86,3.1,14.43
DCA,2023-11-26,16,17,36,17,36,70.59,64.71,75.0,11.88,17.94,6.33,16.53,3.44,3.41,7.33,12.78
DCA,2023-11-26,17,35,17,35,18,77.14,60.0,83.33,14.66,21.57,9.65,22.49,4.11,2.71,5.28,12.39
DCA,2023-11-26,18,20,35,20,35,40.0,25.0,57.14,34.2,24.5,13.06,46.1,6.06,2.75,6.94,17.2
DCA,2023-11-26,19,28,22,28,22,71.43,35.71,59.09,17.93,24.93,13.09,29.89,6.41,3.99,9.45,17.59
DCA,2023-11-26,20,25,24,25,25,64.0,32.0,68.0,24.24,26.64,14.32,36.92,3.84,6.06,3.52,15.48
DCA,2023-11-26,21,4,34,4,34,50.0,25.0,64.71,33.25,22.5,10.25,42.0,3.62,3.83,3.26,24.26
DCA,2023-11-26,22,24,20,24,20,83.33,54.17,65.0,38.75,23.63,11.62,47.33,1.5,4.51,7.25,19.55
DCA,2023-11-26,23,0,13,0,13,0.0,0.0,61.54,0.0,0.0,0.0,0.0,1.54,2.35,13.08,22.31
DCA,2023-11-27,0,0,1,0,1,0.0,0.0,100.0,0.0,0.0,0.0,0.0,3.0,0.4,0.0,0.0
DCA,2023-11-27,1,0,1,0,1,0.0,0.0,100.0,0.0,0.0,0.0,0.0,0.0,0.0,0.0,14.0
DCA,2023-11-27,2,0,0,0,0,0.0,0.0,0.0,0.0,0.0,0.0,0.0,0.0,0.0,0.0,0.0
DCA,2023-11-27,5,3,0,3,0,100.0,100.0,0.0,0.0,15.0,3.27,1.67,0.0,0.0,0.0,0.0
DCA,2023-11-27,6,32,9,32,9,96.88,93.75,77.78,3.59,16.81,4.97,6.47,0.33,7.52,0.22,44.22
DCA,2023-11-27,7,20,29,20,29,90.0,85.0,89.66,3.25,17.85,5.9,6.35,6.14,3.47,4.0,20.55
DCA,2023-11-27,8,41,10,42,10,90.48,76.19,80.0,14.24,21.69,9.58,20.74,3.2,1.38,0.2,7.9
DCA,2023-11-27,9,16,33,16,33,87.5,81.25,84.85,5.06,16.63,4.7,7.88,7.39,0.46,4.55,9.0
DCA,2023-11-27,10,33,18,33,18,81.82,63.64,88.89,18.09,19.97,7.73,23.94,2.17,1.41,0.0,14.61
DCA,2023-11-27,11,25,27,25,27,80.0,80.0,88.89,18.28,14.76,3.78,20.6,3.26,1.05,2.59,8.48
DCA,2023-11-27,12,23,27,23,29,86.96,73.91,82.76,5.87,18.87,6.97,10.74,5.28,3.15,4.07,15.55
DCA,2023-11-27,13,28,26,28,27,78.57,64.29,85.19,12.39,21.75,9.97,19.32,5.37,2.02,2.44,8.89
DCA,2023-11-27,14,23,28,23,28,91.3,78.26,75.0,6.57,22.13,9.88,13.26,4.61,1.79,2.5,15.29
DCA,2023-11-27,15,34,20,34,20,76.47,67.65,80.0,15.97,21.0,9.02,21.53,3.1,1.98,0.2,8.25
DCA,2023-11-27,16,17,36,18,37,77.78,72.22,78.38,9.06,22.39,10.8,17.44,3.73,1.41,1.46,18.78
DCA,2023-11-27,17,35,17,36,17,83.33,69.44,82.35,7.19,23.14,11.12,13.83,3.76,1.46,1.12,14.76
DCA,2023-11-27,18,20,35,20,35,75.0,75.0,82.86,14.5,17.7,5.96,18.35,6.4,1.6,2.43,9.66
DCA,2023-11-27,19,27,23,27,23,88.89,77.78,78.26,12.81,19.33,7.63,17.7,7.83,4.39,5.39,13.61
DCA,2023-11-27,20,26,24,27,26,70.37,62.96,76.92,12.37,19.85,7.55,17.11,4.19,3.07,3.88,15.27
DCA,2023-11-27,21,3,34,4,34,100.0,100.0,88.24,0.0,16.0,3.78,1.25,11.62,2.94,3.38,5.59
DCA,2023-11-27,22,24,20,24,20,79.17,70.83,95.0,11.75,21.13,8.9,16.96,7.5,4.29,3.15,2.3
DCA,2023-11-27,23,0,13,0,13,0.0,0.0,84.62,0.0,0.0,0.0,0.0,1.38,1.18,2.92,4.85
DCA,2023-11-28,0,0,1,0,2,0.0,0.0,100.0,0.0,0.0,0.0,0.0,2.0,1.15,0.0,0.0
DCA,2023-11-28,1,0,0,0,0,0.0,0.0,0.0,0.0,0.0,0.0,0.0,0.0,0.0,0.0,0.0
DCA,2023-11-28,5,3,0,3,0,66.67,66.67,0.0,11.0,12.67,0.93,10.67,0.0,0.0,0.0,0.0
DCA,2023-11-28,6,32,9,32,9,90.63,87.5,88.89,6.13,17.13,5.42,8.28,1.0,3.04,2.33,4.89
DCA,2023-11-28,7,20,29,20,29,100.0,100.0,86.21,0.0,17.65,5.55,1.3,6.38,1.93,4.1,18.66
DCA,2023-11-28,8,42,9,43,11,95.35,76.74,72.73,1.72,23.77,11.77,9.12,4.64,4.2,4.27,33.45
DCA,2023-11-28,9,14,33,15,33,86.67,80.0,93.94,5.47,17.0,5.19,8.2,14.73,2.63,9.09,6.55
DCA,2023-11-28,10,33,18,33,18,93.94,87.88,83.33,12.33,18.85,6.61,15.58,4.78,1.26,0.06,15.39
DCA,2023-11-28,11,26,27,26,28,88.46,84.62,89.29,7.77,16.0,4.39,9.46,3.43,1.25,1.25,7.36
DCA,2023-11-28,12,23,27,23,27,91.3,86.96,88.89,3.7,16.78,4.74,5.91,5.96,1.03,1.67,4.56
DCA,2023-11-28,13,27,26,27,28,88.89,62.96,85.71,16.15,21.48,9.88,23.41,7.32,1.62,4.39,5.68
DCA,2023-11-28,14,23,29,23,29,86.96,69.57,75.86,5.96,20.87,8.6,12.43,10.38,4.25,7.83,7.48
DCA,2023-11-28,15,34,19,35,19,77.14,62.86,84.21,12.26,21.0,8.92,19.23,6.11,3.57,1.79,4.63
DCA,2023-11-28,16,17,36,18,39,66.67,61.11,84.62,15.0,20.11,8.45,21.5,7.69,2.79,4.21,7.41
DCA,2023-11-28,17,35,16,35,17,80.0,45.71,82.35,8.71,27.0,14.92,20.77,3.82,5.88,3.71,25.29
DCA,2023-11-28,18,18,34,18,34,94.44,77.78,82.35,4.44,20.06,8.37,9.78,5.03,2.99,2.62,9.56
DCA,2023-11-28,19,27,22,27,22,88.89,74.07,90.91,6.7,21.26,9.39,13.19,5.14,4.01,3.82,7.27
DCA,2023-11-28,20,25,22,25,23,84.0,68.0,82.61,13.72,22.8,10.58,20.28,4.13,3.03,6.48,11.3
DCA,2023-11-28,21,3,34,4,34,100.0,100.0,85.29,0.0,15.0,3.1,0.25,10.88,1.72,5.0,14.71
DCA,2023-11-28,22,24,18,24,18,79.17,50.0,72.22,10.83,26.04,13.88,21.96,6.33,5.64,2.89,9.72
DCA,2023-11-28,23,0,13,0,13,0.0,0.0,84.62,0.0,0.0,0.0,0.0,1.46,3.98,0.38,3.85
DCA,2023-11-29,0,0,1,0,1,0.0,0.0,100.0,0.0,0.0,0.0,0.0,1.0,0.4,0.0,0.0
DCA,2023-11-29,2,0,0,0,0,0.0,0.0,0.0,0.0,0.0,0.0,0.0,0.0,0.0,0.0,0.0
DCA,2023-11-29,5,3,0,3,0,100.0,100.0,0.0,0.0,12.0,1.3,0.0,0.0,0.0,0.0,0.0
DCA,2023-11-29,6,30,9,30,9,93.33,90.0,88.89,16.8,15.0,3.69,18.6,0.56,2.71,0.22,50.44
DCA,2023-11-29,7,18,28,18,28,88.89,83.33,96.43,8.11,17.44,5.87,11.17,3.21,3.13,2.93,4.39
DCA,2023-11-29,8,41,9,42,10,90.48,90.48,70.0,24.12,16.24,4.29,26.07,3.0,1.5,3.8,9.2
DCA,2023-11-29,9,13,33,13,33,92.31,92.31,93.94,2.31,14.62,3.62,4.31,6.21,1.86,4.61,3.27
DCA,2023-11-29,10,33,17,33,17,87.88,81.82,82.35,11.64,17.61,5.43,14.39,5.59,2.63,3.0,4.18
DCA,2023-11-29,11,26,27,26,27,92.31,84.62,92.59,17.85,15.65,4.06,20.15,4.96,1.96,1.96,4.63
DCA,2023-11-29,12,23,26,23,27,95.65,95.65,88.89,4.09,14.13,2.57,5.04,4.07,1.79,0.52,2.74
DCA,2023-11-29,13,27,26,27,26,92.59,81.48,92.31,14.7,18.04,6.47,19.19,4.0,3.0,2.46,15.23
DCA,2023-11-29,14,23,29,23,29,95.65,82.61,93.1,2.09,17.7,6.06,6.78,4.28,4.93,3.21,5.86
DCA,2023-11-29,15,33,20,33,22,84.85,84.85,95.45,6.61,16.64,4.88,9.09,1.73,1.85,0.45,3.05
DCA,2023-11-29,16,17,35,18,36,83.33,72.22,83.33,11.0,15.06,3.84,13.11,3.22,3.78,2.31,17.56
DCA,2023-11-29,17,35,17,37,17,83.78,78.38,100.0,10.22,16.92,4.98,13.41,3.41,2.56,0.18,0.06
DCA,2023-11-29,18,20,34,20,34,80.0,80.0,76.47,7.1,15.55,3.92,8.75,10.44,2.38,7.5,8.71
DCA,2023-11-29,19,27,23,27,23,85.19,85.19,78.26,16.96,18.89,7.0,21.96,15.22,3.48,8.96,7.78
DCA,2023-11-29,20,26,22,26,23,80.77,76.92,86.96,7.85,18.38,6.41,11.5,2.61,1.75,4.3,9.22
DCA,2023-11-29,21,3,34,3,34,100.0,100.0,85.29,0.0,17.0,4.7,0.0,5.59,3.37,5.26,9.59
DCA,2023-11-29,22,24,20,24,20,62.5,62.5,90.0,21.08,14.58,2.74,22.42,3.85,3.29,1.75,4.6
DCA,2023-11-29,23,0,13,0,13,0.0,0.0,100.0,0.0,0.0,0.0,0.0,0.92,1.4,0.0,1.15
DCA,2023-11-30,0,0,1,0,1,0.0,0.0,100.0,0.0,0.0,0.0,0.0,0.0,1.4,0.0,0.0
DCA,2023-11-30,5,3,0,3,0,100.0,100.0,0.0,0.67,12.33,0.63,0.67,0.0,0.0,0.0,0.0
DCA,2023-11-30,6,32,9,32,9,87.5,90.63,100.0,6.94,14.16,3.09,8.03,2.0,4.63,1.22,0.56
DCA,2023-11-30,7,19,29,19,29,100.0,94.74,86.21,0.84,16.26,4.48,2.0,2.14,5.91,5.14,4.86
DCA,2023-11-30,8,42,10,43,12,95.35,83.72,91.67,2.0,17.98,6.1,5.6,1.33,4.33,2.25,3.67
DCA,2023-11-30,9,15,33,15,33,86.67,86.67,84.85,26.07,14.13,2.78,27.8,5.03,1.76,4.12,16.58
DCA,2023-11-30,10,33,18,33,18,93.94,84.85,88.89,4.52,19.03,6.79,8.09,2.44,3.08,0.67,5.89
DCA,2023-11-30,11,26,27,26,27,80.77,80.77,100.0,14.23,19.42,7.76,20.0,3.41,2.42,0.07,0.15
DCA,2023-11-30,12,23,27,23,27,100.0,95.65,92.59,0.13,18.39,6.54,4.09,5.85,1.11,1.48,8.7
DCA,2023-11-30,13,28,26,29,26,86.21,68.97,88.46,9.79,21.14,9.38,16.41,5.58,3.08,3.19,4.85
DCA,2023-11-30,14,23,29,24,29,91.67,83.33,89.66,3.54,19.42,7.4,7.83,5.24,6.72,4.31,4.21
DCA,2023-11-30,15,33,20,33,20,72.73,60.61,90.0,11.88,18.55,6.59,16.39,4.25,2.39,0.0,8.7
DCA,2023-11-30,16,18,36,19,37,73.68,73.68,81.08,12.21,14.32,2.99,14.0,2.68,1.71,1.3,19.81
DCA,2023-11-30,17,35,16,35,16,88.57,74.29,93.75,15.43,19.63,7.65,20.03,3.81,2.67,1.81,7.63
DCA,2023-11-30,18,20,35,20,35,90.0,90.0,88.57,7.35,15.55,4.03,8.85,6.09,2.31,2.94,7.43
DCA,2023-11-30,19,27,23,27,23,92.59,81.48,69.57,2.48,18.59,7.08,6.93,10.17,4.93,6.78,15.52
DCA,2023-11-30,20,26,23,27,24,92.59,85.19,75.0,7.04,21.11,9.07,12.15,3.83,2.63,4.88,7.71
DCA,2023-11-30,21,3,35,3,35,100.0,100.0,82.86,0.0,13.67,2.23,2.0,6.94,2.76,4.77,11.8
DCA,2023-11-30,22,25,20,25,20,84.0,72.0,95.0,7.32,17.92,5.73,11.08,4.15,6.4,3.2,4.35
DCA,2023-11-30,23,0,13,0,13,0.0,0.0,76.92,0.0,0.0,0.0,0.0,2.23,2.24,0.08,22.62
DCA,2023-12-01,0,0,1,0,1,0.0,0.0,0.0,0.0,0.0,0.0,0.0,0.0,3.5,0.0,188.0
DCA,2023-12-01,1,0,0,0,0,0.0,0.0,0.0,0.0,0.0,0.0,0.0,0.0,0.0,0.0,0.0
DCA,2023-12-01,2,0,0,0,0,0.0,0.0,0.0,0.0,0.0,0.0,0.0,0.0,0.0,0.0,0.0
DCA,2023-12-01,3,0,0,0,0,0.0,0.0,0.0,0.0,0.0,0.0,0.0,0.0,0.0,0.0,0.0
DCA,2023-12-01,5,3,0,3,0,100.0,100.0,0.0,0.0,12.33,1.13,0.0,0.0,0.0,0.0,0.0
DCA,2023-12-01,6,33,9,33,9,90.91,87.88,88.89,5.39,17.61,6.4,9.73,1.67,4.52,0.0,3.89
DCA,2023-12-01,7,19,29,19,29,94.74,94.74,89.66,1.42,16.05,4.84,3.53,4.52,8.34,4.52,4.38
DCA,2023-12-01,8,42,10,42,10,83.33,69.05,90.0,17.52,20.14,8.14,21.98,3.8,2.95,1.3,19.2
DCA,2023-12-01,9,14,33,14,33,100.0,100.0,93.94,0.57,15.0,3.38,1.86,5.97,4.62,3.52,4.64
DCA,2023-12-01,10,33,18,33,18,93.94,72.73,83.33,5.21,20.18,8.18,10.76,4.11,5.71,2.33,11.33
DCA,2023-12-01,11,26,27,26,27,80.77,80.77,96.3,11.5,16.12,4.76,14.23,4.11,2.58,1.37,1.37
DCA,2023-12-01,12,23,27,23,27,86.96,82.61,85.19,9.61,16.91,5.32,12.39,4.85,4.16,1.89,14.93
DCA,2023-12-01,13,28,26,28,26,78.57,57.14,84.62,10.43,20.39,8.88,17.79,6.27,2.81,3.96,12.35
DCA,2023-12-01,14,23,29,23,29,78.26,69.57,72.41,26.26,17.57,5.62,29.83,5.55,4.66,6.17,16.03
DCA,2023-12-01,15,33,20,33,20,66.67,57.58,95.0,14.45,20.0,8.19,20.73,2.7,7.16,2.0,2.2
DCA,2023-12-01,16,18,36,18,38,77.78,77.78,68.42,16.78,17.11,5.87,20.11,11.37,3.53,6.95,16.97
DCA,2023-12-01,17,36,17,36,18,66.67,55.56,66.67,18.53,17.69,5.85,22.89,22.0,1.82,14.11,32.17
DCA,2023-12-01,18,20,35,20,35,60.0,50.0,65.71,74.5,18.1,6.67,78.9,10.34,3.84,11.09,18.77
DCA,2023-12-01,19,27,23,27,23,70.37,59.26,65.22,53.3,19.19,7.94,59.78,8.78,4.36,5.17,29.3
DCA,2023-12-01,20,25,22,25,23,64.0,56.0,78.26,26.64,19.08,7.15,31.76,5.7,3.71,6.48,19.74
DCA,2023-12-01,21,3,35,3,35,100.0,100.0,68.57,0.0,19.0,6.7,0.33,11.23,3.03,6.6,42.23
DCA,2023-12-01,22,25,20,25,21,72.0,60.0,61.9,18.8,21.12,9.09,25.24,2.95,3.0,4.14,17.62
DCA,2023-12-01,23,0,14,0,14,0.0,0.0,85.71,0.0,0.0,0.0,0.0,1.0,2.39,1.0,5.07
DCA,2023-12-02,0,0,1,0,1,0.0,0.0,100.0,0.0,0.0,0.0,0.0,0.0,0.5,0.0,0.0
DCA,2023-12-02,1,0,0,0,0,0.0,0.0,0.0,0.0,0.0,0.0,0.0,0.0,0.0,0.0,0.0
DCA,2023-12-02,5,3,0,3,0,100.0,100.0,0.0,1.33,12.0,0.8,0.67,0.0,0.0,0.0,0.0
DCA,2023-12-02,6,24,4,23,4,95.65,91.3,100.0,2.83,15.78,4.61,5.57,0.25,3.47,0.0,0.0
DCA,2023-12-02,7,16,22,17,22,100.0,94.12,90.91,0.24,20.29,8.79,5.06,2.95,8.31,3.91,6.59
DCA,2023-12-02,8,41,6,41,6,92.68,48.78,66.67,6.8,30.85,18.95,21.95,3.83,5.28,6.0,7.0
DCA,2023-12-02,9,12,33,14,34,71.43,71.43,79.41,32.86,18.36,6.33,36.93,15.85,4.62,9.62,11.71
DCA,2023-12-02,10,30,16,30,16,86.67,80.0,93.75,8.53,19.57,7.64,12.6,3.75,0.79,3.31,5.13
DCA,2023-12-02,11,24,20,24,22,91.67,83.33,86.36,6.42,17.58,6.12,10.08,2.14,0.79,1.36,7.41
DCA,2023-12-02,12,17,25,17,25,94.12,82.35,84.0,2.82,17.76,5.66,6.18,2.2,2.99,2.72,18.48
DCA,2023-12-02,13,22,20,22,20,81.82,72.73,95.0,11.23,18.27,6.9,15.45,3.05,1.1,0.45,2.3
DCA,2023-12-02,14,20,27,21,28,90.48,66.67,82.14,2.1,23.76,11.8,9.48,3.89,3.31,2.11,7.96
DCA,2023-12-02,15,25,13,25,14,88.0,80.0,92.86,11.16,22.52,10.34,17.12,3.71,6.51,3.57,1.64
DCA,2023-12-02,16,15,25,15,25,86.67,86.67,100.0,6.2,14.07,2.8,6.8,2.6,1.04,0.0,0.44
DCA,2023-12-02,17,25,13,25,13,92.0,84.0,84.62,1.8,20.36,8.32,6.32,1.54,4.94,3.62,8.23
DCA,2023-12-02,18,9,22,8,21,75.0,75.0,95.24,4.63,16.5,4.7,7.5,3.24,1.05,0.48,1.67
DCA,2023-12-02,19,17,17,17,18,88.24,88.24,83.33,2.94,21.18,9.21,8.65,2.44,1.47,0.61,6.06
DCA,2023-12-02,20,10,13,10,13,90.0,70.0,69.23,2.7,20.6,8.58,5.9,1.31,0.42,0.0,10.69
DCA,2023-12-02,21,1,18,1,18,100.0,100.0,72.22,0.0,15.0,3.2,0.0,24.89,1.77,24.61,29.5
DCA,2023-12-02,22,4,11,4,12,50.0,50.0,83.33,174.0,16.0,3.72,176.75,4.67,1.07,3.83,12.75
DCA,2023-12-02,23,0,8,0,9,0.0,0.0,66.67,0.0,0.0,0.0,0.0,1.44,2.14,0.67,12.67
DCA,2023-12-03,0,0,1,0,1,0.0,0.0,100.0,0.0,0.0,0.0,0.0,0.0,0.0,0.0,0.0
DCA,2023-12-03,5,3,0,3,0,100.0,100.0,0.0,0.0,14.0,2.2,0.0,0.0,0.0,0.0,0.0
DCA,2023-12-03,6,25,0,25,0,96.0,92.0,0.0,1.72,14.72,3.95,3.8,0.0,0.0,0.0,0.0
DCA,2023-12-03,7,15,19,15,19,93.33,93.33,94.74,1.2,17.73,6.29,5.13,2.32,4.84,0.89,3.42
DCA,2023-12-03,8,31,13,31,13,93.55,83.87,84.62,11.19,23.06,11.1,18.19,1.69,1.42,0.38,14.85
DCA,2023-12-03,9,19,26,19,27,84.21,84.21,88.89,9.47,16.0,4.15,11.63,5.89,3.65,4.48,10.11
DCA,2023-12-03,10,30,19,30,19,90.0,63.33,94.74,9.43,26.1,14.04,19.87,3.21,2.19,0.47,5.89
DCA,2023-12-03,11,26,24,26,24,80.77,76.92,91.67,11.42,16.5,5.06,14.85,3.21,1.99,1.25,5.67
DCA,2023-12-03,12,21,30,21,31,76.19,66.67,80.65,9.05,20.81,9.42,17.1,4.65,2.74,4.19,37.16
DCA,2023-12-03,13,28,26,28,26,75.0,53.57,76.92,10.68,23.82,12.23,19.64,12.15,2.82,9.04,34.27
DCA,2023-12-03,14,24,28,24,27,87.5,58.33,81.48,6.96,24.38,12.25,15.63,6.67,1.94,8.44,15.22
DCA,2023-12-03,15,33,20,33,21,72.73,60.61,38.1,55.39,24.48,12.77,65.3,69.05,2.68,68.62,73.14
DCA,2023-12-03,16,19,36,19,36,36.84,26.32,33.33,76.11,20.63,9.19,85.16,59.36,3.57,60.64,90.03
DCA,2023-12-03,17,35,17,33,27,39.39,27.27,18.52,125.79,22.15,10.28,135.12,15.67,2.87,33.7,78.85
DCA,2023-12-03,18,20,35,19,34,36.84,31.58,26.47,67.16,17.16,5.97,72.53,10.26,7.22,28.88,54.76
DCA,2023-12-03,19,27,23,25,25,20.0,12.0,12.0,64.0,22.52,10.92,74.76,5.2,4.86,22.44,115.36
DCA,2023-12-03,20,26,23,24,24,29.17,29.17,20.83,93.92,21.21,9.22,102.42,5.33,1.33,7.5,90.25
DCA,2023-12-03,21,3,35,3,35,66.67,33.33,17.14,34.67,23.33,11.03,45.0,6.09,8.43,12.49,75.97
DCA,2023-12-03,22,25,20,25,19,24.0,8.0,21.05,75.2,21.76,9.5,84.44,4.05,3.52,5.53,45.95
DCA,2023-12-03,23,0,14,0,14,0.0,0.0,35.71,0.0,0.0,0.0,0.0,6.21,4.49,1.07,34.93
DCA,2023-12-04,0,0,1,0,1,0.0,0.0,100.0,0.0,0.0,0.0,0.0,3.0,0.0,0.0,1.0
DCA,2023-12-04,1,0,0,0,0,0.0,0.0,0.0,0.0,0.0,0.0,0.0,0.0,0.0,0.0,0.0
DCA,2023-12-04,3,0,0,0,0,0.0,0.0,0.0,0.0,0.0,0.0,0.0,0.0,0.0,0.0,0.0
DCA,2023-12-04,5,3,0,3,0,100.0,100.0,0.0,0.67,13.0,1.47,1.0,0.0,0.0,0.0,0.0
DCA,2023-12-04,6,33,9,33,9,84.85,78.79,77.78,15.97,18.24,6.92,20.15,0.56,8.63,2.22,44.78
DCA,2023-12-04,7,19,28,20,27,100.0,100.0,74.07,0.05,17.0,5.38,1.9,3.74,8.77,9.07,11.56
DCA,2023-12-04,8,41,10,43,11,86.05,65.12,100.0,8.51,23.86,11.82,16.88,1.27,2.25,1.36,0.73
DCA,2023-12-04,9,15,33,15,35,93.33,66.67,88.57,4.07,23.6,12.11,12.93,7.06,2.53,4.03,20.17
DCA,2023-12-04,10,33,18,34,19,94.12,91.18,89.47,1.53,19.65,7.6,5.71,2.0,1.92,4.11,6.05
DCA,2023-12-04,11,26,27,25,27,96.0,96.0,85.19,1.08,14.88,3.72,2.12,3.15,1.71,0.22,4.93
DCA,2023-12-04,12,23,27,24,27,95.83,91.67,96.3,3.54,18.79,6.95,7.5,3.52,2.39,2.74,2.74
DCA,2023-12-04,13,28,26,28,26,89.29,71.43,92.31,4.96,20.0,8.51,10.25,3.81,2.57,1.35,7.08
DCA,2023-12-04,14,23,28,24,28,91.67,75.0,78.57,4.08,21.42,9.36,9.88,4.61,6.31,4.93,16.21
DCA,2023-12-04,15,33,20,34,20,79.41,70.59,80.0,15.71,23.76,12.05,24.29,2.05,3.88,1.35,12.55
DCA,2023-12-04,16,18,36,20,36,80.0,70.0,88.89,15.95,16.25,4.92,18.5,3.42,2.29,0.72,16.56
DCA,2023-12-04,17,35,17,36,17,88.89,72.22,88.24,11.56,21.44,9.53,18.25,1.47,4.86,1.76,4.06
DCA,2023-12-04,18,20,35,20,35,95.0,90.0,80.0,1.3,17.05,5.58,2.95,3.57,3.75,3.8,9.43
DCA,2023-12-04,19,27,23,27,24,92.59,81.48,87.5,3.81,18.67,7.16,8.41,4.92,2.89,2.67,5.67
DCA,2023-12-04,20,24,23,25,24,84.0,80.0,75.0,5.8,21.08,9.12,11.16,2.25,2.26,1.67,15.63
DCA,2023-12-04,21,4,34,4,35,100.0,100.0,62.86,0.0,19.5,7.32,1.75,6.26,5.87,4.66,29.43
DCA,2023-12-04,22,25,18,26,18,80.77,73.08,94.44,10.0,17.65,5.46,13.46,7.06,3.41,1.5,7.17
DCA,2023-12-04,23,0,14,0,14,0.0,0.0,78.57,0.0,0.0,0.0,0.0,0.79,1.14,1.07,4.14
DCA,2023-12-05,0,0,1,0,1,0.0,0.0,100.0,0.0,0.0,0.0,0.0,0.0,0.5,0.0,0.0
DCA,2023-12-05,1,0,0,0,0,0.0,0.0,0.0,0.0,0.0,0.0,0.0,0.0,0.0,0.0,0.0
DCA,2023-12-05,5,2,0,2,0,50.0,50.0,0.0,45.5,12.5,1.1,45.0,0.0,0.0,0.0,0.0
DCA,2023-12-05,6,34,7,34,7,100.0,94.12,85.71,0.35,17.53,6.18,2.94,1.0,6.59,0.0,31.43
DCA,2023-12-05,7,16,28,16,28,93.75,93.75,96.43,1.06,16.25,4.96,3.0,3.46,3.12,2.29,0.86
DCA,2023-12-05,8,38,12,39,13,100.0,56.41,100.0,0.51,30.64,18.77,13.9,2.69,3.13,1.0,0.15
DCA,2023-12-05,9,15,29,15,30,100.0,93.33,93.33,0.53,17.67,5.98,3.67,5.27,1.77,2.23,2.27
DCA,2023-12-05,10,32,19,32,19,96.88,78.13,89.47,2.75,23.81,11.59,8.5,4.53,1.85,2.68,4.89
DCA,2023-12-05,11,26,26,26,26,96.15,92.31,96.15,1.0,17.15,5.72,3.96,4.77,1.64,1.92,1.5
DCA,2023-12-05,12,23,26,23,27,91.3,95.65,100.0,2.48,16.78,5.4,4.7,4.89,1.36,1.07,0.48
DCA,2023-12-05,13,27,25,28,25,92.86,85.71,84.0,12.64,20.07,8.61,17.46,2.0,3.47,0.16,17.92
DCA,2023-12-05,14,22,28,22,28,95.45,86.36,100.0,2.55,22.41,10.34,6.86,2.57,5.76,1.64,0.25
DCA,2023-12-05,15,32,19,32,19,93.75,93.75,89.47,6.5,17.91,6.23,8.63,3.0,4.06,2.79,5.05
DCA,2023-12-05,16,18,36,19,37,78.95,73.68,83.78,9.16,17.95,6.57,13.16,7.62,2.26,2.49,3.65
DCA,2023-12-05,17,35,17,35,17,88.57,74.29,94.12,8.29,22.43,10.46,14.54,2.18,1.38,0.41,2.0
DCA,2023-12-05,18,20,34,20,34,90.0,75.0,88.24,5.9,21.6,10.04,11.85,4.65,1.76,2.0,6.53
DCA,2023-12-05,19,27,23,28,23,82.14,71.43,95.65,9.07,20.25,8.6,14.5,5.91,4.37,2.61,1.91
DCA,2023-12-05,20,25,22,26,23,88.46,76.92,82.61,9.12,21.23,9.21,14.77,3.17,1.66,4.52,11.43
DCA,2023-12-05,21,3,35,3,35,100.0,100.0,85.71,0.0,14.67,2.37,0.0,13.74,3.48,10.94,8.91
DCA,2023-12-05,22,26,17,26,19,92.31,84.62,89.47,5.19,19.69,7.5,8.65,3.68,3.77,2.95,6.74
DCA,2023-12-05,23,0,15,0,15,0.0,0.0,93.33,0.0,0.0,0.0,0.0,1.6,3.61,2.0,1.73
DCA,2023-12-06,0,0,1,0,1,0.0,0.0,100.0,0.0,0.0,0.0,0.0,0.0,0.0,0.0,0.0
DCA,2023-12-06,5,3,0,3,0,100.0,100.0,0.0,0.0,13.0,1.47,0.0,0.0,0.0,0.0,0.0
DCA,2023-12-06,6,35,6,35,6,97.14,94.29,100.0,1.11,17.71,6.45,4.86,1.17,2.8,2.33,0.33
DCA,2023-12-06,7,16,31,16,31,93.75,93.75,90.32,4.19,17.0,5.9,7.13,6.97,1.91,2.55,3.81
DCA,2023-12-06,8,39,11,41,12,82.93,68.29,91.67,12.49,23.71,11.68,20.29,5.67,0.85,4.0,4.75
DCA,2023-12-06,9,15,31,14,31,100.0,100.0,87.1,0.86,19.36,7.64,4.57,10.23,0.64,5.32,10.55
DCA,2023-12-06,10,31,20,32,20,87.5,75.0,85.0,5.09,20.78,8.82,11.38,5.0,2.48,0.95,12.25
DCA,2023-12-06,11,26,26,26,26,73.08,69.23,84.62,15.38,18.35,7.01,21.0,8.38,0.71,4.65,10.58
DCA,2023-12-06,12,23,26,24,27,75.0,50.0,81.48,10.0,22.83,11.15,18.13,8.15,1.05,4.0,7.81
DCA,2023-12-06,13,26,25,26,25,80.77,65.38,100.0,14.46,21.96,10.48,21.62,5.24,2.62,1.84,0.68
DCA,2023-12-06,14,23,27,23,27,86.96,73.91,88.89,4.35,22.87,10.77,11.96,6.26,3.44,3.67,5.3
DCA,2023-12-06,15,33,20,33,21,84.85,57.58,90.48,5.48,24.36,12.65,15.18,2.86,2.9,0.57,6.67
DCA,2023-12-06,16,18,36,19,38,89.47,89.47,76.32,4.47,15.89,4.68,6.63,2.0,2.16,2.61,11.76
DCA,2023-12-06,17,35,17,36,18,77.78,63.89,100.0,14.36,20.72,8.76,21.28,2.0,3.96,1.72,1.22
DCA,2023-12-06,18,20,34,20,34,90.0,70.0,85.29,4.3,23.25,11.61,12.2,6.85,3.64,4.53,3.94
DCA,2023-12-06,19,27,23,28,23,89.29,60.71,69.57,4.39,24.21,12.74,15.46,12.43,4.12,7.39,8.22
DCA,2023-12-06,20,26,23,26,24,88.46,53.85,79.17,3.15,29.73,17.65,15.35,2.54,5.08,5.29,9.25
DCA,2023-12-06,21,3,35,3,35,66.67,66.67,85.71,257.0,17.67,5.47,262.33,5.57,2.33,5.2,4.94
DCA,2023-12-06,22,26,18,26,19,88.46,84.62,84.21,2.54,20.04,7.8,6.62,3.89,2.67,2.47,8.11
DCA,2023-12-06,23,0,15,2,15,50.0,50.0,86.67,42.0,15.5,3.2,45.5,1.67,1.66,0.87,8.27
DCA,2023-12-07,0,0,1,0,1,0.0,0.0,100.0,0.0,0.0,0.0,0.0,0.0,1.5,0.0,0.0
DCA,2023-12-07,1,0,0,0,0,0.0,0.0,0.0,0.0,0.0,0.0,0.0,0.0,0.0,0.0,0.0
DCA,2023-12-07,5,3,0,3,0,100.0,100.0,0.0,0.0,15.0,3.2,0.33,0.0,0.0,0.0,0.0
DCA,2023-12-07,6,36,6,36,6,97.22,80.56,100.0,0.97,22.61,11.14,8.08,1.67,9.8,8.0,4.83
DCA,2023-12-07,7,17,31,17,31,94.12,76.47,90.32,3.24,23.0,11.55,11.12,4.03,9.08,4.87,5.26
DCA,2023-12-07,8,40,11,41,13,95.12,85.37,76.92,2.12,20.56,8.67,6.76,4.31,3.55,8.62,8.38
DCA,2023-12-07,9,15,32,16,32,75.0,68.75,81.25,8.69,16.31,4.74,11.13,6.19,2.3,4.31,13.34
DCA,2023-12-07,10,32,20,34,21,94.12,82.35,95.24,2.41,20.09,7.92,7.97,3.71,6.77,2.0,1.38
DCA,2023-12-07,11,26,26,26,26,96.15,96.15,84.62,2.42,13.81,2.54,3.27,2.96,1.58,0.38,6.65
DCA,2023-12-07,12,24,26,25,26,80.0,72.0,92.31,7.84,17.12,5.57,11.0,6.0,2.17,4.04,3.96
DCA,2023-12-07,13,27,27,27,28,88.89,55.56,85.71,9.0,22.59,11.09,17.67,4.0,2.91,4.75,10.39
DCA,2023-12-07,14,23,28,23,28,86.96,69.57,96.43,4.61,21.22,9.18,11.13,4.32,4.41,5.14,3.43
DCA,2023-12-07,15,33,20,33,20,90.91,81.82,95.0,5.82,20.55,8.85,12.18,1.6,4.85,1.2,2.05
DCA,2023-12-07,16,18,36,19,37,94.74,89.47,83.78,2.32,18.47,7.05,6.37,3.0,3.39,1.68,10.7
DCA,2023-12-07,17,35,17,36,17,83.33,75.0,88.24,7.61,19.58,7.78,12.97,3.0,4.27,3.47,10.35
DCA,2023-12-07,18,20,35,19,35,84.21,68.42,82.86,9.47,20.74,9.4,16.32,3.77,2.71,2.03,19.0
DCA,2023-12-07,19,27,23,27,23,85.19,81.48,78.26,11.59,17.37,6.11,16.22,4.61,2.88,4.7,8.22
DCA,2023-12-07,20,26,23,26,24,88.46,84.62,87.5,7.0,17.0,5.13,8.88,1.58,2.02,2.92,13.79
DCA,2023-12-07,21,3,35,4,35,75.0,75.0,91.43,10.25,13.25,1.15,10.75,6.77,3.3,7.31,13.46
DCA,2023-12-07,22,26,19,26,19,73.08,57.69,78.95,44.5,22.12,9.92,51.27,4.05,8.62,6.74,6.21
DCA,2023-12-07,23,0,15,0,15,0.0,0.0,93.33,0.0,0.0,0.0,0.0,0.8,3.13,2.13,7.73
DCA,2023-12-08,0,0,1,0,1,0.0,0.0,100.0,0.0,0.0,0.0,0.0,0.0,1.5,0.0,0.0
DCA,2023-12-08,1,0,0,0,0,0.0,0.0,0.0,0.0,0.0,0.0,0.0,0.0,0.0,0.0,0.0
DCA,2023-12-08,2,0,0,0,0,0.0,0.0,0.0,0.0,0.0,0.0,0.0,0.0,0.0,0.0,0.0
DCA,2023-12-08,5,3,0,3,0,100.0,100.0,0.0,0.0,16.67,4.87,2.67,0.0,0.0,0.0,0.0
DCA,2023-12-08,6,37,6,37,6,89.19,67.57,66.67,7.62,19.19,7.86,14.27,1.5,9.47,14.83,32.17
DCA,2023-12-08,7,17,32,17,32,100.0,82.35,78.13,0.71,20.18,8.48,6.29,4.13,6.31,7.72,9.0
DCA,2023-12-08,8,40,12,40,12,85.0,70.0,75.0,4.63,22.43,10.45,11.65,2.92,8.86,5.42,10.92
DCA,2023-12-08,9,16,31,16,31,81.25,81.25,87.1,10.81,14.56,2.95,12.5,5.65,2.89,2.68,13.94
DCA,2023-12-08,10,32,20,32,20,87.5,75.0,85.0,25.0,19.22,7.16,29.78,3.2,6.43,3.45,7.75
DCA,2023-12-08,11,26,26,26,26,73.08,73.08,100.0,10.46,13.35,2.55,11.54,3.77,2.29,0.15,0.35
DCA,2023-12-08,12,25,25,25,24,88.0,84.0,95.83,12.12,13.24,2.31,13.6,4.0,1.66,0.38,7.25
DCA,2023-12-08,13,26,28,26,28,80.77,73.08,92.86,6.15,17.04,5.65,9.73,4.89,1.37,0.93,3.07
DCA,2023-12-08,14,23,28,23,29,86.96,82.61,89.66,3.48,16.91,4.89,6.39,4.93,5.0,1.59,5.03
DCA,2023-12-08,15,33,20,33,21,81.82,60.61,95.24,7.21,19.67,7.89,12.76,3.14,3.06,0.71,1.48
DCA,2023-12-08,16,18,36,18,36,88.89,83.33,91.67,2.44,18.0,6.57,5.5,3.97,2.92,1.44,3.36
DCA,2023-12-08,17,35,17,36,17,97.22,77.78,94.12,2.36,19.83,8.02,8.28,3.35,3.05,0.35,3.88
DCA,2023-12-08,18,20,35,20,35,80.0,75.0,91.43,6.8,20.0,8.36,12.55,8.09,2.84,3.31,2.94
DCA,2023-12-08,19,27,23,27,23,92.59,88.89,78.26,7.22,15.37,4.09,8.89,13.13,1.81,5.65,6.57
DCA,2023-12-08,20,25,22,25,23,92.0,84.0,95.65,2.76,16.84,5.2,5.6,3.91,1.96,2.96,2.52
DCA,2023-12-08,21,3,35,3,35,100.0,100.0,82.86,0.0,15.33,3.8,1.0,12.49,2.23,5.49,11.97
DCA,2023-12-08,22,26,19,26,19,88.46,88.46,78.95,7.46,15.54,3.77,9.04,7.21,5.05,3.37,9.74
DCA,2023-12-08,23,0,15,1,15,100.0,100.0,100.0,0.0,25.0,12.7,13.0,0.93,1.87,0.07,0.07
DCA,2023-12-09,0,0,1,0,1,0.0,0.0,100.0,0.0,0.0,0.0,0.0,0.0,2.5,0.0,0.0
DCA,2023-12-09,5,3,0,3,0,100.0,100.0,0.0,0.0,13.0,1.47,0.0,0.0,0.0,0.0,0.0
DCA,2023-12-09,6,27,1,27,1,96.3,81.48,100.0,2.48,21.78,10.43,10.56,5.0,2.3,0.0,0.0
DCA,2023-12-09,7,15,25,16,25,87.5,81.25,92.0,3.25,19.81,8.24,7.75,1.48,5.65,2.12,13.28
DCA,2023-12-09,8,38,8,38,8,100.0,84.21,100.0,0.47,21.84,10.18,7.42,1.75,10.26,0.88,1.0
DCA,2023-12-09,9,14,31,14,32,85.71,85.71,90.63,3.14,15.71,3.79,4.07,3.88,4.3,0.72,2.84
DCA,2023-12-09,10,30,16,31,16,96.77,96.77,100.0,0.9,18.81,6.76,3.77,3.13,3.33,0.19,0.56
DCA,2023-12-09,11,23,21,23,22,100.0,82.61,86.36,1.3,15.04,4.09,3.96,2.23,1.8,0.0,6.0
DCA,2023-12-09,12,18,25,18,25,77.78,77.78,100.0,12.67,16.61,5.01,14.11,3.92,1.83,0.04,0.52
DCA,2023-12-09,13,22,20,22,20,90.91,77.27,90.0,5.05,16.77,5.34,8.14,3.95,2.53,1.55,3.3
DCA,2023-12-09,14,21,26,22,27,95.45,86.36,85.19,20.41,16.77,5.16,24.0,4.52,4.16,0.48,8.0
DCA,2023-12-09,15,23,14,23,14,69.57,69.57,85.71,18.17,17.22,5.29,20.96,1.57,3.74,1.21,7.36
DCA,2023-12-09,16,14,23,14,23,71.43,78.57,95.65,12.64,13.43,2.38,13.71,1.78,2.08,0.0,4.48
DCA,2023-12-09,17,24,13,25,13,88.0,88.0,92.31,4.08,14.8,2.9,5.24,2.0,2.8,2.54,1.69
DCA,2023-12-09,18,10,22,10,22,80.0,80.0,86.36,11.1,14.2,2.98,13.4,3.59,2.77,0.59,7.23
DCA,2023-12-09,19,17,17,17,18,82.35,76.47,88.89,12.53,15.18,3.79,14.41,2.11,1.9,0.67,7.0
DCA,2023-12-09,20,10,13,9,13,88.89,88.89,84.62,5.89,13.78,1.91,5.78,1.77,1.39,1.0,14.85
DCA,2023-12-09,21,1,18,1,18,100.0,100.0,83.33,0.0,11.0,0.0,0.0,1.44,1.36,0.0,4.83
DCA,2023-12-09,22,4,11,4,10,100.0,75.0,60.0,3.25,12.75,1.73,5.0,2.9,1.39,0.7,18.6
DCA,2023-12-09,23,0,8,0,8,0.0,0.0,75.0,0.0,0.0,0.0,0.0,1.25,1.23,0.75,17.63
DCA,2023-12-10,0,0,1,0,1,0.0,0.0,100.0,0.0,0.0,0.0,0.0,0.0,0.0,0.0,0.0
DCA,2023-12-10,1,0,0,0,0,0.0,0.0,0.0,0.0,0.0,0.0,0.0,0.0,0.0,0.0,0.0
DCA,2023-12-10,5,3,0,3,0,100.0,100.0,0.0,0.0,13.0,1.47,0.0,0.0,0.0,0.0,0.0
DCA,2023-12-10,6,26,0,25,0,96.0,96.0,0.0,2.8,14.68,3.8,4.8,0.0,0.0,0.0,0.0
DCA,2023-12-10,7,14,20,14,20,100.0,92.86,95.0,0.07,15.36,4.02,2.36,2.35,2.66,1.5,2.55
DCA,2023-12-10,8,32,11,32,11,90.63,62.5,100.0,4.81,25.06,13.12,15.41,2.82,3.17,0.36,1.09
DCA,2023-12-10,9,16,29,16,28,100.0,87.5,78.57,0.06,21.25,9.36,5.56,16.04,2.24,9.18,16.0
DCA,2023-12-10,10,31,19,32,20,75.0,53.13,45.0,18.78,27.97,15.74,32.09,44.7,3.28,42.55,72.85
DCA,2023-12-10,11,27,23,26,25,61.54,38.46,20.0,54.81,24.19,12.69,66.15,20.32,2.01,23.36,30.08
DCA,2023-12-10,12,23,28,23,30,43.48,34.78,36.67,40.13,20.0,8.23,47.74,4.57,2.73,17.43,40.97
DCA,2023-12-10,13,25,29,25,29,32.0,20.0,24.14,46.44,27.24,15.71,61.32,4.45,3.04,12.83,29.83
DCA,2023-12-10,14,25,27,25,27,48.0,20.0,18.52,37.8,30.08,17.95,55.24,4.67,8.0,17.11,47.0
DCA,2023-12-10,15,33,20,33,20,18.18,3.03,45.0,50.67,34.85,23.05,73.73,4.6,2.93,7.85,35.15
DCA,2023-12-10,16,18,36,18,36,33.33,5.56,55.56,72.33,26.5,15.07,87.06,8.14,5.16,9.81,40.97
DCA,2023-12-10,17,36,17,36,17,44.44,13.89,11.76,39.19,27.33,15.34,54.11,6.0,6.04,10.0,68.59
DCA,2023-12-10,18,20,35,19,35,47.37,47.37,54.29,26.16,21.42,9.88,34.05,4.46,5.25,5.74,34.0
DCA,2023-12-10,19,27,23,26,24,38.46,11.54,16.67,45.08,25.77,14.16,58.12,7.0,4.56,8.29,69.92
DCA,2023-12-10,20,26,23,25,25,20.0,12.0,32.0,62.6,22.6,10.53,72.84,10.6,5.95,17.56,56.28
DCA,2023-12-10,21,3,35,5,35,100.0,100.0,37.14,0.0,23.2,11.0,6.6,11.86,6.63,9.43,43.66
DCA,2023-12-10,22,26,19,25,19,52.0,44.0,42.11,52.28,23.08,10.84,61.96,8.37,4.59,8.37,23.26
DCA,2023-12-10,23,0,15,0,15,0.0,0.0,46.67,0.0,0.0,0.0,0.0,5.4,6.88,9.93,45.07
DCA,2023-12-11,0,0,1,0,0,0.0,0.0,0.0,0.0,0.0,0.0,0.0,0.0,0.0,0.0,0.0
DCA,2023-12-11,1,0,0,0,0,0.0,0.0,0.0,0.0,0.0,0.0,0.0,0.0,0.0,0.0,0.0
DCA,2023-12-11,2,0,0,0,0,0.0,0.0,0.0,0.0,0.0,0.0,0.0,0.0,0.0,0.0,0.0
DCA,2023-12-11,5,3,0,3,0,100.0,100.0,0.0,0.0,23.33,11.53,5.33,0.0,0.0,0.0,0.0
DCA,2023-12-11,6,37,6,37,6,86.49,37.84,83.33,8.92,30.19,18.58,24.86,1.83,10.3,8.17,5.17
DCA,2023-12-11,7,17,31,17,29,88.24,64.71,75.86,9.35,20.24,8.77,15.82,6.86,8.55,7.79,18.17
DCA,2023-12-11,8,40,11,40,12,77.5,37.5,75.0,13.2,28.02,15.99,26.33,4.92,2.62,5.58,11.33
DCA,2023-12-11,9,15,32,15,32,86.67,60.0,78.13,8.4,21.73,10.18,15.47,10.03,1.48,6.16,10.66
DCA,2023-12-11,10,32,20,32,21,81.25,53.13,66.67,9.66,23.59,11.52,18.56,6.29,1.74,3.81,19.9
DCA,2023-12-11,11,26,26,26,27,73.08,69.23,77.78,11.0,18.04,6.77,15.54,4.67,1.64,2.44,13.59
DCA,2023-12-11,12,24,26,25,26,84.0,80.0,80.77,9.04,17.88,6.24,12.68,4.81,1.82,1.73,14.23
DCA,2023-12-11,13,27,27,27,27,77.78,51.85,66.67,10.15,23.85,12.28,20.74,5.63,1.58,2.56,13.33
DCA,2023-12-11,14,23,28,23,28,65.22,60.87,85.71,21.35,20.0,7.96,26.52,5.32,2.42,2.39,5.25
DCA,2023-12-11,15,33,20,33,21,78.79,63.64,80.95,8.09,23.27,11.5,17.61,3.19,4.91,4.24,5.38
DCA,2023-12-11,16,18,36,19,36,78.95,68.42,80.56,8.58,20.42,8.96,15.42,6.97,1.79,1.75,14.17
DCA,2023-12-11,17,35,17,35,17,82.86,54.29,70.59,12.46,21.77,9.79,19.54,2.0,2.72,1.0,13.65
DCA,2023-12-11,18,20,35,20,35,65.0,65.0,68.57,20.7,21.2,9.79,27.75,4.03,2.39,2.97,23.2
DCA,2023-12-11,19,27,23,27,23,77.78,62.96,78.26,19.81,18.59,7.02,24.81,3.65,4.27,4.96,10.78
DCA,2023-12-11,20,26,23,26,24,80.77,76.92,87.5,9.96,21.5,9.43,14.65,2.38,1.81,1.0,8.5
DCA,2023-12-11,21,3,35,5,35,80.0,80.0,80.0,6.4,20.0,7.7,12.2,9.11,2.19,5.29,10.74
DCA,2023-12-11,22,26,19,26,19,84.62,76.92,84.21,7.77,18.92,6.68,10.96,3.21,7.04,2.84,14.05
DCA,2023-12-11,23,0,15,0,15,0.0,0.0,93.33,0.0,0.0,0.0,0.0,2.07,2.77,0.93,2.07
DCA,2023-12-12,0,0,1,0,1,0.0,0.0,100.0,0.0,0.0,0.0,0.0,0.0,0.5,0.0,0.0
DCA,2023-12-12,5,3,0,3,0,100.0,100.0,0.0,0.0,12.67,0.87,0.0,0.0,0.0,0.0,0.0
DCA,2023-12-12,6,37,6,37,6,94.59,89.19,100.0,2.0,22.03,10.48,8.7,0.5,12.13,0.0,0.0
DCA,2023-12-12,7,16,31,16,31,100.0,81.25,80.65,1.13,18.69,7.76,4.81,2.0,5.48,4.19,8.29
DCA,2023-12-12,8,39,11,40,12,85.0,60.0,91.67,6.95,25.43,13.49,16.08,3.75,8.12,6.25,5.08
DCA,2023-12-12,9,15,31,15,31,86.67,73.33,90.32,35.47,19.87,8.01,39.4,5.81,4.49,4.29,16.87
DCA,2023-12-12,10,31,20,31,21,74.19,70.97,90.48,13.1,17.35,5.45,16.1,2.43,2.7,0.71,3.48
DCA,2023-12-12,11,26,26,25,27,100.0,96.0,92.59,0.68,14.52,3.42,1.64,3.81,1.24,1.07,1.7
DCA,2023-12-12,12,24,25,24,25,95.83,91.67,92.0,1.13,17.5,5.94,4.0,5.04,4.06,1.64,5.12
DCA,2023-12-12,13,25,26,25,26,96.0,92.0,100.0,2.52,18.36,7.02,6.72,4.31,1.77,0.23,0.35
DCA,2023-12-12,14,23,27,25,27,96.0,80.0,92.59,1.84,19.48,7.45,6.52,3.19,5.37,2.63,6.63
DCA,2023-12-12,15,32,19,32,18,93.75,90.63,100.0,3.72,18.94,7.29,6.94,2.78,2.95,0.0,0.0
DCA,2023-12-12,16,18,36,19,37,100.0,100.0,100.0,0.16,13.89,2.84,0.95,4.32,1.52,0.92,1.32
DCA,2023-12-12,17,35,17,36,17,97.22,86.11,94.12,3.08,18.83,7.0,6.72,3.41,3.38,0.06,1.59
DCA,2023-12-12,18,20,34,20,34,80.0,65.0,91.18,16.0,22.55,11.06,24.5,5.74,1.92,1.65,1.91
DCA,2023-12-12,19,27,23,27,23,85.19,77.78,91.3,4.33,15.89,4.44,6.63,11.3,3.07,3.09,3.04
DCA,2023-12-12,20,26,23,27,24,96.3,85.19,91.67,2.89,19.85,7.82,6.89,3.83,2.51,2.58,2.54
DCA,2023-12-12,21,3,35,3,35,100.0,100.0,94.29,0.0,12.0,0.9,0.0,8.51,3.45,2.89,5.06
DCA,2023-12-12,22,26,17,26,17,92.31,92.31,82.35,4.5,14.65,2.88,5.62,4.24,5.15,1.53,6.65
DCA,2023-12-12,23,0,15,0,15,0.0,0.0,93.33,0.0,0.0,0.0,0.0,1.2,2.36,0.0,8.2
DCA,2023-12-13,0,0,1,0,1,0.0,0.0,100.0,0.0,0.0,0.0,0.0,0.0,2.5,0.0,0.0
DCA,2023-12-13,1,0,0,0,0,0.0,0.0,0.0,0.0,0.0,0.0,0.0,0.0,0.0,0.0,0.0
DCA,2023-12-13,5,3,0,3,0,100.0,100.0,0.0,1.0,12.33,0.8,0.67,0.0,0.0,0.0,0.0
DCA,2023-12-13,6,35,6,35,6,100.0,77.14,83.33,0.0,21.11,10.25,7.49,0.83,8.63,4.5,2.67
DCA,2023-12-13,7,16,31,16,31,100.0,81.25,96.77,0.31,21.25,9.83,7.0,3.74,4.25,3.84,2.23
DCA,2023-12-13,8,39,11,40,12,92.5,67.5,100.0,2.8,25.5,13.48,12.25,3.33,1.67,2.0,1.08
DCA,2023-12-13,9,15,31,15,31,93.33,93.33,100.0,4.4,19.8,8.07,8.93,7.84,1.57,3.87,1.52
DCA,2023-12-13,10,31,20,31,22,93.55,83.87,90.91,2.26,23.42,11.2,8.52,2.59,2.33,0.36,2.55
DCA,2023-12-13,11,26,26,27,27,88.89,88.89,100.0,3.52,17.26,5.86,6.22,2.04,1.25,0.07,0.52
DCA,2023-12-13,12,24,25,26,25,92.31,92.31,100.0,2.12,16.23,4.68,4.08,2.8,3.78,1.6,0.92
DCA,2023-12-13,13,27,26,27,27,85.19,70.37,92.59,6.85,19.15,7.76,12.85,3.19,2.51,1.96,14.22
DCA,2023-12-13,14,23,28,23,28,100.0,78.26,78.57,1.83,20.65,8.54,7.65,3.11,5.71,2.71,6.68
DCA,2023-12-13,15,33,21,33,22,87.88,69.7,90.91,3.58,21.76,10.15,9.73,2.18,1.96,1.18,31.86
DCA,2023-12-13,16,18,36,19,38,84.21,78.95,84.21,9.37,15.89,4.57,11.63,4.47,1.67,0.89,6.0
DCA,2023-12-13,17,35,16,35,16,88.57,80.0,93.75,3.74,21.0,9.08,9.46,1.44,1.17,0.13,2.25
DCA,2023-12-13,18,20,35,21,35,90.48,85.71,94.29,3.62,20.9,9.25,10.33,3.6,2.02,1.06,10.54
DCA,2023-12-13,19,27,23,27,23,85.19,74.07,86.96,6.48,19.59,7.98,11.52,6.22,2.05,1.96,5.78
DCA,2023-12-13,20,26,23,26,24,84.62,73.08,87.5,17.85,19.0,7.28,21.77,5.75,1.63,4.25,9.0
DCA,2023-12-13,21,3,35,4,35,100.0,75.0,71.43,0.0,20.75,8.78,5.75,14.97,1.77,8.23,12.46
DCA,2023-12-13,22,26,18,26,18,80.77,65.38,83.33,8.73,21.69,9.8,15.19,11.44,5.06,8.56,7.17
DCA,2023-12-13,23,0,15,0,15,0.0,0.0,80.0,0.0,0.0,0.0,0.0,1.4,7.97,5.67,40.67
DCA,2023-12-14,0,0,1,0,1,0.0,0.0,100.0,0.0,0.0,0.0,0.0,0.0,0.0,0.0,0.0
DCA,2023-12-14,1,0,0,0,0,0.0,0.0,0.0,0.0,0.0,0.0,0.0,0.0,0.0,0.0,0.0
DCA,2023-12-14,5,3,0,3,0,100.0,100.0,0.0,0.33,15.67,3.87,1.67,0.0,0.0,0.0,0.0
DCA,2023-12-14,6,36,6,36,6,97.22,69.44,100.0,4.06,21.69,10.15,12.0,0.83,8.47,1.17,0.0
DCA,2023-12-14,7,18,32,18,33,94.44,61.11,84.85,9.33,23.61,11.97,18.5,5.06,7.08,4.42,5.61
DCA,2023-12-14,8,40,11,41,12,92.68,63.41,91.67,3.12,27.93,15.88,15.02,4.67,3.41,3.67,5.42
DCA,2023-12-14,9,16,32,16,32,87.5,87.5,90.63,3.44,19.13,7.44,8.13,8.31,1.87,5.25,5.59
DCA,2023-12-14,10,32,20,32,20,93.75,78.13,90.0,3.97,20.78,8.73,9.56,2.3,4.12,0.9,9.1
DCA,2023-12-14,11,25,26,25,28,76.0,64.0,96.43,13.88,17.16,5.65,18.16,3.89,1.5,1.75,1.46
DCA,2023-12-14,12,24,26,24,29,91.67,83.33,75.86,9.46,17.88,6.3,13.79,4.9,6.29,6.59,11.76
DCA,2023-12-14,13,27,27,29,27,65.52,48.28,85.19,15.59,22.79,11.19,25.14,5.15,7.41,6.41,4.81
DCA,2023-12-14,14,23,28,27,29,88.89,66.67,72.41,4.81,19.7,7.6,10.93,6.45,12.76,11.41,9.76
DCA,2023-12-14,15,33,20,34,20,82.35,70.59,85.0,5.03,18.32,6.85,10.38,1.7,3.6,2.0,6.05
DCA,2023-12-14,16,17,36,18,37,77.78,77.78,78.38,13.06,16.83,5.81,18.39,5.57,1.6,4.43,8.41
DCA,2023-12-14,17,36,17,36,18,83.33,72.22,77.78,18.86,18.81,6.99,23.86,3.89,3.96,3.5,13.06
DCA,2023-12-14,18,20,35,21,36,85.71,57.14,88.89,7.24,18.81,7.35,13.05,3.69,3.44,1.64,5.42
DCA,2023-12-14,19,27,23,27,23,88.89,74.07,82.61,10.26,17.15,5.87,15.04,5.83,1.5,2.43,10.87
DCA,2023-12-14,20,26,23,26,24,84.62,69.23,79.17,8.88,22.08,10.14,15.27,2.38,3.41,4.83,20.25
DCA,2023-12-14,21,3,35,3,35,66.67,66.67,74.29,24.33,20.67,8.37,32.0,9.37,2.94,7.57,33.09
DCA,2023-12-14,22,26,19,26,19,76.92,80.77,78.95,13.54,15.77,4.13,15.54,6.0,4.58,3.32,13.95
DCA,2023-12-14,23,0,15,0,15,0.0,0.0,80.0,0.0,0.0,0.0,0.0,0.53,5.17,2.27,9.47
DCA,2023-12-15,0,0,1,0,1,0.0,0.0,100.0,0.0,0.0,0.0,0.0,0.0,1.5,3.0,0.0
DCA,2023-12-15,5,3,0,3,0,100.0,100.0,0.0,0.0,18.33,6.53,4.67,0.0,0.0,0.0,0.0
DCA,2023-12-15,6,37,6,37,6,89.19,67.57,100.0,7.24,18.35,6.92,12.73,0.5,3.58,0.0,0.0
DCA,2023-12-15,7,18,32,18,32,94.44,88.89,84.38,31.67,22.33,10.64,38.0,3.41,8.71,4.75,4.19
DCA,2023-12-15,8,39,12,39,13,89.74,48.72,92.31,3.21,30.18,18.14,17.72,1.46,4.67,1.15,4.31
DCA,2023-12-15,9,17,31,17,31,94.12,82.35,93.55,5.71,17.82,6.01,9.82,7.68,2.66,4.94,3.32
DCA,2023-12-15,10,33,19,34,19,91.18,70.59,84.21,4.06,21.44,9.24,11.0,2.68,3.75,0.58,4.89
DCA,2023-12-15,11,24,26,25,26,80.0,76.0,92.31,15.52,16.0,4.76,18.32,3.54,1.85,1.46,8.27
DCA,2023-12-15,12,23,24,24,24,91.67,83.33,95.83,6.54,18.46,6.68,10.25,6.79,1.3,1.96,2.21
DCA,2023-12-15,13,26,28,26,28,76.92,61.54,92.86,10.04,22.42,10.85,19.04,2.79,2.39,1.57,4.39
DCA,2023-12-15,14,23,28,23,28,82.61,73.91,89.29,6.91,18.35,6.45,10.7,3.32,4.29,1.32,7.57
DCA,2023-12-15,15,33,20,33,20,81.82,57.58,85.0,9.39,20.76,8.96,15.82,2.25,3.3,1.05,4.9
DCA,2023-12-15,16,17,35,17,35,76.47,76.47,91.43,6.0,16.76,5.62,9.18,4.54,2.02,2.57,6.4
DCA,2023-12-15,17,35,17,35,17,77.14,62.86,76.47,10.34,19.03,7.2,14.91,1.29,6.59,4.0,24.47
DCA,2023-12-15,18,20,35,20,35,75.0,60.0,85.71,13.15,20.5,8.89,20.05,6.0,1.96,1.89,5.57
DCA,2023-12-15,19,27,23,27,23,85.19,74.07,86.96,6.78,17.63,6.34,11.96,15.17,1.08,9.83,12.04
DCA,2023-12-15,20,26,23,26,25,76.92,61.54,68.0,16.96,22.5,10.42,23.85,7.0,3.65,12.56,18.88
DCA,2023-12-15,21,3,35,3,35,100.0,100.0,74.29,0.0,11.0,0.0,0.0,9.49,3.18,4.4,10.23
DCA,2023-12-15,22,26,19,26,19,88.46,65.38,89.47,6.81,21.65,9.43,13.69,3.79,9.62,5.05,6.05
DCA,2023-12-15,23,0,15,0,15,0.0,0.0,86.67,0.0,0.0,0.0,0.0,0.53,2.05,0.33,5.53
DCA,2023-12-16,0,0,1,0,1,0.0,0.0,100.0,0.0,0.0,0.0,0.0,0.0,0.5,0.0,0.0
DCA,2023-12-16,5,3,0,3,0,66.67,33.33,0.0,9.0,24.67,12.87,20.33,0.0,0.0,0.0,0.0
DCA,2023-12-16,6,26,1,26,1,96.15,76.92,100.0,1.88,19.08,7.88,7.88,2.0,2.3,0.0,0.0
DCA,2023-12-16,7,15,25,15,25,93.33,86.67,88.0,3.2,18.27,6.83,7.33,1.48,2.98,2.08,30.76
DCA,2023-12-16,8,40,8,40,8,92.5,52.5,87.5,2.98,26.88,15.09,14.88,1.38,9.6,5.63,4.75
DCA,2023-12-16,9,14,31,14,31,85.71,71.43,93.55,6.14,20.21,8.1,11.5,3.48,2.87,0.71,6.65
DCA,2023-12-16,10,32,13,32,13,90.63,81.25,100.0,4.69,20.81,8.77,10.09,1.46,1.21,0.0,0.38
DCA,2023-12-16,11,20,22,20,22,75.0,75.0,100.0,57.15,15.75,4.64,60.1,1.86,1.55,0.32,0.5
DCA,2023-12-16,12,18,24,18,24,88.89,83.33,91.67,5.0,19.72,7.92,10.17,2.46,1.52,1.13,2.88
DCA,2023-12-16,13,23,21,23,21,69.57,56.52,95.24,10.13,20.39,8.85,16.39,3.57,2.65,2.33,5.71
DCA,2023-12-16,14,19,30,19,30,78.95,78.95,90.0,8.32,19.53,7.62,12.89,2.97,4.48,2.2,11.7
DCA,2023-12-16,15,26,12,26,12,88.46,84.62,91.67,4.88,16.5,4.45,7.0,1.42,3.57,0.08,6.83
DCA,2023-12-16,16,13,25,13,25,76.92,69.23,88.0,22.0,14.23,3.07,24.15,2.2,1.92,0.48,16.48
DCA,2023-12-16,17,27,12,28,12,85.71,78.57,75.0,14.39,16.75,4.58,17.43,2.33,0.93,0.33,18.08
DCA,2023-12-16,18,9,22,9,22,66.67,66.67,72.73,16.56,20.78,8.59,22.44,4.45,2.37,3.18,19.23
DCA,2023-12-16,19,16,16,16,16,81.25,56.25,93.75,14.56,22.38,10.19,22.13,9.13,1.46,2.88,4.13
DCA,2023-12-16,20,11,16,11,16,72.73,63.64,68.75,13.64,19.73,7.45,18.36,0.25,4.41,1.81,10.25
DCA,2023-12-16,21,1,18,1,19,0.0,0.0,78.95,150.0,27.0,15.2,165.0,0.68,4.3,0.26,9.63
DCA,2023-12-16,22,4,11,4,11,75.0,75.0,100.0,5.75,15.75,3.55,7.75,0.73,4.48,0.36,1.36
DCA,2023-12-16,23,0,8,0,8,0.0,0.0,75.0,0.0,0.0,0.0,0.0,0.38,1.66,0.38,9.0
DCA,2023-12-17,0,0,1,0,1,0.0,0.0,0.0,0.0,0.0,0.0,0.0,0.0,1.5,0.0,30.0
DCA,2023-12-17,1,0,0,0,0,0.0,0.0,0.0,0.0,0.0,0.0,0.0,0.0,0.0,0.0,0.0
DCA,2023-12-17,5,3,0,3,0,66.67,66.67,0.0,23.33,14.0,2.2,25.33,0.0,0.0,0.0,0.0
DCA,2023-12-17,6,26,0,26,0,96.15,84.62,0.0,2.54,17.0,6.02,6.65,0.0,0.0,0.0,0.0
DCA,2023-12-17,7,14,20,14,20,100.0,100.0,95.0,0.71,15.29,3.89,2.64,2.0,3.17,0.55,2.45
DCA,2023-12-17,8,32,12,32,12,93.75,71.88,91.67,3.38,24.31,12.33,12.34,2.67,3.87,1.25,2.58
DCA,2023-12-17,9,17,29,19,30,100.0,78.95,80.0,0.26,23.37,11.43,7.74,9.6,1.5,8.97,14.43
DCA,2023-12-17,10,31,18,31,18,74.19,64.52,72.22,12.52,20.13,8.01,17.97,4.56,2.21,5.11,43.44
DCA,2023-12-17,11,26,23,26,24,76.92,69.23,75.0,14.62,17.69,6.25,18.46,2.71,1.62,4.58,8.71
DCA,2023-12-17,12,21,27,22,27,81.82,77.27,77.78,9.82,19.09,7.34,14.27,4.07,1.24,2.41,10.67
DCA,2023-12-17,13,27,27,27,27,74.07,51.85,81.48,12.74,24.81,13.11,23.26,3.15,1.47,3.11,13.78
DCA,2023-12-17,14,22,30,22,30,95.45,72.73,80.0,2.5,23.59,11.53,10.68,3.17,3.82,2.23,25.93
DCA,2023-12-17,15,34,19,34,19,67.65,50.0,84.21,17.47,21.15,9.41,25.71,3.68,1.79,1.16,34.21
DCA,2023-12-17,16,18,35,18,36,66.67,50.0,83.33,20.28,18.83,7.52,26.22,7.69,1.67,5.81,10.36
DCA,2023-12-17,17,36,16,36,16,80.56,41.67,75.0,14.11,24.47,12.5,25.06,2.0,6.95,4.25,8.0
DCA,2023-12-17,18,19,36,19,36,78.95,42.11,63.89,11.42,30.89,19.36,29.37,8.19,5.61,9.28,18.0
DCA,2023-12-17,19,28,22,28,22,57.14,42.86,68.18,25.64,27.36,15.67,40.36,11.73,3.5,8.18,18.45
DCA,2023-12-17,20,26,23,25,23,64.0,28.0,56.52,23.04,28.08,16.04,37.0,5.61,2.11,6.22,29.57
DCA,2023-12-17,21,2,36,2,36,50.0,50.0,52.78,9.0,27.5,15.2,20.5,10.56,3.46,8.47,22.64
DCA,2023-12-17,22,26,19,26,20,53.85,38.46,50.0,46.35,21.12,8.88,53.77,14.65,5.69,14.3,28.95
DCA,2023-12-17,23,0,15,0,15,0.0,0.0,73.33,0.0,0.0,0.0,0.0,2.07,5.89,4.33,10.0
DCA,2023-12-18,0,0,1,0,1,0.0,0.0,100.0,0.0,0.0,0.0,0.0,0.0,1.5,0.0,5.0
DCA,2023-12-18,5,3,0,3,0,100.0,100.0,0.0,0.33,13.0,1.2,1.0,0.0,0.0,0.0,0.0
DCA,2023-12-18,6,37,6,33,6,90.91,72.73,83.33,5.03,20.42,9.21,11.7,4.83,6.63,1.67,3.67
DCA,2023-12-18,7,19,31,20,31,100.0,85.0,87.1,1.3,18.85,7.25,5.6,8.81,2.33,3.19,17.87
DCA,2023-12-18,8,39,12,36,13,83.33,58.33,84.62,23.22,26.36,14.38,33.64,9.46,2.95,3.31,7.23
DCA,2023-12-18,9,16,32,16,30,68.75,68.75,90.0,36.69,20.13,8.26,42.19,10.73,2.68,4.37,8.3
DCA,2023-12-18,10,33,18,31,17,77.42,58.06,88.24,35.71,23.06,10.88,43.87,5.12,1.14,1.06,9.06
DCA,2023-12-18,11,23,26,22,24,100.0,95.45,91.67,0.41,19.14,7.51,4.5,1.75,1.74,1.13,9.63
DCA,2023-12-18,12,22,25,21,23,80.95,76.19,73.91,19.0,17.86,6.27,22.48,4.43,0.51,3.3,31.61
DCA,2023-12-18,13,28,25,29,22,82.76,55.17,81.82,24.45,22.34,10.69,32.55,3.09,1.89,0.77,26.68
DCA,2023-12-18,14,21,30,19,27,63.16,52.63,88.89,36.32,21.79,9.89,43.53,0.93,3.3,2.89,5.67
DCA,2023-12-18,15,33,19,32,18,90.63,84.38,77.78,11.0,21.31,9.51,18.25,2.67,3.81,1.89,12.56
DCA,2023-12-18,16,17,35,17,37,76.47,64.71,81.08,9.24,17.35,6.09,13.29,3.49,0.66,3.0,21.62
DCA,2023-12-18,17,35,16,34,14,82.35,64.71,78.57,9.38,23.62,11.62,18.29,1.71,2.11,0.07,34.43
DCA,2023-12-18,18,18,36,18,35,83.33,61.11,65.71,30.33,21.94,10.72,38.72,5.09,1.82,3.71,39.23
DCA,2023-12-18,19,28,21,27,19,66.67,62.96,63.16,25.81,17.0,5.34,29.67,4.74,1.66,2.47,28.16
DCA,2023-12-18,20,25,22,24,23,66.67,62.5,69.57,32.96,19.21,7.61,37.58,3.96,2.79,4.04,22.04
DCA,2023-12-18,21,2,36,2,36,50.0,50.0,80.56,22.0,14.0,1.7,22.5,9.0,1.9,4.22,36.97
DCA,2023-12-18,22,26,18,25,17,68.0,52.0,82.35,17.32,19.04,6.83,23.28,5.59,3.71,4.41,8.71
DCA,2023-12-18,23,0,15,0,15,0.0,0.0,100.0,0.0,0.0,0.0,0.0,2.07,3.56,0.53,1.0
DCA,2023-12-19,0,0,1,0,1,0.0,0.0,100.0,0.0,0.0,0.0,0.0,0.0,0.0,0.0,0.0
DCA,2023-12-19,1,0,0,0,0,0.0,0.0,0.0,0.0,0.0,0.0,0.0,0.0,0.0,0.0,0.0
DCA,2023-12-19,2,0,0,0,0,0.0,0.0,0.0,0.0,0.0,0.0,0.0,0.0,0.0,0.0,0.0
DCA,2023-12-19,5,3,0,3,0,100.0,100.0,0.0,1.67,12.33,0.53,1.67,0.0,0.0,0.0,0.0
DCA,2023-12-19,6,37,6,37,6,94.59,86.49,100.0,3.97,18.0,6.41,8.54,0.83,3.75,0.17,0.0
DCA,2023-12-19,7,19,31,19,30,89.47,84.21,90.0,27.74,18.89,7.43,32.42,5.33,1.51,2.77,3.0
DCA,2023-12-19,8,39,12,39,11,92.31,58.97,90.91,5.77,28.64,16.6,17.72,4.64,4.56,7.64,6.0
DCA,2023-12-19,9,16,32,15,32,86.67,66.67,90.63,3.67,22.87,11.12,12.0,6.38,1.52,5.13,10.19
DCA,2023-12-19,10,33,19,34,19,79.41,67.65,94.74,14.35,22.85,10.87,21.53,3.21,1.98,0.58,3.26
DCA,2023-12-19,11,24,26,24,26,95.83,91.67,88.46,1.5,18.88,7.53,5.5,3.38,1.23,2.42,6.46
DCA,2023-12-19,12,22,25,22,25,77.27,77.27,76.0,16.55,17.55,5.97,20.41,5.16,1.87,2.36,26.2
DCA,2023-12-19,13,27,27,27,27,74.07,51.85,88.89,15.85,22.52,10.94,24.33,2.85,3.2,1.63,5.78
DCA,2023-12-19,14,21,30,21,31,85.71,71.43,74.19,7.29,20.1,8.18,12.81,5.87,8.11,9.39,12.42
DCA,2023-12-19,15,35,18,35,19,65.71,54.29,84.21,21.0,20.26,8.4,27.94,3.74,2.57,1.21,12.95
DCA,2023-12-19,16,17,35,17,35,70.59,64.71,85.71,19.12,18.35,7.15,23.06,3.89,1.61,1.4,6.83
DCA,2023-12-19,17,34,16,35,16,71.43,57.14,81.25,12.8,22.71,10.8,21.03,4.25,1.34,1.63,12.31
DCA,2023-12-19,18,19,36,19,37,84.21,68.42,78.38,4.89,21.26,9.75,11.95,5.19,3.42,2.22,16.41
DCA,2023-12-19,19,26,22,26,22,69.23,53.85,72.73,23.5,20.27,8.84,30.73,6.82,2.67,3.41,18.36
DCA,2023-12-19,20,25,23,25,24,92.0,72.0,87.5,6.0,24.84,12.77,14.56,1.75,3.0,1.17,4.75
DCA,2023-12-19,21,3,34,4,34,100.0,100.0,85.29,0.0,15.0,2.78,0.25,6.59,4.75,6.88,8.06
DCA,2023-12-19,22,24,18,24,18,95.83,66.67,83.33,4.42,21.92,9.7,12.17,4.28,3.9,2.28,7.78
DCA,2023-12-19,23,1,13,1,13,100.0,100.0,92.31,0.0,13.0,0.7,0.0,1.23,5.91,2.31,2.23
DCA,2023-12-20,0,0,2,0,1,0.0,0.0,100.0,0.0,0.0,0.0,0.0,0.0,0.0,0.0,0.0
DCA,2023-12-20,5,3,0,3,0,100.0,100.0,0.0,0.0,12.33,0.53,0.33,0.0,0.0,0.0,0.0
DCA,2023-12-20,6,30,3,30,3,93.33,70.0,100.0,4.23,17.13,5.79,8.77,1.0,2.03,0.0,0.0
DCA,2023-12-20,7,19,24,19,24,94.74,94.74,100.0,4.58,15.05,3.49,6.26,3.5,2.65,0.83,0.46
DCA,2023-12-20,8,34,15,34,15,97.06,94.12,100.0,3.29,17.65,5.69,5.91,3.6,2.6,1.47,1.33
DCA,2023-12-20,9,17,28,17,28,88.24,82.35,89.29,6.65,16.76,5.04,9.53,4.75,1.08,5.21,3.75
DCA,2023-12-20,10,30,14,31,14,96.77,83.87,85.71,20.71,23.03,11.01,28.19,1.93,1.64,5.29,8.86
DCA,2023-12-20,11,20,23,19,23,78.95,68.42,100.0,7.79,15.05,4.04,10.0,2.09,1.04,0.74,0.22
DCA,2023-12-20,12,18,21,19,21,89.47,89.47,95.24,4.89,14.63,3.48,6.26,1.67,2.7,2.33,8.52
DCA,2023-12-20,13,25,23,26,24,84.62,65.38,95.83,14.31,18.81,7.12,19.19,3.96,1.52,0.88,1.08
DCA,2023-12-20,14,18,29,18,29,94.44,83.33,93.1,1.5,20.28,8.44,7.33,7.62,2.02,3.66,4.45
DCA,2023-12-20,15,34,15,34,15,91.18,79.41,100.0,2.56,22.26,10.41,9.71,2.33,1.3,0.53,0.93
DCA,2023-12-20,16,15,32,15,32,80.0,73.33,87.5,6.73,16.2,5.39,11.13,2.19,1.43,1.72,6.09
DCA,2023-12-20,17,30,15,30,15,90.0,63.33,93.33,6.13,21.07,9.2,12.73,2.8,4.0,1.6,10.93
DCA,2023-12-20,18,17,34,17,34,76.47,70.59,82.35,14.76,15.29,4.03,16.88,3.59,4.83,3.18,30.21
DCA,2023-12-20,19,25,23,25,23,88.0,72.0,95.65,4.56,17.96,6.75,8.88,6.35,3.72,0.96,1.83
DCA,2023-12-20,20,24,21,24,22,75.0,75.0,81.82,42.29,19.63,7.87,46.29,1.18,3.81,3.68,10.86
DCA,2023-12-20,21,2,31,3,31,100.0,100.0,90.32,0.0,13.67,2.13,0.33,3.48,2.19,2.74,5.52
DCA,2023-12-20,22,21,18,21,18,95.24,90.48,94.44,3.29,21.71,9.44,7.76,1.28,4.53,2.56,4.56
DCA,2023-12-20,23,0,12,0,12,0.0,0.0,83.33,0.0,0.0,0.0,0.0,0.75,3.35,0.92,5.83
DCA,2023-12-21,0,0,2,0,2,0.0,0.0,50.0,0.0,0.0,0.0,0.0,0.5,1.5,3.0,17.0
DCA,2023-12-21,1,0,0,0,0,0.0,0.0,0.0,0.0,0.0,0.0,0.0,0.0,0.0,0.0,0.0
DCA,2023-12-21,2,0,0,0,0,0.0,0.0,0.0,0.0,0.0,0.0,0.0,0.0,0.0,0.0,0.0
DCA,2023-12-21,3,0,0,0,0,0.0,0.0,0.0,0.0,0.0,0.0,0.0,0.0,0.0,0.0,0.0
DCA,2023-12-21,5,3,0,3,0,100.0,100.0,0.0,0.33,14.67,2.87,2.0,0.0,0.0,0.0,0.0
DCA,2023-12-21,6,31,3,31,3,93.55,77.42,100.0,4.16,17.74,6.69,9.06,1.33,1.97,0.0,0.0
DCA,2023-12-21,7,19,28,19,28,94.74,89.47,92.86,1.05,19.42,7.86,6.74,2.79,5.4,1.64,1.64
DCA,2023-12-21,8,36,12,36,12,94.44,69.44,100.0,2.11,23.36,11.31,9.58,2.42,5.68,1.17,1.08
DCA,2023-12-21,9,16,29,16,29,93.75,93.75,93.1,1.44,16.69,4.88,3.19,3.69,3.64,1.45,16.76
DCA,2023-12-21,10,31,11,31,12,93.55,87.1,83.33,9.0,18.23,6.3,11.9,0.92,1.96,0.0,21.42
DCA,2023-12-21,11,20,24,20,24,95.0,90.0,100.0,2.1,14.4,3.59,4.4,1.83,2.66,0.0,0.42
DCA,2023-12-21,12,18,22,18,24,88.89,77.78,91.67,3.72,16.5,5.51,7.11,4.29,2.68,2.33,2.38
DCA,2023-12-21,13,25,23,26,24,96.15,84.62,91.67,2.5,18.62,7.18,7.35,3.58,2.2,1.33,3.04
DCA,2023-12-21,14,18,29,18,30,94.44,88.89,93.33,10.78,18.0,6.23,14.22,5.63,2.4,3.7,8.23
DCA,2023-12-21,15,35,13,35,14,100.0,94.29,92.86,1.34,19.17,7.33,5.06,2.29,1.81,1.93,4.21
DCA,2023-12-21,16,14,33,14,33,85.71,78.57,87.88,4.93,14.64,3.65,7.0,2.97,0.72,0.67,5.55
DCA,2023-12-21,17,30,16,34,16,79.41,61.76,100.0,6.74,20.97,9.03,13.06,0.63,2.05,0.63,0.56
DCA,2023-12-21,18,17,34,18,34,83.33,77.78,76.47,6.5,15.67,4.36,9.39,6.24,2.12,3.82,8.65
DCA,2023-12-21,19,25,23,25,23,76.0,64.0,91.3,11.16,19.24,7.81,16.96,10.43,6.0,7.3,5.17
DCA,2023-12-21,20,24,21,24,22,91.67,66.67,81.82,6.17,24.58,12.61,14.5,1.45,4.85,2.86,9.45
DCA,2023-12-21,21,2,31,2,31,100.0,100.0,83.87,0.0,12.5,0.85,0.0,2.94,3.66,1.29,7.55
DCA,2023-12-21,22,21,18,21,18,90.48,85.71,94.44,3.52,19.76,7.57,7.52,1.11,4.84,1.56,1.83
DCA,2023-12-21,23,0,12,0,12,0.0,0.0,83.33,0.0,0.0,0.0,0.0,1.17,0.82,0.25,7.58
DCA,2023-12-22,0,0,2,0,2,0.0,0.0,100.0,0.0,0.0,0.0,0.0,0.0,0.75,0.0,4.5
DCA,2023-12-22,5,3,0,3,0,100.0,100.0,0.0,0.0,13.0,1.2,0.0,0.0,0.0,0.0,0.0
DCA,2023-12-22,6,31,3,31,3,100.0,93.55,100.0,0.74,17.48,6.02,4.84,1.67,3.3,0.0,0.0
DCA,2023-12-22,7,19,28,19,28,89.47,84.21,92.86,8.74,15.26,3.86,10.95,3.0,4.19,0.29,13.96
DCA,2023-12-22,8,36,12,36,12,91.67,80.56,100.0,9.28,21.14,9.24,15.19,1.92,4.14,0.5,0.0
DCA,2023-12-22,9,16,29,16,29,100.0,100.0,100.0,0.31,15.75,4.01,2.13,2.79,2.09,1.07,0.52
DCA,2023-12-22,10,31,11,31,11,96.77,96.77,90.91,8.26,17.32,5.23,10.19,0.55,1.57,0.82,5.36
DCA,2023-12-22,11,20,24,20,24,75.0,80.0,95.83,9.85,14.55,3.82,12.25,1.21,1.27,0.75,1.71
DCA,2023-12-22,12,18,22,18,22,83.33,66.67,100.0,7.56,17.78,6.54,12.28,2.73,3.05,1.36,1.27
DCA,2023-12-22,13,25,23,25,23,84.0,68.0,78.26,8.64,17.6,6.19,12.96,3.91,3.21,3.39,8.74
DCA,2023-12-22,14,18,29,18,29,72.22,55.56,89.66,10.78,20.17,8.06,17.0,5.83,3.04,4.24,3.93
DCA,2023-12-22,15,35,13,35,13,88.57,82.86,84.62,5.49,18.97,7.2,10.43,1.92,3.22,2.54,3.15
DCA,2023-12-22,16,14,33,14,33,78.57,71.43,87.88,6.93,15.07,3.86,9.5,5.97,3.07,3.76,5.06
DCA,2023-12-22,17,30,16,31,16,80.65,77.42,87.5,4.65,17.45,5.65,7.94,5.19,2.67,3.0,10.81
DCA,2023-12-22,18,18,36,18,36,77.78,72.22,77.78,15.72,16.11,4.69,18.5,6.64,3.1,3.89,10.25
DCA,2023-12-22,19,28,22,28,23,82.14,75.0,65.22,10.79,17.43,6.0,14.89,13.57,4.73,7.65,9.43
DCA,2023-12-22,20,24,20,24,20,79.17,75.0,75.0,38.92,17.38,5.36,42.29,1.95,5.2,4.05,17.6
DCA,2023-12-22,21,2,31,2,31,100.0,100.0,80.65,0.0,13.5,2.35,1.5,4.61,2.22,3.52,12.84
DCA,2023-12-22,22,18,18,18,18,94.44,88.89,83.33,2.11,16.33,4.48,4.22,3.28,2.49,1.11,13.56
DCA,2023-12-22,23,0,12,0,12,0.0,0.0,91.67,0.0,0.0,0.0,0.0,1.25,3.04,2.25,5.5
DCA,2023-12-23,0,0,2,0,2,0.0,0.0,50.0,0.0,0.0,0.0,0.0,0.0,1.0,0.0,48.5
DCA,2023-12-23,1,0,1,0,1,0.0,0.0,100.0,0.0,0.0,0.0,0.0,0.0,0.0,0.0,0.0
DCA,2023-12-23,2,0,0,0,0,0.0,0.0,0.0,0.0,0.0,0.0,0.0,0.0,0.0,0.0,0.0
DCA,2023-12-23,5,3,0,3,0,100.0,100.0,0.0,0.0,12.67,1.13,0.33,0.0,0.0,0.0,0.0
DCA,2023-12-23,6,26,2,26,3,88.46,65.38,66.67,2.92,19.69,8.63,9.73,6.33,2.6,9.33,10.0
DCA,2023-12-23,7,16,23,16,23,87.5,81.25,91.3,4.81,15.56,4.36,7.31,3.96,6.8,2.09,6.3
DCA,2023-12-23,8,37,9,38,9,89.47,60.53,77.78,5.79,23.53,11.58,13.79,2.11,2.5,1.44,33.33
DCA,2023-12-23,9,12,27,12,27,91.67,75.0,96.3,12.5,16.92,5.3,15.92,5.04,3.0,2.63,8.11
DCA,2023-12-23,10,28,11,28,11,85.71,78.57,81.82,13.86,17.71,5.92,17.64,2.82,0.77,0.0,15.82
DCA,2023-12-23,11,19,18,19,18,89.47,78.95,77.78,5.84,18.37,7.43,12.05,3.39,0.84,1.28,41.22
DCA,2023-12-23,12,17,21,17,21,82.35,82.35,85.71,11.0,17.65,6.22,14.06,3.86,1.88,2.05,16.48
DCA,2023-12-23,13,22,18,22,18,81.82,72.73,83.33,10.0,21.0,9.5,15.45,2.89,2.76,0.78,5.28
DCA,2023-12-23,14,15,29,15,29,73.33,60.0,89.66,24.4,17.53,5.97,28.73,3.72,3.11,3.31,4.1
DCA,2023-12-23,15,31,11,31,11,87.1,74.19,81.82,7.94,17.06,5.53,11.39,1.55,1.67,2.09,6.82
DCA,2023-12-23,16,12,31,12,31,58.33,50.0,80.65,15.42,15.33,4.39,19.33,2.06,2.35,0.65,6.42
DCA,2023-12-23,17,29,16,29,16,79.31,72.41,68.75,6.9,17.97,6.27,11.07,1.44,4.03,1.75,11.13
DCA,2023-12-23,18,12,25,13,25,69.23,61.54,72.0,13.85,14.77,3.51,15.69,6.72,2.75,2.72,8.44
DCA,2023-12-23,19,22,12,22,12,77.27,77.27,91.67,7.64,16.41,4.8,10.0,6.58,1.57,2.25,8.33
DCA,2023-12-23,20,12,17,11,18,81.82,72.73,66.67,10.64,16.91,4.99,12.73,1.5,1.21,0.67,14.17
DCA,2023-12-23,21,0,18,1,19,0.0,0.0,73.68,22.0,12.0,3.3,25.0,1.37,3.74,2.63,24.95
DCA,2023-12-23,22,1,13,1,13,100.0,100.0,84.62,0.0,12.0,0.0,0.0,1.0,3.15,3.46,6.38
DCA,2023-12-23,23,0,10,0,9,0.0,0.0,77.78,0.0,0.0,0.0,0.0,0.89,4.0,2.33,11.56
DCA,2023-12-24,0,0,0,0,2,0.0,0.0,100.0,0.0,0.0,0.0,0.0,0.0,1.5,2.5,0.5
DCA,2023-12-24,2,0,0,0,0,0.0,0.0,0.0,0.0,0.0,0.0,0.0,0.0,0.0,0.0,0.0
DCA,2023-12-24,5,2,0,2,0,100.0,50.0,0.0,0.0,22.5,10.7,8.0,0.0,0.0,0.0,0.0
DCA,2023-12-24,6,23,1,23,1,82.61,82.61,100.0,9.57,14.26,3.34,12.13,0.0,2.3,0.0,0.0
DCA,2023-12-24,7,14,17,15,16,100.0,100.0,100.0,0.53,14.13,3.32,1.27,1.88,2.88,0.0,0.06
DCA,2023-12-24,8,34,6,35,5,94.29,88.57,100.0,3.34,17.94,6.1,6.43,0.8,4.0,0.0,0.0
DCA,2023-12-24,9,12,24,12,24,91.67,91.67,91.67,18.5,14.42,3.0,19.75,1.5,2.05,0.92,9.0
DCA,2023-12-24,10,28,11,28,11,96.43,82.14,100.0,2.5,20.86,8.83,7.79,1.64,2.02,0.0,0.73
DCA,2023-12-24,11,14,18,14,18,71.43,71.43,94.44,14.21,14.0,3.01,16.21,0.28,1.49,0.11,3.5
DCA,2023-12-24,12,16,20,16,19,81.25,75.0,89.47,6.13,14.06,2.81,7.63,1.84,1.15,0.89,14.95
DCA,2023-12-24,13,22,19,21,19,80.95,71.43,89.47,8.0,17.0,5.67,11.14,1.26,2.21,0.05,6.63
DCA,2023-12-24,14,11,26,12,26,75.0,75.0,84.62,29.92,18.0,6.49,33.42,2.23,2.36,0.04,23.04
DCA,2023-12-24,15,27,12,26,12,76.92,69.23,100.0,11.12,16.38,4.71,14.08,1.0,2.27,1.5,2.42
DCA,2023-12-24,16,12,27,11,27,72.73,72.73,88.89,6.91,14.0,3.05,8.64,0.59,1.06,0.33,4.52
DCA,2023-12-24,17,17,15,17,13,76.47,70.59,100.0,15.12,16.35,4.92,18.24,1.08,5.56,1.0,0.0
DCA,2023-12-24,18,8,15,7,15,71.43,71.43,86.67,21.0,10.86,0.73,21.29,0.93,1.12,0.07,13.33
DCA,2023-12-24,19,10,8,10,8,60.0,60.0,87.5,15.8,14.4,3.6,17.5,2.63,1.79,0.0,7.13
DCA,2023-12-24,20,10,14,11,16,90.91,90.91,81.25,3.91,15.45,3.91,5.18,0.94,0.93,1.44,17.5
DCA,2023-12-24,21,0,11,0,10,0.0,0.0,100.0,0.0,0.0,0.0,0.0,0.0,0.63,0.0,1.0
DCA,2023-12-24,22,0,8,0,9,0.0,0.0,66.67,0.0,0.0,0.0,0.0,0.44,0.8,0.44,27.78
DCA,2023-12-24,23,0,5,0,4,0.0,0.0,50.0,0.0,0.0,0.0,0.0,0.75,2.2,0.75,14.5
DCA,2023-12-25,0,0,2,0,0,0.0,0.0,0.0,0.0,0.0,0.0,0.0,0.0,0.0,0.0,0.0
DCA,2023-12-25,5,1,0,1,0,100.0,100.0,0.0,0.0,13.0,1.2,0.0,0.0,0.0,0.0,0.0
DCA,2023-12-25,6,19,4,18,4,94.44,83.33,100.0,3.0,17.67,6.51,8.22,0.25,2.55,0.0,0.0
DCA,2023-12-25,7,20,21,20,21,90.0,85.0,90.48,3.45,16.3,4.62,5.7,1.71,10.38,1.29,28.0
DCA,2023-12-25,8,36,7,35,7,88.57,88.57,85.71,7.89,19.34,7.37,11.94,1.43,6.23,1.57,5.86
DCA,2023-12-25,9,12,21,12,21,91.67,83.33,95.24,4.92,13.83,2.88,6.33,3.0,0.91,0.9,2.29
DCA,2023-12-25,10,26,10,26,11,88.46,84.62,72.73,15.54,19.77,7.63,18.69,16.91,1.19,11.73,33.55
DCA,2023-12-25,11,13,19,13,19,76.92,76.92,89.47,23.46,15.85,5.08,26.85,1.16,1.11,0.53,5.0
DCA,2023-12-25,12,17,20,18,20,66.67,66.67,95.0,14.94,19.78,8.25,20.67,1.0,1.74,0.95,1.75
DCA,2023-12-25,13,22,18,22,18,86.36,63.64,83.33,6.82,21.18,9.72,14.0,3.11,2.87,2.56,10.06
DCA,2023-12-25,14,11,24,11,24,72.73,54.55,91.67,16.73,18.64,6.95,22.09,1.38,3.62,1.92,2.29
DCA,2023-12-25,15,27,12,27,13,96.3,85.19,84.62,2.22,20.15,8.6,5.63,1.38,3.78,5.0,12.0
DCA,2023-12-25,16,12,27,12,27,66.67,66.67,92.59,19.42,13.25,2.75,21.25,1.11,1.29,1.41,11.56
DCA,2023-12-25,17,19,16,20,16,90.0,90.0,87.5,12.35,13.3,2.2,13.7,0.81,2.63,1.94,3.56
DCA,2023-12-25,18,11,16,12,16,75.0,66.67,81.25,7.25,14.17,3.13,9.17,0.75,1.84,0.56,6.06
DCA,2023-12-25,19,11,7,10,7,60.0,60.0,85.71,14.2,13.6,2.92,15.7,2.71,2.57,0.0,30.43
DCA,2023-12-25,20,8,15,8,15,75.0,75.0,93.33,11.63,22.13,10.91,20.5,1.2,0.97,1.73,1.73
DCA,2023-12-25,21,0,11,1,11,100.0,100.0,90.91,0.0,21.0,8.7,9.0,0.09,0.67,2.45,4.55
DCA,2023-12-25,22,0,10,0,10,0.0,0.0,90.0,0.0,0.0,0.0,0.0,0.3,1.5,0.6,8.1
DCA,2023-12-25,23,0,7,0,7,0.0,0.0,85.71,0.0,0.0,0.0,0.0,0.0,0.6,0.0,19.71
DCA,2023-12-26,0,0,2,0,2,0.0,0.0,100.0,0.0,0.0,0.0,0.0,0.0,0.0,0.0,4.0
DCA,2023-12-26,2,0,0,0,0,0.0,0.0,0.0,0.0,0.0,0.0,0.0,0.0,0.0,0.0,0.0
DCA,2023-12-26,5,3,0,3,0,100.0,100.0,0.0,0.0,18.33,6.53,4.0,0.0,0.0,0.0,0.0
DCA,2023-12-26,6,25,3,25,3,96.0,84.0,100.0,2.72,17.0,6.22,6.48,2.0,8.63,0.0,0.0
DCA,2023-12-26,7,17,22,17,22,100.0,88.24,90.91,1.06,17.12,5.96,4.41,2.82,6.61,1.41,34.36
DCA,2023-12-26,8,36,9,36,10,83.33,33.33,100.0,5.47,32.78,20.73,22.5,2.9,2.62,1.6,1.4
DCA,2023-12-26,9,11,25,12,25,100.0,100.0,96.0,1.42,18.5,7.08,4.92,2.96,0.94,2.24,1.36
DCA,2023-12-26,10,29,12,30,12,70.0,66.67,83.33,42.1,19.6,7.53,47.9,3.5,0.83,1.25,6.5
DCA,2023-12-26,11,18,21,18,21,61.11,50.0,90.48,17.56,19.0,7.86,23.33,2.52,2.09,1.48,4.19
DCA,2023-12-26,12,18,21,18,21,55.56,50.0,85.71,42.78,19.56,8.1,48.44,2.95,1.63,1.33,7.52
DCA,2023-12-26,13,24,20,24,20,70.83,54.17,85.0,20.88,18.33,6.98,25.63,4.25,4.02,0.75,26.75
DCA,2023-12-26,14,15,28,15,27,86.67,86.67,81.48,11.2,17.93,6.39,14.4,3.89,5.48,4.37,13.48
DCA,2023-12-26,15,33,12,35,12,71.43,54.29,58.33,41.57,18.91,7.13,46.37,2.33,1.92,6.5,23.83
DCA,2023-12-26,16,13,31,13,32,38.46,30.77,78.13,46.92,15.15,4.21,50.38,2.5,1.89,2.91,12.75
DCA,2023-12-26,17,28,15,28,15,82.14,67.86,73.33,19.0,18.61,6.77,23.86,0.6,1.66,2.47,25.0
DCA,2023-12-26,18,14,28,14,28,71.43,71.43,71.43,21.0,15.79,4.49,25.07,7.5,0.94,2.82,13.96
DCA,2023-12-26,19,21,20,18,20,61.11,33.33,80.0,19.78,21.61,10.22,28.94,22.65,3.62,20.85,25.55
DCA,2023-12-26,20,19,20,19,20,73.68,63.16,55.0,15.74,19.05,7.24,20.21,3.8,3.84,4.6,35.15
DCA,2023-12-26,21,0,27,1,27,100.0,100.0,62.96,0.0,25.0,12.7,13.0,3.22,2.24,3.11,25.04
DCA,2023-12-26,22,18,16,17,16,76.47,64.71,56.25,53.71,19.82,7.58,59.82,3.31,3.92,1.31,22.75
DCA,2023-12-26,23,0,9,0,9,0.0,0.0,55.56,0.0,0.0,0.0,0.0,0.33,2.39,5.89,28.33
DCA,2023-12-27,0,0,2,1,2,0.0,0.0,100.0,51.0,11.0,0.0,50.0,0.0,0.25,0.0,0.5
DCA,2023-12-27,1,0,0,0,1,0.0,0.0,100.0,0.0,0.0,0.0,0.0,0.0,0.3,7.0,0.0
DCA,2023-12-27,5,3,0,3,0,100.0,100.0,0.0,1.33,18.33,6.53,7.67,0.0,0.0,0.0,0.0
DCA,2023-12-27,6,25,3,25,3,96.0,88.0,100.0,6.32,16.2,5.16,9.48,1.0,3.3,0.0,0.0
DCA,2023-12-27,7,17,22,17,18,82.35,82.35,94.44,5.94,16.76,5.34,9.41,3.83,6.03,1.22,26.33
DCA,2023-12-27,8,36,10,37,10,91.89,40.54,80.0,4.92,31.05,19.02,20.73,1.8,1.6,1.4,7.9
DCA,2023-12-27,9,11,24,11,26,72.73,54.55,88.46,9.73,20.82,9.63,16.0,2.69,3.23,2.42,5.08
DCA,2023-12-27,10,30,12,30,12,90.0,70.0,100.0,3.2,21.17,9.14,10.43,4.83,0.92,0.0,0.17
DCA,2023-12-27,11,16,21,16,21,68.75,56.25,95.24,10.0,16.44,5.36,13.69,3.33,1.28,2.29,3.29
DCA,2023-12-27,12,17,20,17,21,70.59,58.82,80.95,19.18,19.59,8.02,26.24,1.95,2.38,1.52,10.86
DCA,2023-12-27,13,25,20,25,20,72.0,52.0,85.0,18.28,18.92,7.35,24.12,5.95,6.16,8.55,9.6
DCA,2023-12-27,14,16,28,17,31,70.59,70.59,70.97,20.65,21.82,9.72,29.29,4.58,8.97,6.81,23.97
DCA,2023-12-27,15,32,12,34,12,67.65,52.94,41.67,15.03,23.59,11.76,24.94,3.5,2.74,9.58,16.58
DCA,2023-12-27,16,13,30,13,30,46.15,23.08,73.33,28.62,21.38,10.26,38.54,3.57,3.27,4.83,17.9
DCA,2023-12-27,17,25,16,25,16,68.0,52.0,81.25,21.16,19.8,8.06,28.44,2.31,3.94,2.88,12.0
DCA,2023-12-27,18,13,23,13,22,69.23,61.54,54.55,16.08,15.31,4.23,18.85,3.23,2.72,4.05,24.09
DCA,2023-12-27,19,20,15,20,15,65.0,45.0,66.67,15.35,26.3,14.66,27.45,2.2,5.9,4.93,18.33
DCA,2023-12-27,20,16,20,16,21,56.25,37.5,57.14,30.75,21.63,10.03,38.31,3.43,2.02,1.62,42.05
DCA,2023-12-27,21,0,20,1,20,100.0,100.0,50.0,0.0,11.0,0.0,0.0,1.05,1.11,0.6,43.3
DCA,2023-12-27,22,7,14,8,15,87.5,87.5,46.67,9.5,16.88,5.24,13.25,2.0,0.95,1.53,32.8
DCA,2023-12-27,23,0,9,0,10,0.0,0.0,60.0,0.0,0.0,0.0,0.0,0.9,0.54,0.0,19.2
DCA,2023-12-28,0,0,2,0,3,0.0,0.0,66.67,0.0,0.0,0.0,0.0,0.67,1.17,0.0,210.0
DCA,2023-12-28,1,0,0,0,0,0.0,0.0,0.0,0.0,0.0,0.0,0.0,0.0,0.0,0.0,0.0
DCA,2023-12-28,5,3,0,3,0,100.0,100.0,0.0,0.0,15.67,4.13,0.67,0.0,0.0,0.0,0.0
DCA,2023-12-28,6,25,3,25,3,80.0,84.0,100.0,5.8,14.6,3.71,7.92,2.67,2.53,0.0,0.0
DCA,2023-12-28,7,17,22,17,19,76.47,64.71,84.21,26.82,17.12,5.53,29.82,3.05,3.77,1.53,17.37
DCA,2023-12-28,8,36,10,37,10,91.89,59.46,80.0,5.14,26.86,14.89,15.65,3.7,2.69,1.6,3.8
DCA,2023-12-28,9,11,24,11,26,90.91,81.82,92.31,16.73,18.91,7.65,20.18,5.73,1.53,3.5,4.04
DCA,2023-12-28,10,30,12,29,12,86.21,72.41,91.67,12.21,19.97,8.0,16.38,3.5,0.76,1.42,9.25
DCA,2023-12-28,11,16,21,16,21,75.0,68.75,90.48,22.31,14.06,3.39,24.38,2.71,0.65,0.81,6.14
DCA,2023-12-28,12,17,20,17,20,70.59,64.71,85.0,8.76,17.71,6.74,13.82,2.85,2.92,2.4,10.8
DCA,2023-12-28,13,25,20,25,20,68.0,48.0,70.0,18.0,22.52,11.1,26.84,4.3,1.88,1.8,23.35
DCA,2023-12-28,14,16,28,16,29,81.25,62.5,75.86,17.81,23.13,11.32,26.38,2.97,6.92,5.03,19.1
DCA,2023-12-28,15,32,12,32,12,65.63,50.0,75.0,17.25,22.91,11.12,26.59,2.33,0.78,1.33,22.5
DCA,2023-12-28,16,13,30,13,30,61.54,61.54,80.0,26.62,14.85,4.04,28.92,1.9,1.15,2.5,12.73
DCA,2023-12-28,17,25,16,25,16,64.0,60.0,75.0,19.12,15.04,3.28,21.44,5.25,3.64,3.5,20.38
DCA,2023-12-28,18,13,23,13,22,61.54,61.54,77.27,28.92,14.15,3.4,30.77,3.82,2.86,2.5,8.36
DCA,2023-12-28,19,20,15,21,15,71.43,61.9,60.0,10.05,18.86,7.37,15.05,5.87,4.03,3.27,29.33
DCA,2023-12-28,20,16,20,16,21,68.75,56.25,80.95,12.75,17.56,6.08,16.75,2.19,3.61,1.1,16.24
DCA,2023-12-28,21,0,20,0,20,0.0,0.0,50.0,0.0,0.0,0.0,0.0,2.1,0.99,4.5,72.55
DCA,2023-12-28,22,7,14,7,14,85.71,85.71,78.57,6.71,15.29,3.57,6.29,1.29,0.96,0.36,18.5
DCA,2023-12-28,23,0,9,0,9,0.0,0.0,66.67,0.0,0.0,0.0,0.0,0.89,0.67,2.22,34.44
DCA,2023-12-29,0,0,2,0,2,0.0,0.0,50.0,0.0,0.0,0.0,0.0,0.0,1.25,0.0,28.5
DCA,2023-12-29,1,0,0,0,0,0.0,0.0,0.0,0.0,0.0,0.0,0.0,0.0,0.0,0.0,0.0
DCA,2023-12-29,5,3,0,3,0,66.67,66.67,0.0,14.67,16.0,4.47,18.0,0.0,0.0,0.0,0.0
DCA,2023-12-29,6,25,3,25,3,92.0,88.0,100.0,4.08,13.04,2.43,4.96,0.0,1.63,0.0,0.0
DCA,2023-12-29,7,17,22,17,22,94.12,94.12,81.82,6.88,14.47,2.94,7.71,2.82,5.46,2.91,15.0
DCA,2023-12-29,8,36,10,36,10,94.44,91.67,100.0,1.67,19.36,7.55,5.47,1.0,3.97,0.0,0.0
DCA,2023-12-29,9,11,24,11,24,81.82,72.73,83.33,86.45,24.45,12.93,97.09,1.63,2.52,2.42,11.71
DCA,2023-12-29,10,30,12,29,12,100.0,86.21,91.67,0.93,20.72,8.62,6.07,1.75,0.78,2.08,2.08
DCA,2023-12-29,11,17,21,17,21,100.0,100.0,95.24,0.18,15.71,5.02,2.88,1.95,0.78,3.19,2.52
DCA,2023-12-29,12,16,20,17,20,94.12,88.24,95.0,3.35,14.35,3.3,5.24,2.6,0.87,0.45,4.8
DCA,2023-12-29,13,25,20,25,20,92.0,84.0,85.0,5.96,16.2,4.95,7.4,3.3,2.85,2.3,10.4
DCA,2023-12-29,14,16,28,16,28,75.0,75.0,96.43,17.0,17.25,5.57,19.5,5.39,2.07,1.21,3.54
DCA,2023-12-29,15,32,13,32,13,96.88,84.38,92.31,1.72,20.72,9.06,6.91,2.0,1.72,2.38,5.31
DCA,2023-12-29,16,13,29,13,29,69.23,53.85,89.66,11.92,14.85,4.21,14.69,1.38,1.44,3.14,3.55
DCA,2023-12-29,17,25,16,25,16,88.0,76.0,81.25,6.4,19.24,7.51,11.72,1.19,3.62,2.5,5.63
DCA,2023-12-29,18,13,23,13,23,76.92,76.92,82.61,14.31,13.77,3.05,15.38,2.22,0.93,0.43,7.0
DCA,2023-12-29,19,20,15,20,15,85.0,60.0,93.33,7.1,18.0,6.72,11.3,2.33,0.65,0.13,4.33
DCA,2023-12-29,20,16,20,16,21,81.25,81.25,76.19,15.06,18.44,6.72,17.38,1.19,1.23,1.48,12.86
DCA,2023-12-29,21,0,20,0,20,0.0,0.0,65.0,0.0,0.0,0.0,0.0,0.8,1.76,1.55,25.9
DCA,2023-12-29,22,7,14,7,14,71.43,71.43,78.57,15.29,15.14,3.1,15.71,1.14,0.96,0.21,4.07
DCA,2023-12-29,23,0,9,0,9,0.0,0.0,77.78,0.0,0.0,0.0,0.0,0.56,1.4,1.44,9.56
DCA,2023-12-30,0,0,2,0,2,0.0,0.0,50.0,0.0,0.0,0.0,0.0,0.0,0.0,0.0,7.5
DCA,2023-12-30,5,3,0,3,0,100.0,100.0,0.0,0.0,17.67,5.87,2.33,0.0,0.0,0.0,0.0
DCA,2023-12-30,6,23,2,23,2,95.65,91.3,100.0,3.48,15.87,5.31,6.87,0.5,2.3,0.0,0.0
DCA,2023-12-30,7,16,21,16,21,93.75,87.5,100.0,2.44,17.38,6.01,4.94,1.86,3.58,0.38,0.0
DCA,2023-12-30,8,36,8,36,8,91.67,88.89,75.0,2.36,19.56,7.53,5.14,2.13,4.56,4.63,5.75
DCA,2023-12-30,9,12,26,12,26,83.33,75.0,84.62,3.25,21.08,9.08,9.58,1.08,1.15,4.81,14.5
DCA,2023-12-30,10,28,10,28,10,96.43,82.14,90.0,11.93,20.96,9.03,16.39,0.3,1.69,2.5,2.3
DCA,2023-12-30,11,17,18,17,18,94.12,94.12,88.89,2.0,13.76,3.23,3.24,1.56,1.14,2.17,7.56
DCA,2023-12-30,12,17,19,17,19,88.24,88.24,84.21,11.82,15.0,3.41,13.0,2.53,1.27,1.16,6.68
DCA,2023-12-30,13,20,20,20,20,95.0,85.0,90.0,5.7,17.75,6.39,8.85,3.65,1.75,0.75,11.15
DCA,2023-12-30,14,15,28,15,28,80.0,73.33,89.29,13.73,17.8,6.11,17.27,2.11,2.66,0.89,3.61
DCA,2023-12-30,15,31,10,31,10,87.1,87.1,70.0,18.1,18.0,6.4,21.23,0.8,0.82,0.7,25.8
DCA,2023-12-30,16,12,28,12,28,66.67,58.33,92.86,23.42,14.75,3.92,25.92,3.54,0.54,1.89,11.89
DCA,2023-12-30,17,27,16,27,16,88.89,77.78,93.75,9.37,18.56,6.77,14.07,1.06,1.88,0.0,3.94
DCA,2023-12-30,18,12,23,12,23,75.0,75.0,82.61,29.83,16.08,5.07,32.42,1.43,1.4,0.57,18.78
DCA,2023-12-30,19,21,13,21,13,80.95,71.43,92.31,9.29,19.1,7.82,13.67,1.77,1.92,0.62,3.08
DCA,2023-12-30,20,12,17,12,18,91.67,83.33,72.22,2.92,16.92,5.53,6.17,2.28,1.2,0.67,11.5
DCA,2023-12-30,21,0,18,0,18,0.0,0.0,72.22,0.0,0.0,0.0,0.0,10.67,0.84,12.22,22.5
DCA,2023-12-30,22,1,13,1,13,100.0,100.0,76.92,0.0,21.0,8.7,2.0,0.92,1.75,1.23,17.23
DCA,2023-12-30,23,0,9,0,9,0.0,0.0,66.67,0.0,0.0,0.0,0.0,0.89,1.97,8.89,89.67
DCA,2023-12-31,0,0,1,0,3,0.0,0.0,66.67,0.0,0.0,0.0,0.0,0.0,0.5,1.0,9.0
DCA,2023-12-31,1,0,0,0,0,0.0,0.0,0.0,0.0,0.0,0.0,0.0,0.0,0.0,0.0,0.0
DCA,2023-12-31,5,2,0,2,0,100.0,100.0,0.0,0.0,12.5,1.1,0.0,0.0,0.0,0.0,0.0
DCA,2023-12-31,6,23,0,23,0,100.0,100.0,0.0,0.13,15.04,4.42,2.52,0.0,0.0,0.0,0.0
DCA,2023-12-31,7,12,18,12,18,91.67,91.67,88.89,9.33,14.83,4.08,10.0,1.94,1.77,0.56,12.67
DCA,2023-12-31,8,34,6,34,6,85.29,82.35,100.0,18.47,17.32,5.47,20.47,0.67,0.32,0.17,0.0
DCA,2023-12-31,9,12,23,12,24,91.67,91.67,87.5,3.58,12.92,1.93,3.58,1.08,1.15,4.42,6.5
DCA,2023-12-31,10,28,12,28,14,78.57,75.0,85.71,17.96,16.32,4.27,19.89,0.93,0.66,2.07,5.86
DCA,2023-12-31,11,15,18,16,18,87.5,81.25,72.22,3.69,13.31,2.57,5.56,2.17,1.44,7.67,11.5
DCA,2023-12-31,12,16,20,16,20,75.0,75.0,80.0,10.06,14.69,3.71,11.88,3.1,2.64,2.6,8.55
DCA,2023-12-31,13,23,22,24,23,75.0,75.0,86.96,12.71,15.75,4.37,15.33,3.78,1.67,1.74,9.39
DCA,2023-12-31,14,11,24,11,24,100.0,90.91,95.83,0.18,18.55,7.02,4.27,3.04,5.67,2.46,8.33
DCA,2023-12-31,15,29,12,29,12,96.55,93.1,91.67,1.38,15.07,3.84,2.93,1.17,1.88,1.0,7.42
DCA,2023-12-31,16,12,28,12,28,75.0,75.0,85.71,8.67,14.08,3.4,10.0,1.39,2.18,2.29,11.0
DCA,2023-12-31,17,19,15,20,15,80.0,80.0,93.33,28.75,14.55,2.93,30.25,1.73,1.91,0.87,8.47
DCA,2023-12-31,18,11,16,11,16,90.91,81.82,68.75,6.91,13.18,2.31,7.82,1.13,0.93,2.44,28.44
DCA,2023-12-31,19,10,9,10,9,80.0,80.0,88.89,6.2,14.4,3.87,7.5,2.11,1.76,5.56,4.67
DCA,2023-12-31,20,11,14,11,14,72.73,72.73,92.86,78.27,14.82,3.53,80.27,0.71,2.43,0.29,3.14
DCA,2023-12-31,21,0,12,1,12,100.0,100.0,83.33,0.0,13.0,0.3,0.0,0.75,0.82,0.0,5.58
DCA,2023-12-31,22,0,11,0,11,0.0,0.0,90.91,0.0,0.0,0.0,0.0,2.09,0.87,4.09,6.82
DCA,2023-12-31,23,0,7,0,8,0.0,0.0,75.0,0.0,0.0,0.0,0.0,1.25,3.25,0.25,16.13
