airport,report_date,Hour,Scheduled Departures,Scheduled Arrivals,Departures For Metric Computation,Arrivals For Metric Computation,% On-Time Gate Departures,% On-Time Airport Departures,% On-Time Gate Arrivals,Average Gate Departure Delay,Average Taxi Out Time,Average Taxi Out Delay,Average Airport Departure Delay,Average Airborne Delay,Average Taxi In Delay,Average Block Delay,Average Gate Arrival Delay
BOS,2023-01-01,0,1,15,1,9,0.0,0.0,44.44,71.0,13.0,0.0,71.0,1.22,4.76,0.89,56.56
BOS,2023-01-01,1,0,1,0,0,0.0,0.0,0.0,0.0,0.0,0.0,0.0,0.0,0.0,0.0,0.0
BOS,2023-01-01,2,0,0,0,0,0.0,0.0,0.0,0.0,0.0,0.0,0.0,0.0,0.0,0.0,0.0
BOS,2023-01-01,3,0,0,0,0,0.0,0.0,0.0,0.0,0.0,0.0,0.0,0.0,0.0,0.0,0.0
BOS,2023-01-01,4,0,2,0,2,0.0,0.0,50.0,0.0,0.0,0.0,0.0,0.0,6.2,0.0,9.5
BOS,2023-01-01,5,10,5,10,2,70.0,70.0,50.0,9.5,17.7,4.04,13.0,0.0,2.85,0.0,26.5
BOS,2023-01-01,6,23,3,23,2,60.87,60.87,100.0,15.35,16.91,3.22,17.39,1.5,8.25,0.0,3.0
BOS,2023-01-01,7,31,11,32,9,75.0,59.38,55.56,20.16,19.66,5.23,24.0,0.33,7.04,2.33,35.78
BOS,2023-01-01,8,27,17,30,13,83.33,80.0,84.62,5.37,19.3,6.01,9.47,1.77,2.06,0.0,4.54
BOS,2023-01-01,9,27,17,27,17,74.07,66.67,88.24,15.07,17.85,4.41,17.74,2.06,2.54,2.35,15.88
BOS,2023-01-01,10,25,15,26,16,73.08,73.08,81.25,36.0,16.92,4.21,38.88,2.31,2.57,1.63,17.69
BOS,2023-01-01,11,22,18,22,19,77.27,68.18,84.21,17.86,15.91,2.89,19.73,1.84,1.83,0.63,16.63
BOS,2023-01-01,12,23,15,24,16,83.33,83.33,87.5,6.79,14.58,2.08,7.88,2.25,1.79,0.0,7.5
BOS,2023-01-01,13,17,24,19,26,73.68,68.42,80.77,15.89,15.11,2.28,17.37,1.62,1.05,0.65,10.27
BOS,2023-01-01,14,15,26,15,28,66.67,66.67,67.86,18.27,14.0,1.45,18.53,2.25,3.06,2.54,20.75
BOS,2023-01-01,15,19,30,21,31,66.67,61.9,83.87,18.57,17.67,4.02,22.33,2.19,1.76,1.45,4.06
BOS,2023-01-01,16,27,30,29,32,75.86,65.52,78.13,16.41,19.72,6.46,20.93,0.81,2.67,1.34,12.38
BOS,2023-01-01,17,29,31,33,34,84.85,69.7,58.82,9.97,23.55,9.67,18.12,3.09,5.74,5.68,23.0
BOS,2023-01-01,18,35,23,35,26,62.86,57.14,69.23,35.26,18.2,4.6,38.8,2.19,6.91,4.15,42.38
BOS,2023-01-01,19,17,19,19,21,52.63,47.37,90.48,48.42,20.95,7.02,54.37,2.33,3.94,4.0,15.19
BOS,2023-01-01,20,13,23,13,24,69.23,61.54,54.17,16.31,16.46,2.96,18.31,9.54,2.63,11.63,38.54
BOS,2023-01-01,21,15,23,16,24,56.25,50.0,62.5,20.69,16.81,3.36,23.63,2.04,7.01,2.75,24.88
BOS,2023-01-01,22,5,18,6,17,16.67,16.67,76.47,47.5,14.67,1.52,48.17,0.71,2.59,0.35,15.0
BOS,2023-01-01,23,1,17,1,18,0.0,0.0,61.11,23.0,20.0,6.0,29.0,0.67,1.97,2.17,23.28
BOS,2023-01-02,0,0,18,0,15,0.0,0.0,46.67,0.0,0.0,0.0,0.0,0.0,4.15,5.53,39.27
BOS,2023-01-02,1,0,1,0,1,0.0,0.0,0.0,0.0,0.0,0.0,0.0,0.0,0.0,0.0,279.0
BOS,2023-01-02,2,0,0,0,1,0.0,0.0,0.0,0.0,0.0,0.0,0.0,0.0,1.7,0.0,100.0
BOS,2023-01-02,3,0,0,0,0,0.0,0.0,0.0,0.0,0.0,0.0,0.0,0.0,0.0,0.0,0.0
BOS,2023-01-02,4,0,3,0,3,0.0,0.0,0.0,0.0,0.0,0.0,0.0,30.0,1.47,43.33,221.67
BOS,2023-01-02,5,14,5,14,5,92.86,71.43,40.0,8.79,17.07,3.2,11.14,1.4,2.56,9.0,69.0
BOS,2023-01-02,6,28,4,26,5,84.62,76.92,20.0,22.0,21.92,7.99,28.31,0.0,13.16,2.6,69.4
BOS,2023-01-02,7,42,17,46,15,69.57,60.87,60.0,26.37,19.78,5.63,31.07,1.07,4.68,2.0,18.93
BOS,2023-01-02,8,29,22,33,23,72.73,69.7,86.96,25.06,15.33,2.49,26.79,2.39,2.35,1.87,10.35
BOS,2023-01-02,9,31,20,30,21,73.33,73.33,71.43,24.43,17.13,3.77,26.47,1.95,7.95,6.24,40.24
BOS,2023-01-02,10,27,18,30,20,83.33,80.0,80.0,14.57,17.37,4.7,18.1,1.5,0.99,1.05,8.45
BOS,2023-01-02,11,25,28,26,30,65.38,50.0,83.33,38.73,18.96,5.6,43.27,3.47,3.2,3.2,17.13
BOS,2023-01-02,12,26,18,27,17,88.89,77.78,64.71,9.96,16.48,3.9,12.44,2.29,1.86,3.88,21.41
BOS,2023-01-02,13,20,24,18,28,55.56,55.56,82.14,42.44,14.28,2.24,43.89,3.64,1.54,2.36,9.32
BOS,2023-01-02,14,16,25,17,26,58.82,58.82,61.54,57.35,16.18,4.49,61.06,2.62,1.77,3.85,48.96
BOS,2023-01-02,15,19,32,20,37,60.0,55.0,62.16,64.25,16.25,2.2,65.85,2.0,2.93,7.84,42.73
BOS,2023-01-02,16,25,32,28,38,46.43,42.86,68.42,47.57,17.57,4.74,52.32,1.68,2.21,2.0,30.61
BOS,2023-01-02,17,37,35,37,32,67.57,64.86,56.25,42.24,18.3,4.89,45.95,4.0,3.12,11.13,41.81
BOS,2023-01-02,18,37,22,39,25,56.41,56.41,56.0,31.54,17.9,3.97,34.13,4.48,3.4,2.36,33.32
BOS,2023-01-02,19,21,28,21,28,61.9,57.14,67.86,29.86,16.43,2.76,31.57,2.11,3.39,2.39,18.75
BOS,2023-01-02,20,15,26,16,28,62.5,50.0,57.14,34.94,15.75,2.77,36.44,4.89,3.83,7.71,31.86
BOS,2023-01-02,21,14,27,13,30,53.85,53.85,50.0,31.31,16.92,3.19,33.46,1.6,4.47,3.73,51.27
BOS,2023-01-02,22,6,17,6,17,50.0,50.0,29.41,18.0,12.83,0.32,17.83,1.59,3.88,4.18,126.18
BOS,2023-01-02,23,2,18,3,18,0.0,0.0,33.33,20.67,15.0,1.2,22.0,1.61,0.99,4.67,81.61
BOS,2023-01-03,0,0,8,1,14,0.0,0.0,35.71,22.0,15.0,0.0,20.0,0.79,3.92,2.07,188.79
BOS,2023-01-03,1,0,0,0,1,0.0,0.0,0.0,0.0,0.0,0.0,0.0,0.0,5.7,6.0,75.0
BOS,2023-01-03,2,0,0,0,0,0.0,0.0,0.0,0.0,0.0,0.0,0.0,0.0,0.0,0.0,0.0
BOS,2023-01-03,3,0,0,0,0,0.0,0.0,0.0,0.0,0.0,0.0,0.0,0.0,0.0,0.0,0.0
BOS,2023-01-03,4,0,1,0,4,0.0,0.0,25.0,0.0,0.0,0.0,0.0,29.0,4.98,47.5,72.0
BOS,2023-01-03,5,13,4,13,6,84.62,84.62,66.67,2.46,15.92,3.36,4.69,0.5,3.03,13.83,32.0
BOS,2023-01-03,6,21,8,20,6,90.0,80.0,33.33,3.35,17.5,4.52,6.6,1.5,4.25,5.0,85.83
BOS,2023-01-03,7,45,16,46,18,89.13,84.78,61.11,10.5,16.59,2.98,12.13,1.61,5.57,5.28,42.5
BOS,2023-01-03,8,29,23,30,25,93.33,90.0,76.0,6.23,16.17,3.28,8.13,1.12,6.74,2.84,18.04
BOS,2023-01-03,9,34,20,38,21,84.21,84.21,66.67,11.71,14.0,1.84,12.45,1.43,6.95,2.19,42.19
BOS,2023-01-03,10,25,21,29,23,65.52,65.52,82.61,30.55,15.24,2.23,31.62,1.22,6.08,2.3,13.09
BOS,2023-01-03,11,28,27,29,29,58.62,55.17,79.31,27.14,17.86,4.64,31.21,2.69,7.35,3.48,13.28
BOS,2023-01-03,12,27,14,28,13,64.29,64.29,76.92,21.43,14.07,2.71,23.04,2.54,4.82,2.08,14.08
BOS,2023-01-03,13,12,22,12,25,75.0,75.0,80.0,9.92,12.08,0.65,10.42,3.76,5.98,4.36,11.48
BOS,2023-01-03,14,18,25,19,31,78.95,73.68,74.19,16.47,12.95,1.47,17.26,2.19,3.99,2.97,35.1
BOS,2023-01-03,15,21,29,25,32,76.0,68.0,62.5,20.84,14.88,2.12,22.2,2.88,4.28,3.88,13.28
BOS,2023-01-03,16,24,30,26,35,53.85,50.0,60.0,17.38,17.31,3.85,20.81,2.49,8.38,3.74,24.23
BOS,2023-01-03,17,35,33,37,34,62.16,48.65,61.76,26.3,17.65,4.49,30.22,3.5,7.3,6.09,27.56
BOS,2023-01-03,18,36,22,37,26,59.46,37.84,50.0,31.81,20.3,6.52,37.73,2.15,9.33,7.77,26.15
BOS,2023-01-03,19,22,27,25,25,68.0,60.0,56.0,22.64,16.76,3.15,24.72,0.8,10.27,3.68,34.48
BOS,2023-01-03,20,16,27,17,27,41.18,41.18,62.96,26.94,18.29,4.52,30.94,2.04,4.4,2.22,27.3
BOS,2023-01-03,21,14,22,14,22,57.14,57.14,59.09,17.43,16.64,3.02,19.43,8.45,9.31,13.41,36.41
BOS,2023-01-03,22,4,23,11,21,54.55,36.36,47.62,27.18,17.36,4.57,31.0,2.14,2.44,0.57,41.71
BOS,2023-01-03,23,2,21,2,22,100.0,50.0,63.64,10.5,19.0,5.0,15.5,2.32,1.02,5.18,40.86
BOS,2023-01-04,0,0,9,0,11,0.0,0.0,45.45,0.0,0.0,0.0,0.0,1.0,2.07,2.64,43.0
BOS,2023-01-04,1,0,0,1,1,0.0,0.0,100.0,18.0,15.0,1.6,20.0,0.0,0.0,0.0,0.0
BOS,2023-01-04,2,0,0,0,0,0.0,0.0,0.0,0.0,0.0,0.0,0.0,0.0,0.0,0.0,0.0
BOS,2023-01-04,4,0,0,0,2,0.0,0.0,100.0,0.0,0.0,0.0,0.0,0.0,0.0,0.0,7.0
BOS,2023-01-04,5,13,2,14,6,92.86,92.86,33.33,2.36,13.5,1.03,3.0,17.0,3.47,19.67,40.17
BOS,2023-01-04,6,21,7,21,10,80.95,80.95,50.0,10.81,15.67,2.7,11.86,1.3,4.76,1.0,26.1
BOS,2023-01-04,7,42,18,48,16,89.58,83.33,62.5,5.13,16.21,2.69,6.54,0.56,4.91,2.81,13.0
BOS,2023-01-04,8,31,19,33,18,81.82,78.79,94.44,6.48,16.85,3.98,9.33,2.11,2.4,1.22,1.94
BOS,2023-01-04,9,31,20,35,20,82.86,82.86,70.0,20.6,14.0,1.75,21.4,2.05,2.53,1.15,17.7
BOS,2023-01-04,10,26,19,30,22,70.0,66.67,77.27,19.17,15.7,2.86,21.03,3.05,2.47,1.41,9.64
BOS,2023-01-04,11,23,28,26,31,61.54,53.85,80.65,18.38,16.27,3.5,21.62,4.32,5.15,5.16,15.52
BOS,2023-01-04,12,26,14,27,12,51.85,55.56,100.0,30.48,13.19,1.27,30.85,1.17,2.48,0.0,0.0
BOS,2023-01-04,13,13,21,13,23,84.62,76.92,69.57,9.85,12.46,1.16,10.85,1.39,3.48,2.7,22.26
BOS,2023-01-04,14,14,24,13,28,84.62,84.62,82.14,15.77,16.0,3.27,18.15,1.43,3.29,1.82,32.39
BOS,2023-01-04,15,19,29,21,31,71.43,61.9,83.87,19.33,14.38,1.78,20.33,1.71,3.19,2.52,8.97
BOS,2023-01-04,16,23,31,25,37,72.0,64.0,78.38,17.84,17.04,4.29,20.96,3.95,5.39,2.49,14.38
BOS,2023-01-04,17,34,33,34,30,70.59,67.65,60.0,12.65,16.88,3.4,15.41,2.6,6.0,4.1,19.97
BOS,2023-01-04,18,34,22,34,25,70.59,67.65,60.0,32.5,15.82,2.65,34.44,1.56,7.21,3.84,22.08
BOS,2023-01-04,19,23,26,24,27,70.83,70.83,66.67,16.38,14.79,1.71,16.88,2.67,6.9,3.59,20.85
BOS,2023-01-04,20,15,27,16,28,62.5,62.5,60.71,22.69,15.0,2.27,24.5,5.43,3.21,5.14,18.96
BOS,2023-01-04,21,11,17,11,16,36.36,36.36,50.0,31.73,15.18,1.8,32.73,0.5,9.94,5.19,39.38
BOS,2023-01-04,22,5,23,11,22,54.55,54.55,59.09,13.82,15.18,2.55,15.45,0.45,4.96,4.45,22.5
BOS,2023-01-04,23,2,19,3,19,66.67,66.67,57.89,13.67,15.33,1.67,15.33,2.05,6.74,5.21,35.05
BOS,2023-01-05,0,0,7,0,8,0.0,0.0,37.5,0.0,0.0,0.0,0.0,1.25,2.59,7.25,40.25
BOS,2023-01-05,1,0,0,0,0,0.0,0.0,0.0,0.0,0.0,0.0,0.0,0.0,0.0,0.0,0.0
BOS,2023-01-05,2,0,0,0,0,0.0,0.0,0.0,0.0,0.0,0.0,0.0,0.0,0.0,0.0,0.0
BOS,2023-01-05,3,0,0,0,0,0.0,0.0,0.0,0.0,0.0,0.0,0.0,0.0,0.0,0.0,0.0
BOS,2023-01-05,4,0,0,0,3,0.0,0.0,100.0,0.0,0.0,0.0,0.0,0.0,3.8,3.33,7.67
BOS,2023-01-05,5,16,5,18,6,88.89,83.33,66.67,15.67,15.17,2.82,17.67,6.67,7.17,16.5,16.83
BOS,2023-01-05,6,22,7,23,11,86.96,86.96,63.64,10.7,15.43,2.47,11.87,1.73,6.86,4.45,20.55
BOS,2023-01-05,7,44,18,47,15,93.62,89.36,73.33,8.77,17.23,3.23,10.26,2.0,3.31,4.2,59.2
BOS,2023-01-05,8,30,19,30,18,83.33,83.33,72.22,32.5,16.03,3.48,34.73,1.83,3.52,3.5,19.0
BOS,2023-01-05,9,29,16,30,19,80.0,80.0,78.95,14.8,13.9,1.71,14.73,2.26,2.72,7.68,23.26
BOS,2023-01-05,10,25,21,25,22,76.0,68.0,81.82,27.08,16.52,3.94,30.0,3.45,3.15,0.45,13.77
BOS,2023-01-05,11,23,25,28,29,85.71,82.14,82.76,17.96,17.0,3.93,21.43,18.76,2.81,19.97,22.55
BOS,2023-01-05,12,24,19,26,18,88.46,84.62,88.89,6.73,14.85,2.02,7.88,3.0,2.07,0.83,5.06
BOS,2023-01-05,13,16,26,16,28,81.25,81.25,75.0,9.13,15.81,3.22,11.19,3.5,3.25,1.96,11.32
BOS,2023-01-05,14,19,24,19,30,94.74,94.74,80.0,8.11,12.53,1.19,8.63,3.77,2.34,2.83,15.9
BOS,2023-01-05,15,20,27,21,30,76.19,76.19,63.33,7.52,14.14,1.24,8.0,3.03,3.07,6.3,16.47
BOS,2023-01-05,16,23,34,25,33,68.0,68.0,84.85,16.96,17.88,5.42,21.88,2.39,4.02,0.97,15.42
BOS,2023-01-05,17,38,31,37,31,78.38,75.68,74.19,11.68,16.84,4.26,14.81,5.03,4.47,5.35,11.61
BOS,2023-01-05,18,35,22,36,26,77.78,69.44,61.54,11.06,18.08,4.78,14.83,6.62,7.13,8.92,13.92
BOS,2023-01-05,19,22,25,23,29,73.91,60.87,75.86,10.09,17.22,3.66,13.22,1.69,4.72,3.9,13.76
BOS,2023-01-05,20,15,27,16,26,62.5,62.5,69.23,18.44,14.0,1.29,19.44,3.23,5.18,2.85,13.92
BOS,2023-01-05,21,15,21,14,22,50.0,50.0,63.64,17.43,18.0,4.36,20.86,0.95,6.12,5.91,10.86
BOS,2023-01-05,22,4,23,10,24,50.0,40.0,62.5,21.0,17.4,5.22,23.6,1.17,4.68,1.71,18.17
BOS,2023-01-05,23,2,19,3,19,100.0,100.0,68.42,3.33,16.0,2.33,4.33,1.68,2.4,3.74,14.16
BOS,2023-01-06,0,0,8,0,7,0.0,0.0,85.71,0.0,0.0,0.0,0.0,0.86,1.41,0.0,7.29
BOS,2023-01-06,1,0,0,1,0,100.0,100.0,0.0,0.0,13.0,0.0,0.0,0.0,0.0,0.0,0.0
BOS,2023-01-06,2,0,0,0,1,0.0,0.0,100.0,0.0,0.0,0.0,0.0,19.0,1.8,21.0,0.0
BOS,2023-01-06,4,0,0,0,2,0.0,0.0,100.0,0.0,0.0,0.0,0.0,0.0,0.0,0.0,0.0
BOS,2023-01-06,5,15,3,16,6,87.5,87.5,83.33,4.31,13.88,1.32,4.25,1.0,2.48,4.33,9.83
BOS,2023-01-06,6,23,9,24,10,87.5,91.67,70.0,5.29,15.46,2.41,6.13,2.1,4.56,1.1,16.6
BOS,2023-01-06,7,44,18,46,16,91.3,86.96,75.0,11.28,19.72,6.01,14.76,1.06,4.04,1.94,9.38
BOS,2023-01-06,8,28,21,26,22,84.62,61.54,81.82,21.88,26.65,12.71,30.54,2.55,2.05,3.91,11.0
BOS,2023-01-06,9,28,17,30,18,86.67,73.33,61.11,10.0,20.93,7.28,14.67,4.33,2.72,5.28,19.22
BOS,2023-01-06,10,24,22,30,23,83.33,80.0,95.65,9.27,20.67,6.83,14.7,4.0,2.03,1.65,1.65
BOS,2023-01-06,11,27,25,27,30,81.48,77.78,86.67,7.15,18.93,5.13,10.56,3.8,3.06,4.2,6.63
BOS,2023-01-06,12,22,18,25,18,84.0,80.0,94.44,8.68,14.64,3.36,9.88,2.17,3.57,1.56,4.06
BOS,2023-01-06,13,18,23,18,26,66.67,72.22,76.92,13.67,15.56,3.46,15.89,2.62,3.4,1.42,15.19
BOS,2023-01-06,14,17,25,19,26,78.95,73.68,84.62,7.74,17.32,5.73,12.53,1.42,3.13,2.08,7.42
BOS,2023-01-06,15,21,30,23,32,82.61,34.78,78.13,4.35,34.74,20.52,22.57,1.69,2.92,3.38,7.72
BOS,2023-01-06,16,23,34,22,32,77.27,18.18,90.63,12.68,37.23,23.54,35.09,2.0,4.74,1.09,8.78
BOS,2023-01-06,17,37,30,38,31,78.95,23.68,80.65,19.5,40.68,27.07,44.74,3.23,4.94,2.81,21.32
BOS,2023-01-06,18,35,22,33,27,66.67,18.18,74.07,28.97,42.12,28.13,55.67,2.37,8.12,4.7,13.93
BOS,2023-01-06,19,21,26,22,27,63.64,13.64,70.37,14.91,44.27,29.89,42.95,1.67,7.93,5.37,20.56
BOS,2023-01-06,20,15,28,15,28,66.67,60.0,85.71,18.53,19.47,5.82,23.8,2.82,4.83,3.64,6.64
BOS,2023-01-06,21,12,22,11,22,54.55,45.45,72.73,12.55,20.27,8.11,20.18,0.32,6.76,1.91,10.27
BOS,2023-01-06,22,5,24,9,25,55.56,33.33,60.0,21.67,15.67,3.66,24.56,2.0,3.36,1.84,23.48
BOS,2023-01-06,23,2,17,2,17,50.0,50.0,70.59,12.5,18.0,4.0,16.5,0.82,2.75,2.06,18.53
BOS,2023-01-07,0,0,6,0,8,0.0,0.0,50.0,0.0,0.0,0.0,0.0,1.13,3.7,1.88,22.25
BOS,2023-01-07,1,0,0,0,0,0.0,0.0,0.0,0.0,0.0,0.0,0.0,0.0,0.0,0.0,0.0
BOS,2023-01-07,3,0,0,0,0,0.0,0.0,0.0,0.0,0.0,0.0,0.0,0.0,0.0,0.0,0.0
BOS,2023-01-07,4,0,0,0,0,0.0,0.0,0.0,0.0,0.0,0.0,0.0,0.0,0.0,0.0,0.0
BOS,2023-01-07,5,15,3,15,4,86.67,80.0,75.0,9.87,19.4,5.36,13.67,4.5,1.25,4.5,3.75
BOS,2023-01-07,6,21,8,22,12,86.36,72.73,75.0,9.82,22.41,8.49,15.95,1.83,5.02,2.0,18.92
BOS,2023-01-07,7,39,16,41,16,95.12,82.93,81.25,4.44,20.9,6.7,9.2,1.81,1.49,2.0,6.31
BOS,2023-01-07,8,31,19,33,16,84.85,75.76,62.5,7.42,19.52,5.69,11.45,2.0,5.91,2.13,11.19
BOS,2023-01-07,9,34,14,40,16,90.0,90.0,68.75,4.5,16.75,3.51,6.03,2.31,2.84,4.38,9.75
BOS,2023-01-07,10,25,19,21,19,66.67,71.43,63.16,60.76,16.33,2.83,62.81,1.79,1.96,5.11,24.42
BOS,2023-01-07,11,22,25,24,23,66.67,62.5,86.96,21.38,16.29,2.97,23.46,3.35,3.1,5.3,4.74
BOS,2023-01-07,12,21,16,21,18,100.0,90.48,94.44,0.62,17.95,5.1,4.57,2.72,4.78,4.78,3.67
BOS,2023-01-07,13,16,19,17,22,82.35,82.35,86.36,9.94,15.0,2.75,11.59,3.86,2.94,3.36,4.5
BOS,2023-01-07,14,12,24,11,25,90.91,81.82,64.0,3.27,15.36,3.5,5.91,3.48,3.64,6.68,14.88
BOS,2023-01-07,15,19,24,20,26,75.0,65.0,92.31,8.45,17.65,4.36,11.35,1.65,3.31,3.81,4.69
BOS,2023-01-07,16,19,35,20,34,75.0,70.0,85.29,10.55,17.05,3.6,13.5,3.0,2.99,2.12,6.09
BOS,2023-01-07,17,34,27,35,30,74.29,60.0,73.33,11.14,21.51,7.96,18.23,2.6,4.46,4.33,11.87
BOS,2023-01-07,18,27,23,31,26,83.87,74.19,84.62,6.77,18.81,5.17,10.74,3.35,2.78,3.35,7.38
BOS,2023-01-07,19,19,22,18,25,83.33,77.78,80.0,11.17,16.72,2.5,12.61,3.0,3.62,3.12,10.12
BOS,2023-01-07,20,13,25,14,25,78.57,71.43,76.0,15.93,17.36,4.09,19.21,1.44,5.24,6.8,11.48
BOS,2023-01-07,21,11,22,11,23,72.73,72.73,60.87,11.09,17.73,4.07,14.64,1.35,9.37,6.65,14.87
BOS,2023-01-07,22,8,22,7,23,85.71,57.14,69.57,15.29,19.86,6.3,21.57,1.35,2.67,3.09,14.7
BOS,2023-01-07,23,2,14,2,14,50.0,50.0,64.29,30.5,17.0,3.0,33.5,1.43,0.79,0.79,18.79
BOS,2023-01-08,0,1,11,0,6,0.0,0.0,66.67,0.0,0.0,0.0,0.0,1.0,2.47,0.5,27.17
BOS,2023-01-08,1,0,0,0,0,0.0,0.0,0.0,0.0,0.0,0.0,0.0,0.0,0.0,0.0,0.0
BOS,2023-01-08,2,0,0,0,0,0.0,0.0,0.0,0.0,0.0,0.0,0.0,0.0,0.0,0.0,0.0
BOS,2023-01-08,5,14,4,14,3,100.0,100.0,66.67,0.79,18.0,4.49,3.86,1.67,0.93,0.0,10.0
BOS,2023-01-08,6,24,11,26,7,80.77,69.23,71.43,15.92,22.69,8.84,22.23,1.29,11.51,11.57,22.43
BOS,2023-01-08,7,41,14,43,16,90.7,72.09,87.5,8.07,24.33,10.09,15.49,0.81,5.82,2.06,3.56
BOS,2023-01-08,8,31,21,34,19,73.53,58.82,73.68,9.15,22.53,9.04,15.91,1.11,3.16,5.68,27.32
BOS,2023-01-08,9,30,19,32,19,96.88,93.75,84.21,3.75,17.69,4.25,5.56,2.63,1.64,2.0,7.47
BOS,2023-01-08,10,26,24,27,26,77.78,74.07,92.31,8.26,16.81,3.69,10.59,1.5,2.0,1.0,2.04
BOS,2023-01-08,11,27,25,29,27,75.86,68.97,81.48,7.9,16.28,2.83,10.1,1.41,1.33,5.37,11.93
BOS,2023-01-08,12,23,16,24,19,87.5,83.33,84.21,3.13,17.29,4.07,5.83,1.53,1.71,1.11,3.95
BOS,2023-01-08,13,19,26,21,27,80.95,71.43,96.3,11.62,19.14,6.25,16.29,2.56,1.48,0.67,4.78
BOS,2023-01-08,14,17,29,19,36,89.47,73.68,77.78,5.95,19.63,6.52,11.16,3.92,1.96,3.44,8.94
BOS,2023-01-08,15,24,28,26,32,76.92,65.38,78.13,16.38,19.92,6.28,21.65,2.28,2.21,3.44,10.5
BOS,2023-01-08,16,28,37,33,40,75.76,69.7,87.5,13.33,16.06,3.16,15.91,3.25,3.29,2.1,3.92
BOS,2023-01-08,17,39,31,40,31,72.5,62.5,61.29,10.2,20.43,6.8,15.43,3.0,6.01,5.0,21.84
BOS,2023-01-08,18,37,26,39,31,66.67,64.1,70.97,22.0,17.26,3.71,24.13,3.35,4.41,3.42,15.48
BOS,2023-01-08,19,24,30,25,31,84.0,84.0,74.19,11.4,16.0,2.41,12.44,3.06,4.18,2.23,19.94
BOS,2023-01-08,20,19,29,19,29,78.95,78.95,82.76,8.63,17.11,3.68,9.37,2.55,2.88,1.17,11.48
BOS,2023-01-08,21,14,23,15,24,60.0,60.0,70.83,20.6,18.2,4.85,24.4,1.5,3.86,0.67,15.75
BOS,2023-01-08,22,6,19,6,20,83.33,83.33,60.0,5.67,16.5,2.75,7.0,1.45,0.74,1.3,27.8
BOS,2023-01-08,23,2,27,2,27,100.0,50.0,85.19,2.0,29.5,15.5,17.5,6.3,1.08,2.52,9.74
BOS,2023-01-09,0,0,9,0,11,0.0,0.0,81.82,0.0,0.0,0.0,0.0,1.18,2.05,2.73,23.82
BOS,2023-01-09,1,0,0,0,0,0.0,0.0,0.0,0.0,0.0,0.0,0.0,0.0,0.0,0.0,0.0
BOS,2023-01-09,3,0,0,0,0,0.0,0.0,0.0,0.0,0.0,0.0,0.0,0.0,0.0,0.0,0.0
BOS,2023-01-09,4,0,0,0,1,0.0,0.0,100.0,0.0,0.0,0.0,0.0,0.0,1.8,0.0,0.0
BOS,2023-01-09,5,15,5,15,4,100.0,100.0,75.0,0.0,14.27,1.4,0.13,1.0,4.95,14.75,15.5
BOS,2023-01-09,6,28,9,28,12,89.29,78.57,83.33,6.29,21.07,7.07,10.29,1.0,3.0,1.0,11.58
BOS,2023-01-09,7,46,21,46,20,86.96,69.57,90.0,7.67,22.04,7.81,13.17,4.0,5.27,2.25,6.25
BOS,2023-01-09,8,38,25,39,25,82.05,71.79,100.0,10.69,18.41,4.93,13.85,2.68,3.4,1.64,1.2
BOS,2023-01-09,9,27,17,30,18,93.33,93.33,83.33,1.37,16.0,3.57,3.5,3.39,1.69,1.22,11.83
BOS,2023-01-09,10,27,25,27,28,92.59,96.3,89.29,2.22,14.37,1.71,2.7,3.64,1.92,3.04,4.61
BOS,2023-01-09,11,25,27,25,28,88.0,88.0,85.71,3.92,13.2,0.67,4.32,1.93,1.76,3.07,6.18
BOS,2023-01-09,12,27,22,31,24,80.65,77.42,100.0,8.06,16.71,3.58,9.87,2.17,1.74,0.67,0.29
BOS,2023-01-09,13,21,25,22,27,100.0,95.45,88.89,0.5,15.64,2.72,1.86,4.04,2.92,2.56,4.93
BOS,2023-01-09,14,24,30,23,33,91.3,91.3,81.82,3.87,16.87,4.08,5.57,2.58,1.53,2.27,11.82
BOS,2023-01-09,15,25,33,28,33,85.71,67.86,66.67,5.43,20.64,6.52,10.68,1.39,3.07,4.55,16.24
BOS,2023-01-09,16,30,33,31,33,70.97,67.74,87.88,13.42,18.84,5.26,17.35,2.42,2.64,0.7,2.88
BOS,2023-01-09,17,37,34,38,36,78.95,76.32,88.89,11.05,19.37,5.83,15.21,2.56,5.26,3.89,10.08
BOS,2023-01-09,18,38,26,39,28,69.23,61.54,89.29,14.92,20.54,6.68,20.18,2.46,5.6,3.0,6.5
BOS,2023-01-09,19,30,31,30,30,90.0,83.33,90.0,3.53,20.93,6.65,7.23,1.63,3.41,4.43,7.9
BOS,2023-01-09,20,18,33,21,34,85.71,80.95,79.41,7.48,21.38,7.33,12.0,3.47,4.59,4.53,11.97
BOS,2023-01-09,21,16,24,16,25,81.25,81.25,76.0,3.69,17.63,3.81,5.94,2.32,3.78,2.64,8.52
BOS,2023-01-09,22,9,22,15,24,80.0,80.0,75.0,8.4,16.6,2.99,9.87,3.04,2.32,3.67,14.71
BOS,2023-01-09,23,2,26,3,26,100.0,100.0,76.92,5.33,17.0,2.13,7.33,1.38,0.79,4.08,6.92
BOS,2023-01-10,0,0,8,0,10,0.0,0.0,80.0,0.0,0.0,0.0,0.0,0.2,2.21,6.9,6.8
BOS,2023-01-10,2,0,0,0,0,0.0,0.0,0.0,0.0,0.0,0.0,0.0,0.0,0.0,0.0,0.0
BOS,2023-01-10,4,0,0,0,2,0.0,0.0,100.0,0.0,0.0,0.0,0.0,0.0,0.8,2.0,1.0
BOS,2023-01-10,5,15,3,16,8,100.0,100.0,87.5,0.63,14.63,1.67,1.56,3.38,2.55,2.0,4.63
BOS,2023-01-10,6,27,8,27,12,92.59,92.59,41.67,15.85,19.19,5.22,17.7,1.42,3.79,1.0,43.92
BOS,2023-01-10,7,42,23,43,23,95.35,79.07,82.61,2.81,25.14,10.77,10.16,2.04,3.37,1.96,3.52
BOS,2023-01-10,8,38,21,41,24,82.93,68.29,87.5,17.68,26.68,12.61,26.15,3.08,3.81,4.71,4.5
BOS,2023-01-10,9,29,24,32,25,96.88,96.88,92.0,1.41,17.78,4.37,3.0,3.88,1.58,1.72,14.72
BOS,2023-01-10,10,25,23,29,25,82.76,75.86,88.0,9.31,17.0,3.67,11.41,2.72,2.55,1.16,4.48
BOS,2023-01-10,11,21,21,25,24,72.0,64.0,91.67,13.72,15.52,1.91,15.12,2.29,1.46,1.75,3.83
BOS,2023-01-10,12,25,23,27,24,96.3,92.59,91.67,8.63,15.59,2.9,9.89,3.5,1.23,2.92,3.5
BOS,2023-01-10,13,21,26,23,27,78.26,78.26,88.89,8.39,16.52,3.38,9.0,2.78,2.75,0.44,9.07
BOS,2023-01-10,14,24,31,26,31,84.62,80.77,93.55,10.0,16.27,3.26,11.31,1.03,1.73,0.9,2.58
BOS,2023-01-10,15,25,27,28,33,89.29,82.14,93.94,15.11,17.04,3.51,17.14,2.12,2.14,1.64,8.18
BOS,2023-01-10,16,28,32,30,37,86.67,86.67,81.08,6.07,17.87,4.29,8.73,2.73,2.45,1.3,29.27
BOS,2023-01-10,17,33,33,34,34,82.35,73.53,85.29,16.41,19.32,5.7,20.47,2.32,3.91,1.65,15.44
BOS,2023-01-10,18,36,25,39,30,79.49,79.49,83.33,17.05,18.13,4.59,19.54,1.93,2.44,1.5,6.37
BOS,2023-01-10,19,27,26,27,28,88.89,88.89,85.71,4.44,18.3,4.16,6.33,1.61,6.04,2.71,8.21
BOS,2023-01-10,20,17,31,18,31,88.89,88.89,83.87,7.17,20.06,6.09,10.39,2.65,1.73,3.58,9.35
BOS,2023-01-10,21,14,18,15,18,93.33,93.33,88.89,1.87,18.53,5.61,4.47,1.61,3.64,3.17,15.67
BOS,2023-01-10,22,7,22,12,23,91.67,91.67,73.91,2.83,16.83,3.01,4.0,1.3,2.25,2.61,15.17
BOS,2023-01-10,23,2,26,2,26,50.0,50.0,92.31,51.0,15.0,1.5,52.0,1.35,0.79,2.23,14.96
BOS,2023-01-11,0,0,7,0,9,0.0,0.0,44.44,0.0,0.0,0.0,0.0,3.0,5.64,9.56,21.56
BOS,2023-01-11,1,0,0,1,1,0.0,100.0,0.0,15.0,10.0,0.0,11.0,9.0,2.8,15.0,69.0
BOS,2023-01-11,2,0,0,0,0,0.0,0.0,0.0,0.0,0.0,0.0,0.0,0.0,0.0,0.0,0.0
BOS,2023-01-11,3,0,0,1,0,0.0,0.0,0.0,21.0,16.0,2.6,24.0,0.0,0.0,0.0,0.0
BOS,2023-01-11,4,0,0,0,2,0.0,0.0,100.0,0.0,0.0,0.0,0.0,0.0,0.0,0.0,0.0
BOS,2023-01-11,5,15,2,16,6,62.5,56.25,100.0,103.25,17.38,4.35,107.0,2.17,2.03,5.0,2.67
BOS,2023-01-11,6,27,10,29,12,62.07,58.62,58.33,81.34,20.24,6.65,87.0,2.42,5.57,2.08,18.33
BOS,2023-01-11,7,41,23,43,19,20.93,16.28,57.89,105.12,21.74,7.91,112.23,2.37,5.86,4.32,67.58
BOS,2023-01-11,8,35,21,33,17,0.0,0.0,47.06,109.55,19.64,6.03,115.18,1.47,7.99,5.18,62.35
BOS,2023-01-11,9,27,21,26,19,30.77,30.77,26.32,60.42,16.27,3.63,63.81,2.21,9.12,8.74,85.95
BOS,2023-01-11,10,24,23,27,26,37.04,37.04,30.77,61.52,17.3,4.34,65.52,1.69,3.32,4.73,73.04
BOS,2023-01-11,11,22,22,27,21,40.74,33.33,28.57,64.96,16.56,3.97,67.52,3.14,2.86,4.24,85.86
BOS,2023-01-11,12,26,23,23,25,34.78,26.09,32.0,56.52,14.83,2.37,58.7,2.44,2.96,3.64,59.76
BOS,2023-01-11,13,21,26,18,31,50.0,50.0,41.94,53.67,13.5,2.23,55.0,3.68,3.51,5.81,55.06
BOS,2023-01-11,14,23,31,30,34,43.33,43.33,52.94,40.23,15.43,2.75,42.2,2.53,3.77,3.18,33.59
BOS,2023-01-11,15,24,27,26,28,57.69,46.15,46.43,35.23,17.81,3.88,38.5,2.5,3.32,2.96,45.0
BOS,2023-01-11,16,26,32,32,32,46.88,46.88,62.5,43.0,14.72,1.98,44.47,3.59,2.61,2.59,34.78
BOS,2023-01-11,17,35,35,35,36,65.71,68.57,44.44,35.34,16.0,2.75,37.03,4.42,4.31,6.83,45.83
BOS,2023-01-11,18,36,23,40,26,60.0,47.5,65.38,29.77,19.85,6.8,35.25,3.92,4.82,2.38,29.27
BOS,2023-01-11,19,26,29,27,33,66.67,59.26,54.55,25.63,22.3,8.57,33.63,2.79,4.61,2.3,28.39
BOS,2023-01-11,20,17,29,18,29,55.56,50.0,58.62,25.22,25.94,12.46,35.44,3.38,5.1,1.59,43.9
BOS,2023-01-11,21,14,19,14,20,78.57,14.29,50.0,4.86,40.5,26.74,29.57,1.1,4.44,2.45,63.85
BOS,2023-01-11,22,8,22,14,22,50.0,14.29,59.09,40.36,30.64,17.66,55.07,2.0,2.91,3.18,25.27
BOS,2023-01-11,23,2,27,2,27,100.0,0.0,59.26,0.0,39.0,25.0,20.5,0.96,2.7,1.19,21.07
BOS,2023-01-12,0,0,8,0,7,0.0,0.0,57.14,0.0,0.0,0.0,0.0,1.43,3.51,0.0,21.0
BOS,2023-01-12,1,0,0,0,0,0.0,0.0,0.0,0.0,0.0,0.0,0.0,0.0,0.0,0.0,0.0
BOS,2023-01-12,3,0,0,0,1,0.0,0.0,0.0,0.0,0.0,0.0,0.0,0.0,2.8,5.0,23.0
BOS,2023-01-12,4,0,0,1,2,0.0,0.0,100.0,89.0,26.0,12.6,102.0,0.0,0.0,0.0,0.0
BOS,2023-01-12,5,15,4,16,6,87.5,87.5,66.67,12.75,19.94,6.51,16.81,1.33,1.72,1.17,8.33
BOS,2023-01-12,6,28,10,29,15,89.66,51.72,40.0,2.41,29.1,15.16,14.14,1.93,5.31,4.07,49.0
BOS,2023-01-12,7,43,23,45,22,82.22,57.78,81.82,17.82,24.44,10.36,25.98,2.05,7.74,4.05,5.5
BOS,2023-01-12,8,38,23,45,24,73.33,66.67,87.5,12.58,19.69,6.71,17.64,1.5,4.41,0.96,5.96
BOS,2023-01-12,9,28,21,32,22,90.63,87.5,90.91,3.81,15.97,3.81,5.94,2.18,4.26,1.95,3.14
BOS,2023-01-12,10,25,24,25,27,76.0,76.0,88.89,10.92,15.72,2.87,12.68,1.7,4.53,1.81,4.78
BOS,2023-01-12,11,22,23,24,24,87.5,83.33,83.33,17.38,16.54,3.86,20.08,2.46,3.7,1.79,10.83
BOS,2023-01-12,12,28,24,27,24,85.19,77.78,95.83,5.7,16.0,3.61,8.63,1.63,4.11,0.0,1.83
BOS,2023-01-12,13,19,28,19,27,84.21,78.95,88.89,7.95,15.68,3.58,10.16,2.15,3.84,1.56,5.48
BOS,2023-01-12,14,28,31,28,36,85.71,78.57,80.56,9.18,16.36,3.64,11.82,1.58,3.99,1.5,11.64
BOS,2023-01-12,15,24,28,27,36,85.19,77.78,72.22,13.63,17.85,4.4,16.67,2.22,4.0,4.19,12.61
BOS,2023-01-12,16,29,34,32,32,78.13,68.75,87.5,14.44,21.09,7.22,20.47,1.81,4.4,2.13,6.28
BOS,2023-01-12,17,38,36,37,33,62.16,48.65,63.64,25.49,22.0,8.16,32.73,4.91,5.17,4.76,23.64
BOS,2023-01-12,18,40,25,39,31,61.54,53.85,64.52,27.03,24.59,10.75,36.1,4.9,4.72,4.65,30.32
BOS,2023-01-12,19,27,28,29,31,68.97,55.17,61.29,25.1,20.14,6.36,30.31,5.32,5.98,7.19,28.03
BOS,2023-01-12,20,20,30,21,32,57.14,47.62,71.88,22.38,19.95,6.24,27.67,5.97,4.52,4.75,12.5
BOS,2023-01-12,21,15,22,14,23,64.29,57.14,65.22,14.14,16.57,3.55,16.71,1.78,4.66,4.26,18.57
BOS,2023-01-12,22,7,22,12,22,50.0,50.0,54.55,17.92,14.17,1.27,17.42,2.91,3.08,7.73,30.18
BOS,2023-01-12,23,2,28,3,29,66.67,66.67,58.62,5.67,12.0,0.0,5.67,4.48,1.25,5.76,25.69
BOS,2023-01-13,0,0,8,0,9,0.0,0.0,55.56,0.0,0.0,0.0,0.0,2.78,2.02,3.22,32.78
BOS,2023-01-13,1,0,0,0,0,0.0,0.0,0.0,0.0,0.0,0.0,0.0,0.0,0.0,0.0,0.0
BOS,2023-01-13,2,0,0,1,0,100.0,100.0,0.0,0.0,13.0,0.0,0.0,0.0,0.0,0.0,0.0
BOS,2023-01-13,4,0,0,0,2,0.0,0.0,100.0,0.0,0.0,0.0,0.0,1.5,3.3,2.0,1.0
BOS,2023-01-13,5,15,4,16,6,100.0,93.75,66.67,1.13,16.31,3.39,3.63,1.17,3.57,11.83,11.5
BOS,2023-01-13,6,29,9,29,11,86.21,86.21,81.82,10.52,18.14,4.18,12.24,1.55,3.81,6.27,10.45
BOS,2023-01-13,7,42,23,42,20,90.48,78.57,80.0,6.6,19.05,4.78,9.9,3.35,3.88,4.45,15.6
BOS,2023-01-13,8,36,22,34,22,88.24,82.35,86.36,13.74,19.12,5.32,16.97,2.91,3.46,4.32,11.18
BOS,2023-01-13,9,27,23,29,25,93.1,86.21,76.0,6.34,17.69,4.17,8.97,4.04,2.27,11.64,24.64
BOS,2023-01-13,10,25,25,27,25,77.78,77.78,80.0,15.33,17.63,4.34,17.93,4.04,2.08,5.96,7.4
BOS,2023-01-13,11,24,23,25,26,72.0,68.0,76.92,11.8,14.52,1.63,12.68,5.65,2.21,6.62,16.31
BOS,2023-01-13,12,26,24,24,24,83.33,79.17,83.33,9.38,18.42,4.91,12.63,4.83,1.76,7.33,8.67
BOS,2023-01-13,13,22,24,27,24,77.78,77.78,66.67,14.85,17.07,4.13,18.04,5.17,2.28,5.63,15.17
BOS,2023-01-13,14,24,33,25,38,76.0,76.0,60.53,15.0,17.6,4.04,17.48,4.34,1.96,8.37,36.32
BOS,2023-01-13,15,25,27,28,27,71.43,64.29,70.37,17.54,21.64,8.23,24.29,3.7,1.85,7.15,21.85
BOS,2023-01-13,16,28,36,29,41,72.41,58.62,60.98,16.1,20.34,6.82,21.93,3.41,1.86,6.68,24.73
BOS,2023-01-13,17,36,35,39,35,48.72,41.03,45.71,32.51,24.28,11.14,42.69,4.49,5.75,9.37,28.71
BOS,2023-01-13,18,40,24,40,29,62.5,30.0,58.62,31.1,27.5,13.92,44.28,2.66,6.77,8.21,21.21
BOS,2023-01-13,19,28,27,31,27,70.97,41.94,62.96,14.19,27.55,13.56,25.55,5.96,7.76,9.96,22.44
BOS,2023-01-13,20,18,32,17,32,52.94,47.06,68.75,24.76,20.53,6.35,29.12,3.53,3.94,6.88,21.0
BOS,2023-01-13,21,14,22,15,23,73.33,60.0,47.83,7.2,18.2,4.74,10.93,1.83,4.66,7.87,22.74
BOS,2023-01-13,22,8,22,12,22,75.0,75.0,45.45,9.67,17.42,3.56,11.75,1.82,3.4,10.59,29.27
BOS,2023-01-13,23,2,29,2,30,50.0,50.0,50.0,17.5,18.5,4.5,21.5,2.17,2.59,4.63,24.87
BOS,2023-01-14,0,0,5,0,8,0.0,0.0,62.5,0.0,0.0,0.0,0.0,0.38,1.91,7.5,36.38
BOS,2023-01-14,1,0,0,0,0,0.0,0.0,0.0,0.0,0.0,0.0,0.0,0.0,0.0,0.0,0.0
BOS,2023-01-14,3,0,0,0,0,0.0,0.0,0.0,0.0,0.0,0.0,0.0,0.0,0.0,0.0,0.0
BOS,2023-01-14,4,0,0,0,0,0.0,0.0,0.0,0.0,0.0,0.0,0.0,0.0,0.0,0.0,0.0
BOS,2023-01-14,5,14,1,14,4,71.43,57.14,75.0,14.29,23.21,9.6,22.07,1.75,4.2,6.75,4.0
BOS,2023-01-14,6,23,9,23,13,82.61,78.26,61.54,8.17,18.13,4.25,9.74,2.92,4.55,4.69,36.0
BOS,2023-01-14,7,37,16,38,14,86.84,78.95,64.29,11.21,17.29,3.7,13.55,0.5,2.64,2.29,18.93
BOS,2023-01-14,8,36,17,36,17,83.33,72.22,82.35,18.56,17.83,4.72,21.78,1.18,2.72,3.59,6.94
BOS,2023-01-14,9,29,16,34,16,67.65,64.71,87.5,20.62,15.03,3.07,22.15,1.63,3.14,1.0,7.63
BOS,2023-01-14,10,26,20,24,21,79.17,66.67,85.71,20.29,18.88,6.79,26.29,2.86,3.64,4.81,6.29
BOS,2023-01-14,11,19,23,22,27,72.73,68.18,74.07,8.86,16.73,4.1,12.05,2.19,3.22,5.85,21.37
BOS,2023-01-14,12,21,19,21,21,71.43,76.19,66.67,22.19,16.14,3.93,24.76,3.48,2.76,6.29,14.95
BOS,2023-01-14,13,17,19,19,20,78.95,63.16,75.0,14.63,19.32,6.75,20.11,5.4,3.46,6.65,10.05
BOS,2023-01-14,14,15,28,16,29,68.75,62.5,62.07,10.25,20.19,8.81,18.06,4.76,5.73,6.83,17.07
BOS,2023-01-14,15,18,22,18,25,66.67,50.0,56.0,16.72,23.56,10.9,25.78,3.32,5.2,7.92,26.28
BOS,2023-01-14,16,19,36,18,37,61.11,33.33,75.68,40.56,30.06,16.21,55.28,3.51,4.12,5.95,9.41
BOS,2023-01-14,17,31,22,29,19,75.86,58.62,73.68,11.14,22.86,9.33,19.31,4.42,7.55,9.58,11.11
BOS,2023-01-14,18,24,20,25,24,76.0,48.0,58.33,12.4,22.56,9.75,20.28,4.17,6.12,7.58,18.38
BOS,2023-01-14,19,17,22,18,24,66.67,61.11,62.5,11.33,21.72,7.84,18.11,6.13,3.76,7.58,25.71
BOS,2023-01-14,20,12,23,13,24,61.54,38.46,62.5,12.62,23.62,9.25,20.69,3.38,4.87,6.42,16.08
BOS,2023-01-14,21,11,19,11,20,72.73,18.18,55.0,27.09,32.64,18.54,45.64,5.6,13.12,15.6,36.7
BOS,2023-01-14,22,8,17,8,18,50.0,37.5,77.78,13.13,20.0,6.76,18.0,1.11,3.98,5.44,44.22
BOS,2023-01-14,23,2,19,2,20,0.0,0.0,60.0,44.5,16.5,2.5,47.0,6.5,2.15,5.65,21.7
BOS,2023-01-15,0,1,7,2,5,50.0,0.0,40.0,45.5,26.5,13.1,59.0,2.8,3.66,8.8,32.4
BOS,2023-01-15,1,0,0,0,0,0.0,0.0,0.0,0.0,0.0,0.0,0.0,0.0,0.0,0.0,0.0
BOS,2023-01-15,2,0,0,1,2,0.0,0.0,50.0,67.0,18.0,4.6,72.0,0.0,4.25,2.5,17.0
BOS,2023-01-15,4,0,0,0,0,0.0,0.0,0.0,0.0,0.0,0.0,0.0,0.0,0.0,0.0,0.0
BOS,2023-01-15,5,12,5,12,2,83.33,75.0,0.0,13.0,16.83,4.18,16.0,10.0,10.25,27.0,121.0
BOS,2023-01-15,6,22,10,23,8,91.3,82.61,87.5,17.22,22.17,8.43,21.48,3.38,6.01,3.5,4.75
BOS,2023-01-15,7,38,13,38,13,92.11,86.84,76.92,6.0,17.32,4.11,8.87,1.23,3.15,2.85,9.0
BOS,2023-01-15,8,35,19,35,15,91.43,88.57,80.0,4.17,15.8,2.47,5.37,2.07,2.86,5.4,15.6
BOS,2023-01-15,9,26,19,27,19,74.07,74.07,73.68,30.56,14.3,2.29,31.74,2.42,4.2,7.0,14.74
BOS,2023-01-15,10,26,25,23,25,69.57,73.91,80.0,14.48,14.91,2.24,15.91,2.76,2.44,4.68,5.32
BOS,2023-01-15,11,28,22,30,20,70.0,70.0,75.0,16.17,14.33,2.03,16.97,3.7,4.08,8.8,13.9
BOS,2023-01-15,12,20,21,18,22,88.89,88.89,81.82,18.33,17.67,5.08,21.61,3.18,2.53,8.05,8.27
BOS,2023-01-15,13,20,24,19,25,89.47,78.95,64.0,2.74,18.53,6.37,6.84,5.52,3.92,8.84,22.16
BOS,2023-01-15,14,21,33,22,35,81.82,36.36,57.14,16.05,38.82,25.39,39.68,8.2,4.13,13.26,12.91
BOS,2023-01-15,15,24,26,23,26,60.87,8.7,57.69,17.7,42.3,28.25,44.17,7.88,4.2,13.35,15.35
BOS,2023-01-15,16,29,37,28,35,57.14,25.0,57.14,16.61,29.93,16.13,31.25,8.57,8.71,15.34,24.11
BOS,2023-01-15,17,35,31,35,35,57.14,17.14,37.14,38.86,45.43,31.5,69.8,9.14,10.53,20.83,38.77
BOS,2023-01-15,18,35,22,34,25,32.35,2.94,28.0,48.44,55.97,42.16,90.32,7.64,18.56,25.2,37.52
BOS,2023-01-15,19,23,28,23,30,47.83,0.0,36.67,43.22,62.7,48.63,90.61,7.27,16.67,24.37,44.07
BOS,2023-01-15,20,19,25,19,26,42.11,0.0,11.54,68.26,61.42,47.33,115.26,30.35,8.86,35.08,45.35
BOS,2023-01-15,21,15,20,15,21,40.0,0.0,9.52,52.07,58.0,44.05,95.47,9.81,14.19,27.62,63.71
BOS,2023-01-15,22,5,20,5,20,0.0,0.0,30.0,46.8,47.0,33.62,80.6,5.55,10.67,17.85,35.2
BOS,2023-01-15,23,2,27,2,26,0.0,0.0,11.54,32.0,41.5,27.5,59.5,16.35,7.0,24.81,46.5
BOS,2023-01-16,0,0,7,0,9,0.0,0.0,11.11,0.0,0.0,0.0,0.0,2.56,9.91,12.67,41.11
BOS,2023-01-16,1,0,0,0,1,0.0,0.0,0.0,0.0,0.0,0.0,0.0,18.0,7.8,29.0,25.0
BOS,2023-01-16,2,0,0,0,0,0.0,0.0,0.0,0.0,0.0,0.0,0.0,0.0,0.0,0.0,0.0
BOS,2023-01-16,3,0,0,0,1,0.0,0.0,0.0,0.0,0.0,0.0,0.0,0.0,1.8,520.0,505.0
BOS,2023-01-16,4,0,0,1,1,100.0,100.0,100.0,0.0,13.0,0.0,0.0,0.0,4.8,2.0,2.0
BOS,2023-01-16,5,15,4,14,4,100.0,71.43,50.0,0.43,28.64,14.97,11.21,5.75,5.95,6.75,23.25
BOS,2023-01-16,6,28,10,27,9,88.89,44.44,44.44,12.63,39.11,25.0,32.56,3.33,9.87,6.22,23.44
BOS,2023-01-16,7,43,23,38,13,76.32,18.42,46.15,21.16,58.58,44.17,62.26,1.31,4.02,6.62,73.85
BOS,2023-01-16,8,38,23,30,15,50.0,0.0,53.33,28.77,59.73,45.7,72.83,1.67,3.41,6.4,35.0
BOS,2023-01-16,9,28,21,19,16,68.42,0.0,56.25,25.58,54.21,40.47,63.68,3.13,6.36,10.75,18.25
BOS,2023-01-16,10,28,26,24,25,75.0,16.67,80.0,20.83,50.25,36.1,55.83,2.68,3.72,5.84,11.08
BOS,2023-01-16,11,23,24,27,23,66.67,18.52,73.91,13.59,47.56,33.71,46.33,2.52,3.58,3.43,34.09
BOS,2023-01-16,12,26,26,24,24,70.83,12.5,66.67,19.63,50.29,36.36,54.0,2.79,4.87,6.67,22.63
BOS,2023-01-16,13,23,24,22,24,59.09,18.18,70.83,23.45,38.68,24.76,46.59,8.63,5.42,9.42,13.5
BOS,2023-01-16,14,24,30,23,29,60.87,13.04,51.72,19.52,39.26,25.22,43.17,1.76,3.62,6.66,28.17
BOS,2023-01-16,15,23,28,25,30,48.0,12.0,43.33,27.84,30.32,16.09,43.44,2.23,2.95,6.03,25.03
BOS,2023-01-16,16,28,36,30,35,50.0,23.33,51.43,29.63,41.67,27.35,56.1,2.4,4.33,4.66,37.71
BOS,2023-01-16,17,36,33,34,32,55.88,11.76,56.25,28.09,59.56,45.5,72.12,4.94,7.51,7.84,24.34
BOS,2023-01-16,18,37,24,36,25,44.44,2.78,36.0,30.31,51.92,37.82,66.28,6.92,7.23,11.72,33.8
BOS,2023-01-16,19,28,28,27,32,40.74,3.7,34.38,34.59,35.0,20.75,54.59,4.97,7.03,13.03,41.5
BOS,2023-01-16,20,19,31,21,35,52.38,19.05,40.0,34.05,26.95,12.76,46.33,4.06,4.45,6.86,49.29
BOS,2023-01-16,21,15,23,15,24,33.33,26.67,50.0,68.53,22.73,8.93,76.93,1.33,4.68,3.67,36.33
BOS,2023-01-16,22,8,23,15,25,60.0,26.67,48.0,18.93,20.87,7.13,25.67,2.16,2.47,4.28,28.08
BOS,2023-01-16,23,2,27,2,28,0.0,0.0,60.71,42.0,20.0,6.0,48.0,1.93,1.43,6.32,18.25
BOS,2023-01-17,0,0,7,0,7,0.0,0.0,42.86,0.0,0.0,0.0,0.0,0.0,3.83,11.57,33.29
BOS,2023-01-17,1,0,0,0,0,0.0,0.0,0.0,0.0,0.0,0.0,0.0,0.0,0.0,0.0,0.0
BOS,2023-01-17,2,0,0,0,0,0.0,0.0,0.0,0.0,0.0,0.0,0.0,0.0,0.0,0.0,0.0
BOS,2023-01-17,3,0,0,0,0,0.0,0.0,0.0,0.0,0.0,0.0,0.0,0.0,0.0,0.0,0.0
BOS,2023-01-17,4,0,0,0,2,0.0,0.0,100.0,0.0,0.0,0.0,0.0,0.0,0.0,0.0,2.5
BOS,2023-01-17,5,15,2,17,7,76.47,58.82,57.14,16.82,22.76,9.01,23.71,0.0,4.07,5.43,15.0
BOS,2023-01-17,6,26,8,26,12,92.31,80.77,41.67,2.0,26.35,12.08,8.85,1.92,5.52,2.92,26.17
BOS,2023-01-17,7,42,24,44,23,90.91,54.55,73.91,3.55,28.91,14.43,15.07,2.48,5.93,3.13,8.0
BOS,2023-01-17,8,38,22,41,21,82.93,56.1,85.71,8.39,25.02,11.12,17.32,1.95,4.87,2.29,9.67
BOS,2023-01-17,9,29,24,30,26,86.67,76.67,84.62,12.53,22.7,9.46,18.2,2.58,3.8,4.08,7.31
BOS,2023-01-17,10,26,24,34,29,91.18,85.29,93.1,5.74,17.5,4.16,8.21,4.1,2.3,2.9,7.59
BOS,2023-01-17,11,21,20,24,22,83.33,75.0,86.36,7.04,18.04,4.84,11.33,4.27,1.2,1.91,6.55
BOS,2023-01-17,12,24,25,27,24,92.59,77.78,95.83,2.3,22.52,9.14,8.74,2.13,1.1,0.54,0.75
BOS,2023-01-17,13,21,26,22,29,86.36,86.36,82.76,10.23,16.23,3.12,11.23,4.93,1.99,1.38,11.21
BOS,2023-01-17,14,24,29,27,33,85.19,85.19,87.88,7.96,14.15,1.9,8.48,2.55,1.5,1.79,4.97
BOS,2023-01-17,15,26,28,29,28,89.66,89.66,96.43,4.38,14.38,1.68,5.1,1.11,2.07,1.5,1.96
BOS,2023-01-17,16,29,32,29,38,89.66,82.76,81.58,10.17,18.48,4.54,12.21,2.76,2.48,2.89,6.87
BOS,2023-01-17,17,32,32,33,33,87.88,84.85,81.82,3.0,18.94,5.14,6.15,4.48,4.51,2.82,9.67
BOS,2023-01-17,18,35,25,36,28,86.11,77.78,96.43,5.97,19.0,5.46,8.69,4.07,3.21,1.18,2.93
BOS,2023-01-17,19,26,25,26,29,92.31,84.62,100.0,2.31,17.27,3.58,3.88,3.41,3.31,1.52,1.21
BOS,2023-01-17,20,16,31,17,32,94.12,94.12,90.63,1.18,17.24,3.89,2.71,2.63,3.39,2.41,10.28
BOS,2023-01-17,21,14,19,15,20,86.67,80.0,85.0,17.47,17.0,4.03,20.27,1.55,2.14,0.3,5.05
BOS,2023-01-17,22,8,22,14,22,92.86,92.86,86.36,6.43,15.36,2.22,6.86,1.73,2.71,1.73,9.82
BOS,2023-01-17,23,1,26,2,27,100.0,100.0,81.48,0.0,13.5,0.0,0.0,1.3,0.71,1.93,34.78
BOS,2023-01-18,0,0,7,0,7,0.0,0.0,85.71,0.0,0.0,0.0,0.0,0.86,2.81,0.14,12.0
BOS,2023-01-18,1,0,0,0,0,0.0,0.0,0.0,0.0,0.0,0.0,0.0,0.0,0.0,0.0,0.0
BOS,2023-01-18,2,0,0,0,0,0.0,0.0,0.0,0.0,0.0,0.0,0.0,0.0,0.0,0.0,0.0
BOS,2023-01-18,4,0,0,0,2,0.0,0.0,100.0,0.0,0.0,0.0,0.0,0.0,0.0,0.0,0.0
BOS,2023-01-18,5,15,3,16,5,75.0,68.75,100.0,41.81,15.81,2.41,43.56,0.0,4.48,0.0,2.0
BOS,2023-01-18,6,27,9,28,10,96.43,96.43,60.0,1.75,20.14,6.1,4.39,1.1,4.42,1.5,12.8
BOS,2023-01-18,7,41,24,43,20,88.37,88.37,80.0,7.58,18.79,4.48,10.12,2.1,4.62,2.3,15.2
BOS,2023-01-18,8,35,22,40,22,85.0,80.0,90.91,9.68,20.23,6.36,13.1,2.95,2.73,1.36,6.27
BOS,2023-01-18,9,28,23,31,24,87.1,87.1,95.83,8.94,15.58,2.74,9.9,3.63,2.05,3.17,2.04
BOS,2023-01-18,10,25,23,27,29,96.3,88.89,93.1,18.41,16.59,3.37,20.22,4.59,2.05,2.52,2.31
BOS,2023-01-18,11,22,21,27,24,81.48,81.48,100.0,3.96,17.19,3.68,5.78,3.29,1.9,1.67,0.63
BOS,2023-01-18,12,25,24,26,24,88.46,84.62,95.83,3.5,17.08,3.92,5.62,1.17,0.79,0.21,2.25
BOS,2023-01-18,13,20,26,23,27,95.65,95.65,96.3,0.87,19.13,5.4,3.57,3.04,2.67,2.48,2.89
BOS,2023-01-18,14,23,29,25,33,96.0,96.0,90.91,1.4,16.24,2.62,1.68,2.03,2.24,3.06,4.91
BOS,2023-01-18,15,24,27,27,30,85.19,81.48,80.0,5.19,18.04,4.11,8.15,2.8,2.05,3.77,9.97
BOS,2023-01-18,16,28,34,29,39,89.66,82.76,87.18,6.59,18.0,4.49,9.17,3.92,2.26,2.46,5.1
BOS,2023-01-18,17,33,32,32,34,87.5,84.38,91.18,5.66,20.66,6.94,9.59,2.91,2.67,3.21,7.44
BOS,2023-01-18,18,35,25,38,29,89.47,84.21,79.31,4.58,22.0,8.27,9.32,2.93,3.29,2.93,18.24
BOS,2023-01-18,19,27,27,28,30,96.43,92.86,93.33,4.39,20.36,6.43,6.46,1.6,2.33,0.73,5.47
BOS,2023-01-18,20,17,30,20,31,90.0,85.0,80.65,32.15,18.6,5.11,34.35,3.68,2.23,3.71,6.55
BOS,2023-01-18,21,14,19,14,19,85.71,85.71,63.16,10.07,17.21,4.22,11.64,0.89,2.51,2.58,28.16
BOS,2023-01-18,22,9,22,16,22,87.5,81.25,86.36,6.13,16.63,3.03,7.0,1.59,1.63,1.64,5.82
BOS,2023-01-18,23,1,26,1,27,100.0,100.0,88.89,0.0,18.0,4.0,0.0,2.56,1.54,2.52,8.07
BOS,2023-01-19,0,0,8,0,8,0.0,0.0,75.0,0.0,0.0,0.0,0.0,2.0,2.1,7.38,8.88
BOS,2023-01-19,1,0,0,0,2,0.0,0.0,100.0,0.0,0.0,0.0,0.0,1.0,2.75,3.5,0.5
BOS,2023-01-19,4,0,0,0,2,0.0,0.0,50.0,0.0,0.0,0.0,0.0,0.5,2.9,4.5,80.0
BOS,2023-01-19,5,15,5,15,7,93.33,73.33,85.71,5.13,18.73,5.25,8.87,0.43,3.86,0.29,3.29
BOS,2023-01-19,6,28,8,28,13,100.0,92.86,69.23,0.43,20.86,6.84,3.61,3.46,5.65,4.23,21.92
BOS,2023-01-19,7,43,23,43,24,93.02,79.07,91.67,4.26,23.14,8.71,8.74,1.83,4.79,1.54,2.96
BOS,2023-01-19,8,37,23,39,23,92.31,87.18,86.96,2.38,19.28,5.81,5.26,2.65,4.53,2.96,13.26
BOS,2023-01-19,9,30,22,32,22,100.0,100.0,90.91,0.81,17.97,4.55,2.31,2.45,3.37,2.05,3.41
BOS,2023-01-19,10,26,25,28,27,85.71,85.71,74.07,7.29,17.07,3.9,9.5,2.22,1.5,4.19,15.0
BOS,2023-01-19,11,23,22,30,19,83.33,83.33,89.47,7.1,17.47,4.17,9.3,2.21,1.87,1.32,3.16
BOS,2023-01-19,12,26,24,27,26,92.59,81.48,84.62,7.59,18.56,5.79,10.85,1.54,0.92,3.12,4.62
BOS,2023-01-19,13,20,28,22,28,95.45,95.45,85.71,1.68,13.68,2.03,2.73,2.64,2.66,1.11,5.75
BOS,2023-01-19,14,28,30,30,31,80.0,76.67,83.87,7.43,15.7,3.69,8.9,1.16,4.12,1.16,11.71
BOS,2023-01-19,15,23,26,27,30,74.07,66.67,83.33,31.3,21.07,7.72,37.93,2.27,4.15,4.77,8.47
BOS,2023-01-19,16,29,37,28,39,82.14,57.14,87.18,18.18,26.11,12.53,29.18,3.56,5.91,3.79,7.92
BOS,2023-01-19,17,36,34,37,30,78.38,51.35,76.67,19.86,28.54,14.7,32.38,2.33,8.74,5.0,19.7
BOS,2023-01-19,18,39,25,38,30,60.53,44.74,63.33,25.71,29.5,15.83,39.82,3.17,9.45,6.93,16.07
BOS,2023-01-19,19,28,26,28,29,67.86,53.57,72.41,14.11,21.79,7.99,20.57,2.66,10.76,7.41,16.41
BOS,2023-01-19,20,19,30,21,32,52.38,42.86,62.5,26.81,20.76,7.17,33.29,2.0,13.23,7.72,16.94
BOS,2023-01-19,21,16,22,16,22,81.25,56.25,81.82,13.13,21.0,7.56,19.44,1.14,9.63,4.86,11.91
BOS,2023-01-19,22,8,23,16,24,81.25,75.0,70.83,5.69,19.56,6.56,9.81,1.13,7.99,3.5,18.21
BOS,2023-01-19,23,1,28,2,29,50.0,50.0,51.72,28.5,13.5,0.0,26.5,2.34,4.41,5.14,41.69
BOS,2023-01-20,0,0,8,0,8,0.0,0.0,75.0,0.0,0.0,0.0,0.0,0.25,3.25,1.63,38.5
BOS,2023-01-20,1,0,0,0,0,0.0,0.0,0.0,0.0,0.0,0.0,0.0,0.0,0.0,0.0,0.0
BOS,2023-01-20,2,0,0,0,1,0.0,0.0,0.0,0.0,0.0,0.0,0.0,11.0,4.8,29.0,183.0
BOS,2023-01-20,4,0,0,0,4,0.0,0.0,75.0,0.0,0.0,0.0,0.0,1.5,3.8,6.75,6.25
BOS,2023-01-20,5,15,4,16,7,87.5,75.0,42.86,4.5,16.63,4.01,6.94,1.0,7.31,5.14,16.0
BOS,2023-01-20,6,29,9,30,10,96.67,86.67,80.0,2.07,20.23,6.43,5.5,1.8,7.26,7.0,12.6
BOS,2023-01-20,7,42,23,42,17,85.71,71.43,82.35,7.86,21.76,8.31,13.9,1.24,7.15,3.59,6.12
BOS,2023-01-20,8,36,24,37,19,70.27,62.16,84.21,11.14,23.86,10.05,19.81,2.16,4.33,1.74,5.74
BOS,2023-01-20,9,28,23,28,23,85.71,53.57,78.26,10.71,30.89,17.48,23.79,7.61,6.16,5.83,13.87
BOS,2023-01-20,10,27,26,29,31,79.31,31.03,87.1,14.97,30.21,17.14,31.03,4.03,2.85,3.26,6.13
BOS,2023-01-20,11,26,22,26,21,76.92,46.15,76.19,7.5,30.38,16.76,21.0,1.95,3.38,5.48,12.76
BOS,2023-01-20,12,25,26,26,24,80.77,42.31,75.0,7.77,28.46,14.65,19.42,1.67,3.47,3.83,9.5
BOS,2023-01-20,13,23,24,23,26,82.61,52.17,69.23,10.87,25.83,13.09,21.52,3.77,5.01,4.73,14.65
BOS,2023-01-20,14,25,31,25,33,76.0,40.0,75.76,17.76,32.32,18.45,33.52,8.55,5.1,5.58,10.3
BOS,2023-01-20,15,24,29,24,34,75.0,33.33,79.41,8.5,35.17,21.14,27.67,2.91,3.52,4.0,11.03
BOS,2023-01-20,16,29,37,30,38,76.67,26.67,76.32,13.17,36.17,22.0,33.6,4.34,5.54,3.71,13.47
BOS,2023-01-20,17,35,33,35,32,62.86,22.86,68.75,13.37,34.49,20.42,31.97,4.31,5.72,7.19,14.44
BOS,2023-01-20,18,39,24,41,29,68.29,31.71,68.97,12.71,36.1,22.23,33.51,4.38,7.56,5.93,13.0
BOS,2023-01-20,19,28,27,30,27,66.67,33.33,77.78,18.03,35.27,21.09,36.83,2.59,6.17,3.52,19.26
BOS,2023-01-20,20,18,31,18,31,72.22,27.78,74.19,16.67,36.72,22.41,36.39,3.42,6.75,7.35,12.45
BOS,2023-01-20,21,16,23,16,23,81.25,25.0,60.87,16.69,37.69,23.58,36.75,0.87,9.03,5.87,12.52
BOS,2023-01-20,22,8,23,14,25,57.14,21.43,64.0,12.57,31.64,18.42,29.36,2.16,2.76,5.6,25.04
BOS,2023-01-20,23,1,29,2,29,50.0,0.0,75.86,11.5,31.5,17.8,29.5,1.72,3.69,3.17,11.69
BOS,2023-01-21,0,0,5,0,8,0.0,0.0,75.0,0.0,0.0,0.0,0.0,9.63,6.59,9.13,46.63
BOS,2023-01-21,1,0,0,0,0,0.0,0.0,0.0,0.0,0.0,0.0,0.0,0.0,0.0,0.0,0.0
BOS,2023-01-21,2,0,0,0,0,0.0,0.0,0.0,0.0,0.0,0.0,0.0,0.0,0.0,0.0,0.0
BOS,2023-01-21,3,0,0,0,1,0.0,0.0,0.0,0.0,0.0,0.0,0.0,0.0,2.7,0.0,39.0
BOS,2023-01-21,4,0,0,0,0,0.0,0.0,0.0,0.0,0.0,0.0,0.0,0.0,0.0,0.0,0.0
BOS,2023-01-21,5,14,2,14,5,85.71,42.86,60.0,3.14,35.86,21.81,20.36,0.4,4.1,4.8,13.0
BOS,2023-01-21,6,23,9,23,12,91.3,39.13,66.67,4.22,35.09,21.02,21.04,1.92,6.13,4.42,19.67
BOS,2023-01-21,7,37,17,38,15,89.47,52.63,80.0,4.97,30.5,16.01,18.37,1.0,4.62,2.73,11.47
BOS,2023-01-21,8,35,18,34,16,79.41,41.18,68.75,38.26,29.82,15.42,51.03,1.13,3.16,4.63,27.31
BOS,2023-01-21,9,31,17,35,19,77.14,65.71,78.95,13.51,20.0,6.96,18.66,2.21,2.93,4.26,7.26
BOS,2023-01-21,10,28,20,25,22,68.0,48.0,81.82,19.8,26.04,12.14,30.36,3.14,1.86,2.18,5.18
BOS,2023-01-21,11,18,23,22,23,68.18,59.09,78.26,20.55,19.64,6.39,25.05,2.87,1.87,2.3,7.17
BOS,2023-01-21,12,22,20,20,24,100.0,90.0,100.0,1.3,19.05,5.6,4.9,2.75,1.37,2.08,1.38
BOS,2023-01-21,13,17,19,19,18,94.74,94.74,88.89,2.58,16.74,3.83,4.79,2.61,2.06,0.78,11.39
BOS,2023-01-21,14,15,26,14,28,92.86,85.71,89.29,1.64,17.29,3.56,3.21,1.64,1.8,1.71,6.07
BOS,2023-01-21,15,19,21,16,25,93.75,93.75,76.0,5.56,19.31,5.27,8.38,2.48,2.1,5.48,20.36
BOS,2023-01-21,16,23,38,27,38,81.48,77.78,89.47,14.85,19.0,5.84,18.63,2.32,2.66,2.18,7.45
BOS,2023-01-21,17,28,21,26,22,80.77,80.77,77.27,14.96,19.81,5.78,18.23,2.77,3.0,2.5,14.45
BOS,2023-01-21,18,24,21,26,25,88.46,84.62,84.0,3.08,17.04,3.73,5.35,2.4,2.56,5.16,23.4
BOS,2023-01-21,19,17,22,19,23,89.47,78.95,91.3,4.11,19.68,6.04,7.21,2.83,3.14,2.0,10.22
BOS,2023-01-21,20,11,23,12,23,83.33,75.0,78.26,12.92,22.67,8.28,16.83,1.52,4.1,2.26,15.87
BOS,2023-01-21,21,10,18,10,17,70.0,70.0,64.71,8.6,22.3,8.33,15.0,2.82,6.27,4.41,37.29
BOS,2023-01-21,22,9,19,8,19,87.5,75.0,84.21,16.25,18.13,4.51,19.38,1.42,3.11,1.11,8.42
BOS,2023-01-21,23,1,19,2,19,100.0,50.0,73.68,6.5,16.0,3.5,10.0,0.95,0.85,1.16,15.16
BOS,2023-01-22,0,1,8,1,6,0.0,0.0,50.0,26.0,19.0,5.6,32.0,0.5,0.32,4.5,21.67
BOS,2023-01-22,1,0,0,0,0,0.0,0.0,0.0,0.0,0.0,0.0,0.0,0.0,0.0,0.0,0.0
BOS,2023-01-22,2,0,0,0,1,0.0,0.0,100.0,0.0,0.0,0.0,0.0,8.0,1.8,0.0,0.0
BOS,2023-01-22,3,0,0,1,0,100.0,100.0,0.0,0.0,13.0,0.0,0.0,0.0,0.0,0.0,0.0
BOS,2023-01-22,4,0,0,0,0,0.0,0.0,0.0,0.0,0.0,0.0,0.0,0.0,0.0,0.0,0.0
BOS,2023-01-22,5,14,5,14,3,92.86,92.86,100.0,5.43,16.93,3.41,7.29,1.0,7.87,0.33,0.0
BOS,2023-01-22,6,25,9,25,8,92.0,92.0,100.0,3.0,17.2,3.52,3.4,1.25,7.89,0.75,0.25
BOS,2023-01-22,7,38,15,40,14,92.5,90.0,78.57,2.5,18.3,4.12,4.2,2.21,2.95,2.5,9.71
BOS,2023-01-22,8,34,21,35,17,91.43,91.43,88.24,4.97,15.97,2.17,6.23,0.53,3.57,2.24,21.71
BOS,2023-01-22,9,29,23,30,26,90.0,86.67,80.77,9.07,17.0,3.86,10.53,4.35,1.6,3.0,8.38
BOS,2023-01-22,10,27,24,28,28,89.29,82.14,96.43,5.89,17.21,4.55,8.75,5.36,1.13,2.57,0.57
BOS,2023-01-22,11,28,21,28,21,85.71,78.57,80.95,4.68,17.68,4.12,7.54,2.38,1.73,6.43,12.81
BOS,2023-01-22,12,20,22,21,26,85.71,76.19,84.62,7.76,20.05,6.8,10.95,2.5,1.38,5.12,7.19
BOS,2023-01-22,13,21,26,25,29,76.0,72.0,86.21,27.84,16.0,2.86,29.64,4.55,2.13,2.41,9.66
BOS,2023-01-22,14,23,33,25,37,96.0,92.0,64.86,2.64,17.28,4.08,5.08,11.7,3.3,11.92,24.38
BOS,2023-01-22,15,25,26,27,27,66.67,62.96,70.37,13.15,21.81,8.11,20.19,1.93,1.62,6.96,12.89
BOS,2023-01-22,16,31,37,32,37,71.88,46.88,72.97,28.72,28.28,15.86,42.5,3.22,3.96,5.24,18.38
BOS,2023-01-22,17,32,30,30,31,63.33,30.0,64.52,21.23,45.83,31.87,51.57,6.39,8.48,6.42,17.77
BOS,2023-01-22,18,39,27,36,33,61.11,25.0,63.64,27.03,45.17,31.45,56.5,3.55,12.87,10.15,15.94
BOS,2023-01-22,19,28,28,31,27,45.16,35.48,37.04,52.94,32.87,18.74,70.42,5.3,30.82,32.67,44.78
BOS,2023-01-22,20,21,29,22,33,27.27,18.18,57.58,137.77,26.09,12.22,149.45,3.61,31.08,27.42,49.76
BOS,2023-01-22,21,15,22,18,22,44.44,27.78,31.82,38.28,28.72,15.61,53.17,5.41,16.58,15.77,58.5
BOS,2023-01-22,22,8,22,10,22,40.0,40.0,54.55,49.2,16.5,2.56,50.5,1.82,15.97,15.14,44.55
BOS,2023-01-22,23,1,30,1,30,100.0,100.0,50.0,9.0,16.0,2.0,11.0,1.73,13.83,12.2,44.27
BOS,2023-01-23,0,0,7,1,8,100.0,100.0,62.5,0.0,13.0,0.0,0.0,1.63,10.46,5.38,22.25
BOS,2023-01-23,1,0,0,0,1,0.0,0.0,0.0,0.0,0.0,0.0,0.0,0.0,4.7,0.0,40.0
BOS,2023-01-23,2,0,0,0,0,0.0,0.0,0.0,0.0,0.0,0.0,0.0,0.0,0.0,0.0,0.0
BOS,2023-01-23,4,0,0,0,1,0.0,0.0,0.0,0.0,0.0,0.0,0.0,0.0,4.8,11.0,73.0
BOS,2023-01-23,5,15,4,16,4,87.5,87.5,100.0,7.88,18.38,4.88,10.13,3.75,4.2,3.5,2.25
BOS,2023-01-23,6,29,9,29,11,93.1,93.1,27.27,6.69,16.9,3.43,8.17,4.09,5.05,10.55,32.55
BOS,2023-01-23,7,43,23,42,20,80.95,80.95,75.0,7.05,20.57,6.48,10.17,5.6,4.27,4.0,25.8
BOS,2023-01-23,8,37,23,36,19,77.78,75.0,73.68,32.08,19.78,6.11,36.94,2.74,4.47,6.58,31.16
BOS,2023-01-23,9,28,21,27,21,85.19,77.78,80.95,9.7,17.7,4.35,12.48,3.14,3.67,2.86,5.52
BOS,2023-01-23,10,28,26,29,27,62.07,62.07,77.78,19.69,15.69,3.35,22.28,2.85,3.07,4.41,19.44
BOS,2023-01-23,11,25,25,26,20,84.62,80.77,80.0,10.77,20.88,8.03,18.08,2.95,3.32,7.25,9.75
BOS,2023-01-23,12,25,26,22,21,72.73,36.36,85.71,22.09,26.91,13.47,34.32,2.57,3.4,5.48,4.0
BOS,2023-01-23,13,24,24,16,23,100.0,50.0,60.87,2.44,27.63,14.5,15.38,3.65,4.72,6.57,22.04
BOS,2023-01-23,14,24,31,16,27,68.75,25.0,74.07,59.13,46.0,32.06,88.69,3.81,5.19,4.59,15.59
BOS,2023-01-23,15,23,28,16,23,75.0,0.0,78.26,11.94,62.5,48.52,57.81,2.09,7.6,6.7,16.57
BOS,2023-01-23,16,29,35,20,33,45.0,5.0,27.27,29.4,55.65,41.7,70.85,20.24,9.19,27.79,58.09
BOS,2023-01-23,17,33,32,26,21,34.62,0.0,14.29,35.42,54.96,40.79,75.85,8.81,10.15,24.43,88.24
BOS,2023-01-23,18,39,24,32,19,31.25,0.0,21.05,58.28,59.34,45.15,102.88,5.47,3.88,7.21,60.68
BOS,2023-01-23,19,28,28,23,27,30.43,4.35,11.11,56.26,55.65,41.27,97.17,5.07,6.81,13.41,91.78
BOS,2023-01-23,20,18,31,19,29,26.32,5.26,17.24,70.26,45.58,31.33,100.58,6.14,6.4,13.69,61.17
BOS,2023-01-23,21,15,23,16,19,43.75,0.0,21.05,41.06,52.06,38.15,77.94,6.79,8.23,15.16,72.58
BOS,2023-01-23,22,10,23,15,20,33.33,0.0,0.0,70.27,44.53,30.7,100.13,11.7,6.23,22.1,68.65
BOS,2023-01-23,23,1,28,1,29,100.0,0.0,6.9,11.0,22.0,8.0,19.0,14.69,3.97,17.24,47.21
BOS,2023-01-24,0,0,7,0,6,0.0,0.0,16.67,0.0,0.0,0.0,0.0,9.5,3.7,15.83,28.5
BOS,2023-01-24,1,0,0,0,0,0.0,0.0,0.0,0.0,0.0,0.0,0.0,0.0,0.0,0.0,0.0
BOS,2023-01-24,3,0,0,0,1,0.0,0.0,100.0,0.0,0.0,0.0,0.0,0.0,2.7,0.0,0.0
BOS,2023-01-24,4,0,0,0,2,0.0,0.0,100.0,0.0,0.0,0.0,0.0,0.0,1.3,0.0,1.0
BOS,2023-01-24,5,15,2,17,8,70.59,52.94,50.0,7.76,26.0,11.92,18.35,3.88,13.22,18.63,25.63
BOS,2023-01-24,6,27,8,26,12,84.62,38.46,33.33,18.92,39.88,25.5,40.5,2.67,16.11,14.42,44.75
BOS,2023-01-24,7,42,23,44,20,65.91,36.36,80.0,23.41,29.61,15.13,35.82,2.65,8.12,2.35,22.75
BOS,2023-01-24,8,37,22,38,23,60.53,50.0,73.91,50.55,25.58,11.53,60.26,3.61,7.21,7.3,16.04
BOS,2023-01-24,9,29,24,32,25,81.25,71.88,88.0,6.03,22.91,9.49,12.38,3.04,5.2,7.44,5.24
BOS,2023-01-24,10,26,24,29,29,82.76,79.31,89.66,6.9,17.76,4.19,9.38,3.48,3.06,3.41,6.07
BOS,2023-01-24,11,21,22,22,24,95.45,72.73,70.83,4.0,21.68,7.87,9.18,3.71,1.72,5.13,13.42
BOS,2023-01-24,12,24,24,29,25,79.31,72.41,96.0,6.9,19.48,6.21,10.97,3.44,1.18,1.28,2.68
BOS,2023-01-24,13,22,26,25,28,88.0,84.0,96.43,5.24,15.88,2.89,7.24,4.0,2.0,0.61,1.79
BOS,2023-01-24,14,23,30,23,30,86.96,86.96,86.67,3.65,14.35,1.97,3.87,3.8,2.04,2.93,3.73
BOS,2023-01-24,15,25,27,27,32,96.3,92.59,75.0,1.67,16.7,3.22,3.56,3.03,1.41,3.88,10.94
BOS,2023-01-24,16,29,32,33,33,72.73,66.67,84.85,10.88,18.3,5.0,14.55,2.91,1.92,2.39,12.55
BOS,2023-01-24,17,31,31,33,31,84.85,81.82,87.1,16.58,20.61,6.86,19.61,3.87,4.33,1.94,4.29
BOS,2023-01-24,18,37,25,38,32,92.11,73.68,78.13,4.47,20.29,6.91,9.82,4.97,4.21,4.66,12.53
BOS,2023-01-24,19,26,25,26,28,92.31,84.62,78.57,2.81,17.46,3.84,4.5,4.68,3.64,5.39,21.04
BOS,2023-01-24,20,16,31,18,34,94.44,88.89,91.18,1.06,18.0,4.54,3.17,3.32,3.04,2.68,6.68
BOS,2023-01-24,21,14,19,15,19,100.0,80.0,94.74,0.73,22.4,8.98,7.4,2.16,1.64,0.47,4.47
BOS,2023-01-24,22,8,22,13,23,76.92,69.23,82.61,12.31,17.92,4.41,13.54,2.09,3.86,2.87,13.3
BOS,2023-01-24,23,1,26,2,26,50.0,50.0,88.46,15.5,20.5,6.8,18.5,1.85,1.19,1.58,9.77
BOS,2023-01-25,0,0,7,0,7,0.0,0.0,85.71,0.0,0.0,0.0,0.0,1.29,1.13,1.0,6.14
BOS,2023-01-25,1,0,0,0,0,0.0,0.0,0.0,0.0,0.0,0.0,0.0,0.0,0.0,0.0,0.0
BOS,2023-01-25,2,0,0,0,0,0.0,0.0,0.0,0.0,0.0,0.0,0.0,0.0,0.0,0.0,0.0
BOS,2023-01-25,3,0,0,0,0,0.0,0.0,0.0,0.0,0.0,0.0,0.0,0.0,0.0,0.0,0.0
BOS,2023-01-25,4,0,0,0,2,0.0,0.0,100.0,0.0,0.0,0.0,0.0,1.5,0.4,5.0,6.0
BOS,2023-01-25,5,15,3,15,6,93.33,66.67,50.0,2.27,25.6,11.66,10.53,0.0,5.83,9.0,20.17
BOS,2023-01-25,6,27,9,28,11,85.71,64.29,72.73,3.57,29.0,14.8,13.5,1.09,8.64,8.45,20.09
BOS,2023-01-25,7,41,24,43,23,86.05,67.44,73.91,10.3,24.84,10.43,17.0,1.78,2.95,1.87,27.65
BOS,2023-01-25,8,35,22,37,20,86.49,81.08,80.0,6.3,20.46,6.8,11.24,2.5,1.95,1.35,4.9
BOS,2023-01-25,9,28,23,32,23,87.5,84.38,82.61,6.25,16.47,3.5,7.88,2.74,2.84,2.3,6.87
BOS,2023-01-25,10,25,23,30,25,90.0,90.0,88.0,6.5,17.83,3.81,8.67,2.64,2.08,2.4,2.76
BOS,2023-01-25,11,22,22,24,28,79.17,79.17,71.43,7.21,15.88,2.61,7.92,3.07,1.14,5.96,13.61
BOS,2023-01-25,12,25,24,29,25,79.31,79.31,68.0,13.55,14.07,2.1,14.03,2.0,2.72,4.96,8.4
BOS,2023-01-25,13,21,26,21,28,80.95,71.43,89.29,6.48,16.95,4.93,9.48,2.5,4.25,2.39,4.57
BOS,2023-01-25,14,23,30,27,37,81.48,70.37,81.08,6.11,19.48,7.22,11.52,1.97,3.69,3.43,11.92
BOS,2023-01-25,15,24,27,30,30,86.67,83.33,73.33,5.97,16.43,2.83,8.43,1.43,2.88,7.83,12.3
BOS,2023-01-25,16,28,34,28,33,78.57,71.43,66.67,11.36,22.0,8.04,18.07,3.76,3.57,3.24,20.33
BOS,2023-01-25,17,32,32,33,34,57.58,39.39,50.0,26.48,31.21,17.46,42.97,7.24,5.11,12.65,34.12
BOS,2023-01-25,18,37,25,35,32,65.71,34.29,68.75,46.97,31.03,17.21,62.8,5.66,6.04,7.41,25.38
BOS,2023-01-25,19,27,27,27,31,59.26,29.63,77.42,21.07,33.52,19.32,37.44,4.0,5.74,5.52,15.1
BOS,2023-01-25,20,17,30,18,31,50.0,38.89,64.52,42.28,19.67,6.07,46.89,9.9,5.18,11.61,21.45
BOS,2023-01-25,21,14,19,18,18,55.56,33.33,61.11,35.89,21.22,8.24,43.83,2.72,6.36,1.17,18.61
BOS,2023-01-25,22,9,23,14,22,78.57,64.29,63.64,11.07,18.57,4.95,14.64,5.5,3.03,7.55,25.18
BOS,2023-01-25,23,1,26,2,27,50.0,50.0,55.56,22.5,18.0,4.0,26.5,3.33,1.43,3.37,85.78
BOS,2023-01-26,0,0,8,0,7,0.0,0.0,71.43,0.0,0.0,0.0,0.0,0.57,4.11,0.0,7.57
BOS,2023-01-26,1,0,0,1,2,0.0,0.0,50.0,25.0,18.0,4.6,30.0,2.0,1.3,10.0,20.0
BOS,2023-01-26,2,0,0,0,0,0.0,0.0,0.0,0.0,0.0,0.0,0.0,0.0,0.0,0.0,0.0
BOS,2023-01-26,4,0,0,0,2,0.0,0.0,100.0,0.0,0.0,0.0,0.0,0.0,3.8,0.5,0.0
BOS,2023-01-26,5,15,5,16,6,81.25,75.0,66.67,41.0,17.44,3.84,43.94,0.5,7.03,6.83,9.17
BOS,2023-01-26,6,28,8,26,14,92.31,88.46,64.29,3.04,18.85,4.82,5.0,3.5,5.94,7.21,26.36
BOS,2023-01-26,7,43,23,47,17,85.11,78.72,94.12,4.11,20.81,6.53,7.96,6.41,5.49,3.24,2.06
BOS,2023-01-26,8,37,24,38,21,92.11,78.95,85.71,4.32,22.89,8.81,9.55,3.67,6.71,2.57,4.24
BOS,2023-01-26,9,30,22,31,22,93.55,93.55,81.82,3.61,17.13,4.03,5.19,3.55,2.04,5.23,6.0
BOS,2023-01-26,10,26,25,28,30,89.29,89.29,80.0,5.82,15.18,2.73,7.57,4.43,2.22,3.97,11.63
BOS,2023-01-26,11,24,23,29,24,72.41,72.41,79.17,14.86,20.45,6.72,19.97,4.63,2.47,4.04,8.08
BOS,2023-01-26,12,26,24,27,24,88.89,70.37,75.0,5.7,22.41,9.09,12.37,5.17,1.32,5.08,19.08
BOS,2023-01-26,13,21,28,21,31,76.19,66.67,90.32,13.67,16.29,2.9,15.67,3.48,3.12,2.16,5.29
BOS,2023-01-26,14,28,31,30,35,86.67,80.0,80.0,6.07,19.13,6.25,9.83,3.31,2.52,4.57,10.31
BOS,2023-01-26,15,23,25,27,27,62.96,51.85,81.48,14.74,17.7,4.01,18.48,1.41,1.24,4.04,6.59
BOS,2023-01-26,16,29,37,31,39,83.87,64.52,79.49,9.65,24.26,10.07,18.03,5.26,2.58,4.26,15.33
BOS,2023-01-26,17,34,34,37,40,81.08,70.27,80.0,14.16,20.59,6.8,19.3,4.38,1.71,3.17,14.85
BOS,2023-01-26,18,41,24,43,28,79.07,62.79,75.0,16.35,22.74,8.71,23.58,2.82,6.02,2.71,15.14
BOS,2023-01-26,19,28,26,27,30,74.07,74.07,86.67,17.59,20.22,6.12,21.33,5.03,4.07,3.13,10.4
BOS,2023-01-26,20,19,30,21,31,76.19,71.43,77.42,14.1,21.52,7.62,17.24,3.45,1.97,4.65,12.0
BOS,2023-01-26,21,16,22,17,22,64.71,52.94,68.18,31.82,20.76,7.02,37.0,1.27,2.86,2.14,15.0
BOS,2023-01-26,22,7,23,11,24,90.91,90.91,83.33,2.27,19.55,5.52,3.82,4.17,4.05,3.0,9.75
BOS,2023-01-26,23,1,29,3,29,33.33,33.33,68.97,19.33,18.67,4.0,20.67,1.41,2.06,2.1,10.79
BOS,2023-01-27,0,0,8,0,8,0.0,0.0,87.5,0.0,0.0,0.0,0.0,0.0,2.11,1.5,4.25
BOS,2023-01-27,1,0,0,1,1,0.0,0.0,100.0,100.0,18.0,1.4,101.0,6.0,0.8,8.0,0.0
BOS,2023-01-27,2,0,0,0,0,0.0,0.0,0.0,0.0,0.0,0.0,0.0,0.0,0.0,0.0,0.0
BOS,2023-01-27,3,0,0,0,0,0.0,0.0,0.0,0.0,0.0,0.0,0.0,0.0,0.0,0.0,0.0
BOS,2023-01-27,4,0,0,0,2,0.0,0.0,50.0,0.0,0.0,0.0,0.0,0.0,0.4,0.0,27.0
BOS,2023-01-27,5,15,4,16,8,87.5,81.25,87.5,7.19,16.81,3.16,9.19,0.5,4.5,2.5,5.25
BOS,2023-01-27,6,29,9,32,10,87.5,81.25,80.0,3.69,19.53,5.52,6.38,0.2,2.69,3.9,15.3
BOS,2023-01-27,7,42,23,44,22,90.91,81.82,95.45,9.25,19.36,5.05,12.41,2.59,2.79,1.0,1.64
BOS,2023-01-27,8,36,24,37,23,94.59,89.19,95.65,1.65,19.86,6.18,4.59,2.52,2.64,2.78,2.96
BOS,2023-01-27,9,28,23,30,26,93.33,90.0,88.46,2.77,16.47,3.59,4.07,3.38,1.47,1.62,4.69
BOS,2023-01-27,10,27,26,28,28,89.29,89.29,85.71,4.54,15.71,3.16,6.0,2.68,1.57,1.86,23.64
BOS,2023-01-27,11,26,23,27,27,85.19,81.48,88.89,23.56,21.96,7.97,28.3,3.52,1.4,2.56,3.48
BOS,2023-01-27,12,25,26,28,27,92.86,89.29,96.3,2.71,16.0,3.41,4.04,2.37,1.16,0.41,2.11
BOS,2023-01-27,13,24,24,26,27,84.62,80.77,92.59,10.5,17.65,4.31,13.5,4.59,2.55,1.15,2.52
BOS,2023-01-27,14,25,32,28,36,92.86,92.86,86.11,5.46,18.43,4.58,8.07,3.33,2.34,1.78,11.53
BOS,2023-01-27,15,24,29,27,31,70.37,70.37,87.1,9.63,15.56,2.29,10.67,2.94,1.5,4.03,14.32
BOS,2023-01-27,16,29,37,32,39,87.5,84.38,92.31,5.72,17.66,4.02,8.09,4.1,3.21,1.67,8.69
BOS,2023-01-27,17,34,33,36,33,86.11,80.56,84.85,14.92,18.5,4.77,17.47,4.27,2.44,3.61,9.12
BOS,2023-01-27,18,41,23,42,26,95.24,76.19,76.92,4.31,25.0,11.25,13.02,2.23,7.09,3.08,11.81
BOS,2023-01-27,19,28,27,28,28,85.71,85.71,89.29,7.39,17.21,3.39,8.64,3.04,4.19,1.43,4.43
BOS,2023-01-27,20,18,31,19,32,84.21,84.21,75.0,4.0,19.0,5.16,6.47,5.28,4.17,4.16,9.22
BOS,2023-01-27,21,16,23,17,22,76.47,70.59,81.82,9.71,21.0,7.13,14.06,3.14,3.29,0.36,15.41
BOS,2023-01-27,22,7,23,10,24,100.0,100.0,79.17,0.1,17.4,3.81,1.0,2.04,2.0,2.29,10.63
BOS,2023-01-27,23,1,29,1,29,100.0,100.0,82.76,10.0,15.0,1.0,11.0,3.17,0.95,1.21,6.07
BOS,2023-01-28,0,0,5,1,9,100.0,100.0,77.78,0.0,13.0,0.0,0.0,2.22,3.09,3.44,15.33
BOS,2023-01-28,1,0,0,1,0,100.0,100.0,0.0,0.0,11.0,0.0,0.0,0.0,0.0,0.0,0.0
BOS,2023-01-28,2,0,0,0,1,0.0,0.0,100.0,0.0,0.0,0.0,0.0,0.0,12.7,0.0,0.0
BOS,2023-01-28,4,0,0,0,0,0.0,0.0,0.0,0.0,0.0,0.0,0.0,0.0,0.0,0.0,0.0
BOS,2023-01-28,5,14,2,14,4,100.0,100.0,100.0,0.0,17.57,4.16,1.71,0.0,2.53,0.0,0.0
BOS,2023-01-28,6,23,9,23,12,100.0,86.96,66.67,0.3,20.43,6.87,4.43,0.33,4.62,0.92,167.92
BOS,2023-01-28,7,37,16,35,15,97.14,91.43,93.33,1.86,18.34,4.31,4.26,1.2,2.68,1.13,24.2
BOS,2023-01-28,8,35,18,38,18,92.11,89.47,88.89,6.45,18.32,4.61,8.58,0.44,3.56,1.06,3.44
BOS,2023-01-28,9,31,17,32,19,93.75,93.75,89.47,2.0,16.19,3.25,2.97,4.32,2.25,1.37,6.0
BOS,2023-01-28,10,27,20,30,20,83.33,86.67,90.0,5.2,13.57,1.58,5.93,3.4,2.46,1.35,6.5
BOS,2023-01-28,11,17,23,19,23,84.21,84.21,86.96,11.05,14.53,1.18,11.47,2.17,2.33,0.74,5.17
BOS,2023-01-28,12,22,20,23,21,91.3,91.3,95.24,2.65,14.17,1.77,3.26,1.52,0.99,0.0,2.05
BOS,2023-01-28,13,18,18,18,21,88.89,88.89,80.95,2.11,14.28,1.39,2.56,3.43,3.8,1.1,8.86
BOS,2023-01-28,14,14,27,16,29,93.75,93.75,86.21,2.06,14.19,1.41,2.25,3.28,1.5,2.24,5.28
BOS,2023-01-28,15,19,21,22,26,90.91,90.91,92.31,4.77,14.23,1.29,5.59,4.23,1.41,2.08,4.04
BOS,2023-01-28,16,22,38,24,40,87.5,87.5,92.5,6.88,17.38,3.63,9.25,2.85,1.39,2.67,4.58
BOS,2023-01-28,17,28,21,27,20,96.3,88.89,90.0,2.33,18.56,4.94,5.33,2.8,5.98,1.5,5.8
BOS,2023-01-28,18,25,21,25,23,100.0,92.0,86.96,0.56,19.68,6.0,4.08,4.61,3.0,1.7,11.83
BOS,2023-01-28,19,17,22,18,24,100.0,100.0,91.67,0.39,14.61,1.92,1.22,3.25,6.23,3.67,2.58
BOS,2023-01-28,20,10,23,10,24,100.0,100.0,62.5,1.5,15.5,1.46,2.0,1.58,8.85,5.75,18.5
BOS,2023-01-28,21,10,18,11,19,81.82,81.82,63.16,8.82,17.73,4.57,10.64,1.21,15.74,10.84,28.0
BOS,2023-01-28,22,9,19,10,19,80.0,80.0,89.47,6.4,15.1,2.43,8.8,0.79,1.56,0.42,13.53
BOS,2023-01-28,23,1,18,3,18,66.67,33.33,72.22,34.67,15.67,3.0,36.0,0.56,0.71,0.72,8.78
BOS,2023-01-29,0,1,8,1,5,100.0,100.0,80.0,10.0,16.0,2.6,13.0,0.0,1.3,0.0,12.2
BOS,2023-01-29,1,0,0,0,0,0.0,0.0,0.0,0.0,0.0,0.0,0.0,0.0,0.0,0.0,0.0
BOS,2023-01-29,4,0,0,0,0,0.0,0.0,0.0,0.0,0.0,0.0,0.0,0.0,0.0,0.0,0.0
BOS,2023-01-29,5,14,5,14,3,92.86,85.71,100.0,2.93,18.5,4.84,6.36,0.0,1.87,2.0,3.67
BOS,2023-01-29,6,25,9,25,8,92.0,84.0,87.5,5.76,18.44,4.84,9.12,0.63,5.14,0.0,3.38
BOS,2023-01-29,7,38,15,39,15,97.44,82.05,93.33,1.69,20.38,6.17,5.21,4.53,1.96,4.0,3.13
BOS,2023-01-29,8,34,21,36,18,97.22,94.44,88.89,1.28,17.14,3.7,2.56,1.22,3.96,1.33,3.61
BOS,2023-01-29,9,29,23,34,24,91.18,91.18,95.83,4.94,14.59,2.31,5.82,3.21,1.72,2.33,4.92
BOS,2023-01-29,10,27,24,26,26,73.08,73.08,84.62,17.69,15.46,2.4,19.08,4.31,1.62,1.46,8.04
BOS,2023-01-29,11,27,22,28,22,85.71,82.14,90.91,20.25,16.0,3.05,22.36,3.32,1.68,3.23,5.77
BOS,2023-01-29,12,20,22,20,23,100.0,95.0,86.96,0.6,16.1,3.5,1.95,1.65,1.27,2.0,9.61
BOS,2023-01-29,13,22,25,22,27,81.82,77.27,92.59,21.23,14.73,2.25,22.64,5.59,1.7,1.78,3.19
BOS,2023-01-29,14,23,34,26,39,92.31,80.77,87.18,2.81,20.04,6.77,7.12,2.64,3.03,1.51,5.0
BOS,2023-01-29,15,25,26,29,28,96.55,96.55,75.0,1.97,16.59,3.04,4.03,1.86,2.36,4.93,12.43
BOS,2023-01-29,16,31,36,31,37,83.87,80.65,78.38,8.16,19.06,5.19,12.1,4.51,3.44,4.03,7.89
BOS,2023-01-29,17,32,31,36,35,88.89,75.0,74.29,9.86,19.5,5.96,14.67,8.11,3.79,4.09,23.14
BOS,2023-01-29,18,40,27,39,32,79.49,71.79,78.13,17.69,20.62,6.89,21.9,4.56,4.1,2.03,10.5
BOS,2023-01-29,19,28,28,28,29,85.71,82.14,82.76,5.86,17.54,3.7,7.36,6.93,2.89,4.97,13.24
BOS,2023-01-29,20,21,29,21,31,80.95,80.95,83.87,11.76,17.62,3.92,14.1,2.94,3.32,3.23,7.1
BOS,2023-01-29,21,15,22,16,23,81.25,81.25,60.87,13.0,16.44,3.12,14.69,2.26,2.47,2.48,27.52
BOS,2023-01-29,22,8,22,9,22,77.78,66.67,81.82,10.89,18.11,4.17,13.33,0.77,1.85,0.55,25.5
BOS,2023-01-29,23,1,30,1,32,100.0,100.0,78.13,0.0,23.0,9.0,7.0,2.22,2.74,2.44,17.63
BOS,2023-01-30,0,0,7,0,8,0.0,0.0,87.5,0.0,0.0,0.0,0.0,0.0,1.34,0.0,7.38
BOS,2023-01-30,1,0,0,0,0,0.0,0.0,0.0,0.0,0.0,0.0,0.0,0.0,0.0,0.0,0.0
BOS,2023-01-30,3,0,0,0,0,0.0,0.0,0.0,0.0,0.0,0.0,0.0,0.0,0.0,0.0,0.0
BOS,2023-01-30,4,0,0,0,1,0.0,0.0,100.0,0.0,0.0,0.0,0.0,0.0,0.8,0.0,0.0
BOS,2023-01-30,5,15,4,16,4,93.75,93.75,100.0,5.0,14.0,1.82,5.69,0.0,1.65,0.0,0.0
BOS,2023-01-30,6,29,8,29,9,96.55,96.55,77.78,2.31,22.41,8.22,5.86,0.78,4.13,0.0,8.22
BOS,2023-01-30,7,43,23,43,21,95.35,79.07,95.24,2.21,24.63,10.18,8.49,1.29,4.1,1.62,13.1
BOS,2023-01-30,8,37,24,41,24,92.68,85.37,87.5,7.88,19.0,5.34,10.95,1.96,4.38,1.67,19.0
BOS,2023-01-30,9,28,21,31,22,96.77,87.1,81.82,7.74,20.13,6.72,11.71,2.86,1.91,1.09,12.77
BOS,2023-01-30,10,28,26,27,28,74.07,70.37,92.86,15.93,17.96,4.2,18.44,1.96,2.41,1.04,5.25
BOS,2023-01-30,11,25,25,27,25,85.19,85.19,92.0,28.19,17.74,4.14,30.07,2.52,2.04,2.2,2.76
BOS,2023-01-30,12,25,26,26,29,88.46,88.46,82.76,8.12,16.31,3.22,9.23,1.03,2.15,2.14,8.21
BOS,2023-01-30,13,24,24,28,25,89.29,85.71,80.0,5.36,14.96,2.74,6.36,3.44,4.43,5.76,18.64
BOS,2023-01-30,14,24,31,26,33,84.62,84.62,75.76,17.08,13.88,1.57,16.92,1.48,3.75,2.52,13.15
BOS,2023-01-30,15,23,27,26,29,80.77,76.92,82.76,9.88,14.77,1.85,10.85,1.62,3.01,2.83,7.41
BOS,2023-01-30,16,29,35,30,38,86.67,86.67,89.47,6.27,13.9,1.69,6.97,2.0,4.55,1.55,11.21
BOS,2023-01-30,17,32,32,34,35,91.18,91.18,80.0,3.94,13.74,0.88,4.35,2.37,3.85,3.49,14.63
BOS,2023-01-30,18,39,24,38,27,76.32,73.68,77.78,19.74,18.0,4.93,23.13,1.63,5.23,5.37,15.59
BOS,2023-01-30,19,28,28,30,31,86.67,83.33,80.65,8.17,16.83,3.35,9.63,2.35,5.6,7.06,11.48
BOS,2023-01-30,20,18,31,20,30,80.0,75.0,80.0,17.1,20.3,6.21,21.3,3.3,5.16,1.6,8.27
BOS,2023-01-30,21,15,23,16,23,81.25,62.5,78.26,10.56,20.06,7.39,15.69,1.61,3.57,1.83,9.39
BOS,2023-01-30,22,9,23,15,23,80.0,66.67,91.3,7.8,17.53,4.25,10.07,1.91,1.89,1.48,8.35
BOS,2023-01-30,23,1,28,1,28,100.0,100.0,85.71,0.0,13.0,0.0,0.0,1.61,1.38,2.75,10.21
BOS,2023-01-31,0,0,7,0,6,0.0,0.0,100.0,0.0,0.0,0.0,0.0,1.17,2.45,0.0,0.0
BOS,2023-01-31,1,0,0,0,0,0.0,0.0,0.0,0.0,0.0,0.0,0.0,0.0,0.0,0.0,0.0
BOS,2023-01-31,2,0,0,0,0,0.0,0.0,0.0,0.0,0.0,0.0,0.0,0.0,0.0,0.0,0.0
BOS,2023-01-31,4,0,0,0,2,0.0,0.0,50.0,0.0,0.0,0.0,0.0,0.0,1.3,0.0,68.5
BOS,2023-01-31,5,15,3,13,6,100.0,46.15,100.0,1.08,35.46,21.37,19.08,1.33,5.08,1.83,1.17
BOS,2023-01-31,6,27,8,27,10,96.3,11.11,70.0,9.96,50.59,36.24,40.93,3.1,8.37,9.5,40.8
BOS,2023-01-31,7,42,23,45,21,75.56,11.11,85.71,23.36,54.11,39.68,59.67,1.9,6.14,2.71,15.52
BOS,2023-01-31,8,36,22,37,25,72.97,16.22,80.0,20.19,47.32,33.39,50.62,3.0,6.34,5.76,9.48
BOS,2023-01-31,9,29,24,29,26,82.76,48.28,80.77,7.21,34.34,20.7,24.48,3.12,4.7,2.15,6.96
BOS,2023-01-31,10,27,24,31,25,83.87,77.42,76.0,9.42,19.84,6.55,13.23,1.76,1.97,4.04,10.96
BOS,2023-01-31,11,21,22,24,24,79.17,75.0,66.67,6.83,16.25,2.94,8.29,2.25,1.78,3.63,23.17
BOS,2023-01-31,12,24,24,26,26,84.62,80.77,61.54,7.85,16.96,4.09,9.81,1.85,1.28,1.69,18.12
BOS,2023-01-31,13,22,26,23,27,69.57,60.87,74.07,18.17,18.96,5.74,22.61,3.22,1.11,7.44,12.74
BOS,2023-01-31,14,24,30,23,33,91.3,91.3,72.73,8.0,17.65,4.62,10.96,2.82,3.12,4.42,23.36
BOS,2023-01-31,15,25,28,24,30,75.0,70.83,73.33,8.63,19.96,5.65,12.79,2.67,2.66,4.3,14.5
BOS,2023-01-31,16,29,32,29,36,79.31,75.86,75.0,15.21,17.1,3.86,17.21,2.56,2.6,1.44,11.14
BOS,2023-01-31,17,31,31,31,34,80.65,77.42,67.65,10.23,17.77,4.22,12.1,2.56,4.66,1.5,20.91
BOS,2023-01-31,18,37,25,39,27,76.92,74.36,55.56,12.21,17.74,4.45,14.74,1.81,5.01,3.93,26.93
BOS,2023-01-31,19,26,25,26,27,80.77,73.08,70.37,10.73,17.96,4.57,13.23,1.96,6.53,10.0,22.33
BOS,2023-01-31,20,17,31,17,29,70.59,58.82,82.76,18.35,16.76,3.35,19.88,2.24,7.08,2.14,16.31
BOS,2023-01-31,21,14,19,14,19,92.86,85.71,78.95,4.64,15.21,2.38,5.64,0.68,6.38,2.42,33.47
BOS,2023-01-31,22,8,22,14,21,78.57,78.57,80.95,10.07,16.79,4.31,12.29,0.95,3.26,2.62,19.14
BOS,2023-01-31,23,1,26,2,25,50.0,100.0,80.0,7.5,14.0,0.8,7.0,1.48,2.47,0.72,15.0
BOS,2023-02-01,0,0,7,0,7,0.0,0.0,85.71,0.0,0.0,0.0,0.0,2.0,4.97,0.0,4.57
BOS,2023-02-01,3,0,0,0,0,0.0,0.0,0.0,0.0,0.0,0.0,0.0,0.0,0.0,0.0,0.0
BOS,2023-02-01,4,0,0,0,2,0.0,0.0,100.0,0.0,0.0,0.0,0.0,0.0,0.0,0.0,0.0
BOS,2023-02-01,5,15,3,13,4,92.31,84.62,100.0,10.54,18.77,4.77,12.69,0.0,1.1,0.0,2.75
BOS,2023-02-01,6,27,9,25,10,84.0,80.0,90.0,36.84,19.28,5.3,40.12,1.4,7.9,6.4,24.7
BOS,2023-02-01,7,41,24,42,19,90.48,78.57,57.89,9.19,20.81,6.33,13.98,1.0,3.31,12.68,15.47
BOS,2023-02-01,8,35,22,35,24,82.86,77.14,75.0,8.57,18.23,4.41,11.03,3.75,2.53,9.96,12.13
BOS,2023-02-01,9,28,23,32,26,71.88,71.88,80.77,17.63,15.59,2.95,19.81,3.69,2.36,4.15,9.65
BOS,2023-02-01,10,25,23,24,25,75.0,62.5,68.0,18.29,19.04,5.26,21.54,2.72,2.04,5.56,27.48
BOS,2023-02-01,11,22,21,28,25,82.14,78.57,76.0,6.0,17.54,3.97,8.86,2.36,1.31,4.68,12.8
BOS,2023-02-01,12,26,26,27,31,74.07,66.67,83.87,11.11,18.81,5.55,14.89,1.42,2.82,3.0,27.58
BOS,2023-02-01,13,22,25,28,25,78.57,78.57,80.0,18.86,15.14,2.56,20.89,2.68,4.8,3.48,14.32
BOS,2023-02-01,14,22,30,23,32,73.91,78.26,81.25,12.17,16.17,3.94,14.78,1.81,4.15,3.41,9.81
BOS,2023-02-01,15,24,27,25,31,72.0,68.0,80.65,15.68,15.08,1.79,17.04,2.52,4.41,3.81,12.13
BOS,2023-02-01,16,28,33,31,36,83.87,80.65,86.11,11.71,16.97,4.23,14.65,1.36,4.38,1.11,16.39
BOS,2023-02-01,17,32,32,33,33,78.79,75.76,78.79,14.06,16.3,3.53,16.39,2.48,6.48,2.76,13.27
BOS,2023-02-01,18,37,25,39,29,79.49,74.36,68.97,10.85,17.9,4.57,14.49,2.55,7.85,7.62,15.9
BOS,2023-02-01,19,26,28,26,29,92.31,88.46,89.66,4.23,18.38,4.67,7.0,5.72,5.22,5.21,7.55
BOS,2023-02-01,20,17,30,18,29,88.89,77.78,96.55,4.94,22.61,8.65,10.5,4.34,3.37,0.69,2.41
BOS,2023-02-01,21,14,19,14,21,85.71,85.71,85.71,5.29,17.21,3.68,7.64,1.43,1.54,0.86,8.67
BOS,2023-02-01,22,9,23,15,25,86.67,73.33,84.0,5.13,18.47,4.67,8.2,0.68,2.27,0.92,12.64
BOS,2023-02-01,23,1,26,3,25,33.33,0.0,96.0,19.0,22.67,8.0,27.0,1.88,1.53,0.76,9.6
BOS,2023-02-02,0,0,8,0,6,0.0,0.0,66.67,0.0,0.0,0.0,0.0,0.0,3.18,0.0,31.17
BOS,2023-02-02,1,0,0,0,0,0.0,0.0,0.0,0.0,0.0,0.0,0.0,0.0,0.0,0.0,0.0
BOS,2023-02-02,2,0,0,0,0,0.0,0.0,0.0,0.0,0.0,0.0,0.0,0.0,0.0,0.0,0.0
BOS,2023-02-02,3,0,0,0,0,0.0,0.0,0.0,0.0,0.0,0.0,0.0,0.0,0.0,0.0,0.0
BOS,2023-02-02,4,0,0,0,2,0.0,0.0,100.0,0.0,0.0,0.0,0.0,0.0,0.4,0.0,0.0
BOS,2023-02-02,5,15,6,17,7,82.35,76.47,57.14,30.88,14.82,2.39,32.0,5.57,3.14,13.29,37.86
BOS,2023-02-02,6,28,9,28,11,92.86,85.71,81.82,7.82,20.18,6.23,10.93,0.18,10.68,0.64,13.36
BOS,2023-02-02,7,43,22,43,23,95.35,86.05,78.26,0.98,21.26,6.94,4.7,4.74,5.76,3.78,14.35
BOS,2023-02-02,8,37,23,43,26,83.72,81.4,84.62,6.53,17.91,4.2,8.81,2.31,3.57,1.12,6.38
BOS,2023-02-02,9,30,22,31,24,83.87,80.65,70.83,5.97,16.29,3.34,7.65,4.96,2.18,4.63,12.83
BOS,2023-02-02,10,26,25,26,28,88.46,84.62,82.14,6.54,14.65,1.74,7.65,4.11,2.55,2.04,6.25
BOS,2023-02-02,11,23,21,29,22,72.41,72.41,86.36,12.31,13.76,0.86,12.24,2.86,2.17,0.91,10.18
BOS,2023-02-02,12,26,26,28,25,92.86,92.86,88.0,2.5,16.29,3.31,4.36,2.36,1.11,0.72,3.16
BOS,2023-02-02,13,21,28,23,27,91.3,91.3,77.78,5.96,14.0,1.35,6.35,3.74,2.11,1.15,9.93
BOS,2023-02-02,14,28,31,33,32,72.73,66.67,84.38,7.88,16.58,3.82,10.36,2.5,3.52,3.53,5.47
BOS,2023-02-02,15,23,27,22,29,90.91,90.91,82.76,15.45,15.59,1.93,16.59,1.24,3.29,2.21,8.62
BOS,2023-02-02,16,30,36,31,42,87.1,83.87,83.33,13.32,17.84,4.0,16.29,2.29,4.2,3.9,12.43
BOS,2023-02-02,17,35,34,39,35,87.18,76.92,80.0,9.67,18.79,5.17,13.67,4.11,4.05,1.49,17.66
BOS,2023-02-02,18,42,24,44,27,84.09,75.0,85.19,13.25,21.98,8.3,19.55,4.74,3.47,2.04,8.74
BOS,2023-02-02,19,28,26,29,31,82.76,82.76,80.65,14.79,18.93,4.93,17.45,4.65,3.44,3.32,12.94
BOS,2023-02-02,20,19,30,21,30,85.71,85.71,93.33,10.24,16.52,2.84,10.9,2.37,4.65,1.57,3.07
BOS,2023-02-02,21,16,22,15,23,93.33,93.33,86.96,1.2,15.87,2.7,2.2,1.52,4.37,2.65,10.87
BOS,2023-02-02,22,7,23,13,22,92.31,76.92,90.91,3.62,16.38,3.04,5.54,1.59,2.25,1.18,2.59
BOS,2023-02-02,23,1,29,2,29,100.0,100.0,96.55,0.5,13.0,0.8,1.5,2.86,1.72,0.55,1.31
BOS,2023-02-03,0,0,8,0,8,0.0,0.0,75.0,0.0,0.0,0.0,0.0,0.88,3.54,0.0,12.25
BOS,2023-02-03,1,0,0,0,1,0.0,0.0,0.0,0.0,0.0,0.0,0.0,12.0,1.8,21.0,76.0
BOS,2023-02-03,2,0,0,0,0,0.0,0.0,0.0,0.0,0.0,0.0,0.0,0.0,0.0,0.0,0.0
BOS,2023-02-03,3,0,0,1,0,100.0,100.0,0.0,0.0,22.0,8.6,9.0,0.0,0.0,0.0,0.0
BOS,2023-02-03,4,0,0,0,3,0.0,0.0,66.67,0.0,0.0,0.0,0.0,2.0,2.13,6.67,12.33
BOS,2023-02-03,5,14,5,14,8,92.86,71.43,62.5,2.71,30.79,16.74,16.71,1.5,1.38,4.75,27.5
BOS,2023-02-03,6,28,11,28,10,96.43,67.86,90.0,3.11,28.0,13.76,12.86,2.6,8.3,2.0,5.8
BOS,2023-02-03,7,45,21,46,19,84.78,52.17,73.68,9.02,27.24,12.94,19.8,5.58,3.24,13.74,25.68
BOS,2023-02-03,8,37,25,37,26,78.38,51.35,88.46,12.81,24.68,10.81,21.41,4.73,6.97,3.73,4.27
BOS,2023-02-03,9,28,22,29,22,82.76,79.31,77.27,12.66,19.59,6.32,16.9,3.77,2.89,1.73,20.23
BOS,2023-02-03,10,25,26,25,26,80.0,64.0,96.15,15.32,18.92,5.34,19.28,3.46,2.44,0.08,2.19
BOS,2023-02-03,11,28,22,29,23,89.66,86.21,86.96,3.24,18.86,5.22,5.59,2.26,1.22,2.13,8.39
BOS,2023-02-03,12,22,26,21,24,85.71,71.43,66.67,11.57,20.48,6.78,17.1,3.04,1.18,2.25,17.54
BOS,2023-02-03,13,22,24,21,28,61.9,52.38,75.0,30.81,19.67,5.99,36.19,3.07,2.43,2.25,15.93
BOS,2023-02-03,14,28,31,28,34,71.43,71.43,76.47,14.36,18.68,4.87,17.32,3.85,2.9,3.32,15.82
BOS,2023-02-03,15,23,32,24,34,75.0,54.17,76.47,13.04,23.75,9.64,20.96,2.18,2.69,2.85,20.56
BOS,2023-02-03,16,33,37,35,34,62.86,54.29,82.35,22.23,24.94,10.83,31.51,2.53,2.66,1.56,8.26
BOS,2023-02-03,17,32,33,27,29,74.07,59.26,75.86,32.63,21.85,7.81,38.59,5.1,4.37,5.76,16.93
BOS,2023-02-03,18,42,23,42,25,59.52,45.24,64.0,40.69,24.64,10.69,50.07,3.64,7.82,4.6,20.92
BOS,2023-02-03,19,29,27,28,27,53.57,39.29,74.07,38.64,22.04,7.99,45.61,1.52,14.45,9.22,27.04
BOS,2023-02-03,20,18,33,15,31,46.67,33.33,58.06,32.87,18.4,4.25,36.8,5.9,10.79,9.55,32.58
BOS,2023-02-03,21,16,22,13,21,38.46,30.77,57.14,52.15,20.77,6.99,57.38,2.57,11.48,8.76,27.67
BOS,2023-02-03,22,7,23,12,21,50.0,50.0,42.86,64.08,18.17,4.66,68.17,1.86,26.99,21.81,59.71
BOS,2023-02-03,23,1,30,2,27,0.0,0.0,48.15,35.0,18.0,1.4,36.0,3.3,29.05,26.52,55.0
BOS,2023-02-04,0,0,6,0,8,0.0,0.0,25.0,0.0,0.0,0.0,0.0,0.13,49.71,42.75,79.25
BOS,2023-02-04,1,0,0,0,0,0.0,0.0,0.0,0.0,0.0,0.0,0.0,0.0,0.0,0.0,0.0
BOS,2023-02-04,2,0,0,0,1,0.0,0.0,0.0,0.0,0.0,0.0,0.0,0.0,53.8,13.0,48.0
BOS,2023-02-04,3,0,0,0,0,0.0,0.0,0.0,0.0,0.0,0.0,0.0,0.0,0.0,0.0,0.0
BOS,2023-02-04,4,0,0,0,1,0.0,0.0,100.0,0.0,0.0,0.0,0.0,0.0,3.8,1.0,0.0
BOS,2023-02-04,5,14,3,14,6,57.14,42.86,50.0,39.93,20.07,6.14,45.21,1.0,12.05,7.33,44.0
BOS,2023-02-04,6,23,10,19,12,42.11,31.58,41.67,117.79,24.53,10.31,127.05,3.08,24.47,16.75,31.17
BOS,2023-02-04,7,38,16,33,14,30.3,27.27,35.71,96.48,19.85,5.44,101.18,1.36,42.66,42.43,77.93
BOS,2023-02-04,8,33,19,32,12,12.5,12.5,33.33,99.94,22.06,7.57,107.28,1.08,46.16,40.33,53.33
BOS,2023-02-04,9,30,16,28,13,21.43,21.43,7.69,138.39,21.43,7.87,145.89,2.31,32.54,30.23,60.31
BOS,2023-02-04,10,27,22,24,20,12.5,8.33,35.0,115.17,25.75,11.62,126.75,1.55,21.12,13.95,54.65
BOS,2023-02-04,11,22,17,21,12,42.86,28.57,50.0,64.71,22.95,8.99,72.76,1.25,15.23,14.0,31.58
BOS,2023-02-04,12,18,23,19,21,36.84,31.58,66.67,47.53,27.42,13.66,60.32,2.67,6.49,4.24,23.76
BOS,2023-02-04,13,17,16,15,17,73.33,60.0,70.59,20.87,21.67,8.61,28.67,1.53,5.49,3.59,21.94
BOS,2023-02-04,14,16,25,18,22,55.56,55.56,54.55,63.06,20.06,6.66,68.61,3.09,4.05,8.68,43.91
BOS,2023-02-04,15,17,21,16,25,50.0,31.25,52.0,51.0,19.94,6.62,57.44,1.88,5.81,7.24,42.04
BOS,2023-02-04,16,22,38,20,29,40.0,35.0,62.07,50.65,20.55,6.31,55.9,2.55,3.66,3.28,73.07
BOS,2023-02-04,17,27,23,24,24,66.67,50.0,70.83,17.54,19.0,5.02,21.88,2.17,2.53,1.88,24.71
BOS,2023-02-04,18,28,21,28,26,75.0,71.43,46.15,18.32,20.11,6.69,23.14,3.85,5.72,5.27,38.19
BOS,2023-02-04,19,18,20,19,18,57.89,57.89,61.11,41.16,14.84,2.06,41.53,2.06,4.67,1.11,50.17
BOS,2023-02-04,20,11,24,10,23,50.0,50.0,56.52,42.6,16.5,2.76,43.6,1.83,6.39,2.74,38.35
BOS,2023-02-04,21,9,17,9,16,77.78,77.78,56.25,15.33,17.0,3.23,17.67,1.38,14.88,12.44,66.63
BOS,2023-02-04,22,8,20,8,19,50.0,50.0,57.89,42.38,12.75,0.49,41.88,1.42,4.11,0.63,52.16
BOS,2023-02-04,23,1,21,2,21,100.0,100.0,66.67,4.5,14.0,1.5,6.0,0.67,1.08,0.67,18.14
BOS,2023-02-05,0,1,8,2,6,0.0,0.0,16.67,88.5,16.5,3.1,92.0,1.17,6.03,0.0,61.5
BOS,2023-02-05,1,0,0,0,0,0.0,0.0,0.0,0.0,0.0,0.0,0.0,0.0,0.0,0.0,0.0
BOS,2023-02-05,2,0,0,0,0,0.0,0.0,0.0,0.0,0.0,0.0,0.0,0.0,0.0,0.0,0.0
BOS,2023-02-05,4,0,0,0,0,0.0,0.0,0.0,0.0,0.0,0.0,0.0,0.0,0.0,0.0,0.0
BOS,2023-02-05,5,14,6,14,4,100.0,100.0,75.0,1.29,14.0,1.01,1.21,1.5,3.58,0.5,28.25
BOS,2023-02-05,6,23,11,24,8,95.83,95.83,87.5,23.08,15.63,2.2,23.88,3.13,1.02,1.88,6.75
BOS,2023-02-05,7,40,12,43,12,83.72,76.74,83.33,18.3,18.7,4.6,21.02,1.0,4.43,2.58,22.67
BOS,2023-02-05,8,33,20,38,18,71.05,68.42,88.89,46.63,17.39,3.92,48.92,1.33,2.53,0.44,12.89
BOS,2023-02-05,9,29,22,28,25,85.71,82.14,92.0,10.0,15.68,2.43,11.57,4.04,1.82,1.88,3.96
BOS,2023-02-05,10,25,25,28,26,71.43,71.43,84.62,11.89,15.36,2.49,12.89,5.35,2.65,1.31,9.27
BOS,2023-02-05,11,29,21,30,18,73.33,73.33,88.89,23.6,15.2,2.21,24.8,3.17,2.24,1.5,9.17
BOS,2023-02-05,12,20,24,18,27,88.89,77.78,81.48,26.67,19.44,6.48,31.33,3.89,2.04,2.89,12.56
BOS,2023-02-05,13,20,23,25,26,88.0,88.0,92.31,6.08,16.0,2.9,7.4,4.58,2.61,1.81,5.35
BOS,2023-02-05,14,24,33,26,38,84.62,84.62,73.68,6.65,18.58,4.91,9.23,3.18,2.73,5.42,15.63
BOS,2023-02-05,15,24,28,26,32,69.23,61.54,65.63,25.58,16.46,2.95,27.38,2.81,2.73,8.0,23.13
BOS,2023-02-05,16,35,37,38,39,68.42,57.89,76.92,15.03,19.84,6.45,20.05,3.28,2.84,2.08,17.56
BOS,2023-02-05,17,30,30,33,28,69.7,57.58,82.14,22.06,18.94,5.09,26.33,7.43,6.0,3.86,6.79
BOS,2023-02-05,18,41,28,42,32,69.05,66.67,84.38,45.62,17.93,4.41,48.48,5.28,3.87,3.06,13.91
BOS,2023-02-05,19,30,27,30,34,80.0,80.0,73.53,11.9,17.97,3.96,13.63,4.71,4.04,7.59,27.5
BOS,2023-02-05,20,21,31,22,34,72.73,72.73,67.65,19.27,17.09,3.61,21.45,5.32,2.24,0.91,28.24
BOS,2023-02-05,21,15,21,15,23,86.67,86.67,47.83,7.53,19.6,6.03,10.67,2.17,4.08,2.61,18.61
BOS,2023-02-05,22,8,22,8,24,87.5,75.0,66.67,18.25,18.38,4.11,19.38,1.21,1.95,0.21,10.63
BOS,2023-02-05,23,1,31,1,31,0.0,0.0,67.74,37.0,16.0,2.0,39.0,2.84,1.44,1.29,29.29
BOS,2023-02-06,0,0,7,0,8,0.0,0.0,62.5,0.0,0.0,0.0,0.0,0.38,2.7,0.0,97.0
BOS,2023-02-06,1,0,0,0,0,0.0,0.0,0.0,0.0,0.0,0.0,0.0,0.0,0.0,0.0,0.0
BOS,2023-02-06,2,0,0,0,0,0.0,0.0,0.0,0.0,0.0,0.0,0.0,0.0,0.0,0.0,0.0
BOS,2023-02-06,3,0,0,0,0,0.0,0.0,0.0,0.0,0.0,0.0,0.0,0.0,0.0,0.0,0.0
BOS,2023-02-06,4,0,0,1,1,100.0,100.0,100.0,6.0,13.0,0.0,2.0,1.0,1.8,5.0,7.0
BOS,2023-02-06,5,15,5,15,6,100.0,93.33,83.33,0.53,18.4,4.49,2.27,0.33,1.15,0.0,8.17
BOS,2023-02-06,6,30,8,30,9,96.67,93.33,66.67,3.0,20.53,6.39,5.6,1.56,5.31,1.11,33.67
BOS,2023-02-06,7,44,23,44,21,84.09,72.73,100.0,10.34,21.84,7.64,15.0,2.05,4.16,1.81,0.86
BOS,2023-02-06,8,39,24,40,23,80.0,70.0,82.61,6.9,18.83,5.38,10.58,1.87,6.01,2.57,6.0
BOS,2023-02-06,9,25,15,29,16,86.21,79.31,75.0,9.24,16.41,3.69,11.38,2.06,3.67,4.38,11.63
BOS,2023-02-06,10,26,29,26,29,76.92,73.08,96.55,11.69,16.81,3.88,14.54,2.38,1.8,1.34,3.86
BOS,2023-02-06,11,26,25,26,27,88.46,88.46,92.59,6.08,19.31,5.65,9.77,3.78,1.57,2.89,4.26
BOS,2023-02-06,12,23,31,26,31,92.31,88.46,87.1,7.96,16.69,3.86,10.0,2.68,2.87,4.68,6.39
BOS,2023-02-06,13,25,22,27,23,88.89,85.19,86.96,5.0,14.0,1.58,6.04,3.57,2.87,2.57,4.35
BOS,2023-02-06,14,24,27,26,32,92.31,92.31,78.13,4.15,13.81,1.45,4.42,2.31,3.9,3.94,11.59
BOS,2023-02-06,15,21,32,24,34,75.0,70.83,91.18,18.17,15.17,2.57,20.38,3.56,3.8,5.18,4.21
BOS,2023-02-06,16,35,34,36,39,86.11,83.33,82.05,5.94,14.67,1.92,6.86,4.0,4.25,5.15,6.51
BOS,2023-02-06,17,30,35,33,35,84.85,75.76,80.0,9.64,16.45,3.68,12.15,3.89,4.71,3.71,10.49
BOS,2023-02-06,18,42,25,44,26,81.82,68.18,69.23,12.41,19.91,6.15,17.16,4.31,5.48,5.73,11.81
BOS,2023-02-06,19,30,27,29,28,82.76,79.31,78.57,6.62,16.79,3.03,7.21,3.68,4.75,5.29,8.36
BOS,2023-02-06,20,17,32,19,33,94.74,94.74,78.79,1.53,14.32,1.22,1.89,2.85,4.36,3.42,17.97
BOS,2023-02-06,21,17,24,19,24,73.68,68.42,75.0,10.68,18.53,5.43,13.79,2.79,4.91,4.92,10.0
BOS,2023-02-06,22,9,22,18,22,77.78,83.33,81.82,12.22,15.0,2.78,12.78,1.55,3.84,2.77,8.0
BOS,2023-02-06,23,1,29,1,29,100.0,100.0,75.86,0.0,22.0,8.0,8.0,2.0,2.16,2.14,10.14
BOS,2023-02-07,0,0,6,0,7,0.0,0.0,85.71,0.0,0.0,0.0,0.0,0.71,2.27,2.0,6.71
BOS,2023-02-07,1,0,0,0,0,0.0,0.0,0.0,0.0,0.0,0.0,0.0,0.0,0.0,0.0,0.0
BOS,2023-02-07,3,0,0,0,1,0.0,0.0,0.0,0.0,0.0,0.0,0.0,0.0,2.7,6.0,19.0
BOS,2023-02-07,4,0,0,0,2,0.0,0.0,100.0,0.0,0.0,0.0,0.0,0.0,2.3,0.0,0.0
BOS,2023-02-07,5,15,3,16,7,93.75,93.75,85.71,4.88,13.31,1.14,5.13,1.14,3.16,2.86,4.0
BOS,2023-02-07,6,29,8,29,12,100.0,96.55,75.0,0.41,15.62,2.47,1.24,2.08,6.64,1.58,12.5
BOS,2023-02-07,7,40,23,42,24,95.24,92.86,83.33,3.14,17.62,3.7,4.38,2.0,3.65,2.75,5.42
BOS,2023-02-07,8,38,21,41,24,90.24,90.24,95.83,3.1,18.78,5.65,4.39,2.13,3.75,0.92,0.63
BOS,2023-02-07,9,25,17,26,19,96.15,96.15,68.42,2.65,12.96,1.24,2.69,2.21,3.8,2.47,9.47
BOS,2023-02-07,10,25,27,24,30,87.5,87.5,90.0,6.04,14.46,1.43,6.79,1.33,2.76,1.7,3.9
BOS,2023-02-07,11,24,22,27,23,92.59,92.59,91.3,4.33,12.63,1.01,4.22,2.61,2.17,1.0,1.43
BOS,2023-02-07,12,22,27,23,26,91.3,91.3,84.62,3.57,13.26,1.81,3.26,1.15,2.6,4.65,4.38
BOS,2023-02-07,13,22,23,22,23,100.0,100.0,100.0,0.18,13.23,1.67,0.41,4.0,3.73,0.48,0.43
BOS,2023-02-07,14,24,26,26,28,100.0,100.0,85.71,0.04,14.19,2.12,0.77,1.61,4.38,3.64,6.46
BOS,2023-02-07,15,23,32,27,34,88.89,81.48,97.06,2.63,17.74,4.17,4.59,1.85,3.58,1.03,1.03
BOS,2023-02-07,16,33,32,35,38,97.14,97.14,81.58,1.0,14.03,1.72,1.8,2.18,3.7,1.76,6.29
BOS,2023-02-07,17,30,33,32,35,96.88,96.88,91.43,0.91,15.94,2.87,1.78,1.94,4.92,3.0,3.94
BOS,2023-02-07,18,39,25,41,28,87.8,82.93,89.29,5.05,19.93,6.26,8.41,1.68,5.53,1.11,3.54
BOS,2023-02-07,19,28,26,30,31,100.0,90.0,77.42,0.77,18.3,4.81,3.4,2.94,5.15,3.74,12.19
BOS,2023-02-07,20,15,33,18,36,83.33,83.33,88.89,11.56,23.11,9.21,17.83,7.83,3.09,4.39,6.11
BOS,2023-02-07,21,15,20,15,23,93.33,26.67,91.3,1.67,46.2,32.59,28.8,4.26,1.63,2.0,14.39
BOS,2023-02-07,22,8,21,14,21,57.14,14.29,90.48,21.93,40.07,26.24,45.29,2.52,2.92,1.9,11.05
BOS,2023-02-07,23,1,29,2,29,100.0,50.0,93.1,5.5,21.5,7.8,11.0,4.0,0.89,1.55,5.86
BOS,2023-02-08,0,0,6,0,7,0.0,0.0,71.43,0.0,0.0,0.0,0.0,1.14,3.66,3.14,9.29
BOS,2023-02-08,1,0,0,0,0,0.0,0.0,0.0,0.0,0.0,0.0,0.0,0.0,0.0,0.0,0.0
BOS,2023-02-08,4,0,0,0,2,0.0,0.0,100.0,0.0,0.0,0.0,0.0,0.0,0.4,0.0,0.0
BOS,2023-02-08,5,14,4,16,5,93.75,93.75,100.0,5.19,18.75,5.22,8.81,1.6,1.1,3.0,2.4
BOS,2023-02-08,6,31,8,31,11,96.77,83.87,72.73,2.35,21.81,7.7,6.13,2.82,5.2,0.73,9.18
BOS,2023-02-08,7,39,24,41,23,100.0,78.05,78.26,0.93,25.78,11.36,8.0,3.09,4.3,4.61,10.52
BOS,2023-02-08,8,38,22,45,22,93.33,75.56,95.45,3.22,24.16,10.41,10.11,1.82,4.48,0.36,1.05
BOS,2023-02-08,9,25,17,29,19,96.55,96.55,84.21,1.45,16.28,3.22,1.97,3.68,2.23,3.16,13.11
BOS,2023-02-08,10,24,26,22,32,81.82,81.82,90.63,21.0,17.41,3.74,22.18,2.03,1.01,1.63,3.84
BOS,2023-02-08,11,24,23,26,24,96.15,92.31,79.17,0.77,17.85,4.37,2.88,2.58,1.06,3.88,6.08
BOS,2023-02-08,12,23,27,28,29,92.86,78.57,100.0,1.64,19.36,6.42,5.96,2.55,1.76,2.93,0.79
BOS,2023-02-08,13,21,24,23,26,100.0,100.0,96.15,0.09,16.17,3.07,0.7,4.27,1.75,1.08,2.15
BOS,2023-02-08,14,24,27,27,30,96.3,88.89,90.0,1.96,15.89,3.04,3.63,2.03,1.72,1.6,6.87
BOS,2023-02-08,15,23,32,25,35,88.0,72.0,77.14,5.8,18.8,4.57,8.92,2.11,2.57,3.4,7.86
BOS,2023-02-08,16,34,32,37,38,86.49,83.78,92.11,8.51,18.78,5.12,11.27,3.08,2.44,2.13,2.74
BOS,2023-02-08,17,30,34,35,35,85.71,82.86,77.14,4.49,16.6,3.38,6.09,3.11,3.49,2.49,12.97
BOS,2023-02-08,18,38,26,40,36,87.5,70.0,86.11,6.6,22.55,8.94,12.65,2.08,4.6,3.33,4.19
BOS,2023-02-08,19,27,27,29,30,89.66,86.21,83.33,12.72,19.48,5.67,14.14,2.6,2.47,2.37,16.6
BOS,2023-02-08,20,17,33,20,33,95.0,90.0,87.88,1.5,18.75,4.96,3.1,4.15,1.45,2.06,4.12
BOS,2023-02-08,21,16,21,18,22,88.89,88.89,77.27,8.56,16.5,3.13,9.78,2.18,3.35,4.09,14.73
BOS,2023-02-08,22,9,21,17,21,82.35,76.47,95.24,6.29,19.41,5.63,9.71,1.38,2.07,0.43,4.19
BOS,2023-02-08,23,1,29,2,29,50.0,50.0,89.66,28.5,17.0,1.7,28.5,1.24,0.8,0.62,9.72
BOS,2023-02-09,0,0,7,0,8,0.0,0.0,75.0,0.0,0.0,0.0,0.0,0.0,1.69,1.0,6.13
BOS,2023-02-09,1,0,0,1,0,100.0,100.0,0.0,0.0,15.0,1.6,2.0,0.0,0.0,0.0,0.0
BOS,2023-02-09,4,0,0,0,2,0.0,0.0,100.0,0.0,0.0,0.0,0.0,2.0,0.0,1.5,0.0
BOS,2023-02-09,5,14,6,17,7,100.0,82.35,85.71,0.0,22.35,8.89,5.06,0.14,4.29,3.43,12.43
BOS,2023-02-09,6,31,8,33,13,93.94,93.94,69.23,1.18,17.3,3.6,2.36,0.31,2.72,1.0,14.77
BOS,2023-02-09,7,43,24,44,24,93.18,90.91,95.83,12.93,17.64,3.56,14.52,3.38,3.48,2.04,2.96
BOS,2023-02-09,8,41,23,44,21,86.36,86.36,95.24,4.43,18.16,4.43,5.68,2.67,4.95,1.76,4.33
BOS,2023-02-09,9,27,16,27,17,88.89,88.89,94.12,2.3,15.81,2.96,2.89,3.59,1.16,1.24,2.06
BOS,2023-02-09,10,25,28,25,31,84.0,80.0,90.32,8.44,15.8,2.96,10.36,3.32,2.08,1.13,3.9
BOS,2023-02-09,11,26,23,29,26,79.31,79.31,96.15,9.38,14.79,1.56,9.38,3.19,2.24,2.73,10.27
BOS,2023-02-09,12,23,29,27,30,85.19,81.48,90.0,7.3,15.37,2.39,8.19,2.03,1.48,1.07,6.07
BOS,2023-02-09,13,23,25,25,28,80.0,80.0,82.14,32.56,14.76,2.92,34.52,2.43,2.3,1.25,11.32
BOS,2023-02-09,14,26,28,26,32,73.08,76.92,87.5,15.23,13.65,1.55,15.77,1.28,4.21,0.63,6.97
BOS,2023-02-09,15,22,32,27,36,81.48,81.48,86.11,8.26,14.67,2.08,9.52,2.06,4.08,1.78,6.81
BOS,2023-02-09,16,36,34,38,40,71.05,68.42,85.0,19.53,21.21,7.38,25.45,2.92,4.3,1.82,7.63
BOS,2023-02-09,17,31,39,34,39,88.24,88.24,94.87,5.26,20.06,6.25,9.06,2.59,3.66,1.31,3.15
BOS,2023-02-09,18,44,24,44,25,90.91,77.27,84.0,3.34,23.5,9.51,10.68,3.36,4.94,1.12,6.48
BOS,2023-02-09,19,30,27,33,32,84.85,78.79,81.25,11.42,18.76,5.1,14.64,3.25,3.45,5.09,15.38
BOS,2023-02-09,20,19,32,22,34,81.82,77.27,88.24,20.09,20.0,5.96,23.55,5.0,3.71,1.97,7.85
BOS,2023-02-09,21,17,23,17,25,82.35,82.35,76.0,7.53,16.41,3.12,9.18,3.0,3.7,2.92,12.12
BOS,2023-02-09,22,7,22,13,23,76.92,76.92,78.26,6.77,16.85,3.3,7.85,3.35,2.07,2.04,9.91
BOS,2023-02-09,23,1,30,2,30,100.0,100.0,80.0,5.0,13.5,1.5,6.5,2.7,0.75,0.7,7.87
BOS,2023-02-10,0,0,7,0,8,0.0,0.0,62.5,0.0,0.0,0.0,0.0,2.5,0.91,0.25,11.25
BOS,2023-02-10,1,0,0,0,0,0.0,0.0,0.0,0.0,0.0,0.0,0.0,0.0,0.0,0.0,0.0
BOS,2023-02-10,4,0,0,0,2,0.0,0.0,100.0,0.0,0.0,0.0,0.0,1.5,3.3,6.0,0.5
BOS,2023-02-10,5,13,5,14,8,100.0,100.0,100.0,0.93,14.0,1.16,1.07,0.0,3.76,2.13,1.88
BOS,2023-02-10,6,33,11,35,9,91.43,82.86,77.78,2.54,19.83,6.2,5.91,0.56,4.36,1.89,4.78
BOS,2023-02-10,7,41,23,43,24,83.72,74.42,91.67,12.28,23.86,9.43,18.91,3.88,4.12,2.38,4.75
BOS,2023-02-10,8,39,25,40,26,92.5,70.0,88.46,4.1,27.85,13.92,13.78,4.12,5.3,3.15,7.5
BOS,2023-02-10,9,26,17,31,23,74.19,67.74,86.96,16.1,20.48,7.2,21.1,5.3,1.83,3.04,4.96
BOS,2023-02-10,10,26,30,27,32,85.19,77.78,90.63,8.26,19.56,6.03,11.37,3.53,1.52,0.72,4.31
BOS,2023-02-10,11,29,24,33,24,78.79,75.76,87.5,12.15,18.48,5.1,15.21,3.29,1.24,0.29,9.75
BOS,2023-02-10,12,23,28,27,29,81.48,74.07,93.1,11.96,22.26,8.94,18.22,2.59,1.43,0.0,2.21
BOS,2023-02-10,13,22,23,23,28,82.61,86.96,82.14,22.52,18.13,4.72,25.17,2.64,2.3,1.96,10.43
BOS,2023-02-10,14,26,29,27,35,92.59,85.19,91.43,9.74,20.07,6.67,13.19,4.11,1.53,2.2,3.66
BOS,2023-02-10,15,24,35,30,38,76.67,73.33,89.47,8.17,17.1,3.77,10.43,3.16,2.93,2.0,6.84
BOS,2023-02-10,16,36,33,36,34,83.33,72.22,76.47,9.31,20.31,6.6,13.81,2.91,5.28,4.03,15.5
BOS,2023-02-10,17,31,37,32,40,78.13,71.88,82.5,14.34,20.56,6.9,18.78,4.72,3.48,2.03,5.08
BOS,2023-02-10,18,43,24,44,27,86.36,56.82,77.78,6.68,26.68,12.72,16.55,2.26,3.27,1.7,19.33
BOS,2023-02-10,19,29,28,31,33,83.87,77.42,81.82,7.9,22.74,8.62,12.74,2.12,3.35,0.67,8.27
BOS,2023-02-10,20,19,33,19,32,73.68,68.42,78.13,18.89,19.37,5.24,22.05,4.28,2.49,2.81,13.31
BOS,2023-02-10,21,16,25,16,24,81.25,75.0,87.5,5.81,19.44,5.51,9.31,2.08,2.41,1.25,6.54
BOS,2023-02-10,22,9,22,13,22,92.31,76.92,81.82,4.0,20.23,6.29,7.46,1.41,2.44,0.91,14.64
BOS,2023-02-10,23,1,31,2,32,0.0,0.0,90.63,58.5,16.5,1.5,59.5,2.22,0.89,0.44,6.91
BOS,2023-02-11,0,0,6,0,7,0.0,0.0,100.0,0.0,0.0,0.0,0.0,0.57,2.13,0.0,0.0
BOS,2023-02-11,1,0,0,0,0,0.0,0.0,0.0,0.0,0.0,0.0,0.0,0.0,0.0,0.0,0.0
BOS,2023-02-11,4,0,0,0,0,0.0,0.0,0.0,0.0,0.0,0.0,0.0,0.0,0.0,0.0,0.0
BOS,2023-02-11,5,13,3,13,6,100.0,100.0,66.67,0.85,17.54,3.77,2.46,1.17,0.78,2.0,14.67
BOS,2023-02-11,6,25,11,25,13,96.0,88.0,84.62,1.04,20.2,6.35,4.04,1.77,1.92,1.85,6.38
BOS,2023-02-11,7,36,16,36,17,94.44,94.44,88.24,1.94,17.94,3.59,3.14,1.24,1.96,1.29,2.71
BOS,2023-02-11,8,36,19,36,17,97.22,97.22,82.35,1.28,17.64,3.79,2.92,0.06,2.81,1.06,9.41
BOS,2023-02-11,9,27,12,31,14,93.55,90.32,92.86,4.48,17.19,4.36,6.32,2.29,1.23,1.29,1.64
BOS,2023-02-11,10,27,24,27,27,100.0,88.89,85.19,1.37,18.81,5.2,3.74,3.63,1.34,1.67,12.41
BOS,2023-02-11,11,24,22,26,19,88.46,80.77,78.95,6.58,18.35,4.53,9.04,3.63,1.01,0.84,21.21
BOS,2023-02-11,12,22,22,22,23,86.36,86.36,95.65,16.09,17.0,3.6,18.05,4.26,1.2,1.04,1.52
BOS,2023-02-11,13,14,15,15,17,93.33,86.67,100.0,8.0,13.93,1.65,8.6,2.41,0.29,0.0,0.0
BOS,2023-02-11,14,17,26,18,27,94.44,94.44,96.3,3.0,14.11,1.81,3.39,1.37,1.2,0.56,1.11
BOS,2023-02-11,15,19,25,21,30,85.71,85.71,80.0,17.86,15.29,2.23,19.38,1.37,1.8,0.83,16.8
BOS,2023-02-11,16,24,33,26,30,80.77,80.77,90.0,9.58,15.96,3.02,11.19,1.2,1.01,0.47,6.57
BOS,2023-02-11,17,28,28,29,26,82.76,79.31,88.46,8.17,16.69,3.38,9.24,2.69,0.56,0.23,3.54
BOS,2023-02-11,18,28,23,29,26,89.66,86.21,84.62,4.97,19.03,5.28,8.07,1.65,4.76,2.5,6.23
BOS,2023-02-11,19,20,21,19,22,94.74,78.95,90.91,2.58,19.63,5.38,6.05,2.18,3.29,0.68,2.45
BOS,2023-02-11,20,13,24,14,25,85.71,85.71,84.0,3.14,14.5,1.06,3.57,1.88,4.81,2.52,5.16
BOS,2023-02-11,21,10,18,11,16,90.91,90.91,75.0,7.0,13.82,1.46,7.27,1.38,7.46,3.63,18.31
BOS,2023-02-11,22,8,19,8,21,87.5,87.5,80.95,5.63,12.75,0.41,5.5,2.9,1.21,2.76,6.71
BOS,2023-02-11,23,1,23,1,23,100.0,100.0,91.3,6.0,14.0,0.0,6.0,1.0,1.01,0.74,8.52
BOS,2023-02-12,0,1,7,1,6,100.0,100.0,83.33,5.0,20.0,6.6,12.0,2.33,2.77,0.0,5.67
BOS,2023-02-12,1,0,0,0,0,0.0,0.0,0.0,0.0,0.0,0.0,0.0,0.0,0.0,0.0,0.0
BOS,2023-02-12,3,0,0,0,1,0.0,0.0,0.0,0.0,0.0,0.0,0.0,0.0,1.8,4.0,108.0
BOS,2023-02-12,4,0,0,0,0,0.0,0.0,0.0,0.0,0.0,0.0,0.0,0.0,0.0,0.0,0.0
BOS,2023-02-12,5,12,6,12,4,91.67,91.67,75.0,1.25,17.0,3.61,2.5,0.0,1.4,0.0,4.5
BOS,2023-02-12,6,26,12,26,10,100.0,96.15,80.0,0.23,15.27,2.7,1.73,0.7,2.62,0.1,93.9
BOS,2023-02-12,7,37,12,36,11,86.11,86.11,100.0,8.5,16.44,2.45,9.72,0.73,1.77,0.91,0.0
BOS,2023-02-12,8,36,18,38,16,86.84,84.21,93.75,3.89,17.11,3.37,5.45,0.5,2.95,1.44,2.56
BOS,2023-02-12,9,28,16,27,23,85.19,85.19,95.65,27.44,16.11,2.86,28.85,5.09,2.12,1.39,1.65
BOS,2023-02-12,10,25,30,24,32,83.33,87.5,93.75,5.04,15.33,2.44,6.29,3.59,2.14,2.31,3.06
BOS,2023-02-12,11,31,24,35,26,88.57,88.57,92.31,6.46,16.03,3.29,7.66,3.35,1.35,2.5,3.96
BOS,2023-02-12,12,20,24,22,24,95.45,95.45,83.33,1.82,17.36,4.49,3.64,2.92,1.64,2.58,8.54
BOS,2023-02-12,13,19,21,20,24,100.0,100.0,95.83,0.1,14.8,1.99,1.25,2.96,1.5,0.88,3.54
BOS,2023-02-12,14,22,35,24,38,87.5,79.17,86.84,3.29,17.92,4.86,6.33,2.79,2.35,1.45,7.26
BOS,2023-02-12,15,25,29,26,33,80.77,80.77,87.88,6.35,14.12,1.14,6.73,3.55,1.41,2.0,6.45
BOS,2023-02-12,16,36,32,40,33,82.5,80.0,90.91,7.43,16.7,3.48,9.15,2.7,2.25,1.79,5.61
BOS,2023-02-12,17,32,38,36,38,88.89,83.33,86.84,7.25,16.61,3.62,9.42,2.08,3.17,1.34,10.32
BOS,2023-02-12,18,40,27,40,29,82.5,70.0,86.21,9.5,21.2,7.43,14.23,2.03,7.2,3.93,4.24
BOS,2023-02-12,19,27,28,28,32,89.29,92.86,78.13,5.79,18.68,4.75,7.86,2.63,5.4,2.91,9.94
BOS,2023-02-12,20,20,28,20,30,90.0,90.0,83.33,8.7,15.5,2.17,9.35,4.07,3.09,2.2,8.0
BOS,2023-02-12,21,16,23,15,24,86.67,86.67,66.67,9.4,15.4,2.49,10.13,1.38,3.24,2.5,8.83
BOS,2023-02-12,22,8,21,10,21,80.0,70.0,85.71,14.5,15.8,1.95,15.2,1.38,1.85,2.86,6.24
BOS,2023-02-12,23,1,30,1,30,0.0,0.0,80.0,20.0,14.0,0.0,20.0,2.13,1.48,2.23,7.2
BOS,2023-02-13,0,1,7,1,7,100.0,100.0,85.71,0.0,14.0,0.5,0.0,1.0,2.59,0.29,4.0
BOS,2023-02-13,4,0,0,1,1,100.0,100.0,100.0,0.0,27.0,13.6,14.0,1.0,1.8,4.0,8.0
BOS,2023-02-13,5,13,5,13,7,100.0,100.0,42.86,0.0,14.38,1.82,0.54,0.43,2.91,2.71,42.0
BOS,2023-02-13,6,32,9,33,11,93.94,90.91,90.91,14.82,16.64,3.0,15.7,3.82,3.82,3.0,4.36
BOS,2023-02-13,7,41,24,41,26,97.56,92.68,88.46,2.02,18.05,4.24,3.66,2.27,6.3,6.35,6.04
BOS,2023-02-13,8,41,24,44,25,88.64,88.64,76.0,10.25,16.64,3.68,11.18,2.96,3.8,3.04,11.44
BOS,2023-02-13,9,25,15,29,16,89.66,89.66,87.5,4.79,13.14,1.64,5.17,3.88,2.66,2.94,4.94
BOS,2023-02-13,10,26,30,25,31,84.0,80.0,93.55,5.12,16.92,3.81,7.52,1.9,2.48,1.77,4.81
BOS,2023-02-13,11,30,24,30,23,93.33,90.0,95.65,4.6,14.13,2.15,5.1,5.17,2.22,2.26,2.3
BOS,2023-02-13,12,21,29,20,29,90.0,70.0,96.55,6.0,17.15,5.12,9.4,1.79,2.93,1.55,1.21
BOS,2023-02-13,13,23,22,26,24,100.0,96.15,83.33,0.04,14.54,2.48,1.0,2.67,3.09,1.96,23.42
BOS,2023-02-13,14,25,29,26,32,92.31,92.31,78.13,2.35,15.35,3.11,3.69,2.66,3.47,2.66,18.94
BOS,2023-02-13,15,23,34,24,38,91.67,87.5,86.84,3.0,13.96,1.29,3.75,2.18,4.13,2.71,7.47
BOS,2023-02-13,16,36,31,36,36,80.56,83.33,88.89,7.78,15.69,2.42,9.06,4.47,3.33,4.25,6.94
BOS,2023-02-13,17,33,38,34,38,94.12,94.12,86.84,3.68,14.91,2.42,3.97,6.37,4.8,5.55,10.42
BOS,2023-02-13,18,40,25,40,28,77.5,70.0,75.0,8.3,17.55,4.35,11.05,1.39,6.65,3.71,15.36
BOS,2023-02-13,19,29,28,32,30,78.13,81.25,90.0,7.38,15.91,2.5,8.13,1.17,4.67,2.63,10.23
BOS,2023-02-13,20,18,31,19,33,94.74,94.74,84.85,8.84,15.32,2.17,9.05,2.48,4.5,3.06,11.39
BOS,2023-02-13,21,17,24,19,25,78.95,73.68,80.0,6.68,18.79,5.01,10.63,0.96,5.23,1.84,12.16
BOS,2023-02-13,22,8,22,14,22,64.29,57.14,90.91,10.43,15.36,2.05,10.93,1.73,3.55,0.55,2.77
BOS,2023-02-13,23,1,30,1,31,0.0,0.0,77.42,75.0,23.0,9.0,84.0,4.87,0.94,2.1,9.32
BOS,2023-02-14,0,0,6,1,7,100.0,0.0,57.14,0.0,30.0,16.0,16.0,0.29,3.59,0.0,40.14
BOS,2023-02-14,1,0,0,0,0,0.0,0.0,0.0,0.0,0.0,0.0,0.0,0.0,0.0,0.0,0.0
BOS,2023-02-14,2,0,0,0,0,0.0,0.0,0.0,0.0,0.0,0.0,0.0,0.0,0.0,0.0,0.0
BOS,2023-02-14,4,0,0,0,2,0.0,0.0,50.0,0.0,0.0,0.0,0.0,1.0,0.0,0.0,17.0
BOS,2023-02-14,5,13,3,15,7,80.0,73.33,57.14,5.27,17.67,4.0,7.93,2.57,1.87,17.86,27.71
BOS,2023-02-14,6,32,9,32,13,87.5,84.38,61.54,5.84,21.34,7.27,9.5,1.15,4.17,3.77,22.85
BOS,2023-02-14,7,39,23,41,23,92.68,82.93,91.3,8.07,22.41,8.09,12.85,2.65,4.55,3.43,4.83
BOS,2023-02-14,8,39,21,42,19,90.48,90.48,89.47,3.33,19.05,5.24,5.43,3.0,2.02,4.79,10.68
BOS,2023-02-14,9,25,17,26,22,88.46,88.46,95.45,7.69,16.27,3.51,9.19,3.09,2.4,0.91,1.05
BOS,2023-02-14,10,25,28,26,31,96.15,88.46,90.32,1.35,18.19,4.6,4.35,2.55,1.64,3.45,5.87
BOS,2023-02-14,11,26,23,30,23,90.0,86.67,100.0,2.67,18.03,4.3,4.57,1.83,2.17,0.39,0.91
BOS,2023-02-14,12,21,27,25,28,96.0,88.0,85.71,3.72,17.8,4.6,6.24,1.11,3.58,3.61,28.29
BOS,2023-02-14,13,20,22,22,27,95.45,95.45,92.59,11.73,16.0,3.25,13.68,3.22,1.69,0.78,2.59
BOS,2023-02-14,14,25,29,27,32,96.3,96.3,96.88,0.56,16.67,3.6,2.11,1.5,2.24,1.44,3.09
BOS,2023-02-14,15,26,32,29,36,96.55,96.55,80.56,1.28,16.83,3.33,2.83,2.53,2.47,4.72,5.56
BOS,2023-02-14,16,33,31,34,34,94.12,88.24,91.18,2.82,21.35,7.37,6.59,2.26,3.77,3.56,2.97
BOS,2023-02-14,17,32,38,34,41,88.24,79.41,95.12,3.03,20.35,6.98,7.29,2.27,4.14,2.07,3.41
BOS,2023-02-14,18,38,22,40,26,87.5,75.0,84.62,5.45,19.75,6.63,9.9,2.96,3.8,2.69,8.12
BOS,2023-02-14,19,27,27,29,32,93.1,89.66,87.5,1.9,18.03,3.97,3.03,1.28,5.11,1.44,13.41
BOS,2023-02-14,20,18,33,19,33,100.0,100.0,93.94,1.16,14.0,1.54,0.95,3.03,4.65,1.3,4.76
BOS,2023-02-14,21,14,20,15,21,100.0,86.67,85.71,1.13,17.13,4.21,3.93,0.62,4.44,1.62,8.05
BOS,2023-02-14,22,8,20,13,20,92.31,92.31,80.0,2.62,14.08,1.15,2.54,0.55,4.18,1.9,10.2
BOS,2023-02-14,23,1,30,2,30,100.0,100.0,90.0,0.0,14.0,1.3,0.0,3.07,0.84,1.67,5.73
BOS,2023-02-15,0,0,6,0,6,0.0,0.0,83.33,0.0,0.0,0.0,0.0,0.33,11.45,3.83,4.5
BOS,2023-02-15,1,0,0,0,0,0.0,0.0,0.0,0.0,0.0,0.0,0.0,0.0,0.0,0.0,0.0
BOS,2023-02-15,2,0,0,0,2,0.0,0.0,50.0,0.0,0.0,0.0,0.0,0.0,0.0,4.5,55.5
BOS,2023-02-15,3,0,0,0,0,0.0,0.0,0.0,0.0,0.0,0.0,0.0,0.0,0.0,0.0,0.0
BOS,2023-02-15,4,0,0,2,2,50.0,0.0,100.0,13.5,23.0,9.3,23.0,0.0,0.0,0.0,7.5
BOS,2023-02-15,5,13,3,14,7,92.86,92.86,71.43,1.57,19.21,5.99,5.29,0.43,5.24,0.14,9.43
BOS,2023-02-15,6,34,9,36,11,97.22,97.22,90.91,7.53,17.33,3.4,8.92,0.73,4.48,0.55,6.91
BOS,2023-02-15,7,38,25,42,24,88.1,76.19,91.67,6.4,19.95,5.8,10.36,4.08,3.67,2.21,3.29
BOS,2023-02-15,8,38,21,42,18,92.86,92.86,94.44,3.19,21.31,7.45,6.88,3.39,2.57,1.33,1.39
BOS,2023-02-15,9,25,18,26,22,84.62,84.62,86.36,7.96,13.81,1.37,8.27,2.95,2.35,1.64,11.5
BOS,2023-02-15,10,24,26,25,30,92.0,92.0,93.33,9.72,14.84,1.64,9.84,4.6,1.79,2.77,2.5
BOS,2023-02-15,11,28,23,34,24,82.35,76.47,87.5,9.56,15.91,2.83,11.38,2.83,1.5,1.42,3.46
BOS,2023-02-15,12,23,27,25,29,96.0,88.0,89.66,2.2,17.72,4.76,5.24,5.34,2.52,2.1,6.24
BOS,2023-02-15,13,21,24,23,26,86.96,86.96,84.62,3.7,15.96,2.55,4.74,5.0,1.89,1.62,5.77
BOS,2023-02-15,14,25,28,25,32,96.0,96.0,81.25,2.08,16.24,3.28,3.56,4.13,1.24,2.13,15.97
BOS,2023-02-15,15,23,32,24,38,75.0,70.83,84.21,22.33,17.75,3.84,24.5,5.97,1.9,3.95,8.08
BOS,2023-02-15,16,34,31,36,31,83.33,80.56,96.77,7.06,17.28,3.96,9.19,5.42,1.3,1.06,2.16
BOS,2023-02-15,17,29,38,29,39,75.86,75.86,74.36,8.17,17.31,3.81,10.48,3.23,3.6,2.41,9.26
BOS,2023-02-15,18,39,25,41,31,87.8,73.17,87.1,5.27,21.05,7.26,10.22,2.84,2.93,2.19,5.97
BOS,2023-02-15,19,28,30,29,31,96.55,96.55,83.87,1.79,16.62,3.11,3.07,2.45,4.01,1.45,10.84
BOS,2023-02-15,20,19,33,20,33,85.0,85.0,81.82,8.35,15.9,2.25,9.5,3.58,3.56,2.55,5.15
BOS,2023-02-15,21,16,21,18,21,88.89,77.78,85.71,4.17,19.11,5.59,8.39,2.0,4.83,2.52,7.52
BOS,2023-02-15,22,9,20,14,22,100.0,92.86,81.82,1.57,17.5,3.78,3.21,1.91,2.08,1.59,20.95
BOS,2023-02-15,23,0,31,1,31,100.0,0.0,77.42,13.0,20.0,3.4,16.0,1.45,0.71,0.68,13.35
BOS,2023-02-16,0,0,8,0,6,0.0,0.0,100.0,0.0,0.0,0.0,0.0,0.0,1.5,0.0,0.83
BOS,2023-02-16,1,0,1,0,0,0.0,0.0,0.0,0.0,0.0,0.0,0.0,0.0,0.0,0.0,0.0
BOS,2023-02-16,3,0,0,0,1,0.0,0.0,100.0,0.0,0.0,0.0,0.0,7.0,1.8,14.0,9.0
BOS,2023-02-16,4,0,1,0,2,0.0,0.0,100.0,0.0,0.0,0.0,0.0,1.5,2.8,2.0,3.5
BOS,2023-02-16,5,13,7,15,6,93.33,86.67,83.33,3.67,15.13,2.47,5.47,0.17,7.68,1.17,7.33
BOS,2023-02-16,6,38,8,41,13,92.68,87.8,69.23,2.24,18.2,4.43,4.59,0.77,4.98,0.92,23.46
BOS,2023-02-16,7,42,22,44,25,95.45,88.64,92.0,4.43,22.02,7.71,8.32,2.84,4.64,2.56,9.72
BOS,2023-02-16,8,38,25,42,26,85.71,83.33,84.62,6.9,18.29,4.79,9.6,2.96,3.33,0.54,4.73
BOS,2023-02-16,9,29,18,32,17,87.5,84.38,76.47,18.63,14.38,1.82,19.59,2.82,4.11,4.12,14.06
BOS,2023-02-16,10,23,24,25,29,72.0,72.0,89.66,10.24,15.6,2.68,11.8,4.28,1.63,2.52,3.72
BOS,2023-02-16,11,26,23,31,29,93.55,93.55,79.31,4.0,15.48,2.46,5.26,2.86,1.34,3.14,16.79
BOS,2023-02-16,12,24,28,24,26,87.5,83.33,96.15,6.42,16.92,3.79,8.46,2.35,1.8,2.58,6.0
BOS,2023-02-16,13,21,28,23,29,73.91,73.91,86.21,23.13,16.35,2.88,25.22,1.66,2.48,0.69,6.28
BOS,2023-02-16,14,29,29,31,34,80.65,80.65,76.47,9.39,15.68,2.57,11.16,3.18,2.78,3.06,12.44
BOS,2023-02-16,15,22,35,25,39,68.0,64.0,89.74,15.12,21.72,8.02,21.84,1.59,3.56,3.95,4.21
BOS,2023-02-16,16,37,36,38,39,81.58,65.79,82.05,13.03,21.76,7.77,18.89,2.31,4.81,3.69,6.18
BOS,2023-02-16,17,33,38,40,42,77.5,57.5,80.95,9.15,20.45,6.95,14.73,3.05,5.2,1.64,8.33
BOS,2023-02-16,18,41,25,42,26,76.19,69.05,73.08,12.33,20.36,6.48,18.07,3.46,6.52,4.08,18.19
BOS,2023-02-16,19,32,24,32,27,75.0,68.75,77.78,15.0,19.13,5.42,18.5,2.44,4.13,5.74,10.85
BOS,2023-02-16,20,23,35,23,38,82.61,65.22,78.95,20.35,19.35,5.73,24.0,2.74,3.85,2.66,11.0
BOS,2023-02-16,21,20,23,21,22,76.19,66.67,77.27,12.57,16.9,3.28,14.48,3.09,2.89,2.77,13.36
BOS,2023-02-16,22,8,26,14,24,85.71,85.71,75.0,4.5,17.86,3.79,5.93,1.67,3.1,2.33,14.33
BOS,2023-02-16,23,1,30,2,31,100.0,100.0,61.29,0.0,14.5,1.0,0.0,2.06,2.39,2.23,29.52
BOS,2023-02-17,0,0,8,0,8,0.0,0.0,87.5,0.0,0.0,0.0,0.0,0.75,1.88,0.0,9.88
BOS,2023-02-17,1,0,1,0,1,0.0,0.0,100.0,0.0,0.0,0.0,0.0,0.0,1.7,0.0,0.0
BOS,2023-02-17,4,0,1,0,3,0.0,0.0,100.0,0.0,0.0,0.0,0.0,0.0,1.23,0.0,0.0
BOS,2023-02-17,5,14,7,15,10,86.67,80.0,70.0,6.8,16.73,3.77,9.8,0.0,4.33,0.7,8.5
BOS,2023-02-17,6,37,10,39,10,84.62,84.62,80.0,4.38,18.38,4.58,7.59,0.0,4.54,0.7,5.9
BOS,2023-02-17,7,44,21,43,20,86.05,69.77,90.0,9.02,20.47,6.21,13.26,3.85,4.6,1.9,4.95
BOS,2023-02-17,8,38,29,36,30,86.11,80.56,80.0,4.19,20.33,6.64,8.53,3.87,1.93,1.93,14.0
BOS,2023-02-17,9,29,22,35,25,77.14,74.29,76.0,21.17,15.11,2.11,22.54,3.16,1.7,11.72,17.84
BOS,2023-02-17,10,25,27,25,31,68.0,68.0,77.42,17.24,18.12,4.65,20.24,7.1,2.01,4.42,6.87
BOS,2023-02-17,11,29,23,30,25,73.33,73.33,72.0,24.3,16.47,3.4,27.07,3.08,1.98,2.4,33.64
BOS,2023-02-17,12,24,27,24,27,83.33,75.0,81.48,14.25,19.42,6.03,19.21,4.19,1.37,2.07,10.59
BOS,2023-02-17,13,22,26,22,26,72.73,72.73,80.77,22.73,18.36,4.83,26.59,2.88,2.12,1.73,15.23
BOS,2023-02-17,14,27,28,27,30,77.78,59.26,80.0,16.26,21.11,7.73,22.67,3.33,1.89,3.17,26.43
BOS,2023-02-17,15,22,39,25,38,72.0,64.0,76.32,39.24,21.4,7.54,44.72,3.13,4.58,7.03,13.97
BOS,2023-02-17,16,38,38,39,36,58.97,51.28,72.22,37.08,21.72,7.54,44.1,2.61,3.94,1.36,16.42
BOS,2023-02-17,17,33,34,33,34,63.64,45.45,67.65,17.45,26.61,12.95,29.24,3.24,6.34,5.82,18.09
BOS,2023-02-17,18,41,25,41,27,65.85,26.83,66.67,36.44,34.68,20.97,56.27,3.19,11.3,5.3,19.78
BOS,2023-02-17,19,33,25,34,26,58.82,20.59,61.54,31.12,32.56,18.4,47.76,5.58,7.72,6.27,32.62
BOS,2023-02-17,20,22,36,22,38,45.45,13.64,57.89,28.73,25.86,11.66,39.45,3.89,6.53,5.55,23.97
BOS,2023-02-17,21,19,25,20,25,50.0,30.0,68.0,22.7,23.1,9.18,31.8,1.52,5.56,1.64,28.36
BOS,2023-02-17,22,9,26,14,26,64.29,42.86,76.92,81.71,19.93,5.84,86.43,0.85,3.06,1.31,15.12
BOS,2023-02-17,23,1,30,1,29,0.0,0.0,65.52,241.0,13.0,0.0,240.0,1.9,1.62,0.41,29.55
BOS,2023-02-18,0,0,5,0,10,0.0,0.0,90.0,0.0,0.0,0.0,0.0,0.9,2.84,0.8,26.2
BOS,2023-02-18,1,0,1,0,1,0.0,0.0,0.0,0.0,0.0,0.0,0.0,0.0,9.7,0.0,32.0
BOS,2023-02-18,2,0,0,0,0,0.0,0.0,0.0,0.0,0.0,0.0,0.0,0.0,0.0,0.0,0.0
BOS,2023-02-18,3,0,0,0,0,0.0,0.0,0.0,0.0,0.0,0.0,0.0,0.0,0.0,0.0,0.0
BOS,2023-02-18,4,0,1,0,1,0.0,0.0,100.0,0.0,0.0,0.0,0.0,0.0,0.7,0.0,0.0
BOS,2023-02-18,5,14,6,14,8,92.86,92.86,62.5,2.79,18.0,4.22,5.0,0.13,5.0,1.13,20.38
BOS,2023-02-18,6,32,10,32,11,81.25,62.5,81.82,7.13,22.94,9.16,14.06,0.82,4.91,1.27,6.73
BOS,2023-02-18,7,36,14,35,12,82.86,77.14,83.33,16.8,20.63,6.01,21.43,1.08,3.92,2.33,68.83
BOS,2023-02-18,8,32,22,34,23,64.71,55.88,65.22,34.47,18.18,4.26,37.91,0.96,1.28,2.04,61.61
BOS,2023-02-18,9,29,18,31,23,83.87,77.42,82.61,7.26,18.52,5.02,10.65,2.04,3.19,2.09,17.39
BOS,2023-02-18,10,31,23,33,26,75.76,66.67,88.46,18.76,16.64,3.47,21.24,2.81,2.8,1.42,5.5
BOS,2023-02-18,11,20,16,22,15,77.27,68.18,73.33,20.09,20.5,6.9,24.55,2.53,0.81,1.0,11.2
BOS,2023-02-18,12,22,21,21,23,66.67,66.67,86.96,28.62,17.24,3.6,30.86,1.96,1.77,0.7,6.78
BOS,2023-02-18,13,17,22,19,24,89.47,84.21,91.67,13.16,13.79,1.58,13.84,1.88,1.93,0.46,5.38
BOS,2023-02-18,14,19,27,19,29,73.68,68.42,72.41,19.74,14.53,1.61,20.37,5.0,2.11,3.93,16.34
BOS,2023-02-18,15,21,30,21,31,76.19,76.19,83.87,9.14,14.1,1.12,9.29,2.55,5.26,6.26,6.52
BOS,2023-02-18,16,26,30,29,36,89.66,89.66,91.67,5.9,14.66,1.52,6.45,2.39,6.11,4.36,4.97
BOS,2023-02-18,17,27,26,27,27,66.67,59.26,92.59,23.63,16.22,2.71,25.37,1.59,2.05,1.37,5.63
BOS,2023-02-18,18,28,26,33,27,78.79,72.73,74.07,12.52,17.97,4.49,16.12,4.41,3.69,2.59,15.15
BOS,2023-02-18,19,23,27,23,28,82.61,82.61,67.86,6.35,17.0,3.06,8.22,3.21,7.33,5.36,23.0
BOS,2023-02-18,20,15,24,15,25,80.0,80.0,60.0,11.47,15.27,1.85,12.13,2.52,5.95,3.92,28.4
BOS,2023-02-18,21,14,19,15,17,66.67,66.67,64.71,17.73,13.47,0.81,17.53,2.0,4.28,3.65,18.06
BOS,2023-02-18,22,7,19,7,19,71.43,71.43,78.95,15.71,13.29,0.84,15.43,1.58,3.68,0.58,9.16
BOS,2023-02-18,23,1,25,1,27,100.0,100.0,74.07,5.0,10.0,0.0,1.0,1.26,1.92,3.48,12.48
BOS,2023-02-19,0,1,8,2,5,100.0,50.0,80.0,11.0,17.0,3.3,14.5,0.0,1.86,2.6,6.6
BOS,2023-02-19,1,0,1,0,2,0.0,0.0,100.0,0.0,0.0,0.0,0.0,0.0,0.85,0.0,0.0
BOS,2023-02-19,3,0,0,0,1,0.0,0.0,0.0,0.0,0.0,0.0,0.0,0.0,2.7,0.0,48.0
BOS,2023-02-19,4,0,1,0,1,0.0,0.0,100.0,0.0,0.0,0.0,0.0,0.0,0.7,0.0,0.0
BOS,2023-02-19,5,13,8,13,7,92.31,92.31,71.43,3.23,15.54,1.8,3.54,0.29,4.4,6.86,26.71
BOS,2023-02-19,6,29,10,29,9,82.76,82.76,88.89,22.72,16.76,3.64,24.79,0.44,6.39,2.78,2.67
BOS,2023-02-19,7,38,10,37,11,91.89,70.27,90.91,10.65,25.35,10.88,18.76,0.36,4.07,2.55,2.09
BOS,2023-02-19,8,33,19,33,17,96.97,93.94,76.47,1.85,15.88,2.41,2.85,1.65,3.24,0.76,9.29
BOS,2023-02-19,9,30,20,33,21,81.82,81.82,95.24,12.42,15.21,2.14,14.12,2.24,2.39,1.0,1.81
BOS,2023-02-19,10,24,26,26,26,96.15,84.62,88.46,4.85,15.62,2.8,6.58,3.27,1.92,1.31,4.42
BOS,2023-02-19,11,29,21,29,23,82.76,82.76,95.65,5.83,16.03,3.0,8.07,2.22,1.02,0.65,1.87
BOS,2023-02-19,12,22,26,23,27,95.65,73.91,92.59,2.0,19.61,6.49,7.17,1.7,3.63,1.67,4.74
BOS,2023-02-19,13,19,25,20,29,90.0,90.0,86.21,5.95,14.3,1.37,6.25,1.79,2.48,1.1,10.38
BOS,2023-02-19,14,23,33,26,32,88.46,84.62,93.75,5.96,17.0,3.88,9.31,3.13,1.78,1.53,3.47
BOS,2023-02-19,15,22,32,24,32,87.5,87.5,90.63,3.5,18.0,4.74,6.46,2.25,2.54,1.88,7.0
BOS,2023-02-19,16,38,37,40,39,72.5,62.5,82.05,17.65,20.98,6.95,22.8,3.21,4.77,2.95,7.03
BOS,2023-02-19,17,31,35,30,39,73.33,66.67,84.62,16.13,18.1,4.33,19.23,3.64,8.67,5.0,5.67
BOS,2023-02-19,18,38,28,42,34,80.95,64.29,70.59,8.05,24.17,10.23,16.07,6.06,7.3,6.41,16.09
BOS,2023-02-19,19,32,24,33,26,75.76,72.73,69.23,17.82,16.67,2.92,19.48,4.23,4.01,2.54,12.0
BOS,2023-02-19,20,22,30,22,33,68.18,68.18,84.85,28.32,17.41,4.09,29.45,6.76,2.46,2.3,10.0
BOS,2023-02-19,21,19,22,22,24,86.36,72.73,66.67,8.09,18.32,5.06,11.23,3.92,3.92,5.88,24.63
BOS,2023-02-19,22,9,24,9,24,77.78,88.89,87.5,7.22,15.11,1.01,7.44,3.08,3.02,3.13,8.83
BOS,2023-02-19,23,1,30,1,31,0.0,0.0,80.65,37.0,10.0,0.0,33.0,2.87,0.64,2.58,7.13
BOS,2023-02-20,0,0,8,0,8,0.0,0.0,87.5,0.0,0.0,0.0,0.0,2.25,2.45,1.38,5.38
BOS,2023-02-20,1,0,1,0,1,0.0,0.0,100.0,0.0,0.0,0.0,0.0,0.0,6.7,3.0,0.0
BOS,2023-02-20,3,0,0,0,0,0.0,0.0,0.0,0.0,0.0,0.0,0.0,0.0,0.0,0.0,0.0
BOS,2023-02-20,4,0,1,0,2,0.0,0.0,100.0,0.0,0.0,0.0,0.0,0.0,1.75,0.0,0.0
BOS,2023-02-20,5,14,7,14,9,100.0,100.0,66.67,0.21,16.43,2.96,1.43,5.44,5.4,6.44,33.89
BOS,2023-02-20,6,38,8,39,9,89.74,89.74,88.89,6.56,19.15,5.23,9.23,0.11,4.84,3.78,3.67
BOS,2023-02-20,7,43,22,44,21,86.36,81.82,85.71,4.77,21.64,7.28,9.2,4.57,4.05,1.76,3.1
BOS,2023-02-20,8,38,28,38,28,81.58,76.32,85.71,11.89,17.24,3.8,14.05,2.36,2.73,0.21,5.82
BOS,2023-02-20,9,29,21,31,23,83.87,80.65,78.26,11.61,15.0,2.35,13.13,3.13,3.3,3.17,12.87
BOS,2023-02-20,10,26,25,28,28,78.57,78.57,89.29,9.04,14.61,1.54,9.29,5.36,1.34,0.93,5.0
BOS,2023-02-20,11,27,24,28,22,92.86,92.86,95.45,6.21,14.36,1.3,6.68,2.18,1.54,0.5,0.91
BOS,2023-02-20,12,24,27,25,30,88.0,88.0,93.33,12.2,18.36,5.14,15.04,3.33,1.49,0.6,3.33
BOS,2023-02-20,13,23,27,26,32,96.15,96.15,78.13,1.04,14.12,1.36,1.12,1.59,2.58,1.59,18.53
BOS,2023-02-20,14,27,28,28,34,89.29,78.57,94.12,7.36,16.32,3.52,10.07,2.03,1.59,1.21,7.74
BOS,2023-02-20,15,21,36,22,35,81.82,81.82,91.43,8.18,18.27,4.65,11.23,1.03,1.72,0.91,7.26
BOS,2023-02-20,16,38,38,38,40,84.21,76.32,87.5,9.26,19.5,5.66,13.08,1.65,3.92,1.98,9.08
BOS,2023-02-20,17,32,33,34,33,88.24,82.35,90.91,5.44,17.26,4.17,7.91,2.0,3.13,0.55,4.24
BOS,2023-02-20,18,40,28,41,29,80.49,70.73,75.86,9.66,20.88,7.04,14.66,2.52,5.12,3.0,10.28
BOS,2023-02-20,19,33,26,33,28,87.88,78.79,71.43,9.39,20.12,6.03,13.45,2.29,4.44,2.07,10.5
BOS,2023-02-20,20,23,36,25,37,76.0,76.0,89.19,12.52,18.36,4.38,14.4,3.32,3.57,1.32,2.54
BOS,2023-02-20,21,19,24,19,28,78.95,68.42,67.86,6.26,22.26,8.42,11.37,2.07,5.62,3.18,24.21
BOS,2023-02-20,22,9,26,14,26,71.43,71.43,84.62,10.07,17.5,3.45,10.64,0.96,2.48,1.27,20.0
BOS,2023-02-20,23,1,31,1,31,100.0,100.0,77.42,0.0,15.0,1.0,1.0,1.26,2.1,0.48,12.39
BOS,2023-02-21,0,0,8,0,8,0.0,0.0,100.0,0.0,0.0,0.0,0.0,0.63,1.36,0.88,2.63
BOS,2023-02-21,1,0,1,1,1,0.0,0.0,100.0,42.0,19.0,5.6,48.0,0.0,0.7,0.0,0.0
BOS,2023-02-21,2,0,0,0,0,0.0,0.0,0.0,0.0,0.0,0.0,0.0,0.0,0.0,0.0,0.0
BOS,2023-02-21,3,0,0,0,0,0.0,0.0,0.0,0.0,0.0,0.0,0.0,0.0,0.0,0.0,0.0
BOS,2023-02-21,4,0,1,0,3,0.0,0.0,100.0,0.0,0.0,0.0,0.0,0.0,0.83,0.0,0.67
BOS,2023-02-21,5,14,6,16,9,75.0,68.75,77.78,17.19,20.19,7.59,23.56,0.22,8.53,2.11,9.67
BOS,2023-02-21,6,38,8,38,11,92.11,18.42,72.73,9.37,37.95,23.83,30.26,1.73,10.89,2.36,9.73
BOS,2023-02-21,7,42,22,43,23,81.4,27.91,78.26,7.7,40.3,25.87,30.88,1.87,10.0,4.35,11.57
BOS,2023-02-21,8,38,26,39,27,58.97,25.64,74.07,15.56,37.95,23.98,37.82,1.89,7.82,3.19,17.67
BOS,2023-02-21,9,31,21,36,23,75.0,38.89,78.26,15.56,30.31,17.18,30.19,3.3,6.76,4.09,9.17
BOS,2023-02-21,10,23,24,30,25,73.33,46.67,72.0,17.37,22.9,9.58,25.8,1.6,6.84,3.36,10.72
BOS,2023-02-21,11,26,22,30,22,73.33,73.33,86.36,10.33,15.03,2.06,11.8,2.32,3.32,0.23,7.91
BOS,2023-02-21,12,22,28,22,29,90.91,86.36,82.76,4.05,15.82,3.93,6.27,1.0,2.82,1.21,6.0
BOS,2023-02-21,13,21,27,21,30,90.48,85.71,80.0,4.81,14.67,2.47,6.05,3.8,4.06,2.0,19.27
BOS,2023-02-21,14,29,30,30,33,76.67,76.67,66.67,20.23,14.73,2.4,21.9,3.21,4.31,3.33,18.33
BOS,2023-02-21,15,24,35,24,34,66.67,66.67,88.24,19.79,14.79,2.15,21.38,2.91,3.71,1.88,7.82
BOS,2023-02-21,16,35,34,34,35,70.59,58.82,80.0,17.68,18.91,5.26,21.5,2.77,8.58,5.11,14.86
BOS,2023-02-21,17,32,35,37,42,72.97,64.86,78.57,13.24,18.59,5.17,17.3,3.07,5.2,5.79,13.5
BOS,2023-02-21,18,38,26,41,31,75.61,63.41,74.19,13.2,23.02,9.09,20.49,4.55,4.7,4.23,12.81
BOS,2023-02-21,19,31,24,32,27,59.38,50.0,74.07,22.44,20.31,6.54,27.03,5.44,6.55,5.37,16.37
BOS,2023-02-21,20,22,38,26,38,57.69,50.0,76.32,20.23,17.42,4.15,23.62,4.39,6.73,3.53,11.08
BOS,2023-02-21,21,17,22,18,22,88.89,72.22,68.18,7.94,17.28,4.34,10.44,2.91,4.09,3.91,16.91
BOS,2023-02-21,22,9,25,15,27,73.33,80.0,77.78,8.53,16.07,2.53,9.73,1.78,2.15,1.89,27.52
BOS,2023-02-21,23,1,29,1,29,100.0,100.0,79.31,0.0,20.0,6.0,6.0,2.0,1.82,1.31,5.97
BOS,2023-02-22,0,0,7,0,8,0.0,0.0,75.0,0.0,0.0,0.0,0.0,0.75,1.96,1.13,6.38
BOS,2023-02-22,1,0,2,0,1,0.0,0.0,100.0,0.0,0.0,0.0,0.0,0.0,3.7,0.0,13.0
BOS,2023-02-22,2,0,0,0,0,0.0,0.0,0.0,0.0,0.0,0.0,0.0,0.0,0.0,0.0,0.0
BOS,2023-02-22,4,0,1,0,3,0.0,0.0,100.0,0.0,0.0,0.0,0.0,0.0,0.5,0.0,7.67
BOS,2023-02-22,5,14,6,14,8,85.71,57.14,62.5,69.14,21.71,7.92,75.79,0.0,1.41,7.38,27.25
BOS,2023-02-22,6,38,9,38,12,92.11,71.05,66.67,8.61,26.03,11.99,16.39,1.33,6.22,0.83,19.42
BOS,2023-02-22,7,42,23,45,24,86.67,53.33,83.33,6.0,26.49,12.12,15.73,2.0,5.53,4.42,5.67
BOS,2023-02-22,8,37,27,38,27,86.84,78.95,88.89,7.71,20.37,6.65,11.5,3.3,6.47,2.37,3.11
BOS,2023-02-22,9,32,21,34,25,91.18,88.24,88.0,3.68,16.59,3.36,5.0,2.48,2.09,3.48,3.76
BOS,2023-02-22,10,22,24,25,25,88.0,88.0,92.0,4.44,16.12,2.83,5.76,2.8,2.1,2.04,1.88
BOS,2023-02-22,11,25,25,30,28,90.0,90.0,82.14,4.9,16.2,2.99,6.33,3.04,1.24,3.14,16.54
BOS,2023-02-22,12,26,25,26,25,92.31,80.77,96.0,12.19,20.04,6.89,16.38,1.28,1.59,1.2,1.52
BOS,2023-02-22,13,19,27,23,28,86.96,82.61,85.71,4.78,16.17,3.35,6.48,1.86,1.2,1.57,7.11
BOS,2023-02-22,14,26,28,26,30,84.62,80.77,90.0,6.31,16.08,3.26,7.96,0.93,1.86,0.17,11.83
BOS,2023-02-22,15,22,36,26,36,84.62,65.38,91.67,5.88,22.46,8.5,13.0,1.03,1.86,2.28,4.11
BOS,2023-02-22,16,36,34,36,31,72.22,61.11,61.29,17.06,20.72,7.06,21.83,2.68,3.47,4.65,39.26
BOS,2023-02-22,17,33,34,33,34,63.64,57.58,76.47,20.06,18.12,5.15,24.3,3.24,2.71,5.09,15.21
BOS,2023-02-22,18,38,27,34,33,73.53,55.88,81.82,25.03,20.94,7.79,31.74,2.91,5.35,2.97,11.42
BOS,2023-02-22,19,31,28,33,32,84.85,66.67,56.25,20.3,26.97,13.0,31.27,4.22,4.23,5.19,30.56
BOS,2023-02-22,20,23,36,22,36,63.64,27.27,63.89,28.82,37.68,24.24,51.32,6.06,7.12,8.58,25.69
BOS,2023-02-22,21,19,23,22,21,72.73,18.18,66.67,16.95,46.68,32.85,46.55,2.48,8.15,5.52,12.24
BOS,2023-02-22,22,9,25,12,23,16.67,0.0,69.57,52.67,47.5,34.23,85.67,34.65,5.47,34.65,48.74
BOS,2023-02-22,23,1,29,1,28,100.0,0.0,28.57,6.0,61.0,47.0,53.0,51.04,7.59,53.25,81.82
BOS,2023-02-23,0,0,8,0,7,0.0,0.0,42.86,0.0,0.0,0.0,0.0,0.86,6.99,5.86,70.57
BOS,2023-02-23,1,0,1,0,6,0.0,0.0,33.33,0.0,0.0,0.0,0.0,1.67,6.38,8.33,36.83
BOS,2023-02-23,2,0,0,1,1,100.0,100.0,0.0,0.0,13.0,0.0,0.0,0.0,3.8,0.0,29.0
BOS,2023-02-23,3,0,0,0,1,0.0,0.0,100.0,0.0,0.0,0.0,0.0,6.0,3.8,0.0,0.0
BOS,2023-02-23,4,0,1,0,3,0.0,0.0,100.0,0.0,0.0,0.0,0.0,0.0,7.43,2.0,3.0
BOS,2023-02-23,5,14,8,14,9,57.14,0.0,55.56,65.71,62.29,48.42,112.5,0.44,24.17,19.0,23.33
BOS,2023-02-23,6,38,8,30,11,50.0,0.0,54.55,54.27,66.27,52.3,104.57,0.45,9.16,2.18,22.0
BOS,2023-02-23,7,42,22,40,10,45.0,0.0,60.0,41.0,71.13,56.76,96.78,4.2,15.89,9.3,25.4
BOS,2023-02-23,8,39,25,32,14,28.13,0.0,64.29,74.44,66.5,52.14,126.06,3.93,10.28,8.86,25.93
BOS,2023-02-23,9,29,20,24,14,66.67,8.33,35.71,21.29,57.75,44.29,64.42,11.14,12.09,17.0,42.86
BOS,2023-02-23,10,22,25,19,25,42.11,5.26,40.0,38.89,49.84,36.03,74.21,14.08,9.9,12.64,27.88
BOS,2023-02-23,11,27,22,28,18,35.71,3.57,44.44,33.14,44.46,30.39,62.93,4.94,11.07,5.56,18.83
BOS,2023-02-23,12,25,28,21,20,47.62,19.05,45.0,23.76,40.14,26.57,48.9,2.1,10.33,4.2,36.35
BOS,2023-02-23,13,21,28,12,24,16.67,0.0,41.67,56.83,40.08,26.1,82.75,4.42,9.37,5.58,51.71
BOS,2023-02-23,14,28,29,24,27,41.67,16.67,59.26,42.21,38.0,23.97,65.42,1.63,6.54,2.93,27.67
BOS,2023-02-23,15,22,34,21,33,57.14,9.52,48.48,23.52,42.43,28.47,50.67,3.97,4.19,6.82,51.94
BOS,2023-02-23,16,37,38,31,32,29.03,3.23,43.75,50.23,48.19,33.92,83.71,7.72,7.03,9.66,43.5
BOS,2023-02-23,17,32,34,24,25,33.33,12.5,16.0,57.5,42.13,28.08,84.33,10.4,15.14,21.32,83.48
BOS,2023-02-23,18,41,26,34,24,44.12,5.88,33.33,58.79,49.59,35.36,93.53,7.5,16.88,17.17,45.54
BOS,2023-02-23,19,32,23,28,26,42.86,7.14,23.08,63.25,57.96,43.76,106.11,5.04,16.6,12.31,66.46
BOS,2023-02-23,20,23,36,23,33,13.04,4.35,36.36,72.0,59.13,45.07,116.22,3.42,14.39,10.12,50.3
BOS,2023-02-23,21,20,23,18,24,44.44,5.56,37.5,42.5,56.39,42.67,84.61,13.0,13.74,12.25,57.5
BOS,2023-02-23,22,8,26,13,19,7.69,0.0,26.32,67.38,67.92,53.75,121.15,14.21,8.19,10.32,119.47
BOS,2023-02-23,23,1,31,2,30,50.0,0.0,16.67,20.0,71.0,57.3,77.5,23.17,5.47,19.17,60.0
BOS,2023-02-24,0,0,8,1,9,100.0,100.0,11.11,0.0,22.0,8.6,0.0,6.0,17.93,15.0,80.56
BOS,2023-02-24,1,0,1,0,2,0.0,0.0,50.0,0.0,0.0,0.0,0.0,4.0,2.2,6.0,13.0
BOS,2023-02-24,2,0,0,0,1,0.0,0.0,100.0,0.0,0.0,0.0,0.0,9.0,2.7,11.0,0.0
BOS,2023-02-24,3,0,0,0,0,0.0,0.0,0.0,0.0,0.0,0.0,0.0,0.0,0.0,0.0,0.0
BOS,2023-02-24,4,0,1,0,2,0.0,0.0,100.0,0.0,0.0,0.0,0.0,0.0,0.8,0.0,0.0
BOS,2023-02-24,5,14,7,16,9,68.75,31.25,44.44,10.94,32.44,18.44,28.56,0.22,10.18,6.22,22.67
BOS,2023-02-24,6,37,10,39,9,71.79,12.82,44.44,18.15,43.41,29.39,45.46,1.44,8.92,1.56,92.78
BOS,2023-02-24,7,44,21,45,20,68.89,8.89,80.0,15.2,53.31,38.88,52.36,4.05,7.11,4.3,11.25
BOS,2023-02-24,8,38,28,37,26,62.16,10.81,76.92,28.11,43.03,29.07,54.49,3.85,6.68,3.23,14.88
BOS,2023-02-24,9,28,23,33,24,60.61,27.27,66.67,36.55,28.73,14.89,49.97,3.0,4.43,2.21,15.67
BOS,2023-02-24,10,25,28,30,31,60.0,36.67,70.97,23.3,28.43,14.66,37.0,4.58,6.13,3.06,9.71
BOS,2023-02-24,11,30,22,29,20,79.31,41.38,70.0,14.59,27.59,13.86,27.52,3.6,3.01,2.2,15.85
BOS,2023-02-24,12,23,27,21,26,61.9,33.33,80.77,18.57,28.52,14.77,31.81,3.15,2.97,0.65,12.04
BOS,2023-02-24,13,22,26,18,28,66.67,50.0,71.43,18.56,21.72,7.86,25.06,4.0,4.06,2.32,10.61
BOS,2023-02-24,14,26,28,29,26,62.07,41.38,65.38,16.55,23.03,9.67,25.1,2.0,3.01,1.15,27.58
BOS,2023-02-24,15,22,39,23,37,73.91,56.52,64.86,23.78,22.96,9.06,31.22,3.7,3.46,1.51,29.81
BOS,2023-02-24,16,38,38,38,39,60.53,52.63,79.49,30.03,19.32,5.64,35.0,3.95,2.12,1.33,12.51
BOS,2023-02-24,17,33,34,35,32,60.0,42.86,65.63,28.51,21.37,7.6,35.43,2.13,4.41,1.44,28.94
BOS,2023-02-24,18,41,25,43,33,60.47,46.51,66.67,39.23,21.49,7.38,45.65,2.76,6.11,2.76,20.64
BOS,2023-02-24,19,33,25,35,26,54.29,42.86,61.54,25.77,20.26,6.35,31.4,1.27,5.66,1.92,23.5
BOS,2023-02-24,20,22,36,23,38,30.43,21.74,44.74,41.13,21.35,7.17,48.0,2.05,4.26,1.95,29.95
BOS,2023-02-24,21,19,25,19,24,47.37,31.58,50.0,58.32,24.53,10.52,67.16,1.08,8.5,4.46,39.25
BOS,2023-02-24,22,9,26,14,26,35.71,28.57,50.0,84.21,17.5,3.62,87.36,0.46,2.46,3.42,45.35
BOS,2023-02-24,23,1,31,1,31,100.0,0.0,61.29,12.0,20.0,6.0,18.0,23.84,3.38,23.42,57.23
BOS,2023-02-25,0,0,6,0,9,0.0,0.0,44.44,0.0,0.0,0.0,0.0,0.89,4.96,2.33,32.89
BOS,2023-02-25,1,0,1,0,1,0.0,0.0,0.0,0.0,0.0,0.0,0.0,0.0,0.0,0.0,39.0
BOS,2023-02-25,2,0,0,0,0,0.0,0.0,0.0,0.0,0.0,0.0,0.0,0.0,0.0,0.0,0.0
BOS,2023-02-25,4,0,1,0,2,0.0,0.0,100.0,0.0,0.0,0.0,0.0,0.0,9.7,0.0,4.0
BOS,2023-02-25,5,14,6,14,8,71.43,64.29,25.0,68.64,21.21,7.43,74.5,1.13,11.44,5.88,56.38
BOS,2023-02-25,6,31,10,32,12,62.5,50.0,33.33,17.88,22.53,8.7,25.19,1.17,15.73,6.58,63.92
BOS,2023-02-25,7,37,14,36,12,61.11,52.78,91.67,22.14,20.58,6.11,26.92,1.17,4.39,3.83,63.17
BOS,2023-02-25,8,33,21,32,19,56.25,56.25,68.42,26.81,19.75,5.46,31.16,0.53,2.57,3.68,22.37
BOS,2023-02-25,9,28,18,32,21,62.5,65.63,85.71,20.28,16.81,3.7,22.84,1.29,2.69,4.52,8.24
BOS,2023-02-25,10,31,23,35,26,60.0,57.14,80.77,25.89,17.06,4.3,29.11,2.65,3.07,1.46,10.69
BOS,2023-02-25,11,19,16,21,16,52.38,47.62,68.75,26.33,18.05,4.07,29.48,3.19,3.15,3.06,17.69
BOS,2023-02-25,12,21,21,22,21,77.27,72.73,80.95,12.32,17.05,3.69,14.64,1.81,3.17,1.57,25.24
BOS,2023-02-25,13,17,20,15,22,73.33,73.33,59.09,10.0,13.93,1.31,10.27,3.73,4.9,5.68,49.32
BOS,2023-02-25,14,18,28,20,29,65.0,60.0,82.76,19.75,19.0,6.4,25.65,1.52,3.37,3.17,6.79
BOS,2023-02-25,15,21,30,22,33,68.18,27.27,69.7,17.77,35.77,22.32,38.45,3.0,3.72,5.09,11.79
BOS,2023-02-25,16,26,30,31,30,51.61,25.81,66.67,37.0,39.71,25.58,61.23,1.17,3.38,2.47,37.17
BOS,2023-02-25,17,27,25,28,25,64.29,21.43,76.0,27.46,41.14,27.57,53.29,3.6,7.29,7.0,21.28
BOS,2023-02-25,18,29,27,29,28,65.52,10.34,39.29,21.21,53.76,39.71,59.07,8.29,12.18,16.96,40.75
BOS,2023-02-25,19,24,27,25,30,28.0,4.0,46.67,45.96,45.32,31.06,76.36,7.0,12.33,13.17,36.47
BOS,2023-02-25,20,15,24,15,25,26.67,13.33,40.0,67.33,36.2,22.14,88.8,2.68,21.28,14.56,39.88
BOS,2023-02-25,21,15,19,15,20,33.33,20.0,45.0,25.87,28.33,14.78,39.13,1.45,15.84,11.5,39.2
BOS,2023-02-25,22,7,20,9,20,44.44,22.22,45.0,33.56,28.56,15.01,43.78,1.4,6.84,4.1,36.4
BOS,2023-02-25,23,1,26,2,26,50.0,0.0,46.15,25.0,33.5,19.8,45.0,1.0,2.95,1.96,46.96
BOS,2023-02-26,0,1,8,1,5,0.0,0.0,60.0,36.0,52.0,38.6,75.0,2.0,3.54,1.4,24.0
BOS,2023-02-26,1,0,1,0,1,0.0,0.0,0.0,0.0,0.0,0.0,0.0,0.0,4.7,0.0,124.0
BOS,2023-02-26,2,0,0,0,0,0.0,0.0,0.0,0.0,0.0,0.0,0.0,0.0,0.0,0.0,0.0
BOS,2023-02-26,3,0,0,0,0,0.0,0.0,0.0,0.0,0.0,0.0,0.0,0.0,0.0,0.0,0.0
BOS,2023-02-26,4,0,1,0,1,0.0,0.0,0.0,0.0,0.0,0.0,0.0,0.0,3.7,0.0,20.0
BOS,2023-02-26,5,13,8,13,6,76.92,69.23,33.33,49.62,21.77,7.62,55.0,0.17,3.68,2.67,61.67
BOS,2023-02-26,6,31,10,31,9,74.19,64.52,44.44,19.52,22.65,8.91,26.06,0.33,4.34,0.89,102.78
BOS,2023-02-26,7,38,10,39,13,82.05,66.67,61.54,11.77,23.08,8.76,18.54,1.62,3.75,10.92,28.54
BOS,2023-02-26,8,34,20,34,18,67.65,41.18,83.33,16.21,26.21,12.52,27.12,1.5,4.68,3.94,10.11
BOS,2023-02-26,9,30,21,30,21,70.0,60.0,76.19,22.47,18.83,5.73,27.1,2.81,5.74,4.48,19.33
BOS,2023-02-26,10,22,26,25,26,72.0,36.0,88.46,14.36,31.48,18.61,31.64,4.35,2.95,1.54,4.81
BOS,2023-02-26,11,29,21,28,22,64.29,17.86,63.64,16.07,35.5,21.9,35.21,6.0,2.31,3.82,10.55
BOS,2023-02-26,12,23,24,23,30,91.3,60.87,66.67,5.87,26.43,12.54,16.22,7.7,4.15,9.4,23.07
BOS,2023-02-26,13,19,28,18,28,55.56,11.11,78.57,39.72,35.22,21.34,59.61,5.46,3.9,2.57,18.39
BOS,2023-02-26,14,26,34,28,34,71.43,35.71,70.59,17.14,26.43,13.56,29.0,3.71,3.85,4.91,20.5
BOS,2023-02-26,15,24,36,26,35,57.69,42.31,65.71,26.88,19.96,6.48,31.73,3.6,5.18,6.71,27.97
BOS,2023-02-26,16,38,37,39,38,71.79,61.54,55.26,18.54,21.13,7.26,24.26,5.11,5.94,5.79,19.71
BOS,2023-02-26,17,32,34,29,33,51.72,41.38,45.45,30.9,23.93,10.12,40.21,3.06,6.63,10.85,43.91
BOS,2023-02-26,18,40,27,45,35,57.78,37.78,37.14,43.76,26.93,13.28,55.64,4.14,7.29,10.09,34.26
BOS,2023-02-26,19,32,27,33,27,48.48,36.36,40.74,36.61,25.27,11.27,46.58,2.04,9.51,6.52,34.15
BOS,2023-02-26,20,25,32,25,36,56.0,28.0,38.89,25.32,25.64,11.56,35.68,3.08,6.27,4.97,30.14
BOS,2023-02-26,21,20,23,20,23,50.0,40.0,47.83,67.35,23.0,8.99,74.75,1.13,8.56,4.04,23.57
BOS,2023-02-26,22,9,25,9,25,66.67,44.44,44.0,17.44,22.78,8.32,24.0,1.04,4.65,0.52,53.8
BOS,2023-02-26,23,1,32,1,31,0.0,0.0,67.74,166.0,23.0,9.0,175.0,1.32,2.02,1.16,40.45
BOS,2023-02-27,0,0,8,0,8,0.0,0.0,37.5,0.0,0.0,0.0,0.0,0.38,5.74,6.25,73.13
BOS,2023-02-27,1,0,1,0,0,0.0,0.0,0.0,0.0,0.0,0.0,0.0,0.0,0.0,0.0,0.0
BOS,2023-02-27,2,0,0,0,0,0.0,0.0,0.0,0.0,0.0,0.0,0.0,0.0,0.0,0.0,0.0
BOS,2023-02-27,3,0,0,0,0,0.0,0.0,0.0,0.0,0.0,0.0,0.0,0.0,0.0,0.0,0.0
BOS,2023-02-27,4,0,1,0,2,0.0,0.0,50.0,0.0,0.0,0.0,0.0,1.0,2.25,1.5,17.0
BOS,2023-02-27,5,14,7,13,6,76.92,76.92,33.33,14.62,18.08,4.2,16.69,0.17,7.42,10.67,23.33
BOS,2023-02-27,6,38,8,40,10,85.0,70.0,90.0,10.4,21.6,7.61,16.38,0.8,6.12,2.8,7.2
BOS,2023-02-27,7,43,22,41,22,87.8,43.9,81.82,7.37,31.1,16.61,21.15,2.91,3.41,3.77,6.64
BOS,2023-02-27,8,38,28,39,28,84.62,66.67,75.0,5.67,22.62,8.71,11.31,2.93,3.04,2.89,37.5
BOS,2023-02-27,9,29,20,30,20,73.33,73.33,80.0,19.8,16.67,3.45,21.33,2.4,2.72,2.3,20.25
BOS,2023-02-27,10,26,28,27,27,70.37,70.37,81.48,29.74,13.63,1.23,29.93,2.33,2.77,2.7,6.11
BOS,2023-02-27,11,29,23,28,24,75.0,75.0,87.5,9.29,14.46,1.78,9.82,2.5,4.08,0.58,7.29
BOS,2023-02-27,12,23,28,25,32,88.0,88.0,87.5,4.36,13.24,1.03,4.52,1.66,5.87,4.41,16.5
BOS,2023-02-27,13,23,27,25,31,80.0,80.0,74.19,21.0,14.96,2.96,23.16,1.42,8.43,5.03,36.16
BOS,2023-02-27,14,27,29,27,31,74.07,62.96,80.65,10.67,16.41,3.72,13.3,1.42,5.64,3.68,13.35
BOS,2023-02-27,15,21,37,26,37,84.62,76.92,78.38,13.15,16.38,3.52,15.38,0.65,5.76,2.54,13.7
BOS,2023-02-27,16,38,36,41,40,73.17,70.73,87.5,29.34,15.49,2.33,30.83,1.77,5.34,2.83,11.8
BOS,2023-02-27,17,31,34,32,36,62.5,59.38,77.78,31.72,15.78,3.04,33.97,2.0,5.84,4.78,23.72
BOS,2023-02-27,18,40,27,43,27,67.44,65.12,74.07,43.35,17.3,3.69,45.86,2.3,16.26,12.44,20.7
BOS,2023-02-27,19,33,26,32,28,78.13,71.88,60.71,14.72,16.25,2.61,16.44,1.75,13.15,6.82,35.25
BOS,2023-02-27,20,22,36,21,35,76.19,76.19,65.71,13.24,14.0,1.33,13.9,1.71,7.47,4.89,49.29
BOS,2023-02-27,21,21,24,21,19,80.95,61.9,84.21,14.57,16.81,4.1,17.48,0.79,9.86,6.58,8.11
BOS,2023-02-27,22,9,26,15,24,73.33,73.33,70.83,11.73,15.2,3.02,13.0,0.46,5.63,2.33,27.08
BOS,2023-02-27,23,1,31,1,24,100.0,100.0,70.83,0.0,15.0,1.0,0.0,0.5,9.78,12.21,25.25
BOS,2023-02-28,0,0,8,1,8,0.0,0.0,75.0,22.0,29.0,15.6,38.0,0.38,4.19,2.63,9.0
BOS,2023-02-28,1,0,1,0,1,0.0,0.0,100.0,0.0,0.0,0.0,0.0,0.0,19.7,5.0,2.0
BOS,2023-02-28,2,0,0,2,0,50.0,50.0,0.0,21.5,21.0,7.5,29.0,0.0,0.0,0.0,0.0
BOS,2023-02-28,3,0,0,1,0,0.0,0.0,0.0,91.0,39.0,25.6,117.0,0.0,0.0,0.0,0.0
BOS,2023-02-28,4,0,1,0,3,0.0,0.0,100.0,0.0,0.0,0.0,0.0,0.0,3.77,0.33,1.33
BOS,2023-02-28,5,14,7,11,10,90.91,36.36,70.0,25.55,35.91,21.67,44.36,0.7,10.43,4.2,17.9
BOS,2023-02-28,6,38,8,30,10,70.0,20.0,50.0,25.13,51.1,37.0,57.47,1.4,12.4,6.8,20.8
BOS,2023-02-28,7,42,22,33,17,90.91,9.09,47.06,12.09,56.64,42.22,51.94,7.76,9.31,13.12,29.35
BOS,2023-02-28,8,38,24,30,16,73.33,30.0,50.0,22.67,41.57,27.4,46.27,8.13,6.96,8.88,17.19
BOS,2023-02-28,9,28,20,24,22,66.67,33.33,68.18,21.5,34.33,21.04,38.83,4.05,5.64,7.14,34.73
BOS,2023-02-28,10,24,25,22,22,68.18,27.27,68.18,13.23,39.36,25.44,36.86,6.14,6.08,8.5,40.14
BOS,2023-02-28,11,25,22,23,22,69.57,21.74,63.64,20.96,33.0,19.63,38.09,6.86,2.73,8.32,20.14
BOS,2023-02-28,12,22,27,21,24,80.95,42.86,58.33,15.71,30.86,17.17,30.29,8.08,3.08,4.38,15.0
BOS,2023-02-28,13,20,27,20,32,85.0,35.0,62.5,7.8,34.1,20.4,26.8,5.78,4.68,4.16,35.75
BOS,2023-02-28,14,29,31,33,30,66.67,42.42,66.67,28.24,22.58,9.47,35.82,2.73,5.7,3.53,25.23
BOS,2023-02-28,15,24,34,25,32,60.0,36.0,50.0,19.12,23.68,11.01,29.36,1.72,7.01,2.41,21.94
BOS,2023-02-28,16,35,34,36,36,30.56,30.56,33.33,41.92,24.75,11.41,52.33,6.5,6.62,9.58,52.14
BOS,2023-02-28,17,33,35,26,34,38.46,11.54,50.0,42.42,29.08,15.3,56.92,3.18,7.72,6.47,40.44
BOS,2023-02-28,18,38,25,39,29,53.85,35.9,41.38,37.03,22.92,9.28,44.9,5.24,9.5,8.31,50.38
BOS,2023-02-28,19,31,25,33,29,51.52,42.42,48.28,50.52,19.09,5.8,55.18,3.48,7.84,7.07,36.9
BOS,2023-02-28,20,23,38,25,37,32.0,28.0,54.05,63.12,19.96,6.94,68.32,2.7,6.55,5.3,34.41
BOS,2023-02-28,21,18,22,20,23,70.0,45.0,52.17,21.95,21.75,8.72,29.05,1.04,12.03,8.65,36.04
BOS,2023-02-28,22,9,25,15,25,66.67,60.0,36.0,29.4,15.47,3.08,31.33,0.92,6.4,1.6,45.08
BOS,2023-02-28,23,1,29,2,29,50.0,50.0,79.31,28.5,13.0,0.8,28.0,1.79,4.19,0.97,9.62
BOS,2023-03-01,0,0,11,0,9,0.0,0.0,33.33,0.0,0.0,0.0,0.0,1.33,3.06,2.22,32.22
BOS,2023-03-01,1,0,0,0,1,0.0,0.0,0.0,0.0,0.0,0.0,0.0,0.0,14.7,5.0,33.0
BOS,2023-03-01,2,0,0,0,1,0.0,0.0,0.0,0.0,0.0,0.0,0.0,0.0,0.0,0.0,37.0
BOS,2023-03-01,3,0,0,0,0,0.0,0.0,0.0,0.0,0.0,0.0,0.0,0.0,0.0,0.0,0.0
BOS,2023-03-01,4,0,1,0,3,0.0,0.0,100.0,0.0,0.0,0.0,0.0,0.67,3.1,0.0,0.0
BOS,2023-03-01,5,15,8,16,8,93.75,75.0,50.0,2.69,22.69,9.33,9.88,0.0,2.48,2.0,54.75
BOS,2023-03-01,6,37,8,37,12,94.59,43.24,41.67,2.27,36.0,22.48,20.32,3.33,6.77,7.58,23.33
BOS,2023-03-01,7,38,24,42,21,76.19,54.76,61.9,10.74,26.86,13.03,21.43,3.0,5.88,4.71,21.9
BOS,2023-03-01,8,40,28,39,27,76.92,66.67,85.19,10.54,21.31,7.92,16.44,2.63,4.59,4.15,7.44
BOS,2023-03-01,9,30,19,33,21,81.82,78.79,76.19,11.24,17.42,4.32,14.06,2.81,2.4,3.0,9.9
BOS,2023-03-01,10,24,24,32,26,56.25,56.25,92.31,16.66,18.38,4.97,20.19,2.46,2.04,1.08,2.58
BOS,2023-03-01,11,21,24,25,28,88.0,88.0,92.86,4.72,16.84,3.8,6.96,3.46,4.15,1.5,2.82
BOS,2023-03-01,12,26,25,26,27,96.15,96.15,77.78,2.15,14.5,2.05,3.12,1.56,2.36,2.93,7.0
BOS,2023-03-01,13,20,30,25,37,88.0,88.0,81.08,5.12,12.88,0.98,5.52,2.22,3.7,1.62,10.0
BOS,2023-03-01,14,25,27,29,29,75.86,75.86,75.86,9.31,13.28,1.03,9.62,1.55,4.06,2.07,27.97
BOS,2023-03-01,15,26,36,31,44,83.87,77.42,81.82,8.68,15.87,3.36,11.61,4.36,3.87,4.95,10.2
BOS,2023-03-01,16,35,32,37,34,75.68,75.68,82.35,15.54,15.59,2.91,17.22,2.21,3.24,0.94,9.74
BOS,2023-03-01,17,30,35,33,39,75.76,72.73,79.49,10.36,16.7,4.28,13.55,2.59,5.92,2.9,9.69
BOS,2023-03-01,18,42,27,45,32,82.22,53.33,71.88,7.87,24.24,10.88,16.84,3.78,6.93,6.31,10.44
BOS,2023-03-01,19,30,33,33,37,69.7,66.67,81.08,16.39,18.64,5.08,18.64,6.65,5.02,6.41,11.78
BOS,2023-03-01,20,23,31,24,34,66.67,66.67,73.53,17.21,15.46,2.53,18.29,6.32,3.89,2.68,17.38
BOS,2023-03-01,21,21,25,23,26,82.61,78.26,76.92,8.74,16.39,3.7,10.52,1.92,6.38,2.46,15.81
BOS,2023-03-01,22,10,24,15,25,93.33,86.67,100.0,9.13,16.0,2.88,10.07,2.28,1.71,1.12,1.36
BOS,2023-03-01,23,1,27,4,27,75.0,75.0,74.07,8.75,17.5,3.95,12.75,1.74,1.26,0.19,7.48
BOS,2023-03-02,0,0,11,0,11,0.0,0.0,45.45,0.0,0.0,0.0,0.0,1.45,2.44,5.0,21.0
BOS,2023-03-02,1,0,0,1,0,0.0,0.0,0.0,94.0,18.0,4.6,99.0,0.0,0.0,0.0,0.0
BOS,2023-03-02,2,0,0,0,0,0.0,0.0,0.0,0.0,0.0,0.0,0.0,0.0,0.0,0.0,0.0
BOS,2023-03-02,3,0,0,0,1,0.0,0.0,100.0,0.0,0.0,0.0,0.0,0.0,2.8,4.0,0.0
BOS,2023-03-02,4,0,1,0,3,0.0,0.0,100.0,0.0,0.0,0.0,0.0,0.0,0.9,0.0,0.0
BOS,2023-03-02,5,14,9,16,12,81.25,75.0,75.0,12.88,16.44,3.74,15.38,0.25,5.91,2.17,28.5
BOS,2023-03-02,6,37,7,38,10,89.47,84.21,80.0,5.24,19.03,5.6,8.89,1.7,7.1,1.6,10.9
BOS,2023-03-02,7,41,24,45,24,73.33,57.78,83.33,13.02,20.71,7.04,18.71,3.13,11.56,5.42,5.04
BOS,2023-03-02,8,43,26,48,29,83.33,70.83,86.21,8.85,19.06,5.81,13.17,2.21,4.7,1.69,9.66
BOS,2023-03-02,9,28,17,33,18,81.82,75.76,83.33,9.45,14.36,2.44,10.64,2.83,4.36,4.5,13.39
BOS,2023-03-02,10,22,25,23,30,52.17,56.52,70.0,25.26,14.78,2.17,26.48,3.63,3.29,6.47,18.67
BOS,2023-03-02,11,24,23,27,23,77.78,70.37,91.3,19.15,17.7,4.56,21.85,4.96,4.3,3.65,4.48
BOS,2023-03-02,12,25,28,26,27,84.62,76.92,85.19,7.42,15.46,3.02,10.15,2.11,3.87,1.0,7.78
BOS,2023-03-02,13,22,30,24,33,70.83,66.67,87.88,14.88,16.75,3.71,18.08,3.52,4.68,3.0,10.27
BOS,2023-03-02,14,26,31,30,36,86.67,73.33,83.33,20.17,19.4,6.05,24.7,15.08,2.09,10.28,18.28
BOS,2023-03-02,15,25,33,33,36,72.73,63.64,75.0,13.67,19.42,6.13,18.36,3.11,2.97,2.03,11.83
BOS,2023-03-02,16,35,35,39,38,76.92,53.85,73.68,11.31,28.0,14.43,23.85,4.82,5.24,4.24,19.53
BOS,2023-03-02,17,32,37,31,42,83.87,64.52,76.19,7.48,23.68,10.44,15.9,3.12,7.14,4.64,16.19
BOS,2023-03-02,18,45,26,48,27,77.08,52.08,85.19,15.21,25.44,12.07,25.06,3.59,3.91,2.3,10.44
BOS,2023-03-02,19,28,29,29,33,72.41,65.52,75.76,23.59,22.48,8.82,30.0,3.52,4.12,5.52,11.7
BOS,2023-03-02,20,24,33,25,33,72.0,64.0,78.79,32.36,18.28,4.7,35.08,2.97,5.14,2.52,24.33
BOS,2023-03-02,21,22,23,25,26,84.0,76.0,80.77,9.88,18.88,5.47,13.76,2.27,4.52,3.0,9.85
BOS,2023-03-02,22,10,25,16,25,75.0,68.75,84.0,11.25,18.31,4.62,13.81,1.24,3.52,1.8,10.2
BOS,2023-03-02,23,1,29,2,29,100.0,50.0,72.41,1.0,21.0,7.45,8.0,1.34,1.39,0.34,81.38
BOS,2023-03-03,0,0,11,0,11,0.0,0.0,63.64,0.0,0.0,0.0,0.0,0.36,2.06,0.45,28.55
BOS,2023-03-03,1,0,0,0,0,0.0,0.0,0.0,0.0,0.0,0.0,0.0,0.0,0.0,0.0,0.0
BOS,2023-03-03,2,0,0,0,0,0.0,0.0,0.0,0.0,0.0,0.0,0.0,0.0,0.0,0.0,0.0
BOS,2023-03-03,3,0,0,0,0,0.0,0.0,0.0,0.0,0.0,0.0,0.0,0.0,0.0,0.0,0.0
BOS,2023-03-03,4,0,1,0,3,0.0,0.0,100.0,0.0,0.0,0.0,0.0,0.33,1.1,2.33,0.33
BOS,2023-03-03,5,14,9,15,12,93.33,60.0,58.33,3.27,22.33,9.27,10.93,1.5,1.86,3.0,31.92
BOS,2023-03-03,6,37,8,40,9,87.5,70.0,77.78,8.35,25.43,11.93,18.08,1.78,4.91,0.67,12.89
BOS,2023-03-03,7,42,23,44,28,81.82,34.09,82.14,6.36,31.2,17.41,21.36,2.39,4.59,5.39,7.39
BOS,2023-03-03,8,42,30,43,28,79.07,53.49,89.29,10.3,25.53,12.16,19.79,3.18,3.18,1.61,7.89
BOS,2023-03-03,9,27,20,29,24,79.31,79.31,83.33,25.97,16.45,3.71,27.59,3.08,2.54,3.13,10.5
BOS,2023-03-03,10,25,26,28,29,75.0,75.0,86.21,11.64,14.68,1.9,13.25,1.97,3.13,0.93,10.59
BOS,2023-03-03,11,27,22,31,22,77.42,74.19,90.91,17.61,14.32,1.97,18.52,1.41,3.51,0.05,9.45
BOS,2023-03-03,12,23,26,28,30,89.29,85.71,83.33,8.32,15.64,2.91,9.82,0.97,3.11,1.47,12.83
BOS,2023-03-03,13,23,28,24,33,83.33,79.17,84.85,9.92,14.42,2.2,11.08,1.82,3.42,2.85,7.15
BOS,2023-03-03,14,26,30,29,32,89.66,89.66,84.38,15.17,12.62,0.78,15.17,1.38,3.68,0.72,13.56
BOS,2023-03-03,15,24,38,27,37,55.56,51.85,89.19,27.78,17.74,4.48,31.81,1.05,3.75,0.59,6.97
BOS,2023-03-03,16,36,35,35,39,77.14,71.43,79.49,22.86,17.14,4.65,26.29,1.69,6.49,3.33,10.95
BOS,2023-03-03,17,31,34,33,34,78.79,66.67,70.59,8.55,18.48,5.91,13.42,2.24,8.37,5.21,12.68
BOS,2023-03-03,18,45,26,45,29,73.33,64.44,79.31,22.53,18.78,5.55,27.0,1.76,12.02,5.28,10.83
BOS,2023-03-03,19,30,31,30,29,76.67,76.67,68.97,37.27,16.57,3.26,39.1,1.66,9.01,2.79,39.03
BOS,2023-03-03,20,24,33,21,27,80.95,66.67,70.37,20.62,18.81,6.3,26.24,1.7,5.15,2.67,10.22
BOS,2023-03-03,21,22,26,22,21,59.09,59.09,57.14,24.91,16.55,3.59,26.23,2.38,6.93,6.43,19.48
BOS,2023-03-03,22,9,25,14,18,57.14,57.14,50.0,18.71,13.0,1.03,18.29,1.0,6.29,3.11,119.17
BOS,2023-03-03,23,1,28,3,15,100.0,100.0,66.67,0.0,17.0,3.87,4.0,0.93,5.31,3.93,49.93
BOS,2023-03-04,0,0,9,1,4,100.0,100.0,50.0,0.0,32.0,16.9,0.0,0.25,5.25,0.0,77.75
BOS,2023-03-04,1,0,2,0,1,0.0,0.0,0.0,0.0,0.0,0.0,0.0,7.0,3.8,14.0,26.0
BOS,2023-03-04,2,0,0,1,0,100.0,100.0,0.0,0.0,16.0,2.6,3.0,0.0,0.0,0.0,0.0
BOS,2023-03-04,3,0,0,0,0,0.0,0.0,0.0,0.0,0.0,0.0,0.0,0.0,0.0,0.0,0.0
BOS,2023-03-04,4,0,1,0,1,0.0,0.0,100.0,0.0,0.0,0.0,0.0,0.0,14.7,14.0,2.0
BOS,2023-03-04,5,12,8,6,8,66.67,0.0,37.5,10.5,46.83,32.97,42.5,2.5,4.21,5.88,22.75
BOS,2023-03-04,6,34,9,23,9,60.87,8.7,55.56,25.0,47.09,33.59,56.39,3.33,5.06,5.11,81.44
BOS,2023-03-04,7,33,14,26,7,38.46,7.69,85.71,38.0,45.62,31.41,68.65,2.57,8.87,2.43,7.14
BOS,2023-03-04,8,38,21,24,12,41.67,20.83,58.33,46.21,37.54,23.87,69.58,2.92,5.01,1.17,26.92
BOS,2023-03-04,9,27,15,20,6,50.0,25.0,66.67,45.75,41.05,27.86,72.45,3.17,14.1,7.5,10.17
BOS,2023-03-04,10,24,21,12,16,16.67,8.33,62.5,80.58,42.0,28.29,108.42,1.56,4.66,2.31,23.25
BOS,2023-03-04,11,19,18,13,9,53.85,15.38,66.67,49.23,33.69,19.98,67.46,2.56,4.23,3.78,62.22
BOS,2023-03-04,12,27,20,18,17,72.22,33.33,64.71,21.67,31.39,17.94,38.28,1.94,5.17,4.76,21.53
BOS,2023-03-04,13,18,24,12,19,16.67,8.33,57.89,41.17,31.25,18.08,59.0,1.95,4.44,1.11,28.63
BOS,2023-03-04,14,16,26,11,23,54.55,45.45,78.26,33.36,19.82,6.63,39.91,2.3,3.57,4.26,9.83
BOS,2023-03-04,15,20,30,18,33,61.11,33.33,54.55,26.72,30.33,16.97,41.83,3.24,5.57,6.55,26.88
BOS,2023-03-04,16,29,28,22,25,40.91,18.18,56.0,37.59,32.59,19.14,55.95,2.84,5.48,3.88,39.0
BOS,2023-03-04,17,22,28,23,23,65.22,30.43,65.22,23.96,30.13,16.84,40.22,3.87,7.1,5.87,19.39
BOS,2023-03-04,18,33,24,29,25,68.97,51.72,44.0,16.62,26.03,12.66,27.93,3.56,6.22,2.92,61.52
BOS,2023-03-04,19,18,31,20,29,75.0,45.0,48.28,33.0,24.5,10.88,43.05,1.48,7.51,1.24,36.1
BOS,2023-03-04,20,19,20,15,21,46.67,20.0,57.14,39.13,29.87,16.53,53.67,1.29,7.81,1.38,31.71
BOS,2023-03-04,21,16,21,16,20,37.5,12.5,65.0,40.13,24.56,11.07,50.06,0.75,10.63,1.4,48.75
BOS,2023-03-04,22,8,18,8,17,37.5,37.5,58.82,91.63,21.5,8.64,97.88,0.76,7.79,0.29,37.47
BOS,2023-03-04,23,1,21,2,20,0.0,0.0,50.0,124.5,18.5,4.95,129.5,1.25,3.63,0.9,29.7
BOS,2023-03-05,0,1,11,1,10,100.0,0.0,60.0,0.0,80.0,66.6,66.0,0.0,4.5,3.5,26.2
BOS,2023-03-05,1,0,2,0,2,0.0,0.0,0.0,0.0,0.0,0.0,0.0,0.0,1.85,0.0,52.5
BOS,2023-03-05,2,0,0,0,0,0.0,0.0,0.0,0.0,0.0,0.0,0.0,0.0,0.0,0.0,0.0
BOS,2023-03-05,3,0,0,0,0,0.0,0.0,0.0,0.0,0.0,0.0,0.0,0.0,0.0,0.0,0.0
BOS,2023-03-05,4,0,1,0,1,0.0,0.0,100.0,0.0,0.0,0.0,0.0,0.0,0.0,0.0,0.0
BOS,2023-03-05,5,13,10,13,8,76.92,46.15,75.0,16.77,21.77,8.39,23.46,0.75,3.29,2.25,13.38
BOS,2023-03-05,6,30,9,30,8,93.33,73.33,75.0,5.77,21.77,8.47,12.6,1.63,3.4,0.0,8.75
BOS,2023-03-05,7,36,11,34,10,82.35,61.76,90.0,12.44,24.15,10.32,20.41,0.3,4.56,1.3,13.6
BOS,2023-03-05,8,37,21,39,20,82.05,79.49,85.0,15.87,21.0,7.74,21.69,2.2,3.03,2.4,15.55
BOS,2023-03-05,9,27,20,28,18,75.0,75.0,88.89,42.39,15.96,2.8,44.32,2.56,1.64,4.11,6.83
BOS,2023-03-05,10,23,25,21,27,80.95,66.67,92.59,14.05,17.95,5.2,18.0,3.96,1.35,1.3,2.11
BOS,2023-03-05,11,26,20,29,21,82.76,75.86,85.71,6.9,19.41,6.32,10.93,4.67,2.38,0.33,8.67
BOS,2023-03-05,12,22,26,25,27,88.0,68.0,88.89,14.56,19.96,7.06,20.24,2.93,2.24,1.41,8.81
BOS,2023-03-05,13,22,28,23,31,69.57,65.22,80.65,15.91,15.52,2.96,17.7,3.61,1.83,1.71,8.29
BOS,2023-03-05,14,22,32,25,36,80.0,76.0,80.56,8.6,17.68,4.68,11.52,2.64,1.79,3.28,22.31
BOS,2023-03-05,15,27,37,34,40,79.41,64.71,75.0,8.59,17.91,5.1,12.59,1.95,2.23,4.0,13.15
BOS,2023-03-05,16,38,34,38,38,73.68,65.79,86.84,20.05,20.16,7.07,25.97,2.32,5.26,3.55,8.5
BOS,2023-03-05,17,28,34,32,38,87.5,78.13,84.21,10.09,19.78,6.92,15.13,1.26,3.91,2.16,14.0
BOS,2023-03-05,18,47,26,49,30,67.35,46.94,73.33,24.27,23.53,10.04,32.86,2.83,2.36,2.47,17.4
BOS,2023-03-05,19,27,31,28,32,60.71,53.57,71.88,21.39,20.11,6.47,26.36,1.84,3.12,0.75,25.72
BOS,2023-03-05,20,25,28,25,29,72.0,68.0,86.21,14.4,19.52,6.02,17.16,2.38,2.87,0.62,13.69
BOS,2023-03-05,21,23,26,24,29,62.5,54.17,44.83,19.04,20.38,6.81,23.75,1.21,4.54,2.59,21.45
BOS,2023-03-05,22,10,24,10,25,60.0,50.0,68.0,20.4,19.1,5.22,24.6,0.48,2.01,1.12,17.24
BOS,2023-03-05,23,1,30,3,31,66.67,33.33,54.84,23.33,26.0,11.93,35.33,2.61,1.95,2.87,15.0
BOS,2023-03-06,0,0,12,0,11,0.0,0.0,45.45,0.0,0.0,0.0,0.0,0.36,3.65,1.36,50.64
BOS,2023-03-06,1,0,1,0,2,0.0,0.0,50.0,0.0,0.0,0.0,0.0,0.0,0.7,14.5,32.5
BOS,2023-03-06,2,0,0,0,0,0.0,0.0,0.0,0.0,0.0,0.0,0.0,0.0,0.0,0.0,0.0
BOS,2023-03-06,4,0,1,0,2,0.0,0.0,100.0,0.0,0.0,0.0,0.0,0.0,0.9,0.0,3.0
BOS,2023-03-06,5,15,8,16,8,87.5,87.5,62.5,7.56,15.56,2.64,8.94,0.13,2.54,0.0,119.75
BOS,2023-03-06,6,36,8,35,10,85.71,74.29,70.0,9.23,20.2,6.74,13.4,1.8,7.14,4.0,29.8
BOS,2023-03-06,7,42,24,43,25,90.7,67.44,84.0,19.51,25.98,12.19,28.91,3.84,4.23,7.4,7.88
BOS,2023-03-06,8,44,30,43,28,81.4,69.77,78.57,10.26,21.47,8.17,15.19,6.96,2.81,4.29,20.54
BOS,2023-03-06,9,26,17,28,18,71.43,57.14,88.89,23.57,17.79,5.1,27.57,4.28,1.8,0.83,9.67
BOS,2023-03-06,10,26,25,26,25,76.92,76.92,96.0,10.5,18.96,5.53,14.69,3.0,1.87,1.0,13.32
BOS,2023-03-06,11,26,24,27,25,92.59,85.19,100.0,2.0,18.15,4.84,5.11,2.84,1.76,1.04,0.92
BOS,2023-03-06,12,22,29,25,31,92.0,76.0,74.19,3.88,21.52,8.56,9.52,2.52,1.78,1.29,18.77
BOS,2023-03-06,13,26,28,26,31,73.08,73.08,87.1,28.46,17.65,4.65,32.23,2.35,1.41,1.32,8.45
BOS,2023-03-06,14,24,29,28,34,82.14,78.57,88.24,5.43,17.29,4.63,8.36,1.56,2.37,2.97,9.12
BOS,2023-03-06,15,26,38,28,42,67.86,67.86,78.57,14.43,19.0,5.74,18.11,1.9,3.24,3.76,7.88
BOS,2023-03-06,16,38,31,39,29,76.92,56.41,79.31,14.33,21.87,8.64,21.64,3.76,3.49,3.52,30.34
BOS,2023-03-06,17,28,36,28,41,92.86,78.57,70.73,4.82,22.25,8.96,10.68,1.68,2.76,2.59,20.24
BOS,2023-03-06,18,45,26,49,29,73.47,42.86,75.86,17.73,27.06,13.52,29.0,4.72,5.51,7.41,9.9
BOS,2023-03-06,19,28,33,28,33,85.71,85.71,90.91,4.39,20.61,6.95,7.96,1.48,4.04,1.45,4.76
BOS,2023-03-06,20,24,29,25,30,80.0,80.0,83.33,12.72,19.68,6.08,15.64,2.37,3.31,0.73,9.0
BOS,2023-03-06,21,23,28,25,30,84.0,80.0,56.67,16.48,19.6,5.99,19.6,1.43,4.02,2.0,21.53
BOS,2023-03-06,22,10,25,16,23,87.5,87.5,65.22,8.44,16.88,3.24,9.69,1.39,2.6,1.91,21.83
BOS,2023-03-06,23,1,28,1,28,0.0,0.0,89.29,18.0,16.0,2.3,20.0,1.64,0.85,0.5,4.11
BOS,2023-03-07,0,0,8,0,13,0.0,0.0,76.92,0.0,0.0,0.0,0.0,1.38,1.32,1.62,7.15
BOS,2023-03-07,1,0,1,0,1,0.0,0.0,100.0,0.0,0.0,0.0,0.0,0.0,0.7,0.0,0.0
BOS,2023-03-07,2,0,0,1,0,0.0,100.0,0.0,15.0,11.0,0.0,13.0,0.0,0.0,0.0,0.0
BOS,2023-03-07,4,0,1,0,3,0.0,0.0,100.0,0.0,0.0,0.0,0.0,0.67,1.9,0.0,4.67
BOS,2023-03-07,5,15,9,16,12,93.75,87.5,66.67,2.25,18.69,5.68,6.38,0.42,1.77,1.25,21.58
BOS,2023-03-07,6,39,7,38,12,94.74,86.84,50.0,3.32,22.03,8.53,7.76,3.92,3.39,4.5,24.0
BOS,2023-03-07,7,37,22,40,24,85.0,52.5,79.17,8.95,28.05,14.24,19.4,3.13,2.79,4.33,8.46
BOS,2023-03-07,8,43,30,47,34,82.98,51.06,85.29,9.79,26.34,12.84,19.3,4.18,2.82,5.44,8.68
BOS,2023-03-07,9,28,17,31,20,90.32,87.1,60.0,10.35,16.97,4.01,12.16,3.3,2.32,4.05,18.8
BOS,2023-03-07,10,23,23,27,26,55.56,44.44,76.92,16.89,18.7,5.07,20.85,2.65,1.97,5.08,5.92
BOS,2023-03-07,11,23,22,27,21,85.19,77.78,90.48,4.93,16.89,3.91,6.85,2.76,2.46,1.62,10.29
BOS,2023-03-07,12,20,25,21,28,90.48,85.71,92.86,9.38,18.1,5.3,11.9,2.57,1.38,0.86,4.68
BOS,2023-03-07,13,24,28,25,31,84.0,76.0,83.87,11.44,16.92,4.12,14.2,4.16,1.49,2.48,6.74
BOS,2023-03-07,14,26,33,28,38,71.43,67.86,78.95,19.82,18.89,6.02,25.36,8.26,1.46,8.87,25.34
BOS,2023-03-07,15,27,34,33,34,78.79,63.64,88.24,10.09,21.79,8.37,15.55,1.41,2.44,1.5,4.47
BOS,2023-03-07,16,34,28,35,31,74.29,65.71,87.1,9.29,20.86,7.65,14.69,4.16,3.91,4.42,5.1
BOS,2023-03-07,17,29,37,29,37,82.76,58.62,81.08,5.34,26.52,12.96,15.41,2.62,3.95,3.19,6.59
BOS,2023-03-07,18,42,25,46,31,82.61,52.17,64.52,8.35,30.54,17.15,21.78,3.94,3.54,6.35,20.61
BOS,2023-03-07,19,25,31,25,36,76.0,24.0,77.78,23.2,41.04,27.29,46.84,2.92,4.6,6.83,10.31
BOS,2023-03-07,20,27,32,29,34,58.62,34.48,55.88,21.1,26.72,13.27,31.76,3.12,12.86,10.76,24.82
BOS,2023-03-07,21,18,25,20,26,80.0,55.0,65.38,10.0,29.05,15.54,23.4,2.23,8.24,7.42,16.19
BOS,2023-03-07,22,9,23,15,24,86.67,60.0,83.33,7.73,20.87,7.14,13.07,1.04,4.18,4.04,5.63
BOS,2023-03-07,23,1,26,1,26,0.0,0.0,88.46,30.0,16.0,2.3,32.0,1.77,2.17,3.27,3.5
BOS,2023-03-08,0,0,7,1,8,100.0,100.0,50.0,0.0,16.0,2.6,0.0,0.0,2.17,3.5,17.63
BOS,2023-03-08,1,0,1,0,1,0.0,0.0,100.0,0.0,0.0,0.0,0.0,0.0,1.7,7.0,0.0
BOS,2023-03-08,2,0,0,0,1,0.0,0.0,0.0,0.0,0.0,0.0,0.0,0.0,0.0,2.0,43.0
BOS,2023-03-08,4,0,1,0,3,0.0,0.0,100.0,0.0,0.0,0.0,0.0,1.33,0.27,0.33,0.67
BOS,2023-03-08,5,14,9,15,10,93.33,86.67,50.0,2.27,18.73,5.75,6.93,0.0,1.83,1.1,18.3
BOS,2023-03-08,6,39,8,40,10,87.5,82.5,60.0,9.6,21.43,7.99,14.33,2.6,3.14,3.1,15.2
BOS,2023-03-08,7,37,23,39,22,82.05,76.92,77.27,5.36,20.44,6.62,9.92,2.5,3.65,4.5,22.0
BOS,2023-03-08,8,39,30,45,30,84.44,62.22,70.0,7.53,23.56,10.51,15.51,1.77,3.7,2.73,26.67
BOS,2023-03-08,9,28,17,28,18,85.71,71.43,66.67,8.86,20.18,7.27,13.89,4.61,2.4,6.67,10.06
BOS,2023-03-08,10,23,23,23,28,69.57,60.87,85.71,12.04,18.17,4.68,15.48,3.75,1.57,5.39,8.14
BOS,2023-03-08,11,22,24,27,25,85.19,74.07,88.0,9.26,19.37,6.29,13.59,4.84,1.39,2.68,7.24
BOS,2023-03-08,12,25,25,26,24,92.31,80.77,83.33,4.27,20.08,7.0,8.88,2.54,1.3,1.17,7.0
BOS,2023-03-08,13,22,27,22,27,72.73,68.18,96.3,12.36,18.55,5.2,16.5,2.89,1.33,2.67,1.74
BOS,2023-03-08,14,25,31,28,35,82.14,78.57,77.14,8.39,16.46,3.89,11.36,1.11,1.82,2.6,11.23
BOS,2023-03-08,15,25,33,28,38,71.43,67.86,84.21,19.25,18.14,5.07,22.14,1.03,4.56,4.82,7.32
BOS,2023-03-08,16,34,29,37,33,75.68,64.86,69.7,10.14,20.81,7.8,16.43,3.7,2.06,3.58,17.88
BOS,2023-03-08,17,30,37,34,39,76.47,67.65,66.67,18.21,19.85,6.79,23.26,2.26,4.0,5.87,14.18
BOS,2023-03-08,18,42,26,44,32,75.0,65.91,81.25,18.82,22.61,9.29,26.36,2.88,2.6,3.13,8.56
BOS,2023-03-08,19,27,32,28,32,85.71,67.86,75.0,6.32,23.68,10.01,13.43,2.59,4.75,7.69,14.66
BOS,2023-03-08,20,25,28,29,29,68.97,51.72,82.76,25.93,23.21,9.73,32.79,2.69,4.53,2.62,10.93
BOS,2023-03-08,21,20,28,20,29,75.0,60.0,82.76,9.95,22.1,8.63,15.85,1.03,6.0,3.41,7.86
BOS,2023-03-08,22,9,23,16,26,87.5,87.5,88.46,5.69,18.81,5.24,8.0,1.46,3.82,3.88,10.85
BOS,2023-03-08,23,1,27,2,29,0.0,0.0,75.86,35.5,19.0,4.6,40.0,1.83,0.84,3.93,20.0
BOS,2023-03-09,0,0,10,0,7,0.0,0.0,71.43,0.0,0.0,0.0,0.0,0.0,3.33,2.86,8.57
BOS,2023-03-09,1,0,1,0,1,0.0,0.0,0.0,0.0,0.0,0.0,0.0,0.0,6.7,5.0,179.0
BOS,2023-03-09,2,0,0,0,1,0.0,0.0,100.0,0.0,0.0,0.0,0.0,3.0,2.8,5.0,0.0
BOS,2023-03-09,3,0,0,0,0,0.0,0.0,0.0,0.0,0.0,0.0,0.0,0.0,0.0,0.0,0.0
BOS,2023-03-09,4,0,1,0,3,0.0,0.0,100.0,0.0,0.0,0.0,0.0,0.0,1.57,0.0,0.0
BOS,2023-03-09,5,16,9,17,12,100.0,100.0,83.33,0.35,17.24,4.14,2.35,0.33,2.76,2.08,25.17
BOS,2023-03-09,6,39,7,40,11,90.0,82.5,72.73,5.95,21.13,7.56,10.48,2.73,3.04,2.0,8.09
BOS,2023-03-09,7,38,24,41,29,87.8,53.66,68.97,11.76,27.24,13.35,21.93,3.66,3.83,6.24,11.69
BOS,2023-03-09,8,40,29,44,30,84.09,79.55,86.67,8.91,19.68,6.61,12.55,3.87,2.71,3.73,9.3
BOS,2023-03-09,9,32,19,36,25,77.78,77.78,72.0,12.56,19.25,6.17,16.0,3.28,2.73,3.56,17.84
BOS,2023-03-09,10,23,21,27,23,70.37,66.67,82.61,16.33,18.33,4.82,20.41,2.7,1.66,3.09,6.87
BOS,2023-03-09,11,24,21,28,23,75.0,64.29,86.96,20.32,20.04,6.98,24.96,2.3,2.45,2.57,4.83
BOS,2023-03-09,12,21,29,21,32,90.48,80.95,68.75,4.67,17.48,4.88,7.9,2.66,2.04,3.06,27.69
BOS,2023-03-09,13,25,32,27,33,70.37,66.67,90.91,20.19,16.81,4.02,23.26,3.7,2.68,3.33,3.03
BOS,2023-03-09,14,30,34,33,37,72.73,72.73,94.59,7.06,15.21,3.03,9.06,1.57,4.09,2.92,4.11
BOS,2023-03-09,15,27,33,31,35,83.87,77.42,85.71,7.45,17.19,4.0,10.0,1.71,4.99,3.09,4.54
BOS,2023-03-09,16,34,31,36,37,72.22,63.89,89.19,23.17,15.58,2.98,25.58,2.35,4.04,2.7,8.05
BOS,2023-03-09,17,35,35,38,40,78.95,78.95,77.5,10.53,15.79,3.23,12.58,1.38,5.7,4.75,9.98
BOS,2023-03-09,18,42,27,46,31,78.26,69.57,87.1,13.15,18.76,5.55,17.43,1.58,5.47,2.48,11.52
BOS,2023-03-09,19,27,34,27,33,81.48,62.96,81.82,19.37,18.89,5.73,23.41,2.0,6.18,3.94,7.55
BOS,2023-03-09,20,33,25,36,28,80.56,80.56,67.86,14.06,16.06,3.01,15.19,1.43,4.73,4.29,31.96
BOS,2023-03-09,21,19,31,20,32,85.0,75.0,87.5,8.85,18.65,5.77,13.75,1.59,4.06,2.22,3.06
BOS,2023-03-09,22,10,27,18,27,77.78,77.78,81.48,8.72,15.67,2.79,10.89,0.93,3.17,7.04,11.07
BOS,2023-03-09,23,1,30,2,30,50.0,50.0,63.33,7.5,20.0,6.45,14.0,1.07,3.11,4.7,24.6
BOS,2023-03-10,0,0,9,0,10,0.0,0.0,60.0,0.0,0.0,0.0,0.0,1.3,4.19,8.3,18.7
BOS,2023-03-10,1,0,1,0,0,0.0,0.0,0.0,0.0,0.0,0.0,0.0,0.0,0.0,0.0,0.0
BOS,2023-03-10,2,0,0,0,0,0.0,0.0,0.0,0.0,0.0,0.0,0.0,0.0,0.0,0.0,0.0
BOS,2023-03-10,4,0,1,0,3,0.0,0.0,100.0,0.0,0.0,0.0,0.0,0.0,0.0,0.0,1.0
BOS,2023-03-10,5,16,8,16,10,87.5,75.0,80.0,8.75,18.63,5.48,11.75,0.7,1.59,1.5,23.1
BOS,2023-03-10,6,39,9,41,11,90.24,73.17,45.45,13.95,26.63,13.2,23.32,2.27,6.43,2.91,19.91
BOS,2023-03-10,7,37,23,40,22,80.0,60.0,77.27,17.33,26.83,13.0,28.5,2.45,4.7,3.23,12.18
BOS,2023-03-10,8,41,33,41,33,87.8,53.66,81.82,6.83,25.49,12.07,15.83,3.67,5.0,2.55,12.79
BOS,2023-03-10,9,32,22,34,29,88.24,88.24,72.41,2.56,19.5,6.7,6.79,2.24,1.94,3.34,10.93
BOS,2023-03-10,10,25,22,28,23,67.86,57.14,78.26,37.82,23.57,9.87,45.89,2.26,2.75,6.04,10.57
BOS,2023-03-10,11,26,21,27,24,70.37,62.96,83.33,19.56,17.44,4.12,22.56,2.88,2.4,5.13,10.75
BOS,2023-03-10,12,20,30,24,33,75.0,75.0,72.73,8.96,20.25,7.22,14.58,3.06,2.34,4.03,12.61
BOS,2023-03-10,13,26,28,28,30,67.86,64.29,86.67,18.39,18.21,5.89,22.64,2.43,4.07,3.9,17.1
BOS,2023-03-10,14,27,33,28,37,82.14,78.57,89.19,11.14,17.18,4.72,14.36,1.03,4.28,1.49,5.95
BOS,2023-03-10,15,29,37,33,39,72.73,69.7,69.23,16.85,19.0,6.35,22.3,1.72,5.76,2.38,16.1
BOS,2023-03-10,16,32,32,36,39,50.0,41.67,74.36,38.75,18.28,5.43,43.94,2.9,5.42,5.0,10.9
BOS,2023-03-10,17,36,34,38,37,57.89,52.63,78.38,27.34,19.29,6.63,33.13,1.7,5.56,4.24,10.68
BOS,2023-03-10,18,42,26,44,28,75.0,61.36,67.86,23.57,20.77,7.55,29.48,2.18,6.93,5.79,29.25
BOS,2023-03-10,19,27,36,28,36,64.29,46.43,58.33,18.18,19.18,6.11,23.57,2.06,5.68,3.28,30.22
BOS,2023-03-10,20,33,26,30,26,56.67,53.33,65.38,34.0,15.27,2.86,35.03,1.23,7.5,4.15,20.46
BOS,2023-03-10,21,18,32,18,31,77.78,72.22,61.29,14.78,18.22,5.21,18.17,1.52,5.01,1.9,29.45
BOS,2023-03-10,22,10,27,14,26,64.29,71.43,42.31,23.57,13.64,1.57,23.86,3.85,3.32,8.96,48.04
BOS,2023-03-10,23,1,30,1,31,0.0,0.0,51.61,82.0,16.0,2.3,84.0,1.16,3.52,4.03,33.9
BOS,2023-03-11,0,0,10,1,9,100.0,100.0,55.56,0.0,13.0,0.0,0.0,0.78,3.72,1.0,36.44
BOS,2023-03-11,1,0,2,0,3,0.0,0.0,33.33,0.0,0.0,0.0,0.0,7.0,2.73,5.67,76.33
BOS,2023-03-11,2,0,0,1,0,100.0,100.0,0.0,0.0,13.0,0.0,0.0,0.0,0.0,0.0,0.0
BOS,2023-03-11,3,0,0,0,0,0.0,0.0,0.0,0.0,0.0,0.0,0.0,0.0,0.0,0.0,0.0
BOS,2023-03-11,4,0,0,0,1,0.0,0.0,0.0,0.0,0.0,0.0,0.0,0.0,3.7,17.0,17.0
BOS,2023-03-11,5,15,4,15,7,93.33,93.33,57.14,2.67,15.33,2.84,3.47,0.57,5.36,2.29,31.0
BOS,2023-03-11,6,32,9,32,9,90.63,87.5,55.56,5.75,15.09,2.45,6.75,2.78,5.9,9.56,14.33
BOS,2023-03-11,7,29,18,27,15,85.19,81.48,80.0,7.56,16.37,3.14,9.63,1.2,3.37,4.0,5.0
BOS,2023-03-11,8,35,26,39,25,76.92,74.36,88.0,12.67,15.67,2.73,14.1,0.68,3.21,2.84,10.44
BOS,2023-03-11,9,35,15,39,15,87.18,82.05,73.33,11.26,15.82,3.84,14.33,2.2,2.91,6.53,12.27
BOS,2023-03-11,10,27,20,28,25,50.0,39.29,80.0,44.25,21.71,8.71,52.61,3.72,3.02,2.96,37.2
BOS,2023-03-11,11,21,23,22,23,63.64,54.55,73.91,25.0,27.18,14.44,38.45,4.35,3.97,5.65,11.87
BOS,2023-03-11,12,26,16,24,17,54.17,25.0,82.35,32.75,32.46,19.68,50.58,0.65,3.36,3.06,5.47
BOS,2023-03-11,13,16,24,17,27,82.35,58.82,88.89,15.06,23.82,10.88,24.0,3.44,3.94,2.52,28.81
BOS,2023-03-11,14,14,30,16,31,81.25,81.25,77.42,14.94,16.13,4.82,18.94,3.16,2.84,5.84,9.0
BOS,2023-03-11,15,22,26,24,27,62.5,45.83,59.26,16.83,17.96,4.68,20.88,3.63,3.64,5.56,47.93
BOS,2023-03-11,16,27,30,25,29,60.0,56.0,82.76,45.56,15.16,3.13,47.64,5.97,4.73,6.38,11.31
BOS,2023-03-11,17,33,25,35,26,77.14,62.86,61.54,24.83,20.31,7.29,30.77,2.88,6.4,12.96,28.85
BOS,2023-03-11,18,30,20,31,22,74.19,74.19,50.0,15.84,15.19,2.52,17.9,3.59,4.56,5.77,36.95
BOS,2023-03-11,19,16,34,16,35,43.75,37.5,60.0,29.31,15.13,2.98,31.25,4.46,5.14,10.31,29.8
BOS,2023-03-11,20,22,22,22,22,50.0,50.0,40.91,53.59,16.0,3.44,55.59,1.27,4.55,5.32,38.68
BOS,2023-03-11,21,14,21,13,21,53.85,38.46,47.62,39.0,16.31,3.42,42.08,3.95,9.2,9.33,33.71
BOS,2023-03-11,22,7,22,7,20,71.43,57.14,55.0,44.86,14.43,1.84,45.14,1.25,7.31,9.3,39.15
BOS,2023-03-11,23,1,22,2,21,0.0,0.0,28.57,55.0,18.0,4.45,59.5,1.52,3.32,8.24,47.29
BOS,2023-03-12,0,1,12,1,10,100.0,100.0,50.0,0.0,23.0,9.6,3.0,0.8,3.87,3.1,28.3
BOS,2023-03-12,1,0,1,0,2,0.0,0.0,50.0,0.0,0.0,0.0,0.0,31.0,3.45,38.0,70.5
BOS,2023-03-12,3,0,0,0,0,0.0,0.0,0.0,0.0,0.0,0.0,0.0,0.0,0.0,0.0,0.0
BOS,2023-03-12,4,0,1,0,0,0.0,0.0,0.0,0.0,0.0,0.0,0.0,0.0,0.0,0.0,0.0
BOS,2023-03-12,5,14,8,14,1,78.57,71.43,100.0,18.86,14.86,2.81,20.5,0.0,4.7,6.0,7.0
BOS,2023-03-12,6,30,9,29,6,72.41,72.41,50.0,30.62,14.45,1.73,31.52,32.83,5.5,4.17,31.17
BOS,2023-03-12,7,34,14,33,15,78.79,72.73,73.33,19.15,17.67,4.45,21.48,12.53,5.15,3.8,25.0
BOS,2023-03-12,8,32,23,35,25,91.43,85.71,80.0,6.91,14.8,2.73,8.14,11.88,2.83,2.08,14.0
BOS,2023-03-12,9,34,20,34,25,94.12,88.24,76.0,5.29,16.29,3.69,7.38,6.0,3.7,3.36,11.48
BOS,2023-03-12,10,24,21,26,27,57.69,53.85,81.48,26.77,14.54,2.19,28.04,2.81,3.14,3.78,9.81
BOS,2023-03-12,11,24,23,27,22,66.67,66.67,77.27,18.3,16.0,3.27,19.89,3.55,2.96,6.23,10.59
BOS,2023-03-12,12,21,23,20,24,85.0,80.0,87.5,5.1,14.3,3.09,6.95,1.79,2.6,1.79,6.92
BOS,2023-03-12,13,24,27,21,29,80.95,80.95,75.86,7.19,14.81,2.28,7.9,2.52,3.34,2.17,15.17
BOS,2023-03-12,14,27,34,30,41,76.67,70.0,75.61,23.97,15.63,3.62,26.4,2.44,3.2,2.59,24.76
BOS,2023-03-12,15,26,37,33,42,57.58,57.58,73.81,33.03,15.94,3.02,35.42,2.07,5.04,3.9,15.02
BOS,2023-03-12,16,35,35,38,39,76.32,68.42,58.97,15.68,17.29,4.61,19.24,5.67,5.98,8.74,22.18
BOS,2023-03-12,17,33,34,38,35,52.63,47.37,71.43,24.82,17.39,4.68,28.79,1.46,6.11,5.09,13.8
BOS,2023-03-12,18,39,28,39,33,69.23,61.54,60.61,22.54,19.18,6.46,28.05,2.21,5.64,3.85,23.36
BOS,2023-03-12,19,30,30,30,35,60.0,50.0,68.57,23.43,18.53,5.18,27.8,2.57,5.87,2.91,19.37
BOS,2023-03-12,20,32,25,33,27,54.55,48.48,77.78,31.18,17.09,3.86,33.97,2.78,6.63,4.93,19.26
BOS,2023-03-12,21,13,30,13,30,61.54,46.15,73.33,26.92,19.85,6.63,31.23,0.9,7.98,4.17,23.07
BOS,2023-03-12,22,14,29,14,29,71.43,78.57,48.28,20.57,20.29,6.89,21.64,9.34,6.67,10.59,44.83
BOS,2023-03-12,23,4,28,4,30,100.0,100.0,43.33,2.5,13.0,0.43,2.75,19.07,6.83,22.33,64.17
BOS,2023-03-13,0,0,10,1,5,100.0,100.0,0.0,0.0,27.0,13.6,14.0,0.8,1.5,2.4,115.2
BOS,2023-03-13,1,0,1,0,11,0.0,0.0,9.09,0.0,0.0,0.0,0.0,32.18,1.6,1.18,69.64
BOS,2023-03-13,2,0,0,0,1,0.0,0.0,0.0,0.0,0.0,0.0,0.0,58.0,0.7,0.0,46.0
BOS,2023-03-13,3,0,0,0,0,0.0,0.0,0.0,0.0,0.0,0.0,0.0,0.0,0.0,0.0,0.0
BOS,2023-03-13,4,0,1,1,2,0.0,0.0,50.0,21.0,16.0,2.6,24.0,0.0,3.25,15.5,13.0
BOS,2023-03-13,5,16,8,16,10,87.5,87.5,50.0,46.31,14.13,2.09,47.63,0.2,4.16,2.5,57.0
BOS,2023-03-13,6,39,8,40,10,85.0,77.5,50.0,9.9,17.23,4.22,12.45,3.2,6.09,4.6,57.7
BOS,2023-03-13,7,37,25,38,29,84.21,78.95,86.21,18.13,15.82,3.14,19.87,1.66,3.5,4.14,10.62
BOS,2023-03-13,8,44,31,47,31,72.34,72.34,77.42,20.98,14.94,2.28,21.77,2.55,4.16,3.71,18.97
BOS,2023-03-13,9,31,20,36,24,75.0,75.0,75.0,12.19,16.17,3.63,14.28,3.83,3.43,4.29,9.25
BOS,2023-03-13,10,26,22,25,22,72.0,64.0,77.27,23.12,16.96,4.25,26.36,2.05,8.04,7.59,8.23
BOS,2023-03-13,11,28,22,29,21,79.31,72.41,66.67,19.14,16.86,4.34,21.1,1.86,3.23,5.71,25.76
BOS,2023-03-13,12,19,30,21,29,61.9,61.9,79.31,23.62,12.76,1.14,23.95,1.38,2.38,2.62,25.52
BOS,2023-03-13,13,28,26,29,28,75.86,68.97,85.71,27.48,16.0,3.29,29.59,2.64,3.43,4.75,11.43
BOS,2023-03-13,14,27,32,29,38,68.97,65.52,76.32,20.24,17.97,5.48,24.72,2.42,5.87,7.11,13.5
BOS,2023-03-13,15,25,39,27,43,62.96,55.56,60.47,47.07,17.7,4.37,50.22,3.88,4.23,6.28,19.65
BOS,2023-03-13,16,35,28,43,33,53.49,34.88,60.61,25.51,20.67,7.49,32.65,5.85,4.18,5.24,26.21
BOS,2023-03-13,17,31,35,36,37,69.44,61.11,59.46,26.0,17.03,4.46,29.42,3.57,5.43,5.73,27.46
BOS,2023-03-13,18,36,26,38,31,60.53,55.26,51.61,38.92,20.03,7.18,45.71,2.35,4.76,5.55,30.77
BOS,2023-03-13,19,31,34,34,35,52.94,47.06,65.71,31.15,17.32,4.14,34.32,4.49,6.52,5.4,27.29
BOS,2023-03-13,20,34,27,34,29,58.82,52.94,62.07,52.97,15.71,3.09,54.59,3.1,5.78,6.52,23.28
BOS,2023-03-13,21,11,32,11,33,72.73,63.64,54.55,19.27,18.82,5.83,22.45,2.06,5.4,4.42,54.94
BOS,2023-03-13,22,16,29,23,30,73.91,69.57,46.67,11.96,21.35,8.4,14.0,1.0,7.2,5.47,26.77
BOS,2023-03-13,23,4,30,6,32,83.33,66.67,37.5,37.67,15.33,2.6,39.83,1.06,3.24,3.94,43.0
BOS,2023-03-14,0,0,8,1,11,0.0,0.0,18.18,30.0,18.0,4.6,35.0,4.82,5.15,8.36,48.55
BOS,2023-03-14,1,0,1,0,1,0.0,0.0,0.0,0.0,0.0,0.0,0.0,0.0,12.7,0.0,55.0
BOS,2023-03-14,2,0,0,0,1,0.0,0.0,0.0,0.0,0.0,0.0,0.0,3.0,3.8,10.0,92.0
BOS,2023-03-14,3,0,0,0,1,0.0,0.0,100.0,0.0,0.0,0.0,0.0,1.0,3.8,7.0,0.0
BOS,2023-03-14,4,0,1,1,3,100.0,100.0,66.67,0.0,13.0,0.0,0.0,0.0,8.1,8.33,9.0
BOS,2023-03-14,5,16,8,16,10,87.5,81.25,40.0,5.69,16.81,4.08,8.63,1.1,7.68,10.7,40.4
BOS,2023-03-14,6,39,8,40,12,75.0,70.0,50.0,10.83,21.5,8.01,16.68,3.25,7.04,8.0,27.75
BOS,2023-03-14,7,37,24,38,20,63.16,52.63,60.0,18.84,20.45,6.66,24.03,3.3,7.42,10.45,22.45
BOS,2023-03-14,8,42,31,39,24,58.97,56.41,70.83,20.18,18.44,5.27,23.46,5.13,7.4,4.63,44.67
BOS,2023-03-14,9,33,19,30,16,53.33,56.67,43.75,25.33,18.33,5.61,29.43,2.63,9.4,12.5,30.94
BOS,2023-03-14,10,23,21,19,18,47.37,36.84,77.78,29.58,15.68,2.51,31.11,3.72,7.52,8.17,14.39
BOS,2023-03-14,11,22,20,19,17,68.42,68.42,58.82,16.21,17.0,4.63,19.26,3.12,5.44,16.12,22.24
BOS,2023-03-14,12,20,28,13,15,61.54,30.77,66.67,21.46,24.0,11.13,32.23,1.0,4.11,15.47,20.2
BOS,2023-03-14,13,25,25,14,10,57.14,28.57,90.0,14.71,29.93,17.2,31.64,0.4,1.73,0.3,4.7
BOS,2023-03-14,14,26,32,11,21,63.64,27.27,85.71,30.09,30.27,17.0,46.0,0.81,5.57,6.29,19.48
BOS,2023-03-14,15,26,34,13,22,46.15,38.46,72.73,48.31,26.92,13.35,60.69,3.82,3.73,3.55,14.05
BOS,2023-03-14,16,31,32,12,15,91.67,50.0,66.67,2.83,26.25,13.08,14.08,2.13,4.73,2.6,37.27
BOS,2023-03-14,17,34,34,16,22,50.0,37.5,45.45,30.44,38.25,24.83,54.38,2.82,5.6,11.5,38.45
BOS,2023-03-14,18,35,26,23,14,47.83,8.7,35.71,55.26,48.74,35.15,89.35,2.57,6.55,7.14,59.29
BOS,2023-03-14,19,29,29,17,23,64.71,17.65,60.87,42.06,52.76,38.95,78.65,2.65,5.6,6.26,36.78
BOS,2023-03-14,20,31,25,21,20,52.38,0.0,40.0,71.76,47.76,34.0,104.81,4.35,7.23,12.55,36.65
BOS,2023-03-14,21,11,31,6,24,66.67,0.0,58.33,34.83,44.5,30.9,63.83,4.17,4.13,8.33,53.96
BOS,2023-03-14,22,15,27,18,18,55.56,0.0,72.22,28.78,47.33,33.95,61.61,3.28,3.85,5.94,24.94
BOS,2023-03-14,23,4,30,4,25,50.0,0.0,44.0,25.0,33.75,20.48,45.5,6.64,2.17,7.16,46.2
BOS,2023-03-15,0,0,8,0,8,0.0,0.0,50.0,0.0,0.0,0.0,0.0,4.75,6.01,8.88,33.13
BOS,2023-03-15,1,0,1,1,1,0.0,0.0,0.0,110.0,15.0,1.6,112.0,0.0,6.7,0.0,26.0
BOS,2023-03-15,2,0,0,0,0,0.0,0.0,0.0,0.0,0.0,0.0,0.0,0.0,0.0,0.0,0.0
BOS,2023-03-15,3,0,0,0,1,0.0,0.0,0.0,0.0,0.0,0.0,0.0,5.0,1.8,10.0,25.0
BOS,2023-03-15,4,0,1,1,3,0.0,0.0,100.0,32.0,20.0,6.6,39.0,0.0,0.9,8.0,4.33
BOS,2023-03-15,5,16,8,15,9,93.33,60.0,66.67,3.13,23.2,10.47,11.6,2.11,2.06,5.89,14.56
BOS,2023-03-15,6,37,9,34,12,85.29,58.82,66.67,16.76,28.15,14.59,28.65,3.25,4.23,3.33,14.58
BOS,2023-03-15,7,36,25,33,21,84.85,54.55,42.86,9.88,28.88,15.12,22.21,2.38,3.34,6.81,66.81
BOS,2023-03-15,8,41,31,41,29,68.29,46.34,75.86,28.07,24.59,11.23,37.61,4.83,2.9,4.38,24.0
BOS,2023-03-15,9,33,20,30,23,76.67,56.67,69.57,15.17,23.63,10.26,23.73,3.83,2.49,5.7,19.87
BOS,2023-03-15,10,24,21,28,23,57.14,53.57,86.96,34.25,17.29,3.91,37.43,3.35,2.34,5.35,8.83
BOS,2023-03-15,11,21,22,22,22,72.73,59.09,90.91,27.5,17.5,4.17,31.09,2.77,2.8,6.0,5.09
BOS,2023-03-15,12,24,28,23,29,86.96,78.26,82.76,6.83,17.35,4.56,9.87,2.34,1.75,3.07,7.21
BOS,2023-03-15,13,25,26,26,30,65.38,61.54,56.67,20.5,18.5,5.9,25.12,2.63,1.39,3.6,36.47
BOS,2023-03-15,14,27,30,29,34,65.52,58.62,82.35,26.28,20.76,7.86,32.62,3.65,1.27,3.88,10.82
BOS,2023-03-15,15,26,35,29,33,68.97,58.62,69.7,34.41,20.76,7.21,40.31,4.0,3.18,6.03,23.94
BOS,2023-03-15,16,33,32,34,36,58.82,47.06,83.33,28.26,22.47,9.17,36.12,3.92,3.95,4.03,11.56
BOS,2023-03-15,17,33,38,36,37,66.67,55.56,59.46,20.56,21.17,7.49,27.11,6.03,3.78,8.41,31.68
BOS,2023-03-15,18,36,26,36,31,69.44,61.11,54.84,28.28,22.39,9.0,35.39,3.13,4.15,7.61,26.26
BOS,2023-03-15,19,30,32,33,37,54.55,48.48,72.97,41.21,22.03,8.47,48.24,3.11,3.04,4.68,20.68
BOS,2023-03-15,20,32,27,34,28,64.71,55.88,42.86,30.76,21.79,8.11,36.85,2.68,6.15,4.82,64.46
BOS,2023-03-15,21,11,30,13,31,30.77,23.08,54.84,43.62,23.54,10.06,51.85,1.55,3.43,7.35,31.39
BOS,2023-03-15,22,16,28,21,27,66.67,52.38,51.85,22.0,20.81,7.54,27.33,5.33,3.85,11.52,32.15
BOS,2023-03-15,23,4,30,4,30,50.0,50.0,36.67,28.75,21.75,8.48,35.75,1.83,1.27,4.33,42.23
BOS,2023-03-16,0,0,10,0,9,0.0,0.0,44.44,0.0,0.0,0.0,0.0,0.67,2.66,6.67,29.89
BOS,2023-03-16,1,0,1,0,1,0.0,0.0,100.0,0.0,0.0,0.0,0.0,0.0,5.7,8.0,13.0
BOS,2023-03-16,2,0,0,0,0,0.0,0.0,0.0,0.0,0.0,0.0,0.0,0.0,0.0,0.0,0.0
BOS,2023-03-16,3,0,0,0,0,0.0,0.0,0.0,0.0,0.0,0.0,0.0,0.0,0.0,0.0,0.0
BOS,2023-03-16,4,0,1,0,3,0.0,0.0,66.67,0.0,0.0,0.0,0.0,0.0,2.17,12.0,10.67
BOS,2023-03-16,5,16,8,18,11,83.33,83.33,54.55,6.17,16.22,3.12,7.61,1.27,2.66,3.18,131.36
BOS,2023-03-16,6,39,8,40,13,87.5,77.5,69.23,10.23,22.45,8.93,16.18,2.15,3.17,1.62,24.38
BOS,2023-03-16,7,38,26,40,28,87.5,67.5,78.57,10.58,23.88,9.95,17.6,5.11,3.82,5.79,10.54
BOS,2023-03-16,8,41,29,43,30,81.4,72.09,76.67,10.19,19.37,6.28,14.12,2.67,2.91,2.63,11.53
BOS,2023-03-16,9,33,20,36,25,72.22,69.44,84.0,15.31,16.72,3.91,18.06,4.16,2.04,4.56,6.16
BOS,2023-03-16,10,24,22,28,25,57.14,50.0,80.0,16.64,17.75,4.65,20.86,2.52,1.94,3.76,9.76
BOS,2023-03-16,11,24,20,29,21,86.21,72.41,85.71,7.21,19.66,6.37,12.0,3.48,1.7,3.05,11.86
BOS,2023-03-16,12,20,29,21,30,80.95,71.43,90.0,15.38,16.48,3.91,18.67,2.97,1.53,2.47,3.33
BOS,2023-03-16,13,26,30,27,33,85.19,85.19,81.82,5.52,16.85,3.78,7.26,3.67,1.38,3.64,12.33
BOS,2023-03-16,14,30,32,35,34,80.0,77.14,85.29,9.77,15.86,3.54,11.49,2.44,2.71,3.32,5.09
BOS,2023-03-16,15,25,36,27,36,77.78,74.07,86.11,15.15,18.7,5.15,19.04,2.83,1.76,3.75,16.61
BOS,2023-03-16,16,35,32,38,37,73.68,68.42,83.78,16.87,19.39,6.06,21.37,1.68,2.14,2.16,6.35
BOS,2023-03-16,17,32,34,36,37,72.22,66.67,78.38,17.11,18.69,5.65,21.25,2.16,2.63,4.03,15.11
BOS,2023-03-16,18,38,27,41,28,82.93,53.66,82.14,16.1,24.12,10.92,25.8,1.89,2.16,1.93,7.21
BOS,2023-03-16,19,32,32,32,34,90.63,75.0,67.65,6.41,23.81,10.18,13.03,2.35,3.23,2.76,8.32
BOS,2023-03-16,20,33,26,34,31,79.41,70.59,67.74,18.29,18.41,4.76,21.41,3.32,4.92,3.13,13.52
BOS,2023-03-16,21,12,33,14,35,57.14,57.14,62.86,21.5,17.0,3.53,23.86,1.97,4.47,3.6,27.51
BOS,2023-03-16,22,16,28,20,30,70.0,70.0,70.0,18.05,21.0,7.59,20.5,1.57,4.55,5.2,14.53
BOS,2023-03-16,23,4,30,6,30,66.67,66.67,63.33,13.33,16.17,2.95,15.17,1.23,0.96,3.23,42.03
BOS,2023-03-17,0,0,9,0,11,0.0,0.0,81.82,0.0,0.0,0.0,0.0,0.36,1.12,2.36,23.64
BOS,2023-03-17,1,0,1,0,1,0.0,0.0,100.0,0.0,0.0,0.0,0.0,1.0,6.7,9.0,2.0
BOS,2023-03-17,2,0,0,0,0,0.0,0.0,0.0,0.0,0.0,0.0,0.0,0.0,0.0,0.0,0.0
BOS,2023-03-17,4,0,1,0,3,0.0,0.0,100.0,0.0,0.0,0.0,0.0,0.67,1.5,2.0,0.0
BOS,2023-03-17,5,16,8,16,9,93.75,93.75,88.89,4.5,14.38,2.19,5.88,0.22,3.36,1.11,4.44
BOS,2023-03-17,6,39,8,42,10,85.71,76.19,70.0,7.52,20.43,6.93,12.4,0.7,3.94,0.0,28.8
BOS,2023-03-17,7,37,26,37,27,91.89,70.27,70.37,2.73,25.43,11.51,10.46,4.3,4.87,4.78,16.41
BOS,2023-03-17,8,43,32,47,33,85.11,78.72,75.76,9.11,18.68,5.55,12.45,4.82,4.45,2.12,12.03
BOS,2023-03-17,9,32,21,34,20,70.59,67.65,90.0,34.12,17.35,4.2,36.71,3.45,4.72,2.65,5.4
BOS,2023-03-17,10,26,23,27,25,88.89,88.89,96.0,5.33,15.59,2.61,5.85,3.64,1.68,1.28,1.44
BOS,2023-03-17,11,24,20,26,22,88.46,88.46,86.36,12.65,15.23,2.57,14.08,4.86,2.03,1.73,3.45
BOS,2023-03-17,12,21,29,20,30,95.0,85.0,83.33,2.95,18.3,5.25,7.05,3.03,1.88,2.2,13.93
BOS,2023-03-17,13,27,26,33,30,84.85,78.79,86.67,13.24,17.82,4.7,16.88,5.3,2.57,2.43,10.6
BOS,2023-03-17,14,27,32,27,33,88.89,81.48,81.82,5.81,16.93,3.79,8.19,2.58,2.11,2.55,5.03
BOS,2023-03-17,15,26,39,28,37,67.86,64.29,78.38,37.82,17.89,4.88,41.54,2.97,2.16,3.3,11.49
BOS,2023-03-17,16,35,33,36,35,77.78,72.22,82.86,12.11,18.78,5.86,15.92,2.54,2.9,1.8,22.11
BOS,2023-03-17,17,32,35,34,35,79.41,70.59,100.0,15.59,19.74,6.64,20.15,3.2,2.74,0.97,0.74
BOS,2023-03-17,18,38,27,41,31,90.24,73.17,80.65,10.27,22.2,8.86,17.15,1.94,4.75,2.55,6.97
BOS,2023-03-17,19,32,33,34,37,94.12,82.35,83.78,3.71,19.12,5.7,7.71,2.27,2.64,0.57,9.0
BOS,2023-03-17,20,35,26,35,31,85.71,77.14,83.87,10.03,18.34,4.86,13.4,3.84,2.73,2.1,10.58
BOS,2023-03-17,21,11,33,11,34,81.82,63.64,76.47,4.55,22.73,9.58,10.55,2.5,4.88,3.53,12.47
BOS,2023-03-17,22,14,30,18,29,77.78,72.22,62.07,17.06,19.5,6.63,19.22,1.28,2.8,2.31,17.97
BOS,2023-03-17,23,5,30,5,30,60.0,60.0,73.33,13.2,14.4,1.72,14.0,1.5,2.04,2.03,27.13
BOS,2023-03-18,0,0,10,0,10,0.0,0.0,70.0,0.0,0.0,0.0,0.0,0.7,2.94,1.2,27.9
BOS,2023-03-18,1,0,3,1,2,100.0,100.0,100.0,0.0,21.0,7.6,8.0,0.0,1.75,0.0,2.5
BOS,2023-03-18,2,0,0,0,0,0.0,0.0,0.0,0.0,0.0,0.0,0.0,0.0,0.0,0.0,0.0
BOS,2023-03-18,3,0,0,0,0,0.0,0.0,0.0,0.0,0.0,0.0,0.0,0.0,0.0,0.0,0.0
BOS,2023-03-18,4,0,1,0,1,0.0,0.0,100.0,0.0,0.0,0.0,0.0,0.0,8.7,0.0,0.0
BOS,2023-03-18,5,15,8,15,9,100.0,86.67,77.78,0.73,18.27,5.03,4.4,0.22,3.46,0.67,10.33
BOS,2023-03-18,6,33,8,33,9,87.88,78.79,88.89,14.45,21.82,8.42,20.06,1.89,6.59,0.11,3.44
BOS,2023-03-18,7,29,17,30,19,80.0,60.0,78.95,6.97,25.23,11.4,15.77,1.84,3.48,3.16,4.42
BOS,2023-03-18,8,36,23,38,20,94.74,78.95,80.0,4.21,22.53,8.94,10.03,0.45,3.42,0.0,16.3
BOS,2023-03-18,9,37,15,40,17,85.0,77.5,88.24,12.5,20.55,7.18,16.85,1.94,2.19,2.47,3.53
BOS,2023-03-18,10,27,21,31,24,74.19,64.52,87.5,12.1,16.61,3.88,15.1,1.88,2.93,0.63,5.46
BOS,2023-03-18,11,20,22,22,23,81.82,68.18,78.26,7.14,21.77,8.66,13.55,2.78,1.89,0.87,8.52
BOS,2023-03-18,12,25,15,24,19,66.67,58.33,84.21,30.29,19.75,6.65,35.08,1.11,1.37,0.79,7.58
BOS,2023-03-18,13,16,22,17,21,76.47,76.47,85.71,6.53,16.12,4.38,9.12,2.52,1.87,2.0,7.86
BOS,2023-03-18,14,16,28,18,32,83.33,88.89,87.5,9.39,14.89,2.89,10.44,1.0,1.55,4.47,5.91
BOS,2023-03-18,15,21,28,23,30,73.91,65.22,86.67,21.09,19.78,7.35,27.13,4.07,2.6,3.13,6.87
BOS,2023-03-18,16,26,32,26,35,76.92,69.23,88.57,21.12,18.23,5.54,25.12,1.51,2.9,1.43,5.31
BOS,2023-03-18,17,29,27,29,26,86.21,72.41,80.77,6.28,21.34,8.08,12.14,2.46,2.78,1.92,11.69
BOS,2023-03-18,18,28,19,31,20,87.1,83.87,65.0,4.32,18.68,5.81,8.55,2.35,3.07,2.05,21.8
BOS,2023-03-18,19,20,30,20,32,85.0,85.0,78.13,13.0,17.4,3.99,15.1,2.0,3.58,0.47,8.69
BOS,2023-03-18,20,24,25,24,25,79.17,79.17,56.0,12.04,17.96,4.73,14.21,2.48,3.58,1.64,22.0
BOS,2023-03-18,21,7,22,7,20,42.86,42.86,65.0,29.57,16.57,3.2,31.29,0.95,3.02,0.3,26.75
BOS,2023-03-18,22,11,23,11,25,81.82,81.82,72.0,14.55,29.18,15.65,17.64,1.24,4.02,2.4,17.4
BOS,2023-03-18,23,5,21,6,22,83.33,83.33,72.73,17.33,17.0,3.75,19.33,1.14,1.01,0.59,16.05
BOS,2023-03-19,0,0,12,1,11,100.0,100.0,72.73,0.0,28.0,14.6,5.0,1.45,2.45,3.18,13.64
BOS,2023-03-19,1,1,1,1,3,0.0,0.0,66.67,54.0,19.0,5.6,60.0,0.67,0.57,0.0,9.0
BOS,2023-03-19,2,0,0,0,0,0.0,0.0,0.0,0.0,0.0,0.0,0.0,0.0,0.0,0.0,0.0
BOS,2023-03-19,4,0,1,0,1,0.0,0.0,100.0,0.0,0.0,0.0,0.0,0.0,0.7,0.0,0.0
BOS,2023-03-19,5,14,8,14,8,85.71,85.71,100.0,3.57,15.86,2.69,5.14,0.13,3.65,0.13,0.0
BOS,2023-03-19,6,31,9,31,8,93.55,93.55,100.0,3.74,18.13,4.78,6.42,2.25,1.79,0.0,0.0
BOS,2023-03-19,7,37,16,38,14,92.11,84.21,78.57,3.58,18.68,5.01,6.76,1.79,3.57,3.5,43.57
BOS,2023-03-19,8,32,23,34,21,82.35,76.47,80.95,4.44,21.32,8.18,10.26,1.9,2.28,2.29,12.71
BOS,2023-03-19,9,35,20,35,20,82.86,65.71,80.0,9.71,22.26,8.99,15.94,2.6,1.82,2.2,6.9
BOS,2023-03-19,10,25,23,24,24,79.17,66.67,100.0,29.25,19.71,5.91,33.79,2.58,2.27,0.46,0.75
BOS,2023-03-19,11,24,21,26,23,73.08,61.54,82.61,9.23,20.54,7.12,14.35,4.43,2.34,2.48,7.39
BOS,2023-03-19,12,20,24,22,27,90.91,90.91,74.07,5.18,16.09,3.57,7.23,3.3,1.32,2.7,14.44
BOS,2023-03-19,13,25,28,27,27,77.78,74.07,88.89,13.52,16.33,3.3,15.85,3.3,2.65,0.81,6.59
BOS,2023-03-19,14,26,32,32,39,71.88,68.75,84.62,12.09,17.56,4.23,15.09,3.82,1.95,2.74,8.21
BOS,2023-03-19,15,26,38,27,41,81.48,66.67,75.61,9.52,21.56,7.92,16.56,3.17,2.39,1.56,12.05
BOS,2023-03-19,16,36,35,39,40,79.49,56.41,82.5,13.64,24.92,11.71,23.69,3.65,4.03,3.45,7.9
BOS,2023-03-19,17,33,34,38,38,76.32,52.63,68.42,18.79,25.13,11.64,28.71,3.71,4.47,4.71,15.79
BOS,2023-03-19,18,37,29,39,35,71.79,33.33,82.86,39.79,30.72,17.35,54.26,1.6,5.09,1.74,8.54
BOS,2023-03-19,19,30,30,33,32,78.79,72.73,78.13,13.12,21.0,7.42,18.36,2.84,3.15,1.25,11.19
BOS,2023-03-19,20,33,25,33,26,72.73,69.7,73.08,16.15,19.97,6.16,20.82,4.0,5.15,3.62,18.38
BOS,2023-03-19,21,13,31,14,30,71.43,64.29,76.67,16.71,19.0,5.63,20.21,2.7,3.87,2.67,15.47
BOS,2023-03-19,22,14,27,14,30,71.43,57.14,66.67,20.29,24.0,10.41,24.71,1.77,2.88,4.27,17.03
BOS,2023-03-19,23,4,30,4,31,50.0,50.0,67.74,17.75,18.5,5.22,19.0,1.94,1.25,0.9,14.55
BOS,2023-03-20,0,0,10,0,12,0.0,0.0,75.0,0.0,0.0,0.0,0.0,1.5,1.86,0.0,12.83
BOS,2023-03-20,1,0,1,0,1,0.0,0.0,100.0,0.0,0.0,0.0,0.0,0.0,3.7,0.0,1.0
BOS,2023-03-20,4,0,1,0,2,0.0,0.0,50.0,0.0,0.0,0.0,0.0,0.0,4.25,0.0,142.5
BOS,2023-03-20,5,16,8,16,8,87.5,81.25,75.0,7.94,19.0,5.91,11.56,0.0,2.6,1.0,7.88
BOS,2023-03-20,6,39,8,41,7,87.8,87.8,100.0,14.44,17.1,3.89,16.39,1.0,4.07,0.0,0.0
BOS,2023-03-20,7,38,25,36,26,97.22,83.33,76.92,2.86,21.11,7.42,8.17,2.81,5.18,3.12,14.42
BOS,2023-03-20,8,44,30,47,31,91.49,78.72,70.97,7.81,18.49,5.62,11.74,3.19,3.89,2.94,25.23
BOS,2023-03-20,9,31,20,31,22,80.65,77.42,90.91,12.55,17.45,4.44,15.32,3.14,3.86,1.36,2.55
BOS,2023-03-20,10,27,22,29,24,79.31,68.97,75.0,18.52,17.0,4.06,22.03,3.08,2.92,1.42,8.25
BOS,2023-03-20,11,25,22,26,22,88.46,84.62,90.91,14.35,16.23,3.6,16.65,4.0,2.47,1.5,14.59
BOS,2023-03-20,12,19,31,18,35,94.44,94.44,85.71,2.72,15.33,2.94,4.17,3.97,1.68,1.4,6.11
BOS,2023-03-20,13,28,27,30,29,90.0,86.67,82.76,3.37,17.93,5.64,5.83,4.55,2.42,0.69,10.66
BOS,2023-03-20,14,27,32,29,37,86.21,82.76,83.78,5.45,16.55,3.73,7.38,4.65,2.38,2.43,6.65
BOS,2023-03-20,15,25,39,31,40,70.97,70.97,85.0,17.45,17.9,4.34,19.81,2.38,2.7,2.05,8.4
BOS,2023-03-20,16,35,29,37,35,86.49,78.38,85.71,7.49,18.32,5.74,11.92,2.31,2.33,1.29,11.57
BOS,2023-03-20,17,31,34,32,40,87.5,81.25,85.0,6.31,18.38,5.34,9.81,4.75,3.45,3.92,7.6
BOS,2023-03-20,18,36,27,38,28,86.84,84.21,85.71,9.11,18.42,5.28,13.0,2.04,2.0,0.89,5.61
BOS,2023-03-20,19,31,34,31,38,87.1,70.97,86.84,6.71,20.39,7.0,11.52,1.61,2.93,1.29,4.11
BOS,2023-03-20,20,36,27,39,29,87.18,82.05,79.31,5.56,20.72,7.0,9.67,7.34,4.33,6.17,19.72
BOS,2023-03-20,21,11,32,11,33,90.91,90.91,81.82,2.55,15.73,2.58,3.27,3.12,3.51,1.52,16.45
BOS,2023-03-20,22,17,28,22,28,77.27,72.73,89.29,13.68,17.77,4.88,14.77,1.61,4.09,1.18,6.96
BOS,2023-03-20,23,4,31,9,32,66.67,77.78,87.5,9.44,13.67,1.1,9.22,2.69,0.38,0.91,5.84
BOS,2023-03-21,0,0,8,0,11,0.0,0.0,81.82,0.0,0.0,0.0,0.0,1.45,0.84,3.0,5.64
BOS,2023-03-21,1,0,1,0,1,0.0,0.0,100.0,0.0,0.0,0.0,0.0,0.0,0.0,0.0,0.0
BOS,2023-03-21,2,0,0,1,0,100.0,100.0,0.0,0.0,3.0,0.0,0.0,0.0,0.0,0.0,0.0
BOS,2023-03-21,4,0,1,0,3,0.0,0.0,100.0,0.0,0.0,0.0,0.0,0.0,0.0,0.0,0.0
BOS,2023-03-21,5,16,8,17,10,94.12,94.12,80.0,3.12,14.47,2.24,4.18,0.0,2.04,0.8,4.1
BOS,2023-03-21,6,39,8,41,13,97.56,97.56,69.23,0.71,19.07,5.61,3.85,0.85,4.72,0.46,10.92
BOS,2023-03-21,7,37,24,39,24,89.74,79.49,87.5,3.85,21.44,7.75,8.38,2.54,5.34,4.75,4.83
BOS,2023-03-21,8,42,31,46,33,89.13,84.78,75.76,7.22,18.28,5.0,10.2,3.55,2.81,3.39,22.64
BOS,2023-03-21,9,34,19,38,21,81.58,81.58,80.95,17.21,16.32,3.62,19.18,2.81,3.29,0.48,7.38
BOS,2023-03-21,10,23,21,26,26,69.23,65.38,84.62,17.85,15.31,2.24,19.0,3.46,1.35,2.38,20.42
BOS,2023-03-21,11,21,20,27,22,77.78,77.78,86.36,21.56,15.33,2.33,22.67,3.59,2.5,2.45,4.59
BOS,2023-03-21,12,20,29,23,30,95.65,95.65,90.0,2.09,14.57,2.59,3.7,2.43,1.24,0.53,2.57
BOS,2023-03-21,13,25,25,27,25,88.89,77.78,92.0,4.44,17.26,4.23,7.04,2.28,1.95,0.96,5.68
BOS,2023-03-21,14,27,32,26,34,84.62,80.77,82.35,20.69,16.85,3.93,22.69,2.18,4.86,2.71,9.85
BOS,2023-03-21,15,26,36,30,39,83.33,60.0,89.74,6.33,25.87,12.16,16.23,2.82,2.38,2.28,4.44
BOS,2023-03-21,16,33,33,38,37,84.21,63.16,83.78,6.05,25.13,11.81,14.39,5.62,3.5,4.08,11.59
BOS,2023-03-21,17,34,33,36,35,83.33,72.22,74.29,16.89,17.86,4.68,19.36,4.71,1.9,8.2,16.91
BOS,2023-03-21,18,34,27,37,33,72.97,56.76,84.85,22.59,20.95,7.74,29.3,2.64,3.21,3.45,7.67
BOS,2023-03-21,19,29,30,29,38,93.1,75.86,84.21,6.28,25.59,11.93,13.79,3.84,2.32,1.87,16.84
BOS,2023-03-21,20,34,26,35,25,82.86,77.14,84.0,18.57,21.34,7.62,21.89,3.36,4.21,1.0,5.52
BOS,2023-03-21,21,12,31,15,32,73.33,66.67,93.75,12.73,19.6,6.13,16.53,1.34,4.6,0.69,15.06
BOS,2023-03-21,22,14,27,19,29,84.21,84.21,79.31,3.95,19.0,5.64,6.11,1.14,2.95,0.86,25.31
BOS,2023-03-21,23,4,31,4,31,75.0,75.0,90.32,29.25,18.25,4.97,29.5,2.0,1.02,0.39,3.77
BOS,2023-03-22,0,0,8,1,8,100.0,100.0,100.0,4.0,18.0,4.6,9.0,1.0,2.03,1.75,1.38
BOS,2023-03-22,1,0,1,0,1,0.0,0.0,100.0,0.0,0.0,0.0,0.0,0.0,0.0,0.0,1.0
BOS,2023-03-22,2,0,0,0,0,0.0,0.0,0.0,0.0,0.0,0.0,0.0,0.0,0.0,0.0,0.0
BOS,2023-03-22,4,0,1,0,3,0.0,0.0,66.67,0.0,0.0,0.0,0.0,0.0,0.5,0.0,8.67
BOS,2023-03-22,5,16,8,17,10,88.24,88.24,80.0,5.94,13.53,1.77,7.24,1.3,1.87,0.2,4.8
BOS,2023-03-22,6,39,9,40,12,90.0,90.0,66.67,4.97,17.45,4.16,6.93,2.75,4.57,3.75,17.92
BOS,2023-03-22,7,36,25,38,24,92.11,86.84,79.17,3.32,18.11,4.7,5.89,2.21,5.74,3.13,17.71
BOS,2023-03-22,8,41,31,45,33,82.22,80.0,81.82,13.64,17.0,4.04,15.11,2.21,3.06,0.97,14.06
BOS,2023-03-22,9,33,20,39,25,82.05,82.05,100.0,8.23,14.69,2.37,9.38,2.28,3.1,0.88,0.32
BOS,2023-03-22,10,23,21,27,25,92.59,88.89,92.0,5.33,16.15,3.52,7.67,2.28,2.02,1.32,2.24
BOS,2023-03-22,11,22,21,26,22,92.31,92.31,86.36,5.15,14.65,2.58,6.77,1.5,2.7,0.73,9.77
BOS,2023-03-22,12,24,29,27,30,85.19,88.89,93.33,12.44,15.67,3.4,14.93,2.47,1.84,1.9,3.8
BOS,2023-03-22,13,24,25,25,27,88.0,88.0,85.19,11.24,16.04,3.32,12.84,1.74,2.62,1.44,8.44
BOS,2023-03-22,14,26,31,30,37,83.33,83.33,86.49,8.8,12.7,0.98,9.13,1.76,3.68,1.59,8.24
BOS,2023-03-22,15,25,35,26,38,88.46,69.23,78.95,10.92,18.15,5.13,15.5,1.39,3.5,1.79,14.13
BOS,2023-03-22,16,33,31,38,36,78.95,81.58,86.11,9.53,15.18,2.47,10.95,2.0,4.46,2.81,5.19
BOS,2023-03-22,17,33,37,35,37,71.43,71.43,89.19,14.09,16.17,3.42,16.34,2.24,5.94,2.62,3.46
BOS,2023-03-22,18,35,27,38,33,81.58,76.32,81.82,8.74,18.55,5.91,12.89,2.3,4.5,3.58,18.67
BOS,2023-03-22,19,30,32,30,36,80.0,66.67,97.22,18.17,18.77,5.33,21.57,1.69,6.41,1.58,1.94
BOS,2023-03-22,20,34,27,38,27,89.47,86.84,88.89,7.89,18.63,5.16,10.29,3.78,7.5,1.85,8.33
BOS,2023-03-22,21,11,29,13,31,69.23,69.23,80.65,12.69,15.62,2.72,13.08,4.35,2.18,2.19,8.58
BOS,2023-03-22,22,16,27,21,27,85.71,80.95,81.48,6.95,19.05,6.01,8.48,5.19,3.29,3.11,10.26
BOS,2023-03-22,23,4,31,4,32,75.0,75.0,90.63,30.0,15.25,3.43,32.5,2.81,0.69,3.06,3.97
BOS,2023-03-23,0,0,10,0,8,0.0,0.0,62.5,0.0,0.0,0.0,0.0,0.75,3.99,7.63,14.5
BOS,2023-03-23,1,0,1,1,2,0.0,0.0,100.0,98.0,9.0,0.0,92.0,0.0,0.0,3.0,0.0
BOS,2023-03-23,2,0,0,0,0,0.0,0.0,0.0,0.0,0.0,0.0,0.0,0.0,0.0,0.0,0.0
BOS,2023-03-23,4,0,1,0,1,0.0,0.0,100.0,0.0,0.0,0.0,0.0,0.0,4.7,0.0,3.0
BOS,2023-03-23,5,16,8,16,11,100.0,93.75,100.0,0.56,16.19,3.6,2.81,0.0,1.49,0.91,0.45
BOS,2023-03-23,6,39,8,41,12,95.12,95.12,66.67,13.56,18.78,5.41,16.71,1.92,4.69,0.33,9.0
BOS,2023-03-23,7,38,26,39,27,92.31,84.62,85.19,2.85,20.74,6.92,6.9,3.7,3.75,2.89,11.96
BOS,2023-03-23,8,41,29,43,28,88.37,83.72,92.86,9.6,18.91,6.02,13.84,3.64,3.45,3.68,7.93
BOS,2023-03-23,9,33,20,35,23,88.57,74.29,91.3,6.26,21.49,8.19,11.29,2.74,2.21,2.65,5.35
BOS,2023-03-23,10,24,22,29,23,72.41,72.41,73.91,18.76,16.97,3.62,20.97,3.43,1.83,3.7,9.96
BOS,2023-03-23,11,24,20,24,21,79.17,75.0,76.19,13.58,16.54,3.39,14.96,6.05,2.17,3.52,16.14
BOS,2023-03-23,12,20,30,22,35,95.45,95.45,88.57,2.0,15.86,3.1,3.0,3.37,2.48,2.17,8.26
BOS,2023-03-23,13,26,30,29,32,82.76,79.31,81.25,13.34,18.59,5.55,17.83,4.13,2.68,3.0,8.28
BOS,2023-03-23,14,30,32,32,39,75.0,59.38,84.62,8.22,19.5,6.52,13.81,2.85,3.65,2.49,5.95
BOS,2023-03-23,15,25,36,32,36,75.0,59.38,77.78,14.75,21.5,8.05,20.97,2.53,3.01,1.14,10.06
BOS,2023-03-23,16,36,32,36,39,83.33,72.22,76.92,8.5,19.17,6.13,13.14,4.46,3.04,3.67,9.97
BOS,2023-03-23,17,31,35,29,36,82.76,75.86,75.0,8.52,17.34,4.18,10.76,4.0,3.79,3.53,9.56
BOS,2023-03-23,18,38,27,41,30,73.17,65.85,80.0,11.41,20.51,7.54,17.41,2.73,2.44,1.5,13.4
BOS,2023-03-23,19,31,32,32,37,81.25,75.0,83.78,21.22,19.63,6.34,25.78,3.7,3.34,4.16,11.89
BOS,2023-03-23,20,36,26,37,26,91.89,86.49,73.08,4.73,19.7,6.18,8.51,2.96,5.51,2.27,13.69
BOS,2023-03-23,21,12,33,13,37,69.23,61.54,75.68,16.08,21.0,7.92,23.08,2.49,3.58,2.41,7.84
BOS,2023-03-23,22,16,27,21,28,80.95,80.95,75.0,13.67,22.62,9.66,17.1,1.71,6.84,2.68,17.04
BOS,2023-03-23,23,4,31,5,33,80.0,60.0,72.73,15.6,18.2,4.9,20.4,1.48,1.31,1.45,10.97
BOS,2023-03-24,0,0,9,1,10,100.0,0.0,90.0,14.0,15.0,1.6,16.0,0.2,2.59,0.9,10.5
BOS,2023-03-24,1,0,1,0,1,0.0,0.0,100.0,0.0,0.0,0.0,0.0,0.0,12.7,6.0,0.0
BOS,2023-03-24,4,0,1,0,3,0.0,0.0,66.67,0.0,0.0,0.0,0.0,0.0,0.93,1.0,5.33
BOS,2023-03-24,5,16,8,16,10,87.5,87.5,80.0,8.38,19.13,5.92,12.38,0.0,2.54,1.0,10.6
BOS,2023-03-24,6,39,8,40,12,87.5,75.0,50.0,10.55,21.27,7.76,15.25,1.83,4.4,1.0,17.92
BOS,2023-03-24,7,37,26,39,24,92.31,61.54,87.5,2.56,27.97,14.08,12.59,2.17,6.97,3.46,6.25
BOS,2023-03-24,8,43,32,48,31,81.25,68.75,87.1,6.52,24.42,10.99,14.38,3.0,3.62,1.13,6.84
BOS,2023-03-24,9,32,21,34,24,88.24,76.47,91.67,4.03,21.53,8.14,9.21,2.17,3.87,1.75,3.17
BOS,2023-03-24,10,26,24,30,26,90.0,76.67,96.15,7.13,18.67,5.28,10.3,4.69,1.89,3.5,3.5
BOS,2023-03-24,11,24,20,27,22,92.59,88.89,86.36,3.74,18.04,4.99,6.63,2.36,2.2,0.05,6.09
BOS,2023-03-24,12,20,30,21,32,85.71,85.71,90.63,5.76,18.81,5.72,8.76,2.0,1.92,1.5,5.59
BOS,2023-03-24,13,27,25,29,28,82.76,68.97,89.29,7.72,18.97,5.91,12.17,2.54,2.71,0.71,4.21
BOS,2023-03-24,14,27,32,31,39,70.97,70.97,84.62,13.81,18.77,5.99,18.42,2.23,1.76,1.64,7.56
BOS,2023-03-24,15,26,39,27,38,81.48,77.78,81.58,7.41,18.37,4.81,10.33,2.08,2.57,1.18,9.58
BOS,2023-03-24,16,35,34,37,38,81.08,75.68,84.21,9.95,17.51,4.34,12.7,2.05,4.09,1.0,14.18
BOS,2023-03-24,17,32,34,35,36,80.0,80.0,83.33,12.69,18.43,5.33,15.97,2.33,3.36,1.44,13.06
BOS,2023-03-24,18,38,27,40,31,77.5,70.0,87.1,14.1,20.77,7.84,20.13,0.77,2.37,0.74,6.9
BOS,2023-03-24,19,31,33,32,35,71.88,68.75,88.57,15.94,16.63,3.42,17.97,1.51,3.32,0.46,9.34
BOS,2023-03-24,20,37,26,39,25,79.49,82.05,60.0,12.77,15.1,2.25,13.77,1.44,4.84,2.04,25.04
BOS,2023-03-24,21,11,33,11,34,72.73,72.73,82.35,14.73,15.73,2.65,16.0,2.09,4.89,2.62,11.88
BOS,2023-03-24,22,15,29,20,28,70.0,60.0,85.71,14.15,22.55,9.64,17.95,0.93,4.76,1.43,5.04
BOS,2023-03-24,23,4,31,4,32,75.0,75.0,78.13,6.25,19.25,6.07,11.0,1.56,2.49,0.44,10.22
BOS,2023-03-25,0,0,11,0,10,0.0,0.0,60.0,0.0,0.0,0.0,0.0,0.8,1.88,0.6,9.0
BOS,2023-03-25,1,0,4,0,1,0.0,0.0,100.0,0.0,0.0,0.0,0.0,0.0,0.0,0.0,0.0
BOS,2023-03-25,4,0,1,0,1,0.0,0.0,0.0,0.0,0.0,0.0,0.0,34.0,6.7,49.0,45.0
BOS,2023-03-25,5,15,8,15,8,73.33,73.33,75.0,27.67,15.6,2.8,28.4,0.88,4.52,4.88,12.25
BOS,2023-03-25,6,32,8,33,10,78.79,78.79,80.0,11.85,16.48,3.72,13.45,2.6,6.09,2.8,10.6
BOS,2023-03-25,7,29,16,30,18,86.67,83.33,77.78,7.17,18.13,4.63,9.4,1.17,3.53,2.61,8.5
BOS,2023-03-25,8,36,24,37,23,91.89,86.49,78.26,4.03,17.51,4.6,6.86,1.57,5.21,1.87,10.09
BOS,2023-03-25,9,37,15,42,18,73.81,71.43,88.89,18.76,15.69,2.96,20.62,2.0,5.55,1.78,3.89
BOS,2023-03-25,10,27,21,30,21,83.33,73.33,95.24,9.17,17.07,4.78,13.03,1.71,3.78,0.71,1.95
BOS,2023-03-25,11,20,21,21,23,80.95,66.67,78.26,4.48,18.57,6.09,8.9,3.26,3.94,2.57,16.04
BOS,2023-03-25,12,24,15,24,17,83.33,79.17,76.47,13.21,18.17,5.83,17.29,1.94,2.84,1.88,19.24
BOS,2023-03-25,13,16,23,17,26,94.12,94.12,80.77,8.06,14.47,3.14,10.24,2.04,2.52,2.19,18.04
BOS,2023-03-25,14,17,27,23,32,73.91,69.57,78.13,14.17,15.57,3.23,15.78,5.13,2.74,2.66,9.41
BOS,2023-03-25,15,21,29,21,31,76.19,71.43,64.52,9.81,15.05,2.3,11.48,3.26,4.18,3.87,11.87
BOS,2023-03-25,16,27,32,30,32,70.0,73.33,68.75,12.1,15.23,2.62,13.73,3.88,6.21,4.09,17.53
BOS,2023-03-25,17,30,26,30,24,70.0,60.0,83.33,18.83,19.27,5.95,24.17,3.58,4.38,3.5,6.13
BOS,2023-03-25,18,31,20,28,23,96.43,96.43,69.57,2.04,15.89,2.98,4.04,1.65,4.08,0.83,15.61
BOS,2023-03-25,19,20,30,20,31,70.0,65.0,67.74,21.35,18.4,5.61,24.8,2.32,6.72,3.03,18.39
BOS,2023-03-25,20,24,26,25,25,64.0,68.0,56.0,22.56,15.16,2.32,23.84,0.36,7.12,3.84,23.24
BOS,2023-03-25,21,7,18,8,18,50.0,37.5,83.33,27.63,16.63,3.59,29.88,0.67,9.35,1.39,8.06
BOS,2023-03-25,22,5,24,5,26,100.0,100.0,65.38,1.2,24.0,11.16,2.2,1.42,5.28,1.15,25.46
BOS,2023-03-25,23,8,21,8,22,62.5,62.5,72.73,37.38,13.88,1.35,38.25,2.41,3.56,3.45,13.64
BOS,2023-03-26,0,0,11,1,12,100.0,100.0,83.33,2.0,17.0,3.6,6.0,1.25,3.32,1.0,9.92
BOS,2023-03-26,1,1,1,1,5,100.0,100.0,60.0,0.0,18.0,4.6,0.0,0.6,6.6,0.0,27.6
BOS,2023-03-26,2,0,0,0,0,0.0,0.0,0.0,0.0,0.0,0.0,0.0,0.0,0.0,0.0,0.0
BOS,2023-03-26,4,0,1,0,1,0.0,0.0,0.0,0.0,0.0,0.0,0.0,0.0,6.7,0.0,40.0
BOS,2023-03-26,5,12,9,12,9,91.67,91.67,77.78,8.17,14.0,1.78,8.25,0.56,1.66,3.33,17.89
BOS,2023-03-26,6,32,8,33,7,96.97,96.97,100.0,1.76,17.61,4.43,2.97,1.0,3.34,0.14,0.0
BOS,2023-03-26,7,31,13,34,10,91.18,91.18,80.0,4.59,16.88,3.52,5.68,3.7,1.74,1.8,3.8
BOS,2023-03-26,8,35,21,38,18,81.58,84.21,83.33,6.11,16.03,3.09,7.66,2.67,4.67,3.39,16.11
BOS,2023-03-26,9,37,21,38,25,86.84,76.32,84.0,7.82,19.66,6.27,12.0,2.68,3.04,2.52,13.08
BOS,2023-03-26,10,23,25,27,26,77.78,59.26,88.46,22.7,22.41,9.26,31.07,6.77,2.53,2.5,2.92
BOS,2023-03-26,11,26,24,27,25,70.37,51.85,84.0,23.11,19.96,6.55,28.15,6.76,2.68,2.4,10.24
BOS,2023-03-26,12,21,21,24,24,66.67,58.33,83.33,23.71,19.75,6.42,29.0,2.08,1.68,1.92,23.17
BOS,2023-03-26,13,28,31,30,33,86.67,80.0,81.82,9.4,19.7,6.83,13.83,4.18,2.57,2.64,10.15
BOS,2023-03-26,14,25,29,29,33,75.86,75.86,72.73,18.48,18.97,5.77,22.21,2.18,3.02,6.76,14.3
BOS,2023-03-26,15,23,36,25,38,60.0,56.0,71.05,18.12,17.28,4.22,21.2,3.21,1.55,5.39,18.61
BOS,2023-03-26,16,32,36,33,44,63.64,48.48,61.36,22.88,22.0,8.83,30.7,3.02,2.52,3.8,17.64
BOS,2023-03-26,17,39,31,40,31,72.5,57.5,74.19,13.73,23.02,9.43,21.1,2.35,5.12,1.71,16.39
BOS,2023-03-26,18,38,33,37,35,81.08,67.57,62.86,15.65,22.95,9.75,23.24,2.17,2.99,3.06,21.09
BOS,2023-03-26,19,28,36,28,38,57.14,53.57,71.05,29.82,20.93,7.27,35.5,2.58,3.26,1.05,28.21
BOS,2023-03-26,20,35,25,34,29,61.76,41.18,62.07,34.12,21.09,7.46,40.06,2.55,2.9,2.21,27.28
BOS,2023-03-26,21,16,26,17,24,64.71,52.94,66.67,15.12,20.29,7.18,19.71,2.38,3.14,0.46,20.71
BOS,2023-03-26,22,9,23,10,23,60.0,50.0,47.83,44.3,38.4,25.18,61.3,1.48,1.83,1.22,34.7
BOS,2023-03-26,23,4,31,4,30,100.0,100.0,60.0,0.0,20.5,7.22,2.0,1.23,0.94,0.67,26.27
BOS,2023-03-27,0,0,10,0,11,0.0,0.0,45.45,0.0,0.0,0.0,0.0,0.27,2.95,0.0,44.73
BOS,2023-03-27,1,0,0,0,1,0.0,0.0,0.0,0.0,0.0,0.0,0.0,0.0,3.7,0.0,68.0
BOS,2023-03-27,2,0,0,0,0,0.0,0.0,0.0,0.0,0.0,0.0,0.0,0.0,0.0,0.0,0.0
BOS,2023-03-27,4,0,1,0,2,0.0,0.0,100.0,0.0,0.0,0.0,0.0,2.0,0.6,3.0,3.0
BOS,2023-03-27,5,14,8,14,11,92.86,92.86,45.45,2.64,19.29,6.08,6.0,1.82,1.05,3.18,18.55
BOS,2023-03-27,6,39,8,40,7,85.0,75.0,85.71,35.25,19.95,6.45,39.03,1.71,5.53,1.71,4.43
BOS,2023-03-27,7,35,24,32,26,90.63,75.0,80.77,3.22,20.28,6.62,7.63,2.58,3.58,2.31,10.42
BOS,2023-03-27,8,45,28,46,31,89.13,80.43,80.65,10.74,20.07,6.71,14.52,4.52,2.08,1.87,11.19
BOS,2023-03-27,9,37,21,39,22,84.62,69.23,81.82,8.87,20.28,7.44,14.28,3.5,1.9,1.23,12.86
BOS,2023-03-27,10,23,26,26,27,76.92,80.77,92.59,14.85,16.38,4.0,17.23,2.59,2.93,1.3,4.48
BOS,2023-03-27,11,26,24,25,24,80.0,76.0,70.83,15.44,17.68,4.66,18.28,2.21,2.23,0.67,14.75
BOS,2023-03-27,12,22,26,22,27,72.73,68.18,77.78,21.32,17.55,4.95,24.32,7.96,4.27,8.33,17.93
BOS,2023-03-27,13,28,32,33,35,72.73,69.7,71.43,13.06,15.48,3.38,14.97,1.63,4.15,2.49,18.17
BOS,2023-03-27,14,25,27,28,37,71.43,60.71,81.08,15.75,17.11,4.88,20.07,2.65,3.92,2.95,9.54
BOS,2023-03-27,15,22,39,25,41,72.0,60.0,78.05,13.56,21.08,7.94,19.32,2.0,5.21,2.05,13.24
BOS,2023-03-27,16,35,33,39,36,79.49,71.79,83.33,16.9,18.87,6.04,21.05,2.47,4.02,1.31,6.06
BOS,2023-03-27,17,39,33,44,30,75.0,61.36,70.0,12.18,18.77,5.77,16.66,3.17,5.63,2.47,12.33
BOS,2023-03-27,18,37,30,39,33,82.05,69.23,66.67,8.97,19.72,7.03,13.62,1.55,4.42,2.61,13.36
BOS,2023-03-27,19,28,39,29,42,62.07,55.17,64.29,23.59,21.66,8.41,29.97,2.0,4.69,1.81,22.02
BOS,2023-03-27,20,37,25,38,26,65.79,57.89,76.92,16.24,19.97,6.48,21.05,2.0,5.53,0.42,10.92
BOS,2023-03-27,21,14,26,15,27,80.0,66.67,66.67,11.13,21.6,8.44,13.8,3.22,7.03,2.04,27.33
BOS,2023-03-27,22,9,26,15,27,46.67,60.0,74.07,19.33,16.6,4.11,18.6,1.59,1.72,0.37,14.33
BOS,2023-03-27,23,4,32,4,29,75.0,75.0,68.97,5.25,11.5,0.1,4.75,1.41,0.86,0.07,13.24
BOS,2023-03-28,0,0,8,0,10,0.0,0.0,60.0,0.0,0.0,0.0,0.0,0.3,3.01,0.0,18.3
BOS,2023-03-28,1,0,0,0,1,0.0,0.0,0.0,0.0,0.0,0.0,0.0,0.0,0.7,0.0,74.0
BOS,2023-03-28,2,0,0,0,0,0.0,0.0,0.0,0.0,0.0,0.0,0.0,0.0,0.0,0.0,0.0
BOS,2023-03-28,3,0,0,0,0,0.0,0.0,0.0,0.0,0.0,0.0,0.0,0.0,0.0,0.0,0.0
BOS,2023-03-28,4,0,1,0,3,0.0,0.0,100.0,0.0,0.0,0.0,0.0,0.0,0.73,0.0,0.0
BOS,2023-03-28,5,14,9,14,11,85.71,85.71,72.73,20.57,14.21,2.3,22.5,0.09,3.14,0.09,26.36
BOS,2023-03-28,6,38,7,37,11,94.59,94.59,63.64,5.76,18.38,5.01,8.05,2.18,6.91,2.27,15.27
BOS,2023-03-28,7,34,25,36,28,86.11,72.22,78.57,24.61,21.06,7.44,29.81,2.79,5.8,3.89,15.68
BOS,2023-03-28,8,43,26,46,27,86.96,86.96,85.19,8.43,17.61,4.75,10.65,3.11,4.87,2.07,8.67
BOS,2023-03-28,9,38,21,41,24,82.93,75.61,83.33,15.32,16.71,4.37,17.93,3.38,4.75,1.75,7.54
BOS,2023-03-28,10,17,27,21,30,76.19,71.43,83.33,17.19,14.71,1.5,18.0,3.1,3.65,1.87,9.33
BOS,2023-03-28,11,24,21,27,23,85.19,85.19,78.26,8.96,16.59,3.94,11.52,2.7,3.6,1.74,17.43
BOS,2023-03-28,12,22,25,23,26,82.61,82.61,84.62,6.39,17.35,4.75,9.61,2.81,3.23,1.35,12.19
BOS,2023-03-28,13,28,31,26,35,76.92,73.08,94.29,15.12,15.65,3.24,16.77,3.0,3.5,2.17,5.89
BOS,2023-03-28,14,24,26,31,31,70.97,74.19,80.65,12.84,12.55,0.97,13.26,3.23,2.99,2.23,8.23
BOS,2023-03-28,15,20,38,22,39,90.91,81.82,79.49,5.73,16.77,4.25,8.23,3.51,3.68,1.82,24.05
BOS,2023-03-28,16,34,35,36,41,75.0,66.67,80.49,23.08,18.58,5.62,27.08,7.24,5.4,6.05,15.22
BOS,2023-03-28,17,42,31,48,34,77.08,72.92,73.53,16.75,17.71,4.82,20.19,3.74,4.5,3.53,11.76
BOS,2023-03-28,18,36,30,38,36,84.21,73.68,75.0,9.42,17.82,5.22,12.92,3.17,5.13,4.47,10.36
BOS,2023-03-28,19,26,34,27,37,77.78,74.07,89.19,11.67,18.85,5.47,13.81,2.24,5.27,1.49,8.14
BOS,2023-03-28,20,36,25,39,26,79.49,76.92,69.23,15.97,17.08,3.83,18.1,1.15,5.31,0.35,26.42
BOS,2023-03-28,21,14,26,16,27,75.0,75.0,81.48,19.06,14.31,1.71,19.69,2.19,5.24,1.67,11.89
BOS,2023-03-28,22,9,25,17,26,82.35,82.35,65.38,16.24,17.76,5.39,16.65,1.04,4.0,2.27,20.23
BOS,2023-03-28,23,4,31,4,32,75.0,75.0,62.5,4.75,12.75,0.43,4.75,2.03,3.38,2.44,19.22
BOS,2023-03-29,0,1,10,1,8,100.0,0.0,12.5,9.0,21.0,7.6,17.0,0.13,2.48,0.0,99.75
BOS,2023-03-29,1,0,0,0,0,0.0,0.0,0.0,0.0,0.0,0.0,0.0,0.0,0.0,0.0,0.0
BOS,2023-03-29,4,0,1,0,5,0.0,0.0,80.0,0.0,0.0,0.0,0.0,1.6,1.4,4.0,16.6
BOS,2023-03-29,5,14,8,15,9,93.33,93.33,77.78,6.73,14.67,2.34,7.33,0.33,4.1,0.0,12.0
BOS,2023-03-29,6,38,9,39,10,87.18,79.49,70.0,10.62,20.05,6.8,14.44,1.8,4.92,2.2,17.3
BOS,2023-03-29,7,33,26,35,25,88.57,77.14,92.0,5.83,22.0,8.35,10.46,1.52,6.06,3.4,2.56
BOS,2023-03-29,8,42,27,46,27,89.13,86.96,77.78,6.54,17.48,4.68,8.72,2.0,4.81,2.33,13.19
BOS,2023-03-29,9,37,23,39,26,92.31,92.31,76.92,4.69,14.74,2.61,5.38,1.73,3.56,2.81,5.62
BOS,2023-03-29,10,20,25,24,26,87.5,83.33,92.31,12.33,14.5,2.11,13.17,1.92,2.85,2.15,3.12
BOS,2023-03-29,11,23,21,26,21,92.31,88.46,100.0,3.88,14.54,2.21,5.15,1.62,3.85,1.14,0.71
BOS,2023-03-29,12,23,26,23,29,91.3,91.3,82.76,11.78,14.43,2.19,12.87,2.48,3.11,1.62,16.34
BOS,2023-03-29,13,26,29,27,29,88.89,85.19,93.1,7.0,14.96,3.76,9.59,1.03,3.26,0.48,10.59
BOS,2023-03-29,14,24,25,26,29,88.46,84.62,86.21,4.12,14.12,2.26,5.23,1.83,2.38,2.03,6.21
BOS,2023-03-29,15,19,35,23,40,78.26,73.91,80.0,13.35,15.91,3.33,15.09,1.4,4.13,3.08,7.13
BOS,2023-03-29,16,34,35,40,38,80.0,77.5,78.95,18.5,16.33,3.62,20.7,1.68,4.74,2.55,17.82
BOS,2023-03-29,17,40,32,41,35,75.61,75.61,80.0,16.51,17.1,3.97,19.27,1.63,7.05,3.83,8.4
BOS,2023-03-29,18,36,31,40,35,82.5,75.0,85.71,13.95,21.77,8.75,20.3,1.2,7.97,1.6,7.94
BOS,2023-03-29,19,27,37,28,35,82.14,67.86,85.71,49.61,22.29,8.67,55.89,2.17,7.53,2.91,3.69
BOS,2023-03-29,20,36,25,38,29,78.95,65.79,82.76,11.29,21.79,8.21,16.5,4.38,4.27,2.66,13.48
BOS,2023-03-29,21,14,25,16,27,81.25,75.0,88.89,8.0,20.25,7.11,10.81,3.15,2.03,0.78,12.85
BOS,2023-03-29,22,10,25,15,25,93.33,93.33,84.0,11.53,23.73,10.4,13.93,2.8,1.92,2.8,15.8
BOS,2023-03-29,23,4,29,5,28,80.0,80.0,85.71,8.2,13.8,2.0,8.2,3.71,1.34,4.93,8.5
BOS,2023-03-30,0,0,10,0,11,0.0,0.0,45.45,0.0,0.0,0.0,0.0,3.27,1.49,9.27,31.91
BOS,2023-03-30,1,0,0,0,0,0.0,0.0,0.0,0.0,0.0,0.0,0.0,0.0,0.0,0.0,0.0
BOS,2023-03-30,4,0,1,0,3,0.0,0.0,66.67,0.0,0.0,0.0,0.0,0.0,1.4,1.0,28.67
BOS,2023-03-30,5,14,9,14,10,92.86,92.86,90.0,2.0,17.57,4.39,3.43,0.0,2.49,4.7,17.5
BOS,2023-03-30,6,40,7,40,14,92.5,82.5,78.57,6.65,21.3,7.76,10.65,1.86,4.0,0.64,19.43
BOS,2023-03-30,7,34,25,40,28,75.0,62.5,67.86,6.58,24.3,10.45,14.48,2.93,4.42,4.07,16.64
BOS,2023-03-30,8,44,27,46,30,89.13,67.39,90.0,5.89,25.91,12.56,15.33,6.23,3.21,3.23,5.03
BOS,2023-03-30,9,38,22,43,25,83.72,74.42,88.0,8.6,23.44,10.1,15.02,2.32,2.64,1.8,4.0
BOS,2023-03-30,10,21,26,23,32,82.61,69.57,81.25,6.7,20.13,6.7,11.43,3.03,2.82,2.81,11.44
BOS,2023-03-30,11,25,22,27,25,85.19,77.78,76.0,8.67,18.04,4.65,11.44,2.0,1.82,1.88,10.92
BOS,2023-03-30,12,23,25,23,26,82.61,78.26,84.62,6.39,18.78,5.59,10.04,2.54,1.4,1.88,4.38
BOS,2023-03-30,13,26,36,29,37,82.76,75.86,89.19,3.93,20.79,7.67,9.83,2.03,1.92,2.32,6.54
BOS,2023-03-30,14,28,27,29,30,75.86,62.07,76.67,14.31,22.07,8.99,21.34,1.77,2.23,2.8,11.97
BOS,2023-03-30,15,21,36,23,39,82.61,69.57,71.79,10.0,22.13,8.47,15.96,3.15,2.29,3.46,13.64
BOS,2023-03-30,16,35,33,38,37,76.32,57.89,78.38,26.47,22.68,9.62,35.24,2.7,3.04,5.49,13.38
BOS,2023-03-30,17,40,34,44,38,77.27,63.64,89.47,12.82,23.98,10.46,21.7,3.29,4.16,2.16,5.89
BOS,2023-03-30,18,38,31,40,35,72.5,47.5,80.0,13.65,24.58,11.27,23.73,2.17,5.54,2.63,10.71
BOS,2023-03-30,19,28,37,28,43,78.57,64.29,69.77,13.71,21.82,8.22,19.36,2.37,7.9,4.74,15.88
BOS,2023-03-30,20,37,24,38,26,63.16,55.26,69.23,24.84,20.47,6.88,29.76,2.54,6.71,3.31,58.62
BOS,2023-03-30,21,15,26,15,27,73.33,73.33,85.19,11.33,18.6,5.19,14.8,2.37,4.66,2.41,10.19
BOS,2023-03-30,22,9,24,15,24,86.67,80.0,62.5,28.0,19.53,6.32,29.2,1.21,1.75,1.0,15.75
BOS,2023-03-30,23,4,33,5,33,100.0,80.0,72.73,1.0,18.8,5.5,6.4,1.79,2.01,1.36,21.12
BOS,2023-03-31,0,0,11,0,10,0.0,0.0,70.0,0.0,0.0,0.0,0.0,1.2,3.77,6.3,11.7
BOS,2023-03-31,2,0,0,0,0,0.0,0.0,0.0,0.0,0.0,0.0,0.0,0.0,0.0,0.0,0.0
BOS,2023-03-31,4,0,1,0,3,0.0,0.0,100.0,0.0,0.0,0.0,0.0,0.0,0.47,0.0,0.0
BOS,2023-03-31,5,14,8,15,10,93.33,93.33,70.0,2.4,16.27,3.02,3.6,0.0,2.29,0.2,10.1
BOS,2023-03-31,6,40,8,41,9,85.37,75.61,55.56,12.68,21.93,8.42,17.78,1.56,5.62,1.11,20.56
BOS,2023-03-31,7,32,25,35,26,85.71,60.0,92.31,4.23,24.97,11.06,12.0,2.19,4.25,2.35,7.58
BOS,2023-03-31,8,44,28,47,26,78.72,74.47,80.77,18.77,18.85,5.8,22.3,2.62,3.67,2.04,21.42
BOS,2023-03-31,9,36,22,40,24,85.0,77.5,83.33,13.65,18.93,5.78,17.95,1.46,2.95,0.92,25.58
BOS,2023-03-31,10,23,28,26,33,80.77,80.77,81.82,13.5,18.31,5.02,16.46,6.76,1.58,3.12,13.09
BOS,2023-03-31,11,25,23,27,24,74.07,66.67,83.33,19.33,14.7,2.26,20.96,2.88,3.09,0.5,13.75
BOS,2023-03-31,12,23,25,27,26,74.07,74.07,92.31,24.96,14.19,2.55,26.81,2.12,3.07,0.88,7.65
BOS,2023-03-31,13,28,31,32,31,87.5,78.13,96.77,10.78,17.34,4.75,14.19,1.39,3.63,0.74,1.45
BOS,2023-03-31,14,25,29,27,33,92.59,88.89,84.85,1.33,15.0,3.29,2.93,1.94,4.22,3.3,5.67
BOS,2023-03-31,15,22,39,24,41,83.33,79.17,85.37,8.79,15.58,2.59,10.92,1.05,3.79,1.66,12.05
BOS,2023-03-31,16,36,34,36,39,72.22,69.44,76.92,23.89,17.83,4.86,27.03,4.74,3.21,2.23,17.54
BOS,2023-03-31,17,40,33,41,30,78.05,75.61,73.33,12.32,19.8,6.45,17.12,4.93,3.14,3.9,17.37
BOS,2023-03-31,18,38,31,37,35,64.86,62.16,71.43,22.95,20.11,7.18,29.16,4.69,3.08,3.83,16.11
BOS,2023-03-31,19,28,38,29,36,68.97,58.62,69.44,16.59,21.86,8.46,24.0,4.06,4.64,2.53,27.75
BOS,2023-03-31,20,37,25,38,26,84.21,68.42,65.38,12.92,21.42,7.91,19.11,4.42,4.43,7.73,24.04
BOS,2023-03-31,21,14,26,15,28,73.33,60.0,53.57,12.6,19.53,6.35,18.27,3.75,4.31,2.32,58.57
BOS,2023-03-31,22,10,27,15,25,73.33,73.33,68.0,18.73,16.53,3.37,21.07,4.0,3.23,3.12,34.28
BOS,2023-03-31,23,4,32,8,27,62.5,62.5,62.96,8.63,14.75,1.94,9.88,1.89,1.51,3.63,66.04
BOS,2023-04-01,0,0,12,0,10,0.0,0.0,40.0,0.0,0.0,0.0,0.0,0.8,2.3,3.7,57.1
BOS,2023-04-01,1,0,2,0,0,0.0,0.0,0.0,0.0,0.0,0.0,0.0,0.0,0.0,0.0,0.0
BOS,2023-04-01,2,0,0,0,0,0.0,0.0,0.0,0.0,0.0,0.0,0.0,0.0,0.0,0.0,0.0
BOS,2023-04-01,3,0,0,0,0,0.0,0.0,0.0,0.0,0.0,0.0,0.0,0.0,0.0,0.0,0.0
BOS,2023-04-01,4,0,1,0,1,0.0,0.0,100.0,0.0,0.0,0.0,0.0,1.0,0.4,0.0,0.0
BOS,2023-04-01,5,13,8,12,8,91.67,91.67,100.0,2.92,17.08,3.82,5.17,1.75,1.26,1.13,4.13
BOS,2023-04-01,6,33,8,30,10,93.33,83.33,80.0,4.73,22.1,8.77,10.97,2.2,2.57,1.2,13.7
BOS,2023-04-01,7,30,16,29,16,93.1,93.1,75.0,3.03,18.93,5.28,6.83,1.44,3.39,1.13,12.0
BOS,2023-04-01,8,36,22,35,19,71.43,65.71,84.21,26.6,18.37,5.16,30.31,1.21,3.96,1.21,10.68
BOS,2023-04-01,9,38,16,39,13,71.79,69.23,69.23,14.87,18.08,5.49,19.0,1.69,5.15,4.08,27.38
BOS,2023-04-01,10,22,25,20,26,60.0,55.0,69.23,42.4,19.7,6.56,48.1,4.19,6.88,5.35,16.04
BOS,2023-04-01,11,23,22,25,20,68.0,44.0,70.0,12.24,26.16,12.81,23.84,6.15,2.88,7.6,13.3
BOS,2023-04-01,12,21,16,18,22,72.22,55.56,68.18,24.06,19.28,6.04,28.72,3.86,1.7,3.73,16.5
BOS,2023-04-01,13,21,23,21,23,66.67,66.67,73.91,30.43,18.95,6.12,35.19,4.26,2.37,3.22,17.13
BOS,2023-04-01,14,19,24,23,25,73.91,60.87,56.0,24.65,20.83,9.0,32.26,5.12,2.26,11.12,30.4
BOS,2023-04-01,15,20,28,17,32,41.18,35.29,62.5,45.53,19.59,6.24,51.24,5.25,1.79,4.5,28.63
BOS,2023-04-01,16,24,31,21,31,85.71,71.43,51.61,6.48,20.24,7.26,11.71,9.13,6.01,10.42,23.1
BOS,2023-04-01,17,34,30,35,30,51.43,48.57,70.0,31.17,17.63,4.18,35.0,3.33,6.05,2.73,19.53
BOS,2023-04-01,18,26,25,30,25,70.0,66.67,48.0,27.3,17.13,4.7,31.17,4.84,3.83,4.24,44.76
BOS,2023-04-01,19,20,31,19,33,57.89,63.16,54.55,28.32,15.42,2.12,29.74,2.85,5.14,2.45,54.21
BOS,2023-04-01,20,22,23,22,24,50.0,50.0,45.83,85.82,16.86,3.59,88.55,4.96,3.1,6.21,48.58
BOS,2023-04-01,21,13,18,12,20,41.67,41.67,65.0,114.83,21.92,9.35,37.67,10.3,4.49,13.55,33.1
BOS,2023-04-01,22,5,19,8,18,50.0,50.0,50.0,27.88,14.0,0.94,28.38,3.67,4.85,3.39,28.33
BOS,2023-04-01,23,5,21,5,20,40.0,40.0,50.0,58.2,18.2,5.18,63.2,2.0,1.34,0.85,34.45
BOS,2023-04-02,0,1,12,1,12,100.0,100.0,41.67,0.0,15.0,1.6,0.0,0.75,0.73,0.0,36.33
BOS,2023-04-02,1,1,0,1,2,100.0,100.0,100.0,0.0,21.0,7.6,1.0,5.0,2.85,0.0,0.0
BOS,2023-04-02,2,0,0,0,1,0.0,0.0,0.0,0.0,0.0,0.0,0.0,0.0,4.7,0.0,182.0
BOS,2023-04-02,3,0,0,0,0,0.0,0.0,0.0,0.0,0.0,0.0,0.0,0.0,0.0,0.0,0.0
BOS,2023-04-02,4,0,1,0,1,0.0,0.0,100.0,0.0,0.0,0.0,0.0,0.0,0.4,0.0,8.0
BOS,2023-04-02,5,12,9,12,9,91.67,83.33,100.0,9.5,17.92,4.7,11.67,0.33,1.9,0.0,2.0
BOS,2023-04-02,6,31,7,31,6,90.32,90.32,100.0,6.52,17.58,4.34,8.45,3.0,2.17,0.0,1.17
BOS,2023-04-02,7,33,12,28,13,92.86,92.86,61.54,3.93,19.11,5.66,7.43,2.08,2.48,3.54,26.23
BOS,2023-04-02,8,34,24,35,24,91.43,88.57,70.83,4.51,20.46,7.17,9.4,2.58,1.03,3.88,21.46
BOS,2023-04-02,9,40,21,44,21,77.27,65.91,90.48,13.75,20.64,7.13,19.0,2.48,2.59,0.48,5.52
BOS,2023-04-02,10,21,27,25,28,88.0,80.0,82.14,6.4,18.68,5.43,10.68,2.32,1.96,2.11,12.04
BOS,2023-04-02,11,27,23,30,22,63.33,56.67,72.73,22.93,20.27,7.0,28.73,4.86,1.83,1.18,21.91
BOS,2023-04-02,12,22,22,24,21,83.33,75.0,95.24,6.67,19.63,6.6,11.92,2.19,2.13,2.33,2.81
BOS,2023-04-02,13,28,33,30,37,70.0,73.33,81.08,19.9,18.0,5.39,23.63,2.16,2.29,1.95,11.22
BOS,2023-04-02,14,25,26,27,34,77.78,77.78,76.47,9.22,16.37,3.63,11.44,2.97,1.74,3.5,9.5
BOS,2023-04-02,15,20,38,29,40,79.31,75.86,80.0,11.97,18.76,5.39,15.97,2.45,1.98,2.58,12.0
BOS,2023-04-02,16,33,35,37,41,62.16,54.05,78.05,16.41,20.14,6.88,22.76,2.22,1.92,2.66,14.61
BOS,2023-04-02,17,40,32,38,33,78.95,63.16,72.73,9.53,23.32,9.94,16.63,2.79,3.17,2.7,33.42
BOS,2023-04-02,18,37,34,39,36,76.92,58.97,66.67,16.23,25.49,12.11,25.87,1.83,1.58,1.78,25.69
BOS,2023-04-02,19,30,34,31,41,74.19,74.19,70.73,26.84,20.03,6.51,31.26,2.54,2.22,2.8,20.15
BOS,2023-04-02,20,34,24,36,30,58.33,52.78,70.0,26.22,19.44,5.72,30.22,3.43,3.11,6.53,18.37
BOS,2023-04-02,21,16,26,17,26,64.71,58.82,76.92,12.94,23.0,9.89,17.53,2.73,3.09,0.96,23.12
BOS,2023-04-02,22,9,22,10,19,80.0,70.0,68.42,11.1,25.1,11.69,20.5,0.53,3.29,0.84,18.79
BOS,2023-04-02,23,4,32,5,32,80.0,80.0,56.25,4.0,16.6,3.44,6.4,1.5,1.49,1.5,19.53
BOS,2023-04-03,0,0,10,0,12,0.0,0.0,75.0,0.0,0.0,0.0,0.0,1.25,1.32,2.08,13.58
BOS,2023-04-03,1,0,0,0,0,0.0,0.0,0.0,0.0,0.0,0.0,0.0,0.0,0.0,0.0,0.0
BOS,2023-04-03,2,0,0,1,0,100.0,100.0,0.0,0.0,20.0,6.3,6.0,0.0,0.0,0.0,0.0
BOS,2023-04-03,4,0,2,0,2,0.0,0.0,100.0,0.0,0.0,0.0,0.0,1.5,0.9,2.5,5.5
BOS,2023-04-03,5,14,8,15,8,93.33,93.33,62.5,1.33,14.73,2.39,2.27,0.25,3.28,1.0,22.63
BOS,2023-04-03,6,39,7,38,7,84.21,84.21,85.71,8.71,17.79,4.45,11.34,1.86,7.69,0.0,14.71
BOS,2023-04-03,7,35,23,34,25,91.18,88.24,88.0,4.06,18.62,4.9,6.79,1.68,3.93,2.12,3.56
BOS,2023-04-03,8,43,30,45,29,84.44,75.56,82.76,6.36,21.78,8.36,11.73,3.03,4.55,1.93,11.0
BOS,2023-04-03,9,38,21,39,22,89.74,87.18,90.91,8.56,15.95,3.06,9.82,3.77,2.94,0.77,3.32
BOS,2023-04-03,10,23,26,23,29,82.61,78.26,75.86,5.57,15.87,2.64,6.61,3.21,2.72,1.9,10.17
BOS,2023-04-03,11,27,25,29,26,79.31,75.86,80.77,6.52,14.52,1.76,7.59,4.04,1.45,3.15,17.65
BOS,2023-04-03,12,22,26,25,26,72.0,68.0,96.15,23.24,14.84,2.53,24.92,5.27,1.27,2.12,2.38
BOS,2023-04-03,13,29,32,29,32,93.1,89.66,87.5,2.31,15.97,3.48,3.93,3.66,2.38,1.03,8.47
BOS,2023-04-03,14,25,26,26,33,80.77,80.77,78.79,12.73,15.12,2.76,13.85,2.36,1.64,2.91,20.21
BOS,2023-04-03,15,20,41,21,39,80.95,80.95,79.49,18.57,18.14,4.88,22.57,2.72,2.09,1.97,11.03
BOS,2023-04-03,16,35,32,38,35,68.42,60.53,77.14,18.89,19.47,6.66,24.03,2.63,3.73,2.11,14.69
BOS,2023-04-03,17,39,32,39,37,79.49,69.23,81.08,16.64,21.62,8.08,22.41,2.57,3.82,2.24,9.73
BOS,2023-04-03,18,36,32,37,35,83.78,78.38,71.43,5.97,19.35,6.05,9.11,2.09,3.48,2.6,8.8
BOS,2023-04-03,19,29,37,29,39,75.86,68.97,76.92,11.72,16.83,3.53,13.48,2.69,3.79,2.9,13.31
BOS,2023-04-03,20,35,25,36,28,75.0,66.67,71.43,11.67,17.92,4.68,14.64,4.21,1.7,1.64,16.46
BOS,2023-04-03,21,15,25,16,26,75.0,75.0,76.92,16.19,14.06,1.58,16.44,3.04,1.83,0.42,23.12
BOS,2023-04-03,22,10,25,15,26,86.67,86.67,73.08,13.87,15.4,2.34,15.53,1.69,1.75,1.5,14.46
BOS,2023-04-03,23,4,32,4,32,75.0,75.0,68.75,16.75,15.5,2.42,17.75,1.97,0.61,0.03,18.56
BOS,2023-04-04,0,0,8,1,12,100.0,100.0,75.0,0.0,21.0,7.3,0.0,1.83,1.93,0.0,26.33
BOS,2023-04-04,1,0,0,1,0,0.0,0.0,0.0,712.0,13.0,0.0,712.0,0.0,0.0,0.0,0.0
BOS,2023-04-04,3,0,0,0,0,0.0,0.0,0.0,0.0,0.0,0.0,0.0,0.0,0.0,0.0,0.0
BOS,2023-04-04,4,0,1,0,3,0.0,0.0,66.67,0.0,0.0,0.0,0.0,0.33,1.4,0.0,7.33
BOS,2023-04-04,5,13,8,14,11,92.86,92.86,90.91,1.64,12.57,0.64,1.93,0.18,3.26,0.64,3.36
BOS,2023-04-04,6,37,8,39,11,87.18,84.62,45.45,6.21,16.82,3.67,7.85,2.18,8.45,3.18,38.09
BOS,2023-04-04,7,37,24,42,24,80.95,80.95,87.5,7.31,17.98,4.66,10.02,0.92,3.67,1.0,5.46
BOS,2023-04-04,8,39,28,44,31,86.36,86.36,67.74,7.61,15.57,2.69,8.86,1.94,3.89,1.48,14.74
BOS,2023-04-04,9,39,21,40,24,85.0,82.5,87.5,7.35,14.88,2.56,8.48,2.08,3.38,0.92,12.75
BOS,2023-04-04,10,20,27,22,29,72.73,68.18,89.66,19.41,15.27,2.49,21.27,1.1,4.42,2.07,4.07
BOS,2023-04-04,11,24,24,28,26,78.57,78.57,88.46,16.21,14.75,2.22,16.64,2.46,3.01,2.69,3.27
BOS,2023-04-04,12,27,24,30,26,73.33,73.33,88.46,16.27,12.7,1.28,16.97,1.73,2.0,1.15,8.04
BOS,2023-04-04,13,25,32,26,34,84.62,80.77,76.47,8.23,13.85,1.83,8.96,2.56,2.76,1.94,12.85
BOS,2023-04-04,14,25,25,30,31,90.0,90.0,77.42,6.37,12.7,0.85,6.47,1.55,2.72,1.81,6.55
BOS,2023-04-04,15,21,37,25,39,92.0,92.0,82.05,1.84,15.36,2.58,2.92,2.31,4.5,2.56,14.28
BOS,2023-04-04,16,34,35,39,40,84.62,79.49,87.5,17.03,16.64,3.6,19.36,1.8,5.96,2.73,6.45
BOS,2023-04-04,17,44,32,49,36,75.51,71.43,72.22,13.84,17.18,3.95,16.69,3.0,4.84,3.39,23.19
BOS,2023-04-04,18,34,33,38,39,81.58,73.68,66.67,9.21,17.45,4.72,12.32,3.69,6.53,4.54,15.87
BOS,2023-04-04,19,28,32,29,37,75.86,65.52,75.68,15.41,17.24,4.3,18.72,2.54,6.19,3.54,23.73
BOS,2023-04-04,20,34,29,35,32,74.29,62.86,75.0,17.0,19.4,6.03,20.6,2.34,6.18,1.75,18.94
BOS,2023-04-04,21,14,25,16,26,75.0,68.75,88.46,8.63,15.63,3.16,11.31,1.04,3.76,1.38,8.23
BOS,2023-04-04,22,10,22,15,22,93.33,93.33,77.27,3.87,14.4,1.73,4.67,0.64,7.0,2.82,13.45
BOS,2023-04-04,23,4,32,4,31,100.0,100.0,83.87,0.0,19.0,5.72,1.5,1.32,1.92,1.9,15.0
BOS,2023-04-05,0,1,10,1,9,100.0,100.0,77.78,2.0,16.0,2.6,5.0,0.44,0.72,3.11,23.0
BOS,2023-04-05,1,0,0,1,0,100.0,100.0,0.0,0.0,13.0,0.0,0.0,0.0,0.0,0.0,0.0
BOS,2023-04-05,2,0,0,1,0,0.0,0.0,0.0,47.0,16.0,0.9,48.0,0.0,0.0,0.0,0.0
BOS,2023-04-05,3,0,0,0,0,0.0,0.0,0.0,0.0,0.0,0.0,0.0,0.0,0.0,0.0,0.0
BOS,2023-04-05,4,0,1,0,3,0.0,0.0,100.0,0.0,0.0,0.0,0.0,0.0,0.8,0.0,0.0
BOS,2023-04-05,5,13,7,13,9,84.62,76.92,88.89,44.46,14.92,2.76,46.31,0.11,3.08,5.11,9.89
BOS,2023-04-05,6,38,10,43,11,90.7,93.02,45.45,5.3,16.42,3.17,6.53,2.91,4.38,2.64,26.36
BOS,2023-04-05,7,35,26,38,24,84.21,78.95,79.17,8.11,18.03,4.53,10.29,2.54,5.32,3.75,9.63
BOS,2023-04-05,8,39,31,41,30,85.37,85.37,86.67,17.8,14.37,2.3,18.61,3.83,2.73,2.43,4.27
BOS,2023-04-05,9,40,23,43,24,86.05,86.05,87.5,5.72,14.98,2.48,6.95,2.42,3.03,1.04,12.75
BOS,2023-04-05,10,21,24,24,31,66.67,66.67,74.19,28.42,14.75,1.84,29.63,2.97,2.78,3.52,9.1
BOS,2023-04-05,11,23,24,31,23,67.74,64.52,82.61,11.45,16.97,4.14,14.52,2.74,2.38,2.48,5.78
BOS,2023-04-05,12,26,24,27,22,70.37,66.67,95.45,10.15,16.93,4.42,13.26,2.0,3.1,1.18,3.36
BOS,2023-04-05,13,24,29,29,33,75.86,68.97,75.76,17.79,15.76,3.54,20.24,3.0,3.16,3.33,9.24
BOS,2023-04-05,14,25,26,26,31,65.38,65.38,87.1,11.0,13.96,1.82,12.19,1.1,3.25,1.87,8.0
BOS,2023-04-05,15,23,38,25,43,72.0,72.0,65.12,9.92,17.24,4.46,12.16,2.42,3.74,8.09,16.19
BOS,2023-04-05,16,34,34,35,40,68.57,62.86,55.0,17.91,18.71,5.83,22.46,8.73,3.93,11.33,39.4
BOS,2023-04-05,17,42,34,45,32,51.11,44.44,71.88,47.13,20.27,7.05,53.31,5.69,3.84,7.25,27.34
BOS,2023-04-05,18,34,35,39,37,74.36,58.97,72.97,27.31,22.87,9.54,35.33,3.14,5.28,5.0,25.24
BOS,2023-04-05,19,29,35,28,41,60.71,50.0,48.78,39.36,18.54,5.16,43.07,3.34,7.68,9.05,34.49
BOS,2023-04-05,20,37,28,39,29,51.28,43.59,62.07,40.26,17.33,4.38,43.26,3.55,4.6,5.52,22.93
BOS,2023-04-05,21,15,26,15,23,66.67,66.67,60.87,36.87,19.93,6.74,39.53,2.74,8.28,7.96,26.96
BOS,2023-04-05,22,11,22,16,22,75.0,75.0,90.91,12.63,12.69,0.64,12.44,2.32,4.52,2.55,5.59
BOS,2023-04-05,23,4,30,5,27,100.0,80.0,48.15,7.0,15.8,3.1,8.6,0.78,3.53,4.0,53.41
BOS,2023-04-06,0,0,11,1,11,0.0,0.0,63.64,115.0,16.0,2.3,117.0,2.09,3.4,0.55,19.73
BOS,2023-04-06,1,0,0,0,1,0.0,0.0,0.0,0.0,0.0,0.0,0.0,3.0,1.8,7.0,15.0
BOS,2023-04-06,2,0,0,0,0,0.0,0.0,0.0,0.0,0.0,0.0,0.0,0.0,0.0,0.0,0.0
BOS,2023-04-06,4,0,2,1,3,100.0,100.0,100.0,0.0,15.0,1.6,2.0,0.0,0.13,0.0,3.0
BOS,2023-04-06,5,14,7,14,9,92.86,92.86,77.78,2.0,15.71,2.45,2.43,0.22,2.4,0.56,10.78
BOS,2023-04-06,6,39,7,40,13,82.5,75.0,53.85,12.65,17.73,4.59,15.53,3.69,6.25,3.92,27.08
BOS,2023-04-06,7,38,26,37,27,83.78,78.38,74.07,10.54,22.76,9.07,16.03,5.93,5.39,4.48,7.3
BOS,2023-04-06,8,40,29,40,28,77.5,70.0,85.71,12.13,17.7,4.55,15.15,4.0,5.12,3.14,12.32
BOS,2023-04-06,9,41,26,43,29,72.09,67.44,79.31,20.3,20.05,7.22,25.63,2.17,6.93,2.45,10.45
BOS,2023-04-06,10,23,25,25,28,68.0,68.0,85.71,38.28,17.72,4.33,41.36,2.82,6.26,2.36,6.36
BOS,2023-04-06,11,27,27,31,27,77.42,74.19,85.19,7.97,16.45,3.46,10.32,2.81,3.12,0.96,12.11
BOS,2023-04-06,12,25,25,24,28,66.67,66.67,82.14,22.13,16.17,3.97,24.63,2.71,2.98,2.79,7.39
BOS,2023-04-06,13,26,34,30,35,80.0,76.67,71.43,8.1,16.93,4.54,11.33,3.29,2.34,1.03,17.23
BOS,2023-04-06,14,27,28,33,34,72.73,66.67,76.47,13.15,15.61,3.08,16.0,2.03,3.58,2.0,8.15
BOS,2023-04-06,15,26,40,31,44,83.87,80.65,84.09,4.23,18.23,5.29,8.23,2.41,4.83,2.52,17.18
BOS,2023-04-06,16,34,31,35,34,80.0,77.14,79.41,8.34,17.06,4.19,11.17,1.29,4.61,1.29,7.56
BOS,2023-04-06,17,42,35,42,37,83.33,80.95,81.08,7.55,16.26,3.54,9.62,1.76,5.59,1.49,8.14
BOS,2023-04-06,18,35,35,40,37,80.0,70.0,75.68,9.85,18.77,5.82,14.48,2.43,5.12,2.73,11.35
BOS,2023-04-06,19,35,33,35,38,77.14,77.14,71.05,13.03,16.77,3.49,15.29,1.84,5.34,3.45,17.55
BOS,2023-04-06,20,34,28,35,31,65.71,68.57,74.19,20.14,16.71,3.53,21.86,2.94,5.7,7.16,19.16
BOS,2023-04-06,21,15,24,16,25,75.0,62.5,60.0,11.81,23.13,9.74,16.44,2.24,2.8,2.92,28.24
BOS,2023-04-06,22,9,20,14,20,78.57,78.57,85.0,14.14,17.71,4.26,17.5,1.25,4.28,2.0,7.1
BOS,2023-04-06,23,3,33,3,35,66.67,66.67,77.14,10.0,18.33,5.2,13.0,1.4,1.18,1.51,14.23
BOS,2023-04-07,0,0,11,1,11,100.0,100.0,54.55,0.0,13.0,0.0,0.0,1.18,2.92,2.55,29.73
BOS,2023-04-07,1,0,0,0,0,0.0,0.0,0.0,0.0,0.0,0.0,0.0,0.0,0.0,0.0,0.0
BOS,2023-04-07,2,0,0,0,0,0.0,0.0,0.0,0.0,0.0,0.0,0.0,0.0,0.0,0.0,0.0
BOS,2023-04-07,4,0,2,0,4,0.0,0.0,100.0,0.0,0.0,0.0,0.0,0.0,0.1,0.0,0.0
BOS,2023-04-07,5,14,7,15,9,93.33,93.33,77.78,1.8,17.27,3.93,4.07,0.11,1.39,0.0,5.44
BOS,2023-04-07,6,40,8,41,9,90.24,85.37,66.67,14.73,21.1,7.57,19.63,1.44,4.11,2.44,13.44
BOS,2023-04-07,7,34,28,33,25,93.94,60.61,92.0,3.61,29.18,15.33,15.52,1.44,5.74,1.56,8.04
BOS,2023-04-07,8,40,29,44,29,90.91,79.55,93.1,5.14,22.2,8.92,11.11,3.38,3.58,1.48,2.38
BOS,2023-04-07,9,39,25,42,28,76.19,71.43,92.86,14.67,21.1,7.9,20.43,2.43,2.78,0.61,3.61
BOS,2023-04-07,10,23,26,27,31,77.78,66.67,83.87,15.11,21.59,8.23,20.81,3.32,1.55,3.23,7.65
BOS,2023-04-07,11,27,28,28,28,82.14,75.0,89.29,12.11,20.0,6.63,16.86,3.39,2.14,1.11,3.39
BOS,2023-04-07,12,26,24,27,26,92.59,88.89,88.46,2.26,19.26,6.74,5.93,3.65,1.02,0.73,3.73
BOS,2023-04-07,13,28,31,32,32,71.88,71.88,84.38,10.69,15.84,2.9,12.94,2.91,1.94,0.34,13.69
BOS,2023-04-07,14,24,30,23,36,82.61,82.61,69.44,8.3,17.39,4.16,10.43,3.11,2.19,2.53,30.31
BOS,2023-04-07,15,28,42,30,46,76.67,76.67,80.43,23.2,20.03,6.71,28.23,3.5,1.35,2.04,10.89
BOS,2023-04-07,16,35,32,35,35,82.86,65.71,88.57,9.43,21.31,7.94,15.71,2.34,1.48,0.86,7.37
BOS,2023-04-07,17,42,34,48,34,91.67,54.17,91.18,5.29,29.1,15.58,18.13,2.85,4.27,1.5,4.29
BOS,2023-04-07,18,36,35,35,37,85.71,54.29,91.89,6.83,28.11,14.59,18.03,2.3,3.3,1.62,9.7
BOS,2023-04-07,19,35,34,33,34,87.88,63.64,91.18,10.82,20.82,7.26,16.58,2.09,4.75,0.35,3.29
BOS,2023-04-07,20,35,28,35,28,85.71,54.29,75.0,9.09,24.8,11.11,17.11,3.86,2.31,1.29,13.68
BOS,2023-04-07,21,14,25,15,28,86.67,86.67,71.43,3.13,18.6,5.21,5.67,2.86,2.15,1.86,14.71
BOS,2023-04-07,22,9,24,12,22,83.33,83.33,81.82,8.33,15.33,2.19,9.92,0.73,2.5,0.5,17.18
BOS,2023-04-07,23,4,33,6,33,66.67,66.67,84.85,16.33,20.67,7.07,22.0,1.48,1.14,0.24,8.52
BOS,2023-04-08,0,0,10,0,12,0.0,0.0,50.0,0.0,0.0,0.0,0.0,0.42,1.26,1.25,18.0
BOS,2023-04-08,1,0,1,0,0,0.0,0.0,0.0,0.0,0.0,0.0,0.0,0.0,0.0,0.0,0.0
BOS,2023-04-08,2,0,0,0,0,0.0,0.0,0.0,0.0,0.0,0.0,0.0,0.0,0.0,0.0,0.0
BOS,2023-04-08,4,0,1,0,2,0.0,0.0,100.0,0.0,0.0,0.0,0.0,0.0,0.85,0.0,0.0
BOS,2023-04-08,5,11,7,13,7,92.31,92.31,100.0,3.77,17.31,4.25,7.0,0.57,0.66,0.0,3.71
BOS,2023-04-08,6,33,9,32,10,87.5,78.13,100.0,10.09,20.0,6.69,13.88,2.4,2.29,1.0,2.2
BOS,2023-04-08,7,31,17,31,20,87.1,80.65,80.0,10.42,21.13,7.47,14.61,0.95,1.59,0.55,7.1
BOS,2023-04-08,8,36,20,42,20,88.1,73.81,90.0,11.81,21.17,7.8,17.43,2.55,1.85,1.05,8.35
BOS,2023-04-08,9,41,19,44,21,81.82,68.18,85.71,9.14,21.8,8.26,15.45,1.95,3.87,1.81,8.05
BOS,2023-04-08,10,28,24,30,26,76.67,56.67,88.46,17.13,21.97,8.41,24.2,3.38,2.99,1.15,15.23
BOS,2023-04-08,11,20,26,23,28,73.91,60.87,78.57,12.17,20.39,7.27,17.78,3.71,3.01,1.0,12.5
BOS,2023-04-08,12,24,18,27,19,77.78,77.78,84.21,7.33,15.78,3.14,9.26,1.21,2.44,0.63,15.74
BOS,2023-04-08,13,20,28,20,31,75.0,65.0,90.32,10.6,17.25,5.06,14.2,2.55,1.1,1.16,6.39
BOS,2023-04-08,14,22,26,28,29,82.14,82.14,86.21,8.61,15.68,2.55,9.93,1.59,1.56,1.07,8.97
BOS,2023-04-08,15,22,32,22,33,81.82,81.82,87.88,37.23,17.5,4.59,39.59,1.09,2.21,1.97,9.94
BOS,2023-04-08,16,28,29,28,33,82.14,78.57,84.85,17.68,16.54,3.57,19.46,3.21,2.58,2.06,11.7
BOS,2023-04-08,17,35,30,36,30,86.11,83.33,86.67,10.78,19.17,5.76,14.61,0.97,2.29,0.87,15.73
BOS,2023-04-08,18,26,27,28,31,89.29,85.71,83.87,6.64,18.11,5.25,9.75,1.19,4.01,1.65,11.84
BOS,2023-04-08,19,24,31,24,31,58.33,58.33,80.65,72.38,15.92,3.02,74.58,0.81,8.08,2.58,12.19
BOS,2023-04-08,20,21,24,21,26,71.43,66.67,69.23,12.48,15.0,2.21,13.33,1.27,5.43,4.27,32.77
BOS,2023-04-08,21,14,20,16,22,43.75,43.75,77.27,28.63,14.19,1.67,29.38,2.05,4.37,1.09,8.91
BOS,2023-04-08,22,4,18,5,19,40.0,40.0,78.95,32.6,20.8,7.42,38.4,0.42,2.61,0.0,28.26
BOS,2023-04-08,23,4,23,5,23,100.0,100.0,82.61,0.6,15.4,3.32,3.6,2.48,1.28,0.87,7.13
BOS,2023-04-09,0,1,13,1,10,100.0,100.0,90.0,0.0,13.0,0.0,0.0,2.3,2.4,0.0,5.3
BOS,2023-04-09,1,1,0,1,1,100.0,100.0,0.0,0.0,17.0,3.6,2.0,5.0,0.0,41.0,36.0
BOS,2023-04-09,2,0,0,0,0,0.0,0.0,0.0,0.0,0.0,0.0,0.0,0.0,0.0,0.0,0.0
BOS,2023-04-09,4,0,2,0,1,0.0,0.0,100.0,0.0,0.0,0.0,0.0,1.0,0.4,0.0,0.0
BOS,2023-04-09,5,13,8,13,8,100.0,84.62,87.5,1.15,20.31,7.1,3.92,1.25,0.91,0.13,2.5
BOS,2023-04-09,6,31,7,31,8,93.55,87.1,87.5,2.61,20.58,7.09,5.71,3.63,1.99,1.63,19.0
BOS,2023-04-09,7,34,16,34,14,94.12,85.29,85.71,1.94,23.18,9.79,6.82,1.86,2.82,3.57,6.36
BOS,2023-04-09,8,32,23,33,19,78.79,81.82,84.21,17.42,13.97,1.56,17.82,1.16,3.79,2.26,5.47
BOS,2023-04-09,9,40,25,42,25,90.48,88.1,92.0,12.67,16.93,3.97,14.31,1.2,6.05,1.56,8.52
BOS,2023-04-09,10,23,25,24,29,83.33,79.17,93.1,8.46,17.21,4.6,12.0,1.86,5.52,2.86,5.03
BOS,2023-04-09,11,29,28,31,28,80.65,80.65,85.71,10.87,14.61,2.12,12.13,2.25,3.57,1.5,4.36
BOS,2023-04-09,12,23,23,28,28,85.71,82.14,82.14,6.54,14.14,2.03,7.89,1.89,2.76,1.96,14.32
BOS,2023-04-09,13,29,30,30,33,83.33,83.33,87.88,13.4,14.7,2.47,14.63,3.21,3.45,2.39,4.18
BOS,2023-04-09,14,22,29,28,35,78.57,82.14,91.43,8.07,14.29,1.73,8.5,1.09,2.58,1.46,3.94
BOS,2023-04-09,15,27,40,29,44,79.31,68.97,77.27,9.21,17.28,4.26,12.24,2.27,4.88,4.82,12.73
BOS,2023-04-09,16,34,34,38,42,84.21,81.58,69.05,6.26,17.68,4.75,9.03,5.67,6.04,7.67,15.07
BOS,2023-04-09,17,43,34,44,34,70.45,65.91,85.29,14.77,17.5,4.82,18.39,1.76,5.16,4.68,8.21
BOS,2023-04-09,18,36,34,38,38,57.89,52.63,81.58,18.24,20.45,7.11,24.39,3.21,4.41,3.74,12.53
BOS,2023-04-09,19,33,33,33,35,66.67,51.52,74.29,22.58,19.67,6.07,26.55,2.71,8.2,7.74,12.63
BOS,2023-04-09,20,35,26,36,27,80.56,77.78,77.78,10.67,17.64,4.25,12.44,3.74,4.64,4.41,10.0
BOS,2023-04-09,21,16,26,16,29,62.5,56.25,68.97,16.0,14.88,2.33,17.31,4.14,2.0,3.24,25.0
BOS,2023-04-09,22,8,22,9,22,55.56,44.44,77.27,23.78,20.0,6.51,29.78,1.82,2.08,2.45,13.91
BOS,2023-04-09,23,3,32,4,33,100.0,100.0,69.7,0.0,20.0,6.8,1.0,2.55,0.82,4.0,15.85
BOS,2023-04-10,0,0,11,0,13,0.0,0.0,61.54,0.0,0.0,0.0,0.0,1.69,1.48,1.69,24.54
BOS,2023-04-10,1,0,0,0,0,0.0,0.0,0.0,0.0,0.0,0.0,0.0,0.0,0.0,0.0,0.0
BOS,2023-04-10,2,0,0,0,0,0.0,0.0,0.0,0.0,0.0,0.0,0.0,0.0,0.0,0.0,0.0
BOS,2023-04-10,4,0,3,0,2,0.0,0.0,0.0,0.0,0.0,0.0,0.0,0.5,0.9,20.5,19.0
BOS,2023-04-10,5,13,7,14,7,85.71,78.57,57.14,6.71,17.64,5.11,9.86,0.29,2.76,7.29,24.43
BOS,2023-04-10,6,43,7,43,8,90.7,88.37,50.0,5.26,19.23,5.78,8.21,26.75,2.25,34.63,52.88
BOS,2023-04-10,7,35,26,34,27,91.18,88.24,66.67,4.35,18.91,5.19,6.97,2.56,3.76,7.85,23.3
BOS,2023-04-10,8,42,30,45,32,84.44,80.0,81.25,10.33,17.09,4.38,12.8,3.28,1.76,3.75,11.59
BOS,2023-04-10,9,38,21,41,23,92.68,87.8,91.3,6.29,17.0,3.91,8.63,3.0,3.73,4.74,5.43
BOS,2023-04-10,10,22,28,23,30,82.61,82.61,86.67,9.09,15.3,2.52,10.09,3.47,1.76,1.63,17.7
BOS,2023-04-10,11,31,28,35,31,77.14,77.14,80.65,17.4,14.46,1.75,18.31,1.81,2.92,4.0,12.0
BOS,2023-04-10,12,24,25,25,25,72.0,68.0,96.0,16.2,14.4,2.09,16.96,3.8,0.89,1.76,0.96
BOS,2023-04-10,13,30,31,28,36,85.71,89.29,86.11,6.96,15.18,3.09,8.18,2.42,2.72,2.72,15.25
BOS,2023-04-10,14,24,31,30,35,70.0,63.33,77.14,15.9,13.43,1.02,16.9,2.03,5.53,3.8,10.49
BOS,2023-04-10,15,26,41,28,38,75.0,71.43,78.95,15.29,16.32,3.64,17.39,1.18,4.83,4.92,6.66
BOS,2023-04-10,16,34,29,38,33,81.58,78.95,81.82,6.95,16.26,3.61,9.05,2.18,3.75,4.27,9.27
BOS,2023-04-10,17,40,33,41,33,95.12,92.68,69.7,3.59,16.22,3.41,5.17,3.3,5.02,6.76,14.91
BOS,2023-04-10,18,35,34,36,38,75.0,66.67,84.21,14.22,16.97,3.85,17.33,1.37,3.69,3.37,7.42
BOS,2023-04-10,19,35,33,35,34,74.29,74.29,67.65,9.17,15.71,2.78,10.46,1.5,8.27,5.47,16.5
BOS,2023-04-10,20,31,29,32,29,68.75,65.63,68.97,19.66,16.25,3.3,21.25,3.72,3.59,4.07,12.83
BOS,2023-04-10,21,14,24,14,24,64.29,57.14,79.17,13.43,17.14,3.98,15.79,1.58,2.02,2.83,11.08
BOS,2023-04-10,22,8,25,13,26,92.31,84.62,69.23,5.54,14.15,1.56,5.69,1.5,1.8,4.04,15.5
BOS,2023-04-10,23,4,31,3,32,66.67,66.67,81.25,10.0,12.33,0.47,8.67,1.84,0.91,1.22,6.25
BOS,2023-04-11,0,0,9,0,12,0.0,0.0,50.0,0.0,0.0,0.0,0.0,0.33,1.32,0.08,43.5
BOS,2023-04-11,1,0,1,0,0,0.0,0.0,0.0,0.0,0.0,0.0,0.0,0.0,0.0,0.0,0.0
BOS,2023-04-11,2,0,0,0,0,0.0,0.0,0.0,0.0,0.0,0.0,0.0,0.0,0.0,0.0,0.0
BOS,2023-04-11,3,0,0,0,0,0.0,0.0,0.0,0.0,0.0,0.0,0.0,0.0,0.0,0.0,0.0
BOS,2023-04-11,4,0,2,0,4,0.0,0.0,75.0,0.0,0.0,0.0,0.0,1.25,1.53,11.0,10.75
BOS,2023-04-11,5,11,7,12,8,100.0,100.0,62.5,1.0,14.25,2.56,2.67,0.25,0.53,10.0,16.63
BOS,2023-04-11,6,43,7,43,12,93.02,88.37,66.67,2.88,19.23,5.78,5.98,2.5,3.55,6.08,14.67
BOS,2023-04-11,7,34,26,37,28,94.59,91.89,82.14,2.49,18.32,4.94,4.24,3.75,3.21,4.07,9.79
BOS,2023-04-11,8,41,29,46,28,82.61,76.09,85.71,6.28,19.3,6.03,10.63,4.29,2.87,4.32,8.18
BOS,2023-04-11,9,39,21,41,23,90.24,90.24,91.3,7.12,16.1,3.19,8.66,2.09,3.25,3.52,3.04
BOS,2023-04-11,10,19,26,21,29,76.19,76.19,89.66,7.9,15.95,2.76,9.57,5.31,1.96,2.66,5.9
BOS,2023-04-11,11,28,26,29,25,79.31,79.31,88.0,20.34,15.31,1.85,21.34,2.2,3.61,4.96,9.04
BOS,2023-04-11,12,23,24,24,29,79.17,79.17,86.21,11.54,15.54,2.82,12.75,3.72,1.42,4.0,7.59
BOS,2023-04-11,13,27,33,32,34,87.5,81.25,76.47,6.66,17.78,4.67,9.84,4.47,2.48,7.59,9.41
BOS,2023-04-11,14,26,29,27,31,77.78,74.07,74.19,9.19,18.59,5.77,12.89,2.06,2.55,7.84,12.65
BOS,2023-04-11,15,25,39,27,40,59.26,55.56,85.0,27.07,18.74,5.34,31.78,3.17,3.28,7.0,7.55
BOS,2023-04-11,16,35,31,36,36,86.11,66.67,77.78,6.78,22.67,9.09,14.06,3.44,2.75,3.92,6.44
BOS,2023-04-11,17,40,33,41,34,82.93,60.98,73.53,10.9,24.05,10.53,19.32,2.24,2.62,4.65,20.38
BOS,2023-04-11,18,34,32,36,36,83.33,69.44,91.67,12.5,24.81,11.16,20.75,2.33,1.65,2.5,6.22
BOS,2023-04-11,19,35,32,35,36,85.71,80.0,80.56,10.34,21.2,7.59,14.94,2.64,3.75,3.61,22.44
BOS,2023-04-11,20,29,29,30,32,76.67,73.33,84.38,10.37,17.87,4.5,12.8,2.25,2.9,2.38,11.19
BOS,2023-04-11,21,13,26,14,28,85.71,85.71,78.57,7.21,16.86,3.61,9.93,2.5,2.01,3.57,14.43
BOS,2023-04-11,22,8,23,14,23,92.86,92.86,69.57,2.21,15.43,2.21,2.86,0.74,2.72,3.48,18.3
BOS,2023-04-11,23,4,28,4,28,100.0,100.0,82.14,1.0,17.5,4.22,3.5,3.04,0.48,3.36,9.32
BOS,2023-04-12,0,1,10,1,8,100.0,100.0,87.5,0.0,13.0,0.0,0.0,1.63,0.58,0.13,19.13
BOS,2023-04-12,1,0,1,0,1,0.0,0.0,0.0,0.0,0.0,0.0,0.0,0.0,0.0,3.0,16.0
BOS,2023-04-12,2,0,0,0,1,0.0,0.0,100.0,0.0,0.0,0.0,0.0,0.0,6.7,0.0,0.0
BOS,2023-04-12,3,0,0,1,0,0.0,0.0,0.0,59.0,25.0,11.3,70.0,0.0,0.0,0.0,0.0
BOS,2023-04-12,4,0,2,0,4,0.0,0.0,100.0,0.0,0.0,0.0,0.0,0.5,1.18,3.25,0.75
BOS,2023-04-12,5,11,7,13,8,76.92,76.92,75.0,79.85,15.62,2.54,81.46,0.25,6.31,4.75,20.88
BOS,2023-04-12,6,44,9,44,10,88.64,81.82,80.0,5.48,22.59,9.05,11.09,2.4,7.07,2.2,7.9
BOS,2023-04-12,7,33,27,32,26,87.5,75.0,80.77,4.53,23.44,9.51,11.47,2.92,4.69,2.31,5.54
BOS,2023-04-12,8,42,30,48,29,87.5,75.0,86.21,10.17,21.29,8.02,14.4,10.31,2.38,9.1,10.52
BOS,2023-04-12,9,38,22,40,26,85.0,77.5,76.92,6.65,19.98,6.56,11.85,5.73,4.13,7.35,12.88
BOS,2023-04-12,10,20,26,21,27,71.43,61.9,96.3,29.62,19.95,6.62,35.1,5.26,1.51,2.0,1.37
BOS,2023-04-12,11,27,26,31,29,90.32,87.1,82.76,3.81,18.32,4.87,6.84,1.97,1.73,2.48,10.45
BOS,2023-04-12,12,24,24,23,25,95.65,91.3,88.0,1.83,16.13,3.58,2.87,2.56,1.02,2.92,6.68
BOS,2023-04-12,13,25,30,29,33,75.86,75.86,87.88,15.24,17.45,4.4,17.72,2.39,1.43,2.52,13.3
BOS,2023-04-12,14,26,28,29,29,68.97,65.52,79.31,17.31,18.17,5.57,21.72,1.52,1.67,2.48,14.9
BOS,2023-04-12,15,25,38,28,40,71.43,64.29,80.0,10.11,19.82,6.34,15.18,1.38,4.26,3.38,12.58
BOS,2023-04-12,16,35,32,37,34,78.38,64.86,88.24,12.16,20.3,7.39,17.89,2.59,2.37,2.12,9.29
BOS,2023-04-12,17,39,35,41,38,85.37,63.41,73.68,14.07,24.34,11.02,22.29,3.29,5.08,4.71,17.92
BOS,2023-04-12,18,35,34,37,36,83.78,72.97,86.11,9.43,21.81,8.24,15.19,3.06,4.87,3.14,12.36
BOS,2023-04-12,19,35,33,37,40,75.68,70.27,72.5,18.49,21.05,7.55,23.76,3.15,5.86,3.8,15.9
BOS,2023-04-12,20,30,29,30,32,80.0,73.33,84.38,16.87,21.33,7.95,22.03,2.13,3.26,1.16,11.03
BOS,2023-04-12,21,13,25,15,28,60.0,66.67,67.86,12.73,17.0,3.74,15.67,2.36,3.04,2.29,13.36
BOS,2023-04-12,22,10,23,15,25,80.0,73.33,84.0,6.67,16.4,3.25,8.87,1.68,2.86,1.56,8.48
BOS,2023-04-12,23,3,27,4,26,75.0,75.0,84.62,11.75,17.75,4.55,14.75,1.5,0.67,1.65,16.38
BOS,2023-04-13,0,0,12,0,8,0.0,0.0,50.0,0.0,0.0,0.0,0.0,1.25,1.35,0.0,17.5
BOS,2023-04-13,1,0,1,0,2,0.0,0.0,50.0,0.0,0.0,0.0,0.0,0.0,1.2,2.0,13.5
BOS,2023-04-13,2,0,0,0,0,0.0,0.0,0.0,0.0,0.0,0.0,0.0,0.0,0.0,0.0,0.0
BOS,2023-04-13,3,0,0,1,0,100.0,0.0,0.0,14.0,14.0,1.4,15.0,0.0,0.0,0.0,0.0
BOS,2023-04-13,4,0,2,0,4,0.0,0.0,100.0,0.0,0.0,0.0,0.0,0.0,0.1,0.0,0.0
BOS,2023-04-13,5,12,8,13,10,100.0,100.0,90.0,0.23,17.38,4.61,1.92,0.6,2.06,0.4,6.2
BOS,2023-04-13,6,46,8,46,12,93.48,82.61,100.0,2.59,22.15,8.73,7.98,1.92,7.93,1.58,1.33
BOS,2023-04-13,7,34,28,36,28,88.89,86.11,89.29,2.69,20.58,6.72,7.11,2.71,3.55,1.18,8.0
BOS,2023-04-13,8,41,29,43,30,93.02,93.02,80.0,6.3,18.95,5.64,9.05,3.2,2.86,1.17,10.0
BOS,2023-04-13,9,40,23,46,23,78.26,76.09,91.3,11.2,16.87,3.84,13.24,3.57,2.44,3.04,6.26
BOS,2023-04-13,10,21,27,20,31,90.0,90.0,87.1,5.0,15.6,2.77,6.3,3.42,1.91,2.77,6.74
BOS,2023-04-13,11,31,26,36,27,83.33,80.56,88.89,9.75,16.39,3.18,11.97,3.0,2.66,3.63,3.63
BOS,2023-04-13,12,23,26,29,24,89.66,82.76,87.5,4.17,15.59,2.98,6.1,2.46,1.23,1.33,8.46
BOS,2023-04-13,13,27,34,32,38,71.88,68.75,81.58,13.97,16.63,3.45,15.38,3.92,1.58,2.03,11.13
BOS,2023-04-13,14,28,30,28,31,71.43,67.86,90.32,11.18,16.61,3.59,13.04,2.42,4.75,3.94,6.23
BOS,2023-04-13,15,27,39,30,44,70.0,70.0,81.82,19.83,17.6,4.61,22.9,4.34,4.33,4.05,7.89
BOS,2023-04-13,16,34,30,38,36,73.68,60.53,88.89,14.74,17.68,4.62,18.42,2.31,4.54,3.17,7.08
BOS,2023-04-13,17,41,35,45,34,75.56,66.67,79.41,13.16,20.44,7.45,19.4,2.35,4.06,3.0,10.94
BOS,2023-04-13,18,36,35,35,39,82.86,45.71,74.36,6.11,30.09,16.4,20.63,3.28,5.3,4.9,14.51
BOS,2023-04-13,19,37,32,36,35,69.44,61.11,74.29,11.81,21.03,7.49,17.92,2.51,5.04,3.71,16.29
BOS,2023-04-13,20,31,27,34,31,82.35,73.53,74.19,12.85,19.0,5.75,17.24,4.19,3.36,5.55,19.23
BOS,2023-04-13,21,14,25,14,25,64.29,64.29,80.0,14.79,15.14,2.18,16.21,6.36,2.27,7.08,10.2
BOS,2023-04-13,22,8,23,12,23,66.67,58.33,65.22,15.17,14.17,1.74,15.58,1.78,1.82,1.35,29.78
BOS,2023-04-13,23,4,32,4,32,50.0,50.0,78.13,16.75,12.0,0.6,15.75,2.09,0.77,1.72,18.91
BOS,2023-04-14,0,0,12,1,10,100.0,100.0,70.0,0.0,13.0,0.0,0.0,0.2,0.85,1.6,20.8
BOS,2023-04-14,1,0,1,0,2,0.0,0.0,50.0,0.0,0.0,0.0,0.0,0.0,0.85,0.0,12.5
BOS,2023-04-14,2,0,0,0,0,0.0,0.0,0.0,0.0,0.0,0.0,0.0,0.0,0.0,0.0,0.0
BOS,2023-04-14,3,0,0,0,1,0.0,0.0,100.0,0.0,0.0,0.0,0.0,0.0,1.7,0.0,0.0
BOS,2023-04-14,4,0,2,0,4,0.0,0.0,100.0,0.0,0.0,0.0,0.0,0.0,0.1,1.75,1.25
BOS,2023-04-14,5,12,7,12,8,100.0,91.67,87.5,1.08,17.33,4.27,3.0,0.25,1.22,2.0,5.75
BOS,2023-04-14,6,44,7,43,12,97.67,95.35,75.0,1.35,17.81,4.56,3.42,2.5,5.85,3.5,13.25
BOS,2023-04-14,7,35,28,37,26,86.49,83.78,84.62,4.62,15.95,2.64,6.08,0.85,4.52,1.69,8.58
BOS,2023-04-14,8,43,32,47,34,87.23,85.11,85.29,5.87,15.38,2.52,6.85,5.12,4.11,4.85,10.12
BOS,2023-04-14,9,36,22,39,25,69.23,69.23,76.0,15.31,14.21,1.9,15.97,1.52,5.84,4.64,9.32
BOS,2023-04-14,10,23,30,29,34,75.86,72.41,94.12,10.86,15.45,2.92,13.28,1.85,5.54,3.38,2.65
BOS,2023-04-14,11,31,27,36,28,83.33,83.33,89.29,12.25,14.89,1.53,12.78,0.79,5.28,2.18,5.21
BOS,2023-04-14,12,25,25,30,26,83.33,80.0,88.46,14.67,14.43,2.33,15.9,1.65,4.09,1.42,8.12
BOS,2023-04-14,13,28,32,32,34,87.5,87.5,91.18,4.5,14.31,1.98,5.69,2.47,3.93,1.18,3.18
BOS,2023-04-14,14,26,32,26,38,73.08,73.08,78.95,9.69,14.04,1.73,10.31,1.16,3.53,2.53,14.89
BOS,2023-04-14,15,28,41,29,44,72.41,68.97,72.73,16.34,14.59,2.37,17.17,1.09,3.01,3.84,16.45
BOS,2023-04-14,16,35,31,40,39,70.0,65.0,79.49,19.08,15.75,2.98,21.25,2.72,4.24,2.64,16.03
BOS,2023-04-14,17,41,34,42,31,76.19,76.19,61.29,12.07,15.6,3.03,13.55,1.58,4.67,1.58,16.32
BOS,2023-04-14,18,36,35,36,40,63.89,58.33,87.5,19.86,16.83,3.99,22.89,1.2,6.22,2.13,9.18
BOS,2023-04-14,19,37,33,38,35,78.95,68.42,77.14,11.24,19.29,5.83,15.92,2.11,7.58,3.0,9.14
BOS,2023-04-14,20,31,27,34,33,76.47,70.59,69.7,8.97,18.94,5.6,12.5,2.15,6.0,3.18,24.58
BOS,2023-04-14,21,13,25,15,25,80.0,80.0,88.0,18.2,16.73,3.76,21.13,2.16,3.11,2.04,9.52
BOS,2023-04-14,22,9,25,15,26,66.67,66.67,73.08,25.67,14.47,1.84,26.47,1.31,3.25,1.5,17.31
BOS,2023-04-14,23,4,32,5,32,80.0,80.0,68.75,4.4,15.6,2.3,5.4,1.47,2.99,3.22,14.56
BOS,2023-04-15,0,0,10,0,12,0.0,0.0,75.0,0.0,0.0,0.0,0.0,0.67,1.63,1.17,8.33
BOS,2023-04-15,1,0,0,0,1,0.0,0.0,100.0,0.0,0.0,0.0,0.0,4.0,0.0,3.0,8.0
BOS,2023-04-15,2,0,0,0,0,0.0,0.0,0.0,0.0,0.0,0.0,0.0,0.0,0.0,0.0,0.0
BOS,2023-04-15,4,0,1,0,2,0.0,0.0,100.0,0.0,0.0,0.0,0.0,0.0,0.55,0.0,0.0
BOS,2023-04-15,5,10,7,10,7,90.0,90.0,57.14,2.1,14.0,2.2,3.6,1.57,2.87,15.29,15.0
BOS,2023-04-15,6,37,9,38,9,89.47,86.84,66.67,5.37,16.97,3.91,7.26,4.11,3.2,4.89,9.78
BOS,2023-04-15,7,34,15,33,20,84.85,78.79,65.0,6.27,16.09,2.93,8.27,1.1,2.59,6.6,29.6
BOS,2023-04-15,8,33,21,35,20,82.86,74.29,85.0,15.34,16.6,3.59,16.83,2.55,4.58,3.05,7.2
BOS,2023-04-15,9,42,17,51,18,76.47,78.43,77.78,10.31,14.25,1.78,11.06,2.39,6.23,6.72,23.17
BOS,2023-04-15,10,25,28,29,28,82.76,79.31,85.71,23.69,15.28,3.46,26.38,1.89,6.93,6.36,5.25
BOS,2023-04-15,11,24,25,25,22,80.0,72.0,72.73,10.4,16.12,3.22,12.88,2.95,3.7,2.82,22.14
BOS,2023-04-15,12,24,19,21,29,90.48,80.95,79.31,10.52,14.14,2.48,12.1,1.9,2.49,2.41,21.97
BOS,2023-04-15,13,22,29,25,29,76.0,68.0,86.21,16.92,16.16,3.84,19.76,3.62,3.65,1.1,6.1
BOS,2023-04-15,14,20,29,23,34,69.57,65.22,70.59,50.78,20.65,7.81,57.78,2.0,3.51,2.53,15.65
BOS,2023-04-15,15,25,34,24,37,45.83,29.17,75.68,40.58,26.17,13.57,53.08,2.84,3.79,4.11,7.59
BOS,2023-04-15,16,31,27,28,30,67.86,50.0,73.33,47.0,24.07,11.23,56.57,5.23,6.32,6.9,15.43
BOS,2023-04-15,17,32,30,37,34,67.57,48.65,79.41,26.92,24.22,11.27,37.57,2.56,5.51,2.71,12.68
BOS,2023-04-15,18,26,28,28,30,64.29,46.43,63.33,20.32,24.64,11.53,30.82,2.4,5.71,5.17,40.53
BOS,2023-04-15,19,24,28,25,30,56.0,28.0,50.0,50.88,24.24,10.6,60.92,1.67,9.24,7.57,42.33
BOS,2023-04-15,20,18,23,18,23,50.0,44.44,56.52,48.17,14.06,1.51,48.0,3.26,7.13,3.35,43.61
BOS,2023-04-15,21,14,22,14,22,50.0,42.86,63.64,37.43,14.64,1.76,38.43,2.55,8.8,7.09,33.36
BOS,2023-04-15,22,4,19,5,20,80.0,80.0,60.0,17.8,15.4,2.36,17.6,1.7,4.35,2.55,62.85
BOS,2023-04-15,23,4,23,4,22,75.0,75.0,45.45,5.75,14.75,1.65,5.75,1.18,3.51,5.14,32.95
BOS,2023-04-16,0,1,14,1,10,100.0,100.0,30.0,1.0,15.0,1.6,3.0,0.8,3.7,1.4,56.8
BOS,2023-04-16,1,1,1,1,0,100.0,100.0,0.0,0.0,16.0,2.6,0.0,0.0,0.0,0.0,0.0
BOS,2023-04-16,2,0,0,0,0,0.0,0.0,0.0,0.0,0.0,0.0,0.0,0.0,0.0,0.0,0.0
BOS,2023-04-16,3,0,0,0,0,0.0,0.0,0.0,0.0,0.0,0.0,0.0,0.0,0.0,0.0,0.0
BOS,2023-04-16,4,0,2,0,1,0.0,0.0,0.0,0.0,0.0,0.0,0.0,0.0,2.4,0.0,21.0
BOS,2023-04-16,5,11,8,11,8,81.82,81.82,50.0,12.45,12.82,0.52,12.18,1.13,3.61,4.88,42.13
BOS,2023-04-16,6,37,7,37,8,81.08,81.08,75.0,24.97,14.73,1.96,25.89,2.75,2.96,3.5,31.75
BOS,2023-04-16,7,33,16,34,13,76.47,73.53,69.23,12.85,15.94,2.9,14.0,1.0,2.87,1.62,37.15
BOS,2023-04-16,8,35,23,37,21,72.97,70.27,90.48,22.7,14.54,2.43,23.54,1.86,3.04,1.29,3.19
BOS,2023-04-16,9,36,23,39,25,74.36,71.79,80.0,18.36,14.23,2.06,19.33,3.92,4.22,2.36,11.88
BOS,2023-04-16,10,21,26,23,31,52.17,52.17,74.19,21.43,15.22,3.1,23.87,3.35,4.4,3.9,16.06
BOS,2023-04-16,11,31,27,36,27,69.44,66.67,74.07,25.83,16.33,3.9,28.36,4.15,4.11,4.67,26.93
BOS,2023-04-16,12,23,24,22,29,68.18,68.18,72.41,16.86,14.95,2.73,19.14,5.72,3.73,4.48,18.93
BOS,2023-04-16,13,31,32,30,35,60.0,56.67,74.29,29.83,18.57,5.42,34.6,7.09,3.63,3.06,19.69
BOS,2023-04-16,14,22,31,27,33,62.96,59.26,63.64,24.56,15.22,2.97,26.63,7.88,5.33,5.24,25.7
BOS,2023-04-16,15,28,40,33,38,48.48,42.42,55.26,30.58,19.85,6.33,36.24,3.11,6.18,6.82,32.18
BOS,2023-04-16,16,35,34,36,42,52.78,52.78,66.67,55.14,20.0,6.83,61.53,2.43,6.46,5.26,40.19
BOS,2023-04-16,17,42,35,43,35,72.09,55.81,54.29,24.53,21.26,7.97,31.88,3.54,9.74,7.34,31.43
BOS,2023-04-16,18,35,33,38,38,60.53,44.74,31.58,25.61,21.05,7.69,32.53,2.34,9.38,9.5,41.95
BOS,2023-04-16,19,34,31,41,33,43.9,39.02,18.18,56.9,18.61,5.44,61.68,2.73,7.52,10.45,51.64
BOS,2023-04-16,20,32,26,30,27,36.67,36.67,40.74,39.13,15.77,2.84,40.57,2.19,5.6,5.96,27.11
BOS,2023-04-16,21,16,27,16,26,25.0,31.25,53.85,40.0,14.25,1.73,41.06,1.58,7.04,3.88,21.31
BOS,2023-04-16,22,8,23,8,21,75.0,62.5,47.62,14.5,16.38,2.91,15.88,0.52,4.66,2.33,61.57
BOS,2023-04-16,23,3,29,4,28,100.0,100.0,60.71,1.25,16.75,3.9,4.0,1.36,2.64,4.11,25.75
BOS,2023-04-17,0,0,13,0,13,0.0,0.0,38.46,0.0,0.0,0.0,0.0,1.0,0.63,2.77,55.46
BOS,2023-04-17,1,0,1,0,1,0.0,0.0,100.0,0.0,0.0,0.0,0.0,2.0,0.0,0.0,3.0
BOS,2023-04-17,2,0,0,0,2,0.0,0.0,100.0,0.0,0.0,0.0,0.0,0.0,0.0,0.0,0.0
BOS,2023-04-17,3,0,0,0,0,0.0,0.0,0.0,0.0,0.0,0.0,0.0,0.0,0.0,0.0,0.0
BOS,2023-04-17,4,0,3,0,3,0.0,0.0,100.0,0.0,0.0,0.0,0.0,0.0,0.7,0.0,0.0
BOS,2023-04-17,5,12,7,13,7,100.0,100.0,71.43,0.77,16.0,3.66,1.92,0.43,1.94,4.0,24.71
BOS,2023-04-17,6,44,7,43,7,86.05,79.07,57.14,7.35,17.26,4.12,10.02,4.0,12.74,3.71,10.43
BOS,2023-04-17,7,36,26,35,24,91.43,77.14,87.5,12.49,21.66,7.97,18.0,1.21,7.33,1.42,5.25
BOS,2023-04-17,8,42,30,41,27,82.93,78.05,77.78,9.24,21.49,8.4,15.66,10.93,4.24,10.78,25.37
BOS,2023-04-17,9,38,22,41,24,82.93,68.29,70.83,17.8,21.2,8.41,25.24,3.63,5.1,4.96,34.71
BOS,2023-04-17,10,23,28,22,28,54.55,50.0,75.0,42.95,16.95,3.82,46.5,2.96,5.93,4.71,18.61
BOS,2023-04-17,11,31,28,31,28,61.29,58.06,57.14,22.13,18.84,5.6,26.68,8.0,6.28,6.93,27.39
BOS,2023-04-17,12,24,25,23,24,56.52,47.83,75.0,39.78,20.04,7.4,46.0,3.0,3.62,1.67,38.13
BOS,2023-04-17,13,29,32,26,37,61.54,61.54,67.57,38.38,15.65,3.44,40.88,4.89,3.79,3.95,19.14
BOS,2023-04-17,14,26,31,28,36,60.71,42.86,47.22,28.0,19.64,6.88,34.11,6.42,6.22,7.64,32.92
BOS,2023-04-17,15,26,42,29,40,31.03,34.48,47.5,52.41,20.17,7.27,58.86,10.05,4.87,8.48,27.23
BOS,2023-04-17,16,35,28,33,33,36.36,33.33,48.48,48.09,19.94,6.6,54.27,17.3,5.05,22.58,45.48
BOS,2023-04-17,17,39,34,39,36,43.59,28.21,44.44,47.38,21.92,8.57,55.62,4.89,6.26,7.5,43.94
BOS,2023-04-17,18,35,34,34,36,41.18,29.41,27.78,48.94,19.06,5.89,54.06,6.03,10.7,8.39,39.69
BOS,2023-04-17,19,37,33,37,34,29.73,24.32,32.35,62.14,17.35,4.15,65.86,3.65,8.0,7.0,70.91
BOS,2023-04-17,20,30,29,32,33,34.38,28.13,48.48,75.78,16.69,3.73,78.59,3.42,5.6,4.7,27.33
BOS,2023-04-17,21,14,24,15,26,53.33,46.67,53.85,56.6,16.73,3.93,59.6,3.5,4.93,4.88,26.0
BOS,2023-04-17,22,9,24,15,25,73.33,60.0,56.0,27.27,18.53,5.84,32.53,1.24,4.3,1.56,34.6
BOS,2023-04-17,23,4,30,4,31,75.0,75.0,67.74,15.25,12.75,0.35,15.0,2.77,1.22,0.23,26.39
BOS,2023-04-18,0,0,10,0,13,0.0,0.0,53.85,0.0,0.0,0.0,0.0,1.23,1.84,0.38,49.23
BOS,2023-04-18,1,0,1,0,1,0.0,0.0,100.0,0.0,0.0,0.0,0.0,0.0,0.0,0.0,0.0
BOS,2023-04-18,2,0,0,0,0,0.0,0.0,0.0,0.0,0.0,0.0,0.0,0.0,0.0,0.0,0.0
BOS,2023-04-18,3,0,0,0,0,0.0,0.0,0.0,0.0,0.0,0.0,0.0,0.0,0.0,0.0,0.0
BOS,2023-04-18,4,0,2,0,4,0.0,0.0,75.0,0.0,0.0,0.0,0.0,0.0,1.02,0.0,12.25
BOS,2023-04-18,5,11,7,12,10,83.33,91.67,90.0,7.92,13.83,1.43,7.58,0.0,2.47,1.8,11.3
BOS,2023-04-18,6,43,7,43,10,97.67,90.7,80.0,0.98,21.0,7.68,5.98,0.2,9.78,6.1,14.1
BOS,2023-04-18,7,35,26,36,32,91.67,77.78,81.25,3.31,23.58,9.75,9.86,4.31,3.57,3.63,14.84
BOS,2023-04-18,8,41,30,46,30,80.43,76.09,73.33,15.04,18.26,4.89,18.09,4.03,2.37,1.17,24.93
BOS,2023-04-18,9,39,21,45,24,82.22,77.78,87.5,8.31,17.56,4.48,11.27,1.5,1.78,0.5,9.79
BOS,2023-04-18,10,19,29,23,29,73.91,73.91,89.66,20.91,15.39,2.82,22.17,3.41,2.11,0.79,26.38
BOS,2023-04-18,11,30,26,35,27,85.71,82.86,88.89,4.71,17.63,4.21,6.91,2.48,1.91,1.67,5.96
BOS,2023-04-18,12,23,25,28,25,89.29,75.0,88.0,8.64,17.64,4.76,12.75,4.64,1.52,1.76,8.2
BOS,2023-04-18,13,28,33,29,36,82.76,82.76,94.44,19.9,18.14,4.73,23.38,4.0,2.74,1.86,3.72
BOS,2023-04-18,14,26,29,29,39,89.66,82.76,82.05,7.55,18.59,5.78,11.14,2.08,3.39,1.85,10.13
BOS,2023-04-18,15,25,39,28,41,82.14,82.14,85.37,8.61,18.32,4.91,12.04,2.07,2.64,1.95,9.95
BOS,2023-04-18,16,35,32,40,36,75.0,70.0,80.56,14.08,19.18,6.55,19.02,2.69,2.32,2.28,9.33
BOS,2023-04-18,17,41,34,39,37,84.62,76.92,78.38,4.05,23.62,10.14,11.0,2.16,3.8,1.08,16.76
BOS,2023-04-18,18,34,34,36,37,69.44,66.67,81.08,24.14,18.42,4.83,27.17,2.35,4.31,2.11,9.46
BOS,2023-04-18,19,35,31,38,36,76.32,68.42,75.0,27.74,19.47,5.95,32.39,2.75,3.45,1.17,14.14
BOS,2023-04-18,20,31,29,33,29,81.82,81.82,79.31,8.33,18.79,5.53,11.12,3.48,4.06,0.83,6.76
BOS,2023-04-18,21,13,26,15,27,60.0,60.0,88.89,23.47,18.2,4.81,27.2,3.0,3.71,0.11,5.48
BOS,2023-04-18,22,8,23,15,23,86.67,66.67,82.61,4.47,18.6,5.05,9.07,0.22,3.75,0.48,35.65
BOS,2023-04-18,23,4,27,5,27,80.0,60.0,85.19,18.8,18.0,4.78,22.0,2.0,1.06,0.93,8.74
BOS,2023-04-19,0,1,11,1,10,0.0,0.0,80.0,16.0,15.0,1.6,18.0,0.8,1.17,0.0,11.9
BOS,2023-04-19,1,0,1,0,1,0.0,0.0,0.0,0.0,0.0,0.0,0.0,1.0,0.0,0.0,60.0
BOS,2023-04-19,2,0,0,0,1,0.0,0.0,100.0,0.0,0.0,0.0,0.0,0.0,0.8,0.0,0.0
BOS,2023-04-19,4,0,2,0,4,0.0,0.0,100.0,0.0,0.0,0.0,0.0,0.0,2.33,0.0,0.0
BOS,2023-04-19,5,11,6,12,7,91.67,83.33,100.0,4.33,16.42,3.62,6.83,0.0,1.61,0.0,0.86
BOS,2023-04-19,6,43,8,44,11,93.18,88.64,72.73,1.66,21.39,7.81,6.73,1.45,7.85,1.45,17.18
BOS,2023-04-19,7,35,28,38,26,97.37,92.11,92.31,1.82,22.37,8.56,6.79,2.08,4.03,1.69,4.81
BOS,2023-04-19,8,42,30,46,32,82.61,76.09,90.63,11.2,20.89,7.56,16.54,2.63,5.63,3.56,8.13
BOS,2023-04-19,9,37,21,38,26,84.21,76.32,73.08,5.5,20.68,7.33,10.18,3.19,1.91,3.12,10.77
BOS,2023-04-19,10,20,26,26,29,65.38,42.31,89.66,10.31,24.92,11.29,20.42,5.0,1.67,2.9,5.79
BOS,2023-04-19,11,27,27,31,32,70.97,58.06,93.75,13.71,22.71,9.25,20.9,3.34,1.46,2.38,3.72
BOS,2023-04-19,12,25,24,24,28,91.67,91.67,78.57,4.29,18.71,5.51,6.54,3.25,0.81,1.68,7.32
BOS,2023-04-19,13,25,30,30,33,90.0,86.67,93.94,3.83,16.33,3.55,5.97,2.88,1.9,1.24,3.52
BOS,2023-04-19,14,26,28,30,35,93.33,90.0,85.71,3.47,16.03,3.39,5.23,4.09,1.46,3.0,5.63
BOS,2023-04-19,15,25,38,33,40,78.79,69.7,85.0,10.21,19.0,5.9,14.45,2.38,2.09,3.58,10.58
BOS,2023-04-19,16,35,32,37,36,81.08,78.38,91.67,6.38,20.0,6.56,10.78,2.72,2.24,1.11,1.97
BOS,2023-04-19,17,39,35,37,37,81.08,78.38,78.38,12.59,21.3,7.78,16.38,2.16,4.97,3.76,8.49
BOS,2023-04-19,18,35,35,38,40,73.68,65.79,75.0,10.71,19.13,6.03,15.26,2.25,2.94,3.78,12.33
BOS,2023-04-19,19,35,32,36,35,75.0,58.33,82.86,10.67,24.69,11.11,18.92,4.34,6.69,4.94,10.6
BOS,2023-04-19,20,30,30,31,32,77.42,67.74,68.75,11.23,22.19,8.89,16.23,3.22,4.63,1.53,19.63
BOS,2023-04-19,21,13,25,14,25,85.71,78.57,84.0,9.36,18.07,4.66,11.79,2.32,2.14,1.04,11.76
BOS,2023-04-19,22,11,24,17,24,82.35,76.47,91.67,12.06,16.06,2.69,13.41,1.17,3.38,1.13,3.96
BOS,2023-04-19,23,3,26,4,26,100.0,100.0,69.23,2.5,17.25,4.05,5.5,1.5,0.67,0.81,28.15
BOS,2023-04-20,0,0,13,0,11,0.0,0.0,63.64,0.0,0.0,0.0,0.0,0.91,0.95,1.45,25.18
BOS,2023-04-20,1,0,1,0,1,0.0,0.0,0.0,0.0,0.0,0.0,0.0,4.0,0.0,45.0,130.0
BOS,2023-04-20,3,0,0,0,1,0.0,0.0,0.0,0.0,0.0,0.0,0.0,0.0,1.8,0.0,85.0
BOS,2023-04-20,4,0,2,2,5,100.0,50.0,100.0,0.0,22.0,8.8,9.0,0.2,1.02,0.2,0.6
BOS,2023-04-20,5,12,8,14,8,100.0,100.0,62.5,0.0,16.36,3.55,1.93,0.88,1.56,4.38,17.75
BOS,2023-04-20,6,44,7,44,12,95.45,93.18,75.0,1.5,21.11,7.53,5.16,2.17,5.29,1.75,6.58
BOS,2023-04-20,7,37,28,42,30,85.71,71.43,80.0,3.88,21.24,7.45,8.5,2.57,3.16,2.67,10.0
BOS,2023-04-20,8,41,29,43,34,79.07,74.42,79.41,28.74,22.0,8.54,34.6,3.76,4.39,3.29,8.91
BOS,2023-04-20,9,41,23,48,23,79.17,77.08,82.61,11.54,19.79,6.43,15.85,1.74,2.7,2.13,5.17
BOS,2023-04-20,10,21,27,22,31,72.73,63.64,93.55,24.14,20.95,7.44,29.91,4.71,2.05,2.68,1.9
BOS,2023-04-20,11,30,26,36,26,83.33,75.0,96.15,6.42,19.72,6.11,10.83,1.81,2.27,1.96,1.62
BOS,2023-04-20,12,23,26,24,29,87.5,83.33,79.31,5.54,17.33,4.78,8.67,2.76,1.65,1.45,6.93
BOS,2023-04-20,13,27,34,32,38,87.5,75.0,92.11,14.0,19.56,6.59,18.75,3.11,1.79,1.55,7.37
BOS,2023-04-20,14,28,30,33,36,84.85,78.79,86.11,9.7,17.39,4.86,12.52,1.47,4.71,3.69,12.47
BOS,2023-04-20,15,27,40,27,44,74.07,51.85,70.45,10.7,23.41,9.83,19.78,1.66,3.69,4.2,14.93
BOS,2023-04-20,16,35,31,40,32,67.5,65.0,78.13,31.73,17.25,4.29,35.23,2.69,4.29,3.5,8.0
BOS,2023-04-20,17,41,35,42,38,69.05,64.29,71.05,13.76,19.95,6.84,19.5,3.11,6.44,8.29,14.45
BOS,2023-04-20,18,36,36,38,39,71.05,60.53,71.79,16.03,20.37,7.03,21.74,1.77,7.63,5.9,13.62
BOS,2023-04-20,19,38,31,40,33,62.5,60.0,75.76,19.58,18.98,5.7,23.35,2.15,9.15,3.58,9.21
BOS,2023-04-20,20,31,28,32,29,75.0,75.0,79.31,14.97,16.78,3.68,16.91,1.38,7.66,4.41,11.83
BOS,2023-04-20,21,14,25,14,24,71.43,78.57,66.67,13.14,14.29,1.52,13.5,1.08,4.45,4.63,20.04
BOS,2023-04-20,22,8,23,13,22,84.62,76.92,59.09,4.62,12.38,0.85,4.85,1.68,3.42,2.27,29.91
BOS,2023-04-20,23,4,31,4,31,75.0,75.0,48.39,6.5,18.75,5.88,12.0,0.97,2.71,3.81,67.1
BOS,2023-04-21,0,0,13,0,13,0.0,0.0,46.15,0.0,0.0,0.0,0.0,0.69,1.88,3.15,44.54
BOS,2023-04-21,1,0,1,0,1,0.0,0.0,0.0,0.0,0.0,0.0,0.0,3.0,0.0,0.0,18.0
BOS,2023-04-21,2,0,0,0,0,0.0,0.0,0.0,0.0,0.0,0.0,0.0,0.0,0.0,0.0,0.0
BOS,2023-04-21,3,0,0,0,0,0.0,0.0,0.0,0.0,0.0,0.0,0.0,0.0,0.0,0.0,0.0
BOS,2023-04-21,4,0,2,0,5,0.0,0.0,100.0,0.0,0.0,0.0,0.0,0.4,0.22,2.8,2.2
BOS,2023-04-21,5,12,7,13,9,92.31,92.31,55.56,3.08,13.77,1.15,3.15,0.22,2.41,0.11,15.78
BOS,2023-04-21,6,44,8,43,10,100.0,95.35,20.0,1.16,17.02,4.09,2.84,2.6,6.26,1.9,40.5
BOS,2023-04-21,7,36,27,34,26,88.24,88.24,96.15,3.56,17.32,3.92,5.5,1.35,4.92,1.19,2.35
BOS,2023-04-21,8,43,31,46,33,82.61,82.61,72.73,13.85,14.57,1.7,14.65,9.58,4.12,8.58,24.7
BOS,2023-04-21,9,35,22,36,23,80.56,77.78,73.91,12.92,14.36,1.94,13.5,2.26,2.7,3.43,7.57
BOS,2023-04-21,10,23,30,26,32,84.62,76.92,93.75,6.27,16.04,3.16,8.77,2.0,3.02,2.28,4.22
BOS,2023-04-21,11,31,28,31,32,83.87,80.65,78.13,15.52,17.58,4.63,19.26,1.72,4.24,2.56,7.97
BOS,2023-04-21,12,25,24,30,26,83.33,83.33,84.62,5.2,14.77,2.35,6.77,1.58,2.99,0.77,7.15
BOS,2023-04-21,13,28,32,30,33,90.0,90.0,81.82,4.7,14.27,2.14,6.4,2.0,3.43,1.27,8.45
BOS,2023-04-21,14,26,32,27,35,85.19,77.78,91.43,7.7,14.33,2.23,9.37,1.54,3.73,2.26,3.69
BOS,2023-04-21,15,28,42,32,44,68.75,59.38,72.73,10.0,19.13,6.54,15.38,0.91,2.6,2.09,15.27
BOS,2023-04-21,16,36,32,37,35,83.78,78.38,80.0,10.3,17.35,4.43,13.35,1.29,4.31,1.46,7.46
BOS,2023-04-21,17,41,34,39,34,76.92,71.79,73.53,10.69,17.49,4.23,13.0,1.82,6.19,3.59,15.5
BOS,2023-04-21,18,36,36,40,40,77.5,77.5,72.5,16.73,14.53,2.19,17.9,1.52,6.07,3.23,14.2
BOS,2023-04-21,19,38,33,40,33,67.5,65.0,75.76,19.02,15.83,2.97,20.08,1.64,7.25,2.09,13.12
BOS,2023-04-21,20,31,28,32,31,71.88,71.88,61.29,17.16,16.38,3.28,18.16,6.42,4.73,21.26,44.23
BOS,2023-04-21,21,13,25,13,27,76.92,69.23,77.78,25.92,15.92,2.87,27.38,1.67,2.59,0.93,11.63
BOS,2023-04-21,22,9,25,12,24,91.67,83.33,79.17,5.42,16.33,3.24,6.92,3.13,3.31,1.33,8.75
BOS,2023-04-21,23,4,31,5,31,100.0,100.0,80.65,0.8,17.4,4.1,1.0,1.74,0.84,1.87,11.61
BOS,2023-04-22,0,0,11,0,13,0.0,0.0,69.23,0.0,0.0,0.0,0.0,0.69,0.7,0.77,27.85
BOS,2023-04-22,1,0,0,0,1,0.0,0.0,100.0,0.0,0.0,0.0,0.0,1.0,0.0,0.0,1.0
BOS,2023-04-22,3,0,0,0,0,0.0,0.0,0.0,0.0,0.0,0.0,0.0,0.0,0.0,0.0,0.0
BOS,2023-04-22,4,0,1,0,2,0.0,0.0,100.0,0.0,0.0,0.0,0.0,0.0,0.7,0.0,0.0
BOS,2023-04-22,5,10,6,10,7,90.0,90.0,57.14,2.3,12.2,1.19,1.8,0.0,1.24,4.71,15.0
BOS,2023-04-22,6,37,9,37,12,97.3,89.19,83.33,1.46,19.81,6.51,5.11,1.58,5.18,2.92,7.25
BOS,2023-04-22,7,34,16,36,20,86.11,80.56,85.0,8.92,16.89,4.08,11.86,2.2,2.96,4.25,5.2
BOS,2023-04-22,8,35,21,34,18,88.24,76.47,100.0,6.71,20.0,6.93,11.21,2.44,5.27,2.72,3.56
BOS,2023-04-22,9,41,18,46,22,89.13,82.61,77.27,4.87,17.85,4.97,8.11,1.86,3.41,2.86,6.68
BOS,2023-04-22,10,25,25,27,28,74.07,77.78,89.29,19.7,15.74,3.07,21.78,1.5,5.66,2.64,4.0
BOS,2023-04-22,11,22,25,23,26,78.26,78.26,84.62,10.91,18.17,5.54,15.39,2.77,4.58,2.15,9.0
BOS,2023-04-22,12,24,19,23,23,91.3,86.96,82.61,7.09,15.74,3.7,9.35,5.35,2.43,3.43,6.78
BOS,2023-04-22,13,22,29,23,29,86.96,78.26,79.31,5.13,14.74,2.89,6.91,6.03,3.58,4.9,7.24
BOS,2023-04-22,14,20,29,24,34,62.5,62.5,64.71,44.04,16.63,4.68,48.0,2.71,3.6,7.03,15.12
BOS,2023-04-22,15,25,35,28,39,46.43,39.29,61.54,49.21,25.04,11.87,60.54,3.21,4.03,9.08,28.33
BOS,2023-04-22,16,32,28,33,30,63.64,33.33,60.0,64.45,29.97,17.01,80.24,5.4,4.88,12.07,44.77
BOS,2023-04-22,17,33,30,33,30,57.58,39.39,66.67,39.73,29.18,16.0,55.0,3.53,7.45,5.1,27.13
BOS,2023-04-22,18,27,29,25,32,76.0,56.0,59.38,11.8,21.76,8.65,18.04,3.97,6.41,10.47,49.13
BOS,2023-04-22,19,23,28,25,30,52.0,48.0,53.33,44.52,16.28,3.4,46.8,2.03,7.44,7.83,51.4
BOS,2023-04-22,20,18,25,19,28,47.37,47.37,50.0,53.53,16.63,3.99,56.11,4.89,9.03,14.29,69.93
BOS,2023-04-22,21,14,22,13,25,69.23,61.54,40.0,17.69,16.77,3.92,20.23,3.72,12.77,14.64,74.76
BOS,2023-04-22,22,5,19,9,22,44.44,44.44,40.91,38.22,16.67,4.23,40.78,3.09,7.64,9.45,29.41
BOS,2023-04-22,23,4,22,5,22,80.0,60.0,50.0,4.2,18.0,5.12,8.2,0.82,3.25,0.68,47.86
BOS,2023-04-23,0,1,15,1,12,100.0,100.0,33.33,0.0,16.0,2.6,1.0,8.0,5.24,15.25,41.92
BOS,2023-04-23,1,1,1,1,0,100.0,100.0,0.0,3.0,20.0,6.6,10.0,0.0,0.0,0.0,0.0
BOS,2023-04-23,2,0,0,1,0,0.0,0.0,0.0,19.0,17.0,3.6,23.0,0.0,0.0,0.0,0.0
BOS,2023-04-23,3,0,0,0,0,0.0,0.0,0.0,0.0,0.0,0.0,0.0,0.0,0.0,0.0,0.0
BOS,2023-04-23,4,0,2,0,1,0.0,0.0,100.0,0.0,0.0,0.0,0.0,0.0,4.4,11.0,0.0
BOS,2023-04-23,5,11,8,10,7,90.0,100.0,85.71,1.9,12.7,0.87,1.6,0.57,3.87,2.43,4.29
BOS,2023-04-23,6,37,7,37,8,86.49,86.49,87.5,12.14,16.89,3.8,13.84,4.13,4.84,2.0,11.13
BOS,2023-04-23,7,34,16,32,13,96.88,90.63,69.23,3.66,18.31,5.02,6.81,4.46,4.59,3.31,18.38
BOS,2023-04-23,8,36,23,40,20,85.0,55.0,75.0,9.13,26.25,12.97,20.15,4.7,3.39,3.95,17.05
BOS,2023-04-23,9,37,23,39,22,71.79,25.64,81.82,25.69,28.82,15.43,37.26,8.14,6.75,7.27,14.91
BOS,2023-04-23,10,21,27,22,29,63.64,59.09,72.41,25.14,18.45,5.54,29.5,5.07,6.14,5.38,9.34
BOS,2023-04-23,11,31,27,33,26,75.76,69.7,73.08,16.85,18.09,5.28,21.0,4.19,4.82,4.08,19.58
BOS,2023-04-23,12,24,26,24,29,75.0,62.5,82.76,20.79,18.58,5.88,25.0,5.14,5.09,2.86,6.24
BOS,2023-04-23,13,31,32,34,34,73.53,67.65,88.24,13.29,16.44,3.67,15.44,4.76,5.3,2.91,6.47
BOS,2023-04-23,14,22,31,27,33,85.19,77.78,78.79,9.04,14.78,2.43,10.56,2.48,9.09,5.21,25.82
BOS,2023-04-23,15,28,41,31,43,70.97,51.61,62.79,17.35,22.23,9.02,24.71,3.16,7.83,4.67,15.53
BOS,2023-04-23,16,36,35,38,44,63.16,57.89,68.18,19.89,20.82,7.77,26.61,7.75,6.67,7.23,22.02
BOS,2023-04-23,17,42,35,44,36,65.91,47.73,61.11,41.57,21.41,8.17,49.0,4.08,8.69,5.03,15.44
BOS,2023-04-23,18,35,34,40,41,65.0,62.5,56.1,19.85,18.4,5.55,24.13,5.12,7.95,11.32,45.49
BOS,2023-04-23,19,35,31,38,40,50.0,44.74,50.0,44.39,20.26,6.7,49.89,7.65,8.48,14.28,41.4
BOS,2023-04-23,20,32,27,34,31,67.65,58.82,54.84,25.29,19.35,5.97,29.85,5.81,9.4,10.13,20.65
BOS,2023-04-23,21,16,27,17,28,52.94,47.06,53.57,22.47,17.71,4.96,25.88,2.61,5.08,5.21,30.43
BOS,2023-04-23,22,8,23,8,23,87.5,87.5,73.91,4.25,15.75,2.84,5.63,0.87,6.14,3.22,15.52
BOS,2023-04-23,23,3,28,4,29,100.0,100.0,51.72,0.25,13.5,1.0,0.5,1.55,4.36,3.07,35.86
BOS,2023-04-24,0,0,13,0,15,0.0,0.0,53.33,0.0,0.0,0.0,0.0,0.73,7.33,3.13,23.6
BOS,2023-04-24,1,0,1,0,1,0.0,0.0,0.0,0.0,0.0,0.0,0.0,2.0,0.0,0.0,16.0
BOS,2023-04-24,2,0,0,0,0,0.0,0.0,0.0,0.0,0.0,0.0,0.0,0.0,0.0,0.0,0.0
BOS,2023-04-24,3,0,0,0,0,0.0,0.0,0.0,0.0,0.0,0.0,0.0,0.0,0.0,0.0,0.0
BOS,2023-04-24,4,0,3,0,3,0.0,0.0,100.0,0.0,0.0,0.0,0.0,1.0,0.47,1.33,8.33
BOS,2023-04-24,5,13,7,14,7,64.29,64.29,85.71,20.57,15.0,2.72,21.57,0.71,2.69,2.43,8.29
BOS,2023-04-24,6,42,7,43,8,97.67,95.35,75.0,1.07,17.84,4.46,2.84,3.38,5.26,1.25,11.88
BOS,2023-04-24,7,36,28,36,27,100.0,100.0,70.37,0.25,18.64,4.97,2.97,2.0,4.49,3.74,15.19
BOS,2023-04-24,8,42,31,49,33,89.8,85.71,81.82,12.63,15.2,2.74,13.63,4.58,3.06,1.97,12.24
BOS,2023-04-24,9,39,21,40,23,82.5,80.0,86.96,11.2,16.65,3.58,13.53,1.78,3.13,0.87,40.87
BOS,2023-04-24,10,22,28,23,33,82.61,82.61,87.88,7.43,14.09,1.54,7.61,2.94,3.5,2.0,26.52
BOS,2023-04-24,11,30,28,34,31,79.41,76.47,87.1,10.56,16.06,3.35,12.88,2.42,5.65,3.35,7.26
BOS,2023-04-24,12,24,25,27,24,81.48,74.07,91.67,5.78,18.0,5.89,10.33,2.42,3.16,0.29,2.92
BOS,2023-04-24,13,29,32,32,31,81.25,78.13,93.55,10.59,15.31,2.84,12.09,3.42,3.5,1.32,4.1
BOS,2023-04-24,14,26,31,27,39,88.89,81.48,84.62,5.93,14.96,2.97,7.15,2.21,2.94,1.28,9.23
BOS,2023-04-24,15,25,44,29,43,75.86,65.52,86.05,10.24,18.21,5.44,14.72,2.35,3.87,1.74,6.21
BOS,2023-04-24,16,36,29,42,34,83.33,71.43,94.12,8.74,18.14,5.7,13.1,2.24,5.43,0.94,2.82
BOS,2023-04-24,17,41,35,42,40,85.71,73.81,70.0,28.79,20.48,7.15,33.48,3.28,5.28,3.88,19.15
BOS,2023-04-24,18,35,34,39,36,82.05,76.92,91.67,13.77,18.08,4.99,16.64,2.36,5.36,1.47,4.53
BOS,2023-04-24,19,38,31,38,34,78.95,76.32,67.65,14.34,17.18,3.9,15.92,2.59,5.55,2.12,15.71
BOS,2023-04-24,20,30,30,33,33,75.76,75.76,81.82,15.73,15.67,2.92,16.76,2.79,5.94,1.45,12.0
BOS,2023-04-24,21,14,23,16,25,81.25,81.25,88.0,4.38,15.31,2.17,5.19,2.56,4.05,0.88,4.4
BOS,2023-04-24,22,9,24,14,25,92.86,100.0,76.0,2.43,14.57,2.36,3.21,0.96,3.56,1.0,9.56
BOS,2023-04-24,23,4,29,4,30,100.0,100.0,70.0,0.25,12.5,0.73,0.75,1.47,2.91,0.6,10.77
BOS,2023-04-25,0,0,10,0,14,0.0,0.0,42.86,0.0,0.0,0.0,0.0,1.57,4.06,12.93,36.5
BOS,2023-04-25,1,0,1,0,1,0.0,0.0,100.0,0.0,0.0,0.0,0.0,1.0,0.0,0.0,0.0
BOS,2023-04-25,2,0,0,0,0,0.0,0.0,0.0,0.0,0.0,0.0,0.0,0.0,0.0,0.0,0.0
BOS,2023-04-25,3,0,0,0,0,0.0,0.0,0.0,0.0,0.0,0.0,0.0,0.0,0.0,0.0,0.0
BOS,2023-04-25,4,0,2,0,4,0.0,0.0,100.0,0.0,0.0,0.0,0.0,0.0,0.0,0.0,0.0
BOS,2023-04-25,5,11,7,12,10,100.0,100.0,100.0,0.25,12.92,1.35,1.33,0.0,1.17,0.7,1.0
BOS,2023-04-25,6,43,7,44,10,97.73,93.18,70.0,0.7,19.34,6.1,2.89,1.9,7.57,5.0,21.7
BOS,2023-04-25,7,34,28,36,28,94.44,88.89,92.86,1.33,17.61,4.24,3.0,2.25,3.74,3.43,3.54
BOS,2023-04-25,8,41,28,43,29,88.37,83.72,79.31,29.84,17.09,4.48,32.28,3.38,3.78,4.1,13.14
BOS,2023-04-25,9,38,21,40,28,90.0,87.5,78.57,7.35,14.83,2.48,8.25,1.64,4.45,2.54,13.89
BOS,2023-04-25,10,19,26,21,29,80.95,80.95,93.1,12.19,14.19,1.89,12.9,2.45,3.14,2.24,3.76
BOS,2023-04-25,11,27,27,32,27,84.38,75.0,70.37,6.94,16.0,3.22,8.72,1.81,3.35,2.3,12.89
BOS,2023-04-25,12,24,25,23,28,82.61,78.26,82.14,8.43,15.17,3.33,10.22,1.93,2.01,1.32,9.14
BOS,2023-04-25,13,28,33,37,36,81.08,75.68,88.89,7.76,15.57,3.11,9.81,2.44,2.8,1.47,4.14
BOS,2023-04-25,14,26,29,30,35,86.67,86.67,88.57,4.5,14.67,2.91,5.7,1.43,3.96,1.86,5.17
BOS,2023-04-25,15,25,41,34,39,82.35,79.41,84.62,7.91,15.41,2.84,9.59,0.9,4.7,2.08,6.64
BOS,2023-04-25,16,35,31,39,38,76.92,76.92,86.84,7.18,16.77,4.24,9.41,2.05,3.83,1.55,9.34
BOS,2023-04-25,17,41,33,40,39,85.0,80.0,79.49,7.47,17.85,4.42,9.98,2.15,5.51,3.51,8.54
BOS,2023-04-25,18,34,34,37,42,81.08,81.08,78.57,10.65,15.32,2.23,11.95,2.79,4.73,2.55,13.45
BOS,2023-04-25,19,35,31,38,37,78.95,78.95,70.27,15.84,15.45,2.28,16.71,2.24,3.98,3.7,11.81
BOS,2023-04-25,20,32,30,36,32,77.78,75.0,81.25,11.36,15.94,2.77,12.47,3.56,4.47,2.5,8.72
BOS,2023-04-25,21,13,24,16,26,75.0,75.0,76.92,10.75,15.06,1.88,11.13,2.54,3.53,2.23,10.38
BOS,2023-04-25,22,8,23,13,23,76.92,69.23,78.26,8.69,16.08,3.6,11.15,0.57,3.83,1.87,9.04
BOS,2023-04-25,23,4,27,6,26,83.33,83.33,76.92,4.83,14.33,1.2,4.5,1.0,1.81,2.31,13.27
BOS,2023-04-26,0,1,11,1,10,100.0,100.0,70.0,0.0,10.0,0.0,0.0,1.4,0.73,0.0,12.2
BOS,2023-04-26,1,0,1,0,1,0.0,0.0,0.0,0.0,0.0,0.0,0.0,2.0,0.0,0.0,110.0
BOS,2023-04-26,3,0,0,0,0,0.0,0.0,0.0,0.0,0.0,0.0,0.0,0.0,0.0,0.0,0.0
BOS,2023-04-26,4,0,2,0,4,0.0,0.0,100.0,0.0,0.0,0.0,0.0,0.25,2.67,0.25,1.0
BOS,2023-04-26,5,11,6,12,7,91.67,91.67,100.0,2.5,13.42,1.29,2.83,0.0,1.77,1.29,0.86
BOS,2023-04-26,6,43,9,43,11,93.02,88.37,81.82,5.16,17.7,4.36,7.19,3.09,5.69,1.82,7.64
BOS,2023-04-26,7,35,28,36,26,88.89,88.89,80.77,27.58,16.36,2.82,28.72,2.96,4.01,5.04,10.88
BOS,2023-04-26,8,42,30,47,30,89.36,87.23,90.0,8.45,16.3,3.58,9.6,3.2,4.08,2.43,3.83
BOS,2023-04-26,9,37,22,38,26,86.84,86.84,88.46,11.58,15.39,2.79,12.87,1.85,5.87,2.46,12.69
BOS,2023-04-26,10,19,26,26,30,88.46,88.46,90.0,9.88,13.5,1.54,10.65,1.17,3.84,0.93,4.17
BOS,2023-04-26,11,27,25,30,27,70.0,70.0,92.59,7.5,18.27,5.43,10.47,1.7,3.27,2.74,3.67
BOS,2023-04-26,12,25,24,25,24,96.0,92.0,100.0,1.24,17.36,4.95,4.56,1.33,3.15,0.71,0.96
BOS,2023-04-26,13,26,32,28,36,92.86,82.14,97.22,3.11,15.0,2.96,4.89,2.86,3.03,0.92,2.47
BOS,2023-04-26,14,26,29,29,34,86.21,86.21,94.12,6.07,12.62,1.32,6.38,1.38,2.98,1.03,2.85
BOS,2023-04-26,15,24,41,28,44,89.29,64.29,84.09,4.75,20.43,7.39,10.54,1.43,4.7,2.23,7.59
BOS,2023-04-26,16,37,31,40,33,92.5,85.0,81.82,6.1,16.38,3.68,8.63,2.64,3.66,1.79,9.09
BOS,2023-04-26,17,39,35,41,35,73.17,68.29,85.71,13.95,17.61,4.53,16.76,2.86,5.07,4.69,8.89
BOS,2023-04-26,18,35,35,36,43,86.11,86.11,76.74,5.19,17.53,4.36,8.08,2.05,5.89,3.3,7.84
BOS,2023-04-26,19,35,31,37,33,81.08,72.97,84.85,8.76,18.38,5.03,12.0,2.85,8.02,3.39,7.97
BOS,2023-04-26,20,30,31,32,35,75.0,71.88,77.14,9.56,16.06,3.46,12.06,2.83,4.92,3.43,10.69
BOS,2023-04-26,21,13,24,14,25,92.86,85.71,92.0,5.71,16.71,3.69,8.07,1.88,3.16,0.6,3.04
BOS,2023-04-26,22,11,23,15,25,93.33,86.67,76.0,6.67,14.6,2.32,8.2,1.96,4.31,2.64,7.0
BOS,2023-04-26,23,3,26,4,27,100.0,100.0,55.56,3.0,13.5,1.0,2.75,4.44,1.09,7.89,27.22
BOS,2023-04-27,0,0,13,0,11,0.0,0.0,63.64,0.0,0.0,0.0,0.0,1.64,2.26,4.27,63.55
BOS,2023-04-27,1,0,1,0,1,0.0,0.0,100.0,0.0,0.0,0.0,0.0,2.0,0.0,0.0,3.0
BOS,2023-04-27,2,0,0,0,0,0.0,0.0,0.0,0.0,0.0,0.0,0.0,0.0,0.0,0.0,0.0
BOS,2023-04-27,3,0,0,0,1,0.0,0.0,100.0,0.0,0.0,0.0,0.0,0.0,2.8,1.0,0.0
BOS,2023-04-27,4,0,2,1,4,0.0,0.0,75.0,27.0,16.0,2.6,30.0,0.25,3.92,2.0,18.75
BOS,2023-04-27,5,12,8,13,9,100.0,100.0,100.0,0.08,14.62,2.48,0.15,1.44,1.0,2.11,2.67
BOS,2023-04-27,6,44,7,45,12,88.89,86.67,75.0,6.91,18.8,5.53,9.31,2.25,5.07,3.25,7.0
BOS,2023-04-27,7,36,29,37,28,91.89,81.08,89.29,3.7,20.62,6.87,7.57,2.61,1.73,1.79,4.18
BOS,2023-04-27,8,43,29,46,29,84.78,78.26,82.76,12.39,18.72,5.54,15.59,3.72,3.07,1.83,7.45
BOS,2023-04-27,9,39,23,46,25,82.61,78.26,76.0,7.52,17.72,4.61,9.8,2.76,4.31,4.48,9.6
BOS,2023-04-27,10,21,29,24,37,87.5,83.33,78.38,9.58,15.63,2.75,11.25,5.68,1.84,2.89,9.22
BOS,2023-04-27,11,34,26,42,27,71.43,64.29,66.67,16.36,17.45,4.41,19.6,2.04,3.05,2.7,23.89
BOS,2023-04-27,12,24,29,26,31,73.08,73.08,87.1,15.31,17.15,4.22,17.69,4.26,1.57,2.71,6.39
BOS,2023-04-27,13,31,35,29,37,72.41,72.41,83.78,18.97,14.45,2.28,20.55,3.16,3.25,1.97,6.0
BOS,2023-04-27,14,27,32,33,36,84.85,84.85,88.89,5.73,13.33,1.74,6.61,2.17,4.07,2.33,10.72
BOS,2023-04-27,15,28,42,33,45,78.79,69.7,82.22,19.67,18.48,5.39,24.27,2.22,4.6,3.2,11.24
BOS,2023-04-27,16,36,31,44,41,70.45,59.09,82.93,16.75,19.8,6.77,22.59,2.61,3.94,2.76,8.66
BOS,2023-04-27,17,42,36,46,40,80.43,58.7,47.5,16.17,23.37,10.13,25.41,5.9,6.03,9.1,23.25
BOS,2023-04-27,18,36,37,38,43,71.05,55.26,46.51,16.66,21.34,7.73,22.89,5.77,4.9,10.28,19.47
BOS,2023-04-27,19,39,31,46,37,43.48,34.78,48.65,32.59,21.63,8.36,40.35,3.78,6.6,8.46,22.84
BOS,2023-04-27,20,30,28,35,31,57.14,45.71,70.97,21.8,22.89,9.37,29.29,3.68,4.62,3.58,17.94
BOS,2023-04-27,21,14,23,17,25,52.94,47.06,68.0,29.76,16.24,2.98,31.94,3.28,4.56,4.28,14.4
BOS,2023-04-27,22,8,22,13,21,46.15,46.15,66.67,25.31,17.08,3.66,28.85,1.38,2.4,3.1,15.43
BOS,2023-04-27,23,4,30,4,30,75.0,50.0,66.67,7.25,18.0,5.08,12.25,1.87,1.21,4.67,23.13
BOS,2023-04-28,0,0,13,0,14,0.0,0.0,35.71,0.0,0.0,0.0,0.0,2.07,5.21,6.43,175.0
BOS,2023-04-28,1,0,1,0,1,0.0,0.0,0.0,0.0,0.0,0.0,0.0,0.0,0.0,10.0,25.0
BOS,2023-04-28,2,0,0,0,0,0.0,0.0,0.0,0.0,0.0,0.0,0.0,0.0,0.0,0.0,0.0
BOS,2023-04-28,3,0,0,0,0,0.0,0.0,0.0,0.0,0.0,0.0,0.0,0.0,0.0,0.0,0.0
BOS,2023-04-28,4,0,2,0,4,0.0,0.0,75.0,0.0,0.0,0.0,0.0,0.75,1.3,0.25,12.5
BOS,2023-04-28,5,12,7,12,9,100.0,100.0,88.89,1.08,14.67,2.5,1.08,0.78,1.77,1.22,2.44
BOS,2023-04-28,6,44,8,44,11,88.64,86.36,63.64,5.93,16.91,3.8,7.66,2.45,8.49,5.45,11.18
BOS,2023-04-28,7,34,28,36,25,91.67,83.33,88.0,5.33,17.53,4.04,7.64,2.56,5.28,4.52,5.08
BOS,2023-04-28,8,42,31,42,29,90.48,90.48,79.31,8.12,17.5,4.41,10.14,3.72,3.72,2.66,17.59
BOS,2023-04-28,9,37,24,36,26,88.89,86.11,92.31,8.03,16.44,3.45,10.64,1.12,3.25,0.23,4.88
BOS,2023-04-28,10,22,30,27,36,100.0,88.89,88.89,0.59,16.33,3.51,2.52,3.31,3.15,5.61,10.25
BOS,2023-04-28,11,34,28,37,31,89.19,89.19,87.1,6.62,14.46,2.47,7.84,2.06,4.3,3.26,5.58
BOS,2023-04-28,12,23,25,24,27,83.33,83.33,81.48,6.79,15.0,2.6,7.71,1.19,3.36,1.48,6.48
BOS,2023-04-28,13,31,33,32,37,84.38,78.13,86.49,7.44,16.31,3.57,9.47,2.05,3.36,1.35,15.03
BOS,2023-04-28,14,26,32,30,36,83.33,80.0,86.11,16.8,14.1,2.69,18.23,1.86,3.15,1.56,13.17
BOS,2023-04-28,15,27,45,31,46,80.65,51.61,76.09,9.97,23.84,10.57,19.29,2.41,4.44,5.02,13.87
BOS,2023-04-28,16,38,31,42,37,71.43,66.67,89.19,16.38,16.4,3.4,18.86,2.14,4.65,4.27,4.41
BOS,2023-04-28,17,42,34,43,36,79.07,74.42,77.78,15.47,16.77,3.98,18.3,3.69,4.27,5.61,11.39
BOS,2023-04-28,18,36,37,39,39,82.05,76.92,84.62,10.23,18.54,5.46,13.77,1.56,5.05,2.1,7.77
BOS,2023-04-28,19,39,32,40,33,82.5,77.5,69.7,7.43,16.9,3.96,9.95,1.06,5.4,2.91,19.39
BOS,2023-04-28,20,30,29,31,33,67.74,61.29,66.67,24.0,15.68,2.6,25.58,0.94,6.81,2.7,16.76
BOS,2023-04-28,21,13,24,13,24,76.92,76.92,66.67,10.15,14.31,1.67,10.92,1.17,3.32,3.54,22.46
BOS,2023-04-28,22,9,24,12,25,83.33,83.33,72.0,9.0,13.58,1.73,9.17,1.32,4.66,2.48,28.96
BOS,2023-04-28,23,4,30,6,30,100.0,100.0,76.67,3.5,18.67,5.48,7.17,0.63,2.6,1.9,11.43
BOS,2023-04-29,0,0,10,0,13,0.0,0.0,69.23,0.0,0.0,0.0,0.0,0.31,1.46,0.08,25.92
BOS,2023-04-29,1,0,1,0,2,0.0,0.0,0.0,0.0,0.0,0.0,0.0,1.5,1.85,2.0,44.0
BOS,2023-04-29,2,0,0,0,0,0.0,0.0,0.0,0.0,0.0,0.0,0.0,0.0,0.0,0.0,0.0
BOS,2023-04-29,3,0,0,0,0,0.0,0.0,0.0,0.0,0.0,0.0,0.0,0.0,0.0,0.0,0.0
BOS,2023-04-29,4,0,1,0,2,0.0,0.0,100.0,0.0,0.0,0.0,0.0,0.0,2.05,0.0,0.0
BOS,2023-04-29,5,10,6,10,7,80.0,80.0,85.71,14.1,12.6,0.96,14.7,0.57,3.01,1.86,8.29
BOS,2023-04-29,6,36,9,36,10,100.0,100.0,80.0,1.06,16.56,3.82,2.33,1.9,3.06,3.1,4.4
BOS,2023-04-29,7,33,17,31,19,87.1,87.1,84.21,4.13,16.03,2.75,5.32,1.37,5.11,4.37,7.0
BOS,2023-04-29,8,34,21,36,20,94.44,83.33,70.0,8.72,19.06,5.72,12.22,2.8,3.67,3.35,19.2
BOS,2023-04-29,9,41,17,45,17,88.89,84.44,94.12,5.87,15.18,2.6,6.76,0.94,4.92,1.35,2.35
BOS,2023-04-29,10,24,24,27,28,74.07,74.07,75.0,11.0,13.22,1.56,11.85,1.79,2.91,2.68,8.04
BOS,2023-04-29,11,20,25,22,25,72.73,68.18,80.0,35.32,18.95,6.99,41.64,2.92,3.86,4.16,7.48
BOS,2023-04-29,12,24,17,24,22,79.17,79.17,81.82,7.92,13.29,1.8,8.5,2.45,3.34,2.95,6.64
BOS,2023-04-29,13,21,29,21,33,76.19,76.19,87.88,10.29,15.9,3.64,12.29,3.03,2.37,2.52,10.73
BOS,2023-04-29,14,20,29,23,31,91.3,91.3,87.1,10.26,14.35,2.36,11.78,1.23,2.52,1.81,5.23
BOS,2023-04-29,15,24,36,27,38,85.19,81.48,81.58,5.0,15.59,2.87,6.74,2.18,2.61,1.66,5.34
BOS,2023-04-29,16,32,27,35,31,71.43,68.57,80.65,13.97,19.86,7.13,19.89,2.19,2.73,2.03,6.87
BOS,2023-04-29,17,33,30,31,29,67.74,64.52,79.31,22.77,17.9,5.26,26.48,2.62,5.65,1.83,9.1
BOS,2023-04-29,18,28,28,31,31,83.87,80.65,80.65,10.29,17.0,3.98,12.97,2.19,6.78,4.0,19.32
BOS,2023-04-29,19,23,27,22,27,50.0,50.0,77.78,41.86,16.27,3.37,44.05,1.67,7.04,4.89,16.07
BOS,2023-04-29,20,17,25,16,25,81.25,75.0,64.0,14.06,14.81,2.46,14.19,1.2,7.51,2.68,31.56
BOS,2023-04-29,21,14,20,15,19,33.33,40.0,73.68,44.0,16.73,4.0,46.47,1.84,5.08,1.63,37.0
BOS,2023-04-29,22,5,19,5,20,80.0,80.0,70.0,6.6,17.8,4.34,7.2,1.55,5.76,2.9,26.4
BOS,2023-04-29,23,4,21,4,21,75.0,75.0,61.9,6.75,12.5,0.6,6.0,1.29,3.24,1.1,25.1
BOS,2023-04-30,0,1,15,1,9,100.0,100.0,44.44,0.0,11.0,0.0,0.0,0.33,3.29,0.0,46.22
BOS,2023-04-30,1,1,1,2,1,100.0,100.0,100.0,4.5,14.5,0.95,5.0,0.0,1.9,0.0,0.0
BOS,2023-04-30,2,0,0,0,0,0.0,0.0,0.0,0.0,0.0,0.0,0.0,0.0,0.0,0.0,0.0
BOS,2023-04-30,4,0,2,1,1,100.0,100.0,100.0,0.0,35.0,22.8,0.0,0.0,6.4,0.0,0.0
BOS,2023-04-30,5,12,8,12,8,83.33,83.33,87.5,7.75,14.67,2.15,8.83,0.75,6.31,3.5,3.0
BOS,2023-04-30,6,36,8,37,9,97.3,91.89,77.78,2.05,16.57,3.49,3.11,2.44,4.94,0.89,7.78
BOS,2023-04-30,7,32,18,34,15,82.35,82.35,86.67,13.88,15.41,2.64,15.38,1.47,3.24,1.93,20.87
BOS,2023-04-30,8,36,22,39,22,87.18,82.05,68.18,4.97,18.13,4.98,7.49,4.18,3.95,3.73,10.32
BOS,2023-04-30,9,37,25,37,26,89.19,83.78,80.77,9.35,18.81,5.42,12.38,4.69,5.23,3.62,8.92
BOS,2023-04-30,10,23,27,27,27,81.48,81.48,74.07,10.48,15.81,3.61,13.56,2.26,3.63,3.78,24.93
BOS,2023-04-30,11,32,28,32,26,65.63,53.13,80.77,18.72,20.72,7.59,24.59,4.38,3.49,6.23,15.5
BOS,2023-04-30,12,23,26,22,30,68.18,54.55,70.0,23.18,21.32,9.1,29.77,5.23,3.81,2.67,15.8
BOS,2023-04-30,13,32,34,34,34,58.82,55.88,50.0,17.47,16.59,3.64,20.26,6.47,3.86,7.47,31.21
BOS,2023-04-30,14,24,32,24,35,50.0,45.83,42.86,40.71,18.79,6.08,46.21,10.03,4.53,19.66,49.2
BOS,2023-04-30,15,27,42,25,41,52.0,40.0,26.83,60.44,24.96,12.2,71.4,7.07,6.3,15.59,56.02
BOS,2023-04-30,16,36,36,30,34,30.0,23.33,23.53,52.1,24.47,11.12,62.8,15.97,6.61,25.97,66.82
BOS,2023-04-30,17,44,34,39,31,28.21,17.95,9.68,56.1,29.59,16.07,72.03,15.35,9.51,23.45,91.74
BOS,2023-04-30,18,35,35,32,32,18.75,6.25,18.75,107.72,22.84,9.28,116.78,7.0,5.64,18.56,81.97
BOS,2023-04-30,19,35,32,31,28,19.35,19.35,10.71,78.52,18.74,5.27,83.48,10.5,8.32,21.29,101.71
BOS,2023-04-30,20,31,28,26,28,15.38,11.54,7.14,93.85,19.62,6.18,99.46,5.86,10.31,13.25,97.71
BOS,2023-04-30,21,16,25,16,27,18.75,25.0,7.41,87.75,16.0,3.32,90.38,15.52,5.28,21.96,92.22
BOS,2023-04-30,22,8,21,6,19,33.33,33.33,10.53,53.67,14.33,1.42,54.67,6.05,6.28,13.58,135.79
BOS,2023-04-30,23,3,27,4,27,0.0,0.0,7.41,51.75,18.0,5.4,56.75,12.3,4.54,16.93,103.52
BOS,2023-05-01,0,0,13,0,15,0.0,0.0,6.67,0.0,0.0,0.0,0.0,6.93,3.74,10.07,72.73
BOS,2023-05-01,1,0,1,0,1,0.0,0.0,0.0,0.0,0.0,0.0,0.0,23.0,0.0,13.0,34.0
BOS,2023-05-01,2,0,0,1,1,100.0,0.0,100.0,0.0,28.0,14.6,15.0,1.0,7.9,9.0,12.0
BOS,2023-05-01,3,0,0,0,0,0.0,0.0,0.0,0.0,0.0,0.0,0.0,0.0,0.0,0.0,0.0
BOS,2023-05-01,4,0,3,0,3,0.0,0.0,100.0,0.0,0.0,0.0,0.0,0.0,2.3,0.33,3.0
BOS,2023-05-01,5,12,7,12,7,75.0,75.0,71.43,26.83,14.17,1.38,27.17,0.86,2.54,3.14,37.86
BOS,2023-05-01,6,42,8,43,8,86.05,74.42,50.0,20.4,20.7,7.2,25.53,0.88,6.64,5.0,20.63
BOS,2023-05-01,7,38,28,34,24,76.47,67.65,58.33,13.35,20.56,6.73,18.09,6.63,4.99,7.5,26.38
BOS,2023-05-01,8,43,29,46,28,69.57,69.57,78.57,26.46,19.09,5.77,30.41,11.04,3.57,7.89,15.82
BOS,2023-05-01,9,38,23,40,23,67.5,62.5,69.57,15.43,15.88,2.91,16.85,21.43,7.57,23.3,38.83
BOS,2023-05-01,10,22,29,19,30,68.42,52.63,83.33,15.16,19.89,6.76,20.63,4.47,3.1,2.0,3.9
BOS,2023-05-01,11,31,29,32,29,71.88,56.25,79.31,21.41,22.41,9.01,29.06,4.9,4.42,4.21,39.83
BOS,2023-05-01,12,26,27,26,29,76.92,65.38,75.86,45.46,21.65,8.34,52.19,5.31,3.03,2.9,18.14
BOS,2023-05-01,13,28,34,33,35,66.67,63.64,85.71,16.73,19.97,6.77,21.88,4.4,3.63,2.69,12.71
BOS,2023-05-01,14,27,33,29,42,79.31,68.97,69.05,10.21,18.83,5.81,13.86,3.95,3.95,3.71,29.95
BOS,2023-05-01,15,27,41,28,40,71.43,50.0,72.5,19.25,25.14,11.61,29.29,1.57,5.83,2.3,12.23
BOS,2023-05-01,16,34,30,39,36,69.23,51.28,69.44,18.33,23.77,10.27,26.77,5.36,3.7,4.86,21.03
BOS,2023-05-01,17,43,35,47,37,72.34,48.94,67.57,16.21,23.85,10.26,25.04,3.24,6.56,4.95,14.97
BOS,2023-05-01,18,36,36,37,37,59.46,43.24,54.05,25.62,22.57,8.94,32.57,3.11,4.49,1.68,52.62
BOS,2023-05-01,19,39,31,39,37,43.59,41.03,78.38,35.46,18.26,4.96,39.31,3.49,5.01,1.86,8.14
BOS,2023-05-01,20,28,30,33,32,57.58,51.52,87.5,50.61,18.55,5.31,53.88,4.25,6.31,2.09,9.16
BOS,2023-05-01,21,14,24,18,26,77.78,66.67,53.85,12.22,15.89,2.75,13.94,3.15,2.32,1.92,20.92
BOS,2023-05-01,22,10,24,15,23,93.33,86.67,65.22,4.67,14.47,1.56,5.4,1.17,3.01,2.87,29.7
BOS,2023-05-01,23,4,29,4,30,50.0,50.0,80.0,20.5,13.5,1.5,20.75,2.83,1.23,1.0,8.47
BOS,2023-05-02,0,0,11,0,13,0.0,0.0,53.85,0.0,0.0,0.0,0.0,1.0,1.76,1.0,26.77
BOS,2023-05-02,1,1,1,1,2,100.0,100.0,100.0,1.0,12.0,0.0,0.0,0.0,1.35,0.0,4.0
BOS,2023-05-02,2,0,0,0,0,0.0,0.0,0.0,0.0,0.0,0.0,0.0,0.0,0.0,0.0,0.0
BOS,2023-05-02,4,0,2,0,4,0.0,0.0,75.0,0.0,0.0,0.0,0.0,0.0,2.42,0.25,11.75
BOS,2023-05-02,5,11,7,11,10,90.91,90.91,50.0,2.73,12.91,1.07,2.36,1.1,5.72,10.6,16.8
BOS,2023-05-02,6,42,7,45,11,91.11,86.67,72.73,6.67,23.11,9.64,11.53,2.0,3.42,3.27,8.09
BOS,2023-05-02,7,38,27,38,29,89.47,89.47,75.86,4.39,18.03,4.46,6.03,4.14,4.17,3.72,15.03
BOS,2023-05-02,8,41,28,44,27,90.91,88.64,70.37,8.39,17.18,3.9,10.39,3.44,4.03,4.11,24.89
BOS,2023-05-02,9,37,24,43,28,76.74,74.42,92.86,13.47,16.7,3.55,15.93,4.18,3.55,3.5,4.82
BOS,2023-05-02,10,18,25,22,29,81.82,77.27,96.55,9.0,15.95,3.1,10.05,3.93,2.37,0.07,3.55
BOS,2023-05-02,11,27,27,30,30,96.67,90.0,86.67,3.0,16.03,3.0,4.83,3.8,2.17,2.5,6.7
BOS,2023-05-02,12,24,25,28,27,89.29,82.14,85.19,6.39,18.36,5.34,9.96,4.07,1.28,1.85,21.78
BOS,2023-05-02,13,27,33,28,32,89.29,85.71,81.25,11.64,17.64,4.39,14.39,6.59,2.26,2.19,13.91
BOS,2023-05-02,14,27,31,29,35,82.76,75.86,88.57,8.34,18.52,5.52,11.62,8.14,3.38,3.0,7.57
BOS,2023-05-02,15,25,38,29,39,86.21,82.76,71.79,10.0,17.72,4.8,13.28,4.36,2.65,3.31,12.97
BOS,2023-05-02,16,34,32,35,34,68.57,65.71,88.24,48.63,17.74,4.76,52.54,5.94,2.3,2.65,7.76
BOS,2023-05-02,17,41,34,43,33,88.37,69.77,54.55,9.02,22.05,8.56,15.53,9.52,5.1,8.09,22.21
BOS,2023-05-02,18,35,34,37,41,72.97,72.97,58.54,9.73,19.16,5.58,13.7,10.02,3.49,14.88,17.95
BOS,2023-05-02,19,36,30,37,36,64.86,56.76,52.78,13.81,19.35,5.97,18.22,12.72,3.08,10.89,23.69
BOS,2023-05-02,20,29,28,34,29,70.59,55.88,75.86,17.53,20.91,7.56,22.79,8.83,3.69,4.72,16.48
BOS,2023-05-02,21,13,25,15,26,80.0,80.0,80.77,13.93,15.0,2.51,14.07,2.85,1.93,2.0,14.58
BOS,2023-05-02,22,8,22,12,22,100.0,100.0,90.91,0.08,13.58,1.0,0.5,1.32,2.0,0.64,6.09
BOS,2023-05-02,23,4,28,4,29,100.0,100.0,89.66,0.0,14.0,1.25,0.0,4.17,0.6,1.76,3.24
BOS,2023-05-03,0,1,11,1,11,100.0,100.0,90.91,0.0,10.0,0.0,0.0,3.64,1.07,0.45,1.64
BOS,2023-05-03,1,0,1,0,1,0.0,0.0,0.0,0.0,0.0,0.0,0.0,4.0,0.0,0.0,49.0
BOS,2023-05-03,2,0,0,0,1,0.0,0.0,100.0,0.0,0.0,0.0,0.0,0.0,0.0,0.0,0.0
BOS,2023-05-03,3,0,0,0,0,0.0,0.0,0.0,0.0,0.0,0.0,0.0,0.0,0.0,0.0,0.0
BOS,2023-05-03,4,0,2,0,4,0.0,0.0,100.0,0.0,0.0,0.0,0.0,0.0,1.68,4.0,3.25
BOS,2023-05-03,5,11,6,13,8,76.92,76.92,75.0,12.46,14.15,1.93,13.85,0.63,4.19,4.5,10.63
BOS,2023-05-03,6,42,9,43,13,88.37,88.37,69.23,15.49,16.47,3.5,16.98,2.69,5.08,4.15,13.85
BOS,2023-05-03,7,35,28,38,29,94.74,94.74,82.76,5.39,18.13,4.75,7.42,1.9,3.62,3.86,5.0
BOS,2023-05-03,8,42,29,48,29,83.33,83.33,93.1,10.02,15.75,2.69,10.73,2.86,4.52,2.59,2.93
BOS,2023-05-03,9,36,21,37,23,83.78,83.78,91.3,8.14,15.0,2.44,9.14,3.26,4.16,3.83,4.57
BOS,2023-05-03,10,19,26,24,32,83.33,83.33,93.75,6.88,14.17,1.87,7.21,2.16,3.66,1.91,7.13
BOS,2023-05-03,11,27,26,28,29,89.29,89.29,86.21,5.79,13.89,1.4,6.68,2.03,3.19,2.93,5.28
BOS,2023-05-03,12,25,25,27,30,96.3,88.89,86.67,1.7,16.07,3.45,4.44,3.87,4.34,2.8,6.97
BOS,2023-05-03,13,25,31,29,34,86.21,75.86,91.18,6.93,14.52,2.37,8.59,2.74,3.66,2.41,5.59
BOS,2023-05-03,14,27,30,36,35,91.67,86.11,88.57,4.64,15.39,3.05,6.14,1.17,4.17,2.11,7.37
BOS,2023-05-03,15,26,38,32,41,84.38,78.13,80.49,11.25,16.38,3.51,13.53,2.12,4.46,2.34,10.56
BOS,2023-05-03,16,34,33,38,41,86.84,78.95,82.93,6.53,17.53,4.54,9.37,3.93,4.4,4.61,11.05
BOS,2023-05-03,17,41,35,44,37,81.82,68.18,81.08,7.61,22.7,9.32,13.82,5.43,5.17,4.57,13.08
BOS,2023-05-03,18,35,36,36,41,86.11,86.11,75.61,20.58,17.42,4.15,22.36,2.61,5.24,4.0,22.32
BOS,2023-05-03,19,36,29,38,35,55.26,50.0,54.29,28.42,19.89,6.84,33.71,2.83,4.05,4.63,20.37
BOS,2023-05-03,20,29,31,30,36,66.67,63.33,58.33,12.17,19.63,6.4,16.03,3.97,6.49,4.22,27.94
BOS,2023-05-03,21,12,25,13,27,61.54,61.54,74.07,23.08,17.54,4.27,25.62,2.22,5.24,3.15,15.33
BOS,2023-05-03,22,12,24,23,25,82.61,82.61,96.0,5.3,14.48,1.79,6.74,0.72,4.12,1.76,5.36
BOS,2023-05-03,23,3,26,6,26,66.67,83.33,84.62,7.0,14.83,2.33,6.5,1.38,2.09,2.08,12.12
BOS,2023-05-04,0,0,14,1,12,100.0,0.0,75.0,0.0,31.0,17.6,18.0,1.42,2.72,3.67,20.33
BOS,2023-05-04,1,1,1,2,2,50.0,50.0,50.0,15.5,15.5,2.3,18.0,0.0,1.9,0.5,8.0
BOS,2023-05-04,2,0,0,0,0,0.0,0.0,0.0,0.0,0.0,0.0,0.0,0.0,0.0,0.0,0.0
BOS,2023-05-04,4,0,2,0,4,0.0,0.0,75.0,0.0,0.0,0.0,0.0,0.75,2.17,2.0,8.0
BOS,2023-05-04,5,12,8,14,9,71.43,71.43,88.89,10.71,14.5,2.16,12.0,1.56,1.89,1.78,23.11
BOS,2023-05-04,6,43,7,46,14,95.65,91.3,64.29,1.37,18.39,5.1,4.11,4.36,6.91,11.0,18.5
BOS,2023-05-04,7,37,27,38,28,100.0,97.37,67.86,0.84,19.63,5.97,4.18,4.14,5.65,9.82,14.54
BOS,2023-05-04,8,41,29,45,28,93.33,86.67,89.29,5.93,19.82,6.46,9.93,4.64,3.95,3.46,5.32
BOS,2023-05-04,9,38,22,43,25,79.07,76.74,88.0,10.35,17.79,4.63,13.35,3.64,5.88,5.0,7.8
BOS,2023-05-04,10,21,27,25,35,88.0,88.0,82.86,4.6,14.04,1.67,4.76,6.54,3.41,7.69,9.8
BOS,2023-05-04,11,29,28,30,29,76.67,70.0,82.76,12.6,19.5,6.26,17.17,4.72,2.82,4.24,7.07
BOS,2023-05-04,12,24,26,28,27,89.29,85.71,96.3,13.25,14.86,2.48,15.21,3.7,2.52,2.26,3.11
BOS,2023-05-04,13,27,33,29,36,75.86,75.86,77.78,10.76,15.17,3.03,13.0,6.5,2.46,5.42,6.08
BOS,2023-05-04,14,29,33,29,40,86.21,75.86,75.0,6.66,18.21,5.62,10.83,8.65,3.43,11.65,13.08
BOS,2023-05-04,15,26,37,35,42,71.43,60.0,57.14,15.11,25.23,12.24,25.91,8.26,3.25,9.05,20.24
BOS,2023-05-04,16,32,32,38,35,55.26,52.63,82.86,20.79,20.0,6.71,26.5,4.14,3.87,5.06,8.74
BOS,2023-05-04,17,44,35,46,38,80.43,60.87,78.95,8.09,23.85,10.67,17.09,2.82,5.57,3.29,13.39
BOS,2023-05-04,18,35,38,35,47,80.0,54.29,80.85,10.51,23.66,10.38,18.8,3.21,5.8,4.96,8.26
BOS,2023-05-04,19,38,29,42,31,66.67,61.9,67.74,15.33,15.52,2.66,16.86,2.84,6.58,3.23,25.84
BOS,2023-05-04,20,30,26,32,28,75.0,75.0,89.29,8.97,14.97,2.24,9.97,3.11,4.03,2.82,9.75
BOS,2023-05-04,21,14,24,15,25,80.0,80.0,88.0,13.47,15.67,2.57,14.87,1.92,3.03,1.12,4.52
BOS,2023-05-04,22,8,23,13,23,76.92,69.23,65.22,11.23,15.46,3.75,13.08,0.26,3.22,1.17,25.91
BOS,2023-05-04,23,3,28,3,28,100.0,100.0,78.57,2.33,17.67,4.53,3.33,1.39,2.64,1.21,12.61
BOS,2023-05-05,0,0,9,0,14,0.0,0.0,78.57,0.0,0.0,0.0,0.0,0.79,2.03,0.71,5.93
BOS,2023-05-05,1,0,2,0,1,0.0,0.0,0.0,0.0,0.0,0.0,0.0,2.0,0.0,0.0,22.0
BOS,2023-05-05,3,0,0,0,0,0.0,0.0,0.0,0.0,0.0,0.0,0.0,0.0,0.0,0.0,0.0
BOS,2023-05-05,4,0,2,0,4,0.0,0.0,100.0,0.0,0.0,0.0,0.0,0.0,6.18,1.25,0.0
BOS,2023-05-05,5,8,7,9,7,77.78,77.78,85.71,9.22,15.0,2.24,10.22,0.86,1.97,4.71,7.86
BOS,2023-05-05,6,41,12,43,11,88.37,83.72,63.64,11.23,18.35,5.11,14.56,3.36,6.85,4.55,15.82
BOS,2023-05-05,7,39,28,40,28,87.5,77.5,82.14,5.33,21.02,7.48,11.18,3.07,5.05,3.96,6.11
BOS,2023-05-05,8,41,28,43,31,93.02,74.42,87.1,2.05,23.37,10.08,9.4,3.68,5.29,5.94,5.1
BOS,2023-05-05,9,33,23,33,28,87.88,72.73,75.0,7.88,19.24,5.98,12.15,3.43,2.94,4.61,10.64
BOS,2023-05-05,10,24,27,29,30,79.31,82.76,86.67,7.76,15.52,2.81,9.55,2.73,4.45,3.33,5.67
BOS,2023-05-05,11,27,21,33,25,87.88,87.88,88.0,5.67,13.58,1.03,6.12,2.16,1.83,2.08,6.04
BOS,2023-05-05,12,24,29,31,34,87.1,83.87,73.53,7.03,12.35,1.04,7.16,5.06,2.31,3.35,14.15
BOS,2023-05-05,13,32,34,36,39,75.0,75.0,82.05,13.06,14.14,1.75,14.19,6.31,3.16,4.46,7.28
BOS,2023-05-05,14,27,34,31,40,77.42,74.19,92.5,7.23,14.65,2.78,8.77,2.63,4.61,3.2,2.83
BOS,2023-05-05,15,26,33,29,33,82.76,79.31,84.85,5.86,15.24,2.16,7.14,2.15,5.99,3.24,5.88
BOS,2023-05-05,16,33,32,34,37,82.35,76.47,89.19,12.74,16.26,3.61,15.35,3.59,4.6,4.27,6.32
BOS,2023-05-05,17,41,36,39,38,87.18,87.18,73.68,6.36,18.33,5.05,9.97,1.97,7.98,3.79,7.45
BOS,2023-05-05,18,37,37,40,37,82.5,82.5,81.08,6.63,14.88,2.28,7.63,2.0,5.67,3.81,7.65
BOS,2023-05-05,19,36,28,38,30,78.95,76.32,83.33,7.61,16.26,3.36,10.21,1.53,5.77,2.9,6.53
BOS,2023-05-05,20,27,25,26,26,92.31,88.46,84.62,3.38,15.38,2.79,3.92,1.31,3.25,1.42,18.15
BOS,2023-05-05,21,10,22,11,22,90.91,81.82,81.82,4.0,17.55,5.03,6.91,2.5,3.52,1.55,8.68
BOS,2023-05-05,22,9,23,13,23,92.31,92.31,95.65,2.92,15.54,2.45,3.23,3.87,2.49,3.22,3.83
BOS,2023-05-05,23,5,37,6,37,66.67,66.67,78.38,25.0,16.67,3.47,27.33,2.51,1.89,2.05,9.84
BOS,2023-05-06,0,0,6,0,10,0.0,0.0,90.0,0.0,0.0,0.0,0.0,1.5,1.73,1.9,2.8
BOS,2023-05-06,1,1,1,1,3,100.0,100.0,100.0,0.0,18.0,4.6,3.0,1.0,0.9,3.33,2.33
BOS,2023-05-06,2,0,0,0,1,0.0,0.0,100.0,0.0,0.0,0.0,0.0,0.0,1.9,0.0,0.0
BOS,2023-05-06,4,1,2,1,2,0.0,0.0,50.0,40.0,15.0,1.3,41.0,0.0,0.2,10.0,46.0
BOS,2023-05-06,5,10,5,11,7,100.0,100.0,85.71,0.18,15.91,3.46,1.73,0.14,0.27,2.71,7.57
BOS,2023-05-06,6,36,11,38,14,81.58,73.68,78.57,12.39,20.79,7.56,17.11,0.93,3.62,1.29,15.07
BOS,2023-05-06,7,34,17,35,22,88.57,82.86,72.73,21.83,24.09,10.24,28.63,1.09,2.79,3.64,8.0
BOS,2023-05-06,8,35,19,38,18,92.11,60.53,88.89,2.5,27.47,13.81,13.03,1.94,4.03,3.94,11.11
BOS,2023-05-06,9,38,18,40,19,87.5,75.0,89.47,4.45,19.77,6.72,8.25,0.74,3.76,2.47,4.32
BOS,2023-05-06,10,23,23,24,26,75.0,66.67,88.46,13.46,15.71,3.27,15.58,2.92,1.61,2.73,3.54
BOS,2023-05-06,11,21,24,24,22,83.33,83.33,90.91,5.67,16.79,3.91,7.92,2.86,1.58,0.91,11.86
BOS,2023-05-06,12,23,22,25,23,92.0,92.0,95.65,6.72,17.04,4.01,7.92,1.17,2.6,2.13,2.74
BOS,2023-05-06,13,24,28,28,31,89.29,89.29,87.1,5.86,16.18,3.96,9.07,1.35,0.9,0.97,5.94
BOS,2023-05-06,14,20,30,23,34,86.96,86.96,79.41,7.17,14.3,1.96,7.74,1.5,2.01,1.97,13.15
BOS,2023-05-06,15,28,28,29,34,79.31,72.41,79.41,14.69,18.24,5.08,18.07,1.94,2.28,2.71,32.03
BOS,2023-05-06,16,26,33,31,35,83.87,83.87,94.29,8.84,16.19,3.39,10.81,1.31,2.24,0.86,2.69
BOS,2023-05-06,17,37,30,41,28,90.24,82.93,78.57,6.02,17.9,4.94,8.73,1.64,2.26,0.89,11.82
BOS,2023-05-06,18,29,30,30,32,86.67,83.33,65.63,10.13,17.63,4.34,12.83,1.84,3.41,2.0,25.66
BOS,2023-05-06,19,19,22,20,25,75.0,70.0,68.0,19.5,18.5,5.1,23.45,1.56,5.66,2.84,20.48
BOS,2023-05-06,20,16,19,16,19,68.75,62.5,89.47,18.81,17.25,3.91,21.0,0.63,4.49,0.16,8.37
BOS,2023-05-06,21,7,16,6,17,100.0,100.0,88.24,3.67,18.83,5.28,8.5,2.29,2.85,1.53,3.88
BOS,2023-05-06,22,4,17,4,17,75.0,75.0,82.35,6.0,17.25,3.85,7.25,0.59,2.7,0.65,6.29
BOS,2023-05-06,23,5,30,5,30,100.0,100.0,90.0,1.4,19.0,5.64,3.8,0.67,1.77,0.97,7.87
BOS,2023-05-07,0,1,11,1,7,100.0,100.0,85.71,0.0,14.0,0.6,0.0,1.29,1.41,0.29,22.0
BOS,2023-05-07,1,0,2,0,1,0.0,0.0,100.0,0.0,0.0,0.0,0.0,0.0,0.9,0.0,0.0
BOS,2023-05-07,2,0,0,0,0,0.0,0.0,0.0,0.0,0.0,0.0,0.0,0.0,0.0,0.0,0.0
BOS,2023-05-07,4,0,2,0,3,0.0,0.0,66.67,0.0,0.0,0.0,0.0,0.67,1.67,1.67,14.67
BOS,2023-05-07,5,9,8,9,6,77.78,77.78,83.33,7.78,17.44,4.46,9.33,0.33,3.37,2.83,5.83
BOS,2023-05-07,6,35,12,37,10,97.3,94.59,50.0,1.7,19.59,6.29,4.51,3.0,4.39,6.3,31.8
BOS,2023-05-07,7,37,17,37,17,83.78,75.68,82.35,6.08,19.62,5.98,9.38,0.82,2.02,0.35,16.71
BOS,2023-05-07,8,34,20,36,18,83.33,80.56,88.89,13.22,18.97,5.68,16.36,2.39,2.41,4.17,5.89
BOS,2023-05-07,9,33,23,34,28,94.12,91.18,78.57,2.12,19.18,5.64,5.0,1.96,1.38,2.25,7.68
BOS,2023-05-07,10,24,26,30,29,83.33,76.67,96.55,9.67,19.03,6.05,13.83,2.45,1.79,2.45,2.17
BOS,2023-05-07,11,28,21,33,22,75.76,69.7,68.18,10.0,19.15,5.78,14.67,2.32,2.28,2.09,12.68
BOS,2023-05-07,12,24,26,28,29,82.14,82.14,75.86,9.93,17.14,4.26,11.96,2.28,2.66,1.69,16.14
BOS,2023-05-07,13,31,33,35,39,65.71,54.29,87.18,15.2,17.31,4.13,18.43,2.21,0.98,1.28,3.54
BOS,2023-05-07,14,23,34,26,39,80.77,69.23,71.79,6.65,19.15,5.93,9.92,1.92,4.15,3.1,17.46
BOS,2023-05-07,15,26,29,31,30,61.29,54.84,66.67,20.9,19.74,6.45,26.29,2.5,1.61,2.07,21.6
BOS,2023-05-07,16,30,36,34,41,67.65,61.76,75.61,19.62,21.85,8.35,27.09,2.54,2.09,2.39,7.68
BOS,2023-05-07,17,42,38,44,40,75.0,50.0,77.5,11.39,25.3,11.98,21.41,2.4,3.69,2.25,20.1
BOS,2023-05-07,18,38,36,40,42,72.5,50.0,76.19,15.0,25.0,11.34,25.05,2.71,4.0,2.95,11.71
BOS,2023-05-07,19,34,25,36,29,69.44,44.44,72.41,28.81,21.97,8.43,36.08,3.83,3.31,2.31,23.83
BOS,2023-05-07,20,27,25,30,30,73.33,60.0,66.67,18.0,19.3,5.77,22.73,2.97,4.39,2.43,25.93
BOS,2023-05-07,21,11,22,13,26,61.54,53.85,50.0,18.69,16.08,3.51,20.54,3.65,0.97,3.12,30.15
BOS,2023-05-07,22,6,21,5,21,60.0,60.0,71.43,37.2,20.4,6.68,44.2,1.24,2.11,1.14,23.43
BOS,2023-05-07,23,5,35,6,35,66.67,66.67,68.57,13.67,22.83,9.47,20.33,1.8,2.56,0.77,59.06
BOS,2023-05-08,0,0,7,0,11,0.0,0.0,45.45,0.0,0.0,0.0,0.0,1.45,4.65,3.0,69.27
BOS,2023-05-08,1,0,2,0,2,0.0,0.0,100.0,0.0,0.0,0.0,0.0,3.0,0.0,0.0,0.0
BOS,2023-05-08,2,0,0,1,0,100.0,100.0,0.0,0.0,27.0,13.6,14.0,0.0,0.0,0.0,0.0
BOS,2023-05-08,3,0,0,0,1,0.0,0.0,100.0,0.0,0.0,0.0,0.0,15.0,0.8,22.0,7.0
BOS,2023-05-08,4,0,3,1,3,0.0,0.0,100.0,21.0,19.0,5.6,27.0,1.33,1.33,1.67,3.67
BOS,2023-05-08,5,10,7,11,7,81.82,72.73,85.71,14.0,18.09,5.49,18.0,0.14,0.7,1.71,6.0
BOS,2023-05-08,6,41,13,41,12,90.24,82.93,100.0,3.27,19.29,5.87,6.39,1.92,2.21,0.5,1.0
BOS,2023-05-08,7,43,25,43,27,79.07,46.51,77.78,11.47,28.7,14.77,23.19,2.19,3.68,2.48,7.74
BOS,2023-05-08,8,39,27,40,28,82.5,75.0,89.29,15.63,21.55,8.28,21.13,3.96,3.66,2.82,6.32
BOS,2023-05-08,9,38,22,43,25,74.42,62.79,88.0,13.74,21.44,8.28,19.91,2.32,3.49,1.84,7.68
BOS,2023-05-08,10,25,24,25,26,88.0,84.0,92.31,6.8,17.56,4.02,9.32,1.77,1.67,1.08,2.27
BOS,2023-05-08,11,24,23,27,25,88.89,85.19,96.0,4.22,16.22,3.1,5.89,3.04,1.43,0.4,2.4
BOS,2023-05-08,12,27,31,29,33,79.31,72.41,81.82,8.24,18.28,5.57,11.1,2.12,1.46,0.67,16.3
BOS,2023-05-08,13,31,36,30,40,86.67,80.0,90.0,10.47,18.63,5.39,13.73,3.45,2.04,2.4,5.97
BOS,2023-05-08,14,27,31,32,38,84.38,81.25,76.32,8.13,18.34,5.31,11.5,3.63,4.66,6.5,15.32
BOS,2023-05-08,15,25,33,31,36,70.97,64.52,83.33,18.1,21.26,7.63,24.42,2.67,3.04,3.17,7.58
BOS,2023-05-08,16,33,32,38,38,71.05,63.16,84.21,22.26,22.24,8.82,29.84,1.61,3.19,1.03,9.97
BOS,2023-05-08,17,42,36,49,39,87.76,65.31,92.31,6.92,24.08,10.71,16.08,2.85,6.15,2.46,6.59
BOS,2023-05-08,18,37,38,39,39,82.05,58.97,82.05,10.79,25.54,12.05,20.23,1.9,4.61,2.05,13.1
BOS,2023-05-08,19,38,26,40,30,72.5,42.5,86.67,37.63,27.33,13.78,47.7,1.8,3.15,1.37,12.13
BOS,2023-05-08,20,26,27,27,27,88.89,74.07,77.78,6.85,21.0,7.53,10.37,2.41,4.25,0.0,15.93
BOS,2023-05-08,21,10,19,10,21,70.0,60.0,71.43,23.4,18.1,4.83,26.3,1.86,4.15,1.0,8.29
BOS,2023-05-08,22,9,25,15,24,80.0,80.0,79.17,10.13,13.4,1.71,10.53,1.21,4.36,1.17,7.29
BOS,2023-05-08,23,6,40,6,41,83.33,83.33,78.05,7.0,16.83,3.58,10.67,2.32,2.78,1.41,11.24
BOS,2023-05-09,0,0,6,1,7,0.0,0.0,100.0,19.0,10.0,0.0,15.0,0.57,2.36,0.0,0.71
BOS,2023-05-09,1,1,1,1,2,100.0,100.0,100.0,6.0,13.0,0.0,6.0,1.5,0.0,0.0,0.0
BOS,2023-05-09,2,0,0,0,0,0.0,0.0,0.0,0.0,0.0,0.0,0.0,0.0,0.0,0.0,0.0
BOS,2023-05-09,4,0,2,0,4,0.0,0.0,100.0,0.0,0.0,0.0,0.0,0.5,0.35,0.0,0.25
BOS,2023-05-09,5,10,6,12,9,91.67,83.33,100.0,3.0,14.5,2.02,4.5,0.0,3.16,0.33,3.0
BOS,2023-05-09,6,41,11,42,15,97.62,92.86,66.67,2.71,17.74,4.62,4.86,2.4,8.6,1.8,14.4
BOS,2023-05-09,7,42,26,44,27,84.09,75.0,88.89,7.98,22.57,8.67,13.7,2.67,7.69,3.41,4.93
BOS,2023-05-09,8,38,27,40,30,87.5,82.5,83.33,3.6,18.3,5.1,6.43,4.3,7.13,4.23,7.3
BOS,2023-05-09,9,38,21,43,22,93.02,90.7,100.0,3.79,17.05,4.32,5.77,1.64,5.13,1.32,1.14
BOS,2023-05-09,10,22,23,24,24,100.0,100.0,95.83,0.67,14.63,2.14,1.25,1.17,3.27,0.67,1.67
BOS,2023-05-09,11,20,22,21,24,95.24,95.24,87.5,3.76,13.67,1.61,4.38,1.88,2.51,2.79,5.96
BOS,2023-05-09,12,25,29,30,32,90.0,80.0,87.5,4.8,14.83,3.18,6.5,1.81,4.3,1.09,6.5
BOS,2023-05-09,13,31,38,32,41,93.75,81.25,92.68,5.06,19.69,6.75,9.25,3.1,3.79,1.83,4.17
BOS,2023-05-09,14,28,32,33,38,78.79,72.73,73.68,6.76,19.0,5.79,10.79,1.34,6.88,3.32,14.16
BOS,2023-05-09,15,26,32,28,37,89.29,78.57,86.49,4.21,19.18,5.85,8.36,2.7,7.38,3.57,7.78
BOS,2023-05-09,16,32,34,37,37,83.78,78.38,81.08,11.73,17.95,4.85,15.3,2.65,6.71,4.11,24.51
BOS,2023-05-09,17,41,36,46,42,86.96,84.78,80.95,7.98,16.57,3.45,10.13,2.43,5.95,2.14,15.26
BOS,2023-05-09,18,33,38,33,43,93.94,87.88,81.4,5.24,18.64,5.57,9.03,1.37,5.63,1.56,7.4
BOS,2023-05-09,19,33,24,34,25,76.47,76.47,68.0,6.74,15.56,2.76,8.41,2.72,3.76,1.76,14.28
BOS,2023-05-09,20,27,25,29,26,75.86,75.86,84.62,13.48,17.31,3.86,15.17,4.15,3.1,1.81,7.15
BOS,2023-05-09,21,11,19,12,19,66.67,66.67,78.95,12.83,14.17,1.27,13.0,4.05,1.01,0.0,10.05
BOS,2023-05-09,22,6,20,12,21,83.33,75.0,95.24,9.08,16.0,2.87,11.0,1.57,1.46,0.67,13.38
BOS,2023-05-09,23,6,39,7,39,71.43,71.43,74.36,7.57,15.57,2.11,8.14,1.51,3.05,1.31,14.59
BOS,2023-05-10,0,1,7,1,7,100.0,100.0,85.71,0.0,6.0,0.0,0.0,0.86,0.94,4.29,3.57
BOS,2023-05-10,1,0,1,0,1,0.0,0.0,0.0,0.0,0.0,0.0,0.0,3.0,0.0,0.0,15.0
BOS,2023-05-10,3,0,0,0,0,0.0,0.0,0.0,0.0,0.0,0.0,0.0,0.0,0.0,0.0,0.0
BOS,2023-05-10,4,0,2,1,4,0.0,0.0,100.0,23.0,19.0,5.6,29.0,0.0,0.8,0.0,1.0
BOS,2023-05-10,5,11,6,12,7,91.67,83.33,100.0,2.17,16.42,3.55,4.33,0.71,3.9,1.57,2.86
BOS,2023-05-10,6,40,13,42,16,97.62,92.86,62.5,5.0,20.83,7.39,8.31,2.5,5.56,2.56,14.81
BOS,2023-05-10,7,42,26,42,24,83.33,54.76,83.33,8.88,27.86,13.94,19.57,1.5,4.45,1.42,4.08
BOS,2023-05-10,8,36,26,42,26,83.33,64.29,88.46,14.81,23.95,10.45,22.74,3.19,8.05,3.73,6.65
BOS,2023-05-10,9,37,22,40,25,90.0,57.5,84.0,4.7,23.65,10.54,12.85,2.28,4.67,3.84,6.76
BOS,2023-05-10,10,24,23,26,30,76.92,73.08,83.33,8.96,18.65,5.08,12.46,2.57,2.1,2.43,8.53
BOS,2023-05-10,11,20,23,22,26,77.27,68.18,80.77,19.23,17.86,4.62,22.55,2.85,1.82,3.0,7.65
BOS,2023-05-10,12,27,30,32,32,78.13,78.13,81.25,7.38,17.69,4.82,9.88,1.75,2.29,2.66,11.78
BOS,2023-05-10,13,30,37,32,41,78.13,78.13,90.24,15.16,17.41,4.54,17.78,2.17,1.46,1.63,3.71
BOS,2023-05-10,14,27,31,35,39,80.0,74.29,84.62,9.23,19.77,6.62,13.54,1.92,3.84,2.33,9.05
BOS,2023-05-10,15,28,31,33,34,66.67,60.61,82.35,32.94,18.55,5.26,36.88,1.74,3.01,2.94,9.47
BOS,2023-05-10,16,32,33,36,37,69.44,61.11,83.78,12.06,20.83,7.7,18.28,2.95,3.52,5.49,13.35
BOS,2023-05-10,17,41,37,41,38,82.93,53.66,76.32,7.41,28.49,14.97,19.95,3.97,5.32,4.05,23.82
BOS,2023-05-10,18,32,38,33,43,72.73,60.61,88.37,25.33,20.7,7.73,31.67,3.16,2.19,3.05,6.16
BOS,2023-05-10,19,35,25,37,28,72.97,62.16,82.14,13.97,19.73,6.18,17.54,1.71,2.13,1.71,10.46
BOS,2023-05-10,20,27,28,30,30,83.33,73.33,73.33,8.57,19.73,6.3,12.9,3.03,4.65,4.57,19.13
BOS,2023-05-10,21,12,20,13,24,76.92,69.23,66.67,17.38,17.54,4.25,20.54,3.04,1.59,1.88,27.63
BOS,2023-05-10,22,9,21,13,20,100.0,100.0,65.0,1.23,17.77,4.32,4.23,1.8,2.76,2.3,22.85
BOS,2023-05-10,23,5,40,6,37,66.67,66.67,75.68,53.83,17.33,4.03,56.83,2.27,1.79,2.92,10.97
BOS,2023-05-11,0,0,7,0,7,0.0,0.0,85.71,0.0,0.0,0.0,0.0,0.0,1.76,0.71,5.14
BOS,2023-05-11,1,1,2,1,6,100.0,100.0,16.67,0.0,25.0,11.6,12.0,2.17,0.0,2.83,42.67
BOS,2023-05-11,2,0,0,3,0,66.67,33.33,0.0,15.0,23.33,9.73,24.67,0.0,0.0,0.0,0.0
BOS,2023-05-11,3,0,0,0,1,0.0,0.0,0.0,0.0,0.0,0.0,0.0,0.0,0.7,0.0,146.0
BOS,2023-05-11,4,0,2,0,4,0.0,0.0,100.0,0.0,0.0,0.0,0.0,0.0,0.55,0.0,1.75
BOS,2023-05-11,5,10,8,14,9,85.71,85.71,77.78,4.43,16.5,3.25,6.57,0.78,0.72,1.33,9.0
BOS,2023-05-11,6,41,12,41,18,85.37,78.05,55.56,9.02,21.9,8.52,15.2,3.33,5.59,5.17,16.28
BOS,2023-05-11,7,43,25,48,25,89.58,56.25,76.0,6.65,28.79,14.92,18.31,3.08,6.52,3.8,11.12
BOS,2023-05-11,8,38,26,41,29,80.49,65.85,82.76,7.68,22.29,8.9,14.66,5.76,6.09,6.76,7.14
BOS,2023-05-11,9,38,24,41,25,85.37,60.98,88.0,4.29,25.41,12.3,13.49,2.16,2.26,2.2,23.68
BOS,2023-05-11,10,26,25,32,31,81.25,81.25,80.65,7.34,18.72,5.26,11.41,2.0,2.0,2.94,5.13
BOS,2023-05-11,11,23,24,25,23,76.0,68.0,86.96,11.4,20.4,6.89,15.72,3.17,1.56,2.0,4.74
BOS,2023-05-11,12,27,29,29,32,86.21,79.31,93.75,11.38,19.03,5.99,15.59,2.97,2.17,1.03,4.34
BOS,2023-05-11,13,31,39,32,43,93.75,78.13,86.05,2.81,22.78,9.16,9.03,2.77,1.27,1.67,4.49
BOS,2023-05-11,14,29,32,32,37,78.13,50.0,89.19,15.0,24.88,11.78,25.44,1.24,2.99,1.11,5.38
BOS,2023-05-11,15,25,32,28,34,89.29,71.43,79.41,4.18,23.25,9.69,11.64,6.09,3.05,5.71,15.82
BOS,2023-05-11,16,32,33,36,37,66.67,30.56,48.65,28.97,28.06,14.73,42.36,16.46,4.96,17.35,32.11
BOS,2023-05-11,17,42,37,46,37,60.87,36.96,59.46,22.54,27.76,14.23,35.74,11.05,5.66,10.19,29.62
BOS,2023-05-11,18,38,39,39,48,58.97,30.77,68.75,27.54,24.18,10.78,37.31,6.27,8.01,9.65,18.56
BOS,2023-05-11,19,38,26,43,29,60.47,55.81,58.62,22.19,18.86,5.58,26.74,3.41,8.38,7.55,24.48
BOS,2023-05-11,20,27,24,29,26,62.07,55.17,73.08,30.9,17.9,4.77,33.62,3.46,4.79,1.69,16.54
BOS,2023-05-11,21,11,19,14,20,78.57,71.43,60.0,22.29,17.86,4.53,25.29,2.9,0.99,1.25,22.65
BOS,2023-05-11,22,7,23,11,23,81.82,81.82,60.87,9.45,15.0,2.21,9.45,1.3,2.81,3.22,35.52
BOS,2023-05-11,23,6,40,6,42,50.0,50.0,73.81,50.33,15.0,2.6,51.17,3.24,1.89,2.62,18.62
BOS,2023-05-12,0,0,7,0,7,0.0,0.0,57.14,0.0,0.0,0.0,0.0,0.0,2.46,2.43,45.29
BOS,2023-05-12,1,0,2,0,2,0.0,0.0,50.0,0.0,0.0,0.0,0.0,0.0,0.0,0.0,37.5
BOS,2023-05-12,2,0,0,0,0,0.0,0.0,0.0,0.0,0.0,0.0,0.0,0.0,0.0,0.0,0.0
BOS,2023-05-12,3,0,0,0,0,0.0,0.0,0.0,0.0,0.0,0.0,0.0,0.0,0.0,0.0,0.0
BOS,2023-05-12,4,0,2,0,4,0.0,0.0,75.0,0.0,0.0,0.0,0.0,0.0,0.2,1.0,9.0
BOS,2023-05-12,5,10,7,10,9,70.0,70.0,77.78,14.5,16.9,4.08,16.6,0.78,2.39,2.11,10.67
BOS,2023-05-12,6,41,13,42,15,88.1,83.33,66.67,14.1,19.33,5.9,17.79,2.8,6.17,3.13,14.73
BOS,2023-05-12,7,42,26,42,25,90.48,30.95,76.0,12.14,33.79,19.87,29.36,2.24,8.56,6.08,11.36
BOS,2023-05-12,8,38,28,41,29,82.93,9.76,100.0,6.2,36.1,22.55,26.83,4.83,3.21,2.03,0.76
BOS,2023-05-12,9,36,23,40,24,90.0,60.0,87.5,7.22,27.98,14.59,18.45,3.29,5.39,2.67,6.25
BOS,2023-05-12,10,26,26,30,28,73.33,73.33,92.86,33.1,17.93,4.65,35.97,6.5,1.8,3.04,2.75
BOS,2023-05-12,11,25,24,28,25,89.29,85.71,88.0,4.0,18.96,5.48,7.79,4.44,1.28,2.24,5.48
BOS,2023-05-12,12,27,30,28,32,82.14,75.0,90.63,12.36,17.93,5.05,15.75,1.81,2.06,1.69,4.97
BOS,2023-05-12,13,30,38,36,41,77.78,61.11,95.12,7.94,21.14,7.9,14.22,2.88,2.27,1.07,3.17
BOS,2023-05-12,14,28,32,34,37,70.59,58.82,86.49,15.29,21.85,8.62,21.71,1.73,3.58,2.3,10.11
BOS,2023-05-12,15,26,34,27,36,81.48,77.78,77.78,12.93,18.22,4.55,16.11,3.0,1.75,1.75,9.81
BOS,2023-05-12,16,33,34,38,35,65.79,60.53,82.86,21.03,19.11,6.35,26.34,2.34,2.76,1.91,8.49
BOS,2023-05-12,17,42,36,43,39,88.37,65.12,61.54,11.63,23.67,10.27,19.72,2.44,3.39,1.97,20.82
BOS,2023-05-12,18,38,39,40,41,65.0,55.0,80.49,20.35,21.43,8.01,26.35,2.8,3.16,1.1,11.24
BOS,2023-05-12,19,37,25,37,26,64.86,51.35,76.92,14.11,22.27,8.78,20.73,1.92,5.58,3.81,5.58
BOS,2023-05-12,20,27,26,26,31,73.08,73.08,74.19,8.38,16.96,3.82,10.46,1.35,5.99,2.32,26.68
BOS,2023-05-12,21,10,19,10,20,60.0,60.0,75.0,26.6,17.2,4.33,28.6,2.35,4.98,1.35,7.75
BOS,2023-05-12,22,9,25,12,24,100.0,100.0,83.33,2.08,12.58,0.75,1.42,0.83,5.75,2.96,12.71
BOS,2023-05-12,23,6,40,7,40,57.14,42.86,72.5,25.86,17.71,4.1,29.0,2.08,4.32,3.17,21.23
BOS,2023-05-13,0,0,6,0,7,0.0,0.0,42.86,0.0,0.0,0.0,0.0,0.0,1.79,1.57,51.14
BOS,2023-05-13,1,1,0,1,2,100.0,100.0,50.0,0.0,24.0,10.6,5.0,0.0,0.2,0.0,12.0
BOS,2023-05-13,2,0,0,0,0,0.0,0.0,0.0,0.0,0.0,0.0,0.0,0.0,0.0,0.0,0.0
BOS,2023-05-13,4,1,2,1,3,100.0,100.0,33.33,0.0,10.0,0.0,0.0,1.67,0.0,3.0,14.0
BOS,2023-05-13,5,10,5,11,7,90.91,90.91,71.43,4.27,15.82,3.25,5.64,0.29,1.54,0.0,15.29
BOS,2023-05-13,6,34,11,36,16,97.22,91.67,43.75,1.14,20.22,7.04,4.78,1.5,3.4,1.81,29.0
BOS,2023-05-13,7,34,17,33,18,87.88,72.73,83.33,5.55,23.33,9.61,12.94,11.61,3.59,4.39,11.67
BOS,2023-05-13,8,35,18,36,17,83.33,77.78,94.12,11.33,17.39,4.36,13.64,1.41,3.27,1.41,5.65
BOS,2023-05-13,9,33,19,36,20,88.89,83.33,90.0,6.31,20.69,7.25,10.17,1.45,1.9,1.1,3.2
BOS,2023-05-13,10,27,26,33,27,81.82,75.76,96.3,12.09,16.82,4.26,14.79,2.7,2.51,2.15,2.22
BOS,2023-05-13,11,22,24,25,24,88.0,72.0,91.67,7.04,23.2,10.01,13.72,2.0,2.07,3.21,21.83
BOS,2023-05-13,12,23,20,25,21,88.0,88.0,71.43,20.28,16.64,3.62,21.84,1.43,4.18,2.62,16.19
BOS,2023-05-13,13,24,29,24,31,87.5,83.33,87.1,8.42,19.33,6.41,12.96,3.48,1.25,1.13,16.13
BOS,2023-05-13,14,19,29,21,33,90.48,80.95,87.88,4.33,16.29,4.16,6.86,1.36,1.42,0.88,6.67
BOS,2023-05-13,15,29,31,33,37,81.82,78.79,83.78,9.15,16.73,3.31,11.09,2.54,2.95,3.51,8.27
BOS,2023-05-13,16,28,36,31,36,70.97,58.06,91.67,16.35,20.03,6.85,21.94,2.03,3.07,1.0,9.94
BOS,2023-05-13,17,39,29,42,30,83.33,52.38,76.67,13.52,25.57,11.97,23.79,1.17,5.4,4.47,9.57
BOS,2023-05-13,18,27,30,27,32,77.78,74.07,78.13,10.15,20.26,6.7,13.85,1.22,5.34,3.41,8.41
BOS,2023-05-13,19,18,20,20,26,80.0,80.0,80.77,10.1,18.55,5.17,14.6,1.62,2.96,0.96,10.62
BOS,2023-05-13,20,16,18,16,20,75.0,68.75,70.0,12.13,16.63,3.15,13.81,1.85,2.23,1.95,9.75
BOS,2023-05-13,21,7,14,8,14,75.0,75.0,78.57,10.25,17.5,4.13,13.75,1.43,2.93,1.29,25.64
BOS,2023-05-13,22,5,19,5,20,100.0,80.0,70.0,3.2,25.6,11.86,12.2,0.5,2.13,2.25,15.1
BOS,2023-05-13,23,5,32,5,32,80.0,60.0,78.13,14.6,14.6,1.7,15.6,1.16,2.82,2.19,12.69
BOS,2023-05-14,0,1,9,2,6,50.0,50.0,66.67,11.0,16.5,2.25,13.5,0.17,3.12,8.0,15.0
BOS,2023-05-14,1,0,2,0,0,0.0,0.0,0.0,0.0,0.0,0.0,0.0,0.0,0.0,0.0,0.0
BOS,2023-05-14,3,0,0,0,0,0.0,0.0,0.0,0.0,0.0,0.0,0.0,0.0,0.0,0.0,0.0
BOS,2023-05-14,4,0,2,0,3,0.0,0.0,100.0,0.0,0.0,0.0,0.0,0.0,1.67,0.0,0.0
BOS,2023-05-14,5,9,8,9,6,88.89,77.78,83.33,4.44,15.22,2.49,6.56,0.33,6.07,3.67,30.67
BOS,2023-05-14,6,35,12,38,10,97.37,92.11,70.0,1.79,16.45,3.46,3.89,1.9,2.38,0.8,22.3
BOS,2023-05-14,7,39,16,41,17,95.12,90.24,76.47,5.44,16.39,3.12,7.24,0.88,3.05,0.29,5.29
BOS,2023-05-14,8,31,21,33,19,87.88,81.82,94.74,6.06,16.18,3.37,8.06,2.79,2.01,3.05,2.26
BOS,2023-05-14,9,32,21,34,23,85.29,82.35,86.96,11.35,18.68,5.62,14.47,1.43,1.6,1.65,5.91
BOS,2023-05-14,10,27,24,33,28,90.91,84.85,96.43,5.24,16.33,3.62,7.24,3.0,1.51,0.75,1.79
BOS,2023-05-14,11,24,21,26,21,88.46,84.62,90.48,3.62,17.23,4.24,5.69,3.71,2.05,2.62,3.76
BOS,2023-05-14,12,28,28,30,31,83.33,80.0,87.1,6.07,18.7,5.7,10.33,1.61,1.52,0.74,5.52
BOS,2023-05-14,13,33,38,35,45,74.29,71.43,82.22,19.2,18.37,5.69,23.2,2.73,2.71,1.87,27.56
BOS,2023-05-14,14,24,33,28,41,85.71,75.0,80.49,7.25,20.93,7.54,12.43,3.17,4.82,2.76,19.95
BOS,2023-05-14,15,27,33,31,35,58.06,51.61,80.0,50.61,20.58,7.1,57.0,2.57,2.69,0.43,12.71
BOS,2023-05-14,16,31,36,35,41,80.0,77.14,85.37,12.89,21.66,8.28,19.34,2.17,3.47,2.02,22.1
BOS,2023-05-14,17,45,36,45,41,91.11,44.44,75.61,4.84,31.78,18.39,21.27,2.15,6.55,5.24,18.51
BOS,2023-05-14,18,36,39,42,44,78.57,21.43,70.45,9.33,33.38,19.81,27.36,1.82,4.41,1.91,19.45
BOS,2023-05-14,19,37,22,42,27,76.19,26.19,62.96,16.43,30.31,16.68,31.31,2.22,3.18,2.15,54.11
BOS,2023-05-14,20,25,26,29,30,55.17,51.72,83.33,37.45,18.31,4.78,41.17,1.87,2.79,1.2,8.37
BOS,2023-05-14,21,13,20,14,20,42.86,28.57,80.0,32.79,18.71,5.36,37.14,2.3,1.4,3.45,8.95
BOS,2023-05-14,22,6,23,6,23,66.67,66.67,78.26,8.33,18.83,4.87,11.33,0.65,2.1,1.17,24.78
BOS,2023-05-14,23,6,38,9,37,77.78,66.67,75.68,6.89,21.11,7.32,12.33,1.54,1.32,0.43,21.41
BOS,2023-05-15,0,0,7,0,9,0.0,0.0,66.67,0.0,0.0,0.0,0.0,0.89,0.66,0.0,33.89
BOS,2023-05-15,1,0,2,0,2,0.0,0.0,100.0,0.0,0.0,0.0,0.0,0.0,0.0,0.0,0.0
BOS,2023-05-15,2,0,0,0,0,0.0,0.0,0.0,0.0,0.0,0.0,0.0,0.0,0.0,0.0,0.0
BOS,2023-05-15,3,0,0,0,0,0.0,0.0,0.0,0.0,0.0,0.0,0.0,0.0,0.0,0.0,0.0
BOS,2023-05-15,4,0,3,0,2,0.0,0.0,100.0,0.0,0.0,0.0,0.0,0.0,0.9,0.5,0.0
BOS,2023-05-15,5,10,7,10,7,90.0,80.0,71.43,17.1,17.9,4.68,19.8,0.0,1.06,0.29,6.86
BOS,2023-05-15,6,41,13,42,13,88.1,88.1,69.23,11.71,20.83,7.42,15.76,1.08,5.59,4.38,21.31
BOS,2023-05-15,7,43,25,42,27,88.1,85.71,85.19,4.21,20.62,6.77,8.12,10.89,5.9,5.59,11.07
BOS,2023-05-15,8,39,26,44,27,84.09,68.18,81.48,6.73,23.45,10.21,14.39,4.37,2.97,1.7,10.74
BOS,2023-05-15,9,37,22,40,23,80.0,60.0,82.61,13.1,23.75,10.33,21.5,2.3,3.16,1.91,7.43
BOS,2023-05-15,10,25,26,23,34,91.3,78.26,85.29,3.78,19.43,5.95,6.96,4.56,3.08,3.35,6.85
BOS,2023-05-15,11,25,23,33,26,81.82,81.82,80.77,9.21,20.0,7.02,14.36,3.65,1.01,1.77,10.27
BOS,2023-05-15,12,26,31,27,33,92.59,88.89,87.88,3.63,20.59,7.34,8.26,2.21,1.6,1.03,7.88
BOS,2023-05-15,13,33,37,34,41,79.41,70.59,80.49,15.09,20.62,7.29,20.56,4.15,1.62,1.93,12.44
BOS,2023-05-15,14,27,32,31,36,67.74,48.39,77.78,17.48,21.74,8.7,24.9,2.17,4.03,2.36,13.39
BOS,2023-05-15,15,25,35,27,36,74.07,62.96,80.56,13.48,21.74,8.09,19.52,2.17,3.84,2.0,24.0
BOS,2023-05-15,16,33,32,36,34,77.78,52.78,88.24,24.17,22.56,9.03,31.81,2.65,3.99,2.24,3.59
BOS,2023-05-15,17,42,36,46,42,78.26,60.87,78.57,18.09,22.8,9.18,25.74,3.88,2.38,2.29,9.79
BOS,2023-05-15,18,37,38,38,40,78.95,65.79,82.5,8.08,23.39,9.77,16.26,3.17,5.95,4.45,15.15
BOS,2023-05-15,19,38,26,42,29,80.95,61.9,68.97,15.19,20.93,7.37,20.33,2.72,4.76,4.48,16.24
BOS,2023-05-15,20,26,27,28,30,78.57,75.0,73.33,20.93,17.32,4.24,23.04,2.37,2.84,0.93,17.37
BOS,2023-05-15,21,10,19,11,19,72.73,63.64,78.95,11.64,18.82,5.63,16.0,4.53,1.61,0.42,7.58
BOS,2023-05-15,22,9,25,13,23,76.92,69.23,69.57,6.15,18.92,5.4,9.77,1.39,2.37,1.35,23.35
BOS,2023-05-15,23,6,40,6,40,83.33,83.33,72.5,7.5,18.5,4.85,9.5,2.23,1.19,1.05,14.78
BOS,2023-05-16,0,0,5,0,7,0.0,0.0,28.57,0.0,0.0,0.0,0.0,0.57,1.94,1.71,22.29
BOS,2023-05-16,1,1,1,1,2,100.0,100.0,100.0,0.0,13.0,0.0,0.0,0.5,0.0,0.0,0.0
BOS,2023-05-16,2,0,0,0,0,0.0,0.0,0.0,0.0,0.0,0.0,0.0,0.0,0.0,0.0,0.0
BOS,2023-05-16,4,0,2,0,4,0.0,0.0,100.0,0.0,0.0,0.0,0.0,0.0,0.3,0.0,0.0
BOS,2023-05-16,5,10,6,13,10,76.92,61.54,80.0,6.38,19.69,6.61,11.85,0.0,0.72,0.2,73.8
BOS,2023-05-16,6,41,11,42,16,90.48,78.57,68.75,6.67,25.76,12.28,13.83,2.06,5.63,1.81,10.44
BOS,2023-05-16,7,42,26,44,26,88.64,79.55,92.31,5.23,24.59,10.68,11.95,3.85,4.37,1.46,7.0
BOS,2023-05-16,8,38,26,42,30,78.57,73.81,90.0,9.48,20.6,7.13,14.0,3.47,3.46,1.63,13.57
BOS,2023-05-16,9,38,23,40,24,85.0,80.0,79.17,11.78,19.23,6.07,15.3,2.0,3.63,2.38,6.63
BOS,2023-05-16,10,23,23,28,23,78.57,75.0,91.3,21.57,17.29,4.21,24.79,3.7,2.65,0.83,10.0
BOS,2023-05-16,11,20,23,22,25,77.27,77.27,84.0,43.36,16.32,2.99,44.95,4.96,1.8,2.28,19.36
BOS,2023-05-16,12,26,30,28,34,89.29,89.29,82.35,6.61,14.57,2.54,7.89,3.35,3.29,2.71,14.12
BOS,2023-05-16,13,33,38,35,41,85.71,82.86,87.8,11.6,18.49,5.12,14.69,3.15,2.27,1.24,9.24
BOS,2023-05-16,14,28,32,29,36,96.55,86.21,77.78,2.72,19.07,5.92,5.93,1.78,6.34,4.17,15.11
BOS,2023-05-16,15,26,32,31,34,87.1,77.42,88.24,5.06,20.19,6.71,10.13,2.26,3.2,2.09,8.18
BOS,2023-05-16,16,32,34,37,44,81.08,59.46,84.09,14.14,21.32,7.94,20.41,2.73,5.99,2.23,7.34
BOS,2023-05-16,17,41,36,45,40,73.33,60.0,85.0,18.98,21.22,7.54,25.09,3.23,5.6,2.35,5.85
BOS,2023-05-16,18,33,38,39,41,79.49,69.23,80.49,9.21,21.18,7.82,14.95,2.32,6.09,1.66,13.66
BOS,2023-05-16,19,33,24,34,30,94.12,79.41,70.0,2.47,21.82,8.19,7.18,4.3,3.44,3.47,20.37
BOS,2023-05-16,20,28,26,30,26,70.0,63.33,92.31,19.93,19.33,5.93,23.6,2.0,3.34,0.23,5.46
BOS,2023-05-16,21,12,19,13,20,69.23,61.54,85.0,10.85,15.15,1.86,11.62,3.75,1.19,0.85,18.0
BOS,2023-05-16,22,6,21,10,21,90.0,80.0,76.19,5.3,15.0,1.9,6.1,2.48,1.7,1.14,8.71
BOS,2023-05-16,23,6,39,7,40,100.0,100.0,75.0,0.57,15.57,2.41,2.86,2.58,1.06,1.43,15.58
BOS,2023-05-17,0,1,7,1,6,100.0,100.0,66.67,0.0,16.0,2.6,1.0,3.17,1.05,1.67,28.83
BOS,2023-05-17,1,0,1,0,2,0.0,0.0,50.0,0.0,0.0,0.0,0.0,3.0,0.9,2.0,13.0
BOS,2023-05-17,2,0,0,0,0,0.0,0.0,0.0,0.0,0.0,0.0,0.0,0.0,0.0,0.0,0.0
BOS,2023-05-17,3,0,0,0,1,0.0,0.0,100.0,0.0,0.0,0.0,0.0,0.0,2.7,0.0,0.0
BOS,2023-05-17,4,0,2,0,4,0.0,0.0,100.0,0.0,0.0,0.0,0.0,1.5,1.5,0.0,0.0
BOS,2023-05-17,5,11,6,13,7,76.92,76.92,71.43,8.92,15.69,2.82,10.54,0.0,1.06,0.29,17.0
BOS,2023-05-17,6,40,13,42,14,90.48,83.33,71.43,5.45,24.36,10.9,12.12,1.43,4.99,3.43,16.57
BOS,2023-05-17,7,43,26,46,22,89.13,54.35,86.36,2.89,28.98,15.07,14.63,2.77,5.72,4.36,5.64
BOS,2023-05-17,8,37,26,40,27,85.0,60.0,92.59,6.75,27.0,13.46,16.68,3.59,5.03,1.48,2.81
BOS,2023-05-17,9,37,25,38,31,89.47,78.95,70.97,3.89,24.37,10.96,11.37,3.32,1.92,1.48,22.39
BOS,2023-05-17,10,25,22,28,25,85.71,75.0,96.0,17.32,19.64,6.29,21.11,2.6,4.31,2.48,2.8
BOS,2023-05-17,11,21,25,32,27,84.38,81.25,92.59,8.56,17.56,4.58,11.72,2.96,1.8,0.56,3.85
BOS,2023-05-17,12,27,32,29,33,89.66,79.31,69.7,6.07,18.17,5.04,9.86,2.06,1.8,2.82,10.79
BOS,2023-05-17,13,33,37,38,47,78.95,71.05,87.23,8.29,19.53,6.39,13.34,3.0,3.5,1.89,5.96
BOS,2023-05-17,14,28,32,35,35,71.43,54.29,85.71,10.91,24.14,11.33,20.11,1.23,4.22,2.23,5.94
BOS,2023-05-17,15,28,32,33,36,78.79,60.61,77.78,8.58,24.73,11.09,16.73,3.14,3.56,2.92,10.06
BOS,2023-05-17,16,32,34,35,38,82.86,68.57,89.47,8.69,24.6,11.24,17.69,3.0,5.06,2.84,13.05
BOS,2023-05-17,17,41,37,44,42,90.91,52.27,78.57,5.02,28.23,14.88,17.14,3.88,2.7,3.19,11.57
BOS,2023-05-17,18,33,38,35,43,80.0,42.86,72.09,7.31,29.49,15.99,21.37,5.88,2.93,5.67,12.49
BOS,2023-05-17,19,35,26,37,32,86.49,62.16,62.5,12.0,24.27,10.68,20.08,7.06,5.14,7.06,23.97
BOS,2023-05-17,20,27,28,31,31,80.65,74.19,61.29,15.97,19.74,6.36,20.03,9.06,2.58,8.39,24.81
BOS,2023-05-17,21,13,20,16,23,62.5,56.25,69.57,43.75,18.81,5.4,48.25,3.04,1.59,3.09,14.83
BOS,2023-05-17,22,9,21,15,20,73.33,66.67,90.0,13.8,19.8,6.27,19.47,0.9,5.7,3.05,5.75
BOS,2023-05-17,23,5,40,9,40,44.44,33.33,80.0,20.67,22.11,8.36,28.11,1.48,1.98,2.28,16.3
BOS,2023-05-18,0,0,7,0,8,0.0,0.0,62.5,0.0,0.0,0.0,0.0,0.88,1.81,1.25,58.88
BOS,2023-05-18,1,1,2,1,1,100.0,100.0,100.0,0.0,16.0,2.6,3.0,0.0,0.0,0.0,12.0
BOS,2023-05-18,2,0,0,0,1,0.0,0.0,100.0,0.0,0.0,0.0,0.0,0.0,1.8,4.0,0.0
BOS,2023-05-18,3,0,0,0,0,0.0,0.0,0.0,0.0,0.0,0.0,0.0,0.0,0.0,0.0,0.0
BOS,2023-05-18,4,0,2,0,4,0.0,0.0,100.0,0.0,0.0,0.0,0.0,0.0,0.7,0.0,0.0
BOS,2023-05-18,5,10,8,11,9,100.0,100.0,88.89,1.18,15.18,2.1,2.36,1.33,1.53,1.56,2.89
BOS,2023-05-18,6,41,13,43,16,90.7,74.42,75.0,3.16,22.09,8.68,9.23,1.06,6.46,4.88,6.88
BOS,2023-05-18,7,43,24,45,26,77.78,53.33,73.08,10.87,25.76,11.93,19.64,1.46,6.4,4.88,33.54
BOS,2023-05-18,8,40,27,44,29,84.09,75.0,93.1,10.16,20.66,7.42,15.64,2.28,5.62,2.66,3.66
BOS,2023-05-18,9,39,25,44,28,90.91,70.45,89.29,6.8,24.5,11.2,15.34,3.04,2.93,3.0,5.46
BOS,2023-05-18,10,27,26,31,34,90.32,90.32,82.35,3.74,18.61,5.26,6.97,3.12,2.04,2.71,6.29
BOS,2023-05-18,11,26,25,32,26,87.5,78.13,100.0,4.72,18.63,5.83,7.81,2.62,2.17,0.92,0.96
BOS,2023-05-18,12,29,33,33,36,87.88,81.82,80.56,9.39,16.94,4.3,12.06,2.28,1.71,1.19,21.86
BOS,2023-05-18,13,33,40,36,46,80.56,66.67,91.3,16.08,19.5,6.19,20.36,4.67,2.53,1.67,5.8
BOS,2023-05-18,14,29,36,36,38,75.0,66.67,73.68,9.11,17.58,4.78,12.03,3.61,3.46,4.03,15.79
BOS,2023-05-18,15,27,32,31,34,77.42,70.97,82.35,25.58,17.42,4.69,28.74,4.03,3.07,2.74,10.32
BOS,2023-05-18,16,34,34,38,39,73.68,65.79,92.31,10.87,18.71,5.53,15.24,3.97,1.85,2.9,4.46
BOS,2023-05-18,17,41,39,45,44,80.0,48.89,52.27,9.2,26.71,13.09,21.0,5.02,2.82,5.32,27.52
BOS,2023-05-18,18,40,38,45,50,60.0,44.44,56.0,30.76,25.16,11.6,40.98,5.12,4.63,7.86,23.7
BOS,2023-05-18,19,38,27,43,34,58.14,32.56,61.76,21.37,23.37,9.76,30.21,3.5,6.45,6.97,14.0
BOS,2023-05-18,20,27,24,29,26,68.97,51.72,57.69,12.97,21.1,7.69,18.83,2.15,4.09,1.85,42.5
BOS,2023-05-18,21,11,20,12,21,66.67,66.67,90.48,41.25,14.58,1.75,41.5,2.9,3.44,0.9,2.52
BOS,2023-05-18,22,7,23,11,24,81.82,81.82,62.5,4.91,15.0,2.38,4.91,1.83,2.47,1.71,33.92
BOS,2023-05-18,23,7,40,8,43,87.5,75.0,65.12,7.13,17.0,4.19,9.88,4.14,1.21,3.44,20.09
BOS,2023-05-19,0,0,7,0,7,0.0,0.0,57.14,0.0,0.0,0.0,0.0,1.86,1.04,4.57,18.29
BOS,2023-05-19,1,0,2,0,2,0.0,0.0,50.0,0.0,0.0,0.0,0.0,0.0,0.2,0.0,13.5
BOS,2023-05-19,2,0,0,0,0,0.0,0.0,0.0,0.0,0.0,0.0,0.0,0.0,0.0,0.0,0.0
BOS,2023-05-19,3,0,0,0,0,0.0,0.0,0.0,0.0,0.0,0.0,0.0,0.0,0.0,0.0,0.0
BOS,2023-05-19,4,0,2,0,5,0.0,0.0,80.0,0.0,0.0,0.0,0.0,0.0,2.16,5.0,7.2
BOS,2023-05-19,5,10,7,11,8,100.0,100.0,87.5,0.82,13.55,1.67,0.82,0.0,1.69,0.5,4.88
BOS,2023-05-19,6,41,14,42,16,95.24,80.95,62.5,6.93,20.29,7.0,11.69,0.88,8.24,2.44,15.0
BOS,2023-05-19,7,42,25,44,24,86.36,77.27,87.5,4.59,22.43,8.64,10.77,2.33,4.11,2.63,12.13
BOS,2023-05-19,8,38,27,44,27,79.55,72.73,100.0,13.32,18.09,5.01,17.0,2.74,2.68,1.48,1.37
BOS,2023-05-19,9,34,24,38,27,81.58,73.68,85.19,16.55,19.26,6.23,20.61,3.19,4.26,3.07,5.44
BOS,2023-05-19,10,26,26,30,29,83.33,80.0,93.1,6.47,15.83,2.65,8.4,3.72,2.02,2.07,5.34
BOS,2023-05-19,11,27,23,31,24,83.87,80.65,83.33,13.65,20.06,6.72,17.74,6.0,2.23,2.67,13.96
BOS,2023-05-19,12,26,31,31,33,87.1,77.42,81.82,7.94,20.32,7.25,12.23,4.06,2.01,2.97,7.7
BOS,2023-05-19,13,31,38,33,38,81.82,72.73,86.84,6.91,19.97,6.61,11.58,3.74,2.25,0.63,5.16
BOS,2023-05-19,14,29,32,35,41,80.0,74.29,82.93,7.29,20.46,7.43,12.4,2.34,4.94,3.34,7.44
BOS,2023-05-19,15,28,33,26,35,88.46,73.08,80.0,5.92,17.85,4.49,9.0,2.69,2.56,2.69,9.49
BOS,2023-05-19,16,33,35,38,45,78.95,65.79,82.22,14.11,20.39,7.56,20.66,2.62,3.27,3.04,11.89
BOS,2023-05-19,17,42,38,44,36,81.82,43.18,66.67,14.91,27.64,14.03,26.75,3.97,3.88,2.67,16.53
BOS,2023-05-19,18,37,38,37,47,78.38,35.14,65.96,13.46,30.27,16.68,27.51,4.51,3.91,3.81,13.02
BOS,2023-05-19,19,37,27,40,29,67.5,57.5,72.41,13.45,23.52,9.89,21.02,3.66,4.15,1.72,22.38
BOS,2023-05-19,20,27,26,27,28,77.78,74.07,67.86,12.48,18.3,4.9,15.19,2.0,4.9,3.0,19.32
BOS,2023-05-19,21,11,19,11,20,63.64,63.64,80.0,16.18,17.18,4.2,19.55,3.55,3.05,2.0,13.45
BOS,2023-05-19,22,9,25,13,24,92.31,92.31,79.17,6.38,13.69,1.06,6.62,1.58,1.44,0.96,21.88
BOS,2023-05-19,23,6,40,9,40,66.67,66.67,80.0,21.0,14.67,1.27,21.22,3.08,1.76,1.77,34.6
BOS,2023-05-20,0,0,6,1,7,100.0,100.0,57.14,0.0,13.0,0.0,0.0,2.14,3.61,5.71,16.86
BOS,2023-05-20,1,1,0,1,2,100.0,100.0,50.0,0.0,15.0,1.6,0.0,0.0,0.2,0.0,24.5
BOS,2023-05-20,2,0,0,0,0,0.0,0.0,0.0,0.0,0.0,0.0,0.0,0.0,0.0,0.0,0.0
BOS,2023-05-20,3,0,0,0,0,0.0,0.0,0.0,0.0,0.0,0.0,0.0,0.0,0.0,0.0,0.0
BOS,2023-05-20,4,1,2,1,2,0.0,0.0,50.0,26.0,14.0,0.3,26.0,0.0,0.4,1.5,27.5
BOS,2023-05-20,5,10,6,10,7,100.0,100.0,85.71,0.7,13.7,1.56,1.5,0.0,3.9,0.14,5.14
BOS,2023-05-20,6,34,12,36,13,88.89,86.11,61.54,12.0,16.89,3.74,14.11,0.77,7.27,4.23,24.46
BOS,2023-05-20,7,34,16,35,19,88.57,82.86,78.95,6.4,18.8,5.32,9.83,13.16,1.74,3.74,9.16
BOS,2023-05-20,8,36,18,41,19,75.61,73.17,84.21,16.1,16.88,3.68,18.46,3.53,2.44,3.32,5.21
BOS,2023-05-20,9,32,19,38,23,73.68,71.05,82.61,22.66,15.71,2.86,24.21,1.96,4.38,4.61,6.7
BOS,2023-05-20,10,27,26,32,29,75.0,75.0,93.1,14.69,16.06,3.11,16.63,3.48,1.91,1.97,4.93
BOS,2023-05-20,11,23,24,24,24,83.33,79.17,83.33,7.92,17.17,3.8,9.96,3.83,1.31,3.17,24.42
BOS,2023-05-20,12,23,20,26,24,73.08,65.38,75.0,24.38,17.77,4.58,27.81,3.96,4.39,4.96,61.33
BOS,2023-05-20,13,23,29,26,26,65.38,61.54,88.46,36.08,17.69,5.42,41.12,5.96,1.87,0.73,7.19
BOS,2023-05-20,14,19,31,23,38,82.61,73.91,81.58,8.74,20.61,7.94,14.78,7.95,3.1,8.61,14.58
BOS,2023-05-20,15,30,30,32,34,81.25,71.88,67.65,17.19,18.94,5.49,22.09,9.65,4.06,8.29,22.21
BOS,2023-05-20,16,29,36,31,38,61.29,51.61,71.05,21.58,19.39,5.86,26.81,9.32,3.52,5.76,16.61
BOS,2023-05-20,17,38,30,37,31,62.16,54.05,67.74,15.68,20.43,6.85,21.14,7.52,3.5,4.81,39.35
BOS,2023-05-20,18,28,28,32,30,65.63,62.5,56.67,25.66,17.09,3.97,28.78,4.8,3.11,5.3,41.3
BOS,2023-05-20,19,18,22,19,26,73.68,73.68,69.23,24.74,15.42,2.61,26.37,2.62,2.84,3.69,22.77
BOS,2023-05-20,20,16,18,16,20,62.5,56.25,70.0,34.69,17.25,4.07,37.13,1.25,9.2,5.6,14.45
BOS,2023-05-20,21,9,15,8,15,25.0,37.5,80.0,28.13,17.38,4.29,32.13,3.07,1.51,1.8,24.93
BOS,2023-05-20,22,4,19,4,21,50.0,50.0,61.9,46.5,14.75,2.05,48.0,2.38,3.15,3.95,39.71
BOS,2023-05-20,23,7,32,11,33,27.27,18.18,60.61,42.0,16.73,3.64,44.91,2.03,4.13,1.33,21.06
BOS,2023-05-21,0,1,9,1,6,100.0,100.0,66.67,1.0,17.0,3.6,5.0,2.5,4.12,4.67,10.5
BOS,2023-05-21,1,0,2,0,0,0.0,0.0,0.0,0.0,0.0,0.0,0.0,0.0,0.0,0.0,0.0
BOS,2023-05-21,3,0,0,0,0,0.0,0.0,0.0,0.0,0.0,0.0,0.0,0.0,0.0,0.0,0.0
BOS,2023-05-21,4,0,2,0,2,0.0,0.0,100.0,0.0,0.0,0.0,0.0,2.0,0.9,3.5,2.0
BOS,2023-05-21,5,9,8,10,8,90.0,90.0,62.5,10.8,14.8,1.91,11.7,0.38,2.23,0.63,34.88
BOS,2023-05-21,6,35,12,37,11,91.89,89.19,90.91,3.32,17.57,4.26,6.05,1.0,2.63,1.36,1.45
BOS,2023-05-21,7,40,16,38,15,89.47,78.95,86.67,4.16,22.29,8.42,9.63,3.27,1.45,0.8,25.13
BOS,2023-05-21,8,32,24,31,22,83.87,80.65,86.36,7.35,19.71,6.59,11.35,1.82,1.09,1.23,4.32
BOS,2023-05-21,9,34,20,33,21,84.85,84.85,80.95,8.0,19.33,6.13,11.73,3.48,3.46,5.1,16.81
BOS,2023-05-21,10,29,26,33,31,90.91,78.79,93.55,5.42,17.52,4.7,8.45,2.16,2.17,0.35,1.84
BOS,2023-05-21,11,26,23,31,24,83.87,77.42,75.0,5.94,17.9,4.92,8.48,4.21,2.14,2.21,18.58
BOS,2023-05-21,12,29,31,31,30,70.97,67.74,90.0,15.13,17.65,4.71,18.48,1.73,1.01,1.07,2.93
BOS,2023-05-21,13,35,39,40,50,80.0,75.0,84.0,11.95,20.48,7.37,16.98,2.86,1.65,1.68,12.88
BOS,2023-05-21,14,24,35,29,37,82.76,75.86,89.19,12.48,17.52,4.78,15.31,1.65,3.1,1.68,4.68
BOS,2023-05-21,15,28,34,32,41,75.0,68.75,78.05,10.38,18.59,5.19,14.31,2.39,6.35,5.61,9.27
BOS,2023-05-21,16,33,36,44,44,77.27,56.82,79.55,12.61,24.14,10.8,22.45,3.32,3.9,3.11,10.32
BOS,2023-05-21,17,43,37,44,41,72.73,50.0,78.05,16.75,23.27,9.91,25.18,3.8,3.99,3.29,10.22
BOS,2023-05-21,18,37,38,38,44,68.42,47.37,86.36,14.16,23.05,9.74,23.11,3.16,3.73,2.18,9.09
BOS,2023-05-21,19,37,24,40,25,75.0,57.5,84.0,15.0,25.13,11.48,24.73,1.68,6.3,2.32,8.32
BOS,2023-05-21,20,25,27,26,31,84.62,80.77,80.65,14.85,20.27,6.9,19.65,2.1,5.03,2.39,16.03
BOS,2023-05-21,21,14,21,14,21,57.14,57.14,66.67,15.5,18.5,5.24,19.29,2.62,1.26,2.67,26.76
BOS,2023-05-21,22,6,23,6,24,100.0,100.0,83.33,0.0,18.67,4.7,2.17,1.38,2.4,0.96,12.71
BOS,2023-05-21,23,7,38,10,39,70.0,60.0,82.05,16.5,17.0,3.56,19.0,3.92,0.96,4.13,14.0
BOS,2023-05-22,0,0,7,1,9,100.0,100.0,88.89,0.0,14.0,0.6,1.0,0.44,2.01,2.22,6.44
BOS,2023-05-22,1,0,2,0,2,0.0,0.0,100.0,0.0,0.0,0.0,0.0,0.0,0.0,0.0,0.0
BOS,2023-05-22,2,0,0,0,1,0.0,0.0,100.0,0.0,0.0,0.0,0.0,0.0,1.7,0.0,0.0
BOS,2023-05-22,3,0,0,1,2,100.0,100.0,50.0,0.0,26.0,12.6,13.0,3.0,4.25,7.0,20.0
BOS,2023-05-22,4,0,3,0,3,0.0,0.0,66.67,0.0,0.0,0.0,0.0,0.33,2.0,2.33,24.67
BOS,2023-05-22,5,10,7,14,7,71.43,71.43,42.86,11.86,15.93,3.04,13.57,0.0,5.44,7.43,35.14
BOS,2023-05-22,6,41,13,42,15,92.86,83.33,60.0,2.07,20.67,7.3,6.45,3.47,7.59,9.6,21.73
BOS,2023-05-22,7,46,24,48,25,87.5,77.08,100.0,6.48,19.08,5.5,9.88,10.36,5.33,1.6,1.44
BOS,2023-05-22,8,37,26,41,30,90.24,85.37,86.67,6.8,16.32,3.62,8.88,3.53,5.74,4.53,5.83
BOS,2023-05-22,9,36,26,37,29,78.38,78.38,79.31,7.97,14.3,2.05,9.22,2.24,5.74,3.45,8.76
BOS,2023-05-22,10,27,27,30,31,66.67,66.67,87.1,14.47,15.47,2.46,16.53,1.32,2.43,0.71,10.87
BOS,2023-05-22,11,27,22,34,29,82.35,79.41,65.52,9.47,16.06,3.49,11.5,2.86,5.28,4.93,10.21
BOS,2023-05-22,12,25,31,32,36,65.63,56.25,88.89,11.13,15.47,2.73,13.22,2.67,3.34,2.25,6.5
BOS,2023-05-22,13,34,39,39,44,79.49,76.92,86.36,8.51,16.41,3.63,10.82,2.57,3.93,1.25,10.91
BOS,2023-05-22,14,27,33,32,38,81.25,71.88,81.58,7.25,17.75,5.36,11.72,1.37,4.17,1.79,12.21
BOS,2023-05-22,15,26,34,30,40,73.33,66.67,85.0,19.9,16.6,3.15,22.03,2.13,4.64,2.2,5.03
BOS,2023-05-22,16,35,33,37,41,75.68,67.57,68.29,18.51,20.38,7.53,24.35,2.46,6.12,3.85,12.41
BOS,2023-05-22,17,41,37,49,42,69.39,51.02,73.81,11.14,22.31,9.45,18.9,2.98,6.72,3.55,19.14
BOS,2023-05-22,18,38,37,43,41,76.74,55.81,75.61,20.37,23.12,10.09,28.81,2.56,5.55,2.49,18.29
BOS,2023-05-22,19,38,28,40,29,70.0,67.5,79.31,23.45,17.73,4.6,26.35,2.03,4.53,3.41,15.21
BOS,2023-05-22,20,26,27,27,28,66.67,62.96,78.57,55.48,14.56,1.8,56.04,1.96,4.51,1.21,14.46
BOS,2023-05-22,21,11,20,12,23,66.67,66.67,73.91,27.25,15.42,2.3,28.33,1.35,3.22,3.91,15.3
BOS,2023-05-22,22,9,25,14,27,92.86,78.57,70.37,3.93,15.5,2.89,5.93,2.11,4.08,2.78,18.48
BOS,2023-05-22,23,7,40,6,40,100.0,100.0,60.0,0.5,17.33,3.55,1.83,2.55,3.69,3.08,21.4
BOS,2023-05-23,0,0,6,0,7,0.0,0.0,71.43,0.0,0.0,0.0,0.0,1.0,1.5,0.0,24.43
BOS,2023-05-23,1,1,1,1,2,100.0,100.0,50.0,0.0,17.0,3.6,0.0,3.5,1.7,0.0,9.0
BOS,2023-05-23,2,0,0,0,0,0.0,0.0,0.0,0.0,0.0,0.0,0.0,0.0,0.0,0.0,0.0
BOS,2023-05-23,4,0,2,0,4,0.0,0.0,75.0,0.0,0.0,0.0,0.0,0.75,0.3,1.25,6.75
BOS,2023-05-23,5,10,7,11,10,81.82,72.73,80.0,7.27,14.0,2.12,8.55,1.5,4.32,4.3,23.8
BOS,2023-05-23,6,41,11,44,17,90.91,86.36,52.94,4.18,19.5,6.17,7.86,2.41,5.51,5.65,19.71
BOS,2023-05-23,7,42,25,48,27,81.25,79.17,85.19,15.6,16.63,3.02,17.15,1.74,4.1,2.89,6.59
BOS,2023-05-23,8,37,27,44,34,84.09,81.82,79.41,14.18,17.45,4.65,16.68,2.59,4.32,3.18,10.65
BOS,2023-05-23,9,38,22,42,23,73.81,73.81,78.26,7.07,17.67,4.9,9.9,2.13,4.93,1.91,6.57
BOS,2023-05-23,10,23,23,28,32,82.14,82.14,87.5,9.36,14.39,1.4,9.86,2.28,3.8,3.47,14.41
BOS,2023-05-23,11,21,22,24,20,75.0,75.0,95.0,9.04,14.25,1.65,10.04,3.2,4.63,2.05,4.1
BOS,2023-05-23,12,25,30,28,35,89.29,85.71,88.57,4.57,13.89,1.89,5.61,1.11,2.6,1.4,5.69
BOS,2023-05-23,13,33,38,31,42,87.1,83.87,85.71,6.45,15.1,3.01,8.23,1.98,2.95,2.17,5.12
BOS,2023-05-23,14,28,33,34,42,85.29,82.35,69.05,6.91,14.18,2.44,8.03,2.81,4.42,4.29,11.0
BOS,2023-05-23,15,27,30,30,41,86.67,73.33,75.61,5.47,18.13,4.71,8.67,2.85,4.64,3.17,11.8
BOS,2023-05-23,16,33,34,45,38,73.33,73.33,84.21,12.47,17.53,4.28,15.2,2.74,5.09,3.45,9.26
BOS,2023-05-23,17,40,37,45,42,80.0,75.56,83.33,12.0,17.84,4.66,14.98,2.93,4.63,2.36,8.6
BOS,2023-05-23,18,34,37,39,40,79.49,71.79,80.0,11.82,16.77,3.88,14.77,1.25,5.64,3.15,12.68
BOS,2023-05-23,19,33,26,37,30,81.08,83.78,76.67,6.08,16.62,3.77,7.92,1.4,4.72,3.63,11.33
BOS,2023-05-23,20,27,25,30,24,70.0,63.33,100.0,15.43,16.63,3.98,18.7,1.0,4.93,0.54,2.13
BOS,2023-05-23,21,12,20,12,20,91.67,91.67,80.0,22.67,18.5,5.1,26.17,3.15,1.63,2.2,10.65
BOS,2023-05-23,22,6,20,10,21,90.0,90.0,90.48,4.9,15.6,2.05,5.0,2.57,1.62,2.1,3.52
BOS,2023-05-23,23,7,39,7,39,85.71,85.71,66.67,4.57,14.14,1.81,5.86,19.21,1.11,21.67,34.62
BOS,2023-05-24,0,1,7,1,7,100.0,100.0,57.14,0.0,11.0,0.0,0.0,0.71,2.14,4.14,21.43
BOS,2023-05-24,1,0,1,0,1,0.0,0.0,0.0,0.0,0.0,0.0,0.0,0.0,0.0,4.0,51.0
BOS,2023-05-24,2,0,0,0,0,0.0,0.0,0.0,0.0,0.0,0.0,0.0,0.0,0.0,0.0,0.0
BOS,2023-05-24,3,0,0,1,0,0.0,0.0,0.0,169.0,14.0,0.3,169.0,0.0,0.0,0.0,0.0
BOS,2023-05-24,4,0,2,0,5,0.0,0.0,60.0,0.0,0.0,0.0,0.0,0.0,1.48,3.6,27.4
BOS,2023-05-24,5,11,7,14,8,100.0,100.0,75.0,0.36,12.43,0.48,0.14,0.63,2.85,5.63,14.5
BOS,2023-05-24,6,40,13,42,15,95.24,83.33,60.0,3.62,21.67,8.39,8.6,0.73,4.66,6.0,16.4
BOS,2023-05-24,7,42,25,44,24,93.18,72.73,87.5,2.55,25.18,11.3,10.66,2.17,5.32,3.25,7.25
BOS,2023-05-24,8,37,26,41,33,87.8,82.93,78.79,14.39,21.76,8.39,18.76,5.15,2.25,3.7,17.67
BOS,2023-05-24,9,36,23,38,24,89.47,86.84,87.5,8.08,18.16,5.09,10.68,3.25,3.61,3.13,8.0
BOS,2023-05-24,10,24,23,29,27,89.66,89.66,92.59,4.1,17.62,4.49,6.79,2.81,1.8,2.44,3.48
BOS,2023-05-24,11,21,23,25,32,80.0,76.0,78.13,7.28,15.12,2.39,8.72,3.13,1.97,2.59,9.44
BOS,2023-05-24,12,26,31,30,38,83.33,83.33,68.42,8.83,14.7,2.66,10.63,2.16,3.54,2.32,10.16
BOS,2023-05-24,13,32,37,37,43,81.08,78.38,93.02,6.84,17.86,4.88,10.57,2.53,3.83,1.6,5.12
BOS,2023-05-24,14,27,32,36,35,77.78,80.56,82.86,14.75,15.61,3.3,17.03,1.77,3.92,3.6,11.37
BOS,2023-05-24,15,28,31,36,36,72.22,61.11,80.56,12.17,19.56,6.41,18.03,2.14,3.94,4.33,7.58
BOS,2023-05-24,16,33,33,39,39,69.23,43.59,84.62,16.18,26.77,13.18,27.79,4.0,3.62,3.72,7.23
BOS,2023-05-24,17,39,38,44,37,79.55,40.91,78.38,9.11,35.89,22.25,29.5,2.46,5.45,6.19,28.41
BOS,2023-05-24,18,34,37,35,42,74.29,28.57,76.19,19.11,32.34,18.77,35.46,4.31,5.83,4.55,12.17
BOS,2023-05-24,19,35,27,36,33,58.33,41.67,66.67,20.83,25.11,11.55,30.25,3.33,7.35,9.42,23.33
BOS,2023-05-24,20,27,28,29,32,62.07,55.17,71.88,22.86,19.72,6.31,27.86,8.47,7.37,10.41,40.22
BOS,2023-05-24,21,13,20,13,22,53.85,46.15,77.27,89.46,19.38,5.77,94.46,3.27,2.32,1.36,8.45
BOS,2023-05-24,22,9,21,15,23,93.33,80.0,60.87,3.67,18.4,5.53,6.93,2.57,4.24,3.7,21.52
BOS,2023-05-24,23,5,40,6,41,16.67,16.67,51.22,26.83,19.83,6.47,33.33,2.24,2.47,2.9,28.39
BOS,2023-05-25,0,0,7,1,8,100.0,100.0,50.0,0.0,13.0,0.0,0.0,0.25,2.0,0.75,63.38
BOS,2023-05-25,1,1,2,1,1,100.0,0.0,100.0,0.0,29.0,15.6,16.0,0.0,0.0,0.0,0.0
BOS,2023-05-25,2,0,0,0,0,0.0,0.0,0.0,0.0,0.0,0.0,0.0,0.0,0.0,0.0,0.0
BOS,2023-05-25,3,0,0,1,0,100.0,100.0,0.0,0.0,11.0,0.0,0.0,0.0,0.0,0.0,0.0
BOS,2023-05-25,4,0,2,1,4,0.0,0.0,100.0,37.0,15.0,1.6,39.0,0.0,1.45,1.5,4.25
BOS,2023-05-25,5,10,7,12,9,83.33,83.33,77.78,5.75,12.08,0.88,6.17,0.0,2.38,3.33,10.56
BOS,2023-05-25,6,41,13,42,17,95.24,88.1,76.47,1.69,17.55,4.38,3.98,2.29,5.09,7.53,16.41
BOS,2023-05-25,7,43,24,45,29,88.89,82.22,86.21,14.89,19.98,6.43,18.69,2.1,5.73,2.93,5.97
BOS,2023-05-25,8,38,27,46,26,82.61,73.91,84.62,11.46,16.91,4.44,14.11,2.96,4.77,1.65,15.65
BOS,2023-05-25,9,38,24,42,28,85.71,83.33,75.0,19.17,17.98,5.05,22.1,2.04,5.18,2.68,12.0
BOS,2023-05-25,10,26,26,31,29,61.29,58.06,96.55,21.35,16.9,3.97,24.81,1.69,3.86,2.41,2.1
BOS,2023-05-25,11,27,23,29,29,93.1,89.66,89.66,15.62,16.66,3.85,17.9,4.0,4.45,3.28,7.0
BOS,2023-05-25,12,27,31,34,32,82.35,76.47,84.38,13.03,15.21,2.9,15.06,1.41,3.31,0.38,4.13
BOS,2023-05-25,13,33,41,34,43,76.47,64.71,83.72,19.38,18.65,5.68,23.76,3.05,4.07,1.58,7.12
BOS,2023-05-25,14,30,33,33,40,69.7,66.67,85.0,11.7,16.64,4.02,14.88,2.45,5.53,4.97,23.45
BOS,2023-05-25,15,26,31,33,40,81.82,75.76,77.5,10.48,16.97,3.82,13.64,3.88,4.96,5.68,13.8
BOS,2023-05-25,16,34,33,41,38,70.73,58.54,84.21,32.68,18.78,5.68,37.68,4.18,5.27,3.18,12.74
BOS,2023-05-25,17,41,38,44,42,75.0,68.18,78.57,18.45,18.34,5.08,21.98,3.36,6.06,4.43,15.64
BOS,2023-05-25,18,40,38,40,43,82.5,72.5,72.09,14.8,17.58,4.89,18.13,1.44,5.69,3.23,21.77
BOS,2023-05-25,19,37,27,39,32,69.23,66.67,68.75,18.79,16.59,3.79,21.62,2.16,4.7,4.72,16.56
BOS,2023-05-25,20,27,24,30,26,56.67,53.33,65.38,43.73,14.7,1.96,44.7,2.04,3.33,1.65,18.35
BOS,2023-05-25,21,11,20,13,21,84.62,69.23,80.95,11.69,18.62,5.21,15.85,3.62,2.36,1.67,7.86
BOS,2023-05-25,22,7,23,13,23,92.31,84.62,60.87,2.15,17.23,3.98,3.92,0.83,2.46,3.0,42.04
BOS,2023-05-25,23,7,40,12,39,75.0,66.67,71.79,13.42,18.17,4.57,17.42,2.26,1.6,3.97,15.38
BOS,2023-05-26,0,0,7,0,7,0.0,0.0,57.14,0.0,0.0,0.0,0.0,0.71,5.33,3.86,14.71
BOS,2023-05-26,1,0,2,0,2,0.0,0.0,50.0,0.0,0.0,0.0,0.0,6.0,0.0,13.5,58.5
BOS,2023-05-26,2,0,0,0,0,0.0,0.0,0.0,0.0,0.0,0.0,0.0,0.0,0.0,0.0,0.0
BOS,2023-05-26,3,0,0,0,0,0.0,0.0,0.0,0.0,0.0,0.0,0.0,0.0,0.0,0.0,0.0
BOS,2023-05-26,4,0,2,0,4,0.0,0.0,100.0,0.0,0.0,0.0,0.0,0.25,0.0,1.0,0.25
BOS,2023-05-26,5,10,7,11,8,81.82,72.73,75.0,5.09,17.0,3.73,7.91,1.75,1.61,13.13,15.63
BOS,2023-05-26,6,41,14,43,18,90.7,83.72,44.44,14.26,20.3,6.9,18.07,1.56,4.06,11.89,22.0
BOS,2023-05-26,7,42,25,44,23,70.45,59.09,73.91,18.07,23.05,9.28,25.43,1.83,5.72,4.74,23.39
BOS,2023-05-26,8,38,28,41,32,80.49,46.34,84.38,20.59,25.61,12.23,30.1,3.59,4.39,3.72,5.75
BOS,2023-05-26,9,37,24,42,29,78.57,69.05,82.76,12.76,21.55,8.23,19.1,1.9,3.21,2.97,11.69
BOS,2023-05-26,10,27,28,34,29,76.47,76.47,89.66,9.29,15.79,3.16,11.18,3.86,2.09,2.69,8.24
BOS,2023-05-26,11,26,24,28,27,78.57,71.43,85.19,20.82,17.71,5.35,24.75,4.44,3.47,6.22,7.67
BOS,2023-05-26,12,27,32,29,36,79.31,79.31,91.67,20.07,14.31,1.8,20.59,2.19,3.07,1.28,11.58
BOS,2023-05-26,13,31,37,35,43,77.14,77.14,79.07,25.46,16.03,3.06,27.63,2.19,3.95,3.63,7.33
BOS,2023-05-26,14,29,35,37,38,72.97,67.57,76.32,12.3,13.7,1.55,13.11,1.37,4.24,4.61,12.53
BOS,2023-05-26,15,28,32,27,37,74.07,74.07,81.08,13.26,14.89,2.71,14.96,2.16,4.17,3.14,16.84
BOS,2023-05-26,16,34,33,37,37,78.38,70.27,72.97,25.43,16.57,3.83,28.16,3.24,4.23,5.57,20.92
BOS,2023-05-26,17,42,37,45,39,64.44,60.0,61.54,16.82,16.6,3.39,19.6,3.05,5.94,6.69,30.69
BOS,2023-05-26,18,38,38,36,39,50.0,47.22,71.79,42.64,17.67,5.16,47.08,2.44,5.96,2.62,25.08
BOS,2023-05-26,19,37,27,39,27,74.36,69.23,62.96,18.18,17.33,4.13,21.41,3.04,3.37,5.96,19.7
BOS,2023-05-26,20,27,26,28,30,57.14,28.57,60.0,20.32,20.07,6.86,26.21,4.37,3.95,4.03,30.17
BOS,2023-05-26,21,11,20,11,21,45.45,45.45,47.62,43.55,14.82,2.36,43.64,14.0,3.17,16.86,30.52
BOS,2023-05-26,22,9,25,11,24,72.73,72.73,70.83,12.45,13.64,1.43,12.55,9.5,1.54,9.42,19.17
BOS,2023-05-26,23,7,40,9,41,66.67,66.67,36.59,35.44,14.0,1.29,36.11,6.41,1.24,9.9,40.66
BOS,2023-05-27,0,0,5,0,8,0.0,0.0,37.5,0.0,0.0,0.0,0.0,3.25,1.0,7.75,107.38
BOS,2023-05-27,1,1,0,1,2,100.0,100.0,50.0,0.0,13.0,0.0,0.0,0.5,0.3,10.5,85.0
BOS,2023-05-27,2,0,0,0,0,0.0,0.0,0.0,0.0,0.0,0.0,0.0,0.0,0.0,0.0,0.0
BOS,2023-05-27,3,0,0,0,0,0.0,0.0,0.0,0.0,0.0,0.0,0.0,0.0,0.0,0.0,0.0
BOS,2023-05-27,4,1,2,2,2,50.0,50.0,0.0,9.5,13.0,0.0,9.0,1.5,0.0,10.0,55.5
BOS,2023-05-27,5,10,5,10,7,100.0,100.0,71.43,2.3,15.7,3.39,3.5,1.57,2.64,9.43,10.29
BOS,2023-05-27,6,35,12,36,14,91.67,80.56,50.0,4.89,18.06,5.0,8.14,0.86,4.32,15.07,29.79
BOS,2023-05-27,7,34,14,34,20,97.06,94.12,80.0,2.71,18.44,5.18,5.71,11.55,1.97,4.55,10.5
BOS,2023-05-27,8,35,18,38,16,73.68,68.42,81.25,20.13,17.26,4.03,22.21,2.38,2.73,3.25,11.06
BOS,2023-05-27,9,34,19,36,20,88.89,86.11,95.0,5.36,17.69,4.62,7.81,1.8,2.43,1.9,1.55
BOS,2023-05-27,10,28,27,29,30,89.66,89.66,100.0,4.31,14.31,1.66,5.14,3.17,2.4,2.0,1.57
BOS,2023-05-27,11,23,25,24,25,87.5,83.33,92.0,8.96,15.33,2.5,10.29,2.84,1.46,1.52,3.96
BOS,2023-05-27,12,23,20,23,23,91.3,86.96,82.61,2.91,14.48,1.88,3.78,3.13,1.92,1.78,6.09
BOS,2023-05-27,13,23,31,25,30,88.0,88.0,96.67,4.92,14.32,1.82,5.92,3.57,2.84,1.5,2.67
BOS,2023-05-27,14,22,30,26,33,80.77,69.23,87.88,12.85,14.88,2.63,14.5,1.42,3.65,2.61,6.94
BOS,2023-05-27,15,23,32,22,34,81.82,77.27,88.24,8.68,15.27,2.64,10.27,1.59,3.76,2.32,4.53
BOS,2023-05-27,16,31,36,31,36,83.87,83.87,88.89,7.45,15.26,2.36,8.9,1.67,4.09,3.44,5.17
BOS,2023-05-27,17,36,31,39,32,94.87,87.18,90.63,2.31,15.92,3.19,4.23,2.25,5.06,2.66,4.16
BOS,2023-05-27,18,29,27,29,27,82.76,79.31,74.07,6.34,15.72,3.34,8.69,2.33,3.25,1.04,15.11
BOS,2023-05-27,19,16,21,17,25,94.12,94.12,84.0,3.53,15.71,2.35,5.12,1.52,3.16,2.24,11.56
BOS,2023-05-27,20,13,16,13,16,69.23,61.54,93.75,14.0,15.62,3.19,16.54,1.06,2.06,1.75,2.25
BOS,2023-05-27,21,7,13,7,12,85.71,85.71,83.33,4.29,13.86,1.69,5.43,4.83,6.23,4.92,6.08
BOS,2023-05-27,22,4,17,7,17,71.43,71.43,82.35,18.71,16.43,3.69,21.71,1.59,1.46,1.41,7.71
BOS,2023-05-27,23,7,30,7,32,57.14,57.14,68.75,35.0,14.43,1.37,35.86,6.28,0.81,9.41,26.94
BOS,2023-05-28,0,1,9,1,5,100.0,100.0,40.0,0.0,12.0,0.0,0.0,0.4,0.56,1.6,24.2
BOS,2023-05-28,1,0,2,0,0,0.0,0.0,0.0,0.0,0.0,0.0,0.0,0.0,0.0,0.0,0.0
BOS,2023-05-28,2,0,0,0,0,0.0,0.0,0.0,0.0,0.0,0.0,0.0,0.0,0.0,0.0,0.0
BOS,2023-05-28,4,0,2,0,3,0.0,0.0,66.67,0.0,0.0,0.0,0.0,0.33,1.67,1.0,19.0
BOS,2023-05-28,5,7,8,7,7,100.0,100.0,85.71,0.71,13.86,1.53,0.86,0.86,13.5,8.71,8.0
BOS,2023-05-28,6,29,11,30,11,90.0,83.33,90.91,6.23,20.53,7.29,10.13,0.55,2.38,7.18,5.45
BOS,2023-05-28,7,32,9,32,8,93.75,87.5,100.0,2.63,18.28,4.59,5.03,2.13,1.29,0.0,0.38
BOS,2023-05-28,8,26,18,28,16,92.86,92.86,93.75,2.79,16.32,3.2,4.14,2.31,1.31,1.13,1.5
BOS,2023-05-28,9,28,16,32,17,90.63,90.63,94.12,1.94,15.38,3.08,2.59,1.41,1.77,0.76,6.76
BOS,2023-05-28,10,26,25,27,25,96.3,96.3,92.0,2.89,15.04,2.23,3.74,2.4,1.3,0.28,1.76
BOS,2023-05-28,11,26,22,27,22,92.59,92.59,100.0,4.74,15.7,2.89,5.19,3.32,1.25,0.23,0.0
BOS,2023-05-28,12,28,22,29,21,100.0,100.0,85.71,1.03,14.55,1.77,1.76,1.81,1.25,0.0,12.67
BOS,2023-05-28,13,27,29,31,29,80.65,77.42,96.55,6.13,16.19,3.83,8.58,4.45,1.69,0.69,3.0
BOS,2023-05-28,14,21,32,22,35,90.91,90.91,82.86,6.95,17.86,4.6,8.91,3.11,4.41,3.23,7.77
BOS,2023-05-28,15,26,30,26,31,88.46,84.62,80.65,3.35,16.54,3.22,4.62,3.45,5.29,2.87,18.23
BOS,2023-05-28,16,31,37,33,43,75.76,75.76,88.37,8.97,18.73,5.39,12.12,2.81,2.98,1.37,5.58
BOS,2023-05-28,17,42,34,40,34,85.0,72.5,91.18,7.08,19.93,6.7,11.23,3.09,4.42,3.18,23.24
BOS,2023-05-28,18,36,33,38,34,84.21,81.58,79.41,14.63,16.26,3.32,16.32,2.71,2.83,1.06,14.62
BOS,2023-05-28,19,28,23,30,27,66.67,63.33,88.89,25.07,16.93,3.62,27.3,1.63,2.47,1.59,12.52
BOS,2023-05-28,20,21,24,20,27,85.0,85.0,81.48,12.75,16.3,3.26,15.35,1.81,4.03,0.96,10.7
BOS,2023-05-28,21,13,17,14,17,78.57,85.71,82.35,8.71,13.64,1.55,9.0,2.35,2.36,1.29,7.88
BOS,2023-05-28,22,4,22,4,22,100.0,100.0,90.91,2.75,12.25,0.0,1.75,1.59,1.47,1.32,3.59
BOS,2023-05-28,23,7,34,9,34,88.89,88.89,82.35,5.56,14.44,1.83,5.78,1.94,2.28,3.0,7.03
BOS,2023-05-29,0,0,7,0,9,0.0,0.0,77.78,0.0,0.0,0.0,0.0,1.67,1.34,1.11,12.89
BOS,2023-05-29,1,0,2,0,3,0.0,0.0,66.67,0.0,0.0,0.0,0.0,4.67,0.0,1.33,16.33
BOS,2023-05-29,2,0,0,0,1,0.0,0.0,100.0,0.0,0.0,0.0,0.0,7.0,2.8,2.0,0.0
BOS,2023-05-29,4,0,3,0,3,0.0,0.0,100.0,0.0,0.0,0.0,0.0,0.67,2.67,0.0,0.0
BOS,2023-05-29,5,10,7,11,7,100.0,100.0,100.0,0.73,14.27,2.27,2.45,2.29,1.97,5.57,2.29
BOS,2023-05-29,6,40,14,40,12,100.0,95.0,58.33,0.53,19.77,6.5,3.65,1.5,10.86,13.08,23.75
BOS,2023-05-29,7,42,22,43,20,93.02,90.7,100.0,4.88,18.26,4.73,6.7,10.85,3.01,2.05,0.9
BOS,2023-05-29,8,36,24,37,27,91.89,86.49,85.19,7.24,14.19,1.75,7.38,2.85,2.23,2.81,20.56
BOS,2023-05-29,9,35,22,42,24,83.33,83.33,95.83,16.98,14.24,2.09,17.98,1.75,3.47,1.5,1.92
BOS,2023-05-29,10,28,28,31,31,87.1,90.32,90.32,5.42,12.87,1.18,5.61,1.74,2.56,1.39,6.87
BOS,2023-05-29,11,26,22,28,22,78.57,78.57,95.45,20.89,16.29,3.23,22.93,2.05,2.01,2.32,3.0
BOS,2023-05-29,12,26,32,29,35,100.0,96.55,91.43,1.14,14.0,1.67,1.52,1.77,2.77,1.0,4.74
BOS,2023-05-29,13,32,38,34,41,91.18,91.18,95.12,4.38,14.47,2.22,5.29,3.63,2.77,2.88,11.61
BOS,2023-05-29,14,28,33,31,40,90.32,87.1,77.5,7.35,13.87,1.95,8.29,5.28,3.95,2.67,11.88
BOS,2023-05-29,15,25,35,29,40,68.97,58.62,82.5,25.03,19.69,6.59,30.07,1.05,3.69,1.3,21.58
BOS,2023-05-29,16,35,34,37,40,81.08,72.97,82.5,15.22,17.81,5.08,18.41,2.2,4.34,4.38,10.28
BOS,2023-05-29,17,42,36,42,42,85.71,76.19,73.81,8.43,19.64,6.57,13.1,2.81,4.8,6.12,9.48
BOS,2023-05-29,18,39,37,41,43,78.05,70.73,74.42,9.78,16.88,3.92,12.24,2.42,4.62,3.93,17.47
BOS,2023-05-29,19,37,28,40,31,75.0,70.0,61.29,26.9,16.9,3.89,28.85,1.58,5.4,4.48,35.52
BOS,2023-05-29,20,27,27,28,28,67.86,67.86,85.71,28.14,15.39,2.78,29.29,2.46,4.96,1.61,7.18
BOS,2023-05-29,21,11,20,12,20,83.33,83.33,60.0,8.58,15.08,2.23,10.42,2.15,2.34,3.8,23.65
BOS,2023-05-29,22,8,25,9,24,66.67,66.67,75.0,16.44,15.67,3.19,17.0,1.79,4.56,7.38,24.29
BOS,2023-05-29,23,7,40,14,40,85.71,85.71,72.5,6.79,17.07,3.59,8.29,2.8,2.09,7.3,12.98
BOS,2023-05-30,0,0,6,1,8,100.0,100.0,75.0,0.0,13.0,0.0,0.0,3.25,3.36,8.13,21.38
BOS,2023-05-30,1,1,1,1,2,100.0,100.0,100.0,0.0,22.0,8.6,0.0,1.5,0.0,2.0,2.0
BOS,2023-05-30,2,0,0,0,0,0.0,0.0,0.0,0.0,0.0,0.0,0.0,0.0,0.0,0.0,0.0
BOS,2023-05-30,3,0,0,0,0,0.0,0.0,0.0,0.0,0.0,0.0,0.0,0.0,0.0,0.0,0.0
BOS,2023-05-30,4,0,2,0,2,0.0,0.0,100.0,0.0,0.0,0.0,0.0,1.0,1.7,15.0,7.5
BOS,2023-05-30,5,10,7,11,8,72.73,72.73,87.5,8.91,13.09,1.35,9.45,2.0,2.16,6.0,10.38
BOS,2023-05-30,6,41,11,44,15,90.91,90.91,66.67,8.25,15.3,2.58,9.25,2.27,4.39,8.4,26.33
BOS,2023-05-30,7,42,25,42,31,88.1,85.71,74.19,19.17,18.1,4.7,21.48,7.97,2.77,3.26,36.0
BOS,2023-05-30,8,39,26,42,27,83.33,78.57,96.3,26.14,18.71,5.4,29.43,3.11,3.6,3.56,3.07
BOS,2023-05-30,9,41,25,44,27,97.73,97.73,88.89,0.86,14.3,2.5,1.61,2.26,2.88,2.48,4.48
BOS,2023-05-30,10,24,25,28,29,75.0,75.0,89.66,15.93,14.5,1.94,17.46,1.66,2.39,1.31,5.1
BOS,2023-05-30,11,23,23,33,23,84.85,75.76,78.26,6.82,15.09,3.03,8.91,3.57,3.21,4.87,8.17
BOS,2023-05-30,12,25,31,27,36,88.89,88.89,94.44,4.15,14.59,1.77,4.93,2.06,2.88,1.42,19.14
BOS,2023-05-30,13,33,38,37,39,89.19,81.08,79.49,14.35,14.86,2.44,15.49,2.33,3.31,1.9,13.69
BOS,2023-05-30,14,30,33,30,37,90.0,90.0,91.89,4.77,14.03,1.69,5.3,1.11,5.09,3.05,4.35
BOS,2023-05-30,15,25,33,27,35,77.78,77.78,91.43,8.44,16.52,3.78,10.22,1.4,2.79,1.2,2.03
BOS,2023-05-30,16,33,34,38,38,78.95,76.32,76.32,8.13,16.26,3.44,10.34,2.11,5.12,3.71,12.13
BOS,2023-05-30,17,40,37,43,38,81.4,69.77,81.58,8.26,18.35,5.04,11.67,2.58,6.02,5.0,5.55
BOS,2023-05-30,18,36,37,37,38,91.89,91.89,84.21,3.05,16.54,3.65,4.54,1.79,5.0,2.26,5.68
BOS,2023-05-30,19,33,26,34,27,88.24,85.29,74.07,5.76,15.35,2.61,7.18,1.93,4.51,3.81,21.89
BOS,2023-05-30,20,27,26,28,27,67.86,67.86,92.59,13.64,15.46,2.7,15.11,19.7,6.64,2.78,8.33
BOS,2023-05-30,21,12,20,14,23,78.57,71.43,82.61,5.79,15.5,2.36,6.5,2.65,1.41,3.52,8.22
BOS,2023-05-30,22,6,20,10,20,90.0,90.0,90.0,3.3,16.7,3.39,4.7,1.35,2.19,0.95,5.95
BOS,2023-05-30,23,7,39,7,41,85.71,85.71,51.22,5.0,16.43,3.31,5.86,2.83,1.82,7.34,30.98
BOS,2023-05-31,0,1,7,1,7,100.0,100.0,85.71,0.0,10.0,0.0,0.0,1.0,3.57,4.86,16.0
BOS,2023-05-31,1,0,1,0,1,0.0,0.0,0.0,0.0,0.0,0.0,0.0,15.0,0.0,22.0,19.0
BOS,2023-05-31,2,0,0,0,0,0.0,0.0,0.0,0.0,0.0,0.0,0.0,0.0,0.0,0.0,0.0
BOS,2023-05-31,3,0,0,0,0,0.0,0.0,0.0,0.0,0.0,0.0,0.0,0.0,0.0,0.0,0.0
BOS,2023-05-31,4,0,2,0,4,0.0,0.0,75.0,0.0,0.0,0.0,0.0,0.0,2.0,0.5,12.5
BOS,2023-05-31,5,11,7,12,7,91.67,91.67,85.71,3.0,17.25,4.6,4.25,0.0,3.84,5.86,5.43
BOS,2023-05-31,6,40,13,40,15,97.5,97.5,60.0,1.55,20.02,6.65,3.85,0.6,2.78,5.87,19.53
BOS,2023-05-31,7,42,25,45,24,91.11,88.89,91.67,3.24,19.47,5.69,5.64,1.96,4.15,3.17,4.38
BOS,2023-05-31,8,36,27,38,31,94.74,94.74,83.87,5.58,18.29,5.09,8.0,3.48,3.54,2.87,19.81
BOS,2023-05-31,9,36,22,39,24,89.74,84.62,87.5,4.33,18.54,5.53,7.08,2.21,3.27,2.58,16.17
BOS,2023-05-31,10,25,24,27,27,74.07,70.37,85.19,22.37,14.67,1.77,23.15,4.33,1.81,3.19,6.78
BOS,2023-05-31,11,22,22,28,24,89.29,75.0,91.67,14.79,17.96,5.35,19.0,6.13,1.98,2.79,3.67
BOS,2023-05-31,12,25,31,26,30,100.0,100.0,90.0,0.58,14.31,2.3,1.54,2.13,2.65,1.47,7.73
BOS,2023-05-31,13,32,37,33,39,81.82,81.82,89.74,10.97,15.12,2.7,12.24,1.9,3.76,1.08,5.05
BOS,2023-05-31,14,28,31,29,37,79.31,72.41,81.08,11.97,14.66,2.53,13.38,1.54,4.54,2.89,7.81
BOS,2023-05-31,15,26,32,31,34,80.65,80.65,94.12,9.26,15.35,2.59,10.65,1.74,5.51,1.65,3.21
BOS,2023-05-31,16,33,32,38,34,76.32,76.32,76.47,9.87,15.76,2.99,11.39,3.03,4.23,1.97,16.18
BOS,2023-05-31,17,39,38,41,42,78.05,56.1,80.95,11.0,22.83,9.51,18.37,3.29,5.1,4.45,13.43
BOS,2023-05-31,18,34,37,36,41,63.89,61.11,80.49,18.28,18.47,5.65,23.17,2.27,5.12,3.17,8.37
BOS,2023-05-31,19,35,27,37,31,78.38,62.16,80.65,12.19,24.62,11.18,20.3,3.0,5.85,4.81,6.65
BOS,2023-05-31,20,27,28,29,29,79.31,79.31,72.41,18.03,17.14,3.91,19.79,3.03,6.69,5.0,22.38
BOS,2023-05-31,21,12,20,12,23,83.33,83.33,82.61,7.33,15.0,2.15,9.08,3.43,2.02,2.65,11.39
BOS,2023-05-31,22,9,21,13,22,76.92,76.92,86.36,7.62,14.31,1.28,7.77,2.05,3.39,1.27,44.09
BOS,2023-05-31,23,7,40,10,40,70.0,70.0,70.0,19.4,19.0,6.07,23.4,2.58,2.43,4.97,15.03
BOS,2023-06-01,0,0,8,0,7,0.0,0.0,85.71,0.0,0.0,0.0,0.0,0.57,1.3,1.0,20.71
BOS,2023-06-01,1,1,2,1,2,0.0,0.0,0.0,15.0,17.0,3.6,19.0,1.0,2.4,6.5,50.0
BOS,2023-06-01,2,0,0,0,0,0.0,0.0,0.0,0.0,0.0,0.0,0.0,0.0,0.0,0.0,0.0
BOS,2023-06-01,4,1,2,2,4,100.0,100.0,75.0,1.0,13.0,1.3,0.0,0.75,0.35,1.5,17.75
BOS,2023-06-01,5,9,7,10,9,80.0,80.0,88.89,5.8,15.9,2.82,7.8,0.56,1.59,3.22,16.0
BOS,2023-06-01,6,42,14,42,18,90.48,88.1,55.56,13.05,20.83,7.62,17.0,0.89,4.81,6.44,23.83
BOS,2023-06-01,7,41,23,43,22,88.37,81.4,86.36,14.0,19.56,5.94,17.49,12.32,4.5,5.14,5.23
BOS,2023-06-01,8,38,24,41,29,90.24,85.37,79.31,3.12,18.0,4.84,5.76,4.03,3.53,4.24,11.07
BOS,2023-06-01,9,33,26,41,31,75.61,65.85,83.87,14.93,16.76,3.9,17.73,5.32,3.94,4.32,15.06
BOS,2023-06-01,10,28,25,32,30,71.88,71.88,90.0,18.81,17.66,4.49,21.75,3.33,1.8,2.93,3.7
BOS,2023-06-01,11,26,23,29,24,82.76,79.31,100.0,19.69,17.48,4.24,22.24,3.29,1.28,1.5,0.92
BOS,2023-06-01,12,26,29,31,31,87.1,77.42,80.65,4.06,17.26,4.56,7.94,2.74,2.53,2.0,13.0
BOS,2023-06-01,13,29,38,30,43,80.0,73.33,81.4,17.43,15.8,3.48,19.57,3.14,3.87,1.95,15.07
BOS,2023-06-01,14,32,36,36,40,86.11,86.11,80.0,10.44,15.83,3.11,11.69,1.65,6.44,3.08,15.8
BOS,2023-06-01,15,25,31,30,34,76.67,73.33,79.41,14.03,14.53,2.21,15.73,2.18,4.49,1.62,9.71
BOS,2023-06-01,16,31,36,37,41,67.57,56.76,73.17,22.38,17.19,4.31,25.81,2.9,5.03,5.34,16.83
BOS,2023-06-01,17,42,38,48,38,83.33,66.67,73.68,9.33,21.79,8.49,16.25,2.89,7.63,6.37,17.5
BOS,2023-06-01,18,40,37,43,39,76.74,65.12,76.92,20.88,16.88,4.17,24.72,1.46,5.95,2.56,15.67
BOS,2023-06-01,19,36,29,37,33,81.08,70.27,81.82,16.57,21.95,8.36,22.54,2.82,4.19,3.39,11.18
BOS,2023-06-01,20,29,23,33,28,81.82,81.82,64.29,8.61,16.94,4.08,10.42,2.86,6.41,5.07,24.54
BOS,2023-06-01,21,11,21,14,21,57.14,50.0,71.43,22.29,15.79,2.98,24.71,4.14,1.03,1.95,15.86
BOS,2023-06-01,22,8,27,14,27,64.29,57.14,74.07,9.43,17.43,3.94,12.79,3.11,3.43,3.59,22.96
BOS,2023-06-01,23,7,37,8,35,87.5,87.5,68.57,6.88,15.63,2.39,8.25,2.43,1.5,4.74,16.91
BOS,2023-06-02,0,0,8,0,8,0.0,0.0,87.5,0.0,0.0,0.0,0.0,0.75,0.85,2.63,3.63
BOS,2023-06-02,1,0,3,1,2,100.0,100.0,50.0,0.0,13.0,0.0,0.0,0.0,0.3,7.0,66.0
BOS,2023-06-02,2,0,0,0,1,0.0,0.0,100.0,0.0,0.0,0.0,0.0,0.0,3.4,0.0,0.0
BOS,2023-06-02,3,0,0,0,0,0.0,0.0,0.0,0.0,0.0,0.0,0.0,0.0,0.0,0.0,0.0
BOS,2023-06-02,4,1,1,1,4,100.0,100.0,50.0,0.0,15.0,1.6,0.0,0.0,1.05,4.5,27.75
BOS,2023-06-02,5,10,7,11,8,90.91,90.91,87.5,3.45,14.55,2.39,4.18,0.25,3.55,7.88,6.5
BOS,2023-06-02,6,39,15,40,18,87.5,82.5,27.78,13.1,17.58,4.64,15.68,3.17,6.68,14.78,28.83
BOS,2023-06-02,7,43,24,45,24,86.67,77.78,87.5,6.71,19.71,6.07,10.56,1.71,6.68,5.96,5.08
BOS,2023-06-02,8,41,25,42,24,92.86,83.33,83.33,8.29,19.12,6.35,12.6,2.17,4.65,4.21,6.83
BOS,2023-06-02,9,32,27,32,29,90.63,87.5,89.66,4.0,13.13,1.3,4.41,1.83,3.49,2.86,6.31
BOS,2023-06-02,10,29,26,34,30,76.47,73.53,80.0,16.56,15.62,3.09,18.74,1.1,3.19,4.47,6.97
BOS,2023-06-02,11,27,25,31,29,93.55,87.1,86.21,3.42,16.65,4.27,6.39,2.69,4.78,3.07,5.45
BOS,2023-06-02,12,27,30,30,29,80.0,76.67,86.21,16.5,14.83,2.73,18.2,1.14,4.37,2.59,10.24
BOS,2023-06-02,13,30,37,32,40,78.13,71.88,82.5,14.0,16.16,3.6,16.59,3.42,4.98,5.35,10.88
BOS,2023-06-02,14,32,34,32,39,71.88,62.5,84.62,16.03,19.88,7.67,21.88,3.28,3.92,4.15,6.62
BOS,2023-06-02,15,25,32,30,36,66.67,43.33,75.0,51.07,29.0,16.54,66.67,4.39,5.6,6.14,20.75
BOS,2023-06-02,16,31,36,31,41,67.74,35.48,51.22,14.94,37.35,23.9,37.39,8.56,7.52,14.61,23.17
BOS,2023-06-02,17,42,35,42,34,57.14,26.19,47.06,52.19,33.07,19.77,71.07,8.62,12.09,18.32,30.29
BOS,2023-06-02,18,38,36,33,37,27.27,21.21,35.14,103.94,26.61,13.4,116.82,8.05,34.74,43.43,67.35
BOS,2023-06-02,19,36,31,34,32,8.82,8.82,3.13,99.97,22.65,8.91,108.97,28.41,44.56,77.88,104.16
BOS,2023-06-02,20,28,23,31,23,6.45,6.45,0.0,124.45,18.13,4.91,129.23,15.83,38.53,45.7,115.7
BOS,2023-06-02,21,11,19,11,20,0.0,0.0,15.0,106.73,19.45,6.24,113.27,3.35,21.53,25.25,57.35
BOS,2023-06-02,22,10,29,13,30,30.77,23.08,30.0,51.92,15.46,2.88,54.08,2.87,13.18,11.03,81.17
BOS,2023-06-02,23,6,38,8,35,0.0,0.0,40.0,61.13,19.88,7.35,68.25,5.77,7.48,14.51,41.74
BOS,2023-06-03,0,0,7,0,8,0.0,0.0,37.5,0.0,0.0,0.0,0.0,8.0,8.08,13.75,26.88
BOS,2023-06-03,1,1,2,1,3,0.0,0.0,66.67,27.0,13.0,0.0,27.0,0.67,0.73,3.67,14.33
BOS,2023-06-03,2,0,0,0,0,0.0,0.0,0.0,0.0,0.0,0.0,0.0,0.0,0.0,0.0,0.0
BOS,2023-06-03,3,0,0,0,0,0.0,0.0,0.0,0.0,0.0,0.0,0.0,0.0,0.0,0.0,0.0
BOS,2023-06-03,4,1,1,1,1,0.0,0.0,0.0,28.0,11.0,0.0,26.0,0.0,0.8,10.0,42.0
BOS,2023-06-03,5,10,7,11,7,81.82,81.82,42.86,21.0,13.45,1.34,21.91,1.14,1.04,13.0,42.71
BOS,2023-06-03,6,34,13,32,15,87.5,87.5,33.33,10.56,14.66,2.07,11.38,2.0,3.54,12.33,30.53
BOS,2023-06-03,7,34,15,33,17,66.67,66.67,76.47,15.76,15.7,2.6,17.79,12.06,3.03,7.12,15.0
BOS,2023-06-03,8,42,17,44,15,75.0,68.18,80.0,19.61,17.77,4.8,23.52,2.87,3.67,5.53,14.93
BOS,2023-06-03,9,29,22,30,22,70.0,70.0,72.73,15.6,15.27,2.33,17.17,2.36,4.48,1.86,13.55
BOS,2023-06-03,10,30,26,35,30,77.14,77.14,83.33,16.37,14.31,2.24,18.09,2.73,3.29,2.1,12.2
BOS,2023-06-03,11,20,21,24,22,70.83,70.83,81.82,30.0,18.21,5.47,34.46,2.86,3.1,5.41,17.23
BOS,2023-06-03,12,23,18,24,19,83.33,79.17,68.42,13.13,15.08,2.44,14.88,3.79,3.66,1.58,17.74
BOS,2023-06-03,13,22,33,23,32,69.57,69.57,71.88,41.04,14.48,2.8,42.7,5.31,3.03,2.63,28.0
BOS,2023-06-03,14,19,28,21,31,61.9,61.9,74.19,31.24,16.62,4.32,34.57,6.71,2.86,5.55,17.94
BOS,2023-06-03,15,31,32,32,35,71.88,62.5,74.29,18.03,16.88,3.81,21.22,12.17,3.95,8.86,11.66
BOS,2023-06-03,16,29,33,30,37,63.33,53.33,45.95,23.77,19.33,5.79,29.17,7.16,4.67,8.41,54.16
BOS,2023-06-03,17,39,34,42,34,69.05,47.62,47.06,24.71,19.79,6.81,30.36,9.06,5.16,9.97,33.82
BOS,2023-06-03,18,28,28,29,31,65.52,68.97,61.29,22.72,14.24,1.92,24.0,7.81,4.67,7.61,21.58
BOS,2023-06-03,19,19,24,21,30,47.62,42.86,56.67,29.86,15.9,2.94,32.52,10.0,6.04,9.7,22.63
BOS,2023-06-03,20,16,20,17,20,47.06,41.18,55.0,18.53,16.82,3.83,21.41,3.6,8.97,8.3,39.45
BOS,2023-06-03,21,8,13,10,14,60.0,60.0,42.86,16.9,14.9,1.86,18.5,3.07,10.11,9.43,41.93
BOS,2023-06-03,22,6,24,6,24,83.33,83.33,50.0,11.17,15.67,3.35,13.33,1.92,3.94,4.67,22.25
BOS,2023-06-03,23,7,29,7,27,85.71,71.43,33.33,9.57,15.71,2.3,11.14,4.89,2.73,14.04,51.41
BOS,2023-06-04,0,1,8,1,8,100.0,100.0,25.0,0.0,17.0,3.6,0.0,1.75,5.7,14.75,33.13
BOS,2023-06-04,1,0,2,0,2,0.0,0.0,0.0,0.0,0.0,0.0,0.0,2.0,1.3,0.0,50.0
BOS,2023-06-04,2,0,0,0,0,0.0,0.0,0.0,0.0,0.0,0.0,0.0,0.0,0.0,0.0,0.0
BOS,2023-06-04,4,1,1,1,2,100.0,100.0,50.0,0.0,17.0,3.6,0.0,1.0,2.3,12.5,15.0
BOS,2023-06-04,5,10,9,10,9,80.0,80.0,44.44,12.3,12.8,0.9,13.2,0.89,2.77,11.44,30.11
BOS,2023-06-04,6,32,13,35,12,88.57,80.0,50.0,11.43,15.94,2.97,12.8,1.92,3.92,18.08,35.08
BOS,2023-06-04,7,42,12,42,11,92.86,83.33,63.64,4.12,17.31,4.05,7.02,1.0,4.86,6.45,21.27
BOS,2023-06-04,8,36,19,37,20,81.08,75.68,85.0,14.89,16.76,4.22,18.11,4.3,3.2,3.1,7.75
BOS,2023-06-04,9,28,25,30,25,73.33,70.0,96.0,7.3,16.1,3.16,9.03,2.24,3.65,2.84,5.96
BOS,2023-06-04,10,32,24,37,29,78.38,72.97,96.55,17.97,13.92,1.9,19.27,2.14,3.02,1.48,4.31
BOS,2023-06-04,11,26,23,31,22,77.42,74.19,77.27,11.29,14.71,1.83,12.1,2.32,3.9,3.86,8.45
BOS,2023-06-04,12,26,29,26,36,80.77,80.77,75.0,22.19,14.23,2.08,23.58,3.28,2.93,3.03,16.39
BOS,2023-06-04,13,32,37,34,37,70.59,73.53,64.86,17.38,13.41,1.73,18.5,9.3,3.42,10.95,17.92
BOS,2023-06-04,14,27,34,30,39,60.0,60.0,48.72,23.77,15.43,2.63,26.17,9.92,4.5,13.51,24.69
BOS,2023-06-04,15,27,31,30,34,70.0,63.33,44.12,23.17,16.4,3.52,26.17,8.91,4.11,14.94,33.24
BOS,2023-06-04,16,30,39,32,40,53.13,46.88,47.5,39.63,18.06,5.0,44.22,9.1,4.34,15.28,45.08
BOS,2023-06-04,17,41,35,41,33,48.78,39.02,27.27,34.9,21.51,8.37,41.73,10.67,5.35,15.88,35.67
BOS,2023-06-04,18,39,35,35,39,28.57,22.86,38.46,45.49,17.89,5.07,49.6,9.87,4.73,14.0,37.31
BOS,2023-06-04,19,37,32,40,36,40.0,32.5,13.89,35.95,19.58,6.27,41.85,16.03,4.56,21.67,44.86
BOS,2023-06-04,20,29,21,29,23,31.03,17.24,17.39,47.31,19.0,6.24,52.83,12.0,6.15,19.91,57.83
BOS,2023-06-04,21,10,20,11,23,36.36,18.18,30.43,97.09,17.27,3.94,101.0,7.17,5.82,12.0,71.7
BOS,2023-06-04,22,7,27,7,28,42.86,42.86,50.0,39.29,14.57,1.83,40.29,3.93,5.6,9.25,27.75
BOS,2023-06-04,23,7,38,8,40,62.5,50.0,37.5,42.0,21.75,8.34,49.5,4.7,4.36,12.73,36.88
BOS,2023-06-05,0,0,10,0,8,0.0,0.0,50.0,0.0,0.0,0.0,0.0,3.75,0.96,4.38,40.88
BOS,2023-06-05,1,0,3,0,2,0.0,0.0,100.0,0.0,0.0,0.0,0.0,8.0,1.8,7.0,6.0
BOS,2023-06-05,2,0,0,0,0,0.0,0.0,0.0,0.0,0.0,0.0,0.0,0.0,0.0,0.0,0.0
BOS,2023-06-05,4,1,2,1,2,0.0,0.0,50.0,32.0,14.0,0.6,33.0,1.5,2.8,14.0,40.5
BOS,2023-06-05,5,11,8,11,7,100.0,100.0,57.14,0.0,12.36,0.63,0.0,3.0,1.94,11.71,38.14
BOS,2023-06-05,6,37,15,38,15,89.47,86.84,46.67,6.21,16.61,3.4,7.68,3.07,4.49,15.13,27.07
BOS,2023-06-05,7,45,22,44,23,81.82,79.55,78.26,12.75,16.32,3.25,15.02,3.0,3.96,5.0,8.3
BOS,2023-06-05,8,43,24,47,23,85.11,78.72,91.3,7.66,17.21,4.09,10.45,3.09,6.82,5.52,3.09
BOS,2023-06-05,9,26,26,27,32,92.59,85.19,68.75,5.11,16.04,3.43,7.07,3.38,3.52,3.88,27.38
BOS,2023-06-05,10,31,26,37,29,81.08,78.38,82.76,21.16,16.62,4.26,24.78,3.03,3.11,2.62,6.21
BOS,2023-06-05,11,30,24,33,27,84.85,84.85,85.19,11.39,15.76,2.83,12.79,3.22,3.21,3.3,6.3
BOS,2023-06-05,12,26,30,30,32,76.67,73.33,81.25,8.6,15.0,3.1,10.47,2.56,2.86,1.97,7.47
BOS,2023-06-05,13,30,35,29,42,86.21,79.31,64.29,7.62,14.97,2.74,9.24,3.62,4.05,6.71,14.4
BOS,2023-06-05,14,27,35,29,40,62.07,58.62,52.5,15.24,16.34,4.09,18.86,4.08,6.3,9.43,19.5
BOS,2023-06-05,15,25,37,33,36,63.64,57.58,52.78,19.61,18.09,4.83,24.24,5.22,6.18,5.92,18.39
BOS,2023-06-05,16,36,33,44,40,59.09,52.27,50.0,13.07,16.91,3.95,16.66,6.58,4.3,11.03,30.93
BOS,2023-06-05,17,40,35,39,35,56.41,51.28,40.0,27.21,18.36,5.23,31.31,11.0,7.41,15.26,26.8
BOS,2023-06-05,18,37,31,39,32,56.41,43.59,65.63,24.18,16.97,4.18,28.26,4.94,5.52,9.25,18.09
BOS,2023-06-05,19,32,37,35,40,77.14,60.0,45.0,21.74,20.51,7.02,27.46,6.25,7.61,12.38,21.6
BOS,2023-06-05,20,33,26,36,28,69.44,52.78,71.43,19.64,18.31,5.11,23.5,3.79,5.22,4.93,18.21
BOS,2023-06-05,21,12,20,14,22,71.43,71.43,72.73,8.86,18.79,5.49,13.0,1.77,6.14,3.0,7.82
BOS,2023-06-05,22,7,27,11,27,81.82,72.73,88.89,7.18,18.45,4.93,11.27,1.11,3.4,1.22,6.44
BOS,2023-06-05,23,7,32,8,34,75.0,62.5,52.94,10.88,20.5,7.09,15.5,1.82,2.87,7.62,21.74
BOS,2023-06-06,0,0,10,1,10,100.0,100.0,60.0,0.0,13.0,0.0,0.0,3.2,1.18,4.4,11.6
BOS,2023-06-06,1,1,3,2,3,100.0,100.0,66.67,0.0,17.5,4.3,1.0,3.0,0.43,17.0,28.67
BOS,2023-06-06,2,0,0,0,0,0.0,0.0,0.0,0.0,0.0,0.0,0.0,0.0,0.0,0.0,0.0
BOS,2023-06-06,4,1,1,1,3,0.0,0.0,100.0,20.0,18.0,4.6,25.0,1.67,0.27,4.33,3.0
BOS,2023-06-06,5,12,8,13,11,92.31,92.31,81.82,2.0,15.85,3.33,3.38,1.73,1.86,13.45,9.82
BOS,2023-06-06,6,37,13,37,19,100.0,94.59,52.63,1.24,18.27,4.91,3.57,3.47,3.16,10.11,34.16
BOS,2023-06-06,7,44,22,47,22,91.49,48.94,81.82,3.66,30.7,16.97,17.09,2.64,4.49,4.45,6.64
BOS,2023-06-06,8,41,23,43,24,88.37,27.91,87.5,3.33,31.6,18.2,18.4,7.75,5.06,4.5,4.21
BOS,2023-06-06,9,29,26,31,33,77.42,58.06,84.85,15.48,24.16,10.84,22.87,4.88,1.45,2.55,7.42
BOS,2023-06-06,10,26,23,31,27,96.77,87.1,85.19,2.29,17.58,4.37,5.13,4.74,2.21,2.44,7.37
BOS,2023-06-06,11,25,24,29,26,82.76,79.31,88.46,10.17,19.21,5.75,13.1,3.04,1.45,0.96,3.5
BOS,2023-06-06,12,25,26,27,27,88.89,88.89,81.48,6.19,15.37,2.69,7.0,2.11,1.13,1.37,10.04
BOS,2023-06-06,13,26,33,30,34,83.33,76.67,100.0,16.07,18.63,5.61,20.33,2.85,1.76,0.68,0.59
BOS,2023-06-06,14,28,37,34,43,85.29,82.35,90.7,6.79,18.62,6.05,10.35,3.09,3.39,2.33,7.4
BOS,2023-06-06,15,25,34,29,33,75.86,65.52,90.91,11.1,23.72,10.26,18.55,2.3,3.76,1.36,7.48
BOS,2023-06-06,16,35,32,39,39,84.62,66.67,76.92,15.85,22.72,9.36,23.72,8.9,5.33,9.74,8.95
BOS,2023-06-06,17,39,35,38,35,76.32,55.26,62.86,12.63,25.11,11.86,22.63,9.54,3.8,12.69,30.29
BOS,2023-06-06,18,35,32,37,33,72.97,48.65,54.55,20.43,21.97,9.16,28.51,7.7,3.34,17.24,30.18
BOS,2023-06-06,19,31,35,30,41,43.33,36.67,29.27,33.57,17.8,4.77,37.0,17.27,6.53,22.12,40.41
BOS,2023-06-06,20,28,22,29,29,58.62,51.72,58.62,23.79,19.45,6.24,28.86,13.72,5.1,16.31,28.03
BOS,2023-06-06,21,12,22,14,22,78.57,78.57,72.73,30.5,16.14,3.15,32.79,2.32,5.34,2.91,10.09
BOS,2023-06-06,22,5,23,10,25,100.0,90.0,60.0,2.0,15.9,3.4,4.2,2.4,2.61,8.0,32.72
BOS,2023-06-06,23,7,28,7,28,100.0,71.43,60.71,1.71,20.43,7.01,7.14,2.82,2.48,3.86,22.93
BOS,2023-06-07,0,1,10,1,10,100.0,100.0,70.0,0.0,17.0,3.6,0.0,4.7,1.09,8.1,35.3
BOS,2023-06-07,1,0,3,0,3,0.0,0.0,100.0,0.0,0.0,0.0,0.0,0.33,0.23,1.0,0.0
BOS,2023-06-07,4,1,0,1,3,100.0,100.0,100.0,0.0,17.0,3.6,2.0,0.0,0.27,2.67,3.67
BOS,2023-06-07,5,13,7,13,10,100.0,100.0,90.0,0.0,14.46,2.04,0.54,3.5,0.47,8.1,8.3
BOS,2023-06-07,6,36,15,39,15,94.87,92.31,66.67,1.64,21.56,8.16,5.72,1.27,3.84,11.87,18.2
BOS,2023-06-07,7,44,21,47,20,91.49,85.11,90.0,3.15,24.53,10.82,9.68,2.2,4.22,3.35,4.55
BOS,2023-06-07,8,38,23,42,30,85.71,71.43,76.67,4.24,21.79,8.48,9.38,3.0,7.17,4.53,9.97
BOS,2023-06-07,9,27,25,29,25,89.66,86.21,92.0,4.79,17.31,4.65,6.93,1.72,1.83,2.56,3.12
BOS,2023-06-07,10,28,25,32,27,71.88,71.88,85.19,8.84,17.66,4.5,11.84,3.44,1.97,2.04,13.59
BOS,2023-06-07,11,28,25,30,26,86.67,83.33,80.77,10.87,18.3,5.2,13.97,2.23,2.79,1.85,8.27
BOS,2023-06-07,12,25,26,30,28,70.0,70.0,92.86,11.87,20.9,8.23,18.57,1.39,1.39,0.68,2.79
BOS,2023-06-07,13,26,34,31,37,80.65,70.97,91.89,9.0,21.9,8.46,16.45,3.81,2.08,1.51,6.65
BOS,2023-06-07,14,28,35,33,43,84.85,72.73,83.72,9.45,20.94,7.81,15.06,2.7,3.1,2.16,6.05
BOS,2023-06-07,15,25,34,26,40,76.92,73.08,87.5,11.62,20.46,7.07,16.38,1.77,2.86,1.3,8.53
BOS,2023-06-07,16,34,31,37,34,83.78,78.38,79.41,8.59,19.57,6.61,13.81,2.68,3.64,2.71,9.62
BOS,2023-06-07,17,39,37,43,37,81.4,58.14,83.78,12.42,23.86,10.43,21.33,3.03,3.72,3.3,5.89
BOS,2023-06-07,18,36,31,39,36,76.92,69.23,88.89,11.59,19.79,6.75,16.26,2.08,3.46,1.78,5.33
BOS,2023-06-07,19,30,34,32,34,78.13,68.75,70.59,19.88,21.03,7.64,25.19,4.12,5.02,4.35,11.09
BOS,2023-06-07,20,28,23,32,27,78.13,65.63,74.07,10.09,23.59,10.34,17.31,19.78,4.06,22.81,41.93
BOS,2023-06-07,21,12,22,12,25,75.0,75.0,80.0,50.08,17.92,4.52,52.58,4.16,3.79,1.88,14.36
BOS,2023-06-07,22,7,27,13,27,92.31,92.31,88.89,4.08,17.54,4.32,7.38,2.37,2.45,2.3,6.89
BOS,2023-06-07,23,6,30,6,31,100.0,83.33,54.84,4.5,18.5,5.1,7.83,2.13,1.9,6.84,24.9
BOS,2023-06-08,0,0,12,0,10,0.0,0.0,50.0,0.0,0.0,0.0,0.0,2.8,1.97,7.7,22.9
BOS,2023-06-08,1,1,4,1,3,100.0,100.0,100.0,0.0,13.0,0.0,0.0,2.0,0.2,0.0,4.67
BOS,2023-06-08,2,0,0,0,0,0.0,0.0,0.0,0.0,0.0,0.0,0.0,0.0,0.0,0.0,0.0
BOS,2023-06-08,4,1,0,1,2,100.0,100.0,100.0,0.0,22.0,8.6,4.0,0.0,0.4,0.0,0.0
BOS,2023-06-08,5,12,9,14,9,85.71,85.71,77.78,12.79,13.43,1.22,13.86,2.22,1.23,8.44,30.56
BOS,2023-06-08,6,36,14,36,19,88.89,83.33,68.42,5.64,17.03,4.18,7.78,1.95,5.26,8.95,11.11
BOS,2023-06-08,7,45,20,51,20,94.12,86.27,80.0,3.43,20.29,6.93,7.24,1.3,3.93,2.6,6.1
BOS,2023-06-08,8,43,24,44,26,81.82,81.82,80.77,9.25,17.59,4.64,11.98,1.42,5.47,3.12,8.96
BOS,2023-06-08,9,30,27,35,27,77.14,77.14,81.48,25.29,14.34,2.68,27.09,7.0,5.14,9.0,16.89
BOS,2023-06-08,10,29,26,32,32,84.38,78.13,93.75,11.16,16.41,3.85,13.28,2.28,4.17,2.47,1.97
BOS,2023-06-08,11,29,26,30,30,83.33,83.33,83.33,8.97,17.67,4.72,12.43,1.9,3.49,2.23,7.77
BOS,2023-06-08,12,27,27,30,32,86.67,80.0,78.13,4.83,14.7,2.98,6.9,2.44,3.23,2.94,7.34
BOS,2023-06-08,13,28,37,32,38,78.13,71.88,86.84,8.63,15.91,3.64,11.13,2.74,4.57,1.92,8.16
BOS,2023-06-08,14,31,35,35,39,80.0,74.29,76.92,12.09,15.6,3.08,14.54,3.95,4.71,4.44,11.54
BOS,2023-06-08,15,23,32,30,36,73.33,66.67,83.33,15.9,15.5,3.24,18.63,2.61,4.93,1.69,6.53
BOS,2023-06-08,16,36,35,43,36,72.09,67.44,80.56,12.07,18.63,5.67,17.0,4.78,4.88,3.81,10.61
BOS,2023-06-08,17,41,37,44,41,68.18,56.82,68.29,14.57,23.05,9.93,22.84,4.49,8.75,7.12,20.05
BOS,2023-06-08,18,37,32,38,35,78.95,68.42,65.71,9.29,21.63,8.19,16.34,3.43,6.87,4.23,23.03
BOS,2023-06-08,19,32,36,32,40,78.13,65.63,82.5,13.13,20.94,7.38,18.03,3.5,5.24,3.42,9.68
BOS,2023-06-08,20,35,23,36,23,75.0,66.67,82.61,9.31,18.83,5.29,12.97,3.43,4.85,0.7,13.13
BOS,2023-06-08,21,11,21,12,22,83.33,83.33,72.73,7.33,17.75,4.8,9.67,3.91,2.69,0.55,18.14
BOS,2023-06-08,22,6,25,10,26,70.0,70.0,84.62,17.5,14.9,1.96,19.3,1.92,2.46,1.35,7.96
BOS,2023-06-08,23,7,32,8,32,75.0,75.0,59.38,14.25,13.13,0.51,14.25,2.44,2.18,3.38,31.25
BOS,2023-06-09,0,0,11,0,11,0.0,0.0,63.64,0.0,0.0,0.0,0.0,2.73,3.42,6.09,10.45
BOS,2023-06-09,1,0,3,0,5,0.0,0.0,80.0,0.0,0.0,0.0,0.0,0.0,1.46,3.4,9.0
BOS,2023-06-09,2,0,0,1,0,100.0,100.0,0.0,0.0,13.0,0.0,0.0,0.0,0.0,0.0,0.0
BOS,2023-06-09,3,0,0,0,0,0.0,0.0,0.0,0.0,0.0,0.0,0.0,0.0,0.0,0.0,0.0
BOS,2023-06-09,4,1,0,1,2,100.0,100.0,100.0,10.0,12.0,0.0,9.0,0.0,2.8,3.0,0.0
BOS,2023-06-09,5,12,8,13,8,92.31,92.31,62.5,2.77,12.62,0.92,2.38,0.88,2.58,5.0,18.0
BOS,2023-06-09,6,36,16,37,20,97.3,94.59,65.0,1.59,16.73,3.34,2.89,3.2,3.84,7.15,12.4
BOS,2023-06-09,7,44,20,46,20,91.3,91.3,85.0,11.96,16.61,3.35,13.46,1.05,2.86,3.7,5.15
BOS,2023-06-09,8,44,25,47,26,89.36,89.36,73.08,8.47,16.47,3.95,10.66,2.35,5.32,3.38,13.62
BOS,2023-06-09,9,28,27,29,28,86.21,82.76,85.71,4.14,13.93,1.46,4.66,1.82,3.57,3.0,6.04
BOS,2023-06-09,10,29,26,31,29,87.1,80.65,89.66,8.61,16.87,3.95,11.39,2.45,3.33,2.31,7.45
BOS,2023-06-09,11,31,27,35,29,91.43,91.43,82.76,7.57,13.43,1.2,7.86,4.69,4.2,4.24,5.97
BOS,2023-06-09,12,26,27,29,26,79.31,82.76,92.31,5.31,13.62,1.79,6.21,4.96,2.0,1.04,2.62
BOS,2023-06-09,13,27,35,27,38,92.59,77.78,89.47,6.3,17.41,4.72,9.85,3.13,4.49,1.24,9.24
BOS,2023-06-09,14,30,35,34,41,73.53,58.82,85.37,11.91,19.06,6.46,17.53,3.88,5.06,4.17,19.8
BOS,2023-06-09,15,24,35,26,38,84.62,73.08,76.32,9.31,22.65,9.12,16.04,6.63,3.97,3.82,8.47
BOS,2023-06-09,16,36,34,40,33,65.0,55.0,87.88,27.85,21.0,7.78,34.3,4.64,5.3,4.58,4.7
BOS,2023-06-09,17,41,35,42,37,80.95,52.38,75.68,8.19,28.21,14.75,21.14,7.95,6.29,6.65,14.84
BOS,2023-06-09,18,35,31,35,33,80.0,54.29,66.67,18.57,25.14,11.64,28.37,10.52,6.96,8.0,16.24
BOS,2023-06-09,19,32,36,36,38,66.67,63.89,73.68,18.14,19.39,6.14,22.44,7.32,2.83,5.47,12.32
BOS,2023-06-09,20,32,23,33,26,78.79,63.64,80.77,9.97,21.33,7.93,16.33,4.31,4.39,1.38,26.88
BOS,2023-06-09,21,11,22,11,22,63.64,54.55,81.82,22.73,18.09,5.62,25.91,4.18,5.16,0.0,8.55
BOS,2023-06-09,22,6,28,9,27,88.89,88.89,51.85,4.67,13.0,0.98,5.22,1.3,1.97,0.67,26.37
BOS,2023-06-09,23,7,32,8,32,75.0,75.0,62.5,6.25,15.75,2.81,8.38,3.19,1.23,4.13,20.59
BOS,2023-06-10,0,0,6,0,12,0.0,0.0,75.0,0.0,0.0,0.0,0.0,4.58,1.74,6.67,11.33
BOS,2023-06-10,1,1,4,1,3,100.0,100.0,33.33,0.0,14.0,0.6,0.0,5.33,1.1,10.0,34.67
BOS,2023-06-10,2,0,0,0,0,0.0,0.0,0.0,0.0,0.0,0.0,0.0,0.0,0.0,0.0,0.0
BOS,2023-06-10,3,0,0,0,0,0.0,0.0,0.0,0.0,0.0,0.0,0.0,0.0,0.0,0.0,0.0
BOS,2023-06-10,4,1,0,1,0,100.0,100.0,0.0,0.0,17.0,3.6,3.0,0.0,0.0,0.0,0.0
BOS,2023-06-10,5,11,7,11,8,100.0,100.0,50.0,0.82,12.64,0.62,1.0,0.63,3.0,5.0,15.63
BOS,2023-06-10,6,32,14,34,17,88.24,88.24,58.82,14.65,15.41,2.65,15.59,2.65,4.96,8.94,17.35
BOS,2023-06-10,7,36,12,37,16,78.38,75.68,87.5,9.27,16.38,3.17,10.97,1.06,1.86,2.5,15.25
BOS,2023-06-10,8,44,20,48,19,83.33,75.0,84.21,12.98,16.81,4.09,15.23,2.26,4.26,3.47,5.84
BOS,2023-06-10,9,32,20,33,20,78.79,78.79,80.0,14.67,14.36,2.52,16.36,1.9,3.32,2.75,8.75
BOS,2023-06-10,10,28,26,29,30,93.1,93.1,90.0,3.66,13.0,1.19,4.17,3.33,3.68,2.0,3.6
BOS,2023-06-10,11,23,19,25,18,84.0,80.0,77.78,15.2,15.04,3.02,17.16,2.33,3.28,3.44,12.83
BOS,2023-06-10,12,19,21,20,22,75.0,75.0,81.82,10.3,12.0,1.19,10.3,2.18,3.26,1.73,25.82
BOS,2023-06-10,13,24,29,23,30,95.65,86.96,100.0,2.13,15.57,3.41,4.91,2.0,2.41,0.57,0.23
BOS,2023-06-10,14,16,32,16,35,56.25,43.75,77.14,16.56,20.88,7.88,24.5,4.43,7.55,6.63,17.91
BOS,2023-06-10,15,31,30,37,34,70.27,51.35,55.88,18.3,19.81,6.79,24.32,13.26,5.45,13.12,31.76
BOS,2023-06-10,16,29,30,32,32,65.63,59.38,81.25,28.69,17.53,4.15,32.0,3.5,6.01,5.75,15.31
BOS,2023-06-10,17,37,36,38,40,63.16,42.11,75.0,12.32,22.45,9.2,20.26,4.18,4.76,6.05,14.25
BOS,2023-06-10,18,31,27,33,33,78.79,57.58,81.82,13.33,22.03,8.65,21.15,3.3,6.68,3.85,7.58
BOS,2023-06-10,19,19,25,20,27,65.0,55.0,74.07,35.75,19.9,6.68,40.85,2.74,6.81,0.81,11.3
BOS,2023-06-10,20,14,22,14,23,57.14,42.86,65.22,42.07,19.57,6.11,47.21,1.78,9.22,3.74,21.57
BOS,2023-06-10,21,10,13,10,14,60.0,60.0,57.14,26.6,18.3,5.45,30.9,1.29,14.16,8.57,31.64
BOS,2023-06-10,22,6,25,6,25,83.33,83.33,72.0,9.0,16.0,3.28,10.83,1.0,2.94,0.24,19.56
BOS,2023-06-10,23,7,29,8,29,62.5,62.5,65.52,53.75,15.88,2.82,55.63,1.48,3.27,2.66,19.48
BOS,2023-06-11,0,1,12,1,7,100.0,100.0,71.43,0.0,14.0,0.6,0.0,0.71,8.66,4.86,112.29
BOS,2023-06-11,1,0,3,1,4,0.0,0.0,75.0,28.0,12.0,0.0,27.0,1.0,6.93,2.25,19.5
BOS,2023-06-11,2,0,0,1,0,100.0,100.0,0.0,0.0,13.0,0.0,0.0,0.0,0.0,0.0,0.0
BOS,2023-06-11,3,0,0,0,0,0.0,0.0,0.0,0.0,0.0,0.0,0.0,0.0,0.0,0.0,0.0
BOS,2023-06-11,4,1,0,1,1,100.0,100.0,100.0,0.0,16.0,2.6,2.0,2.0,2.8,6.0,14.0
BOS,2023-06-11,5,10,9,10,8,90.0,80.0,62.5,1.8,16.4,4.03,5.7,0.13,2.33,0.0,25.38
BOS,2023-06-11,6,34,14,37,12,89.19,86.49,91.67,6.35,16.59,3.39,8.11,1.33,4.72,0.92,5.75
BOS,2023-06-11,7,40,10,40,11,92.5,87.5,81.82,2.88,15.98,2.93,4.35,0.73,3.06,0.45,16.0
BOS,2023-06-11,8,42,22,44,20,75.0,72.73,90.0,22.2,16.02,3.42,24.16,2.1,5.44,1.0,27.6
BOS,2023-06-11,9,25,24,27,27,92.59,85.19,88.89,22.07,16.33,4.16,25.19,1.52,4.64,1.15,14.07
BOS,2023-06-11,10,28,28,36,28,77.78,77.78,96.43,16.17,14.5,2.17,17.14,2.25,4.5,0.89,2.14
BOS,2023-06-11,11,29,20,32,22,90.63,87.5,81.82,5.0,15.34,2.99,6.97,1.91,3.4,2.86,11.18
BOS,2023-06-11,12,24,27,25,29,84.0,76.0,72.41,11.64,14.44,2.65,13.12,2.55,3.06,2.9,20.86
BOS,2023-06-11,13,30,36,33,39,78.79,75.76,89.74,8.45,12.88,1.22,8.85,2.97,4.17,4.9,5.44
BOS,2023-06-11,14,27,33,32,37,71.88,71.88,83.78,18.75,14.5,2.37,19.63,1.27,3.88,1.03,9.03
BOS,2023-06-11,15,26,32,28,33,75.0,75.0,90.91,18.14,15.57,3.2,20.0,0.61,6.09,0.73,5.67
BOS,2023-06-11,16,32,36,36,39,77.78,77.78,79.49,15.22,16.72,4.45,18.5,1.97,5.94,1.67,8.77
BOS,2023-06-11,17,40,35,39,40,76.92,69.23,75.0,7.82,19.13,6.04,12.64,2.67,6.26,3.28,8.05
BOS,2023-06-11,18,37,29,39,33,79.49,74.36,78.79,10.97,17.08,4.57,14.9,2.3,5.76,2.85,12.48
BOS,2023-06-11,19,31,37,34,37,94.12,67.65,78.38,3.88,23.24,9.71,11.47,2.86,3.47,0.57,7.95
BOS,2023-06-11,20,34,22,34,23,73.53,70.59,69.57,16.68,16.03,2.7,17.97,3.26,3.8,0.87,22.57
BOS,2023-06-11,21,10,22,9,22,66.67,66.67,86.36,15.56,14.44,2.08,15.67,4.45,1.84,0.14,9.36
BOS,2023-06-11,22,5,25,5,27,100.0,100.0,66.67,2.2,12.0,0.32,1.6,1.48,1.19,1.07,56.7
BOS,2023-06-11,23,7,32,7,30,100.0,85.71,66.67,4.14,16.0,3.37,6.29,2.2,1.25,5.07,29.2
BOS,2023-06-12,0,0,11,0,13,0.0,0.0,38.46,0.0,0.0,0.0,0.0,3.38,1.68,3.08,36.92
BOS,2023-06-12,1,0,3,2,3,0.0,0.0,100.0,35.0,13.0,0.1,34.5,0.33,0.23,0.0,3.0
BOS,2023-06-12,2,0,0,0,0,0.0,0.0,0.0,0.0,0.0,0.0,0.0,0.0,0.0,0.0,0.0
BOS,2023-06-12,3,0,0,0,0,0.0,0.0,0.0,0.0,0.0,0.0,0.0,0.0,0.0,0.0,0.0
BOS,2023-06-12,4,1,1,1,1,0.0,0.0,100.0,63.0,20.0,6.6,70.0,3.0,0.0,6.0,0.0
BOS,2023-06-12,5,12,8,13,8,92.31,92.31,87.5,2.0,13.92,1.69,3.08,0.25,2.6,0.0,7.25
BOS,2023-06-12,6,36,16,36,18,97.22,91.67,83.33,1.22,21.06,7.71,4.92,2.61,4.16,3.89,15.11
BOS,2023-06-12,7,46,20,46,21,95.65,78.26,95.24,1.8,23.98,10.31,8.39,3.81,4.58,2.86,3.1
BOS,2023-06-12,8,44,24,48,25,87.5,72.92,88.0,4.15,22.54,9.27,10.77,5.52,5.55,2.52,4.4
BOS,2023-06-12,9,26,25,27,28,81.48,74.07,96.43,4.22,16.11,3.41,6.04,3.07,2.91,0.46,1.36
BOS,2023-06-12,10,30,27,30,33,93.33,90.0,78.79,4.6,15.9,3.44,6.4,3.48,2.85,3.0,9.73
BOS,2023-06-12,11,32,25,34,24,82.35,79.41,95.83,8.12,16.44,3.31,9.94,4.21,1.4,0.96,1.38
BOS,2023-06-12,12,25,28,26,35,92.31,88.46,80.0,3.19,15.19,3.05,4.38,4.31,2.18,3.83,9.49
BOS,2023-06-12,13,29,35,33,35,72.73,60.61,85.71,10.73,20.03,7.25,16.55,3.49,2.05,0.74,5.06
BOS,2023-06-12,14,29,35,34,44,76.47,61.76,86.36,13.59,19.74,7.04,18.41,3.64,4.48,2.43,15.59
BOS,2023-06-12,15,25,35,26,38,65.38,57.69,76.32,17.77,21.35,8.13,23.88,3.42,3.16,1.5,19.26
BOS,2023-06-12,16,36,34,39,36,56.41,46.15,66.67,26.33,20.74,7.45,33.13,3.53,6.14,6.61,22.56
BOS,2023-06-12,17,40,36,39,37,56.41,30.77,64.86,43.69,25.69,12.64,55.56,2.95,5.12,6.16,22.89
BOS,2023-06-12,18,37,31,39,31,58.97,46.15,61.29,30.72,21.15,8.23,38.18,1.06,7.56,4.42,20.0
BOS,2023-06-12,19,32,37,32,37,56.25,50.0,56.76,23.0,18.13,5.01,26.97,2.0,7.27,5.86,22.46
BOS,2023-06-12,20,32,25,34,25,67.65,67.65,60.0,22.0,15.65,2.78,23.62,2.2,6.21,4.52,26.84
BOS,2023-06-12,21,11,21,12,21,66.67,66.67,57.14,28.42,15.42,2.43,30.58,3.14,6.9,3.29,76.48
BOS,2023-06-12,22,7,28,10,27,70.0,70.0,37.04,8.0,14.5,1.56,9.6,0.63,6.31,4.44,40.81
BOS,2023-06-12,23,7,31,8,31,75.0,50.0,51.61,24.25,15.25,2.46,26.25,1.06,4.09,4.58,37.06
BOS,2023-06-13,0,0,10,0,11,0.0,0.0,36.36,0.0,0.0,0.0,0.0,2.73,6.84,10.36,29.55
BOS,2023-06-13,1,1,3,1,3,0.0,0.0,66.67,26.0,12.0,0.0,25.0,2.33,1.63,3.33,10.33
BOS,2023-06-13,2,0,0,0,0,0.0,0.0,0.0,0.0,0.0,0.0,0.0,0.0,0.0,0.0,0.0
BOS,2023-06-13,3,0,0,0,0,0.0,0.0,0.0,0.0,0.0,0.0,0.0,0.0,0.0,0.0,0.0
BOS,2023-06-13,4,1,0,1,3,0.0,0.0,100.0,48.0,18.0,4.6,53.0,3.67,4.17,6.0,0.0
BOS,2023-06-13,5,12,8,13,11,84.62,84.62,54.55,3.69,15.38,3.44,6.08,2.09,6.62,6.09,16.73
BOS,2023-06-13,6,36,13,39,19,92.31,87.18,52.63,5.77,20.13,7.14,9.69,5.16,5.82,10.16,29.21
BOS,2023-06-13,7,44,20,49,19,77.55,75.51,68.42,10.18,18.69,5.25,13.41,1.47,6.62,3.95,37.42
BOS,2023-06-13,8,42,23,41,26,80.49,70.73,65.38,14.0,21.12,7.83,19.17,4.5,8.11,5.88,27.04
BOS,2023-06-13,9,30,26,29,26,65.52,62.07,84.62,15.38,17.66,4.63,18.45,11.65,5.6,11.08,12.92
BOS,2023-06-13,10,26,23,33,27,69.7,69.7,62.96,15.0,15.36,2.76,16.82,14.89,3.81,11.15,17.37
BOS,2023-06-13,11,25,24,26,27,65.38,61.54,59.26,17.5,16.58,3.92,20.38,12.52,3.54,6.3,19.07
BOS,2023-06-13,12,26,26,28,37,75.0,71.43,64.86,12.71,14.39,2.56,14.29,3.32,3.27,4.41,21.35
BOS,2023-06-13,13,27,34,38,41,71.05,63.16,73.17,12.95,15.5,2.88,15.29,3.95,4.11,6.9,13.95
BOS,2023-06-13,14,29,36,34,41,67.65,64.71,51.22,17.76,14.91,2.71,19.79,4.39,5.48,6.83,20.46
BOS,2023-06-13,15,24,33,28,38,78.57,67.86,44.74,9.21,17.89,4.83,13.46,3.68,3.93,2.76,24.84
BOS,2023-06-13,16,33,34,39,38,53.85,43.59,36.84,17.0,19.31,6.39,23.13,4.58,4.27,7.84,23.95
BOS,2023-06-13,17,41,36,46,40,54.35,43.48,35.0,21.91,21.24,8.08,29.3,7.68,5.68,10.05,26.25
BOS,2023-06-13,18,36,31,35,37,40.0,31.43,43.24,23.31,18.11,5.46,27.83,4.81,4.25,4.19,34.0
BOS,2023-06-13,19,30,34,34,39,47.06,41.18,30.77,29.97,18.79,5.66,34.79,5.23,6.16,7.72,24.05
BOS,2023-06-13,20,30,23,33,24,48.48,42.42,37.5,15.42,18.97,5.74,20.42,3.29,9.23,4.17,28.33
BOS,2023-06-13,21,10,22,11,23,45.45,36.36,78.26,25.09,16.82,3.61,28.45,5.17,6.04,2.22,18.35
BOS,2023-06-13,22,6,25,11,25,90.91,90.91,80.0,4.18,12.91,1.0,4.91,2.24,3.19,1.84,11.4
BOS,2023-06-13,23,7,28,7,29,57.14,42.86,79.31,24.43,20.14,7.07,31.14,1.17,6.11,6.17,9.07
BOS,2023-06-14,0,1,10,1,10,100.0,100.0,70.0,0.0,14.0,0.6,0.0,5.1,5.54,5.1,13.1
BOS,2023-06-14,1,0,3,0,3,0.0,0.0,66.67,0.0,0.0,0.0,0.0,0.33,1.57,3.0,20.33
BOS,2023-06-14,4,1,0,1,2,0.0,0.0,50.0,16.0,18.0,4.6,21.0,0.0,2.3,0.0,13.5
BOS,2023-06-14,5,12,7,13,9,92.31,84.62,77.78,1.85,16.08,3.39,3.69,0.33,1.94,3.67,18.33
BOS,2023-06-14,6,36,15,38,16,92.11,86.84,62.5,4.92,18.84,5.41,8.11,1.5,4.58,6.81,24.38
BOS,2023-06-14,7,44,21,46,19,95.65,73.91,78.95,1.96,26.67,12.94,10.37,3.63,5.21,3.11,11.68
BOS,2023-06-14,8,40,23,45,25,86.67,77.78,84.0,10.38,20.96,7.89,15.89,3.56,6.08,3.76,8.2
BOS,2023-06-14,9,27,25,34,28,91.18,91.18,85.71,4.74,16.59,3.67,6.65,5.57,3.34,4.0,5.64
BOS,2023-06-14,10,28,27,32,33,75.0,65.63,90.91,15.72,18.81,5.4,20.13,5.18,2.83,2.97,4.45
BOS,2023-06-14,11,30,25,34,27,91.18,85.29,81.48,4.03,16.35,3.44,5.91,5.0,3.62,3.67,8.3
BOS,2023-06-14,12,25,27,27,30,85.19,85.19,86.67,22.78,16.96,4.83,26.85,1.5,2.73,1.7,17.33
BOS,2023-06-14,13,28,34,30,40,73.33,60.0,80.0,31.3,18.13,5.72,36.23,4.97,3.42,3.7,16.88
BOS,2023-06-14,14,28,36,35,41,62.86,62.86,87.8,43.23,22.91,10.57,52.94,2.32,5.22,3.78,12.71
BOS,2023-06-14,15,25,35,28,37,75.0,46.43,70.27,20.71,29.57,16.2,35.14,5.59,5.34,9.32,20.68
BOS,2023-06-14,16,33,31,34,33,61.76,50.0,63.64,42.26,21.53,8.14,49.47,10.03,5.78,10.76,20.27
BOS,2023-06-14,17,39,35,42,34,59.52,54.76,47.06,44.33,24.26,10.96,54.6,14.5,8.81,19.76,42.12
BOS,2023-06-14,18,36,31,34,33,32.35,29.41,45.45,65.18,22.29,8.88,73.91,11.09,13.25,16.33,42.27
BOS,2023-06-14,19,31,34,32,39,12.5,6.25,28.21,87.94,26.16,12.7,100.72,12.15,16.65,20.95,40.72
BOS,2023-06-14,20,28,22,29,25,34.48,6.9,28.0,49.69,26.72,13.51,62.9,5.72,12.33,8.2,43.84
BOS,2023-06-14,21,11,22,10,25,30.0,30.0,52.0,32.7,15.9,2.64,35.3,5.16,8.26,8.56,37.2
BOS,2023-06-14,22,7,28,13,29,76.92,69.23,58.62,7.38,14.85,1.95,8.62,0.83,4.63,1.55,56.72
BOS,2023-06-14,23,6,30,7,29,57.14,42.86,68.97,43.86,20.57,8.53,52.14,2.03,4.13,4.34,45.0
BOS,2023-06-15,0,0,10,0,14,0.0,0.0,42.86,0.0,0.0,0.0,0.0,2.43,2.43,5.07,27.93
BOS,2023-06-15,1,1,4,1,3,100.0,100.0,100.0,0.0,13.0,0.0,0.0,2.0,0.57,0.0,1.0
BOS,2023-06-15,2,0,0,0,0,0.0,0.0,0.0,0.0,0.0,0.0,0.0,0.0,0.0,0.0,0.0
BOS,2023-06-15,3,0,0,0,0,0.0,0.0,0.0,0.0,0.0,0.0,0.0,0.0,0.0,0.0,0.0
BOS,2023-06-15,4,1,1,2,2,0.0,0.0,100.0,45.0,23.5,10.1,55.5,1.0,2.3,0.0,0.0
BOS,2023-06-15,5,12,14,12,10,83.33,83.33,80.0,14.17,15.42,2.38,15.67,0.5,3.5,2.8,6.7
BOS,2023-06-15,6,39,11,39,21,84.62,79.49,47.62,12.97,22.05,8.58,19.51,2.38,4.7,7.71,35.57
BOS,2023-06-15,7,45,19,50,18,84.0,42.0,77.78,10.96,28.52,14.91,23.9,13.39,5.01,6.33,37.17
BOS,2023-06-15,8,41,23,42,25,76.19,21.43,92.0,10.12,33.43,19.99,27.81,6.52,8.79,4.44,13.76
BOS,2023-06-15,9,32,27,35,28,80.0,51.43,89.29,8.66,26.8,13.31,19.14,3.89,2.75,2.64,6.11
BOS,2023-06-15,10,27,26,31,25,90.32,80.65,92.0,4.55,20.19,6.96,9.55,3.68,1.62,0.44,9.92
BOS,2023-06-15,11,26,27,31,30,70.97,67.74,90.0,11.65,16.94,3.81,13.71,3.23,3.0,1.33,4.0
BOS,2023-06-15,12,27,26,31,26,77.42,70.97,92.31,13.06,19.13,6.62,18.48,2.58,3.12,0.88,4.88
BOS,2023-06-15,13,29,40,31,45,77.42,48.39,73.33,10.42,23.61,10.49,19.81,4.82,2.81,2.67,16.47
BOS,2023-06-15,14,33,33,38,41,65.79,63.16,73.17,18.92,21.11,8.42,25.08,3.93,3.87,6.2,16.59
BOS,2023-06-15,15,23,38,26,38,65.38,61.54,76.32,31.0,24.27,10.92,40.23,2.21,4.62,2.05,15.71
BOS,2023-06-15,16,37,34,40,35,67.5,62.5,82.86,25.52,20.93,7.64,32.45,2.4,4.34,2.31,16.43
BOS,2023-06-15,17,40,37,41,40,68.29,51.22,70.0,20.73,25.73,12.31,32.15,5.28,4.91,4.85,15.25
BOS,2023-06-15,18,35,31,37,35,62.16,45.95,60.0,21.57,23.68,10.71,31.49,2.86,3.25,4.34,22.4
BOS,2023-06-15,19,31,33,33,36,66.67,39.39,58.33,17.39,25.94,12.38,27.12,3.36,4.33,3.36,37.83
BOS,2023-06-15,20,33,27,36,28,58.33,58.33,82.14,24.64,18.61,5.08,28.42,1.64,5.94,1.25,9.04
BOS,2023-06-15,21,10,22,11,23,72.73,45.45,52.17,21.36,21.55,8.2,28.36,4.0,4.69,6.48,49.26
BOS,2023-06-15,22,7,24,12,26,100.0,91.67,69.23,3.42,18.33,4.88,6.33,1.92,4.01,5.77,19.85
BOS,2023-06-15,23,8,28,8,30,62.5,62.5,40.0,17.75,19.38,5.96,22.0,2.4,1.13,3.7,34.93
BOS,2023-06-16,0,0,9,0,10,0.0,0.0,60.0,0.0,0.0,0.0,0.0,1.1,2.36,0.0,16.3
BOS,2023-06-16,1,0,3,0,4,0.0,0.0,100.0,0.0,0.0,0.0,0.0,1.5,0.45,0.0,1.25
BOS,2023-06-16,2,0,0,0,0,0.0,0.0,0.0,0.0,0.0,0.0,0.0,0.0,0.0,0.0,0.0
BOS,2023-06-16,3,0,0,0,0,0.0,0.0,0.0,0.0,0.0,0.0,0.0,0.0,0.0,0.0,0.0
BOS,2023-06-16,4,1,2,1,3,100.0,100.0,100.0,0.0,17.0,3.6,2.0,0.33,0.8,1.0,1.0
BOS,2023-06-16,5,12,13,13,15,92.31,92.31,46.67,1.92,15.15,2.58,2.92,1.2,1.76,4.6,29.0
BOS,2023-06-16,6,39,11,39,16,84.62,74.36,75.0,12.67,21.77,8.33,18.56,2.0,6.13,4.38,12.94
BOS,2023-06-16,7,47,18,46,16,84.78,69.57,87.5,8.46,21.0,7.38,13.48,2.25,4.23,1.88,7.13
BOS,2023-06-16,8,40,26,44,26,81.82,72.73,88.46,7.59,21.59,8.17,14.07,2.69,7.38,1.92,5.31
BOS,2023-06-16,9,34,29,32,33,93.75,93.75,84.85,12.34,20.0,6.62,16.41,3.7,2.15,2.73,17.73
BOS,2023-06-16,10,26,25,35,29,77.14,74.29,82.76,16.46,15.2,3.09,18.26,3.34,3.51,2.9,30.55
BOS,2023-06-16,11,30,30,28,28,67.86,67.86,89.29,52.89,19.18,6.29,57.54,2.18,3.14,1.29,16.82
BOS,2023-06-16,12,27,24,31,30,74.19,67.74,80.0,21.1,16.68,4.48,24.65,1.93,2.18,5.0,7.67
BOS,2023-06-16,13,28,37,31,40,67.74,58.06,80.0,27.23,17.45,4.78,31.48,5.55,4.24,8.28,19.9
BOS,2023-06-16,14,31,35,35,39,71.43,57.14,66.67,28.74,20.66,8.44,36.51,11.92,5.33,13.95,38.95
BOS,2023-06-16,15,22,42,24,44,66.67,54.17,59.09,30.0,21.75,8.41,37.63,5.18,4.48,7.45,24.0
BOS,2023-06-16,16,39,33,44,34,56.82,50.0,61.76,33.55,21.45,9.04,41.66,10.29,6.53,13.85,37.12
BOS,2023-06-16,17,42,35,38,34,60.53,42.11,50.0,35.66,28.05,15.07,49.71,5.35,8.79,12.97,28.26
BOS,2023-06-16,18,33,34,33,35,48.48,24.24,54.29,32.52,36.09,22.65,54.67,4.26,6.83,7.0,26.4
BOS,2023-06-16,19,32,33,30,36,53.33,3.33,63.89,20.73,35.83,22.19,42.0,3.56,8.73,7.53,24.89
BOS,2023-06-16,20,34,26,34,28,64.71,29.41,53.57,17.06,32.29,18.76,34.71,2.0,11.11,7.25,21.82
BOS,2023-06-16,21,10,24,12,22,41.67,25.0,36.36,21.83,21.0,7.97,28.58,4.18,6.8,8.68,68.14
BOS,2023-06-16,22,7,28,11,28,72.73,63.64,50.0,12.27,15.18,2.35,13.64,0.89,2.5,1.75,43.18
BOS,2023-06-16,23,8,28,8,26,25.0,25.0,50.0,45.0,13.75,1.96,46.25,1.54,2.08,1.85,69.81
BOS,2023-06-17,0,0,5,0,10,0.0,0.0,50.0,0.0,0.0,0.0,0.0,3.4,1.42,0.0,40.7
BOS,2023-06-17,1,1,4,1,3,100.0,100.0,100.0,0.0,25.0,11.6,7.0,0.33,0.0,0.0,0.0
BOS,2023-06-17,2,0,0,0,0,0.0,0.0,0.0,0.0,0.0,0.0,0.0,0.0,0.0,0.0,0.0
BOS,2023-06-17,3,0,0,0,0,0.0,0.0,0.0,0.0,0.0,0.0,0.0,0.0,0.0,0.0,0.0
BOS,2023-06-17,4,1,2,1,2,100.0,100.0,100.0,14.0,13.0,0.0,14.0,0.0,3.95,6.0,0.0
BOS,2023-06-17,5,11,12,11,13,90.91,90.91,53.85,5.82,11.18,0.32,5.91,1.54,3.77,5.54,18.69
BOS,2023-06-17,6,33,10,33,13,78.79,75.76,61.54,9.27,14.24,1.63,10.12,2.23,3.45,3.0,36.15
BOS,2023-06-17,7,44,11,44,14,77.27,65.91,64.29,9.5,17.75,4.58,13.11,13.29,3.06,2.79,23.0
BOS,2023-06-17,8,39,19,39,17,79.49,74.36,76.47,11.05,17.92,4.85,13.77,4.12,3.71,1.24,7.53
BOS,2023-06-17,9,34,22,37,21,70.27,67.57,85.71,11.89,13.86,2.09,12.86,2.1,2.7,0.33,10.76
BOS,2023-06-17,10,27,28,31,30,80.65,80.65,83.33,28.26,12.58,0.9,28.48,1.4,3.62,3.0,7.23
BOS,2023-06-17,11,25,22,26,24,76.92,76.92,70.83,9.5,12.38,1.47,9.58,25.83,2.14,24.5,51.92
BOS,2023-06-17,12,21,20,21,22,76.19,76.19,95.45,25.38,12.48,1.67,26.48,2.73,2.64,2.73,4.82
BOS,2023-06-17,13,24,30,24,31,79.17,62.5,83.87,9.83,19.58,6.85,15.96,2.77,3.81,2.1,13.74
BOS,2023-06-17,14,15,30,16,35,87.5,75.0,71.43,19.13,14.81,3.62,21.81,3.06,5.43,3.63,23.17
BOS,2023-06-17,15,26,41,31,38,80.65,74.19,60.53,9.23,15.81,3.42,11.58,5.13,6.66,8.05,28.82
BOS,2023-06-17,16,34,27,34,24,52.94,29.41,79.17,30.32,22.0,9.05,39.21,3.83,5.85,7.92,9.88
BOS,2023-06-17,17,39,35,37,36,67.57,40.54,69.44,11.08,23.32,10.31,20.95,4.06,7.13,5.33,20.78
BOS,2023-06-17,18,31,31,30,31,63.33,53.33,70.97,29.57,17.1,4.78,33.5,4.52,5.47,4.35,53.48
BOS,2023-06-17,19,19,21,20,24,60.0,50.0,79.17,54.05,14.75,2.17,55.8,3.75,4.27,1.58,14.92
BOS,2023-06-17,20,14,24,16,26,68.75,68.75,53.85,34.19,15.81,3.57,36.44,1.27,6.81,5.0,47.96
BOS,2023-06-17,21,9,15,11,15,63.64,63.64,66.67,25.27,14.91,2.59,26.36,0.47,5.13,1.6,23.0
BOS,2023-06-17,22,6,24,6,23,66.67,66.67,69.57,12.17,13.0,1.13,13.5,1.57,6.76,3.43,17.83
BOS,2023-06-17,23,8,23,8,22,50.0,50.0,54.55,14.63,14.88,2.46,16.75,0.95,5.4,4.36,28.91
BOS,2023-06-18,0,1,10,1,5,100.0,100.0,20.0,0.0,8.0,0.0,0.0,0.4,4.06,5.6,208.2
BOS,2023-06-18,1,0,3,0,5,0.0,0.0,80.0,0.0,0.0,0.0,0.0,2.8,1.42,2.8,9.8
BOS,2023-06-18,2,0,0,1,0,100.0,0.0,0.0,0.0,30.0,16.6,17.0,0.0,0.0,0.0,0.0
BOS,2023-06-18,3,0,0,0,0,0.0,0.0,0.0,0.0,0.0,0.0,0.0,0.0,0.0,0.0,0.0
BOS,2023-06-18,4,1,2,1,3,0.0,0.0,33.33,15.0,17.0,3.6,19.0,1.0,3.57,11.0,24.0
BOS,2023-06-18,5,10,14,10,13,90.0,90.0,69.23,7.4,15.3,2.27,8.8,0.08,1.75,2.0,27.38
BOS,2023-06-18,6,35,9,34,7,88.24,88.24,85.71,9.38,16.47,3.37,11.41,1.43,2.51,1.0,5.29
BOS,2023-06-18,7,43,10,41,9,85.37,80.49,66.67,7.27,19.27,5.78,11.37,0.89,0.3,0.0,15.89
BOS,2023-06-18,8,42,23,43,20,81.4,69.77,90.0,26.37,21.63,8.3,32.63,3.05,4.43,2.15,22.0
BOS,2023-06-18,9,31,26,27,25,70.37,66.67,84.0,19.22,17.63,4.7,22.11,2.12,3.58,1.36,15.48
BOS,2023-06-18,10,26,27,30,30,80.0,80.0,86.67,44.4,14.17,2.64,46.57,2.97,4.57,2.9,36.17
BOS,2023-06-18,11,28,24,26,24,88.46,84.62,91.67,4.58,13.88,2.1,5.77,1.88,2.6,2.04,8.17
BOS,2023-06-18,12,25,26,27,29,85.19,66.67,82.76,18.52,14.93,2.76,20.81,3.17,2.34,1.97,5.76
BOS,2023-06-18,13,31,39,30,40,70.0,60.0,82.5,13.73,16.6,4.31,16.93,4.2,3.85,1.7,18.83
BOS,2023-06-18,14,30,33,32,35,68.75,65.63,80.0,23.56,15.06,2.83,25.75,3.0,4.93,3.74,12.69
BOS,2023-06-18,15,24,38,28,42,85.71,85.71,80.95,4.57,15.11,2.49,6.25,1.95,4.56,3.38,17.9
BOS,2023-06-18,16,35,36,37,41,67.57,64.86,78.05,29.78,14.84,2.38,31.84,2.61,4.61,2.39,11.49
BOS,2023-06-18,17,42,38,43,39,79.07,67.44,79.49,11.16,18.33,5.7,15.6,2.59,6.48,3.44,16.0
BOS,2023-06-18,18,36,31,37,36,72.97,56.76,80.56,14.84,16.92,4.11,18.57,1.17,4.93,1.97,16.53
BOS,2023-06-18,19,32,35,31,33,74.19,64.52,78.79,13.03,16.32,3.75,15.65,2.79,7.56,3.42,7.21
BOS,2023-06-18,20,34,26,33,28,72.73,66.67,64.29,18.24,17.48,4.36,20.73,1.5,7.98,2.61,16.04
BOS,2023-06-18,21,8,23,9,23,66.67,44.44,65.22,28.44,17.78,4.54,31.67,2.3,6.53,2.57,12.48
BOS,2023-06-18,22,6,25,8,24,50.0,50.0,79.17,21.0,13.13,0.98,21.13,0.46,3.17,1.04,14.04
BOS,2023-06-18,23,8,28,8,30,62.5,62.5,56.67,31.13,13.75,1.09,31.63,5.27,2.88,3.37,56.73
BOS,2023-06-19,0,0,9,1,10,100.0,100.0,80.0,0.0,14.0,0.0,0.0,2.5,2.77,0.7,12.3
BOS,2023-06-19,1,0,3,1,3,100.0,100.0,66.67,0.0,13.0,0.0,0.0,0.0,1.97,0.0,7.33
BOS,2023-06-19,2,0,0,0,0,0.0,0.0,0.0,0.0,0.0,0.0,0.0,0.0,0.0,0.0,0.0
BOS,2023-06-19,4,1,3,2,3,100.0,100.0,66.67,0.0,19.5,6.1,5.0,1.67,0.83,1.67,7.67
BOS,2023-06-19,5,12,13,12,13,83.33,83.33,69.23,28.17,12.42,1.14,28.42,0.23,1.7,1.69,73.46
BOS,2023-06-19,6,38,9,37,9,89.19,83.78,77.78,11.41,14.89,2.09,12.41,1.67,5.9,1.22,9.67
BOS,2023-06-19,7,49,18,49,15,95.92,89.8,80.0,1.92,18.73,5.36,5.1,1.53,4.71,0.33,4.27
BOS,2023-06-19,8,44,27,44,26,86.36,84.09,92.31,8.09,15.77,3.26,9.77,2.46,5.46,2.46,4.42
BOS,2023-06-19,9,30,28,32,27,93.75,93.75,92.59,2.22,12.19,0.78,2.16,1.89,3.17,0.96,4.3
BOS,2023-06-19,10,27,26,26,31,92.31,92.31,93.55,4.08,13.5,1.4,4.15,1.26,2.85,0.9,2.58
BOS,2023-06-19,11,31,26,36,27,91.67,88.89,88.89,14.97,13.83,2.28,16.33,1.93,3.76,2.15,12.74
BOS,2023-06-19,12,26,27,27,27,88.89,88.89,88.89,13.15,13.78,1.73,13.93,1.56,3.05,1.19,2.93
BOS,2023-06-19,13,29,38,35,44,85.71,82.86,79.55,4.66,13.63,1.75,5.6,2.48,3.86,1.66,12.73
BOS,2023-06-19,14,31,35,37,39,72.97,70.27,79.49,17.19,14.51,2.81,19.16,3.15,4.62,2.64,10.13
BOS,2023-06-19,15,23,41,27,43,77.78,74.07,81.4,11.19,15.3,2.4,12.74,1.88,4.64,1.33,7.3
BOS,2023-06-19,16,39,32,40,34,82.5,77.5,88.24,13.85,14.68,2.53,15.83,2.65,4.68,1.21,6.65
BOS,2023-06-19,17,40,36,43,37,81.4,72.09,72.97,16.77,17.56,4.92,20.19,1.81,4.94,1.46,16.68
BOS,2023-06-19,18,36,33,37,32,78.38,72.97,96.88,18.89,15.57,3.26,20.78,1.38,3.08,1.03,1.47
BOS,2023-06-19,19,31,34,31,39,80.65,67.74,79.49,16.55,17.97,4.78,20.06,2.0,3.93,4.08,14.64
BOS,2023-06-19,20,33,27,34,29,73.53,70.59,79.31,17.44,18.32,5.03,20.88,1.69,6.57,1.45,17.21
BOS,2023-06-19,21,10,23,12,24,75.0,75.0,83.33,9.75,17.25,4.21,12.67,4.13,2.39,0.83,20.33
BOS,2023-06-19,22,7,27,12,30,91.67,91.67,70.0,10.08,14.83,1.95,11.33,2.77,2.86,1.93,19.43
BOS,2023-06-19,23,8,28,10,28,50.0,60.0,67.86,33.7,18.3,5.99,39.1,2.39,0.71,3.43,18.89
BOS,2023-06-20,0,0,7,0,9,0.0,0.0,55.56,0.0,0.0,0.0,0.0,2.67,0.44,1.89,63.78
BOS,2023-06-20,1,1,3,1,3,100.0,100.0,100.0,10.0,12.0,0.0,9.0,0.0,1.1,0.0,3.0
BOS,2023-06-20,2,0,0,0,0,0.0,0.0,0.0,0.0,0.0,0.0,0.0,0.0,0.0,0.0,0.0
BOS,2023-06-20,3,0,0,0,0,0.0,0.0,0.0,0.0,0.0,0.0,0.0,0.0,0.0,0.0,0.0
BOS,2023-06-20,4,1,2,1,4,0.0,0.0,100.0,68.0,20.0,6.6,75.0,0.0,2.88,2.0,0.25
BOS,2023-06-20,5,12,12,12,15,91.67,91.67,60.0,4.67,11.5,0.35,4.92,0.67,3.81,5.33,45.07
BOS,2023-06-20,6,38,10,38,14,94.74,94.74,85.71,1.66,18.39,5.18,4.58,3.5,6.42,2.43,6.71
BOS,2023-06-20,7,48,18,50,18,84.0,78.0,72.22,14.86,17.72,4.3,17.48,11.5,6.07,6.44,10.28
BOS,2023-06-20,8,41,24,46,27,93.48,80.43,88.89,3.22,19.52,7.0,7.72,2.04,8.59,3.37,7.59
BOS,2023-06-20,9,32,29,34,29,79.41,73.53,93.1,16.32,16.74,4.06,19.56,1.28,4.2,1.24,3.34
BOS,2023-06-20,10,25,25,25,30,92.0,92.0,90.0,5.2,13.88,1.41,5.6,1.4,3.8,1.97,5.93
BOS,2023-06-20,11,27,25,28,27,82.14,78.57,92.59,7.29,13.71,1.7,8.54,2.56,3.62,2.37,4.19
BOS,2023-06-20,12,28,28,29,30,89.66,86.21,83.33,4.38,12.76,1.24,4.66,1.1,2.98,2.67,6.2
BOS,2023-06-20,13,27,36,31,40,93.55,90.32,87.5,4.52,14.84,2.87,6.42,8.75,4.29,7.97,21.13
BOS,2023-06-20,14,31,34,33,37,84.85,81.82,81.08,7.12,15.79,3.35,9.03,1.27,4.74,1.05,9.3
BOS,2023-06-20,15,22,39,27,39,96.3,88.89,84.62,12.22,16.85,4.22,15.33,1.87,4.06,0.1,4.33
BOS,2023-06-20,16,35,32,37,35,67.57,64.86,77.14,17.38,14.81,2.0,18.76,2.63,5.36,2.94,9.23
BOS,2023-06-20,17,41,37,46,40,76.09,58.7,80.0,13.13,19.15,6.28,18.67,3.23,4.71,3.6,7.58
BOS,2023-06-20,18,35,31,38,37,68.42,55.26,86.49,13.39,20.03,7.23,19.58,1.54,4.33,2.0,6.35
BOS,2023-06-20,19,28,34,31,43,90.32,77.42,83.72,4.03,19.0,5.65,8.19,2.33,5.84,2.53,13.21
BOS,2023-06-20,20,27,25,29,26,79.31,79.31,65.38,8.34,14.9,2.29,9.14,1.69,7.93,2.04,17.0
BOS,2023-06-20,21,10,22,10,22,60.0,60.0,72.73,10.7,16.0,3.05,13.0,1.77,4.51,1.55,13.73
BOS,2023-06-20,22,6,24,11,24,90.91,90.91,66.67,3.73,12.09,0.85,3.73,0.08,5.03,1.88,24.42
BOS,2023-06-20,23,8,22,8,23,87.5,62.5,65.22,7.38,15.88,2.99,10.25,0.91,2.48,3.74,38.87
BOS,2023-06-21,0,1,8,1,6,0.0,0.0,50.0,30.0,17.0,3.6,34.0,1.0,2.55,6.33,75.83
BOS,2023-06-21,1,0,3,0,3,0.0,0.0,66.67,0.0,0.0,0.0,0.0,0.0,2.23,0.0,26.67
BOS,2023-06-21,2,0,0,0,0,0.0,0.0,0.0,0.0,0.0,0.0,0.0,0.0,0.0,0.0,0.0
BOS,2023-06-21,3,0,0,0,0,0.0,0.0,0.0,0.0,0.0,0.0,0.0,0.0,0.0,0.0,0.0
BOS,2023-06-21,4,1,2,1,5,100.0,100.0,60.0,0.0,17.0,3.6,0.0,3.0,2.5,7.6,9.0
BOS,2023-06-21,5,12,12,12,13,83.33,100.0,61.54,2.58,11.75,0.4,2.42,0.77,2.34,5.77,50.31
BOS,2023-06-21,6,39,11,39,14,92.31,89.74,57.14,11.36,16.51,3.42,13.05,3.5,7.69,5.43,18.5
BOS,2023-06-21,7,46,18,49,16,79.59,77.55,75.0,13.92,18.43,5.0,16.98,1.25,7.47,6.75,9.13
BOS,2023-06-21,8,38,25,45,24,77.78,66.67,70.83,11.38,18.24,5.22,14.84,3.75,5.37,5.79,13.33
BOS,2023-06-21,9,30,28,28,26,78.57,75.0,92.31,8.04,16.36,3.35,9.79,2.04,3.89,1.42,3.54
BOS,2023-06-21,10,27,26,31,34,90.32,90.32,91.18,4.52,15.61,3.36,6.39,3.32,2.39,2.32,9.82
BOS,2023-06-21,11,29,26,31,29,90.32,87.1,86.21,12.0,15.58,4.03,14.23,2.03,3.33,2.24,4.31
BOS,2023-06-21,12,26,27,29,27,72.41,65.52,77.78,11.62,12.59,1.23,11.97,1.11,2.35,1.3,22.67
BOS,2023-06-21,13,26,35,29,40,75.86,68.97,80.0,15.86,15.31,3.87,18.62,2.83,3.17,2.23,11.68
BOS,2023-06-21,14,31,34,38,42,84.21,81.58,88.1,14.11,15.32,3.56,16.47,2.36,5.15,3.1,5.45
BOS,2023-06-21,15,23,41,29,48,72.41,58.62,87.5,14.41,19.59,6.12,19.48,1.42,5.65,1.35,5.79
BOS,2023-06-21,16,36,32,41,35,75.61,53.66,88.57,12.73,20.49,7.7,18.61,3.0,5.15,3.74,4.37
BOS,2023-06-21,17,40,35,48,38,83.33,75.0,73.68,7.27,19.02,6.36,12.08,2.16,4.23,2.37,18.32
BOS,2023-06-21,18,34,30,35,36,80.0,77.14,72.22,16.63,15.31,2.66,18.4,1.47,4.96,4.19,13.08
BOS,2023-06-21,19,30,34,33,38,78.79,69.7,81.58,12.97,16.73,3.83,15.67,2.45,4.79,1.89,8.58
BOS,2023-06-21,20,28,27,29,32,86.21,86.21,68.75,7.48,17.1,4.28,9.76,2.19,5.43,5.22,28.28
BOS,2023-06-21,21,11,21,11,23,90.91,90.91,73.91,14.82,15.82,3.17,17.36,8.22,6.31,8.7,18.43
BOS,2023-06-21,22,7,25,13,26,100.0,100.0,69.23,0.08,13.69,1.48,0.69,1.65,4.82,3.62,51.19
BOS,2023-06-21,23,7,27,7,27,85.71,71.43,59.26,9.43,16.29,3.33,11.86,1.48,2.89,5.44,28.81
BOS,2023-06-22,0,0,10,0,8,0.0,0.0,50.0,0.0,0.0,0.0,0.0,2.0,2.14,2.38,27.0
BOS,2023-06-22,1,1,4,1,3,100.0,100.0,66.67,0.0,13.0,0.0,0.0,1.0,0.43,0.0,9.67
BOS,2023-06-22,2,0,0,0,0,0.0,0.0,0.0,0.0,0.0,0.0,0.0,0.0,0.0,0.0,0.0
BOS,2023-06-22,3,0,0,0,0,0.0,0.0,0.0,0.0,0.0,0.0,0.0,0.0,0.0,0.0,0.0
BOS,2023-06-22,4,1,2,1,4,0.0,0.0,100.0,22.0,17.0,3.6,26.0,0.0,0.43,0.25,0.0
BOS,2023-06-22,5,12,13,14,14,92.86,92.86,57.14,3.14,11.71,0.58,3.71,8.86,2.2,18.07,33.07
BOS,2023-06-22,6,39,10,37,16,100.0,100.0,68.75,0.41,16.59,3.32,1.62,3.25,8.23,7.63,13.5
BOS,2023-06-22,7,48,18,49,16,85.71,83.67,62.5,5.63,18.78,5.42,8.51,1.81,6.27,2.69,14.38
BOS,2023-06-22,8,42,25,46,27,78.26,69.57,81.48,17.02,16.39,3.76,19.54,5.3,6.33,4.04,12.85
BOS,2023-06-22,9,33,28,40,27,82.5,80.0,81.48,5.45,15.48,2.77,6.75,2.07,4.58,2.56,9.07
BOS,2023-06-22,10,29,28,30,31,80.0,80.0,80.65,14.33,14.23,2.07,15.2,1.16,3.41,1.84,6.71
BOS,2023-06-22,11,27,28,32,32,71.88,71.88,78.13,9.13,15.13,2.54,10.81,1.72,2.97,2.34,11.56
BOS,2023-06-22,12,28,27,36,26,63.89,66.67,84.62,30.81,14.17,1.87,32.08,1.27,2.9,1.58,6.15
BOS,2023-06-22,13,29,38,28,46,82.14,67.86,80.43,7.57,18.46,6.09,12.21,2.54,4.35,5.52,9.57
BOS,2023-06-22,14,30,36,39,39,79.49,74.36,76.92,14.59,14.87,2.55,16.15,3.05,4.72,3.18,11.69
BOS,2023-06-22,15,23,38,25,42,72.0,68.0,73.81,12.24,17.0,4.87,16.36,2.64,4.64,5.05,14.52
BOS,2023-06-22,16,38,33,44,40,68.18,65.91,77.5,16.25,18.16,4.97,20.48,2.58,5.45,5.3,11.6
BOS,2023-06-22,17,42,35,45,35,71.11,64.44,65.71,12.62,17.93,4.97,17.07,2.8,4.97,2.29,24.97
BOS,2023-06-22,18,35,33,37,35,70.27,67.57,60.0,14.22,14.08,1.6,15.11,1.66,3.58,3.97,42.86
BOS,2023-06-22,19,31,33,34,41,70.59,67.65,73.17,24.47,15.24,2.27,26.12,3.27,5.14,3.05,17.59
BOS,2023-06-22,20,33,27,34,30,67.65,64.71,66.67,26.91,15.65,2.79,27.79,3.37,2.98,1.43,19.7
BOS,2023-06-22,21,10,22,12,25,83.33,75.0,60.0,13.92,15.75,2.73,15.83,2.32,5.4,2.08,22.36
BOS,2023-06-22,22,7,24,12,26,91.67,91.67,57.69,4.0,13.42,1.47,5.08,1.15,4.02,4.23,38.12
BOS,2023-06-22,23,8,28,8,28,62.5,62.5,39.29,10.25,14.25,1.31,11.63,1.39,2.85,2.18,54.5
BOS,2023-06-23,0,0,10,0,10,0.0,0.0,50.0,0.0,0.0,0.0,0.0,2.0,1.86,0.7,33.5
BOS,2023-06-23,1,0,2,0,4,0.0,0.0,100.0,0.0,0.0,0.0,0.0,0.0,0.58,0.0,0.0
BOS,2023-06-23,2,0,0,0,0,0.0,0.0,0.0,0.0,0.0,0.0,0.0,0.0,0.0,0.0,0.0
BOS,2023-06-23,4,1,2,1,4,100.0,100.0,100.0,4.0,15.0,1.6,6.0,0.0,1.23,0.25,0.0
BOS,2023-06-23,5,12,12,13,15,84.62,84.62,53.33,4.85,13.15,1.25,5.77,0.93,3.13,5.07,26.67
BOS,2023-06-23,6,39,12,40,14,87.5,85.0,78.57,6.2,18.77,5.62,9.05,2.36,6.82,2.71,21.29
BOS,2023-06-23,7,49,18,49,18,95.92,85.71,77.78,7.0,22.04,8.78,13.08,2.0,6.22,4.17,8.72
BOS,2023-06-23,8,39,27,42,26,85.71,80.95,84.62,14.12,17.5,4.45,17.05,3.38,5.03,3.42,25.92
BOS,2023-06-23,9,35,29,35,31,82.86,80.0,87.1,12.94,15.71,3.26,14.54,4.03,2.82,1.39,11.9
BOS,2023-06-23,10,27,25,31,32,87.1,70.97,81.25,13.84,18.58,6.51,19.32,1.28,3.42,3.13,20.06
BOS,2023-06-23,11,29,31,32,30,75.0,71.88,80.0,22.09,14.75,2.12,23.13,3.4,2.87,4.17,7.53
BOS,2023-06-23,12,27,23,31,23,70.97,70.97,86.96,10.68,14.06,2.52,12.55,4.61,2.89,1.61,6.3
BOS,2023-06-23,13,27,35,26,42,65.38,53.85,69.05,10.38,18.31,5.87,14.46,2.55,3.92,2.17,32.07
BOS,2023-06-23,14,32,37,35,36,74.29,68.57,69.44,16.03,15.54,3.52,18.43,3.86,4.01,1.81,40.33
BOS,2023-06-23,15,23,40,23,43,60.87,52.17,74.42,24.91,16.09,3.36,27.48,3.09,4.61,1.7,20.16
BOS,2023-06-23,16,38,35,39,35,51.28,41.03,54.29,45.87,18.51,5.81,50.46,3.06,5.68,11.14,34.17
BOS,2023-06-23,17,42,33,44,36,61.36,43.18,58.33,25.48,24.73,11.73,36.41,4.61,6.06,7.64,36.58
BOS,2023-06-23,18,33,35,37,39,62.16,43.24,51.28,29.84,19.05,6.22,35.78,3.05,4.42,9.69,27.41
BOS,2023-06-23,19,32,34,36,34,63.89,55.56,55.88,25.97,20.14,7.03,32.17,2.41,5.74,5.76,29.35
BOS,2023-06-23,20,34,26,34,28,61.76,47.06,46.43,23.62,20.41,7.34,29.32,2.57,5.21,5.39,41.18
BOS,2023-06-23,21,10,25,9,24,44.44,33.33,41.67,26.0,18.44,5.16,30.67,4.71,5.7,3.96,54.75
BOS,2023-06-23,22,7,27,12,28,83.33,66.67,42.86,9.08,16.83,3.53,12.5,1.82,2.28,3.0,39.0
BOS,2023-06-23,23,8,28,8,28,25.0,25.0,25.0,33.88,14.0,1.36,34.25,3.0,1.02,2.25,43.04
BOS,2023-06-24,0,0,6,0,9,0.0,0.0,77.78,0.0,0.0,0.0,0.0,4.0,0.39,1.78,16.33
BOS,2023-06-24,1,1,3,1,3,100.0,100.0,66.67,0.0,13.0,0.0,0.0,2.0,0.27,2.67,11.67
BOS,2023-06-24,2,0,0,0,0,0.0,0.0,0.0,0.0,0.0,0.0,0.0,0.0,0.0,0.0,0.0
BOS,2023-06-24,4,1,2,1,2,0.0,0.0,50.0,17.0,16.0,2.6,20.0,0.0,0.95,0.0,13.0
BOS,2023-06-24,5,11,11,11,12,100.0,100.0,91.67,0.55,15.18,2.35,1.55,0.0,1.83,1.25,2.75
BOS,2023-06-24,6,33,10,33,12,81.82,81.82,58.33,7.64,17.03,3.9,10.24,0.58,4.05,0.75,28.83
BOS,2023-06-24,7,45,11,43,13,95.35,76.74,69.23,4.58,22.07,8.36,10.63,1.69,1.3,2.92,13.15
BOS,2023-06-24,8,38,20,41,19,75.61,65.85,94.74,17.61,20.05,6.61,22.59,3.74,1.23,1.68,2.63
BOS,2023-06-24,9,35,23,37,23,78.38,75.68,78.26,7.32,19.73,6.49,12.27,1.43,2.59,2.35,12.09
BOS,2023-06-24,10,28,27,30,30,86.67,86.67,93.33,28.97,16.7,3.6,31.13,3.6,2.9,3.23,7.5
BOS,2023-06-24,11,25,22,21,20,80.95,66.67,80.0,8.1,20.52,7.31,14.43,2.65,0.96,3.05,10.0
BOS,2023-06-24,12,20,20,21,26,71.43,71.43,76.92,15.67,17.05,4.45,18.86,4.73,3.17,3.08,10.5
BOS,2023-06-24,13,24,28,31,29,74.19,74.19,86.21,9.58,17.94,5.67,14.87,3.69,2.08,2.9,12.55
BOS,2023-06-24,14,15,32,17,33,76.47,47.06,69.7,14.12,19.12,6.65,20.53,5.91,3.88,5.48,17.39
BOS,2023-06-24,15,26,40,27,45,62.96,59.26,75.56,21.81,18.96,5.44,25.78,9.38,3.38,7.33,12.64
BOS,2023-06-24,16,33,29,39,33,74.36,61.54,72.73,13.51,21.74,8.41,21.31,8.24,3.06,6.21,12.24
BOS,2023-06-24,17,40,33,37,38,54.05,32.43,42.11,24.38,25.3,12.06,35.73,7.0,3.96,5.76,46.21
BOS,2023-06-24,18,30,31,35,28,48.57,34.29,85.71,23.2,21.03,7.88,30.83,4.54,5.57,2.82,7.29
BOS,2023-06-24,19,19,22,20,30,75.0,70.0,73.33,24.6,15.95,3.29,27.35,3.93,2.79,4.17,33.9
BOS,2023-06-24,20,15,24,15,25,53.33,53.33,60.0,42.4,17.27,4.27,46.0,0.92,4.04,2.76,45.24
BOS,2023-06-24,21,9,15,9,18,55.56,55.56,77.78,14.78,13.44,1.19,14.89,2.17,1.39,1.22,12.56
BOS,2023-06-24,22,5,23,6,22,33.33,33.33,59.09,76.67,18.5,5.83,79.0,1.14,2.61,1.5,23.5
BOS,2023-06-24,23,8,23,9,18,66.67,55.56,44.44,23.33,16.78,4.14,26.67,0.83,1.72,3.61,56.78
BOS,2023-06-25,0,1,11,2,7,50.0,50.0,57.14,11.5,15.5,2.3,14.0,0.71,0.51,10.71,164.86
BOS,2023-06-25,1,0,2,0,3,0.0,0.0,100.0,0.0,0.0,0.0,0.0,1.0,0.23,0.0,0.0
BOS,2023-06-25,2,0,0,0,0,0.0,0.0,0.0,0.0,0.0,0.0,0.0,0.0,0.0,0.0,0.0
BOS,2023-06-25,4,1,2,1,3,0.0,0.0,100.0,17.0,13.0,0.0,17.0,0.67,2.73,3.0,3.33
BOS,2023-06-25,5,10,13,10,12,70.0,70.0,58.33,8.8,15.0,2.74,10.9,1.08,4.33,5.0,74.17
BOS,2023-06-25,6,36,10,37,9,86.49,81.08,77.78,6.7,17.46,4.41,9.7,1.67,3.33,1.56,8.78
BOS,2023-06-25,7,44,10,40,9,77.5,67.5,77.78,14.53,18.18,4.73,18.43,1.11,3.41,1.22,6.22
BOS,2023-06-25,8,39,22,39,17,79.49,71.79,82.35,13.28,20.72,7.43,18.41,5.59,1.84,5.94,21.29
BOS,2023-06-25,9,32,29,32,28,71.88,68.75,85.71,22.34,16.56,3.34,24.38,1.61,1.72,1.18,14.82
BOS,2023-06-25,10,25,26,30,29,70.0,70.0,75.86,32.1,16.57,3.78,34.63,4.86,4.22,4.59,17.34
BOS,2023-06-25,11,30,24,32,22,71.88,71.88,90.91,13.47,17.22,4.27,15.94,2.82,1.64,1.77,4.68
BOS,2023-06-25,12,23,25,26,25,80.77,80.77,76.0,5.96,15.81,3.38,8.5,3.08,1.49,2.8,10.4
BOS,2023-06-25,13,31,38,30,37,50.0,46.67,64.86,67.23,21.17,7.92,75.0,6.05,2.73,7.38,30.16
BOS,2023-06-25,14,30,33,36,36,55.56,33.33,66.67,38.39,32.33,19.34,56.69,3.36,5.24,4.53,37.25
BOS,2023-06-25,15,23,37,24,44,58.33,25.0,61.36,40.08,38.33,25.43,63.83,5.23,5.16,12.45,29.3
BOS,2023-06-25,16,34,35,34,33,44.12,29.41,60.61,42.82,29.94,16.55,59.09,7.85,4.86,11.21,32.91
BOS,2023-06-25,17,42,37,39,34,48.72,28.21,41.18,45.51,31.21,18.06,63.05,10.47,7.09,12.59,64.85
BOS,2023-06-25,18,36,31,34,34,20.59,14.71,44.12,92.03,23.85,10.47,101.97,6.26,6.78,11.85,49.94
BOS,2023-06-25,19,32,36,29,39,24.14,20.69,33.33,64.34,24.14,10.44,75.0,9.15,5.94,10.23,58.46
BOS,2023-06-25,20,35,27,32,26,12.5,3.13,11.54,78.34,21.78,8.63,86.72,4.04,9.15,11.12,71.69
BOS,2023-06-25,21,9,24,8,20,25.0,12.5,25.0,62.13,17.25,4.93,66.5,4.7,4.04,8.15,64.05
BOS,2023-06-25,22,6,25,8,26,37.5,25.0,42.31,28.75,15.88,3.48,31.0,2.62,2.31,1.77,68.15
BOS,2023-06-25,23,8,27,8,22,37.5,37.5,31.82,40.63,12.5,0.44,40.13,1.41,5.89,5.14,81.18
BOS,2023-06-26,0,0,10,0,9,0.0,0.0,22.22,0.0,0.0,0.0,0.0,7.44,0.72,5.78,95.44
BOS,2023-06-26,1,0,2,1,2,100.0,100.0,100.0,0.0,12.0,0.0,0.0,0.0,0.35,0.0,7.0
BOS,2023-06-26,2,0,0,0,1,0.0,0.0,100.0,0.0,0.0,0.0,0.0,12.0,3.4,16.0,12.0
BOS,2023-06-26,3,0,0,0,0,0.0,0.0,0.0,0.0,0.0,0.0,0.0,0.0,0.0,0.0,0.0
BOS,2023-06-26,4,1,3,1,3,0.0,0.0,33.33,55.0,14.0,0.6,56.0,0.0,1.1,4.0,27.0
BOS,2023-06-26,5,12,12,10,12,80.0,80.0,33.33,5.4,15.6,2.68,7.6,1.08,5.83,2.08,35.42
BOS,2023-06-26,6,38,10,34,10,82.35,76.47,40.0,8.35,17.47,4.24,11.06,0.3,13.01,1.9,20.8
BOS,2023-06-26,7,50,18,44,13,59.09,54.55,76.92,27.75,19.66,6.1,32.68,2.62,3.52,1.46,12.38
BOS,2023-06-26,8,41,28,42,28,71.43,64.29,64.29,18.26,18.95,5.65,22.64,3.43,4.46,4.46,30.18
BOS,2023-06-26,9,32,28,36,25,55.56,50.0,72.0,30.0,18.03,4.74,34.14,3.08,2.46,0.96,40.2
BOS,2023-06-26,10,28,26,28,25,71.43,64.29,68.0,16.86,17.21,4.41,20.68,5.36,7.8,9.16,35.08
BOS,2023-06-26,11,31,27,30,30,70.0,60.0,63.33,22.77,24.33,11.99,34.33,6.73,3.17,6.27,19.17
BOS,2023-06-26,12,25,26,28,28,67.86,57.14,75.0,15.39,15.86,4.0,18.79,5.18,2.89,3.04,14.0
BOS,2023-06-26,13,29,37,22,42,63.64,31.82,61.9,36.23,29.41,16.79,52.41,13.76,5.14,14.48,26.26
BOS,2023-06-26,14,31,36,28,37,67.86,39.29,56.76,26.68,30.5,18.47,43.79,9.51,5.95,9.57,50.89
BOS,2023-06-26,15,23,40,20,33,35.0,35.0,36.36,84.5,39.75,26.79,110.85,6.12,9.22,16.0,55.61
BOS,2023-06-26,16,38,33,33,34,24.24,18.18,41.18,107.3,37.61,24.19,131.48,9.15,7.22,20.68,87.62
BOS,2023-06-26,17,41,35,25,27,32.0,24.0,33.33,91.56,30.64,17.63,107.68,7.37,7.7,12.56,79.0
BOS,2023-06-26,18,35,33,33,27,42.42,30.3,40.74,79.55,31.18,18.02,97.76,14.33,6.07,24.67,96.41
BOS,2023-06-26,19,31,35,17,27,23.53,5.88,25.93,122.76,23.76,10.01,132.59,8.07,13.31,18.74,125.3
BOS,2023-06-26,20,33,28,21,22,28.57,28.57,27.27,124.19,16.81,3.67,126.76,6.0,6.91,16.32,89.36
BOS,2023-06-26,21,10,23,9,9,33.33,33.33,11.11,41.0,16.44,3.46,44.44,3.22,2.67,1.33,81.78
BOS,2023-06-26,22,7,26,11,22,54.55,36.36,27.27,21.27,21.0,8.06,29.27,2.68,1.62,4.09,115.73
BOS,2023-06-26,23,8,28,10,18,30.0,30.0,44.44,64.6,15.6,2.41,66.8,6.83,4.69,6.72,99.33
BOS,2023-06-27,0,0,8,0,12,0.0,0.0,25.0,0.0,0.0,0.0,0.0,2.75,2.54,5.5,58.83
BOS,2023-06-27,1,1,2,2,4,50.0,50.0,100.0,20.0,17.5,4.1,24.5,6.0,2.4,0.25,3.5
BOS,2023-06-27,2,0,0,0,1,0.0,0.0,100.0,0.0,0.0,0.0,0.0,0.0,0.8,0.0,0.0
BOS,2023-06-27,3,0,0,0,0,0.0,0.0,0.0,0.0,0.0,0.0,0.0,0.0,0.0,0.0,0.0
BOS,2023-06-27,4,1,2,2,2,50.0,50.0,100.0,199.0,18.5,5.1,204.5,0.0,7.6,0.0,0.0
BOS,2023-06-27,5,12,11,12,14,75.0,75.0,50.0,15.17,15.25,2.45,16.58,0.64,4.09,1.43,83.43
BOS,2023-06-27,6,38,10,34,12,73.53,61.76,33.33,19.18,19.29,6.05,24.62,2.33,6.47,5.58,92.92
BOS,2023-06-27,7,50,18,46,18,47.83,34.78,50.0,49.35,23.07,9.37,57.74,14.89,4.17,7.28,18.72
BOS,2023-06-27,8,39,25,40,19,55.0,35.0,73.68,28.3,24.1,10.85,37.7,3.32,4.98,4.21,22.11
BOS,2023-06-27,9,33,30,37,27,45.95,43.24,48.15,43.08,19.62,6.23,48.7,4.56,5.71,5.48,38.37
BOS,2023-06-27,10,26,24,27,35,59.26,55.56,62.86,23.11,17.37,4.49,27.22,5.63,5.13,6.91,18.8
BOS,2023-06-27,11,28,26,31,24,61.29,58.06,62.5,26.23,16.13,3.89,29.32,6.54,2.47,3.38,33.17
BOS,2023-06-27,12,26,27,24,29,58.33,58.33,62.07,44.21,20.08,7.41,51.17,2.86,2.24,3.1,23.72
BOS,2023-06-27,13,27,35,32,40,56.25,43.75,35.0,32.19,23.03,10.52,42.5,7.1,2.87,5.38,51.08
BOS,2023-06-27,14,31,35,24,39,37.5,25.0,41.03,73.5,35.79,22.83,96.29,8.15,4.53,7.62,57.23
BOS,2023-06-27,15,23,38,22,40,36.36,22.73,42.5,39.73,57.14,44.48,84.09,2.9,4.38,4.55,42.93
BOS,2023-06-27,16,34,34,31,32,35.48,19.35,25.0,64.97,40.45,27.61,92.45,4.0,8.78,16.78,75.97
BOS,2023-06-27,17,42,36,39,32,43.59,20.51,43.75,56.64,45.62,32.08,86.08,4.0,5.17,9.25,47.09
BOS,2023-06-27,18,34,31,30,36,40.0,20.0,44.44,71.3,46.5,33.01,104.47,4.03,5.11,7.0,58.89
BOS,2023-06-27,19,28,35,16,29,43.75,18.75,31.03,70.0,23.31,9.83,79.5,2.45,8.04,9.72,74.97
BOS,2023-06-27,20,28,25,20,22,35.0,10.0,45.45,73.6,30.85,17.45,90.05,3.0,3.88,6.41,78.41
BOS,2023-06-27,21,10,23,4,19,75.0,50.0,21.05,14.0,25.0,12.73,24.75,8.95,2.25,11.42,79.11
BOS,2023-06-27,22,6,23,11,21,72.73,72.73,19.05,15.91,16.45,3.75,18.36,0.67,4.3,4.0,113.67
BOS,2023-06-27,23,8,22,8,13,50.0,25.0,61.54,49.0,19.13,6.31,55.0,2.77,0.9,5.77,46.31
BOS,2023-06-28,0,1,9,1,7,0.0,0.0,57.14,15.0,16.0,2.6,18.0,0.71,2.1,1.71,33.14
BOS,2023-06-28,1,0,2,0,2,0.0,0.0,100.0,0.0,0.0,0.0,0.0,0.0,0.85,0.0,4.0
BOS,2023-06-28,2,0,0,0,0,0.0,0.0,0.0,0.0,0.0,0.0,0.0,0.0,0.0,0.0,0.0
BOS,2023-06-28,3,0,0,1,0,100.0,100.0,0.0,0.0,13.0,0.0,0.0,0.0,0.0,0.0,0.0
BOS,2023-06-28,4,1,2,1,4,100.0,0.0,100.0,12.0,16.0,2.6,15.0,3.25,0.83,3.0,2.0
BOS,2023-06-28,5,12,11,15,10,66.67,66.67,40.0,31.6,18.4,5.35,35.87,0.0,3.29,0.5,51.3
BOS,2023-06-28,6,39,12,37,13,64.86,48.65,61.54,31.97,24.57,11.12,41.73,1.38,4.62,1.38,70.69
BOS,2023-06-28,7,48,18,45,14,60.0,24.44,35.71,32.96,29.93,16.35,48.38,5.07,2.09,4.43,60.64
BOS,2023-06-28,8,36,26,42,18,64.29,40.48,77.78,22.81,24.45,11.05,32.38,3.72,5.28,2.61,12.33
BOS,2023-06-28,9,31,29,33,30,57.58,48.48,66.67,27.82,18.0,4.75,32.03,4.1,3.11,5.47,37.93
BOS,2023-06-28,10,28,25,32,29,65.63,62.5,79.31,23.78,16.78,4.13,27.47,6.69,2.68,2.66,10.31
BOS,2023-06-28,11,29,26,33,29,72.73,69.7,68.97,13.88,16.82,4.09,16.33,8.97,2.24,4.24,20.31
BOS,2023-06-28,12,25,26,31,32,70.97,67.74,75.0,18.55,15.94,3.3,21.42,5.84,1.53,5.09,22.25
BOS,2023-06-28,13,25,34,32,33,53.13,50.0,81.82,33.22,19.25,6.04,38.81,5.82,2.95,4.21,17.42
BOS,2023-06-28,14,31,35,32,43,62.5,43.75,67.44,24.69,29.78,16.67,40.88,4.51,5.03,8.91,37.58
BOS,2023-06-28,15,24,40,29,43,55.17,41.38,60.47,46.93,20.97,7.43,53.72,7.3,4.92,8.21,36.02
BOS,2023-06-28,16,35,34,38,35,50.0,44.74,54.29,76.97,19.82,7.04,83.61,12.97,3.79,10.11,36.89
BOS,2023-06-28,17,41,34,35,35,34.29,20.0,57.14,77.83,27.6,14.19,91.74,9.8,5.68,8.31,41.77
BOS,2023-06-28,18,33,30,34,33,26.47,23.53,45.45,75.82,26.65,13.25,89.0,9.48,7.44,16.24,40.27
BOS,2023-06-28,19,30,35,31,37,38.71,22.58,29.73,68.97,25.13,11.48,79.81,10.27,9.32,13.68,59.89
BOS,2023-06-28,20,29,27,25,29,16.0,8.0,31.03,88.04,23.04,10.07,97.88,7.93,16.28,20.07,70.59
BOS,2023-06-28,21,10,23,9,21,55.56,33.33,38.1,28.11,25.67,12.33,40.67,5.71,8.05,6.33,54.14
BOS,2023-06-28,22,7,24,13,24,69.23,69.23,45.83,8.77,17.92,4.94,13.69,1.46,5.95,4.83,50.92
BOS,2023-06-28,23,8,26,9,25,55.56,33.33,60.0,20.44,15.33,2.7,22.89,2.4,2.64,1.8,44.48
BOS,2023-06-29,0,0,11,0,10,0.0,0.0,50.0,0.0,0.0,0.0,0.0,2.6,1.42,4.9,26.0
BOS,2023-06-29,1,1,3,3,5,66.67,66.67,60.0,12.33,17.33,4.07,16.67,0.6,4.32,1.8,26.8
BOS,2023-06-29,2,0,0,0,2,0.0,0.0,50.0,0.0,0.0,0.0,0.0,4.5,3.4,9.0,21.0
BOS,2023-06-29,3,0,0,0,0,0.0,0.0,0.0,0.0,0.0,0.0,0.0,0.0,0.0,0.0,0.0
BOS,2023-06-29,4,1,2,1,4,100.0,100.0,75.0,6.0,14.0,0.6,7.0,0.0,1.07,0.0,6.25
BOS,2023-06-29,5,12,13,13,12,92.31,84.62,58.33,2.77,14.46,2.28,4.46,0.0,2.21,1.33,57.75
BOS,2023-06-29,6,38,11,38,15,89.47,76.32,53.33,5.66,20.45,6.94,11.0,0.87,5.88,1.4,31.8
BOS,2023-06-29,7,50,18,49,17,73.47,71.43,52.94,14.31,17.92,4.42,17.59,2.29,4.64,2.94,25.0
BOS,2023-06-29,8,41,26,43,21,69.77,62.79,85.71,15.47,19.58,6.43,21.05,2.57,6.13,1.67,15.71
BOS,2023-06-29,9,33,29,35,31,60.0,57.14,74.19,49.26,17.4,4.05,52.09,26.39,3.61,27.13,34.9
BOS,2023-06-29,10,30,26,32,33,68.75,59.38,81.82,34.75,16.41,3.98,37.5,4.0,2.03,1.7,7.18
BOS,2023-06-29,11,28,28,29,27,75.86,75.86,81.48,12.79,16.69,4.08,16.03,4.81,2.69,3.04,21.48
BOS,2023-06-29,12,27,26,32,22,75.0,68.75,72.73,20.88,15.0,2.64,22.22,2.45,3.2,2.86,17.5
BOS,2023-06-29,13,28,37,31,40,61.29,51.61,90.0,11.19,17.65,4.98,15.87,4.53,4.07,2.5,3.95
BOS,2023-06-29,14,29,36,36,42,75.0,69.44,80.95,11.11,16.86,4.49,14.64,2.0,4.94,1.48,11.74
BOS,2023-06-29,15,23,37,25,43,72.0,64.0,88.37,18.32,16.2,3.18,20.44,1.91,5.75,1.33,15.72
BOS,2023-06-29,16,38,35,42,40,78.57,66.67,72.5,23.1,19.02,6.33,28.31,1.63,5.23,3.17,15.05
BOS,2023-06-29,17,43,34,46,35,80.43,63.04,68.57,13.59,20.15,7.18,19.91,2.8,6.28,2.06,35.23
BOS,2023-06-29,18,34,33,37,36,67.57,43.24,69.44,24.92,26.49,13.22,37.08,1.86,6.13,3.58,18.67
BOS,2023-06-29,19,31,34,30,40,63.33,40.0,57.5,34.0,23.97,10.24,42.37,3.83,5.85,4.68,46.5
BOS,2023-06-29,20,33,27,36,30,61.11,55.56,60.0,35.31,17.78,4.57,38.72,2.53,4.11,2.33,26.5
BOS,2023-06-29,21,10,23,10,27,60.0,50.0,74.07,35.4,18.3,5.14,38.6,6.44,2.95,3.41,16.37
BOS,2023-06-29,22,7,24,15,25,60.0,53.33,44.0,11.6,16.07,2.72,13.93,1.96,2.03,4.72,67.64
BOS,2023-06-29,23,8,27,8,26,50.0,37.5,57.69,61.88,18.75,5.56,67.5,2.04,1.77,1.38,31.38
BOS,2023-06-30,0,0,10,0,11,0.0,0.0,63.64,0.0,0.0,0.0,0.0,2.0,1.65,1.0,20.18
BOS,2023-06-30,1,0,2,0,3,0.0,0.0,33.33,0.0,0.0,0.0,0.0,0.0,0.0,0.0,33.67
BOS,2023-06-30,2,0,0,0,1,0.0,0.0,0.0,0.0,0.0,0.0,0.0,0.0,1.8,4.0,20.0
BOS,2023-06-30,3,0,0,1,0,100.0,100.0,0.0,0.0,13.0,0.0,0.0,0.0,0.0,0.0,0.0
BOS,2023-06-30,4,1,2,1,3,0.0,0.0,100.0,133.0,19.0,5.6,139.0,0.0,1.23,1.0,1.0
BOS,2023-06-30,5,12,12,13,15,76.92,76.92,60.0,14.92,14.31,1.47,16.08,0.4,2.13,3.87,30.73
BOS,2023-06-30,6,39,11,40,14,85.0,80.0,64.29,6.22,18.88,5.49,9.88,0.71,3.79,1.36,10.57
BOS,2023-06-30,7,49,18,51,15,62.75,45.1,86.67,16.9,21.75,8.25,23.78,2.07,4.41,1.07,5.8
BOS,2023-06-30,8,40,27,43,25,67.44,51.16,84.0,19.42,20.58,7.3,24.84,1.52,9.98,3.28,16.68
BOS,2023-06-30,9,35,29,38,31,71.05,68.42,87.1,34.66,16.24,3.71,37.74,3.52,4.21,2.39,10.1
BOS,2023-06-30,10,27,25,31,33,83.87,80.65,81.82,30.68,15.68,3.31,33.16,3.09,2.68,2.0,6.94
BOS,2023-06-30,11,29,32,34,36,61.76,52.94,69.44,22.97,16.26,3.73,25.88,2.17,5.41,3.53,22.11
BOS,2023-06-30,12,27,23,29,27,68.97,72.41,77.78,28.76,14.55,2.21,30.17,2.07,3.59,2.48,13.22
BOS,2023-06-30,13,28,35,35,40,82.86,71.43,70.0,9.29,19.06,6.06,13.94,2.58,5.43,2.55,22.9
BOS,2023-06-30,14,32,37,40,45,67.5,60.0,84.44,22.35,18.35,5.61,26.7,1.87,5.84,1.73,9.6
BOS,2023-06-30,15,22,40,28,42,85.71,71.43,80.95,5.71,16.64,3.93,8.68,1.26,5.56,0.71,8.93
BOS,2023-06-30,16,39,36,44,42,72.73,65.91,85.71,27.36,17.07,4.09,30.95,2.45,6.97,3.45,20.02
BOS,2023-06-30,17,42,33,45,37,60.0,48.89,62.16,22.42,20.02,7.08,28.58,3.3,4.47,4.7,52.38
BOS,2023-06-30,18,33,35,34,43,58.82,47.06,69.77,24.91,19.91,6.85,30.88,2.19,4.93,3.72,18.21
BOS,2023-06-30,19,32,34,34,37,55.88,47.06,64.86,26.62,19.79,6.96,32.79,2.43,5.62,3.62,46.76
BOS,2023-06-30,20,35,26,36,29,63.89,55.56,58.62,27.06,16.81,3.54,29.36,2.59,9.16,3.76,33.41
BOS,2023-06-30,21,10,25,11,25,81.82,90.91,64.0,9.27,15.45,2.62,9.64,3.0,6.27,0.12,16.6
BOS,2023-06-30,22,7,27,11,28,45.45,36.36,60.71,17.36,15.18,2.38,19.0,2.11,5.29,1.96,24.61
BOS,2023-06-30,23,8,27,9,26,66.67,66.67,38.46,28.22,13.78,1.14,28.67,6.04,2.32,4.35,58.54
BOS,2023-07-01,0,0,7,0,11,0.0,0.0,54.55,0.0,0.0,0.0,0.0,1.0,4.45,0.82,30.09
BOS,2023-07-01,1,1,3,2,2,100.0,100.0,50.0,0.0,13.0,0.0,0.0,0.0,0.0,0.0,8.5
BOS,2023-07-01,2,0,0,0,0,0.0,0.0,0.0,0.0,0.0,0.0,0.0,0.0,0.0,0.0,0.0
BOS,2023-07-01,4,1,2,2,2,50.0,50.0,100.0,20.5,14.0,0.8,21.5,0.0,4.95,4.0,0.0
BOS,2023-07-01,5,10,11,10,11,90.0,90.0,45.45,17.6,13.8,1.89,18.4,2.36,3.45,3.36,43.09
BOS,2023-07-01,6,34,11,33,13,87.88,84.85,23.08,8.39,15.91,3.07,10.33,6.31,5.92,4.15,67.46
BOS,2023-07-01,7,45,11,46,13,78.26,73.91,69.23,9.11,17.26,4.13,11.61,14.38,3.08,4.92,13.46
BOS,2023-07-01,8,39,21,39,18,76.92,74.36,77.78,15.13,17.33,4.22,18.0,4.44,2.79,3.33,8.67
BOS,2023-07-01,9,36,24,36,25,80.56,77.78,96.0,5.58,19.19,5.89,9.86,6.4,3.52,0.6,2.36
BOS,2023-07-01,10,29,27,30,32,90.0,90.0,81.25,3.2,14.3,2.02,4.07,2.22,3.25,2.25,9.56
BOS,2023-07-01,11,26,22,30,17,76.67,80.0,76.47,8.37,12.4,0.57,8.4,1.47,1.95,1.82,8.47
BOS,2023-07-01,12,22,21,27,25,81.48,85.19,84.0,5.7,12.78,2.01,7.0,2.44,2.47,1.8,7.0
BOS,2023-07-01,13,23,28,23,33,82.61,82.61,87.88,8.87,15.17,2.84,10.57,6.24,3.03,2.24,8.12
BOS,2023-07-01,14,17,30,19,34,73.68,57.89,70.59,12.89,17.58,6.03,18.26,6.41,3.5,6.76,24.74
BOS,2023-07-01,15,25,41,26,42,53.85,42.31,59.52,37.15,24.62,11.29,47.85,5.81,3.47,3.45,35.5
BOS,2023-07-01,16,33,29,32,30,62.5,40.63,43.33,18.88,32.72,19.22,37.5,20.5,5.45,22.13,38.73
BOS,2023-07-01,17,41,34,38,35,50.0,26.32,31.43,48.21,33.05,19.65,66.55,11.57,5.42,15.11,48.0
BOS,2023-07-01,18,30,33,28,31,35.71,14.29,35.48,43.61,27.25,14.5,57.32,10.0,4.49,16.35,46.32
BOS,2023-07-01,19,21,23,21,29,38.1,28.57,48.28,48.57,16.48,4.38,52.9,3.03,5.24,4.52,51.66
BOS,2023-07-01,20,16,25,16,26,37.5,31.25,30.77,56.38,14.81,2.27,57.69,1.04,7.0,5.58,77.31
BOS,2023-07-01,21,10,16,11,16,36.36,36.36,37.5,90.45,15.0,2.55,91.55,1.5,8.42,3.19,38.5
BOS,2023-07-01,22,5,22,5,23,40.0,40.0,30.43,25.2,13.8,1.04,25.2,1.87,4.41,5.52,40.09
BOS,2023-07-01,23,8,24,8,24,50.0,50.0,37.5,17.63,15.75,2.74,20.0,2.25,1.53,1.08,51.67
BOS,2023-07-02,0,1,10,1,7,100.0,100.0,28.57,0.0,11.0,0.0,0.0,2.71,0.71,0.71,59.29
BOS,2023-07-02,1,0,2,1,3,0.0,0.0,66.67,29.0,18.0,4.6,34.0,0.0,0.0,0.0,8.67
BOS,2023-07-02,2,0,0,0,0,0.0,0.0,0.0,0.0,0.0,0.0,0.0,0.0,0.0,0.0,0.0
BOS,2023-07-02,3,0,0,0,0,0.0,0.0,0.0,0.0,0.0,0.0,0.0,0.0,0.0,0.0,0.0
BOS,2023-07-02,4,1,2,1,3,100.0,100.0,66.67,0.0,21.0,7.6,8.0,3.0,2.17,1.67,8.0
BOS,2023-07-02,5,10,12,10,12,100.0,100.0,75.0,0.7,13.7,1.44,1.5,0.25,2.48,0.17,14.0
BOS,2023-07-02,6,34,10,35,9,85.71,82.86,100.0,7.0,17.17,4.15,9.51,0.89,6.79,0.0,0.89
BOS,2023-07-02,7,45,11,44,10,79.55,70.45,100.0,17.98,20.02,6.55,22.95,1.6,1.95,0.8,0.0
BOS,2023-07-02,8,38,21,41,17,80.49,68.29,94.12,12.07,19.63,6.27,16.73,2.12,2.84,2.0,5.94
BOS,2023-07-02,9,33,32,29,31,68.97,65.52,87.1,43.52,16.41,3.13,45.34,7.03,2.27,1.26,19.97
BOS,2023-07-02,10,27,23,26,27,92.31,88.46,92.59,3.23,15.46,2.87,4.81,4.56,4.76,1.96,7.56
BOS,2023-07-02,11,28,25,36,23,80.56,77.78,73.91,26.75,15.31,2.82,28.36,4.91,1.56,4.83,20.61
BOS,2023-07-02,12,27,24,27,25,85.19,85.19,84.0,6.0,15.96,3.69,8.67,4.0,1.72,1.28,5.76
BOS,2023-07-02,13,29,32,29,33,86.21,58.62,78.79,7.31,28.9,15.69,22.69,12.48,1.86,11.0,24.3
BOS,2023-07-02,14,26,31,27,39,70.37,25.93,69.23,20.48,30.04,16.84,35.19,15.67,5.2,12.0,18.85
BOS,2023-07-02,15,20,36,24,36,54.17,50.0,47.22,21.42,16.63,4.26,25.21,21.08,4.44,21.58,35.86
BOS,2023-07-02,16,34,39,34,34,44.12,32.35,50.0,29.15,20.71,7.45,36.18,5.59,4.52,12.21,33.03
BOS,2023-07-02,17,42,36,39,39,56.41,33.33,46.15,26.26,25.69,12.37,37.72,9.21,4.2,6.54,35.97
BOS,2023-07-02,18,34,32,33,32,51.52,36.36,53.13,37.3,23.09,9.58,46.27,5.13,3.75,3.38,43.03
BOS,2023-07-02,19,31,30,30,35,40.0,30.0,40.0,46.4,21.47,8.04,53.57,6.03,3.53,3.69,39.17
BOS,2023-07-02,20,22,26,26,29,50.0,46.15,51.72,34.31,16.85,4.14,38.0,2.86,2.63,1.38,24.17
BOS,2023-07-02,21,10,20,9,19,44.44,33.33,36.84,27.78,16.0,3.26,30.67,4.21,5.27,2.53,30.21
BOS,2023-07-02,22,6,24,6,23,66.67,66.67,30.43,16.33,15.0,1.73,17.67,1.26,1.76,0.22,46.17
BOS,2023-07-02,23,8,26,8,23,25.0,25.0,65.22,37.25,18.25,4.84,42.13,0.57,1.29,0.83,65.65
BOS,2023-07-03,0,0,7,0,10,0.0,0.0,30.0,0.0,0.0,0.0,0.0,1.8,1.25,1.7,37.6
BOS,2023-07-03,1,1,2,1,2,100.0,100.0,50.0,2.0,19.0,5.6,8.0,0.0,1.65,0.0,37.0
BOS,2023-07-03,2,0,0,0,0,0.0,0.0,0.0,0.0,0.0,0.0,0.0,0.0,0.0,0.0,0.0
BOS,2023-07-03,4,1,2,1,2,100.0,0.0,100.0,0.0,32.0,18.6,19.0,0.0,3.1,3.0,8.5
BOS,2023-07-03,5,12,10,12,11,91.67,91.67,63.64,3.58,12.5,0.48,3.83,0.27,2.92,8.18,31.18
BOS,2023-07-03,6,34,7,34,10,85.29,82.35,80.0,10.71,16.65,3.48,12.68,2.3,5.35,1.5,7.3
BOS,2023-07-03,7,47,16,43,13,86.05,86.05,84.62,12.4,18.07,4.54,13.98,2.15,3.74,0.77,4.15
BOS,2023-07-03,8,34,20,31,20,83.87,80.65,90.0,6.9,15.03,2.29,8.23,2.6,2.46,2.65,12.55
BOS,2023-07-03,9,31,23,33,20,90.91,84.85,90.0,5.12,16.73,4.01,6.94,4.6,3.59,1.05,2.55
BOS,2023-07-03,10,27,29,27,34,96.3,92.59,100.0,2.96,13.7,1.67,3.81,4.94,3.24,1.06,1.0
BOS,2023-07-03,11,30,27,32,22,90.63,90.63,86.36,4.78,14.22,2.1,5.53,2.36,4.71,1.73,13.18
BOS,2023-07-03,12,29,24,28,25,85.71,89.29,100.0,6.82,12.04,0.69,7.21,4.12,2.78,1.36,0.36
BOS,2023-07-03,13,26,32,27,37,92.59,81.48,89.19,3.59,16.37,4.19,6.59,2.68,3.31,1.43,4.65
BOS,2023-07-03,14,28,30,29,34,89.66,89.66,79.41,5.59,14.48,2.61,6.9,4.5,3.0,2.53,8.91
BOS,2023-07-03,15,14,38,22,35,81.82,77.27,82.86,8.68,14.23,1.79,10.05,2.06,6.7,2.97,8.6
BOS,2023-07-03,16,30,31,33,34,84.85,75.76,82.35,12.06,16.79,4.08,15.33,1.62,3.4,1.09,8.56
BOS,2023-07-03,17,35,33,34,33,79.41,70.59,78.79,10.29,17.15,4.17,13.38,5.3,7.56,6.67,20.48
BOS,2023-07-03,18,30,31,30,32,63.33,60.0,78.13,14.23,15.97,3.62,16.43,1.88,6.72,4.31,36.16
BOS,2023-07-03,19,25,30,30,31,73.33,70.0,83.87,44.53,15.07,2.73,46.6,2.55,5.09,1.65,9.97
BOS,2023-07-03,20,19,23,20,23,75.0,80.0,60.87,8.4,14.55,2.21,9.3,0.7,7.53,8.17,21.13
BOS,2023-07-03,21,9,15,9,15,77.78,77.78,93.33,7.33,15.22,2.39,7.56,2.0,4.33,1.6,4.33
BOS,2023-07-03,22,5,19,10,18,70.0,70.0,61.11,12.8,12.3,0.72,12.6,1.06,2.46,4.94,40.83
BOS,2023-07-03,23,8,23,8,23,75.0,75.0,60.87,8.0,16.0,3.66,8.38,3.52,1.99,7.09,31.0
BOS,2023-07-04,0,0,6,0,7,0.0,0.0,71.43,0.0,0.0,0.0,0.0,3.71,1.64,0.0,24.0
BOS,2023-07-04,1,1,1,2,2,100.0,100.0,50.0,3.0,18.5,5.3,8.5,3.0,0.0,0.0,96.5
BOS,2023-07-04,2,0,0,0,0,0.0,0.0,0.0,0.0,0.0,0.0,0.0,0.0,0.0,0.0,0.0
BOS,2023-07-04,4,1,2,1,2,0.0,0.0,50.0,20.0,18.0,4.6,25.0,0.0,1.95,4.5,7.5
BOS,2023-07-04,5,11,11,12,12,75.0,75.0,75.0,31.42,12.92,1.39,31.83,0.33,5.78,5.17,7.67
BOS,2023-07-04,6,28,7,29,7,89.66,89.66,85.71,9.0,14.97,1.96,9.97,2.43,7.51,3.0,3.43
BOS,2023-07-04,7,45,13,43,17,90.7,88.37,94.12,2.53,16.84,3.52,4.67,12.47,2.61,2.47,15.24
BOS,2023-07-04,8,30,16,30,16,93.33,90.0,93.75,8.93,16.57,4.13,11.2,4.19,5.47,2.81,2.44
BOS,2023-07-04,9,30,23,32,21,93.75,93.75,95.24,12.94,13.25,1.27,13.19,4.19,3.01,0.81,6.1
BOS,2023-07-04,10,25,25,24,29,91.67,91.67,89.66,15.42,15.25,2.77,16.79,3.69,2.95,4.24,10.0
BOS,2023-07-04,11,27,24,29,22,89.66,89.66,77.27,5.28,12.83,1.19,5.9,3.64,3.63,4.27,10.32
BOS,2023-07-04,12,27,22,23,21,91.3,91.3,80.95,2.7,12.91,1.41,3.13,7.05,2.73,7.0,15.57
BOS,2023-07-04,13,23,30,22,31,81.82,77.27,58.06,9.14,15.14,2.87,10.86,15.16,3.2,13.97,21.94
BOS,2023-07-04,14,25,31,27,33,59.26,59.26,57.58,30.74,14.59,3.07,32.89,31.09,4.76,29.27,75.12
BOS,2023-07-04,15,17,35,21,39,71.43,76.19,43.59,28.19,16.1,3.49,31.38,17.18,6.08,18.28,38.33
BOS,2023-07-04,16,28,30,33,31,36.36,36.36,54.84,38.42,17.88,5.01,43.03,12.58,7.73,14.1,23.03
BOS,2023-07-04,17,35,33,35,36,71.43,60.0,69.44,20.29,19.97,7.29,26.49,5.28,4.7,5.53,35.44
BOS,2023-07-04,18,29,30,32,31,75.0,62.5,54.84,19.59,18.22,5.99,24.13,2.81,7.21,6.68,23.29
BOS,2023-07-04,19,20,25,23,25,69.57,65.22,72.0,14.26,14.91,2.25,15.87,3.0,6.16,5.32,15.12
BOS,2023-07-04,20,14,22,13,25,69.23,69.23,84.0,14.38,16.31,3.77,15.69,2.52,6.0,2.12,21.88
BOS,2023-07-04,21,8,14,8,16,50.0,50.0,43.75,28.25,18.5,5.01,31.88,5.06,6.02,5.75,58.0
BOS,2023-07-04,22,6,20,6,19,50.0,50.0,63.16,12.67,18.5,5.17,17.5,1.89,4.68,2.68,51.74
BOS,2023-07-04,23,8,16,7,16,57.14,42.86,62.5,15.57,18.71,5.5,19.86,1.75,3.69,3.63,32.5
BOS,2023-07-05,0,1,10,2,6,100.0,100.0,66.67,4.5,15.5,2.3,7.0,3.33,2.52,0.0,27.83
BOS,2023-07-05,1,0,2,0,2,0.0,0.0,100.0,0.0,0.0,0.0,0.0,0.5,0.35,0.0,0.0
BOS,2023-07-05,2,0,0,0,0,0.0,0.0,0.0,0.0,0.0,0.0,0.0,0.0,0.0,0.0,0.0
BOS,2023-07-05,3,0,0,0,1,0.0,0.0,0.0,0.0,0.0,0.0,0.0,0.0,2.8,1.0,32.0
BOS,2023-07-05,4,1,2,1,2,100.0,100.0,100.0,0.0,15.0,1.6,2.0,0.0,2.25,5.0,0.0
BOS,2023-07-05,5,12,11,12,11,83.33,83.33,45.45,13.17,14.75,2.2,14.25,0.0,2.65,2.09,103.18
BOS,2023-07-05,6,38,13,38,10,92.11,89.47,60.0,6.05,17.5,4.43,8.58,0.2,5.11,2.4,37.3
BOS,2023-07-05,7,45,17,45,15,82.22,73.33,86.67,17.24,20.22,6.71,21.24,2.6,3.71,1.53,4.73
BOS,2023-07-05,8,38,23,41,23,85.37,80.49,86.96,9.37,19.17,5.79,13.22,3.96,3.8,2.87,6.09
BOS,2023-07-05,9,32,28,32,28,90.63,87.5,92.86,3.81,16.34,3.77,5.97,3.82,1.73,0.07,10.57
BOS,2023-07-05,10,30,27,34,27,97.06,94.12,77.78,4.21,16.24,3.88,5.94,4.19,1.81,4.0,18.85
BOS,2023-07-05,11,28,32,27,31,88.89,92.59,100.0,8.0,15.7,3.3,9.04,4.0,3.75,1.29,0.45
BOS,2023-07-05,12,30,25,33,32,84.85,78.79,81.25,9.97,15.09,3.65,12.82,1.09,2.41,0.56,19.09
BOS,2023-07-05,13,26,32,28,34,85.71,71.43,88.24,18.36,19.07,6.65,23.89,2.82,4.51,1.09,11.56
BOS,2023-07-05,14,29,36,35,41,88.57,85.71,87.8,10.23,13.77,2.32,11.63,0.98,4.55,1.02,7.44
BOS,2023-07-05,15,22,38,25,42,76.0,64.0,85.71,24.32,15.48,3.15,26.88,2.6,3.88,0.71,10.0
BOS,2023-07-05,16,36,33,40,39,77.5,67.5,71.79,15.33,19.0,5.84,19.95,3.72,4.61,7.13,17.26
BOS,2023-07-05,17,39,34,40,33,62.5,57.5,78.79,22.55,17.6,5.25,26.68,2.58,5.61,4.52,23.39
BOS,2023-07-05,18,37,36,37,37,62.16,56.76,78.38,29.11,16.73,4.0,32.32,1.49,4.48,2.54,17.95
BOS,2023-07-05,19,28,32,33,37,69.7,69.7,67.57,16.94,16.03,2.99,19.12,2.14,7.75,4.89,39.05
BOS,2023-07-05,20,23,26,23,26,73.91,73.91,61.54,14.17,14.57,1.77,15.04,1.42,4.93,4.5,30.96
BOS,2023-07-05,21,10,22,10,23,80.0,80.0,60.87,30.8,17.2,4.35,31.6,4.52,4.3,3.83,34.26
BOS,2023-07-05,22,6,20,15,20,60.0,53.33,50.0,10.53,16.33,3.43,13.47,2.75,3.8,4.1,27.95
BOS,2023-07-05,23,8,28,8,28,75.0,62.5,57.14,9.25,17.88,4.51,13.38,2.29,0.76,1.07,64.07
BOS,2023-07-06,0,0,9,0,9,0.0,0.0,33.33,0.0,0.0,0.0,0.0,1.67,0.6,2.33,57.44
BOS,2023-07-06,1,1,2,1,2,100.0,100.0,50.0,0.0,13.0,0.0,0.0,0.0,0.0,0.0,15.5
BOS,2023-07-06,2,0,0,0,0,0.0,0.0,0.0,0.0,0.0,0.0,0.0,0.0,0.0,0.0,0.0
BOS,2023-07-06,4,1,2,1,4,0.0,0.0,75.0,15.0,14.0,0.6,16.0,0.25,0.83,3.0,8.0
BOS,2023-07-06,5,12,9,13,13,92.31,92.31,53.85,3.38,15.15,2.5,4.38,0.62,3.26,1.92,29.54
BOS,2023-07-06,6,35,11,36,17,91.67,86.11,70.59,4.17,19.44,6.28,7.36,2.47,3.56,1.94,15.82
BOS,2023-07-06,7,49,16,50,17,84.0,76.0,88.24,9.24,20.2,6.72,13.24,14.06,2.86,3.53,8.0
BOS,2023-07-06,8,42,22,43,21,90.7,83.72,90.48,3.14,19.93,7.3,7.58,1.62,4.76,0.86,5.48
BOS,2023-07-06,9,32,30,35,33,82.86,80.0,78.79,20.03,16.69,4.01,22.2,2.15,3.65,3.12,20.97
BOS,2023-07-06,10,33,28,39,33,79.49,74.36,90.91,16.62,14.97,2.63,18.03,4.85,3.34,1.58,5.97
BOS,2023-07-06,11,27,28,29,26,86.21,86.21,84.62,6.38,14.97,2.12,7.28,2.04,3.46,1.15,8.27
BOS,2023-07-06,12,30,27,30,32,66.67,63.33,84.38,15.23,14.5,2.62,16.9,3.19,3.66,3.09,9.28
BOS,2023-07-06,13,26,29,30,33,93.33,70.0,87.88,3.8,17.8,5.22,7.97,1.88,2.75,2.03,10.88
BOS,2023-07-06,14,25,35,31,39,77.42,70.97,79.49,14.13,19.39,6.6,19.0,1.41,5.7,1.64,14.87
BOS,2023-07-06,15,24,39,26,45,69.23,61.54,77.78,14.88,20.65,7.65,21.38,1.98,6.07,3.36,12.64
BOS,2023-07-06,16,34,37,38,36,81.58,71.05,63.89,16.76,20.55,7.45,22.24,2.44,8.17,4.83,18.14
BOS,2023-07-06,17,42,32,42,30,78.57,64.29,73.33,12.52,21.21,7.88,18.86,3.17,6.34,4.47,28.67
BOS,2023-07-06,18,39,37,38,40,65.79,57.89,72.5,21.16,20.89,7.88,27.26,7.63,5.25,6.68,20.73
BOS,2023-07-06,19,28,28,29,33,68.97,68.97,72.73,15.14,17.14,3.77,17.17,3.64,3.28,3.7,25.24
BOS,2023-07-06,20,21,26,24,28,91.67,83.33,71.43,8.92,18.71,5.36,11.21,1.61,3.06,0.82,11.43
BOS,2023-07-06,21,9,18,9,18,77.78,77.78,94.44,9.89,15.67,2.58,10.56,3.28,2.12,0.5,2.94
BOS,2023-07-06,22,6,23,11,22,72.73,72.73,77.27,10.91,12.82,1.29,10.0,1.14,1.73,0.32,12.82
BOS,2023-07-06,23,8,30,8,29,62.5,50.0,72.41,21.63,13.75,1.66,22.63,1.45,1.58,0.66,18.07
BOS,2023-07-07,0,0,9,0,10,0.0,0.0,80.0,0.0,0.0,0.0,0.0,0.4,0.79,0.0,10.2
BOS,2023-07-07,1,0,2,1,3,100.0,100.0,100.0,0.0,8.0,0.0,0.0,3.0,1.37,2.67,0.0
BOS,2023-07-07,2,0,0,0,0,0.0,0.0,0.0,0.0,0.0,0.0,0.0,0.0,0.0,0.0,0.0
BOS,2023-07-07,3,0,0,0,0,0.0,0.0,0.0,0.0,0.0,0.0,0.0,0.0,0.0,0.0,0.0
BOS,2023-07-07,4,1,2,1,4,100.0,100.0,50.0,0.0,23.0,9.6,10.0,1.0,3.43,2.25,12.25
BOS,2023-07-07,5,12,9,13,11,92.31,92.31,81.82,2.85,13.85,1.87,3.46,0.0,2.19,0.73,4.45
BOS,2023-07-07,6,37,12,37,14,94.59,86.49,71.43,2.38,20.0,6.63,6.05,0.93,7.37,0.0,18.93
BOS,2023-07-07,7,48,17,45,17,91.11,86.67,76.47,6.2,19.73,6.16,9.49,2.71,3.52,1.76,18.0
BOS,2023-07-07,8,40,24,43,25,88.37,86.05,84.0,5.56,18.51,5.36,8.37,1.84,2.79,1.44,10.28
BOS,2023-07-07,9,33,29,32,28,90.63,90.63,82.14,6.5,14.78,2.45,7.03,2.79,1.9,0.61,17.18
BOS,2023-07-07,10,30,27,32,32,78.13,75.0,78.13,14.41,15.47,2.67,15.75,3.78,3.07,3.19,6.81
BOS,2023-07-07,11,28,31,31,32,80.65,77.42,84.38,23.52,17.61,4.72,26.52,6.09,2.58,9.16,18.94
BOS,2023-07-07,12,32,23,35,24,77.14,68.57,95.83,28.2,19.89,7.5,34.8,3.58,1.72,0.75,1.71
BOS,2023-07-07,13,24,26,25,29,56.0,36.0,72.41,33.4,24.48,12.08,44.8,3.55,5.5,4.52,23.38
BOS,2023-07-07,14,27,37,26,39,34.62,23.08,66.67,78.62,22.46,9.67,88.0,4.28,4.43,10.49,36.38
BOS,2023-07-07,15,24,41,23,40,56.52,30.43,30.0,75.87,26.17,12.97,88.22,4.58,4.99,12.25,73.67
BOS,2023-07-07,16,36,37,34,39,29.41,26.47,25.64,88.24,30.85,18.16,106.15,6.49,8.17,11.28,62.87
BOS,2023-07-07,17,41,30,35,31,42.86,34.29,32.26,65.37,28.49,15.32,80.29,4.68,8.74,12.68,76.74
BOS,2023-07-07,18,36,40,34,38,23.53,23.53,31.58,92.62,30.56,17.39,109.94,3.95,7.41,11.55,78.11
BOS,2023-07-07,19,31,29,30,25,30.0,20.0,24.0,74.3,23.2,9.72,83.8,4.0,8.4,6.84,120.44
BOS,2023-07-07,20,22,25,19,23,21.05,21.05,21.74,75.16,20.68,7.24,82.11,0.3,7.73,6.87,68.74
BOS,2023-07-07,21,9,21,8,14,37.5,37.5,42.86,74.38,17.88,4.51,79.13,3.5,9.06,5.14,45.86
BOS,2023-07-07,22,6,24,13,23,69.23,69.23,26.09,21.85,17.54,4.55,24.31,3.09,6.83,5.7,80.61
BOS,2023-07-07,23,8,29,8,28,62.5,37.5,50.0,19.13,14.88,2.89,21.13,1.68,2.19,2.39,40.36
BOS,2023-07-08,0,0,7,0,9,0.0,0.0,55.56,0.0,0.0,0.0,0.0,1.89,1.97,1.44,16.89
BOS,2023-07-08,1,1,3,1,2,100.0,100.0,50.0,0.0,15.0,1.6,0.0,0.0,1.35,0.0,40.0
BOS,2023-07-08,2,0,0,0,0,0.0,0.0,0.0,0.0,0.0,0.0,0.0,0.0,0.0,0.0,0.0
BOS,2023-07-08,3,0,0,0,0,0.0,0.0,0.0,0.0,0.0,0.0,0.0,0.0,0.0,0.0,0.0
BOS,2023-07-08,4,1,2,1,2,100.0,100.0,100.0,0.0,22.0,8.6,9.0,0.0,2.95,0.0,0.0
BOS,2023-07-08,5,11,9,11,9,90.91,90.91,44.44,1.45,13.91,1.35,2.0,12.22,1.78,14.78,116.22
BOS,2023-07-08,6,32,14,32,15,87.5,78.13,53.33,7.97,18.88,5.74,11.84,1.07,5.23,0.8,50.6
BOS,2023-07-08,7,45,10,46,12,80.43,73.91,75.0,16.61,18.76,5.65,21.07,17.58,3.68,2.83,10.67
BOS,2023-07-08,8,42,22,43,19,76.74,62.79,78.95,21.79,22.12,8.7,28.51,3.63,4.14,3.47,19.32
BOS,2023-07-08,9,33,25,35,26,82.86,80.0,96.15,8.91,18.23,5.13,12.0,0.81,2.7,0.73,1.88
BOS,2023-07-08,10,31,24,31,29,67.74,70.97,75.86,10.58,14.74,2.68,12.68,2.97,3.01,3.48,9.72
BOS,2023-07-08,11,28,24,29,25,58.62,58.62,80.0,21.52,15.59,3.54,23.48,3.2,2.58,1.32,12.36
BOS,2023-07-08,12,20,22,24,23,62.5,62.5,73.91,25.17,15.54,2.9,27.33,3.91,5.32,5.65,15.3
BOS,2023-07-08,13,25,27,23,29,73.91,65.22,75.86,8.87,15.17,3.6,11.96,1.93,3.24,1.86,9.41
BOS,2023-07-08,14,17,33,18,39,66.67,66.67,87.18,18.78,15.11,3.48,21.72,2.36,4.92,2.69,10.92
BOS,2023-07-08,15,28,42,31,39,77.42,70.97,82.05,19.16,15.52,3.31,21.26,1.9,6.21,5.54,7.21
BOS,2023-07-08,16,31,31,36,35,77.78,69.44,74.29,15.42,17.14,4.29,18.72,13.94,8.37,12.91,28.17
BOS,2023-07-08,17,41,30,40,29,72.5,57.5,27.59,26.15,20.3,7.16,31.88,33.0,5.16,29.38,53.62
BOS,2023-07-08,18,34,34,35,35,40.0,40.0,37.14,55.86,16.2,3.51,58.51,14.23,4.21,14.43,47.34
BOS,2023-07-08,19,21,25,21,38,52.38,47.62,60.53,47.86,15.14,2.87,50.19,4.53,6.91,5.16,40.21
BOS,2023-07-08,20,17,24,18,25,50.0,44.44,52.0,51.94,17.33,4.31,55.5,3.48,8.52,7.6,81.88
BOS,2023-07-08,21,7,18,8,18,62.5,50.0,50.0,34.13,14.0,1.43,34.38,3.89,8.09,5.06,36.06
BOS,2023-07-08,22,5,22,5,21,80.0,80.0,47.62,4.0,14.2,1.28,4.6,1.52,5.97,3.9,40.0
BOS,2023-07-08,23,8,26,8,28,75.0,75.0,50.0,34.88,14.25,1.89,35.88,1.68,3.24,3.11,102.29
BOS,2023-07-09,0,1,11,2,8,50.0,50.0,50.0,12.5,19.0,6.3,18.5,2.0,4.97,1.5,47.25
BOS,2023-07-09,1,0,2,0,3,0.0,0.0,66.67,0.0,0.0,0.0,0.0,0.0,2.1,0.0,9.0
BOS,2023-07-09,2,0,0,0,0,0.0,0.0,0.0,0.0,0.0,0.0,0.0,0.0,0.0,0.0,0.0
BOS,2023-07-09,3,0,0,0,0,0.0,0.0,0.0,0.0,0.0,0.0,0.0,0.0,0.0,0.0,0.0
BOS,2023-07-09,4,1,2,1,3,0.0,0.0,66.67,43.0,16.0,2.6,46.0,2.0,1.9,3.0,12.67
BOS,2023-07-09,5,10,11,10,10,90.0,90.0,90.0,5.6,12.9,0.77,5.8,0.0,3.51,0.5,8.1
BOS,2023-07-09,6,35,12,35,11,71.43,71.43,90.91,11.91,15.71,2.85,13.57,1.09,5.15,0.64,2.91
BOS,2023-07-09,7,45,11,45,9,88.89,84.44,88.89,5.16,19.0,5.87,9.51,0.89,3.59,0.11,5.0
BOS,2023-07-09,8,44,27,41,23,80.49,60.98,82.61,35.02,20.66,7.5,40.78,3.04,9.3,3.65,7.91
BOS,2023-07-09,9,33,28,32,23,78.13,78.13,86.96,13.53,14.03,1.67,14.09,3.04,3.82,1.48,7.96
BOS,2023-07-09,10,27,28,28,37,75.0,71.43,94.59,13.57,15.07,3.29,16.14,6.89,3.67,1.0,2.22
BOS,2023-07-09,11,30,25,29,20,75.86,65.52,60.0,32.34,22.97,11.09,41.59,2.55,4.9,4.4,26.25
BOS,2023-07-09,12,25,25,23,28,60.87,60.87,92.86,19.48,16.83,4.73,23.74,4.0,2.97,1.29,10.79
BOS,2023-07-09,13,30,36,28,36,60.71,46.43,72.22,32.64,21.54,8.9,40.82,5.17,3.74,6.36,30.39
BOS,2023-07-09,14,31,35,29,38,55.17,41.38,71.05,60.03,31.62,19.58,78.14,7.16,3.63,7.92,40.95
BOS,2023-07-09,15,26,37,20,31,75.0,65.0,61.29,18.3,20.85,8.58,25.9,9.61,5.05,6.23,55.87
BOS,2023-07-09,16,31,37,27,24,62.96,48.15,54.17,54.07,25.26,12.54,66.22,25.46,7.57,11.25,89.21
BOS,2023-07-09,17,44,35,25,29,68.0,64.0,48.28,49.56,15.0,2.42,50.56,6.66,5.58,8.21,67.48
BOS,2023-07-09,18,37,36,20,26,40.0,40.0,50.0,76.35,17.0,4.51,80.4,2.96,4.2,4.08,73.92
BOS,2023-07-09,19,35,34,20,20,60.0,50.0,25.0,52.1,17.7,4.85,56.15,3.3,7.09,6.15,121.55
BOS,2023-07-09,20,32,30,19,20,47.37,42.11,35.0,72.84,18.37,5.44,75.47,1.3,8.65,4.85,91.15
BOS,2023-07-09,21,10,24,6,11,83.33,83.33,9.09,12.83,15.33,1.97,13.5,4.91,4.41,7.18,101.64
BOS,2023-07-09,22,7,25,8,17,87.5,75.0,23.53,6.63,15.5,2.63,8.5,1.59,4.99,4.82,74.35
BOS,2023-07-09,23,8,30,7,21,85.71,85.71,33.33,5.29,14.43,2.2,7.14,1.9,3.04,3.33,50.76
BOS,2023-07-10,0,0,7,0,11,0.0,0.0,27.27,0.0,0.0,0.0,0.0,3.0,4.29,0.36,36.18
BOS,2023-07-10,1,1,2,1,2,100.0,100.0,0.0,0.0,17.0,3.6,0.0,1.5,3.65,0.0,57.5
BOS,2023-07-10,2,0,0,0,0,0.0,0.0,0.0,0.0,0.0,0.0,0.0,0.0,0.0,0.0,0.0
BOS,2023-07-10,4,1,2,1,3,100.0,100.0,100.0,0.0,14.0,0.6,1.0,0.0,2.23,1.0,0.0
BOS,2023-07-10,5,12,10,10,8,90.0,90.0,75.0,26.6,13.8,1.03,26.9,0.75,4.77,8.5,9.0
BOS,2023-07-10,6,38,14,32,11,78.13,68.75,45.45,8.22,18.41,5.23,12.31,12.0,6.88,11.0,83.0
BOS,2023-07-10,7,50,18,42,13,61.9,45.24,38.46,57.86,21.81,8.04,64.76,7.15,7.22,8.0,34.08
BOS,2023-07-10,8,44,29,35,19,42.86,40.0,47.37,52.26,17.91,4.86,56.03,11.79,9.22,10.0,27.68
BOS,2023-07-10,9,32,29,30,26,50.0,43.33,61.54,74.5,20.6,7.67,81.6,16.0,5.8,17.38,33.27
BOS,2023-07-10,10,32,27,26,25,46.15,42.31,60.0,40.19,25.12,12.03,51.38,5.68,6.48,6.12,33.72
BOS,2023-07-10,11,29,28,27,30,55.56,44.44,56.67,31.89,24.22,11.68,42.78,9.6,8.45,14.43,48.17
BOS,2023-07-10,12,28,25,32,29,56.25,34.38,41.38,35.53,27.25,14.59,49.25,15.1,6.41,16.0,35.59
BOS,2023-07-10,13,28,37,24,38,45.83,12.5,42.11,43.08,36.75,23.62,65.04,18.45,8.82,24.37,47.08
BOS,2023-07-10,14,33,37,33,39,24.24,12.12,41.03,61.15,23.52,10.47,71.42,7.92,6.18,13.77,39.67
BOS,2023-07-10,15,22,40,25,40,40.0,36.0,27.5,48.08,17.56,5.05,52.52,5.25,9.64,5.9,78.33
BOS,2023-07-10,16,36,34,34,32,17.65,17.65,34.38,99.32,22.91,9.71,108.82,5.53,10.15,8.91,60.09
BOS,2023-07-10,17,42,31,39,34,46.15,38.46,52.94,44.49,21.82,8.47,52.18,4.97,7.59,5.79,50.21
BOS,2023-07-10,18,39,39,41,38,46.34,29.27,34.21,40.41,24.78,12.01,52.15,5.21,6.47,8.87,58.05
BOS,2023-07-10,19,31,33,33,34,42.42,21.21,35.29,59.97,25.88,12.29,71.94,4.76,9.2,6.62,53.15
BOS,2023-07-10,20,29,31,30,33,26.67,16.67,27.27,59.9,21.87,8.35,67.67,2.18,9.67,4.61,55.88
BOS,2023-07-10,21,10,21,10,22,40.0,40.0,31.82,43.0,17.5,4.03,47.2,3.23,5.27,5.73,57.73
BOS,2023-07-10,22,8,26,15,26,66.67,53.33,34.62,10.13,24.93,11.37,19.87,2.92,3.96,5.73,46.04
BOS,2023-07-10,23,8,33,8,32,25.0,25.0,50.0,28.88,15.0,2.84,31.13,2.75,2.15,0.97,57.47
BOS,2023-07-11,0,0,7,1,7,0.0,0.0,28.57,28.0,21.0,8.0,36.0,4.0,1.89,1.86,29.86
BOS,2023-07-11,1,1,3,1,2,100.0,100.0,100.0,0.0,14.0,0.6,0.0,0.0,0.0,0.0,0.0
BOS,2023-07-11,2,0,0,0,1,0.0,0.0,0.0,0.0,0.0,0.0,0.0,0.0,0.7,0.0,74.0
BOS,2023-07-11,3,0,0,0,0,0.0,0.0,0.0,0.0,0.0,0.0,0.0,0.0,0.0,0.0,0.0
BOS,2023-07-11,4,1,2,2,4,0.0,0.0,100.0,48.5,20.0,6.6,55.5,1.25,1.18,3.75,1.25
BOS,2023-07-11,5,11,10,12,13,100.0,100.0,69.23,0.25,15.75,2.52,2.08,0.15,3.74,0.69,25.23
BOS,2023-07-11,6,38,13,40,18,82.5,70.0,72.22,14.28,22.68,9.22,21.23,1.22,4.81,1.56,64.22
BOS,2023-07-11,7,51,16,51,20,82.35,52.94,70.0,18.69,25.0,11.37,28.2,12.35,5.04,1.9,24.0
BOS,2023-07-11,8,41,26,46,29,71.74,54.35,86.21,32.72,22.11,8.88,40.17,4.31,5.76,3.34,10.0
BOS,2023-07-11,9,32,31,36,28,80.56,66.67,85.71,29.89,22.72,9.44,37.56,5.32,3.21,3.36,6.61
BOS,2023-07-11,10,30,25,30,30,83.33,73.33,76.67,6.9,20.87,7.82,12.9,3.23,2.89,1.87,11.93
BOS,2023-07-11,11,28,26,28,30,78.57,64.29,80.0,12.18,22.07,8.76,19.25,2.67,2.57,1.2,13.0
BOS,2023-07-11,12,25,28,30,27,80.0,73.33,77.78,43.3,18.83,5.87,47.7,1.22,2.21,2.11,29.37
BOS,2023-07-11,13,29,35,28,37,67.86,57.14,86.49,22.07,18.89,5.83,27.39,2.62,3.76,1.22,5.89
BOS,2023-07-11,14,34,36,40,41,72.5,65.0,70.73,15.7,21.43,8.22,22.55,3.02,6.21,4.32,15.93
BOS,2023-07-11,15,23,35,25,34,88.0,64.0,79.41,8.2,24.24,10.6,16.92,1.68,5.19,0.74,7.68
BOS,2023-07-11,16,31,35,34,41,67.65,55.88,78.05,17.71,20.53,7.48,24.59,3.0,5.04,2.61,15.12
BOS,2023-07-11,17,42,35,41,34,60.98,48.78,73.53,24.98,25.61,11.98,35.66,2.21,5.2,4.68,18.18
BOS,2023-07-11,18,37,34,38,40,68.42,47.37,70.0,27.92,22.55,9.73,35.61,1.32,6.04,3.0,21.65
BOS,2023-07-11,19,27,33,28,37,60.71,53.57,72.97,21.25,19.82,6.4,26.0,1.95,6.15,1.84,24.3
BOS,2023-07-11,20,29,30,30,32,73.33,66.67,68.75,29.43,19.93,6.67,33.93,2.41,6.53,1.53,31.22
BOS,2023-07-11,21,11,21,14,22,71.43,71.43,81.82,13.29,19.29,5.97,18.07,3.82,8.1,1.73,14.95
BOS,2023-07-11,22,7,24,14,25,78.57,71.43,76.0,8.64,17.71,4.14,11.86,1.08,2.48,1.44,15.36
BOS,2023-07-11,23,8,28,7,28,85.71,71.43,71.43,6.14,19.86,6.31,12.0,1.82,0.43,0.57,16.5
BOS,2023-07-12,0,1,8,1,7,100.0,100.0,100.0,0.0,26.0,12.6,13.0,2.86,1.26,0.0,0.71
BOS,2023-07-12,1,0,3,0,3,0.0,0.0,33.33,0.0,0.0,0.0,0.0,0.0,0.0,0.0,88.0
BOS,2023-07-12,2,0,0,0,0,0.0,0.0,0.0,0.0,0.0,0.0,0.0,0.0,0.0,0.0,0.0
BOS,2023-07-12,3,0,0,0,0,0.0,0.0,0.0,0.0,0.0,0.0,0.0,0.0,0.0,0.0,0.0
BOS,2023-07-12,4,1,2,0,4,0.0,0.0,75.0,0.0,0.0,0.0,0.0,0.0,3.88,0.5,26.75
BOS,2023-07-12,5,11,10,13,11,76.92,69.23,72.73,7.15,16.15,3.47,9.85,0.64,6.47,2.36,34.91
BOS,2023-07-12,6,41,14,43,16,90.7,79.07,81.25,5.67,26.0,12.72,15.72,0.75,9.41,0.88,13.94
BOS,2023-07-12,7,48,16,51,15,90.2,80.39,86.67,3.37,19.1,5.74,6.94,2.47,3.98,0.2,9.13
BOS,2023-07-12,8,38,28,41,30,90.24,87.8,83.33,5.2,19.59,6.35,8.78,2.13,3.93,0.5,11.5
BOS,2023-07-12,9,33,29,38,27,78.95,73.68,85.19,38.11,17.0,4.08,40.53,6.11,1.58,1.89,8.26
BOS,2023-07-12,10,31,26,32,33,81.25,81.25,84.85,12.47,15.31,2.77,13.88,4.58,2.57,3.61,5.7
BOS,2023-07-12,11,28,29,29,29,82.76,72.41,79.31,13.45,15.69,2.9,15.28,2.62,1.79,1.9,8.9
BOS,2023-07-12,12,29,27,30,25,83.33,76.67,88.0,14.4,14.67,2.87,16.73,1.88,3.55,0.68,7.32
BOS,2023-07-12,13,28,35,31,41,80.65,70.97,85.37,10.03,16.68,4.05,13.06,6.95,3.85,5.0,15.59
BOS,2023-07-12,14,34,38,37,42,81.08,75.68,76.19,17.05,16.11,3.94,19.3,1.67,6.4,2.36,11.05
BOS,2023-07-12,15,23,37,23,37,78.26,65.22,67.57,13.61,22.91,9.61,21.65,4.54,4.69,3.0,14.78
BOS,2023-07-12,16,33,35,36,35,69.44,63.89,82.86,15.22,19.42,6.31,20.81,4.91,4.63,2.97,15.94
BOS,2023-07-12,17,42,32,47,32,65.96,36.17,93.75,22.34,26.34,12.79,33.6,4.38,4.43,2.19,5.56
BOS,2023-07-12,18,36,34,34,41,88.24,61.76,73.17,13.29,25.09,11.62,23.06,3.98,12.37,13.41,20.41
BOS,2023-07-12,19,30,33,33,36,72.73,60.61,80.56,14.06,19.52,5.87,18.0,7.36,5.53,3.83,6.94
BOS,2023-07-12,20,28,30,30,31,83.33,80.0,74.19,7.83,18.43,5.17,10.87,3.84,4.02,1.52,16.03
BOS,2023-07-12,21,11,22,12,22,75.0,75.0,72.73,10.58,15.08,1.63,11.58,3.45,3.84,2.64,17.77
BOS,2023-07-12,22,7,24,13,23,92.31,84.62,65.22,3.69,16.46,2.88,5.85,1.35,1.79,1.43,32.3
BOS,2023-07-12,23,8,32,9,33,77.78,77.78,75.76,11.22,18.67,5.26,15.33,1.24,1.18,0.24,12.24
BOS,2023-07-13,0,0,9,0,8,0.0,0.0,87.5,0.0,0.0,0.0,0.0,0.5,0.71,0.0,5.0
BOS,2023-07-13,1,1,3,1,3,100.0,100.0,33.33,0.0,13.0,0.0,0.0,0.0,0.23,0.0,117.67
BOS,2023-07-13,2,0,0,0,0,0.0,0.0,0.0,0.0,0.0,0.0,0.0,0.0,0.0,0.0,0.0
BOS,2023-07-13,3,0,0,0,1,0.0,0.0,100.0,0.0,0.0,0.0,0.0,0.0,3.4,0.0,8.0
BOS,2023-07-13,4,1,2,1,3,100.0,100.0,100.0,0.0,21.0,7.6,8.0,0.0,0.9,0.0,0.0
BOS,2023-07-13,5,11,11,11,14,81.82,81.82,78.57,4.45,15.0,2.67,5.64,0.57,5.73,0.43,15.21
BOS,2023-07-13,6,40,13,42,17,88.1,80.95,76.47,6.1,20.64,7.25,11.02,1.88,5.86,0.24,16.53
BOS,2023-07-13,7,50,17,53,18,84.91,75.47,88.89,10.47,23.43,9.8,17.34,2.61,4.32,1.0,9.28
BOS,2023-07-13,8,44,29,45,28,88.89,77.78,85.71,4.62,23.64,10.16,11.87,5.71,4.28,2.29,5.5
BOS,2023-07-13,9,35,29,38,28,81.58,78.95,89.29,22.47,16.79,3.62,24.29,3.14,4.05,1.18,4.89
BOS,2023-07-13,10,33,28,31,36,90.32,90.32,86.11,3.81,16.9,4.06,5.97,4.0,3.24,1.86,8.5
BOS,2023-07-13,11,26,29,31,26,87.1,83.87,96.15,9.58,13.03,1.39,10.45,3.23,3.42,0.77,2.04
BOS,2023-07-13,12,29,26,31,25,83.87,80.65,92.0,9.94,14.06,2.44,12.19,0.92,3.27,1.72,4.68
BOS,2023-07-13,13,29,37,29,44,82.76,75.86,90.91,7.48,20.21,7.22,12.97,4.34,3.3,1.45,5.2
BOS,2023-07-13,14,33,39,39,40,82.05,76.92,82.5,10.23,20.9,7.86,15.13,3.3,4.25,1.82,7.13
BOS,2023-07-13,15,25,36,29,44,68.97,44.83,81.82,11.9,24.48,11.12,22.1,10.91,4.73,9.82,18.91
BOS,2023-07-13,16,32,38,38,38,86.84,76.32,92.11,4.45,20.58,7.65,10.76,3.45,5.08,2.87,7.55
BOS,2023-07-13,17,46,33,43,32,76.74,48.84,75.0,20.58,28.63,15.05,34.42,6.31,5.62,4.91,9.13
BOS,2023-07-13,18,39,35,37,35,67.57,40.54,65.71,23.73,35.95,22.58,45.35,31.69,7.21,33.51,49.97
BOS,2023-07-13,19,29,31,31,36,64.52,25.81,50.0,36.84,37.65,24.05,58.81,64.72,5.07,64.72,98.11
BOS,2023-07-13,20,31,31,25,30,48.0,20.0,56.67,64.4,31.52,17.9,80.72,23.13,8.21,62.9,41.37
BOS,2023-07-13,21,11,20,10,17,50.0,30.0,23.53,45.1,25.7,12.49,56.7,68.41,3.92,77.29,191.18
BOS,2023-07-13,22,7,25,11,23,63.64,45.45,34.78,15.45,20.27,7.13,21.55,79.74,5.5,86.65,140.74
BOS,2023-07-13,23,8,33,7,31,71.43,42.86,35.48,10.86,25.86,12.44,20.43,20.61,3.5,21.9,65.48
BOS,2023-07-14,0,0,9,1,12,0.0,0.0,25.0,20.0,27.0,13.6,34.0,5.83,2.9,4.33,49.5
BOS,2023-07-14,1,0,3,1,8,100.0,100.0,25.0,0.0,21.0,7.6,8.0,4.38,2.38,5.25,80.25
BOS,2023-07-14,2,0,0,0,4,0.0,0.0,50.0,0.0,0.0,0.0,0.0,4.25,1.93,6.25,14.0
BOS,2023-07-14,3,0,0,0,1,0.0,0.0,100.0,0.0,0.0,0.0,0.0,3.0,6.4,13.0,9.0
BOS,2023-07-14,4,1,2,1,4,0.0,0.0,100.0,47.0,19.0,5.6,53.0,0.0,2.88,0.0,0.5
BOS,2023-07-14,5,11,10,10,12,80.0,70.0,75.0,5.3,23.5,10.44,14.1,1.33,6.09,1.75,8.75
BOS,2023-07-14,6,41,14,39,18,71.79,35.9,72.22,38.18,44.38,30.96,67.38,3.11,7.93,4.94,21.06
BOS,2023-07-14,7,49,17,46,14,58.7,17.39,78.57,26.67,49.13,35.46,60.59,1.57,10.46,4.29,10.21
BOS,2023-07-14,8,42,30,42,31,45.24,4.76,67.74,58.31,50.76,37.26,94.31,3.45,16.48,15.94,21.19
BOS,2023-07-14,9,36,29,33,25,45.45,18.18,60.0,63.55,47.94,34.55,97.52,4.56,10.61,12.08,31.6
BOS,2023-07-14,10,31,27,28,30,28.57,10.71,56.67,69.39,49.07,35.93,105.04,6.73,5.39,10.8,55.8
BOS,2023-07-14,11,27,32,24,24,12.5,8.33,50.0,103.71,32.21,18.97,122.88,13.58,1.98,18.67,45.79
BOS,2023-07-14,12,29,24,25,26,24.0,20.0,34.62,67.68,20.4,7.52,74.72,6.92,3.49,12.62,75.73
BOS,2023-07-14,13,29,34,28,27,28.57,21.43,40.74,71.89,22.43,9.76,81.36,6.44,3.15,6.33,61.44
BOS,2023-07-14,14,35,41,32,46,50.0,34.38,47.83,65.03,19.38,6.36,71.09,4.46,3.99,5.2,58.2
BOS,2023-07-14,15,26,37,30,33,36.67,33.33,48.48,58.27,22.43,9.74,67.3,2.88,6.35,5.61,65.79
BOS,2023-07-14,16,33,38,28,33,35.71,28.57,42.42,62.29,26.68,13.39,75.79,4.61,8.28,4.52,51.18
BOS,2023-07-14,17,45,32,37,29,54.05,24.32,41.38,34.92,33.57,20.12,54.92,5.52,5.03,4.62,56.38
BOS,2023-07-14,18,36,37,32,32,40.63,25.0,34.38,55.53,30.69,17.28,72.34,3.0,4.64,3.72,105.44
BOS,2023-07-14,19,32,33,29,30,37.93,27.59,50.0,75.1,24.48,10.97,85.41,5.73,6.42,3.57,36.43
BOS,2023-07-14,20,31,29,27,25,44.44,29.63,20.0,42.44,25.78,12.39,53.7,1.48,8.42,4.44,55.16
BOS,2023-07-14,21,11,23,7,19,28.57,14.29,36.84,31.14,20.86,7.51,38.43,4.74,4.12,7.05,39.84
BOS,2023-07-14,22,7,26,12,22,66.67,50.0,27.27,13.0,22.5,9.02,20.67,2.36,2.68,1.86,55.68
BOS,2023-07-14,23,8,32,7,30,28.57,28.57,33.33,42.0,19.0,5.79,47.86,2.73,1.32,3.2,118.2
BOS,2023-07-15,0,0,8,0,10,0.0,0.0,30.0,0.0,0.0,0.0,0.0,0.7,0.86,0.5,75.9
BOS,2023-07-15,1,1,2,2,3,50.0,50.0,66.67,25.5,18.5,5.1,31.0,3.0,4.13,3.0,33.33
BOS,2023-07-15,2,0,0,0,0,0.0,0.0,0.0,0.0,0.0,0.0,0.0,0.0,0.0,0.0,0.0
BOS,2023-07-15,3,0,0,0,0,0.0,0.0,0.0,0.0,0.0,0.0,0.0,0.0,0.0,0.0,0.0
BOS,2023-07-15,4,1,2,1,2,100.0,0.0,50.0,0.0,32.0,18.6,19.0,3.0,4.95,0.0,20.5
BOS,2023-07-15,5,11,10,11,10,90.91,81.82,40.0,7.27,15.82,3.04,9.82,0.1,0.77,0.0,68.8
BOS,2023-07-15,6,33,14,31,16,70.97,61.29,68.75,19.84,17.97,4.94,22.97,0.56,3.64,1.25,14.56
BOS,2023-07-15,7,45,10,41,14,60.98,58.54,57.14,35.32,19.32,5.74,39.39,15.57,3.31,6.07,25.21
BOS,2023-07-15,8,45,22,49,19,71.43,67.35,68.42,27.71,19.9,6.56,32.37,3.11,6.09,2.42,28.05
BOS,2023-07-15,9,32,27,30,21,60.0,56.67,71.43,26.77,15.1,2.38,28.3,5.48,3.44,2.05,30.67
BOS,2023-07-15,10,35,26,34,27,73.53,70.59,81.48,36.56,16.03,3.56,39.29,3.19,4.44,1.04,14.11
BOS,2023-07-15,11,25,25,25,22,60.0,56.0,90.91,33.16,20.4,7.38,40.16,3.23,2.13,1.45,10.77
BOS,2023-07-15,12,22,20,28,25,82.14,71.43,76.0,22.82,17.82,5.12,27.29,2.36,3.86,3.28,29.24
BOS,2023-07-15,13,25,31,24,29,75.0,58.33,72.41,12.79,20.08,7.65,19.0,2.9,3.23,1.48,24.07
BOS,2023-07-15,14,20,37,20,45,55.0,45.0,64.44,31.65,18.9,6.06,36.95,3.78,3.6,3.11,25.49
BOS,2023-07-15,15,29,37,29,41,68.97,48.28,73.17,18.62,24.1,10.8,28.48,5.0,4.24,5.49,23.49
BOS,2023-07-15,16,30,33,34,35,52.94,47.06,60.0,42.82,20.47,7.18,49.35,6.09,6.51,7.57,28.17
BOS,2023-07-15,17,42,34,41,34,51.22,29.27,55.88,33.17,28.56,14.9,47.2,3.44,4.82,2.5,35.85
BOS,2023-07-15,18,37,32,33,29,45.45,27.27,55.17,42.42,24.33,10.95,52.85,5.21,4.21,4.69,58.69
BOS,2023-07-15,19,22,27,24,32,66.67,58.33,62.5,38.75,19.13,6.11,43.33,5.22,4.2,1.0,26.94
BOS,2023-07-15,20,18,22,18,22,55.56,50.0,59.09,44.06,15.78,2.66,45.56,0.45,4.89,2.68,30.59
BOS,2023-07-15,21,5,18,5,18,40.0,40.0,44.44,40.0,13.0,1.16,39.4,2.5,2.09,2.0,49.28
BOS,2023-07-15,22,5,20,7,19,71.43,71.43,36.84,11.71,14.57,2.59,13.0,1.68,4.75,4.63,49.53
BOS,2023-07-15,23,8,29,7,26,57.14,57.14,34.62,25.71,16.57,3.61,29.14,1.77,2.12,3.27,32.27
BOS,2023-07-16,0,1,10,2,8,100.0,50.0,37.5,1.5,23.0,10.3,11.5,0.63,1.38,0.0,46.5
BOS,2023-07-16,1,0,3,0,2,0.0,0.0,100.0,0.0,0.0,0.0,0.0,0.0,0.35,0.0,6.0
BOS,2023-07-16,2,0,0,1,0,100.0,100.0,0.0,0.0,13.0,0.0,0.0,0.0,0.0,0.0,0.0
BOS,2023-07-16,3,0,0,0,0,0.0,0.0,0.0,0.0,0.0,0.0,0.0,0.0,0.0,0.0,0.0
BOS,2023-07-16,4,1,2,1,3,100.0,100.0,100.0,0.0,17.0,3.6,4.0,0.33,1.23,1.0,2.67
BOS,2023-07-16,5,11,11,11,11,90.91,81.82,63.64,6.09,20.73,7.65,12.73,1.0,2.01,0.64,18.09
BOS,2023-07-16,6,35,12,34,12,64.71,29.41,91.67,35.59,32.53,19.22,53.29,0.83,5.79,0.75,7.0
BOS,2023-07-16,7,46,10,42,8,66.67,9.52,62.5,28.79,42.31,28.54,55.86,3.38,2.49,1.88,10.75
BOS,2023-07-16,8,42,30,40,24,45.0,10.0,54.17,65.3,42.08,28.66,93.35,14.46,8.93,23.88,38.67
BOS,2023-07-16,9,34,30,26,21,34.62,11.54,42.86,79.38,43.73,30.13,108.96,15.95,5.49,17.67,64.95
BOS,2023-07-16,10,29,24,27,28,40.74,18.52,42.86,105.48,47.56,34.66,139.44,19.43,4.66,22.82,44.68
BOS,2023-07-16,11,28,32,30,24,36.67,23.33,62.5,110.53,38.8,26.05,136.8,19.75,4.81,13.08,36.04
BOS,2023-07-16,12,31,23,24,20,29.17,16.67,35.0,85.04,47.21,34.5,119.29,21.3,3.79,19.6,74.3
BOS,2023-07-16,13,29,38,17,32,35.29,17.65,34.38,82.06,44.29,31.48,113.29,10.66,9.73,18.94,77.34
BOS,2023-07-16,14,33,38,26,35,30.77,11.54,42.86,88.73,43.77,30.41,119.31,19.34,5.18,31.43,102.4
BOS,2023-07-16,15,28,36,13,27,30.77,7.69,40.74,68.92,37.0,23.48,92.31,22.22,7.31,26.41,86.78
BOS,2023-07-16,16,30,37,20,24,45.0,40.0,37.5,70.65,23.75,10.45,80.7,5.42,8.23,9.63,61.96
BOS,2023-07-16,17,46,34,28,22,57.14,42.86,45.45,55.96,23.0,9.59,65.29,7.09,3.09,6.68,36.86
BOS,2023-07-16,18,35,35,23,25,47.83,17.39,24.0,48.3,26.39,12.88,60.91,5.32,6.2,8.4,94.28
BOS,2023-07-16,19,34,34,22,26,31.82,18.18,23.08,65.82,22.91,9.44,74.86,14.04,4.27,12.96,78.19
BOS,2023-07-16,20,33,31,21,27,14.29,9.52,25.93,79.57,19.86,6.13,85.33,3.07,4.81,5.93,63.74
BOS,2023-07-16,21,10,22,10,14,30.0,30.0,14.29,65.3,17.0,4.47,68.3,1.64,4.36,2.07,62.5
BOS,2023-07-16,22,7,26,8,14,75.0,75.0,28.57,26.88,17.0,3.78,30.0,0.5,5.79,4.86,63.79
BOS,2023-07-16,23,8,32,7,23,71.43,71.43,21.74,19.43,16.86,3.5,22.29,1.35,2.57,1.0,97.65
BOS,2023-07-17,0,0,8,0,8,0.0,0.0,50.0,0.0,0.0,0.0,0.0,1.0,1.6,0.38,79.75
BOS,2023-07-17,1,1,3,1,3,100.0,100.0,66.67,0.0,13.0,0.0,0.0,1.33,2.87,0.0,6.67
BOS,2023-07-17,2,0,0,0,2,0.0,0.0,100.0,0.0,0.0,0.0,0.0,0.0,1.3,0.0,0.0
BOS,2023-07-17,3,0,0,0,0,0.0,0.0,0.0,0.0,0.0,0.0,0.0,0.0,0.0,0.0,0.0
BOS,2023-07-17,4,1,2,0,3,0.0,0.0,100.0,0.0,0.0,0.0,0.0,0.0,2.9,0.0,0.33
BOS,2023-07-17,5,11,10,11,10,81.82,81.82,50.0,21.55,14.36,1.65,22.0,0.0,4.06,0.1,34.2
BOS,2023-07-17,6,41,13,35,11,85.71,80.0,54.55,14.6,18.43,5.34,17.91,8.36,6.1,9.09,48.36
BOS,2023-07-17,7,50,18,46,14,67.39,63.04,64.29,29.91,21.41,7.86,36.54,2.93,9.0,3.07,67.36
BOS,2023-07-17,8,44,31,38,31,63.16,52.63,77.42,28.53,20.79,7.54,35.26,14.48,5.7,15.81,42.16
BOS,2023-07-17,9,33,28,29,27,79.31,75.86,77.78,27.21,18.69,5.62,31.9,6.48,5.2,3.33,14.26
BOS,2023-07-17,10,32,29,35,34,71.43,60.0,79.41,10.31,17.06,4.51,14.4,4.85,5.25,2.97,11.12
BOS,2023-07-17,11,30,28,29,24,68.97,58.62,70.83,18.34,16.17,3.94,21.21,3.96,3.6,3.46,11.96
BOS,2023-07-17,12,28,26,28,28,64.29,60.71,82.14,28.93,16.54,4.51,33.11,1.21,3.63,2.14,18.14
BOS,2023-07-17,13,29,37,32,40,62.5,62.5,72.5,22.56,17.66,4.87,27.09,3.3,5.23,1.32,19.73
BOS,2023-07-17,14,34,38,40,45,60.0,42.5,57.78,31.83,23.18,10.12,41.13,3.09,5.9,4.02,36.47
BOS,2023-07-17,15,22,39,32,40,56.25,50.0,65.0,36.47,22.81,9.59,45.63,4.72,4.07,3.55,27.88
BOS,2023-07-17,16,35,36,36,39,44.44,38.89,79.49,48.58,27.11,13.89,62.08,2.95,5.41,2.74,26.13
BOS,2023-07-17,17,44,33,44,39,72.73,11.36,64.1,28.59,38.82,25.31,52.41,2.51,7.86,4.38,15.79
BOS,2023-07-17,18,38,36,39,34,56.41,7.69,50.0,38.77,32.0,18.58,55.9,3.29,8.59,4.32,39.79
BOS,2023-07-17,19,30,34,33,36,63.64,60.61,61.11,40.0,19.91,6.49,45.24,3.19,4.92,3.11,41.31
BOS,2023-07-17,20,32,30,33,33,51.52,51.52,48.48,43.09,17.15,4.27,45.42,1.61,4.56,28.12,61.3
BOS,2023-07-17,21,10,21,10,21,50.0,50.0,47.62,44.1,14.9,2.55,45.3,3.81,2.65,4.67,54.43
BOS,2023-07-17,22,7,26,14,28,78.57,71.43,46.43,13.57,14.57,1.56,14.21,3.86,1.96,3.04,51.93
BOS,2023-07-17,23,8,33,8,33,62.5,50.0,51.52,35.5,16.25,3.59,38.13,2.79,1.1,1.45,69.12
BOS,2023-07-18,0,0,7,0,8,0.0,0.0,50.0,0.0,0.0,0.0,0.0,1.0,0.3,0.0,40.38
BOS,2023-07-18,1,1,3,1,3,100.0,100.0,33.33,0.0,13.0,0.0,0.0,1.33,1.23,2.67,31.33
BOS,2023-07-18,2,0,0,0,0,0.0,0.0,0.0,0.0,0.0,0.0,0.0,0.0,0.0,0.0,0.0
BOS,2023-07-18,3,0,0,0,0,0.0,0.0,0.0,0.0,0.0,0.0,0.0,0.0,0.0,0.0,0.0
BOS,2023-07-18,4,1,2,1,4,0.0,0.0,75.0,80.0,15.0,1.6,82.0,0.0,0.8,0.5,43.0
BOS,2023-07-18,5,11,10,11,13,90.91,90.91,69.23,20.64,16.45,3.54,23.09,0.69,2.32,1.23,44.38
BOS,2023-07-18,6,40,13,40,17,80.0,80.0,64.71,12.9,17.85,4.74,16.05,1.71,6.78,3.18,16.76
BOS,2023-07-18,7,51,16,53,17,77.36,64.15,58.82,12.94,21.7,8.04,19.36,15.06,3.25,3.88,34.18
BOS,2023-07-18,8,41,28,45,30,80.0,53.33,86.67,8.93,22.51,9.28,16.56,4.37,4.38,0.73,4.63
BOS,2023-07-18,9,32,30,34,25,67.65,64.71,72.0,13.35,19.56,6.35,17.47,3.16,3.36,2.12,39.52
BOS,2023-07-18,10,30,26,30,29,76.67,73.33,79.31,13.83,16.07,3.37,16.4,3.41,2.46,5.48,8.66
BOS,2023-07-18,11,28,26,28,29,89.29,71.43,82.76,7.39,18.71,5.87,11.71,3.69,2.69,0.66,6.86
BOS,2023-07-18,12,26,28,29,29,79.31,72.41,86.21,21.34,16.31,4.5,24.69,6.1,2.54,2.21,6.41
BOS,2023-07-18,13,29,34,31,33,64.52,58.06,78.79,21.48,16.97,4.17,24.74,5.36,3.69,2.09,8.79
BOS,2023-07-18,14,33,37,37,42,64.86,56.76,69.05,25.7,23.08,10.39,34.95,7.1,3.29,4.71,29.24
BOS,2023-07-18,15,23,34,27,39,55.56,22.22,58.97,28.07,36.63,23.24,51.04,4.82,3.29,7.77,73.21
BOS,2023-07-18,16,31,35,29,39,44.83,20.69,43.59,76.9,28.45,15.1,91.31,11.1,4.48,17.13,88.41
BOS,2023-07-18,17,42,35,36,29,41.67,30.56,34.48,82.92,23.0,9.46,92.19,4.83,4.93,8.45,65.72
BOS,2023-07-18,18,37,34,31,35,32.26,16.13,28.57,62.48,24.03,10.85,73.0,4.86,4.15,8.66,72.77
BOS,2023-07-18,19,27,32,29,34,24.14,20.69,23.53,80.17,18.66,5.18,85.38,2.32,3.76,1.06,80.59
BOS,2023-07-18,20,29,29,27,28,22.22,18.52,25.0,52.7,18.3,5.1,57.33,2.93,5.04,4.25,62.82
BOS,2023-07-18,21,10,21,9,19,44.44,44.44,36.84,27.44,15.33,2.44,29.44,4.37,3.3,4.26,45.05
BOS,2023-07-18,22,7,24,12,21,58.33,58.33,47.62,12.67,15.25,2.03,14.25,2.86,3.04,1.62,97.14
BOS,2023-07-18,23,8,28,9,28,66.67,55.56,42.86,37.67,15.67,3.7,40.22,2.57,2.15,1.82,31.07
BOS,2023-07-19,0,1,8,1,7,100.0,100.0,57.14,0.0,14.0,0.6,1.0,1.14,0.23,0.0,34.0
BOS,2023-07-19,1,0,3,0,3,0.0,0.0,66.67,0.0,0.0,0.0,0.0,1.33,0.57,5.67,12.33
BOS,2023-07-19,2,0,0,0,1,0.0,0.0,100.0,0.0,0.0,0.0,0.0,0.0,0.0,0.0,0.0
BOS,2023-07-19,3,0,0,0,0,0.0,0.0,0.0,0.0,0.0,0.0,0.0,0.0,0.0,0.0,0.0
BOS,2023-07-19,4,1,2,0,4,0.0,0.0,75.0,0.0,0.0,0.0,0.0,0.0,1.07,0.0,6.5
BOS,2023-07-19,5,11,10,12,11,91.67,83.33,63.64,7.92,15.67,2.82,10.42,0.0,4.11,1.18,30.0
BOS,2023-07-19,6,42,14,43,16,79.07,72.09,37.5,9.72,19.47,6.24,14.6,0.75,6.35,1.13,44.25
BOS,2023-07-19,7,48,16,44,15,77.27,70.45,60.0,16.55,19.41,5.83,20.66,2.47,3.04,3.8,8.8
BOS,2023-07-19,8,38,28,41,33,73.17,70.73,81.82,15.07,19.27,5.83,19.1,3.73,2.82,0.91,6.0
BOS,2023-07-19,9,32,29,35,26,85.71,77.14,76.92,14.83,18.11,5.24,18.51,6.46,2.53,3.85,15.81
BOS,2023-07-19,10,31,27,35,30,82.86,82.86,76.67,20.34,16.83,3.86,22.34,5.27,3.89,6.03,11.43
BOS,2023-07-19,11,29,28,29,25,79.31,79.31,72.0,9.41,15.1,2.5,11.03,4.4,2.51,2.44,22.64
BOS,2023-07-19,12,27,27,26,30,73.08,65.38,80.0,19.0,17.77,5.12,23.42,5.13,1.73,3.37,12.27
BOS,2023-07-19,13,28,35,33,38,75.76,63.64,71.05,15.42,20.82,7.8,21.91,4.68,2.49,3.11,20.32
BOS,2023-07-19,14,33,37,37,41,75.68,54.05,68.29,14.7,23.57,10.3,23.73,5.34,3.58,3.02,22.41
BOS,2023-07-19,15,24,37,29,41,75.86,65.52,85.37,11.66,20.28,6.66,17.41,2.32,4.54,1.49,5.9
BOS,2023-07-19,16,32,33,35,33,71.43,57.14,84.85,24.51,21.4,7.85,31.14,2.85,2.72,0.94,7.52
BOS,2023-07-19,17,41,34,43,36,88.37,46.51,72.22,10.05,25.95,12.46,21.16,4.39,3.4,1.92,24.86
BOS,2023-07-19,18,36,34,37,41,75.68,67.57,75.61,29.46,19.92,6.94,35.11,1.88,4.5,1.76,14.54
BOS,2023-07-19,19,30,33,33,37,63.64,54.55,83.78,23.48,20.85,7.4,29.45,3.78,3.41,1.22,22.32
BOS,2023-07-19,20,30,29,31,31,77.42,70.97,61.29,19.74,20.19,6.71,24.48,1.45,4.43,1.52,27.71
BOS,2023-07-19,21,10,22,12,25,66.67,66.67,76.0,12.0,18.67,5.24,15.58,2.12,3.35,2.76,31.8
BOS,2023-07-19,22,7,24,14,25,85.71,71.43,76.0,5.36,17.43,4.09,7.79,1.84,1.85,0.96,21.92
BOS,2023-07-19,23,8,32,8,31,62.5,62.5,61.29,63.25,19.88,6.51,67.13,0.9,1.79,0.0,22.94
BOS,2023-07-20,0,0,9,1,8,100.0,100.0,87.5,0.0,17.0,3.6,4.0,1.0,0.85,0.0,2.5
BOS,2023-07-20,1,1,3,1,3,0.0,0.0,33.33,27.0,17.0,3.6,31.0,0.33,0.0,0.0,27.67
BOS,2023-07-20,2,0,0,0,1,0.0,0.0,0.0,0.0,0.0,0.0,0.0,0.0,3.4,0.0,228.0
BOS,2023-07-20,3,0,0,0,0,0.0,0.0,0.0,0.0,0.0,0.0,0.0,0.0,0.0,0.0,0.0
BOS,2023-07-20,4,1,2,1,4,0.0,0.0,100.0,20.0,24.0,10.6,31.0,0.0,0.43,0.0,0.5
BOS,2023-07-20,5,11,10,12,12,91.67,91.67,83.33,2.5,14.58,1.89,3.33,0.67,3.74,1.33,57.58
BOS,2023-07-20,6,41,13,40,18,95.0,77.5,77.78,2.78,22.75,9.58,9.38,2.28,2.97,1.83,10.78
BOS,2023-07-20,7,49,17,53,17,88.68,77.36,76.47,4.79,22.62,8.98,10.49,12.12,6.02,3.47,6.47
BOS,2023-07-20,8,45,29,48,34,81.25,68.75,61.76,18.1,18.92,5.89,22.75,2.29,7.86,3.74,19.85
BOS,2023-07-20,9,34,29,39,27,71.79,71.79,85.19,12.72,15.49,2.63,14.59,4.04,4.29,1.0,19.74
BOS,2023-07-20,10,33,30,37,36,86.49,86.49,88.89,16.84,15.43,3.52,19.65,2.14,4.25,1.81,5.78
BOS,2023-07-20,11,27,28,30,26,86.67,86.67,88.46,6.17,14.73,3.11,8.57,2.88,4.0,2.08,5.15
BOS,2023-07-20,12,28,26,29,28,86.21,75.86,92.86,6.79,16.52,4.24,10.14,1.93,3.94,0.68,3.89
BOS,2023-07-20,13,29,37,29,42,86.21,86.21,85.71,9.66,14.66,2.29,10.45,2.29,4.19,0.71,7.64
BOS,2023-07-20,14,33,39,40,43,75.0,72.5,83.72,11.5,15.68,3.43,13.73,2.49,4.9,2.26,7.6
BOS,2023-07-20,15,25,36,29,41,82.76,82.76,78.05,19.34,18.38,5.85,24.21,2.41,5.59,1.34,11.98
BOS,2023-07-20,16,32,37,34,39,70.59,55.88,84.62,23.5,19.85,6.95,29.5,1.79,4.68,1.28,5.46
BOS,2023-07-20,17,45,34,45,38,80.0,62.22,68.42,9.02,20.44,7.46,15.47,1.08,7.8,3.58,35.89
BOS,2023-07-20,18,39,35,42,40,73.81,59.52,67.5,12.0,18.81,6.18,16.52,2.6,8.32,7.03,25.65
BOS,2023-07-20,19,29,31,32,35,68.75,50.0,74.29,25.19,20.56,7.48,31.88,4.63,7.25,4.83,26.77
BOS,2023-07-20,20,32,30,33,30,72.73,60.61,63.33,19.76,20.06,7.21,25.33,0.93,5.58,3.7,25.63
BOS,2023-07-20,21,10,20,10,20,100.0,90.0,70.0,2.3,15.8,2.74,4.8,2.4,6.47,2.55,10.8
BOS,2023-07-20,22,7,25,13,24,92.31,92.31,45.83,2.92,15.77,2.95,5.54,2.71,6.02,3.63,67.17
BOS,2023-07-20,23,8,33,8,29,50.0,50.0,51.72,24.38,16.38,3.19,27.13,1.79,3.09,3.1,34.1
BOS,2023-07-21,0,0,9,0,9,0.0,0.0,66.67,0.0,0.0,0.0,0.0,3.67,2.3,2.56,29.67
BOS,2023-07-21,1,0,3,0,2,0.0,0.0,50.0,0.0,0.0,0.0,0.0,0.0,0.8,0.0,35.0
BOS,2023-07-21,2,0,0,0,0,0.0,0.0,0.0,0.0,0.0,0.0,0.0,0.0,0.0,0.0,0.0
BOS,2023-07-21,3,0,0,0,0,0.0,0.0,0.0,0.0,0.0,0.0,0.0,0.0,0.0,0.0,0.0
BOS,2023-07-21,4,1,2,1,5,100.0,100.0,80.0,0.0,20.0,6.6,7.0,1.4,7.24,5.4,33.6
BOS,2023-07-21,5,11,10,12,12,83.33,75.0,33.33,6.5,18.67,6.67,11.67,0.5,4.77,3.0,57.75
BOS,2023-07-21,6,42,14,41,18,85.37,85.37,50.0,15.73,18.0,4.71,18.32,2.11,6.64,4.44,22.39
BOS,2023-07-21,7,49,17,51,16,80.39,62.75,68.75,15.12,20.27,6.91,20.33,1.81,5.44,5.06,14.56
BOS,2023-07-21,8,42,30,43,26,69.77,62.79,96.15,27.91,18.77,5.78,32.79,3.38,7.25,2.81,2.38
BOS,2023-07-21,9,35,30,33,29,93.94,78.79,82.76,2.88,20.64,7.38,8.7,4.0,5.33,3.93,10.62
BOS,2023-07-21,10,31,28,36,33,69.44,69.44,84.85,18.28,16.11,3.68,21.08,1.06,2.86,0.3,10.21
BOS,2023-07-21,11,28,31,28,32,85.71,82.14,71.88,11.11,14.64,2.08,12.0,2.13,3.2,0.91,14.09
BOS,2023-07-21,12,28,24,31,28,70.97,67.74,78.57,15.9,13.87,2.45,17.68,1.29,2.02,1.21,6.18
BOS,2023-07-21,13,29,34,35,37,74.29,71.43,70.27,17.54,20.71,7.89,24.89,4.65,4.65,3.16,17.78
BOS,2023-07-21,14,35,41,36,47,61.11,44.44,53.19,23.14,25.44,12.83,34.89,3.45,4.81,5.3,22.7
BOS,2023-07-21,15,25,38,24,44,62.5,29.17,50.0,22.33,41.67,28.06,49.88,9.18,4.91,11.45,39.27
BOS,2023-07-21,16,33,37,40,44,47.5,32.5,40.91,38.8,32.75,19.3,57.0,11.66,4.91,12.41,32.93
BOS,2023-07-21,17,44,32,49,27,40.82,30.61,18.52,55.9,35.71,22.18,77.78,22.48,4.89,24.44,75.44
BOS,2023-07-21,18,36,38,35,37,34.29,25.71,35.14,80.23,35.69,23.08,103.03,22.3,10.52,39.65,86.38
BOS,2023-07-21,19,32,32,30,35,30.0,20.0,8.57,172.47,25.17,11.51,183.83,37.74,13.87,46.26,134.57
BOS,2023-07-21,20,32,29,30,32,20.0,13.33,18.75,211.47,29.2,15.76,227.17,47.13,22.43,71.84,163.03
BOS,2023-07-21,21,10,23,10,21,10.0,10.0,4.76,236.9,20.8,7.37,244.3,36.76,20.12,62.86,137.71
BOS,2023-07-21,22,7,26,10,23,30.0,0.0,0.0,61.3,20.8,7.62,69.1,5.35,14.47,20.74,137.7
BOS,2023-07-21,23,8,32,7,40,0.0,0.0,7.5,136.14,18.86,6.27,141.86,17.83,9.25,22.3,79.38
BOS,2023-07-22,0,0,8,2,13,100.0,50.0,23.08,0.0,25.5,12.1,12.5,3.15,6.61,6.08,71.31
BOS,2023-07-22,1,1,2,2,4,0.0,0.0,25.0,19.5,14.0,0.8,20.5,0.0,19.63,9.25,44.75
BOS,2023-07-22,2,0,0,0,0,0.0,0.0,0.0,0.0,0.0,0.0,0.0,0.0,0.0,0.0,0.0
BOS,2023-07-22,3,0,0,0,0,0.0,0.0,0.0,0.0,0.0,0.0,0.0,0.0,0.0,0.0,0.0
BOS,2023-07-22,4,1,2,1,2,100.0,100.0,100.0,0.0,21.0,7.6,8.0,0.0,1.75,0.0,0.0
BOS,2023-07-22,5,11,10,11,11,100.0,100.0,54.55,3.0,13.0,1.67,3.18,1.09,6.16,2.64,120.64
BOS,2023-07-22,6,33,14,30,14,86.67,80.0,42.86,21.73,17.7,4.67,24.93,1.86,5.29,1.93,44.29
BOS,2023-07-22,7,45,10,42,12,73.81,61.9,58.33,16.12,18.67,5.35,20.1,18.33,5.85,6.75,36.83
BOS,2023-07-22,8,45,22,48,23,56.25,56.25,73.91,37.96,17.15,4.33,41.31,2.26,6.17,1.78,9.96
BOS,2023-07-22,9,30,27,32,28,62.5,62.5,75.0,38.81,16.38,3.61,41.38,3.04,3.0,0.86,17.07
BOS,2023-07-22,10,35,26,36,28,77.78,58.33,92.86,21.94,21.64,8.6,28.42,3.25,2.69,2.0,7.21
BOS,2023-07-22,11,26,22,29,20,65.52,62.07,90.0,24.31,16.34,4.11,27.83,2.65,2.47,0.45,4.8
BOS,2023-07-22,12,21,21,21,25,71.43,61.9,72.0,13.9,20.29,7.0,19.62,2.16,2.21,2.12,10.32
BOS,2023-07-22,13,25,30,26,33,84.62,73.08,66.67,8.42,19.27,6.17,13.35,3.39,4.06,3.33,38.55
BOS,2023-07-22,14,19,37,28,43,75.0,75.0,76.74,17.14,13.21,2.05,18.61,2.12,4.44,1.42,13.49
BOS,2023-07-22,15,29,37,35,40,71.43,71.43,75.0,14.8,14.31,1.83,16.0,1.98,5.44,1.5,22.93
BOS,2023-07-22,16,30,32,31,34,77.42,74.19,82.35,13.35,17.1,4.51,16.71,2.03,4.87,0.71,17.53
BOS,2023-07-22,17,41,34,44,34,68.18,63.64,76.47,14.98,19.07,5.93,20.16,3.09,5.09,1.12,13.85
BOS,2023-07-22,18,37,32,38,35,71.05,68.42,74.29,13.03,16.45,3.44,15.58,1.2,5.05,2.6,24.69
BOS,2023-07-22,19,22,28,23,32,78.26,65.22,71.88,13.87,17.35,5.24,18.57,2.78,6.02,0.13,33.91
BOS,2023-07-22,20,18,22,18,23,61.11,61.11,60.87,36.06,15.72,3.4,37.78,1.87,9.33,6.13,27.83
BOS,2023-07-22,21,6,18,8,17,62.5,62.5,52.94,12.5,15.25,2.33,13.75,1.41,5.58,1.18,47.94
BOS,2023-07-22,22,5,19,5,18,60.0,60.0,72.22,53.2,15.0,2.24,54.6,1.22,3.56,2.5,20.44
BOS,2023-07-22,23,8,29,8,27,87.5,87.5,77.78,8.5,12.13,0.11,7.75,1.19,3.17,0.52,13.15
BOS,2023-07-23,0,1,10,1,8,100.0,100.0,37.5,0.0,19.0,5.6,6.0,0.5,1.98,0.0,21.5
BOS,2023-07-23,1,0,3,1,3,100.0,0.0,100.0,0.0,31.0,17.6,18.0,0.0,3.57,0.33,0.0
BOS,2023-07-23,2,0,0,0,0,0.0,0.0,0.0,0.0,0.0,0.0,0.0,0.0,0.0,0.0,0.0
BOS,2023-07-23,4,1,2,1,3,100.0,100.0,33.33,0.0,16.0,2.6,3.0,1.0,6.97,10.33,25.67
BOS,2023-07-23,5,11,11,11,11,90.91,81.82,81.82,3.82,21.82,9.0,11.36,0.73,0.55,0.73,9.73
BOS,2023-07-23,6,34,12,35,11,74.29,71.43,81.82,23.8,20.17,6.84,28.8,2.0,5.58,4.36,9.55
BOS,2023-07-23,7,46,10,44,10,81.82,54.55,80.0,8.34,26.89,13.18,19.27,2.3,3.13,3.5,6.4
BOS,2023-07-23,8,42,29,40,27,80.0,65.0,85.19,7.83,25.27,11.87,16.93,3.3,6.37,2.3,5.41
BOS,2023-07-23,9,34,29,35,28,85.71,68.57,85.71,11.83,20.83,7.59,17.11,3.36,2.9,0.29,5.36
BOS,2023-07-23,10,28,23,31,26,83.87,83.87,88.46,20.97,18.23,5.38,24.26,3.42,3.13,1.88,14.35
BOS,2023-07-23,11,28,31,28,28,85.71,78.57,85.71,7.43,18.75,5.98,11.5,3.61,2.12,0.79,4.04
BOS,2023-07-23,12,30,23,30,27,73.33,73.33,85.19,27.93,17.0,4.77,31.83,3.85,3.28,4.04,9.33
BOS,2023-07-23,13,28,38,27,39,62.96,48.15,79.49,23.3,21.33,8.15,30.41,10.03,3.58,8.1,25.36
BOS,2023-07-23,14,32,37,39,41,79.49,58.97,85.37,18.59,22.92,10.02,27.13,3.22,5.28,2.07,27.37
BOS,2023-07-23,15,27,35,28,42,64.29,46.43,83.33,22.93,23.82,10.53,32.93,2.1,4.62,2.48,12.4
BOS,2023-07-23,16,30,36,35,38,71.43,54.29,65.79,37.71,22.11,8.95,45.34,3.89,7.42,6.79,22.24
BOS,2023-07-23,17,45,33,48,33,70.83,56.25,66.67,20.73,20.67,7.94,27.52,2.18,8.18,4.45,28.48
BOS,2023-07-23,18,34,35,37,41,54.05,40.54,68.29,31.43,23.19,10.46,40.19,1.29,7.01,3.56,17.2
BOS,2023-07-23,19,34,35,37,44,67.57,54.05,70.45,21.38,22.62,9.35,29.41,2.77,5.32,2.27,18.23
BOS,2023-07-23,20,33,31,34,37,61.76,47.06,56.76,27.56,20.65,7.52,34.06,1.62,7.59,3.51,18.51
BOS,2023-07-23,21,11,22,12,21,50.0,41.67,61.9,28.92,19.83,6.34,34.75,2.38,4.79,1.1,36.14
BOS,2023-07-23,22,7,26,9,28,44.44,44.44,60.71,25.22,16.22,3.58,27.22,2.79,2.54,2.68,35.11
BOS,2023-07-23,23,8,32,10,31,40.0,40.0,70.97,42.4,14.2,1.43,43.6,2.52,1.4,2.42,18.03
BOS,2023-07-24,0,0,8,1,9,100.0,100.0,44.44,0.0,13.0,0.0,0.0,2.44,1.3,0.22,43.56
BOS,2023-07-24,1,1,3,1,3,0.0,0.0,33.33,28.0,19.0,5.6,34.0,0.0,3.1,0.0,30.33
BOS,2023-07-24,2,0,0,0,1,0.0,0.0,100.0,0.0,0.0,0.0,0.0,5.0,0.0,6.0,0.0
BOS,2023-07-24,4,1,2,2,4,0.0,0.0,75.0,72.0,17.5,4.1,76.5,0.0,0.75,1.25,8.75
BOS,2023-07-24,5,11,10,12,10,75.0,75.0,60.0,14.33,15.33,2.64,16.5,1.4,11.86,8.1,38.9
BOS,2023-07-24,6,41,13,43,14,62.79,58.14,50.0,31.56,20.47,7.06,36.56,1.29,8.98,5.0,63.71
BOS,2023-07-24,7,50,18,46,17,58.7,54.35,58.82,34.07,22.8,9.09,41.5,3.35,21.84,18.94,20.71
BOS,2023-07-24,8,44,30,39,28,64.1,46.15,53.57,18.1,25.1,11.55,28.56,2.21,17.16,9.57,13.82
BOS,2023-07-24,9,32,27,37,25,72.97,64.86,60.0,20.27,19.35,6.34,25.24,5.08,7.47,6.6,18.64
BOS,2023-07-24,10,31,29,32,32,81.25,71.88,68.75,6.84,19.81,6.72,12.28,4.72,5.39,5.88,14.72
BOS,2023-07-24,11,30,27,35,28,71.43,65.71,85.71,15.09,16.43,3.73,17.94,4.93,3.36,2.68,13.29
BOS,2023-07-24,12,27,26,29,25,82.76,75.86,60.0,16.93,17.69,5.59,21.52,4.0,2.8,3.16,28.16
BOS,2023-07-24,13,29,37,30,43,80.0,66.67,76.74,19.33,17.83,5.4,23.87,6.49,4.14,4.44,14.79
BOS,2023-07-24,14,34,38,41,47,63.41,48.78,74.47,19.37,19.02,6.71,24.98,5.81,4.57,3.68,10.83
BOS,2023-07-24,15,22,39,28,36,64.29,42.86,52.78,23.93,21.64,8.79,32.04,7.42,5.11,5.67,20.81
BOS,2023-07-24,16,35,35,35,38,57.14,40.0,60.53,25.11,22.97,9.99,34.49,7.03,5.29,4.58,27.34
BOS,2023-07-24,17,43,33,45,31,66.67,35.56,61.29,28.76,25.93,12.55,40.16,8.16,3.92,6.26,28.81
BOS,2023-07-24,18,38,36,39,39,56.41,41.03,74.36,30.0,21.64,8.5,37.49,4.87,2.9,2.56,16.77
BOS,2023-07-24,19,30,35,33,39,60.61,54.55,48.72,33.15,20.73,7.41,39.39,7.05,4.78,4.74,40.13
BOS,2023-07-24,20,32,30,33,33,45.45,45.45,51.52,41.48,17.36,4.18,44.48,3.73,3.25,2.52,44.27
BOS,2023-07-24,21,11,21,12,22,83.33,66.67,72.73,14.5,17.42,4.56,17.75,4.86,5.51,4.23,14.23
BOS,2023-07-24,22,7,26,14,27,42.86,42.86,51.85,40.5,17.79,4.34,44.5,2.04,2.91,3.15,30.33
BOS,2023-07-24,23,8,33,8,33,62.5,62.5,75.76,15.88,17.88,5.06,19.38,2.97,1.53,0.3,15.12
BOS,2023-07-25,0,0,7,1,8,0.0,0.0,62.5,102.0,19.0,5.6,108.0,0.75,2.59,2.38,20.88
BOS,2023-07-25,1,1,3,1,3,100.0,100.0,66.67,0.0,29.0,15.6,7.0,1.33,2.9,0.0,5.0
BOS,2023-07-25,2,0,0,0,0,0.0,0.0,0.0,0.0,0.0,0.0,0.0,0.0,0.0,0.0,0.0
BOS,2023-07-25,4,1,2,1,5,100.0,100.0,80.0,0.0,22.0,8.6,9.0,0.8,0.74,2.2,6.4
BOS,2023-07-25,5,11,10,12,13,91.67,91.67,76.92,3.58,14.25,1.59,4.08,1.08,3.43,4.46,16.15
BOS,2023-07-25,6,40,13,42,19,92.86,80.95,57.89,7.0,18.79,5.57,10.38,0.58,7.28,3.95,36.79
BOS,2023-07-25,7,51,16,52,19,80.77,76.92,73.68,8.69,21.13,7.54,13.5,3.26,3.71,2.21,11.58
BOS,2023-07-25,8,41,27,47,29,76.6,65.96,72.41,11.09,19.02,5.68,15.49,3.21,9.24,4.59,12.72
BOS,2023-07-25,9,32,30,38,28,76.32,73.68,78.57,10.0,17.68,5.33,13.63,4.96,3.31,2.71,18.61
BOS,2023-07-25,10,29,26,28,30,85.71,82.14,80.0,11.68,16.11,3.62,14.04,2.87,4.71,3.43,9.87
BOS,2023-07-25,11,28,26,29,29,89.66,79.31,93.1,11.14,17.45,4.54,14.79,4.07,2.66,1.79,3.83
BOS,2023-07-25,12,28,28,29,28,89.66,68.97,89.29,8.59,20.21,7.96,15.34,6.93,4.33,4.43,13.0
BOS,2023-07-25,13,29,34,29,37,82.76,55.17,83.78,17.9,25.52,12.28,29.17,3.32,4.08,1.38,6.95
BOS,2023-07-25,14,33,37,37,43,81.08,56.76,72.09,32.86,36.32,23.17,53.73,2.88,13.36,8.81,21.07
BOS,2023-07-25,15,23,35,25,35,32.0,12.0,54.29,60.48,36.72,23.11,82.8,38.71,10.3,38.23,43.91
BOS,2023-07-25,16,31,35,29,30,13.79,6.9,23.33,92.24,35.1,21.65,114.0,33.47,17.1,46.03,88.17
BOS,2023-07-25,17,42,35,34,29,23.53,14.71,27.59,73.56,28.94,15.31,88.91,26.1,10.78,32.21,88.48
BOS,2023-07-25,18,37,35,31,32,25.81,9.68,15.63,77.39,27.94,14.56,92.0,7.66,13.6,32.38,105.78
BOS,2023-07-25,19,27,33,24,33,20.83,8.33,30.3,101.38,21.96,8.31,109.83,4.39,8.47,7.82,94.58
BOS,2023-07-25,20,29,29,24,31,33.33,25.0,32.26,102.29,19.17,5.78,107.21,2.1,5.33,5.55,82.97
BOS,2023-07-25,21,11,21,8,24,50.0,50.0,29.17,31.0,15.5,2.32,33.0,4.0,5.53,12.63,50.79
BOS,2023-07-25,22,7,23,14,21,28.57,28.57,9.52,42.43,18.21,4.91,47.14,4.19,8.05,11.19,91.62
BOS,2023-07-25,23,8,28,8,24,50.0,50.0,33.33,16.13,14.38,1.36,16.88,2.96,5.73,2.88,111.83
BOS,2023-07-26,0,1,8,2,8,0.0,0.0,37.5,30.0,16.0,2.6,33.0,2.25,1.1,1.0,28.5
BOS,2023-07-26,1,0,3,0,3,0.0,0.0,33.33,0.0,0.0,0.0,0.0,0.67,4.17,1.33,16.33
BOS,2023-07-26,2,0,0,0,1,0.0,0.0,100.0,0.0,0.0,0.0,0.0,4.0,5.8,13.0,0.0
BOS,2023-07-26,3,0,0,0,0,0.0,0.0,0.0,0.0,0.0,0.0,0.0,0.0,0.0,0.0,0.0
BOS,2023-07-26,4,1,2,1,4,0.0,0.0,100.0,97.0,17.0,3.6,101.0,0.0,0.83,0.0,3.25
BOS,2023-07-26,5,11,10,12,11,75.0,75.0,45.45,29.25,15.58,2.64,31.08,0.64,2.14,0.73,34.45
BOS,2023-07-26,6,41,14,42,16,85.71,80.95,50.0,8.43,19.02,5.65,12.67,1.31,4.08,4.25,35.38
BOS,2023-07-26,7,48,16,46,17,71.74,65.22,76.47,13.3,20.35,6.95,18.78,2.12,3.86,3.06,12.29
BOS,2023-07-26,8,38,28,43,26,69.77,51.16,84.62,25.6,21.6,8.23,32.6,3.5,5.73,1.85,5.38
BOS,2023-07-26,9,32,29,39,25,76.92,76.92,88.0,16.77,15.62,2.69,18.62,4.52,3.23,1.2,11.16
BOS,2023-07-26,10,31,27,30,33,83.33,73.33,84.85,13.67,18.43,5.31,16.97,2.27,2.14,1.76,7.03
BOS,2023-07-26,11,29,28,33,25,75.76,69.7,84.0,14.7,17.58,4.96,18.7,3.0,2.47,1.96,6.12
BOS,2023-07-26,12,27,27,27,29,85.19,74.07,86.21,6.44,16.63,4.31,9.07,2.93,1.94,2.83,10.41
BOS,2023-07-26,13,28,34,30,41,76.67,73.33,85.37,13.87,18.87,5.86,18.73,2.1,3.9,2.66,9.32
BOS,2023-07-26,14,33,37,39,43,79.49,74.36,83.72,13.59,18.51,5.82,17.36,2.6,4.37,4.23,12.12
BOS,2023-07-26,15,23,37,26,40,73.08,53.85,67.5,11.62,25.69,12.09,22.15,3.58,4.62,5.28,24.5
BOS,2023-07-26,16,33,34,38,39,68.42,60.53,64.1,24.37,21.21,7.93,31.29,3.23,4.74,6.72,35.87
BOS,2023-07-26,17,41,34,50,39,74.0,38.0,64.1,41.84,28.96,15.46,56.2,4.1,5.22,8.46,23.05
BOS,2023-07-26,18,36,34,38,39,63.16,42.11,69.23,21.89,25.89,12.48,32.71,4.9,4.42,6.08,19.21
BOS,2023-07-26,19,30,34,34,39,61.76,50.0,61.54,46.56,23.35,9.77,55.15,5.69,5.95,9.92,29.92
BOS,2023-07-26,20,30,29,35,34,65.71,48.57,52.94,25.17,23.29,9.94,33.57,2.88,7.81,6.91,30.47
BOS,2023-07-26,21,11,22,12,24,33.33,33.33,66.67,45.25,17.75,4.36,48.92,5.04,8.57,9.21,20.71
BOS,2023-07-26,22,7,24,14,24,57.14,57.14,37.5,9.71,16.57,3.17,12.21,2.71,3.82,8.04,76.33
BOS,2023-07-26,23,8,32,9,32,55.56,44.44,31.25,14.44,18.22,4.72,18.67,3.56,5.98,10.03,41.31
BOS,2023-07-27,0,0,9,1,8,0.0,0.0,37.5,63.0,19.0,5.6,69.0,1.88,3.79,9.25,48.88
BOS,2023-07-27,1,1,3,1,3,100.0,100.0,100.0,0.0,19.0,5.6,6.0,0.0,1.23,2.0,4.67
BOS,2023-07-27,2,0,0,0,0,0.0,0.0,0.0,0.0,0.0,0.0,0.0,0.0,0.0,0.0,0.0
BOS,2023-07-27,3,0,0,0,0,0.0,0.0,0.0,0.0,0.0,0.0,0.0,0.0,0.0,0.0,0.0
BOS,2023-07-27,4,1,2,1,4,100.0,100.0,100.0,0.0,13.0,0.0,0.0,5.5,3.38,5.25,3.75
BOS,2023-07-27,5,11,11,12,13,100.0,100.0,69.23,0.33,13.42,0.88,0.67,2.85,3.13,5.38,67.92
BOS,2023-07-27,6,41,13,40,16,85.0,72.5,68.75,24.48,22.08,8.64,31.33,1.0,3.91,5.75,26.38
BOS,2023-07-27,7,50,17,52,19,82.69,75.0,78.95,18.65,21.35,7.7,24.65,2.47,4.45,4.05,8.26
BOS,2023-07-27,8,44,29,49,30,73.47,59.18,90.0,17.57,20.29,7.04,23.27,3.9,3.33,1.43,3.43
BOS,2023-07-27,9,34,28,34,26,82.35,70.59,80.77,8.24,20.56,7.04,13.82,6.23,3.5,1.23,10.69
BOS,2023-07-27,10,32,29,35,31,80.0,80.0,80.65,16.51,15.77,2.77,18.31,3.84,1.72,1.35,12.71
BOS,2023-07-27,11,27,28,28,25,75.0,75.0,88.0,14.68,19.54,6.27,18.5,3.04,2.04,1.72,6.68
BOS,2023-07-27,12,28,26,25,29,80.0,72.0,82.76,15.24,15.52,3.42,17.44,4.79,1.68,1.55,15.86
BOS,2023-07-27,13,29,37,31,38,77.42,67.74,81.58,8.97,19.77,6.84,14.42,7.84,3.13,2.45,11.61
BOS,2023-07-27,14,33,39,36,45,75.0,52.78,66.67,22.11,22.78,9.63,30.78,4.69,3.39,5.02,19.31
BOS,2023-07-27,15,25,36,27,36,66.67,62.96,63.89,17.89,23.56,10.66,27.74,4.03,3.17,4.44,32.92
BOS,2023-07-27,16,32,37,31,35,54.84,38.71,42.86,49.35,28.39,15.15,64.0,7.06,5.61,7.26,51.51
BOS,2023-07-27,17,45,34,37,27,48.65,16.22,40.74,39.22,34.7,21.45,60.49,6.37,5.47,10.89,65.3
BOS,2023-07-27,18,39,35,29,29,31.03,13.79,17.24,63.45,32.86,19.4,82.45,3.93,7.49,8.83,116.93
BOS,2023-07-27,19,29,32,25,26,20.0,16.0,30.77,122.08,20.64,7.33,129.12,4.23,3.69,3.92,53.08
BOS,2023-07-27,20,32,30,28,24,14.29,14.29,33.33,54.32,19.36,5.96,59.29,3.83,4.59,4.88,52.17
BOS,2023-07-27,21,11,20,9,18,33.33,33.33,44.44,31.44,19.11,5.67,37.0,6.17,5.61,8.06,38.72
BOS,2023-07-27,22,7,25,12,27,58.33,50.0,70.37,16.92,18.42,5.05,21.83,2.19,6.01,7.56,35.59
BOS,2023-07-27,23,8,33,8,31,75.0,75.0,61.29,17.0,17.0,3.59,19.63,1.19,1.63,0.48,34.39
BOS,2023-07-28,0,0,9,1,9,100.0,100.0,66.67,0.0,15.0,1.6,0.0,3.0,1.66,0.33,37.0
BOS,2023-07-28,1,0,3,1,5,0.0,0.0,80.0,38.0,18.0,4.6,43.0,0.0,0.44,0.0,8.0
BOS,2023-07-28,2,0,0,0,0,0.0,0.0,0.0,0.0,0.0,0.0,0.0,0.0,0.0,0.0,0.0
BOS,2023-07-28,4,1,2,1,4,0.0,0.0,100.0,16.0,18.0,4.6,21.0,0.75,2.13,2.5,1.5
BOS,2023-07-28,5,11,10,11,13,81.82,81.82,61.54,15.0,13.73,1.44,16.09,1.46,3.9,2.92,21.77
BOS,2023-07-28,6,42,14,41,17,78.05,68.29,76.47,16.78,21.44,8.16,22.83,1.76,4.56,1.82,77.0
BOS,2023-07-28,7,49,16,48,17,81.25,66.67,52.94,17.75,21.38,7.93,24.06,4.12,6.42,3.71,27.94
BOS,2023-07-28,8,42,30,43,33,72.09,51.16,90.91,14.72,22.67,9.29,21.51,4.18,5.87,3.3,5.0
BOS,2023-07-28,9,35,30,39,29,69.23,61.54,79.31,20.77,17.33,4.56,24.72,3.83,3.38,3.03,8.34
BOS,2023-07-28,10,31,28,36,31,80.56,75.0,80.65,7.83,15.75,3.09,9.44,2.19,4.05,2.29,15.58
BOS,2023-07-28,11,28,31,27,31,85.19,81.48,77.42,8.44,14.89,2.4,9.96,2.81,3.6,1.06,16.32
BOS,2023-07-28,12,28,24,33,32,78.79,75.76,87.5,16.76,14.85,3.17,19.73,2.34,3.21,1.44,13.5
BOS,2023-07-28,13,28,34,35,32,51.43,48.57,65.63,27.23,17.71,5.41,32.09,2.78,4.02,0.75,22.5
BOS,2023-07-28,14,35,41,36,45,72.22,69.44,86.67,14.97,15.75,3.52,17.53,1.44,4.28,1.16,16.33
BOS,2023-07-28,15,25,38,29,43,65.52,58.62,81.4,17.52,17.9,4.83,21.41,1.95,5.1,1.26,8.58
BOS,2023-07-28,16,33,37,38,43,76.32,73.68,74.42,12.24,17.21,4.64,15.89,2.56,5.72,3.21,17.65
BOS,2023-07-28,17,44,32,44,33,63.64,43.18,66.67,22.95,25.02,11.56,32.98,6.18,5.71,4.09,25.55
BOS,2023-07-28,18,36,38,37,41,70.27,27.03,60.98,25.92,27.3,14.19,39.59,3.61,4.29,3.51,31.68
BOS,2023-07-28,19,32,33,29,34,58.62,55.17,85.29,60.66,19.62,5.92,65.86,3.85,4.81,3.71,9.53
BOS,2023-07-28,20,32,29,33,31,60.61,54.55,45.16,35.7,19.3,6.12,40.39,2.06,4.0,4.35,42.19
BOS,2023-07-28,21,11,23,9,20,44.44,44.44,50.0,50.67,18.78,5.26,55.22,2.0,5.04,4.45,131.2
BOS,2023-07-28,22,7,26,10,26,80.0,80.0,57.69,23.4,17.4,3.72,26.0,2.19,2.42,3.0,63.65
BOS,2023-07-28,23,8,32,10,29,90.0,90.0,44.83,5.2,16.1,2.95,7.7,2.03,1.51,3.86,46.1
BOS,2023-07-29,0,0,8,1,7,100.0,100.0,28.57,6.0,18.0,4.6,11.0,0.71,2.63,0.14,48.71
BOS,2023-07-29,1,1,2,1,3,0.0,0.0,66.67,37.0,13.0,0.0,37.0,0.0,0.27,0.0,15.67
BOS,2023-07-29,2,0,0,1,0,100.0,100.0,0.0,0.0,13.0,0.0,0.0,0.0,0.0,0.0,0.0
BOS,2023-07-29,4,1,2,1,2,100.0,100.0,50.0,0.0,26.0,12.6,13.0,0.0,5.45,8.0,16.0
BOS,2023-07-29,5,11,10,10,12,90.0,90.0,58.33,15.3,16.0,3.12,17.6,28.08,1.51,30.42,46.33
BOS,2023-07-29,6,33,14,33,16,93.94,81.82,37.5,6.15,19.67,6.39,10.48,3.25,3.72,14.19,52.75
BOS,2023-07-29,7,46,11,45,10,75.56,71.11,100.0,12.96,21.53,7.94,18.91,1.8,2.34,1.3,2.9
BOS,2023-07-29,8,44,22,45,24,75.56,42.22,87.5,25.76,25.82,12.33,37.0,3.71,6.05,2.58,5.25
BOS,2023-07-29,9,29,27,33,26,69.7,66.67,73.08,24.15,18.52,5.18,28.0,2.42,2.98,2.92,20.23
BOS,2023-07-29,10,35,25,37,25,75.68,75.68,84.0,14.03,15.73,3.37,16.32,1.6,2.68,0.76,14.28
BOS,2023-07-29,11,25,23,25,22,72.0,68.0,77.27,16.84,16.0,3.84,20.48,3.45,2.41,1.77,10.59
BOS,2023-07-29,12,23,22,25,26,68.0,68.0,76.92,30.32,13.16,2.13,32.16,4.31,3.19,4.23,11.15
BOS,2023-07-29,13,24,29,21,29,76.19,71.43,79.31,9.29,19.43,7.44,16.19,7.0,2.75,5.07,19.83
BOS,2023-07-29,14,19,37,20,38,60.0,60.0,42.11,27.4,17.55,5.05,32.1,18.16,3.84,17.61,27.53
BOS,2023-07-29,15,30,37,29,36,48.28,37.93,44.44,41.69,28.24,15.48,56.66,11.39,6.04,12.92,44.5
BOS,2023-07-29,16,30,32,30,35,60.0,33.33,57.14,82.4,36.07,23.13,105.23,32.6,8.17,39.97,73.0
BOS,2023-07-29,17,41,35,30,29,30.0,0.0,13.79,81.3,46.6,32.78,113.9,16.76,14.08,27.17,71.03
BOS,2023-07-29,18,37,31,28,27,17.86,0.0,29.63,150.75,37.64,24.27,174.96,12.85,9.45,16.07,84.26
BOS,2023-07-29,19,22,28,17,29,29.41,23.53,31.03,103.71,31.18,18.19,121.88,31.52,10.89,35.55,95.9
BOS,2023-07-29,20,18,22,16,16,6.25,0.0,0.0,101.06,24.94,11.64,112.5,14.38,13.88,28.31,102.5
BOS,2023-07-29,21,6,18,6,15,0.0,0.0,33.33,84.0,18.17,4.67,88.83,10.33,6.77,13.8,61.2
BOS,2023-07-29,22,5,19,5,20,20.0,0.0,40.0,86.0,20.6,7.2,93.6,3.25,9.12,12.45,69.3
BOS,2023-07-29,23,8,29,7,28,0.0,0.0,32.14,50.57,19.0,5.79,56.43,2.54,8.09,8.21,60.14
BOS,2023-07-30,0,1,10,2,7,50.0,50.0,57.14,30.5,16.5,3.3,34.0,1.14,7.61,7.71,26.71
BOS,2023-07-30,1,0,3,0,3,0.0,0.0,66.67,0.0,0.0,0.0,0.0,0.33,1.57,47.67,61.67
BOS,2023-07-30,2,0,0,0,0,0.0,0.0,0.0,0.0,0.0,0.0,0.0,0.0,0.0,0.0,0.0
BOS,2023-07-30,3,0,0,0,1,0.0,0.0,100.0,0.0,0.0,0.0,0.0,0.0,2.8,0.0,0.0
BOS,2023-07-30,4,1,2,1,3,0.0,0.0,66.67,20.0,15.0,1.6,22.0,1.0,1.57,1.33,9.67
BOS,2023-07-30,5,11,11,12,10,50.0,50.0,70.0,37.42,15.83,2.88,39.67,0.3,1.24,0.0,24.4
BOS,2023-07-30,6,34,12,36,11,83.33,69.44,54.55,12.94,18.97,5.58,17.22,1.0,9.96,4.36,114.18
BOS,2023-07-30,7,46,10,44,10,63.64,54.55,80.0,30.84,19.93,6.48,36.43,18.3,2.43,0.7,81.3
BOS,2023-07-30,8,42,29,38,24,84.21,55.26,83.33,11.58,25.03,11.55,20.61,2.88,5.12,1.42,20.04
BOS,2023-07-30,9,35,28,41,27,78.05,70.73,81.48,27.56,19.68,6.63,32.9,2.3,2.49,1.0,9.07
BOS,2023-07-30,10,28,25,32,30,84.38,71.88,90.0,9.84,19.84,6.89,15.31,1.93,3.26,1.47,22.13
BOS,2023-07-30,11,28,31,30,29,76.67,73.33,86.21,26.3,18.87,6.19,30.73,2.28,2.01,0.0,14.52
BOS,2023-07-30,12,30,23,30,24,76.67,73.33,91.67,18.6,16.0,3.61,21.3,1.83,2.02,0.13,4.21
BOS,2023-07-30,13,29,38,30,39,76.67,53.33,76.92,9.67,21.43,8.96,17.97,3.95,4.71,2.28,11.38
BOS,2023-07-30,14,32,37,33,44,75.76,66.67,79.55,15.67,21.36,8.73,22.55,1.64,5.58,3.11,24.75
BOS,2023-07-30,15,27,36,29,38,65.52,65.52,78.95,28.21,21.86,8.44,35.41,2.05,4.45,3.05,10.26
BOS,2023-07-30,16,30,36,37,39,70.27,62.16,69.23,42.7,20.24,7.69,49.46,2.56,5.25,4.13,17.72
BOS,2023-07-30,17,45,33,46,39,71.74,30.43,69.23,19.46,30.65,17.22,35.11,3.54,4.36,4.08,27.56
BOS,2023-07-30,18,35,35,38,37,63.16,44.74,62.16,38.39,25.32,11.97,49.18,2.3,5.31,3.78,28.84
BOS,2023-07-30,19,34,35,33,38,57.58,54.55,76.32,21.03,22.06,8.79,28.48,4.92,3.76,2.21,16.32
BOS,2023-07-30,20,33,31,33,33,72.73,42.42,42.42,22.42,24.76,11.19,31.91,1.67,4.99,2.52,52.12
BOS,2023-07-30,21,11,22,10,22,50.0,30.0,63.64,44.2,23.8,10.2,54.3,2.77,3.59,0.95,29.86
BOS,2023-07-30,22,7,26,8,24,25.0,25.0,58.33,45.88,17.63,4.53,49.0,0.38,2.63,1.29,33.29
BOS,2023-07-30,23,8,32,8,33,62.5,62.5,60.61,46.38,20.0,6.59,52.5,1.03,1.7,0.64,36.58
BOS,2023-07-31,0,0,8,0,8,0.0,0.0,62.5,0.0,0.0,0.0,0.0,1.88,0.79,0.75,16.63
BOS,2023-07-31,1,1,3,2,3,100.0,100.0,66.67,0.0,19.5,6.1,6.5,0.0,3.1,0.0,23.0
BOS,2023-07-31,2,0,0,0,1,0.0,0.0,100.0,0.0,0.0,0.0,0.0,0.0,1.7,0.0,0.0
BOS,2023-07-31,4,1,2,1,3,0.0,0.0,100.0,18.0,14.0,0.6,19.0,0.0,3.57,1.33,3.67
BOS,2023-07-31,5,11,10,11,9,81.82,81.82,77.78,8.55,15.18,2.42,10.55,0.33,2.81,0.67,5.22
BOS,2023-07-31,6,41,13,42,14,88.1,66.67,71.43,25.4,22.38,8.99,32.98,1.64,7.11,0.71,48.86
BOS,2023-07-31,7,50,18,50,16,84.0,62.0,93.75,11.28,26.58,12.89,21.62,3.5,6.82,2.94,3.75
BOS,2023-07-31,8,44,30,44,33,77.27,61.36,84.85,14.59,23.59,10.03,23.07,2.42,5.0,1.52,16.3
BOS,2023-07-31,9,32,27,38,28,76.32,71.05,82.14,14.61,20.37,7.22,20.39,4.79,2.78,2.32,9.43
BOS,2023-07-31,10,31,29,35,33,80.0,74.29,84.85,17.91,21.29,8.01,23.71,3.52,3.22,2.09,8.52
BOS,2023-07-31,11,30,27,34,29,82.35,76.47,86.21,13.59,18.68,5.84,17.76,3.07,3.33,1.83,11.07
BOS,2023-07-31,12,27,26,28,28,75.0,64.29,75.0,7.18,22.64,9.79,15.54,3.0,1.81,1.39,22.04
BOS,2023-07-31,13,28,37,29,40,62.07,48.28,82.5,36.66,22.69,9.34,45.59,2.98,3.41,1.43,10.18
BOS,2023-07-31,14,35,38,41,45,80.49,70.73,66.67,12.88,22.37,9.35,19.98,3.22,4.12,2.51,30.96
BOS,2023-07-31,15,22,39,23,40,60.87,52.17,75.0,26.78,24.09,10.44,36.57,3.85,4.14,1.95,11.73
BOS,2023-07-31,16,35,35,37,37,59.46,40.54,75.68,33.22,25.7,12.41,44.7,3.22,4.52,1.54,25.92
BOS,2023-07-31,17,44,33,50,33,72.0,40.0,57.58,15.46,28.16,15.1,29.44,2.7,7.05,6.55,20.58
BOS,2023-07-31,18,37,36,36,38,55.56,33.33,65.79,32.92,26.42,13.26,44.89,2.61,8.15,3.42,26.63
BOS,2023-07-31,19,30,36,35,40,57.14,37.14,70.0,30.71,24.74,11.18,40.94,4.25,3.3,2.17,20.48
BOS,2023-07-31,20,32,29,34,31,67.65,41.18,67.74,22.06,29.15,15.61,34.76,1.26,3.86,1.48,18.19
BOS,2023-07-31,21,11,21,10,20,60.0,50.0,75.0,34.2,19.0,5.36,38.7,4.55,3.71,0.7,12.15
BOS,2023-07-31,22,7,26,15,26,73.33,73.33,57.69,9.07,17.87,4.48,12.07,1.88,3.05,3.12,45.65
BOS,2023-07-31,23,8,33,8,33,75.0,50.0,45.45,26.88,23.13,9.71,34.63,1.88,3.48,3.7,78.52
BOS,2023-08-01,0,0,7,0,9,0.0,0.0,77.78,0.0,0.0,0.0,0.0,2.11,2.11,2.22,8.89
BOS,2023-08-01,1,1,3,1,3,100.0,100.0,100.0,0.0,23.0,9.6,0.0,0.0,1.57,0.0,2.0
BOS,2023-08-01,2,0,0,0,0,0.0,0.0,0.0,0.0,0.0,0.0,0.0,0.0,0.0,0.0,0.0
BOS,2023-08-01,3,0,0,0,0,0.0,0.0,0.0,0.0,0.0,0.0,0.0,0.0,0.0,0.0,0.0
BOS,2023-08-01,4,1,2,2,4,50.0,50.0,100.0,26.0,19.5,6.1,32.5,0.0,1.23,0.0,0.0
BOS,2023-08-01,5,11,9,13,15,92.31,92.31,86.67,2.54,16.38,3.41,4.54,0.73,1.63,0.8,6.93
BOS,2023-08-01,6,40,13,43,16,90.7,76.74,75.0,7.37,21.37,7.94,13.02,1.19,5.56,1.69,21.44
BOS,2023-08-01,7,49,16,48,20,79.17,75.0,80.0,20.54,21.73,8.14,26.08,11.2,2.32,1.45,16.75
BOS,2023-08-01,8,41,27,45,30,84.44,53.33,90.0,12.73,27.53,14.03,24.16,2.6,3.9,1.73,5.63
BOS,2023-08-01,9,32,30,33,28,75.76,39.39,85.71,19.06,29.15,15.71,30.94,5.43,2.98,2.18,7.14
BOS,2023-08-01,10,30,26,34,35,76.47,67.65,74.29,7.29,20.97,7.87,13.12,5.51,1.73,5.03,11.77
BOS,2023-08-01,11,28,25,32,26,78.13,68.75,84.62,13.22,19.28,6.25,17.34,3.0,2.09,1.5,12.54
BOS,2023-08-01,12,27,30,26,32,92.31,80.77,68.75,9.15,16.5,4.25,12.27,1.94,3.38,1.56,11.53
BOS,2023-08-01,13,31,34,32,34,78.13,62.5,88.24,9.53,22.88,9.46,17.94,5.0,2.85,2.26,6.97
BOS,2023-08-01,14,33,37,35,42,80.0,60.0,76.19,6.31,24.51,11.42,15.57,3.6,3.37,1.76,13.17
BOS,2023-08-01,15,23,37,27,42,74.07,48.15,78.57,11.44,25.7,12.23,22.0,2.57,3.95,3.17,10.93
BOS,2023-08-01,16,31,34,38,37,76.32,71.05,86.49,9.68,20.39,7.5,15.26,2.81,2.68,0.08,13.51
BOS,2023-08-01,17,43,34,47,38,76.6,57.45,78.95,13.11,20.11,7.37,19.26,2.42,6.82,4.32,10.58
BOS,2023-08-01,18,35,35,34,38,79.41,64.71,76.32,10.38,24.24,11.39,19.35,1.11,5.26,1.08,13.76
BOS,2023-08-01,19,26,34,30,38,80.0,66.67,86.84,13.53,20.7,7.51,19.23,3.16,4.07,1.5,7.74
BOS,2023-08-01,20,28,28,30,30,63.33,60.0,76.67,13.77,16.6,3.61,15.97,1.53,4.16,0.53,26.77
BOS,2023-08-01,21,10,20,13,21,61.54,61.54,85.71,25.31,16.69,3.51,28.62,3.05,5.57,2.95,6.95
BOS,2023-08-01,22,7,24,12,26,91.67,83.33,57.69,2.08,15.75,3.22,5.42,6.08,4.38,6.73,22.73
BOS,2023-08-01,23,8,27,8,27,75.0,62.5,70.37,9.75,19.38,5.96,14.25,3.59,1.54,1.11,12.3
BOS,2023-08-02,0,1,8,1,7,100.0,100.0,57.14,0.0,15.0,1.6,2.0,1.0,0.83,1.0,30.29
BOS,2023-08-02,1,0,3,0,4,0.0,0.0,75.0,0.0,0.0,0.0,0.0,0.0,1.02,0.0,9.25
BOS,2023-08-02,2,0,0,1,0,100.0,100.0,0.0,0.0,7.0,0.0,0.0,0.0,0.0,0.0,0.0
BOS,2023-08-02,4,1,2,1,4,100.0,100.0,100.0,0.0,18.0,4.6,5.0,0.5,4.38,5.25,4.75
BOS,2023-08-02,5,11,9,14,10,85.71,85.71,80.0,5.0,13.07,1.44,6.0,0.2,2.01,3.5,31.7
BOS,2023-08-02,6,42,14,42,17,90.48,83.33,82.35,8.05,18.76,5.77,12.36,1.82,8.79,3.29,6.18
BOS,2023-08-02,7,47,16,49,15,85.71,75.51,93.33,8.2,20.27,6.8,12.82,1.4,6.41,1.67,3.07
BOS,2023-08-02,8,38,27,42,28,83.33,76.19,100.0,7.64,21.67,8.22,13.0,1.71,5.76,1.29,0.68
BOS,2023-08-02,9,32,29,32,27,84.38,81.25,77.78,9.16,16.81,3.72,11.28,3.74,3.71,5.22,8.33
BOS,2023-08-02,10,31,26,34,33,85.29,85.29,87.88,4.35,17.62,5.04,8.03,1.52,2.4,3.79,15.42
BOS,2023-08-02,11,28,27,32,31,87.5,81.25,74.19,14.75,17.5,4.54,17.94,1.87,3.55,1.52,15.61
BOS,2023-08-02,12,26,29,27,30,77.78,62.96,96.67,12.85,19.07,6.44,18.11,1.87,1.73,1.83,2.0
BOS,2023-08-02,13,30,35,33,36,69.7,63.64,86.11,14.33,16.18,3.84,16.94,3.78,4.01,2.11,4.42
BOS,2023-08-02,14,33,37,39,39,84.62,87.18,82.05,5.67,15.31,3.14,7.21,2.38,4.16,3.0,7.64
BOS,2023-08-02,15,23,38,24,41,87.5,79.17,82.93,8.08,17.33,4.12,11.25,3.29,4.53,2.59,9.27
BOS,2023-08-02,16,33,33,35,40,80.0,77.14,80.0,11.0,15.91,3.34,13.2,2.78,5.61,2.48,10.35
BOS,2023-08-02,17,42,33,45,35,77.78,75.56,71.43,9.69,17.22,4.37,12.64,3.63,5.39,2.66,21.0
BOS,2023-08-02,18,34,34,39,41,79.49,58.97,78.05,19.85,20.0,7.14,26.44,1.39,4.5,2.95,10.41
BOS,2023-08-02,19,29,35,34,39,82.35,82.35,84.62,10.03,17.91,4.47,13.44,4.03,6.59,4.1,7.67
BOS,2023-08-02,20,29,28,30,32,83.33,76.67,65.63,9.7,19.97,6.7,13.63,2.44,5.3,4.09,21.63
BOS,2023-08-02,21,10,21,11,21,45.45,45.45,80.95,48.55,17.55,4.55,50.73,4.0,3.19,2.24,6.29
BOS,2023-08-02,22,7,24,14,23,64.29,64.29,60.87,11.21,15.64,2.26,13.07,4.48,1.96,2.65,25.17
BOS,2023-08-02,23,8,31,8,30,75.0,75.0,66.67,7.88,16.0,3.74,10.0,2.4,1.16,2.77,13.73
BOS,2023-08-03,0,0,9,0,9,0.0,0.0,66.67,0.0,0.0,0.0,0.0,1.56,1.78,2.78,54.89
BOS,2023-08-03,1,1,3,1,3,100.0,100.0,100.0,0.0,13.0,0.0,0.0,0.0,0.0,0.0,1.0
BOS,2023-08-03,2,0,0,0,0,0.0,0.0,0.0,0.0,0.0,0.0,0.0,0.0,0.0,0.0,0.0
BOS,2023-08-03,4,1,2,1,4,100.0,100.0,75.0,0.0,27.0,13.6,14.0,0.0,3.38,0.75,24.75
BOS,2023-08-03,5,11,11,13,12,100.0,100.0,83.33,0.08,16.46,3.32,1.69,0.33,2.9,0.75,6.33
BOS,2023-08-03,6,41,13,41,18,97.56,73.17,83.33,4.12,23.63,10.16,11.54,0.33,6.4,1.78,9.22
BOS,2023-08-03,7,49,17,49,19,87.76,59.18,84.21,9.78,25.35,11.7,19.31,1.74,7.54,2.58,10.89
BOS,2023-08-03,8,44,28,47,27,78.72,55.32,88.89,26.66,25.45,11.98,36.06,2.89,9.18,3.48,6.33
BOS,2023-08-03,9,34,29,37,29,81.08,72.97,93.1,13.3,20.57,7.24,18.16,2.62,3.89,3.45,4.31
BOS,2023-08-03,10,33,29,34,30,85.29,85.29,86.67,17.44,17.24,4.48,20.29,2.23,2.79,0.87,5.83
BOS,2023-08-03,11,27,27,30,27,83.33,83.33,92.59,27.7,16.7,3.66,29.67,3.11,2.99,1.04,2.15
BOS,2023-08-03,12,27,28,27,26,74.07,66.67,84.62,36.26,17.74,5.21,40.04,1.65,2.29,2.46,13.0
BOS,2023-08-03,13,31,37,31,40,70.97,41.94,85.0,24.29,23.06,9.99,33.13,2.83,3.33,1.1,8.35
BOS,2023-08-03,14,33,39,36,43,63.89,50.0,79.07,40.83,24.78,11.71,50.47,2.88,4.91,1.88,9.58
BOS,2023-08-03,15,25,37,28,45,75.0,53.57,68.89,8.43,24.25,10.89,17.86,3.16,4.15,3.09,16.56
BOS,2023-08-03,16,32,36,39,41,79.49,51.28,82.93,20.38,28.9,15.43,34.92,2.71,5.78,2.49,8.05
BOS,2023-08-03,17,45,33,45,36,82.22,13.33,72.22,6.96,37.02,23.39,28.93,5.39,6.95,6.17,11.83
BOS,2023-08-03,18,38,35,40,35,75.0,37.5,71.43,15.73,29.18,15.65,28.95,4.2,5.82,3.2,20.11
BOS,2023-08-03,19,28,33,31,37,58.06,32.26,64.86,20.19,23.97,10.42,29.65,9.08,3.89,4.35,17.49
BOS,2023-08-03,20,33,29,34,34,73.53,61.76,58.82,23.65,22.21,8.63,29.53,4.5,4.1,2.21,24.0
BOS,2023-08-03,21,11,20,14,21,64.29,64.29,66.67,17.86,18.21,4.98,21.21,4.62,2.41,2.1,34.48
BOS,2023-08-03,22,7,26,14,27,85.71,85.71,62.96,5.86,17.71,4.2,8.07,2.22,2.81,2.26,39.26
BOS,2023-08-03,23,8,33,8,33,75.0,62.5,57.58,14.63,23.38,10.31,22.63,4.61,2.82,4.97,22.21
BOS,2023-08-04,0,0,10,0,9,0.0,0.0,66.67,0.0,0.0,0.0,0.0,3.11,4.93,0.78,72.56
BOS,2023-08-04,1,1,3,1,4,0.0,0.0,100.0,19.0,13.0,0.0,19.0,0.0,0.93,0.0,0.0
BOS,2023-08-04,2,0,0,0,0,0.0,0.0,0.0,0.0,0.0,0.0,0.0,0.0,0.0,0.0,0.0
BOS,2023-08-04,3,0,0,1,0,100.0,0.0,0.0,0.0,28.0,15.9,16.0,0.0,0.0,0.0,0.0
BOS,2023-08-04,4,1,2,0,4,0.0,0.0,100.0,0.0,0.0,0.0,0.0,0.0,0.38,2.5,1.25
BOS,2023-08-04,5,11,10,12,11,91.67,91.67,54.55,2.08,16.17,3.53,3.67,2.36,5.21,11.82,89.55
BOS,2023-08-04,6,42,14,43,19,93.02,79.07,47.37,6.42,25.42,12.0,14.77,4.11,9.91,11.0,54.21
BOS,2023-08-04,7,48,17,48,18,87.5,60.42,88.89,7.17,31.15,17.44,21.77,5.17,6.38,3.89,6.06
BOS,2023-08-04,8,42,29,46,26,80.43,41.3,88.46,10.67,30.39,16.9,25.02,4.85,7.79,5.12,9.08
BOS,2023-08-04,9,35,30,37,31,83.78,70.27,90.32,35.86,23.22,9.91,43.05,4.84,3.86,1.26,6.87
BOS,2023-08-04,10,31,26,35,30,85.71,74.29,86.67,10.63,20.54,7.38,15.6,3.2,2.71,3.9,6.83
BOS,2023-08-04,11,28,32,30,30,90.0,83.33,86.67,7.7,18.77,5.83,11.63,2.9,2.27,1.17,5.07
BOS,2023-08-04,12,27,24,28,31,75.0,75.0,80.65,10.86,16.79,4.27,13.61,5.45,1.89,2.74,12.97
BOS,2023-08-04,13,30,35,35,37,65.71,57.14,67.57,38.77,18.49,5.53,43.57,5.35,2.25,4.92,18.84
BOS,2023-08-04,14,35,39,39,44,69.23,64.1,54.55,24.54,20.62,7.37,30.49,4.41,2.88,5.36,32.84
BOS,2023-08-04,15,24,40,23,41,47.83,39.13,46.34,34.74,20.61,7.11,41.04,5.73,2.37,6.15,51.59
BOS,2023-08-04,16,33,36,33,41,39.39,30.3,41.46,38.58,21.45,8.15,46.39,7.49,2.03,5.83,33.83
BOS,2023-08-04,17,47,30,42,26,45.24,33.33,42.31,32.79,25.19,11.7,43.74,4.35,3.28,7.69,53.35
BOS,2023-08-04,18,31,39,30,39,36.67,23.33,41.03,47.77,22.83,9.35,56.77,5.08,3.14,6.72,56.85
BOS,2023-08-04,19,31,31,31,32,45.16,29.03,28.13,38.81,21.16,7.65,46.35,3.63,3.94,4.72,52.44
BOS,2023-08-04,20,33,28,32,29,18.75,9.38,17.24,50.09,23.84,10.39,60.47,2.83,5.59,7.17,69.34
BOS,2023-08-04,21,11,25,11,25,18.18,18.18,32.0,42.64,20.09,6.63,49.45,4.96,3.9,2.36,44.08
BOS,2023-08-04,22,7,28,12,21,75.0,66.67,33.33,10.42,19.5,6.1,16.08,1.95,3.32,4.29,60.52
BOS,2023-08-04,23,8,29,8,28,62.5,50.0,42.86,19.38,19.63,6.39,24.25,2.79,0.86,2.71,32.75
BOS,2023-08-05,0,0,9,0,11,0.0,0.0,63.64,0.0,0.0,0.0,0.0,1.73,1.86,4.09,92.55
BOS,2023-08-05,1,1,2,1,3,100.0,100.0,100.0,0.0,12.0,0.0,0.0,2.67,0.0,0.0,0.0
BOS,2023-08-05,2,0,0,0,0,0.0,0.0,0.0,0.0,0.0,0.0,0.0,0.0,0.0,0.0,0.0
BOS,2023-08-05,4,1,2,1,2,100.0,100.0,100.0,0.0,18.0,4.6,5.0,0.0,2.95,0.0,0.0
BOS,2023-08-05,5,11,9,11,10,100.0,90.91,80.0,1.27,16.45,3.83,4.36,0.1,2.31,3.7,11.6
BOS,2023-08-05,6,33,14,32,16,78.13,68.75,68.75,58.09,20.25,6.97,63.53,1.75,11.11,8.13,20.56
BOS,2023-08-05,7,45,10,43,12,51.16,46.51,66.67,38.0,20.02,6.59,43.44,15.17,7.21,5.67,14.25
BOS,2023-08-05,8,45,21,49,20,63.27,40.82,50.0,27.33,25.53,12.14,37.82,1.8,18.92,15.1,26.45
BOS,2023-08-05,9,30,27,31,24,74.19,64.52,83.33,17.68,18.48,5.56,21.58,4.75,8.47,2.63,5.38
BOS,2023-08-05,10,34,25,35,29,94.29,85.71,86.21,4.6,15.86,3.73,7.46,1.59,4.99,3.0,12.38
BOS,2023-08-05,11,25,25,28,23,78.57,71.43,82.61,21.61,14.07,2.32,23.5,1.39,5.27,1.57,12.17
BOS,2023-08-05,12,22,17,26,21,69.23,69.23,71.43,16.12,13.23,1.83,17.23,1.86,3.09,2.29,16.76
BOS,2023-08-05,13,23,29,25,34,84.0,72.0,67.65,18.24,14.8,3.07,20.6,2.62,3.53,1.71,16.12
BOS,2023-08-05,14,19,35,25,45,68.0,64.0,77.78,19.6,13.44,1.96,21.04,3.49,5.06,1.76,15.18
BOS,2023-08-05,15,27,40,31,43,93.55,87.1,74.42,4.81,15.94,3.16,6.84,1.51,6.05,3.56,18.91
BOS,2023-08-05,16,31,30,31,35,74.19,70.97,91.43,23.16,18.13,4.96,27.16,1.94,6.32,1.23,6.09
BOS,2023-08-05,17,44,33,46,36,78.26,69.57,75.0,7.09,18.7,5.6,11.57,1.17,7.15,2.14,24.03
BOS,2023-08-05,18,32,35,34,35,73.53,64.71,68.57,21.65,17.47,4.82,25.65,1.43,5.53,1.8,32.11
BOS,2023-08-05,19,21,24,22,32,59.09,50.0,56.25,21.45,16.05,3.68,24.73,2.59,4.66,0.88,30.84
BOS,2023-08-05,20,16,21,18,22,50.0,50.0,59.09,38.83,16.78,4.4,41.78,0.82,4.16,2.32,40.55
BOS,2023-08-05,21,6,19,7,18,42.86,42.86,77.78,32.71,24.0,10.26,43.0,0.67,4.52,0.0,22.72
BOS,2023-08-05,22,4,21,4,22,75.0,0.0,59.09,11.0,35.5,22.1,33.5,1.36,3.2,2.05,31.95
BOS,2023-08-05,23,9,27,8,27,62.5,62.5,70.37,23.63,16.5,3.81,25.25,0.96,3.09,0.19,24.11
BOS,2023-08-06,0,1,11,1,9,100.0,100.0,88.89,0.0,18.0,4.6,5.0,2.89,2.74,0.0,15.33
BOS,2023-08-06,1,1,3,2,2,50.0,50.0,50.0,9.5,17.5,4.1,13.0,1.0,3.15,0.0,24.0
BOS,2023-08-06,2,0,0,0,0,0.0,0.0,0.0,0.0,0.0,0.0,0.0,0.0,0.0,0.0,0.0
BOS,2023-08-06,4,1,2,1,2,100.0,0.0,100.0,0.0,29.0,15.6,16.0,0.0,6.95,0.0,0.0
BOS,2023-08-06,5,11,11,11,10,90.91,81.82,70.0,5.64,15.91,3.25,8.64,0.5,4.93,2.1,10.3
BOS,2023-08-06,6,36,13,38,13,84.21,76.32,76.92,5.89,17.89,4.67,9.24,1.46,10.37,2.77,10.0
BOS,2023-08-06,7,46,10,46,8,78.26,67.39,87.5,9.63,21.8,8.31,16.59,1.75,3.15,1.13,3.63
BOS,2023-08-06,8,40,26,40,28,72.5,45.0,78.57,18.25,24.08,10.77,27.7,2.07,6.8,1.89,11.07
BOS,2023-08-06,9,34,29,38,26,86.84,76.32,88.46,7.58,17.58,4.72,11.0,2.88,2.01,0.46,7.81
BOS,2023-08-06,10,31,22,37,30,91.89,81.08,86.67,5.73,17.49,4.97,9.03,1.3,4.31,2.0,11.13
BOS,2023-08-06,11,26,30,28,29,92.86,89.29,86.21,2.75,18.07,5.56,6.25,2.0,1.8,1.0,6.21
BOS,2023-08-06,12,28,24,32,33,78.13,81.25,75.76,7.84,16.38,3.74,9.78,1.64,5.72,3.58,16.76
BOS,2023-08-06,13,30,39,32,37,81.25,59.38,81.08,27.59,19.88,6.5,33.47,6.86,4.14,2.19,17.95
BOS,2023-08-06,14,35,38,39,43,71.79,56.41,74.42,22.49,23.46,10.26,31.51,3.07,6.81,3.53,17.95
BOS,2023-08-06,15,24,39,29,41,79.31,58.62,70.73,13.48,23.66,10.3,22.38,6.2,5.36,4.41,13.83
BOS,2023-08-06,16,30,35,36,41,72.22,69.44,78.05,25.53,20.56,7.44,32.06,5.59,3.43,3.41,18.71
BOS,2023-08-06,17,48,31,49,32,87.76,44.9,87.5,8.94,28.82,15.44,23.08,2.72,6.34,1.81,9.34
BOS,2023-08-06,18,31,36,33,38,78.79,57.58,76.32,17.94,23.76,10.45,27.73,3.71,4.52,5.37,16.03
BOS,2023-08-06,19,35,31,39,39,69.23,53.85,76.92,17.13,24.51,10.89,26.31,6.85,4.96,3.64,8.92
BOS,2023-08-06,20,32,31,33,32,54.55,42.42,56.25,34.82,21.45,8.01,41.91,3.25,5.1,4.69,33.41
BOS,2023-08-06,21,11,25,10,26,60.0,50.0,61.54,31.6,18.1,5.39,35.5,3.27,4.38,3.08,32.73
BOS,2023-08-06,22,6,27,7,26,42.86,57.14,61.54,22.86,13.29,1.17,22.71,2.77,1.62,2.65,28.46
BOS,2023-08-06,23,8,30,9,31,55.56,66.67,54.84,26.11,14.56,1.81,27.22,0.87,1.52,1.84,39.55
BOS,2023-08-07,0,0,9,0,11,0.0,0.0,72.73,0.0,0.0,0.0,0.0,1.36,1.95,0.0,29.36
BOS,2023-08-07,1,1,3,0,2,0.0,0.0,50.0,0.0,0.0,0.0,0.0,0.0,0.0,0.0,49.0
BOS,2023-08-07,2,0,0,0,0,0.0,0.0,0.0,0.0,0.0,0.0,0.0,0.0,0.0,0.0,0.0
BOS,2023-08-07,3,0,0,0,0,0.0,0.0,0.0,0.0,0.0,0.0,0.0,0.0,0.0,0.0,0.0
BOS,2023-08-07,4,1,2,1,3,100.0,100.0,66.67,0.0,20.0,6.6,7.0,0.0,3.23,0.0,17.33
BOS,2023-08-07,5,11,10,13,11,76.92,53.85,81.82,11.92,18.62,5.82,17.85,1.27,3.58,1.64,13.91
BOS,2023-08-07,6,41,12,41,12,90.24,68.29,66.67,2.88,24.9,11.59,12.41,0.5,6.88,2.75,17.75
BOS,2023-08-07,7,50,18,49,20,87.76,67.35,70.0,12.98,24.31,10.61,21.31,3.85,8.53,5.05,14.8
BOS,2023-08-07,8,40,28,42,28,90.48,61.9,89.29,7.55,22.4,9.13,15.14,5.14,7.17,3.11,5.93
BOS,2023-08-07,9,34,28,38,26,86.84,84.21,80.77,8.42,18.84,5.71,12.58,3.58,2.83,1.08,9.23
BOS,2023-08-07,10,32,28,32,33,87.5,84.38,87.88,5.28,20.19,6.91,9.63,2.94,3.72,2.18,7.21
BOS,2023-08-07,11,30,27,30,28,80.0,80.0,78.57,16.67,15.63,3.26,18.67,5.79,1.91,2.29,16.25
BOS,2023-08-07,12,26,27,29,32,75.86,68.97,84.38,16.52,18.72,5.96,21.62,3.13,2.63,1.72,5.97
BOS,2023-08-07,13,30,39,32,35,78.13,71.88,91.43,19.34,19.78,6.86,25.28,6.63,2.89,1.43,13.51
BOS,2023-08-07,14,34,35,38,42,76.32,42.11,61.9,17.34,27.66,14.71,30.55,8.86,4.07,7.93,23.05
BOS,2023-08-07,15,21,40,25,41,84.0,60.0,63.41,21.44,28.0,14.35,34.88,9.51,4.51,4.15,26.85
BOS,2023-08-07,16,36,34,35,38,65.71,45.71,63.16,33.69,22.8,9.37,42.23,5.11,5.97,8.92,21.18
BOS,2023-08-07,17,46,33,44,30,61.36,38.64,73.33,29.11,32.11,18.72,47.25,5.73,5.05,5.67,11.97
BOS,2023-08-07,18,34,37,27,35,51.85,29.63,54.29,28.41,32.78,19.34,46.74,9.54,4.76,11.2,25.26
BOS,2023-08-07,19,31,31,30,27,36.67,26.67,51.85,59.13,30.77,17.13,76.0,10.63,3.34,7.67,34.74
BOS,2023-08-07,20,31,28,25,25,40.0,12.0,40.0,43.8,27.96,14.3,56.0,2.84,4.78,11.56,39.92
BOS,2023-08-07,21,11,24,13,20,46.15,30.77,20.0,25.69,24.31,10.88,36.77,2.4,5.15,9.8,48.1
BOS,2023-08-07,22,4,27,10,22,80.0,50.0,40.91,9.0,19.1,5.74,14.9,3.68,2.69,3.59,102.18
BOS,2023-08-07,23,7,31,8,25,100.0,100.0,44.0,2.38,16.13,2.76,4.88,3.88,1.35,2.48,66.12
BOS,2023-08-08,0,0,9,0,9,0.0,0.0,55.56,0.0,0.0,0.0,0.0,1.67,0.27,1.0,27.78
BOS,2023-08-08,1,1,3,2,3,50.0,50.0,33.33,217.5,32.5,19.1,235.5,0.0,1.23,0.0,70.0
BOS,2023-08-08,2,0,0,0,0,0.0,0.0,0.0,0.0,0.0,0.0,0.0,0.0,0.0,0.0,0.0
BOS,2023-08-08,3,0,0,0,0,0.0,0.0,0.0,0.0,0.0,0.0,0.0,0.0,0.0,0.0,0.0
BOS,2023-08-08,4,1,2,1,4,100.0,100.0,75.0,0.0,16.0,2.6,3.0,1.75,1.07,1.75,4.75
BOS,2023-08-08,5,11,9,12,13,100.0,91.67,84.62,0.58,16.67,3.69,3.67,0.08,11.52,9.69,13.77
BOS,2023-08-08,6,41,10,38,16,92.11,65.79,68.75,3.37,25.13,11.62,12.45,0.94,6.77,2.19,11.19
BOS,2023-08-08,7,49,17,48,16,85.42,64.58,75.0,14.77,26.04,12.35,24.73,3.63,3.34,0.63,11.56
BOS,2023-08-08,8,39,25,40,29,75.0,70.0,89.66,16.4,25.55,12.22,26.98,4.17,5.14,1.38,7.38
BOS,2023-08-08,9,33,30,32,24,84.38,43.75,83.33,23.16,32.44,19.38,40.16,4.71,2.92,1.5,17.67
BOS,2023-08-08,10,29,25,27,26,70.37,14.81,76.92,23.11,49.74,36.34,57.7,8.38,6.47,4.0,16.23
BOS,2023-08-08,11,28,26,24,26,54.17,8.33,53.85,33.04,38.21,24.84,56.42,7.42,3.81,9.62,45.58
BOS,2023-08-08,12,27,29,28,27,64.29,60.71,59.26,22.64,18.29,5.27,26.96,5.15,5.92,7.3,41.41
BOS,2023-08-08,13,30,36,31,42,51.61,38.71,66.67,33.23,19.55,6.45,39.26,9.02,3.09,7.1,28.86
BOS,2023-08-08,14,33,33,32,38,50.0,43.75,65.79,61.47,19.38,6.19,67.34,3.53,4.05,3.71,35.26
BOS,2023-08-08,15,22,38,27,39,55.56,48.15,46.15,38.0,22.44,9.04,46.81,4.69,6.09,3.18,30.41
BOS,2023-08-08,16,32,34,33,38,42.42,27.27,39.47,35.79,23.21,9.83,45.42,4.55,5.39,8.24,61.61
BOS,2023-08-08,17,46,34,46,35,45.65,26.09,45.71,53.89,25.09,11.58,64.96,3.89,4.86,5.23,33.0
BOS,2023-08-08,18,34,35,35,40,51.43,37.14,55.0,34.29,22.43,9.13,42.57,7.28,5.02,4.9,39.98
BOS,2023-08-08,19,26,30,27,32,40.74,33.33,40.63,38.96,24.41,10.91,48.89,12.69,4.24,6.28,29.63
BOS,2023-08-08,20,28,28,30,29,50.0,40.0,37.93,27.4,22.2,8.88,35.37,7.21,5.26,3.79,36.03
BOS,2023-08-08,21,10,22,14,22,57.14,35.71,40.91,14.93,19.79,6.46,21.14,5.23,4.99,4.86,39.68
BOS,2023-08-08,22,5,25,11,24,81.82,72.73,45.83,9.55,16.45,3.44,12.0,1.83,2.06,0.88,44.83
BOS,2023-08-08,23,7,27,6,26,83.33,83.33,61.54,6.0,17.83,4.78,8.67,2.92,0.91,1.15,24.96
BOS,2023-08-09,0,1,9,1,9,100.0,100.0,66.67,0.0,13.0,0.0,0.0,1.33,1.66,0.0,16.67
BOS,2023-08-09,1,0,3,0,3,0.0,0.0,100.0,0.0,0.0,0.0,0.0,0.33,0.0,0.0,5.67
BOS,2023-08-09,2,0,0,0,0,0.0,0.0,0.0,0.0,0.0,0.0,0.0,0.0,0.0,0.0,0.0
BOS,2023-08-09,3,0,0,0,0,0.0,0.0,0.0,0.0,0.0,0.0,0.0,0.0,0.0,0.0,0.0
BOS,2023-08-09,4,1,2,1,4,100.0,100.0,100.0,0.0,18.0,4.6,5.0,0.0,0.73,0.0,0.75
BOS,2023-08-09,5,11,9,14,10,85.71,85.71,50.0,6.5,14.86,2.09,8.0,0.7,5.32,6.4,21.2
BOS,2023-08-09,6,42,11,43,14,90.7,79.07,78.57,9.21,22.0,8.59,15.53,0.64,3.42,0.57,18.07
BOS,2023-08-09,7,49,17,50,18,70.0,56.0,88.89,17.46,23.16,9.55,25.22,3.11,3.19,1.83,9.67
BOS,2023-08-09,8,35,26,40,29,82.5,55.0,93.1,34.5,25.52,12.41,45.25,3.45,5.57,1.14,2.93
BOS,2023-08-09,9,33,30,36,30,86.11,72.22,80.0,7.33,22.25,9.39,13.75,6.27,2.75,2.73,13.03
BOS,2023-08-09,10,32,25,33,31,75.76,60.61,96.77,24.42,17.42,4.68,27.45,3.68,1.59,1.26,2.19
BOS,2023-08-09,11,28,30,32,32,84.38,78.13,84.38,8.75,17.53,4.25,11.59,3.22,3.07,2.31,8.41
BOS,2023-08-09,12,27,26,31,27,87.1,77.42,92.59,8.87,15.77,3.62,11.74,1.3,2.33,0.59,4.37
BOS,2023-08-09,13,29,38,32,42,75.0,68.75,83.33,10.47,19.56,6.67,16.13,4.38,4.25,3.83,12.26
BOS,2023-08-09,14,33,33,39,39,84.62,74.36,82.05,5.74,21.72,8.98,12.69,2.82,4.02,2.67,15.31
BOS,2023-08-09,15,23,39,26,44,76.92,73.08,77.27,18.12,19.15,5.47,22.38,3.27,4.85,1.66,27.59
BOS,2023-08-09,16,33,33,38,33,71.05,52.63,75.76,16.84,23.87,10.78,26.24,2.27,6.18,2.55,10.76
BOS,2023-08-09,17,45,34,47,37,80.85,38.3,75.68,5.91,28.4,15.19,19.98,3.27,3.54,2.05,15.46
BOS,2023-08-09,18,32,33,34,36,73.53,47.06,83.33,23.32,24.68,11.27,32.76,3.0,5.33,1.94,11.83
BOS,2023-08-09,19,28,32,30,39,83.33,76.67,82.05,7.9,18.73,5.36,11.67,4.9,4.06,1.59,8.03
BOS,2023-08-09,20,29,28,32,30,78.13,59.38,73.33,18.03,23.22,9.83,25.38,2.23,4.17,1.83,66.1
BOS,2023-08-09,21,12,24,13,25,69.23,61.54,84.0,10.85,20.77,7.28,16.23,2.96,3.71,1.36,12.92
BOS,2023-08-09,22,5,24,13,24,84.62,76.92,75.0,4.62,21.92,8.52,10.08,2.08,1.18,0.46,13.67
BOS,2023-08-09,23,6,31,6,31,66.67,50.0,58.06,15.0,19.33,6.27,20.33,1.26,1.68,0.1,54.32
BOS,2023-08-10,0,0,11,0,9,0.0,0.0,88.89,0.0,0.0,0.0,0.0,1.33,1.01,1.67,2.89
BOS,2023-08-10,1,1,3,1,4,100.0,100.0,100.0,0.0,19.0,5.6,6.0,0.5,0.88,0.0,0.0
BOS,2023-08-10,2,0,0,1,0,100.0,100.0,0.0,0.0,13.0,0.0,0.0,0.0,0.0,0.0,0.0
BOS,2023-08-10,4,1,2,1,4,100.0,100.0,100.0,0.0,13.0,0.0,0.0,2.5,5.72,2.75,0.0
BOS,2023-08-10,5,11,11,13,12,100.0,100.0,75.0,1.0,15.92,3.0,3.08,0.67,4.64,1.42,18.33
BOS,2023-08-10,6,41,11,42,14,88.1,73.81,71.43,11.14,24.48,11.12,20.21,0.5,4.63,0.0,7.71
BOS,2023-08-10,7,51,17,54,19,83.33,46.3,73.68,7.78,33.39,19.9,25.7,2.42,9.18,3.79,10.0
BOS,2023-08-10,8,40,27,44,31,68.18,22.73,83.87,52.64,34.02,20.57,71.55,3.81,8.65,5.1,9.45
BOS,2023-08-10,9,35,30,37,28,72.97,13.51,82.14,26.51,37.86,24.41,48.97,5.64,5.83,5.64,15.04
BOS,2023-08-10,10,35,27,38,33,73.68,31.58,72.73,25.37,30.21,17.03,40.45,3.61,4.99,4.88,13.42
BOS,2023-08-10,11,26,29,35,33,60.0,40.0,72.73,19.74,27.23,13.98,32.37,3.24,3.98,2.48,12.7
BOS,2023-08-10,12,27,26,29,28,82.76,65.52,78.57,12.0,22.59,9.3,19.38,2.36,3.11,0.86,15.61
BOS,2023-08-10,13,30,39,36,45,47.22,33.33,82.22,23.75,25.28,11.98,35.39,4.73,3.55,3.4,11.42
BOS,2023-08-10,14,32,37,37,40,72.97,37.84,67.5,18.46,30.0,16.82,33.95,2.65,7.01,3.38,17.52
BOS,2023-08-10,15,23,38,28,43,67.86,14.29,86.05,18.54,31.89,18.25,35.43,3.77,6.05,2.23,7.35
BOS,2023-08-10,16,35,35,41,38,68.29,48.78,78.95,35.44,23.71,10.28,45.15,3.42,5.29,3.11,12.55
BOS,2023-08-10,17,48,33,54,35,72.22,24.07,57.14,14.26,32.67,19.1,32.63,5.6,8.07,5.51,21.71
BOS,2023-08-10,18,35,37,32,42,40.63,6.25,54.76,31.06,29.84,16.29,46.78,6.38,6.3,7.02,33.76
BOS,2023-08-10,19,32,31,34,34,50.0,41.18,64.71,29.29,24.41,10.77,39.03,8.62,3.95,6.03,32.09
BOS,2023-08-10,20,32,29,35,31,57.14,40.0,51.61,32.09,24.06,10.54,40.34,4.06,3.44,3.68,46.65
BOS,2023-08-10,21,12,23,11,23,36.36,36.36,60.87,36.27,18.36,5.21,40.27,6.65,3.31,0.83,22.65
BOS,2023-08-10,22,5,26,12,26,83.33,83.33,46.15,6.33,15.67,2.45,8.17,2.19,4.72,3.27,33.23
BOS,2023-08-10,23,7,31,8,31,62.5,62.5,58.06,11.13,14.0,1.21,11.88,1.87,1.91,0.68,53.61
BOS,2023-08-11,0,0,10,1,13,100.0,0.0,46.15,0.0,33.0,19.6,20.0,1.85,2.72,1.62,28.15
BOS,2023-08-11,1,1,3,1,3,100.0,100.0,33.33,0.0,25.0,11.6,6.0,1.67,0.0,2.0,36.0
BOS,2023-08-11,2,0,0,1,0,0.0,0.0,0.0,40.0,22.0,8.6,49.0,0.0,0.0,0.0,0.0
BOS,2023-08-11,3,0,0,0,1,0.0,0.0,0.0,0.0,0.0,0.0,0.0,0.0,2.4,0.0,62.0
BOS,2023-08-11,4,1,2,1,4,100.0,100.0,100.0,0.0,25.0,11.6,12.0,0.5,3.83,0.0,2.5
BOS,2023-08-11,5,11,10,12,12,100.0,75.0,83.33,2.25,19.83,7.37,8.08,0.92,2.78,0.42,7.25
BOS,2023-08-11,6,42,12,44,16,84.09,63.64,68.75,11.64,23.64,10.43,20.2,0.88,8.68,5.5,12.56
BOS,2023-08-11,7,51,17,53,15,81.13,66.04,73.33,13.91,24.83,11.15,22.57,2.07,5.21,0.33,12.6
BOS,2023-08-11,8,37,28,40,27,82.5,67.5,92.59,10.23,25.55,12.03,19.7,1.93,3.0,1.11,9.52
BOS,2023-08-11,9,36,31,36,38,75.0,75.0,73.68,20.44,24.44,11.07,28.58,5.5,3.34,6.87,12.82
BOS,2023-08-11,10,33,25,37,27,70.27,64.86,85.19,18.62,21.03,7.74,24.41,4.96,2.93,3.0,10.52
BOS,2023-08-11,11,26,32,27,35,77.78,77.78,77.14,15.0,21.81,8.53,20.89,3.43,4.29,3.06,15.8
BOS,2023-08-11,12,27,23,32,28,87.5,84.38,67.86,4.72,15.66,3.57,6.97,2.25,3.29,4.36,36.14
BOS,2023-08-11,13,29,38,31,39,77.42,70.97,79.49,12.68,22.0,8.75,19.71,2.64,2.74,1.03,6.9
BOS,2023-08-11,14,35,36,37,42,75.68,70.27,80.95,13.92,18.92,5.96,18.59,2.88,4.42,3.74,17.36
BOS,2023-08-11,15,23,41,30,43,86.67,80.0,83.72,14.8,20.87,7.73,20.93,3.56,3.43,1.84,8.26
BOS,2023-08-11,16,36,34,40,36,75.0,60.0,88.89,18.2,22.52,9.27,26.48,2.89,5.46,1.36,5.89
BOS,2023-08-11,17,45,33,44,33,81.82,40.91,54.55,11.61,30.05,16.74,26.95,2.33,7.08,4.94,24.03
BOS,2023-08-11,18,32,40,33,44,60.61,33.33,68.18,23.33,26.55,13.25,35.45,1.91,3.74,1.34,29.18
BOS,2023-08-11,19,35,30,37,32,64.86,59.46,71.88,37.35,24.54,11.39,47.27,3.28,6.63,2.41,18.53
BOS,2023-08-11,20,31,28,31,30,67.74,35.48,76.67,15.81,28.74,15.18,28.77,2.73,4.82,1.47,16.9
BOS,2023-08-11,21,12,25,12,25,66.67,66.67,68.0,25.75,19.58,6.16,30.67,3.64,4.7,1.36,17.64
BOS,2023-08-11,22,5,28,10,28,80.0,80.0,57.14,6.2,19.5,6.14,10.4,1.11,4.46,3.29,40.5
BOS,2023-08-11,23,7,30,7,29,71.43,42.86,72.41,18.71,22.86,9.44,25.71,2.55,2.42,1.55,26.48
BOS,2023-08-12,0,0,9,0,10,0.0,0.0,70.0,0.0,0.0,0.0,0.0,5.7,2.25,3.1,66.9
BOS,2023-08-12,1,1,2,2,4,50.0,50.0,100.0,142.5,21.5,8.3,151.0,0.0,2.38,1.75,5.75
BOS,2023-08-12,2,0,0,1,0,0.0,0.0,0.0,40.0,21.0,7.6,48.0,0.0,0.0,0.0,0.0
BOS,2023-08-12,3,0,0,0,0,0.0,0.0,0.0,0.0,0.0,0.0,0.0,0.0,0.0,0.0,0.0
BOS,2023-08-12,4,1,2,1,3,0.0,0.0,100.0,85.0,23.0,9.6,95.0,0.0,4.57,3.0,2.0
BOS,2023-08-12,5,11,9,11,10,90.91,90.91,80.0,7.73,14.82,2.52,9.36,0.0,4.47,0.6,13.8
BOS,2023-08-12,6,33,12,34,15,76.47,52.94,93.33,14.59,22.94,9.62,22.76,1.87,6.91,3.8,5.53
BOS,2023-08-12,7,47,10,45,13,64.44,60.0,76.92,11.18,22.44,8.82,17.6,0.77,5.63,1.38,5.46
BOS,2023-08-12,8,43,21,45,22,84.44,51.11,95.45,17.4,26.36,13.01,28.09,1.32,8.67,2.27,3.45
BOS,2023-08-12,9,31,28,39,29,82.05,76.92,89.66,10.15,19.21,6.11,14.23,2.38,2.48,1.21,3.52
BOS,2023-08-12,10,36,24,39,24,84.62,82.05,83.33,4.41,18.15,5.52,7.26,2.58,3.16,6.0,7.29
BOS,2023-08-12,11,23,26,23,27,86.96,78.26,77.78,5.91,16.35,4.01,9.04,2.52,2.6,0.85,14.81
BOS,2023-08-12,12,23,17,27,25,85.19,85.19,84.0,11.37,13.19,1.47,12.26,1.8,2.45,1.68,18.32
BOS,2023-08-12,13,22,32,28,32,82.14,82.14,78.13,19.18,15.64,3.67,21.93,1.22,3.39,1.06,10.31
BOS,2023-08-12,14,19,34,23,43,73.91,65.22,83.72,26.57,15.13,3.56,29.61,6.93,4.87,7.05,11.72
BOS,2023-08-12,15,27,39,29,43,89.66,79.31,74.42,16.34,20.24,7.58,22.0,2.37,4.42,3.21,23.72
BOS,2023-08-12,16,32,31,34,37,58.82,52.94,86.49,60.44,21.74,9.13,69.32,2.89,4.85,1.97,5.54
BOS,2023-08-12,17,45,34,48,40,58.33,31.25,65.0,28.88,30.27,16.93,45.04,7.13,6.16,6.65,22.95
BOS,2023-08-12,18,32,35,36,36,63.89,27.78,77.78,26.64,28.22,14.78,41.22,9.19,3.98,6.69,24.94
BOS,2023-08-12,19,20,22,20,25,45.0,30.0,68.0,75.15,23.65,10.4,84.65,4.12,6.0,2.76,30.8
BOS,2023-08-12,20,16,22,17,21,35.29,35.29,33.33,70.82,19.06,6.22,75.35,7.24,7.94,11.62,51.67
BOS,2023-08-12,21,7,20,7,21,42.86,14.29,42.86,26.29,17.43,4.14,30.57,5.95,6.35,9.33,41.24
BOS,2023-08-12,22,5,21,6,21,100.0,66.67,52.38,0.0,20.33,7.0,5.67,1.38,6.2,4.62,44.0
BOS,2023-08-12,23,7,28,6,27,66.67,66.67,51.85,29.33,17.0,4.12,31.17,3.74,1.8,1.78,32.15
BOS,2023-08-13,0,1,10,2,9,50.0,50.0,77.78,37.0,17.5,4.3,41.5,1.0,1.63,0.67,63.33
BOS,2023-08-13,1,1,3,1,2,100.0,100.0,50.0,0.0,18.0,4.6,0.0,0.5,5.85,0.0,96.0
BOS,2023-08-13,2,0,0,0,1,0.0,0.0,0.0,0.0,0.0,0.0,0.0,1.0,3.4,10.0,761.0
BOS,2023-08-13,3,0,0,0,0,0.0,0.0,0.0,0.0,0.0,0.0,0.0,0.0,0.0,0.0,0.0
BOS,2023-08-13,4,1,2,1,3,0.0,0.0,100.0,37.0,17.0,3.6,41.0,1.0,9.9,12.0,8.0
BOS,2023-08-13,5,11,11,11,10,90.91,90.91,80.0,9.27,16.82,3.64,11.91,0.2,4.08,0.0,14.2
BOS,2023-08-13,6,37,11,39,10,79.49,66.67,80.0,10.64,19.97,6.59,15.31,1.2,7.73,0.0,19.5
BOS,2023-08-13,7,48,11,49,10,73.47,59.18,90.0,13.37,22.61,9.1,20.67,2.6,2.51,0.4,4.7
BOS,2023-08-13,8,36,26,38,25,78.95,65.79,72.0,16.68,23.03,9.51,24.45,3.08,5.64,7.4,25.24
BOS,2023-08-13,9,36,31,36,27,69.44,55.56,81.48,33.42,23.36,9.94,41.33,4.11,3.97,2.15,10.56
BOS,2023-08-13,10,32,21,36,28,72.22,58.33,82.14,20.75,20.89,7.66,26.92,6.54,2.56,2.89,15.89
BOS,2023-08-13,11,23,31,26,29,73.08,65.38,89.66,27.15,19.54,6.71,32.15,4.14,2.99,0.83,3.55
BOS,2023-08-13,12,30,23,28,24,85.71,75.0,79.17,5.89,18.75,6.16,10.21,3.21,2.02,1.33,6.04
BOS,2023-08-13,13,29,40,29,46,68.97,62.07,86.96,32.45,21.69,8.37,39.24,3.7,2.97,0.35,5.59
BOS,2023-08-13,14,34,35,40,40,72.5,50.0,72.5,13.88,25.18,11.93,24.55,2.4,5.45,4.78,24.23
BOS,2023-08-13,15,23,41,27,42,70.37,51.85,76.19,20.89,21.26,7.94,28.04,3.14,3.88,1.64,14.29
BOS,2023-08-13,16,32,33,32,30,68.75,56.25,70.0,32.13,22.34,9.13,40.44,3.5,3.15,1.7,32.03
BOS,2023-08-13,17,46,32,44,34,65.91,29.55,70.59,32.36,35.7,22.22,53.2,6.29,5.22,3.53,22.29
BOS,2023-08-13,18,33,39,36,40,63.89,19.44,50.0,31.64,31.19,17.69,48.47,7.7,6.75,8.38,33.08
BOS,2023-08-13,19,37,33,34,36,55.88,20.59,72.22,34.79,29.24,15.56,49.62,8.69,6.1,7.94,20.56
BOS,2023-08-13,20,33,30,31,35,64.52,45.16,37.14,20.9,26.1,12.52,31.97,3.23,10.21,9.06,47.37
BOS,2023-08-13,21,12,24,13,22,53.85,38.46,54.55,22.92,20.85,7.42,30.0,3.05,4.31,0.77,28.82
BOS,2023-08-13,22,6,27,8,27,37.5,37.5,55.56,27.88,15.5,2.25,29.38,2.22,3.29,30.74,65.26
BOS,2023-08-13,23,7,31,8,32,87.5,75.0,68.75,7.25,19.63,6.21,11.0,0.88,1.94,0.41,42.66
BOS,2023-08-14,0,0,9,0,9,0.0,0.0,100.0,0.0,0.0,0.0,0.0,1.67,0.99,0.0,0.89
BOS,2023-08-14,1,1,3,1,3,100.0,100.0,66.67,0.0,13.0,0.0,0.0,0.67,0.0,0.0,11.33
BOS,2023-08-14,2,0,0,0,1,0.0,0.0,100.0,0.0,0.0,0.0,0.0,0.0,1.4,0.0,0.0
BOS,2023-08-14,3,0,0,0,0,0.0,0.0,0.0,0.0,0.0,0.0,0.0,0.0,0.0,0.0,0.0
BOS,2023-08-14,4,1,2,1,3,100.0,100.0,100.0,0.0,15.0,1.6,2.0,0.0,2.9,0.0,2.67
BOS,2023-08-14,5,11,10,12,10,100.0,100.0,60.0,2.08,15.33,2.34,3.75,0.0,4.23,0.0,21.4
BOS,2023-08-14,6,41,12,41,12,85.37,70.73,66.67,8.93,23.78,10.32,16.76,0.33,10.04,0.17,22.33
BOS,2023-08-14,7,51,18,51,14,84.31,60.78,100.0,9.57,25.8,12.16,19.8,3.14,9.31,1.29,1.57
BOS,2023-08-14,8,39,28,35,27,77.14,40.0,92.59,9.66,27.51,13.95,21.69,1.81,9.99,3.04,2.67
BOS,2023-08-14,9,34,29,35,31,82.86,42.86,87.1,14.23,27.14,13.72,26.14,3.55,5.71,1.58,7.23
BOS,2023-08-14,10,33,27,38,33,86.84,81.58,87.88,7.29,19.18,6.15,12.05,4.64,5.06,2.64,7.76
BOS,2023-08-14,11,30,30,34,29,79.41,73.53,82.76,8.71,18.24,5.16,12.18,3.48,4.46,4.62,9.21
BOS,2023-08-14,12,27,26,31,27,77.42,70.97,92.59,12.23,17.81,4.94,15.68,3.11,3.49,1.15,1.96
BOS,2023-08-14,13,30,40,30,42,83.33,73.33,76.19,9.33,20.23,7.07,15.27,5.12,3.67,2.19,9.9
BOS,2023-08-14,14,34,35,36,39,58.33,36.11,61.54,34.56,24.08,10.99,44.44,2.87,3.95,4.44,38.21
BOS,2023-08-14,15,22,40,25,41,56.0,52.0,39.02,23.52,22.12,8.42,31.12,3.8,3.5,3.32,40.54
BOS,2023-08-14,16,36,33,39,36,53.85,35.9,38.89,35.64,22.38,9.14,44.31,4.25,3.66,6.25,45.83
BOS,2023-08-14,17,45,35,46,35,43.48,32.61,54.29,55.65,24.83,11.42,67.04,4.29,3.88,4.86,41.83
BOS,2023-08-14,18,36,37,35,39,60.0,40.0,38.46,25.46,22.0,8.63,33.74,4.28,3.32,8.1,57.95
BOS,2023-08-14,19,31,31,33,28,27.27,21.21,17.86,72.58,22.7,9.13,81.48,4.79,3.88,3.61,74.71
BOS,2023-08-14,20,31,29,29,31,27.59,17.24,35.48,64.62,23.0,9.44,73.86,2.71,3.39,4.16,54.1
BOS,2023-08-14,21,12,24,13,25,53.85,38.46,32.0,40.92,20.08,6.61,47.15,3.92,3.52,3.32,39.88
BOS,2023-08-14,22,4,25,11,24,54.55,45.45,37.5,12.64,21.36,8.0,19.91,1.83,5.6,3.96,54.46
BOS,2023-08-14,23,7,32,8,32,75.0,62.5,65.63,8.63,19.63,6.26,13.0,1.56,2.16,0.63,41.28
BOS,2023-08-15,0,0,9,1,9,0.0,0.0,44.44,69.0,16.0,2.6,72.0,0.89,0.52,0.0,56.78
BOS,2023-08-15,1,1,2,1,3,100.0,100.0,33.33,3.0,18.0,4.6,8.0,1.33,0.0,9.0,61.33
BOS,2023-08-15,2,0,0,0,0,0.0,0.0,0.0,0.0,0.0,0.0,0.0,0.0,0.0,0.0,0.0
BOS,2023-08-15,3,0,0,0,0,0.0,0.0,0.0,0.0,0.0,0.0,0.0,0.0,0.0,0.0,0.0
BOS,2023-08-15,4,1,2,1,4,100.0,100.0,100.0,0.0,21.0,7.6,8.0,0.0,5.63,2.75,1.25
BOS,2023-08-15,5,13,9,15,13,93.33,80.0,69.23,3.13,16.2,4.46,6.27,0.31,7.85,4.77,31.92
BOS,2023-08-15,6,38,10,37,17,78.38,62.16,41.18,22.16,18.32,4.98,25.49,1.41,10.62,5.47,25.59
BOS,2023-08-15,7,50,16,52,16,80.77,75.0,75.0,8.83,17.92,4.84,12.08,12.75,10.7,3.81,9.44
BOS,2023-08-15,8,40,25,40,27,65.0,55.0,70.37,19.02,18.73,5.53,23.15,3.48,9.59,3.56,12.11
BOS,2023-08-15,9,30,33,33,29,72.73,69.7,89.66,19.42,14.45,2.56,21.0,2.52,4.8,1.07,4.28
BOS,2023-08-15,10,31,24,29,31,79.31,79.31,90.32,7.93,15.52,2.68,9.62,4.81,5.82,6.0,13.65
BOS,2023-08-15,11,26,25,30,25,70.0,66.67,80.0,12.6,15.5,3.21,14.47,5.12,7.28,3.64,7.28
BOS,2023-08-15,12,30,28,31,34,83.87,83.87,79.41,8.42,13.42,1.69,9.0,3.5,4.26,3.12,10.68
BOS,2023-08-15,13,28,37,31,37,77.42,77.42,70.27,13.29,13.61,1.86,14.39,5.08,5.89,4.54,17.43
BOS,2023-08-15,14,31,35,32,41,78.13,75.0,60.98,9.5,17.22,4.7,12.56,6.22,2.93,6.88,16.2
BOS,2023-08-15,15,24,39,28,40,75.0,71.43,65.0,14.0,16.68,4.16,17.46,6.15,2.6,3.7,24.43
BOS,2023-08-15,16,33,32,36,35,63.89,52.78,51.43,38.39,19.28,6.91,44.17,9.91,3.87,9.8,29.09
BOS,2023-08-15,17,43,34,48,36,64.58,41.67,55.56,20.81,23.98,10.61,30.46,8.17,5.74,7.25,23.58
BOS,2023-08-15,18,36,34,39,39,58.97,48.72,48.72,25.1,18.03,5.36,29.18,4.0,3.52,8.87,31.54
BOS,2023-08-15,19,28,34,27,40,48.15,40.74,45.0,32.89,17.93,5.2,37.78,5.6,3.5,6.65,29.65
BOS,2023-08-15,20,24,29,28,32,53.57,46.43,40.63,21.29,15.11,2.33,22.82,3.56,4.11,8.91,36.16
BOS,2023-08-15,21,12,20,12,18,33.33,33.33,61.11,40.92,13.25,1.17,41.0,4.83,4.72,3.33,18.89
BOS,2023-08-15,22,5,25,11,28,100.0,90.91,50.0,2.36,16.0,3.65,5.64,2.14,4.37,5.75,45.86
BOS,2023-08-15,23,7,26,7,26,100.0,71.43,65.38,1.57,21.0,7.64,7.0,1.85,2.93,2.31,48.85
BOS,2023-08-16,0,1,9,2,9,100.0,100.0,55.56,0.0,20.5,7.1,7.5,3.11,1.56,0.22,15.67
BOS,2023-08-16,1,0,2,1,2,100.0,100.0,100.0,0.0,13.0,0.0,0.0,0.0,3.15,0.0,0.0
BOS,2023-08-16,2,0,0,0,0,0.0,0.0,0.0,0.0,0.0,0.0,0.0,0.0,0.0,0.0,0.0
BOS,2023-08-16,3,0,0,0,0,0.0,0.0,0.0,0.0,0.0,0.0,0.0,0.0,0.0,0.0,0.0
BOS,2023-08-16,4,1,2,1,4,100.0,100.0,75.0,0.0,14.0,0.6,1.0,0.0,3.63,2.75,9.0
BOS,2023-08-16,5,13,9,15,10,93.33,93.33,100.0,7.53,13.27,1.53,8.47,0.5,2.01,1.2,1.0
BOS,2023-08-16,6,39,11,41,13,80.49,80.49,84.62,14.66,15.71,2.6,16.2,0.69,4.04,2.38,13.54
BOS,2023-08-16,7,51,16,53,16,88.68,90.57,81.25,7.58,17.81,4.46,9.6,2.81,7.9,1.63,9.44
BOS,2023-08-16,8,35,27,38,26,78.95,76.32,92.31,13.21,15.58,2.72,14.26,2.31,5.65,1.15,3.73
BOS,2023-08-16,9,31,32,32,33,78.13,78.13,90.91,18.38,16.88,4.11,20.97,2.76,3.41,0.76,2.79
BOS,2023-08-16,10,32,24,34,32,85.29,88.24,81.25,8.47,13.71,1.82,9.18,1.88,3.87,2.75,8.75
BOS,2023-08-16,11,26,27,33,28,75.76,75.76,92.86,11.48,13.36,1.29,11.85,2.5,3.02,0.82,3.89
BOS,2023-08-16,12,30,27,31,26,80.65,83.87,96.15,9.58,13.06,1.38,10.03,2.54,2.6,0.88,3.35
BOS,2023-08-16,13,27,37,28,36,85.71,82.14,77.78,8.11,15.46,2.97,10.14,4.28,4.21,4.56,8.5
BOS,2023-08-16,14,31,34,35,44,68.57,60.0,79.55,20.8,14.91,2.73,22.6,3.8,3.93,4.52,11.59
BOS,2023-08-16,15,24,38,30,42,73.33,70.0,73.81,13.3,16.4,3.82,15.9,5.33,4.04,2.76,15.36
BOS,2023-08-16,16,34,33,37,38,70.27,67.57,76.32,25.49,17.46,4.52,29.08,3.29,4.89,3.45,15.84
BOS,2023-08-16,17,42,35,49,34,81.63,73.47,79.41,12.43,18.86,5.6,16.61,2.88,3.24,2.29,15.47
BOS,2023-08-16,18,35,34,32,43,68.75,59.38,74.42,27.5,15.91,3.63,30.25,2.09,2.94,2.93,15.72
BOS,2023-08-16,19,30,34,34,37,82.35,73.53,89.19,18.5,15.94,3.39,21.18,5.78,5.24,4.95,7.11
BOS,2023-08-16,20,26,28,29,28,65.52,62.07,64.29,16.34,14.86,1.95,17.55,2.14,6.9,4.07,20.79
BOS,2023-08-16,21,13,22,14,25,57.14,57.14,84.0,20.93,16.14,3.04,22.57,2.0,4.4,3.32,8.24
BOS,2023-08-16,22,5,25,13,24,69.23,61.54,58.33,19.31,16.46,4.37,22.62,1.17,4.05,2.63,16.42
BOS,2023-08-16,23,6,29,7,30,100.0,100.0,63.33,1.86,16.0,3.0,3.86,1.77,1.57,2.1,82.8
BOS,2023-08-17,0,0,11,0,9,0.0,0.0,66.67,0.0,0.0,0.0,0.0,4.44,1.66,5.78,26.0
BOS,2023-08-17,1,1,2,1,2,100.0,100.0,100.0,0.0,13.0,0.0,0.0,1.5,0.0,0.0,0.0
BOS,2023-08-17,2,0,0,0,0,0.0,0.0,0.0,0.0,0.0,0.0,0.0,0.0,0.0,0.0,0.0
BOS,2023-08-17,3,0,0,0,0,0.0,0.0,0.0,0.0,0.0,0.0,0.0,0.0,0.0,0.0,0.0
BOS,2023-08-17,4,1,2,1,5,0.0,0.0,60.0,41.0,13.0,0.0,41.0,0.0,3.46,1.6,26.2
BOS,2023-08-17,5,13,11,15,11,86.67,86.67,81.82,16.67,12.67,0.57,16.53,0.09,3.14,0.18,21.82
BOS,2023-08-17,6,37,11,40,15,90.0,90.0,86.67,17.95,14.93,2.12,19.05,1.47,6.07,3.4,15.0
BOS,2023-08-17,7,52,16,54,18,85.19,77.78,83.33,6.78,20.8,7.41,12.11,10.44,7.61,3.39,7.0
BOS,2023-08-17,8,40,27,42,29,90.48,83.33,86.21,6.24,20.24,7.4,11.31,2.0,6.59,1.24,3.83
BOS,2023-08-17,9,31,33,32,32,96.88,93.75,90.63,12.16,16.78,3.95,14.41,1.84,4.0,1.16,5.09
BOS,2023-08-17,10,36,24,38,31,92.11,89.47,93.55,5.0,15.16,2.7,6.37,1.9,3.18,2.45,3.68
BOS,2023-08-17,11,23,25,28,24,89.29,89.29,87.5,8.96,12.93,1.53,9.82,3.58,3.31,4.54,7.54
BOS,2023-08-17,12,27,27,27,32,88.89,88.89,81.25,8.04,14.67,2.69,9.37,3.38,2.35,6.22,18.09
BOS,2023-08-17,13,28,39,30,40,70.0,70.0,80.0,24.5,15.53,3.42,26.9,8.5,3.34,5.72,7.6
BOS,2023-08-17,14,31,37,38,44,81.58,76.32,68.18,7.84,16.47,3.59,10.11,4.86,3.18,4.16,13.75
BOS,2023-08-17,15,25,38,31,40,61.29,58.06,65.0,13.29,15.77,2.91,15.58,2.8,3.14,4.75,25.05
BOS,2023-08-17,16,36,35,38,43,57.89,55.26,60.47,21.13,17.53,4.44,25.18,3.88,4.64,6.14,23.81
BOS,2023-08-17,17,46,33,49,36,59.18,48.98,52.78,25.71,20.33,7.11,31.94,5.81,3.71,8.44,24.67
BOS,2023-08-17,18,36,36,37,40,59.46,48.65,52.5,29.46,18.46,5.77,34.27,7.63,4.28,11.5,22.43
BOS,2023-08-17,19,31,33,32,38,53.13,37.5,44.74,29.22,19.81,6.62,35.19,6.16,4.46,5.24,40.84
BOS,2023-08-17,20,30,29,32,32,46.88,40.63,43.75,23.78,18.91,5.63,28.25,2.91,7.38,3.38,39.84
BOS,2023-08-17,21,13,20,13,21,53.85,53.85,76.19,31.62,16.85,3.84,34.92,2.67,4.74,2.95,16.67
BOS,2023-08-17,22,5,27,11,25,90.91,81.82,40.0,11.91,17.27,4.44,15.0,1.44,4.32,2.52,58.08
BOS,2023-08-17,23,7,30,7,32,57.14,42.86,43.75,20.43,23.29,9.93,29.43,6.56,3.18,6.13,48.31
BOS,2023-08-18,0,0,10,1,12,100.0,100.0,41.67,0.0,24.0,10.6,11.0,5.08,3.08,1.0,46.67
BOS,2023-08-18,1,1,2,1,2,100.0,100.0,0.0,0.0,16.0,2.6,2.0,0.5,3.15,5.5,41.0
BOS,2023-08-18,2,0,0,0,0,0.0,0.0,0.0,0.0,0.0,0.0,0.0,0.0,0.0,0.0,0.0
BOS,2023-08-18,3,0,0,0,1,0.0,0.0,0.0,0.0,0.0,0.0,0.0,0.0,2.9,11.0,31.0
BOS,2023-08-18,4,1,2,1,5,100.0,100.0,60.0,0.0,17.0,3.6,4.0,0.0,4.66,2.6,16.0
BOS,2023-08-18,5,13,10,13,12,92.31,84.62,58.33,4.23,16.38,3.97,7.23,0.58,6.72,7.0,39.5
BOS,2023-08-18,6,39,12,39,16,84.62,61.54,56.25,9.28,25.26,12.01,19.49,10.75,11.23,18.44,47.56
BOS,2023-08-18,7,52,16,51,15,72.55,35.29,53.33,28.51,36.57,23.04,49.45,38.4,10.43,52.4,60.0
BOS,2023-08-18,8,37,27,38,19,68.42,36.84,57.89,33.55,70.74,57.25,88.5,10.11,7.13,15.53,48.32
BOS,2023-08-18,9,34,35,28,30,28.57,10.71,20.0,95.29,51.14,37.54,132.04,68.3,6.87,74.63,97.2
BOS,2023-08-18,10,35,22,36,24,16.67,5.56,8.33,92.58,33.14,19.6,112.11,16.71,7.93,39.08,72.63
BOS,2023-08-18,11,23,31,26,35,19.23,3.85,22.86,69.0,29.35,15.95,84.96,10.14,5.6,14.14,48.14
BOS,2023-08-18,12,30,23,25,25,28.0,16.0,40.0,44.0,23.08,9.76,53.32,8.0,3.7,10.48,52.16
BOS,2023-08-18,13,27,37,27,43,37.04,22.22,32.56,43.15,23.52,10.14,52.89,6.12,4.51,6.58,56.53
BOS,2023-08-18,14,33,37,34,40,32.35,26.47,27.5,60.35,23.97,10.81,70.82,5.03,4.13,7.9,56.0
BOS,2023-08-18,15,24,40,28,38,28.57,25.0,36.84,42.07,25.18,11.66,53.36,13.29,3.56,17.47,61.95
BOS,2023-08-18,16,37,35,33,33,18.18,9.09,12.12,68.52,28.03,14.7,83.33,18.76,4.44,19.64,78.97
BOS,2023-08-18,17,45,32,41,32,29.27,9.76,25.0,79.63,27.61,14.05,93.44,13.69,4.66,15.88,85.38
BOS,2023-08-18,18,33,39,32,33,28.13,18.75,24.24,85.06,23.0,9.52,94.69,10.12,4.52,13.73,75.76
BOS,2023-08-18,19,35,33,33,38,33.33,21.21,31.58,73.7,23.45,9.87,83.48,8.08,5.03,8.21,69.55
BOS,2023-08-18,20,29,28,29,30,31.03,17.24,26.67,53.79,25.55,11.89,64.45,3.77,6.06,5.27,70.4
BOS,2023-08-18,21,13,22,12,23,41.67,16.67,26.09,46.75,21.67,8.24,55.17,4.04,3.69,4.57,61.04
BOS,2023-08-18,22,5,28,10,27,80.0,70.0,18.52,6.5,19.9,6.54,12.0,2.85,2.57,2.56,70.26
BOS,2023-08-18,23,7,30,9,30,44.44,33.33,46.67,22.33,20.0,6.86,29.0,14.17,1.83,11.93,44.7
BOS,2023-08-19,0,0,9,0,11,0.0,0.0,81.82,0.0,0.0,0.0,0.0,4.0,0.99,0.27,7.36
BOS,2023-08-19,1,1,3,1,2,100.0,100.0,100.0,0.0,17.0,3.6,0.0,1.0,0.0,0.0,0.0
BOS,2023-08-19,2,0,0,0,0,0.0,0.0,0.0,0.0,0.0,0.0,0.0,0.0,0.0,0.0,0.0
BOS,2023-08-19,4,1,2,1,2,100.0,100.0,100.0,0.0,20.0,6.6,7.0,0.0,5.95,6.0,4.5
BOS,2023-08-19,5,13,9,13,11,84.62,84.62,63.64,6.62,14.69,1.83,8.15,0.64,2.05,1.45,47.45
BOS,2023-08-19,6,30,11,29,12,82.76,62.07,50.0,11.55,24.97,11.61,20.17,0.75,3.44,0.42,48.33
BOS,2023-08-19,7,46,11,46,13,86.96,76.09,76.92,6.5,23.11,9.58,12.93,16.0,2.6,6.46,11.92
BOS,2023-08-19,8,46,23,49,24,77.55,55.1,91.67,13.06,26.12,12.58,23.18,2.46,4.44,2.29,1.83
BOS,2023-08-19,9,30,29,35,30,85.71,80.0,83.33,18.49,19.14,5.89,21.66,2.23,3.96,3.33,15.23
BOS,2023-08-19,10,35,23,36,29,77.78,77.78,89.66,17.36,17.86,4.92,19.83,2.69,4.44,2.55,7.45
BOS,2023-08-19,11,23,24,26,26,76.92,73.08,84.62,11.65,18.08,5.84,15.92,3.35,2.15,3.27,5.27
BOS,2023-08-19,12,24,18,27,22,88.89,85.19,86.36,3.11,16.63,4.0,5.33,3.18,4.4,4.82,5.59
BOS,2023-08-19,13,24,29,26,32,84.62,80.77,78.13,13.62,19.23,6.31,18.85,5.19,3.25,4.63,20.47
BOS,2023-08-19,14,21,38,22,43,72.73,72.73,86.05,30.86,17.73,5.79,35.95,5.16,2.21,2.05,6.91
BOS,2023-08-19,15,25,41,31,51,80.65,67.74,72.55,22.55,22.26,9.17,30.52,7.04,3.7,7.08,21.14
BOS,2023-08-19,16,34,33,38,31,55.26,47.37,80.65,31.87,25.84,12.62,43.95,13.97,3.95,8.61,12.94
BOS,2023-08-19,17,46,33,45,38,75.56,17.78,81.58,13.56,38.73,25.02,37.29,6.92,6.19,5.68,12.92
BOS,2023-08-19,18,32,34,33,38,60.61,9.09,60.53,36.73,33.97,20.49,56.3,4.82,7.32,9.11,17.68
BOS,2023-08-19,19,20,27,22,32,72.73,63.64,59.38,17.55,20.86,7.9,24.18,8.09,4.59,5.56,26.88
BOS,2023-08-19,20,16,19,18,22,61.11,55.56,68.18,28.78,18.28,5.24,32.83,1.09,6.7,5.45,22.55
BOS,2023-08-19,21,7,19,7,19,28.57,28.57,57.89,143.43,17.14,4.0,146.14,1.47,6.65,2.11,25.95
BOS,2023-08-19,22,5,21,5,21,60.0,20.0,85.71,29.8,25.6,12.28,39.0,2.1,4.33,3.57,8.14
BOS,2023-08-19,23,8,25,8,25,87.5,75.0,68.0,2.88,19.13,5.81,8.13,1.32,1.32,1.0,36.56
BOS,2023-08-20,0,1,10,1,9,100.0,100.0,77.78,0.0,13.0,0.0,0.0,0.67,2.51,1.33,13.56
BOS,2023-08-20,1,1,2,1,4,0.0,0.0,75.0,27.0,16.0,2.6,30.0,2.5,0.88,3.25,22.25
BOS,2023-08-20,2,0,0,0,0,0.0,0.0,0.0,0.0,0.0,0.0,0.0,0.0,0.0,0.0,0.0
BOS,2023-08-20,3,0,0,0,0,0.0,0.0,0.0,0.0,0.0,0.0,0.0,0.0,0.0,0.0,0.0
BOS,2023-08-20,4,1,2,1,3,100.0,100.0,66.67,0.0,20.0,6.6,7.0,0.67,1.63,4.0,12.0
BOS,2023-08-20,5,13,11,14,11,85.71,71.43,81.82,25.14,19.07,6.14,30.07,1.18,2.24,1.73,21.64
BOS,2023-08-20,6,32,11,34,9,85.29,79.41,66.67,6.15,20.35,7.0,11.15,0.22,4.81,1.56,30.0
BOS,2023-08-20,7,49,10,50,7,90.0,72.0,85.71,5.78,24.4,10.79,14.12,0.86,7.87,4.29,4.43
BOS,2023-08-20,8,38,27,39,25,92.31,33.33,88.0,5.87,32.18,18.68,21.85,2.48,5.38,3.08,9.92
BOS,2023-08-20,9,32,34,37,34,75.68,75.68,94.12,9.03,21.49,8.04,14.05,2.65,3.69,3.62,4.32
BOS,2023-08-20,10,37,21,42,24,85.71,78.57,95.83,7.81,20.62,7.4,13.74,1.83,4.29,0.92,2.5
BOS,2023-08-20,11,21,28,23,26,95.65,91.3,100.0,8.17,17.61,5.2,10.74,1.69,3.56,0.69,0.88
BOS,2023-08-20,12,29,22,29,21,86.21,82.76,90.48,4.59,14.55,2.63,6.21,2.0,1.77,1.48,3.05
BOS,2023-08-20,13,28,38,28,44,89.29,78.57,88.64,5.82,18.18,5.05,9.43,6.05,3.45,4.84,5.27
BOS,2023-08-20,14,33,35,35,44,80.0,65.71,54.55,9.89,20.03,6.92,15.2,3.7,5.22,11.7,21.57
BOS,2023-08-20,15,25,42,27,41,66.67,59.26,43.9,9.85,17.7,4.68,13.96,3.95,4.02,7.61,32.56
BOS,2023-08-20,16,34,35,43,40,62.79,53.49,57.5,23.49,21.19,8.23,31.3,2.38,3.9,5.28,24.08
BOS,2023-08-20,17,46,34,46,33,71.74,45.65,45.45,18.41,25.59,11.99,28.98,4.61,4.89,8.36,35.18
BOS,2023-08-20,18,33,36,32,43,43.75,34.38,41.86,34.56,20.44,7.22,41.34,6.37,3.75,8.44,32.79
BOS,2023-08-20,19,37,35,38,36,47.37,39.47,36.11,34.68,20.26,6.73,41.13,3.67,4.06,5.17,44.36
BOS,2023-08-20,20,31,31,33,34,48.48,42.42,32.35,31.85,21.03,7.42,38.3,1.97,6.89,5.35,41.44
BOS,2023-08-20,21,13,21,15,20,53.33,53.33,30.0,29.27,19.53,6.29,34.67,3.55,5.44,5.65,37.85
BOS,2023-08-20,22,5,28,7,27,57.14,57.14,44.44,17.71,17.57,4.23,21.0,2.11,5.48,7.3,35.3
BOS,2023-08-20,23,8,30,8,29,50.0,37.5,62.07,19.0,17.25,3.89,22.63,2.0,6.04,5.83,22.97
BOS,2023-08-21,0,0,9,0,10,0.0,0.0,70.0,0.0,0.0,0.0,0.0,1.9,6.32,6.5,17.1
BOS,2023-08-21,1,1,2,1,2,100.0,100.0,50.0,0.0,18.0,4.6,5.0,0.0,2.35,0.0,8.5
BOS,2023-08-21,2,0,0,0,0,0.0,0.0,0.0,0.0,0.0,0.0,0.0,0.0,0.0,0.0,0.0
BOS,2023-08-21,4,1,2,1,3,100.0,100.0,100.0,0.0,13.0,0.0,0.0,0.0,2.9,0.0,3.0
BOS,2023-08-21,5,13,9,14,10,100.0,100.0,70.0,0.5,14.71,1.87,1.29,1.1,2.92,1.1,24.1
BOS,2023-08-21,6,37,12,37,11,89.19,83.78,72.73,11.24,21.89,8.4,16.54,0.55,4.55,4.36,22.0
BOS,2023-08-21,7,52,17,52,19,92.31,78.85,89.47,5.12,23.25,9.69,11.98,3.74,7.58,5.53,4.95
BOS,2023-08-21,8,40,28,44,32,86.36,61.36,65.63,16.82,25.93,12.44,26.34,2.25,9.35,6.63,15.22
BOS,2023-08-21,9,31,33,36,33,77.78,69.44,84.85,9.89,23.0,9.72,17.08,3.64,6.38,4.36,9.64
BOS,2023-08-21,10,35,24,35,29,91.43,74.29,86.21,5.23,20.23,7.11,9.94,3.86,7.5,5.38,8.52
BOS,2023-08-21,11,29,27,35,28,77.14,74.29,75.0,12.31,17.31,4.29,14.91,2.07,4.85,2.57,7.18
BOS,2023-08-21,12,28,27,28,29,75.0,67.86,79.31,14.75,17.25,3.98,17.39,3.07,2.9,3.72,11.45
BOS,2023-08-21,13,28,39,34,43,73.53,58.82,86.05,18.24,18.5,5.24,22.35,7.28,3.38,6.74,13.67
BOS,2023-08-21,14,32,36,36,46,75.0,63.89,65.22,15.33,20.92,7.61,21.75,6.11,5.33,6.02,15.76
BOS,2023-08-21,15,23,41,28,42,71.43,64.29,88.1,15.36,20.64,7.34,21.46,3.79,3.92,3.86,7.62
BOS,2023-08-21,16,36,33,39,32,74.36,64.1,90.63,15.95,21.1,7.89,22.62,2.72,4.68,2.97,6.28
BOS,2023-08-21,17,45,33,44,35,75.0,52.27,71.43,29.93,24.52,10.91,39.5,5.57,7.37,5.91,21.94
BOS,2023-08-21,18,37,36,38,39,71.05,60.53,71.79,24.0,18.95,5.72,28.82,4.49,9.21,6.72,12.82
BOS,2023-08-21,19,31,34,35,36,74.29,68.57,75.0,18.31,15.11,2.78,20.23,3.67,10.55,3.03,17.83
BOS,2023-08-21,20,28,30,29,31,89.66,75.86,67.74,10.0,20.1,6.83,14.52,1.74,7.99,4.97,38.32
BOS,2023-08-21,21,13,21,15,25,73.33,66.67,80.0,17.33,15.6,3.07,19.4,2.84,6.19,33.12,7.36
BOS,2023-08-21,22,4,27,13,26,61.54,53.85,69.23,13.77,16.38,3.8,17.38,1.12,3.88,3.23,17.77
BOS,2023-08-21,23,8,31,6,32,66.67,66.67,78.13,18.33,16.5,3.0,21.33,1.63,3.22,2.59,11.5
BOS,2023-08-22,0,0,9,1,9,100.0,0.0,100.0,0.0,29.0,15.6,16.0,2.89,2.76,0.44,1.22
BOS,2023-08-22,1,1,2,2,2,50.0,50.0,100.0,18.0,17.5,4.1,19.0,0.0,1.65,0.0,0.0
BOS,2023-08-22,2,0,0,0,1,0.0,0.0,100.0,0.0,0.0,0.0,0.0,0.0,3.8,0.0,0.0
BOS,2023-08-22,3,0,0,0,0,0.0,0.0,0.0,0.0,0.0,0.0,0.0,0.0,0.0,0.0,0.0
BOS,2023-08-22,4,1,2,1,4,100.0,100.0,75.0,0.0,13.0,0.0,0.0,0.0,4.13,2.25,5.25
BOS,2023-08-22,5,13,9,15,11,86.67,86.67,63.64,6.4,12.93,1.66,7.0,0.91,2.41,0.55,98.55
BOS,2023-08-22,6,37,9,38,17,89.47,86.84,64.71,27.95,15.89,2.93,29.58,1.47,6.09,2.47,15.12
BOS,2023-08-22,7,51,16,50,17,88.0,86.0,94.12,15.34,18.44,4.99,18.44,2.35,7.56,0.53,1.88
BOS,2023-08-22,8,40,26,42,28,85.71,88.1,85.71,5.64,15.98,3.18,6.52,2.39,3.93,1.57,7.89
BOS,2023-08-22,9,31,33,35,33,71.43,71.43,84.85,22.29,16.34,3.68,24.77,5.52,3.18,4.79,8.3
BOS,2023-08-22,10,31,24,35,33,82.86,77.14,69.7,21.91,14.37,2.43,23.54,10.55,3.1,9.52,10.82
BOS,2023-08-22,11,26,25,29,25,79.31,75.86,92.0,6.24,13.31,1.58,6.38,3.28,4.16,1.36,9.88
BOS,2023-08-22,12,29,27,32,32,81.25,81.25,87.5,10.16,12.84,1.26,10.25,2.06,4.51,2.72,10.22
BOS,2023-08-22,13,28,38,31,43,93.55,93.55,81.4,2.35,15.35,2.72,3.74,3.33,5.4,3.47,10.35
BOS,2023-08-22,14,32,35,35,36,85.71,82.86,86.11,6.17,14.66,2.36,7.71,2.58,4.7,1.33,10.39
BOS,2023-08-22,15,24,39,28,44,96.43,92.86,84.09,3.57,15.75,2.6,5.25,1.77,4.55,2.41,12.98
BOS,2023-08-22,16,32,32,37,33,83.78,81.08,90.91,9.41,15.62,2.85,11.43,1.15,5.03,1.03,5.76
BOS,2023-08-22,17,43,33,45,36,82.22,77.78,80.56,11.31,16.53,3.54,13.56,2.28,6.97,3.36,12.75
BOS,2023-08-22,18,36,35,38,40,84.21,84.21,82.5,10.39,14.68,2.1,11.34,0.85,5.19,2.53,10.43
BOS,2023-08-22,19,27,34,27,36,74.07,62.96,80.56,15.74,17.67,4.62,19.59,2.0,5.41,2.44,18.67
BOS,2023-08-22,20,26,30,28,31,82.14,82.14,80.65,13.82,15.75,2.65,15.21,1.13,5.6,1.06,5.58
BOS,2023-08-22,21,12,20,14,19,71.43,71.43,73.68,15.5,16.79,4.45,17.71,2.26,4.46,1.32,10.89
BOS,2023-08-22,22,4,25,9,25,77.78,66.67,68.0,7.33,15.89,3.73,10.78,0.72,2.92,1.56,23.48
BOS,2023-08-22,23,8,26,6,26,66.67,66.67,76.92,12.0,18.83,5.48,15.0,1.19,1.48,0.88,12.46
BOS,2023-08-23,0,1,9,1,9,0.0,0.0,100.0,22.0,15.0,1.6,24.0,1.11,1.84,0.67,0.44
BOS,2023-08-23,1,0,2,0,2,0.0,0.0,100.0,0.0,0.0,0.0,0.0,0.0,2.65,0.0,0.0
BOS,2023-08-23,2,0,0,0,0,0.0,0.0,0.0,0.0,0.0,0.0,0.0,0.0,0.0,0.0,0.0
BOS,2023-08-23,4,1,2,0,4,0.0,0.0,100.0,0.0,0.0,0.0,0.0,0.0,2.63,0.5,6.0
BOS,2023-08-23,5,13,9,14,8,100.0,92.86,87.5,0.93,12.86,1.71,1.43,1.75,2.36,0.0,3.13
BOS,2023-08-23,6,38,11,39,13,92.31,89.74,100.0,19.36,18.49,5.33,22.79,0.92,5.67,1.62,2.31
BOS,2023-08-23,7,52,16,52,16,78.85,75.0,87.5,32.56,17.42,4.24,34.63,1.81,5.1,1.56,4.38
BOS,2023-08-23,8,35,27,39,25,82.05,82.05,96.0,5.74,14.97,2.6,6.95,2.0,5.44,0.92,1.44
BOS,2023-08-23,9,31,34,30,36,86.67,83.33,88.89,10.0,14.77,2.3,11.03,2.36,3.13,1.28,8.89
BOS,2023-08-23,10,34,23,38,28,94.74,92.11,92.86,3.61,12.87,1.21,3.79,2.25,3.28,3.04,6.07
BOS,2023-08-23,11,25,27,27,27,85.19,81.48,74.07,17.7,13.96,1.3,18.33,3.59,3.46,2.93,9.63
BOS,2023-08-23,12,29,26,31,29,96.77,96.77,86.21,3.42,11.97,0.8,3.52,2.24,2.35,1.59,5.62
BOS,2023-08-23,13,27,38,29,38,82.76,75.86,84.21,7.38,16.97,3.91,9.66,3.61,3.45,1.58,7.47
BOS,2023-08-23,14,32,34,35,36,85.71,80.0,86.11,9.6,16.74,4.33,12.46,1.58,4.33,1.53,17.31
BOS,2023-08-23,15,24,39,26,39,80.77,76.92,89.74,19.46,14.77,2.66,20.81,1.33,3.77,0.69,11.69
BOS,2023-08-23,16,34,33,35,38,71.43,68.57,78.95,19.6,18.03,5.71,24.37,2.84,4.08,4.42,23.45
BOS,2023-08-23,17,42,33,46,35,80.43,73.91,88.57,9.07,19.07,6.06,14.3,2.34,8.46,3.51,5.06
BOS,2023-08-23,18,34,34,33,37,72.73,72.73,81.08,15.76,17.48,4.86,18.48,1.27,5.23,2.14,10.24
BOS,2023-08-23,19,30,33,31,38,74.19,70.97,76.32,19.03,18.71,5.34,22.58,3.47,7.27,5.53,11.82
BOS,2023-08-23,20,27,31,29,34,82.76,72.41,79.41,9.45,17.9,4.48,12.07,3.03,3.11,3.24,11.56
BOS,2023-08-23,21,13,21,14,21,57.14,50.0,76.19,22.21,16.21,3.21,24.57,2.86,2.7,2.48,10.52
BOS,2023-08-23,22,5,26,13,25,69.23,61.54,76.0,15.46,18.08,4.82,19.69,4.72,2.41,7.28,15.64
BOS,2023-08-23,23,7,29,7,29,85.71,85.71,72.41,7.71,18.43,5.27,11.14,3.24,0.73,3.24,14.28
BOS,2023-08-24,0,0,11,0,9,0.0,0.0,77.78,0.0,0.0,0.0,0.0,2.11,2.21,0.89,10.78
BOS,2023-08-24,1,1,2,1,2,100.0,100.0,0.0,0.0,13.0,0.0,0.0,0.0,0.0,4.5,17.0
BOS,2023-08-24,2,0,0,0,0,0.0,0.0,0.0,0.0,0.0,0.0,0.0,0.0,0.0,0.0,0.0
BOS,2023-08-24,4,1,2,1,4,100.0,100.0,100.0,0.0,13.0,0.0,0.0,0.0,2.5,5.25,2.25
BOS,2023-08-24,5,13,10,16,11,93.75,93.75,63.64,1.63,14.13,1.78,2.0,1.0,4.53,7.09,29.64
BOS,2023-08-24,6,37,10,38,15,92.11,92.11,66.67,2.82,19.29,5.96,5.68,0.53,5.09,10.53,17.0
BOS,2023-08-24,7,53,16,55,19,94.55,76.36,73.68,2.42,24.45,10.91,9.96,2.26,3.88,3.63,31.32
BOS,2023-08-24,8,40,28,41,28,82.93,73.17,92.86,10.39,22.32,8.8,15.71,2.11,4.36,1.86,9.18
BOS,2023-08-24,9,30,33,34,33,88.24,88.24,90.91,14.06,16.24,3.61,16.29,3.91,2.31,1.15,20.21
BOS,2023-08-24,10,37,25,38,28,89.47,71.05,85.71,17.87,21.97,8.91,24.34,2.86,2.72,3.54,7.54
BOS,2023-08-24,11,24,25,25,25,80.0,80.0,84.0,14.08,18.28,5.84,17.12,3.92,3.04,2.0,15.76
BOS,2023-08-24,12,28,26,27,29,85.19,81.48,86.21,10.0,15.48,3.48,11.93,1.24,2.19,2.0,10.79
BOS,2023-08-24,13,28,39,31,39,80.65,80.65,76.92,25.0,17.26,5.0,28.9,3.82,5.36,2.23,29.56
BOS,2023-08-24,14,32,38,34,43,76.47,76.47,81.4,26.5,15.06,3.06,28.59,2.23,4.77,2.05,12.86
BOS,2023-08-24,15,25,38,28,46,89.29,89.29,78.26,6.86,16.61,3.68,8.93,1.33,4.66,1.17,17.59
BOS,2023-08-24,16,35,35,43,38,74.42,69.77,81.58,18.23,18.72,5.79,22.67,1.97,4.13,1.97,11.82
BOS,2023-08-24,17,46,33,44,34,70.45,47.73,91.18,22.02,24.98,11.56,32.05,1.65,4.27,0.88,6.71
BOS,2023-08-24,18,37,36,38,41,81.58,63.16,80.49,17.37,24.08,10.68,25.53,3.34,6.86,3.34,13.34
BOS,2023-08-24,19,31,33,35,38,77.14,74.29,71.05,19.46,21.63,8.1,25.86,6.66,5.84,6.47,17.37
BOS,2023-08-24,20,29,29,30,30,76.67,66.67,66.67,11.03,19.27,5.81,14.67,5.87,3.3,4.63,17.87
BOS,2023-08-24,21,13,20,15,20,46.67,46.67,70.0,25.33,16.93,3.54,28.33,4.7,2.26,4.45,9.6
BOS,2023-08-24,22,4,27,10,27,70.0,70.0,59.26,8.4,18.4,5.14,12.1,2.19,1.97,6.26,33.93
BOS,2023-08-24,23,8,30,8,30,75.0,62.5,66.67,7.88,16.38,3.11,10.0,4.03,1.59,3.03,13.17
BOS,2023-08-25,0,0,10,1,11,100.0,0.0,54.55,0.0,30.0,16.6,17.0,2.64,1.52,2.27,35.45
BOS,2023-08-25,1,1,2,1,2,100.0,0.0,50.0,13.0,21.0,7.6,21.0,0.0,2.65,0.0,27.0
BOS,2023-08-25,2,0,0,0,1,0.0,0.0,0.0,0.0,0.0,0.0,0.0,3.0,2.8,10.0,42.0
BOS,2023-08-25,3,0,0,1,0,100.0,100.0,0.0,0.0,18.0,4.6,5.0,0.0,0.0,0.0,0.0
BOS,2023-08-25,4,1,2,1,5,100.0,100.0,60.0,0.0,20.0,6.6,7.0,0.0,4.38,9.6,18.0
BOS,2023-08-25,5,13,9,12,10,75.0,75.0,80.0,25.67,16.92,4.37,28.25,0.0,6.07,2.4,35.2
BOS,2023-08-25,6,38,12,39,16,69.23,64.1,50.0,16.1,21.46,8.06,22.36,0.94,9.41,8.0,19.81
BOS,2023-08-25,7,53,16,56,14,80.36,42.86,71.43,12.48,30.82,17.19,27.2,3.86,10.76,5.57,55.21
BOS,2023-08-25,8,36,27,38,28,73.68,23.68,78.57,14.32,35.71,22.15,33.13,4.71,8.33,7.96,8.64
BOS,2023-08-25,9,32,35,32,35,78.13,46.88,65.71,8.56,27.44,13.86,20.44,6.51,4.03,5.17,22.8
BOS,2023-08-25,10,35,22,38,29,52.63,44.74,72.41,34.37,17.13,4.65,37.95,4.21,2.77,3.24,11.1
BOS,2023-08-25,11,22,30,23,28,69.57,60.87,75.0,11.3,19.3,6.41,16.65,7.68,2.4,3.5,17.39
BOS,2023-08-25,12,30,24,29,26,72.41,65.52,84.62,9.83,17.45,4.48,13.17,5.08,3.32,5.65,5.5
BOS,2023-08-25,13,27,37,29,41,79.31,62.07,60.98,18.28,19.21,6.31,23.14,7.9,2.58,5.51,27.85
BOS,2023-08-25,14,33,37,34,36,58.82,50.0,55.56,29.76,17.71,5.03,34.24,6.89,3.79,6.94,23.89
BOS,2023-08-25,15,24,41,26,39,61.54,50.0,51.28,20.31,19.92,6.75,26.23,10.72,3.33,8.33,25.28
BOS,2023-08-25,16,36,35,38,34,47.37,47.37,38.24,26.0,21.97,8.95,34.32,12.38,4.08,10.24,30.47
BOS,2023-08-25,17,45,31,43,27,60.47,39.53,33.33,22.49,26.51,12.96,33.63,6.59,4.17,7.41,35.59
BOS,2023-08-25,18,33,39,32,44,50.0,37.5,47.73,35.41,19.91,6.59,40.69,5.39,3.54,9.3,36.02
BOS,2023-08-25,19,35,33,36,35,47.22,47.22,31.43,39.5,19.14,5.7,44.83,4.2,4.19,6.46,43.03
BOS,2023-08-25,20,28,29,28,30,32.14,28.57,33.33,76.68,18.64,5.09,81.11,3.97,6.31,6.17,51.2
BOS,2023-08-25,21,13,22,14,24,21.43,14.29,37.5,51.5,18.29,5.07,56.0,4.75,3.64,2.88,38.29
BOS,2023-08-25,22,5,28,10,26,40.0,30.0,50.0,23.4,16.0,2.64,26.4,3.92,2.3,5.92,29.69
BOS,2023-08-25,23,8,30,8,30,62.5,62.5,73.33,24.25,17.25,4.31,28.0,4.5,1.6,2.03,13.03
BOS,2023-08-26,0,0,9,0,11,0.0,0.0,54.55,0.0,0.0,0.0,0.0,3.73,2.66,0.82,20.36
BOS,2023-08-26,1,1,3,2,2,50.0,50.0,100.0,18.5,18.0,4.6,23.5,2.0,1.8,0.0,0.0
BOS,2023-08-26,2,0,0,0,0,0.0,0.0,0.0,0.0,0.0,0.0,0.0,0.0,0.0,0.0,0.0
BOS,2023-08-26,3,0,0,0,0,0.0,0.0,0.0,0.0,0.0,0.0,0.0,0.0,0.0,0.0,0.0
BOS,2023-08-26,4,1,2,1,2,0.0,0.0,100.0,16.0,15.0,1.6,18.0,0.0,2.45,0.0,0.0
BOS,2023-08-26,5,13,9,13,9,100.0,100.0,77.78,0.54,16.31,3.18,2.0,0.0,2.22,0.0,8.33
BOS,2023-08-26,6,30,11,29,14,93.1,89.66,78.57,11.66,16.41,3.12,13.07,0.29,3.46,0.93,7.14
BOS,2023-08-26,7,47,11,45,14,88.89,84.44,92.86,10.33,19.42,5.89,13.31,5.5,1.71,2.79,4.21
BOS,2023-08-26,8,47,22,51,24,80.39,76.47,87.5,8.78,19.67,6.32,12.27,3.33,3.3,2.79,3.04
BOS,2023-08-26,9,29,29,32,25,81.25,78.13,96.0,14.63,16.44,3.4,16.59,2.24,2.46,0.92,1.64
BOS,2023-08-26,10,36,23,35,29,94.29,88.57,82.76,6.57,16.89,3.81,8.8,3.28,2.01,1.66,10.38
BOS,2023-08-26,11,23,23,24,23,83.33,79.17,82.61,10.92,15.17,2.61,12.75,2.43,4.45,1.87,7.26
BOS,2023-08-26,12,23,20,25,24,80.0,80.0,91.67,11.56,15.2,3.25,13.72,2.0,3.66,2.42,5.71
BOS,2023-08-26,13,24,30,27,30,77.78,70.37,86.67,11.78,16.59,3.99,14.81,4.8,2.91,1.67,17.63
BOS,2023-08-26,14,21,35,23,38,78.26,73.91,86.84,15.09,14.96,3.41,17.78,2.26,3.69,0.47,7.79
BOS,2023-08-26,15,26,42,28,46,75.0,75.0,89.13,17.21,16.61,3.79,19.36,1.63,5.36,1.67,5.83
BOS,2023-08-26,16,33,32,34,35,73.53,67.65,88.57,21.15,16.97,4.67,24.38,2.51,6.4,1.46,12.86
BOS,2023-08-26,17,46,32,48,36,83.33,81.25,80.56,9.9,17.06,4.27,12.92,1.69,5.47,2.17,21.36
BOS,2023-08-26,18,31,35,32,38,78.13,75.0,78.95,21.31,16.56,4.02,24.34,1.92,4.06,1.55,14.08
BOS,2023-08-26,19,20,26,19,28,89.47,89.47,67.86,3.84,19.11,6.28,9.16,3.46,6.14,6.39,21.61
BOS,2023-08-26,20,16,21,17,24,70.59,70.59,83.33,34.47,13.71,1.74,35.35,2.0,5.08,2.21,7.13
BOS,2023-08-26,21,6,19,7,19,57.14,57.14,73.68,11.71,18.29,5.51,16.14,3.32,4.94,1.0,17.68
BOS,2023-08-26,22,5,21,6,21,83.33,100.0,80.95,2.67,16.33,3.8,4.0,1.0,5.27,2.1,20.14
BOS,2023-08-26,23,9,25,8,25,100.0,75.0,80.0,2.88,18.13,4.95,7.38,0.96,4.18,0.32,52.2
BOS,2023-08-27,0,1,10,2,10,50.0,50.0,80.0,11.0,16.0,2.6,14.0,1.0,4.39,0.0,12.9
BOS,2023-08-27,1,1,2,1,3,100.0,100.0,100.0,0.0,17.0,3.6,0.0,0.0,1.77,0.0,0.0
BOS,2023-08-27,2,0,0,0,0,0.0,0.0,0.0,0.0,0.0,0.0,0.0,0.0,0.0,0.0,0.0
BOS,2023-08-27,3,0,0,1,0,100.0,100.0,0.0,0.0,14.0,0.6,0.0,0.0,0.0,0.0,0.0
BOS,2023-08-27,4,1,2,1,3,100.0,100.0,100.0,0.0,25.0,11.6,12.0,1.0,3.57,2.0,0.0
BOS,2023-08-27,5,13,10,13,10,84.62,76.92,80.0,48.85,15.08,3.26,51.0,0.8,1.61,0.0,17.7
BOS,2023-08-27,6,32,11,33,9,93.94,93.94,100.0,8.24,15.64,2.82,9.94,1.33,7.27,0.0,0.0
BOS,2023-08-27,7,50,10,51,7,84.31,82.35,71.43,5.98,17.51,4.5,8.82,1.14,3.84,0.0,4.29
BOS,2023-08-27,8,37,25,35,23,88.57,85.71,95.65,8.09,17.63,4.57,10.51,1.65,5.89,0.17,1.26
BOS,2023-08-27,9,32,33,35,34,88.57,88.57,82.35,8.11,13.71,1.63,8.63,2.68,4.04,4.03,6.47
BOS,2023-08-27,10,35,21,39,23,84.62,82.05,86.96,6.77,14.69,2.35,7.87,2.65,3.54,3.43,3.78
BOS,2023-08-27,11,23,28,25,26,84.0,84.0,92.31,8.28,15.24,2.63,9.6,2.92,2.84,0.23,2.12
BOS,2023-08-27,12,29,23,34,26,79.41,82.35,92.31,6.85,13.15,1.44,7.68,2.58,2.41,0.85,4.73
BOS,2023-08-27,13,28,38,29,38,89.66,86.21,94.74,2.79,14.34,2.15,4.14,3.37,3.54,1.58,2.55
BOS,2023-08-27,14,32,34,34,44,88.24,73.53,77.27,10.26,17.32,4.72,13.82,3.27,4.29,2.3,29.09
BOS,2023-08-27,15,23,42,30,49,76.67,73.33,81.63,9.83,15.97,3.05,11.17,3.47,4.02,2.71,13.82
BOS,2023-08-27,16,34,34,43,37,81.4,72.09,70.27,9.53,17.86,5.17,13.72,2.24,9.55,5.76,11.14
BOS,2023-08-27,17,45,33,51,33,84.31,62.75,75.76,14.16,21.08,7.8,21.27,6.61,6.88,6.39,16.33
BOS,2023-08-27,18,34,36,35,38,65.71,54.29,84.21,25.03,18.09,5.7,29.71,1.16,5.15,1.08,5.97
BOS,2023-08-27,19,37,35,38,41,78.95,76.32,82.93,8.74,17.82,4.49,11.66,3.39,5.59,2.1,11.02
BOS,2023-08-27,20,29,31,32,35,78.13,68.75,57.14,11.5,19.63,6.52,16.38,1.94,7.54,3.51,27.83
BOS,2023-08-27,21,13,20,13,21,53.85,53.85,76.19,12.54,15.62,2.87,14.85,1.62,4.62,1.14,10.71
BOS,2023-08-27,22,5,28,6,27,50.0,50.0,70.37,22.17,19.17,5.77,28.33,0.85,4.92,2.26,18.85
BOS,2023-08-27,23,8,30,9,31,66.67,66.67,64.52,17.67,15.67,2.3,19.0,0.84,2.98,0.65,31.84
BOS,2023-08-28,0,0,9,1,10,0.0,0.0,80.0,68.0,15.0,0.2,68.0,1.0,15.0,10.8,15.5
BOS,2023-08-28,1,1,2,1,2,100.0,100.0,100.0,0.0,13.0,0.0,0.0,0.0,0.0,0.0,0.0
BOS,2023-08-28,2,0,0,0,0,0.0,0.0,0.0,0.0,0.0,0.0,0.0,0.0,0.0,0.0,0.0
BOS,2023-08-28,4,1,2,1,3,100.0,100.0,100.0,0.0,13.0,0.0,0.0,0.0,3.9,0.0,0.0
BOS,2023-08-28,5,13,9,13,9,92.31,92.31,77.78,1.31,13.0,1.16,2.0,0.11,5.48,1.0,11.44
BOS,2023-08-28,6,37,12,36,13,97.22,97.22,69.23,0.58,16.67,3.61,1.89,1.85,4.3,1.0,17.38
BOS,2023-08-28,7,53,17,54,18,87.04,87.04,77.78,4.31,17.28,4.42,7.0,1.94,4.81,2.11,9.06
BOS,2023-08-28,8,39,28,40,30,82.5,82.5,86.67,7.1,16.7,3.84,8.88,2.77,5.9,1.17,8.7
BOS,2023-08-28,9,30,33,33,33,87.88,84.85,87.88,6.61,16.06,3.86,9.33,3.12,3.32,2.82,9.03
BOS,2023-08-28,10,35,24,37,31,94.59,94.59,87.1,5.16,14.54,2.53,6.41,0.65,2.91,1.35,5.94
BOS,2023-08-28,11,28,27,31,31,77.42,77.42,83.87,7.35,11.87,0.81,7.58,3.58,3.57,0.39,6.1
BOS,2023-08-28,12,29,27,30,27,90.0,90.0,92.59,10.67,13.43,1.33,11.17,2.15,2.31,1.07,2.22
BOS,2023-08-28,13,28,39,30,41,83.33,66.67,85.37,10.43,17.07,4.79,14.57,4.85,5.03,1.68,3.49
BOS,2023-08-28,14,32,36,35,47,88.57,85.71,80.85,4.69,15.26,3.15,5.8,3.6,4.99,5.06,12.43
BOS,2023-08-28,15,23,41,28,43,85.71,82.14,76.74,5.21,15.14,2.55,6.86,2.16,4.42,1.23,10.56
BOS,2023-08-28,16,36,33,41,34,87.8,87.8,88.24,6.46,16.02,3.42,8.76,2.03,6.62,3.71,8.65
BOS,2023-08-28,17,44,33,48,37,85.42,83.33,70.27,8.31,16.52,3.74,10.75,1.51,5.62,2.65,26.89
BOS,2023-08-28,18,37,36,37,38,67.57,56.76,84.21,24.3,18.27,5.29,28.62,2.0,4.75,1.5,8.66
BOS,2023-08-28,19,31,34,32,35,78.13,71.88,85.71,10.22,17.19,3.95,12.22,3.06,5.75,1.4,13.11
BOS,2023-08-28,20,28,30,29,33,93.1,82.76,75.76,9.66,16.07,3.16,10.93,0.55,5.29,1.24,7.82
BOS,2023-08-28,21,13,21,14,22,42.86,42.86,86.36,42.79,15.07,2.58,44.64,1.82,3.65,0.0,7.64
BOS,2023-08-28,22,4,27,10,26,90.0,90.0,57.69,4.9,17.4,5.66,7.6,0.42,2.99,2.31,37.42
BOS,2023-08-28,23,8,30,7,29,85.71,71.43,75.86,5.86,15.86,2.9,7.86,1.31,2.89,2.31,12.97
BOS,2023-08-29,0,0,9,1,10,100.0,0.0,60.0,0.0,28.0,14.6,15.0,4.4,3.54,2.7,98.8
BOS,2023-08-29,1,1,2,2,2,100.0,100.0,50.0,0.0,13.0,0.0,0.0,0.0,2.15,0.0,35.0
BOS,2023-08-29,2,0,0,0,1,0.0,0.0,100.0,0.0,0.0,0.0,0.0,0.0,1.7,2.0,0.0
BOS,2023-08-29,4,1,2,1,4,100.0,100.0,100.0,0.0,17.0,3.6,4.0,0.0,5.63,5.75,3.75
BOS,2023-08-29,5,13,8,15,12,100.0,100.0,91.67,0.27,12.53,1.07,0.07,0.0,2.33,0.67,4.17
BOS,2023-08-29,6,37,9,37,17,94.59,89.19,70.59,2.68,18.7,5.5,4.68,1.82,8.36,4.18,12.24
BOS,2023-08-29,7,51,16,51,16,94.12,88.24,75.0,3.04,20.29,6.9,6.12,3.44,6.87,2.13,19.31
BOS,2023-08-29,8,39,26,42,26,88.1,85.71,92.31,3.81,15.07,2.38,4.95,4.69,6.12,0.04,4.58
BOS,2023-08-29,9,30,33,32,31,90.63,90.63,87.1,3.53,17.19,3.89,4.41,2.65,3.69,2.13,3.35
BOS,2023-08-29,10,32,23,31,29,80.65,74.19,82.76,16.39,17.74,4.98,19.42,3.48,4.25,2.93,8.55
BOS,2023-08-29,11,25,25,28,24,89.29,89.29,91.67,5.64,15.11,2.74,7.29,4.25,3.76,1.0,4.54
BOS,2023-08-29,12,30,29,33,30,81.82,81.82,50.0,5.27,12.85,1.3,5.58,15.47,3.0,8.67,22.23
BOS,2023-08-29,13,28,37,32,35,68.75,65.63,74.29,44.66,14.53,2.36,46.34,8.63,4.57,8.31,13.77
BOS,2023-08-29,14,31,35,30,45,73.33,73.33,62.22,13.17,15.77,2.72,14.97,6.22,3.84,6.64,21.53
BOS,2023-08-29,15,24,39,28,38,71.43,67.86,52.63,12.61,14.82,2.63,14.21,5.84,3.4,8.5,35.66
BOS,2023-08-29,16,32,32,33,33,54.55,54.55,45.45,22.06,16.3,3.69,24.91,7.64,4.36,7.42,33.85
BOS,2023-08-29,17,43,33,48,31,56.25,45.83,51.61,34.46,17.38,4.71,38.65,10.13,3.85,7.45,26.94
BOS,2023-08-29,18,36,35,33,41,42.42,36.36,26.83,26.52,19.52,6.39,31.7,4.22,6.12,12.29,42.44
BOS,2023-08-29,19,27,35,31,38,45.16,35.48,21.05,36.06,21.1,8.1,43.68,3.26,6.94,9.68,52.63
BOS,2023-08-29,20,27,29,28,32,46.43,42.86,12.5,33.86,18.14,4.8,37.89,2.5,5.61,5.84,52.19
BOS,2023-08-29,21,11,19,12,19,8.33,8.33,36.84,41.42,16.25,3.76,44.58,3.37,7.27,6.53,28.42
BOS,2023-08-29,22,4,25,10,24,60.0,50.0,41.67,20.9,20.1,7.42,27.7,2.88,5.32,4.38,33.08
BOS,2023-08-29,23,8,26,9,27,66.67,44.44,59.26,15.0,18.44,5.12,20.11,1.81,4.56,0.52,101.52
BOS,2023-08-30,0,1,9,1,12,100.0,100.0,83.33,0.0,18.0,4.6,5.0,1.25,3.9,2.17,15.5
BOS,2023-08-30,1,0,2,1,2,0.0,0.0,100.0,59.0,18.0,4.6,64.0,0.0,3.15,0.0,7.0
BOS,2023-08-30,2,0,0,0,0,0.0,0.0,0.0,0.0,0.0,0.0,0.0,0.0,0.0,0.0,0.0
BOS,2023-08-30,4,1,2,1,4,100.0,100.0,75.0,0.0,16.0,2.6,3.0,0.0,4.38,0.0,27.0
BOS,2023-08-30,5,13,9,16,11,87.5,87.5,72.73,44.56,13.88,1.76,45.69,0.45,4.58,2.45,6.27
BOS,2023-08-30,6,38,11,36,11,94.44,91.67,72.73,2.39,16.47,3.53,3.81,3.73,5.46,4.82,20.64
BOS,2023-08-30,7,51,16,51,14,66.67,60.78,71.43,38.24,21.45,8.02,44.57,6.86,6.43,5.43,12.93
BOS,2023-08-30,8,35,27,36,25,75.0,72.22,88.0,15.75,19.42,6.39,20.33,12.92,5.0,8.28,21.84
BOS,2023-08-30,9,31,33,32,28,78.13,71.88,78.57,16.06,20.81,7.88,21.84,7.61,4.78,5.79,7.75
BOS,2023-08-30,10,33,24,30,29,66.67,70.0,65.52,19.6,16.5,3.57,22.13,12.07,6.58,17.48,25.48
BOS,2023-08-30,11,26,27,30,23,73.33,70.0,82.61,25.57,17.63,4.87,29.23,6.48,10.82,9.74,15.78
BOS,2023-08-30,12,30,27,34,30,64.71,61.76,73.33,30.85,15.76,3.66,33.21,5.1,2.06,6.17,16.97
BOS,2023-08-30,13,27,37,30,39,80.0,66.67,79.49,20.73,18.33,5.1,25.1,8.18,7.39,7.31,11.21
BOS,2023-08-30,14,31,34,34,39,82.35,79.41,74.36,15.76,18.0,5.21,19.15,6.9,3.1,4.92,31.97
BOS,2023-08-30,15,24,39,29,41,72.41,72.41,70.73,24.93,17.86,4.7,28.83,5.63,4.05,6.2,21.37
BOS,2023-08-30,16,33,34,34,39,61.76,58.82,74.36,39.85,22.09,8.69,46.62,2.72,6.26,4.03,19.79
BOS,2023-08-30,17,43,32,45,31,80.0,60.0,70.97,13.0,24.47,11.0,22.04,2.71,5.02,3.68,21.16
BOS,2023-08-30,18,34,34,36,39,66.67,61.11,66.67,36.69,21.11,7.78,42.69,2.59,3.26,2.64,16.33
BOS,2023-08-30,19,30,34,30,37,70.0,70.0,83.78,13.53,17.8,4.42,16.43,4.24,4.68,1.89,13.92
BOS,2023-08-30,20,26,29,29,29,68.97,65.52,62.07,22.48,16.72,3.52,24.03,2.83,3.79,2.21,38.17
BOS,2023-08-30,21,12,21,12,23,66.67,66.67,65.22,37.17,16.0,3.06,38.83,2.26,3.26,4.57,51.7
BOS,2023-08-30,22,5,25,12,25,75.0,58.33,68.0,7.83,15.17,2.43,9.67,1.28,3.54,3.04,20.72
BOS,2023-08-30,23,8,29,8,26,87.5,75.0,76.92,7.13,19.63,6.21,12.5,1.46,1.28,0.65,23.12
BOS,2023-08-31,0,0,11,0,10,0.0,0.0,70.0,0.0,0.0,0.0,0.0,1.5,1.42,0.8,16.1
BOS,2023-08-31,1,1,2,3,3,66.67,66.67,33.33,18.33,15.33,3.07,19.67,2.33,0.93,4.0,44.0
BOS,2023-08-31,2,0,0,1,1,0.0,0.0,0.0,25.0,16.0,2.6,28.0,0.0,2.8,4.0,45.0
BOS,2023-08-31,3,0,0,0,0,0.0,0.0,0.0,0.0,0.0,0.0,0.0,0.0,0.0,0.0,0.0
BOS,2023-08-31,4,1,2,1,4,100.0,100.0,100.0,0.0,22.0,8.6,9.0,0.0,4.63,0.0,0.0
BOS,2023-08-31,5,13,10,15,13,86.67,86.67,69.23,8.87,15.27,3.07,10.6,0.54,3.22,0.15,9.54
BOS,2023-08-31,6,37,10,39,15,89.74,87.18,73.33,3.26,18.44,5.24,6.31,1.8,5.61,2.87,19.53
BOS,2023-08-31,7,51,16,49,17,87.76,85.71,88.24,10.33,18.18,5.07,13.27,10.94,7.82,5.12,6.59
BOS,2023-08-31,8,40,28,44,27,95.45,93.18,96.3,1.45,17.23,4.49,4.02,3.07,7.52,3.15,2.67
BOS,2023-08-31,9,32,33,35,35,94.29,91.43,82.86,4.91,13.86,1.84,5.8,3.09,4.04,2.09,11.0
BOS,2023-08-31,10,36,24,39,30,74.36,74.36,86.67,23.18,13.74,1.52,24.33,3.3,5.34,6.6,5.3
BOS,2023-08-31,11,23,25,27,22,81.48,81.48,90.91,7.04,14.19,2.17,8.19,2.18,3.8,1.23,2.68
BOS,2023-08-31,12,28,27,26,27,73.08,76.92,70.37,13.77,13.23,1.55,14.19,1.33,2.5,1.15,16.81
BOS,2023-08-31,13,27,39,28,42,82.14,82.14,85.71,7.07,14.82,2.48,8.5,4.07,5.17,3.02,6.88
BOS,2023-08-31,14,32,38,36,41,88.89,88.89,82.93,4.64,15.31,2.92,6.17,2.27,4.6,2.83,10.39
BOS,2023-08-31,15,25,38,26,42,84.62,88.46,85.71,4.27,14.23,2.05,4.73,3.45,4.08,2.4,8.24
BOS,2023-08-31,16,35,34,38,36,73.68,73.68,86.11,21.79,14.5,2.33,23.5,2.19,3.88,1.11,9.75
BOS,2023-08-31,17,45,32,45,34,71.11,66.67,82.35,17.13,16.36,3.8,20.09,2.32,4.35,2.97,13.29
BOS,2023-08-31,18,37,36,41,39,78.05,68.29,69.23,14.76,17.46,4.56,18.22,1.23,5.78,3.18,8.18
BOS,2023-08-31,19,31,33,35,39,71.43,65.71,74.36,17.09,18.71,5.44,21.43,2.64,5.82,2.72,11.77
BOS,2023-08-31,20,29,29,30,29,86.67,86.67,68.97,3.87,15.7,2.52,5.4,1.45,4.9,3.62,22.62
BOS,2023-08-31,21,13,20,14,21,50.0,50.0,80.95,33.29,16.43,3.44,35.93,1.81,3.32,0.38,26.1
BOS,2023-08-31,22,4,26,10,25,90.0,80.0,76.0,5.7,15.1,2.74,7.5,0.52,3.44,1.76,22.32
BOS,2023-08-31,23,8,30,8,31,75.0,75.0,70.97,8.5,17.25,3.76,10.25,1.19,1.97,0.68,27.74
BOS,2023-09-01,0,0,10,0,12,0.0,0.0,66.67,0.0,0.0,0.0,0.0,1.92,4.13,0.58,20.08
BOS,2023-09-01,1,1,2,1,2,0.0,0.0,100.0,40.0,15.0,1.6,42.0,0.0,2.8,0.0,0.0
BOS,2023-09-01,2,0,0,0,0,0.0,0.0,0.0,0.0,0.0,0.0,0.0,0.0,0.0,0.0,0.0
BOS,2023-09-01,4,1,2,1,4,100.0,100.0,100.0,0.0,19.0,5.4,5.0,0.0,3.53,0.0,2.25
BOS,2023-09-01,5,13,10,14,11,100.0,100.0,81.82,0.36,15.07,3.11,2.43,0.09,3.95,0.27,16.09
BOS,2023-09-01,6,38,12,40,16,92.5,87.5,81.25,11.6,17.85,4.65,13.88,1.94,6.38,1.38,25.19
BOS,2023-09-01,7,51,16,52,17,86.54,80.77,82.35,9.29,17.0,3.82,11.65,1.47,5.89,2.65,8.71
BOS,2023-09-01,8,37,28,43,27,79.07,79.07,85.19,18.0,15.6,2.95,18.95,3.44,3.36,1.15,13.56
BOS,2023-09-01,9,34,35,35,37,82.86,82.86,89.19,14.31,14.6,2.33,15.4,4.08,3.57,1.62,8.0
BOS,2023-09-01,10,34,21,39,26,92.31,89.74,80.77,7.05,15.1,2.6,8.67,1.65,3.02,2.38,10.88
BOS,2023-09-01,11,21,30,25,29,92.0,92.0,86.21,4.84,14.84,2.49,6.36,3.48,4.11,1.69,5.9
BOS,2023-09-01,12,31,24,34,30,82.35,79.41,86.67,10.91,13.76,2.05,11.91,4.67,2.68,3.07,7.8
BOS,2023-09-01,13,26,36,32,38,81.25,71.88,92.11,13.81,15.53,3.1,16.56,2.29,4.22,1.53,2.03
BOS,2023-09-01,14,33,37,34,43,91.18,91.18,76.74,2.94,14.03,1.95,3.38,1.33,3.34,1.28,18.21
BOS,2023-09-01,15,24,42,25,46,92.0,84.0,86.96,3.28,16.48,3.36,5.24,2.43,4.1,1.57,7.26
BOS,2023-09-01,16,37,33,40,40,82.5,70.0,75.0,11.38,17.33,4.92,14.43,2.4,4.08,1.63,20.2
BOS,2023-09-01,17,44,30,47,32,78.72,76.6,75.0,12.0,18.0,5.01,16.11,2.66,7.18,3.22,20.44
BOS,2023-09-01,18,32,39,32,42,71.88,62.5,78.57,14.53,16.66,4.13,17.47,0.69,5.19,1.1,11.24
BOS,2023-09-01,19,35,33,39,38,69.23,64.1,78.95,14.77,18.26,5.38,18.28,3.84,4.45,2.92,14.97
BOS,2023-09-01,20,29,29,31,29,74.19,67.74,58.62,19.39,19.16,5.6,23.0,1.79,5.27,4.07,24.0
BOS,2023-09-01,21,13,22,14,19,64.29,57.14,73.68,17.14,16.86,3.82,20.57,2.89,3.84,1.16,11.79
BOS,2023-09-01,22,5,28,9,28,88.89,77.78,67.86,5.56,15.78,2.51,8.22,1.96,1.48,2.46,16.64
BOS,2023-09-01,23,8,30,7,30,71.43,71.43,53.33,11.0,15.71,2.5,13.14,1.4,1.82,1.67,29.1
BOS,2023-09-02,0,0,8,0,10,0.0,0.0,80.0,0.0,0.0,0.0,0.0,0.5,1.62,0.8,14.1
BOS,2023-09-02,1,1,3,1,2,100.0,100.0,100.0,0.0,19.0,5.6,6.0,0.0,0.2,0.0,4.0
BOS,2023-09-02,2,0,0,0,0,0.0,0.0,0.0,0.0,0.0,0.0,0.0,0.0,0.0,0.0,0.0
BOS,2023-09-02,3,0,0,0,1,0.0,0.0,0.0,0.0,0.0,0.0,0.0,0.0,0.8,0.0,128.0
BOS,2023-09-02,4,1,2,1,3,0.0,0.0,100.0,46.0,16.0,2.4,48.0,0.0,2.43,0.0,0.0
BOS,2023-09-02,5,12,9,13,10,76.92,69.23,100.0,14.31,16.15,3.36,16.62,0.0,2.05,0.4,0.8
BOS,2023-09-02,6,30,11,29,15,72.41,72.41,60.0,10.55,17.72,4.46,13.03,0.4,9.13,3.8,15.33
BOS,2023-09-02,7,46,10,44,14,72.73,63.64,100.0,15.36,19.52,5.86,19.5,15.14,4.56,3.36,3.43
BOS,2023-09-02,8,46,22,50,23,78.0,66.0,73.91,10.88,22.08,8.66,16.78,1.91,8.05,3.3,17.22
BOS,2023-09-02,9,31,29,34,29,82.35,79.41,89.66,11.59,16.53,4.04,13.44,3.17,4.02,3.24,4.62
BOS,2023-09-02,10,34,24,40,26,80.0,77.5,88.46,8.85,15.0,2.36,10.28,2.35,2.95,1.08,2.73
BOS,2023-09-02,11,23,22,23,22,69.57,65.22,95.45,9.26,15.0,2.7,10.61,4.0,2.13,0.23,1.05
BOS,2023-09-02,12,22,19,26,20,84.62,80.77,80.0,5.92,13.42,1.72,6.77,1.25,1.73,0.75,9.5
BOS,2023-09-02,13,23,30,22,33,72.73,72.73,78.79,22.86,17.14,4.27,26.18,2.42,2.88,2.06,8.39
BOS,2023-09-02,14,22,34,25,38,80.0,76.0,86.84,7.68,16.92,4.51,11.08,3.05,2.48,1.87,8.5
BOS,2023-09-02,15,25,42,28,45,96.43,92.86,93.33,2.71,19.04,5.62,5.68,3.02,3.13,1.42,4.44
BOS,2023-09-02,16,31,32,37,35,83.78,72.97,94.29,10.32,16.97,4.45,13.43,1.97,3.56,1.37,1.66
BOS,2023-09-02,17,44,35,43,35,93.02,81.4,80.0,3.35,22.23,8.57,9.3,6.66,5.11,6.83,22.31
BOS,2023-09-02,18,28,35,29,33,82.76,75.86,87.88,9.14,16.93,4.03,11.24,1.85,2.86,0.97,6.21
BOS,2023-09-02,19,20,24,19,28,78.95,68.42,82.14,12.95,15.95,3.26,15.42,2.79,2.24,3.25,18.46
BOS,2023-09-02,20,15,20,16,23,62.5,62.5,65.22,24.44,15.38,2.31,25.44,1.13,3.86,3.13,25.78
BOS,2023-09-02,21,7,20,7,21,85.71,57.14,76.19,34.71,20.43,7.5,42.0,2.05,1.58,1.1,10.14
BOS,2023-09-02,22,6,18,6,18,66.67,50.0,88.89,12.17,15.17,2.57,13.83,1.72,1.84,0.11,4.44
BOS,2023-09-02,23,8,22,8,22,62.5,62.5,86.36,15.25,16.13,2.98,18.0,1.05,1.58,0.36,6.36
BOS,2023-09-03,0,1,7,2,8,100.0,100.0,75.0,0.0,18.5,5.2,5.0,8.25,6.15,13.5,13.75
BOS,2023-09-03,1,0,2,0,4,0.0,0.0,100.0,0.0,0.0,0.0,0.0,0.0,0.0,0.0,0.75
BOS,2023-09-03,2,0,0,0,0,0.0,0.0,0.0,0.0,0.0,0.0,0.0,0.0,0.0,0.0,0.0
BOS,2023-09-03,4,1,2,1,3,100.0,100.0,100.0,0.0,15.0,1.4,1.0,0.0,2.43,0.67,0.0
BOS,2023-09-03,5,11,9,11,10,81.82,81.82,80.0,3.82,15.27,2.42,4.45,0.0,5.23,0.0,23.5
BOS,2023-09-03,6,28,9,28,9,78.57,78.57,66.67,17.0,16.64,3.28,18.61,0.11,3.84,0.11,14.78
BOS,2023-09-03,7,43,6,43,6,88.37,88.37,83.33,5.4,16.7,3.28,6.53,0.0,5.05,3.0,13.33
BOS,2023-09-03,8,36,21,36,21,83.33,83.33,90.48,13.28,16.69,3.36,14.28,2.38,2.66,1.48,3.48
BOS,2023-09-03,9,29,28,30,27,86.67,86.67,92.59,8.43,14.33,1.63,8.53,2.63,1.79,3.26,3.26
BOS,2023-09-03,10,38,18,39,23,84.62,84.62,82.61,5.1,15.77,3.09,6.46,1.17,2.35,1.83,5.0
BOS,2023-09-03,11,17,25,19,26,94.74,94.74,88.46,2.95,14.05,1.92,3.47,2.69,2.36,1.12,6.0
BOS,2023-09-03,12,24,19,24,21,87.5,87.5,90.48,5.79,15.25,2.72,7.25,2.05,1.82,2.48,5.76
BOS,2023-09-03,13,28,30,30,30,93.33,93.33,93.33,1.9,14.47,2.02,2.87,4.03,2.02,1.5,4.47
BOS,2023-09-03,14,25,32,28,36,78.57,78.57,88.89,8.32,14.96,2.81,10.04,1.89,3.08,1.36,6.47
BOS,2023-09-03,15,21,38,20,38,90.0,85.0,92.11,5.7,16.45,3.12,7.05,3.26,1.76,1.37,2.42
BOS,2023-09-03,16,32,35,35,37,82.86,82.86,83.78,5.06,14.77,2.16,6.34,2.35,4.46,1.62,6.11
BOS,2023-09-03,17,45,33,44,35,84.09,79.55,97.14,11.95,21.25,7.51,16.73,2.26,3.4,1.74,1.49
BOS,2023-09-03,18,26,37,28,39,89.29,89.29,89.74,9.29,15.25,2.77,10.68,2.0,3.43,1.79,5.33
BOS,2023-09-03,19,31,27,32,28,84.38,84.38,71.43,5.41,15.53,2.93,6.59,2.54,2.79,3.14,13.21
BOS,2023-09-03,20,16,28,17,30,58.82,58.82,70.0,33.76,15.76,2.85,35.41,1.13,4.25,1.57,17.9
BOS,2023-09-03,21,10,14,10,15,100.0,80.0,66.67,3.5,16.1,3.1,6.0,0.87,3.03,6.2,21.73
BOS,2023-09-03,22,5,27,6,26,66.67,50.0,92.31,18.17,18.0,4.6,22.33,0.58,4.4,1.12,4.58
BOS,2023-09-03,23,8,24,8,24,87.5,87.5,75.0,3.38,15.38,2.29,4.38,0.33,4.35,2.5,51.71
BOS,2023-09-04,0,0,9,0,7,0.0,0.0,71.43,0.0,0.0,0.0,0.0,2.0,4.8,0.0,9.71
BOS,2023-09-04,1,1,2,1,2,100.0,100.0,100.0,0.0,17.0,3.6,4.0,0.0,3.7,0.0,0.0
BOS,2023-09-04,2,0,0,0,0,0.0,0.0,0.0,0.0,0.0,0.0,0.0,0.0,0.0,0.0,0.0
BOS,2023-09-04,3,0,0,0,0,0.0,0.0,0.0,0.0,0.0,0.0,0.0,0.0,0.0,0.0,0.0
BOS,2023-09-04,4,1,1,1,3,100.0,100.0,66.67,0.0,13.0,0.0,0.0,0.0,3.43,1.33,15.33
BOS,2023-09-04,5,12,10,12,7,100.0,100.0,85.71,0.83,12.58,0.76,0.5,0.0,2.81,0.0,14.29
BOS,2023-09-04,6,35,11,36,9,88.89,88.89,77.78,6.5,16.44,3.38,7.56,0.33,5.68,2.22,7.67
BOS,2023-09-04,7,49,15,48,12,93.75,89.58,100.0,12.27,16.85,3.83,13.92,0.75,2.98,0.0,0.0
BOS,2023-09-04,8,42,28,43,29,90.7,79.07,93.1,7.65,17.4,4.61,10.53,3.38,4.1,1.17,2.9
BOS,2023-09-04,9,30,33,32,29,84.38,84.38,93.1,10.0,13.31,1.46,10.13,2.14,3.83,1.86,2.28
BOS,2023-09-04,10,37,21,41,30,85.37,82.93,90.0,11.12,13.95,2.2,12.07,1.43,2.99,1.67,4.4
BOS,2023-09-04,11,25,28,28,29,89.29,89.29,93.1,3.36,12.57,1.39,4.07,2.03,4.26,1.34,4.62
BOS,2023-09-04,12,30,27,32,34,87.5,81.25,82.35,8.78,13.75,2.54,10.09,2.21,3.7,2.24,10.91
BOS,2023-09-04,13,28,36,31,38,90.32,87.1,86.84,6.87,15.23,3.3,9.35,3.71,3.96,2.97,4.71
BOS,2023-09-04,14,32,37,40,47,82.5,80.0,89.36,7.6,14.9,3.03,9.25,1.57,3.74,2.06,6.57
BOS,2023-09-04,15,24,44,30,47,90.0,90.0,89.36,3.8,15.73,2.96,5.8,1.91,5.39,1.04,14.66
BOS,2023-09-04,16,35,33,39,39,76.92,74.36,79.49,26.72,14.69,2.11,28.13,2.18,4.17,2.36,10.64
BOS,2023-09-04,17,45,31,49,33,85.71,81.63,84.85,11.88,18.12,5.19,14.98,1.09,6.48,2.61,5.76
BOS,2023-09-04,18,35,36,36,40,83.33,83.33,82.5,9.64,15.17,2.47,11.0,1.15,5.19,2.28,8.68
BOS,2023-09-04,19,31,33,34,34,64.71,61.76,73.53,19.18,17.29,3.94,21.62,3.47,5.64,3.91,17.56
BOS,2023-09-04,20,26,30,29,33,75.86,75.86,78.79,11.41,15.28,2.28,12.62,1.21,6.64,2.52,11.15
BOS,2023-09-04,21,13,20,15,19,60.0,53.33,84.21,23.13,15.8,3.27,25.8,1.63,4.51,1.53,10.21
BOS,2023-09-04,22,5,26,6,25,100.0,100.0,68.0,0.67,18.0,5.0,2.5,0.76,2.99,1.16,31.4
BOS,2023-09-04,23,8,31,9,33,77.78,66.67,84.85,4.22,19.67,6.3,7.89,2.85,1.67,3.09,12.36
BOS,2023-09-05,0,0,5,0,9,0.0,0.0,88.89,0.0,0.0,0.0,0.0,1.0,1.3,1.0,7.0
BOS,2023-09-05,1,1,0,1,2,100.0,100.0,50.0,0.0,21.0,7.6,0.0,0.0,0.2,0.0,9.0
BOS,2023-09-05,3,0,0,0,0,0.0,0.0,0.0,0.0,0.0,0.0,0.0,0.0,0.0,0.0,0.0
BOS,2023-09-05,4,1,1,1,2,100.0,100.0,50.0,0.0,13.0,0.0,0.0,1.5,12.75,21.0,14.0
BOS,2023-09-05,5,10,8,10,11,100.0,100.0,72.73,0.0,12.6,0.52,0.3,0.55,4.82,4.64,21.64
BOS,2023-09-05,6,42,9,43,13,88.37,88.37,69.23,9.4,16.44,3.47,10.86,2.31,6.55,4.46,16.15
BOS,2023-09-05,7,46,14,49,17,87.76,85.71,82.35,8.49,17.31,3.77,10.78,2.53,7.07,4.24,8.29
BOS,2023-09-05,8,41,28,42,34,90.48,83.33,82.35,8.12,17.1,4.39,10.64,2.82,5.91,4.24,24.18
BOS,2023-09-05,9,28,30,35,31,80.0,80.0,90.32,10.94,14.11,1.85,11.51,2.0,3.88,1.45,4.65
BOS,2023-09-05,10,31,26,31,29,90.32,90.32,89.66,13.97,12.81,1.09,14.23,1.72,3.56,3.24,2.52
BOS,2023-09-05,11,24,23,31,22,83.87,83.87,86.36,22.52,13.35,1.58,23.58,2.64,2.88,1.18,17.36
BOS,2023-09-05,12,34,31,30,32,73.33,70.0,75.0,19.9,13.67,2.0,21.7,4.0,2.16,3.56,8.22
BOS,2023-09-05,13,30,29,34,35,73.53,61.76,80.0,15.29,17.85,4.68,19.41,11.2,3.05,6.46,7.2
BOS,2023-09-05,14,24,34,29,43,93.1,89.66,83.72,3.0,13.72,1.69,3.86,4.4,6.03,4.49,12.86
BOS,2023-09-05,15,25,40,29,45,82.76,82.76,88.89,7.14,13.24,1.45,7.62,1.36,3.33,2.02,5.2
BOS,2023-09-05,16,30,35,34,38,85.29,73.53,81.58,9.59,17.44,4.77,13.79,2.66,6.95,3.26,8.5
BOS,2023-09-05,17,45,34,49,36,83.67,75.51,66.67,9.24,16.88,4.14,12.18,2.56,9.31,5.0,19.0
BOS,2023-09-05,18,35,32,36,36,75.0,69.44,77.78,14.44,16.69,4.16,17.33,0.72,5.84,3.86,15.83
BOS,2023-09-05,19,23,37,29,42,79.31,75.86,76.19,8.45,17.62,4.49,11.62,9.1,5.37,6.9,14.74
BOS,2023-09-05,20,23,25,25,25,84.0,80.0,68.0,12.08,14.04,1.61,12.76,0.88,5.95,4.04,28.6
BOS,2023-09-05,21,11,23,13,25,61.54,53.85,76.0,12.46,15.54,2.89,14.31,1.12,2.94,1.36,22.16
BOS,2023-09-05,22,4,23,11,23,90.91,63.64,91.3,5.09,18.27,5.35,9.91,2.83,2.39,4.96,6.3
BOS,2023-09-05,23,8,22,8,22,75.0,62.5,77.27,10.63,17.0,3.9,13.75,1.55,1.98,2.59,17.0
BOS,2023-09-06,0,1,8,1,5,100.0,100.0,100.0,0.0,13.0,0.0,0.0,0.4,0.54,0.4,0.8
BOS,2023-09-06,1,1,0,1,0,100.0,100.0,0.0,0.0,21.0,7.6,4.0,0.0,0.0,0.0,0.0
BOS,2023-09-06,2,0,0,0,0,0.0,0.0,0.0,0.0,0.0,0.0,0.0,0.0,0.0,0.0,0.0
BOS,2023-09-06,4,1,1,1,3,100.0,100.0,100.0,0.0,13.0,0.0,0.0,0.0,4.1,0.0,1.0
BOS,2023-09-06,5,9,9,11,8,90.91,90.91,87.5,7.0,11.64,0.62,7.09,0.5,4.16,2.88,7.63
BOS,2023-09-06,6,40,10,40,14,90.0,90.0,71.43,9.25,15.4,2.73,9.98,0.57,9.07,6.0,10.29
BOS,2023-09-06,7,41,15,40,13,95.0,95.0,84.62,3.23,16.13,3.06,4.08,1.23,5.05,1.62,21.85
BOS,2023-09-06,8,39,25,41,30,85.37,82.93,93.33,11.15,15.41,2.78,12.68,2.4,4.61,1.67,4.8
BOS,2023-09-06,9,28,28,33,29,90.91,87.88,82.76,3.39,14.88,3.12,5.21,4.34,2.99,2.0,17.62
BOS,2023-09-06,10,28,25,35,35,82.86,82.86,82.86,8.8,13.69,1.64,9.54,2.43,2.54,2.94,7.69
BOS,2023-09-06,11,25,26,25,25,76.0,76.0,80.0,9.28,13.36,1.1,10.04,1.6,4.03,5.24,8.32
BOS,2023-09-06,12,30,30,33,33,81.82,81.82,84.85,6.39,13.91,1.5,6.67,3.03,3.82,1.97,6.91
BOS,2023-09-06,13,28,32,31,35,77.42,77.42,77.14,8.45,15.52,3.19,11.0,2.43,4.91,2.46,13.74
BOS,2023-09-06,14,22,31,29,34,79.31,75.86,79.41,17.17,13.79,3.51,18.97,2.18,4.84,3.76,12.94
BOS,2023-09-06,15,28,36,31,40,80.65,80.65,77.5,12.87,14.71,1.85,14.03,4.03,3.23,3.63,15.38
BOS,2023-09-06,16,25,33,30,37,86.67,86.67,75.68,11.7,14.97,2.38,12.57,4.46,4.04,4.84,12.11
BOS,2023-09-06,17,45,40,53,46,77.36,67.92,65.22,12.34,18.7,5.97,17.34,3.89,4.64,4.7,17.93
BOS,2023-09-06,18,34,30,36,34,61.11,58.33,50.0,18.72,19.06,6.09,23.86,3.06,3.78,4.74,23.88
BOS,2023-09-06,19,27,36,27,37,51.85,44.44,48.65,20.59,17.11,4.04,23.89,4.3,3.81,7.19,18.38
BOS,2023-09-06,20,23,20,25,23,72.0,68.0,47.83,17.2,18.28,4.99,20.12,4.04,3.73,5.87,23.35
BOS,2023-09-06,21,12,29,12,31,75.0,75.0,77.42,11.92,16.08,3.12,14.17,3.23,1.93,3.61,9.26
BOS,2023-09-06,22,6,20,13,19,69.23,69.23,68.42,13.62,16.31,3.32,16.38,3.11,1.65,2.11,15.74
BOS,2023-09-06,23,7,21,7,22,71.43,71.43,90.91,7.86,17.14,3.97,10.0,3.55,1.83,2.09,7.18
BOS,2023-09-07,0,0,11,0,8,0.0,0.0,75.0,0.0,0.0,0.0,0.0,0.75,0.55,1.75,13.25
BOS,2023-09-07,1,1,1,1,1,0.0,0.0,100.0,16.0,18.0,4.6,21.0,0.0,0.0,0.0,6.0
BOS,2023-09-07,2,0,0,1,1,100.0,100.0,100.0,0.0,16.0,1.5,1.0,0.0,5.7,0.0,0.0
BOS,2023-09-07,3,0,0,1,1,0.0,0.0,0.0,44.0,12.0,0.0,42.0,0.0,2.8,5.0,117.0
BOS,2023-09-07,4,1,1,2,3,50.0,50.0,66.67,39.0,17.0,3.5,42.5,0.0,4.1,1.67,11.33
BOS,2023-09-07,5,12,11,14,11,92.86,85.71,81.82,4.43,17.07,3.89,6.86,0.18,6.88,3.18,7.27
BOS,2023-09-07,6,38,8,38,17,89.47,86.84,76.47,5.03,20.29,6.76,8.74,1.06,6.21,1.71,9.76
BOS,2023-09-07,7,45,15,44,16,93.18,86.36,68.75,2.16,20.75,7.13,6.0,13.94,5.69,6.5,10.63
BOS,2023-09-07,8,43,26,47,28,89.36,85.11,92.86,7.53,18.55,5.37,10.49,2.68,4.79,2.21,4.46
BOS,2023-09-07,9,27,30,30,31,90.0,93.33,90.32,21.93,16.3,4.08,24.27,4.39,1.78,1.0,2.87
BOS,2023-09-07,10,34,32,35,40,91.43,88.57,92.5,2.14,17.8,4.85,5.09,3.5,2.53,2.15,3.83
BOS,2023-09-07,11,27,26,34,26,82.35,79.41,96.15,7.26,17.5,4.4,10.68,4.23,3.56,2.62,3.31
BOS,2023-09-07,12,36,33,39,34,82.05,82.05,82.35,10.15,16.85,4.41,13.28,2.91,2.89,4.09,8.32
BOS,2023-09-07,13,25,34,26,44,84.62,73.08,79.55,16.19,18.62,6.14,21.5,2.3,5.73,3.34,10.48
BOS,2023-09-07,14,26,38,33,44,66.67,54.55,86.36,21.09,24.27,12.28,32.45,1.11,6.87,2.8,8.93
BOS,2023-09-07,15,32,33,38,36,63.16,36.84,88.89,50.74,31.58,18.98,67.89,2.0,5.7,2.75,20.11
BOS,2023-09-07,16,26,38,35,36,48.57,37.14,77.78,57.69,26.11,13.63,70.86,2.19,7.98,7.25,22.92
BOS,2023-09-07,17,51,40,50,37,54.0,36.0,75.68,55.92,28.04,15.28,70.42,5.51,6.99,9.76,13.41
BOS,2023-09-07,18,40,30,35,36,37.14,22.86,66.67,53.91,28.89,15.45,68.8,5.11,5.63,9.94,55.36
BOS,2023-09-07,19,27,35,31,38,48.39,38.71,26.32,72.03,22.71,9.29,81.06,5.74,5.47,9.53,77.21
BOS,2023-09-07,20,25,21,20,17,30.0,20.0,35.29,52.9,22.7,9.83,62.35,5.53,5.73,20.35,60.24
BOS,2023-09-07,21,14,28,13,26,46.15,23.08,30.77,45.38,35.31,21.96,67.23,10.0,2.6,15.0,88.65
BOS,2023-09-07,22,5,20,10,17,50.0,40.0,29.41,27.4,24.9,11.64,37.8,4.59,2.26,12.76,57.41
BOS,2023-09-07,23,7,25,6,24,66.67,50.0,45.83,26.83,25.0,11.55,35.33,5.29,3.24,7.46,23.88
BOS,2023-09-08,0,0,10,0,10,0.0,0.0,40.0,0.0,0.0,0.0,0.0,3.3,4.07,5.7,54.5
BOS,2023-09-08,1,0,1,0,2,0.0,0.0,50.0,0.0,0.0,0.0,0.0,4.0,1.8,6.5,19.5
BOS,2023-09-08,2,0,0,0,0,0.0,0.0,0.0,0.0,0.0,0.0,0.0,0.0,0.0,0.0,0.0
BOS,2023-09-08,3,0,0,1,0,0.0,0.0,0.0,95.0,14.0,0.4,95.0,0.0,0.0,0.0,0.0
BOS,2023-09-08,4,1,1,2,3,50.0,50.0,100.0,9.0,13.5,0.2,9.0,0.0,4.1,4.0,4.33
BOS,2023-09-08,5,12,10,13,11,92.31,84.62,54.55,3.31,16.62,3.45,4.92,0.0,3.15,1.27,34.18
BOS,2023-09-08,6,40,9,37,13,83.78,75.68,61.54,14.05,18.7,5.38,17.46,0.08,2.23,0.08,19.62
BOS,2023-09-08,7,45,16,44,16,75.0,65.91,75.0,14.55,19.95,6.55,19.09,2.88,2.91,2.94,8.75
BOS,2023-09-08,8,40,27,44,23,79.55,72.73,82.61,29.0,19.14,5.84,32.7,2.48,5.13,2.3,17.0
BOS,2023-09-08,9,29,31,32,30,68.75,65.63,73.33,26.53,17.0,4.27,30.16,3.63,2.17,3.53,13.97
BOS,2023-09-08,10,30,28,29,32,79.31,79.31,93.75,13.1,15.97,3.01,14.69,3.75,2.54,3.88,8.69
BOS,2023-09-08,11,26,29,25,31,76.0,76.0,90.32,18.76,15.88,2.87,20.84,4.39,2.4,2.94,6.74
BOS,2023-09-08,12,37,29,40,35,57.5,55.0,62.86,29.27,20.5,7.55,36.25,8.37,6.67,7.4,17.91
BOS,2023-09-08,13,23,32,26,37,69.23,65.38,64.86,17.27,19.12,6.47,23.38,6.65,4.38,9.76,36.41
BOS,2023-09-08,14,26,37,29,45,55.17,37.93,68.89,30.83,31.48,18.42,48.52,3.78,5.42,4.62,16.49
BOS,2023-09-08,15,29,37,30,35,40.0,16.67,57.14,68.07,35.0,21.6,88.17,13.86,3.11,10.77,49.89
BOS,2023-09-08,16,29,34,29,36,55.17,41.38,36.11,73.41,27.41,14.1,86.66,16.28,3.69,16.33,82.56
BOS,2023-09-08,17,45,40,41,38,31.71,26.83,36.84,98.95,29.56,16.06,114.83,66.55,6.91,69.63,103.42
BOS,2023-09-08,18,38,33,32,31,43.75,40.63,29.03,72.25,19.25,6.42,78.22,18.84,5.91,23.74,69.39
BOS,2023-09-08,19,31,34,21,28,42.86,38.1,21.43,71.43,18.05,5.05,76.33,14.86,5.35,19.04,120.25
BOS,2023-09-08,20,24,22,18,27,38.89,22.22,33.33,76.5,23.28,10.08,86.44,24.89,4.56,30.3,107.96
BOS,2023-09-08,21,14,30,13,29,53.85,53.85,10.34,87.62,17.77,4.88,92.0,13.03,4.63,17.38,132.48
BOS,2023-09-08,22,6,23,13,16,53.85,30.77,31.25,30.38,20.62,7.31,37.85,2.94,2.76,4.69,61.94
BOS,2023-09-08,23,7,24,8,24,50.0,25.0,37.5,37.75,25.0,11.87,47.63,3.38,2.9,6.96,104.5
BOS,2023-09-09,0,0,6,0,10,0.0,0.0,60.0,0.0,0.0,0.0,0.0,3.3,3.52,2.1,25.4
BOS,2023-09-09,1,1,1,1,2,100.0,100.0,0.0,0.0,26.0,12.6,5.0,0.0,0.4,3.0,72.0
BOS,2023-09-09,2,0,0,1,0,0.0,0.0,0.0,28.0,17.0,3.4,31.0,0.0,0.0,0.0,0.0
BOS,2023-09-09,3,0,0,0,0,0.0,0.0,0.0,0.0,0.0,0.0,0.0,0.0,0.0,0.0,0.0
BOS,2023-09-09,4,1,1,1,2,100.0,100.0,0.0,0.0,17.0,3.4,3.0,0.0,7.2,8.5,62.0
BOS,2023-09-09,5,14,8,13,8,84.62,84.62,62.5,6.69,15.38,2.52,8.31,3.38,3.6,7.38,122.25
BOS,2023-09-09,6,32,10,29,10,68.97,58.62,60.0,18.0,17.76,4.53,21.28,6.4,3.85,8.4,33.2
BOS,2023-09-09,7,42,11,42,10,71.43,69.05,60.0,27.52,18.02,4.61,30.19,20.4,2.82,2.0,28.1
BOS,2023-09-09,8,39,20,41,18,60.98,58.54,72.22,28.95,16.22,3.36,30.93,11.89,2.93,9.89,50.67
BOS,2023-09-09,9,25,22,29,25,68.97,65.52,92.0,30.45,15.28,3.01,32.93,2.12,1.5,0.88,6.84
BOS,2023-09-09,10,25,26,26,29,92.31,92.31,93.1,6.62,14.27,2.02,7.23,3.41,3.39,0.79,2.9
BOS,2023-09-09,11,22,24,22,21,72.73,72.73,80.95,18.73,14.95,2.18,20.5,1.95,1.34,1.24,9.43
BOS,2023-09-09,12,30,23,31,32,70.97,67.74,65.63,33.48,16.35,4.05,36.71,4.88,3.88,5.78,32.28
BOS,2023-09-09,13,22,28,24,28,62.5,58.33,78.57,35.63,15.88,3.81,38.67,3.32,6.8,5.46,31.93
BOS,2023-09-09,14,22,35,21,39,57.14,47.62,64.1,34.24,16.67,4.83,38.71,3.64,8.05,6.69,36.56
BOS,2023-09-09,15,26,37,33,27,42.42,42.42,40.74,69.85,17.42,5.49,74.94,8.37,19.19,22.0,59.37
BOS,2023-09-09,16,31,34,22,24,0.0,0.0,8.33,146.32,23.59,9.97,156.27,60.25,6.98,61.83,135.67
BOS,2023-09-09,17,37,33,25,23,40.0,36.0,26.09,72.72,18.56,5.17,78.08,37.48,5.72,47.35,105.61
BOS,2023-09-09,18,29,30,20,35,25.0,20.0,34.29,95.4,19.65,6.51,101.35,7.89,3.27,10.0,89.57
BOS,2023-09-09,19,21,26,19,23,47.37,47.37,52.17,59.0,19.84,6.82,65.37,3.57,4.91,5.57,53.0
BOS,2023-09-09,20,12,18,12,19,33.33,33.33,36.84,68.08,18.83,5.43,73.08,8.63,4.57,12.79,148.05
BOS,2023-09-09,21,9,21,8,20,75.0,75.0,20.0,24.0,16.13,2.65,26.38,2.1,4.12,5.2,95.2
BOS,2023-09-09,22,6,19,5,18,80.0,60.0,16.67,7.6,18.4,5.08,11.8,3.17,4.09,7.33,90.22
BOS,2023-09-09,23,7,19,7,14,42.86,42.86,50.0,33.71,20.29,7.31,40.71,6.14,1.08,3.93,28.64
BOS,2023-09-10,0,1,11,1,4,100.0,100.0,50.0,0.0,14.0,0.6,1.0,0.75,12.53,12.0,65.5
BOS,2023-09-10,1,0,1,0,2,0.0,0.0,50.0,0.0,0.0,0.0,0.0,1.5,4.3,3.5,30.5
BOS,2023-09-10,2,0,0,1,0,100.0,100.0,0.0,0.0,15.0,1.6,2.0,0.0,0.0,0.0,0.0
BOS,2023-09-10,3,0,0,1,1,0.0,0.0,0.0,17.0,16.0,2.4,19.0,3.0,2.8,6.0,18.0
BOS,2023-09-10,4,1,1,1,2,100.0,100.0,50.0,0.0,13.0,0.0,0.0,0.0,2.75,1.0,31.0
BOS,2023-09-10,5,12,11,12,8,83.33,83.33,62.5,5.25,14.75,1.93,6.17,0.13,2.54,0.75,50.38
BOS,2023-09-10,6,34,11,30,12,83.33,76.67,58.33,20.07,17.07,3.8,22.77,1.25,4.83,3.25,72.17
BOS,2023-09-10,7,40,10,34,8,61.76,61.76,62.5,47.79,16.71,3.31,49.97,2.0,3.74,0.63,51.25
BOS,2023-09-10,8,37,19,37,18,75.68,67.57,61.11,27.65,19.16,5.94,31.51,5.89,3.47,4.67,38.17
BOS,2023-09-10,9,25,30,25,28,76.0,72.0,71.43,26.64,13.76,2.14,27.96,4.0,3.32,5.14,33.61
BOS,2023-09-10,10,33,30,34,32,61.76,58.82,87.5,27.0,17.53,5.1,31.62,2.03,3.12,1.75,6.44
BOS,2023-09-10,11,28,26,35,25,68.57,62.86,80.0,25.54,16.54,4.4,29.23,12.96,3.72,13.44,20.68
BOS,2023-09-10,12,34,28,29,30,62.07,51.72,73.33,68.41,20.41,7.84,75.31,6.7,2.79,4.77,57.47
BOS,2023-09-10,13,28,38,26,35,57.69,30.77,65.71,31.23,29.12,16.66,47.62,8.46,4.71,10.37,80.46
BOS,2023-09-10,14,32,38,26,33,46.15,26.92,51.52,68.62,25.73,13.06,81.19,8.61,6.94,8.03,56.85
BOS,2023-09-10,15,31,34,25,33,32.0,12.0,39.39,89.72,25.52,12.52,101.92,7.64,3.87,12.15,69.15
BOS,2023-09-10,16,24,39,18,26,33.33,16.67,30.77,87.06,19.11,6.07,92.56,8.04,5.13,11.92,79.58
BOS,2023-09-10,17,51,39,32,28,37.5,34.38,42.86,75.84,16.44,3.55,79.13,4.93,5.75,6.29,64.43
BOS,2023-09-10,18,36,36,23,33,34.78,26.09,36.36,70.3,17.78,4.6,74.26,2.33,9.48,10.58,77.88
BOS,2023-09-10,19,38,30,31,24,35.48,25.81,29.17,92.35,15.32,2.43,94.32,2.5,7.22,6.38,77.38
BOS,2023-09-10,20,28,23,20,23,25.0,20.0,30.43,72.1,17.0,3.82,75.25,0.83,5.81,2.35,87.04
BOS,2023-09-10,21,13,25,12,16,25.0,16.67,25.0,72.08,18.17,5.62,76.75,0.88,6.21,3.56,150.06
BOS,2023-09-10,22,6,26,7,27,57.14,42.86,40.74,26.43,18.29,4.94,29.57,1.78,5.22,3.81,52.0
BOS,2023-09-10,23,6,29,7,22,57.14,42.86,40.91,30.14,17.0,4.19,32.57,2.73,4.76,2.45,112.23
BOS,2023-09-11,0,0,11,1,11,100.0,100.0,45.45,0.0,16.0,2.4,2.0,0.27,5.91,1.36,44.18
BOS,2023-09-11,1,1,0,1,1,100.0,0.0,100.0,0.0,29.0,15.6,16.0,0.0,6.8,0.0,5.0
BOS,2023-09-11,2,0,0,0,0,0.0,0.0,0.0,0.0,0.0,0.0,0.0,0.0,0.0,0.0,0.0
BOS,2023-09-11,3,0,0,0,0,0.0,0.0,0.0,0.0,0.0,0.0,0.0,0.0,0.0,0.0,0.0
BOS,2023-09-11,4,1,1,1,2,100.0,100.0,50.0,0.0,27.0,13.4,13.0,2.0,4.75,4.5,23.5
BOS,2023-09-11,5,12,9,12,10,91.67,91.67,60.0,2.75,14.92,2.24,3.92,0.4,8.62,2.1,63.2
BOS,2023-09-11,6,39,10,38,14,78.95,73.68,50.0,15.16,17.13,3.96,17.87,4.57,5.13,5.29,35.86
BOS,2023-09-11,7,45,17,44,13,56.82,45.45,61.54,39.43,17.09,3.93,42.32,13.85,5.95,1.62,23.85
BOS,2023-09-11,8,42,28,41,26,65.85,58.54,69.23,34.66,16.85,4.07,37.76,3.88,5.85,3.85,27.65
BOS,2023-09-11,9,29,30,29,30,79.31,79.31,66.67,15.93,15.83,3.66,18.1,6.2,4.5,4.33,22.53
BOS,2023-09-11,10,31,31,36,34,61.11,58.33,61.76,22.14,14.67,2.28,24.08,9.82,2.99,7.82,29.29
BOS,2023-09-11,11,30,28,29,30,44.83,44.83,86.67,33.72,15.1,2.57,35.21,4.5,4.74,3.83,4.83
BOS,2023-09-11,12,34,30,39,29,71.79,71.79,72.41,25.72,14.38,2.25,27.44,2.17,5.69,2.66,21.76
BOS,2023-09-11,13,25,36,27,33,74.07,66.67,60.61,26.52,15.93,4.0,29.78,6.15,4.72,7.18,34.64
BOS,2023-09-11,14,30,39,28,47,32.14,25.0,51.06,90.93,26.61,14.2,104.54,12.21,4.48,11.53,63.49
BOS,2023-09-11,15,31,37,31,33,54.84,41.94,30.3,46.61,26.0,13.17,59.48,15.73,4.47,18.12,125.73
BOS,2023-09-11,16,29,34,25,32,36.0,20.0,15.63,94.04,26.84,14.43,108.12,29.09,5.11,33.5,116.06
BOS,2023-09-11,17,47,42,45,40,44.44,37.78,27.5,105.2,21.04,8.3,113.09,16.6,5.21,19.1,97.83
BOS,2023-09-11,18,40,33,33,31,27.27,18.18,29.03,116.48,43.27,30.28,146.52,12.58,7.06,21.13,108.68
BOS,2023-09-11,19,32,31,25,26,20.0,16.0,19.23,117.72,30.92,17.54,134.96,9.35,6.33,20.31,96.19
BOS,2023-09-11,20,28,24,15,22,40.0,26.67,13.64,57.53,29.07,15.24,72.27,12.18,8.1,21.23,94.05
BOS,2023-09-11,21,15,29,10,18,30.0,20.0,11.11,91.4,22.8,9.88,101.1,6.33,11.23,10.22,144.44
BOS,2023-09-11,22,7,25,11,24,63.64,36.36,16.67,25.73,18.36,5.49,31.0,2.46,10.37,10.58,85.83
BOS,2023-09-11,23,6,29,5,24,0.0,0.0,20.83,79.4,16.2,2.84,82.4,1.21,7.21,3.63,68.04
BOS,2023-09-12,0,0,8,4,12,50.0,50.0,58.33,50.0,16.0,2.75,52.75,1.75,3.91,0.92,60.92
BOS,2023-09-12,1,1,0,1,0,100.0,100.0,0.0,0.0,25.0,11.6,12.0,0.0,0.0,0.0,0.0
BOS,2023-09-12,2,0,0,0,0,0.0,0.0,0.0,0.0,0.0,0.0,0.0,0.0,0.0,0.0,0.0
BOS,2023-09-12,3,0,0,0,0,0.0,0.0,0.0,0.0,0.0,0.0,0.0,0.0,0.0,0.0,0.0
BOS,2023-09-12,4,1,1,1,3,100.0,100.0,33.33,0.0,18.0,4.4,4.0,0.0,3.43,0.67,56.33
BOS,2023-09-12,5,11,9,12,12,83.33,83.33,58.33,17.17,13.83,1.76,17.67,0.25,5.54,1.67,122.33
BOS,2023-09-12,6,40,8,40,13,75.0,65.0,53.85,18.68,18.02,5.04,22.2,0.69,6.53,2.08,32.08
BOS,2023-09-12,7,41,16,40,17,72.5,67.5,64.71,25.5,17.85,4.64,28.77,2.12,5.01,4.0,17.53
BOS,2023-09-12,8,40,27,45,28,68.89,66.67,82.14,24.8,15.62,3.24,27.13,3.43,4.77,2.04,6.39
BOS,2023-09-12,9,25,28,29,26,68.97,62.07,80.77,21.07,16.07,3.06,23.07,5.58,5.58,3.27,8.27
BOS,2023-09-12,10,30,25,33,27,72.73,69.7,81.48,17.73,15.52,2.87,19.73,1.93,4.31,3.74,13.67
BOS,2023-09-12,11,24,26,27,32,96.3,96.3,65.63,18.74,13.85,2.02,19.74,3.78,6.76,4.41,26.06
BOS,2023-09-12,12,33,30,36,32,75.0,75.0,78.13,10.75,14.25,1.89,11.89,4.28,3.6,3.06,11.94
BOS,2023-09-12,13,26,34,27,39,70.37,59.26,84.62,22.63,16.96,4.39,25.85,8.08,3.34,2.62,15.77
BOS,2023-09-12,14,26,37,29,44,65.52,68.97,75.0,30.17,13.86,2.04,31.31,3.3,5.06,2.59,12.5
BOS,2023-09-12,15,31,36,39,35,69.23,69.23,60.0,16.21,14.69,2.04,17.67,2.91,3.98,4.57,20.4
BOS,2023-09-12,16,26,33,29,35,75.86,75.86,60.0,15.07,14.17,1.48,16.1,2.34,4.51,4.31,27.06
BOS,2023-09-12,17,45,40,54,41,51.85,50.0,60.98,28.8,17.61,4.9,33.43,10.46,4.5,12.78,39.15
BOS,2023-09-12,18,39,32,41,36,65.85,53.66,50.0,19.93,18.83,5.79,24.68,1.22,4.31,3.08,28.75
BOS,2023-09-12,19,28,33,32,38,50.0,46.88,39.47,35.5,17.78,4.66,39.28,2.29,5.02,4.89,40.53
BOS,2023-09-12,20,24,20,25,23,48.0,48.0,34.78,29.4,14.96,2.13,30.36,2.43,4.68,7.04,61.13
BOS,2023-09-12,21,13,27,16,29,31.25,37.5,58.62,47.56,14.38,1.72,48.75,1.52,5.95,2.38,18.28
BOS,2023-09-12,22,5,23,11,21,90.91,81.82,90.48,8.27,16.55,4.27,10.45,1.48,3.97,1.62,22.33
BOS,2023-09-12,23,6,25,5,26,60.0,60.0,76.92,9.4,16.0,2.54,12.2,0.85,3.04,0.96,14.88
BOS,2023-09-13,0,1,8,2,9,100.0,100.0,55.56,0.0,16.0,2.7,2.5,1.44,2.76,0.0,29.78
BOS,2023-09-13,1,1,0,1,1,100.0,100.0,0.0,0.0,21.0,7.6,0.0,7.0,3.7,36.0,77.0
BOS,2023-09-13,2,0,0,0,0,0.0,0.0,0.0,0.0,0.0,0.0,0.0,0.0,0.0,0.0,0.0
BOS,2023-09-13,3,0,0,0,0,0.0,0.0,0.0,0.0,0.0,0.0,0.0,0.0,0.0,0.0,0.0
BOS,2023-09-13,4,1,1,1,3,100.0,100.0,66.67,0.0,13.0,0.0,0.0,2.33,2.43,4.67,14.67
BOS,2023-09-13,5,11,9,13,10,76.92,69.23,80.0,8.62,17.23,4.49,12.23,1.3,1.43,2.3,5.9
BOS,2023-09-13,6,41,11,41,13,85.37,70.73,76.92,6.37,22.61,9.16,12.34,0.46,6.28,1.54,7.85
BOS,2023-09-13,7,41,16,40,13,85.0,55.0,69.23,10.08,27.45,13.94,21.25,4.46,9.13,6.62,28.92
BOS,2023-09-13,8,41,26,45,30,71.11,64.44,73.33,27.18,22.47,9.23,33.73,5.0,6.18,4.43,19.17
BOS,2023-09-13,9,26,30,32,33,71.88,59.38,69.7,19.19,18.03,5.29,23.06,7.76,3.05,4.79,11.85
BOS,2023-09-13,10,28,27,29,33,79.31,72.41,81.82,9.28,17.72,4.69,13.03,5.55,1.92,4.61,5.39
BOS,2023-09-13,11,26,26,29,29,75.86,72.41,82.76,27.79,19.14,5.86,32.62,8.86,2.98,4.83,9.55
BOS,2023-09-13,12,31,30,32,31,65.63,53.13,70.97,42.44,20.41,7.67,49.09,10.68,3.35,8.94,38.45
BOS,2023-09-13,13,28,34,32,36,53.13,34.38,50.0,32.81,18.69,5.75,38.13,14.58,2.26,10.81,39.78
BOS,2023-09-13,14,27,34,27,33,59.26,51.85,48.48,34.67,17.96,4.96,38.37,8.67,3.36,6.39,34.88
BOS,2023-09-13,15,30,37,34,43,44.12,38.24,51.16,45.18,20.09,6.99,51.62,10.21,4.05,10.47,55.56
BOS,2023-09-13,16,26,35,29,42,48.28,48.28,30.95,56.0,17.62,4.94,60.72,10.48,4.9,13.57,64.88
BOS,2023-09-13,17,46,40,52,38,46.15,44.23,26.32,43.63,21.27,7.91,51.33,9.05,3.36,14.24,85.39
BOS,2023-09-13,18,37,33,33,38,36.36,30.3,10.53,73.82,21.42,8.22,81.58,11.16,2.97,10.95,100.63
BOS,2023-09-13,19,28,30,27,30,18.52,11.11,16.67,115.67,20.7,7.06,122.74,10.27,5.13,11.73,80.1
BOS,2023-09-13,20,24,21,24,24,29.17,20.83,25.0,62.33,17.67,4.41,66.58,9.75,3.63,6.08,70.0
BOS,2023-09-13,21,14,29,15,29,26.67,20.0,17.24,43.73,18.2,4.84,48.8,9.62,5.13,9.83,56.1
BOS,2023-09-13,22,6,22,12,22,58.33,41.67,27.27,25.17,19.25,5.95,31.08,7.73,5.78,12.77,60.09
BOS,2023-09-13,23,6,25,6,26,66.67,50.0,73.08,22.33,19.33,5.98,26.0,3.62,2.03,1.27,18.08
BOS,2023-09-14,0,0,12,1,10,0.0,0.0,80.0,41.0,17.0,3.4,44.0,1.2,1.96,1.0,15.1
BOS,2023-09-14,1,1,1,2,2,100.0,100.0,50.0,0.0,13.5,0.3,0.5,0.0,2.3,0.5,41.0
BOS,2023-09-14,2,0,0,1,0,100.0,100.0,0.0,0.0,13.0,0.0,0.0,0.0,0.0,0.0,0.0
BOS,2023-09-14,3,0,0,0,1,0.0,0.0,100.0,0.0,0.0,0.0,0.0,19.0,3.8,0.0,0.0
BOS,2023-09-14,4,1,1,2,4,50.0,50.0,50.0,7.5,14.0,0.7,8.0,0.0,3.78,0.5,229.25
BOS,2023-09-14,5,12,11,15,11,93.33,93.33,63.64,1.33,12.53,0.65,1.33,3.27,6.49,6.64,33.91
BOS,2023-09-14,6,39,10,40,15,90.0,85.0,73.33,7.28,17.5,4.23,9.9,1.33,4.09,2.2,34.33
BOS,2023-09-14,7,44,15,44,16,81.82,79.55,68.75,9.07,16.41,3.3,11.02,2.31,6.34,0.0,17.88
BOS,2023-09-14,8,42,26,44,27,77.27,72.73,77.78,13.45,17.5,5.0,17.34,4.59,5.01,3.41,9.37
BOS,2023-09-14,9,27,29,30,31,86.67,83.33,93.55,5.33,15.57,3.65,8.03,4.84,3.15,1.58,3.23
BOS,2023-09-14,10,33,32,34,38,82.35,79.41,84.21,10.74,17.41,4.29,13.82,4.21,4.5,3.47,9.45
BOS,2023-09-14,11,29,27,39,31,76.92,69.23,77.42,15.54,15.49,3.01,18.0,4.39,4.17,3.32,13.35
BOS,2023-09-14,12,35,34,41,39,78.05,78.05,79.49,10.51,15.73,3.37,13.02,2.0,3.73,3.1,13.59
BOS,2023-09-14,13,27,36,36,44,69.44,61.11,75.0,15.0,17.28,4.51,18.89,5.32,5.25,2.32,9.77
BOS,2023-09-14,14,30,39,36,44,80.56,72.22,79.55,9.92,17.03,4.19,12.89,2.57,4.94,2.48,12.3
BOS,2023-09-14,15,34,35,38,39,81.58,71.05,82.05,8.45,19.11,5.67,13.21,3.74,5.53,4.31,18.59
BOS,2023-09-14,16,26,39,32,44,71.88,65.63,77.27,12.66,18.44,5.17,17.0,6.68,4.86,6.11,11.34
BOS,2023-09-14,17,51,41,59,43,76.27,42.37,67.44,14.37,25.69,12.55,26.1,6.51,5.3,5.14,20.07
BOS,2023-09-14,18,42,33,50,39,78.0,24.0,71.79,14.6,31.22,17.76,31.34,4.74,6.55,5.54,12.05
BOS,2023-09-14,19,31,32,32,36,62.5,46.88,63.89,22.63,24.94,11.2,32.34,4.75,4.54,2.5,17.83
BOS,2023-09-14,20,26,20,28,24,75.0,64.29,75.0,16.39,19.96,6.75,21.07,3.46,6.11,4.0,11.79
BOS,2023-09-14,21,15,27,19,30,78.95,78.95,60.0,11.0,17.42,4.55,14.32,3.3,4.29,2.03,25.13
BOS,2023-09-14,22,5,23,12,24,75.0,75.0,62.5,4.33,16.08,3.68,8.0,2.96,4.96,7.71,31.63
BOS,2023-09-14,23,6,29,8,29,37.5,25.0,65.52,26.63,17.5,3.95,30.63,2.79,4.79,2.79,23.62
BOS,2023-09-15,0,0,11,0,12,0.0,0.0,75.0,0.0,0.0,0.0,0.0,2.25,2.72,0.33,26.5
BOS,2023-09-15,1,0,1,0,1,0.0,0.0,100.0,0.0,0.0,0.0,0.0,0.0,3.8,0.0,3.0
BOS,2023-09-15,2,0,0,0,0,0.0,0.0,0.0,0.0,0.0,0.0,0.0,0.0,0.0,0.0,0.0
BOS,2023-09-15,4,1,1,1,3,0.0,0.0,100.0,43.0,14.0,0.4,43.0,0.33,3.1,0.67,1.0
BOS,2023-09-15,5,12,10,13,11,84.62,84.62,72.73,3.31,14.46,1.94,4.0,0.55,5.22,5.0,12.45
BOS,2023-09-15,6,40,11,41,13,90.24,87.8,92.31,3.07,15.54,2.5,4.56,1.85,6.62,2.08,4.46
BOS,2023-09-15,7,44,16,47,13,80.85,80.85,100.0,20.79,16.89,3.86,23.51,2.15,4.05,3.0,1.77
BOS,2023-09-15,8,41,27,41,26,87.8,82.93,84.62,6.37,18.41,5.64,9.8,6.58,3.36,4.23,8.27
BOS,2023-09-15,9,29,31,27,34,88.89,88.89,88.24,2.93,13.11,1.33,3.59,6.18,3.29,3.44,6.09
BOS,2023-09-15,10,30,28,37,32,81.08,81.08,81.25,10.73,13.32,0.84,10.97,6.13,2.67,4.78,10.0
BOS,2023-09-15,11,26,30,27,27,77.78,74.07,81.48,14.37,16.81,3.99,18.04,10.41,3.45,6.19,13.48
BOS,2023-09-15,12,38,30,40,38,62.5,55.0,84.21,25.43,14.88,2.71,27.38,3.53,3.35,3.87,8.29
BOS,2023-09-15,13,23,35,28,34,85.71,67.86,79.41,4.46,17.61,5.19,8.32,4.24,3.96,1.97,8.88
BOS,2023-09-15,14,31,39,34,42,73.53,70.59,78.57,13.32,15.74,3.26,16.15,4.69,4.02,6.1,15.6
BOS,2023-09-15,15,31,37,34,33,82.35,79.41,69.7,19.76,16.03,3.13,21.85,2.36,4.44,2.39,18.39
BOS,2023-09-15,16,28,36,28,38,75.0,60.71,73.68,13.86,15.71,2.86,16.57,5.11,7.75,6.24,14.47
BOS,2023-09-15,17,48,41,48,43,70.83,56.25,81.4,15.15,18.79,5.98,20.15,4.02,6.07,4.72,10.42
BOS,2023-09-15,18,38,36,39,34,71.79,56.41,70.59,17.08,20.64,7.62,23.08,3.24,5.63,2.65,24.41
BOS,2023-09-15,19,34,30,33,33,63.64,57.58,63.64,32.88,18.06,4.56,36.06,5.88,6.55,9.24,26.27
BOS,2023-09-15,20,28,22,29,23,55.17,51.72,65.22,37.48,15.62,2.66,39.55,4.96,5.63,6.0,14.7
BOS,2023-09-15,21,16,29,17,30,64.71,64.71,66.67,32.06,15.88,3.58,34.41,5.77,4.56,5.93,14.77
BOS,2023-09-15,22,6,26,12,28,58.33,58.33,57.14,14.5,18.67,5.68,19.42,5.89,5.5,5.36,15.93
BOS,2023-09-15,23,6,28,8,27,37.5,25.0,59.26,30.13,18.75,5.34,35.63,2.89,5.64,5.63,33.0
BOS,2023-09-16,0,0,6,0,11,0.0,0.0,54.55,0.0,0.0,0.0,0.0,2.82,1.84,1.91,20.82
BOS,2023-09-16,1,1,1,1,1,100.0,100.0,100.0,0.0,16.0,2.6,0.0,0.0,2.8,0.0,0.0
BOS,2023-09-16,2,0,0,0,1,0.0,0.0,0.0,0.0,0.0,0.0,0.0,2.0,2.8,6.0,43.0
BOS,2023-09-16,3,0,0,0,0,0.0,0.0,0.0,0.0,0.0,0.0,0.0,0.0,0.0,0.0,0.0
BOS,2023-09-16,4,1,1,1,1,100.0,100.0,0.0,0.0,24.0,10.4,10.0,0.0,0.0,0.0,132.0
BOS,2023-09-16,5,14,8,14,10,92.86,92.86,70.0,6.36,13.29,1.29,6.5,1.2,4.32,8.1,34.8
BOS,2023-09-16,6,32,10,27,13,92.59,81.48,84.62,4.33,19.07,5.76,8.48,1.08,5.23,2.23,12.23
BOS,2023-09-16,7,42,11,32,10,90.63,84.38,80.0,7.5,21.59,7.64,12.59,36.9,5.46,24.6,31.0
BOS,2023-09-16,8,39,20,34,13,91.18,85.29,76.92,6.06,20.15,6.66,9.56,5.0,3.57,4.31,12.08
BOS,2023-09-16,9,26,22,17,11,94.12,82.35,90.91,1.71,21.65,8.52,6.47,17.18,3.17,12.18,11.0
BOS,2023-09-16,10,24,26,14,21,85.71,85.71,85.71,13.29,15.36,1.83,14.07,8.43,2.19,5.1,11.14
BOS,2023-09-16,11,23,23,13,13,100.0,100.0,84.62,0.0,17.31,3.75,0.92,6.85,1.57,5.46,7.46
BOS,2023-09-16,12,29,23,16,13,100.0,100.0,84.62,2.38,13.56,1.17,2.13,3.15,2.35,1.92,6.54
BOS,2023-09-16,13,23,28,14,14,85.71,85.71,85.71,12.71,16.93,3.62,14.36,4.21,2.92,2.57,10.64
BOS,2023-09-16,14,22,34,8,27,75.0,75.0,74.07,9.75,15.25,2.42,10.63,3.93,2.25,4.33,23.26
BOS,2023-09-16,15,26,37,20,27,95.0,90.0,70.37,3.6,17.45,3.92,5.75,6.59,1.82,7.04,15.37
BOS,2023-09-16,16,31,34,31,28,77.42,70.97,75.0,6.81,20.1,6.66,11.81,7.5,2.14,1.54,9.93
BOS,2023-09-16,17,37,34,32,28,75.0,65.63,71.43,11.56,21.19,7.77,17.88,6.96,4.12,4.5,18.89
BOS,2023-09-16,18,30,31,26,31,92.31,80.77,70.97,5.96,22.81,9.25,11.73,6.03,2.95,3.03,10.68
BOS,2023-09-16,19,22,28,21,30,80.95,66.67,73.33,13.19,19.29,5.42,17.1,5.6,3.2,6.27,19.0
BOS,2023-09-16,20,12,17,14,15,85.71,78.57,93.33,5.0,17.07,3.64,7.79,5.13,1.86,1.13,3.6
BOS,2023-09-16,21,9,19,9,16,66.67,55.56,87.5,20.0,18.56,5.03,23.33,3.69,1.84,2.63,7.06
BOS,2023-09-16,22,6,19,7,19,71.43,71.43,73.68,16.43,18.57,5.14,20.0,2.47,2.13,1.84,7.63
BOS,2023-09-16,23,6,20,6,20,83.33,83.33,80.0,4.83,16.0,2.62,5.5,2.25,1.25,1.8,14.5
BOS,2023-09-17,0,1,11,1,7,100.0,100.0,71.43,0.0,13.0,0.0,0.0,0.86,0.91,0.0,12.71
BOS,2023-09-17,1,0,1,0,1,0.0,0.0,100.0,0.0,0.0,0.0,0.0,0.0,2.8,0.0,0.0
BOS,2023-09-17,2,0,0,0,1,0.0,0.0,100.0,0.0,0.0,0.0,0.0,0.0,1.7,6.0,0.0
BOS,2023-09-17,4,1,1,1,2,100.0,100.0,100.0,0.0,13.0,0.0,0.0,0.0,5.25,2.0,0.0
BOS,2023-09-17,5,12,10,12,8,66.67,66.67,62.5,36.92,16.0,2.88,38.58,0.0,4.69,4.5,11.5
BOS,2023-09-17,6,34,11,35,11,88.57,82.86,81.82,4.31,17.37,4.27,7.29,0.91,3.65,2.64,4.45
BOS,2023-09-17,7,40,10,41,11,90.24,82.93,81.82,6.83,17.95,4.54,9.54,1.27,2.04,3.64,5.91
BOS,2023-09-17,8,38,18,41,21,82.93,80.49,76.19,24.0,17.39,4.43,26.56,3.05,2.21,3.71,22.24
BOS,2023-09-17,9,25,29,30,29,73.33,76.67,96.55,23.1,15.47,3.07,24.63,2.1,1.87,0.69,2.17
BOS,2023-09-17,10,31,29,37,36,81.08,81.08,83.33,13.73,17.05,4.28,16.24,4.75,2.38,3.03,10.31
BOS,2023-09-17,11,30,27,36,30,80.56,75.0,93.33,22.56,15.25,2.63,24.17,4.43,2.0,2.03,13.4
BOS,2023-09-17,12,32,28,35,34,74.29,71.43,91.18,13.66,15.83,3.3,16.2,5.5,3.53,2.24,2.79
BOS,2023-09-17,13,29,38,30,40,90.0,73.33,92.5,9.7,22.37,9.11,17.47,5.45,3.8,1.65,8.98
BOS,2023-09-17,14,31,39,36,47,77.78,77.78,68.09,12.08,17.58,4.95,15.94,5.11,3.67,1.79,22.09
BOS,2023-09-17,15,32,34,34,35,73.53,61.76,80.0,46.82,19.74,6.11,51.56,2.51,3.89,1.14,9.69
BOS,2023-09-17,16,24,39,30,45,66.67,60.0,86.67,33.47,20.27,7.31,40.03,3.2,4.22,1.64,5.67
BOS,2023-09-17,17,52,41,55,42,74.55,63.64,83.33,13.18,22.38,8.99,20.78,2.0,7.34,2.67,19.86
BOS,2023-09-17,18,37,35,38,39,73.68,57.89,76.92,21.47,23.87,10.41,30.29,2.15,5.0,3.21,18.9
BOS,2023-09-17,19,38,32,40,37,62.5,57.5,78.38,29.75,18.25,4.9,33.3,3.7,4.23,1.51,14.41
BOS,2023-09-17,20,27,24,27,26,77.78,77.78,53.85,16.89,17.19,3.84,18.41,3.58,4.09,4.65,29.23
BOS,2023-09-17,21,13,24,13,25,61.54,53.85,72.0,38.15,17.23,4.21,41.92,2.44,1.73,0.2,37.04
BOS,2023-09-17,22,8,26,9,27,88.89,66.67,62.96,7.11,20.44,6.9,12.56,2.3,2.37,4.19,25.33
BOS,2023-09-17,23,6,32,7,33,57.14,42.86,81.82,12.57,19.14,5.51,17.57,6.48,1.33,1.0,11.55
BOS,2023-09-18,0,0,11,0,11,0.0,0.0,81.82,0.0,0.0,0.0,0.0,3.91,2.44,0.45,25.09
BOS,2023-09-18,1,1,0,1,2,0.0,0.0,100.0,72.0,19.0,5.6,78.0,0.0,1.8,0.0,2.5
BOS,2023-09-18,2,0,0,0,0,0.0,0.0,0.0,0.0,0.0,0.0,0.0,0.0,0.0,0.0,0.0
BOS,2023-09-18,3,0,0,0,0,0.0,0.0,0.0,0.0,0.0,0.0,0.0,0.0,0.0,0.0,0.0
BOS,2023-09-18,4,1,1,3,2,33.33,33.33,100.0,26.0,15.67,2.4,28.67,0.0,2.25,0.0,5.0
BOS,2023-09-18,5,12,9,14,11,92.86,85.71,81.82,6.0,17.14,4.04,8.21,0.18,5.11,9.73,24.91
BOS,2023-09-18,6,39,10,41,12,95.12,87.8,91.67,1.22,21.24,7.71,5.9,0.5,4.68,2.67,2.75
BOS,2023-09-18,7,47,16,47,15,85.11,63.83,86.67,6.34,27.68,14.05,17.77,4.13,4.57,2.47,8.0
BOS,2023-09-18,8,44,27,46,29,91.3,58.7,89.66,5.37,27.2,13.77,16.5,4.14,3.98,0.79,4.28
BOS,2023-09-18,9,28,30,29,34,86.21,82.76,82.35,16.76,18.72,5.79,21.48,5.94,3.21,3.18,8.15
BOS,2023-09-18,10,30,32,35,35,82.86,74.29,85.71,8.03,19.6,6.43,12.77,5.97,2.25,3.91,5.89
BOS,2023-09-18,11,31,27,35,28,65.71,65.71,85.71,12.26,15.23,2.49,13.66,5.75,4.26,4.57,7.0
BOS,2023-09-18,12,33,31,32,34,87.5,87.5,85.29,7.22,14.5,2.08,8.25,5.0,4.1,4.24,5.59
BOS,2023-09-18,13,27,37,31,38,80.65,77.42,65.79,7.9,17.84,4.97,11.03,4.18,3.86,2.95,20.32
BOS,2023-09-18,14,29,39,28,48,75.0,71.43,81.25,12.79,16.75,4.55,16.04,7.31,3.72,4.06,13.27
BOS,2023-09-18,15,33,35,44,35,77.27,79.55,74.29,15.36,16.73,3.72,18.39,4.94,4.97,6.14,11.2
BOS,2023-09-18,16,27,34,28,39,75.0,71.43,74.36,10.86,18.86,5.82,15.39,3.54,3.69,3.9,13.13
BOS,2023-09-18,17,48,43,52,41,73.08,51.92,56.1,10.69,21.69,8.52,18.42,5.12,5.77,6.27,23.44
BOS,2023-09-18,18,41,32,40,35,57.5,37.5,71.43,29.38,23.83,10.71,38.5,10.37,5.38,9.83,18.31
BOS,2023-09-18,19,32,33,34,36,50.0,50.0,47.22,31.26,19.09,5.52,35.91,9.92,5.45,13.39,39.81
BOS,2023-09-18,20,28,24,31,25,61.29,51.61,52.0,27.42,15.65,2.6,29.35,4.92,7.16,6.4,25.32
BOS,2023-09-18,21,15,28,14,32,42.86,42.86,59.38,24.79,18.71,5.74,29.79,2.66,6.08,6.75,15.34
BOS,2023-09-18,22,9,25,17,27,64.71,64.71,55.56,14.47,19.0,5.84,19.59,3.74,4.83,6.3,24.07
BOS,2023-09-18,23,6,32,5,33,100.0,80.0,75.76,3.8,19.4,6.02,8.2,5.36,3.61,4.15,14.42
BOS,2023-09-19,0,0,8,1,11,100.0,100.0,63.64,0.0,13.0,0.0,0.0,5.64,1.11,0.91,21.0
BOS,2023-09-19,1,1,0,2,0,50.0,0.0,0.0,20.5,18.0,4.6,25.5,0.0,0.0,0.0,0.0
BOS,2023-09-19,2,0,0,0,0,0.0,0.0,0.0,0.0,0.0,0.0,0.0,0.0,0.0,0.0,0.0
BOS,2023-09-19,4,1,1,2,3,100.0,50.0,100.0,0.0,20.5,7.3,7.5,3.0,7.43,3.67,0.0
BOS,2023-09-19,5,11,9,13,11,92.31,92.31,81.82,2.15,16.92,3.85,3.77,0.18,6.41,5.18,21.91
BOS,2023-09-19,6,40,8,42,15,90.48,88.1,73.33,11.38,21.88,8.31,15.55,0.87,12.76,5.93,8.2
BOS,2023-09-19,7,43,16,44,16,88.64,81.82,75.0,9.27,19.05,5.57,12.34,3.63,5.66,3.19,11.25
BOS,2023-09-19,8,41,26,44,29,79.55,77.27,86.21,15.07,19.7,6.43,18.93,3.31,5.27,2.45,6.83
BOS,2023-09-19,9,24,28,27,29,85.19,85.19,75.86,15.19,15.11,2.87,16.3,4.93,2.33,1.1,15.79
BOS,2023-09-19,10,28,26,33,32,90.91,90.91,90.63,6.36,16.24,3.26,7.88,2.91,2.93,3.34,5.16
BOS,2023-09-19,11,26,25,31,25,80.65,77.42,96.0,8.52,15.48,2.48,10.29,7.64,1.89,1.44,1.44
BOS,2023-09-19,12,31,30,34,32,82.35,79.41,78.13,11.56,18.62,5.47,15.29,5.94,3.51,3.41,10.25
BOS,2023-09-19,13,28,36,28,40,85.71,75.0,75.0,6.93,17.25,4.0,10.21,3.55,3.96,2.9,19.02
BOS,2023-09-19,14,25,37,29,37,75.86,75.86,83.78,9.0,14.97,2.64,10.17,15.49,3.61,11.32,14.0
BOS,2023-09-19,15,34,35,34,37,91.18,82.35,81.08,3.91,21.24,7.89,8.79,3.41,2.51,4.03,13.03
BOS,2023-09-19,16,25,33,34,36,85.29,73.53,91.67,12.76,18.21,5.47,17.56,3.86,2.57,0.36,5.08
BOS,2023-09-19,17,45,43,43,43,86.05,60.47,79.07,12.16,24.67,11.19,20.91,3.56,4.38,2.0,17.84
BOS,2023-09-19,18,41,31,47,36,76.6,68.09,88.89,16.0,20.62,7.29,21.45,4.03,3.42,1.89,9.53
BOS,2023-09-19,19,28,35,27,39,66.67,55.56,89.74,15.56,19.41,5.68,19.04,6.31,3.76,2.1,8.0
BOS,2023-09-19,20,25,20,26,24,80.77,76.92,87.5,9.04,17.27,4.16,11.08,2.63,2.62,2.0,5.58
BOS,2023-09-19,21,12,26,13,27,69.23,61.54,74.07,19.62,20.15,7.31,25.85,1.85,3.18,2.15,18.85
BOS,2023-09-19,22,7,23,14,24,92.86,85.71,95.83,5.5,20.64,7.24,9.36,3.25,1.63,3.04,5.54
BOS,2023-09-19,23,6,28,6,28,83.33,66.67,57.14,5.83,26.0,12.52,14.33,2.14,1.8,3.64,27.18
BOS,2023-09-20,0,1,8,1,7,100.0,100.0,57.14,0.0,15.0,1.6,2.0,2.71,2.59,5.29,142.86
BOS,2023-09-20,1,1,0,1,0,100.0,100.0,0.0,4.0,18.0,4.6,9.0,0.0,0.0,0.0,0.0
BOS,2023-09-20,2,0,0,0,0,0.0,0.0,0.0,0.0,0.0,0.0,0.0,0.0,0.0,0.0,0.0
BOS,2023-09-20,4,1,1,1,3,100.0,100.0,66.67,0.0,13.0,0.0,0.0,0.0,4.43,0.0,16.67
BOS,2023-09-20,5,11,9,13,11,100.0,84.62,72.73,0.77,18.0,4.92,2.85,0.91,2.55,1.27,10.82
BOS,2023-09-20,6,41,11,41,12,97.56,97.56,100.0,0.88,19.54,6.08,2.88,0.0,2.68,0.08,0.75
BOS,2023-09-20,7,42,16,44,16,95.45,90.91,75.0,6.27,17.64,4.39,8.18,2.81,3.18,1.13,9.94
BOS,2023-09-20,8,41,26,45,29,88.89,88.89,86.21,15.31,17.09,4.0,16.91,3.41,3.51,2.41,4.24
BOS,2023-09-20,9,25,30,27,32,92.59,92.59,96.88,2.26,15.0,2.68,3.19,3.06,1.88,0.34,2.28
BOS,2023-09-20,10,27,27,29,29,93.1,93.1,93.1,1.9,15.69,2.89,2.41,4.45,2.15,1.28,1.79
BOS,2023-09-20,11,27,25,28,28,96.43,92.86,85.71,0.93,16.39,3.48,3.11,4.07,2.49,3.11,4.68
BOS,2023-09-20,12,30,30,34,33,88.24,79.41,78.79,13.74,15.24,2.52,15.35,3.48,1.79,3.21,9.97
BOS,2023-09-20,13,29,37,32,41,84.38,84.38,92.68,7.53,16.28,3.58,9.75,6.05,2.74,2.83,3.24
BOS,2023-09-20,14,26,34,31,39,83.87,77.42,82.05,5.9,18.16,5.58,9.58,3.23,2.72,1.08,10.92
BOS,2023-09-20,15,32,36,33,37,87.88,81.82,78.38,6.82,22.24,8.77,12.39,3.46,3.64,2.11,14.43
BOS,2023-09-20,16,24,34,28,37,82.14,75.0,91.89,12.39,17.0,3.79,15.89,3.95,2.02,2.24,7.7
BOS,2023-09-20,17,46,42,55,45,92.73,78.18,68.89,5.84,22.05,8.69,12.62,3.98,2.91,5.29,17.11
BOS,2023-09-20,18,39,32,38,38,63.16,44.74,76.32,19.61,23.34,9.89,27.87,3.53,3.73,5.84,13.21
BOS,2023-09-20,19,28,32,29,35,65.52,58.62,74.29,19.86,19.0,5.36,24.55,2.91,4.02,5.14,14.31
BOS,2023-09-20,20,25,20,28,25,78.57,64.29,64.0,9.96,18.07,4.95,13.18,3.56,5.89,3.36,18.16
BOS,2023-09-20,21,14,28,16,31,68.75,68.75,90.32,12.88,15.63,3.14,15.5,2.45,4.44,2.23,8.26
BOS,2023-09-20,22,8,22,15,22,86.67,86.67,81.82,3.0,17.73,4.69,7.73,0.95,5.19,2.32,9.09
BOS,2023-09-20,23,6,28,7,29,85.71,85.71,86.21,8.14,17.0,3.67,11.43,1.86,2.2,1.9,39.52
BOS,2023-09-21,0,0,12,2,8,100.0,100.0,75.0,0.0,20.0,6.3,6.5,2.0,0.8,2.38,9.0
BOS,2023-09-21,1,1,1,1,0,100.0,100.0,0.0,0.0,13.0,0.0,0.0,0.0,0.0,0.0,0.0
BOS,2023-09-21,2,0,0,0,0,0.0,0.0,0.0,0.0,0.0,0.0,0.0,0.0,0.0,0.0,0.0
BOS,2023-09-21,4,1,1,1,3,100.0,100.0,100.0,0.0,13.0,0.0,0.0,2.33,3.43,2.33,0.0
BOS,2023-09-21,5,12,10,14,11,92.86,92.86,81.82,7.86,13.0,1.46,8.29,0.55,3.99,3.91,7.09
BOS,2023-09-21,6,39,10,41,15,97.56,97.56,93.33,1.61,17.78,4.26,3.22,1.07,4.83,1.87,2.87
BOS,2023-09-21,7,45,15,45,17,93.33,91.11,82.35,2.0,19.49,5.9,4.76,3.88,6.84,2.88,10.0
BOS,2023-09-21,8,44,27,49,29,85.71,87.76,89.66,6.84,15.8,3.09,8.12,3.79,5.31,2.17,4.66
BOS,2023-09-21,9,26,29,30,29,93.33,93.33,86.21,2.0,12.93,1.48,2.63,2.79,5.94,4.83,5.41
BOS,2023-09-21,10,32,33,35,35,82.86,80.0,88.57,8.03,15.71,3.28,9.97,8.0,3.61,6.06,7.4
BOS,2023-09-21,11,30,27,34,30,82.35,82.35,86.67,13.59,14.32,1.63,14.53,7.63,4.16,4.73,6.87
BOS,2023-09-21,12,34,34,38,36,78.95,76.32,83.33,11.74,14.24,2.23,13.24,4.61,4.67,3.92,13.5
BOS,2023-09-21,13,28,40,29,35,72.41,65.52,42.86,13.45,16.48,3.58,16.41,19.83,4.82,16.51,19.77
BOS,2023-09-21,14,29,39,31,45,61.29,54.84,35.56,21.65,14.77,2.57,23.42,22.22,3.71,22.47,37.62
BOS,2023-09-21,15,34,32,37,32,59.46,48.65,34.38,33.81,16.62,3.85,36.78,8.59,2.75,9.59,33.94
BOS,2023-09-21,16,25,38,30,42,46.67,46.67,47.62,33.9,16.4,3.57,36.77,4.52,4.57,17.4,29.55
BOS,2023-09-21,17,52,42,55,40,58.18,40.0,30.0,29.42,18.91,5.65,34.69,7.47,6.04,14.23,62.68
BOS,2023-09-21,18,42,30,42,34,35.71,33.33,29.41,56.83,17.17,4.3,60.62,5.44,4.32,12.12,45.59
BOS,2023-09-21,19,30,35,31,37,25.81,19.35,27.03,52.29,19.06,5.61,57.16,7.84,5.66,8.19,46.11
BOS,2023-09-21,20,28,20,30,22,46.67,33.33,18.18,34.67,18.37,5.61,39.53,5.95,7.09,12.05,60.73
BOS,2023-09-21,21,14,26,15,26,33.33,20.0,34.62,44.73,16.87,4.44,48.8,2.58,3.84,4.12,35.31
BOS,2023-09-21,22,7,23,13,23,76.92,61.54,43.48,12.77,17.23,4.36,16.46,1.78,5.88,6.91,39.22
BOS,2023-09-21,23,6,32,7,32,42.86,42.86,56.25,29.57,16.71,3.36,31.29,4.44,3.52,4.0,30.31
BOS,2023-09-22,0,0,11,0,13,0.0,0.0,38.46,0.0,0.0,0.0,0.0,1.62,2.9,4.69,39.08
BOS,2023-09-22,1,0,1,0,1,0.0,0.0,0.0,0.0,0.0,0.0,0.0,0.0,2.8,0.0,59.0
BOS,2023-09-22,2,0,0,0,0,0.0,0.0,0.0,0.0,0.0,0.0,0.0,0.0,0.0,0.0,0.0
BOS,2023-09-22,3,0,0,0,1,0.0,0.0,100.0,0.0,0.0,0.0,0.0,0.0,3.8,0.0,0.0
BOS,2023-09-22,4,1,1,1,4,0.0,0.0,75.0,20.0,14.0,0.4,20.0,11.75,4.28,12.0,9.25
BOS,2023-09-22,5,12,10,14,13,71.43,78.57,53.85,8.5,14.0,1.88,8.93,2.38,6.53,6.69,17.23
BOS,2023-09-22,6,40,11,39,14,92.31,87.18,71.43,5.23,19.08,5.62,8.05,3.29,8.27,7.43,23.57
BOS,2023-09-22,7,45,16,46,16,84.78,84.78,68.75,7.74,16.89,3.61,9.83,2.25,5.96,1.5,12.31
BOS,2023-09-22,8,42,27,45,26,86.67,80.0,92.31,15.42,17.42,4.53,18.18,3.92,4.18,0.54,8.96
BOS,2023-09-22,9,28,31,29,33,86.21,82.76,87.88,21.52,14.0,2.01,22.86,5.33,3.98,3.64,4.33
BOS,2023-09-22,10,30,28,36,37,88.89,83.33,89.19,9.36,16.47,3.92,12.64,7.86,4.91,5.76,4.62
BOS,2023-09-22,11,26,30,28,30,82.14,82.14,80.0,11.0,14.0,1.75,12.14,10.13,3.78,7.93,25.43
BOS,2023-09-22,12,38,31,40,32,72.5,70.0,75.0,15.85,14.88,2.45,17.38,11.56,2.88,7.69,12.13
BOS,2023-09-22,13,24,38,25,42,76.0,80.0,69.05,14.88,14.48,2.32,16.0,6.24,4.07,6.45,19.55
BOS,2023-09-22,14,31,39,34,44,64.71,64.71,54.55,27.03,15.29,2.88,29.56,9.59,3.35,8.32,26.45
BOS,2023-09-22,15,33,36,38,40,55.26,50.0,50.0,33.84,17.37,4.42,37.79,4.35,3.91,8.98,28.23
BOS,2023-09-22,16,28,34,32,34,50.0,46.88,52.94,27.69,18.97,6.23,33.56,5.21,4.11,9.53,27.91
BOS,2023-09-22,17,47,43,46,43,67.39,47.83,44.19,20.91,22.04,8.8,28.3,10.86,5.7,16.84,41.05
BOS,2023-09-22,18,38,34,39,35,46.15,38.46,31.43,40.69,21.97,8.76,48.77,5.57,4.99,13.91,33.51
BOS,2023-09-22,19,33,33,31,36,41.94,29.03,36.11,36.0,21.94,8.24,44.23,5.44,4.79,10.92,35.47
BOS,2023-09-22,20,29,22,30,23,43.33,36.67,26.09,34.77,18.67,5.76,39.23,3.74,5.83,11.04,29.22
BOS,2023-09-22,21,15,28,14,29,21.43,14.29,65.52,30.93,18.29,5.4,36.29,3.76,6.52,3.48,17.07
BOS,2023-09-22,22,9,26,14,26,71.43,50.0,57.69,7.5,20.14,7.44,14.0,2.04,6.52,3.62,33.04
BOS,2023-09-22,23,6,31,6,31,33.33,33.33,61.29,24.67,17.17,3.78,27.0,1.71,6.85,5.61,24.45
BOS,2023-09-23,0,0,6,0,11,0.0,0.0,63.64,0.0,0.0,0.0,0.0,2.64,3.99,2.91,13.73
BOS,2023-09-23,1,1,1,1,2,100.0,100.0,50.0,0.0,24.0,10.6,0.0,3.5,5.8,9.0,41.0
BOS,2023-09-23,2,0,0,0,0,0.0,0.0,0.0,0.0,0.0,0.0,0.0,0.0,0.0,0.0,0.0
BOS,2023-09-23,3,0,0,0,0,0.0,0.0,0.0,0.0,0.0,0.0,0.0,0.0,0.0,0.0,0.0
BOS,2023-09-23,4,1,1,1,1,100.0,100.0,0.0,0.0,18.0,4.4,4.0,3.0,1.7,0.0,19.0
BOS,2023-09-23,5,14,8,14,10,85.71,85.71,60.0,3.36,12.86,1.0,3.36,1.3,5.62,5.9,45.2
BOS,2023-09-23,6,31,10,31,14,93.55,93.55,78.57,4.52,15.03,2.26,5.39,1.5,3.38,1.29,31.71
BOS,2023-09-23,7,43,11,42,11,85.71,83.33,100.0,11.05,15.6,2.32,11.86,21.55,1.85,3.18,1.36
BOS,2023-09-23,8,39,20,41,17,80.49,75.61,94.12,23.78,15.68,2.73,25.44,2.41,3.66,1.41,5.41
BOS,2023-09-23,9,26,22,28,24,85.71,89.29,83.33,17.61,13.82,2.26,18.25,3.29,2.86,5.54,9.88
BOS,2023-09-23,10,23,25,26,26,88.46,84.62,76.92,5.5,12.96,2.15,6.69,3.08,3.22,4.65,12.5
BOS,2023-09-23,11,23,24,22,26,72.73,72.73,92.31,15.86,14.14,2.4,17.45,3.92,2.91,3.73,15.73
BOS,2023-09-23,12,29,22,33,23,75.76,75.76,82.61,9.45,12.06,0.86,9.39,2.65,3.79,2.04,7.74
BOS,2023-09-23,13,23,28,21,31,85.71,85.71,77.42,7.62,13.14,2.14,9.29,4.9,2.98,4.61,22.94
BOS,2023-09-23,14,21,35,26,38,80.77,69.23,71.05,12.5,13.42,2.02,14.04,6.5,3.11,6.58,17.92
BOS,2023-09-23,15,27,35,26,34,76.92,76.92,82.35,10.92,17.42,4.02,14.5,6.79,2.97,4.71,8.53
BOS,2023-09-23,16,31,34,35,35,77.14,74.29,68.57,10.86,15.4,2.88,12.74,6.86,3.24,4.06,13.66
BOS,2023-09-23,17,36,34,34,36,70.59,67.65,77.78,9.41,18.24,5.52,13.82,6.03,4.24,5.08,15.42
BOS,2023-09-23,18,30,30,33,28,87.88,78.79,64.29,11.7,18.18,5.76,16.67,2.43,4.3,2.18,23.79
BOS,2023-09-23,19,20,30,20,32,50.0,45.0,65.63,31.65,16.75,3.4,34.65,2.69,3.69,6.19,18.47
BOS,2023-09-23,20,13,17,13,17,76.92,76.92,88.24,8.62,16.15,2.87,10.23,1.82,5.02,1.29,4.41
BOS,2023-09-23,21,9,19,9,19,77.78,77.78,73.68,7.0,17.11,4.06,10.78,2.05,3.5,2.95,12.95
BOS,2023-09-23,22,7,19,7,20,85.71,71.43,60.0,5.14,22.43,9.03,14.0,3.45,2.59,4.95,35.25
BOS,2023-09-23,23,6,19,6,20,83.33,83.33,55.0,4.33,16.0,2.7,6.83,2.95,3.35,3.45,24.05
BOS,2023-09-24,0,1,11,1,6,100.0,100.0,83.33,0.0,13.0,0.0,0.0,0.83,3.65,0.33,8.33
BOS,2023-09-24,1,0,1,0,1,0.0,0.0,100.0,0.0,0.0,0.0,0.0,0.0,0.8,0.0,0.0
BOS,2023-09-24,2,0,0,0,0,0.0,0.0,0.0,0.0,0.0,0.0,0.0,0.0,0.0,0.0,0.0
BOS,2023-09-24,3,0,0,0,0,0.0,0.0,0.0,0.0,0.0,0.0,0.0,0.0,0.0,0.0,0.0
BOS,2023-09-24,4,1,1,1,2,100.0,100.0,100.0,0.0,13.0,0.0,0.0,0.5,6.75,2.0,6.5
BOS,2023-09-24,5,12,10,12,8,100.0,91.67,75.0,1.67,12.67,1.08,1.92,1.5,4.31,6.0,16.0
BOS,2023-09-24,6,34,11,35,9,94.29,91.43,100.0,6.91,18.37,5.24,9.0,1.56,6.18,1.44,1.22
BOS,2023-09-24,7,40,10,38,9,92.11,89.47,77.78,4.13,16.89,3.66,5.89,3.0,5.58,2.44,4.89
BOS,2023-09-24,8,39,18,39,17,87.18,87.18,94.12,7.72,14.95,2.18,8.87,2.65,4.24,2.0,1.65
BOS,2023-09-24,9,25,30,26,30,100.0,100.0,93.33,0.23,13.35,1.47,0.88,3.53,2.05,2.23,3.6
BOS,2023-09-24,10,32,28,33,32,87.88,90.91,96.88,6.33,15.15,2.91,7.82,5.19,2.65,1.91,2.28
BOS,2023-09-24,11,29,28,29,27,89.66,86.21,85.19,4.76,17.93,5.44,8.72,19.93,3.0,18.37,24.07
BOS,2023-09-24,12,32,29,36,32,77.78,75.0,90.63,27.42,14.72,2.71,28.97,3.66,3.88,2.13,8.47
BOS,2023-09-24,13,29,39,25,40,88.0,76.0,77.5,7.2,19.36,6.52,12.32,9.13,3.95,7.95,15.43
BOS,2023-09-24,14,30,38,36,37,75.0,69.44,67.57,9.36,15.22,3.79,12.44,13.0,3.62,10.65,15.65
BOS,2023-09-24,15,33,33,30,31,56.67,50.0,67.74,23.13,20.5,7.59,29.77,5.81,4.23,9.35,18.94
BOS,2023-09-24,16,23,39,24,47,75.0,66.67,61.7,20.79,16.79,4.44,24.33,9.96,3.27,10.79,36.09
BOS,2023-09-24,17,52,41,53,42,60.38,54.72,35.71,44.81,17.79,5.05,48.57,10.62,5.17,15.02,56.98
BOS,2023-09-24,18,37,34,39,41,38.46,35.9,51.22,53.38,17.9,5.55,58.0,5.41,3.8,5.9,40.02
BOS,2023-09-24,19,37,33,39,34,41.03,35.9,23.53,47.56,17.1,4.61,51.62,5.91,7.4,7.18,61.15
BOS,2023-09-24,20,27,24,28,28,21.43,17.86,28.57,93.61,19.79,6.8,100.21,4.07,6.19,7.61,43.14
BOS,2023-09-24,21,14,24,15,25,20.0,13.33,20.0,50.0,21.13,8.36,57.27,3.16,7.64,6.48,68.96
BOS,2023-09-24,22,8,26,9,25,88.89,88.89,40.0,15.89,18.67,5.78,20.11,2.24,6.92,6.68,27.0
BOS,2023-09-24,23,6,32,6,30,83.33,83.33,56.67,29.83,17.17,4.12,32.5,2.87,5.42,5.27,53.5
BOS,2023-09-25,0,0,11,0,12,0.0,0.0,66.67,0.0,0.0,0.0,0.0,1.58,2.37,0.17,16.58
BOS,2023-09-25,1,1,0,1,1,100.0,100.0,100.0,0.0,13.0,0.0,0.0,0.0,2.8,0.0,0.0
BOS,2023-09-25,2,0,0,0,0,0.0,0.0,0.0,0.0,0.0,0.0,0.0,0.0,0.0,0.0,0.0
BOS,2023-09-25,4,1,1,1,2,100.0,100.0,50.0,0.0,13.0,0.0,0.0,0.0,12.75,13.0,67.5
BOS,2023-09-25,5,12,9,14,10,85.71,78.57,70.0,13.64,15.57,3.3,15.64,1.5,2.85,7.2,12.6
BOS,2023-09-25,6,38,10,39,11,84.62,79.49,81.82,15.85,18.82,5.54,18.74,4.82,6.95,5.55,20.45
BOS,2023-09-25,7,45,17,42,15,80.95,71.43,100.0,12.62,20.19,6.83,17.67,17.2,8.51,4.4,2.33
BOS,2023-09-25,8,45,27,52,30,88.46,82.69,80.0,9.13,19.48,6.63,13.46,4.47,6.93,2.63,8.63
BOS,2023-09-25,9,27,28,28,28,96.43,96.43,78.57,1.96,16.71,4.33,4.25,5.57,3.2,3.04,7.25
BOS,2023-09-25,10,30,30,32,33,84.38,75.0,81.82,6.19,17.47,4.95,10.34,5.91,5.52,6.33,6.06
BOS,2023-09-25,11,30,27,33,31,72.73,60.61,93.55,15.03,16.27,3.72,18.06,3.03,3.3,1.81,4.94
BOS,2023-09-25,12,33,31,32,27,71.88,75.0,66.67,10.84,13.41,1.5,11.84,4.48,3.95,4.7,26.85
BOS,2023-09-25,13,26,38,27,39,51.85,48.15,74.36,25.19,19.59,7.54,31.89,6.36,3.79,7.0,12.9
BOS,2023-09-25,14,29,39,30,44,56.67,53.33,70.45,27.8,16.4,4.6,31.43,8.61,3.66,7.05,22.09
BOS,2023-09-25,15,33,34,39,38,64.1,53.85,71.05,29.67,18.74,5.68,34.67,9.42,3.42,5.42,19.71
BOS,2023-09-25,16,27,34,30,38,70.0,60.0,60.53,14.73,18.87,6.01,19.83,13.71,4.51,11.61,23.61
BOS,2023-09-25,17,47,43,50,42,62.0,56.0,35.71,30.72,19.38,6.75,36.38,18.9,4.31,17.74,46.45
BOS,2023-09-25,18,41,31,38,34,36.84,21.05,29.41,50.68,20.08,7.21,57.5,14.47,5.89,19.47,35.53
BOS,2023-09-25,19,31,34,35,37,42.86,28.57,24.32,41.69,22.51,9.6,50.86,13.65,5.09,14.35,43.54
BOS,2023-09-25,20,28,24,30,28,33.33,23.33,39.29,38.67,19.3,6.13,44.23,7.39,6.65,9.79,41.29
BOS,2023-09-25,21,15,27,15,28,40.0,40.0,32.14,41.4,17.4,4.76,45.8,5.79,10.52,13.39,39.32
BOS,2023-09-25,22,10,25,17,24,64.71,47.06,50.0,30.88,17.41,4.26,34.82,2.38,6.66,5.04,28.92
BOS,2023-09-25,23,6,32,6,31,66.67,66.67,67.74,7.67,17.0,3.62,10.83,2.77,2.84,2.55,21.03
BOS,2023-09-26,0,0,8,0,10,0.0,0.0,60.0,0.0,0.0,0.0,0.0,2.6,1.06,1.3,12.5
BOS,2023-09-26,1,1,0,2,0,50.0,50.0,0.0,27.5,16.0,2.6,30.5,0.0,0.0,0.0,0.0
BOS,2023-09-26,2,0,0,0,0,0.0,0.0,0.0,0.0,0.0,0.0,0.0,0.0,0.0,0.0,0.0
BOS,2023-09-26,4,1,1,2,3,50.0,50.0,100.0,23.5,14.5,1.3,25.0,0.0,3.43,7.33,0.67
BOS,2023-09-26,5,11,9,12,12,91.67,83.33,58.33,2.92,14.58,2.28,4.33,1.0,7.79,12.83,25.5
BOS,2023-09-26,6,39,8,43,17,81.4,74.42,41.18,22.49,20.28,6.95,26.93,4.29,6.15,8.94,22.65
BOS,2023-09-26,7,43,16,42,18,88.1,83.33,83.33,6.9,22.52,8.75,11.95,15.22,4.21,3.33,11.33
BOS,2023-09-26,8,41,26,45,29,77.78,60.0,89.66,9.98,23.22,10.04,17.24,7.1,3.69,2.69,3.76
BOS,2023-09-26,9,24,27,31,25,90.32,90.32,88.0,5.74,17.39,4.78,8.32,5.52,3.25,1.96,4.72
BOS,2023-09-26,10,29,25,32,35,81.25,78.13,80.0,10.97,14.59,2.62,12.88,10.09,2.76,9.43,13.03
BOS,2023-09-26,11,26,26,26,28,92.31,88.46,82.14,9.19,13.23,1.62,10.0,4.79,2.89,4.43,6.29
BOS,2023-09-26,12,31,30,31,36,80.65,80.65,69.44,11.32,15.42,3.21,13.52,5.69,2.39,5.33,15.5
BOS,2023-09-26,13,28,37,34,40,76.47,70.59,80.0,8.88,16.94,4.32,11.91,8.43,5.55,7.25,9.88
BOS,2023-09-26,14,25,37,31,42,74.19,67.74,52.38,14.19,15.9,3.63,17.29,14.93,4.42,13.6,19.71
BOS,2023-09-26,15,33,34,37,31,54.05,45.95,77.42,18.57,21.38,8.42,25.86,5.74,3.27,6.13,29.16
BOS,2023-09-26,16,25,33,30,44,70.0,60.0,70.45,23.13,17.93,5.4,27.2,4.68,6.43,9.2,23.61
BOS,2023-09-26,17,44,42,53,40,60.38,45.28,67.5,28.87,19.75,7.05,35.3,6.93,4.19,9.85,22.35
BOS,2023-09-26,18,41,30,39,35,66.67,66.67,42.86,22.1,16.9,3.76,24.13,8.77,3.62,11.66,25.71
BOS,2023-09-26,19,27,36,30,40,40.0,30.0,65.0,35.97,17.77,4.83,39.73,7.05,6.54,8.3,18.02
BOS,2023-09-26,20,26,20,29,22,75.86,72.41,68.18,18.0,16.52,3.81,20.69,3.59,9.26,6.18,28.45
BOS,2023-09-26,21,11,25,12,25,66.67,66.67,80.0,22.33,16.33,3.88,24.42,3.12,3.51,1.36,11.24
BOS,2023-09-26,22,8,23,14,24,100.0,85.71,70.83,2.64,15.79,3.49,4.79,2.63,4.0,2.54,23.25
BOS,2023-09-26,23,6,28,6,29,66.67,66.67,75.86,20.83,15.17,2.02,22.5,1.03,3.16,1.17,56.9
BOS,2023-09-27,0,1,8,1,8,100.0,100.0,50.0,0.0,13.0,0.0,0.0,1.13,1.64,13.75,26.38
BOS,2023-09-27,1,1,0,2,0,50.0,50.0,0.0,64.5,16.0,2.6,65.5,0.0,0.0,0.0,0.0
BOS,2023-09-27,2,0,0,0,0,0.0,0.0,0.0,0.0,0.0,0.0,0.0,0.0,0.0,0.0,0.0
BOS,2023-09-27,3,0,0,0,0,0.0,0.0,0.0,0.0,0.0,0.0,0.0,0.0,0.0,0.0,0.0
BOS,2023-09-27,4,1,1,1,3,100.0,100.0,66.67,0.0,13.0,0.0,0.0,0.33,3.1,8.0,8.33
BOS,2023-09-27,5,11,9,13,10,100.0,100.0,90.0,0.31,11.77,0.15,0.31,0.6,3.44,5.2,4.1
BOS,2023-09-27,6,40,10,41,12,90.24,90.24,50.0,3.27,16.27,3.21,4.32,1.0,2.84,5.5,21.33
BOS,2023-09-27,7,42,16,42,17,92.86,90.48,82.35,3.43,17.33,4.0,5.19,2.18,3.75,3.59,7.24
BOS,2023-09-27,8,41,27,47,25,76.6,78.72,84.0,20.19,15.57,2.84,21.21,3.72,2.93,0.4,16.08
BOS,2023-09-27,9,25,29,27,32,96.3,96.3,87.5,5.33,12.0,1.24,5.56,4.03,3.07,2.31,4.0
BOS,2023-09-27,10,27,26,31,35,83.87,80.65,77.14,16.32,14.0,1.48,17.48,2.4,3.03,3.23,17.06
BOS,2023-09-27,11,27,26,29,27,79.31,75.86,88.89,31.48,15.9,3.22,33.69,3.04,6.32,4.7,5.26
BOS,2023-09-27,12,30,30,34,30,82.35,82.35,93.33,7.59,14.44,2.27,8.65,1.67,3.53,1.93,4.3
BOS,2023-09-27,13,29,37,32,42,65.63,65.63,85.71,18.03,14.59,2.18,18.97,5.05,4.04,2.9,5.98
BOS,2023-09-27,14,26,34,33,38,75.76,72.73,81.58,9.36,14.3,2.31,10.73,8.84,3.34,4.82,13.68
BOS,2023-09-27,15,32,35,35,37,71.43,74.29,81.08,11.74,15.6,2.88,13.57,1.78,4.68,1.73,16.05
BOS,2023-09-27,16,24,34,29,42,75.86,72.41,80.95,10.62,16.97,4.17,14.03,2.29,5.03,2.83,11.0
BOS,2023-09-27,17,45,42,47,42,82.98,76.6,78.57,13.26,17.91,5.31,17.34,3.17,5.79,3.52,11.93
BOS,2023-09-27,18,38,30,40,36,87.5,82.5,77.78,6.97,16.7,3.87,9.63,1.47,5.16,1.81,10.61
BOS,2023-09-27,19,28,33,33,36,75.76,75.76,94.44,11.06,15.45,2.71,12.91,2.92,5.45,2.0,2.36
BOS,2023-09-27,20,24,20,25,22,84.0,84.0,86.36,11.28,13.36,1.13,11.68,1.91,3.42,1.23,6.95
BOS,2023-09-27,21,13,28,14,34,64.29,64.29,76.47,28.21,14.21,2.15,30.0,1.91,3.79,2.47,19.79
BOS,2023-09-27,22,9,22,18,25,77.78,77.78,72.0,9.56,15.22,2.71,10.83,1.6,3.07,2.28,17.88
BOS,2023-09-27,23,6,28,9,28,77.78,77.78,78.57,9.22,16.78,3.49,10.0,1.32,4.37,2.39,8.32
BOS,2023-09-28,0,0,12,0,10,0.0,0.0,90.0,0.0,0.0,0.0,0.0,1.2,3.16,0.4,4.3
BOS,2023-09-28,1,1,1,1,0,100.0,100.0,0.0,0.0,16.0,2.6,3.0,0.0,0.0,0.0,0.0
BOS,2023-09-28,2,0,0,0,0,0.0,0.0,0.0,0.0,0.0,0.0,0.0,0.0,0.0,0.0,0.0
BOS,2023-09-28,4,1,1,1,4,100.0,100.0,50.0,0.0,13.0,0.0,0.0,0.0,5.03,1.5,42.0
BOS,2023-09-28,5,12,11,13,11,100.0,100.0,72.73,0.08,12.08,0.54,0.38,0.45,5.88,7.91,11.64
BOS,2023-09-28,6,38,10,42,15,92.86,92.86,80.0,4.81,17.24,3.94,6.95,0.73,6.16,4.2,20.6
BOS,2023-09-28,7,45,15,45,16,88.89,80.0,81.25,3.69,19.8,6.09,7.22,1.13,8.54,2.25,9.88
BOS,2023-09-28,8,42,26,49,30,83.67,79.59,86.67,10.53,17.73,4.57,13.02,2.1,2.75,1.23,4.73
BOS,2023-09-28,9,26,28,28,26,89.29,89.29,92.31,7.0,13.93,1.5,7.54,2.54,3.35,1.85,12.73
BOS,2023-09-28,10,34,32,37,38,83.78,81.08,92.11,16.08,17.46,4.3,19.08,3.61,3.15,1.24,2.29
BOS,2023-09-28,11,28,27,30,29,90.0,90.0,72.41,9.2,13.8,1.24,9.9,4.83,3.73,4.41,20.76
BOS,2023-09-28,12,34,33,38,31,73.68,71.05,77.42,11.53,13.34,1.36,12.29,6.19,6.06,4.55,12.94
BOS,2023-09-28,13,27,39,32,45,65.63,62.5,73.33,13.13,17.69,5.02,16.94,4.84,3.58,5.91,11.67
BOS,2023-09-28,14,29,39,31,45,61.29,61.29,48.89,21.45,14.45,1.81,22.84,4.24,4.66,7.78,26.73
BOS,2023-09-28,15,34,31,36,35,58.33,55.56,68.57,26.39,16.44,4.01,29.56,3.89,2.43,5.6,25.8
BOS,2023-09-28,16,25,38,29,47,62.07,58.62,51.06,27.69,20.14,7.09,33.93,3.57,4.68,6.68,22.23
BOS,2023-09-28,17,51,43,55,45,54.55,45.45,26.67,21.33,20.42,6.96,27.62,4.76,5.3,6.89,48.38
BOS,2023-09-28,18,42,29,46,37,52.17,41.3,37.84,30.93,18.78,6.26,36.33,5.51,4.15,7.7,42.43
BOS,2023-09-28,19,29,35,29,42,34.48,34.48,28.57,44.97,17.69,4.41,48.55,6.62,5.89,11.52,45.33
BOS,2023-09-28,20,27,20,29,22,27.59,24.14,40.91,43.45,19.03,5.89,48.83,5.95,4.95,6.0,48.86
BOS,2023-09-28,21,15,25,20,26,45.0,40.0,34.62,26.0,15.55,2.75,28.5,3.42,4.73,6.62,42.38
BOS,2023-09-28,22,7,23,13,24,53.85,53.85,62.5,25.62,14.77,1.92,26.23,7.63,4.6,5.13,24.13
BOS,2023-09-28,23,6,32,7,32,85.71,71.43,78.13,4.0,17.14,3.73,7.57,6.59,2.42,2.69,11.88
BOS,2023-09-29,0,0,11,0,12,0.0,0.0,41.67,0.0,0.0,0.0,0.0,3.75,3.72,1.5,56.0
BOS,2023-09-29,1,0,1,0,1,0.0,0.0,100.0,0.0,0.0,0.0,0.0,7.0,3.8,0.0,0.0
BOS,2023-09-29,3,0,0,1,0,0.0,0.0,0.0,153.0,17.0,3.6,157.0,0.0,0.0,0.0,0.0
BOS,2023-09-29,4,1,1,1,4,100.0,100.0,75.0,0.0,13.0,0.0,0.0,4.25,2.28,6.0,7.75
BOS,2023-09-29,5,12,9,13,12,84.62,84.62,75.0,7.0,12.38,0.48,6.85,0.92,11.48,10.33,19.58
BOS,2023-09-29,6,39,12,42,15,88.1,80.95,46.67,11.26,18.1,4.9,14.33,2.73,7.51,6.2,12.13
BOS,2023-09-29,7,46,17,50,16,70.0,68.0,81.25,11.26,18.54,5.37,15.68,2.63,7.0,4.63,13.94
BOS,2023-09-29,8,42,27,47,28,82.98,78.72,85.71,12.11,18.55,5.55,15.98,3.82,4.68,2.29,8.75
BOS,2023-09-29,9,29,30,30,33,76.67,73.33,81.82,26.47,14.8,2.45,27.9,3.82,3.21,6.18,10.39
BOS,2023-09-29,10,29,28,33,36,72.73,72.73,77.78,25.61,14.58,2.79,27.36,4.5,3.34,7.08,9.39
BOS,2023-09-29,11,26,30,26,33,61.54,57.69,75.76,30.81,13.92,1.72,31.81,3.91,2.87,2.82,18.24
BOS,2023-09-29,12,37,30,45,35,55.56,55.56,57.14,35.22,14.36,1.98,36.76,6.2,3.11,7.26,28.69
BOS,2023-09-29,13,24,39,28,35,67.86,57.14,57.14,13.14,17.64,4.95,17.57,6.83,4.73,6.03,24.74
BOS,2023-09-29,14,31,39,36,42,50.0,50.0,47.62,39.31,19.28,6.4,43.56,6.57,4.74,10.93,26.4
BOS,2023-09-29,15,32,36,30,35,26.67,26.67,51.43,51.4,19.67,6.28,57.5,7.4,4.36,5.29,38.6
BOS,2023-09-29,16,30,35,30,40,36.67,26.67,40.0,29.6,23.83,10.39,39.73,14.1,6.31,17.13,44.53
BOS,2023-09-29,17,46,42,52,41,44.23,28.85,29.27,36.65,21.42,8.36,44.73,14.63,5.42,18.71,51.9
BOS,2023-09-29,18,38,34,34,33,32.35,29.41,36.36,46.53,19.56,6.42,51.97,7.97,3.71,9.64,62.79
BOS,2023-09-29,19,34,34,35,39,42.86,34.29,33.33,51.63,20.54,7.44,58.77,10.1,5.22,10.62,66.56
BOS,2023-09-29,20,29,22,32,24,34.38,31.25,20.83,36.97,15.91,2.98,39.78,10.38,7.85,11.92,48.88
BOS,2023-09-29,21,15,26,16,28,43.75,37.5,42.86,27.13,15.75,2.99,29.5,8.04,4.92,9.5,48.21
BOS,2023-09-29,22,9,27,15,25,73.33,66.67,36.0,22.13,19.2,6.1,27.6,9.36,4.7,9.68,33.4
BOS,2023-09-29,23,6,31,6,30,83.33,83.33,30.0,6.0,17.33,3.95,8.83,4.7,3.26,10.07,41.4
BOS,2023-09-30,0,0,6,0,10,0.0,0.0,40.0,0.0,0.0,0.0,0.0,3.3,2.45,1.2,22.2
BOS,2023-09-30,1,1,1,1,1,100.0,100.0,0.0,0.0,21.0,7.6,0.0,0.0,4.8,12.0,17.0
BOS,2023-09-30,2,0,0,0,0,0.0,0.0,0.0,0.0,0.0,0.0,0.0,0.0,0.0,0.0,0.0
BOS,2023-09-30,3,0,0,1,1,100.0,0.0,100.0,0.0,29.0,15.6,16.0,4.0,3.8,10.0,0.0
BOS,2023-09-30,4,1,1,1,1,100.0,100.0,100.0,0.0,18.0,4.4,4.0,0.0,1.7,4.0,0.0
BOS,2023-09-30,5,14,7,14,9,85.71,85.71,55.56,3.64,13.57,1.24,4.43,0.56,11.87,16.33,16.11
BOS,2023-09-30,6,30,11,32,14,75.0,78.13,57.14,9.81,16.41,3.3,11.31,1.64,3.6,6.0,16.57
BOS,2023-09-30,7,42,12,43,14,79.07,79.07,85.71,12.53,15.81,2.62,13.91,15.36,3.91,5.14,13.64
BOS,2023-09-30,8,40,19,42,20,73.81,71.43,65.0,26.31,15.33,2.51,27.14,21.35,4.35,22.3,76.05
BOS,2023-09-30,9,27,21,30,19,76.67,73.33,68.42,34.3,13.53,2.0,35.03,4.37,3.02,4.32,14.21
BOS,2023-09-30,10,23,23,27,26,77.78,74.07,80.77,19.04,14.59,2.54,21.15,4.08,2.88,3.58,5.96
BOS,2023-09-30,11,23,25,22,25,81.82,77.27,88.0,26.36,14.23,1.4,27.09,6.64,2.56,4.32,4.88
BOS,2023-09-30,12,29,22,31,25,54.84,58.06,84.0,32.61,12.58,1.04,32.87,3.04,4.98,3.24,12.24
BOS,2023-09-30,13,22,30,25,29,72.0,68.0,79.31,16.92,14.36,2.64,18.72,3.17,4.51,3.59,29.48
BOS,2023-09-30,14,23,35,27,39,70.37,62.96,69.23,18.89,16.19,3.91,22.37,5.46,2.62,6.56,18.26
BOS,2023-09-30,15,26,37,27,36,70.37,70.37,66.67,17.56,15.56,2.51,19.26,5.06,3.47,5.14,12.25
BOS,2023-09-30,16,33,34,34,41,76.47,64.71,68.29,16.18,16.09,3.32,18.62,8.51,3.69,18.0,25.93
BOS,2023-09-30,17,36,32,37,31,51.35,37.84,61.29,22.27,16.51,3.79,25.73,7.65,4.21,7.45,27.03
BOS,2023-09-30,18,29,30,32,28,75.0,68.75,64.29,40.34,17.22,4.52,43.78,5.93,4.47,6.18,51.04
BOS,2023-09-30,19,20,30,19,37,63.16,57.89,62.16,30.58,15.11,2.38,32.47,9.35,4.65,10.27,38.81
BOS,2023-09-30,20,13,17,14,18,50.0,50.0,61.11,31.0,14.43,2.51,32.29,7.94,4.37,4.83,30.78
BOS,2023-09-30,21,9,18,10,18,60.0,50.0,50.0,28.2,16.5,3.06,29.7,5.56,4.95,9.11,26.06
BOS,2023-09-30,22,7,20,7,23,85.71,71.43,65.22,16.71,19.71,6.46,21.43,3.83,4.1,6.48,23.96
BOS,2023-09-30,23,6,18,6,18,66.67,66.67,66.67,13.83,15.83,2.53,15.5,2.67,3.02,7.44,25.39
BOS,2023-10-01,0,1,11,1,6,100.0,100.0,83.33,0.0,14.0,0.6,1.0,2.17,1.82,3.5,24.0
BOS,2023-10-01,1,0,1,0,1,0.0,0.0,0.0,0.0,0.0,0.0,0.0,0.0,1.8,0.0,42.0
BOS,2023-10-01,2,0,0,0,0,0.0,0.0,0.0,0.0,0.0,0.0,0.0,0.0,0.0,0.0,0.0
BOS,2023-10-01,3,0,0,0,0,0.0,0.0,0.0,0.0,0.0,0.0,0.0,0.0,0.0,0.0,0.0
BOS,2023-10-01,4,1,1,1,2,100.0,100.0,50.0,0.0,13.0,0.0,0.0,4.0,1.75,6.5,7.5
BOS,2023-10-01,5,12,9,12,8,100.0,91.67,62.5,0.33,15.25,3.03,2.33,0.63,4.82,10.88,24.5
BOS,2023-10-01,6,32,12,33,10,87.88,84.85,70.0,9.15,16.7,3.3,10.79,3.1,2.33,5.1,44.6
BOS,2023-10-01,7,41,10,39,10,89.74,84.62,70.0,8.1,17.85,4.74,10.9,5.3,2.53,5.6,21.1
BOS,2023-10-01,8,39,17,42,18,73.81,73.81,66.67,37.33,14.81,2.76,39.38,3.94,1.2,2.94,9.06
BOS,2023-10-01,9,23,26,19,26,89.47,84.21,76.92,5.74,14.89,2.54,7.95,4.38,2.13,6.23,8.38
BOS,2023-10-01,10,31,29,38,33,81.58,78.95,78.79,12.05,15.39,2.47,13.84,6.58,2.35,7.36,8.12
BOS,2023-10-01,11,30,29,33,30,78.79,75.76,70.0,15.09,15.09,2.87,17.18,9.0,1.9,6.13,12.5
BOS,2023-10-01,12,32,30,32,32,65.63,62.5,81.25,14.16,15.88,3.61,16.72,3.88,2.98,2.22,6.94
BOS,2023-10-01,13,29,40,34,44,73.53,67.65,79.55,12.03,14.62,3.23,14.56,5.11,7.17,7.25,12.07
BOS,2023-10-01,14,31,38,33,40,75.76,69.7,55.0,10.94,15.7,3.56,13.42,9.2,4.25,12.35,29.63
BOS,2023-10-01,15,33,33,38,36,60.53,57.89,80.56,22.53,14.53,2.12,24.24,6.97,3.65,9.39,24.22
BOS,2023-10-01,16,23,40,27,43,59.26,51.85,60.47,44.33,16.44,4.33,46.33,8.33,5.59,14.72,21.86
BOS,2023-10-01,17,52,40,53,41,60.38,54.72,48.78,28.53,19.72,6.77,34.34,12.44,6.4,17.8,30.63
BOS,2023-10-01,18,36,34,38,36,55.26,50.0,33.33,24.97,15.71,3.12,27.68,9.64,6.65,11.31,31.83
BOS,2023-10-01,19,36,34,40,38,45.0,42.5,31.58,31.48,16.43,3.49,34.53,5.89,6.28,12.37,37.66
BOS,2023-10-01,20,29,23,30,27,36.67,30.0,37.04,38.77,16.57,3.76,41.7,2.85,5.65,3.81,35.26
BOS,2023-10-01,21,13,22,14,24,28.57,28.57,58.33,44.86,15.5,3.03,46.64,2.58,6.7,4.25,27.42
BOS,2023-10-01,22,9,27,10,26,50.0,30.0,53.85,35.2,19.5,6.14,41.1,1.96,4.45,4.73,25.81
BOS,2023-10-01,23,7,32,7,32,57.14,57.14,65.63,16.71,15.57,2.19,18.43,4.47,3.57,3.16,16.97
BOS,2023-10-02,0,0,11,0,11,0.0,0.0,45.45,0.0,0.0,0.0,0.0,2.09,2.9,1.09,45.45
BOS,2023-10-02,1,0,0,0,1,0.0,0.0,100.0,0.0,0.0,0.0,0.0,0.0,11.8,0.0,7.0
BOS,2023-10-02,2,0,0,0,0,0.0,0.0,0.0,0.0,0.0,0.0,0.0,0.0,0.0,0.0,0.0
BOS,2023-10-02,3,0,0,0,0,0.0,0.0,0.0,0.0,0.0,0.0,0.0,0.0,0.0,0.0,0.0
BOS,2023-10-02,4,1,1,1,2,100.0,100.0,0.0,0.0,13.0,0.0,0.0,0.0,11.25,8.0,45.0
BOS,2023-10-02,5,12,7,12,8,100.0,100.0,37.5,0.08,12.5,0.69,0.5,4.13,3.24,6.13,123.5
BOS,2023-10-02,6,38,10,39,13,92.31,89.74,76.92,3.9,18.49,5.08,6.1,4.0,2.65,5.69,23.77
BOS,2023-10-02,7,46,18,45,15,84.44,84.44,73.33,10.67,16.29,3.15,12.4,2.93,2.98,1.33,24.87
BOS,2023-10-02,8,44,27,46,29,65.22,60.87,82.76,32.13,15.87,3.39,34.7,7.07,2.5,5.1,16.9
BOS,2023-10-02,9,27,27,29,28,79.31,79.31,89.29,8.72,13.48,1.19,9.34,6.57,2.76,2.21,7.29
BOS,2023-10-02,10,29,32,33,35,75.76,72.73,85.71,18.97,15.09,2.83,20.61,3.63,2.58,2.54,4.17
BOS,2023-10-02,11,30,28,32,32,75.0,68.75,78.13,10.06,15.56,3.3,12.41,3.75,2.72,2.47,8.59
BOS,2023-10-02,12,34,31,38,31,78.95,73.68,83.87,14.89,16.29,3.58,17.32,3.42,2.71,2.52,12.1
BOS,2023-10-02,13,25,38,26,41,84.62,80.77,70.73,12.0,14.65,2.57,13.96,5.05,3.45,3.2,16.2
BOS,2023-10-02,14,30,39,37,45,72.97,67.57,91.11,27.14,13.92,2.09,28.24,3.78,4.15,1.42,6.56
BOS,2023-10-02,15,33,35,35,41,74.29,65.71,80.49,18.43,16.71,3.44,21.0,1.73,3.13,1.61,9.9
BOS,2023-10-02,16,28,35,32,43,90.63,87.5,81.4,11.66,14.81,2.5,12.72,2.58,4.06,1.79,8.88
BOS,2023-10-02,17,48,42,54,47,83.33,79.63,78.72,10.33,17.43,4.39,12.76,2.77,6.3,4.43,9.81
BOS,2023-10-02,18,39,31,41,38,82.93,73.17,76.32,8.17,18.85,5.66,12.34,2.24,5.42,3.5,14.0
BOS,2023-10-02,19,30,34,31,35,80.65,77.42,88.57,11.35,15.65,2.21,12.87,4.91,5.43,2.43,10.06
BOS,2023-10-02,20,29,24,31,26,74.19,70.97,76.92,8.68,16.68,3.6,11.06,1.81,4.14,4.0,17.5
BOS,2023-10-02,21,15,26,18,25,72.22,66.67,72.0,21.06,18.22,5.32,24.61,1.92,5.07,2.64,12.84
BOS,2023-10-02,22,10,26,17,26,88.24,82.35,80.77,11.18,16.88,4.07,13.0,1.46,4.02,33.42,17.23
BOS,2023-10-02,23,7,32,6,31,50.0,33.33,83.87,27.17,21.83,8.42,33.17,2.55,3.04,2.77,19.58
BOS,2023-10-03,0,0,8,1,12,0.0,0.0,66.67,27.0,19.0,5.6,33.0,2.58,3.14,2.25,13.42
BOS,2023-10-03,1,0,0,0,0,0.0,0.0,0.0,0.0,0.0,0.0,0.0,0.0,0.0,0.0,0.0
BOS,2023-10-03,2,0,0,0,0,0.0,0.0,0.0,0.0,0.0,0.0,0.0,0.0,0.0,0.0,0.0
BOS,2023-10-03,4,1,1,1,3,100.0,100.0,66.67,0.0,28.0,14.4,14.0,0.67,4.1,3.67,5.67
BOS,2023-10-03,5,11,8,13,9,100.0,100.0,55.56,0.69,15.77,2.95,1.38,1.56,2.46,6.56,45.33
BOS,2023-10-03,6,39,9,40,16,87.5,77.5,56.25,6.15,23.25,9.73,11.85,2.19,6.43,8.38,28.5
BOS,2023-10-03,7,43,17,45,16,86.67,73.33,75.0,13.47,23.27,9.67,19.16,3.94,4.47,2.13,40.44
BOS,2023-10-03,8,41,26,48,28,77.08,66.67,78.57,16.04,21.21,7.79,20.44,5.5,5.36,4.14,6.21
BOS,2023-10-03,9,24,25,26,24,96.15,96.15,87.5,6.54,16.5,3.61,8.0,4.96,2.49,1.79,5.0
BOS,2023-10-03,10,29,25,29,39,89.66,89.66,82.05,5.0,16.03,3.0,6.41,5.9,2.01,3.49,10.33
BOS,2023-10-03,11,25,27,29,30,89.66,86.21,86.67,3.86,17.76,4.57,6.72,5.73,1.96,3.6,7.73
BOS,2023-10-03,12,31,29,35,31,77.14,65.71,80.65,9.4,20.0,7.29,15.11,6.81,1.87,5.58,8.1
BOS,2023-10-03,13,27,39,31,45,70.97,61.29,86.67,9.55,20.23,7.02,15.52,5.02,5.66,6.29,10.09
BOS,2023-10-03,14,26,37,31,40,90.32,90.32,82.5,2.23,17.52,4.68,3.97,2.67,3.56,3.5,15.95
BOS,2023-10-03,15,34,35,34,34,91.18,88.24,91.18,11.85,19.5,6.11,16.53,2.38,2.08,0.44,5.32
BOS,2023-10-03,16,26,34,37,43,81.08,72.97,81.4,8.86,19.57,6.54,14.24,1.49,2.98,1.63,11.63
BOS,2023-10-03,17,46,43,48,44,83.33,60.42,75.0,11.0,24.48,11.04,19.38,2.55,3.51,2.43,14.98
BOS,2023-10-03,18,39,29,41,30,85.37,53.66,73.33,20.9,27.68,14.16,32.49,1.97,4.59,2.43,23.47
BOS,2023-10-03,19,26,35,28,40,85.71,71.43,87.5,8.93,18.61,5.09,13.07,2.45,4.94,1.8,8.5
BOS,2023-10-03,20,27,20,27,22,88.89,77.78,81.82,5.04,20.44,7.0,9.0,2.36,5.35,3.95,6.86
BOS,2023-10-03,21,11,24,13,25,84.62,84.62,88.0,8.62,16.92,3.55,10.31,3.28,1.84,2.36,5.36
BOS,2023-10-03,22,8,23,15,23,80.0,80.0,69.57,4.47,15.67,2.33,5.4,2.04,1.89,1.65,29.22
BOS,2023-10-03,23,6,28,6,28,83.33,83.33,96.43,4.5,15.17,1.78,5.33,2.71,1.34,2.32,2.96
BOS,2023-10-04,0,1,8,1,8,100.0,100.0,75.0,0.0,12.0,0.0,0.0,3.38,3.01,5.0,11.88
BOS,2023-10-04,1,0,0,0,0,0.0,0.0,0.0,0.0,0.0,0.0,0.0,0.0,0.0,0.0,0.0
BOS,2023-10-04,4,1,1,1,3,100.0,100.0,100.0,0.0,13.0,0.0,0.0,1.67,2.43,1.33,0.0
BOS,2023-10-04,5,11,7,12,8,100.0,100.0,62.5,0.0,11.58,0.28,0.0,2.75,1.64,7.25,7.88
BOS,2023-10-04,6,40,12,40,16,87.5,80.0,81.25,9.18,17.7,4.42,11.78,1.31,6.56,7.88,17.19
BOS,2023-10-04,7,43,17,43,15,83.72,81.4,80.0,6.0,18.93,5.61,9.16,1.87,3.36,2.67,40.27
BOS,2023-10-04,8,42,26,50,34,82.0,80.0,88.24,22.04,15.48,2.61,23.18,5.15,4.81,2.53,4.12
BOS,2023-10-04,9,25,27,28,29,89.29,92.86,82.76,2.46,13.5,1.74,3.11,3.03,2.45,2.17,5.24
BOS,2023-10-04,10,27,26,29,32,86.21,86.21,90.63,4.1,13.31,0.96,4.31,2.56,2.15,2.25,9.97
BOS,2023-10-04,11,26,28,28,33,85.71,85.71,87.88,9.11,13.46,1.41,10.0,3.15,3.85,2.79,6.09
BOS,2023-10-04,12,31,30,37,33,83.78,72.97,87.88,7.14,17.0,4.62,10.49,1.91,1.79,2.18,4.45
BOS,2023-10-04,13,28,39,31,42,90.32,74.19,85.71,5.13,20.42,7.56,11.29,3.1,4.36,3.55,9.36
BOS,2023-10-04,14,27,34,32,43,90.63,84.38,88.37,6.13,14.94,2.77,8.25,2.49,3.27,3.05,5.56
BOS,2023-10-04,15,33,36,43,41,79.07,67.44,78.05,14.86,16.86,3.75,17.91,2.2,3.71,1.34,9.41
BOS,2023-10-04,16,27,35,32,41,81.25,81.25,80.49,13.16,15.41,2.74,14.75,2.34,4.06,1.78,17.22
BOS,2023-10-04,17,45,42,49,41,81.63,79.59,87.8,10.65,17.14,4.21,13.12,3.24,4.31,2.37,17.41
BOS,2023-10-04,18,37,30,38,39,84.21,81.58,82.05,6.21,17.87,4.92,9.89,1.38,5.63,2.62,9.59
BOS,2023-10-04,19,27,33,28,38,85.71,85.71,84.21,7.54,17.32,3.89,9.32,3.0,4.82,2.26,8.95
BOS,2023-10-04,20,26,20,31,22,90.32,87.1,81.82,4.52,18.23,4.97,6.97,1.82,5.49,8.23,18.77
BOS,2023-10-04,21,13,26,17,30,70.59,70.59,80.0,18.18,16.76,3.42,21.18,2.8,4.3,2.67,6.83
BOS,2023-10-04,22,9,23,16,21,87.5,87.5,71.43,10.06,15.31,2.93,12.13,0.81,4.72,1.29,13.05
BOS,2023-10-04,23,7,28,8,28,62.5,62.5,89.29,21.63,14.88,2.04,23.0,1.79,2.69,0.36,7.75
BOS,2023-10-05,0,0,12,0,9,0.0,0.0,44.44,0.0,0.0,0.0,0.0,2.44,3.54,4.44,12.56
BOS,2023-10-05,1,0,0,2,0,100.0,100.0,0.0,0.0,20.5,7.1,7.5,0.0,0.0,0.0,0.0
BOS,2023-10-05,2,0,0,1,0,100.0,100.0,0.0,0.0,11.0,0.0,0.0,0.0,0.0,0.0,0.0
BOS,2023-10-05,3,0,0,0,1,0.0,0.0,0.0,0.0,0.0,0.0,0.0,0.0,3.8,7.0,15.0
BOS,2023-10-05,4,1,1,1,3,100.0,100.0,100.0,0.0,13.0,0.0,0.0,0.67,3.77,2.67,0.67
BOS,2023-10-05,5,14,10,18,11,77.78,77.78,63.64,5.61,15.17,2.58,7.67,2.55,4.18,3.0,18.09
BOS,2023-10-05,6,36,10,37,16,91.89,72.97,68.75,5.86,23.24,9.73,13.11,42.0,9.68,43.31,51.38
BOS,2023-10-05,7,46,17,46,17,80.43,78.26,52.94,32.85,17.96,4.71,35.33,49.29,4.96,51.18,83.47
BOS,2023-10-05,8,40,26,40,22,67.5,65.0,54.55,34.8,17.58,4.54,38.15,37.59,4.66,35.09,49.91
BOS,2023-10-05,9,26,20,25,22,80.0,76.0,59.09,20.04,15.64,3.16,22.4,7.91,3.29,7.86,22.45
BOS,2023-10-05,10,30,33,33,40,75.76,69.7,72.5,12.27,19.09,5.94,17.7,8.35,2.79,9.9,15.4
BOS,2023-10-05,11,28,30,33,33,63.64,54.55,72.73,28.12,20.12,6.72,33.45,6.52,4.53,6.67,19.58
BOS,2023-10-05,12,32,31,39,34,71.79,66.67,67.65,14.0,15.87,3.62,16.79,2.88,5.21,7.35,23.5
BOS,2023-10-05,13,28,39,31,42,67.74,64.52,76.19,11.19,16.29,3.45,13.9,2.74,3.93,2.93,21.55
BOS,2023-10-05,14,27,40,31,50,67.74,67.74,82.0,16.97,16.32,3.7,19.48,2.12,4.38,2.2,13.84
BOS,2023-10-05,15,37,33,43,38,74.42,65.12,73.68,11.12,17.95,4.83,15.3,1.92,3.77,2.39,16.97
BOS,2023-10-05,16,27,39,30,44,73.33,63.33,70.45,21.7,23.8,10.55,31.7,3.73,5.38,6.98,18.3
BOS,2023-10-05,17,54,38,55,43,72.73,36.36,76.74,12.76,33.36,19.85,31.53,4.7,4.9,5.07,12.0
BOS,2023-10-05,18,36,34,35,40,74.29,2.86,70.0,18.0,38.94,25.39,41.51,5.93,5.49,7.53,15.35
BOS,2023-10-05,19,31,32,33,37,75.76,51.52,83.78,13.09,26.82,12.98,24.06,8.81,7.26,5.11,9.41
BOS,2023-10-05,20,28,22,29,24,79.31,72.41,70.83,10.48,18.03,4.62,13.31,8.75,4.32,3.46,20.96
BOS,2023-10-05,21,15,23,18,24,72.22,72.22,79.17,15.28,16.0,2.69,16.72,3.38,1.53,0.75,7.63
BOS,2023-10-05,22,8,25,14,26,92.86,92.86,80.77,2.93,13.86,1.14,2.86,3.65,1.47,1.69,12.38
BOS,2023-10-05,23,6,32,6,33,83.33,100.0,66.67,2.5,17.17,3.78,3.17,3.36,1.38,2.12,59.06
BOS,2023-10-06,0,0,12,0,13,0.0,0.0,92.31,0.0,0.0,0.0,0.0,3.62,0.82,1.15,7.08
BOS,2023-10-06,1,0,0,0,0,0.0,0.0,0.0,0.0,0.0,0.0,0.0,0.0,0.0,0.0,0.0
BOS,2023-10-06,3,0,0,0,0,0.0,0.0,0.0,0.0,0.0,0.0,0.0,0.0,0.0,0.0,0.0
BOS,2023-10-06,4,0,1,0,3,0.0,0.0,33.33,0.0,0.0,0.0,0.0,0.0,4.1,0.67,14.0
BOS,2023-10-06,5,14,8,16,12,93.75,93.75,58.33,1.88,13.44,1.59,2.31,2.92,4.19,2.83,21.92
BOS,2023-10-06,6,39,12,40,15,97.5,77.5,73.33,2.42,22.33,8.86,8.88,2.2,9.62,3.73,10.6
BOS,2023-10-06,7,47,19,46,19,89.13,89.13,84.21,6.85,16.96,3.64,8.57,2.16,5.99,1.0,4.05
BOS,2023-10-06,8,41,27,48,28,83.33,83.33,75.0,22.04,16.42,3.86,24.44,3.89,4.31,4.18,8.5
BOS,2023-10-06,9,26,23,30,21,63.33,60.0,100.0,12.33,15.13,2.51,14.27,1.86,3.28,0.48,0.0
BOS,2023-10-06,10,28,31,35,37,74.29,71.43,91.89,9.49,15.57,3.43,12.2,2.19,3.68,1.92,2.65
BOS,2023-10-06,11,29,33,31,31,67.74,61.29,80.65,32.94,17.71,4.75,36.58,4.16,5.15,2.16,7.35
BOS,2023-10-06,12,33,29,36,36,80.56,69.44,94.44,11.61,18.53,5.27,15.72,4.61,3.38,1.36,6.06
BOS,2023-10-06,13,27,38,28,38,82.14,75.0,81.58,27.82,16.39,3.62,30.89,3.0,3.05,2.13,10.29
BOS,2023-10-06,14,29,39,35,44,74.29,68.57,65.91,15.14,17.37,5.02,19.09,5.52,2.89,3.41,18.98
BOS,2023-10-06,15,36,37,39,45,71.79,56.41,60.0,17.36,20.41,6.91,23.08,4.53,3.23,5.27,24.16
BOS,2023-10-06,16,28,37,33,40,42.42,39.39,37.5,45.39,18.94,5.86,50.55,7.65,3.44,10.58,36.63
BOS,2023-10-06,17,51,35,54,36,50.0,46.3,38.89,26.7,19.3,6.29,32.44,4.5,5.32,5.78,41.53
BOS,2023-10-06,18,35,41,36,41,50.0,44.44,41.46,32.33,18.78,5.66,36.97,3.76,4.24,5.78,38.73
BOS,2023-10-06,19,32,31,34,37,52.94,44.12,35.14,23.68,18.76,5.63,28.68,3.51,6.84,6.03,35.81
BOS,2023-10-06,20,29,21,30,25,43.33,40.0,48.0,37.53,15.17,2.26,39.4,1.96,6.21,3.8,31.8
BOS,2023-10-06,21,14,22,16,23,56.25,50.0,52.17,28.06,15.25,2.11,29.38,3.09,3.93,1.74,26.74
BOS,2023-10-06,22,10,29,15,29,53.33,53.33,58.62,8.8,16.4,3.68,11.73,3.38,5.33,4.03,28.38
BOS,2023-10-06,23,7,33,7,33,57.14,42.86,63.64,10.43,20.0,6.56,15.71,1.48,3.04,2.24,46.52
BOS,2023-10-07,0,0,9,0,14,0.0,0.0,71.43,0.0,0.0,0.0,0.0,2.14,4.67,2.0,10.29
BOS,2023-10-07,1,0,0,3,1,66.67,66.67,0.0,21.0,13.67,0.53,21.67,2.0,2.0,5.0,72.0
BOS,2023-10-07,2,0,0,0,0,0.0,0.0,0.0,0.0,0.0,0.0,0.0,0.0,0.0,0.0,0.0
BOS,2023-10-07,3,0,0,0,0,0.0,0.0,0.0,0.0,0.0,0.0,0.0,0.0,0.0,0.0,0.0
BOS,2023-10-07,4,0,1,0,1,0.0,0.0,100.0,0.0,0.0,0.0,0.0,0.0,2.7,0.0,0.0
BOS,2023-10-07,5,13,6,13,8,76.92,76.92,50.0,34.92,15.69,2.55,36.69,5.5,2.03,6.38,35.88
BOS,2023-10-07,6,30,11,30,16,90.0,83.33,31.25,10.37,18.43,4.98,13.2,60.38,6.44,66.81,69.5
BOS,2023-10-07,7,46,12,46,11,80.43,73.91,72.73,29.8,18.37,5.29,33.0,6.55,4.45,6.09,39.73
BOS,2023-10-07,8,37,19,40,19,72.5,67.5,89.47,12.83,16.3,3.49,15.23,2.58,2.56,2.42,4.11
BOS,2023-10-07,9,29,23,30,25,90.0,90.0,80.0,5.4,14.13,1.69,5.4,7.0,2.16,7.52,10.4
BOS,2023-10-07,10,23,27,24,31,75.0,79.17,90.32,24.75,12.71,1.25,25.33,2.52,3.38,1.87,5.1
BOS,2023-10-07,11,26,29,32,29,84.38,81.25,86.21,9.31,13.22,1.73,10.81,2.66,2.38,1.24,9.72
BOS,2023-10-07,12,33,22,31,22,77.42,80.65,72.73,10.94,12.32,0.57,10.45,3.05,4.1,2.82,13.91
BOS,2023-10-07,13,20,27,19,30,73.68,68.42,86.67,10.84,14.47,2.22,12.58,4.13,3.41,2.13,10.57
BOS,2023-10-07,14,21,33,24,40,70.83,70.83,85.0,14.38,13.88,1.59,15.83,4.55,3.12,3.95,4.97
BOS,2023-10-07,15,28,39,32,38,75.0,68.75,68.42,18.66,17.03,4.48,22.06,4.84,4.06,3.37,19.39
BOS,2023-10-07,16,29,36,29,39,68.97,68.97,76.92,18.45,16.76,4.09,21.28,4.23,4.96,2.92,13.92
BOS,2023-10-07,17,39,30,36,27,86.11,83.33,81.48,8.17,17.47,4.25,10.31,4.52,5.77,3.07,17.81
BOS,2023-10-07,18,28,36,29,40,75.86,68.97,72.5,12.0,15.52,3.33,14.28,4.95,6.7,7.28,17.38
BOS,2023-10-07,19,22,26,22,30,63.64,59.09,80.0,36.82,14.68,2.01,37.91,3.13,4.6,2.4,27.0
BOS,2023-10-07,20,12,19,13,21,61.54,61.54,76.19,17.92,16.54,3.62,20.38,0.81,3.61,0.29,10.52
BOS,2023-10-07,21,11,15,11,15,81.82,72.73,73.33,5.09,18.27,5.26,9.82,3.2,3.44,3.4,17.53
BOS,2023-10-07,22,7,20,8,20,75.0,75.0,85.0,9.5,19.88,6.72,14.88,5.35,4.6,6.35,13.05
BOS,2023-10-07,23,6,18,6,20,100.0,100.0,75.0,0.0,19.33,5.85,3.5,3.4,3.32,3.0,13.1
BOS,2023-10-08,0,1,13,1,9,100.0,100.0,77.78,0.0,16.0,2.6,0.0,1.67,1.32,2.44,7.22
BOS,2023-10-08,1,0,0,1,2,100.0,100.0,100.0,0.0,13.0,0.0,0.0,5.0,2.25,1.0,1.5
BOS,2023-10-08,2,0,0,0,0,0.0,0.0,0.0,0.0,0.0,0.0,0.0,0.0,0.0,0.0,0.0
BOS,2023-10-08,4,0,1,0,2,0.0,0.0,50.0,0.0,0.0,0.0,0.0,0.0,2.75,0.5,15.0
BOS,2023-10-08,5,12,9,12,7,91.67,83.33,85.71,2.17,19.5,6.22,5.58,0.0,3.47,2.14,4.71
BOS,2023-10-08,6,30,12,31,10,96.77,96.77,90.0,1.23,17.16,3.88,2.81,0.8,7.22,2.5,5.2
BOS,2023-10-08,7,45,12,49,12,89.8,77.55,75.0,3.16,19.84,6.38,7.33,3.75,5.72,3.92,30.58
BOS,2023-10-08,8,41,18,41,17,87.8,85.37,88.24,6.54,15.98,2.77,7.88,1.82,1.08,1.41,6.24
BOS,2023-10-08,9,25,21,30,21,83.33,83.33,90.48,9.9,15.43,2.78,11.93,4.76,1.66,1.19,2.71
BOS,2023-10-08,10,26,32,30,35,96.67,93.33,91.43,3.2,15.8,2.85,5.2,5.43,1.3,1.17,14.06
BOS,2023-10-08,11,31,28,28,29,92.86,92.86,86.21,5.5,18.57,5.04,7.68,3.62,3.34,1.83,12.69
BOS,2023-10-08,12,31,31,35,33,80.0,80.0,90.91,16.8,15.69,3.1,19.26,6.97,0.99,1.18,7.58
BOS,2023-10-08,13,28,40,29,45,86.21,79.31,88.89,16.48,19.28,6.45,21.28,6.11,2.74,1.27,7.07
BOS,2023-10-08,14,31,35,35,35,91.43,88.57,85.71,3.83,16.0,3.29,5.46,2.0,3.0,1.11,6.0
BOS,2023-10-08,15,33,35,35,35,88.57,74.29,74.29,6.86,20.2,6.69,12.09,1.89,2.36,0.83,12.8
BOS,2023-10-08,16,26,38,30,40,66.67,56.67,87.5,24.97,19.77,6.56,30.83,2.55,2.65,1.38,11.03
BOS,2023-10-08,17,50,37,49,43,87.76,81.63,81.4,9.98,23.88,10.48,17.43,9.95,3.7,7.6,13.07
BOS,2023-10-08,18,36,38,35,44,62.86,62.86,79.55,20.4,20.14,6.83,25.54,4.14,3.53,1.98,15.86
BOS,2023-10-08,19,35,33,38,36,68.42,60.53,91.67,39.34,19.74,6.44,44.84,9.94,4.42,2.53,6.56
BOS,2023-10-08,20,30,21,31,27,77.42,64.52,81.48,11.29,21.0,7.67,16.65,5.78,6.8,3.37,6.26
BOS,2023-10-08,21,12,22,15,23,53.33,60.0,73.91,25.2,19.2,6.89,30.0,3.96,4.89,1.57,14.61
BOS,2023-10-08,22,10,28,11,29,81.82,81.82,65.52,5.64,20.36,7.08,11.91,4.07,3.73,4.34,10.48
BOS,2023-10-08,23,7,32,5,33,40.0,40.0,84.85,19.4,15.8,2.86,21.2,3.64,3.49,3.7,13.79
BOS,2023-10-09,0,0,14,1,13,100.0,0.0,69.23,0.0,30.0,16.4,16.0,2.38,1.49,1.54,13.85
BOS,2023-10-09,1,0,1,0,0,0.0,0.0,0.0,0.0,0.0,0.0,0.0,0.0,0.0,0.0,0.0
BOS,2023-10-09,2,0,0,0,1,0.0,0.0,0.0,0.0,0.0,0.0,0.0,10.0,1.8,14.0,22.0
BOS,2023-10-09,3,0,0,0,0,0.0,0.0,0.0,0.0,0.0,0.0,0.0,0.0,0.0,0.0,0.0
BOS,2023-10-09,4,0,1,0,2,0.0,0.0,50.0,0.0,0.0,0.0,0.0,0.5,2.75,2.0,439.0
BOS,2023-10-09,5,14,7,14,8,100.0,92.86,75.0,0.14,17.0,4.58,2.21,0.13,2.6,4.63,4.75
BOS,2023-10-09,6,38,9,38,13,92.11,78.95,61.54,13.63,21.68,8.2,19.29,3.08,4.82,6.92,10.85
BOS,2023-10-09,7,48,21,48,18,79.17,56.25,94.44,13.69,26.67,13.11,23.46,4.0,6.29,1.33,5.56
BOS,2023-10-09,8,43,27,45,26,80.0,68.89,88.46,12.96,24.0,10.55,20.62,4.15,3.96,3.35,5.42
BOS,2023-10-09,9,25,23,29,24,89.66,75.86,87.5,25.86,23.45,10.26,33.14,3.54,2.15,0.92,3.17
BOS,2023-10-09,10,29,32,31,34,80.65,77.42,82.35,6.87,17.23,4.51,9.77,5.24,2.2,2.97,7.0
BOS,2023-10-09,11,30,30,32,35,81.25,75.0,88.57,9.09,18.22,5.03,13.03,4.0,2.79,2.26,6.46
BOS,2023-10-09,12,31,32,32,31,84.38,75.0,74.19,6.75,23.0,9.58,13.34,8.65,2.44,2.42,12.52
BOS,2023-10-09,13,27,36,34,37,73.53,70.59,91.89,13.24,16.85,3.65,15.74,3.32,1.65,0.3,5.3
BOS,2023-10-09,14,28,37,33,44,84.85,81.82,81.82,8.79,15.85,3.61,11.03,2.66,2.46,0.77,11.75
BOS,2023-10-09,15,35,38,39,36,82.05,74.36,72.22,15.85,17.97,4.64,18.87,1.58,2.97,0.33,15.08
BOS,2023-10-09,16,28,38,33,45,81.82,69.7,84.44,9.21,19.03,5.74,13.76,2.58,3.2,1.33,19.29
BOS,2023-10-09,17,49,35,55,39,89.09,45.45,76.92,23.93,28.95,15.39,36.87,3.79,3.75,2.82,13.36
BOS,2023-10-09,18,39,38,42,43,66.67,35.71,72.09,18.4,29.14,15.73,32.12,2.4,6.94,3.72,20.35
BOS,2023-10-09,19,29,31,31,35,70.97,64.52,77.14,21.9,19.77,6.67,26.55,5.0,6.31,3.2,13.97
BOS,2023-10-09,20,28,23,31,24,67.74,64.52,79.17,12.0,18.35,4.94,14.77,3.25,8.38,3.21,13.25
BOS,2023-10-09,21,15,20,17,21,76.47,70.59,76.19,17.12,17.0,3.78,20.29,2.71,1.81,0.43,19.67
BOS,2023-10-09,22,9,29,16,29,87.5,87.5,75.86,5.69,16.63,3.76,7.06,2.52,2.8,1.45,16.59
BOS,2023-10-09,23,7,29,8,29,75.0,75.0,86.21,12.13,20.63,7.21,16.88,3.21,3.47,2.0,7.45
BOS,2023-10-10,0,0,9,0,14,0.0,0.0,64.29,0.0,0.0,0.0,0.0,1.86,1.06,0.0,11.79
BOS,2023-10-10,1,0,1,0,1,0.0,0.0,100.0,0.0,0.0,0.0,0.0,1.0,0.0,0.0,0.0
BOS,2023-10-10,2,0,0,0,0,0.0,0.0,0.0,0.0,0.0,0.0,0.0,0.0,0.0,0.0,0.0
BOS,2023-10-10,4,0,1,0,3,0.0,0.0,66.67,0.0,0.0,0.0,0.0,1.0,3.1,3.33,19.33
BOS,2023-10-10,5,13,8,15,10,100.0,93.33,50.0,1.33,16.0,3.05,3.27,0.8,2.46,2.9,112.2
BOS,2023-10-10,6,37,8,38,14,92.11,78.95,92.86,3.84,22.0,8.61,9.55,1.36,3.77,2.14,3.86
BOS,2023-10-10,7,47,20,48,20,81.25,64.58,70.0,9.85,25.73,12.15,18.98,5.4,5.61,2.1,22.2
BOS,2023-10-10,8,42,24,48,28,81.25,64.58,96.43,26.77,23.5,10.0,34.38,4.18,2.79,1.39,1.46
BOS,2023-10-10,9,25,22,29,22,82.76,82.76,81.82,6.55,18.0,4.7,9.41,3.41,2.26,3.55,9.95
BOS,2023-10-10,10,26,28,27,36,85.19,85.19,91.67,11.78,15.81,3.1,13.52,4.39,1.49,2.03,3.0
BOS,2023-10-10,11,27,30,31,30,74.19,70.97,90.0,11.74,17.26,4.08,14.13,5.47,4.53,2.2,8.67
BOS,2023-10-10,12,33,31,35,33,77.14,74.29,87.88,15.11,17.23,4.16,17.97,3.97,1.61,2.06,5.45
BOS,2023-10-10,13,27,35,30,37,83.33,76.67,89.19,6.07,16.63,3.86,9.07,3.05,2.03,0.22,5.03
BOS,2023-10-10,14,25,36,27,40,85.19,77.78,87.5,5.74,17.96,5.13,9.15,3.13,3.7,0.98,5.22
BOS,2023-10-10,15,33,33,36,33,80.56,80.56,81.82,7.81,17.69,4.6,10.92,3.18,4.95,3.58,6.09
BOS,2023-10-10,16,26,41,30,47,80.0,63.33,91.49,13.6,18.83,6.11,18.73,3.26,4.42,1.23,5.23
BOS,2023-10-10,17,48,35,50,36,78.0,72.0,72.22,27.48,21.48,8.02,33.98,2.47,3.87,0.97,14.83
BOS,2023-10-10,18,39,38,40,44,72.5,60.0,84.09,14.03,22.08,8.64,20.85,3.34,3.63,1.77,8.07
BOS,2023-10-10,19,24,30,25,34,80.0,72.0,88.24,9.2,18.56,5.04,12.36,4.47,5.73,1.76,10.03
BOS,2023-10-10,20,29,21,31,21,74.19,61.29,90.48,12.06,19.74,6.48,16.45,2.76,4.73,0.33,5.81
BOS,2023-10-10,21,11,20,11,20,72.73,72.73,95.0,20.64,15.18,3.01,21.0,3.45,1.8,0.3,1.65
BOS,2023-10-10,22,7,27,13,27,100.0,84.62,85.19,0.38,18.23,4.97,3.0,2.52,0.93,0.63,14.04
BOS,2023-10-10,23,6,27,7,27,85.71,71.43,77.78,10.86,16.57,3.39,13.43,2.59,1.13,0.0,17.04
BOS,2023-10-11,0,1,9,1,11,100.0,100.0,90.91,0.0,12.0,0.0,0.0,0.91,0.93,1.0,6.91
BOS,2023-10-11,1,0,1,0,1,0.0,0.0,100.0,0.0,0.0,0.0,0.0,0.0,0.0,0.0,0.0
BOS,2023-10-11,2,0,0,1,0,100.0,100.0,0.0,0.0,19.0,5.6,6.0,0.0,0.0,0.0,0.0
BOS,2023-10-11,3,0,0,0,0,0.0,0.0,0.0,0.0,0.0,0.0,0.0,0.0,0.0,0.0,0.0
BOS,2023-10-11,4,0,1,0,3,0.0,0.0,66.67,0.0,0.0,0.0,0.0,22.67,4.43,29.67,43.33
BOS,2023-10-11,5,13,7,14,10,92.86,92.86,80.0,2.07,14.43,2.25,3.0,0.1,1.72,0.0,10.4
BOS,2023-10-11,6,37,11,38,13,84.21,76.32,84.62,5.29,20.95,7.42,10.45,1.77,9.04,4.15,5.92
BOS,2023-10-11,7,45,20,47,20,89.36,59.57,95.0,5.04,26.23,12.65,13.79,2.2,3.58,0.5,1.75
BOS,2023-10-11,8,40,24,44,23,93.18,81.82,95.65,4.7,21.55,8.03,9.75,4.35,3.17,1.35,2.78
BOS,2023-10-11,9,29,17,29,23,96.55,86.21,78.26,2.0,18.76,5.78,5.76,4.04,2.25,3.96,22.26
BOS,2023-10-11,10,20,30,25,32,92.0,88.0,87.5,4.32,17.12,3.82,6.24,4.72,1.52,2.63,6.38
BOS,2023-10-11,11,26,32,30,33,86.67,83.33,87.88,6.63,16.7,3.57,8.47,4.18,3.35,1.91,3.27
BOS,2023-10-11,12,31,28,34,30,91.18,88.24,86.67,4.21,17.15,4.4,6.68,5.53,1.52,3.7,4.53
BOS,2023-10-11,13,25,32,28,37,78.57,75.0,81.08,14.86,16.07,3.17,16.93,4.24,2.34,2.46,8.16
BOS,2023-10-11,14,25,34,26,40,84.62,88.46,82.5,8.81,15.23,2.51,9.58,3.2,2.78,3.17,7.47
BOS,2023-10-11,15,33,35,38,35,92.11,81.58,88.57,6.58,18.0,4.75,10.58,1.89,3.73,1.71,4.63
BOS,2023-10-11,16,27,37,32,42,84.38,62.5,90.48,8.75,20.03,7.09,14.81,2.62,2.55,0.83,5.02
BOS,2023-10-11,17,46,34,45,35,91.11,64.44,88.57,4.96,26.36,12.8,14.87,2.31,4.47,1.06,9.03
BOS,2023-10-11,18,34,38,36,41,80.56,36.11,92.68,12.33,27.0,13.58,23.36,2.54,3.36,1.68,5.17
BOS,2023-10-11,19,26,29,29,35,86.21,82.76,91.43,5.69,16.34,3.18,7.07,4.83,4.4,2.69,2.51
BOS,2023-10-11,20,27,21,28,26,82.14,82.14,76.92,10.0,16.96,3.74,11.82,3.88,5.28,2.27,17.0
BOS,2023-10-11,21,13,22,16,24,93.75,93.75,87.5,4.5,15.75,2.57,6.19,3.58,2.29,0.79,8.54
BOS,2023-10-11,22,8,27,14,27,100.0,92.86,85.19,0.0,17.36,4.4,3.14,1.04,1.94,0.63,13.37
BOS,2023-10-11,23,7,27,8,29,75.0,75.0,86.21,10.63,16.75,3.39,13.38,3.31,1.4,1.1,8.14
BOS,2023-10-12,0,0,13,0,10,0.0,0.0,60.0,0.0,0.0,0.0,0.0,1.2,0.81,0.9,19.4
BOS,2023-10-12,1,0,1,0,1,0.0,0.0,100.0,0.0,0.0,0.0,0.0,0.0,0.0,0.0,0.0
BOS,2023-10-12,2,0,0,0,0,0.0,0.0,0.0,0.0,0.0,0.0,0.0,0.0,0.0,0.0,0.0
BOS,2023-10-12,4,0,1,1,3,0.0,0.0,66.67,23.0,19.0,5.6,29.0,1.0,7.1,1.67,36.67
BOS,2023-10-12,5,14,9,16,11,93.75,93.75,72.73,14.38,16.81,4.02,16.19,1.55,2.91,0.45,20.0
BOS,2023-10-12,6,38,10,38,14,86.84,81.58,85.71,6.05,22.11,8.65,11.84,0.86,5.71,0.36,6.71
BOS,2023-10-12,7,46,20,48,21,91.67,66.67,85.71,4.48,25.88,12.35,13.75,3.57,3.57,1.57,10.29
BOS,2023-10-12,8,43,24,45,24,82.22,71.11,83.33,7.8,23.53,10.03,14.0,3.96,4.18,2.04,17.46
BOS,2023-10-12,9,27,18,27,20,85.19,85.19,95.0,6.0,17.48,4.72,8.74,5.3,3.6,1.55,2.0
BOS,2023-10-12,10,24,33,33,38,78.79,69.7,73.68,12.55,18.24,4.9,16.45,7.45,1.41,3.47,17.21
BOS,2023-10-12,11,28,29,31,29,74.19,61.29,89.66,19.81,21.84,8.45,26.32,4.17,2.05,2.21,4.38
BOS,2023-10-12,12,30,30,31,33,67.74,67.74,78.79,12.84,15.65,2.99,15.0,5.3,2.72,3.55,15.39
BOS,2023-10-12,13,27,36,28,40,75.0,60.71,80.0,13.18,20.0,6.92,19.04,5.33,3.29,5.53,12.53
BOS,2023-10-12,14,26,35,30,41,83.33,83.33,75.61,14.1,17.47,4.88,17.73,2.44,3.67,2.9,13.73
BOS,2023-10-12,15,35,36,38,38,68.42,65.79,76.32,22.66,18.74,5.41,26.74,3.74,3.2,5.5,23.37
BOS,2023-10-12,16,27,38,31,46,51.61,45.16,63.04,29.16,18.0,5.34,34.1,3.04,5.01,4.15,22.83
BOS,2023-10-12,17,50,33,53,41,83.02,52.83,68.29,12.55,24.42,11.01,22.08,2.78,6.78,3.9,19.2
BOS,2023-10-12,18,36,40,41,46,68.29,41.46,63.04,31.95,25.9,12.51,42.85,2.37,11.63,6.89,28.65
BOS,2023-10-12,19,28,31,31,39,61.29,48.39,76.92,22.61,20.42,6.95,28.45,4.08,9.89,6.31,12.49
BOS,2023-10-12,20,30,20,36,22,75.0,72.22,68.18,16.28,17.97,4.91,20.14,1.23,7.45,3.36,14.91
BOS,2023-10-12,21,14,20,17,22,94.12,88.24,68.18,2.0,19.35,6.16,5.76,1.95,4.18,2.23,26.36
BOS,2023-10-12,22,7,28,15,27,86.67,86.67,62.96,3.27,15.73,3.68,4.6,0.74,2.84,1.15,58.63
BOS,2023-10-12,23,6,30,6,31,50.0,50.0,77.42,35.5,16.0,2.68,37.83,1.35,3.46,2.48,15.94
BOS,2023-10-13,0,0,13,0,13,0.0,0.0,53.85,0.0,0.0,0.0,0.0,1.69,2.95,1.77,27.38
BOS,2023-10-13,1,0,1,0,1,0.0,0.0,100.0,0.0,0.0,0.0,0.0,0.0,1.0,0.0,0.0
BOS,2023-10-13,2,0,0,0,0,0.0,0.0,0.0,0.0,0.0,0.0,0.0,0.0,0.0,0.0,0.0
BOS,2023-10-13,3,0,0,0,0,0.0,0.0,0.0,0.0,0.0,0.0,0.0,0.0,0.0,0.0,0.0
BOS,2023-10-13,4,0,1,0,4,0.0,0.0,100.0,0.0,0.0,0.0,0.0,0.0,2.53,0.0,0.75
BOS,2023-10-13,5,14,8,16,11,87.5,87.5,63.64,4.94,15.81,3.84,7.31,1.82,2.96,2.45,25.27
BOS,2023-10-13,6,38,11,38,13,86.84,57.89,61.54,8.21,26.47,12.97,18.32,1.54,4.57,0.54,37.54
BOS,2023-10-13,7,47,21,47,21,89.36,61.7,85.71,5.26,28.09,14.56,17.36,3.9,7.8,3.0,4.24
BOS,2023-10-13,8,42,25,46,24,80.43,63.04,87.5,9.93,23.48,10.04,17.74,5.54,7.51,4.79,9.79
BOS,2023-10-13,9,26,20,29,24,82.76,68.97,66.67,10.07,23.9,10.59,18.38,5.17,2.17,3.88,13.25
BOS,2023-10-13,10,24,32,30,36,60.0,33.33,88.89,17.97,28.57,15.09,31.93,6.61,2.09,1.83,5.94
BOS,2023-10-13,11,27,28,29,28,79.31,41.38,89.29,10.41,35.48,21.89,30.28,3.32,4.07,1.21,17.82
BOS,2023-10-13,12,30,29,30,28,80.0,56.67,78.57,28.53,23.63,10.84,37.7,6.43,3.47,2.86,9.29
BOS,2023-10-13,13,26,36,29,37,68.97,68.97,81.08,17.03,14.83,2.29,18.9,2.84,5.66,4.11,10.38
BOS,2023-10-13,14,25,35,29,38,79.31,68.97,76.32,6.07,16.93,4.64,10.17,2.66,3.68,1.32,14.89
BOS,2023-10-13,15,36,34,38,39,89.47,86.84,79.49,11.58,17.87,4.9,14.68,2.62,3.54,0.95,14.49
BOS,2023-10-13,16,28,37,31,39,67.74,58.06,76.92,38.19,18.45,6.04,43.74,6.23,4.18,3.85,11.41
BOS,2023-10-13,17,49,34,52,36,75.0,55.77,69.44,11.12,24.31,11.07,20.58,5.67,6.63,4.86,17.33
BOS,2023-10-13,18,33,38,36,41,66.67,33.33,70.73,20.94,26.11,12.79,32.5,2.54,9.09,3.51,15.02
BOS,2023-10-13,19,29,31,31,34,80.65,70.97,76.47,11.26,19.19,5.96,15.39,6.53,5.45,2.32,11.06
BOS,2023-10-13,20,29,21,29,22,62.07,65.52,63.64,16.38,14.62,1.84,17.72,2.64,7.41,4.05,11.59
BOS,2023-10-13,21,13,21,14,22,78.57,71.43,68.18,8.0,16.21,3.65,10.93,1.82,3.02,2.27,15.32
BOS,2023-10-13,22,9,30,15,31,86.67,66.67,58.06,9.0,18.93,6.14,14.33,2.29,3.81,1.06,38.1
BOS,2023-10-13,23,7,30,7,31,71.43,57.14,77.42,21.0,25.0,11.53,30.43,1.71,3.02,1.23,28.19
BOS,2023-10-14,0,0,9,1,13,0.0,0.0,61.54,65.0,11.0,0.0,62.0,1.54,2.79,0.08,14.46
BOS,2023-10-14,1,0,1,0,1,0.0,0.0,100.0,0.0,0.0,0.0,0.0,0.0,1.0,0.0,0.0
BOS,2023-10-14,2,0,0,2,0,0.0,0.0,0.0,82.0,17.0,3.6,86.0,0.0,0.0,0.0,0.0
BOS,2023-10-14,3,0,0,0,1,0.0,0.0,100.0,0.0,0.0,0.0,0.0,6.0,2.8,9.0,0.0
BOS,2023-10-14,4,0,1,0,1,0.0,0.0,100.0,0.0,0.0,0.0,0.0,0.0,7.7,0.0,0.0
BOS,2023-10-14,5,13,6,14,8,85.71,85.71,75.0,3.14,17.79,4.58,5.64,0.0,6.9,3.13,21.63
BOS,2023-10-14,6,30,10,30,14,90.0,86.67,85.71,7.07,20.27,6.9,10.9,0.93,7.3,1.93,5.71
BOS,2023-10-14,7,45,14,45,13,84.44,73.33,92.31,7.58,20.11,6.51,12.0,2.31,3.92,1.0,10.38
BOS,2023-10-14,8,39,17,40,17,70.0,62.5,88.24,8.93,21.27,7.85,15.38,4.29,2.5,2.65,12.35
BOS,2023-10-14,9,31,21,34,22,76.47,64.71,90.91,15.68,22.44,8.95,23.32,2.68,2.2,2.05,5.41
BOS,2023-10-14,10,22,29,25,29,92.0,88.0,93.1,4.64,17.68,4.7,7.8,4.9,3.31,1.1,7.0
BOS,2023-10-14,11,21,25,24,29,79.17,70.83,86.21,12.13,20.5,7.1,16.79,2.31,2.26,2.28,4.17
BOS,2023-10-14,12,34,22,33,26,93.94,90.91,92.31,6.21,15.94,3.21,8.21,2.73,3.77,2.65,5.35
BOS,2023-10-14,13,21,26,24,29,87.5,87.5,68.97,8.42,11.67,1.03,8.46,1.1,3.99,0.45,24.03
BOS,2023-10-14,14,17,34,20,33,70.0,65.0,75.76,20.25,13.8,2.36,22.15,1.64,5.83,1.61,11.79
BOS,2023-10-14,15,27,37,30,40,83.33,73.33,80.0,7.2,15.47,2.76,9.0,2.0,3.95,0.63,11.9
BOS,2023-10-14,16,28,37,30,45,83.33,83.33,84.44,11.73,14.57,2.17,12.7,2.42,6.57,1.49,19.87
BOS,2023-10-14,17,38,30,41,35,68.29,68.29,74.29,31.2,15.34,2.9,32.9,2.63,3.85,11.91,23.74
BOS,2023-10-14,18,28,31,29,37,89.66,79.31,89.19,11.83,18.9,5.99,16.48,2.92,4.71,2.81,12.76
BOS,2023-10-14,19,18,25,21,27,80.95,76.19,77.78,13.29,15.19,2.18,14.38,1.74,5.44,1.78,14.93
BOS,2023-10-14,20,11,20,12,21,83.33,83.33,95.24,4.75,13.83,1.06,5.17,0.95,6.81,1.95,9.05
BOS,2023-10-14,21,11,15,12,15,75.0,58.33,80.0,14.33,16.83,3.64,17.42,2.07,4.04,0.8,19.87
BOS,2023-10-14,22,7,20,8,20,62.5,50.0,65.0,11.5,19.0,5.9,16.63,0.7,3.74,0.9,23.75
BOS,2023-10-14,23,6,17,7,17,100.0,100.0,76.47,1.57,15.29,2.13,3.43,0.76,5.14,2.53,9.29
BOS,2023-10-15,0,1,13,1,9,100.0,100.0,44.44,0.0,12.0,0.0,0.0,1.78,2.48,0.0,18.22
BOS,2023-10-15,1,0,1,1,1,100.0,100.0,100.0,0.0,12.0,0.0,0.0,0.0,4.0,6.0,8.0
BOS,2023-10-15,2,0,0,0,0,0.0,0.0,0.0,0.0,0.0,0.0,0.0,0.0,0.0,0.0,0.0
BOS,2023-10-15,4,0,1,0,2,0.0,0.0,50.0,0.0,0.0,0.0,0.0,4.5,9.75,6.0,11.0
BOS,2023-10-15,5,12,9,12,7,83.33,75.0,100.0,38.42,15.25,2.63,40.17,1.71,3.11,1.86,0.0
BOS,2023-10-15,6,30,11,31,9,93.55,93.55,88.89,8.32,17.03,3.98,10.23,1.22,4.22,0.33,5.0
BOS,2023-10-15,7,44,12,45,14,82.22,75.56,100.0,14.29,16.67,3.49,16.29,7.79,2.95,1.5,0.0
BOS,2023-10-15,8,39,17,41,20,70.73,70.73,90.0,21.44,15.37,2.65,22.9,5.2,2.35,3.3,4.6
BOS,2023-10-15,9,24,19,32,18,68.75,65.63,88.89,15.69,14.31,2.02,16.78,2.39,2.58,3.0,9.5
BOS,2023-10-15,10,22,33,29,36,72.41,62.07,86.11,12.69,15.21,2.34,14.69,5.25,2.24,3.33,7.75
BOS,2023-10-15,11,29,23,31,26,74.19,74.19,88.46,13.68,14.32,1.72,14.61,5.73,3.97,2.88,5.38
BOS,2023-10-15,12,28,26,32,28,84.38,84.38,89.29,11.72,13.56,1.51,12.25,3.14,3.44,1.04,10.14
BOS,2023-10-15,13,27,42,27,45,88.89,85.19,84.44,21.0,16.07,3.38,23.89,4.33,3.63,3.16,9.58
BOS,2023-10-15,14,29,31,32,37,87.5,75.0,83.78,4.63,15.59,3.01,6.69,5.89,4.45,4.22,8.22
BOS,2023-10-15,15,32,33,35,40,85.71,80.0,90.0,7.46,18.43,5.34,12.34,3.15,4.46,3.1,4.05
BOS,2023-10-15,16,26,39,29,44,82.76,82.76,68.18,5.97,17.34,4.62,9.24,3.75,5.24,4.48,15.8
BOS,2023-10-15,17,49,34,54,34,79.63,70.37,91.18,8.44,19.17,6.31,13.65,3.59,4.02,1.76,4.82
BOS,2023-10-15,18,33,36,34,42,85.29,61.76,61.9,9.94,20.41,7.28,15.53,1.57,5.45,3.19,35.43
BOS,2023-10-15,19,31,34,31,36,67.74,61.29,83.33,22.1,18.52,5.12,25.97,4.08,4.74,2.75,9.14
BOS,2023-10-15,20,31,21,31,24,74.19,70.97,75.0,19.32,18.06,4.87,22.48,2.71,7.0,3.79,20.33
BOS,2023-10-15,21,13,20,15,24,73.33,60.0,79.17,17.4,18.53,5.85,22.6,2.67,4.02,4.13,11.21
BOS,2023-10-15,22,8,31,11,33,72.73,72.73,66.67,18.64,17.0,3.98,21.18,3.85,5.15,2.91,14.82
BOS,2023-10-15,23,6,30,6,31,66.67,66.67,80.65,11.67,19.33,5.95,15.83,2.84,4.38,5.23,12.9
BOS,2023-10-16,0,0,14,1,13,100.0,100.0,69.23,0.0,27.0,13.4,13.0,2.46,2.38,1.31,12.08
BOS,2023-10-16,1,1,1,1,1,100.0,100.0,100.0,0.0,16.0,2.6,2.0,2.0,0.0,0.0,0.0
BOS,2023-10-16,2,0,0,0,0,0.0,0.0,0.0,0.0,0.0,0.0,0.0,0.0,0.0,0.0,0.0
BOS,2023-10-16,4,0,1,0,2,0.0,0.0,0.0,0.0,0.0,0.0,0.0,0.0,2.75,14.0,17.5
BOS,2023-10-16,5,14,7,15,8,100.0,100.0,50.0,0.73,15.2,2.3,1.47,2.5,2.73,12.38,29.75
BOS,2023-10-16,6,38,10,39,11,79.49,66.67,54.55,11.05,20.28,7.08,16.72,2.0,4.85,15.0,16.64
BOS,2023-10-16,7,47,22,48,22,81.25,72.92,72.73,7.96,20.69,7.14,13.27,4.32,5.35,8.05,17.23
BOS,2023-10-16,8,44,25,47,25,74.47,65.96,88.0,28.87,18.13,5.06,32.57,5.8,2.9,2.96,4.56
BOS,2023-10-16,9,25,19,26,20,92.31,84.62,95.0,3.04,16.38,3.9,5.35,2.25,3.37,0.75,2.75
BOS,2023-10-16,10,25,31,27,31,92.59,85.19,90.32,3.19,16.15,2.93,5.04,3.39,1.59,2.42,6.71
BOS,2023-10-16,11,26,30,32,31,84.38,84.38,77.42,6.47,14.13,2.04,7.44,2.9,3.3,3.55,9.65
BOS,2023-10-16,12,32,29,33,37,72.73,75.76,83.78,15.76,13.3,1.44,16.15,4.08,2.71,2.59,29.65
BOS,2023-10-16,13,26,37,30,37,73.33,66.67,81.08,10.1,16.37,4.18,13.23,2.57,3.89,4.59,10.51
BOS,2023-10-16,14,26,36,29,42,86.21,82.76,83.33,11.93,12.38,1.11,12.28,3.19,3.95,3.79,5.88
BOS,2023-10-16,15,36,34,37,41,86.49,81.08,65.85,6.0,15.76,2.8,7.92,2.56,4.35,3.24,29.29
BOS,2023-10-16,16,28,37,33,40,81.82,75.76,80.0,9.18,15.55,3.0,11.42,3.88,5.19,5.47,9.6
BOS,2023-10-16,17,48,34,48,36,60.42,56.25,75.0,21.56,18.58,5.33,26.21,4.33,5.83,5.33,12.81
BOS,2023-10-16,18,35,37,38,39,68.42,57.89,61.54,16.37,19.39,6.68,21.63,2.33,7.42,7.69,18.9
BOS,2023-10-16,19,29,30,29,33,62.07,55.17,78.79,15.31,16.9,3.75,18.52,4.03,6.98,6.42,33.33
BOS,2023-10-16,20,29,23,30,24,70.0,66.67,66.67,14.57,16.83,3.63,17.87,3.21,4.71,3.88,24.25
BOS,2023-10-16,21,14,20,16,21,62.5,62.5,66.67,17.56,16.31,4.18,19.69,3.67,4.42,3.76,13.24
BOS,2023-10-16,22,9,29,14,28,64.29,64.29,60.71,21.71,15.57,3.31,24.43,3.11,3.05,5.18,28.21
BOS,2023-10-16,23,6,29,7,32,57.14,57.14,78.13,18.0,16.57,3.54,18.86,1.88,2.92,3.78,12.25
BOS,2023-10-17,0,0,9,0,14,0.0,0.0,71.43,0.0,0.0,0.0,0.0,2.43,2.15,2.21,13.29
BOS,2023-10-17,1,1,1,1,1,100.0,100.0,100.0,0.0,25.0,11.6,7.0,0.0,2.0,0.0,0.0
BOS,2023-10-17,2,0,0,0,0,0.0,0.0,0.0,0.0,0.0,0.0,0.0,0.0,0.0,0.0,0.0
BOS,2023-10-17,4,0,1,0,3,0.0,0.0,66.67,0.0,0.0,0.0,0.0,0.67,1.77,11.33,10.0
BOS,2023-10-17,5,13,8,16,9,81.25,81.25,44.44,6.75,14.19,1.94,7.81,0.89,4.49,13.56,22.33
BOS,2023-10-17,6,37,8,41,16,78.05,73.17,31.25,13.37,20.63,7.27,19.37,2.19,6.23,8.44,34.56
BOS,2023-10-17,7,45,21,49,22,85.71,81.63,72.73,11.71,20.06,6.74,16.14,2.09,4.56,2.05,19.41
BOS,2023-10-17,8,42,23,45,25,80.0,73.33,72.0,11.13,15.04,2.38,12.09,4.2,3.01,2.84,15.28
BOS,2023-10-17,9,27,17,30,19,86.67,86.67,89.47,8.57,14.2,2.13,9.33,3.16,3.57,1.63,11.37
BOS,2023-10-17,10,21,28,26,30,76.92,73.08,93.33,9.92,14.62,1.91,11.15,2.53,2.95,4.17,4.3
BOS,2023-10-17,11,27,31,31,36,87.1,87.1,86.11,17.19,14.1,1.84,18.23,4.11,2.32,3.83,15.61
BOS,2023-10-17,12,31,29,32,32,71.88,71.88,90.63,13.63,14.06,1.76,14.59,3.63,2.53,1.75,6.22
BOS,2023-10-17,13,25,33,30,37,83.33,86.67,83.78,5.07,13.7,2.03,6.2,3.62,3.63,2.41,14.32
BOS,2023-10-17,14,24,36,25,39,76.0,72.0,82.05,8.72,14.56,2.1,10.16,4.33,2.89,3.46,11.77
BOS,2023-10-17,15,33,33,38,41,78.95,78.95,70.73,8.61,15.08,2.49,9.87,2.41,3.88,3.8,16.1
BOS,2023-10-17,16,26,39,31,39,64.52,64.52,92.31,24.06,15.45,2.66,26.55,3.05,4.39,1.95,4.85
BOS,2023-10-17,17,46,34,47,41,85.11,78.72,78.05,9.13,18.51,5.43,12.96,4.68,6.02,4.46,13.22
BOS,2023-10-17,18,37,38,39,42,92.31,82.05,85.71,5.38,19.13,6.22,10.23,2.71,5.78,6.0,10.95
BOS,2023-10-17,19,24,28,32,33,75.0,68.75,81.82,9.06,18.44,5.01,12.63,4.73,4.53,2.67,18.06
BOS,2023-10-17,20,29,22,29,23,75.86,65.52,78.26,22.69,18.38,5.06,25.34,3.78,2.9,0.65,12.17
BOS,2023-10-17,21,11,20,12,23,75.0,66.67,82.61,20.33,17.58,4.68,23.42,4.26,2.09,1.43,8.26
BOS,2023-10-17,22,7,26,13,27,76.92,69.23,88.89,18.23,15.08,2.45,19.92,2.78,1.59,1.96,7.59
BOS,2023-10-17,23,6,26,8,27,62.5,62.5,85.19,31.0,14.0,0.97,30.88,3.44,1.1,1.48,8.7
BOS,2023-10-18,0,1,9,1,10,100.0,100.0,80.0,0.0,12.0,0.0,0.0,2.0,1.02,2.0,6.5
BOS,2023-10-18,1,0,1,1,2,100.0,100.0,100.0,0.0,13.0,0.0,0.0,9.5,2.4,10.0,0.0
BOS,2023-10-18,2,0,0,0,0,0.0,0.0,0.0,0.0,0.0,0.0,0.0,0.0,0.0,0.0,0.0
BOS,2023-10-18,3,0,0,0,0,0.0,0.0,0.0,0.0,0.0,0.0,0.0,0.0,0.0,0.0,0.0
BOS,2023-10-18,4,0,1,0,3,0.0,0.0,100.0,0.0,0.0,0.0,0.0,0.67,1.53,0.0,6.33
BOS,2023-10-18,5,13,7,15,8,86.67,73.33,62.5,17.07,20.2,7.34,22.67,1.0,3.16,2.75,26.88
BOS,2023-10-18,6,37,11,39,13,92.31,64.1,69.23,7.03,24.82,11.28,15.69,0.69,7.06,4.23,13.08
BOS,2023-10-18,7,45,21,47,23,87.23,59.57,82.61,13.15,26.51,12.94,22.4,2.78,5.49,3.43,7.65
BOS,2023-10-18,8,41,24,44,25,86.36,70.45,92.0,16.5,25.77,12.24,25.16,4.52,1.48,1.64,7.96
BOS,2023-10-18,9,28,18,32,23,93.75,90.63,73.91,4.09,18.5,5.7,8.44,3.3,2.18,6.65,9.22
BOS,2023-10-18,10,20,29,28,32,89.29,85.71,90.63,7.0,16.86,3.84,10.32,2.91,2.42,4.38,7.75
BOS,2023-10-18,11,26,31,30,36,86.67,83.33,91.67,9.03,17.27,4.03,11.47,2.31,2.31,1.64,4.69
BOS,2023-10-18,12,29,27,31,28,87.1,87.1,82.14,5.87,15.68,3.1,7.61,4.61,1.57,3.29,10.36
BOS,2023-10-18,13,25,33,30,36,76.67,70.0,83.33,13.37,16.73,4.27,16.57,3.33,2.21,2.33,20.53
BOS,2023-10-18,14,25,34,28,40,82.14,75.0,75.0,6.68,16.93,3.89,8.93,2.45,2.72,2.98,18.75
BOS,2023-10-18,15,33,35,39,37,76.92,69.23,83.78,14.77,17.64,4.55,18.26,4.41,1.61,3.86,18.57
BOS,2023-10-18,16,27,37,30,40,90.0,76.67,77.5,3.5,21.5,8.53,10.93,6.9,3.01,4.13,12.63
BOS,2023-10-18,17,46,32,48,32,79.17,54.17,78.13,11.23,26.25,12.67,21.4,6.22,3.67,3.38,15.09
BOS,2023-10-18,18,34,37,34,40,88.24,85.29,82.5,7.74,21.12,7.76,12.79,4.55,3.91,5.45,11.83
BOS,2023-10-18,19,26,29,28,35,75.0,78.57,74.29,18.96,18.96,5.44,22.07,5.4,3.06,3.54,10.17
BOS,2023-10-18,20,27,21,26,27,88.46,80.77,66.67,13.15,17.23,4.05,15.35,3.96,4.34,4.41,18.04
BOS,2023-10-18,21,12,22,15,24,66.67,66.67,75.0,18.8,13.73,1.4,19.0,3.5,0.8,1.71,15.13
BOS,2023-10-18,22,8,27,16,26,75.0,68.75,92.31,13.31,17.0,4.09,16.13,4.23,2.29,1.69,3.58
BOS,2023-10-18,23,6,27,6,28,83.33,83.33,75.0,11.83,17.33,3.85,12.83,3.86,1.17,2.25,52.54
BOS,2023-10-19,0,0,13,0,9,0.0,0.0,77.78,0.0,0.0,0.0,0.0,1.0,0.76,0.78,19.33
BOS,2023-10-19,1,1,1,1,1,100.0,100.0,100.0,1.0,17.0,3.6,5.0,0.0,0.0,0.0,0.0
BOS,2023-10-19,2,0,0,0,0,0.0,0.0,0.0,0.0,0.0,0.0,0.0,0.0,0.0,0.0,0.0
BOS,2023-10-19,3,0,0,0,0,0.0,0.0,0.0,0.0,0.0,0.0,0.0,0.0,0.0,0.0,0.0
BOS,2023-10-19,4,0,1,0,3,0.0,0.0,100.0,0.0,0.0,0.0,0.0,1.0,4.1,6.33,3.67
BOS,2023-10-19,5,14,9,16,11,81.25,75.0,54.55,7.56,15.69,2.91,10.0,0.45,2.74,4.27,22.09
BOS,2023-10-19,6,38,10,43,15,90.7,79.07,66.67,3.26,21.28,7.77,8.72,3.67,4.89,6.0,20.4
BOS,2023-10-19,7,46,20,49,21,87.76,65.31,85.71,8.08,24.71,11.16,16.51,11.33,5.27,4.33,7.38
BOS,2023-10-19,8,44,24,48,29,83.33,79.17,86.21,5.85,19.94,6.68,9.54,5.45,4.7,4.1,9.07
BOS,2023-10-19,9,26,17,31,16,83.87,83.87,87.5,7.35,17.39,4.44,10.16,3.94,3.45,1.38,9.81
BOS,2023-10-19,10,25,33,30,36,86.67,80.0,83.33,9.5,16.77,3.89,11.87,4.64,2.1,2.17,7.0
BOS,2023-10-19,11,28,28,28,32,89.29,85.71,87.5,6.29,17.86,4.74,8.57,2.5,2.19,0.84,8.84
BOS,2023-10-19,12,28,31,32,34,87.5,87.5,88.24,6.06,15.5,2.39,7.56,3.79,2.08,1.5,3.91
BOS,2023-10-19,13,28,36,33,36,78.79,72.73,94.44,9.91,16.55,3.88,12.64,3.28,3.07,0.47,2.0
BOS,2023-10-19,14,26,35,26,39,80.77,76.92,76.92,5.27,16.77,3.68,7.31,3.44,4.25,3.38,12.21
BOS,2023-10-19,15,35,36,37,38,86.49,78.38,89.47,12.7,18.95,5.51,16.08,2.16,3.03,1.95,6.21
BOS,2023-10-19,16,28,38,32,41,81.25,81.25,80.49,13.59,15.31,2.77,15.63,4.1,1.79,2.24,10.46
BOS,2023-10-19,17,50,34,52,34,75.0,67.31,82.35,9.88,20.85,7.38,15.67,5.85,1.85,2.74,6.06
BOS,2023-10-19,18,36,40,37,50,83.78,70.27,68.0,7.27,21.84,8.34,13.62,6.44,3.06,3.96,18.84
BOS,2023-10-19,19,28,31,32,37,68.75,68.75,72.97,17.59,17.34,3.94,20.03,11.3,4.64,5.03,9.46
BOS,2023-10-19,20,30,20,33,21,75.76,69.7,71.43,16.06,17.58,4.39,18.61,9.14,2.64,3.29,14.05
BOS,2023-10-19,21,15,21,21,23,76.19,71.43,73.91,10.14,14.95,2.4,11.1,4.57,2.74,2.91,9.26
BOS,2023-10-19,22,7,28,11,29,72.73,72.73,75.86,7.73,14.64,1.76,7.91,3.45,1.75,2.55,14.24
BOS,2023-10-19,23,6,30,5,30,80.0,80.0,80.0,10.6,16.0,2.74,11.2,2.53,1.06,1.67,10.27
BOS,2023-10-20,0,0,13,1,13,0.0,0.0,61.54,24.0,17.0,3.4,27.0,1.46,0.58,0.62,30.62
BOS,2023-10-20,1,0,1,0,1,0.0,0.0,100.0,0.0,0.0,0.0,0.0,0.0,0.0,0.0,0.0
BOS,2023-10-20,2,0,0,0,1,0.0,0.0,100.0,0.0,0.0,0.0,0.0,9.0,2.8,0.0,0.0
BOS,2023-10-20,4,0,1,0,3,0.0,0.0,66.67,0.0,0.0,0.0,0.0,1.67,4.1,5.33,10.33
BOS,2023-10-20,5,14,8,16,10,100.0,93.75,80.0,1.31,17.44,4.44,2.69,0.0,2.62,2.0,10.2
BOS,2023-10-20,6,38,11,40,14,90.0,67.5,71.43,2.78,24.58,11.08,11.4,0.79,9.09,7.29,24.21
BOS,2023-10-20,7,47,21,50,21,86.0,54.0,90.48,9.94,26.52,13.01,20.0,3.33,4.89,2.0,6.24
BOS,2023-10-20,8,42,25,44,27,90.91,86.36,85.19,4.27,17.98,4.59,7.14,5.26,3.55,3.63,6.85
BOS,2023-10-20,9,26,20,28,22,85.71,82.14,90.91,4.18,15.07,3.0,5.5,5.82,1.95,1.41,17.41
BOS,2023-10-20,10,24,32,29,35,86.21,82.76,85.71,21.28,17.83,4.54,24.21,7.06,1.58,4.14,6.6
BOS,2023-10-20,11,26,28,30,35,76.67,70.0,68.57,8.03,16.2,3.35,10.13,6.46,1.37,3.54,16.2
BOS,2023-10-20,12,31,28,36,28,72.22,69.44,92.86,18.42,16.58,3.75,20.78,4.93,1.57,2.54,6.14
BOS,2023-10-20,13,26,36,29,36,75.86,68.97,94.44,11.48,16.38,3.94,14.69,2.33,5.1,1.31,3.36
BOS,2023-10-20,14,25,37,28,44,92.86,92.86,77.27,2.89,16.64,3.56,5.21,3.91,4.82,3.18,9.27
BOS,2023-10-20,15,36,34,41,39,85.37,78.05,71.79,10.2,15.61,2.64,12.1,2.41,4.66,3.1,14.85
BOS,2023-10-20,16,28,37,34,42,85.29,79.41,83.33,7.59,15.74,3.08,10.38,1.86,5.07,2.71,15.02
BOS,2023-10-20,17,49,33,50,35,72.0,70.0,82.86,14.22,18.56,5.17,18.18,2.31,6.1,1.77,6.4
BOS,2023-10-20,18,33,38,35,42,68.57,65.71,78.57,15.69,18.66,5.78,20.06,3.55,6.32,4.31,13.43
BOS,2023-10-20,19,29,31,33,34,87.88,84.85,82.35,7.21,17.7,4.4,9.79,7.65,6.32,7.5,8.62
BOS,2023-10-20,20,30,21,31,22,80.65,74.19,72.73,20.94,17.16,4.0,23.74,1.82,5.83,1.09,19.41
BOS,2023-10-20,21,13,21,14,22,64.29,57.14,86.36,11.86,16.79,3.73,15.21,2.41,4.58,4.09,4.77
BOS,2023-10-20,22,9,30,14,29,85.71,85.71,75.86,3.93,14.79,2.9,4.57,1.17,3.84,2.55,11.9
BOS,2023-10-20,23,6,30,6,31,66.67,50.0,80.65,33.17,21.33,7.68,39.17,1.9,3.61,1.39,20.65
BOS,2023-10-21,0,0,9,0,14,0.0,0.0,64.29,0.0,0.0,0.0,0.0,2.43,2.53,1.93,12.5
BOS,2023-10-21,1,1,1,1,1,100.0,100.0,100.0,0.0,26.0,12.6,9.0,0.0,2.0,0.0,0.0
BOS,2023-10-21,2,0,0,0,0,0.0,0.0,0.0,0.0,0.0,0.0,0.0,0.0,0.0,0.0,0.0
BOS,2023-10-21,3,0,0,0,1,0.0,0.0,0.0,0.0,0.0,0.0,0.0,6.0,2.8,10.0,60.0
BOS,2023-10-21,4,0,1,0,1,0.0,0.0,100.0,0.0,0.0,0.0,0.0,0.0,8.7,0.0,0.0
BOS,2023-10-21,5,13,6,13,8,92.31,92.31,87.5,1.62,16.62,3.83,4.31,0.75,3.33,0.0,11.75
BOS,2023-10-21,6,30,10,31,15,87.1,90.32,73.33,6.29,16.32,3.12,7.23,1.27,4.68,0.73,20.07
BOS,2023-10-21,7,45,14,48,15,93.75,85.42,93.33,4.46,19.04,5.89,8.27,1.47,4.54,0.87,3.87
BOS,2023-10-21,8,40,17,43,18,83.72,81.4,88.89,6.26,14.93,2.23,7.33,2.39,3.91,3.33,7.22
BOS,2023-10-21,9,30,20,35,24,82.86,82.86,83.33,5.63,14.54,2.6,6.8,1.88,3.75,2.17,4.38
BOS,2023-10-21,10,21,28,23,26,86.96,86.96,92.31,8.65,14.26,2.02,9.61,13.65,3.05,11.88,12.58
BOS,2023-10-21,11,20,25,20,26,85.0,85.0,92.31,21.4,14.9,2.46,23.3,4.35,2.42,1.54,2.88
BOS,2023-10-21,12,31,20,32,25,87.5,84.38,76.0,5.03,14.72,2.49,6.84,3.84,2.92,4.44,5.76
BOS,2023-10-21,13,22,25,20,25,90.0,80.0,80.0,8.5,14.6,2.24,9.9,3.0,3.86,3.88,19.64
BOS,2023-10-21,14,17,36,21,37,52.38,52.38,78.38,30.76,15.52,3.22,33.48,4.16,3.41,4.76,11.86
BOS,2023-10-21,15,28,35,29,37,75.86,72.41,75.68,8.34,16.79,3.82,12.0,7.81,3.99,6.3,10.97
BOS,2023-10-21,16,28,37,31,39,80.65,51.61,79.49,10.16,25.87,12.96,22.06,12.49,5.08,7.85,9.9
BOS,2023-10-21,17,38,30,37,26,67.57,16.22,61.54,15.43,31.35,17.84,32.54,11.58,6.64,10.23,20.12
BOS,2023-10-21,18,28,31,28,34,57.14,46.43,73.53,23.96,23.79,10.18,33.04,4.79,5.87,8.0,14.85
BOS,2023-10-21,19,18,25,19,27,78.95,73.68,55.56,7.79,18.37,4.58,12.0,3.59,8.63,7.52,20.96
BOS,2023-10-21,20,11,20,12,19,58.33,41.67,73.68,13.08,18.67,5.42,17.58,2.58,6.51,4.32,16.21
BOS,2023-10-21,21,11,15,10,15,80.0,40.0,93.33,6.8,20.0,6.59,13.0,1.8,4.77,1.2,6.47
BOS,2023-10-21,22,7,20,7,18,85.71,85.71,66.67,7.43,15.86,2.8,8.29,2.61,3.26,2.22,13.11
BOS,2023-10-21,23,6,17,7,17,42.86,28.57,82.35,20.57,22.0,8.76,27.14,3.18,1.98,1.71,8.59
BOS,2023-10-22,0,1,13,1,11,100.0,100.0,72.73,0.0,11.0,0.0,0.0,2.18,2.24,3.36,6.09
BOS,2023-10-22,1,0,1,0,1,0.0,0.0,100.0,0.0,0.0,0.0,0.0,0.0,0.0,0.0,0.0
BOS,2023-10-22,3,0,0,0,0,0.0,0.0,0.0,0.0,0.0,0.0,0.0,0.0,0.0,0.0,0.0
BOS,2023-10-22,4,0,1,0,2,0.0,0.0,100.0,0.0,0.0,0.0,0.0,0.0,2.75,2.5,0.0
BOS,2023-10-22,5,12,9,12,7,91.67,91.67,71.43,7.33,16.92,3.82,9.25,0.29,2.47,0.0,14.71
BOS,2023-10-22,6,30,11,31,9,93.55,87.1,77.78,12.35,18.32,4.92,14.71,0.56,7.37,0.0,11.22
BOS,2023-10-22,7,44,12,45,13,91.11,77.78,84.62,7.82,20.49,6.86,12.33,3.08,4.15,1.62,5.92
BOS,2023-10-22,8,39,17,40,17,85.0,62.5,88.24,6.1,23.08,9.91,14.3,1.82,1.72,1.71,4.47
BOS,2023-10-22,9,25,19,25,19,92.0,80.0,89.47,12.72,22.12,9.03,18.32,2.05,1.72,0.47,3.05
BOS,2023-10-22,10,22,32,25,34,92.0,92.0,82.35,3.04,15.28,2.46,4.32,4.74,1.43,2.97,12.09
BOS,2023-10-22,11,29,23,30,26,83.33,83.33,84.62,20.1,16.53,3.47,21.77,4.77,1.8,2.96,3.5
BOS,2023-10-22,12,28,26,33,29,84.85,84.85,82.76,24.12,16.61,3.33,26.12,3.38,1.88,1.34,17.17
BOS,2023-10-22,13,27,42,31,49,77.42,64.52,85.71,22.03,18.32,5.4,26.94,4.31,2.68,2.45,6.14
BOS,2023-10-22,14,29,32,34,36,85.29,82.35,86.11,15.62,18.85,5.79,19.03,3.03,4.52,3.53,12.81
BOS,2023-10-22,15,33,33,37,34,83.78,59.46,82.35,10.41,23.59,10.18,19.08,3.12,4.32,3.0,6.82
BOS,2023-10-22,16,25,38,32,44,78.13,62.5,86.36,18.0,21.09,8.05,25.0,2.66,3.68,1.7,6.55
BOS,2023-10-22,17,49,34,49,29,85.71,51.02,86.21,5.27,27.76,14.36,17.86,4.72,3.84,2.31,8.97
BOS,2023-10-22,18,33,36,33,42,87.88,51.52,73.81,5.64,28.94,15.47,18.94,6.1,5.85,5.57,15.21
BOS,2023-10-22,19,31,34,31,38,77.42,67.74,78.95,10.42,19.48,5.84,14.9,8.13,3.56,3.16,14.5
BOS,2023-10-22,20,31,21,35,24,77.14,68.57,75.0,11.91,18.26,5.23,15.89,2.58,5.43,3.71,18.13
BOS,2023-10-22,21,12,20,12,23,83.33,66.67,91.3,21.67,20.25,7.13,27.08,3.13,2.9,3.0,3.43
BOS,2023-10-22,22,9,30,10,30,90.0,70.0,86.67,7.3,21.1,8.2,12.4,2.23,3.1,3.37,14.33
BOS,2023-10-22,23,6,30,6,30,100.0,83.33,73.33,2.83,17.0,3.68,5.83,1.6,4.32,1.6,27.7
BOS,2023-10-23,0,0,14,0,13,0.0,0.0,69.23,0.0,0.0,0.0,0.0,1.46,3.66,2.77,16.38
BOS,2023-10-23,1,1,1,1,1,100.0,100.0,100.0,0.0,13.0,0.0,0.0,0.0,4.0,0.0,0.0
BOS,2023-10-23,2,0,0,0,0,0.0,0.0,0.0,0.0,0.0,0.0,0.0,0.0,0.0,0.0,0.0
BOS,2023-10-23,3,0,0,0,0,0.0,0.0,0.0,0.0,0.0,0.0,0.0,0.0,0.0,0.0,0.0
BOS,2023-10-23,4,0,1,0,1,0.0,0.0,100.0,0.0,0.0,0.0,0.0,0.0,7.7,0.0,0.0
BOS,2023-10-23,5,14,7,14,9,85.71,85.71,77.78,3.79,15.64,3.14,5.71,1.78,4.89,2.44,15.67
BOS,2023-10-23,6,38,10,37,11,94.59,94.59,90.91,26.51,16.38,3.34,28.03,0.73,5.89,0.64,1.45
BOS,2023-10-23,7,47,22,50,20,86.0,76.0,100.0,7.66,18.34,5.23,11.6,2.4,6.49,2.4,1.65
BOS,2023-10-23,8,44,25,43,26,88.37,88.37,88.46,6.93,16.37,3.18,8.67,3.46,5.05,3.96,4.88
BOS,2023-10-23,9,26,19,29,21,89.66,89.66,85.71,4.69,13.1,1.37,5.28,2.19,3.3,0.57,10.62
BOS,2023-10-23,10,23,31,27,31,88.89,88.89,90.32,3.59,15.48,2.39,5.37,1.97,2.73,1.35,3.23
BOS,2023-10-23,11,24,28,26,31,92.31,92.31,80.65,2.42,13.92,1.51,3.08,2.68,3.51,3.71,9.13
BOS,2023-10-23,12,33,29,34,35,85.29,85.29,85.71,4.74,13.85,1.52,5.26,2.69,3.24,2.94,6.31
BOS,2023-10-23,13,26,37,29,40,79.31,65.52,85.0,7.52,16.72,4.48,10.79,2.0,3.48,0.95,8.73
BOS,2023-10-23,14,26,36,28,36,96.43,89.29,88.89,3.29,14.5,2.8,4.5,2.75,2.68,1.22,8.83
BOS,2023-10-23,15,36,34,37,37,86.49,75.68,89.19,14.35,16.62,3.65,16.76,12.41,2.92,8.84,19.76
BOS,2023-10-23,16,28,37,30,40,90.0,90.0,82.5,3.33,15.47,3.2,4.9,2.67,3.79,1.3,8.15
BOS,2023-10-23,17,48,33,49,36,81.63,79.59,80.56,12.71,16.57,3.66,14.8,3.11,3.71,1.97,11.64
BOS,2023-10-23,18,35,37,37,38,70.27,64.86,81.58,12.92,16.92,4.12,16.38,2.11,4.34,1.16,9.82
BOS,2023-10-23,19,29,30,29,33,68.97,62.07,84.85,12.07,17.55,4.22,14.97,3.48,6.45,2.52,9.73
BOS,2023-10-23,20,28,22,31,24,74.19,70.97,87.5,19.29,17.74,5.16,23.39,3.29,3.64,2.04,9.58
BOS,2023-10-23,21,13,21,13,24,76.92,76.92,95.83,6.08,16.08,3.07,7.69,3.25,3.6,1.63,4.04
BOS,2023-10-23,22,9,29,16,28,93.75,81.25,82.14,1.31,16.19,4.41,5.31,2.82,3.95,0.75,9.46
BOS,2023-10-23,23,6,28,6,28,66.67,66.67,82.14,9.17,18.17,4.75,12.67,0.96,2.87,1.21,15.75
BOS,2023-10-24,0,0,9,0,14,0.0,0.0,85.71,0.0,0.0,0.0,0.0,2.5,2.24,1.29,7.43
BOS,2023-10-24,1,1,1,1,2,100.0,100.0,50.0,0.0,16.0,2.6,1.0,0.0,0.5,0.0,31.5
BOS,2023-10-24,2,0,0,0,0,0.0,0.0,0.0,0.0,0.0,0.0,0.0,0.0,0.0,0.0,0.0
BOS,2023-10-24,4,0,1,0,3,0.0,0.0,66.67,0.0,0.0,0.0,0.0,2.33,1.77,0.0,9.0
BOS,2023-10-24,5,13,8,15,10,100.0,93.33,80.0,1.93,15.07,2.66,4.2,1.8,5.12,2.0,4.0
BOS,2023-10-24,6,36,8,37,14,97.3,89.19,78.57,1.3,18.49,5.25,4.73,1.64,11.24,2.21,12.71
BOS,2023-10-24,7,46,21,51,23,90.2,90.2,91.3,2.8,18.59,5.29,5.55,9.22,5.71,3.09,5.0
BOS,2023-10-24,8,42,23,44,22,95.45,95.45,95.45,3.5,15.14,2.49,4.43,3.09,4.06,1.27,1.91
BOS,2023-10-24,9,26,17,26,21,100.0,96.15,80.95,0.81,14.0,1.93,1.46,2.33,2.71,1.62,11.95
BOS,2023-10-24,10,20,28,25,37,80.0,80.0,86.49,12.08,13.84,1.73,13.28,6.16,2.84,5.38,10.62
BOS,2023-10-24,11,26,30,29,33,82.76,79.31,84.85,12.34,16.28,3.46,14.03,9.42,3.78,8.39,9.85
BOS,2023-10-24,12,32,27,38,28,78.95,78.95,100.0,12.13,16.16,3.34,14.68,4.21,1.19,0.75,0.68
BOS,2023-10-24,13,25,33,29,33,89.66,72.41,87.88,3.48,21.03,7.7,9.55,4.42,3.92,3.94,20.79
BOS,2023-10-24,14,24,37,25,42,88.0,92.0,88.1,16.36,15.4,2.76,16.8,3.12,3.09,3.57,4.02
BOS,2023-10-24,15,33,33,38,34,84.21,71.05,91.18,7.76,20.47,7.26,12.97,2.94,2.32,2.32,2.79
BOS,2023-10-24,16,26,39,29,45,89.66,68.97,91.11,2.62,20.66,7.4,8.41,2.8,3.64,1.6,4.96
BOS,2023-10-24,17,46,34,50,37,92.0,52.0,78.38,4.8,29.56,15.99,18.04,3.89,4.16,3.19,8.57
BOS,2023-10-24,18,37,38,39,41,89.74,12.82,85.37,4.08,36.05,22.53,23.64,2.02,5.22,3.15,6.59
BOS,2023-10-24,19,24,29,26,31,92.31,76.92,90.32,2.38,21.62,8.02,7.58,8.42,4.13,3.16,11.97
BOS,2023-10-24,20,29,21,28,24,82.14,82.14,79.17,11.54,17.25,3.9,13.04,4.79,3.27,2.63,6.58
BOS,2023-10-24,21,11,21,14,21,85.71,78.57,80.95,8.0,15.57,2.44,8.93,7.38,1.23,1.52,5.57
BOS,2023-10-24,22,7,27,14,28,100.0,92.86,78.57,1.07,15.93,2.73,2.86,4.36,1.04,1.29,15.71
BOS,2023-10-24,23,6,25,7,25,71.43,71.43,88.0,14.14,17.14,3.84,16.57,2.88,0.82,2.24,4.64
BOS,2023-10-25,0,1,9,1,10,100.0,100.0,70.0,0.0,15.0,1.6,0.0,1.3,0.44,1.2,26.3
BOS,2023-10-25,1,0,1,0,3,0.0,0.0,100.0,0.0,0.0,0.0,0.0,0.33,2.6,0.0,3.0
BOS,2023-10-25,2,0,0,1,0,0.0,0.0,0.0,18.0,13.0,0.0,17.0,0.0,0.0,0.0,0.0
BOS,2023-10-25,4,0,1,0,3,0.0,0.0,100.0,0.0,0.0,0.0,0.0,3.33,1.5,3.67,1.33
BOS,2023-10-25,5,13,7,15,9,93.33,86.67,88.89,3.8,17.2,4.45,6.33,0.11,2.37,0.0,6.89
BOS,2023-10-25,6,36,11,39,11,89.74,82.05,81.82,3.77,20.74,7.22,7.82,0.18,2.32,0.55,9.64
BOS,2023-10-25,7,46,20,48,20,95.83,77.08,90.0,1.94,26.33,12.75,10.9,2.75,5.44,1.85,5.25
BOS,2023-10-25,8,41,24,45,24,88.89,82.22,95.83,14.67,20.69,7.24,18.33,5.92,3.8,1.83,2.63
BOS,2023-10-25,9,27,18,29,20,79.31,79.31,85.0,10.66,16.52,3.58,12.66,5.85,1.32,3.6,9.95
BOS,2023-10-25,10,19,30,21,34,85.71,85.71,88.24,10.95,15.86,2.65,12.33,5.71,1.42,4.59,6.85
BOS,2023-10-25,11,28,30,31,36,93.55,90.32,91.67,1.87,16.94,3.78,3.45,3.14,1.16,1.28,3.72
BOS,2023-10-25,12,29,27,32,28,96.88,87.5,92.86,3.34,17.78,4.88,6.66,4.86,2.59,3.18,3.93
BOS,2023-10-25,13,25,33,32,33,68.75,71.88,84.85,12.53,16.53,3.73,14.75,4.0,2.46,2.18,10.97
BOS,2023-10-25,14,25,34,26,38,73.08,69.23,84.21,16.69,14.81,2.36,18.12,3.45,1.83,3.74,26.26
BOS,2023-10-25,15,33,35,37,36,94.59,89.19,83.33,8.24,18.68,5.29,11.03,2.58,2.01,2.22,9.11
BOS,2023-10-25,16,27,37,32,45,84.38,78.13,86.67,12.5,17.41,4.18,15.38,2.42,2.65,1.51,7.31
BOS,2023-10-25,17,46,33,49,33,81.63,65.31,81.82,11.55,24.31,10.78,19.9,2.7,3.1,1.97,6.36
BOS,2023-10-25,18,34,37,34,43,73.53,67.65,83.72,12.47,23.65,10.37,21.12,3.19,4.63,2.37,14.33
BOS,2023-10-25,19,26,29,29,31,93.1,89.66,80.65,10.07,16.55,3.2,11.41,5.65,4.99,4.0,10.9
BOS,2023-10-25,20,27,21,29,23,79.31,72.41,86.96,9.1,17.38,4.26,11.76,4.26,3.87,3.52,7.78
BOS,2023-10-25,21,13,23,14,23,71.43,71.43,95.65,16.36,16.43,3.49,18.07,3.78,1.88,1.13,3.17
BOS,2023-10-25,22,8,27,15,30,100.0,86.67,76.67,0.8,17.47,4.55,3.93,3.73,1.79,3.1,24.1
BOS,2023-10-25,23,6,26,7,26,100.0,100.0,88.46,0.0,17.43,4.04,2.0,2.77,0.58,1.65,13.15
BOS,2023-10-26,0,0,13,0,9,0.0,0.0,55.56,0.0,0.0,0.0,0.0,0.33,0.08,1.78,21.44
BOS,2023-10-26,1,1,1,1,1,100.0,100.0,100.0,0.0,19.0,5.6,1.0,0.0,1.0,0.0,0.0
BOS,2023-10-26,2,0,0,0,0,0.0,0.0,0.0,0.0,0.0,0.0,0.0,0.0,0.0,0.0,0.0
BOS,2023-10-26,3,0,0,0,0,0.0,0.0,0.0,0.0,0.0,0.0,0.0,0.0,0.0,0.0,0.0
BOS,2023-10-26,4,0,1,0,5,0.0,0.0,60.0,0.0,0.0,0.0,0.0,1.4,4.18,2.2,197.8
BOS,2023-10-26,5,14,8,15,9,100.0,100.0,88.89,0.0,16.67,3.65,1.27,0.22,2.79,0.0,3.56
BOS,2023-10-26,6,37,10,38,14,94.74,89.47,85.71,3.16,21.37,7.88,7.82,1.21,10.07,0.79,6.0
BOS,2023-10-26,7,48,21,50,22,84.0,80.0,81.82,7.78,19.22,5.84,11.1,2.5,5.89,2.14,8.0
BOS,2023-10-26,8,45,24,48,27,87.5,87.5,92.59,10.08,16.46,3.45,11.77,3.89,5.36,2.74,1.93
BOS,2023-10-26,9,25,17,27,18,96.3,96.3,88.89,3.74,14.22,1.78,4.44,2.33,3.08,2.72,3.44
BOS,2023-10-26,10,23,31,26,36,73.08,69.23,91.67,14.54,16.19,2.92,16.46,5.58,1.5,4.03,7.06
BOS,2023-10-26,11,27,28,28,30,92.86,92.86,86.67,2.46,16.25,3.26,4.5,3.53,2.4,1.03,6.47
BOS,2023-10-26,12,29,30,35,33,80.0,74.29,90.91,8.26,17.0,4.14,11.57,5.97,1.3,4.55,5.09
BOS,2023-10-26,13,28,36,30,41,73.33,70.0,80.49,12.37,14.7,2.25,14.37,3.15,3.15,3.12,9.15
BOS,2023-10-26,14,26,35,30,41,86.67,80.0,78.05,14.57,15.07,2.48,16.4,2.41,4.5,4.24,8.73
BOS,2023-10-26,15,35,35,37,36,75.68,59.46,77.78,14.41,21.24,8.26,20.51,2.56,3.34,3.22,21.56
BOS,2023-10-26,16,25,38,34,42,88.24,82.35,85.71,6.71,17.88,5.12,10.82,4.45,3.12,3.57,6.5
BOS,2023-10-26,17,50,33,54,39,83.33,61.11,82.05,11.43,24.98,11.62,21.02,5.41,4.23,3.56,14.46
BOS,2023-10-26,18,36,39,37,43,83.78,43.24,81.4,19.68,29.73,16.21,33.16,4.95,5.41,4.65,5.26
BOS,2023-10-26,19,28,30,33,37,81.82,72.73,78.38,8.91,20.24,6.62,13.21,10.08,4.15,7.78,12.16
BOS,2023-10-26,20,28,20,30,23,93.33,86.67,78.26,2.97,18.23,4.77,5.3,4.96,3.69,2.22,10.35
BOS,2023-10-26,21,14,21,16,21,81.25,75.0,76.19,8.25,17.31,4.0,10.94,2.38,1.57,1.76,20.57
BOS,2023-10-26,22,7,28,16,28,87.5,87.5,71.43,5.0,16.44,3.42,6.63,1.54,1.84,0.04,15.0
BOS,2023-10-26,23,6,29,6,30,83.33,83.33,63.33,5.67,19.17,5.68,9.17,2.7,0.91,2.47,46.0
BOS,2023-10-27,0,0,13,0,14,0.0,0.0,85.71,0.0,0.0,0.0,0.0,0.57,0.49,0.36,5.86
BOS,2023-10-27,1,0,1,0,2,0.0,0.0,50.0,0.0,0.0,0.0,0.0,0.0,0.9,2.5,24.0
BOS,2023-10-27,2,0,0,0,0,0.0,0.0,0.0,0.0,0.0,0.0,0.0,0.0,0.0,0.0,0.0
BOS,2023-10-27,3,0,0,0,0,0.0,0.0,0.0,0.0,0.0,0.0,0.0,0.0,0.0,0.0,0.0
BOS,2023-10-27,4,0,1,0,3,0.0,0.0,100.0,0.0,0.0,0.0,0.0,0.67,4.1,0.0,0.0
BOS,2023-10-27,5,14,8,16,10,87.5,87.5,50.0,3.94,16.75,4.18,6.56,0.0,5.39,1.7,18.8
BOS,2023-10-27,6,37,11,37,15,94.59,86.49,66.67,4.97,20.68,7.19,9.65,1.87,11.42,3.4,15.27
BOS,2023-10-27,7,48,21,53,21,90.57,77.36,85.71,10.21,19.42,6.04,14.09,2.71,4.12,2.14,5.29
BOS,2023-10-27,8,42,25,44,26,84.09,79.55,80.77,9.59,18.11,4.89,12.3,6.27,3.16,4.27,6.54
BOS,2023-10-27,9,26,20,28,26,89.29,89.29,76.92,10.14,16.54,4.1,12.39,4.35,2.0,2.85,11.92
BOS,2023-10-27,10,23,31,27,33,88.89,85.19,81.82,7.74,16.52,3.36,9.52,4.76,1.4,2.97,6.97
BOS,2023-10-27,11,27,30,32,33,81.25,81.25,81.82,9.84,16.44,3.4,11.81,3.39,2.7,2.82,11.73
BOS,2023-10-27,12,32,28,37,29,70.27,70.27,93.1,15.11,16.65,3.55,17.24,4.28,1.34,0.97,2.28
BOS,2023-10-27,13,27,36,31,40,80.65,61.29,87.5,16.65,21.06,8.05,23.39,3.95,3.03,1.98,3.67
BOS,2023-10-27,14,25,36,31,38,74.19,70.97,78.95,8.77,18.13,5.08,12.23,3.89,2.61,2.45,8.37
BOS,2023-10-27,15,37,35,39,36,89.74,79.49,77.78,5.15,21.18,7.8,10.44,3.25,3.61,0.86,14.42
BOS,2023-10-27,16,28,37,32,43,68.75,62.5,83.72,21.63,17.13,4.15,24.94,2.84,3.11,2.84,7.77
BOS,2023-10-27,17,49,33,53,35,83.02,75.47,80.0,7.28,23.34,9.81,14.66,3.91,3.85,1.94,9.49
BOS,2023-10-27,18,34,38,35,42,85.71,74.29,88.1,4.57,24.74,11.26,12.51,2.52,4.93,1.33,8.26
BOS,2023-10-27,19,28,30,31,32,93.55,87.1,84.38,6.94,18.61,5.27,10.1,6.66,3.98,2.44,10.38
BOS,2023-10-27,20,30,21,31,21,83.87,83.87,76.19,13.39,19.03,5.66,16.13,4.62,3.9,1.62,21.14
BOS,2023-10-27,21,13,22,13,24,76.92,69.23,91.67,11.77,15.62,2.59,13.08,2.92,2.18,0.46,2.42
BOS,2023-10-27,22,9,30,15,29,100.0,100.0,68.97,0.87,15.87,2.99,2.47,2.76,1.46,0.72,20.03
BOS,2023-10-27,23,6,29,6,29,83.33,66.67,86.21,5.33,18.67,5.15,10.5,3.14,1.04,1.83,11.1
BOS,2023-10-28,0,0,8,0,14,0.0,0.0,64.29,0.0,0.0,0.0,0.0,0.5,0.44,3.07,10.14
BOS,2023-10-28,1,1,1,1,1,100.0,100.0,100.0,3.0,19.0,5.6,9.0,0.0,0.0,0.0,14.0
BOS,2023-10-28,2,0,0,0,0,0.0,0.0,0.0,0.0,0.0,0.0,0.0,0.0,0.0,0.0,0.0
BOS,2023-10-28,4,0,1,0,1,0.0,0.0,100.0,0.0,0.0,0.0,0.0,1.0,0.0,0.0,0.0
BOS,2023-10-28,5,13,6,13,8,100.0,100.0,87.5,0.62,16.23,3.15,2.0,0.0,0.76,0.0,10.75
BOS,2023-10-28,6,29,7,30,15,96.67,96.67,73.33,0.93,16.53,3.41,3.03,0.13,2.1,1.33,10.93
BOS,2023-10-28,7,47,15,48,15,91.67,83.33,93.33,4.65,19.17,5.81,8.21,1.6,3.51,5.33,11.67
BOS,2023-10-28,8,41,18,44,22,84.09,77.27,86.36,11.59,16.5,3.52,13.32,3.14,1.67,2.41,5.59
BOS,2023-10-28,9,28,15,32,18,78.13,75.0,88.89,15.47,17.22,4.48,17.63,2.5,1.35,1.0,6.33
BOS,2023-10-28,10,16,28,21,32,80.95,80.95,84.38,6.71,14.29,1.71,7.86,3.97,1.63,1.59,13.38
BOS,2023-10-28,11,21,25,23,28,78.26,73.91,96.43,19.13,16.87,3.78,20.61,2.75,1.55,1.11,2.57
BOS,2023-10-28,12,31,20,33,23,87.88,81.82,86.96,5.0,14.67,2.15,6.3,13.04,1.43,12.52,22.22
BOS,2023-10-28,13,23,28,27,29,88.89,88.89,82.76,14.59,14.3,2.89,16.48,3.38,2.32,1.97,9.48
BOS,2023-10-28,14,17,34,17,36,76.47,64.71,94.44,24.18,19.76,6.74,29.53,4.22,1.07,1.86,2.64
BOS,2023-10-28,15,31,31,34,37,85.29,76.47,83.78,9.24,17.59,4.24,11.85,3.35,2.62,2.73,5.97
BOS,2023-10-28,16,24,35,28,42,78.57,71.43,88.1,14.18,17.5,4.59,17.39,4.57,2.76,2.21,7.21
BOS,2023-10-28,17,29,30,32,31,75.0,62.5,83.87,20.16,19.53,6.22,24.91,2.61,3.22,1.94,12.58
BOS,2023-10-28,18,30,32,29,36,86.21,72.41,88.89,6.76,19.24,5.96,11.93,3.86,6.48,3.92,10.28
BOS,2023-10-28,19,16,24,16,27,100.0,100.0,85.19,0.44,16.38,2.94,2.0,4.37,4.59,6.26,10.41
BOS,2023-10-28,20,11,20,11,22,81.82,81.82,72.73,7.73,16.09,2.45,9.09,1.68,4.65,2.59,20.91
BOS,2023-10-28,21,8,16,9,17,77.78,66.67,88.24,28.33,15.89,3.26,30.11,3.65,1.85,0.82,4.53
BOS,2023-10-28,22,8,19,8,19,75.0,62.5,73.68,8.25,17.63,4.16,12.13,2.68,2.67,2.11,16.11
BOS,2023-10-28,23,8,16,9,16,100.0,88.89,81.25,1.0,18.89,5.96,6.56,3.0,1.91,4.81,22.81
BOS,2023-10-29,0,0,11,0,8,0.0,0.0,75.0,0.0,0.0,0.0,0.0,2.88,1.19,2.63,48.0
BOS,2023-10-29,1,0,2,0,2,0.0,0.0,100.0,0.0,0.0,0.0,0.0,0.0,2.35,0.0,7.0
BOS,2023-10-29,3,0,0,0,0,0.0,0.0,0.0,0.0,0.0,0.0,0.0,0.0,0.0,0.0,0.0
BOS,2023-10-29,4,0,1,0,2,0.0,0.0,100.0,0.0,0.0,0.0,0.0,3.0,4.25,5.0,5.0
BOS,2023-10-29,5,8,6,8,7,100.0,100.0,57.14,1.25,14.0,1.09,2.0,1.0,2.57,0.43,20.57
BOS,2023-10-29,6,27,9,29,8,82.76,82.76,87.5,26.38,16.1,2.77,27.72,1.63,1.7,1.13,37.88
BOS,2023-10-29,7,42,11,46,14,89.13,89.13,85.71,3.96,17.07,3.78,5.93,2.71,2.76,0.36,9.07
BOS,2023-10-29,8,39,18,47,14,80.85,78.72,85.71,9.57,15.7,2.92,11.26,1.07,6.73,2.07,9.79
BOS,2023-10-29,9,30,14,35,15,80.0,80.0,80.0,11.49,17.49,4.34,14.06,2.27,2.19,1.2,22.87
BOS,2023-10-29,10,13,28,16,32,87.5,87.5,93.75,11.06,14.69,1.97,12.44,4.56,1.29,1.47,2.69
BOS,2023-10-29,11,36,20,40,22,77.5,72.5,81.82,12.43,16.65,3.64,14.9,5.68,3.11,0.95,11.32
BOS,2023-10-29,12,24,25,28,30,75.0,71.43,93.33,16.0,15.57,2.98,17.64,4.3,3.83,2.37,4.67
BOS,2023-10-29,13,23,33,24,41,83.33,70.83,70.73,22.13,15.83,3.93,25.46,5.95,2.65,6.56,13.93
BOS,2023-10-29,14,25,32,35,36,71.43,62.86,75.0,13.71,15.2,2.73,16.03,10.56,3.96,4.25,12.19
BOS,2023-10-29,15,30,38,33,41,69.7,63.64,63.41,16.85,17.27,4.15,19.94,3.32,6.09,7.17,16.17
BOS,2023-10-29,16,32,35,38,41,76.32,63.16,63.41,22.0,15.79,3.13,24.24,4.44,4.09,3.78,15.44
BOS,2023-10-29,17,33,37,39,36,64.1,58.97,58.33,33.74,15.9,3.12,36.33,3.33,4.59,3.36,21.97
BOS,2023-10-29,18,37,23,43,33,62.79,55.81,72.73,19.65,18.63,5.56,23.51,3.42,5.28,4.03,14.12
BOS,2023-10-29,19,20,27,24,32,70.83,70.83,71.88,21.58,16.58,3.47,24.0,3.63,4.14,3.53,15.09
BOS,2023-10-29,20,22,16,28,17,67.86,67.86,76.47,12.04,15.75,2.71,13.89,2.71,5.5,3.47,17.71
BOS,2023-10-29,21,11,27,14,31,78.57,78.57,77.42,13.5,16.86,4.05,16.0,2.45,5.04,2.16,10.23
BOS,2023-10-29,22,11,23,10,23,70.0,70.0,73.91,26.0,19.4,6.14,30.4,2.22,5.19,1.78,9.13
BOS,2023-10-29,23,6,27,6,29,100.0,83.33,79.31,2.33,21.5,8.1,8.5,17.79,3.91,0.79,16.1
BOS,2023-10-30,0,0,8,1,11,100.0,100.0,72.73,0.0,16.0,2.6,3.0,0.18,2.72,0.0,16.82
BOS,2023-10-30,1,1,2,0,2,0.0,0.0,50.0,0.0,0.0,0.0,0.0,0.0,1.85,0.0,76.0
BOS,2023-10-30,2,0,0,0,0,0.0,0.0,0.0,0.0,0.0,0.0,0.0,0.0,0.0,0.0,0.0
BOS,2023-10-30,3,0,0,0,0,0.0,0.0,0.0,0.0,0.0,0.0,0.0,0.0,0.0,0.0,0.0
BOS,2023-10-30,4,0,1,0,2,0.0,0.0,50.0,0.0,0.0,0.0,0.0,0.0,5.75,0.0,68.0
BOS,2023-10-30,5,13,3,13,5,100.0,100.0,40.0,0.62,14.77,2.14,1.46,0.0,5.02,0.2,20.2
BOS,2023-10-30,6,35,9,36,10,83.33,80.56,90.0,7.42,18.06,4.88,9.67,0.9,6.92,0.0,3.7
BOS,2023-10-30,7,46,20,44,18,88.64,81.82,83.33,12.59,19.16,5.67,16.27,2.17,7.64,1.22,5.78
BOS,2023-10-30,8,38,21,43,22,88.37,83.72,81.82,9.79,17.0,3.97,11.56,2.27,5.87,2.23,8.41
BOS,2023-10-30,9,31,16,36,22,80.56,80.56,81.82,13.14,14.56,2.28,13.92,2.64,4.14,3.09,11.32
BOS,2023-10-30,10,19,30,24,34,87.5,79.17,88.24,7.75,15.17,2.58,9.13,2.88,3.73,1.94,6.29
BOS,2023-10-30,11,29,27,30,31,86.67,86.67,87.1,21.1,15.53,2.78,22.23,2.68,6.64,3.84,8.58
BOS,2023-10-30,12,28,27,30,28,76.67,76.67,82.14,14.97,15.1,3.31,16.9,4.89,2.49,0.93,13.5
BOS,2023-10-30,13,25,30,23,32,86.96,82.61,90.63,14.74,15.87,4.5,17.83,2.41,4.78,1.41,3.66
BOS,2023-10-30,14,21,35,25,37,72.0,72.0,67.57,12.48,16.04,3.84,15.36,5.08,3.54,2.46,16.51
BOS,2023-10-30,15,31,36,32,38,65.63,53.13,76.32,24.25,19.81,6.51,29.69,7.29,4.41,4.89,11.0
BOS,2023-10-30,16,30,35,33,35,69.7,57.58,82.86,17.94,19.06,6.1,23.12,9.46,7.05,2.71,13.89
BOS,2023-10-30,17,35,37,37,40,70.27,64.86,82.5,26.68,18.7,5.6,30.38,9.08,5.8,4.08,19.98
BOS,2023-10-30,18,34,26,39,31,87.18,76.92,93.55,11.28,18.9,5.99,15.67,7.48,4.59,2.9,4.9
BOS,2023-10-30,19,20,25,20,26,80.0,70.0,88.46,10.2,20.65,7.54,15.2,1.73,8.19,1.23,7.31
BOS,2023-10-30,20,19,15,20,17,90.0,80.0,76.47,7.85,16.75,3.81,10.7,2.12,3.15,1.47,27.71
BOS,2023-10-30,21,12,25,13,24,100.0,100.0,91.67,0.15,14.54,2.21,1.15,1.83,3.25,1.29,3.42
BOS,2023-10-30,22,10,23,16,24,87.5,81.25,95.83,8.25,16.56,4.47,12.06,2.38,3.57,33.38,5.29
BOS,2023-10-30,23,5,27,5,27,60.0,60.0,81.48,13.0,17.6,4.16,17.0,2.15,4.23,1.19,14.19
BOS,2023-10-31,0,0,8,0,8,0.0,0.0,75.0,0.0,0.0,0.0,0.0,1.63,2.15,0.0,18.5
BOS,2023-10-31,1,1,2,1,2,100.0,100.0,100.0,0.0,13.0,0.0,0.0,0.0,1.85,0.0,7.0
BOS,2023-10-31,2,0,0,0,0,0.0,0.0,0.0,0.0,0.0,0.0,0.0,0.0,0.0,0.0,0.0
BOS,2023-10-31,3,0,0,0,0,0.0,0.0,0.0,0.0,0.0,0.0,0.0,0.0,0.0,0.0,0.0
BOS,2023-10-31,4,0,1,0,3,0.0,0.0,100.0,0.0,0.0,0.0,0.0,1.0,2.43,0.0,0.0
BOS,2023-10-31,5,13,3,14,6,100.0,100.0,66.67,0.0,13.64,1.71,0.0,2.33,4.57,1.0,29.83
BOS,2023-10-31,6,32,7,32,12,100.0,100.0,83.33,0.44,17.09,3.87,1.47,2.17,5.57,0.75,6.58
BOS,2023-10-31,7,46,21,48,21,93.75,93.75,90.48,1.85,16.13,3.01,2.9,2.9,5.65,1.9,2.52
BOS,2023-10-31,8,35,19,39,16,97.44,97.44,100.0,1.08,14.46,1.84,1.36,4.0,3.51,0.75,0.38
BOS,2023-10-31,9,33,16,37,19,91.89,91.89,100.0,3.73,14.19,2.11,5.32,3.16,3.44,0.63,0.32
BOS,2023-10-31,10,18,29,19,31,100.0,100.0,83.87,0.47,15.42,2.64,0.58,2.74,3.71,3.35,6.71
BOS,2023-10-31,11,27,25,27,29,100.0,100.0,93.1,0.93,13.7,1.77,1.3,3.93,2.11,0.97,2.38
BOS,2023-10-31,12,26,25,28,30,85.71,89.29,90.0,5.07,12.36,0.88,5.21,3.33,2.26,2.53,4.9
BOS,2023-10-31,13,23,26,28,26,89.29,89.29,76.92,3.32,13.75,1.25,4.04,1.15,3.78,5.19,10.69
BOS,2023-10-31,14,23,34,25,39,84.0,84.0,79.49,9.88,14.44,2.07,10.56,3.13,3.16,2.82,18.79
BOS,2023-10-31,15,29,36,32,40,90.63,93.75,92.5,7.03,15.06,2.03,7.91,2.35,3.29,0.65,3.85
BOS,2023-10-31,16,26,34,28,37,92.86,85.71,86.49,13.39,15.82,3.5,16.21,3.3,4.55,2.3,9.49
BOS,2023-10-31,17,32,38,33,43,90.91,90.91,88.37,4.03,16.15,3.06,5.52,2.37,4.59,0.93,7.44
BOS,2023-10-31,18,32,23,35,26,85.71,85.71,80.77,10.49,14.4,1.97,11.69,0.88,3.8,2.65,8.23
BOS,2023-10-31,19,17,24,19,28,78.95,78.95,96.43,10.0,19.47,6.11,13.42,2.21,3.87,1.64,1.32
BOS,2023-10-31,20,16,11,18,12,94.44,88.89,100.0,2.5,16.56,3.69,5.33,1.92,4.22,1.92,1.0
BOS,2023-10-31,21,8,22,8,22,100.0,87.5,90.91,2.75,14.63,1.76,4.0,2.55,3.44,0.0,3.91
BOS,2023-10-31,22,9,19,15,19,73.33,73.33,78.95,8.93,16.2,4.0,11.53,2.84,2.58,2.68,12.68
BOS,2023-10-31,23,5,25,5,28,100.0,80.0,96.43,1.2,23.4,10.68,9.0,1.57,3.34,1.32,5.79
BOS,2023-11-01,0,0,9,1,8,100.0,0.0,75.0,0.0,29.0,15.6,16.0,1.13,4.44,0.13,10.38
BOS,2023-11-01,1,0,2,0,2,0.0,0.0,100.0,0.0,0.0,0.0,0.0,0.0,1.35,0.0,1.0
BOS,2023-11-01,4,0,1,0,4,0.0,0.0,75.0,0.0,0.0,0.0,0.0,1.0,3.5,8.25,28.25
BOS,2023-11-01,5,13,5,15,8,93.33,86.67,62.5,9.6,16.0,2.87,10.67,0.38,1.91,0.75,16.5
BOS,2023-11-01,6,36,8,37,10,86.49,86.49,70.0,9.73,19.24,5.76,13.3,2.5,8.14,5.0,12.3
BOS,2023-11-01,7,42,20,43,20,93.02,93.02,80.0,3.91,17.86,4.33,6.09,2.35,2.94,3.0,13.1
BOS,2023-11-01,8,39,25,47,29,87.23,87.23,79.31,6.55,15.36,2.28,7.36,3.48,2.63,3.07,8.83
BOS,2023-11-01,9,30,12,35,12,80.0,80.0,83.33,12.91,14.06,1.73,13.83,5.58,4.47,4.0,8.25
BOS,2023-11-01,10,14,29,17,33,70.59,70.59,84.85,8.41,16.41,3.22,10.71,4.42,2.43,4.61,5.97
BOS,2023-11-01,11,34,27,37,31,86.49,81.08,83.87,6.41,18.73,5.34,10.11,7.29,2.31,5.84,10.42
BOS,2023-11-01,12,24,27,27,29,66.67,66.67,82.76,19.33,16.19,3.36,21.74,5.03,2.59,2.03,8.41
BOS,2023-11-01,13,23,26,27,27,85.19,85.19,77.78,7.67,14.85,2.64,9.37,2.93,2.93,0.63,13.37
BOS,2023-11-01,14,22,32,23,35,73.91,73.91,80.0,20.96,15.96,3.4,23.17,20.63,3.05,19.17,22.63
BOS,2023-11-01,15,30,41,34,42,73.53,73.53,85.71,23.44,15.12,2.55,24.82,2.71,3.17,2.88,6.0
BOS,2023-11-01,16,31,31,35,37,91.43,80.0,75.68,3.91,17.8,5.44,8.4,4.0,3.58,2.46,8.97
BOS,2023-11-01,17,32,34,34,41,79.41,67.65,75.61,7.91,18.5,5.35,11.65,5.41,4.17,4.85,18.78
BOS,2023-11-01,18,37,26,42,36,85.71,80.95,72.22,9.69,19.21,6.11,13.83,3.0,3.67,4.69,14.64
BOS,2023-11-01,19,20,28,24,34,87.5,83.33,76.47,15.75,19.5,6.52,20.83,4.56,5.84,4.62,9.29
BOS,2023-11-01,20,21,19,26,21,80.77,57.69,71.43,14.15,20.81,7.54,19.85,11.33,4.44,7.76,28.33
BOS,2023-11-01,21,11,24,12,24,91.67,83.33,91.67,4.33,16.5,3.52,6.42,6.54,2.75,2.25,3.58
BOS,2023-11-01,22,9,22,15,23,93.33,80.0,78.26,10.07,15.53,2.38,12.13,4.39,2.57,4.0,12.83
BOS,2023-11-01,23,6,27,8,29,75.0,50.0,72.41,4.75,21.75,8.33,12.25,3.79,2.28,1.38,18.0
BOS,2023-11-02,0,0,9,0,8,0.0,0.0,87.5,0.0,0.0,0.0,0.0,1.88,0.18,0.0,14.88
BOS,2023-11-02,1,0,2,1,2,100.0,100.0,50.0,0.0,16.0,2.6,3.0,0.0,2.85,0.0,32.5
BOS,2023-11-02,2,0,0,0,0,0.0,0.0,0.0,0.0,0.0,0.0,0.0,0.0,0.0,0.0,0.0
BOS,2023-11-02,4,0,1,0,3,0.0,0.0,66.67,0.0,0.0,0.0,0.0,0.67,2.1,4.33,28.33
BOS,2023-11-02,5,13,5,14,7,85.71,71.43,100.0,6.86,20.36,7.43,13.5,0.0,1.31,0.0,0.0
BOS,2023-11-02,6,37,8,37,13,89.19,78.38,84.62,11.19,23.49,9.99,17.97,2.54,4.67,2.69,12.85
BOS,2023-11-02,7,44,21,46,24,93.48,89.13,79.17,4.91,20.5,6.95,9.2,4.38,5.5,4.33,10.54
BOS,2023-11-02,8,44,24,46,25,80.43,80.43,84.0,9.39,16.83,3.66,11.46,4.04,4.53,3.16,6.4
BOS,2023-11-02,9,30,16,35,18,80.0,80.0,88.89,17.91,15.6,2.97,19.09,6.22,3.98,3.28,5.39
BOS,2023-11-02,10,15,28,18,34,88.89,88.89,79.41,6.56,16.89,3.72,8.83,8.0,1.54,6.44,12.88
BOS,2023-11-02,11,29,28,34,30,85.29,85.29,90.0,7.76,16.44,3.28,9.91,6.63,1.82,2.6,5.67
BOS,2023-11-02,12,26,29,25,34,80.0,80.0,88.24,14.04,16.6,3.82,15.96,4.29,1.86,1.24,9.97
BOS,2023-11-02,13,25,30,31,33,74.19,70.97,75.76,21.23,15.26,2.45,23.42,4.45,2.01,3.21,10.58
BOS,2023-11-02,14,23,31,27,36,74.07,74.07,69.44,15.7,17.74,5.33,20.0,2.75,3.09,1.56,17.69
BOS,2023-11-02,15,30,36,33,40,69.7,66.67,75.0,26.79,17.94,5.06,31.24,2.2,3.43,4.03,9.28
BOS,2023-11-02,16,30,33,35,34,85.71,80.0,73.53,4.91,17.83,4.75,8.43,3.82,3.94,3.06,15.29
BOS,2023-11-02,17,31,36,31,41,87.1,74.19,90.24,5.52,19.03,5.54,9.52,7.1,3.65,3.51,12.02
BOS,2023-11-02,18,38,28,41,33,75.61,65.85,81.82,9.0,20.49,7.08,14.44,4.64,2.81,4.76,13.48
BOS,2023-11-02,19,22,26,24,32,66.67,62.5,81.25,22.83,20.0,6.67,27.71,4.34,3.85,2.97,13.16
BOS,2023-11-02,20,21,17,23,20,86.96,82.61,80.0,5.35,17.83,4.3,8.3,3.4,2.33,2.3,19.35
BOS,2023-11-02,21,12,28,16,30,87.5,87.5,76.67,16.5,14.31,1.69,17.25,4.13,3.38,1.3,12.17
BOS,2023-11-02,22,10,22,15,25,80.0,80.0,76.0,9.53,18.13,5.06,12.67,4.32,1.81,2.2,13.84
BOS,2023-11-02,23,6,28,8,28,62.5,50.0,92.86,16.88,22.13,8.7,24.75,1.64,0.8,0.61,2.79
BOS,2023-11-03,0,0,9,2,9,50.0,50.0,77.78,9.0,13.5,0.3,9.5,0.22,2.23,2.67,12.44
BOS,2023-11-03,1,0,2,0,2,0.0,0.0,100.0,0.0,0.0,0.0,0.0,0.0,0.85,0.0,0.5
BOS,2023-11-03,2,0,0,0,0,0.0,0.0,0.0,0.0,0.0,0.0,0.0,0.0,0.0,0.0,0.0
BOS,2023-11-03,3,0,0,1,0,100.0,100.0,0.0,0.0,13.0,0.0,0.0,0.0,0.0,0.0,0.0
BOS,2023-11-03,4,0,1,0,3,0.0,0.0,66.67,0.0,0.0,0.0,0.0,0.0,4.1,9.67,7.33
BOS,2023-11-03,5,13,5,15,7,93.33,93.33,100.0,2.47,15.53,2.91,3.73,0.86,4.91,2.0,0.86
BOS,2023-11-03,6,37,8,38,10,86.84,81.58,80.0,10.11,20.76,7.38,15.03,0.6,7.13,1.7,5.3
BOS,2023-11-03,7,45,19,47,19,80.85,74.47,84.21,16.26,18.3,5.03,19.68,3.58,4.13,2.84,8.0
BOS,2023-11-03,8,41,26,47,27,80.85,72.34,85.19,17.32,20.13,6.64,21.91,3.26,4.51,1.52,15.22
BOS,2023-11-03,9,27,16,33,18,75.76,75.76,83.33,16.0,14.73,2.24,17.42,4.06,2.11,4.5,5.44
BOS,2023-11-03,10,16,30,20,36,80.0,75.0,83.33,6.95,15.95,2.84,8.85,5.11,0.62,3.28,5.56
BOS,2023-11-03,11,29,27,33,30,84.85,81.82,83.33,28.52,16.03,2.73,30.15,4.93,4.26,3.43,6.43
BOS,2023-11-03,12,26,26,32,29,75.0,71.88,93.1,7.94,15.69,2.93,10.41,3.86,1.35,0.45,7.79
BOS,2023-11-03,13,24,29,27,36,88.89,81.48,75.0,15.96,18.33,5.42,20.37,4.25,1.73,2.31,13.61
BOS,2023-11-03,14,22,34,27,34,74.07,70.37,85.29,25.11,16.22,3.41,27.0,5.24,1.17,1.74,18.41
BOS,2023-11-03,15,32,38,37,41,67.57,59.46,92.68,15.3,18.62,5.38,19.35,3.17,2.95,1.54,3.15
BOS,2023-11-03,16,33,31,35,32,88.57,82.86,90.63,3.49,18.0,5.13,6.89,1.56,3.89,1.0,7.0
BOS,2023-11-03,17,32,36,38,42,81.58,78.95,88.1,9.21,17.89,4.59,12.42,3.05,2.58,1.29,8.21
BOS,2023-11-03,18,39,28,40,30,82.5,80.0,86.67,8.53,19.38,6.02,11.88,4.0,3.24,1.83,5.73
BOS,2023-11-03,19,20,27,23,32,82.61,78.26,81.25,7.48,18.52,5.15,10.83,5.84,2.66,4.66,10.0
BOS,2023-11-03,20,20,20,20,21,85.0,75.0,71.43,34.3,18.65,5.28,37.3,4.05,2.56,1.62,15.29
BOS,2023-11-03,21,12,26,13,25,84.62,84.62,92.0,5.85,16.08,3.15,7.31,3.0,2.7,0.84,9.24
BOS,2023-11-03,22,10,22,14,23,85.71,85.71,91.3,23.29,14.71,2.06,23.71,2.65,4.36,1.83,15.26
BOS,2023-11-03,23,7,27,7,28,71.43,71.43,92.86,14.0,16.29,2.86,16.43,2.68,1.61,0.54,2.82
BOS,2023-11-04,0,0,9,1,9,100.0,100.0,88.89,0.0,13.0,0.0,0.0,1.78,0.76,0.0,5.22
BOS,2023-11-04,1,1,1,0,3,0.0,0.0,33.33,0.0,0.0,0.0,0.0,0.33,0.57,2.0,26.67
BOS,2023-11-04,2,0,0,1,0,100.0,100.0,0.0,0.0,13.0,0.0,0.0,0.0,0.0,0.0,0.0
BOS,2023-11-04,3,0,1,0,0,0.0,0.0,0.0,0.0,0.0,0.0,0.0,0.0,0.0,0.0,0.0
BOS,2023-11-04,4,0,0,0,1,0.0,0.0,0.0,0.0,0.0,0.0,0.0,0.0,1.7,1.0,19.0
BOS,2023-11-04,5,12,6,12,5,91.67,91.67,100.0,7.0,16.75,4.38,9.92,0.4,0.14,0.0,0.0
BOS,2023-11-04,6,30,7,30,11,80.0,76.67,81.82,18.6,17.87,4.58,21.03,0.36,4.42,2.09,3.73
BOS,2023-11-04,7,41,13,42,13,97.62,95.24,84.62,1.5,17.48,4.1,3.19,16.08,3.17,3.85,4.54
BOS,2023-11-04,8,40,17,41,23,87.8,87.8,95.65,28.2,18.44,5.28,30.8,2.52,2.39,1.0,1.57
BOS,2023-11-04,9,33,18,40,19,92.5,90.0,84.21,1.55,16.98,4.03,3.53,3.84,1.49,2.0,7.95
BOS,2023-11-04,10,19,26,19,27,78.95,78.95,85.19,8.53,15.0,2.41,9.05,4.78,1.1,3.19,5.19
BOS,2023-11-04,11,21,20,20,21,80.0,80.0,95.24,12.55,14.25,1.46,12.75,2.67,1.14,1.0,2.29
BOS,2023-11-04,12,23,24,26,27,80.77,76.92,85.19,8.23,14.38,2.32,9.54,2.37,2.39,2.52,3.22
BOS,2023-11-04,13,25,23,28,26,89.29,85.71,65.38,12.25,15.0,3.04,13.93,4.73,3.37,4.27,27.77
BOS,2023-11-04,14,17,35,18,38,55.56,55.56,68.42,21.06,15.61,2.68,23.06,4.5,2.12,2.45,20.87
BOS,2023-11-04,15,27,34,30,35,76.67,73.33,85.71,25.17,16.93,3.6,27.07,8.26,3.11,3.03,12.91
BOS,2023-11-04,16,28,33,30,38,80.0,76.67,84.21,17.53,16.33,3.58,19.67,3.03,3.37,2.39,6.39
BOS,2023-11-04,17,24,24,26,26,84.62,80.77,84.62,7.5,16.08,3.1,9.19,3.08,1.9,2.73,6.69
BOS,2023-11-04,18,26,29,26,29,84.62,80.77,82.76,11.31,14.92,2.04,12.46,1.86,3.01,0.38,6.31
BOS,2023-11-04,19,18,21,19,24,73.68,68.42,83.33,10.0,16.68,3.73,12.21,4.0,2.4,1.58,12.42
BOS,2023-11-04,20,14,20,15,20,80.0,66.67,85.0,13.07,18.8,5.16,16.93,1.95,4.31,3.15,13.5
BOS,2023-11-04,21,9,19,9,19,88.89,88.89,89.47,21.33,23.22,10.23,22.67,3.74,4.98,3.11,5.0
BOS,2023-11-04,22,7,16,7,18,71.43,71.43,77.78,26.43,23.0,9.47,26.86,2.06,1.07,0.94,10.11
BOS,2023-11-04,23,7,19,7,19,57.14,42.86,89.47,12.14,16.14,3.14,14.0,1.21,1.77,0.74,10.89
BOS,2023-11-05,0,0,9,1,10,100.0,0.0,80.0,0.0,29.0,15.6,16.0,1.6,2.09,1.3,25.5
BOS,2023-11-05,1,0,1,0,1,0.0,0.0,100.0,0.0,0.0,0.0,0.0,0.0,0.0,0.0,0.0
BOS,2023-11-05,2,0,0,0,1,0.0,0.0,0.0,0.0,0.0,0.0,0.0,0.0,4.7,19.0,41.0
BOS,2023-11-05,3,0,0,0,0,0.0,0.0,0.0,0.0,0.0,0.0,0.0,0.0,0.0,0.0,0.0
BOS,2023-11-05,4,0,1,0,7,0.0,0.0,85.71,0.0,0.0,0.0,0.0,0.0,6.34,9.0,4.86
BOS,2023-11-05,5,14,7,14,7,92.86,85.71,85.71,4.71,13.93,2.36,6.0,1.0,4.6,3.29,5.14
BOS,2023-11-05,6,31,10,33,5,93.94,90.91,80.0,3.12,15.27,2.43,4.3,0.4,5.36,0.0,11.0
BOS,2023-11-05,7,39,11,44,11,88.64,84.09,90.91,5.09,16.16,2.86,7.0,1.45,4.64,2.18,8.0
BOS,2023-11-05,8,35,19,36,16,91.67,88.89,93.75,2.78,17.89,4.79,5.56,3.25,4.73,2.0,4.0
BOS,2023-11-05,9,22,21,24,21,91.67,91.67,95.24,5.29,13.46,1.56,5.79,1.57,2.37,0.76,2.71
BOS,2023-11-05,10,17,25,19,27,73.68,73.68,85.19,19.42,15.21,2.65,21.37,2.52,2.08,2.33,3.7
BOS,2023-11-05,11,33,26,36,28,88.89,88.89,89.29,3.56,13.33,1.35,4.31,4.82,2.77,3.21,9.68
BOS,2023-11-05,12,27,24,28,27,75.0,71.43,85.19,20.14,14.25,1.94,21.29,4.56,2.95,5.0,8.59
BOS,2023-11-05,13,23,32,27,40,85.19,88.89,65.0,4.3,13.78,1.57,5.3,3.3,4.03,4.7,11.85
BOS,2023-11-05,14,26,39,30,42,70.0,70.0,71.43,17.1,15.03,2.18,18.63,3.88,4.32,4.21,14.07
BOS,2023-11-05,15,32,32,33,38,69.7,63.64,84.21,11.18,14.15,1.38,12.12,3.84,3.82,10.13,14.37
BOS,2023-11-05,16,29,30,35,37,80.0,68.57,91.89,9.54,17.2,4.9,13.37,4.03,4.24,3.78,4.86
BOS,2023-11-05,17,34,39,38,48,84.21,76.32,83.33,8.47,19.74,6.51,13.53,3.4,4.91,2.98,7.73
BOS,2023-11-05,18,37,26,43,26,76.74,74.42,80.77,11.21,16.21,3.49,13.65,1.88,5.69,2.62,10.38
BOS,2023-11-05,19,25,30,26,34,76.92,69.23,85.29,13.15,17.92,4.57,16.5,2.82,4.55,3.65,6.94
BOS,2023-11-05,20,29,25,32,26,84.38,84.38,84.62,27.09,15.69,2.67,27.97,1.81,6.45,2.69,5.04
BOS,2023-11-05,21,15,22,14,25,50.0,42.86,92.0,16.07,19.57,6.66,17.79,3.2,4.58,1.64,6.04
BOS,2023-11-05,22,6,27,7,28,100.0,100.0,78.57,0.71,19.29,5.94,5.29,1.07,2.94,2.0,13.21
BOS,2023-11-05,23,2,26,2,36,0.0,0.0,83.33,53.0,12.0,0.0,51.0,0.97,2.74,3.5,5.58
BOS,2023-11-06,0,1,10,1,2,100.0,100.0,0.0,0.0,16.0,2.6,0.0,0.0,8.7,2.5,22.5
BOS,2023-11-06,1,0,0,0,1,0.0,0.0,0.0,0.0,0.0,0.0,0.0,0.0,5.7,0.0,357.0
BOS,2023-11-06,4,0,1,0,2,0.0,0.0,0.0,0.0,0.0,0.0,0.0,1.5,7.25,5.5,33.5
BOS,2023-11-06,5,14,5,14,5,92.86,92.86,80.0,1.64,13.57,1.74,2.29,0.8,3.62,0.0,16.2
BOS,2023-11-06,6,41,10,41,10,97.56,95.12,80.0,22.1,16.73,3.74,24.05,7.5,14.27,4.6,5.7
BOS,2023-11-06,7,45,19,47,20,91.49,87.23,90.0,4.04,16.47,3.5,5.21,2.2,4.55,0.95,3.5
BOS,2023-11-06,8,39,24,41,24,90.24,87.8,87.5,3.44,15.78,3.42,5.0,7.83,3.59,1.92,10.21
BOS,2023-11-06,9,30,20,32,23,87.5,87.5,82.61,2.44,14.25,2.21,3.72,4.74,4.17,3.61,8.78
BOS,2023-11-06,10,18,25,22,30,95.45,90.91,90.0,2.27,15.27,2.55,3.95,3.27,2.88,2.7,4.2
BOS,2023-11-06,11,28,33,33,35,84.85,84.85,82.86,9.24,14.27,1.88,10.21,2.66,2.91,1.89,20.49
BOS,2023-11-06,12,33,23,36,24,86.11,86.11,91.67,17.75,13.78,1.29,18.39,1.13,3.99,0.79,2.0
BOS,2023-11-06,13,22,35,25,37,96.0,96.0,89.19,2.28,11.04,0.63,2.48,2.16,4.06,2.49,3.05
BOS,2023-11-06,14,28,40,29,44,86.21,86.21,86.36,11.38,14.03,1.7,11.76,2.25,3.29,1.25,11.09
BOS,2023-11-06,15,28,30,29,31,89.66,89.66,93.55,11.55,15.52,2.3,12.66,1.77,3.16,1.13,2.35
BOS,2023-11-06,16,30,30,36,36,77.78,69.44,91.67,9.39,16.03,3.86,12.94,4.67,3.42,3.94,6.0
BOS,2023-11-06,17,33,41,35,47,74.29,68.57,85.11,9.0,20.31,6.71,13.57,5.06,4.53,2.62,5.83
BOS,2023-11-06,18,35,26,38,29,92.11,71.05,75.86,3.37,24.08,10.6,11.32,4.97,4.98,3.0,14.07
BOS,2023-11-06,19,29,28,28,31,78.57,71.43,96.77,19.11,19.11,5.53,22.82,2.9,2.71,1.26,4.87
BOS,2023-11-06,20,27,23,27,24,92.59,92.59,75.0,2.85,15.37,2.48,3.78,4.33,3.61,2.08,7.58
BOS,2023-11-06,21,13,20,15,19,66.67,60.0,84.21,12.8,15.67,3.11,15.67,1.74,2.37,0.0,5.68
BOS,2023-11-06,22,5,25,10,25,100.0,90.0,88.0,0.6,18.5,5.46,4.0,2.64,2.03,1.48,27.04
BOS,2023-11-06,23,2,28,2,29,50.0,50.0,89.66,16.0,14.5,0.9,16.5,2.41,0.29,1.59,4.59
BOS,2023-11-07,0,1,9,1,10,100.0,100.0,80.0,0.0,14.0,0.6,1.0,0.6,0.51,1.2,3.8
BOS,2023-11-07,1,0,0,0,1,0.0,0.0,0.0,0.0,0.0,0.0,0.0,0.0,1.8,0.0,75.0
BOS,2023-11-07,2,0,0,0,0,0.0,0.0,0.0,0.0,0.0,0.0,0.0,0.0,0.0,0.0,0.0
BOS,2023-11-07,3,0,0,0,0,0.0,0.0,0.0,0.0,0.0,0.0,0.0,0.0,0.0,0.0,0.0
BOS,2023-11-07,4,0,1,0,3,0.0,0.0,100.0,0.0,0.0,0.0,0.0,2.0,2.43,0.67,0.0
BOS,2023-11-07,5,14,5,15,7,100.0,100.0,85.71,0.07,16.53,3.45,1.4,0.0,5.71,0.0,2.57
BOS,2023-11-07,6,39,9,39,13,92.31,89.74,100.0,5.9,21.51,8.26,9.64,1.38,9.01,0.15,1.77
BOS,2023-11-07,7,43,19,45,20,93.33,91.11,90.0,2.36,20.04,6.45,4.91,2.55,5.01,1.95,4.15
BOS,2023-11-07,8,35,21,41,24,87.8,87.8,75.0,3.8,17.17,4.21,5.76,6.42,3.7,3.5,11.79
BOS,2023-11-07,9,30,20,31,24,90.32,87.1,70.83,3.35,14.94,2.46,4.65,5.96,2.95,4.29,11.54
BOS,2023-11-07,10,19,23,21,26,95.24,95.24,88.46,1.76,15.76,2.71,2.43,4.96,1.44,1.73,3.04
BOS,2023-11-07,11,28,31,35,34,91.43,91.43,88.24,3.83,14.11,1.69,4.71,4.06,1.29,1.88,2.76
BOS,2023-11-07,12,29,23,31,29,93.55,80.65,86.21,3.68,15.84,2.85,5.61,4.52,3.28,3.21,5.48
BOS,2023-11-07,13,20,34,23,36,95.65,95.65,91.67,1.96,14.48,2.33,2.61,3.56,2.39,1.94,5.0
BOS,2023-11-07,14,26,39,28,46,89.29,85.71,84.78,9.29,16.14,2.94,10.89,3.72,2.12,2.41,5.98
BOS,2023-11-07,15,29,28,32,29,90.63,87.5,93.1,3.09,17.97,4.43,6.03,2.28,2.08,1.38,2.41
BOS,2023-11-07,16,28,29,35,36,88.57,85.71,86.11,3.03,19.6,6.31,7.03,4.42,2.49,2.72,5.33
BOS,2023-11-07,17,30,39,35,40,77.14,68.57,92.5,8.97,20.66,7.14,13.89,7.08,3.24,3.38,4.3
BOS,2023-11-07,18,34,25,37,31,97.3,78.38,90.32,1.16,23.11,9.7,7.54,4.16,4.45,2.87,7.65
BOS,2023-11-07,19,29,29,30,33,93.33,90.0,90.91,3.77,19.0,5.29,5.97,3.24,3.37,2.12,4.82
BOS,2023-11-07,20,24,24,26,28,84.62,84.62,82.14,5.04,16.81,3.41,6.46,4.0,2.97,3.29,7.36
BOS,2023-11-07,21,13,19,16,22,75.0,75.0,86.36,9.81,14.25,1.45,10.25,2.73,3.72,2.27,5.68
BOS,2023-11-07,22,6,24,13,25,84.62,76.92,88.0,5.08,16.31,3.65,8.08,2.6,1.58,0.88,4.48
BOS,2023-11-07,23,2,27,4,29,75.0,75.0,82.76,15.25,16.25,2.85,17.5,1.97,0.97,2.03,10.52
BOS,2023-11-08,0,0,9,1,9,100.0,100.0,100.0,0.0,18.0,4.4,3.0,3.0,3.31,4.11,2.33
BOS,2023-11-08,1,0,0,0,0,0.0,0.0,0.0,0.0,0.0,0.0,0.0,0.0,0.0,0.0,0.0
BOS,2023-11-08,2,0,0,0,0,0.0,0.0,0.0,0.0,0.0,0.0,0.0,0.0,0.0,0.0,0.0
BOS,2023-11-08,3,0,0,0,0,0.0,0.0,0.0,0.0,0.0,0.0,0.0,0.0,0.0,0.0,0.0
BOS,2023-11-08,4,0,1,0,3,0.0,0.0,100.0,0.0,0.0,0.0,0.0,1.0,1.77,0.0,0.0
BOS,2023-11-08,5,14,6,15,8,100.0,100.0,87.5,0.33,15.93,3.37,1.87,0.13,3.15,0.13,11.88
BOS,2023-11-08,6,39,10,39,12,94.87,87.18,75.0,3.56,19.13,5.68,6.46,3.42,8.93,2.5,8.08
BOS,2023-11-08,7,43,18,50,19,90.0,86.0,84.21,6.82,19.42,5.95,10.42,3.11,6.4,2.74,7.63
BOS,2023-11-08,8,34,23,39,25,92.31,89.74,92.0,2.08,15.95,3.37,3.85,2.88,4.13,1.44,3.64
BOS,2023-11-08,9,29,20,33,23,84.85,84.85,78.26,8.88,14.58,2.19,10.21,2.17,2.53,2.57,5.87
BOS,2023-11-08,10,19,23,20,24,100.0,95.0,87.5,0.0,17.65,4.37,3.25,2.83,2.58,2.29,7.04
BOS,2023-11-08,11,30,30,35,32,80.0,77.14,90.63,7.09,15.29,2.31,8.63,3.81,2.62,2.81,3.44
BOS,2023-11-08,12,28,23,29,27,86.21,82.76,100.0,9.79,15.72,2.66,11.07,2.48,3.48,2.22,0.81
BOS,2023-11-08,13,20,32,27,35,88.89,88.89,94.29,4.59,14.15,2.05,5.7,2.17,3.27,1.37,1.71
BOS,2023-11-08,14,27,40,31,43,90.32,83.87,88.37,4.1,17.74,4.63,6.87,3.6,3.66,3.58,6.91
BOS,2023-11-08,15,29,27,33,30,75.76,75.76,83.33,8.45,18.33,4.74,11.85,1.2,2.95,3.33,8.97
BOS,2023-11-08,16,29,28,33,34,93.94,72.73,88.24,2.91,19.82,6.87,8.33,3.71,4.05,3.79,5.21
BOS,2023-11-08,17,30,40,33,44,84.85,60.61,88.64,5.91,26.3,13.11,16.42,2.64,5.1,3.25,6.55
BOS,2023-11-08,18,35,25,36,33,91.67,30.56,69.7,4.39,33.89,20.71,22.81,3.03,10.46,5.55,10.3
BOS,2023-11-08,19,27,31,29,37,86.21,65.52,89.19,9.0,25.62,11.79,17.62,6.19,6.41,4.0,9.73
BOS,2023-11-08,20,24,25,27,26,88.89,77.78,80.77,9.48,22.15,8.7,14.67,4.81,5.83,1.65,20.88
BOS,2023-11-08,21,12,20,15,21,93.33,93.33,76.19,2.07,16.47,3.4,4.8,2.86,6.16,3.57,7.24
BOS,2023-11-08,22,6,24,14,24,100.0,100.0,83.33,0.21,18.86,5.49,4.07,2.33,2.08,1.58,7.08
BOS,2023-11-08,23,2,25,2,27,50.0,0.0,100.0,23.5,25.5,11.9,35.0,0.93,1.6,0.07,0.56
BOS,2023-11-09,0,1,9,2,9,50.0,50.0,100.0,7.5,20.5,7.1,12.0,0.89,3.1,0.56,0.44
BOS,2023-11-09,1,0,0,0,0,0.0,0.0,0.0,0.0,0.0,0.0,0.0,0.0,0.0,0.0,0.0
BOS,2023-11-09,4,0,1,0,3,0.0,0.0,66.67,0.0,0.0,0.0,0.0,0.33,2.43,6.67,6.0
BOS,2023-11-09,5,14,7,15,9,93.33,80.0,77.78,9.4,20.93,7.84,14.73,0.56,8.69,2.11,10.44
BOS,2023-11-09,6,41,9,41,12,90.24,78.05,83.33,3.85,20.24,6.82,8.83,0.25,11.51,0.17,5.75
BOS,2023-11-09,7,43,20,47,20,89.36,68.09,90.0,22.13,25.51,11.9,32.21,3.6,6.3,2.05,5.8
BOS,2023-11-09,8,39,22,44,21,93.18,81.82,90.48,4.59,20.18,6.89,8.95,5.38,5.84,1.19,4.05
BOS,2023-11-09,9,30,21,33,26,87.88,81.82,84.62,23.76,15.94,3.47,26.0,3.81,2.13,3.08,8.0
BOS,2023-11-09,10,18,24,24,29,87.5,75.0,93.1,5.29,19.5,6.4,9.88,5.38,1.45,1.28,6.31
BOS,2023-11-09,11,30,35,32,39,78.13,78.13,76.92,16.0,16.94,3.7,18.28,10.82,1.88,3.31,9.46
BOS,2023-11-09,12,30,24,34,25,73.53,67.65,92.0,14.65,18.29,5.35,18.76,5.88,2.63,1.64,12.56
BOS,2023-11-09,13,23,31,27,34,77.78,77.78,82.35,10.3,16.0,3.32,12.7,6.56,3.7,3.74,6.06
BOS,2023-11-09,14,26,40,25,43,80.0,76.0,72.09,14.44,18.12,4.76,17.16,11.21,2.38,4.95,15.19
BOS,2023-11-09,15,29,30,33,36,75.76,69.7,50.0,15.27,21.82,8.17,21.85,10.61,2.98,14.81,33.14
BOS,2023-11-09,16,30,29,31,30,64.52,54.84,56.67,28.58,20.19,7.1,34.77,12.27,3.11,12.77,24.03
BOS,2023-11-09,17,32,41,35,42,45.71,37.14,54.76,35.97,24.09,10.67,46.23,8.74,4.27,6.86,21.29
BOS,2023-11-09,18,37,26,38,34,60.53,28.95,61.76,20.95,26.03,12.53,32.95,5.06,5.09,5.41,19.38
BOS,2023-11-09,19,28,27,29,30,72.41,51.72,66.67,16.83,23.03,9.18,24.62,4.47,3.27,3.8,14.97
BOS,2023-11-09,20,27,26,30,29,76.67,66.67,89.66,11.4,20.07,6.59,16.53,5.86,3.5,3.03,7.21
BOS,2023-11-09,21,13,20,16,21,75.0,68.75,76.19,12.75,18.13,4.91,17.06,4.24,3.41,1.29,6.57
BOS,2023-11-09,22,6,26,13,25,84.62,61.54,64.0,10.15,21.15,8.25,17.69,5.0,2.72,1.28,13.2
BOS,2023-11-09,23,2,29,4,31,100.0,100.0,77.42,0.0,16.75,3.35,3.0,3.55,1.8,2.29,12.94
BOS,2023-11-10,0,0,9,0,9,0.0,0.0,88.89,0.0,0.0,0.0,0.0,3.78,3.1,1.11,51.67
BOS,2023-11-10,1,0,0,0,0,0.0,0.0,0.0,0.0,0.0,0.0,0.0,0.0,0.0,0.0,0.0
BOS,2023-11-10,4,0,1,0,2,0.0,0.0,100.0,0.0,0.0,0.0,0.0,0.5,4.9,1.0,0.0
BOS,2023-11-10,5,14,6,16,9,87.5,87.5,77.78,4.81,14.88,2.09,5.69,1.89,3.92,0.56,6.56
BOS,2023-11-10,6,40,11,41,11,85.37,80.49,90.91,17.17,18.54,5.17,20.34,0.82,11.77,0.0,3.55
BOS,2023-11-10,7,45,17,45,18,95.56,86.67,88.89,1.04,21.13,7.58,5.64,2.94,5.14,1.94,5.61
BOS,2023-11-10,8,36,24,39,25,84.62,84.62,84.0,11.03,16.97,3.83,13.13,4.96,5.16,2.32,9.24
BOS,2023-11-10,9,28,22,35,25,85.71,80.0,84.0,7.46,16.4,3.76,10.26,2.44,1.48,1.16,6.2
BOS,2023-11-10,10,19,25,20,27,100.0,100.0,92.59,0.9,14.05,1.49,1.05,3.0,1.56,0.59,4.11
BOS,2023-11-10,11,28,34,30,40,86.67,80.0,87.5,6.2,17.27,4.06,8.57,3.42,3.1,2.75,6.0
BOS,2023-11-10,12,32,22,39,25,71.79,64.1,84.0,10.15,15.74,3.26,12.95,4.4,1.96,2.48,9.76
BOS,2023-11-10,13,22,33,24,33,95.83,95.83,90.91,1.46,16.46,3.85,3.33,5.15,3.17,3.85,3.97
BOS,2023-11-10,14,26,42,27,42,88.89,66.67,92.86,6.19,20.89,7.6,11.96,4.31,4.65,1.45,6.12
BOS,2023-11-10,15,31,28,32,30,93.75,87.5,86.67,6.91,19.59,6.03,11.47,1.57,5.51,1.23,5.47
BOS,2023-11-10,16,32,28,32,33,87.5,84.38,78.79,7.0,16.72,3.94,9.13,2.88,2.58,1.45,7.94
BOS,2023-11-10,17,32,41,34,46,88.24,82.35,86.96,8.62,20.74,7.24,13.47,4.02,3.1,1.76,6.39
BOS,2023-11-10,18,38,27,42,33,92.86,83.33,90.91,3.98,22.29,8.9,11.0,5.24,4.44,2.64,4.18
BOS,2023-11-10,19,26,30,26,31,80.77,80.77,80.65,24.58,20.23,6.38,27.92,6.13,2.77,1.19,13.42
BOS,2023-11-10,20,27,24,27,26,88.89,77.78,88.46,5.04,19.52,6.04,9.07,4.42,2.75,0.58,4.08
BOS,2023-11-10,21,12,19,12,21,91.67,91.67,80.95,6.17,14.25,1.67,7.33,3.33,3.4,0.81,5.0
BOS,2023-11-10,22,7,26,11,27,90.91,81.82,85.19,3.55,19.0,5.82,7.73,2.37,1.4,0.19,9.89
BOS,2023-11-10,23,2,28,4,29,50.0,50.0,89.66,20.75,19.75,6.22,27.0,3.52,0.8,0.17,6.45
BOS,2023-11-11,0,0,8,1,9,100.0,100.0,66.67,0.0,13.0,0.0,0.0,0.0,0.9,0.33,18.67
BOS,2023-11-11,1,0,0,0,0,0.0,0.0,0.0,0.0,0.0,0.0,0.0,0.0,0.0,0.0,0.0
BOS,2023-11-11,2,0,0,0,0,0.0,0.0,0.0,0.0,0.0,0.0,0.0,0.0,0.0,0.0,0.0
BOS,2023-11-11,4,0,1,0,2,0.0,0.0,50.0,0.0,0.0,0.0,0.0,12.5,4.2,7.5,41.5
BOS,2023-11-11,5,13,3,14,7,92.86,85.71,85.71,2.79,17.86,4.54,5.36,0.57,2.07,0.29,11.86
BOS,2023-11-11,6,31,9,32,13,87.5,84.38,92.31,8.13,19.06,5.84,10.84,2.46,7.08,2.15,2.31
BOS,2023-11-11,7,38,11,38,12,94.74,86.84,100.0,4.21,22.55,8.92,9.58,2.25,5.32,2.33,1.08
BOS,2023-11-11,8,40,18,46,15,97.83,80.43,93.33,1.28,24.52,11.0,8.59,2.87,3.31,2.4,2.27
BOS,2023-11-11,9,28,16,31,20,90.32,90.32,85.0,4.16,19.87,7.33,7.03,3.2,3.15,1.65,8.0
BOS,2023-11-11,10,19,21,24,20,91.67,83.33,85.0,12.63,13.5,1.22,13.29,1.9,2.89,1.15,9.5
BOS,2023-11-11,11,25,23,26,25,80.77,76.92,96.0,14.12,15.04,2.52,15.62,2.64,2.07,0.04,1.64
BOS,2023-11-11,12,24,19,28,23,85.71,82.14,95.65,10.25,13.0,1.12,10.71,2.57,2.3,1.0,13.48
BOS,2023-11-11,13,20,27,23,27,91.3,91.3,96.3,3.43,12.26,0.83,4.0,3.15,2.96,0.11,3.07
BOS,2023-11-11,14,16,40,15,40,93.33,100.0,95.0,1.4,13.67,1.65,2.07,1.98,2.77,0.05,3.7
BOS,2023-11-11,15,29,30,30,31,90.0,83.33,96.77,3.53,15.33,2.69,4.97,1.26,3.7,0.06,2.71
BOS,2023-11-11,16,27,31,30,36,96.67,93.33,94.44,1.53,14.83,2.54,2.03,2.47,3.53,0.72,2.08
BOS,2023-11-11,17,24,30,25,30,92.0,88.0,86.67,6.16,14.12,2.06,7.28,2.23,3.7,0.83,16.0
BOS,2023-11-11,18,32,24,32,28,84.38,81.25,89.29,8.56,14.94,2.71,9.88,2.04,5.65,2.43,10.64
BOS,2023-11-11,19,17,23,19,25,84.21,78.95,88.0,16.16,18.42,4.9,19.21,1.04,4.07,0.2,12.88
BOS,2023-11-11,20,13,23,15,24,93.33,93.33,79.17,4.73,14.13,1.51,5.73,1.88,4.71,2.0,10.33
BOS,2023-11-11,21,11,16,12,19,66.67,66.67,73.68,12.08,16.17,3.11,14.75,2.84,3.23,2.05,8.89
BOS,2023-11-11,22,6,15,7,17,100.0,100.0,76.47,2.57,15.0,2.54,2.86,1.35,2.97,2.65,9.76
BOS,2023-11-11,23,2,20,3,23,66.67,66.67,82.61,6.0,16.0,2.47,7.67,0.48,3.17,1.17,17.87
BOS,2023-11-12,0,0,10,0,10,0.0,0.0,90.0,0.0,0.0,0.0,0.0,0.9,2.84,1.3,4.8
BOS,2023-11-12,1,0,0,0,0,0.0,0.0,0.0,0.0,0.0,0.0,0.0,0.0,0.0,0.0,0.0
BOS,2023-11-12,2,0,0,0,0,0.0,0.0,0.0,0.0,0.0,0.0,0.0,0.0,0.0,0.0,0.0
BOS,2023-11-12,4,0,1,0,2,0.0,0.0,0.0,0.0,0.0,0.0,0.0,3.0,4.75,17.5,15.0
BOS,2023-11-12,5,14,7,14,4,92.86,92.86,100.0,2.79,12.14,0.37,2.64,1.0,6.72,5.25,2.75
BOS,2023-11-12,6,31,10,32,8,87.5,87.5,100.0,3.81,16.25,3.26,5.25,3.38,5.24,0.25,0.0
BOS,2023-11-12,7,40,13,43,15,90.7,90.7,86.67,2.81,17.67,4.18,4.72,2.93,3.83,0.4,9.4
BOS,2023-11-12,8,33,18,33,16,81.82,84.85,93.75,4.97,14.03,1.34,5.45,1.19,3.54,0.5,3.94
BOS,2023-11-12,9,24,21,30,22,76.67,80.0,95.45,8.23,12.87,1.28,8.77,2.09,2.35,0.27,0.82
BOS,2023-11-12,10,18,23,19,25,89.47,89.47,80.0,6.68,12.63,0.41,6.74,2.68,3.13,1.68,9.36
BOS,2023-11-12,11,33,29,37,34,91.89,91.89,85.29,3.73,14.08,1.88,4.7,2.71,4.2,2.44,5.97
BOS,2023-11-12,12,28,24,31,26,83.87,83.87,88.46,10.61,14.52,2.18,11.84,4.0,2.56,1.69,9.19
BOS,2023-11-12,13,23,33,28,37,85.71,85.71,89.19,7.68,12.39,0.93,7.93,2.73,3.5,1.32,7.03
BOS,2023-11-12,14,26,40,28,44,96.43,96.43,97.73,2.18,13.96,1.68,2.96,3.07,4.3,1.36,4.64
BOS,2023-11-12,15,31,29,32,32,81.25,81.25,87.5,10.06,16.03,2.91,11.78,1.09,4.0,1.38,9.75
BOS,2023-11-12,16,30,29,40,33,85.0,70.0,87.88,8.13,16.05,3.84,11.48,2.64,4.68,2.06,6.88
BOS,2023-11-12,17,34,40,33,44,90.91,87.88,90.91,5.48,16.58,3.72,7.48,2.41,4.95,2.5,3.36
BOS,2023-11-12,18,36,26,37,29,86.49,78.38,86.21,5.32,17.05,4.18,8.76,2.34,5.57,1.93,8.03
BOS,2023-11-12,19,28,30,28,37,89.29,89.29,72.97,4.64,17.57,4.39,7.11,1.68,4.38,2.11,17.24
BOS,2023-11-12,20,29,26,29,29,86.21,82.76,86.21,8.48,15.69,2.94,10.93,2.14,6.29,2.1,11.31
BOS,2023-11-12,21,14,21,17,24,70.59,58.82,91.67,17.06,17.88,4.62,21.24,1.67,6.24,0.67,4.17
BOS,2023-11-12,22,6,26,6,27,66.67,50.0,77.78,9.0,22.83,9.53,18.5,1.07,3.55,1.26,15.48
BOS,2023-11-12,23,2,28,2,30,100.0,100.0,76.67,4.0,18.5,4.9,8.5,1.37,2.86,2.13,9.23
BOS,2023-11-13,0,1,11,2,10,100.0,100.0,70.0,0.0,16.0,2.8,3.0,0.2,3.83,2.4,21.8
BOS,2023-11-13,1,0,0,0,1,0.0,0.0,100.0,0.0,0.0,0.0,0.0,0.0,2.4,0.0,0.0
BOS,2023-11-13,4,0,2,0,2,0.0,0.0,50.0,0.0,0.0,0.0,0.0,3.0,2.75,9.0,16.0
BOS,2023-11-13,5,14,5,14,7,100.0,92.86,71.43,0.43,19.21,6.48,4.93,1.29,5.79,0.86,9.14
BOS,2023-11-13,6,42,10,43,11,86.05,67.44,81.82,8.49,21.88,8.8,15.4,2.27,8.32,1.45,32.91
BOS,2023-11-13,7,44,19,45,17,82.22,62.22,88.24,11.96,21.87,8.61,17.93,2.71,6.39,3.88,42.53
BOS,2023-11-13,8,38,24,44,27,84.09,77.27,85.19,16.66,16.7,4.05,19.57,2.85,7.91,3.37,6.74
BOS,2023-11-13,9,30,20,30,22,90.0,86.67,81.82,5.8,12.53,0.75,6.2,2.86,4.0,2.91,8.0
BOS,2023-11-13,10,19,25,22,29,72.73,72.73,86.21,11.95,14.27,1.59,12.91,2.62,2.77,1.14,4.03
BOS,2023-11-13,11,28,33,34,33,76.47,76.47,81.82,13.88,13.79,1.33,14.56,1.73,4.38,1.67,9.33
BOS,2023-11-13,12,32,23,31,26,80.65,77.42,92.31,13.77,15.58,3.14,15.94,1.15,4.96,0.69,4.88
BOS,2023-11-13,13,22,34,25,37,80.0,76.0,89.19,8.72,15.64,3.78,12.0,2.89,4.59,1.86,5.08
BOS,2023-11-13,14,28,40,30,43,90.0,83.33,88.37,4.1,18.8,6.04,7.77,2.19,4.57,1.28,6.88
BOS,2023-11-13,15,28,30,32,36,81.25,81.25,91.67,7.19,15.88,2.5,8.44,2.5,2.87,1.33,7.42
BOS,2023-11-13,16,30,29,31,34,93.55,83.87,91.18,4.74,18.94,5.89,8.94,5.26,2.76,2.03,4.62
BOS,2023-11-13,17,32,41,37,41,81.08,70.27,70.73,10.16,20.41,6.96,15.24,5.56,4.7,5.34,25.07
BOS,2023-11-13,18,35,26,36,31,75.0,61.11,77.42,23.25,20.86,7.39,29.17,6.16,4.59,4.32,11.42
BOS,2023-11-13,19,29,28,29,30,79.31,75.86,80.0,7.48,17.69,4.21,10.03,3.27,2.27,4.83,9.97
BOS,2023-11-13,20,28,21,31,22,87.1,80.65,86.36,6.55,17.1,3.86,8.39,3.23,2.64,1.18,7.27
BOS,2023-11-13,21,13,20,18,22,88.89,88.89,81.82,7.78,14.5,1.43,8.5,16.09,2.56,13.45,33.09
BOS,2023-11-13,22,6,25,11,26,81.82,81.82,84.62,5.18,15.0,2.18,6.45,2.81,1.59,1.42,8.38
BOS,2023-11-13,23,2,28,2,29,50.0,50.0,72.41,10.5,15.0,1.4,11.5,2.76,1.04,1.55,14.48
BOS,2023-11-14,0,0,10,0,11,0.0,0.0,45.45,0.0,0.0,0.0,0.0,0.91,1.42,2.09,20.64
BOS,2023-11-14,1,0,0,0,0,0.0,0.0,0.0,0.0,0.0,0.0,0.0,0.0,0.0,0.0,0.0
BOS,2023-11-14,2,0,0,0,0,0.0,0.0,0.0,0.0,0.0,0.0,0.0,0.0,0.0,0.0,0.0
BOS,2023-11-14,4,0,1,0,3,0.0,0.0,100.0,0.0,0.0,0.0,0.0,0.0,3.43,4.33,2.33
BOS,2023-11-14,5,14,5,15,7,100.0,100.0,71.43,0.13,15.8,3.17,1.13,0.43,2.19,1.14,5.14
BOS,2023-11-14,6,40,9,41,13,92.68,73.17,84.62,5.49,22.93,9.55,11.49,1.54,7.78,0.15,10.0
BOS,2023-11-14,7,42,19,44,20,93.18,84.09,80.0,2.84,20.27,7.15,7.34,2.45,3.11,4.25,14.7
BOS,2023-11-14,8,36,22,40,21,80.0,80.0,85.71,14.18,15.03,2.75,14.68,3.48,7.95,4.48,5.71
BOS,2023-11-14,9,29,20,32,23,87.5,84.38,91.3,3.97,14.69,3.03,5.78,3.17,3.92,2.17,4.39
BOS,2023-11-14,10,20,23,22,31,81.82,77.27,90.32,10.23,14.5,2.63,11.77,3.84,1.82,2.39,6.39
BOS,2023-11-14,11,28,30,34,31,88.24,85.29,83.87,4.82,14.71,1.9,5.59,4.42,3.25,2.87,8.32
BOS,2023-11-14,12,28,23,31,26,90.32,83.87,100.0,4.0,14.9,1.97,5.39,2.65,3.43,0.77,0.38
BOS,2023-11-14,13,20,33,23,37,82.61,86.96,81.08,6.39,15.13,3.14,7.65,4.08,3.04,1.97,13.41
BOS,2023-11-14,14,26,40,33,42,75.76,72.73,88.1,19.94,14.91,2.56,21.42,2.76,2.99,1.02,5.52
BOS,2023-11-14,15,29,28,31,31,80.65,80.65,83.87,10.68,15.0,1.85,11.16,1.81,3.5,0.77,7.48
BOS,2023-11-14,16,28,29,36,33,77.78,77.78,90.91,9.78,14.61,2.29,10.94,2.55,3.97,1.94,4.48
BOS,2023-11-14,17,30,39,32,38,78.13,78.13,92.11,6.81,16.66,3.55,8.66,1.95,3.48,1.82,3.26
BOS,2023-11-14,18,34,26,35,33,94.29,85.71,96.97,6.2,17.23,4.22,8.37,3.0,4.94,1.88,2.06
BOS,2023-11-14,19,29,29,29,36,93.1,93.1,80.56,2.14,17.1,3.75,2.76,1.67,4.11,1.81,13.72
BOS,2023-11-14,20,24,23,26,24,84.62,84.62,83.33,14.81,14.27,1.65,15.12,2.71,4.12,1.13,15.08
BOS,2023-11-14,21,13,19,14,22,92.86,100.0,81.82,2.29,14.5,1.96,3.0,2.59,5.67,1.82,10.36
BOS,2023-11-14,22,7,25,13,25,84.62,84.62,72.0,10.0,14.85,2.77,11.08,1.52,2.85,2.64,9.44
BOS,2023-11-14,23,2,26,4,27,50.0,50.0,92.59,10.75,16.25,2.85,12.0,1.04,2.41,2.67,5.56
BOS,2023-11-15,0,0,10,0,10,0.0,0.0,70.0,0.0,0.0,0.0,0.0,1.2,3.42,1.3,15.3
BOS,2023-11-15,1,0,0,0,0,0.0,0.0,0.0,0.0,0.0,0.0,0.0,0.0,0.0,0.0,0.0
BOS,2023-11-15,4,0,1,0,3,0.0,0.0,100.0,0.0,0.0,0.0,0.0,0.33,0.53,2.33,1.0
BOS,2023-11-15,5,14,6,15,8,100.0,80.0,87.5,0.13,25.73,12.43,8.73,0.13,2.78,0.63,12.25
BOS,2023-11-15,6,39,9,39,13,97.44,76.92,84.62,2.49,26.92,13.37,11.97,2.38,10.83,3.0,7.85
BOS,2023-11-15,7,41,19,44,18,93.18,70.45,83.33,2.2,24.86,11.42,9.95,4.28,4.02,4.11,4.44
BOS,2023-11-15,8,36,25,39,27,92.31,79.49,88.89,21.1,20.77,7.48,25.9,5.74,6.64,3.33,5.37
BOS,2023-11-15,9,30,22,34,26,97.06,97.06,76.92,1.47,14.56,2.58,2.88,3.77,3.22,3.88,10.58
BOS,2023-11-15,10,22,23,28,24,82.14,75.0,87.5,6.89,17.07,3.84,8.89,5.21,1.81,2.29,4.33
BOS,2023-11-15,11,28,30,33,32,87.88,81.82,90.63,3.88,17.45,4.3,6.18,3.19,4.51,2.63,5.22
BOS,2023-11-15,12,26,23,31,29,80.65,74.19,82.76,12.55,16.55,3.59,15.52,3.21,2.77,2.28,11.21
BOS,2023-11-15,13,21,32,25,35,76.0,68.0,82.86,9.2,14.4,2.01,10.24,2.69,2.26,2.06,8.49
BOS,2023-11-15,14,27,40,30,42,83.33,73.33,88.1,9.47,18.57,5.66,13.63,2.29,2.42,0.95,4.17
BOS,2023-11-15,15,29,26,32,32,75.0,46.88,81.25,11.41,24.72,10.95,20.84,3.25,2.54,3.81,7.84
BOS,2023-11-15,16,29,28,33,35,78.79,75.76,94.29,10.94,21.15,7.77,16.3,3.71,2.83,2.66,3.0
BOS,2023-11-15,17,31,41,38,44,89.47,78.95,95.45,7.74,20.82,7.24,13.32,2.09,3.11,1.05,2.7
BOS,2023-11-15,18,37,26,38,31,89.47,78.95,90.32,2.92,23.42,9.94,10.16,5.48,6.05,1.87,5.84
BOS,2023-11-15,19,28,29,27,32,85.19,81.48,81.25,11.59,19.59,5.85,14.48,2.63,2.54,2.34,13.84
BOS,2023-11-15,20,23,25,24,27,87.5,83.33,88.89,9.83,17.75,4.53,11.88,2.93,2.99,1.52,15.19
BOS,2023-11-15,21,14,20,16,21,68.75,68.75,85.71,27.88,14.0,1.44,29.31,2.52,3.43,1.67,5.67
BOS,2023-11-15,22,8,24,13,25,53.85,46.15,72.0,13.08,17.31,4.11,16.46,3.12,1.28,1.36,19.88
BOS,2023-11-15,23,1,25,1,26,0.0,0.0,69.23,80.0,16.0,2.4,82.0,2.5,0.92,0.92,20.31
BOS,2023-11-16,0,1,11,0,11,0.0,0.0,72.73,0.0,0.0,0.0,0.0,0.73,2.66,0.82,24.55
BOS,2023-11-16,1,0,1,0,0,0.0,0.0,0.0,0.0,0.0,0.0,0.0,0.0,0.0,0.0,0.0
BOS,2023-11-16,3,0,0,0,0,0.0,0.0,0.0,0.0,0.0,0.0,0.0,0.0,0.0,0.0,0.0
BOS,2023-11-16,4,0,1,0,3,0.0,0.0,66.67,0.0,0.0,0.0,0.0,0.0,2.83,19.33,51.0
BOS,2023-11-16,5,16,7,18,11,72.22,66.67,81.82,13.78,17.0,3.82,16.44,0.27,2.17,2.55,10.64
BOS,2023-11-16,6,37,8,38,13,94.74,86.84,76.92,4.29,20.55,7.21,8.39,4.62,9.07,4.46,8.31
BOS,2023-11-16,7,45,20,50,21,90.0,84.0,90.48,3.9,19.12,5.56,7.06,2.52,5.36,1.67,2.81
BOS,2023-11-16,8,31,24,35,26,82.86,77.14,88.46,22.26,18.11,5.37,26.2,3.27,4.17,1.35,2.88
BOS,2023-11-16,9,32,23,32,26,93.75,93.75,76.92,2.41,16.88,3.94,4.31,3.58,2.05,2.46,10.77
BOS,2023-11-16,10,26,23,32,28,71.88,71.88,85.71,14.81,15.78,2.67,16.56,4.79,2.26,4.39,6.29
BOS,2023-11-16,11,28,35,35,34,88.57,85.71,88.24,4.43,15.26,2.17,5.6,3.94,1.73,2.32,6.56
BOS,2023-11-16,12,27,25,29,29,82.76,65.52,89.66,11.9,18.38,5.18,16.52,2.97,2.43,2.1,9.9
BOS,2023-11-16,13,25,28,27,27,85.19,85.19,85.19,15.15,16.81,4.67,17.96,3.48,2.31,2.44,6.85
BOS,2023-11-16,14,24,40,29,44,68.97,62.07,84.09,12.24,16.0,3.37,15.07,3.39,1.8,4.14,9.36
BOS,2023-11-16,15,28,29,32,33,78.13,78.13,72.73,13.59,17.41,3.92,16.22,3.36,2.88,3.39,12.24
BOS,2023-11-16,16,30,30,33,35,81.82,78.79,88.57,10.15,17.27,4.45,13.03,4.09,3.75,3.03,5.8
BOS,2023-11-16,17,33,40,39,39,74.36,71.79,79.49,16.54,18.46,4.98,19.77,6.79,4.3,3.82,12.26
BOS,2023-11-16,18,39,27,41,29,75.61,56.1,86.21,11.85,23.46,10.02,20.39,3.76,4.51,2.79,14.17
BOS,2023-11-16,19,28,25,30,29,76.67,70.0,96.55,17.8,18.2,4.48,21.0,3.76,4.23,4.28,3.69
BOS,2023-11-16,20,24,27,25,30,68.0,68.0,80.0,15.84,17.28,4.0,18.64,5.7,4.45,3.97,17.57
BOS,2023-11-16,21,18,19,19,21,84.21,78.95,90.48,20.95,16.53,3.11,22.89,4.67,1.83,2.62,5.43
BOS,2023-11-16,22,9,27,15,30,93.33,86.67,73.33,3.2,17.4,4.17,6.53,3.47,2.36,2.1,51.77
BOS,2023-11-16,23,1,33,3,34,66.67,66.67,79.41,17.67,15.0,1.67,18.33,2.5,2.46,1.82,11.97
BOS,2023-11-17,0,0,12,1,12,0.0,0.0,66.67,37.0,17.0,3.6,41.0,1.33,1.39,2.42,28.67
BOS,2023-11-17,1,0,1,0,2,0.0,0.0,100.0,0.0,0.0,0.0,0.0,4.0,15.85,3.5,0.0
BOS,2023-11-17,2,0,0,2,0,50.0,50.0,0.0,74.0,13.5,0.7,73.5,0.0,0.0,0.0,0.0
BOS,2023-11-17,4,0,1,0,3,0.0,0.0,66.67,0.0,0.0,0.0,0.0,0.0,1.5,0.0,12.67
BOS,2023-11-17,5,16,6,18,8,94.44,88.89,62.5,2.83,15.22,2.56,3.83,0.0,2.54,2.13,11.13
BOS,2023-11-17,6,37,10,38,11,94.74,94.74,90.91,3.24,19.58,6.11,6.13,1.09,12.52,1.45,6.0
BOS,2023-11-17,7,45,18,45,18,91.11,88.89,88.89,3.51,19.11,5.64,6.76,3.17,5.85,2.61,5.61
BOS,2023-11-17,8,32,26,34,23,91.18,85.29,82.61,6.26,17.41,4.44,8.74,7.52,4.43,1.43,5.48
BOS,2023-11-17,9,31,23,32,24,90.63,90.63,95.83,2.41,13.72,1.3,2.72,4.58,2.05,1.88,2.58
BOS,2023-11-17,10,26,25,30,29,86.67,86.67,82.76,6.17,14.93,1.79,6.63,4.24,2.7,2.55,7.21
BOS,2023-11-17,11,27,32,33,35,84.85,81.82,82.86,4.91,16.21,3.25,6.61,7.74,1.65,4.23,14.37
BOS,2023-11-17,12,27,23,30,28,80.0,73.33,85.71,25.17,17.8,4.82,29.23,7.21,2.57,5.07,25.61
BOS,2023-11-17,13,24,30,30,32,90.0,86.67,75.0,9.83,14.37,2.12,10.83,3.47,3.11,4.31,10.59
BOS,2023-11-17,14,25,40,26,42,76.92,69.23,88.1,13.31,17.96,5.12,16.85,5.24,1.84,2.38,4.57
BOS,2023-11-17,15,28,28,29,34,89.66,89.66,76.47,5.0,16.1,2.83,5.97,2.62,4.67,4.32,11.53
BOS,2023-11-17,16,31,30,33,38,69.7,63.64,86.84,17.58,19.09,5.99,22.55,2.5,2.62,2.47,8.76
BOS,2023-11-17,17,35,40,41,44,78.05,70.73,86.36,6.78,20.56,7.09,12.1,2.82,3.48,2.59,8.48
BOS,2023-11-17,18,39,26,41,27,82.93,63.41,77.78,14.95,24.41,10.95,23.59,5.96,3.77,4.33,13.48
BOS,2023-11-17,19,26,28,27,30,85.19,81.48,90.0,11.15,18.44,4.76,13.7,6.83,2.16,3.43,3.37
BOS,2023-11-17,20,24,26,25,27,92.0,84.0,81.48,2.96,18.52,5.1,6.16,5.37,2.83,1.89,10.74
BOS,2023-11-17,21,17,19,17,19,64.71,58.82,84.21,16.76,14.12,1.59,18.18,2.05,2.01,0.89,13.58
BOS,2023-11-17,22,10,28,12,28,83.33,58.33,85.71,7.5,18.83,5.67,12.17,3.32,1.45,0.89,10.07
BOS,2023-11-17,23,1,31,2,32,50.0,50.0,68.75,19.0,16.5,2.9,21.5,4.06,1.85,3.69,16.06
BOS,2023-11-18,0,1,9,1,12,100.0,100.0,75.0,0.0,24.0,10.6,9.0,1.92,1.61,3.5,7.67
BOS,2023-11-18,1,0,0,0,1,0.0,0.0,0.0,0.0,0.0,0.0,0.0,10.0,0.7,0.0,61.0
BOS,2023-11-18,2,0,0,0,0,0.0,0.0,0.0,0.0,0.0,0.0,0.0,0.0,0.0,0.0,0.0
BOS,2023-11-18,3,0,0,0,0,0.0,0.0,0.0,0.0,0.0,0.0,0.0,0.0,0.0,0.0,0.0
BOS,2023-11-18,4,0,1,0,1,0.0,0.0,0.0,0.0,0.0,0.0,0.0,2.0,2.7,2.0,118.0
BOS,2023-11-18,5,14,4,14,7,100.0,78.57,42.86,0.36,23.14,9.63,7.07,0.14,4.37,0.0,31.57
BOS,2023-11-18,6,30,8,31,12,90.32,77.42,83.33,3.19,23.58,10.22,11.06,1.25,4.94,0.92,6.83
BOS,2023-11-18,7,36,13,37,11,86.49,83.78,81.82,8.46,20.51,6.89,13.19,2.27,1.6,2.64,6.09
BOS,2023-11-18,8,38,16,39,18,87.18,64.1,72.22,8.74,22.82,9.46,15.41,1.72,2.46,2.89,14.61
BOS,2023-11-18,9,28,19,32,19,96.88,96.88,94.74,0.63,17.16,5.0,3.38,3.11,3.55,1.84,2.11
BOS,2023-11-18,10,25,21,27,23,81.48,81.48,91.3,17.52,14.96,2.56,18.44,1.74,2.76,0.83,1.78
BOS,2023-11-18,11,25,22,27,24,96.3,92.59,95.83,2.41,13.59,1.11,2.74,2.08,3.54,2.04,4.17
BOS,2023-11-18,12,18,18,20,21,95.0,95.0,85.71,5.65,12.9,0.69,5.65,3.38,2.89,2.9,10.81
BOS,2023-11-18,13,21,26,24,28,83.33,83.33,67.86,6.46,12.71,1.28,7.46,5.29,4.08,7.14,12.79
BOS,2023-11-18,14,15,36,16,37,87.5,87.5,78.38,6.13,14.0,1.89,7.44,5.95,2.75,5.51,15.92
BOS,2023-11-18,15,26,31,26,36,92.31,84.62,80.56,6.23,17.62,4.14,8.81,5.06,3.83,4.56,9.72
BOS,2023-11-18,16,29,26,34,29,76.47,82.35,96.55,7.5,13.79,2.14,8.74,3.66,3.01,1.59,1.31
BOS,2023-11-18,17,27,35,29,34,82.76,79.31,73.53,3.93,17.14,4.46,6.66,3.47,4.18,3.82,14.47
BOS,2023-11-18,18,34,24,35,30,85.71,74.29,83.33,12.34,18.69,5.33,16.43,2.83,5.03,3.0,7.3
BOS,2023-11-18,19,16,24,17,26,82.35,70.59,80.77,10.12,17.35,4.61,13.0,1.54,3.72,1.81,10.62
BOS,2023-11-18,20,13,22,14,22,57.14,42.86,72.73,19.93,15.93,3.59,22.43,2.77,4.8,1.77,23.36
BOS,2023-11-18,21,14,14,13,15,76.92,61.54,80.0,15.77,16.92,4.08,18.54,0.8,3.43,0.87,18.6
BOS,2023-11-18,22,7,20,7,21,71.43,42.86,80.95,8.71,20.86,7.43,14.43,1.62,4.24,2.33,7.71
BOS,2023-11-18,23,1,22,1,23,0.0,0.0,82.61,82.0,18.0,4.4,86.0,0.35,3.57,0.91,15.43
BOS,2023-11-19,0,0,11,1,9,100.0,100.0,77.78,0.0,17.0,3.6,0.0,0.33,4.44,0.78,7.78
BOS,2023-11-19,1,0,1,0,0,0.0,0.0,0.0,0.0,0.0,0.0,0.0,0.0,0.0,0.0,0.0
BOS,2023-11-19,2,0,0,0,0,0.0,0.0,0.0,0.0,0.0,0.0,0.0,0.0,0.0,0.0,0.0
BOS,2023-11-19,4,0,1,0,2,0.0,0.0,50.0,0.0,0.0,0.0,0.0,0.0,2.25,3.0,19.5
BOS,2023-11-19,5,16,8,16,6,87.5,87.5,66.67,12.69,17.5,4.26,15.0,3.67,4.32,7.17,11.0
BOS,2023-11-19,6,32,9,32,8,93.75,87.5,87.5,12.53,19.41,6.0,15.75,1.88,9.6,2.5,4.5
BOS,2023-11-19,7,39,11,40,11,97.5,67.5,90.91,2.5,27.2,13.59,12.55,3.0,2.9,2.18,9.45
BOS,2023-11-19,8,28,19,31,19,93.55,74.19,78.95,1.9,25.03,11.45,9.68,2.05,3.73,0.89,6.32
BOS,2023-11-19,9,27,22,29,22,79.31,75.86,95.45,15.76,16.66,3.71,18.34,2.77,1.49,0.36,25.77
BOS,2023-11-19,10,26,23,28,23,89.29,78.57,86.96,5.32,20.93,7.64,11.32,4.09,1.49,3.09,4.52
BOS,2023-11-19,11,30,28,34,30,88.24,23.53,86.67,10.21,33.82,20.27,28.12,6.33,2.44,5.07,15.27
BOS,2023-11-19,12,24,25,27,28,66.67,48.15,82.14,23.74,21.74,8.54,30.37,6.54,3.16,6.75,8.5
BOS,2023-11-19,13,25,30,28,27,96.43,89.29,88.89,4.93,16.36,3.62,6.86,3.44,3.66,2.89,5.96
BOS,2023-11-19,14,25,37,26,40,96.15,88.46,77.5,1.92,17.19,4.15,4.69,4.18,2.06,3.05,10.08
BOS,2023-11-19,15,29,30,28,36,67.86,67.86,77.78,16.29,17.32,4.08,18.93,3.75,2.45,1.25,24.67
BOS,2023-11-19,16,29,32,31,40,70.97,64.52,82.5,14.13,19.74,6.71,19.0,3.7,2.42,3.4,13.78
BOS,2023-11-19,17,38,40,44,40,79.55,70.45,77.5,11.93,21.2,7.59,17.7,4.03,3.97,2.6,7.65
BOS,2023-11-19,18,38,26,39,28,87.18,66.67,82.14,11.69,20.97,7.86,18.03,4.25,3.99,2.68,8.07
BOS,2023-11-19,19,26,28,28,32,85.71,67.86,87.5,6.64,18.89,5.24,10.46,3.0,3.03,4.59,10.44
BOS,2023-11-19,20,27,27,29,33,79.31,82.76,78.79,7.07,16.55,3.43,8.45,3.52,4.36,5.12,22.3
BOS,2023-11-19,21,19,19,19,20,52.63,42.11,95.0,38.42,14.68,2.06,39.47,2.1,3.92,2.9,5.05
BOS,2023-11-19,22,9,29,9,30,88.89,77.78,76.67,11.22,20.22,6.84,16.11,2.03,1.6,1.0,12.5
BOS,2023-11-19,23,1,33,1,34,0.0,0.0,67.65,25.0,19.0,5.4,30.0,2.41,2.05,3.68,28.21
BOS,2023-11-20,0,1,10,1,11,100.0,100.0,54.55,0.0,20.0,6.6,0.0,1.64,1.25,2.27,16.0
BOS,2023-11-20,1,0,1,0,1,0.0,0.0,100.0,0.0,0.0,0.0,0.0,0.0,10.7,0.0,5.0
BOS,2023-11-20,3,0,0,0,0,0.0,0.0,0.0,0.0,0.0,0.0,0.0,0.0,0.0,0.0,0.0
BOS,2023-11-20,4,0,2,0,2,0.0,0.0,100.0,0.0,0.0,0.0,0.0,1.5,1.25,11.5,6.5
BOS,2023-11-20,5,16,6,16,7,87.5,87.5,57.14,13.19,16.13,3.17,15.0,0.14,9.03,10.0,24.14
BOS,2023-11-20,6,40,8,41,9,92.68,90.24,66.67,3.0,19.83,6.44,7.32,2.67,16.58,10.33,11.22
BOS,2023-11-20,7,43,20,44,21,79.55,75.0,90.48,13.75,17.48,4.25,16.3,2.43,4.82,2.43,6.57
BOS,2023-11-20,8,33,25,38,27,92.11,92.11,77.78,4.21,15.68,3.03,5.29,3.56,3.89,5.19,12.15
BOS,2023-11-20,9,33,22,33,24,90.91,87.88,79.17,4.24,14.3,1.82,5.55,2.58,3.9,1.21,11.25
BOS,2023-11-20,10,24,23,27,25,74.07,66.67,84.0,14.26,16.96,4.2,17.0,2.76,3.47,2.44,5.44
BOS,2023-11-20,11,27,29,31,31,80.65,74.19,90.32,13.68,15.58,2.61,15.71,2.81,2.85,1.13,3.68
BOS,2023-11-20,12,26,23,28,25,82.14,75.0,76.0,8.5,15.18,3.36,10.61,3.72,4.3,3.12,27.48
BOS,2023-11-20,13,23,32,21,32,85.71,85.71,84.38,20.1,13.76,1.89,20.76,2.09,3.23,1.53,4.0
BOS,2023-11-20,14,25,37,28,45,82.14,82.14,80.0,6.29,13.18,1.36,7.36,3.24,3.23,1.93,10.44
BOS,2023-11-20,15,25,30,29,34,82.76,72.41,88.24,8.76,16.21,3.18,10.69,3.03,3.09,1.53,4.91
BOS,2023-11-20,16,31,29,36,35,77.78,77.78,80.0,12.19,15.17,2.94,14.19,3.54,5.03,10.03,13.49
BOS,2023-11-20,17,33,41,37,45,81.08,78.38,68.89,9.43,16.7,3.98,12.46,2.58,6.4,6.71,11.07
BOS,2023-11-20,18,38,25,42,27,85.71,80.95,70.37,8.52,17.29,4.78,11.95,2.0,10.63,3.48,14.44
BOS,2023-11-20,19,27,23,29,29,82.76,79.31,86.21,12.45,16.66,3.22,14.55,4.52,5.18,5.17,6.41
BOS,2023-11-20,20,21,26,22,27,86.36,86.36,74.07,6.86,14.32,1.84,7.55,2.89,5.74,4.52,17.63
BOS,2023-11-20,21,17,21,18,22,77.78,72.22,77.27,12.11,15.83,3.22,13.56,1.86,4.06,4.36,8.36
BOS,2023-11-20,22,8,28,14,28,78.57,78.57,85.71,5.86,15.5,3.07,8.43,3.21,4.41,4.61,8.14
BOS,2023-11-20,23,1,30,3,32,66.67,66.67,53.13,6.67,18.33,5.13,11.67,9.38,3.68,14.44,36.09
BOS,2023-11-21,0,1,10,1,11,100.0,100.0,72.73,6.0,16.0,2.6,9.0,0.36,4.06,0.55,6.55
BOS,2023-11-21,1,0,1,0,1,0.0,0.0,100.0,0.0,0.0,0.0,0.0,0.0,11.7,14.0,9.0
BOS,2023-11-21,3,0,0,0,1,0.0,0.0,0.0,0.0,0.0,0.0,0.0,4.0,2.8,1.0,125.0
BOS,2023-11-21,4,0,1,0,3,0.0,0.0,66.67,0.0,0.0,0.0,0.0,40.33,2.77,41.67,55.67
BOS,2023-11-21,5,17,6,21,11,90.48,80.95,45.45,4.71,16.95,4.64,8.05,2.82,3.13,9.73,23.91
BOS,2023-11-21,6,34,8,35,12,97.14,82.86,25.0,4.69,20.49,7.21,9.54,2.25,6.84,10.0,44.83
BOS,2023-11-21,7,47,19,51,22,86.27,62.75,81.82,7.49,22.9,9.49,14.71,2.59,8.2,6.5,10.59
BOS,2023-11-21,8,31,25,36,22,86.11,80.56,95.45,5.58,18.31,5.17,9.36,3.05,6.7,2.64,2.73
BOS,2023-11-21,9,30,24,35,26,94.29,91.43,96.15,2.11,15.29,2.91,3.83,3.38,2.51,2.81,2.69
BOS,2023-11-21,10,30,23,30,27,86.67,76.67,88.89,7.8,16.83,4.11,10.63,4.56,2.12,3.52,2.96
BOS,2023-11-21,11,26,32,30,33,83.33,80.0,93.94,4.93,15.93,2.89,6.4,3.73,3.67,0.76,2.36
BOS,2023-11-21,12,27,22,32,28,90.63,84.38,92.86,4.84,14.13,2.18,6.13,4.57,3.73,1.93,2.36
BOS,2023-11-21,13,22,29,29,33,82.76,86.21,87.88,4.52,12.66,1.14,4.9,3.36,2.98,1.79,6.76
BOS,2023-11-21,14,24,39,28,43,82.14,82.14,81.4,5.14,15.54,3.46,7.93,3.07,3.51,0.72,12.28
BOS,2023-11-21,15,26,29,30,35,80.0,83.33,80.0,9.3,15.23,2.65,10.93,2.71,2.93,2.63,14.8
BOS,2023-11-21,16,30,30,32,37,81.25,68.75,78.38,16.72,16.59,4.34,19.75,2.46,3.48,4.32,7.11
BOS,2023-11-21,17,34,39,38,37,76.32,71.05,83.78,14.92,18.92,5.43,18.63,3.59,5.01,3.51,13.65
BOS,2023-11-21,18,38,26,44,30,79.55,70.45,73.33,14.27,19.3,6.13,18.59,6.2,3.69,2.07,15.27
BOS,2023-11-21,19,30,26,31,33,67.74,61.29,81.82,16.39,19.74,6.05,21.06,6.91,3.07,6.52,11.03
BOS,2023-11-21,20,20,24,20,32,80.0,75.0,75.0,38.6,17.6,5.13,41.55,5.59,3.73,6.5,19.09
BOS,2023-11-21,21,18,22,19,23,68.42,63.16,78.26,27.05,13.79,1.33,27.37,5.09,1.68,2.96,10.57
BOS,2023-11-21,22,10,25,17,25,82.35,76.47,56.0,7.06,16.76,3.8,9.65,3.52,2.96,5.8,24.08
BOS,2023-11-21,23,1,31,2,32,50.0,100.0,56.25,7.5,11.0,0.0,6.5,3.34,2.78,8.38,25.06
BOS,2023-11-22,0,0,11,0,10,0.0,0.0,60.0,0.0,0.0,0.0,0.0,1.5,1.26,1.9,11.0
BOS,2023-11-22,1,0,1,0,1,0.0,0.0,0.0,0.0,0.0,0.0,0.0,0.0,2.7,3.0,55.0
BOS,2023-11-22,2,0,0,0,0,0.0,0.0,0.0,0.0,0.0,0.0,0.0,0.0,0.0,0.0,0.0
BOS,2023-11-22,3,0,0,0,0,0.0,0.0,0.0,0.0,0.0,0.0,0.0,0.0,0.0,0.0,0.0
BOS,2023-11-22,4,0,1,0,3,0.0,0.0,66.67,0.0,0.0,0.0,0.0,36.67,2.43,37.0,41.67
BOS,2023-11-22,5,17,6,20,9,85.0,85.0,44.44,22.9,15.5,3.13,25.2,0.33,6.22,9.11,21.11
BOS,2023-11-22,6,37,10,38,13,94.74,71.05,69.23,2.42,26.47,12.94,11.79,2.15,7.67,7.46,8.92
BOS,2023-11-22,7,45,19,45,17,88.89,71.11,64.71,6.87,24.44,10.81,14.93,3.47,6.71,5.18,12.71
BOS,2023-11-22,8,32,23,34,21,82.35,76.47,76.19,11.97,18.38,5.01,14.65,5.43,6.48,3.57,14.71
BOS,2023-11-22,9,31,27,27,29,88.89,85.19,82.76,3.85,18.44,5.41,7.78,4.28,3.56,3.41,8.69
BOS,2023-11-22,10,30,24,38,28,68.42,63.16,71.43,17.84,20.0,6.59,23.11,5.82,4.34,6.0,13.96
BOS,2023-11-22,11,27,32,32,33,78.13,71.88,78.79,8.38,18.88,5.47,11.81,5.55,3.49,5.7,10.61
BOS,2023-11-22,12,26,22,25,22,72.0,64.0,90.91,13.36,17.72,4.64,17.4,3.64,5.09,2.95,4.5
BOS,2023-11-22,13,21,30,25,33,92.0,92.0,78.79,6.16,15.36,3.15,7.56,3.7,5.92,4.18,13.18
BOS,2023-11-22,14,27,40,28,39,78.57,75.0,76.92,13.14,15.04,2.6,15.11,2.79,4.0,2.59,13.54
BOS,2023-11-22,15,27,26,30,32,73.33,66.67,65.63,18.7,15.8,2.84,20.97,6.66,3.1,5.78,14.63
BOS,2023-11-22,16,27,30,32,36,68.75,46.88,63.89,18.34,25.25,11.98,29.28,7.33,5.43,10.78,16.81
BOS,2023-11-22,17,35,38,35,40,74.29,31.43,62.5,13.86,32.4,18.66,29.49,8.08,4.36,9.55,25.02
BOS,2023-11-22,18,38,27,40,36,72.5,25.0,55.56,11.35,30.0,16.53,26.18,7.17,6.23,11.94,20.44
BOS,2023-11-22,19,29,30,32,34,62.5,40.63,67.65,14.81,22.44,8.72,22.34,11.91,3.53,9.41,17.68
BOS,2023-11-22,20,24,25,25,25,72.0,64.0,84.0,8.76,21.4,7.82,14.2,9.52,2.09,4.92,7.04
BOS,2023-11-22,21,22,21,23,21,73.91,65.22,66.67,10.52,18.0,4.54,14.26,7.05,4.48,5.48,14.62
BOS,2023-11-22,22,11,27,17,26,94.12,76.47,69.23,9.06,21.76,8.39,15.88,3.65,2.14,3.96,28.19
BOS,2023-11-22,23,1,30,2,31,0.0,0.0,74.19,53.5,19.0,4.95,58.5,2.61,1.76,3.48,13.61
BOS,2023-11-23,0,1,2,2,11,50.0,50.0,45.45,15.5,21.5,8.55,24.5,1.55,0.85,2.91,19.36
BOS,2023-11-23,1,0,0,0,1,0.0,0.0,0.0,0.0,0.0,0.0,0.0,0.0,0.0,2.0,189.0
BOS,2023-11-23,2,0,0,0,0,0.0,0.0,0.0,0.0,0.0,0.0,0.0,0.0,0.0,0.0,0.0
BOS,2023-11-23,3,0,0,0,1,0.0,0.0,0.0,0.0,0.0,0.0,0.0,4.0,1.7,11.0,42.0
BOS,2023-11-23,4,0,0,0,1,0.0,0.0,100.0,0.0,0.0,0.0,0.0,0.0,5.7,10.0,5.0
BOS,2023-11-23,5,15,1,15,7,93.33,86.67,85.71,2.93,17.6,4.45,6.47,0.0,1.16,2.43,16.86
BOS,2023-11-23,6,26,2,26,9,92.31,84.62,100.0,3.04,20.31,6.88,7.0,1.56,3.3,0.44,0.78
BOS,2023-11-23,7,44,14,46,17,95.65,86.96,88.24,1.09,24.26,10.65,7.33,2.88,2.53,2.06,4.0
BOS,2023-11-23,8,28,13,31,16,96.77,90.32,93.75,2.03,17.74,5.26,4.68,1.44,2.34,0.69,1.94
BOS,2023-11-23,9,31,26,34,28,85.29,82.35,96.43,7.53,15.21,2.79,8.94,4.68,2.0,0.68,1.04
BOS,2023-11-23,10,23,21,28,24,89.29,89.29,91.67,4.89,16.18,2.99,5.54,4.38,1.54,1.63,9.21
BOS,2023-11-23,11,22,24,24,27,95.83,95.83,88.89,5.25,14.92,2.13,5.88,1.48,2.14,4.0,4.41
BOS,2023-11-23,12,18,24,21,29,80.95,80.95,89.66,5.29,14.43,1.68,6.05,2.0,2.0,1.79,5.1
BOS,2023-11-23,13,18,26,19,25,100.0,94.74,92.0,0.74,14.63,1.99,1.79,3.24,1.36,2.08,3.08
BOS,2023-11-23,14,12,28,13,31,100.0,100.0,100.0,2.08,12.31,0.66,2.38,4.13,1.63,0.29,0.65
BOS,2023-11-23,15,11,22,12,24,100.0,91.67,95.83,0.25,19.83,7.16,4.75,0.79,1.32,0.71,6.42
BOS,2023-11-23,16,8,23,10,27,100.0,100.0,88.89,0.0,12.5,1.36,0.2,1.52,1.73,0.78,14.63
BOS,2023-11-23,17,13,27,15,24,100.0,100.0,95.83,0.33,13.93,2.36,1.27,1.17,1.6,0.13,1.0
BOS,2023-11-23,18,11,11,8,15,100.0,100.0,80.0,0.0,16.38,3.0,0.75,1.67,1.72,0.93,9.0
BOS,2023-11-23,19,7,12,10,13,80.0,80.0,92.31,5.0,17.5,3.7,6.6,0.46,0.72,0.46,1.85
BOS,2023-11-23,20,8,13,8,15,100.0,100.0,86.67,0.38,15.13,2.01,0.88,1.07,4.17,1.8,3.0
BOS,2023-11-23,21,8,3,9,4,77.78,77.78,75.0,5.33,18.22,4.89,9.78,1.5,0.63,1.75,16.75
BOS,2023-11-23,22,6,4,7,4,100.0,85.71,100.0,0.29,18.86,5.51,4.57,0.0,2.48,0.0,2.0
BOS,2023-11-23,23,1,4,2,4,50.0,50.0,100.0,9.0,12.5,0.3,7.5,1.5,1.57,0.0,0.0
BOS,2023-11-24,0,0,10,0,2,0.0,0.0,100.0,0.0,0.0,0.0,0.0,0.0,0.0,1.5,0.0
BOS,2023-11-24,1,0,1,0,0,0.0,0.0,0.0,0.0,0.0,0.0,0.0,0.0,0.0,0.0,0.0
BOS,2023-11-24,2,0,0,0,0,0.0,0.0,0.0,0.0,0.0,0.0,0.0,0.0,0.0,0.0,0.0
BOS,2023-11-24,4,0,1,1,1,100.0,100.0,100.0,0.0,13.0,0.0,0.0,0.0,0.0,0.0,0.0
BOS,2023-11-24,5,11,6,12,4,91.67,91.67,100.0,4.25,13.83,2.08,4.75,0.0,3.1,0.0,0.0
BOS,2023-11-24,6,17,7,17,3,94.12,94.12,100.0,1.24,15.88,3.06,2.71,0.67,0.27,0.0,3.0
BOS,2023-11-24,7,26,9,27,7,88.89,85.19,85.71,3.96,18.33,5.09,6.7,0.43,2.07,0.86,4.43
BOS,2023-11-24,8,27,14,32,11,87.5,87.5,90.91,5.59,16.66,3.94,7.66,4.0,2.56,1.09,3.09
BOS,2023-11-24,9,26,21,22,25,95.45,95.45,84.0,2.0,14.68,2.57,3.27,3.28,2.04,2.0,7.04
BOS,2023-11-24,10,22,17,26,19,88.46,84.62,94.74,4.19,16.42,3.28,6.35,2.11,1.37,2.58,2.42
BOS,2023-11-24,11,24,24,26,26,76.92,73.08,88.46,9.77,16.65,3.39,11.38,2.35,1.63,0.23,9.73
BOS,2023-11-24,12,23,14,25,17,88.0,88.0,94.12,4.84,16.52,3.66,6.76,1.53,1.49,1.82,2.47
BOS,2023-11-24,13,19,26,23,28,100.0,95.65,85.71,0.26,16.3,3.51,2.04,4.32,2.37,3.68,5.71
BOS,2023-11-24,14,20,32,23,34,91.3,86.96,85.29,2.96,15.7,3.04,4.91,2.12,1.28,0.94,4.12
BOS,2023-11-24,15,25,29,25,32,92.0,92.0,100.0,2.12,15.8,2.66,3.16,1.59,1.93,0.56,0.88
BOS,2023-11-24,16,30,28,35,31,94.29,88.57,87.1,1.83,18.83,5.77,5.43,2.74,3.19,1.52,8.16
BOS,2023-11-24,17,31,35,35,36,82.86,82.86,91.67,11.2,17.63,4.5,12.94,5.0,2.09,1.14,3.81
BOS,2023-11-24,18,32,19,34,21,88.24,85.29,85.71,5.74,17.03,4.41,8.24,4.38,1.79,3.29,6.81
BOS,2023-11-24,19,14,22,15,23,93.33,86.67,95.65,2.07,18.4,4.85,4.87,1.87,2.64,1.22,7.65
BOS,2023-11-24,20,15,21,14,21,92.86,85.71,80.95,11.93,15.64,2.57,12.43,1.57,2.9,1.19,59.29
BOS,2023-11-24,21,17,17,16,17,68.75,68.75,100.0,35.94,14.69,2.24,36.63,1.47,2.03,0.0,0.53
BOS,2023-11-24,22,9,23,12,23,91.67,91.67,100.0,2.25,17.08,4.0,5.25,1.04,2.37,0.7,0.09
BOS,2023-11-24,23,1,25,1,26,100.0,100.0,84.62,7.0,15.0,1.4,8.0,0.92,2.34,0.54,3.0
BOS,2023-11-25,0,1,15,1,10,100.0,100.0,90.0,0.0,18.0,4.6,3.0,0.0,0.88,0.0,1.5
BOS,2023-11-25,1,0,1,0,1,0.0,0.0,100.0,0.0,0.0,0.0,0.0,0.0,0.7,0.0,8.0
BOS,2023-11-25,4,0,1,0,1,0.0,0.0,100.0,0.0,0.0,0.0,0.0,3.0,3.7,5.0,0.0
BOS,2023-11-25,5,16,5,16,7,100.0,93.75,85.71,0.38,19.5,6.14,3.56,0.71,1.47,1.57,9.0
BOS,2023-11-25,6,34,9,34,10,94.12,70.59,90.0,4.44,24.41,10.93,12.5,1.6,5.33,1.6,4.4
BOS,2023-11-25,7,42,17,44,17,93.18,86.36,88.24,4.2,20.3,6.8,7.25,5.47,5.62,3.82,5.29
BOS,2023-11-25,8,38,24,41,24,87.8,87.8,95.83,5.56,20.17,7.29,10.71,3.79,2.53,2.25,1.67
BOS,2023-11-25,9,30,24,30,26,93.33,90.0,80.77,3.2,17.23,4.55,5.43,2.73,2.1,2.77,5.15
BOS,2023-11-25,10,26,22,28,27,82.14,85.71,81.48,8.93,16.21,3.64,10.93,14.7,2.29,13.89,18.15
BOS,2023-11-25,11,26,20,29,21,79.31,79.31,71.43,7.62,16.66,3.3,9.24,2.43,1.85,3.0,9.86
BOS,2023-11-25,12,18,23,21,30,66.67,61.9,86.67,16.95,17.76,5.28,21.05,2.33,1.53,1.17,28.7
BOS,2023-11-25,13,24,34,27,38,77.78,77.78,78.95,13.67,18.11,5.51,17.44,3.87,2.12,4.26,9.97
BOS,2023-11-25,14,21,41,27,42,66.67,66.67,80.95,12.89,16.89,4.26,15.59,4.31,1.75,1.62,10.79
BOS,2023-11-25,15,31,28,32,29,75.0,71.88,86.21,13.56,16.19,3.14,15.47,2.03,2.13,1.52,6.48
BOS,2023-11-25,16,28,27,30,31,83.33,80.0,74.19,14.13,16.7,3.73,16.33,3.03,2.28,3.61,16.23
BOS,2023-11-25,17,28,40,29,41,86.21,82.76,90.24,6.9,18.79,5.55,9.9,3.22,2.76,1.78,5.59
BOS,2023-11-25,18,39,23,39,26,82.05,79.49,73.08,8.13,18.21,5.03,11.46,4.5,3.3,4.19,19.15
BOS,2023-11-25,19,23,26,23,28,78.26,78.26,85.71,13.52,18.09,4.26,15.22,1.68,3.22,1.36,9.43
BOS,2023-11-25,20,21,21,21,22,76.19,76.19,77.27,8.43,16.38,3.23,10.19,3.27,1.93,0.59,9.86
BOS,2023-11-25,21,15,19,16,20,68.75,62.5,70.0,11.5,14.75,1.88,12.94,3.8,3.18,2.5,14.05
BOS,2023-11-25,22,8,23,8,24,87.5,87.5,75.0,11.13,16.0,3.08,11.88,2.83,1.45,2.71,16.67
BOS,2023-11-25,23,1,27,2,28,100.0,50.0,85.71,1.5,18.5,6.7,8.0,1.71,1.54,0.86,7.86
BOS,2023-11-26,0,0,14,0,16,0.0,0.0,68.75,0.0,0.0,0.0,0.0,2.63,0.39,0.88,14.19
BOS,2023-11-26,1,0,3,0,1,0.0,0.0,100.0,0.0,0.0,0.0,0.0,0.0,0.7,9.0,5.0
BOS,2023-11-26,2,0,1,0,1,0.0,0.0,100.0,0.0,0.0,0.0,0.0,0.0,0.7,0.0,0.0
BOS,2023-11-26,3,0,1,0,0,0.0,0.0,0.0,0.0,0.0,0.0,0.0,0.0,0.0,0.0,0.0
BOS,2023-11-26,4,0,1,0,2,0.0,0.0,50.0,0.0,0.0,0.0,0.0,0.0,6.25,4.0,22.0
BOS,2023-11-26,5,17,8,17,7,94.12,88.24,100.0,1.59,16.24,3.57,4.18,0.0,4.41,0.0,0.0
BOS,2023-11-26,6,39,9,41,8,85.37,75.61,87.5,10.61,21.07,7.62,15.41,0.5,7.26,0.5,2.63
BOS,2023-11-26,7,43,14,44,16,93.18,84.09,87.5,3.68,20.98,7.43,8.73,2.56,5.99,3.25,3.69
BOS,2023-11-26,8,33,23,37,23,89.19,83.78,82.61,9.14,18.05,5.07,11.73,2.87,5.95,3.43,11.39
BOS,2023-11-26,9,25,28,28,33,85.71,82.14,66.67,5.29,16.61,3.57,7.61,4.0,1.65,3.73,17.39
BOS,2023-11-26,10,30,27,32,27,68.75,68.75,74.07,15.13,16.78,3.87,18.0,4.81,3.17,4.11,12.93
BOS,2023-11-26,11,31,28,34,34,79.41,76.47,73.53,29.06,18.26,4.98,32.74,2.94,3.5,5.59,14.06
BOS,2023-11-26,12,27,26,33,27,78.79,72.73,77.78,14.09,16.09,3.05,16.7,2.3,2.71,5.41,13.81
BOS,2023-11-26,13,26,33,26,33,73.08,69.23,72.73,22.77,16.65,3.95,25.19,3.18,3.67,5.24,10.94
BOS,2023-11-26,14,25,40,23,41,69.57,60.87,70.73,13.74,17.09,4.02,16.87,2.12,2.43,3.66,11.88
BOS,2023-11-26,15,31,34,33,37,72.73,66.67,62.16,16.24,17.79,4.48,19.52,2.11,3.26,10.84,31.43
BOS,2023-11-26,16,31,31,39,40,58.97,58.97,70.0,22.03,18.44,5.32,25.97,2.67,2.99,4.47,20.83
BOS,2023-11-26,17,36,39,41,39,63.41,58.54,69.23,33.85,19.9,6.83,39.46,2.26,4.4,5.31,16.59
BOS,2023-11-26,18,41,27,42,36,76.19,59.52,58.33,20.26,22.38,9.05,27.74,4.61,4.93,8.28,27.19
BOS,2023-11-26,19,28,28,33,36,60.61,51.52,86.11,18.45,20.97,7.31,24.42,4.94,6.67,6.0,5.69
BOS,2023-11-26,20,28,27,31,31,51.61,48.39,61.29,24.0,19.68,6.39,29.32,3.9,9.1,8.42,23.06
BOS,2023-11-26,21,21,22,23,25,60.87,56.52,52.0,29.0,17.83,4.92,33.04,4.12,3.18,3.0,26.72
BOS,2023-11-26,22,11,28,12,31,75.0,66.67,35.48,14.83,18.25,5.03,18.17,8.29,1.77,12.0,42.13
BOS,2023-11-26,23,2,35,3,37,33.33,33.33,48.65,65.67,13.0,0.33,65.0,6.54,1.75,6.81,34.19
BOS,2023-11-27,0,1,12,2,16,50.0,50.0,43.75,43.5,18.5,4.55,46.0,7.0,3.06,5.0,67.94
BOS,2023-11-27,1,0,2,0,3,0.0,0.0,66.67,0.0,0.0,0.0,0.0,6.67,3.03,5.0,8.33
BOS,2023-11-27,2,0,1,0,1,0.0,0.0,0.0,0.0,0.0,0.0,0.0,1.0,2.7,0.0,62.0
BOS,2023-11-27,3,0,0,0,2,0.0,0.0,100.0,0.0,0.0,0.0,0.0,0.0,2.05,0.0,0.0
BOS,2023-11-27,4,0,2,0,2,0.0,0.0,100.0,0.0,0.0,0.0,0.0,0.0,2.75,0.5,0.0
BOS,2023-11-27,5,17,5,17,6,82.35,70.59,83.33,10.71,20.41,7.26,15.94,0.0,9.07,0.67,24.67
BOS,2023-11-27,6,38,10,39,10,94.87,84.62,80.0,5.56,23.0,9.59,11.51,0.8,7.96,0.5,11.5
BOS,2023-11-27,7,46,22,47,17,93.62,87.23,64.71,2.0,22.19,8.67,6.85,3.76,4.79,4.35,25.35
BOS,2023-11-27,8,38,24,41,27,82.93,80.49,92.59,14.1,18.39,5.25,17.29,3.63,5.51,1.59,6.56
BOS,2023-11-27,9,31,27,31,29,77.42,77.42,75.86,28.32,16.0,3.27,30.48,2.66,1.91,3.24,23.41
BOS,2023-11-27,10,30,24,33,30,75.76,78.79,80.0,16.48,16.7,3.44,18.52,4.43,1.86,2.1,12.57
BOS,2023-11-27,11,27,32,32,35,84.38,81.25,88.57,7.22,17.06,4.01,9.94,2.14,2.95,2.66,13.71
BOS,2023-11-27,12,29,23,30,25,76.67,70.0,92.0,8.87,18.87,5.86,13.13,2.92,5.38,2.56,3.88
BOS,2023-11-27,13,24,34,32,35,78.13,62.5,85.71,24.25,19.38,7.05,29.81,3.31,2.79,1.14,5.51
BOS,2023-11-27,14,28,40,29,45,86.21,86.21,86.67,13.9,16.07,3.49,15.17,3.6,2.41,1.58,10.71
BOS,2023-11-27,15,27,32,32,36,84.38,75.0,72.22,14.53,17.66,4.82,18.28,1.83,2.58,2.69,17.5
BOS,2023-11-27,16,32,30,35,35,88.57,68.57,82.86,13.69,20.09,7.04,19.31,2.94,4.26,2.63,14.09
BOS,2023-11-27,17,36,39,38,41,76.32,55.26,85.37,13.5,22.29,8.9,20.05,2.56,4.34,2.85,6.66
BOS,2023-11-27,18,38,27,41,30,85.37,78.05,83.33,9.95,20.12,7.24,15.46,3.27,3.9,1.97,4.43
BOS,2023-11-27,19,29,26,30,28,93.33,80.0,82.14,3.07,22.9,9.18,9.27,2.39,4.62,0.75,10.46
BOS,2023-11-27,20,23,25,23,26,91.3,82.61,80.77,6.57,19.48,5.93,10.0,4.31,4.31,1.23,15.65
BOS,2023-11-27,21,18,21,20,22,80.0,80.0,72.73,7.7,15.7,2.87,9.95,4.0,1.22,1.32,20.41
BOS,2023-11-27,22,9,26,15,26,86.67,73.33,76.92,2.6,19.0,5.75,7.67,2.85,3.02,0.0,17.62
BOS,2023-11-27,23,1,34,1,35,0.0,0.0,68.57,15.0,15.0,1.4,16.0,3.06,1.82,3.77,13.91
BOS,2023-11-28,0,1,5,1,13,100.0,100.0,61.54,0.0,13.0,0.0,0.0,2.54,1.69,0.69,13.38
BOS,2023-11-28,1,0,0,1,2,100.0,100.0,50.0,0.0,13.0,0.0,0.0,1.5,2.35,0.0,20.5
BOS,2023-11-28,2,0,0,0,0,0.0,0.0,0.0,0.0,0.0,0.0,0.0,0.0,0.0,0.0,0.0
BOS,2023-11-28,4,0,1,0,4,0.0,0.0,100.0,0.0,0.0,0.0,0.0,6.0,2.25,6.0,2.25
BOS,2023-11-28,5,15,5,18,7,100.0,94.44,57.14,0.67,17.17,4.26,3.22,0.71,10.61,7.57,13.14
BOS,2023-11-28,6,31,8,35,15,91.43,88.57,60.0,6.34,22.51,9.28,11.6,8.6,3.57,3.07,13.33
BOS,2023-11-28,7,45,20,49,23,83.67,71.43,86.96,11.92,24.12,10.5,19.1,3.22,4.55,2.65,8.57
BOS,2023-11-28,8,35,23,42,27,90.48,57.14,77.78,4.33,26.69,13.35,14.81,5.56,4.81,5.15,8.81
BOS,2023-11-28,9,33,21,35,26,82.86,74.29,80.77,6.26,20.11,6.92,11.03,4.04,1.38,3.31,6.88
BOS,2023-11-28,10,21,21,23,23,91.3,91.3,91.3,4.48,18.96,5.56,8.7,3.17,2.08,0.87,3.35
BOS,2023-11-28,11,24,29,30,33,76.67,73.33,87.88,7.9,18.63,5.32,11.17,3.3,1.17,0.58,15.21
BOS,2023-11-28,12,24,21,29,25,79.31,75.86,88.0,11.97,16.41,3.59,13.83,2.48,1.82,2.4,6.32
BOS,2023-11-28,13,16,26,18,29,83.33,83.33,82.76,9.11,14.39,2.31,10.83,5.31,1.33,3.07,10.17
BOS,2023-11-28,14,19,37,20,39,90.0,90.0,64.1,7.5,16.4,3.35,8.85,3.23,1.84,2.56,16.87
BOS,2023-11-28,15,28,25,34,30,70.59,70.59,90.0,13.53,18.68,5.36,17.53,2.3,2.82,1.63,4.93
BOS,2023-11-28,16,25,27,33,31,81.82,69.7,87.1,12.36,21.3,8.26,19.55,4.52,2.01,2.71,6.48
BOS,2023-11-28,17,31,41,33,44,75.76,48.48,77.27,14.09,29.85,16.22,28.52,2.14,8.42,4.86,9.23
BOS,2023-11-28,18,37,25,45,31,73.33,53.33,70.97,12.6,23.96,10.78,21.87,6.42,3.54,8.65,14.71
BOS,2023-11-28,19,21,23,23,31,82.61,69.57,93.55,11.96,20.35,6.67,16.17,4.65,2.62,2.97,4.06
BOS,2023-11-28,20,18,25,21,25,80.95,80.95,84.0,8.43,16.71,3.4,9.71,3.52,2.48,0.56,11.84
BOS,2023-11-28,21,14,20,18,22,94.44,88.89,90.91,2.61,17.22,3.85,4.39,2.82,1.94,0.86,7.77
BOS,2023-11-28,22,11,21,16,23,56.25,50.0,56.52,17.13,16.94,3.63,19.69,2.61,1.45,3.96,27.7
BOS,2023-11-28,23,0,26,2,26,100.0,100.0,76.92,0.0,21.5,7.55,3.0,2.69,1.88,2.12,20.12
BOS,2023-11-29,0,0,5,1,5,0.0,0.0,100.0,49.0,19.0,5.6,55.0,2.4,0.9,0.4,0.4
BOS,2023-11-29,1,0,0,0,1,0.0,0.0,100.0,0.0,0.0,0.0,0.0,1.0,0.8,4.0,0.0
BOS,2023-11-29,2,0,0,0,0,0.0,0.0,0.0,0.0,0.0,0.0,0.0,0.0,0.0,0.0,0.0
BOS,2023-11-29,4,0,1,0,4,0.0,0.0,75.0,0.0,0.0,0.0,0.0,0.5,3.25,3.75,11.5
BOS,2023-11-29,5,15,5,17,8,94.12,82.35,62.5,7.82,18.47,5.34,11.41,0.63,1.55,0.63,16.88
BOS,2023-11-29,6,31,6,32,11,87.5,78.13,54.55,11.84,22.53,9.11,17.75,1.27,7.62,3.27,9.27
BOS,2023-11-29,7,44,21,47,20,93.62,68.09,80.0,2.26,25.09,11.5,10.19,2.5,5.69,3.85,13.75
BOS,2023-11-29,8,37,23,42,24,88.1,78.57,79.17,5.69,20.83,7.48,10.48,4.63,3.69,3.21,5.58
BOS,2023-11-29,9,31,23,34,27,94.12,79.41,92.59,2.12,23.88,10.7,8.97,4.89,2.89,2.56,6.15
BOS,2023-11-29,10,23,21,23,25,95.65,95.65,84.0,1.83,16.87,3.46,2.91,2.92,1.7,1.76,5.32
BOS,2023-11-29,11,23,28,29,30,86.21,75.86,93.33,5.55,17.31,4.38,8.48,5.27,1.77,1.73,3.03
BOS,2023-11-29,12,23,19,23,24,95.65,95.65,91.67,4.52,17.78,4.57,7.0,2.75,1.4,0.42,8.92
BOS,2023-11-29,13,18,25,22,28,86.36,86.36,75.0,6.68,14.14,1.9,7.45,5.96,2.26,3.79,17.68
BOS,2023-11-29,14,22,39,25,43,80.0,80.0,81.4,8.32,14.72,2.24,9.36,2.86,1.6,2.23,11.44
BOS,2023-11-29,15,25,26,29,29,82.76,79.31,89.66,15.52,16.76,3.51,17.97,2.83,1.74,2.45,4.14
BOS,2023-11-29,16,28,28,34,38,88.24,85.29,84.21,3.68,18.38,5.35,7.74,3.24,3.08,1.76,5.68
BOS,2023-11-29,17,29,38,38,38,81.58,73.68,86.84,6.0,20.03,6.75,10.63,2.26,4.02,1.03,4.63
BOS,2023-11-29,18,38,23,41,28,97.56,73.17,85.71,2.07,24.59,11.11,10.56,3.75,3.56,1.46,7.21
BOS,2023-11-29,19,21,25,23,28,95.65,95.65,96.43,2.91,16.61,2.91,4.26,5.29,4.21,2.32,7.39
BOS,2023-11-29,20,19,25,21,29,90.48,90.48,86.21,13.0,13.95,1.25,13.33,4.14,1.44,2.83,5.17
BOS,2023-11-29,21,14,20,16,20,68.75,75.0,90.0,7.94,14.25,1.58,8.38,3.7,1.61,0.15,6.2
BOS,2023-11-29,22,10,23,15,23,93.33,93.33,91.3,1.73,16.6,3.99,4.47,2.13,0.58,0.39,7.35
BOS,2023-11-29,23,0,23,0,25,0.0,0.0,80.0,0.0,0.0,0.0,0.0,3.04,2.86,1.32,8.12
BOS,2023-11-30,0,0,6,1,5,0.0,0.0,100.0,26.0,17.0,3.6,30.0,0.4,0.16,0.0,1.0
BOS,2023-11-30,1,0,0,0,0,0.0,0.0,0.0,0.0,0.0,0.0,0.0,0.0,0.0,0.0,0.0
BOS,2023-11-30,4,1,1,1,4,100.0,100.0,75.0,0.0,19.0,5.4,3.0,1.0,1.77,4.75,20.25
BOS,2023-11-30,5,15,8,17,8,100.0,100.0,87.5,0.41,15.88,2.95,2.12,0.0,1.78,0.63,6.25
BOS,2023-11-30,6,32,6,33,10,93.94,90.91,70.0,12.33,19.21,5.87,14.55,0.3,3.87,1.1,9.4
BOS,2023-11-30,7,47,21,48,23,91.67,81.25,78.26,4.88,19.38,6.02,9.04,2.3,4.37,2.17,8.35
BOS,2023-11-30,8,36,25,42,24,88.1,83.33,83.33,9.57,18.86,5.65,13.24,4.96,5.52,5.88,18.67
BOS,2023-11-30,9,36,22,35,27,85.71,82.86,81.48,20.03,15.91,3.33,21.46,3.81,2.5,2.85,7.56
BOS,2023-11-30,10,22,25,27,31,85.19,85.19,90.32,6.7,14.89,2.12,7.93,4.35,1.13,1.71,3.39
BOS,2023-11-30,11,28,33,35,35,88.57,85.71,85.71,4.2,15.66,2.77,5.86,3.17,4.66,4.6,15.09
BOS,2023-11-30,12,28,25,29,30,86.21,79.31,90.0,4.52,15.86,2.89,5.59,2.67,3.38,3.43,5.07
BOS,2023-11-30,13,20,26,25,30,88.0,84.0,76.67,4.92,15.04,3.4,7.92,6.43,2.16,4.53,11.0
BOS,2023-11-30,14,22,39,32,44,87.5,87.5,84.09,15.69,16.28,3.55,17.97,6.0,2.15,2.91,13.57
BOS,2023-11-30,15,27,31,33,36,78.79,66.67,88.89,20.82,20.45,6.97,26.09,4.33,2.35,1.5,2.25
BOS,2023-11-30,16,32,32,40,37,90.0,90.0,89.19,3.35,16.73,3.94,5.85,4.81,2.41,3.0,6.89
BOS,2023-11-30,17,33,38,37,41,81.08,72.97,85.37,10.46,19.35,5.74,14.08,5.46,2.74,3.46,10.59
BOS,2023-11-30,18,38,29,40,34,90.0,80.0,91.18,8.73,20.7,7.32,14.4,6.5,3.76,2.97,3.65
BOS,2023-11-30,19,23,21,26,26,88.46,84.62,88.46,5.54,15.77,2.56,6.92,6.46,2.84,2.31,4.88
BOS,2023-11-30,20,21,28,22,30,90.91,90.91,93.33,7.95,16.41,3.05,8.68,4.3,2.37,0.6,4.2
BOS,2023-11-30,21,14,21,17,23,76.47,76.47,86.96,13.47,14.12,1.4,13.41,4.74,1.18,0.83,11.17
BOS,2023-11-30,22,11,23,17,24,82.35,82.35,91.67,13.59,15.29,1.96,15.12,3.67,1.79,2.04,5.29
BOS,2023-11-30,23,0,25,1,26,100.0,100.0,80.77,0.0,13.0,0.0,0.0,2.27,2.16,1.42,20.96
BOS,2023-12-01,0,0,6,0,6,0.0,0.0,83.33,0.0,0.0,0.0,0.0,0.5,0.9,2.17,5.0
BOS,2023-12-01,1,0,0,0,0,0.0,0.0,0.0,0.0,0.0,0.0,0.0,0.0,0.0,0.0,0.0
BOS,2023-12-01,2,0,0,0,1,0.0,0.0,100.0,0.0,0.0,0.0,0.0,2.0,1.8,1.0,0.0
BOS,2023-12-01,3,0,0,0,0,0.0,0.0,0.0,0.0,0.0,0.0,0.0,0.0,0.0,0.0,0.0
BOS,2023-12-01,4,1,1,1,3,100.0,100.0,100.0,1.0,11.0,0.0,0.0,0.0,1.77,0.0,0.0
BOS,2023-12-01,5,15,8,15,12,86.67,80.0,83.33,3.73,18.4,5.06,7.4,0.0,3.06,2.17,12.25
BOS,2023-12-01,6,33,6,37,9,97.3,91.89,66.67,1.27,22.03,8.22,5.68,0.78,9.68,2.11,17.78
BOS,2023-12-01,7,48,20,48,23,91.67,89.58,78.26,4.17,18.23,4.19,6.08,3.3,4.27,5.52,7.78
BOS,2023-12-01,8,37,23,45,23,84.44,82.22,86.96,10.73,15.69,2.56,11.76,4.87,4.19,1.09,3.78
BOS,2023-12-01,9,29,26,35,30,82.86,82.86,86.67,6.69,14.86,2.03,7.57,2.83,2.55,2.83,7.37
BOS,2023-12-01,10,27,24,28,28,92.86,92.86,92.86,18.5,14.86,1.83,19.61,5.36,1.37,1.79,4.64
BOS,2023-12-01,11,24,33,28,34,89.29,89.29,100.0,5.18,15.0,2.01,6.57,4.09,1.72,0.65,0.85
BOS,2023-12-01,12,30,23,32,25,84.38,81.25,96.0,17.84,15.13,2.19,18.84,3.88,3.0,1.76,2.08
BOS,2023-12-01,13,21,28,24,32,83.33,83.33,81.25,10.79,13.83,1.96,11.5,5.0,2.41,4.06,6.75
BOS,2023-12-01,14,23,41,22,42,86.36,81.82,88.1,5.0,16.0,3.0,7.32,2.1,2.74,0.38,4.24
BOS,2023-12-01,15,28,26,36,31,86.11,86.11,87.1,5.81,17.14,3.6,8.28,3.13,1.96,0.81,5.0
BOS,2023-12-01,16,32,31,36,35,77.78,69.44,85.71,14.14,17.86,4.93,18.0,3.31,3.49,2.74,8.94
BOS,2023-12-01,17,34,40,37,41,78.38,70.27,78.05,10.73,21.92,7.65,16.62,6.73,4.57,2.73,8.73
BOS,2023-12-01,18,39,29,38,33,86.84,65.79,93.94,5.42,22.0,8.25,12.11,4.94,5.86,2.21,4.42
BOS,2023-12-01,19,21,25,22,29,86.36,72.73,96.55,5.91,18.64,4.76,8.59,2.52,3.39,0.48,0.66
BOS,2023-12-01,20,21,27,22,30,86.36,86.36,70.0,11.23,16.77,3.37,12.45,2.8,2.3,0.93,11.27
BOS,2023-12-01,21,13,20,14,22,71.43,71.43,81.82,17.14,15.79,2.45,17.86,3.59,2.6,2.0,7.86
BOS,2023-12-01,22,11,22,14,22,85.71,78.57,81.82,6.0,15.71,2.8,8.0,2.82,1.05,0.59,8.0
BOS,2023-12-01,23,0,25,2,26,0.0,0.0,65.38,47.0,16.0,1.3,48.0,2.69,1.05,0.35,34.04
BOS,2023-12-02,0,1,6,1,6,0.0,0.0,100.0,20.0,16.0,2.6,23.0,1.83,1.35,1.33,2.0
BOS,2023-12-02,1,0,0,0,1,0.0,0.0,0.0,0.0,0.0,0.0,0.0,8.0,0.8,19.0,63.0
BOS,2023-12-02,2,0,0,1,0,100.0,0.0,0.0,0.0,29.0,15.6,16.0,0.0,0.0,0.0,0.0
BOS,2023-12-02,3,0,0,1,1,0.0,0.0,100.0,19.0,16.0,2.6,22.0,4.0,0.8,8.0,0.0
BOS,2023-12-02,4,1,1,1,1,0.0,0.0,100.0,18.0,16.0,2.0,20.0,3.0,6.7,0.0,0.0
BOS,2023-12-02,5,12,3,13,7,92.31,92.31,71.43,11.38,17.54,3.68,13.85,1.43,8.69,11.0,8.57
BOS,2023-12-02,6,30,7,31,9,87.1,80.65,66.67,3.68,17.26,3.64,5.97,1.33,3.06,3.0,8.67
BOS,2023-12-02,7,39,15,39,13,89.74,82.05,100.0,4.41,18.62,4.29,7.03,0.69,1.76,0.23,0.46
BOS,2023-12-02,8,39,15,40,15,92.5,92.5,100.0,8.0,18.0,4.39,9.65,3.13,3.35,0.0,0.0
BOS,2023-12-02,9,28,18,31,20,93.55,90.32,95.0,8.03,14.29,1.81,9.32,3.3,3.12,0.75,0.9
BOS,2023-12-02,10,21,20,22,21,86.36,86.36,85.71,6.27,14.5,1.39,6.45,3.62,0.86,1.48,4.29
BOS,2023-12-02,11,24,22,26,24,84.62,84.62,83.33,5.62,15.54,2.62,6.58,3.71,1.06,2.0,5.25
BOS,2023-12-02,12,19,22,19,26,94.74,84.21,80.77,3.05,15.68,2.29,4.0,3.04,1.28,1.58,5.27
BOS,2023-12-02,13,21,25,22,23,86.36,86.36,91.3,5.32,15.36,2.9,6.95,2.52,2.57,0.91,4.13
BOS,2023-12-02,14,13,37,16,39,81.25,81.25,89.74,7.13,14.0,0.84,7.63,4.85,1.33,2.0,3.46
BOS,2023-12-02,15,26,28,29,33,96.55,93.1,81.82,2.0,14.69,1.54,2.48,3.52,2.67,1.82,16.88
BOS,2023-12-02,16,28,23,30,28,83.33,83.33,89.29,10.5,16.5,3.14,11.77,3.64,3.09,2.29,3.36
BOS,2023-12-02,17,24,33,29,31,93.1,93.1,90.32,1.93,16.24,3.32,3.21,4.13,2.71,0.39,5.0
BOS,2023-12-02,18,29,26,28,29,85.71,82.14,75.86,6.32,16.36,3.44,7.86,2.59,3.79,0.9,13.48
BOS,2023-12-02,19,14,23,14,27,78.57,71.43,66.67,9.64,19.86,5.51,13.0,0.85,4.21,2.59,14.89
BOS,2023-12-02,20,13,24,12,24,91.67,91.67,83.33,4.5,14.42,1.51,4.83,1.79,4.64,1.92,18.04
BOS,2023-12-02,21,12,16,12,19,83.33,83.33,84.21,9.0,15.42,2.37,11.08,2.47,3.84,3.95,11.16
BOS,2023-12-02,22,8,17,8,19,87.5,87.5,73.68,3.13,15.5,2.53,4.75,3.79,2.34,7.11,14.68
BOS,2023-12-02,23,0,15,1,16,0.0,0.0,75.0,41.0,15.0,1.6,43.0,0.75,4.24,0.13,15.5
BOS,2023-12-03,0,0,8,0,7,0.0,0.0,85.71,0.0,0.0,0.0,0.0,1.14,6.1,0.0,7.71
BOS,2023-12-03,1,0,0,0,0,0.0,0.0,0.0,0.0,0.0,0.0,0.0,0.0,0.0,0.0,0.0
BOS,2023-12-03,2,0,0,1,0,100.0,100.0,0.0,0.0,13.0,0.0,0.0,0.0,0.0,0.0,0.0
BOS,2023-12-03,3,0,0,0,0,0.0,0.0,0.0,0.0,0.0,0.0,0.0,0.0,0.0,0.0,0.0
BOS,2023-12-03,4,1,1,1,2,0.0,0.0,100.0,29.0,14.0,0.0,29.0,2.5,5.75,2.0,4.0
BOS,2023-12-03,5,15,9,15,5,93.33,93.33,100.0,1.53,13.93,1.23,1.67,0.8,1.46,0.0,0.0
BOS,2023-12-03,6,24,6,25,6,92.0,92.0,100.0,3.16,16.16,3.0,5.0,3.17,5.6,0.83,1.0
BOS,2023-12-03,7,42,14,45,13,91.11,86.67,100.0,7.33,16.09,2.69,8.71,2.31,5.13,0.0,0.23
BOS,2023-12-03,8,34,16,36,16,88.89,88.89,93.75,4.67,18.03,4.63,6.81,1.69,3.47,1.19,2.19
BOS,2023-12-03,9,25,24,36,30,77.78,77.78,96.67,10.53,12.75,1.07,11.06,3.8,2.83,0.77,1.33
BOS,2023-12-03,10,23,24,23,26,86.96,86.96,76.92,6.57,14.0,1.6,7.04,4.5,3.22,2.73,17.15
BOS,2023-12-03,11,31,29,34,32,88.24,88.24,90.63,4.12,14.29,1.61,5.06,3.91,3.07,1.78,7.53
BOS,2023-12-03,12,27,27,33,31,75.76,69.7,83.87,24.85,16.09,3.09,27.55,1.97,3.93,3.39,6.61
BOS,2023-12-03,13,20,33,24,31,87.5,83.33,74.19,8.08,16.79,4.72,11.71,8.48,4.15,10.81,14.23
BOS,2023-12-03,14,26,38,28,41,82.14,78.57,60.98,10.71,15.46,3.16,13.68,7.27,5.79,13.9,17.78
BOS,2023-12-03,15,32,26,38,33,71.05,63.16,81.82,12.18,22.61,9.54,20.82,8.12,3.81,4.7,7.45
BOS,2023-12-03,16,27,31,31,31,87.1,70.97,74.19,8.42,20.58,7.61,15.16,10.39,4.68,8.32,13.1
BOS,2023-12-03,17,36,39,38,45,71.05,55.26,73.33,16.84,24.03,9.94,25.89,9.42,4.67,7.89,15.36
BOS,2023-12-03,18,37,29,40,37,77.5,70.0,72.97,12.7,21.6,7.72,19.05,6.46,6.75,4.84,17.03
BOS,2023-12-03,19,23,26,25,29,56.0,52.0,86.21,27.2,20.76,7.11,33.52,5.83,6.51,4.69,12.9
BOS,2023-12-03,20,23,29,24,30,79.17,70.83,66.67,6.88,17.13,3.72,9.75,4.13,8.31,5.63,24.33
BOS,2023-12-03,21,16,21,15,22,60.0,66.67,72.73,76.93,13.93,1.78,76.47,1.91,7.45,1.55,17.91
BOS,2023-12-03,22,9,22,9,23,55.56,44.44,60.87,12.0,18.0,4.38,15.11,2.57,6.53,2.48,19.52
BOS,2023-12-03,23,0,25,1,26,100.0,100.0,73.08,0.0,13.0,0.0,0.0,3.0,4.13,1.42,14.62
BOS,2023-12-04,0,1,7,1,8,100.0,100.0,62.5,0.0,13.0,0.0,0.0,1.13,5.2,0.0,8.38
BOS,2023-12-04,1,0,1,0,1,0.0,0.0,0.0,0.0,0.0,0.0,0.0,2.0,1.8,5.0,33.0
BOS,2023-12-04,2,0,0,0,0,0.0,0.0,0.0,0.0,0.0,0.0,0.0,0.0,0.0,0.0,0.0
BOS,2023-12-04,4,0,2,0,2,0.0,0.0,50.0,0.0,0.0,0.0,0.0,0.0,10.25,21.0,21.5
BOS,2023-12-04,5,14,7,14,9,100.0,92.86,77.78,0.57,17.21,3.76,2.64,2.0,3.73,2.33,7.44
BOS,2023-12-04,6,33,8,33,6,100.0,96.97,66.67,0.27,18.76,5.24,2.97,4.17,5.78,1.0,8.83
BOS,2023-12-04,7,47,22,49,20,93.88,91.84,100.0,7.24,18.43,4.39,8.73,1.95,6.3,1.5,1.0
BOS,2023-12-04,8,37,25,41,22,92.68,92.68,95.45,2.93,15.46,2.63,4.02,4.23,6.82,1.09,2.59
BOS,2023-12-04,9,33,27,31,30,93.55,93.55,80.0,4.26,13.77,1.4,4.19,2.83,3.34,2.67,25.1
BOS,2023-12-04,10,25,23,30,26,80.0,76.67,84.62,14.27,14.43,1.92,15.33,2.69,2.81,0.96,6.42
BOS,2023-12-04,11,22,33,25,33,84.0,84.0,90.91,8.8,14.52,2.4,9.76,3.03,3.85,1.55,10.94
BOS,2023-12-04,12,29,22,30,28,83.33,83.33,89.29,35.9,12.43,0.65,35.73,2.14,2.61,1.25,13.43
BOS,2023-12-04,13,17,31,21,37,76.19,80.95,81.08,9.9,13.19,1.41,10.19,2.43,5.74,3.05,10.16
BOS,2023-12-04,14,23,40,31,42,87.1,87.1,78.57,12.45,14.29,1.6,13.87,4.26,4.3,2.07,12.31
BOS,2023-12-04,15,25,27,27,29,92.59,92.59,89.66,3.07,16.3,3.39,5.22,1.34,3.32,1.34,3.07
BOS,2023-12-04,16,29,30,35,35,82.86,77.14,80.0,12.09,16.37,3.08,14.2,3.66,5.11,2.86,16.34
BOS,2023-12-04,17,33,40,38,46,76.32,73.68,76.09,17.61,17.42,3.83,20.47,2.04,5.24,4.8,17.65
BOS,2023-12-04,18,35,29,41,33,87.8,78.05,87.88,6.54,18.05,4.86,9.78,2.09,6.61,2.52,5.0
BOS,2023-12-04,19,26,21,27,27,81.48,81.48,81.48,6.48,15.63,2.18,7.19,2.07,4.51,1.74,19.89
BOS,2023-12-04,20,19,25,19,25,94.74,94.74,80.0,5.32,13.42,1.27,5.89,2.0,3.98,0.56,6.64
BOS,2023-12-04,21,14,20,17,20,70.59,64.71,90.0,17.12,14.88,2.27,17.94,2.4,3.52,0.55,11.9
BOS,2023-12-04,22,9,20,14,21,85.71,78.57,80.95,2.93,16.93,4.6,6.29,1.67,3.92,3.33,16.9
BOS,2023-12-04,23,0,25,1,27,0.0,0.0,81.48,52.0,15.0,1.6,54.0,1.22,2.39,2.93,8.7
BOS,2023-12-05,0,0,5,1,7,100.0,100.0,85.71,0.0,22.0,8.6,9.0,1.0,2.71,1.71,3.43
BOS,2023-12-05,1,0,0,0,1,0.0,0.0,100.0,0.0,0.0,0.0,0.0,0.0,2.8,0.0,0.0
BOS,2023-12-05,4,0,1,0,3,0.0,0.0,100.0,0.0,0.0,0.0,0.0,0.67,1.1,3.0,0.0
BOS,2023-12-05,5,16,4,18,9,94.44,94.44,88.89,1.06,13.44,1.61,2.33,0.56,3.42,2.0,9.56
BOS,2023-12-05,6,27,8,28,14,96.43,92.86,71.43,0.96,20.32,6.67,4.57,2.36,4.6,4.21,7.86
BOS,2023-12-05,7,50,21,50,19,96.0,90.0,78.95,3.24,18.4,4.57,5.62,2.47,4.96,2.0,10.26
BOS,2023-12-05,8,34,23,38,21,81.58,81.58,90.48,7.5,14.95,2.19,8.37,3.38,5.98,2.19,5.52
BOS,2023-12-05,9,27,21,28,20,92.86,89.29,95.0,3.14,18.93,6.03,6.75,3.0,6.04,3.05,2.4
BOS,2023-12-05,10,23,22,24,25,91.67,91.67,100.0,4.96,13.46,1.08,4.92,2.72,1.95,1.96,0.88
BOS,2023-12-05,11,22,29,21,28,85.71,47.62,85.71,18.14,25.14,12.74,27.38,15.61,5.52,14.68,14.61
BOS,2023-12-05,12,26,19,26,21,96.15,92.31,85.71,14.31,13.54,1.28,14.54,4.38,2.46,1.29,7.57
BOS,2023-12-05,13,17,25,16,26,93.75,93.75,100.0,2.13,14.0,2.15,3.88,2.04,3.11,1.08,2.08
BOS,2023-12-05,14,21,36,22,38,86.36,90.91,84.21,4.82,12.59,1.05,5.14,3.24,3.09,1.18,9.92
BOS,2023-12-05,15,26,28,27,28,70.37,70.37,92.86,19.26,15.33,2.42,20.59,1.75,2.39,1.46,3.18
BOS,2023-12-05,16,30,26,31,28,87.1,87.1,89.29,14.19,14.55,2.0,14.87,4.07,5.27,2.71,9.96
BOS,2023-12-05,17,25,39,24,39,91.67,83.33,87.18,7.17,17.13,4.05,9.38,3.26,5.41,3.9,6.44
BOS,2023-12-05,18,39,27,40,31,85.0,77.5,87.1,5.63,17.27,3.97,7.65,3.29,6.66,4.06,4.35
BOS,2023-12-05,19,22,23,23,28,86.96,65.22,75.0,6.48,22.57,9.14,13.52,27.18,2.98,6.75,18.61
BOS,2023-12-05,20,16,23,17,25,88.24,76.47,72.0,4.18,17.24,4.45,6.47,16.76,5.74,13.72,15.76
BOS,2023-12-05,21,14,20,15,24,80.0,66.67,91.67,11.13,21.4,8.12,18.0,2.58,3.98,1.96,9.0
BOS,2023-12-05,22,11,20,17,19,88.24,88.24,73.68,8.82,16.53,3.99,11.35,2.47,3.71,5.0,12.53
BOS,2023-12-05,23,0,26,1,26,0.0,0.0,80.77,25.0,24.0,10.6,36.0,1.12,2.58,1.35,12.12
BOS,2023-12-06,0,0,5,0,5,0.0,0.0,100.0,0.0,0.0,0.0,0.0,1.0,2.04,0.2,0.0
BOS,2023-12-06,2,0,0,0,0,0.0,0.0,0.0,0.0,0.0,0.0,0.0,0.0,0.0,0.0,0.0
BOS,2023-12-06,4,0,1,0,3,0.0,0.0,66.67,0.0,0.0,0.0,0.0,1.33,3.77,14.67,14.33
BOS,2023-12-06,5,16,4,18,7,100.0,94.44,57.14,0.5,17.61,5.59,3.72,0.86,5.44,9.43,22.57
BOS,2023-12-06,6,27,8,28,15,82.14,71.43,60.0,4.54,24.57,11.29,14.57,3.13,5.74,12.13,17.6
BOS,2023-12-06,7,48,19,55,17,78.18,32.73,76.47,10.64,37.02,22.96,30.85,2.0,10.51,5.47,14.71
BOS,2023-12-06,8,36,24,41,26,65.85,26.83,69.23,20.68,32.54,19.41,37.39,2.81,15.37,9.15,10.88
BOS,2023-12-06,9,29,22,30,25,76.67,43.33,80.0,10.57,23.5,10.48,19.93,3.72,9.33,5.72,10.48
BOS,2023-12-06,10,21,22,24,26,87.5,83.33,80.77,5.5,17.25,4.07,8.58,4.38,3.38,4.31,9.08
BOS,2023-12-06,11,24,31,29,33,79.31,75.86,87.88,13.07,12.79,0.88,13.24,4.0,2.98,3.58,8.67
BOS,2023-12-06,12,27,19,30,23,93.33,90.0,82.61,5.53,12.7,0.93,5.6,2.43,2.09,2.78,7.22
BOS,2023-12-06,13,15,25,16,29,93.75,93.75,72.41,2.5,12.19,0.46,2.56,4.07,2.81,4.07,13.83
BOS,2023-12-06,14,23,37,28,43,78.57,75.0,72.09,8.61,15.18,2.56,10.71,4.74,3.51,5.28,12.49
BOS,2023-12-06,15,26,29,33,33,90.91,81.82,90.91,5.42,15.06,2.16,6.82,3.97,3.9,3.42,5.3
BOS,2023-12-06,16,28,25,34,35,79.41,76.47,71.43,17.26,15.09,2.66,18.74,4.89,3.95,8.54,17.71
BOS,2023-12-06,17,30,40,37,46,62.16,54.05,71.74,14.35,18.19,4.56,18.3,3.89,5.96,7.28,11.87
BOS,2023-12-06,18,38,28,41,31,82.93,75.61,74.19,12.15,22.78,8.9,19.41,4.03,7.57,7.19,8.0
BOS,2023-12-06,19,24,23,25,30,96.0,72.0,83.33,2.8,22.64,8.66,9.16,3.7,4.62,3.23,7.67
BOS,2023-12-06,20,17,24,17,29,88.24,82.35,82.76,5.71,17.29,4.25,7.94,3.24,4.14,3.66,7.14
BOS,2023-12-06,21,12,19,20,20,75.0,65.0,95.0,15.5,17.7,5.19,20.4,2.45,4.83,4.8,5.6
BOS,2023-12-06,22,10,22,14,22,85.71,71.43,77.27,3.57,20.0,7.26,9.29,2.32,3.19,7.41,10.41
BOS,2023-12-06,23,0,24,2,27,100.0,100.0,85.19,0.0,16.5,3.3,3.5,1.67,2.73,4.22,4.59
BOS,2023-12-07,0,1,8,1,5,100.0,100.0,100.0,0.0,13.0,0.0,0.0,0.2,1.28,0.0,0.0
BOS,2023-12-07,1,0,1,0,0,0.0,0.0,0.0,0.0,0.0,0.0,0.0,0.0,0.0,0.0,0.0
BOS,2023-12-07,2,0,0,0,1,0.0,0.0,100.0,0.0,0.0,0.0,0.0,4.0,2.8,0.0,0.0
BOS,2023-12-07,3,0,0,1,0,100.0,100.0,0.0,0.0,13.0,0.0,0.0,0.0,0.0,0.0,0.0
BOS,2023-12-07,4,1,1,1,3,0.0,0.0,66.67,97.0,14.0,0.0,97.0,1.67,3.77,9.0,57.0
BOS,2023-12-07,5,16,6,18,7,83.33,77.78,85.71,9.56,20.44,6.77,12.89,0.0,3.87,1.86,4.57
BOS,2023-12-07,6,28,8,28,14,89.29,78.57,92.86,4.43,21.96,7.9,8.79,0.57,4.96,2.64,4.36
BOS,2023-12-07,7,51,20,53,23,90.57,50.94,69.57,12.91,29.92,15.53,24.81,5.17,6.74,7.3,17.13
BOS,2023-12-07,8,37,24,41,22,85.37,68.29,95.45,10.15,23.95,10.39,17.02,3.23,3.41,4.05,3.64
BOS,2023-12-07,9,29,22,33,26,87.88,72.73,73.08,4.27,20.27,7.23,9.55,4.58,4.12,5.0,10.88
BOS,2023-12-07,10,21,24,28,27,78.57,78.57,77.78,12.75,17.11,3.32,15.39,2.81,1.7,7.48,10.52
BOS,2023-12-07,11,25,36,28,37,71.43,67.86,86.49,7.14,19.36,5.71,11.11,4.0,1.72,4.08,6.51
BOS,2023-12-07,12,30,23,33,29,84.85,75.76,93.1,7.61,19.85,6.01,12.33,4.48,1.97,2.69,4.14
BOS,2023-12-07,13,21,30,24,32,83.33,83.33,75.0,7.5,17.83,4.97,10.58,3.19,2.84,1.75,12.63
BOS,2023-12-07,14,23,33,26,37,88.46,80.77,81.08,5.04,18.54,5.38,8.5,2.22,2.56,2.49,8.81
BOS,2023-12-07,15,27,30,33,36,69.7,66.67,77.78,23.27,18.45,4.76,26.88,2.44,1.83,2.39,6.83
BOS,2023-12-07,16,28,29,31,30,87.1,87.1,93.33,4.68,18.52,5.32,7.71,2.6,4.09,2.0,3.93
BOS,2023-12-07,17,36,39,40,42,70.0,55.0,83.33,12.95,23.68,9.6,21.63,2.14,4.48,3.57,9.48
BOS,2023-12-07,18,39,34,44,37,79.55,61.36,97.3,10.05,23.68,9.56,17.61,4.27,4.98,2.62,4.19
BOS,2023-12-07,19,28,22,29,28,89.66,82.76,82.14,7.59,20.79,6.5,11.14,4.57,4.8,4.25,5.04
BOS,2023-12-07,20,21,24,22,24,86.36,86.36,91.67,8.64,15.77,2.78,9.82,5.21,3.42,3.0,5.58
BOS,2023-12-07,21,12,20,16,24,62.5,62.5,83.33,8.25,15.75,2.34,10.31,3.33,2.7,3.21,17.92
BOS,2023-12-07,22,11,25,18,25,83.33,83.33,88.0,4.61,17.33,3.98,7.22,2.24,2.69,1.0,12.72
BOS,2023-12-07,23,0,26,0,29,0.0,0.0,82.76,0.0,0.0,0.0,0.0,2.62,1.69,2.38,9.28
BOS,2023-12-08,0,0,8,1,8,100.0,100.0,100.0,0.0,16.0,2.6,3.0,1.25,1.41,0.0,1.88
BOS,2023-12-08,1,0,1,0,1,0.0,0.0,100.0,0.0,0.0,0.0,0.0,0.0,1.8,0.0,0.0
BOS,2023-12-08,2,0,0,0,0,0.0,0.0,0.0,0.0,0.0,0.0,0.0,0.0,0.0,0.0,0.0
BOS,2023-12-08,4,1,1,1,3,100.0,100.0,100.0,2.0,16.0,2.0,4.0,2.33,1.1,2.0,0.67
BOS,2023-12-08,5,16,6,17,9,100.0,82.35,88.89,1.29,22.0,8.29,7.94,0.22,2.89,0.89,12.11
BOS,2023-12-08,6,30,8,33,13,84.85,54.55,69.23,22.97,29.52,15.41,34.52,0.77,7.91,4.38,14.23
BOS,2023-12-08,7,52,19,54,19,90.74,66.67,78.95,5.13,26.89,12.47,14.31,2.58,6.63,10.84,12.58
BOS,2023-12-08,8,37,23,46,22,80.43,71.74,86.36,12.83,19.02,5.75,16.33,4.41,6.41,3.27,6.05
BOS,2023-12-08,9,24,24,24,29,87.5,83.33,68.97,11.25,20.67,7.23,16.04,3.97,2.68,3.14,29.52
BOS,2023-12-08,10,24,25,29,28,75.86,55.17,82.14,16.03,19.79,6.12,20.79,2.96,1.44,2.0,7.07
BOS,2023-12-08,11,24,35,28,39,92.86,82.14,92.31,1.75,18.64,5.69,6.0,2.77,4.24,0.87,3.31
BOS,2023-12-08,12,31,20,36,27,75.0,72.22,81.48,13.44,14.75,1.87,14.92,4.04,3.02,3.11,10.48
BOS,2023-12-08,13,20,32,24,39,79.17,79.17,76.92,11.79,12.96,1.43,12.08,3.92,5.27,3.74,10.56
BOS,2023-12-08,14,23,34,25,37,76.0,80.0,86.49,10.16,14.32,1.68,11.2,2.46,4.16,2.16,5.92
BOS,2023-12-08,15,28,30,34,32,88.24,88.24,93.75,5.32,15.68,2.86,7.15,2.03,5.45,2.28,3.22
BOS,2023-12-08,16,30,29,29,35,82.76,82.76,88.57,7.14,15.41,2.89,8.93,1.77,4.31,2.03,5.09
BOS,2023-12-08,17,36,39,39,41,89.74,84.62,90.24,6.31,17.46,4.12,9.03,1.24,6.72,2.29,14.17
BOS,2023-12-08,18,39,34,42,37,92.86,88.1,83.78,6.17,18.86,4.99,9.26,11.54,6.44,12.57,13.27
BOS,2023-12-08,19,26,25,26,31,92.31,84.62,77.42,14.08,20.5,6.62,16.85,4.97,4.37,5.68,8.81
BOS,2023-12-08,20,21,23,21,24,100.0,100.0,75.0,0.9,15.76,2.51,1.71,5.04,2.88,1.0,15.42
BOS,2023-12-08,21,11,19,11,18,63.64,63.64,94.44,25.73,14.64,1.22,26.55,4.44,1.29,0.0,13.56
BOS,2023-12-08,22,11,24,13,24,76.92,69.23,95.83,4.31,16.46,3.34,7.0,2.75,0.83,0.92,3.13
BOS,2023-12-08,23,0,25,1,26,0.0,0.0,84.62,25.0,14.0,0.0,22.0,3.69,1.91,1.92,3.46
BOS,2023-12-09,0,1,7,1,9,100.0,100.0,100.0,0.0,13.0,0.0,0.0,3.56,1.43,2.22,0.0
BOS,2023-12-09,1,0,0,0,1,0.0,0.0,100.0,0.0,0.0,0.0,0.0,0.0,0.8,0.0,0.0
BOS,2023-12-09,3,0,0,0,0,0.0,0.0,0.0,0.0,0.0,0.0,0.0,0.0,0.0,0.0,0.0
BOS,2023-12-09,4,1,1,1,1,100.0,100.0,100.0,0.0,18.0,4.0,3.0,0.0,1.7,0.0,0.0
BOS,2023-12-09,5,12,3,13,5,92.31,92.31,80.0,2.92,17.15,3.38,5.23,0.4,3.3,0.2,9.8
BOS,2023-12-09,6,27,9,28,12,96.43,82.14,75.0,3.82,19.96,6.24,7.79,0.92,3.13,3.67,17.33
BOS,2023-12-09,7,42,14,43,13,93.02,90.7,100.0,4.19,18.86,4.55,6.67,1.62,2.26,1.46,1.08
BOS,2023-12-09,8,36,16,38,17,89.47,89.47,100.0,4.76,18.18,4.85,6.97,1.41,2.28,0.24,0.0
BOS,2023-12-09,9,31,21,39,23,87.18,87.18,82.61,3.62,17.13,3.93,5.13,4.22,2.21,2.87,8.22
BOS,2023-12-09,10,21,20,24,20,75.0,70.83,90.0,10.83,14.29,1.49,11.88,3.3,0.89,0.85,5.8
BOS,2023-12-09,11,21,20,21,21,76.19,76.19,95.24,13.1,14.71,1.69,14.29,3.33,0.78,1.29,1.71
BOS,2023-12-09,12,21,20,23,28,91.3,86.96,92.86,5.35,16.26,3.06,7.35,2.39,2.51,2.71,13.07
BOS,2023-12-09,13,19,30,22,31,95.45,95.45,93.55,6.73,12.77,1.02,6.82,4.81,1.76,2.29,6.48
BOS,2023-12-09,14,18,32,19,34,94.74,94.74,94.12,5.21,17.68,4.05,7.53,3.82,2.18,1.65,3.71
BOS,2023-12-09,15,27,35,30,37,86.67,80.0,81.08,5.0,15.5,2.53,6.73,6.35,2.65,3.35,10.35
BOS,2023-12-09,16,29,17,34,22,79.41,73.53,81.82,9.68,16.91,3.49,11.74,7.14,2.7,5.55,12.18
BOS,2023-12-09,17,21,31,22,37,95.45,95.45,81.08,5.64,16.14,2.6,6.36,5.38,1.84,2.65,14.73
BOS,2023-12-09,18,28,24,29,30,89.66,75.86,93.33,7.17,18.45,5.26,10.76,3.73,4.02,3.1,4.97
BOS,2023-12-09,19,16,25,18,26,77.78,77.78,84.62,17.0,15.78,2.18,17.11,3.73,2.75,0.92,8.73
BOS,2023-12-09,20,12,25,13,26,84.62,84.62,76.92,7.46,14.77,1.82,8.08,4.0,2.62,1.35,14.35
BOS,2023-12-09,21,10,15,10,17,80.0,70.0,82.35,12.6,14.1,1.82,13.3,1.76,1.65,1.06,7.59
BOS,2023-12-09,22,8,17,8,17,75.0,75.0,82.35,7.25,17.0,4.33,10.13,2.53,0.86,4.06,5.41
BOS,2023-12-09,23,0,15,1,16,100.0,100.0,81.25,0.0,15.0,1.6,1.0,1.69,1.17,0.0,10.0
BOS,2023-12-10,0,0,9,0,8,0.0,0.0,75.0,0.0,0.0,0.0,0.0,3.0,1.63,4.0,9.25
BOS,2023-12-10,1,0,1,0,0,0.0,0.0,0.0,0.0,0.0,0.0,0.0,0.0,0.0,0.0,0.0
BOS,2023-12-10,2,0,0,0,1,0.0,0.0,0.0,0.0,0.0,0.0,0.0,17.0,1.8,24.0,54.0
BOS,2023-12-10,3,0,0,0,0,0.0,0.0,0.0,0.0,0.0,0.0,0.0,0.0,0.0,0.0,0.0
BOS,2023-12-10,4,1,1,1,1,0.0,0.0,100.0,18.0,17.0,3.0,21.0,2.0,5.7,0.0,0.0
BOS,2023-12-10,5,16,7,17,6,88.24,88.24,66.67,3.35,16.24,2.91,5.12,1.67,6.63,2.33,17.5
BOS,2023-12-10,6,20,8,20,9,100.0,100.0,66.67,0.75,17.0,3.33,2.35,3.33,5.59,5.56,11.0
BOS,2023-12-10,7,49,12,51,11,92.16,76.47,81.82,4.27,21.53,7.36,9.71,2.18,12.08,3.18,3.27
BOS,2023-12-10,8,33,15,33,16,84.85,81.82,56.25,4.36,19.7,6.01,7.88,7.69,1.76,6.63,33.5
BOS,2023-12-10,9,21,20,29,27,82.76,79.31,66.67,7.83,16.55,3.36,10.28,19.81,1.2,19.56,32.89
BOS,2023-12-10,10,19,24,26,27,61.54,61.54,81.48,21.65,16.27,2.8,24.19,9.89,1.04,5.44,8.07
BOS,2023-12-10,11,28,29,38,38,73.68,71.05,78.95,19.68,17.24,3.9,22.13,9.55,3.81,6.89,16.08
BOS,2023-12-10,12,29,22,37,28,67.57,62.16,75.0,16.0,18.54,4.59,20.03,3.32,2.5,9.0,22.64
BOS,2023-12-10,13,19,31,22,27,72.73,68.18,96.3,9.86,18.64,5.13,13.64,4.85,3.74,2.3,3.07
BOS,2023-12-10,14,24,32,27,38,85.19,85.19,76.32,4.81,18.26,4.72,7.74,8.74,2.74,4.13,12.74
BOS,2023-12-10,15,29,32,29,32,79.31,72.41,71.88,14.0,20.41,6.4,19.03,8.03,2.38,3.91,12.69
BOS,2023-12-10,16,25,29,28,28,50.0,46.43,67.86,21.61,17.46,4.26,25.04,5.64,2.35,3.25,15.54
BOS,2023-12-10,17,38,38,40,39,52.5,42.5,56.41,25.13,21.58,7.52,31.77,6.03,4.06,6.97,29.46
BOS,2023-12-10,18,38,34,38,38,71.05,60.53,39.47,12.18,22.42,8.35,18.39,6.95,4.84,8.55,34.82
BOS,2023-12-10,19,28,25,27,27,48.15,48.15,40.74,36.33,19.04,5.08,40.37,8.22,3.75,7.04,27.22
BOS,2023-12-10,20,23,25,25,25,44.0,44.0,48.0,22.48,17.16,3.7,25.6,7.76,3.92,3.32,19.36
BOS,2023-12-10,21,15,20,14,20,42.86,35.71,45.0,21.71,15.29,1.81,23.21,4.45,5.4,6.2,34.7
BOS,2023-12-10,22,9,25,9,26,55.56,55.56,50.0,16.67,17.33,4.04,19.67,3.77,3.71,5.65,23.27
BOS,2023-12-10,23,0,27,0,28,0.0,0.0,53.57,0.0,0.0,0.0,0.0,8.0,2.3,6.39,32.96
BOS,2023-12-11,0,1,8,1,9,100.0,0.0,66.67,0.0,29.0,15.6,15.0,7.11,1.12,1.33,14.33
BOS,2023-12-11,1,0,1,0,1,0.0,0.0,0.0,0.0,0.0,0.0,0.0,0.0,1.8,0.0,82.0
BOS,2023-12-11,2,0,0,0,0,0.0,0.0,0.0,0.0,0.0,0.0,0.0,0.0,0.0,0.0,0.0
BOS,2023-12-11,4,0,2,0,1,0.0,0.0,0.0,0.0,0.0,0.0,0.0,0.0,1.8,5.0,83.0
BOS,2023-12-11,5,16,6,16,6,93.75,81.25,83.33,3.56,20.81,7.04,8.75,3.0,2.93,5.0,3.5
BOS,2023-12-11,6,31,8,31,9,96.77,74.19,77.78,22.35,25.16,10.9,29.19,1.67,6.26,0.89,11.89
BOS,2023-12-11,7,51,21,52,16,82.69,69.23,68.75,11.02,22.1,7.68,16.38,3.75,6.64,5.81,55.81
BOS,2023-12-11,8,39,22,34,19,82.35,76.47,73.68,10.62,22.0,8.26,15.68,4.53,4.96,11.16,13.63
BOS,2023-12-11,9,27,23,23,22,82.61,73.91,90.91,6.26,20.09,6.41,10.87,3.36,3.56,2.5,5.36
BOS,2023-12-11,10,22,23,23,24,82.61,82.61,91.67,10.48,17.65,3.75,12.96,5.08,1.17,3.38,4.13
BOS,2023-12-11,11,23,34,24,33,83.33,83.33,87.88,15.17,17.75,4.29,17.29,3.88,2.19,1.67,12.79
BOS,2023-12-11,12,32,21,31,20,77.42,74.19,100.0,15.32,17.23,3.61,17.16,3.2,1.92,0.5,0.7
BOS,2023-12-11,13,20,33,20,32,95.0,85.0,68.75,1.7,17.45,4.43,4.9,3.28,2.17,5.19,16.53
BOS,2023-12-11,14,25,32,25,39,76.0,76.0,79.49,17.96,17.8,4.4,20.76,4.85,1.55,3.41,11.28
BOS,2023-12-11,15,25,31,27,32,70.37,70.37,81.25,12.63,20.26,6.32,17.26,2.84,3.65,2.34,7.91
BOS,2023-12-11,16,29,26,31,32,87.1,80.65,84.38,5.0,17.55,4.73,8.23,2.44,3.47,2.41,12.78
BOS,2023-12-11,17,35,39,38,44,73.68,57.89,72.73,9.39,23.13,9.03,16.53,3.52,4.51,3.82,21.77
BOS,2023-12-11,18,36,32,38,35,84.21,73.68,91.43,15.26,23.68,9.65,21.82,3.11,3.99,1.74,3.69
BOS,2023-12-11,19,28,22,28,24,78.57,75.0,83.33,11.89,22.07,7.99,17.25,3.46,3.28,2.58,7.58
BOS,2023-12-11,20,20,22,20,23,75.0,75.0,73.91,23.4,19.95,5.89,27.15,2.87,2.96,1.04,18.09
BOS,2023-12-11,21,12,20,14,21,57.14,50.0,76.19,38.93,19.57,5.88,43.71,4.67,1.23,2.38,9.52
BOS,2023-12-11,22,9,25,14,26,64.29,50.0,57.69,27.36,20.07,6.6,33.64,4.35,1.15,4.19,27.0
BOS,2023-12-11,23,0,26,0,27,0.0,0.0,77.78,0.0,0.0,0.0,0.0,3.81,3.34,2.67,8.07
BOS,2023-12-12,0,1,6,2,8,50.0,50.0,75.0,13.0,17.0,3.6,17.0,2.63,1.5,0.0,13.5
BOS,2023-12-12,1,0,0,0,2,0.0,0.0,50.0,0.0,0.0,0.0,0.0,0.0,1.4,0.0,12.5
BOS,2023-12-12,2,0,0,1,0,0.0,0.0,0.0,41.0,17.0,0.4,41.0,0.0,0.0,0.0,0.0
BOS,2023-12-12,3,0,0,0,0,0.0,0.0,0.0,0.0,0.0,0.0,0.0,0.0,0.0,0.0,0.0
BOS,2023-12-12,4,0,1,0,4,0.0,0.0,50.0,0.0,0.0,0.0,0.0,1.5,3.25,7.75,15.25
BOS,2023-12-12,5,16,4,17,6,94.12,88.24,83.33,2.0,17.71,3.88,3.88,0.5,3.58,1.83,5.83
BOS,2023-12-12,6,28,7,30,15,93.33,76.67,86.67,1.93,24.1,9.98,7.97,1.6,8.67,2.6,6.67
BOS,2023-12-12,7,50,20,54,18,90.74,83.33,83.33,5.72,20.81,6.42,9.24,1.94,6.92,2.67,9.94
BOS,2023-12-12,8,34,22,38,24,94.74,86.84,79.17,2.47,20.39,6.85,5.97,4.63,2.88,3.54,13.04
BOS,2023-12-12,9,24,19,26,22,84.62,84.62,86.36,6.85,16.5,3.31,8.54,3.5,2.65,4.0,4.14
BOS,2023-12-12,10,20,24,23,30,82.61,73.91,86.67,6.87,17.35,3.62,9.04,4.53,2.01,2.87,7.37
BOS,2023-12-12,11,24,30,28,33,89.29,82.14,90.91,6.93,17.25,3.93,9.68,3.67,2.55,1.58,6.73
BOS,2023-12-12,12,27,19,30,25,86.67,86.67,88.0,7.2,16.0,2.58,8.6,3.84,3.5,1.76,6.64
BOS,2023-12-12,13,20,30,26,31,88.46,88.46,80.65,8.19,14.58,2.17,9.73,3.84,3.2,2.94,8.23
BOS,2023-12-12,14,23,30,25,34,88.0,84.0,91.18,6.08,16.4,3.37,7.76,3.03,2.53,1.41,6.24
BOS,2023-12-12,15,26,31,32,35,84.38,81.25,91.43,10.56,17.13,3.72,12.25,3.31,1.83,2.54,6.8
BOS,2023-12-12,16,29,25,31,27,93.55,87.1,96.3,4.19,16.0,2.6,5.84,2.63,3.22,0.3,3.19
BOS,2023-12-12,17,29,41,31,40,83.87,83.87,90.0,9.1,18.77,5.01,11.65,1.85,4.64,0.93,10.6
BOS,2023-12-12,18,37,29,40,32,92.5,75.0,93.75,2.88,22.13,8.42,8.23,3.38,4.49,0.81,3.25
BOS,2023-12-12,19,25,24,25,33,88.0,84.0,81.82,3.76,18.88,4.72,6.16,4.88,3.95,2.42,16.3
BOS,2023-12-12,20,18,22,19,24,78.95,78.95,75.0,13.0,16.05,2.81,15.0,4.67,2.82,1.08,12.88
BOS,2023-12-12,21,12,19,14,20,57.14,57.14,100.0,29.29,17.29,3.45,31.07,3.8,2.86,1.9,1.35
BOS,2023-12-12,22,11,23,15,23,80.0,80.0,95.65,5.4,15.33,2.41,6.27,2.78,0.91,0.17,1.17
BOS,2023-12-12,23,0,26,1,26,100.0,100.0,92.31,0.0,13.0,0.0,0.0,3.19,1.38,0.04,5.42
BOS,2023-12-13,0,0,6,1,6,0.0,0.0,83.33,39.0,15.0,1.0,40.0,0.0,1.05,0.0,6.83
BOS,2023-12-13,1,0,0,0,0,0.0,0.0,0.0,0.0,0.0,0.0,0.0,0.0,0.0,0.0,0.0
BOS,2023-12-13,4,0,1,0,3,0.0,0.0,66.67,0.0,0.0,0.0,0.0,1.67,3.1,3.0,10.33
BOS,2023-12-13,5,16,4,17,8,100.0,82.35,75.0,2.24,18.88,5.04,5.35,0.75,5.64,1.0,11.38
BOS,2023-12-13,6,28,8,31,11,90.32,67.74,81.82,5.06,24.48,10.35,11.42,3.18,7.65,4.91,8.64
BOS,2023-12-13,7,49,20,54,20,94.44,77.78,70.0,7.37,26.57,12.17,15.89,3.45,4.01,7.0,11.55
BOS,2023-12-13,8,35,22,40,21,92.5,80.0,80.95,5.43,23.1,9.62,11.0,4.62,2.81,4.71,10.24
BOS,2023-12-13,9,25,20,29,22,96.55,89.66,100.0,2.31,18.52,5.13,5.59,4.95,1.31,0.73,0.77
BOS,2023-12-13,10,21,25,22,29,81.82,81.82,93.1,13.05,19.86,5.92,16.55,3.9,1.41,0.97,5.34
BOS,2023-12-13,11,26,32,29,35,96.55,93.1,88.57,5.34,17.34,4.23,6.59,6.89,2.04,2.49,5.29
BOS,2023-12-13,12,26,19,29,22,93.1,93.1,95.45,4.17,18.86,5.12,7.03,3.36,1.31,3.64,2.27
BOS,2023-12-13,13,20,30,23,33,73.91,69.57,75.76,20.48,17.52,4.27,23.7,3.61,2.44,3.85,14.79
BOS,2023-12-13,14,25,33,30,35,100.0,96.67,74.29,0.0,16.5,3.56,1.6,3.66,2.73,4.03,8.66
BOS,2023-12-13,15,27,32,31,35,80.65,70.97,91.43,8.45,20.16,6.27,13.23,3.03,2.48,1.63,7.57
BOS,2023-12-13,16,27,26,31,29,83.87,67.74,93.1,10.29,19.68,6.21,15.29,2.31,3.9,1.97,2.38
BOS,2023-12-13,17,31,40,34,41,88.24,79.41,90.24,5.03,21.26,7.56,10.47,1.73,4.03,1.37,4.93
BOS,2023-12-13,18,36,29,36,34,86.11,72.22,91.18,7.53,21.78,7.67,12.81,2.35,3.55,1.15,4.32
BOS,2023-12-13,19,27,25,29,28,89.66,82.76,82.14,4.31,20.83,6.34,8.07,5.21,3.7,4.07,7.11
BOS,2023-12-13,20,18,22,18,26,66.67,61.11,84.62,70.78,17.28,3.37,73.17,6.38,2.04,3.0,5.88
BOS,2023-12-13,21,12,19,13,21,84.62,76.92,85.71,6.69,16.69,3.46,9.85,3.43,3.1,2.9,4.71
BOS,2023-12-13,22,10,25,15,26,80.0,60.0,84.62,5.8,19.67,6.13,11.27,2.92,2.16,0.88,6.31
BOS,2023-12-13,23,0,23,1,24,100.0,100.0,75.0,0.0,11.0,0.0,0.0,3.21,1.63,3.88,13.5
BOS,2023-12-14,0,1,8,2,7,100.0,100.0,57.14,0.0,19.5,6.1,5.5,3.0,0.89,3.43,24.14
BOS,2023-12-14,1,0,1,0,0,0.0,0.0,0.0,0.0,0.0,0.0,0.0,0.0,0.0,0.0,0.0
BOS,2023-12-14,3,0,0,0,0,0.0,0.0,0.0,0.0,0.0,0.0,0.0,0.0,0.0,0.0,0.0
BOS,2023-12-14,4,1,1,1,5,0.0,0.0,60.0,16.0,14.0,0.0,16.0,1.8,2.04,2.4,21.8
BOS,2023-12-14,5,16,6,17,6,82.35,82.35,66.67,4.35,18.65,5.08,8.29,1.5,2.58,10.33,16.83
BOS,2023-12-14,6,29,7,31,14,87.1,83.87,57.14,3.0,21.23,7.16,7.68,1.71,6.6,6.5,12.0
BOS,2023-12-14,7,51,19,54,19,87.04,83.33,89.47,4.78,20.94,6.53,9.44,2.11,6.47,1.68,10.89
BOS,2023-12-14,8,37,23,40,23,87.5,80.0,78.26,6.65,17.98,4.86,9.9,4.22,3.25,5.43,10.87
BOS,2023-12-14,9,25,21,30,25,86.67,73.33,88.0,3.87,17.4,4.07,6.9,2.88,2.36,3.6,4.68
BOS,2023-12-14,10,23,25,28,30,82.14,75.0,76.67,5.68,18.68,4.72,9.21,3.27,1.55,3.2,13.9
BOS,2023-12-14,11,25,36,29,39,93.1,93.1,87.18,5.93,19.62,5.98,10.03,3.03,1.09,2.95,4.51
BOS,2023-12-14,12,30,22,33,22,78.79,75.76,86.36,14.42,16.36,2.8,16.42,2.23,1.94,1.14,17.14
BOS,2023-12-14,13,21,31,23,35,82.61,82.61,80.0,13.96,15.7,2.96,15.57,3.37,3.33,5.03,7.06
BOS,2023-12-14,14,26,32,30,36,76.67,73.33,86.11,12.17,16.8,3.52,14.1,4.22,1.8,3.11,10.42
BOS,2023-12-14,15,26,29,29,32,82.76,72.41,68.75,7.93,18.1,4.7,11.03,3.13,2.01,4.41,12.13
BOS,2023-12-14,16,25,30,29,34,65.52,58.62,76.47,22.69,18.72,5.17,27.28,3.32,2.18,6.47,13.32
BOS,2023-12-14,17,36,38,42,40,66.67,52.38,70.0,21.21,23.62,9.71,29.45,3.85,6.24,10.58,16.15
BOS,2023-12-14,18,40,34,43,38,62.79,48.84,73.68,22.14,22.65,8.58,30.21,2.84,5.72,6.11,12.16
BOS,2023-12-14,19,26,21,28,25,75.0,64.29,76.0,12.5,19.75,5.53,16.46,23.12,4.9,23.08,33.64
BOS,2023-12-14,20,22,24,26,27,61.54,61.54,74.07,24.15,17.65,4.03,27.23,4.7,3.23,4.37,10.52
BOS,2023-12-14,21,12,20,15,21,60.0,60.0,85.71,15.93,16.8,3.37,17.53,3.48,2.29,5.29,11.43
BOS,2023-12-14,22,9,24,13,26,100.0,92.31,65.38,1.0,17.85,4.53,4.69,3.0,1.95,5.23,26.38
BOS,2023-12-14,23,1,25,3,26,66.67,33.33,88.46,15.0,22.33,7.8,22.67,2.19,1.53,5.42,9.04
BOS,2023-12-15,0,0,13,1,8,100.0,100.0,100.0,0.0,29.0,12.4,12.0,0.63,2.13,4.0,2.75
BOS,2023-12-15,1,0,2,0,2,0.0,0.0,0.0,0.0,0.0,0.0,0.0,0.0,1.3,0.0,28.0
BOS,2023-12-15,2,0,0,0,0,0.0,0.0,0.0,0.0,0.0,0.0,0.0,0.0,0.0,0.0,0.0
BOS,2023-12-15,4,1,0,1,3,100.0,100.0,66.67,5.0,19.0,5.0,10.0,0.0,2.77,7.67,16.0
BOS,2023-12-15,5,17,5,18,7,100.0,100.0,85.71,1.94,14.89,1.54,2.67,0.14,2.3,4.14,5.57
BOS,2023-12-15,6,34,11,37,15,86.49,86.49,80.0,30.03,18.0,3.95,32.3,2.2,1.84,1.4,5.47
BOS,2023-12-15,7,48,17,50,18,88.0,84.0,77.78,10.66,19.36,5.01,13.7,3.22,3.64,4.78,6.39
BOS,2023-12-15,8,31,26,40,26,85.0,85.0,80.77,6.45,16.8,3.75,8.88,2.42,2.38,4.15,7.69
BOS,2023-12-15,9,28,23,29,28,79.31,79.31,78.57,11.38,15.48,2.49,12.38,5.11,3.25,4.21,14.36
BOS,2023-12-15,10,25,26,27,26,88.89,88.89,88.46,9.56,14.63,1.61,10.19,3.35,1.77,2.38,14.62
BOS,2023-12-15,11,25,32,31,34,80.65,77.42,85.29,16.29,16.45,3.16,18.65,2.21,1.74,1.74,14.91
BOS,2023-12-15,12,30,20,32,25,75.0,68.75,92.0,22.25,16.47,3.01,24.22,7.84,1.63,5.52,6.52
BOS,2023-12-15,13,26,37,27,41,85.19,81.48,68.29,11.85,15.74,2.92,13.41,3.59,1.85,3.15,24.54
BOS,2023-12-15,14,24,32,32,37,65.63,62.5,86.49,22.5,17.16,3.97,24.69,3.76,2.15,3.54,9.49
BOS,2023-12-15,15,26,29,29,33,79.31,75.86,81.82,10.62,18.83,4.99,14.21,2.73,3.91,3.03,8.67
BOS,2023-12-15,16,22,32,28,34,75.0,64.29,85.29,13.07,17.93,5.31,17.68,3.12,2.27,2.29,5.94
BOS,2023-12-15,17,41,35,43,40,76.74,51.16,77.5,11.23,28.37,14.47,23.84,1.88,4.4,2.65,19.98
BOS,2023-12-15,18,40,32,43,37,72.09,34.88,78.38,20.21,27.98,13.91,32.6,4.19,5.42,5.7,21.35
BOS,2023-12-15,19,22,26,23,28,78.26,69.57,82.14,12.74,19.87,5.8,16.17,3.07,3.96,1.07,6.21
BOS,2023-12-15,20,21,21,21,22,76.19,76.19,81.82,11.19,19.24,5.16,13.76,2.86,2.89,1.77,16.05
BOS,2023-12-15,21,17,25,18,26,38.89,38.89,88.46,24.72,16.94,3.25,27.72,2.62,2.08,1.46,7.5
BOS,2023-12-15,22,10,26,15,26,93.33,73.33,84.62,4.93,18.8,5.54,9.67,2.0,2.01,1.5,12.31
BOS,2023-12-15,23,2,28,2,30,50.0,50.0,76.67,62.0,15.0,1.0,63.0,1.47,2.53,2.2,12.43
BOS,2023-12-16,0,1,13,2,14,100.0,100.0,71.43,0.0,18.0,4.6,1.0,1.07,3.6,1.14,12.79
BOS,2023-12-16,1,0,2,0,2,0.0,0.0,100.0,0.0,0.0,0.0,0.0,0.5,3.75,0.0,0.5
BOS,2023-12-16,2,0,0,0,0,0.0,0.0,0.0,0.0,0.0,0.0,0.0,0.0,0.0,0.0,0.0
BOS,2023-12-16,4,1,0,1,0,0.0,0.0,0.0,86.0,24.0,10.0,96.0,0.0,0.0,0.0,0.0
BOS,2023-12-16,5,14,4,15,8,93.33,93.33,62.5,8.4,17.07,3.19,10.6,1.25,2.99,4.25,16.5
BOS,2023-12-16,6,27,9,27,15,88.89,70.37,100.0,6.19,23.15,9.24,13.78,1.47,4.15,3.67,3.07
BOS,2023-12-16,7,43,11,46,11,86.96,82.61,81.82,6.0,20.13,5.85,9.72,1.36,2.55,2.82,3.64
BOS,2023-12-16,8,34,15,35,19,85.71,80.0,78.95,9.63,18.63,5.29,13.54,1.74,2.16,1.84,7.16
BOS,2023-12-16,9,29,18,36,20,80.56,80.56,85.0,14.64,16.08,3.17,16.64,3.3,2.88,1.35,12.8
BOS,2023-12-16,10,21,20,23,21,82.61,82.61,85.71,9.61,13.22,0.75,10.22,2.33,1.78,1.95,4.81
BOS,2023-12-16,11,20,21,24,23,79.17,70.83,95.65,17.29,13.38,1.51,18.04,1.43,2.7,0.3,1.43
BOS,2023-12-16,12,23,19,25,21,76.0,72.0,95.24,19.76,14.48,1.68,21.12,2.29,2.47,1.29,7.38
BOS,2023-12-16,13,23,31,25,33,76.0,76.0,90.91,19.76,13.16,1.14,20.08,2.39,2.31,0.94,5.33
BOS,2023-12-16,14,17,34,20,37,80.0,75.0,78.38,12.4,14.8,2.51,14.2,2.03,3.59,1.97,16.03
BOS,2023-12-16,15,27,24,28,28,75.0,78.57,78.57,12.32,13.57,1.42,12.39,2.68,3.75,2.82,8.86
BOS,2023-12-16,16,21,28,25,33,76.0,72.0,87.88,21.0,14.68,2.5,22.68,3.15,3.9,2.42,12.94
BOS,2023-12-16,17,29,31,29,32,75.86,62.07,90.63,25.97,19.1,5.67,30.59,1.5,4.08,1.88,6.66
BOS,2023-12-16,18,31,20,33,23,81.82,78.79,78.26,10.48,15.79,2.69,12.24,3.7,3.73,1.43,12.04
BOS,2023-12-16,19,20,20,21,23,71.43,76.19,82.61,18.43,15.52,1.75,19.0,2.3,5.92,1.65,10.78
BOS,2023-12-16,20,9,30,10,30,60.0,60.0,60.0,19.1,17.5,3.45,21.3,2.27,7.44,2.77,30.43
BOS,2023-12-16,21,15,15,15,16,40.0,40.0,75.0,48.33,14.67,1.61,49.47,3.56,5.61,2.75,13.13
BOS,2023-12-16,22,7,21,8,21,75.0,75.0,57.14,9.0,14.63,1.85,10.5,1.95,3.63,0.86,40.48
BOS,2023-12-16,23,2,18,2,18,50.0,50.0,88.89,35.0,14.5,1.8,36.0,3.06,3.15,0.89,6.72
BOS,2023-12-17,0,0,13,1,13,0.0,0.0,53.85,64.0,15.0,1.0,65.0,1.15,2.16,2.54,24.62
BOS,2023-12-17,1,0,3,1,2,0.0,0.0,100.0,41.0,13.0,0.0,40.0,0.0,1.25,0.0,0.0
BOS,2023-12-17,2,0,0,0,2,0.0,0.0,100.0,0.0,0.0,0.0,0.0,0.0,0.85,0.0,0.0
BOS,2023-12-17,3,0,0,0,0,0.0,0.0,0.0,0.0,0.0,0.0,0.0,0.0,0.0,0.0,0.0
BOS,2023-12-17,4,1,0,1,1,0.0,0.0,0.0,38.0,16.0,2.0,40.0,12.0,2.8,17.0,18.0
BOS,2023-12-17,5,15,6,15,7,80.0,80.0,85.71,3.8,15.27,2.57,5.6,2.71,4.06,4.29,6.43
BOS,2023-12-17,6,24,10,25,9,88.0,84.0,100.0,8.48,18.52,4.84,12.2,2.67,4.13,0.33,0.78
BOS,2023-12-17,7,46,9,47,9,95.74,87.23,100.0,2.36,18.28,4.55,5.64,1.33,6.32,0.0,1.0
BOS,2023-12-17,8,26,21,26,19,84.62,88.46,84.21,4.04,16.08,2.97,5.54,1.89,3.0,0.21,12.84
BOS,2023-12-17,9,29,21,35,24,88.57,85.71,87.5,5.46,16.51,3.34,7.57,5.33,3.95,2.5,9.92
BOS,2023-12-17,10,23,26,25,25,80.0,72.0,92.0,13.28,14.72,2.26,14.56,4.24,2.48,0.8,2.52
BOS,2023-12-17,11,30,22,31,23,90.32,90.32,73.91,4.35,13.52,1.22,4.77,3.09,4.13,4.61,9.57
BOS,2023-12-17,12,23,22,26,24,76.92,76.92,87.5,9.81,14.73,2.39,11.42,2.17,3.57,1.63,6.0
BOS,2023-12-17,13,25,30,27,31,85.19,77.78,80.65,12.74,14.48,2.49,14.33,3.58,2.54,1.87,15.13
BOS,2023-12-17,14,22,32,22,36,77.27,72.73,69.44,17.82,17.41,5.23,22.32,4.72,3.29,2.64,16.25
BOS,2023-12-17,15,22,27,23,32,73.91,65.22,75.0,16.09,16.09,3.12,18.57,3.66,2.9,2.84,8.53
BOS,2023-12-17,16,20,30,22,32,81.82,72.73,71.88,8.73,20.45,7.32,15.45,3.5,4.97,2.88,17.34
BOS,2023-12-17,17,43,40,49,41,63.27,46.94,68.29,24.57,22.57,8.81,32.49,3.56,7.14,4.12,23.24
BOS,2023-12-17,18,39,28,40,30,60.0,47.5,80.0,28.7,23.13,9.17,37.03,2.23,9.81,3.63,10.3
BOS,2023-12-17,19,24,23,24,31,70.83,58.33,64.52,19.38,22.46,8.48,24.92,3.16,6.37,4.84,14.26
BOS,2023-12-17,20,18,25,20,28,55.0,50.0,78.57,38.6,18.1,4.81,42.05,4.25,6.11,3.71,18.64
BOS,2023-12-17,21,19,24,21,24,38.1,38.1,62.5,39.0,17.14,3.85,42.0,3.46,6.76,2.58,16.79
BOS,2023-12-17,22,8,23,8,23,62.5,37.5,69.57,15.13,21.0,7.38,22.25,2.48,5.51,3.09,24.17
BOS,2023-12-17,23,2,26,4,26,25.0,0.0,65.38,44.0,16.75,3.15,47.0,3.62,2.34,0.62,23.58
BOS,2023-12-18,0,1,11,1,13,100.0,100.0,61.54,0.0,16.0,2.6,0.0,3.46,5.23,3.54,29.54
BOS,2023-12-18,1,0,3,0,3,0.0,0.0,33.33,0.0,0.0,0.0,0.0,0.33,5.1,0.0,65.67
BOS,2023-12-18,2,0,0,1,1,100.0,100.0,100.0,0.0,13.0,0.0,0.0,7.0,2.8,0.0,0.0
BOS,2023-12-18,3,0,0,0,0,0.0,0.0,0.0,0.0,0.0,0.0,0.0,0.0,0.0,0.0,0.0
BOS,2023-12-18,4,1,1,1,1,0.0,0.0,100.0,89.0,19.0,5.0,94.0,2.0,3.8,10.0,8.0
BOS,2023-12-18,5,17,5,17,5,82.35,70.59,60.0,6.88,18.59,4.84,10.29,1.4,2.66,4.8,16.8
BOS,2023-12-18,6,30,10,30,11,76.67,70.0,72.73,9.97,19.93,6.18,15.1,2.64,7.26,5.82,13.45
BOS,2023-12-18,7,49,17,45,10,77.78,66.67,60.0,23.33,19.8,5.57,28.13,34.8,6.13,36.5,51.6
BOS,2023-12-18,8,30,21,26,13,69.23,61.54,61.54,58.15,18.23,4.02,61.42,64.77,4.72,67.62,85.15
BOS,2023-12-18,9,30,20,21,11,57.14,57.14,27.27,52.14,15.1,1.97,53.24,171.91,3.39,171.55,197.09
BOS,2023-12-18,10,21,26,11,19,9.09,9.09,0.0,253.91,20.36,6.1,259.91,131.32,4.53,133.68,263.42
BOS,2023-12-18,11,27,29,13,21,0.0,0.0,9.52,283.77,22.0,7.97,291.46,81.43,3.73,91.95,244.43
BOS,2023-12-18,12,26,20,17,15,5.88,5.88,6.67,219.29,19.82,5.65,225.0,26.33,5.45,31.27,160.73
BOS,2023-12-18,13,25,30,11,28,0.0,0.0,10.71,178.36,20.36,6.13,184.27,22.79,2.98,27.36,108.75
BOS,2023-12-18,14,24,31,13,32,15.38,15.38,25.0,110.38,17.92,4.02,114.46,5.13,5.64,9.19,109.41
BOS,2023-12-18,15,18,28,18,23,22.22,22.22,30.43,128.06,25.22,11.4,139.44,6.87,6.21,11.61,86.57
BOS,2023-12-18,16,22,29,16,25,12.5,12.5,24.0,115.88,20.0,5.84,121.44,4.32,7.44,16.84,115.88
BOS,2023-12-18,17,39,38,32,28,21.88,15.63,25.0,102.75,22.13,7.75,110.34,3.04,5.4,8.39,93.82
BOS,2023-12-18,18,37,29,31,23,22.58,19.35,13.04,109.32,18.84,4.85,113.74,5.26,8.0,11.04,75.83
BOS,2023-12-18,19,25,18,22,22,13.64,9.09,18.18,71.95,21.36,7.05,78.64,4.82,2.45,7.68,74.18
BOS,2023-12-18,20,15,22,12,20,16.67,16.67,45.0,64.83,21.0,6.67,71.17,3.45,2.77,3.05,83.9
BOS,2023-12-18,21,17,22,16,18,50.0,18.75,38.89,46.38,24.94,11.31,57.5,2.17,3.77,5.44,64.61
BOS,2023-12-18,22,8,24,13,27,61.54,46.15,40.74,15.23,22.31,8.78,23.08,2.41,1.71,2.7,64.74
BOS,2023-12-18,23,2,27,2,27,0.0,0.0,59.26,87.5,14.0,1.5,87.5,3.3,1.48,1.67,36.37
BOS,2023-12-19,0,1,11,2,10,0.0,0.0,30.0,38.0,14.5,1.5,39.0,1.7,1.53,2.1,127.6
BOS,2023-12-19,1,0,3,0,3,0.0,0.0,66.67,0.0,0.0,0.0,0.0,0.0,2.17,0.0,17.33
BOS,2023-12-19,2,0,0,1,0,100.0,100.0,0.0,0.0,12.0,0.0,0.0,0.0,0.0,0.0,0.0
BOS,2023-12-19,3,0,0,0,0,0.0,0.0,0.0,0.0,0.0,0.0,0.0,0.0,0.0,0.0,0.0
BOS,2023-12-19,4,1,0,1,3,0.0,0.0,66.67,31.0,15.0,1.0,32.0,0.0,0.77,0.33,12.0
BOS,2023-12-19,5,17,5,17,10,64.71,64.71,40.0,29.0,16.88,3.16,31.41,1.1,2.75,6.8,33.7
BOS,2023-12-19,6,28,9,30,14,76.67,76.67,64.29,8.93,18.57,4.84,12.13,1.36,3.46,1.79,24.93
BOS,2023-12-19,7,46,16,48,16,77.08,70.83,81.25,18.54,20.4,6.08,23.21,3.81,6.0,2.88,18.13
BOS,2023-12-19,8,30,19,35,19,88.57,88.57,63.16,14.8,16.37,2.8,16.34,2.26,2.57,2.47,17.74
BOS,2023-12-19,9,26,18,31,22,80.65,80.65,86.36,9.77,15.26,2.12,10.68,3.73,2.95,2.55,5.77
BOS,2023-12-19,10,24,27,27,29,51.85,51.85,82.76,29.11,15.96,2.25,30.26,5.45,2.08,3.97,27.1
BOS,2023-12-19,11,28,26,30,30,63.33,63.33,66.67,15.8,15.73,2.56,17.53,3.73,1.93,3.73,10.7
BOS,2023-12-19,12,23,20,26,25,69.23,65.38,88.0,12.38,14.77,1.89,13.42,3.6,1.92,1.12,4.88
BOS,2023-12-19,13,24,29,24,25,58.33,58.33,76.0,21.17,17.33,4.19,24.25,4.8,2.42,4.36,10.36
BOS,2023-12-19,14,23,32,26,37,76.92,69.23,81.08,14.69,16.81,3.72,16.92,3.08,3.2,2.22,8.65
BOS,2023-12-19,15,22,29,28,30,71.43,71.43,80.0,11.79,14.32,1.54,12.68,2.27,1.9,0.8,10.53
BOS,2023-12-19,16,21,27,21,28,71.43,61.9,82.14,16.57,18.38,5.38,21.1,1.86,2.2,2.04,17.61
BOS,2023-12-19,17,37,42,38,49,65.79,52.63,71.43,18.5,22.92,8.81,25.47,3.18,3.72,3.8,23.57
BOS,2023-12-19,18,39,27,41,30,65.85,56.1,73.33,24.27,19.44,5.54,28.61,3.03,2.1,2.53,11.87
BOS,2023-12-19,19,24,21,24,26,66.67,50.0,80.77,16.71,21.17,6.88,22.25,4.81,4.12,4.62,16.88
BOS,2023-12-19,20,17,23,17,25,58.82,52.94,76.0,32.41,19.94,5.71,37.06,4.2,6.26,4.6,16.12
BOS,2023-12-19,21,17,22,20,25,45.0,40.0,72.0,33.65,18.25,4.8,38.15,3.76,4.77,3.64,23.52
BOS,2023-12-19,22,11,26,17,26,76.47,64.71,69.23,11.29,21.35,7.7,17.29,3.0,1.08,1.42,14.38
BOS,2023-12-19,23,2,27,3,28,33.33,33.33,67.86,55.33,18.67,4.87,60.33,3.14,2.92,4.36,20.32
BOS,2023-12-20,0,0,12,2,12,50.0,50.0,75.0,9.5,15.5,2.5,12.0,3.58,4.52,9.08,9.0
BOS,2023-12-20,1,0,3,1,3,0.0,0.0,33.33,26.0,20.0,6.6,33.0,0.0,2.1,0.0,113.0
BOS,2023-12-20,2,0,0,0,0,0.0,0.0,0.0,0.0,0.0,0.0,0.0,0.0,0.0,0.0,0.0
BOS,2023-12-20,3,0,0,0,0,0.0,0.0,0.0,0.0,0.0,0.0,0.0,0.0,0.0,0.0,0.0
BOS,2023-12-20,4,1,0,1,3,0.0,0.0,33.33,96.0,24.0,10.0,106.0,0.33,1.53,0.33,32.67
BOS,2023-12-20,5,18,4,20,7,75.0,40.0,57.14,15.7,21.9,7.98,23.45,0.14,3.84,3.14,29.57
BOS,2023-12-20,6,31,10,34,13,85.29,67.65,76.92,11.59,21.97,8.09,18.53,0.85,4.31,1.62,10.77
BOS,2023-12-20,7,43,17,47,15,87.23,59.57,66.67,6.49,25.49,10.87,15.11,4.4,3.49,7.13,10.07
BOS,2023-12-20,8,30,20,34,22,73.53,70.59,68.18,13.35,18.53,4.51,16.38,2.73,2.4,3.95,22.45
BOS,2023-12-20,9,28,20,31,23,80.65,67.74,82.61,8.23,20.16,6.62,13.81,3.96,3.04,4.78,6.78
BOS,2023-12-20,10,24,29,31,29,80.65,64.52,96.55,14.58,22.19,8.36,22.16,3.72,2.9,4.83,3.9
BOS,2023-12-20,11,32,28,34,28,82.35,67.65,92.86,10.53,21.41,7.64,16.18,2.46,2.53,2.64,4.64
BOS,2023-12-20,12,23,20,24,26,91.67,91.67,84.62,3.71,17.75,4.13,5.92,2.92,2.1,2.58,4.88
BOS,2023-12-20,13,25,30,28,29,78.57,78.57,75.86,6.86,17.57,4.27,9.61,3.83,1.5,4.07,11.93
BOS,2023-12-20,14,21,30,24,33,83.33,83.33,87.88,14.0,17.54,4.08,17.33,2.18,2.82,1.58,6.97
BOS,2023-12-20,15,24,26,25,27,92.0,88.0,85.19,8.8,15.8,2.3,10.04,2.0,3.75,1.0,7.33
BOS,2023-12-20,16,23,33,27,36,66.67,59.26,77.78,13.07,16.63,4.19,16.67,2.42,2.36,1.89,15.11
BOS,2023-12-20,17,37,39,39,41,69.23,53.85,87.8,13.87,24.05,10.27,21.85,3.29,2.51,2.9,10.73
BOS,2023-12-20,18,43,28,43,33,86.05,67.44,84.85,6.67,22.77,9.13,13.88,3.06,3.18,3.82,7.12
BOS,2023-12-20,19,26,21,27,26,81.48,70.37,76.92,8.93,22.0,7.71,14.15,2.88,2.91,1.73,8.12
BOS,2023-12-20,20,16,23,18,26,77.78,72.22,84.62,16.61,17.39,3.72,18.72,3.19,2.08,1.69,19.5
BOS,2023-12-20,21,17,25,20,26,70.0,65.0,80.77,31.7,17.3,3.93,34.25,2.58,5.15,4.19,9.35
BOS,2023-12-20,22,9,28,13,28,84.62,76.92,67.86,8.54,22.08,8.7,16.08,1.64,2.33,3.36,10.89
BOS,2023-12-20,23,2,27,3,28,66.67,0.0,89.29,6.0,26.0,12.2,18.33,1.68,1.3,1.61,21.89
BOS,2023-12-21,0,1,15,2,12,100.0,100.0,75.0,0.0,19.0,6.3,4.5,1.25,0.8,0.08,10.25
BOS,2023-12-21,1,0,3,0,3,0.0,0.0,100.0,0.0,0.0,0.0,0.0,0.0,2.43,0.0,0.0
BOS,2023-12-21,2,0,0,0,0,0.0,0.0,0.0,0.0,0.0,0.0,0.0,0.0,0.0,0.0,0.0
BOS,2023-12-21,4,1,0,1,4,100.0,100.0,75.0,0.0,18.0,4.0,3.0,0.25,1.45,0.5,25.25
BOS,2023-12-21,5,17,6,18,9,88.89,83.33,44.44,4.22,19.0,5.09,7.61,6.33,5.11,8.89,35.89
BOS,2023-12-21,6,33,9,36,13,88.89,75.0,53.85,9.22,22.22,8.26,15.44,1.08,3.3,1.92,14.46
BOS,2023-12-21,7,41,15,42,14,83.33,59.52,78.57,14.69,23.21,8.56,21.31,3.21,5.11,4.36,5.36
BOS,2023-12-21,8,33,20,37,22,75.68,62.16,86.36,16.65,20.73,6.76,21.41,2.55,3.89,2.18,4.32
BOS,2023-12-21,9,30,23,34,25,85.29,79.41,88.0,3.88,19.12,5.8,8.47,4.56,2.1,3.8,6.4
BOS,2023-12-21,10,26,27,29,28,68.97,68.97,92.86,12.9,18.21,4.33,15.76,4.79,1.88,3.18,3.86
BOS,2023-12-21,11,28,31,30,31,83.33,76.67,83.87,8.73,19.77,5.89,12.57,3.61,1.64,2.32,16.1
BOS,2023-12-21,12,25,21,28,24,71.43,67.86,83.33,42.04,14.61,1.86,43.32,1.92,1.98,0.54,6.5
BOS,2023-12-21,13,26,29,25,28,84.0,68.0,92.86,11.36,17.72,4.62,14.4,2.64,1.78,1.32,4.36
BOS,2023-12-21,14,19,31,20,34,85.0,85.0,91.18,5.45,14.35,1.53,6.15,3.41,1.46,0.82,2.82
BOS,2023-12-21,15,27,27,27,26,88.89,77.78,84.62,5.41,18.7,4.96,9.33,2.77,2.54,2.19,5.5
BOS,2023-12-21,16,21,35,22,39,86.36,86.36,92.31,4.86,16.41,4.05,7.95,2.44,2.12,1.51,3.77
BOS,2023-12-21,17,41,36,45,35,80.0,64.44,82.86,8.87,21.93,8.09,15.18,2.4,4.2,1.77,15.83
BOS,2023-12-21,18,41,32,42,38,78.57,54.76,89.47,13.07,23.57,9.6,21.14,1.53,4.18,1.89,6.61
BOS,2023-12-21,19,27,19,28,22,78.57,78.57,95.45,9.71,18.32,4.23,11.32,1.77,2.23,1.73,1.18
BOS,2023-12-21,20,18,25,19,27,73.68,73.68,70.37,13.42,17.42,3.31,15.84,2.0,5.53,5.19,17.37
BOS,2023-12-21,21,17,24,20,25,55.0,55.0,76.0,21.85,18.2,4.79,26.0,2.92,4.06,1.8,18.32
BOS,2023-12-21,22,10,27,13,28,76.92,69.23,85.71,6.54,18.46,5.11,11.23,2.36,2.92,2.0,8.11
BOS,2023-12-21,23,2,28,4,28,75.0,75.0,67.86,19.25,17.25,3.7,23.25,1.5,4.99,5.25,12.0
BOS,2023-12-22,0,0,16,1,15,0.0,0.0,86.67,69.0,17.0,3.0,72.0,0.33,3.1,1.6,6.0
BOS,2023-12-22,1,0,3,0,3,0.0,0.0,100.0,0.0,0.0,0.0,0.0,0.67,3.1,2.33,0.0
BOS,2023-12-22,2,0,0,1,1,100.0,100.0,100.0,0.0,13.0,0.0,0.0,0.0,3.8,0.0,0.0
BOS,2023-12-22,4,1,0,1,2,100.0,100.0,50.0,12.0,14.0,0.0,12.0,0.0,0.4,0.0,10.0
BOS,2023-12-22,5,17,5,18,7,88.89,77.78,57.14,16.72,18.89,5.11,20.56,13.0,3.24,16.71,40.29
BOS,2023-12-22,6,33,11,35,16,88.57,74.29,56.25,7.11,24.34,10.41,14.43,0.63,4.07,2.5,18.63
BOS,2023-12-22,7,45,16,47,15,78.72,63.83,73.33,10.85,22.51,7.98,17.62,4.6,4.35,1.67,15.73
BOS,2023-12-22,8,32,21,34,18,79.41,73.53,77.78,10.62,19.74,5.68,14.06,3.06,3.46,1.61,7.78
BOS,2023-12-22,9,29,25,25,24,84.0,84.0,91.67,4.8,18.76,5.0,7.8,3.54,2.7,1.29,5.0
BOS,2023-12-22,10,26,29,28,30,85.71,78.57,90.0,7.25,17.61,4.11,10.14,2.63,3.74,3.33,4.8
BOS,2023-12-22,11,28,29,31,28,77.42,74.19,89.29,8.45,19.29,5.52,12.84,2.54,3.28,1.21,2.96
BOS,2023-12-22,12,26,19,30,24,70.0,66.67,91.67,14.3,15.03,2.22,16.17,2.0,1.53,0.08,4.46
BOS,2023-12-22,13,25,30,29,29,79.31,75.86,79.31,20.9,14.28,1.69,22.17,1.0,3.07,3.66,6.59
BOS,2023-12-22,14,18,35,19,38,73.68,73.68,71.05,7.84,14.0,1.59,8.21,2.03,3.72,3.34,15.34
BOS,2023-12-22,15,29,25,35,28,74.29,74.29,75.0,15.23,14.23,1.85,16.06,0.93,3.59,2.54,20.14
BOS,2023-12-22,16,22,34,22,36,68.18,72.73,88.89,18.91,14.05,2.52,20.73,1.39,3.44,0.61,7.19
BOS,2023-12-22,17,42,35,43,39,69.77,65.12,82.05,12.53,17.02,3.69,15.58,2.97,5.11,3.26,12.77
BOS,2023-12-22,18,39,30,42,33,78.57,71.43,90.91,10.9,16.48,3.22,13.26,2.85,4.8,3.61,6.85
BOS,2023-12-22,19,27,26,28,32,82.14,71.43,81.25,10.82,21.32,7.23,16.07,2.28,6.39,2.69,14.13
BOS,2023-12-22,20,19,21,20,22,80.0,80.0,77.27,8.55,16.95,2.8,10.25,4.45,3.48,3.05,12.27
BOS,2023-12-22,21,17,24,17,23,47.06,41.18,65.22,24.06,16.65,3.31,26.53,2.87,2.53,1.35,17.22
BOS,2023-12-22,22,10,28,14,31,78.57,78.57,64.52,9.0,15.57,3.33,11.21,2.68,1.46,2.29,14.32
BOS,2023-12-22,23,2,26,2,26,0.0,0.0,80.77,32.0,14.0,1.0,32.0,2.31,1.04,1.42,11.23
BOS,2023-12-23,0,1,17,1,16,100.0,100.0,56.25,0.0,12.0,0.0,0.0,1.38,1.58,3.56,23.56
BOS,2023-12-23,1,0,2,0,3,0.0,0.0,66.67,0.0,0.0,0.0,0.0,0.0,2.5,0.0,21.67
BOS,2023-12-23,2,0,1,0,1,0.0,0.0,100.0,0.0,0.0,0.0,0.0,0.0,1.1,1.0,0.0
BOS,2023-12-23,4,1,0,1,0,0.0,0.0,0.0,19.0,12.0,0.0,17.0,0.0,0.0,0.0,0.0
BOS,2023-12-23,5,14,6,15,8,86.67,80.0,50.0,6.67,24.4,10.8,15.6,0.13,1.43,3.63,17.5
BOS,2023-12-23,6,30,10,31,13,90.32,77.42,76.92,4.42,21.29,7.5,10.29,1.31,4.2,1.0,7.92
BOS,2023-12-23,7,43,14,43,12,90.7,86.05,66.67,7.88,18.33,4.19,10.56,2.92,3.03,2.5,15.5
BOS,2023-12-23,8,37,18,36,19,91.67,83.33,73.68,3.61,17.14,3.72,6.14,3.26,4.13,4.37,16.68
BOS,2023-12-23,9,29,23,37,23,81.08,75.68,91.3,6.65,19.03,5.69,10.43,3.04,2.89,2.35,2.65
BOS,2023-12-23,10,28,22,30,23,76.67,66.67,82.61,11.13,17.07,4.3,14.13,2.3,1.45,1.78,8.48
BOS,2023-12-23,11,21,22,22,23,72.73,72.73,86.96,8.82,16.45,2.8,10.27,2.65,2.36,1.35,12.65
BOS,2023-12-23,12,21,17,20,19,75.0,75.0,100.0,16.25,14.45,1.56,16.5,2.05,1.82,1.26,1.32
BOS,2023-12-23,13,22,34,25,32,88.0,84.0,81.25,3.64,13.88,2.04,5.08,3.38,2.22,2.78,14.03
BOS,2023-12-23,14,18,36,18,38,61.11,61.11,76.32,16.0,13.0,0.87,15.56,4.55,2.17,3.63,10.34
BOS,2023-12-23,15,27,19,31,25,77.42,74.19,92.0,13.81,16.74,3.66,16.65,2.12,2.49,3.32,4.12
BOS,2023-12-23,16,18,33,19,35,84.21,78.95,80.0,5.53,15.68,2.53,7.74,3.74,1.84,3.71,9.91
BOS,2023-12-23,17,37,33,39,33,71.79,58.97,72.73,13.54,19.15,5.78,18.0,3.06,3.29,5.3,16.42
BOS,2023-12-23,18,36,22,35,23,80.0,77.14,82.61,13.8,18.8,5.07,17.63,3.78,2.82,2.3,10.96
BOS,2023-12-23,19,25,27,26,31,84.62,80.77,87.1,6.42,18.65,4.6,9.35,3.35,4.07,4.23,4.77
BOS,2023-12-23,20,13,27,15,29,60.0,60.0,68.97,16.93,15.33,2.31,17.53,2.21,5.71,4.9,21.45
BOS,2023-12-23,21,15,21,15,22,60.0,60.0,72.73,23.13,14.0,0.97,24.0,1.27,4.22,2.05,38.95
BOS,2023-12-23,22,7,21,8,23,87.5,87.5,73.91,4.5,16.88,3.78,7.0,1.09,2.23,5.87,16.09
BOS,2023-12-23,23,3,21,4,21,75.0,75.0,90.48,9.25,15.0,1.15,9.75,1.33,1.0,2.67,8.48
BOS,2023-12-24,0,0,7,0,17,0.0,0.0,58.82,0.0,0.0,0.0,0.0,1.82,2.61,3.59,23.47
BOS,2023-12-24,1,0,2,0,3,0.0,0.0,66.67,0.0,0.0,0.0,0.0,1.33,1.5,3.0,7.0
BOS,2023-12-24,2,0,0,0,0,0.0,0.0,0.0,0.0,0.0,0.0,0.0,0.0,0.0,0.0,0.0
BOS,2023-12-24,3,0,0,0,0,0.0,0.0,0.0,0.0,0.0,0.0,0.0,0.0,0.0,0.0,0.0
BOS,2023-12-24,4,1,0,1,0,0.0,0.0,0.0,23.0,18.0,4.0,27.0,0.0,0.0,0.0,0.0
BOS,2023-12-24,5,14,4,15,7,80.0,73.33,71.43,13.27,19.47,5.98,18.4,0.29,2.09,9.14,31.29
BOS,2023-12-24,6,29,4,30,11,90.0,83.33,81.82,11.2,18.6,5.14,14.73,1.18,7.65,4.55,10.27
BOS,2023-12-24,7,43,6,45,7,88.89,77.78,42.86,8.2,20.0,5.84,12.36,2.29,6.87,2.0,18.86
BOS,2023-12-24,8,26,18,28,18,85.71,85.71,83.33,5.46,14.32,2.0,5.82,1.33,2.33,1.17,4.83
BOS,2023-12-24,9,24,20,26,25,88.46,88.46,88.0,4.19,12.08,0.71,4.12,1.64,3.1,1.8,5.24
BOS,2023-12-24,10,22,21,26,19,92.31,92.31,89.47,6.77,12.88,1.21,6.88,1.05,2.66,1.0,8.68
BOS,2023-12-24,11,22,23,22,26,81.82,81.82,73.08,17.86,15.36,3.44,20.86,3.62,2.41,2.54,17.42
BOS,2023-12-24,12,25,20,26,23,96.15,96.15,91.3,2.88,14.12,1.5,3.23,1.91,2.57,0.65,8.13
BOS,2023-12-24,13,21,29,25,32,84.0,84.0,78.13,8.44,11.56,0.7,8.76,19.97,3.81,19.34,40.56
BOS,2023-12-24,14,18,28,17,30,82.35,82.35,86.67,7.71,12.18,0.75,6.82,3.73,2.99,1.1,6.5
BOS,2023-12-24,15,24,24,25,22,96.0,96.0,100.0,1.04,12.44,0.48,1.2,0.55,2.64,0.45,0.77
BOS,2023-12-24,16,18,29,19,31,78.95,78.95,96.77,11.26,12.26,0.65,11.21,1.42,3.07,2.0,1.39
BOS,2023-12-24,17,24,32,28,33,82.14,82.14,72.73,5.89,15.32,3.84,8.32,1.76,4.05,2.61,12.3
BOS,2023-12-24,18,17,25,16,27,68.75,68.75,81.48,16.63,13.75,1.09,16.44,0.93,5.51,3.56,10.56
BOS,2023-12-24,19,11,16,13,21,69.23,69.23,66.67,22.85,16.31,2.58,24.77,2.9,3.82,5.0,20.19
BOS,2023-12-24,20,8,23,9,23,88.89,77.78,73.91,12.11,13.22,1.69,13.56,2.35,4.97,3.65,5.78
BOS,2023-12-24,21,11,8,11,8,81.82,81.82,87.5,4.55,13.73,0.71,4.45,1.13,8.59,4.0,5.0
BOS,2023-12-24,22,5,12,5,11,80.0,80.0,63.64,11.0,16.4,3.04,13.0,2.91,6.45,6.0,21.45
BOS,2023-12-24,23,2,16,2,17,50.0,50.0,88.24,11.5,41.5,27.5,39.0,0.88,3.62,2.35,5.47
BOS,2023-12-25,0,1,11,1,6,100.0,100.0,83.33,7.0,15.0,1.6,9.0,0.5,5.05,1.17,4.67
BOS,2023-12-25,1,0,3,0,2,0.0,0.0,50.0,0.0,0.0,0.0,0.0,0.0,7.3,0.0,60.0
BOS,2023-12-25,2,0,0,0,0,0.0,0.0,0.0,0.0,0.0,0.0,0.0,0.0,0.0,0.0,0.0
BOS,2023-12-25,4,0,2,0,0,0.0,0.0,0.0,0.0,0.0,0.0,0.0,0.0,0.0,0.0,0.0
BOS,2023-12-25,5,12,4,11,3,100.0,90.91,66.67,1.82,15.18,2.23,2.64,9.0,5.2,26.33,19.67
BOS,2023-12-25,6,22,4,23,4,100.0,95.65,100.0,0.87,16.35,3.03,2.04,1.75,9.25,5.5,0.0
BOS,2023-12-25,7,39,9,39,6,92.31,87.18,100.0,8.51,17.72,3.67,11.15,1.67,3.78,2.0,0.33
BOS,2023-12-25,8,27,15,26,13,88.46,88.46,84.62,8.73,13.92,1.81,9.35,1.85,1.45,0.38,4.54
BOS,2023-12-25,9,22,16,23,16,86.96,82.61,81.25,5.04,13.13,0.86,5.7,1.31,3.96,3.56,7.44
BOS,2023-12-25,10,20,16,21,15,90.48,90.48,86.67,21.57,13.33,0.76,21.52,2.13,2.31,1.73,6.4
BOS,2023-12-25,11,22,17,23,18,91.3,91.3,88.89,6.78,13.26,0.74,6.65,3.78,1.56,0.72,12.78
BOS,2023-12-25,12,22,18,21,18,80.95,80.95,100.0,12.1,12.76,1.34,12.19,1.94,3.41,1.22,0.78
BOS,2023-12-25,13,17,27,16,29,93.75,93.75,86.21,2.31,12.31,0.48,2.0,2.1,2.96,2.69,3.97
BOS,2023-12-25,14,19,23,19,24,78.95,78.95,91.67,7.11,12.84,1.17,7.47,4.33,2.51,3.5,19.63
BOS,2023-12-25,15,19,26,21,28,80.95,85.71,82.14,10.24,13.76,1.27,10.19,1.32,2.64,3.39,7.11
BOS,2023-12-25,16,23,27,24,29,83.33,83.33,82.76,5.42,12.29,1.04,5.5,2.52,3.06,4.41,11.83
BOS,2023-12-25,17,26,30,29,30,89.66,82.76,86.67,5.55,15.9,2.9,7.48,2.63,3.68,3.97,6.07
BOS,2023-12-25,18,21,23,19,27,89.47,89.47,85.19,4.26,13.32,1.07,4.05,2.37,3.46,4.15,7.0
BOS,2023-12-25,19,15,12,14,17,92.86,92.86,64.71,4.14,15.64,2.04,4.79,11.29,3.26,16.0,76.53
BOS,2023-12-25,20,10,21,13,23,69.23,69.23,82.61,11.23,15.77,3.15,13.85,2.39,2.25,3.04,8.09
BOS,2023-12-25,21,13,11,13,11,92.31,92.31,90.91,4.77,13.46,1.43,5.0,2.27,4.02,5.91,5.82
BOS,2023-12-25,22,5,18,5,19,60.0,60.0,73.68,14.0,14.2,1.04,14.6,1.42,2.94,3.26,13.84
BOS,2023-12-25,23,3,20,3,22,33.33,33.33,59.09,12.33,16.67,3.0,15.33,4.23,4.08,9.05,15.68
BOS,2023-12-26,0,1,13,0,11,0.0,0.0,72.73,0.0,0.0,0.0,0.0,1.18,7.78,6.82,10.09
BOS,2023-12-26,1,0,3,1,3,100.0,100.0,100.0,0.0,14.0,0.0,0.0,2.67,2.77,0.0,0.0
BOS,2023-12-26,4,1,1,1,1,100.0,100.0,0.0,0.0,15.0,1.0,0.0,3.0,1.7,17.0,19.0
BOS,2023-12-26,5,17,5,18,5,88.89,77.78,60.0,3.78,18.28,4.58,7.44,2.4,4.0,10.0,12.2
BOS,2023-12-26,6,28,9,29,5,93.1,86.21,40.0,2.55,20.17,6.12,6.93,0.4,5.36,8.0,14.8
BOS,2023-12-26,7,43,14,46,7,86.96,78.26,71.43,10.24,19.91,5.48,13.74,5.71,5.84,7.43,21.43
BOS,2023-12-26,8,31,17,29,13,75.86,75.86,69.23,18.14,15.07,1.8,19.14,6.85,4.52,11.15,25.92
BOS,2023-12-26,9,24,23,24,24,75.0,75.0,87.5,32.5,16.54,3.17,34.17,3.21,4.89,2.46,4.13
BOS,2023-12-26,10,27,23,26,22,73.08,76.92,45.45,18.62,17.08,3.63,21.0,70.95,4.31,75.77,78.41
BOS,2023-12-26,11,24,27,23,24,52.17,43.48,41.67,67.57,16.7,3.34,70.17,69.25,3.95,73.54,110.33
BOS,2023-12-26,12,28,17,28,15,32.14,32.14,66.67,128.82,20.18,7.07,135.75,24.47,4.79,28.2,32.2
BOS,2023-12-26,13,20,34,19,40,52.63,42.11,55.0,28.79,17.37,4.54,32.47,12.0,4.49,13.08,47.95
BOS,2023-12-26,14,19,29,18,38,50.0,55.56,71.05,53.94,18.28,5.16,58.22,2.74,2.76,2.47,13.0
BOS,2023-12-26,15,23,21,30,28,63.33,56.67,71.43,25.6,17.43,4.35,29.5,4.39,4.07,7.71,16.04
BOS,2023-12-26,16,21,35,19,38,52.63,47.37,68.42,36.26,21.21,7.24,42.95,3.58,5.41,6.53,33.53
BOS,2023-12-26,17,36,35,39,36,64.1,53.85,66.67,26.03,18.0,4.63,30.15,3.17,4.64,4.14,22.42
BOS,2023-12-26,18,39,28,38,30,55.26,50.0,53.33,32.76,18.05,4.29,36.11,2.83,5.43,4.7,37.93
BOS,2023-12-26,19,24,18,26,22,53.85,50.0,68.18,30.92,17.15,3.51,33.35,1.36,4.66,3.45,17.27
BOS,2023-12-26,20,14,23,13,24,46.15,46.15,33.33,21.92,15.92,2.77,24.23,3.88,5.49,7.0,44.33
BOS,2023-12-26,21,15,21,17,25,41.18,41.18,64.0,44.06,14.76,1.66,45.0,2.56,4.44,3.72,18.64
BOS,2023-12-26,22,10,26,15,28,60.0,53.33,53.57,23.47,14.53,2.6,24.6,3.18,2.81,3.29,46.04
BOS,2023-12-26,23,3,27,4,26,50.0,50.0,50.0,48.0,14.25,1.0,48.5,2.85,2.99,3.88,61.38
BOS,2023-12-27,0,0,13,0,13,0.0,0.0,46.15,0.0,0.0,0.0,0.0,1.08,2.45,1.62,51.69
BOS,2023-12-27,1,0,3,0,3,0.0,0.0,33.33,0.0,0.0,0.0,0.0,0.0,2.17,2.33,85.67
BOS,2023-12-27,2,0,0,0,0,0.0,0.0,0.0,0.0,0.0,0.0,0.0,0.0,0.0,0.0,0.0
BOS,2023-12-27,3,0,0,0,1,0.0,0.0,100.0,0.0,0.0,0.0,0.0,0.0,3.7,3.0,0.0
BOS,2023-12-27,4,1,1,1,4,0.0,0.0,75.0,17.0,17.0,3.0,20.0,1.0,1.18,3.25,20.0
BOS,2023-12-27,5,17,5,19,9,100.0,100.0,66.67,0.16,15.05,2.13,1.11,1.56,3.37,9.44,17.33
BOS,2023-12-27,6,27,9,28,12,92.86,85.71,75.0,5.0,19.11,5.1,7.86,0.42,5.48,4.83,11.75
BOS,2023-12-27,7,45,15,48,14,85.42,81.25,57.14,14.13,21.0,6.45,17.88,2.57,3.23,3.21,25.64
BOS,2023-12-27,8,33,18,37,17,59.46,59.46,82.35,31.7,17.14,3.44,33.92,6.06,1.09,6.41,13.65
BOS,2023-12-27,9,26,24,27,29,77.78,77.78,82.76,12.96,17.89,4.96,16.48,3.38,2.92,3.34,17.45
BOS,2023-12-27,10,26,23,31,23,74.19,70.97,82.61,23.65,18.26,4.92,27.52,2.13,2.34,3.22,11.26
BOS,2023-12-27,11,26,27,29,26,72.41,72.41,92.31,11.86,17.1,3.74,13.79,4.38,2.78,1.69,12.88
BOS,2023-12-27,12,27,21,29,25,65.52,65.52,72.0,13.17,17.07,4.03,16.07,3.12,3.6,3.96,11.88
BOS,2023-12-27,13,21,30,22,29,68.18,63.64,75.86,40.27,16.18,3.43,42.68,5.72,2.7,2.0,12.38
BOS,2023-12-27,14,19,29,21,32,76.19,66.67,78.13,18.43,17.86,5.21,23.1,2.63,2.26,1.5,15.81
BOS,2023-12-27,15,23,23,27,25,66.67,55.56,76.0,23.26,22.26,8.85,30.81,1.56,2.74,0.16,18.56
BOS,2023-12-27,16,24,36,26,39,61.54,57.69,74.36,21.23,18.54,5.57,25.69,2.95,3.6,4.51,26.51
BOS,2023-12-27,17,36,34,37,31,62.16,45.95,74.19,29.41,20.46,6.57,34.73,1.81,4.72,3.74,13.16
BOS,2023-12-27,18,38,30,36,37,61.11,58.33,67.57,25.22,15.75,2.29,26.75,3.59,5.38,4.35,21.24
BOS,2023-12-27,19,27,19,28,27,60.71,57.14,48.15,28.07,16.29,2.82,29.93,2.07,3.99,4.0,34.67
BOS,2023-12-27,20,12,22,15,22,53.33,46.67,77.27,30.2,16.8,3.75,32.27,5.14,4.81,4.23,17.09
BOS,2023-12-27,21,15,21,17,19,52.94,52.94,57.89,29.94,16.29,3.45,32.71,3.58,7.47,6.37,32.74
BOS,2023-12-27,22,8,26,13,26,76.92,76.92,53.85,49.85,15.92,3.64,52.85,7.92,4.31,4.92,28.65
BOS,2023-12-27,23,3,27,4,28,50.0,50.0,32.14,26.25,18.0,4.15,30.5,5.18,3.68,7.11,67.29
BOS,2023-12-28,0,1,13,0,14,0.0,0.0,14.29,0.0,0.0,0.0,0.0,1.29,1.43,2.71,106.5
BOS,2023-12-28,1,0,3,0,3,0.0,0.0,33.33,0.0,0.0,0.0,0.0,0.67,1.53,0.0,53.67
BOS,2023-12-28,2,0,0,0,1,0.0,0.0,100.0,0.0,0.0,0.0,0.0,0.0,8.7,7.0,0.0
BOS,2023-12-28,3,0,0,0,0,0.0,0.0,0.0,0.0,0.0,0.0,0.0,0.0,0.0,0.0,0.0
BOS,2023-12-28,4,1,1,1,4,100.0,100.0,100.0,3.0,15.0,1.0,4.0,0.0,1.02,1.0,0.25
BOS,2023-12-28,5,17,6,20,8,95.0,85.0,50.0,4.2,22.4,8.55,11.15,12.13,1.86,16.63,19.5
BOS,2023-12-28,6,27,9,30,14,93.33,53.33,50.0,4.4,26.4,12.36,14.03,2.21,4.75,5.93,12.71
BOS,2023-12-28,7,43,14,45,13,80.0,68.89,46.15,11.98,21.33,6.96,16.89,5.0,2.6,5.46,20.77
BOS,2023-12-28,8,31,18,33,16,72.73,66.67,68.75,17.24,17.61,4.11,20.21,3.69,3.29,3.0,23.31
BOS,2023-12-28,9,25,20,28,23,75.0,64.29,69.57,18.57,16.54,4.45,21.64,17.7,4.85,16.43,38.61
BOS,2023-12-28,10,25,21,27,20,70.37,66.67,85.0,24.26,16.19,2.96,26.26,6.2,3.07,4.2,9.7
BOS,2023-12-28,11,23,28,22,27,77.27,81.82,77.78,13.55,13.82,1.0,13.36,3.48,4.08,2.85,6.33
BOS,2023-12-28,12,28,20,29,20,62.07,58.62,85.0,15.14,14.1,2.03,16.48,4.4,3.67,2.65,6.95
BOS,2023-12-28,13,21,28,22,29,77.27,77.27,79.31,12.55,14.05,1.6,13.45,5.76,5.48,3.72,13.1
BOS,2023-12-28,14,18,26,19,31,68.42,68.42,77.42,9.89,12.63,0.77,9.74,5.9,2.73,4.19,13.58
BOS,2023-12-28,15,21,24,24,27,75.0,70.83,59.26,19.13,15.0,2.33,19.96,3.26,4.49,3.26,38.07
BOS,2023-12-28,16,22,35,25,37,52.0,44.0,48.65,39.64,18.88,5.2,44.0,7.97,5.46,13.24,34.57
BOS,2023-12-28,17,36,33,36,36,50.0,44.44,47.22,27.14,20.53,6.76,33.11,9.0,5.06,13.72,30.28
BOS,2023-12-28,18,38,31,39,36,51.28,35.9,41.67,25.36,20.67,7.03,31.05,12.5,7.43,14.11,25.64
BOS,2023-12-28,19,26,16,30,18,53.33,50.0,50.0,29.33,19.07,5.44,33.0,4.94,4.8,9.44,23.78
BOS,2023-12-28,20,12,23,12,24,50.0,41.67,45.83,31.25,18.33,4.89,35.0,5.29,5.91,6.79,36.58
BOS,2023-12-28,21,15,20,18,21,38.89,38.89,42.86,30.06,16.17,2.65,32.39,3.71,4.93,7.14,38.71
BOS,2023-12-28,22,9,26,13,26,61.54,46.15,57.69,10.38,16.92,4.92,14.0,1.85,4.35,4.15,29.88
BOS,2023-12-28,23,3,27,4,28,25.0,0.0,60.71,43.5,21.0,7.65,50.0,2.11,4.03,5.0,17.93
BOS,2023-12-29,0,0,14,0,13,0.0,0.0,38.46,0.0,0.0,0.0,0.0,3.77,4.9,6.85,31.69
BOS,2023-12-29,1,0,3,0,3,0.0,0.0,66.67,0.0,0.0,0.0,0.0,1.33,1.2,0.0,61.0
BOS,2023-12-29,2,0,0,1,0,0.0,0.0,0.0,75.0,18.0,4.0,79.0,0.0,0.0,0.0,0.0
BOS,2023-12-29,3,0,0,0,0,0.0,0.0,0.0,0.0,0.0,0.0,0.0,0.0,0.0,0.0,0.0
BOS,2023-12-29,4,1,1,1,3,100.0,100.0,100.0,10.0,11.0,0.0,7.0,1.33,1.5,4.67,4.0
BOS,2023-12-29,5,17,5,18,8,83.33,77.78,50.0,5.78,19.28,5.5,9.89,0.5,3.47,10.63,19.25
BOS,2023-12-29,6,28,9,29,12,86.21,86.21,66.67,7.9,18.97,4.88,10.52,2.33,4.0,10.0,12.83
BOS,2023-12-29,7,47,15,48,16,91.67,70.83,75.0,4.0,22.65,8.21,9.98,3.25,2.89,4.06,11.25
BOS,2023-12-29,8,34,19,38,17,86.84,81.58,88.24,7.5,18.89,5.04,10.47,2.65,1.79,2.29,9.0
BOS,2023-12-29,9,23,24,24,27,91.67,83.33,88.89,4.08,17.21,3.97,7.08,3.59,2.18,2.04,8.96
BOS,2023-12-29,10,27,23,29,27,86.21,62.07,77.78,8.14,22.1,8.28,15.24,3.04,1.45,4.52,12.0
BOS,2023-12-29,11,21,27,25,29,64.0,60.0,86.21,15.88,18.12,4.86,19.4,4.93,1.96,3.14,3.97
BOS,2023-12-29,12,28,18,30,21,83.33,83.33,76.19,6.37,18.57,4.93,8.9,1.86,2.49,1.1,9.48
BOS,2023-12-29,13,21,31,23,28,73.91,73.91,75.0,11.57,15.39,2.82,13.22,2.79,2.02,2.39,12.71
BOS,2023-12-29,14,17,32,18,33,61.11,55.56,78.79,22.17,13.72,0.71,22.11,4.91,0.98,2.3,8.03
BOS,2023-12-29,15,25,21,27,27,62.96,66.67,77.78,18.44,16.78,3.64,20.56,2.89,1.8,2.19,13.63
BOS,2023-12-29,16,24,35,25,39,72.0,68.0,82.05,16.08,17.56,3.94,18.76,4.03,2.58,4.74,7.1
BOS,2023-12-29,17,38,32,40,33,82.5,62.5,60.61,6.75,22.35,8.33,13.25,5.82,2.62,6.48,19.24
BOS,2023-12-29,18,38,32,40,38,60.0,45.0,84.21,17.6,22.27,8.33,25.0,7.08,3.88,4.58,8.16
BOS,2023-12-29,19,27,20,27,22,70.37,59.26,68.18,18.48,19.41,5.11,21.63,2.95,4.97,3.41,20.73
BOS,2023-12-29,20,12,22,12,23,75.0,75.0,69.57,23.33,15.17,1.84,24.0,2.13,2.44,4.65,16.0
BOS,2023-12-29,21,15,19,14,19,64.29,57.14,78.95,19.57,13.79,0.99,19.79,3.84,2.57,1.58,12.68
BOS,2023-12-29,22,9,26,13,27,76.92,76.92,66.67,9.23,16.23,3.02,11.15,2.3,2.16,1.15,12.0
BOS,2023-12-29,23,3,27,4,27,50.0,25.0,62.96,27.0,17.75,4.6,30.5,3.0,1.73,2.63,20.85
BOS,2023-12-30,0,1,14,1,14,100.0,100.0,78.57,0.0,31.0,17.6,14.0,2.07,5.51,6.79,11.5
BOS,2023-12-30,1,0,2,0,3,0.0,0.0,66.67,0.0,0.0,0.0,0.0,0.0,2.17,0.0,15.0
BOS,2023-12-30,2,0,0,0,0,0.0,0.0,0.0,0.0,0.0,0.0,0.0,0.0,0.0,0.0,0.0
BOS,2023-12-30,4,1,1,1,1,100.0,100.0,100.0,11.0,12.0,0.0,9.0,0.0,0.7,0.0,5.0
BOS,2023-12-30,5,13,5,13,5,84.62,76.92,80.0,5.92,19.92,6.02,10.38,0.4,1.46,8.2,5.8
BOS,2023-12-30,6,28,10,28,13,96.43,92.86,76.92,1.39,20.64,6.65,4.86,2.54,1.74,5.15,7.54
BOS,2023-12-30,7,43,12,44,10,90.91,84.09,90.0,5.09,19.93,5.55,8.57,1.0,2.91,2.0,3.0
BOS,2023-12-30,8,37,18,39,16,87.18,82.05,81.25,9.9,17.03,3.11,11.97,3.25,2.68,5.0,11.44
BOS,2023-12-30,9,27,22,29,23,79.31,72.41,91.3,10.69,17.48,4.6,13.66,2.7,1.83,3.61,7.78
BOS,2023-12-30,10,29,19,29,24,79.31,79.31,83.33,7.76,17.03,3.04,9.21,1.88,1.01,2.63,6.21
BOS,2023-12-30,11,16,23,20,24,70.0,70.0,79.17,15.7,16.3,3.43,18.65,3.58,1.95,3.29,17.79
BOS,2023-12-30,12,21,20,23,22,78.26,78.26,81.82,22.83,17.39,3.99,26.39,4.0,1.36,4.55,8.36
BOS,2023-12-30,13,22,29,25,28,76.0,64.0,85.71,14.8,17.08,4.16,18.4,3.18,2.49,2.04,16.79
BOS,2023-12-30,14,19,33,20,35,80.0,70.0,82.86,11.05,19.85,6.53,16.95,3.46,1.74,3.03,6.11
BOS,2023-12-30,15,24,21,26,25,65.38,65.38,68.0,16.23,16.27,3.32,18.42,2.68,3.94,2.84,17.32
BOS,2023-12-30,16,19,33,24,36,50.0,50.0,75.0,41.54,17.63,3.8,44.92,3.75,2.61,3.28,12.58
BOS,2023-12-30,17,36,32,38,28,71.05,60.53,82.14,14.95,22.55,8.82,21.79,3.29,2.98,3.75,12.11
BOS,2023-12-30,18,33,24,32,25,71.88,56.25,76.0,17.19,22.63,8.53,23.38,3.52,6.48,3.56,24.28
BOS,2023-12-30,19,26,24,27,30,81.48,74.07,76.67,8.67,20.15,5.81,11.78,4.83,4.09,6.3,8.33
BOS,2023-12-30,20,11,25,11,28,81.82,81.82,67.86,11.18,15.82,1.72,12.18,2.89,5.96,2.07,18.0
BOS,2023-12-30,21,15,20,17,20,76.47,64.71,70.0,23.82,19.12,5.7,27.88,2.45,6.06,0.6,19.05
BOS,2023-12-30,22,7,21,6,21,66.67,66.67,76.19,21.0,17.5,3.93,24.0,1.76,2.2,4.62,14.14
BOS,2023-12-30,23,3,24,4,26,25.0,25.0,84.62,23.5,17.5,3.75,27.25,1.0,2.24,3.12,7.5
BOS,2023-12-31,0,0,8,0,14,0.0,0.0,57.14,0.0,0.0,0.0,0.0,1.64,1.66,1.36,21.57
BOS,2023-12-31,1,0,2,0,2,0.0,0.0,50.0,0.0,0.0,0.0,0.0,0.5,0.75,0.0,60.5
BOS,2023-12-31,2,0,0,0,0,0.0,0.0,0.0,0.0,0.0,0.0,0.0,0.0,0.0,0.0,0.0
BOS,2023-12-31,3,0,0,0,0,0.0,0.0,0.0,0.0,0.0,0.0,0.0,0.0,0.0,0.0,0.0
BOS,2023-12-31,4,1,0,1,1,0.0,0.0,100.0,41.0,16.0,2.0,43.0,0.0,0.0,0.0,0.0
BOS,2023-12-31,5,13,4,13,7,92.31,92.31,71.43,2.0,17.85,4.0,5.0,14.14,3.24,12.43,22.14
BOS,2023-12-31,6,28,3,28,9,75.0,75.0,77.78,15.43,17.54,3.56,17.21,0.67,3.06,0.78,14.11
BOS,2023-12-31,7,44,6,43,8,88.37,81.4,62.5,5.79,20.37,6.05,9.12,2.13,2.76,3.63,11.38
BOS,2023-12-31,8,28,18,29,15,82.76,75.86,93.33,29.66,19.59,5.84,32.83,1.6,2.11,1.73,4.33
BOS,2023-12-31,9,23,18,21,19,95.24,95.24,73.68,3.19,17.19,3.55,5.19,1.84,2.77,2.84,31.21
BOS,2023-12-31,10,22,22,24,24,79.17,79.17,83.33,24.79,15.83,3.0,27.0,1.5,1.61,3.54,15.42
BOS,2023-12-31,11,24,21,25,22,76.0,76.0,86.36,15.84,15.92,2.95,17.88,2.14,2.2,2.18,8.68
BOS,2023-12-31,12,24,22,24,23,79.17,79.17,91.3,12.46,17.29,4.33,14.33,2.65,3.1,2.17,10.13
BOS,2023-12-31,13,23,32,23,28,78.26,78.26,85.71,23.17,15.13,2.54,24.09,2.86,1.61,5.29,8.64
BOS,2023-12-31,14,18,29,17,31,76.47,76.47,87.1,36.41,13.53,0.86,36.71,3.68,2.26,0.94,9.0
BOS,2023-12-31,15,25,24,26,28,76.92,76.92,82.14,13.15,15.65,2.45,14.46,2.32,1.5,1.14,11.18
BOS,2023-12-31,16,21,29,23,30,78.26,73.91,80.0,11.57,16.91,3.37,14.0,2.43,1.93,1.8,13.03
BOS,2023-12-31,17,28,33,28,30,82.14,71.43,73.33,12.89,21.32,7.23,18.61,2.33,1.81,3.3,12.23
BOS,2023-12-31,18,18,25,17,26,64.71,58.82,69.23,10.06,17.12,3.6,12.41,3.0,2.19,2.96,28.0
BOS,2023-12-31,19,16,17,16,21,68.75,62.5,71.43,15.88,17.69,3.63,17.94,1.52,1.5,2.24,9.9
BOS,2023-12-31,20,8,23,8,24,75.0,75.0,87.5,19.63,14.63,0.94,20.5,3.08,3.12,2.83,7.13
BOS,2023-12-31,21,13,9,13,8,84.62,84.62,62.5,17.31,18.08,4.69,19.31,0.0,3.86,2.13,11.63
BOS,2023-12-31,22,5,21,5,21,100.0,100.0,80.95,0.2,18.6,5.24,1.2,0.81,3.23,4.71,17.95
BOS,2023-12-31,23,1,18,1,18,100.0,100.0,88.89,0.0,15.0,1.0,0.0,1.33,3.58,2.83,8.89
