airport,report_date,Hour,Scheduled Departures,Scheduled Arrivals,Departures For Metric Computation,Arrivals For Metric Computation,% On-Time Gate Departures,% On-Time Airport Departures,% On-Time Gate Arrivals,Average Gate Departure Delay,Average Taxi Out Time,Average Taxi Out Delay,Average Airport Departure Delay,Average Airborne Delay,Average Taxi In Delay,Average Block Delay,Average Gate Arrival Delay
PIT,2024-01-01,0,0,2,0,1,0.0,0.0,100.0,0.0,0.0,0.0,0.0,2.0,0.0,0.0,0.0
PIT,2024-01-01,1,0,0,0,1,0.0,0.0,100.0,0.0,0.0,0.0,0.0,6.0,0.0,5.0,14.0
PIT,2024-01-01,2,0,0,1,0,100.0,100.0,0.0,8.0,5.0,0.0,0.0,0.0,0.0,0.0,0.0
PIT,2024-01-01,4,0,1,0,1,0.0,0.0,0.0,0.0,0.0,0.0,0.0,5.0,0.0,10.0,17.0
PIT,2024-01-01,5,3,1,4,0,100.0,0.0,0.0,0.0,37.75,27.75,27.0,0.0,0.0,0.0,0.0
PIT,2024-01-01,6,15,0,15,0,100.0,13.33,0.0,1.47,40.53,28.81,24.53,0.0,0.0,0.0,0.0
PIT,2024-01-01,7,10,2,10,2,100.0,20.0,100.0,0.1,36.0,24.61,19.8,1.5,1.45,7.0,5.5
PIT,2024-01-01,8,7,3,7,4,85.71,28.57,50.0,10.43,34.43,22.76,28.29,3.0,0.5,11.0,19.0
PIT,2024-01-01,9,2,5,4,6,75.0,25.0,66.67,40.75,30.25,19.65,58.75,2.33,0.25,1.0,21.0
PIT,2024-01-01,10,7,3,6,4,100.0,50.0,75.0,0.0,33.83,23.05,16.0,3.75,0.63,4.0,13.5
PIT,2024-01-01,11,6,7,8,7,87.5,37.5,100.0,2.88,30.63,19.55,17.75,2.43,0.93,3.0,2.0
PIT,2024-01-01,12,6,5,7,5,85.71,42.86,100.0,5.29,27.86,17.11,19.14,3.4,1.3,0.0,0.0
PIT,2024-01-01,13,7,10,8,11,100.0,75.0,63.64,0.5,23.63,13.18,10.0,3.36,1.2,8.09,19.18
PIT,2024-01-01,14,7,6,7,10,71.43,28.57,70.0,17.43,20.57,10.83,26.14,3.2,3.1,4.8,38.7
PIT,2024-01-01,15,7,8,8,11,75.0,75.0,54.55,10.88,15.13,4.95,14.63,3.55,0.63,10.45,27.09
PIT,2024-01-01,16,7,10,8,13,50.0,25.0,76.92,133.25,22.75,11.48,144.63,3.69,1.73,5.69,10.0
PIT,2024-01-01,17,8,8,10,9,80.0,50.0,77.78,7.2,17.6,6.94,13.6,4.0,1.2,5.0,11.89
PIT,2024-01-01,18,9,7,9,6,66.67,22.22,66.67,28.78,22.33,12.14,40.0,6.67,1.68,6.33,27.67
PIT,2024-01-01,19,5,4,5,4,80.0,60.0,50.0,9.6,20.8,9.86,18.4,7.25,0.13,6.0,8.5
PIT,2024-01-01,20,3,6,2,7,100.0,50.0,71.43,7.0,18.0,8.3,15.5,0.14,1.36,4.86,10.57
PIT,2024-01-01,21,2,6,2,6,100.0,0.0,100.0,5.5,41.5,30.9,36.0,1.0,0.62,3.17,4.0
PIT,2024-01-01,22,1,8,1,8,100.0,0.0,87.5,0.0,67.0,56.4,53.0,1.75,0.39,5.88,24.63
PIT,2024-01-01,23,0,9,0,9,0.0,0.0,66.67,0.0,0.0,0.0,0.0,1.0,0.48,2.11,19.78
PIT,2024-01-02,0,0,4,0,2,0.0,0.0,100.0,0.0,0.0,0.0,0.0,1.5,0.25,0.0,1.0
PIT,2024-01-02,1,0,1,0,0,0.0,0.0,0.0,0.0,0.0,0.0,0.0,0.0,0.0,0.0,0.0
PIT,2024-01-02,4,0,1,0,1,0.0,0.0,0.0,0.0,0.0,0.0,0.0,3.0,1.5,14.0,45.0
PIT,2024-01-02,5,5,1,5,1,100.0,20.0,0.0,1.0,31.8,21.22,18.2,0.0,4.5,15.0,39.0
PIT,2024-01-02,6,17,0,17,0,88.24,70.59,0.0,4.53,21.06,9.89,12.18,0.0,0.0,0.0,0.0
PIT,2024-01-02,7,10,2,9,1,88.89,77.78,0.0,35.11,23.22,12.04,42.89,0.0,0.4,13.0,25.0
PIT,2024-01-02,8,6,5,5,4,100.0,100.0,75.0,1.2,19.0,8.24,4.4,0.0,0.88,8.5,6.5
PIT,2024-01-02,9,4,6,5,6,80.0,60.0,100.0,8.6,18.0,8.8,16.4,0.0,0.38,1.5,3.83
PIT,2024-01-02,10,8,8,8,7,100.0,50.0,85.71,2.25,25.13,14.19,14.13,3.86,3.46,3.57,2.86
PIT,2024-01-02,11,11,7,11,8,90.91,54.55,87.5,10.18,21.09,10.62,18.82,2.0,1.02,3.13,6.13
PIT,2024-01-02,12,5,3,6,3,83.33,50.0,100.0,7.5,13.0,3.4,10.5,0.67,1.0,0.0,2.33
PIT,2024-01-02,13,3,9,5,10,100.0,100.0,90.0,0.4,11.0,1.44,0.0,3.4,0.52,1.7,4.4
PIT,2024-01-02,14,5,3,5,4,100.0,100.0,100.0,2.8,12.2,2.26,4.0,0.25,1.2,1.75,1.0
PIT,2024-01-02,15,8,9,8,10,100.0,87.5,50.0,2.75,16.38,5.55,7.13,1.0,0.38,3.5,17.6
PIT,2024-01-02,16,8,7,8,11,50.0,62.5,54.55,16.38,11.38,1.25,16.5,1.82,0.27,2.36,17.27
PIT,2024-01-02,17,8,9,8,9,75.0,75.0,77.78,11.63,11.75,1.16,12.5,3.89,1.5,1.89,6.11
PIT,2024-01-02,18,11,10,11,10,81.82,81.82,70.0,5.73,10.45,0.85,5.82,1.6,0.08,2.7,14.9
PIT,2024-01-02,19,4,2,4,4,75.0,75.0,50.0,19.25,15.5,4.5,23.75,3.25,0.63,1.25,19.75
PIT,2024-01-02,20,3,11,3,12,33.33,33.33,58.33,20.33,11.0,0.47,20.33,0.42,0.71,0.58,11.5
PIT,2024-01-02,21,4,7,7,9,42.86,28.57,66.67,29.0,16.14,6.26,35.14,0.11,3.86,3.22,19.44
PIT,2024-01-02,22,1,8,4,10,75.0,75.0,40.0,11.25,15.0,5.2,13.5,2.5,0.71,3.5,20.8
PIT,2024-01-02,23,0,8,1,8,0.0,0.0,100.0,20.0,14.0,0.0,20.0,2.25,0.98,0.38,2.38
PIT,2024-01-03,0,0,2,0,4,0.0,0.0,75.0,0.0,0.0,0.0,0.0,1.5,0.58,0.0,13.75
PIT,2024-01-03,1,0,0,0,1,0.0,0.0,100.0,0.0,0.0,0.0,0.0,3.0,0.0,0.0,0.0
PIT,2024-01-03,2,0,0,0,0,0.0,0.0,0.0,0.0,0.0,0.0,0.0,0.0,0.0,0.0,0.0
PIT,2024-01-03,3,0,0,0,1,0.0,0.0,100.0,0.0,0.0,0.0,0.0,0.0,0.5,0.0,0.0
PIT,2024-01-03,4,0,1,0,2,0.0,0.0,100.0,0.0,0.0,0.0,0.0,0.0,2.0,3.5,5.0
PIT,2024-01-03,5,4,1,6,4,66.67,66.67,50.0,22.17,11.33,0.83,22.83,0.0,1.5,3.0,28.75
PIT,2024-01-03,6,17,0,19,0,73.68,78.95,0.0,18.74,14.47,3.29,20.42,0.0,0.0,0.0,0.0
PIT,2024-01-03,7,11,2,12,2,100.0,100.0,100.0,1.17,11.25,0.9,1.67,1.0,0.95,10.5,1.5
PIT,2024-01-03,8,6,4,7,4,100.0,100.0,100.0,1.57,12.29,2.56,2.0,4.75,1.88,7.0,2.0
PIT,2024-01-03,9,2,7,2,8,100.0,50.0,62.5,0.0,21.5,10.9,9.5,0.63,0.5,4.88,11.25
PIT,2024-01-03,10,11,8,12,10,66.67,58.33,80.0,19.33,14.67,4.07,22.42,4.0,2.18,6.6,8.4
PIT,2024-01-03,11,10,7,11,8,81.82,81.82,50.0,4.91,13.09,2.8,6.27,2.5,1.0,3.0,20.38
PIT,2024-01-03,12,4,4,5,4,80.0,80.0,100.0,3.2,15.6,6.08,8.2,2.75,1.88,0.0,3.0
PIT,2024-01-03,13,4,10,5,10,80.0,80.0,90.0,19.0,12.2,2.52,20.2,3.1,0.3,1.1,3.3
PIT,2024-01-03,14,7,6,8,7,87.5,87.5,100.0,2.25,9.5,0.48,2.25,2.0,0.43,1.71,3.86
PIT,2024-01-03,15,11,10,12,13,100.0,100.0,69.23,0.0,11.58,1.48,0.25,2.23,0.87,5.15,18.38
PIT,2024-01-03,16,10,7,10,10,70.0,70.0,80.0,17.7,11.7,1.81,18.2,1.1,0.2,0.8,7.0
PIT,2024-01-03,17,7,10,7,10,85.71,85.71,60.0,3.29,10.86,0.61,2.86,3.2,0.95,3.8,13.5
PIT,2024-01-03,18,10,6,12,9,75.0,75.0,77.78,10.17,12.42,2.53,12.5,2.0,1.53,6.33,6.89
PIT,2024-01-03,19,3,5,4,6,75.0,75.0,50.0,15.25,12.25,0.83,15.75,0.33,0.42,1.17,27.17
PIT,2024-01-03,20,4,10,4,11,50.0,50.0,81.82,30.75,11.25,1.32,31.0,0.55,0.44,0.73,18.82
PIT,2024-01-03,21,2,8,4,10,75.0,75.0,80.0,24.25,10.25,0.6,24.75,17.9,0.62,18.7,21.9
PIT,2024-01-03,22,2,8,4,8,100.0,100.0,75.0,0.0,11.25,1.7,0.0,2.88,0.76,2.25,24.0
PIT,2024-01-03,23,0,9,1,10,100.0,100.0,50.0,0.0,10.0,0.0,0.0,1.7,0.55,0.9,34.4
PIT,2024-01-04,0,0,1,0,2,0.0,0.0,100.0,0.0,0.0,0.0,0.0,0.5,1.1,0.0,0.0
PIT,2024-01-04,3,0,0,0,0,0.0,0.0,0.0,0.0,0.0,0.0,0.0,0.0,0.0,0.0,0.0
PIT,2024-01-04,4,0,1,0,2,0.0,0.0,100.0,0.0,0.0,0.0,0.0,0.0,1.0,2.0,0.5
PIT,2024-01-04,5,4,1,5,4,80.0,40.0,25.0,16.8,29.0,18.18,32.0,0.75,1.75,5.25,41.0
PIT,2024-01-04,6,16,0,19,1,84.21,31.58,100.0,8.16,35.11,23.62,27.47,0.0,0.3,0.0,0.0
PIT,2024-01-04,7,10,2,11,2,81.82,36.36,50.0,5.82,33.64,22.32,24.45,1.0,1.95,5.5,13.5
PIT,2024-01-04,8,7,3,9,3,66.67,44.44,66.67,19.0,28.33,16.9,32.11,2.67,1.33,6.0,36.67
PIT,2024-01-04,9,1,7,2,7,50.0,50.0,71.43,29.5,20.0,9.4,37.0,1.29,1.07,0.43,15.57
PIT,2024-01-04,10,9,8,9,8,77.78,77.78,87.5,8.11,13.11,2.91,9.78,2.63,1.94,1.38,1.88
PIT,2024-01-04,11,9,5,9,6,100.0,100.0,66.67,0.0,14.11,4.47,2.33,3.5,0.45,6.5,19.0
PIT,2024-01-04,12,4,5,4,5,75.0,75.0,100.0,7.0,12.5,3.4,9.75,2.8,1.4,1.6,0.8
PIT,2024-01-04,13,5,10,5,12,100.0,80.0,66.67,0.6,15.8,5.8,5.8,2.92,1.33,3.17,13.83
PIT,2024-01-04,14,8,5,9,5,66.67,66.67,100.0,13.11,9.11,0.0,12.11,4.4,2.6,3.0,1.8
PIT,2024-01-04,15,9,7,9,9,100.0,100.0,88.89,1.67,10.89,1.53,1.89,2.11,0.77,4.89,16.67
PIT,2024-01-04,16,7,6,10,8,90.0,80.0,75.0,3.2,15.4,4.69,7.1,2.25,1.38,0.5,12.13
PIT,2024-01-04,17,5,11,5,13,60.0,60.0,84.62,15.6,10.0,0.48,15.8,2.08,1.05,1.38,7.0
PIT,2024-01-04,18,11,6,12,7,58.33,58.33,71.43,32.08,14.83,4.61,35.92,0.86,0.36,1.71,6.43
PIT,2024-01-04,19,3,4,3,5,100.0,100.0,40.0,0.0,10.33,0.47,0.0,1.0,0.7,2.2,16.8
PIT,2024-01-04,20,2,8,2,11,100.0,100.0,72.73,3.5,8.5,0.0,2.5,0.91,0.45,1.36,11.82
PIT,2024-01-04,21,2,7,7,8,71.43,71.43,75.0,7.29,10.86,1.0,7.43,1.38,0.31,0.13,9.13
PIT,2024-01-04,22,1,9,2,9,100.0,100.0,88.89,0.0,10.5,0.2,0.0,0.67,0.29,1.0,2.78
PIT,2024-01-04,23,0,7,0,7,0.0,0.0,85.71,0.0,0.0,0.0,0.0,0.43,0.14,0.86,2.14
PIT,2024-01-05,0,0,1,0,3,0.0,0.0,100.0,0.0,0.0,0.0,0.0,0.67,1.0,0.0,3.33
PIT,2024-01-05,1,0,0,2,1,100.0,100.0,0.0,0.0,10.0,0.0,0.0,0.0,7.5,4.0,56.0
PIT,2024-01-05,2,0,0,0,0,0.0,0.0,0.0,0.0,0.0,0.0,0.0,0.0,0.0,0.0,0.0
PIT,2024-01-05,4,0,1,0,2,0.0,0.0,100.0,0.0,0.0,0.0,0.0,0.0,1.0,1.0,0.5
PIT,2024-01-05,5,4,1,6,4,66.67,50.0,75.0,21.67,14.83,5.57,26.5,0.0,2.5,1.5,15.25
PIT,2024-01-05,6,17,0,20,0,85.0,80.0,0.0,18.75,18.6,7.24,23.5,0.0,0.0,0.0,0.0
PIT,2024-01-05,7,10,2,10,2,100.0,100.0,100.0,0.4,20.1,9.25,4.2,0.0,0.45,2.5,0.0
PIT,2024-01-05,8,8,4,10,4,70.0,60.0,50.0,23.2,19.9,8.64,28.1,1.25,1.18,8.5,59.25
PIT,2024-01-05,9,3,8,4,8,100.0,75.0,100.0,2.0,20.25,9.8,8.75,1.25,0.41,1.38,0.88
PIT,2024-01-05,10,10,8,11,8,100.0,90.91,100.0,0.0,14.82,4.09,2.55,3.38,0.44,5.38,3.63
PIT,2024-01-05,11,9,8,8,7,100.0,100.0,100.0,0.13,10.5,0.75,0.13,1.43,0.86,1.71,2.14
PIT,2024-01-05,12,6,5,6,6,83.33,100.0,66.67,3.5,9.5,0.23,3.17,2.17,1.0,1.0,9.17
PIT,2024-01-05,13,5,10,5,11,100.0,100.0,81.82,2.0,12.4,2.56,2.0,2.36,0.7,2.18,8.91
PIT,2024-01-05,14,8,7,9,8,77.78,77.78,75.0,11.0,10.0,0.43,10.78,0.63,6.38,6.13,17.0
PIT,2024-01-05,15,12,8,12,8,83.33,75.0,100.0,7.67,13.5,4.25,10.08,1.63,1.53,3.63,0.5
PIT,2024-01-05,16,7,7,8,9,100.0,100.0,88.89,1.25,10.5,0.74,1.63,0.56,0.78,0.33,3.11
PIT,2024-01-05,17,6,10,8,12,75.0,75.0,75.0,4.63,12.25,2.15,6.25,0.83,5.91,6.33,12.0
PIT,2024-01-05,18,11,6,13,10,76.92,76.92,70.0,10.31,11.31,0.94,10.54,1.2,1.16,4.0,14.7
PIT,2024-01-05,19,3,7,5,8,100.0,80.0,75.0,0.0,17.2,7.46,6.8,0.75,2.19,1.38,7.25
PIT,2024-01-05,20,3,9,4,9,100.0,75.0,100.0,2.75,11.25,1.25,3.75,0.22,0.72,0.89,0.78
PIT,2024-01-05,21,2,7,3,9,66.67,66.67,55.56,7.67,9.0,0.13,7.67,0.11,0.6,1.44,12.89
PIT,2024-01-05,22,1,8,1,9,100.0,100.0,88.89,0.0,15.0,4.4,0.0,1.11,0.46,0.33,3.56
PIT,2024-01-05,23,0,7,2,9,0.0,0.0,88.89,38.5,13.0,2.4,40.5,1.22,0.06,1.33,4.33
PIT,2024-01-06,0,0,2,0,1,0.0,0.0,100.0,0.0,0.0,0.0,0.0,2.0,0.2,0.0,0.0
PIT,2024-01-06,1,0,0,0,0,0.0,0.0,0.0,0.0,0.0,0.0,0.0,0.0,0.0,0.0,0.0
PIT,2024-01-06,4,0,1,0,1,0.0,0.0,100.0,0.0,0.0,0.0,0.0,0.0,1.5,0.0,0.0
PIT,2024-01-06,5,4,1,4,3,100.0,100.0,66.67,0.0,11.5,1.4,0.0,0.33,1.83,1.67,14.0
PIT,2024-01-06,6,18,0,21,0,85.71,85.71,0.0,6.0,12.67,1.74,6.81,0.0,0.0,0.0,0.0
PIT,2024-01-06,7,7,3,9,3,66.67,66.67,66.67,118.11,13.89,2.36,119.22,2.67,1.47,5.33,28.33
PIT,2024-01-06,8,8,4,11,4,81.82,72.73,75.0,11.91,11.36,1.62,13.27,2.75,1.0,7.25,37.25
PIT,2024-01-06,9,4,6,5,6,80.0,80.0,83.33,27.0,15.6,5.64,32.2,2.33,0.58,3.17,4.33
PIT,2024-01-06,10,7,7,8,9,87.5,87.5,66.67,2.13,12.0,1.45,2.63,5.0,0.76,6.56,22.33
PIT,2024-01-06,11,10,5,10,4,80.0,60.0,75.0,6.0,22.1,11.65,14.1,3.25,1.18,2.75,6.75
PIT,2024-01-06,12,3,3,3,4,66.67,0.0,75.0,8.0,51.67,40.73,45.67,4.25,0.63,1.25,5.25
PIT,2024-01-06,13,2,9,2,9,50.0,0.0,44.44,18.0,44.0,33.4,47.0,11.11,2.3,14.67,28.44
PIT,2024-01-06,14,8,6,7,7,57.14,0.0,85.71,27.0,34.71,23.81,49.86,3.71,2.33,7.0,7.29
PIT,2024-01-06,15,11,13,11,12,90.91,18.18,66.67,8.27,34.27,23.74,30.45,3.08,3.68,4.58,16.33
PIT,2024-01-06,16,7,8,8,14,75.0,25.0,64.29,11.13,29.0,18.56,28.0,2.93,4.32,3.29,7.64
PIT,2024-01-06,17,10,7,12,8,66.67,41.67,50.0,15.42,23.08,12.8,25.75,1.63,2.1,5.13,33.0
PIT,2024-01-06,18,6,6,7,9,28.57,14.29,66.67,21.57,19.14,8.4,29.57,11.44,2.76,6.0,29.0
PIT,2024-01-06,19,6,2,6,4,83.33,66.67,75.0,13.5,15.0,4.45,17.83,5.75,1.75,2.5,9.75
PIT,2024-01-06,20,1,7,2,6,50.0,50.0,66.67,19.0,18.5,8.2,27.0,2.83,2.28,0.83,14.83
PIT,2024-01-06,21,1,5,1,5,100.0,100.0,80.0,0.0,11.0,0.4,0.0,3.6,0.2,9.4,8.2
PIT,2024-01-06,22,0,11,0,12,0.0,0.0,66.67,0.0,0.0,0.0,0.0,5.67,1.39,6.58,21.08
PIT,2024-01-06,23,0,8,3,8,66.67,66.67,62.5,67.67,14.67,5.6,72.67,4.63,1.23,4.25,15.63
PIT,2024-01-07,0,0,2,0,3,0.0,0.0,100.0,0.0,0.0,0.0,0.0,1.33,0.93,3.0,0.0
PIT,2024-01-07,1,0,0,0,2,0.0,0.0,50.0,0.0,0.0,0.0,0.0,3.0,4.5,19.0,31.5
PIT,2024-01-07,2,0,0,0,0,0.0,0.0,0.0,0.0,0.0,0.0,0.0,0.0,0.0,0.0,0.0
PIT,2024-01-07,3,0,0,0,0,0.0,0.0,0.0,0.0,0.0,0.0,0.0,0.0,0.0,0.0,0.0
PIT,2024-01-07,4,0,1,0,1,0.0,0.0,100.0,0.0,0.0,0.0,0.0,0.0,2.5,0.0,0.0
PIT,2024-01-07,5,5,1,5,1,100.0,20.0,0.0,1.8,32.6,21.78,21.0,1.0,1.5,0.0,83.0
PIT,2024-01-07,6,17,0,18,0,88.89,22.22,0.0,5.78,35.56,23.95,24.22,0.0,0.0,0.0,0.0
PIT,2024-01-07,7,10,2,11,2,90.91,54.55,100.0,2.55,30.0,18.68,17.64,0.0,1.7,0.0,0.0
PIT,2024-01-07,8,5,1,7,1,71.43,71.43,100.0,14.43,24.29,13.11,22.86,3.0,0.0,0.0,0.0
PIT,2024-01-07,9,4,8,5,7,80.0,80.0,100.0,9.4,25.2,14.72,19.2,1.29,0.33,0.57,0.0
PIT,2024-01-07,10,9,6,8,6,100.0,62.5,83.33,0.0,28.13,16.94,11.63,4.5,0.92,13.83,12.17
PIT,2024-01-07,11,9,8,10,8,70.0,40.0,75.0,14.6,24.0,12.86,25.4,4.75,1.65,3.25,20.0
PIT,2024-01-07,12,6,4,6,4,83.33,33.33,100.0,7.0,28.17,17.4,23.0,2.25,2.25,6.5,3.0
PIT,2024-01-07,13,5,10,7,10,71.43,42.86,90.0,10.86,27.29,16.53,24.86,3.5,1.22,2.3,2.0
PIT,2024-01-07,14,8,6,10,7,90.0,80.0,71.43,4.8,20.1,9.51,12.0,3.29,1.76,4.43,21.14
PIT,2024-01-07,15,8,9,8,10,75.0,50.0,60.0,15.38,25.5,14.66,26.5,2.4,2.34,5.0,18.5
PIT,2024-01-07,16,8,7,8,10,87.5,37.5,80.0,14.13,22.75,12.26,24.63,1.7,2.13,9.1,34.1
PIT,2024-01-07,17,7,7,7,6,100.0,57.14,66.67,4.0,21.71,10.91,13.71,5.83,1.25,9.0,20.67
PIT,2024-01-07,18,7,9,7,8,71.43,28.57,50.0,8.14,27.57,17.17,23.14,1.13,1.85,2.25,19.5
PIT,2024-01-07,19,7,4,8,4,50.0,37.5,25.0,28.5,27.75,16.56,43.25,4.0,1.5,3.75,56.25
PIT,2024-01-07,20,2,8,1,9,100.0,0.0,77.78,11.0,19.0,9.6,21.0,1.56,1.11,4.33,8.22
PIT,2024-01-07,21,2,8,3,8,33.33,33.33,62.5,13.67,15.0,6.13,16.0,0.25,0.59,0.13,29.5
PIT,2024-01-07,22,1,10,1,10,100.0,0.0,50.0,0.0,44.0,33.4,25.0,1.6,0.86,0.1,58.4
PIT,2024-01-07,23,0,9,0,9,0.0,0.0,55.56,0.0,0.0,0.0,0.0,2.11,0.91,0.22,18.89
PIT,2024-01-08,0,0,2,0,2,0.0,0.0,0.0,0.0,0.0,0.0,0.0,0.0,1.25,0.0,130.5
PIT,2024-01-08,2,0,0,0,0,0.0,0.0,0.0,0.0,0.0,0.0,0.0,0.0,0.0,0.0,0.0
PIT,2024-01-08,3,0,0,0,1,0.0,0.0,100.0,0.0,0.0,0.0,0.0,5.0,0.5,0.0,0.0
PIT,2024-01-08,4,0,1,0,1,0.0,0.0,100.0,0.0,0.0,0.0,0.0,0.0,2.5,0.0,0.0
PIT,2024-01-08,5,4,1,4,1,100.0,100.0,100.0,0.0,15.5,3.15,0.5,3.0,0.5,0.0,0.0
PIT,2024-01-08,6,22,0,23,0,86.96,69.57,0.0,2.65,20.3,9.07,10.13,0.0,0.0,0.0,0.0
PIT,2024-01-08,7,10,2,11,3,100.0,90.91,66.67,0.09,15.45,5.22,4.0,0.33,0.47,5.33,15.0
PIT,2024-01-08,8,6,4,7,3,85.71,85.71,66.67,6.0,10.29,0.34,6.29,3.0,1.5,5.67,12.67
PIT,2024-01-08,9,3,7,4,7,50.0,50.0,85.71,12.5,12.25,1.8,13.25,0.43,1.04,6.29,4.14
PIT,2024-01-08,10,6,9,7,10,100.0,100.0,80.0,0.29,11.71,1.6,0.86,3.0,1.4,4.0,27.9
PIT,2024-01-08,11,12,7,12,7,83.33,83.33,57.14,4.58,10.33,0.55,4.08,5.0,1.43,2.0,23.14
PIT,2024-01-08,12,4,2,5,3,100.0,100.0,66.67,0.0,10.0,0.0,0.0,0.0,1.0,0.0,8.33
PIT,2024-01-08,13,5,12,5,13,100.0,100.0,92.31,0.2,11.4,1.48,0.0,2.08,1.35,0.69,8.69
PIT,2024-01-08,14,5,6,5,7,100.0,100.0,42.86,0.0,10.8,0.72,0.0,2.29,0.33,8.43,29.0
PIT,2024-01-08,15,8,7,8,7,62.5,62.5,71.43,17.88,12.88,2.68,19.0,2.71,0.13,7.57,27.29
PIT,2024-01-08,16,11,12,11,14,72.73,81.82,100.0,28.09,12.27,2.19,28.91,2.36,1.27,0.43,0.0
PIT,2024-01-08,17,11,8,12,10,83.33,83.33,90.0,27.5,9.33,0.27,27.5,2.2,0.38,1.9,39.8
PIT,2024-01-08,18,9,11,12,12,83.33,83.33,58.33,13.42,13.0,2.22,13.67,3.92,1.32,6.17,38.0
PIT,2024-01-08,19,8,2,8,4,75.0,75.0,50.0,19.38,12.88,2.85,20.63,1.25,0.63,0.25,22.75
PIT,2024-01-08,20,1,13,1,15,0.0,0.0,53.33,110.0,12.0,1.4,111.0,1.6,1.39,2.67,33.47
PIT,2024-01-08,21,2,5,4,6,75.0,75.0,83.33,4.5,13.75,3.8,7.5,2.83,0.25,1.5,10.0
PIT,2024-01-08,22,1,9,3,9,66.67,66.67,44.44,35.0,20.33,9.73,41.33,1.0,1.09,2.44,27.0
PIT,2024-01-08,23,0,9,1,9,100.0,100.0,77.78,0.0,10.0,0.0,0.0,0.78,1.51,9.11,27.33
PIT,2024-01-09,0,0,0,0,4,0.0,0.0,75.0,0.0,0.0,0.0,0.0,0.5,0.83,1.5,11.75
PIT,2024-01-09,1,0,0,0,0,0.0,0.0,0.0,0.0,0.0,0.0,0.0,0.0,0.0,0.0,0.0
PIT,2024-01-09,2,0,0,0,0,0.0,0.0,0.0,0.0,0.0,0.0,0.0,0.0,0.0,0.0,0.0
PIT,2024-01-09,4,0,1,0,2,0.0,0.0,100.0,0.0,0.0,0.0,0.0,0.0,0.75,3.0,0.5
PIT,2024-01-09,5,2,1,2,3,100.0,50.0,0.0,0.0,35.5,24.9,15.0,0.0,1.83,6.67,34.33
PIT,2024-01-09,6,20,0,20,1,85.0,5.0,100.0,12.0,61.65,50.18,58.75,5.0,11.5,15.0,5.0
PIT,2024-01-09,7,8,1,8,1,100.0,0.0,100.0,1.13,66.13,54.6,52.75,0.0,2.4,11.0,1.0
PIT,2024-01-09,8,8,3,9,2,66.67,22.22,100.0,25.56,35.44,24.21,46.0,0.0,2.5,3.0,0.0
PIT,2024-01-09,9,4,6,5,9,80.0,60.0,77.78,3.2,20.0,9.76,11.0,3.89,2.06,6.78,11.11
PIT,2024-01-09,10,6,7,8,7,75.0,75.0,71.43,15.63,12.5,2.44,16.63,5.57,2.29,4.14,35.0
PIT,2024-01-09,11,8,6,8,9,87.5,87.5,55.56,6.13,13.38,3.57,7.63,38.33,1.78,34.0,137.33
PIT,2024-01-09,12,5,4,6,4,50.0,50.0,75.0,73.83,14.0,4.23,75.17,7.75,1.2,14.25,21.5
PIT,2024-01-09,13,7,9,7,8,57.14,57.14,75.0,16.57,15.0,4.47,20.71,7.75,1.1,1.0,15.25
PIT,2024-01-09,14,4,5,3,7,100.0,66.67,42.86,3.67,13.67,3.87,6.67,4.43,3.04,10.71,44.86
PIT,2024-01-09,15,6,6,7,5,42.86,42.86,80.0,33.86,12.43,1.91,34.57,5.2,1.84,7.8,9.8
PIT,2024-01-09,16,11,12,7,15,71.43,71.43,60.0,20.71,18.57,7.81,27.57,12.73,2.27,19.33,36.33
PIT,2024-01-09,17,11,7,11,8,54.55,54.55,75.0,65.27,12.82,2.67,67.36,4.38,2.34,7.75,34.38
PIT,2024-01-09,18,6,8,6,12,66.67,66.67,50.0,24.83,14.0,3.3,27.5,13.33,0.43,28.5,60.58
PIT,2024-01-09,19,7,6,9,8,55.56,55.56,37.5,114.67,18.22,7.67,121.56,16.75,0.51,15.38,76.38
PIT,2024-01-09,20,4,11,6,13,50.0,50.0,46.15,118.5,13.0,3.97,121.5,9.38,1.17,9.46,71.77
PIT,2024-01-09,21,2,6,5,7,60.0,60.0,14.29,32.8,15.0,4.14,36.4,24.71,1.36,50.14,86.86
PIT,2024-01-09,22,1,9,3,12,66.67,66.67,58.33,17.33,13.33,2.43,19.67,13.83,1.45,14.58,52.5
PIT,2024-01-09,23,0,12,3,11,33.33,33.33,27.27,25.0,10.33,0.13,24.67,3.55,4.67,20.09,59.82
PIT,2024-01-10,0,0,1,2,0,100.0,100.0,0.0,0.0,11.0,0.4,0.0,0.0,0.0,0.0,0.0
PIT,2024-01-10,1,0,0,0,1,0.0,0.0,100.0,0.0,0.0,0.0,0.0,0.0,3.5,0.0,0.0
PIT,2024-01-10,2,0,0,0,0,0.0,0.0,0.0,0.0,0.0,0.0,0.0,0.0,0.0,0.0,0.0
PIT,2024-01-10,4,0,1,0,2,0.0,0.0,100.0,0.0,0.0,0.0,0.0,0.0,1.0,0.0,0.0
PIT,2024-01-10,5,4,0,4,4,100.0,100.0,25.0,0.0,13.0,1.95,0.5,0.0,1.75,3.75,45.75
PIT,2024-01-10,6,19,1,20,1,80.0,40.0,0.0,15.2,26.7,15.26,28.1,2.0,0.5,5.0,68.0
PIT,2024-01-10,7,8,1,11,0,63.64,54.55,0.0,70.27,23.45,12.36,80.91,0.0,0.0,0.0,0.0
PIT,2024-01-10,8,8,2,12,2,66.67,50.0,50.0,36.42,27.33,16.66,49.67,8.5,1.5,19.0,159.5
PIT,2024-01-10,9,2,6,2,6,100.0,100.0,66.67,0.0,15.5,5.8,3.5,2.33,0.33,3.0,6.33
PIT,2024-01-10,10,5,7,6,6,83.33,0.0,66.67,3.17,29.83,19.05,21.33,1.83,0.83,4.17,116.17
PIT,2024-01-10,11,8,6,11,7,63.64,36.36,57.14,19.64,26.91,16.17,31.82,3.86,3.07,1.29,37.71
PIT,2024-01-10,12,5,4,9,6,55.56,33.33,66.67,38.22,24.78,14.2,51.44,3.83,1.0,0.67,11.33
PIT,2024-01-10,13,7,9,8,10,100.0,87.5,70.0,0.5,22.88,12.21,8.38,4.1,2.83,2.0,13.1
PIT,2024-01-10,14,4,6,4,6,50.0,25.0,83.33,19.0,18.25,8.4,27.0,1.5,1.33,0.5,6.0
PIT,2024-01-10,15,6,7,7,7,71.43,57.14,57.14,13.86,14.86,4.91,18.29,3.0,0.97,10.43,28.57
PIT,2024-01-10,16,12,12,13,15,61.54,53.85,80.0,47.0,16.62,5.65,51.08,3.07,0.07,1.2,28.93
PIT,2024-01-10,17,12,5,13,10,69.23,53.85,40.0,8.85,20.46,9.83,15.77,2.8,1.17,2.5,20.9
PIT,2024-01-10,18,6,7,9,8,77.78,55.56,75.0,8.44,21.33,10.49,17.33,1.38,1.8,2.0,16.63
PIT,2024-01-10,19,5,6,5,10,80.0,80.0,60.0,6.6,18.4,7.62,12.4,2.2,0.5,3.2,19.1
PIT,2024-01-10,20,4,10,4,10,75.0,75.0,90.0,24.75,17.5,7.9,29.25,0.7,0.68,0.1,3.8
PIT,2024-01-10,21,0,5,2,6,50.0,0.0,100.0,26.5,20.0,12.2,34.5,2.0,0.92,0.33,2.17
PIT,2024-01-10,22,2,9,4,10,75.0,0.0,100.0,7.25,46.75,36.15,40.25,1.0,0.51,0.0,1.0
PIT,2024-01-10,23,0,12,0,12,0.0,0.0,91.67,0.0,0.0,0.0,0.0,2.42,2.6,0.75,4.83
PIT,2024-01-11,0,0,2,0,1,0.0,0.0,100.0,0.0,0.0,0.0,0.0,0.0,0.3,0.0,5.0
PIT,2024-01-11,1,0,0,0,0,0.0,0.0,0.0,0.0,0.0,0.0,0.0,0.0,0.0,0.0,0.0
PIT,2024-01-11,3,0,0,0,0,0.0,0.0,0.0,0.0,0.0,0.0,0.0,0.0,0.0,0.0,0.0
PIT,2024-01-11,4,0,1,0,3,0.0,0.0,100.0,0.0,0.0,0.0,0.0,0.0,1.5,0.0,0.0
PIT,2024-01-11,5,4,0,6,3,66.67,66.67,100.0,21.33,19.17,8.6,27.83,0.0,1.5,4.33,9.67
PIT,2024-01-11,6,19,1,23,1,82.61,60.87,100.0,9.74,23.48,12.35,18.57,0.0,0.5,0.0,0.0
PIT,2024-01-11,7,9,1,11,1,100.0,54.55,100.0,0.0,24.55,13.57,10.09,2.0,0.5,15.0,9.0
PIT,2024-01-11,8,10,2,13,1,84.62,53.85,100.0,3.08,23.38,12.78,12.38,0.0,0.5,0.0,0.0
PIT,2024-01-11,9,3,7,3,8,100.0,100.0,50.0,0.0,18.33,7.93,4.67,0.63,3.35,15.38,31.75
PIT,2024-01-11,10,6,8,8,10,62.5,62.5,80.0,30.88,14.0,3.7,33.13,1.9,0.5,2.8,3.8
PIT,2024-01-11,11,11,6,13,6,84.62,84.62,83.33,7.69,10.62,0.54,7.62,4.33,1.5,5.17,6.5
PIT,2024-01-11,12,3,5,3,6,100.0,100.0,83.33,0.0,10.67,0.47,0.0,1.67,1.08,0.83,4.5
PIT,2024-01-11,13,8,11,8,11,87.5,87.5,100.0,6.0,14.13,4.07,7.38,3.09,3.12,3.45,1.18
PIT,2024-01-11,14,6,5,7,6,100.0,100.0,100.0,0.43,10.0,0.63,0.43,1.67,0.22,1.67,0.0
PIT,2024-01-11,15,7,8,7,13,100.0,100.0,53.85,0.86,11.0,0.77,0.57,4.23,0.68,7.23,17.46
PIT,2024-01-11,16,11,10,12,13,83.33,83.33,84.62,5.42,11.75,1.19,5.58,2.23,0.63,2.0,12.38
PIT,2024-01-11,17,11,7,13,11,61.54,61.54,81.82,27.23,13.23,2.93,28.69,1.55,0.54,2.82,7.45
PIT,2024-01-11,18,7,12,11,15,81.82,81.82,66.67,8.09,12.45,2.09,9.36,1.07,1.47,4.6,17.13
PIT,2024-01-11,19,9,5,10,9,80.0,80.0,44.44,8.9,11.2,1.18,9.0,1.78,1.8,4.89,17.89
PIT,2024-01-11,20,2,14,2,16,50.0,50.0,87.5,11.0,10.0,0.0,10.5,1.25,3.11,5.25,7.5
PIT,2024-01-11,21,2,4,5,6,60.0,60.0,83.33,14.8,11.8,1.76,15.4,1.83,2.17,2.33,9.17
PIT,2024-01-11,22,0,8,2,8,100.0,100.0,100.0,0.0,9.5,0.7,0.0,3.0,0.79,1.63,0.63
PIT,2024-01-11,23,0,11,1,12,0.0,100.0,75.0,16.0,6.0,0.0,11.0,1.17,0.53,2.67,18.83
PIT,2024-01-12,0,0,2,0,2,0.0,0.0,100.0,0.0,0.0,0.0,0.0,0.5,1.15,1.0,3.0
PIT,2024-01-12,1,0,0,0,0,0.0,0.0,0.0,0.0,0.0,0.0,0.0,0.0,0.0,0.0,0.0
PIT,2024-01-12,3,0,0,0,0,0.0,0.0,0.0,0.0,0.0,0.0,0.0,0.0,0.0,0.0,0.0
PIT,2024-01-12,4,0,1,0,3,0.0,0.0,100.0,0.0,0.0,0.0,0.0,0.33,1.5,0.0,0.0
PIT,2024-01-12,5,4,0,6,3,66.67,66.67,100.0,22.83,22.33,11.5,30.17,0.0,0.67,0.33,10.33
PIT,2024-01-12,6,19,1,22,1,81.82,40.91,100.0,16.14,26.64,15.24,28.18,0.0,3.5,0.0,0.0
PIT,2024-01-12,7,11,1,11,1,90.91,90.91,100.0,20.64,21.91,11.19,28.45,9.0,0.5,11.0,0.0
PIT,2024-01-12,8,9,2,8,3,87.5,87.5,66.67,2.13,16.0,5.64,3.38,2.33,2.83,1.33,8.33
PIT,2024-01-12,9,2,8,5,10,60.0,60.0,70.0,16.4,16.0,5.64,20.6,7.0,1.63,9.2,20.7
PIT,2024-01-12,10,7,11,7,9,85.71,85.71,77.78,18.14,10.29,0.63,18.0,1.89,1.98,7.78,8.89
PIT,2024-01-12,11,13,7,15,7,73.33,73.33,71.43,9.73,11.73,1.49,9.87,3.43,1.29,2.14,7.29
PIT,2024-01-12,12,4,4,6,4,66.67,66.67,100.0,10.67,11.83,0.93,10.83,2.0,0.13,0.0,3.25
PIT,2024-01-12,13,6,10,6,9,83.33,83.33,77.78,8.33,10.67,1.0,7.5,4.44,1.81,2.89,16.56
PIT,2024-01-12,14,6,6,6,7,66.67,66.67,42.86,45.0,10.5,0.6,45.0,2.86,0.33,5.86,31.86
PIT,2024-01-12,15,7,8,8,9,37.5,25.0,66.67,41.5,18.75,7.95,47.5,6.67,1.37,4.44,8.11
PIT,2024-01-12,16,11,10,13,13,84.62,76.92,76.92,8.38,14.62,4.35,10.69,5.31,1.38,4.62,12.31
PIT,2024-01-12,17,13,9,13,10,61.54,53.85,70.0,15.69,12.38,2.25,17.23,12.7,1.65,15.4,28.2
PIT,2024-01-12,18,8,10,8,12,75.0,75.0,50.0,19.75,12.38,1.98,21.13,10.0,0.89,7.42,40.83
PIT,2024-01-12,19,8,4,7,5,57.14,57.14,60.0,158.0,17.29,6.29,163.14,4.4,1.58,1.6,17.2
PIT,2024-01-12,20,2,15,2,16,0.0,0.0,68.75,35.5,15.0,4.4,39.5,6.13,2.52,3.69,20.25
PIT,2024-01-12,21,2,5,7,5,85.71,85.71,20.0,6.86,13.29,2.66,8.57,5.0,1.0,5.4,39.6
PIT,2024-01-12,22,1,8,1,9,100.0,100.0,33.33,0.0,15.0,4.4,3.0,2.78,1.88,2.44,123.22
PIT,2024-01-12,23,0,11,1,10,100.0,100.0,70.0,0.0,10.0,0.0,0.0,3.4,2.86,4.7,21.6
PIT,2024-01-13,0,0,0,0,3,0.0,0.0,66.67,0.0,0.0,0.0,0.0,14.67,1.87,16.0,22.33
PIT,2024-01-13,3,0,0,1,0,100.0,100.0,0.0,7.0,15.0,0.9,8.0,0.0,0.0,0.0,0.0
PIT,2024-01-13,4,0,1,0,1,0.0,0.0,100.0,0.0,0.0,0.0,0.0,0.0,0.0,0.0,0.0
PIT,2024-01-13,5,4,0,5,2,80.0,80.0,0.0,7.2,13.4,2.56,9.0,1.0,3.5,8.0,43.0
PIT,2024-01-13,6,14,1,16,1,93.75,75.0,100.0,4.38,19.94,8.73,11.81,0.0,3.5,0.0,0.0
PIT,2024-01-13,7,8,2,10,1,70.0,70.0,100.0,107.8,15.7,4.58,110.1,0.0,0.5,0.0,0.0
PIT,2024-01-13,8,11,4,11,3,90.91,72.73,100.0,2.73,21.0,10.75,11.36,1.67,1.5,0.0,0.0
PIT,2024-01-13,9,3,5,6,7,66.67,16.67,71.43,10.83,27.67,17.47,26.33,2.57,0.71,4.14,12.71
PIT,2024-01-13,10,5,6,6,7,83.33,16.67,85.71,5.83,29.0,18.7,22.5,3.86,0.86,7.0,83.71
PIT,2024-01-13,11,8,5,8,5,87.5,62.5,60.0,24.13,20.13,9.81,31.75,1.8,1.5,5.2,71.6
PIT,2024-01-13,12,3,3,3,6,100.0,33.33,83.33,0.67,27.67,16.73,16.0,4.17,1.3,4.17,15.83
PIT,2024-01-13,13,7,7,8,9,37.5,37.5,55.56,58.75,26.75,17.21,73.88,7.0,1.5,9.33,30.89
PIT,2024-01-13,14,4,7,6,7,50.0,33.33,71.43,28.33,20.83,9.8,35.67,0.86,1.83,2.57,19.43
PIT,2024-01-13,15,9,11,10,14,50.0,40.0,78.57,32.2,25.7,15.23,46.9,2.29,3.11,5.14,16.21
PIT,2024-01-13,16,11,10,12,15,83.33,50.0,60.0,24.17,22.83,11.91,33.92,14.27,5.64,15.73,35.07
PIT,2024-01-13,17,7,7,7,8,71.43,28.57,75.0,30.71,18.43,8.21,38.57,6.63,1.96,1.63,6.88
PIT,2024-01-13,18,6,6,8,10,87.5,50.0,80.0,4.5,22.88,13.08,16.75,5.2,2.69,5.1,10.8
PIT,2024-01-13,19,5,4,5,4,80.0,60.0,50.0,7.0,27.0,16.42,20.0,4.75,0.43,4.5,32.25
PIT,2024-01-13,20,0,6,0,6,0.0,0.0,66.67,0.0,0.0,0.0,0.0,1.83,0.97,12.0,15.5
PIT,2024-01-13,21,0,3,0,3,0.0,0.0,33.33,0.0,0.0,0.0,0.0,0.33,0.17,0.0,53.0
PIT,2024-01-13,22,0,8,0,8,0.0,0.0,25.0,0.0,0.0,0.0,0.0,2.5,0.25,8.5,49.13
PIT,2024-01-13,23,0,9,0,10,0.0,0.0,40.0,0.0,0.0,0.0,0.0,2.7,1.35,6.6,42.1
PIT,2024-01-14,0,0,1,0,1,0.0,0.0,100.0,0.0,0.0,0.0,0.0,0.0,0.0,0.0,0.0
PIT,2024-01-14,1,0,0,1,1,100.0,100.0,0.0,0.0,10.0,0.0,0.0,10.0,0.5,17.0,79.0
PIT,2024-01-14,3,0,0,1,0,100.0,100.0,0.0,0.0,10.0,0.0,0.0,0.0,0.0,0.0,0.0
PIT,2024-01-14,4,0,1,0,1,0.0,0.0,100.0,0.0,0.0,0.0,0.0,1.0,1.5,0.0,0.0
PIT,2024-01-14,5,4,0,5,0,100.0,0.0,0.0,1.4,38.6,28.48,27.4,0.0,0.0,0.0,0.0
PIT,2024-01-14,6,15,1,16,1,100.0,0.0,100.0,1.63,48.88,37.33,36.69,0.0,4.5,0.0,0.0
PIT,2024-01-14,7,7,0,8,1,100.0,0.0,0.0,1.5,40.13,28.31,27.75,10.0,1.5,18.0,32.0
PIT,2024-01-14,8,9,1,10,1,70.0,10.0,100.0,10.5,33.2,21.85,29.5,0.0,0.5,0.0,0.0
PIT,2024-01-14,9,3,7,6,7,66.67,66.67,57.14,12.33,18.0,7.5,17.33,2.71,1.27,2.29,14.71
PIT,2024-01-14,10,8,4,10,5,80.0,60.0,80.0,7.2,16.7,6.37,12.7,8.6,2.8,5.2,4.0
PIT,2024-01-14,11,7,7,9,8,77.78,88.89,50.0,18.33,12.44,2.62,20.11,5.38,0.63,6.25,37.63
PIT,2024-01-14,12,8,8,10,9,50.0,40.0,44.44,15.0,12.6,3.06,17.1,3.11,2.39,6.78,23.78
PIT,2024-01-14,13,10,9,12,10,58.33,50.0,50.0,17.83,14.25,3.81,21.25,4.1,1.38,8.6,69.2
PIT,2024-01-14,14,5,3,6,5,16.67,16.67,0.0,58.5,13.33,2.93,61.0,2.4,0.48,7.4,39.4
PIT,2024-01-14,15,4,8,6,8,66.67,33.33,87.5,28.0,18.83,7.72,35.17,3.0,2.16,7.88,6.0
PIT,2024-01-14,16,11,7,11,9,72.73,72.73,66.67,21.91,15.27,4.74,25.73,2.0,0.64,6.67,17.56
PIT,2024-01-14,17,8,8,9,11,44.44,44.44,45.45,49.67,14.78,4.13,51.78,9.55,2.54,8.45,61.27
PIT,2024-01-14,18,4,11,4,12,50.0,50.0,50.0,54.75,12.5,2.7,55.5,1.42,2.18,12.58,19.0
PIT,2024-01-14,19,11,8,11,8,54.55,63.64,87.5,79.55,12.27,1.73,80.73,1.75,1.84,0.0,6.0
PIT,2024-01-14,20,4,12,4,13,75.0,75.0,53.85,5.5,9.5,0.3,5.5,1.38,1.55,5.54,19.62
PIT,2024-01-14,21,2,3,3,4,66.67,66.67,50.0,34.67,16.33,5.73,40.0,2.0,3.13,12.5,32.5
PIT,2024-01-14,22,1,10,2,9,100.0,50.0,33.33,4.5,30.0,19.7,24.0,1.56,0.66,1.67,78.78
PIT,2024-01-14,23,0,12,0,12,0.0,0.0,33.33,0.0,0.0,0.0,0.0,0.75,1.75,6.67,73.42
PIT,2024-01-15,0,0,2,0,1,0.0,0.0,100.0,0.0,0.0,0.0,0.0,0.0,0.0,0.0,0.0
PIT,2024-01-15,1,0,0,0,0,0.0,0.0,0.0,0.0,0.0,0.0,0.0,0.0,0.0,0.0,0.0
PIT,2024-01-15,2,0,0,0,0,0.0,0.0,0.0,0.0,0.0,0.0,0.0,0.0,0.0,0.0,0.0
PIT,2024-01-15,4,0,1,1,1,100.0,100.0,100.0,9.0,11.0,0.4,9.0,0.0,0.5,0.0,0.0
PIT,2024-01-15,5,4,0,4,0,100.0,75.0,0.0,1.75,25.5,14.18,12.0,0.0,0.0,0.0,0.0
PIT,2024-01-15,6,19,1,20,2,60.0,55.0,50.0,20.45,16.5,5.41,24.25,0.0,5.0,3.5,91.0
PIT,2024-01-15,7,11,1,11,1,63.64,63.64,0.0,27.0,15.27,4.47,29.55,0.0,0.5,12.0,29.0
PIT,2024-01-15,8,9,2,9,4,77.78,66.67,50.0,7.0,15.44,4.94,10.0,0.25,1.0,9.0,19.25
PIT,2024-01-15,9,2,8,3,10,100.0,100.0,80.0,0.0,11.67,1.47,0.0,2.2,4.45,8.2,7.8
PIT,2024-01-15,10,7,11,6,10,83.33,100.0,50.0,2.5,12.33,1.97,2.33,3.1,1.75,9.1,37.3
PIT,2024-01-15,11,13,7,13,9,69.23,69.23,55.56,33.23,12.0,1.85,33.92,2.44,0.61,5.78,40.22
PIT,2024-01-15,12,5,4,5,4,40.0,40.0,75.0,19.6,14.0,4.24,21.0,0.0,1.38,0.0,41.5
PIT,2024-01-15,13,7,10,9,10,100.0,100.0,60.0,2.22,12.56,2.56,3.22,2.5,0.4,7.3,18.9
PIT,2024-01-15,14,5,7,8,7,50.0,50.0,57.14,18.88,10.5,0.45,18.88,1.29,0.64,2.57,52.29
PIT,2024-01-15,15,7,8,6,7,66.67,66.67,28.57,56.0,14.5,4.4,58.17,2.43,2.04,21.0,71.86
PIT,2024-01-15,16,13,11,14,16,64.29,64.29,56.25,23.21,13.0,2.49,24.07,2.0,0.69,7.19,29.88
PIT,2024-01-15,17,11,7,10,8,40.0,40.0,25.0,62.9,12.9,3.17,65.3,3.75,0.46,16.25,104.13
PIT,2024-01-15,18,8,11,9,10,44.44,44.44,20.0,14.67,11.33,1.27,15.44,2.2,5.09,14.9,39.1
PIT,2024-01-15,19,8,4,5,5,20.0,20.0,20.0,34.0,10.0,0.08,33.2,1.6,2.24,9.4,21.6
PIT,2024-01-15,20,1,13,1,13,100.0,0.0,53.85,0.0,34.0,23.4,23.0,5.0,1.28,19.62,55.08
PIT,2024-01-15,21,2,5,2,8,50.0,50.0,50.0,17.0,8.0,0.7,13.5,1.75,0.81,4.63,22.38
PIT,2024-01-15,22,0,8,2,8,50.0,50.0,50.0,19.0,21.0,10.4,22.0,20.75,1.31,39.88,58.63
PIT,2024-01-15,23,0,11,1,10,0.0,0.0,30.0,18.0,44.0,30.0,48.0,1.2,1.1,4.8,74.1
PIT,2024-01-16,0,0,0,2,1,50.0,50.0,100.0,9.0,25.0,13.85,23.0,0.0,0.3,0.0,0.0
PIT,2024-01-16,1,0,0,0,0,0.0,0.0,0.0,0.0,0.0,0.0,0.0,0.0,0.0,0.0,0.0
PIT,2024-01-16,4,0,1,0,1,0.0,0.0,100.0,0.0,0.0,0.0,0.0,0.0,2.5,0.0,0.0
PIT,2024-01-16,5,4,0,4,1,75.0,0.0,0.0,4.25,42.25,31.65,33.25,0.0,2.5,0.0,17.0
PIT,2024-01-16,6,18,1,14,1,71.43,7.14,100.0,48.21,40.0,28.5,75.07,1.0,3.5,0.0,0.0
PIT,2024-01-16,7,7,1,5,2,40.0,0.0,50.0,46.4,42.4,31.02,76.8,3.5,4.5,23.0,116.0
PIT,2024-01-16,8,8,2,10,3,40.0,0.0,0.0,22.7,43.4,32.4,54.6,0.0,4.83,18.67,48.67
PIT,2024-01-16,9,3,6,6,6,66.67,0.0,33.33,34.67,35.33,24.73,59.0,1.0,4.5,31.17,37.0
PIT,2024-01-16,10,6,7,6,7,66.67,16.67,28.57,17.33,40.17,29.28,45.83,5.86,2.89,30.0,132.43
PIT,2024-01-16,11,8,6,9,6,55.56,22.22,33.33,79.56,31.56,20.87,99.56,3.67,2.33,14.83,25.0
PIT,2024-01-16,12,6,4,5,5,20.0,0.0,60.0,25.6,33.2,22.4,48.0,4.2,2.86,9.0,28.8
PIT,2024-01-16,13,7,9,9,9,55.56,22.22,44.44,22.78,33.22,22.24,44.78,2.67,2.26,14.56,74.22
PIT,2024-01-16,14,4,5,4,4,50.0,50.0,50.0,18.75,12.5,2.75,21.5,2.0,1.75,7.75,51.75
PIT,2024-01-16,15,6,6,7,9,28.57,28.57,22.22,36.29,19.43,8.27,38.57,2.33,1.7,20.0,25.22
PIT,2024-01-16,16,11,12,15,16,40.0,40.0,56.25,21.13,14.93,4.27,25.2,3.69,2.38,4.19,27.31
PIT,2024-01-16,17,10,5,10,5,40.0,20.0,40.0,29.6,17.7,6.89,35.8,2.4,3.44,6.2,30.2
PIT,2024-01-16,18,6,8,9,12,55.56,55.56,41.67,22.78,16.33,5.53,26.67,2.83,0.81,10.58,57.25
PIT,2024-01-16,19,5,7,7,9,28.57,28.57,33.33,64.29,10.29,0.56,63.57,3.44,1.3,7.56,41.33
PIT,2024-01-16,20,4,9,4,14,75.0,50.0,42.86,11.5,18.75,8.8,20.0,2.36,1.37,7.21,32.64
PIT,2024-01-16,21,1,5,3,6,100.0,66.67,50.0,2.33,27.0,17.8,18.33,4.33,1.42,7.0,20.67
PIT,2024-01-16,22,1,9,5,8,100.0,60.0,25.0,0.0,29.4,18.8,15.6,1.88,1.41,4.5,67.63
PIT,2024-01-16,23,0,12,0,12,0.0,0.0,50.0,0.0,0.0,0.0,0.0,2.17,1.35,0.5,32.25
PIT,2024-01-17,0,0,1,0,0,0.0,0.0,0.0,0.0,0.0,0.0,0.0,0.0,0.0,0.0,0.0
PIT,2024-01-17,1,0,0,0,0,0.0,0.0,0.0,0.0,0.0,0.0,0.0,0.0,0.0,0.0,0.0
PIT,2024-01-17,2,0,0,0,0,0.0,0.0,0.0,0.0,0.0,0.0,0.0,0.0,0.0,0.0,0.0
PIT,2024-01-17,4,0,1,0,2,0.0,0.0,100.0,0.0,0.0,0.0,0.0,0.5,1.5,0.0,6.0
PIT,2024-01-17,5,4,0,5,2,80.0,80.0,0.0,32.4,17.6,6.3,35.0,0.5,4.5,7.5,66.0
PIT,2024-01-17,6,19,1,20,1,80.0,65.0,100.0,19.2,23.35,12.1,28.35,0.0,2.5,2.0,0.0
PIT,2024-01-17,7,8,1,9,1,88.89,55.56,100.0,40.11,24.67,13.24,50.11,6.0,0.5,14.0,0.0
PIT,2024-01-17,8,8,2,11,2,63.64,63.64,100.0,47.36,15.27,4.79,48.73,0.5,2.5,10.5,3.0
PIT,2024-01-17,9,2,6,4,8,25.0,25.0,62.5,21.25,12.75,2.45,23.5,0.25,0.5,7.25,18.25
PIT,2024-01-17,10,5,7,6,6,83.33,66.67,83.33,13.33,14.83,4.83,16.33,3.83,3.58,6.5,27.83
PIT,2024-01-17,11,8,6,10,6,60.0,60.0,50.0,29.9,11.2,1.04,30.0,3.33,0.42,5.83,22.0
PIT,2024-01-17,12,6,4,7,4,57.14,57.14,75.0,33.14,11.29,1.31,33.29,0.75,1.32,2.5,14.75
PIT,2024-01-17,13,7,9,8,12,75.0,75.0,66.67,53.0,12.5,2.35,53.38,2.25,1.38,2.5,12.67
PIT,2024-01-17,14,4,6,7,6,42.86,42.86,66.67,15.29,11.14,1.34,16.29,0.67,0.58,3.83,15.0
PIT,2024-01-17,15,6,8,7,10,85.71,71.43,80.0,5.29,13.43,2.54,7.14,2.7,1.33,6.4,6.9
PIT,2024-01-17,16,12,11,12,14,100.0,91.67,78.57,0.42,13.75,3.7,2.75,1.29,0.27,0.36,9.43
PIT,2024-01-17,17,11,5,14,7,78.57,57.14,57.14,14.0,19.0,8.81,21.43,2.57,0.33,3.29,31.14
PIT,2024-01-17,18,6,7,8,7,87.5,87.5,85.71,4.13,12.0,1.52,5.25,1.0,0.56,4.0,6.29
PIT,2024-01-17,19,5,6,5,10,100.0,100.0,60.0,1.6,18.6,7.66,6.6,2.7,1.52,6.4,20.0
PIT,2024-01-17,20,4,10,4,11,75.0,75.0,90.91,6.5,13.25,3.7,10.0,1.45,2.11,5.0,4.27
PIT,2024-01-17,21,0,5,1,5,0.0,0.0,80.0,38.0,37.0,26.4,64.0,1.2,1.6,0.6,3.8
PIT,2024-01-17,22,2,9,5,9,80.0,80.0,77.78,15.0,12.2,3.08,17.0,3.11,0.48,2.22,4.44
PIT,2024-01-17,23,0,12,0,12,0.0,0.0,66.67,0.0,0.0,0.0,0.0,2.33,1.13,1.25,8.33
PIT,2024-01-18,0,0,2,0,1,0.0,0.0,0.0,0.0,0.0,0.0,0.0,0.0,2.3,0.0,53.0
PIT,2024-01-18,4,0,1,0,2,0.0,0.0,100.0,0.0,0.0,0.0,0.0,0.0,3.0,4.5,7.0
PIT,2024-01-18,5,4,0,5,3,80.0,80.0,33.33,16.8,13.6,2.32,17.0,0.0,3.83,1.0,26.33
PIT,2024-01-18,6,19,1,21,1,85.71,85.71,100.0,10.1,14.1,2.89,11.62,0.0,3.5,0.0,0.0
PIT,2024-01-18,7,9,1,10,1,90.0,90.0,100.0,2.7,13.5,3.26,4.9,4.0,0.5,16.0,10.0
PIT,2024-01-18,8,10,2,9,2,100.0,77.78,100.0,0.0,21.33,10.79,7.0,0.0,0.0,0.0,0.0
PIT,2024-01-18,9,3,7,3,8,100.0,100.0,75.0,0.0,9.67,0.47,0.0,0.88,0.56,3.13,25.0
PIT,2024-01-18,10,6,8,7,9,85.71,85.71,88.89,23.57,14.43,3.93,26.43,3.44,1.28,3.44,6.0
PIT,2024-01-18,11,11,6,14,7,85.71,85.71,71.43,6.36,12.43,2.13,7.43,4.14,0.64,7.29,16.86
PIT,2024-01-18,12,4,5,5,6,60.0,60.0,83.33,23.6,12.2,1.64,24.2,0.17,0.5,4.0,18.67
PIT,2024-01-18,13,8,11,9,12,66.67,66.67,91.67,26.33,14.33,4.06,27.78,2.0,1.25,1.08,10.75
PIT,2024-01-18,14,6,5,7,5,71.43,71.43,80.0,22.29,12.0,2.2,23.86,2.6,0.9,2.4,16.6
PIT,2024-01-18,15,7,8,10,8,90.0,70.0,75.0,7.2,18.7,7.84,13.0,0.75,0.85,2.75,8.63
PIT,2024-01-18,16,11,10,11,14,90.91,72.73,78.57,5.73,19.09,8.42,11.18,2.21,1.38,2.0,17.79
PIT,2024-01-18,17,10,7,11,7,72.73,63.64,71.43,33.36,13.18,3.44,35.73,2.57,0.41,0.43,48.29
PIT,2024-01-18,18,7,11,7,11,100.0,100.0,81.82,3.14,12.0,1.54,3.0,2.0,1.39,3.55,11.64
PIT,2024-01-18,19,8,5,8,7,75.0,62.5,71.43,10.75,15.0,4.49,14.5,13.43,1.0,1.29,13.43
PIT,2024-01-18,20,2,14,2,17,100.0,100.0,64.71,0.0,10.5,0.2,0.0,0.65,0.74,3.35,18.29
PIT,2024-01-18,21,2,4,4,5,50.0,50.0,60.0,17.5,12.0,1.95,19.25,1.2,1.7,3.0,7.8
PIT,2024-01-18,22,0,8,2,9,100.0,100.0,77.78,0.0,17.5,7.7,0.0,1.0,0.46,1.44,10.67
PIT,2024-01-18,23,0,11,1,11,100.0,0.0,81.82,0.0,26.0,15.4,15.0,1.09,0.65,0.0,13.45
PIT,2024-01-19,0,0,2,0,2,0.0,0.0,100.0,0.0,0.0,0.0,0.0,2.0,0.15,0.0,0.5
PIT,2024-01-19,1,0,0,0,1,0.0,0.0,100.0,0.0,0.0,0.0,0.0,9.0,4.5,0.0,0.0
PIT,2024-01-19,2,0,0,0,1,0.0,0.0,100.0,0.0,0.0,0.0,0.0,3.0,10.5,6.0,11.0
PIT,2024-01-19,4,0,1,0,2,0.0,0.0,100.0,0.0,0.0,0.0,0.0,0.5,2.5,0.0,1.5
PIT,2024-01-19,5,5,0,5,2,100.0,20.0,0.0,0.0,45.0,33.7,26.8,1.5,6.0,9.5,61.5
PIT,2024-01-19,6,18,1,17,2,76.47,5.88,100.0,31.29,50.94,39.31,67.53,0.0,2.5,3.0,2.5
PIT,2024-01-19,7,11,1,11,1,100.0,0.0,0.0,0.45,50.0,38.95,35.45,2.0,1.5,10.0,27.0
PIT,2024-01-19,8,8,2,11,2,72.73,9.09,50.0,12.91,40.18,29.22,40.09,0.0,1.5,10.5,19.5
PIT,2024-01-19,9,3,8,3,7,66.67,0.0,71.43,13.0,42.67,32.07,42.0,2.0,3.61,10.29,15.0
PIT,2024-01-19,10,6,9,7,13,57.14,14.29,46.15,24.43,35.14,24.21,44.71,4.15,4.23,11.38,39.31
PIT,2024-01-19,11,12,8,15,8,60.0,20.0,37.5,29.47,35.8,25.03,51.2,4.0,4.88,14.38,24.75
PIT,2024-01-19,12,6,3,8,4,37.5,12.5,50.0,37.5,34.25,23.23,57.75,3.75,2.63,12.75,51.25
PIT,2024-01-19,13,6,11,7,9,42.86,0.0,22.22,58.43,34.0,23.24,81.29,2.78,2.09,16.78,82.89
PIT,2024-01-19,14,6,6,7,8,57.14,28.57,37.5,14.0,28.29,18.11,31.71,1.25,1.44,9.75,36.88
PIT,2024-01-19,15,7,9,9,8,44.44,0.0,62.5,23.56,35.89,24.79,48.22,1.0,2.04,6.63,30.25
PIT,2024-01-19,16,11,10,8,13,25.0,12.5,46.15,80.88,37.13,25.81,105.88,3.31,2.98,12.92,39.62
PIT,2024-01-19,17,12,8,13,7,69.23,0.0,28.57,18.38,39.85,29.22,46.0,2.0,4.31,5.0,29.57
PIT,2024-01-19,18,7,10,5,10,40.0,0.0,70.0,13.4,46.6,35.56,48.8,2.5,4.87,13.1,21.4
PIT,2024-01-19,19,8,4,7,5,57.14,0.0,40.0,23.14,49.0,37.79,58.71,2.4,6.24,14.8,34.0
PIT,2024-01-19,20,2,13,3,14,66.67,66.67,42.86,19.33,21.0,10.6,29.67,1.64,4.05,8.86,51.93
PIT,2024-01-19,21,1,5,3,6,33.33,0.0,83.33,51.33,62.67,52.07,103.0,2.0,5.75,1.83,22.33
PIT,2024-01-19,22,1,8,1,8,0.0,0.0,62.5,20.0,87.0,76.4,96.0,1.25,3.8,5.0,30.75
PIT,2024-01-19,23,0,11,0,11,0.0,0.0,54.55,0.0,0.0,0.0,0.0,1.36,6.13,5.91,28.55
PIT,2024-01-20,0,0,1,0,2,0.0,0.0,100.0,0.0,0.0,0.0,0.0,2.0,1.4,0.0,0.0
PIT,2024-01-20,1,0,0,0,0,0.0,0.0,0.0,0.0,0.0,0.0,0.0,0.0,0.0,0.0,0.0
PIT,2024-01-20,2,0,0,0,0,0.0,0.0,0.0,0.0,0.0,0.0,0.0,0.0,0.0,0.0,0.0
PIT,2024-01-20,4,0,1,0,1,0.0,0.0,100.0,0.0,0.0,0.0,0.0,1.0,3.5,0.0,0.0
PIT,2024-01-20,5,3,0,3,1,100.0,33.33,100.0,4.67,29.33,17.97,21.0,0.0,1.5,6.0,11.0
PIT,2024-01-20,6,15,1,18,1,83.33,33.33,100.0,18.17,32.72,21.31,36.44,0.0,5.5,0.0,0.0
PIT,2024-01-20,7,8,2,10,4,80.0,30.0,50.0,19.7,31.1,19.59,33.9,0.0,2.13,6.0,41.25
PIT,2024-01-20,8,11,4,13,4,92.31,53.85,75.0,2.46,30.15,19.34,18.92,0.0,1.25,3.5,12.5
PIT,2024-01-20,9,3,5,4,7,75.0,25.0,57.14,7.0,22.5,12.65,16.75,21.0,1.69,21.0,53.86
PIT,2024-01-20,10,5,6,8,7,62.5,50.0,71.43,30.63,20.88,10.95,39.75,2.86,1.81,9.71,25.0
PIT,2024-01-20,11,8,5,8,6,75.0,50.0,66.67,18.0,22.88,12.47,28.75,1.5,7.08,2.17,8.83
PIT,2024-01-20,12,3,3,3,3,100.0,66.67,100.0,0.33,21.0,10.07,9.67,2.33,1.27,0.0,0.0
PIT,2024-01-20,13,7,7,7,8,71.43,71.43,37.5,10.43,13.86,3.6,11.71,4.13,1.44,4.88,69.0
PIT,2024-01-20,14,4,7,5,9,40.0,40.0,88.89,55.2,10.0,0.08,54.2,2.0,1.37,1.33,5.0
PIT,2024-01-20,15,9,11,11,12,72.73,63.64,75.0,11.55,16.27,6.49,17.09,2.58,1.71,2.75,15.08
PIT,2024-01-20,16,11,9,12,13,75.0,75.0,76.92,17.83,11.58,1.25,17.83,3.23,1.82,2.31,10.77
PIT,2024-01-20,17,7,8,10,9,60.0,60.0,77.78,19.7,12.5,1.98,20.8,1.56,2.52,3.56,13.33
PIT,2024-01-20,18,7,5,9,7,66.67,66.67,28.57,24.67,11.0,0.84,24.67,2.0,4.2,9.29,52.43
PIT,2024-01-20,19,4,4,4,5,50.0,50.0,100.0,23.75,20.0,9.0,31.5,2.8,0.74,3.8,1.0
PIT,2024-01-20,20,0,6,0,6,0.0,0.0,50.0,0.0,0.0,0.0,0.0,2.17,1.28,2.5,33.83
PIT,2024-01-20,21,0,3,0,4,0.0,0.0,0.0,0.0,0.0,0.0,0.0,2.0,1.25,6.25,31.75
PIT,2024-01-20,22,0,8,0,8,0.0,0.0,75.0,0.0,0.0,0.0,0.0,2.25,1.89,4.25,5.25
PIT,2024-01-20,23,0,9,0,10,0.0,0.0,50.0,0.0,0.0,0.0,0.0,1.7,3.67,4.0,30.3
PIT,2024-01-21,0,0,1,0,1,0.0,0.0,100.0,0.0,0.0,0.0,0.0,0.0,1.3,0.0,0.0
PIT,2024-01-21,1,0,0,0,0,0.0,0.0,0.0,0.0,0.0,0.0,0.0,0.0,0.0,0.0,0.0
PIT,2024-01-21,4,0,1,0,1,0.0,0.0,100.0,0.0,0.0,0.0,0.0,1.0,2.5,5.0,0.0
PIT,2024-01-21,5,5,0,5,0,100.0,20.0,0.0,1.0,35.8,24.98,21.8,0.0,0.0,0.0,0.0
PIT,2024-01-21,6,15,1,15,1,100.0,26.67,100.0,0.2,38.4,26.55,20.53,0.0,1.5,0.0,0.0
PIT,2024-01-21,7,9,0,9,0,100.0,55.56,0.0,0.0,32.22,20.93,13.78,0.0,0.0,0.0,0.0
PIT,2024-01-21,8,9,1,9,2,88.89,55.56,100.0,8.11,32.56,21.51,24.0,7.5,6.0,3.0,1.5
PIT,2024-01-21,9,3,8,5,8,100.0,80.0,75.0,1.6,22.6,12.12,10.4,1.63,2.03,0.25,18.0
PIT,2024-01-21,10,8,6,9,6,66.67,55.56,66.67,17.11,22.56,12.06,23.33,2.17,3.42,9.67,9.83
PIT,2024-01-21,11,9,8,9,9,88.89,88.89,66.67,1.89,11.44,0.71,1.78,4.22,2.28,1.78,16.44
PIT,2024-01-21,12,8,7,8,8,75.0,75.0,87.5,10.63,12.75,2.42,12.5,1.5,0.56,2.0,8.0
PIT,2024-01-21,13,9,9,10,11,80.0,80.0,72.73,7.2,10.7,0.87,7.9,2.55,0.73,1.82,9.0
PIT,2024-01-21,14,5,4,6,7,66.67,50.0,57.14,10.17,12.33,2.0,11.83,1.0,0.61,2.57,13.57
PIT,2024-01-21,15,5,7,7,8,71.43,71.43,75.0,144.57,11.14,0.77,144.0,0.0,0.91,1.25,12.25
PIT,2024-01-21,16,10,8,12,9,91.67,91.67,100.0,2.25,12.0,1.58,2.75,2.0,1.17,2.11,0.44
PIT,2024-01-21,17,8,8,10,9,60.0,60.0,77.78,10.4,10.7,0.84,10.7,1.33,0.58,0.89,11.44
PIT,2024-01-21,18,5,10,7,12,85.71,85.71,41.67,10.29,12.29,1.83,11.0,1.17,1.18,3.83,26.17
PIT,2024-01-21,19,10,8,12,9,58.33,58.33,77.78,21.25,13.17,2.69,22.92,1.56,1.39,1.67,12.56
PIT,2024-01-21,20,4,13,4,13,75.0,75.0,84.62,9.75,9.5,0.55,10.5,0.08,1.59,0.0,15.77
PIT,2024-01-21,21,2,3,2,3,50.0,50.0,66.67,60.0,10.0,0.0,59.5,0.67,2.0,0.33,45.67
PIT,2024-01-21,22,1,10,1,10,100.0,0.0,70.0,0.0,46.0,35.4,22.0,0.0,1.31,0.4,8.8
PIT,2024-01-21,23,0,12,0,13,0.0,0.0,76.92,0.0,0.0,0.0,0.0,0.08,1.72,1.15,23.08
PIT,2024-01-22,0,0,2,0,2,0.0,0.0,100.0,0.0,0.0,0.0,0.0,5.5,0.9,6.0,0.0
PIT,2024-01-22,1,0,0,1,0,100.0,100.0,0.0,0.0,10.0,0.0,0.0,0.0,0.0,0.0,0.0
PIT,2024-01-22,4,0,1,0,1,0.0,0.0,100.0,0.0,0.0,0.0,0.0,0.0,1.5,0.0,0.0
PIT,2024-01-22,5,4,0,5,0,100.0,100.0,0.0,0.0,21.8,10.62,5.8,0.0,0.0,0.0,0.0
PIT,2024-01-22,6,18,1,19,1,89.47,73.68,100.0,11.37,25.95,14.43,21.47,0.0,1.5,3.0,2.0
PIT,2024-01-22,7,12,1,12,2,91.67,66.67,50.0,8.17,21.42,10.4,17.25,5.5,1.5,8.5,8.5
PIT,2024-01-22,8,8,2,9,2,88.89,66.67,50.0,5.0,21.44,10.47,12.78,8.5,2.5,12.0,32.0
PIT,2024-01-22,9,3,8,3,8,100.0,100.0,75.0,0.67,14.0,3.8,1.67,0.75,2.91,4.0,5.75
PIT,2024-01-22,10,6,9,6,10,100.0,100.0,100.0,0.83,10.5,0.73,0.0,3.5,1.75,6.4,3.9
PIT,2024-01-22,11,12,8,13,9,84.62,84.62,88.89,5.0,11.38,1.12,4.92,1.0,1.61,1.67,3.0
PIT,2024-01-22,12,6,3,7,4,100.0,85.71,100.0,1.0,12.14,2.26,2.71,0.0,0.5,2.0,2.25
PIT,2024-01-22,13,7,11,8,12,87.5,87.5,91.67,5.38,10.75,1.15,5.25,0.58,0.94,1.92,1.75
PIT,2024-01-22,14,5,7,6,7,83.33,66.67,71.43,14.67,11.0,0.97,14.83,0.0,1.43,0.0,11.0
PIT,2024-01-22,15,7,8,7,9,71.43,71.43,77.78,10.57,12.43,1.94,11.86,1.89,1.76,4.11,4.33
PIT,2024-01-22,16,12,11,13,14,92.31,92.31,78.57,3.15,11.85,1.85,4.15,2.43,0.84,2.29,8.14
PIT,2024-01-22,17,11,6,11,5,81.82,72.73,100.0,6.73,12.36,2.07,7.18,0.0,0.26,0.2,1.6
PIT,2024-01-22,18,7,11,6,12,100.0,100.0,75.0,0.0,12.5,2.3,0.5,1.75,1.28,3.67,16.58
PIT,2024-01-22,19,8,5,9,5,66.67,66.67,80.0,28.89,14.56,4.11,30.44,0.0,0.8,0.0,30.2
PIT,2024-01-22,20,2,11,2,14,100.0,100.0,78.57,0.0,14.5,4.7,4.5,3.36,0.86,3.07,14.71
PIT,2024-01-22,21,1,5,3,5,66.67,66.67,60.0,7.0,12.33,1.93,8.33,0.0,3.4,2.8,31.4
PIT,2024-01-22,22,0,8,2,8,100.0,50.0,75.0,5.5,25.5,15.2,16.5,0.0,1.24,0.0,8.63
PIT,2024-01-22,23,0,11,0,11,0.0,0.0,81.82,0.0,0.0,0.0,0.0,0.0,0.65,2.82,5.45
PIT,2024-01-23,0,0,0,1,2,100.0,100.0,100.0,0.0,20.0,9.4,9.0,0.0,0.15,0.0,0.0
PIT,2024-01-23,4,0,1,0,2,0.0,0.0,100.0,0.0,0.0,0.0,0.0,5.5,0.5,4.5,0.0
PIT,2024-01-23,5,3,0,4,1,75.0,75.0,100.0,62.5,12.0,1.4,62.5,0.0,0.0,0.0,0.0
PIT,2024-01-23,6,19,1,20,3,95.0,90.0,100.0,10.65,16.85,5.87,14.8,0.0,2.5,4.0,0.67
PIT,2024-01-23,7,7,1,9,1,66.67,55.56,100.0,54.33,15.67,4.77,57.44,0.0,2.5,0.0,0.0
PIT,2024-01-23,8,8,2,9,1,88.89,100.0,100.0,1.67,12.56,2.01,1.78,0.0,0.0,0.0,0.0
PIT,2024-01-23,9,3,6,4,6,75.0,75.0,66.67,10.25,12.0,1.85,11.5,0.0,0.83,4.83,14.33
PIT,2024-01-23,10,6,7,7,7,85.71,85.71,100.0,12.0,10.29,0.14,12.0,0.14,1.29,1.57,0.86
PIT,2024-01-23,11,8,6,11,7,81.82,72.73,85.71,5.27,23.27,12.65,16.55,0.0,0.86,5.86,6.43
PIT,2024-01-23,12,6,4,10,4,80.0,80.0,100.0,9.9,10.6,0.72,9.7,0.0,0.83,0.0,0.0
PIT,2024-01-23,13,7,9,8,12,75.0,87.5,91.67,7.63,11.75,1.47,7.38,0.25,1.42,0.83,11.08
PIT,2024-01-23,14,4,5,4,7,75.0,75.0,85.71,28.75,11.0,1.1,29.75,0.0,1.07,0.14,3.43
PIT,2024-01-23,15,6,6,8,6,100.0,100.0,66.67,0.5,11.38,0.98,0.63,5.17,1.13,6.83,24.5
PIT,2024-01-23,16,11,12,11,15,81.82,81.82,86.67,10.45,13.27,2.86,11.82,0.0,2.59,0.33,14.93
PIT,2024-01-23,17,10,5,11,7,72.73,63.64,100.0,18.91,10.36,1.0,19.27,0.0,1.69,1.57,0.71
PIT,2024-01-23,18,6,8,8,10,75.0,75.0,60.0,10.88,12.38,1.58,10.75,2.1,0.87,2.1,21.7
PIT,2024-01-23,19,5,7,6,11,66.67,66.67,100.0,16.33,11.5,1.87,15.67,0.0,0.59,0.0,0.0
PIT,2024-01-23,20,4,9,3,12,100.0,100.0,91.67,0.0,12.0,2.33,2.0,1.5,0.86,1.5,1.33
PIT,2024-01-23,21,1,5,3,4,100.0,100.0,75.0,0.0,10.0,0.47,0.0,0.0,0.25,0.0,6.0
PIT,2024-01-23,22,1,9,3,10,100.0,100.0,90.0,0.0,10.0,0.47,0.0,0.0,0.43,1.8,4.3
PIT,2024-01-23,23,0,12,1,13,100.0,100.0,84.62,0.0,16.0,5.4,5.0,0.0,1.32,0.0,9.23
PIT,2024-01-24,0,0,1,0,2,0.0,0.0,100.0,0.0,0.0,0.0,0.0,0.5,4.0,8.0,0.0
PIT,2024-01-24,3,0,0,0,0,0.0,0.0,0.0,0.0,0.0,0.0,0.0,0.0,0.0,0.0,0.0
PIT,2024-01-24,4,0,1,0,1,0.0,0.0,100.0,0.0,0.0,0.0,0.0,0.0,2.5,6.0,0.0
PIT,2024-01-24,5,4,0,5,3,80.0,80.0,100.0,28.2,13.2,2.84,28.6,0.0,2.0,0.0,0.0
PIT,2024-01-24,6,19,1,21,2,80.95,76.19,100.0,15.48,13.0,2.53,16.9,0.5,0.5,0.0,7.0
PIT,2024-01-24,7,8,1,10,2,90.0,90.0,100.0,3.0,11.8,1.08,3.3,3.5,1.0,0.0,0.0
PIT,2024-01-24,8,8,2,12,4,50.0,50.0,75.0,18.17,11.17,0.92,18.42,5.0,0.75,6.25,3.75
PIT,2024-01-24,9,2,6,2,7,100.0,100.0,85.71,0.0,12.0,2.0,0.0,0.0,0.71,2.43,2.71
PIT,2024-01-24,10,5,7,7,9,85.71,85.71,88.89,3.0,14.14,4.21,6.29,1.89,1.0,5.56,4.0
PIT,2024-01-24,11,8,6,9,8,100.0,100.0,87.5,0.67,12.67,2.09,1.22,0.0,0.81,2.38,2.38
PIT,2024-01-24,12,6,4,10,5,80.0,80.0,100.0,7.5,11.8,1.76,8.6,4.0,1.8,2.4,0.0
PIT,2024-01-24,13,7,9,10,9,70.0,70.0,77.78,15.3,14.1,3.36,16.7,0.0,1.59,0.0,21.0
PIT,2024-01-24,14,4,6,7,6,85.71,85.71,83.33,5.29,17.71,7.63,11.71,0.0,0.5,1.33,5.0
PIT,2024-01-24,15,6,7,7,9,85.71,85.71,88.89,4.86,16.0,4.9,8.86,0.11,0.66,0.44,2.22
PIT,2024-01-24,16,12,12,11,15,90.91,90.91,80.0,9.18,12.36,2.25,9.55,0.13,1.52,4.0,11.13
PIT,2024-01-24,17,11,5,12,6,91.67,91.67,83.33,11.83,11.08,1.05,11.92,0.0,3.98,3.33,21.33
PIT,2024-01-24,18,6,7,5,5,60.0,80.0,60.0,6.6,10.6,0.76,5.2,0.0,1.68,1.0,11.4
PIT,2024-01-24,19,5,6,5,10,100.0,80.0,80.0,1.4,19.2,8.48,6.2,0.0,1.52,0.0,6.8
PIT,2024-01-24,20,4,10,2,11,100.0,100.0,81.82,0.0,11.0,1.7,1.0,4.18,2.52,4.64,5.27
PIT,2024-01-24,21,0,5,3,5,33.33,33.33,100.0,25.0,9.67,0.47,24.67,0.0,2.4,2.0,2.0
PIT,2024-01-24,22,2,9,4,9,100.0,100.0,100.0,0.0,13.0,2.8,1.75,0.0,0.46,0.44,1.44
PIT,2024-01-24,23,0,12,0,12,0.0,0.0,75.0,0.0,0.0,0.0,0.0,0.0,0.53,1.08,9.08
PIT,2024-01-25,0,0,2,0,1,0.0,0.0,100.0,0.0,0.0,0.0,0.0,0.0,0.0,0.0,10.0
PIT,2024-01-25,4,0,1,0,2,0.0,0.0,100.0,0.0,0.0,0.0,0.0,3.0,1.5,1.5,0.0
PIT,2024-01-25,5,4,0,6,1,83.33,83.33,100.0,43.17,15.5,4.32,45.83,0.0,4.5,0.0,0.0
PIT,2024-01-25,6,19,1,21,3,90.48,80.95,100.0,20.86,14.57,3.62,23.24,0.0,2.5,0.0,0.0
PIT,2024-01-25,7,9,1,11,2,81.82,81.82,100.0,7.09,12.0,1.71,8.0,0.0,1.5,0.0,0.0
PIT,2024-01-25,8,10,2,11,2,100.0,90.91,100.0,0.55,16.45,5.69,4.82,0.0,2.5,0.0,0.0
PIT,2024-01-25,9,3,7,4,8,75.0,75.0,100.0,5.75,19.25,8.65,11.0,0.0,2.1,1.25,1.0
PIT,2024-01-25,10,6,8,8,9,87.5,87.5,100.0,7.0,13.5,2.95,8.5,0.0,3.76,1.0,1.44
PIT,2024-01-25,11,11,6,12,7,58.33,58.33,71.43,20.67,13.83,2.73,21.75,0.0,2.64,0.43,24.57
PIT,2024-01-25,12,4,5,5,5,60.0,60.0,100.0,9.8,17.0,5.72,13.4,0.0,2.1,0.0,0.0
PIT,2024-01-25,13,8,11,10,13,80.0,80.0,76.92,11.5,14.0,3.88,14.1,0.31,1.79,0.62,15.46
PIT,2024-01-25,14,6,5,9,7,77.78,77.78,100.0,13.67,10.89,1.29,14.56,0.0,1.79,0.86,1.43
PIT,2024-01-25,15,7,8,10,6,80.0,80.0,83.33,33.5,11.5,1.6,34.1,0.0,2.13,2.33,7.5
PIT,2024-01-25,16,11,10,11,12,54.55,54.55,75.0,18.45,12.91,2.39,19.18,0.17,2.78,1.25,7.42
PIT,2024-01-25,17,10,7,13,9,69.23,61.54,66.67,21.23,12.15,3.12,23.15,0.0,2.87,0.67,24.44
PIT,2024-01-25,18,7,11,7,10,71.43,57.14,80.0,25.71,13.43,2.89,27.0,0.0,1.52,0.8,14.3
PIT,2024-01-25,19,8,5,7,6,85.71,71.43,100.0,11.0,16.0,5.14,15.71,0.0,1.0,0.17,0.0
PIT,2024-01-25,20,2,14,1,15,100.0,100.0,86.67,0.0,11.0,0.4,0.0,1.13,1.67,1.67,5.47
PIT,2024-01-25,21,2,4,4,4,100.0,100.0,75.0,0.0,12.75,2.3,0.5,0.5,0.25,0.5,31.0
PIT,2024-01-25,22,0,8,2,8,100.0,100.0,37.5,0.0,13.0,2.4,0.0,3.38,0.92,0.63,30.88
PIT,2024-01-25,23,0,11,0,14,0.0,0.0,78.57,0.0,0.0,0.0,0.0,1.71,2.12,3.14,5.64
PIT,2024-01-26,0,0,2,0,2,0.0,0.0,100.0,0.0,0.0,0.0,0.0,3.0,2.9,1.0,0.0
PIT,2024-01-26,4,0,1,0,2,0.0,0.0,100.0,0.0,0.0,0.0,0.0,3.0,1.0,1.5,0.0
PIT,2024-01-26,5,4,0,5,3,80.0,80.0,66.67,18.2,12.2,1.32,18.4,0.0,2.83,7.0,12.0
PIT,2024-01-26,6,19,1,23,4,86.96,86.96,50.0,10.48,12.26,1.63,11.3,2.5,1.75,10.0,11.0
PIT,2024-01-26,7,11,1,11,0,72.73,72.73,0.0,14.82,12.27,1.9,15.64,0.0,0.0,0.0,0.0
PIT,2024-01-26,8,8,2,9,2,88.89,88.89,50.0,12.44,14.56,3.63,13.0,1.0,0.5,10.5,58.0
PIT,2024-01-26,9,3,8,4,7,100.0,100.0,100.0,0.0,14.75,4.3,1.25,0.71,1.33,0.86,0.0
PIT,2024-01-26,10,6,9,6,9,100.0,100.0,77.78,0.0,15.67,5.03,2.67,3.89,1.72,4.44,11.78
PIT,2024-01-26,11,12,8,12,9,75.0,75.0,77.78,6.67,13.25,2.7,7.92,2.44,1.72,6.44,8.78
PIT,2024-01-26,12,6,3,8,4,87.5,62.5,100.0,34.75,14.0,3.25,36.38,1.0,2.25,2.75,4.5
PIT,2024-01-26,13,6,11,6,11,83.33,83.33,72.73,22.5,12.33,2.3,23.17,1.73,1.45,7.18,20.09
PIT,2024-01-26,14,6,6,8,8,62.5,62.5,75.0,34.0,11.38,1.78,35.0,3.13,0.88,1.88,9.63
PIT,2024-01-26,15,7,9,7,9,85.71,85.71,77.78,5.57,13.14,3.2,7.0,2.11,0.78,2.22,11.44
PIT,2024-01-26,16,11,10,10,16,70.0,60.0,68.75,16.2,12.8,2.19,18.1,2.63,1.58,2.69,31.19
PIT,2024-01-26,17,12,8,12,9,58.33,50.0,55.56,49.33,13.0,3.12,51.5,2.22,1.28,1.33,21.89
PIT,2024-01-26,18,7,10,7,9,85.71,85.71,55.56,6.43,11.57,1.4,6.57,1.78,0.74,1.22,18.44
PIT,2024-01-26,19,8,4,9,7,88.89,88.89,85.71,2.78,13.56,3.43,4.67,1.29,1.39,4.14,6.0
PIT,2024-01-26,20,2,13,2,13,50.0,50.0,76.92,8.5,10.0,0.0,8.0,2.31,1.45,1.54,10.77
PIT,2024-01-26,21,1,5,4,7,50.0,50.0,85.71,11.25,11.25,1.45,11.5,2.29,0.64,4.86,3.29
PIT,2024-01-26,22,1,8,2,8,50.0,50.0,75.0,24.5,13.5,3.7,22.5,1.75,0.73,0.88,14.75
PIT,2024-01-26,23,0,11,0,11,0.0,0.0,81.82,0.0,0.0,0.0,0.0,1.36,0.64,1.36,10.91
PIT,2024-01-27,0,0,1,0,2,0.0,0.0,100.0,0.0,0.0,0.0,0.0,0.5,0.0,0.0,0.0
PIT,2024-01-27,1,0,0,0,1,0.0,0.0,0.0,0.0,0.0,0.0,0.0,1.0,0.5,6.0,35.0
PIT,2024-01-27,4,0,1,0,1,0.0,0.0,100.0,0.0,0.0,0.0,0.0,2.0,3.5,9.0,0.0
PIT,2024-01-27,5,3,0,3,2,100.0,100.0,50.0,0.0,10.67,0.47,0.0,0.0,2.5,0.5,7.5
PIT,2024-01-27,6,15,1,17,1,94.12,94.12,100.0,4.71,12.06,1.45,4.59,0.0,2.5,2.0,0.0
PIT,2024-01-27,7,8,2,11,2,90.91,90.91,100.0,3.0,11.18,0.64,2.82,0.0,0.25,1.5,0.0
PIT,2024-01-27,8,11,4,12,4,91.67,91.67,75.0,4.92,11.75,1.61,5.67,44.5,1.75,46.75,42.0
PIT,2024-01-27,9,3,5,3,5,66.67,66.67,100.0,54.33,8.0,0.0,54.0,2.4,1.06,0.2,0.0
PIT,2024-01-27,10,5,6,6,7,83.33,83.33,57.14,4.5,11.33,1.2,4.5,4.86,0.86,1.29,13.71
PIT,2024-01-27,11,8,5,9,6,88.89,88.89,83.33,4.56,10.0,0.51,4.0,1.33,0.67,0.33,5.67
PIT,2024-01-27,12,3,3,5,4,40.0,40.0,50.0,78.0,8.2,0.0,75.4,2.0,0.13,3.5,80.0
PIT,2024-01-27,13,7,7,7,8,100.0,100.0,75.0,0.86,10.86,0.73,0.71,2.63,2.29,0.88,11.13
PIT,2024-01-27,14,4,7,4,8,75.0,75.0,62.5,8.75,11.0,1.35,7.75,0.88,1.44,0.75,9.63
PIT,2024-01-27,15,9,11,10,12,70.0,70.0,91.67,8.5,10.5,0.82,8.4,1.58,1.07,1.08,3.5
PIT,2024-01-27,16,11,9,13,11,100.0,100.0,100.0,0.0,11.54,1.03,0.38,2.18,1.74,2.09,1.27
PIT,2024-01-27,17,7,7,8,9,75.0,75.0,88.89,6.63,13.63,3.61,7.88,1.78,0.48,2.56,4.22
PIT,2024-01-27,18,6,4,8,6,100.0,100.0,66.67,0.25,13.5,3.16,2.0,2.83,1.08,0.67,12.0
PIT,2024-01-27,19,3,5,3,6,100.0,100.0,66.67,0.0,9.67,0.13,0.0,2.83,0.17,2.0,25.5
PIT,2024-01-27,20,1,6,1,7,0.0,0.0,85.71,28.0,11.0,0.0,27.0,5.0,1.1,0.71,17.14
PIT,2024-01-27,21,0,3,1,3,100.0,100.0,33.33,0.0,3.0,0.0,0.0,3.33,0.17,4.33,33.67
PIT,2024-01-27,22,0,8,0,8,0.0,0.0,87.5,0.0,0.0,0.0,0.0,4.38,1.76,2.38,3.75
PIT,2024-01-27,23,0,9,1,9,0.0,0.0,88.89,18.0,9.0,0.0,16.0,2.22,1.16,0.67,5.56
PIT,2024-01-28,0,0,1,0,1,0.0,0.0,0.0,0.0,0.0,0.0,0.0,0.0,2.3,0.0,22.0
PIT,2024-01-28,4,0,1,0,1,0.0,0.0,100.0,0.0,0.0,0.0,0.0,0.0,4.5,5.0,0.0
PIT,2024-01-28,5,5,0,5,0,100.0,100.0,0.0,0.0,12.2,1.88,1.0,0.0,0.0,0.0,0.0
PIT,2024-01-28,6,15,1,17,1,94.12,94.12,100.0,3.41,11.47,1.15,3.65,0.0,5.5,3.0,0.0
PIT,2024-01-28,7,9,0,9,0,100.0,100.0,0.0,0.0,12.67,1.94,0.0,0.0,0.0,0.0,0.0
PIT,2024-01-28,8,9,1,9,1,88.89,88.89,100.0,19.11,9.44,0.0,19.0,0.0,0.5,0.0,0.0
PIT,2024-01-28,9,3,8,4,8,75.0,75.0,100.0,32.25,11.75,1.15,32.5,4.0,1.29,1.13,0.0
PIT,2024-01-28,10,8,6,9,7,100.0,100.0,71.43,0.89,12.44,2.47,0.56,4.71,0.9,6.29,8.71
PIT,2024-01-28,11,9,8,11,10,90.91,72.73,50.0,5.64,19.82,9.36,13.09,5.6,0.65,12.0,24.1
PIT,2024-01-28,12,8,7,8,8,75.0,75.0,100.0,10.75,13.88,3.35,13.5,3.13,0.63,5.38,2.63
PIT,2024-01-28,13,9,9,10,9,90.0,90.0,88.89,3.2,11.9,1.9,4.1,4.22,1.98,3.56,4.11
PIT,2024-01-28,14,5,4,5,6,100.0,100.0,50.0,2.8,10.2,0.6,3.4,1.83,0.38,2.67,23.67
PIT,2024-01-28,15,5,7,7,9,57.14,57.14,88.89,12.43,12.0,1.66,12.86,6.11,0.54,3.78,4.0
PIT,2024-01-28,16,10,8,10,8,90.0,90.0,62.5,5.7,14.9,3.82,7.8,3.13,0.85,4.5,20.13
PIT,2024-01-28,17,8,8,10,10,80.0,80.0,90.0,8.3,14.5,3.85,10.4,2.8,2.28,3.6,7.5
PIT,2024-01-28,18,5,10,5,13,80.0,60.0,38.46,6.2,19.0,8.24,11.0,1.92,1.67,8.23,42.85
PIT,2024-01-28,19,10,8,12,8,58.33,58.33,62.5,32.58,14.42,4.98,36.0,1.63,0.4,0.88,36.63
PIT,2024-01-28,20,4,13,4,13,75.0,75.0,76.92,27.5,13.5,4.4,32.0,2.15,3.48,2.92,11.23
PIT,2024-01-28,21,2,3,2,3,0.0,0.0,100.0,48.0,14.0,3.4,51.0,2.33,2.5,7.0,8.0
PIT,2024-01-28,22,1,10,2,10,100.0,50.0,80.0,0.0,27.5,16.9,13.5,2.6,3.31,3.3,9.4
PIT,2024-01-28,23,0,12,0,13,0.0,0.0,69.23,0.0,0.0,0.0,0.0,1.23,0.91,2.85,8.92
PIT,2024-01-29,0,0,2,0,1,0.0,0.0,100.0,0.0,0.0,0.0,0.0,0.0,0.0,0.0,0.0
PIT,2024-01-29,3,0,0,0,1,0.0,0.0,100.0,0.0,0.0,0.0,0.0,0.0,1.3,5.0,0.0
PIT,2024-01-29,4,0,1,0,1,0.0,0.0,100.0,0.0,0.0,0.0,0.0,0.0,5.5,12.0,5.0
PIT,2024-01-29,5,4,0,4,0,100.0,75.0,0.0,0.0,31.75,20.27,12.75,0.0,0.0,0.0,0.0
PIT,2024-01-29,6,18,1,19,1,100.0,31.58,100.0,0.26,33.47,22.03,16.68,0.0,2.5,6.0,0.0
PIT,2024-01-29,7,12,1,13,1,84.62,46.15,100.0,7.38,30.54,19.55,21.77,3.0,1.5,10.0,5.0
PIT,2024-01-29,8,8,2,8,2,87.5,25.0,100.0,5.0,30.13,19.02,21.0,1.0,0.75,10.5,6.0
PIT,2024-01-29,9,3,8,4,11,100.0,75.0,72.73,2.25,24.25,13.8,12.5,3.18,1.71,4.18,28.36
PIT,2024-01-29,10,6,9,7,9,85.71,85.71,77.78,55.43,23.0,12.16,62.29,3.22,2.67,4.56,5.11
PIT,2024-01-29,11,12,8,13,8,92.31,61.54,62.5,3.38,24.31,13.59,14.38,4.38,5.13,4.75,19.25
PIT,2024-01-29,12,5,3,5,4,80.0,60.0,75.0,6.6,19.6,8.52,11.6,0.0,2.0,0.75,10.25
PIT,2024-01-29,13,7,11,9,14,66.67,55.56,71.43,10.56,18.0,7.28,14.67,2.07,2.16,3.21,18.57
PIT,2024-01-29,14,5,7,7,7,85.71,57.14,57.14,9.57,18.29,8.91,15.86,2.0,0.71,2.71,14.71
PIT,2024-01-29,15,7,8,7,8,57.14,28.57,75.0,11.29,25.14,14.56,24.71,1.0,0.91,2.63,6.88
PIT,2024-01-29,16,12,10,13,12,100.0,84.62,83.33,0.62,15.92,5.55,3.77,3.0,2.67,3.08,23.67
PIT,2024-01-29,17,11,6,12,7,75.0,75.0,85.71,27.42,13.92,4.07,28.67,1.43,1.67,1.57,2.71
PIT,2024-01-29,18,7,11,8,11,62.5,62.5,54.55,23.5,13.0,3.12,24.88,1.64,1.25,3.45,24.36
PIT,2024-01-29,19,8,5,9,8,77.78,77.78,62.5,5.44,14.0,3.7,7.44,2.5,2.15,2.25,14.25
PIT,2024-01-29,20,2,11,2,12,50.0,50.0,91.67,28.0,12.5,1.9,29.5,1.0,1.37,1.67,7.0
PIT,2024-01-29,21,1,5,4,8,100.0,100.0,62.5,1.0,12.25,2.95,2.5,2.5,0.81,3.13,18.25
PIT,2024-01-29,22,0,8,2,10,100.0,100.0,90.0,0.0,12.0,1.7,0.0,3.2,0.88,4.0,6.3
PIT,2024-01-29,23,0,11,0,11,0.0,0.0,72.73,0.0,0.0,0.0,0.0,1.45,0.6,2.36,16.55
PIT,2024-01-30,0,0,0,1,2,100.0,100.0,100.0,0.0,10.0,0.0,0.0,2.0,0.0,0.0,0.0
PIT,2024-01-30,4,0,1,0,3,0.0,0.0,66.67,0.0,0.0,0.0,0.0,0.0,1.0,4.0,9.67
PIT,2024-01-30,5,3,0,4,3,50.0,25.0,0.0,29.25,20.25,10.55,37.0,0.0,3.5,1.67,27.0
PIT,2024-01-30,6,18,1,20,1,90.0,80.0,100.0,6.45,23.1,11.83,14.0,0.0,0.5,1.0,0.0
PIT,2024-01-30,7,8,1,8,2,87.5,87.5,0.0,3.88,23.63,12.1,8.75,5.5,1.5,8.0,26.5
PIT,2024-01-30,8,8,2,9,2,88.89,88.89,50.0,5.33,16.67,6.21,8.67,2.5,1.0,4.5,13.5
PIT,2024-01-30,9,3,6,3,6,100.0,66.67,100.0,0.0,21.67,11.47,5.0,0.83,1.17,2.0,0.67
PIT,2024-01-30,10,6,7,6,7,100.0,100.0,57.14,0.0,16.33,5.82,3.0,4.29,1.81,9.71,32.86
PIT,2024-01-30,11,8,6,8,6,87.5,87.5,83.33,9.38,14.38,4.38,11.63,3.5,2.42,2.83,52.83
PIT,2024-01-30,12,5,4,6,4,83.33,66.67,100.0,9.0,12.83,2.4,10.17,3.75,2.2,0.0,1.5
PIT,2024-01-30,13,7,9,7,9,100.0,85.71,77.78,2.29,10.86,1.49,2.43,5.0,2.59,2.11,4.56
PIT,2024-01-30,14,4,5,4,7,75.0,75.0,57.14,4.25,9.5,0.6,3.75,2.86,1.61,4.57,11.14
PIT,2024-01-30,15,6,6,7,6,85.71,71.43,66.67,5.57,18.43,7.77,12.29,3.83,0.9,6.5,6.67
PIT,2024-01-30,16,11,11,11,13,90.91,81.82,84.62,3.0,14.36,4.07,4.91,2.23,0.75,0.62,4.15
PIT,2024-01-30,17,10,5,10,7,90.0,80.0,57.14,17.5,11.8,1.68,17.0,3.0,0.76,5.29,36.0
PIT,2024-01-30,18,6,8,7,9,57.14,57.14,44.44,8.57,14.57,3.49,10.14,5.0,1.7,6.78,20.0
PIT,2024-01-30,19,5,7,5,8,80.0,80.0,87.5,3.6,14.6,4.06,5.6,1.13,2.0,0.0,4.38
PIT,2024-01-30,20,4,9,4,13,100.0,100.0,69.23,0.0,12.5,2.85,2.0,3.62,1.02,2.46,9.54
PIT,2024-01-30,21,1,5,4,6,75.0,75.0,83.33,3.75,12.25,1.65,4.5,2.83,1.25,1.5,8.5
PIT,2024-01-30,22,1,9,3,9,100.0,100.0,100.0,0.0,11.0,1.6,0.0,2.44,0.77,2.89,2.22
PIT,2024-01-30,23,0,12,0,12,0.0,0.0,75.0,0.0,0.0,0.0,0.0,0.92,1.04,3.0,13.75
PIT,2024-01-31,0,0,1,0,0,0.0,0.0,0.0,0.0,0.0,0.0,0.0,0.0,0.0,0.0,0.0
PIT,2024-01-31,4,0,1,0,2,0.0,0.0,100.0,0.0,0.0,0.0,0.0,1.0,3.5,9.5,5.5
PIT,2024-01-31,5,4,0,6,3,66.67,66.67,66.67,21.17,13.17,3.2,21.83,0.0,1.5,4.33,10.67
PIT,2024-01-31,6,19,1,22,2,81.82,72.73,100.0,8.77,15.77,5.13,11.32,1.0,0.5,5.0,1.0
PIT,2024-01-31,7,8,1,12,1,83.33,83.33,100.0,3.17,14.08,3.5,5.25,5.0,0.5,8.0,6.0
PIT,2024-01-31,8,8,2,10,4,90.0,90.0,75.0,2.7,12.9,2.32,3.8,0.0,0.88,7.25,14.5
PIT,2024-01-31,9,2,6,3,6,100.0,66.67,100.0,0.0,18.0,7.8,5.67,0.5,1.97,0.33,0.0
PIT,2024-01-31,10,5,7,7,8,100.0,85.71,100.0,0.0,16.43,5.91,3.14,2.75,2.46,0.5,0.0
PIT,2024-01-31,11,8,6,12,8,91.67,91.67,100.0,3.25,14.42,4.07,4.75,4.63,2.25,2.88,0.13
PIT,2024-01-31,12,5,4,6,5,100.0,100.0,80.0,0.83,12.5,1.83,1.0,5.4,0.9,7.8,10.8
PIT,2024-01-31,13,7,9,8,10,100.0,100.0,100.0,0.5,10.88,0.58,0.88,1.9,0.88,0.5,1.3
PIT,2024-01-31,14,4,6,5,7,80.0,80.0,71.43,9.4,9.6,0.6,8.8,0.57,0.69,4.71,7.43
PIT,2024-01-31,15,6,7,8,9,62.5,50.0,77.78,20.5,14.25,4.25,24.25,2.11,0.5,1.67,15.89
PIT,2024-01-31,16,12,11,12,13,91.67,83.33,100.0,6.17,16.33,5.37,8.58,0.92,1.72,2.85,2.15
PIT,2024-01-31,17,11,5,11,8,100.0,100.0,87.5,0.27,10.36,1.24,0.36,1.38,0.96,0.88,12.63
PIT,2024-01-31,18,6,7,7,10,85.71,85.71,60.0,13.14,12.14,1.69,13.43,1.3,2.64,6.2,23.3
PIT,2024-01-31,19,5,6,7,8,85.71,85.71,75.0,10.86,13.0,2.5,12.0,1.63,0.78,3.0,12.5
PIT,2024-01-31,20,4,10,5,11,80.0,80.0,90.91,14.0,9.6,0.4,14.2,1.27,0.27,0.64,8.36
PIT,2024-01-31,21,0,5,2,6,100.0,100.0,83.33,0.0,9.0,0.0,0.0,1.33,0.67,0.5,4.67
PIT,2024-01-31,22,2,9,5,9,100.0,100.0,88.89,2.0,9.4,1.28,2.0,1.56,0.51,2.89,5.22
PIT,2024-01-31,23,0,12,0,12,0.0,0.0,91.67,0.0,0.0,0.0,0.0,2.67,1.47,5.17,4.42
PIT,2024-02-01,0,0,2,0,2,0.0,0.0,100.0,0.0,0.0,0.0,0.0,2.5,4.75,6.0,0.0
PIT,2024-02-01,4,0,1,0,2,0.0,0.0,100.0,0.0,0.0,0.0,0.0,0.0,1.0,0.5,0.0
PIT,2024-02-01,5,4,0,5,3,80.0,80.0,100.0,13.8,11.2,0.36,14.0,0.0,2.83,0.67,9.33
PIT,2024-02-01,6,19,1,22,1,81.82,81.82,100.0,6.73,12.36,1.7,7.09,1.0,1.5,0.0,0.0
PIT,2024-02-01,7,9,1,11,1,90.91,90.91,100.0,7.45,11.64,1.85,8.36,3.0,0.5,4.0,0.0
PIT,2024-02-01,8,10,2,11,3,90.91,90.91,66.67,3.0,12.27,1.7,3.55,3.33,1.5,11.67,14.0
PIT,2024-02-01,9,3,6,4,7,100.0,100.0,85.71,0.0,13.25,2.65,0.5,1.14,1.21,7.0,6.29
PIT,2024-02-01,10,6,9,7,10,85.71,85.71,90.0,4.0,12.86,2.46,5.57,2.6,1.07,3.8,6.6
PIT,2024-02-01,11,11,6,13,9,76.92,76.92,55.56,8.0,13.46,2.95,9.31,3.56,1.44,3.22,21.11
PIT,2024-02-01,12,3,5,4,5,75.0,75.0,100.0,8.5,15.5,4.05,10.25,0.6,1.6,0.4,1.2
PIT,2024-02-01,13,8,11,8,11,87.5,87.5,90.91,5.38,12.75,2.65,5.13,3.09,1.25,1.18,11.45
PIT,2024-02-01,14,6,5,6,5,100.0,100.0,100.0,0.0,11.0,1.73,0.0,2.4,0.14,0.4,0.0
PIT,2024-02-01,15,7,8,10,8,80.0,80.0,87.5,10.4,11.7,1.11,10.6,0.63,0.54,3.5,4.63
PIT,2024-02-01,16,11,9,13,11,92.31,92.31,90.91,1.38,13.15,3.17,2.31,1.0,0.53,1.91,3.45
PIT,2024-02-01,17,10,7,12,8,100.0,100.0,100.0,0.42,10.83,1.02,0.67,3.25,0.85,1.13,2.75
PIT,2024-02-01,18,7,11,9,14,100.0,100.0,92.86,1.0,10.44,0.62,0.56,1.36,1.24,1.36,12.14
PIT,2024-02-01,19,8,5,8,6,75.0,75.0,83.33,24.63,17.88,7.08,30.0,0.67,1.0,0.0,5.33
PIT,2024-02-01,20,2,14,4,16,50.0,50.0,93.75,46.25,15.0,4.55,50.5,0.44,0.86,0.88,5.5
PIT,2024-02-01,21,2,4,4,5,100.0,100.0,80.0,1.5,11.25,1.3,1.75,0.8,1.2,0.4,32.2
PIT,2024-02-01,22,0,8,2,9,100.0,100.0,77.78,0.0,9.5,0.0,0.0,1.11,0.87,0.0,7.44
PIT,2024-02-01,23,0,11,0,11,0.0,0.0,72.73,0.0,0.0,0.0,0.0,0.82,0.91,3.18,12.36
PIT,2024-02-02,0,0,2,1,2,0.0,0.0,100.0,19.0,12.0,1.4,20.0,1.5,0.0,0.5,7.5
PIT,2024-02-02,1,0,0,0,0,0.0,0.0,0.0,0.0,0.0,0.0,0.0,0.0,0.0,0.0,0.0
PIT,2024-02-02,4,0,1,0,2,0.0,0.0,100.0,0.0,0.0,0.0,0.0,2.0,3.0,7.0,5.0
PIT,2024-02-02,5,4,0,5,3,80.0,80.0,100.0,13.8,12.2,1.12,14.0,0.0,2.17,2.67,4.0
PIT,2024-02-02,6,19,1,21,1,85.71,85.71,100.0,6.0,12.43,1.61,6.0,0.0,1.5,0.0,13.0
PIT,2024-02-02,7,11,1,11,1,90.91,100.0,100.0,1.45,10.36,0.27,1.27,1.0,1.5,6.0,0.0
PIT,2024-02-02,8,8,2,9,3,100.0,100.0,66.67,0.0,13.56,2.99,0.22,1.33,2.17,9.67,11.67
PIT,2024-02-02,9,3,7,4,7,50.0,50.0,85.71,33.25,18.25,7.65,40.0,0.43,2.61,1.14,3.0
PIT,2024-02-02,10,6,10,6,11,100.0,100.0,81.82,0.0,16.33,5.35,1.33,2.91,2.45,4.73,10.55
PIT,2024-02-02,11,12,7,13,10,92.31,92.31,60.0,9.0,13.15,2.65,9.46,3.1,3.25,3.2,12.4
PIT,2024-02-02,12,4,4,4,4,75.0,75.0,75.0,12.25,17.0,5.8,15.5,1.75,2.0,4.75,4.75
PIT,2024-02-02,13,7,11,8,12,87.5,75.0,100.0,2.38,16.63,6.33,5.13,1.33,2.11,1.33,0.0
PIT,2024-02-02,14,6,6,8,7,75.0,75.0,85.71,11.88,10.75,0.95,12.63,2.43,0.67,6.86,6.57
PIT,2024-02-02,15,7,9,7,9,85.71,85.71,100.0,4.57,13.86,2.91,5.57,0.22,0.49,1.89,2.22
PIT,2024-02-02,16,11,10,11,13,100.0,100.0,76.92,0.09,12.18,2.15,0.64,1.62,1.42,4.46,10.46
PIT,2024-02-02,17,13,8,13,9,92.31,92.31,88.89,4.92,12.0,2.1,5.38,2.0,1.16,2.56,2.56
PIT,2024-02-02,18,7,10,9,10,88.89,88.89,80.0,2.44,11.11,0.76,2.44,0.4,1.87,5.0,9.7
PIT,2024-02-02,19,8,4,8,7,75.0,75.0,85.71,12.25,13.13,2.5,13.5,2.43,2.14,2.29,4.71
PIT,2024-02-02,20,2,13,2,15,100.0,100.0,93.33,0.0,11.0,0.7,0.0,1.6,1.35,3.27,2.13
PIT,2024-02-02,21,1,5,3,6,66.67,66.67,66.67,10.33,9.67,0.6,10.67,1.67,1.42,2.67,16.5
PIT,2024-02-02,22,1,8,1,8,100.0,0.0,100.0,0.0,69.0,58.4,56.0,2.0,0.7,2.38,2.75
PIT,2024-02-02,23,0,11,0,11,0.0,0.0,90.91,0.0,0.0,0.0,0.0,0.73,2.11,4.55,7.45
PIT,2024-02-03,0,0,1,0,2,0.0,0.0,50.0,0.0,0.0,0.0,0.0,1.5,0.25,3.5,86.5
PIT,2024-02-03,2,0,0,0,0,0.0,0.0,0.0,0.0,0.0,0.0,0.0,0.0,0.0,0.0,0.0
PIT,2024-02-03,4,0,1,0,1,0.0,0.0,100.0,0.0,0.0,0.0,0.0,0.0,0.0,8.0,2.0
PIT,2024-02-03,5,3,0,4,1,100.0,50.0,0.0,0.0,29.25,18.07,15.5,0.0,1.5,3.0,18.0
PIT,2024-02-03,6,15,1,17,2,88.24,76.47,100.0,5.59,24.59,12.89,14.06,0.5,1.0,1.5,1.0
PIT,2024-02-03,7,8,2,10,2,90.0,80.0,50.0,35.9,20.3,8.79,42.4,0.0,0.25,0.0,83.5
PIT,2024-02-03,8,11,4,16,5,93.75,87.5,100.0,1.38,15.81,5.73,5.13,0.4,0.6,3.2,2.4
PIT,2024-02-03,9,3,4,4,4,75.0,75.0,100.0,11.0,8.25,0.0,10.0,2.75,0.75,0.0,0.0
PIT,2024-02-03,10,5,7,5,7,100.0,100.0,85.71,0.0,12.0,1.76,0.0,1.86,0.64,0.14,3.29
PIT,2024-02-03,11,8,5,8,5,87.5,87.5,100.0,2.63,10.5,0.73,2.88,1.6,0.3,0.0,0.0
PIT,2024-02-03,12,3,3,3,5,100.0,100.0,100.0,0.0,8.0,0.0,0.0,0.8,0.8,2.4,3.4
PIT,2024-02-03,13,7,7,9,8,77.78,77.78,75.0,5.33,9.67,0.51,4.56,3.13,1.6,0.38,13.88
PIT,2024-02-03,14,4,7,4,7,100.0,100.0,100.0,0.0,11.0,0.7,0.0,0.86,0.64,1.14,1.43
PIT,2024-02-03,15,9,11,9,11,88.89,88.89,90.91,20.78,11.33,1.82,21.78,2.18,1.35,4.64,36.82
PIT,2024-02-03,16,11,9,12,13,83.33,83.33,100.0,34.0,10.0,0.23,33.83,2.31,1.89,1.77,2.38
PIT,2024-02-03,17,8,8,8,12,100.0,100.0,66.67,2.38,9.63,0.33,2.13,2.42,1.0,8.33,16.33
PIT,2024-02-03,18,7,4,9,5,77.78,77.78,100.0,10.33,11.33,0.87,10.67,0.8,1.3,0.0,2.6
PIT,2024-02-03,19,3,5,4,6,100.0,100.0,100.0,0.0,12.75,1.53,0.0,2.67,1.28,2.0,0.67
PIT,2024-02-03,20,1,7,1,8,100.0,100.0,100.0,0.0,10.0,0.0,0.0,1.5,0.99,1.5,0.88
PIT,2024-02-03,21,0,3,1,3,0.0,0.0,66.67,25.0,4.0,0.0,18.0,0.0,0.0,9.33,79.67
PIT,2024-02-03,22,0,8,0,8,0.0,0.0,75.0,0.0,0.0,0.0,0.0,1.75,1.26,1.0,8.38
PIT,2024-02-03,23,0,9,0,9,0.0,0.0,88.89,0.0,0.0,0.0,0.0,0.22,1.3,3.44,11.67
PIT,2024-02-04,0,0,1,0,1,0.0,0.0,0.0,0.0,0.0,0.0,0.0,0.0,0.0,0.0,120.0
PIT,2024-02-04,1,0,0,0,0,0.0,0.0,0.0,0.0,0.0,0.0,0.0,0.0,0.0,0.0,0.0
PIT,2024-02-04,2,0,0,0,0,0.0,0.0,0.0,0.0,0.0,0.0,0.0,0.0,0.0,0.0,0.0
PIT,2024-02-04,4,0,1,0,1,0.0,0.0,100.0,0.0,0.0,0.0,0.0,0.0,1.5,5.0,0.0
PIT,2024-02-04,5,5,0,5,0,80.0,60.0,0.0,3.4,20.6,9.78,10.4,0.0,0.0,0.0,0.0
PIT,2024-02-04,6,15,1,15,1,93.33,66.67,100.0,6.47,26.33,14.42,15.0,0.0,2.5,4.0,0.0
PIT,2024-02-04,7,9,0,9,0,88.89,77.78,0.0,8.22,23.67,12.64,14.89,0.0,0.0,0.0,0.0
PIT,2024-02-04,8,9,1,11,1,72.73,63.64,100.0,84.45,20.18,9.32,88.36,0.0,0.0,0.0,0.0
PIT,2024-02-04,9,3,7,3,7,100.0,100.0,85.71,0.0,17.67,7.07,3.67,0.57,1.13,0.0,5.14
PIT,2024-02-04,10,8,7,9,7,88.89,100.0,100.0,1.67,11.0,0.98,1.78,1.14,1.5,5.14,3.14
PIT,2024-02-04,11,9,8,9,8,88.89,88.89,75.0,2.0,11.11,1.2,1.78,2.63,1.13,2.63,7.13
PIT,2024-02-04,12,7,7,7,7,100.0,85.71,85.71,1.0,13.29,3.54,3.14,3.86,0.29,7.57,4.86
PIT,2024-02-04,13,9,9,10,10,70.0,70.0,70.0,7.4,13.3,3.52,8.6,2.1,0.83,0.4,13.4
PIT,2024-02-04,14,5,4,6,5,50.0,50.0,60.0,20.83,11.17,1.33,21.33,2.0,0.5,3.0,14.0
PIT,2024-02-04,15,5,7,5,7,80.0,80.0,85.71,5.4,12.8,2.16,6.6,1.43,0.21,6.0,10.43
PIT,2024-02-04,16,10,7,11,8,72.73,72.73,75.0,9.73,14.0,3.48,11.45,2.38,2.91,1.38,21.63
PIT,2024-02-04,17,8,8,8,8,62.5,62.5,75.0,17.25,10.88,0.83,17.5,1.38,0.73,0.75,8.0
PIT,2024-02-04,18,5,10,8,16,75.0,62.5,75.0,6.0,14.88,3.85,8.63,1.94,0.79,6.88,24.44
PIT,2024-02-04,19,10,8,12,9,66.67,66.67,44.44,53.25,12.17,1.77,54.5,1.89,0.5,2.56,34.89
PIT,2024-02-04,20,4,12,4,12,25.0,25.0,75.0,59.5,12.5,2.95,62.75,2.75,2.28,2.92,7.67
PIT,2024-02-04,21,2,3,2,4,50.0,50.0,75.0,16.5,10.0,0.0,15.5,5.5,0.5,6.5,7.75
PIT,2024-02-04,22,0,10,0,10,0.0,0.0,60.0,0.0,0.0,0.0,0.0,1.5,0.79,2.9,49.5
PIT,2024-02-04,23,0,12,1,13,100.0,100.0,53.85,0.0,10.0,0.0,0.0,1.54,2.48,5.15,28.38
PIT,2024-02-05,0,0,2,0,2,0.0,0.0,50.0,0.0,0.0,0.0,0.0,0.0,2.4,0.0,16.0
PIT,2024-02-05,3,0,0,0,0,0.0,0.0,0.0,0.0,0.0,0.0,0.0,0.0,0.0,0.0,0.0
PIT,2024-02-05,4,0,1,0,1,0.0,0.0,0.0,0.0,0.0,0.0,0.0,0.0,0.5,3.0,15.0
PIT,2024-02-05,5,4,0,3,0,66.67,66.67,0.0,51.0,16.33,4.77,53.67,0.0,0.0,0.0,0.0
PIT,2024-02-05,6,18,1,19,1,84.21,84.21,100.0,13.32,11.16,0.37,13.32,0.0,0.5,9.0,7.0
PIT,2024-02-05,7,12,1,13,1,76.92,76.92,100.0,4.38,11.31,1.05,4.77,0.0,0.5,0.0,0.0
PIT,2024-02-05,8,8,3,10,4,60.0,60.0,75.0,24.1,12.7,2.31,24.5,1.75,1.38,7.0,32.25
PIT,2024-02-05,9,4,7,5,7,100.0,100.0,100.0,0.0,11.4,1.04,0.0,0.86,1.4,2.14,1.71
PIT,2024-02-05,10,6,10,5,11,100.0,80.0,63.64,0.0,16.4,5.86,5.4,1.91,1.36,3.09,15.55
PIT,2024-02-05,11,12,7,12,8,91.67,91.67,100.0,4.92,11.75,1.68,5.42,0.88,0.94,0.0,1.5
PIT,2024-02-05,12,4,4,5,7,80.0,80.0,71.43,6.8,13.4,2.24,7.6,3.0,2.0,3.43,11.29
PIT,2024-02-05,13,8,11,9,12,88.89,88.89,91.67,4.11,11.11,1.56,4.67,3.33,1.15,1.58,3.25
PIT,2024-02-05,14,5,7,7,9,71.43,71.43,66.67,16.14,10.0,0.43,15.57,0.67,0.7,5.44,14.0
PIT,2024-02-05,15,7,8,9,8,77.78,77.78,87.5,8.22,9.78,0.04,8.22,1.5,1.0,3.13,3.25
PIT,2024-02-05,16,12,11,11,13,90.91,100.0,76.92,2.27,12.91,2.83,2.09,2.15,2.45,3.08,12.85
PIT,2024-02-05,17,12,6,14,9,57.14,57.14,55.56,13.21,10.29,0.91,13.21,3.22,0.36,3.22,14.89
PIT,2024-02-05,18,7,11,9,11,88.89,88.89,81.82,7.22,13.67,3.09,8.11,0.91,0.75,5.0,11.45
PIT,2024-02-05,19,8,5,8,5,75.0,75.0,80.0,16.88,13.75,3.56,19.63,4.4,1.3,6.4,9.2
PIT,2024-02-05,20,2,12,2,13,100.0,100.0,100.0,0.0,10.5,0.2,0.0,2.54,2.05,1.38,1.46
PIT,2024-02-05,21,1,5,3,5,100.0,100.0,80.0,1.67,13.0,2.93,3.33,2.6,0.5,7.0,16.4
PIT,2024-02-05,22,1,8,3,9,100.0,66.67,77.78,0.0,23.67,13.07,6.67,2.0,1.73,3.44,7.11
PIT,2024-02-05,23,0,11,0,11,0.0,0.0,81.82,0.0,0.0,0.0,0.0,2.64,1.4,5.91,11.82
PIT,2024-02-06,0,0,0,0,2,0.0,0.0,100.0,0.0,0.0,0.0,0.0,0.0,3.4,0.0,4.5
PIT,2024-02-06,4,0,1,0,2,0.0,0.0,100.0,0.0,0.0,0.0,0.0,0.0,3.0,3.0,3.0
PIT,2024-02-06,5,4,0,4,3,100.0,100.0,66.67,0.0,23.25,12.65,5.0,0.0,0.33,0.0,12.33
PIT,2024-02-06,6,18,1,18,1,100.0,66.67,100.0,0.0,26.56,14.85,9.83,0.0,0.5,0.0,0.0
PIT,2024-02-06,7,7,1,12,1,66.67,58.33,100.0,24.25,22.33,11.17,32.58,2.0,0.5,1.0,0.0
PIT,2024-02-06,8,8,2,9,2,88.89,77.78,100.0,3.56,22.22,11.18,9.78,0.5,3.0,4.0,5.0
PIT,2024-02-06,9,3,5,3,5,66.67,66.67,100.0,9.0,21.67,11.47,17.0,4.8,0.4,0.4,0.0
PIT,2024-02-06,10,7,8,7,8,85.71,85.71,100.0,10.0,14.14,4.49,12.71,1.13,1.75,1.38,0.25
PIT,2024-02-06,11,7,6,8,8,87.5,100.0,62.5,2.25,10.5,0.64,1.75,4.0,1.88,2.75,14.13
PIT,2024-02-06,12,5,4,7,6,100.0,100.0,83.33,0.29,12.71,2.57,0.57,2.0,0.47,3.17,5.5
PIT,2024-02-06,13,7,9,10,11,90.0,90.0,100.0,2.1,11.5,1.52,2.4,3.55,0.53,2.36,1.45
PIT,2024-02-06,14,4,5,7,7,85.71,85.71,71.43,3.86,11.86,1.83,5.0,4.0,0.33,5.29,6.86
PIT,2024-02-06,15,6,6,7,7,85.71,71.43,85.71,11.71,11.86,1.86,12.43,2.57,0.86,4.29,6.71
PIT,2024-02-06,16,11,12,13,13,92.31,92.31,84.62,2.62,13.54,2.98,3.62,1.77,1.14,0.62,4.62
PIT,2024-02-06,17,9,4,9,5,100.0,100.0,100.0,1.67,9.56,0.62,1.44,0.6,0.66,0.8,0.0
PIT,2024-02-06,18,7,8,9,11,88.89,88.89,90.91,3.78,12.67,1.72,5.0,4.45,0.62,4.0,11.0
PIT,2024-02-06,19,5,7,5,7,80.0,80.0,71.43,6.0,10.6,1.08,5.2,1.0,0.79,3.43,9.0
PIT,2024-02-06,20,4,9,4,10,75.0,75.0,90.0,27.75,9.25,0.15,27.0,5.6,1.18,2.1,7.0
PIT,2024-02-06,21,1,5,3,5,66.67,66.67,100.0,49.0,18.67,9.27,55.33,4.2,0.6,1.6,1.6
PIT,2024-02-06,22,1,9,3,9,100.0,100.0,100.0,0.33,10.33,1.27,0.33,2.0,0.77,2.11,0.22
PIT,2024-02-06,23,0,12,1,12,100.0,100.0,91.67,0.0,6.0,0.0,0.0,1.83,0.92,2.92,1.92
PIT,2024-02-07,0,0,1,0,0,0.0,0.0,0.0,0.0,0.0,0.0,0.0,0.0,0.0,0.0,0.0
PIT,2024-02-07,2,0,0,0,0,0.0,0.0,0.0,0.0,0.0,0.0,0.0,0.0,0.0,0.0,0.0
PIT,2024-02-07,4,0,1,0,2,0.0,0.0,100.0,0.0,0.0,0.0,0.0,0.0,0.75,0.0,0.0
PIT,2024-02-07,5,5,0,5,3,100.0,100.0,66.67,0.0,17.0,6.64,2.0,0.0,0.0,0.0,12.0
PIT,2024-02-07,6,18,1,19,1,94.74,94.74,100.0,2.05,18.37,7.78,6.79,0.0,0.5,0.0,0.0
PIT,2024-02-07,7,8,1,10,2,70.0,70.0,100.0,8.0,17.2,5.99,10.5,3.0,0.5,6.5,0.0
PIT,2024-02-07,8,8,2,12,4,83.33,75.0,75.0,17.5,15.17,4.95,20.42,3.5,1.0,5.25,21.5
PIT,2024-02-07,9,2,5,5,5,60.0,60.0,100.0,15.4,12.8,2.96,15.8,3.8,1.16,5.2,1.0
PIT,2024-02-07,10,5,8,6,9,100.0,100.0,100.0,1.0,10.67,1.17,0.17,4.44,1.06,1.33,0.0
PIT,2024-02-07,11,8,6,10,9,80.0,80.0,44.44,7.8,11.9,1.6,7.6,2.78,1.89,3.22,20.56
PIT,2024-02-07,12,5,4,7,5,100.0,100.0,100.0,1.14,12.29,1.89,1.86,1.2,0.46,0.0,0.0
PIT,2024-02-07,13,7,9,7,9,85.71,85.71,88.89,2.57,13.57,3.77,3.43,4.44,1.98,2.11,2.89
PIT,2024-02-07,14,4,6,5,6,80.0,80.0,100.0,7.6,9.8,0.28,7.8,0.5,0.88,3.17,1.0
PIT,2024-02-07,15,6,7,6,11,83.33,100.0,63.64,2.83,11.0,0.73,2.0,1.91,1.36,4.09,16.64
PIT,2024-02-07,16,12,11,15,16,86.67,86.67,68.75,3.13,11.6,1.55,3.07,3.44,2.02,3.38,11.69
PIT,2024-02-07,17,11,5,14,8,85.71,85.71,87.5,8.0,11.43,2.16,9.43,1.13,1.0,1.63,2.13
PIT,2024-02-07,18,6,7,8,10,100.0,100.0,80.0,0.0,12.38,1.5,0.88,3.8,0.24,2.2,6.8
PIT,2024-02-07,19,5,6,6,9,66.67,66.67,88.89,22.67,11.33,1.32,23.17,0.56,0.28,0.22,13.0
PIT,2024-02-07,20,4,10,4,12,100.0,100.0,100.0,0.0,11.75,2.3,0.5,2.58,2.03,0.83,0.42
PIT,2024-02-07,21,0,5,2,6,100.0,100.0,100.0,0.0,11.0,1.2,0.0,2.17,1.17,3.17,1.0
PIT,2024-02-07,22,2,9,4,9,75.0,75.0,100.0,5.25,12.0,1.8,5.75,0.67,0.49,1.78,0.56
PIT,2024-02-07,23,0,12,0,12,0.0,0.0,83.33,0.0,0.0,0.0,0.0,1.25,0.79,1.42,14.67
PIT,2024-02-08,0,0,2,1,2,100.0,100.0,50.0,9.0,4.0,0.0,2.0,1.5,1.4,0.5,9.5
PIT,2024-02-08,1,0,0,0,0,0.0,0.0,0.0,0.0,0.0,0.0,0.0,0.0,0.0,0.0,0.0
PIT,2024-02-08,4,0,1,0,2,0.0,0.0,100.0,0.0,0.0,0.0,0.0,0.0,0.5,0.0,0.0
PIT,2024-02-08,5,5,0,5,3,80.0,80.0,100.0,4.2,20.2,9.52,8.4,0.0,1.0,0.67,3.67
PIT,2024-02-08,6,18,1,18,1,100.0,100.0,100.0,0.39,16.33,5.21,2.67,0.0,4.5,0.0,0.0
PIT,2024-02-08,7,9,1,14,1,78.57,71.43,100.0,6.5,14.29,3.91,9.07,3.0,0.5,8.0,0.0
PIT,2024-02-08,8,10,2,11,3,81.82,81.82,100.0,3.64,12.36,2.18,4.45,0.0,1.17,5.67,2.0
PIT,2024-02-08,9,3,6,4,6,75.0,75.0,83.33,13.25,11.25,0.95,13.0,4.33,1.63,4.0,28.5
PIT,2024-02-08,10,6,9,6,9,83.33,83.33,88.89,23.33,9.83,0.33,23.33,2.22,1.92,3.11,14.11
PIT,2024-02-08,11,11,6,11,7,90.91,90.91,85.71,13.36,11.73,2.11,14.36,2.86,2.21,0.57,6.0
PIT,2024-02-08,12,3,5,3,7,66.67,66.67,71.43,7.33,13.33,2.47,9.33,3.29,0.07,5.86,7.86
PIT,2024-02-08,13,8,11,11,13,72.73,63.64,92.31,12.82,14.09,3.69,15.09,1.31,0.56,0.38,5.15
PIT,2024-02-08,14,6,5,9,6,77.78,77.78,100.0,11.44,11.89,2.04,12.89,2.0,0.38,1.5,1.5
PIT,2024-02-08,15,7,8,7,9,100.0,100.0,88.89,0.29,10.57,0.47,0.0,1.22,0.32,2.44,10.89
PIT,2024-02-08,16,11,9,12,10,100.0,83.33,80.0,0.0,15.42,5.33,4.75,1.8,2.1,0.1,18.7
PIT,2024-02-08,17,10,7,10,9,80.0,80.0,100.0,13.9,11.0,1.15,13.8,3.11,1.19,1.0,0.0
PIT,2024-02-08,18,7,10,8,13,100.0,100.0,92.31,1.0,12.0,1.73,0.75,1.69,0.36,3.62,5.31
PIT,2024-02-08,19,8,6,8,6,75.0,62.5,100.0,5.75,15.63,4.84,8.25,1.17,0.83,1.83,1.0
PIT,2024-02-08,20,2,14,2,15,100.0,100.0,86.67,2.0,11.5,0.9,2.5,1.93,1.3,2.47,10.07
PIT,2024-02-08,21,2,4,4,4,100.0,100.0,75.0,0.75,11.5,1.05,0.5,0.5,0.13,0.25,18.0
PIT,2024-02-08,22,0,8,2,8,100.0,100.0,87.5,0.0,13.0,2.4,0.0,0.0,0.74,4.88,5.75
PIT,2024-02-08,23,0,11,1,12,0.0,0.0,83.33,115.0,12.0,1.4,116.0,1.33,0.47,0.75,7.67
PIT,2024-02-09,0,0,2,0,3,0.0,0.0,100.0,0.0,0.0,0.0,0.0,1.67,1.27,2.0,5.33
PIT,2024-02-09,1,0,0,0,0,0.0,0.0,0.0,0.0,0.0,0.0,0.0,0.0,0.0,0.0,0.0
PIT,2024-02-09,4,0,1,0,2,0.0,0.0,100.0,0.0,0.0,0.0,0.0,0.0,1.5,0.0,0.0
PIT,2024-02-09,5,5,0,5,3,100.0,100.0,100.0,2.4,12.0,1.36,2.6,0.33,2.83,2.0,2.67
PIT,2024-02-09,6,18,1,18,1,94.44,94.44,100.0,2.06,12.67,1.99,2.17,0.0,5.5,0.0,0.0
PIT,2024-02-09,7,11,1,14,1,92.86,92.86,0.0,1.14,12.57,2.4,2.21,2.0,0.0,7.0,212.0
PIT,2024-02-09,8,8,3,11,3,81.82,81.82,66.67,6.73,10.55,0.71,7.09,2.0,3.5,17.67,9.67
PIT,2024-02-09,9,4,7,5,7,80.0,80.0,100.0,4.4,12.2,1.72,5.4,0.86,1.61,3.29,0.57
PIT,2024-02-09,10,6,10,6,10,100.0,100.0,90.0,0.0,14.17,3.18,0.5,5.9,0.3,1.2,2.1
PIT,2024-02-09,11,12,7,15,8,86.67,86.67,100.0,8.93,11.27,1.13,9.47,3.13,0.75,1.63,2.0
PIT,2024-02-09,12,4,4,5,4,80.0,80.0,100.0,5.2,11.0,0.56,4.8,1.25,1.13,0.0,0.0
PIT,2024-02-09,13,7,11,7,13,100.0,100.0,84.62,0.71,11.29,1.34,0.86,2.46,1.42,2.15,13.0
PIT,2024-02-09,14,6,6,7,8,85.71,85.71,50.0,4.71,11.57,1.83,5.43,5.13,1.57,3.75,36.25
PIT,2024-02-09,15,7,9,7,10,57.14,57.14,70.0,21.43,13.14,2.97,22.43,2.7,1.19,6.1,12.2
PIT,2024-02-09,16,11,10,12,11,83.33,83.33,100.0,5.0,12.17,2.0,4.83,1.91,3.3,1.82,1.64
PIT,2024-02-09,17,13,8,13,9,100.0,100.0,88.89,1.08,9.85,0.4,1.23,3.11,1.32,1.89,4.22
PIT,2024-02-09,18,7,10,8,11,100.0,100.0,100.0,0.0,11.25,0.63,0.0,1.45,0.63,1.45,1.36
PIT,2024-02-09,19,8,4,8,5,87.5,87.5,60.0,3.88,15.0,4.09,6.38,1.6,1.4,4.0,11.8
PIT,2024-02-09,20,2,13,3,14,66.67,66.67,100.0,32.0,11.33,1.13,32.67,1.79,0.63,1.21,0.57
PIT,2024-02-09,21,1,5,3,6,100.0,100.0,66.67,0.0,10.33,0.93,0.0,2.0,0.42,2.17,23.33
PIT,2024-02-09,22,1,8,1,9,100.0,100.0,77.78,0.0,17.0,6.4,0.0,1.22,1.26,2.11,11.56
PIT,2024-02-09,23,0,11,0,11,0.0,0.0,81.82,0.0,0.0,0.0,0.0,1.27,0.95,3.45,13.0
PIT,2024-02-10,0,0,1,0,2,0.0,0.0,100.0,0.0,0.0,0.0,0.0,0.5,0.0,5.0,5.0
PIT,2024-02-10,2,0,0,0,0,0.0,0.0,0.0,0.0,0.0,0.0,0.0,0.0,0.0,0.0,0.0
PIT,2024-02-10,4,0,1,0,1,0.0,0.0,100.0,0.0,0.0,0.0,0.0,0.0,0.0,0.0,0.0
PIT,2024-02-10,5,3,0,3,3,100.0,100.0,33.33,0.0,13.33,2.17,0.67,1.67,2.17,9.33,33.33
PIT,2024-02-10,6,15,1,17,1,94.12,94.12,100.0,3.12,12.35,1.69,3.41,0.0,0.5,0.0,0.0
PIT,2024-02-10,7,8,2,11,2,90.91,90.91,100.0,16.45,11.73,1.05,17.18,0.0,0.5,3.0,0.5
PIT,2024-02-10,8,11,4,12,4,100.0,100.0,100.0,0.17,11.75,1.51,1.0,0.25,0.13,5.0,2.5
PIT,2024-02-10,9,3,4,3,4,100.0,100.0,100.0,0.0,8.33,0.0,0.0,1.0,0.63,0.25,0.0
PIT,2024-02-10,10,5,7,5,7,100.0,100.0,57.14,0.0,10.8,0.96,0.0,1.43,1.17,2.14,64.14
PIT,2024-02-10,11,8,5,9,7,77.78,77.78,71.43,6.56,11.11,1.6,7.44,2.57,1.36,2.86,7.57
PIT,2024-02-10,12,3,3,5,3,40.0,40.0,100.0,45.0,10.2,0.44,43.8,4.0,0.0,0.0,0.33
PIT,2024-02-10,13,7,7,8,9,87.5,87.5,88.89,5.38,10.38,0.8,4.88,3.33,1.11,1.33,2.44
PIT,2024-02-10,14,4,8,6,10,66.67,66.67,80.0,12.0,9.67,0.0,11.67,2.5,0.4,0.9,5.8
PIT,2024-02-10,15,10,10,11,10,90.91,90.91,70.0,5.27,9.27,0.51,5.36,1.3,0.44,5.2,12.3
PIT,2024-02-10,16,10,9,10,12,80.0,80.0,83.33,6.7,11.5,1.08,6.6,2.25,0.4,1.08,8.08
PIT,2024-02-10,17,8,8,8,8,87.5,87.5,100.0,8.13,12.5,2.19,8.5,1.75,2.92,0.13,0.0
PIT,2024-02-10,18,7,4,8,5,100.0,100.0,100.0,0.0,10.88,0.83,0.0,0.6,1.88,0.0,0.0
PIT,2024-02-10,19,3,5,3,5,100.0,100.0,100.0,0.0,10.0,0.13,0.0,2.6,0.7,0.6,1.4
PIT,2024-02-10,20,1,7,1,8,100.0,100.0,87.5,0.0,10.0,0.0,0.0,1.0,0.46,2.0,2.75
PIT,2024-02-10,21,0,3,0,4,0.0,0.0,50.0,0.0,0.0,0.0,0.0,2.75,1.38,3.5,12.75
PIT,2024-02-10,22,0,8,0,8,0.0,0.0,87.5,0.0,0.0,0.0,0.0,3.13,0.79,0.5,10.25
PIT,2024-02-10,23,0,9,0,9,0.0,0.0,88.89,0.0,0.0,0.0,0.0,1.56,2.13,5.78,30.33
PIT,2024-02-11,0,0,1,0,1,0.0,0.0,100.0,0.0,0.0,0.0,0.0,0.0,1.3,0.0,0.0
PIT,2024-02-11,1,0,0,0,1,0.0,0.0,100.0,0.0,0.0,0.0,0.0,0.0,0.5,0.0,0.0
PIT,2024-02-11,4,0,1,0,1,0.0,0.0,100.0,0.0,0.0,0.0,0.0,0.0,0.0,0.0,0.0
PIT,2024-02-11,5,5,0,5,0,100.0,100.0,0.0,0.0,10.6,0.28,0.0,0.0,0.0,0.0,0.0
PIT,2024-02-11,6,15,1,15,1,100.0,100.0,100.0,0.0,11.93,1.0,0.0,0.0,0.5,0.0,0.0
PIT,2024-02-11,7,7,0,7,1,100.0,100.0,0.0,0.0,11.14,0.47,0.0,1.0,0.0,4.0,54.0
PIT,2024-02-11,8,9,1,9,1,88.89,88.89,0.0,2.22,9.22,0.04,2.0,0.0,1.5,0.0,30.0
PIT,2024-02-11,9,3,6,8,8,50.0,50.0,100.0,14.5,12.13,2.15,15.38,1.25,0.34,0.63,0.0
PIT,2024-02-11,10,8,6,10,7,80.0,80.0,85.71,6.9,11.7,1.48,7.1,1.43,0.79,1.14,10.0
PIT,2024-02-11,11,8,8,8,9,100.0,100.0,88.89,0.0,11.13,0.8,0.0,2.56,0.17,2.11,44.89
PIT,2024-02-11,12,8,7,8,7,87.5,87.5,71.43,6.5,9.88,0.18,6.25,1.71,0.57,1.71,5.14
PIT,2024-02-11,13,10,10,10,11,80.0,70.0,81.82,4.0,11.4,2.18,5.4,2.55,1.95,1.0,12.27
PIT,2024-02-11,14,5,3,6,4,66.67,66.67,100.0,18.33,9.67,0.1,17.83,0.0,1.25,0.0,0.0
PIT,2024-02-11,15,4,8,5,9,100.0,100.0,88.89,0.0,11.4,1.14,0.0,0.67,3.0,2.67,15.67
PIT,2024-02-11,16,11,6,11,7,100.0,100.0,100.0,0.0,11.36,1.15,0.0,1.14,1.36,0.57,0.0
PIT,2024-02-11,17,7,8,9,10,77.78,77.78,80.0,8.0,11.33,1.24,8.0,1.2,0.72,1.6,5.2
PIT,2024-02-11,18,3,10,5,11,80.0,80.0,72.73,6.0,9.0,0.08,6.0,1.18,0.4,0.91,9.36
PIT,2024-02-11,19,11,8,11,8,81.82,81.82,87.5,7.64,12.09,2.11,7.27,1.38,1.06,0.63,7.38
PIT,2024-02-11,20,4,11,4,11,100.0,100.0,81.82,2.0,9.75,0.55,2.0,0.82,0.79,0.55,7.27
PIT,2024-02-11,21,2,3,2,3,100.0,100.0,100.0,7.5,11.0,0.7,7.5,1.0,0.33,0.0,0.0
PIT,2024-02-11,22,0,10,0,10,0.0,0.0,70.0,0.0,0.0,0.0,0.0,0.3,1.38,0.4,9.8
PIT,2024-02-11,23,0,12,0,12,0.0,0.0,91.67,0.0,0.0,0.0,0.0,1.0,2.32,0.0,3.75
PIT,2024-02-12,0,0,2,0,1,0.0,0.0,100.0,0.0,0.0,0.0,0.0,0.0,0.3,0.0,0.0
PIT,2024-02-12,1,0,0,0,1,0.0,0.0,100.0,0.0,0.0,0.0,0.0,2.0,5.5,0.0,0.0
PIT,2024-02-12,4,0,1,0,1,0.0,0.0,100.0,0.0,0.0,0.0,0.0,0.0,0.0,13.0,9.0
PIT,2024-02-12,5,5,0,5,0,100.0,80.0,0.0,0.4,22.8,11.5,5.0,0.0,0.0,0.0,0.0
PIT,2024-02-12,6,18,1,18,1,94.44,88.89,100.0,1.11,21.83,10.14,6.89,0.0,1.5,12.0,5.0
PIT,2024-02-12,7,11,1,12,1,83.33,66.67,100.0,22.42,18.58,7.97,28.08,0.0,0.5,5.0,0.0
PIT,2024-02-12,8,8,3,9,3,77.78,77.78,33.33,35.78,17.44,6.81,39.56,2.0,1.83,13.67,15.0
PIT,2024-02-12,9,4,6,5,8,60.0,60.0,75.0,11.0,16.6,6.12,14.0,3.63,0.69,4.13,13.13
PIT,2024-02-12,10,5,9,6,10,66.67,66.67,70.0,7.67,16.0,5.9,12.83,3.9,1.48,4.2,7.6
PIT,2024-02-12,11,11,7,13,8,84.62,84.62,100.0,6.0,11.23,1.23,6.0,4.63,0.78,0.63,0.0
PIT,2024-02-12,12,4,4,6,7,66.67,66.67,85.71,22.0,11.5,1.0,22.67,1.0,0.29,0.14,5.43
PIT,2024-02-12,13,9,12,10,13,90.0,90.0,76.92,2.4,10.7,0.5,2.6,3.38,0.79,2.46,6.92
PIT,2024-02-12,14,5,7,5,9,60.0,60.0,77.78,8.6,13.6,3.56,11.2,0.78,0.87,1.11,34.89
PIT,2024-02-12,15,7,8,11,10,72.73,72.73,80.0,26.91,12.09,1.89,26.73,2.0,0.3,3.9,16.0
PIT,2024-02-12,16,12,11,13,11,76.92,76.92,81.82,13.77,11.54,1.85,13.85,2.09,0.85,1.64,10.36
PIT,2024-02-12,17,12,6,12,9,75.0,75.0,66.67,12.67,10.5,0.69,12.5,1.67,0.3,3.0,8.44
PIT,2024-02-12,18,7,11,7,11,57.14,57.14,36.36,29.43,10.71,0.34,29.29,2.73,1.25,4.73,37.82
PIT,2024-02-12,19,8,5,6,5,100.0,100.0,100.0,0.83,14.67,4.1,3.17,1.6,1.6,0.6,2.4
PIT,2024-02-12,20,2,12,2,13,100.0,100.0,84.62,0.0,11.5,1.2,0.0,2.23,1.1,1.62,6.31
PIT,2024-02-12,21,1,5,3,5,100.0,100.0,80.0,1.0,11.33,1.27,1.0,1.6,0.6,0.0,8.0
PIT,2024-02-12,22,1,7,3,8,100.0,100.0,62.5,0.0,14.0,3.4,0.0,1.75,2.3,2.38,13.38
PIT,2024-02-12,23,0,12,0,14,0.0,0.0,85.71,0.0,0.0,0.0,0.0,3.5,2.56,1.21,5.93
PIT,2024-02-13,0,0,0,0,2,0.0,0.0,100.0,0.0,0.0,0.0,0.0,1.5,3.4,0.0,0.0
PIT,2024-02-13,1,0,0,0,1,0.0,0.0,0.0,0.0,0.0,0.0,0.0,3.0,1.5,8.0,39.0
PIT,2024-02-13,2,0,0,0,0,0.0,0.0,0.0,0.0,0.0,0.0,0.0,0.0,0.0,0.0,0.0
PIT,2024-02-13,4,0,1,0,2,0.0,0.0,100.0,0.0,0.0,0.0,0.0,0.0,1.5,0.0,0.0
PIT,2024-02-13,5,5,0,3,5,66.67,66.67,40.0,5.0,20.33,9.73,12.67,27.2,2.9,44.6,65.4
PIT,2024-02-13,6,17,1,15,1,93.33,86.67,100.0,2.4,12.2,1.15,3.2,5.0,3.5,0.0,0.0
PIT,2024-02-13,7,7,1,8,1,87.5,75.0,100.0,13.63,12.63,2.22,15.75,0.0,1.5,3.0,0.0
PIT,2024-02-13,8,8,2,9,4,66.67,66.67,50.0,23.11,12.78,2.34,24.67,13.5,13.33,28.25,20.25
PIT,2024-02-13,9,3,5,6,4,50.0,50.0,75.0,45.33,15.5,4.95,49.33,4.25,1.5,8.0,8.25
PIT,2024-02-13,10,6,7,7,6,57.14,57.14,50.0,21.57,11.86,2.14,22.86,2.83,1.33,2.83,20.0
PIT,2024-02-13,11,7,6,8,6,50.0,50.0,83.33,12.0,13.5,2.86,13.38,2.33,2.5,4.5,6.33
PIT,2024-02-13,12,5,4,5,6,80.0,80.0,66.67,4.8,9.8,0.08,4.4,1.33,0.55,3.0,13.83
PIT,2024-02-13,13,8,10,10,10,80.0,80.0,50.0,8.5,13.9,3.44,10.4,2.5,0.75,2.8,18.2
PIT,2024-02-13,14,4,4,5,5,80.0,80.0,60.0,6.0,10.6,1.36,6.2,3.6,0.56,3.6,11.8
PIT,2024-02-13,15,5,7,6,9,100.0,100.0,77.78,1.5,11.83,1.93,3.33,0.89,0.82,4.22,22.89
PIT,2024-02-13,16,12,10,15,12,93.33,86.67,100.0,12.4,14.53,3.95,14.87,1.58,1.76,1.25,0.5
PIT,2024-02-13,17,10,5,11,7,72.73,72.73,85.71,14.36,11.18,1.21,15.27,2.71,0.39,6.0,15.71
PIT,2024-02-13,18,5,9,6,8,100.0,100.0,100.0,0.0,12.17,1.8,0.67,3.0,0.43,2.75,2.75
PIT,2024-02-13,19,5,6,5,5,80.0,80.0,100.0,8.2,16.6,6.36,12.2,2.0,1.7,0.0,0.0
PIT,2024-02-13,20,4,9,4,8,100.0,100.0,100.0,0.0,9.0,0.1,0.0,1.0,1.46,1.25,0.0
PIT,2024-02-13,21,1,5,3,5,100.0,100.0,100.0,0.0,10.33,0.8,0.0,1.2,1.0,1.8,1.2
PIT,2024-02-13,22,1,9,3,10,100.0,100.0,80.0,0.67,8.67,0.0,0.0,1.5,0.6,0.5,11.2
PIT,2024-02-13,23,0,12,0,12,0.0,0.0,83.33,0.0,0.0,0.0,0.0,1.58,1.23,2.0,5.92
PIT,2024-02-14,0,0,1,0,0,0.0,0.0,0.0,0.0,0.0,0.0,0.0,0.0,0.0,0.0,0.0
PIT,2024-02-14,1,0,1,0,0,0.0,0.0,0.0,0.0,0.0,0.0,0.0,0.0,0.0,0.0,0.0
PIT,2024-02-14,4,0,0,0,3,0.0,0.0,100.0,0.0,0.0,0.0,0.0,0.33,0.33,0.0,0.0
PIT,2024-02-14,5,5,0,6,3,100.0,66.67,66.67,3.17,26.33,15.15,14.67,0.0,2.5,0.33,11.0
PIT,2024-02-14,6,18,0,19,1,89.47,63.16,100.0,16.47,27.32,15.84,26.84,0.0,0.5,0.0,0.0
PIT,2024-02-14,7,8,2,10,2,100.0,60.0,100.0,0.0,24.4,13.18,10.3,0.0,1.0,0.0,0.0
PIT,2024-02-14,8,8,1,9,1,88.89,77.78,100.0,25.56,17.89,7.5,30.33,0.0,0.5,13.0,7.0
PIT,2024-02-14,9,2,5,4,5,75.0,50.0,100.0,15.0,16.5,6.35,20.5,0.2,0.26,0.8,1.0
PIT,2024-02-14,10,6,8,6,9,100.0,83.33,77.78,0.0,13.17,3.27,2.5,1.22,1.0,2.0,19.78
PIT,2024-02-14,11,8,6,9,6,77.78,77.78,83.33,6.78,11.22,0.82,6.78,3.67,2.25,3.67,5.17
PIT,2024-02-14,12,5,4,5,4,100.0,100.0,100.0,0.0,11.8,1.96,0.0,1.75,0.38,0.0,0.0
PIT,2024-02-14,13,8,10,10,12,90.0,90.0,83.33,3.2,12.6,2.32,3.8,1.42,1.11,1.25,31.92
PIT,2024-02-14,14,4,5,6,5,66.67,66.67,100.0,8.33,9.33,0.4,8.17,1.8,0.9,0.0,0.0
PIT,2024-02-14,15,5,8,5,11,100.0,100.0,81.82,0.0,11.0,1.02,0.8,2.18,0.26,4.27,25.64
PIT,2024-02-14,16,12,10,12,12,100.0,91.67,100.0,0.08,13.83,2.76,1.42,0.75,1.54,0.0,1.33
PIT,2024-02-14,17,12,6,13,7,92.31,92.31,85.71,4.54,9.77,0.72,4.08,1.71,0.84,0.43,2.71
PIT,2024-02-14,18,5,8,7,9,85.71,85.71,77.78,8.86,16.71,5.97,11.57,1.22,0.32,1.22,11.67
PIT,2024-02-14,19,5,7,6,7,100.0,100.0,100.0,0.0,14.67,4.63,1.5,1.0,0.5,0.29,0.0
PIT,2024-02-14,20,5,10,5,13,80.0,80.0,92.31,6.2,10.8,1.36,7.2,0.92,1.42,0.54,4.62
PIT,2024-02-14,21,0,4,2,5,100.0,100.0,100.0,0.0,9.5,0.2,0.0,7.8,0.4,3.8,0.0
PIT,2024-02-14,22,1,9,3,9,66.67,66.67,88.89,10.33,11.0,2.47,12.67,1.22,0.48,0.11,2.44
PIT,2024-02-14,23,0,13,2,13,50.0,50.0,76.92,14.0,14.0,4.7,15.5,1.0,1.03,6.85,15.85
PIT,2024-02-15,0,0,3,0,1,0.0,0.0,100.0,0.0,0.0,0.0,0.0,0.0,0.3,0.0,0.0
PIT,2024-02-15,1,0,0,0,1,0.0,0.0,100.0,0.0,0.0,0.0,0.0,0.0,0.5,0.0,1.0
PIT,2024-02-15,2,0,0,0,0,0.0,0.0,0.0,0.0,0.0,0.0,0.0,0.0,0.0,0.0,0.0
PIT,2024-02-15,4,0,0,0,1,0.0,0.0,100.0,0.0,0.0,0.0,0.0,0.0,2.5,0.0,0.0
PIT,2024-02-15,5,7,1,8,3,87.5,75.0,66.67,3.25,24.75,13.35,11.25,0.0,2.17,4.0,15.33
PIT,2024-02-15,6,16,0,16,0,100.0,81.25,0.0,1.13,20.25,8.69,6.5,0.0,0.0,0.0,0.0
PIT,2024-02-15,7,11,1,13,3,84.62,84.62,33.33,4.23,15.77,5.41,5.62,2.33,1.5,10.0,24.67
PIT,2024-02-15,8,9,3,11,4,90.91,90.91,75.0,3.82,10.73,0.6,3.73,0.0,2.67,9.25,13.25
PIT,2024-02-15,9,5,8,8,8,62.5,62.5,100.0,10.0,14.0,3.05,10.75,1.13,2.05,0.38,0.0
PIT,2024-02-15,10,6,9,6,10,83.33,83.33,60.0,25.17,13.83,3.82,26.83,2.0,1.15,4.9,24.8
PIT,2024-02-15,11,11,7,11,9,81.82,81.82,66.67,4.64,14.0,3.91,7.27,5.56,1.83,3.56,12.22
PIT,2024-02-15,12,6,5,7,7,85.71,85.71,100.0,14.0,14.14,3.57,15.0,2.86,2.29,2.0,2.43
PIT,2024-02-15,13,7,12,12,12,75.0,75.0,91.67,8.0,11.17,1.02,8.17,3.5,1.19,3.67,5.25
PIT,2024-02-15,14,8,5,10,6,70.0,60.0,83.33,14.2,14.4,4.52,17.4,6.67,0.25,5.5,10.17
PIT,2024-02-15,15,6,10,8,12,62.5,62.5,75.0,11.13,13.13,2.6,13.13,3.83,0.46,4.33,12.0
PIT,2024-02-15,16,11,8,13,9,69.23,76.92,55.56,15.85,10.77,0.82,15.23,3.11,0.27,0.44,15.33
PIT,2024-02-15,17,9,5,9,7,66.67,66.67,71.43,12.22,9.78,0.82,12.0,3.71,0.21,4.43,8.14
PIT,2024-02-15,18,7,10,8,11,87.5,75.0,54.55,8.13,10.25,0.93,8.13,2.27,3.38,4.45,26.0
PIT,2024-02-15,19,7,6,8,8,37.5,37.5,50.0,25.0,15.0,4.29,28.5,1.5,2.15,3.88,17.75
PIT,2024-02-15,20,2,14,2,15,50.0,50.0,73.33,9.5,11.5,0.45,10.0,1.2,2.23,1.67,7.27
PIT,2024-02-15,21,1,5,3,7,66.67,66.67,85.71,14.67,11.0,0.93,14.33,2.86,1.79,5.57,11.43
PIT,2024-02-15,22,0,6,2,8,100.0,100.0,87.5,0.0,8.5,0.0,0.0,2.5,0.96,3.25,10.63
PIT,2024-02-15,23,0,11,1,11,0.0,0.0,63.64,71.0,9.0,0.0,69.0,2.27,1.56,3.18,11.36
PIT,2024-02-16,0,0,3,0,3,0.0,0.0,66.67,0.0,0.0,0.0,0.0,3.0,0.67,3.0,26.67
PIT,2024-02-16,1,0,0,0,2,0.0,0.0,50.0,0.0,0.0,0.0,0.0,2.0,0.5,6.0,18.5
PIT,2024-02-16,2,0,0,0,0,0.0,0.0,0.0,0.0,0.0,0.0,0.0,0.0,0.0,0.0,0.0
PIT,2024-02-16,3,0,0,1,0,100.0,100.0,0.0,0.0,10.0,0.0,0.0,0.0,0.0,0.0,0.0
PIT,2024-02-16,4,0,0,0,1,0.0,0.0,100.0,0.0,0.0,0.0,0.0,0.0,1.5,0.0,0.0
PIT,2024-02-16,5,6,1,7,3,85.71,85.71,100.0,7.57,19.86,8.26,11.71,1.67,0.83,0.0,3.33
PIT,2024-02-16,6,16,0,17,0,94.12,52.94,0.0,4.41,22.29,11.06,13.47,0.0,0.0,0.0,0.0
PIT,2024-02-16,7,11,1,16,4,81.25,68.75,50.0,12.75,17.0,6.64,18.0,0.75,0.75,4.25,19.75
PIT,2024-02-16,8,10,4,10,3,100.0,90.0,100.0,0.2,22.4,11.36,7.6,1.0,0.73,1.0,0.33
PIT,2024-02-16,9,5,8,6,9,83.33,66.67,88.89,7.17,20.0,9.37,14.17,0.78,1.33,3.44,6.11
PIT,2024-02-16,10,7,8,8,8,50.0,50.0,75.0,14.0,12.63,2.33,16.13,2.38,1.69,4.25,12.5
PIT,2024-02-16,11,11,8,12,11,83.33,83.33,81.82,26.33,13.5,3.2,28.33,2.55,1.82,3.27,5.18
PIT,2024-02-16,12,7,6,10,5,70.0,70.0,80.0,9.1,13.6,2.8,9.9,0.0,1.0,1.4,6.2
PIT,2024-02-16,13,7,11,8,11,75.0,75.0,72.73,16.5,10.5,0.98,15.88,2.45,1.07,1.45,21.73
PIT,2024-02-16,14,8,4,8,5,62.5,50.0,60.0,37.13,20.25,10.47,46.63,3.4,1.16,9.4,20.8
PIT,2024-02-16,15,6,12,6,12,100.0,100.0,91.67,5.83,11.5,0.88,5.83,0.58,1.3,5.75,8.0
PIT,2024-02-16,16,12,10,13,13,92.31,69.23,84.62,4.85,22.62,12.06,14.85,3.15,2.51,6.08,8.46
PIT,2024-02-16,17,11,7,11,8,90.91,27.27,50.0,7.82,33.91,23.33,29.36,2.75,1.63,4.25,42.25
PIT,2024-02-16,18,8,9,9,10,88.89,11.11,90.0,10.11,42.22,31.13,39.0,1.3,1.68,2.9,3.2
PIT,2024-02-16,19,6,7,6,7,83.33,0.0,14.29,31.0,50.5,39.43,64.67,4.86,3.53,8.57,40.0
PIT,2024-02-16,20,4,15,4,17,0.0,0.0,76.47,86.5,66.75,55.78,142.0,2.71,3.26,5.53,10.65
PIT,2024-02-16,21,0,5,2,5,100.0,0.0,20.0,8.5,78.0,67.4,75.5,2.6,5.5,6.4,54.2
PIT,2024-02-16,22,1,6,2,6,100.0,0.0,83.33,2.0,66.5,55.9,57.5,0.5,4.03,11.67,16.83
PIT,2024-02-16,23,0,11,0,11,0.0,0.0,72.73,0.0,0.0,0.0,0.0,2.82,7.21,4.55,22.18
PIT,2024-02-17,0,0,2,0,3,0.0,0.0,66.67,0.0,0.0,0.0,0.0,0.0,4.5,32.67,107.67
PIT,2024-02-17,1,0,0,0,0,0.0,0.0,0.0,0.0,0.0,0.0,0.0,0.0,0.0,0.0,0.0
PIT,2024-02-17,2,0,0,0,0,0.0,0.0,0.0,0.0,0.0,0.0,0.0,0.0,0.0,0.0,0.0
PIT,2024-02-17,5,3,1,3,3,33.33,0.0,66.67,16.67,62.0,50.63,67.33,0.0,4.17,2.33,8.67
PIT,2024-02-17,6,14,0,14,0,92.86,0.0,0.0,2.93,59.86,47.87,48.29,0.0,0.0,0.0,0.0
PIT,2024-02-17,7,9,2,12,3,66.67,16.67,66.67,16.33,43.67,32.43,41.0,0.33,1.5,21.0,21.0
PIT,2024-02-17,8,11,3,12,3,83.33,41.67,66.67,6.92,30.25,19.22,23.0,0.33,0.5,6.0,14.0
PIT,2024-02-17,9,4,5,5,6,60.0,40.0,83.33,10.0,22.0,11.88,20.2,3.0,1.08,3.5,7.67
PIT,2024-02-17,10,6,6,6,7,83.33,66.67,71.43,6.83,14.5,3.17,9.17,3.57,2.26,6.57,15.29
PIT,2024-02-17,11,6,6,8,8,62.5,50.0,50.0,14.75,19.75,9.48,23.88,3.63,4.44,18.88,25.75
PIT,2024-02-17,12,6,6,10,7,60.0,50.0,85.71,18.2,17.6,7.12,24.4,2.29,1.86,8.43,7.86
PIT,2024-02-17,13,11,10,12,12,66.67,50.0,50.0,19.83,23.0,12.72,30.25,3.33,1.07,2.92,17.92
PIT,2024-02-17,14,4,5,5,5,60.0,20.0,40.0,15.6,28.8,17.5,30.8,3.2,0.86,0.0,16.4
PIT,2024-02-17,15,6,10,7,13,42.86,28.57,46.15,31.0,26.43,16.03,46.57,1.69,0.85,2.31,33.92
PIT,2024-02-17,16,10,10,11,11,72.73,36.36,90.91,15.27,25.64,14.42,26.09,3.73,1.32,0.82,9.09
PIT,2024-02-17,17,9,5,10,4,80.0,50.0,75.0,20.8,20.6,10.24,27.9,0.5,0.7,0.0,26.75
PIT,2024-02-17,18,5,4,4,9,75.0,75.0,66.67,20.75,12.25,0.8,21.25,1.11,1.86,2.22,23.67
PIT,2024-02-17,19,3,7,6,9,66.67,66.67,55.56,34.67,17.67,6.92,35.67,2.11,1.33,3.22,41.22
PIT,2024-02-17,20,1,9,1,10,0.0,0.0,60.0,105.0,11.0,0.4,105.0,2.0,0.75,2.8,36.1
PIT,2024-02-17,21,0,4,0,5,0.0,0.0,40.0,0.0,0.0,0.0,0.0,2.2,1.6,4.0,26.0
PIT,2024-02-17,22,0,4,2,4,50.0,50.0,100.0,13.5,16.0,5.4,18.5,6.25,0.8,0.0,2.5
PIT,2024-02-17,23,0,9,0,9,0.0,0.0,77.78,0.0,0.0,0.0,0.0,1.22,1.19,0.67,10.11
PIT,2024-02-18,0,0,2,1,2,0.0,0.0,50.0,44.0,60.0,49.4,93.0,2.5,1.5,10.0,46.0
PIT,2024-02-18,1,0,0,0,0,0.0,0.0,0.0,0.0,0.0,0.0,0.0,0.0,0.0,0.0,0.0
PIT,2024-02-18,5,4,1,5,1,60.0,60.0,100.0,15.0,11.6,1.48,16.0,0.0,0.5,0.0,0.0
PIT,2024-02-18,6,12,0,12,0,75.0,66.67,0.0,10.42,19.25,7.77,16.75,0.0,0.0,0.0,0.0
PIT,2024-02-18,7,10,0,10,0,90.0,90.0,0.0,3.3,14.4,4.22,6.9,0.0,0.0,0.0,0.0
PIT,2024-02-18,8,13,1,13,1,84.62,76.92,100.0,15.31,13.92,3.19,16.54,0.0,0.5,0.0,0.0
PIT,2024-02-18,9,3,7,5,7,100.0,100.0,100.0,0.0,11.0,1.48,1.4,2.0,1.9,1.29,1.29
PIT,2024-02-18,10,8,5,8,6,100.0,100.0,66.67,0.0,13.25,3.15,0.75,9.67,0.63,7.5,18.67
PIT,2024-02-18,11,6,8,9,9,77.78,77.78,77.78,9.0,14.78,4.18,12.67,3.22,0.72,2.33,5.33
PIT,2024-02-18,12,9,9,9,10,88.89,88.89,80.0,17.11,12.22,1.98,17.67,1.5,3.02,4.1,6.2
PIT,2024-02-18,13,11,12,11,12,90.91,90.91,75.0,6.64,11.18,0.98,6.91,3.08,1.65,2.33,9.5
PIT,2024-02-18,14,7,3,8,4,62.5,62.5,50.0,31.75,11.75,1.4,32.75,0.0,0.2,9.0,25.75
PIT,2024-02-18,15,3,10,3,11,100.0,100.0,90.91,0.0,11.0,0.13,0.0,2.27,3.07,3.18,6.45
PIT,2024-02-18,16,10,5,12,8,91.67,83.33,87.5,4.17,13.17,3.13,5.67,2.5,2.84,1.38,4.75
PIT,2024-02-18,17,8,6,8,6,75.0,75.0,66.67,21.88,10.88,0.93,22.25,1.17,0.88,0.0,29.0
PIT,2024-02-18,18,4,8,5,9,100.0,100.0,88.89,0.0,10.6,0.36,0.0,1.0,1.21,3.33,8.33
PIT,2024-02-18,19,8,11,8,13,62.5,62.5,61.54,29.5,10.38,0.76,29.63,2.54,0.79,2.69,31.08
PIT,2024-02-18,20,6,11,6,12,83.33,83.33,66.67,31.17,10.17,0.6,30.83,1.17,1.18,1.75,24.58
PIT,2024-02-18,21,0,4,2,4,50.0,100.0,75.0,8.5,9.0,0.0,5.5,2.5,2.13,0.0,3.75
PIT,2024-02-18,22,1,8,1,8,100.0,0.0,62.5,0.0,36.0,25.4,19.0,2.25,0.41,1.13,10.13
PIT,2024-02-18,23,0,12,0,12,0.0,0.0,91.67,0.0,0.0,0.0,0.0,1.67,0.62,1.17,5.5
PIT,2024-02-19,0,0,3,0,3,0.0,0.0,33.33,0.0,0.0,0.0,0.0,1.33,2.83,9.0,52.0
PIT,2024-02-19,2,0,0,0,0,0.0,0.0,0.0,0.0,0.0,0.0,0.0,0.0,0.0,0.0,0.0
PIT,2024-02-19,5,5,1,5,2,80.0,80.0,0.0,4.2,23.8,12.42,12.0,2.0,1.5,3.5,28.0
PIT,2024-02-19,6,16,0,18,0,83.33,72.22,0.0,4.17,23.78,12.43,13.22,0.0,0.0,0.0,0.0
PIT,2024-02-19,7,12,1,12,1,91.67,91.67,0.0,2.08,18.67,7.96,6.17,1.0,0.5,13.0,33.0
PIT,2024-02-19,8,10,4,12,4,100.0,75.0,75.0,0.0,22.33,11.47,7.75,0.75,1.13,6.0,10.25
PIT,2024-02-19,9,5,8,4,8,100.0,100.0,100.0,0.0,17.0,5.55,2.5,2.0,1.4,2.13,1.25
PIT,2024-02-19,10,7,8,8,10,87.5,87.5,50.0,5.88,12.25,2.35,6.75,3.2,1.05,5.7,21.2
PIT,2024-02-19,11,11,8,14,11,85.71,78.57,72.73,4.71,14.14,3.76,7.21,2.82,1.91,3.45,7.27
PIT,2024-02-19,12,7,6,10,6,90.0,80.0,66.67,4.3,14.8,4.28,7.2,0.17,0.58,0.83,5.83
PIT,2024-02-19,13,7,11,8,12,100.0,100.0,91.67,0.13,11.75,1.85,0.38,0.83,2.36,0.58,9.17
PIT,2024-02-19,14,8,5,9,7,77.78,77.78,71.43,13.44,14.56,3.9,16.56,1.43,0.26,3.43,14.57
PIT,2024-02-19,15,6,12,6,14,83.33,83.33,71.43,11.5,10.83,1.37,10.67,0.79,1.91,4.86,14.29
PIT,2024-02-19,16,12,10,14,11,78.57,78.57,63.64,13.07,11.71,1.41,13.0,0.64,0.92,1.36,13.64
PIT,2024-02-19,17,11,6,11,10,63.64,63.64,30.0,12.82,9.82,0.64,12.27,1.6,0.88,4.6,19.8
PIT,2024-02-19,18,7,10,11,12,63.64,63.64,50.0,14.91,9.73,0.13,13.91,0.42,1.37,3.58,26.33
PIT,2024-02-19,19,7,6,8,7,75.0,75.0,71.43,7.75,13.0,2.8,9.13,0.43,1.21,2.86,9.0
PIT,2024-02-19,20,4,14,4,15,50.0,50.0,86.67,14.75,10.5,0.1,14.5,1.2,0.83,0.73,4.33
PIT,2024-02-19,21,0,5,2,6,100.0,100.0,50.0,0.0,8.5,0.0,0.0,3.0,0.17,4.0,19.5
PIT,2024-02-19,22,0,6,1,6,100.0,0.0,66.67,0.0,37.0,26.4,17.0,1.33,0.48,2.67,22.5
PIT,2024-02-19,23,0,11,0,11,0.0,0.0,81.82,0.0,0.0,0.0,0.0,0.73,1.08,4.0,6.27
PIT,2024-02-20,0,0,2,0,4,0.0,0.0,50.0,0.0,0.0,0.0,0.0,2.25,2.63,3.75,21.0
PIT,2024-02-20,3,0,0,0,1,0.0,0.0,100.0,0.0,0.0,0.0,0.0,0.0,1.5,3.0,1.0
PIT,2024-02-20,4,0,0,1,0,100.0,100.0,0.0,0.0,9.0,0.0,0.0,0.0,0.0,0.0,0.0
PIT,2024-02-20,5,6,0,6,4,100.0,100.0,75.0,0.0,22.0,11.08,5.0,0.0,2.0,0.25,7.25
PIT,2024-02-20,6,15,0,15,1,100.0,100.0,0.0,0.2,18.4,6.88,2.2,5.0,0.5,10.0,28.0
PIT,2024-02-20,7,9,2,12,2,91.67,66.67,50.0,3.0,25.0,13.83,13.42,0.5,0.5,3.5,18.0
PIT,2024-02-20,8,9,1,11,3,90.91,81.82,33.33,5.73,18.09,7.42,9.36,4.67,1.5,14.67,23.67
PIT,2024-02-20,9,4,6,6,6,100.0,100.0,100.0,0.83,17.0,6.7,5.33,3.17,0.8,1.5,0.0
PIT,2024-02-20,10,6,7,7,8,100.0,100.0,100.0,0.0,10.57,0.89,0.29,2.13,1.79,1.25,0.0
PIT,2024-02-20,11,7,7,9,8,88.89,88.89,100.0,5.33,14.0,3.44,7.22,5.0,0.94,3.38,3.25
PIT,2024-02-20,12,8,5,8,5,87.5,87.5,80.0,2.75,12.38,2.23,2.63,2.6,1.1,4.2,6.4
PIT,2024-02-20,13,6,9,7,9,85.71,85.71,77.78,10.57,10.43,0.77,10.43,3.67,0.87,1.56,14.89
PIT,2024-02-20,14,6,4,6,5,83.33,83.33,80.0,16.67,15.67,5.3,20.83,1.8,0.56,2.2,17.8
PIT,2024-02-20,15,4,8,6,9,66.67,66.67,88.89,11.5,13.33,3.23,13.67,1.78,3.08,3.67,4.0
PIT,2024-02-20,16,10,10,10,11,100.0,90.0,90.91,0.0,16.0,5.41,3.3,1.82,3.23,1.45,3.64
PIT,2024-02-20,17,10,5,12,5,75.0,66.67,100.0,14.08,11.75,1.27,14.83,0.8,0.6,0.0,0.4
PIT,2024-02-20,18,7,8,8,11,100.0,100.0,72.73,0.75,10.13,0.18,0.5,1.55,1.43,4.0,13.55
PIT,2024-02-20,19,5,9,5,11,80.0,80.0,81.82,4.6,22.8,12.02,11.4,0.91,0.95,1.09,11.18
PIT,2024-02-20,20,5,12,5,15,100.0,100.0,86.67,0.0,11.2,1.12,0.0,1.0,3.28,3.93,12.8
PIT,2024-02-20,21,1,4,3,4,66.67,66.67,100.0,81.0,12.33,1.73,81.67,0.25,1.38,0.0,0.0
PIT,2024-02-20,22,0,7,2,9,100.0,100.0,88.89,0.0,12.0,1.4,0.0,2.0,1.89,2.33,4.44
PIT,2024-02-20,23,0,12,1,12,100.0,100.0,91.67,0.0,22.0,11.4,11.0,2.83,1.47,1.5,4.25
PIT,2024-02-21,0,0,1,1,2,0.0,0.0,100.0,102.0,13.0,2.4,104.0,0.0,2.0,2.5,0.5
PIT,2024-02-21,1,0,0,1,1,0.0,100.0,0.0,15.0,5.0,0.0,9.0,0.0,0.0,0.0,16.0
PIT,2024-02-21,2,0,0,0,0,0.0,0.0,0.0,0.0,0.0,0.0,0.0,0.0,0.0,0.0,0.0
PIT,2024-02-21,4,0,0,0,1,0.0,0.0,100.0,0.0,0.0,0.0,0.0,0.0,3.5,0.0,0.0
PIT,2024-02-21,5,5,0,5,3,80.0,80.0,100.0,4.6,24.4,12.82,7.6,0.0,2.83,0.33,3.67
PIT,2024-02-21,6,16,0,17,0,100.0,76.47,0.0,0.0,22.24,10.88,6.47,0.0,0.0,0.0,0.0
PIT,2024-02-21,7,10,2,11,2,90.91,81.82,100.0,2.09,22.36,11.34,7.82,1.5,12.5,7.5,2.5
PIT,2024-02-21,8,9,1,13,1,76.92,69.23,0.0,18.23,19.0,8.51,23.46,0.0,0.5,6.0,151.0
PIT,2024-02-21,9,3,7,3,8,100.0,100.0,87.5,0.0,10.0,1.47,0.0,1.13,0.8,4.5,9.13
PIT,2024-02-21,10,7,9,8,9,100.0,100.0,88.89,0.25,10.5,0.7,0.5,2.67,0.87,2.67,7.89
PIT,2024-02-21,11,8,6,11,11,63.64,63.64,72.73,10.73,13.09,2.29,11.36,2.36,1.5,3.09,11.55
PIT,2024-02-21,12,8,5,9,5,66.67,66.67,100.0,22.22,11.67,1.62,22.67,1.8,1.9,0.0,0.0
PIT,2024-02-21,13,6,9,9,11,88.89,88.89,72.73,31.11,12.78,2.76,31.78,1.27,1.05,4.91,9.18
PIT,2024-02-21,14,6,5,6,5,100.0,100.0,100.0,4.0,12.83,2.8,5.33,2.2,0.96,7.0,6.6
PIT,2024-02-21,15,4,8,6,9,66.67,66.67,77.78,21.0,10.17,0.47,21.0,1.0,0.81,3.67,12.89
PIT,2024-02-21,16,10,11,10,13,80.0,80.0,76.92,6.0,12.4,1.7,6.5,2.23,1.45,1.92,7.38
PIT,2024-02-21,17,12,4,13,6,92.31,92.31,50.0,3.08,9.46,0.34,3.08,1.33,0.22,8.33,17.17
PIT,2024-02-21,18,5,8,6,10,66.67,66.67,70.0,13.5,11.0,0.03,13.17,0.9,0.24,2.8,14.6
PIT,2024-02-21,19,6,8,6,10,83.33,83.33,100.0,2.83,12.0,2.02,3.67,0.9,0.15,2.7,1.9
PIT,2024-02-21,20,4,13,4,15,100.0,100.0,93.33,0.0,9.5,0.15,0.0,2.4,0.88,0.87,1.53
PIT,2024-02-21,21,1,4,3,5,100.0,100.0,100.0,1.0,8.67,0.0,0.33,3.4,0.5,3.0,0.8
PIT,2024-02-21,22,1,7,3,7,100.0,66.67,85.71,4.67,12.33,2.8,7.33,1.0,0.07,0.29,6.43
PIT,2024-02-21,23,0,13,0,13,0.0,0.0,69.23,0.0,0.0,0.0,0.0,1.54,1.05,0.69,16.92
PIT,2024-02-22,0,0,3,0,2,0.0,0.0,50.0,0.0,0.0,0.0,0.0,2.5,2.5,9.5,12.0
PIT,2024-02-22,1,0,0,0,0,0.0,0.0,0.0,0.0,0.0,0.0,0.0,0.0,0.0,0.0,0.0
PIT,2024-02-22,3,0,0,0,0,0.0,0.0,0.0,0.0,0.0,0.0,0.0,0.0,0.0,0.0,0.0
PIT,2024-02-22,4,0,0,0,1,0.0,0.0,100.0,0.0,0.0,0.0,0.0,0.0,1.5,0.0,0.0
PIT,2024-02-22,5,6,1,6,3,100.0,100.0,66.67,0.0,12.33,1.6,0.0,0.33,0.83,5.33,29.0
PIT,2024-02-22,6,15,0,17,0,94.12,88.24,0.0,1.82,12.06,1.41,2.29,0.0,0.0,0.0,0.0
PIT,2024-02-22,7,11,1,14,1,71.43,71.43,0.0,16.79,14.21,3.82,18.21,11.0,0.5,17.0,104.0
PIT,2024-02-22,8,11,3,12,4,91.67,91.67,50.0,2.75,10.5,0.68,3.0,1.75,0.38,9.25,14.25
PIT,2024-02-22,9,5,8,6,10,83.33,83.33,70.0,5.67,12.5,1.6,6.0,2.2,1.14,1.5,13.2
PIT,2024-02-22,10,7,9,11,10,72.73,72.73,90.0,11.55,13.45,3.12,14.36,4.3,0.9,2.2,10.8
PIT,2024-02-22,11,11,7,12,8,75.0,75.0,62.5,13.92,10.67,0.52,14.0,6.75,1.75,4.38,10.0
PIT,2024-02-22,12,6,5,6,8,66.67,66.67,75.0,7.5,12.0,1.67,7.67,2.25,2.38,3.5,6.38
PIT,2024-02-22,13,7,12,8,15,87.5,87.5,73.33,4.13,9.88,0.43,3.63,3.2,0.75,3.67,18.07
PIT,2024-02-22,14,8,5,8,5,87.5,87.5,80.0,11.0,11.25,1.48,11.0,2.4,0.46,6.6,8.4
PIT,2024-02-22,15,6,11,11,13,54.55,54.55,61.54,17.82,10.45,0.56,17.91,2.69,0.5,6.23,14.0
PIT,2024-02-22,16,11,9,11,14,90.91,90.91,64.29,7.82,12.18,2.01,8.73,15.14,1.26,15.79,34.71
PIT,2024-02-22,17,10,5,11,7,100.0,100.0,57.14,1.64,12.55,2.92,2.36,2.0,0.33,2.0,19.29
PIT,2024-02-22,18,7,10,7,11,28.57,28.57,45.45,30.0,15.86,5.23,34.57,3.0,1.34,7.82,23.55
PIT,2024-02-22,19,7,6,7,9,42.86,42.86,77.78,33.0,14.71,4.07,36.0,0.67,1.42,2.44,22.78
PIT,2024-02-22,20,2,14,2,15,50.0,50.0,66.67,20.0,12.0,0.95,19.5,2.2,2.23,8.2,68.33
PIT,2024-02-22,21,1,5,3,5,66.67,66.67,100.0,7.0,12.67,2.47,9.33,1.6,1.8,1.8,1.6
PIT,2024-02-22,22,0,6,5,6,80.0,60.0,83.33,6.0,12.6,3.88,8.8,3.33,1.78,1.5,5.17
PIT,2024-02-22,23,0,11,1,11,100.0,100.0,81.82,5.0,5.0,0.0,0.0,2.09,1.15,0.0,23.0
PIT,2024-02-23,0,0,3,0,3,0.0,0.0,33.33,0.0,0.0,0.0,0.0,1.0,0.17,0.0,28.67
PIT,2024-02-23,1,0,0,0,0,0.0,0.0,0.0,0.0,0.0,0.0,0.0,0.0,0.0,0.0,0.0
PIT,2024-02-23,4,0,0,0,1,0.0,0.0,100.0,0.0,0.0,0.0,0.0,0.0,1.5,0.0,0.0
PIT,2024-02-23,5,6,1,6,4,100.0,100.0,100.0,0.0,11.5,0.57,0.0,0.0,1.38,1.25,6.0
PIT,2024-02-23,6,16,0,17,0,100.0,100.0,0.0,0.0,12.82,1.9,0.35,0.0,0.0,0.0,0.0
PIT,2024-02-23,7,11,1,15,4,73.33,73.33,25.0,6.27,13.0,2.73,7.53,1.5,0.5,3.5,21.5
PIT,2024-02-23,8,10,4,12,4,75.0,75.0,100.0,11.42,12.0,1.22,12.17,0.75,0.25,7.0,3.75
PIT,2024-02-23,9,5,8,9,8,55.56,55.56,100.0,19.33,12.22,1.67,19.78,0.88,2.09,3.88,2.0
PIT,2024-02-23,10,6,8,8,8,87.5,87.5,87.5,3.38,11.25,1.4,3.25,2.75,0.63,2.0,5.25
PIT,2024-02-23,11,11,8,13,10,92.31,92.31,80.0,1.38,14.0,3.86,3.85,2.2,2.05,1.7,7.5
PIT,2024-02-23,12,7,6,9,7,77.78,77.78,85.71,10.67,11.89,1.56,11.33,5.0,0.71,11.14,9.71
PIT,2024-02-23,13,7,11,8,12,87.5,87.5,75.0,3.75,10.5,0.63,3.63,3.0,0.58,5.67,6.67
PIT,2024-02-23,14,8,4,9,5,77.78,77.78,80.0,8.56,11.56,1.76,9.0,0.6,0.1,1.2,5.4
PIT,2024-02-23,15,5,12,6,14,50.0,66.67,78.57,13.83,10.0,0.23,13.17,1.0,1.61,4.0,16.07
PIT,2024-02-23,16,13,9,14,11,85.71,85.71,90.91,11.07,11.64,1.43,11.57,1.64,1.23,0.91,5.45
PIT,2024-02-23,17,11,7,12,9,100.0,100.0,77.78,2.0,12.5,2.07,2.42,1.56,0.87,1.0,8.67
PIT,2024-02-23,18,8,9,11,12,81.82,81.82,66.67,5.82,10.36,0.36,5.55,0.75,0.35,1.92,17.08
PIT,2024-02-23,19,6,7,8,8,50.0,50.0,75.0,12.38,13.5,2.86,13.63,0.5,1.5,3.25,8.63
PIT,2024-02-23,20,4,14,4,14,75.0,75.0,85.71,13.75,12.0,1.2,14.5,1.86,2.32,5.36,6.57
PIT,2024-02-23,21,0,5,2,5,50.0,50.0,80.0,11.5,8.5,0.0,10.5,0.8,1.1,2.0,4.2
PIT,2024-02-23,22,1,6,1,6,100.0,100.0,83.33,0.0,15.0,4.4,3.0,0.83,0.88,0.5,14.5
PIT,2024-02-23,23,0,12,0,12,0.0,0.0,91.67,0.0,0.0,0.0,0.0,1.42,1.34,4.5,4.0
PIT,2024-02-24,0,0,2,0,3,0.0,0.0,100.0,0.0,0.0,0.0,0.0,2.0,0.83,0.67,0.0
PIT,2024-02-24,1,0,0,0,0,0.0,0.0,0.0,0.0,0.0,0.0,0.0,0.0,0.0,0.0,0.0
PIT,2024-02-24,5,4,1,4,2,100.0,75.0,100.0,0.0,16.0,5.6,4.25,0.0,0.5,0.0,0.0
PIT,2024-02-24,6,13,0,14,1,85.71,85.71,0.0,3.07,13.5,2.74,4.93,0.0,2.5,5.0,27.0
PIT,2024-02-24,7,9,2,12,2,83.33,58.33,100.0,8.0,30.67,19.8,26.75,0.5,0.5,4.5,0.0
PIT,2024-02-24,8,11,3,11,4,90.91,9.09,75.0,15.82,44.0,32.83,44.91,1.0,1.5,6.75,40.75
PIT,2024-02-24,9,4,5,7,5,71.43,0.0,100.0,24.29,31.29,21.03,42.14,0.8,1.9,4.0,3.2
PIT,2024-02-24,10,6,6,6,6,100.0,100.0,100.0,0.0,27.17,15.82,8.0,2.0,1.67,1.83,0.17
PIT,2024-02-24,11,6,6,7,7,85.71,85.71,100.0,4.0,14.57,4.11,5.86,1.86,1.36,0.0,0.0
PIT,2024-02-24,12,6,6,7,8,100.0,100.0,75.0,0.0,10.29,0.69,0.43,1.38,1.06,0.88,8.88
PIT,2024-02-24,13,11,10,14,12,85.71,78.57,83.33,12.43,13.36,3.39,14.07,4.75,1.13,5.25,17.0
PIT,2024-02-24,14,4,5,4,7,75.0,75.0,28.57,9.5,10.75,0.7,9.0,7.0,0.5,12.86,27.57
PIT,2024-02-24,15,6,10,7,9,42.86,42.86,77.78,25.57,9.14,0.51,25.0,0.78,0.81,2.22,6.44
PIT,2024-02-24,16,10,10,10,12,80.0,80.0,91.67,4.3,11.8,1.38,4.8,4.83,1.83,3.75,8.0
PIT,2024-02-24,17,9,4,9,6,88.89,88.89,83.33,3.0,9.22,0.27,2.67,2.33,0.8,2.5,15.67
PIT,2024-02-24,18,5,5,6,6,83.33,83.33,83.33,14.33,10.33,0.13,14.17,2.33,2.82,0.33,2.67
PIT,2024-02-24,19,3,7,3,8,66.67,66.67,75.0,13.33,14.0,2.37,15.67,0.63,0.96,1.0,23.38
PIT,2024-02-24,20,1,9,1,10,0.0,0.0,70.0,138.0,14.0,3.4,141.0,1.7,0.82,5.0,14.5
PIT,2024-02-24,21,0,4,1,4,100.0,100.0,75.0,0.0,11.0,0.4,0.0,0.25,0.63,0.0,7.0
PIT,2024-02-24,22,0,4,0,4,0.0,0.0,100.0,0.0,0.0,0.0,0.0,3.0,0.7,1.0,1.25
PIT,2024-02-24,23,0,9,0,9,0.0,0.0,77.78,0.0,0.0,0.0,0.0,0.89,2.54,2.44,9.78
PIT,2024-02-25,0,0,2,0,2,0.0,0.0,50.0,0.0,0.0,0.0,0.0,0.5,2.0,5.0,9.0
PIT,2024-02-25,5,5,1,5,1,100.0,80.0,100.0,0.0,20.6,10.14,7.2,0.0,0.0,0.0,0.0
PIT,2024-02-25,6,12,0,12,0,91.67,75.0,0.0,5.75,21.92,10.15,13.0,0.0,0.0,0.0,0.0
PIT,2024-02-25,7,10,0,12,0,91.67,91.67,0.0,2.08,21.67,10.58,7.67,0.0,0.0,0.0,0.0
PIT,2024-02-25,8,13,2,13,3,100.0,100.0,100.0,0.0,20.92,9.56,4.69,0.67,1.07,3.0,3.0
PIT,2024-02-25,9,4,7,5,8,100.0,100.0,87.5,0.0,10.8,0.48,0.0,5.13,1.06,4.75,8.0
PIT,2024-02-25,10,9,7,10,7,100.0,100.0,100.0,1.2,14.7,4.3,2.6,1.71,0.33,0.29,1.86
PIT,2024-02-25,11,8,8,8,11,75.0,75.0,54.55,5.63,16.25,6.45,11.38,2.09,2.0,4.36,15.27
PIT,2024-02-25,12,9,8,9,9,88.89,77.78,77.78,5.0,12.11,2.18,6.33,0.89,3.11,4.0,8.22
PIT,2024-02-25,13,9,11,11,12,72.73,72.73,100.0,5.18,10.55,0.62,5.36,2.25,1.61,1.58,0.17
PIT,2024-02-25,14,7,4,9,6,88.89,88.89,50.0,8.33,12.22,2.0,9.22,0.0,0.17,3.5,53.5
PIT,2024-02-25,15,4,10,5,11,40.0,40.0,81.82,69.2,13.0,1.78,70.6,3.09,0.25,3.45,6.0
PIT,2024-02-25,16,10,7,12,9,75.0,75.0,88.89,6.42,11.92,1.67,6.25,3.33,2.08,2.44,10.67
PIT,2024-02-25,17,8,6,9,8,88.89,88.89,87.5,3.78,10.11,0.42,3.67,1.13,0.53,1.88,4.0
PIT,2024-02-25,18,5,8,5,13,100.0,100.0,61.54,0.6,9.6,0.52,0.0,1.38,1.15,10.15,17.69
PIT,2024-02-25,19,8,11,11,12,63.64,63.64,91.67,21.0,12.27,3.01,22.64,1.42,0.79,6.0,6.08
PIT,2024-02-25,20,6,12,8,12,100.0,100.0,83.33,1.38,11.75,1.24,2.5,1.42,0.73,0.58,4.92
PIT,2024-02-25,21,0,4,0,4,0.0,0.0,100.0,0.0,0.0,0.0,0.0,2.75,0.13,0.25,2.0
PIT,2024-02-25,22,1,8,1,9,100.0,100.0,88.89,1.0,19.0,8.4,9.0,1.56,0.11,0.0,11.22
PIT,2024-02-25,23,0,12,0,12,0.0,0.0,75.0,0.0,0.0,0.0,0.0,0.83,1.2,0.67,9.58
PIT,2024-02-26,0,0,3,0,2,0.0,0.0,100.0,0.0,0.0,0.0,0.0,0.0,1.25,0.0,2.5
PIT,2024-02-26,5,5,1,5,1,100.0,80.0,100.0,1.4,14.6,2.92,3.4,0.0,0.0,0.0,0.0
PIT,2024-02-26,6,16,0,17,0,88.24,94.12,0.0,3.47,12.53,1.63,3.76,0.0,0.0,0.0,0.0
PIT,2024-02-26,7,12,1,12,1,91.67,91.67,0.0,3.83,12.67,2.48,4.5,0.0,0.5,7.0,58.0
PIT,2024-02-26,8,10,4,11,5,90.91,90.91,80.0,2.64,11.36,1.34,2.91,0.6,0.54,9.0,8.2
PIT,2024-02-26,9,4,8,6,8,50.0,50.0,75.0,24.67,12.5,1.33,25.33,1.0,0.65,0.88,22.13
PIT,2024-02-26,10,7,8,10,8,60.0,60.0,62.5,23.0,12.3,2.54,24.8,1.25,0.91,1.13,18.88
PIT,2024-02-26,11,11,8,13,9,76.92,76.92,77.78,10.54,10.85,1.11,10.54,3.33,0.78,2.44,10.44
PIT,2024-02-26,12,7,6,8,6,100.0,100.0,100.0,1.25,11.5,1.82,2.5,1.83,1.25,1.83,0.5
PIT,2024-02-26,13,7,11,7,14,85.71,85.71,85.71,2.29,12.29,2.06,2.86,1.0,0.66,3.43,14.79
PIT,2024-02-26,14,8,5,10,6,90.0,90.0,100.0,2.3,10.6,0.96,2.3,0.17,0.33,1.83,4.17
PIT,2024-02-26,15,5,12,7,12,85.71,71.43,75.0,8.86,11.0,0.63,8.86,0.58,0.58,3.08,7.17
PIT,2024-02-26,16,13,10,12,11,66.67,66.67,90.91,10.42,11.25,1.11,10.92,1.64,1.25,0.18,4.45
PIT,2024-02-26,17,11,6,12,9,91.67,91.67,88.89,1.67,10.67,0.73,1.42,1.11,0.76,1.22,4.0
PIT,2024-02-26,18,8,9,10,10,80.0,80.0,70.0,29.9,11.1,0.94,30.5,21.8,0.39,21.4,80.7
PIT,2024-02-26,19,6,5,6,5,66.67,66.67,100.0,54.5,17.5,7.25,60.0,0.8,0.8,4.0,2.0
PIT,2024-02-26,20,4,15,5,17,100.0,100.0,94.12,0.0,12.4,2.16,2.0,1.12,0.55,4.53,4.35
PIT,2024-02-26,21,0,5,2,6,100.0,100.0,50.0,0.0,9.0,0.0,0.0,2.0,1.0,2.83,7.83
PIT,2024-02-26,22,1,6,4,7,75.0,75.0,85.71,7.5,10.75,0.55,7.75,1.29,0.49,1.86,9.86
PIT,2024-02-26,23,0,12,0,13,0.0,0.0,69.23,0.0,0.0,0.0,0.0,0.85,1.59,2.23,19.15
PIT,2024-02-27,0,0,2,0,3,0.0,0.0,66.67,0.0,0.0,0.0,0.0,1.0,1.67,1.33,23.0
PIT,2024-02-27,2,0,0,0,0,0.0,0.0,0.0,0.0,0.0,0.0,0.0,0.0,0.0,0.0,0.0
PIT,2024-02-27,4,0,0,2,2,0.0,0.0,100.0,101.5,13.5,3.2,104.0,0.0,1.0,4.5,0.0
PIT,2024-02-27,5,6,0,8,4,100.0,100.0,75.0,0.0,12.63,1.88,0.13,0.0,1.25,0.0,4.75
PIT,2024-02-27,6,15,0,16,0,87.5,87.5,0.0,18.88,11.0,0.24,18.94,0.0,0.0,0.0,0.0
PIT,2024-02-27,7,9,2,12,3,50.0,41.67,66.67,32.92,14.92,4.27,36.5,4.0,0.5,7.67,6.0
PIT,2024-02-27,8,9,1,12,1,91.67,91.67,100.0,1.33,11.08,0.47,1.25,6.0,0.5,23.0,10.0
PIT,2024-02-27,9,4,6,4,6,75.0,75.0,100.0,24.25,41.25,30.95,54.25,3.33,1.03,0.67,0.5
PIT,2024-02-27,10,6,7,7,8,57.14,57.14,37.5,21.57,14.57,4.0,25.57,19.75,0.71,22.88,40.0
PIT,2024-02-27,11,7,7,10,9,70.0,50.0,88.89,33.8,15.2,4.58,37.5,6.44,4.33,4.22,4.67
PIT,2024-02-27,12,8,5,8,7,100.0,100.0,57.14,2.25,11.75,1.85,2.75,2.57,0.79,1.29,31.43
PIT,2024-02-27,13,6,9,7,13,71.43,71.43,61.54,12.0,11.57,1.21,12.43,6.46,0.45,6.38,19.31
PIT,2024-02-27,14,6,4,8,5,75.0,75.0,80.0,14.38,11.38,1.3,14.75,1.8,0.1,1.6,5.6
PIT,2024-02-27,15,4,8,5,9,80.0,80.0,77.78,4.8,10.8,0.6,5.4,2.33,1.34,5.44,21.0
PIT,2024-02-27,16,10,10,11,9,54.55,45.45,77.78,37.09,16.45,5.41,41.0,2.0,1.16,1.56,8.67
PIT,2024-02-27,17,10,5,11,6,63.64,63.64,50.0,17.73,11.64,1.68,18.27,1.33,0.13,0.83,47.67
PIT,2024-02-27,18,7,8,8,8,87.5,87.5,62.5,6.13,12.38,1.82,6.13,3.25,1.02,3.25,9.88
PIT,2024-02-27,19,5,9,5,11,80.0,80.0,90.91,5.2,12.0,1.14,6.0,1.45,0.61,0.18,5.64
PIT,2024-02-27,20,5,12,5,12,80.0,80.0,83.33,6.6,10.8,1.06,7.0,1.92,2.88,5.25,22.75
PIT,2024-02-27,21,1,4,3,4,100.0,100.0,75.0,2.67,10.0,0.47,2.33,3.5,1.13,5.5,6.75
PIT,2024-02-27,22,0,7,2,8,100.0,100.0,62.5,0.0,8.5,0.0,0.0,5.25,0.21,5.75,16.5
PIT,2024-02-27,23,0,12,0,12,0.0,0.0,83.33,0.0,0.0,0.0,0.0,1.83,1.41,1.83,8.42
PIT,2024-02-28,0,0,1,0,3,0.0,0.0,66.67,0.0,0.0,0.0,0.0,2.0,1.33,6.67,17.0
PIT,2024-02-28,1,0,0,0,1,0.0,0.0,100.0,0.0,0.0,0.0,0.0,0.0,0.3,0.0,0.0
PIT,2024-02-28,4,0,0,0,1,0.0,0.0,100.0,0.0,0.0,0.0,0.0,0.0,1.5,0.0,0.0
PIT,2024-02-28,5,6,0,6,3,100.0,66.67,0.0,0.0,43.67,31.9,26.33,0.67,5.5,6.67,65.33
PIT,2024-02-28,6,15,0,15,1,53.33,46.67,0.0,40.4,13.6,2.73,41.13,2.0,0.0,4.0,160.0
PIT,2024-02-28,7,10,2,10,2,20.0,20.0,50.0,42.4,14.4,3.16,45.4,9.0,21.0,28.5,19.5
PIT,2024-02-28,8,9,1,11,3,63.64,63.64,0.0,31.82,13.45,3.38,34.0,15.0,0.17,27.67,79.0
PIT,2024-02-28,9,3,7,5,9,80.0,60.0,88.89,4.0,14.8,4.68,7.2,3.67,0.56,3.11,7.89
PIT,2024-02-28,10,7,9,9,9,44.44,44.44,88.89,31.11,11.56,2.04,32.0,2.89,0.83,2.78,5.0
PIT,2024-02-28,11,8,6,10,6,90.0,90.0,83.33,1.5,18.3,8.06,8.8,2.33,1.92,1.17,4.83
PIT,2024-02-28,12,8,5,9,6,88.89,77.78,100.0,7.0,14.44,4.67,10.67,1.5,1.0,2.5,0.33
PIT,2024-02-28,13,6,9,6,11,66.67,50.0,54.55,21.83,16.0,5.72,27.33,5.64,0.66,4.91,19.55
PIT,2024-02-28,14,6,5,7,9,42.86,42.86,77.78,17.86,13.43,2.83,20.57,3.33,2.56,2.56,21.11
PIT,2024-02-28,15,4,8,7,10,100.0,100.0,80.0,0.29,13.57,2.94,2.71,5.2,1.53,7.6,26.1
PIT,2024-02-28,16,10,10,12,13,83.33,83.33,84.62,26.92,14.58,3.87,29.25,4.46,1.82,8.54,8.23
PIT,2024-02-28,17,11,4,15,7,80.0,80.0,57.14,8.07,12.47,2.45,10.0,12.43,1.26,18.0,24.43
PIT,2024-02-28,18,5,8,5,9,60.0,60.0,77.78,34.2,16.0,4.88,38.8,3.11,1.91,0.78,6.22
PIT,2024-02-28,19,6,9,7,11,42.86,28.57,63.64,39.71,21.43,10.34,49.86,2.27,0.71,5.0,29.36
PIT,2024-02-28,20,5,13,5,14,60.0,60.0,57.14,15.8,14.2,4.48,19.0,5.07,3.04,4.5,34.64
PIT,2024-02-28,21,1,4,6,4,66.67,66.67,100.0,11.0,10.83,0.4,11.33,2.5,1.25,1.25,0.0
PIT,2024-02-28,22,1,7,2,7,50.0,50.0,100.0,67.0,14.0,4.2,71.0,1.86,1.24,1.71,1.57
PIT,2024-02-28,23,0,13,0,13,0.0,0.0,76.92,0.0,0.0,0.0,0.0,1.77,0.57,0.85,14.85
PIT,2024-02-29,0,0,4,0,1,0.0,0.0,100.0,0.0,0.0,0.0,0.0,0.0,3.5,0.0,0.0
PIT,2024-02-29,1,0,0,0,0,0.0,0.0,0.0,0.0,0.0,0.0,0.0,0.0,0.0,0.0,0.0
PIT,2024-02-29,4,0,0,0,1,0.0,0.0,100.0,0.0,0.0,0.0,0.0,0.0,0.5,0.0,0.0
PIT,2024-02-29,5,6,1,6,3,100.0,100.0,66.67,0.0,17.0,5.92,2.0,0.0,3.17,0.0,12.33
PIT,2024-02-29,6,15,0,16,0,100.0,87.5,0.0,0.0,18.5,7.26,4.81,0.0,0.0,0.0,0.0
PIT,2024-02-29,7,11,1,11,0,81.82,81.82,0.0,4.55,17.09,6.53,7.91,0.0,0.0,0.0,0.0
PIT,2024-02-29,8,11,3,11,2,100.0,90.91,100.0,0.0,17.09,6.63,3.91,1.0,0.25,2.0,1.0
PIT,2024-02-29,9,5,8,5,9,100.0,100.0,100.0,0.0,12.4,1.72,0.0,2.78,2.02,3.0,2.11
PIT,2024-02-29,10,7,9,9,9,77.78,77.78,88.89,6.44,11.67,1.47,7.33,2.78,3.09,1.33,3.44
PIT,2024-02-29,11,11,7,10,8,90.0,90.0,75.0,2.8,11.5,1.38,3.1,5.25,2.0,2.13,9.75
PIT,2024-02-29,12,6,5,7,6,85.71,85.71,100.0,11.71,12.29,1.94,12.57,1.17,2.42,0.83,0.67
PIT,2024-02-29,13,7,12,8,13,87.5,87.5,76.92,6.13,12.75,3.22,7.38,1.62,1.48,2.69,7.08
PIT,2024-02-29,14,8,6,12,8,75.0,75.0,75.0,7.67,12.42,2.28,9.0,2.25,0.5,3.63,12.0
PIT,2024-02-29,15,7,11,9,14,66.67,66.67,78.57,19.0,13.67,2.98,21.0,3.79,0.97,4.86,17.29
PIT,2024-02-29,16,11,9,16,11,62.5,56.25,72.73,20.0,11.38,1.25,20.44,1.91,1.95,2.18,9.0
PIT,2024-02-29,17,10,5,11,8,72.73,72.73,75.0,11.09,10.18,0.71,11.09,1.25,1.1,0.38,11.63
PIT,2024-02-29,18,7,10,8,11,75.0,75.0,81.82,19.38,10.38,0.05,18.88,0.55,0.63,4.36,19.27
PIT,2024-02-29,19,7,6,7,6,71.43,85.71,83.33,19.86,11.71,1.79,20.14,0.83,0.42,0.0,17.17
PIT,2024-02-29,20,2,14,2,16,0.0,0.0,75.0,81.5,11.5,1.4,82.5,0.88,3.56,2.56,14.31
PIT,2024-02-29,21,1,5,3,5,100.0,100.0,80.0,1.33,9.33,0.13,0.0,3.0,4.24,8.4,12.0
PIT,2024-02-29,22,0,6,2,7,100.0,100.0,100.0,0.0,8.5,0.0,0.0,2.86,1.23,1.71,0.29
PIT,2024-02-29,23,0,10,0,10,0.0,0.0,90.0,0.0,0.0,0.0,0.0,0.6,1.07,1.2,3.8
PIT,2024-03-01,0,0,4,1,5,100.0,100.0,80.0,0.0,11.0,0.4,0.0,0.8,1.34,4.0,6.6
PIT,2024-03-01,1,0,0,0,0,0.0,0.0,0.0,0.0,0.0,0.0,0.0,0.0,0.0,0.0,0.0
PIT,2024-03-01,4,0,0,0,1,0.0,0.0,100.0,0.0,0.0,0.0,0.0,0.0,3.5,0.0,0.0
PIT,2024-03-01,5,7,1,7,4,85.71,71.43,100.0,4.14,20.86,10.07,11.57,0.5,2.13,1.5,6.5
PIT,2024-03-01,6,15,0,15,0,100.0,100.0,0.0,1.4,14.33,3.89,3.27,0.0,0.0,0.0,0.0
PIT,2024-03-01,7,11,1,12,1,91.67,83.33,100.0,1.67,16.58,6.71,7.08,0.0,1.5,5.0,2.0
PIT,2024-03-01,8,10,5,11,5,90.91,90.91,60.0,2.0,11.82,1.73,2.45,5.6,3.58,13.6,10.4
PIT,2024-03-01,9,6,8,6,8,100.0,100.0,100.0,0.0,11.83,1.53,0.0,2.5,1.95,1.88,1.0
PIT,2024-03-01,10,6,8,7,8,85.71,85.71,87.5,4.57,11.14,1.06,4.57,2.0,2.23,1.38,2.38
PIT,2024-03-01,11,11,8,11,9,81.82,81.82,88.89,5.82,10.18,0.87,5.91,5.67,2.38,4.11,6.0
PIT,2024-03-01,12,7,7,9,8,88.89,88.89,100.0,24.0,11.0,1.11,24.11,3.0,2.2,2.13,1.13
PIT,2024-03-01,13,7,10,7,10,85.71,85.71,90.0,8.0,10.71,1.66,8.71,3.3,3.03,2.2,5.3
PIT,2024-03-01,14,8,4,9,6,77.78,66.67,66.67,9.0,9.44,0.64,8.89,1.17,1.07,3.33,14.5
PIT,2024-03-01,15,5,12,6,13,66.67,66.67,84.62,8.5,10.83,1.3,9.5,3.15,1.68,2.92,8.77
PIT,2024-03-01,16,13,10,13,12,84.62,84.62,91.67,8.38,12.46,2.35,9.08,0.83,1.21,0.83,11.08
PIT,2024-03-01,17,11,6,11,7,100.0,100.0,100.0,0.73,10.0,1.04,1.55,1.14,0.77,0.14,0.0
PIT,2024-03-01,18,8,9,11,10,81.82,72.73,90.0,7.55,11.55,1.58,8.45,4.6,0.34,4.5,7.7
PIT,2024-03-01,19,6,7,6,7,83.33,83.33,57.14,29.0,11.0,1.33,29.5,3.0,2.21,4.0,68.71
PIT,2024-03-01,20,5,15,4,15,75.0,75.0,86.67,7.0,11.0,1.2,6.75,3.47,1.5,1.87,5.67
PIT,2024-03-01,21,0,5,3,5,66.67,33.33,60.0,8.67,27.67,17.07,25.0,5.8,1.3,1.6,29.4
PIT,2024-03-01,22,1,6,3,7,33.33,33.33,71.43,16.33,20.0,9.6,25.67,3.43,0.44,3.14,9.43
PIT,2024-03-01,23,0,11,0,11,0.0,0.0,72.73,0.0,0.0,0.0,0.0,3.09,2.18,1.73,17.27
PIT,2024-03-02,0,0,3,0,4,0.0,0.0,100.0,0.0,0.0,0.0,0.0,1.5,1.68,0.5,3.0
PIT,2024-03-02,5,5,1,5,2,100.0,100.0,100.0,3.0,12.4,3.04,3.8,0.0,1.75,0.0,7.0
PIT,2024-03-02,6,13,0,14,1,100.0,100.0,0.0,1.43,12.43,1.68,1.93,0.0,0.5,0.0,17.0
PIT,2024-03-02,7,8,2,10,2,70.0,70.0,50.0,6.0,14.3,3.73,8.0,7.0,1.0,10.0,16.5
PIT,2024-03-02,8,11,3,14,4,71.43,71.43,75.0,10.71,12.5,2.61,11.71,3.25,1.93,10.0,12.0
PIT,2024-03-02,9,4,5,5,6,80.0,80.0,83.33,8.4,14.8,5.32,13.2,3.5,0.92,2.0,3.33
PIT,2024-03-02,10,6,6,8,7,87.5,87.5,85.71,5.0,14.63,4.73,8.38,2.14,1.16,3.43,7.57
PIT,2024-03-02,11,6,5,7,5,57.14,57.14,80.0,12.43,12.43,2.67,14.71,4.0,0.8,1.2,3.6
PIT,2024-03-02,12,6,7,7,8,71.43,71.43,75.0,7.29,11.29,1.74,7.86,2.13,0.71,1.63,9.0
PIT,2024-03-02,13,9,8,10,11,80.0,70.0,63.64,5.1,14.8,5.34,8.5,3.36,0.54,4.82,9.82
PIT,2024-03-02,14,4,5,6,6,83.33,83.33,50.0,4.17,16.67,6.1,8.0,3.83,0.95,4.83,13.5
PIT,2024-03-02,15,6,10,8,13,50.0,37.5,69.23,17.0,12.0,2.57,18.75,1.69,2.86,5.0,10.54
PIT,2024-03-02,16,11,10,11,13,90.91,90.91,69.23,4.36,11.91,1.47,4.45,2.85,3.05,5.0,12.0
PIT,2024-03-02,17,8,5,8,5,50.0,50.0,20.0,18.38,14.5,5.45,22.75,4.8,0.92,9.6,42.2
PIT,2024-03-02,18,5,5,6,8,66.67,66.67,62.5,16.0,10.83,0.53,15.83,1.75,1.52,2.13,19.63
PIT,2024-03-02,19,4,7,4,7,50.0,50.0,71.43,40.5,12.0,1.13,41.0,1.0,1.44,9.71,28.29
PIT,2024-03-02,20,1,9,2,9,0.0,0.0,77.78,31.5,11.5,0.9,32.0,2.22,1.54,6.56,10.22
PIT,2024-03-02,21,0,4,0,5,0.0,0.0,20.0,0.0,0.0,0.0,0.0,0.6,1.18,1.4,44.2
PIT,2024-03-02,22,0,4,0,4,0.0,0.0,75.0,0.0,0.0,0.0,0.0,2.75,2.03,0.75,8.5
PIT,2024-03-02,23,0,8,0,9,0.0,0.0,77.78,0.0,0.0,0.0,0.0,3.0,1.38,6.78,11.11
PIT,2024-03-03,0,0,3,1,4,100.0,100.0,75.0,0.0,5.0,0.0,0.0,0.0,1.05,0.0,8.75
PIT,2024-03-03,4,0,0,1,0,100.0,0.0,0.0,0.0,26.0,15.4,15.0,0.0,0.0,0.0,0.0
PIT,2024-03-03,5,6,1,6,1,83.33,66.67,0.0,24.17,16.67,6.77,30.5,0.0,0.5,0.0,37.0
PIT,2024-03-03,6,11,0,11,0,81.82,81.82,0.0,10.18,12.82,2.48,10.64,0.0,0.0,0.0,0.0
PIT,2024-03-03,7,10,0,10,0,90.0,80.0,0.0,5.4,13.7,3.43,7.2,0.0,0.0,0.0,0.0
PIT,2024-03-03,8,13,2,15,2,93.33,86.67,50.0,4.27,14.8,4.01,6.4,3.0,0.25,1.5,18.5
PIT,2024-03-03,9,4,7,5,8,60.0,60.0,75.0,26.2,12.0,1.32,27.4,11.5,1.18,15.5,20.25
PIT,2024-03-03,10,9,7,11,9,81.82,81.82,77.78,22.45,10.91,1.22,22.91,2.33,1.82,2.56,23.22
PIT,2024-03-03,11,8,8,10,10,90.0,90.0,90.0,2.7,15.7,5.28,5.8,1.6,1.47,1.6,2.6
PIT,2024-03-03,12,9,9,12,9,66.67,66.67,77.78,9.0,10.92,1.05,9.42,0.56,2.01,9.11,11.78
PIT,2024-03-03,13,9,10,10,14,90.0,90.0,85.71,9.6,11.2,2.14,10.4,2.79,2.69,4.29,11.79
PIT,2024-03-03,14,7,5,7,6,71.43,71.43,66.67,9.43,12.0,2.0,10.29,0.67,2.2,4.67,8.17
PIT,2024-03-03,15,5,10,7,11,85.71,57.14,100.0,4.86,17.86,7.39,12.0,0.55,0.9,1.0,0.82
PIT,2024-03-03,16,10,7,11,8,90.91,81.82,100.0,8.18,12.55,2.82,9.82,0.88,3.25,1.75,1.38
PIT,2024-03-03,17,8,6,8,6,75.0,75.0,66.67,17.38,12.25,1.97,18.5,3.0,0.73,1.17,25.33
PIT,2024-03-03,18,5,8,6,11,66.67,66.67,90.91,14.83,12.17,2.07,15.67,1.36,2.24,4.45,12.73
PIT,2024-03-03,19,8,11,9,12,66.67,66.67,41.67,26.67,14.11,4.29,30.0,2.5,2.17,6.75,28.42
PIT,2024-03-03,20,6,12,5,12,80.0,80.0,83.33,18.2,12.0,3.04,20.8,3.25,1.73,0.67,28.0
PIT,2024-03-03,21,0,4,0,5,0.0,0.0,60.0,0.0,0.0,0.0,0.0,4.4,0.7,0.8,11.4
PIT,2024-03-03,22,1,8,1,8,100.0,100.0,37.5,0.0,15.0,4.4,1.0,1.25,0.49,0.5,71.38
PIT,2024-03-03,23,0,11,0,11,0.0,0.0,81.82,0.0,0.0,0.0,0.0,1.82,2.05,2.0,12.45
PIT,2024-03-04,0,0,4,0,3,0.0,0.0,33.33,0.0,0.0,0.0,0.0,1.67,1.57,12.33,65.0
PIT,2024-03-04,1,0,0,0,0,0.0,0.0,0.0,0.0,0.0,0.0,0.0,0.0,0.0,0.0,0.0
PIT,2024-03-04,2,0,0,0,1,0.0,0.0,100.0,0.0,0.0,0.0,0.0,1.0,0.5,7.0,0.0
PIT,2024-03-04,5,6,1,6,1,83.33,83.33,100.0,3.67,12.17,1.88,3.5,0.0,2.5,0.0,0.0
PIT,2024-03-04,6,15,0,16,0,100.0,100.0,0.0,0.94,12.69,2.76,2.38,0.0,0.0,0.0,0.0
PIT,2024-03-04,7,12,1,15,1,80.0,80.0,100.0,6.53,11.2,1.41,6.67,1.0,0.5,7.0,0.0
PIT,2024-03-04,8,10,5,10,5,90.0,90.0,80.0,12.7,11.1,0.76,12.7,2.8,0.7,8.4,29.0
PIT,2024-03-04,9,6,8,6,9,100.0,100.0,77.78,1.33,13.33,3.17,1.0,2.89,4.29,5.67,4.78
PIT,2024-03-04,10,6,8,6,10,100.0,66.67,90.0,2.5,16.5,6.4,7.83,2.6,1.34,3.9,4.3
PIT,2024-03-04,11,11,8,14,10,64.29,64.29,60.0,12.71,12.71,2.68,14.21,5.8,1.25,8.3,15.3
PIT,2024-03-04,12,7,7,8,8,75.0,75.0,75.0,7.13,12.38,1.8,7.88,3.38,4.74,5.0,7.0
PIT,2024-03-04,13,7,10,9,10,66.67,66.67,100.0,10.33,10.78,1.09,10.67,2.1,1.07,1.5,0.2
PIT,2024-03-04,14,8,5,9,7,77.78,77.78,85.71,9.89,10.11,0.91,9.22,1.14,0.27,1.57,7.86
PIT,2024-03-04,15,5,12,6,13,100.0,100.0,84.62,0.33,11.83,1.45,1.67,1.23,0.38,1.38,3.54
PIT,2024-03-04,16,13,10,14,16,92.86,92.86,87.5,3.36,11.79,1.39,4.07,3.06,2.34,3.0,3.13
PIT,2024-03-04,17,11,6,14,8,78.57,78.57,100.0,7.21,10.0,0.54,7.0,2.75,2.38,2.88,3.5
PIT,2024-03-04,18,8,9,10,10,100.0,100.0,90.0,0.0,12.5,2.06,1.4,1.2,0.96,1.3,8.1
PIT,2024-03-04,19,6,6,7,7,71.43,71.43,71.43,18.86,10.43,0.71,18.43,4.0,1.73,3.14,11.0
PIT,2024-03-04,20,5,15,5,17,80.0,80.0,88.24,176.4,11.0,0.84,176.6,3.29,1.61,1.35,6.65
PIT,2024-03-04,21,0,5,2,5,100.0,100.0,100.0,0.0,11.5,1.2,0.0,2.4,0.1,0.0,0.0
PIT,2024-03-04,22,1,6,3,6,66.67,100.0,83.33,5.0,12.0,1.6,4.67,0.83,0.32,0.33,8.5
PIT,2024-03-04,23,0,11,0,12,0.0,0.0,83.33,0.0,0.0,0.0,0.0,1.67,0.92,9.75,9.75
PIT,2024-03-05,0,0,4,0,4,0.0,0.0,50.0,0.0,0.0,0.0,0.0,0.0,3.67,6.5,12.75
PIT,2024-03-05,1,0,0,0,0,0.0,0.0,0.0,0.0,0.0,0.0,0.0,0.0,0.0,0.0,0.0
PIT,2024-03-05,4,0,0,0,1,0.0,0.0,100.0,0.0,0.0,0.0,0.0,0.0,0.0,0.0,0.0
PIT,2024-03-05,5,6,0,7,4,85.71,85.71,25.0,3.57,10.86,0.89,4.0,0.0,0.38,0.0,15.25
PIT,2024-03-05,6,14,0,16,0,100.0,100.0,0.0,0.94,11.06,1.96,1.06,0.0,0.0,0.0,0.0
PIT,2024-03-05,7,9,2,13,2,76.92,76.92,100.0,6.62,11.0,0.94,6.77,6.0,2.0,6.5,2.5
PIT,2024-03-05,8,10,1,11,1,81.82,81.82,100.0,84.09,11.27,1.28,84.09,3.0,0.5,15.0,1.0
PIT,2024-03-05,9,4,6,5,7,60.0,60.0,71.43,13.2,12.4,3.08,15.8,1.71,0.84,1.0,12.14
PIT,2024-03-05,10,6,8,7,9,100.0,85.71,100.0,0.0,14.86,5.49,3.86,3.0,1.64,1.67,3.0
PIT,2024-03-05,11,7,7,7,8,100.0,100.0,87.5,0.0,13.29,2.86,0.43,1.63,1.56,1.63,3.25
PIT,2024-03-05,12,8,4,10,6,80.0,70.0,83.33,24.2,14.3,4.22,25.8,1.17,1.27,0.83,11.33
PIT,2024-03-05,13,6,8,6,8,100.0,100.0,87.5,0.5,11.83,2.57,1.5,1.88,0.4,0.0,7.0
PIT,2024-03-05,14,6,5,7,8,85.71,85.71,50.0,4.29,13.0,3.74,7.43,1.38,0.18,1.75,28.0
PIT,2024-03-05,15,4,8,7,9,57.14,57.14,88.89,58.57,12.86,2.81,60.86,1.0,0.71,4.22,6.0
PIT,2024-03-05,16,10,11,10,12,80.0,80.0,91.67,18.8,10.4,0.52,19.1,1.75,1.79,0.08,8.5
PIT,2024-03-05,17,9,4,9,5,100.0,100.0,100.0,0.0,11.11,1.98,0.11,0.8,0.5,0.0,0.0
PIT,2024-03-05,18,8,8,10,9,100.0,80.0,88.89,0.0,17.3,6.82,4.6,1.22,3.61,4.22,4.11
PIT,2024-03-05,19,5,9,5,10,80.0,80.0,90.0,18.6,16.2,5.7,20.4,1.5,2.46,0.4,6.1
PIT,2024-03-05,20,5,12,5,13,100.0,100.0,100.0,0.0,10.4,1.16,0.2,2.38,0.91,0.85,0.0
PIT,2024-03-05,21,1,4,3,5,100.0,100.0,80.0,0.67,11.0,0.6,0.33,1.0,0.1,0.6,11.2
PIT,2024-03-05,22,0,7,2,8,100.0,100.0,75.0,0.0,8.5,0.0,0.0,2.75,1.74,5.25,9.63
PIT,2024-03-05,23,0,10,2,10,50.0,50.0,90.0,23.5,16.0,5.4,28.5,1.5,0.67,1.4,3.5
PIT,2024-03-06,0,0,1,0,4,0.0,0.0,50.0,0.0,0.0,0.0,0.0,0.0,1.55,0.0,30.0
PIT,2024-03-06,1,0,0,0,0,0.0,0.0,0.0,0.0,0.0,0.0,0.0,0.0,0.0,0.0,0.0
PIT,2024-03-06,2,0,0,0,0,0.0,0.0,0.0,0.0,0.0,0.0,0.0,0.0,0.0,0.0,0.0
PIT,2024-03-06,3,0,0,0,1,0.0,0.0,100.0,0.0,0.0,0.0,0.0,0.0,0.5,0.0,0.0
PIT,2024-03-06,4,0,0,0,1,0.0,0.0,100.0,0.0,0.0,0.0,0.0,0.0,2.5,0.0,0.0
PIT,2024-03-06,5,6,1,6,3,100.0,100.0,33.33,0.0,13.83,2.85,0.0,1.0,1.33,1.0,22.33
PIT,2024-03-06,6,15,0,15,0,100.0,100.0,0.0,0.2,11.2,0.97,0.33,0.0,0.0,0.0,0.0
PIT,2024-03-06,7,9,3,12,1,66.67,66.67,100.0,24.75,10.67,0.7,25.0,0.0,0.5,0.0,0.0
PIT,2024-03-06,8,11,2,10,3,100.0,100.0,100.0,0.0,11.7,1.82,0.2,0.67,0.5,2.33,2.33
PIT,2024-03-06,9,4,7,6,7,66.67,66.67,100.0,14.5,12.67,2.6,14.5,0.43,0.53,0.29,0.0
PIT,2024-03-06,10,5,7,5,8,100.0,100.0,62.5,0.4,10.0,0.12,0.4,5.88,1.6,5.13,23.0
PIT,2024-03-06,11,9,7,9,7,88.89,88.89,100.0,9.67,10.67,0.67,9.67,3.57,0.99,0.14,0.0
PIT,2024-03-06,12,8,6,10,9,80.0,60.0,77.78,4.9,15.3,5.06,8.7,4.33,0.88,5.67,10.44
PIT,2024-03-06,13,6,8,9,10,88.89,88.89,60.0,3.11,12.89,3.27,5.22,3.5,0.81,1.7,27.7
PIT,2024-03-06,14,6,5,7,9,71.43,71.43,88.89,14.71,15.57,6.31,17.86,0.33,0.92,0.22,3.67
PIT,2024-03-06,15,4,9,8,12,62.5,62.5,75.0,16.5,11.0,1.31,17.13,1.0,0.67,1.83,13.75
PIT,2024-03-06,16,11,10,13,13,69.23,69.23,92.31,19.85,14.38,3.84,22.77,2.38,1.95,3.08,7.31
PIT,2024-03-06,17,9,4,9,8,100.0,100.0,75.0,0.56,12.11,2.44,1.0,3.38,0.63,4.88,9.25
PIT,2024-03-06,18,7,7,8,9,75.0,75.0,44.44,13.5,12.0,1.8,14.63,1.33,0.91,3.0,26.67
PIT,2024-03-06,19,5,11,5,12,60.0,60.0,75.0,32.2,14.6,4.3,35.8,1.67,1.21,0.25,9.42
PIT,2024-03-06,20,5,12,5,13,80.0,80.0,76.92,12.8,9.6,0.56,12.8,1.62,2.1,1.46,10.46
PIT,2024-03-06,21,1,5,3,8,100.0,100.0,62.5,0.0,10.0,0.47,0.0,2.75,1.71,4.5,24.5
PIT,2024-03-06,22,1,8,4,10,75.0,75.0,70.0,4.5,12.5,2.95,6.5,2.7,1.16,1.0,18.1
PIT,2024-03-06,23,0,12,1,13,0.0,0.0,84.62,123.0,12.0,1.4,124.0,0.85,1.43,1.0,23.31
PIT,2024-03-07,0,0,3,0,1,0.0,0.0,100.0,0.0,0.0,0.0,0.0,0.0,0.0,7.0,5.0
PIT,2024-03-07,1,0,1,0,0,0.0,0.0,0.0,0.0,0.0,0.0,0.0,0.0,0.0,0.0,0.0
PIT,2024-03-07,2,0,0,0,0,0.0,0.0,0.0,0.0,0.0,0.0,0.0,0.0,0.0,0.0,0.0
PIT,2024-03-07,3,0,0,0,0,0.0,0.0,0.0,0.0,0.0,0.0,0.0,0.0,0.0,0.0,0.0
PIT,2024-03-07,4,0,0,0,1,0.0,0.0,100.0,0.0,0.0,0.0,0.0,0.0,2.5,0.0,0.0
PIT,2024-03-07,5,10,1,11,4,100.0,100.0,100.0,0.0,13.73,3.62,2.18,0.75,1.75,1.25,7.25
PIT,2024-03-07,6,16,0,17,0,94.12,94.12,0.0,15.82,13.47,3.01,17.47,0.0,0.0,0.0,0.0
PIT,2024-03-07,7,9,2,12,3,83.33,83.33,66.67,6.42,12.0,2.0,7.58,2.67,0.33,5.33,15.0
PIT,2024-03-07,8,10,3,17,3,88.24,88.24,100.0,4.29,11.41,1.42,5.06,2.33,0.8,5.0,3.33
PIT,2024-03-07,9,7,9,7,9,85.71,71.43,88.89,41.0,14.86,5.0,43.43,1.44,0.66,0.78,35.22
PIT,2024-03-07,10,10,11,10,12,100.0,100.0,100.0,0.0,11.3,1.33,0.1,2.83,1.05,1.58,0.33
PIT,2024-03-07,11,9,6,10,7,90.0,90.0,57.14,2.8,11.6,1.39,3.8,2.14,2.07,1.0,11.29
PIT,2024-03-07,12,9,7,11,8,72.73,72.73,100.0,10.45,12.64,2.56,10.82,1.75,1.09,2.63,2.38
PIT,2024-03-07,13,6,10,8,13,100.0,100.0,76.92,0.0,13.38,3.23,2.13,2.31,0.77,4.23,13.0
PIT,2024-03-07,14,7,7,7,8,85.71,85.71,62.5,21.29,14.14,3.64,23.71,3.0,0.91,10.5,30.5
PIT,2024-03-07,15,6,9,10,14,60.0,60.0,35.71,18.4,16.4,6.03,24.2,4.5,1.46,6.64,19.5
PIT,2024-03-07,16,11,8,13,12,76.92,61.54,100.0,6.85,16.92,6.48,11.69,1.92,3.41,3.5,2.67
PIT,2024-03-07,17,7,4,9,4,88.89,88.89,75.0,4.44,11.44,1.84,5.33,2.0,1.13,5.0,5.75
PIT,2024-03-07,18,8,10,10,14,80.0,80.0,57.14,5.2,13.3,3.16,6.6,2.21,0.21,10.57,25.07
PIT,2024-03-07,19,8,11,8,11,50.0,37.5,63.64,46.13,16.13,6.15,51.5,2.09,0.69,4.64,24.27
PIT,2024-03-07,20,5,16,5,18,60.0,60.0,83.33,12.8,10.4,1.76,13.0,3.72,1.41,2.28,16.06
PIT,2024-03-07,21,5,4,7,4,57.14,57.14,75.0,23.57,12.14,2.77,25.0,1.25,1.5,1.25,5.5
PIT,2024-03-07,22,0,6,3,6,66.67,66.67,100.0,6.67,14.0,3.47,9.67,2.67,1.1,0.83,0.67
PIT,2024-03-07,23,0,14,0,14,0.0,0.0,64.29,0.0,0.0,0.0,0.0,1.21,0.49,0.36,30.0
PIT,2024-03-08,0,0,3,0,4,0.0,0.0,50.0,0.0,0.0,0.0,0.0,2.0,1.52,2.5,30.25
PIT,2024-03-08,1,0,1,0,1,0.0,0.0,0.0,0.0,0.0,0.0,0.0,0.0,0.0,22.0,110.0
PIT,2024-03-08,2,0,0,0,0,0.0,0.0,0.0,0.0,0.0,0.0,0.0,0.0,0.0,0.0,0.0
PIT,2024-03-08,4,0,0,0,1,0.0,0.0,100.0,0.0,0.0,0.0,0.0,0.0,0.5,0.0,0.0
PIT,2024-03-08,5,10,1,10,4,90.0,90.0,75.0,2.5,12.3,2.75,4.6,0.0,5.25,4.5,9.25
PIT,2024-03-08,6,17,0,18,0,94.44,94.44,0.0,2.89,11.0,0.89,3.06,0.0,0.0,0.0,0.0
PIT,2024-03-08,7,10,2,12,3,75.0,75.0,33.33,6.0,9.42,0.23,5.42,66.0,0.5,72.67,86.0
PIT,2024-03-08,8,9,5,13,6,76.92,76.92,83.33,20.15,12.54,1.97,21.77,1.17,1.25,9.83,21.33
PIT,2024-03-08,9,8,9,10,10,100.0,90.0,90.0,0.5,14.0,3.78,2.8,0.7,1.19,0.8,3.0
PIT,2024-03-08,10,9,11,9,11,88.89,88.89,100.0,3.11,10.67,1.27,3.67,1.82,0.9,0.27,0.27
PIT,2024-03-08,11,9,7,10,8,70.0,70.0,75.0,13.2,11.6,1.48,13.0,2.25,2.13,4.5,8.0
PIT,2024-03-08,12,10,9,11,8,81.82,72.73,100.0,7.27,14.45,4.18,9.91,2.88,1.61,1.13,0.5
PIT,2024-03-08,13,7,8,9,10,88.89,88.89,80.0,9.0,12.67,2.8,11.0,2.2,1.94,1.9,7.7
PIT,2024-03-08,14,6,6,7,9,57.14,71.43,44.44,9.43,12.14,2.6,9.71,1.67,0.66,4.22,23.33
PIT,2024-03-08,15,5,9,8,11,37.5,37.5,63.64,25.88,13.13,2.9,28.25,2.64,0.22,6.64,13.09
PIT,2024-03-08,16,11,9,14,10,71.43,71.43,80.0,10.0,14.36,4.07,12.64,2.1,2.7,4.6,9.7
PIT,2024-03-08,17,8,4,13,6,69.23,61.54,66.67,16.08,13.23,3.17,18.54,5.0,3.37,5.0,10.67
PIT,2024-03-08,18,8,11,8,12,62.5,62.5,66.67,15.13,11.75,1.85,16.38,2.67,1.32,3.58,22.08
PIT,2024-03-08,19,7,9,7,11,85.71,85.71,63.64,13.14,15.14,5.03,14.0,1.64,0.96,1.82,12.82
PIT,2024-03-08,20,7,19,7,20,42.86,42.86,55.0,20.86,10.57,1.14,21.57,3.15,1.36,3.55,35.6
PIT,2024-03-08,21,6,3,7,4,42.86,42.86,75.0,26.71,11.14,1.91,27.86,6.0,0.63,5.25,13.5
PIT,2024-03-08,22,1,7,2,9,50.0,0.0,55.56,20.0,13.5,2.9,22.5,3.33,4.61,3.78,25.11
PIT,2024-03-08,23,0,14,0,14,0.0,0.0,57.14,0.0,0.0,0.0,0.0,1.29,0.66,0.5,26.71
PIT,2024-03-09,0,0,5,0,3,0.0,0.0,33.33,0.0,0.0,0.0,0.0,0.0,0.97,0.0,15.67
PIT,2024-03-09,1,0,0,0,1,0.0,0.0,0.0,0.0,0.0,0.0,0.0,0.0,5.7,0.0,72.0
PIT,2024-03-09,2,0,0,0,0,0.0,0.0,0.0,0.0,0.0,0.0,0.0,0.0,0.0,0.0,0.0
PIT,2024-03-09,5,8,1,8,3,75.0,75.0,66.67,53.38,11.25,1.93,54.0,0.0,3.17,0.0,8.33
PIT,2024-03-09,6,16,0,18,0,88.89,88.89,0.0,8.61,11.67,1.09,8.83,0.0,0.0,0.0,0.0
PIT,2024-03-09,7,4,3,6,3,100.0,100.0,66.67,0.0,15.17,4.52,2.67,6.33,0.67,10.33,8.67
PIT,2024-03-09,8,10,3,11,3,90.91,90.91,100.0,3.91,12.91,2.64,5.0,4.33,0.67,0.0,0.0
PIT,2024-03-09,9,5,4,6,5,66.67,50.0,100.0,31.17,16.33,6.77,36.33,1.8,0.88,2.0,1.2
PIT,2024-03-09,10,4,5,5,5,60.0,60.0,60.0,71.4,11.2,1.52,71.8,5.4,2.76,4.8,18.4
PIT,2024-03-09,11,9,9,8,9,87.5,87.5,66.67,24.5,10.38,1.23,24.63,4.33,2.56,5.78,14.67
PIT,2024-03-09,12,6,6,7,7,42.86,42.86,57.14,59.57,15.0,4.83,63.86,7.14,1.74,5.86,19.43
PIT,2024-03-09,13,9,8,7,8,57.14,57.14,62.5,50.14,12.86,2.91,52.86,3.25,0.8,1.75,9.5
PIT,2024-03-09,14,4,3,4,5,25.0,25.0,60.0,21.5,13.0,2.2,23.5,2.6,3.12,3.0,32.8
PIT,2024-03-09,15,2,11,3,12,100.0,100.0,75.0,1.0,11.0,1.6,1.33,3.58,2.66,5.5,18.83
PIT,2024-03-09,16,14,9,15,11,80.0,80.0,45.45,24.2,13.53,3.25,26.27,3.45,1.98,8.45,24.27
PIT,2024-03-09,17,6,4,8,7,50.0,50.0,57.14,34.88,10.13,0.83,35.0,2.86,2.73,3.71,14.43
PIT,2024-03-09,18,6,9,7,9,28.57,28.57,77.78,45.14,12.86,3.81,47.86,2.44,1.4,0.0,20.44
PIT,2024-03-09,19,5,6,5,8,100.0,100.0,37.5,2.0,11.6,1.28,2.2,1.63,3.0,6.0,59.5
PIT,2024-03-09,20,4,10,4,9,50.0,50.0,66.67,19.25,13.25,3.65,21.5,3.22,1.49,3.44,10.11
PIT,2024-03-09,21,2,1,2,3,0.0,0.0,33.33,28.0,20.0,10.4,38.0,6.33,1.5,13.67,51.33
PIT,2024-03-09,22,0,6,0,6,0.0,0.0,66.67,0.0,0.0,0.0,0.0,1.83,1.1,0.67,11.0
PIT,2024-03-09,23,0,11,1,10,0.0,0.0,40.0,21.0,6.0,0.0,16.0,0.7,2.01,11.5,147.4
PIT,2024-03-10,0,0,7,0,4,0.0,0.0,50.0,0.0,0.0,0.0,0.0,18.0,1.32,36.25,85.25
PIT,2024-03-10,1,0,2,0,1,0.0,0.0,0.0,0.0,0.0,0.0,0.0,56.0,1.5,4.0,72.0
PIT,2024-03-10,3,0,0,0,0,0.0,0.0,0.0,0.0,0.0,0.0,0.0,0.0,0.0,0.0,0.0
PIT,2024-03-10,5,6,0,6,0,83.33,83.33,0.0,100.17,15.17,5.35,105.17,0.0,0.0,0.0,0.0
PIT,2024-03-10,6,15,0,16,1,100.0,93.75,100.0,0.81,16.25,5.59,4.25,57.0,0.5,0.0,0.0
PIT,2024-03-10,7,8,2,8,1,100.0,87.5,0.0,0.63,12.25,2.01,2.38,3.0,0.7,0.0,156.0
PIT,2024-03-10,8,11,1,11,3,81.82,72.73,66.67,23.91,20.82,10.05,31.0,21.0,0.67,4.0,9.67
PIT,2024-03-10,9,3,8,5,9,80.0,60.0,55.56,3.6,21.4,11.32,12.4,3.56,0.8,6.67,16.78
PIT,2024-03-10,10,12,5,12,6,58.33,8.33,50.0,22.08,35.25,24.51,44.83,7.83,2.23,9.83,30.83
PIT,2024-03-10,11,8,9,11,11,63.64,45.45,72.73,42.0,23.55,13.39,53.91,2.91,4.55,4.73,31.45
PIT,2024-03-10,12,6,7,7,9,71.43,42.86,77.78,18.43,25.29,15.34,31.43,2.44,2.27,8.33,7.67
PIT,2024-03-10,13,9,12,12,13,91.67,50.0,76.92,3.0,26.58,16.15,15.83,3.62,0.76,3.69,28.92
PIT,2024-03-10,14,9,4,10,4,60.0,50.0,50.0,51.6,22.8,12.59,62.4,4.75,1.0,1.25,54.5
PIT,2024-03-10,15,4,10,5,12,40.0,0.0,75.0,22.8,33.4,22.82,45.4,2.92,1.44,3.25,9.25
PIT,2024-03-10,16,10,8,11,11,54.55,0.0,63.64,27.45,34.0,23.05,48.09,5.0,2.13,4.09,25.55
PIT,2024-03-10,17,8,7,9,6,44.44,44.44,83.33,28.33,23.0,13.0,39.44,3.5,1.32,0.0,22.67
PIT,2024-03-10,18,7,7,8,7,75.0,25.0,57.14,30.38,29.75,19.8,48.0,1.86,1.44,0.29,27.0
PIT,2024-03-10,19,10,11,10,13,40.0,20.0,53.85,41.4,26.3,16.45,55.8,1.69,2.21,1.92,29.31
PIT,2024-03-10,20,4,12,3,12,33.33,33.33,58.33,51.33,34.67,25.07,71.67,2.92,1.18,1.33,27.42
PIT,2024-03-10,21,4,7,6,9,16.67,0.0,55.56,127.17,36.67,27.73,154.5,1.56,2.88,3.0,15.22
PIT,2024-03-10,22,0,6,1,6,100.0,0.0,83.33,14.0,48.0,37.4,51.0,2.33,0.93,0.33,4.83
PIT,2024-03-10,23,1,11,1,10,100.0,0.0,70.0,0.0,51.0,40.4,38.0,9.3,0.58,12.8,26.3
PIT,2024-03-11,0,0,5,0,2,0.0,0.0,50.0,0.0,0.0,0.0,0.0,4.0,0.0,11.0,18.0
PIT,2024-03-11,1,0,1,0,7,0.0,0.0,28.57,0.0,0.0,0.0,0.0,41.71,3.8,3.29,33.14
PIT,2024-03-11,2,0,0,0,2,0.0,0.0,100.0,0.0,0.0,0.0,0.0,67.0,0.0,2.5,7.5
PIT,2024-03-11,3,0,0,0,0,0.0,0.0,0.0,0.0,0.0,0.0,0.0,0.0,0.0,0.0,0.0
PIT,2024-03-11,5,10,1,10,0,90.0,80.0,0.0,7.3,15.8,5.83,12.0,0.0,0.0,0.0,0.0
PIT,2024-03-11,6,17,0,17,0,100.0,82.35,0.0,0.82,24.41,13.49,10.29,0.0,0.0,0.0,0.0
PIT,2024-03-11,7,9,2,9,4,88.89,88.89,75.0,27.56,15.33,5.31,29.11,0.5,0.75,3.25,9.25
PIT,2024-03-11,8,10,4,11,4,81.82,54.55,75.0,8.0,23.55,13.08,17.45,4.0,0.38,10.75,19.5
PIT,2024-03-11,9,6,11,7,11,100.0,100.0,81.82,0.0,14.0,3.86,2.86,2.64,2.15,2.64,7.73
PIT,2024-03-11,10,12,8,13,8,69.23,61.54,75.0,27.0,11.85,1.95,27.85,1.38,1.21,3.75,18.13
PIT,2024-03-11,11,7,7,7,8,57.14,57.14,75.0,31.29,11.86,2.1,33.29,3.13,0.38,2.25,12.63
PIT,2024-03-11,12,8,10,8,12,75.0,62.5,75.0,11.5,13.88,4.62,14.5,2.33,0.85,4.42,21.5
PIT,2024-03-11,13,9,9,12,14,66.67,66.67,50.0,9.08,16.58,6.65,15.17,2.93,1.14,5.64,45.07
PIT,2024-03-11,14,7,4,12,7,75.0,75.0,42.86,33.42,12.83,2.87,35.5,0.71,0.14,1.71,27.0
PIT,2024-03-11,15,4,11,4,12,75.0,75.0,83.33,11.0,10.0,0.48,11.0,2.17,1.36,5.0,14.5
PIT,2024-03-11,16,11,8,11,9,54.55,54.55,88.89,36.09,17.55,6.7,42.55,2.22,0.44,1.56,5.44
PIT,2024-03-11,17,9,5,12,11,66.67,66.67,63.64,11.58,13.92,3.73,14.5,2.27,2.45,5.18,17.55
PIT,2024-03-11,18,8,10,10,10,70.0,70.0,60.0,19.1,10.4,0.48,19.2,1.8,1.13,1.9,23.3
PIT,2024-03-11,19,6,10,7,11,42.86,42.86,72.73,23.0,16.29,6.29,28.0,1.27,0.75,1.45,10.18
PIT,2024-03-11,20,8,16,8,15,62.5,62.5,80.0,12.75,10.0,0.8,12.38,1.6,2.89,4.8,16.73
PIT,2024-03-11,21,6,6,9,6,88.89,88.89,66.67,5.11,9.89,1.07,5.0,1.17,0.75,3.0,5.83
PIT,2024-03-11,22,0,7,3,7,66.67,66.67,85.71,11.33,10.0,0.13,11.33,4.43,1.94,0.71,16.71
PIT,2024-03-11,23,1,14,1,16,100.0,100.0,62.5,0.0,15.0,4.4,0.0,3.94,0.98,2.56,17.56
PIT,2024-03-12,0,0,5,0,5,0.0,0.0,60.0,0.0,0.0,0.0,0.0,0.0,9.7,5.0,13.0
PIT,2024-03-12,1,0,0,0,2,0.0,0.0,50.0,0.0,0.0,0.0,0.0,3.0,0.25,3.5,13.0
PIT,2024-03-12,4,0,0,0,1,0.0,0.0,100.0,0.0,0.0,0.0,0.0,0.0,0.5,0.0,0.0
PIT,2024-03-12,5,8,1,8,4,100.0,100.0,50.0,0.0,12.63,2.2,0.0,0.75,1.75,4.25,15.75
PIT,2024-03-12,6,18,0,20,0,95.0,90.0,0.0,1.05,13.1,2.74,2.65,0.0,0.0,0.0,0.0
PIT,2024-03-12,7,8,3,12,3,75.0,75.0,100.0,6.25,15.25,4.98,9.58,0.67,0.83,2.67,0.33
PIT,2024-03-12,8,12,3,14,4,78.57,78.57,75.0,3.86,12.21,2.22,4.21,0.0,0.25,3.5,9.25
PIT,2024-03-12,9,3,7,4,8,75.0,75.0,87.5,4.75,14.75,4.55,8.5,2.13,0.19,1.13,3.13
PIT,2024-03-12,10,8,10,10,12,80.0,80.0,91.67,4.5,12.9,2.61,5.6,1.75,0.72,2.33,9.5
PIT,2024-03-12,11,9,5,10,6,100.0,100.0,83.33,0.0,11.0,1.25,0.2,0.67,0.5,0.33,8.17
PIT,2024-03-12,12,5,7,7,11,85.71,85.71,81.82,4.43,12.14,2.03,5.43,1.91,0.84,2.55,7.73
PIT,2024-03-12,13,8,7,9,8,88.89,88.89,75.0,4.33,12.33,2.58,5.56,2.88,0.63,2.0,10.25
PIT,2024-03-12,14,5,5,5,6,60.0,60.0,100.0,25.4,13.2,2.46,26.6,5.67,0.42,4.17,1.67
PIT,2024-03-12,15,6,12,6,14,83.33,83.33,71.43,4.17,11.17,1.6,5.33,2.64,0.81,3.71,9.57
PIT,2024-03-12,16,11,9,14,11,78.57,78.57,90.91,8.43,12.14,1.93,9.07,1.55,1.36,0.91,9.09
PIT,2024-03-12,17,9,6,8,6,75.0,75.0,66.67,13.75,12.63,2.65,15.38,2.17,0.58,0.0,9.0
PIT,2024-03-12,18,8,9,9,10,88.89,88.89,80.0,2.44,11.22,1.22,3.33,0.3,0.65,2.7,3.9
PIT,2024-03-12,19,8,5,8,5,75.0,62.5,80.0,9.63,13.38,2.91,11.38,1.8,1.32,2.8,10.4
PIT,2024-03-12,20,3,11,3,12,100.0,100.0,100.0,0.0,9.33,0.13,0.0,1.42,0.83,0.08,0.75
PIT,2024-03-12,21,1,5,4,5,100.0,100.0,100.0,3.5,9.5,0.6,3.5,0.2,1.14,0.0,0.0
PIT,2024-03-12,22,0,9,2,9,100.0,100.0,88.89,0.0,8.0,0.0,0.0,2.89,0.48,0.0,6.22
PIT,2024-03-12,23,0,11,1,12,0.0,0.0,91.67,36.0,13.0,0.5,37.0,1.67,0.74,0.75,2.67
PIT,2024-03-13,0,0,4,0,6,0.0,0.0,83.33,0.0,0.0,0.0,0.0,0.83,0.52,0.0,7.83
PIT,2024-03-13,1,0,0,0,0,0.0,0.0,0.0,0.0,0.0,0.0,0.0,0.0,0.0,0.0,0.0
PIT,2024-03-13,2,0,0,1,0,100.0,100.0,0.0,0.0,10.0,0.0,0.0,0.0,0.0,0.0,0.0
PIT,2024-03-13,4,0,0,0,2,0.0,0.0,50.0,0.0,0.0,0.0,0.0,5.0,1.0,8.0,17.0
PIT,2024-03-13,5,8,1,8,4,100.0,100.0,100.0,1.0,13.88,3.3,2.13,0.0,2.0,0.5,4.25
PIT,2024-03-13,6,18,0,19,0,100.0,94.74,0.0,0.63,13.16,2.68,1.84,0.0,0.0,0.0,0.0
PIT,2024-03-13,7,8,3,10,3,90.0,90.0,100.0,2.7,12.5,2.46,3.5,0.33,1.83,4.0,0.0
PIT,2024-03-13,8,12,3,13,5,100.0,100.0,80.0,0.77,11.77,2.14,0.77,1.8,2.04,5.0,14.8
PIT,2024-03-13,9,3,7,6,8,50.0,50.0,87.5,26.67,12.5,2.2,28.17,1.75,0.43,1.13,2.88
PIT,2024-03-13,10,7,9,8,10,100.0,100.0,90.0,0.0,11.75,2.08,0.0,2.5,0.29,1.3,5.7
PIT,2024-03-13,11,10,6,11,6,90.91,90.91,83.33,8.45,9.64,0.64,8.45,2.0,0.75,0.0,2.67
PIT,2024-03-13,12,5,6,5,9,80.0,80.0,77.78,4.4,16.4,5.64,7.4,0.44,2.4,0.56,6.11
PIT,2024-03-13,13,7,7,12,10,50.0,50.0,70.0,17.58,12.17,2.12,18.5,3.5,1.14,2.4,6.4
PIT,2024-03-13,14,6,5,8,6,75.0,75.0,83.33,6.13,10.75,0.75,6.5,1.83,0.53,0.67,4.17
PIT,2024-03-13,15,6,12,8,12,87.5,87.5,83.33,6.38,9.88,0.58,6.38,1.92,0.33,1.75,4.25
PIT,2024-03-13,16,10,8,13,10,92.31,92.31,80.0,2.85,12.46,2.15,3.38,1.6,1.12,0.8,28.7
PIT,2024-03-13,17,9,6,10,7,80.0,80.0,57.14,11.6,11.8,2.5,12.4,3.0,0.36,2.14,25.43
PIT,2024-03-13,18,8,8,11,10,81.82,81.82,100.0,14.18,10.73,0.91,14.55,0.4,0.96,1.9,2.1
PIT,2024-03-13,19,6,7,7,8,85.71,85.71,75.0,12.43,10.0,0.29,12.29,1.75,1.33,2.75,7.38
PIT,2024-03-13,20,5,11,5,14,100.0,100.0,92.86,1.4,10.2,0.56,1.2,1.71,0.53,1.14,1.79
PIT,2024-03-13,21,1,6,3,6,100.0,100.0,83.33,0.0,9.33,0.6,0.0,0.33,2.23,1.5,23.17
PIT,2024-03-13,22,0,8,2,9,100.0,100.0,88.89,0.0,8.0,0.0,0.0,2.33,0.37,1.78,5.44
PIT,2024-03-13,23,1,13,1,13,100.0,100.0,100.0,0.0,16.0,5.4,0.0,1.77,0.88,0.46,1.0
PIT,2024-03-14,0,0,5,0,4,0.0,0.0,100.0,0.0,0.0,0.0,0.0,0.25,0.23,0.0,1.25
PIT,2024-03-14,1,0,1,0,0,0.0,0.0,0.0,0.0,0.0,0.0,0.0,0.0,0.0,0.0,0.0
PIT,2024-03-14,4,0,0,0,1,0.0,0.0,100.0,0.0,0.0,0.0,0.0,0.0,1.5,0.0,0.0
PIT,2024-03-14,5,10,1,9,4,100.0,100.0,75.0,0.0,13.67,3.49,0.44,0.0,1.25,1.75,13.5
PIT,2024-03-14,6,17,0,18,0,94.44,88.89,0.0,2.78,13.06,2.77,4.89,0.0,0.0,0.0,0.0
PIT,2024-03-14,7,8,2,10,4,90.0,90.0,100.0,2.6,11.1,1.0,2.7,0.25,0.5,2.25,5.0
PIT,2024-03-14,8,9,2,13,2,76.92,76.92,100.0,11.92,14.15,3.78,14.54,0.0,0.25,3.5,0.0
PIT,2024-03-14,9,6,11,6,11,66.67,66.67,100.0,12.67,12.5,2.83,14.33,1.55,1.26,0.82,0.0
PIT,2024-03-14,10,13,8,14,8,85.71,85.71,62.5,8.5,12.36,2.41,8.64,1.88,1.18,2.13,45.13
PIT,2024-03-14,11,7,6,5,6,80.0,80.0,66.67,14.4,13.0,2.52,15.8,3.83,0.58,5.67,32.17
PIT,2024-03-14,12,7,8,9,9,77.78,77.78,77.78,17.11,12.0,2.27,17.89,1.56,0.77,1.0,5.33
PIT,2024-03-14,13,8,12,9,12,77.78,77.78,83.33,7.56,9.67,0.27,7.56,1.25,0.83,2.75,8.25
PIT,2024-03-14,14,8,4,8,3,75.0,75.0,100.0,11.13,12.38,2.18,11.25,0.67,0.5,4.33,4.33
PIT,2024-03-14,15,5,11,6,15,50.0,50.0,66.67,11.17,10.5,1.37,11.5,1.33,1.73,3.13,12.13
PIT,2024-03-14,16,11,7,11,9,81.82,90.91,66.67,5.18,12.36,2.12,6.0,2.56,4.0,1.56,11.56
PIT,2024-03-14,17,8,5,7,7,71.43,71.43,57.14,12.86,12.86,2.8,14.57,2.86,0.5,2.71,47.71
PIT,2024-03-14,18,8,10,11,9,81.82,81.82,88.89,9.18,11.18,1.44,10.09,0.33,0.73,1.67,7.78
PIT,2024-03-14,19,8,10,7,10,57.14,57.14,80.0,25.43,17.71,7.17,31.29,0.9,0.53,3.1,7.0
PIT,2024-03-14,20,5,14,4,17,50.0,50.0,76.47,11.5,9.5,0.45,11.25,3.35,0.86,2.0,13.0
PIT,2024-03-14,21,5,6,8,6,50.0,50.0,66.67,19.88,12.25,2.93,21.75,6.0,1.25,5.5,13.67
PIT,2024-03-14,22,0,7,3,7,33.33,33.33,42.86,23.67,10.0,0.27,22.67,11.0,5.24,17.71,23.0
PIT,2024-03-14,23,0,13,0,13,0.0,0.0,84.62,0.0,0.0,0.0,0.0,5.38,2.12,4.08,30.08
PIT,2024-03-15,0,0,5,0,5,0.0,0.0,40.0,0.0,0.0,0.0,0.0,8.4,1.06,8.2,20.4
PIT,2024-03-15,1,0,1,0,0,0.0,0.0,0.0,0.0,0.0,0.0,0.0,0.0,0.0,0.0,0.0
PIT,2024-03-15,4,0,0,0,2,0.0,0.0,100.0,0.0,0.0,0.0,0.0,0.0,1.5,1.0,0.0
PIT,2024-03-15,5,10,1,11,2,90.91,90.91,50.0,2.82,10.09,0.45,2.82,0.0,1.25,4.0,10.5
PIT,2024-03-15,6,18,0,18,1,100.0,100.0,100.0,0.0,11.5,1.31,0.17,5.0,2.5,9.0,0.0
PIT,2024-03-15,7,8,2,11,2,72.73,72.73,100.0,19.82,11.55,1.56,20.27,0.0,0.5,3.5,0.0
PIT,2024-03-15,8,8,4,9,4,88.89,88.89,75.0,11.0,12.11,2.01,11.0,2.5,1.5,13.5,5.75
PIT,2024-03-15,9,8,11,8,13,100.0,100.0,92.31,0.5,11.63,1.8,0.88,2.0,2.54,3.92,2.15
PIT,2024-03-15,10,13,8,15,8,86.67,80.0,87.5,8.07,13.27,3.48,11.07,1.63,2.1,4.25,12.25
PIT,2024-03-15,11,7,7,8,7,100.0,100.0,100.0,0.0,13.88,3.55,2.0,2.57,2.86,2.86,1.29
PIT,2024-03-15,12,8,9,9,11,66.67,66.67,81.82,10.0,15.0,5.49,14.22,1.0,0.9,2.27,5.73
PIT,2024-03-15,13,8,9,8,9,87.5,75.0,66.67,7.63,10.63,0.9,7.38,1.78,2.16,1.56,39.67
PIT,2024-03-15,14,7,3,8,5,75.0,75.0,80.0,24.63,11.5,1.54,25.88,3.8,0.3,4.0,15.2
PIT,2024-03-15,15,3,12,5,13,40.0,40.0,61.54,27.2,11.4,1.22,28.2,1.31,0.23,6.08,15.62
PIT,2024-03-15,16,12,8,13,9,69.23,61.54,88.89,79.38,12.46,2.18,81.08,2.56,1.67,1.22,5.56
PIT,2024-03-15,17,9,6,10,6,70.0,70.0,83.33,29.2,11.6,2.62,29.5,3.67,1.63,1.17,5.33
PIT,2024-03-15,18,9,10,8,13,87.5,87.5,69.23,110.25,12.38,2.23,111.63,3.15,1.23,3.46,20.62
PIT,2024-03-15,19,7,8,8,10,62.5,62.5,40.0,24.75,12.25,2.03,26.0,2.3,0.76,2.5,19.7
PIT,2024-03-15,20,7,15,7,16,42.86,42.86,68.75,23.71,10.71,1.29,24.43,1.69,2.54,3.56,35.63
PIT,2024-03-15,21,6,6,7,6,57.14,57.14,50.0,33.71,9.0,0.26,32.86,0.83,1.58,0.5,25.67
PIT,2024-03-15,22,0,10,1,10,0.0,0.0,60.0,17.0,10.0,0.0,16.0,3.0,1.2,1.0,108.2
PIT,2024-03-15,23,1,13,1,13,100.0,100.0,61.54,0.0,16.0,5.4,0.0,1.69,3.57,1.46,23.92
PIT,2024-03-16,0,0,7,0,5,0.0,0.0,60.0,0.0,0.0,0.0,0.0,0.4,0.34,1.4,35.2
PIT,2024-03-16,1,0,0,0,1,0.0,0.0,0.0,0.0,0.0,0.0,0.0,0.0,0.0,11.0,77.0
PIT,2024-03-16,2,0,0,0,0,0.0,0.0,0.0,0.0,0.0,0.0,0.0,0.0,0.0,0.0,0.0
PIT,2024-03-16,5,8,1,8,3,100.0,75.0,33.33,0.5,19.5,9.86,7.75,2.33,2.0,3.0,23.33
PIT,2024-03-16,6,15,0,16,0,87.5,75.0,0.0,12.5,20.69,9.83,18.0,0.0,0.0,0.0,0.0
PIT,2024-03-16,7,6,3,8,4,100.0,87.5,100.0,1.25,21.38,10.43,10.13,2.5,1.25,10.0,5.5
PIT,2024-03-16,8,11,3,14,2,64.29,64.29,50.0,24.0,13.36,3.06,26.07,1.5,2.5,8.5,9.5
PIT,2024-03-16,9,5,4,8,6,75.0,37.5,83.33,16.0,18.0,7.97,23.5,1.0,2.28,1.33,7.83
PIT,2024-03-16,10,4,5,5,8,60.0,60.0,50.0,9.2,15.0,4.84,12.0,1.5,2.61,5.75,18.38
PIT,2024-03-16,11,7,8,8,9,75.0,75.0,77.78,6.13,12.5,2.43,8.13,1.44,0.63,1.11,15.78
PIT,2024-03-16,12,6,6,6,6,100.0,100.0,83.33,1.83,11.83,2.1,2.5,0.5,1.45,0.0,20.33
PIT,2024-03-16,13,9,8,9,9,100.0,88.89,77.78,4.22,14.11,4.53,7.67,3.33,0.54,2.0,10.0
PIT,2024-03-16,14,4,3,6,3,66.67,50.0,100.0,10.0,11.17,1.03,10.17,0.33,1.07,0.33,1.0
PIT,2024-03-16,15,4,11,4,11,50.0,25.0,72.73,36.0,13.75,3.95,39.5,1.82,0.56,10.91,14.55
PIT,2024-03-16,16,11,9,12,11,83.33,83.33,81.82,5.67,10.5,0.94,5.25,2.0,1.58,1.91,6.18
PIT,2024-03-16,17,7,5,8,8,75.0,75.0,50.0,9.63,11.0,1.55,9.63,1.38,0.53,2.5,32.63
PIT,2024-03-16,18,7,8,9,9,55.56,66.67,44.44,21.22,9.33,0.79,20.67,1.0,1.14,0.44,20.44
PIT,2024-03-16,19,5,6,7,8,57.14,57.14,62.5,12.14,10.86,1.06,12.57,3.0,1.25,4.0,28.0
PIT,2024-03-16,20,4,8,5,8,40.0,60.0,62.5,42.0,9.4,0.76,40.6,1.5,0.86,0.0,45.38
PIT,2024-03-16,21,2,4,2,4,50.0,50.0,100.0,39.5,9.0,0.0,39.0,2.5,0.98,0.0,0.0
PIT,2024-03-16,22,0,7,0,7,0.0,0.0,57.14,0.0,0.0,0.0,0.0,2.29,0.94,2.57,33.57
PIT,2024-03-16,23,0,9,0,9,0.0,0.0,66.67,0.0,0.0,0.0,0.0,1.22,1.07,0.0,30.44
PIT,2024-03-17,0,0,7,0,7,0.0,0.0,71.43,0.0,0.0,0.0,0.0,0.57,13.57,10.29,19.29
PIT,2024-03-17,1,0,2,0,0,0.0,0.0,0.0,0.0,0.0,0.0,0.0,0.0,0.0,0.0,0.0
PIT,2024-03-17,2,0,0,0,1,0.0,0.0,100.0,0.0,0.0,0.0,0.0,0.0,5.5,0.0,0.0
PIT,2024-03-17,5,7,1,7,1,100.0,100.0,100.0,0.14,12.71,2.93,0.14,0.0,1.5,0.0,0.0
PIT,2024-03-17,6,15,0,15,0,100.0,100.0,0.0,0.47,12.4,1.68,0.8,0.0,0.0,0.0,0.0
PIT,2024-03-17,7,8,2,8,3,100.0,100.0,33.33,1.13,12.0,1.69,2.13,1.0,1.0,5.0,17.0
PIT,2024-03-17,8,10,1,14,1,100.0,100.0,100.0,0.71,12.5,2.22,1.57,0.0,1.5,7.0,1.0
PIT,2024-03-17,9,4,8,7,9,85.71,85.71,100.0,2.29,14.29,4.09,5.86,0.67,1.06,0.89,0.0
PIT,2024-03-17,10,12,5,12,5,83.33,83.33,100.0,40.67,12.67,2.32,41.42,3.0,0.78,2.2,2.0
PIT,2024-03-17,11,8,9,7,8,100.0,100.0,100.0,0.0,11.71,1.8,0.0,1.75,2.15,0.0,0.0
PIT,2024-03-17,12,6,7,6,8,83.33,66.67,87.5,7.33,13.83,4.33,11.17,2.25,0.95,4.13,3.75
PIT,2024-03-17,13,9,13,9,14,77.78,77.78,85.71,14.67,11.11,1.6,15.22,1.71,2.33,2.57,6.14
PIT,2024-03-17,14,9,3,10,5,80.0,80.0,60.0,6.0,13.0,2.94,7.4,1.0,2.24,7.4,34.8
PIT,2024-03-17,15,4,10,5,12,60.0,60.0,58.33,20.2,10.4,0.68,20.6,3.17,0.48,2.92,20.92
PIT,2024-03-17,16,10,8,11,10,63.64,63.64,80.0,39.45,12.0,1.34,39.82,2.6,0.1,0.3,5.6
PIT,2024-03-17,17,8,7,11,9,72.73,72.73,66.67,7.73,12.73,3.13,10.0,1.44,0.74,2.33,17.78
PIT,2024-03-17,18,7,7,8,8,75.0,75.0,62.5,16.75,12.75,3.42,19.25,0.88,0.55,0.88,18.88
PIT,2024-03-17,19,10,11,10,12,50.0,50.0,83.33,17.9,12.9,3.52,19.2,1.92,1.57,0.58,6.5
PIT,2024-03-17,20,4,12,5,13,60.0,60.0,84.62,76.4,10.2,0.64,76.2,2.0,0.79,0.0,14.62
PIT,2024-03-17,21,4,7,5,7,80.0,80.0,71.43,35.4,10.0,0.96,35.8,1.43,5.13,5.0,4.43
PIT,2024-03-17,22,0,6,0,6,0.0,0.0,83.33,0.0,0.0,0.0,0.0,3.0,0.85,1.83,24.5
PIT,2024-03-17,23,1,11,1,12,100.0,100.0,66.67,0.0,15.0,4.4,0.0,1.83,1.79,1.0,13.83
PIT,2024-03-18,0,0,5,1,8,0.0,0.0,25.0,31.0,13.0,2.4,33.0,2.0,1.65,1.5,69.63
PIT,2024-03-18,1,0,1,0,2,0.0,0.0,100.0,0.0,0.0,0.0,0.0,8.0,1.7,0.0,14.0
PIT,2024-03-18,2,0,0,0,1,0.0,0.0,100.0,0.0,0.0,0.0,0.0,0.0,0.5,0.0,11.0
PIT,2024-03-18,3,0,0,0,0,0.0,0.0,0.0,0.0,0.0,0.0,0.0,0.0,0.0,0.0,0.0
PIT,2024-03-18,5,10,1,10,1,100.0,90.0,100.0,0.0,15.0,4.88,2.4,1.0,0.0,0.0,13.0
PIT,2024-03-18,6,18,0,18,0,100.0,94.44,0.0,0.72,17.5,6.74,4.33,0.0,0.0,0.0,0.0
PIT,2024-03-18,7,8,2,10,2,70.0,70.0,50.0,8.0,15.7,5.47,11.4,0.5,1.0,15.5,14.5
PIT,2024-03-18,8,8,4,9,6,77.78,77.78,33.33,43.67,15.22,4.79,47.0,2.5,0.58,10.33,52.83
PIT,2024-03-18,9,8,11,9,12,88.89,55.56,66.67,7.89,19.11,9.09,14.78,1.75,1.22,2.5,15.92
PIT,2024-03-18,10,13,8,14,8,64.29,57.14,87.5,13.79,15.86,5.8,17.93,2.63,1.39,2.63,7.25
PIT,2024-03-18,11,7,7,7,8,42.86,42.86,75.0,14.0,14.57,4.21,17.0,3.63,1.38,7.75,9.38
PIT,2024-03-18,12,8,9,10,8,70.0,60.0,75.0,11.1,15.4,6.14,16.1,1.75,0.46,5.5,21.0
PIT,2024-03-18,13,8,9,8,10,87.5,87.5,50.0,7.38,15.25,5.45,11.13,3.1,3.94,10.7,62.2
PIT,2024-03-18,14,7,3,8,6,37.5,37.5,33.33,78.0,20.25,10.0,87.5,3.5,0.5,10.0,33.5
PIT,2024-03-18,15,3,12,5,14,80.0,60.0,78.57,7.6,17.6,7.42,13.6,3.93,0.63,5.5,10.93
PIT,2024-03-18,16,12,8,13,10,76.92,53.85,70.0,10.85,19.23,8.69,17.62,5.3,0.6,4.7,25.0
PIT,2024-03-18,17,9,6,9,9,77.78,77.78,55.56,19.56,12.44,2.58,21.0,4.0,0.22,5.44,17.33
PIT,2024-03-18,18,9,9,12,10,58.33,50.0,60.0,18.0,22.0,11.87,28.0,1.9,0.22,2.8,20.4
PIT,2024-03-18,19,6,10,6,10,83.33,50.0,50.0,12.33,33.5,22.88,31.83,5.8,1.16,5.0,14.9
PIT,2024-03-18,20,8,15,7,15,28.57,0.0,60.0,21.14,31.14,21.54,41.43,3.53,2.31,3.33,21.87
PIT,2024-03-18,21,6,6,9,7,66.67,11.11,85.71,25.44,31.0,21.36,45.44,1.43,4.0,4.43,9.29
PIT,2024-03-18,22,0,9,2,9,100.0,100.0,55.56,0.0,33.0,22.4,8.0,4.22,0.9,3.33,20.44
PIT,2024-03-18,23,1,14,1,14,100.0,100.0,85.71,0.0,14.0,3.4,0.0,2.21,4.1,2.43,25.0
PIT,2024-03-19,0,0,5,0,5,0.0,0.0,20.0,0.0,0.0,0.0,0.0,2.0,1.36,2.6,38.2
PIT,2024-03-19,1,0,0,0,1,0.0,0.0,100.0,0.0,0.0,0.0,0.0,5.0,1.7,1.0,0.0
PIT,2024-03-19,2,0,0,0,0,0.0,0.0,0.0,0.0,0.0,0.0,0.0,0.0,0.0,0.0,0.0
PIT,2024-03-19,3,0,0,0,0,0.0,0.0,0.0,0.0,0.0,0.0,0.0,0.0,0.0,0.0,0.0
PIT,2024-03-19,4,0,0,1,1,100.0,100.0,100.0,0.0,19.0,8.4,8.0,0.0,0.5,0.0,0.0
PIT,2024-03-19,5,8,1,9,4,77.78,44.44,25.0,30.22,31.89,21.31,47.89,0.0,2.25,2.75,17.5
PIT,2024-03-19,6,18,0,20,0,85.0,20.0,0.0,6.55,36.65,25.87,28.25,0.0,0.0,0.0,0.0
PIT,2024-03-19,7,8,3,9,3,88.89,55.56,66.67,4.22,24.89,14.41,16.22,2.33,11.5,16.33,22.33
PIT,2024-03-19,8,11,3,12,5,91.67,75.0,60.0,4.92,22.67,12.12,12.25,2.2,0.8,3.6,17.4
PIT,2024-03-19,9,4,7,6,8,100.0,100.0,87.5,0.0,20.5,10.0,3.17,2.0,0.9,1.75,11.25
PIT,2024-03-19,10,8,10,9,10,88.89,88.89,90.0,2.56,14.78,4.4,4.0,2.1,1.3,1.9,6.5
PIT,2024-03-19,11,9,5,10,6,80.0,80.0,66.67,5.7,13.2,3.46,7.4,1.67,1.0,7.83,13.33
PIT,2024-03-19,12,5,7,7,8,71.43,71.43,100.0,12.57,11.43,1.23,12.57,3.25,1.2,0.0,0.5
PIT,2024-03-19,13,8,7,9,8,88.89,88.89,62.5,1.89,13.11,4.18,2.56,1.5,0.69,0.63,16.0
PIT,2024-03-19,14,5,5,5,6,100.0,100.0,100.0,3.0,12.8,2.56,2.6,3.83,0.32,0.67,3.67
PIT,2024-03-19,15,6,12,9,12,55.56,55.56,75.0,15.33,12.78,3.22,18.11,6.92,3.19,7.92,13.67
PIT,2024-03-19,16,11,9,14,13,92.86,71.43,69.23,2.71,16.36,5.86,6.0,7.85,1.15,11.54,17.23
PIT,2024-03-19,17,9,6,11,12,72.73,81.82,75.0,15.73,10.64,1.09,15.55,8.67,1.92,8.83,20.58
PIT,2024-03-19,18,8,9,12,12,66.67,66.67,66.67,11.58,10.08,0.35,11.17,1.67,1.46,4.92,13.67
PIT,2024-03-19,19,8,5,11,6,81.82,72.73,83.33,6.27,15.27,4.98,9.82,1.83,1.03,0.67,8.83
PIT,2024-03-19,20,3,10,3,14,100.0,100.0,71.43,0.0,10.33,0.93,0.0,1.5,0.5,2.36,8.57
PIT,2024-03-19,21,1,6,4,6,100.0,100.0,83.33,0.0,9.0,0.1,0.0,1.0,0.32,0.0,3.0
PIT,2024-03-19,22,0,9,2,10,100.0,100.0,80.0,0.0,7.5,0.0,0.0,1.9,0.68,0.3,16.8
PIT,2024-03-19,23,0,11,0,11,0.0,0.0,72.73,0.0,0.0,0.0,0.0,1.82,0.31,0.0,10.64
PIT,2024-03-20,0,0,4,0,6,0.0,0.0,83.33,0.0,0.0,0.0,0.0,0.67,1.13,3.17,11.17
PIT,2024-03-20,1,0,0,0,0,0.0,0.0,0.0,0.0,0.0,0.0,0.0,0.0,0.0,0.0,0.0
PIT,2024-03-20,2,0,0,1,0,100.0,100.0,0.0,0.0,10.0,0.0,0.0,0.0,0.0,0.0,0.0
PIT,2024-03-20,4,0,0,0,1,0.0,0.0,100.0,0.0,0.0,0.0,0.0,0.0,0.0,0.0,0.0
PIT,2024-03-20,5,8,1,10,4,90.0,90.0,75.0,2.5,10.8,0.7,2.6,0.0,2.75,0.75,10.5
PIT,2024-03-20,6,18,0,19,0,100.0,100.0,0.0,0.58,12.0,1.67,1.11,0.0,0.0,0.0,0.0
PIT,2024-03-20,7,8,3,9,3,88.89,88.89,100.0,12.22,11.44,1.56,12.44,1.0,2.0,4.67,3.33
PIT,2024-03-20,8,11,3,12,2,91.67,91.67,100.0,3.42,12.0,2.73,4.33,0.0,1.85,9.5,6.5
PIT,2024-03-20,9,4,7,4,10,100.0,100.0,100.0,0.0,13.25,2.8,0.0,1.5,1.94,2.5,1.4
PIT,2024-03-20,10,8,9,12,10,83.33,83.33,90.0,3.58,12.25,2.33,4.5,2.6,1.16,3.3,14.0
PIT,2024-03-20,11,10,6,11,7,90.91,81.82,100.0,3.45,10.45,1.0,3.82,3.29,0.93,2.43,0.29
PIT,2024-03-20,12,5,6,7,6,71.43,71.43,83.33,16.29,10.86,0.8,16.29,2.33,0.95,0.0,8.83
PIT,2024-03-20,13,7,7,8,9,75.0,75.0,100.0,10.88,12.25,2.63,11.5,2.11,1.76,3.22,1.56
PIT,2024-03-20,14,6,5,7,5,71.43,71.43,80.0,12.0,13.57,3.21,13.71,1.6,2.72,2.6,5.6
PIT,2024-03-20,15,6,13,7,14,71.43,71.43,78.57,27.0,11.29,1.67,28.29,3.64,1.39,3.29,4.29
PIT,2024-03-20,16,10,8,12,11,91.67,91.67,72.73,1.75,12.0,1.77,2.33,4.82,2.83,3.55,7.91
PIT,2024-03-20,17,9,6,9,10,66.67,44.44,70.0,11.78,20.33,10.38,18.89,2.5,1.83,3.3,7.3
PIT,2024-03-20,18,8,8,11,10,90.91,81.82,60.0,4.0,11.82,1.91,5.73,1.2,1.79,4.8,18.3
PIT,2024-03-20,19,6,7,7,8,57.14,57.14,62.5,19.57,12.0,1.7,21.0,3.0,2.64,4.38,14.5
PIT,2024-03-20,20,5,10,5,11,100.0,100.0,90.91,2.2,12.2,2.44,4.0,0.73,0.49,3.0,3.64
PIT,2024-03-20,21,1,7,3,8,100.0,100.0,100.0,0.67,9.67,0.6,1.0,2.25,1.34,2.13,1.75
PIT,2024-03-20,22,0,9,2,9,100.0,100.0,88.89,0.0,7.5,0.0,0.0,2.56,1.0,0.0,9.67
PIT,2024-03-20,23,1,12,1,12,0.0,0.0,100.0,56.0,19.0,8.4,64.0,1.08,1.93,0.17,1.08
PIT,2024-03-21,0,0,5,0,4,0.0,0.0,100.0,0.0,0.0,0.0,0.0,0.0,1.0,0.0,0.0
PIT,2024-03-21,1,0,1,0,0,0.0,0.0,0.0,0.0,0.0,0.0,0.0,0.0,0.0,0.0,0.0
PIT,2024-03-21,4,0,0,0,1,0.0,0.0,100.0,0.0,0.0,0.0,0.0,0.0,0.5,0.0,0.0
PIT,2024-03-21,5,10,1,10,4,100.0,90.0,75.0,0.8,15.4,5.5,4.8,0.25,1.38,2.5,8.0
PIT,2024-03-21,6,18,0,20,0,90.0,80.0,0.0,19.75,18.55,7.81,25.05,0.0,0.0,0.0,0.0
PIT,2024-03-21,7,8,2,9,3,88.89,88.89,66.67,1.89,14.22,4.22,5.0,1.33,0.5,4.33,8.67
PIT,2024-03-21,8,8,2,10,2,80.0,80.0,50.0,10.1,11.8,1.64,11.0,1.0,1.0,0.0,10.5
PIT,2024-03-21,9,5,11,6,12,100.0,100.0,83.33,2.33,16.33,6.77,5.67,1.0,0.86,1.92,27.67
PIT,2024-03-21,10,12,8,12,9,91.67,83.33,88.89,25.67,12.92,2.7,27.17,2.0,1.51,3.78,6.44
PIT,2024-03-21,11,8,7,9,7,88.89,88.89,85.71,3.56,13.0,2.82,5.67,2.57,0.86,5.29,6.71
PIT,2024-03-21,12,7,8,7,8,85.71,85.71,100.0,3.71,12.29,2.51,5.0,0.63,0.55,0.75,0.25
PIT,2024-03-21,13,8,11,9,11,88.89,77.78,90.91,6.67,14.78,4.53,9.22,2.0,0.9,1.73,2.45
PIT,2024-03-21,14,9,4,11,7,90.91,90.91,85.71,2.45,12.18,1.75,3.36,0.71,5.21,5.71,4.29
PIT,2024-03-21,15,4,10,6,11,50.0,50.0,54.55,13.83,13.5,3.35,17.0,1.18,0.85,4.36,16.73
PIT,2024-03-21,16,10,7,10,11,60.0,60.0,63.64,11.4,13.5,3.16,13.2,1.0,0.79,2.55,16.64
PIT,2024-03-21,17,8,7,9,11,66.67,66.67,63.64,15.22,10.22,1.07,15.11,2.64,0.38,5.18,18.55
PIT,2024-03-21,18,10,10,11,12,72.73,72.73,91.67,9.0,10.55,0.98,9.18,1.17,0.91,2.58,2.75
PIT,2024-03-21,19,7,9,7,10,85.71,85.71,50.0,15.71,11.86,1.91,17.14,2.2,0.93,2.1,29.0
PIT,2024-03-21,20,6,13,6,14,50.0,50.0,85.71,28.83,9.33,0.47,28.83,1.86,0.34,1.93,6.71
PIT,2024-03-21,21,6,6,10,7,100.0,100.0,85.71,2.0,9.9,0.82,2.0,2.29,0.86,2.29,9.86
PIT,2024-03-21,22,0,8,1,9,100.0,100.0,77.78,0.0,7.0,0.0,0.0,2.22,0.62,0.89,6.56
PIT,2024-03-21,23,0,14,0,14,0.0,0.0,57.14,0.0,0.0,0.0,0.0,0.5,1.37,7.5,18.07
PIT,2024-03-22,0,0,5,0,5,0.0,0.0,100.0,0.0,0.0,0.0,0.0,0.6,0.56,0.6,1.0
PIT,2024-03-22,1,0,1,0,1,0.0,0.0,0.0,0.0,0.0,0.0,0.0,1.0,1.7,0.0,24.0
PIT,2024-03-22,3,0,0,0,1,0.0,0.0,0.0,0.0,0.0,0.0,0.0,0.0,6.5,0.0,20.0
PIT,2024-03-22,4,0,0,0,1,0.0,0.0,100.0,0.0,0.0,0.0,0.0,0.0,0.5,0.0,0.0
PIT,2024-03-22,5,10,1,10,4,90.0,90.0,75.0,6.0,10.6,1.09,6.4,0.0,0.63,0.5,7.25
PIT,2024-03-22,6,18,0,18,0,88.89,88.89,0.0,7.28,11.89,1.74,8.22,0.0,0.0,0.0,0.0
PIT,2024-03-22,7,8,2,9,2,77.78,77.78,50.0,28.22,11.11,1.51,28.22,2.0,1.0,4.0,44.0
PIT,2024-03-22,8,8,4,11,6,81.82,72.73,100.0,4.09,15.64,5.01,7.09,4.0,0.67,8.17,4.67
PIT,2024-03-22,9,8,11,10,12,80.0,70.0,91.67,12.6,15.2,5.02,16.7,2.5,1.07,2.17,1.42
PIT,2024-03-22,10,13,8,14,8,92.86,92.86,75.0,2.29,13.0,2.83,3.64,2.38,0.99,6.13,5.0
PIT,2024-03-22,11,7,8,12,9,66.67,58.33,66.67,8.83,13.75,3.77,11.67,3.78,1.5,3.56,6.78
PIT,2024-03-22,12,8,8,8,9,100.0,87.5,77.78,1.88,11.5,1.7,2.88,1.22,1.09,7.22,18.11
PIT,2024-03-22,13,8,9,8,10,75.0,75.0,70.0,19.13,13.63,3.27,21.25,4.2,1.04,7.1,12.8
PIT,2024-03-22,14,7,3,8,3,62.5,62.5,33.33,27.0,12.0,2.05,27.5,3.0,0.83,0.0,15.0
PIT,2024-03-22,15,3,11,5,11,60.0,60.0,72.73,9.2,14.4,4.34,13.4,4.09,1.98,6.18,14.18
PIT,2024-03-22,16,11,8,10,12,80.0,80.0,66.67,13.9,16.0,4.98,15.9,2.67,2.92,9.33,13.67
PIT,2024-03-22,17,9,6,11,5,63.64,63.64,100.0,23.0,13.64,3.85,25.82,2.6,0.5,0.0,8.6
PIT,2024-03-22,18,9,11,10,11,60.0,60.0,63.64,11.2,10.4,0.92,11.8,2.09,1.24,1.73,22.27
PIT,2024-03-22,19,8,7,9,8,66.67,55.56,62.5,31.33,15.22,5.07,35.78,3.88,1.07,3.13,21.75
PIT,2024-03-22,20,6,16,5,14,20.0,20.0,78.57,35.0,16.0,6.8,41.0,3.0,2.19,1.71,13.86
PIT,2024-03-22,21,7,7,9,8,44.44,44.44,87.5,23.89,11.44,1.98,25.0,6.63,4.11,3.5,10.13
PIT,2024-03-22,22,1,10,2,11,50.0,50.0,63.64,35.0,11.5,0.9,35.5,1.27,1.45,0.91,13.73
PIT,2024-03-22,23,1,13,1,14,100.0,100.0,57.14,0.0,11.0,0.4,0.0,2.29,2.21,4.21,23.57
PIT,2024-03-23,0,0,7,0,5,0.0,0.0,60.0,0.0,0.0,0.0,0.0,0.0,1.56,0.0,8.4
PIT,2024-03-23,1,0,0,0,1,0.0,0.0,100.0,0.0,0.0,0.0,0.0,0.0,0.7,0.0,0.0
PIT,2024-03-23,5,8,1,8,2,100.0,100.0,0.0,0.0,11.88,2.55,1.63,0.0,3.0,1.0,46.5
PIT,2024-03-23,6,15,0,17,1,94.12,94.12,100.0,5.76,13.0,2.5,6.71,0.0,3.5,6.0,10.0
PIT,2024-03-23,7,6,3,8,3,75.0,75.0,33.33,35.88,13.25,2.78,37.13,4.0,10.83,11.0,85.67
PIT,2024-03-23,8,12,3,11,4,90.91,90.91,25.0,3.73,11.73,2.04,5.55,0.5,6.05,2.75,41.75
PIT,2024-03-23,9,5,3,10,5,40.0,40.0,60.0,40.6,15.3,5.26,44.2,0.6,1.24,2.0,31.2
PIT,2024-03-23,10,3,5,6,8,33.33,16.67,37.5,58.0,14.33,4.02,61.0,1.25,1.65,6.5,42.63
PIT,2024-03-23,11,7,9,8,11,62.5,62.5,90.91,26.5,14.88,4.61,29.5,4.18,3.01,4.73,18.18
PIT,2024-03-23,12,6,4,8,5,62.5,50.0,60.0,35.13,15.0,5.25,39.63,1.0,4.18,0.2,20.8
PIT,2024-03-23,13,8,8,8,10,50.0,50.0,60.0,31.25,13.75,4.55,34.38,8.4,1.58,7.1,23.2
PIT,2024-03-23,14,4,4,8,4,62.5,50.0,50.0,13.25,17.63,7.69,18.38,3.75,2.4,8.25,131.5
PIT,2024-03-23,15,5,10,7,12,57.14,57.14,83.33,53.86,11.57,1.66,54.57,4.17,2.35,1.42,8.33
PIT,2024-03-23,16,10,9,9,12,55.56,55.56,66.67,19.89,11.22,1.8,20.89,5.0,0.83,4.5,30.92
PIT,2024-03-23,17,9,6,10,8,60.0,60.0,62.5,85.1,11.4,2.08,84.8,2.38,2.98,3.5,16.88
PIT,2024-03-23,18,8,11,11,13,45.45,36.36,53.85,25.0,15.18,5.71,29.55,1.62,1.9,5.92,20.92
PIT,2024-03-23,19,6,4,6,5,50.0,50.0,60.0,51.67,12.0,2.42,52.67,2.8,2.32,1.0,187.8
PIT,2024-03-23,20,3,9,3,8,66.67,66.67,25.0,17.0,10.67,1.4,17.0,1.88,1.32,1.13,58.5
PIT,2024-03-23,21,3,6,4,5,25.0,25.0,20.0,94.0,12.25,2.55,96.25,2.2,1.38,0.0,83.0
PIT,2024-03-23,22,1,8,1,10,0.0,0.0,70.0,169.0,12.0,1.4,170.0,4.2,0.74,0.5,25.6
PIT,2024-03-23,23,0,9,0,11,0.0,0.0,54.55,0.0,0.0,0.0,0.0,1.82,2.54,1.64,58.45
PIT,2024-03-24,0,0,7,1,9,0.0,0.0,55.56,23.0,12.0,1.4,24.0,2.0,1.74,1.11,31.33
PIT,2024-03-24,1,0,2,0,1,0.0,0.0,100.0,0.0,0.0,0.0,0.0,0.0,0.0,0.0,0.0
PIT,2024-03-24,2,0,0,2,0,100.0,100.0,0.0,0.0,12.0,1.4,1.0,0.0,0.0,0.0,0.0
PIT,2024-03-24,3,0,0,0,2,0.0,0.0,0.0,0.0,0.0,0.0,0.0,1.5,0.5,5.0,30.0
PIT,2024-03-24,4,0,0,0,0,0.0,0.0,0.0,0.0,0.0,0.0,0.0,0.0,0.0,0.0,0.0
PIT,2024-03-24,5,7,1,8,1,87.5,87.5,100.0,4.0,13.13,3.44,6.13,0.0,6.5,0.0,0.0
PIT,2024-03-24,6,16,0,17,1,82.35,82.35,0.0,26.82,18.88,8.31,32.0,6.0,0.5,15.0,19.0
PIT,2024-03-24,7,8,2,9,2,88.89,66.67,100.0,5.78,21.33,10.84,14.11,0.0,0.25,0.0,0.0
PIT,2024-03-24,8,9,1,10,1,90.0,80.0,100.0,8.7,19.3,8.6,13.3,4.0,0.5,0.0,0.0
PIT,2024-03-24,9,3,8,3,8,100.0,100.0,87.5,0.33,19.0,8.4,4.67,1.38,0.74,3.0,12.38
PIT,2024-03-24,10,11,5,14,6,64.29,64.29,83.33,19.14,14.71,4.36,22.14,2.5,2.65,0.33,6.5
PIT,2024-03-24,11,9,10,11,11,72.73,72.73,81.82,8.55,10.73,1.13,8.82,2.64,0.91,7.18,7.0
PIT,2024-03-24,12,6,7,6,8,83.33,66.67,62.5,13.17,12.17,2.33,14.5,4.88,1.45,13.0,48.88
PIT,2024-03-24,13,9,12,11,14,63.64,63.64,64.29,24.55,14.73,5.24,28.64,4.79,1.54,6.57,17.07
PIT,2024-03-24,14,10,3,12,5,58.33,58.33,40.0,23.75,11.08,1.4,24.5,2.8,3.04,11.4,37.6
PIT,2024-03-24,15,3,9,6,13,66.67,66.67,69.23,22.83,12.0,2.2,24.67,2.08,1.75,7.62,18.62
PIT,2024-03-24,16,9,8,9,11,66.67,44.44,90.91,32.11,18.89,8.33,38.78,3.45,1.41,3.09,3.64
PIT,2024-03-24,17,8,8,9,9,100.0,100.0,100.0,1.78,10.89,1.22,2.78,1.56,0.39,0.44,0.0
PIT,2024-03-24,18,8,8,9,10,100.0,100.0,70.0,0.33,10.33,0.53,0.44,0.9,0.14,1.0,6.3
PIT,2024-03-24,19,10,10,12,11,58.33,50.0,63.64,18.17,13.67,4.22,21.08,0.45,0.92,1.09,10.91
PIT,2024-03-24,20,5,10,5,12,60.0,60.0,66.67,9.6,10.0,0.96,9.6,1.25,0.53,1.58,15.33
PIT,2024-03-24,21,4,8,4,10,50.0,50.0,70.0,13.75,9.5,0.7,13.75,2.7,1.39,1.8,21.7
PIT,2024-03-24,22,1,7,2,7,50.0,50.0,71.43,34.0,10.0,0.0,33.5,1.29,1.09,0.86,25.57
PIT,2024-03-24,23,1,12,1,11,100.0,100.0,54.55,1.0,19.0,8.4,9.0,0.73,1.23,0.0,16.0
PIT,2024-03-25,0,0,5,0,7,0.0,0.0,57.14,0.0,0.0,0.0,0.0,0.71,2.76,5.86,32.86
PIT,2024-03-25,1,0,1,0,2,0.0,0.0,50.0,0.0,0.0,0.0,0.0,1.5,0.0,0.0,11.5
PIT,2024-03-25,2,0,0,0,0,0.0,0.0,0.0,0.0,0.0,0.0,0.0,0.0,0.0,0.0,0.0
PIT,2024-03-25,5,10,1,10,1,100.0,100.0,100.0,0.3,11.3,1.4,0.7,0.0,0.5,0.0,0.0
PIT,2024-03-25,6,18,0,18,0,94.44,94.44,0.0,4.17,13.83,3.08,4.94,0.0,0.0,0.0,0.0
PIT,2024-03-25,7,8,2,11,2,90.91,90.91,50.0,5.18,13.73,3.62,8.27,5.5,0.25,9.0,14.5
PIT,2024-03-25,8,8,4,10,4,80.0,70.0,75.0,6.7,14.0,3.84,8.3,3.25,1.25,12.5,8.75
PIT,2024-03-25,9,8,11,8,11,100.0,100.0,90.91,0.25,14.75,4.8,3.38,1.36,1.45,3.09,2.82
PIT,2024-03-25,10,13,8,14,9,92.86,100.0,88.89,2.5,10.79,1.29,2.14,3.22,1.46,2.11,3.44
PIT,2024-03-25,11,7,8,7,9,100.0,100.0,88.89,1.57,10.57,0.94,1.57,3.22,1.5,1.67,3.67
PIT,2024-03-25,12,8,8,12,9,75.0,66.67,77.78,5.67,13.08,3.0,7.83,2.22,0.27,1.67,4.78
PIT,2024-03-25,13,8,9,9,11,88.89,88.89,90.91,6.22,12.0,1.96,6.78,3.0,0.35,0.91,1.82
PIT,2024-03-25,14,7,3,10,6,90.0,90.0,66.67,3.1,10.8,1.32,3.1,1.83,0.08,3.0,15.5
PIT,2024-03-25,15,3,11,3,15,100.0,100.0,73.33,0.33,10.0,1.13,0.67,2.13,0.85,2.53,12.07
PIT,2024-03-25,16,11,8,13,9,84.62,84.62,88.89,4.38,12.54,1.95,4.85,2.33,1.5,2.33,14.11
PIT,2024-03-25,17,9,6,11,6,72.73,72.73,100.0,14.73,12.45,2.65,15.82,1.83,0.83,0.0,1.33
PIT,2024-03-25,18,10,11,11,11,90.91,90.91,81.82,11.82,11.45,1.69,13.09,1.36,0.54,3.27,7.45
PIT,2024-03-25,19,7,8,8,8,87.5,87.5,87.5,14.0,13.88,3.67,16.13,1.88,1.2,0.5,4.63
PIT,2024-03-25,20,6,16,7,17,71.43,71.43,76.47,7.14,11.0,1.57,8.14,2.71,3.43,5.24,7.24
PIT,2024-03-25,21,7,7,9,7,66.67,66.67,85.71,9.11,10.89,1.49,9.11,4.14,1.49,0.71,24.14
PIT,2024-03-25,22,1,9,3,10,33.33,33.33,80.0,71.33,12.0,1.4,72.0,2.1,2.1,0.0,25.2
PIT,2024-03-25,23,1,14,1,15,0.0,0.0,66.67,26.0,25.0,14.4,40.0,1.33,1.0,0.6,20.0
PIT,2024-03-26,0,0,5,0,5,0.0,0.0,60.0,0.0,0.0,0.0,0.0,0.8,1.96,0.0,21.2
PIT,2024-03-26,1,0,0,0,1,0.0,0.0,100.0,0.0,0.0,0.0,0.0,1.0,0.0,0.0,0.0
PIT,2024-03-26,2,0,0,0,0,0.0,0.0,0.0,0.0,0.0,0.0,0.0,0.0,0.0,0.0,0.0
PIT,2024-03-26,4,0,0,0,1,0.0,0.0,100.0,0.0,0.0,0.0,0.0,0.0,0.0,0.0,0.0
PIT,2024-03-26,5,8,1,8,4,100.0,100.0,25.0,0.25,11.75,1.69,0.5,0.0,0.38,1.5,65.5
PIT,2024-03-26,6,18,0,18,0,100.0,100.0,0.0,0.39,12.28,2.11,0.61,0.0,0.0,0.0,0.0
PIT,2024-03-26,7,8,3,9,4,66.67,66.67,50.0,31.78,12.22,1.88,32.56,2.25,3.73,12.75,28.0
PIT,2024-03-26,8,11,4,14,4,71.43,71.43,75.0,9.57,11.5,1.5,9.79,2.5,8.88,11.0,7.5
PIT,2024-03-26,9,5,7,5,7,100.0,100.0,100.0,2.2,11.0,0.96,2.0,5.0,0.7,0.0,0.0
PIT,2024-03-26,10,8,10,9,10,88.89,88.89,100.0,5.11,12.22,2.16,5.22,2.8,1.24,1.6,0.1
PIT,2024-03-26,11,10,6,10,6,100.0,100.0,100.0,0.7,10.7,1.04,1.1,6.5,1.5,2.17,0.67
PIT,2024-03-26,12,5,6,7,7,71.43,71.43,57.14,16.86,11.14,0.77,16.86,3.71,1.2,7.29,14.43
PIT,2024-03-26,13,8,7,8,8,75.0,75.0,87.5,8.5,11.38,1.55,8.63,5.88,0.8,3.0,5.25
PIT,2024-03-26,14,5,5,6,7,66.67,83.33,85.71,11.83,11.0,1.07,11.17,4.0,0.14,3.14,3.86
PIT,2024-03-26,15,6,12,8,15,87.5,87.5,66.67,7.75,9.88,0.65,8.0,4.13,2.18,7.6,26.2
PIT,2024-03-26,16,11,8,13,12,76.92,76.92,66.67,77.08,12.54,2.32,78.0,9.92,2.14,10.33,11.42
PIT,2024-03-26,17,8,6,8,7,87.5,87.5,71.43,6.25,10.88,1.52,7.0,5.0,1.57,1.71,16.43
PIT,2024-03-26,18,8,9,9,11,88.89,88.89,81.82,5.67,11.44,1.24,6.44,3.18,0.63,2.91,9.36
PIT,2024-03-26,19,7,6,7,7,71.43,71.43,100.0,14.86,13.71,4.06,16.86,4.57,1.8,0.29,0.57
PIT,2024-03-26,20,4,10,5,12,80.0,80.0,83.33,7.0,11.0,1.44,7.4,4.67,0.99,3.17,6.67
PIT,2024-03-26,21,1,7,4,8,100.0,100.0,75.0,0.25,13.5,3.8,3.75,43.0,0.49,39.63,76.0
PIT,2024-03-26,22,1,9,3,9,100.0,100.0,100.0,0.0,11.0,0.6,0.0,1.22,1.63,0.56,1.0
PIT,2024-03-26,23,0,11,1,11,100.0,100.0,90.91,0.0,16.0,5.4,5.0,1.82,2.14,1.09,7.82
PIT,2024-03-27,0,0,4,0,5,0.0,0.0,100.0,0.0,0.0,0.0,0.0,0.0,3.6,0.0,0.0
PIT,2024-03-27,2,0,0,0,1,0.0,0.0,100.0,0.0,0.0,0.0,0.0,5.0,4.5,0.0,0.0
PIT,2024-03-27,4,0,0,0,1,0.0,0.0,100.0,0.0,0.0,0.0,0.0,0.0,2.5,0.0,0.0
PIT,2024-03-27,5,8,1,8,4,100.0,100.0,25.0,1.13,12.5,2.0,1.63,1.25,3.25,3.0,25.5
PIT,2024-03-27,6,18,0,20,0,95.0,90.0,0.0,3.85,12.95,2.45,5.25,0.0,0.0,0.0,0.0
PIT,2024-03-27,7,8,3,13,4,61.54,61.54,75.0,27.15,10.77,0.83,27.08,0.5,4.47,6.75,28.0
PIT,2024-03-27,8,11,3,13,3,100.0,100.0,66.67,0.0,10.62,0.88,0.15,0.67,0.9,7.33,6.0
PIT,2024-03-27,9,4,7,4,7,75.0,75.0,100.0,64.0,14.5,4.55,64.5,0.0,0.0,0.0,0.0
PIT,2024-03-27,10,8,9,11,11,81.82,81.82,72.73,15.55,12.55,2.73,16.73,3.18,0.47,3.18,22.09
PIT,2024-03-27,11,10,7,12,7,75.0,66.67,85.71,27.25,12.08,2.43,28.83,4.86,0.5,1.43,2.86
PIT,2024-03-27,12,5,5,6,7,83.33,83.33,71.43,5.33,14.5,4.27,7.5,2.14,0.49,4.71,7.71
PIT,2024-03-27,13,7,8,7,9,85.71,85.71,77.78,4.14,12.86,3.14,5.14,2.56,1.21,2.22,22.11
PIT,2024-03-27,14,7,5,8,5,87.5,87.5,80.0,40.75,16.75,6.24,45.0,1.0,0.1,0.0,6.0
PIT,2024-03-27,15,6,12,8,13,50.0,50.0,84.62,69.13,22.5,12.75,81.63,6.08,0.65,5.92,9.15
PIT,2024-03-27,16,9,8,9,12,88.89,88.89,66.67,4.89,11.0,0.7,4.89,2.0,3.62,3.5,15.67
PIT,2024-03-27,17,9,6,9,9,77.78,66.67,77.78,9.78,19.33,9.8,16.22,1.78,1.13,3.44,11.89
PIT,2024-03-27,18,7,9,9,13,66.67,66.67,69.23,29.89,11.44,1.67,31.33,0.46,1.45,6.69,48.85
PIT,2024-03-27,19,7,6,9,6,55.56,55.56,66.67,34.0,14.67,4.29,37.11,2.5,1.12,14.0,51.33
PIT,2024-03-27,20,5,11,4,12,50.0,50.0,66.67,43.5,10.75,1.05,44.25,1.33,0.67,1.5,30.0
PIT,2024-03-27,21,2,8,4,10,50.0,50.0,70.0,82.25,8.0,0.0,81.0,4.4,1.5,6.4,20.9
PIT,2024-03-27,22,1,9,4,11,75.0,75.0,63.64,21.0,11.0,1.2,21.5,2.0,0.94,0.82,31.45
PIT,2024-03-27,23,1,12,1,11,100.0,100.0,45.45,1.0,17.0,6.4,7.0,0.64,2.95,0.82,42.0
PIT,2024-03-28,0,0,5,0,4,0.0,0.0,25.0,0.0,0.0,0.0,0.0,3.5,1.48,6.5,51.0
PIT,2024-03-28,1,0,1,0,0,0.0,0.0,0.0,0.0,0.0,0.0,0.0,0.0,0.0,0.0,0.0
PIT,2024-03-28,2,0,0,0,0,0.0,0.0,0.0,0.0,0.0,0.0,0.0,0.0,0.0,0.0,0.0
PIT,2024-03-28,4,0,0,0,1,0.0,0.0,100.0,0.0,0.0,0.0,0.0,0.0,1.5,0.0,0.0
PIT,2024-03-28,5,10,1,11,3,100.0,81.82,66.67,1.55,17.27,7.16,6.91,0.0,3.5,1.67,12.33
PIT,2024-03-28,6,17,0,18,0,88.89,66.67,0.0,9.33,18.94,8.18,16.11,0.0,0.0,0.0,0.0
PIT,2024-03-28,7,8,2,9,3,77.78,77.78,66.67,12.56,18.0,7.52,17.44,0.0,2.17,8.0,9.33
PIT,2024-03-28,8,10,2,14,2,64.29,57.14,100.0,22.93,16.93,6.36,26.93,2.0,1.25,9.5,3.5
PIT,2024-03-28,9,5,11,7,12,85.71,57.14,100.0,4.86,20.0,10.29,13.14,2.33,2.74,2.08,1.17
PIT,2024-03-28,10,13,8,15,11,86.67,86.67,90.91,14.93,12.33,2.33,16.07,3.09,1.06,2.18,3.64
PIT,2024-03-28,11,7,7,8,7,87.5,87.5,71.43,2.88,12.13,2.0,3.0,4.29,0.5,0.57,9.29
PIT,2024-03-28,12,7,8,7,9,57.14,57.14,77.78,25.57,15.29,5.77,30.0,2.44,1.0,0.0,10.67
PIT,2024-03-28,13,8,12,10,13,50.0,50.0,61.54,18.1,14.3,4.22,21.4,3.23,1.35,4.31,12.46
PIT,2024-03-28,14,9,4,9,4,77.78,77.78,50.0,11.22,12.0,1.83,11.78,8.5,0.25,2.25,32.25
PIT,2024-03-28,15,5,10,5,12,20.0,20.0,58.33,41.0,10.4,0.74,41.0,3.17,0.75,4.83,17.17
PIT,2024-03-28,16,10,7,11,10,81.82,81.82,70.0,4.36,14.91,4.29,6.09,2.6,1.12,3.5,9.7
PIT,2024-03-28,17,8,6,10,9,60.0,60.0,66.67,19.6,11.4,1.36,20.4,5.44,0.44,11.22,30.11
PIT,2024-03-28,18,9,10,10,13,80.0,80.0,76.92,26.1,12.0,2.26,28.1,1.69,3.12,4.38,11.15
PIT,2024-03-28,19,7,8,8,8,62.5,62.5,50.0,26.25,14.63,4.4,28.5,4.0,1.05,2.75,25.75
PIT,2024-03-28,20,5,15,5,17,40.0,40.0,76.47,26.8,9.8,1.12,27.0,2.29,2.15,2.41,11.35
PIT,2024-03-28,21,6,6,8,6,62.5,62.5,50.0,33.38,9.88,0.88,33.5,1.17,2.65,0.5,37.5
PIT,2024-03-28,22,0,7,4,7,75.0,75.0,57.14,10.75,10.0,0.1,10.75,1.86,0.34,0.71,43.86
PIT,2024-03-28,23,0,14,0,14,0.0,0.0,71.43,0.0,0.0,0.0,0.0,1.79,1.21,1.71,62.0
PIT,2024-03-29,0,0,5,0,5,0.0,0.0,60.0,0.0,0.0,0.0,0.0,0.2,0.48,0.0,29.6
PIT,2024-03-29,1,0,1,0,2,0.0,0.0,100.0,0.0,0.0,0.0,0.0,2.0,0.25,2.0,2.0
PIT,2024-03-29,4,0,0,0,1,0.0,0.0,0.0,0.0,0.0,0.0,0.0,0.0,1.5,0.0,22.0
PIT,2024-03-29,5,10,1,11,4,90.91,90.91,75.0,19.18,10.64,1.14,19.73,0.0,4.5,1.25,10.5
PIT,2024-03-29,6,18,0,19,1,89.47,89.47,0.0,32.16,11.95,1.45,32.16,5.0,0.5,10.0,80.0
PIT,2024-03-29,7,8,2,11,3,81.82,72.73,33.33,3.09,17.82,7.37,8.45,0.33,2.17,4.0,24.0
PIT,2024-03-29,8,8,4,12,4,91.67,91.67,100.0,3.75,11.58,1.64,4.5,1.75,4.25,11.5,6.25
PIT,2024-03-29,9,8,11,8,11,100.0,87.5,100.0,3.0,15.38,5.3,6.5,1.45,1.76,1.27,1.0
PIT,2024-03-29,10,13,8,15,8,93.33,93.33,87.5,3.13,12.27,2.67,4.27,1.25,0.68,1.63,2.88
PIT,2024-03-29,11,7,8,7,8,85.71,85.71,75.0,2.71,10.86,0.66,2.71,3.63,1.06,2.13,28.75
PIT,2024-03-29,12,8,8,8,11,62.5,62.5,81.82,46.0,12.63,3.02,48.25,2.0,0.78,2.36,8.36
PIT,2024-03-29,13,8,9,11,12,81.82,81.82,100.0,5.0,12.36,2.25,5.91,2.5,1.74,2.5,1.67
PIT,2024-03-29,14,7,3,11,3,72.73,63.64,66.67,22.09,11.73,1.84,23.27,2.0,0.0,9.0,11.67
PIT,2024-03-29,15,3,11,3,12,33.33,66.67,75.0,18.33,10.33,1.27,18.67,1.75,1.02,3.42,8.33
PIT,2024-03-29,16,11,8,11,10,90.91,90.91,60.0,2.27,15.18,4.53,4.73,1.5,4.12,2.8,23.8
PIT,2024-03-29,17,9,6,9,9,77.78,77.78,77.78,13.11,12.67,2.56,14.22,3.78,1.02,4.22,9.78
PIT,2024-03-29,18,9,11,12,13,83.33,83.33,69.23,8.92,11.42,1.62,9.42,0.85,3.05,4.92,31.08
PIT,2024-03-29,19,8,7,9,7,66.67,44.44,85.71,46.78,16.22,5.96,51.22,0.86,0.99,0.71,10.29
PIT,2024-03-29,20,6,16,6,18,66.67,66.67,72.22,44.17,9.5,0.73,44.33,1.33,2.88,4.39,18.33
PIT,2024-03-29,21,7,7,10,7,50.0,50.0,85.71,25.6,13.0,3.26,28.1,2.43,2.5,0.86,10.29
PIT,2024-03-29,22,1,10,1,11,0.0,0.0,90.91,57.0,9.0,0.0,55.0,1.73,1.33,1.36,9.64
PIT,2024-03-29,23,1,13,1,13,0.0,0.0,84.62,67.0,18.0,7.4,74.0,1.31,0.75,0.69,31.46
PIT,2024-03-30,0,0,7,0,6,0.0,0.0,50.0,0.0,0.0,0.0,0.0,1.0,0.62,1.33,24.83
PIT,2024-03-30,1,0,0,0,1,0.0,0.0,100.0,0.0,0.0,0.0,0.0,4.0,0.0,0.0,0.0
PIT,2024-03-30,2,0,0,0,0,0.0,0.0,0.0,0.0,0.0,0.0,0.0,0.0,0.0,0.0,0.0
PIT,2024-03-30,5,8,1,8,2,87.5,87.5,100.0,2.0,10.75,1.45,2.38,0.0,2.0,0.0,4.0
PIT,2024-03-30,6,15,0,16,1,93.75,81.25,100.0,2.0,18.0,7.39,6.69,0.0,1.5,0.0,0.0
PIT,2024-03-30,7,6,3,9,4,100.0,100.0,100.0,1.22,11.33,0.87,1.44,0.75,3.25,2.75,0.0
PIT,2024-03-30,8,12,3,14,3,92.86,92.86,100.0,2.0,10.71,0.6,2.14,0.0,0.17,4.33,0.0
PIT,2024-03-30,9,5,3,5,3,80.0,80.0,100.0,3.0,13.6,3.92,3.2,0.33,0.8,5.33,3.0
PIT,2024-03-30,10,3,5,3,7,100.0,100.0,71.43,0.0,10.67,0.07,0.0,0.43,1.27,4.86,12.57
PIT,2024-03-30,11,7,9,9,10,77.78,77.78,90.0,8.11,10.89,1.11,8.56,0.8,0.97,0.0,1.7
PIT,2024-03-30,12,6,4,6,6,100.0,100.0,83.33,0.33,12.0,1.93,1.33,2.83,0.7,3.17,10.0
PIT,2024-03-30,13,8,8,9,8,88.89,88.89,87.5,4.22,11.0,1.49,4.44,4.63,3.54,2.88,3.38
PIT,2024-03-30,14,4,4,4,6,100.0,100.0,33.33,0.0,10.25,0.85,0.5,4.33,5.78,12.33,17.17
PIT,2024-03-30,15,5,10,5,11,60.0,60.0,81.82,8.0,13.4,2.54,9.4,3.64,0.71,3.64,10.55
PIT,2024-03-30,16,10,9,12,13,100.0,100.0,76.92,0.92,12.17,2.2,2.25,4.15,0.84,1.85,21.46
PIT,2024-03-30,17,9,6,10,8,50.0,50.0,62.5,32.0,10.2,0.64,31.8,4.38,0.68,8.75,24.25
PIT,2024-03-30,18,8,10,10,11,80.0,80.0,81.82,13.1,10.4,0.8,12.5,0.91,3.64,2.45,4.45
PIT,2024-03-30,19,5,5,5,5,100.0,80.0,100.0,2.2,13.8,3.38,5.0,2.8,1.58,1.8,1.8
PIT,2024-03-30,20,4,9,4,9,50.0,50.0,88.89,17.25,9.0,0.0,16.5,3.33,0.78,0.11,4.89
PIT,2024-03-30,21,3,6,3,7,33.33,33.33,71.43,12.0,9.0,0.0,11.0,1.86,6.0,4.29,5.0
PIT,2024-03-30,22,1,8,1,9,0.0,0.0,88.89,21.0,9.0,0.0,19.0,1.0,1.14,1.44,1.67
PIT,2024-03-30,23,0,9,1,9,100.0,100.0,77.78,0.0,10.0,0.0,0.0,1.78,2.88,0.44,6.89
PIT,2024-03-31,0,0,7,0,7,0.0,0.0,42.86,0.0,0.0,0.0,0.0,1.57,0.76,1.71,19.0
PIT,2024-03-31,1,0,2,0,0,0.0,0.0,0.0,0.0,0.0,0.0,0.0,0.0,0.0,0.0,0.0
PIT,2024-03-31,5,7,1,7,1,100.0,100.0,0.0,0.0,13.29,3.27,0.0,0.0,0.5,0.0,47.0
PIT,2024-03-31,6,17,0,17,0,88.24,88.24,0.0,7.35,12.53,2.17,7.94,0.0,0.0,0.0,0.0
PIT,2024-03-31,7,8,2,9,2,88.89,88.89,100.0,3.22,12.78,2.62,3.89,0.0,1.25,0.0,0.0
PIT,2024-03-31,8,10,1,12,1,100.0,100.0,100.0,0.92,12.83,2.55,2.08,0.0,2.5,0.0,0.0
PIT,2024-03-31,9,2,7,3,7,66.67,66.67,100.0,13.0,12.0,1.8,13.0,0.57,0.93,0.86,1.71
PIT,2024-03-31,10,10,8,12,8,91.67,91.67,87.5,2.25,10.42,0.9,2.0,3.5,1.77,0.0,4.38
PIT,2024-03-31,11,11,11,11,11,81.82,81.82,90.91,5.09,10.64,1.41,5.09,1.36,0.65,2.91,10.73
PIT,2024-03-31,12,7,6,7,6,85.71,85.71,100.0,15.86,10.14,0.89,15.57,2.17,0.87,2.67,0.5
PIT,2024-03-31,13,8,11,9,11,100.0,100.0,100.0,0.0,10.56,0.58,0.0,1.09,0.95,3.36,0.64
PIT,2024-03-31,14,9,3,9,5,100.0,100.0,40.0,1.89,10.44,0.62,1.67,1.0,0.44,4.0,13.0
PIT,2024-03-31,15,3,10,5,11,60.0,40.0,81.82,13.4,15.2,4.62,17.6,3.09,0.37,2.09,9.82
PIT,2024-03-31,16,10,8,12,10,83.33,83.33,90.0,4.0,14.75,4.16,5.08,3.9,1.57,1.4,3.8
PIT,2024-03-31,17,7,8,9,9,88.89,88.89,66.67,33.67,13.56,3.4,35.67,2.89,0.33,2.22,32.67
PIT,2024-03-31,18,8,8,9,11,77.78,66.67,54.55,12.56,11.89,2.04,13.33,2.73,1.04,5.91,12.73
PIT,2024-03-31,19,10,7,10,7,70.0,70.0,85.71,10.5,10.2,1.02,10.3,1.14,1.37,2.29,6.71
PIT,2024-03-31,20,3,10,3,11,66.67,66.67,90.91,10.33,9.33,0.47,9.33,2.27,0.49,2.91,5.36
PIT,2024-03-31,21,4,8,4,9,100.0,100.0,44.44,1.5,10.0,1.3,1.75,3.0,0.9,3.22,55.33
PIT,2024-03-31,22,1,5,1,6,0.0,0.0,100.0,157.0,10.0,0.0,156.0,1.17,1.13,0.0,1.0
PIT,2024-03-31,23,0,13,0,13,0.0,0.0,92.31,0.0,0.0,0.0,0.0,1.31,1.17,1.0,1.77
PIT,2024-04-01,0,0,5,0,7,0.0,0.0,57.14,0.0,0.0,0.0,0.0,0.43,7.86,7.86,14.14
PIT,2024-04-01,1,0,1,0,2,0.0,0.0,100.0,0.0,0.0,0.0,0.0,1.0,0.0,0.0,0.0
PIT,2024-04-01,3,0,0,0,0,0.0,0.0,0.0,0.0,0.0,0.0,0.0,0.0,0.0,0.0,0.0
PIT,2024-04-01,5,10,1,10,1,100.0,100.0,100.0,0.0,10.5,1.01,0.4,0.0,3.5,0.0,0.0
PIT,2024-04-01,6,18,0,18,0,88.89,88.89,0.0,4.67,12.0,1.53,4.5,0.0,0.0,0.0,0.0
PIT,2024-04-01,7,8,2,8,3,100.0,100.0,66.67,1.75,11.63,1.24,2.13,5.0,0.67,14.0,47.33
PIT,2024-04-01,8,9,5,12,7,66.67,66.67,57.14,17.5,13.25,2.68,19.5,6.86,2.0,13.71,15.57
PIT,2024-04-01,9,7,11,8,11,75.0,62.5,81.82,9.38,16.75,6.4,14.25,1.0,1.08,1.36,9.27
PIT,2024-04-01,10,12,8,14,8,78.57,78.57,87.5,9.21,12.86,2.6,10.36,4.0,2.23,2.63,4.63
PIT,2024-04-01,11,9,8,9,8,66.67,77.78,87.5,7.78,10.22,0.62,7.56,6.0,1.06,3.63,4.75
PIT,2024-04-01,12,9,7,10,12,100.0,100.0,66.67,1.1,11.5,1.98,2.3,3.92,0.29,5.0,18.08
PIT,2024-04-01,13,6,9,8,9,75.0,75.0,88.89,8.38,11.25,1.08,9.13,5.0,0.66,4.11,7.33
PIT,2024-04-01,14,7,3,9,5,66.67,77.78,80.0,10.22,11.22,1.78,10.0,2.6,0.7,5.0,7.6
PIT,2024-04-01,15,3,12,4,13,100.0,100.0,84.62,0.5,9.5,0.6,0.25,3.69,1.0,4.92,7.23
PIT,2024-04-01,16,12,8,12,12,91.67,83.33,75.0,4.5,15.25,5.17,8.42,1.33,3.67,1.75,11.92
PIT,2024-04-01,17,8,7,8,9,62.5,62.5,77.78,44.0,9.88,0.58,43.75,3.78,0.89,2.0,5.33
PIT,2024-04-01,18,11,11,14,11,64.29,64.29,90.91,18.07,12.5,2.41,19.64,2.55,0.87,2.73,4.82
PIT,2024-04-01,19,7,6,7,7,100.0,100.0,57.14,0.0,11.57,1.11,0.0,2.43,0.84,13.14,33.57
PIT,2024-04-01,20,5,17,4,17,75.0,75.0,64.71,10.75,10.0,1.2,11.25,2.76,3.25,3.0,22.41
PIT,2024-04-01,21,8,7,10,8,60.0,50.0,100.0,11.5,12.0,2.42,12.3,5.5,1.64,1.0,0.88
PIT,2024-04-01,22,1,7,4,8,75.0,75.0,75.0,6.75,19.0,8.8,14.0,3.75,1.16,3.63,9.5
PIT,2024-04-01,23,0,15,0,15,0.0,0.0,60.0,0.0,0.0,0.0,0.0,2.2,4.72,2.87,10.2
PIT,2024-04-02,0,0,5,0,5,0.0,0.0,80.0,0.0,0.0,0.0,0.0,0.0,5.7,1.2,9.4
PIT,2024-04-02,1,0,0,0,1,0.0,0.0,100.0,0.0,0.0,0.0,0.0,0.0,0.7,0.0,0.0
PIT,2024-04-02,4,0,0,0,1,0.0,0.0,100.0,0.0,0.0,0.0,0.0,16.0,0.0,10.0,1.0
PIT,2024-04-02,5,8,1,9,4,88.89,88.89,25.0,4.78,10.56,0.56,5.0,0.5,1.13,1.75,32.75
PIT,2024-04-02,6,18,0,18,1,94.44,94.44,0.0,2.17,12.72,2.09,2.44,14.0,1.5,16.0,28.0
PIT,2024-04-02,7,8,3,10,3,90.0,90.0,66.67,17.0,16.5,6.11,21.3,1.0,0.83,2.33,11.33
PIT,2024-04-02,8,12,5,15,5,80.0,80.0,40.0,9.87,14.67,4.33,11.93,5.8,14.6,19.6,23.2
PIT,2024-04-02,9,5,7,7,7,28.57,28.57,14.29,32.0,11.86,1.51,32.57,30.57,1.34,30.0,31.14
PIT,2024-04-02,10,6,10,6,10,33.33,33.33,70.0,15.67,17.5,6.95,22.5,6.2,2.05,5.1,30.0
PIT,2024-04-02,11,11,7,12,8,50.0,50.0,50.0,29.83,12.17,2.39,30.5,4.38,1.25,6.5,24.75
PIT,2024-04-02,12,7,5,8,6,75.0,75.0,66.67,69.5,13.25,2.75,71.75,4.33,1.28,6.5,10.0
PIT,2024-04-02,13,6,6,8,7,87.5,87.5,57.14,6.0,13.25,3.38,8.0,3.57,0.2,2.86,65.0
PIT,2024-04-02,14,4,5,5,7,80.0,80.0,85.71,47.2,17.2,6.28,52.2,1.14,0.43,0.0,5.0
PIT,2024-04-02,15,6,13,6,12,83.33,66.67,83.33,9.17,11.67,2.48,11.5,4.92,0.59,2.58,10.17
PIT,2024-04-02,16,12,8,14,11,71.43,64.29,90.91,13.79,14.57,4.33,17.29,2.0,3.09,5.09,7.64
PIT,2024-04-02,17,8,7,11,9,72.73,63.64,88.89,10.45,12.73,2.84,11.91,3.33,1.11,1.22,4.78
PIT,2024-04-02,18,9,9,9,11,77.78,66.67,54.55,8.0,15.33,5.09,11.67,3.09,0.83,4.09,19.09
PIT,2024-04-02,19,7,4,7,8,57.14,57.14,37.5,18.86,12.57,2.8,20.57,5.0,1.74,12.13,23.63
PIT,2024-04-02,20,2,10,5,12,40.0,20.0,91.67,24.0,16.8,6.44,30.0,2.42,1.16,1.58,3.67
PIT,2024-04-02,21,2,8,4,9,50.0,50.0,55.56,15.25,12.25,2.55,15.5,6.56,12.16,10.11,35.22
PIT,2024-04-02,22,1,7,3,9,66.67,66.67,55.56,18.67,9.67,0.13,18.0,4.33,3.46,4.22,16.44
PIT,2024-04-02,23,0,12,0,13,0.0,0.0,53.85,0.0,0.0,0.0,0.0,3.38,2.05,1.92,39.62
PIT,2024-04-03,0,0,4,0,5,0.0,0.0,100.0,0.0,0.0,0.0,0.0,2.6,1.7,4.8,4.4
PIT,2024-04-03,1,0,0,0,0,0.0,0.0,0.0,0.0,0.0,0.0,0.0,0.0,0.0,0.0,0.0
PIT,2024-04-03,2,0,0,0,0,0.0,0.0,0.0,0.0,0.0,0.0,0.0,0.0,0.0,0.0,0.0
PIT,2024-04-03,4,0,0,0,1,0.0,0.0,100.0,0.0,0.0,0.0,0.0,7.0,0.0,0.0,0.0
PIT,2024-04-03,5,8,1,8,4,87.5,87.5,75.0,2.0,11.88,1.95,3.38,0.0,1.25,1.25,20.5
PIT,2024-04-03,6,18,0,19,0,89.47,84.21,0.0,5.11,12.47,2.25,5.95,0.0,0.0,0.0,0.0
PIT,2024-04-03,7,8,3,11,4,81.82,72.73,50.0,7.09,14.27,3.89,9.64,4.0,0.5,6.25,71.75
PIT,2024-04-03,8,12,4,16,4,75.0,75.0,75.0,11.44,12.88,3.09,13.75,3.5,0.5,3.75,29.75
PIT,2024-04-03,9,3,7,3,7,66.67,66.67,71.43,35.33,19.0,8.4,40.33,4.57,0.84,4.14,19.0
PIT,2024-04-03,10,9,10,10,9,80.0,70.0,100.0,11.1,13.8,3.46,14.0,4.11,1.44,1.0,0.78
PIT,2024-04-03,11,11,7,11,9,72.73,72.73,55.56,59.09,13.36,3.43,61.18,4.11,1.22,5.78,22.56
PIT,2024-04-03,12,6,4,6,5,83.33,83.33,100.0,14.17,13.17,3.3,16.83,4.4,1.08,9.4,6.2
PIT,2024-04-03,13,5,6,8,8,62.5,62.5,50.0,34.75,13.5,3.95,37.0,4.75,0.94,7.63,30.5
PIT,2024-04-03,14,5,5,7,8,71.43,57.14,62.5,41.14,15.0,5.03,46.0,5.0,1.16,6.0,21.0
PIT,2024-04-03,15,6,13,8,14,50.0,50.0,71.43,65.88,13.75,3.77,69.13,4.57,1.0,9.79,17.57
PIT,2024-04-03,16,10,8,10,18,80.0,70.0,38.89,127.1,14.9,4.06,130.2,22.39,0.84,23.78,45.39
PIT,2024-04-03,17,8,7,11,14,54.55,54.55,50.0,34.27,13.0,2.83,36.09,7.21,0.68,15.71,54.5
PIT,2024-04-03,18,8,9,9,12,77.78,77.78,58.33,108.89,11.44,1.64,109.78,5.58,5.86,16.25,18.08
PIT,2024-04-03,19,7,4,9,4,44.44,44.44,50.0,57.11,12.33,2.49,58.56,0.5,0.5,0.0,28.75
PIT,2024-04-03,20,3,12,3,11,66.67,66.67,45.45,69.67,11.0,1.13,70.33,0.91,1.82,7.36,30.73
PIT,2024-04-03,21,4,8,8,6,50.0,50.0,50.0,17.5,14.75,4.48,19.63,2.0,7.18,19.5,22.33
PIT,2024-04-03,22,1,7,2,8,100.0,100.0,50.0,0.0,11.5,0.9,0.0,10.38,3.15,14.5,52.75
PIT,2024-04-03,23,0,13,3,11,33.33,33.33,63.64,25.0,21.0,10.37,35.0,1.73,4.13,2.27,35.73
PIT,2024-04-04,0,0,4,0,4,0.0,0.0,25.0,0.0,0.0,0.0,0.0,1.0,2.0,2.0,53.0
PIT,2024-04-04,1,0,1,1,1,100.0,100.0,100.0,0.0,13.0,2.4,2.0,4.0,1.5,4.0,0.0
PIT,2024-04-04,2,0,0,0,0,0.0,0.0,0.0,0.0,0.0,0.0,0.0,0.0,0.0,0.0,0.0
PIT,2024-04-04,4,0,0,0,1,0.0,0.0,100.0,0.0,0.0,0.0,0.0,3.0,0.0,0.0,0.0
PIT,2024-04-04,5,8,1,8,3,100.0,100.0,66.67,0.25,11.88,2.17,0.5,0.0,3.5,1.33,18.33
PIT,2024-04-04,6,18,0,18,0,88.89,88.89,0.0,4.56,12.61,1.81,5.56,0.0,0.0,0.0,0.0
PIT,2024-04-04,7,10,2,13,2,61.54,61.54,50.0,38.08,13.15,2.48,39.77,0.5,1.0,5.0,16.0
PIT,2024-04-04,8,9,5,11,6,72.73,72.73,100.0,7.0,12.36,2.01,8.36,0.5,0.73,2.83,1.5
PIT,2024-04-04,9,7,9,8,9,62.5,75.0,88.89,6.38,12.13,2.23,7.0,1.11,0.79,0.0,18.56
PIT,2024-04-04,10,10,7,10,5,90.0,80.0,80.0,17.4,17.8,7.76,24.4,2.2,1.88,2.2,31.0
PIT,2024-04-04,11,9,6,9,6,77.78,66.67,100.0,15.56,15.67,5.12,19.44,4.0,0.42,0.0,0.0
PIT,2024-04-04,12,7,8,8,9,87.5,87.5,77.78,10.63,10.5,0.83,11.13,1.89,0.7,5.67,7.56
PIT,2024-04-04,13,8,12,10,15,80.0,70.0,73.33,10.7,13.8,3.9,13.1,2.47,0.93,2.73,27.27
PIT,2024-04-04,14,7,5,8,5,75.0,62.5,80.0,14.88,13.5,3.3,17.5,1.6,3.04,2.2,8.8
PIT,2024-04-04,15,6,10,8,10,37.5,37.5,80.0,16.63,10.75,0.94,17.0,3.6,0.75,5.7,47.9
PIT,2024-04-04,16,10,6,11,9,45.45,36.36,33.33,55.64,13.73,3.48,58.18,1.33,0.83,2.33,41.22
PIT,2024-04-04,17,7,8,8,10,50.0,37.5,70.0,33.13,14.5,4.47,37.25,1.9,2.03,2.7,12.9
PIT,2024-04-04,18,10,10,11,12,63.64,63.64,75.0,12.91,11.36,1.96,13.0,0.92,2.44,2.83,9.83
PIT,2024-04-04,19,7,7,7,7,85.71,85.71,100.0,17.57,14.43,3.97,18.57,0.0,0.36,0.57,1.14
PIT,2024-04-04,20,4,14,4,17,75.0,75.0,58.82,4.0,13.75,4.65,7.25,2.41,1.06,3.59,21.06
PIT,2024-04-04,21,7,7,9,7,100.0,88.89,28.57,1.22,13.22,3.98,4.44,3.14,2.94,4.14,61.0
PIT,2024-04-04,22,0,7,2,7,50.0,50.0,85.71,14.5,11.0,0.7,15.0,2.43,0.89,0.86,4.86
PIT,2024-04-04,23,0,15,0,16,0.0,0.0,68.75,0.0,0.0,0.0,0.0,0.75,0.99,2.06,14.88
PIT,2024-04-05,0,0,4,0,4,0.0,0.0,100.0,0.0,0.0,0.0,0.0,0.0,1.85,1.0,5.25
PIT,2024-04-05,1,0,1,0,1,0.0,0.0,0.0,0.0,0.0,0.0,0.0,1.0,0.0,1.0,61.0
PIT,2024-04-05,4,0,0,0,0,0.0,0.0,0.0,0.0,0.0,0.0,0.0,0.0,0.0,0.0,0.0
PIT,2024-04-05,5,8,1,8,1,100.0,100.0,100.0,1.0,11.38,1.61,1.25,0.0,1.5,0.0,0.0
PIT,2024-04-05,6,20,0,20,0,95.0,95.0,0.0,30.0,12.65,2.26,30.75,0.0,0.0,0.0,0.0
PIT,2024-04-05,7,9,2,12,3,75.0,75.0,66.67,9.58,12.17,2.18,10.58,2.0,0.5,3.33,30.67
PIT,2024-04-05,8,9,6,10,7,90.0,90.0,100.0,13.8,15.8,5.14,15.4,2.43,0.93,7.0,2.29
PIT,2024-04-05,9,8,10,10,10,80.0,60.0,80.0,3.7,25.5,15.03,16.6,0.9,1.31,1.9,6.8
PIT,2024-04-05,10,9,7,12,6,91.67,91.67,83.33,5.33,13.08,3.3,7.08,1.67,1.27,2.67,13.0
PIT,2024-04-05,11,10,7,9,9,66.67,55.56,88.89,17.33,16.33,5.81,21.56,3.56,1.33,3.22,17.22
PIT,2024-04-05,12,8,9,11,9,81.82,63.64,66.67,11.64,17.18,7.21,18.45,2.11,2.58,12.11,16.11
PIT,2024-04-05,13,8,9,8,11,75.0,62.5,72.73,29.63,18.75,8.44,35.75,2.27,1.0,0.64,34.64
PIT,2024-04-05,14,5,4,6,6,33.33,33.33,83.33,101.5,19.0,10.17,108.5,1.0,0.98,5.0,4.5
PIT,2024-04-05,15,5,11,5,11,40.0,40.0,63.64,24.0,15.0,5.84,27.8,0.64,1.14,2.64,30.45
PIT,2024-04-05,16,11,7,12,8,75.0,58.33,50.0,13.75,19.67,9.43,21.58,2.13,4.21,4.13,18.75
PIT,2024-04-05,17,8,8,7,11,85.71,71.43,54.55,2.86,16.43,6.63,7.86,2.55,2.2,4.18,19.91
PIT,2024-04-05,18,10,12,13,13,69.23,53.85,61.54,18.54,19.31,9.34,25.77,0.92,2.29,2.15,19.54
PIT,2024-04-05,19,9,6,9,7,44.44,22.22,85.71,21.67,28.22,17.86,34.89,2.14,3.04,5.14,8.86
PIT,2024-04-05,20,5,15,6,15,50.0,33.33,60.0,24.5,16.17,6.83,31.0,2.4,1.29,3.47,25.73
PIT,2024-04-05,21,8,8,11,8,72.73,63.64,87.5,20.91,13.18,3.59,23.0,1.38,4.83,0.75,10.75
PIT,2024-04-05,22,1,6,1,6,100.0,100.0,100.0,0.0,35.0,24.4,8.0,2.33,1.67,0.5,4.0
PIT,2024-04-05,23,0,18,0,18,0.0,0.0,72.22,0.0,0.0,0.0,0.0,1.06,1.39,0.28,11.22
PIT,2024-04-06,0,0,6,0,4,0.0,0.0,75.0,0.0,0.0,0.0,0.0,0.5,0.35,0.0,8.75
PIT,2024-04-06,1,0,0,0,1,0.0,0.0,100.0,0.0,0.0,0.0,0.0,0.0,1.7,0.0,0.0
PIT,2024-04-06,4,0,0,0,1,0.0,0.0,100.0,0.0,0.0,0.0,0.0,0.0,0.0,0.0,11.0
PIT,2024-04-06,5,8,1,9,2,100.0,88.89,100.0,0.56,13.44,3.89,3.89,0.0,4.5,0.0,2.0
PIT,2024-04-06,6,15,0,17,1,94.12,94.12,100.0,2.47,10.76,0.69,2.47,0.0,3.5,0.0,0.0
PIT,2024-04-06,7,7,3,9,3,100.0,88.89,33.33,1.11,13.44,2.91,3.11,0.33,1.33,1.67,19.67
PIT,2024-04-06,8,12,4,14,5,78.57,71.43,80.0,8.93,13.36,2.97,10.93,2.2,7.38,7.0,6.2
PIT,2024-04-06,9,6,4,6,4,100.0,83.33,100.0,1.83,17.33,7.18,6.83,0.5,0.13,5.5,6.25
PIT,2024-04-06,10,4,5,4,5,100.0,100.0,80.0,0.0,10.25,0.95,0.0,2.2,0.72,0.6,4.8
PIT,2024-04-06,11,9,8,9,10,100.0,100.0,80.0,1.67,10.44,0.64,2.0,2.2,0.12,3.6,4.9
PIT,2024-04-06,12,6,6,9,6,77.78,77.78,100.0,6.89,10.0,0.36,6.67,0.5,0.82,0.5,0.0
PIT,2024-04-06,13,7,9,7,9,71.43,71.43,66.67,5.86,10.43,1.2,5.71,2.22,2.01,4.78,16.67
PIT,2024-04-06,14,4,3,4,4,75.0,75.0,50.0,23.75,12.75,3.7,25.25,2.25,2.42,7.0,10.5
PIT,2024-04-06,15,5,10,6,11,83.33,83.33,90.91,7.83,12.5,2.1,9.0,2.82,2.22,0.45,1.55
PIT,2024-04-06,16,9,6,10,9,90.0,90.0,77.78,3.2,12.0,1.89,4.2,1.33,2.32,3.22,18.78
PIT,2024-04-06,17,9,10,9,12,77.78,77.78,91.67,5.11,10.33,0.8,5.11,0.83,1.22,0.42,6.58
PIT,2024-04-06,18,10,8,13,12,92.31,92.31,91.67,5.85,10.31,0.67,5.92,1.75,2.29,3.08,3.25
PIT,2024-04-06,19,3,5,5,6,60.0,60.0,83.33,17.0,11.6,2.04,17.8,0.5,1.23,0.0,3.33
PIT,2024-04-06,20,3,9,3,9,100.0,100.0,77.78,4.33,9.0,0.47,3.67,1.56,1.4,0.0,9.44
PIT,2024-04-06,21,4,6,4,6,100.0,100.0,66.67,0.25,12.75,2.8,0.75,1.0,2.27,1.67,25.83
PIT,2024-04-06,22,1,8,1,8,0.0,0.0,87.5,171.0,11.0,0.4,171.0,1.5,1.89,0.75,5.25
PIT,2024-04-06,23,0,11,0,11,0.0,0.0,72.73,0.0,0.0,0.0,0.0,0.82,1.97,2.09,11.0
PIT,2024-04-07,0,0,6,0,6,0.0,0.0,83.33,0.0,0.0,0.0,0.0,0.67,5.68,2.67,6.17
PIT,2024-04-07,1,0,2,0,1,0.0,0.0,100.0,0.0,0.0,0.0,0.0,0.0,0.0,0.0,5.0
PIT,2024-04-07,5,7,1,7,1,85.71,85.71,100.0,7.14,15.86,6.0,11.0,0.0,27.5,9.0,10.0
PIT,2024-04-07,6,18,0,18,0,88.89,55.56,0.0,6.83,24.83,13.84,16.78,0.0,0.0,0.0,0.0
PIT,2024-04-07,7,8,2,8,2,100.0,100.0,100.0,0.75,17.5,7.07,4.63,0.0,0.75,0.0,5.0
PIT,2024-04-07,8,9,2,9,2,100.0,88.89,100.0,0.56,15.78,5.57,3.89,0.0,0.0,0.0,0.0
PIT,2024-04-07,9,5,7,7,9,71.43,71.43,77.78,10.57,11.29,0.94,10.57,3.44,1.56,4.22,19.89
PIT,2024-04-07,10,9,6,9,6,88.89,88.89,100.0,10.78,11.0,0.98,10.78,2.67,2.1,1.33,1.17
PIT,2024-04-07,11,10,9,13,10,92.31,92.31,100.0,3.0,10.62,0.78,3.23,0.1,0.59,1.2,0.3
PIT,2024-04-07,12,6,7,6,9,100.0,100.0,77.78,1.17,9.17,0.13,0.67,1.44,0.6,2.22,11.44
PIT,2024-04-07,13,9,11,10,11,80.0,80.0,90.91,9.2,14.8,4.9,10.8,2.27,1.82,1.36,3.36
PIT,2024-04-07,14,7,4,8,4,75.0,75.0,100.0,6.63,10.25,1.45,6.25,0.25,0.63,0.25,0.5
PIT,2024-04-07,15,5,9,6,14,83.33,83.33,85.71,11.33,10.67,0.7,11.17,2.71,0.26,2.79,7.71
PIT,2024-04-07,16,9,7,12,10,83.33,83.33,60.0,8.5,11.42,1.32,9.5,2.3,1.22,1.5,23.3
PIT,2024-04-07,17,7,9,9,10,77.78,77.78,90.0,13.11,13.33,3.98,12.89,1.9,0.59,1.3,3.9
PIT,2024-04-07,18,8,8,10,9,70.0,80.0,100.0,9.6,10.2,0.92,9.5,1.22,2.3,1.11,2.33
PIT,2024-04-07,19,10,7,10,7,60.0,70.0,42.86,13.1,12.2,3.03,14.9,0.71,0.96,0.29,25.14
PIT,2024-04-07,20,3,11,2,12,50.0,100.0,83.33,7.5,10.5,1.2,7.0,0.92,1.79,1.33,16.5
PIT,2024-04-07,21,4,9,5,9,80.0,80.0,77.78,7.8,9.0,0.24,7.4,1.67,1.41,0.56,7.89
PIT,2024-04-07,22,1,5,1,5,0.0,0.0,80.0,23.0,9.0,0.0,21.0,0.8,0.66,0.8,3.8
PIT,2024-04-07,23,0,13,0,13,0.0,0.0,84.62,0.0,0.0,0.0,0.0,1.31,1.11,1.46,10.85
PIT,2024-04-08,0,0,4,0,6,0.0,0.0,50.0,0.0,0.0,0.0,0.0,0.0,4.72,7.67,13.83
PIT,2024-04-08,1,0,1,0,2,0.0,0.0,50.0,0.0,0.0,0.0,0.0,0.5,2.7,7.0,18.5
PIT,2024-04-08,5,8,1,8,1,87.5,87.5,100.0,9.0,12.75,3.57,10.75,0.0,3.5,0.0,0.0
PIT,2024-04-08,6,20,0,20,0,90.0,90.0,0.0,7.75,13.05,2.62,8.45,0.0,0.0,0.0,0.0
PIT,2024-04-08,7,9,2,9,4,100.0,100.0,25.0,0.11,10.67,0.84,0.22,6.25,0.75,9.25,18.0
PIT,2024-04-08,8,9,6,11,6,81.82,81.82,83.33,10.0,13.82,3.43,12.45,4.5,1.32,9.67,10.0
PIT,2024-04-08,9,8,10,11,11,90.91,90.91,90.91,4.36,13.09,2.64,5.45,2.64,3.73,4.64,3.55
PIT,2024-04-08,10,9,7,9,9,100.0,100.0,88.89,0.78,13.67,3.53,2.0,3.22,4.67,3.67,4.0
PIT,2024-04-08,11,10,7,11,7,72.73,72.73,85.71,11.09,12.55,2.3,12.0,3.29,2.79,0.43,2.57
PIT,2024-04-08,12,8,9,8,12,87.5,87.5,91.67,2.75,10.88,1.04,3.5,1.25,2.99,3.92,6.17
PIT,2024-04-08,13,8,9,9,11,88.89,88.89,81.82,6.44,15.22,4.53,8.0,4.18,2.87,5.45,9.09
PIT,2024-04-08,14,5,4,8,5,75.0,75.0,100.0,6.38,15.75,5.47,9.5,0.4,0.24,0.2,0.0
PIT,2024-04-08,15,5,11,7,11,100.0,85.71,81.82,1.57,12.86,2.73,2.57,3.09,1.08,2.82,8.09
PIT,2024-04-08,16,11,7,12,9,75.0,75.0,88.89,14.83,14.67,3.68,16.75,1.44,1.41,2.22,6.67
PIT,2024-04-08,17,8,8,9,11,88.89,88.89,72.73,4.0,17.11,7.02,7.44,1.45,1.12,2.27,11.45
PIT,2024-04-08,18,11,12,13,12,76.92,76.92,66.67,23.15,12.54,2.16,23.85,0.33,2.63,2.25,28.08
PIT,2024-04-08,19,8,6,9,9,44.44,33.33,66.67,17.22,15.89,5.28,21.44,2.0,2.4,5.44,13.89
PIT,2024-04-08,20,5,15,5,17,60.0,60.0,76.47,30.2,12.0,2.6,31.6,1.12,1.65,3.82,19.06
PIT,2024-04-08,21,8,8,11,8,72.73,72.73,87.5,20.55,13.64,3.76,21.91,0.75,1.71,0.0,10.38
PIT,2024-04-08,22,1,6,3,6,100.0,100.0,66.67,0.0,14.33,3.73,0.0,1.17,0.43,2.33,13.67
PIT,2024-04-08,23,0,18,0,18,0.0,0.0,88.89,0.0,0.0,0.0,0.0,1.28,2.98,0.56,3.89
PIT,2024-04-09,0,0,1,0,6,0.0,0.0,83.33,0.0,0.0,0.0,0.0,1.33,2.18,0.5,6.83
PIT,2024-04-09,1,0,0,1,1,100.0,100.0,0.0,0.0,10.0,0.0,0.0,3.0,0.0,0.0,138.0
PIT,2024-04-09,3,0,0,0,0,0.0,0.0,0.0,0.0,0.0,0.0,0.0,0.0,0.0,0.0,0.0
PIT,2024-04-09,4,0,0,1,1,100.0,100.0,100.0,0.0,10.0,0.0,0.0,0.0,3.5,0.0,0.0
PIT,2024-04-09,5,6,1,7,5,100.0,100.0,40.0,0.0,15.71,5.41,2.0,0.8,6.7,5.0,23.2
PIT,2024-04-09,6,17,0,17,0,88.24,88.24,0.0,12.0,16.29,5.04,13.59,0.0,0.0,0.0,0.0
PIT,2024-04-09,7,9,3,12,3,75.0,75.0,100.0,11.33,13.25,2.77,13.17,0.0,3.83,1.67,4.33
PIT,2024-04-09,8,13,6,18,6,88.89,83.33,100.0,5.89,16.06,5.78,9.11,2.17,1.45,2.83,1.83
PIT,2024-04-09,9,7,7,8,8,87.5,87.5,87.5,4.25,14.25,3.66,5.13,1.25,1.07,1.0,4.88
PIT,2024-04-09,10,6,7,8,8,100.0,100.0,75.0,0.13,14.13,3.48,1.88,2.38,1.89,3.13,7.88
PIT,2024-04-09,11,10,9,11,11,72.73,72.73,81.82,12.0,16.45,6.19,16.73,2.45,1.96,6.27,7.55
PIT,2024-04-09,12,8,5,9,6,88.89,77.78,100.0,4.11,15.89,5.66,6.78,2.33,1.62,0.0,0.0
PIT,2024-04-09,13,8,7,8,8,87.5,87.5,100.0,1.88,15.13,4.59,3.13,2.13,3.1,0.38,0.0
PIT,2024-04-09,14,3,4,4,4,75.0,75.0,100.0,4.75,12.0,1.9,6.25,0.75,1.35,3.0,2.75
PIT,2024-04-09,15,4,14,4,15,100.0,100.0,73.33,3.25,18.25,7.67,9.0,2.47,2.31,4.6,6.93
PIT,2024-04-09,16,13,6,15,11,80.0,66.67,72.73,7.0,16.27,5.57,10.6,1.91,1.95,1.64,11.27
PIT,2024-04-09,17,7,7,7,8,100.0,85.71,100.0,1.71,15.43,5.69,3.86,2.13,1.39,0.75,1.25
PIT,2024-04-09,18,7,9,10,15,90.0,90.0,60.0,3.7,12.9,2.14,4.9,1.53,1.25,5.0,20.33
PIT,2024-04-09,19,8,5,8,6,62.5,50.0,83.33,11.5,15.25,4.89,15.13,1.33,1.52,2.83,11.83
PIT,2024-04-09,20,3,7,4,9,50.0,50.0,77.78,14.75,11.5,2.2,16.75,1.89,0.41,4.89,8.22
PIT,2024-04-09,21,1,9,2,9,100.0,100.0,88.89,0.0,16.5,5.9,3.5,2.44,1.24,0.0,7.0
PIT,2024-04-09,22,1,13,3,13,100.0,100.0,84.62,0.0,15.33,4.93,0.0,4.62,1.87,1.23,12.0
PIT,2024-04-09,23,0,9,1,9,0.0,0.0,88.89,31.0,15.0,4.4,35.0,2.11,1.06,1.89,13.33
PIT,2024-04-10,0,0,3,0,1,0.0,0.0,100.0,0.0,0.0,0.0,0.0,3.0,1.5,0.0,0.0
PIT,2024-04-10,1,0,0,0,0,0.0,0.0,0.0,0.0,0.0,0.0,0.0,0.0,0.0,0.0,0.0
PIT,2024-04-10,4,0,0,0,1,0.0,0.0,100.0,0.0,0.0,0.0,0.0,0.0,5.5,1.0,0.0
PIT,2024-04-10,5,4,0,4,4,100.0,100.0,50.0,0.0,11.5,1.07,0.0,0.5,3.0,1.25,14.0
PIT,2024-04-10,6,17,0,18,0,88.89,88.89,0.0,5.72,15.67,4.56,7.72,0.0,0.0,0.0,0.0
PIT,2024-04-10,7,8,2,9,2,88.89,88.89,100.0,2.67,14.11,3.54,3.78,0.0,1.0,3.0,5.5
PIT,2024-04-10,8,13,4,19,5,73.68,73.68,60.0,10.68,15.53,5.09,13.58,1.0,1.64,3.6,11.6
PIT,2024-04-10,9,5,7,9,9,66.67,55.56,77.78,11.44,16.67,6.14,15.89,1.67,1.57,1.56,5.11
PIT,2024-04-10,10,8,7,9,8,88.89,77.78,87.5,3.0,15.11,5.11,5.56,3.0,4.89,5.5,8.25
PIT,2024-04-10,11,9,8,9,11,100.0,100.0,90.91,0.89,13.78,3.48,2.33,3.45,0.79,2.27,4.18
PIT,2024-04-10,12,7,5,9,5,100.0,100.0,100.0,0.0,12.67,2.71,1.0,2.8,1.02,0.0,0.0
PIT,2024-04-10,13,8,7,8,8,100.0,87.5,100.0,0.75,17.38,6.84,4.25,2.25,1.35,0.25,0.0
PIT,2024-04-10,14,3,4,5,7,60.0,60.0,71.43,23.8,14.4,4.08,25.2,1.0,1.34,5.43,8.14
PIT,2024-04-10,15,4,14,5,15,40.0,40.0,80.0,30.6,13.4,2.94,32.4,2.53,0.98,5.07,11.73
PIT,2024-04-10,16,12,6,12,9,100.0,91.67,66.67,2.83,15.92,5.28,5.17,1.0,0.77,1.22,13.56
PIT,2024-04-10,17,7,7,10,9,90.0,80.0,88.89,3.6,13.4,3.52,5.8,1.44,1.29,0.44,2.44
PIT,2024-04-10,18,7,8,9,11,88.89,88.89,72.73,3.78,12.22,1.48,4.22,1.91,1.89,6.09,25.0
PIT,2024-04-10,19,7,5,9,6,55.56,55.56,66.67,40.44,14.78,4.56,42.11,2.17,1.85,4.83,19.0
PIT,2024-04-10,20,4,9,5,11,60.0,40.0,54.55,13.6,12.6,2.92,16.2,4.0,2.98,3.18,14.55
PIT,2024-04-10,21,2,10,6,10,50.0,50.0,80.0,8.17,11.33,0.93,8.5,3.0,3.59,2.4,37.1
PIT,2024-04-10,22,0,11,2,11,100.0,100.0,72.73,0.0,11.0,0.4,0.0,4.27,2.74,1.09,20.91
PIT,2024-04-10,23,0,10,0,10,0.0,0.0,70.0,0.0,0.0,0.0,0.0,2.7,2.78,0.0,16.1
PIT,2024-04-11,0,0,2,0,3,0.0,0.0,100.0,0.0,0.0,0.0,0.0,0.0,2.8,0.0,0.0
PIT,2024-04-11,1,0,1,0,0,0.0,0.0,0.0,0.0,0.0,0.0,0.0,0.0,0.0,0.0,0.0
PIT,2024-04-11,4,0,1,0,1,0.0,0.0,100.0,0.0,0.0,0.0,0.0,1.0,3.5,0.0,0.0
PIT,2024-04-11,5,5,0,5,3,100.0,100.0,0.0,0.0,13.2,3.24,2.4,0.67,6.5,7.33,22.0
PIT,2024-04-11,6,20,0,21,0,100.0,100.0,0.0,0.1,15.48,4.9,2.86,0.0,0.0,0.0,0.0
PIT,2024-04-11,7,9,2,10,3,80.0,80.0,66.67,5.8,13.1,2.82,7.6,3.67,2.83,8.0,22.67
PIT,2024-04-11,8,11,3,14,3,78.57,78.57,66.67,10.43,11.86,1.75,11.5,6.67,2.47,9.67,11.0
PIT,2024-04-11,9,5,9,5,9,100.0,100.0,88.89,0.0,12.8,2.84,0.0,1.22,3.42,3.67,4.89
PIT,2024-04-11,10,9,8,9,10,100.0,100.0,70.0,1.22,12.89,2.49,1.22,4.3,3.09,4.4,11.6
PIT,2024-04-11,11,11,8,12,8,75.0,66.67,100.0,9.08,12.08,2.23,10.25,5.25,3.82,2.63,1.0
PIT,2024-04-11,12,6,6,8,7,75.0,75.0,57.14,8.0,12.63,2.55,9.0,1.0,5.97,4.14,21.29
PIT,2024-04-11,13,9,11,11,14,63.64,63.64,71.43,36.18,11.27,1.15,37.0,4.0,3.7,5.07,18.07
PIT,2024-04-11,14,7,4,7,3,85.71,85.71,33.33,8.0,13.0,2.91,9.86,7.33,3.17,0.0,43.33
PIT,2024-04-11,15,5,14,5,15,40.0,20.0,66.67,44.6,12.4,2.64,45.4,4.4,3.57,4.73,11.47
PIT,2024-04-11,16,13,5,16,5,68.75,68.75,100.0,13.63,13.75,3.26,15.69,5.2,3.14,3.2,2.0
PIT,2024-04-11,17,6,8,7,10,57.14,57.14,90.0,21.71,11.57,1.71,23.0,2.5,3.47,0.8,3.7
PIT,2024-04-11,18,8,8,9,9,77.78,77.78,55.56,6.22,16.67,5.94,10.78,5.44,4.76,9.44,12.89
PIT,2024-04-11,19,8,7,8,7,62.5,50.0,42.86,23.13,14.0,4.07,26.0,4.29,4.26,9.71,62.29
PIT,2024-04-11,20,4,8,4,9,25.0,0.0,44.44,57.25,11.25,2.3,59.0,4.67,4.73,8.11,38.89
PIT,2024-04-11,21,2,9,4,9,50.0,50.0,22.22,32.0,14.25,4.3,35.25,4.22,6.47,2.33,40.56
PIT,2024-04-11,22,1,14,4,14,50.0,50.0,50.0,15.75,15.0,4.4,18.5,3.36,6.01,4.07,33.79
PIT,2024-04-11,23,0,11,0,12,0.0,0.0,58.33,0.0,0.0,0.0,0.0,4.33,3.65,3.58,30.83
PIT,2024-04-12,0,0,3,0,2,0.0,0.0,0.0,0.0,0.0,0.0,0.0,1.0,4.55,0.0,52.5
PIT,2024-04-12,1,0,1,0,2,0.0,0.0,100.0,0.0,0.0,0.0,0.0,0.0,4.5,3.0,0.0
PIT,2024-04-12,3,0,0,1,0,100.0,100.0,0.0,0.0,10.0,0.0,0.0,0.0,0.0,0.0,0.0
PIT,2024-04-12,4,0,0,0,2,0.0,0.0,100.0,0.0,0.0,0.0,0.0,2.0,7.5,8.5,6.0
PIT,2024-04-12,5,5,1,5,3,100.0,100.0,33.33,2.4,14.0,3.82,4.8,0.33,4.5,4.33,16.33
PIT,2024-04-12,6,22,0,22,0,95.45,95.45,0.0,15.55,15.64,4.94,16.91,0.0,0.0,0.0,0.0
PIT,2024-04-12,7,9,2,10,2,90.0,90.0,50.0,1.7,14.3,3.79,2.8,3.0,1.5,5.5,78.0
PIT,2024-04-12,8,10,5,13,5,92.31,84.62,60.0,10.85,20.08,9.42,18.62,4.8,2.4,10.4,12.0
PIT,2024-04-12,9,6,9,7,9,100.0,100.0,77.78,2.14,15.0,3.93,5.43,1.33,2.31,3.33,24.22
PIT,2024-04-12,10,8,8,9,13,77.78,66.67,61.54,23.33,19.33,8.84,28.33,2.69,1.29,6.69,15.23
PIT,2024-04-12,11,12,9,15,11,73.33,46.67,63.64,16.0,16.93,6.71,21.2,4.55,2.05,3.73,8.55
PIT,2024-04-12,12,7,6,9,7,77.78,66.67,71.43,12.22,16.33,5.81,16.11,4.57,3.24,7.0,6.57
PIT,2024-04-12,13,8,8,8,8,87.5,62.5,87.5,9.0,17.88,7.09,13.5,3.25,1.01,2.75,29.38
PIT,2024-04-12,14,5,3,5,5,60.0,40.0,80.0,50.2,15.2,5.32,54.6,1.6,0.54,3.8,7.4
PIT,2024-04-12,15,4,15,4,17,100.0,100.0,52.94,0.0,12.75,2.33,1.5,4.24,2.82,6.59,23.35
PIT,2024-04-12,16,14,6,16,7,31.25,25.0,57.14,50.19,17.19,6.58,56.38,3.71,5.03,4.29,21.71
PIT,2024-04-12,17,7,8,7,10,28.57,28.57,50.0,50.86,14.43,4.4,54.0,20.9,2.03,28.8,36.1
PIT,2024-04-12,18,8,9,10,10,80.0,70.0,50.0,14.7,14.8,4.05,17.6,4.6,4.33,11.5,23.4
PIT,2024-04-12,19,10,7,11,8,54.55,36.36,75.0,29.55,17.36,7.12,33.73,3.63,2.06,6.75,14.13
PIT,2024-04-12,20,5,10,7,12,42.86,42.86,58.33,40.71,14.29,4.54,44.86,4.0,2.42,5.67,35.92
PIT,2024-04-12,21,4,9,7,9,85.71,85.71,44.44,5.71,17.29,6.69,11.57,3.56,2.76,1.56,30.89
PIT,2024-04-12,22,1,13,1,13,100.0,100.0,61.54,0.0,13.0,2.4,0.0,6.69,2.29,3.15,36.0
PIT,2024-04-12,23,0,13,0,13,0.0,0.0,84.62,0.0,0.0,0.0,0.0,6.0,1.15,3.38,10.38
PIT,2024-04-13,0,0,1,0,3,0.0,0.0,100.0,0.0,0.0,0.0,0.0,1.67,1.87,0.0,0.33
PIT,2024-04-13,1,0,1,0,1,0.0,0.0,100.0,0.0,0.0,0.0,0.0,0.0,0.5,0.0,4.0
PIT,2024-04-13,2,0,0,0,1,0.0,0.0,100.0,0.0,0.0,0.0,0.0,0.0,1.5,0.0,0.0
PIT,2024-04-13,5,3,1,4,2,50.0,50.0,0.0,25.0,14.25,3.18,26.5,0.0,0.25,0.0,19.0
PIT,2024-04-13,6,18,0,20,2,80.0,75.0,0.0,25.15,16.7,6.18,29.8,0.5,2.0,5.5,54.5
PIT,2024-04-13,7,11,3,17,3,82.35,76.47,66.67,7.71,15.12,4.61,10.41,1.0,1.67,4.0,23.0
PIT,2024-04-13,8,10,3,12,3,75.0,75.0,66.67,7.58,14.17,3.39,9.08,0.33,1.53,5.0,16.67
PIT,2024-04-13,9,4,6,4,7,75.0,75.0,85.71,8.0,14.25,3.68,9.0,1.71,1.3,4.71,5.29
PIT,2024-04-13,10,7,5,9,5,66.67,66.67,80.0,71.56,13.78,3.53,74.78,1.2,1.56,6.6,5.0
PIT,2024-04-13,11,8,7,8,8,75.0,75.0,62.5,6.88,14.63,4.19,9.13,1.88,2.57,5.63,11.5
PIT,2024-04-13,12,3,5,4,5,100.0,75.0,100.0,0.0,18.0,7.42,4.0,0.8,1.36,0.0,0.8
PIT,2024-04-13,13,6,7,8,9,87.5,87.5,77.78,8.88,15.75,5.45,11.38,4.11,2.71,3.44,7.33
PIT,2024-04-13,14,6,4,6,4,83.33,83.33,100.0,18.83,12.83,3.43,20.67,5.5,2.9,2.5,1.25
PIT,2024-04-13,15,6,11,6,16,100.0,100.0,75.0,0.0,14.5,4.38,0.67,1.5,1.49,4.75,11.94
PIT,2024-04-13,16,10,6,10,7,90.0,90.0,85.71,12.1,14.2,3.57,13.8,1.86,1.3,0.14,18.71
PIT,2024-04-13,17,8,9,9,9,100.0,100.0,88.89,0.0,13.44,3.87,0.22,1.89,2.01,1.33,4.67
PIT,2024-04-13,18,8,7,9,11,66.67,66.67,72.73,7.11,14.11,3.81,9.11,1.82,1.42,2.27,11.45
PIT,2024-04-13,19,2,7,2,7,50.0,50.0,100.0,30.0,22.0,11.3,39.0,1.29,0.3,1.71,1.0
PIT,2024-04-13,20,1,7,1,8,100.0,100.0,87.5,0.0,11.0,0.4,0.0,0.5,0.86,0.0,15.5
PIT,2024-04-13,21,2,6,2,7,100.0,50.0,71.43,6.0,18.5,7.9,13.0,1.14,1.33,1.71,15.57
PIT,2024-04-13,22,1,10,3,10,100.0,66.67,40.0,0.0,19.0,8.4,7.67,2.0,2.34,0.7,20.5
PIT,2024-04-13,23,0,8,2,8,50.0,50.0,75.0,17.0,14.0,3.4,20.0,2.0,1.0,0.0,14.25
PIT,2024-04-14,0,0,2,0,1,0.0,0.0,100.0,0.0,0.0,0.0,0.0,0.0,0.4,0.0,0.0
PIT,2024-04-14,1,0,1,0,1,0.0,0.0,100.0,0.0,0.0,0.0,0.0,0.0,0.0,0.0,0.0
PIT,2024-04-14,3,0,0,1,0,100.0,100.0,0.0,0.0,10.0,0.0,0.0,0.0,0.0,0.0,0.0
PIT,2024-04-14,4,0,0,0,0,0.0,0.0,0.0,0.0,0.0,0.0,0.0,0.0,0.0,0.0,0.0
PIT,2024-04-14,5,3,1,3,1,100.0,100.0,100.0,0.0,12.0,0.77,0.0,0.0,0.5,0.0,0.0
PIT,2024-04-14,6,20,0,20,0,90.0,90.0,0.0,5.1,14.3,3.47,6.85,0.0,0.0,0.0,0.0
PIT,2024-04-14,7,8,1,7,1,100.0,100.0,0.0,0.29,13.57,3.01,1.43,0.0,0.0,0.0,19.0
PIT,2024-04-14,8,10,1,10,1,90.0,90.0,100.0,1.7,13.1,2.72,2.7,0.0,0.0,0.0,0.0
PIT,2024-04-14,9,4,7,6,7,100.0,83.33,100.0,0.83,16.33,5.5,4.83,2.57,2.04,2.71,0.57
PIT,2024-04-14,10,9,7,9,8,100.0,100.0,87.5,0.0,17.33,6.93,4.0,2.25,4.06,2.0,3.13
PIT,2024-04-14,11,10,9,12,11,91.67,91.67,81.82,2.58,14.08,3.84,5.42,2.64,2.65,3.36,9.36
PIT,2024-04-14,12,7,8,7,8,71.43,71.43,100.0,19.71,16.57,6.27,21.86,1.13,2.6,4.25,2.38
PIT,2024-04-14,13,10,8,11,8,90.91,90.91,87.5,2.73,14.73,4.42,4.73,2.75,2.8,4.38,3.25
PIT,2024-04-14,14,6,5,6,6,66.67,66.67,100.0,15.17,14.67,4.2,16.83,0.83,1.12,3.0,2.83
PIT,2024-04-14,15,6,12,7,14,100.0,100.0,78.57,2.29,12.86,2.71,3.57,5.71,2.24,3.14,12.93
PIT,2024-04-14,16,10,5,10,5,70.0,60.0,80.0,12.1,17.2,6.27,16.4,3.2,0.94,0.0,15.2
PIT,2024-04-14,17,5,9,7,13,100.0,100.0,76.92,0.0,13.43,3.2,1.43,0.92,1.45,0.62,12.38
PIT,2024-04-14,18,8,7,9,10,77.78,77.78,70.0,14.11,12.67,2.39,14.89,3.7,1.26,5.3,13.4
PIT,2024-04-14,19,7,5,7,8,85.71,85.71,62.5,24.43,18.0,7.74,28.0,1.0,1.14,4.0,16.25
PIT,2024-04-14,20,4,8,6,9,66.67,50.0,100.0,19.83,16.17,6.57,25.5,1.56,1.04,3.33,2.89
PIT,2024-04-14,21,2,9,3,9,66.67,66.67,55.56,25.0,13.0,3.07,26.0,5.44,2.72,20.44,45.44
PIT,2024-04-14,22,1,11,3,13,66.67,66.67,61.54,7.33,13.0,2.6,8.33,8.85,3.35,29.23,39.31
PIT,2024-04-14,23,0,14,0,15,0.0,0.0,60.0,0.0,0.0,0.0,0.0,9.13,9.36,17.53,27.87
PIT,2024-04-15,0,0,3,0,2,0.0,0.0,0.0,0.0,0.0,0.0,0.0,22.5,4.05,25.0,34.0
PIT,2024-04-15,1,0,1,0,2,0.0,0.0,50.0,0.0,0.0,0.0,0.0,2.0,1.0,2.5,21.5
PIT,2024-04-15,2,0,0,0,0,0.0,0.0,0.0,0.0,0.0,0.0,0.0,0.0,0.0,0.0,0.0
PIT,2024-04-15,3,0,0,0,0,0.0,0.0,0.0,0.0,0.0,0.0,0.0,0.0,0.0,0.0,0.0
PIT,2024-04-15,4,0,0,1,0,100.0,100.0,0.0,0.0,10.0,0.0,0.0,0.0,0.0,0.0,0.0
PIT,2024-04-15,5,5,1,5,1,100.0,100.0,100.0,0.0,14.2,4.12,1.0,0.0,0.5,0.0,0.0
PIT,2024-04-15,6,22,0,23,0,100.0,95.65,0.0,0.61,14.74,3.94,1.74,0.0,0.0,0.0,0.0
PIT,2024-04-15,7,9,2,12,2,75.0,75.0,50.0,11.17,14.42,3.89,13.42,1.0,2.0,4.5,11.5
PIT,2024-04-15,8,10,5,11,7,72.73,72.73,42.86,25.09,14.18,3.51,26.82,5.29,3.34,9.14,42.43
PIT,2024-04-15,9,6,9,8,10,75.0,75.0,100.0,6.88,19.38,8.54,11.25,0.7,2.63,2.3,1.7
PIT,2024-04-15,10,8,8,11,9,90.91,90.91,66.67,6.36,14.73,4.33,8.36,2.33,1.47,3.22,23.89
PIT,2024-04-15,11,12,8,14,9,57.14,57.14,77.78,20.21,13.79,3.55,21.93,2.44,2.79,1.56,18.44
PIT,2024-04-15,12,7,7,7,7,100.0,100.0,100.0,0.71,14.57,4.07,2.29,1.14,3.37,1.86,1.0
PIT,2024-04-15,13,8,8,8,9,87.5,87.5,77.78,3.88,16.5,5.79,7.13,4.0,2.46,2.0,5.33
PIT,2024-04-15,14,5,3,5,4,80.0,80.0,75.0,12.6,18.2,8.0,17.2,2.0,2.8,3.0,9.75
PIT,2024-04-15,15,4,15,4,17,100.0,100.0,94.12,2.25,16.25,5.8,4.0,3.71,1.67,3.53,6.0
PIT,2024-04-15,16,14,6,14,8,92.86,85.71,50.0,6.64,14.57,4.06,8.86,8.13,1.9,11.25,16.88
PIT,2024-04-15,17,7,8,11,11,54.55,54.55,100.0,12.55,16.55,6.35,16.73,3.36,2.29,2.09,0.73
PIT,2024-04-15,18,9,11,12,13,75.0,66.67,76.92,9.0,17.25,6.67,14.42,2.69,2.79,5.31,14.0
PIT,2024-04-15,19,10,6,11,9,54.55,54.55,44.44,20.36,13.73,3.47,22.09,6.67,0.92,7.22,32.22
PIT,2024-04-15,20,5,10,5,11,100.0,80.0,63.64,3.2,15.8,6.4,8.2,0.91,2.42,2.73,11.27
PIT,2024-04-15,21,4,8,7,9,57.14,57.14,88.89,28.14,15.43,4.83,31.71,1.89,2.91,3.22,3.78
PIT,2024-04-15,22,1,14,4,15,75.0,75.0,60.0,6.5,14.0,3.0,7.5,2.2,3.0,1.67,17.13
PIT,2024-04-15,23,0,13,1,13,100.0,100.0,69.23,0.0,13.0,2.4,0.0,0.77,2.76,3.92,11.08
PIT,2024-04-16,0,0,1,0,4,0.0,0.0,50.0,0.0,0.0,0.0,0.0,1.5,1.6,2.0,24.5
PIT,2024-04-16,1,0,0,1,1,0.0,0.0,0.0,38.0,14.0,3.4,41.0,9.0,4.5,36.0,56.0
PIT,2024-04-16,2,0,0,0,1,0.0,0.0,100.0,0.0,0.0,0.0,0.0,0.0,1.5,0.0,0.0
PIT,2024-04-16,3,0,0,1,0,100.0,100.0,0.0,0.0,10.0,0.0,0.0,0.0,0.0,0.0,0.0
PIT,2024-04-16,4,0,0,0,1,0.0,0.0,100.0,0.0,0.0,0.0,0.0,0.0,1.5,0.0,0.0
PIT,2024-04-16,5,5,0,5,4,100.0,100.0,25.0,0.0,14.6,4.02,0.2,0.0,3.0,0.75,24.25
PIT,2024-04-16,6,17,0,18,0,88.89,88.89,0.0,24.17,15.22,4.14,26.11,0.0,0.0,0.0,0.0
PIT,2024-04-16,7,9,3,13,3,76.92,76.92,100.0,8.31,13.62,3.17,9.46,0.67,1.17,3.67,1.67
PIT,2024-04-16,8,13,4,15,4,93.33,86.67,100.0,1.4,14.13,3.85,2.6,2.75,2.03,5.0,0.0
PIT,2024-04-16,9,6,7,7,8,85.71,85.71,87.5,2.57,13.86,3.27,3.29,0.63,1.51,1.38,3.88
PIT,2024-04-16,10,6,7,6,8,100.0,100.0,75.0,0.0,13.17,2.4,0.67,1.88,2.19,3.13,7.38
PIT,2024-04-16,11,10,7,10,9,80.0,80.0,88.89,5.1,13.3,3.07,7.4,2.22,2.29,2.89,2.78
PIT,2024-04-16,12,8,8,9,11,77.78,77.78,63.64,21.22,15.0,4.77,23.22,1.09,2.92,4.09,29.91
PIT,2024-04-16,13,9,7,10,7,100.0,100.0,85.71,0.0,12.8,2.33,0.6,1.14,3.61,0.71,11.71
PIT,2024-04-16,14,3,4,5,6,80.0,80.0,83.33,8.2,13.6,3.0,8.8,1.33,1.4,3.17,8.5
PIT,2024-04-16,15,4,13,5,15,80.0,60.0,80.0,7.0,17.0,6.42,11.8,4.0,1.84,2.67,8.67
PIT,2024-04-16,16,12,7,14,9,71.43,64.29,77.78,18.57,17.14,6.48,22.71,2.33,1.02,2.78,9.33
PIT,2024-04-16,17,8,6,8,8,87.5,62.5,87.5,8.0,17.63,7.77,13.5,1.25,1.35,0.25,19.13
PIT,2024-04-16,18,6,8,8,11,87.5,87.5,81.82,17.88,13.75,2.91,20.0,2.55,1.83,3.64,3.82
PIT,2024-04-16,19,7,5,7,5,85.71,85.71,80.0,5.0,14.43,4.17,8.0,1.0,2.2,9.6,9.8
PIT,2024-04-16,20,3,8,3,9,100.0,100.0,88.89,3.67,11.67,2.6,4.33,0.78,1.62,0.78,5.89
PIT,2024-04-16,21,2,9,4,9,50.0,50.0,88.89,14.0,14.0,3.4,15.0,2.67,3.08,4.89,3.33
PIT,2024-04-16,22,0,12,2,15,100.0,100.0,93.33,0.0,11.5,1.2,0.0,3.6,3.39,2.33,3.6
PIT,2024-04-16,23,0,11,0,11,0.0,0.0,63.64,0.0,0.0,0.0,0.0,2.18,3.3,3.27,13.82
PIT,2024-04-17,0,0,3,1,1,100.0,100.0,0.0,7.0,9.0,0.0,4.0,0.0,1.5,0.0,20.0
PIT,2024-04-17,1,0,0,0,2,0.0,0.0,100.0,0.0,0.0,0.0,0.0,0.5,1.5,3.0,0.0
PIT,2024-04-17,3,0,0,1,0,100.0,100.0,0.0,0.0,10.0,0.0,0.0,0.0,0.0,0.0,0.0
PIT,2024-04-17,4,0,0,0,1,0.0,0.0,100.0,0.0,0.0,0.0,0.0,0.0,1.5,0.0,0.0
PIT,2024-04-17,5,5,0,6,3,100.0,100.0,33.33,0.0,12.17,2.0,1.17,0.0,4.5,4.0,20.67
PIT,2024-04-17,6,17,0,18,0,94.44,88.89,0.0,0.89,14.72,3.91,2.72,0.0,0.0,0.0,0.0
PIT,2024-04-17,7,9,3,11,3,63.64,63.64,66.67,24.27,13.91,3.39,26.27,0.33,2.67,3.67,5.67
PIT,2024-04-17,8,13,4,19,5,84.21,68.42,80.0,4.63,17.05,6.69,8.37,4.0,1.32,7.2,13.2
PIT,2024-04-17,9,5,7,5,8,100.0,100.0,75.0,0.0,14.0,3.42,0.0,3.38,0.9,2.0,12.13
PIT,2024-04-17,10,8,7,9,8,77.78,77.78,75.0,8.22,14.89,4.38,9.11,4.63,1.19,5.38,8.75
PIT,2024-04-17,11,9,7,9,7,88.89,66.67,85.71,5.78,17.44,7.13,10.78,2.14,1.73,2.43,3.43
PIT,2024-04-17,12,7,6,7,6,85.71,71.43,83.33,4.71,19.71,9.5,11.0,2.5,1.62,0.0,5.67
PIT,2024-04-17,13,8,7,10,7,50.0,30.0,71.43,11.3,22.6,12.1,20.6,7.29,3.33,8.86,11.71
PIT,2024-04-17,14,3,4,5,4,80.0,60.0,100.0,5.2,17.0,6.68,10.0,0.0,1.1,0.0,0.0
PIT,2024-04-17,15,4,14,4,14,100.0,100.0,92.86,1.25,13.5,3.05,2.25,1.29,0.77,2.0,1.07
PIT,2024-04-17,16,12,6,12,6,58.33,16.67,33.33,25.42,28.17,17.39,42.0,14.33,1.32,11.83,23.5
PIT,2024-04-17,17,7,7,8,12,50.0,12.5,58.33,18.88,17.38,7.52,25.38,4.08,1.34,5.5,11.42
PIT,2024-04-17,18,7,8,8,12,62.5,50.0,66.67,38.25,17.25,6.34,43.75,1.42,1.56,5.5,15.42
PIT,2024-04-17,19,7,5,9,8,55.56,33.33,62.5,34.56,30.0,19.59,51.33,71.63,1.26,71.63,76.88
PIT,2024-04-17,20,4,9,5,9,0.0,0.0,44.44,152.2,14.6,4.8,156.6,39.44,1.1,37.89,80.11
PIT,2024-04-17,21,2,10,4,10,25.0,25.0,70.0,82.5,18.75,8.15,89.0,8.8,1.45,10.7,22.7
PIT,2024-04-17,22,0,11,2,13,100.0,100.0,61.54,0.0,14.5,3.9,2.5,13.15,1.42,13.77,20.92
PIT,2024-04-17,23,0,10,0,10,0.0,0.0,80.0,0.0,0.0,0.0,0.0,2.3,1.38,1.5,10.0
PIT,2024-04-18,0,0,2,1,6,0.0,0.0,50.0,69.0,14.0,1.8,71.0,1.0,8.23,9.17,46.17
PIT,2024-04-18,1,0,1,0,1,0.0,0.0,100.0,0.0,0.0,0.0,0.0,0.0,0.0,0.0,0.0
PIT,2024-04-18,2,0,0,0,1,0.0,0.0,100.0,0.0,0.0,0.0,0.0,0.0,0.0,0.0,0.0
PIT,2024-04-18,3,0,0,1,0,100.0,100.0,0.0,0.0,10.0,0.0,0.0,0.0,0.0,0.0,0.0
PIT,2024-04-18,4,0,1,0,1,0.0,0.0,100.0,0.0,0.0,0.0,0.0,1.0,2.5,0.0,0.0
PIT,2024-04-18,5,5,0,5,3,100.0,80.0,66.67,1.2,14.4,4.22,4.2,0.0,1.5,0.0,11.0
PIT,2024-04-18,6,20,0,22,0,95.45,90.91,0.0,1.86,14.27,3.47,2.77,0.0,0.0,0.0,0.0
PIT,2024-04-18,7,9,2,11,2,90.91,90.91,100.0,2.0,13.09,2.57,3.27,0.0,2.0,1.5,0.0
PIT,2024-04-18,8,11,3,15,4,86.67,80.0,75.0,5.07,15.67,5.25,7.87,1.0,1.48,6.5,16.5
PIT,2024-04-18,9,5,9,8,9,62.5,62.5,100.0,14.0,16.0,5.3,18.0,1.56,2.87,4.11,1.67
PIT,2024-04-18,10,9,8,11,9,90.91,90.91,77.78,4.73,15.09,4.58,6.73,4.44,2.58,5.11,22.22
PIT,2024-04-18,11,11,7,11,8,72.73,72.73,75.0,16.55,14.82,4.78,20.55,3.25,2.33,2.25,10.5
PIT,2024-04-18,12,6,7,6,7,83.33,83.33,85.71,3.33,13.0,2.77,3.33,2.14,3.23,1.57,4.14
PIT,2024-04-18,13,9,11,9,12,77.78,77.78,83.33,4.22,15.44,4.73,6.78,2.08,2.72,0.75,14.92
PIT,2024-04-18,14,7,4,9,6,88.89,88.89,66.67,4.67,14.0,3.48,6.67,0.83,1.37,2.0,10.83
PIT,2024-04-18,15,5,14,5,15,100.0,100.0,80.0,3.2,12.2,1.62,4.2,3.53,2.79,7.87,11.4
PIT,2024-04-18,16,13,5,14,7,64.29,64.29,57.14,24.5,13.93,3.36,26.36,2.29,2.6,3.14,14.29
PIT,2024-04-18,17,6,8,7,10,85.71,85.71,70.0,9.86,14.71,4.69,11.86,1.6,1.66,0.2,8.0
PIT,2024-04-18,18,8,9,10,10,90.0,90.0,90.0,2.8,12.3,1.94,3.9,0.4,1.7,2.5,6.9
PIT,2024-04-18,19,9,7,9,9,44.44,44.44,77.78,29.67,17.44,7.1,34.44,0.11,3.08,1.11,11.78
PIT,2024-04-18,20,4,8,5,9,80.0,60.0,88.89,12.2,13.4,3.8,15.8,0.89,1.68,1.44,16.89
PIT,2024-04-18,21,2,9,4,9,75.0,75.0,100.0,5.75,14.5,4.2,8.25,0.89,3.09,0.22,0.44
PIT,2024-04-18,22,1,14,3,14,100.0,100.0,71.43,0.0,15.0,4.4,0.0,3.07,2.91,1.0,11.36
PIT,2024-04-18,23,0,11,0,11,0.0,0.0,90.91,0.0,0.0,0.0,0.0,1.91,2.85,0.0,3.09
PIT,2024-04-19,0,0,3,0,2,0.0,0.0,50.0,0.0,0.0,0.0,0.0,0.0,3.55,0.0,16.5
PIT,2024-04-19,1,0,1,0,2,0.0,0.0,50.0,0.0,0.0,0.0,0.0,0.0,13.0,1.5,33.0
PIT,2024-04-19,2,0,0,0,0,0.0,0.0,0.0,0.0,0.0,0.0,0.0,0.0,0.0,0.0,0.0
PIT,2024-04-19,4,0,0,1,2,0.0,0.0,100.0,74.0,12.0,1.4,75.0,0.5,3.0,0.0,0.0
PIT,2024-04-19,5,5,1,5,3,100.0,100.0,66.67,0.0,14.8,5.12,2.4,0.0,5.17,1.33,11.0
PIT,2024-04-19,6,22,0,22,0,95.45,95.45,0.0,16.45,13.82,3.22,17.77,0.0,0.0,0.0,0.0
PIT,2024-04-19,7,10,2,11,2,100.0,100.0,50.0,0.82,12.55,2.23,1.36,4.5,3.0,3.5,22.5
PIT,2024-04-19,8,10,4,12,4,91.67,91.67,50.0,2.58,14.58,3.92,3.75,5.5,1.88,13.0,9.0
PIT,2024-04-19,9,5,10,5,14,80.0,60.0,78.57,9.4,17.4,6.8,14.0,1.43,1.88,2.07,6.07
PIT,2024-04-19,10,9,9,9,9,100.0,77.78,100.0,1.22,16.78,6.38,4.78,3.0,1.31,2.22,0.33
PIT,2024-04-19,11,12,8,12,15,83.33,83.33,60.0,3.92,14.5,4.47,6.33,3.4,2.61,3.93,24.93
PIT,2024-04-19,12,7,7,13,9,61.54,53.85,66.67,61.31,15.54,5.03,64.54,4.11,2.91,4.56,73.56
PIT,2024-04-19,13,8,8,9,9,88.89,88.89,88.89,2.44,15.22,4.48,4.89,2.56,1.08,1.89,3.44
PIT,2024-04-19,14,5,3,7,3,71.43,71.43,100.0,10.29,13.29,3.11,11.57,2.33,0.4,1.33,0.0
PIT,2024-04-19,15,4,14,5,15,80.0,80.0,80.0,11.2,14.8,4.22,13.8,1.87,2.36,4.33,10.67
PIT,2024-04-19,16,13,7,12,9,83.33,75.0,77.78,7.42,17.17,6.56,11.25,2.89,5.19,5.0,10.89
PIT,2024-04-19,17,8,7,11,10,81.82,90.91,80.0,3.82,11.55,1.53,4.45,1.3,2.57,2.8,8.8
PIT,2024-04-19,18,7,11,10,14,80.0,80.0,71.43,4.7,12.4,1.95,6.0,10.21,1.93,11.71,19.71
PIT,2024-04-19,19,11,7,11,7,72.73,72.73,42.86,17.36,15.45,5.11,20.0,0.14,1.29,2.57,67.14
PIT,2024-04-19,20,5,10,4,10,50.0,50.0,90.0,26.0,12.5,3.55,29.25,0.6,2.91,3.5,5.6
PIT,2024-04-19,21,4,9,6,9,66.67,66.67,100.0,16.5,15.17,4.67,18.5,1.89,3.83,0.0,0.0
PIT,2024-04-19,22,1,13,1,15,100.0,100.0,60.0,0.0,12.0,1.4,0.0,3.8,4.58,7.93,22.47
PIT,2024-04-19,23,0,12,1,12,0.0,0.0,91.67,86.0,31.0,20.4,106.0,1.67,1.98,3.25,4.58
PIT,2024-04-20,0,0,1,0,3,0.0,0.0,33.33,0.0,0.0,0.0,0.0,0.33,1.53,21.67,39.33
PIT,2024-04-20,1,0,1,0,2,0.0,0.0,100.0,0.0,0.0,0.0,0.0,0.0,3.0,1.5,0.0
PIT,2024-04-20,2,0,0,0,0,0.0,0.0,0.0,0.0,0.0,0.0,0.0,0.0,0.0,0.0,0.0
PIT,2024-04-20,3,0,0,1,0,100.0,100.0,0.0,0.0,10.0,0.0,0.0,0.0,0.0,0.0,0.0
PIT,2024-04-20,5,3,1,3,3,66.67,66.67,100.0,9.33,14.67,3.43,11.0,0.0,1.83,1.67,6.67
PIT,2024-04-20,6,18,0,20,0,90.0,75.0,0.0,4.7,15.9,5.05,8.0,0.0,0.0,0.0,0.0
PIT,2024-04-20,7,11,3,15,3,93.33,93.33,100.0,4.27,15.13,4.73,6.33,0.67,1.5,1.0,0.0
PIT,2024-04-20,8,10,3,11,3,100.0,100.0,100.0,0.0,11.73,1.23,0.36,1.33,0.87,5.67,2.67
PIT,2024-04-20,9,4,6,6,6,100.0,100.0,100.0,0.0,15.83,5.33,3.33,0.5,1.63,1.5,0.0
PIT,2024-04-20,10,7,5,7,5,100.0,100.0,80.0,0.29,12.29,2.14,0.57,1.6,1.88,6.6,23.0
PIT,2024-04-20,11,8,7,8,8,75.0,75.0,75.0,38.5,13.38,2.84,39.63,1.63,3.32,1.5,9.5
PIT,2024-04-20,12,3,5,3,5,100.0,100.0,100.0,0.0,15.33,4.77,0.33,0.6,1.06,0.6,0.0
PIT,2024-04-20,13,7,8,7,9,85.71,85.71,66.67,5.57,13.0,2.47,6.0,3.0,2.14,5.67,27.33
PIT,2024-04-20,14,6,5,7,7,71.43,71.43,85.71,26.43,11.71,2.23,28.0,2.71,1.37,6.14,7.43
PIT,2024-04-20,15,7,10,7,11,85.71,71.43,100.0,7.43,16.57,6.8,11.71,0.91,3.79,2.64,1.73
PIT,2024-04-20,16,9,6,10,7,100.0,90.0,85.71,1.7,16.0,5.33,4.4,2.0,2.16,2.14,7.0
PIT,2024-04-20,17,8,9,9,12,88.89,88.89,66.67,1.89,13.44,3.8,3.0,2.0,1.92,0.25,25.75
PIT,2024-04-20,18,9,8,9,10,55.56,55.56,60.0,25.11,14.22,3.74,26.89,1.8,1.95,3.4,28.6
PIT,2024-04-20,19,3,7,4,7,75.0,75.0,57.14,18.75,16.0,5.35,22.5,0.57,2.17,1.86,25.14
PIT,2024-04-20,20,1,7,2,7,50.0,50.0,71.43,11.5,14.0,3.7,14.5,0.57,1.54,1.43,120.29
PIT,2024-04-20,21,2,6,3,6,100.0,100.0,83.33,2.67,13.0,2.6,4.33,1.5,2.23,0.33,26.67
PIT,2024-04-20,22,1,10,2,10,100.0,100.0,80.0,0.0,20.0,8.45,0.0,3.4,2.36,1.3,23.3
PIT,2024-04-20,23,0,9,0,9,0.0,0.0,66.67,0.0,0.0,0.0,0.0,1.44,2.17,0.33,16.33
PIT,2024-04-21,0,0,2,0,1,0.0,0.0,0.0,0.0,0.0,0.0,0.0,0.0,1.4,0.0,26.0
PIT,2024-04-21,1,0,1,0,2,0.0,0.0,50.0,0.0,0.0,0.0,0.0,0.0,2.5,2.5,10.0
PIT,2024-04-21,2,0,0,1,0,100.0,0.0,0.0,0.0,26.0,15.4,15.0,0.0,0.0,0.0,0.0
PIT,2024-04-21,3,0,0,0,0,0.0,0.0,0.0,0.0,0.0,0.0,0.0,0.0,0.0,0.0,0.0
PIT,2024-04-21,4,0,0,0,0,0.0,0.0,0.0,0.0,0.0,0.0,0.0,0.0,0.0,0.0,0.0
PIT,2024-04-21,5,3,1,3,1,100.0,100.0,100.0,3.33,12.67,1.43,3.67,0.0,0.5,0.0,0.0
PIT,2024-04-21,6,20,0,19,0,100.0,94.74,0.0,0.32,16.95,6.21,3.68,0.0,0.0,0.0,0.0
PIT,2024-04-21,7,8,1,11,1,90.91,90.91,100.0,5.09,15.27,4.8,8.36,0.0,0.5,0.0,0.0
PIT,2024-04-21,8,10,1,10,1,90.0,90.0,100.0,10.3,13.1,2.87,11.2,0.0,4.4,0.0,0.0
PIT,2024-04-21,9,4,7,5,7,80.0,60.0,85.71,27.6,14.2,3.72,29.0,1.86,2.4,4.43,4.29
PIT,2024-04-21,10,9,7,10,7,80.0,80.0,71.43,16.8,14.6,4.18,18.3,3.29,2.71,4.57,9.29
PIT,2024-04-21,11,10,9,10,10,80.0,70.0,90.0,7.7,13.6,3.37,8.8,1.8,3.26,4.1,3.6
PIT,2024-04-21,12,7,8,7,11,100.0,100.0,90.91,2.29,14.14,3.84,4.14,1.73,3.82,5.64,6.82
PIT,2024-04-21,13,10,8,12,9,100.0,100.0,66.67,0.0,14.92,4.46,1.17,5.44,3.54,3.78,19.33
PIT,2024-04-21,14,6,5,7,6,57.14,57.14,66.67,25.0,14.29,3.89,27.86,49.33,1.65,49.67,53.33
PIT,2024-04-21,15,6,12,8,14,50.0,50.0,71.43,42.63,17.88,7.54,49.5,3.29,2.36,3.79,7.14
PIT,2024-04-21,16,10,5,11,6,90.91,81.82,66.67,4.73,15.18,4.39,7.64,3.67,1.75,3.33,12.0
PIT,2024-04-21,17,5,9,6,11,66.67,50.0,63.64,32.83,14.17,4.0,36.33,4.27,1.97,3.73,9.36
PIT,2024-04-21,18,8,8,8,12,100.0,75.0,75.0,2.88,16.63,6.38,7.0,1.5,2.98,2.67,17.75
PIT,2024-04-21,19,8,5,10,8,60.0,60.0,37.5,23.9,13.8,3.29,25.2,1.63,1.48,4.5,36.88
PIT,2024-04-21,20,4,8,5,8,60.0,60.0,62.5,21.4,13.0,4.92,24.8,2.88,1.49,0.5,28.25
PIT,2024-04-21,21,2,9,2,9,50.0,50.0,100.0,12.5,13.0,3.4,14.0,1.11,2.11,1.56,1.78
PIT,2024-04-21,22,1,11,1,12,100.0,100.0,91.67,0.0,9.0,0.0,0.0,2.33,1.86,0.92,5.83
PIT,2024-04-21,23,0,14,0,14,0.0,0.0,78.57,0.0,0.0,0.0,0.0,0.79,1.67,0.29,11.86
PIT,2024-04-22,0,0,3,0,2,0.0,0.0,100.0,0.0,0.0,0.0,0.0,1.0,0.85,0.0,0.5
PIT,2024-04-22,1,0,1,0,2,0.0,0.0,100.0,0.0,0.0,0.0,0.0,0.0,1.0,1.0,0.0
PIT,2024-04-22,3,0,0,1,0,100.0,100.0,0.0,0.0,10.0,0.0,0.0,0.0,0.0,0.0,0.0
PIT,2024-04-22,5,5,1,5,1,100.0,100.0,100.0,0.0,17.0,6.82,1.0,0.0,0.0,0.0,0.0
PIT,2024-04-22,6,22,0,23,0,95.65,82.61,0.0,1.22,19.7,8.9,6.87,0.0,0.0,0.0,0.0
PIT,2024-04-22,7,10,2,11,2,100.0,90.91,50.0,0.0,18.45,8.39,4.91,0.0,1.5,1.5,7.5
PIT,2024-04-22,8,10,5,12,6,100.0,83.33,66.67,1.0,18.0,7.53,6.67,2.33,2.08,6.67,15.5
PIT,2024-04-22,9,6,9,7,9,71.43,71.43,88.89,9.57,15.86,5.06,10.57,2.0,1.76,3.56,5.56
PIT,2024-04-22,10,8,9,8,9,75.0,75.0,88.89,6.25,17.75,7.28,11.0,2.22,3.0,2.22,3.11
PIT,2024-04-22,11,12,8,13,11,69.23,69.23,72.73,11.0,14.85,4.8,13.31,2.64,2.46,2.55,12.82
PIT,2024-04-22,12,7,7,8,8,75.0,75.0,87.5,7.88,15.5,5.17,9.88,3.13,1.76,1.5,3.63
PIT,2024-04-22,13,8,8,8,10,87.5,87.5,80.0,6.75,15.75,4.96,9.88,1.8,3.06,2.4,7.0
PIT,2024-04-22,14,5,3,7,5,85.71,71.43,100.0,3.57,20.29,9.97,12.0,1.0,2.34,1.8,2.4
PIT,2024-04-22,15,4,14,7,15,71.43,71.43,86.67,10.71,12.57,2.07,12.0,1.33,2.11,3.47,5.93
PIT,2024-04-22,16,13,7,13,8,84.62,84.62,62.5,6.0,13.85,3.37,7.31,2.38,3.65,2.63,12.75
PIT,2024-04-22,17,8,7,9,10,100.0,88.89,80.0,2.0,13.33,3.24,4.0,2.1,1.98,2.0,16.3
PIT,2024-04-22,18,8,12,9,14,77.78,77.78,71.43,14.78,12.44,2.04,15.78,0.64,1.69,2.71,18.0
PIT,2024-04-22,19,10,6,11,7,81.82,81.82,71.43,9.55,17.0,6.72,13.18,0.0,1.71,4.14,9.71
PIT,2024-04-22,20,5,10,5,12,80.0,80.0,58.33,10.2,13.4,4.12,11.6,0.42,5.18,4.17,37.58
PIT,2024-04-22,21,4,8,6,9,50.0,33.33,88.89,64.17,14.67,4.07,67.33,1.89,3.02,1.67,3.56
PIT,2024-04-22,22,1,14,3,15,100.0,100.0,80.0,2.0,12.67,2.27,3.67,1.13,1.54,0.0,12.07
PIT,2024-04-22,23,0,12,0,12,0.0,0.0,41.67,0.0,0.0,0.0,0.0,0.42,2.64,3.33,20.33
PIT,2024-04-23,0,0,1,0,3,0.0,0.0,33.33,0.0,0.0,0.0,0.0,1.0,10.2,6.67,40.67
PIT,2024-04-23,1,0,0,0,2,0.0,0.0,50.0,0.0,0.0,0.0,0.0,0.0,25.5,31.0,26.5
PIT,2024-04-23,2,0,0,0,0,0.0,0.0,0.0,0.0,0.0,0.0,0.0,0.0,0.0,0.0,0.0
PIT,2024-04-23,3,0,0,1,0,100.0,100.0,0.0,0.0,10.0,0.0,0.0,0.0,0.0,0.0,0.0
PIT,2024-04-23,4,0,0,0,1,0.0,0.0,100.0,0.0,0.0,0.0,0.0,0.0,1.5,0.0,0.0
PIT,2024-04-23,5,5,0,6,4,66.67,50.0,50.0,7.67,17.17,6.68,11.67,0.0,3.25,1.75,14.0
PIT,2024-04-23,6,17,0,20,0,80.0,80.0,0.0,8.85,15.15,4.08,10.05,0.0,0.0,0.0,0.0
PIT,2024-04-23,7,9,3,11,3,72.73,72.73,66.67,13.45,13.27,2.7,14.27,2.67,1.5,5.33,13.0
PIT,2024-04-23,8,13,4,17,4,88.24,82.35,100.0,12.71,13.18,2.79,13.59,1.5,1.85,3.5,0.25
PIT,2024-04-23,9,6,7,6,7,83.33,83.33,71.43,6.33,13.0,2.42,6.33,1.71,1.66,1.86,35.29
PIT,2024-04-23,10,6,7,6,7,66.67,66.67,100.0,39.0,14.83,4.07,41.33,3.71,1.86,2.86,2.0
PIT,2024-04-23,11,10,7,11,8,90.91,90.91,87.5,2.91,14.64,4.37,5.09,2.88,0.9,0.25,10.0
PIT,2024-04-23,12,8,8,9,9,88.89,88.89,88.89,13.22,15.44,5.14,15.0,0.67,2.17,1.0,7.89
PIT,2024-04-23,13,9,7,10,7,90.0,90.0,85.71,5.1,12.7,2.52,5.7,2.71,1.04,1.57,7.29
PIT,2024-04-23,14,3,4,3,5,100.0,100.0,80.0,0.0,12.67,2.53,0.0,0.4,1.18,0.6,3.4
PIT,2024-04-23,15,4,13,4,13,75.0,75.0,92.31,14.75,13.25,2.68,16.0,2.69,2.18,2.69,4.15
PIT,2024-04-23,16,12,7,14,8,100.0,92.86,100.0,0.0,14.07,3.51,1.71,0.0,1.86,2.13,1.5
PIT,2024-04-23,17,8,6,9,9,100.0,100.0,88.89,0.67,13.78,3.84,1.33,1.44,1.29,0.67,4.78
PIT,2024-04-23,18,6,8,7,11,85.71,71.43,81.82,3.14,14.57,4.06,5.43,0.27,1.28,4.27,14.82
PIT,2024-04-23,19,7,5,7,5,85.71,85.71,80.0,10.86,13.43,3.46,12.0,0.2,0.72,4.6,4.6
PIT,2024-04-23,20,3,8,3,10,100.0,100.0,80.0,0.0,12.33,3.27,0.0,1.2,0.83,0.8,11.0
PIT,2024-04-23,21,2,9,4,11,75.0,50.0,100.0,5.25,23.5,12.9,16.0,2.55,1.58,0.0,0.45
PIT,2024-04-23,22,0,12,2,13,100.0,100.0,92.31,0.0,17.0,6.4,3.5,2.62,1.23,0.0,4.23
PIT,2024-04-23,23,0,11,0,11,0.0,0.0,72.73,0.0,0.0,0.0,0.0,0.36,0.68,1.45,8.91
PIT,2024-04-24,0,0,3,0,1,0.0,0.0,100.0,0.0,0.0,0.0,0.0,0.0,0.0,0.0,0.0
PIT,2024-04-24,1,0,0,0,1,0.0,0.0,100.0,0.0,0.0,0.0,0.0,0.0,1.5,0.0,0.0
PIT,2024-04-24,3,0,0,1,0,100.0,100.0,0.0,0.0,10.0,0.0,0.0,0.0,0.0,0.0,0.0
PIT,2024-04-24,4,0,0,0,1,0.0,0.0,100.0,0.0,0.0,0.0,0.0,0.0,5.5,0.0,0.0
PIT,2024-04-24,5,5,0,5,3,100.0,100.0,100.0,1.0,14.6,4.02,3.2,0.0,2.83,0.67,10.33
PIT,2024-04-24,6,17,0,20,0,90.0,90.0,0.0,5.85,14.8,3.92,7.85,0.0,0.0,0.0,0.0
PIT,2024-04-24,7,9,3,12,3,91.67,91.67,100.0,2.5,14.75,4.36,4.75,2.33,2.5,5.33,0.0
PIT,2024-04-24,8,13,4,16,5,93.75,93.75,80.0,1.56,13.5,3.29,2.5,2.0,1.52,4.4,13.4
PIT,2024-04-24,9,5,7,6,6,66.67,66.67,100.0,8.17,15.67,5.5,11.17,1.83,3.52,1.17,0.33
PIT,2024-04-24,10,8,7,9,8,88.89,77.78,100.0,2.78,16.22,5.71,5.67,4.0,2.56,4.25,0.75
PIT,2024-04-24,11,9,7,9,7,100.0,100.0,100.0,0.22,12.56,2.43,1.78,2.43,2.3,0.43,1.0
PIT,2024-04-24,12,7,6,7,9,85.71,85.71,88.89,4.57,15.43,5.29,7.29,1.56,2.73,1.44,8.89
PIT,2024-04-24,13,8,7,10,9,60.0,60.0,66.67,19.3,16.7,6.2,24.5,2.22,1.7,3.33,9.44
PIT,2024-04-24,14,3,4,3,5,100.0,100.0,60.0,0.0,17.33,7.2,2.33,1.2,1.58,3.2,22.4
PIT,2024-04-24,15,4,14,6,15,66.67,66.67,100.0,21.33,11.67,1.27,22.33,1.2,2.21,2.0,1.27
PIT,2024-04-24,16,12,6,13,6,92.31,84.62,83.33,8.0,16.77,6.15,11.46,0.0,6.23,4.33,15.5
PIT,2024-04-24,17,7,7,7,10,85.71,71.43,90.0,14.57,15.86,6.11,20.14,2.3,2.25,2.7,11.7
PIT,2024-04-24,18,7,8,8,10,87.5,87.5,70.0,9.13,14.13,3.78,11.88,1.0,1.73,4.2,13.0
PIT,2024-04-24,19,7,5,8,6,62.5,62.5,83.33,15.13,16.63,6.82,18.5,1.33,1.42,2.83,5.0
PIT,2024-04-24,20,4,9,4,11,100.0,100.0,81.82,1.25,12.5,3.05,2.75,0.45,2.35,0.73,13.18
PIT,2024-04-24,21,2,10,4,12,75.0,75.0,83.33,6.5,15.25,4.65,8.5,1.33,2.43,3.08,11.58
PIT,2024-04-24,22,0,11,2,11,100.0,100.0,100.0,0.0,14.5,3.9,0.0,2.55,3.74,0.36,2.18
PIT,2024-04-24,23,0,10,0,10,0.0,0.0,90.0,0.0,0.0,0.0,0.0,0.7,2.27,0.3,1.8
PIT,2024-04-25,0,0,2,0,3,0.0,0.0,66.67,0.0,0.0,0.0,0.0,0.0,3.13,1.33,18.67
PIT,2024-04-25,1,0,1,0,0,0.0,0.0,0.0,0.0,0.0,0.0,0.0,0.0,0.0,0.0,0.0
PIT,2024-04-25,2,0,0,0,1,0.0,0.0,100.0,0.0,0.0,0.0,0.0,0.0,2.5,1.0,0.0
PIT,2024-04-25,3,0,0,1,0,100.0,100.0,0.0,0.0,10.0,0.0,0.0,0.0,0.0,0.0,0.0
PIT,2024-04-25,4,0,1,0,1,0.0,0.0,100.0,0.0,0.0,0.0,0.0,2.0,1.5,0.0,0.0
PIT,2024-04-25,5,5,0,5,3,100.0,100.0,66.67,0.0,17.4,7.22,2.6,0.0,2.5,2.33,8.33
PIT,2024-04-25,6,20,0,23,1,86.96,86.96,0.0,9.13,15.7,4.9,11.91,0.0,2.5,2.0,15.0
PIT,2024-04-25,7,9,2,12,3,83.33,83.33,66.67,9.0,13.92,3.44,11.0,3.33,1.83,4.67,8.33
PIT,2024-04-25,8,11,3,16,4,81.25,81.25,100.0,15.44,14.63,3.97,16.44,5.75,2.73,5.0,2.25
PIT,2024-04-25,9,5,9,8,9,75.0,75.0,100.0,7.88,14.0,3.35,9.38,1.0,3.64,1.67,3.0
PIT,2024-04-25,10,9,8,10,8,90.0,80.0,87.5,5.1,15.9,5.4,8.1,4.13,2.04,2.63,8.25
PIT,2024-04-25,11,11,7,13,9,84.62,76.92,88.89,5.15,13.46,3.38,7.54,2.22,2.23,1.33,5.89
PIT,2024-04-25,12,6,7,6,7,83.33,83.33,85.71,3.17,12.67,2.27,3.5,2.0,3.8,1.57,6.57
PIT,2024-04-25,13,9,11,10,11,80.0,70.0,72.73,11.4,14.6,3.85,13.3,2.09,1.84,2.0,27.27
PIT,2024-04-25,14,7,4,8,6,75.0,75.0,100.0,18.38,13.13,2.85,20.13,0.67,1.2,0.83,3.0
PIT,2024-04-25,15,5,14,6,17,50.0,50.0,70.59,27.0,12.33,1.85,28.5,2.0,2.15,2.82,10.41
PIT,2024-04-25,16,13,5,16,5,68.75,56.25,100.0,14.75,14.13,4.29,17.63,2.6,6.24,2.6,2.6
PIT,2024-04-25,17,6,8,6,10,83.33,66.67,100.0,4.5,17.5,7.57,7.83,1.8,1.51,1.8,0.9
PIT,2024-04-25,18,8,9,9,11,88.89,88.89,90.91,1.78,16.0,5.43,5.44,3.73,1.93,2.91,5.0
PIT,2024-04-25,19,9,7,9,7,66.67,55.56,57.14,28.67,14.78,4.43,31.78,0.0,2.86,3.0,9.71
PIT,2024-04-25,20,4,8,5,10,80.0,80.0,80.0,5.8,13.2,3.92,9.4,1.1,1.71,4.2,5.8
PIT,2024-04-25,21,2,9,5,12,60.0,40.0,83.33,12.2,17.0,6.4,16.4,2.08,3.14,3.5,7.0
PIT,2024-04-25,22,1,14,3,14,100.0,100.0,78.57,0.0,12.67,2.27,0.0,2.36,3.74,1.29,13.36
PIT,2024-04-25,23,0,11,0,12,0.0,0.0,66.67,0.0,0.0,0.0,0.0,2.17,2.11,4.0,17.17
PIT,2024-04-26,0,0,3,0,2,0.0,0.0,50.0,0.0,0.0,0.0,0.0,0.0,1.05,3.0,52.5
PIT,2024-04-26,1,0,1,0,2,0.0,0.0,50.0,0.0,0.0,0.0,0.0,0.0,1.25,1.5,7.5
PIT,2024-04-26,3,0,0,1,0,100.0,100.0,0.0,0.0,10.0,0.0,0.0,0.0,0.0,0.0,0.0
PIT,2024-04-26,4,0,0,0,2,0.0,0.0,100.0,0.0,0.0,0.0,0.0,0.0,0.5,0.0,0.0
PIT,2024-04-26,5,5,1,5,3,100.0,100.0,66.67,0.0,10.8,1.26,0.4,0.0,5.17,2.33,11.67
PIT,2024-04-26,6,22,0,24,2,95.83,91.67,100.0,1.08,13.75,3.42,3.29,1.0,3.0,6.5,6.5
PIT,2024-04-26,7,10,2,12,2,91.67,83.33,50.0,2.67,12.67,2.63,3.92,0.0,2.0,3.5,24.0
PIT,2024-04-26,8,10,5,13,7,76.92,69.23,85.71,8.38,14.31,3.77,11.15,4.0,4.06,11.57,6.71
PIT,2024-04-26,9,6,9,6,9,83.33,83.33,100.0,4.33,12.0,1.6,5.17,1.22,4.64,5.22,4.11
PIT,2024-04-26,10,8,9,10,10,100.0,100.0,80.0,1.0,13.0,2.8,2.9,2.3,3.07,2.5,8.8
PIT,2024-04-26,11,12,8,12,9,83.33,91.67,88.89,4.33,9.5,0.33,3.83,3.44,2.79,3.44,2.78
PIT,2024-04-26,12,7,7,7,10,85.71,85.71,70.0,5.29,11.29,1.23,5.14,4.1,2.91,5.4,12.0
PIT,2024-04-26,13,8,8,9,8,77.78,77.78,87.5,7.22,11.22,1.44,7.44,1.88,2.33,1.38,2.38
PIT,2024-04-26,14,5,3,8,4,75.0,75.0,100.0,13.75,13.0,3.0,15.63,2.75,2.05,4.0,0.0
PIT,2024-04-26,15,4,14,4,16,75.0,75.0,75.0,49.25,9.5,0.35,48.5,2.25,2.8,8.5,21.13
PIT,2024-04-26,16,13,7,14,8,85.71,85.71,75.0,11.21,11.21,1.1,11.71,2.5,4.15,5.25,14.5
PIT,2024-04-26,17,8,7,9,10,88.89,88.89,80.0,5.33,11.22,1.44,6.22,0.7,3.07,1.4,20.5
PIT,2024-04-26,18,7,11,9,12,77.78,77.78,75.0,18.11,11.44,1.4,17.67,1.75,3.31,4.17,15.92
PIT,2024-04-26,19,11,7,12,8,75.0,75.0,62.5,21.0,10.92,1.23,21.42,0.25,2.63,3.0,11.13
PIT,2024-04-26,20,5,10,4,12,50.0,50.0,66.67,12.25,8.5,1.2,13.0,0.92,1.43,0.83,11.5
PIT,2024-04-26,21,4,9,6,11,50.0,33.33,90.91,14.5,13.67,3.6,16.0,0.27,5.29,2.36,12.09
PIT,2024-04-26,22,1,13,2,13,100.0,100.0,76.92,0.0,14.5,4.7,0.0,2.46,4.36,1.38,4.77
PIT,2024-04-26,23,0,12,0,12,0.0,0.0,75.0,0.0,0.0,0.0,0.0,0.75,3.89,5.25,18.92
PIT,2024-04-27,0,0,1,0,3,0.0,0.0,66.67,0.0,0.0,0.0,0.0,0.0,2.87,0.0,5.67
PIT,2024-04-27,1,0,1,0,2,0.0,0.0,50.0,0.0,0.0,0.0,0.0,0.0,1.5,0.5,22.0
PIT,2024-04-27,2,0,0,0,0,0.0,0.0,0.0,0.0,0.0,0.0,0.0,0.0,0.0,0.0,0.0
PIT,2024-04-27,3,0,0,1,0,100.0,100.0,0.0,0.0,10.0,0.0,0.0,0.0,0.0,0.0,0.0
PIT,2024-04-27,4,0,0,0,0,0.0,0.0,0.0,0.0,0.0,0.0,0.0,0.0,0.0,0.0,0.0
PIT,2024-04-27,5,3,1,4,2,100.0,75.0,50.0,0.0,15.75,6.1,6.0,0.0,5.0,3.5,11.0
PIT,2024-04-27,6,18,0,18,1,88.89,88.89,0.0,3.22,11.61,1.44,3.61,0.0,7.5,46.0,76.0
PIT,2024-04-27,7,11,3,14,3,92.86,85.71,33.33,6.07,13.0,2.8,7.36,6.0,2.17,16.67,58.67
PIT,2024-04-27,8,10,3,14,3,50.0,50.0,66.67,22.07,11.29,1.0,22.21,4.0,1.2,7.33,11.67
PIT,2024-04-27,9,4,6,6,6,100.0,100.0,66.67,0.33,11.67,2.37,1.5,1.33,3.3,4.33,20.0
PIT,2024-04-27,10,7,5,7,6,85.71,85.71,50.0,13.14,10.0,0.43,13.29,4.83,3.05,6.17,18.33
PIT,2024-04-27,11,8,7,8,7,62.5,62.5,85.71,12.38,12.5,2.44,13.63,3.86,3.16,0.14,4.86
PIT,2024-04-27,12,3,5,5,6,80.0,80.0,83.33,5.4,9.8,0.0,5.0,4.0,2.38,5.67,3.83
PIT,2024-04-27,13,7,8,8,10,100.0,100.0,80.0,2.13,11.13,1.78,2.75,3.2,2.53,3.9,13.5
PIT,2024-04-27,14,6,4,7,6,71.43,71.43,50.0,7.86,13.71,4.14,9.86,2.17,0.77,3.67,11.5
PIT,2024-04-27,15,6,11,8,14,75.0,62.5,78.57,8.13,14.63,4.67,10.75,2.0,0.69,4.79,6.57
PIT,2024-04-27,16,10,6,12,7,91.67,91.67,100.0,1.75,15.0,4.43,3.25,2.14,1.3,1.86,1.14
PIT,2024-04-27,17,8,8,9,9,77.78,77.78,77.78,13.11,14.44,4.73,15.0,2.67,1.17,0.0,12.67
PIT,2024-04-27,18,9,9,10,10,80.0,70.0,90.0,12.3,14.5,4.22,13.3,1.2,1.43,0.7,7.6
PIT,2024-04-27,19,3,7,4,7,100.0,100.0,100.0,0.0,14.5,3.38,3.0,0.57,1.19,0.0,0.43
PIT,2024-04-27,20,1,7,1,7,100.0,100.0,85.71,0.0,12.0,1.4,0.0,0.29,0.99,0.43,13.29
PIT,2024-04-27,21,2,6,2,6,50.0,50.0,100.0,19.5,14.5,3.9,20.5,1.17,0.8,0.0,0.0
PIT,2024-04-27,22,1,10,1,10,100.0,100.0,100.0,0.0,11.0,0.4,0.0,1.4,1.48,1.0,0.9
PIT,2024-04-27,23,0,9,0,10,0.0,0.0,80.0,0.0,0.0,0.0,0.0,0.5,0.94,3.3,8.4
PIT,2024-04-28,0,0,2,1,2,100.0,100.0,100.0,0.0,12.0,1.4,0.0,0.0,0.95,0.0,0.0
PIT,2024-04-28,1,0,1,0,2,0.0,0.0,100.0,0.0,0.0,0.0,0.0,0.0,0.5,3.5,0.0
PIT,2024-04-28,2,0,0,1,0,100.0,100.0,0.0,0.0,17.0,6.4,6.0,0.0,0.0,0.0,0.0
PIT,2024-04-28,3,0,0,0,0,0.0,0.0,0.0,0.0,0.0,0.0,0.0,0.0,0.0,0.0,0.0
PIT,2024-04-28,5,3,1,3,1,100.0,100.0,100.0,0.0,15.33,4.1,0.0,0.0,1.5,17.0,6.0
PIT,2024-04-28,6,21,0,21,0,100.0,100.0,0.0,0.52,14.86,4.07,2.05,0.0,0.0,0.0,0.0
PIT,2024-04-28,7,8,1,8,1,100.0,100.0,0.0,0.13,17.0,6.44,2.88,2.0,0.5,0.0,82.0
PIT,2024-04-28,8,10,1,11,1,81.82,81.82,100.0,8.18,12.18,1.69,9.09,0.0,0.4,0.0,0.0
PIT,2024-04-28,9,4,7,5,7,100.0,100.0,71.43,0.0,15.4,5.04,1.2,3.43,1.61,3.29,14.57
PIT,2024-04-28,10,8,7,10,8,70.0,70.0,87.5,20.8,13.8,3.38,21.8,0.5,1.63,2.13,2.88
PIT,2024-04-28,11,10,9,11,15,90.91,90.91,60.0,5.0,13.0,2.74,6.27,3.07,4.24,6.67,13.53
PIT,2024-04-28,12,7,8,11,10,72.73,63.64,80.0,8.27,13.91,3.64,10.0,0.7,2.31,2.8,9.8
PIT,2024-04-28,13,10,8,10,8,100.0,90.0,87.5,0.8,17.0,6.45,4.3,1.75,2.8,3.13,13.25
PIT,2024-04-28,14,6,5,8,9,25.0,25.0,55.56,33.5,14.38,3.87,36.75,2.11,1.38,4.56,16.0
PIT,2024-04-28,15,6,12,8,15,87.5,87.5,73.33,4.38,14.38,4.24,6.13,3.0,2.83,3.53,10.6
PIT,2024-04-28,16,10,5,13,8,61.54,61.54,37.5,12.15,14.0,3.33,13.85,2.13,1.77,8.0,28.63
PIT,2024-04-28,17,5,9,6,11,66.67,66.67,72.73,16.5,13.5,3.23,18.17,1.0,0.75,5.18,23.09
PIT,2024-04-28,18,8,8,9,10,66.67,66.67,70.0,24.11,12.22,1.94,24.67,0.8,2.68,1.0,12.3
PIT,2024-04-28,19,8,5,8,6,75.0,75.0,66.67,116.5,14.88,4.34,119.25,1.5,0.08,2.83,12.0
PIT,2024-04-28,20,4,8,6,8,50.0,50.0,75.0,26.67,11.17,1.87,28.33,0.5,1.05,0.63,23.63
PIT,2024-04-28,21,2,9,2,9,50.0,50.0,88.89,31.5,12.5,2.9,32.0,1.22,1.94,0.0,2.78
PIT,2024-04-28,22,1,11,1,11,100.0,100.0,72.73,0.0,14.0,3.4,0.0,1.73,1.76,2.82,11.09
PIT,2024-04-28,23,0,14,0,14,0.0,0.0,78.57,0.0,0.0,0.0,0.0,0.57,0.89,1.86,18.57
PIT,2024-04-29,0,0,3,0,3,0.0,0.0,66.67,0.0,0.0,0.0,0.0,0.0,2.5,5.33,7.67
PIT,2024-04-29,1,0,1,0,2,0.0,0.0,100.0,0.0,0.0,0.0,0.0,2.5,3.5,6.0,5.0
PIT,2024-04-29,2,0,0,1,0,100.0,100.0,0.0,0.0,13.0,2.4,2.0,0.0,0.0,0.0,0.0
PIT,2024-04-29,3,0,0,0,0,0.0,0.0,0.0,0.0,0.0,0.0,0.0,0.0,0.0,0.0,0.0
PIT,2024-04-29,5,5,1,5,1,100.0,100.0,100.0,0.0,14.4,4.22,0.8,0.0,0.0,2.0,0.0
PIT,2024-04-29,6,22,0,22,0,95.45,95.45,0.0,7.68,15.09,4.35,9.82,0.0,0.0,0.0,0.0
PIT,2024-04-29,7,10,2,11,2,90.91,90.91,50.0,3.27,12.64,2.25,4.27,1.0,1.5,4.0,19.5
PIT,2024-04-29,8,10,5,13,6,76.92,76.92,83.33,6.0,14.23,3.68,8.08,1.67,3.15,8.5,4.17
PIT,2024-04-29,9,6,9,7,9,100.0,85.71,88.89,0.0,18.43,7.71,5.57,1.11,4.42,4.0,2.67
PIT,2024-04-29,10,8,9,8,9,100.0,87.5,100.0,0.63,16.13,5.65,2.5,2.56,1.72,0.67,1.22
PIT,2024-04-29,11,12,8,13,8,100.0,92.31,100.0,1.46,11.92,1.81,2.08,2.0,1.32,0.0,1.63
PIT,2024-04-29,12,7,7,9,9,88.89,88.89,77.78,3.67,14.22,3.93,5.67,2.67,2.96,4.44,8.78
PIT,2024-04-29,13,8,8,9,9,100.0,100.0,77.78,0.11,15.67,4.97,2.11,4.44,1.12,2.89,5.33
PIT,2024-04-29,14,5,3,6,4,83.33,83.33,75.0,4.17,14.33,4.07,6.33,2.75,1.18,1.5,6.0
PIT,2024-04-29,15,4,14,4,14,50.0,50.0,85.71,18.0,11.5,1.3,18.25,2.57,1.6,2.86,7.36
PIT,2024-04-29,16,13,7,14,10,92.86,78.57,70.0,1.43,16.43,5.95,5.36,1.7,1.6,4.3,15.4
PIT,2024-04-29,17,8,7,9,10,77.78,77.78,70.0,12.89,17.0,6.84,16.33,1.6,0.5,1.0,18.7
PIT,2024-04-29,18,8,12,10,17,100.0,100.0,82.35,0.0,14.4,3.81,1.5,0.59,0.62,1.71,10.35
PIT,2024-04-29,19,10,6,11,6,72.73,63.64,50.0,26.09,18.0,7.66,31.91,1.67,1.15,0.0,13.5
PIT,2024-04-29,20,5,10,6,14,50.0,33.33,71.43,21.67,12.67,3.17,24.5,1.79,1.65,3.57,18.21
PIT,2024-04-29,21,4,8,7,9,71.43,71.43,77.78,24.86,16.29,5.69,29.0,1.33,0.92,0.0,9.22
PIT,2024-04-29,22,1,14,3,14,100.0,100.0,85.71,0.0,17.33,6.73,1.67,3.21,2.44,3.21,8.5
PIT,2024-04-29,23,0,12,1,12,100.0,100.0,91.67,0.0,21.0,10.4,10.0,1.67,0.95,1.25,27.5
PIT,2024-04-30,0,0,1,0,3,0.0,0.0,100.0,0.0,0.0,0.0,0.0,0.0,1.03,0.0,0.0
PIT,2024-04-30,1,0,0,0,2,0.0,0.0,100.0,0.0,0.0,0.0,0.0,0.0,4.5,0.5,0.0
PIT,2024-04-30,2,0,0,1,0,100.0,100.0,0.0,0.0,15.0,4.4,4.0,0.0,0.0,0.0,0.0
PIT,2024-04-30,4,0,0,0,1,0.0,0.0,100.0,0.0,0.0,0.0,0.0,0.0,1.5,0.0,0.0
PIT,2024-04-30,5,5,0,6,5,100.0,100.0,60.0,0.17,14.5,3.92,1.83,2.4,2.1,3.8,13.4
PIT,2024-04-30,6,17,0,20,0,90.0,90.0,0.0,1.85,14.45,3.64,2.95,0.0,0.0,0.0,0.0
PIT,2024-04-30,7,9,3,12,4,91.67,91.67,100.0,1.92,13.75,3.28,3.17,2.0,2.75,5.25,0.25
PIT,2024-04-30,8,13,4,16,4,93.75,93.75,75.0,6.94,14.88,4.63,8.63,2.75,1.52,6.25,5.75
PIT,2024-04-30,9,6,6,6,6,83.33,83.33,83.33,5.83,14.5,4.0,6.33,1.0,3.35,0.17,17.33
PIT,2024-04-30,10,6,9,7,10,71.43,71.43,80.0,19.29,15.14,4.49,21.71,2.4,2.08,3.7,9.3
PIT,2024-04-30,11,10,6,10,8,90.0,80.0,62.5,10.8,12.4,2.17,11.8,3.25,2.08,2.0,13.25
PIT,2024-04-30,12,8,8,10,8,70.0,70.0,87.5,15.0,14.4,4.22,17.6,1.75,3.26,0.5,15.13
PIT,2024-04-30,13,9,7,9,8,100.0,100.0,87.5,0.0,14.33,3.79,0.89,2.13,2.6,1.88,5.13
PIT,2024-04-30,14,3,4,5,4,80.0,80.0,100.0,12.8,11.6,1.4,13.2,0.5,1.35,0.0,1.25
PIT,2024-04-30,15,4,13,4,15,100.0,100.0,80.0,2.0,13.75,3.3,3.25,1.67,2.81,3.13,6.2
PIT,2024-04-30,16,12,7,13,10,69.23,69.23,50.0,14.38,14.23,3.65,16.38,3.3,2.64,4.2,35.9
PIT,2024-04-30,17,8,6,9,9,66.67,55.56,88.89,26.11,14.44,4.51,29.22,3.22,1.79,2.67,7.78
PIT,2024-04-30,18,6,8,8,13,100.0,100.0,84.62,1.13,13.0,2.23,1.63,2.77,2.98,4.23,3.31
PIT,2024-04-30,19,7,5,7,6,71.43,71.43,100.0,127.0,16.29,5.96,131.43,3.33,1.92,1.5,0.0
PIT,2024-04-30,20,3,8,4,10,100.0,100.0,90.0,0.0,11.25,1.95,0.5,1.1,2.18,2.0,2.9
PIT,2024-04-30,21,2,9,4,10,100.0,100.0,50.0,0.0,17.0,6.4,2.75,3.9,2.05,17.9,40.2
PIT,2024-04-30,22,0,13,2,14,100.0,100.0,64.29,0.0,15.0,4.4,1.5,3.14,2.32,3.71,31.64
PIT,2024-04-30,23,0,11,0,11,0.0,0.0,81.82,0.0,0.0,0.0,0.0,0.18,2.93,4.27,5.82
PIT,2024-05-01,0,0,3,1,3,0.0,0.0,66.67,26.0,14.0,3.4,29.0,0.0,0.33,0.67,6.67
PIT,2024-05-01,1,0,0,0,0,0.0,0.0,0.0,0.0,0.0,0.0,0.0,0.0,0.0,0.0,0.0
PIT,2024-05-01,2,0,0,0,1,0.0,0.0,100.0,0.0,0.0,0.0,0.0,0.0,1.5,0.0,0.0
PIT,2024-05-01,3,0,0,1,0,100.0,100.0,0.0,0.0,10.0,0.0,0.0,0.0,0.0,0.0,0.0
PIT,2024-05-01,4,0,0,0,1,0.0,0.0,100.0,0.0,0.0,0.0,0.0,1.0,1.5,0.0,0.0
PIT,2024-05-01,5,5,0,5,3,100.0,100.0,100.0,0.2,13.0,2.42,1.0,0.0,2.17,0.67,6.33
PIT,2024-05-01,6,18,0,20,0,90.0,90.0,0.0,6.15,14.8,3.9,8.0,0.0,0.0,0.0,0.0
PIT,2024-05-01,7,9,3,15,3,73.33,73.33,100.0,10.93,14.47,4.0,13.87,0.0,0.83,1.67,0.0
PIT,2024-05-01,8,13,5,16,5,93.75,87.5,100.0,1.5,14.75,4.39,4.06,3.4,3.16,2.8,1.0
PIT,2024-05-01,9,6,6,8,7,100.0,100.0,100.0,0.0,17.5,7.3,3.0,2.14,2.01,0.86,0.0
PIT,2024-05-01,10,6,7,7,7,100.0,100.0,100.0,0.0,17.43,6.8,2.71,2.14,4.11,2.71,0.14
PIT,2024-05-01,11,9,6,10,8,90.0,90.0,75.0,3.8,13.7,3.43,5.1,4.13,2.17,7.63,10.88
PIT,2024-05-01,12,7,6,8,6,87.5,62.5,83.33,52.5,18.25,7.99,58.13,2.83,1.28,0.0,9.17
PIT,2024-05-01,13,8,7,9,7,88.89,77.78,85.71,2.56,16.22,5.74,6.33,3.57,1.13,1.86,12.29
PIT,2024-05-01,14,3,5,3,7,66.67,66.67,85.71,22.33,14.67,4.53,26.67,0.86,0.17,2.57,10.14
PIT,2024-05-01,15,5,14,8,17,37.5,37.5,70.59,24.63,15.63,5.11,28.63,1.12,2.05,2.71,13.65
PIT,2024-05-01,16,12,6,12,7,75.0,75.0,71.43,10.17,18.17,7.46,15.33,2.14,1.23,1.29,10.43
PIT,2024-05-01,17,7,7,10,12,80.0,70.0,66.67,8.1,12.6,2.94,10.1,1.75,1.63,1.75,20.92
PIT,2024-05-01,18,7,8,7,11,71.43,71.43,72.73,13.14,13.0,2.03,14.29,1.36,0.95,3.36,14.45
PIT,2024-05-01,19,7,6,7,8,71.43,57.14,50.0,10.71,16.43,6.1,14.43,5.38,1.4,5.75,19.5
PIT,2024-05-01,20,5,9,5,14,60.0,60.0,85.71,9.4,11.8,2.32,11.0,1.57,0.84,2.57,17.07
PIT,2024-05-01,21,2,9,4,12,100.0,100.0,83.33,0.0,16.25,5.65,3.25,1.67,0.78,2.08,5.42
PIT,2024-05-01,22,0,12,2,12,100.0,100.0,83.33,0.0,16.0,5.4,0.0,1.58,1.67,1.5,4.0
PIT,2024-05-01,23,0,10,0,10,0.0,0.0,90.0,0.0,0.0,0.0,0.0,1.1,0.84,0.7,7.1
PIT,2024-05-02,0,0,2,0,4,0.0,0.0,100.0,0.0,0.0,0.0,0.0,0.0,3.13,0.0,0.0
PIT,2024-05-02,1,0,1,1,0,100.0,100.0,0.0,0.0,6.0,0.0,0.0,0.0,0.0,0.0,0.0
PIT,2024-05-02,2,0,0,3,1,66.67,66.67,100.0,12.33,14.33,3.93,16.0,0.0,1.5,0.0,0.0
PIT,2024-05-02,3,0,0,1,0,100.0,100.0,0.0,0.0,10.0,0.0,0.0,0.0,0.0,0.0,0.0
PIT,2024-05-02,4,0,1,0,1,0.0,0.0,100.0,0.0,0.0,0.0,0.0,0.0,2.5,0.0,0.0
PIT,2024-05-02,5,5,0,6,3,100.0,83.33,0.0,0.0,18.5,8.25,6.67,0.0,3.17,6.67,34.0
PIT,2024-05-02,6,20,0,24,0,87.5,87.5,0.0,4.13,13.42,2.46,4.63,0.0,0.0,0.0,0.0
PIT,2024-05-02,7,9,2,11,1,63.64,63.64,0.0,12.91,13.45,2.88,14.82,0.0,1.5,6.0,18.0
PIT,2024-05-02,8,11,4,16,5,87.5,87.5,100.0,4.25,13.75,3.16,5.75,1.0,2.94,2.6,2.8
PIT,2024-05-02,9,6,8,6,7,100.0,100.0,85.71,0.0,13.83,3.08,0.0,1.29,1.33,0.0,16.71
PIT,2024-05-02,10,8,7,7,6,71.43,71.43,83.33,29.14,14.0,3.69,30.86,3.17,2.33,3.67,20.67
PIT,2024-05-02,11,9,6,9,7,88.89,88.89,71.43,14.89,15.56,5.34,17.56,5.0,1.23,7.57,7.14
PIT,2024-05-02,12,6,7,8,13,37.5,25.0,61.54,49.13,17.25,6.74,55.13,2.92,1.78,5.38,19.69
PIT,2024-05-02,13,8,11,11,12,100.0,100.0,66.67,0.09,13.27,2.65,1.18,1.83,2.3,1.5,25.33
PIT,2024-05-02,14,8,5,11,6,72.73,63.64,83.33,6.64,16.0,5.64,10.09,1.17,2.2,2.33,9.33
PIT,2024-05-02,15,6,12,7,13,100.0,100.0,76.92,0.57,13.0,2.59,1.29,2.15,2.48,7.85,14.69
PIT,2024-05-02,16,11,7,10,8,70.0,70.0,75.0,7.9,16.1,5.84,12.7,2.5,1.05,3.38,11.0
PIT,2024-05-02,17,8,7,11,12,45.45,45.45,83.33,30.0,19.0,8.74,37.36,0.5,0.76,2.83,7.5
PIT,2024-05-02,18,8,10,10,15,90.0,90.0,60.0,10.8,13.9,3.31,12.6,2.67,1.89,4.33,24.27
PIT,2024-05-02,19,10,9,11,11,72.73,72.73,72.73,16.55,16.36,5.97,19.18,2.18,1.75,1.55,14.36
PIT,2024-05-02,20,5,8,6,11,83.33,50.0,54.55,8.0,17.83,8.37,15.0,0.18,2.25,1.73,35.55
PIT,2024-05-02,21,2,8,5,9,80.0,80.0,44.44,19.6,17.8,7.32,22.6,1.67,2.96,1.0,55.11
PIT,2024-05-02,22,1,15,3,15,100.0,100.0,60.0,0.0,17.33,6.73,1.33,1.67,2.02,4.4,20.87
PIT,2024-05-02,23,0,11,0,11,0.0,0.0,72.73,0.0,0.0,0.0,0.0,0.82,2.52,2.36,29.0
PIT,2024-05-03,0,0,3,0,2,0.0,0.0,100.0,0.0,0.0,0.0,0.0,0.0,2.55,0.0,1.5
PIT,2024-05-03,1,0,1,0,2,0.0,0.0,100.0,0.0,0.0,0.0,0.0,0.5,4.5,16.5,5.0
PIT,2024-05-03,2,0,0,0,0,0.0,0.0,0.0,0.0,0.0,0.0,0.0,0.0,0.0,0.0,0.0
PIT,2024-05-03,3,0,0,1,0,100.0,100.0,0.0,0.0,10.0,0.0,0.0,0.0,0.0,0.0,0.0
PIT,2024-05-03,4,0,0,0,2,0.0,0.0,50.0,0.0,0.0,0.0,0.0,0.0,2.5,0.0,27.5
PIT,2024-05-03,5,5,1,5,3,80.0,80.0,66.67,5.8,10.4,1.36,6.0,0.0,4.17,1.0,24.67
PIT,2024-05-03,6,22,0,24,1,95.83,87.5,0.0,2.46,14.13,3.5,4.79,2.0,2.5,10.0,30.0
PIT,2024-05-03,7,10,2,14,2,85.71,85.71,100.0,4.5,11.64,1.36,4.79,4.0,2.0,5.5,0.0
PIT,2024-05-03,8,10,6,16,6,75.0,75.0,83.33,5.31,15.31,4.69,8.75,5.67,4.18,10.33,8.17
PIT,2024-05-03,9,7,7,8,9,87.5,87.5,100.0,3.63,13.0,2.67,4.5,4.67,2.76,2.44,0.78
PIT,2024-05-03,10,6,8,9,9,88.89,88.89,77.78,3.44,11.22,1.38,3.56,2.67,2.78,3.22,13.11
PIT,2024-05-03,11,10,8,12,10,91.67,91.67,80.0,2.33,10.17,0.87,2.17,3.9,2.66,10.1,20.6
PIT,2024-05-03,12,8,8,10,10,80.0,70.0,60.0,21.0,13.4,2.93,22.8,4.0,5.21,6.8,8.1
PIT,2024-05-03,13,8,8,10,8,100.0,100.0,100.0,0.8,13.7,3.16,3.0,2.25,2.95,1.38,0.0
PIT,2024-05-03,14,6,4,6,7,83.33,83.33,85.71,17.67,13.67,3.4,19.0,1.57,3.24,2.71,11.29
PIT,2024-05-03,15,5,13,6,14,66.67,66.67,57.14,25.5,11.17,0.87,25.83,0.93,3.26,5.36,28.71
PIT,2024-05-03,16,12,8,13,8,61.54,53.85,100.0,25.15,15.23,4.64,28.85,2.75,3.05,0.38,0.0
PIT,2024-05-03,17,9,6,9,9,100.0,100.0,55.56,1.44,14.44,4.64,3.56,3.33,1.39,6.56,16.56
PIT,2024-05-03,18,7,11,9,15,66.67,66.67,80.0,11.67,14.67,4.01,14.44,4.0,1.99,4.93,9.67
PIT,2024-05-03,19,11,9,12,9,75.0,75.0,77.78,16.5,15.42,5.06,19.25,0.11,2.47,1.56,13.11
PIT,2024-05-03,20,6,9,6,12,100.0,100.0,75.0,1.17,15.33,5.9,3.83,1.75,1.97,7.0,8.08
PIT,2024-05-03,21,4,9,7,10,71.43,57.14,90.0,10.29,15.57,5.06,13.86,0.6,4.75,2.8,23.7
PIT,2024-05-03,22,1,14,1,14,100.0,100.0,78.57,6.0,10.0,0.0,5.0,3.29,5.37,1.36,10.71
PIT,2024-05-03,23,0,12,0,13,0.0,0.0,69.23,0.0,0.0,0.0,0.0,1.54,4.4,1.85,14.54
PIT,2024-05-04,0,0,1,0,3,0.0,0.0,0.0,0.0,0.0,0.0,0.0,1.0,3.2,3.33,22.0
PIT,2024-05-04,1,0,1,0,1,0.0,0.0,0.0,0.0,0.0,0.0,0.0,0.0,3.5,0.0,17.0
PIT,2024-05-04,2,0,0,0,1,0.0,0.0,100.0,0.0,0.0,0.0,0.0,0.0,3.5,0.0,0.0
PIT,2024-05-04,3,0,0,1,0,100.0,100.0,0.0,0.0,10.0,0.0,0.0,0.0,0.0,0.0,0.0
PIT,2024-05-04,4,0,0,0,0,0.0,0.0,0.0,0.0,0.0,0.0,0.0,0.0,0.0,0.0,0.0
PIT,2024-05-04,5,3,1,3,3,100.0,100.0,66.67,0.0,9.33,0.0,0.0,0.0,2.83,0.0,5.0
PIT,2024-05-04,6,18,0,20,1,85.0,85.0,100.0,17.75,11.4,1.42,18.25,0.0,3.5,0.0,9.0
PIT,2024-05-04,7,11,3,15,4,93.33,93.33,75.0,3.73,12.87,2.83,4.93,2.5,2.5,5.0,12.5
PIT,2024-05-04,8,10,4,12,4,83.33,83.33,100.0,5.42,10.67,0.67,5.83,0.75,2.07,4.25,2.5
PIT,2024-05-04,9,5,5,6,5,100.0,100.0,100.0,1.5,10.67,1.37,2.17,2.8,2.46,1.4,0.2
PIT,2024-05-04,10,5,4,7,6,85.71,85.71,50.0,5.86,9.57,0.26,5.86,2.83,2.52,5.5,17.0
PIT,2024-05-04,11,8,8,8,8,100.0,100.0,100.0,1.0,11.25,1.83,2.0,2.63,3.82,2.5,1.25
PIT,2024-05-04,12,3,4,4,4,75.0,75.0,100.0,5.5,9.5,0.45,5.5,2.0,1.57,1.0,1.5
PIT,2024-05-04,13,6,9,6,9,83.33,66.67,88.89,15.83,16.67,6.7,21.0,3.56,3.64,6.22,11.22
PIT,2024-05-04,14,8,5,9,5,100.0,100.0,60.0,1.33,13.0,3.31,2.89,1.6,4.02,1.2,10.8
PIT,2024-05-04,15,7,10,8,15,62.5,50.0,66.67,11.0,12.63,2.74,13.13,2.67,4.34,6.47,15.4
PIT,2024-05-04,16,9,7,10,7,70.0,70.0,100.0,39.3,12.6,2.26,39.9,1.86,4.61,0.0,0.43
PIT,2024-05-04,17,9,7,10,8,90.0,90.0,87.5,7.1,9.2,0.22,7.2,4.13,2.75,0.75,9.88
PIT,2024-05-04,18,9,10,11,11,81.82,81.82,90.91,32.55,11.64,1.96,32.82,3.0,3.36,0.45,4.0
PIT,2024-05-04,19,4,9,4,11,75.0,50.0,54.55,8.25,14.5,4.55,12.25,2.55,3.13,3.64,40.27
PIT,2024-05-04,20,2,6,3,6,33.33,33.33,100.0,63.0,10.67,1.27,64.0,2.83,3.72,1.17,3.67
PIT,2024-05-04,21,2,6,2,7,0.0,0.0,71.43,39.5,15.5,4.9,44.0,1.86,3.07,4.57,28.57
PIT,2024-05-04,22,1,11,1,11,100.0,100.0,90.91,0.0,11.0,0.4,0.0,1.27,3.93,3.64,3.45
PIT,2024-05-04,23,0,9,0,9,0.0,0.0,77.78,0.0,0.0,0.0,0.0,0.78,4.59,2.33,12.67
PIT,2024-05-05,0,0,2,0,1,0.0,0.0,0.0,0.0,0.0,0.0,0.0,0.0,3.4,0.0,35.0
PIT,2024-05-05,1,0,1,0,2,0.0,0.0,100.0,0.0,0.0,0.0,0.0,0.5,2.5,1.0,0.0
PIT,2024-05-05,3,0,0,1,0,100.0,100.0,0.0,0.0,10.0,0.0,0.0,0.0,0.0,0.0,0.0
PIT,2024-05-05,5,3,1,3,1,100.0,100.0,0.0,0.67,12.0,1.8,1.33,2.0,4.5,0.0,15.0
PIT,2024-05-05,6,20,0,22,0,86.36,86.36,0.0,4.73,12.09,1.85,5.45,0.0,0.0,0.0,0.0
PIT,2024-05-05,7,9,1,9,2,77.78,77.78,100.0,81.0,13.44,2.91,82.44,2.5,2.5,5.0,2.5
PIT,2024-05-05,8,10,3,14,7,57.14,57.14,57.14,16.0,12.07,2.14,17.29,2.0,3.8,4.86,26.43
PIT,2024-05-05,9,6,6,6,7,100.0,100.0,71.43,0.0,14.17,3.78,2.17,4.57,2.97,5.86,31.14
PIT,2024-05-05,10,7,6,13,7,69.23,69.23,85.71,10.85,14.38,3.92,13.54,2.57,1.47,2.0,4.14
PIT,2024-05-05,11,9,9,10,9,90.0,80.0,66.67,3.1,15.0,4.73,6.0,3.44,3.96,4.11,29.22
PIT,2024-05-05,12,7,8,8,9,75.0,62.5,66.67,32.13,16.63,6.6,36.5,2.22,1.23,3.44,19.67
PIT,2024-05-05,13,9,8,9,12,77.78,66.67,66.67,16.33,14.67,4.19,18.11,3.25,1.82,3.17,8.17
PIT,2024-05-05,14,7,6,10,8,50.0,40.0,62.5,16.9,15.2,4.74,20.8,2.5,1.24,6.38,21.38
PIT,2024-05-05,15,7,10,8,13,62.5,50.0,69.23,29.75,14.5,4.16,32.88,2.85,5.31,8.77,18.23
PIT,2024-05-05,16,8,7,11,10,63.64,45.45,70.0,23.45,20.82,10.16,31.73,4.5,2.94,3.9,18.3
PIT,2024-05-05,17,7,8,10,12,30.0,10.0,50.0,39.2,28.1,17.78,56.6,3.42,6.08,6.5,17.75
PIT,2024-05-05,18,8,9,10,11,10.0,10.0,27.27,37.2,15.0,4.69,41.7,26.82,9.64,31.09,63.18
PIT,2024-05-05,19,9,7,10,8,30.0,20.0,62.5,51.7,21.7,11.18,61.3,4.13,5.13,4.13,28.0
PIT,2024-05-05,20,4,8,3,9,33.33,33.33,55.56,17.33,13.33,4.4,21.33,4.56,1.82,4.11,20.33
PIT,2024-05-05,21,3,8,3,8,33.33,33.33,37.5,40.67,13.0,3.73,44.0,1.13,2.91,1.25,56.63
PIT,2024-05-05,22,1,12,1,13,0.0,0.0,61.54,41.0,12.0,1.4,42.0,3.69,1.79,2.23,21.15
PIT,2024-05-05,23,0,14,0,14,0.0,0.0,78.57,0.0,0.0,0.0,0.0,1.57,2.68,0.57,9.43
PIT,2024-05-06,0,0,3,0,2,0.0,0.0,50.0,0.0,0.0,0.0,0.0,4.0,0.35,0.0,96.0
PIT,2024-05-06,1,0,1,0,2,0.0,0.0,0.0,0.0,0.0,0.0,0.0,0.0,3.0,1.5,56.0
PIT,2024-05-06,2,0,0,0,0,0.0,0.0,0.0,0.0,0.0,0.0,0.0,0.0,0.0,0.0,0.0
PIT,2024-05-06,3,0,0,1,0,100.0,100.0,0.0,0.0,10.0,0.0,0.0,0.0,0.0,0.0,0.0
PIT,2024-05-06,4,0,0,0,0,0.0,0.0,0.0,0.0,0.0,0.0,0.0,0.0,0.0,0.0,0.0
PIT,2024-05-06,5,6,1,6,1,83.33,83.33,100.0,41.33,15.33,4.85,45.0,0.0,2.5,0.0,0.0
PIT,2024-05-06,6,21,0,21,0,95.24,90.48,0.0,1.48,16.19,5.28,3.71,0.0,0.0,0.0,0.0
PIT,2024-05-06,7,10,2,11,2,81.82,81.82,0.0,15.18,16.09,5.57,18.18,56.5,3.5,68.0,136.5
PIT,2024-05-06,8,10,6,12,5,66.67,66.67,80.0,30.58,12.0,1.76,31.5,5.8,3.92,9.8,22.2
PIT,2024-05-06,9,7,7,7,9,100.0,85.71,88.89,0.86,19.0,8.34,6.57,4.0,3.53,2.78,13.78
PIT,2024-05-06,10,6,10,7,11,71.43,71.43,81.82,17.29,16.43,6.09,20.57,5.36,3.73,5.18,19.36
PIT,2024-05-06,11,11,8,11,8,72.73,72.73,75.0,20.0,12.45,2.65,21.09,4.13,2.83,1.88,6.25
PIT,2024-05-06,12,8,7,9,8,66.67,66.67,87.5,17.56,14.11,4.16,20.33,4.88,6.26,8.13,6.0
PIT,2024-05-06,13,8,8,9,8,88.89,88.89,87.5,2.33,13.0,2.39,4.0,2.38,2.64,1.0,20.0
PIT,2024-05-06,14,6,3,6,4,66.67,50.0,100.0,35.83,16.0,6.33,41.5,2.75,3.8,2.0,1.75
PIT,2024-05-06,15,3,13,4,17,50.0,50.0,70.59,13.5,11.25,1.45,14.75,3.0,4.13,6.18,25.18
PIT,2024-05-06,16,13,7,14,7,85.71,64.29,85.71,16.71,14.64,4.56,20.57,2.43,7.77,3.14,45.43
PIT,2024-05-06,17,7,6,8,9,75.0,75.0,66.67,17.75,12.13,2.9,19.38,0.22,2.24,0.78,14.56
PIT,2024-05-06,18,11,14,11,16,63.64,63.64,68.75,11.91,13.36,2.98,13.27,2.5,2.29,3.13,26.69
PIT,2024-05-06,19,9,8,10,9,70.0,70.0,77.78,33.5,14.9,4.72,36.4,1.22,2.42,2.67,22.0
PIT,2024-05-06,20,7,12,6,15,83.33,66.67,80.0,20.0,22.67,13.23,28.0,0.4,1.77,1.07,12.33
PIT,2024-05-06,21,4,6,7,8,71.43,71.43,87.5,13.71,15.71,5.11,17.43,2.38,2.06,6.88,22.88
PIT,2024-05-06,22,1,15,4,15,100.0,75.0,73.33,0.0,25.0,14.4,10.0,0.53,1.79,2.87,11.87
PIT,2024-05-06,23,0,12,0,12,0.0,0.0,66.67,0.0,0.0,0.0,0.0,0.83,0.82,0.17,27.0
PIT,2024-05-07,0,0,2,2,5,50.0,50.0,80.0,13.0,17.5,6.9,19.5,5.4,1.04,8.8,36.6
PIT,2024-05-07,1,0,0,0,2,0.0,0.0,100.0,0.0,0.0,0.0,0.0,0.0,1.0,3.5,0.0
PIT,2024-05-07,2,0,0,0,0,0.0,0.0,0.0,0.0,0.0,0.0,0.0,0.0,0.0,0.0,0.0
PIT,2024-05-07,3,0,0,1,0,100.0,100.0,0.0,0.0,10.0,0.0,0.0,0.0,0.0,0.0,0.0
PIT,2024-05-07,4,0,0,0,1,0.0,0.0,100.0,0.0,0.0,0.0,0.0,0.0,2.5,0.0,0.0
PIT,2024-05-07,5,5,0,5,4,100.0,100.0,50.0,2.4,14.0,3.04,3.8,1.5,2.5,1.75,18.75
PIT,2024-05-07,6,16,0,18,0,100.0,88.89,0.0,0.78,16.83,5.84,4.0,0.0,0.0,0.0,0.0
PIT,2024-05-07,7,11,3,15,3,86.67,86.67,100.0,3.8,14.2,3.57,6.2,1.0,5.17,5.33,1.67
PIT,2024-05-07,8,13,5,14,5,85.71,85.71,80.0,11.14,14.07,3.6,12.0,0.8,2.88,2.4,13.0
PIT,2024-05-07,9,7,5,8,5,87.5,87.5,100.0,3.5,15.0,4.54,5.88,1.4,3.04,0.0,2.0
PIT,2024-05-07,10,4,9,5,11,100.0,100.0,90.91,0.0,14.0,3.8,1.2,3.73,1.33,2.27,3.55
PIT,2024-05-07,11,10,7,12,8,66.67,66.67,75.0,11.08,13.5,3.04,12.67,3.63,2.57,2.88,11.63
PIT,2024-05-07,12,8,7,9,9,66.67,55.56,55.56,11.78,17.0,6.84,16.0,1.33,2.32,6.22,32.22
PIT,2024-05-07,13,9,7,11,8,63.64,54.55,62.5,39.0,17.55,6.67,44.27,1.25,1.49,2.5,55.38
PIT,2024-05-07,14,4,5,8,6,62.5,62.5,100.0,38.0,13.25,2.9,39.88,2.17,1.9,1.33,0.33
PIT,2024-05-07,15,3,11,6,11,50.0,50.0,81.82,30.83,13.33,3.1,33.5,0.55,0.99,4.0,5.55
PIT,2024-05-07,16,12,8,12,8,83.33,75.0,87.5,5.08,15.75,5.2,8.42,0.75,2.26,14.75,25.63
PIT,2024-05-07,17,8,5,8,7,75.0,62.5,71.43,11.5,15.25,5.52,14.75,1.0,0.61,1.43,11.86
PIT,2024-05-07,18,9,11,10,13,70.0,70.0,84.62,65.7,13.6,2.51,66.9,2.92,1.28,3.23,9.38
PIT,2024-05-07,19,7,6,7,7,71.43,71.43,42.86,13.57,14.43,4.14,16.71,2.71,3.06,5.29,27.57
PIT,2024-05-07,20,5,11,5,14,80.0,80.0,57.14,5.8,13.4,4.04,9.4,2.21,0.77,3.43,43.14
PIT,2024-05-07,21,2,9,4,10,50.0,50.0,50.0,27.5,19.0,8.4,33.25,2.0,1.32,5.6,43.0
PIT,2024-05-07,22,0,10,2,10,100.0,100.0,60.0,2.0,19.0,8.4,5.5,3.0,1.58,6.8,27.7
PIT,2024-05-07,23,0,12,0,13,0.0,0.0,84.62,0.0,0.0,0.0,0.0,1.69,2.19,1.62,8.23
PIT,2024-05-08,0,0,3,0,2,0.0,0.0,100.0,0.0,0.0,0.0,0.0,1.0,8.45,6.5,5.0
PIT,2024-05-08,2,0,0,0,1,0.0,0.0,0.0,0.0,0.0,0.0,0.0,57.0,1.5,62.0,47.0
PIT,2024-05-08,3,0,0,2,0,50.0,50.0,0.0,38.0,14.0,3.4,41.0,0.0,0.0,0.0,0.0
PIT,2024-05-08,4,0,0,0,1,0.0,0.0,100.0,0.0,0.0,0.0,0.0,0.0,1.5,0.0,0.0
PIT,2024-05-08,5,5,0,5,3,100.0,100.0,33.33,0.0,14.8,3.84,2.2,1.0,1.5,3.67,44.67
PIT,2024-05-08,6,18,0,21,1,85.71,80.95,0.0,15.0,15.81,4.81,18.33,9.0,1.5,16.0,17.0
PIT,2024-05-08,7,10,3,13,4,84.62,76.92,75.0,5.85,17.08,6.35,10.62,3.25,0.88,13.0,8.75
PIT,2024-05-08,8,13,5,17,5,70.59,64.71,60.0,16.88,20.94,10.72,26.82,4.0,1.02,20.4,34.0
PIT,2024-05-08,9,6,5,10,7,70.0,70.0,71.43,23.9,14.8,4.31,27.5,3.57,1.81,9.29,14.86
PIT,2024-05-08,10,5,9,7,9,71.43,71.43,88.89,9.0,16.43,6.03,12.71,3.33,1.68,7.11,6.22
PIT,2024-05-08,11,10,6,10,6,90.0,90.0,100.0,3.4,12.6,2.11,4.5,1.67,1.93,4.0,3.17
PIT,2024-05-08,12,6,5,7,7,85.71,85.71,42.86,14.71,13.57,3.63,16.14,2.86,1.57,3.43,16.71
PIT,2024-05-08,13,8,7,10,9,70.0,60.0,88.89,8.4,15.8,5.02,12.4,1.67,0.93,1.67,3.78
PIT,2024-05-08,14,4,5,4,7,50.0,50.0,57.14,66.75,23.0,12.75,79.0,2.57,1.7,2.29,21.86
PIT,2024-05-08,15,3,12,6,14,16.67,16.67,64.29,34.0,13.67,3.08,36.83,4.43,1.06,9.36,14.64
PIT,2024-05-08,16,12,8,15,13,73.33,66.67,76.92,12.47,18.4,8.05,19.27,1.92,1.24,6.69,23.0
PIT,2024-05-08,17,8,5,8,8,75.0,62.5,62.5,15.88,21.63,11.9,27.0,2.75,1.16,3.25,57.75
PIT,2024-05-08,18,10,13,11,14,90.91,90.91,78.57,3.82,16.18,5.1,7.55,0.93,3.34,4.07,8.07
PIT,2024-05-08,19,8,6,9,11,66.67,55.56,45.45,12.33,14.0,4.27,15.44,3.36,2.35,6.36,51.27
PIT,2024-05-08,20,5,11,5,13,60.0,40.0,61.54,78.4,14.2,4.72,81.4,0.69,1.82,2.69,40.85
PIT,2024-05-08,21,2,9,4,10,75.0,50.0,80.0,23.5,23.75,13.15,35.25,2.5,1.4,1.8,12.3
PIT,2024-05-08,22,0,10,2,12,100.0,100.0,41.67,0.0,15.0,4.4,0.0,1.92,2.49,9.42,53.0
PIT,2024-05-08,23,0,11,0,11,0.0,0.0,45.45,0.0,0.0,0.0,0.0,0.91,1.8,5.82,22.36
PIT,2024-05-09,0,0,3,0,4,0.0,0.0,25.0,0.0,0.0,0.0,0.0,2.5,3.48,5.75,49.75
PIT,2024-05-09,1,0,0,0,1,0.0,0.0,100.0,0.0,0.0,0.0,0.0,0.0,1.5,1.0,6.0
PIT,2024-05-09,3,0,0,1,0,100.0,100.0,0.0,0.0,10.0,0.0,0.0,0.0,0.0,0.0,0.0
PIT,2024-05-09,4,0,1,0,1,0.0,0.0,100.0,0.0,0.0,0.0,0.0,0.0,1.5,0.0,0.0
PIT,2024-05-09,5,5,1,6,3,83.33,83.33,0.0,4.83,13.33,3.18,6.33,0.0,1.33,0.0,51.33
PIT,2024-05-09,6,19,0,23,0,95.65,91.3,0.0,2.0,16.39,5.6,4.91,0.0,0.0,0.0,0.0
PIT,2024-05-09,7,11,2,16,2,68.75,62.5,50.0,15.44,13.81,3.28,17.56,0.0,2.5,3.5,7.5
PIT,2024-05-09,8,11,4,15,4,66.67,66.67,100.0,20.0,11.8,1.71,21.13,4.75,4.53,8.25,1.75
PIT,2024-05-09,9,6,7,6,7,83.33,66.67,100.0,14.5,13.33,4.13,17.0,5.0,4.06,3.57,2.14
PIT,2024-05-09,10,7,10,7,13,85.71,71.43,76.92,2.29,18.0,7.97,8.57,4.69,3.34,8.62,6.23
PIT,2024-05-09,11,11,7,17,9,70.59,70.59,66.67,20.71,13.12,3.06,22.47,3.44,3.12,4.0,14.33
PIT,2024-05-09,12,5,6,7,11,71.43,71.43,54.55,12.14,10.57,0.94,12.43,2.91,3.82,5.55,17.45
PIT,2024-05-09,13,10,10,12,10,75.0,75.0,90.0,15.25,11.67,1.24,15.42,3.7,3.46,4.0,10.5
PIT,2024-05-09,14,7,5,8,6,100.0,87.5,83.33,1.0,16.75,6.4,5.88,0.33,3.2,2.17,10.0
PIT,2024-05-09,15,4,12,5,15,40.0,0.0,73.33,40.0,21.0,10.42,47.8,2.4,4.35,6.67,26.27
PIT,2024-05-09,16,13,7,15,11,66.67,60.0,45.45,25.87,14.73,4.37,29.47,2.82,3.08,5.0,39.09
PIT,2024-05-09,17,7,6,9,9,55.56,55.56,55.56,31.44,14.0,4.31,35.11,5.33,3.58,8.33,27.22
PIT,2024-05-09,18,10,12,10,14,80.0,80.0,57.14,12.7,11.7,1.31,13.8,4.71,3.94,6.71,41.0
PIT,2024-05-09,19,9,10,11,11,45.45,36.36,63.64,56.09,15.45,5.2,60.45,4.91,3.12,12.27,20.64
PIT,2024-05-09,20,7,10,7,14,42.86,42.86,42.86,28.14,12.71,3.34,31.0,1.93,2.78,5.43,27.79
PIT,2024-05-09,21,1,8,3,8,100.0,100.0,62.5,2.0,17.0,6.4,5.67,1.75,9.64,8.25,27.63
PIT,2024-05-09,22,2,13,6,14,50.0,66.67,42.86,10.83,11.67,2.2,11.5,3.07,4.3,4.21,35.14
PIT,2024-05-09,23,0,11,1,12,0.0,0.0,50.0,83.0,14.0,3.4,86.0,3.75,4.14,4.92,30.33
PIT,2024-05-10,0,0,3,2,5,100.0,100.0,80.0,0.0,10.0,0.0,0.0,0.0,3.32,0.0,93.6
PIT,2024-05-10,1,0,0,0,0,0.0,0.0,0.0,0.0,0.0,0.0,0.0,0.0,0.0,0.0,0.0
PIT,2024-05-10,2,0,0,0,1,0.0,0.0,100.0,0.0,0.0,0.0,0.0,0.0,2.5,0.0,0.0
PIT,2024-05-10,3,0,0,1,0,100.0,100.0,0.0,0.0,10.0,0.0,0.0,0.0,0.0,0.0,0.0
PIT,2024-05-10,4,0,1,0,2,0.0,0.0,100.0,0.0,0.0,0.0,0.0,0.5,2.0,0.0,0.0
PIT,2024-05-10,5,6,1,6,4,100.0,100.0,50.0,0.67,13.83,3.87,2.33,0.0,3.5,5.25,22.75
PIT,2024-05-10,6,21,0,25,2,88.0,84.0,50.0,5.16,17.44,6.58,8.68,0.5,2.5,2.0,17.0
PIT,2024-05-10,7,11,2,14,3,71.43,71.43,33.33,22.93,16.93,6.45,27.86,3.33,2.17,7.33,49.67
PIT,2024-05-10,8,10,6,13,7,84.62,84.62,85.71,7.54,14.46,3.69,9.46,2.71,3.37,8.14,7.43
PIT,2024-05-10,9,7,6,10,6,100.0,80.0,83.33,1.2,18.0,7.12,5.8,3.5,2.32,3.17,5.33
PIT,2024-05-10,10,5,11,7,13,71.43,57.14,76.92,26.57,17.14,7.03,31.71,3.46,3.88,3.54,8.69
PIT,2024-05-10,11,12,9,13,10,76.92,69.23,70.0,18.85,12.77,2.45,20.62,4.0,5.06,7.1,36.1
PIT,2024-05-10,12,7,6,12,8,75.0,75.0,75.0,25.67,14.25,3.97,27.83,4.0,3.94,10.25,9.13
PIT,2024-05-10,13,10,8,9,8,77.78,77.78,100.0,16.22,16.0,5.18,19.67,1.88,3.53,1.0,0.38
PIT,2024-05-10,14,5,4,7,6,57.14,42.86,66.67,20.43,17.86,7.54,27.29,3.0,3.2,2.5,16.83
PIT,2024-05-10,15,3,12,5,13,20.0,20.0,69.23,47.4,16.4,6.24,53.2,2.62,3.94,6.54,35.15
PIT,2024-05-10,16,13,8,14,9,78.57,71.43,66.67,25.43,17.0,6.59,29.86,1.56,3.1,0.0,11.56
PIT,2024-05-10,17,8,6,9,9,33.33,33.33,44.44,47.67,12.89,2.98,49.22,2.56,2.07,2.11,22.67
PIT,2024-05-10,18,10,14,13,15,61.54,61.54,46.67,11.62,14.0,3.09,13.15,1.13,3.47,1.6,30.67
PIT,2024-05-10,19,10,9,10,13,50.0,50.0,38.46,31.1,16.0,5.72,35.8,3.62,2.38,8.31,24.54
PIT,2024-05-10,20,8,10,8,10,50.0,37.5,60.0,22.5,15.13,5.4,26.0,0.5,1.69,1.2,25.4
PIT,2024-05-10,21,3,9,5,11,60.0,60.0,63.64,35.0,17.0,6.4,39.2,1.45,5.27,5.73,18.64
PIT,2024-05-10,22,2,13,3,13,33.33,33.33,53.85,36.0,9.67,0.13,35.0,2.62,8.67,9.0,30.08
PIT,2024-05-10,23,0,13,0,13,0.0,0.0,61.54,0.0,0.0,0.0,0.0,2.31,3.86,2.08,22.15
PIT,2024-05-11,0,0,1,0,3,0.0,0.0,33.33,0.0,0.0,0.0,0.0,0.0,2.2,0.0,55.0
PIT,2024-05-11,1,0,0,0,1,0.0,0.0,100.0,0.0,0.0,0.0,0.0,0.0,1.5,0.0,0.0
PIT,2024-05-11,2,0,0,0,0,0.0,0.0,0.0,0.0,0.0,0.0,0.0,0.0,0.0,0.0,0.0
PIT,2024-05-11,3,0,0,1,0,100.0,100.0,0.0,0.0,10.0,0.0,0.0,0.0,0.0,0.0,0.0
PIT,2024-05-11,4,0,1,0,1,0.0,0.0,100.0,0.0,0.0,0.0,0.0,0.0,2.5,0.0,0.0
PIT,2024-05-11,5,3,1,3,2,100.0,100.0,100.0,0.0,12.33,1.97,0.33,0.0,1.5,0.0,6.5
PIT,2024-05-11,6,17,0,17,2,94.12,82.35,50.0,4.47,14.94,4.18,7.12,5.5,1.5,7.0,22.5
PIT,2024-05-11,7,11,3,15,4,93.33,93.33,25.0,10.6,16.0,5.3,13.87,0.5,1.0,1.25,61.0
PIT,2024-05-11,8,10,4,14,7,78.57,78.57,85.71,6.64,12.93,2.41,7.71,0.29,1.06,2.43,7.29
PIT,2024-05-11,9,5,3,6,3,83.33,83.33,100.0,5.33,15.17,4.77,6.0,1.33,0.63,0.0,0.0
PIT,2024-05-11,10,5,6,5,6,100.0,100.0,66.67,0.8,12.6,2.92,1.4,1.33,1.17,5.67,32.5
PIT,2024-05-11,11,9,9,10,9,70.0,70.0,88.89,27.7,14.7,3.94,30.5,2.33,1.62,3.22,4.44
PIT,2024-05-11,12,5,5,6,6,100.0,100.0,83.33,0.17,17.0,6.73,3.33,4.17,2.38,1.0,8.0
PIT,2024-05-11,13,7,8,7,7,85.71,71.43,85.71,5.71,19.71,8.84,11.71,1.57,2.44,2.14,55.0
PIT,2024-05-11,14,9,6,7,8,85.71,85.71,75.0,6.86,14.71,4.97,9.29,3.0,1.95,1.63,6.5
PIT,2024-05-11,15,5,10,6,11,83.33,83.33,81.82,4.67,12.83,3.1,7.0,1.82,1.02,0.64,7.27
PIT,2024-05-11,16,11,10,11,11,72.73,72.73,90.91,39.36,14.55,4.07,40.55,4.27,1.07,2.09,14.45
PIT,2024-05-11,17,8,7,8,10,12.5,12.5,40.0,49.5,15.88,6.4,55.5,10.4,3.24,12.9,66.8
PIT,2024-05-11,18,10,9,13,11,7.69,0.0,9.09,65.77,14.69,4.04,69.62,28.45,2.0,27.55,32.55
PIT,2024-05-11,19,4,9,4,13,50.0,50.0,61.54,18.0,17.75,7.1,23.75,2.46,2.56,2.31,19.92
PIT,2024-05-11,20,2,7,2,8,100.0,100.0,75.0,0.0,12.0,1.9,0.0,0.88,1.88,0.5,8.25
PIT,2024-05-11,21,1,6,1,6,0.0,0.0,50.0,75.0,19.0,8.4,83.0,0.67,2.43,1.67,14.0
PIT,2024-05-11,22,1,9,2,10,0.0,0.0,50.0,43.5,15.5,4.9,48.0,1.7,2.02,5.8,20.8
PIT,2024-05-11,23,0,9,1,9,0.0,0.0,55.56,56.0,13.0,4.4,60.0,1.0,2.77,10.22,16.22
PIT,2024-05-12,0,0,2,0,1,0.0,0.0,0.0,0.0,0.0,0.0,0.0,2.0,0.0,0.0,18.0
PIT,2024-05-12,1,0,0,0,0,0.0,0.0,0.0,0.0,0.0,0.0,0.0,0.0,0.0,0.0,0.0
PIT,2024-05-12,2,0,0,0,1,0.0,0.0,100.0,0.0,0.0,0.0,0.0,0.0,2.5,2.0,0.0
PIT,2024-05-12,3,0,0,2,1,100.0,100.0,0.0,0.0,16.5,6.2,6.0,2.0,2.5,7.0,28.0
PIT,2024-05-12,4,0,1,0,1,0.0,0.0,100.0,0.0,0.0,0.0,0.0,0.0,0.0,0.0,0.0
PIT,2024-05-12,5,4,1,4,1,75.0,75.0,100.0,5.75,12.5,1.1,6.0,0.0,0.5,0.0,0.0
PIT,2024-05-12,6,19,0,19,0,89.47,89.47,0.0,2.11,15.58,4.76,3.95,0.0,0.0,0.0,0.0
PIT,2024-05-12,7,9,1,9,1,88.89,88.89,100.0,3.22,14.56,3.96,5.33,3.0,0.0,0.0,0.0
PIT,2024-05-12,8,10,3,10,3,100.0,90.0,100.0,2.1,14.1,3.48,4.4,2.67,1.07,0.0,0.0
PIT,2024-05-12,9,6,5,7,6,71.43,71.43,83.33,8.43,14.86,4.21,11.14,2.83,1.82,4.83,9.83
PIT,2024-05-12,10,7,9,9,9,100.0,88.89,100.0,1.11,14.22,4.07,2.22,3.0,3.24,0.44,0.0
PIT,2024-05-12,11,10,8,12,12,83.33,75.0,75.0,8.17,16.92,6.46,12.75,2.42,3.72,4.5,13.25
PIT,2024-05-12,12,6,8,7,11,85.71,85.71,81.82,4.43,13.14,3.11,6.86,2.36,2.66,5.0,5.09
PIT,2024-05-12,13,11,7,13,10,69.23,69.23,50.0,10.69,15.0,4.27,13.62,1.9,2.04,4.2,12.9
PIT,2024-05-12,14,6,6,6,7,66.67,50.0,85.71,11.67,17.83,7.47,16.5,2.0,1.41,2.43,4.29
PIT,2024-05-12,15,5,10,5,12,60.0,60.0,41.67,31.2,13.4,3.72,34.4,1.75,1.96,10.83,30.0
PIT,2024-05-12,16,10,8,11,12,45.45,45.45,75.0,27.27,13.82,3.05,28.64,5.42,2.66,6.5,16.08
PIT,2024-05-12,17,7,7,11,8,81.82,81.82,75.0,13.91,12.36,2.98,14.09,1.5,1.91,2.13,25.38
PIT,2024-05-12,18,10,11,13,12,69.23,61.54,91.67,22.08,16.0,5.55,26.46,1.42,2.64,0.83,5.33
PIT,2024-05-12,19,8,7,9,10,77.78,77.78,50.0,6.89,15.89,5.36,9.78,1.3,2.76,4.0,45.0
PIT,2024-05-12,20,6,10,7,11,71.43,57.14,72.73,46.43,16.0,6.57,51.0,2.36,1.87,1.64,21.73
PIT,2024-05-12,21,1,7,2,7,50.0,50.0,85.71,11.0,13.5,3.9,13.0,1.29,2.4,0.0,17.71
PIT,2024-05-12,22,2,11,2,11,50.0,50.0,63.64,8.0,16.0,5.4,11.0,1.55,2.67,1.0,8.36
PIT,2024-05-12,23,0,15,0,15,0.0,0.0,73.33,0.0,0.0,0.0,0.0,1.67,1.73,2.47,23.6
PIT,2024-05-13,0,0,3,0,2,0.0,0.0,50.0,0.0,0.0,0.0,0.0,2.5,0.0,0.0,22.5
PIT,2024-05-13,4,0,1,0,1,0.0,0.0,0.0,0.0,0.0,0.0,0.0,0.0,3.5,0.0,87.0
PIT,2024-05-13,5,6,1,6,1,66.67,66.67,100.0,18.0,14.83,4.27,20.17,0.0,0.0,0.0,0.0
PIT,2024-05-13,6,21,0,23,0,86.96,86.96,0.0,5.52,16.22,5.33,9.43,0.0,0.0,0.0,0.0
PIT,2024-05-13,7,11,2,14,2,92.86,78.57,50.0,3.57,16.71,6.08,9.07,0.0,1.5,2.0,10.0
PIT,2024-05-13,8,10,6,10,6,100.0,100.0,100.0,0.8,13.6,3.14,1.7,2.33,2.5,7.0,3.17
PIT,2024-05-13,9,7,6,7,6,85.71,85.71,83.33,5.29,17.86,7.13,8.43,2.83,0.73,0.0,7.67
PIT,2024-05-13,10,5,11,6,12,83.33,83.33,83.33,5.5,18.33,8.3,12.0,2.0,1.98,0.92,9.75
PIT,2024-05-13,11,12,9,13,10,84.62,84.62,70.0,9.77,14.38,4.07,10.85,3.2,3.69,4.6,7.8
PIT,2024-05-13,12,7,6,9,7,88.89,88.89,85.71,5.56,12.0,1.89,6.11,1.0,1.71,3.14,94.14
PIT,2024-05-13,13,9,8,10,8,40.0,30.0,75.0,80.9,14.7,3.65,83.8,2.25,0.71,1.25,6.5
PIT,2024-05-13,14,6,4,7,6,85.71,85.71,83.33,4.0,14.86,4.54,7.57,2.33,0.5,0.33,4.67
PIT,2024-05-13,15,3,12,3,14,33.33,33.33,78.57,19.33,14.0,3.6,22.67,3.64,1.1,7.14,19.5
PIT,2024-05-13,16,13,8,14,10,64.29,57.14,60.0,22.71,16.43,6.01,26.86,2.6,1.74,3.2,28.9
PIT,2024-05-13,17,8,6,7,6,85.71,85.71,66.67,29.86,14.14,3.97,31.0,2.5,0.67,4.67,10.17
PIT,2024-05-13,18,10,15,12,18,41.67,41.67,83.33,39.5,12.17,1.38,40.25,1.72,2.21,3.44,11.89
PIT,2024-05-13,19,11,8,12,11,66.67,58.33,54.55,19.92,14.0,3.67,22.33,1.64,1.3,2.27,15.18
PIT,2024-05-13,20,7,11,7,13,42.86,42.86,61.54,40.0,16.14,6.63,45.29,2.46,3.61,6.62,14.15
PIT,2024-05-13,21,3,8,6,9,83.33,66.67,77.78,5.5,16.17,5.67,9.5,4.0,1.76,3.11,31.11
PIT,2024-05-13,22,2,13,4,14,100.0,100.0,57.14,0.0,14.0,3.4,1.0,2.79,1.04,2.57,10.5
PIT,2024-05-13,23,0,13,1,13,100.0,100.0,84.62,0.0,20.0,9.4,9.0,1.38,2.18,0.23,8.69
PIT,2024-05-14,0,0,2,2,5,100.0,100.0,80.0,0.0,16.0,5.7,5.5,0.8,0.68,2.0,12.4
PIT,2024-05-14,1,0,0,0,1,0.0,0.0,100.0,0.0,0.0,0.0,0.0,0.0,0.0,0.0,0.0
PIT,2024-05-14,2,0,0,1,1,100.0,100.0,100.0,0.0,22.0,11.4,11.0,2.0,1.5,12.0,0.0
PIT,2024-05-14,3,0,0,1,0,100.0,100.0,0.0,0.0,10.0,0.0,0.0,0.0,0.0,0.0,0.0
PIT,2024-05-14,4,0,0,1,2,0.0,0.0,50.0,23.0,15.0,4.4,27.0,0.0,3.0,0.0,28.5
PIT,2024-05-14,5,4,0,4,4,75.0,75.0,75.0,15.5,15.25,4.2,18.0,0.5,1.63,0.0,21.25
PIT,2024-05-14,6,18,0,22,0,95.45,90.91,0.0,1.68,16.55,5.6,5.5,0.0,0.0,0.0,0.0
PIT,2024-05-14,7,11,3,13,5,76.92,76.92,40.0,14.62,14.54,4.05,16.62,0.6,2.34,3.2,15.6
PIT,2024-05-14,8,13,5,18,6,77.78,72.22,66.67,10.94,14.22,3.82,13.17,2.17,1.55,2.67,21.83
PIT,2024-05-14,9,6,5,8,5,87.5,87.5,60.0,11.88,14.88,4.55,14.13,3.4,3.04,2.4,35.0
PIT,2024-05-14,10,4,9,5,9,80.0,60.0,88.89,4.6,21.0,10.68,14.4,4.44,1.28,3.67,12.78
PIT,2024-05-14,11,10,7,10,8,90.0,90.0,87.5,8.8,14.2,3.71,10.3,2.5,5.01,1.38,6.38
PIT,2024-05-14,12,7,7,7,7,85.71,85.71,100.0,27.86,16.0,6.06,29.57,1.57,3.23,2.14,0.29
PIT,2024-05-14,13,10,7,12,8,83.33,75.0,25.0,8.83,16.42,5.69,12.58,5.75,3.17,14.0,39.63
PIT,2024-05-14,14,4,5,5,5,60.0,40.0,80.0,24.0,15.8,5.6,29.2,2.2,2.98,6.2,11.2
PIT,2024-05-14,15,3,11,3,13,33.33,33.33,53.85,70.33,12.0,1.43,71.67,2.08,2.69,5.92,26.77
PIT,2024-05-14,16,12,9,12,10,75.0,75.0,60.0,13.75,15.17,4.78,15.83,3.8,2.01,4.5,15.7
PIT,2024-05-14,17,9,5,10,10,50.0,50.0,80.0,18.4,13.0,3.16,19.7,0.8,2.59,1.3,32.2
PIT,2024-05-14,18,9,12,13,15,76.92,76.92,86.67,36.0,11.08,0.83,35.85,4.0,3.68,2.73,7.0
PIT,2024-05-14,19,8,6,8,6,75.0,75.0,66.67,5.5,13.38,3.6,7.63,3.67,3.57,4.5,21.0
PIT,2024-05-14,20,5,10,5,13,20.0,20.0,69.23,30.8,9.8,0.44,30.8,0.46,1.62,1.69,18.31
PIT,2024-05-14,21,1,9,3,10,100.0,100.0,70.0,0.0,11.67,1.47,1.0,0.6,3.37,0.9,15.8
PIT,2024-05-14,22,0,9,2,9,100.0,100.0,88.89,0.0,12.0,1.4,0.0,1.22,2.79,0.56,5.0
PIT,2024-05-14,23,0,13,1,13,0.0,0.0,84.62,45.0,11.0,0.4,45.0,1.69,3.17,1.0,8.54
PIT,2024-05-15,0,0,3,1,4,0.0,0.0,100.0,20.0,11.0,0.4,20.0,0.0,3.73,1.0,4.5
PIT,2024-05-15,1,0,0,0,1,0.0,0.0,100.0,0.0,0.0,0.0,0.0,0.0,3.5,0.0,0.0
PIT,2024-05-15,3,0,0,1,0,100.0,100.0,0.0,0.0,10.0,0.0,0.0,0.0,0.0,0.0,0.0
PIT,2024-05-15,4,0,0,0,1,0.0,0.0,100.0,0.0,0.0,0.0,0.0,3.0,4.5,0.0,0.0
PIT,2024-05-15,5,5,0,5,3,80.0,60.0,33.33,22.4,17.4,6.54,26.0,0.0,4.83,9.0,28.33
PIT,2024-05-15,6,18,0,21,0,80.95,80.95,0.0,4.67,13.86,3.33,6.38,0.0,0.0,0.0,0.0
PIT,2024-05-15,7,10,3,13,3,61.54,61.54,100.0,12.77,12.0,1.88,12.85,2.0,3.17,4.33,3.33
PIT,2024-05-15,8,13,5,18,5,72.22,77.78,100.0,9.67,11.5,1.64,10.28,5.8,3.96,7.8,5.2
PIT,2024-05-15,9,6,5,7,6,100.0,100.0,50.0,0.57,13.14,3.57,1.0,4.0,4.95,10.5,13.67
PIT,2024-05-15,10,4,9,6,9,83.33,83.33,100.0,15.0,12.67,2.73,16.17,2.22,3.8,0.78,1.44
PIT,2024-05-15,11,10,6,10,7,100.0,100.0,85.71,0.6,10.6,0.76,0.7,2.0,4.3,0.14,19.0
PIT,2024-05-15,12,6,5,7,8,57.14,57.14,62.5,39.0,12.86,3.0,40.14,3.13,3.19,3.5,15.38
PIT,2024-05-15,13,8,7,10,9,80.0,70.0,66.67,16.1,13.0,3.18,18.0,4.11,2.7,11.0,20.33
PIT,2024-05-15,14,4,5,5,5,80.0,80.0,80.0,19.4,13.8,3.48,21.0,2.8,2.98,3.6,17.0
PIT,2024-05-15,15,3,11,4,12,75.0,75.0,75.0,38.75,13.0,2.08,40.5,0.5,3.29,3.5,35.42
PIT,2024-05-15,16,12,8,13,12,76.92,76.92,58.33,24.38,12.85,2.38,25.38,1.33,3.13,2.33,40.83
PIT,2024-05-15,17,8,5,9,9,66.67,66.67,66.67,43.44,10.11,0.89,44.11,1.44,3.04,2.22,44.11
PIT,2024-05-15,18,10,13,12,14,83.33,83.33,78.57,27.25,10.67,0.52,27.33,2.29,3.41,2.86,25.29
PIT,2024-05-15,19,8,6,7,6,57.14,57.14,50.0,48.86,13.57,3.29,49.71,2.17,2.9,3.0,34.17
PIT,2024-05-15,20,5,11,5,14,60.0,60.0,42.86,13.4,8.8,0.48,12.6,0.71,2.46,1.79,55.71
PIT,2024-05-15,21,2,9,5,10,40.0,40.0,80.0,36.2,13.2,2.92,38.2,0.9,2.97,0.4,40.9
PIT,2024-05-15,22,0,10,2,10,100.0,100.0,40.0,0.0,12.5,1.9,0.0,3.2,3.76,6.6,44.8
PIT,2024-05-15,23,0,11,1,13,0.0,0.0,69.23,80.0,13.0,2.4,82.0,1.85,3.32,2.62,23.92
PIT,2024-05-16,0,0,3,1,4,0.0,0.0,50.0,18.0,13.0,2.4,20.0,0.5,3.75,3.0,33.5
PIT,2024-05-16,1,0,0,0,1,0.0,0.0,0.0,0.0,0.0,0.0,0.0,0.0,3.5,5.0,37.0
PIT,2024-05-16,2,0,0,1,0,0.0,0.0,0.0,93.0,13.0,2.4,95.0,0.0,0.0,0.0,0.0
PIT,2024-05-16,4,0,1,0,1,0.0,0.0,100.0,0.0,0.0,0.0,0.0,4.0,3.5,7.0,0.0
PIT,2024-05-16,5,5,1,4,3,100.0,100.0,66.67,0.25,14.25,4.18,2.5,0.0,4.5,2.67,8.33
PIT,2024-05-16,6,19,1,20,0,90.0,85.0,0.0,15.1,17.7,7.3,20.8,0.0,0.0,0.0,0.0
PIT,2024-05-16,7,12,3,13,5,69.23,69.23,40.0,15.69,12.08,1.77,16.31,7.6,4.1,12.2,44.6
PIT,2024-05-16,8,12,5,15,7,73.33,73.33,71.43,9.07,12.13,2.07,9.2,3.71,3.94,7.43,12.43
PIT,2024-05-16,9,6,7,10,9,70.0,70.0,88.89,24.7,15.3,5.19,28.6,4.33,4.38,5.56,4.11
PIT,2024-05-16,10,6,10,7,11,100.0,71.43,72.73,2.0,18.86,8.74,9.0,2.45,3.76,5.0,6.64
PIT,2024-05-16,11,11,7,14,7,64.29,57.14,85.71,20.5,13.71,3.42,22.79,6.29,5.44,7.43,7.0
PIT,2024-05-16,12,6,6,6,8,100.0,100.0,50.0,2.83,10.17,0.7,2.67,4.0,3.56,6.63,24.75
PIT,2024-05-16,13,9,10,10,10,70.0,70.0,70.0,14.6,14.9,4.09,18.2,4.2,3.56,4.8,9.1
PIT,2024-05-16,14,8,4,9,6,44.44,33.33,66.67,19.67,21.56,11.18,30.33,3.17,2.53,3.33,23.17
PIT,2024-05-16,15,3,12,6,17,50.0,50.0,47.06,23.5,14.5,4.33,27.17,1.29,1.95,13.59,37.0
PIT,2024-05-16,16,13,7,14,7,71.43,57.14,57.14,27.93,18.57,8.16,33.93,2.29,3.7,4.29,20.43
PIT,2024-05-16,17,7,7,9,8,33.33,33.33,62.5,33.67,17.22,7.18,39.33,2.25,4.18,7.0,24.38
PIT,2024-05-16,18,11,13,11,21,63.64,54.55,61.9,23.55,13.45,2.54,25.09,3.38,3.27,6.33,18.1
PIT,2024-05-16,19,9,10,10,12,50.0,40.0,58.33,29.1,17.3,7.04,35.5,0.83,5.11,5.5,37.33
PIT,2024-05-16,20,8,10,10,11,80.0,80.0,81.82,24.5,15.5,5.7,28.3,0.82,2.77,0.91,13.27
PIT,2024-05-16,21,2,7,4,9,75.0,75.0,44.44,9.75,14.75,4.15,11.25,1.89,4.33,11.89,28.22
PIT,2024-05-16,22,2,14,4,14,100.0,100.0,57.14,0.0,11.75,1.15,0.0,1.0,3.23,1.86,37.86
PIT,2024-05-16,23,0,11,3,12,66.67,66.67,58.33,13.0,12.67,2.27,15.0,1.5,2.98,3.25,60.25
PIT,2024-05-17,0,0,3,2,4,50.0,50.0,75.0,19.5,18.5,7.9,27.0,0.25,2.03,0.0,6.25
PIT,2024-05-17,1,0,0,0,1,0.0,0.0,100.0,0.0,0.0,0.0,0.0,0.0,1.5,0.0,0.0
PIT,2024-05-17,3,0,0,1,0,100.0,100.0,0.0,0.0,10.0,0.0,0.0,0.0,0.0,0.0,0.0
PIT,2024-05-17,4,0,1,0,2,0.0,0.0,100.0,0.0,0.0,0.0,0.0,0.0,1.5,0.0,0.0
PIT,2024-05-17,5,6,1,6,4,83.33,83.33,50.0,3.67,18.17,7.6,9.17,0.0,2.25,2.0,18.75
PIT,2024-05-17,6,20,1,22,1,90.91,90.91,100.0,10.95,14.36,3.79,13.09,3.0,0.5,0.0,13.0
PIT,2024-05-17,7,12,3,14,2,78.57,78.57,100.0,10.36,14.86,4.19,12.57,2.0,1.0,0.0,0.0
PIT,2024-05-17,8,11,6,13,7,76.92,76.92,100.0,11.69,13.38,2.82,12.77,1.86,1.17,5.43,0.57
PIT,2024-05-17,9,7,6,10,6,100.0,90.0,100.0,1.8,15.7,4.88,4.1,2.5,5.07,3.5,3.67
PIT,2024-05-17,10,5,10,7,10,100.0,85.71,80.0,0.29,16.29,6.34,4.71,1.6,1.35,0.3,9.8
PIT,2024-05-17,11,12,9,13,10,76.92,76.92,70.0,11.54,13.62,3.3,13.23,2.8,3.66,3.8,14.1
PIT,2024-05-17,12,6,6,7,9,85.71,71.43,55.56,6.0,14.43,4.2,9.0,2.78,4.57,5.89,40.11
PIT,2024-05-17,13,11,10,14,13,64.29,57.14,61.54,38.43,16.79,5.83,42.36,1.08,1.86,1.92,29.46
PIT,2024-05-17,14,6,4,8,4,87.5,75.0,75.0,5.5,17.63,7.35,11.38,3.0,6.05,2.0,48.75
PIT,2024-05-17,15,4,13,5,14,20.0,0.0,57.14,69.8,14.6,4.02,73.6,3.36,5.76,7.71,26.79
PIT,2024-05-17,16,13,8,13,8,69.23,61.54,50.0,25.92,17.54,7.09,29.92,1.75,2.92,0.75,16.75
PIT,2024-05-17,17,8,8,9,11,44.44,44.44,81.82,17.56,17.0,7.18,22.78,2.27,1.65,1.64,10.64
PIT,2024-05-17,18,13,14,13,14,69.23,61.54,78.57,15.0,14.38,3.43,17.0,2.57,2.34,3.79,12.36
PIT,2024-05-17,19,10,11,11,11,63.64,63.64,54.55,10.36,13.64,3.29,12.27,1.0,4.16,2.91,22.55
PIT,2024-05-17,20,10,10,10,13,50.0,50.0,53.85,21.6,16.6,6.76,26.8,1.85,3.43,10.92,21.69
PIT,2024-05-17,21,3,10,5,12,20.0,20.0,66.67,18.4,15.8,5.2,22.4,0.5,4.92,3.5,28.17
PIT,2024-05-17,22,3,15,3,15,33.33,33.33,60.0,45.33,16.33,5.73,49.0,0.93,1.72,2.07,17.0
PIT,2024-05-17,23,0,11,1,11,100.0,100.0,81.82,0.0,15.0,4.4,4.0,1.27,2.58,0.09,6.73
PIT,2024-05-18,0,0,1,2,5,100.0,100.0,60.0,0.0,13.0,2.4,2.0,1.4,3.24,2.0,15.4
PIT,2024-05-18,1,0,0,0,1,0.0,0.0,100.0,0.0,0.0,0.0,0.0,0.0,0.5,1.0,0.0
PIT,2024-05-18,3,0,0,1,0,100.0,100.0,0.0,0.0,15.0,4.4,4.0,0.0,0.0,0.0,0.0
PIT,2024-05-18,4,0,1,0,1,0.0,0.0,100.0,0.0,0.0,0.0,0.0,0.0,2.5,0.0,0.0
PIT,2024-05-18,5,3,1,3,2,100.0,100.0,50.0,2.67,14.33,2.47,3.33,0.0,1.5,1.5,71.5
PIT,2024-05-18,6,17,1,18,3,83.33,77.78,66.67,5.17,17.94,7.12,10.22,5.0,3.5,6.67,10.0
PIT,2024-05-18,7,12,4,15,4,80.0,66.67,100.0,9.13,17.73,7.11,14.73,0.5,7.5,4.25,0.0
PIT,2024-05-18,8,11,4,14,5,92.86,92.86,80.0,1.57,14.93,4.17,3.43,2.6,1.28,4.0,8.8
PIT,2024-05-18,9,4,3,8,3,87.5,75.0,100.0,2.63,15.25,5.05,6.0,2.0,0.47,0.0,0.0
PIT,2024-05-18,10,4,6,6,6,66.67,66.67,100.0,17.5,14.67,4.83,21.5,2.5,0.27,3.0,3.83
PIT,2024-05-18,11,10,9,10,10,90.0,90.0,100.0,11.4,14.0,3.44,11.8,2.3,2.19,4.6,2.7
PIT,2024-05-18,12,5,5,5,6,80.0,80.0,66.67,35.0,16.6,6.4,37.2,1.17,4.03,11.0,27.83
PIT,2024-05-18,13,7,8,7,9,85.71,57.14,55.56,18.57,18.0,7.39,25.14,1.44,1.27,2.67,31.11
PIT,2024-05-18,14,9,6,10,7,50.0,50.0,71.43,57.6,15.3,5.36,60.6,0.57,5.23,1.0,30.0
PIT,2024-05-18,15,5,10,5,12,60.0,60.0,58.33,37.6,14.0,4.32,41.4,2.33,0.82,2.33,37.67
PIT,2024-05-18,16,11,11,12,14,66.67,66.67,78.57,32.83,14.25,3.82,34.25,2.07,4.49,3.71,12.14
PIT,2024-05-18,17,8,8,8,9,100.0,100.0,100.0,2.5,12.13,2.65,3.25,1.56,1.83,1.33,1.0
PIT,2024-05-18,18,12,10,12,12,58.33,58.33,50.0,33.67,14.42,3.86,36.17,4.58,1.35,11.75,34.67
PIT,2024-05-18,19,4,9,5,10,60.0,40.0,60.0,27.6,15.0,4.48,31.4,0.1,2.31,0.7,33.3
PIT,2024-05-18,20,2,7,2,7,50.0,50.0,71.43,28.5,12.5,2.4,29.5,0.71,0.61,1.29,28.71
PIT,2024-05-18,21,1,6,1,6,100.0,100.0,16.67,0.0,14.0,3.4,0.0,2.67,2.93,7.33,90.83
PIT,2024-05-18,22,2,8,2,9,0.0,0.0,55.56,85.0,13.5,2.9,87.5,0.44,0.48,0.11,33.44
PIT,2024-05-18,23,0,9,0,9,0.0,0.0,77.78,0.0,0.0,0.0,0.0,0.44,1.88,0.89,24.56
PIT,2024-05-19,0,0,2,0,1,0.0,0.0,0.0,0.0,0.0,0.0,0.0,0.0,0.4,0.0,88.0
PIT,2024-05-19,1,0,0,0,1,0.0,0.0,100.0,0.0,0.0,0.0,0.0,0.0,1.5,0.0,0.0
PIT,2024-05-19,2,0,0,0,0,0.0,0.0,0.0,0.0,0.0,0.0,0.0,0.0,0.0,0.0,0.0
PIT,2024-05-19,3,0,0,1,0,100.0,100.0,0.0,0.0,10.0,0.0,0.0,0.0,0.0,0.0,0.0
PIT,2024-05-19,4,0,1,0,1,0.0,0.0,100.0,0.0,0.0,0.0,0.0,1.0,0.5,0.0,0.0
PIT,2024-05-19,5,4,1,4,1,100.0,100.0,100.0,0.0,14.0,2.45,0.0,0.0,0.5,0.0,0.0
PIT,2024-05-19,6,19,1,20,1,90.0,90.0,100.0,3.75,16.35,5.55,6.5,0.0,0.5,0.0,2.0
PIT,2024-05-19,7,10,2,10,2,100.0,100.0,100.0,0.2,13.8,3.34,1.2,0.5,3.0,0.0,0.0
PIT,2024-05-19,8,11,3,12,3,91.67,91.67,100.0,2.92,13.25,2.88,3.67,0.67,3.87,0.0,0.0
PIT,2024-05-19,9,5,5,8,5,87.5,87.5,100.0,2.63,14.13,3.41,4.5,2.2,1.28,3.2,1.0
PIT,2024-05-19,10,6,10,8,10,100.0,87.5,100.0,1.75,16.38,6.2,4.13,1.1,1.8,1.3,0.6
PIT,2024-05-19,11,11,7,11,9,100.0,100.0,77.78,0.0,13.45,2.95,0.82,2.78,2.47,3.89,8.0
PIT,2024-05-19,12,6,9,6,11,83.33,50.0,100.0,4.5,19.33,9.4,12.17,1.0,2.43,2.18,1.36
PIT,2024-05-19,13,11,7,11,7,90.91,90.91,71.43,1.45,13.36,2.68,1.91,2.29,3.27,3.86,7.0
PIT,2024-05-19,14,7,5,11,6,81.82,72.73,100.0,5.73,13.0,2.78,7.91,2.33,2.15,0.0,0.0
PIT,2024-05-19,15,4,10,5,11,100.0,100.0,90.91,2.2,12.8,3.12,3.6,1.27,2.55,1.73,3.64
PIT,2024-05-19,16,10,8,10,11,90.0,90.0,81.82,13.1,13.8,2.87,14.0,2.18,2.45,1.09,22.0
PIT,2024-05-19,17,7,8,8,9,50.0,50.0,88.89,42.63,16.75,6.52,48.25,0.78,1.1,0.56,4.33
PIT,2024-05-19,18,11,12,13,14,84.62,76.92,85.71,8.38,16.0,5.39,12.85,1.36,2.01,0.79,5.64
PIT,2024-05-19,19,8,8,8,11,75.0,75.0,72.73,4.63,13.25,2.72,5.63,1.45,2.78,10.73,19.82
PIT,2024-05-19,20,8,9,8,9,62.5,62.5,77.78,22.5,12.38,2.72,23.88,1.0,1.34,0.0,5.67
PIT,2024-05-19,21,1,6,2,6,100.0,100.0,50.0,0.0,9.5,1.7,1.5,0.0,2.55,18.33,19.0
PIT,2024-05-19,22,2,12,2,14,50.0,50.0,85.71,28.5,16.5,5.9,29.5,1.36,1.88,2.64,14.43
PIT,2024-05-19,23,0,15,1,15,100.0,100.0,66.67,0.0,10.0,0.0,0.0,0.47,0.79,1.07,22.73
PIT,2024-05-20,0,0,3,0,2,0.0,0.0,0.0,0.0,0.0,0.0,0.0,3.0,0.35,1.0,79.5
PIT,2024-05-20,1,0,0,0,1,0.0,0.0,100.0,0.0,0.0,0.0,0.0,0.0,0.5,0.0,0.0
PIT,2024-05-20,3,0,0,1,0,100.0,100.0,0.0,0.0,10.0,0.0,0.0,0.0,0.0,0.0,0.0
PIT,2024-05-20,4,0,1,0,1,0.0,0.0,100.0,0.0,0.0,0.0,0.0,0.0,2.5,6.0,0.0
PIT,2024-05-20,5,6,1,7,1,85.71,85.71,100.0,4.0,15.71,5.14,5.71,0.0,3.5,0.0,0.0
PIT,2024-05-20,6,20,1,21,1,90.48,90.48,100.0,6.19,14.38,3.52,7.95,0.0,0.0,3.0,13.0
PIT,2024-05-20,7,12,3,13,3,100.0,92.31,100.0,1.38,17.85,7.21,6.38,2.0,1.5,1.0,0.0
PIT,2024-05-20,8,11,6,12,8,91.67,83.33,50.0,4.5,18.75,8.07,8.75,3.13,1.71,7.38,13.88
PIT,2024-05-20,9,7,6,10,7,90.0,80.0,71.43,2.7,19.0,8.31,7.5,1.71,1.13,2.86,15.57
PIT,2024-05-20,10,5,10,5,11,80.0,80.0,81.82,8.8,15.0,5.08,12.0,2.64,0.71,2.18,14.09
PIT,2024-05-20,11,12,9,12,10,75.0,75.0,100.0,13.5,13.92,3.78,15.17,3.6,1.79,3.6,3.1
PIT,2024-05-20,12,6,6,9,5,77.78,66.67,100.0,6.89,19.0,8.69,12.78,1.6,1.4,1.6,0.8
PIT,2024-05-20,13,10,10,11,11,90.91,72.73,81.82,4.36,34.82,23.59,25.09,1.36,1.55,2.09,21.45
PIT,2024-05-20,14,7,4,8,5,75.0,50.0,80.0,32.88,16.5,6.15,37.0,2.6,0.94,2.2,7.8
PIT,2024-05-20,15,4,13,4,14,75.0,75.0,85.71,10.25,12.25,1.83,11.75,2.57,1.44,2.93,7.57
PIT,2024-05-20,16,13,8,13,8,76.92,76.92,62.5,13.08,13.69,3.34,14.62,3.0,2.11,5.63,12.75
PIT,2024-05-20,17,8,8,8,10,87.5,75.0,70.0,6.63,14.88,4.9,8.75,5.5,6.81,7.5,13.7
PIT,2024-05-20,18,13,15,12,15,83.33,83.33,80.0,13.08,14.5,3.66,16.0,0.93,2.75,2.13,19.53
PIT,2024-05-20,19,11,9,12,15,75.0,66.67,53.33,12.58,15.08,4.7,15.67,1.8,1.35,6.6,15.6
PIT,2024-05-20,20,8,11,9,12,55.56,55.56,75.0,10.78,18.11,8.29,15.56,0.25,1.42,2.33,11.83
PIT,2024-05-20,21,3,9,5,10,60.0,60.0,80.0,10.8,16.2,5.6,15.4,1.0,2.45,1.8,7.0
PIT,2024-05-20,22,3,15,5,16,100.0,100.0,62.5,3.6,13.0,2.52,3.4,0.5,1.29,3.25,12.69
PIT,2024-05-20,23,0,11,1,11,0.0,0.0,72.73,72.0,14.0,3.4,75.0,0.91,1.97,2.36,21.18
PIT,2024-05-21,0,0,2,1,4,100.0,100.0,75.0,0.0,10.0,0.0,0.0,0.0,2.73,4.75,10.25
PIT,2024-05-21,1,0,0,0,1,0.0,0.0,100.0,0.0,0.0,0.0,0.0,0.0,1.5,2.0,0.0
PIT,2024-05-21,3,0,0,1,0,100.0,100.0,0.0,0.0,10.0,0.0,0.0,0.0,0.0,0.0,0.0
PIT,2024-05-21,4,0,0,0,2,0.0,0.0,100.0,0.0,0.0,0.0,0.0,0.0,1.5,0.0,0.0
PIT,2024-05-21,5,4,0,5,4,100.0,100.0,50.0,1.6,13.0,2.16,2.6,0.0,2.0,0.5,15.0
PIT,2024-05-21,6,18,1,21,1,80.95,80.95,100.0,7.1,14.81,3.92,8.1,5.0,1.5,11.0,11.0
PIT,2024-05-21,7,12,4,14,5,78.57,71.43,100.0,8.21,14.29,3.66,10.64,0.2,2.54,4.4,2.4
PIT,2024-05-21,8,14,5,18,5,94.44,88.89,100.0,2.72,13.17,2.87,3.94,1.4,2.56,3.2,0.2
PIT,2024-05-21,9,5,5,6,5,83.33,83.33,100.0,6.5,13.0,2.58,6.5,3.6,1.64,0.0,0.0
PIT,2024-05-21,10,4,9,6,10,83.33,83.33,100.0,10.0,13.5,3.13,11.5,2.8,4.87,1.2,1.8
PIT,2024-05-21,11,10,8,11,8,90.91,81.82,100.0,6.18,14.0,3.5,7.45,3.5,3.7,1.38,1.75
PIT,2024-05-21,12,8,7,8,11,100.0,87.5,72.73,1.88,15.88,5.85,5.38,2.64,2.36,6.45,14.36
PIT,2024-05-21,13,10,7,13,10,76.92,69.23,90.0,13.69,13.23,2.52,14.85,2.3,3.58,3.8,5.0
PIT,2024-05-21,14,4,5,5,7,100.0,80.0,85.71,2.0,14.4,4.4,4.6,0.43,1.91,1.0,4.29
PIT,2024-05-21,15,3,11,5,12,80.0,80.0,91.67,7.6,13.8,3.22,10.2,0.42,1.71,3.42,8.67
PIT,2024-05-21,16,12,9,14,11,71.43,64.29,81.82,11.79,15.5,5.06,15.43,1.73,2.83,1.45,4.0
PIT,2024-05-21,17,9,6,10,12,80.0,70.0,58.33,9.4,13.7,3.8,10.8,1.33,1.71,3.67,14.17
PIT,2024-05-21,18,10,12,11,16,72.73,72.73,81.25,22.73,13.64,2.57,23.73,2.31,1.82,3.44,7.06
PIT,2024-05-21,19,8,7,9,10,88.89,77.78,80.0,6.33,15.11,4.76,9.0,2.9,1.49,0.9,6.7
PIT,2024-05-21,20,6,11,6,15,100.0,100.0,80.0,0.0,14.0,4.23,0.0,0.4,1.31,3.6,8.33
PIT,2024-05-21,21,2,8,5,10,40.0,40.0,60.0,23.4,16.4,5.8,27.2,0.4,1.43,1.2,15.2
PIT,2024-05-21,22,0,9,2,10,100.0,100.0,50.0,0.0,14.5,3.9,0.0,1.8,1.76,7.9,20.2
PIT,2024-05-21,23,0,13,0,13,0.0,0.0,61.54,0.0,0.0,0.0,0.0,0.15,2.86,2.38,15.85
PIT,2024-05-22,0,0,3,0,2,0.0,0.0,50.0,0.0,0.0,0.0,0.0,0.0,2.2,0.0,31.5
PIT,2024-05-22,1,0,0,0,1,0.0,0.0,100.0,0.0,0.0,0.0,0.0,0.0,1.5,0.0,0.0
PIT,2024-05-22,3,0,0,1,0,100.0,100.0,0.0,0.0,10.0,0.0,0.0,0.0,0.0,0.0,0.0
PIT,2024-05-22,4,0,0,0,1,0.0,0.0,100.0,0.0,0.0,0.0,0.0,0.0,1.5,0.0,2.0
PIT,2024-05-22,5,5,1,5,4,100.0,100.0,25.0,0.0,14.4,3.44,0.8,0.0,1.13,1.0,37.5
PIT,2024-05-22,6,18,1,23,1,82.61,78.26,0.0,5.3,15.74,4.9,8.22,7.0,1.5,10.0,17.0
PIT,2024-05-22,7,11,3,15,3,93.33,80.0,100.0,1.67,16.8,6.09,5.87,0.33,1.5,3.0,1.67
PIT,2024-05-22,8,13,5,20,5,85.0,85.0,100.0,4.75,13.45,3.02,6.15,4.6,3.16,7.0,4.4
PIT,2024-05-22,9,5,5,7,5,85.71,85.71,100.0,5.29,13.43,2.99,5.86,4.0,2.64,2.6,0.8
PIT,2024-05-22,10,4,9,4,9,75.0,75.0,88.89,58.5,13.75,3.5,60.0,2.78,1.7,1.67,5.22
PIT,2024-05-22,11,10,6,11,8,72.73,72.73,62.5,9.36,13.09,2.65,10.55,2.88,1.57,1.5,12.38
PIT,2024-05-22,12,7,6,10,7,70.0,70.0,100.0,12.4,14.0,3.86,14.2,2.14,2.23,2.57,1.0
PIT,2024-05-22,13,8,7,8,9,100.0,87.5,55.56,1.63,16.25,5.27,5.13,2.44,1.87,3.11,34.33
PIT,2024-05-22,14,4,5,4,9,50.0,50.0,77.78,81.75,14.0,3.75,85.25,0.78,1.4,0.56,6.56
PIT,2024-05-22,15,3,11,5,15,40.0,40.0,80.0,29.0,20.6,10.14,39.0,1.93,1.39,5.87,11.73
PIT,2024-05-22,16,12,8,15,8,80.0,73.33,87.5,20.4,17.13,6.51,24.0,1.5,4.01,0.38,6.0
PIT,2024-05-22,17,8,7,9,10,66.67,44.44,60.0,15.67,21.11,12.13,23.78,3.1,2.71,6.6,21.6
PIT,2024-05-22,18,12,14,12,16,66.67,66.67,68.75,15.08,14.25,3.15,17.5,4.13,4.11,6.63,16.13
PIT,2024-05-22,19,9,6,10,8,70.0,60.0,75.0,11.3,17.9,7.64,16.9,1.88,0.86,7.88,13.0
PIT,2024-05-22,20,5,11,5,14,80.0,40.0,85.71,7.2,17.0,7.52,13.6,1.21,2.12,2.64,4.57
PIT,2024-05-22,21,2,9,4,11,75.0,75.0,45.45,8.25,12.5,2.05,10.0,1.91,1.28,5.09,50.55
PIT,2024-05-22,22,1,10,3,10,100.0,66.67,70.0,4.33,14.67,4.07,5.0,3.3,1.29,3.0,12.3
PIT,2024-05-22,23,0,11,0,11,0.0,0.0,54.55,0.0,0.0,0.0,0.0,2.73,1.16,7.18,36.09
PIT,2024-05-23,0,0,3,0,3,0.0,0.0,66.67,0.0,0.0,0.0,0.0,0.67,0.17,0.0,6.33
PIT,2024-05-23,1,0,0,0,1,0.0,0.0,100.0,0.0,0.0,0.0,0.0,0.0,0.5,0.0,0.0
PIT,2024-05-23,3,0,0,1,0,100.0,100.0,0.0,0.0,10.0,0.0,0.0,0.0,0.0,0.0,0.0
PIT,2024-05-23,4,0,1,0,1,0.0,0.0,100.0,0.0,0.0,0.0,0.0,17.0,2.5,13.0,3.0
PIT,2024-05-23,5,5,2,5,3,100.0,100.0,66.67,0.0,13.4,2.84,0.8,0.33,1.67,2.0,10.0
PIT,2024-05-23,6,20,2,22,2,90.91,90.91,0.0,4.82,15.91,5.06,6.5,3.5,2.0,3.5,23.5
PIT,2024-05-23,7,14,3,20,5,85.0,85.0,80.0,8.05,14.65,4.08,10.85,1.8,4.5,3.4,5.6
PIT,2024-05-23,8,11,3,14,3,78.57,78.57,100.0,52.0,16.64,6.03,56.93,0.67,1.13,5.67,2.33
PIT,2024-05-23,9,3,8,3,11,0.0,0.0,72.73,116.67,25.67,14.43,131.0,2.82,3.6,5.45,11.45
PIT,2024-05-23,10,8,10,9,12,88.89,55.56,75.0,14.0,30.44,20.31,33.0,4.0,2.12,11.33,13.17
PIT,2024-05-23,11,12,10,18,10,55.56,50.0,40.0,24.11,25.39,15.1,37.83,1.0,3.06,13.6,30.2
PIT,2024-05-23,12,5,6,5,10,80.0,40.0,30.0,14.2,20.0,9.8,22.2,1.1,3.55,6.5,36.9
PIT,2024-05-23,13,11,10,13,11,46.15,38.46,54.55,29.31,19.15,8.17,34.46,3.27,2.65,5.45,42.91
PIT,2024-05-23,14,8,4,11,7,72.73,72.73,57.14,9.27,15.73,5.24,13.64,0.86,3.81,4.0,32.43
PIT,2024-05-23,15,4,13,8,15,62.5,62.5,60.0,22.13,14.0,3.49,25.13,2.87,1.13,4.0,28.87
PIT,2024-05-23,16,13,8,17,10,76.47,70.59,80.0,21.35,17.53,7.31,27.18,1.7,1.24,1.9,36.8
PIT,2024-05-23,17,9,8,9,11,44.44,44.44,63.64,48.78,13.56,3.44,51.89,1.64,1.26,1.91,17.27
PIT,2024-05-23,18,12,9,15,11,86.67,80.0,63.64,8.47,15.13,4.32,11.33,3.27,1.08,4.09,22.82
PIT,2024-05-23,19,6,11,6,12,50.0,50.0,66.67,26.67,16.0,5.87,31.83,2.25,1.51,1.42,36.42
PIT,2024-05-23,20,9,8,9,11,55.56,55.56,63.64,50.0,14.44,4.69,53.78,0.36,1.51,1.36,15.36
PIT,2024-05-23,21,3,8,6,9,83.33,83.33,66.67,7.33,13.17,2.45,9.33,1.0,1.56,1.0,10.22
PIT,2024-05-23,22,2,14,4,14,100.0,100.0,78.57,0.0,16.25,5.65,0.0,1.29,2.15,1.29,6.21
PIT,2024-05-23,23,0,14,0,14,0.0,0.0,57.14,0.0,0.0,0.0,0.0,1.86,2.57,3.64,33.21
PIT,2024-05-24,0,0,3,2,5,100.0,100.0,60.0,0.0,13.5,2.9,2.5,1.4,4.44,1.8,26.8
PIT,2024-05-24,1,0,1,0,2,0.0,0.0,100.0,0.0,0.0,0.0,0.0,0.0,2.45,0.0,0.0
PIT,2024-05-24,2,0,0,0,0,0.0,0.0,0.0,0.0,0.0,0.0,0.0,0.0,0.0,0.0,0.0
PIT,2024-05-24,3,0,0,1,0,100.0,100.0,0.0,0.0,10.0,0.0,0.0,0.0,0.0,0.0,0.0
PIT,2024-05-24,4,0,1,0,3,0.0,0.0,66.67,0.0,0.0,0.0,0.0,0.0,2.5,0.67,14.33
PIT,2024-05-24,5,6,2,6,5,83.33,83.33,80.0,6.17,14.0,3.43,8.33,0.2,2.0,0.0,6.0
PIT,2024-05-24,6,21,2,23,2,91.3,86.96,100.0,3.83,16.65,5.76,7.7,4.0,4.5,2.5,3.0
PIT,2024-05-24,7,14,4,15,4,93.33,86.67,75.0,11.87,14.73,4.11,14.07,2.75,5.0,7.5,5.25
PIT,2024-05-24,8,11,4,13,4,84.62,84.62,75.0,2.62,12.69,2.24,3.15,2.0,10.73,16.25,10.25
PIT,2024-05-24,9,5,7,5,10,100.0,80.0,80.0,1.4,15.0,4.02,4.4,2.2,2.61,3.8,15.5
PIT,2024-05-24,10,8,11,9,10,77.78,66.67,100.0,14.56,15.67,5.53,18.56,2.8,3.29,2.7,1.1
PIT,2024-05-24,11,12,9,14,10,71.43,71.43,70.0,22.29,12.57,2.3,23.57,2.1,2.21,4.8,43.8
PIT,2024-05-24,12,5,7,8,9,50.0,50.0,88.89,15.25,14.38,3.82,18.0,1.11,2.0,3.89,5.56
PIT,2024-05-24,13,12,10,14,11,78.57,71.43,81.82,11.71,15.71,4.96,14.79,3.82,2.92,12.18,21.64
PIT,2024-05-24,14,7,5,8,6,62.5,62.5,100.0,45.13,18.63,8.25,51.88,2.33,2.53,2.0,0.33
PIT,2024-05-24,15,5,14,7,15,71.43,71.43,46.67,8.29,13.71,3.34,9.43,4.6,3.28,7.33,19.2
PIT,2024-05-24,16,13,7,14,8,78.57,78.57,75.0,9.64,15.64,5.24,13.21,3.63,5.96,9.13,28.75
PIT,2024-05-24,17,9,10,10,11,60.0,50.0,54.55,29.6,14.8,4.66,32.7,0.55,3.42,7.18,64.09
PIT,2024-05-24,18,15,11,18,13,44.44,44.44,38.46,56.44,14.83,4.01,59.28,1.31,4.25,11.69,24.92
PIT,2024-05-24,19,6,12,6,13,16.67,0.0,53.85,48.33,18.0,7.87,56.0,2.54,1.72,5.0,32.85
PIT,2024-05-24,20,11,9,12,12,75.0,75.0,75.0,24.92,12.5,2.68,26.33,1.0,2.13,4.25,25.25
PIT,2024-05-24,21,3,10,7,12,42.86,28.57,50.0,35.43,17.57,6.97,42.0,1.33,7.76,3.67,31.5
PIT,2024-05-24,22,3,12,3,13,66.67,66.67,53.85,45.0,16.33,5.73,47.67,1.38,2.21,1.23,37.08
PIT,2024-05-24,23,0,16,1,16,100.0,100.0,50.0,0.0,13.0,2.4,2.0,2.13,4.74,4.13,29.19
PIT,2024-05-25,0,0,1,0,3,0.0,0.0,33.33,0.0,0.0,0.0,0.0,0.0,1.4,0.0,36.33
PIT,2024-05-25,1,0,0,0,1,0.0,0.0,100.0,0.0,0.0,0.0,0.0,0.0,2.5,1.0,0.0
PIT,2024-05-25,2,0,0,0,0,0.0,0.0,0.0,0.0,0.0,0.0,0.0,0.0,0.0,0.0,0.0
PIT,2024-05-25,3,0,0,1,0,100.0,100.0,0.0,0.0,10.0,0.0,0.0,0.0,0.0,0.0,0.0
PIT,2024-05-25,4,0,1,0,1,0.0,0.0,100.0,0.0,0.0,0.0,0.0,0.0,0.5,0.0,0.0
PIT,2024-05-25,5,3,1,3,4,100.0,100.0,75.0,0.0,14.0,2.13,0.0,0.0,1.38,0.0,14.5
PIT,2024-05-25,6,19,2,21,3,95.24,95.24,66.67,2.48,14.86,4.23,4.86,0.0,1.83,0.0,11.67
PIT,2024-05-25,7,12,3,16,3,93.75,81.25,100.0,3.5,16.31,5.67,5.81,1.0,2.83,3.67,0.0
PIT,2024-05-25,8,9,5,12,4,83.33,66.67,75.0,21.83,17.0,6.38,25.42,1.0,1.57,4.25,4.25
PIT,2024-05-25,9,6,3,5,3,100.0,100.0,100.0,0.0,13.2,2.82,1.2,0.0,0.9,0.67,1.67
PIT,2024-05-25,10,6,6,7,6,71.43,71.43,66.67,7.0,13.57,3.51,8.57,1.17,1.13,2.0,7.5
PIT,2024-05-25,11,10,9,10,10,90.0,90.0,70.0,11.8,15.9,5.15,14.6,2.0,2.21,3.8,8.9
PIT,2024-05-25,12,4,5,6,6,50.0,50.0,83.33,24.33,14.83,4.9,27.83,1.83,3.38,1.83,5.33
PIT,2024-05-25,13,7,6,8,7,87.5,87.5,85.71,3.13,13.75,2.89,5.0,2.0,1.56,3.57,4.71
PIT,2024-05-25,14,7,6,7,8,71.43,71.43,75.0,13.86,14.0,4.43,16.71,5.25,7.18,11.25,45.75
PIT,2024-05-25,15,5,12,7,14,14.29,14.29,14.29,63.57,15.29,5.27,68.57,40.07,13.22,52.93,86.79
PIT,2024-05-25,16,12,9,12,10,33.33,25.0,50.0,91.67,18.0,7.6,97.5,10.4,18.93,24.4,32.0
PIT,2024-05-25,17,8,7,7,10,0.0,0.0,20.0,99.57,13.14,3.66,102.86,7.8,12.54,19.6,61.7
PIT,2024-05-25,18,10,8,12,9,25.0,8.33,44.44,67.58,13.83,3.59,70.75,5.56,14.49,18.78,33.0
PIT,2024-05-25,19,1,10,2,10,50.0,50.0,40.0,34.0,16.0,5.4,39.0,10.1,11.16,14.6,50.9
PIT,2024-05-25,20,3,5,3,5,0.0,0.0,80.0,75.0,14.67,4.6,79.33,6.0,0.36,5.2,19.8
PIT,2024-05-25,21,1,7,1,8,100.0,100.0,37.5,9.0,16.0,5.4,14.0,0.88,3.92,6.38,36.0
PIT,2024-05-25,22,2,8,3,8,33.33,33.33,62.5,33.67,16.0,4.97,36.67,1.75,1.2,3.75,16.25
PIT,2024-05-25,23,0,11,0,12,0.0,0.0,66.67,0.0,0.0,0.0,0.0,2.75,3.28,4.92,39.17
PIT,2024-05-26,0,0,3,0,1,0.0,0.0,0.0,0.0,0.0,0.0,0.0,0.0,1.4,0.0,119.0
PIT,2024-05-26,1,0,0,0,1,0.0,0.0,100.0,0.0,0.0,0.0,0.0,2.0,2.5,4.0,0.0
PIT,2024-05-26,3,0,0,1,0,100.0,100.0,0.0,0.0,10.0,0.0,0.0,0.0,0.0,0.0,0.0
PIT,2024-05-26,4,0,1,0,1,0.0,0.0,100.0,0.0,0.0,0.0,0.0,0.0,5.5,0.0,0.0
PIT,2024-05-26,5,3,2,4,1,75.0,75.0,0.0,7.25,14.25,3.7,8.75,0.0,7.5,0.0,68.0
PIT,2024-05-26,6,17,2,17,2,94.12,88.24,100.0,3.35,17.12,6.41,6.76,1.5,4.0,0.0,5.0
PIT,2024-05-26,7,11,1,12,1,100.0,100.0,100.0,1.17,14.17,4.17,3.0,8.0,6.5,7.0,6.0
PIT,2024-05-26,8,8,0,8,1,87.5,75.0,100.0,9.88,13.25,3.52,12.13,7.0,2.5,2.0,0.0
PIT,2024-05-26,9,4,3,5,3,60.0,60.0,100.0,9.0,10.6,0.44,8.8,3.33,3.57,4.33,2.67
PIT,2024-05-26,10,6,6,7,6,85.71,85.71,83.33,2.43,13.29,3.29,4.14,3.5,4.13,4.67,3.5
PIT,2024-05-26,11,10,11,11,11,90.91,90.91,81.82,12.36,10.18,0.33,12.36,2.36,3.57,3.27,4.64
PIT,2024-05-26,12,6,7,6,8,83.33,83.33,75.0,3.17,10.0,0.87,3.17,3.63,4.3,7.25,9.13
PIT,2024-05-26,13,11,7,11,7,100.0,90.91,100.0,1.0,13.45,3.17,1.36,4.0,3.51,7.14,1.57
PIT,2024-05-26,14,6,3,7,4,85.71,85.71,75.0,3.71,10.71,1.03,3.43,1.5,2.5,5.5,8.75
PIT,2024-05-26,15,3,11,3,13,66.67,66.67,84.62,15.0,10.0,0.13,14.67,4.15,3.09,5.62,4.54
PIT,2024-05-26,16,11,6,11,6,100.0,100.0,66.67,0.27,12.91,2.78,1.36,1.5,2.48,0.33,6.67
PIT,2024-05-26,17,8,9,9,11,77.78,66.67,63.64,9.22,19.22,9.11,16.56,3.0,2.76,4.82,12.0
PIT,2024-05-26,18,9,6,12,10,58.33,50.0,80.0,38.08,14.0,3.76,41.08,19.4,3.45,18.8,16.1
PIT,2024-05-26,19,4,10,5,11,80.0,80.0,63.64,3.0,15.8,6.24,4.4,4.82,3.66,9.45,26.27
PIT,2024-05-26,20,7,8,9,9,44.44,44.44,55.56,47.78,13.22,3.09,50.22,5.67,4.73,7.33,25.78
PIT,2024-05-26,21,1,6,2,6,100.0,100.0,50.0,0.0,10.5,1.2,0.0,2.33,2.32,7.17,18.33
PIT,2024-05-26,22,2,8,3,8,66.67,66.67,75.0,49.67,11.0,0.8,50.0,0.0,2.42,2.0,129.5
PIT,2024-05-26,23,0,17,0,18,0.0,0.0,66.67,0.0,0.0,0.0,0.0,2.61,2.73,9.22,33.67
PIT,2024-05-27,0,0,3,0,3,0.0,0.0,66.67,0.0,0.0,0.0,0.0,5.67,1.03,0.0,13.33
PIT,2024-05-27,1,0,0,0,1,0.0,0.0,100.0,0.0,0.0,0.0,0.0,0.0,1.5,0.0,0.0
PIT,2024-05-27,2,0,0,0,0,0.0,0.0,0.0,0.0,0.0,0.0,0.0,0.0,0.0,0.0,0.0
PIT,2024-05-27,3,0,0,1,0,100.0,100.0,0.0,0.0,10.0,0.0,0.0,0.0,0.0,0.0,0.0
PIT,2024-05-27,4,0,1,0,1,0.0,0.0,100.0,0.0,0.0,0.0,0.0,3.0,1.5,0.0,0.0
PIT,2024-05-27,5,5,2,5,2,100.0,80.0,100.0,1.4,19.4,9.54,7.6,1.0,3.0,0.0,0.0
PIT,2024-05-27,6,21,2,21,2,90.48,90.48,100.0,2.14,15.71,4.79,4.62,1.0,3.5,0.0,0.0
PIT,2024-05-27,7,14,4,14,4,78.57,71.43,75.0,43.0,21.07,10.41,49.57,1.0,4.0,6.25,22.75
PIT,2024-05-27,8,11,3,9,2,77.78,77.78,100.0,12.0,14.0,3.47,13.56,3.5,4.0,8.5,3.0
PIT,2024-05-27,9,5,7,6,8,100.0,83.33,62.5,0.0,17.67,6.75,3.5,3.5,1.7,9.25,9.75
PIT,2024-05-27,10,8,11,8,10,87.5,75.0,60.0,4.75,17.13,7.05,8.75,1.7,1.35,6.6,27.3
PIT,2024-05-27,11,12,10,13,13,61.54,61.54,76.92,20.08,14.08,3.67,21.54,4.15,2.2,3.31,29.62
PIT,2024-05-27,12,6,6,6,10,50.0,50.0,80.0,57.0,16.0,5.47,60.33,2.3,1.41,3.7,12.0
PIT,2024-05-27,13,10,10,12,14,83.33,83.33,71.43,9.0,14.08,3.35,11.08,9.57,1.61,25.64,27.0
PIT,2024-05-27,14,8,5,13,7,84.62,69.23,42.86,8.69,15.85,5.24,12.08,1.43,2.6,2.57,69.14
PIT,2024-05-27,15,5,14,7,16,14.29,14.29,62.5,59.29,20.86,10.41,69.29,3.63,1.43,11.63,50.31
PIT,2024-05-27,16,13,8,15,11,66.67,46.67,81.82,28.0,19.13,8.72,35.67,0.45,2.94,2.09,10.73
PIT,2024-05-27,17,10,9,14,10,64.29,64.29,50.0,17.29,14.43,4.61,19.71,3.5,1.36,1.6,52.0
PIT,2024-05-27,18,14,12,16,12,56.25,56.25,25.0,82.0,17.13,6.22,86.13,11.92,3.54,21.33,121.67
PIT,2024-05-27,19,7,10,7,10,28.57,28.57,60.0,55.14,19.29,9.09,64.0,1.2,3.72,4.3,33.4
PIT,2024-05-27,20,9,10,9,16,55.56,44.44,31.25,27.33,17.44,7.51,32.89,8.0,2.46,15.75,49.5
PIT,2024-05-27,21,3,9,6,7,50.0,50.0,57.14,10.83,17.67,7.03,16.17,1.14,2.14,7.43,36.57
PIT,2024-05-27,22,3,12,2,15,50.0,50.0,60.0,37.0,14.5,3.9,37.5,3.47,2.33,5.73,25.0
PIT,2024-05-27,23,0,16,2,15,0.0,0.0,46.67,29.5,39.5,28.9,58.0,1.27,3.09,1.87,55.87
PIT,2024-05-28,0,0,2,1,3,100.0,0.0,66.67,12.0,14.0,5.4,17.0,1.33,0.97,0.0,37.33
PIT,2024-05-28,1,0,0,0,0,0.0,0.0,0.0,0.0,0.0,0.0,0.0,0.0,0.0,0.0,0.0
PIT,2024-05-28,2,0,0,0,1,0.0,0.0,100.0,0.0,0.0,0.0,0.0,0.0,1.5,0.0,0.0
PIT,2024-05-28,3,0,0,1,0,100.0,100.0,0.0,0.0,10.0,0.0,0.0,0.0,0.0,0.0,0.0
PIT,2024-05-28,4,0,0,0,1,0.0,0.0,0.0,0.0,0.0,0.0,0.0,0.0,0.0,0.0,19.0
PIT,2024-05-28,5,4,1,5,2,80.0,80.0,100.0,4.4,14.2,2.96,6.0,0.0,0.0,0.0,0.0
PIT,2024-05-28,6,19,2,19,2,89.47,84.21,100.0,8.53,15.32,4.41,10.58,3.5,3.5,0.0,0.0
PIT,2024-05-28,7,13,4,13,3,92.31,92.31,100.0,17.54,15.0,4.32,19.0,1.67,3.17,6.33,5.33
PIT,2024-05-28,8,13,4,12,4,100.0,100.0,100.0,0.0,13.0,3.03,0.83,1.5,2.33,4.5,1.0
PIT,2024-05-28,9,5,5,6,9,100.0,83.33,88.89,0.0,14.83,4.42,2.5,3.0,1.47,4.33,4.33
PIT,2024-05-28,10,6,9,10,11,80.0,70.0,72.73,9.3,15.4,4.98,13.2,3.64,1.25,2.91,31.64
PIT,2024-05-28,11,11,9,12,10,83.33,75.0,80.0,19.92,14.83,4.27,22.08,1.7,3.16,1.8,26.0
PIT,2024-05-28,12,5,6,9,6,88.89,88.89,83.33,26.33,14.89,4.98,30.33,3.33,2.08,1.83,19.17
PIT,2024-05-28,13,12,7,12,9,66.67,66.67,66.67,32.25,15.33,4.53,34.67,3.89,2.28,5.56,29.67
PIT,2024-05-28,14,4,4,5,3,80.0,80.0,100.0,7.6,14.4,4.04,10.6,0.67,2.4,3.0,1.33
PIT,2024-05-28,15,3,14,4,13,75.0,50.0,69.23,11.25,16.75,6.18,16.25,1.62,1.82,3.77,27.54
PIT,2024-05-28,16,12,9,12,10,83.33,75.0,60.0,21.33,16.25,5.77,24.83,2.0,2.66,2.6,24.7
PIT,2024-05-28,17,11,6,12,8,50.0,33.33,50.0,27.42,15.42,5.35,31.75,1.75,2.13,1.88,29.5
PIT,2024-05-28,18,10,10,11,13,63.64,63.64,61.54,27.73,19.27,8.23,34.18,1.15,2.52,5.0,16.31
PIT,2024-05-28,19,5,8,6,9,66.67,66.67,66.67,11.33,14.0,3.83,12.17,1.89,1.66,7.22,13.89
PIT,2024-05-28,20,7,10,7,10,71.43,42.86,60.0,12.43,19.43,9.71,21.43,0.8,1.47,1.8,20.7
PIT,2024-05-28,21,2,9,5,11,80.0,80.0,54.55,29.0,16.4,5.8,33.4,1.73,1.56,2.64,33.0
PIT,2024-05-28,22,0,8,2,8,100.0,100.0,75.0,0.0,18.5,7.9,0.5,2.5,1.45,2.5,22.63
PIT,2024-05-28,23,0,15,1,16,0.0,0.0,68.75,89.0,15.0,4.4,93.0,2.69,2.96,2.81,30.88
PIT,2024-05-29,0,0,3,1,4,100.0,100.0,75.0,0.0,24.0,13.4,13.0,0.5,2.48,2.25,6.25
PIT,2024-05-29,1,0,0,0,1,0.0,0.0,100.0,0.0,0.0,0.0,0.0,0.0,0.5,0.0,0.0
PIT,2024-05-29,3,0,0,1,0,100.0,100.0,0.0,0.0,10.0,0.0,0.0,0.0,0.0,0.0,0.0
PIT,2024-05-29,4,0,0,0,1,0.0,0.0,100.0,0.0,0.0,0.0,0.0,0.0,1.5,0.0,0.0
PIT,2024-05-29,5,5,1,6,4,83.33,83.33,25.0,3.5,14.17,3.58,5.83,0.0,2.63,0.5,27.75
PIT,2024-05-29,6,19,2,21,2,90.48,90.48,50.0,3.24,15.14,4.15,4.38,4.0,4.0,4.0,9.0
PIT,2024-05-29,7,12,3,13,4,84.62,84.62,75.0,4.69,13.23,2.83,5.38,2.0,2.5,2.5,7.25
PIT,2024-05-29,8,12,4,15,4,80.0,66.67,75.0,7.33,14.27,3.97,9.73,1.25,2.58,3.75,6.25
PIT,2024-05-29,9,5,5,7,5,100.0,85.71,100.0,0.0,14.29,4.06,2.71,3.0,2.44,1.4,0.0
PIT,2024-05-29,10,5,9,5,9,100.0,80.0,88.89,0.0,18.8,8.44,4.4,3.56,2.47,1.56,4.22
PIT,2024-05-29,11,11,7,12,7,83.33,83.33,71.43,7.33,14.5,4.25,9.42,2.86,2.3,0.29,15.0
PIT,2024-05-29,12,5,6,5,7,80.0,80.0,85.71,3.8,16.6,6.8,6.8,2.57,3.0,2.0,8.0
PIT,2024-05-29,13,10,8,12,8,58.33,58.33,75.0,27.83,16.17,5.46,31.58,0.5,4.01,3.0,15.38
PIT,2024-05-29,14,5,4,5,6,40.0,20.0,83.33,22.6,19.2,8.84,30.2,4.17,1.45,3.5,10.5
PIT,2024-05-29,15,3,13,3,15,100.0,33.33,80.0,8.0,16.0,5.43,10.67,2.0,2.81,4.0,11.87
PIT,2024-05-29,16,13,8,14,8,78.57,78.57,75.0,14.64,15.36,4.91,17.64,5.75,3.11,2.25,24.75
PIT,2024-05-29,17,9,7,10,10,50.0,50.0,60.0,29.9,15.2,5.26,33.4,1.1,2.04,1.3,40.3
PIT,2024-05-29,18,12,12,12,15,75.0,66.67,53.33,39.92,16.5,5.37,43.92,1.67,2.72,6.47,26.53
PIT,2024-05-29,19,6,7,6,7,50.0,33.33,100.0,33.0,18.5,8.3,39.17,2.0,2.27,0.71,0.86
PIT,2024-05-29,20,6,10,6,13,66.67,66.67,30.77,27.33,13.67,4.1,28.83,0.92,3.35,3.08,54.0
PIT,2024-05-29,21,2,10,4,12,75.0,75.0,58.33,5.25,15.75,5.15,9.75,1.92,2.71,3.92,39.42
PIT,2024-05-29,22,1,9,4,10,75.0,75.0,50.0,10.75,14.75,4.15,12.25,0.5,1.89,0.2,26.3
PIT,2024-05-29,23,0,13,1,13,100.0,100.0,53.85,0.0,9.0,0.0,0.0,1.31,1.1,1.46,92.62
PIT,2024-05-30,0,0,3,2,6,100.0,100.0,66.67,0.0,15.5,5.2,5.0,0.0,1.4,0.0,32.67
PIT,2024-05-30,1,0,0,0,2,0.0,0.0,50.0,0.0,0.0,0.0,0.0,0.0,0.5,3.0,8.0
PIT,2024-05-30,2,0,0,0,0,0.0,0.0,0.0,0.0,0.0,0.0,0.0,0.0,0.0,0.0,0.0
PIT,2024-05-30,3,0,0,1,0,100.0,100.0,0.0,0.0,10.0,0.0,0.0,0.0,0.0,0.0,0.0
PIT,2024-05-30,4,0,1,0,1,0.0,0.0,100.0,0.0,0.0,0.0,0.0,0.0,0.5,0.0,0.0
PIT,2024-05-30,5,5,2,5,4,100.0,100.0,25.0,0.0,13.2,2.64,0.2,0.75,2.5,6.5,31.75
PIT,2024-05-30,6,21,2,24,2,87.5,87.5,50.0,10.0,13.0,2.25,10.79,3.0,0.0,0.0,55.5
PIT,2024-05-30,7,13,3,16,3,68.75,68.75,100.0,30.5,13.81,3.38,32.0,2.0,3.17,2.0,1.33
PIT,2024-05-30,8,11,2,13,2,76.92,76.92,50.0,9.23,12.23,1.83,9.77,0.0,1.25,5.5,37.0
PIT,2024-05-30,9,3,8,5,8,100.0,100.0,87.5,0.0,12.2,1.44,1.0,2.38,3.39,1.5,7.75
PIT,2024-05-30,10,8,10,7,10,100.0,85.71,90.0,1.57,13.43,3.43,2.57,1.0,3.19,0.7,2.3
PIT,2024-05-30,11,12,11,13,11,76.92,69.23,90.91,11.38,17.77,7.26,16.08,2.18,2.33,0.27,3.09
PIT,2024-05-30,12,6,6,9,9,55.56,44.44,88.89,11.89,18.78,8.47,19.56,0.56,2.44,0.78,2.11
PIT,2024-05-30,13,11,9,12,8,100.0,100.0,100.0,0.17,13.08,2.21,0.5,0.38,1.86,0.0,0.0
PIT,2024-05-30,14,7,4,6,5,100.0,83.33,100.0,1.0,15.83,5.53,4.83,1.4,2.34,1.4,0.0
PIT,2024-05-30,15,4,14,3,15,100.0,100.0,80.0,0.67,13.67,3.73,1.67,1.2,2.67,4.8,44.07
PIT,2024-05-30,16,13,7,13,9,84.62,69.23,66.67,6.54,18.15,7.62,12.15,1.22,5.21,2.33,20.11
PIT,2024-05-30,17,9,7,12,10,50.0,50.0,60.0,30.0,16.25,6.07,35.33,1.7,1.91,2.5,20.4
PIT,2024-05-30,18,12,11,11,13,72.73,54.55,53.85,14.55,17.09,6.26,19.55,2.31,3.36,4.0,33.23
PIT,2024-05-30,19,7,11,8,12,75.0,75.0,75.0,41.13,13.0,2.85,42.13,1.25,1.72,6.58,14.0
PIT,2024-05-30,20,9,8,10,9,70.0,60.0,66.67,22.5,14.5,4.72,25.7,0.11,1.67,0.67,12.22
PIT,2024-05-30,21,2,8,5,10,100.0,100.0,90.0,1.4,14.8,4.32,4.6,0.5,3.78,1.5,10.1
PIT,2024-05-30,22,2,11,4,11,100.0,100.0,72.73,0.0,25.75,15.15,0.75,0.91,3.7,3.82,16.27
PIT,2024-05-30,23,0,17,0,16,0.0,0.0,68.75,0.0,0.0,0.0,0.0,1.75,3.56,4.19,25.31
PIT,2024-05-31,0,0,3,0,3,0.0,0.0,66.67,0.0,0.0,0.0,0.0,1.33,0.23,0.0,14.0
PIT,2024-05-31,1,0,0,1,2,0.0,0.0,50.0,34.0,15.0,4.4,38.0,1.5,3.5,13.0,30.0
PIT,2024-05-31,2,0,0,0,1,0.0,0.0,100.0,0.0,0.0,0.0,0.0,4.0,1.5,10.0,0.0
PIT,2024-05-31,3,0,0,1,0,100.0,100.0,0.0,0.0,10.0,0.0,0.0,0.0,0.0,0.0,0.0
PIT,2024-05-31,4,0,1,0,2,0.0,0.0,100.0,0.0,0.0,0.0,0.0,2.0,1.5,3.0,0.5
PIT,2024-05-31,5,6,2,7,5,57.14,57.14,40.0,9.71,14.14,3.84,12.71,0.4,1.4,3.6,13.8
PIT,2024-05-31,6,22,2,24,2,91.67,91.67,50.0,8.96,15.25,4.39,10.25,0.0,0.5,0.0,18.0
PIT,2024-05-31,7,12,4,14,4,92.86,78.57,100.0,8.79,16.43,5.97,12.64,1.75,2.25,1.0,0.0
PIT,2024-05-31,8,12,4,14,4,85.71,78.57,100.0,5.29,16.07,5.37,8.5,3.75,2.23,6.25,2.5
PIT,2024-05-31,9,5,7,5,9,80.0,80.0,100.0,7.2,19.6,8.92,12.0,3.22,1.54,3.56,3.44
PIT,2024-05-31,10,8,12,9,10,88.89,88.89,80.0,2.33,17.78,7.64,5.56,2.6,2.3,0.1,8.4
PIT,2024-05-31,11,13,9,16,12,68.75,68.75,83.33,11.38,13.44,3.26,13.06,4.08,3.38,2.42,6.42
PIT,2024-05-31,12,5,7,6,11,83.33,83.33,90.91,4.83,17.5,7.23,9.67,2.36,3.18,4.09,4.09
PIT,2024-05-31,13,12,8,13,9,84.62,84.62,77.78,11.31,15.23,4.34,12.62,0.56,1.8,1.22,8.0
PIT,2024-05-31,14,5,4,5,4,80.0,80.0,100.0,7.0,12.8,2.56,8.0,0.0,1.8,0.5,0.0
PIT,2024-05-31,15,4,14,4,13,100.0,100.0,84.62,0.75,16.0,5.43,3.5,0.62,1.72,2.08,11.69
PIT,2024-05-31,16,13,8,16,9,93.75,81.25,88.89,2.19,18.63,8.24,8.63,0.78,2.93,0.56,6.78
PIT,2024-05-31,17,10,10,12,12,66.67,66.67,75.0,13.0,14.67,4.55,15.92,1.33,1.33,2.25,9.33
PIT,2024-05-31,18,15,11,17,12,76.47,70.59,83.33,12.35,17.88,7.19,16.53,1.67,3.64,3.0,11.5
PIT,2024-05-31,19,6,11,6,13,100.0,100.0,69.23,2.5,14.67,4.53,4.5,2.15,2.97,2.85,25.62
PIT,2024-05-31,20,10,9,9,11,77.78,66.67,63.64,11.0,14.44,4.71,13.44,0.36,1.56,4.36,28.82
PIT,2024-05-31,21,3,10,6,11,66.67,50.0,45.45,11.67,17.0,6.4,15.67,1.55,4.64,3.91,24.18
PIT,2024-05-31,22,3,12,3,13,33.33,33.33,69.23,24.0,14.33,3.73,24.67,0.69,1.32,1.46,18.46
PIT,2024-05-31,23,0,16,0,17,0.0,0.0,82.35,0.0,0.0,0.0,0.0,2.12,3.09,2.47,11.47
PIT,2024-06-01,0,0,1,0,3,0.0,0.0,66.67,0.0,0.0,0.0,0.0,0.67,2.47,0.0,11.0
PIT,2024-06-01,1,0,0,0,0,0.0,0.0,0.0,0.0,0.0,0.0,0.0,0.0,0.0,0.0,0.0
PIT,2024-06-01,2,0,0,1,1,100.0,100.0,100.0,0.0,21.0,10.4,10.0,0.0,1.5,0.0,0.0
PIT,2024-06-01,3,0,0,0,0,0.0,0.0,0.0,0.0,0.0,0.0,0.0,0.0,0.0,0.0,0.0
PIT,2024-06-01,4,0,1,0,1,0.0,0.0,100.0,0.0,0.0,0.0,0.0,0.0,1.5,0.0,0.0
PIT,2024-06-01,5,3,1,3,3,100.0,100.0,100.0,0.0,12.0,1.33,0.0,1.33,1.53,0.0,2.33
PIT,2024-06-01,6,19,2,20,4,85.0,80.0,75.0,6.9,15.75,5.39,10.75,1.75,3.78,0.25,11.75
PIT,2024-06-01,7,12,3,15,3,80.0,80.0,66.67,14.93,13.8,3.55,16.73,0.0,3.5,0.67,11.33
PIT,2024-06-01,8,10,5,14,5,78.57,78.57,80.0,6.5,13.5,3.19,8.14,0.4,2.22,4.8,10.8
PIT,2024-06-01,9,6,3,6,3,83.33,83.33,100.0,5.33,13.67,3.43,6.0,0.0,1.1,0.0,0.0
PIT,2024-06-01,10,5,6,5,7,100.0,100.0,100.0,1.2,12.4,2.68,2.2,0.29,0.34,0.29,0.0
PIT,2024-06-01,11,10,9,11,9,100.0,100.0,100.0,0.36,13.45,3.14,1.27,2.78,2.6,1.56,0.67
PIT,2024-06-01,12,3,4,4,5,75.0,75.0,80.0,3.75,11.0,1.38,3.75,2.2,2.46,0.0,8.4
PIT,2024-06-01,13,7,7,7,7,85.71,85.71,100.0,5.29,11.29,2.11,5.43,3.0,2.76,1.86,1.86
PIT,2024-06-01,14,8,6,8,7,75.0,75.0,85.71,12.88,15.88,6.21,17.25,0.71,5.53,3.86,6.57
PIT,2024-06-01,15,5,11,7,15,71.43,42.86,66.67,27.0,15.29,5.63,32.57,2.2,2.71,6.27,25.87
PIT,2024-06-01,16,12,9,12,10,83.33,75.0,90.0,40.42,19.83,9.42,47.08,1.4,2.84,1.6,5.9
PIT,2024-06-01,17,9,9,9,12,77.78,77.78,66.67,4.11,14.89,5.4,7.0,1.42,0.62,0.33,16.33
PIT,2024-06-01,18,12,7,12,7,75.0,75.0,57.14,19.0,13.75,3.6,21.83,0.0,3.4,1.14,32.71
PIT,2024-06-01,19,2,10,3,11,33.33,33.33,63.64,18.33,14.67,4.07,19.67,0.82,2.58,3.0,16.27
PIT,2024-06-01,20,3,7,3,7,33.33,33.33,42.86,20.0,16.33,6.03,25.0,1.29,1.04,0.57,50.57
PIT,2024-06-01,21,1,7,1,7,0.0,0.0,71.43,34.0,19.0,8.4,42.0,0.0,1.71,1.14,13.0
PIT,2024-06-01,22,2,7,2,7,100.0,50.0,71.43,4.5,19.5,8.9,9.5,0.86,0.79,0.0,22.71
PIT,2024-06-01,23,0,14,1,13,100.0,100.0,84.62,0.0,10.0,0.0,0.0,0.77,6.76,4.62,5.46
PIT,2024-06-02,0,0,2,0,0,0.0,0.0,0.0,0.0,0.0,0.0,0.0,0.0,0.0,0.0,0.0
PIT,2024-06-02,1,0,0,0,1,0.0,0.0,100.0,0.0,0.0,0.0,0.0,0.0,1.5,0.0,0.0
PIT,2024-06-02,2,0,0,0,1,0.0,0.0,100.0,0.0,0.0,0.0,0.0,0.0,1.5,0.0,0.0
PIT,2024-06-02,3,0,0,1,0,100.0,100.0,0.0,0.0,10.0,0.0,0.0,0.0,0.0,0.0,0.0
PIT,2024-06-02,4,0,1,0,1,0.0,0.0,100.0,0.0,0.0,0.0,0.0,0.0,0.5,0.0,1.0
PIT,2024-06-02,5,4,2,2,1,50.0,50.0,100.0,14.5,16.5,5.9,20.0,0.0,2.5,1.0,0.0
PIT,2024-06-02,6,21,2,21,2,100.0,95.24,50.0,1.43,13.71,3.35,3.14,2.5,0.25,12.5,51.0
PIT,2024-06-02,7,11,2,13,2,84.62,76.92,100.0,4.0,17.69,7.29,9.54,0.0,4.0,1.0,0.0
PIT,2024-06-02,8,10,1,10,1,100.0,100.0,100.0,0.0,13.2,3.09,0.6,1.0,0.0,0.0,0.0
PIT,2024-06-02,9,3,6,3,5,100.0,100.0,80.0,0.0,15.67,4.93,1.67,3.4,1.56,0.6,3.6
PIT,2024-06-02,10,7,9,12,10,83.33,75.0,100.0,4.58,17.08,6.93,9.5,2.0,1.68,1.0,1.0
PIT,2024-06-02,11,13,9,14,11,92.86,92.86,54.55,1.36,16.0,5.62,4.21,4.18,2.13,6.91,22.36
PIT,2024-06-02,12,5,8,7,10,71.43,71.43,90.0,24.57,12.14,2.29,26.14,1.6,0.42,1.6,5.7
PIT,2024-06-02,13,11,7,13,9,69.23,69.23,44.44,14.46,15.38,4.95,17.69,2.22,1.39,2.44,21.44
PIT,2024-06-02,14,6,5,7,6,85.71,85.71,83.33,2.14,12.43,2.33,3.14,3.17,1.38,4.83,7.67
PIT,2024-06-02,15,5,13,6,16,100.0,83.33,93.75,1.67,17.5,7.77,6.83,1.44,3.87,3.81,5.25
PIT,2024-06-02,16,12,8,15,8,66.67,66.67,87.5,17.67,17.6,6.93,21.6,1.38,1.95,1.88,2.75
PIT,2024-06-02,17,8,8,8,9,87.5,87.5,77.78,24.75,15.13,4.89,26.75,1.0,1.14,1.11,17.33
PIT,2024-06-02,18,12,10,13,11,61.54,53.85,63.64,27.08,17.31,7.05,32.54,0.82,3.8,2.73,14.82
PIT,2024-06-02,19,6,9,6,9,83.33,83.33,77.78,9.5,14.5,4.93,13.0,1.44,2.83,2.78,7.56
PIT,2024-06-02,20,9,8,10,11,90.0,90.0,63.64,21.0,14.3,4.59,24.6,2.64,2.55,16.45,34.36
PIT,2024-06-02,21,1,7,1,7,100.0,100.0,85.71,0.0,12.0,3.7,0.0,0.86,8.01,2.43,9.57
PIT,2024-06-02,22,2,9,2,10,100.0,100.0,60.0,0.0,18.5,7.9,5.5,2.2,1.23,5.2,25.6
PIT,2024-06-02,23,0,21,0,22,0.0,0.0,72.73,0.0,0.0,0.0,0.0,2.55,2.01,3.73,26.64
PIT,2024-06-03,0,0,3,0,2,0.0,0.0,100.0,0.0,0.0,0.0,0.0,1.5,1.95,0.0,0.0
PIT,2024-06-03,1,0,0,0,1,0.0,0.0,0.0,0.0,0.0,0.0,0.0,0.0,1.5,1.0,24.0
PIT,2024-06-03,2,0,0,0,0,0.0,0.0,0.0,0.0,0.0,0.0,0.0,0.0,0.0,0.0,0.0
PIT,2024-06-03,3,0,0,1,0,100.0,100.0,0.0,0.0,10.0,0.0,0.0,0.0,0.0,0.0,0.0
PIT,2024-06-03,4,0,1,0,1,0.0,0.0,100.0,0.0,0.0,0.0,0.0,0.0,2.5,0.0,0.0
PIT,2024-06-03,5,6,2,6,2,100.0,83.33,0.0,0.33,18.33,8.2,5.83,0.5,1.55,3.0,30.0
PIT,2024-06-03,6,22,2,22,3,90.91,77.27,33.33,5.18,19.27,8.72,11.05,4.67,2.87,5.0,17.33
PIT,2024-06-03,7,12,4,13,5,84.62,76.92,60.0,7.85,14.38,4.3,10.54,5.6,4.5,11.2,15.8
PIT,2024-06-03,8,13,4,14,6,85.71,85.71,33.33,6.64,11.07,0.86,6.93,7.83,4.5,16.33,28.67
PIT,2024-06-03,9,5,7,6,8,50.0,50.0,62.5,17.17,15.0,4.77,21.67,3.25,4.29,4.25,15.88
PIT,2024-06-03,10,8,12,13,12,61.54,61.54,91.67,56.15,15.69,5.5,60.0,1.08,3.48,3.0,5.33
PIT,2024-06-03,11,13,9,14,10,85.71,78.57,80.0,8.29,16.57,6.39,12.79,2.8,3.12,0.7,6.5
PIT,2024-06-03,12,5,7,7,10,71.43,71.43,70.0,11.0,13.0,2.73,12.29,1.1,1.39,2.7,11.7
PIT,2024-06-03,13,11,8,13,8,84.62,76.92,75.0,8.69,16.46,5.86,13.23,0.75,4.49,2.5,71.13
PIT,2024-06-03,14,6,4,6,4,66.67,66.67,75.0,86.67,14.33,4.2,90.67,0.75,3.1,1.0,6.75
PIT,2024-06-03,15,4,14,4,14,75.0,75.0,85.71,7.25,13.0,2.75,9.5,1.21,1.13,1.93,14.29
PIT,2024-06-03,16,13,9,13,14,92.31,84.62,78.57,13.62,15.15,4.89,15.92,2.29,1.73,4.0,11.0
PIT,2024-06-03,17,11,9,12,12,91.67,91.67,75.0,5.25,14.42,4.22,7.83,0.75,1.11,1.17,12.83
PIT,2024-06-03,18,14,12,15,14,53.33,53.33,85.71,27.07,13.67,3.24,29.13,1.79,2.25,3.79,17.71
PIT,2024-06-03,19,7,8,7,8,100.0,85.71,75.0,3.0,13.43,3.64,4.71,0.63,1.96,2.63,4.5
PIT,2024-06-03,20,8,12,8,14,87.5,75.0,85.71,5.5,12.5,3.75,7.13,0.29,1.98,4.29,8.57
PIT,2024-06-03,21,3,9,5,10,80.0,80.0,70.0,3.8,17.6,7.12,9.4,0.0,3.0,2.0,14.4
PIT,2024-06-03,22,3,12,6,12,83.33,83.33,66.67,2.67,18.0,7.4,5.67,0.0,1.52,0.92,13.5
PIT,2024-06-03,23,0,16,0,16,0.0,0.0,81.25,0.0,0.0,0.0,0.0,1.25,2.81,0.19,5.94
PIT,2024-06-04,0,0,3,0,3,0.0,0.0,66.67,0.0,0.0,0.0,0.0,0.0,2.8,0.0,18.67
PIT,2024-06-04,1,0,2,0,1,0.0,0.0,100.0,0.0,0.0,0.0,0.0,0.0,2.5,0.0,0.0
PIT,2024-06-04,3,0,0,1,0,100.0,100.0,0.0,0.0,10.0,0.0,0.0,0.0,0.0,0.0,0.0
PIT,2024-06-04,4,0,0,0,2,0.0,0.0,100.0,0.0,0.0,0.0,0.0,0.0,2.5,0.0,0.0
PIT,2024-06-04,5,4,1,4,5,100.0,100.0,40.0,0.0,13.25,2.78,0.75,0.2,3.12,5.8,20.8
PIT,2024-06-04,6,21,2,23,2,91.3,73.91,50.0,2.35,18.91,8.46,8.43,2.5,4.05,4.0,10.0
PIT,2024-06-04,7,13,4,16,4,93.75,87.5,100.0,4.25,16.0,5.56,8.13,3.5,10.25,7.75,2.75
PIT,2024-06-04,8,12,4,13,4,84.62,76.92,100.0,16.23,18.69,8.12,20.23,0.75,2.53,4.5,2.5
PIT,2024-06-04,9,6,5,9,5,88.89,77.78,80.0,2.33,13.56,3.49,5.33,1.8,2.74,11.4,9.8
PIT,2024-06-04,10,4,8,5,9,80.0,80.0,66.67,4.8,20.0,9.5,11.8,2.11,3.93,6.22,13.11
PIT,2024-06-04,11,10,8,11,9,90.91,81.82,66.67,7.27,13.73,3.31,8.91,2.0,4.81,6.0,11.0
PIT,2024-06-04,12,6,9,10,11,50.0,50.0,72.73,17.6,11.7,2.12,18.2,4.45,3.97,5.0,21.09
PIT,2024-06-04,13,11,6,15,8,86.67,86.67,75.0,10.13,13.2,3.19,11.93,6.75,2.63,7.5,14.13
PIT,2024-06-04,14,5,4,7,4,71.43,71.43,75.0,23.43,10.0,0.54,23.57,0.75,2.2,0.0,4.25
PIT,2024-06-04,15,3,13,4,15,75.0,75.0,60.0,10.5,10.5,1.02,10.0,1.73,2.61,5.47,15.53
PIT,2024-06-04,16,15,11,15,13,80.0,73.33,76.92,15.67,14.73,4.81,18.67,2.23,3.65,2.62,27.23
PIT,2024-06-04,17,9,5,9,8,88.89,88.89,62.5,4.67,11.44,1.54,5.33,0.25,3.5,1.13,17.75
PIT,2024-06-04,18,10,9,12,12,75.0,75.0,91.67,12.92,17.33,6.85,18.25,2.75,2.62,2.33,7.42
PIT,2024-06-04,19,4,8,4,10,75.0,75.0,90.0,6.0,17.5,7.33,9.0,2.0,3.03,4.9,5.3
PIT,2024-06-04,20,9,12,9,13,88.89,88.89,92.31,4.89,10.22,1.1,5.33,1.54,3.7,1.85,5.31
PIT,2024-06-04,21,2,6,4,9,100.0,100.0,55.56,0.0,12.0,1.55,0.5,1.11,3.39,8.56,17.89
PIT,2024-06-04,22,0,8,2,8,100.0,100.0,62.5,0.0,13.0,2.4,0.0,0.88,2.29,3.38,15.38
PIT,2024-06-04,23,0,16,0,16,0.0,0.0,93.75,0.0,0.0,0.0,0.0,2.69,2.88,0.81,4.06
PIT,2024-06-05,0,0,1,0,3,0.0,0.0,66.67,0.0,0.0,0.0,0.0,0.67,2.0,1.33,49.67
PIT,2024-06-05,1,0,3,0,2,0.0,0.0,50.0,0.0,0.0,0.0,0.0,12.0,1.4,13.0,14.5
PIT,2024-06-05,2,0,0,0,0,0.0,0.0,0.0,0.0,0.0,0.0,0.0,0.0,0.0,0.0,0.0
PIT,2024-06-05,4,0,0,0,1,0.0,0.0,100.0,0.0,0.0,0.0,0.0,0.0,2.5,0.0,0.0
PIT,2024-06-05,5,4,3,4,4,75.0,75.0,50.0,21.5,14.0,3.53,23.5,0.0,4.28,1.5,15.0
PIT,2024-06-05,6,23,2,26,2,88.46,88.46,100.0,5.19,11.62,1.67,6.42,0.0,3.55,0.0,6.5
PIT,2024-06-05,7,13,5,15,5,93.33,93.33,60.0,1.4,12.2,2.24,2.8,3.0,5.1,6.8,14.8
PIT,2024-06-05,8,11,4,14,6,92.86,85.71,83.33,2.64,13.5,3.36,4.57,6.83,6.02,10.33,8.33
PIT,2024-06-05,9,5,6,8,6,75.0,75.0,100.0,7.63,12.38,2.49,9.13,2.17,4.03,1.67,0.17
PIT,2024-06-05,10,6,8,6,9,100.0,100.0,88.89,0.67,14.0,3.82,1.33,3.33,2.99,4.0,2.67
PIT,2024-06-05,11,8,7,10,7,80.0,80.0,85.71,6.4,12.5,2.08,8.3,2.43,3.89,5.0,6.71
PIT,2024-06-05,12,7,6,7,7,100.0,85.71,85.71,0.71,19.71,9.87,7.71,3.71,2.4,3.86,13.57
PIT,2024-06-05,13,7,6,7,7,42.86,28.57,71.43,16.57,17.86,7.8,22.71,4.0,3.4,3.57,14.86
PIT,2024-06-05,14,7,4,8,7,50.0,50.0,71.43,34.63,15.63,5.66,38.5,1.0,2.47,4.86,26.57
PIT,2024-06-05,15,3,15,3,18,66.67,33.33,61.11,15.0,14.67,4.53,19.67,3.44,4.75,6.33,41.28
PIT,2024-06-05,16,18,14,19,14,42.11,36.84,57.14,49.47,13.68,3.78,52.32,2.07,5.0,8.0,17.0
PIT,2024-06-05,17,11,4,8,8,50.0,50.0,62.5,25.25,19.75,9.38,32.13,4.0,4.5,5.5,32.13
PIT,2024-06-05,18,8,11,10,10,70.0,70.0,70.0,30.8,11.3,0.82,31.3,2.9,3.34,2.9,36.0
PIT,2024-06-05,19,6,6,7,7,57.14,57.14,42.86,43.57,13.0,2.69,46.0,3.14,2.11,0.29,60.14
PIT,2024-06-05,20,7,10,7,12,71.43,71.43,66.67,39.43,10.29,1.69,40.71,0.58,2.72,0.92,33.25
PIT,2024-06-05,21,2,12,4,13,100.0,100.0,61.54,0.0,12.25,2.3,0.5,2.62,3.96,4.92,21.08
PIT,2024-06-05,22,3,9,6,10,66.67,66.67,30.0,11.17,14.67,4.07,13.83,2.7,2.17,10.7,49.1
PIT,2024-06-05,23,0,12,0,11,0.0,0.0,45.45,0.0,0.0,0.0,0.0,1.91,4.27,11.73,24.73
PIT,2024-06-06,0,0,3,1,1,100.0,100.0,0.0,0.0,15.0,3.8,0.0,0.0,1.4,0.0,65.0
PIT,2024-06-06,1,0,1,0,4,0.0,0.0,50.0,0.0,0.0,0.0,0.0,1.0,1.95,0.75,34.75
PIT,2024-06-06,2,0,0,0,0,0.0,0.0,0.0,0.0,0.0,0.0,0.0,0.0,0.0,0.0,0.0
PIT,2024-06-06,3,0,0,1,0,0.0,0.0,0.0,61.0,14.0,3.4,64.0,0.0,0.0,0.0,0.0
PIT,2024-06-06,4,0,0,1,1,0.0,0.0,100.0,57.0,15.0,4.4,61.0,1.0,3.5,1.0,1.0
PIT,2024-06-06,5,6,3,6,6,83.33,66.67,33.33,29.17,15.33,5.67,34.83,0.5,2.43,5.5,23.5
PIT,2024-06-06,6,22,2,24,3,70.83,70.83,66.67,31.92,15.58,4.97,35.5,1.67,1.03,1.0,15.33
PIT,2024-06-06,7,12,4,15,4,73.33,73.33,100.0,25.47,16.47,6.19,29.67,1.25,6.0,5.0,1.25
PIT,2024-06-06,8,11,2,15,2,73.33,73.33,100.0,11.0,12.6,2.12,12.07,6.0,0.95,11.5,4.0
PIT,2024-06-06,9,2,9,3,10,100.0,100.0,70.0,0.0,14.0,4.17,2.67,2.6,3.04,4.0,32.4
PIT,2024-06-06,10,10,7,13,9,61.54,53.85,88.89,28.23,16.46,6.25,32.31,2.22,1.06,2.78,3.11
PIT,2024-06-06,11,8,8,10,9,100.0,90.0,88.89,0.9,15.2,4.42,3.9,2.0,2.26,0.33,6.22
PIT,2024-06-06,12,7,9,9,10,100.0,55.56,70.0,2.22,20.0,9.94,10.11,1.9,1.47,7.6,14.1
PIT,2024-06-06,13,10,7,14,9,50.0,50.0,66.67,23.21,14.14,3.81,26.29,1.67,1.82,4.0,9.89
PIT,2024-06-06,14,8,8,9,9,77.78,66.67,77.78,14.44,13.56,3.5,16.78,0.22,2.3,1.44,22.0
PIT,2024-06-06,15,8,18,9,18,77.78,55.56,72.22,17.0,17.0,7.46,24.56,3.11,2.13,6.44,14.11
PIT,2024-06-06,16,16,10,18,12,50.0,44.44,66.67,67.78,19.56,9.05,75.94,1.92,3.06,3.42,9.92
PIT,2024-06-06,17,10,6,11,10,63.64,45.45,60.0,15.73,23.55,13.09,26.0,1.4,1.69,1.3,29.8
PIT,2024-06-06,18,12,11,13,14,69.23,61.54,78.57,17.62,16.08,5.49,22.23,0.71,1.25,7.71,12.93
PIT,2024-06-06,19,6,7,7,8,71.43,71.43,87.5,28.29,15.0,4.59,30.43,1.88,2.04,2.38,3.88
PIT,2024-06-06,20,8,10,9,13,66.67,66.67,84.62,16.44,14.0,4.4,19.67,0.92,1.55,2.15,12.0
PIT,2024-06-06,21,3,11,6,13,50.0,50.0,46.15,16.67,15.0,5.17,19.83,1.85,1.93,8.0,43.0
PIT,2024-06-06,22,2,9,5,9,80.0,80.0,55.56,13.2,14.2,4.52,14.4,1.11,1.26,3.0,34.56
PIT,2024-06-06,23,1,17,1,17,0.0,0.0,35.29,80.0,11.0,0.4,80.0,2.0,1.58,7.12,38.35
PIT,2024-06-07,0,0,2,0,4,0.0,0.0,50.0,0.0,0.0,0.0,0.0,1.25,2.1,1.25,56.0
PIT,2024-06-07,1,0,2,0,1,0.0,0.0,0.0,0.0,0.0,0.0,0.0,1.0,0.0,0.0,45.0
PIT,2024-06-07,2,0,0,0,0,0.0,0.0,0.0,0.0,0.0,0.0,0.0,0.0,0.0,0.0,0.0
PIT,2024-06-07,4,0,0,0,1,0.0,0.0,100.0,0.0,0.0,0.0,0.0,0.0,1.5,0.0,0.0
PIT,2024-06-07,5,6,3,6,6,100.0,100.0,66.67,1.33,14.67,4.92,4.83,0.5,1.92,0.5,9.5
PIT,2024-06-07,6,21,2,23,2,91.3,91.3,100.0,3.13,15.35,4.76,5.57,2.5,1.05,0.0,0.0
PIT,2024-06-07,7,12,5,14,4,85.71,85.71,100.0,3.14,14.64,4.39,5.21,0.0,4.0,2.0,0.0
PIT,2024-06-07,8,14,5,16,6,87.5,87.5,50.0,4.25,15.25,4.53,6.31,5.5,7.48,14.83,11.0
PIT,2024-06-07,9,5,7,5,8,100.0,80.0,100.0,2.0,18.8,8.66,7.0,1.25,2.91,3.5,1.25
PIT,2024-06-07,10,9,10,10,10,90.0,80.0,70.0,5.6,15.4,5.18,7.7,1.3,3.25,2.5,11.0
PIT,2024-06-07,11,10,7,11,7,81.82,81.82,100.0,6.82,17.0,6.13,9.82,3.86,2.74,4.14,4.71
PIT,2024-06-07,12,7,10,8,11,75.0,62.5,63.64,5.25,15.5,5.36,9.63,1.55,0.62,1.73,15.27
PIT,2024-06-07,13,11,7,12,7,66.67,66.67,71.43,15.08,14.75,4.42,17.5,1.0,0.57,0.29,37.14
PIT,2024-06-07,14,7,7,8,7,75.0,75.0,71.43,33.25,15.88,5.63,37.38,0.86,1.59,3.43,20.71
PIT,2024-06-07,15,7,15,8,19,50.0,50.0,63.16,22.0,13.5,3.94,24.88,1.47,3.44,3.89,25.79
PIT,2024-06-07,16,13,13,13,15,53.85,53.85,66.67,41.62,16.54,6.02,46.31,1.33,2.05,1.13,31.07
PIT,2024-06-07,17,13,7,13,8,61.54,53.85,75.0,33.77,16.54,6.74,37.23,0.75,1.86,3.63,20.0
PIT,2024-06-07,18,12,12,14,14,85.71,78.57,85.71,11.64,14.36,3.76,13.43,1.0,2.81,3.29,7.43
PIT,2024-06-07,19,8,8,8,10,75.0,75.0,70.0,29.75,14.38,3.8,32.5,0.9,3.23,1.8,27.7
PIT,2024-06-07,20,8,12,8,15,50.0,50.0,53.33,20.38,15.13,5.58,24.75,3.2,1.73,10.73,20.0
PIT,2024-06-07,21,4,10,7,11,85.71,71.43,81.82,3.86,17.0,7.23,10.86,0.27,1.69,1.27,6.45
PIT,2024-06-07,22,3,9,4,10,75.0,75.0,70.0,9.0,14.5,3.9,10.5,0.8,5.29,4.0,33.7
PIT,2024-06-07,23,0,17,0,17,0.0,0.0,64.71,0.0,0.0,0.0,0.0,0.88,1.37,0.53,20.59
PIT,2024-06-08,0,0,2,0,2,0.0,0.0,50.0,0.0,0.0,0.0,0.0,0.0,1.2,0.0,8.5
PIT,2024-06-08,1,0,1,0,3,0.0,0.0,66.67,0.0,0.0,0.0,0.0,0.67,1.13,0.0,6.33
PIT,2024-06-08,2,0,0,1,0,100.0,0.0,0.0,0.0,26.0,15.4,15.0,0.0,0.0,0.0,0.0
PIT,2024-06-08,3,0,0,0,0,0.0,0.0,0.0,0.0,0.0,0.0,0.0,0.0,0.0,0.0,0.0
PIT,2024-06-08,5,6,2,6,4,100.0,100.0,100.0,0.0,13.5,3.75,1.17,0.0,1.15,0.0,3.5
PIT,2024-06-08,6,22,2,23,4,91.3,91.3,100.0,11.91,14.13,3.76,14.0,0.25,1.13,0.0,0.0
PIT,2024-06-08,7,8,3,11,4,100.0,90.91,75.0,0.0,15.0,4.61,1.82,1.25,0.88,2.0,8.5
PIT,2024-06-08,8,10,5,11,5,81.82,81.82,100.0,17.82,14.09,3.4,19.64,3.4,2.1,6.0,2.0
PIT,2024-06-08,9,5,5,6,7,83.33,66.67,100.0,4.0,14.17,4.47,6.17,2.0,0.99,2.71,1.86
PIT,2024-06-08,10,7,6,9,7,100.0,100.0,85.71,0.33,15.44,5.11,2.78,1.57,1.0,2.57,5.86
PIT,2024-06-08,11,8,8,9,8,88.89,77.78,87.5,7.89,15.22,4.36,10.11,0.38,1.46,0.0,29.25
PIT,2024-06-08,12,6,7,7,8,57.14,57.14,75.0,33.29,12.57,3.16,35.57,1.25,0.84,0.88,37.0
PIT,2024-06-08,13,8,7,9,7,55.56,55.56,100.0,44.44,17.33,7.51,51.33,0.86,1.24,1.14,0.0
PIT,2024-06-08,14,7,5,8,7,100.0,87.5,85.71,1.38,14.13,4.46,4.75,1.29,1.64,33.0,33.14
PIT,2024-06-08,15,5,13,5,14,80.0,40.0,78.57,12.4,16.6,7.38,18.0,1.07,0.56,1.36,12.21
PIT,2024-06-08,16,14,12,14,13,78.57,78.57,84.62,5.14,15.93,5.58,8.43,0.92,2.64,1.85,16.0
PIT,2024-06-08,17,12,9,12,10,83.33,83.33,90.0,8.83,14.08,4.05,10.67,1.8,7.72,1.8,3.2
PIT,2024-06-08,18,10,10,10,11,90.0,70.0,81.82,7.8,14.8,4.74,10.6,1.09,5.1,2.73,7.64
PIT,2024-06-08,19,6,7,6,8,83.33,83.33,87.5,9.83,13.0,3.65,13.17,0.75,1.94,0.63,5.38
PIT,2024-06-08,20,4,5,4,5,100.0,100.0,80.0,2.5,13.25,4.02,4.25,2.0,0.36,0.4,14.6
PIT,2024-06-08,21,3,10,3,12,100.0,100.0,66.67,0.0,15.0,5.17,3.67,0.5,1.01,1.75,13.25
PIT,2024-06-08,22,2,10,2,10,50.0,50.0,70.0,8.0,12.0,1.7,7.5,2.6,2.13,2.9,16.7
PIT,2024-06-08,23,0,13,0,13,0.0,0.0,46.15,0.0,0.0,0.0,0.0,1.54,1.15,0.69,22.23
PIT,2024-06-09,0,0,3,0,2,0.0,0.0,100.0,0.0,0.0,0.0,0.0,0.0,2.7,0.0,0.0
PIT,2024-06-09,1,0,2,0,2,0.0,0.0,100.0,0.0,0.0,0.0,0.0,0.0,2.0,0.0,0.0
PIT,2024-06-09,3,0,0,1,0,100.0,100.0,0.0,0.0,25.0,14.4,14.0,0.0,0.0,0.0,0.0
PIT,2024-06-09,4,0,1,0,0,0.0,0.0,0.0,0.0,0.0,0.0,0.0,0.0,0.0,0.0,0.0
PIT,2024-06-09,5,5,2,5,2,100.0,100.0,50.0,0.6,13.4,3.36,2.8,0.5,7.75,0.0,24.5
PIT,2024-06-09,6,23,2,25,2,84.0,76.0,50.0,6.36,16.16,5.76,9.68,4.0,6.55,1.5,12.5
PIT,2024-06-09,7,8,4,9,5,100.0,77.78,100.0,0.78,22.89,12.32,9.44,1.0,8.5,2.6,0.0
PIT,2024-06-09,8,12,0,14,0,85.71,78.57,0.0,3.71,15.93,5.33,6.14,0.0,0.0,0.0,0.0
PIT,2024-06-09,9,3,8,3,9,100.0,100.0,88.89,0.0,14.0,4.17,0.33,2.56,2.59,2.11,4.56
PIT,2024-06-09,10,9,8,11,10,90.91,81.82,90.0,5.45,14.18,4.04,7.55,3.6,2.19,2.1,5.2
PIT,2024-06-09,11,10,10,12,11,91.67,83.33,81.82,3.25,15.25,4.69,5.42,3.0,2.84,3.73,10.73
PIT,2024-06-09,12,10,9,11,10,72.73,63.64,80.0,15.73,14.18,4.38,19.18,0.4,1.92,3.9,7.0
PIT,2024-06-09,13,7,8,7,10,100.0,85.71,60.0,1.14,14.86,4.7,3.29,2.4,2.39,4.8,16.8
PIT,2024-06-09,14,7,4,9,5,66.67,66.67,80.0,12.67,16.33,5.99,16.56,1.8,1.98,3.6,13.6
PIT,2024-06-09,15,5,13,7,14,42.86,42.86,71.43,26.57,14.71,4.4,30.14,1.79,1.74,2.86,17.07
PIT,2024-06-09,16,13,12,13,14,76.92,76.92,50.0,13.0,14.62,3.97,15.38,2.93,3.38,2.14,28.07
PIT,2024-06-09,17,12,7,13,9,46.15,38.46,55.56,30.08,15.0,4.86,34.46,1.11,5.87,4.78,19.44
PIT,2024-06-09,18,10,8,10,9,60.0,60.0,66.67,18.4,17.0,6.3,22.3,0.56,1.82,1.78,25.67
PIT,2024-06-09,19,7,10,7,11,100.0,85.71,81.82,3.0,14.57,4.66,6.0,1.82,3.22,3.0,11.45
PIT,2024-06-09,20,7,9,7,10,71.43,71.43,50.0,13.14,12.71,2.97,15.29,1.7,0.89,1.2,25.5
PIT,2024-06-09,21,3,10,3,11,66.67,66.67,90.91,15.33,13.67,5.37,19.33,0.55,3.27,1.91,13.64
PIT,2024-06-09,22,1,8,1,8,100.0,100.0,62.5,0.0,11.0,0.4,0.0,0.5,2.2,5.25,23.13
PIT,2024-06-09,23,1,16,1,16,0.0,0.0,68.75,736.0,13.0,2.4,738.0,1.13,1.7,1.31,32.56
PIT,2024-06-10,0,0,2,0,3,0.0,0.0,33.33,0.0,0.0,0.0,0.0,0.0,5.97,0.67,20.0
PIT,2024-06-10,1,0,2,0,4,0.0,0.0,100.0,0.0,0.0,0.0,0.0,2.75,0.45,0.0,5.75
PIT,2024-06-10,3,0,0,1,0,0.0,0.0,0.0,15.0,14.0,3.4,18.0,0.0,0.0,0.0,0.0
PIT,2024-06-10,4,0,0,0,1,0.0,0.0,100.0,0.0,0.0,0.0,0.0,0.0,2.5,0.0,0.0
PIT,2024-06-10,5,6,3,7,2,100.0,100.0,50.0,1.29,14.71,4.84,4.14,0.0,3.3,0.0,30.0
PIT,2024-06-10,6,21,2,21,2,95.24,90.48,50.0,2.57,13.33,2.78,3.81,4.0,3.05,1.5,20.0
PIT,2024-06-10,7,12,5,12,5,100.0,91.67,100.0,1.67,14.42,4.23,3.5,1.0,3.1,6.2,4.2
PIT,2024-06-10,8,14,5,15,5,93.33,93.33,60.0,3.33,15.33,4.64,5.73,2.4,2.6,9.6,8.0
PIT,2024-06-10,9,5,7,9,9,88.89,88.89,88.89,1.78,15.11,4.9,4.78,1.78,2.26,1.11,4.0
PIT,2024-06-10,10,9,10,8,10,87.5,87.5,70.0,4.63,12.75,2.63,6.13,1.2,3.0,2.1,32.2
PIT,2024-06-10,11,10,7,10,7,80.0,80.0,85.71,29.2,13.6,2.7,30.1,3.14,3.81,0.0,10.86
PIT,2024-06-10,12,7,10,8,12,75.0,75.0,91.67,9.75,13.0,2.86,11.88,1.75,2.48,2.67,8.67
PIT,2024-06-10,13,12,7,16,9,81.25,68.75,100.0,8.06,16.81,6.41,11.81,3.44,2.43,2.67,0.0
PIT,2024-06-10,14,6,7,7,7,71.43,71.43,71.43,12.43,13.57,3.37,14.29,0.71,1.51,2.57,12.14
PIT,2024-06-10,15,7,15,8,16,75.0,75.0,81.25,35.75,12.5,3.07,37.63,0.94,2.31,1.88,21.06
PIT,2024-06-10,16,13,14,13,17,76.92,69.23,58.82,8.31,16.0,5.53,11.92,0.24,2.78,2.06,20.88
PIT,2024-06-10,17,14,7,15,9,80.0,60.0,66.67,12.47,14.87,4.36,15.47,2.33,6.1,5.89,37.89
PIT,2024-06-10,18,12,11,12,11,58.33,58.33,81.82,39.0,11.92,1.62,39.67,1.73,3.17,5.27,16.82
PIT,2024-06-10,19,7,7,8,7,87.5,87.5,71.43,10.0,14.38,3.88,11.13,2.57,5.97,3.0,7.71
PIT,2024-06-10,20,7,12,7,14,71.43,71.43,71.43,7.71,12.57,3.17,9.86,1.79,2.21,6.07,15.07
PIT,2024-06-10,21,4,10,6,12,83.33,83.33,66.67,4.67,16.17,6.43,8.5,0.83,2.72,0.33,19.33
PIT,2024-06-10,22,3,10,5,10,100.0,80.0,70.0,2.6,14.0,3.4,3.0,1.7,3.04,3.4,25.4
PIT,2024-06-10,23,0,16,0,16,0.0,0.0,68.75,0.0,0.0,0.0,0.0,1.25,2.01,3.5,33.44
PIT,2024-06-11,0,0,2,0,2,0.0,0.0,100.0,0.0,0.0,0.0,0.0,0.5,1.2,0.0,0.0
PIT,2024-06-11,1,0,3,0,2,0.0,0.0,50.0,0.0,0.0,0.0,0.0,0.0,2.95,3.0,61.0
PIT,2024-06-11,3,0,0,0,0,0.0,0.0,0.0,0.0,0.0,0.0,0.0,0.0,0.0,0.0,0.0
PIT,2024-06-11,4,0,0,1,2,0.0,0.0,100.0,45.0,15.0,4.4,49.0,0.0,1.5,0.0,0.0
PIT,2024-06-11,5,4,3,4,6,100.0,100.0,50.0,0.0,14.5,4.15,2.75,0.67,2.85,6.67,18.0
PIT,2024-06-11,6,22,2,23,2,82.61,69.57,100.0,6.57,16.7,6.31,10.61,0.5,3.05,0.0,0.0
PIT,2024-06-11,7,10,5,14,6,92.86,92.86,83.33,2.64,14.21,3.93,4.43,2.17,7.33,4.83,8.67
PIT,2024-06-11,8,14,4,18,4,88.89,88.89,100.0,2.11,14.33,3.76,3.56,0.0,3.53,3.0,0.0
PIT,2024-06-11,9,5,5,5,5,100.0,100.0,100.0,0.0,12.6,3.08,0.4,1.6,0.88,0.4,0.2
PIT,2024-06-11,10,5,9,5,9,100.0,100.0,77.78,0.0,16.8,6.1,3.2,2.89,1.6,1.56,13.22
PIT,2024-06-11,11,10,7,10,7,80.0,80.0,100.0,11.1,14.7,4.09,13.4,3.29,2.17,0.29,0.14
PIT,2024-06-11,12,7,7,7,8,100.0,85.71,75.0,1.14,16.14,6.07,4.43,1.5,0.66,4.13,13.38
PIT,2024-06-11,13,7,5,8,5,75.0,62.5,80.0,10.0,17.25,7.07,15.25,1.0,0.4,4.4,7.2
PIT,2024-06-11,14,6,4,8,6,50.0,50.0,100.0,25.38,13.75,3.7,27.5,1.17,0.47,0.83,2.0
PIT,2024-06-11,15,3,14,4,14,75.0,75.0,92.86,13.75,17.5,7.25,18.5,1.07,1.39,3.29,6.93
PIT,2024-06-11,16,16,15,17,15,76.47,76.47,73.33,11.18,14.24,3.94,13.59,0.8,1.79,2.13,13.0
PIT,2024-06-11,17,13,5,14,7,78.57,78.57,85.71,10.21,15.29,4.79,11.29,0.71,3.14,0.43,8.0
PIT,2024-06-11,18,9,8,11,9,90.91,72.73,77.78,5.0,14.91,4.28,7.55,1.89,1.21,3.0,12.0
PIT,2024-06-11,19,4,8,4,8,75.0,75.0,87.5,22.0,15.5,5.1,24.0,0.75,1.06,0.0,8.25
PIT,2024-06-11,20,8,10,8,13,50.0,50.0,76.92,36.75,12.75,3.49,39.5,1.08,1.39,2.15,21.77
PIT,2024-06-11,21,2,10,4,12,75.0,75.0,75.0,8.75,16.75,6.15,14.0,1.33,1.54,1.67,15.17
PIT,2024-06-11,22,1,9,3,9,66.67,66.67,77.78,14.33,13.33,2.73,14.33,1.44,2.09,3.0,23.78
PIT,2024-06-11,23,0,11,0,11,0.0,0.0,72.73,0.0,0.0,0.0,0.0,0.82,3.08,0.82,17.73
PIT,2024-06-12,0,0,2,0,2,0.0,0.0,50.0,0.0,0.0,0.0,0.0,1.5,1.7,0.0,40.5
PIT,2024-06-12,1,0,3,0,3,0.0,0.0,33.33,0.0,0.0,0.0,0.0,4.33,1.63,0.0,32.33
PIT,2024-06-12,4,0,0,0,1,0.0,0.0,100.0,0.0,0.0,0.0,0.0,0.0,0.5,0.0,0.0
PIT,2024-06-12,5,4,3,4,6,100.0,100.0,83.33,0.5,15.25,4.78,1.75,0.0,2.1,0.83,7.17
PIT,2024-06-12,6,22,2,25,2,88.0,88.0,100.0,4.08,16.72,6.35,7.88,3.5,0.55,0.0,0.0
PIT,2024-06-12,7,11,4,12,4,83.33,83.33,100.0,8.42,13.33,3.0,10.0,0.5,2.5,3.25,2.75
PIT,2024-06-12,8,12,5,15,5,93.33,93.33,100.0,3.33,13.27,2.77,4.33,3.4,2.72,4.8,1.4
PIT,2024-06-12,9,6,5,6,5,100.0,100.0,100.0,0.0,13.33,3.63,1.33,0.8,1.74,1.6,0.4
PIT,2024-06-12,10,5,9,6,10,83.33,83.33,90.0,4.33,16.17,5.4,6.67,1.4,2.69,1.7,10.2
PIT,2024-06-12,11,9,6,11,7,81.82,81.82,85.71,8.27,14.36,3.62,10.18,2.0,4.67,1.14,7.43
PIT,2024-06-12,12,7,7,10,8,90.0,80.0,87.5,7.6,15.5,5.33,11.0,1.25,1.91,2.25,10.25
PIT,2024-06-12,13,7,6,8,7,75.0,62.5,71.43,14.88,17.63,6.85,18.25,2.86,1.69,2.43,13.86
PIT,2024-06-12,14,7,4,8,7,75.0,75.0,71.43,10.13,12.25,2.29,11.88,1.0,1.19,2.29,9.57
PIT,2024-06-12,15,3,13,4,15,75.0,50.0,46.67,11.0,19.75,9.5,19.25,2.2,1.28,3.8,28.2
PIT,2024-06-12,16,16,16,16,15,62.5,62.5,80.0,21.5,14.69,4.39,24.56,1.87,2.49,1.07,12.2
PIT,2024-06-12,17,12,3,12,6,83.33,83.33,100.0,9.58,14.58,4.18,11.33,2.83,2.58,1.5,0.0
PIT,2024-06-12,18,8,10,9,13,77.78,66.67,53.85,5.22,15.44,4.7,7.89,1.92,1.65,3.54,27.54
PIT,2024-06-12,19,6,8,7,8,57.14,57.14,75.0,32.86,14.71,4.3,34.14,0.5,2.61,2.25,10.13
PIT,2024-06-12,20,7,9,6,13,66.67,66.67,53.85,9.67,13.83,4.53,13.17,1.69,3.75,3.92,12.62
PIT,2024-06-12,21,2,12,4,12,75.0,75.0,66.67,4.25,17.0,6.4,8.75,2.0,2.29,1.67,16.42
PIT,2024-06-12,22,3,10,6,12,83.33,83.33,75.0,5.17,13.0,2.87,5.5,1.25,3.4,1.75,12.83
PIT,2024-06-12,23,0,10,0,9,0.0,0.0,88.89,0.0,0.0,0.0,0.0,3.0,1.78,0.56,2.89
PIT,2024-06-13,0,0,3,0,2,0.0,0.0,100.0,0.0,0.0,0.0,0.0,0.0,2.0,0.0,0.0
PIT,2024-06-13,1,0,1,0,3,0.0,0.0,33.33,0.0,0.0,0.0,0.0,0.0,1.43,0.0,11.0
PIT,2024-06-13,2,0,0,1,1,100.0,100.0,0.0,0.0,15.0,4.4,4.0,0.0,1.5,0.0,17.0
PIT,2024-06-13,4,0,0,0,1,0.0,0.0,100.0,0.0,0.0,0.0,0.0,0.0,2.5,2.0,0.0
PIT,2024-06-13,5,6,4,6,6,100.0,100.0,83.33,0.0,13.67,3.92,1.67,0.0,1.77,0.17,5.17
PIT,2024-06-13,6,22,1,23,2,86.96,82.61,100.0,18.39,15.74,5.17,21.09,3.0,2.05,0.0,0.0
PIT,2024-06-13,7,12,4,15,6,80.0,80.0,66.67,6.8,13.6,3.37,8.47,0.83,2.83,4.17,27.83
PIT,2024-06-13,8,11,3,15,4,73.33,73.33,100.0,10.07,15.0,4.21,12.13,1.0,2.73,5.0,1.75
PIT,2024-06-13,9,3,8,6,9,50.0,50.0,88.89,26.17,16.5,6.28,28.83,0.67,1.81,4.33,6.22
PIT,2024-06-13,10,9,8,12,10,100.0,66.67,90.0,2.5,16.0,5.72,6.67,0.5,4.4,1.2,2.0
PIT,2024-06-13,11,9,7,9,7,100.0,100.0,100.0,0.0,14.78,3.91,0.56,3.0,2.67,0.0,0.0
PIT,2024-06-13,12,7,9,9,9,100.0,100.0,77.78,0.0,14.89,4.77,2.67,1.0,1.41,1.78,11.22
PIT,2024-06-13,13,10,8,11,9,81.82,72.73,100.0,6.55,13.73,3.49,8.09,0.67,2.9,1.78,0.78
PIT,2024-06-13,14,8,8,10,10,60.0,60.0,70.0,12.5,14.2,3.88,14.9,2.8,1.62,4.2,57.2
PIT,2024-06-13,15,8,16,10,18,70.0,70.0,77.78,62.0,12.6,2.94,64.1,1.94,1.08,6.06,25.22
PIT,2024-06-13,16,14,11,14,13,71.43,64.29,92.31,21.86,16.5,5.98,25.21,1.69,4.81,1.62,3.69
PIT,2024-06-13,17,11,7,12,11,83.33,75.0,72.73,4.42,19.33,8.8,9.92,4.09,2.37,3.27,27.64
PIT,2024-06-13,18,13,10,12,13,83.33,75.0,76.92,10.75,18.58,8.06,17.33,0.92,4.26,5.08,13.92
PIT,2024-06-13,19,6,8,7,11,71.43,57.14,81.82,19.57,14.43,3.86,22.0,1.91,3.19,2.45,13.45
PIT,2024-06-13,20,7,10,10,13,70.0,70.0,92.31,7.8,14.7,4.86,12.0,1.0,1.47,0.77,2.92
PIT,2024-06-13,21,3,11,6,13,100.0,100.0,76.92,0.17,13.67,3.83,1.5,1.38,2.02,2.31,5.92
PIT,2024-06-13,22,2,10,3,10,66.67,66.67,80.0,14.0,13.0,2.4,16.0,0.9,2.28,2.7,7.3
PIT,2024-06-13,23,1,16,1,16,100.0,100.0,75.0,0.0,9.0,0.0,0.0,1.44,2.04,1.25,19.44
PIT,2024-06-14,0,0,2,0,4,0.0,0.0,75.0,0.0,0.0,0.0,0.0,1.25,2.75,0.0,11.0
PIT,2024-06-14,1,0,2,1,2,0.0,0.0,100.0,18.0,15.0,4.4,22.0,0.0,0.95,1.0,2.5
PIT,2024-06-14,3,0,0,1,0,100.0,100.0,0.0,0.0,10.0,0.0,0.0,0.0,0.0,0.0,0.0
PIT,2024-06-14,4,0,0,0,1,0.0,0.0,100.0,0.0,0.0,0.0,0.0,0.0,2.5,2.0,0.0
PIT,2024-06-14,5,6,4,6,7,100.0,100.0,57.14,0.5,14.33,4.58,3.17,0.29,2.36,2.14,21.29
PIT,2024-06-14,6,22,1,25,1,88.0,88.0,100.0,4.64,14.96,4.4,6.64,1.0,2.6,0.0,0.0
PIT,2024-06-14,7,12,5,17,5,70.59,70.59,60.0,15.12,13.94,3.65,17.06,2.2,3.5,5.6,17.0
PIT,2024-06-14,8,14,5,18,5,61.11,61.11,80.0,16.72,16.39,5.68,19.67,4.4,3.28,11.6,8.2
PIT,2024-06-14,9,5,7,8,8,100.0,87.5,87.5,1.13,15.0,4.76,4.25,0.63,3.22,2.13,8.25
PIT,2024-06-14,10,9,10,10,9,80.0,80.0,77.78,6.2,14.2,4.03,8.2,5.22,3.28,4.0,5.67
PIT,2024-06-14,11,10,7,12,8,66.67,66.67,62.5,43.17,13.67,3.27,45.75,3.63,7.27,0.75,27.5
PIT,2024-06-14,12,7,9,7,9,85.71,85.71,88.89,14.29,16.86,6.79,18.57,0.44,2.26,0.22,21.22
PIT,2024-06-14,13,11,8,12,10,66.67,58.33,80.0,27.08,24.92,14.7,40.92,1.4,2.26,3.2,5.5
PIT,2024-06-14,14,7,7,10,12,60.0,50.0,66.67,17.8,22.3,11.92,28.0,6.5,2.02,9.42,15.83
PIT,2024-06-14,15,7,15,7,16,71.43,71.43,62.5,13.71,13.0,3.59,17.0,2.44,4.12,5.63,17.75
PIT,2024-06-14,16,13,12,12,14,58.33,33.33,64.29,26.42,20.83,10.28,36.25,2.36,7.04,5.29,21.21
PIT,2024-06-14,17,12,8,15,11,40.0,26.67,63.64,59.6,18.73,8.24,67.53,5.09,3.6,5.36,23.36
PIT,2024-06-14,18,13,12,15,15,40.0,26.67,46.67,48.6,18.67,8.04,56.47,1.93,4.23,5.6,38.87
PIT,2024-06-14,19,8,8,8,7,37.5,37.5,85.71,64.25,14.75,4.18,67.5,0.71,1.94,19.14,18.14
PIT,2024-06-14,20,8,12,8,15,87.5,75.0,40.0,7.63,18.63,8.9,11.63,1.47,1.94,13.0,36.87
PIT,2024-06-14,21,4,11,6,10,33.33,33.33,20.0,18.5,15.67,5.83,23.67,0.4,5.43,5.4,109.0
PIT,2024-06-14,22,3,9,3,10,33.33,33.33,70.0,90.33,13.33,2.73,92.33,3.0,2.68,7.8,13.3
PIT,2024-06-14,23,0,17,1,16,100.0,100.0,50.0,0.0,25.0,14.4,0.0,1.31,2.26,0.94,34.63
PIT,2024-06-15,0,0,2,0,2,0.0,0.0,50.0,0.0,0.0,0.0,0.0,1.0,4.7,4.5,21.5
PIT,2024-06-15,1,0,1,0,4,0.0,0.0,25.0,0.0,0.0,0.0,0.0,1.75,1.48,6.25,52.25
PIT,2024-06-15,2,0,0,1,0,0.0,0.0,0.0,82.0,14.0,3.4,85.0,0.0,0.0,0.0,0.0
PIT,2024-06-15,3,0,0,1,0,100.0,100.0,0.0,0.0,10.0,0.0,0.0,0.0,0.0,0.0,0.0
PIT,2024-06-15,5,6,3,6,5,83.33,83.33,80.0,6.0,13.67,3.92,9.17,1.8,1.72,1.0,5.6
PIT,2024-06-15,6,23,1,24,3,95.83,91.67,100.0,2.46,14.33,3.9,5.0,0.0,1.87,0.0,2.67
PIT,2024-06-15,7,8,3,13,3,76.92,76.92,100.0,4.38,15.92,5.4,7.92,0.67,2.17,0.0,0.0
PIT,2024-06-15,8,10,4,12,4,100.0,100.0,100.0,0.0,15.0,4.32,1.67,0.0,1.95,4.0,1.0
PIT,2024-06-15,9,4,6,6,6,83.33,83.33,83.33,2.5,13.83,4.1,4.67,0.5,1.43,0.0,15.17
PIT,2024-06-15,10,8,6,8,6,87.5,75.0,83.33,19.5,17.0,6.65,23.75,1.5,0.83,2.17,4.67
PIT,2024-06-15,11,8,8,8,9,87.5,87.5,88.89,3.38,13.5,2.52,4.25,0.78,1.64,2.22,5.44
PIT,2024-06-15,12,6,6,7,8,100.0,71.43,75.0,5.71,14.71,5.3,10.71,1.38,3.72,3.63,7.63
PIT,2024-06-15,13,7,7,8,10,75.0,62.5,90.0,14.63,16.88,6.95,19.25,0.2,1.43,1.3,5.4
PIT,2024-06-15,14,7,5,7,12,71.43,71.43,66.67,14.57,14.57,5.04,16.57,1.75,4.74,6.58,11.08
PIT,2024-06-15,15,5,13,7,17,71.43,42.86,76.47,18.14,16.14,6.29,24.0,2.24,2.98,2.88,9.18
PIT,2024-06-15,16,14,10,15,12,73.33,60.0,58.33,9.27,14.6,4.35,12.0,1.25,3.47,9.83,24.33
PIT,2024-06-15,17,11,10,11,12,63.64,63.64,50.0,14.45,14.45,4.45,16.82,1.08,4.2,3.42,21.5
PIT,2024-06-15,18,11,10,12,10,41.67,41.67,60.0,29.42,16.67,6.58,34.33,1.7,6.86,4.1,24.9
PIT,2024-06-15,19,7,7,8,7,50.0,37.5,85.71,13.88,15.88,6.02,19.88,3.43,9.79,7.29,4.71
PIT,2024-06-15,20,3,5,3,5,100.0,100.0,100.0,0.0,13.33,4.3,2.33,1.8,1.06,2.4,1.2
PIT,2024-06-15,21,3,11,4,12,75.0,75.0,66.67,8.5,14.75,4.72,11.75,0.17,1.36,0.25,24.08
PIT,2024-06-15,22,2,11,3,11,66.67,66.67,72.73,8.0,15.0,4.4,8.67,0.09,1.25,0.0,17.09
PIT,2024-06-15,23,0,13,0,13,0.0,0.0,53.85,0.0,0.0,0.0,0.0,0.54,2.18,1.23,43.0
PIT,2024-06-16,0,0,3,0,2,0.0,0.0,50.0,0.0,0.0,0.0,0.0,3.5,2.2,0.0,13.5
PIT,2024-06-16,1,0,2,0,2,0.0,0.0,50.0,0.0,0.0,0.0,0.0,0.0,2.5,0.0,60.0
PIT,2024-06-16,2,0,0,0,0,0.0,0.0,0.0,0.0,0.0,0.0,0.0,0.0,0.0,0.0,0.0
PIT,2024-06-16,3,0,0,1,0,100.0,100.0,0.0,0.0,10.0,0.0,0.0,0.0,0.0,0.0,0.0
PIT,2024-06-16,4,0,1,0,0,0.0,0.0,0.0,0.0,0.0,0.0,0.0,0.0,0.0,0.0,0.0
PIT,2024-06-16,5,5,3,5,3,100.0,100.0,33.33,0.0,17.4,7.36,4.2,5.33,2.17,7.33,13.33
PIT,2024-06-16,6,24,1,24,1,83.33,79.17,100.0,6.96,14.25,3.86,9.21,0.0,2.6,0.0,0.0
PIT,2024-06-16,7,8,4,9,4,100.0,88.89,100.0,2.33,14.78,4.21,4.89,0.25,6.5,1.5,0.0
PIT,2024-06-16,8,12,0,13,0,92.31,92.31,0.0,5.0,15.0,4.4,6.38,0.0,0.0,0.0,0.0
PIT,2024-06-16,9,3,8,5,9,80.0,80.0,55.56,3.4,13.0,3.1,4.2,2.44,2.48,4.33,14.22
PIT,2024-06-16,10,9,8,11,8,81.82,81.82,87.5,6.64,13.64,3.5,9.27,1.0,3.24,0.0,6.88
PIT,2024-06-16,11,10,9,12,12,83.33,83.33,83.33,8.67,11.67,1.29,9.42,3.25,3.06,3.42,8.67
PIT,2024-06-16,12,9,10,12,10,75.0,83.33,100.0,6.17,11.0,1.37,6.67,1.2,3.52,1.6,0.9
PIT,2024-06-16,13,9,9,9,9,88.89,88.89,100.0,5.67,12.22,2.19,6.44,1.11,2.84,1.56,0.89
PIT,2024-06-16,14,7,4,8,5,75.0,62.5,80.0,9.63,14.5,4.26,12.0,1.0,3.28,1.2,8.4
PIT,2024-06-16,15,5,13,6,14,83.33,66.67,78.57,12.67,20.67,10.3,22.5,1.07,0.99,1.0,9.21
PIT,2024-06-16,16,13,11,13,11,69.23,53.85,90.91,11.46,16.38,5.69,15.77,0.64,4.28,0.64,6.55
PIT,2024-06-16,17,11,8,10,11,80.0,70.0,72.73,21.0,19.2,8.72,27.3,1.82,2.41,1.0,8.0
PIT,2024-06-16,18,11,9,12,10,91.67,91.67,80.0,4.67,14.42,3.9,6.75,1.4,2.64,3.1,9.9
PIT,2024-06-16,19,8,8,8,9,100.0,87.5,100.0,1.88,16.25,6.25,6.0,2.11,1.6,0.89,0.0
PIT,2024-06-16,20,5,9,5,11,100.0,100.0,72.73,0.4,13.8,4.12,1.0,2.91,0.43,1.91,10.45
PIT,2024-06-16,21,3,11,3,12,100.0,100.0,50.0,0.0,12.0,3.7,1.67,1.42,1.77,5.42,49.0
PIT,2024-06-16,22,1,9,3,8,66.67,33.33,100.0,31.33,14.33,4.83,35.0,0.25,4.31,2.88,2.63
PIT,2024-06-16,23,1,16,2,16,100.0,100.0,50.0,0.0,9.0,1.2,0.0,0.88,3.04,1.75,27.56
PIT,2024-06-17,0,0,2,0,3,0.0,0.0,33.33,0.0,0.0,0.0,0.0,0.0,8.63,2.0,15.67
PIT,2024-06-17,1,0,2,0,3,0.0,0.0,33.33,0.0,0.0,0.0,0.0,3.67,0.3,1.0,14.0
PIT,2024-06-17,2,0,0,0,0,0.0,0.0,0.0,0.0,0.0,0.0,0.0,0.0,0.0,0.0,0.0
PIT,2024-06-17,3,0,0,1,0,100.0,100.0,0.0,0.0,10.0,0.0,0.0,0.0,0.0,0.0,0.0
PIT,2024-06-17,4,0,0,0,1,0.0,0.0,100.0,0.0,0.0,0.0,0.0,0.0,0.5,0.0,0.0
PIT,2024-06-17,5,6,4,6,3,83.33,83.33,66.67,30.0,14.83,5.08,33.5,1.67,1.53,2.67,8.33
PIT,2024-06-17,6,22,1,21,3,100.0,95.24,0.0,0.76,14.52,3.96,2.0,0.0,4.87,2.67,31.67
PIT,2024-06-17,7,13,5,18,6,72.22,61.11,83.33,7.72,17.0,6.64,12.28,2.67,3.17,6.33,4.0
PIT,2024-06-17,8,14,5,15,5,73.33,66.67,100.0,16.87,15.93,5.17,19.93,2.6,2.88,9.2,2.4
PIT,2024-06-17,9,5,7,5,10,100.0,100.0,80.0,0.0,15.0,4.86,0.2,1.8,2.24,2.6,5.1
PIT,2024-06-17,10,9,10,12,11,75.0,75.0,54.55,10.92,14.75,4.52,13.58,3.91,2.59,5.09,17.0
PIT,2024-06-17,11,10,7,13,7,76.92,76.92,85.71,10.08,12.69,2.04,10.62,3.0,3.96,0.0,3.0
PIT,2024-06-17,12,7,9,7,10,100.0,100.0,70.0,0.14,13.0,3.14,0.71,1.6,2.27,1.7,11.9
PIT,2024-06-17,13,12,8,12,9,100.0,91.67,88.89,1.58,16.33,6.07,5.0,1.44,3.23,0.67,5.11
PIT,2024-06-17,14,6,7,7,12,85.71,85.71,75.0,3.57,13.14,3.03,5.14,4.58,1.51,6.83,19.0
PIT,2024-06-17,15,7,15,9,14,66.67,55.56,64.29,40.44,23.67,13.99,53.78,1.64,1.85,4.5,17.57
PIT,2024-06-17,16,13,13,13,13,61.54,61.54,61.54,49.85,16.62,6.1,53.46,7.62,13.05,18.15,40.38
PIT,2024-06-17,17,13,8,14,11,14.29,0.0,27.27,113.93,25.93,15.39,128.64,17.91,37.1,49.82,57.09
PIT,2024-06-17,18,13,11,16,12,12.5,12.5,8.33,75.56,16.88,6.3,81.75,8.25,26.87,34.17,65.58
PIT,2024-06-17,19,7,7,6,8,50.0,16.67,75.0,60.83,15.67,5.1,65.83,1.0,15.76,11.0,8.13
PIT,2024-06-17,20,7,12,7,16,28.57,28.57,43.75,49.29,14.43,4.83,53.71,4.44,5.86,9.88,33.19
PIT,2024-06-17,21,4,11,6,12,100.0,50.0,66.67,6.17,18.33,8.5,13.17,1.75,2.15,2.92,23.5
PIT,2024-06-17,22,3,11,6,11,100.0,100.0,45.45,3.67,13.0,2.4,5.0,2.27,6.9,7.18,34.82
PIT,2024-06-17,23,0,16,0,16,0.0,0.0,75.0,0.0,0.0,0.0,0.0,1.31,1.94,1.88,26.44
PIT,2024-06-18,0,0,2,0,2,0.0,0.0,100.0,0.0,0.0,0.0,0.0,2.5,1.7,0.0,0.0
PIT,2024-06-18,1,0,3,0,3,0.0,0.0,66.67,0.0,0.0,0.0,0.0,0.67,1.8,0.0,9.0
PIT,2024-06-18,3,0,0,1,0,100.0,100.0,0.0,0.0,10.0,0.0,0.0,0.0,0.0,0.0,0.0
PIT,2024-06-18,4,0,0,0,2,0.0,0.0,50.0,0.0,0.0,0.0,0.0,5.0,1.5,7.0,26.5
PIT,2024-06-18,5,4,4,4,7,75.0,75.0,42.86,3.75,14.5,4.03,5.5,0.14,1.66,3.29,17.57
PIT,2024-06-18,6,23,1,26,2,92.31,88.46,50.0,4.0,15.0,4.74,6.38,0.0,1.05,0.0,16.5
PIT,2024-06-18,7,10,5,11,5,90.91,72.73,80.0,2.73,16.91,6.49,5.55,0.6,2.4,0.0,4.4
PIT,2024-06-18,8,14,3,17,3,88.24,82.35,100.0,8.82,15.12,4.66,11.53,3.67,1.8,4.67,1.33
PIT,2024-06-18,9,4,6,5,6,80.0,80.0,83.33,6.4,15.6,5.92,10.2,2.33,1.65,1.0,3.33
PIT,2024-06-18,10,6,8,6,9,100.0,83.33,88.89,0.0,20.17,9.53,5.5,2.78,3.32,1.44,3.56
PIT,2024-06-18,11,10,7,10,9,90.0,90.0,66.67,1.7,15.5,4.89,3.9,3.22,5.63,1.89,14.22
PIT,2024-06-18,12,7,7,9,9,66.67,55.56,88.89,12.56,14.67,4.48,16.0,0.56,0.64,0.89,9.44
PIT,2024-06-18,13,7,5,8,7,87.5,87.5,71.43,6.63,12.75,2.34,7.0,1.43,1.14,0.0,18.57
PIT,2024-06-18,14,6,4,9,6,77.78,66.67,83.33,15.78,16.11,6.07,19.67,9.83,1.88,9.0,9.0
PIT,2024-06-18,15,3,13,7,12,71.43,71.43,100.0,9.29,17.43,7.03,13.86,0.42,1.07,0.0,1.67
PIT,2024-06-18,16,16,14,14,16,85.71,78.57,81.25,7.43,13.07,2.88,9.14,4.56,2.49,5.06,8.63
PIT,2024-06-18,17,12,6,12,12,91.67,91.67,75.0,2.5,13.25,3.21,3.58,2.75,3.98,4.5,5.75
PIT,2024-06-18,18,9,9,11,10,81.82,72.73,70.0,10.64,14.55,4.36,14.09,3.3,3.19,1.5,14.1
PIT,2024-06-18,19,4,7,5,10,60.0,60.0,70.0,16.6,11.2,0.98,17.2,1.6,3.31,1.2,17.6
PIT,2024-06-18,20,7,10,9,12,55.56,55.56,83.33,20.22,10.22,1.06,21.11,3.33,2.38,5.83,42.0
PIT,2024-06-18,21,2,11,5,13,100.0,100.0,76.92,0.0,11.6,1.24,0.6,1.46,2.86,4.92,6.15
PIT,2024-06-18,22,1,9,3,9,100.0,100.0,77.78,0.0,13.33,2.93,0.0,0.89,2.59,1.0,8.0
PIT,2024-06-18,23,0,11,0,11,0.0,0.0,63.64,0.0,0.0,0.0,0.0,0.27,1.05,1.82,101.18
PIT,2024-06-19,0,0,2,0,2,0.0,0.0,50.0,0.0,0.0,0.0,0.0,0.0,1.2,0.0,8.0
PIT,2024-06-19,1,0,3,0,4,0.0,0.0,50.0,0.0,0.0,0.0,0.0,4.75,1.23,6.75,23.0
PIT,2024-06-19,2,0,0,0,0,0.0,0.0,0.0,0.0,0.0,0.0,0.0,0.0,0.0,0.0,0.0
PIT,2024-06-19,3,0,0,1,0,100.0,100.0,0.0,0.0,10.0,0.0,0.0,0.0,0.0,0.0,0.0
PIT,2024-06-19,4,0,0,0,1,0.0,0.0,100.0,0.0,0.0,0.0,0.0,0.0,2.5,0.0,0.0
PIT,2024-06-19,5,4,4,4,7,100.0,100.0,42.86,0.25,16.25,5.77,4.5,1.29,1.0,7.86,20.14
PIT,2024-06-19,6,23,1,26,1,76.92,73.08,100.0,16.42,14.58,4.23,18.42,0.0,0.0,0.0,0.0
PIT,2024-06-19,7,11,5,14,5,78.57,78.57,100.0,6.79,16.21,5.76,10.57,2.6,3.6,0.0,0.0
PIT,2024-06-19,8,13,4,16,4,87.5,81.25,75.0,4.31,15.69,5.08,6.75,3.5,2.73,5.5,4.75
PIT,2024-06-19,9,5,6,5,9,100.0,100.0,77.78,0.0,13.8,4.12,0.4,1.44,0.99,0.56,10.78
PIT,2024-06-19,10,6,8,9,9,77.78,77.78,100.0,10.22,13.67,3.11,12.33,3.78,2.89,1.11,0.0
PIT,2024-06-19,11,9,6,10,6,90.0,90.0,66.67,2.0,12.9,2.46,2.4,3.17,2.83,0.17,81.33
PIT,2024-06-19,12,8,7,9,9,77.78,66.67,77.78,49.0,13.78,3.59,51.89,2.0,0.88,4.67,8.11
PIT,2024-06-19,13,7,6,9,7,55.56,55.56,100.0,11.56,13.78,3.67,12.11,2.14,1.61,1.29,0.14
PIT,2024-06-19,14,7,4,9,5,88.89,88.89,80.0,2.89,15.11,5.01,5.89,1.6,3.86,0.8,3.8
PIT,2024-06-19,15,3,13,4,15,50.0,50.0,73.33,12.75,13.25,3.15,15.75,1.6,1.99,2.6,8.87
PIT,2024-06-19,16,17,15,17,16,76.47,58.82,81.25,13.59,21.71,11.44,24.06,1.63,2.68,0.75,9.94
PIT,2024-06-19,17,11,4,13,9,76.92,69.23,55.56,8.46,18.92,8.57,14.31,1.44,3.11,5.0,17.11
PIT,2024-06-19,18,7,11,9,12,77.78,77.78,75.0,22.33,14.22,3.49,24.0,2.33,2.49,1.33,5.67
PIT,2024-06-19,19,6,7,6,8,83.33,66.67,100.0,5.0,14.5,4.17,6.83,3.13,2.39,0.0,0.0
PIT,2024-06-19,20,6,9,6,12,100.0,100.0,91.67,0.0,12.17,3.22,0.5,2.67,1.76,2.25,2.25
PIT,2024-06-19,21,2,13,5,14,100.0,80.0,57.14,1.4,13.2,2.72,3.2,1.5,2.34,3.0,21.21
PIT,2024-06-19,22,3,10,4,10,75.0,75.0,70.0,7.75,13.25,2.65,9.5,0.9,1.34,0.3,42.7
PIT,2024-06-19,23,0,10,0,10,0.0,0.0,80.0,0.0,0.0,0.0,0.0,1.5,1.44,0.2,6.1
PIT,2024-06-20,0,0,3,0,2,0.0,0.0,100.0,0.0,0.0,0.0,0.0,1.0,0.2,0.0,0.5
PIT,2024-06-20,1,0,1,0,4,0.0,0.0,100.0,0.0,0.0,0.0,0.0,1.5,0.38,0.0,0.0
PIT,2024-06-20,2,0,0,0,1,0.0,0.0,0.0,0.0,0.0,0.0,0.0,0.0,2.5,0.0,20.0
PIT,2024-06-20,3,0,0,2,0,100.0,100.0,0.0,3.0,13.0,2.7,5.5,0.0,0.0,0.0,0.0
PIT,2024-06-20,4,0,0,0,0,0.0,0.0,0.0,0.0,0.0,0.0,0.0,0.0,0.0,0.0,0.0
PIT,2024-06-20,5,6,4,8,7,87.5,75.0,71.43,4.38,18.38,8.41,10.75,0.14,2.59,6.14,10.0
PIT,2024-06-20,6,23,1,27,2,88.89,88.89,100.0,2.85,14.89,4.33,4.63,0.0,2.05,0.0,0.0
PIT,2024-06-20,7,11,3,13,4,100.0,100.0,100.0,0.08,14.23,3.96,0.85,1.75,2.25,3.0,2.75
PIT,2024-06-20,8,11,3,16,3,93.75,93.75,100.0,2.19,15.13,4.48,3.63,3.0,2.13,2.33,0.0
PIT,2024-06-20,9,3,8,5,8,100.0,100.0,100.0,0.0,15.4,5.26,3.4,1.75,1.6,0.38,0.75
PIT,2024-06-20,10,9,7,12,9,91.67,91.67,77.78,1.25,14.58,4.3,3.33,2.44,2.72,1.0,12.78
PIT,2024-06-20,11,9,7,10,8,90.0,80.0,75.0,7.7,15.0,4.31,9.8,2.38,2.65,1.75,15.13
PIT,2024-06-20,12,7,8,7,8,85.71,85.71,100.0,5.14,17.0,6.93,8.57,0.0,1.78,0.0,1.63
PIT,2024-06-20,13,9,9,9,9,88.89,88.89,88.89,2.56,14.11,4.01,4.11,0.89,1.73,1.78,5.22
PIT,2024-06-20,14,9,8,9,9,100.0,88.89,88.89,0.33,19.44,9.16,6.22,1.0,2.12,2.11,3.56
PIT,2024-06-20,15,8,15,11,20,72.73,63.64,80.0,9.18,13.27,3.48,12.36,3.4,3.3,6.0,13.1
PIT,2024-06-20,16,14,11,15,14,80.0,73.33,78.57,9.8,14.73,4.25,12.67,3.64,2.94,4.36,8.0
PIT,2024-06-20,17,11,7,13,9,69.23,61.54,66.67,10.69,23.46,12.97,22.69,2.56,2.12,5.56,9.11
PIT,2024-06-20,18,12,10,13,13,76.92,76.92,69.23,34.85,13.38,2.98,36.08,1.46,2.65,3.31,9.31
PIT,2024-06-20,19,6,8,6,13,66.67,66.67,46.15,16.33,15.0,4.43,19.17,13.15,2.77,13.77,42.31
PIT,2024-06-20,20,7,10,7,12,42.86,42.86,58.33,43.14,15.14,5.76,48.0,1.42,2.03,0.58,24.33
PIT,2024-06-20,21,3,11,5,12,40.0,40.0,75.0,13.0,14.6,4.92,16.4,0.92,2.03,0.67,18.67
PIT,2024-06-20,22,2,11,4,12,100.0,100.0,50.0,0.0,16.25,5.8,0.0,0.83,3.0,12.67,34.0
PIT,2024-06-20,23,1,16,2,16,100.0,100.0,87.5,0.0,9.5,0.2,0.0,1.25,2.86,0.31,11.5
PIT,2024-06-21,0,0,2,0,3,0.0,0.0,66.67,0.0,0.0,0.0,0.0,2.67,2.63,8.0,20.0
PIT,2024-06-21,1,0,2,0,1,0.0,0.0,0.0,0.0,0.0,0.0,0.0,1.0,1.4,0.0,107.0
PIT,2024-06-21,2,0,0,0,1,0.0,0.0,100.0,0.0,0.0,0.0,0.0,0.0,1.5,0.0,0.0
PIT,2024-06-21,3,0,0,1,0,100.0,100.0,0.0,0.0,10.0,0.0,0.0,0.0,0.0,0.0,0.0
PIT,2024-06-21,4,0,0,0,1,0.0,0.0,100.0,0.0,0.0,0.0,0.0,6.0,3.5,10.0,0.0
PIT,2024-06-21,5,6,4,8,8,100.0,100.0,62.5,1.63,12.13,2.44,3.5,1.0,1.5,1.5,14.38
PIT,2024-06-21,6,22,1,25,1,92.0,80.0,100.0,3.44,16.52,5.96,7.0,0.0,1.6,0.0,0.0
PIT,2024-06-21,7,12,5,15,4,86.67,86.67,100.0,8.73,13.0,3.0,10.07,1.0,1.75,2.0,0.75
PIT,2024-06-21,8,14,5,16,6,100.0,100.0,83.33,0.0,14.13,3.54,0.38,5.33,1.92,9.17,11.33
PIT,2024-06-21,9,5,7,6,9,100.0,83.33,88.89,0.0,22.67,12.45,8.5,2.11,2.2,5.22,4.33
PIT,2024-06-21,10,9,9,12,8,83.33,83.33,75.0,5.17,14.92,4.93,7.5,2.75,2.63,3.63,11.75
PIT,2024-06-21,11,10,7,11,7,72.73,72.73,100.0,12.82,15.27,4.45,14.91,2.43,4.1,0.0,0.0
PIT,2024-06-21,12,6,9,7,10,85.71,85.71,80.0,8.57,14.14,4.07,10.86,8.8,1.68,2.6,5.2
PIT,2024-06-21,13,12,8,13,11,92.31,76.92,72.73,3.77,19.08,8.78,10.0,0.64,1.46,3.64,11.18
PIT,2024-06-21,14,6,6,8,9,62.5,62.5,88.89,24.63,15.13,4.8,28.38,2.11,1.24,3.0,8.22
PIT,2024-06-21,15,7,14,8,16,87.5,75.0,62.5,9.88,15.38,6.01,14.63,1.25,1.05,1.69,35.5
PIT,2024-06-21,16,14,12,16,13,62.5,56.25,84.62,25.19,18.19,7.62,32.31,4.0,2.0,1.08,7.38
PIT,2024-06-21,17,11,8,11,11,63.64,54.55,72.73,30.45,18.0,7.49,36.18,6.82,3.2,4.36,9.09
PIT,2024-06-21,18,12,12,15,14,60.0,53.33,50.0,54.0,17.53,6.98,59.93,3.79,5.36,9.64,77.36
PIT,2024-06-21,19,8,8,8,8,62.5,50.0,87.5,26.75,20.0,9.43,34.25,0.38,1.51,11.25,22.13
PIT,2024-06-21,20,8,12,10,15,30.0,20.0,33.33,34.9,16.8,6.9,41.6,4.47,5.77,10.93,46.2
PIT,2024-06-21,21,4,11,6,15,66.67,33.33,46.67,24.17,16.0,6.27,30.17,1.07,2.61,6.93,51.27
PIT,2024-06-21,22,3,10,3,9,100.0,100.0,55.56,0.33,15.33,4.73,2.67,2.11,4.04,5.44,16.44
PIT,2024-06-21,23,0,17,0,17,0.0,0.0,88.24,0.0,0.0,0.0,0.0,0.71,2.49,0.94,9.59
PIT,2024-06-22,0,0,2,0,2,0.0,0.0,100.0,0.0,0.0,0.0,0.0,5.5,12.2,5.5,7.0
PIT,2024-06-22,1,0,1,0,2,0.0,0.0,0.0,0.0,0.0,0.0,0.0,2.5,0.95,8.5,63.5
PIT,2024-06-22,2,0,0,0,0,0.0,0.0,0.0,0.0,0.0,0.0,0.0,0.0,0.0,0.0,0.0
PIT,2024-06-22,4,0,0,0,0,0.0,0.0,0.0,0.0,0.0,0.0,0.0,0.0,0.0,0.0,0.0
PIT,2024-06-22,5,6,3,6,5,100.0,100.0,60.0,0.67,13.33,3.58,3.5,1.2,3.9,1.4,14.6
PIT,2024-06-22,6,24,1,24,3,83.33,79.17,100.0,6.46,15.79,5.36,10.33,0.0,1.0,0.0,2.0
PIT,2024-06-22,7,8,3,11,4,81.82,81.82,100.0,8.73,13.45,2.9,10.18,0.0,2.75,2.0,1.25
PIT,2024-06-22,8,9,5,15,5,80.0,80.0,80.0,5.53,14.27,3.67,7.67,1.0,1.06,3.2,11.0
PIT,2024-06-22,9,5,6,5,6,60.0,40.0,83.33,20.4,14.0,4.32,24.0,1.5,1.68,0.33,4.67
PIT,2024-06-22,10,8,5,8,5,87.5,87.5,80.0,6.13,12.75,2.4,7.38,1.2,2.1,0.4,15.6
PIT,2024-06-22,11,8,9,8,9,87.5,87.5,100.0,6.75,12.38,1.79,7.25,2.22,2.69,0.0,0.0
PIT,2024-06-22,12,7,5,9,6,88.89,88.89,66.67,3.44,14.56,4.94,6.67,2.67,5.37,5.0,10.5
PIT,2024-06-22,13,6,7,9,11,66.67,66.67,81.82,11.67,12.33,2.47,13.33,3.0,1.56,3.36,8.18
PIT,2024-06-22,14,7,4,8,6,37.5,25.0,66.67,28.38,19.0,9.34,36.25,9.17,4.22,12.33,16.83
PIT,2024-06-22,15,4,13,5,13,80.0,80.0,53.85,4.4,15.4,5.84,9.0,2.62,2.25,6.54,14.85
PIT,2024-06-22,16,14,10,14,12,57.14,57.14,58.33,30.0,15.5,5.21,34.5,1.58,2.84,2.75,16.92
PIT,2024-06-22,17,11,9,11,12,72.73,54.55,66.67,19.0,16.64,6.5,23.82,1.67,4.24,10.5,16.92
PIT,2024-06-22,18,10,10,12,13,50.0,41.67,53.85,103.92,16.42,6.48,109.0,0.92,4.89,8.54,27.15
PIT,2024-06-22,19,5,6,6,5,66.67,50.0,40.0,17.17,13.83,4.23,20.0,1.2,2.7,0.8,43.8
PIT,2024-06-22,20,3,5,3,6,33.33,33.33,66.67,27.67,15.67,6.63,33.33,0.83,1.9,3.67,51.33
PIT,2024-06-22,21,3,12,2,13,0.0,0.0,30.77,23.0,14.0,4.55,27.5,1.85,1.83,1.92,131.54
PIT,2024-06-22,22,2,10,2,10,50.0,50.0,10.0,73.5,16.5,5.9,76.0,0.4,2.57,5.8,45.2
PIT,2024-06-22,23,0,13,0,12,0.0,0.0,58.33,0.0,0.0,0.0,0.0,1.58,2.73,3.67,31.25
PIT,2024-06-23,0,0,3,0,3,0.0,0.0,100.0,0.0,0.0,0.0,0.0,1.67,9.3,1.0,1.0
PIT,2024-06-23,1,0,2,1,2,0.0,0.0,50.0,29.0,13.0,2.4,31.0,0.0,3.0,2.5,20.0
PIT,2024-06-23,2,0,0,0,0,0.0,0.0,0.0,0.0,0.0,0.0,0.0,0.0,0.0,0.0,0.0
PIT,2024-06-23,4,0,1,0,0,0.0,0.0,0.0,0.0,0.0,0.0,0.0,0.0,0.0,0.0,0.0
PIT,2024-06-23,5,5,3,5,3,100.0,100.0,100.0,0.2,13.2,3.16,2.6,1.0,2.83,0.0,0.0
PIT,2024-06-23,6,24,1,22,1,77.27,77.27,100.0,9.91,13.55,3.2,12.05,3.0,0.6,1.0,0.0
PIT,2024-06-23,7,9,3,10,3,80.0,80.0,100.0,24.7,15.8,5.22,28.8,1.0,1.0,0.0,5.67
PIT,2024-06-23,8,11,0,13,2,92.31,92.31,50.0,2.31,13.62,3.13,4.31,0.0,1.5,3.5,10.0
PIT,2024-06-23,9,3,8,6,8,83.33,66.67,87.5,44.33,15.33,5.22,48.5,1.13,1.25,1.0,9.88
PIT,2024-06-23,10,9,8,13,10,69.23,69.23,80.0,20.38,12.77,2.62,21.92,2.8,2.79,1.3,7.4
PIT,2024-06-23,11,10,9,11,11,63.64,63.64,72.73,10.18,12.91,2.3,11.18,4.64,2.03,7.0,6.91
PIT,2024-06-23,12,7,9,9,11,66.67,55.56,81.82,18.89,12.22,2.29,20.56,2.36,0.75,1.27,18.73
PIT,2024-06-23,13,10,8,11,8,63.64,63.64,75.0,21.64,12.45,2.32,23.18,2.38,2.01,5.13,6.13
PIT,2024-06-23,14,6,4,5,4,100.0,80.0,75.0,3.4,17.4,7.38,9.8,2.75,1.73,1.75,47.75
PIT,2024-06-23,15,5,13,6,17,50.0,50.0,64.71,76.33,16.17,5.9,81.67,2.94,3.14,9.59,43.24
PIT,2024-06-23,16,13,11,16,11,62.5,62.5,81.82,16.44,14.81,4.39,20.31,2.55,3.78,1.09,10.27
PIT,2024-06-23,17,11,8,15,13,40.0,46.67,69.23,37.13,17.4,7.39,42.53,4.85,5.38,4.38,15.08
PIT,2024-06-23,18,11,9,12,12,58.33,50.0,41.67,38.92,19.42,8.73,46.25,8.75,1.87,14.58,45.0
PIT,2024-06-23,19,8,8,8,11,12.5,0.0,27.27,62.13,17.0,7.0,69.25,8.36,4.89,13.82,42.18
PIT,2024-06-23,20,5,9,5,10,20.0,20.0,90.0,43.0,13.2,3.64,46.6,4.0,3.79,2.7,8.1
PIT,2024-06-23,21,3,11,3,10,100.0,66.67,60.0,6.0,12.67,4.37,9.0,3.5,1.79,9.0,22.8
PIT,2024-06-23,22,1,9,1,11,0.0,0.0,54.55,23.0,13.0,2.4,25.0,2.18,2.55,2.27,45.55
PIT,2024-06-23,23,1,16,2,15,50.0,50.0,33.33,31.5,12.5,1.9,33.0,3.53,4.65,4.47,35.73
PIT,2024-06-24,0,0,2,1,4,0.0,0.0,75.0,36.0,14.0,2.5,39.0,2.25,1.23,0.0,13.0
PIT,2024-06-24,1,0,2,0,3,0.0,0.0,100.0,0.0,0.0,0.0,0.0,1.33,0.63,1.67,4.33
PIT,2024-06-24,3,0,0,1,0,100.0,100.0,0.0,0.0,10.0,0.0,0.0,0.0,0.0,0.0,0.0
PIT,2024-06-24,4,0,0,0,1,0.0,0.0,100.0,0.0,0.0,0.0,0.0,4.0,2.5,0.0,0.0
PIT,2024-06-24,5,6,4,6,3,100.0,100.0,66.67,0.17,15.5,5.83,4.83,0.0,1.37,0.0,8.67
PIT,2024-06-24,6,22,1,23,1,69.57,65.22,100.0,21.17,15.61,5.03,25.43,0.0,0.6,0.0,0.0
PIT,2024-06-24,7,12,5,14,6,64.29,50.0,50.0,11.71,15.0,4.79,16.07,2.17,7.5,10.5,8.17
PIT,2024-06-24,8,14,5,16,6,87.5,75.0,66.67,15.63,15.88,5.19,19.75,3.17,2.65,6.67,39.33
PIT,2024-06-24,9,5,7,12,8,75.0,75.0,100.0,5.83,13.0,2.74,7.25,2.13,1.93,1.13,1.63
PIT,2024-06-24,10,9,9,10,9,80.0,80.0,66.67,8.7,13.1,2.88,10.3,3.11,1.94,2.0,11.0
PIT,2024-06-24,11,10,7,11,8,81.82,81.82,62.5,9.27,16.09,5.27,11.82,2.63,2.28,1.5,20.25
PIT,2024-06-24,12,6,9,8,11,37.5,37.5,72.73,24.13,15.63,5.55,28.88,5.73,2.75,6.64,11.55
PIT,2024-06-24,13,13,8,13,8,61.54,61.54,87.5,19.92,15.92,5.63,23.62,1.75,2.08,3.38,6.13
PIT,2024-06-24,14,5,6,6,7,66.67,66.67,57.14,11.83,12.83,2.7,12.83,1.29,1.17,4.43,38.0
PIT,2024-06-24,15,7,14,8,16,50.0,50.0,75.0,50.13,12.75,3.51,53.5,2.13,1.65,2.38,14.56
PIT,2024-06-24,16,14,13,15,15,60.0,60.0,53.33,12.87,15.4,5.01,16.93,2.87,3.04,6.93,41.6
PIT,2024-06-24,17,12,8,13,13,61.54,53.85,69.23,29.15,15.38,4.89,32.54,3.08,1.93,3.85,34.62
PIT,2024-06-24,18,12,11,14,11,57.14,57.14,54.55,40.14,14.0,3.51,43.14,1.36,2.13,2.91,29.55
PIT,2024-06-24,19,7,7,7,8,57.14,57.14,62.5,35.14,14.71,4.14,38.29,2.38,2.09,4.25,12.13
PIT,2024-06-24,20,7,12,7,14,71.43,57.14,71.43,8.57,13.14,3.63,10.71,1.14,2.93,5.93,10.93
PIT,2024-06-24,21,4,11,6,14,66.67,66.67,92.86,11.67,17.33,7.5,17.5,1.5,2.59,3.21,7.86
PIT,2024-06-24,22,3,11,6,12,66.67,66.67,33.33,8.5,13.67,3.07,10.17,1.75,2.74,5.08,33.67
PIT,2024-06-24,23,0,16,0,16,0.0,0.0,56.25,0.0,0.0,0.0,0.0,0.88,2.48,8.25,19.94
PIT,2024-06-25,0,0,2,0,2,0.0,0.0,50.0,0.0,0.0,0.0,0.0,6.0,12.2,5.0,49.5
PIT,2024-06-25,1,0,3,0,2,0.0,0.0,100.0,0.0,0.0,0.0,0.0,0.0,1.95,0.0,0.5
PIT,2024-06-25,4,0,0,0,1,0.0,0.0,100.0,0.0,0.0,0.0,0.0,0.0,1.5,0.0,0.0
PIT,2024-06-25,5,4,4,4,7,100.0,100.0,42.86,0.0,16.25,5.77,0.75,1.43,3.51,2.43,18.43
PIT,2024-06-25,6,23,1,27,1,88.89,74.07,100.0,13.22,15.26,4.96,15.63,0.0,0.6,0.0,0.0
PIT,2024-06-25,7,11,5,15,5,66.67,66.67,100.0,26.67,14.6,4.21,28.87,0.4,3.1,0.6,0.0
PIT,2024-06-25,8,14,3,15,3,93.33,93.33,100.0,4.33,13.27,2.73,5.07,3.0,1.47,5.33,1.33
PIT,2024-06-25,9,4,6,5,6,80.0,80.0,83.33,17.8,13.8,4.12,20.2,2.5,1.25,0.17,5.17
PIT,2024-06-25,10,6,9,8,9,87.5,87.5,77.78,3.13,14.25,3.78,4.5,2.33,3.93,3.56,41.33
PIT,2024-06-25,11,10,7,10,8,80.0,80.0,75.0,16.4,17.0,6.48,20.8,3.75,1.96,1.13,25.13
PIT,2024-06-25,12,6,7,7,8,71.43,71.43,87.5,31.86,15.14,5.07,35.14,1.0,0.6,0.5,7.38
PIT,2024-06-25,13,8,5,8,6,75.0,75.0,50.0,27.5,12.75,2.34,28.25,1.0,1.33,2.0,48.67
PIT,2024-06-25,14,5,3,5,4,40.0,40.0,50.0,52.6,17.0,7.4,60.0,4.5,1.7,5.75,18.25
PIT,2024-06-25,15,3,13,5,14,80.0,40.0,57.14,5.4,18.2,7.88,12.2,2.71,2.11,3.71,23.86
PIT,2024-06-25,16,16,14,18,16,61.11,61.11,56.25,32.17,13.72,3.58,34.72,1.75,2.01,2.81,36.94
PIT,2024-06-25,17,11,6,10,9,50.0,40.0,66.67,35.7,15.7,5.18,40.1,1.56,3.13,2.0,16.89
PIT,2024-06-25,18,10,9,13,10,69.23,69.23,50.0,32.77,15.54,5.05,37.0,2.0,1.39,3.1,33.3
PIT,2024-06-25,19,4,7,7,8,42.86,42.86,62.5,30.29,15.29,4.87,34.71,2.88,1.7,1.5,42.63
PIT,2024-06-25,20,7,10,7,12,57.14,57.14,50.0,62.57,13.43,4.24,66.71,2.67,0.33,5.67,88.83
PIT,2024-06-25,21,2,11,5,12,60.0,60.0,66.67,38.6,14.6,4.12,40.8,2.67,0.48,0.92,15.08
PIT,2024-06-25,22,1,9,3,10,100.0,100.0,70.0,0.0,12.33,1.73,0.0,2.0,1.77,2.3,26.1
PIT,2024-06-25,23,0,11,0,11,0.0,0.0,45.45,0.0,0.0,0.0,0.0,2.27,1.77,1.91,35.18
PIT,2024-06-26,0,0,2,0,2,0.0,0.0,50.0,0.0,0.0,0.0,0.0,2.5,1.0,0.0,71.0
PIT,2024-06-26,1,0,3,0,4,0.0,0.0,75.0,0.0,0.0,0.0,0.0,1.75,0.45,0.5,43.5
PIT,2024-06-26,2,0,0,0,0,0.0,0.0,0.0,0.0,0.0,0.0,0.0,0.0,0.0,0.0,0.0
PIT,2024-06-26,3,0,0,1,0,100.0,100.0,0.0,0.0,10.0,0.0,0.0,0.0,0.0,0.0,0.0
PIT,2024-06-26,4,0,0,0,1,0.0,0.0,100.0,0.0,0.0,0.0,0.0,0.0,2.5,0.0,0.0
PIT,2024-06-26,5,4,4,4,7,100.0,100.0,42.86,0.0,12.5,2.15,0.25,0.57,0.57,2.14,19.43
PIT,2024-06-26,6,23,1,25,1,76.0,72.0,100.0,12.08,16.08,5.71,15.32,0.0,0.0,0.0,11.0
PIT,2024-06-26,7,12,5,16,5,62.5,62.5,100.0,13.31,14.25,3.91,15.38,0.8,7.3,2.0,0.0
PIT,2024-06-26,8,13,4,15,5,93.33,80.0,80.0,2.27,15.0,4.46,4.8,2.0,3.48,10.0,4.6
PIT,2024-06-26,9,5,6,7,8,71.43,71.43,87.5,6.71,14.0,4.06,8.57,2.5,2.42,3.88,3.13
PIT,2024-06-26,10,6,9,9,9,100.0,77.78,88.89,0.0,17.44,6.96,4.0,2.22,3.38,2.44,7.33
PIT,2024-06-26,11,9,6,9,9,100.0,88.89,55.56,1.78,13.89,3.44,2.22,4.0,2.52,4.0,15.11
PIT,2024-06-26,12,7,7,9,9,66.67,66.67,77.78,17.78,14.11,3.99,20.22,1.89,1.53,4.0,12.22
PIT,2024-06-26,13,8,6,12,8,91.67,91.67,62.5,1.83,12.83,2.62,2.75,1.5,3.11,14.0,36.0
PIT,2024-06-26,14,6,3,9,8,44.44,44.44,37.5,43.0,13.89,3.92,46.67,2.0,1.35,4.5,31.13
PIT,2024-06-26,15,3,14,4,15,50.0,50.0,86.67,16.25,14.5,4.25,18.75,3.6,3.41,4.53,6.53
PIT,2024-06-26,16,18,15,20,17,70.0,55.0,70.59,15.2,19.0,8.74,22.65,2.59,1.15,6.0,11.29
PIT,2024-06-26,17,10,4,10,8,50.0,40.0,87.5,37.4,15.9,5.4,41.8,2.13,2.06,4.13,8.5
PIT,2024-06-26,18,8,11,9,13,55.56,44.44,53.85,44.56,16.0,5.3,48.56,3.92,3.15,14.38,27.0
PIT,2024-06-26,19,6,7,6,8,66.67,66.67,25.0,70.5,13.0,2.92,72.5,5.63,7.14,25.38,93.5
PIT,2024-06-26,20,6,9,6,7,16.67,16.67,42.86,81.33,15.33,6.28,87.67,22.14,2.1,22.0,38.71
PIT,2024-06-26,21,2,13,3,14,33.33,33.33,21.43,18.0,18.67,8.07,22.67,3.86,2.36,26.64,87.64
PIT,2024-06-26,22,3,10,4,12,50.0,50.0,41.67,54.25,15.5,4.9,56.5,4.5,3.57,16.5,63.17
PIT,2024-06-26,23,0,10,0,10,0.0,0.0,30.0,0.0,0.0,0.0,0.0,7.4,3.43,19.7,47.8
PIT,2024-06-27,0,0,3,1,3,0.0,0.0,100.0,32.0,14.0,3.2,35.0,0.33,2.63,1.67,0.0
PIT,2024-06-27,1,0,1,0,4,0.0,0.0,25.0,0.0,0.0,0.0,0.0,2.25,2.95,1.0,70.5
PIT,2024-06-27,2,0,0,0,1,0.0,0.0,100.0,0.0,0.0,0.0,0.0,0.0,2.5,0.0,0.0
PIT,2024-06-27,3,0,0,1,1,0.0,0.0,100.0,82.0,14.0,3.4,85.0,0.0,2.5,0.0,0.0
PIT,2024-06-27,4,0,0,0,1,0.0,0.0,0.0,0.0,0.0,0.0,0.0,1.0,6.5,7.0,18.0
PIT,2024-06-27,5,6,4,6,6,100.0,100.0,50.0,0.0,15.17,5.42,1.83,0.5,2.85,3.67,17.33
PIT,2024-06-27,6,23,0,26,1,92.31,88.46,100.0,2.88,14.85,4.27,5.42,0.0,1.6,0.0,0.0
PIT,2024-06-27,7,11,4,18,2,72.22,72.22,0.0,12.33,14.06,3.74,13.72,1.5,2.0,5.5,141.5
PIT,2024-06-27,8,11,3,12,3,75.0,75.0,66.67,15.08,12.83,2.19,15.67,5.0,1.47,10.33,36.0
PIT,2024-06-27,9,3,8,4,9,75.0,75.0,100.0,9.0,16.25,6.23,14.0,2.67,1.21,1.89,1.33
PIT,2024-06-27,10,10,8,12,9,83.33,83.33,88.89,11.17,13.58,3.45,13.0,2.67,2.62,2.67,3.44
PIT,2024-06-27,11,8,7,10,7,90.0,80.0,100.0,1.9,15.6,4.74,4.1,1.86,2.39,0.0,0.71
PIT,2024-06-27,12,7,9,7,12,100.0,100.0,83.33,0.86,15.43,5.36,3.43,1.67,2.32,2.0,6.83
PIT,2024-06-27,13,11,8,11,8,72.73,72.73,62.5,15.64,15.0,4.82,18.45,3.38,2.13,5.5,36.0
PIT,2024-06-27,14,7,8,7,9,71.43,71.43,77.78,11.57,15.57,5.31,15.71,1.67,1.68,5.44,19.33
PIT,2024-06-27,15,9,14,10,16,80.0,80.0,75.0,27.5,13.9,4.19,30.7,2.38,2.17,5.31,11.88
PIT,2024-06-27,16,15,12,17,15,82.35,82.35,80.0,10.59,16.65,6.16,15.82,1.4,4.51,3.6,15.6
PIT,2024-06-27,17,9,7,9,14,77.78,66.67,50.0,9.11,15.78,5.54,13.44,3.64,2.47,5.07,38.14
PIT,2024-06-27,18,13,10,16,12,50.0,43.75,66.67,34.63,15.13,4.62,38.81,2.42,2.71,9.33,21.42
PIT,2024-06-27,19,5,8,6,8,100.0,100.0,50.0,0.0,17.33,6.87,2.33,1.88,3.51,3.63,40.38
PIT,2024-06-27,20,7,11,7,13,57.14,57.14,76.92,43.86,12.29,2.77,45.86,1.31,1.94,2.54,15.0
PIT,2024-06-27,21,3,10,5,11,100.0,100.0,72.73,0.2,13.8,4.12,2.6,0.18,3.02,1.18,28.55
PIT,2024-06-27,22,2,10,4,12,75.0,75.0,58.33,11.0,13.25,2.65,11.0,2.58,2.28,2.5,30.17
PIT,2024-06-27,23,1,16,1,16,100.0,100.0,75.0,7.0,14.0,3.4,10.0,1.06,1.8,2.19,12.56
PIT,2024-06-28,0,0,2,0,3,0.0,0.0,33.33,0.0,0.0,0.0,0.0,0.0,1.3,0.0,62.33
PIT,2024-06-28,1,0,2,0,3,0.0,0.0,66.67,0.0,0.0,0.0,0.0,0.33,0.47,0.0,18.33
PIT,2024-06-28,2,0,0,1,0,100.0,100.0,0.0,0.0,21.0,10.4,10.0,0.0,0.0,0.0,0.0
PIT,2024-06-28,4,0,0,0,1,0.0,0.0,100.0,0.0,0.0,0.0,0.0,1.0,2.5,0.0,0.0
PIT,2024-06-28,5,6,4,6,8,100.0,100.0,50.0,0.0,14.33,5.02,3.0,1.0,2.33,2.88,16.25
PIT,2024-06-28,6,22,1,27,0,77.78,77.78,0.0,7.41,12.63,2.35,8.56,0.0,0.0,0.0,0.0
PIT,2024-06-28,7,12,5,14,7,85.71,85.71,57.14,5.64,11.5,1.76,6.21,4.43,3.37,9.86,42.0
PIT,2024-06-28,8,14,5,16,6,81.25,75.0,83.33,9.13,12.5,1.92,10.0,2.5,3.65,8.0,7.33
PIT,2024-06-28,9,5,7,7,10,71.43,71.43,80.0,27.86,12.57,2.39,28.43,3.2,2.83,4.4,11.0
PIT,2024-06-28,10,10,10,11,9,81.82,81.82,66.67,7.55,11.27,1.51,7.45,2.33,3.18,4.22,6.56
PIT,2024-06-28,11,10,8,11,10,72.73,72.73,40.0,8.91,12.36,2.05,10.45,3.6,5.42,6.3,25.6
PIT,2024-06-28,12,7,9,12,10,58.33,50.0,90.0,17.58,13.0,2.81,19.83,0.9,2.47,1.9,4.2
PIT,2024-06-28,13,12,8,13,8,84.62,84.62,87.5,3.85,11.92,1.98,3.92,3.75,3.81,4.75,3.63
PIT,2024-06-28,14,6,7,7,10,71.43,71.43,60.0,33.0,13.0,2.9,34.86,3.9,2.66,9.5,28.0
PIT,2024-06-28,15,8,13,9,14,55.56,55.56,64.29,18.67,10.78,1.3,19.56,2.64,3.49,5.14,9.29
PIT,2024-06-28,16,14,14,14,14,78.57,78.57,85.71,25.79,11.5,1.47,27.07,2.5,4.87,2.07,3.86
PIT,2024-06-28,17,11,7,11,10,72.73,72.73,60.0,6.18,12.91,2.68,6.91,3.3,2.71,3.1,21.0
PIT,2024-06-28,18,12,12,13,14,61.54,53.85,85.71,22.15,15.15,4.7,26.0,1.29,2.39,2.57,10.57
PIT,2024-06-28,19,7,8,8,7,62.5,62.5,57.14,9.88,13.75,3.4,12.0,0.71,1.33,0.0,21.57
PIT,2024-06-28,20,8,13,8,16,50.0,50.0,81.25,23.88,14.88,5.15,28.5,1.63,1.19,3.44,26.19
PIT,2024-06-28,21,4,10,8,13,50.0,37.5,76.92,53.25,18.38,8.35,60.5,3.92,3.02,3.31,9.92
PIT,2024-06-28,22,3,9,3,9,33.33,33.33,55.56,67.33,15.0,4.4,69.0,1.33,1.0,0.89,33.22
PIT,2024-06-28,23,0,17,0,16,0.0,0.0,75.0,0.0,0.0,0.0,0.0,0.44,1.42,1.44,51.75
PIT,2024-06-29,0,0,2,0,2,0.0,0.0,0.0,0.0,0.0,0.0,0.0,5.0,0.5,0.0,25.5
PIT,2024-06-29,1,0,1,0,4,0.0,0.0,75.0,0.0,0.0,0.0,0.0,1.25,1.73,0.0,6.5
PIT,2024-06-29,3,0,0,1,0,100.0,100.0,0.0,0.0,10.0,0.0,0.0,0.0,0.0,0.0,0.0
PIT,2024-06-29,5,6,3,6,5,100.0,100.0,20.0,0.0,15.33,5.58,2.5,0.8,1.02,0.0,33.0
PIT,2024-06-29,6,22,0,24,3,83.33,75.0,100.0,9.92,14.92,4.66,12.79,1.33,1.67,2.0,0.0
PIT,2024-06-29,7,9,4,12,3,91.67,83.33,33.33,3.75,16.17,5.64,7.58,4.33,22.83,23.0,29.67
PIT,2024-06-29,8,11,5,14,6,78.57,64.29,83.33,17.21,16.5,5.91,21.14,2.33,1.97,6.17,3.83
PIT,2024-06-29,9,5,6,7,6,71.43,71.43,83.33,14.0,13.29,3.34,15.71,0.33,3.45,0.83,58.33
PIT,2024-06-29,10,9,6,9,8,66.67,66.67,50.0,80.11,13.0,2.66,81.78,6.0,2.0,5.63,18.63
PIT,2024-06-29,11,6,9,7,9,57.14,42.86,88.89,16.29,16.71,5.69,21.0,2.56,1.53,0.0,24.56
PIT,2024-06-29,12,8,6,11,6,54.55,45.45,83.33,37.73,13.91,4.06,41.0,3.33,4.53,3.0,8.0
PIT,2024-06-29,13,7,7,8,8,87.5,62.5,62.5,8.75,13.75,3.9,11.5,2.5,1.27,2.88,15.0
PIT,2024-06-29,14,7,4,7,5,42.86,42.86,80.0,19.43,13.29,3.67,21.29,3.4,5.26,4.0,8.4
PIT,2024-06-29,15,5,12,5,14,80.0,60.0,64.29,11.0,22.6,12.92,22.2,1.86,4.56,5.5,12.21
PIT,2024-06-29,16,13,11,14,12,71.43,71.43,75.0,7.5,13.93,3.61,9.93,3.0,0.88,0.75,15.67
PIT,2024-06-29,17,11,8,11,9,63.64,63.64,77.78,16.64,13.73,3.65,19.0,2.78,3.04,3.89,15.33
PIT,2024-06-29,18,10,11,11,14,45.45,45.45,50.0,27.55,13.36,3.43,30.0,1.86,2.72,9.93,32.57
PIT,2024-06-29,19,5,6,5,6,20.0,20.0,66.67,65.0,12.6,3.2,68.2,5.83,1.42,2.83,38.83
PIT,2024-06-29,20,3,6,3,6,66.67,66.67,100.0,60.0,13.33,4.4,63.33,1.5,0.38,1.33,0.5
PIT,2024-06-29,21,3,11,3,11,66.67,66.67,72.73,18.67,14.67,4.83,23.33,1.27,1.61,2.82,16.91
PIT,2024-06-29,22,2,10,2,10,50.0,50.0,30.0,18.0,12.5,1.9,18.5,0.7,0.97,3.4,34.6
PIT,2024-06-29,23,0,13,0,14,0.0,0.0,50.0,0.0,0.0,0.0,0.0,2.21,1.71,4.64,37.36
PIT,2024-06-30,0,0,3,0,2,0.0,0.0,0.0,0.0,0.0,0.0,0.0,3.0,1.7,0.0,20.0
PIT,2024-06-30,1,0,2,0,2,0.0,0.0,100.0,0.0,0.0,0.0,0.0,3.0,1.0,5.0,1.5
PIT,2024-06-30,2,0,0,0,0,0.0,0.0,0.0,0.0,0.0,0.0,0.0,0.0,0.0,0.0,0.0
PIT,2024-06-30,3,0,0,1,0,100.0,100.0,0.0,0.0,10.0,0.0,0.0,0.0,0.0,0.0,0.0
PIT,2024-06-30,4,0,1,0,0,0.0,0.0,0.0,0.0,0.0,0.0,0.0,0.0,0.0,0.0,0.0
PIT,2024-06-30,5,5,3,5,3,60.0,60.0,100.0,14.4,12.6,2.56,17.0,2.33,0.67,3.33,4.0
PIT,2024-06-30,6,23,0,24,0,70.83,62.5,0.0,10.08,16.29,5.95,14.21,0.0,0.0,0.0,0.0
PIT,2024-06-30,7,8,5,10,5,50.0,40.0,100.0,14.0,17.1,6.47,20.0,6.2,6.12,5.0,4.8
PIT,2024-06-30,8,14,0,14,0,92.86,85.71,0.0,5.5,14.93,4.4,6.57,0.0,0.0,0.0,0.0
PIT,2024-06-30,9,2,7,3,7,100.0,66.67,85.71,5.33,20.33,10.5,15.33,2.71,2.79,7.86,3.43
PIT,2024-06-30,10,9,7,10,7,80.0,70.0,71.43,9.4,16.3,6.15,12.6,2.0,1.07,0.0,6.71
PIT,2024-06-30,11,8,9,8,9,87.5,62.5,55.56,7.63,14.63,3.91,11.0,2.89,1.49,20.89,25.22
PIT,2024-06-30,12,9,8,7,9,85.71,71.43,66.67,6.0,13.14,3.4,7.86,2.89,1.09,7.33,12.33
PIT,2024-06-30,13,9,9,9,10,88.89,88.89,70.0,5.67,12.67,2.63,6.78,5.7,3.21,10.7,24.0
PIT,2024-06-30,14,6,5,7,6,85.71,71.43,100.0,14.43,18.0,7.9,19.29,2.83,4.15,2.67,0.83
PIT,2024-06-30,15,6,11,6,18,66.67,50.0,22.22,75.67,16.5,6.03,81.5,6.28,2.47,16.22,48.94
PIT,2024-06-30,16,13,11,17,14,52.94,47.06,64.29,42.12,16.18,5.59,47.29,22.29,3.08,13.43,54.79
PIT,2024-06-30,17,8,8,7,12,28.57,28.57,58.33,90.29,22.29,12.31,102.14,36.08,2.93,15.33,33.08
PIT,2024-06-30,18,12,8,14,12,50.0,50.0,50.0,42.57,16.43,5.97,46.5,3.92,3.45,13.42,35.08
PIT,2024-06-30,19,5,7,10,9,60.0,40.0,33.33,14.1,19.8,9.91,21.3,3.0,3.06,9.67,27.89
PIT,2024-06-30,20,5,9,5,9,40.0,40.0,33.33,31.8,13.8,4.26,36.0,1.0,2.24,2.11,61.11
PIT,2024-06-30,21,3,11,3,8,33.33,33.33,37.5,22.0,13.67,5.37,27.67,1.63,3.32,1.5,68.0
PIT,2024-06-30,22,1,6,1,6,0.0,0.0,33.33,33.0,13.0,2.4,35.0,1.33,2.42,6.67,75.33
PIT,2024-06-30,23,1,17,1,16,0.0,0.0,43.75,60.0,14.0,3.4,63.0,1.38,2.71,2.13,38.19
PIT,2024-07-01,0,0,2,0,4,0.0,0.0,25.0,0.0,0.0,0.0,0.0,5.0,0.73,2.0,69.75
PIT,2024-07-01,1,0,3,0,3,0.0,0.0,66.67,0.0,0.0,0.0,0.0,4.0,0.77,1.0,102.0
PIT,2024-07-01,3,0,0,1,0,100.0,100.0,0.0,0.0,10.0,0.0,0.0,0.0,0.0,0.0,0.0
PIT,2024-07-01,4,0,0,0,1,0.0,0.0,100.0,0.0,0.0,0.0,0.0,3.0,0.5,0.0,0.0
PIT,2024-07-01,5,4,4,4,3,100.0,100.0,100.0,1.0,12.75,2.42,2.0,2.67,0.53,0.67,4.33
PIT,2024-07-01,6,22,0,25,0,84.0,76.0,0.0,5.88,15.84,5.48,8.76,0.0,0.0,0.0,0.0
PIT,2024-07-01,7,13,4,15,5,93.33,86.67,80.0,1.27,16.2,5.76,3.6,0.2,2.72,2.4,4.8
PIT,2024-07-01,8,13,6,15,7,86.67,86.67,57.14,2.87,14.6,4.02,4.27,3.0,2.2,8.57,15.29
PIT,2024-07-01,9,6,6,6,8,100.0,100.0,75.0,3.83,13.5,3.67,5.67,3.0,2.55,3.0,15.88
PIT,2024-07-01,10,9,10,13,10,69.23,69.23,80.0,18.69,13.69,3.12,19.62,11.5,1.8,13.0,16.6
PIT,2024-07-01,11,8,8,8,10,87.5,87.5,80.0,7.0,12.38,1.88,7.5,4.1,2.92,3.3,10.2
PIT,2024-07-01,12,7,8,8,9,62.5,50.0,55.56,20.75,14.88,4.81,24.0,1.22,2.16,3.78,19.67
PIT,2024-07-01,13,13,10,14,11,85.71,85.71,72.73,10.5,16.79,6.31,13.86,1.82,1.81,0.36,25.36
PIT,2024-07-01,14,6,5,7,8,71.43,71.43,50.0,27.71,14.0,4.16,30.57,1.75,1.85,4.0,16.88
PIT,2024-07-01,15,5,12,6,13,33.33,33.33,61.54,56.5,19.0,8.73,65.17,1.85,10.74,10.77,35.85
PIT,2024-07-01,16,16,15,17,17,52.94,52.94,64.71,42.76,14.53,4.22,46.29,1.18,4.14,1.53,23.76
PIT,2024-07-01,17,11,6,11,10,63.64,54.55,70.0,12.36,15.09,4.58,15.55,1.4,3.22,1.8,18.3
PIT,2024-07-01,18,11,10,10,10,70.0,70.0,60.0,7.0,14.8,4.06,9.8,0.8,2.44,1.9,22.7
PIT,2024-07-01,19,4,6,4,6,50.0,50.0,50.0,44.5,19.5,9.25,48.5,2.0,2.18,3.0,21.67
PIT,2024-07-01,20,8,11,7,13,57.14,57.14,61.54,11.14,13.71,4.44,14.43,1.85,1.92,3.31,12.85
PIT,2024-07-01,21,2,12,7,15,71.43,57.14,73.33,14.57,16.71,6.06,19.43,1.8,2.67,4.67,16.27
PIT,2024-07-01,22,3,10,6,9,100.0,100.0,66.67,0.0,16.0,5.4,0.83,1.11,6.09,1.78,13.78
PIT,2024-07-01,23,0,13,0,12,0.0,0.0,91.67,0.0,0.0,0.0,0.0,2.25,2.96,5.75,15.42
PIT,2024-07-02,0,0,2,0,2,0.0,0.0,100.0,0.0,0.0,0.0,0.0,0.0,1.7,2.0,0.0
PIT,2024-07-02,1,0,3,0,4,0.0,0.0,75.0,0.0,0.0,0.0,0.0,4.75,1.45,0.0,13.25
PIT,2024-07-02,2,0,0,0,0,0.0,0.0,0.0,0.0,0.0,0.0,0.0,0.0,0.0,0.0,0.0
PIT,2024-07-02,3,0,0,1,0,100.0,100.0,0.0,0.0,10.0,0.0,0.0,0.0,0.0,0.0,0.0
PIT,2024-07-02,4,0,0,0,1,0.0,0.0,100.0,0.0,0.0,0.0,0.0,0.0,3.5,0.0,0.0
PIT,2024-07-02,5,4,4,4,7,100.0,100.0,71.43,0.0,12.0,2.53,0.0,0.14,3.94,1.0,9.86
PIT,2024-07-02,6,21,1,23,0,78.26,78.26,0.0,33.7,11.57,1.42,34.26,0.0,0.0,0.0,0.0
PIT,2024-07-02,7,12,4,13,5,92.31,92.31,100.0,2.92,11.54,1.52,2.85,3.0,3.52,4.8,0.4
PIT,2024-07-02,8,13,4,15,5,93.33,93.33,80.0,2.47,13.6,3.31,3.0,3.6,3.68,6.2,7.4
PIT,2024-07-02,9,4,6,7,6,71.43,71.43,100.0,10.86,11.43,1.49,11.14,3.17,3.18,2.33,0.5
PIT,2024-07-02,10,8,8,10,10,100.0,100.0,80.0,0.0,11.4,1.4,0.4,2.2,3.0,2.7,13.5
PIT,2024-07-02,11,8,8,8,8,100.0,100.0,87.5,0.25,11.38,1.4,0.25,2.88,3.9,0.75,29.63
PIT,2024-07-02,12,7,7,10,8,90.0,80.0,75.0,21.7,14.4,4.2,25.1,1.63,10.04,9.38,12.0
PIT,2024-07-02,13,8,6,10,8,70.0,60.0,100.0,15.9,13.5,3.17,17.8,1.75,3.74,5.0,3.88
PIT,2024-07-02,14,6,4,6,4,100.0,100.0,50.0,0.17,11.17,1.53,0.83,1.5,6.45,0.25,34.0
PIT,2024-07-02,15,4,13,4,13,50.0,50.0,69.23,30.5,14.5,4.63,34.25,3.31,3.27,6.0,23.46
PIT,2024-07-02,16,17,14,17,18,64.71,64.71,61.11,31.88,11.76,1.76,33.06,2.11,3.83,2.39,17.0
PIT,2024-07-02,17,10,4,11,7,90.91,81.82,57.14,6.36,12.27,2.25,6.91,2.0,3.96,2.0,23.0
PIT,2024-07-02,18,8,8,8,11,100.0,100.0,63.64,0.0,13.5,3.26,0.5,4.27,2.08,5.36,12.27
PIT,2024-07-02,19,2,6,2,7,100.0,100.0,85.71,6.5,9.5,0.35,6.5,1.86,1.3,0.0,10.0
PIT,2024-07-02,20,7,10,8,12,62.5,62.5,66.67,19.25,10.0,0.86,20.0,1.58,2.24,3.83,11.75
PIT,2024-07-02,21,2,11,4,13,75.0,50.0,76.92,18.0,13.0,2.55,20.25,2.46,2.2,2.69,12.77
PIT,2024-07-02,22,1,8,4,9,75.0,75.0,77.78,7.75,12.5,2.8,8.5,2.0,2.87,3.89,7.22
PIT,2024-07-02,23,0,11,0,11,0.0,0.0,63.64,0.0,0.0,0.0,0.0,0.91,2.5,3.55,12.91
PIT,2024-07-03,0,0,2,0,2,0.0,0.0,100.0,0.0,0.0,0.0,0.0,0.5,3.7,0.0,0.0
PIT,2024-07-03,1,0,2,0,3,0.0,0.0,66.67,0.0,0.0,0.0,0.0,0.0,3.43,0.0,27.0
PIT,2024-07-03,2,0,0,0,2,0.0,0.0,100.0,0.0,0.0,0.0,0.0,0.0,1.5,0.0,0.0
PIT,2024-07-03,3,0,0,1,0,100.0,100.0,0.0,0.0,10.0,0.0,0.0,0.0,0.0,0.0,0.0
PIT,2024-07-03,4,0,0,0,1,0.0,0.0,100.0,0.0,0.0,0.0,0.0,0.0,2.5,0.0,0.0
PIT,2024-07-03,5,6,4,6,7,100.0,100.0,71.43,0.5,13.33,3.83,3.17,0.43,4.51,0.71,7.71
PIT,2024-07-03,6,19,1,21,1,90.48,80.95,100.0,4.67,15.48,4.91,7.19,0.0,2.6,5.0,11.0
PIT,2024-07-03,7,14,4,16,4,87.5,87.5,100.0,4.38,16.06,5.72,6.38,1.0,4.25,3.75,2.0
PIT,2024-07-03,8,11,5,13,5,92.31,92.31,100.0,3.46,13.77,3.02,4.08,3.8,3.08,7.8,3.2
PIT,2024-07-03,9,4,8,6,8,83.33,83.33,100.0,10.33,14.83,4.62,11.0,2.5,0.51,1.63,0.75
PIT,2024-07-03,10,9,6,11,6,90.91,90.91,66.67,3.45,14.0,3.89,5.36,3.5,0.25,2.0,11.67
PIT,2024-07-03,11,6,6,7,7,85.71,71.43,85.71,6.43,14.14,3.3,9.0,2.0,1.64,0.57,4.43
PIT,2024-07-03,12,8,8,10,8,90.0,80.0,100.0,2.3,15.2,5.03,5.5,1.88,1.41,0.88,2.13
PIT,2024-07-03,13,8,5,8,5,87.5,87.5,80.0,19.13,13.38,3.16,20.13,4.8,1.56,3.2,27.8
PIT,2024-07-03,14,5,6,6,8,83.33,66.67,75.0,4.83,15.33,5.13,7.17,1.75,0.51,2.63,12.13
PIT,2024-07-03,15,7,14,7,16,100.0,100.0,75.0,0.86,12.29,2.87,1.43,3.25,1.28,3.5,7.38
PIT,2024-07-03,16,14,12,15,12,86.67,73.33,91.67,16.4,14.13,3.7,19.13,1.67,5.54,3.33,2.67
PIT,2024-07-03,17,10,5,10,8,80.0,80.0,100.0,20.6,14.2,3.7,22.7,1.75,1.38,1.0,0.25
PIT,2024-07-03,18,9,10,10,11,90.0,90.0,72.73,7.7,13.7,3.36,8.6,1.73,1.13,3.18,13.18
PIT,2024-07-03,19,5,7,5,7,80.0,80.0,85.71,16.4,12.0,2.06,18.2,1.57,1.11,0.0,12.86
PIT,2024-07-03,20,5,10,5,12,60.0,60.0,66.67,35.6,13.8,4.7,38.8,1.25,2.36,1.33,22.67
PIT,2024-07-03,21,4,11,6,12,50.0,50.0,91.67,21.0,14.33,4.5,23.5,2.08,3.06,1.0,1.42
PIT,2024-07-03,22,3,8,4,9,75.0,75.0,66.67,8.25,12.75,2.15,8.5,1.56,3.37,3.89,13.78
PIT,2024-07-03,23,0,13,1,14,0.0,0.0,85.71,45.0,12.0,0.5,46.0,2.29,1.34,0.64,5.07
PIT,2024-07-04,0,0,3,0,2,0.0,0.0,100.0,0.0,0.0,0.0,0.0,6.5,3.2,0.0,0.0
PIT,2024-07-04,1,0,0,0,2,0.0,0.0,50.0,0.0,0.0,0.0,0.0,2.5,0.45,0.0,15.5
PIT,2024-07-04,5,5,1,5,4,100.0,100.0,100.0,0.0,13.8,3.76,0.6,1.0,1.15,0.25,1.5
PIT,2024-07-04,6,20,0,20,1,100.0,100.0,100.0,0.3,15.15,4.75,1.55,0.0,0.0,0.0,0.0
PIT,2024-07-04,7,12,4,13,3,84.62,84.62,66.67,16.46,15.62,5.25,18.69,1.33,3.83,3.0,58.33
PIT,2024-07-04,8,11,3,12,4,91.67,91.67,100.0,1.75,14.25,3.72,2.33,4.75,2.5,5.0,3.5
PIT,2024-07-04,9,2,8,3,9,100.0,100.0,88.89,0.0,13.33,2.93,0.0,1.22,1.78,2.56,4.22
PIT,2024-07-04,10,11,5,13,5,84.62,84.62,80.0,4.92,12.85,3.08,5.62,2.2,1.2,2.8,10.4
PIT,2024-07-04,11,7,8,7,9,100.0,100.0,77.78,1.14,14.14,3.11,2.0,1.11,2.66,1.78,9.33
PIT,2024-07-04,12,7,7,7,7,100.0,100.0,85.71,0.71,14.71,4.73,2.43,2.0,1.97,0.0,16.29
PIT,2024-07-04,13,11,10,12,11,83.33,75.0,100.0,8.33,13.92,3.59,9.75,3.09,2.71,3.27,0.36
PIT,2024-07-04,14,6,6,6,9,100.0,100.0,100.0,0.0,12.5,2.4,0.83,1.56,2.14,1.78,0.0
PIT,2024-07-04,15,8,14,9,17,88.89,88.89,76.47,4.67,16.11,6.24,7.33,4.76,1.81,7.06,13.88
PIT,2024-07-04,16,11,11,12,12,91.67,91.67,75.0,4.17,15.25,5.04,5.92,1.75,2.72,4.08,17.42
PIT,2024-07-04,17,7,8,10,8,70.0,70.0,100.0,12.7,13.9,4.26,15.2,2.88,2.46,0.0,0.63
PIT,2024-07-04,18,11,8,12,8,91.67,91.67,100.0,1.67,13.92,3.27,2.25,2.13,1.57,3.13,0.63
PIT,2024-07-04,19,1,8,1,8,100.0,100.0,87.5,0.0,12.0,1.4,0.0,2.63,1.2,0.38,14.5
PIT,2024-07-04,20,3,7,4,8,75.0,75.0,62.5,18.5,11.25,0.98,19.0,1.88,1.3,1.5,11.0
PIT,2024-07-04,21,1,7,1,7,0.0,0.0,100.0,41.0,19.0,8.4,49.0,1.86,1.21,1.29,2.14
PIT,2024-07-04,22,1,8,1,8,100.0,100.0,75.0,1.0,13.0,2.4,3.0,2.38,2.66,0.13,11.75
PIT,2024-07-04,23,0,8,0,10,0.0,0.0,70.0,0.0,0.0,0.0,0.0,1.6,1.61,2.4,15.0
PIT,2024-07-05,0,0,3,0,3,0.0,0.0,100.0,0.0,0.0,0.0,0.0,0.0,1.67,0.0,0.0
PIT,2024-07-05,1,0,1,0,0,0.0,0.0,0.0,0.0,0.0,0.0,0.0,0.0,0.0,0.0,0.0
PIT,2024-07-05,5,3,3,3,4,100.0,100.0,50.0,0.0,12.33,2.2,0.0,0.25,2.63,1.25,11.0
PIT,2024-07-05,6,21,1,23,0,86.96,86.96,0.0,3.83,14.43,4.06,5.3,0.0,0.0,0.0,0.0
PIT,2024-07-05,7,9,3,10,4,90.0,90.0,100.0,2.3,14.5,4.06,2.5,1.25,3.03,3.75,1.5
PIT,2024-07-05,8,15,6,17,8,82.35,82.35,75.0,19.76,13.88,3.51,20.71,4.38,2.38,6.5,40.38
PIT,2024-07-05,9,5,5,6,6,83.33,83.33,83.33,3.17,14.0,3.88,4.83,1.33,2.55,6.5,22.33
PIT,2024-07-05,10,9,10,10,9,80.0,80.0,77.78,13.8,13.2,2.86,14.0,1.89,2.11,2.22,9.44
PIT,2024-07-05,11,11,9,13,9,76.92,61.54,100.0,11.15,15.0,4.31,13.77,2.22,5.3,0.67,0.11
PIT,2024-07-05,12,8,8,8,10,75.0,75.0,90.0,22.63,16.75,6.61,26.5,1.9,3.63,2.0,6.4
PIT,2024-07-05,13,10,8,12,8,91.67,83.33,87.5,7.33,20.83,10.43,14.5,1.25,2.26,2.5,25.0
PIT,2024-07-05,14,6,4,6,4,83.33,83.33,75.0,27.67,14.17,3.95,28.83,1.0,2.23,2.0,20.75
PIT,2024-07-05,15,4,15,5,15,80.0,60.0,66.67,16.0,15.2,5.18,20.2,2.07,1.95,6.4,11.2
PIT,2024-07-05,16,15,13,16,14,75.0,56.25,78.57,9.81,16.75,6.4,14.06,2.07,2.86,1.29,12.0
PIT,2024-07-05,17,12,6,11,7,81.82,72.73,85.71,10.36,14.36,4.35,13.18,1.29,2.66,0.86,21.43
PIT,2024-07-05,18,11,14,11,15,54.55,54.55,40.0,29.73,14.73,4.25,32.64,1.6,2.13,4.8,45.33
PIT,2024-07-05,19,6,6,6,9,50.0,50.0,88.89,23.67,14.83,5.38,26.17,3.0,3.03,5.11,19.78
PIT,2024-07-05,20,7,10,8,12,87.5,75.0,41.67,5.13,18.25,7.9,10.13,3.83,2.45,9.75,31.92
PIT,2024-07-05,21,2,10,5,11,80.0,80.0,63.64,9.4,18.2,7.6,15.0,0.45,2.05,19.18,46.18
PIT,2024-07-05,22,2,9,6,9,50.0,50.0,55.56,18.5,16.0,5.48,22.83,2.56,1.66,2.67,26.89
PIT,2024-07-05,23,0,13,1,13,100.0,100.0,69.23,0.0,23.0,12.4,0.0,1.31,1.68,0.0,31.46
PIT,2024-07-06,0,0,3,1,3,0.0,0.0,66.67,51.0,14.0,3.4,54.0,0.33,0.8,4.0,20.0
PIT,2024-07-06,1,0,1,0,1,0.0,0.0,100.0,0.0,0.0,0.0,0.0,0.0,0.0,0.0,0.0
PIT,2024-07-06,2,0,0,0,1,0.0,0.0,100.0,0.0,0.0,0.0,0.0,0.0,1.5,0.0,0.0
PIT,2024-07-06,3,0,0,2,0,50.0,50.0,0.0,16.0,16.0,5.4,21.0,0.0,0.0,0.0,0.0
PIT,2024-07-06,4,0,0,0,0,0.0,0.0,0.0,0.0,0.0,0.0,0.0,0.0,0.0,0.0,0.0
PIT,2024-07-06,5,5,3,6,5,100.0,100.0,100.0,0.33,13.5,3.85,3.33,0.6,1.4,0.0,0.0
PIT,2024-07-06,6,21,1,22,3,95.45,95.45,66.67,1.59,15.91,5.63,4.95,0.0,4.87,0.0,6.0
PIT,2024-07-06,7,12,3,15,2,93.33,93.33,100.0,1.0,13.13,2.65,1.6,0.5,2.5,4.0,2.0
PIT,2024-07-06,8,10,6,14,6,78.57,78.57,83.33,11.14,14.36,3.68,12.64,2.67,1.43,6.0,6.33
PIT,2024-07-06,9,4,5,4,5,100.0,100.0,100.0,1.0,14.75,5.5,5.0,2.4,1.9,2.4,1.2
PIT,2024-07-06,10,9,8,11,7,72.73,72.73,85.71,9.55,14.0,3.49,11.45,1.29,2.71,3.71,20.71
PIT,2024-07-06,11,7,8,6,11,83.33,83.33,54.55,20.5,13.0,1.85,21.0,3.36,1.84,4.09,32.09
PIT,2024-07-06,12,9,7,9,8,66.67,66.67,75.0,24.11,13.78,4.1,27.22,2.75,4.16,2.25,30.38
PIT,2024-07-06,13,6,6,9,6,88.89,77.78,83.33,27.78,13.67,3.79,31.0,1.33,1.28,0.5,2.83
PIT,2024-07-06,14,7,4,7,6,85.71,57.14,66.67,5.71,20.29,10.76,15.71,1.67,0.55,0.83,18.0
PIT,2024-07-06,15,4,14,4,16,75.0,75.0,62.5,15.25,14.25,4.8,17.75,23.19,0.94,22.0,56.5
PIT,2024-07-06,16,15,11,15,11,60.0,60.0,72.73,35.33,15.53,5.26,38.53,1.91,4.56,1.82,17.0
PIT,2024-07-06,17,10,9,10,10,80.0,80.0,70.0,13.5,15.6,5.66,16.4,1.8,7.74,4.7,24.1
PIT,2024-07-06,18,12,10,12,14,66.67,66.67,64.29,22.0,14.58,4.53,24.58,1.21,2.26,1.14,35.0
PIT,2024-07-06,19,5,5,6,7,50.0,50.0,100.0,42.5,13.0,3.4,45.83,2.86,1.83,2.29,2.71
PIT,2024-07-06,20,3,7,4,8,75.0,75.0,37.5,5.5,14.5,5.2,10.5,1.0,1.07,3.5,43.38
PIT,2024-07-06,21,3,10,3,10,33.33,33.33,70.0,32.33,18.67,8.83,40.0,1.2,2.07,0.0,25.4
PIT,2024-07-06,22,2,10,2,11,50.0,50.0,36.36,67.0,12.5,2.2,69.0,0.55,2.53,1.18,41.27
PIT,2024-07-06,23,0,12,0,12,0.0,0.0,66.67,0.0,0.0,0.0,0.0,1.33,3.98,0.92,9.67
PIT,2024-07-07,0,0,4,0,3,0.0,0.0,66.67,0.0,0.0,0.0,0.0,2.0,1.83,0.0,36.67
PIT,2024-07-07,1,0,2,0,1,0.0,0.0,0.0,0.0,0.0,0.0,0.0,0.0,0.5,0.0,151.0
PIT,2024-07-07,3,0,0,0,1,0.0,0.0,100.0,0.0,0.0,0.0,0.0,1.0,0.5,5.0,4.0
PIT,2024-07-07,4,0,1,1,0,100.0,100.0,0.0,0.0,10.0,0.0,0.0,0.0,0.0,0.0,0.0
PIT,2024-07-07,5,5,3,5,3,100.0,100.0,100.0,2.8,12.6,2.68,5.2,1.33,0.67,0.0,0.0
PIT,2024-07-07,6,23,1,24,0,79.17,79.17,0.0,7.33,13.67,3.31,9.58,0.0,0.0,0.0,0.0
PIT,2024-07-07,7,9,1,10,2,80.0,80.0,50.0,11.5,14.1,3.45,13.3,0.0,0.25,0.0,8.5
PIT,2024-07-07,8,12,2,13,2,92.31,92.31,100.0,3.08,15.08,4.49,5.54,1.0,0.5,0.0,0.0
PIT,2024-07-07,9,2,5,3,6,66.67,66.67,83.33,7.67,15.33,5.5,12.0,0.0,4.38,2.67,2.83
PIT,2024-07-07,10,8,11,11,12,100.0,81.82,66.67,1.09,14.91,4.77,4.55,2.0,2.27,0.5,30.17
PIT,2024-07-07,11,10,8,13,8,61.54,53.85,75.0,30.92,15.92,5.32,34.85,1.25,2.27,2.0,18.38
PIT,2024-07-07,12,10,10,11,13,81.82,54.55,69.23,10.91,16.82,6.76,16.18,1.85,1.21,4.0,22.08
PIT,2024-07-07,13,7,7,9,6,77.78,66.67,100.0,13.44,14.89,4.72,16.67,1.83,1.83,2.5,1.17
PIT,2024-07-07,14,6,5,7,10,57.14,42.86,70.0,17.57,17.14,6.97,22.71,2.3,2.25,4.6,31.4
PIT,2024-07-07,15,5,9,7,10,85.71,85.71,70.0,6.14,15.71,5.44,10.43,3.0,0.65,3.0,15.3
PIT,2024-07-07,16,12,12,12,16,58.33,58.33,50.0,25.17,16.17,5.64,29.5,2.31,1.54,8.31,62.19
PIT,2024-07-07,17,9,10,9,11,77.78,77.78,63.64,53.78,15.67,5.2,57.44,3.0,1.55,1.36,41.45
PIT,2024-07-07,18,13,7,14,10,57.14,57.14,60.0,38.36,16.86,6.27,42.93,1.3,0.44,1.4,31.1
PIT,2024-07-07,19,6,8,6,10,83.33,83.33,60.0,34.67,14.0,4.2,38.33,3.3,1.63,0.9,16.8
PIT,2024-07-07,20,6,10,5,11,80.0,80.0,63.64,12.2,16.4,6.72,14.4,0.64,1.21,1.0,75.82
PIT,2024-07-07,21,4,10,4,11,75.0,75.0,63.64,6.25,14.25,5.15,11.25,1.55,1.83,1.82,40.27
PIT,2024-07-07,22,2,7,2,7,50.0,50.0,42.86,53.0,12.0,1.4,53.5,1.29,3.36,14.71,37.71
PIT,2024-07-07,23,1,17,2,18,0.0,0.0,66.67,44.0,12.5,1.9,45.5,1.22,2.71,1.67,22.5
PIT,2024-07-08,0,0,3,0,4,0.0,0.0,50.0,0.0,0.0,0.0,0.0,0.0,2.35,3.5,20.0
PIT,2024-07-08,1,0,3,0,3,0.0,0.0,0.0,0.0,0.0,0.0,0.0,1.67,0.93,0.0,139.0
PIT,2024-07-08,2,0,0,0,1,0.0,0.0,100.0,0.0,0.0,0.0,0.0,1.0,1.5,3.0,0.0
PIT,2024-07-08,3,0,0,1,0,100.0,100.0,0.0,0.0,10.0,0.0,0.0,0.0,0.0,0.0,0.0
PIT,2024-07-08,4,0,0,0,1,0.0,0.0,0.0,0.0,0.0,0.0,0.0,0.0,5.5,34.0,64.0
PIT,2024-07-08,5,5,4,5,3,100.0,100.0,100.0,1.4,12.2,3.12,4.2,2.33,3.53,5.33,1.67
PIT,2024-07-08,6,21,1,19,1,84.21,78.95,0.0,14.53,13.95,3.47,16.95,0.0,24.6,12.0,18.0
PIT,2024-07-08,7,13,3,14,2,78.57,78.57,50.0,6.29,13.64,3.42,8.43,0.0,4.0,3.5,22.5
PIT,2024-07-08,8,14,7,18,8,88.89,72.22,75.0,20.39,16.28,5.5,24.5,3.38,2.24,8.88,9.88
PIT,2024-07-08,9,5,5,8,8,75.0,62.5,87.5,7.0,15.38,5.14,10.0,1.0,1.6,1.25,8.13
PIT,2024-07-08,10,10,13,10,12,100.0,100.0,66.67,0.1,14.3,4.12,0.8,2.0,2.39,1.58,28.92
PIT,2024-07-08,11,10,6,11,7,72.73,72.73,57.14,27.0,15.36,4.52,29.73,0.71,1.56,0.71,30.29
PIT,2024-07-08,12,8,12,9,13,77.78,77.78,92.31,13.44,14.67,4.54,17.22,1.62,1.52,0.77,3.69
PIT,2024-07-08,13,12,7,13,7,61.54,61.54,71.43,10.92,15.85,5.59,14.92,2.43,4.03,1.57,25.71
PIT,2024-07-08,14,6,7,7,10,42.86,42.86,80.0,28.0,12.29,2.2,29.29,0.7,0.93,2.8,9.8
PIT,2024-07-08,15,7,14,9,14,88.89,88.89,71.43,9.11,13.56,3.79,12.44,1.21,3.56,3.93,24.79
PIT,2024-07-08,16,15,13,16,15,50.0,50.0,80.0,24.13,15.75,5.44,28.31,1.4,4.41,2.47,9.87
PIT,2024-07-08,17,11,8,12,9,100.0,91.67,66.67,2.17,15.25,5.04,5.25,1.89,3.23,0.44,48.56
PIT,2024-07-08,18,13,11,15,11,46.67,46.67,45.45,50.47,14.6,4.14,53.6,1.82,1.76,5.0,40.09
PIT,2024-07-08,19,7,7,7,8,57.14,57.14,37.5,34.57,13.57,3.07,36.43,1.25,6.14,12.0,74.13
PIT,2024-07-08,20,8,14,7,16,14.29,14.29,68.75,107.86,14.71,5.11,111.86,1.25,2.08,3.06,25.25
PIT,2024-07-08,21,4,8,7,10,85.71,85.71,50.0,3.14,16.57,6.63,6.0,2.8,4.17,3.5,25.5
PIT,2024-07-08,22,2,13,4,13,100.0,75.0,61.54,5.25,14.0,3.4,6.5,2.38,3.52,4.62,18.15
PIT,2024-07-08,23,0,13,0,13,0.0,0.0,69.23,0.0,0.0,0.0,0.0,1.46,2.87,9.46,23.23
PIT,2024-07-09,0,0,3,0,3,0.0,0.0,66.67,0.0,0.0,0.0,0.0,1.67,2.3,0.0,245.67
PIT,2024-07-09,1,0,3,0,2,0.0,0.0,100.0,0.0,0.0,0.0,0.0,2.5,0.95,0.0,0.0
PIT,2024-07-09,2,0,0,0,1,0.0,0.0,100.0,0.0,0.0,0.0,0.0,0.0,1.5,0.0,0.0
PIT,2024-07-09,3,0,0,0,0,0.0,0.0,0.0,0.0,0.0,0.0,0.0,0.0,0.0,0.0,0.0
PIT,2024-07-09,4,0,0,0,1,0.0,0.0,100.0,0.0,0.0,0.0,0.0,0.0,2.5,0.0,0.0
PIT,2024-07-09,5,3,4,4,7,100.0,100.0,57.14,0.0,12.5,2.3,0.0,0.86,1.73,0.86,20.43
PIT,2024-07-09,6,23,1,26,1,88.46,80.77,100.0,19.92,15.46,5.09,23.38,0.0,0.6,0.0,0.0
PIT,2024-07-09,7,11,3,14,3,78.57,78.57,100.0,6.43,14.5,4.11,9.0,0.0,6.5,3.33,2.67
PIT,2024-07-09,8,13,5,15,8,86.67,86.67,50.0,4.8,16.33,5.75,7.0,4.38,1.86,6.38,26.25
PIT,2024-07-09,9,4,4,8,4,75.0,75.0,100.0,7.5,14.88,4.85,10.88,1.25,2.1,0.75,0.0
PIT,2024-07-09,10,8,12,9,13,100.0,100.0,84.62,0.56,13.33,3.03,0.78,3.46,2.52,4.69,15.77
PIT,2024-07-09,11,10,6,11,7,81.82,72.73,85.71,9.55,15.0,4.29,12.55,3.14,2.34,2.14,3.71
PIT,2024-07-09,12,8,9,8,11,100.0,87.5,72.73,1.75,18.88,8.74,6.0,2.73,2.54,0.82,8.73
PIT,2024-07-09,13,7,4,10,7,60.0,60.0,42.86,12.0,14.3,3.85,13.6,2.0,0.77,3.0,48.14
PIT,2024-07-09,14,5,4,8,4,62.5,50.0,100.0,19.13,16.38,6.5,24.63,1.5,0.45,0.0,0.75
PIT,2024-07-09,15,3,13,4,14,75.0,75.0,71.43,8.25,13.25,3.23,10.75,0.71,2.19,2.36,12.79
PIT,2024-07-09,16,17,15,19,19,63.16,52.63,73.68,20.16,16.21,5.9,24.79,4.53,1.75,3.05,13.84
PIT,2024-07-09,17,12,6,13,7,84.62,61.54,57.14,8.23,19.15,8.63,13.92,2.14,3.89,1.29,10.57
PIT,2024-07-09,18,9,8,11,9,54.55,45.45,33.33,35.45,16.09,5.74,40.09,1.44,1.6,9.78,53.33
PIT,2024-07-09,19,4,7,5,8,100.0,80.0,75.0,3.6,14.0,3.56,5.8,2.13,1.85,0.75,11.38
PIT,2024-07-09,20,7,12,7,13,71.43,71.43,61.54,11.86,12.86,3.59,13.43,0.46,1.38,1.38,20.08
PIT,2024-07-09,21,2,9,4,10,50.0,50.0,80.0,20.75,12.75,2.7,22.75,3.2,2.26,3.7,11.0
PIT,2024-07-09,22,1,11,3,11,66.67,66.67,54.55,28.0,13.33,2.73,28.0,2.0,2.85,2.09,43.45
PIT,2024-07-09,23,0,8,0,8,0.0,0.0,75.0,0.0,0.0,0.0,0.0,2.0,3.0,8.5,20.75
PIT,2024-07-10,0,0,5,0,3,0.0,0.0,100.0,0.0,0.0,0.0,0.0,0.0,3.3,0.0,0.0
PIT,2024-07-10,1,0,2,0,3,0.0,0.0,66.67,0.0,0.0,0.0,0.0,2.0,1.77,0.0,10.0
PIT,2024-07-10,2,0,0,0,1,0.0,0.0,100.0,0.0,0.0,0.0,0.0,0.0,1.5,0.0,0.0
PIT,2024-07-10,3,0,0,1,0,100.0,100.0,0.0,0.0,15.0,4.4,4.0,0.0,0.0,0.0,0.0
PIT,2024-07-10,4,0,2,0,2,0.0,0.0,50.0,0.0,0.0,0.0,0.0,23.0,1.5,32.5,40.5
PIT,2024-07-10,5,4,2,4,6,100.0,100.0,50.0,0.0,9.5,0.35,0.0,0.5,3.02,3.17,23.67
PIT,2024-07-10,6,21,2,21,2,95.24,95.24,50.0,4.9,13.19,2.99,6.0,0.0,5.05,1.0,10.0
PIT,2024-07-10,7,13,2,17,4,76.47,76.47,50.0,18.82,14.82,4.34,21.41,2.5,4.0,7.75,24.25
PIT,2024-07-10,8,12,6,13,6,100.0,92.31,83.33,0.0,19.31,8.68,2.92,3.33,1.58,5.17,3.17
PIT,2024-07-10,9,5,4,8,4,75.0,75.0,100.0,12.13,15.63,5.6,14.13,0.5,0.98,0.0,0.0
PIT,2024-07-10,10,7,12,7,12,100.0,100.0,75.0,0.0,13.43,2.7,0.14,18.25,1.01,18.92,33.58
PIT,2024-07-10,11,10,5,9,5,88.89,88.89,60.0,22.0,13.22,2.72,23.22,3.2,0.94,1.6,8.4
PIT,2024-07-10,12,8,10,10,10,80.0,80.0,80.0,14.0,13.5,3.33,14.8,1.5,1.19,1.3,9.4
PIT,2024-07-10,13,8,5,9,7,77.78,66.67,85.71,7.67,18.22,7.79,11.22,2.0,0.43,1.43,4.43
PIT,2024-07-10,14,6,4,6,5,100.0,100.0,60.0,1.33,14.33,4.52,4.17,1.6,0.68,1.4,32.2
PIT,2024-07-10,15,3,12,4,11,50.0,25.0,72.73,52.5,18.25,8.23,59.25,1.27,1.06,3.27,32.45
PIT,2024-07-10,16,17,15,17,17,58.82,47.06,76.47,33.65,18.12,7.91,40.18,2.0,5.66,4.29,16.94
PIT,2024-07-10,17,10,5,10,8,40.0,10.0,50.0,25.6,24.2,13.7,37.1,2.63,4.81,10.25,15.63
PIT,2024-07-10,18,9,10,9,13,33.33,33.33,46.15,101.67,14.44,3.74,105.0,4.38,2.84,14.23,31.0
PIT,2024-07-10,19,6,6,6,7,66.67,66.67,42.86,10.17,14.33,3.87,13.33,4.29,1.54,16.43,29.43
PIT,2024-07-10,20,6,11,7,14,42.86,28.57,71.43,27.14,16.43,7.14,34.14,1.57,1.39,15.29,13.93
PIT,2024-07-10,21,1,10,4,10,75.0,75.0,60.0,6.0,16.0,5.4,9.25,2.0,1.47,10.5,209.9
PIT,2024-07-10,22,2,11,4,11,100.0,100.0,27.27,0.0,14.0,3.4,0.25,2.45,2.68,6.91,56.91
PIT,2024-07-10,23,0,7,0,7,0.0,0.0,85.71,0.0,0.0,0.0,0.0,2.29,0.93,4.43,7.29
PIT,2024-07-11,0,0,4,0,5,0.0,0.0,60.0,0.0,0.0,0.0,0.0,0.0,1.8,4.2,12.4
PIT,2024-07-11,1,0,1,1,3,0.0,0.0,100.0,172.0,14.0,3.4,175.0,2.67,1.43,3.0,0.33
PIT,2024-07-11,2,0,0,1,1,0.0,0.0,0.0,16.0,14.0,3.4,19.0,0.0,1.5,3.0,116.0
PIT,2024-07-11,3,0,0,0,0,0.0,0.0,0.0,0.0,0.0,0.0,0.0,0.0,0.0,0.0,0.0
PIT,2024-07-11,4,0,2,0,3,0.0,0.0,66.67,0.0,0.0,0.0,0.0,0.33,0.67,0.0,16.67
PIT,2024-07-11,5,6,2,6,6,83.33,83.33,66.67,8.5,12.5,2.75,8.83,2.5,2.27,5.33,9.5
PIT,2024-07-11,6,21,1,24,1,87.5,87.5,100.0,3.63,15.0,4.45,5.79,0.0,0.6,5.0,7.0
PIT,2024-07-11,7,14,1,20,2,80.0,80.0,100.0,6.55,15.3,4.96,9.7,0.0,1.5,5.5,2.0
PIT,2024-07-11,8,9,5,12,5,66.67,66.67,80.0,31.5,15.67,4.9,33.08,2.8,2.38,4.6,55.6
PIT,2024-07-11,9,3,6,4,6,75.0,75.0,83.33,9.0,15.25,5.23,11.0,2.17,0.72,11.67,12.17
PIT,2024-07-11,10,10,11,11,11,90.91,90.91,90.91,3.82,14.91,4.96,5.55,2.64,1.52,3.27,3.73
PIT,2024-07-11,11,9,7,9,8,100.0,100.0,87.5,0.22,13.33,2.78,0.89,2.38,1.96,3.0,6.88
PIT,2024-07-11,12,9,11,12,10,83.33,83.33,80.0,8.0,16.25,5.96,12.25,1.1,1.92,0.0,4.4
PIT,2024-07-11,13,10,7,9,9,100.0,88.89,66.67,1.67,14.56,4.4,3.22,1.0,2.89,4.56,32.0
PIT,2024-07-11,14,7,7,9,9,55.56,33.33,33.33,40.78,18.0,7.73,46.67,2.67,1.57,6.44,28.0
PIT,2024-07-11,15,7,13,9,15,55.56,55.56,80.0,19.33,13.0,3.42,21.89,2.27,4.39,4.8,22.0
PIT,2024-07-11,16,14,12,17,15,76.47,76.47,73.33,20.24,14.18,3.66,22.47,0.53,1.97,0.73,9.73
PIT,2024-07-11,17,9,7,8,10,100.0,87.5,60.0,4.5,14.88,4.43,7.38,3.4,2.46,3.9,36.8
PIT,2024-07-11,18,13,11,13,14,61.54,53.85,78.57,40.23,17.15,6.62,45.31,1.93,2.21,3.07,26.43
PIT,2024-07-11,19,7,7,8,8,87.5,87.5,75.0,4.38,14.5,4.4,6.38,1.25,2.26,0.5,13.5
PIT,2024-07-11,20,8,12,9,17,44.44,33.33,70.59,36.22,15.56,5.8,40.44,2.82,1.9,3.35,27.82
PIT,2024-07-11,21,3,9,5,9,80.0,80.0,100.0,7.2,14.2,4.64,9.8,1.67,2.69,0.44,1.22
PIT,2024-07-11,22,2,12,3,12,100.0,100.0,66.67,0.0,11.67,1.47,0.67,1.67,3.37,2.42,14.25
PIT,2024-07-11,23,0,13,0,13,0.0,0.0,53.85,0.0,0.0,0.0,0.0,0.92,1.75,0.15,26.85
PIT,2024-07-12,0,0,4,0,4,0.0,0.0,75.0,0.0,0.0,0.0,0.0,0.25,0.88,0.0,19.75
PIT,2024-07-12,1,0,1,0,2,0.0,0.0,100.0,0.0,0.0,0.0,0.0,2.5,1.45,0.5,0.5
PIT,2024-07-12,2,0,0,0,0,0.0,0.0,0.0,0.0,0.0,0.0,0.0,0.0,0.0,0.0,0.0
PIT,2024-07-12,3,0,0,1,0,100.0,100.0,0.0,0.0,10.0,0.0,0.0,0.0,0.0,0.0,0.0
PIT,2024-07-12,4,0,2,0,3,0.0,0.0,66.67,0.0,0.0,0.0,0.0,0.0,1.67,6.67,41.0
PIT,2024-07-12,5,7,2,7,5,57.14,57.14,80.0,37.57,13.29,3.71,40.57,3.0,2.0,4.8,9.6
PIT,2024-07-12,6,19,1,22,3,86.36,77.27,66.67,9.0,16.64,6.09,13.18,1.0,2.17,12.33,9.67
PIT,2024-07-12,7,15,3,16,3,87.5,81.25,100.0,7.81,14.25,3.98,10.06,2.67,3.83,13.33,5.33
PIT,2024-07-12,8,12,7,17,8,76.47,47.06,62.5,12.24,24.88,14.31,23.94,6.13,3.61,8.0,21.88
PIT,2024-07-12,9,5,5,5,11,100.0,80.0,72.73,0.0,23.2,13.06,6.8,8.82,3.16,18.73,21.36
PIT,2024-07-12,10,10,13,13,14,84.62,69.23,78.57,8.31,16.69,6.55,13.77,2.79,4.45,3.36,19.79
PIT,2024-07-12,11,10,6,13,10,76.92,76.92,40.0,24.77,15.0,4.22,28.31,4.0,2.42,10.1,42.2
PIT,2024-07-12,12,8,11,11,13,45.45,45.45,46.15,49.0,14.82,4.63,52.73,4.31,3.05,5.77,24.54
PIT,2024-07-12,13,10,6,10,6,70.0,50.0,100.0,26.1,18.8,8.65,33.7,5.0,4.08,3.5,2.0
PIT,2024-07-12,14,6,7,6,11,100.0,100.0,54.55,0.0,13.5,3.4,0.33,1.55,1.55,4.73,44.91
PIT,2024-07-12,15,7,15,9,18,33.33,33.33,50.0,55.44,14.11,4.53,59.22,1.78,2.43,6.11,30.67
PIT,2024-07-12,16,15,12,15,12,60.0,60.0,58.33,25.67,14.73,4.15,28.67,1.0,3.35,1.42,35.75
PIT,2024-07-12,17,11,7,12,11,58.33,50.0,45.45,36.17,15.25,4.78,40.25,2.55,2.43,5.55,33.73
PIT,2024-07-12,18,12,13,14,13,50.0,50.0,30.77,42.64,15.79,5.25,47.64,0.69,3.18,2.77,54.46
PIT,2024-07-12,19,9,9,10,8,50.0,50.0,75.0,35.7,18.7,8.17,43.0,1.25,2.39,0.13,20.63
PIT,2024-07-12,20,10,14,10,17,60.0,50.0,52.94,23.6,17.7,8.03,30.3,1.0,5.55,5.82,35.35
PIT,2024-07-12,21,4,8,6,9,66.67,66.67,77.78,13.0,17.33,7.5,17.17,2.44,4.02,2.22,7.67
PIT,2024-07-12,22,1,11,1,13,0.0,0.0,38.46,35.0,11.0,0.4,35.0,2.31,9.95,7.23,20.69
PIT,2024-07-12,23,0,14,0,13,0.0,0.0,84.62,0.0,0.0,0.0,0.0,1.08,1.16,0.0,6.69
PIT,2024-07-13,0,0,4,0,4,0.0,0.0,75.0,0.0,0.0,0.0,0.0,0.0,2.35,0.0,7.0
PIT,2024-07-13,1,0,0,0,2,0.0,0.0,100.0,0.0,0.0,0.0,0.0,0.0,1.45,2.0,0.0
PIT,2024-07-13,2,0,0,1,2,100.0,100.0,50.0,0.0,18.0,7.4,7.0,2.0,2.5,10.0,20.5
PIT,2024-07-13,4,0,2,0,1,0.0,0.0,0.0,0.0,0.0,0.0,0.0,0.0,0.5,33.0,26.0
PIT,2024-07-13,5,6,1,6,4,83.33,83.33,75.0,4.0,12.17,2.52,5.67,1.0,2.28,0.0,7.0
PIT,2024-07-13,6,20,1,22,3,86.36,86.36,100.0,8.91,12.36,2.34,10.23,0.0,4.87,2.0,0.67
PIT,2024-07-13,7,12,3,17,3,88.24,88.24,66.67,3.06,11.82,1.58,3.53,2.0,1.83,5.33,15.33
PIT,2024-07-13,8,9,5,12,5,83.33,75.0,100.0,7.58,13.08,2.58,9.08,1.6,2.86,2.0,0.4
PIT,2024-07-13,9,4,5,5,6,80.0,80.0,83.33,10.6,10.6,1.1,10.4,3.83,3.5,2.83,6.17
PIT,2024-07-13,10,10,9,11,9,81.82,81.82,77.78,18.27,12.55,2.52,19.45,1.67,2.52,1.11,26.11
PIT,2024-07-13,11,7,7,7,9,71.43,71.43,55.56,64.57,12.71,2.36,66.0,0.78,2.91,6.11,34.0
PIT,2024-07-13,12,8,8,8,9,75.0,62.5,88.89,20.75,13.63,4.14,25.0,2.56,3.52,1.78,10.0
PIT,2024-07-13,13,6,6,8,7,87.5,87.5,71.43,3.88,11.88,2.09,5.25,0.86,2.31,1.14,51.29
PIT,2024-07-13,14,8,4,10,5,50.0,50.0,80.0,38.8,13.3,3.39,41.4,1.6,3.46,2.0,5.4
PIT,2024-07-13,15,4,13,5,16,80.0,80.0,68.75,6.6,14.2,4.52,8.4,1.69,2.99,4.38,20.75
PIT,2024-07-13,16,15,11,18,12,66.67,66.67,83.33,23.06,14.11,3.93,25.94,1.5,2.67,1.92,6.92
PIT,2024-07-13,17,9,8,9,9,100.0,77.78,77.78,2.0,24.0,14.07,14.11,0.67,1.48,0.67,22.67
PIT,2024-07-13,18,11,10,12,14,66.67,41.67,71.43,20.83,21.67,11.79,31.42,3.71,7.74,5.0,22.79
PIT,2024-07-13,19,5,6,6,7,50.0,50.0,71.43,34.0,18.33,9.12,40.17,2.43,1.34,4.0,17.71
PIT,2024-07-13,20,4,7,5,8,100.0,80.0,75.0,2.8,17.6,8.38,5.6,1.25,0.83,2.75,31.25
PIT,2024-07-13,21,2,9,2,10,50.0,50.0,50.0,20.5,42.0,32.55,52.0,1.2,1.42,2.7,36.0
PIT,2024-07-13,22,2,12,2,12,50.0,0.0,50.0,37.0,24.5,13.9,45.5,0.75,1.38,0.25,37.92
PIT,2024-07-13,23,1,11,2,11,50.0,50.0,45.45,39.0,13.0,2.4,41.0,11.0,1.57,5.64,19.64
PIT,2024-07-14,0,0,5,0,4,0.0,0.0,75.0,0.0,0.0,0.0,0.0,1.5,3.6,1.0,28.5
PIT,2024-07-14,1,0,2,0,2,0.0,0.0,0.0,0.0,0.0,0.0,0.0,1.0,2.0,18.5,36.5
PIT,2024-07-14,2,0,0,0,0,0.0,0.0,0.0,0.0,0.0,0.0,0.0,0.0,0.0,0.0,0.0
PIT,2024-07-14,3,0,0,1,0,100.0,100.0,0.0,0.0,10.0,0.0,0.0,0.0,0.0,0.0,0.0
PIT,2024-07-14,4,0,2,0,1,0.0,0.0,100.0,0.0,0.0,0.0,0.0,0.0,0.0,0.0,0.0
PIT,2024-07-14,5,6,2,6,1,83.33,83.33,100.0,9.33,14.33,4.2,11.67,1.0,0.5,5.0,12.0
PIT,2024-07-14,6,21,1,21,0,90.48,85.71,0.0,2.95,15.71,5.4,5.67,0.0,0.0,0.0,0.0
PIT,2024-07-14,7,11,1,13,1,92.31,92.31,100.0,6.46,15.15,4.52,8.54,0.0,1.6,5.0,3.0
PIT,2024-07-14,8,11,2,10,3,80.0,80.0,66.67,13.5,14.9,4.27,14.8,2.0,2.83,2.67,12.67
PIT,2024-07-14,9,2,7,6,8,33.33,33.33,100.0,16.0,13.17,3.38,17.33,2.25,1.85,1.5,0.0
PIT,2024-07-14,10,10,10,13,10,92.31,84.62,70.0,1.31,18.85,8.55,5.62,2.3,1.92,3.6,12.7
PIT,2024-07-14,11,9,9,10,9,50.0,40.0,66.67,26.1,16.0,5.28,29.0,1.22,1.69,3.44,31.78
PIT,2024-07-14,12,11,11,13,11,84.62,69.23,90.91,14.54,17.85,7.98,20.31,0.55,4.88,3.91,8.55
PIT,2024-07-14,13,8,6,8,10,37.5,37.5,40.0,33.5,30.0,20.08,52.75,2.7,2.41,5.1,26.4
PIT,2024-07-14,14,5,5,7,9,57.14,57.14,33.33,18.86,14.14,4.04,21.86,9.44,2.04,22.0,38.11
PIT,2024-07-14,15,5,10,6,11,33.33,33.33,27.27,29.5,14.5,4.28,32.67,3.09,1.56,5.91,32.45
PIT,2024-07-14,16,12,10,14,14,35.71,28.57,64.29,42.21,14.71,4.11,45.71,1.93,2.52,9.36,44.71
PIT,2024-07-14,17,9,9,9,12,11.11,11.11,75.0,89.89,19.67,9.2,98.33,1.0,1.54,0.5,31.25
PIT,2024-07-14,18,11,9,13,11,69.23,69.23,27.27,24.15,13.38,2.86,26.38,1.0,1.73,1.82,36.55
PIT,2024-07-14,19,9,7,8,9,12.5,12.5,33.33,49.5,14.13,4.13,53.5,1.11,2.16,1.22,43.89
PIT,2024-07-14,20,5,11,7,11,71.43,71.43,18.18,22.0,12.29,3.7,22.71,0.91,8.06,4.09,56.82
PIT,2024-07-14,21,3,10,4,9,50.0,50.0,22.22,16.5,12.25,3.53,20.25,1.89,1.96,1.0,62.44
PIT,2024-07-14,22,2,9,2,10,50.0,50.0,70.0,15.5,15.0,4.4,16.5,1.8,3.69,1.2,18.5
PIT,2024-07-14,23,0,13,0,12,0.0,0.0,41.67,0.0,0.0,0.0,0.0,4.67,1.97,9.33,58.83
PIT,2024-07-15,0,0,4,1,4,0.0,0.0,50.0,28.0,11.0,2.7,31.0,0.0,3.6,0.0,55.5
PIT,2024-07-15,1,0,1,0,3,0.0,0.0,33.33,0.0,0.0,0.0,0.0,2.67,1.77,4.33,25.0
PIT,2024-07-15,2,0,0,0,0,0.0,0.0,0.0,0.0,0.0,0.0,0.0,0.0,0.0,0.0,0.0
PIT,2024-07-15,3,0,0,1,0,100.0,100.0,0.0,0.0,10.0,0.0,0.0,0.0,0.0,0.0,0.0
PIT,2024-07-15,4,0,2,0,2,0.0,0.0,0.0,0.0,0.0,0.0,0.0,0.0,2.5,18.0,73.0
PIT,2024-07-15,5,7,2,7,3,71.43,57.14,66.67,12.57,14.0,4.2,16.43,2.67,0.33,3.67,8.33
PIT,2024-07-15,6,19,1,19,1,78.95,78.95,100.0,9.21,15.26,4.71,11.84,0.0,0.6,0.0,11.0
PIT,2024-07-15,7,15,3,17,5,64.71,64.71,60.0,14.53,14.53,4.31,17.12,0.8,3.52,9.2,31.0
PIT,2024-07-15,8,12,7,14,9,92.86,85.71,88.89,4.5,22.0,11.26,12.64,1.67,2.82,5.0,4.11
PIT,2024-07-15,9,5,5,8,6,75.0,75.0,100.0,16.88,16.75,6.51,20.38,1.67,2.13,4.0,1.17
PIT,2024-07-15,10,10,13,11,14,90.91,81.82,50.0,3.64,20.36,10.08,9.09,2.5,1.16,2.14,23.5
PIT,2024-07-15,11,10,7,12,10,58.33,50.0,80.0,25.0,16.58,5.68,29.67,2.9,1.14,1.9,4.3
PIT,2024-07-15,12,9,11,13,13,100.0,84.62,69.23,0.38,17.85,7.58,5.15,2.15,2.22,2.08,38.23
PIT,2024-07-15,13,10,6,10,7,80.0,80.0,57.14,43.6,12.8,2.6,45.0,3.0,1.43,4.71,23.29
PIT,2024-07-15,14,6,7,8,8,50.0,50.0,87.5,20.0,13.25,3.1,22.75,2.25,0.93,2.5,3.63
PIT,2024-07-15,15,7,14,8,16,100.0,87.5,75.0,1.5,15.0,5.63,5.25,1.75,1.04,3.75,19.75
PIT,2024-07-15,16,15,13,15,15,73.33,60.0,80.0,32.47,22.07,11.53,41.67,3.13,1.5,2.47,15.53
PIT,2024-07-15,17,11,8,13,11,53.85,46.15,27.27,47.38,21.77,11.29,58.0,4.82,3.19,8.45,32.36
PIT,2024-07-15,18,12,12,14,13,42.86,35.71,46.15,27.0,21.43,10.9,37.57,1.38,4.92,12.15,32.85
PIT,2024-07-15,19,8,7,8,6,25.0,12.5,66.67,52.13,18.38,7.8,59.88,2.83,2.98,2.17,21.83
PIT,2024-07-15,20,9,14,9,16,22.22,22.22,37.5,38.22,12.44,2.62,40.67,11.0,1.93,16.56,22.69
PIT,2024-07-15,21,4,9,5,10,40.0,40.0,40.0,14.6,16.6,6.46,19.8,2.8,2.97,5.6,70.8
PIT,2024-07-15,22,1,11,3,11,66.67,66.67,27.27,34.67,13.0,2.4,35.0,2.18,4.77,1.27,44.0
PIT,2024-07-15,23,0,13,0,12,0.0,0.0,33.33,0.0,0.0,0.0,0.0,1.0,0.78,0.33,38.5
PIT,2024-07-16,0,0,4,0,4,0.0,0.0,25.0,0.0,0.0,0.0,0.0,1.25,1.6,9.5,20.25
PIT,2024-07-16,1,0,2,0,2,0.0,0.0,50.0,0.0,0.0,0.0,0.0,0.5,0.7,11.0,37.0
PIT,2024-07-16,2,0,0,1,0,100.0,100.0,0.0,0.0,25.0,14.4,14.0,0.0,0.0,0.0,0.0
PIT,2024-07-16,3,0,0,0,0,0.0,0.0,0.0,0.0,0.0,0.0,0.0,0.0,0.0,0.0,0.0
PIT,2024-07-16,4,0,2,0,3,0.0,0.0,66.67,0.0,0.0,0.0,0.0,0.0,1.5,5.0,16.67
PIT,2024-07-16,5,4,2,5,5,80.0,60.0,60.0,10.2,18.2,7.8,17.2,0.2,1.7,2.8,28.2
PIT,2024-07-16,6,21,2,24,2,91.67,91.67,50.0,8.71,13.96,3.88,10.38,2.5,9.75,13.5,20.0
PIT,2024-07-16,7,13,2,16,2,68.75,56.25,50.0,15.75,16.56,6.07,20.81,1.5,3.0,6.5,33.0
PIT,2024-07-16,8,12,5,14,6,85.71,85.71,83.33,15.07,15.14,4.52,17.0,4.17,2.15,6.5,29.0
PIT,2024-07-16,9,4,4,5,5,60.0,60.0,80.0,7.8,13.0,3.78,9.2,2.8,0.58,2.0,13.0
PIT,2024-07-16,10,8,12,11,11,72.73,72.73,72.73,9.64,14.27,3.59,11.91,1.82,1.46,1.45,9.64
PIT,2024-07-16,11,10,6,9,8,88.89,77.78,75.0,4.78,16.44,5.8,8.0,2.5,2.85,0.63,9.88
PIT,2024-07-16,12,8,8,10,9,70.0,70.0,100.0,19.8,14.0,3.82,21.1,2.56,1.31,0.11,1.0
PIT,2024-07-16,13,6,4,8,7,87.5,87.5,57.14,2.63,14.5,4.09,3.88,3.29,2.34,3.86,10.57
PIT,2024-07-16,14,5,4,6,5,83.33,83.33,100.0,3.0,15.33,5.6,6.17,3.6,0.46,0.0,1.6
PIT,2024-07-16,15,3,12,5,14,100.0,60.0,50.0,0.8,22.0,11.98,10.2,4.14,0.71,9.43,40.86
PIT,2024-07-16,16,16,15,17,17,52.94,47.06,52.94,25.71,19.65,9.37,34.12,3.53,4.03,5.53,20.59
PIT,2024-07-16,17,11,5,11,6,45.45,36.36,50.0,51.45,32.27,21.76,71.55,5.33,3.12,11.83,27.17
PIT,2024-07-16,18,9,9,9,13,22.22,22.22,38.46,66.33,23.78,13.23,79.33,0.54,1.68,13.92,40.15
PIT,2024-07-16,19,5,7,5,12,60.0,40.0,8.33,19.0,30.2,19.76,36.0,7.67,1.79,23.58,48.5
PIT,2024-07-16,20,7,11,7,12,28.57,28.57,50.0,26.0,14.14,4.87,30.14,1.25,1.0,13.25,29.25
PIT,2024-07-16,21,1,9,5,12,60.0,60.0,75.0,14.2,17.0,6.68,20.2,5.25,2.01,6.75,13.08
PIT,2024-07-16,22,2,12,6,11,66.67,66.67,72.73,20.5,14.33,3.43,22.0,2.36,1.25,0.0,24.18
PIT,2024-07-16,23,0,8,1,7,100.0,100.0,57.14,0.0,24.0,13.4,0.0,0.57,1.29,1.14,55.0
PIT,2024-07-17,0,0,5,0,4,0.0,0.0,75.0,0.0,0.0,0.0,0.0,0.25,0.6,0.0,17.0
PIT,2024-07-17,1,0,2,0,3,0.0,0.0,33.33,0.0,0.0,0.0,0.0,4.67,0.63,0.0,40.33
PIT,2024-07-17,3,0,0,0,0,0.0,0.0,0.0,0.0,0.0,0.0,0.0,0.0,0.0,0.0,0.0
PIT,2024-07-17,4,0,2,1,3,100.0,100.0,66.67,0.0,19.0,8.4,8.0,0.0,1.0,0.0,24.33
PIT,2024-07-17,5,5,2,4,5,75.0,75.0,80.0,34.75,13.25,3.15,34.75,0.2,1.22,0.0,9.8
PIT,2024-07-17,6,20,2,23,2,86.96,78.26,50.0,2.87,15.3,4.93,5.65,0.0,19.55,11.0,9.0
PIT,2024-07-17,7,13,1,15,1,86.67,86.67,100.0,3.93,14.07,3.69,6.0,4.0,1.5,12.0,2.0
PIT,2024-07-17,8,11,6,12,6,75.0,75.0,66.67,13.67,13.83,3.33,15.83,2.0,4.98,5.17,9.17
PIT,2024-07-17,9,5,4,7,4,42.86,42.86,50.0,19.71,14.43,4.49,22.29,0.25,2.1,3.25,26.25
PIT,2024-07-17,10,7,12,7,12,71.43,71.43,66.67,30.0,17.71,6.99,33.86,3.75,2.85,3.92,7.25
PIT,2024-07-17,11,10,5,13,5,84.62,84.62,100.0,9.15,13.77,2.99,11.31,1.8,1.94,0.0,0.0
PIT,2024-07-17,12,8,10,10,13,80.0,80.0,76.92,6.5,16.7,6.59,12.2,3.31,2.56,3.38,6.23
PIT,2024-07-17,13,8,5,10,6,80.0,60.0,33.33,14.9,22.7,12.3,23.8,4.33,1.2,14.0,34.17
PIT,2024-07-17,14,6,4,6,8,33.33,33.33,75.0,27.67,18.5,8.78,35.83,1.75,1.35,2.88,19.38
PIT,2024-07-17,15,3,12,4,14,25.0,25.0,78.57,16.0,11.5,2.63,17.0,4.43,0.87,4.86,17.5
PIT,2024-07-17,16,17,15,20,13,25.0,15.0,53.85,60.9,19.65,9.46,70.25,12.54,3.1,12.77,46.85
PIT,2024-07-17,17,10,5,10,11,30.0,20.0,45.45,71.9,22.3,11.85,83.5,15.45,5.31,23.45,53.64
PIT,2024-07-17,18,9,10,8,17,50.0,50.0,35.29,37.25,15.88,5.09,42.0,7.29,3.94,16.94,50.0
PIT,2024-07-17,19,6,6,6,11,50.0,50.0,36.36,13.17,12.33,1.95,14.5,9.18,1.9,27.82,63.64
PIT,2024-07-17,20,6,11,6,14,16.67,16.67,42.86,63.33,19.67,10.6,73.33,3.93,2.64,8.0,25.57
PIT,2024-07-17,21,1,10,5,11,40.0,40.0,54.55,52.8,14.8,4.62,56.2,4.27,2.78,10.82,37.73
PIT,2024-07-17,22,2,11,3,9,66.67,66.67,44.44,21.0,19.33,8.73,21.33,3.44,2.16,1.0,58.22
PIT,2024-07-17,23,0,7,5,6,60.0,40.0,50.0,23.8,17.0,6.02,29.2,6.33,7.67,6.83,40.67
PIT,2024-07-18,0,0,4,1,4,100.0,100.0,25.0,0.0,49.0,38.4,0.0,0.5,2.35,0.0,116.0
PIT,2024-07-18,1,0,1,0,3,0.0,0.0,100.0,0.0,0.0,0.0,0.0,2.67,3.43,1.0,5.33
PIT,2024-07-18,2,0,0,0,0,0.0,0.0,0.0,0.0,0.0,0.0,0.0,0.0,0.0,0.0,0.0
PIT,2024-07-18,3,0,0,1,0,100.0,100.0,0.0,0.0,11.0,0.4,0.0,0.0,0.0,0.0,0.0
PIT,2024-07-18,4,0,2,0,3,0.0,0.0,100.0,0.0,0.0,0.0,0.0,0.33,4.17,0.0,0.33
PIT,2024-07-18,5,6,2,6,5,83.33,83.33,60.0,4.5,12.0,2.33,6.17,1.0,2.92,2.0,14.0
PIT,2024-07-18,6,21,1,23,1,82.61,78.26,100.0,4.26,16.52,6.03,8.22,0.0,1.6,5.0,0.0
PIT,2024-07-18,7,14,1,16,1,87.5,81.25,100.0,11.44,14.44,4.17,14.13,0.0,2.5,7.0,0.0
PIT,2024-07-18,8,9,5,13,6,76.92,61.54,50.0,25.62,19.85,9.24,32.62,2.5,3.42,7.33,56.83
PIT,2024-07-18,9,3,6,7,7,71.43,71.43,100.0,19.14,13.0,2.84,20.86,1.29,1.83,4.14,2.29
PIT,2024-07-18,10,10,11,12,11,83.33,66.67,72.73,9.33,16.92,6.68,13.42,1.0,2.71,3.27,17.91
PIT,2024-07-18,11,9,7,11,6,63.64,63.64,66.67,13.27,16.09,5.04,17.45,4.0,2.87,4.17,13.0
PIT,2024-07-18,12,9,11,10,12,60.0,60.0,50.0,26.1,15.0,4.73,29.3,0.83,1.9,0.25,36.33
PIT,2024-07-18,13,10,7,11,8,81.82,72.73,50.0,12.73,13.64,3.45,15.0,3.75,2.94,6.25,15.13
PIT,2024-07-18,14,7,7,7,9,85.71,71.43,55.56,10.29,14.43,4.17,13.29,2.78,3.9,4.33,39.67
PIT,2024-07-18,15,7,13,8,14,50.0,50.0,78.57,42.38,11.88,2.7,45.0,1.64,5.27,5.5,8.43
PIT,2024-07-18,16,14,13,13,14,53.85,53.85,85.71,25.15,18.92,8.39,33.23,1.86,3.01,3.29,11.0
PIT,2024-07-18,17,10,7,9,9,77.78,55.56,33.33,8.11,19.78,9.29,15.22,5.33,3.18,13.56,74.11
PIT,2024-07-18,18,13,11,14,14,57.14,50.0,57.14,60.71,15.43,4.9,64.21,1.14,1.89,1.86,49.93
PIT,2024-07-18,19,7,7,6,7,66.67,66.67,57.14,39.17,13.5,2.93,41.67,0.86,1.59,2.71,18.57
PIT,2024-07-18,20,8,12,9,13,55.56,44.44,76.92,21.11,12.89,3.2,23.89,1.46,2.1,0.77,10.46
PIT,2024-07-18,21,3,9,6,10,83.33,66.67,50.0,9.5,14.33,4.5,12.17,0.7,2.12,8.9,42.4
PIT,2024-07-18,22,2,12,3,12,100.0,100.0,41.67,2.0,12.33,1.73,2.33,1.67,2.57,6.08,45.25
PIT,2024-07-18,23,0,13,0,12,0.0,0.0,16.67,0.0,0.0,0.0,0.0,0.75,1.19,3.58,56.5
PIT,2024-07-19,0,0,4,0,4,0.0,0.0,0.0,0.0,0.0,0.0,0.0,2.25,0.6,1.75,101.25
PIT,2024-07-19,1,0,1,0,1,0.0,0.0,100.0,0.0,0.0,0.0,0.0,1.0,0.0,0.0,13.0
PIT,2024-07-19,2,0,0,0,1,0.0,0.0,100.0,0.0,0.0,0.0,0.0,0.0,1.5,2.0,12.0
PIT,2024-07-19,3,0,0,1,0,0.0,0.0,0.0,20.0,14.0,3.4,23.0,0.0,0.0,0.0,0.0
PIT,2024-07-19,4,0,2,0,3,0.0,0.0,33.33,0.0,0.0,0.0,0.0,0.0,1.0,1.33,26.0
PIT,2024-07-19,5,7,2,7,4,0.0,0.0,25.0,105.43,16.86,6.99,112.57,0.25,1.5,3.5,48.5
PIT,2024-07-19,6,19,1,22,0,9.09,9.09,0.0,109.68,20.23,9.94,118.82,0.0,0.0,0.0,0.0
PIT,2024-07-19,7,15,3,13,3,38.46,38.46,66.67,83.0,16.46,6.24,88.08,0.0,3.17,2.33,23.67
PIT,2024-07-19,8,12,7,11,6,9.09,9.09,16.67,135.64,15.82,5.14,139.82,5.33,1.98,5.0,72.83
PIT,2024-07-19,9,5,6,5,6,40.0,40.0,50.0,20.0,11.8,2.3,21.6,0.83,2.8,3.33,35.33
PIT,2024-07-19,10,11,13,7,9,28.57,28.57,44.44,46.71,10.14,0.9,47.0,2.33,3.86,5.44,36.22
PIT,2024-07-19,11,10,6,7,4,42.86,42.86,0.0,69.57,13.14,2.71,72.0,2.0,2.42,0.0,104.25
PIT,2024-07-19,12,8,10,6,7,33.33,33.33,71.43,16.5,9.5,0.82,16.0,1.29,5.67,2.43,22.0
PIT,2024-07-19,13,9,6,9,7,55.56,55.56,28.57,57.11,12.0,2.23,59.33,3.86,3.14,3.57,58.29
PIT,2024-07-19,14,6,7,7,9,42.86,42.86,44.44,45.43,12.57,2.61,47.86,2.33,3.68,4.11,25.56
PIT,2024-07-19,15,7,15,7,16,42.86,42.86,43.75,32.14,14.14,4.86,37.0,1.63,5.24,6.81,38.25
PIT,2024-07-19,16,15,12,15,9,33.33,26.67,44.44,43.93,15.33,4.83,48.53,1.44,5.07,2.89,60.78
PIT,2024-07-19,17,11,7,7,6,57.14,42.86,66.67,85.29,13.86,3.76,87.43,2.0,2.52,1.0,36.83
PIT,2024-07-19,18,12,13,9,11,66.67,66.67,54.55,18.0,11.67,1.4,19.0,1.09,2.31,2.73,32.09
PIT,2024-07-19,19,9,9,5,10,60.0,60.0,30.0,202.6,12.8,2.48,204.2,1.4,1.93,2.4,25.1
PIT,2024-07-19,20,10,14,10,16,40.0,40.0,62.5,46.5,13.3,3.57,49.7,2.31,1.3,3.19,32.5
PIT,2024-07-19,21,4,8,6,11,50.0,50.0,54.55,22.17,16.5,6.77,26.83,1.91,2.2,3.55,33.45
PIT,2024-07-19,22,1,11,3,11,33.33,33.33,63.64,24.0,13.67,3.07,26.67,1.0,2.9,0.82,23.36
PIT,2024-07-19,23,0,14,1,12,0.0,0.0,66.67,23.0,16.0,5.4,28.0,0.5,1.81,3.0,41.17
PIT,2024-07-20,0,0,4,0,4,0.0,0.0,0.0,0.0,0.0,0.0,0.0,0.75,1.6,0.5,110.25
PIT,2024-07-20,1,0,0,0,1,0.0,0.0,0.0,0.0,0.0,0.0,0.0,4.0,5.4,0.0,82.0
PIT,2024-07-20,2,0,0,0,1,0.0,0.0,100.0,0.0,0.0,0.0,0.0,0.0,2.5,0.0,0.0
PIT,2024-07-20,3,0,0,1,0,100.0,100.0,0.0,0.0,25.0,14.4,14.0,0.0,0.0,0.0,0.0
PIT,2024-07-20,4,0,2,0,1,0.0,0.0,100.0,0.0,0.0,0.0,0.0,0.0,0.5,0.0,0.0
PIT,2024-07-20,5,6,1,5,4,80.0,80.0,75.0,6.6,14.0,4.42,10.4,2.5,1.77,4.5,30.25
PIT,2024-07-20,6,20,1,21,3,71.43,71.43,66.67,16.95,14.71,4.38,20.05,0.0,9.53,3.0,30.0
PIT,2024-07-20,7,12,3,15,2,80.0,80.0,50.0,9.27,14.47,3.99,12.6,1.0,2.0,6.0,81.5
PIT,2024-07-20,8,9,5,10,4,60.0,60.0,75.0,48.6,16.1,5.39,52.7,0.0,1.95,5.25,4.25
PIT,2024-07-20,9,4,5,5,6,60.0,60.0,66.67,28.4,13.6,3.92,30.2,1.0,1.83,0.17,36.83
PIT,2024-07-20,10,10,9,11,10,72.73,72.73,70.0,28.73,14.09,3.65,30.36,0.9,1.37,2.7,45.6
PIT,2024-07-20,11,7,6,9,6,66.67,66.67,66.67,49.33,16.67,5.7,54.44,1.83,0.63,2.17,8.67
PIT,2024-07-20,12,7,8,7,9,28.57,28.57,66.67,32.29,15.0,5.34,35.29,1.33,4.74,3.67,47.56
PIT,2024-07-20,13,6,6,7,7,28.57,28.57,71.43,58.43,13.86,4.03,62.57,2.43,2.17,3.71,19.29
PIT,2024-07-20,14,8,4,9,6,66.67,66.67,66.67,19.11,14.44,4.74,22.44,2.83,5.3,4.33,8.0
PIT,2024-07-20,15,4,13,5,11,80.0,80.0,63.64,4.4,14.2,4.64,8.8,0.73,2.36,2.82,35.18
PIT,2024-07-20,16,15,11,14,14,50.0,42.86,64.29,46.14,14.29,4.07,49.43,3.43,2.33,7.0,29.21
PIT,2024-07-20,17,9,8,11,11,45.45,36.36,45.45,33.64,12.82,2.75,36.0,0.0,4.12,2.64,23.91
PIT,2024-07-20,18,11,10,14,13,57.14,50.0,53.85,20.0,14.86,4.83,24.21,3.15,3.28,10.54,36.77
PIT,2024-07-20,19,5,6,6,6,16.67,16.67,66.67,33.33,11.0,2.32,35.83,1.5,2.13,1.67,18.5
PIT,2024-07-20,20,4,7,4,8,50.0,50.0,50.0,19.0,16.0,6.55,24.25,0.38,1.89,0.88,24.0
PIT,2024-07-20,21,2,9,3,8,66.67,33.33,62.5,11.0,14.33,4.43,14.33,1.63,2.71,0.0,15.38
PIT,2024-07-20,22,2,12,2,13,50.0,50.0,23.08,25.0,14.5,3.9,28.5,1.31,1.86,0.62,83.15
PIT,2024-07-20,23,1,11,1,10,0.0,0.0,80.0,72.0,15.0,4.4,76.0,2.1,1.98,1.9,11.2
PIT,2024-07-21,0,0,5,0,3,0.0,0.0,33.33,0.0,0.0,0.0,0.0,0.67,1.8,0.0,38.0
PIT,2024-07-21,1,0,2,0,0,0.0,0.0,0.0,0.0,0.0,0.0,0.0,0.0,0.0,0.0,0.0
PIT,2024-07-21,2,0,0,0,0,0.0,0.0,0.0,0.0,0.0,0.0,0.0,0.0,0.0,0.0,0.0
PIT,2024-07-21,4,0,2,0,2,0.0,0.0,50.0,0.0,0.0,0.0,0.0,0.0,1.5,2.5,8.5
PIT,2024-07-21,5,6,2,6,1,100.0,83.33,0.0,5.17,12.83,2.95,8.0,5.0,0.5,6.0,67.0
PIT,2024-07-21,6,21,1,18,0,77.78,77.78,0.0,31.33,13.28,3.11,32.94,0.0,0.0,0.0,0.0
PIT,2024-07-21,7,11,1,11,2,72.73,72.73,50.0,7.45,13.0,2.45,8.55,0.0,4.75,3.5,19.5
PIT,2024-07-21,8,11,2,16,4,50.0,50.0,75.0,15.94,13.06,2.65,18.06,1.25,2.5,2.25,6.75
PIT,2024-07-21,9,2,7,7,8,71.43,71.43,75.0,6.57,14.86,4.46,10.86,1.5,2.1,3.38,7.0
PIT,2024-07-21,10,10,10,10,10,80.0,80.0,70.0,7.1,13.7,3.55,9.7,1.6,3.16,1.6,36.6
PIT,2024-07-21,11,9,9,8,10,50.0,50.0,100.0,11.88,12.38,1.94,12.75,1.0,1.37,0.8,1.8
PIT,2024-07-21,12,11,12,15,12,80.0,80.0,75.0,6.6,13.6,3.44,8.13,0.25,2.02,1.58,25.92
PIT,2024-07-21,13,9,6,7,7,71.43,71.43,85.71,38.57,13.43,3.56,40.57,2.86,1.99,4.86,6.43
PIT,2024-07-21,14,5,4,7,4,71.43,71.43,100.0,8.71,13.57,3.39,11.0,3.25,1.48,1.25,1.0
PIT,2024-07-21,15,4,10,4,12,100.0,75.0,66.67,6.75,13.5,3.48,8.0,2.17,5.79,5.42,49.33
PIT,2024-07-21,16,12,11,11,11,63.64,54.55,72.73,41.73,18.09,7.5,48.82,2.73,4.35,1.0,25.55
PIT,2024-07-21,17,9,9,10,11,40.0,40.0,54.55,34.4,13.0,2.95,36.1,0.45,2.68,2.45,31.91
PIT,2024-07-21,18,12,9,12,12,83.33,75.0,58.33,21.92,13.83,3.43,24.42,0.83,3.37,1.75,20.67
PIT,2024-07-21,19,9,7,9,7,44.44,44.44,57.14,29.67,13.44,3.28,32.78,3.14,2.46,1.71,16.43
PIT,2024-07-21,20,5,11,5,14,60.0,60.0,50.0,18.0,15.2,5.52,21.8,2.43,5.8,6.43,27.79
PIT,2024-07-21,21,3,10,3,9,33.33,33.33,33.33,33.33,12.33,4.03,36.33,1.22,2.34,0.56,38.44
PIT,2024-07-21,22,2,9,2,9,0.0,0.0,66.67,47.5,16.5,5.9,53.0,2.78,3.06,2.67,44.0
PIT,2024-07-21,23,0,13,0,14,0.0,0.0,50.0,0.0,0.0,0.0,0.0,1.0,1.31,2.93,36.21
PIT,2024-07-22,0,0,4,0,4,0.0,0.0,100.0,0.0,0.0,0.0,0.0,1.5,1.6,0.0,0.0
PIT,2024-07-22,1,0,1,0,2,0.0,0.0,50.0,0.0,0.0,0.0,0.0,1.0,0.4,0.0,28.0
PIT,2024-07-22,2,0,0,0,1,0.0,0.0,100.0,0.0,0.0,0.0,0.0,0.0,0.5,0.0,0.0
PIT,2024-07-22,4,0,2,1,2,100.0,100.0,50.0,0.0,21.0,10.4,10.0,0.0,1.5,6.0,81.0
PIT,2024-07-22,5,7,2,8,2,62.5,62.5,100.0,29.5,12.88,3.1,32.25,0.0,0.75,1.0,0.0
PIT,2024-07-22,6,19,1,19,1,100.0,89.47,0.0,1.74,14.42,3.86,3.53,0.0,3.6,0.0,32.0
PIT,2024-07-22,7,15,3,16,3,87.5,81.25,66.67,10.31,14.75,4.5,14.13,0.0,5.5,5.67,6.33
PIT,2024-07-22,8,12,7,11,8,90.91,81.82,87.5,2.91,15.09,4.45,6.09,2.63,2.24,4.75,4.63
PIT,2024-07-22,9,5,5,9,9,88.89,66.67,66.67,2.89,21.56,11.21,11.89,1.78,3.31,5.22,34.0
PIT,2024-07-22,10,10,13,11,12,81.82,81.82,75.0,13.91,16.0,5.79,17.82,1.75,2.15,1.58,13.33
PIT,2024-07-22,11,10,7,10,7,80.0,70.0,100.0,11.6,15.5,4.61,15.1,1.57,3.24,0.0,0.0
PIT,2024-07-22,12,9,11,10,11,70.0,70.0,72.73,18.9,14.8,4.62,20.6,1.82,3.93,6.91,32.09
PIT,2024-07-22,13,10,6,10,11,80.0,60.0,72.73,14.0,14.3,4.56,17.0,8.64,3.36,9.91,15.18
PIT,2024-07-22,14,6,7,8,7,62.5,62.5,85.71,14.63,16.13,5.9,18.63,1.86,2.3,4.57,8.43
PIT,2024-07-22,15,7,14,8,14,37.5,37.5,57.14,14.75,16.38,6.93,21.25,3.43,4.74,7.43,34.93
PIT,2024-07-22,16,15,13,14,12,42.86,21.43,58.33,47.0,21.93,11.44,57.79,2.08,3.18,16.42,47.25
PIT,2024-07-22,17,11,8,12,12,58.33,58.33,58.33,50.92,16.17,5.65,55.25,1.83,3.8,7.67,32.0
PIT,2024-07-22,18,12,12,14,14,57.14,50.0,42.86,48.93,15.07,4.63,53.14,1.36,2.96,14.21,54.86
PIT,2024-07-22,19,8,7,8,7,62.5,62.5,57.14,28.25,14.38,3.95,30.63,3.14,2.23,13.0,28.29
PIT,2024-07-22,20,9,14,10,16,50.0,50.0,50.0,14.8,15.5,5.98,18.9,1.19,2.67,6.94,24.25
PIT,2024-07-22,21,4,9,7,9,71.43,57.14,44.44,10.71,17.43,7.49,15.57,2.78,2.52,14.44,85.89
PIT,2024-07-22,22,1,11,3,9,66.67,66.67,33.33,19.67,17.0,6.4,21.33,2.78,3.14,8.89,72.89
PIT,2024-07-22,23,0,13,0,11,0.0,0.0,54.55,0.0,0.0,0.0,0.0,0.73,1.43,0.18,32.09
PIT,2024-07-23,0,0,4,0,6,0.0,0.0,16.67,0.0,0.0,0.0,0.0,7.5,1.57,4.17,76.5
PIT,2024-07-23,1,0,2,0,2,0.0,0.0,0.0,0.0,0.0,0.0,0.0,1.5,0.75,0.5,31.5
PIT,2024-07-23,2,0,0,1,0,100.0,100.0,0.0,0.0,10.0,0.0,0.0,0.0,0.0,0.0,0.0
PIT,2024-07-23,3,0,0,1,0,0.0,0.0,0.0,16.0,14.0,3.4,19.0,0.0,0.0,0.0,0.0
PIT,2024-07-23,4,0,2,0,3,0.0,0.0,33.33,0.0,0.0,0.0,0.0,11.0,5.5,15.0,136.67
PIT,2024-07-23,5,4,2,4,4,75.0,75.0,25.0,58.75,13.25,2.78,61.0,58.0,1.52,60.0,148.5
PIT,2024-07-23,6,21,2,20,3,75.0,75.0,33.33,32.05,15.6,5.35,35.3,1.0,1.87,0.0,65.0
PIT,2024-07-23,7,13,2,14,4,71.43,64.29,25.0,39.71,14.79,4.36,42.5,3.0,2.75,5.0,77.75
PIT,2024-07-23,8,12,5,16,6,56.25,56.25,50.0,44.25,14.19,3.6,46.38,2.83,1.82,8.0,13.33
PIT,2024-07-23,9,4,4,7,5,57.14,57.14,100.0,20.71,13.57,3.63,22.71,2.4,1.68,3.6,0.4
PIT,2024-07-23,10,7,12,8,13,87.5,62.5,76.92,4.63,18.38,7.81,10.5,2.62,2.48,2.31,16.54
PIT,2024-07-23,11,10,6,9,7,77.78,77.78,42.86,20.33,14.78,4.11,22.56,1.29,2.67,0.57,18.86
PIT,2024-07-23,12,8,8,9,7,66.67,55.56,42.86,12.33,14.0,3.87,15.78,2.29,2.33,0.0,37.14
PIT,2024-07-23,13,6,4,8,5,50.0,50.0,40.0,23.38,17.0,6.51,29.0,4.2,1.88,5.2,48.4
PIT,2024-07-23,14,5,4,6,5,50.0,50.0,80.0,26.67,14.33,4.5,31.0,3.2,2.18,4.6,26.0
PIT,2024-07-23,15,3,12,5,14,60.0,40.0,57.14,21.4,14.6,4.46,25.4,1.14,2.14,3.0,68.43
PIT,2024-07-23,16,17,15,16,16,43.75,43.75,75.0,70.88,11.88,2.01,72.0,2.31,2.72,4.81,16.0
PIT,2024-07-23,17,11,5,15,12,66.67,53.33,58.33,32.93,16.6,6.35,37.47,4.5,2.98,8.25,27.25
PIT,2024-07-23,18,9,9,12,13,58.33,58.33,61.54,33.42,14.67,4.34,37.08,4.0,2.61,8.77,20.15
PIT,2024-07-23,19,5,7,5,7,60.0,40.0,71.43,9.6,15.6,5.2,14.4,4.43,5.44,1.29,53.57
PIT,2024-07-23,20,7,11,7,14,85.71,71.43,64.29,20.14,13.14,4.09,24.29,2.29,2.71,5.36,39.86
PIT,2024-07-23,21,1,9,3,11,33.33,33.33,63.64,22.0,16.67,6.07,25.67,2.82,3.1,0.91,51.82
PIT,2024-07-23,22,2,12,4,13,75.0,75.0,53.85,40.25,11.0,0.55,40.0,1.23,2.72,1.85,29.31
PIT,2024-07-23,23,0,8,0,8,0.0,0.0,50.0,0.0,0.0,0.0,0.0,1.63,2.88,1.88,94.0
PIT,2024-07-24,0,0,5,0,4,0.0,0.0,0.0,0.0,0.0,0.0,0.0,0.0,2.85,0.0,39.75
PIT,2024-07-24,1,0,2,0,3,0.0,0.0,66.67,0.0,0.0,0.0,0.0,1.0,1.43,1.67,5.0
PIT,2024-07-24,2,0,0,0,0,0.0,0.0,0.0,0.0,0.0,0.0,0.0,0.0,0.0,0.0,0.0
PIT,2024-07-24,3,0,0,1,0,100.0,100.0,0.0,0.0,10.0,0.0,0.0,0.0,0.0,0.0,0.0
PIT,2024-07-24,4,0,2,0,3,0.0,0.0,66.67,0.0,0.0,0.0,0.0,0.0,2.0,0.0,32.0
PIT,2024-07-24,5,5,2,5,5,100.0,100.0,80.0,0.8,13.0,2.62,1.8,0.6,1.52,1.2,11.2
PIT,2024-07-24,6,20,2,22,1,95.45,95.45,0.0,4.27,13.5,3.2,5.91,0.0,2.6,2.0,17.0
PIT,2024-07-24,7,13,2,17,2,70.59,64.71,100.0,8.88,13.82,3.39,11.0,3.0,2.5,5.0,0.5
PIT,2024-07-24,8,12,6,14,7,85.71,78.57,85.71,12.07,18.0,7.42,17.14,1.57,2.34,8.57,8.0
PIT,2024-07-24,9,5,4,6,4,100.0,100.0,100.0,1.33,13.83,4.1,4.0,1.75,2.1,1.25,1.25
PIT,2024-07-24,10,7,12,9,12,66.67,55.56,75.0,14.0,17.22,6.52,19.11,2.25,3.1,5.5,10.67
PIT,2024-07-24,11,10,5,11,8,72.73,72.73,50.0,12.27,12.36,1.98,13.73,4.25,1.65,25.0,82.0
PIT,2024-07-24,12,8,10,10,10,30.0,30.0,50.0,75.4,14.2,4.02,78.4,2.8,1.59,6.8,47.6
PIT,2024-07-24,13,8,5,8,8,75.0,75.0,62.5,29.88,15.0,4.51,32.38,3.38,1.9,3.63,8.38
PIT,2024-07-24,14,6,4,7,7,71.43,57.14,57.14,12.0,14.57,4.73,16.0,1.29,1.11,2.57,16.14
PIT,2024-07-24,15,3,12,4,14,25.0,25.0,64.29,23.0,23.25,13.23,35.25,3.07,1.16,3.21,20.07
PIT,2024-07-24,16,17,15,21,16,42.86,33.33,50.0,33.71,16.38,6.55,38.95,6.13,2.34,5.0,43.19
PIT,2024-07-24,17,10,5,9,8,33.33,11.11,75.0,50.44,17.22,6.73,56.78,4.63,2.25,5.13,14.63
PIT,2024-07-24,18,9,10,11,13,54.55,54.55,84.62,43.73,15.73,5.02,48.45,2.38,2.34,3.77,20.85
PIT,2024-07-24,19,6,6,7,6,71.43,71.43,50.0,18.86,14.57,4.09,22.0,3.0,2.48,23.67,36.0
PIT,2024-07-24,20,6,11,6,14,83.33,66.67,71.43,37.0,16.0,7.03,40.83,2.43,2.74,4.07,44.5
PIT,2024-07-24,21,1,10,3,12,66.67,66.67,33.33,10.33,14.33,3.73,12.33,7.67,2.84,16.67,57.75
PIT,2024-07-24,22,2,11,4,11,75.0,75.0,27.27,34.0,15.0,4.4,35.25,7.91,4.94,8.09,39.55
PIT,2024-07-24,23,0,7,0,7,0.0,0.0,42.86,0.0,0.0,0.0,0.0,4.57,3.0,4.71,22.86
PIT,2024-07-25,0,0,4,0,5,0.0,0.0,60.0,0.0,0.0,0.0,0.0,1.4,3.18,0.0,20.6
PIT,2024-07-25,1,0,1,0,3,0.0,0.0,66.67,0.0,0.0,0.0,0.0,0.67,1.1,0.67,6.33
PIT,2024-07-25,2,0,0,1,0,0.0,0.0,0.0,32.0,14.0,3.4,35.0,0.0,0.0,0.0,0.0
PIT,2024-07-25,3,0,0,0,0,0.0,0.0,0.0,0.0,0.0,0.0,0.0,0.0,0.0,0.0,0.0
PIT,2024-07-25,4,0,2,0,3,0.0,0.0,100.0,0.0,0.0,0.0,0.0,0.0,3.5,0.0,3.67
PIT,2024-07-25,5,6,2,6,5,100.0,100.0,100.0,0.0,13.5,3.85,2.17,3.0,2.72,2.0,0.0
PIT,2024-07-25,6,21,1,26,1,88.46,88.46,0.0,5.19,13.15,2.65,5.92,0.0,0.6,0.0,55.0
PIT,2024-07-25,7,14,1,17,2,82.35,76.47,100.0,7.18,14.65,4.32,10.35,1.0,1.0,4.0,0.0
PIT,2024-07-25,8,9,5,11,5,63.64,63.64,100.0,14.09,15.64,5.0,17.36,4.0,4.08,6.0,2.0
PIT,2024-07-25,9,3,6,3,7,100.0,100.0,85.71,0.0,16.33,6.5,1.33,1.43,1.33,1.57,2.57
PIT,2024-07-25,10,10,11,12,11,83.33,75.0,90.91,6.83,17.08,6.79,11.25,2.0,3.25,1.73,4.55
PIT,2024-07-25,11,9,7,9,11,88.89,88.89,72.73,4.44,13.11,2.28,4.78,4.45,1.7,7.09,9.91
PIT,2024-07-25,12,9,11,12,13,91.67,91.67,84.62,2.67,13.42,3.38,4.08,2.31,2.63,1.0,5.46
PIT,2024-07-25,13,10,7,10,10,100.0,100.0,70.0,0.0,15.7,5.5,1.8,1.9,1.45,2.8,11.4
PIT,2024-07-25,14,7,7,11,9,72.73,72.73,77.78,9.64,13.64,3.5,12.0,2.11,1.79,4.44,9.56
PIT,2024-07-25,15,7,12,10,15,70.0,50.0,60.0,12.6,15.0,5.32,17.3,3.73,4.82,8.73,14.2
PIT,2024-07-25,16,14,14,16,17,50.0,37.5,76.47,25.69,15.69,5.11,29.81,0.65,4.69,4.47,13.76
PIT,2024-07-25,17,10,7,12,8,83.33,75.0,75.0,6.08,18.67,8.19,11.17,3.75,2.2,4.5,13.75
PIT,2024-07-25,18,13,11,14,14,71.43,64.29,50.0,11.93,15.43,4.81,15.43,3.29,1.78,4.36,13.86
PIT,2024-07-25,19,7,7,8,10,87.5,87.5,60.0,10.13,14.63,4.05,13.38,2.1,1.81,1.6,19.1
PIT,2024-07-25,20,8,12,8,16,62.5,50.0,62.5,18.75,13.38,3.72,22.5,1.5,1.71,2.13,15.94
PIT,2024-07-25,21,3,9,5,10,80.0,80.0,90.0,11.0,14.4,4.72,15.2,0.4,4.02,2.7,5.4
PIT,2024-07-25,22,2,12,4,12,75.0,75.0,50.0,6.25,13.25,2.65,6.25,1.75,2.03,3.75,29.58
PIT,2024-07-25,23,0,13,0,13,0.0,0.0,53.85,0.0,0.0,0.0,0.0,0.62,0.62,1.15,24.77
PIT,2024-07-26,0,0,4,0,4,0.0,0.0,50.0,0.0,0.0,0.0,0.0,2.25,0.6,0.0,52.25
PIT,2024-07-26,1,0,1,0,3,0.0,0.0,66.67,0.0,0.0,0.0,0.0,2.0,2.13,4.0,6.67
PIT,2024-07-26,3,0,0,1,0,100.0,100.0,0.0,0.0,10.0,0.0,0.0,0.0,0.0,0.0,0.0
PIT,2024-07-26,4,0,2,1,3,0.0,0.0,66.67,27.0,13.0,2.4,29.0,0.0,3.17,0.0,26.0
PIT,2024-07-26,5,7,2,7,5,100.0,100.0,100.0,2.0,12.29,2.41,3.57,0.8,2.22,1.6,4.8
PIT,2024-07-26,6,19,1,22,1,86.36,86.36,0.0,5.5,13.5,2.99,7.05,0.0,1.6,0.0,73.0
PIT,2024-07-26,7,15,3,17,4,82.35,76.47,75.0,10.35,15.12,4.79,13.71,0.25,3.5,6.0,7.5
PIT,2024-07-26,8,12,7,15,10,86.67,86.67,60.0,3.27,16.87,6.13,7.0,1.7,2.09,7.0,10.3
PIT,2024-07-26,9,5,5,8,6,100.0,75.0,83.33,0.0,20.25,9.94,7.13,2.5,2.55,4.83,27.17
PIT,2024-07-26,10,10,13,11,15,90.91,90.91,73.33,17.82,11.36,1.42,17.82,2.13,2.72,4.0,10.47
PIT,2024-07-26,11,10,6,14,6,64.29,57.14,66.67,8.93,13.14,2.59,10.93,2.0,2.7,5.67,6.0
PIT,2024-07-26,12,8,11,8,12,75.0,75.0,100.0,6.25,12.38,2.3,6.75,2.25,3.6,2.5,0.67
PIT,2024-07-26,13,10,6,10,7,90.0,90.0,71.43,1.8,13.9,4.11,2.5,3.86,3.29,8.29,19.29
PIT,2024-07-26,14,6,7,8,8,50.0,50.0,50.0,26.25,12.38,2.75,29.0,3.0,2.58,5.63,38.75
PIT,2024-07-26,15,7,14,9,16,77.78,77.78,81.25,21.11,13.0,3.46,23.56,1.31,3.86,4.19,9.5
PIT,2024-07-26,16,15,13,16,15,68.75,62.5,66.67,10.69,12.5,2.46,12.31,2.13,3.38,2.53,14.8
PIT,2024-07-26,17,11,7,12,11,83.33,83.33,54.55,3.67,12.25,1.91,4.08,5.18,2.92,6.45,15.55
PIT,2024-07-26,18,12,12,14,16,64.29,64.29,62.5,11.29,13.07,2.76,13.21,2.13,3.87,3.44,11.56
PIT,2024-07-26,19,8,9,8,9,87.5,62.5,77.78,7.5,14.38,4.19,10.25,1.89,3.84,12.56,25.67
PIT,2024-07-26,20,10,14,11,18,63.64,63.64,61.11,24.73,11.55,1.95,25.18,1.89,3.93,5.33,19.44
PIT,2024-07-26,21,4,8,6,8,66.67,66.67,75.0,11.17,13.33,3.5,13.17,1.13,3.03,4.0,22.63
PIT,2024-07-26,22,1,11,1,11,0.0,0.0,72.73,18.0,9.0,0.0,16.0,1.27,4.08,4.09,11.45
PIT,2024-07-26,23,0,14,0,14,0.0,0.0,50.0,0.0,0.0,0.0,0.0,0.79,3.34,2.64,24.43
PIT,2024-07-27,0,0,4,0,4,0.0,0.0,50.0,0.0,0.0,0.0,0.0,0.0,3.35,0.75,33.0
PIT,2024-07-27,1,0,0,0,2,0.0,0.0,50.0,0.0,0.0,0.0,0.0,1.0,2.45,7.0,10.5
PIT,2024-07-27,2,0,0,1,0,100.0,100.0,0.0,0.0,21.0,10.4,10.0,0.0,0.0,0.0,0.0
PIT,2024-07-27,4,0,2,0,2,0.0,0.0,50.0,0.0,0.0,0.0,0.0,0.0,4.0,1.0,13.0
PIT,2024-07-27,5,6,1,6,3,83.33,83.33,100.0,8.83,9.83,0.62,8.5,0.0,2.53,4.0,5.0
PIT,2024-07-27,6,20,1,21,3,90.48,90.48,100.0,8.1,12.19,2.19,9.1,0.0,7.2,7.33,4.67
PIT,2024-07-27,7,12,3,16,2,93.75,81.25,100.0,8.0,14.69,4.13,11.0,5.0,2.0,4.0,0.0
PIT,2024-07-27,8,9,5,12,6,75.0,75.0,50.0,17.83,12.83,2.5,19.0,2.17,3.47,8.83,31.33
PIT,2024-07-27,9,4,5,7,5,57.14,57.14,100.0,13.14,11.57,1.71,13.43,0.0,3.1,3.8,0.8
PIT,2024-07-27,10,10,9,11,9,90.91,81.82,100.0,6.64,10.73,1.34,6.73,0.11,2.63,0.0,1.22
PIT,2024-07-27,11,7,7,8,11,87.5,87.5,72.73,5.63,10.25,0.35,5.63,2.82,2.7,4.55,11.36
PIT,2024-07-27,12,8,8,10,9,80.0,80.0,88.89,5.8,11.6,2.21,7.8,1.67,3.3,1.89,5.78
PIT,2024-07-27,13,6,6,7,8,85.71,85.71,50.0,13.43,12.86,3.29,13.57,0.5,2.28,2.75,23.25
PIT,2024-07-27,14,8,4,11,5,54.55,45.45,100.0,14.18,13.82,4.15,17.73,0.6,4.26,1.6,1.6
PIT,2024-07-27,15,4,13,5,15,40.0,40.0,73.33,21.8,12.2,2.64,24.4,3.33,3.56,3.0,12.93
PIT,2024-07-27,16,15,11,15,12,86.67,80.0,91.67,7.8,14.2,4.25,10.53,0.83,3.33,0.75,3.83
PIT,2024-07-27,17,9,8,10,10,90.0,90.0,60.0,3.5,11.8,2.42,4.8,0.7,4.78,12.0,15.7
PIT,2024-07-27,18,11,10,12,12,50.0,50.0,66.67,27.92,13.92,4.23,30.83,2.17,4.88,0.58,11.42
PIT,2024-07-27,19,5,6,5,7,60.0,60.0,57.14,11.8,9.0,0.42,12.2,2.0,5.83,4.86,16.43
PIT,2024-07-27,20,4,7,5,7,40.0,40.0,85.71,23.0,10.4,1.16,23.4,1.86,3.23,2.0,15.43
PIT,2024-07-27,21,2,9,4,10,25.0,25.0,80.0,28.5,7.75,0.35,26.0,3.0,3.77,4.8,10.7
PIT,2024-07-27,22,2,12,2,12,100.0,100.0,50.0,1.0,10.0,0.7,0.0,1.75,4.31,4.67,31.25
PIT,2024-07-27,23,1,11,1,11,0.0,0.0,36.36,118.0,8.0,0.0,115.0,2.64,3.57,4.55,18.09
PIT,2024-07-28,0,0,5,0,4,0.0,0.0,50.0,0.0,0.0,0.0,0.0,1.0,3.35,0.0,28.25
PIT,2024-07-28,1,0,2,0,1,0.0,0.0,100.0,0.0,0.0,0.0,0.0,0.0,2.5,3.0,5.0
PIT,2024-07-28,3,0,0,1,0,100.0,100.0,0.0,0.0,10.0,0.0,0.0,0.0,0.0,0.0,0.0
PIT,2024-07-28,4,0,2,0,2,0.0,0.0,100.0,0.0,0.0,0.0,0.0,0.0,4.5,0.0,0.0
PIT,2024-07-28,5,6,2,6,1,100.0,100.0,100.0,2.17,10.0,0.52,2.67,0.0,4.5,15.0,9.0
PIT,2024-07-28,6,21,1,21,0,85.71,85.71,0.0,7.43,15.43,5.24,10.76,0.0,0.0,0.0,0.0
PIT,2024-07-28,7,11,1,13,2,76.92,76.92,50.0,7.15,12.15,1.92,7.46,0.0,5.55,0.0,11.0
PIT,2024-07-28,8,10,1,11,1,90.91,90.91,100.0,2.27,13.64,3.13,3.36,1.0,2.5,0.0,0.0
PIT,2024-07-28,9,2,7,4,8,100.0,100.0,87.5,0.0,11.0,1.53,1.25,2.5,3.54,3.13,8.0
PIT,2024-07-28,10,10,10,13,11,100.0,100.0,72.73,0.0,15.46,5.45,2.62,1.55,2.88,1.0,10.82
PIT,2024-07-28,11,9,9,12,11,66.67,66.67,63.64,14.75,14.08,3.43,17.58,1.82,1.16,4.27,20.82
PIT,2024-07-28,12,11,11,14,11,71.43,64.29,81.82,15.71,16.57,6.4,21.21,1.18,1.93,1.55,11.27
PIT,2024-07-28,13,8,6,8,6,62.5,62.5,100.0,22.75,17.5,7.39,27.63,1.67,2.07,1.83,2.0
PIT,2024-07-28,14,5,4,5,7,100.0,80.0,85.71,1.0,20.2,10.2,9.8,3.0,2.49,3.57,4.71
PIT,2024-07-28,15,3,10,3,14,100.0,100.0,57.14,0.0,15.0,5.17,2.67,1.36,1.46,7.07,19.93
PIT,2024-07-28,16,12,11,14,12,78.57,64.29,75.0,14.71,14.5,4.01,17.21,0.67,4.25,3.58,16.58
PIT,2024-07-28,17,9,9,11,13,45.45,45.45,69.23,28.09,15.55,5.11,32.27,4.0,1.81,4.46,32.23
PIT,2024-07-28,18,12,9,15,12,60.0,46.67,33.33,46.47,15.13,4.73,50.8,2.25,1.58,4.0,31.75
PIT,2024-07-28,19,9,6,9,7,55.56,44.44,71.43,22.78,15.44,5.38,27.67,1.57,0.76,0.14,29.86
PIT,2024-07-28,20,5,11,5,12,80.0,80.0,75.0,35.8,16.0,6.44,40.2,1.67,0.55,1.17,24.17
PIT,2024-07-28,21,3,10,4,11,75.0,75.0,45.45,27.75,11.5,2.78,29.25,0.55,1.15,4.73,29.45
PIT,2024-07-28,22,2,9,4,9,50.0,50.0,44.44,31.75,14.25,3.58,34.25,1.78,0.72,1.67,68.33
PIT,2024-07-28,23,0,13,0,13,0.0,0.0,38.46,0.0,0.0,0.0,0.0,1.31,0.63,1.46,37.62
PIT,2024-07-29,0,0,4,0,5,0.0,0.0,40.0,0.0,0.0,0.0,0.0,0.4,1.58,5.8,49.2
PIT,2024-07-29,1,0,1,0,3,0.0,0.0,33.33,0.0,0.0,0.0,0.0,5.33,0.43,4.0,24.67
PIT,2024-07-29,2,0,0,1,1,0.0,0.0,100.0,22.0,15.0,4.4,26.0,0.0,0.5,0.0,0.0
PIT,2024-07-29,3,0,0,0,0,0.0,0.0,0.0,0.0,0.0,0.0,0.0,0.0,0.0,0.0,0.0
PIT,2024-07-29,4,0,2,1,2,100.0,100.0,100.0,0.0,10.0,0.0,0.0,0.0,0.0,0.0,0.0
PIT,2024-07-29,5,7,2,7,2,85.71,85.71,100.0,3.43,13.57,3.7,5.57,1.5,0.3,0.0,0.0
PIT,2024-07-29,6,19,1,18,1,88.89,88.89,100.0,29.78,15.0,4.52,32.17,0.0,2.6,0.0,0.0
PIT,2024-07-29,7,15,3,19,4,84.21,84.21,100.0,11.68,15.0,4.62,15.21,1.5,3.75,4.0,0.25
PIT,2024-07-29,8,12,6,15,6,80.0,66.67,83.33,9.0,18.07,7.29,14.0,3.0,2.65,6.17,15.33
PIT,2024-07-29,9,4,5,5,6,100.0,80.0,66.67,0.0,19.2,9.06,5.6,2.0,1.65,1.67,15.33
PIT,2024-07-29,10,10,13,10,12,70.0,70.0,75.0,13.9,14.7,4.63,16.5,2.75,1.89,2.75,18.5
PIT,2024-07-29,11,10,7,10,8,80.0,70.0,75.0,20.6,15.5,4.49,24.6,2.63,1.78,4.0,10.25
PIT,2024-07-29,12,9,11,12,13,91.67,91.67,84.62,3.42,15.5,5.26,7.83,1.92,4.02,2.38,5.15
PIT,2024-07-29,13,10,6,10,7,90.0,90.0,85.71,4.7,15.3,5.1,8.2,4.57,2.14,1.43,9.0
PIT,2024-07-29,14,6,7,8,7,87.5,50.0,100.0,13.63,15.75,5.6,18.63,3.43,2.01,2.71,1.86
PIT,2024-07-29,15,6,13,7,14,85.71,71.43,57.14,10.71,13.14,3.94,14.0,3.0,2.03,12.21,23.57
PIT,2024-07-29,16,14,13,14,14,71.43,64.29,78.57,18.07,15.29,4.86,21.71,1.14,3.9,2.21,10.71
PIT,2024-07-29,17,11,8,12,10,66.67,58.33,70.0,12.5,19.58,9.17,19.83,2.4,3.31,9.9,26.9
PIT,2024-07-29,18,12,12,14,12,42.86,14.29,33.33,43.57,21.79,11.34,53.71,3.58,14.91,16.67,34.0
PIT,2024-07-29,19,8,6,8,7,25.0,25.0,57.14,36.13,14.75,4.18,39.63,1.43,4.94,2.0,24.57
PIT,2024-07-29,20,9,14,9,16,66.67,55.56,56.25,17.78,13.67,3.91,20.22,1.81,1.32,5.31,22.06
PIT,2024-07-29,21,4,9,6,10,83.33,83.33,60.0,8.5,14.67,4.83,10.5,1.1,1.12,6.0,27.2
PIT,2024-07-29,22,1,11,3,11,66.67,66.67,54.55,23.33,17.0,6.4,27.67,1.18,2.22,5.27,31.73
PIT,2024-07-29,23,0,13,0,13,0.0,0.0,38.46,0.0,0.0,0.0,0.0,1.08,2.09,1.31,35.38
PIT,2024-07-30,0,0,4,0,4,0.0,0.0,25.0,0.0,0.0,0.0,0.0,0.0,2.6,0.0,59.0
PIT,2024-07-30,1,0,2,0,2,0.0,0.0,50.0,0.0,0.0,0.0,0.0,4.5,1.95,0.0,73.5
PIT,2024-07-30,2,0,0,0,0,0.0,0.0,0.0,0.0,0.0,0.0,0.0,0.0,0.0,0.0,0.0
PIT,2024-07-30,3,0,0,1,0,100.0,100.0,0.0,0.0,10.0,0.0,0.0,0.0,0.0,0.0,0.0
PIT,2024-07-30,4,0,2,0,3,0.0,0.0,66.67,0.0,0.0,0.0,0.0,0.0,4.17,2.33,11.33
PIT,2024-07-30,5,4,2,4,5,75.0,75.0,60.0,9.0,17.0,6.52,15.25,0.4,2.52,3.2,31.4
PIT,2024-07-30,6,21,2,23,2,91.3,91.3,50.0,2.09,16.48,6.11,4.3,4.5,1.05,0.0,9.0
PIT,2024-07-30,7,13,2,17,1,70.59,64.71,100.0,13.29,14.29,3.84,14.88,0.0,4.5,0.0,0.0
PIT,2024-07-30,8,12,4,16,4,81.25,75.0,75.0,7.94,15.38,4.97,9.44,4.75,2.48,12.75,9.5
PIT,2024-07-30,9,3,4,4,6,75.0,75.0,50.0,11.75,11.0,1.63,12.25,3.67,2.4,7.5,19.0
PIT,2024-07-30,10,7,12,8,13,87.5,75.0,76.92,2.88,14.5,3.99,5.0,2.46,2.36,2.38,24.15
PIT,2024-07-30,11,10,6,9,5,77.78,77.78,100.0,22.56,14.22,3.44,24.89,3.2,4.14,3.4,1.4
PIT,2024-07-30,12,8,8,10,9,80.0,70.0,88.89,8.9,15.7,5.56,12.3,4.0,1.92,3.44,4.33
PIT,2024-07-30,13,6,4,7,5,85.71,71.43,60.0,6.14,19.43,8.96,14.29,3.0,1.88,0.6,40.4
PIT,2024-07-30,14,5,4,6,7,83.33,66.67,71.43,29.0,14.17,4.53,31.83,5.29,3.9,4.43,7.14
PIT,2024-07-30,15,2,12,4,14,100.0,75.0,71.43,0.0,15.75,6.3,5.0,2.21,1.54,3.5,17.71
PIT,2024-07-30,16,17,15,21,17,76.19,76.19,41.18,19.0,16.43,6.15,23.38,13.0,1.73,18.24,32.82
PIT,2024-07-30,17,11,5,11,6,45.45,45.45,83.33,21.55,20.55,10.04,29.64,1.0,2.45,4.0,9.33
PIT,2024-07-30,18,9,9,10,13,60.0,40.0,46.15,38.4,19.6,9.02,47.0,7.0,0.61,15.69,41.23
PIT,2024-07-30,19,5,6,6,6,66.67,50.0,16.67,44.83,16.17,5.8,49.67,0.5,1.32,21.0,82.17
PIT,2024-07-30,20,7,11,7,16,42.86,42.86,62.5,52.71,16.57,7.3,59.43,1.25,1.02,3.38,28.25
PIT,2024-07-30,21,1,9,2,10,100.0,50.0,10.0,6.0,19.5,8.9,12.5,2.9,4.16,30.0,110.2
PIT,2024-07-30,22,2,12,4,12,75.0,75.0,50.0,30.0,19.75,9.15,38.75,2.17,3.82,8.58,28.5
PIT,2024-07-30,23,0,8,0,7,0.0,0.0,42.86,0.0,0.0,0.0,0.0,5.71,2.0,3.86,72.43
PIT,2024-07-31,0,0,5,0,3,0.0,0.0,66.67,0.0,0.0,0.0,0.0,1.67,1.3,16.33,16.67
PIT,2024-07-31,1,0,2,0,3,0.0,0.0,66.67,0.0,0.0,0.0,0.0,7.67,1.1,7.67,9.0
PIT,2024-07-31,2,0,0,1,1,0.0,0.0,100.0,16.0,15.0,4.4,20.0,0.0,2.5,0.0,0.0
PIT,2024-07-31,3,0,0,1,1,100.0,100.0,100.0,0.0,10.0,0.0,0.0,1.0,0.5,0.0,0.0
PIT,2024-07-31,4,0,2,0,3,0.0,0.0,100.0,0.0,0.0,0.0,0.0,1.33,1.0,0.0,0.0
PIT,2024-07-31,5,5,2,5,5,100.0,100.0,60.0,0.0,13.0,2.62,0.2,1.2,1.32,1.6,15.8
PIT,2024-07-31,6,20,2,25,3,92.0,84.0,66.67,2.32,18.24,7.88,7.32,0.0,3.6,24.0,20.67
PIT,2024-07-31,7,13,2,19,2,94.74,89.47,100.0,2.21,16.47,6.0,6.16,1.0,4.0,5.0,0.0
PIT,2024-07-31,8,12,5,13,6,76.92,69.23,66.67,7.31,21.08,10.5,15.46,2.33,2.98,4.67,12.67
PIT,2024-07-31,9,4,4,7,4,85.71,85.71,100.0,2.71,18.43,8.36,7.29,0.25,1.85,0.25,0.0
PIT,2024-07-31,10,7,12,9,14,100.0,88.89,78.57,0.78,16.33,5.76,4.33,2.07,2.94,2.0,15.5
PIT,2024-07-31,11,10,5,11,6,81.82,81.82,66.67,13.36,13.64,3.18,15.73,4.83,2.53,9.17,16.33
PIT,2024-07-31,12,8,10,9,11,77.78,77.78,81.82,15.44,19.56,9.37,20.78,2.91,3.13,3.36,8.36
PIT,2024-07-31,13,8,5,9,7,66.67,66.67,85.71,10.56,17.22,6.79,14.33,3.57,1.67,3.14,25.29
PIT,2024-07-31,14,6,4,6,4,83.33,66.67,75.0,29.17,15.5,5.88,34.17,0.75,1.35,0.0,9.5
PIT,2024-07-31,15,2,12,4,13,50.0,50.0,53.85,12.75,12.5,2.63,15.0,1.92,2.02,9.0,40.0
PIT,2024-07-31,16,17,15,18,19,50.0,50.0,57.89,40.11,15.67,5.42,44.11,2.63,2.49,7.47,24.84
PIT,2024-07-31,17,10,5,11,6,54.55,45.45,50.0,59.27,16.73,6.27,65.09,1.83,3.58,3.67,9.0
PIT,2024-07-31,18,9,10,11,16,63.64,54.55,56.25,33.91,17.73,7.02,40.55,1.75,2.81,4.44,31.25
PIT,2024-07-31,19,6,5,5,6,20.0,20.0,83.33,33.4,16.0,5.56,38.4,1.0,2.05,1.5,5.67
PIT,2024-07-31,20,6,11,7,13,71.43,71.43,61.54,5.57,14.0,4.8,8.14,0.62,2.88,2.46,69.54
PIT,2024-07-31,21,1,9,2,10,100.0,100.0,60.0,0.0,17.0,6.4,5.0,1.8,1.66,6.4,32.4
PIT,2024-07-31,22,1,11,4,11,75.0,75.0,63.64,11.5,14.0,3.55,14.75,2.0,0.91,3.45,37.64
PIT,2024-07-31,23,0,7,1,9,100.0,100.0,55.56,0.0,10.0,0.0,0.0,0.56,0.44,1.89,27.89
PIT,2024-08-01,0,0,4,0,6,0.0,0.0,50.0,0.0,0.0,0.0,0.0,1.0,0.98,1.67,28.5
PIT,2024-08-01,1,0,1,0,3,0.0,0.0,66.67,0.0,0.0,0.0,0.0,1.67,1.1,1.0,12.67
PIT,2024-08-01,2,0,0,0,1,0.0,0.0,0.0,0.0,0.0,0.0,0.0,0.0,0.0,0.0,39.0
PIT,2024-08-01,3,0,0,1,0,100.0,100.0,0.0,0.0,20.0,9.4,9.0,0.0,0.0,0.0,0.0
PIT,2024-08-01,4,0,2,1,3,100.0,100.0,100.0,0.0,6.0,0.0,0.0,2.33,0.67,0.0,0.0
PIT,2024-08-01,5,6,2,6,7,100.0,100.0,85.71,2.33,13.0,3.33,5.0,0.86,1.93,1.43,2.71
PIT,2024-08-01,6,21,2,25,2,92.0,88.0,50.0,3.12,15.88,5.35,6.24,0.0,2.05,14.5,11.0
PIT,2024-08-01,7,14,1,20,1,85.0,80.0,100.0,5.75,14.6,4.34,8.65,1.0,1.5,0.0,0.0
PIT,2024-08-01,8,9,4,13,5,100.0,84.62,100.0,0.23,21.46,10.66,7.69,0.2,2.2,3.8,3.8
PIT,2024-08-01,9,2,6,4,10,75.0,75.0,50.0,7.75,17.0,6.97,13.0,2.5,1.86,5.5,79.4
PIT,2024-08-01,10,10,10,13,10,61.54,53.85,90.0,8.23,18.38,8.08,13.77,3.2,3.93,1.3,4.0
PIT,2024-08-01,11,9,8,11,11,90.91,81.82,72.73,1.36,16.09,5.28,5.73,2.36,2.52,4.18,7.55
PIT,2024-08-01,12,10,11,13,11,76.92,61.54,81.82,20.15,15.23,4.89,24.08,1.0,2.88,0.64,6.18
PIT,2024-08-01,13,10,6,10,9,90.0,80.0,77.78,4.9,16.0,5.8,8.7,3.44,2.11,4.22,8.78
PIT,2024-08-01,14,6,9,10,12,40.0,40.0,66.67,23.4,15.8,5.44,26.8,2.0,0.59,2.75,14.92
PIT,2024-08-01,15,6,12,6,13,100.0,100.0,84.62,0.83,14.0,4.93,3.5,0.92,1.72,2.46,7.92
PIT,2024-08-01,16,15,13,17,19,70.59,58.82,68.42,21.88,16.53,5.98,26.35,2.32,3.56,11.89,22.05
PIT,2024-08-01,17,10,7,10,10,50.0,40.0,40.0,34.4,19.5,9.15,42.4,2.2,2.31,3.2,28.3
PIT,2024-08-01,18,12,11,13,13,53.85,38.46,69.23,41.08,16.08,5.51,45.77,2.85,3.42,5.23,18.92
PIT,2024-08-01,19,7,6,8,6,62.5,62.5,50.0,18.88,14.63,4.05,22.38,5.17,1.18,11.17,23.5
PIT,2024-08-01,20,8,11,8,17,50.0,37.5,29.41,21.5,17.13,7.48,25.63,10.0,1.64,18.12,95.76
PIT,2024-08-01,21,3,9,6,11,66.67,66.67,36.36,27.0,14.5,4.67,30.33,1.64,2.34,8.09,136.36
PIT,2024-08-01,22,2,12,4,13,75.0,75.0,38.46,30.0,14.5,3.9,33.25,4.92,4.22,11.92,42.62
PIT,2024-08-01,23,0,13,0,13,0.0,0.0,61.54,0.0,0.0,0.0,0.0,2.85,1.12,2.23,29.08
PIT,2024-08-02,0,0,4,0,4,0.0,0.0,75.0,0.0,0.0,0.0,0.0,1.0,1.88,4.75,7.25
PIT,2024-08-02,1,0,1,0,2,0.0,0.0,100.0,0.0,0.0,0.0,0.0,0.0,0.95,0.0,0.0
PIT,2024-08-02,2,0,0,0,0,0.0,0.0,0.0,0.0,0.0,0.0,0.0,0.0,0.0,0.0,0.0
PIT,2024-08-02,3,0,0,1,0,0.0,0.0,0.0,65.0,16.0,5.4,70.0,0.0,0.0,0.0,0.0
PIT,2024-08-02,4,0,2,0,3,0.0,0.0,100.0,0.0,0.0,0.0,0.0,0.0,5.5,2.0,2.67
PIT,2024-08-02,5,7,2,8,6,87.5,87.5,50.0,5.38,13.38,3.41,7.13,1.5,2.58,3.83,21.0
PIT,2024-08-02,6,19,2,21,2,80.95,76.19,50.0,19.86,16.76,6.25,24.67,1.0,1.55,2.5,85.5
PIT,2024-08-02,7,15,3,17,3,76.47,52.94,66.67,19.18,17.41,7.15,25.71,10.0,3.5,10.67,45.33
PIT,2024-08-02,8,12,6,13,7,84.62,69.23,42.86,20.77,19.15,8.35,26.62,7.0,2.63,13.57,19.71
PIT,2024-08-02,9,4,5,9,7,88.89,66.67,85.71,12.56,19.89,9.54,20.0,1.57,2.01,1.71,4.86
PIT,2024-08-02,10,10,12,13,11,76.92,69.23,63.64,8.46,16.23,5.97,12.69,1.82,1.34,2.55,14.36
PIT,2024-08-02,11,10,7,10,7,50.0,50.0,42.86,36.3,14.8,3.79,39.0,7.43,1.1,12.86,36.43
PIT,2024-08-02,12,9,10,8,13,62.5,25.0,53.85,17.5,19.88,9.74,26.75,3.62,1.25,4.77,17.38
PIT,2024-08-02,13,9,5,11,9,72.73,63.64,66.67,12.18,29.36,19.13,30.0,4.44,1.02,4.67,18.89
PIT,2024-08-02,14,5,9,5,10,60.0,60.0,50.0,27.0,14.0,3.98,29.4,4.3,0.62,9.4,33.0
PIT,2024-08-02,15,6,14,6,15,83.33,50.0,60.0,7.0,20.33,11.27,15.83,2.53,3.11,4.4,65.0
PIT,2024-08-02,16,16,12,14,9,71.43,64.29,66.67,31.86,13.79,3.29,34.0,3.44,5.36,3.11,42.67
PIT,2024-08-02,17,11,8,10,12,40.0,40.0,58.33,79.3,14.3,3.8,82.4,4.83,1.7,11.67,37.67
PIT,2024-08-02,18,12,13,10,14,60.0,60.0,64.29,60.4,17.9,7.2,65.9,1.43,2.53,13.07,31.43
PIT,2024-08-02,19,8,8,7,10,57.14,42.86,40.0,46.0,17.57,7.0,51.86,3.3,5.21,7.3,41.3
PIT,2024-08-02,20,10,13,10,17,60.0,50.0,35.29,39.2,16.9,7.06,45.2,8.47,2.49,12.24,32.41
PIT,2024-08-02,21,4,8,7,4,42.86,42.86,75.0,16.29,15.71,5.77,20.29,1.5,1.68,0.75,46.25
PIT,2024-08-02,22,1,11,1,8,100.0,100.0,37.5,13.0,11.0,0.4,13.0,2.25,2.61,4.75,55.38
PIT,2024-08-02,23,0,13,2,13,50.0,50.0,38.46,17.0,11.0,2.7,19.5,1.0,2.21,3.85,44.92
PIT,2024-08-03,0,0,4,0,3,0.0,0.0,33.33,0.0,0.0,0.0,0.0,2.67,1.97,6.67,52.33
PIT,2024-08-03,1,0,0,0,2,0.0,0.0,50.0,0.0,0.0,0.0,0.0,3.5,1.95,2.5,27.0
PIT,2024-08-03,2,0,0,0,2,0.0,0.0,100.0,0.0,0.0,0.0,0.0,3.5,4.45,4.5,0.0
PIT,2024-08-03,3,0,0,1,0,100.0,100.0,0.0,0.0,10.0,0.0,0.0,0.0,0.0,0.0,0.0
PIT,2024-08-03,4,0,2,0,2,0.0,0.0,50.0,0.0,0.0,0.0,0.0,1.0,0.25,2.5,18.5
PIT,2024-08-03,5,6,1,7,3,71.43,71.43,100.0,9.57,13.0,3.5,12.71,0.0,1.33,0.0,2.0
PIT,2024-08-03,6,20,2,19,4,78.95,78.95,75.0,34.63,15.89,5.62,38.37,0.0,4.03,1.25,11.25
PIT,2024-08-03,7,12,3,16,1,75.0,68.75,100.0,26.88,15.5,4.89,30.25,3.0,1.5,3.0,0.0
PIT,2024-08-03,8,9,5,14,5,78.57,85.71,80.0,15.07,14.0,4.09,16.14,0.2,3.98,6.4,22.8
PIT,2024-08-03,9,6,5,8,5,62.5,62.5,100.0,6.5,16.25,6.3,11.0,0.6,1.08,0.4,0.0
PIT,2024-08-03,10,9,8,11,7,81.82,54.55,85.71,7.82,21.09,10.65,15.45,1.14,1.31,0.0,29.0
PIT,2024-08-03,11,7,8,7,9,85.71,85.71,77.78,29.71,16.43,5.36,33.43,1.56,1.13,1.89,15.89
PIT,2024-08-03,12,8,8,10,9,70.0,20.0,100.0,17.6,23.1,13.24,30.0,3.44,3.13,2.44,0.89
PIT,2024-08-03,13,6,5,10,6,40.0,10.0,50.0,68.6,20.6,11.0,79.0,5.17,3.45,9.0,12.5
PIT,2024-08-03,14,7,5,7,5,14.29,14.29,40.0,59.86,18.14,8.53,67.71,6.4,3.46,9.0,52.4
PIT,2024-08-03,15,3,12,4,14,0.0,0.0,57.14,44.75,13.5,4.63,49.5,9.86,2.02,16.64,55.36
PIT,2024-08-03,16,15,11,15,15,66.67,46.67,66.67,26.87,17.07,6.73,32.27,5.73,4.55,9.33,22.2
PIT,2024-08-03,17,9,8,8,14,0.0,0.0,64.29,102.0,16.38,6.76,108.5,30.29,3.04,12.79,19.0
PIT,2024-08-03,18,11,10,11,13,45.45,36.36,53.85,34.09,15.91,6.25,40.27,2.62,2.47,15.85,63.0
PIT,2024-08-03,19,5,5,10,10,10.0,10.0,50.0,110.6,16.3,6.85,117.4,3.1,4.56,8.3,30.5
PIT,2024-08-03,20,4,7,8,7,37.5,37.5,57.14,47.63,15.5,5.46,49.13,0.0,4.66,5.29,42.29
PIT,2024-08-03,21,2,8,2,5,0.0,0.0,20.0,39.0,13.0,3.55,42.5,2.0,4.4,4.0,92.8
PIT,2024-08-03,22,1,12,2,10,50.0,50.0,20.0,32.5,11.5,1.2,33.5,0.2,4.77,4.6,66.7
PIT,2024-08-03,23,1,11,0,9,0.0,0.0,55.56,0.0,0.0,0.0,0.0,2.67,5.03,7.33,111.78
PIT,2024-08-04,0,0,6,0,4,0.0,0.0,50.0,0.0,0.0,0.0,0.0,0.25,8.6,2.25,49.5
PIT,2024-08-04,1,0,2,0,1,0.0,0.0,100.0,0.0,0.0,0.0,0.0,0.0,2.5,0.0,0.0
PIT,2024-08-04,2,0,0,1,0,100.0,100.0,0.0,0.0,24.0,13.4,13.0,0.0,0.0,0.0,0.0
PIT,2024-08-04,3,0,0,0,1,0.0,0.0,0.0,0.0,0.0,0.0,0.0,1.0,3.5,7.0,115.0
PIT,2024-08-04,4,0,2,0,2,0.0,0.0,100.0,0.0,0.0,0.0,0.0,0.0,3.5,1.5,0.5
PIT,2024-08-04,5,6,2,5,1,80.0,80.0,0.0,5.4,13.2,3.44,7.8,5.0,0.5,17.0,26.0
PIT,2024-08-04,6,21,1,18,0,66.67,66.67,0.0,59.33,16.0,5.7,63.89,0.0,0.0,0.0,0.0
PIT,2024-08-04,7,11,1,12,2,75.0,66.67,50.0,33.75,18.92,8.13,40.33,0.5,2.25,9.0,8.0
PIT,2024-08-04,8,10,1,12,2,66.67,58.33,100.0,33.67,15.42,4.72,37.0,0.0,3.5,2.5,6.5
PIT,2024-08-04,9,2,7,5,7,80.0,60.0,85.71,9.0,15.8,5.66,14.2,1.0,4.11,2.71,30.29
PIT,2024-08-04,10,10,10,14,9,71.43,71.43,88.89,41.86,16.43,6.21,45.57,2.0,3.41,0.78,6.78
PIT,2024-08-04,11,9,9,10,7,50.0,50.0,85.71,31.3,15.1,4.47,35.0,0.86,2.31,0.0,4.71
PIT,2024-08-04,12,12,13,11,15,81.82,72.73,73.33,6.18,16.0,6.1,10.91,1.87,4.05,3.6,7.8
PIT,2024-08-04,13,9,5,7,8,42.86,28.57,62.5,142.14,16.57,5.87,147.43,2.5,4.05,2.75,39.13
PIT,2024-08-04,14,4,5,6,7,50.0,50.0,85.71,30.67,12.17,2.07,31.67,2.86,2.34,3.57,11.29
PIT,2024-08-04,15,4,9,4,9,100.0,100.0,66.67,0.0,16.75,6.72,5.5,5.67,1.94,6.11,55.33
PIT,2024-08-04,16,11,11,11,14,72.73,72.73,57.14,14.73,14.55,3.92,17.18,3.5,6.29,16.36,38.14
PIT,2024-08-04,17,9,10,7,11,28.57,28.57,45.45,62.14,14.71,4.37,66.43,4.18,3.91,9.0,49.55
PIT,2024-08-04,18,13,7,13,14,53.85,38.46,71.43,34.92,20.85,10.48,44.62,2.64,5.76,7.29,26.57
PIT,2024-08-04,19,8,7,14,9,35.71,35.71,44.44,83.21,16.29,6.3,87.21,1.0,3.0,4.33,24.89
PIT,2024-08-04,20,6,12,6,11,66.67,33.33,45.45,33.33,16.5,6.78,40.0,0.64,1.75,0.73,36.55
PIT,2024-08-04,21,2,10,3,7,33.33,33.33,42.86,76.67,12.33,3.27,80.0,2.14,3.17,0.0,74.0
PIT,2024-08-04,22,2,8,1,5,0.0,0.0,40.0,214.0,12.0,1.4,215.0,3.0,4.5,2.2,48.6
PIT,2024-08-04,23,0,13,0,9,0.0,0.0,44.44,0.0,0.0,0.0,0.0,1.33,1.47,2.67,32.22
PIT,2024-08-05,0,0,4,0,5,0.0,0.0,40.0,0.0,0.0,0.0,0.0,3.8,7.0,8.0,69.0
PIT,2024-08-05,1,0,0,0,4,0.0,0.0,25.0,0.0,0.0,0.0,0.0,3.5,1.17,3.25,29.75
PIT,2024-08-05,2,0,0,0,0,0.0,0.0,0.0,0.0,0.0,0.0,0.0,0.0,0.0,0.0,0.0
PIT,2024-08-05,3,0,0,1,0,100.0,100.0,0.0,0.0,10.0,0.0,0.0,0.0,0.0,0.0,0.0
PIT,2024-08-05,4,0,2,0,2,0.0,0.0,50.0,0.0,0.0,0.0,0.0,0.0,0.0,0.0,29.5
PIT,2024-08-05,5,6,2,5,2,60.0,60.0,50.0,19.2,12.2,2.34,21.6,0.0,0.25,0.0,16.0
PIT,2024-08-05,6,20,2,19,1,89.47,89.47,0.0,3.0,14.26,3.85,5.84,0.0,0.6,14.0,33.0
PIT,2024-08-05,7,16,3,16,2,68.75,68.75,100.0,12.56,22.75,12.41,24.63,2.0,5.5,7.0,3.0
PIT,2024-08-05,8,12,5,11,5,54.55,45.45,80.0,54.64,14.64,3.85,56.73,4.4,3.7,13.6,32.8
PIT,2024-08-05,9,3,4,5,5,60.0,60.0,40.0,31.0,16.0,5.52,34.0,3.4,1.36,3.4,38.8
PIT,2024-08-05,10,10,14,10,13,80.0,80.0,61.54,15.7,13.3,3.17,17.7,2.85,3.03,7.0,40.08
PIT,2024-08-05,11,11,7,15,7,60.0,60.0,71.43,36.67,15.67,5.03,40.93,2.43,1.54,3.71,20.0
PIT,2024-08-05,12,10,12,9,10,44.44,33.33,80.0,45.67,21.44,11.26,55.33,3.4,3.21,1.7,21.9
PIT,2024-08-05,13,10,5,9,7,55.56,55.56,42.86,31.11,13.22,2.81,32.67,4.43,0.74,2.29,38.14
PIT,2024-08-05,14,5,6,6,6,66.67,33.33,33.33,35.33,17.83,7.63,42.17,3.67,1.82,3.17,57.67
PIT,2024-08-05,15,2,11,1,11,100.0,100.0,27.27,0.0,13.0,2.4,0.0,2.18,1.12,4.0,30.36
PIT,2024-08-05,16,15,15,15,16,33.33,33.33,68.75,28.33,15.93,5.6,33.47,3.06,1.53,4.31,40.19
PIT,2024-08-05,17,13,9,11,11,54.55,36.36,90.91,48.0,24.0,13.7,60.0,1.45,3.55,2.09,9.64
PIT,2024-08-05,18,13,13,15,16,73.33,60.0,25.0,16.07,15.87,5.67,20.6,3.31,2.28,4.0,41.88
PIT,2024-08-05,19,6,5,6,4,33.33,0.0,75.0,42.17,15.0,4.62,46.67,1.0,1.8,0.0,13.5
PIT,2024-08-05,20,7,12,4,14,75.0,75.0,42.86,11.5,14.25,3.68,14.25,1.0,2.79,3.5,26.0
PIT,2024-08-05,21,2,13,4,13,75.0,75.0,46.15,15.25,15.25,4.65,17.75,1.92,2.72,2.85,52.31
PIT,2024-08-05,22,1,10,3,9,66.67,66.67,11.11,6.0,18.0,7.4,10.67,1.44,2.04,5.78,38.22
PIT,2024-08-05,23,0,9,0,8,0.0,0.0,37.5,0.0,0.0,0.0,0.0,0.75,0.26,3.88,26.75
PIT,2024-08-06,0,0,4,0,3,0.0,0.0,66.67,0.0,0.0,0.0,0.0,5.0,0.5,0.0,6.0
PIT,2024-08-06,1,0,0,0,0,0.0,0.0,0.0,0.0,0.0,0.0,0.0,0.0,0.0,0.0,0.0
PIT,2024-08-06,2,0,0,0,1,0.0,0.0,100.0,0.0,0.0,0.0,0.0,0.0,1.5,0.0,0.0
PIT,2024-08-06,3,0,0,1,0,100.0,100.0,0.0,0.0,10.0,0.0,0.0,0.0,0.0,0.0,0.0
PIT,2024-08-06,4,0,2,0,2,0.0,0.0,50.0,0.0,0.0,0.0,0.0,0.0,1.5,0.0,59.0
PIT,2024-08-06,5,5,2,4,5,75.0,75.0,40.0,29.5,14.25,3.2,30.5,1.2,2.2,0.8,16.8
PIT,2024-08-06,6,17,3,18,2,83.33,83.33,100.0,6.67,14.0,3.73,8.22,1.0,0.0,0.0,0.0
PIT,2024-08-06,7,15,2,17,1,76.47,58.82,100.0,8.24,14.71,4.38,11.29,1.0,3.5,0.0,0.0
PIT,2024-08-06,8,12,3,13,6,76.92,76.92,66.67,6.85,15.69,4.75,9.0,3.5,1.5,5.0,14.5
PIT,2024-08-06,9,4,3,4,5,100.0,100.0,80.0,0.0,12.5,3.63,0.75,2.8,1.0,1.2,5.4
PIT,2024-08-06,10,9,10,12,12,75.0,75.0,83.33,9.67,13.42,2.93,10.83,2.5,1.44,1.33,8.83
PIT,2024-08-06,11,8,9,8,10,62.5,50.0,70.0,18.0,16.88,6.13,23.25,3.2,1.25,1.6,8.7
PIT,2024-08-06,12,8,6,8,8,75.0,62.5,50.0,47.25,16.88,7.1,53.25,2.13,1.31,4.38,11.38
PIT,2024-08-06,13,8,4,9,6,66.67,66.67,83.33,75.44,15.78,5.28,79.22,8.33,0.9,2.33,5.33
PIT,2024-08-06,14,4,7,6,9,50.0,50.0,77.78,51.83,16.83,7.0,56.33,2.78,2.04,3.44,36.78
PIT,2024-08-06,15,4,11,6,12,16.67,16.67,41.67,134.17,13.33,3.23,137.0,8.58,14.9,22.08,26.67
PIT,2024-08-06,16,14,13,13,13,0.0,0.0,15.38,60.92,15.23,4.96,65.85,8.38,15.42,29.31,39.77
PIT,2024-08-06,17,13,8,9,11,11.11,11.11,81.82,85.56,16.78,6.68,92.0,3.45,11.35,21.27,21.64
PIT,2024-08-06,18,11,12,9,14,55.56,44.44,42.86,53.78,14.78,5.38,59.0,5.07,13.51,15.5,50.5
PIT,2024-08-06,19,6,4,5,5,0.0,0.0,0.0,196.2,12.2,2.38,198.0,53.6,10.72,58.8,101.0
PIT,2024-08-06,20,3,12,3,10,66.67,66.67,50.0,11.67,12.33,2.47,13.33,2.3,7.16,5.3,35.9
PIT,2024-08-06,21,1,9,5,6,40.0,40.0,0.0,20.0,12.8,2.52,22.2,1.0,2.43,0.5,115.33
PIT,2024-08-06,22,2,11,4,11,25.0,25.0,54.55,50.5,13.75,3.3,53.25,3.55,3.4,3.82,27.82
PIT,2024-08-06,23,0,7,1,5,100.0,100.0,80.0,0.0,10.0,0.0,0.0,4.6,3.12,2.0,90.8
PIT,2024-08-07,0,0,5,0,5,0.0,0.0,40.0,0.0,0.0,0.0,0.0,1.8,1.78,1.0,15.0
PIT,2024-08-07,1,0,0,0,0,0.0,0.0,0.0,0.0,0.0,0.0,0.0,0.0,0.0,0.0,0.0
PIT,2024-08-07,2,0,0,0,1,0.0,0.0,100.0,0.0,0.0,0.0,0.0,0.0,2.5,0.0,0.0
PIT,2024-08-07,3,0,0,1,0,0.0,0.0,0.0,42.0,13.0,2.4,44.0,0.0,0.0,0.0,0.0
PIT,2024-08-07,4,0,2,0,2,0.0,0.0,100.0,0.0,0.0,0.0,0.0,1.0,0.25,0.5,0.0
PIT,2024-08-07,5,4,2,5,4,60.0,60.0,50.0,6.6,13.6,2.92,7.8,0.0,1.77,4.0,15.25
PIT,2024-08-07,6,17,3,21,4,85.71,76.19,50.0,3.62,16.67,6.3,8.05,4.25,3.53,6.0,21.25
PIT,2024-08-07,7,15,2,19,3,84.21,78.95,100.0,17.58,15.84,5.49,21.11,2.67,3.83,7.33,0.0
PIT,2024-08-07,8,11,4,12,5,75.0,75.0,60.0,24.83,17.58,6.77,27.92,4.0,4.3,9.8,65.8
PIT,2024-08-07,9,5,3,8,6,75.0,75.0,66.67,11.0,12.5,2.88,12.0,2.83,5.13,3.67,9.0
PIT,2024-08-07,10,9,9,10,9,100.0,100.0,100.0,0.6,13.4,3.27,2.5,2.67,2.37,1.56,0.78
PIT,2024-08-07,11,7,10,7,11,100.0,100.0,90.91,0.0,11.86,1.46,0.43,4.64,1.95,5.0,4.18
PIT,2024-08-07,12,9,9,11,10,81.82,72.73,60.0,6.64,13.36,3.41,9.36,4.4,3.14,7.1,35.5
PIT,2024-08-07,13,11,4,15,6,93.33,86.67,66.67,20.2,14.2,4.15,23.67,4.0,3.87,5.5,11.5
PIT,2024-08-07,14,5,6,7,8,100.0,100.0,87.5,0.14,11.57,1.86,0.86,2.75,2.61,1.25,10.25
PIT,2024-08-07,15,3,12,5,15,100.0,80.0,66.67,2.0,15.4,5.3,7.2,2.0,2.57,7.13,20.73
PIT,2024-08-07,16,15,13,17,17,35.29,35.29,70.59,34.53,13.47,3.49,37.41,3.41,3.26,9.24,21.24
PIT,2024-08-07,17,12,8,13,9,84.62,76.92,88.89,17.46,13.62,3.85,20.46,1.44,5.09,5.89,6.11
PIT,2024-08-07,18,11,13,12,19,66.67,66.67,57.89,34.83,15.17,5.36,39.67,3.26,3.12,8.95,43.21
PIT,2024-08-07,19,7,3,8,7,37.5,25.0,28.57,43.0,22.5,12.35,55.38,17.29,3.3,22.14,44.14
PIT,2024-08-07,20,2,12,5,16,40.0,20.0,75.0,36.2,23.8,14.44,50.6,2.13,2.74,4.63,10.31
PIT,2024-08-07,21,1,10,4,11,50.0,50.0,27.27,14.75,14.0,3.55,18.0,4.73,4.83,18.0,54.0
PIT,2024-08-07,22,2,10,5,11,80.0,80.0,63.64,12.2,12.2,2.24,12.4,2.82,3.72,9.18,22.18
PIT,2024-08-07,23,0,6,0,6,0.0,0.0,16.67,0.0,0.0,0.0,0.0,2.83,1.93,4.67,68.67
PIT,2024-08-08,0,0,4,0,5,0.0,0.0,40.0,0.0,0.0,0.0,0.0,0.2,5.58,2.0,45.2
PIT,2024-08-08,1,0,0,1,1,100.0,100.0,0.0,0.0,11.0,0.2,0.0,0.0,2.5,4.0,19.0
PIT,2024-08-08,2,0,0,0,0,0.0,0.0,0.0,0.0,0.0,0.0,0.0,0.0,0.0,0.0,0.0
PIT,2024-08-08,3,0,0,1,0,100.0,100.0,0.0,0.0,18.0,7.4,7.0,0.0,0.0,0.0,0.0
PIT,2024-08-08,4,0,2,0,3,0.0,0.0,33.33,0.0,0.0,0.0,0.0,0.0,2.17,16.0,77.33
PIT,2024-08-08,5,6,2,6,5,83.33,83.33,100.0,6.33,11.33,2.3,6.83,0.0,4.72,1.2,2.4
PIT,2024-08-08,6,19,2,21,2,95.24,95.24,50.0,2.19,12.38,2.38,2.38,0.0,2.05,1.5,120.0
PIT,2024-08-08,7,16,2,20,2,75.0,70.0,50.0,14.45,12.3,2.36,16.1,4.5,4.0,7.5,17.5
PIT,2024-08-08,8,10,3,13,5,69.23,61.54,0.0,35.31,17.31,6.68,39.31,6.4,4.7,13.4,111.8
PIT,2024-08-08,9,2,5,4,5,75.0,75.0,60.0,12.25,15.25,5.38,16.5,4.0,2.24,8.2,25.2
PIT,2024-08-08,10,10,12,11,14,72.73,54.55,85.71,12.27,15.36,4.79,16.27,1.43,3.08,4.43,6.71
PIT,2024-08-08,11,10,8,11,12,100.0,100.0,58.33,2.0,12.0,2.02,2.91,6.67,3.94,11.0,20.67
PIT,2024-08-08,12,8,12,12,14,58.33,58.33,57.14,21.25,13.33,3.19,23.83,2.43,2.65,7.29,19.43
PIT,2024-08-08,13,13,7,15,10,73.33,53.33,60.0,13.33,23.07,12.71,23.4,2.4,4.74,5.0,15.3
PIT,2024-08-08,14,6,6,8,8,50.0,50.0,50.0,18.5,15.13,4.97,22.13,4.13,2.39,5.38,67.13
PIT,2024-08-08,15,3,10,4,11,25.0,25.0,72.73,46.5,12.0,1.8,47.5,3.91,5.45,8.0,32.09
PIT,2024-08-08,16,13,14,16,20,56.25,56.25,60.0,33.5,13.19,3.09,36.0,3.4,4.1,7.05,18.75
PIT,2024-08-08,17,13,8,15,11,60.0,53.33,54.55,43.07,18.4,8.51,50.13,1.18,5.27,6.27,31.27
PIT,2024-08-08,18,13,13,14,16,42.86,42.86,43.75,41.29,16.5,6.51,47.29,3.31,4.3,11.19,32.81
PIT,2024-08-08,19,7,5,7,6,28.57,14.29,66.67,52.71,22.0,11.46,64.14,1.5,3.7,1.83,27.33
PIT,2024-08-08,20,6,9,7,13,42.86,28.57,61.54,34.57,27.14,16.93,46.86,2.15,2.57,5.69,25.46
PIT,2024-08-08,21,1,13,5,13,60.0,60.0,46.15,20.6,14.2,3.6,22.0,2.38,4.68,9.92,50.38
PIT,2024-08-08,22,2,11,3,10,33.33,33.33,70.0,29.0,12.33,2.27,30.0,2.2,5.39,9.4,31.0
PIT,2024-08-08,23,0,10,0,12,0.0,0.0,66.67,0.0,0.0,0.0,0.0,1.17,2.21,4.08,21.5
PIT,2024-08-09,0,0,4,1,4,0.0,0.0,25.0,27.0,13.0,2.4,29.0,0.75,4.35,2.25,32.75
PIT,2024-08-09,1,0,0,0,0,0.0,0.0,0.0,0.0,0.0,0.0,0.0,0.0,0.0,0.0,0.0
PIT,2024-08-09,2,0,0,0,1,0.0,0.0,100.0,0.0,0.0,0.0,0.0,0.0,2.5,1.0,0.0
PIT,2024-08-09,4,0,2,0,3,0.0,0.0,100.0,0.0,0.0,0.0,0.0,0.67,2.83,1.0,0.0
PIT,2024-08-09,5,6,2,6,5,83.33,83.33,80.0,10.17,10.17,1.23,10.17,0.4,5.52,2.4,9.2
PIT,2024-08-09,6,18,2,17,2,88.24,82.35,50.0,3.65,14.24,3.93,6.24,1.0,3.55,0.0,181.5
PIT,2024-08-09,7,17,2,19,2,73.68,68.42,100.0,8.89,13.68,3.67,11.58,4.0,4.5,8.0,3.5
PIT,2024-08-09,8,11,5,13,7,84.62,84.62,42.86,25.54,16.38,5.52,27.62,2.57,3.5,19.86,56.86
PIT,2024-08-09,9,4,4,7,5,71.43,42.86,80.0,8.14,21.71,11.53,17.0,3.0,2.64,5.2,8.0
PIT,2024-08-09,10,10,14,11,13,81.82,81.82,84.62,9.36,13.45,3.05,11.18,3.08,4.2,9.38,11.54
PIT,2024-08-09,11,11,8,12,9,83.33,83.33,44.44,14.17,13.0,2.78,15.75,4.11,2.31,18.0,48.67
PIT,2024-08-09,12,9,12,8,12,62.5,62.5,58.33,20.13,13.88,3.89,22.38,3.83,2.34,13.75,33.17
PIT,2024-08-09,13,12,6,11,7,63.64,54.55,71.43,38.91,18.0,7.61,45.55,4.43,3.13,3.43,18.43
PIT,2024-08-09,14,5,6,6,8,50.0,50.0,37.5,23.83,15.33,5.13,27.83,3.88,2.38,6.5,76.5
PIT,2024-08-09,15,3,12,6,14,83.33,83.33,50.0,7.67,14.83,4.03,9.83,3.57,2.21,5.71,61.71
PIT,2024-08-09,16,14,13,17,13,47.06,47.06,38.46,46.82,13.88,3.42,49.65,3.69,3.04,12.85,48.85
PIT,2024-08-09,17,14,8,11,13,27.27,18.18,38.46,69.73,13.64,3.63,73.09,1.77,3.58,5.46,42.31
PIT,2024-08-09,18,12,15,13,17,38.46,38.46,58.82,105.46,14.31,4.28,109.23,1.29,2.58,2.0,28.47
PIT,2024-08-09,19,8,7,9,8,44.44,33.33,50.0,25.89,15.33,4.89,30.33,3.0,3.03,6.25,35.13
PIT,2024-08-09,20,8,11,7,13,42.86,42.86,61.54,35.29,20.29,10.03,44.0,1.62,1.57,4.38,23.85
PIT,2024-08-09,21,2,12,6,10,50.0,50.0,50.0,14.33,15.67,5.07,18.67,1.9,2.93,0.0,31.6
PIT,2024-08-09,22,1,10,1,8,100.0,100.0,37.5,7.0,16.0,5.4,12.0,1.13,1.49,0.0,61.25
PIT,2024-08-09,23,0,10,1,9,0.0,0.0,66.67,51.0,6.0,0.0,46.0,1.44,0.51,0.0,30.78
PIT,2024-08-10,0,0,3,0,4,0.0,0.0,50.0,0.0,0.0,0.0,0.0,0.75,2.48,1.75,77.75
PIT,2024-08-10,1,0,0,0,2,0.0,0.0,50.0,0.0,0.0,0.0,0.0,0.0,1.5,3.0,34.0
PIT,2024-08-10,2,0,0,0,0,0.0,0.0,0.0,0.0,0.0,0.0,0.0,0.0,0.0,0.0,0.0
PIT,2024-08-10,3,0,0,1,0,100.0,0.0,0.0,0.0,28.0,17.4,17.0,0.0,0.0,0.0,0.0
PIT,2024-08-10,4,0,2,0,2,0.0,0.0,100.0,0.0,0.0,0.0,0.0,0.0,1.5,0.0,0.0
PIT,2024-08-10,5,3,1,3,3,66.67,66.67,33.33,9.0,13.33,2.63,11.67,2.0,3.33,0.0,14.33
PIT,2024-08-10,6,17,2,18,3,94.44,94.44,66.67,8.28,13.94,3.74,10.33,0.0,11.53,6.33,8.0
PIT,2024-08-10,7,13,3,20,2,80.0,80.0,50.0,4.3,13.3,3.33,5.95,0.0,1.0,0.0,126.5
PIT,2024-08-10,8,11,3,12,3,75.0,75.0,66.67,9.42,13.33,2.63,10.42,1.33,2.0,10.67,11.33
PIT,2024-08-10,9,8,5,8,6,75.0,62.5,66.67,32.38,13.13,3.39,33.63,1.33,2.08,1.67,13.17
PIT,2024-08-10,10,9,8,10,8,80.0,80.0,75.0,6.3,15.8,5.47,10.3,1.0,2.66,0.63,17.25
PIT,2024-08-10,11,8,7,11,8,72.73,72.73,87.5,13.18,13.36,2.85,15.45,1.5,1.44,3.5,2.0
PIT,2024-08-10,12,6,11,6,12,100.0,100.0,91.67,0.5,14.33,4.5,2.33,2.5,2.96,3.17,4.5
PIT,2024-08-10,13,7,2,9,2,88.89,77.78,100.0,7.33,12.56,2.61,9.44,3.0,2.0,0.0,0.0
PIT,2024-08-10,14,5,6,6,7,100.0,100.0,85.71,0.0,15.83,5.72,1.83,0.86,5.46,3.57,16.71
PIT,2024-08-10,15,4,8,5,9,60.0,60.0,77.78,56.0,17.4,7.54,63.0,0.78,2.06,1.67,3.78
PIT,2024-08-10,16,11,11,12,12,83.33,75.0,66.67,10.0,14.33,3.95,12.25,3.33,2.75,3.08,17.92
PIT,2024-08-10,17,10,6,10,7,70.0,60.0,71.43,16.2,14.0,4.23,17.7,3.43,5.09,6.43,15.86
PIT,2024-08-10,18,10,8,11,10,81.82,81.82,80.0,8.82,14.73,4.3,10.27,0.9,3.24,0.4,6.9
PIT,2024-08-10,19,2,6,2,8,100.0,100.0,75.0,3.5,12.0,2.55,5.0,3.88,4.31,2.38,22.5
PIT,2024-08-10,20,2,9,2,9,100.0,100.0,66.67,5.0,12.0,1.45,5.5,1.78,1.43,2.33,27.11
PIT,2024-08-10,21,1,11,1,11,100.0,100.0,100.0,4.0,15.0,4.4,8.0,1.45,2.72,0.82,1.0
PIT,2024-08-10,22,2,9,2,9,100.0,100.0,88.89,3.0,13.5,2.9,3.0,1.11,3.83,1.44,9.67
PIT,2024-08-10,23,1,8,1,8,0.0,0.0,50.0,39.0,11.0,0.4,39.0,1.38,1.82,1.25,13.88
PIT,2024-08-11,0,0,6,0,4,0.0,0.0,25.0,0.0,0.0,0.0,0.0,2.25,2.88,3.25,37.5
PIT,2024-08-11,1,0,1,0,1,0.0,0.0,100.0,0.0,0.0,0.0,0.0,0.0,1.5,0.0,1.0
PIT,2024-08-11,2,0,0,1,0,0.0,0.0,0.0,44.0,15.0,4.4,48.0,0.0,0.0,0.0,0.0
PIT,2024-08-11,3,0,0,1,0,100.0,100.0,0.0,0.0,12.0,1.4,1.0,0.0,0.0,0.0,0.0
PIT,2024-08-11,4,0,2,0,2,0.0,0.0,100.0,0.0,0.0,0.0,0.0,0.0,4.5,0.0,3.5
PIT,2024-08-11,5,5,2,5,1,80.0,80.0,100.0,3.6,13.0,3.0,4.6,0.0,2.5,0.0,0.0
PIT,2024-08-11,6,19,1,19,0,94.74,94.74,0.0,1.58,15.0,4.77,4.42,0.0,0.0,0.0,0.0
PIT,2024-08-11,7,13,1,14,3,85.71,85.71,66.67,3.64,14.5,4.03,5.36,0.0,4.53,0.33,22.0
PIT,2024-08-11,8,11,1,12,1,100.0,100.0,100.0,0.25,14.58,4.08,1.25,0.0,4.5,0.0,0.0
PIT,2024-08-11,9,3,6,4,5,75.0,75.0,80.0,19.0,14.75,4.73,22.0,1.6,3.18,2.4,14.6
PIT,2024-08-11,10,9,11,9,12,77.78,77.78,91.67,7.22,15.33,4.66,9.67,1.25,1.38,2.92,5.25
PIT,2024-08-11,11,11,10,12,10,83.33,83.33,60.0,22.58,15.58,5.46,24.5,1.7,2.03,1.2,44.6
PIT,2024-08-11,12,10,13,11,14,72.73,72.73,92.86,17.45,13.55,3.13,18.45,0.86,2.04,4.64,4.21
PIT,2024-08-11,13,10,5,11,6,81.82,81.82,100.0,7.18,15.18,5.62,10.09,3.0,2.57,2.0,2.17
PIT,2024-08-11,14,5,6,5,7,80.0,80.0,100.0,3.2,12.0,1.92,3.8,1.0,1.49,2.14,0.0
PIT,2024-08-11,15,5,8,10,10,70.0,70.0,60.0,12.7,16.0,5.83,16.8,3.9,1.29,5.3,19.7
PIT,2024-08-11,16,9,11,9,12,77.78,77.78,58.33,9.0,13.11,2.49,10.22,1.58,2.23,1.67,17.0
PIT,2024-08-11,17,12,13,12,15,75.0,66.67,80.0,16.08,13.33,3.29,17.42,2.27,1.93,2.87,11.67
PIT,2024-08-11,18,14,9,15,12,86.67,80.0,66.67,19.0,14.93,4.82,20.87,1.25,1.53,2.33,14.33
PIT,2024-08-11,19,8,6,9,7,66.67,66.67,85.71,11.56,15.0,4.9,14.56,1.43,2.37,0.0,7.71
PIT,2024-08-11,20,6,10,6,11,100.0,100.0,72.73,1.17,12.83,3.12,2.67,1.45,1.98,1.82,35.36
PIT,2024-08-11,21,1,10,1,12,0.0,0.0,75.0,129.0,11.0,2.7,132.0,1.42,1.59,3.58,16.92
PIT,2024-08-11,22,2,9,3,9,66.67,66.67,66.67,35.67,13.67,3.07,38.33,0.56,1.49,1.11,46.22
PIT,2024-08-11,23,0,13,0,13,0.0,0.0,92.31,0.0,0.0,0.0,0.0,2.0,1.09,0.46,3.54
PIT,2024-08-12,0,0,4,0,6,0.0,0.0,66.67,0.0,0.0,0.0,0.0,1.0,1.22,0.33,7.0
PIT,2024-08-12,1,0,0,0,2,0.0,0.0,50.0,0.0,0.0,0.0,0.0,3.5,0.95,13.5,28.0
PIT,2024-08-12,3,0,0,1,0,100.0,100.0,0.0,0.0,10.0,0.0,0.0,0.0,0.0,0.0,0.0
PIT,2024-08-12,4,0,2,0,2,0.0,0.0,50.0,0.0,0.0,0.0,0.0,0.0,0.25,0.0,23.0
PIT,2024-08-12,5,6,2,6,2,83.33,66.67,100.0,12.0,13.67,3.68,15.5,1.5,2.05,2.0,2.0
PIT,2024-08-12,6,18,2,18,2,94.44,94.44,50.0,2.11,13.83,3.5,2.89,0.0,3.05,1.5,312.0
PIT,2024-08-12,7,17,2,17,2,88.24,88.24,100.0,14.71,14.24,4.01,17.24,1.5,4.0,6.0,0.0
PIT,2024-08-12,8,11,5,13,8,76.92,76.92,62.5,36.54,13.62,2.79,38.54,4.63,2.5,9.38,46.25
PIT,2024-08-12,9,4,4,8,5,50.0,50.0,100.0,24.13,14.38,4.14,25.88,2.0,1.64,0.8,0.4
PIT,2024-08-12,10,10,14,10,13,100.0,90.0,92.31,1.1,15.6,4.98,3.4,1.85,2.58,1.15,3.23
PIT,2024-08-12,11,11,9,12,10,66.67,66.67,80.0,39.92,13.33,3.02,41.83,1.3,3.53,0.6,7.0
PIT,2024-08-12,12,10,12,9,13,77.78,77.78,84.62,16.0,13.78,3.59,17.22,1.31,2.06,0.46,3.92
PIT,2024-08-12,13,12,6,14,8,78.57,71.43,62.5,6.14,13.79,3.56,8.21,2.13,3.17,4.38,61.13
PIT,2024-08-12,14,5,6,6,8,66.67,66.67,62.5,73.67,14.17,3.97,75.83,0.88,8.11,7.88,81.38
PIT,2024-08-12,15,4,11,5,11,60.0,60.0,72.73,41.4,12.8,2.02,42.6,0.91,2.13,3.0,22.82
PIT,2024-08-12,16,14,14,15,15,60.0,40.0,60.0,39.73,16.73,6.47,45.33,1.87,4.36,7.13,18.4
PIT,2024-08-12,17,14,10,15,15,73.33,66.67,80.0,14.27,15.67,5.5,18.27,5.07,2.6,5.47,6.93
PIT,2024-08-12,18,13,13,16,18,81.25,81.25,77.78,9.38,13.13,3.09,10.63,3.72,3.27,3.11,18.5
PIT,2024-08-12,19,7,7,11,8,81.82,72.73,87.5,5.09,14.64,4.27,7.64,1.63,2.96,1.5,12.0
PIT,2024-08-12,20,7,11,8,14,75.0,75.0,35.71,22.0,14.88,4.58,25.0,2.93,1.49,5.5,20.79
PIT,2024-08-12,21,2,13,4,15,75.0,50.0,80.0,7.25,15.5,4.9,10.0,2.13,1.62,1.6,11.93
PIT,2024-08-12,22,1,10,3,10,66.67,66.67,90.0,12.67,12.67,2.07,13.0,1.0,1.69,1.4,7.4
PIT,2024-08-12,23,0,9,0,9,0.0,0.0,77.78,0.0,0.0,0.0,0.0,1.11,2.01,0.33,4.33
PIT,2024-08-13,0,0,3,0,4,0.0,0.0,100.0,0.0,0.0,0.0,0.0,1.5,0.98,0.0,0.0
PIT,2024-08-13,1,0,0,0,2,0.0,0.0,100.0,0.0,0.0,0.0,0.0,0.0,1.5,0.0,0.0
PIT,2024-08-13,3,0,0,1,0,100.0,100.0,0.0,0.0,10.0,0.0,0.0,0.0,0.0,0.0,0.0
PIT,2024-08-13,4,0,2,0,3,0.0,0.0,100.0,0.0,0.0,0.0,0.0,0.0,0.83,0.0,0.33
PIT,2024-08-13,5,4,2,4,6,100.0,100.0,83.33,0.0,13.75,2.92,0.0,1.5,1.58,2.17,6.33
PIT,2024-08-13,6,17,3,20,2,90.0,90.0,100.0,3.55,14.75,4.5,5.6,0.0,0.55,0.0,0.0
PIT,2024-08-13,7,15,1,17,0,94.12,82.35,0.0,17.24,17.29,6.97,22.12,0.0,0.0,0.0,0.0
PIT,2024-08-13,8,10,3,14,2,85.71,85.71,100.0,8.07,16.29,5.48,11.0,2.5,3.5,0.0,0.0
PIT,2024-08-13,9,4,3,5,4,80.0,80.0,75.0,5.6,15.2,5.98,8.0,2.0,3.2,2.25,7.5
PIT,2024-08-13,10,9,8,11,9,81.82,81.82,100.0,4.09,14.55,3.87,5.36,0.89,3.53,2.22,1.78
PIT,2024-08-13,11,6,10,9,10,77.78,77.78,90.0,34.44,14.22,3.52,36.78,1.5,2.2,0.4,29.8
PIT,2024-08-13,12,8,7,8,10,75.0,75.0,80.0,7.25,12.75,2.9,8.13,0.5,1.64,0.9,4.3
PIT,2024-08-13,13,9,3,10,3,90.0,90.0,100.0,2.6,14.7,4.1,4.6,4.67,1.47,0.0,0.0
PIT,2024-08-13,14,4,6,4,6,75.0,75.0,50.0,4.75,11.75,2.3,5.0,2.5,1.48,0.67,56.0
PIT,2024-08-13,15,4,12,5,13,80.0,80.0,92.31,5.2,12.2,2.0,6.4,4.62,1.25,2.92,3.23
PIT,2024-08-13,16,15,13,16,14,68.75,68.75,78.57,39.38,14.31,3.95,41.94,1.21,2.93,1.43,29.5
PIT,2024-08-13,17,12,7,12,9,91.67,83.33,88.89,2.5,16.92,6.67,4.58,2.56,2.0,0.78,5.89
PIT,2024-08-13,18,11,12,12,15,100.0,100.0,93.33,0.0,15.5,5.44,1.58,1.87,1.65,0.47,13.4
PIT,2024-08-13,19,6,5,8,7,87.5,87.5,71.43,15.0,12.38,2.35,15.25,2.71,1.69,3.71,10.0
PIT,2024-08-13,20,3,12,3,15,66.67,66.67,86.67,22.67,17.33,6.77,25.67,1.4,1.44,2.27,3.2
PIT,2024-08-13,21,1,9,4,11,50.0,50.0,72.73,15.75,16.5,5.9,20.0,0.18,2.19,0.45,19.91
PIT,2024-08-13,22,2,11,4,12,50.0,50.0,83.33,22.75,15.0,4.4,23.75,2.17,2.91,3.33,34.92
PIT,2024-08-13,23,0,7,0,7,0.0,0.0,85.71,0.0,0.0,0.0,0.0,1.29,2.23,0.0,5.0
PIT,2024-08-14,0,0,4,0,3,0.0,0.0,33.33,0.0,0.0,0.0,0.0,1.0,1.63,4.0,18.67
PIT,2024-08-14,1,0,0,0,0,0.0,0.0,0.0,0.0,0.0,0.0,0.0,0.0,0.0,0.0,0.0
PIT,2024-08-14,2,0,0,1,1,0.0,0.0,100.0,15.0,13.0,2.4,17.0,0.0,1.5,0.0,0.0
PIT,2024-08-14,3,0,0,0,0,0.0,0.0,0.0,0.0,0.0,0.0,0.0,0.0,0.0,0.0,0.0
PIT,2024-08-14,4,0,0,0,3,0.0,0.0,100.0,0.0,0.0,0.0,0.0,0.0,1.5,0.0,0.0
PIT,2024-08-14,5,3,2,3,5,100.0,100.0,100.0,0.0,13.0,2.1,0.0,1.6,2.52,1.4,6.2
PIT,2024-08-14,6,17,2,20,2,80.0,85.0,50.0,25.6,13.7,3.5,26.9,0.0,2.05,1.0,226.5
PIT,2024-08-14,7,13,1,20,1,80.0,80.0,100.0,6.5,13.6,3.29,8.5,0.0,1.5,0.0,0.0
PIT,2024-08-14,8,9,4,13,4,76.92,69.23,75.0,22.15,14.46,3.91,23.77,0.25,3.0,5.25,21.75
PIT,2024-08-14,9,5,3,5,4,100.0,100.0,100.0,0.0,13.4,4.18,1.2,1.0,2.45,1.75,0.0
PIT,2024-08-14,10,9,9,10,10,90.0,90.0,90.0,3.7,13.7,3.07,4.6,1.4,4.93,1.8,2.7
PIT,2024-08-14,11,8,11,9,12,77.78,77.78,91.67,19.0,14.0,3.27,19.56,1.08,2.08,1.75,3.33
PIT,2024-08-14,12,8,9,8,10,100.0,100.0,80.0,0.0,12.38,2.6,0.0,1.5,2.94,3.5,5.6
PIT,2024-08-14,13,11,4,13,4,84.62,69.23,100.0,4.54,14.0,3.61,6.0,3.75,3.05,0.25,0.0
PIT,2024-08-14,14,5,7,6,11,100.0,100.0,45.45,0.33,13.67,3.85,1.5,1.45,2.04,1.73,33.45
PIT,2024-08-14,15,7,12,8,15,75.0,75.0,66.67,9.75,13.75,3.46,11.13,3.33,1.37,6.0,10.07
PIT,2024-08-14,16,15,13,18,14,66.67,55.56,78.57,16.0,13.28,3.21,17.89,3.86,3.29,1.64,5.0
PIT,2024-08-14,17,13,7,13,10,92.31,84.62,90.0,2.31,12.92,2.86,3.31,0.9,3.03,2.1,1.5
PIT,2024-08-14,18,10,14,13,16,92.31,76.92,68.75,4.69,14.08,3.98,7.92,1.94,2.32,1.19,21.31
PIT,2024-08-14,19,7,5,9,6,88.89,88.89,100.0,14.33,11.33,1.64,15.22,2.0,2.47,5.17,2.67
PIT,2024-08-14,20,3,12,3,14,66.67,66.67,71.43,24.67,13.33,2.97,24.67,1.57,2.87,2.36,9.86
PIT,2024-08-14,21,2,8,4,10,100.0,75.0,80.0,3.0,12.25,2.45,5.0,2.0,3.06,5.1,21.4
PIT,2024-08-14,22,0,11,2,12,100.0,100.0,83.33,0.0,10.5,0.2,0.0,1.92,3.57,1.75,15.0
PIT,2024-08-14,23,0,6,0,7,0.0,0.0,42.86,0.0,0.0,0.0,0.0,0.71,2.3,0.43,22.57
PIT,2024-08-15,0,0,4,2,5,100.0,50.0,60.0,7.0,12.5,1.9,8.5,1.0,2.88,2.0,27.4
PIT,2024-08-15,1,0,0,1,0,0.0,100.0,0.0,15.0,8.0,0.0,12.0,0.0,0.0,0.0,0.0
PIT,2024-08-15,2,0,0,0,1,0.0,0.0,100.0,0.0,0.0,0.0,0.0,0.0,2.5,1.0,0.0
PIT,2024-08-15,3,0,0,1,0,100.0,100.0,0.0,0.0,10.0,0.0,0.0,0.0,0.0,0.0,0.0
PIT,2024-08-15,4,0,0,0,1,0.0,0.0,100.0,0.0,0.0,0.0,0.0,0.0,1.5,0.0,0.0
PIT,2024-08-15,5,6,2,6,5,100.0,100.0,100.0,0.17,12.17,2.72,1.33,0.6,3.92,4.2,5.2
PIT,2024-08-15,6,18,2,20,2,100.0,100.0,50.0,0.8,11.9,1.95,1.4,2.0,2.55,6.0,146.5
PIT,2024-08-15,7,14,1,18,2,83.33,88.89,50.0,28.78,13.11,3.26,29.78,6.5,2.5,8.5,16.0
PIT,2024-08-15,8,10,3,15,4,86.67,86.67,100.0,9.73,12.53,2.09,10.93,3.0,3.0,5.75,3.25
PIT,2024-08-15,9,2,5,3,5,66.67,66.67,100.0,20.67,11.0,1.17,21.0,2.0,2.24,1.8,0.2
PIT,2024-08-15,10,10,11,10,12,80.0,80.0,83.33,4.7,11.4,1.61,5.6,1.83,2.34,4.33,5.83
PIT,2024-08-15,11,10,9,10,9,70.0,70.0,100.0,12.3,11.1,1.27,12.8,2.56,3.98,3.33,2.89
PIT,2024-08-15,12,8,12,9,12,100.0,100.0,91.67,1.0,11.44,1.46,1.89,0.75,3.31,1.83,21.25
PIT,2024-08-15,13,13,7,13,8,84.62,76.92,87.5,23.23,12.31,2.82,25.08,3.5,2.92,1.63,5.13
PIT,2024-08-15,14,6,7,7,8,85.71,85.71,62.5,6.71,11.57,1.61,7.14,2.5,2.5,5.38,58.63
PIT,2024-08-15,15,5,10,8,11,50.0,50.0,54.55,22.63,12.63,2.1,24.0,0.91,2.26,4.82,32.55
PIT,2024-08-15,16,13,14,13,18,53.85,46.15,61.11,48.38,14.31,4.32,51.77,1.11,4.39,3.61,17.11
PIT,2024-08-15,17,15,9,15,11,60.0,53.33,54.55,24.87,16.0,6.05,29.13,1.73,5.27,7.45,25.82
PIT,2024-08-15,18,13,13,14,17,71.43,64.29,76.47,25.07,12.64,2.59,26.93,1.82,3.31,1.41,21.24
PIT,2024-08-15,19,7,8,7,8,57.14,57.14,87.5,40.71,12.71,2.9,41.86,2.25,3.21,2.63,4.75
PIT,2024-08-15,20,6,10,5,11,60.0,60.0,54.55,12.4,11.4,2.04,13.2,0.91,3.13,4.0,34.45
PIT,2024-08-15,21,2,12,4,14,100.0,100.0,57.14,0.0,14.0,3.55,2.0,4.43,3.81,3.86,24.36
PIT,2024-08-15,22,1,13,3,13,100.0,100.0,69.23,0.0,14.67,4.6,0.0,1.08,4.72,2.54,29.15
PIT,2024-08-15,23,0,7,0,7,0.0,0.0,42.86,0.0,0.0,0.0,0.0,1.0,3.07,0.0,28.43
PIT,2024-08-16,0,0,4,1,5,100.0,100.0,80.0,0.0,11.0,0.4,0.0,0.2,3.98,1.0,9.8
PIT,2024-08-16,1,0,0,0,1,0.0,0.0,100.0,0.0,0.0,0.0,0.0,0.0,2.5,0.0,0.0
PIT,2024-08-16,2,0,0,0,0,0.0,0.0,0.0,0.0,0.0,0.0,0.0,0.0,0.0,0.0,0.0
PIT,2024-08-16,3,0,0,1,0,100.0,100.0,0.0,0.0,10.0,0.0,0.0,0.0,0.0,0.0,0.0
PIT,2024-08-16,4,0,0,0,1,0.0,0.0,100.0,0.0,0.0,0.0,0.0,0.0,1.5,0.0,0.0
PIT,2024-08-16,5,6,2,6,5,100.0,100.0,60.0,1.17,10.17,0.65,1.5,0.0,3.52,3.4,9.8
PIT,2024-08-16,6,17,2,19,2,100.0,100.0,0.0,0.0,12.68,2.76,1.05,5.0,2.55,4.0,151.0
PIT,2024-08-16,7,14,1,16,1,100.0,100.0,100.0,0.63,11.94,2.13,1.5,11.0,2.5,8.0,1.0
PIT,2024-08-16,8,9,5,10,4,80.0,80.0,75.0,20.2,14.8,4.15,22.3,2.75,3.75,7.5,8.75
PIT,2024-08-16,9,5,4,5,6,100.0,100.0,83.33,0.2,12.0,2.04,0.2,3.17,2.95,7.67,8.0
PIT,2024-08-16,10,10,13,12,14,91.67,83.33,64.29,2.92,15.83,5.67,6.75,3.14,4.01,7.43,13.86
PIT,2024-08-16,11,12,8,14,9,85.71,85.71,88.89,4.29,11.43,1.4,4.36,4.44,2.53,2.33,18.33
PIT,2024-08-16,12,8,12,10,12,90.0,80.0,83.33,4.3,12.5,2.74,6.2,3.92,3.34,3.08,4.58
PIT,2024-08-16,13,12,5,13,10,76.92,76.92,90.0,7.46,15.62,5.28,9.77,5.1,2.84,3.3,6.5
PIT,2024-08-16,14,4,8,9,9,66.67,66.67,55.56,8.11,15.33,5.07,11.11,3.33,1.78,5.89,44.22
PIT,2024-08-16,15,6,12,6,12,33.33,33.33,91.67,29.33,18.33,7.68,36.0,1.5,1.07,3.0,11.17
PIT,2024-08-16,16,14,12,16,13,68.75,62.5,76.92,26.88,14.69,4.26,29.56,1.31,1.79,1.23,12.23
PIT,2024-08-16,17,14,8,14,10,64.29,64.29,80.0,26.14,15.79,5.65,30.07,0.3,0.91,0.4,10.0
PIT,2024-08-16,18,11,14,12,17,91.67,75.0,70.59,1.75,18.58,8.52,7.42,1.71,3.41,3.35,18.88
PIT,2024-08-16,19,8,9,8,10,75.0,75.0,80.0,8.25,16.88,6.26,11.5,2.1,2.73,4.7,5.8
PIT,2024-08-16,20,8,12,8,13,75.0,75.0,69.23,16.25,13.63,3.4,18.0,1.15,2.5,9.77,12.08
PIT,2024-08-16,21,3,12,5,15,100.0,60.0,60.0,5.6,17.6,7.0,9.4,1.0,2.82,1.4,15.13
PIT,2024-08-16,22,0,11,0,11,0.0,0.0,81.82,0.0,0.0,0.0,0.0,0.64,2.4,4.27,4.0
PIT,2024-08-16,23,0,7,0,7,0.0,0.0,57.14,0.0,0.0,0.0,0.0,2.14,0.8,0.0,35.86
PIT,2024-08-17,0,0,3,0,4,0.0,0.0,50.0,0.0,0.0,0.0,0.0,1.0,1.85,7.0,16.75
PIT,2024-08-17,1,0,0,0,1,0.0,0.0,100.0,0.0,0.0,0.0,0.0,0.0,1.5,0.0,0.0
PIT,2024-08-17,2,0,0,0,0,0.0,0.0,0.0,0.0,0.0,0.0,0.0,0.0,0.0,0.0,0.0
PIT,2024-08-17,3,0,0,1,0,100.0,100.0,0.0,0.0,10.0,0.0,0.0,0.0,0.0,0.0,0.0
PIT,2024-08-17,5,3,1,3,3,100.0,100.0,66.67,0.0,12.0,1.1,0.33,0.0,1.7,0.67,6.0
PIT,2024-08-17,6,16,1,16,3,87.5,87.5,33.33,8.0,15.19,5.03,10.13,2.0,2.87,6.33,20.33
PIT,2024-08-17,7,12,2,15,1,93.33,86.67,100.0,1.2,14.2,3.8,3.2,5.0,1.5,5.0,5.0
PIT,2024-08-17,8,10,3,11,4,72.73,63.64,50.0,7.64,16.73,6.02,11.27,4.75,2.75,13.25,16.25
PIT,2024-08-17,9,8,4,10,6,100.0,100.0,100.0,0.0,13.8,3.95,1.9,2.17,1.57,1.0,0.67
PIT,2024-08-17,10,7,7,7,7,100.0,100.0,100.0,0.0,15.29,5.07,1.43,2.71,0.66,0.43,0.0
PIT,2024-08-17,11,8,7,8,10,100.0,100.0,90.0,0.0,14.0,3.45,1.25,1.2,0.9,2.6,4.0
PIT,2024-08-17,12,6,12,10,13,70.0,70.0,76.92,11.6,15.6,5.46,15.7,2.62,1.39,1.77,16.54
PIT,2024-08-17,13,8,2,8,3,75.0,62.5,100.0,25.63,14.38,4.45,29.25,3.33,2.17,4.33,4.67
PIT,2024-08-17,14,5,8,6,8,50.0,50.0,87.5,53.17,17.0,6.88,58.5,3.13,0.41,0.5,4.25
PIT,2024-08-17,15,7,8,9,8,33.33,22.22,50.0,43.89,17.0,6.88,50.67,0.88,17.8,17.88,32.5
PIT,2024-08-17,16,10,10,11,11,9.09,0.0,63.64,72.36,18.27,7.75,80.27,2.55,12.18,9.55,10.09
PIT,2024-08-17,17,9,6,9,8,0.0,0.0,37.5,56.11,14.33,4.66,60.78,2.38,27.64,26.75,26.5
PIT,2024-08-17,18,8,11,9,13,22.22,22.22,61.54,29.56,16.44,5.71,34.89,4.92,11.25,8.23,16.77
PIT,2024-08-17,19,3,7,3,7,33.33,33.33,57.14,24.0,14.33,4.5,27.67,2.29,1.6,1.14,16.14
PIT,2024-08-17,20,2,9,2,10,50.0,50.0,30.0,14.5,12.0,1.45,16.0,0.8,1.18,4.6,19.3
PIT,2024-08-17,21,2,8,3,9,33.33,33.33,55.56,17.33,16.67,6.27,23.33,2.89,3.99,14.11,45.44
PIT,2024-08-17,22,0,8,0,8,0.0,0.0,75.0,0.0,0.0,0.0,0.0,0.88,1.75,2.25,25.63
PIT,2024-08-17,23,0,6,1,6,100.0,100.0,66.67,5.0,9.0,0.0,3.0,1.67,0.6,0.0,14.83
PIT,2024-08-18,0,0,5,0,3,0.0,0.0,33.33,0.0,0.0,0.0,0.0,0.0,7.33,2.67,17.0
PIT,2024-08-18,1,0,1,0,1,0.0,0.0,100.0,0.0,0.0,0.0,0.0,0.0,1.5,0.0,0.0
PIT,2024-08-18,3,0,0,1,0,100.0,100.0,0.0,0.0,10.0,0.0,0.0,0.0,0.0,0.0,0.0
PIT,2024-08-18,5,5,2,5,0,100.0,100.0,0.0,0.0,13.2,3.18,1.4,0.0,0.0,0.0,0.0
PIT,2024-08-18,6,18,1,19,0,89.47,89.47,0.0,6.0,14.58,4.35,7.68,0.0,0.0,0.0,0.0
PIT,2024-08-18,7,11,0,11,1,90.91,90.91,100.0,2.73,13.82,3.45,3.73,0.0,0.0,0.0,10.0
PIT,2024-08-18,8,11,1,12,2,91.67,91.67,100.0,2.83,15.17,4.66,5.25,0.0,3.0,0.0,4.0
PIT,2024-08-18,9,2,5,3,6,100.0,66.67,100.0,0.0,21.33,11.5,10.67,2.0,2.57,1.67,2.0
PIT,2024-08-18,10,9,10,14,10,85.71,78.57,100.0,3.86,16.43,5.82,8.07,3.1,2.01,1.2,1.6
PIT,2024-08-18,11,11,10,11,12,100.0,90.91,75.0,2.18,14.0,3.86,4.0,1.67,0.82,4.17,8.0
PIT,2024-08-18,12,9,13,12,13,58.33,50.0,76.92,64.67,18.33,7.88,71.75,3.08,1.43,1.38,6.38
PIT,2024-08-18,13,10,6,11,6,72.73,36.36,83.33,9.36,22.82,12.78,19.36,9.5,1.57,4.5,5.17
PIT,2024-08-18,14,6,8,7,10,71.43,71.43,50.0,99.43,14.43,4.13,102.43,2.6,2.74,5.6,22.5
PIT,2024-08-18,15,8,9,8,13,50.0,50.0,53.85,24.0,13.63,3.28,27.0,3.46,0.88,4.92,25.77
PIT,2024-08-18,16,9,10,9,15,44.44,44.44,46.67,37.89,17.89,7.12,44.78,15.2,1.67,21.6,34.93
PIT,2024-08-18,17,13,14,12,15,41.67,41.67,66.67,24.67,17.08,7.34,30.83,2.47,3.85,4.73,23.87
PIT,2024-08-18,18,14,10,15,15,46.67,40.0,53.33,43.73,24.13,13.99,57.2,10.8,1.86,27.87,55.07
PIT,2024-08-18,19,9,8,10,13,70.0,20.0,23.08,23.7,25.3,15.13,37.0,10.0,5.2,24.15,59.31
PIT,2024-08-18,20,6,11,6,15,50.0,50.0,40.0,39.5,14.83,5.12,44.33,7.07,6.85,24.67,56.33
PIT,2024-08-18,21,2,9,4,8,25.0,25.0,50.0,29.0,21.75,12.3,41.25,2.25,4.69,12.0,42.38
PIT,2024-08-18,22,1,11,4,8,75.0,75.0,62.5,14.5,19.5,9.48,18.75,2.5,4.75,2.0,50.5
PIT,2024-08-18,23,0,11,1,10,0.0,0.0,50.0,89.0,12.0,3.7,93.0,2.4,1.88,0.9,41.2
PIT,2024-08-19,0,0,4,1,6,100.0,0.0,83.33,8.0,23.0,12.4,20.0,8.67,9.2,5.17,12.17
PIT,2024-08-19,1,0,0,1,2,100.0,100.0,100.0,4.0,11.0,2.7,7.0,6.5,0.45,2.5,0.0
PIT,2024-08-19,2,0,0,0,0,0.0,0.0,0.0,0.0,0.0,0.0,0.0,0.0,0.0,0.0,0.0
PIT,2024-08-19,5,6,1,5,2,100.0,100.0,50.0,0.0,14.8,4.94,2.0,3.0,5.05,1.0,29.5
PIT,2024-08-19,6,17,1,16,3,93.75,93.75,33.33,1.5,15.63,5.33,3.81,1.0,3.2,5.0,196.33
PIT,2024-08-19,7,14,2,17,2,76.47,70.59,100.0,10.71,14.53,4.34,13.71,6.0,2.5,9.5,3.0
PIT,2024-08-19,8,9,6,11,6,81.82,72.73,50.0,27.82,13.55,2.78,29.36,4.5,2.33,11.0,58.5
PIT,2024-08-19,9,6,5,8,9,87.5,75.0,77.78,2.38,15.63,5.28,6.13,3.33,1.7,5.33,7.56
PIT,2024-08-19,10,10,13,13,10,84.62,84.62,90.0,11.31,15.08,4.42,14.69,2.3,3.35,0.5,3.8
PIT,2024-08-19,11,13,7,14,9,92.86,92.86,88.89,7.5,12.79,2.54,8.0,1.44,2.53,11.44,53.67
PIT,2024-08-19,12,8,12,13,10,53.85,53.85,90.0,44.46,18.31,8.03,51.62,2.7,1.51,1.0,14.6
PIT,2024-08-19,13,11,5,13,7,46.15,38.46,71.43,47.38,16.54,6.11,52.46,3.14,2.1,3.86,25.43
PIT,2024-08-19,14,4,8,6,10,66.67,50.0,70.0,29.0,13.67,3.52,31.83,1.4,2.8,1.4,40.3
PIT,2024-08-19,15,6,10,7,12,71.43,71.43,66.67,9.29,13.71,3.07,10.43,2.17,2.28,3.92,42.0
PIT,2024-08-19,16,13,13,15,15,53.33,40.0,53.33,50.8,14.53,4.15,54.73,2.27,4.3,2.13,40.8
PIT,2024-08-19,17,13,9,12,11,41.67,33.33,45.45,63.25,21.67,11.62,74.5,1.18,2.53,2.45,30.45
PIT,2024-08-19,18,12,13,13,13,46.15,46.15,61.54,36.15,14.54,4.42,40.15,2.54,2.58,4.31,23.85
PIT,2024-08-19,19,8,8,8,13,50.0,37.5,61.54,32.88,16.5,5.89,37.63,2.85,4.86,7.23,32.69
PIT,2024-08-19,20,7,12,11,16,72.73,72.73,56.25,18.18,16.91,6.64,21.27,1.13,3.22,8.81,28.0
PIT,2024-08-19,21,3,12,5,12,60.0,60.0,75.0,11.6,16.0,5.4,15.2,1.67,2.94,2.42,11.58
PIT,2024-08-19,22,0,11,2,9,100.0,100.0,77.78,0.0,16.0,5.4,1.5,0.89,4.6,2.33,34.11
PIT,2024-08-19,23,0,7,0,6,0.0,0.0,16.67,0.0,0.0,0.0,0.0,3.5,1.25,0.83,47.83
PIT,2024-08-20,0,0,4,0,4,0.0,0.0,75.0,0.0,0.0,0.0,0.0,0.0,2.1,0.0,28.0
PIT,2024-08-20,1,0,0,0,0,0.0,0.0,0.0,0.0,0.0,0.0,0.0,0.0,0.0,0.0,0.0
PIT,2024-08-20,2,0,0,0,0,0.0,0.0,0.0,0.0,0.0,0.0,0.0,0.0,0.0,0.0,0.0
PIT,2024-08-20,4,0,0,0,1,0.0,0.0,100.0,0.0,0.0,0.0,0.0,0.0,1.5,0.0,9.0
PIT,2024-08-20,5,4,0,4,4,100.0,100.0,75.0,0.0,12.0,1.32,0.0,0.0,1.77,4.75,12.5
PIT,2024-08-20,6,16,1,18,1,94.44,88.89,0.0,3.44,16.5,6.2,6.5,0.0,1.5,0.0,522.0
PIT,2024-08-20,7,12,1,13,3,69.23,69.23,66.67,8.77,13.62,3.37,10.38,4.0,2.2,6.0,23.67
PIT,2024-08-20,8,9,4,12,4,83.33,83.33,75.0,7.17,13.33,2.87,8.58,2.5,2.5,6.25,5.25
PIT,2024-08-20,9,5,4,6,5,100.0,100.0,80.0,0.0,16.0,6.55,4.0,1.8,1.48,0.0,6.2
PIT,2024-08-20,10,9,9,12,10,83.33,83.33,90.0,4.58,13.75,3.13,6.42,3.3,2.42,0.7,1.6
PIT,2024-08-20,11,8,9,10,10,90.0,90.0,70.0,3.0,13.7,3.28,3.9,3.2,1.7,2.2,10.8
PIT,2024-08-20,12,8,7,10,8,70.0,70.0,62.5,28.2,15.4,5.47,32.0,1.25,2.67,1.25,18.88
PIT,2024-08-20,13,8,4,9,6,77.78,77.78,66.67,8.44,13.78,3.34,10.0,2.17,2.33,1.5,13.5
PIT,2024-08-20,14,5,7,5,8,60.0,60.0,62.5,13.4,17.0,6.82,19.0,0.63,2.13,2.5,52.25
PIT,2024-08-20,15,5,12,7,12,57.14,57.14,91.67,19.57,14.71,4.31,22.71,1.58,1.98,2.83,5.08
PIT,2024-08-20,16,15,13,16,14,75.0,62.5,92.86,16.0,17.13,6.73,20.63,2.36,3.14,3.93,3.29
PIT,2024-08-20,17,11,9,11,10,90.91,90.91,90.0,4.91,14.45,4.27,7.55,2.9,2.81,1.5,10.0
PIT,2024-08-20,18,12,14,13,18,92.31,84.62,77.78,4.92,16.23,6.09,9.46,1.56,1.77,2.72,14.0
PIT,2024-08-20,19,7,6,7,7,85.71,85.71,57.14,7.29,14.43,3.81,7.71,1.14,2.76,0.57,13.0
PIT,2024-08-20,20,4,12,4,14,75.0,75.0,78.57,18.0,14.5,4.08,20.25,1.29,1.61,2.71,10.07
PIT,2024-08-20,21,2,8,4,9,100.0,100.0,88.89,0.0,15.75,5.15,2.75,1.56,1.84,0.0,6.33
PIT,2024-08-20,22,0,11,2,12,100.0,100.0,66.67,0.0,14.0,4.2,1.5,2.33,2.07,1.33,15.83
PIT,2024-08-20,23,0,6,0,6,0.0,0.0,66.67,0.0,0.0,0.0,0.0,2.17,1.35,2.17,22.5
PIT,2024-08-21,0,0,4,0,4,0.0,0.0,100.0,0.0,0.0,0.0,0.0,1.5,1.98,1.5,2.75
PIT,2024-08-21,1,0,0,0,0,0.0,0.0,0.0,0.0,0.0,0.0,0.0,0.0,0.0,0.0,0.0
PIT,2024-08-21,3,0,0,0,1,0.0,0.0,100.0,0.0,0.0,0.0,0.0,0.0,1.5,1.0,0.0
PIT,2024-08-21,4,0,0,1,1,100.0,100.0,100.0,0.0,21.0,10.4,10.0,0.0,1.5,0.0,0.0
PIT,2024-08-21,5,4,1,4,3,100.0,100.0,33.33,0.0,13.25,2.55,0.0,0.0,2.17,0.0,25.67
PIT,2024-08-21,6,17,1,20,1,85.0,80.0,0.0,5.6,14.35,4.02,7.1,0.0,1.5,3.0,529.0
PIT,2024-08-21,7,12,1,16,2,75.0,68.75,50.0,7.19,16.13,5.82,10.75,5.0,1.5,6.0,18.0
PIT,2024-08-21,8,9,4,10,3,90.0,90.0,100.0,2.4,13.1,2.26,3.1,2.0,2.83,4.0,2.0
PIT,2024-08-21,9,5,4,4,5,100.0,100.0,100.0,0.0,16.0,7.13,2.25,1.4,1.28,0.6,0.0
PIT,2024-08-21,10,9,8,10,8,100.0,90.0,100.0,0.0,14.8,4.43,1.6,2.38,1.9,0.13,0.0
PIT,2024-08-21,11,8,10,8,15,100.0,100.0,93.33,0.0,13.38,2.84,0.25,2.8,1.5,4.2,4.0
PIT,2024-08-21,12,8,8,9,8,77.78,77.78,75.0,23.0,13.89,3.97,24.0,2.25,2.13,1.75,4.75
PIT,2024-08-21,13,9,4,10,5,80.0,80.0,80.0,7.1,14.3,3.71,8.1,2.6,1.9,4.2,7.8
PIT,2024-08-21,14,5,8,6,9,100.0,100.0,77.78,0.0,14.67,4.9,0.17,0.56,1.93,1.11,44.56
PIT,2024-08-21,15,6,13,9,16,77.78,77.78,81.25,6.0,15.78,5.33,8.11,3.44,1.69,4.13,6.38
PIT,2024-08-21,16,15,12,15,13,66.67,60.0,76.92,21.07,13.87,3.57,23.73,2.23,1.65,1.92,7.15
PIT,2024-08-21,17,11,8,13,9,84.62,76.92,88.89,20.92,12.77,2.66,22.54,1.44,3.31,2.0,29.22
PIT,2024-08-21,18,11,13,12,14,83.33,83.33,85.71,26.42,14.92,4.87,29.08,1.93,1.88,1.71,17.14
PIT,2024-08-21,19,7,5,7,7,85.71,85.71,71.43,15.71,13.86,3.24,17.14,2.14,2.76,2.57,12.43
PIT,2024-08-21,20,3,12,3,17,100.0,100.0,70.59,0.0,17.0,6.63,2.33,0.88,1.69,1.24,30.06
PIT,2024-08-21,21,2,8,4,12,75.0,75.0,91.67,10.25,17.0,6.4,13.75,1.92,2.23,0.42,3.17
PIT,2024-08-21,22,0,11,2,12,100.0,100.0,91.67,0.0,6.5,0.0,0.0,1.75,1.15,1.83,5.58
PIT,2024-08-21,23,0,6,1,7,100.0,100.0,100.0,0.0,16.0,5.4,5.0,0.71,1.37,1.0,0.14
PIT,2024-08-22,0,0,4,2,4,100.0,100.0,50.0,4.5,11.0,0.4,4.5,1.5,1.48,0.0,21.25
PIT,2024-08-22,1,0,0,0,2,0.0,0.0,50.0,0.0,0.0,0.0,0.0,4.0,0.75,6.0,8.5
PIT,2024-08-22,2,0,0,0,0,0.0,0.0,0.0,0.0,0.0,0.0,0.0,0.0,0.0,0.0,0.0
PIT,2024-08-22,3,0,0,1,0,100.0,100.0,0.0,0.0,19.0,8.4,8.0,0.0,0.0,0.0,0.0
PIT,2024-08-22,4,0,0,0,1,0.0,0.0,100.0,0.0,0.0,0.0,0.0,0.0,1.5,0.0,0.0
PIT,2024-08-22,5,6,2,6,4,100.0,100.0,100.0,0.0,12.83,2.85,0.67,0.0,2.63,0.0,6.0
PIT,2024-08-22,6,17,1,19,2,84.21,84.21,0.0,6.05,14.53,4.26,7.74,0.0,2.0,4.0,281.0
PIT,2024-08-22,7,13,2,18,3,66.67,61.11,66.67,13.28,13.94,3.73,15.33,4.0,1.5,5.67,23.67
PIT,2024-08-22,8,10,4,10,2,80.0,70.0,100.0,87.1,14.9,4.15,88.4,3.5,4.5,0.0,0.0
PIT,2024-08-22,9,4,6,6,6,66.67,66.67,66.67,10.33,14.67,4.55,12.83,1.17,1.47,9.0,18.17
PIT,2024-08-22,10,11,11,11,11,81.82,81.82,81.82,7.0,15.09,4.42,9.45,2.09,1.5,4.55,4.91
PIT,2024-08-22,11,11,7,13,7,76.92,76.92,85.71,22.62,13.62,3.25,24.0,2.86,2.4,12.29,14.71
PIT,2024-08-22,12,7,13,10,13,70.0,70.0,100.0,23.3,13.0,2.89,24.8,2.15,3.82,1.31,0.92
PIT,2024-08-22,13,13,7,13,13,84.62,84.62,61.54,8.15,14.85,4.52,10.38,2.62,2.05,6.15,16.31
PIT,2024-08-22,14,6,9,8,10,62.5,50.0,80.0,23.0,22.0,11.66,33.88,1.7,3.1,6.0,40.9
PIT,2024-08-22,15,7,10,11,10,81.82,81.82,70.0,13.45,15.18,4.61,16.82,1.2,2.25,7.8,28.2
PIT,2024-08-22,16,13,14,14,14,57.14,57.14,64.29,41.86,14.5,4.01,44.29,1.86,3.29,1.29,17.36
PIT,2024-08-22,17,14,9,14,13,64.29,50.0,69.23,30.57,17.21,7.14,35.0,1.85,2.23,8.62,25.92
PIT,2024-08-22,18,12,12,15,14,60.0,46.67,85.71,15.2,14.27,4.13,18.6,1.86,2.74,2.07,8.36
PIT,2024-08-22,19,7,8,7,9,71.43,71.43,100.0,10.57,14.43,3.81,13.0,3.33,4.91,2.89,1.44
PIT,2024-08-22,20,5,11,5,15,60.0,60.0,73.33,11.2,13.4,3.4,12.4,1.4,2.16,2.07,15.73
PIT,2024-08-22,21,2,12,4,12,100.0,75.0,66.67,3.25,17.5,6.9,5.75,1.0,3.69,2.83,17.0
PIT,2024-08-22,22,1,11,3,11,66.67,66.67,72.73,24.0,11.67,1.8,25.33,1.09,2.13,0.09,33.73
PIT,2024-08-22,23,0,7,0,7,0.0,0.0,71.43,0.0,0.0,0.0,0.0,1.43,0.43,8.0,18.71
PIT,2024-08-23,0,0,4,0,4,0.0,0.0,50.0,0.0,0.0,0.0,0.0,1.5,1.1,0.0,33.25
PIT,2024-08-23,1,0,0,0,2,0.0,0.0,100.0,0.0,0.0,0.0,0.0,0.0,1.5,0.0,0.0
PIT,2024-08-23,2,0,0,0,0,0.0,0.0,0.0,0.0,0.0,0.0,0.0,0.0,0.0,0.0,0.0
PIT,2024-08-23,3,0,0,1,0,100.0,100.0,0.0,0.0,10.0,0.0,0.0,0.0,0.0,0.0,0.0
PIT,2024-08-23,4,0,0,0,1,0.0,0.0,100.0,0.0,0.0,0.0,0.0,0.0,4.5,0.0,0.0
PIT,2024-08-23,5,6,2,5,6,100.0,100.0,66.67,0.0,16.4,6.72,1.8,2.0,2.02,3.33,15.83
PIT,2024-08-23,6,17,1,20,1,90.0,85.0,0.0,3.5,14.9,4.54,5.5,0.0,1.5,0.0,530.0
PIT,2024-08-23,7,14,2,16,2,87.5,87.5,50.0,3.44,14.25,4.09,4.75,3.0,0.75,2.0,8.5
PIT,2024-08-23,8,9,6,10,5,90.0,90.0,100.0,1.7,13.8,2.97,2.6,2.0,2.5,7.4,3.0
PIT,2024-08-23,9,6,5,8,6,62.5,50.0,100.0,12.75,16.75,6.44,16.5,1.17,3.47,3.83,1.5
PIT,2024-08-23,10,10,12,11,11,100.0,90.91,90.91,0.73,15.64,5.1,3.73,2.09,4.23,1.64,2.64
PIT,2024-08-23,11,12,7,13,12,92.31,84.62,75.0,1.62,13.46,3.27,3.15,3.0,1.65,3.17,17.08
PIT,2024-08-23,12,8,12,12,12,75.0,66.67,100.0,25.83,14.75,4.47,28.0,1.0,2.59,0.17,1.33
PIT,2024-08-23,13,11,5,12,7,91.67,91.67,85.71,2.5,13.08,2.78,3.5,1.29,2.47,1.14,5.14
PIT,2024-08-23,14,4,9,7,9,71.43,71.43,88.89,10.14,13.14,3.01,11.43,2.11,3.06,3.11,43.56
PIT,2024-08-23,15,7,10,8,10,100.0,100.0,70.0,1.25,13.13,2.99,1.25,1.1,1.89,0.9,13.4
PIT,2024-08-23,16,13,13,14,15,64.29,64.29,80.0,39.36,13.86,3.49,41.86,1.27,5.27,1.6,7.07
PIT,2024-08-23,17,14,9,14,12,92.86,85.71,58.33,2.29,13.64,3.51,3.29,1.08,3.0,4.83,19.0
PIT,2024-08-23,18,11,13,13,15,69.23,53.85,66.67,15.69,15.08,4.93,18.77,1.73,2.12,1.87,12.4
PIT,2024-08-23,19,8,9,8,10,50.0,50.0,90.0,23.0,13.0,2.39,24.5,0.9,8.27,5.4,4.6
PIT,2024-08-23,20,8,12,8,15,87.5,75.0,46.67,4.63,14.75,4.53,5.88,0.87,6.03,12.2,20.87
PIT,2024-08-23,21,3,12,6,12,66.67,50.0,83.33,9.67,15.33,4.68,13.83,1.75,4.94,1.75,4.58
PIT,2024-08-23,22,0,11,0,11,0.0,0.0,81.82,0.0,0.0,0.0,0.0,1.45,1.26,2.36,12.45
PIT,2024-08-23,23,0,7,0,7,0.0,0.0,42.86,0.0,0.0,0.0,0.0,3.57,1.57,6.57,32.0
PIT,2024-08-24,0,0,3,0,4,0.0,0.0,75.0,0.0,0.0,0.0,0.0,1.0,1.23,0.0,20.5
PIT,2024-08-24,1,0,0,0,0,0.0,0.0,0.0,0.0,0.0,0.0,0.0,0.0,0.0,0.0,0.0
PIT,2024-08-24,2,0,0,1,2,0.0,0.0,0.0,277.0,13.0,2.4,279.0,3.0,1.5,6.0,41.0
PIT,2024-08-24,3,0,0,2,1,0.0,0.0,0.0,42.5,13.0,2.4,44.5,0.0,1.5,4.0,32.0
PIT,2024-08-24,4,0,0,0,0,0.0,0.0,0.0,0.0,0.0,0.0,0.0,0.0,0.0,0.0,0.0
PIT,2024-08-24,5,3,0,3,3,100.0,100.0,100.0,0.0,15.0,4.1,0.67,1.33,0.7,0.0,7.0
PIT,2024-08-24,6,16,1,16,2,87.5,81.25,50.0,14.13,14.94,4.78,17.13,0.0,3.5,0.5,19.0
PIT,2024-08-24,7,12,1,16,2,87.5,81.25,100.0,6.5,15.25,4.83,9.38,0.0,0.75,0.0,0.0
PIT,2024-08-24,8,10,4,11,3,100.0,100.0,66.67,0.0,15.82,5.11,2.0,0.33,3.17,7.0,6.33
PIT,2024-08-24,9,8,5,7,6,85.71,85.71,83.33,50.0,13.71,4.19,52.29,2.67,0.65,1.33,14.67
PIT,2024-08-24,10,9,7,9,7,100.0,100.0,100.0,0.0,14.11,3.81,1.0,1.0,1.64,0.0,0.0
PIT,2024-08-24,11,8,7,8,10,100.0,87.5,80.0,2.38,13.63,3.25,3.25,1.7,1.68,1.9,14.8
PIT,2024-08-24,12,7,12,8,14,87.5,87.5,85.71,3.13,13.63,3.61,4.38,1.86,2.07,1.36,3.57
PIT,2024-08-24,13,7,3,10,3,80.0,80.0,100.0,9.6,12.7,2.75,10.9,2.33,2.87,0.67,0.0
PIT,2024-08-24,14,6,8,7,10,85.71,85.71,80.0,2.29,14.57,4.27,3.86,1.1,1.57,1.3,9.8
PIT,2024-08-24,15,7,8,7,8,85.71,85.71,75.0,26.71,12.43,2.36,27.71,0.13,1.88,1.38,31.38
PIT,2024-08-24,16,9,11,9,11,77.78,77.78,81.82,10.0,15.0,4.56,12.11,1.09,1.87,0.18,4.73
PIT,2024-08-24,17,9,8,9,10,77.78,66.67,70.0,8.33,17.67,7.99,14.67,1.1,2.11,1.2,9.1
PIT,2024-08-24,18,9,11,10,14,50.0,50.0,71.43,17.7,14.4,3.62,20.3,1.93,3.64,2.07,14.07
PIT,2024-08-24,19,3,7,4,7,75.0,75.0,85.71,19.5,11.75,1.88,19.5,1.14,1.71,1.0,11.57
PIT,2024-08-24,20,2,9,3,9,33.33,33.33,88.89,21.33,11.67,1.1,22.33,0.89,1.93,0.78,2.67
PIT,2024-08-24,21,2,8,2,8,50.0,50.0,100.0,10.5,14.5,3.9,13.0,2.63,2.92,0.63,2.13
PIT,2024-08-24,22,0,7,0,7,0.0,0.0,71.43,0.0,0.0,0.0,0.0,1.0,3.34,2.57,7.71
PIT,2024-08-24,23,0,6,0,6,0.0,0.0,83.33,0.0,0.0,0.0,0.0,1.67,1.85,1.5,3.67
PIT,2024-08-25,0,0,5,0,3,0.0,0.0,100.0,0.0,0.0,0.0,0.0,0.0,2.67,4.33,2.0
PIT,2024-08-25,1,0,1,0,1,0.0,0.0,0.0,0.0,0.0,0.0,0.0,0.0,1.5,0.0,34.0
PIT,2024-08-25,2,0,0,0,0,0.0,0.0,0.0,0.0,0.0,0.0,0.0,0.0,0.0,0.0,0.0
PIT,2024-08-25,3,0,0,1,0,100.0,100.0,0.0,0.0,14.0,3.4,3.0,0.0,0.0,0.0,0.0
PIT,2024-08-25,5,5,2,5,0,80.0,60.0,0.0,10.8,15.6,5.28,13.8,0.0,0.0,0.0,0.0
PIT,2024-08-25,6,17,0,17,0,94.12,94.12,0.0,1.06,14.29,4.11,1.94,0.0,0.0,0.0,0.0
PIT,2024-08-25,7,10,1,12,0,66.67,66.67,0.0,36.08,13.25,2.84,37.42,0.0,0.0,0.0,0.0
PIT,2024-08-25,8,11,2,11,2,90.91,90.91,50.0,2.45,14.36,3.86,3.27,2.0,2.0,7.5,13.5
PIT,2024-08-25,9,4,7,5,8,100.0,100.0,87.5,0.0,17.0,6.86,3.8,3.0,2.31,3.13,3.75
PIT,2024-08-25,10,12,10,13,10,100.0,92.31,60.0,0.08,17.23,6.57,3.0,0.8,3.91,4.2,23.6
PIT,2024-08-25,11,12,9,12,10,66.67,58.33,80.0,32.08,13.25,3.13,34.33,2.8,2.21,3.0,24.5
PIT,2024-08-25,12,8,14,8,13,87.5,87.5,100.0,1.88,14.5,4.24,4.63,0.69,3.35,0.38,0.0
PIT,2024-08-25,13,11,7,10,9,90.0,90.0,88.89,3.2,13.4,3.42,5.3,1.89,2.89,3.67,3.78
PIT,2024-08-25,14,7,10,12,10,83.33,83.33,90.0,10.75,15.0,4.63,14.33,0.9,2.49,1.8,2.7
PIT,2024-08-25,15,10,8,11,8,90.91,90.91,100.0,18.91,17.91,7.55,23.55,4.0,2.63,2.0,2.38
PIT,2024-08-25,16,9,12,10,12,100.0,90.0,91.67,0.1,18.7,8.11,5.4,1.33,2.56,0.83,2.25
PIT,2024-08-25,17,13,12,14,15,85.71,85.71,80.0,7.43,11.93,2.63,7.5,2.6,2.76,3.13,9.33
PIT,2024-08-25,18,12,10,14,14,85.71,71.43,71.43,9.79,16.79,6.74,14.93,1.0,1.66,2.5,11.5
PIT,2024-08-25,19,9,9,10,10,80.0,60.0,90.0,8.6,16.7,6.55,14.1,0.3,2.11,0.6,2.6
PIT,2024-08-25,20,6,12,6,13,100.0,83.33,76.92,2.17,12.83,3.12,3.0,0.46,1.68,1.31,13.62
PIT,2024-08-25,21,2,7,3,7,66.67,66.67,71.43,12.0,10.67,1.7,11.0,2.43,2.37,0.29,16.43
PIT,2024-08-25,22,0,10,0,11,0.0,0.0,90.91,0.0,0.0,0.0,0.0,2.0,2.31,2.09,7.09
PIT,2024-08-25,23,0,10,0,10,0.0,0.0,80.0,0.0,0.0,0.0,0.0,1.5,2.12,2.3,14.8
PIT,2024-08-26,0,0,4,0,5,0.0,0.0,80.0,0.0,0.0,0.0,0.0,1.2,1.16,2.8,3.6
PIT,2024-08-26,1,0,0,0,2,0.0,0.0,100.0,0.0,0.0,0.0,0.0,1.0,0.75,2.5,0.5
PIT,2024-08-26,3,0,0,1,0,100.0,100.0,0.0,0.0,10.0,0.0,0.0,0.0,0.0,0.0,0.0
PIT,2024-08-26,5,6,1,6,2,83.33,83.33,100.0,2.5,12.5,2.52,3.5,1.0,0.55,1.5,0.5
PIT,2024-08-26,6,17,1,17,1,100.0,94.12,0.0,0.24,17.29,7.05,3.88,0.0,1.5,1.0,523.0
PIT,2024-08-26,7,14,2,15,2,93.33,86.67,50.0,1.87,15.07,4.93,4.07,0.0,1.55,0.0,17.5
PIT,2024-08-26,8,8,5,8,9,75.0,75.0,55.56,17.88,15.88,4.99,20.25,4.67,2.61,9.33,16.33
PIT,2024-08-26,9,5,5,8,7,87.5,75.0,71.43,6.5,18.75,8.51,12.5,2.57,2.47,3.29,14.0
PIT,2024-08-26,10,10,12,11,12,100.0,100.0,91.67,0.27,13.55,2.93,0.82,2.58,2.5,1.75,25.17
PIT,2024-08-26,11,12,7,14,10,92.86,85.71,70.0,3.93,15.14,4.85,6.93,2.1,1.88,4.9,9.3
PIT,2024-08-26,12,8,12,10,12,80.0,80.0,100.0,19.6,14.9,4.8,22.8,2.42,2.09,0.08,0.08
PIT,2024-08-26,13,11,5,12,6,91.67,75.0,83.33,4.33,14.67,4.44,6.83,1.83,3.53,7.33,7.0
PIT,2024-08-26,14,4,9,5,11,100.0,80.0,90.91,2.6,12.4,2.34,3.8,2.55,2.59,3.64,35.73
PIT,2024-08-26,15,7,10,7,10,100.0,100.0,70.0,0.71,14.29,3.56,0.71,0.8,1.49,4.6,35.2
PIT,2024-08-26,16,13,13,12,14,50.0,41.67,57.14,59.83,15.25,4.78,63.42,2.57,4.21,8.21,26.71
PIT,2024-08-26,17,13,9,14,11,64.29,64.29,54.55,41.5,14.86,4.78,44.5,1.0,4.18,4.0,43.64
PIT,2024-08-26,18,12,12,13,12,76.92,69.23,75.0,18.31,17.31,7.15,23.46,1.25,2.23,1.33,35.0
PIT,2024-08-26,19,7,8,7,8,85.71,71.43,75.0,25.0,14.86,4.41,27.86,3.38,2.34,3.75,14.13
PIT,2024-08-26,20,7,12,6,14,33.33,33.33,71.43,44.5,14.0,4.0,46.0,1.71,1.78,4.43,21.07
PIT,2024-08-26,21,3,11,5,12,80.0,60.0,75.0,16.8,16.4,5.8,21.4,1.67,1.19,3.75,22.92
PIT,2024-08-26,22,0,11,3,12,66.67,66.67,58.33,21.0,16.33,5.73,25.67,2.42,0.96,3.0,22.0
PIT,2024-08-26,23,0,7,0,9,0.0,0.0,44.44,0.0,0.0,0.0,0.0,2.89,3.83,10.89,20.67
PIT,2024-08-27,0,0,3,0,4,0.0,0.0,75.0,0.0,0.0,0.0,0.0,1.25,2.73,1.0,6.75
PIT,2024-08-27,1,0,0,1,0,0.0,0.0,0.0,72.0,15.0,4.4,76.0,0.0,0.0,0.0,0.0
PIT,2024-08-27,2,0,0,0,1,0.0,0.0,100.0,0.0,0.0,0.0,0.0,0.0,1.5,0.0,0.0
PIT,2024-08-27,3,0,0,1,0,100.0,100.0,0.0,0.0,10.0,0.0,0.0,0.0,0.0,0.0,0.0
PIT,2024-08-27,4,0,0,0,1,0.0,0.0,100.0,0.0,0.0,0.0,0.0,0.0,2.5,0.0,6.0
PIT,2024-08-27,5,3,0,3,4,100.0,100.0,100.0,0.0,11.67,1.07,0.0,0.0,0.88,2.25,6.0
PIT,2024-08-27,6,16,1,18,0,100.0,100.0,0.0,0.44,14.33,4.0,1.44,0.0,0.0,0.0,0.0
PIT,2024-08-27,7,12,1,19,2,73.68,68.42,50.0,8.21,15.37,5.04,11.37,0.5,2.55,0.0,8.5
PIT,2024-08-27,8,7,3,10,3,80.0,80.0,100.0,9.5,14.0,3.26,10.6,2.0,3.83,5.0,2.0
PIT,2024-08-27,9,4,3,4,4,75.0,75.0,25.0,12.25,13.0,4.13,13.25,0.5,2.23,8.25,23.75
PIT,2024-08-27,10,9,6,10,8,90.0,90.0,87.5,7.2,13.3,2.85,8.1,1.38,1.77,2.38,3.88
PIT,2024-08-27,11,7,8,8,8,75.0,62.5,87.5,10.75,16.88,6.35,15.25,1.13,2.13,1.5,9.75
PIT,2024-08-27,12,7,7,8,9,87.5,87.5,77.78,60.63,12.13,2.55,60.75,1.22,3.1,0.44,7.78
PIT,2024-08-27,13,8,4,9,7,100.0,100.0,42.86,0.0,16.89,6.28,2.22,1.43,1.07,2.43,20.29
PIT,2024-08-27,14,5,7,9,8,66.67,66.67,100.0,19.89,12.78,2.82,22.22,1.13,1.49,1.63,2.88
PIT,2024-08-27,15,5,12,6,16,83.33,66.67,56.25,7.67,13.83,3.65,10.0,3.19,1.33,7.13,73.25
PIT,2024-08-27,16,15,13,15,14,80.0,73.33,100.0,41.4,14.87,4.52,44.0,0.86,2.81,1.57,1.71
PIT,2024-08-27,17,10,8,11,11,90.91,81.82,90.91,2.82,15.27,5.09,4.91,3.64,1.01,2.73,4.0
PIT,2024-08-27,18,12,12,13,16,61.54,30.77,68.75,16.31,22.31,12.1,25.23,2.25,0.89,0.56,21.69
PIT,2024-08-27,19,5,6,7,7,71.43,71.43,100.0,13.71,14.29,4.69,15.71,3.14,1.11,2.71,1.14
PIT,2024-08-27,20,4,12,4,14,50.0,50.0,85.71,48.25,16.75,6.18,51.0,2.71,0.55,5.57,17.79
PIT,2024-08-27,21,2,8,4,9,100.0,100.0,88.89,0.0,15.5,4.9,1.5,0.67,0.96,0.0,10.22
PIT,2024-08-27,22,0,11,2,11,50.0,50.0,81.82,8.5,11.5,1.2,9.5,1.73,0.51,0.73,24.73
PIT,2024-08-27,23,0,6,0,6,0.0,0.0,83.33,0.0,0.0,0.0,0.0,3.5,1.02,14.0,20.5
PIT,2024-08-28,0,0,3,0,3,0.0,0.0,66.67,0.0,0.0,0.0,0.0,3.67,0.67,2.67,5.67
PIT,2024-08-28,1,0,0,0,1,0.0,0.0,100.0,0.0,0.0,0.0,0.0,0.0,1.5,0.0,0.0
PIT,2024-08-28,3,0,0,1,0,100.0,100.0,0.0,0.0,10.0,0.0,0.0,0.0,0.0,0.0,0.0
PIT,2024-08-28,4,0,0,0,1,0.0,0.0,100.0,0.0,0.0,0.0,0.0,0.0,2.5,0.0,0.0
PIT,2024-08-28,5,3,1,4,3,100.0,100.0,33.33,0.0,15.5,4.9,1.25,0.0,1.83,0.0,12.0
PIT,2024-08-28,6,16,1,18,1,100.0,94.44,0.0,0.56,17.06,6.72,3.0,2.0,1.5,4.0,544.0
PIT,2024-08-28,7,12,1,20,1,75.0,75.0,100.0,9.05,13.65,3.32,10.45,1.0,1.5,1.0,0.0
PIT,2024-08-28,8,7,3,10,5,80.0,80.0,60.0,5.5,16.2,5.46,8.0,6.0,2.5,11.0,13.2
PIT,2024-08-28,9,4,3,4,3,100.0,100.0,66.67,0.0,12.0,3.13,1.0,1.33,2.13,0.0,7.33
PIT,2024-08-28,10,9,7,10,7,80.0,80.0,85.71,6.6,14.9,4.22,8.4,2.14,3.1,4.0,3.57
PIT,2024-08-28,11,8,9,9,10,100.0,100.0,80.0,2.11,12.56,2.1,1.89,2.2,2.1,1.4,13.0
PIT,2024-08-28,12,8,8,9,10,88.89,88.89,80.0,29.44,13.0,3.14,30.0,2.1,2.44,3.4,7.7
PIT,2024-08-28,13,9,4,11,7,90.91,90.91,71.43,4.73,15.0,4.44,6.27,2.43,2.5,4.14,17.29
PIT,2024-08-28,14,5,8,9,12,77.78,77.78,75.0,34.22,13.67,3.69,36.44,2.0,2.03,3.33,54.0
PIT,2024-08-28,15,6,12,8,14,87.5,87.5,78.57,9.5,14.63,4.28,11.5,4.86,2.08,6.07,8.29
PIT,2024-08-28,16,14,13,15,16,86.67,60.0,81.25,33.2,16.47,6.23,38.0,1.75,3.38,1.44,7.88
PIT,2024-08-28,17,11,7,11,10,81.82,63.64,50.0,9.0,18.27,8.11,14.36,2.7,1.73,5.7,20.0
PIT,2024-08-28,18,11,11,13,15,69.23,53.85,53.33,30.85,18.38,8.15,36.38,2.13,2.11,5.87,53.4
PIT,2024-08-28,19,5,5,6,7,33.33,33.33,57.14,61.83,27.67,17.3,78.83,2.43,2.19,11.57,23.86
PIT,2024-08-28,20,3,12,3,16,33.33,33.33,81.25,72.0,13.33,2.97,72.33,2.25,1.48,3.06,12.56
PIT,2024-08-28,21,2,8,4,8,50.0,25.0,62.5,19.25,17.5,6.9,25.75,1.5,2.64,20.5,18.88
PIT,2024-08-28,22,0,11,2,11,100.0,100.0,63.64,0.0,14.0,3.4,0.0,2.64,2.35,0.91,18.73
PIT,2024-08-28,23,0,6,0,6,0.0,0.0,100.0,0.0,0.0,0.0,0.0,1.17,0.6,1.0,5.0
PIT,2024-08-29,0,0,4,0,3,0.0,0.0,100.0,0.0,0.0,0.0,0.0,3.0,1.13,1.67,0.33
PIT,2024-08-29,1,0,0,0,1,0.0,0.0,100.0,0.0,0.0,0.0,0.0,0.0,1.5,0.0,0.0
PIT,2024-08-29,3,0,0,1,0,100.0,100.0,0.0,0.0,10.0,0.0,0.0,0.0,0.0,0.0,0.0
PIT,2024-08-29,4,0,0,0,1,0.0,0.0,100.0,0.0,0.0,0.0,0.0,0.0,1.5,0.0,0.0
PIT,2024-08-29,5,6,2,6,4,100.0,100.0,75.0,0.0,16.0,6.02,2.33,1.25,2.78,2.25,15.5
PIT,2024-08-29,6,17,1,21,1,100.0,100.0,0.0,0.48,15.52,5.15,2.95,0.0,0.5,1.0,526.0
PIT,2024-08-29,7,13,2,16,2,100.0,87.5,50.0,1.06,14.06,3.97,3.69,1.0,1.5,3.5,18.5
PIT,2024-08-29,8,9,3,12,3,75.0,75.0,66.67,14.33,16.83,5.99,17.08,5.0,3.83,9.67,44.33
PIT,2024-08-29,9,3,6,5,6,60.0,60.0,100.0,13.2,13.6,3.46,15.2,1.5,2.8,1.67,0.0
PIT,2024-08-29,10,11,11,13,11,84.62,84.62,90.91,8.08,15.23,4.57,9.92,1.0,2.59,1.82,2.82
PIT,2024-08-29,11,11,8,10,9,100.0,90.0,77.78,1.5,13.8,3.48,2.7,2.56,2.42,4.67,55.78
PIT,2024-08-29,12,8,12,8,12,75.0,75.0,100.0,24.25,13.63,3.5,26.38,1.17,2.68,0.83,0.75
PIT,2024-08-29,13,12,7,13,8,100.0,92.31,75.0,0.77,15.85,5.48,3.31,1.38,1.79,3.38,6.0
PIT,2024-08-29,14,6,9,6,9,66.67,83.33,66.67,9.67,10.0,0.47,9.17,3.11,0.89,1.22,102.67
PIT,2024-08-29,15,7,10,9,12,66.67,55.56,75.0,9.33,13.22,3.01,11.67,1.5,0.58,2.5,9.33
PIT,2024-08-29,16,13,14,13,18,38.46,38.46,50.0,56.15,12.92,2.46,58.31,7.39,1.88,11.56,35.94
PIT,2024-08-29,17,14,9,14,12,64.29,57.14,66.67,26.0,16.93,7.04,32.43,4.75,2.79,7.08,26.58
PIT,2024-08-29,18,11,12,12,14,0.0,0.0,57.14,126.58,16.83,6.63,133.0,7.43,1.68,25.93,55.79
PIT,2024-08-29,19,8,8,7,10,42.86,42.86,60.0,211.43,13.71,3.67,215.0,7.1,3.44,11.1,16.8
PIT,2024-08-29,20,5,11,5,16,60.0,60.0,50.0,77.0,10.6,0.7,77.2,3.94,1.04,5.5,34.69
PIT,2024-08-29,21,2,12,5,13,80.0,80.0,38.46,32.4,13.8,3.32,34.2,2.85,2.09,22.0,50.31
PIT,2024-08-29,22,1,11,3,10,100.0,100.0,70.0,0.0,11.67,1.07,0.0,1.6,1.51,3.4,18.4
PIT,2024-08-29,23,0,7,3,7,66.67,66.67,42.86,13.67,14.33,3.93,17.33,2.71,1.59,16.43,31.29
PIT,2024-08-30,0,0,4,1,3,0.0,0.0,33.33,27.0,18.0,6.5,34.0,2.33,5.17,8.67,16.0
PIT,2024-08-30,1,0,0,0,2,0.0,0.0,100.0,0.0,0.0,0.0,0.0,0.0,4.5,0.0,0.0
PIT,2024-08-30,2,0,0,1,0,100.0,100.0,0.0,0.0,21.0,10.4,10.0,0.0,0.0,0.0,0.0
PIT,2024-08-30,4,0,0,0,1,0.0,0.0,100.0,0.0,0.0,0.0,0.0,0.0,1.5,0.0,0.0
PIT,2024-08-30,5,6,2,5,5,80.0,60.0,60.0,4.4,22.8,13.42,16.8,0.4,1.22,4.0,10.6
PIT,2024-08-30,6,17,1,19,1,94.74,94.74,0.0,2.16,11.16,1.13,2.37,0.0,0.5,0.0,521.0
PIT,2024-08-30,7,14,3,16,6,87.5,81.25,33.33,4.25,12.25,2.33,5.31,0.83,3.18,11.0,28.5
PIT,2024-08-30,8,10,5,15,6,73.33,73.33,50.0,10.67,13.2,2.79,12.27,2.83,1.67,6.33,20.0
PIT,2024-08-30,9,4,5,8,7,87.5,87.5,71.43,4.0,12.63,2.5,5.38,0.57,1.2,7.29,9.14
PIT,2024-08-30,10,11,13,14,13,71.43,71.43,84.62,9.36,11.14,1.49,10.0,2.08,1.55,2.15,7.38
PIT,2024-08-30,11,13,7,17,8,58.82,58.82,62.5,19.35,11.41,1.96,20.18,1.13,2.16,3.25,19.0
PIT,2024-08-30,12,8,11,8,12,50.0,50.0,58.33,30.5,11.0,1.01,30.88,2.0,0.87,1.17,15.58
PIT,2024-08-30,13,10,6,11,6,90.91,90.91,66.67,9.64,11.45,1.53,10.0,1.5,1.03,4.5,11.83
PIT,2024-08-30,14,5,8,5,7,100.0,100.0,42.86,1.2,11.4,2.36,2.4,0.86,1.29,1.43,23.86
PIT,2024-08-30,15,6,10,6,11,50.0,50.0,54.55,54.0,17.5,6.85,60.0,2.64,9.14,12.73,23.82
PIT,2024-08-30,16,13,14,16,15,31.25,31.25,33.33,72.31,13.25,3.42,74.69,2.87,28.23,23.27,52.87
PIT,2024-08-30,17,14,9,14,12,0.0,0.0,8.33,118.5,13.57,3.76,121.71,20.92,17.46,34.0,45.5
PIT,2024-08-30,18,11,13,13,16,23.08,15.38,31.25,51.54,12.54,2.66,53.85,3.19,6.24,7.56,36.38
PIT,2024-08-30,19,8,9,7,10,42.86,42.86,40.0,37.43,14.43,3.93,40.71,3.3,5.52,6.7,64.1
PIT,2024-08-30,20,8,12,6,14,0.0,0.0,35.71,107.5,13.0,2.9,110.17,3.36,6.04,16.93,61.93
PIT,2024-08-30,21,3,11,6,13,50.0,33.33,61.54,30.5,13.5,3.6,33.0,1.54,6.52,1.77,13.23
PIT,2024-08-30,22,0,11,0,11,0.0,0.0,100.0,0.0,0.0,0.0,0.0,0.91,1.67,0.64,1.45
PIT,2024-08-30,23,0,7,0,7,0.0,0.0,71.43,0.0,0.0,0.0,0.0,3.14,1.14,2.14,6.57
PIT,2024-08-31,0,0,2,0,3,0.0,0.0,66.67,0.0,0.0,0.0,0.0,0.67,2.17,1.67,17.0
PIT,2024-08-31,1,0,0,1,1,0.0,0.0,100.0,43.0,12.0,1.4,44.0,0.0,2.5,0.0,0.0
PIT,2024-08-31,2,0,0,0,1,0.0,0.0,0.0,0.0,0.0,0.0,0.0,36.0,1.5,38.0,23.0
PIT,2024-08-31,3,0,0,0,0,0.0,0.0,0.0,0.0,0.0,0.0,0.0,0.0,0.0,0.0,0.0
PIT,2024-08-31,4,0,0,0,0,0.0,0.0,0.0,0.0,0.0,0.0,0.0,0.0,0.0,0.0,0.0
PIT,2024-08-31,5,2,0,2,3,100.0,100.0,66.67,0.0,12.0,1.7,0.0,1.0,2.0,0.0,6.33
PIT,2024-08-31,6,16,1,16,2,87.5,93.75,50.0,2.88,12.31,2.37,3.81,0.0,1.0,1.5,20.5
PIT,2024-08-31,7,12,1,16,2,81.25,81.25,100.0,24.75,12.06,1.82,25.75,1.0,1.55,5.5,3.0
PIT,2024-08-31,8,9,3,12,3,75.0,75.0,66.67,6.5,11.25,1.18,6.92,0.33,2.33,8.33,5.0
PIT,2024-08-31,9,7,4,8,5,75.0,75.0,80.0,14.13,10.13,0.9,13.75,3.2,1.5,1.2,6.6
PIT,2024-08-31,10,9,9,10,9,90.0,90.0,88.89,3.7,13.6,3.58,5.7,1.11,2.22,0.44,5.67
PIT,2024-08-31,11,9,7,9,7,100.0,100.0,100.0,0.22,10.44,0.34,0.22,1.43,1.76,1.71,0.57
PIT,2024-08-31,12,7,11,8,11,87.5,87.5,81.82,2.38,12.88,3.4,3.25,0.91,2.01,0.64,11.45
PIT,2024-08-31,13,7,4,7,5,85.71,85.71,100.0,6.57,10.43,1.0,7.14,3.8,2.22,2.0,1.4
PIT,2024-08-31,14,6,8,7,9,71.43,57.14,100.0,34.0,15.14,5.04,37.14,2.78,0.64,0.78,0.0
PIT,2024-08-31,15,7,6,7,8,85.71,85.71,75.0,4.86,16.0,6.27,9.86,6.25,2.38,8.5,11.0
PIT,2024-08-31,16,7,10,8,10,87.5,75.0,50.0,6.75,11.38,1.59,7.88,4.4,1.51,13.9,27.0
PIT,2024-08-31,17,7,6,7,9,57.14,57.14,88.89,28.14,10.29,1.79,29.0,2.44,1.44,4.67,4.22
PIT,2024-08-31,18,6,10,9,10,88.89,77.78,60.0,4.11,16.44,6.47,10.44,3.1,4.54,7.6,19.3
PIT,2024-08-31,19,3,7,3,7,100.0,100.0,57.14,0.0,10.0,0.7,0.0,8.0,0.33,10.29,32.43
PIT,2024-08-31,20,2,9,2,10,50.0,50.0,60.0,430.0,16.5,5.9,435.5,1.3,3.36,3.6,91.5
PIT,2024-08-31,21,2,7,2,7,50.0,50.0,57.14,31.0,9.0,0.0,29.0,3.71,3.69,1.29,16.29
PIT,2024-08-31,22,0,6,0,6,0.0,0.0,66.67,0.0,0.0,0.0,0.0,0.0,1.78,0.0,12.5
PIT,2024-08-31,23,0,6,0,6,0.0,0.0,100.0,0.0,0.0,0.0,0.0,2.33,0.82,0.0,0.0
PIT,2024-09-01,0,0,3,0,2,0.0,0.0,100.0,0.0,0.0,0.0,0.0,0.5,2.35,10.0,5.0
PIT,2024-09-01,2,0,0,0,1,0.0,0.0,100.0,0.0,0.0,0.0,0.0,0.0,0.5,0.0,0.0
PIT,2024-09-01,3,0,0,1,0,0.0,0.0,0.0,177.0,12.0,1.4,178.0,0.0,0.0,0.0,0.0
PIT,2024-09-01,5,3,2,3,1,100.0,100.0,0.0,1.0,11.0,0.8,0.67,0.0,0.0,0.0,60.0
PIT,2024-09-01,6,12,0,13,0,84.62,84.62,0.0,5.62,13.31,2.84,6.92,0.0,0.0,0.0,0.0
PIT,2024-09-01,7,10,0,10,1,90.0,90.0,0.0,14.7,11.5,1.29,14.9,3.0,0.5,6.0,44.0
PIT,2024-09-01,8,9,2,11,2,100.0,100.0,100.0,0.27,11.36,1.4,0.09,1.5,2.0,8.5,5.0
PIT,2024-09-01,9,4,4,7,6,85.71,85.71,50.0,3.57,12.14,2.66,4.71,3.0,1.75,5.17,24.5
PIT,2024-09-01,10,12,6,12,6,91.67,91.67,100.0,4.92,11.33,1.41,4.83,1.83,0.77,0.0,0.0
PIT,2024-09-01,11,9,6,11,7,100.0,100.0,85.71,0.64,10.64,0.83,0.82,3.29,0.54,2.0,3.86
PIT,2024-09-01,12,8,9,8,10,100.0,100.0,90.0,0.0,16.5,6.25,4.75,1.5,0.45,0.6,3.4
PIT,2024-09-01,13,8,8,11,9,72.73,72.73,66.67,13.91,10.91,1.34,13.55,2.22,0.99,2.0,17.22
PIT,2024-09-01,14,8,10,9,12,77.78,77.78,66.67,10.33,12.11,2.91,12.89,1.5,1.15,1.33,18.75
PIT,2024-09-01,15,10,7,12,7,66.67,66.67,71.43,17.33,14.75,4.79,21.17,2.14,6.71,6.43,9.71
PIT,2024-09-01,16,7,13,7,15,71.43,57.14,73.33,8.29,14.71,4.41,11.86,2.4,1.96,3.27,25.87
PIT,2024-09-01,17,9,7,11,8,100.0,81.82,75.0,0.82,14.55,4.55,4.18,1.75,1.64,5.0,13.25
PIT,2024-09-01,18,8,9,9,13,77.78,77.78,92.31,23.11,13.89,3.33,24.11,1.77,1.09,4.0,12.69
PIT,2024-09-01,19,7,9,8,10,62.5,62.5,80.0,21.0,12.88,2.92,22.25,1.9,1.62,2.3,7.7
PIT,2024-09-01,20,4,11,4,12,100.0,100.0,58.33,0.0,14.25,3.8,1.25,0.67,1.24,1.08,35.0
PIT,2024-09-01,21,1,10,1,10,100.0,100.0,80.0,0.0,9.0,0.0,0.0,1.9,2.44,0.5,5.5
PIT,2024-09-01,22,1,8,1,8,0.0,0.0,75.0,24.0,13.0,3.3,27.0,2.5,2.28,2.13,7.63
PIT,2024-09-01,23,0,7,0,7,0.0,0.0,85.71,0.0,0.0,0.0,0.0,2.57,1.44,2.57,27.0
PIT,2024-09-02,0,0,4,0,3,0.0,0.0,66.67,0.0,0.0,0.0,0.0,0.0,1.57,0.0,46.0
PIT,2024-09-02,1,0,0,0,0,0.0,0.0,0.0,0.0,0.0,0.0,0.0,0.0,0.0,0.0,0.0
PIT,2024-09-02,2,0,0,0,0,0.0,0.0,0.0,0.0,0.0,0.0,0.0,0.0,0.0,0.0,0.0
PIT,2024-09-02,5,6,1,6,2,100.0,100.0,50.0,0.0,10.67,1.03,0.17,0.0,0.5,0.0,9.0
PIT,2024-09-02,6,15,1,16,1,81.25,81.25,0.0,7.19,10.88,1.01,7.19,0.0,1.5,0.0,517.0
PIT,2024-09-02,7,15,3,15,3,100.0,100.0,100.0,0.0,12.0,1.93,0.27,0.67,1.5,3.67,0.0
PIT,2024-09-02,8,10,5,12,6,83.33,83.33,83.33,10.0,11.83,1.4,10.25,1.67,4.33,8.17,8.0
PIT,2024-09-02,9,5,5,5,6,100.0,100.0,100.0,0.0,12.6,2.48,0.0,2.0,1.83,1.83,0.0
PIT,2024-09-02,10,9,10,10,9,90.0,90.0,100.0,3.7,11.0,1.07,3.8,2.11,0.82,0.56,1.11
PIT,2024-09-02,11,12,8,15,9,100.0,100.0,88.89,0.27,10.4,0.72,0.8,1.11,0.61,0.33,12.67
PIT,2024-09-02,12,8,12,9,14,88.89,88.89,85.71,19.78,10.11,0.48,20.0,0.93,0.61,0.21,17.79
PIT,2024-09-02,13,12,5,12,7,91.67,83.33,100.0,18.5,13.5,3.63,21.08,2.43,1.91,1.29,0.71
PIT,2024-09-02,14,4,8,8,10,100.0,100.0,80.0,0.0,10.5,0.51,0.0,1.6,0.93,1.5,47.7
PIT,2024-09-02,15,6,10,5,10,80.0,80.0,100.0,19.0,13.0,2.82,18.8,2.6,1.78,3.8,2.1
PIT,2024-09-02,16,13,14,14,17,85.71,85.71,76.47,14.79,12.5,2.59,15.64,4.76,1.25,7.35,9.59
PIT,2024-09-02,17,13,9,14,10,71.43,57.14,80.0,6.57,15.79,5.82,10.86,1.4,5.66,15.0,18.1
PIT,2024-09-02,18,12,13,12,14,75.0,75.0,71.43,87.5,11.0,1.77,88.25,2.07,1.37,8.14,22.14
PIT,2024-09-02,19,8,9,8,11,37.5,37.5,54.55,46.5,11.63,2.46,47.25,2.64,1.09,14.45,23.45
PIT,2024-09-02,20,7,11,10,12,60.0,60.0,50.0,97.5,11.6,1.74,98.5,0.5,1.74,3.42,94.0
PIT,2024-09-02,21,2,11,3,12,66.67,66.67,75.0,26.33,14.0,3.6,27.0,1.83,1.55,0.17,9.0
PIT,2024-09-02,22,1,11,2,13,50.0,50.0,76.92,14.5,15.5,5.2,19.5,1.0,1.85,8.38,7.31
PIT,2024-09-02,23,0,7,0,6,0.0,0.0,66.67,0.0,0.0,0.0,0.0,1.5,0.3,0.0,11.17
PIT,2024-09-03,0,0,4,0,4,0.0,0.0,50.0,0.0,0.0,0.0,0.0,1.25,0.8,0.0,51.5
PIT,2024-09-03,1,0,0,0,0,0.0,0.0,0.0,0.0,0.0,0.0,0.0,0.0,0.0,0.0,0.0
PIT,2024-09-03,2,0,0,0,1,0.0,0.0,100.0,0.0,0.0,0.0,0.0,0.0,0.5,0.0,0.0
PIT,2024-09-03,3,0,0,1,0,0.0,0.0,0.0,20.0,12.0,1.4,21.0,0.0,0.0,0.0,0.0
PIT,2024-09-03,4,0,1,0,0,0.0,0.0,0.0,0.0,0.0,0.0,0.0,0.0,0.0,0.0,0.0
PIT,2024-09-03,5,4,0,4,1,100.0,100.0,100.0,0.0,12.0,1.57,0.0,0.0,0.5,0.0,0.0
PIT,2024-09-03,6,17,1,19,1,89.47,89.47,0.0,4.32,13.74,3.56,5.68,8.0,0.0,6.0,529.0
PIT,2024-09-03,7,11,1,11,2,90.91,90.91,100.0,17.73,13.45,3.35,18.91,0.0,0.5,0.0,0.0
PIT,2024-09-03,8,10,3,13,4,92.31,92.31,75.0,2.92,14.69,3.95,5.0,4.25,0.88,3.75,13.5
PIT,2024-09-03,9,4,4,5,6,100.0,100.0,83.33,1.2,13.6,4.08,3.4,3.0,0.72,2.0,9.33
PIT,2024-09-03,10,9,8,10,9,90.0,90.0,77.78,2.1,14.6,4.29,4.0,2.78,1.39,0.67,9.89
PIT,2024-09-03,11,7,10,10,12,80.0,80.0,75.0,9.5,12.4,1.89,10.5,2.58,1.13,3.0,13.17
PIT,2024-09-03,12,8,8,8,8,75.0,75.0,62.5,29.25,11.5,1.9,29.88,2.75,3.04,5.63,14.25
PIT,2024-09-03,13,9,4,10,5,90.0,90.0,100.0,5.7,11.4,1.2,6.5,0.4,0.1,0.0,1.0
PIT,2024-09-03,14,5,7,6,7,83.33,83.33,100.0,8.17,12.0,2.12,8.5,2.29,0.97,2.57,0.43
PIT,2024-09-03,15,5,13,7,16,100.0,100.0,81.25,1.71,12.0,1.74,2.14,1.56,0.79,1.88,41.94
PIT,2024-09-03,16,15,11,13,13,84.62,84.62,84.62,46.46,13.69,3.71,47.85,0.38,0.95,0.08,5.46
PIT,2024-09-03,17,11,8,13,12,76.92,76.92,75.0,12.0,14.0,3.91,13.0,2.17,1.32,3.75,7.42
PIT,2024-09-03,18,11,12,14,15,78.57,71.43,60.0,6.43,13.21,3.29,8.29,1.73,1.93,2.67,31.73
PIT,2024-09-03,19,5,6,5,8,80.0,80.0,75.0,19.2,13.6,3.18,21.8,2.13,0.69,1.75,9.38
PIT,2024-09-03,20,4,12,4,15,50.0,50.0,66.67,35.5,14.75,4.15,38.25,1.8,0.64,4.33,14.73
PIT,2024-09-03,21,1,7,4,8,75.0,75.0,100.0,7.0,14.0,3.4,8.75,0.88,0.68,0.0,0.38
PIT,2024-09-03,22,1,11,3,11,33.33,33.33,81.82,13.33,15.33,4.73,17.33,1.82,0.89,4.36,6.45
PIT,2024-09-03,23,0,6,1,6,100.0,100.0,100.0,0.0,10.0,0.0,0.0,1.33,0.93,0.0,0.0
PIT,2024-09-04,0,0,3,0,4,0.0,0.0,75.0,0.0,0.0,0.0,0.0,1.75,0.95,0.0,7.0
PIT,2024-09-04,1,0,0,0,0,0.0,0.0,0.0,0.0,0.0,0.0,0.0,0.0,0.0,0.0,0.0
PIT,2024-09-04,2,0,0,0,0,0.0,0.0,0.0,0.0,0.0,0.0,0.0,0.0,0.0,0.0,0.0
PIT,2024-09-04,3,0,0,0,1,0.0,0.0,100.0,0.0,0.0,0.0,0.0,0.0,0.0,0.0,0.0
PIT,2024-09-04,4,0,0,1,2,100.0,100.0,50.0,0.0,10.0,0.0,0.0,0.0,0.75,21.5,55.5
PIT,2024-09-04,5,2,0,2,3,100.0,100.0,66.67,0.0,11.5,0.9,0.0,0.0,0.0,0.0,9.33
PIT,2024-09-04,6,17,1,19,1,100.0,100.0,0.0,0.11,14.21,3.85,1.11,11.0,0.0,8.0,531.0
PIT,2024-09-04,7,10,1,14,2,85.71,78.57,50.0,4.57,14.0,3.89,6.86,7.5,0.25,7.0,14.0
PIT,2024-09-04,8,9,4,13,4,84.62,84.62,75.0,8.69,13.46,2.85,9.46,5.0,0.6,4.25,24.75
PIT,2024-09-04,9,6,3,9,4,55.56,55.56,75.0,12.44,11.44,1.51,12.78,1.75,5.83,3.75,4.0
PIT,2024-09-04,10,8,5,8,5,100.0,100.0,100.0,0.0,11.63,1.76,0.0,2.6,4.26,1.4,0.6
PIT,2024-09-04,11,5,9,5,10,100.0,100.0,80.0,0.0,10.8,0.28,0.0,1.4,0.38,0.1,6.8
PIT,2024-09-04,12,11,6,13,7,76.92,69.23,71.43,20.46,11.46,1.67,20.31,3.43,0.79,0.57,13.43
PIT,2024-09-04,13,5,6,5,8,80.0,80.0,75.0,4.6,10.2,0.52,4.2,3.63,0.23,2.5,6.63
PIT,2024-09-04,14,6,8,7,9,85.71,85.71,88.89,8.0,12.29,2.44,9.14,3.22,1.02,1.33,41.44
PIT,2024-09-04,15,6,10,6,11,100.0,100.0,72.73,0.0,15.5,5.67,1.5,1.09,0.5,1.18,13.27
PIT,2024-09-04,16,14,12,15,14,66.67,53.33,85.71,9.93,14.73,4.49,13.0,2.14,2.31,2.36,4.07
PIT,2024-09-04,17,9,6,12,10,66.67,66.67,50.0,87.0,14.5,4.23,89.67,0.8,0.08,4.5,16.3
PIT,2024-09-04,18,8,11,10,14,70.0,60.0,100.0,17.9,14.3,4.29,20.2,2.07,0.78,1.07,1.29
PIT,2024-09-04,19,5,5,6,9,83.33,83.33,55.56,11.17,12.33,2.07,11.5,1.78,0.53,2.89,12.67
PIT,2024-09-04,20,2,12,2,14,100.0,100.0,78.57,0.0,19.0,8.4,4.5,2.93,1.01,7.43,15.79
PIT,2024-09-04,21,0,6,3,8,66.67,66.67,87.5,11.0,10.67,0.93,10.67,2.5,0.9,1.5,20.13
PIT,2024-09-04,22,1,10,3,11,100.0,100.0,81.82,0.0,13.33,3.47,1.33,2.73,1.56,3.64,9.55
PIT,2024-09-04,23,0,7,1,7,100.0,100.0,71.43,0.0,12.0,1.4,0.0,3.71,1.23,8.86,21.86
PIT,2024-09-05,0,0,2,1,4,100.0,100.0,75.0,0.0,14.0,3.4,0.0,0.0,0.43,0.0,8.5
PIT,2024-09-05,1,0,1,0,2,0.0,0.0,50.0,0.0,0.0,0.0,0.0,0.0,0.4,1.0,31.0
PIT,2024-09-05,2,0,0,2,0,100.0,100.0,0.0,0.0,6.5,0.0,0.0,0.0,0.0,0.0,0.0
PIT,2024-09-05,3,0,0,1,0,100.0,100.0,0.0,0.0,10.0,0.0,0.0,0.0,0.0,0.0,0.0
PIT,2024-09-05,4,0,1,0,1,0.0,0.0,100.0,0.0,0.0,0.0,0.0,0.0,0.0,0.0,0.0
PIT,2024-09-05,5,6,1,6,3,100.0,100.0,66.67,0.0,12.33,2.27,0.33,0.0,0.5,0.0,8.0
PIT,2024-09-05,6,19,1,23,0,100.0,95.65,0.0,0.74,12.43,2.04,1.35,0.0,0.0,0.0,0.0
PIT,2024-09-05,7,11,2,15,1,80.0,80.0,100.0,6.87,12.53,2.45,8.33,12.0,0.5,8.0,0.0
PIT,2024-09-05,8,13,5,15,7,86.67,86.67,71.43,25.33,13.13,2.55,25.73,3.57,0.7,7.14,62.86
PIT,2024-09-05,9,4,8,6,9,66.67,66.67,88.89,18.67,13.0,2.97,19.83,3.44,0.87,2.0,4.67
PIT,2024-09-05,10,11,7,13,8,92.31,92.31,100.0,17.15,15.38,4.92,18.77,1.88,0.35,1.25,0.0
PIT,2024-09-05,11,9,8,10,10,100.0,100.0,100.0,0.0,11.4,1.27,0.1,2.5,1.84,2.0,1.0
PIT,2024-09-05,12,11,10,12,12,83.33,66.67,83.33,6.75,20.92,10.64,13.0,1.92,0.79,0.75,7.42
PIT,2024-09-05,13,7,6,10,8,90.0,90.0,87.5,3.4,14.9,4.72,6.3,1.5,0.66,1.88,12.25
PIT,2024-09-05,14,6,11,7,17,85.71,71.43,64.71,12.29,14.86,4.5,14.86,3.06,0.54,3.59,16.41
PIT,2024-09-05,15,8,9,12,11,75.0,75.0,81.82,8.33,12.5,2.32,9.33,2.36,0.36,2.0,53.27
PIT,2024-09-05,16,14,14,15,14,73.33,66.67,85.71,39.67,10.67,0.47,39.87,2.64,1.06,2.57,4.29
PIT,2024-09-05,17,11,9,11,10,90.91,81.82,90.0,3.64,13.55,3.4,4.45,1.3,0.37,0.7,9.3
PIT,2024-09-05,18,12,11,12,12,83.33,75.0,75.0,8.92,15.67,5.46,11.33,1.58,1.13,2.17,34.83
PIT,2024-09-05,19,6,9,7,12,71.43,71.43,91.67,15.14,11.57,1.54,14.86,1.25,1.69,2.17,3.58
PIT,2024-09-05,20,5,11,5,13,80.0,80.0,76.92,16.4,14.8,4.68,17.8,1.62,1.37,7.38,33.69
PIT,2024-09-05,21,1,11,3,14,33.33,33.33,85.71,29.33,12.0,2.27,29.33,2.14,0.61,2.5,11.43
PIT,2024-09-05,22,1,11,4,11,75.0,75.0,81.82,17.25,14.25,3.65,18.25,2.18,1.62,0.55,16.64
PIT,2024-09-05,23,0,8,0,8,0.0,0.0,87.5,0.0,0.0,0.0,0.0,0.25,1.07,1.0,2.75
PIT,2024-09-06,0,0,3,0,3,0.0,0.0,66.67,0.0,0.0,0.0,0.0,1.67,2.0,7.67,7.33
PIT,2024-09-06,1,0,1,1,1,0.0,0.0,100.0,23.0,12.0,1.4,24.0,0.0,1.5,0.0,0.0
PIT,2024-09-06,4,0,1,0,2,0.0,0.0,100.0,0.0,0.0,0.0,0.0,0.0,3.0,0.0,0.0
PIT,2024-09-06,5,6,1,6,4,100.0,100.0,100.0,0.17,12.67,2.78,1.67,0.5,0.88,0.0,3.25
PIT,2024-09-06,6,19,1,21,1,95.24,95.24,0.0,2.38,12.95,2.5,3.14,1.0,0.5,1.0,520.0
PIT,2024-09-06,7,12,2,14,3,92.86,92.86,100.0,1.07,12.43,2.53,2.29,6.0,1.5,3.33,0.0
PIT,2024-09-06,8,12,6,13,6,100.0,92.31,83.33,0.0,15.0,5.13,2.54,7.83,0.9,7.17,13.17
PIT,2024-09-06,9,5,9,6,10,83.33,66.67,80.0,10.0,19.0,8.75,17.0,3.0,2.08,7.8,9.5
PIT,2024-09-06,10,11,8,12,11,75.0,75.0,90.91,7.67,14.08,3.67,9.42,2.64,1.25,2.82,2.91
PIT,2024-09-06,11,10,8,11,9,100.0,100.0,88.89,0.0,10.82,1.01,0.27,2.33,0.92,0.56,7.33
PIT,2024-09-06,12,11,10,14,12,85.71,78.57,91.67,16.0,12.07,2.49,16.93,2.08,1.21,5.42,3.25
PIT,2024-09-06,13,7,6,9,6,77.78,77.78,83.33,13.0,12.67,2.5,14.56,0.5,0.97,0.33,16.5
PIT,2024-09-06,14,5,8,8,10,62.5,62.5,80.0,20.88,11.38,1.31,20.88,2.0,1.04,2.6,24.2
PIT,2024-09-06,15,6,9,9,15,77.78,66.67,66.67,10.33,17.22,7.36,14.33,2.8,0.66,3.0,11.27
PIT,2024-09-06,16,13,13,14,14,71.43,71.43,85.71,11.21,12.79,2.39,12.93,1.43,0.63,0.21,5.64
PIT,2024-09-06,17,12,9,14,10,78.57,78.57,90.0,8.5,12.71,2.82,10.14,2.2,0.44,0.3,7.6
PIT,2024-09-06,18,11,10,11,11,72.73,63.64,72.73,19.0,15.64,5.55,22.55,1.45,3.24,2.0,28.09
PIT,2024-09-06,19,5,8,7,9,71.43,71.43,66.67,31.43,11.29,1.07,31.86,1.56,0.57,1.67,17.78
PIT,2024-09-06,20,6,11,5,13,80.0,80.0,61.54,29.8,12.2,1.94,31.0,2.62,2.48,3.62,21.31
PIT,2024-09-06,21,2,11,5,12,60.0,60.0,83.33,28.8,12.0,2.04,29.6,3.25,1.68,1.0,7.33
PIT,2024-09-06,22,1,12,1,12,0.0,0.0,91.67,45.0,16.0,5.4,50.0,2.83,0.61,1.92,1.33
PIT,2024-09-06,23,0,8,0,8,0.0,0.0,87.5,0.0,0.0,0.0,0.0,2.5,0.85,1.0,2.63
PIT,2024-09-07,0,0,2,0,4,0.0,0.0,75.0,0.0,0.0,0.0,0.0,2.5,2.3,4.25,10.0
PIT,2024-09-07,1,0,0,1,2,100.0,100.0,50.0,0.0,10.0,0.0,0.0,0.0,0.25,5.0,12.0
PIT,2024-09-07,3,0,0,1,0,100.0,100.0,0.0,0.0,16.0,5.4,5.0,0.0,0.0,0.0,0.0
PIT,2024-09-07,4,0,0,0,1,0.0,0.0,100.0,0.0,0.0,0.0,0.0,7.0,0.5,0.0,0.0
PIT,2024-09-07,5,1,0,1,3,100.0,100.0,0.0,0.0,10.0,0.0,0.0,1.0,2.83,2.0,31.0
PIT,2024-09-07,6,17,1,18,2,94.44,94.44,50.0,2.56,12.83,2.53,3.78,5.0,3.5,7.5,15.5
PIT,2024-09-07,7,10,1,14,3,71.43,71.43,100.0,10.14,11.79,1.57,10.86,2.67,0.5,2.0,0.33
PIT,2024-09-07,8,12,4,14,4,100.0,100.0,75.0,0.0,11.57,1.29,0.29,1.75,1.48,5.25,16.5
PIT,2024-09-07,9,6,5,7,5,85.71,85.71,80.0,7.14,10.57,1.69,8.57,2.4,0.7,0.4,42.4
PIT,2024-09-07,10,11,6,11,6,81.82,81.82,83.33,20.18,12.82,2.6,20.73,1.83,2.7,0.17,3.33
PIT,2024-09-07,11,6,7,6,8,100.0,100.0,75.0,0.0,13.83,3.7,3.0,3.0,1.61,2.0,8.5
PIT,2024-09-07,12,8,10,10,10,100.0,90.0,100.0,1.1,11.9,2.36,3.2,2.1,2.3,0.0,0.4
PIT,2024-09-07,13,7,6,8,7,100.0,100.0,100.0,0.25,13.13,3.35,2.5,1.86,1.71,1.14,0.57
PIT,2024-09-07,14,7,8,7,10,100.0,100.0,80.0,0.0,13.14,3.14,0.43,2.3,1.04,2.1,16.5
PIT,2024-09-07,15,6,7,12,8,66.67,66.67,87.5,17.0,11.08,1.93,17.5,1.63,1.94,8.25,4.75
PIT,2024-09-07,16,9,10,9,11,88.89,88.89,90.91,4.33,13.67,3.12,6.33,0.45,1.99,1.64,10.73
PIT,2024-09-07,17,8,9,9,15,88.89,88.89,80.0,9.11,9.78,0.37,9.0,3.2,1.23,5.87,18.73
PIT,2024-09-07,18,6,8,6,10,83.33,83.33,70.0,13.5,11.5,1.48,13.33,1.0,0.6,0.0,18.5
PIT,2024-09-07,19,2,8,4,9,100.0,100.0,100.0,0.0,8.0,0.05,0.0,0.67,1.37,0.33,0.0
PIT,2024-09-07,20,2,7,2,7,100.0,100.0,71.43,0.0,22.0,11.4,2.0,1.0,1.5,7.29,17.43
PIT,2024-09-07,21,0,8,0,8,0.0,0.0,37.5,0.0,0.0,0.0,0.0,1.75,0.65,3.63,19.63
PIT,2024-09-07,22,1,5,2,6,100.0,100.0,83.33,0.0,18.5,7.9,4.0,1.5,1.28,1.5,7.0
PIT,2024-09-07,23,0,6,0,6,0.0,0.0,83.33,0.0,0.0,0.0,0.0,2.17,2.02,3.0,5.67
PIT,2024-09-08,0,0,4,1,2,100.0,100.0,100.0,0.0,14.0,3.4,3.0,0.0,0.85,0.0,0.0
PIT,2024-09-08,1,0,2,0,2,0.0,0.0,50.0,0.0,0.0,0.0,0.0,3.5,1.5,5.0,21.0
PIT,2024-09-08,2,0,0,1,0,100.0,100.0,0.0,0.0,15.0,4.4,4.0,0.0,0.0,0.0,0.0
PIT,2024-09-08,3,0,0,0,0,0.0,0.0,0.0,0.0,0.0,0.0,0.0,0.0,0.0,0.0,0.0
PIT,2024-09-08,4,0,1,0,1,0.0,0.0,100.0,0.0,0.0,0.0,0.0,0.0,21.5,11.0,0.0
PIT,2024-09-08,5,4,1,4,0,75.0,75.0,0.0,100.5,11.5,1.53,100.75,0.0,0.0,0.0,0.0
PIT,2024-09-08,6,19,0,20,0,90.0,90.0,0.0,7.55,13.5,3.56,9.45,0.0,0.0,0.0,0.0
PIT,2024-09-08,7,8,1,10,0,80.0,80.0,0.0,8.3,10.0,0.43,8.1,0.0,0.0,0.0,0.0
PIT,2024-09-08,8,14,3,15,5,93.33,93.33,40.0,1.53,10.73,1.0,1.6,1.8,9.58,7.0,21.0
PIT,2024-09-08,9,4,8,7,9,71.43,57.14,77.78,8.0,13.29,3.11,10.0,2.44,1.09,4.67,28.33
PIT,2024-09-08,10,11,4,12,6,83.33,83.33,66.67,18.58,12.58,2.58,20.25,2.0,1.37,1.5,14.83
PIT,2024-09-08,11,10,10,11,11,90.91,90.91,81.82,2.73,12.91,2.82,5.27,1.91,2.72,1.64,11.45
PIT,2024-09-08,12,11,12,15,15,80.0,80.0,86.67,4.33,10.93,0.7,4.53,1.8,2.48,1.13,6.33
PIT,2024-09-08,13,8,6,9,6,88.89,88.89,100.0,5.89,10.0,0.52,6.11,2.17,1.25,0.0,0.0
PIT,2024-09-08,14,6,10,7,11,85.71,71.43,81.82,4.71,12.71,3.33,6.86,0.73,5.72,4.45,14.0
PIT,2024-09-08,15,9,8,9,10,55.56,55.56,90.0,24.11,10.33,0.91,24.67,0.9,2.1,3.7,6.6
PIT,2024-09-08,16,12,13,13,16,84.62,69.23,93.75,11.62,16.54,6.43,16.23,1.75,1.88,2.69,2.88
PIT,2024-09-08,17,9,12,12,14,91.67,91.67,71.43,1.83,10.0,0.58,1.75,2.07,2.24,1.43,8.0
PIT,2024-09-08,18,13,11,13,14,76.92,69.23,78.57,6.15,13.62,4.09,8.38,0.64,1.01,2.0,12.14
PIT,2024-09-08,19,10,10,12,13,83.33,83.33,61.54,6.58,10.0,0.43,6.58,2.23,0.98,3.62,11.54
PIT,2024-09-08,20,6,12,9,16,88.89,77.78,68.75,3.22,12.44,2.79,5.11,2.63,1.27,4.63,13.25
PIT,2024-09-08,21,3,8,3,9,66.67,66.67,66.67,6.0,9.67,0.53,6.0,2.56,0.68,2.67,115.11
PIT,2024-09-08,22,0,10,1,10,100.0,100.0,90.0,0.0,10.0,0.0,0.0,1.3,1.42,4.1,3.6
PIT,2024-09-08,23,0,11,0,11,0.0,0.0,81.82,0.0,0.0,0.0,0.0,1.18,1.16,2.36,9.82
PIT,2024-09-09,0,0,3,0,4,0.0,0.0,100.0,0.0,0.0,0.0,0.0,2.0,0.8,0.25,1.0
PIT,2024-09-09,1,0,1,0,3,0.0,0.0,66.67,0.0,0.0,0.0,0.0,0.67,1.83,1.0,9.33
PIT,2024-09-09,2,0,0,0,0,0.0,0.0,0.0,0.0,0.0,0.0,0.0,0.0,0.0,0.0,0.0
PIT,2024-09-09,3,0,0,1,0,100.0,100.0,0.0,0.0,10.0,0.0,0.0,0.0,0.0,0.0,0.0
PIT,2024-09-09,4,0,1,0,1,0.0,0.0,100.0,0.0,0.0,0.0,0.0,0.0,0.5,4.0,0.0
PIT,2024-09-09,5,6,0,6,1,100.0,100.0,100.0,0.0,11.0,1.03,0.0,3.0,0.0,0.0,0.0
PIT,2024-09-09,6,19,1,20,2,90.0,90.0,0.0,3.0,11.85,1.47,3.55,1.0,0.5,0.5,281.5
PIT,2024-09-09,7,12,2,13,2,100.0,100.0,100.0,0.0,11.46,1.94,0.23,4.0,0.5,6.0,0.0
PIT,2024-09-09,8,13,5,14,6,92.86,92.86,83.33,15.86,10.5,0.76,15.86,1.67,2.65,4.67,7.17
PIT,2024-09-09,9,4,9,9,11,33.33,33.33,90.91,13.78,12.22,2.06,15.33,1.36,1.91,2.36,4.36
PIT,2024-09-09,10,12,9,13,11,92.31,92.31,72.73,2.54,12.85,2.62,3.38,1.91,3.05,2.82,8.91
PIT,2024-09-09,11,10,7,12,8,75.0,75.0,75.0,10.0,9.17,0.14,9.75,2.13,1.33,1.63,16.88
PIT,2024-09-09,12,10,10,13,10,84.62,84.62,90.0,21.92,12.85,2.85,23.15,1.8,0.9,1.0,5.5
PIT,2024-09-09,13,7,6,7,8,85.71,85.71,75.0,7.71,9.14,0.4,7.0,4.0,0.5,6.88,16.5
PIT,2024-09-09,14,5,9,6,9,83.33,83.33,77.78,12.67,12.67,2.9,12.83,1.89,0.97,1.89,44.78
PIT,2024-09-09,15,8,9,9,11,88.89,88.89,81.82,3.89,11.22,1.33,3.78,1.45,0.88,2.55,4.45
PIT,2024-09-09,16,13,13,14,13,78.57,71.43,92.31,18.64,12.57,2.54,20.36,1.54,1.82,3.54,2.69
PIT,2024-09-09,17,10,10,10,16,100.0,100.0,81.25,1.6,13.6,3.41,3.0,1.38,0.9,2.38,6.31
PIT,2024-09-09,18,12,13,15,17,80.0,73.33,88.24,6.0,14.13,3.95,8.67,1.94,0.58,1.24,12.82
PIT,2024-09-09,19,8,5,10,6,100.0,100.0,83.33,0.3,13.6,3.54,1.7,2.0,0.73,1.83,44.0
PIT,2024-09-09,20,5,12,5,14,80.0,80.0,78.57,3.4,11.6,1.3,3.2,5.14,1.46,3.21,6.07
PIT,2024-09-09,21,2,12,4,17,100.0,100.0,88.24,0.0,11.5,1.8,0.0,2.35,0.82,3.24,5.88
PIT,2024-09-09,22,1,10,3,10,100.0,100.0,80.0,1.67,12.0,2.47,2.67,1.0,1.03,2.0,48.4
PIT,2024-09-09,23,0,9,0,9,0.0,0.0,88.89,0.0,0.0,0.0,0.0,1.33,0.89,0.11,82.44
PIT,2024-09-10,0,0,3,0,3,0.0,0.0,66.67,0.0,0.0,0.0,0.0,0.0,1.83,0.0,19.33
PIT,2024-09-10,1,0,0,0,2,0.0,0.0,50.0,0.0,0.0,0.0,0.0,0.0,1.5,2.0,30.5
PIT,2024-09-10,2,0,0,0,0,0.0,0.0,0.0,0.0,0.0,0.0,0.0,0.0,0.0,0.0,0.0
PIT,2024-09-10,3,0,0,1,0,100.0,100.0,0.0,0.0,10.0,0.0,0.0,0.0,0.0,0.0,0.0
PIT,2024-09-10,4,0,0,0,2,0.0,0.0,50.0,0.0,0.0,0.0,0.0,0.0,0.75,4.5,35.0
PIT,2024-09-10,5,2,0,2,3,50.0,50.0,33.33,22.5,13.5,2.9,25.0,0.33,2.5,2.0,43.67
PIT,2024-09-10,6,17,1,21,2,80.95,80.95,50.0,23.76,11.9,1.86,24.38,0.0,3.65,0.0,263.0
PIT,2024-09-10,7,10,1,14,2,85.71,85.71,100.0,10.07,11.57,1.71,11.0,0.0,0.25,0.0,4.0
PIT,2024-09-10,8,12,4,15,4,80.0,80.0,100.0,35.07,12.13,1.74,35.67,0.5,1.23,5.0,1.75
PIT,2024-09-10,9,5,4,6,7,83.33,83.33,71.43,6.33,10.5,1.08,6.83,3.14,1.29,4.29,13.57
PIT,2024-09-10,10,10,6,12,7,83.33,83.33,100.0,8.25,13.5,3.37,9.0,4.0,0.86,1.0,0.0
PIT,2024-09-10,11,7,11,9,11,88.89,88.89,100.0,3.89,10.78,0.4,3.78,1.36,1.19,0.18,0.0
PIT,2024-09-10,12,11,5,13,5,84.62,84.62,100.0,14.85,10.77,1.05,14.92,1.6,1.14,4.0,2.0
PIT,2024-09-10,13,5,5,6,5,100.0,100.0,100.0,0.0,11.83,2.17,1.67,3.0,0.4,4.6,2.4
PIT,2024-09-10,14,5,8,5,8,100.0,100.0,75.0,0.4,11.6,2.76,0.6,0.5,1.36,0.0,49.63
PIT,2024-09-10,15,7,10,8,11,100.0,100.0,90.91,0.0,16.88,6.63,3.63,1.45,0.43,0.45,6.55
PIT,2024-09-10,16,14,13,15,15,86.67,80.0,93.33,15.53,13.0,2.96,17.53,1.93,1.12,0.6,3.13
PIT,2024-09-10,17,8,7,8,11,87.5,87.5,72.73,5.0,10.0,0.54,4.63,3.09,0.68,5.18,13.82
PIT,2024-09-10,18,9,14,11,20,81.82,81.82,75.0,4.09,13.45,3.58,6.55,1.15,2.94,3.2,16.65
PIT,2024-09-10,19,6,4,7,4,100.0,100.0,100.0,0.57,14.0,3.69,2.0,1.75,0.83,0.0,0.0
PIT,2024-09-10,20,3,13,3,17,100.0,100.0,94.12,0.0,12.0,1.6,0.0,0.82,1.12,0.29,2.88
PIT,2024-09-10,21,0,8,2,9,100.0,100.0,100.0,2.5,10.0,0.2,1.5,0.67,1.1,1.78,1.0
PIT,2024-09-10,22,1,7,3,7,100.0,100.0,85.71,0.0,13.33,4.47,0.33,1.86,0.43,0.14,5.71
PIT,2024-09-10,23,0,8,0,8,0.0,0.0,62.5,0.0,0.0,0.0,0.0,0.63,0.75,3.5,19.38
PIT,2024-09-11,0,0,3,0,4,0.0,0.0,100.0,0.0,0.0,0.0,0.0,1.25,1.05,0.0,0.0
PIT,2024-09-11,1,0,0,0,1,0.0,0.0,100.0,0.0,0.0,0.0,0.0,0.0,0.5,0.0,7.0
PIT,2024-09-11,3,0,0,1,0,100.0,100.0,0.0,0.0,10.0,0.0,0.0,0.0,0.0,0.0,0.0
PIT,2024-09-11,4,0,0,0,1,0.0,0.0,100.0,0.0,0.0,0.0,0.0,0.0,2.5,0.0,0.0
PIT,2024-09-11,5,2,0,2,3,50.0,50.0,66.67,86.5,10.5,0.2,86.5,0.67,3.17,1.33,18.67
PIT,2024-09-11,6,17,1,20,3,90.0,95.0,33.33,8.25,11.2,1.27,8.7,1.33,0.5,3.0,187.0
PIT,2024-09-11,7,10,1,17,1,82.35,88.24,100.0,3.35,11.06,1.15,3.41,0.0,0.5,0.0,6.0
PIT,2024-09-11,8,12,4,13,5,100.0,100.0,80.0,1.46,12.92,2.51,1.92,2.4,2.08,4.2,6.8
PIT,2024-09-11,9,5,4,6,6,83.33,83.33,66.67,5.67,14.17,4.75,7.83,1.67,1.17,1.33,9.0
PIT,2024-09-11,10,10,6,12,7,83.33,83.33,100.0,4.75,11.92,1.77,5.33,4.14,2.14,3.71,1.43
PIT,2024-09-11,11,7,11,7,14,100.0,100.0,71.43,0.0,10.43,0.33,0.0,1.21,0.04,1.29,10.21
PIT,2024-09-11,12,11,5,15,8,66.67,66.67,87.5,19.4,12.67,2.6,20.2,3.25,0.5,0.5,6.38
PIT,2024-09-11,13,5,6,6,7,100.0,100.0,85.71,0.0,11.33,1.17,0.0,2.86,0.64,1.43,6.86
PIT,2024-09-11,14,6,8,9,8,66.67,66.67,87.5,8.89,11.22,1.44,9.56,2.0,1.43,0.0,45.5
PIT,2024-09-11,15,7,10,7,10,100.0,100.0,90.0,0.0,14.0,3.73,0.57,3.5,1.12,0.9,2.0
PIT,2024-09-11,16,14,13,17,15,76.47,70.59,86.67,24.41,13.29,3.51,26.82,2.47,0.62,1.13,4.0
PIT,2024-09-11,17,8,7,9,12,77.78,77.78,83.33,6.89,11.33,1.17,7.56,2.17,0.68,2.5,6.83
PIT,2024-09-11,18,9,14,11,19,90.91,81.82,84.21,3.09,14.27,4.63,4.91,1.42,0.63,0.58,7.89
PIT,2024-09-11,19,6,3,7,4,100.0,100.0,100.0,0.86,12.14,2.31,2.0,1.5,0.83,1.75,1.0
PIT,2024-09-11,20,2,13,2,15,100.0,100.0,93.33,2.5,20.0,9.7,6.5,1.47,0.8,4.8,7.73
PIT,2024-09-11,21,0,7,2,8,50.0,100.0,87.5,9.0,9.5,0.0,7.5,0.63,0.51,0.25,2.75
PIT,2024-09-11,22,1,8,3,8,66.67,66.67,87.5,33.0,11.0,2.13,34.33,2.0,4.09,3.0,6.25
PIT,2024-09-11,23,0,8,0,8,0.0,0.0,75.0,0.0,0.0,0.0,0.0,4.38,0.91,14.0,28.0
PIT,2024-09-12,0,0,3,0,5,0.0,0.0,40.0,0.0,0.0,0.0,0.0,0.2,0.54,2.0,35.4
PIT,2024-09-12,1,0,1,0,1,0.0,0.0,100.0,0.0,0.0,0.0,0.0,0.0,0.5,0.0,0.0
PIT,2024-09-12,2,0,0,1,0,100.0,100.0,0.0,0.0,25.0,14.3,14.0,0.0,0.0,0.0,0.0
PIT,2024-09-12,3,0,0,1,0,100.0,100.0,0.0,0.0,10.0,0.0,0.0,0.0,0.0,0.0,0.0
PIT,2024-09-12,4,0,1,0,1,0.0,0.0,100.0,0.0,0.0,0.0,0.0,0.0,0.0,0.0,0.0
PIT,2024-09-12,5,6,2,8,3,75.0,75.0,100.0,9.88,11.75,1.64,10.75,0.0,0.5,0.67,2.33
PIT,2024-09-12,6,19,1,21,1,95.24,90.48,0.0,1.19,13.38,3.13,3.24,0.0,0.5,2.0,34.0
PIT,2024-09-12,7,11,2,17,2,82.35,82.35,50.0,7.76,13.0,2.79,9.35,2.0,1.0,2.0,21.5
PIT,2024-09-12,8,14,4,17,5,94.12,82.35,80.0,2.18,15.12,4.84,4.88,2.6,2.48,4.6,11.6
PIT,2024-09-12,9,3,8,5,10,60.0,60.0,80.0,9.2,13.0,2.82,9.2,2.3,1.9,3.2,25.1
PIT,2024-09-12,10,12,8,13,8,92.31,92.31,87.5,2.08,11.62,1.87,2.54,14.13,1.27,13.25,14.13
PIT,2024-09-12,11,9,8,9,10,88.89,88.89,70.0,11.33,10.11,0.73,11.11,1.0,1.04,0.4,40.4
PIT,2024-09-12,12,11,10,12,10,50.0,50.0,80.0,50.92,16.83,6.98,57.25,1.7,0.67,0.0,3.8
PIT,2024-09-12,13,7,6,8,9,87.5,75.0,88.89,2.75,18.38,8.26,8.63,3.33,1.03,1.56,11.0
PIT,2024-09-12,14,6,11,8,14,87.5,87.5,57.14,6.75,12.75,2.36,7.13,1.57,1.01,3.0,44.93
PIT,2024-09-12,15,9,9,13,10,76.92,76.92,90.0,18.31,12.62,2.03,19.23,4.2,2.82,4.2,3.8
PIT,2024-09-12,16,13,13,16,15,75.0,68.75,73.33,16.88,13.31,2.99,19.19,3.73,1.03,3.13,20.33
PIT,2024-09-12,17,9,9,9,15,66.67,66.67,73.33,17.0,11.11,1.38,17.33,3.07,0.77,4.93,17.53
PIT,2024-09-12,18,13,14,13,16,76.92,76.92,68.75,32.08,13.38,3.24,33.38,2.5,2.35,8.88,26.81
PIT,2024-09-12,19,9,7,10,9,100.0,100.0,88.89,1.9,12.9,2.66,3.5,2.56,0.76,1.78,9.89
PIT,2024-09-12,20,6,12,7,14,85.71,85.71,92.86,4.14,14.43,4.13,5.86,1.93,5.95,5.0,4.29
PIT,2024-09-12,21,1,12,2,14,100.0,100.0,71.43,0.0,11.5,0.9,0.0,4.07,2.39,5.21,12.43
PIT,2024-09-12,22,1,10,3,12,100.0,100.0,100.0,0.0,12.0,1.6,0.0,2.08,2.58,2.5,1.92
PIT,2024-09-12,23,0,9,0,9,0.0,0.0,66.67,0.0,0.0,0.0,0.0,1.0,1.64,0.67,21.11
PIT,2024-09-13,0,0,3,0,3,0.0,0.0,100.0,0.0,0.0,0.0,0.0,0.0,0.43,0.0,0.33
PIT,2024-09-13,1,0,1,0,2,0.0,0.0,100.0,0.0,0.0,0.0,0.0,0.0,0.5,1.0,0.0
PIT,2024-09-13,2,0,0,1,0,100.0,100.0,0.0,0.0,21.0,10.4,10.0,0.0,0.0,0.0,0.0
PIT,2024-09-13,3,0,0,0,0,0.0,0.0,0.0,0.0,0.0,0.0,0.0,0.0,0.0,0.0,0.0
PIT,2024-09-13,4,0,1,0,2,0.0,0.0,100.0,0.0,0.0,0.0,0.0,0.0,0.25,0.0,0.0
PIT,2024-09-13,5,6,1,6,4,83.33,83.33,75.0,10.33,11.83,1.98,10.83,0.0,0.38,4.5,8.75
PIT,2024-09-13,6,19,1,19,2,94.74,89.47,0.0,23.21,14.32,3.92,25.21,1.5,2.0,2.0,280.0
PIT,2024-09-13,7,12,2,15,2,86.67,86.67,100.0,5.67,12.53,2.51,6.2,3.0,0.25,0.5,0.0
PIT,2024-09-13,8,13,5,15,5,86.67,80.0,80.0,8.2,19.93,9.37,13.53,2.0,1.48,6.8,22.8
PIT,2024-09-13,9,4,9,7,11,57.14,57.14,72.73,18.71,14.0,3.7,20.0,3.36,1.48,4.27,15.18
PIT,2024-09-13,10,12,9,16,9,75.0,68.75,100.0,9.69,15.19,4.73,12.25,2.67,1.81,0.89,1.33
PIT,2024-09-13,11,10,7,13,7,92.31,92.31,100.0,2.85,12.31,2.08,3.85,4.57,0.77,0.0,1.43
PIT,2024-09-13,12,10,10,12,11,75.0,66.67,81.82,21.75,15.17,4.97,25.17,1.55,0.77,0.18,7.36
PIT,2024-09-13,13,7,6,8,8,75.0,75.0,50.0,9.13,11.38,1.32,9.25,2.13,0.41,3.88,16.75
PIT,2024-09-13,14,5,8,7,12,85.71,85.71,58.33,6.43,13.71,3.36,9.14,2.08,0.48,4.33,44.92
PIT,2024-09-13,15,7,9,9,9,77.78,77.78,88.89,8.56,12.44,2.08,10.33,1.56,2.47,1.56,4.11
PIT,2024-09-13,16,13,13,16,17,75.0,68.75,64.71,16.5,16.19,5.76,20.63,2.53,1.11,2.29,16.71
PIT,2024-09-13,17,11,10,11,13,72.73,72.73,69.23,10.18,13.27,3.26,11.36,0.85,1.26,0.62,26.46
PIT,2024-09-13,18,12,13,16,15,50.0,50.0,73.33,24.69,12.75,2.5,25.81,2.47,1.44,1.67,11.47
PIT,2024-09-13,19,7,6,7,6,71.43,71.43,66.67,17.14,12.71,2.24,17.57,4.0,1.77,0.0,14.83
PIT,2024-09-13,20,6,12,6,16,66.67,66.67,75.0,15.17,14.83,4.48,17.83,1.88,1.71,3.38,5.94
PIT,2024-09-13,21,2,11,5,12,80.0,80.0,91.67,4.4,13.0,2.4,5.6,2.83,1.02,2.08,8.92
PIT,2024-09-13,22,1,11,1,11,0.0,0.0,90.91,16.0,17.0,6.4,22.0,2.0,1.91,2.45,2.82
PIT,2024-09-13,23,0,9,0,10,0.0,0.0,70.0,0.0,0.0,0.0,0.0,0.4,1.55,0.0,25.6
PIT,2024-09-14,0,0,2,1,3,0.0,0.0,66.67,69.0,12.0,1.4,70.0,0.33,0.1,0.0,38.33
PIT,2024-09-14,1,0,0,0,3,0.0,0.0,66.67,0.0,0.0,0.0,0.0,0.0,0.83,0.0,5.0
PIT,2024-09-14,2,0,0,0,0,0.0,0.0,0.0,0.0,0.0,0.0,0.0,0.0,0.0,0.0,0.0
PIT,2024-09-14,3,0,0,1,0,100.0,100.0,0.0,0.0,10.0,0.0,0.0,0.0,0.0,0.0,0.0
PIT,2024-09-14,4,0,0,0,1,0.0,0.0,100.0,0.0,0.0,0.0,0.0,0.0,0.5,0.0,0.0
PIT,2024-09-14,5,1,0,1,2,100.0,100.0,50.0,0.0,11.0,0.4,0.0,0.0,0.75,2.5,13.0
PIT,2024-09-14,6,18,1,18,2,100.0,94.44,50.0,0.94,12.39,2.19,1.78,1.5,0.5,0.0,10.5
PIT,2024-09-14,7,10,1,13,3,84.62,84.62,100.0,18.15,11.38,1.28,18.08,5.0,2.0,1.0,0.0
PIT,2024-09-14,8,12,4,14,6,85.71,85.71,50.0,5.0,12.79,2.32,5.71,2.17,2.98,6.83,15.17
PIT,2024-09-14,9,6,6,11,7,90.91,90.91,85.71,6.82,11.91,2.68,8.0,0.86,2.03,2.86,2.29
PIT,2024-09-14,10,12,6,13,7,76.92,76.92,85.71,6.08,12.08,1.77,6.69,3.86,3.11,2.14,3.29
PIT,2024-09-14,11,5,7,5,8,100.0,100.0,87.5,0.0,11.6,1.42,0.0,3.5,1.34,2.25,10.0
PIT,2024-09-14,12,8,9,8,9,100.0,100.0,100.0,0.0,12.75,2.78,0.25,2.33,0.52,0.0,1.44
PIT,2024-09-14,13,7,6,9,7,66.67,66.67,100.0,9.33,10.56,1.08,9.22,2.43,1.9,2.0,0.86
PIT,2024-09-14,14,5,8,5,10,100.0,100.0,90.0,0.0,11.8,1.88,0.0,2.2,0.07,1.3,3.7
PIT,2024-09-14,15,8,6,9,11,100.0,100.0,54.55,0.44,12.0,1.87,0.44,3.55,0.77,4.55,19.0
PIT,2024-09-14,16,7,11,8,13,100.0,87.5,92.31,0.0,16.13,5.99,4.38,1.85,0.38,1.15,1.77
PIT,2024-09-14,17,9,8,11,11,81.82,81.82,90.91,8.18,13.27,3.18,10.09,4.91,0.95,4.36,4.0
PIT,2024-09-14,18,7,10,8,11,87.5,87.5,100.0,15.75,11.25,0.78,15.88,0.91,0.85,0.0,0.45
PIT,2024-09-14,19,2,7,3,8,100.0,100.0,87.5,0.0,10.67,0.87,0.0,3.0,1.51,0.13,9.0
PIT,2024-09-14,20,2,7,2,7,100.0,100.0,71.43,0.0,8.5,0.0,0.0,2.0,3.47,6.29,7.43
PIT,2024-09-14,21,0,9,0,10,0.0,0.0,90.0,0.0,0.0,0.0,0.0,1.2,1.02,0.0,4.9
PIT,2024-09-14,22,1,4,1,4,100.0,100.0,75.0,0.0,16.0,5.4,4.0,0.25,0.2,1.0,15.5
PIT,2024-09-14,23,0,7,0,8,0.0,0.0,75.0,0.0,0.0,0.0,0.0,0.63,0.95,2.5,6.13
PIT,2024-09-15,0,0,4,0,2,0.0,0.0,100.0,0.0,0.0,0.0,0.0,1.0,3.85,1.5,0.0
PIT,2024-09-15,1,0,2,0,2,0.0,0.0,50.0,0.0,0.0,0.0,0.0,0.0,0.5,4.0,29.0
PIT,2024-09-15,2,0,0,0,0,0.0,0.0,0.0,0.0,0.0,0.0,0.0,0.0,0.0,0.0,0.0
PIT,2024-09-15,3,0,0,1,0,0.0,0.0,0.0,66.0,12.0,1.4,67.0,0.0,0.0,0.0,0.0
PIT,2024-09-15,4,0,1,0,0,0.0,0.0,0.0,0.0,0.0,0.0,0.0,0.0,0.0,0.0,0.0
PIT,2024-09-15,5,4,1,4,0,100.0,100.0,0.0,2.0,11.25,1.0,2.0,0.0,0.0,0.0,0.0
PIT,2024-09-15,6,19,0,20,0,100.0,100.0,0.0,0.3,14.0,3.57,2.5,0.0,0.0,0.0,0.0
PIT,2024-09-15,7,8,1,9,0,88.89,88.89,0.0,3.78,12.56,2.58,4.56,0.0,0.0,0.0,0.0
PIT,2024-09-15,8,15,3,16,3,100.0,100.0,66.67,0.0,11.56,1.31,0.0,4.67,1.8,9.67,7.33
PIT,2024-09-15,9,3,7,4,8,75.0,75.0,87.5,7.25,12.25,2.17,8.25,2.25,1.54,1.38,6.75
PIT,2024-09-15,10,12,6,15,7,80.0,80.0,85.71,4.33,11.53,1.39,4.33,1.43,1.29,0.71,7.57
PIT,2024-09-15,11,10,10,12,10,91.67,91.67,100.0,1.67,11.67,1.61,2.08,1.2,0.84,0.8,0.4
PIT,2024-09-15,12,11,12,12,15,91.67,91.67,93.33,2.0,12.58,2.33,2.67,2.67,0.43,1.73,2.47
PIT,2024-09-15,13,8,6,9,10,88.89,88.89,80.0,5.44,12.22,2.14,6.11,1.3,0.13,0.8,7.3
PIT,2024-09-15,14,6,10,8,9,87.5,87.5,77.78,3.75,12.25,2.33,3.88,2.89,0.58,1.56,7.67
PIT,2024-09-15,15,10,8,11,13,100.0,100.0,84.62,2.45,11.82,1.65,3.36,2.69,0.62,3.46,11.38
PIT,2024-09-15,16,11,13,12,13,83.33,66.67,92.31,9.0,16.42,5.96,13.08,1.38,0.68,1.23,7.54
PIT,2024-09-15,17,9,12,11,14,72.73,63.64,78.57,15.09,13.36,4.23,17.0,2.86,0.58,4.29,6.29
PIT,2024-09-15,18,13,13,14,16,85.71,71.43,68.75,6.14,18.0,8.07,12.21,1.56,1.71,3.94,18.88
PIT,2024-09-15,19,11,8,13,8,69.23,69.23,50.0,24.23,12.77,2.7,24.77,2.25,1.39,2.0,25.5
PIT,2024-09-15,20,6,13,6,13,100.0,100.0,92.31,2.17,15.17,5.23,5.33,2.08,1.72,0.23,11.38
PIT,2024-09-15,21,3,9,4,10,75.0,75.0,100.0,39.25,17.5,8.2,42.0,2.5,0.8,2.8,1.6
PIT,2024-09-15,22,0,9,0,9,0.0,0.0,88.89,0.0,0.0,0.0,0.0,1.67,2.37,0.44,1.78
PIT,2024-09-15,23,0,12,0,12,0.0,0.0,83.33,0.0,0.0,0.0,0.0,0.33,2.44,2.08,3.58
PIT,2024-09-16,0,0,3,1,5,0.0,0.0,40.0,29.0,4.0,0.0,22.0,0.0,1.94,1.8,17.8
PIT,2024-09-16,1,0,1,0,3,0.0,0.0,66.67,0.0,0.0,0.0,0.0,0.33,1.83,0.0,11.67
PIT,2024-09-16,2,0,0,1,0,100.0,100.0,0.0,0.0,15.0,4.4,4.0,0.0,0.0,0.0,0.0
PIT,2024-09-16,4,0,1,0,1,0.0,0.0,100.0,0.0,0.0,0.0,0.0,1.0,1.5,0.0,0.0
PIT,2024-09-16,5,6,0,6,1,83.33,83.33,0.0,7.33,13.17,3.02,9.33,0.0,2.5,8.0,18.0
PIT,2024-09-16,6,19,1,19,2,100.0,100.0,50.0,0.11,14.21,3.77,1.26,2.0,0.5,4.0,20.5
PIT,2024-09-16,7,12,2,13,3,92.31,92.31,33.33,2.0,13.69,3.62,2.54,4.33,1.33,6.67,17.0
PIT,2024-09-16,8,13,5,16,7,93.75,87.5,71.43,2.31,17.0,6.32,5.25,3.71,2.77,8.14,21.71
PIT,2024-09-16,9,4,9,6,10,100.0,100.0,80.0,0.0,10.83,1.08,0.0,4.2,1.78,3.8,6.6
PIT,2024-09-16,10,12,9,12,10,100.0,91.67,90.0,0.5,15.25,5.08,3.42,3.1,2.48,1.6,5.4
PIT,2024-09-16,11,10,7,12,8,75.0,75.0,87.5,11.08,11.33,1.37,11.08,3.5,1.24,4.13,5.88
PIT,2024-09-16,12,10,10,11,12,90.91,90.91,91.67,8.64,12.64,2.59,9.73,2.67,0.33,1.92,3.17
PIT,2024-09-16,13,7,6,8,6,75.0,75.0,83.33,10.25,12.38,2.25,10.88,2.17,1.05,2.17,6.17
PIT,2024-09-16,14,5,8,5,11,80.0,80.0,63.64,4.2,14.0,4.08,5.6,1.73,0.56,0.73,8.27
PIT,2024-09-16,15,7,10,9,12,66.67,66.67,83.33,19.56,14.44,4.16,23.0,1.5,0.79,1.58,15.5
PIT,2024-09-16,16,14,13,14,14,100.0,100.0,92.86,0.36,12.57,2.25,1.07,2.0,0.89,1.21,2.21
PIT,2024-09-16,17,10,10,11,13,100.0,100.0,92.31,1.45,12.91,2.84,3.27,1.15,0.98,1.92,5.54
PIT,2024-09-16,18,13,13,16,13,87.5,87.5,92.31,2.44,13.69,3.5,3.94,2.31,3.75,2.54,2.23
PIT,2024-09-16,19,7,5,11,9,81.82,72.73,77.78,4.91,12.91,2.49,5.91,2.33,1.2,3.22,8.0
PIT,2024-09-16,20,5,12,5,14,80.0,80.0,85.71,8.4,9.8,0.16,8.0,3.07,1.91,2.14,6.79
PIT,2024-09-16,21,2,12,4,13,100.0,100.0,100.0,0.25,15.0,4.55,2.5,1.69,0.31,0.31,1.23
PIT,2024-09-16,22,1,10,3,11,100.0,100.0,90.91,3.67,17.33,6.73,10.0,1.0,1.55,1.91,3.09
PIT,2024-09-16,23,0,9,1,10,0.0,0.0,90.0,23.0,13.0,2.4,25.0,1.1,2.28,1.1,8.7
PIT,2024-09-17,0,0,3,0,3,0.0,0.0,66.67,0.0,0.0,0.0,0.0,1.33,0.77,0.0,42.67
PIT,2024-09-17,1,0,0,0,2,0.0,0.0,100.0,0.0,0.0,0.0,0.0,0.0,1.0,0.0,0.0
PIT,2024-09-17,2,0,0,0,0,0.0,0.0,0.0,0.0,0.0,0.0,0.0,0.0,0.0,0.0,0.0
PIT,2024-09-17,3,0,0,1,0,100.0,100.0,0.0,0.0,10.0,0.0,0.0,0.0,0.0,0.0,0.0
PIT,2024-09-17,4,0,0,0,2,0.0,0.0,100.0,0.0,0.0,0.0,0.0,0.0,0.25,0.0,3.5
PIT,2024-09-17,5,2,0,3,3,66.67,66.67,33.33,13.0,12.67,2.27,14.33,0.0,0.0,1.33,17.0
PIT,2024-09-17,6,17,1,23,1,86.96,82.61,100.0,5.09,16.04,5.85,8.48,0.0,0.5,5.0,0.0
PIT,2024-09-17,7,10,1,12,2,91.67,91.67,50.0,5.42,12.92,2.69,5.92,2.0,0.25,2.5,33.5
PIT,2024-09-17,8,12,4,14,4,85.71,78.57,100.0,6.21,13.71,3.26,6.21,3.0,0.98,5.0,1.5
PIT,2024-09-17,9,5,4,5,4,100.0,100.0,100.0,0.2,13.0,3.8,2.0,2.75,1.38,1.5,0.0
PIT,2024-09-17,10,10,6,11,6,100.0,90.91,100.0,0.09,16.09,5.58,2.36,3.83,0.63,0.67,0.5
PIT,2024-09-17,11,7,11,8,13,100.0,100.0,84.62,0.13,13.88,3.19,2.25,2.23,0.48,1.77,5.0
PIT,2024-09-17,12,11,5,12,6,91.67,91.67,83.33,4.0,13.58,3.38,4.67,3.0,1.7,3.33,3.5
PIT,2024-09-17,13,5,5,6,6,100.0,83.33,83.33,0.0,15.67,5.57,3.33,1.67,0.55,1.33,7.0
PIT,2024-09-17,14,5,8,6,8,83.33,83.33,100.0,8.83,13.67,3.65,9.33,3.88,1.15,2.88,0.5
PIT,2024-09-17,15,7,10,9,13,88.89,77.78,84.62,8.56,14.67,4.41,10.44,0.85,1.59,2.0,5.0
PIT,2024-09-17,16,14,13,14,15,85.71,78.57,80.0,4.93,14.71,4.67,8.93,2.33,2.63,1.2,13.87
PIT,2024-09-17,17,8,7,10,8,70.0,70.0,62.5,33.1,11.7,1.69,33.2,1.0,0.35,2.5,17.63
PIT,2024-09-17,18,9,14,9,18,66.67,66.67,83.33,14.56,17.11,7.03,19.0,1.89,0.86,1.56,5.89
PIT,2024-09-17,19,6,4,7,4,100.0,100.0,100.0,0.0,12.71,2.56,0.14,3.5,0.83,0.0,0.0
PIT,2024-09-17,20,3,13,4,19,100.0,100.0,73.68,0.0,16.25,5.8,4.0,1.63,1.45,2.26,14.21
PIT,2024-09-17,21,0,8,2,8,100.0,100.0,75.0,6.5,11.0,0.7,6.0,2.13,0.96,4.63,6.88
PIT,2024-09-17,22,1,7,3,7,66.67,66.67,85.71,9.67,15.0,4.4,12.0,0.14,0.33,0.0,7.14
PIT,2024-09-17,23,0,8,0,8,0.0,0.0,50.0,0.0,0.0,0.0,0.0,0.63,1.29,7.75,22.25
PIT,2024-09-18,0,0,3,0,3,0.0,0.0,100.0,0.0,0.0,0.0,0.0,3.0,0.17,0.0,0.0
PIT,2024-09-18,1,0,0,0,1,0.0,0.0,100.0,0.0,0.0,0.0,0.0,0.0,0.5,0.0,0.0
PIT,2024-09-18,3,0,0,1,0,100.0,100.0,0.0,0.0,10.0,0.0,0.0,0.0,0.0,0.0,0.0
PIT,2024-09-18,4,0,0,0,1,0.0,0.0,100.0,0.0,0.0,0.0,0.0,0.0,0.0,0.0,0.0
PIT,2024-09-18,5,2,0,2,3,100.0,100.0,66.67,0.0,11.0,0.7,0.0,0.0,0.33,0.0,10.0
PIT,2024-09-18,6,17,1,19,1,94.74,94.74,100.0,2.26,14.32,4.02,3.68,1.0,0.5,1.0,0.0
PIT,2024-09-18,7,10,1,14,1,78.57,78.57,100.0,14.0,13.43,3.24,15.29,3.0,0.5,0.0,0.0
PIT,2024-09-18,8,12,4,13,5,92.31,92.31,80.0,2.77,13.69,3.38,4.0,2.8,1.08,5.8,15.8
PIT,2024-09-18,9,5,4,7,5,71.43,71.43,60.0,12.29,12.0,2.3,13.71,5.4,0.9,10.4,18.0
PIT,2024-09-18,10,10,6,11,7,90.91,90.91,85.71,1.64,18.09,7.57,6.55,4.14,1.21,3.71,8.14
PIT,2024-09-18,11,7,11,10,12,80.0,80.0,91.67,7.0,11.7,1.47,7.2,2.67,1.35,2.58,4.33
PIT,2024-09-18,12,11,5,14,6,92.86,92.86,83.33,3.14,13.14,3.06,4.21,2.83,1.08,2.0,9.83
PIT,2024-09-18,13,5,6,6,7,83.33,83.33,85.71,5.67,14.67,4.63,6.5,1.29,0.4,1.14,3.0
PIT,2024-09-18,14,6,8,7,9,85.71,85.71,88.89,10.0,11.57,1.77,10.43,2.67,1.08,2.44,13.44
PIT,2024-09-18,15,7,10,7,12,85.71,71.43,58.33,3.57,15.0,4.91,6.14,2.5,0.21,5.0,17.33
PIT,2024-09-18,16,14,13,15,15,80.0,73.33,73.33,4.67,14.93,4.6,7.33,2.93,2.33,3.07,11.47
PIT,2024-09-18,17,8,7,9,9,77.78,88.89,88.89,6.44,13.0,3.27,7.56,1.22,0.87,3.78,10.11
PIT,2024-09-18,18,9,14,10,17,70.0,70.0,76.47,8.4,12.5,2.45,9.5,3.06,1.21,2.47,8.59
PIT,2024-09-18,19,6,3,8,7,87.5,75.0,71.43,21.88,13.63,3.57,24.5,8.14,1.11,7.29,6.43
PIT,2024-09-18,20,2,13,2,17,100.0,100.0,88.24,0.0,19.0,8.7,2.5,2.06,1.27,1.76,6.47
PIT,2024-09-18,21,0,7,2,7,100.0,100.0,57.14,0.0,11.0,0.4,0.0,1.86,0.84,7.43,21.43
PIT,2024-09-18,22,1,8,3,8,100.0,100.0,100.0,0.0,13.33,3.8,1.67,1.38,1.69,1.38,1.13
PIT,2024-09-18,23,0,8,0,9,0.0,0.0,66.67,0.0,0.0,0.0,0.0,0.89,1.87,0.78,21.89
PIT,2024-09-19,0,0,3,0,3,0.0,0.0,100.0,0.0,0.0,0.0,0.0,0.0,3.57,0.0,2.67
PIT,2024-09-19,1,0,1,0,1,0.0,0.0,100.0,0.0,0.0,0.0,0.0,0.0,0.5,0.0,0.0
PIT,2024-09-19,3,0,0,1,0,100.0,100.0,0.0,0.0,10.0,0.0,0.0,0.0,0.0,0.0,0.0
PIT,2024-09-19,4,0,1,0,1,0.0,0.0,100.0,0.0,0.0,0.0,0.0,0.0,1.5,0.0,0.0
PIT,2024-09-19,5,6,1,6,3,83.33,83.33,100.0,2.67,11.0,1.55,3.5,0.0,0.33,0.0,3.67
PIT,2024-09-19,6,19,1,20,1,90.0,90.0,100.0,7.7,13.0,2.51,8.45,3.0,0.5,9.0,14.0
PIT,2024-09-19,7,11,2,16,1,81.25,81.25,100.0,13.88,13.69,3.47,16.06,2.0,0.5,0.0,1.0
PIT,2024-09-19,8,13,4,15,4,93.33,86.67,100.0,1.93,14.73,4.19,3.6,5.75,2.48,6.75,1.0
PIT,2024-09-19,9,3,8,4,8,100.0,100.0,87.5,0.0,12.0,2.08,0.25,2.5,1.1,3.25,2.25
PIT,2024-09-19,10,12,8,12,10,91.67,91.67,90.0,1.67,15.25,4.81,3.17,2.1,2.05,1.8,4.6
PIT,2024-09-19,11,9,8,12,9,91.67,83.33,100.0,4.67,13.17,3.0,6.5,2.44,2.1,4.33,2.67
PIT,2024-09-19,12,11,10,11,14,90.91,81.82,85.71,3.91,13.55,3.39,6.09,2.79,0.57,2.14,4.86
PIT,2024-09-19,13,7,6,12,8,83.33,83.33,75.0,7.75,11.5,1.3,8.25,1.5,0.1,1.75,8.13
PIT,2024-09-19,14,6,10,8,11,87.5,87.5,100.0,2.63,13.88,3.56,4.25,2.0,1.06,0.45,0.82
PIT,2024-09-19,15,8,9,10,13,90.0,90.0,92.31,5.8,14.3,3.83,8.1,1.62,1.13,4.0,7.08
PIT,2024-09-19,16,14,14,17,13,82.35,64.71,92.31,7.29,18.82,8.42,15.18,1.54,2.57,1.0,2.54
PIT,2024-09-19,17,9,9,9,10,88.89,88.89,70.0,32.67,11.89,2.28,33.56,0.6,1.66,4.0,12.7
PIT,2024-09-19,18,13,16,13,23,61.54,46.15,65.22,24.15,18.08,7.88,30.15,2.43,4.27,4.7,18.65
PIT,2024-09-19,19,11,8,13,12,84.62,76.92,66.67,10.69,14.62,4.08,13.77,2.25,1.91,3.75,16.83
PIT,2024-09-19,20,6,11,7,14,100.0,100.0,78.57,3.0,10.57,0.5,2.57,2.14,2.66,4.5,22.07
PIT,2024-09-19,21,1,12,3,13,100.0,100.0,69.23,0.0,11.0,0.6,0.0,1.54,3.09,1.08,24.38
PIT,2024-09-19,22,1,10,3,10,100.0,100.0,80.0,0.0,11.67,1.6,0.0,0.3,2.63,2.7,14.3
PIT,2024-09-19,23,0,9,0,10,0.0,0.0,70.0,0.0,0.0,0.0,0.0,1.1,2.28,4.3,18.1
PIT,2024-09-20,0,0,3,0,3,0.0,0.0,66.67,0.0,0.0,0.0,0.0,0.0,1.9,5.67,15.33
PIT,2024-09-20,1,0,1,0,2,0.0,0.0,50.0,0.0,0.0,0.0,0.0,0.0,3.5,0.0,21.5
PIT,2024-09-20,2,0,0,0,1,0.0,0.0,100.0,0.0,0.0,0.0,0.0,0.0,4.2,6.0,14.0
PIT,2024-09-20,3,0,0,1,0,100.0,100.0,0.0,0.0,10.0,0.0,0.0,0.0,0.0,0.0,0.0
PIT,2024-09-20,4,0,1,0,2,0.0,0.0,100.0,0.0,0.0,0.0,0.0,1.0,3.0,0.5,0.0
PIT,2024-09-20,5,6,2,6,4,100.0,83.33,100.0,2.17,10.83,1.48,3.5,0.0,0.75,0.0,9.25
PIT,2024-09-20,6,19,1,21,1,90.48,90.48,100.0,4.57,13.33,2.94,6.48,0.0,0.5,3.0,0.0
PIT,2024-09-20,7,12,2,15,4,86.67,86.67,75.0,4.53,13.2,3.05,5.87,1.5,0.5,2.25,11.75
PIT,2024-09-20,8,13,5,19,5,73.68,73.68,80.0,6.84,12.53,2.05,8.0,5.6,1.68,11.0,13.4
PIT,2024-09-20,9,4,9,6,9,100.0,100.0,77.78,0.83,12.67,2.75,1.83,3.0,0.7,4.0,6.33
PIT,2024-09-20,10,12,9,13,9,84.62,76.92,66.67,7.92,14.69,4.18,9.77,1.67,2.13,1.11,13.11
PIT,2024-09-20,11,10,7,11,8,63.64,54.55,100.0,12.91,14.91,4.65,16.18,2.88,1.05,1.0,0.0
PIT,2024-09-20,12,10,10,13,11,100.0,84.62,90.91,1.0,15.62,5.41,4.31,2.55,0.55,1.82,2.82
PIT,2024-09-20,13,7,6,8,6,75.0,75.0,100.0,5.88,13.38,3.11,7.0,2.17,0.63,0.83,1.83
PIT,2024-09-20,14,5,8,6,10,100.0,83.33,70.0,1.67,16.67,6.37,4.67,3.6,1.22,4.7,12.6
PIT,2024-09-20,15,7,9,8,9,62.5,62.5,66.67,19.0,13.38,3.04,21.88,1.67,1.24,2.0,25.89
PIT,2024-09-20,16,13,13,14,17,57.14,57.14,76.47,27.14,12.86,2.85,29.64,1.59,1.91,2.65,18.35
PIT,2024-09-20,17,11,10,15,15,66.67,66.67,66.67,16.47,12.07,2.43,18.13,1.33,0.65,3.67,19.13
PIT,2024-09-20,18,11,12,12,20,66.67,58.33,75.0,29.58,18.0,7.88,36.5,1.25,2.26,3.7,22.8
PIT,2024-09-20,19,8,6,11,10,54.55,63.64,60.0,30.91,13.36,3.19,32.91,2.3,0.96,4.8,21.8
PIT,2024-09-20,20,6,12,6,14,66.67,66.67,71.43,8.17,17.5,7.05,11.83,1.14,1.59,2.64,15.14
PIT,2024-09-20,21,2,11,4,11,100.0,100.0,45.45,0.75,12.0,1.4,1.5,1.45,1.52,4.73,35.91
PIT,2024-09-20,22,1,11,1,13,0.0,0.0,84.62,51.0,18.0,7.4,58.0,0.62,4.48,3.31,4.62
PIT,2024-09-20,23,0,9,0,10,0.0,0.0,80.0,0.0,0.0,0.0,0.0,1.7,3.23,0.7,4.3
PIT,2024-09-21,0,0,2,0,3,0.0,0.0,66.67,0.0,0.0,0.0,0.0,0.0,0.83,0.67,19.67
PIT,2024-09-21,1,0,0,0,2,0.0,0.0,0.0,0.0,0.0,0.0,0.0,0.0,1.0,0.0,32.0
PIT,2024-09-21,2,0,0,0,0,0.0,0.0,0.0,0.0,0.0,0.0,0.0,0.0,0.0,0.0,0.0
PIT,2024-09-21,3,0,0,1,0,100.0,100.0,0.0,0.0,11.0,0.4,0.0,0.0,0.0,0.0,0.0
PIT,2024-09-21,4,0,0,0,1,0.0,0.0,0.0,0.0,0.0,0.0,0.0,0.0,0.5,0.0,52.0
PIT,2024-09-21,5,1,0,1,3,100.0,100.0,66.67,0.0,8.0,0.0,0.0,0.0,0.5,0.0,5.67
PIT,2024-09-21,6,18,1,18,2,88.89,88.89,50.0,3.44,12.78,2.52,3.67,0.5,1.5,2.5,10.0
PIT,2024-09-21,7,10,1,13,3,92.31,92.31,66.67,2.69,13.77,3.51,4.92,7.0,1.5,7.33,9.67
PIT,2024-09-21,8,12,4,17,5,76.47,76.47,60.0,9.41,11.82,1.72,10.18,7.6,15.28,22.0,21.2
PIT,2024-09-21,9,6,5,8,6,100.0,100.0,83.33,0.0,11.75,1.97,1.38,3.33,3.5,4.33,3.17
PIT,2024-09-21,10,11,7,13,7,92.31,92.31,100.0,1.38,14.77,4.46,4.0,2.43,4.57,1.29,0.14
PIT,2024-09-21,11,6,7,8,9,100.0,100.0,77.78,0.88,9.75,0.06,0.75,3.56,2.63,4.11,7.33
PIT,2024-09-21,12,8,9,11,9,81.82,72.73,88.89,11.0,13.36,3.47,13.36,1.22,3.52,2.56,7.22
PIT,2024-09-21,13,7,6,7,6,100.0,100.0,83.33,4.29,10.14,0.59,4.43,2.17,5.72,5.0,2.5
PIT,2024-09-21,14,5,8,7,12,71.43,71.43,66.67,10.29,12.86,2.67,10.71,3.92,0.7,3.92,13.17
PIT,2024-09-21,15,8,6,11,8,72.73,63.64,50.0,18.55,17.09,7.52,23.55,2.0,6.44,8.88,23.0
PIT,2024-09-21,16,7,11,11,14,54.55,54.55,92.86,21.18,14.55,4.42,24.36,2.93,0.76,4.71,4.29
PIT,2024-09-21,17,9,8,9,10,88.89,88.89,80.0,4.11,11.89,2.14,5.22,2.3,1.77,0.7,5.5
PIT,2024-09-21,18,7,10,9,13,66.67,66.67,69.23,18.89,13.0,2.8,19.56,2.62,3.65,3.08,10.46
PIT,2024-09-21,19,2,7,3,9,66.67,66.67,66.67,15.67,10.0,0.6,16.0,2.0,0.62,3.78,15.11
PIT,2024-09-21,20,2,7,3,7,66.67,33.33,42.86,9.0,20.67,10.07,16.33,3.29,0.86,7.71,29.57
PIT,2024-09-21,21,0,9,1,9,100.0,100.0,66.67,0.0,24.0,13.4,13.0,3.78,1.93,3.11,10.11
PIT,2024-09-21,22,1,4,1,4,100.0,0.0,50.0,11.0,17.0,6.4,17.0,3.25,1.38,6.75,16.0
PIT,2024-09-21,23,0,7,0,9,0.0,0.0,100.0,0.0,0.0,0.0,0.0,2.0,0.98,3.56,2.56
PIT,2024-09-22,0,0,4,0,3,0.0,0.0,100.0,0.0,0.0,0.0,0.0,0.33,1.33,0.67,0.0
PIT,2024-09-22,1,0,2,0,1,0.0,0.0,100.0,0.0,0.0,0.0,0.0,0.0,0.5,0.0,0.0
PIT,2024-09-22,3,0,0,1,0,100.0,100.0,0.0,0.0,10.0,0.0,0.0,0.0,0.0,0.0,0.0
PIT,2024-09-22,4,0,1,0,0,0.0,0.0,0.0,0.0,0.0,0.0,0.0,0.0,0.0,0.0,0.0
PIT,2024-09-22,5,4,1,5,0,100.0,100.0,0.0,1.8,10.6,1.2,2.8,0.0,0.0,0.0,0.0
PIT,2024-09-22,6,19,0,18,0,100.0,100.0,0.0,0.0,12.28,2.01,0.33,0.0,0.0,0.0,0.0
PIT,2024-09-22,7,8,1,10,0,80.0,80.0,0.0,5.5,10.7,0.93,5.9,0.0,0.0,0.0,0.0
PIT,2024-09-22,8,14,3,15,3,93.33,93.33,100.0,7.8,13.13,2.93,9.07,0.33,1.13,0.0,0.0
PIT,2024-09-22,9,3,7,5,14,80.0,80.0,57.14,8.2,11.4,1.4,8.6,3.79,0.57,4.86,20.64
PIT,2024-09-22,10,12,6,17,9,88.24,88.24,66.67,6.0,13.06,2.88,7.12,2.89,4.78,7.56,16.33
PIT,2024-09-22,11,10,10,14,12,85.71,78.57,75.0,5.57,11.14,1.29,6.14,1.5,0.71,1.67,9.0
PIT,2024-09-22,12,11,12,14,15,71.43,71.43,93.33,11.07,10.93,0.77,11.0,2.0,1.28,1.07,2.93
PIT,2024-09-22,13,8,6,10,9,100.0,100.0,88.89,0.0,13.0,3.23,1.4,2.67,0.78,4.33,6.78
PIT,2024-09-22,14,6,9,9,14,77.78,77.78,71.43,6.22,13.56,3.31,8.56,1.64,1.31,3.29,14.43
PIT,2024-09-22,15,9,9,11,16,72.73,72.73,81.25,14.82,11.64,1.6,15.27,2.56,2.83,3.94,10.19
PIT,2024-09-22,16,10,12,16,15,56.25,50.0,73.33,21.88,14.44,4.08,25.06,2.0,2.44,3.2,13.27
PIT,2024-09-22,17,10,12,15,13,86.67,80.0,69.23,6.47,13.33,3.19,8.8,0.54,1.57,0.15,10.0
PIT,2024-09-22,18,13,14,17,18,64.71,70.59,55.56,17.29,13.71,3.88,19.29,0.89,1.41,0.67,23.61
PIT,2024-09-22,19,13,9,18,9,61.11,61.11,100.0,26.17,12.72,2.68,27.94,4.22,4.01,5.67,3.89
PIT,2024-09-22,20,6,12,6,12,66.67,66.67,83.33,23.0,10.67,0.57,23.33,2.0,3.03,4.17,14.17
PIT,2024-09-22,21,3,9,4,10,75.0,75.0,90.0,8.5,9.5,0.55,8.25,2.0,1.87,1.8,12.2
PIT,2024-09-22,22,0,9,0,9,0.0,0.0,88.89,0.0,0.0,0.0,0.0,0.89,1.89,1.0,11.56
PIT,2024-09-22,23,0,12,0,12,0.0,0.0,75.0,0.0,0.0,0.0,0.0,0.83,1.61,2.0,12.58
PIT,2024-09-23,0,0,3,0,4,0.0,0.0,100.0,0.0,0.0,0.0,0.0,0.0,0.33,0.0,0.0
PIT,2024-09-23,1,0,1,0,3,0.0,0.0,100.0,0.0,0.0,0.0,0.0,0.0,0.83,0.0,0.0
PIT,2024-09-23,3,0,0,1,0,100.0,100.0,0.0,0.0,10.0,0.0,0.0,0.0,0.0,0.0,0.0
PIT,2024-09-23,4,0,1,0,1,0.0,0.0,100.0,0.0,0.0,0.0,0.0,0.0,4.5,0.0,0.0
PIT,2024-09-23,5,6,0,6,1,83.33,100.0,0.0,3.0,11.67,1.7,3.83,0.0,0.5,11.0,48.0
PIT,2024-09-23,6,19,1,20,2,95.0,95.0,50.0,1.95,12.6,2.46,3.45,8.0,0.5,7.5,24.5
PIT,2024-09-23,7,12,2,16,2,81.25,81.25,100.0,5.31,12.0,1.91,6.44,8.0,2.5,7.5,4.0
PIT,2024-09-23,8,13,5,15,8,80.0,80.0,75.0,7.93,12.33,1.82,8.2,2.38,3.61,9.13,9.13
PIT,2024-09-23,9,4,9,6,11,83.33,83.33,81.82,2.67,12.5,2.6,2.83,2.18,1.44,1.91,8.09
PIT,2024-09-23,10,12,9,17,10,94.12,94.12,70.0,2.82,12.0,1.7,3.0,2.5,2.28,0.8,5.3
PIT,2024-09-23,11,10,7,12,9,91.67,91.67,100.0,7.92,13.5,3.31,9.75,4.56,0.68,4.22,2.22
PIT,2024-09-23,12,10,10,12,11,91.67,83.33,72.73,2.0,13.17,3.17,4.08,1.55,0.7,0.64,18.45
PIT,2024-09-23,13,7,6,7,7,85.71,85.71,85.71,11.86,9.57,0.4,11.86,2.43,0.86,1.71,5.86
PIT,2024-09-23,14,5,8,5,8,100.0,100.0,100.0,0.0,10.2,1.04,0.0,1.13,1.59,0.13,0.38
PIT,2024-09-23,15,7,9,7,10,85.71,71.43,80.0,9.29,14.71,4.56,13.86,1.6,0.1,2.7,6.1
PIT,2024-09-23,16,13,13,15,14,60.0,60.0,78.57,29.07,11.4,1.09,29.87,2.07,3.77,2.14,27.0
PIT,2024-09-23,17,10,10,11,12,90.91,81.82,83.33,2.82,12.91,3.22,4.91,2.67,2.12,1.92,6.25
PIT,2024-09-23,18,13,13,14,16,71.43,71.43,81.25,16.79,13.93,3.92,20.0,2.19,1.27,1.13,6.5
PIT,2024-09-23,19,7,5,8,8,100.0,100.0,87.5,0.75,12.0,1.58,0.88,3.0,3.1,3.63,6.0
PIT,2024-09-23,20,5,12,7,17,100.0,100.0,82.35,0.0,13.0,3.33,2.43,0.41,1.19,2.18,7.41
PIT,2024-09-23,21,2,12,4,12,100.0,100.0,83.33,0.0,8.25,0.1,0.0,0.75,0.77,2.08,5.83
PIT,2024-09-23,22,1,10,4,11,75.0,75.0,90.91,7.75,11.25,1.85,9.5,0.27,2.11,1.64,2.91
PIT,2024-09-23,23,0,9,0,10,0.0,0.0,90.0,0.0,0.0,0.0,0.0,1.1,1.45,0.2,4.1
PIT,2024-09-24,0,0,3,0,3,0.0,0.0,66.67,0.0,0.0,0.0,0.0,2.67,0.07,2.0,15.0
PIT,2024-09-24,1,0,0,1,3,100.0,100.0,33.33,0.0,21.0,10.4,10.0,4.0,0.33,5.0,19.67
PIT,2024-09-24,3,0,0,1,0,100.0,100.0,0.0,0.0,10.0,0.0,0.0,0.0,0.0,0.0,0.0
PIT,2024-09-24,4,0,0,0,2,0.0,0.0,100.0,0.0,0.0,0.0,0.0,0.0,1.0,0.0,0.0
PIT,2024-09-24,5,2,0,3,3,100.0,100.0,33.33,0.0,10.0,0.13,0.0,0.0,0.0,0.0,38.67
PIT,2024-09-24,6,17,1,20,1,90.0,90.0,100.0,3.8,15.0,4.64,6.8,0.0,0.5,0.0,5.0
PIT,2024-09-24,7,10,1,14,3,71.43,71.43,100.0,10.0,12.07,2.14,10.5,7.33,0.33,10.0,0.0
PIT,2024-09-24,8,12,4,14,4,85.71,85.71,75.0,23.0,13.07,2.56,23.36,9.25,1.23,11.75,55.25
PIT,2024-09-24,9,5,4,6,5,83.33,83.33,80.0,5.0,13.0,3.5,6.67,2.0,1.5,0.8,3.0
PIT,2024-09-24,10,10,6,11,6,81.82,81.82,100.0,6.55,13.36,3.34,7.0,5.33,1.05,4.0,2.83
PIT,2024-09-24,11,7,11,8,12,75.0,75.0,83.33,9.5,10.0,0.33,8.88,2.75,1.23,2.42,5.5
PIT,2024-09-24,12,11,5,13,5,76.92,76.92,100.0,10.08,10.54,0.88,9.92,1.6,0.2,0.0,0.0
PIT,2024-09-24,13,5,5,6,8,83.33,83.33,75.0,2.67,11.0,1.13,2.5,1.63,0.66,2.63,12.88
PIT,2024-09-24,14,5,8,6,8,66.67,66.67,87.5,13.83,15.83,5.93,18.33,4.75,1.71,3.38,2.13
PIT,2024-09-24,15,7,10,8,11,87.5,87.5,81.82,2.75,13.25,2.98,3.13,2.82,1.2,5.45,7.73
PIT,2024-09-24,16,14,13,14,13,85.71,78.57,92.31,15.71,12.21,2.35,17.71,2.54,1.84,2.62,1.92
PIT,2024-09-24,17,8,7,8,9,87.5,87.5,88.89,4.13,12.5,2.33,4.63,1.67,0.72,1.0,4.33
PIT,2024-09-24,18,9,14,9,16,88.89,77.78,75.0,6.11,11.22,1.28,6.56,4.31,0.56,3.38,22.38
PIT,2024-09-24,19,6,4,7,6,85.71,85.71,50.0,8.29,10.86,0.77,8.29,3.33,1.97,6.67,10.67
PIT,2024-09-24,20,3,13,4,16,75.0,75.0,75.0,5.5,10.75,0.45,5.75,2.94,1.44,4.31,12.69
PIT,2024-09-24,21,0,8,1,8,100.0,100.0,100.0,0.0,13.0,2.4,2.0,1.75,0.9,1.75,0.88
PIT,2024-09-24,22,1,7,4,7,100.0,100.0,100.0,0.0,13.0,2.55,0.0,0.86,1.36,3.0,2.0
PIT,2024-09-24,23,0,8,1,8,100.0,100.0,87.5,0.0,4.0,0.0,0.0,1.5,2.31,0.75,11.75
PIT,2024-09-25,0,0,3,0,3,0.0,0.0,100.0,0.0,0.0,0.0,0.0,0.0,0.67,0.0,0.0
PIT,2024-09-25,1,0,0,1,2,100.0,100.0,100.0,0.0,10.0,0.0,0.0,0.0,0.25,0.0,0.0
PIT,2024-09-25,3,0,0,1,0,100.0,100.0,0.0,0.0,10.0,0.0,0.0,0.0,0.0,0.0,0.0
PIT,2024-09-25,4,0,0,0,1,0.0,0.0,100.0,0.0,0.0,0.0,0.0,0.0,0.0,0.0,0.0
PIT,2024-09-25,5,2,0,2,3,100.0,100.0,100.0,0.0,14.0,3.7,1.0,0.0,0.17,0.0,6.33
PIT,2024-09-25,6,17,1,21,1,85.71,85.71,100.0,3.24,10.9,0.89,3.52,4.0,0.5,3.0,2.0
PIT,2024-09-25,7,10,1,11,1,100.0,100.0,100.0,0.0,12.45,2.39,1.09,12.0,0.5,15.0,4.0
PIT,2024-09-25,8,12,4,14,6,78.57,71.43,66.67,8.71,15.5,4.88,11.93,5.67,5.32,12.33,26.17
PIT,2024-09-25,9,5,4,7,5,71.43,71.43,100.0,11.0,11.29,1.59,11.57,3.0,2.1,0.6,0.0
PIT,2024-09-25,10,10,6,13,6,84.62,84.62,100.0,15.38,11.85,2.07,15.92,4.5,4.22,1.33,0.83
PIT,2024-09-25,11,7,11,9,13,88.89,88.89,84.62,6.89,10.33,0.48,6.89,3.92,1.13,3.62,7.46
PIT,2024-09-25,12,11,5,13,5,76.92,76.92,100.0,6.38,9.85,0.63,6.08,3.0,0.44,0.0,0.0
PIT,2024-09-25,13,5,6,5,7,100.0,100.0,85.71,0.0,11.2,0.66,0.0,5.29,0.4,3.43,7.43
PIT,2024-09-25,14,6,8,6,9,83.33,83.33,100.0,6.17,13.0,3.23,8.33,3.44,0.74,2.56,0.44
PIT,2024-09-25,15,7,10,8,15,100.0,100.0,80.0,1.63,11.38,1.31,1.63,1.93,0.4,2.73,10.0
PIT,2024-09-25,16,14,13,15,13,66.67,66.67,76.92,12.33,11.2,1.22,12.73,1.54,3.41,1.69,13.08
PIT,2024-09-25,17,8,7,9,9,77.78,77.78,66.67,13.44,14.0,3.8,15.0,3.56,1.64,5.33,17.22
PIT,2024-09-25,18,9,14,9,18,77.78,77.78,83.33,7.56,14.56,4.54,10.67,1.89,1.01,2.5,9.72
PIT,2024-09-25,19,6,3,9,5,88.89,88.89,80.0,4.0,11.67,1.57,4.11,6.4,0.5,9.6,14.8
PIT,2024-09-25,20,2,13,2,16,100.0,50.0,87.5,0.0,22.5,12.2,8.0,1.13,0.43,1.38,7.44
PIT,2024-09-25,21,0,7,2,8,100.0,100.0,75.0,0.0,7.5,0.0,0.0,1.38,0.26,0.38,7.38
PIT,2024-09-25,22,1,8,3,8,66.67,66.67,62.5,17.67,11.67,2.47,20.0,2.13,0.88,6.25,21.75
PIT,2024-09-25,23,0,8,0,9,0.0,0.0,100.0,0.0,0.0,0.0,0.0,1.78,1.17,4.44,3.67
PIT,2024-09-26,0,0,3,0,4,0.0,0.0,50.0,0.0,0.0,0.0,0.0,2.0,1.68,5.5,19.5
PIT,2024-09-26,1,0,1,0,0,0.0,0.0,0.0,0.0,0.0,0.0,0.0,0.0,0.0,0.0,0.0
PIT,2024-09-26,3,0,0,0,0,0.0,0.0,0.0,0.0,0.0,0.0,0.0,0.0,0.0,0.0,0.0
PIT,2024-09-26,4,0,1,1,1,0.0,0.0,100.0,33.0,12.0,1.4,34.0,0.0,0.0,0.0,0.0
PIT,2024-09-26,5,6,1,6,3,83.33,83.33,66.67,5.5,11.33,1.27,5.83,0.0,2.17,2.67,27.33
PIT,2024-09-26,6,19,1,21,1,100.0,100.0,0.0,0.0,13.14,2.74,0.86,8.0,0.5,7.0,379.0
PIT,2024-09-26,7,13,2,15,1,86.67,86.67,100.0,2.8,11.4,1.3,3.0,3.0,0.5,1.0,0.0
PIT,2024-09-26,8,11,4,14,6,78.57,78.57,50.0,23.43,12.07,1.61,23.43,3.17,0.65,3.33,32.0
PIT,2024-09-26,9,4,8,6,8,50.0,50.0,100.0,24.33,11.5,1.52,25.5,5.0,0.69,5.25,2.38
PIT,2024-09-26,10,11,8,13,8,100.0,92.31,100.0,0.62,17.0,6.41,4.77,3.38,3.69,4.25,3.13
PIT,2024-09-26,11,9,8,9,11,100.0,100.0,90.91,0.0,12.56,2.72,1.56,4.0,0.37,6.73,6.82
PIT,2024-09-26,12,12,10,12,10,75.0,75.0,100.0,5.92,17.17,7.2,11.58,3.7,0.85,2.1,1.0
PIT,2024-09-26,13,6,6,5,9,100.0,100.0,77.78,1.6,11.2,1.08,1.8,3.89,1.09,3.33,9.0
PIT,2024-09-26,14,6,9,9,14,88.89,88.89,78.57,3.67,13.33,3.46,5.78,2.29,0.76,4.14,24.5
PIT,2024-09-26,15,6,10,7,12,42.86,42.86,58.33,31.14,15.86,5.66,34.71,1.58,0.63,5.5,12.17
PIT,2024-09-26,16,15,14,17,17,58.82,52.94,76.47,23.82,13.35,3.69,25.94,2.29,1.06,4.18,25.82
PIT,2024-09-26,17,10,9,13,13,61.54,61.54,76.92,17.77,12.77,2.83,19.69,0.92,1.47,3.92,9.69
PIT,2024-09-26,18,13,16,14,20,64.29,50.0,80.0,13.86,16.93,6.62,18.43,2.0,1.46,3.4,13.8
PIT,2024-09-26,19,11,8,13,10,61.54,61.54,70.0,10.54,12.46,2.11,11.31,2.6,0.76,0.2,18.0
PIT,2024-09-26,20,6,12,6,16,100.0,100.0,81.25,2.0,12.83,2.57,3.0,1.75,1.43,6.63,15.19
PIT,2024-09-26,21,1,11,4,10,75.0,75.0,60.0,6.75,12.25,2.05,7.0,1.5,0.82,0.6,18.3
PIT,2024-09-26,22,1,11,3,13,33.33,33.33,69.23,69.0,13.33,2.73,71.0,1.38,0.69,2.31,10.69
PIT,2024-09-26,23,0,8,0,8,0.0,0.0,100.0,0.0,0.0,0.0,0.0,2.5,1.35,1.25,0.63
PIT,2024-09-27,0,0,3,0,3,0.0,0.0,66.67,0.0,0.0,0.0,0.0,0.0,0.43,0.0,23.33
PIT,2024-09-27,1,0,1,0,2,0.0,0.0,50.0,0.0,0.0,0.0,0.0,0.0,0.5,4.5,26.5
PIT,2024-09-27,2,0,0,0,0,0.0,0.0,0.0,0.0,0.0,0.0,0.0,0.0,0.0,0.0,0.0
PIT,2024-09-27,3,0,0,1,0,0.0,0.0,0.0,37.0,12.0,1.4,38.0,0.0,0.0,0.0,0.0
PIT,2024-09-27,4,0,1,0,2,0.0,0.0,100.0,0.0,0.0,0.0,0.0,0.0,0.25,0.0,0.0
PIT,2024-09-27,5,6,1,6,4,100.0,100.0,50.0,0.0,11.33,1.53,0.0,0.5,1.25,3.75,12.5
PIT,2024-09-27,6,19,1,22,0,81.82,72.73,0.0,5.86,16.95,6.49,11.23,0.0,0.0,0.0,0.0
PIT,2024-09-27,7,14,2,17,3,76.47,76.47,100.0,7.35,13.76,3.71,9.59,2.67,0.83,4.33,1.0
PIT,2024-09-27,8,10,5,16,5,75.0,75.0,60.0,13.31,12.44,2.19,14.81,2.6,1.28,5.6,25.6
PIT,2024-09-27,9,6,9,7,8,71.43,71.43,62.5,22.71,12.71,2.5,23.71,3.75,1.63,5.5,9.75
PIT,2024-09-27,10,12,8,14,9,71.43,78.57,66.67,8.79,13.07,3.18,10.29,2.89,0.94,2.56,22.0
PIT,2024-09-27,11,8,7,8,8,50.0,50.0,37.5,116.63,10.13,0.45,116.5,4.75,0.86,2.75,121.75
PIT,2024-09-27,12,11,10,13,10,76.92,76.92,60.0,29.31,12.69,2.65,31.54,2.4,0.25,3.6,36.6
PIT,2024-09-27,13,6,6,8,9,50.0,50.0,66.67,24.75,11.63,1.55,25.88,5.44,0.26,5.0,19.56
PIT,2024-09-27,14,5,8,6,9,83.33,83.33,77.78,9.5,11.5,1.83,9.5,2.56,0.97,3.78,16.56
PIT,2024-09-27,15,6,9,8,12,62.5,75.0,58.33,15.5,12.0,1.96,15.75,3.0,0.54,3.92,10.58
PIT,2024-09-27,16,13,14,14,16,57.14,50.0,56.25,17.71,13.5,3.24,19.86,3.0,2.24,6.25,41.38
PIT,2024-09-27,17,12,10,13,12,61.54,53.85,83.33,45.15,14.23,4.4,48.46,1.67,0.81,4.83,6.17
PIT,2024-09-27,18,13,13,13,15,61.54,61.54,53.33,24.0,14.0,3.86,27.08,3.2,1.61,3.87,18.87
PIT,2024-09-27,19,7,6,8,6,75.0,75.0,83.33,5.5,12.13,2.03,6.0,2.33,0.85,5.0,31.0
PIT,2024-09-27,20,6,12,6,17,83.33,83.33,70.59,29.33,11.17,1.33,29.67,4.06,0.99,5.47,15.53
PIT,2024-09-27,21,2,11,3,11,66.67,66.67,90.91,7.0,13.0,2.6,8.33,3.0,1.95,1.45,7.18
PIT,2024-09-27,22,1,12,2,12,0.0,0.0,66.67,59.0,14.0,4.3,63.0,2.25,1.25,5.0,9.42
PIT,2024-09-27,23,0,8,0,10,0.0,0.0,60.0,0.0,0.0,0.0,0.0,1.9,1.18,4.0,11.4
PIT,2024-09-28,0,0,2,0,3,0.0,0.0,33.33,0.0,0.0,0.0,0.0,0.0,0.83,0.0,15.67
PIT,2024-09-28,1,0,0,0,3,0.0,0.0,66.67,0.0,0.0,0.0,0.0,0.0,0.9,0.67,9.0
PIT,2024-09-28,2,0,0,0,1,0.0,0.0,100.0,0.0,0.0,0.0,0.0,0.0,0.5,0.0,0.0
PIT,2024-09-28,3,0,0,1,0,100.0,100.0,0.0,0.0,11.0,0.4,0.0,0.0,0.0,0.0,0.0
PIT,2024-09-28,4,0,0,0,1,0.0,0.0,100.0,0.0,0.0,0.0,0.0,0.0,1.5,0.0,0.0
PIT,2024-09-28,5,1,0,1,2,100.0,100.0,50.0,0.0,13.0,2.4,0.0,2.5,0.0,16.0,40.0
PIT,2024-09-28,6,18,1,18,2,100.0,100.0,0.0,0.33,12.28,2.32,1.06,4.0,0.5,4.5,30.5
PIT,2024-09-28,7,12,1,15,2,93.33,93.33,50.0,2.93,12.87,2.57,4.13,3.0,0.5,1.5,24.0
PIT,2024-09-28,8,10,3,14,4,92.86,92.86,50.0,2.79,15.07,4.67,4.86,2.5,0.48,5.0,17.0
PIT,2024-09-28,9,6,5,8,5,87.5,87.5,100.0,5.75,11.13,1.55,6.63,0.6,2.1,0.0,0.2
PIT,2024-09-28,10,10,7,10,8,100.0,100.0,87.5,1.4,11.0,1.3,1.8,2.25,0.29,0.38,13.38
PIT,2024-09-28,11,6,7,7,8,100.0,100.0,87.5,0.0,11.57,1.5,0.71,4.13,0.74,0.75,7.0
PIT,2024-09-28,12,8,9,9,9,88.89,88.89,100.0,7.0,10.67,0.92,7.56,1.67,2.72,3.0,0.89
PIT,2024-09-28,13,7,6,8,7,75.0,75.0,100.0,57.25,14.13,4.51,59.88,4.0,0.47,1.0,0.0
PIT,2024-09-28,14,5,8,6,8,83.33,83.33,75.0,4.0,10.67,1.07,4.67,1.63,0.24,2.88,15.5
PIT,2024-09-28,15,7,6,10,9,70.0,70.0,88.89,23.8,11.4,1.23,23.9,2.56,0.72,3.56,2.44
PIT,2024-09-28,16,9,11,9,12,77.78,77.78,75.0,7.56,12.11,2.03,8.67,2.42,0.7,4.25,33.67
PIT,2024-09-28,17,9,7,9,9,55.56,55.56,88.89,59.11,11.0,1.67,60.44,0.0,0.71,0.56,11.44
PIT,2024-09-28,18,6,10,7,11,85.71,85.71,100.0,16.29,15.86,5.33,19.43,1.36,3.03,1.0,0.82
PIT,2024-09-28,19,2,7,4,7,75.0,75.0,100.0,18.25,10.5,0.75,18.25,0.57,0.37,0.71,0.57
PIT,2024-09-28,20,2,8,2,10,100.0,100.0,70.0,0.0,11.0,1.2,0.0,0.9,2.03,4.6,19.5
PIT,2024-09-28,21,0,8,0,10,0.0,0.0,70.0,0.0,0.0,0.0,0.0,1.1,3.29,5.1,20.1
PIT,2024-09-28,22,1,7,2,7,100.0,100.0,71.43,0.0,12.0,1.7,0.0,0.0,0.19,0.0,6.29
PIT,2024-09-28,23,0,5,0,5,0.0,0.0,100.0,0.0,0.0,0.0,0.0,0.6,4.86,0.4,0.0
PIT,2024-09-29,0,0,4,1,2,0.0,0.0,100.0,22.0,11.0,0.4,22.0,0.0,0.35,0.0,0.0
PIT,2024-09-29,1,0,2,0,1,0.0,0.0,100.0,0.0,0.0,0.0,0.0,0.0,0.5,3.0,0.0
PIT,2024-09-29,3,0,0,1,0,100.0,100.0,0.0,0.0,19.0,8.4,8.0,0.0,0.0,0.0,0.0
PIT,2024-09-29,4,0,1,0,0,0.0,0.0,0.0,0.0,0.0,0.0,0.0,0.0,0.0,0.0,0.0
PIT,2024-09-29,5,4,2,4,0,100.0,100.0,0.0,0.0,11.75,1.65,0.0,0.0,0.0,0.0,0.0
PIT,2024-09-29,6,19,0,22,0,81.82,81.82,0.0,6.59,12.09,2.05,7.05,0.0,0.0,0.0,0.0
PIT,2024-09-29,7,10,1,10,1,100.0,100.0,0.0,0.0,10.6,0.71,0.1,8.0,0.5,9.0,21.0
PIT,2024-09-29,8,12,3,15,4,80.0,80.0,100.0,9.47,11.8,1.78,9.87,4.25,1.98,0.0,0.0
PIT,2024-09-29,9,4,7,6,7,83.33,83.33,85.71,3.33,12.5,2.62,4.67,4.14,0.61,1.29,3.71
PIT,2024-09-29,10,11,6,13,8,92.31,92.31,75.0,5.54,12.08,1.58,5.54,3.75,0.94,3.0,9.75
PIT,2024-09-29,11,10,10,11,12,90.91,90.91,75.0,6.0,10.09,0.62,5.73,3.5,0.7,1.83,12.25
PIT,2024-09-29,12,12,12,14,14,85.71,78.57,100.0,6.07,11.93,1.93,7.36,4.5,0.48,2.29,0.29
PIT,2024-09-29,13,7,6,9,11,88.89,88.89,90.91,3.22,11.11,1.2,3.78,3.64,0.71,2.55,4.27
PIT,2024-09-29,14,6,8,8,8,75.0,75.0,62.5,29.0,12.63,2.51,29.88,4.88,1.21,3.88,12.5
PIT,2024-09-29,15,7,9,8,11,50.0,50.0,63.64,47.13,11.0,1.18,47.88,3.91,2.2,3.18,37.36
PIT,2024-09-29,16,12,13,15,14,80.0,80.0,92.86,7.8,15.13,4.95,11.33,2.29,0.71,1.86,3.29
PIT,2024-09-29,17,10,12,11,16,81.82,81.82,87.5,11.82,12.36,2.26,13.45,3.63,1.12,2.44,5.5
PIT,2024-09-29,18,13,13,14,22,85.71,92.86,63.64,10.0,12.93,2.84,10.86,2.68,1.32,4.68,19.32
PIT,2024-09-29,19,13,9,16,11,68.75,68.75,45.45,13.75,11.25,1.49,14.25,3.27,1.92,6.09,28.64
PIT,2024-09-29,20,7,13,8,15,62.5,62.5,66.67,14.0,12.38,2.65,16.25,3.07,2.15,3.67,21.2
PIT,2024-09-29,21,2,8,2,8,100.0,100.0,87.5,0.0,9.0,0.1,0.0,1.75,0.4,0.5,2.38
PIT,2024-09-29,22,0,10,1,10,0.0,0.0,80.0,102.0,8.0,0.0,99.0,1.3,0.41,0.8,18.1
PIT,2024-09-29,23,0,11,0,11,0.0,0.0,90.91,0.0,0.0,0.0,0.0,1.64,1.53,0.18,4.91
PIT,2024-09-30,0,0,3,0,5,0.0,0.0,60.0,0.0,0.0,0.0,0.0,1.0,0.46,0.0,23.8
PIT,2024-09-30,1,0,1,1,3,100.0,100.0,66.67,0.0,12.0,1.4,1.0,0.67,0.33,3.67,8.67
PIT,2024-09-30,3,0,0,1,0,100.0,100.0,0.0,0.0,19.0,8.4,8.0,0.0,0.0,0.0,0.0
PIT,2024-09-30,4,0,1,0,1,0.0,0.0,100.0,0.0,0.0,0.0,0.0,0.0,0.5,0.0,0.0
PIT,2024-09-30,5,6,0,6,2,100.0,100.0,100.0,1.33,11.0,1.3,2.0,1.0,0.25,1.0,1.5
PIT,2024-09-30,6,19,1,22,1,86.36,86.36,0.0,52.18,13.09,2.58,53.27,3.0,0.5,5.0,532.0
PIT,2024-09-30,7,14,2,14,2,100.0,100.0,100.0,0.0,13.0,3.14,0.57,6.0,1.5,8.0,2.0
PIT,2024-09-30,8,11,5,14,5,71.43,64.29,60.0,10.07,15.64,5.22,13.57,4.4,1.28,7.4,33.8
PIT,2024-09-30,9,5,9,6,10,83.33,83.33,80.0,23.17,14.0,3.75,25.0,5.2,0.88,4.6,6.0
PIT,2024-09-30,10,12,8,14,10,85.71,85.71,90.0,3.71,14.36,4.06,4.79,3.0,3.38,4.1,4.1
PIT,2024-09-30,11,8,7,14,9,71.43,71.43,88.89,13.57,11.29,1.61,14.14,4.78,1.73,3.11,16.67
PIT,2024-09-30,12,11,10,14,11,64.29,64.29,90.91,38.14,11.71,2.06,38.71,4.36,0.91,0.91,4.73
PIT,2024-09-30,13,6,6,7,7,71.43,71.43,57.14,13.57,12.57,3.29,14.86,3.71,0.54,3.14,23.0
PIT,2024-09-30,14,5,8,5,9,80.0,80.0,77.78,11.0,13.0,3.06,11.4,2.67,1.08,2.22,45.89
PIT,2024-09-30,15,7,9,9,11,77.78,77.78,63.64,4.44,9.56,0.5,4.56,1.82,1.41,3.45,11.18
PIT,2024-09-30,16,12,14,12,14,75.0,66.67,78.57,21.08,13.33,3.15,23.67,3.36,1.67,2.29,8.86
PIT,2024-09-30,17,12,10,12,11,100.0,100.0,90.91,1.25,12.83,3.07,1.08,1.18,1.76,1.73,8.36
PIT,2024-09-30,18,13,13,13,13,76.92,76.92,53.85,8.85,14.08,4.25,10.08,2.0,2.01,3.0,16.46
PIT,2024-09-30,19,7,5,9,5,77.78,55.56,100.0,12.33,14.89,4.51,14.78,2.8,1.32,0.8,4.0
PIT,2024-09-30,20,5,13,5,17,60.0,60.0,76.47,10.4,9.2,0.04,9.6,3.35,1.72,3.53,18.88
PIT,2024-09-30,21,2,11,4,11,75.0,75.0,90.91,17.0,13.5,3.8,18.0,2.36,0.55,0.27,1.82
PIT,2024-09-30,22,1,11,3,11,100.0,100.0,90.91,2.0,12.67,2.07,2.33,1.45,1.35,2.18,3.91
PIT,2024-09-30,23,0,8,0,9,0.0,0.0,77.78,0.0,0.0,0.0,0.0,0.44,2.94,0.22,34.89
PIT,2024-10-01,0,0,3,1,3,100.0,100.0,66.67,2.0,7.0,0.0,0.0,1.0,2.67,0.67,11.67
PIT,2024-10-01,1,0,0,0,1,0.0,0.0,100.0,0.0,0.0,0.0,0.0,0.0,2.5,0.0,0.0
PIT,2024-10-01,2,0,0,0,1,0.0,0.0,100.0,0.0,0.0,0.0,0.0,0.0,0.5,0.0,0.0
PIT,2024-10-01,3,0,0,1,0,100.0,100.0,0.0,0.0,10.0,0.0,0.0,0.0,0.0,0.0,0.0
PIT,2024-10-01,4,0,0,0,2,0.0,0.0,50.0,0.0,0.0,0.0,0.0,0.0,3.0,0.0,8.0
PIT,2024-10-01,5,2,0,2,3,100.0,100.0,33.33,0.0,11.0,0.4,0.0,0.0,0.83,0.67,14.67
PIT,2024-10-01,6,17,1,19,1,94.74,94.74,0.0,1.47,13.0,2.87,2.37,5.0,0.0,3.0,533.0
PIT,2024-10-01,7,12,1,14,2,85.71,85.71,100.0,6.07,10.71,0.8,6.14,7.5,0.25,5.5,2.0
PIT,2024-10-01,8,10,4,12,4,91.67,91.67,75.0,5.75,11.75,1.57,6.08,3.5,1.73,5.75,17.5
PIT,2024-10-01,9,6,4,7,4,85.71,85.71,100.0,2.57,11.86,2.44,3.57,3.25,0.75,0.5,0.0
PIT,2024-10-01,10,10,6,11,8,90.91,90.91,100.0,5.55,13.0,2.9,6.27,3.0,1.44,1.25,1.5
PIT,2024-10-01,11,6,11,7,13,100.0,85.71,92.31,0.0,13.29,2.96,2.14,4.0,1.13,2.31,2.46
PIT,2024-10-01,12,12,5,14,6,85.71,85.71,100.0,21.07,11.93,2.31,20.93,3.5,0.83,1.5,0.5
PIT,2024-10-01,13,4,5,4,5,100.0,100.0,100.0,0.0,10.75,1.35,0.0,1.4,0.26,0.0,0.6
PIT,2024-10-01,14,5,8,6,8,83.33,83.33,87.5,3.33,11.67,2.2,3.33,2.38,0.46,2.13,50.25
PIT,2024-10-01,15,6,10,6,10,83.33,66.67,100.0,9.17,18.17,8.27,15.5,1.8,2.6,3.0,2.5
PIT,2024-10-01,16,14,13,14,16,85.71,78.57,93.75,19.86,13.57,3.72,22.29,1.56,0.87,0.56,3.44
PIT,2024-10-01,17,9,6,9,8,88.89,88.89,87.5,2.33,11.89,2.21,2.67,2.13,0.16,0.88,5.75
PIT,2024-10-01,18,8,14,9,15,100.0,100.0,86.67,0.11,16.11,6.19,3.0,3.0,0.79,1.67,8.0
PIT,2024-10-01,19,6,4,7,5,85.71,85.71,80.0,2.29,11.86,1.63,2.14,4.8,1.26,5.0,9.4
PIT,2024-10-01,20,3,13,3,18,66.67,66.67,72.22,8.0,10.0,0.0,7.67,3.33,1.3,4.0,15.72
PIT,2024-10-01,21,0,9,3,10,66.67,66.67,90.0,15.33,16.0,5.1,18.67,1.5,0.99,0.2,13.8
PIT,2024-10-01,22,1,8,3,8,66.67,66.67,87.5,50.67,16.33,5.73,52.0,2.25,0.56,2.25,2.38
PIT,2024-10-01,23,0,7,0,7,0.0,0.0,71.43,0.0,0.0,0.0,0.0,1.0,1.26,0.86,8.57
PIT,2024-10-02,0,0,3,0,5,0.0,0.0,80.0,0.0,0.0,0.0,0.0,1.0,0.5,2.6,15.4
PIT,2024-10-02,1,0,0,0,1,0.0,0.0,100.0,0.0,0.0,0.0,0.0,0.0,1.5,3.0,0.0
PIT,2024-10-02,3,0,0,1,0,100.0,100.0,0.0,0.0,10.0,0.0,0.0,0.0,0.0,0.0,0.0
PIT,2024-10-02,4,0,0,0,1,0.0,0.0,100.0,0.0,0.0,0.0,0.0,0.0,0.0,0.0,0.0
PIT,2024-10-02,5,2,0,2,4,100.0,100.0,25.0,0.0,14.5,3.9,0.0,2.25,3.0,6.25,25.25
PIT,2024-10-02,6,17,1,20,1,90.0,85.0,0.0,5.65,14.0,3.58,8.0,0.0,1.5,0.0,553.0
PIT,2024-10-02,7,12,1,17,1,76.47,76.47,100.0,7.53,10.71,0.96,8.06,5.0,1.5,0.0,0.0
PIT,2024-10-02,8,11,4,17,5,64.71,52.94,60.0,14.35,15.24,4.88,17.18,4.2,4.08,8.0,9.0
PIT,2024-10-02,9,6,4,6,4,100.0,100.0,75.0,0.17,10.67,1.25,0.33,3.5,2.75,1.5,6.25
PIT,2024-10-02,10,10,6,10,6,90.0,90.0,100.0,9.7,17.7,7.24,14.6,4.33,1.42,1.5,0.17
PIT,2024-10-02,11,6,11,6,11,100.0,100.0,81.82,0.0,10.67,0.48,0.0,1.36,1.79,3.09,10.91
PIT,2024-10-02,12,12,5,14,7,78.57,78.57,71.43,21.5,12.57,2.48,22.36,2.86,1.53,1.0,17.29
PIT,2024-10-02,13,4,6,4,6,100.0,100.0,100.0,1.0,14.25,4.65,3.25,2.83,1.3,2.17,0.67
PIT,2024-10-02,14,6,8,6,10,100.0,100.0,60.0,0.0,10.83,1.17,0.0,1.8,1.87,2.9,44.8
PIT,2024-10-02,15,6,10,8,10,87.5,75.0,90.0,3.0,19.5,9.44,9.88,1.4,1.15,2.1,2.6
PIT,2024-10-02,16,14,13,15,16,86.67,80.0,81.25,17.2,13.2,3.35,18.73,1.69,2.21,1.25,7.44
PIT,2024-10-02,17,9,6,11,8,81.82,81.82,75.0,4.36,10.82,1.14,4.36,1.63,1.38,2.38,8.13
PIT,2024-10-02,18,8,14,8,15,75.0,75.0,73.33,8.13,11.5,1.84,8.5,1.67,1.11,1.07,16.87
PIT,2024-10-02,19,6,3,7,4,71.43,71.43,100.0,145.0,11.14,1.1,145.43,4.25,1.7,0.75,0.25
PIT,2024-10-02,20,2,12,2,15,100.0,100.0,86.67,0.0,15.0,4.4,3.5,1.6,2.24,2.33,5.27
PIT,2024-10-02,21,0,8,3,8,100.0,100.0,100.0,0.0,10.67,0.8,0.0,0.75,5.46,2.5,1.75
PIT,2024-10-02,22,1,9,2,10,50.0,50.0,70.0,24.0,14.5,4.7,28.5,0.6,1.0,0.4,9.4
PIT,2024-10-02,23,0,7,0,7,0.0,0.0,100.0,0.0,0.0,0.0,0.0,1.43,1.76,0.71,0.0
PIT,2024-10-03,0,0,4,0,3,0.0,0.0,100.0,0.0,0.0,0.0,0.0,2.0,1.73,0.0,0.0
PIT,2024-10-03,1,0,2,1,0,0.0,0.0,0.0,61.0,12.0,1.4,62.0,0.0,0.0,0.0,0.0
PIT,2024-10-03,2,0,0,0,0,0.0,0.0,0.0,0.0,0.0,0.0,0.0,0.0,0.0,0.0,0.0
PIT,2024-10-03,4,0,1,0,2,0.0,0.0,50.0,0.0,0.0,0.0,0.0,0.0,2.5,1.0,22.0
PIT,2024-10-03,5,8,0,8,3,87.5,87.5,66.67,10.75,12.0,2.26,10.63,1.0,3.17,1.33,9.33
PIT,2024-10-03,6,19,1,21,3,95.24,95.24,33.33,8.33,11.86,1.61,8.52,1.33,1.17,15.0,29.67
PIT,2024-10-03,7,11,2,15,3,80.0,80.0,33.33,30.0,11.67,1.38,30.67,0.33,1.83,3.67,21.33
PIT,2024-10-03,8,12,5,15,6,93.33,73.33,83.33,1.67,18.73,8.26,7.0,1.83,2.23,4.17,5.5
PIT,2024-10-03,9,5,7,6,10,83.33,83.33,60.0,6.17,10.5,0.45,6.17,2.7,1.48,3.3,15.3
PIT,2024-10-03,10,10,6,12,8,91.67,75.0,87.5,1.92,16.17,5.77,5.58,2.75,2.94,1.0,3.75
PIT,2024-10-03,11,6,10,7,10,85.71,85.71,90.0,4.86,15.29,4.6,8.71,1.0,1.79,0.0,2.7
PIT,2024-10-03,12,13,11,13,12,76.92,76.92,100.0,7.54,12.46,2.34,8.77,1.83,1.89,1.08,1.0
PIT,2024-10-03,13,8,5,11,6,72.73,72.73,83.33,11.64,10.36,0.78,11.82,2.33,1.05,1.17,6.67
PIT,2024-10-03,14,5,11,8,13,75.0,87.5,69.23,8.25,10.0,0.48,8.13,1.38,2.05,1.77,8.15
PIT,2024-10-03,15,9,10,11,11,81.82,81.82,81.82,13.36,14.55,4.47,16.82,1.27,2.38,3.09,17.73
PIT,2024-10-03,16,13,11,15,12,93.33,86.67,83.33,3.73,13.07,2.77,5.87,1.5,2.13,0.58,6.83
PIT,2024-10-03,17,9,9,11,14,72.73,72.73,78.57,7.55,14.18,3.7,9.18,2.07,1.81,2.71,9.21
PIT,2024-10-03,18,11,14,11,18,90.91,90.91,77.78,1.64,16.73,6.24,3.18,2.78,1.56,2.5,8.06
PIT,2024-10-03,19,12,9,13,9,69.23,69.23,77.78,17.69,12.69,2.57,18.69,3.0,1.57,0.33,18.78
PIT,2024-10-03,20,6,12,6,16,100.0,100.0,68.75,0.5,12.5,2.4,1.5,2.0,2.49,5.19,23.81
PIT,2024-10-03,21,4,10,7,10,71.43,57.14,90.0,18.71,15.57,5.49,22.14,2.2,2.07,1.2,3.4
PIT,2024-10-03,22,1,13,3,13,66.67,66.67,61.54,5.33,13.67,3.27,7.67,0.38,1.56,1.38,32.08
PIT,2024-10-03,23,0,9,0,11,0.0,0.0,90.91,0.0,0.0,0.0,0.0,1.91,2.36,2.45,3.64
PIT,2024-10-04,0,0,4,1,4,100.0,100.0,75.0,0.0,7.0,0.0,0.0,0.0,0.63,4.5,9.5
PIT,2024-10-04,1,0,2,0,3,0.0,0.0,100.0,0.0,0.0,0.0,0.0,0.0,0.17,0.67,2.33
PIT,2024-10-04,3,0,0,1,0,100.0,100.0,0.0,0.0,10.0,0.0,0.0,0.0,0.0,0.0,0.0
PIT,2024-10-04,4,0,1,0,2,0.0,0.0,100.0,0.0,0.0,0.0,0.0,0.0,0.25,0.0,0.0
PIT,2024-10-04,5,8,0,8,3,87.5,87.5,33.33,3.88,11.5,1.96,5.25,0.0,0.33,2.33,12.67
PIT,2024-10-04,6,20,1,22,2,86.36,86.36,100.0,8.59,13.09,2.65,10.0,1.0,1.5,2.5,0.0
PIT,2024-10-04,7,10,2,13,2,84.62,84.62,100.0,6.08,13.08,2.78,7.0,0.0,2.5,2.0,1.5
PIT,2024-10-04,8,11,6,13,6,69.23,61.54,83.33,6.92,17.08,6.46,11.46,1.67,2.23,4.33,9.33
PIT,2024-10-04,9,6,9,7,11,85.71,85.71,90.91,4.29,12.29,2.26,5.0,8.36,2.12,13.18,11.18
PIT,2024-10-04,10,12,6,14,7,92.86,92.86,85.71,1.93,13.71,3.39,3.29,3.86,2.21,1.71,7.57
PIT,2024-10-04,11,6,10,8,12,50.0,50.0,75.0,46.5,13.63,3.14,48.5,0.75,1.51,0.42,17.75
PIT,2024-10-04,12,12,11,13,13,76.92,76.92,84.62,14.31,13.08,3.21,15.92,2.0,2.09,2.46,2.69
PIT,2024-10-04,13,8,6,10,9,80.0,80.0,55.56,11.6,12.4,2.63,13.3,1.33,2.59,3.11,63.89
PIT,2024-10-04,14,6,10,6,11,66.67,66.67,90.91,60.67,11.0,1.37,61.83,0.73,2.11,0.82,15.18
PIT,2024-10-04,15,8,9,13,11,69.23,76.92,72.73,16.15,11.23,1.85,16.92,2.0,1.11,2.0,25.82
PIT,2024-10-04,16,12,12,12,15,83.33,75.0,80.0,7.75,14.5,3.96,10.75,1.27,1.86,1.4,5.8
PIT,2024-10-04,17,9,8,9,10,100.0,100.0,80.0,1.11,14.11,3.57,2.44,2.0,1.49,1.3,10.5
PIT,2024-10-04,18,10,12,10,14,80.0,80.0,64.29,9.3,13.4,3.18,10.6,1.64,1.81,1.57,29.86
PIT,2024-10-04,19,10,9,12,10,58.33,58.33,80.0,22.0,12.75,2.73,23.58,3.8,1.21,2.0,6.9
PIT,2024-10-04,20,7,13,8,16,87.5,75.0,93.75,21.25,13.25,3.14,23.5,0.75,2.8,1.88,2.69
PIT,2024-10-04,21,4,8,8,9,87.5,87.5,88.89,3.88,9.63,0.45,3.13,2.11,2.08,3.44,3.89
PIT,2024-10-04,22,1,12,2,13,100.0,100.0,84.62,0.0,15.5,4.9,2.0,1.38,3.6,3.15,3.92
PIT,2024-10-04,23,0,9,1,9,100.0,100.0,88.89,0.0,10.0,0.0,0.0,0.78,1.76,0.89,12.33
PIT,2024-10-05,0,0,2,0,4,0.0,0.0,75.0,0.0,0.0,0.0,0.0,0.75,1.05,2.0,9.5
PIT,2024-10-05,1,0,0,0,3,0.0,0.0,66.67,0.0,0.0,0.0,0.0,1.0,1.33,0.67,6.0
PIT,2024-10-05,3,0,0,1,0,100.0,100.0,0.0,0.0,10.0,0.0,0.0,0.0,0.0,0.0,0.0
PIT,2024-10-05,4,0,0,0,1,0.0,0.0,100.0,0.0,0.0,0.0,0.0,0.0,2.5,0.0,0.0
PIT,2024-10-05,5,2,0,2,1,100.0,100.0,0.0,0.0,9.5,0.1,0.0,0.0,0.5,0.0,17.0
PIT,2024-10-05,6,18,1,19,2,84.21,84.21,50.0,7.95,13.58,3.2,9.42,1.5,3.5,3.0,15.5
PIT,2024-10-05,7,12,1,17,3,70.59,64.71,100.0,24.12,11.76,1.5,25.18,2.67,1.83,2.67,7.67
PIT,2024-10-05,8,10,3,13,3,92.31,92.31,66.67,4.69,10.77,0.62,4.77,4.67,0.63,4.0,61.0
PIT,2024-10-05,9,5,5,5,5,60.0,60.0,60.0,40.8,12.4,2.6,42.6,3.4,0.7,0.6,17.4
PIT,2024-10-05,10,8,7,9,9,100.0,100.0,88.89,0.67,14.22,3.88,2.78,3.56,2.59,5.0,3.67
PIT,2024-10-05,11,7,8,8,11,87.5,87.5,81.82,2.88,13.0,2.8,3.88,2.0,1.06,1.18,5.09
PIT,2024-10-05,12,7,4,7,4,100.0,100.0,75.0,0.0,10.14,0.14,0.0,2.5,1.25,0.0,28.75
PIT,2024-10-05,13,6,8,8,9,62.5,50.0,88.89,21.25,14.13,4.29,25.0,2.0,0.92,1.33,4.33
PIT,2024-10-05,14,4,7,5,9,80.0,80.0,100.0,4.8,15.2,4.58,6.8,0.67,0.67,0.33,0.22
PIT,2024-10-05,15,8,8,10,10,90.0,90.0,100.0,39.0,12.6,2.79,39.9,2.5,0.95,2.5,2.3
PIT,2024-10-05,16,11,10,11,13,90.91,81.82,76.92,7.0,12.64,3.14,9.45,1.62,0.61,1.62,28.85
PIT,2024-10-05,17,6,6,6,12,100.0,100.0,66.67,0.0,12.0,1.98,0.83,1.67,1.18,2.75,17.5
PIT,2024-10-05,18,6,10,8,14,87.5,87.5,78.57,20.0,12.13,2.2,20.13,2.5,1.47,3.29,9.5
PIT,2024-10-05,19,3,6,5,7,100.0,100.0,85.71,2.4,8.4,0.32,2.6,2.43,1.16,5.29,11.14
PIT,2024-10-05,20,2,10,4,11,75.0,75.0,90.91,19.25,14.5,3.9,21.5,3.0,1.12,2.55,14.45
PIT,2024-10-05,21,0,9,1,9,100.0,100.0,88.89,0.0,10.0,1.2,0.0,0.67,1.41,0.44,3.56
PIT,2024-10-05,22,1,6,1,6,100.0,100.0,83.33,0.0,17.0,6.4,0.0,0.17,1.25,0.33,3.67
PIT,2024-10-05,23,0,5,0,5,0.0,0.0,100.0,0.0,0.0,0.0,0.0,1.4,2.06,0.0,0.0
PIT,2024-10-06,0,0,6,0,2,0.0,0.0,100.0,0.0,0.0,0.0,0.0,0.0,1.85,0.0,7.0
PIT,2024-10-06,1,0,2,0,0,0.0,0.0,0.0,0.0,0.0,0.0,0.0,0.0,0.0,0.0,0.0
PIT,2024-10-06,2,0,0,0,1,0.0,0.0,100.0,0.0,0.0,0.0,0.0,0.0,0.5,0.0,0.0
PIT,2024-10-06,3,0,0,1,0,100.0,100.0,0.0,0.0,10.0,0.0,0.0,0.0,0.0,0.0,0.0
PIT,2024-10-06,4,0,1,0,0,0.0,0.0,0.0,0.0,0.0,0.0,0.0,0.0,0.0,0.0,0.0
PIT,2024-10-06,5,5,0,5,0,100.0,100.0,0.0,0.0,10.2,0.76,0.0,0.0,0.0,0.0,0.0
PIT,2024-10-06,6,19,0,21,0,85.71,85.71,0.0,8.76,13.14,2.77,10.0,0.0,0.0,0.0,0.0
PIT,2024-10-06,7,11,1,13,1,92.31,92.31,100.0,3.85,13.38,3.23,5.46,5.0,0.5,9.0,3.0
PIT,2024-10-06,8,11,3,17,3,88.24,88.24,100.0,3.41,13.41,2.86,4.94,4.0,2.47,4.33,2.33
PIT,2024-10-06,9,4,7,5,7,80.0,80.0,57.14,3.0,11.8,1.32,3.2,1.14,1.9,5.0,14.71
PIT,2024-10-06,10,11,5,11,8,81.82,81.82,75.0,5.36,13.36,2.99,7.18,2.75,2.48,2.25,13.0
PIT,2024-10-06,11,7,10,10,12,80.0,80.0,91.67,7.1,10.7,0.59,7.3,1.17,1.62,0.83,2.83
PIT,2024-10-06,12,14,12,15,14,80.0,80.0,92.86,8.27,13.27,3.15,9.0,2.07,2.37,1.21,5.71
PIT,2024-10-06,13,7,6,7,7,85.71,85.71,85.71,5.14,12.43,2.61,5.43,1.57,1.76,0.71,7.14
PIT,2024-10-06,14,4,8,6,10,83.33,83.33,80.0,3.5,10.67,0.85,3.67,1.8,2.42,2.0,18.1
PIT,2024-10-06,15,8,8,9,12,77.78,77.78,91.67,5.33,12.33,2.27,6.22,3.33,2.96,3.92,7.17
PIT,2024-10-06,16,10,11,15,19,86.67,86.67,57.89,9.87,13.53,3.15,11.6,3.05,1.78,3.79,20.79
PIT,2024-10-06,17,9,10,13,16,76.92,69.23,68.75,12.38,12.69,2.75,13.46,3.88,0.59,5.06,21.94
PIT,2024-10-06,18,11,12,12,17,91.67,91.67,64.71,3.58,11.67,1.32,3.75,2.76,0.71,2.29,16.18
PIT,2024-10-06,19,12,8,13,9,69.23,69.23,77.78,24.23,13.38,3.32,26.85,3.56,0.53,5.56,10.11
PIT,2024-10-06,20,6,15,6,16,16.67,16.67,25.0,77.17,12.33,2.02,78.5,51.25,9.58,65.75,80.25
PIT,2024-10-06,21,5,8,5,9,0.0,0.0,22.22,181.8,8.2,0.0,180.2,15.0,2.41,27.67,36.33
PIT,2024-10-06,22,0,11,1,14,0.0,0.0,50.0,188.0,11.0,0.4,188.0,3.07,2.79,12.0,19.79
PIT,2024-10-06,23,0,10,2,12,50.0,50.0,50.0,66.0,10.5,0.2,66.0,4.0,3.53,10.33,19.0
PIT,2024-10-07,0,0,3,2,9,50.0,50.0,66.67,39.0,16.5,5.9,44.5,1.89,2.33,2.22,22.56
PIT,2024-10-07,1,0,2,2,3,0.0,0.0,100.0,63.0,9.5,0.2,61.5,0.67,1.33,0.67,0.0
PIT,2024-10-07,2,0,0,2,1,50.0,50.0,100.0,27.0,10.5,0.0,27.0,0.0,3.3,0.0,0.0
PIT,2024-10-07,3,0,0,1,0,100.0,100.0,0.0,0.0,10.0,0.0,0.0,0.0,0.0,0.0,0.0
PIT,2024-10-07,4,0,1,0,1,0.0,0.0,0.0,0.0,0.0,0.0,0.0,2.0,5.5,0.0,125.0
PIT,2024-10-07,5,8,0,9,0,88.89,88.89,0.0,5.0,11.44,1.6,5.89,0.0,0.0,0.0,0.0
PIT,2024-10-07,6,18,1,18,1,77.78,77.78,0.0,9.67,12.06,1.72,10.72,0.0,1.5,0.0,556.0
PIT,2024-10-07,7,11,2,13,4,61.54,61.54,50.0,39.38,11.77,1.43,39.69,1.0,1.5,3.75,12.5
PIT,2024-10-07,8,10,6,17,8,64.71,64.71,87.5,8.82,12.94,2.56,10.41,1.38,1.61,3.5,3.0
PIT,2024-10-07,9,6,8,9,9,77.78,88.89,55.56,9.22,11.22,1.34,9.22,3.11,2.26,5.22,36.78
PIT,2024-10-07,10,13,9,13,10,76.92,76.92,100.0,21.46,12.31,2.09,21.85,1.5,1.93,0.1,1.2
PIT,2024-10-07,11,7,8,12,9,75.0,75.0,88.89,11.17,13.17,2.73,12.08,3.33,1.23,1.78,4.33
PIT,2024-10-07,12,11,10,14,10,78.57,78.57,90.0,35.36,11.21,1.36,35.93,1.2,1.17,0.2,2.2
PIT,2024-10-07,13,8,6,8,9,87.5,87.5,88.89,5.88,11.63,1.98,7.63,3.56,1.84,3.44,3.89
PIT,2024-10-07,14,7,11,7,13,71.43,71.43,76.92,6.14,11.0,1.1,6.14,2.15,1.73,2.54,39.08
PIT,2024-10-07,15,10,10,11,11,90.91,63.64,81.82,5.91,17.91,7.85,12.55,1.91,2.03,2.27,13.36
PIT,2024-10-07,16,9,10,11,12,72.73,63.64,58.33,29.09,13.45,3.12,30.82,1.08,1.4,2.58,17.83
PIT,2024-10-07,17,11,9,11,10,63.64,63.64,70.0,12.27,12.73,2.71,14.18,0.8,1.72,4.7,11.2
PIT,2024-10-07,18,10,13,12,13,50.0,50.0,76.92,16.92,11.5,1.56,17.83,1.08,4.16,1.31,13.69
PIT,2024-10-07,19,11,7,14,8,57.14,57.14,87.5,9.71,12.21,2.3,11.57,1.63,2.29,3.75,7.13
PIT,2024-10-07,20,5,13,5,17,80.0,80.0,88.24,16.8,11.8,1.86,18.0,1.24,2.94,2.18,4.53
PIT,2024-10-07,21,4,9,6,11,33.33,33.33,63.64,22.5,11.17,1.3,22.83,1.64,2.25,4.18,21.64
PIT,2024-10-07,22,1,13,4,15,75.0,50.0,66.67,12.0,18.25,7.8,17.5,1.67,1.81,1.4,18.2
PIT,2024-10-07,23,0,9,0,9,0.0,0.0,66.67,0.0,0.0,0.0,0.0,1.22,1.77,0.56,31.0
PIT,2024-10-08,0,0,3,1,3,0.0,0.0,66.67,29.0,7.0,0.0,27.0,2.67,0.0,2.67,21.67
PIT,2024-10-08,1,0,0,0,2,0.0,0.0,100.0,0.0,0.0,0.0,0.0,1.5,2.25,0.0,0.0
PIT,2024-10-08,2,0,0,0,1,0.0,0.0,100.0,0.0,0.0,0.0,0.0,0.0,0.0,0.0,0.0
PIT,2024-10-08,3,0,0,0,0,0.0,0.0,0.0,0.0,0.0,0.0,0.0,0.0,0.0,0.0,0.0
PIT,2024-10-08,4,0,0,0,2,0.0,0.0,100.0,0.0,0.0,0.0,0.0,0.0,2.0,0.0,0.0
PIT,2024-10-08,5,4,0,4,3,100.0,100.0,33.33,1.25,14.0,2.95,2.0,0.0,2.5,0.0,26.33
PIT,2024-10-08,6,17,1,20,1,90.0,85.0,100.0,2.5,13.1,3.07,4.95,0.0,1.5,2.0,13.0
PIT,2024-10-08,7,12,1,17,3,64.71,47.06,100.0,10.41,15.71,5.29,14.76,0.0,1.83,0.0,0.0
PIT,2024-10-08,8,10,4,12,4,83.33,83.33,75.0,6.58,12.08,1.95,7.08,4.0,2.48,9.0,20.75
PIT,2024-10-08,9,7,6,9,9,77.78,77.78,100.0,13.0,11.56,1.47,13.22,1.0,2.03,0.44,0.67
PIT,2024-10-08,10,10,9,10,9,100.0,100.0,100.0,1.5,11.7,1.64,2.4,2.22,3.17,1.67,0.67
PIT,2024-10-08,11,7,6,7,10,100.0,100.0,70.0,0.71,11.14,0.97,0.43,1.9,1.93,2.6,13.7
PIT,2024-10-08,12,7,5,9,6,77.78,66.67,100.0,14.78,13.11,2.82,17.0,1.5,0.7,0.0,0.0
PIT,2024-10-08,13,4,8,4,11,100.0,100.0,72.73,0.0,10.5,0.55,0.0,1.55,1.16,1.82,23.82
PIT,2024-10-08,14,7,10,9,14,88.89,88.89,78.57,9.44,12.22,2.06,10.33,2.0,1.61,2.29,9.43
PIT,2024-10-08,15,8,10,11,12,90.91,81.82,91.67,4.0,12.18,1.99,5.27,1.17,0.79,1.0,2.17
PIT,2024-10-08,16,11,10,13,11,92.31,92.31,90.91,8.69,12.31,2.38,9.77,2.09,1.94,0.27,4.27
PIT,2024-10-08,17,11,5,10,9,80.0,80.0,77.78,5.3,11.0,1.19,5.5,2.11,1.44,2.56,19.56
PIT,2024-10-08,18,7,13,7,19,85.71,85.71,78.95,4.0,11.29,1.01,4.71,2.37,2.46,4.11,14.89
PIT,2024-10-08,19,8,4,9,6,88.89,88.89,100.0,14.33,12.0,1.81,15.11,0.17,1.97,0.0,2.33
PIT,2024-10-08,20,4,12,4,14,100.0,100.0,78.57,0.0,10.25,0.0,0.0,2.57,2.03,1.57,16.14
PIT,2024-10-08,21,0,11,2,12,100.0,100.0,91.67,0.0,8.0,0.0,0.0,0.42,2.82,1.5,8.5
PIT,2024-10-08,22,1,10,4,11,75.0,75.0,100.0,18.25,12.25,2.7,20.75,2.18,3.36,1.64,2.09
PIT,2024-10-08,23,0,7,0,7,0.0,0.0,85.71,0.0,0.0,0.0,0.0,0.43,4.99,1.29,4.43
PIT,2024-10-09,0,0,2,0,3,0.0,0.0,100.0,0.0,0.0,0.0,0.0,1.33,1.23,4.33,0.0
PIT,2024-10-09,1,0,0,1,1,0.0,0.0,0.0,86.0,12.0,1.4,87.0,4.0,0.5,9.0,40.0
PIT,2024-10-09,2,0,0,0,0,0.0,0.0,0.0,0.0,0.0,0.0,0.0,0.0,0.0,0.0,0.0
PIT,2024-10-09,4,0,0,0,1,0.0,0.0,0.0,0.0,0.0,0.0,0.0,0.0,2.5,0.0,18.0
PIT,2024-10-09,5,5,0,4,3,75.0,75.0,100.0,5.5,12.75,1.7,6.0,0.0,1.5,1.33,5.67
PIT,2024-10-09,6,17,1,19,1,94.74,94.74,0.0,0.89,12.63,2.36,2.16,0.0,0.0,0.0,484.0
PIT,2024-10-09,7,12,1,16,1,81.25,81.25,100.0,7.25,11.38,1.16,7.88,0.0,0.5,1.0,0.0
PIT,2024-10-09,8,11,4,12,4,83.33,83.33,75.0,10.25,12.17,2.22,11.0,2.0,1.73,3.75,26.0
PIT,2024-10-09,9,7,7,7,8,85.71,71.43,75.0,5.43,14.14,4.21,8.43,2.25,1.88,3.0,7.88
PIT,2024-10-09,10,11,9,16,11,87.5,87.5,81.82,4.63,12.81,2.46,4.88,2.55,1.87,2.82,9.09
PIT,2024-10-09,11,7,5,9,5,88.89,88.89,100.0,6.33,13.44,3.09,8.0,3.8,1.1,1.8,0.8
PIT,2024-10-09,12,7,5,10,5,80.0,80.0,100.0,40.5,10.9,1.07,40.8,0.8,1.74,0.0,0.0
PIT,2024-10-09,13,4,9,3,9,100.0,100.0,88.89,0.0,16.0,5.73,2.67,2.78,0.72,2.0,5.33
PIT,2024-10-09,14,8,9,8,10,87.5,87.5,80.0,4.5,13.88,3.37,6.13,2.3,0.97,1.9,22.5
PIT,2024-10-09,15,7,11,6,17,83.33,83.33,58.82,2.5,11.67,1.38,2.83,2.59,0.29,4.88,16.29
PIT,2024-10-09,16,13,9,17,10,88.24,76.47,80.0,7.24,15.18,4.96,11.65,2.7,0.43,0.4,6.5
PIT,2024-10-09,17,9,7,9,10,100.0,100.0,90.0,0.22,12.22,1.83,0.44,1.8,0.25,1.6,5.7
PIT,2024-10-09,18,8,13,9,16,77.78,66.67,81.25,6.89,12.11,1.97,7.44,0.94,1.73,1.5,8.56
PIT,2024-10-09,19,8,4,8,4,87.5,62.5,100.0,3.75,18.25,7.95,9.38,2.5,2.13,0.75,1.5
PIT,2024-10-09,20,4,12,4,15,100.0,100.0,100.0,0.0,13.0,2.95,1.0,1.6,1.16,1.07,0.8
PIT,2024-10-09,21,0,11,3,10,66.67,66.67,90.0,19.0,9.0,0.47,18.33,0.8,1.72,0.8,3.9
PIT,2024-10-09,22,1,11,2,10,100.0,100.0,90.0,0.0,16.0,5.7,5.0,1.9,1.87,1.6,8.3
PIT,2024-10-09,23,0,8,3,7,33.33,33.33,71.43,18.33,9.67,1.13,17.0,0.86,1.9,1.14,6.29
PIT,2024-10-10,0,0,4,0,2,0.0,0.0,100.0,0.0,0.0,0.0,0.0,3.5,1.35,2.0,0.0
PIT,2024-10-10,1,0,1,0,0,0.0,0.0,0.0,0.0,0.0,0.0,0.0,0.0,0.0,0.0,0.0
PIT,2024-10-10,4,0,0,0,1,0.0,0.0,100.0,0.0,0.0,0.0,0.0,0.0,0.5,0.0,0.0
PIT,2024-10-10,5,9,0,7,3,100.0,100.0,100.0,0.0,12.0,2.33,0.57,0.0,3.17,0.0,5.0
PIT,2024-10-10,6,18,1,19,1,100.0,89.47,0.0,0.16,15.42,4.92,3.21,0.0,0.5,7.0,35.0
PIT,2024-10-10,7,11,2,13,1,84.62,84.62,100.0,3.77,13.69,3.25,6.08,3.0,0.5,2.0,0.0
PIT,2024-10-10,8,11,5,12,4,83.33,83.33,75.0,13.5,12.42,2.27,14.08,0.75,0.6,1.75,86.75
PIT,2024-10-10,9,5,5,6,4,83.33,83.33,100.0,5.0,11.83,1.38,5.67,2.0,1.0,1.25,0.25
PIT,2024-10-10,10,9,9,9,9,77.78,66.67,88.89,13.56,14.44,3.91,15.11,1.0,4.74,3.33,5.89
PIT,2024-10-10,11,7,10,8,10,87.5,87.5,70.0,3.5,12.75,2.46,4.75,1.9,1.68,1.2,8.8
PIT,2024-10-10,12,12,8,12,8,75.0,75.0,87.5,17.42,10.17,0.71,17.25,1.75,1.65,2.63,7.25
PIT,2024-10-10,13,6,7,7,5,85.71,85.71,100.0,19.86,9.29,0.54,19.0,2.6,0.46,0.0,0.0
PIT,2024-10-10,14,8,13,6,12,66.67,66.67,58.33,9.67,11.67,1.35,9.83,3.17,0.79,2.0,13.25
PIT,2024-10-10,15,11,12,12,12,75.0,83.33,83.33,11.08,12.75,2.87,12.5,1.92,0.67,4.5,4.58
PIT,2024-10-10,16,12,8,15,10,86.67,86.67,100.0,15.0,11.87,1.45,15.47,3.0,1.35,0.8,0.0
PIT,2024-10-10,17,10,9,10,11,100.0,100.0,72.73,2.0,11.0,0.94,2.0,1.36,1.54,2.55,7.91
PIT,2024-10-10,18,10,14,8,19,100.0,100.0,84.21,0.0,14.38,3.86,1.13,1.68,2.83,4.16,4.0
PIT,2024-10-10,19,13,10,12,9,83.33,83.33,77.78,5.58,11.42,1.2,6.58,2.33,3.39,4.33,9.78
PIT,2024-10-10,20,7,12,7,14,71.43,71.43,100.0,11.43,14.71,4.13,13.0,1.36,1.86,1.57,1.14
PIT,2024-10-10,21,2,10,5,11,80.0,80.0,90.91,6.4,9.6,0.4,6.4,2.0,1.25,3.82,3.91
PIT,2024-10-10,22,1,12,2,10,100.0,100.0,80.0,0.0,15.5,6.2,4.0,0.8,3.69,3.8,9.2
PIT,2024-10-10,23,0,10,0,9,0.0,0.0,77.78,0.0,0.0,0.0,0.0,1.11,2.77,3.22,9.67
PIT,2024-10-11,0,0,4,0,4,0.0,0.0,100.0,0.0,0.0,0.0,0.0,0.0,1.18,0.5,2.25
PIT,2024-10-11,1,0,1,0,1,0.0,0.0,100.0,0.0,0.0,0.0,0.0,0.0,0.0,11.0,10.0
PIT,2024-10-11,4,0,0,0,1,0.0,0.0,100.0,0.0,0.0,0.0,0.0,0.0,1.5,0.0,0.0
PIT,2024-10-11,5,9,0,9,3,77.78,66.67,66.67,10.33,11.67,2.01,10.44,0.0,2.5,1.33,6.67
PIT,2024-10-11,6,18,2,21,2,80.95,71.43,50.0,4.76,14.81,4.4,8.29,0.0,1.25,1.5,19.5
PIT,2024-10-11,7,12,2,14,3,85.71,78.57,66.67,4.29,14.57,4.36,7.43,1.0,1.17,1.67,9.33
PIT,2024-10-11,8,10,6,13,6,69.23,69.23,66.67,13.69,11.08,0.89,13.92,3.17,0.9,4.0,19.0
PIT,2024-10-11,9,6,6,9,6,88.89,88.89,100.0,2.0,11.56,1.32,2.11,1.5,2.22,1.17,0.17
PIT,2024-10-11,10,10,9,12,11,66.67,66.67,54.55,12.75,12.75,2.59,14.17,1.45,2.4,3.27,25.45
PIT,2024-10-11,11,7,9,7,12,85.71,71.43,66.67,3.86,16.29,5.87,8.0,1.42,1.82,0.92,15.0
PIT,2024-10-11,12,10,9,13,12,84.62,76.92,66.67,8.54,11.46,1.35,9.38,1.92,0.81,1.08,42.58
PIT,2024-10-11,13,7,9,8,13,87.5,87.5,61.54,4.63,11.0,1.73,5.0,2.15,1.95,4.0,21.85
PIT,2024-10-11,14,10,12,8,14,75.0,75.0,64.29,64.0,12.13,1.64,64.5,0.93,1.58,7.43,47.0
PIT,2024-10-11,15,9,12,14,18,64.29,57.14,77.78,17.29,15.0,4.66,21.29,3.39,3.46,7.94,14.17
PIT,2024-10-11,16,13,7,18,8,61.11,55.56,100.0,22.56,28.33,18.06,39.11,2.0,4.51,2.63,0.63
PIT,2024-10-11,17,9,8,11,10,81.82,81.82,50.0,3.82,11.09,0.96,3.82,0.9,1.49,5.1,42.4
PIT,2024-10-11,18,9,12,10,12,70.0,60.0,91.67,29.5,17.9,7.58,33.6,2.0,2.48,1.75,8.33
PIT,2024-10-11,19,11,10,12,10,58.33,58.33,60.0,17.92,12.83,3.2,20.0,1.2,4.78,2.7,28.2
PIT,2024-10-11,20,8,13,8,15,62.5,62.5,73.33,14.0,15.75,5.68,18.88,1.4,1.79,4.93,14.4
PIT,2024-10-11,21,3,9,5,9,80.0,80.0,66.67,8.4,10.0,0.96,7.8,1.11,1.77,2.33,30.33
PIT,2024-10-11,22,1,12,0,12,0.0,0.0,75.0,0.0,0.0,0.0,0.0,0.83,3.8,3.0,12.17
PIT,2024-10-11,23,0,10,0,10,0.0,0.0,90.0,0.0,0.0,0.0,0.0,0.9,1.68,0.0,7.0
PIT,2024-10-12,0,0,1,1,4,0.0,0.0,75.0,49.0,8.0,0.0,48.0,0.75,1.13,1.0,56.5
PIT,2024-10-12,1,0,0,0,2,0.0,0.0,0.0,0.0,0.0,0.0,0.0,2.5,0.25,0.5,27.5
PIT,2024-10-12,2,0,0,0,0,0.0,0.0,0.0,0.0,0.0,0.0,0.0,0.0,0.0,0.0,0.0
PIT,2024-10-12,3,0,0,1,0,100.0,100.0,0.0,0.0,10.0,0.0,0.0,0.0,0.0,0.0,0.0
PIT,2024-10-12,4,0,0,0,0,0.0,0.0,0.0,0.0,0.0,0.0,0.0,0.0,0.0,0.0,0.0
PIT,2024-10-12,5,5,0,5,2,100.0,100.0,100.0,1.0,12.8,2.2,1.4,1.5,1.25,0.5,6.5
PIT,2024-10-12,6,18,1,20,2,95.0,95.0,50.0,3.65,12.05,2.05,4.7,1.0,2.0,2.0,16.5
PIT,2024-10-12,7,12,1,16,2,87.5,87.5,100.0,2.69,12.94,2.96,4.63,0.0,1.0,0.0,0.0
PIT,2024-10-12,8,10,3,11,4,100.0,90.91,75.0,0.64,12.82,2.63,1.82,3.5,1.48,8.75,9.25
PIT,2024-10-12,9,5,5,9,6,55.56,55.56,66.67,31.78,11.78,2.06,32.89,1.67,0.72,3.5,7.67
PIT,2024-10-12,10,7,10,10,11,90.0,90.0,90.91,2.8,11.8,1.57,3.2,1.82,1.97,0.64,2.45
PIT,2024-10-12,11,8,5,7,6,85.71,100.0,100.0,2.29,11.0,0.56,2.14,1.67,0.8,0.0,1.0
PIT,2024-10-12,12,6,5,6,5,100.0,100.0,100.0,1.0,13.17,3.08,2.17,1.4,2.34,0.0,0.6
PIT,2024-10-12,13,5,11,6,12,66.67,83.33,75.0,14.83,11.67,2.38,16.0,2.83,3.82,3.5,15.75
PIT,2024-10-12,14,7,9,8,9,75.0,75.0,100.0,20.0,11.25,0.75,20.5,0.56,2.02,0.0,1.56
PIT,2024-10-12,15,10,10,11,11,81.82,72.73,72.73,7.64,12.0,2.3,8.73,0.91,3.75,2.0,8.27
PIT,2024-10-12,16,13,9,14,9,92.86,92.86,88.89,3.36,10.71,1.36,3.86,2.11,3.14,2.11,3.44
PIT,2024-10-12,17,4,5,4,6,100.0,100.0,100.0,1.5,10.75,0.73,1.75,1.17,1.9,1.17,0.0
PIT,2024-10-12,18,5,8,4,9,100.0,100.0,77.78,0.0,13.0,2.6,0.0,1.22,3.24,2.56,11.11
PIT,2024-10-12,19,4,7,7,8,71.43,71.43,87.5,18.71,11.0,1.63,20.14,0.88,3.94,3.25,2.63
PIT,2024-10-12,20,3,10,4,11,75.0,75.0,54.55,12.75,13.5,3.3,12.25,1.73,0.75,2.91,27.18
PIT,2024-10-12,21,0,9,0,10,0.0,0.0,90.0,0.0,0.0,0.0,0.0,3.0,1.19,2.3,10.3
PIT,2024-10-12,22,1,9,1,9,0.0,0.0,100.0,46.0,16.0,5.4,51.0,3.44,1.41,0.0,0.44
PIT,2024-10-12,23,0,5,0,5,0.0,0.0,60.0,0.0,0.0,0.0,0.0,1.0,4.46,0.8,13.8
PIT,2024-10-13,0,0,6,0,1,0.0,0.0,100.0,0.0,0.0,0.0,0.0,0.0,2.2,1.0,0.0
PIT,2024-10-13,1,0,1,0,1,0.0,0.0,0.0,0.0,0.0,0.0,0.0,0.0,0.5,2.0,42.0
PIT,2024-10-13,2,0,0,0,0,0.0,0.0,0.0,0.0,0.0,0.0,0.0,0.0,0.0,0.0,0.0
PIT,2024-10-13,3,0,0,1,0,100.0,100.0,0.0,0.0,10.0,0.0,0.0,0.0,0.0,0.0,0.0
PIT,2024-10-13,4,0,0,0,1,0.0,0.0,100.0,0.0,0.0,0.0,0.0,0.0,5.5,0.0,2.0
PIT,2024-10-13,5,6,0,6,0,83.33,83.33,0.0,10.33,11.0,1.27,10.17,0.0,0.0,0.0,0.0
PIT,2024-10-13,6,18,0,18,0,94.44,94.44,0.0,2.06,11.78,1.58,2.28,0.0,0.0,0.0,0.0
PIT,2024-10-13,7,11,1,13,0,76.92,76.92,0.0,6.62,12.85,2.62,8.0,0.0,0.0,0.0,0.0
PIT,2024-10-13,8,9,3,10,3,70.0,70.0,100.0,11.9,10.6,0.37,11.9,4.33,8.47,9.0,4.67
PIT,2024-10-13,9,6,6,6,9,66.67,66.67,77.78,9.17,18.17,7.62,14.33,3.33,3.03,4.89,7.44
PIT,2024-10-13,10,9,7,11,7,90.91,90.91,100.0,2.45,11.55,1.48,3.0,3.14,4.17,4.14,1.57
PIT,2024-10-13,11,8,10,12,9,83.33,83.33,88.89,4.58,12.5,2.27,5.67,1.44,0.33,0.0,3.67
PIT,2024-10-13,12,13,9,14,11,71.43,71.43,81.82,24.57,11.0,1.08,25.07,3.0,0.75,2.73,4.64
PIT,2024-10-13,13,5,9,6,12,66.67,66.67,75.0,10.33,17.33,8.03,17.33,2.42,0.65,1.33,17.42
PIT,2024-10-13,14,8,10,9,13,77.78,77.78,76.92,9.89,15.11,4.58,12.22,3.08,1.88,4.15,10.15
PIT,2024-10-13,15,10,9,13,10,76.92,76.92,70.0,8.46,11.77,1.8,9.38,1.8,0.62,2.4,19.0
PIT,2024-10-13,16,9,8,10,10,60.0,60.0,70.0,16.1,13.9,3.44,18.5,2.1,1.15,3.5,8.3
PIT,2024-10-13,17,9,10,10,11,90.0,80.0,90.91,3.4,16.1,5.45,7.0,1.45,0.81,2.09,3.91
PIT,2024-10-13,18,10,12,10,14,90.0,90.0,85.71,18.2,13.8,3.58,21.0,3.14,1.86,3.36,6.93
PIT,2024-10-13,19,13,9,14,11,85.71,71.43,72.73,25.29,14.86,4.74,28.93,2.73,3.85,3.64,38.64
PIT,2024-10-13,20,7,14,7,14,57.14,57.14,85.71,54.29,13.43,3.36,57.14,2.14,1.19,2.36,24.14
PIT,2024-10-13,21,3,9,4,10,100.0,100.0,100.0,2.0,8.75,0.9,2.25,4.6,3.07,2.3,1.0
PIT,2024-10-13,22,0,10,0,10,0.0,0.0,70.0,0.0,0.0,0.0,0.0,1.2,0.56,1.9,25.3
PIT,2024-10-13,23,0,11,0,12,0.0,0.0,75.0,0.0,0.0,0.0,0.0,1.5,0.57,0.83,12.83
PIT,2024-10-14,0,0,4,0,7,0.0,0.0,71.43,0.0,0.0,0.0,0.0,1.57,0.46,1.14,6.71
PIT,2024-10-14,1,0,1,1,2,100.0,100.0,100.0,7.0,5.0,0.0,1.0,1.5,1.5,0.0,0.0
PIT,2024-10-14,2,0,0,0,0,0.0,0.0,0.0,0.0,0.0,0.0,0.0,0.0,0.0,0.0,0.0
PIT,2024-10-14,3,0,0,1,0,100.0,100.0,0.0,0.0,10.0,0.0,0.0,0.0,0.0,0.0,0.0
PIT,2024-10-14,5,9,0,10,0,100.0,100.0,0.0,0.1,10.6,0.83,0.3,0.0,0.0,0.0,0.0
PIT,2024-10-14,6,17,1,19,2,89.47,73.68,100.0,3.89,14.05,3.57,6.42,1.5,0.5,5.0,9.5
PIT,2024-10-14,7,11,2,12,3,83.33,83.33,66.67,16.25,14.83,4.83,20.58,2.67,0.33,4.67,10.33
PIT,2024-10-14,8,10,6,10,6,90.0,90.0,83.33,1.6,13.0,2.37,2.7,5.67,2.48,7.17,5.67
PIT,2024-10-14,9,6,8,8,9,75.0,75.0,77.78,9.38,12.63,2.29,10.13,2.33,2.39,6.11,14.11
PIT,2024-10-14,10,12,9,12,11,100.0,100.0,81.82,0.17,12.5,2.42,1.83,1.64,0.95,2.18,8.36
PIT,2024-10-14,11,7,8,8,9,87.5,87.5,88.89,3.38,14.13,3.46,4.75,1.89,0.26,1.89,9.78
PIT,2024-10-14,12,11,9,14,10,78.57,78.57,90.0,12.57,11.64,1.81,13.0,5.3,0.72,3.7,3.3
PIT,2024-10-14,13,7,8,8,9,87.5,100.0,66.67,2.0,10.63,1.1,2.5,2.78,1.31,3.89,9.67
PIT,2024-10-14,14,9,10,11,11,72.73,72.73,63.64,10.91,11.27,1.31,11.55,1.82,2.18,4.36,45.55
PIT,2024-10-14,15,9,12,10,11,80.0,80.0,81.82,46.1,13.2,3.04,48.0,2.0,2.61,3.82,15.55
PIT,2024-10-14,16,11,9,12,15,66.67,66.67,60.0,18.25,12.33,2.95,20.67,2.0,1.79,5.47,20.53
PIT,2024-10-14,17,10,8,12,10,66.67,66.67,90.0,17.75,11.42,1.57,18.33,1.7,2.04,3.5,4.7
PIT,2024-10-14,18,9,12,11,16,63.64,63.64,62.5,13.73,13.0,2.85,16.0,1.69,0.99,3.19,21.75
PIT,2024-10-14,19,11,10,12,13,66.67,58.33,76.92,23.42,20.92,10.85,33.67,1.92,1.56,1.54,21.08
PIT,2024-10-14,20,6,12,6,16,66.67,50.0,68.75,24.33,13.17,3.38,27.0,2.88,1.05,9.19,35.69
PIT,2024-10-14,21,3,9,7,9,85.71,85.71,44.44,12.43,10.57,0.91,13.0,0.44,0.63,8.78,30.11
PIT,2024-10-14,22,1,12,3,12,100.0,100.0,58.33,0.0,14.33,3.73,1.33,1.33,2.76,2.67,19.08
PIT,2024-10-14,23,0,10,1,10,0.0,0.0,70.0,118.0,11.0,0.4,118.0,1.0,0.46,1.3,20.1
PIT,2024-10-15,0,0,2,2,8,50.0,50.0,62.5,10.0,10.5,0.2,10.0,1.63,0.34,2.0,23.38
PIT,2024-10-15,1,0,0,1,2,0.0,0.0,100.0,75.0,6.0,0.0,70.0,1.5,0.0,0.0,0.0
PIT,2024-10-15,2,0,0,0,0,0.0,0.0,0.0,0.0,0.0,0.0,0.0,0.0,0.0,0.0,0.0
PIT,2024-10-15,3,0,0,1,0,100.0,100.0,0.0,0.0,10.0,0.0,0.0,0.0,0.0,0.0,0.0
PIT,2024-10-15,4,0,0,0,1,0.0,0.0,100.0,0.0,0.0,0.0,0.0,0.0,3.5,0.0,6.0
PIT,2024-10-15,5,5,0,5,3,100.0,100.0,100.0,0.8,15.2,4.36,2.8,0.0,2.17,1.33,5.33
PIT,2024-10-15,6,17,1,21,2,85.71,85.71,50.0,11.29,12.43,2.2,12.33,0.0,0.5,2.5,21.5
PIT,2024-10-15,7,12,1,15,3,73.33,73.33,66.67,17.33,11.53,1.29,17.33,1.0,1.5,2.0,63.33
PIT,2024-10-15,8,10,4,16,4,68.75,68.75,75.0,13.0,11.38,1.04,12.88,7.75,2.1,6.5,16.5
PIT,2024-10-15,9,7,6,9,6,88.89,88.89,100.0,2.33,10.56,0.89,2.67,3.0,0.5,0.0,0.0
PIT,2024-10-15,10,10,9,12,11,83.33,83.33,90.91,8.08,14.25,3.98,9.83,1.91,3.63,3.45,4.91
PIT,2024-10-15,11,7,5,8,6,100.0,100.0,100.0,0.0,12.5,1.68,0.63,2.0,0.55,0.17,0.33
PIT,2024-10-15,12,6,5,7,6,85.71,85.71,83.33,6.43,10.71,0.76,6.0,3.0,1.55,2.67,7.0
PIT,2024-10-15,13,4,8,5,9,80.0,80.0,77.78,7.4,11.2,1.34,8.6,1.89,1.7,2.56,22.11
PIT,2024-10-15,14,7,10,7,11,85.71,85.71,90.91,14.57,12.86,3.31,17.14,1.73,0.88,0.82,5.73
PIT,2024-10-15,15,7,11,7,15,71.43,71.43,66.67,10.86,11.71,2.03,12.29,2.07,1.77,6.87,16.6
PIT,2024-10-15,16,12,9,13,11,92.31,69.23,81.82,1.69,15.31,5.12,6.0,1.18,1.57,2.64,7.18
PIT,2024-10-15,17,10,6,12,11,91.67,91.67,63.64,19.17,15.0,5.26,20.42,4.0,1.0,3.45,23.73
PIT,2024-10-15,18,8,13,8,17,87.5,87.5,88.24,4.25,11.75,1.65,4.0,1.65,1.9,1.53,4.35
PIT,2024-10-15,19,8,5,9,7,100.0,100.0,85.71,1.89,10.33,0.33,1.78,1.71,1.9,7.0,33.86
PIT,2024-10-15,20,5,12,7,15,71.43,71.43,100.0,11.0,11.43,1.24,11.14,2.07,1.05,3.53,2.6
PIT,2024-10-15,21,0,11,2,12,100.0,100.0,91.67,7.0,10.0,0.0,6.5,1.33,0.26,1.92,4.0
PIT,2024-10-15,22,1,11,3,11,100.0,66.67,72.73,2.0,15.0,5.27,6.33,2.0,1.05,1.91,19.55
PIT,2024-10-15,23,0,7,0,7,0.0,0.0,85.71,0.0,0.0,0.0,0.0,1.43,2.29,0.43,6.29
PIT,2024-10-16,0,0,2,2,6,50.0,50.0,66.67,28.5,15.0,4.4,32.5,2.5,1.42,5.5,18.5
PIT,2024-10-16,1,0,0,1,1,100.0,100.0,0.0,0.0,11.0,0.4,0.0,2.0,0.5,11.0,25.0
PIT,2024-10-16,2,0,0,0,0,0.0,0.0,0.0,0.0,0.0,0.0,0.0,0.0,0.0,0.0,0.0
PIT,2024-10-16,3,0,0,0,1,0.0,0.0,100.0,0.0,0.0,0.0,0.0,0.0,0.5,0.0,0.0
PIT,2024-10-16,4,0,0,0,1,0.0,0.0,100.0,0.0,0.0,0.0,0.0,0.0,0.5,0.0,0.0
PIT,2024-10-16,5,5,0,6,3,100.0,100.0,66.67,0.0,11.33,1.15,0.0,0.33,1.83,0.67,6.0
PIT,2024-10-16,6,17,1,21,0,80.95,80.95,0.0,5.43,12.05,1.74,6.33,0.0,0.0,0.0,0.0
PIT,2024-10-16,7,12,1,18,2,72.22,72.22,100.0,10.22,12.39,2.13,10.94,1.5,0.5,1.0,0.0
PIT,2024-10-16,8,11,4,12,4,100.0,91.67,100.0,0.0,18.75,8.28,4.08,3.5,0.98,3.75,1.0
PIT,2024-10-16,9,6,7,8,11,75.0,75.0,81.82,12.0,10.5,0.53,11.88,2.73,0.8,3.09,6.18
PIT,2024-10-16,10,11,9,14,10,100.0,100.0,80.0,0.14,11.43,1.53,0.57,3.9,2.68,3.8,8.9
PIT,2024-10-16,11,8,5,10,7,80.0,80.0,71.43,10.8,11.6,1.39,11.8,3.29,0.97,3.0,18.71
PIT,2024-10-16,12,7,5,7,7,85.71,85.71,57.14,47.71,11.43,1.37,48.57,3.29,0.96,7.0,48.29
PIT,2024-10-16,13,4,9,6,8,50.0,50.0,87.5,51.17,12.5,2.1,52.0,1.5,0.56,1.88,5.38
PIT,2024-10-16,14,8,8,8,11,100.0,87.5,72.73,1.0,16.88,7.14,5.5,2.27,1.11,6.91,43.82
PIT,2024-10-16,15,6,11,7,12,85.71,85.71,91.67,9.86,11.14,1.67,10.29,2.92,1.04,4.25,3.67
PIT,2024-10-16,16,13,9,17,11,76.47,76.47,90.91,21.94,10.35,0.48,21.59,2.36,1.39,4.18,6.18
PIT,2024-10-16,17,9,7,9,11,77.78,77.78,81.82,7.89,10.0,0.91,7.11,2.55,1.43,6.82,11.27
PIT,2024-10-16,18,8,13,8,15,87.5,75.0,86.67,4.75,12.0,2.32,6.38,2.4,0.81,4.8,8.87
PIT,2024-10-16,19,8,4,10,6,80.0,80.0,66.67,5.5,11.2,1.34,5.7,2.5,2.22,6.67,28.33
PIT,2024-10-16,20,4,12,5,16,40.0,40.0,75.0,51.4,12.2,1.66,51.2,2.44,0.66,5.38,10.13
PIT,2024-10-16,21,0,11,3,12,100.0,100.0,75.0,0.67,9.33,0.13,0.0,2.83,0.7,5.83,15.33
PIT,2024-10-16,22,1,11,3,11,100.0,100.0,81.82,0.67,12.0,3.8,0.0,2.09,0.45,2.91,16.09
PIT,2024-10-16,23,0,8,1,9,0.0,0.0,88.89,27.0,5.0,0.0,21.0,1.78,1.6,3.89,14.22
PIT,2024-10-17,0,0,4,1,3,100.0,100.0,66.67,0.0,10.0,0.0,0.0,1.33,0.0,3.67,7.67
PIT,2024-10-17,1,0,1,1,1,100.0,100.0,100.0,0.0,10.0,0.0,0.0,0.0,0.5,5.0,0.0
PIT,2024-10-17,3,0,0,1,0,100.0,100.0,0.0,0.0,10.0,0.0,0.0,0.0,0.0,0.0,0.0
PIT,2024-10-17,4,0,0,0,1,0.0,0.0,100.0,0.0,0.0,0.0,0.0,0.0,0.0,0.0,0.0
PIT,2024-10-17,5,9,0,10,3,90.0,90.0,66.67,6.4,13.6,3.66,8.2,0.0,2.5,2.0,32.0
PIT,2024-10-17,6,17,1,19,1,89.47,78.95,0.0,3.53,16.16,5.8,6.89,0.0,0.5,0.0,458.0
PIT,2024-10-17,7,11,2,16,1,68.75,68.75,100.0,21.25,13.0,2.86,23.31,3.0,0.5,0.0,0.0
PIT,2024-10-17,8,11,5,12,8,100.0,100.0,87.5,0.75,13.58,3.33,2.33,3.75,0.93,6.38,8.88
PIT,2024-10-17,9,6,5,9,6,88.89,88.89,66.67,3.67,12.0,1.91,4.0,2.33,2.8,2.17,6.5
PIT,2024-10-17,10,9,8,12,11,83.33,83.33,63.64,8.5,11.17,0.79,8.83,2.82,3.71,6.0,18.18
PIT,2024-10-17,11,8,10,10,11,80.0,70.0,90.91,9.4,14.8,4.08,12.4,1.27,1.55,0.91,2.82
PIT,2024-10-17,12,11,8,12,11,83.33,83.33,63.64,10.92,11.5,1.7,12.08,1.82,0.88,3.82,22.09
PIT,2024-10-17,13,6,7,10,8,60.0,70.0,87.5,11.3,9.4,0.14,10.7,2.63,1.54,2.88,5.88
PIT,2024-10-17,14,8,14,11,16,100.0,90.91,93.75,1.09,14.18,4.25,4.45,1.44,1.75,2.31,8.38
PIT,2024-10-17,15,12,12,13,14,76.92,69.23,85.71,7.62,10.77,1.1,7.92,1.93,0.7,2.43,6.93
PIT,2024-10-17,16,12,8,13,10,76.92,69.23,90.0,8.54,15.31,5.19,12.46,1.6,1.35,0.7,4.3
PIT,2024-10-17,17,9,8,10,12,100.0,100.0,83.33,2.3,12.2,2.07,3.2,1.58,0.67,2.67,5.33
PIT,2024-10-17,18,10,13,11,15,90.91,72.73,66.67,6.73,15.27,4.83,10.09,1.6,1.95,2.47,27.67
PIT,2024-10-17,19,12,10,14,12,64.29,57.14,66.67,20.71,11.14,1.11,21.71,1.33,1.0,1.42,19.83
PIT,2024-10-17,20,7,14,8,16,62.5,62.5,68.75,26.13,10.25,0.59,26.13,0.81,1.27,2.31,14.31
PIT,2024-10-17,21,2,10,4,10,75.0,75.0,60.0,9.5,9.5,0.95,9.75,1.2,0.84,2.3,26.5
PIT,2024-10-17,22,1,12,3,12,100.0,100.0,66.67,0.0,13.0,3.27,0.0,1.92,2.12,1.42,20.33
PIT,2024-10-17,23,0,9,0,9,0.0,0.0,55.56,0.0,0.0,0.0,0.0,0.56,1.2,6.0,25.33
PIT,2024-10-18,0,0,4,0,4,0.0,0.0,50.0,0.0,0.0,0.0,0.0,0.0,0.55,3.5,39.0
PIT,2024-10-18,1,0,1,0,2,0.0,0.0,50.0,0.0,0.0,0.0,0.0,1.5,0.25,4.0,10.0
PIT,2024-10-18,3,0,0,1,0,100.0,100.0,0.0,0.0,10.0,0.0,0.0,0.0,0.0,0.0,0.0
PIT,2024-10-18,4,0,0,0,1,0.0,0.0,100.0,0.0,0.0,0.0,0.0,0.0,1.5,0.0,0.0
PIT,2024-10-18,5,9,0,9,3,100.0,100.0,100.0,0.22,13.44,3.62,2.22,0.0,2.17,0.33,7.67
PIT,2024-10-18,6,18,2,20,2,95.0,95.0,100.0,1.15,14.9,4.52,3.3,0.5,2.25,3.0,0.5
PIT,2024-10-18,7,12,2,13,2,100.0,92.31,100.0,0.0,15.62,5.15,2.46,2.0,1.5,8.0,5.5
PIT,2024-10-18,8,10,6,12,9,91.67,91.67,66.67,2.17,13.5,3.17,3.5,3.22,1.32,6.89,11.22
PIT,2024-10-18,9,6,6,9,7,66.67,66.67,100.0,10.11,12.0,1.81,11.33,3.0,1.14,3.71,2.71
PIT,2024-10-18,10,10,9,13,10,92.31,92.31,90.0,4.46,12.08,2.08,5.38,2.3,0.77,3.8,4.3
PIT,2024-10-18,11,7,9,11,10,72.73,72.73,80.0,6.64,11.09,1.01,6.91,1.1,0.45,0.4,6.7
PIT,2024-10-18,12,10,9,11,11,81.82,90.91,63.64,8.09,11.82,2.49,9.82,2.73,0.61,8.73,40.36
PIT,2024-10-18,13,7,9,8,10,75.0,75.0,80.0,29.5,10.88,1.25,30.13,1.4,1.1,2.2,6.5
PIT,2024-10-18,14,10,10,9,11,66.67,55.56,81.82,7.78,16.67,6.47,13.0,1.09,2.43,2.0,7.91
PIT,2024-10-18,15,8,11,10,12,90.0,90.0,83.33,3.5,11.1,1.17,4.0,1.33,1.57,4.17,11.0
PIT,2024-10-18,16,11,8,11,10,90.91,81.82,70.0,16.0,15.91,5.91,20.91,1.9,1.55,1.8,6.4
PIT,2024-10-18,17,9,7,9,9,100.0,100.0,100.0,3.0,12.67,2.49,4.22,2.0,1.08,1.22,0.89
PIT,2024-10-18,18,9,11,10,12,90.0,80.0,91.67,4.1,15.7,5.49,8.8,1.33,1.83,1.5,11.08
PIT,2024-10-18,19,10,10,10,11,80.0,80.0,54.55,9.6,12.6,3.12,11.6,1.64,2.64,0.91,34.45
PIT,2024-10-18,20,8,13,8,15,75.0,75.0,80.0,16.13,11.5,1.26,16.0,1.27,1.83,3.87,6.4
PIT,2024-10-18,21,3,9,5,9,80.0,80.0,77.78,5.4,9.6,0.88,5.8,1.67,0.9,2.0,7.11
PIT,2024-10-18,22,1,12,1,12,100.0,100.0,58.33,0.0,18.0,7.4,0.0,1.33,2.52,2.67,16.25
PIT,2024-10-18,23,0,10,1,10,0.0,0.0,80.0,20.0,11.0,0.4,20.0,1.0,0.58,1.1,9.0
PIT,2024-10-19,0,0,1,0,5,0.0,0.0,80.0,0.0,0.0,0.0,0.0,0.8,0.84,0.0,5.0
PIT,2024-10-19,1,0,0,0,2,0.0,0.0,100.0,0.0,0.0,0.0,0.0,0.0,1.0,0.5,0.5
PIT,2024-10-19,3,0,0,1,0,100.0,100.0,0.0,0.0,10.0,0.0,0.0,0.0,0.0,0.0,0.0
PIT,2024-10-19,5,5,0,5,1,100.0,100.0,0.0,0.0,10.6,0.54,0.6,0.0,0.5,0.0,17.0
PIT,2024-10-19,6,18,1,18,2,88.89,88.89,50.0,9.44,13.11,2.97,10.83,1.5,2.0,2.0,19.0
PIT,2024-10-19,7,12,1,19,2,84.21,68.42,100.0,3.68,17.53,7.23,9.47,1.5,1.0,4.0,3.5
PIT,2024-10-19,8,10,3,11,3,100.0,100.0,100.0,0.0,17.73,7.09,3.18,1.33,1.8,5.67,4.0
PIT,2024-10-19,9,5,5,5,5,100.0,100.0,80.0,0.0,10.4,0.7,0.0,0.8,1.36,6.2,24.2
PIT,2024-10-19,10,7,10,7,11,71.43,71.43,81.82,18.71,12.71,2.0,19.71,1.55,1.97,1.73,8.82
PIT,2024-10-19,11,8,5,9,8,77.78,77.78,100.0,6.67,11.11,1.02,6.78,1.25,0.81,0.38,0.13
PIT,2024-10-19,12,6,5,9,8,100.0,100.0,75.0,0.56,9.89,0.38,0.22,2.88,1.38,3.88,10.13
PIT,2024-10-19,13,5,11,6,13,83.33,83.33,76.92,4.17,16.5,6.85,6.67,1.31,1.54,1.69,12.77
PIT,2024-10-19,14,7,8,9,10,88.89,100.0,80.0,1.67,12.11,2.03,2.33,1.3,2.12,0.9,11.3
PIT,2024-10-19,15,9,10,16,13,81.25,81.25,84.62,8.25,11.81,2.06,9.94,1.77,2.02,1.38,5.54
PIT,2024-10-19,16,13,8,14,9,92.86,92.86,88.89,7.21,11.14,1.91,7.93,1.78,0.06,0.89,17.33
PIT,2024-10-19,17,4,6,4,10,100.0,100.0,100.0,0.0,10.0,0.2,0.0,1.3,2.29,2.1,0.0
PIT,2024-10-19,18,5,8,7,8,100.0,100.0,87.5,0.0,9.57,0.0,0.0,0.75,3.81,2.25,6.13
PIT,2024-10-19,19,4,7,5,7,80.0,80.0,100.0,8.4,10.2,0.8,8.6,1.14,1.36,0.0,0.0
PIT,2024-10-19,20,3,10,4,11,100.0,100.0,90.91,0.0,15.5,5.2,2.75,1.27,0.8,2.55,4.73
PIT,2024-10-19,21,0,9,0,10,0.0,0.0,70.0,0.0,0.0,0.0,0.0,2.3,0.69,1.8,9.2
PIT,2024-10-19,22,1,9,1,9,100.0,0.0,100.0,13.0,18.0,7.4,20.0,1.0,2.39,2.67,1.67
PIT,2024-10-19,23,0,5,0,5,0.0,0.0,80.0,0.0,0.0,0.0,0.0,1.6,1.72,1.8,10.4
PIT,2024-10-20,0,0,6,0,2,0.0,0.0,50.0,0.0,0.0,0.0,0.0,2.0,6.25,3.5,12.0
PIT,2024-10-20,1,0,1,0,1,0.0,0.0,100.0,0.0,0.0,0.0,0.0,0.0,0.5,0.0,0.0
PIT,2024-10-20,2,0,0,1,0,0.0,0.0,0.0,50.0,12.0,1.4,51.0,0.0,0.0,0.0,0.0
PIT,2024-10-20,3,0,0,0,0,0.0,0.0,0.0,0.0,0.0,0.0,0.0,0.0,0.0,0.0,0.0
PIT,2024-10-20,4,0,0,0,1,0.0,0.0,100.0,0.0,0.0,0.0,0.0,0.0,2.5,0.0,6.0
PIT,2024-10-20,5,6,0,6,0,100.0,100.0,0.0,0.67,12.33,2.03,1.5,0.0,0.0,0.0,0.0
PIT,2024-10-20,6,17,0,17,0,100.0,94.12,0.0,0.82,13.65,3.42,2.53,0.0,0.0,0.0,0.0
PIT,2024-10-20,7,11,1,12,0,91.67,83.33,0.0,11.75,13.42,3.35,14.0,0.0,0.0,0.0,0.0
PIT,2024-10-20,8,9,3,12,3,83.33,83.33,100.0,3.33,13.33,2.78,4.75,4.67,2.47,0.0,0.0
PIT,2024-10-20,9,7,6,8,6,100.0,100.0,100.0,0.0,14.38,3.89,0.63,2.5,0.58,1.67,2.5
PIT,2024-10-20,10,9,7,10,8,100.0,100.0,87.5,1.5,11.5,2.13,2.7,1.5,2.31,1.5,12.38
PIT,2024-10-20,11,9,9,9,11,88.89,88.89,72.73,2.33,11.56,1.81,2.44,2.73,1.71,3.18,8.91
PIT,2024-10-20,12,12,9,15,12,80.0,80.0,75.0,8.53,11.0,1.39,9.33,1.92,0.75,1.92,10.75
PIT,2024-10-20,13,5,9,6,10,66.67,66.67,100.0,10.67,11.0,1.17,11.33,3.5,1.98,1.4,0.0
PIT,2024-10-20,14,8,11,10,14,90.0,90.0,78.57,2.3,14.5,4.28,4.7,0.5,1.85,2.0,21.0
PIT,2024-10-20,15,11,9,11,9,81.82,72.73,100.0,6.82,12.27,2.23,8.45,2.33,1.28,1.22,2.0
PIT,2024-10-20,16,9,8,12,13,75.0,75.0,53.85,15.08,18.0,7.88,22.08,1.77,0.72,2.15,19.69
PIT,2024-10-20,17,8,9,9,15,77.78,77.78,73.33,9.56,12.22,1.78,9.89,0.93,0.93,2.13,24.6
PIT,2024-10-20,18,10,10,12,13,83.33,75.0,76.92,7.42,14.92,4.61,10.92,1.77,1.28,5.85,12.77
PIT,2024-10-20,19,11,9,12,11,75.0,66.67,72.73,14.08,11.92,2.01,15.33,1.36,2.39,2.18,25.64
PIT,2024-10-20,20,7,16,8,17,87.5,87.5,82.35,4.0,13.5,3.51,5.5,1.82,1.4,4.53,6.59
PIT,2024-10-20,21,3,9,3,11,100.0,100.0,63.64,0.0,11.0,2.47,0.0,0.55,1.1,4.55,10.64
PIT,2024-10-20,22,0,10,1,12,100.0,100.0,83.33,0.0,25.0,14.4,14.0,1.67,2.28,2.17,5.17
PIT,2024-10-20,23,0,10,4,11,0.0,0.0,63.64,48.0,12.0,1.4,49.0,0.55,1.76,1.27,22.64
PIT,2024-10-21,0,0,4,2,6,0.0,0.0,66.67,55.0,11.5,0.85,55.5,0.17,0.78,1.0,44.33
PIT,2024-10-21,1,0,1,0,2,0.0,0.0,100.0,0.0,0.0,0.0,0.0,1.0,0.5,2.0,3.0
PIT,2024-10-21,2,0,0,0,0,0.0,0.0,0.0,0.0,0.0,0.0,0.0,0.0,0.0,0.0,0.0
PIT,2024-10-21,3,0,0,1,0,100.0,100.0,0.0,0.0,10.0,0.0,0.0,0.0,0.0,0.0,0.0
PIT,2024-10-21,5,9,0,9,0,88.89,88.89,0.0,2.78,11.44,1.8,3.22,0.0,0.0,0.0,0.0
PIT,2024-10-21,6,17,1,17,1,94.12,94.12,0.0,3.47,12.59,2.42,5.29,6.0,0.5,9.0,21.0
PIT,2024-10-21,7,11,2,14,2,85.71,85.71,100.0,8.86,13.86,3.69,11.0,2.0,0.5,0.0,0.0
PIT,2024-10-21,8,10,6,13,7,76.92,84.62,71.43,8.46,12.69,2.44,9.54,3.14,1.06,4.14,13.0
PIT,2024-10-21,9,6,8,10,11,70.0,70.0,81.82,7.3,13.7,3.4,8.8,1.27,1.18,1.36,6.91
PIT,2024-10-21,10,12,9,17,10,88.24,88.24,100.0,5.0,12.59,2.19,6.18,1.6,3.08,1.2,1.1
PIT,2024-10-21,11,7,8,8,9,75.0,75.0,88.89,5.0,14.75,3.92,7.0,1.67,0.33,1.78,10.56
PIT,2024-10-21,12,11,9,13,11,84.62,84.62,100.0,9.54,10.38,0.97,9.62,0.82,0.5,2.09,1.18
PIT,2024-10-21,13,7,8,8,8,100.0,100.0,87.5,1.88,11.0,1.15,2.0,1.0,4.0,3.0,3.75
PIT,2024-10-21,14,9,10,10,12,80.0,80.0,66.67,6.7,11.6,1.28,7.1,1.17,0.52,2.08,49.0
PIT,2024-10-21,15,9,11,10,14,80.0,80.0,78.57,7.2,11.3,1.8,8.6,0.71,1.99,2.71,14.36
PIT,2024-10-21,16,10,9,11,11,63.64,54.55,81.82,44.27,15.55,5.37,49.0,1.45,1.5,1.45,4.64
PIT,2024-10-21,17,10,8,12,11,100.0,83.33,72.73,3.92,12.83,2.51,4.83,0.64,1.61,0.82,9.36
PIT,2024-10-21,18,9,12,10,13,80.0,80.0,84.62,25.1,12.4,2.0,25.5,0.85,2.48,2.54,20.31
PIT,2024-10-21,19,11,9,11,10,90.91,81.82,90.0,4.45,10.82,1.22,4.91,1.9,0.95,1.6,4.6
PIT,2024-10-21,20,6,12,7,15,85.71,85.71,80.0,26.43,10.71,1.07,25.86,0.73,1.21,3.6,8.8
PIT,2024-10-21,21,3,9,5,10,100.0,100.0,80.0,5.0,10.0,0.72,4.4,1.8,0.91,2.3,15.3
PIT,2024-10-21,22,1,12,3,12,100.0,100.0,100.0,1.0,13.0,3.27,1.67,1.67,0.48,0.42,1.5
PIT,2024-10-21,23,0,10,0,10,0.0,0.0,90.0,0.0,0.0,0.0,0.0,1.2,0.48,0.6,9.0
PIT,2024-10-22,0,0,2,0,4,0.0,0.0,50.0,0.0,0.0,0.0,0.0,0.0,1.3,3.75,22.0
PIT,2024-10-22,1,0,0,0,2,0.0,0.0,100.0,0.0,0.0,0.0,0.0,0.0,1.0,0.0,0.0
PIT,2024-10-22,3,0,0,1,0,100.0,100.0,0.0,0.0,10.0,0.0,0.0,0.0,0.0,0.0,0.0
PIT,2024-10-22,4,0,0,0,1,0.0,0.0,100.0,0.0,0.0,0.0,0.0,0.0,0.5,0.0,0.0
PIT,2024-10-22,5,5,0,6,3,66.67,66.67,100.0,56.5,11.83,1.45,56.17,0.0,1.0,0.0,5.0
PIT,2024-10-22,6,17,1,19,1,94.74,94.74,0.0,2.0,11.89,1.73,2.11,0.0,0.0,1.0,438.0
PIT,2024-10-22,7,12,1,15,2,86.67,86.67,100.0,4.67,12.73,2.51,5.87,2.0,1.0,0.5,4.5
PIT,2024-10-22,8,10,4,14,5,78.57,71.43,80.0,9.86,14.43,4.19,11.86,3.4,2.48,5.2,10.2
PIT,2024-10-22,9,7,6,13,7,61.54,61.54,85.71,9.0,12.69,2.58,10.54,2.14,1.43,2.14,15.29
PIT,2024-10-22,10,10,9,10,9,90.0,90.0,100.0,22.4,12.8,2.59,22.2,1.44,2.42,2.22,0.33
PIT,2024-10-22,11,7,5,7,5,85.71,85.71,80.0,16.86,12.14,1.8,17.57,2.6,0.1,0.0,12.6
PIT,2024-10-22,12,6,5,8,6,75.0,62.5,100.0,22.0,12.13,1.98,23.13,3.67,1.17,2.33,1.17
PIT,2024-10-22,13,4,8,4,10,100.0,75.0,60.0,0.0,22.0,11.7,7.25,2.2,1.85,2.4,11.1
PIT,2024-10-22,14,7,10,7,10,85.71,71.43,70.0,6.71,14.86,5.09,9.14,1.1,0.92,0.1,31.5
PIT,2024-10-22,15,7,11,8,12,62.5,62.5,83.33,16.5,12.75,2.75,17.63,0.17,1.1,1.75,7.67
PIT,2024-10-22,16,12,9,13,12,76.92,76.92,91.67,14.54,12.85,2.76,15.85,2.08,0.25,1.5,4.0
PIT,2024-10-22,17,10,6,10,10,90.0,90.0,60.0,15.8,12.2,2.41,16.2,0.7,0.57,0.9,21.8
PIT,2024-10-22,18,8,13,9,15,88.89,88.89,86.67,3.89,11.67,1.41,4.44,1.33,0.63,1.27,4.93
PIT,2024-10-22,19,8,5,8,6,87.5,87.5,83.33,2.13,16.5,6.32,6.25,1.0,2.67,0.83,7.67
PIT,2024-10-22,20,5,12,6,17,83.33,83.33,70.59,5.5,11.17,1.03,5.17,0.76,0.83,2.76,9.76
PIT,2024-10-22,21,0,11,2,11,100.0,100.0,100.0,2.5,11.0,0.7,3.0,0.91,0.35,0.18,2.18
PIT,2024-10-22,22,1,11,3,11,100.0,100.0,100.0,0.0,17.33,7.27,3.67,1.09,0.68,0.0,1.18
PIT,2024-10-22,23,0,7,0,7,0.0,0.0,100.0,0.0,0.0,0.0,0.0,0.43,2.4,1.43,1.43
PIT,2024-10-23,0,0,2,0,2,0.0,0.0,100.0,0.0,0.0,0.0,0.0,1.5,0.0,0.0,0.0
PIT,2024-10-23,1,0,0,0,1,0.0,0.0,100.0,0.0,0.0,0.0,0.0,0.0,0.5,0.0,0.0
PIT,2024-10-23,2,0,0,1,0,0.0,0.0,0.0,25.0,11.0,0.4,25.0,0.0,0.0,0.0,0.0
PIT,2024-10-23,3,0,0,0,0,0.0,0.0,0.0,0.0,0.0,0.0,0.0,0.0,0.0,0.0,0.0
PIT,2024-10-23,4,0,0,0,1,0.0,0.0,100.0,0.0,0.0,0.0,0.0,0.0,0.5,0.0,0.0
PIT,2024-10-23,5,5,0,5,3,100.0,100.0,100.0,0.0,12.8,2.14,0.8,0.0,1.5,0.33,4.33
PIT,2024-10-23,6,17,1,19,1,89.47,89.47,0.0,13.16,12.32,2.29,13.89,0.0,0.5,0.0,100.0
PIT,2024-10-23,7,12,1,15,3,93.33,93.33,66.67,2.87,11.07,1.03,3.27,4.0,0.5,7.0,7.33
PIT,2024-10-23,8,11,4,12,4,83.33,83.33,50.0,10.58,12.42,2.57,10.67,1.5,1.48,6.25,31.0
PIT,2024-10-23,9,6,7,10,8,50.0,50.0,87.5,12.1,11.3,1.63,12.8,2.38,0.38,1.5,8.5
PIT,2024-10-23,10,11,9,13,9,100.0,100.0,100.0,0.15,14.69,4.38,2.92,2.44,0.37,2.0,1.44
PIT,2024-10-23,11,7,5,8,6,87.5,87.5,83.33,4.63,11.25,1.35,4.63,3.17,1.0,3.5,15.17
PIT,2024-10-23,12,6,5,6,5,83.33,83.33,100.0,10.33,9.5,0.15,10.5,1.8,0.5,0.4,0.0
PIT,2024-10-23,13,4,9,4,12,75.0,75.0,75.0,19.75,13.0,3.4,22.75,2.92,1.07,3.0,15.0
PIT,2024-10-23,14,8,8,9,10,100.0,100.0,90.0,0.0,13.56,3.31,2.22,2.5,0.29,1.7,8.1
PIT,2024-10-23,15,6,11,9,13,100.0,100.0,76.92,1.22,13.11,3.06,3.44,2.46,0.42,2.31,6.46
PIT,2024-10-23,16,13,9,15,13,86.67,80.0,76.92,5.0,11.73,1.9,6.0,1.38,0.35,1.0,18.46
PIT,2024-10-23,17,9,6,12,10,100.0,100.0,80.0,0.83,11.83,1.74,1.25,4.3,2.15,3.1,7.0
PIT,2024-10-23,18,8,13,8,14,100.0,100.0,78.57,1.38,11.75,1.64,1.88,6.64,2.56,6.71,12.64
PIT,2024-10-23,19,8,4,10,6,60.0,60.0,100.0,28.9,13.2,3.05,30.4,2.0,1.08,3.0,1.17
PIT,2024-10-23,20,4,12,4,14,100.0,100.0,85.71,0.0,14.75,4.33,2.75,1.43,3.9,10.07,7.79
PIT,2024-10-23,21,0,11,4,12,75.0,100.0,91.67,7.75,8.75,0.0,5.75,1.58,1.57,1.5,6.92
PIT,2024-10-23,22,1,11,2,12,50.0,50.0,75.0,22.5,14.0,3.4,25.5,0.5,1.54,1.42,19.5
PIT,2024-10-23,23,0,8,1,8,100.0,100.0,87.5,0.0,10.0,0.0,0.0,1.38,1.82,0.0,16.38
PIT,2024-10-24,0,0,4,0,2,0.0,0.0,100.0,0.0,0.0,0.0,0.0,0.0,1.35,0.0,0.0
PIT,2024-10-24,1,0,1,0,1,0.0,0.0,100.0,0.0,0.0,0.0,0.0,0.0,0.5,0.0,0.0
PIT,2024-10-24,2,0,0,0,0,0.0,0.0,0.0,0.0,0.0,0.0,0.0,0.0,0.0,0.0,0.0
PIT,2024-10-24,3,0,0,1,0,100.0,100.0,0.0,0.0,10.0,0.0,0.0,0.0,0.0,0.0,0.0
PIT,2024-10-24,4,0,0,0,1,0.0,0.0,100.0,0.0,0.0,0.0,0.0,0.0,1.5,0.0,0.0
PIT,2024-10-24,5,9,0,9,4,100.0,88.89,100.0,2.44,13.22,3.22,3.89,1.5,1.5,3.75,2.25
PIT,2024-10-24,6,17,1,21,3,95.24,95.24,100.0,1.62,13.1,2.85,2.19,0.0,0.43,0.0,0.0
PIT,2024-10-24,7,11,2,13,3,84.62,84.62,33.33,8.23,11.23,0.99,8.38,3.33,1.17,2.0,22.0
PIT,2024-10-24,8,11,5,14,5,92.86,92.86,100.0,4.71,13.21,3.28,5.43,1.2,1.28,2.0,1.4
PIT,2024-10-24,9,6,5,10,5,90.0,90.0,100.0,3.0,10.4,1.28,3.0,2.4,0.6,0.0,0.0
PIT,2024-10-24,10,9,9,10,9,90.0,90.0,100.0,3.5,13.3,2.7,4.0,1.11,4.64,2.89,0.56
PIT,2024-10-24,11,8,9,9,11,88.89,88.89,90.91,1.89,13.0,2.62,2.89,2.18,1.39,1.0,2.45
PIT,2024-10-24,12,11,8,13,9,92.31,92.31,88.89,2.08,10.54,1.22,2.85,2.33,0.39,1.22,2.89
PIT,2024-10-24,13,6,7,7,8,100.0,100.0,62.5,0.0,12.43,2.74,0.43,0.5,1.85,2.25,13.25
PIT,2024-10-24,14,8,14,9,14,66.67,66.67,85.71,14.89,13.67,3.38,16.56,2.21,1.56,3.21,6.0
PIT,2024-10-24,15,12,12,14,17,85.71,85.71,76.47,5.43,11.07,1.22,5.5,1.35,1.6,3.82,8.47
PIT,2024-10-24,16,12,8,14,11,92.86,92.86,90.91,3.14,11.79,1.79,3.93,1.09,0.86,0.73,3.82
PIT,2024-10-24,17,9,8,9,11,100.0,88.89,90.91,1.56,13.11,2.64,2.11,0.73,1.49,2.45,3.73
PIT,2024-10-24,18,10,13,10,15,100.0,100.0,93.33,0.4,14.6,4.27,2.8,2.27,1.48,3.73,8.13
PIT,2024-10-24,19,12,10,13,11,76.92,76.92,81.82,11.62,14.69,4.51,13.46,1.0,4.27,3.09,13.82
PIT,2024-10-24,20,7,14,8,18,100.0,100.0,94.44,1.5,11.75,1.61,1.75,1.5,1.53,3.44,5.78
PIT,2024-10-24,21,2,10,5,12,80.0,80.0,91.67,4.8,8.6,0.08,3.8,1.0,0.52,0.0,3.75
PIT,2024-10-24,22,1,12,3,12,66.67,66.67,66.67,13.33,13.67,3.07,13.67,0.75,0.8,3.08,19.25
PIT,2024-10-24,23,0,9,1,9,0.0,0.0,77.78,18.0,12.0,1.4,19.0,1.33,1.99,3.89,5.33
PIT,2024-10-25,0,0,4,0,4,0.0,0.0,50.0,0.0,0.0,0.0,0.0,0.25,1.55,2.0,12.75
PIT,2024-10-25,1,0,1,1,2,100.0,100.0,100.0,2.0,12.0,1.4,3.0,0.0,0.5,0.0,0.0
PIT,2024-10-25,2,0,0,1,0,100.0,100.0,0.0,0.0,18.0,7.4,7.0,0.0,0.0,0.0,0.0
PIT,2024-10-25,3,0,0,0,0,0.0,0.0,0.0,0.0,0.0,0.0,0.0,0.0,0.0,0.0,0.0
PIT,2024-10-25,4,0,0,0,1,0.0,0.0,100.0,0.0,0.0,0.0,0.0,0.0,1.5,0.0,0.0
PIT,2024-10-25,5,9,0,10,3,100.0,90.0,100.0,0.2,16.7,6.78,4.5,0.0,1.5,0.0,1.67
PIT,2024-10-25,6,18,2,20,2,100.0,80.0,0.0,1.2,19.85,9.35,7.5,0.0,2.75,0.0,113.0
PIT,2024-10-25,7,12,2,15,2,86.67,80.0,100.0,9.8,14.07,4.02,12.07,5.5,1.0,10.0,0.5
PIT,2024-10-25,8,10,6,10,6,100.0,100.0,83.33,0.0,17.0,6.37,3.2,1.67,1.65,4.33,5.17
PIT,2024-10-25,9,6,6,7,7,85.71,85.71,85.71,6.43,12.43,2.26,7.29,1.14,5.86,7.57,7.14
PIT,2024-10-25,10,10,10,12,10,83.33,83.33,90.0,4.17,13.33,2.95,5.92,1.9,2.61,0.6,5.1
PIT,2024-10-25,11,8,9,9,12,77.78,77.78,100.0,69.89,12.22,1.62,70.78,1.42,0.92,1.08,0.33
PIT,2024-10-25,12,10,9,17,11,64.71,64.71,90.91,12.06,11.76,2.0,12.35,2.18,1.0,2.82,2.64
PIT,2024-10-25,13,7,8,7,9,85.71,85.71,88.89,4.14,10.43,0.94,3.86,0.56,2.98,2.0,4.78
PIT,2024-10-25,14,9,10,9,13,88.89,88.89,69.23,3.44,15.22,4.94,5.22,2.31,2.81,3.46,11.77
PIT,2024-10-25,15,8,11,12,13,66.67,66.67,84.62,15.08,10.17,0.74,14.92,1.85,1.34,3.69,4.92
PIT,2024-10-25,16,11,8,13,10,76.92,69.23,80.0,13.46,17.15,6.91,19.31,2.1,0.6,2.8,10.8
PIT,2024-10-25,17,9,8,11,9,90.91,90.91,100.0,5.64,11.73,1.55,6.18,1.33,1.23,1.44,2.22
PIT,2024-10-25,18,10,11,10,13,100.0,100.0,92.31,0.7,12.0,1.79,1.3,5.38,1.52,1.77,3.31
PIT,2024-10-25,19,10,10,11,10,54.55,54.55,80.0,89.27,16.45,6.66,94.73,1.5,4.28,3.0,16.5
PIT,2024-10-25,20,7,12,8,14,87.5,87.5,85.71,3.38,14.63,4.41,4.88,1.07,1.88,2.86,5.14
PIT,2024-10-25,21,3,9,5,9,100.0,100.0,88.89,0.0,8.8,0.68,0.0,1.78,0.52,0.56,3.0
PIT,2024-10-25,22,1,12,1,12,0.0,0.0,83.33,39.0,18.0,7.4,46.0,1.08,2.13,1.42,10.25
PIT,2024-10-25,23,0,10,0,12,0.0,0.0,75.0,0.0,0.0,0.0,0.0,1.5,0.8,1.17,16.5
PIT,2024-10-26,0,0,1,0,4,0.0,0.0,100.0,0.0,0.0,0.0,0.0,1.0,0.18,0.0,0.0
PIT,2024-10-26,1,0,0,0,2,0.0,0.0,100.0,0.0,0.0,0.0,0.0,0.0,0.25,0.5,0.0
PIT,2024-10-26,3,0,0,1,0,100.0,100.0,0.0,0.0,11.0,0.4,0.0,0.0,0.0,0.0,0.0
PIT,2024-10-26,5,5,0,5,1,100.0,100.0,100.0,0.4,11.2,0.72,0.6,0.0,0.5,0.0,0.0
PIT,2024-10-26,6,18,1,18,2,100.0,100.0,50.0,0.06,12.56,2.63,0.39,0.0,1.0,0.5,21.0
PIT,2024-10-26,7,12,1,15,3,86.67,86.67,66.67,4.6,11.53,1.49,5.07,0.33,1.17,5.0,9.0
PIT,2024-10-26,8,10,3,10,3,70.0,70.0,66.67,21.6,12.8,2.69,22.6,1.67,1.13,6.67,5.33
PIT,2024-10-26,9,5,5,8,6,87.5,87.5,66.67,2.5,12.75,2.86,2.5,1.83,2.17,3.17,15.17
PIT,2024-10-26,10,7,10,7,11,85.71,85.71,100.0,6.29,12.14,1.61,6.43,1.45,2.65,0.64,0.27
PIT,2024-10-26,11,8,6,7,6,100.0,100.0,100.0,0.0,10.29,0.56,0.0,0.83,2.33,0.5,0.0
PIT,2024-10-26,12,8,5,8,5,100.0,87.5,100.0,1.38,11.63,2.05,2.0,2.8,2.94,4.6,0.8
PIT,2024-10-26,13,5,11,5,11,80.0,80.0,72.73,6.8,16.2,6.82,10.8,0.73,1.3,0.27,13.64
PIT,2024-10-26,14,7,8,7,8,57.14,57.14,100.0,13.57,11.0,0.5,13.71,0.13,2.74,1.75,1.0
PIT,2024-10-26,15,8,10,8,9,75.0,75.0,88.89,24.5,11.5,2.16,24.63,3.11,0.98,3.56,10.33
PIT,2024-10-26,16,14,9,15,11,93.33,86.67,81.82,6.6,13.53,3.83,9.67,2.36,0.5,3.27,6.82
PIT,2024-10-26,17,3,6,4,7,100.0,100.0,71.43,1.25,10.25,0.63,1.0,0.14,4.76,6.71,8.29
PIT,2024-10-26,18,6,6,7,6,85.71,85.71,100.0,3.86,16.43,6.29,3.29,2.83,1.17,0.17,0.5
PIT,2024-10-26,19,3,7,3,10,100.0,100.0,70.0,0.0,9.67,0.87,0.33,2.3,2.73,2.1,13.3
PIT,2024-10-26,20,3,10,4,13,100.0,100.0,84.62,0.0,13.5,3.2,2.0,2.23,0.38,2.62,8.23
PIT,2024-10-26,21,0,8,0,8,0.0,0.0,75.0,0.0,0.0,0.0,0.0,1.0,1.0,2.5,14.38
PIT,2024-10-26,22,1,9,2,11,50.0,50.0,90.91,10.5,16.0,5.7,16.0,0.0,4.97,0.82,6.27
PIT,2024-10-26,23,0,4,0,4,0.0,0.0,75.0,0.0,0.0,0.0,0.0,0.0,1.02,0.0,9.75
PIT,2024-10-27,0,0,6,0,1,0.0,0.0,100.0,0.0,0.0,0.0,0.0,0.0,1.2,4.0,6.0
PIT,2024-10-27,1,0,1,0,0,0.0,0.0,0.0,0.0,0.0,0.0,0.0,0.0,0.0,0.0,0.0
PIT,2024-10-27,2,0,0,0,1,0.0,0.0,100.0,0.0,0.0,0.0,0.0,0.0,0.5,0.0,0.0
PIT,2024-10-27,3,0,0,1,0,100.0,100.0,0.0,0.0,14.0,3.4,3.0,0.0,0.0,0.0,0.0
PIT,2024-10-27,5,6,0,6,0,100.0,100.0,0.0,0.17,12.83,2.63,1.5,0.0,0.0,0.0,0.0
PIT,2024-10-27,6,16,0,17,0,100.0,88.24,0.0,1.06,16.65,6.32,5.18,0.0,0.0,0.0,0.0
PIT,2024-10-27,7,8,1,8,0,100.0,100.0,0.0,0.63,18.38,8.1,3.63,0.0,0.0,0.0,0.0
PIT,2024-10-27,8,11,1,12,2,91.67,91.67,100.0,3.92,14.33,4.39,4.75,1.0,2.0,0.0,0.0
PIT,2024-10-27,9,5,7,7,8,100.0,85.71,87.5,0.0,18.0,7.77,6.0,1.38,1.25,0.25,2.38
PIT,2024-10-27,10,10,7,11,7,90.91,90.91,100.0,2.55,12.09,2.33,3.82,1.0,2.47,1.14,1.71
PIT,2024-10-27,11,7,9,9,16,100.0,100.0,75.0,1.33,14.56,4.29,3.22,1.5,1.22,1.94,10.81
PIT,2024-10-27,12,10,8,13,10,92.31,84.62,80.0,3.23,10.15,0.52,3.46,1.2,0.65,2.4,9.4
PIT,2024-10-27,13,6,11,9,11,66.67,55.56,90.91,6.56,16.56,6.44,11.33,1.55,1.25,1.55,2.82
PIT,2024-10-27,14,9,10,10,10,80.0,80.0,90.0,8.9,14.6,4.34,11.0,0.0,1.91,1.0,3.0
PIT,2024-10-27,15,10,9,10,11,90.0,90.0,100.0,5.7,10.4,0.71,5.9,1.36,2.64,1.91,0.64
PIT,2024-10-27,16,10,6,13,8,76.92,69.23,100.0,12.08,15.08,4.98,16.23,3.63,0.79,3.0,2.13
PIT,2024-10-27,17,8,7,10,11,80.0,80.0,90.91,26.1,12.0,1.9,26.6,2.0,0.77,3.82,4.36
PIT,2024-10-27,18,8,11,8,12,87.5,75.0,83.33,2.38,16.25,5.83,6.75,0.67,1.08,1.17,6.5
PIT,2024-10-27,19,12,8,13,10,76.92,76.92,70.0,12.31,10.85,1.29,12.62,2.1,0.78,3.1,17.2
PIT,2024-10-27,20,6,15,7,17,71.43,71.43,58.82,18.43,9.57,0.26,18.29,1.76,1.38,2.76,14.06
PIT,2024-10-27,21,3,9,3,9,0.0,0.0,88.89,36.0,9.33,0.53,36.33,0.78,1.48,2.22,6.67
PIT,2024-10-27,22,1,9,1,9,100.0,100.0,88.89,0.0,14.0,3.4,0.0,0.44,1.3,0.0,4.0
PIT,2024-10-27,23,0,10,0,10,0.0,0.0,80.0,0.0,0.0,0.0,0.0,1.4,0.69,1.6,5.4
PIT,2024-10-28,0,0,5,0,6,0.0,0.0,83.33,0.0,0.0,0.0,0.0,0.0,0.08,0.0,9.0
PIT,2024-10-28,1,0,1,0,3,0.0,0.0,100.0,0.0,0.0,0.0,0.0,0.0,0.0,0.0,0.0
PIT,2024-10-28,3,0,0,1,0,100.0,100.0,0.0,0.0,10.0,0.0,0.0,0.0,0.0,0.0,0.0
PIT,2024-10-28,5,9,0,12,0,58.33,58.33,0.0,21.0,15.0,5.2,25.25,0.0,0.0,0.0,0.0
PIT,2024-10-28,6,16,1,19,2,89.47,73.68,0.0,6.89,17.84,7.51,12.32,0.5,0.5,1.5,151.5
PIT,2024-10-28,7,8,2,10,2,90.0,90.0,50.0,2.1,16.5,6.37,4.9,1.5,0.5,0.5,9.5
PIT,2024-10-28,8,12,4,13,7,100.0,100.0,71.43,0.38,15.54,4.88,2.15,0.57,0.69,6.14,8.43
PIT,2024-10-28,9,4,8,7,11,100.0,100.0,81.82,0.0,12.57,2.51,1.0,1.18,2.14,2.55,11.73
PIT,2024-10-28,10,11,11,12,12,91.67,91.67,100.0,6.17,12.17,2.23,7.67,1.42,1.87,2.75,1.67
PIT,2024-10-28,11,8,8,8,12,100.0,100.0,75.0,1.25,11.88,1.28,1.88,1.33,0.5,1.92,13.75
PIT,2024-10-28,12,8,8,9,11,77.78,77.78,100.0,6.11,11.22,1.46,6.11,1.45,0.23,2.36,2.18
PIT,2024-10-28,13,8,10,11,10,72.73,72.73,100.0,10.0,10.0,0.71,10.36,1.0,1.12,1.0,1.2
PIT,2024-10-28,14,10,9,10,9,100.0,100.0,88.89,0.0,13.8,3.55,1.4,1.56,2.92,2.78,5.11
PIT,2024-10-28,15,7,10,9,12,77.78,66.67,83.33,7.0,16.44,6.48,11.44,1.33,1.53,3.0,8.08
PIT,2024-10-28,16,12,9,12,10,100.0,91.67,70.0,0.0,16.75,6.58,5.67,3.0,3.53,3.6,9.1
PIT,2024-10-28,17,11,7,13,9,76.92,69.23,88.89,10.92,12.85,2.64,12.31,1.22,0.28,3.89,6.67
PIT,2024-10-28,18,7,10,9,13,88.89,77.78,92.31,10.56,13.67,3.4,12.33,2.08,1.55,1.92,11.85
PIT,2024-10-28,19,10,8,11,10,90.91,90.91,90.0,7.55,11.55,2.4,7.27,0.8,0.58,2.2,10.6
PIT,2024-10-28,20,5,10,9,15,88.89,100.0,93.33,2.78,10.11,0.73,2.78,2.4,1.56,4.8,3.2
PIT,2024-10-28,21,3,9,5,9,100.0,100.0,66.67,1.6,14.8,4.92,4.4,0.22,1.61,4.89,12.56
PIT,2024-10-28,22,1,11,5,15,80.0,80.0,80.0,21.2,13.2,2.72,23.4,1.13,1.75,2.0,10.6
PIT,2024-10-28,23,0,9,1,10,0.0,0.0,80.0,80.0,11.0,0.4,80.0,0.3,1.66,5.4,7.0
PIT,2024-10-29,0,0,2,2,5,50.0,50.0,80.0,22.0,15.5,6.7,26.5,0.0,2.06,1.2,5.6
PIT,2024-10-29,1,0,0,0,2,0.0,0.0,100.0,0.0,0.0,0.0,0.0,0.0,0.25,0.5,0.0
PIT,2024-10-29,3,0,0,1,0,100.0,100.0,0.0,0.0,10.0,0.0,0.0,0.0,0.0,0.0,0.0
PIT,2024-10-29,4,0,0,0,1,0.0,0.0,100.0,0.0,0.0,0.0,0.0,0.0,0.0,0.0,0.0
PIT,2024-10-29,5,4,0,4,3,100.0,100.0,100.0,0.0,10.0,0.0,0.0,0.0,0.17,0.67,4.33
PIT,2024-10-29,6,15,1,18,1,83.33,77.78,0.0,5.83,12.5,2.26,7.06,3.0,0.0,2.0,198.0
PIT,2024-10-29,7,9,1,13,4,61.54,53.85,100.0,32.85,11.62,1.58,33.54,1.75,0.5,1.5,0.0
PIT,2024-10-29,8,12,2,15,2,86.67,86.67,50.0,8.2,11.6,1.16,8.47,1.0,2.0,9.5,8.0
PIT,2024-10-29,9,5,6,6,8,100.0,100.0,87.5,0.33,12.5,2.6,2.33,1.75,1.13,3.38,9.38
PIT,2024-10-29,10,10,7,11,7,100.0,100.0,100.0,0.36,10.91,1.41,0.73,2.57,2.13,1.0,0.14
PIT,2024-10-29,11,4,4,5,8,80.0,80.0,75.0,8.4,10.8,0.18,8.4,1.0,0.35,2.13,8.25
PIT,2024-10-29,12,4,4,9,6,44.44,44.44,83.33,14.44,11.67,1.23,14.44,0.33,0.25,0.83,9.0
PIT,2024-10-29,13,4,10,8,10,75.0,75.0,100.0,9.13,11.0,1.05,9.25,1.4,0.79,0.0,0.0
PIT,2024-10-29,14,8,9,9,10,100.0,100.0,80.0,0.67,12.67,3.06,2.22,0.3,0.7,0.2,7.8
PIT,2024-10-29,15,6,10,7,12,85.71,71.43,75.0,7.57,12.57,2.66,10.0,1.75,0.77,2.75,13.83
PIT,2024-10-29,16,13,9,13,11,84.62,76.92,100.0,13.77,13.38,3.22,16.38,0.73,4.09,1.36,0.64
PIT,2024-10-29,17,11,6,12,10,91.67,91.67,80.0,5.67,10.33,1.0,6.0,0.8,0.25,1.1,10.1
PIT,2024-10-29,18,7,11,7,12,71.43,71.43,91.67,11.71,13.71,3.27,13.29,0.92,1.07,1.75,5.33
PIT,2024-10-29,19,7,3,8,5,100.0,100.0,80.0,0.75,11.25,1.42,0.88,0.4,5.36,3.2,13.4
PIT,2024-10-29,20,2,10,4,13,100.0,100.0,92.31,0.0,12.5,1.9,0.75,0.69,0.54,1.46,2.46
PIT,2024-10-29,21,0,10,3,11,66.67,66.67,90.91,7.33,10.0,0.13,7.0,4.45,0.5,1.09,5.55
PIT,2024-10-29,22,0,11,2,12,100.0,100.0,91.67,0.0,11.0,0.7,0.5,0.5,0.68,1.17,3.92
PIT,2024-10-29,23,0,5,1,5,100.0,100.0,100.0,0.0,9.0,0.0,0.0,1.4,0.1,0.6,0.0
PIT,2024-10-30,0,0,2,1,3,0.0,0.0,66.67,60.0,8.0,0.0,57.0,0.0,1.97,0.0,15.67
PIT,2024-10-30,1,0,0,0,0,0.0,0.0,0.0,0.0,0.0,0.0,0.0,0.0,0.0,0.0,0.0
PIT,2024-10-30,2,0,0,1,1,0.0,0.0,100.0,25.0,11.0,0.4,25.0,0.0,0.5,0.0,0.0
PIT,2024-10-30,3,0,0,0,0,0.0,0.0,0.0,0.0,0.0,0.0,0.0,0.0,0.0,0.0,0.0
PIT,2024-10-30,4,0,0,1,1,0.0,0.0,100.0,16.0,11.0,0.4,16.0,0.0,3.5,0.0,0.0
PIT,2024-10-30,5,5,0,5,3,100.0,100.0,100.0,0.0,13.8,2.84,0.4,0.0,2.5,0.0,4.67
PIT,2024-10-30,6,16,1,19,1,94.74,94.74,100.0,2.74,11.42,1.08,3.11,1.0,0.5,4.0,5.0
PIT,2024-10-30,7,9,1,12,3,83.33,91.67,66.67,3.42,11.0,1.19,3.08,2.0,0.5,5.67,5.0
PIT,2024-10-30,8,13,2,17,2,82.35,82.35,50.0,9.06,12.06,1.72,9.82,6.5,0.5,8.5,52.5
PIT,2024-10-30,9,4,8,6,8,66.67,66.67,100.0,8.67,13.5,3.63,10.67,1.5,0.94,1.25,0.13
PIT,2024-10-30,10,11,9,13,12,100.0,92.31,91.67,0.0,14.31,4.43,1.62,2.5,2.09,2.25,1.33
PIT,2024-10-30,11,5,5,9,7,66.67,66.67,85.71,7.67,12.22,1.8,8.44,0.71,0.83,0.43,5.0
PIT,2024-10-30,12,4,4,7,5,71.43,71.43,100.0,15.0,11.0,0.91,15.0,0.8,0.3,0.8,2.0
PIT,2024-10-30,13,5,11,5,13,100.0,100.0,92.31,0.6,9.6,0.16,0.4,1.0,2.09,0.69,3.31
PIT,2024-10-30,14,9,7,13,11,92.31,84.62,81.82,3.46,14.31,4.18,6.31,0.82,1.16,2.36,8.27
PIT,2024-10-30,15,5,10,8,12,87.5,75.0,83.33,5.63,15.38,5.06,9.13,0.58,1.31,2.0,4.58
PIT,2024-10-30,16,14,9,14,13,92.86,92.86,69.23,2.64,12.29,2.11,4.14,10.77,1.88,11.15,21.15
PIT,2024-10-30,17,10,6,10,8,80.0,80.0,87.5,9.8,10.3,1.16,8.9,1.5,1.69,1.75,2.0
PIT,2024-10-30,18,7,11,10,13,60.0,70.0,84.62,24.3,15.2,4.97,27.9,1.0,1.8,2.23,6.38
PIT,2024-10-30,19,7,3,7,5,100.0,100.0,80.0,1.29,11.43,1.41,1.43,0.0,0.3,0.4,10.8
PIT,2024-10-30,20,2,10,3,14,100.0,100.0,100.0,0.0,10.0,0.13,0.0,1.07,0.44,1.29,0.36
PIT,2024-10-30,21,0,11,4,12,50.0,50.0,58.33,15.75,9.5,0.45,16.0,2.08,0.54,3.08,15.0
PIT,2024-10-30,22,1,11,3,12,100.0,66.67,83.33,3.33,12.67,2.93,6.0,1.0,0.6,0.25,10.33
PIT,2024-10-30,23,0,6,1,6,100.0,100.0,50.0,0.0,20.0,9.4,9.0,0.83,1.85,0.0,30.17
PIT,2024-10-31,0,0,1,1,2,0.0,0.0,50.0,29.0,12.0,1.4,30.0,0.0,0.0,0.0,10.0
PIT,2024-10-31,1,0,0,0,1,0.0,0.0,100.0,0.0,0.0,0.0,0.0,0.0,0.0,0.0,0.0
PIT,2024-10-31,3,0,0,1,0,100.0,100.0,0.0,0.0,10.0,0.0,0.0,0.0,0.0,0.0,0.0
PIT,2024-10-31,4,0,0,0,1,0.0,0.0,100.0,0.0,0.0,0.0,0.0,0.0,2.5,0.0,0.0
PIT,2024-10-31,5,5,0,5,3,100.0,80.0,66.67,1.0,14.4,3.56,3.2,0.0,2.17,0.0,8.0
PIT,2024-10-31,6,15,1,19,2,89.47,89.47,100.0,3.42,13.21,2.78,4.89,0.5,0.0,1.5,0.0
PIT,2024-10-31,7,9,2,12,2,91.67,91.67,50.0,3.25,11.0,1.3,3.83,10.0,0.0,11.0,10.5
PIT,2024-10-31,8,14,2,17,2,88.24,88.24,50.0,3.76,14.18,4.05,5.65,4.0,0.25,11.0,22.5
PIT,2024-10-31,9,4,5,5,7,80.0,80.0,85.71,4.4,15.2,4.6,7.4,0.86,0.64,2.29,2.29
PIT,2024-10-31,10,9,9,9,9,100.0,100.0,100.0,0.0,13.33,3.52,0.89,1.33,2.13,0.0,0.0
PIT,2024-10-31,11,5,8,6,8,100.0,100.0,75.0,0.33,10.83,0.83,1.17,3.63,1.25,9.5,7.63
PIT,2024-10-31,12,7,4,7,5,85.71,71.43,80.0,5.0,12.29,2.29,6.86,0.8,0.1,1.6,13.6
PIT,2024-10-31,13,7,9,9,11,88.89,77.78,72.73,3.0,16.67,6.78,8.56,1.09,0.65,1.09,12.73
PIT,2024-10-31,14,8,10,9,10,55.56,55.56,80.0,39.0,14.89,4.77,39.67,0.7,0.76,0.2,7.1
PIT,2024-10-31,15,5,11,5,14,60.0,20.0,71.43,19.4,25.8,15.88,30.6,1.0,0.82,5.79,12.93
PIT,2024-10-31,16,17,10,17,12,88.24,76.47,66.67,3.24,15.29,5.35,6.59,0.92,2.92,1.08,14.08
PIT,2024-10-31,17,9,8,12,11,66.67,66.67,81.82,22.58,12.92,3.0,23.42,0.45,0.39,1.0,9.0
PIT,2024-10-31,18,6,11,7,14,71.43,71.43,92.86,6.71,13.0,3.2,8.71,1.43,0.74,2.21,3.93
PIT,2024-10-31,19,5,6,6,9,100.0,100.0,77.78,0.5,11.17,1.08,0.33,0.0,0.87,0.56,8.78
PIT,2024-10-31,20,3,12,3,14,100.0,100.0,85.71,0.0,12.67,2.27,0.0,1.5,0.18,1.43,19.29
PIT,2024-10-31,21,1,9,4,11,75.0,75.0,100.0,5.25,9.5,0.45,5.25,1.0,0.41,0.55,0.91
PIT,2024-10-31,22,0,7,2,7,100.0,100.0,85.71,0.0,8.5,0.0,0.0,1.14,1.24,0.0,9.14
PIT,2024-10-31,23,0,4,2,4,50.0,50.0,100.0,26.5,11.0,0.7,27.0,1.25,0.13,0.0,0.0
PIT,2024-11-01,0,0,4,0,2,0.0,0.0,50.0,0.0,0.0,0.0,0.0,0.0,0.85,0.0,12.5
PIT,2024-11-01,1,0,1,0,1,0.0,0.0,100.0,0.0,0.0,0.0,0.0,0.0,0.5,0.0,0.0
PIT,2024-11-01,3,0,0,1,0,100.0,100.0,0.0,0.0,10.0,0.0,0.0,0.0,0.0,0.0,0.0
PIT,2024-11-01,4,0,0,0,1,0.0,0.0,100.0,0.0,0.0,0.0,0.0,0.0,2.5,0.0,0.0
PIT,2024-11-01,5,9,0,9,3,88.89,88.89,100.0,18.78,12.89,3.04,20.67,0.0,1.17,0.33,4.67
PIT,2024-11-01,6,17,2,20,2,95.0,95.0,50.0,1.15,12.65,2.3,1.65,0.5,8.25,7.0,279.5
PIT,2024-11-01,7,9,1,11,2,81.82,81.82,100.0,7.36,10.64,0.85,7.64,6.5,1.0,5.0,6.5
PIT,2024-11-01,8,12,4,16,4,93.75,87.5,75.0,3.44,16.13,5.61,7.75,2.25,0.25,2.0,10.5
PIT,2024-11-01,9,4,6,7,7,71.43,71.43,100.0,14.43,11.86,1.51,14.43,1.43,0.76,0.29,0.0
PIT,2024-11-01,10,9,11,11,11,90.91,90.91,100.0,2.91,11.27,1.28,3.18,0.82,2.11,0.36,0.36
PIT,2024-11-01,11,8,8,9,11,88.89,88.89,90.91,11.89,16.44,5.77,15.0,2.73,1.05,4.73,13.0
PIT,2024-11-01,12,8,8,10,11,70.0,70.0,90.91,32.2,9.5,0.43,31.6,0.36,1.18,1.45,3.09
PIT,2024-11-01,13,7,9,8,9,100.0,100.0,88.89,1.13,10.5,1.05,1.25,1.67,1.02,0.0,8.0
PIT,2024-11-01,14,8,8,8,9,75.0,62.5,66.67,14.5,14.38,4.01,17.25,1.56,0.33,1.44,57.33
PIT,2024-11-01,15,7,11,10,11,70.0,70.0,90.91,22.8,11.8,2.13,24.0,0.45,0.73,3.27,3.73
PIT,2024-11-01,16,12,9,12,11,83.33,83.33,81.82,19.33,15.25,4.78,22.83,2.09,1.32,4.27,10.82
PIT,2024-11-01,17,10,7,10,8,100.0,90.0,87.5,1.0,15.3,4.85,2.8,1.13,0.54,1.5,5.75
PIT,2024-11-01,18,8,10,8,12,62.5,62.5,75.0,10.75,10.75,0.83,11.13,1.42,1.91,2.67,9.33
PIT,2024-11-01,19,9,8,9,8,88.89,88.89,100.0,4.89,11.89,2.88,5.56,0.25,1.23,0.0,0.0
PIT,2024-11-01,20,4,10,4,12,75.0,100.0,91.67,3.75,8.25,0.0,3.0,1.25,0.63,2.83,2.67
PIT,2024-11-01,21,4,10,6,10,100.0,100.0,80.0,1.17,10.0,0.8,1.83,2.0,0.35,1.7,10.0
PIT,2024-11-01,22,1,11,1,12,100.0,100.0,83.33,0.0,18.0,7.4,0.0,0.75,0.78,0.0,15.08
PIT,2024-11-01,23,0,8,0,8,0.0,0.0,87.5,0.0,0.0,0.0,0.0,0.25,0.94,0.75,6.5
PIT,2024-11-02,0,0,1,0,4,0.0,0.0,75.0,0.0,0.0,0.0,0.0,0.0,3.42,1.5,27.5
PIT,2024-11-02,1,0,0,0,1,0.0,0.0,100.0,0.0,0.0,0.0,0.0,2.0,0.0,0.0,0.0
PIT,2024-11-02,2,0,0,0,1,0.0,0.0,100.0,0.0,0.0,0.0,0.0,0.0,0.5,0.0,0.0
PIT,2024-11-02,3,0,0,1,0,100.0,100.0,0.0,0.0,10.0,0.0,0.0,0.0,0.0,0.0,0.0
PIT,2024-11-02,5,4,0,4,1,100.0,100.0,100.0,2.5,11.0,0.95,2.5,0.0,0.0,0.0,2.0
PIT,2024-11-02,6,18,1,18,2,94.44,94.44,50.0,1.22,11.67,1.74,1.28,0.0,0.5,0.0,14.5
PIT,2024-11-02,7,9,1,12,1,91.67,91.67,100.0,1.92,11.08,1.7,2.67,1.0,0.5,0.0,0.0
PIT,2024-11-02,8,12,2,13,2,84.62,76.92,50.0,5.85,14.62,4.46,8.46,1.5,0.25,5.0,32.5
PIT,2024-11-02,9,2,4,3,4,66.67,66.67,100.0,11.33,9.33,0.0,11.0,1.5,0.38,0.0,0.0
PIT,2024-11-02,10,6,11,7,12,100.0,100.0,91.67,0.0,13.0,2.49,1.43,1.83,2.95,2.92,3.83
PIT,2024-11-02,11,7,5,7,7,100.0,100.0,71.43,0.43,11.0,1.2,0.57,0.86,0.97,0.0,7.57
PIT,2024-11-02,12,6,4,7,5,85.71,85.71,80.0,7.0,13.57,3.19,7.43,3.2,4.14,3.4,11.8
PIT,2024-11-02,13,5,11,7,11,71.43,71.43,100.0,11.43,13.86,4.81,12.57,1.0,2.52,0.27,0.0
PIT,2024-11-02,14,6,7,7,9,100.0,100.0,66.67,0.14,12.29,2.4,1.29,1.22,2.06,1.22,11.22
PIT,2024-11-02,15,8,10,10,12,80.0,80.0,83.33,7.2,9.5,0.2,7.1,0.17,1.17,0.67,8.08
PIT,2024-11-02,16,14,7,14,10,78.57,78.57,80.0,14.93,11.14,1.69,15.07,0.6,0.4,1.4,15.9
PIT,2024-11-02,17,3,6,3,7,100.0,100.0,100.0,0.0,10.67,1.23,0.0,1.14,0.53,0.86,0.0
PIT,2024-11-02,18,5,8,6,9,100.0,100.0,100.0,1.67,13.33,2.73,3.17,4.56,1.32,2.0,0.0
PIT,2024-11-02,19,5,7,6,7,83.33,83.33,100.0,7.0,9.17,0.23,6.17,1.0,0.97,0.0,1.0
PIT,2024-11-02,20,2,9,2,9,100.0,100.0,77.78,0.0,11.0,0.7,0.0,0.78,0.5,0.0,5.33
PIT,2024-11-02,21,0,7,0,7,0.0,0.0,100.0,0.0,0.0,0.0,0.0,0.29,0.74,0.0,0.71
PIT,2024-11-02,22,0,6,0,6,0.0,0.0,100.0,0.0,0.0,0.0,0.0,0.5,0.33,1.67,2.33
PIT,2024-11-02,23,0,5,1,5,0.0,0.0,100.0,29.0,11.0,0.4,29.0,0.8,0.9,0.4,1.0
PIT,2024-11-03,0,0,4,0,1,0.0,0.0,100.0,0.0,0.0,0.0,0.0,2.0,0.0,0.0,0.0
PIT,2024-11-03,1,0,0,0,2,0.0,0.0,50.0,0.0,0.0,0.0,0.0,0.0,0.5,0.0,12.0
PIT,2024-11-03,2,0,0,0,2,0.0,0.0,50.0,0.0,0.0,0.0,0.0,3.0,0.65,3.5,30.5
PIT,2024-11-03,3,0,0,2,0,50.0,50.0,0.0,13.0,9.5,0.0,12.0,0.0,0.0,0.0,0.0
PIT,2024-11-03,4,0,0,0,0,0.0,0.0,0.0,0.0,0.0,0.0,0.0,0.0,0.0,0.0,0.0
PIT,2024-11-03,5,7,0,7,0,100.0,100.0,0.0,1.43,10.86,1.36,1.29,0.0,0.0,0.0,0.0
PIT,2024-11-03,6,15,0,16,0,100.0,87.5,0.0,0.63,14.31,4.04,3.63,0.0,0.0,0.0,0.0
PIT,2024-11-03,7,9,1,9,0,100.0,100.0,0.0,0.33,13.11,3.54,1.33,0.0,0.0,0.0,0.0
PIT,2024-11-03,8,10,1,13,3,92.31,92.31,66.67,2.62,13.08,2.5,3.92,3.0,0.83,3.33,29.0
PIT,2024-11-03,9,5,7,6,7,50.0,50.0,85.71,22.0,12.17,1.93,23.33,3.0,0.47,5.29,10.29
PIT,2024-11-03,10,8,8,9,8,100.0,100.0,87.5,0.0,14.89,4.74,2.0,2.75,1.4,1.88,3.13
PIT,2024-11-03,11,7,9,7,9,85.71,71.43,88.89,12.43,12.14,1.79,13.29,0.78,0.92,0.44,3.11
PIT,2024-11-03,12,10,7,10,8,90.0,90.0,75.0,2.3,12.8,3.07,4.0,1.75,0.75,1.0,8.25
PIT,2024-11-03,13,6,12,7,13,71.43,71.43,84.62,10.71,10.14,0.57,10.57,2.85,0.67,1.62,7.46
PIT,2024-11-03,14,10,7,10,8,80.0,80.0,75.0,9.7,14.5,4.42,11.5,1.63,2.89,3.88,9.63
PIT,2024-11-03,15,8,11,10,12,80.0,60.0,91.67,10.8,17.0,6.79,17.0,0.58,1.32,2.08,3.17
PIT,2024-11-03,16,10,8,11,12,90.91,90.91,75.0,3.73,11.27,0.87,3.64,2.75,1.15,3.42,9.25
PIT,2024-11-03,17,10,10,12,14,91.67,91.67,71.43,4.17,13.08,3.3,5.17,1.43,0.88,5.36,17.79
PIT,2024-11-03,18,11,9,14,11,64.29,64.29,81.82,11.57,12.36,2.49,13.07,2.55,1.15,4.27,6.27
PIT,2024-11-03,19,8,4,10,5,80.0,80.0,80.0,4.4,14.3,3.88,7.0,0.8,2.26,3.6,5.8
PIT,2024-11-03,20,4,12,5,14,80.0,80.0,64.29,13.4,11.8,2.12,14.2,2.21,0.85,2.79,26.64
PIT,2024-11-03,21,2,9,2,10,50.0,50.0,90.0,27.0,11.0,1.3,28.0,1.0,1.33,2.8,24.5
PIT,2024-11-03,22,0,13,2,13,0.0,0.0,84.62,100.0,11.0,0.4,100.0,1.23,0.46,0.62,6.15
PIT,2024-11-03,23,0,8,0,12,0.0,0.0,66.67,0.0,0.0,0.0,0.0,0.33,1.55,9.25,26.5
PIT,2024-11-04,0,0,3,0,0,0.0,0.0,0.0,0.0,0.0,0.0,0.0,0.0,0.0,0.0,0.0
PIT,2024-11-04,1,0,0,0,0,0.0,0.0,0.0,0.0,0.0,0.0,0.0,0.0,0.0,0.0,0.0
PIT,2024-11-04,3,0,0,0,0,0.0,0.0,0.0,0.0,0.0,0.0,0.0,0.0,0.0,0.0,0.0
PIT,2024-11-04,5,5,0,5,1,100.0,100.0,0.0,0.0,10.0,0.0,0.0,0.0,0.2,0.0,28.0
PIT,2024-11-04,6,17,1,18,2,94.44,94.44,50.0,3.39,13.22,3.06,4.0,1.5,0.5,4.5,22.0
PIT,2024-11-04,7,10,1,13,4,69.23,69.23,50.0,16.92,11.77,1.65,17.38,3.5,0.38,5.0,10.25
PIT,2024-11-04,8,12,3,13,3,76.92,69.23,66.67,9.23,15.46,5.52,13.38,2.0,1.0,14.67,11.33
PIT,2024-11-04,9,4,7,4,8,75.0,75.0,87.5,4.0,13.0,2.8,4.75,2.13,0.73,2.75,2.5
PIT,2024-11-04,10,10,13,10,13,90.0,90.0,92.31,6.3,13.4,3.27,6.7,1.77,2.12,0.15,5.15
PIT,2024-11-04,11,11,4,11,4,81.82,81.82,100.0,5.09,11.18,1.28,5.18,1.75,0.58,0.0,1.5
PIT,2024-11-04,12,5,6,8,7,75.0,75.0,100.0,6.38,10.5,0.93,6.25,1.29,0.5,0.0,0.0
PIT,2024-11-04,13,5,11,6,13,83.33,100.0,84.62,2.83,11.5,2.33,2.67,0.62,1.25,0.15,4.85
PIT,2024-11-04,14,10,8,11,10,90.91,90.91,70.0,4.09,12.73,2.99,4.09,1.5,1.13,1.5,27.7
PIT,2024-11-04,15,5,12,4,14,100.0,75.0,78.57,3.25,20.25,10.15,11.5,2.0,0.51,3.36,7.36
PIT,2024-11-04,16,15,11,17,12,82.35,82.35,66.67,8.94,11.82,1.75,9.76,2.17,3.28,2.92,14.92
PIT,2024-11-04,17,11,7,11,9,81.82,81.82,66.67,4.0,11.27,1.69,4.09,0.67,0.97,2.33,11.22
PIT,2024-11-04,18,8,11,8,12,87.5,87.5,83.33,3.63,13.25,3.3,3.38,3.0,1.22,1.58,13.5
PIT,2024-11-04,19,7,5,9,7,77.78,88.89,71.43,9.78,12.56,2.96,11.11,2.57,2.33,5.14,20.0
PIT,2024-11-04,20,3,10,4,13,75.0,75.0,76.92,31.0,9.75,0.1,31.0,1.62,1.58,1.85,31.69
PIT,2024-11-04,21,3,11,7,11,85.71,85.71,90.91,16.43,16.14,5.54,19.0,1.82,0.65,0.91,4.91
PIT,2024-11-04,22,0,11,2,11,100.0,100.0,63.64,0.0,15.0,4.7,0.0,0.09,0.62,0.0,9.55
PIT,2024-11-04,23,0,6,0,5,0.0,0.0,100.0,0.0,0.0,0.0,0.0,1.0,0.56,0.0,0.0
PIT,2024-11-05,0,0,1,0,3,0.0,0.0,100.0,0.0,0.0,0.0,0.0,0.0,1.17,0.0,3.67
PIT,2024-11-05,1,0,0,0,0,0.0,0.0,0.0,0.0,0.0,0.0,0.0,0.0,0.0,0.0,0.0
PIT,2024-11-05,2,0,0,0,1,0.0,0.0,100.0,0.0,0.0,0.0,0.0,0.0,0.5,0.0,0.0
PIT,2024-11-05,3,0,0,1,0,100.0,100.0,0.0,0.0,21.0,10.4,10.0,0.0,0.0,0.0,0.0
PIT,2024-11-05,4,0,0,0,1,0.0,0.0,100.0,0.0,0.0,0.0,0.0,0.0,0.0,0.0,0.0
PIT,2024-11-05,5,2,0,3,3,66.67,66.67,0.0,15.0,11.67,1.27,14.67,0.0,2.17,0.0,18.67
PIT,2024-11-05,6,17,1,18,1,88.89,88.89,100.0,3.17,11.56,1.69,3.61,0.0,1.5,0.0,0.0
PIT,2024-11-05,7,11,1,13,1,100.0,92.31,100.0,0.0,15.62,5.42,3.92,5.0,0.5,7.0,0.0
PIT,2024-11-05,8,10,1,13,2,92.31,84.62,50.0,3.31,15.46,5.48,6.54,1.5,0.5,11.5,21.5
PIT,2024-11-05,9,5,6,9,6,66.67,66.67,100.0,9.11,10.89,0.49,8.89,2.5,1.5,1.67,0.0
PIT,2024-11-05,10,8,7,9,7,88.89,88.89,100.0,5.78,11.33,1.4,5.78,2.86,3.53,1.43,1.57
PIT,2024-11-05,11,4,3,4,4,100.0,100.0,75.0,0.0,9.0,0.05,0.0,2.25,0.13,1.75,14.5
PIT,2024-11-05,12,6,6,8,8,87.5,87.5,75.0,2.88,13.25,3.03,3.63,3.63,1.44,2.25,8.88
PIT,2024-11-05,13,5,7,6,7,100.0,66.67,100.0,0.0,18.33,8.13,5.17,1.29,1.41,0.0,0.0
PIT,2024-11-05,14,5,8,6,10,100.0,100.0,70.0,0.0,11.0,1.38,0.0,1.0,0.88,1.8,28.2
PIT,2024-11-05,15,5,12,6,15,83.33,83.33,66.67,14.17,11.5,1.23,14.17,1.33,0.63,1.53,17.53
PIT,2024-11-05,16,12,6,14,6,64.29,57.14,83.33,14.36,11.93,1.84,15.36,1.0,3.17,0.0,6.0
PIT,2024-11-05,17,11,8,11,10,90.91,81.82,70.0,3.55,14.45,4.72,5.64,0.8,0.83,1.2,18.0
PIT,2024-11-05,18,5,10,7,13,100.0,100.0,61.54,0.0,14.43,4.66,1.14,1.85,2.14,2.08,13.23
PIT,2024-11-05,19,5,4,5,6,80.0,80.0,66.67,6.0,10.8,1.04,5.8,1.0,1.17,3.67,15.67
PIT,2024-11-05,20,2,5,2,6,100.0,100.0,66.67,0.0,14.0,3.7,0.0,1.0,1.17,0.0,6.0
PIT,2024-11-05,21,0,8,3,8,66.67,100.0,87.5,5.0,9.0,0.0,4.0,1.38,0.44,5.88,6.13
PIT,2024-11-05,22,0,14,1,14,100.0,100.0,92.86,0.0,8.0,0.0,0.0,0.86,0.71,0.0,2.14
PIT,2024-11-05,23,0,4,0,5,0.0,0.0,100.0,0.0,0.0,0.0,0.0,1.2,4.16,4.0,1.6
PIT,2024-11-06,0,0,2,0,1,0.0,0.0,100.0,0.0,0.0,0.0,0.0,0.0,0.5,0.0,0.0
PIT,2024-11-06,1,0,0,0,1,0.0,0.0,100.0,0.0,0.0,0.0,0.0,0.0,0.0,0.0,0.0
PIT,2024-11-06,3,0,0,1,0,100.0,100.0,0.0,0.0,11.0,0.4,0.0,0.0,0.0,0.0,0.0
PIT,2024-11-06,4,0,0,0,1,0.0,0.0,100.0,0.0,0.0,0.0,0.0,5.0,0.0,0.0,0.0
PIT,2024-11-06,5,2,0,3,3,66.67,66.67,33.33,12.33,12.0,1.4,12.33,0.33,1.83,4.33,27.33
PIT,2024-11-06,6,19,1,21,0,90.48,90.48,0.0,8.33,11.86,1.78,9.38,0.0,0.0,0.0,0.0
PIT,2024-11-06,7,11,1,14,1,78.57,78.57,100.0,5.79,10.07,0.45,5.43,5.0,0.0,5.0,0.0
PIT,2024-11-06,8,10,1,14,1,85.71,78.57,100.0,3.79,11.93,2.76,5.14,8.0,0.0,25.0,11.0
PIT,2024-11-06,9,3,8,6,8,66.67,66.67,100.0,11.0,12.5,2.1,11.33,1.75,0.38,0.75,0.0
PIT,2024-11-06,10,10,8,10,9,100.0,100.0,88.89,0.0,11.7,1.78,0.4,2.78,1.16,1.56,4.22
PIT,2024-11-06,11,5,4,7,6,71.43,71.43,66.67,10.43,10.57,1.0,11.0,2.0,0.58,1.67,11.5
PIT,2024-11-06,12,5,6,5,6,100.0,100.0,100.0,1.2,13.4,3.44,2.8,1.5,0.25,0.5,0.83
PIT,2024-11-06,13,7,8,10,9,90.0,90.0,88.89,4.4,13.7,3.48,5.7,1.89,0.43,3.0,5.56
PIT,2024-11-06,14,6,7,7,8,71.43,71.43,62.5,19.86,11.0,1.71,20.86,1.13,0.98,6.38,27.0
PIT,2024-11-06,15,5,12,5,18,80.0,80.0,72.22,10.8,13.2,3.38,11.6,2.06,0.36,5.28,14.78
PIT,2024-11-06,16,13,9,16,15,68.75,68.75,60.0,31.06,11.88,1.71,32.25,2.93,2.8,5.2,13.8
PIT,2024-11-06,17,12,8,13,11,92.31,92.31,81.82,1.54,11.69,1.75,1.77,0.36,0.79,1.82,12.36
PIT,2024-11-06,18,8,12,8,12,87.5,87.5,75.0,4.13,12.0,2.07,4.38,1.33,1.2,1.58,8.5
PIT,2024-11-06,19,7,3,8,8,100.0,87.5,50.0,0.0,18.25,8.73,5.75,3.5,1.25,9.0,26.38
PIT,2024-11-06,20,2,7,3,9,66.67,66.67,88.89,36.67,18.67,8.47,45.0,1.22,0.44,2.78,1.78
PIT,2024-11-06,21,1,9,3,10,100.0,100.0,80.0,0.0,13.0,3.13,0.67,1.6,0.6,0.0,6.8
PIT,2024-11-06,22,0,15,3,15,100.0,100.0,93.33,0.0,21.33,10.9,0.0,0.53,0.83,2.53,5.47
PIT,2024-11-06,23,0,5,0,7,0.0,0.0,57.14,0.0,0.0,0.0,0.0,3.0,0.97,6.71,95.14
PIT,2024-11-07,0,0,4,0,4,0.0,0.0,75.0,0.0,0.0,0.0,0.0,1.5,0.25,0.5,11.75
PIT,2024-11-07,1,0,2,1,0,0.0,0.0,0.0,68.0,11.0,0.4,68.0,0.0,0.0,0.0,0.0
PIT,2024-11-07,2,0,0,0,1,0.0,0.0,100.0,0.0,0.0,0.0,0.0,0.0,0.5,5.0,0.0
PIT,2024-11-07,4,0,0,1,1,0.0,0.0,100.0,29.0,11.0,0.4,29.0,0.0,1.5,0.0,0.0
PIT,2024-11-07,5,6,0,7,3,85.71,85.71,100.0,6.29,11.29,1.41,6.57,0.0,1.0,0.33,3.67
PIT,2024-11-07,6,18,1,20,0,95.0,95.0,0.0,2.75,12.2,1.73,3.3,0.0,0.0,0.0,0.0
PIT,2024-11-07,7,11,2,14,2,85.71,85.71,50.0,6.64,10.57,0.62,6.93,2.5,0.5,3.5,10.5
PIT,2024-11-07,8,9,1,12,1,75.0,75.0,100.0,14.33,12.67,2.68,15.58,2.0,0.5,19.0,4.0
PIT,2024-11-07,9,4,10,6,11,83.33,83.33,100.0,11.33,10.83,0.87,11.5,1.91,0.91,3.64,1.91
PIT,2024-11-07,10,10,9,12,10,91.67,91.67,70.0,3.67,12.17,1.92,4.08,2.2,1.67,3.0,20.4
PIT,2024-11-07,11,6,6,9,7,77.78,77.78,100.0,19.44,10.67,0.48,19.78,4.86,1.07,3.86,3.0
PIT,2024-11-07,12,8,5,10,6,80.0,60.0,100.0,7.9,18.9,9.35,15.0,0.5,2.28,0.17,0.0
PIT,2024-11-07,13,6,10,6,12,83.33,66.67,75.0,6.33,14.67,4.95,9.83,1.42,1.47,5.42,6.67
PIT,2024-11-07,14,6,7,8,8,87.5,87.5,62.5,6.88,14.63,5.43,12.0,0.13,1.35,4.88,31.0
PIT,2024-11-07,15,7,12,9,16,66.67,66.67,87.5,12.89,17.0,6.97,17.0,0.94,0.5,2.44,4.44
PIT,2024-11-07,16,11,8,11,9,63.64,63.64,44.44,14.18,12.36,1.77,15.36,2.11,1.44,0.67,21.56
PIT,2024-11-07,17,12,8,13,9,53.85,61.54,88.89,20.0,14.77,5.05,24.54,0.44,1.52,0.33,6.33
PIT,2024-11-07,18,10,13,10,17,70.0,60.0,82.35,33.4,11.4,1.94,34.9,1.88,2.61,2.41,13.82
PIT,2024-11-07,19,9,3,9,5,100.0,55.56,40.0,1.22,26.33,16.1,14.44,0.8,2.0,5.8,27.4
PIT,2024-11-07,20,4,9,3,11,66.67,100.0,81.82,5.33,9.0,0.47,4.67,0.45,0.71,2.09,10.45
PIT,2024-11-07,21,1,8,5,10,100.0,100.0,60.0,2.2,10.6,0.92,1.8,1.2,1.48,0.8,27.3
PIT,2024-11-07,22,1,15,4,16,75.0,75.0,75.0,5.25,11.5,1.45,6.5,1.25,0.48,0.0,34.44
PIT,2024-11-07,23,0,6,0,6,0.0,0.0,66.67,0.0,0.0,0.0,0.0,1.0,1.33,0.5,21.0
PIT,2024-11-08,0,0,3,0,5,0.0,0.0,60.0,0.0,0.0,0.0,0.0,0.6,1.0,3.2,20.8
PIT,2024-11-08,1,0,2,1,3,100.0,100.0,100.0,0.0,12.0,1.4,1.0,0.0,0.83,0.67,1.33
PIT,2024-11-08,3,0,0,1,0,100.0,100.0,0.0,0.0,10.0,0.0,0.0,0.0,0.0,0.0,0.0
PIT,2024-11-08,4,0,0,0,1,0.0,0.0,100.0,0.0,0.0,0.0,0.0,0.0,0.5,0.0,0.0
PIT,2024-11-08,5,5,0,6,3,83.33,83.33,100.0,7.0,12.67,2.97,8.5,0.0,2.83,1.33,3.33
PIT,2024-11-08,6,19,1,20,1,95.0,85.0,0.0,1.7,13.8,3.38,3.65,0.0,0.5,2.0,37.0
PIT,2024-11-08,7,11,2,15,2,93.33,80.0,50.0,3.6,17.0,7.11,9.6,1.5,0.5,0.0,10.5
PIT,2024-11-08,8,8,2,9,3,100.0,88.89,33.33,0.44,15.67,5.36,3.67,2.67,0.83,10.67,22.0
PIT,2024-11-08,9,4,9,6,9,66.67,66.67,88.89,11.83,12.83,2.23,12.83,1.89,0.33,5.11,7.11
PIT,2024-11-08,10,10,9,10,9,100.0,100.0,88.89,0.0,11.9,1.78,0.0,2.67,0.91,1.89,3.44
PIT,2024-11-08,11,6,7,7,9,85.71,71.43,100.0,4.57,11.43,1.43,5.0,2.78,0.22,2.0,0.0
PIT,2024-11-08,12,7,6,10,9,100.0,100.0,77.78,3.0,11.3,1.76,4.2,0.56,1.13,8.11,5.89
PIT,2024-11-08,13,8,9,11,10,72.73,72.73,80.0,10.09,10.91,1.09,10.18,2.2,0.69,5.6,12.3
PIT,2024-11-08,14,5,6,7,7,85.71,71.43,71.43,11.0,16.43,6.44,16.71,1.57,1.07,17.71,65.29
PIT,2024-11-08,15,6,9,5,10,100.0,80.0,70.0,1.8,17.8,7.74,5.8,2.4,0.82,4.2,10.8
PIT,2024-11-08,16,8,9,9,17,44.44,44.44,70.59,21.22,13.44,2.8,23.78,1.59,0.74,4.24,11.94
PIT,2024-11-08,17,13,9,18,14,72.22,72.22,92.86,13.33,12.39,2.25,14.17,1.5,2.16,1.36,3.86
PIT,2024-11-08,18,11,12,14,13,71.43,71.43,76.92,18.0,12.29,2.39,19.71,0.54,1.08,0.92,11.38
PIT,2024-11-08,19,7,3,7,6,100.0,85.71,33.33,0.0,16.14,6.0,3.43,0.83,1.33,4.0,38.0
PIT,2024-11-08,20,4,10,4,10,75.0,75.0,80.0,25.75,10.75,0.75,26.0,1.5,0.68,3.7,9.0
PIT,2024-11-08,21,4,6,7,7,42.86,42.86,85.71,42.57,11.57,1.94,44.14,1.0,1.36,2.14,8.57
PIT,2024-11-08,22,0,15,0,15,0.0,0.0,73.33,0.0,0.0,0.0,0.0,0.73,0.39,1.93,20.6
PIT,2024-11-08,23,0,7,2,8,100.0,100.0,50.0,0.0,11.5,1.2,1.0,1.5,0.5,3.25,25.5
PIT,2024-11-09,0,0,3,0,4,0.0,0.0,50.0,0.0,0.0,0.0,0.0,1.5,1.05,16.25,31.0
PIT,2024-11-09,1,0,0,0,2,0.0,0.0,50.0,0.0,0.0,0.0,0.0,0.0,0.75,0.0,65.5
PIT,2024-11-09,2,0,0,0,1,0.0,0.0,100.0,0.0,0.0,0.0,0.0,0.0,0.5,0.0,0.0
PIT,2024-11-09,3,0,0,1,0,100.0,100.0,0.0,0.0,10.0,0.0,0.0,0.0,0.0,0.0,0.0
PIT,2024-11-09,5,2,0,3,1,66.67,66.67,100.0,14.33,10.33,0.53,14.67,0.0,3.5,0.0,4.0
PIT,2024-11-09,6,16,1,16,2,93.75,93.75,0.0,8.44,13.81,3.83,10.88,0.0,3.0,0.5,51.0
PIT,2024-11-09,7,10,1,13,2,92.31,92.31,100.0,1.92,13.23,2.74,3.69,1.0,0.5,0.0,0.0
PIT,2024-11-09,8,10,1,11,0,90.91,81.82,0.0,4.73,14.27,4.11,7.0,0.0,0.0,0.0,0.0
PIT,2024-11-09,9,3,5,5,6,80.0,80.0,83.33,3.4,9.8,0.56,3.8,3.33,1.08,2.0,5.33
PIT,2024-11-09,10,8,5,9,6,77.78,77.78,83.33,11.0,11.0,1.27,11.0,2.5,0.82,0.0,12.83
PIT,2024-11-09,11,4,6,4,9,100.0,100.0,66.67,0.0,10.5,0.65,0.0,2.89,0.36,3.11,17.78
PIT,2024-11-09,12,4,5,7,7,57.14,57.14,85.71,8.43,12.71,2.91,10.57,0.29,1.36,1.0,7.86
PIT,2024-11-09,13,6,7,6,8,100.0,100.0,87.5,0.83,9.5,0.7,0.17,2.5,1.84,0.88,5.25
PIT,2024-11-09,14,4,6,7,9,71.43,71.43,66.67,11.86,12.29,2.04,12.29,2.78,0.98,5.22,13.33
PIT,2024-11-09,15,8,8,11,13,90.91,90.91,76.92,2.36,13.18,3.07,3.27,1.54,1.02,3.31,6.46
PIT,2024-11-09,16,10,7,11,8,100.0,90.91,87.5,1.0,11.09,1.06,1.36,2.13,1.26,1.38,5.75
PIT,2024-11-09,17,6,7,7,10,85.71,85.71,90.0,6.57,11.14,1.94,6.71,0.4,1.1,1.3,2.7
PIT,2024-11-09,18,6,9,7,9,100.0,100.0,100.0,0.0,13.71,3.71,1.29,2.11,2.63,0.0,0.56
PIT,2024-11-09,19,2,6,4,7,75.0,75.0,85.71,14.5,12.25,2.05,15.5,0.86,0.21,0.29,3.57
PIT,2024-11-09,20,2,7,2,8,100.0,100.0,87.5,0.0,16.5,6.2,3.0,0.88,1.01,0.0,4.88
PIT,2024-11-09,21,0,7,0,10,0.0,0.0,90.0,0.0,0.0,0.0,0.0,0.5,0.6,0.1,3.6
PIT,2024-11-09,22,0,8,0,8,0.0,0.0,75.0,0.0,0.0,0.0,0.0,0.0,1.2,0.0,16.5
PIT,2024-11-09,23,0,2,2,4,0.0,0.0,100.0,40.0,10.5,0.7,39.5,3.5,1.63,5.75,0.0
PIT,2024-11-10,0,0,4,1,4,100.0,100.0,100.0,0.0,10.0,0.0,0.0,0.25,0.5,0.0,2.25
PIT,2024-11-10,1,0,2,2,1,0.0,0.0,100.0,35.5,11.0,0.4,35.5,0.0,0.5,3.0,0.0
PIT,2024-11-10,2,0,0,1,0,100.0,100.0,0.0,0.0,10.0,0.0,0.0,0.0,0.0,0.0,0.0
PIT,2024-11-10,3,0,0,1,0,100.0,100.0,0.0,0.0,10.0,0.0,0.0,0.0,0.0,0.0,0.0
PIT,2024-11-10,5,5,0,5,0,80.0,80.0,0.0,14.6,10.6,1.0,15.2,0.0,0.0,0.0,0.0
PIT,2024-11-10,6,18,0,18,0,100.0,100.0,0.0,0.28,12.78,2.36,0.67,0.0,0.0,0.0,0.0
PIT,2024-11-10,7,10,1,13,1,84.62,76.92,100.0,5.69,14.08,4.26,8.15,4.0,0.5,6.0,12.0
PIT,2024-11-10,8,7,0,8,1,75.0,75.0,100.0,6.75,13.13,3.1,9.0,6.0,0.5,0.0,0.0
PIT,2024-11-10,9,5,10,8,11,62.5,62.5,81.82,15.75,12.25,1.8,16.5,1.64,0.98,1.0,5.09
PIT,2024-11-10,10,11,8,11,9,100.0,100.0,88.89,1.09,12.09,2.09,1.64,0.78,3.3,1.11,2.67
PIT,2024-11-10,11,6,5,8,6,87.5,87.5,83.33,10.88,11.0,1.02,11.63,2.83,0.08,2.67,7.67
PIT,2024-11-10,12,7,8,7,8,100.0,100.0,87.5,0.29,11.29,1.63,0.29,2.5,0.5,0.88,12.0
PIT,2024-11-10,13,7,10,9,11,88.89,88.89,90.91,10.78,13.0,2.93,11.78,2.09,2.88,3.0,5.45
PIT,2024-11-10,14,6,6,6,9,83.33,83.33,66.67,2.67,11.83,1.72,3.17,0.78,1.42,1.67,12.67
PIT,2024-11-10,15,8,12,9,14,88.89,88.89,85.71,3.56,13.56,3.5,6.56,2.57,1.43,2.71,10.43
PIT,2024-11-10,16,9,7,10,10,100.0,100.0,90.0,3.0,12.2,1.82,3.8,2.0,3.38,1.6,9.7
PIT,2024-11-10,17,11,9,11,10,100.0,100.0,90.0,0.55,13.36,3.25,1.36,3.0,3.22,4.3,5.0
PIT,2024-11-10,18,10,12,11,15,90.91,90.91,60.0,3.45,14.18,4.49,6.09,1.87,2.83,2.67,20.67
PIT,2024-11-10,19,10,3,11,4,72.73,54.55,75.0,20.55,17.55,7.35,26.55,2.0,2.0,1.25,13.25
PIT,2024-11-10,20,4,12,4,13,100.0,75.0,92.31,2.5,15.25,5.1,6.75,2.15,1.04,1.77,7.69
PIT,2024-11-10,21,3,8,3,9,33.33,33.33,77.78,40.67,12.67,3.57,43.0,2.22,2.78,3.67,7.22
PIT,2024-11-10,22,1,15,1,15,0.0,0.0,80.0,17.0,16.0,5.4,22.0,2.33,1.24,0.0,9.0
PIT,2024-11-10,23,0,6,1,6,0.0,0.0,66.67,57.0,11.0,0.4,57.0,4.33,0.75,0.0,6.83
PIT,2024-11-11,0,0,4,0,4,0.0,0.0,75.0,0.0,0.0,0.0,0.0,1.0,1.2,0.75,10.0
PIT,2024-11-11,1,0,2,0,2,0.0,0.0,100.0,0.0,0.0,0.0,0.0,1.5,1.25,0.0,0.0
PIT,2024-11-11,2,0,0,0,1,0.0,0.0,100.0,0.0,0.0,0.0,0.0,0.0,0.5,0.0,0.0
PIT,2024-11-11,3,0,0,1,0,100.0,100.0,0.0,0.0,10.0,0.0,0.0,0.0,0.0,0.0,0.0
PIT,2024-11-11,5,6,0,6,0,100.0,100.0,0.0,1.0,10.17,0.68,1.0,0.0,0.0,0.0,0.0
PIT,2024-11-11,6,18,1,20,1,95.0,95.0,0.0,1.5,12.9,2.51,2.5,0.0,0.5,6.0,35.0
PIT,2024-11-11,7,12,2,16,2,87.5,87.5,100.0,3.81,10.31,0.36,3.81,2.0,1.5,2.0,0.0
PIT,2024-11-11,8,7,2,7,2,85.71,85.71,100.0,4.14,13.86,3.6,6.71,5.5,1.0,18.0,10.5
PIT,2024-11-11,9,4,10,5,13,80.0,80.0,92.31,10.0,13.8,3.44,13.0,2.92,0.75,1.0,1.92
PIT,2024-11-11,10,10,11,13,12,76.92,76.92,83.33,6.54,11.92,1.85,6.38,2.5,3.11,2.08,3.0
PIT,2024-11-11,11,9,6,10,7,80.0,80.0,100.0,8.8,10.2,0.63,7.9,4.43,0.5,1.71,1.57
PIT,2024-11-11,12,7,5,6,9,100.0,100.0,88.89,0.0,12.83,3.43,0.5,2.33,0.83,3.0,4.0
PIT,2024-11-11,13,7,9,9,10,77.78,77.78,70.0,5.11,11.56,1.83,6.11,1.5,0.57,1.0,21.2
PIT,2024-11-11,14,5,6,7,7,85.71,85.71,71.43,5.71,11.71,2.19,6.86,1.43,1.21,1.29,12.43
PIT,2024-11-11,15,6,9,8,9,100.0,87.5,88.89,1.0,14.88,4.71,3.63,1.22,0.67,2.67,3.67
PIT,2024-11-11,16,10,11,12,14,100.0,100.0,85.71,0.17,12.92,2.75,2.17,2.29,1.54,2.93,3.71
PIT,2024-11-11,17,12,7,12,10,100.0,91.67,60.0,0.0,14.58,4.24,2.08,1.6,0.82,2.1,23.2
PIT,2024-11-11,18,10,15,11,15,90.91,90.91,93.33,3.36,10.27,1.29,3.45,1.6,0.96,0.6,1.4
PIT,2024-11-11,19,10,3,11,6,100.0,81.82,50.0,0.64,16.82,6.35,4.36,3.83,2.33,8.17,18.5
PIT,2024-11-11,20,4,11,4,12,75.0,75.0,83.33,7.75,9.75,0.1,7.5,1.67,1.88,3.83,11.08
PIT,2024-11-11,21,4,7,7,8,71.43,71.43,75.0,7.71,12.0,2.21,9.0,2.13,1.54,2.63,43.75
PIT,2024-11-11,22,0,12,2,13,100.0,100.0,76.92,0.0,11.0,0.7,0.0,1.54,0.35,1.15,19.23
PIT,2024-11-11,23,0,8,1,8,100.0,100.0,87.5,0.0,11.0,0.4,0.0,1.5,1.69,3.0,3.25
PIT,2024-11-12,0,0,2,0,4,0.0,0.0,100.0,0.0,0.0,0.0,0.0,0.5,1.45,3.25,3.0
PIT,2024-11-12,1,0,0,0,3,0.0,0.0,100.0,0.0,0.0,0.0,0.0,0.0,3.0,0.0,0.0
PIT,2024-11-12,2,0,0,0,0,0.0,0.0,0.0,0.0,0.0,0.0,0.0,0.0,0.0,0.0,0.0
PIT,2024-11-12,3,0,0,1,0,100.0,100.0,0.0,0.0,10.0,0.0,0.0,0.0,0.0,0.0,0.0
PIT,2024-11-12,4,0,0,0,1,0.0,0.0,100.0,0.0,0.0,0.0,0.0,0.0,2.5,0.0,0.0
PIT,2024-11-12,5,1,0,3,3,33.33,33.33,66.67,18.67,10.33,0.47,18.67,0.67,2.17,4.0,7.0
PIT,2024-11-12,6,19,1,22,1,86.36,86.36,100.0,5.55,12.18,2.05,6.41,0.0,2.5,2.0,0.0
PIT,2024-11-12,7,12,1,16,2,75.0,75.0,100.0,7.19,12.44,2.22,8.13,0.0,0.25,0.0,0.0
PIT,2024-11-12,8,9,1,10,1,100.0,100.0,100.0,0.1,12.0,2.44,0.4,0.0,0.5,6.0,0.0
PIT,2024-11-12,9,3,8,3,8,66.67,66.67,87.5,29.67,12.67,2.07,30.33,3.0,1.19,1.88,14.0
PIT,2024-11-12,10,9,8,9,8,100.0,88.89,100.0,1.11,17.0,6.42,5.0,0.88,4.4,3.13,2.25
PIT,2024-11-12,11,6,4,8,4,100.0,100.0,100.0,0.13,14.38,4.21,2.63,2.75,0.88,0.5,0.0
PIT,2024-11-12,12,5,6,5,8,100.0,100.0,87.5,0.8,11.4,1.6,1.4,0.88,1.81,0.38,2.13
PIT,2024-11-12,13,7,8,8,10,87.5,87.5,80.0,4.75,10.5,0.76,4.63,1.5,1.39,2.2,6.4
PIT,2024-11-12,14,6,7,9,9,88.89,88.89,77.78,8.78,12.0,1.96,9.22,1.44,0.61,1.56,20.22
PIT,2024-11-12,15,5,10,6,13,100.0,100.0,100.0,0.5,15.33,4.97,2.67,0.77,0.58,0.38,0.0
PIT,2024-11-12,16,12,9,14,11,78.57,78.57,81.82,9.43,11.86,1.78,10.29,3.27,4.12,1.64,14.73
PIT,2024-11-12,17,11,6,11,7,90.91,90.91,100.0,2.45,12.45,2.69,2.73,2.71,0.71,1.86,2.29
PIT,2024-11-12,18,7,12,7,15,100.0,100.0,80.0,2.29,13.43,3.34,3.14,3.87,0.98,2.2,13.53
PIT,2024-11-12,19,6,2,6,6,83.33,66.67,33.33,8.0,16.5,6.77,12.0,1.5,0.58,6.5,19.17
PIT,2024-11-12,20,1,7,2,7,100.0,100.0,85.71,0.0,10.0,0.0,0.0,1.86,0.59,0.0,7.86
PIT,2024-11-12,21,0,9,3,10,66.67,66.67,90.0,9.33,11.33,1.8,10.0,2.4,0.8,0.6,2.0
PIT,2024-11-12,22,0,11,1,11,100.0,100.0,90.91,0.0,14.0,3.4,0.0,1.18,1.4,1.64,3.45
PIT,2024-11-12,23,0,7,0,7,0.0,0.0,57.14,0.0,0.0,0.0,0.0,2.86,0.54,2.57,11.86
PIT,2024-11-13,0,0,2,0,2,0.0,0.0,100.0,0.0,0.0,0.0,0.0,1.0,2.75,0.0,7.0
PIT,2024-11-13,1,0,0,0,0,0.0,0.0,0.0,0.0,0.0,0.0,0.0,0.0,0.0,0.0,0.0
PIT,2024-11-13,2,0,0,0,1,0.0,0.0,100.0,0.0,0.0,0.0,0.0,0.0,0.5,0.0,0.0
PIT,2024-11-13,3,0,0,1,0,100.0,100.0,0.0,0.0,10.0,0.0,0.0,0.0,0.0,0.0,0.0
PIT,2024-11-13,4,0,0,0,1,0.0,0.0,100.0,0.0,0.0,0.0,0.0,0.0,4.5,2.0,0.0
PIT,2024-11-13,5,2,0,4,3,50.0,50.0,66.67,24.25,17.5,7.3,29.0,0.0,0.17,1.0,16.0
PIT,2024-11-13,6,19,1,20,1,95.0,80.0,100.0,2.15,20.9,10.74,8.35,0.0,0.5,0.0,0.0
PIT,2024-11-13,7,12,1,15,2,86.67,73.33,50.0,3.93,19.07,8.8,10.2,8.0,0.5,9.0,24.5
PIT,2024-11-13,8,9,1,12,2,75.0,75.0,50.0,7.75,14.0,3.99,9.75,1.5,0.5,9.5,22.0
PIT,2024-11-13,9,3,8,5,9,80.0,80.0,88.89,8.0,14.4,3.8,10.4,2.11,0.72,1.22,2.11
PIT,2024-11-13,10,10,8,12,8,100.0,100.0,100.0,0.0,11.17,1.22,0.0,2.25,2.49,0.13,0.38
PIT,2024-11-13,11,5,5,6,6,83.33,83.33,83.33,5.5,11.83,1.97,6.5,3.83,0.75,1.83,5.5
PIT,2024-11-13,12,5,5,7,7,71.43,57.14,85.71,11.29,15.86,5.69,14.14,4.14,0.64,6.43,9.86
PIT,2024-11-13,13,7,8,7,9,85.71,85.71,88.89,70.0,13.29,3.61,71.43,1.89,2.47,13.67,10.89
PIT,2024-11-13,14,6,7,9,9,100.0,77.78,88.89,1.33,13.56,3.96,3.89,4.44,0.76,2.56,19.78
PIT,2024-11-13,15,5,10,7,12,100.0,85.71,75.0,2.71,16.57,6.27,7.14,2.33,0.96,3.58,12.08
PIT,2024-11-13,16,13,10,14,11,71.43,71.43,81.82,10.5,12.86,2.76,12.0,1.27,3.8,1.09,13.18
PIT,2024-11-13,17,11,7,14,9,92.86,85.71,100.0,2.79,14.14,4.21,5.5,1.56,1.24,1.0,1.56
PIT,2024-11-13,18,7,12,9,14,66.67,66.67,85.71,14.22,14.11,3.91,16.89,2.86,1.66,3.29,12.0
PIT,2024-11-13,19,6,2,6,7,100.0,100.0,57.14,0.67,12.0,2.0,1.33,2.29,1.86,6.0,17.0
PIT,2024-11-13,20,1,8,2,8,100.0,100.0,75.0,0.0,10.0,0.0,0.0,0.88,2.16,2.75,5.88
PIT,2024-11-13,21,1,9,4,9,75.0,75.0,88.89,6.0,11.5,1.05,6.5,1.0,1.0,2.78,2.89
PIT,2024-11-13,22,0,11,1,13,100.0,100.0,92.31,0.0,11.0,0.4,0.0,0.62,0.92,1.62,3.92
PIT,2024-11-13,23,0,7,1,7,100.0,100.0,71.43,0.0,11.0,0.4,0.0,1.0,0.4,1.71,8.86
PIT,2024-11-14,0,0,4,0,2,0.0,0.0,100.0,0.0,0.0,0.0,0.0,1.0,0.0,0.0,0.0
PIT,2024-11-14,1,0,2,0,1,0.0,0.0,100.0,0.0,0.0,0.0,0.0,0.0,0.5,0.0,0.0
PIT,2024-11-14,2,0,0,0,1,0.0,0.0,100.0,0.0,0.0,0.0,0.0,0.0,0.2,0.0,0.0
PIT,2024-11-14,3,0,0,1,0,100.0,100.0,0.0,0.0,10.0,0.0,0.0,0.0,0.0,0.0,0.0
PIT,2024-11-14,4,0,0,0,1,0.0,0.0,100.0,0.0,0.0,0.0,0.0,0.0,0.0,0.0,0.0
PIT,2024-11-14,5,6,0,7,3,71.43,71.43,66.67,9.86,10.14,0.63,9.86,0.0,0.17,0.0,7.33
PIT,2024-11-14,6,18,1,20,0,95.0,95.0,0.0,2.35,13.15,3.09,3.45,0.0,0.0,0.0,0.0
PIT,2024-11-14,7,12,2,14,1,85.71,85.71,100.0,3.36,11.79,2.09,4.29,17.0,0.5,15.0,9.0
PIT,2024-11-14,8,8,1,10,1,90.0,80.0,0.0,2.6,16.7,6.38,7.6,5.0,0.5,24.0,19.0
PIT,2024-11-14,9,4,10,6,10,66.67,66.67,100.0,8.83,13.67,3.33,11.0,3.5,0.78,3.3,2.2
PIT,2024-11-14,10,11,9,11,11,100.0,100.0,81.82,0.36,13.45,3.3,1.64,3.45,1.65,2.18,5.64
PIT,2024-11-14,11,6,7,7,7,71.43,71.43,100.0,7.71,10.43,0.66,7.57,5.14,1.39,0.71,2.0
PIT,2024-11-14,12,8,4,9,7,77.78,77.78,57.14,15.44,10.33,0.83,15.11,3.14,0.36,5.29,46.0
PIT,2024-11-14,13,6,10,8,13,75.0,87.5,100.0,22.0,12.75,3.08,24.5,3.0,2.94,0.69,1.23
PIT,2024-11-14,14,6,8,8,9,75.0,62.5,66.67,8.63,16.5,6.31,13.13,3.78,2.2,5.44,8.22
PIT,2024-11-14,15,8,10,12,13,75.0,66.67,69.23,7.25,14.17,4.0,9.92,3.62,0.81,4.69,18.54
PIT,2024-11-14,16,11,9,13,9,76.92,84.62,88.89,15.31,12.15,2.13,16.0,3.33,2.48,0.89,1.89
PIT,2024-11-14,17,11,7,13,8,84.62,76.92,100.0,7.46,14.77,4.6,10.46,1.63,0.84,2.63,3.13
PIT,2024-11-14,18,10,16,10,19,50.0,40.0,68.42,29.6,14.3,4.66,33.7,3.74,1.68,3.32,24.32
PIT,2024-11-14,19,11,4,11,8,90.91,90.91,62.5,2.91,15.09,4.77,5.64,2.5,1.9,5.38,21.88
PIT,2024-11-14,20,4,10,5,11,40.0,40.0,72.73,37.8,13.0,3.2,40.6,2.09,0.65,5.09,7.64
PIT,2024-11-14,21,1,7,4,7,100.0,100.0,71.43,2.0,12.25,2.25,4.0,2.43,1.61,9.71,29.29
PIT,2024-11-14,22,0,12,3,14,66.67,66.67,85.71,5.67,15.67,4.87,7.67,2.79,1.1,2.21,7.64
PIT,2024-11-14,23,0,8,0,9,0.0,0.0,77.78,0.0,0.0,0.0,0.0,5.0,0.78,3.22,14.11
PIT,2024-11-15,0,0,4,0,4,0.0,0.0,75.0,0.0,0.0,0.0,0.0,0.0,0.7,0.0,9.25
PIT,2024-11-15,1,0,2,0,2,0.0,0.0,100.0,0.0,0.0,0.0,0.0,0.0,1.25,0.0,0.0
PIT,2024-11-15,2,0,0,0,1,0.0,0.0,100.0,0.0,0.0,0.0,0.0,3.0,1.5,4.0,0.0
PIT,2024-11-15,3,0,0,1,0,100.0,100.0,0.0,0.0,10.0,0.0,0.0,0.0,0.0,0.0,0.0
PIT,2024-11-15,4,0,0,0,1,0.0,0.0,100.0,0.0,0.0,0.0,0.0,0.0,0.0,0.0,0.0
PIT,2024-11-15,5,6,0,7,3,85.71,85.71,33.33,11.86,13.43,3.47,13.29,1.67,3.33,5.33,29.0
PIT,2024-11-15,6,18,1,20,1,80.0,80.0,0.0,10.4,12.0,1.83,11.25,4.0,1.5,11.0,42.0
PIT,2024-11-15,7,12,2,14,2,85.71,85.71,100.0,6.36,12.36,2.22,7.64,2.5,2.0,5.0,6.5
PIT,2024-11-15,8,8,3,9,3,88.89,88.89,66.67,19.22,16.0,5.36,21.44,4.0,0.83,9.67,67.33
PIT,2024-11-15,9,5,10,5,11,60.0,40.0,63.64,9.2,14.2,3.72,11.2,7.18,1.71,8.36,21.82
PIT,2024-11-15,10,10,10,12,11,75.0,75.0,54.55,24.17,14.17,4.03,25.33,53.55,2.63,51.64,54.27
PIT,2024-11-15,11,7,6,7,6,57.14,57.14,83.33,55.29,12.14,1.9,56.57,4.67,1.28,2.5,4.5
PIT,2024-11-15,12,7,5,7,12,100.0,100.0,58.33,0.86,10.57,1.17,1.57,3.33,2.97,6.67,20.33
PIT,2024-11-15,13,7,10,9,14,77.78,77.78,71.43,7.22,11.44,1.67,8.0,2.29,2.14,4.29,7.14
PIT,2024-11-15,14,6,6,12,8,58.33,58.33,50.0,17.08,14.83,4.52,20.75,2.13,1.41,2.75,79.75
PIT,2024-11-15,15,6,9,8,13,62.5,37.5,76.92,34.75,19.13,9.06,41.88,1.08,1.17,5.15,7.31
PIT,2024-11-15,16,10,10,10,13,60.0,60.0,84.62,13.5,13.5,2.96,15.2,4.15,0.55,1.85,6.69
PIT,2024-11-15,17,12,6,13,9,76.92,84.62,77.78,15.54,11.54,1.75,16.08,2.11,1.28,5.33,8.33
PIT,2024-11-15,18,9,14,10,14,80.0,60.0,78.57,6.2,14.0,4.12,10.0,2.29,1.98,3.07,8.29
PIT,2024-11-15,19,9,3,9,5,88.89,77.78,40.0,2.89,17.0,6.63,5.89,0.8,1.1,3.2,24.2
PIT,2024-11-15,20,4,12,4,11,50.0,50.0,81.82,20.0,10.75,1.4,20.5,0.18,0.98,7.0,9.0
PIT,2024-11-15,21,4,7,6,7,83.33,83.33,71.43,6.67,12.0,2.87,8.33,1.86,2.04,0.43,130.57
PIT,2024-11-15,22,0,13,0,13,0.0,0.0,92.31,0.0,0.0,0.0,0.0,1.0,0.48,1.15,6.46
PIT,2024-11-15,23,0,7,0,8,0.0,0.0,100.0,0.0,0.0,0.0,0.0,2.0,0.38,0.0,3.0
PIT,2024-11-16,0,0,3,0,4,0.0,0.0,100.0,0.0,0.0,0.0,0.0,1.0,0.63,0.0,0.0
PIT,2024-11-16,1,0,0,0,2,0.0,0.0,100.0,0.0,0.0,0.0,0.0,0.0,2.0,5.5,3.0
PIT,2024-11-16,2,0,0,0,1,0.0,0.0,100.0,0.0,0.0,0.0,0.0,0.0,0.5,0.0,0.0
PIT,2024-11-16,3,0,0,1,0,100.0,100.0,0.0,0.0,10.0,0.0,0.0,0.0,0.0,0.0,0.0
PIT,2024-11-16,5,2,0,2,1,100.0,100.0,100.0,0.0,11.5,2.1,0.5,0.0,1.5,0.0,0.0
PIT,2024-11-16,6,15,1,16,2,100.0,93.75,50.0,0.19,12.94,3.44,1.94,0.0,2.0,1.5,39.5
PIT,2024-11-16,7,12,1,15,3,80.0,80.0,100.0,11.93,12.53,2.41,13.93,1.67,5.77,7.33,1.0
PIT,2024-11-16,8,9,1,10,1,80.0,80.0,0.0,15.8,10.5,0.53,15.6,9.0,0.5,13.0,111.0
PIT,2024-11-16,9,3,5,3,7,100.0,100.0,85.71,0.0,9.67,0.8,0.0,3.14,0.86,1.71,7.57
PIT,2024-11-16,10,8,7,8,11,100.0,100.0,81.82,0.0,11.75,1.76,0.0,5.73,0.92,5.73,25.27
PIT,2024-11-16,11,6,6,8,7,87.5,87.5,85.71,3.38,11.5,1.36,3.88,1.86,0.07,0.71,3.0
PIT,2024-11-16,12,2,3,6,5,66.67,83.33,80.0,10.0,14.33,4.53,14.0,1.4,1.7,2.4,7.0
PIT,2024-11-16,13,6,6,9,7,88.89,88.89,100.0,4.33,10.67,1.6,5.0,1.71,1.1,0.29,0.0
PIT,2024-11-16,14,4,6,5,6,80.0,80.0,100.0,6.0,12.4,2.56,5.8,0.83,0.67,0.0,0.0
PIT,2024-11-16,15,7,9,7,12,100.0,100.0,75.0,3.0,11.29,1.7,3.0,3.0,1.77,2.25,11.5
PIT,2024-11-16,16,10,7,12,7,91.67,91.67,100.0,6.33,11.92,2.12,7.42,1.43,0.59,1.14,0.14
PIT,2024-11-16,17,8,7,11,10,81.82,72.73,90.0,17.45,12.91,3.23,19.0,2.2,2.35,1.3,5.1
PIT,2024-11-16,18,6,8,6,8,83.33,83.33,75.0,9.0,10.17,0.7,8.5,1.88,2.05,0.0,13.0
PIT,2024-11-16,19,2,5,3,5,100.0,100.0,60.0,0.0,13.0,2.6,0.0,1.0,0.4,0.0,26.0
PIT,2024-11-16,20,2,7,2,7,50.0,50.0,71.43,42.5,10.5,0.2,42.5,0.71,0.83,0.0,19.0
PIT,2024-11-16,21,0,9,0,11,0.0,0.0,72.73,0.0,0.0,0.0,0.0,1.27,0.7,2.91,11.27
PIT,2024-11-16,22,0,7,2,7,50.0,50.0,85.71,20.0,12.0,1.7,21.5,0.0,2.8,1.29,6.14
PIT,2024-11-16,23,0,5,0,6,0.0,0.0,100.0,0.0,0.0,0.0,0.0,1.17,1.38,0.33,1.67
PIT,2024-11-17,0,0,4,0,4,0.0,0.0,75.0,0.0,0.0,0.0,0.0,1.25,1.75,1.75,14.25
PIT,2024-11-17,1,0,2,0,0,0.0,0.0,0.0,0.0,0.0,0.0,0.0,0.0,0.0,0.0,0.0
PIT,2024-11-17,2,0,0,0,1,0.0,0.0,100.0,0.0,0.0,0.0,0.0,0.0,0.5,0.0,0.0
PIT,2024-11-17,3,0,0,1,0,100.0,100.0,0.0,0.0,10.0,0.0,0.0,0.0,0.0,0.0,0.0
PIT,2024-11-17,4,0,0,0,1,0.0,0.0,0.0,0.0,0.0,0.0,0.0,0.0,1.5,0.0,20.0
PIT,2024-11-17,5,5,0,6,0,100.0,83.33,0.0,1.0,15.83,6.12,6.67,0.0,0.0,0.0,0.0
PIT,2024-11-17,6,18,0,19,0,94.74,63.16,0.0,2.68,21.84,11.38,12.47,0.0,0.0,0.0,0.0
PIT,2024-11-17,7,11,1,12,0,100.0,50.0,0.0,0.5,25.75,15.39,13.67,0.0,0.0,0.0,0.0
PIT,2024-11-17,8,6,0,6,1,100.0,83.33,0.0,0.67,22.67,12.15,9.33,4.0,1.5,9.0,31.0
PIT,2024-11-17,9,5,10,5,13,80.0,80.0,61.54,6.6,15.2,4.6,9.0,2.92,2.08,2.85,20.08
PIT,2024-11-17,10,12,8,14,14,78.57,71.43,71.43,5.71,15.36,4.89,9.29,0.93,4.78,3.29,10.36
PIT,2024-11-17,11,6,6,7,8,71.43,57.14,87.5,12.0,11.0,1.37,12.71,1.5,1.13,0.5,3.0
PIT,2024-11-17,12,7,7,9,9,77.78,77.78,66.67,9.11,13.56,3.69,12.33,2.0,0.83,0.78,14.67
PIT,2024-11-17,13,7,9,9,10,88.89,88.89,80.0,8.44,11.89,2.02,10.0,1.7,2.89,1.0,9.5
PIT,2024-11-17,14,6,7,7,13,100.0,85.71,46.15,0.0,16.71,7.06,5.57,1.23,0.92,2.31,29.62
PIT,2024-11-17,15,8,10,10,13,60.0,60.0,100.0,22.7,13.3,3.31,23.4,1.08,1.44,1.46,1.46
PIT,2024-11-17,16,9,8,13,11,69.23,69.23,81.82,21.92,12.38,2.12,23.0,2.36,2.73,1.09,6.73
PIT,2024-11-17,17,11,8,18,15,77.78,55.56,80.0,9.94,16.67,6.51,15.33,2.47,2.67,4.53,6.27
PIT,2024-11-17,18,10,15,18,17,77.78,77.78,100.0,14.83,14.33,4.24,18.0,1.41,1.74,0.65,1.06
PIT,2024-11-17,19,12,4,14,4,85.71,85.71,75.0,3.86,14.14,3.67,5.5,0.0,0.75,2.25,13.25
PIT,2024-11-17,20,4,12,5,12,80.0,80.0,83.33,22.8,10.8,1.48,23.6,0.25,0.58,0.67,9.75
PIT,2024-11-17,21,3,8,4,9,75.0,75.0,77.78,5.25,13.25,3.48,7.5,0.67,0.72,0.56,7.44
PIT,2024-11-17,22,0,13,0,13,0.0,0.0,84.62,0.0,0.0,0.0,0.0,1.0,0.6,0.0,9.46
PIT,2024-11-17,23,0,7,0,7,0.0,0.0,71.43,0.0,0.0,0.0,0.0,3.14,2.07,1.43,7.0
PIT,2024-11-18,0,0,4,0,4,0.0,0.0,100.0,0.0,0.0,0.0,0.0,0.25,2.55,0.0,0.0
PIT,2024-11-18,1,0,2,0,3,0.0,0.0,66.67,0.0,0.0,0.0,0.0,0.0,0.5,0.0,14.33
PIT,2024-11-18,2,0,0,0,0,0.0,0.0,0.0,0.0,0.0,0.0,0.0,0.0,0.0,0.0,0.0
PIT,2024-11-18,3,0,0,1,0,100.0,100.0,0.0,0.0,10.0,0.0,0.0,0.0,0.0,0.0,0.0
PIT,2024-11-18,5,6,0,6,0,66.67,66.67,0.0,9.67,10.5,1.3,9.33,0.0,0.0,0.0,0.0
PIT,2024-11-18,6,18,1,19,0,94.74,84.21,0.0,3.05,13.84,3.43,5.53,0.0,0.0,0.0,0.0
PIT,2024-11-18,7,12,2,13,3,84.62,76.92,33.33,5.77,13.15,3.18,7.54,0.33,0.5,1.33,22.0
PIT,2024-11-18,8,8,3,12,3,75.0,66.67,66.67,5.92,15.25,4.67,8.42,3.67,0.83,8.0,11.67
PIT,2024-11-18,9,5,10,6,10,66.67,66.67,70.0,16.33,11.0,0.83,16.67,1.6,0.8,0.8,16.5
PIT,2024-11-18,10,10,10,10,11,80.0,70.0,90.91,6.0,12.7,3.34,7.4,11.55,3.12,9.45,9.36
PIT,2024-11-18,11,7,6,7,8,85.71,85.71,75.0,7.86,11.14,1.01,7.86,3.13,0.84,1.13,11.0
PIT,2024-11-18,12,7,4,8,5,87.5,87.5,80.0,11.88,11.25,1.48,12.38,2.2,0.7,0.4,3.2
PIT,2024-11-18,13,7,11,9,11,88.89,88.89,90.91,12.89,12.0,2.32,13.67,1.73,1.79,0.09,4.36
PIT,2024-11-18,14,6,6,7,6,100.0,100.0,66.67,0.43,13.14,3.47,1.43,0.5,2.05,0.0,35.83
PIT,2024-11-18,15,6,9,7,11,71.43,71.43,90.91,12.57,12.71,2.46,13.14,0.91,1.38,3.36,2.45
PIT,2024-11-18,16,10,10,10,13,70.0,70.0,84.62,20.6,12.1,2.04,21.7,2.38,1.96,2.77,11.62
PIT,2024-11-18,17,12,6,14,10,85.71,85.71,70.0,4.86,11.5,1.6,5.57,1.8,4.67,5.8,10.4
PIT,2024-11-18,18,9,16,13,16,84.62,84.62,93.75,7.0,11.69,1.89,8.46,0.81,4.46,1.5,5.44
PIT,2024-11-18,19,11,3,11,7,81.82,81.82,28.57,5.0,14.64,4.51,7.82,1.71,1.07,5.86,41.14
PIT,2024-11-18,20,4,11,4,11,75.0,75.0,72.73,18.5,10.75,0.75,19.0,1.18,1.89,2.36,7.91
PIT,2024-11-18,21,4,8,7,9,71.43,57.14,66.67,11.29,13.71,4.23,12.57,2.0,1.08,5.44,14.44
PIT,2024-11-18,22,0,13,3,14,66.67,66.67,92.86,19.0,10.0,0.27,19.0,0.93,0.36,0.07,9.79
PIT,2024-11-18,23,0,7,1,7,0.0,0.0,100.0,56.0,11.0,0.4,56.0,3.86,1.21,0.0,0.0
PIT,2024-11-19,0,0,2,0,5,0.0,0.0,80.0,0.0,0.0,0.0,0.0,0.4,1.76,4.4,3.2
PIT,2024-11-19,1,0,0,0,3,0.0,0.0,100.0,0.0,0.0,0.0,0.0,1.0,1.33,0.0,4.67
PIT,2024-11-19,3,0,0,1,0,100.0,100.0,0.0,0.0,10.0,0.0,0.0,0.0,0.0,0.0,0.0
PIT,2024-11-19,4,0,0,0,1,0.0,0.0,100.0,0.0,0.0,0.0,0.0,0.0,1.5,0.0,0.0
PIT,2024-11-19,5,1,0,2,3,50.0,50.0,33.33,33.0,10.5,0.2,33.0,0.67,0.33,2.0,19.0
PIT,2024-11-19,6,19,1,20,1,95.0,95.0,100.0,2.85,12.0,1.74,3.5,0.0,0.5,0.0,0.0
PIT,2024-11-19,7,12,1,15,3,80.0,80.0,100.0,7.47,11.8,1.87,8.4,0.33,0.33,1.33,0.0
PIT,2024-11-19,8,9,1,15,2,86.67,86.67,50.0,3.13,10.93,1.71,3.93,7.5,0.5,14.5,33.5
PIT,2024-11-19,9,3,8,4,9,75.0,75.0,100.0,8.0,12.0,2.05,8.25,2.78,1.06,2.0,1.44
PIT,2024-11-19,10,9,8,10,10,80.0,80.0,100.0,8.8,14.2,3.89,11.3,2.1,1.23,1.2,0.4
PIT,2024-11-19,11,6,4,9,5,77.78,77.78,80.0,13.56,11.33,1.58,14.78,1.0,0.7,0.0,10.2
PIT,2024-11-19,12,5,6,6,7,83.33,83.33,100.0,6.17,11.0,1.17,6.5,2.86,0.93,2.14,1.43
PIT,2024-11-19,13,7,8,7,8,100.0,100.0,100.0,1.0,15.0,5.01,2.0,2.0,0.96,1.0,0.25
PIT,2024-11-19,14,6,7,8,11,100.0,87.5,63.64,0.0,14.63,4.46,2.88,1.64,2.53,3.73,37.09
PIT,2024-11-19,15,5,10,8,10,75.0,62.5,90.0,8.88,18.5,8.09,14.38,0.2,0.87,2.9,5.2
PIT,2024-11-19,16,12,9,12,12,66.67,66.67,91.67,24.67,12.67,2.62,25.92,3.5,2.69,0.58,4.17
PIT,2024-11-19,17,11,6,11,7,90.91,81.82,71.43,2.0,13.55,3.65,4.0,3.29,2.0,2.86,7.71
PIT,2024-11-19,18,7,13,8,14,62.5,62.5,85.71,7.38,12.88,2.95,8.63,2.79,3.21,2.86,18.21
PIT,2024-11-19,19,7,2,9,9,100.0,88.89,55.56,0.56,14.0,3.98,2.89,3.22,2.28,6.33,31.11
PIT,2024-11-19,20,1,6,4,8,75.0,75.0,100.0,31.75,10.25,0.1,31.5,0.75,1.01,2.5,0.5
PIT,2024-11-19,21,0,10,3,10,66.67,66.67,100.0,29.33,10.0,0.13,29.0,1.4,1.42,0.1,0.0
PIT,2024-11-19,22,0,12,2,14,50.0,50.0,100.0,18.0,7.5,0.0,15.5,2.57,0.58,0.29,0.64
PIT,2024-11-19,23,0,6,0,7,0.0,0.0,85.71,0.0,0.0,0.0,0.0,2.14,1.4,0.0,8.43
PIT,2024-11-20,0,0,2,0,2,0.0,0.0,50.0,0.0,0.0,0.0,0.0,2.5,1.35,0.0,12.0
PIT,2024-11-20,1,0,0,0,1,0.0,0.0,100.0,0.0,0.0,0.0,0.0,0.0,0.5,0.0,0.0
PIT,2024-11-20,3,0,0,1,0,100.0,100.0,0.0,0.0,10.0,0.0,0.0,0.0,0.0,0.0,0.0
PIT,2024-11-20,4,0,0,0,1,0.0,0.0,100.0,0.0,0.0,0.0,0.0,0.0,1.5,0.0,0.0
PIT,2024-11-20,5,2,0,5,3,60.0,60.0,100.0,16.4,13.2,3.12,19.2,0.0,2.17,1.67,6.0
PIT,2024-11-20,6,19,1,22,0,90.91,90.91,0.0,3.73,11.77,1.67,4.0,0.0,0.0,0.0,0.0
PIT,2024-11-20,7,12,1,14,0,78.57,78.57,0.0,23.36,11.64,1.77,23.29,0.0,0.0,0.0,0.0
PIT,2024-11-20,8,9,1,10,0,80.0,70.0,0.0,46.7,13.0,3.6,48.4,0.0,0.0,0.0,0.0
PIT,2024-11-20,9,3,8,5,9,80.0,80.0,100.0,8.2,13.8,3.2,8.8,1.89,0.28,0.44,0.0
PIT,2024-11-20,10,10,8,12,10,91.67,91.67,90.0,1.58,12.92,2.97,2.42,1.9,1.56,2.7,4.1
PIT,2024-11-20,11,5,5,7,8,85.71,85.71,62.5,33.0,13.71,3.74,36.43,3.88,1.02,2.25,47.63
PIT,2024-11-20,12,5,5,6,8,83.33,83.33,87.5,7.17,12.17,2.47,9.0,1.0,0.06,0.63,8.25
PIT,2024-11-20,13,7,8,7,8,100.0,100.0,100.0,1.57,11.29,1.44,1.43,2.13,0.86,0.63,0.0
PIT,2024-11-20,14,6,7,6,11,100.0,100.0,72.73,1.17,16.83,6.87,4.5,4.91,2.77,4.91,46.0
PIT,2024-11-20,15,5,10,9,12,88.89,77.78,100.0,3.0,17.11,6.97,8.78,1.83,1.47,4.0,1.58
PIT,2024-11-20,16,13,10,12,11,58.33,33.33,81.82,16.17,20.58,10.8,25.0,3.27,2.68,4.73,4.64
PIT,2024-11-20,17,11,7,12,12,91.67,75.0,91.67,4.42,16.67,6.63,8.42,11.5,2.68,5.92,7.92
PIT,2024-11-20,18,7,13,10,13,90.0,80.0,100.0,1.5,14.2,4.12,3.9,2.08,2.03,2.08,1.31
PIT,2024-11-20,19,7,2,9,2,88.89,88.89,100.0,19.56,13.56,3.49,21.33,3.0,1.5,0.0,0.0
PIT,2024-11-20,20,1,7,1,9,0.0,0.0,77.78,70.0,19.0,8.4,78.0,9.89,1.49,11.11,9.56
PIT,2024-11-20,21,1,10,4,11,25.0,25.0,81.82,25.5,10.5,0.95,24.5,3.18,1.23,9.45,9.27
PIT,2024-11-20,22,0,12,2,13,50.0,50.0,76.92,31.0,14.5,4.25,35.5,6.31,0.93,6.54,11.62
PIT,2024-11-20,23,0,6,0,6,0.0,0.0,33.33,0.0,0.0,0.0,0.0,3.17,0.38,13.5,39.33
PIT,2024-11-21,0,0,4,0,2,0.0,0.0,100.0,0.0,0.0,0.0,0.0,1.0,0.1,4.5,3.5
PIT,2024-11-21,1,0,2,0,1,0.0,0.0,100.0,0.0,0.0,0.0,0.0,0.0,0.5,0.0,0.0
PIT,2024-11-21,2,0,0,1,0,0.0,0.0,0.0,21.0,13.0,2.4,23.0,0.0,0.0,0.0,0.0
PIT,2024-11-21,3,0,0,0,1,0.0,0.0,100.0,0.0,0.0,0.0,0.0,0.0,54.5,48.0,13.0
PIT,2024-11-21,4,0,0,0,1,0.0,0.0,100.0,0.0,0.0,0.0,0.0,0.0,0.0,0.0,3.0
PIT,2024-11-21,5,6,0,8,6,87.5,87.5,83.33,5.25,13.75,3.95,7.75,1.17,1.5,7.33,9.33
PIT,2024-11-21,6,18,1,21,3,80.95,76.19,66.67,19.48,14.76,4.34,21.52,0.33,0.5,3.33,10.0
PIT,2024-11-21,7,12,2,14,3,78.57,71.43,33.33,32.29,12.29,2.16,33.71,4.67,0.5,9.0,47.0
PIT,2024-11-21,8,8,2,13,3,84.62,84.62,66.67,6.46,14.38,3.96,8.85,3.0,0.97,8.0,28.0
PIT,2024-11-21,9,5,10,6,12,66.67,66.67,83.33,6.33,15.17,4.62,7.5,2.25,0.73,3.42,6.17
PIT,2024-11-21,10,10,9,11,10,90.91,90.91,80.0,5.27,13.0,2.53,6.82,2.3,3.64,5.3,6.6
PIT,2024-11-21,11,7,6,7,7,57.14,42.86,85.71,88.86,18.86,8.39,95.29,2.14,0.71,1.0,49.43
PIT,2024-11-21,12,7,4,9,6,88.89,77.78,100.0,10.89,15.78,5.87,15.22,2.33,1.5,1.33,0.67
PIT,2024-11-21,13,6,9,7,10,100.0,71.43,80.0,1.57,16.71,6.57,7.29,2.3,1.88,5.2,7.5
PIT,2024-11-21,14,5,6,6,9,33.33,33.33,55.56,60.83,15.33,6.0,66.0,1.56,1.11,2.0,105.22
PIT,2024-11-21,15,7,11,8,12,87.5,75.0,66.67,6.63,13.25,3.93,8.38,3.75,0.83,10.42,27.25
PIT,2024-11-21,16,12,9,13,11,61.54,23.08,72.73,49.15,35.31,24.74,72.85,1.82,4.55,10.0,40.45
PIT,2024-11-21,17,11,7,11,7,36.36,0.0,71.43,84.27,46.18,35.84,119.18,2.57,3.63,2.86,18.57
PIT,2024-11-21,18,10,15,12,20,58.33,50.0,60.0,41.17,24.67,14.83,55.08,2.25,1.86,7.55,30.4
PIT,2024-11-21,19,11,8,13,14,76.92,7.69,50.0,13.77,51.46,40.82,52.62,1.43,2.18,7.14,24.43
PIT,2024-11-21,20,6,8,6,8,66.67,0.0,75.0,40.5,47.17,37.02,74.0,1.88,5.01,9.13,30.38
PIT,2024-11-21,21,1,8,3,9,100.0,0.0,33.33,4.33,54.67,44.67,48.67,4.11,3.09,7.56,49.11
PIT,2024-11-21,22,0,14,2,15,100.0,0.0,53.33,0.0,63.0,52.4,52.0,2.27,3.77,5.27,43.4
PIT,2024-11-21,23,0,7,1,7,100.0,100.0,85.71,0.0,70.0,59.4,0.0,4.14,3.57,6.43,7.43
PIT,2024-11-22,0,0,4,0,6,0.0,0.0,66.67,0.0,0.0,0.0,0.0,2.5,0.7,3.33,26.0
PIT,2024-11-22,1,0,2,0,2,0.0,0.0,50.0,0.0,0.0,0.0,0.0,3.0,0.75,1.0,17.0
PIT,2024-11-22,2,0,0,0,1,0.0,0.0,100.0,0.0,0.0,0.0,0.0,0.0,1.5,0.0,0.0
PIT,2024-11-22,3,0,0,1,0,100.0,100.0,0.0,0.0,22.0,11.4,11.0,0.0,0.0,0.0,0.0
PIT,2024-11-22,4,0,0,0,1,0.0,0.0,100.0,0.0,0.0,0.0,0.0,0.0,0.5,0.0,11.0
PIT,2024-11-22,5,6,0,7,3,100.0,0.0,33.33,0.0,38.29,28.33,24.71,0.33,1.5,2.33,37.33
PIT,2024-11-22,6,18,1,19,2,89.47,15.79,0.0,4.63,38.16,27.67,28.37,0.0,0.4,3.0,41.0
PIT,2024-11-22,7,12,2,14,1,78.57,21.43,0.0,7.71,34.71,24.32,27.57,0.0,1.5,0.0,96.0
PIT,2024-11-22,8,8,4,9,5,77.78,22.22,60.0,22.44,35.78,25.13,44.22,2.6,3.28,9.0,33.2
PIT,2024-11-22,9,6,10,10,10,80.0,30.0,80.0,10.2,31.6,20.97,27.7,4.0,1.68,6.5,8.9
PIT,2024-11-22,10,9,10,12,12,75.0,33.33,83.33,10.42,26.83,16.25,24.33,5.0,1.47,4.33,15.83
PIT,2024-11-22,11,8,6,12,6,58.33,50.0,66.67,32.17,16.0,5.9,36.17,11.0,1.87,10.33,13.17
PIT,2024-11-22,12,7,4,7,6,57.14,42.86,83.33,36.43,15.43,5.6,40.86,3.0,0.22,9.0,8.83
PIT,2024-11-22,13,7,10,7,14,85.71,85.71,50.0,3.14,12.57,2.67,3.71,8.79,0.7,12.71,22.29
PIT,2024-11-22,14,5,4,7,4,28.57,28.57,25.0,37.14,11.86,2.51,36.86,3.0,1.38,7.5,15.0
PIT,2024-11-22,15,5,10,10,12,40.0,40.0,66.67,27.0,11.2,1.39,27.7,2.08,2.1,7.75,10.5
PIT,2024-11-22,16,11,9,9,12,88.89,77.78,58.33,7.22,16.78,6.16,12.11,5.5,1.82,6.58,20.25
PIT,2024-11-22,17,12,6,11,7,45.45,45.45,71.43,40.09,16.73,6.39,45.91,5.29,2.8,9.14,8.71
PIT,2024-11-22,18,9,13,11,15,63.64,72.73,60.0,26.18,13.18,3.67,28.55,1.4,2.5,5.73,14.2
PIT,2024-11-22,19,9,7,10,11,80.0,80.0,45.45,7.4,18.1,7.67,12.3,1.64,4.55,8.36,32.73
PIT,2024-11-22,20,6,10,6,12,66.67,66.67,75.0,32.17,13.5,3.62,35.17,1.5,1.13,2.92,8.42
PIT,2024-11-22,21,4,8,5,9,40.0,40.0,66.67,17.2,11.4,1.96,18.2,1.78,3.81,4.0,15.44
PIT,2024-11-22,22,0,15,1,15,0.0,0.0,53.33,56.0,15.0,4.4,60.0,2.0,2.23,4.8,19.2
PIT,2024-11-22,23,0,7,1,7,100.0,100.0,71.43,3.0,6.0,0.0,0.0,3.0,0.64,4.29,19.29
PIT,2024-11-23,0,0,5,0,4,0.0,0.0,100.0,0.0,0.0,0.0,0.0,0.75,2.63,3.0,4.75
PIT,2024-11-23,1,0,1,1,4,0.0,0.0,25.0,55.0,12.0,1.4,56.0,2.75,0.88,5.25,53.75
PIT,2024-11-23,2,0,0,0,1,0.0,0.0,0.0,0.0,0.0,0.0,0.0,0.0,1.5,3.0,41.0
PIT,2024-11-23,3,0,0,1,1,100.0,100.0,100.0,0.0,10.0,0.0,0.0,0.0,1.5,0.0,0.0
PIT,2024-11-23,5,6,0,6,1,100.0,100.0,0.0,2.5,9.83,0.63,3.0,0.0,1.5,1.0,17.0
PIT,2024-11-23,6,16,1,16,1,87.5,87.5,100.0,7.06,15.5,5.21,10.19,0.0,4.5,1.0,6.0
PIT,2024-11-23,7,11,2,16,4,81.25,81.25,50.0,7.13,13.31,2.82,9.13,2.5,2.5,1.5,9.25
PIT,2024-11-23,8,7,3,11,5,72.73,72.73,40.0,23.27,13.82,3.25,25.0,4.2,1.24,9.0,88.6
PIT,2024-11-23,9,6,5,10,7,80.0,80.0,71.43,5.6,13.9,3.73,8.2,2.29,1.14,1.43,15.0
PIT,2024-11-23,10,5,7,10,9,80.0,80.0,77.78,10.9,15.0,4.46,13.6,2.33,1.33,1.89,9.44
PIT,2024-11-23,11,8,6,10,6,70.0,70.0,83.33,33.3,11.8,1.71,33.8,5.33,0.77,2.83,13.83
PIT,2024-11-23,12,2,2,3,2,33.33,33.33,50.0,11.33,13.33,3.33,14.0,1.5,1.0,0.5,13.0
PIT,2024-11-23,13,6,8,6,9,100.0,100.0,88.89,1.83,14.33,4.03,3.67,3.67,0.94,6.0,5.22
PIT,2024-11-23,14,5,6,7,5,85.71,71.43,80.0,6.43,13.43,3.71,9.0,1.4,0.9,2.4,6.2
PIT,2024-11-23,15,7,5,7,6,71.43,71.43,83.33,8.0,12.14,2.49,9.0,6.5,1.2,5.17,9.17
PIT,2024-11-23,16,9,11,10,12,80.0,80.0,83.33,7.4,13.0,2.65,8.2,2.17,1.69,7.17,6.25
PIT,2024-11-23,17,12,10,12,13,91.67,91.67,100.0,11.92,11.5,1.71,12.42,1.85,3.45,2.15,1.0
PIT,2024-11-23,18,7,7,8,8,87.5,87.5,100.0,9.5,12.0,2.62,10.63,1.0,3.51,1.38,0.0
PIT,2024-11-23,19,5,6,5,7,80.0,80.0,14.29,3.0,12.6,1.76,3.6,0.0,0.93,0.14,37.43
PIT,2024-11-23,20,5,5,5,7,40.0,40.0,100.0,39.4,11.6,1.66,40.6,1.57,2.14,2.57,2.0
PIT,2024-11-23,21,1,10,1,11,100.0,100.0,72.73,0.0,6.0,0.0,0.0,1.73,0.88,0.0,9.27
PIT,2024-11-23,22,0,9,2,10,50.0,50.0,80.0,18.0,11.5,2.2,18.5,0.8,0.68,0.0,5.2
PIT,2024-11-23,23,0,9,1,10,100.0,100.0,90.0,0.0,5.0,0.0,0.0,1.3,1.1,1.1,9.4
PIT,2024-11-24,0,0,4,0,5,0.0,0.0,100.0,0.0,0.0,0.0,0.0,0.0,0.76,0.0,0.0
PIT,2024-11-24,1,0,2,0,0,0.0,0.0,0.0,0.0,0.0,0.0,0.0,0.0,0.0,0.0,0.0
PIT,2024-11-24,2,0,0,0,1,0.0,0.0,0.0,0.0,0.0,0.0,0.0,0.0,0.5,2.0,75.0
PIT,2024-11-24,3,0,0,1,0,0.0,0.0,0.0,40.0,11.0,0.4,40.0,0.0,0.0,0.0,0.0
PIT,2024-11-24,4,0,0,0,0,0.0,0.0,0.0,0.0,0.0,0.0,0.0,0.0,0.0,0.0,0.0
PIT,2024-11-24,5,6,0,6,0,100.0,100.0,0.0,1.0,12.33,3.05,2.83,0.0,0.0,0.0,0.0
PIT,2024-11-24,6,17,0,17,0,100.0,100.0,0.0,0.06,13.0,2.97,1.12,0.0,0.0,0.0,0.0
PIT,2024-11-24,7,11,1,12,1,100.0,100.0,100.0,0.08,12.08,2.22,1.17,0.0,1.5,0.0,0.0
PIT,2024-11-24,8,7,1,8,1,100.0,100.0,100.0,0.75,11.13,1.11,0.63,4.0,1.4,0.0,0.0
PIT,2024-11-24,9,6,10,6,11,100.0,100.0,90.91,0.0,12.33,2.08,0.0,1.27,1.64,1.91,3.27
PIT,2024-11-24,10,10,8,12,9,100.0,100.0,77.78,0.08,11.83,1.9,1.17,2.22,1.88,2.56,8.44
PIT,2024-11-24,11,7,7,8,8,62.5,62.5,87.5,10.5,11.25,1.4,10.13,3.5,1.31,1.63,5.63
PIT,2024-11-24,12,9,6,10,6,100.0,100.0,100.0,0.5,12.2,2.48,0.9,1.5,1.08,2.83,0.83
PIT,2024-11-24,13,6,8,6,9,100.0,100.0,88.89,1.17,12.0,2.8,2.0,2.11,0.76,1.33,4.78
PIT,2024-11-24,14,5,7,5,9,100.0,100.0,88.89,0.6,12.4,3.04,3.4,0.67,1.39,2.89,5.56
PIT,2024-11-24,15,8,10,10,10,80.0,70.0,90.0,11.6,12.3,2.07,13.2,0.3,0.72,2.5,2.2
PIT,2024-11-24,16,10,8,9,11,88.89,88.89,72.73,4.89,11.67,2.82,5.0,2.91,1.75,3.64,16.09
PIT,2024-11-24,17,11,8,11,9,72.73,72.73,77.78,15.45,14.09,3.78,18.27,1.33,1.29,1.44,11.0
PIT,2024-11-24,18,10,14,10,15,80.0,80.0,80.0,7.9,10.3,0.58,7.9,1.07,4.47,4.07,6.07
PIT,2024-11-24,19,11,8,11,9,100.0,90.91,88.89,0.91,13.36,3.07,2.91,0.56,3.22,1.56,4.22
PIT,2024-11-24,20,6,10,5,9,80.0,80.0,100.0,20.6,11.2,1.5,21.2,0.78,1.29,2.44,0.56
PIT,2024-11-24,21,2,8,2,8,100.0,100.0,87.5,3.5,12.5,3.7,7.0,1.25,0.84,1.38,7.13
PIT,2024-11-24,22,0,14,0,14,0.0,0.0,78.57,0.0,0.0,0.0,0.0,0.36,1.09,0.0,11.5
PIT,2024-11-24,23,0,7,1,9,0.0,0.0,88.89,45.0,7.0,0.0,41.0,2.67,1.89,1.56,7.44
PIT,2024-11-25,0,0,4,0,4,0.0,0.0,100.0,0.0,0.0,0.0,0.0,0.75,0.33,0.25,1.75
PIT,2024-11-25,1,0,2,0,3,0.0,0.0,33.33,0.0,0.0,0.0,0.0,0.0,0.33,2.0,40.67
PIT,2024-11-25,2,0,0,0,0,0.0,0.0,0.0,0.0,0.0,0.0,0.0,0.0,0.0,0.0,0.0
PIT,2024-11-25,3,0,0,1,0,0.0,0.0,0.0,48.0,13.0,2.4,50.0,0.0,0.0,0.0,0.0
PIT,2024-11-25,4,0,0,0,0,0.0,0.0,0.0,0.0,0.0,0.0,0.0,0.0,0.0,0.0,0.0
PIT,2024-11-25,5,6,0,6,0,100.0,50.0,0.0,0.0,24.67,14.92,11.17,0.0,0.0,0.0,0.0
PIT,2024-11-25,6,18,1,21,0,100.0,47.62,0.0,0.9,25.57,15.4,12.33,0.0,0.0,0.0,0.0
PIT,2024-11-25,7,13,1,13,2,92.31,76.92,50.0,2.46,23.54,13.41,10.38,5.0,0.5,9.0,10.0
PIT,2024-11-25,8,7,4,9,4,77.78,55.56,75.0,22.89,21.56,11.13,29.11,6.0,0.85,10.0,36.25
PIT,2024-11-25,9,7,10,9,12,66.67,66.67,66.67,21.78,13.56,4.11,23.89,2.08,0.82,3.75,12.67
PIT,2024-11-25,10,9,10,9,12,88.89,77.78,91.67,3.0,13.67,3.81,4.56,1.75,1.16,1.5,3.17
PIT,2024-11-25,11,8,4,8,3,100.0,100.0,100.0,0.0,10.75,0.59,0.0,3.33,0.0,1.33,0.33
PIT,2024-11-25,12,8,6,8,9,100.0,100.0,66.67,0.0,10.0,0.9,0.0,2.44,0.3,3.11,19.56
PIT,2024-11-25,13,7,9,7,9,71.43,71.43,100.0,8.14,9.71,0.7,8.43,1.0,0.76,0.0,0.0
PIT,2024-11-25,14,4,5,5,5,60.0,60.0,60.0,27.4,13.8,4.02,29.0,0.6,1.8,1.4,70.6
PIT,2024-11-25,15,5,9,7,10,100.0,100.0,90.0,1.14,16.14,5.76,3.57,1.8,0.7,3.7,16.4
PIT,2024-11-25,16,11,11,11,14,72.73,72.73,71.43,44.55,12.82,2.64,45.91,2.0,1.93,1.29,16.93
PIT,2024-11-25,17,12,7,13,8,84.62,84.62,100.0,10.46,12.77,2.52,11.85,1.0,1.64,0.88,0.13
PIT,2024-11-25,18,9,15,10,17,70.0,70.0,88.24,25.4,12.8,3.12,27.5,1.88,4.12,1.12,10.53
PIT,2024-11-25,19,9,8,11,14,100.0,100.0,50.0,0.0,14.55,4.38,1.73,2.64,3.46,5.36,42.71
PIT,2024-11-25,20,6,9,5,8,60.0,60.0,50.0,59.6,16.4,6.62,65.2,0.88,0.54,1.5,32.38
PIT,2024-11-25,21,4,8,6,9,33.33,33.33,77.78,22.83,12.0,2.23,24.67,1.0,0.83,3.33,5.44
PIT,2024-11-25,22,0,14,4,15,50.0,50.0,100.0,11.0,11.75,1.55,11.25,0.93,1.43,1.33,0.47
PIT,2024-11-25,23,0,6,0,6,0.0,0.0,66.67,0.0,0.0,0.0,0.0,3.33,3.25,7.0,14.33
PIT,2024-11-26,0,0,5,0,4,0.0,0.0,75.0,0.0,0.0,0.0,0.0,1.0,0.95,0.0,29.0
PIT,2024-11-26,1,0,1,0,2,0.0,0.0,50.0,0.0,0.0,0.0,0.0,2.5,3.25,0.0,17.5
PIT,2024-11-26,2,0,0,0,1,0.0,0.0,100.0,0.0,0.0,0.0,0.0,0.0,0.5,0.0,0.0
PIT,2024-11-26,3,0,0,1,1,0.0,0.0,100.0,66.0,11.0,0.4,66.0,0.0,1.5,0.0,0.0
PIT,2024-11-26,4,0,0,1,1,100.0,100.0,100.0,0.0,7.0,0.0,0.0,0.0,1.5,0.0,0.0
PIT,2024-11-26,5,7,0,9,3,77.78,77.78,33.33,6.22,10.22,0.71,6.67,0.0,2.5,0.67,12.33
PIT,2024-11-26,6,19,1,21,1,90.48,90.48,100.0,3.52,12.62,2.39,3.95,0.0,0.5,0.0,5.0
PIT,2024-11-26,7,9,2,9,0,77.78,77.78,0.0,10.33,12.0,1.46,10.44,0.0,0.0,0.0,0.0
PIT,2024-11-26,8,9,2,11,1,72.73,72.73,100.0,10.45,10.18,0.48,10.45,2.0,1.5,0.0,0.0
PIT,2024-11-26,9,6,8,7,8,85.71,85.71,100.0,4.0,10.57,1.2,3.86,1.75,1.29,0.88,0.75
PIT,2024-11-26,10,9,10,9,11,88.89,88.89,90.91,3.33,11.78,1.69,3.22,2.82,0.85,4.55,16.82
PIT,2024-11-26,11,8,7,10,6,80.0,80.0,100.0,18.0,10.5,0.55,18.2,4.0,0.33,0.0,0.0
PIT,2024-11-26,12,7,5,8,5,100.0,100.0,100.0,0.0,14.5,4.69,2.38,2.0,0.54,1.2,0.0
PIT,2024-11-26,13,6,7,6,9,83.33,83.33,66.67,3.67,11.0,1.02,3.67,2.44,4.61,3.67,15.78
PIT,2024-11-26,14,4,7,5,9,100.0,100.0,66.67,1.0,10.8,1.0,0.6,0.78,0.87,1.0,75.33
PIT,2024-11-26,15,6,12,8,14,87.5,87.5,85.71,9.0,13.25,3.03,10.13,0.29,1.93,4.0,12.86
PIT,2024-11-26,16,15,10,15,11,73.33,73.33,90.91,44.47,12.27,2.18,45.53,1.82,1.71,0.82,3.82
PIT,2024-11-26,17,12,5,12,9,66.67,58.33,66.67,19.58,16.75,6.52,24.5,2.89,0.96,4.78,17.67
PIT,2024-11-26,18,8,17,9,18,55.56,44.44,88.89,31.44,15.22,5.29,35.89,1.44,1.04,1.11,22.72
PIT,2024-11-26,19,12,8,13,11,84.62,76.92,54.55,4.31,17.46,6.95,7.54,1.55,1.82,5.36,20.64
PIT,2024-11-26,20,5,7,5,10,60.0,40.0,90.0,44.0,14.8,4.62,47.6,2.7,0.51,4.9,4.9
PIT,2024-11-26,21,2,8,5,8,40.0,40.0,75.0,14.6,10.0,0.76,14.4,2.0,0.75,2.13,15.5
PIT,2024-11-26,22,0,13,1,13,100.0,100.0,76.92,0.0,9.0,0.0,0.0,1.46,0.83,0.62,6.0
PIT,2024-11-26,23,0,9,0,10,0.0,0.0,80.0,0.0,0.0,0.0,0.0,3.0,0.6,1.6,17.4
PIT,2024-11-27,0,0,5,0,6,0.0,0.0,83.33,0.0,0.0,0.0,0.0,0.83,1.28,1.83,8.5
PIT,2024-11-27,1,0,1,0,2,0.0,0.0,100.0,0.0,0.0,0.0,0.0,0.0,0.5,0.0,3.0
PIT,2024-11-27,2,0,0,2,1,50.0,50.0,100.0,13.5,9.0,0.7,11.5,0.0,0.5,0.0,0.0
PIT,2024-11-27,3,0,0,1,1,0.0,0.0,100.0,48.0,12.0,1.4,49.0,0.0,0.0,0.0,0.0
PIT,2024-11-27,4,0,0,1,1,100.0,100.0,0.0,0.0,8.0,0.0,0.0,1.0,2.5,1.0,24.0
PIT,2024-11-27,5,7,0,9,3,88.89,66.67,33.33,9.67,15.22,5.54,14.22,0.0,3.5,3.33,26.67
PIT,2024-11-27,6,20,1,23,1,91.3,78.26,100.0,3.61,16.57,6.45,8.61,0.0,0.5,2.0,0.0
PIT,2024-11-27,7,9,2,10,2,90.0,80.0,100.0,2.0,19.3,8.58,6.8,0.0,0.25,0.0,2.0
PIT,2024-11-27,8,9,4,11,4,90.91,81.82,50.0,2.82,13.91,4.05,5.09,0.5,0.85,3.0,15.5
PIT,2024-11-27,9,7,8,11,8,72.73,72.73,100.0,10.73,11.73,2.14,12.09,1.63,0.75,0.75,0.0
PIT,2024-11-27,10,9,11,9,13,100.0,100.0,84.62,0.67,14.56,3.98,1.44,1.23,1.43,1.38,5.62
PIT,2024-11-27,11,9,7,13,7,92.31,92.31,100.0,2.31,11.69,1.46,3.31,1.57,0.71,0.43,0.0
PIT,2024-11-27,12,7,5,7,6,100.0,85.71,100.0,0.29,13.0,3.23,2.71,1.0,0.5,0.0,3.17
PIT,2024-11-27,13,6,7,9,7,77.78,77.78,85.71,9.33,12.33,3.04,11.33,2.14,1.36,0.14,6.57
PIT,2024-11-27,14,4,7,4,7,75.0,50.0,71.43,12.5,23.25,13.08,22.75,1.71,1.19,4.71,29.14
PIT,2024-11-27,15,6,11,6,15,100.0,100.0,80.0,1.0,10.83,1.27,1.0,2.8,0.47,6.8,10.87
PIT,2024-11-27,16,13,10,14,11,71.43,71.43,72.73,15.71,12.21,2.28,16.64,1.91,0.89,1.45,20.09
PIT,2024-11-27,17,13,6,14,7,85.71,85.71,85.71,17.0,12.29,1.85,17.86,1.86,0.63,1.14,2.14
PIT,2024-11-27,18,9,15,10,16,90.0,90.0,81.25,9.7,11.7,2.18,10.9,1.13,1.8,2.31,10.31
PIT,2024-11-27,19,11,8,11,12,90.91,90.91,75.0,4.0,12.0,2.4,4.27,1.92,1.67,5.0,18.83
PIT,2024-11-27,20,4,8,5,10,40.0,40.0,80.0,33.2,10.6,1.14,32.6,0.7,2.41,2.6,4.5
PIT,2024-11-27,21,4,8,6,8,100.0,100.0,100.0,2.67,13.83,3.83,4.67,1.25,1.81,0.5,1.0
PIT,2024-11-27,22,0,12,2,12,100.0,100.0,83.33,0.0,11.5,1.2,0.0,1.25,0.58,0.75,6.58
PIT,2024-11-27,23,0,11,0,11,0.0,0.0,72.73,0.0,0.0,0.0,0.0,3.0,0.72,3.0,8.09
PIT,2024-11-28,0,0,0,0,5,0.0,0.0,80.0,0.0,0.0,0.0,0.0,0.6,0.76,0.6,5.8
PIT,2024-11-28,1,0,1,0,1,0.0,0.0,0.0,0.0,0.0,0.0,0.0,0.0,2.5,2.0,43.0
PIT,2024-11-28,2,0,0,0,1,0.0,0.0,100.0,0.0,0.0,0.0,0.0,1.0,0.5,2.0,0.0
PIT,2024-11-28,3,0,0,0,2,0.0,0.0,0.0,0.0,0.0,0.0,0.0,2.5,1.85,3.5,50.0
PIT,2024-11-28,5,4,0,4,0,100.0,100.0,0.0,0.0,11.75,2.5,1.25,0.0,0.0,0.0,0.0
PIT,2024-11-28,6,15,1,16,1,100.0,100.0,100.0,0.44,13.25,3.16,2.0,6.0,0.5,6.0,0.0
PIT,2024-11-28,7,9,2,11,3,90.91,90.91,33.33,28.45,11.91,1.96,29.09,1.67,1.17,3.0,128.0
PIT,2024-11-28,8,4,3,4,3,75.0,75.0,66.67,132.5,14.0,4.22,135.75,2.33,1.13,4.33,83.0
PIT,2024-11-28,9,7,4,7,4,100.0,100.0,100.0,0.0,12.43,2.24,0.0,2.5,1.38,3.0,2.5
PIT,2024-11-28,10,6,7,6,7,100.0,100.0,100.0,0.0,11.83,1.78,0.0,1.29,1.16,0.0,0.0
PIT,2024-11-28,11,3,7,5,8,40.0,40.0,87.5,28.0,10.6,0.42,27.8,3.13,0.88,0.88,37.5
PIT,2024-11-28,12,7,3,8,4,87.5,87.5,100.0,2.25,10.13,1.05,2.13,1.5,2.63,0.0,0.0
PIT,2024-11-28,13,4,7,5,7,100.0,100.0,100.0,0.6,12.0,2.24,0.4,2.29,1.93,0.0,1.29
PIT,2024-11-28,14,4,4,4,5,100.0,100.0,60.0,0.5,15.25,5.4,2.5,2.2,0.26,3.2,13.4
PIT,2024-11-28,15,2,11,2,11,100.0,100.0,100.0,0.0,19.0,8.4,6.0,2.27,1.32,1.0,0.45
PIT,2024-11-28,16,1,5,1,8,100.0,100.0,75.0,0.0,10.0,0.0,0.0,2.5,1.19,2.5,8.63
PIT,2024-11-28,17,2,7,3,7,66.67,66.67,85.71,5.67,10.0,0.23,5.67,1.86,4.29,1.14,5.14
PIT,2024-11-28,18,1,6,1,6,100.0,0.0,83.33,0.0,38.0,27.4,17.0,2.0,3.2,8.5,8.33
PIT,2024-11-28,19,2,1,3,1,66.67,66.67,100.0,16.33,11.0,1.6,17.0,0.0,1.5,0.0,0.0
PIT,2024-11-28,20,1,0,1,0,100.0,100.0,0.0,0.0,11.0,0.4,0.0,0.0,0.0,0.0,0.0
PIT,2024-11-28,21,0,1,0,1,0.0,0.0,100.0,0.0,0.0,0.0,0.0,2.0,0.2,0.0,0.0
PIT,2024-11-28,22,0,1,0,1,0.0,0.0,100.0,0.0,0.0,0.0,0.0,0.0,0.0,0.0,0.0
PIT,2024-11-29,0,0,3,0,0,0.0,0.0,0.0,0.0,0.0,0.0,0.0,0.0,0.0,0.0,0.0
PIT,2024-11-29,1,0,1,0,1,0.0,0.0,100.0,0.0,0.0,0.0,0.0,0.0,0.5,0.0,0.0
PIT,2024-11-29,5,4,0,6,4,83.33,66.67,100.0,8.5,25.0,14.25,19.83,2.0,2.0,3.0,0.5
PIT,2024-11-29,6,12,1,15,1,93.33,26.67,0.0,4.13,33.33,23.09,23.6,0.0,1.5,5.0,35.0
PIT,2024-11-29,7,12,2,13,2,84.62,38.46,50.0,13.92,33.69,23.32,32.92,0.5,1.0,0.0,60.5
PIT,2024-11-29,8,10,3,13,3,76.92,53.85,100.0,11.31,24.15,14.33,21.54,4.0,1.8,8.67,5.33
PIT,2024-11-29,9,4,4,6,5,83.33,50.0,80.0,10.17,24.33,13.88,21.5,1.4,0.6,1.0,6.6
PIT,2024-11-29,10,4,5,5,6,60.0,60.0,100.0,33.2,16.8,6.96,36.4,3.0,0.7,0.67,0.0
PIT,2024-11-29,11,6,4,7,6,85.71,71.43,16.67,27.86,21.86,11.64,38.43,2.33,1.33,16.0,72.83
PIT,2024-11-29,12,5,5,4,7,75.0,75.0,100.0,19.25,17.75,8.0,22.0,1.71,0.5,0.43,1.71
PIT,2024-11-29,13,6,6,7,6,100.0,100.0,100.0,0.0,10.57,0.64,0.0,2.83,1.83,1.5,0.0
PIT,2024-11-29,14,6,7,6,7,83.33,33.33,71.43,4.5,28.67,18.93,19.67,2.43,4.9,13.0,52.71
PIT,2024-11-29,15,5,12,6,13,100.0,83.33,92.31,0.33,19.0,10.12,5.67,1.38,1.08,2.0,5.38
PIT,2024-11-29,16,14,9,12,10,83.33,50.0,100.0,6.58,26.08,15.88,19.33,4.5,2.8,2.1,1.7
PIT,2024-11-29,17,12,5,13,6,100.0,69.23,83.33,1.0,22.54,12.46,11.23,3.17,1.82,3.17,3.5
PIT,2024-11-29,18,5,11,7,15,85.71,85.71,60.0,9.0,12.86,2.94,9.86,2.73,2.52,5.4,21.73
PIT,2024-11-29,19,7,8,7,10,71.43,57.14,80.0,11.57,16.0,5.94,16.86,1.1,1.82,6.8,8.6
PIT,2024-11-29,20,5,9,5,8,100.0,100.0,75.0,5.8,10.8,1.02,5.8,0.88,1.66,1.5,14.13
PIT,2024-11-29,21,3,8,5,8,100.0,100.0,87.5,1.4,12.6,2.44,2.8,3.0,1.23,1.75,2.25
PIT,2024-11-29,22,0,12,0,12,0.0,0.0,83.33,0.0,0.0,0.0,0.0,1.92,0.57,1.08,14.17
PIT,2024-11-29,23,0,6,0,8,0.0,0.0,62.5,0.0,0.0,0.0,0.0,4.0,1.09,8.13,19.13
PIT,2024-11-30,0,0,6,2,3,0.0,0.0,100.0,19.5,9.5,1.7,18.0,0.0,0.33,0.0,0.0
PIT,2024-11-30,1,0,1,0,2,0.0,0.0,50.0,0.0,0.0,0.0,0.0,0.0,0.5,2.5,26.0
PIT,2024-11-30,2,0,1,1,0,0.0,0.0,0.0,58.0,13.0,2.4,60.0,0.0,0.0,0.0,0.0
PIT,2024-11-30,3,0,0,0,1,0.0,0.0,100.0,0.0,0.0,0.0,0.0,1.0,0.0,1.0,0.0
PIT,2024-11-30,4,0,0,0,0,0.0,0.0,0.0,0.0,0.0,0.0,0.0,0.0,0.0,0.0,0.0
PIT,2024-11-30,5,6,1,6,1,100.0,100.0,0.0,0.67,15.17,5.62,4.67,0.0,1.5,0.0,19.0
PIT,2024-11-30,6,19,1,20,2,95.0,95.0,0.0,1.9,15.55,5.3,4.65,0.5,3.5,4.5,94.0
PIT,2024-11-30,7,10,2,14,2,71.43,71.43,50.0,32.5,13.71,3.41,34.21,0.5,1.0,1.0,82.0
PIT,2024-11-30,8,8,3,9,2,88.89,77.78,50.0,8.11,16.11,6.23,12.78,2.5,0.85,0.0,8.0
PIT,2024-11-30,9,6,5,7,6,71.43,85.71,66.67,6.57,13.71,3.7,8.0,2.83,1.0,5.5,5.33
PIT,2024-11-30,10,6,8,10,8,80.0,80.0,75.0,4.9,15.3,5.06,8.2,0.88,0.78,6.0,11.13
PIT,2024-11-30,11,8,5,8,7,75.0,75.0,57.14,7.63,12.5,2.36,7.88,3.14,0.43,1.57,12.43
PIT,2024-11-30,12,3,2,5,3,80.0,60.0,100.0,8.0,15.6,6.12,12.2,4.0,0.57,3.0,0.0
PIT,2024-11-30,13,4,8,5,8,80.0,60.0,87.5,7.6,19.6,9.6,15.0,1.38,0.1,0.0,4.0
PIT,2024-11-30,14,5,6,5,6,100.0,100.0,83.33,3.6,10.0,0.46,3.2,2.5,1.22,1.17,3.0
PIT,2024-11-30,15,7,7,8,10,100.0,100.0,60.0,2.0,10.63,1.36,2.75,3.3,1.92,6.7,28.4
PIT,2024-11-30,16,10,12,12,15,75.0,75.0,60.0,22.58,14.25,3.92,25.25,2.07,2.81,2.27,21.13
PIT,2024-11-30,17,12,7,14,10,57.14,57.14,60.0,21.57,13.86,3.88,24.57,0.8,1.36,4.8,11.8
PIT,2024-11-30,18,8,13,9,15,44.44,44.44,86.67,35.44,13.89,3.46,38.0,0.73,4.23,3.8,7.0
PIT,2024-11-30,19,8,6,10,9,70.0,70.0,55.56,15.6,13.0,1.9,16.5,0.67,2.83,2.67,20.89
PIT,2024-11-30,20,6,6,7,6,57.14,57.14,66.67,31.29,11.86,1.74,32.29,0.5,2.83,4.0,35.67
PIT,2024-11-30,21,2,12,2,15,50.0,50.0,80.0,10.5,8.5,0.0,9.5,2.53,4.32,3.0,20.87
PIT,2024-11-30,22,1,9,1,10,100.0,100.0,80.0,0.0,10.0,0.0,0.0,0.4,0.36,0.8,6.0
PIT,2024-11-30,23,0,9,1,10,100.0,0.0,70.0,13.0,33.0,22.4,35.0,2.0,2.0,0.9,15.8
PIT,2024-12-01,0,0,6,0,6,0.0,0.0,50.0,0.0,0.0,0.0,0.0,0.83,0.5,3.5,73.17
PIT,2024-12-01,1,0,2,1,2,0.0,0.0,50.0,34.0,7.0,0.0,27.0,0.0,0.0,0.0,44.0
PIT,2024-12-01,2,0,2,0,1,0.0,0.0,100.0,0.0,0.0,0.0,0.0,0.0,0.0,0.0,0.0
PIT,2024-12-01,3,0,0,1,0,100.0,100.0,0.0,0.0,10.0,0.0,0.0,0.0,0.0,0.0,0.0
PIT,2024-12-01,4,0,0,0,1,0.0,0.0,0.0,0.0,0.0,0.0,0.0,4.0,0.5,9.0,92.0
PIT,2024-12-01,5,8,0,10,1,70.0,60.0,100.0,14.8,14.7,4.29,18.4,0.0,2.3,0.0,0.0
PIT,2024-12-01,6,21,1,21,1,90.48,66.67,0.0,6.57,18.62,7.45,12.81,0.0,0.5,3.0,27.0
PIT,2024-12-01,7,10,3,10,3,80.0,80.0,66.67,9.1,16.1,4.79,12.1,0.67,0.63,3.67,5.0
PIT,2024-12-01,8,8,3,8,3,100.0,100.0,66.67,0.13,16.63,5.78,2.88,4.0,1.33,0.0,6.67
PIT,2024-12-01,9,7,10,8,10,75.0,75.0,40.0,8.0,11.88,2.33,9.13,1.6,0.68,12.1,54.8
PIT,2024-12-01,10,11,11,12,11,58.33,58.33,72.73,41.75,13.08,2.79,43.5,1.64,1.8,1.91,11.18
PIT,2024-12-01,11,8,5,9,6,66.67,55.56,66.67,9.44,14.0,4.4,13.44,2.67,1.83,2.0,29.33
PIT,2024-12-01,12,6,8,8,8,75.0,75.0,100.0,12.63,10.63,0.75,12.75,3.25,2.06,2.25,1.5
PIT,2024-12-01,13,8,7,10,10,60.0,60.0,80.0,12.6,9.8,0.48,12.1,3.8,0.82,5.8,11.4
PIT,2024-12-01,14,6,6,6,7,66.67,83.33,71.43,9.17,10.0,0.63,8.83,1.29,1.0,2.86,7.14
PIT,2024-12-01,15,4,11,7,12,85.71,85.71,83.33,5.29,16.43,5.41,8.57,1.92,0.91,2.67,6.58
PIT,2024-12-01,16,12,7,11,11,81.82,81.82,36.36,11.27,12.0,1.45,11.64,3.0,1.43,6.73,35.18
PIT,2024-12-01,17,13,8,15,12,73.33,73.33,75.0,21.33,14.2,3.39,23.53,3.17,0.73,7.75,8.92
PIT,2024-12-01,18,8,16,11,19,72.73,72.73,63.16,14.55,15.55,5.04,18.73,2.58,1.84,5.47,17.26
PIT,2024-12-01,19,13,11,14,13,64.29,57.14,69.23,24.57,14.07,3.63,27.0,1.77,2.15,2.38,22.46
PIT,2024-12-01,20,8,9,9,11,55.56,66.67,81.82,35.33,10.33,0.98,35.11,0.36,1.46,2.91,5.82
PIT,2024-12-01,21,5,8,5,11,40.0,20.0,54.55,16.8,10.8,1.92,18.2,3.0,2.19,4.09,26.45
PIT,2024-12-01,22,1,10,2,11,50.0,50.0,90.91,28.0,13.5,2.05,30.0,1.55,1.1,2.18,2.91
PIT,2024-12-01,23,0,12,0,12,0.0,0.0,66.67,0.0,0.0,0.0,0.0,2.33,2.39,6.42,17.75
PIT,2024-12-02,0,0,5,0,6,0.0,0.0,66.67,0.0,0.0,0.0,0.0,0.67,1.25,0.5,14.0
PIT,2024-12-02,1,0,1,0,2,0.0,0.0,50.0,0.0,0.0,0.0,0.0,0.0,1.5,0.0,38.5
PIT,2024-12-02,2,0,0,0,3,0.0,0.0,100.0,0.0,0.0,0.0,0.0,0.33,2.4,2.0,3.67
PIT,2024-12-02,3,0,0,1,0,100.0,100.0,0.0,0.0,13.0,2.4,2.0,0.0,0.0,0.0,0.0
PIT,2024-12-02,5,8,0,8,0,100.0,50.0,0.0,1.63,22.75,12.05,11.88,0.0,0.0,0.0,0.0
PIT,2024-12-02,6,20,1,21,1,90.48,52.38,0.0,2.9,27.19,15.9,16.48,0.0,0.5,4.0,222.0
PIT,2024-12-02,7,10,2,12,2,83.33,66.67,50.0,17.92,18.83,7.23,23.33,0.0,0.25,1.0,14.0
PIT,2024-12-02,8,8,4,7,3,100.0,100.0,66.67,0.43,13.0,2.26,0.43,4.0,3.0,6.33,9.33
PIT,2024-12-02,9,7,8,10,9,80.0,70.0,77.78,50.0,13.1,3.45,52.2,2.44,1.41,1.44,9.11
PIT,2024-12-02,10,9,10,10,11,60.0,50.0,63.64,21.2,12.5,1.77,21.7,3.18,2.7,7.55,12.91
PIT,2024-12-02,11,8,6,9,7,66.67,66.67,57.14,27.67,11.44,1.49,28.44,3.0,1.57,0.57,41.71
PIT,2024-12-02,12,7,5,7,5,71.43,71.43,80.0,11.0,12.57,2.74,13.0,2.2,0.3,3.2,12.4
PIT,2024-12-02,13,5,8,6,9,66.67,66.67,55.56,11.5,9.83,0.4,10.67,1.44,1.26,0.67,14.0
PIT,2024-12-02,14,5,8,6,11,83.33,83.33,54.55,5.33,9.5,0.23,4.5,2.09,0.64,3.09,63.36
PIT,2024-12-02,15,6,9,6,11,50.0,33.33,72.73,10.0,15.83,5.08,14.17,1.36,1.32,3.18,30.09
PIT,2024-12-02,16,13,10,13,10,61.54,61.54,60.0,34.38,12.85,2.37,35.46,1.2,3.26,2.2,9.2
PIT,2024-12-02,17,12,5,15,6,86.67,73.33,83.33,22.13,14.33,3.82,24.07,3.0,3.12,3.83,4.33
PIT,2024-12-02,18,9,16,12,17,66.67,58.33,70.59,24.25,12.92,2.77,26.67,2.76,1.44,3.59,24.18
PIT,2024-12-02,19,11,9,12,11,75.0,58.33,45.45,9.75,14.83,4.15,12.67,2.18,2.23,5.27,19.36
PIT,2024-12-02,20,5,9,6,14,33.33,33.33,71.43,29.83,10.83,0.7,29.5,1.36,0.76,4.14,11.21
PIT,2024-12-02,21,5,9,8,10,75.0,75.0,90.0,8.25,11.75,2.55,10.25,0.6,3.54,3.5,4.5
PIT,2024-12-02,22,0,13,2,13,100.0,100.0,92.31,0.0,9.0,0.0,0.0,1.46,1.23,2.38,18.54
PIT,2024-12-02,23,0,8,0,9,0.0,0.0,44.44,0.0,0.0,0.0,0.0,2.22,1.11,3.44,32.0
PIT,2024-12-03,0,0,2,0,5,0.0,0.0,80.0,0.0,0.0,0.0,0.0,0.6,0.76,1.4,9.8
PIT,2024-12-03,1,0,1,0,2,0.0,0.0,50.0,0.0,0.0,0.0,0.0,0.0,1.0,2.5,10.0
PIT,2024-12-03,2,0,0,0,0,0.0,0.0,0.0,0.0,0.0,0.0,0.0,0.0,0.0,0.0,0.0
PIT,2024-12-03,3,0,0,1,1,100.0,100.0,100.0,0.0,22.0,11.4,11.0,0.0,2.5,4.0,5.0
PIT,2024-12-03,4,0,0,1,1,0.0,0.0,100.0,22.0,40.0,29.4,51.0,0.0,0.5,0.0,10.0
PIT,2024-12-03,5,2,0,5,3,60.0,60.0,0.0,22.6,15.6,5.84,27.0,0.0,2.17,0.0,31.33
PIT,2024-12-03,6,18,1,21,1,71.43,52.38,100.0,17.0,22.19,11.07,26.24,0.0,1.5,0.0,0.0
PIT,2024-12-03,7,12,1,15,2,86.67,80.0,100.0,6.07,19.13,8.23,11.4,1.5,0.95,4.0,5.0
PIT,2024-12-03,8,9,2,11,3,81.82,63.64,0.0,33.36,18.18,7.37,38.82,6.67,2.5,12.0,190.33
PIT,2024-12-03,9,2,6,2,6,50.0,50.0,100.0,88.5,16.0,5.4,93.5,1.0,2.03,0.17,0.0
PIT,2024-12-03,10,9,8,11,8,90.91,90.91,87.5,7.82,16.18,4.55,10.55,3.25,5.18,4.25,16.38
PIT,2024-12-03,11,5,3,5,5,80.0,80.0,80.0,12.8,15.6,4.92,17.8,2.6,3.7,4.0,12.2
PIT,2024-12-03,12,5,5,7,5,71.43,71.43,80.0,11.43,13.29,2.94,12.86,1.0,3.84,1.2,13.2
PIT,2024-12-03,13,5,6,6,7,83.33,83.33,100.0,5.67,14.17,2.63,6.83,2.57,2.49,2.14,1.29
PIT,2024-12-03,14,5,8,5,11,100.0,100.0,63.64,2.4,13.8,2.9,4.6,2.27,0.88,2.0,24.55
PIT,2024-12-03,15,6,10,9,10,66.67,55.56,90.0,17.89,15.44,4.42,21.0,3.7,1.11,3.7,5.5
PIT,2024-12-03,16,13,11,13,14,84.62,76.92,78.57,6.54,16.15,5.54,10.46,2.29,4.75,3.86,15.64
PIT,2024-12-03,17,12,6,12,11,50.0,41.67,63.64,12.75,18.67,7.56,19.0,3.36,1.79,8.64,12.27
PIT,2024-12-03,18,8,12,11,13,72.73,63.64,76.92,10.09,14.45,3.93,12.91,2.92,2.81,3.15,10.23
PIT,2024-12-03,19,6,7,6,12,66.67,66.67,91.67,13.67,25.67,15.1,26.17,2.08,1.43,3.83,6.67
PIT,2024-12-03,20,4,6,4,9,100.0,100.0,100.0,0.25,11.25,0.95,0.25,0.56,1.36,3.0,0.56
PIT,2024-12-03,21,0,7,3,8,33.33,33.33,100.0,79.0,11.67,1.8,80.33,1.38,1.0,1.13,2.13
PIT,2024-12-03,22,0,12,3,12,33.33,33.33,91.67,21.33,8.33,0.13,18.33,1.42,1.6,4.17,4.67
PIT,2024-12-03,23,0,7,1,8,100.0,100.0,75.0,0.0,20.0,9.4,9.0,2.38,5.21,6.88,5.75
PIT,2024-12-04,0,0,1,0,2,0.0,0.0,100.0,0.0,0.0,0.0,0.0,0.0,1.0,0.0,0.0
PIT,2024-12-04,1,0,0,0,2,0.0,0.0,100.0,0.0,0.0,0.0,0.0,0.0,1.5,0.0,0.0
PIT,2024-12-04,2,0,0,0,1,0.0,0.0,0.0,0.0,0.0,0.0,0.0,0.0,1.5,0.0,25.0
PIT,2024-12-04,3,0,0,1,0,0.0,0.0,0.0,43.0,14.0,3.4,46.0,0.0,0.0,0.0,0.0
PIT,2024-12-04,4,0,1,1,1,100.0,100.0,100.0,0.0,16.0,5.4,4.0,0.0,2.5,0.0,0.0
PIT,2024-12-04,5,2,0,4,2,75.0,75.0,50.0,10.75,19.25,9.7,17.5,0.0,3.0,0.0,28.0
PIT,2024-12-04,6,18,1,20,1,95.0,55.0,100.0,2.1,27.85,16.41,14.2,1.0,1.5,2.0,0.0
PIT,2024-12-04,7,12,1,13,3,92.31,69.23,66.67,4.0,25.38,14.18,14.08,2.33,2.17,6.0,85.67
PIT,2024-12-04,8,9,2,10,1,70.0,70.0,100.0,58.3,13.3,3.48,60.0,0.0,0.0,8.0,0.0
PIT,2024-12-04,9,3,6,5,6,100.0,100.0,83.33,2.2,12.8,2.32,3.6,1.5,2.37,2.5,6.33
PIT,2024-12-04,10,10,9,13,11,76.92,61.54,81.82,7.92,15.46,4.82,12.08,4.0,2.02,3.09,13.55
PIT,2024-12-04,11,5,3,6,3,100.0,100.0,66.67,0.0,10.67,0.93,0.67,7.33,0.67,9.0,44.0
PIT,2024-12-04,12,5,5,5,5,80.0,60.0,60.0,7.2,13.0,3.76,7.0,2.2,1.3,0.0,11.2
PIT,2024-12-04,13,5,6,6,6,100.0,83.33,100.0,0.33,17.5,8.13,7.83,2.17,1.07,1.17,0.83
PIT,2024-12-04,14,5,8,5,10,100.0,100.0,70.0,2.4,10.6,1.24,2.6,0.9,1.17,1.8,28.2
PIT,2024-12-04,15,6,10,7,12,100.0,100.0,75.0,1.86,12.86,2.04,2.29,2.17,0.87,4.08,9.67
PIT,2024-12-04,16,13,11,12,16,83.33,83.33,81.25,12.25,10.5,0.42,12.17,2.19,4.59,7.5,11.19
PIT,2024-12-04,17,12,6,13,10,61.54,53.85,90.0,16.92,19.31,8.48,24.0,2.5,3.64,2.8,3.6
PIT,2024-12-04,18,7,13,10,13,60.0,50.0,100.0,14.6,20.3,9.8,22.8,1.92,3.46,1.69,0.85
PIT,2024-12-04,19,7,5,10,8,90.0,40.0,75.0,6.4,31.6,20.91,24.1,4.13,0.84,10.13,9.5
PIT,2024-12-04,20,1,7,1,7,100.0,100.0,57.14,0.0,10.0,0.0,0.0,0.29,0.74,11.86,29.57
PIT,2024-12-04,21,1,8,3,10,66.67,66.67,70.0,6.33,13.33,2.93,8.0,3.1,0.65,5.9,13.4
PIT,2024-12-04,22,0,12,3,12,66.67,66.67,75.0,6.67,19.33,10.13,16.67,1.67,0.79,4.42,28.17
PIT,2024-12-04,23,0,8,0,8,0.0,0.0,37.5,0.0,0.0,0.0,0.0,2.0,1.49,7.25,58.88
PIT,2024-12-05,0,0,3,0,1,0.0,0.0,100.0,0.0,0.0,0.0,0.0,0.0,2.5,0.0,0.0
PIT,2024-12-05,1,0,1,0,0,0.0,0.0,0.0,0.0,0.0,0.0,0.0,0.0,0.0,0.0,0.0
PIT,2024-12-05,2,0,0,0,1,0.0,0.0,0.0,0.0,0.0,0.0,0.0,0.0,1.5,5.0,115.0
PIT,2024-12-05,3,0,0,0,1,0.0,0.0,100.0,0.0,0.0,0.0,0.0,0.0,2.5,9.0,0.0
PIT,2024-12-05,4,0,1,1,2,100.0,100.0,100.0,0.0,35.0,24.4,0.0,2.0,4.0,2.0,0.0
PIT,2024-12-05,5,2,0,4,4,100.0,50.0,25.0,2.0,31.0,20.55,15.0,8.75,6.0,15.25,41.5
PIT,2024-12-05,6,21,1,22,0,90.91,0.0,0.0,3.55,79.32,67.8,68.14,0.0,0.0,0.0,0.0
PIT,2024-12-05,7,11,1,12,1,100.0,8.33,100.0,0.33,84.0,72.98,69.75,0.0,1.5,3.0,12.0
PIT,2024-12-05,8,10,4,11,7,100.0,27.27,28.57,1.64,62.91,52.05,52.09,1.86,1.19,12.29,41.0
PIT,2024-12-05,9,7,5,10,9,70.0,40.0,44.44,13.3,34.4,23.32,34.9,4.67,1.19,7.78,53.67
PIT,2024-12-05,10,10,11,15,15,46.67,33.33,66.67,66.73,15.0,4.45,70.2,3.33,2.3,5.4,25.0
PIT,2024-12-05,11,8,4,11,5,72.73,72.73,60.0,15.09,11.18,1.0,15.09,7.2,2.7,7.0,14.2
PIT,2024-12-05,12,4,5,8,6,62.5,37.5,83.33,18.0,20.75,10.68,27.13,1.83,1.12,0.5,9.17
PIT,2024-12-05,13,5,6,9,8,55.56,55.56,37.5,16.0,15.78,4.83,19.89,3.5,1.71,4.25,29.75
PIT,2024-12-05,14,6,11,6,11,50.0,16.67,72.73,30.5,25.33,15.48,45.33,2.91,2.34,4.18,31.09
PIT,2024-12-05,15,7,12,11,12,36.36,18.18,66.67,60.18,46.36,35.11,89.09,2.33,0.95,3.67,24.08
PIT,2024-12-05,16,16,12,12,16,58.33,16.67,68.75,38.67,31.67,20.82,58.17,4.06,5.34,4.31,21.56
PIT,2024-12-05,17,12,6,15,9,53.33,26.67,55.56,36.47,32.8,21.85,58.2,3.56,2.78,7.11,21.11
PIT,2024-12-05,18,9,13,11,13,54.55,9.09,38.46,27.45,38.45,27.5,54.64,3.31,3.15,5.0,34.85
PIT,2024-12-05,19,7,5,8,10,50.0,12.5,40.0,39.38,34.5,23.74,63.0,6.0,2.07,16.1,36.9
PIT,2024-12-05,20,3,10,2,11,50.0,0.0,63.64,91.0,38.0,27.4,118.0,1.73,2.61,0.73,28.36
PIT,2024-12-05,21,0,8,3,10,100.0,33.33,70.0,5.33,47.67,37.07,35.0,1.1,1.88,0.5,25.7
PIT,2024-12-05,22,0,11,1,11,100.0,0.0,63.64,10.0,40.0,29.4,39.0,1.91,1.41,0.0,11.91
PIT,2024-12-05,23,0,7,0,6,0.0,0.0,50.0,0.0,0.0,0.0,0.0,2.5,1.98,3.5,11.83
PIT,2024-12-06,0,0,4,0,3,0.0,0.0,100.0,0.0,0.0,0.0,0.0,1.0,1.37,3.67,3.67
PIT,2024-12-06,1,0,1,0,1,0.0,0.0,0.0,0.0,0.0,0.0,0.0,0.0,5.5,0.0,106.0
PIT,2024-12-06,2,0,0,1,1,0.0,0.0,100.0,24.0,35.0,20.9,45.0,0.0,1.5,0.0,0.0
PIT,2024-12-06,3,0,0,1,1,0.0,0.0,100.0,32.0,28.0,17.4,49.0,5.0,1.5,3.0,0.0
PIT,2024-12-06,4,0,0,1,2,100.0,0.0,100.0,0.0,34.0,23.4,18.0,0.0,3.0,0.5,2.0
PIT,2024-12-06,5,3,0,4,3,75.0,0.0,33.33,17.5,41.25,30.1,43.25,0.67,3.83,2.67,31.67
PIT,2024-12-06,6,20,1,22,0,81.82,4.55,0.0,6.55,45.82,34.4,38.55,0.0,0.0,0.0,0.0
PIT,2024-12-06,7,11,1,16,1,81.25,6.25,0.0,13.81,37.25,26.44,38.81,0.0,0.5,0.0,219.0
PIT,2024-12-06,8,10,6,12,5,100.0,25.0,100.0,1.75,37.08,25.96,23.33,1.4,2.06,3.0,0.2
PIT,2024-12-06,9,7,5,8,5,100.0,87.5,40.0,2.13,15.5,4.47,5.5,3.0,1.5,8.0,25.6
PIT,2024-12-06,10,8,11,10,11,70.0,60.0,81.82,13.1,14.8,4.12,16.2,3.09,2.07,0.0,4.82
PIT,2024-12-06,11,9,4,11,5,72.73,72.73,40.0,18.18,12.55,2.65,19.73,4.8,1.7,5.2,30.0
PIT,2024-12-06,12,4,5,4,6,100.0,100.0,66.67,2.0,11.25,1.7,3.5,3.33,0.17,1.67,30.17
PIT,2024-12-06,13,6,6,6,8,50.0,50.0,50.0,26.17,23.0,12.47,37.83,2.88,1.15,4.38,17.63
PIT,2024-12-06,14,6,10,7,9,57.14,57.14,55.56,13.57,13.0,3.31,15.86,2.33,0.66,1.33,24.11
PIT,2024-12-06,15,5,11,6,14,66.67,50.0,71.43,7.67,16.17,5.7,11.33,2.5,0.67,6.21,15.21
PIT,2024-12-06,16,15,13,14,16,64.29,50.0,62.5,12.93,17.64,6.91,19.07,5.31,1.53,4.75,19.19
PIT,2024-12-06,17,13,5,13,6,69.23,69.23,66.67,14.0,15.38,5.07,18.23,2.33,2.7,5.67,17.0
PIT,2024-12-06,18,8,12,10,12,40.0,40.0,75.0,27.2,15.2,4.46,31.3,1.58,3.14,3.42,10.58
PIT,2024-12-06,19,7,5,7,9,71.43,71.43,66.67,7.29,17.0,6.37,10.14,3.33,2.08,5.78,17.78
PIT,2024-12-06,20,3,11,3,12,100.0,100.0,58.33,0.0,16.0,5.4,3.0,1.08,1.57,3.5,17.42
PIT,2024-12-06,21,3,8,5,9,80.0,80.0,44.44,5.4,11.8,2.36,7.6,1.67,2.34,5.56,21.33
PIT,2024-12-06,22,0,12,0,12,0.0,0.0,83.33,0.0,0.0,0.0,0.0,1.17,0.85,0.0,10.67
PIT,2024-12-06,23,0,6,0,7,0.0,0.0,85.71,0.0,0.0,0.0,0.0,5.57,0.74,2.14,6.43
PIT,2024-12-07,0,0,2,0,6,0.0,0.0,83.33,0.0,0.0,0.0,0.0,1.67,1.08,19.33,5.5
PIT,2024-12-07,1,0,0,2,2,0.0,0.0,50.0,23.5,19.5,11.7,30.5,0.0,0.5,0.5,8.5
PIT,2024-12-07,2,0,0,0,0,0.0,0.0,0.0,0.0,0.0,0.0,0.0,0.0,0.0,0.0,0.0
PIT,2024-12-07,3,0,0,1,0,0.0,0.0,0.0,15.0,12.0,1.4,16.0,0.0,0.0,0.0,0.0
PIT,2024-12-07,4,0,1,0,0,0.0,0.0,0.0,0.0,0.0,0.0,0.0,0.0,0.0,0.0,0.0
PIT,2024-12-07,5,3,0,3,1,100.0,100.0,100.0,0.33,16.33,5.53,3.0,0.0,2.5,0.0,14.0
PIT,2024-12-07,6,17,1,18,2,94.44,83.33,50.0,3.17,15.72,4.89,6.61,0.5,2.0,3.5,106.5
PIT,2024-12-07,7,7,1,9,1,100.0,100.0,100.0,0.0,13.89,3.28,1.56,0.0,0.5,0.0,0.0
PIT,2024-12-07,8,11,4,13,3,69.23,61.54,66.67,15.38,14.62,4.02,17.46,0.67,2.77,7.67,13.33
PIT,2024-12-07,9,7,5,8,6,75.0,75.0,100.0,13.63,13.13,2.49,15.5,2.5,1.17,2.5,2.0
PIT,2024-12-07,10,7,8,7,9,57.14,57.14,100.0,25.71,11.71,1.6,26.14,1.22,1.13,0.0,0.0
PIT,2024-12-07,11,5,7,6,7,83.33,83.33,100.0,2.83,10.5,0.57,2.5,2.14,0.64,0.0,1.14
PIT,2024-12-07,12,3,3,4,6,100.0,100.0,66.67,0.25,9.0,0.0,0.25,0.5,0.67,1.17,9.5
PIT,2024-12-07,13,6,5,6,5,100.0,100.0,100.0,0.0,10.17,0.67,0.0,0.8,0.94,0.0,0.0
PIT,2024-12-07,14,4,8,6,8,83.33,66.67,87.5,3.33,15.5,4.63,6.0,1.38,0.29,0.75,2.5
PIT,2024-12-07,15,7,5,7,10,100.0,100.0,70.0,0.0,9.43,0.64,0.14,1.1,0.45,3.1,11.2
PIT,2024-12-07,16,8,11,10,14,70.0,70.0,57.14,26.1,11.8,1.44,27.0,1.29,3.16,4.14,23.0
PIT,2024-12-07,17,9,4,11,6,54.55,54.55,100.0,26.09,12.18,1.42,26.82,2.5,3.08,0.67,0.83
PIT,2024-12-07,18,3,8,4,11,75.0,75.0,81.82,15.75,14.0,3.55,18.0,2.64,2.36,2.09,8.45
PIT,2024-12-07,19,4,5,6,6,66.67,66.67,83.33,15.5,11.67,1.7,16.0,1.0,0.53,1.17,3.0
PIT,2024-12-07,20,0,8,0,8,0.0,0.0,75.0,0.0,0.0,0.0,0.0,0.5,4.11,1.5,10.25
PIT,2024-12-07,21,0,5,0,5,0.0,0.0,60.0,0.0,0.0,0.0,0.0,1.0,0.7,0.0,10.2
PIT,2024-12-07,22,0,4,0,4,0.0,0.0,50.0,0.0,0.0,0.0,0.0,2.75,0.7,11.5,84.75
PIT,2024-12-07,23,0,6,2,5,50.0,100.0,60.0,8.0,8.0,0.0,5.5,3.0,0.64,0.0,13.4
PIT,2024-12-08,0,0,4,0,2,0.0,0.0,100.0,0.0,0.0,0.0,0.0,1.5,0.0,0.0,4.5
PIT,2024-12-08,1,0,2,0,0,0.0,0.0,0.0,0.0,0.0,0.0,0.0,0.0,0.0,0.0,0.0
PIT,2024-12-08,2,0,0,0,1,0.0,0.0,100.0,0.0,0.0,0.0,0.0,12.0,0.5,14.0,0.0
PIT,2024-12-08,3,0,0,1,1,0.0,0.0,100.0,29.0,11.0,0.4,29.0,0.0,3.5,4.0,0.0
PIT,2024-12-08,4,0,1,0,1,0.0,0.0,100.0,0.0,0.0,0.0,0.0,4.0,0.0,7.0,0.0
PIT,2024-12-08,5,5,0,5,0,100.0,100.0,0.0,0.4,10.6,0.96,0.2,0.0,0.0,0.0,0.0
PIT,2024-12-08,6,18,0,18,0,94.44,94.44,0.0,1.56,11.89,1.31,1.44,0.0,0.0,0.0,0.0
PIT,2024-12-08,7,9,0,10,0,100.0,90.0,0.0,0.1,14.3,4.04,2.4,0.0,0.0,0.0,0.0
PIT,2024-12-08,8,7,3,8,7,100.0,100.0,85.71,1.88,14.25,3.44,3.13,2.0,1.4,5.29,5.86
PIT,2024-12-08,9,6,6,9,9,77.78,77.78,44.44,5.0,11.56,1.22,4.89,3.56,0.8,3.89,28.44
PIT,2024-12-08,10,9,8,11,11,72.73,72.73,54.55,16.45,12.36,2.49,16.36,3.18,0.86,8.64,14.0
PIT,2024-12-08,11,8,6,10,10,50.0,60.0,90.0,12.2,11.2,1.12,12.1,1.7,1.7,2.1,6.7
PIT,2024-12-08,12,7,7,10,8,60.0,60.0,87.5,9.5,14.2,4.42,13.2,1.38,0.44,2.0,2.75
PIT,2024-12-08,13,6,7,7,8,85.71,85.71,100.0,12.57,10.57,0.63,12.43,1.13,0.68,0.0,0.88
PIT,2024-12-08,14,5,9,5,13,100.0,100.0,92.31,0.0,11.2,0.84,0.0,2.23,2.18,1.62,2.77
PIT,2024-12-08,15,8,9,9,15,77.78,66.67,60.0,8.67,13.89,3.56,10.78,2.27,0.7,4.07,17.73
PIT,2024-12-08,16,11,11,18,15,66.67,66.67,80.0,19.94,11.56,1.18,20.72,3.13,1.0,2.8,18.33
PIT,2024-12-08,17,11,7,17,12,88.24,88.24,75.0,6.18,12.94,2.31,6.88,1.75,0.69,3.33,15.83
PIT,2024-12-08,18,11,9,14,10,71.43,71.43,80.0,8.71,13.43,3.39,11.29,1.5,3.07,1.7,42.9
PIT,2024-12-08,19,6,6,7,7,85.71,85.71,100.0,9.0,15.86,5.1,9.86,1.86,1.67,1.43,0.43
PIT,2024-12-08,20,4,13,4,14,100.0,100.0,92.86,3.25,11.0,0.85,3.75,0.79,1.23,2.43,7.93
PIT,2024-12-08,21,2,4,2,6,50.0,50.0,83.33,11.5,13.5,4.2,15.0,3.0,3.88,5.0,7.83
PIT,2024-12-08,22,0,13,1,13,100.0,100.0,84.62,0.0,12.0,1.4,1.0,0.85,1.03,0.0,17.69
PIT,2024-12-08,23,0,8,0,8,0.0,0.0,87.5,0.0,0.0,0.0,0.0,2.38,1.8,7.25,6.5
PIT,2024-12-09,0,0,4,0,5,0.0,0.0,80.0,0.0,0.0,0.0,0.0,2.0,0.54,5.0,8.0
PIT,2024-12-09,1,0,1,0,2,0.0,0.0,100.0,0.0,0.0,0.0,0.0,0.0,0.0,0.0,0.5
PIT,2024-12-09,4,0,0,1,2,0.0,0.0,100.0,82.0,13.0,2.4,84.0,1.0,0.75,0.0,0.0
PIT,2024-12-09,5,3,0,3,0,100.0,100.0,0.0,0.33,13.67,2.87,2.33,0.0,0.0,0.0,0.0
PIT,2024-12-09,6,20,1,21,3,100.0,90.48,66.67,1.86,16.1,5.09,5.24,6.0,1.5,11.67,185.33
PIT,2024-12-09,7,11,1,15,2,93.33,93.33,50.0,2.73,12.2,1.82,3.8,6.5,1.35,7.0,16.0
PIT,2024-12-09,8,10,6,12,7,83.33,83.33,71.43,5.08,12.75,2.08,5.75,3.0,3.19,10.86,9.71
PIT,2024-12-09,9,7,5,8,6,100.0,87.5,83.33,2.13,13.75,3.42,3.0,4.67,3.37,2.83,24.33
PIT,2024-12-09,10,8,11,8,12,62.5,62.5,75.0,24.63,13.63,3.03,26.88,4.42,1.86,3.08,10.17
PIT,2024-12-09,11,8,4,11,7,81.82,81.82,71.43,5.45,12.36,2.15,6.91,4.0,1.79,2.29,10.71
PIT,2024-12-09,12,4,5,7,5,71.43,71.43,100.0,28.14,12.0,1.8,29.0,2.2,1.3,0.0,0.0
PIT,2024-12-09,13,7,6,9,6,77.78,77.78,83.33,7.44,11.56,1.18,7.22,1.83,1.82,0.0,12.83
PIT,2024-12-09,14,6,11,7,12,57.14,57.14,66.67,24.43,12.57,2.03,25.43,3.08,1.1,1.67,20.67
PIT,2024-12-09,15,5,9,5,11,80.0,60.0,72.73,5.8,15.8,4.88,10.4,3.27,1.67,7.09,10.0
PIT,2024-12-09,16,14,13,15,13,80.0,73.33,92.31,19.07,13.67,3.4,21.93,2.77,2.55,1.15,2.54
PIT,2024-12-09,17,13,5,13,7,76.92,76.92,85.71,15.54,12.92,2.41,16.69,1.86,0.47,5.0,15.71
PIT,2024-12-09,18,8,13,9,15,77.78,77.78,73.33,10.78,12.67,2.02,12.56,1.47,1.89,2.6,10.53
PIT,2024-12-09,19,8,4,8,9,87.5,87.5,55.56,3.0,14.63,3.88,5.63,3.44,2.61,7.67,23.67
PIT,2024-12-09,20,3,12,3,12,66.67,66.67,41.67,24.33,10.67,0.47,24.33,5.08,1.28,11.5,40.08
PIT,2024-12-09,21,3,7,4,7,50.0,50.0,100.0,19.0,19.5,9.45,28.0,0.29,1.64,0.71,1.57
PIT,2024-12-09,22,0,12,3,13,100.0,100.0,69.23,0.0,10.0,0.47,0.33,1.54,0.58,1.15,14.46
PIT,2024-12-09,23,0,7,1,9,0.0,0.0,88.89,23.0,22.0,11.4,34.0,1.44,1.07,0.89,4.89
PIT,2024-12-10,0,0,3,1,4,100.0,100.0,50.0,0.0,16.0,1.9,0.0,0.0,1.2,4.0,14.25
PIT,2024-12-10,1,0,0,0,1,0.0,0.0,100.0,0.0,0.0,0.0,0.0,0.0,19.5,10.0,6.0
PIT,2024-12-10,2,0,0,0,1,0.0,0.0,100.0,0.0,0.0,0.0,0.0,0.0,0.5,0.0,0.0
PIT,2024-12-10,3,0,0,1,1,100.0,100.0,100.0,0.0,10.0,0.0,0.0,0.0,0.0,0.0,0.0
PIT,2024-12-10,4,0,0,3,1,66.67,66.67,0.0,7.67,10.33,0.13,7.33,0.0,1.5,2.0,15.0
PIT,2024-12-10,5,3,0,6,3,50.0,50.0,66.67,36.17,11.5,0.9,36.5,0.0,2.5,1.33,14.33
PIT,2024-12-10,6,19,1,20,2,95.0,95.0,100.0,11.15,11.6,1.02,11.7,40.0,1.0,4.0,0.0
PIT,2024-12-10,7,11,1,14,3,85.71,78.57,33.33,11.57,18.79,8.24,16.36,33.0,1.5,54.67,58.0
PIT,2024-12-10,8,9,2,10,4,90.0,90.0,50.0,19.1,12.9,2.37,20.5,178.5,0.38,29.25,65.75
PIT,2024-12-10,9,2,5,7,6,57.14,57.14,66.67,40.86,14.57,4.06,42.0,2.33,0.37,1.17,33.17
PIT,2024-12-10,10,7,10,8,15,87.5,87.5,73.33,8.13,13.13,2.55,8.5,5.73,1.37,11.0,16.73
PIT,2024-12-10,11,8,3,9,2,88.89,88.89,100.0,3.33,12.11,1.36,3.78,0.0,0.0,0.0,0.0
PIT,2024-12-10,12,3,5,7,7,85.71,85.71,85.71,7.14,19.86,9.6,8.86,2.57,0.36,1.14,5.86
PIT,2024-12-10,13,6,5,7,8,85.71,71.43,50.0,5.14,14.86,4.66,8.43,1.75,0.24,1.25,22.75
PIT,2024-12-10,14,5,9,5,11,60.0,60.0,81.82,20.4,17.0,6.96,26.8,1.09,0.93,0.82,18.64
PIT,2024-12-10,15,4,9,7,10,85.71,85.71,80.0,4.71,13.14,2.39,6.29,2.6,1.21,3.5,15.4
PIT,2024-12-10,16,14,12,15,15,86.67,80.0,60.0,11.6,15.0,5.1,15.53,10.4,1.55,14.47,37.4
PIT,2024-12-10,17,12,4,12,8,50.0,50.0,87.5,46.25,19.0,8.53,53.0,3.38,1.09,5.13,8.5
PIT,2024-12-10,18,7,12,7,13,71.43,57.14,61.54,7.14,16.86,6.4,12.71,6.0,1.52,6.23,23.23
PIT,2024-12-10,19,6,3,7,8,85.71,71.43,50.0,10.29,17.71,7.66,15.29,5.5,0.94,11.5,33.25
PIT,2024-12-10,20,2,9,3,11,66.67,33.33,81.82,15.67,16.0,5.8,20.33,1.91,0.68,7.09,15.09
PIT,2024-12-10,21,0,5,3,5,66.67,66.67,100.0,7.67,9.33,0.0,7.0,1.4,1.26,0.4,0.0
PIT,2024-12-10,22,0,12,1,12,100.0,100.0,50.0,0.0,13.0,2.4,0.0,2.25,1.32,2.5,42.58
PIT,2024-12-10,23,0,8,1,8,0.0,100.0,62.5,15.0,8.0,0.0,12.0,1.75,0.23,3.75,9.5
PIT,2024-12-11,0,0,3,0,3,0.0,0.0,66.67,0.0,0.0,0.0,0.0,0.33,0.0,0.0,9.0
PIT,2024-12-11,1,0,0,0,0,0.0,0.0,0.0,0.0,0.0,0.0,0.0,0.0,0.0,0.0,0.0
PIT,2024-12-11,2,0,0,0,2,0.0,0.0,50.0,0.0,0.0,0.0,0.0,0.0,0.5,0.0,12.5
PIT,2024-12-11,3,0,0,1,0,0.0,0.0,0.0,31.0,15.0,4.4,35.0,0.0,0.0,0.0,0.0
PIT,2024-12-11,4,0,1,1,1,100.0,100.0,100.0,0.0,8.0,0.0,0.0,0.0,3.5,0.0,5.0
PIT,2024-12-11,5,3,0,6,3,50.0,50.0,33.33,13.5,11.33,0.6,13.5,0.0,2.5,0.0,15.0
PIT,2024-12-11,6,19,1,20,0,95.0,95.0,0.0,2.3,13.55,2.92,3.7,0.0,0.0,0.0,0.0
PIT,2024-12-11,7,11,1,14,1,92.86,85.71,100.0,4.36,13.86,3.64,7.07,1.0,0.5,0.0,3.0
PIT,2024-12-11,8,9,2,10,2,70.0,70.0,0.0,18.2,14.1,3.17,20.9,3.0,2.5,19.5,26.5
PIT,2024-12-11,9,3,5,3,7,100.0,100.0,57.14,0.67,16.0,5.4,2.0,12.29,0.57,11.0,19.0
PIT,2024-12-11,10,8,11,9,15,55.56,44.44,53.33,60.33,20.78,10.11,70.0,9.53,2.83,13.73,49.47
PIT,2024-12-11,11,8,3,11,5,72.73,45.45,100.0,12.36,18.27,7.41,18.91,3.2,2.9,1.8,0.4
PIT,2024-12-11,12,3,5,4,5,100.0,50.0,100.0,0.0,25.0,13.98,10.75,2.6,9.04,3.0,2.6
PIT,2024-12-11,13,6,5,5,5,80.0,0.0,80.0,52.2,32.6,21.88,69.8,3.0,0.06,0.0,52.0
PIT,2024-12-11,14,5,9,7,10,57.14,0.0,70.0,33.43,35.57,24.27,56.57,6.3,1.52,5.5,41.2
PIT,2024-12-11,15,4,9,5,11,80.0,0.0,81.82,9.8,35.0,23.94,33.6,2.45,2.33,6.0,5.82
PIT,2024-12-11,16,14,12,15,12,73.33,53.33,66.67,12.47,22.67,11.89,23.13,3.67,3.38,3.25,11.33
PIT,2024-12-11,17,12,4,12,6,58.33,33.33,83.33,38.5,24.83,14.18,52.0,4.33,1.78,5.67,5.83
PIT,2024-12-11,18,7,13,8,14,75.0,25.0,57.14,30.88,25.88,15.6,46.0,4.36,4.0,8.0,21.5
PIT,2024-12-11,19,7,3,7,7,57.14,28.57,42.86,44.29,34.86,24.13,66.57,4.14,2.64,9.43,22.57
PIT,2024-12-11,20,2,10,2,11,50.0,50.0,81.82,14.0,10.5,0.2,14.0,1.36,2.9,3.82,15.36
PIT,2024-12-11,21,1,6,4,6,50.0,0.0,66.67,24.5,41.0,31.05,54.0,1.33,0.83,0.0,42.17
PIT,2024-12-11,22,0,12,1,10,100.0,100.0,70.0,0.0,53.0,42.4,0.0,1.9,1.2,2.9,33.6
PIT,2024-12-11,23,0,8,0,7,0.0,0.0,85.71,0.0,0.0,0.0,0.0,4.71,0.67,4.86,26.29
PIT,2024-12-12,0,0,4,0,3,0.0,0.0,100.0,0.0,0.0,0.0,0.0,0.33,2.0,5.0,3.33
PIT,2024-12-12,1,0,1,0,0,0.0,0.0,0.0,0.0,0.0,0.0,0.0,0.0,0.0,0.0,0.0
PIT,2024-12-12,3,0,0,0,1,0.0,0.0,0.0,0.0,0.0,0.0,0.0,0.0,2.5,0.0,40.0
PIT,2024-12-12,4,0,1,1,2,0.0,0.0,100.0,38.0,27.0,16.4,54.0,1.0,1.5,0.0,3.0
PIT,2024-12-12,5,3,0,6,4,83.33,33.33,0.0,9.0,27.33,16.63,24.0,0.0,2.75,3.25,33.5
PIT,2024-12-12,6,20,1,23,2,86.96,21.74,0.0,16.0,28.57,17.28,31.87,3.5,0.5,8.0,24.5
PIT,2024-12-12,7,11,1,19,2,78.95,26.32,50.0,6.26,24.0,13.28,19.16,1.5,0.5,4.0,24.5
PIT,2024-12-12,8,10,4,12,4,83.33,50.0,75.0,9.17,24.0,13.06,21.67,4.5,1.45,9.0,11.25
PIT,2024-12-12,9,6,5,7,6,71.43,57.14,66.67,105.29,17.0,6.66,109.71,3.5,1.08,10.5,9.0
PIT,2024-12-12,10,9,11,10,12,70.0,60.0,66.67,13.7,14.4,4.16,15.9,3.08,0.83,0.92,31.58
PIT,2024-12-12,11,9,4,11,6,81.82,81.82,83.33,8.18,12.09,2.09,9.91,4.33,0.5,5.83,5.67
PIT,2024-12-12,12,4,5,8,8,62.5,62.5,75.0,12.13,14.38,4.2,13.13,2.38,0.06,3.75,10.38
PIT,2024-12-12,13,5,6,8,6,75.0,75.0,83.33,16.63,12.0,1.23,17.25,2.5,0.7,2.0,10.17
PIT,2024-12-12,14,6,12,9,15,33.33,33.33,73.33,30.67,12.22,1.67,31.44,4.2,0.71,5.6,12.73
PIT,2024-12-12,15,7,11,9,15,77.78,66.67,60.0,7.78,20.11,9.68,16.56,1.53,1.76,12.53,21.67
PIT,2024-12-12,16,16,12,16,14,81.25,81.25,78.57,8.94,12.0,1.64,9.69,2.14,2.29,3.79,8.5
PIT,2024-12-12,17,12,6,12,8,58.33,50.0,75.0,11.25,15.0,4.22,14.92,2.88,2.69,2.88,24.5
PIT,2024-12-12,18,9,13,11,17,27.27,27.27,41.18,48.73,18.91,7.9,56.45,2.94,1.73,4.35,36.0
PIT,2024-12-12,19,8,5,8,9,87.5,87.5,55.56,6.5,12.0,1.99,7.13,3.67,2.5,6.33,23.33
PIT,2024-12-12,20,3,10,4,11,75.0,75.0,54.55,21.0,19.5,9.2,29.25,0.27,0.61,5.18,12.45
PIT,2024-12-12,21,0,8,2,9,100.0,50.0,66.67,2.0,21.0,11.7,13.5,1.89,0.76,1.56,10.11
PIT,2024-12-12,22,0,12,1,12,100.0,100.0,75.0,0.0,43.0,32.4,0.0,1.0,1.2,3.42,8.58
PIT,2024-12-12,23,0,6,0,6,0.0,0.0,50.0,0.0,0.0,0.0,0.0,3.5,1.12,1.0,35.17
PIT,2024-12-13,0,0,4,1,4,100.0,0.0,75.0,4.0,40.0,29.4,33.0,0.25,1.45,0.0,19.25
PIT,2024-12-13,1,0,2,0,2,0.0,0.0,50.0,0.0,0.0,0.0,0.0,0.0,3.0,1.0,19.5
PIT,2024-12-13,2,0,0,0,0,0.0,0.0,0.0,0.0,0.0,0.0,0.0,0.0,0.0,0.0,0.0
PIT,2024-12-13,3,0,0,0,1,0.0,0.0,100.0,0.0,0.0,0.0,0.0,0.0,3.5,0.0,0.0
PIT,2024-12-13,4,0,0,2,2,50.0,50.0,100.0,12.5,36.5,25.9,33.0,0.0,1.5,0.0,6.5
PIT,2024-12-13,5,6,0,7,3,85.71,14.29,33.33,7.57,37.71,27.31,33.14,0.0,4.17,2.67,15.67
PIT,2024-12-13,6,19,0,21,0,85.71,0.0,0.0,4.48,48.1,36.58,39.71,0.0,0.0,0.0,0.0
PIT,2024-12-13,7,11,1,15,2,73.33,20.0,50.0,19.87,33.4,22.47,40.33,4.0,2.0,5.5,9.0
PIT,2024-12-13,8,8,6,11,6,72.73,27.27,50.0,9.09,29.55,18.15,21.64,2.33,3.8,29.83,28.83
PIT,2024-12-13,9,7,6,10,6,60.0,40.0,100.0,19.0,18.9,8.01,25.7,2.33,0.25,0.33,0.5
PIT,2024-12-13,10,8,10,10,11,90.0,80.0,100.0,3.1,14.6,3.92,5.5,2.73,5.18,2.64,2.27
PIT,2024-12-13,11,8,6,8,7,100.0,100.0,85.71,0.88,13.13,2.58,1.75,2.29,1.43,1.71,9.71
PIT,2024-12-13,12,5,5,6,5,83.33,83.33,100.0,3.33,12.5,2.5,5.33,2.2,4.0,3.2,1.0
PIT,2024-12-13,13,7,7,7,7,100.0,85.71,100.0,1.71,14.57,5.17,6.0,3.57,1.03,1.0,1.14
PIT,2024-12-13,14,5,8,7,11,100.0,100.0,90.91,0.14,11.86,1.46,1.14,3.55,1.15,1.91,3.91
PIT,2024-12-13,15,5,8,7,11,85.71,85.71,90.91,9.0,12.43,1.69,9.71,1.64,1.1,3.0,7.45
PIT,2024-12-13,16,11,13,13,13,84.62,84.62,84.62,5.92,12.23,1.97,6.77,1.77,1.65,3.38,4.0
PIT,2024-12-13,17,12,5,14,8,71.43,64.29,87.5,24.93,13.5,3.41,26.93,1.75,2.28,3.88,15.13
PIT,2024-12-13,18,10,12,13,15,76.92,69.23,86.67,53.92,11.69,1.77,54.31,2.53,1.81,3.6,6.73
PIT,2024-12-13,19,7,4,8,9,75.0,75.0,66.67,8.38,13.88,2.79,9.38,1.44,1.94,3.78,15.89
PIT,2024-12-13,20,4,12,5,13,100.0,100.0,84.62,0.0,11.0,0.88,0.0,1.23,1.83,6.15,7.69
PIT,2024-12-13,21,4,6,6,6,83.33,83.33,66.67,15.33,16.67,6.37,21.0,1.17,1.18,0.0,33.0
PIT,2024-12-13,22,0,13,0,14,0.0,0.0,78.57,0.0,0.0,0.0,0.0,2.21,0.72,1.36,6.57
PIT,2024-12-13,23,0,8,0,8,0.0,0.0,100.0,0.0,0.0,0.0,0.0,1.88,0.68,0.75,0.0
PIT,2024-12-14,0,0,2,0,4,0.0,0.0,100.0,0.0,0.0,0.0,0.0,0.5,1.5,0.0,0.0
PIT,2024-12-14,1,0,0,0,3,0.0,0.0,66.67,0.0,0.0,0.0,0.0,0.0,1.0,0.0,6.67
PIT,2024-12-14,2,0,0,1,0,0.0,0.0,0.0,15.0,11.0,0.4,15.0,0.0,0.0,0.0,0.0
PIT,2024-12-14,3,0,0,0,1,0.0,0.0,100.0,0.0,0.0,0.0,0.0,3.0,0.5,2.0,0.0
PIT,2024-12-14,4,0,1,0,0,0.0,0.0,0.0,0.0,0.0,0.0,0.0,0.0,0.0,0.0,0.0
PIT,2024-12-14,5,3,0,4,2,100.0,100.0,100.0,1.0,14.75,4.3,4.0,0.0,0.0,1.0,0.0
PIT,2024-12-14,6,17,0,17,0,100.0,82.35,0.0,1.53,17.35,6.32,6.35,0.0,0.0,0.0,0.0
PIT,2024-12-14,7,7,1,10,1,70.0,60.0,0.0,12.2,16.9,5.85,17.2,7.0,1.5,5.0,63.0
PIT,2024-12-14,8,11,4,13,4,92.31,84.62,100.0,5.08,15.92,5.38,9.08,4.25,1.45,4.75,3.0
PIT,2024-12-14,9,6,5,6,7,100.0,100.0,85.71,0.0,10.5,0.57,0.33,2.43,1.14,2.57,10.71
PIT,2024-12-14,10,7,8,9,8,88.89,88.89,75.0,3.56,12.11,2.69,4.89,1.75,0.75,0.88,28.13
PIT,2024-12-14,11,5,7,5,7,80.0,80.0,71.43,14.8,11.6,1.28,16.0,2.14,0.57,0.43,10.57
PIT,2024-12-14,12,3,3,4,4,50.0,50.0,100.0,16.75,12.5,2.2,18.25,2.25,0.05,0.0,0.0
PIT,2024-12-14,13,6,5,7,8,71.43,71.43,62.5,16.71,11.14,1.36,17.0,1.5,0.89,0.5,15.88
PIT,2024-12-14,14,4,8,5,9,100.0,100.0,100.0,0.0,17.4,6.68,2.4,2.56,0.37,1.56,0.67
PIT,2024-12-14,15,7,4,9,4,100.0,100.0,100.0,1.67,11.22,1.62,1.11,4.75,0.75,1.25,0.0
PIT,2024-12-14,16,7,12,7,14,85.71,85.71,64.29,4.29,11.57,1.37,5.43,1.0,1.51,4.0,23.93
PIT,2024-12-14,17,10,4,11,6,72.73,72.73,83.33,16.36,11.18,0.67,16.27,3.67,6.08,3.17,4.33
PIT,2024-12-14,18,3,8,4,9,100.0,100.0,77.78,2.75,17.5,7.3,6.75,2.44,2.11,2.78,5.33
PIT,2024-12-14,19,4,4,4,4,50.0,50.0,100.0,44.5,11.25,1.95,45.25,1.5,0.0,0.0,0.0
PIT,2024-12-14,20,0,9,0,10,0.0,0.0,60.0,0.0,0.0,0.0,0.0,1.5,0.63,1.8,17.1
PIT,2024-12-14,21,0,5,1,5,100.0,100.0,80.0,0.0,21.0,10.4,10.0,0.0,1.26,0.0,11.4
PIT,2024-12-14,22,0,4,0,5,0.0,0.0,100.0,0.0,0.0,0.0,0.0,0.8,2.12,0.0,0.0
PIT,2024-12-14,23,0,6,0,6,0.0,0.0,66.67,0.0,0.0,0.0,0.0,1.17,0.9,0.33,53.5
PIT,2024-12-15,0,0,4,0,3,0.0,0.0,100.0,0.0,0.0,0.0,0.0,0.0,1.27,1.0,7.33
PIT,2024-12-15,1,0,2,0,3,0.0,0.0,100.0,0.0,0.0,0.0,0.0,0.0,0.4,0.33,0.0
PIT,2024-12-15,3,0,0,1,0,100.0,100.0,0.0,0.0,10.0,0.0,0.0,0.0,0.0,0.0,0.0
PIT,2024-12-15,4,0,1,0,2,0.0,0.0,50.0,0.0,0.0,0.0,0.0,0.0,0.5,0.0,17.5
PIT,2024-12-15,5,5,0,5,0,100.0,80.0,0.0,0.0,14.4,4.68,3.8,0.0,0.0,0.0,0.0
PIT,2024-12-15,6,18,0,18,0,83.33,77.78,0.0,28.83,13.33,2.9,29.5,0.0,0.0,0.0,0.0
PIT,2024-12-15,7,9,0,8,0,87.5,87.5,0.0,4.5,11.5,0.91,5.0,0.0,0.0,0.0,0.0
PIT,2024-12-15,8,7,3,9,3,100.0,100.0,100.0,0.56,12.89,2.03,2.0,3.0,0.77,4.33,0.0
PIT,2024-12-15,9,6,6,9,6,77.78,77.78,83.33,4.78,10.67,0.96,4.78,3.83,0.67,0.0,5.0
PIT,2024-12-15,10,9,8,10,9,90.0,80.0,66.67,5.6,12.4,2.2,6.8,5.67,2.48,8.33,13.22
PIT,2024-12-15,11,8,6,8,6,87.5,75.0,83.33,10.63,12.25,2.85,12.88,6.5,4.5,4.0,11.33
PIT,2024-12-15,12,6,7,7,7,100.0,100.0,100.0,0.71,11.57,1.86,1.43,6.29,1.07,2.43,1.14
PIT,2024-12-15,13,6,7,7,9,85.71,85.71,55.56,4.0,12.71,2.71,5.29,6.67,0.52,9.89,30.89
PIT,2024-12-15,14,5,8,5,10,60.0,60.0,70.0,16.8,12.8,2.04,17.8,2.9,1.8,2.2,11.8
PIT,2024-12-15,15,8,9,9,12,66.67,77.78,50.0,10.11,9.67,0.27,9.33,2.25,1.24,8.75,29.42
PIT,2024-12-15,16,11,11,14,13,85.71,78.57,69.23,5.57,13.86,2.96,8.0,2.38,2.36,4.62,18.15
PIT,2024-12-15,17,10,7,12,11,75.0,75.0,90.91,8.58,12.33,2.13,9.42,2.09,2.32,2.45,13.0
PIT,2024-12-15,18,10,10,13,13,76.92,61.54,76.92,9.38,13.92,3.68,12.23,11.62,1.44,14.69,26.0
PIT,2024-12-15,19,7,5,7,7,71.43,71.43,85.71,10.43,15.0,4.37,13.0,1.57,7.0,3.57,6.57
PIT,2024-12-15,20,4,12,4,12,50.0,50.0,91.67,29.0,13.25,3.1,30.5,2.83,1.77,2.42,2.92
PIT,2024-12-15,21,2,5,3,5,33.33,33.33,60.0,42.67,11.0,0.93,43.33,0.8,1.02,0.8,233.6
PIT,2024-12-15,22,0,13,0,14,0.0,0.0,85.71,0.0,0.0,0.0,0.0,2.29,0.92,0.79,10.07
PIT,2024-12-15,23,0,8,1,8,100.0,100.0,100.0,0.0,13.0,0.0,0.0,1.5,0.65,2.0,1.25
PIT,2024-12-16,0,0,4,0,4,0.0,0.0,100.0,0.0,0.0,0.0,0.0,1.0,0.7,1.25,0.75
PIT,2024-12-16,1,0,1,0,3,0.0,0.0,66.67,0.0,0.0,0.0,0.0,9.33,0.33,9.67,11.0
PIT,2024-12-16,2,0,0,0,0,0.0,0.0,0.0,0.0,0.0,0.0,0.0,0.0,0.0,0.0,0.0
PIT,2024-12-16,3,0,0,1,0,0.0,0.0,0.0,31.0,12.0,1.4,32.0,0.0,0.0,0.0,0.0
PIT,2024-12-16,4,0,0,1,1,0.0,0.0,100.0,38.0,12.0,1.4,39.0,0.0,2.5,0.0,0.0
PIT,2024-12-16,5,3,0,3,0,100.0,100.0,0.0,0.0,13.67,2.53,0.67,0.0,0.0,0.0,0.0
PIT,2024-12-16,6,20,0,20,0,100.0,100.0,0.0,0.1,12.1,1.43,0.4,0.0,0.0,0.0,0.0
PIT,2024-12-16,7,11,1,11,3,90.91,72.73,0.0,6.82,20.0,9.45,13.09,6.33,1.83,9.0,184.0
PIT,2024-12-16,8,10,6,12,7,75.0,66.67,71.43,6.08,15.08,5.06,9.5,2.57,1.9,7.14,14.86
PIT,2024-12-16,9,7,5,10,6,90.0,90.0,50.0,7.3,10.3,0.96,7.8,2.17,0.33,5.0,25.5
PIT,2024-12-16,10,8,11,7,12,57.14,57.14,75.0,54.0,12.86,2.4,55.71,4.83,0.73,5.42,30.25
PIT,2024-12-16,11,8,4,9,4,77.78,77.78,75.0,30.0,13.33,3.58,30.0,2.25,0.13,0.0,14.75
PIT,2024-12-16,12,3,5,5,6,100.0,60.0,83.33,3.0,16.2,6.16,7.8,2.0,0.17,0.67,9.5
PIT,2024-12-16,13,7,6,9,7,88.89,88.89,85.71,11.67,11.78,2.02,13.33,3.14,0.39,2.57,9.14
PIT,2024-12-16,14,6,10,7,11,42.86,42.86,45.45,22.71,13.0,2.77,24.86,3.27,1.65,1.0,35.73
PIT,2024-12-16,15,5,9,8,11,75.0,75.0,81.82,19.88,15.5,4.6,24.0,5.55,5.04,11.73,9.45
PIT,2024-12-16,16,13,13,12,15,91.67,91.67,73.33,3.42,14.0,3.14,5.08,1.4,2.12,2.33,15.13
PIT,2024-12-16,17,13,5,15,8,53.33,46.67,62.5,21.27,15.6,5.11,25.6,5.88,3.0,6.25,16.38
PIT,2024-12-16,18,8,13,9,14,55.56,55.56,71.43,21.78,12.78,2.98,23.44,3.14,3.55,3.86,15.43
PIT,2024-12-16,19,8,4,8,7,75.0,75.0,57.14,18.0,14.13,4.2,20.5,5.71,1.43,11.57,22.57
PIT,2024-12-16,20,3,12,3,11,100.0,100.0,81.82,0.0,14.33,3.73,0.33,2.0,1.11,2.91,16.91
PIT,2024-12-16,21,3,7,4,8,50.0,25.0,75.0,9.75,24.0,13.8,21.0,3.63,1.71,2.88,19.25
PIT,2024-12-16,22,0,12,3,12,100.0,100.0,75.0,5.0,12.33,1.73,5.67,2.08,0.81,0.0,38.42
PIT,2024-12-16,23,0,7,0,7,0.0,0.0,71.43,0.0,0.0,0.0,0.0,3.14,0.36,0.71,11.43
PIT,2024-12-17,0,0,3,0,4,0.0,0.0,100.0,0.0,0.0,0.0,0.0,0.5,0.38,0.0,0.0
PIT,2024-12-17,1,0,0,0,2,0.0,0.0,100.0,0.0,0.0,0.0,0.0,0.0,1.5,0.0,0.0
PIT,2024-12-17,2,0,0,1,2,100.0,100.0,50.0,2.0,7.0,0.0,0.0,0.0,1.35,0.0,29.0
PIT,2024-12-17,3,0,0,1,0,100.0,100.0,0.0,0.0,10.0,0.0,0.0,0.0,0.0,0.0,0.0
PIT,2024-12-17,4,0,0,0,1,0.0,0.0,0.0,0.0,0.0,0.0,0.0,1.0,1.5,0.0,38.0
PIT,2024-12-17,5,3,0,5,3,60.0,60.0,33.33,10.8,12.8,2.0,12.0,0.0,3.83,9.33,32.0
PIT,2024-12-17,6,19,0,21,0,95.24,95.24,0.0,2.19,12.76,1.71,2.95,0.0,0.0,0.0,0.0
PIT,2024-12-17,7,11,1,14,1,71.43,71.43,100.0,22.0,10.93,0.99,22.07,4.0,0.5,5.0,0.0
PIT,2024-12-17,8,9,2,12,2,58.33,33.33,50.0,18.08,19.92,9.47,26.58,1.5,0.5,2.0,12.5
PIT,2024-12-17,9,2,5,2,5,100.0,50.0,100.0,0.0,24.5,13.9,12.0,2.2,0.7,0.0,0.6
PIT,2024-12-17,10,7,10,8,11,75.0,75.0,81.82,33.5,14.13,3.48,34.88,3.55,1.48,1.45,23.18
PIT,2024-12-17,11,8,3,10,4,90.0,90.0,75.0,26.6,10.6,0.42,26.2,0.5,0.25,2.5,60.5
PIT,2024-12-17,12,2,5,2,6,100.0,50.0,83.33,5.5,21.0,11.2,16.5,1.83,0.0,0.83,8.83
PIT,2024-12-17,13,6,5,7,5,100.0,100.0,100.0,0.0,10.86,0.77,0.0,2.2,0.5,0.0,0.0
PIT,2024-12-17,14,5,8,6,8,100.0,100.0,100.0,2.0,10.33,0.77,2.17,1.63,0.65,0.13,1.25
PIT,2024-12-17,15,4,9,4,12,100.0,100.0,75.0,0.5,15.75,5.32,3.5,2.83,0.33,5.08,10.67
PIT,2024-12-17,16,13,12,15,12,66.67,80.0,83.33,8.47,9.93,0.35,8.33,0.92,1.29,0.33,6.17
PIT,2024-12-17,17,12,4,13,5,84.62,84.62,100.0,10.85,12.0,1.35,11.69,2.2,3.04,2.4,0.0
PIT,2024-12-17,18,7,12,10,16,80.0,80.0,75.0,9.3,11.6,1.64,10.3,1.38,0.79,0.81,10.69
PIT,2024-12-17,19,6,3,7,9,57.14,57.14,77.78,15.71,12.57,2.54,15.86,2.33,0.94,4.44,13.33
PIT,2024-12-17,20,2,9,2,10,100.0,100.0,100.0,0.0,12.5,1.9,0.0,3.5,3.04,1.2,0.1
PIT,2024-12-17,21,0,5,3,7,66.67,66.67,85.71,12.33,8.67,0.0,11.33,0.71,0.64,1.29,6.0
PIT,2024-12-17,22,0,12,2,13,0.0,50.0,100.0,29.5,7.5,0.0,24.5,2.46,0.63,0.85,1.0
PIT,2024-12-17,23,0,8,0,8,0.0,0.0,100.0,0.0,0.0,0.0,0.0,1.0,0.8,0.0,0.0
PIT,2024-12-18,0,0,3,0,3,0.0,0.0,100.0,0.0,0.0,0.0,0.0,0.33,0.1,0.0,0.0
PIT,2024-12-18,1,0,0,0,1,0.0,0.0,100.0,0.0,0.0,0.0,0.0,0.0,0.5,0.0,0.0
PIT,2024-12-18,2,0,0,1,1,100.0,100.0,100.0,7.0,7.0,0.0,3.0,0.0,1.5,0.0,0.0
PIT,2024-12-18,3,0,0,1,0,100.0,100.0,0.0,0.0,10.0,0.0,0.0,0.0,0.0,0.0,0.0
PIT,2024-12-18,4,0,0,0,1,0.0,0.0,0.0,0.0,0.0,0.0,0.0,2.0,1.5,3.0,18.0
PIT,2024-12-18,5,3,0,6,3,83.33,83.33,33.33,11.0,16.33,5.73,13.83,0.0,2.5,1.33,24.0
PIT,2024-12-18,6,19,0,21,0,85.71,76.19,0.0,6.05,20.95,9.85,12.52,0.0,0.0,0.0,0.0
PIT,2024-12-18,7,11,1,14,2,78.57,64.29,50.0,8.71,17.93,7.29,12.86,1.5,0.5,1.5,30.5
PIT,2024-12-18,8,9,2,10,2,90.0,80.0,50.0,8.9,14.1,3.97,11.7,1.5,0.5,7.0,14.5
PIT,2024-12-18,9,3,5,6,6,100.0,83.33,83.33,0.0,14.33,4.03,2.5,3.17,1.2,5.5,6.33
PIT,2024-12-18,10,8,11,10,11,70.0,70.0,72.73,16.3,13.6,3.09,18.5,4.09,1.84,1.27,17.73
PIT,2024-12-18,11,9,4,10,6,90.0,90.0,33.33,3.9,11.7,1.62,4.3,0.33,1.33,8.67,27.5
PIT,2024-12-18,12,3,5,4,5,25.0,25.0,60.0,40.75,11.0,1.3,41.25,2.0,1.8,1.6,13.2
PIT,2024-12-18,13,6,5,6,7,66.67,66.67,85.71,6.17,14.33,3.97,7.0,4.29,1.2,3.86,9.71
PIT,2024-12-18,14,5,8,7,9,100.0,100.0,66.67,1.86,12.43,3.17,2.29,1.67,4.09,2.33,30.0
PIT,2024-12-18,15,4,9,4,10,50.0,25.0,70.0,33.0,23.25,12.48,44.5,1.9,1.54,7.0,13.0
PIT,2024-12-18,16,13,13,15,15,80.0,53.33,93.33,15.4,23.6,13.03,26.93,3.2,4.35,2.93,2.0
PIT,2024-12-18,17,12,4,13,5,69.23,61.54,80.0,12.85,15.92,5.27,17.77,1.8,3.74,2.6,8.4
PIT,2024-12-18,18,7,12,8,16,75.0,87.5,81.25,25.38,11.5,1.45,25.75,1.75,2.41,2.56,14.69
PIT,2024-12-18,19,7,4,7,9,71.43,71.43,44.44,11.43,13.86,3.61,13.29,1.67,1.61,5.78,33.44
PIT,2024-12-18,20,3,11,3,13,66.67,66.67,53.85,24.67,11.0,0.6,25.0,1.92,1.32,4.54,17.0
PIT,2024-12-18,21,1,7,4,7,100.0,75.0,71.43,5.0,12.75,2.7,7.5,1.86,1.47,0.0,43.57
PIT,2024-12-18,22,0,12,3,12,100.0,100.0,83.33,4.33,12.67,3.47,7.0,2.92,3.31,3.17,5.83
PIT,2024-12-18,23,0,7,0,7,0.0,0.0,71.43,0.0,0.0,0.0,0.0,1.43,1.41,1.71,6.71
PIT,2024-12-19,0,0,3,0,3,0.0,0.0,100.0,0.0,0.0,0.0,0.0,1.33,0.9,0.0,0.0
PIT,2024-12-19,1,0,1,0,0,0.0,0.0,0.0,0.0,0.0,0.0,0.0,0.0,0.0,0.0,0.0
PIT,2024-12-19,2,0,0,1,3,100.0,100.0,100.0,0.0,14.0,3.4,0.0,0.33,0.83,0.0,0.0
PIT,2024-12-19,3,0,0,1,0,100.0,100.0,0.0,0.0,16.0,5.4,5.0,0.0,0.0,0.0,0.0
PIT,2024-12-19,4,0,0,0,1,0.0,0.0,100.0,0.0,0.0,0.0,0.0,0.0,2.5,0.0,0.0
PIT,2024-12-19,5,8,1,10,4,90.0,90.0,25.0,6.4,12.5,1.72,7.0,0.0,4.0,2.75,30.75
PIT,2024-12-19,6,18,0,18,0,77.78,77.78,0.0,9.78,13.78,3.09,10.39,0.0,0.0,0.0,0.0
PIT,2024-12-19,7,13,1,19,1,78.95,73.68,100.0,7.74,12.0,1.72,9.0,0.0,0.5,0.0,6.0
PIT,2024-12-19,8,5,1,7,2,85.71,85.71,0.0,16.29,9.71,0.0,15.57,1.5,0.5,5.5,29.0
PIT,2024-12-19,9,4,7,6,7,83.33,83.33,100.0,5.83,12.17,2.3,7.67,0.57,0.5,2.57,1.43
PIT,2024-12-19,10,8,8,9,10,100.0,100.0,90.0,0.0,12.89,2.82,1.67,3.4,0.75,12.6,11.0
PIT,2024-12-19,11,6,10,9,12,77.78,77.78,91.67,15.44,10.67,0.91,15.78,1.58,1.08,2.58,5.08
PIT,2024-12-19,12,11,5,14,6,71.43,64.29,100.0,9.93,11.29,1.6,10.14,1.5,0.45,0.67,0.0
PIT,2024-12-19,13,6,7,6,8,100.0,100.0,100.0,2.0,12.17,1.9,2.17,2.88,0.63,2.25,3.38
PIT,2024-12-19,14,3,1,4,3,100.0,100.0,100.0,0.0,10.5,1.0,0.25,1.0,1.5,3.67,10.0
PIT,2024-12-19,15,4,12,4,11,100.0,100.0,81.82,1.25,10.5,0.85,0.25,1.45,0.45,5.82,18.0
PIT,2024-12-19,16,12,13,11,16,54.55,54.55,81.25,27.73,17.0,6.08,32.27,2.06,0.79,2.81,5.69
PIT,2024-12-19,17,12,6,14,8,100.0,71.43,50.0,3.14,18.0,7.18,9.43,1.5,1.69,4.5,67.38
PIT,2024-12-19,18,9,12,11,14,54.55,54.55,78.57,62.73,14.82,4.76,66.64,3.21,0.77,3.86,13.64
PIT,2024-12-19,19,7,4,7,11,100.0,85.71,63.64,1.14,18.57,8.2,8.14,1.91,0.77,9.73,17.55
PIT,2024-12-19,20,4,8,4,9,100.0,100.0,77.78,0.0,11.5,1.85,0.0,5.0,0.92,4.44,13.44
PIT,2024-12-19,21,2,11,8,11,87.5,75.0,63.64,4.88,13.13,2.88,7.38,1.09,1.1,4.45,27.18
PIT,2024-12-19,22,0,14,1,15,100.0,100.0,73.33,0.0,17.0,6.4,0.0,1.87,0.82,5.93,9.8
PIT,2024-12-19,23,0,9,0,9,0.0,0.0,55.56,0.0,0.0,0.0,0.0,4.33,1.1,10.67,21.44
PIT,2024-12-20,0,0,4,0,3,0.0,0.0,33.33,0.0,0.0,0.0,0.0,0.0,0.83,0.0,26.0
PIT,2024-12-20,1,0,0,0,1,0.0,0.0,0.0,0.0,0.0,0.0,0.0,0.0,2.5,0.0,41.0
PIT,2024-12-20,2,0,0,1,1,100.0,100.0,100.0,4.0,7.0,0.0,0.0,0.0,0.0,0.0,10.0
PIT,2024-12-20,4,0,0,0,2,0.0,0.0,50.0,0.0,0.0,0.0,0.0,3.5,1.75,3.5,25.0
PIT,2024-12-20,5,7,1,10,5,80.0,80.0,40.0,10.0,19.1,8.85,17.6,0.6,2.98,2.6,22.6
PIT,2024-12-20,6,19,0,24,0,87.5,25.0,0.0,5.5,37.17,25.89,27.5,0.0,0.0,0.0,0.0
PIT,2024-12-20,7,9,1,9,1,77.78,0.0,0.0,13.67,45.22,33.48,41.44,4.0,1.5,2.0,91.0
PIT,2024-12-20,8,10,4,12,3,91.67,8.33,100.0,2.75,47.58,36.65,33.08,1.0,1.33,3.33,2.67
PIT,2024-12-20,9,6,6,7,9,85.71,28.57,66.67,2.71,28.14,17.21,16.57,2.11,0.61,6.89,12.33
PIT,2024-12-20,10,8,8,10,8,80.0,60.0,87.5,11.0,19.1,8.94,18.4,4.38,2.1,3.38,4.13
PIT,2024-12-20,11,8,9,8,10,50.0,25.0,60.0,38.13,28.75,17.31,52.38,2.6,1.92,14.5,15.3
PIT,2024-12-20,12,8,4,9,6,55.56,11.11,66.67,28.56,50.11,39.78,66.67,2.33,1.2,1.83,7.83
PIT,2024-12-20,13,6,8,8,8,75.0,12.5,50.0,23.0,48.88,38.09,58.75,8.88,1.66,12.0,29.13
PIT,2024-12-20,14,4,4,4,4,50.0,50.0,75.0,22.0,10.75,1.1,23.0,1.25,0.48,1.0,59.75
PIT,2024-12-20,15,3,10,5,12,0.0,0.0,50.0,71.2,18.8,8.36,78.2,3.33,0.53,9.5,42.83
PIT,2024-12-20,16,13,12,16,14,50.0,37.5,64.29,28.44,19.44,8.87,33.94,1.43,4.9,7.07,9.86
PIT,2024-12-20,17,12,4,12,9,75.0,58.33,44.44,11.08,14.33,3.73,13.75,2.56,4.8,5.22,25.44
PIT,2024-12-20,18,7,10,7,9,0.0,0.0,44.44,93.43,29.86,19.77,113.14,1.44,0.76,3.0,53.78
PIT,2024-12-20,19,7,5,8,9,50.0,50.0,33.33,20.25,22.38,11.59,31.63,1.89,1.22,7.22,44.22
PIT,2024-12-20,20,3,12,4,14,50.0,25.0,21.43,30.5,29.5,18.9,45.0,1.64,1.0,13.71,53.14
PIT,2024-12-20,21,5,10,7,8,57.14,14.29,37.5,18.29,38.57,28.31,44.57,1.5,3.42,5.75,26.38
PIT,2024-12-20,22,0,12,1,14,0.0,0.0,28.57,29.0,30.0,19.4,48.0,1.36,2.26,11.64,44.21
PIT,2024-12-20,23,0,10,0,10,0.0,0.0,10.0,0.0,0.0,0.0,0.0,3.1,1.91,6.3,42.9
PIT,2024-12-21,0,0,4,0,7,0.0,0.0,42.86,0.0,0.0,0.0,0.0,0.57,2.64,6.0,48.71
PIT,2024-12-21,1,0,0,0,1,0.0,0.0,100.0,0.0,0.0,0.0,0.0,0.0,1.5,5.0,5.0
PIT,2024-12-21,2,0,0,0,0,0.0,0.0,0.0,0.0,0.0,0.0,0.0,0.0,0.0,0.0,0.0
PIT,2024-12-21,3,0,0,1,1,100.0,0.0,100.0,0.0,35.0,24.4,24.0,0.0,1.5,0.0,0.0
PIT,2024-12-21,4,0,0,1,1,100.0,100.0,0.0,0.0,7.0,0.0,0.0,0.0,1.5,0.0,31.0
PIT,2024-12-21,5,6,2,6,2,83.33,66.67,50.0,3.67,12.33,2.87,6.5,0.0,1.45,0.0,14.0
PIT,2024-12-21,6,19,0,19,1,84.21,68.42,0.0,4.79,19.95,9.12,12.58,0.0,2.5,0.0,21.0
PIT,2024-12-21,7,11,1,13,1,61.54,38.46,0.0,11.92,22.46,11.58,22.23,2.0,1.5,2.0,21.0
PIT,2024-12-21,8,6,2,6,1,83.33,83.33,100.0,11.17,20.17,9.02,17.33,1.0,0.5,0.0,9.0
PIT,2024-12-21,9,3,6,4,6,100.0,50.0,83.33,2.25,20.5,10.35,12.5,3.33,0.58,0.33,22.5
PIT,2024-12-21,10,8,6,8,5,75.0,62.5,100.0,8.75,20.5,9.7,15.88,4.8,1.04,0.0,1.0
PIT,2024-12-21,11,6,5,8,5,87.5,12.5,60.0,3.13,34.0,22.41,23.88,2.2,1.1,1.2,27.4
PIT,2024-12-21,12,5,3,5,3,60.0,20.0,100.0,18.0,37.4,27.04,42.4,2.33,0.4,1.67,8.67
PIT,2024-12-21,13,6,9,7,9,100.0,14.29,66.67,2.14,40.0,28.59,27.43,0.67,0.92,8.56,17.0
PIT,2024-12-21,14,5,8,5,8,0.0,0.0,25.0,58.0,55.6,44.8,102.8,2.63,3.15,7.88,37.5
PIT,2024-12-21,15,8,5,10,7,20.0,0.0,14.29,46.6,51.9,41.31,87.6,19.86,4.77,24.57,48.0
PIT,2024-12-21,16,9,14,10,17,30.0,10.0,29.41,49.3,38.6,28.01,76.8,3.24,6.08,9.12,34.24
PIT,2024-12-21,17,14,6,14,10,21.43,7.14,60.0,31.93,39.0,27.89,59.29,4.9,5.12,5.7,22.6
PIT,2024-12-21,18,4,5,6,6,50.0,16.67,50.0,19.5,33.83,22.95,41.67,11.0,6.08,9.5,32.17
PIT,2024-12-21,19,5,6,5,6,60.0,60.0,66.67,44.2,16.8,5.34,49.2,3.83,2.75,2.33,33.0
PIT,2024-12-21,20,3,8,3,9,33.33,33.33,55.56,92.67,11.67,1.93,92.67,3.0,4.76,7.67,30.11
PIT,2024-12-21,21,1,10,1,11,0.0,0.0,63.64,34.0,13.0,3.6,38.0,1.82,4.58,4.0,55.09
PIT,2024-12-21,22,0,8,1,10,100.0,0.0,40.0,0.0,80.0,69.4,45.0,0.5,2.04,5.0,42.4
PIT,2024-12-21,23,0,11,2,11,100.0,100.0,45.45,2.5,9.0,0.7,0.5,0.82,2.04,1.0,30.73
PIT,2024-12-22,0,0,4,0,5,0.0,0.0,40.0,0.0,0.0,0.0,0.0,0.2,2.14,0.6,44.0
PIT,2024-12-22,1,0,0,0,1,0.0,0.0,100.0,0.0,0.0,0.0,0.0,0.0,1.5,6.0,0.0
PIT,2024-12-22,2,0,0,0,0,0.0,0.0,0.0,0.0,0.0,0.0,0.0,0.0,0.0,0.0,0.0
PIT,2024-12-22,3,0,0,1,0,100.0,100.0,0.0,0.0,10.0,0.0,0.0,0.0,0.0,0.0,0.0
PIT,2024-12-22,4,0,0,0,1,0.0,0.0,0.0,0.0,0.0,0.0,0.0,2.0,2.5,0.0,38.0
PIT,2024-12-22,5,7,1,7,3,85.71,85.71,66.67,2.86,15.29,5.21,5.86,0.0,4.07,0.33,35.0
PIT,2024-12-22,6,20,0,22,1,77.27,63.64,0.0,18.45,14.73,3.87,21.23,0.0,1.5,10.0,35.0
PIT,2024-12-22,7,8,0,7,0,85.71,71.43,0.0,7.43,21.0,9.83,15.57,0.0,0.0,0.0,0.0
PIT,2024-12-22,8,8,1,10,3,70.0,70.0,33.33,9.1,15.8,5.38,12.8,3.33,1.0,4.0,13.67
PIT,2024-12-22,9,3,6,8,8,37.5,37.5,50.0,28.13,12.38,1.83,29.38,2.63,1.59,3.5,19.5
PIT,2024-12-22,10,7,7,10,8,70.0,60.0,62.5,11.0,17.1,6.52,14.6,3.38,0.96,3.88,12.13
PIT,2024-12-22,11,7,10,8,9,50.0,50.0,88.89,15.13,10.75,0.09,14.25,2.44,3.5,1.0,21.0
PIT,2024-12-22,12,10,5,11,6,72.73,72.73,50.0,22.73,11.64,1.78,23.55,2.83,0.25,2.67,40.17
PIT,2024-12-22,13,4,6,6,6,83.33,83.33,83.33,14.17,11.33,0.67,14.33,1.17,0.55,0.5,15.5
PIT,2024-12-22,14,3,3,4,3,75.0,75.0,100.0,9.0,12.25,2.2,10.5,1.67,0.3,0.0,0.0
PIT,2024-12-22,15,5,9,6,11,50.0,50.0,63.64,24.67,11.5,1.62,25.17,0.91,1.09,2.09,15.73
PIT,2024-12-22,16,12,12,13,13,84.62,84.62,61.54,8.31,15.62,5.39,8.69,1.85,1.3,1.54,21.69
PIT,2024-12-22,17,12,7,13,10,53.85,46.15,40.0,27.92,12.15,1.97,28.23,1.7,1.1,2.3,19.2
PIT,2024-12-22,18,6,8,8,9,75.0,62.5,88.89,12.88,13.38,3.85,15.13,0.89,0.59,0.22,24.22
PIT,2024-12-22,19,7,5,7,5,57.14,57.14,40.0,40.14,10.29,0.57,39.0,1.6,2.8,0.2,33.2
PIT,2024-12-22,20,3,9,3,11,33.33,33.33,54.55,25.67,11.67,1.27,26.67,0.36,0.85,2.55,18.45
PIT,2024-12-22,21,3,11,4,12,100.0,75.0,75.0,6.5,17.75,8.45,14.25,0.58,1.72,2.58,20.67
PIT,2024-12-22,22,1,11,1,11,100.0,100.0,81.82,0.0,12.0,1.4,1.0,1.0,0.73,0.27,16.09
PIT,2024-12-22,23,0,11,0,11,0.0,0.0,81.82,0.0,0.0,0.0,0.0,1.18,1.54,0.0,8.18
PIT,2024-12-23,0,0,4,0,5,0.0,0.0,60.0,0.0,0.0,0.0,0.0,0.6,0.56,0.0,37.6
PIT,2024-12-23,1,0,0,0,1,0.0,0.0,100.0,0.0,0.0,0.0,0.0,0.0,0.5,0.0,0.0
PIT,2024-12-23,3,0,0,1,0,100.0,100.0,0.0,0.0,10.0,0.0,0.0,0.0,0.0,0.0,0.0
PIT,2024-12-23,5,7,1,7,2,85.71,42.86,100.0,4.0,25.43,15.01,16.29,0.0,1.45,0.0,5.5
PIT,2024-12-23,6,18,0,18,0,88.89,38.89,0.0,3.56,29.22,17.75,17.78,0.0,0.0,0.0,0.0
PIT,2024-12-23,7,9,1,9,1,66.67,33.33,0.0,11.0,25.33,13.84,22.78,4.0,0.5,3.0,56.0
PIT,2024-12-23,8,10,4,10,3,100.0,80.0,66.67,0.8,27.6,16.6,11.1,2.67,0.67,3.0,14.0
PIT,2024-12-23,9,6,6,7,7,57.14,57.14,85.71,29.29,13.0,2.46,31.57,2.14,0.76,2.14,24.29
PIT,2024-12-23,10,7,8,7,9,71.43,57.14,66.67,15.57,15.29,4.5,18.86,3.67,0.33,1.56,23.56
PIT,2024-12-23,11,7,8,8,10,75.0,75.0,80.0,10.13,10.0,0.38,10.13,1.8,0.55,2.1,7.8
PIT,2024-12-23,12,7,4,8,5,75.0,75.0,80.0,10.0,11.0,1.53,10.25,3.6,0.7,1.2,12.8
PIT,2024-12-23,13,6,7,8,9,87.5,87.5,77.78,7.5,10.13,0.3,6.88,2.67,0.61,1.89,12.22
PIT,2024-12-23,14,4,4,4,4,100.0,100.0,75.0,3.5,8.5,0.0,3.0,2.5,0.35,1.75,14.5
PIT,2024-12-23,15,3,9,3,9,100.0,100.0,77.78,2.33,9.67,0.0,1.33,1.0,0.49,3.56,8.56
PIT,2024-12-23,16,13,12,12,18,83.33,83.33,66.67,8.58,11.5,1.11,8.67,2.72,1.09,5.61,11.44
PIT,2024-12-23,17,13,5,13,8,100.0,92.31,50.0,1.62,12.0,1.59,1.85,1.88,2.96,1.5,18.0
PIT,2024-12-23,18,6,9,7,9,42.86,42.86,55.56,27.14,9.29,0.43,27.0,1.89,1.33,2.44,32.56
PIT,2024-12-23,19,6,5,6,9,16.67,16.67,66.67,43.17,10.33,0.57,42.0,3.11,1.22,5.78,17.22
PIT,2024-12-23,20,3,12,3,12,100.0,100.0,75.0,0.0,12.0,1.6,0.0,2.0,1.07,3.25,8.33
PIT,2024-12-23,21,5,9,8,9,75.0,75.0,88.89,10.38,13.5,4.08,12.63,1.22,1.97,1.11,2.67
PIT,2024-12-23,22,0,12,5,12,60.0,60.0,50.0,13.6,13.4,4.04,12.0,0.33,1.0,4.42,38.42
PIT,2024-12-23,23,0,10,1,10,100.0,100.0,50.0,0.0,10.0,0.0,0.0,1.4,0.86,0.0,46.5
PIT,2024-12-24,0,0,1,0,4,0.0,0.0,100.0,0.0,0.0,0.0,0.0,1.0,0.33,0.0,3.5
PIT,2024-12-24,1,0,0,0,0,0.0,0.0,0.0,0.0,0.0,0.0,0.0,0.0,0.0,0.0,0.0
PIT,2024-12-24,2,0,0,1,1,0.0,0.0,0.0,52.0,36.0,25.4,77.0,0.0,1.5,0.0,45.0
PIT,2024-12-24,3,0,0,0,0,0.0,0.0,0.0,0.0,0.0,0.0,0.0,0.0,0.0,0.0,0.0
PIT,2024-12-24,4,0,0,0,1,0.0,0.0,0.0,0.0,0.0,0.0,0.0,0.0,2.5,0.0,58.0
PIT,2024-12-24,5,3,0,5,5,80.0,80.0,40.0,16.4,13.2,2.64,18.8,1.8,3.88,2.6,41.6
PIT,2024-12-24,6,20,0,24,0,54.17,54.17,0.0,64.21,12.33,2.05,64.17,0.0,0.0,0.0,0.0
PIT,2024-12-24,7,10,1,11,0,54.55,45.45,0.0,27.64,16.73,5.98,32.64,0.0,0.0,0.0,0.0
PIT,2024-12-24,8,10,1,10,0,80.0,70.0,0.0,12.8,10.8,1.4,13.1,0.0,0.0,0.0,0.0
PIT,2024-12-24,9,3,6,6,7,50.0,50.0,28.57,15.83,11.17,0.63,15.5,2.0,0.93,7.71,34.14
PIT,2024-12-24,10,8,8,8,8,62.5,62.5,62.5,42.63,13.25,2.8,44.5,3.5,2.0,3.13,34.13
PIT,2024-12-24,11,7,5,7,4,71.43,71.43,50.0,29.57,11.57,1.23,30.14,2.0,0.63,8.25,10.5
PIT,2024-12-24,12,4,5,5,6,80.0,80.0,50.0,27.6,13.0,3.12,28.6,2.17,0.5,2.17,22.83
PIT,2024-12-24,13,5,8,6,10,66.67,66.67,50.0,16.5,11.67,1.15,16.17,1.9,0.45,5.3,19.9
PIT,2024-12-24,14,6,5,7,9,85.71,85.71,88.89,7.57,10.71,1.69,8.71,2.89,0.93,0.0,3.11
PIT,2024-12-24,15,1,10,3,10,66.67,66.67,40.0,15.33,9.67,0.47,15.0,0.1,0.91,5.3,62.1
PIT,2024-12-24,16,11,9,10,9,70.0,70.0,88.89,26.4,11.5,2.12,26.7,1.0,1.96,0.22,2.0
PIT,2024-12-24,17,6,6,7,8,85.71,71.43,62.5,9.71,11.14,1.34,10.14,4.63,3.4,3.5,17.75
PIT,2024-12-24,18,3,10,2,10,0.0,0.0,80.0,102.0,17.5,8.8,110.5,0.8,2.4,2.4,29.7
PIT,2024-12-24,19,4,6,4,10,100.0,100.0,60.0,0.0,10.5,1.35,0.0,1.7,2.07,3.7,14.7
PIT,2024-12-24,20,2,4,2,4,100.0,100.0,100.0,7.0,13.0,3.7,7.5,1.0,0.83,0.0,0.0
PIT,2024-12-24,21,0,5,1,6,100.0,100.0,100.0,0.0,10.0,0.0,0.0,1.67,0.5,0.0,2.0
PIT,2024-12-24,22,0,8,0,8,0.0,0.0,100.0,0.0,0.0,0.0,0.0,2.5,0.73,0.0,0.0
PIT,2024-12-24,23,0,4,0,5,0.0,0.0,60.0,0.0,0.0,0.0,0.0,1.0,0.2,1.6,10.2
PIT,2024-12-25,0,0,1,0,1,0.0,0.0,100.0,0.0,0.0,0.0,0.0,4.0,0.0,0.0,0.0
PIT,2024-12-25,5,0,1,0,0,0.0,0.0,0.0,0.0,0.0,0.0,0.0,0.0,0.0,0.0,0.0
PIT,2024-12-25,6,16,0,15,0,93.33,73.33,0.0,8.73,16.27,5.86,12.53,0.0,0.0,0.0,0.0
PIT,2024-12-25,7,9,1,9,1,88.89,77.78,0.0,10.89,13.56,3.39,13.89,0.0,0.5,0.0,101.0
PIT,2024-12-25,8,8,1,7,1,100.0,100.0,100.0,0.86,12.86,2.63,1.29,6.0,0.5,9.0,0.0
PIT,2024-12-25,9,5,5,5,5,100.0,100.0,100.0,0.2,11.0,0.64,0.0,4.4,0.4,2.4,0.4
PIT,2024-12-25,10,10,6,11,8,100.0,100.0,75.0,0.0,12.73,2.51,1.27,3.13,0.59,3.13,6.63
PIT,2024-12-25,11,6,3,8,4,87.5,87.5,75.0,8.88,10.88,1.2,9.88,1.5,0.5,1.0,20.5
PIT,2024-12-25,12,2,4,4,4,75.0,75.0,100.0,12.5,12.25,2.45,14.25,2.5,0.5,0.0,0.0
PIT,2024-12-25,13,4,6,6,6,83.33,83.33,100.0,6.67,10.5,0.4,6.83,2.33,0.38,0.0,0.0
PIT,2024-12-25,14,4,6,4,8,100.0,100.0,75.0,0.0,9.0,0.0,0.0,3.25,2.25,4.38,15.75
PIT,2024-12-25,15,4,6,5,9,60.0,60.0,55.56,25.2,11.2,1.14,25.6,3.33,0.17,5.11,17.67
PIT,2024-12-25,16,9,12,10,15,90.0,90.0,86.67,7.9,10.3,0.24,8.0,1.67,2.72,1.8,4.0
PIT,2024-12-25,17,8,6,15,6,66.67,60.0,100.0,12.87,12.27,2.38,14.27,1.67,1.28,0.0,0.0
PIT,2024-12-25,18,2,4,3,4,100.0,100.0,100.0,0.67,9.33,0.2,1.0,1.25,2.25,1.75,2.25
PIT,2024-12-25,19,4,5,4,5,100.0,100.0,100.0,2.5,12.25,1.88,3.5,0.4,1.24,0.0,0.0
PIT,2024-12-25,20,2,5,2,6,100.0,100.0,66.67,0.0,13.5,2.9,0.0,0.0,0.88,2.67,14.33
PIT,2024-12-25,21,1,7,1,7,100.0,100.0,71.43,0.0,24.0,13.4,0.0,2.71,0.36,1.14,9.43
PIT,2024-12-25,22,0,11,0,11,0.0,0.0,90.91,0.0,0.0,0.0,0.0,1.82,0.52,1.18,1.64
PIT,2024-12-25,23,0,5,0,5,0.0,0.0,100.0,0.0,0.0,0.0,0.0,1.6,0.98,1.6,0.6
PIT,2024-12-26,0,0,4,0,1,0.0,0.0,100.0,0.0,0.0,0.0,0.0,5.0,0.0,0.0,0.0
PIT,2024-12-26,3,0,0,0,1,0.0,0.0,100.0,0.0,0.0,0.0,0.0,0.0,1.5,7.0,0.0
PIT,2024-12-26,4,0,0,1,0,100.0,100.0,0.0,0.0,9.0,0.0,0.0,0.0,0.0,0.0,0.0
PIT,2024-12-26,5,7,1,8,3,75.0,50.0,100.0,27.38,20.13,9.99,35.63,0.0,0.3,0.0,0.0
PIT,2024-12-26,6,20,0,23,0,86.96,65.22,0.0,6.04,20.39,9.36,14.26,0.0,0.0,0.0,0.0
PIT,2024-12-26,7,10,1,14,1,92.86,92.86,100.0,10.93,12.71,2.05,11.57,8.0,0.5,6.0,0.0
PIT,2024-12-26,8,7,3,12,3,50.0,50.0,66.67,44.25,12.17,2.07,45.25,8.67,0.5,6.0,98.67
PIT,2024-12-26,9,5,6,9,8,77.78,77.78,100.0,7.78,11.11,0.86,8.0,2.5,1.16,0.25,0.0
PIT,2024-12-26,10,8,8,10,9,90.0,90.0,100.0,3.3,11.1,0.66,3.4,2.11,0.37,3.0,1.44
PIT,2024-12-26,11,7,10,10,14,60.0,60.0,85.71,31.9,14.3,3.63,34.8,1.36,0.32,0.93,5.0
PIT,2024-12-26,12,7,2,10,4,80.0,80.0,100.0,16.7,12.0,2.18,18.4,0.75,0.0,2.75,0.0
PIT,2024-12-26,13,5,6,7,10,71.43,71.43,50.0,15.14,12.71,1.44,16.0,2.7,0.33,5.0,43.7
PIT,2024-12-26,14,3,5,8,5,62.5,50.0,80.0,12.5,15.38,5.08,16.38,1.2,0.3,0.8,6.4
PIT,2024-12-26,15,4,9,5,11,60.0,60.0,63.64,76.6,17.6,6.96,82.6,2.64,0.62,5.45,31.82
PIT,2024-12-26,16,14,11,14,12,78.57,78.57,83.33,25.71,15.0,4.39,28.07,1.42,2.27,3.67,9.42
PIT,2024-12-26,17,11,7,12,8,83.33,83.33,62.5,6.58,12.25,1.77,7.17,1.13,4.25,0.38,11.25
PIT,2024-12-26,18,6,9,6,13,66.67,66.67,38.46,17.83,10.0,0.7,18.33,2.46,1.18,6.15,53.08
PIT,2024-12-26,19,7,4,8,8,37.5,37.5,75.0,56.75,14.25,4.05,60.25,1.38,1.06,2.0,15.63
PIT,2024-12-26,20,3,8,3,8,66.67,66.67,87.5,23.67,17.33,6.73,26.33,0.0,1.41,0.0,9.88
PIT,2024-12-26,21,3,11,6,14,83.33,83.33,85.71,17.33,12.0,2.17,18.5,1.36,1.4,1.14,21.0
PIT,2024-12-26,22,0,11,2,11,100.0,100.0,63.64,0.0,11.0,0.7,0.0,0.45,1.91,5.09,22.27
PIT,2024-12-26,23,0,11,0,11,0.0,0.0,72.73,0.0,0.0,0.0,0.0,2.09,5.33,2.18,16.91
PIT,2024-12-27,0,0,4,0,4,0.0,0.0,25.0,0.0,0.0,0.0,0.0,0.5,1.38,0.25,58.75
PIT,2024-12-27,1,0,0,0,1,0.0,0.0,100.0,0.0,0.0,0.0,0.0,0.0,1.5,0.0,0.0
PIT,2024-12-27,3,0,0,1,1,100.0,100.0,100.0,0.0,10.0,0.0,0.0,0.0,4.5,4.0,0.0
PIT,2024-12-27,4,0,0,1,1,100.0,100.0,100.0,0.0,10.0,0.0,0.0,5.0,2.5,11.0,10.0
PIT,2024-12-27,5,7,1,9,4,77.78,55.56,25.0,20.44,16.11,6.33,24.89,0.0,0.48,2.75,37.75
PIT,2024-12-27,6,18,0,19,0,84.21,78.95,0.0,13.32,17.37,6.86,17.95,0.0,0.0,0.0,0.0
PIT,2024-12-27,7,9,1,13,1,61.54,61.54,0.0,12.62,15.62,4.79,16.31,5.0,1.5,5.0,55.0
PIT,2024-12-27,8,9,4,12,7,83.33,66.67,57.14,13.17,17.83,7.51,18.25,2.29,1.0,7.43,16.0
PIT,2024-12-27,9,6,6,9,8,77.78,77.78,62.5,15.56,15.0,5.0,18.67,3.25,0.91,3.38,44.25
PIT,2024-12-27,10,8,8,9,9,66.67,44.44,88.89,18.44,18.33,8.04,25.11,1.56,2.31,3.67,3.67
PIT,2024-12-27,11,8,8,9,9,88.89,88.89,88.89,7.56,15.33,4.67,8.89,2.22,1.67,1.11,10.22
PIT,2024-12-27,12,5,2,6,4,50.0,50.0,75.0,145.5,13.5,3.37,148.5,0.25,0.8,0.5,21.5
PIT,2024-12-27,13,6,8,7,11,71.43,71.43,72.73,15.14,12.86,2.3,15.57,4.18,1.3,6.18,20.0
PIT,2024-12-27,14,4,5,9,8,55.56,55.56,62.5,38.33,13.11,3.38,40.0,3.5,1.13,4.25,43.88
PIT,2024-12-27,15,3,8,3,10,100.0,100.0,70.0,6.0,10.33,0.8,4.33,3.2,1.01,4.6,19.4
PIT,2024-12-27,16,13,11,15,14,73.33,73.33,71.43,18.27,13.27,3.16,19.67,1.14,1.92,3.57,22.79
PIT,2024-12-27,17,12,6,15,8,73.33,80.0,75.0,9.53,12.4,2.18,10.6,0.63,5.34,1.88,6.88
PIT,2024-12-27,18,5,8,6,11,66.67,66.67,36.36,8.83,12.83,3.5,8.83,6.09,0.89,10.09,43.82
PIT,2024-12-27,19,6,4,7,8,28.57,28.57,62.5,37.71,10.71,0.46,37.14,3.0,1.5,9.38,13.75
PIT,2024-12-27,20,3,12,3,13,66.67,66.67,69.23,25.0,13.0,2.4,25.67,1.69,3.98,5.85,27.46
PIT,2024-12-27,21,5,9,6,9,66.67,50.0,66.67,10.83,13.33,3.2,13.17,1.33,2.78,7.67,36.56
PIT,2024-12-27,22,0,12,0,12,0.0,0.0,66.67,0.0,0.0,0.0,0.0,2.83,0.66,1.0,27.83
PIT,2024-12-27,23,0,10,0,10,0.0,0.0,70.0,0.0,0.0,0.0,0.0,0.6,0.32,0.3,18.3
PIT,2024-12-28,0,0,4,0,4,0.0,0.0,50.0,0.0,0.0,0.0,0.0,0.0,1.45,0.0,35.0
PIT,2024-12-28,1,0,0,0,1,0.0,0.0,100.0,0.0,0.0,0.0,0.0,0.0,0.5,0.0,0.0
PIT,2024-12-28,2,0,0,0,0,0.0,0.0,0.0,0.0,0.0,0.0,0.0,0.0,0.0,0.0,0.0
PIT,2024-12-28,3,0,0,1,0,100.0,100.0,0.0,0.0,10.0,0.0,0.0,0.0,0.0,0.0,0.0
PIT,2024-12-28,5,6,2,7,3,85.71,85.71,66.67,6.14,12.0,2.6,8.57,0.0,0.17,0.33,30.67
PIT,2024-12-28,6,19,0,19,0,94.74,94.74,0.0,4.68,14.79,3.68,6.95,0.0,0.0,0.0,0.0
PIT,2024-12-28,7,10,1,14,2,71.43,64.29,0.0,34.64,16.36,5.11,38.29,6.0,0.5,9.0,102.0
PIT,2024-12-28,8,6,2,7,3,85.71,71.43,33.33,2.43,16.43,5.94,7.0,4.33,0.33,10.67,46.33
PIT,2024-12-28,9,3,6,6,6,83.33,66.67,83.33,10.67,14.33,4.03,14.0,1.83,0.47,1.33,4.17
PIT,2024-12-28,10,9,6,12,8,83.33,75.0,75.0,10.5,15.92,5.17,14.42,9.13,1.31,8.75,9.88
PIT,2024-12-28,11,6,6,7,8,71.43,71.43,50.0,40.14,14.14,2.84,41.86,7.63,0.69,47.38,82.5
PIT,2024-12-28,12,5,3,12,4,41.67,41.67,75.0,19.0,18.0,7.57,26.08,2.5,0.25,1.25,11.5
PIT,2024-12-28,13,6,8,6,9,83.33,83.33,88.89,8.67,14.17,3.63,9.83,1.89,0.76,2.0,6.0
PIT,2024-12-28,14,5,9,6,10,33.33,33.33,60.0,45.17,14.33,4.57,48.5,1.8,0.59,1.3,32.5
PIT,2024-12-28,15,7,4,7,5,14.29,14.29,60.0,45.71,12.86,3.17,47.86,3.0,1.88,1.2,28.8
PIT,2024-12-28,16,9,14,9,18,55.56,55.56,61.11,29.44,13.22,3.18,31.0,1.83,3.21,1.17,30.11
PIT,2024-12-28,17,15,7,15,8,53.33,53.33,62.5,51.67,13.4,3.09,53.47,3.0,6.69,2.13,19.25
PIT,2024-12-28,18,4,5,6,6,66.67,66.67,33.33,23.83,11.83,1.63,25.33,2.0,1.0,4.67,41.5
PIT,2024-12-28,19,5,5,5,5,20.0,0.0,40.0,54.0,13.2,3.08,54.8,0.4,0.3,0.0,30.8
PIT,2024-12-28,20,3,8,3,8,66.67,66.67,87.5,33.67,12.0,2.6,35.0,0.63,1.41,2.38,4.75
PIT,2024-12-28,21,1,10,1,12,0.0,0.0,66.67,38.0,10.0,0.6,39.0,7.17,1.57,8.08,31.17
PIT,2024-12-28,22,0,8,1,8,100.0,100.0,62.5,0.0,10.0,0.6,0.0,0.75,1.38,1.75,41.0
PIT,2024-12-28,23,0,11,0,11,0.0,0.0,36.36,0.0,0.0,0.0,0.0,0.45,1.65,0.36,144.27
PIT,2024-12-29,0,0,4,0,6,0.0,0.0,33.33,0.0,0.0,0.0,0.0,0.0,0.17,0.83,43.83
PIT,2024-12-29,1,0,0,0,2,0.0,0.0,100.0,0.0,0.0,0.0,0.0,37.0,1.5,0.0,0.0
PIT,2024-12-29,2,0,0,0,0,0.0,0.0,0.0,0.0,0.0,0.0,0.0,0.0,0.0,0.0,0.0
PIT,2024-12-29,3,0,0,1,0,100.0,100.0,0.0,0.0,10.0,0.0,0.0,0.0,0.0,0.0,0.0
PIT,2024-12-29,4,0,0,0,0,0.0,0.0,0.0,0.0,0.0,0.0,0.0,0.0,0.0,0.0,0.0
PIT,2024-12-29,5,7,1,7,2,100.0,100.0,50.0,2.43,10.71,1.23,3.57,0.0,1.65,0.0,41.0
PIT,2024-12-29,6,20,0,20,0,95.0,90.0,0.0,4.95,11.95,1.75,5.85,0.0,0.0,0.0,0.0
PIT,2024-12-29,7,8,0,8,0,75.0,75.0,0.0,6.38,12.88,2.03,7.63,0.0,0.0,0.0,0.0
PIT,2024-12-29,8,7,1,9,1,66.67,66.67,100.0,9.33,12.78,1.84,10.11,0.0,0.5,0.0,0.0
PIT,2024-12-29,9,3,6,5,6,20.0,20.0,83.33,111.2,10.8,1.28,111.4,3.83,1.72,0.0,9.5
PIT,2024-12-29,10,8,7,9,7,66.67,66.67,100.0,16.78,12.78,2.71,18.44,1.71,0.47,2.43,2.43
PIT,2024-12-29,11,7,10,10,12,80.0,80.0,75.0,26.5,11.4,0.86,26.8,8.67,2.5,1.58,11.42
PIT,2024-12-29,12,8,4,9,5,44.44,44.44,60.0,21.11,12.67,2.58,22.44,4.0,0.6,2.8,9.8
PIT,2024-12-29,13,5,6,5,6,100.0,80.0,83.33,3.0,13.0,3.08,5.2,1.5,0.22,0.0,7.5
PIT,2024-12-29,14,3,4,4,4,25.0,50.0,100.0,21.5,10.25,0.35,21.5,9.0,1.6,4.75,4.0
PIT,2024-12-29,15,5,8,6,11,50.0,50.0,54.55,12.5,15.17,5.1,17.17,0.36,1.53,2.45,34.64
PIT,2024-12-29,16,12,11,12,14,58.33,58.33,64.29,34.33,11.75,1.66,34.83,1.64,1.1,6.21,15.93
PIT,2024-12-29,17,11,8,14,11,71.43,64.29,72.73,13.36,14.71,3.55,15.57,2.27,3.73,2.18,21.09
PIT,2024-12-29,18,5,7,7,8,42.86,28.57,50.0,75.0,15.29,5.2,79.71,32.88,1.84,34.88,87.88
PIT,2024-12-29,19,7,4,7,6,42.86,42.86,83.33,63.57,13.43,2.53,65.43,3.33,1.5,5.0,27.67
PIT,2024-12-29,20,3,9,3,10,100.0,66.67,40.0,4.0,21.33,10.93,10.33,43.8,2.47,46.8,66.2
PIT,2024-12-29,21,3,10,5,11,20.0,20.0,54.55,74.4,17.4,6.9,81.4,6.82,2.22,7.91,59.09
PIT,2024-12-29,22,1,12,2,13,0.0,0.0,38.46,239.0,12.0,1.4,240.0,2.69,1.67,2.69,39.69
PIT,2024-12-29,23,0,11,0,13,0.0,0.0,38.46,0.0,0.0,0.0,0.0,2.23,5.97,4.62,41.0
PIT,2024-12-30,0,0,4,0,5,0.0,0.0,40.0,0.0,0.0,0.0,0.0,3.0,1.96,4.0,27.0
PIT,2024-12-30,1,0,0,0,1,0.0,0.0,0.0,0.0,0.0,0.0,0.0,0.0,0.5,0.0,29.0
PIT,2024-12-30,2,0,0,0,0,0.0,0.0,0.0,0.0,0.0,0.0,0.0,0.0,0.0,0.0,0.0
PIT,2024-12-30,3,0,0,1,0,100.0,100.0,0.0,0.0,10.0,0.0,0.0,0.0,0.0,0.0,0.0
PIT,2024-12-30,4,0,0,0,0,0.0,0.0,0.0,0.0,0.0,0.0,0.0,0.0,0.0,0.0,0.0
PIT,2024-12-30,5,7,1,7,0,71.43,71.43,0.0,7.57,10.43,0.6,8.14,0.0,0.0,0.0,0.0
PIT,2024-12-30,6,18,0,18,0,77.78,77.78,0.0,6.39,12.28,1.1,6.94,0.0,0.0,0.0,0.0
PIT,2024-12-30,7,9,1,9,1,88.89,88.89,0.0,3.0,12.33,1.36,2.89,5.0,0.5,22.0,23.0
PIT,2024-12-30,8,9,4,11,4,72.73,72.73,75.0,25.82,13.18,3.15,28.36,4.5,1.25,8.25,31.75
PIT,2024-12-30,9,6,6,9,6,77.78,66.67,100.0,10.33,14.89,4.32,13.89,3.0,0.33,2.5,1.67
PIT,2024-12-30,10,8,8,9,10,100.0,100.0,90.0,0.33,12.89,2.27,0.67,5.6,0.9,1.1,3.0
PIT,2024-12-30,11,7,8,10,9,70.0,80.0,55.56,14.0,11.2,1.1,14.4,2.11,0.94,4.44,33.33
PIT,2024-12-30,12,6,3,7,3,85.71,85.71,100.0,31.0,9.86,0.69,30.57,1.67,0.5,0.0,0.0
PIT,2024-12-30,13,6,7,7,10,71.43,71.43,80.0,5.57,11.0,0.97,5.43,0.8,1.08,0.2,6.9
PIT,2024-12-30,14,4,5,6,5,83.33,83.33,60.0,6.17,10.83,1.57,6.5,0.6,3.8,2.2,10.0
PIT,2024-12-30,15,3,8,5,9,40.0,40.0,88.89,29.2,11.8,1.22,29.2,1.78,0.36,3.67,3.22
PIT,2024-12-30,16,13,11,14,11,92.86,85.71,72.73,2.71,13.14,3.12,4.93,0.91,1.26,0.91,7.18
PIT,2024-12-30,17,12,6,13,12,84.62,84.62,75.0,8.23,13.23,2.57,9.08,2.83,6.68,5.33,11.42
PIT,2024-12-30,18,5,8,6,10,100.0,83.33,70.0,3.83,11.67,2.57,6.17,1.3,1.07,4.2,20.3
PIT,2024-12-30,19,6,4,6,9,83.33,83.33,100.0,6.83,11.0,1.33,7.0,1.78,1.22,1.78,0.44
PIT,2024-12-30,20,3,12,4,14,75.0,75.0,78.57,32.75,11.75,1.45,32.5,0.71,1.66,2.36,11.93
PIT,2024-12-30,21,5,9,8,9,75.0,75.0,100.0,12.13,11.63,1.83,12.75,1.11,0.52,2.33,1.11
PIT,2024-12-30,22,0,12,2,12,100.0,100.0,66.67,0.0,10.5,0.2,0.0,0.75,1.18,0.58,14.92
PIT,2024-12-30,23,0,10,0,11,0.0,0.0,81.82,0.0,0.0,0.0,0.0,1.55,1.68,3.0,6.91
PIT,2024-12-31,0,0,1,0,4,0.0,0.0,75.0,0.0,0.0,0.0,0.0,0.5,0.55,0.0,12.5
PIT,2024-12-31,1,0,0,0,2,0.0,0.0,50.0,0.0,0.0,0.0,0.0,57.5,0.5,99.5,98.5
PIT,2024-12-31,3,0,0,2,1,100.0,100.0,100.0,0.0,13.0,2.7,2.5,0.0,0.0,0.0,2.0
PIT,2024-12-31,4,0,0,1,1,100.0,100.0,0.0,5.0,8.0,0.0,2.0,5.0,0.0,0.0,41.0
PIT,2024-12-31,5,3,1,5,4,60.0,60.0,75.0,15.8,12.2,1.42,15.2,0.0,0.25,0.0,11.75
PIT,2024-12-31,6,19,0,23,1,78.26,69.57,100.0,10.26,12.43,1.83,11.39,0.0,0.3,0.0,0.0
PIT,2024-12-31,7,9,1,11,1,81.82,72.73,100.0,11.73,13.0,2.58,13.45,0.0,0.0,0.0,0.0
PIT,2024-12-31,8,10,1,12,3,83.33,83.33,66.67,9.58,14.25,3.53,10.92,5.67,5.17,7.67,8.33
PIT,2024-12-31,9,4,6,4,6,100.0,100.0,100.0,1.75,10.0,0.6,0.25,3.5,1.05,0.17,0.0
PIT,2024-12-31,10,9,8,9,8,100.0,100.0,87.5,0.0,11.22,0.9,0.0,1.75,1.29,0.0,4.63
PIT,2024-12-31,11,7,6,9,9,77.78,77.78,66.67,19.11,10.22,0.69,19.56,4.56,1.28,4.0,17.56
PIT,2024-12-31,12,5,4,6,7,83.33,83.33,85.71,4.33,11.0,1.07,4.83,0.86,0.0,1.86,11.14
PIT,2024-12-31,13,5,8,5,10,80.0,80.0,100.0,17.0,10.6,1.08,16.2,7.9,0.53,1.6,1.4
PIT,2024-12-31,14,6,5,7,6,71.43,71.43,66.67,15.14,11.86,2.0,15.57,3.33,0.42,2.83,27.17
PIT,2024-12-31,15,4,8,5,8,100.0,100.0,100.0,2.2,9.6,0.08,2.2,1.75,0.58,2.0,0.5
PIT,2024-12-31,16,10,8,11,9,90.91,90.91,100.0,3.73,11.09,0.85,3.91,1.44,2.47,0.78,0.78
PIT,2024-12-31,17,7,6,8,6,87.5,75.0,100.0,4.75,13.13,2.16,5.88,1.0,0.67,1.83,0.67
PIT,2024-12-31,18,3,10,3,11,100.0,100.0,72.73,0.0,10.67,1.2,0.67,2.55,0.82,2.18,8.09
PIT,2024-12-31,19,4,6,5,10,80.0,80.0,70.0,9.0,12.8,2.22,10.8,0.7,1.47,1.9,16.5
PIT,2024-12-31,20,2,6,2,6,100.0,100.0,83.33,0.0,10.5,0.2,0.0,1.67,0.92,11.17,10.33
PIT,2024-12-31,21,0,8,2,8,100.0,100.0,75.0,0.0,14.0,3.7,3.5,0.88,1.01,0.0,15.75
PIT,2024-12-31,22,0,10,1,10,100.0,100.0,80.0,0.0,6.0,0.0,0.0,0.9,1.11,2.0,26.3
PIT,2024-12-31,23,0,4,0,4,0.0,0.0,75.0,0.0,0.0,0.0,0.0,2.0,0.78,0.0,11.0
