airport,report_date,Hour,Scheduled Departures,Scheduled Arrivals,Departures For Metric Computation,Arrivals For Metric Computation,% On-Time Gate Departures,% On-Time Airport Departures,% On-Time Gate Arrivals,Average Gate Departure Delay,Average Taxi Out Time,Average Taxi Out Delay,Average Airport Departure Delay,Average Airborne Delay,Average Taxi In Delay,Average Block Delay,Average Gate Arrival Delay
PHX,2019-01-01,0,2,8,3,3,66.67,33.33,66.67,9.33,17.67,7.13,15.67,2.67,11.87,13.67,12.33
PHX,2019-01-01,1,5,2,5,1,80.0,80.0,0.0,127.8,13.4,3.08,129.4,0.0,5.1,15.0,644.0
PHX,2019-01-01,2,1,0,1,0,100.0,100.0,0.0,3.0,16.0,5.8,9.0,0.0,0.0,0.0,0.0
PHX,2019-01-01,5,4,0,4,0,100.0,100.0,0.0,0.0,12.75,4.0,3.5,0.0,0.0,0.0,0.0
PHX,2019-01-01,6,17,5,17,6,88.24,82.35,83.33,5.0,12.88,4.12,8.24,2.33,0.0,8.5,8.67
PHX,2019-01-01,7,20,10,21,10,90.48,85.71,80.0,4.05,13.9,4.36,7.05,2.9,0.65,5.7,8.9
PHX,2019-01-01,8,22,33,24,31,91.67,83.33,67.74,3.0,13.63,4.46,6.33,5.52,7.28,13.39,13.39
PHX,2019-01-01,9,41,32,41,31,80.49,60.98,77.42,11.61,16.93,6.93,17.51,3.29,8.35,7.87,8.06
PHX,2019-01-01,10,35,43,34,41,94.12,79.41,65.85,4.62,13.03,3.92,7.94,3.0,9.73,9.02,18.32
PHX,2019-01-01,11,46,25,47,25,63.83,48.94,72.0,14.77,15.72,5.91,20.11,2.2,3.6,5.8,31.8
PHX,2019-01-01,12,25,28,26,29,76.92,65.38,75.86,8.85,11.46,3.16,11.73,2.79,5.02,5.41,8.59
PHX,2019-01-01,13,43,37,44,37,70.45,63.64,75.68,24.25,13.32,3.31,26.98,2.43,2.57,2.68,21.08
PHX,2019-01-01,14,35,23,35,24,60.0,60.0,75.0,13.97,10.57,1.2,14.69,3.17,4.11,6.5,12.04
PHX,2019-01-01,15,27,35,28,37,64.29,60.71,72.97,14.89,11.93,2.15,16.61,2.3,5.39,6.97,13.11
PHX,2019-01-01,16,34,32,37,33,67.57,59.46,51.52,15.95,12.84,3.39,18.81,3.45,8.15,11.79,21.39
PHX,2019-01-01,17,30,26,32,28,62.5,53.13,71.43,18.66,12.09,2.54,20.56,2.79,2.69,3.93,17.29
PHX,2019-01-01,18,29,36,28,38,57.14,57.14,63.16,18.54,12.71,3.43,21.43,2.39,3.58,4.5,15.74
PHX,2019-01-01,19,38,36,39,37,51.28,41.03,64.86,24.82,13.62,3.89,28.28,3.24,4.28,8.84,19.65
PHX,2019-01-01,20,20,56,20,56,60.0,45.0,57.14,21.2,12.1,3.72,24.4,3.05,5.51,8.82,26.04
PHX,2019-01-01,21,38,25,38,26,47.37,36.84,61.54,30.26,17.05,6.96,36.55,1.85,3.43,3.62,17.62
PHX,2019-01-01,22,22,33,22,34,54.55,31.82,61.76,20.0,17.73,7.99,27.45,2.29,3.02,4.65,13.38
PHX,2019-01-01,23,13,28,16,29,68.75,56.25,58.62,17.31,15.88,5.5,21.94,3.03,3.87,7.97,21.45
PHX,2019-01-02,0,16,8,17,10,76.47,76.47,80.0,7.76,13.94,3.62,10.76,1.2,3.42,1.8,4.8
PHX,2019-01-02,1,5,3,8,4,100.0,100.0,75.0,1.13,12.38,3.03,3.13,0.75,0.0,0.75,20.5
PHX,2019-01-02,2,1,0,1,1,100.0,100.0,100.0,0.0,20.0,9.8,9.0,0.0,1.1,0.0,13.0
PHX,2019-01-02,3,0,0,0,0,0.0,0.0,0.0,0.0,0.0,0.0,0.0,0.0,0.0,0.0,0.0
PHX,2019-01-02,4,0,0,0,3,0.0,0.0,100.0,0.0,0.0,0.0,0.0,2.33,1.43,3.33,4.33
PHX,2019-01-02,5,9,0,10,2,100.0,100.0,100.0,0.2,13.5,5.27,4.3,0.0,1.1,5.0,9.0
PHX,2019-01-02,6,14,6,20,8,80.0,70.0,75.0,11.75,21.2,11.0,21.75,2.5,0.1,5.25,16.25
PHX,2019-01-02,7,22,21,32,23,81.25,71.88,86.96,7.72,19.13,9.46,15.91,2.96,1.44,4.78,6.35
PHX,2019-01-02,8,34,40,42,42,83.33,66.67,73.81,14.86,17.67,7.68,20.88,3.24,3.96,6.98,17.6
PHX,2019-01-02,9,54,28,53,32,84.91,62.26,75.0,7.57,18.92,9.34,16.11,3.94,6.03,4.28,9.31
PHX,2019-01-02,10,26,44,29,43,79.31,65.52,79.07,7.14,17.59,7.42,12.9,1.14,9.33,5.14,18.65
PHX,2019-01-02,11,49,26,52,26,78.85,65.38,84.62,9.5,15.67,5.84,14.35,1.92,1.67,1.35,9.5
PHX,2019-01-02,12,22,37,22,36,86.36,86.36,83.33,7.82,9.86,1.19,8.73,3.11,2.29,3.17,6.39
PHX,2019-01-02,13,41,34,41,34,73.17,68.29,76.47,20.93,12.66,2.78,23.15,2.79,2.36,1.79,12.0
PHX,2019-01-02,14,33,25,34,27,76.47,76.47,85.19,6.53,12.32,2.64,8.21,2.7,2.43,3.22,3.89
PHX,2019-01-02,15,31,36,32,38,78.13,68.75,78.95,11.56,12.59,2.95,13.91,1.58,1.33,1.13,15.45
PHX,2019-01-02,16,35,29,38,30,68.42,63.16,70.0,28.47,12.79,3.16,31.08,2.03,3.35,1.53,9.23
PHX,2019-01-02,17,29,29,33,34,78.79,66.67,76.47,10.36,13.06,3.67,12.85,2.82,2.83,2.62,11.71
PHX,2019-01-02,18,25,40,25,49,72.0,60.0,59.18,18.6,16.04,6.14,23.64,2.61,3.45,3.47,18.43
PHX,2019-01-02,19,43,34,45,41,55.56,48.89,63.41,20.36,17.13,7.29,26.82,3.9,4.94,5.98,15.61
PHX,2019-01-02,20,19,52,26,54,53.85,26.92,62.96,27.62,15.0,5.45,32.69,2.8,6.74,2.61,21.59
PHX,2019-01-02,21,36,27,39,27,64.1,56.41,62.96,19.56,16.41,6.29,25.05,2.56,1.59,2.22,20.85
PHX,2019-01-02,22,22,30,23,31,43.48,43.48,80.65,24.87,15.26,5.74,29.04,1.84,2.55,1.42,11.0
PHX,2019-01-02,23,10,18,12,19,91.67,83.33,73.68,12.42,13.92,3.56,15.08,4.74,1.22,1.53,10.0
PHX,2019-01-03,0,5,7,6,9,100.0,100.0,77.78,0.0,15.0,4.0,2.0,2.78,1.23,4.11,15.22
PHX,2019-01-03,1,5,2,6,3,83.33,83.33,66.67,16.0,12.0,1.5,16.83,1.67,5.93,0.0,47.67
PHX,2019-01-03,2,1,0,1,1,100.0,100.0,100.0,1.0,14.0,3.8,5.0,6.0,0.1,0.0,0.0
PHX,2019-01-03,3,0,0,0,3,0.0,0.0,66.67,0.0,0.0,0.0,0.0,0.0,2.07,2.0,8.0
PHX,2019-01-03,4,0,0,3,2,66.67,100.0,50.0,5.67,6.33,0.0,3.67,0.0,0.0,0.0,17.0
PHX,2019-01-03,5,3,0,4,5,75.0,75.0,40.0,5.0,21.75,11.28,15.5,0.8,1.3,3.2,22.6
PHX,2019-01-03,6,20,3,28,6,75.0,57.14,50.0,17.57,28.68,18.65,35.0,3.83,0.52,6.5,12.33
PHX,2019-01-03,7,21,19,27,18,62.96,48.15,83.33,27.48,17.33,7.9,34.63,2.56,3.38,5.17,11.11
PHX,2019-01-03,8,33,34,39,35,69.23,61.54,80.0,17.28,19.15,9.13,25.08,1.37,7.23,9.09,10.97
PHX,2019-01-03,9,45,35,46,36,67.39,54.35,77.78,13.46,19.72,9.52,21.67,2.36,13.21,9.5,8.33
PHX,2019-01-03,10,39,44,40,46,75.0,52.5,71.74,10.95,17.38,7.98,18.27,1.57,14.99,5.09,12.57
PHX,2019-01-03,11,45,25,46,25,71.74,60.87,80.0,16.96,17.65,7.6,23.67,1.4,1.92,0.32,19.12
PHX,2019-01-03,12,23,39,24,38,79.17,70.83,89.47,13.58,12.5,3.51,16.46,1.05,2.17,1.21,7.55
PHX,2019-01-03,13,44,34,44,35,79.55,70.45,71.43,14.39,17.93,7.78,20.82,1.89,1.7,1.23,12.51
PHX,2019-01-03,14,33,29,33,29,72.73,51.52,79.31,11.55,15.06,5.07,16.24,1.59,4.6,0.97,4.41
PHX,2019-01-03,15,28,33,28,35,75.0,67.86,80.0,9.04,15.5,5.32,12.89,0.97,1.87,1.09,7.03
PHX,2019-01-03,16,34,32,36,38,83.33,66.67,81.58,6.22,16.14,6.35,10.92,2.13,2.08,1.18,6.34
PHX,2019-01-03,17,31,32,33,36,72.73,66.67,66.67,11.15,12.27,2.78,12.79,2.86,3.42,2.92,20.89
PHX,2019-01-03,18,31,38,31,46,80.65,70.97,69.57,8.16,12.16,3.12,10.55,1.46,2.87,1.28,12.28
PHX,2019-01-03,19,39,36,40,46,72.5,72.5,76.09,12.78,13.28,3.36,14.93,2.11,2.83,1.52,9.04
PHX,2019-01-03,20,18,54,26,56,69.23,69.23,82.14,14.46,10.35,1.56,14.96,1.71,3.6,0.8,10.11
PHX,2019-01-03,21,42,27,46,27,67.39,63.04,70.37,13.04,13.3,3.49,16.0,2.26,3.9,1.48,22.52
PHX,2019-01-03,22,17,26,17,27,52.94,52.94,92.59,26.29,12.35,2.84,27.59,0.89,2.51,1.48,7.04
PHX,2019-01-03,23,9,16,10,17,100.0,90.0,76.47,0.0,13.7,3.92,2.0,1.12,1.97,0.0,11.65
PHX,2019-01-04,0,5,8,6,7,83.33,83.33,57.14,5.67,12.33,1.67,5.5,1.0,0.77,0.14,15.71
PHX,2019-01-04,1,5,2,6,2,66.67,66.67,100.0,6.83,12.83,2.3,8.0,0.0,2.85,0.0,0.0
PHX,2019-01-04,2,1,0,1,1,100.0,100.0,0.0,0.0,13.0,2.8,0.0,0.0,1.1,0.0,48.0
PHX,2019-01-04,3,0,0,0,1,0.0,0.0,100.0,0.0,0.0,0.0,0.0,0.0,0.0,0.0,0.0
PHX,2019-01-04,4,0,0,2,3,0.0,100.0,66.67,17.5,5.5,0.0,12.0,0.0,0.77,0.0,10.0
PHX,2019-01-04,5,3,0,5,5,80.0,60.0,40.0,6.4,18.6,8.72,13.2,0.6,1.1,2.0,28.0
PHX,2019-01-04,6,19,4,26,7,84.62,76.92,85.71,13.88,13.46,3.9,16.35,1.29,0.06,4.86,3.57
PHX,2019-01-04,7,21,18,28,19,78.57,78.57,94.74,9.29,13.57,3.83,11.71,1.37,0.76,1.37,2.89
PHX,2019-01-04,8,34,33,43,35,93.02,90.7,77.14,2.51,16.14,6.21,6.51,1.23,3.97,3.43,15.83
PHX,2019-01-04,9,46,36,51,37,80.39,64.71,91.89,15.75,19.16,8.91,22.78,2.08,4.69,2.59,3.24
PHX,2019-01-04,10,39,46,41,48,80.49,75.61,89.58,8.9,15.85,6.43,13.98,1.56,11.02,2.52,4.54
PHX,2019-01-04,11,46,28,46,30,80.43,52.17,93.33,15.43,19.87,9.79,23.83,1.7,2.15,1.03,5.47
PHX,2019-01-04,12,26,38,26,40,92.31,88.46,87.5,4.38,14.38,5.0,7.69,2.2,3.7,3.4,7.15
PHX,2019-01-04,13,43,33,45,35,88.89,84.44,82.86,7.56,16.13,5.98,11.84,1.57,1.47,0.69,8.8
PHX,2019-01-04,14,32,28,34,28,85.29,76.47,85.71,5.71,15.44,5.62,9.29,0.89,3.09,0.68,8.57
PHX,2019-01-04,15,27,33,28,36,75.0,67.86,80.56,19.86,15.64,5.53,24.39,1.58,1.17,0.58,9.89
PHX,2019-01-04,16,34,31,36,33,80.56,72.22,96.97,11.28,15.36,5.42,15.33,1.15,3.04,0.79,2.15
PHX,2019-01-04,17,31,32,31,35,83.87,83.87,85.71,7.23,11.48,2.08,8.19,1.57,3.43,1.51,13.86
PHX,2019-01-04,18,31,39,30,45,76.67,73.33,77.78,21.53,11.97,2.85,23.4,1.27,3.67,2.4,10.29
PHX,2019-01-04,19,40,36,41,45,75.61,68.29,84.44,22.68,14.37,4.42,25.51,1.64,3.78,3.29,6.04
PHX,2019-01-04,20,21,57,26,58,84.62,80.77,84.48,4.04,13.04,3.88,6.12,1.6,7.67,2.74,7.07
PHX,2019-01-04,21,41,27,42,28,88.1,52.38,85.71,8.98,19.79,10.01,18.1,1.71,3.08,0.79,6.68
PHX,2019-01-04,22,17,24,18,25,83.33,61.11,84.0,8.78,16.17,6.1,13.56,0.72,2.49,2.4,8.2
PHX,2019-01-04,23,9,17,11,18,81.82,81.82,72.22,5.18,12.73,2.44,6.55,3.28,4.19,0.83,24.56
PHX,2019-01-05,0,6,4,7,10,100.0,100.0,90.0,0.29,14.29,3.83,2.14,1.2,0.45,0.4,3.7
PHX,2019-01-05,1,4,1,6,2,83.33,83.33,100.0,4.17,14.0,3.87,5.67,2.0,1.0,0.0,0.0
PHX,2019-01-05,2,1,0,1,0,100.0,100.0,0.0,0.0,10.0,0.0,0.0,0.0,0.0,0.0,0.0
PHX,2019-01-05,3,0,0,0,0,0.0,0.0,0.0,0.0,0.0,0.0,0.0,0.0,0.0,0.0,0.0
PHX,2019-01-05,4,0,0,0,0,0.0,0.0,0.0,0.0,0.0,0.0,0.0,0.0,0.0,0.0,0.0
PHX,2019-01-05,5,3,0,4,3,100.0,100.0,33.33,0.0,13.5,3.92,0.75,0.67,1.43,5.0,16.67
PHX,2019-01-05,6,11,3,17,3,82.35,76.47,66.67,15.0,13.29,3.89,17.71,1.67,1.67,2.67,8.67
PHX,2019-01-05,7,17,16,23,17,86.96,73.91,94.12,7.3,15.52,5.31,11.74,1.24,1.14,0.88,1.94
PHX,2019-01-05,8,33,35,33,34,90.91,87.88,97.06,5.48,16.45,6.39,9.21,0.94,3.06,2.06,2.53
PHX,2019-01-05,9,49,33,49,34,75.51,61.22,85.29,11.31,20.31,10.27,19.82,1.68,10.04,6.91,7.26
PHX,2019-01-05,10,37,36,37,36,75.68,64.86,72.22,9.41,16.57,7.36,15.84,2.89,16.01,8.83,13.0
PHX,2019-01-05,11,39,34,40,36,70.0,55.0,91.67,17.52,22.15,11.51,27.63,1.97,2.17,3.44,4.25
PHX,2019-01-05,12,29,34,31,35,80.65,58.06,85.71,15.03,16.06,7.41,22.13,1.2,3.04,4.83,5.14
PHX,2019-01-05,13,37,33,40,34,75.0,67.5,79.41,10.48,17.93,7.66,16.65,1.24,1.71,2.09,10.68
PHX,2019-01-05,14,34,21,34,22,73.53,70.59,77.27,21.56,15.56,5.37,25.18,1.59,2.49,3.09,20.05
PHX,2019-01-05,15,24,30,24,32,79.17,70.83,78.13,10.92,15.5,5.3,15.29,1.59,1.43,3.16,8.91
PHX,2019-01-05,16,30,28,30,32,83.33,83.33,68.75,6.83,11.67,2.29,7.73,2.03,2.14,2.69,11.69
PHX,2019-01-05,17,32,36,32,38,75.0,75.0,60.53,11.09,11.91,2.83,12.91,1.5,3.94,2.39,19.66
PHX,2019-01-05,18,31,31,32,32,71.88,65.63,71.88,18.06,13.28,4.09,21.28,2.31,2.92,5.88,12.97
PHX,2019-01-05,19,28,41,28,44,64.29,35.71,63.64,24.29,21.61,10.82,34.79,2.45,5.35,6.59,22.91
PHX,2019-01-05,20,23,45,23,46,47.83,30.43,67.39,22.35,17.96,9.2,30.39,6.3,8.93,7.43,14.02
PHX,2019-01-05,21,28,20,28,20,67.86,42.86,75.0,15.57,21.75,10.94,25.5,3.0,2.28,2.65,14.55
PHX,2019-01-05,22,11,22,11,22,72.73,63.64,68.18,11.64,20.64,9.58,20.27,2.14,1.35,5.05,22.23
PHX,2019-01-05,23,7,10,9,12,77.78,77.78,50.0,7.44,15.0,4.42,9.56,1.0,1.38,3.75,15.83
PHX,2019-01-06,0,6,4,7,5,71.43,71.43,100.0,8.14,13.0,2.74,9.86,0.4,2.7,1.0,1.6
PHX,2019-01-06,1,4,0,5,1,100.0,100.0,100.0,0.0,15.2,4.96,3.4,0.0,1.0,0.0,0.0
PHX,2019-01-06,2,1,0,1,0,100.0,100.0,0.0,0.0,12.0,1.8,0.0,0.0,0.0,0.0,0.0
PHX,2019-01-06,3,0,0,0,0,0.0,0.0,0.0,0.0,0.0,0.0,0.0,0.0,0.0,0.0,0.0
PHX,2019-01-06,4,0,0,0,0,0.0,0.0,0.0,0.0,0.0,0.0,0.0,0.0,0.0,0.0,0.0
PHX,2019-01-06,5,3,0,5,1,100.0,80.0,100.0,3.2,13.2,3.86,6.2,0.0,4.1,1.0,0.0
PHX,2019-01-06,6,21,1,23,3,91.3,91.3,66.67,5.13,10.7,1.91,6.57,0.0,2.27,0.67,88.67
PHX,2019-01-06,7,18,19,20,21,95.0,95.0,90.48,3.75,12.35,2.39,4.75,3.57,2.2,3.05,4.71
PHX,2019-01-06,8,31,29,31,29,90.32,74.19,75.86,6.52,15.39,5.67,10.87,2.76,5.2,6.24,26.31
PHX,2019-01-06,9,47,34,47,35,85.11,36.17,68.57,16.45,27.94,17.81,33.3,6.46,4.64,9.34,9.89
PHX,2019-01-06,10,36,39,37,39,51.35,13.51,76.92,18.73,25.97,16.62,34.19,5.28,9.15,8.08,10.08
PHX,2019-01-06,11,37,31,36,33,86.11,47.22,81.82,10.19,25.47,15.3,24.03,4.7,1.5,4.64,11.42
PHX,2019-01-06,12,31,42,34,42,79.41,58.82,71.43,17.32,15.09,5.89,22.68,4.1,1.72,5.6,14.55
PHX,2019-01-06,13,41,32,43,31,60.47,55.81,77.42,31.0,14.02,3.85,34.16,4.55,3.88,4.13,23.52
PHX,2019-01-06,14,27,21,29,23,72.41,72.41,60.87,17.48,13.31,3.47,19.52,4.7,2.32,2.43,17.04
PHX,2019-01-06,15,33,33,33,34,60.61,60.61,64.71,25.06,11.58,2.05,26.58,2.5,2.14,2.26,25.82
PHX,2019-01-06,16,27,31,27,32,55.56,59.26,75.0,18.74,12.85,3.3,21.63,2.22,4.09,4.34,10.41
PHX,2019-01-06,17,30,37,33,41,54.55,57.58,68.29,21.58,10.64,1.12,22.36,3.22,3.92,6.27,23.05
PHX,2019-01-06,18,39,27,37,26,62.16,59.46,69.23,27.16,14.32,5.28,31.41,2.38,2.41,4.0,21.31
PHX,2019-01-06,19,29,38,29,38,44.83,31.03,60.53,34.21,17.59,7.17,40.76,2.55,3.75,4.79,21.66
PHX,2019-01-06,20,23,51,22,52,54.55,31.82,63.46,20.32,14.36,5.89,25.91,3.48,6.84,6.31,22.94
PHX,2019-01-06,21,31,21,32,22,75.0,56.25,72.73,12.5,17.59,7.26,18.81,1.82,3.35,1.77,22.0
PHX,2019-01-06,22,10,25,10,24,60.0,60.0,58.33,20.9,15.3,4.79,24.1,0.83,3.11,3.25,35.92
PHX,2019-01-06,23,7,19,8,19,87.5,87.5,57.89,8.63,11.88,1.25,9.63,3.26,3.2,5.0,54.89
PHX,2019-01-07,0,4,5,5,4,80.0,80.0,100.0,5.6,13.4,2.44,8.0,2.5,1.02,2.25,2.25
PHX,2019-01-07,1,4,0,5,0,100.0,100.0,0.0,2.2,13.6,3.36,3.2,0.0,0.0,0.0,0.0
PHX,2019-01-07,2,1,0,1,0,100.0,100.0,0.0,0.0,14.0,3.8,0.0,0.0,0.0,0.0,0.0
PHX,2019-01-07,3,0,0,0,0,0.0,0.0,0.0,0.0,0.0,0.0,0.0,0.0,0.0,0.0,0.0
PHX,2019-01-07,4,0,0,1,0,100.0,100.0,0.0,0.0,10.0,0.0,0.0,0.0,0.0,0.0,0.0
PHX,2019-01-07,5,1,0,2,1,100.0,100.0,0.0,0.0,13.5,2.85,0.0,16.0,1.1,18.0,46.0
PHX,2019-01-07,6,20,0,25,1,80.0,80.0,100.0,10.56,12.44,3.42,13.12,0.0,0.8,0.0,0.0
PHX,2019-01-07,7,21,17,21,17,100.0,100.0,88.24,0.0,13.29,3.33,1.33,5.47,1.72,4.53,6.47
PHX,2019-01-07,8,31,33,32,36,84.38,78.13,80.56,6.0,16.63,6.46,10.69,1.64,4.49,3.14,20.97
PHX,2019-01-07,9,46,31,47,31,85.11,74.47,93.55,9.17,20.09,9.89,16.68,2.71,2.98,1.03,2.45
PHX,2019-01-07,10,38,39,39,39,89.74,64.1,87.18,8.56,17.69,8.26,15.77,3.92,7.94,3.92,5.38
PHX,2019-01-07,11,40,27,40,28,87.5,85.0,78.57,5.65,15.45,5.33,9.18,3.82,1.87,3.25,10.14
PHX,2019-01-07,12,26,44,29,47,75.86,72.41,76.6,7.79,14.1,4.59,11.41,1.7,0.53,2.96,15.02
PHX,2019-01-07,13,45,31,46,32,84.78,82.61,78.13,6.24,15.85,5.99,10.85,3.94,2.18,4.81,7.69
PHX,2019-01-07,14,27,26,31,29,70.97,67.74,68.97,12.61,13.84,3.9,16.0,2.41,0.94,4.38,11.28
PHX,2019-01-07,15,30,29,34,31,73.53,64.71,70.97,11.29,13.5,3.64,14.12,2.19,2.62,2.29,18.0
PHX,2019-01-07,16,30,30,33,32,75.76,75.76,81.25,8.24,11.24,1.92,9.42,2.72,3.07,2.22,9.03
PHX,2019-01-07,17,29,33,31,36,83.87,83.87,72.22,9.0,12.0,2.23,10.35,3.36,1.83,2.0,13.0
PHX,2019-01-07,18,33,30,33,41,63.64,57.58,68.29,13.0,14.48,4.78,16.21,1.88,2.83,2.37,15.44
PHX,2019-01-07,19,40,41,44,49,65.91,61.36,77.55,19.61,14.84,5.05,23.02,1.59,2.91,2.96,9.82
PHX,2019-01-07,20,17,55,24,55,79.17,75.0,83.64,9.79,12.17,2.64,11.33,2.27,7.36,4.49,6.85
PHX,2019-01-07,21,35,23,38,23,86.84,68.42,73.91,6.42,15.0,5.16,10.0,2.26,4.38,2.13,10.74
PHX,2019-01-07,22,12,26,12,27,83.33,83.33,77.78,5.67,10.92,1.57,6.17,1.63,2.39,1.93,13.26
PHX,2019-01-07,23,6,20,7,21,100.0,100.0,80.95,0.0,13.14,2.71,0.71,2.19,2.1,3.05,13.1
PHX,2019-01-08,0,4,4,5,5,80.0,80.0,80.0,7.0,11.8,0.04,6.8,0.4,5.7,0.0,16.2
PHX,2019-01-08,1,4,0,5,1,100.0,100.0,0.0,0.0,12.4,2.52,0.4,0.0,2.7,2.0,25.0
PHX,2019-01-08,2,1,0,1,0,100.0,100.0,0.0,0.0,17.0,6.8,0.0,0.0,0.0,0.0,0.0
PHX,2019-01-08,4,0,0,0,2,0.0,0.0,100.0,0.0,0.0,0.0,0.0,2.0,0.4,2.0,0.0
PHX,2019-01-08,5,1,0,2,6,100.0,100.0,50.0,0.0,10.5,0.6,0.0,0.67,1.08,4.33,41.5
PHX,2019-01-08,6,20,0,26,3,80.77,80.77,66.67,12.27,11.54,2.55,13.92,0.33,0.07,0.67,16.33
PHX,2019-01-08,7,22,17,31,19,77.42,77.42,84.21,14.71,13.58,3.79,16.48,3.21,3.92,2.0,5.95
PHX,2019-01-08,8,32,32,39,33,92.31,87.18,90.91,2.67,15.28,5.16,5.72,1.03,2.43,1.91,15.7
PHX,2019-01-08,9,38,29,44,29,84.09,77.27,89.66,3.95,17.48,7.31,8.2,1.69,4.22,1.86,3.52
PHX,2019-01-08,10,37,39,39,40,94.87,89.74,97.5,2.77,14.87,5.57,6.26,3.63,6.01,2.48,1.35
PHX,2019-01-08,11,39,26,40,26,87.5,85.0,92.31,8.4,16.55,6.5,12.48,2.65,0.44,0.62,6.0
PHX,2019-01-08,12,25,43,26,43,84.62,84.62,90.7,5.23,13.19,3.95,7.58,1.98,0.56,2.81,3.51
PHX,2019-01-08,13,41,32,41,33,85.37,82.93,87.88,14.29,15.12,5.41,17.85,3.55,2.94,2.45,6.55
PHX,2019-01-08,14,26,26,27,28,85.19,81.48,92.86,13.04,14.81,5.06,15.74,1.25,1.36,1.46,6.82
PHX,2019-01-08,15,31,29,32,29,90.63,84.38,93.1,3.78,15.19,5.28,7.34,2.14,1.79,2.45,4.38
PHX,2019-01-08,16,26,30,30,31,83.33,73.33,96.77,9.67,14.13,4.62,12.63,2.61,1.09,0.84,1.48
PHX,2019-01-08,17,30,33,33,38,93.94,90.91,89.47,4.12,13.73,3.95,6.48,3.11,0.85,2.13,3.29
PHX,2019-01-08,18,32,27,32,42,84.38,75.0,69.05,8.06,18.53,8.64,13.91,2.17,2.32,4.6,12.12
PHX,2019-01-08,19,32,34,34,45,94.12,91.18,93.33,4.56,12.79,3.44,6.79,1.87,2.5,3.42,3.82
PHX,2019-01-08,20,12,24,17,25,70.59,70.59,92.0,9.88,10.06,1.04,10.24,0.92,2.7,1.16,2.28
PHX,2019-01-08,21,12,13,15,13,100.0,100.0,84.62,0.4,8.13,0.38,0.33,0.77,0.88,2.15,3.46
PHX,2019-01-08,22,4,17,6,17,16.67,50.0,88.24,18.33,8.33,0.08,16.33,1.71,2.36,2.35,13.18
PHX,2019-01-08,23,5,18,6,19,100.0,100.0,89.47,0.67,13.17,3.2,3.17,0.95,1.81,1.21,3.74
PHX,2019-01-09,0,1,5,2,4,100.0,100.0,100.0,0.0,12.5,0.1,0.0,0.5,2.35,0.0,0.25
PHX,2019-01-09,1,4,0,5,0,100.0,100.0,0.0,0.0,12.6,2.68,1.6,0.0,0.0,0.0,0.0
PHX,2019-01-09,2,1,0,1,0,100.0,100.0,0.0,0.0,11.0,0.8,0.0,0.0,0.0,0.0,0.0
PHX,2019-01-09,4,0,0,0,1,0.0,0.0,100.0,0.0,0.0,0.0,0.0,0.0,0.1,0.0,0.0
PHX,2019-01-09,5,2,0,3,6,100.0,100.0,33.33,0.33,13.33,2.97,3.33,0.17,0.77,3.5,20.67
PHX,2019-01-09,6,20,0,26,2,84.62,80.77,0.0,7.62,12.96,3.85,9.81,3.0,0.55,7.0,35.0
PHX,2019-01-09,7,22,16,30,17,73.33,70.0,94.12,12.1,14.3,4.38,15.07,4.18,2.7,2.76,1.76
PHX,2019-01-09,8,31,33,35,36,91.43,85.71,94.44,4.06,16.49,6.36,7.6,2.17,1.83,1.94,2.89
PHX,2019-01-09,9,44,29,45,29,91.11,88.89,86.21,7.31,19.31,9.18,12.82,1.59,4.67,3.93,5.07
PHX,2019-01-09,10,37,41,40,43,87.5,77.5,95.35,6.7,16.73,7.33,11.68,2.4,7.95,2.0,3.58
PHX,2019-01-09,11,42,26,41,25,97.56,87.8,100.0,1.02,18.05,7.95,5.59,1.48,1.38,1.08,0.2
PHX,2019-01-09,12,26,43,24,42,100.0,100.0,97.62,0.54,12.13,2.89,1.46,1.62,0.7,1.52,1.64
PHX,2019-01-09,13,45,30,48,30,83.33,79.17,90.0,8.98,16.63,6.71,13.46,0.93,2.39,1.53,12.0
PHX,2019-01-09,14,26,26,28,28,92.86,89.29,96.43,2.89,15.11,5.26,5.86,1.21,1.19,0.61,0.96
PHX,2019-01-09,15,29,28,29,27,93.1,89.66,85.19,1.34,14.17,4.63,3.97,1.63,3.81,3.96,7.33
PHX,2019-01-09,16,29,29,30,30,86.67,83.33,83.33,4.93,14.2,4.67,7.53,2.13,1.74,1.97,11.9
PHX,2019-01-09,17,28,34,31,39,90.32,80.65,84.62,6.29,12.87,3.22,8.03,2.64,1.87,2.46,6.54
PHX,2019-01-09,18,31,28,32,41,84.38,78.13,70.73,5.88,16.47,6.83,10.16,2.29,1.2,4.02,11.59
PHX,2019-01-09,19,36,40,37,51,94.59,81.08,92.16,2.43,18.97,9.22,9.19,1.86,2.02,3.92,4.22
PHX,2019-01-09,20,18,51,26,54,73.08,65.38,88.89,7.58,16.77,7.13,11.96,2.78,3.45,3.2,4.87
PHX,2019-01-09,21,33,22,36,22,100.0,88.89,100.0,1.22,17.5,7.71,6.92,1.86,1.12,0.68,0.86
PHX,2019-01-09,22,12,24,12,24,100.0,83.33,91.67,0.33,16.42,6.63,4.0,1.54,1.2,1.96,2.42
PHX,2019-01-09,23,6,17,7,19,100.0,85.71,78.95,2.0,13.14,2.69,2.57,1.47,2.53,2.21,8.21
PHX,2019-01-10,0,2,5,3,6,100.0,100.0,83.33,0.0,14.0,2.6,0.0,0.5,1.52,0.5,5.83
PHX,2019-01-10,1,4,0,6,0,83.33,83.33,0.0,6.0,11.67,1.97,4.67,0.0,0.0,0.0,0.0
PHX,2019-01-10,2,1,0,1,0,100.0,100.0,0.0,0.0,10.0,0.0,0.0,0.0,0.0,0.0,0.0
PHX,2019-01-10,4,0,0,0,1,0.0,0.0,100.0,0.0,0.0,0.0,0.0,0.0,0.1,0.0,0.0
PHX,2019-01-10,5,1,0,3,6,100.0,100.0,66.67,2.0,12.67,1.83,3.67,0.0,3.08,2.0,10.17
PHX,2019-01-10,6,20,0,27,0,85.19,77.78,0.0,5.93,12.78,3.53,7.96,0.0,0.0,0.0,0.0
PHX,2019-01-10,7,23,18,31,19,80.65,77.42,89.47,7.45,13.58,3.83,9.58,2.05,0.56,1.21,3.89
PHX,2019-01-10,8,31,31,39,33,89.74,87.18,90.91,2.69,17.13,7.2,7.36,1.58,2.67,3.45,4.64
PHX,2019-01-10,9,45,29,48,31,93.75,87.5,83.87,1.98,19.35,9.3,7.56,2.74,1.96,2.71,11.35
PHX,2019-01-10,10,37,38,39,38,89.74,82.05,94.74,6.67,15.85,6.49,11.1,3.0,5.32,2.37,2.37
PHX,2019-01-10,11,38,26,38,25,92.11,92.11,92.0,3.58,19.21,9.24,9.32,1.8,0.67,0.96,6.44
PHX,2019-01-10,12,25,46,26,49,92.31,88.46,91.84,4.35,12.19,3.43,6.62,2.57,0.61,1.69,2.92
PHX,2019-01-10,13,46,32,47,33,87.23,85.11,81.82,7.53,16.17,6.31,12.04,1.94,2.96,2.27,5.85
PHX,2019-01-10,14,27,27,29,27,86.21,79.31,96.3,5.93,14.21,4.3,9.1,2.48,0.39,0.22,2.41
PHX,2019-01-10,15,31,29,31,29,87.1,87.1,93.1,14.26,11.9,2.53,15.71,2.24,3.63,1.55,6.21
PHX,2019-01-10,16,30,31,32,34,87.5,87.5,91.18,9.5,11.22,2.04,10.06,1.88,1.45,1.76,3.12
PHX,2019-01-10,17,30,32,32,35,87.5,84.38,88.57,3.81,13.94,4.37,6.44,2.4,1.67,1.09,7.49
PHX,2019-01-10,18,32,29,32,40,90.63,87.5,90.0,4.31,17.25,7.45,8.16,3.13,0.79,1.77,2.92
PHX,2019-01-10,19,37,39,41,50,95.12,68.29,90.0,3.71,19.78,10.32,10.63,2.32,1.11,2.16,5.64
PHX,2019-01-10,20,14,52,19,54,89.47,78.95,92.59,3.68,16.37,7.01,8.84,3.41,3.59,2.26,4.33
PHX,2019-01-10,21,36,22,39,22,87.18,79.49,95.45,3.9,19.05,9.26,10.23,1.68,2.7,0.68,1.91
PHX,2019-01-10,22,12,27,12,27,100.0,100.0,85.19,0.08,15.92,5.87,2.75,1.96,1.24,1.48,6.33
PHX,2019-01-10,23,7,18,8,19,75.0,75.0,78.95,17.88,12.63,1.98,19.0,1.58,2.61,0.37,18.0
PHX,2019-01-11,0,4,6,5,5,100.0,100.0,100.0,0.2,11.2,1.24,0.6,1.2,0.48,0.0,1.8
PHX,2019-01-11,1,4,0,5,1,100.0,100.0,0.0,0.0,12.6,2.68,0.8,1.0,0.5,8.0,19.0
PHX,2019-01-11,2,1,0,1,0,100.0,100.0,0.0,0.0,13.0,2.8,0.0,0.0,0.0,0.0,0.0
PHX,2019-01-11,4,0,0,0,2,0.0,0.0,50.0,0.0,0.0,0.0,0.0,0.5,1.1,5.0,23.5
PHX,2019-01-11,5,1,0,2,5,100.0,100.0,80.0,3.5,11.5,0.55,4.0,0.0,1.5,1.0,18.4
PHX,2019-01-11,6,20,0,26,2,84.62,76.92,0.0,6.38,13.69,4.41,9.35,0.0,2.1,6.5,27.0
PHX,2019-01-11,7,23,18,30,19,76.67,73.33,89.47,5.73,15.9,6.15,9.63,1.79,1.13,1.0,3.05
PHX,2019-01-11,8,30,33,36,33,88.89,83.33,93.94,4.53,16.31,6.2,7.97,1.3,1.34,1.09,5.27
PHX,2019-01-11,9,47,29,47,30,95.74,87.23,93.33,1.64,19.0,8.86,6.89,1.87,1.27,0.7,2.43
PHX,2019-01-11,10,38,40,39,41,84.62,82.05,92.68,10.23,14.87,5.52,13.69,1.9,7.25,1.83,4.68
PHX,2019-01-11,11,41,28,42,29,97.62,97.62,96.55,0.76,18.24,8.21,5.81,1.62,1.11,0.48,1.03
PHX,2019-01-11,12,27,44,27,46,100.0,100.0,84.78,0.3,12.04,3.18,1.48,1.8,0.71,2.07,5.8
PHX,2019-01-11,13,46,31,47,30,85.11,80.85,83.33,7.21,17.06,7.19,12.45,2.6,1.77,3.6,5.5
PHX,2019-01-11,14,27,26,28,27,85.71,82.14,88.89,8.25,13.32,3.29,10.04,1.81,2.23,3.63,4.93
PHX,2019-01-11,15,30,29,31,31,80.65,80.65,70.97,14.74,11.35,1.81,15.58,2.94,2.45,4.71,26.52
PHX,2019-01-11,16,29,30,30,32,90.0,86.67,100.0,3.6,11.83,2.51,4.77,1.59,3.01,1.41,0.81
PHX,2019-01-11,17,29,33,31,37,83.87,80.65,86.49,6.52,12.1,2.49,7.84,2.08,2.02,2.57,6.03
PHX,2019-01-11,18,33,29,34,33,94.12,82.35,84.85,6.29,16.12,6.37,10.32,1.09,2.53,1.76,7.03
PHX,2019-01-11,19,36,40,35,50,91.43,91.43,86.0,6.8,12.23,2.75,8.06,2.76,2.18,3.18,7.32
PHX,2019-01-11,20,18,52,21,53,95.24,95.24,86.79,2.48,13.29,3.63,4.43,1.83,3.97,1.55,7.15
PHX,2019-01-11,21,35,23,37,24,89.19,75.68,91.67,8.84,18.16,8.23,14.51,1.46,3.7,4.17,5.33
PHX,2019-01-11,22,12,26,12,26,91.67,91.67,88.46,1.92,13.17,3.37,2.67,1.0,1.4,0.12,3.58
PHX,2019-01-11,23,5,18,6,19,100.0,100.0,94.74,0.0,14.67,4.23,2.5,2.11,0.95,0.37,1.95
PHX,2019-01-12,0,4,3,5,6,100.0,100.0,66.67,0.0,12.8,2.24,0.6,1.17,1.4,4.17,6.5
PHX,2019-01-12,1,4,0,5,0,100.0,100.0,0.0,0.0,10.4,0.32,0.0,0.0,0.0,0.0,0.0
PHX,2019-01-12,2,1,0,1,0,100.0,100.0,0.0,0.0,10.0,0.0,0.0,0.0,0.0,0.0,0.0
PHX,2019-01-12,4,0,0,0,0,0.0,0.0,0.0,0.0,0.0,0.0,0.0,0.0,0.0,0.0,0.0
PHX,2019-01-12,5,1,0,1,3,100.0,100.0,33.33,0.0,11.0,0.0,0.0,0.67,1.73,3.67,29.0
PHX,2019-01-12,6,17,2,21,0,85.71,85.71,0.0,10.62,13.0,3.81,12.38,0.0,0.0,0.0,0.0
PHX,2019-01-12,7,16,15,21,14,90.48,90.48,85.71,2.52,13.14,3.25,4.33,2.71,0.54,5.93,15.43
PHX,2019-01-12,8,27,29,26,29,96.15,92.31,93.1,7.0,16.0,5.72,10.15,1.07,0.44,1.9,3.76
PHX,2019-01-12,9,45,29,46,28,95.65,56.52,92.86,2.74,24.24,13.92,14.04,1.21,3.38,2.75,2.75
PHX,2019-01-12,10,39,38,39,37,94.87,89.74,83.78,2.38,18.18,8.99,9.44,2.46,12.39,5.43,10.22
PHX,2019-01-12,11,40,34,42,34,83.33,76.19,88.24,6.31,15.07,5.23,9.98,2.59,1.39,1.18,21.88
PHX,2019-01-12,12,27,37,27,37,96.3,88.89,89.19,7.96,12.89,4.07,10.48,1.7,1.44,2.08,3.19
PHX,2019-01-12,13,43,33,44,33,84.09,77.27,87.88,12.3,15.09,5.08,15.5,3.06,2.77,2.79,7.97
PHX,2019-01-12,14,26,15,26,16,92.31,88.46,81.25,5.54,13.92,4.17,8.04,1.5,0.28,0.88,6.13
PHX,2019-01-12,15,22,29,23,28,78.26,73.91,92.86,7.57,15.0,4.91,10.87,1.93,2.52,1.5,4.32
PHX,2019-01-12,16,24,39,24,42,95.83,87.5,76.19,3.0,15.5,5.74,6.08,3.02,1.51,4.64,18.38
PHX,2019-01-12,17,33,28,33,30,72.73,63.64,86.67,12.42,13.42,4.4,15.76,2.83,2.63,2.53,5.7
PHX,2019-01-12,18,25,36,25,37,92.0,80.0,86.49,7.64,16.28,6.72,11.04,2.81,2.09,1.32,6.68
PHX,2019-01-12,19,27,28,27,30,92.59,92.59,86.67,4.48,15.56,5.88,7.48,1.67,2.18,2.23,7.53
PHX,2019-01-12,20,13,34,14,36,85.71,71.43,91.67,6.79,14.14,4.08,9.64,2.39,3.52,1.94,3.83
PHX,2019-01-12,21,19,16,19,17,94.74,94.74,88.24,38.11,16.16,5.44,40.21,4.06,1.43,2.41,3.12
PHX,2019-01-12,22,5,16,7,16,85.71,85.71,93.75,6.29,13.43,2.71,7.14,2.0,2.41,2.06,2.69
PHX,2019-01-12,23,4,10,5,11,80.0,80.0,90.91,8.6,10.2,0.52,8.2,1.82,3.1,1.0,2.91
PHX,2019-01-13,0,3,5,4,3,75.0,75.0,100.0,6.0,12.25,1.65,7.0,0.0,3.13,0.0,0.0
PHX,2019-01-13,1,4,0,5,0,100.0,100.0,0.0,0.0,11.2,1.0,0.2,0.0,0.0,0.0,0.0
PHX,2019-01-13,2,1,0,1,0,100.0,100.0,0.0,0.0,11.0,0.8,0.0,0.0,0.0,0.0,0.0
PHX,2019-01-13,4,0,0,0,0,0.0,0.0,0.0,0.0,0.0,0.0,0.0,0.0,0.0,0.0,0.0
PHX,2019-01-13,5,2,0,3,0,100.0,100.0,0.0,0.0,15.33,4.77,0.0,0.0,0.0,0.0,0.0
PHX,2019-01-13,6,16,0,18,2,83.33,77.78,100.0,12.44,15.11,5.93,16.72,0.0,1.5,0.0,1.0
PHX,2019-01-13,7,21,13,21,13,95.24,95.24,100.0,1.24,12.57,2.78,2.24,1.54,2.52,2.31,0.15
PHX,2019-01-13,8,29,24,31,24,87.1,83.87,83.33,10.0,15.77,5.69,12.94,2.17,5.56,5.46,42.33
PHX,2019-01-13,9,47,30,48,29,91.67,79.17,86.21,4.67,18.94,8.83,10.85,3.07,3.52,4.41,4.21
PHX,2019-01-13,10,39,36,39,36,92.31,84.62,86.11,3.31,16.0,6.88,8.18,8.39,7.89,9.97,15.22
PHX,2019-01-13,11,34,25,35,26,91.43,82.86,80.77,5.54,16.91,6.57,9.4,2.85,1.72,5.96,16.31
PHX,2019-01-13,12,31,43,31,45,90.32,83.87,82.22,6.55,13.03,4.09,9.45,3.76,1.64,1.89,13.87
PHX,2019-01-13,13,42,36,42,36,80.95,73.81,88.89,17.64,16.12,6.09,22.1,4.97,1.12,2.92,5.17
PHX,2019-01-13,14,30,19,32,21,81.25,78.13,85.71,7.47,13.41,3.69,10.28,3.52,1.7,2.52,7.14
PHX,2019-01-13,15,27,32,28,33,85.71,82.14,87.88,4.57,14.14,4.22,7.68,1.7,1.79,1.64,5.58
PHX,2019-01-13,16,27,30,26,31,88.46,88.46,90.32,4.31,14.46,4.79,7.42,2.9,2.89,2.39,8.77
PHX,2019-01-13,17,33,31,35,36,80.0,77.14,83.33,5.63,13.11,3.39,7.31,3.25,1.46,2.5,7.81
PHX,2019-01-13,18,31,31,31,31,90.32,80.65,87.1,8.06,14.03,4.5,11.29,2.58,1.12,3.55,8.26
PHX,2019-01-13,19,31,40,31,40,93.55,80.65,92.5,7.42,16.9,6.87,12.77,5.72,1.13,5.15,7.2
PHX,2019-01-13,20,21,46,21,48,95.24,90.48,81.25,3.33,14.71,5.92,6.62,2.58,3.9,2.94,8.79
PHX,2019-01-13,21,30,21,30,21,86.67,76.67,95.24,8.87,17.13,6.77,13.6,0.76,2.08,0.9,1.81
PHX,2019-01-13,22,9,27,9,28,77.78,77.78,85.71,10.0,15.0,4.23,11.67,0.93,1.88,1.46,7.61
PHX,2019-01-13,23,7,17,8,19,87.5,87.5,73.68,3.63,12.13,1.97,4.38,1.89,2.39,0.63,20.32
PHX,2019-01-14,0,4,4,5,5,60.0,60.0,80.0,18.2,11.8,1.64,18.2,2.0,6.48,5.8,5.8
PHX,2019-01-14,1,4,0,5,0,100.0,100.0,0.0,0.4,12.2,2.08,1.0,0.0,0.0,0.0,0.0
PHX,2019-01-14,2,1,0,1,0,100.0,100.0,0.0,0.0,12.0,1.8,0.0,0.0,0.0,0.0,0.0
PHX,2019-01-14,3,0,0,0,0,0.0,0.0,0.0,0.0,0.0,0.0,0.0,0.0,0.0,0.0,0.0
PHX,2019-01-14,4,0,0,0,0,0.0,0.0,0.0,0.0,0.0,0.0,0.0,0.0,0.0,0.0,0.0
PHX,2019-01-14,5,1,0,2,1,50.0,50.0,0.0,9.0,12.5,1.55,9.0,9.0,0.1,35.0,122.0
PHX,2019-01-14,6,20,0,24,0,79.17,79.17,0.0,20.83,13.96,4.82,24.29,0.0,0.0,0.0,0.0
PHX,2019-01-14,7,23,17,25,19,100.0,100.0,89.47,0.88,13.48,3.67,2.24,3.79,2.62,2.47,6.42
PHX,2019-01-14,8,31,33,31,36,93.55,90.32,91.67,3.84,15.39,5.52,7.03,2.47,3.54,4.03,4.83
PHX,2019-01-14,9,46,30,48,30,91.67,75.0,93.33,2.85,20.6,10.4,11.08,2.17,4.25,3.13,2.3
PHX,2019-01-14,10,38,40,37,40,94.59,86.49,87.5,2.38,15.16,5.85,5.89,3.1,15.88,7.47,6.13
PHX,2019-01-14,11,41,28,43,28,90.7,76.74,92.86,3.84,17.95,7.93,9.47,2.5,0.78,2.39,3.0
PHX,2019-01-14,12,27,44,28,44,96.43,85.71,95.45,2.04,12.5,3.32,3.82,1.11,0.86,2.3,3.0
PHX,2019-01-14,13,45,31,48,31,93.75,87.5,93.55,6.21,15.06,5.24,9.25,2.52,3.87,3.61,29.35
PHX,2019-01-14,14,27,26,31,27,83.87,87.1,85.19,21.1,13.0,3.18,22.42,1.26,0.79,3.67,5.07
PHX,2019-01-14,15,30,29,31,30,93.55,87.1,83.33,4.06,13.58,3.81,5.77,1.93,0.9,3.8,9.83
PHX,2019-01-14,16,30,30,31,30,87.1,80.65,96.67,13.71,14.84,5.23,17.32,2.43,2.23,1.93,2.4
PHX,2019-01-14,17,29,33,29,39,93.1,89.66,89.74,1.62,14.38,4.73,4.62,2.69,0.72,2.28,10.36
PHX,2019-01-14,18,33,30,32,38,93.75,87.5,81.58,15.88,17.66,8.12,20.91,2.45,0.64,4.82,9.58
PHX,2019-01-14,19,39,40,42,48,92.86,78.57,85.42,10.86,17.74,8.18,16.64,3.02,1.82,3.58,8.54
PHX,2019-01-14,20,18,54,23,53,78.26,69.57,79.25,12.83,15.83,6.05,16.96,2.94,3.88,3.53,25.87
PHX,2019-01-14,21,35,23,39,23,74.36,71.79,95.65,10.92,16.23,6.34,15.0,2.0,2.95,2.17,2.22
PHX,2019-01-14,22,11,26,10,27,80.0,70.0,92.59,12.6,13.9,3.71,14.0,1.63,1.04,2.48,6.81
PHX,2019-01-14,23,6,20,7,21,100.0,100.0,80.95,0.0,12.71,2.57,0.43,3.48,2.93,3.1,18.24
PHX,2019-01-15,0,4,4,5,5,100.0,100.0,60.0,0.0,14.2,2.52,0.4,2.2,4.9,4.0,14.0
PHX,2019-01-15,1,4,0,5,0,100.0,80.0,0.0,2.4,13.0,2.76,5.0,0.0,0.0,0.0,0.0
PHX,2019-01-15,2,1,0,1,0,100.0,100.0,0.0,0.0,15.0,4.8,0.0,0.0,0.0,0.0,0.0
PHX,2019-01-15,4,0,0,1,1,100.0,100.0,0.0,0.0,11.0,0.4,0.0,0.0,1.1,6.0,21.0
PHX,2019-01-15,5,1,0,3,6,100.0,100.0,50.0,0.0,12.33,2.2,0.0,0.5,0.93,1.67,17.83
PHX,2019-01-15,6,20,0,28,5,78.57,78.57,20.0,10.57,12.68,3.49,11.64,2.0,2.04,13.6,29.4
PHX,2019-01-15,7,22,17,29,16,75.86,75.86,93.75,12.38,13.24,3.7,14.1,3.19,0.62,1.94,1.19
PHX,2019-01-15,8,32,32,38,32,89.47,89.47,100.0,5.39,15.97,5.9,9.05,1.38,0.78,3.06,1.53
PHX,2019-01-15,9,38,29,40,29,97.5,85.0,96.55,1.48,20.95,10.87,8.35,2.62,2.21,3.0,2.48
PHX,2019-01-15,10,37,39,37,40,94.59,89.19,97.5,3.78,16.08,6.86,7.65,2.23,8.47,2.75,1.25
PHX,2019-01-15,11,39,26,40,27,97.5,90.0,92.59,1.5,18.5,8.6,6.33,1.59,3.49,3.74,19.41
PHX,2019-01-15,12,25,43,26,42,100.0,100.0,85.71,0.5,12.15,3.17,1.88,1.88,1.61,3.31,12.64
PHX,2019-01-15,13,41,32,41,33,85.37,82.93,84.85,10.12,15.66,6.01,14.1,2.06,2.27,3.12,7.58
PHX,2019-01-15,14,26,26,29,26,86.21,82.76,100.0,5.69,11.38,1.74,6.34,1.73,2.09,0.65,0.96
PHX,2019-01-15,15,31,29,32,29,87.5,87.5,79.31,4.44,12.84,3.32,5.78,2.0,1.72,3.1,7.52
PHX,2019-01-15,16,26,30,27,34,85.19,85.19,88.24,13.22,11.3,2.55,14.63,1.62,4.0,0.79,10.06
PHX,2019-01-15,17,30,33,31,40,90.32,83.87,80.0,9.42,12.29,3.04,11.65,3.05,3.4,4.53,9.78
PHX,2019-01-15,18,32,27,33,41,75.76,72.73,53.66,20.45,13.48,3.79,22.58,4.78,2.73,7.1,26.66
PHX,2019-01-15,19,32,34,35,47,71.43,51.43,46.81,14.17,14.69,5.05,18.74,3.55,2.18,12.91,22.96
PHX,2019-01-15,20,12,24,19,25,47.37,42.11,84.0,30.63,12.42,3.02,32.89,2.12,2.66,2.52,11.44
PHX,2019-01-15,21,12,13,16,14,62.5,62.5,78.57,12.69,9.0,0.99,12.56,0.93,1.69,3.86,6.64
PHX,2019-01-15,22,4,17,4,17,75.0,75.0,70.59,10.75,6.75,0.0,10.25,2.06,1.61,3.41,25.0
PHX,2019-01-15,23,5,18,6,19,83.33,83.33,84.21,3.0,12.17,1.87,3.17,1.16,0.88,0.47,6.32
PHX,2019-01-16,0,1,4,2,4,100.0,100.0,100.0,0.0,10.0,0.0,0.0,0.0,2.35,1.75,0.5
PHX,2019-01-16,1,4,0,5,2,100.0,100.0,50.0,0.2,14.2,4.16,2.8,0.0,1.1,1.5,7.5
PHX,2019-01-16,2,1,0,2,0,100.0,100.0,0.0,0.0,11.0,0.9,0.0,0.0,0.0,0.0,0.0
PHX,2019-01-16,4,0,0,0,1,0.0,0.0,100.0,0.0,0.0,0.0,0.0,0.0,0.1,0.0,4.0
PHX,2019-01-16,5,2,0,4,6,75.0,75.0,50.0,8.75,11.0,0.98,8.5,0.0,1.75,4.67,23.17
PHX,2019-01-16,6,20,0,26,2,84.62,84.62,50.0,8.38,12.73,3.58,10.19,5.0,0.55,14.5,13.5
PHX,2019-01-16,7,22,16,28,21,82.14,82.14,80.95,24.93,13.21,3.43,27.18,5.52,1.71,8.29,6.9
PHX,2019-01-16,8,31,33,37,35,86.49,81.08,82.86,4.35,15.41,5.42,8.16,3.8,1.98,5.2,6.69
PHX,2019-01-16,9,44,29,44,29,93.18,75.0,89.66,5.0,20.5,10.48,12.64,2.0,1.33,1.21,7.72
PHX,2019-01-16,10,37,41,37,43,89.19,81.08,90.7,2.43,16.89,7.42,7.73,1.67,6.86,3.56,3.4
PHX,2019-01-16,11,42,26,43,25,88.37,81.4,80.0,5.81,17.35,7.17,10.33,2.04,0.84,5.32,7.76
PHX,2019-01-16,12,26,43,26,42,76.92,76.92,85.71,14.69,12.31,3.28,16.65,1.83,1.43,3.93,6.43
PHX,2019-01-16,13,45,30,46,29,84.78,76.09,89.66,9.33,20.33,10.42,17.89,4.31,4.31,3.24,6.93
PHX,2019-01-16,14,26,26,27,26,74.07,70.37,84.62,11.48,14.3,4.76,15.15,5.31,1.04,3.54,15.35
PHX,2019-01-16,15,29,28,32,30,84.38,78.13,80.0,12.0,15.69,5.79,16.19,1.2,2.39,2.93,10.77
PHX,2019-01-16,16,29,29,29,33,82.76,82.76,90.91,18.93,14.45,4.93,22.41,2.85,1.62,2.27,3.15
PHX,2019-01-16,17,28,34,31,39,80.65,80.65,87.18,8.23,14.68,5.01,10.94,2.05,1.08,1.51,5.51
PHX,2019-01-16,18,31,28,36,37,91.67,83.33,78.38,3.86,16.03,6.28,8.47,1.7,1.26,2.0,7.08
PHX,2019-01-16,19,36,40,39,50,79.49,71.79,86.0,12.62,15.67,6.26,17.05,2.04,1.99,2.8,7.96
PHX,2019-01-16,20,18,51,23,51,82.61,78.26,92.16,10.39,15.17,5.51,13.65,1.98,3.96,2.06,5.29
PHX,2019-01-16,21,33,22,35,22,88.57,80.0,72.73,4.83,16.06,6.53,9.57,1.68,2.95,2.86,11.14
PHX,2019-01-16,22,11,24,12,23,91.67,83.33,78.26,16.08,11.17,1.58,17.0,1.3,2.5,2.91,10.09
PHX,2019-01-16,23,6,17,6,18,100.0,100.0,88.89,0.0,11.17,0.97,0.17,0.78,1.62,1.06,10.22
PHX,2019-01-17,0,2,4,3,4,100.0,100.0,100.0,0.0,10.33,0.6,0.0,0.0,5.1,2.0,2.25
PHX,2019-01-17,1,4,0,5,0,100.0,100.0,0.0,1.2,11.8,1.6,1.4,0.0,0.0,0.0,0.0
PHX,2019-01-17,2,1,0,1,0,100.0,100.0,0.0,0.0,8.0,0.0,0.0,0.0,0.0,0.0,0.0
PHX,2019-01-17,3,0,0,0,0,0.0,0.0,0.0,0.0,0.0,0.0,0.0,0.0,0.0,0.0,0.0
PHX,2019-01-17,4,0,0,0,1,0.0,0.0,0.0,0.0,0.0,0.0,0.0,1.0,0.0,0.0,21.0
PHX,2019-01-17,5,1,0,2,6,100.0,100.0,50.0,0.0,14.0,3.05,0.0,0.17,1.07,5.17,18.67
PHX,2019-01-17,6,20,0,29,1,86.21,75.86,0.0,5.9,14.48,5.06,9.1,7.0,3.1,13.0,25.0
PHX,2019-01-17,7,23,18,32,19,84.38,84.38,100.0,19.03,14.34,4.72,21.44,2.84,3.28,1.42,1.05
PHX,2019-01-17,8,31,31,37,32,83.78,70.27,100.0,6.51,17.92,7.98,12.05,1.31,1.49,0.75,0.41
PHX,2019-01-17,9,45,29,45,31,100.0,84.44,87.1,0.49,21.11,11.0,7.96,1.35,2.32,3.68,4.29
PHX,2019-01-17,10,37,38,40,41,90.0,82.5,90.24,4.18,15.85,6.51,8.78,1.85,7.09,0.9,4.05
PHX,2019-01-17,11,38,26,38,26,94.74,81.58,80.77,1.76,17.53,7.75,7.32,1.88,1.19,5.35,9.96
PHX,2019-01-17,12,25,46,25,45,92.0,84.0,82.22,5.6,14.28,4.9,8.92,1.27,1.78,2.4,7.51
PHX,2019-01-17,13,46,32,47,32,70.21,68.09,87.5,14.74,12.83,3.13,16.89,1.84,3.07,2.47,7.91
PHX,2019-01-17,14,27,27,26,28,84.62,84.62,78.57,10.15,13.58,4.0,13.23,4.07,2.09,7.96,19.54
PHX,2019-01-17,15,31,29,31,30,80.65,74.19,86.67,13.58,12.68,3.2,15.45,2.47,3.02,1.6,25.23
PHX,2019-01-17,16,30,31,31,35,87.1,87.1,94.29,9.81,12.71,3.57,11.81,1.17,3.29,0.51,9.11
PHX,2019-01-17,17,30,32,33,34,93.94,87.88,85.29,4.97,12.21,2.63,6.55,2.0,2.36,1.65,8.47
PHX,2019-01-17,18,32,29,32,40,81.25,81.25,70.0,9.63,12.28,2.91,11.06,3.3,2.36,3.28,15.68
PHX,2019-01-17,19,37,39,39,48,61.54,58.97,79.17,19.08,13.54,3.87,21.87,2.58,3.13,3.0,8.48
PHX,2019-01-17,20,14,52,21,55,71.43,71.43,87.27,16.1,12.33,2.98,17.9,2.85,4.5,4.44,4.85
PHX,2019-01-17,21,36,22,39,22,89.74,84.62,90.91,9.0,14.51,4.77,11.82,2.23,3.11,0.86,1.86
PHX,2019-01-17,22,11,28,12,29,91.67,91.67,75.86,2.0,11.42,1.57,2.83,2.24,2.42,3.24,15.45
PHX,2019-01-17,23,7,18,7,19,100.0,100.0,94.74,3.57,11.29,0.97,3.86,1.37,3.13,1.58,6.0
PHX,2019-01-18,0,4,5,5,4,100.0,100.0,75.0,0.0,13.4,2.64,2.4,2.0,3.35,3.0,10.75
PHX,2019-01-18,1,4,0,5,0,80.0,80.0,0.0,7.4,11.8,1.88,8.4,0.0,0.0,0.0,0.0
PHX,2019-01-18,2,1,0,1,0,100.0,100.0,0.0,0.0,15.0,4.8,0.0,0.0,0.0,0.0,0.0
PHX,2019-01-18,3,0,0,0,0,0.0,0.0,0.0,0.0,0.0,0.0,0.0,0.0,0.0,0.0,0.0
PHX,2019-01-18,4,0,0,0,1,0.0,0.0,100.0,0.0,0.0,0.0,0.0,0.0,0.1,0.0,2.0
PHX,2019-01-18,5,1,0,2,6,100.0,100.0,66.67,0.0,10.5,0.0,0.0,0.0,0.73,1.0,17.17
PHX,2019-01-18,6,20,0,28,3,75.0,71.43,66.67,12.21,14.82,5.39,16.14,7.33,0.43,12.0,11.0
PHX,2019-01-18,7,23,18,30,19,80.0,73.33,94.74,5.37,15.43,5.67,9.53,1.47,1.69,1.68,2.68
PHX,2019-01-18,8,31,33,36,33,83.33,80.56,96.97,14.86,15.89,6.07,18.64,1.42,5.0,0.82,2.09
PHX,2019-01-18,9,46,29,47,32,95.74,91.49,90.63,2.23,17.06,6.93,6.68,2.5,4.05,4.25,5.88
PHX,2019-01-18,10,38,40,40,41,87.5,87.5,90.24,4.15,12.7,3.45,6.0,2.1,7.34,1.88,6.83
PHX,2019-01-18,11,40,28,41,30,85.37,75.61,76.67,6.95,14.32,4.44,9.83,1.6,2.22,2.5,10.1
PHX,2019-01-18,12,27,44,30,44,76.67,76.67,88.64,8.7,11.17,2.05,9.47,2.25,1.67,2.52,6.48
PHX,2019-01-18,13,46,31,49,30,73.47,69.39,73.33,12.04,13.73,3.99,15.27,1.47,4.05,3.77,10.27
PHX,2019-01-18,14,27,26,27,27,77.78,70.37,88.89,12.44,12.63,3.06,13.93,1.41,1.57,1.85,5.04
PHX,2019-01-18,15,30,29,33,29,81.82,78.79,82.76,10.85,12.18,2.38,12.27,2.79,2.38,0.97,16.21
PHX,2019-01-18,16,29,30,30,36,86.67,83.33,77.78,8.97,11.57,2.03,10.37,1.67,1.69,2.53,14.75
PHX,2019-01-18,17,29,33,32,36,84.38,84.38,88.89,14.78,11.5,2.26,16.03,4.47,1.76,2.0,7.36
PHX,2019-01-18,18,33,29,31,39,90.32,83.87,76.92,7.65,13.19,3.58,9.74,1.31,2.19,3.03,7.26
PHX,2019-01-18,19,36,40,33,46,72.73,69.7,86.96,16.76,11.97,2.55,18.21,2.3,2.43,1.24,7.43
PHX,2019-01-18,20,18,52,21,54,76.19,80.95,70.37,8.95,11.9,2.28,10.14,1.5,3.24,2.54,17.0
PHX,2019-01-18,21,35,23,37,22,78.38,72.97,90.91,21.62,12.95,3.16,24.0,1.73,3.81,1.36,7.45
PHX,2019-01-18,22,11,26,12,28,83.33,83.33,85.71,9.42,11.42,1.48,10.75,1.04,1.52,0.89,10.39
PHX,2019-01-18,23,5,19,7,21,71.43,71.43,85.71,10.43,13.71,2.74,11.14,1.81,2.1,1.52,5.05
PHX,2019-01-19,0,3,3,4,5,75.0,100.0,80.0,3.75,10.5,0.55,2.25,0.0,1.9,0.0,5.4
PHX,2019-01-19,1,4,0,4,0,100.0,100.0,0.0,0.0,12.0,1.6,0.75,0.0,0.0,0.0,0.0
PHX,2019-01-19,2,1,0,1,0,100.0,100.0,0.0,0.0,14.0,3.8,3.0,0.0,0.0,0.0,0.0
PHX,2019-01-19,4,0,0,0,0,0.0,0.0,0.0,0.0,0.0,0.0,0.0,0.0,0.0,0.0,0.0
PHX,2019-01-19,5,1,0,1,3,100.0,100.0,66.67,0.0,19.0,7.7,5.0,0.33,1.1,3.33,30.0
PHX,2019-01-19,6,17,2,21,0,80.95,80.95,0.0,15.52,13.52,4.24,17.71,0.0,0.0,0.0,0.0
PHX,2019-01-19,7,15,15,23,15,73.91,69.57,93.33,11.65,12.96,2.94,13.87,1.33,0.16,0.0,5.33
PHX,2019-01-19,8,27,29,27,28,92.59,85.19,96.43,21.3,17.3,7.07,26.15,1.29,4.4,0.93,1.07
PHX,2019-01-19,9,45,29,44,28,95.45,77.27,92.86,6.2,20.91,10.54,13.89,1.46,4.16,1.68,2.29
PHX,2019-01-19,10,39,38,38,39,94.74,84.21,87.18,2.76,15.03,5.74,6.66,2.03,9.72,4.51,5.87
PHX,2019-01-19,11,38,34,39,33,92.31,87.18,84.85,6.28,15.85,5.91,9.85,2.12,2.04,1.0,17.12
PHX,2019-01-19,12,26,36,25,38,88.0,88.0,92.11,14.2,12.88,4.28,16.2,2.08,0.76,1.39,6.18
PHX,2019-01-19,13,41,30,39,30,87.18,82.05,93.33,8.08,17.13,6.97,12.05,2.63,1.8,0.63,4.3
PHX,2019-01-19,14,24,15,24,15,87.5,87.5,80.0,11.63,11.25,1.99,12.21,2.2,1.24,0.33,14.8
PHX,2019-01-19,15,20,27,22,27,86.36,81.82,100.0,19.05,11.82,2.04,19.45,1.81,3.05,0.41,0.15
PHX,2019-01-19,16,23,38,24,40,91.67,87.5,87.5,18.96,11.79,2.82,20.71,1.35,2.59,0.68,4.9
PHX,2019-01-19,17,32,26,32,25,81.25,78.13,96.0,10.09,10.56,2.27,11.31,1.56,5.84,2.04,2.84
PHX,2019-01-19,18,24,35,24,37,91.67,91.67,81.08,6.04,10.5,1.2,6.75,0.89,2.69,0.92,20.3
PHX,2019-01-19,19,26,27,25,30,84.0,84.0,90.0,12.28,11.52,2.14,13.24,1.53,2.95,0.33,5.93
PHX,2019-01-19,20,13,31,13,30,76.92,76.92,80.0,15.15,11.31,1.52,15.92,1.0,4.58,1.73,9.73
PHX,2019-01-19,21,18,16,19,17,84.21,78.95,88.24,8.32,14.05,3.56,10.11,1.06,1.01,0.47,12.18
PHX,2019-01-19,22,5,14,4,14,75.0,75.0,85.71,20.0,12.5,1.65,20.5,1.36,1.42,0.21,6.79
PHX,2019-01-19,23,3,11,3,11,100.0,100.0,90.91,0.0,10.67,0.4,0.0,0.91,0.47,0.0,82.55
PHX,2019-01-20,0,2,5,3,3,100.0,100.0,100.0,0.0,13.0,2.73,2.33,1.0,2.8,0.0,0.0
PHX,2019-01-20,1,4,0,5,0,80.0,80.0,0.0,3.8,12.0,1.8,4.8,0.0,0.0,0.0,0.0
PHX,2019-01-20,2,1,0,1,0,100.0,100.0,0.0,0.0,16.0,5.8,0.0,0.0,0.0,0.0,0.0
PHX,2019-01-20,4,0,0,0,0,0.0,0.0,0.0,0.0,0.0,0.0,0.0,0.0,0.0,0.0,0.0
PHX,2019-01-20,5,2,0,3,0,100.0,100.0,0.0,0.0,12.67,2.1,0.33,0.0,0.0,0.0,0.0
PHX,2019-01-20,6,14,0,15,2,100.0,100.0,100.0,0.13,12.2,3.16,1.4,0.0,0.5,0.0,0.0
PHX,2019-01-20,7,20,13,23,13,86.96,82.61,100.0,25.39,13.78,4.18,28.26,1.77,1.38,0.77,1.38
PHX,2019-01-20,8,29,24,33,24,87.88,84.85,87.5,5.45,14.82,4.86,8.3,0.71,10.31,5.21,4.88
PHX,2019-01-20,9,47,27,49,24,89.8,73.47,100.0,4.59,18.65,8.54,10.9,1.46,2.61,0.54,0.13
PHX,2019-01-20,10,39,35,39,34,92.31,84.62,85.29,10.69,15.13,6.03,15.49,1.56,9.34,3.65,5.94
PHX,2019-01-20,11,33,24,35,22,82.86,74.29,90.91,7.03,15.89,5.7,10.46,1.73,0.68,1.36,2.82
PHX,2019-01-20,12,28,41,28,41,78.57,78.57,85.37,6.21,11.32,2.74,8.25,1.37,1.62,1.29,14.63
PHX,2019-01-20,13,40,36,39,37,74.36,66.67,86.49,19.38,13.13,3.27,22.03,1.78,2.71,1.76,5.14
PHX,2019-01-20,14,30,18,30,18,80.0,76.67,100.0,9.5,12.1,2.78,11.3,1.67,2.06,1.17,1.44
PHX,2019-01-20,15,24,28,25,29,76.0,72.0,72.41,19.84,11.2,1.74,20.64,2.24,1.87,0.66,24.97
PHX,2019-01-20,16,27,29,27,30,77.78,77.78,86.67,15.59,11.44,1.97,16.56,1.43,2.44,1.53,5.97
PHX,2019-01-20,17,29,32,30,36,93.33,93.33,86.11,6.07,10.27,1.23,6.87,2.11,2.61,1.44,10.61
PHX,2019-01-20,18,26,31,26,33,92.31,88.46,84.85,5.35,11.19,2.17,6.08,0.85,1.79,2.0,10.88
PHX,2019-01-20,19,28,37,28,37,75.0,71.43,83.78,14.14,13.14,3.44,16.25,1.27,2.47,0.73,15.3
PHX,2019-01-20,20,21,41,21,40,66.67,66.67,80.0,57.86,10.95,2.32,59.52,2.75,5.02,3.3,11.25
PHX,2019-01-20,21,28,19,28,18,85.71,82.14,100.0,8.25,14.11,3.89,10.39,3.67,2.11,2.72,2.61
PHX,2019-01-20,22,9,22,10,22,80.0,80.0,81.82,11.6,13.1,2.9,14.1,2.86,2.46,5.09,6.45
PHX,2019-01-20,23,6,15,6,18,83.33,83.33,61.11,6.67,14.33,4.2,9.67,2.33,2.74,3.28,12.06
PHX,2019-01-21,0,3,5,3,5,66.67,66.67,100.0,9.67,12.0,2.07,11.67,1.0,1.88,0.6,0.2
PHX,2019-01-21,1,4,0,5,0,80.0,80.0,0.0,76.4,11.4,1.48,77.2,0.0,0.0,0.0,0.0
PHX,2019-01-21,2,1,0,1,0,0.0,0.0,0.0,19.0,12.0,1.8,21.0,0.0,0.0,0.0,0.0
PHX,2019-01-21,5,1,0,1,1,100.0,100.0,0.0,0.0,21.0,9.7,4.0,6.0,1.1,30.0,215.0
PHX,2019-01-21,6,20,0,22,0,100.0,100.0,0.0,1.36,13.14,4.13,4.0,0.0,0.0,0.0,0.0
PHX,2019-01-21,7,23,17,24,18,83.33,83.33,88.89,25.79,13.21,3.68,27.96,1.39,1.94,1.78,9.17
PHX,2019-01-21,8,32,33,34,34,91.18,85.29,85.29,8.24,15.26,5.41,11.85,1.12,3.93,6.24,6.18
PHX,2019-01-21,9,47,28,52,29,86.54,69.23,72.41,8.56,21.17,10.94,17.1,2.24,4.68,7.79,13.72
PHX,2019-01-21,10,38,40,40,41,80.0,62.5,73.17,24.38,19.52,9.94,32.85,17.07,6.86,19.71,50.15
PHX,2019-01-21,11,41,28,42,28,83.33,69.05,60.71,8.6,17.62,7.79,14.57,2.64,2.51,4.82,36.54
PHX,2019-01-21,12,27,44,26,46,53.85,50.0,80.43,28.62,11.23,2.35,30.04,4.46,1.94,6.37,13.33
PHX,2019-01-21,13,45,31,44,31,75.0,72.73,64.52,21.27,14.2,4.61,24.27,7.13,2.1,8.87,18.16
PHX,2019-01-21,14,27,26,31,29,70.97,67.74,79.31,12.42,12.19,2.54,14.16,3.59,1.85,4.76,7.55
PHX,2019-01-21,15,30,29,32,30,78.13,71.88,76.67,9.72,12.44,2.82,11.78,3.77,2.2,2.27,11.07
PHX,2019-01-21,16,29,30,31,31,77.42,64.52,67.74,12.9,13.71,4.27,16.32,3.55,4.09,7.26,23.55
PHX,2019-01-21,17,28,33,31,37,58.06,54.84,70.27,28.32,12.16,2.91,30.35,4.57,2.41,4.62,15.08
PHX,2019-01-21,18,33,31,34,41,58.82,44.12,65.85,18.97,14.94,5.17,23.62,2.63,3.01,3.8,12.63
PHX,2019-01-21,19,39,39,40,47,75.0,55.0,72.34,16.43,15.33,5.8,21.25,3.6,2.27,4.55,15.74
PHX,2019-01-21,20,18,53,24,56,62.5,54.17,73.21,14.71,13.17,3.53,16.96,2.48,4.81,4.5,17.82
PHX,2019-01-21,21,35,23,39,22,74.36,69.23,68.18,11.92,13.56,3.75,14.36,2.86,2.22,0.86,13.36
PHX,2019-01-21,22,12,26,12,26,66.67,66.67,65.38,15.08,12.08,2.45,16.17,1.23,1.97,0.92,31.15
PHX,2019-01-21,23,5,20,4,21,75.0,75.0,66.67,58.0,10.5,1.2,58.0,1.95,3.0,2.71,34.52
PHX,2019-01-22,0,4,5,5,6,80.0,80.0,83.33,8.2,11.6,1.44,7.6,1.0,1.07,4.33,8.17
PHX,2019-01-22,1,4,0,5,0,80.0,80.0,0.0,3.6,10.6,0.6,4.0,0.0,0.0,0.0,0.0
PHX,2019-01-22,2,1,0,1,0,100.0,100.0,0.0,8.0,12.0,1.8,10.0,0.0,0.0,0.0,0.0
PHX,2019-01-22,3,0,0,0,0,0.0,0.0,0.0,0.0,0.0,0.0,0.0,0.0,0.0,0.0,0.0
PHX,2019-01-22,4,0,0,0,1,0.0,0.0,100.0,0.0,0.0,0.0,0.0,1.0,0.0,0.0,0.0
PHX,2019-01-22,5,1,0,2,6,100.0,100.0,50.0,0.0,13.0,2.8,0.0,0.83,0.4,1.5,23.83
PHX,2019-01-22,6,20,0,30,1,83.33,80.0,0.0,5.47,11.9,2.88,7.37,0.0,0.0,0.0,116.0
PHX,2019-01-22,7,22,17,29,18,89.66,89.66,83.33,10.69,13.66,3.76,13.31,2.44,2.19,4.06,62.22
PHX,2019-01-22,8,33,32,40,32,72.5,67.5,93.75,24.58,16.13,5.99,29.35,3.06,2.5,2.81,3.78
PHX,2019-01-22,9,39,29,41,29,82.93,70.73,89.66,14.12,18.39,8.3,20.85,3.17,3.37,2.66,2.38
PHX,2019-01-22,10,37,39,37,39,83.78,72.97,89.74,5.7,15.05,5.77,10.24,2.18,8.5,3.44,4.87
PHX,2019-01-22,11,39,26,40,29,77.5,75.0,93.1,15.85,14.48,4.49,19.1,3.07,1.62,1.45,3.24
PHX,2019-01-22,12,25,43,28,43,85.71,85.71,81.4,15.04,12.71,3.54,15.89,2.79,1.35,3.28,10.88
PHX,2019-01-22,13,41,32,42,32,83.33,83.33,90.63,10.4,13.81,4.08,12.98,2.03,2.78,1.34,9.41
PHX,2019-01-22,14,26,26,26,25,96.15,96.15,88.0,4.19,11.12,1.79,5.15,1.4,1.65,0.96,4.2
PHX,2019-01-22,15,31,29,32,30,81.25,81.25,76.67,16.09,11.06,1.51,16.88,2.43,2.97,1.83,15.33
PHX,2019-01-22,16,26,30,27,34,77.78,74.07,76.47,18.07,11.7,2.77,19.89,1.65,1.32,3.06,16.65
PHX,2019-01-22,17,30,34,32,37,78.13,78.13,75.68,35.47,13.13,3.77,38.16,2.38,1.21,1.38,39.54
PHX,2019-01-22,18,32,27,33,41,78.79,78.79,75.61,13.36,12.24,2.85,15.03,2.32,3.13,3.76,13.78
PHX,2019-01-22,19,32,34,34,44,82.35,79.41,79.55,16.59,12.18,2.83,18.56,3.11,2.18,2.32,9.48
PHX,2019-01-22,20,12,24,18,25,72.22,77.78,76.0,14.89,11.28,2.31,15.33,1.76,1.91,1.12,11.52
PHX,2019-01-22,21,12,13,15,13,80.0,80.0,84.62,5.6,9.0,1.43,5.8,0.92,1.37,0.15,11.62
PHX,2019-01-22,22,5,17,7,18,100.0,100.0,77.78,1.86,10.0,2.06,3.14,1.89,1.08,2.17,7.72
PHX,2019-01-22,23,5,19,5,21,80.0,80.0,76.19,13.8,12.0,1.68,15.4,2.57,2.38,0.71,17.71
PHX,2019-01-23,0,1,5,3,7,66.67,66.67,85.71,10.33,10.0,0.0,10.33,0.57,1.34,0.57,2.57
PHX,2019-01-23,1,4,0,6,0,83.33,83.33,0.0,3.17,11.67,1.37,3.83,0.0,0.0,0.0,0.0
PHX,2019-01-23,2,1,0,1,0,100.0,100.0,0.0,0.0,16.0,5.8,1.0,0.0,0.0,0.0,0.0
PHX,2019-01-23,3,0,0,1,0,0.0,0.0,0.0,79.0,13.0,2.4,81.0,0.0,0.0,0.0,0.0
PHX,2019-01-23,4,0,0,0,1,0.0,0.0,100.0,0.0,0.0,0.0,0.0,0.0,2.1,8.0,6.0
PHX,2019-01-23,5,2,0,4,6,100.0,100.0,33.33,0.0,12.25,2.78,2.0,1.17,2.08,5.5,36.33
PHX,2019-01-23,6,20,0,31,2,64.52,61.29,50.0,13.77,13.23,3.95,16.9,2.0,0.0,4.0,17.5
PHX,2019-01-23,7,22,16,28,18,75.0,71.43,77.78,16.43,15.46,5.78,20.25,2.0,0.66,2.72,26.94
PHX,2019-01-23,8,32,33,39,38,89.74,87.18,86.84,4.03,15.18,5.26,7.21,1.05,3.26,2.71,18.42
PHX,2019-01-23,9,45,29,49,29,97.96,63.27,96.55,0.94,22.45,12.31,10.43,2.07,1.93,0.17,1.14
PHX,2019-01-23,10,37,41,36,41,88.89,86.11,85.37,8.17,17.36,7.98,14.64,2.12,6.54,5.32,15.83
PHX,2019-01-23,11,42,26,43,26,83.72,76.74,76.92,12.93,15.95,6.07,17.07,1.73,1.0,3.92,14.08
PHX,2019-01-23,12,26,43,27,43,59.26,59.26,86.05,20.96,12.19,2.85,23.15,1.35,1.5,3.02,11.84
PHX,2019-01-23,13,45,30,46,30,84.78,82.61,96.67,9.76,12.33,2.77,11.72,2.67,4.6,0.97,2.4
PHX,2019-01-23,14,26,26,26,26,88.46,88.46,92.31,4.62,12.73,3.15,5.77,1.58,2.25,0.54,11.77
PHX,2019-01-23,15,29,28,30,30,66.67,60.0,83.33,17.4,13.93,4.37,20.53,1.77,2.47,2.6,10.33
PHX,2019-01-23,16,29,29,30,32,96.67,96.67,87.5,6.47,11.03,2.11,7.53,0.88,2.78,2.28,8.75
PHX,2019-01-23,17,28,35,30,39,86.67,83.33,82.05,11.83,12.3,3.06,13.83,2.9,2.58,3.64,9.13
PHX,2019-01-23,18,31,28,31,37,90.32,87.1,75.68,4.23,13.68,4.02,7.0,1.59,2.66,2.19,7.95
PHX,2019-01-23,19,36,40,39,54,89.74,84.62,85.19,7.44,15.0,5.43,10.41,2.33,2.01,2.89,8.74
PHX,2019-01-23,20,18,51,23,51,86.96,78.26,88.24,9.43,11.17,1.86,10.74,2.02,5.71,1.61,8.14
PHX,2019-01-23,21,33,22,38,22,94.74,86.84,95.45,3.11,13.87,4.14,5.26,2.86,1.17,0.59,4.05
PHX,2019-01-23,22,12,24,13,25,100.0,100.0,72.0,0.69,11.15,1.6,1.0,1.48,1.59,0.76,21.88
PHX,2019-01-23,23,6,18,6,19,83.33,83.33,78.95,7.17,11.5,1.33,7.5,1.74,0.67,0.37,10.58
PHX,2019-01-24,0,2,5,4,6,75.0,75.0,66.67,24.5,11.75,0.8,25.0,2.0,2.92,1.33,8.33
PHX,2019-01-24,1,4,0,5,0,80.0,80.0,0.0,5.2,12.8,2.88,6.2,0.0,0.0,0.0,0.0
PHX,2019-01-24,2,1,0,1,0,100.0,100.0,0.0,0.0,12.0,1.8,0.0,0.0,0.0,0.0,0.0
PHX,2019-01-24,3,0,0,0,1,0.0,0.0,0.0,0.0,0.0,0.0,0.0,0.0,0.7,5.0,30.0
PHX,2019-01-24,4,0,0,0,1,0.0,0.0,100.0,0.0,0.0,0.0,0.0,0.0,0.1,4.0,5.0
PHX,2019-01-24,5,1,0,2,6,100.0,100.0,33.33,0.0,11.0,0.35,0.0,0.5,1.93,5.5,40.5
PHX,2019-01-24,6,20,0,27,3,85.19,81.48,0.0,5.11,12.7,3.44,6.93,0.0,1.43,10.0,49.33
PHX,2019-01-24,7,23,18,31,18,77.42,77.42,94.44,20.81,12.16,2.6,21.68,2.0,0.49,4.11,2.44
PHX,2019-01-24,8,32,31,40,32,85.0,85.0,96.88,8.2,15.53,5.49,11.15,1.28,2.02,1.91,3.59
PHX,2019-01-24,9,46,29,47,29,85.11,74.47,93.1,9.62,19.09,8.94,15.7,1.83,1.49,3.03,2.97
PHX,2019-01-24,10,37,38,38,38,81.58,71.05,92.11,15.89,14.45,5.05,19.18,2.92,6.61,2.82,4.42
PHX,2019-01-24,11,38,26,38,26,84.21,71.05,84.62,24.74,17.47,7.85,29.76,1.92,0.75,1.88,20.81
PHX,2019-01-24,12,25,46,25,46,96.0,92.0,86.96,5.88,14.96,5.73,9.36,1.67,1.59,1.33,9.46
PHX,2019-01-24,13,46,32,46,33,73.91,73.91,78.79,19.3,12.59,3.05,21.33,1.45,3.62,4.64,8.79
PHX,2019-01-24,14,27,27,29,27,75.86,75.86,85.19,12.07,11.24,1.9,13.14,1.37,2.43,1.19,7.96
PHX,2019-01-24,15,31,29,32,33,78.13,68.75,69.7,14.19,12.0,2.59,16.16,3.36,2.46,1.94,41.48
PHX,2019-01-24,16,30,31,32,35,87.5,87.5,80.0,9.25,11.19,1.78,9.78,1.71,2.71,3.49,7.46
PHX,2019-01-24,17,30,33,32,38,81.25,75.0,84.21,7.59,11.53,2.06,8.38,2.74,2.3,1.82,9.79
PHX,2019-01-24,18,32,29,32,43,84.38,78.13,76.74,5.47,12.13,2.81,7.03,1.86,3.37,3.4,12.65
PHX,2019-01-24,19,37,39,43,49,58.14,53.49,71.43,16.86,11.72,2.37,18.86,2.2,2.92,3.2,13.24
PHX,2019-01-24,20,14,52,20,54,85.0,85.0,72.22,13.8,11.7,2.32,13.95,1.26,3.3,2.02,15.61
PHX,2019-01-24,21,36,22,40,22,67.5,60.0,77.27,29.13,13.85,4.22,31.83,3.0,3.31,3.68,11.27
PHX,2019-01-24,22,12,28,15,29,66.67,73.33,89.66,13.67,11.47,1.66,13.93,1.14,1.97,2.07,3.97
PHX,2019-01-24,23,7,19,7,20,71.43,71.43,75.0,20.71,10.43,0.86,20.57,2.15,5.14,2.75,18.95
PHX,2019-01-25,0,4,6,6,5,83.33,83.33,80.0,4.83,14.0,3.13,7.0,2.6,1.28,4.6,10.0
PHX,2019-01-25,1,4,0,5,0,100.0,100.0,0.0,2.0,10.6,0.72,2.2,0.0,0.0,0.0,0.0
PHX,2019-01-25,2,1,0,1,1,100.0,100.0,0.0,0.0,17.0,6.8,2.0,0.0,0.0,0.0,23.0
PHX,2019-01-25,4,0,0,0,1,0.0,0.0,100.0,0.0,0.0,0.0,0.0,0.0,2.1,1.0,0.0
PHX,2019-01-25,5,1,0,2,6,50.0,50.0,33.33,11.0,14.0,3.05,14.0,0.0,1.58,1.17,37.33
PHX,2019-01-25,6,20,0,26,2,88.46,84.62,0.0,4.73,12.88,3.65,6.38,0.0,0.1,1.0,29.5
PHX,2019-01-25,7,23,18,32,19,78.13,75.0,100.0,10.81,14.94,5.07,14.16,1.63,1.25,0.42,0.0
PHX,2019-01-25,8,32,33,38,33,81.58,73.68,84.85,13.29,16.11,6.15,17.37,0.7,2.12,1.33,13.94
PHX,2019-01-25,9,47,29,49,32,81.63,73.47,84.38,9.18,19.61,9.4,16.12,2.22,1.42,1.91,7.06
PHX,2019-01-25,10,38,40,38,42,92.11,84.21,88.1,5.82,15.66,6.37,10.61,5.24,5.92,6.38,8.95
PHX,2019-01-25,11,40,27,44,30,86.36,75.0,80.0,8.09,16.91,6.97,13.07,1.6,1.79,1.27,6.63
PHX,2019-01-25,12,26,44,28,46,89.29,85.71,84.78,3.68,13.71,4.64,6.82,1.85,0.61,1.63,14.24
PHX,2019-01-25,13,46,32,48,32,81.25,72.92,90.63,7.25,16.63,6.72,12.13,2.88,2.88,1.75,6.19
PHX,2019-01-25,14,28,26,29,29,89.66,82.76,89.66,8.86,12.79,2.93,10.45,1.76,1.09,2.55,4.83
PHX,2019-01-25,15,30,29,30,29,90.0,86.67,72.41,2.6,12.73,3.25,4.93,3.1,1.14,0.52,18.34
PHX,2019-01-25,16,29,30,30,31,76.67,73.33,87.1,10.17,11.33,2.11,11.2,0.9,1.73,0.61,25.19
PHX,2019-01-25,17,29,34,30,37,83.33,76.67,75.68,5.47,11.73,2.38,7.2,2.59,1.84,0.84,11.19
PHX,2019-01-25,18,33,29,34,39,82.35,79.41,74.36,14.65,11.62,2.35,16.03,2.62,2.94,2.87,8.9
PHX,2019-01-25,19,36,40,37,48,78.38,72.97,81.25,8.78,14.68,5.16,12.65,2.19,2.04,1.58,11.06
PHX,2019-01-25,20,18,52,22,53,77.27,77.27,83.02,5.45,14.5,4.88,7.36,1.81,3.99,1.13,23.83
PHX,2019-01-25,21,35,23,36,23,88.89,86.11,82.61,9.19,12.31,2.6,10.28,2.35,1.62,1.65,7.74
PHX,2019-01-25,22,12,26,13,26,84.62,84.62,73.08,8.62,12.0,2.32,9.77,2.19,2.39,0.92,10.19
PHX,2019-01-25,23,5,19,5,20,100.0,100.0,90.0,0.8,10.8,1.04,1.6,1.45,2.5,0.85,3.2
PHX,2019-01-26,0,4,3,5,7,100.0,100.0,71.43,0.0,13.8,2.44,1.0,0.0,5.51,1.86,27.86
PHX,2019-01-26,1,4,0,5,0,100.0,100.0,0.0,0.6,12.2,1.96,1.4,0.0,0.0,0.0,0.0
PHX,2019-01-26,2,1,0,1,0,100.0,100.0,0.0,0.0,12.0,1.8,0.0,0.0,0.0,0.0,0.0
PHX,2019-01-26,3,0,0,0,0,0.0,0.0,0.0,0.0,0.0,0.0,0.0,0.0,0.0,0.0,0.0
PHX,2019-01-26,4,0,0,0,0,0.0,0.0,0.0,0.0,0.0,0.0,0.0,0.0,0.0,0.0,0.0
PHX,2019-01-26,5,1,0,1,3,0.0,0.0,66.67,15.0,13.0,1.7,17.0,0.0,1.1,0.33,6.0
PHX,2019-01-26,6,17,2,20,0,90.0,85.0,0.0,4.55,15.0,5.79,8.0,0.0,0.0,0.0,0.0
PHX,2019-01-26,7,16,15,23,14,82.61,82.61,100.0,4.78,12.87,2.63,5.87,2.5,1.66,0.5,0.36
PHX,2019-01-26,8,27,28,26,27,96.15,96.15,96.3,1.0,14.46,4.48,2.73,1.22,1.58,2.3,2.81
PHX,2019-01-26,9,46,29,47,31,91.49,80.85,100.0,2.98,18.62,8.33,9.11,1.39,3.13,0.81,0.74
PHX,2019-01-26,10,39,38,41,41,87.8,85.37,82.93,4.44,14.78,5.79,8.07,1.68,9.17,1.54,15.93
PHX,2019-01-26,11,40,34,43,35,86.05,83.72,97.14,15.77,16.67,6.71,19.93,1.0,2.98,0.11,0.94
PHX,2019-01-26,12,27,38,27,38,96.3,92.59,86.84,3.41,12.74,4.08,5.52,1.21,3.58,1.0,4.34
PHX,2019-01-26,13,43,33,44,36,84.09,79.55,86.11,15.0,13.64,3.86,17.41,1.61,2.64,0.47,17.31
PHX,2019-01-26,14,26,15,27,16,96.3,85.19,75.0,4.07,13.93,3.84,6.11,1.94,3.51,1.25,24.88
PHX,2019-01-26,15,23,29,22,28,86.36,81.82,89.29,5.91,12.0,2.49,6.77,2.54,2.43,0.36,18.86
PHX,2019-01-26,16,23,39,23,43,82.61,78.26,88.37,9.61,11.65,2.32,10.83,1.28,4.11,1.74,3.28
PHX,2019-01-26,17,33,28,33,28,84.85,84.85,89.29,12.27,11.27,2.72,13.88,1.21,5.15,2.43,15.79
PHX,2019-01-26,18,25,36,26,39,84.62,80.77,84.62,8.27,10.92,1.5,8.77,0.9,2.7,1.03,8.79
PHX,2019-01-26,19,27,28,28,27,89.29,85.71,88.89,4.79,12.82,3.13,6.61,3.15,1.86,0.7,9.78
PHX,2019-01-26,20,13,34,14,35,64.29,64.29,85.71,29.0,13.0,3.34,31.29,1.26,4.65,0.14,6.54
PHX,2019-01-26,21,19,16,19,16,78.95,73.68,93.75,17.84,14.26,3.93,20.11,1.69,2.53,0.0,3.06
PHX,2019-01-26,22,5,16,6,16,83.33,83.33,93.75,3.33,15.33,4.3,5.5,0.69,2.8,0.56,4.0
PHX,2019-01-26,23,4,11,4,13,100.0,100.0,84.62,0.0,10.25,0.65,0.25,1.31,0.38,0.0,9.77
PHX,2019-01-27,0,3,5,4,3,75.0,75.0,100.0,11.75,11.0,0.85,12.5,1.33,0.7,0.33,0.67
PHX,2019-01-27,1,4,0,5,0,100.0,100.0,0.0,0.0,12.4,2.28,1.0,0.0,0.0,0.0,0.0
PHX,2019-01-27,2,1,0,1,0,100.0,100.0,0.0,0.0,12.0,1.8,0.0,0.0,0.0,0.0,0.0
PHX,2019-01-27,4,0,0,0,0,0.0,0.0,0.0,0.0,0.0,0.0,0.0,0.0,0.0,0.0,0.0
PHX,2019-01-27,5,2,0,3,0,100.0,100.0,0.0,0.0,13.33,2.77,0.0,0.0,0.0,0.0,0.0
PHX,2019-01-27,6,16,0,17,2,100.0,100.0,100.0,0.0,12.24,3.06,1.12,0.0,0.0,0.0,0.0
PHX,2019-01-27,7,21,13,23,12,95.65,95.65,91.67,39.17,11.83,2.32,39.91,2.92,1.55,0.17,3.92
PHX,2019-01-27,8,29,24,29,25,96.55,93.1,96.0,1.38,14.76,4.71,2.55,1.16,1.64,0.52,2.48
PHX,2019-01-27,9,48,29,48,29,93.75,68.75,86.21,7.79,22.73,12.62,17.42,1.52,5.21,2.72,3.07
PHX,2019-01-27,10,40,37,41,38,92.68,82.93,86.84,2.24,18.15,8.91,9.2,2.34,13.98,4.16,9.21
PHX,2019-01-27,11,34,24,35,23,85.71,71.43,95.65,6.54,16.46,6.19,11.29,0.87,0.82,1.83,1.61
PHX,2019-01-27,12,30,43,30,43,83.33,76.67,90.7,9.9,11.9,2.87,11.33,1.21,1.21,1.77,4.35
PHX,2019-01-27,13,42,37,42,37,80.95,76.19,91.89,8.02,13.45,3.67,10.57,1.08,2.44,0.0,5.95
PHX,2019-01-27,14,31,19,32,20,93.75,93.75,85.0,2.22,11.56,2.18,3.09,2.15,1.23,0.25,6.45
PHX,2019-01-27,15,27,32,28,33,82.14,82.14,87.88,12.0,11.0,1.59,12.64,1.42,2.78,0.94,6.21
PHX,2019-01-27,16,27,30,28,33,85.71,85.71,84.85,4.86,10.68,1.45,5.43,1.48,1.35,0.58,6.73
PHX,2019-01-27,17,33,32,35,36,82.86,85.71,88.89,13.51,9.97,0.97,13.74,2.31,2.28,1.28,12.11
PHX,2019-01-27,18,31,31,31,31,90.32,87.1,93.55,5.55,12.29,2.84,6.52,0.74,1.48,0.52,1.81
PHX,2019-01-27,19,31,40,29,40,86.21,86.21,92.5,34.17,14.0,4.22,36.86,2.13,2.19,0.75,2.53
PHX,2019-01-27,20,21,46,21,47,85.71,80.95,89.36,6.24,10.95,2.58,7.81,1.74,2.77,0.85,2.62
PHX,2019-01-27,21,30,21,30,21,86.67,86.67,95.24,5.67,12.3,2.22,6.53,2.86,3.43,2.19,1.95
PHX,2019-01-27,22,9,28,10,29,90.0,90.0,82.76,3.9,12.0,1.82,4.4,1.31,3.27,1.93,13.0
PHX,2019-01-27,23,7,17,7,18,71.43,71.43,83.33,8.71,11.14,1.11,9.0,1.39,4.74,1.39,5.89
PHX,2019-01-28,0,4,5,5,5,80.0,80.0,60.0,5.6,11.8,1.24,6.8,0.4,6.28,1.0,14.6
PHX,2019-01-28,1,4,0,4,0,50.0,50.0,0.0,13.75,12.0,1.75,15.5,0.0,0.0,0.0,0.0
PHX,2019-01-28,2,1,0,1,0,100.0,100.0,0.0,0.0,11.0,0.8,0.0,0.0,0.0,0.0,0.0
PHX,2019-01-28,4,0,0,0,1,0.0,0.0,0.0,0.0,0.0,0.0,0.0,4.0,1.1,3.0,16.0
PHX,2019-01-28,5,1,0,1,0,100.0,100.0,0.0,0.0,9.0,0.0,0.0,0.0,0.0,0.0,0.0
PHX,2019-01-28,6,20,0,23,0,78.26,78.26,0.0,16.0,18.35,9.13,23.52,0.0,0.0,0.0,0.0
PHX,2019-01-28,7,23,17,22,17,90.91,90.91,100.0,2.82,12.68,3.0,4.18,1.65,3.07,0.53,0.0
PHX,2019-01-28,8,32,33,31,34,80.65,80.65,91.18,12.13,16.71,6.54,16.52,1.24,4.34,3.44,2.24
PHX,2019-01-28,9,47,30,47,30,91.49,82.98,83.33,6.23,18.66,8.46,12.34,1.6,4.31,4.47,5.93
PHX,2019-01-28,10,38,40,39,38,89.74,82.05,92.11,10.26,15.46,6.1,15.05,1.79,6.02,0.66,3.24
PHX,2019-01-28,11,41,26,41,25,90.24,85.37,84.0,6.1,17.32,7.33,11.17,1.36,1.45,2.0,6.52
PHX,2019-01-28,12,25,44,22,43,90.91,81.82,88.37,6.91,13.91,4.86,10.05,1.16,1.18,3.19,11.35
PHX,2019-01-28,13,45,32,45,33,88.89,84.44,87.88,10.33,18.6,8.75,16.64,1.64,2.67,1.33,9.85
PHX,2019-01-28,14,28,26,33,27,78.79,78.79,77.78,12.27,11.97,2.5,13.27,1.3,1.54,1.19,16.0
PHX,2019-01-28,15,30,29,35,29,74.29,71.43,82.76,49.66,14.17,4.47,52.57,2.69,2.13,1.9,7.76
PHX,2019-01-28,16,30,30,29,32,86.21,86.21,93.75,12.69,11.41,2.13,13.83,1.56,2.18,0.53,4.44
PHX,2019-01-28,17,29,34,31,36,87.1,87.1,94.44,5.32,10.68,1.54,6.29,2.17,1.21,1.97,7.75
PHX,2019-01-28,18,33,31,31,41,93.55,87.1,65.85,7.1,14.06,4.26,9.03,1.95,2.02,1.8,15.59
PHX,2019-01-28,19,39,39,39,46,89.74,82.05,82.61,9.62,13.41,3.89,12.28,2.28,2.19,1.09,10.76
PHX,2019-01-28,20,18,54,24,55,79.17,75.0,81.82,11.5,13.5,3.79,13.25,1.0,4.46,3.33,11.62
PHX,2019-01-28,21,35,23,38,23,86.84,84.21,91.3,8.84,11.26,1.67,9.45,2.57,3.85,0.35,5.52
PHX,2019-01-28,22,12,26,13,26,92.31,92.31,100.0,1.92,11.85,2.12,2.69,1.23,2.38,0.08,0.12
PHX,2019-01-28,23,6,21,6,19,100.0,100.0,94.74,0.0,13.33,3.33,0.17,1.95,1.84,1.26,2.63
PHX,2019-01-29,0,4,5,4,5,100.0,100.0,80.0,0.0,13.75,2.3,1.5,3.4,0.88,1.8,32.6
PHX,2019-01-29,1,4,0,5,0,100.0,100.0,0.0,0.8,11.6,1.48,1.4,0.0,0.0,0.0,0.0
PHX,2019-01-29,2,1,0,1,0,100.0,100.0,0.0,0.0,8.0,0.0,0.0,0.0,0.0,0.0,0.0
PHX,2019-01-29,3,0,0,0,0,0.0,0.0,0.0,0.0,0.0,0.0,0.0,0.0,0.0,0.0,0.0
PHX,2019-01-29,4,0,0,0,2,0.0,0.0,50.0,0.0,0.0,0.0,0.0,0.5,0.6,0.5,58.5
PHX,2019-01-29,5,1,0,2,5,100.0,100.0,60.0,0.0,10.5,0.6,0.0,1.6,1.7,7.0,32.2
PHX,2019-01-29,6,20,0,27,0,77.78,77.78,0.0,11.78,12.48,3.38,13.33,0.0,0.0,0.0,0.0
PHX,2019-01-29,7,22,17,32,19,68.75,65.63,78.95,22.28,16.16,6.08,26.63,2.79,1.57,3.47,10.0
PHX,2019-01-29,8,33,32,42,35,83.33,76.19,91.43,8.43,18.05,8.08,13.95,1.31,2.17,0.74,2.31
PHX,2019-01-29,9,39,29,38,30,92.11,84.21,96.67,4.24,18.84,8.71,9.71,1.4,2.1,0.87,1.07
PHX,2019-01-29,10,37,39,37,38,86.49,86.49,92.11,5.22,14.86,5.51,8.68,3.47,4.22,2.03,2.92
PHX,2019-01-29,11,39,25,40,25,92.5,90.0,84.0,2.53,15.8,5.87,5.65,2.24,1.22,2.2,5.36
PHX,2019-01-29,12,24,43,24,44,75.0,70.83,90.91,6.17,13.75,4.52,9.33,1.95,1.51,3.36,6.52
PHX,2019-01-29,13,41,33,43,33,81.4,76.74,96.97,10.4,13.81,4.21,13.19,2.73,3.43,1.45,1.88
PHX,2019-01-29,14,27,26,27,26,77.78,74.07,88.46,8.44,10.96,1.39,9.11,1.69,1.5,0.15,3.15
PHX,2019-01-29,15,31,29,32,30,84.38,81.25,93.33,5.53,12.31,2.7,7.22,2.93,3.12,1.7,1.6
PHX,2019-01-29,16,26,30,27,33,92.59,92.59,87.88,3.44,11.48,2.29,4.26,1.15,2.62,1.3,5.7
PHX,2019-01-29,17,30,34,30,38,86.67,86.67,89.47,8.7,11.1,1.73,9.47,2.18,1.99,1.37,8.45
PHX,2019-01-29,18,32,27,30,40,90.0,86.67,82.5,30.57,12.4,2.59,31.83,2.3,2.46,2.9,10.83
PHX,2019-01-29,19,32,34,30,41,96.67,93.33,92.68,2.03,13.3,3.75,3.97,3.59,2.54,2.63,4.22
PHX,2019-01-29,20,12,24,19,24,89.47,89.47,87.5,5.21,11.32,2.32,6.26,0.83,2.02,1.63,11.79
PHX,2019-01-29,21,12,13,17,12,76.47,70.59,83.33,9.0,10.59,2.91,11.0,0.92,2.75,1.67,13.75
PHX,2019-01-29,22,5,17,5,17,80.0,80.0,94.12,8.2,6.8,0.0,7.6,10.0,1.9,9.76,9.76
PHX,2019-01-29,23,5,19,5,21,100.0,80.0,76.19,0.0,22.4,11.2,7.6,1.24,3.44,1.81,7.9
PHX,2019-01-30,0,1,5,3,7,66.67,66.67,57.14,12.0,14.67,4.47,14.67,1.29,1.26,1.43,17.14
PHX,2019-01-30,1,4,0,6,0,66.67,66.67,0.0,22.17,12.83,2.37,23.0,0.0,0.0,0.0,0.0
PHX,2019-01-30,2,1,0,1,0,100.0,100.0,0.0,0.0,11.0,0.8,0.0,0.0,0.0,0.0,0.0
PHX,2019-01-30,3,0,0,0,0,0.0,0.0,0.0,0.0,0.0,0.0,0.0,0.0,0.0,0.0,0.0
PHX,2019-01-30,4,0,0,0,1,0.0,0.0,100.0,0.0,0.0,0.0,0.0,0.0,0.1,2.0,1.0
PHX,2019-01-30,5,2,0,3,6,100.0,100.0,16.67,0.0,11.33,0.77,0.0,0.33,0.77,8.83,51.33
PHX,2019-01-30,6,20,0,27,0,81.48,81.48,0.0,16.89,13.0,3.86,18.74,0.0,0.0,0.0,0.0
PHX,2019-01-30,7,22,16,31,18,70.97,70.97,77.78,18.19,14.0,3.91,20.45,2.28,0.43,1.83,24.39
PHX,2019-01-30,8,32,33,37,36,83.78,83.78,94.44,7.03,16.65,6.58,10.16,1.19,1.45,0.94,3.69
PHX,2019-01-30,9,45,29,47,27,89.36,80.85,96.3,8.28,19.94,9.83,14.49,0.93,4.09,1.33,1.0
PHX,2019-01-30,10,37,41,34,41,91.18,82.35,82.93,10.65,14.82,5.59,14.29,1.78,5.9,2.54,8.56
PHX,2019-01-30,11,42,25,39,23,94.87,79.49,82.61,4.9,17.95,7.97,10.38,1.09,1.07,1.52,13.83
PHX,2019-01-30,12,25,43,26,43,88.46,80.77,90.7,4.15,13.54,4.62,7.31,1.93,0.56,0.49,9.74
PHX,2019-01-30,13,45,31,44,31,84.09,81.82,93.55,8.91,15.68,5.89,11.8,6.13,2.33,4.55,8.23
PHX,2019-01-30,14,27,26,28,27,85.71,85.71,96.3,7.21,13.04,3.21,8.61,1.33,0.43,0.89,1.81
PHX,2019-01-30,15,29,28,26,29,92.31,84.62,86.21,11.0,15.08,5.55,14.31,1.17,1.33,0.72,29.59
PHX,2019-01-30,16,29,29,28,31,89.29,89.29,87.1,5.54,11.14,2.0,6.11,1.03,3.13,2.58,7.81
PHX,2019-01-30,17,28,35,30,37,86.67,90.0,86.49,3.97,10.63,1.38,4.33,1.68,2.06,0.51,13.57
PHX,2019-01-30,18,31,28,30,35,86.67,83.33,82.86,8.97,12.83,3.17,10.33,1.51,1.77,1.57,9.31
PHX,2019-01-30,19,36,40,34,49,91.18,91.18,87.76,4.29,11.24,1.97,5.06,1.98,2.51,2.2,8.45
PHX,2019-01-30,20,18,51,23,51,82.61,78.26,86.27,7.13,13.04,3.19,9.17,1.24,2.64,0.82,13.45
PHX,2019-01-30,21,33,22,37,21,86.49,83.78,95.24,6.19,12.7,2.9,7.43,2.19,1.9,0.81,5.24
PHX,2019-01-30,22,12,24,12,23,83.33,75.0,82.61,13.08,11.75,2.28,15.25,2.35,2.43,4.13,15.09
PHX,2019-01-30,23,6,18,6,18,83.33,83.33,88.89,7.83,12.83,2.23,9.17,1.17,2.46,0.5,4.06
PHX,2019-01-31,0,2,5,3,6,100.0,100.0,100.0,0.0,14.0,3.73,2.67,0.17,3.42,0.83,3.67
PHX,2019-01-31,1,4,0,4,0,100.0,100.0,0.0,1.25,12.5,2.25,1.75,0.0,0.0,0.0,0.0
PHX,2019-01-31,2,1,0,1,0,100.0,100.0,0.0,13.0,11.0,0.8,14.0,0.0,0.0,0.0,0.0
PHX,2019-01-31,3,0,0,0,0,0.0,0.0,0.0,0.0,0.0,0.0,0.0,0.0,0.0,0.0,0.0
PHX,2019-01-31,4,0,0,0,1,0.0,0.0,100.0,0.0,0.0,0.0,0.0,0.0,1.1,1.0,5.0
PHX,2019-01-31,5,1,0,2,6,100.0,100.0,33.33,0.0,11.5,0.85,0.5,0.0,1.73,2.17,37.67
PHX,2019-01-31,6,20,0,32,1,78.13,71.88,0.0,15.09,14.5,5.31,18.97,8.0,0.1,30.0,92.0
PHX,2019-01-31,7,23,18,30,17,76.67,76.67,94.12,12.33,14.43,4.59,14.7,0.76,0.88,0.0,2.65
PHX,2019-01-31,8,31,31,35,35,80.0,77.14,88.57,12.29,16.89,6.74,16.97,0.83,1.47,1.66,25.69
PHX,2019-01-31,9,46,29,47,28,80.85,65.96,92.86,9.21,18.87,8.77,15.7,1.07,1.85,1.29,5.36
PHX,2019-01-31,10,37,38,35,33,82.86,77.14,90.91,14.8,14.89,5.52,18.63,1.48,6.37,0.67,14.45
PHX,2019-01-31,11,38,25,38,21,81.58,65.79,100.0,15.92,18.47,8.53,22.79,0.95,0.9,0.05,0.57
PHX,2019-01-31,12,24,46,24,42,83.33,79.17,83.33,7.25,12.88,4.03,9.71,1.88,0.65,2.29,19.12
PHX,2019-01-31,13,46,33,44,35,65.91,61.36,77.14,29.77,15.09,5.36,33.61,1.34,1.35,0.37,19.57
PHX,2019-01-31,14,28,27,28,31,75.0,60.71,70.97,16.11,14.96,5.02,19.86,1.35,1.33,3.23,34.74
PHX,2019-01-31,15,31,29,31,28,74.19,74.19,85.71,15.81,12.06,2.67,17.52,2.11,2.59,1.61,16.54
PHX,2019-01-31,16,30,31,28,35,75.0,71.43,88.57,16.75,11.71,2.72,18.82,1.11,3.12,1.4,10.31
PHX,2019-01-31,17,30,32,33,37,96.97,93.94,75.68,2.58,11.39,2.12,3.82,1.89,2.31,2.51,12.89
PHX,2019-01-31,18,32,29,29,36,96.55,86.21,66.67,3.03,14.14,4.4,6.24,1.72,2.13,3.5,20.83
PHX,2019-01-31,19,37,39,40,50,70.0,50.0,90.0,15.2,21.68,12.1,25.9,1.96,3.31,4.4,8.7
PHX,2019-01-31,20,14,52,23,55,82.61,69.57,81.82,4.96,17.57,7.87,11.09,2.35,4.57,0.62,9.91
PHX,2019-01-31,21,36,22,40,20,90.0,85.0,75.0,3.0,17.85,7.92,8.08,1.55,1.82,1.35,13.0
PHX,2019-01-31,22,12,28,12,29,66.67,66.67,75.86,16.83,13.67,3.88,18.92,1.31,1.03,1.41,16.97
PHX,2019-01-31,23,7,19,7,22,71.43,71.43,68.18,10.29,14.43,4.29,13.86,1.05,2.73,4.0,19.0
PHX,2019-02-01,0,4,6,5,5,80.0,80.0,100.0,4.6,13.0,2.24,6.2,0.8,0.48,0.0,2.4
PHX,2019-02-01,1,4,0,5,0,100.0,100.0,0.0,0.0,13.6,3.24,1.0,0.0,0.0,0.0,0.0
PHX,2019-02-01,2,1,0,1,0,100.0,100.0,0.0,0.0,13.0,2.8,1.0,0.0,0.0,0.0,0.0
PHX,2019-02-01,3,0,0,0,0,0.0,0.0,0.0,0.0,0.0,0.0,0.0,0.0,0.0,0.0,0.0
PHX,2019-02-01,4,0,0,0,1,0.0,0.0,100.0,0.0,0.0,0.0,0.0,0.0,0.0,0.0,0.0
PHX,2019-02-01,5,1,0,2,6,100.0,100.0,16.67,1.0,13.0,2.85,4.0,0.33,0.92,13.0,47.33
PHX,2019-02-01,6,20,0,29,1,79.31,75.86,0.0,12.34,12.24,3.21,14.31,4.0,0.0,30.0,78.0
PHX,2019-02-01,7,22,18,29,19,82.76,75.86,73.68,12.03,15.41,5.58,16.03,1.47,0.13,1.32,14.05
PHX,2019-02-01,8,32,33,38,35,76.32,76.32,94.29,16.89,16.11,5.95,20.82,1.71,2.49,1.31,10.4
PHX,2019-02-01,9,47,29,48,30,95.83,68.75,93.33,1.63,22.0,11.8,10.44,1.37,1.48,3.77,10.8
PHX,2019-02-01,10,38,40,40,42,95.0,90.0,80.95,1.48,17.33,7.82,7.03,1.4,6.45,2.38,12.12
PHX,2019-02-01,11,40,27,41,28,85.37,70.73,85.71,10.85,19.63,9.64,18.98,1.43,1.53,1.61,21.18
PHX,2019-02-01,12,26,43,28,43,82.14,78.57,86.05,10.79,14.14,5.11,13.89,1.77,1.42,2.7,8.88
PHX,2019-02-01,13,46,33,48,33,75.0,70.83,87.88,16.88,13.42,3.68,19.38,1.48,5.68,0.97,5.42
PHX,2019-02-01,14,28,26,31,26,87.1,87.1,88.46,6.74,11.32,1.68,7.48,1.96,2.94,0.58,9.15
PHX,2019-02-01,15,30,29,30,31,90.0,90.0,83.87,7.63,11.97,2.44,8.9,1.9,3.02,2.61,8.39
PHX,2019-02-01,16,29,30,30,33,86.67,86.67,87.88,13.33,11.77,2.62,14.8,0.94,3.63,1.61,7.76
PHX,2019-02-01,17,29,33,31,36,77.42,74.19,80.56,17.58,11.35,2.01,18.55,1.86,1.39,1.25,14.53
PHX,2019-02-01,18,33,29,35,39,88.57,80.0,66.67,5.63,14.14,4.32,8.37,2.18,1.82,2.44,26.36
PHX,2019-02-01,19,36,41,37,50,72.97,67.57,78.0,15.16,12.57,3.14,17.11,2.16,2.47,2.02,15.8
PHX,2019-02-01,20,18,51,23,50,78.26,78.26,86.0,26.43,12.87,3.22,28.0,1.22,3.25,0.78,10.94
PHX,2019-02-01,21,35,23,37,23,83.78,78.38,82.61,9.35,13.65,4.0,11.7,2.09,2.07,2.35,10.35
PHX,2019-02-01,22,12,26,13,26,84.62,84.62,73.08,13.38,11.69,2.08,14.08,1.04,2.78,0.96,22.5
PHX,2019-02-01,23,5,19,6,22,83.33,83.33,77.27,3.5,11.17,0.97,3.83,1.14,1.53,1.5,13.36
PHX,2019-02-02,0,3,3,5,7,60.0,60.0,71.43,7.2,12.2,1.24,7.2,1.71,2.47,3.14,8.43
PHX,2019-02-02,1,4,0,5,0,100.0,100.0,0.0,0.0,12.2,1.96,1.0,0.0,0.0,0.0,0.0
PHX,2019-02-02,2,1,0,1,0,100.0,100.0,0.0,0.0,9.0,0.0,0.0,0.0,0.0,0.0,0.0
PHX,2019-02-02,4,0,0,0,0,0.0,0.0,0.0,0.0,0.0,0.0,0.0,0.0,0.0,0.0,0.0
PHX,2019-02-02,5,1,0,1,3,100.0,100.0,66.67,0.0,11.0,0.0,0.0,2.33,1.77,10.33,13.0
PHX,2019-02-02,6,17,2,24,0,83.33,79.17,0.0,12.13,13.79,4.54,15.0,0.0,0.0,0.0,0.0
PHX,2019-02-02,7,15,15,20,15,95.0,95.0,100.0,2.15,13.95,3.93,4.55,1.87,1.21,0.0,0.0
PHX,2019-02-02,8,27,29,26,28,96.15,84.62,96.43,2.0,15.31,5.62,5.23,1.14,1.53,0.61,4.04
PHX,2019-02-02,9,47,29,47,29,91.49,70.21,86.21,5.11,20.32,10.07,13.34,1.41,3.32,1.72,6.28
PHX,2019-02-02,10,38,38,38,42,81.58,68.42,95.24,9.63,15.0,5.84,14.18,1.88,10.64,1.9,7.62
PHX,2019-02-02,11,38,34,37,33,83.78,78.38,87.88,6.84,14.84,5.09,10.54,1.36,3.01,1.18,23.27
PHX,2019-02-02,12,26,36,27,35,81.48,66.67,80.0,5.33,14.44,5.77,10.48,0.51,1.9,0.91,9.34
PHX,2019-02-02,13,40,31,39,32,79.49,74.36,87.5,5.72,16.38,6.36,9.9,2.56,1.57,1.94,11.31
PHX,2019-02-02,14,25,15,24,16,83.33,79.17,87.5,6.33,12.92,2.98,7.71,4.75,1.96,9.06,15.13
PHX,2019-02-02,15,22,27,25,27,84.0,80.0,81.48,7.28,16.04,5.92,11.76,1.96,2.91,1.96,8.19
PHX,2019-02-02,16,24,38,24,41,75.0,66.67,92.68,10.13,17.71,8.01,16.29,2.07,3.13,1.39,2.02
PHX,2019-02-02,17,32,27,34,27,76.47,64.71,88.89,33.74,14.32,5.5,38.09,1.93,3.58,1.89,9.41
PHX,2019-02-02,18,24,36,24,36,66.67,58.33,77.78,22.46,14.46,4.68,26.08,1.75,3.83,4.44,8.61
PHX,2019-02-02,19,26,29,26,31,73.08,69.23,83.87,13.62,14.92,5.16,17.46,1.55,3.53,3.48,10.81
PHX,2019-02-02,20,13,31,14,30,42.86,28.57,80.0,38.14,15.79,5.82,43.93,1.93,8.64,5.1,8.9
PHX,2019-02-02,21,19,15,19,16,63.16,63.16,100.0,10.68,17.26,6.65,15.26,0.5,3.09,2.56,2.13
PHX,2019-02-02,22,5,16,7,16,85.71,71.43,81.25,6.71,16.14,5.26,9.43,0.69,1.29,2.63,10.13
PHX,2019-02-02,23,3,9,3,11,66.67,66.67,72.73,10.33,13.67,3.2,11.0,0.91,3.44,0.82,13.64
PHX,2019-02-03,0,2,4,3,3,100.0,66.67,66.67,1.0,15.67,5.4,5.67,1.67,2.13,5.33,10.67
PHX,2019-02-03,1,4,0,5,1,80.0,80.0,0.0,13.6,10.6,0.72,14.2,0.0,0.0,0.0,46.0
PHX,2019-02-03,2,1,0,1,0,100.0,100.0,0.0,0.0,14.0,3.8,0.0,0.0,0.0,0.0,0.0
PHX,2019-02-03,5,2,0,4,0,100.0,100.0,0.0,0.0,13.25,2.67,0.0,0.0,0.0,0.0,0.0
PHX,2019-02-03,6,9,0,11,2,72.73,72.73,100.0,7.82,11.18,1.87,7.73,1.0,1.5,0.0,0.0
PHX,2019-02-03,7,16,12,17,12,88.24,82.35,91.67,4.0,13.24,3.94,7.06,3.42,0.43,1.5,12.08
PHX,2019-02-03,8,32,20,32,19,90.63,87.5,94.74,19.63,14.91,4.95,22.63,1.11,8.65,1.58,2.84
PHX,2019-02-03,9,48,22,48,23,85.42,52.08,91.3,11.19,25.52,15.42,24.38,3.0,3.97,2.48,4.22
PHX,2019-02-03,10,33,40,37,39,94.59,48.65,94.87,3.7,27.51,17.8,19.68,3.33,12.37,1.95,13.03
PHX,2019-02-03,11,39,24,40,23,87.5,20.0,86.96,6.88,33.2,23.1,27.05,3.52,1.85,3.48,8.04
PHX,2019-02-03,12,25,44,25,45,88.0,64.0,80.0,6.76,18.0,9.21,14.72,4.64,1.63,3.44,8.09
PHX,2019-02-03,13,44,34,43,34,83.72,69.77,76.47,5.77,20.09,10.18,13.84,5.91,1.33,4.82,15.62
PHX,2019-02-03,14,28,19,28,20,78.57,78.57,85.0,11.36,13.07,3.23,13.64,4.95,3.48,5.85,7.15
PHX,2019-02-03,15,26,25,26,25,84.62,84.62,76.0,13.54,11.62,2.18,14.38,4.48,4.32,4.2,20.72
PHX,2019-02-03,16,23,36,24,37,83.33,75.0,81.08,7.58,14.96,4.7,10.79,3.43,2.65,2.14,11.73
PHX,2019-02-03,17,33,28,34,36,94.12,91.18,83.33,2.74,10.76,1.77,3.71,6.19,2.57,6.42,19.33
PHX,2019-02-03,18,28,28,29,27,68.97,65.52,88.89,29.45,14.45,4.96,33.52,1.93,2.54,3.04,5.48
PHX,2019-02-03,19,25,40,25,43,72.0,64.0,72.09,15.08,12.6,2.43,17.08,5.35,2.02,6.56,18.21
PHX,2019-02-03,20,22,41,22,41,72.73,68.18,78.05,15.0,11.41,2.88,17.5,3.1,7.61,4.51,10.54
PHX,2019-02-03,21,26,20,25,20,88.0,88.0,70.0,6.68,14.88,4.22,9.6,2.45,3.58,2.7,16.9
PHX,2019-02-03,22,8,22,9,23,88.89,88.89,86.96,6.67,17.44,6.67,12.11,1.17,2.83,2.7,6.7
PHX,2019-02-03,23,6,12,6,13,66.67,66.67,76.92,10.0,12.5,2.6,12.17,1.0,3.38,4.15,10.85
PHX,2019-02-04,0,4,5,5,4,80.0,80.0,75.0,7.0,13.2,3.04,9.6,0.25,4.6,0.5,20.5
PHX,2019-02-04,1,4,0,5,0,100.0,80.0,0.0,2.8,12.0,2.08,4.0,0.0,0.0,0.0,0.0
PHX,2019-02-04,2,1,0,1,0,100.0,100.0,0.0,0.0,13.0,2.8,1.0,0.0,0.0,0.0,0.0
PHX,2019-02-04,3,0,0,0,0,0.0,0.0,0.0,0.0,0.0,0.0,0.0,0.0,0.0,0.0,0.0
PHX,2019-02-04,4,0,0,0,0,0.0,0.0,0.0,0.0,0.0,0.0,0.0,0.0,0.0,0.0,0.0
PHX,2019-02-04,5,1,0,1,1,100.0,100.0,100.0,0.0,9.0,0.0,0.0,2.0,1.1,4.0,0.0
PHX,2019-02-04,6,20,0,26,0,92.31,92.31,0.0,2.12,12.62,3.47,4.54,0.0,0.0,0.0,0.0
PHX,2019-02-04,7,22,17,22,19,100.0,100.0,94.74,0.23,13.09,3.56,1.64,2.16,1.79,0.84,3.0
PHX,2019-02-04,8,33,33,34,34,85.29,82.35,85.29,19.0,15.88,5.88,22.91,2.09,3.58,7.38,8.12
PHX,2019-02-04,9,47,30,51,33,86.27,62.75,75.76,9.61,20.53,10.33,18.06,3.45,3.59,8.12,16.7
PHX,2019-02-04,10,38,40,40,42,75.0,50.0,85.71,11.23,21.98,12.38,22.3,2.83,10.15,4.19,6.86
PHX,2019-02-04,11,41,27,45,28,80.0,46.67,71.43,12.31,22.58,12.47,23.51,2.0,1.02,12.43,20.07
PHX,2019-02-04,12,26,44,26,43,65.38,57.69,81.4,32.0,14.23,5.18,35.85,2.19,2.2,4.98,10.44
PHX,2019-02-04,13,45,32,45,33,73.33,68.89,78.79,21.47,12.93,3.42,23.58,3.36,3.53,6.39,10.88
PHX,2019-02-04,14,28,26,33,26,72.73,69.7,84.62,16.48,12.24,2.66,18.03,2.88,2.9,3.19,12.54
PHX,2019-02-04,15,30,29,34,31,73.53,70.59,61.29,17.38,13.38,3.73,20.12,2.9,2.47,3.55,43.68
PHX,2019-02-04,16,30,30,31,33,77.42,74.19,87.88,9.97,11.23,2.21,11.55,2.45,2.38,3.45,5.36
PHX,2019-02-04,17,29,34,30,36,86.67,90.0,83.33,7.07,11.27,1.64,7.93,1.86,2.48,3.22,6.64
PHX,2019-02-04,18,33,31,35,43,68.57,65.71,55.81,16.03,14.2,4.81,19.77,2.53,2.3,5.95,21.47
PHX,2019-02-04,19,39,40,42,45,59.52,45.24,62.22,20.95,16.93,7.16,27.19,2.27,3.46,6.84,18.67
PHX,2019-02-04,20,18,53,23,55,65.22,60.87,81.82,23.39,16.09,6.52,28.65,2.16,4.72,3.95,14.38
PHX,2019-02-04,21,35,23,40,23,82.5,70.0,60.87,9.78,15.55,5.73,14.33,2.7,3.47,3.96,21.3
PHX,2019-02-04,22,12,26,13,29,53.85,53.85,65.52,75.69,11.15,1.9,76.62,2.59,2.6,3.93,26.14
PHX,2019-02-04,23,6,21,6,21,83.33,83.33,85.71,5.5,11.33,1.57,6.17,1.71,2.91,1.86,10.81
PHX,2019-02-05,0,4,5,5,6,60.0,60.0,66.67,15.4,12.2,1.44,16.8,2.83,1.6,2.5,9.17
PHX,2019-02-05,1,4,0,5,0,100.0,100.0,0.0,2.8,11.6,1.4,3.2,0.0,0.0,0.0,0.0
PHX,2019-02-05,2,1,0,1,0,100.0,100.0,0.0,0.0,10.0,0.0,0.0,0.0,0.0,0.0,0.0
PHX,2019-02-05,4,0,0,1,1,100.0,100.0,100.0,0.0,17.0,6.4,6.0,0.0,0.1,0.0,1.0
PHX,2019-02-05,5,1,0,2,6,100.0,100.0,33.33,0.0,13.0,2.8,0.0,1.33,0.75,2.17,20.17
PHX,2019-02-05,6,20,0,28,1,82.14,78.57,100.0,8.96,12.32,3.19,11.21,1.0,0.1,7.0,9.0
PHX,2019-02-05,7,21,17,28,18,78.57,78.57,88.89,11.18,12.79,3.21,12.43,4.44,1.53,4.67,9.56
PHX,2019-02-05,8,34,32,41,34,90.24,82.93,88.24,9.22,15.93,5.92,13.39,1.38,1.55,3.44,4.0
PHX,2019-02-05,9,39,29,40,29,90.0,80.0,96.55,2.55,18.0,7.95,7.6,4.14,1.94,3.21,2.31
PHX,2019-02-05,10,37,39,38,40,86.84,73.68,87.5,6.13,14.5,5.23,10.16,6.8,5.43,5.63,9.03
PHX,2019-02-05,11,39,25,41,26,87.8,75.61,84.62,6.71,17.88,7.79,11.83,4.35,0.62,7.0,11.19
PHX,2019-02-05,12,24,43,26,43,76.92,76.92,81.4,9.69,13.23,4.17,13.0,3.98,1.34,6.0,13.21
PHX,2019-02-05,13,41,33,41,36,92.68,85.37,80.56,5.83,15.22,5.46,9.95,2.28,3.04,5.08,8.78
PHX,2019-02-05,14,27,26,30,28,76.67,76.67,85.71,14.6,12.6,2.77,16.27,2.86,1.56,2.39,8.64
PHX,2019-02-05,15,31,29,35,29,74.29,77.14,75.86,11.17,11.63,1.9,12.31,3.0,2.43,2.21,17.24
PHX,2019-02-05,16,26,30,26,31,84.62,80.77,61.29,14.0,10.88,1.69,15.04,4.13,2.96,6.97,13.77
PHX,2019-02-05,17,30,34,34,37,73.53,67.65,75.68,11.59,12.41,2.62,13.35,4.05,2.08,6.59,9.22
PHX,2019-02-05,18,32,27,33,44,72.73,63.64,68.18,12.64,14.0,4.24,15.55,3.8,3.25,8.82,12.82
PHX,2019-02-05,19,32,34,33,44,72.73,69.7,70.45,36.09,11.88,3.03,38.48,3.45,2.87,7.91,13.95
PHX,2019-02-05,20,12,24,17,25,64.71,58.82,80.0,15.12,11.82,2.53,16.88,3.64,2.27,5.72,13.32
PHX,2019-02-05,21,12,13,17,13,94.12,94.12,69.23,3.47,9.12,1.05,3.53,2.38,3.25,3.38,12.38
PHX,2019-02-05,22,5,16,6,16,66.67,83.33,87.5,12.67,9.33,1.67,13.83,3.81,1.18,6.25,10.81
PHX,2019-02-05,23,5,20,5,21,80.0,80.0,80.95,13.4,15.4,5.28,15.4,4.14,2.98,2.95,5.81
PHX,2019-02-06,0,1,5,2,6,100.0,100.0,50.0,0.0,11.5,0.0,0.0,2.83,1.37,11.83,14.5
PHX,2019-02-06,1,4,0,5,2,100.0,100.0,100.0,0.0,10.8,0.88,0.0,6.5,1.1,7.0,2.5
PHX,2019-02-06,2,1,0,1,0,100.0,100.0,0.0,0.0,9.0,0.0,0.0,0.0,0.0,0.0,0.0
PHX,2019-02-06,3,0,0,0,0,0.0,0.0,0.0,0.0,0.0,0.0,0.0,0.0,0.0,0.0,0.0
PHX,2019-02-06,4,0,0,0,1,0.0,0.0,100.0,0.0,0.0,0.0,0.0,0.0,0.1,1.0,0.0
PHX,2019-02-06,5,2,0,3,6,100.0,100.0,16.67,0.0,10.67,0.63,0.0,5.33,0.9,9.17,32.5
PHX,2019-02-06,6,20,0,28,1,67.86,67.86,0.0,16.32,11.61,2.53,17.64,0.0,0.0,0.0,18.0
PHX,2019-02-06,7,21,16,28,21,78.57,75.0,90.48,14.39,13.82,3.96,16.96,3.95,1.79,4.71,6.38
PHX,2019-02-06,8,33,33,40,34,82.5,77.5,79.41,6.43,12.95,3.02,8.33,2.94,2.15,7.56,20.03
PHX,2019-02-06,9,45,30,45,31,82.22,75.56,74.19,7.98,15.36,5.28,12.16,4.58,3.45,7.94,8.77
PHX,2019-02-06,10,38,41,39,39,71.79,74.36,82.05,9.85,12.67,3.55,12.0,3.1,5.04,4.69,7.03
PHX,2019-02-06,11,42,25,42,24,83.33,85.71,75.0,4.62,13.4,3.48,6.67,3.58,2.03,9.21,12.58
PHX,2019-02-06,12,25,43,25,42,60.0,64.0,76.19,14.32,10.24,1.45,14.76,4.43,0.79,7.12,10.79
PHX,2019-02-06,13,45,31,43,31,76.74,72.09,74.19,10.09,13.02,3.28,11.93,4.65,1.99,5.32,13.87
PHX,2019-02-06,14,27,26,27,26,85.19,88.89,76.92,8.59,11.11,1.42,9.11,3.04,0.88,4.19,15.96
PHX,2019-02-06,15,29,28,29,28,75.86,72.41,82.14,10.21,11.93,2.54,12.14,4.07,2.95,3.11,5.79
PHX,2019-02-06,16,29,29,30,32,80.0,76.67,78.13,7.9,13.0,3.85,10.27,2.88,1.41,4.31,6.81
PHX,2019-02-06,17,28,35,29,39,82.76,79.31,74.36,5.59,12.38,2.96,7.62,4.77,2.09,6.56,10.62
PHX,2019-02-06,18,31,28,32,41,93.75,87.5,68.29,5.06,13.84,4.13,7.97,3.76,2.88,3.95,10.98
PHX,2019-02-06,19,36,40,35,50,71.43,68.57,72.0,9.43,13.74,4.2,12.06,4.28,1.73,4.1,14.8
PHX,2019-02-06,20,17,51,23,52,95.65,91.3,73.08,4.48,12.7,3.0,5.7,5.83,3.63,8.67,13.88
PHX,2019-02-06,21,33,22,37,22,86.49,83.78,77.27,7.73,12.27,2.73,9.16,2.23,2.24,1.77,8.91
PHX,2019-02-06,22,12,23,13,23,69.23,76.92,65.22,6.38,10.92,1.24,7.0,2.87,1.71,5.35,19.3
PHX,2019-02-06,23,6,19,6,22,83.33,83.33,68.18,3.17,12.5,2.17,3.0,3.41,0.69,6.23,14.5
PHX,2019-02-07,0,2,5,3,5,100.0,100.0,40.0,0.0,11.0,0.93,0.0,1.0,0.46,2.8,19.4
PHX,2019-02-07,1,5,0,6,0,66.67,50.0,0.0,9.67,15.67,5.53,13.83,0.0,0.0,0.0,0.0
PHX,2019-02-07,2,1,0,2,0,100.0,100.0,0.0,0.0,12.0,1.9,0.0,0.0,0.0,0.0,0.0
PHX,2019-02-07,4,0,0,0,1,0.0,0.0,100.0,0.0,0.0,0.0,0.0,0.0,0.0,1.0,0.0
PHX,2019-02-07,5,1,0,2,6,100.0,100.0,33.33,0.0,13.0,2.05,0.5,1.17,1.1,5.83,21.67
PHX,2019-02-07,6,20,0,29,2,75.86,75.86,0.0,11.93,12.07,2.98,13.79,9.0,0.05,13.0,32.0
PHX,2019-02-07,7,22,18,29,18,65.52,58.62,83.33,15.34,14.83,5.03,19.41,4.33,0.87,6.33,9.61
PHX,2019-02-07,8,33,31,39,31,89.74,82.05,96.77,2.82,16.26,6.17,6.74,1.55,1.49,3.23,4.48
PHX,2019-02-07,9,46,29,49,31,85.71,61.22,83.87,5.9,20.39,10.18,14.27,3.29,2.3,6.84,9.35
PHX,2019-02-07,10,37,38,40,36,80.0,72.5,80.56,17.15,16.27,6.77,22.0,4.31,5.03,7.97,8.89
PHX,2019-02-07,11,38,25,39,24,76.92,58.97,75.0,9.36,15.51,5.58,13.36,4.33,1.46,7.38,20.71
PHX,2019-02-07,12,24,46,23,46,73.91,73.91,78.26,24.09,12.7,3.5,26.87,2.28,0.88,6.0,14.61
PHX,2019-02-07,13,46,33,45,33,57.78,53.33,63.64,22.31,15.98,6.23,27.11,3.85,2.46,5.15,11.67
PHX,2019-02-07,14,28,27,31,27,64.52,54.84,81.48,17.65,14.52,4.23,20.52,2.11,1.9,1.48,7.56
PHX,2019-02-07,15,31,29,32,32,78.13,78.13,84.38,9.22,12.5,2.95,11.13,2.25,3.43,1.72,13.69
PHX,2019-02-07,16,30,31,30,33,76.67,76.67,63.64,12.03,10.93,1.7,13.1,2.79,1.95,4.52,16.91
PHX,2019-02-07,17,30,33,33,37,69.7,66.67,75.68,19.24,11.45,2.03,20.55,2.68,1.29,3.43,16.08
PHX,2019-02-07,18,32,29,33,41,84.85,78.79,65.85,7.39,16.58,6.82,11.88,2.8,3.02,4.78,15.68
PHX,2019-02-07,19,37,39,38,49,73.68,71.05,63.27,26.66,12.61,3.08,28.71,3.24,2.5,4.71,21.98
PHX,2019-02-07,20,14,52,20,51,60.0,60.0,70.59,20.45,12.35,2.84,21.95,3.14,4.48,5.47,24.65
PHX,2019-02-07,21,36,22,40,22,75.0,70.0,77.27,9.35,13.58,3.75,12.03,2.82,4.58,3.18,8.09
PHX,2019-02-07,22,12,27,13,27,61.54,61.54,62.96,10.0,15.23,5.51,14.46,1.44,2.42,4.59,22.11
PHX,2019-02-07,23,7,20,8,23,75.0,75.0,47.83,7.0,11.38,1.25,7.25,2.96,2.57,7.0,23.78
PHX,2019-02-08,0,4,6,5,5,60.0,60.0,40.0,37.8,9.6,0.56,34.6,0.8,1.7,7.4,19.6
PHX,2019-02-08,1,5,0,6,1,83.33,83.33,0.0,9.17,10.0,0.53,8.5,4.0,2.1,11.0,62.0
PHX,2019-02-08,2,1,0,1,0,100.0,100.0,0.0,0.0,14.0,3.8,0.0,0.0,0.0,0.0,0.0
PHX,2019-02-08,3,0,0,0,0,0.0,0.0,0.0,0.0,0.0,0.0,0.0,0.0,0.0,0.0,0.0
PHX,2019-02-08,4,0,0,0,2,0.0,0.0,100.0,0.0,0.0,0.0,0.0,0.5,0.55,2.0,0.0
PHX,2019-02-08,5,1,0,2,6,100.0,100.0,50.0,0.0,14.5,3.55,0.0,1.33,0.72,5.0,27.67
PHX,2019-02-08,6,20,0,28,1,71.43,71.43,0.0,13.04,12.82,3.55,15.07,4.0,0.0,18.0,71.0
PHX,2019-02-08,7,21,18,29,20,62.07,58.62,90.0,20.66,14.31,4.38,23.76,1.4,0.49,0.65,3.05
PHX,2019-02-08,8,32,33,37,34,75.68,64.86,76.47,7.86,16.84,6.84,12.68,1.29,3.97,4.65,41.15
PHX,2019-02-08,9,48,29,50,33,84.0,70.0,81.82,11.8,20.4,10.24,19.42,2.42,3.96,5.61,7.73
PHX,2019-02-08,10,38,40,41,40,70.73,58.54,75.0,12.98,16.54,7.1,18.68,5.78,8.38,9.75,15.8
PHX,2019-02-08,11,40,27,40,28,77.5,50.0,71.43,10.1,19.75,9.57,17.68,2.32,1.19,3.82,18.89
PHX,2019-02-08,12,26,44,26,43,73.08,73.08,79.07,16.54,13.08,3.73,18.96,2.58,0.94,2.95,8.72
PHX,2019-02-08,13,46,33,48,36,70.83,64.58,80.56,14.23,15.42,5.59,18.67,3.11,1.01,2.17,13.69
PHX,2019-02-08,14,29,26,29,29,75.86,72.41,72.41,15.93,14.21,4.02,18.83,2.69,1.18,4.03,9.38
PHX,2019-02-08,15,30,29,32,30,71.88,65.63,76.67,18.28,14.81,4.83,21.63,1.5,2.83,2.33,16.93
PHX,2019-02-08,16,29,30,31,32,74.19,70.97,71.88,12.94,12.65,3.25,15.16,2.22,1.52,7.47,14.38
PHX,2019-02-08,17,29,33,31,38,77.42,77.42,65.79,14.35,11.35,1.92,15.26,1.66,1.31,6.87,20.84
PHX,2019-02-08,18,32,29,34,41,67.65,67.65,65.85,26.59,12.5,2.95,28.85,1.24,2.44,4.51,22.39
PHX,2019-02-08,19,36,40,35,45,71.43,65.71,71.11,16.86,13.86,4.38,20.54,2.47,2.35,3.13,14.31
PHX,2019-02-08,20,18,52,23,52,82.61,82.61,71.15,14.52,11.65,2.05,15.13,2.54,3.58,6.83,9.94
PHX,2019-02-08,21,35,24,36,23,80.56,75.0,73.91,9.19,15.22,5.33,13.36,1.91,3.31,3.43,25.43
PHX,2019-02-08,22,12,27,16,28,75.0,62.5,60.71,8.63,12.38,2.71,10.75,1.25,2.99,4.96,22.29
PHX,2019-02-08,23,5,19,5,20,80.0,80.0,60.0,18.2,10.0,0.96,18.0,2.1,2.7,11.25,34.35
PHX,2019-02-09,0,4,3,5,7,80.0,80.0,85.71,19.0,17.2,5.36,22.4,0.29,2.1,1.0,7.0
PHX,2019-02-09,1,5,0,6,0,83.33,83.33,0.0,3.33,10.67,0.4,3.5,0.0,0.0,0.0,0.0
PHX,2019-02-09,2,1,0,2,0,100.0,100.0,0.0,0.0,11.5,1.4,0.0,0.0,0.0,0.0,0.0
PHX,2019-02-09,3,0,0,0,1,0.0,0.0,100.0,0.0,0.0,0.0,0.0,0.0,0.0,0.0,0.0
PHX,2019-02-09,4,0,0,0,1,0.0,0.0,100.0,0.0,0.0,0.0,0.0,0.0,2.1,4.0,0.0
PHX,2019-02-09,5,1,0,1,1,100.0,100.0,0.0,2.0,12.0,0.7,3.0,0.0,2.1,0.0,38.0
PHX,2019-02-09,6,17,2,21,1,85.71,76.19,100.0,10.19,12.67,3.55,12.0,0.0,0.1,0.0,0.0
PHX,2019-02-09,7,15,15,21,15,80.95,80.95,100.0,16.05,12.52,2.95,17.81,1.0,0.12,0.2,0.07
PHX,2019-02-09,8,29,28,30,26,90.0,86.67,88.46,8.63,14.47,4.25,10.73,1.46,2.01,5.27,8.08
PHX,2019-02-09,9,46,30,47,33,80.85,51.06,84.85,11.72,21.02,10.75,20.53,2.06,4.37,5.42,5.36
PHX,2019-02-09,10,40,38,40,43,85.0,80.0,76.74,5.88,14.95,5.89,10.63,3.35,4.74,6.51,13.67
PHX,2019-02-09,11,40,34,42,33,71.43,66.67,72.73,20.76,15.69,5.64,25.21,3.27,1.94,4.79,32.39
PHX,2019-02-09,12,27,38,25,36,76.0,72.0,80.56,12.4,12.48,3.8,15.68,2.31,2.17,3.5,10.47
PHX,2019-02-09,13,43,33,43,34,83.72,72.09,67.65,10.88,17.44,7.47,16.09,5.62,2.02,5.44,16.12
PHX,2019-02-09,14,26,15,29,16,79.31,58.62,81.25,11.55,14.86,4.91,14.9,2.25,0.92,2.63,12.69
PHX,2019-02-09,15,23,29,24,30,83.33,79.17,86.67,21.75,12.63,3.22,24.0,2.83,1.07,2.4,8.5
PHX,2019-02-09,16,23,39,24,40,75.0,75.0,75.0,14.33,10.75,1.15,15.0,3.1,1.7,5.55,27.52
PHX,2019-02-09,17,33,29,33,31,66.67,63.64,74.19,16.85,10.7,2.12,18.3,3.23,3.27,4.55,12.9
PHX,2019-02-09,18,25,37,27,38,81.48,77.78,63.16,14.59,11.48,1.84,15.44,2.71,2.6,6.37,19.95
PHX,2019-02-09,19,27,27,28,29,75.0,75.0,72.41,19.07,11.57,2.02,20.21,1.97,2.36,3.03,15.41
PHX,2019-02-09,20,13,34,13,36,92.31,92.31,88.89,3.62,11.23,1.62,4.46,2.39,2.98,3.36,4.75
PHX,2019-02-09,21,19,16,20,16,90.0,85.0,87.5,7.55,15.45,4.93,11.15,1.88,2.59,6.5,8.44
PHX,2019-02-09,22,5,16,7,16,85.71,85.71,75.0,7.14,14.0,3.49,10.0,1.31,1.56,4.19,14.63
PHX,2019-02-09,23,4,12,4,14,50.0,50.0,71.43,12.75,10.25,0.45,12.75,3.0,1.67,7.64,23.86
PHX,2019-02-10,0,3,5,4,3,75.0,75.0,66.67,17.25,12.0,1.8,18.25,0.67,2.47,4.0,37.33
PHX,2019-02-10,1,5,0,6,0,66.67,66.67,0.0,10.67,16.5,6.37,16.5,0.0,0.0,0.0,0.0
PHX,2019-02-10,2,1,0,1,0,100.0,100.0,0.0,0.0,20.0,9.8,6.0,0.0,0.0,0.0,0.0
PHX,2019-02-10,5,2,0,4,1,100.0,100.0,100.0,0.0,13.0,2.58,0.0,0.0,1.1,2.0,0.0
PHX,2019-02-10,6,16,0,19,2,89.47,89.47,100.0,2.95,11.63,2.25,3.95,0.0,0.0,0.0,0.0
PHX,2019-02-10,7,22,13,22,13,86.36,81.82,92.31,26.09,13.86,4.61,29.82,3.69,1.18,5.31,3.77
PHX,2019-02-10,8,29,24,29,25,93.1,89.66,88.0,1.38,15.28,5.2,3.9,1.12,8.48,5.88,8.08
PHX,2019-02-10,9,50,30,51,30,84.31,68.63,90.0,8.59,20.69,10.67,17.16,2.53,2.36,4.97,5.23
PHX,2019-02-10,10,38,36,37,35,83.78,75.68,80.0,8.46,17.32,8.11,15.16,4.37,7.3,10.31,19.94
PHX,2019-02-10,11,34,24,34,25,76.47,55.88,68.0,12.97,20.12,9.76,20.97,6.04,1.55,9.4,16.4
PHX,2019-02-10,12,31,43,31,42,67.74,61.29,83.33,16.97,13.48,4.6,20.81,3.83,0.77,4.55,8.69
PHX,2019-02-10,13,41,39,41,39,65.85,63.41,74.36,16.22,14.76,4.72,19.24,3.82,1.49,3.49,18.74
PHX,2019-02-10,14,32,18,30,20,66.67,70.0,80.0,16.5,11.5,2.13,17.77,4.2,1.34,3.7,7.8
PHX,2019-02-10,15,27,32,29,34,51.72,51.72,73.53,19.97,13.62,3.8,22.83,2.24,2.51,2.47,13.94
PHX,2019-02-10,16,27,31,29,32,79.31,75.86,59.38,9.0,12.0,2.43,10.48,8.19,2.82,12.53,19.44
PHX,2019-02-10,17,33,31,35,37,82.86,80.0,67.57,14.97,10.63,1.57,15.57,3.27,2.45,6.3,19.57
PHX,2019-02-10,18,31,31,30,31,63.33,50.0,61.29,13.1,13.97,4.73,16.43,3.61,2.48,7.84,15.97
PHX,2019-02-10,19,30,41,31,42,64.52,61.29,76.19,23.9,12.26,2.48,25.71,2.52,2.91,3.64,15.1
PHX,2019-02-10,20,23,47,23,47,52.17,52.17,65.96,21.7,10.48,2.01,22.35,5.3,3.83,8.64,27.45
PHX,2019-02-10,21,30,21,32,23,65.63,62.5,69.57,17.91,15.0,4.81,21.28,3.04,2.9,4.43,24.17
PHX,2019-02-10,22,9,26,13,26,84.62,84.62,50.0,6.46,11.38,1.2,6.85,2.5,1.57,10.0,33.92
PHX,2019-02-10,23,7,18,7,20,85.71,71.43,50.0,39.0,12.57,2.29,41.0,4.05,1.78,21.65,53.7
PHX,2019-02-11,0,4,5,5,6,60.0,60.0,50.0,15.6,13.8,2.48,17.0,1.17,3.07,3.67,10.5
PHX,2019-02-11,1,5,0,6,0,83.33,66.67,0.0,8.83,11.5,1.47,9.83,0.0,0.0,0.0,0.0
PHX,2019-02-11,2,1,0,1,0,100.0,100.0,0.0,0.0,8.0,0.0,0.0,0.0,0.0,0.0,0.0
PHX,2019-02-11,4,0,0,0,0,0.0,0.0,0.0,0.0,0.0,0.0,0.0,0.0,0.0,0.0,0.0
PHX,2019-02-11,5,1,0,1,1,100.0,100.0,100.0,0.0,12.0,0.7,0.0,0.0,1.1,0.0,7.0
PHX,2019-02-11,6,21,0,26,0,84.62,76.92,0.0,4.27,12.38,3.29,6.77,0.0,0.0,0.0,0.0
PHX,2019-02-11,7,21,17,21,19,85.71,80.95,78.95,7.86,10.76,1.58,8.9,2.42,1.68,1.84,23.37
PHX,2019-02-11,8,32,33,31,33,90.32,90.32,90.91,3.84,12.84,3.1,5.52,2.09,3.2,2.73,6.88
PHX,2019-02-11,9,47,31,49,30,81.63,67.35,76.67,6.82,17.71,7.66,13.27,2.9,4.54,4.23,11.3
PHX,2019-02-11,10,38,40,38,39,73.68,68.42,89.74,13.76,13.5,4.33,17.08,1.18,8.66,5.54,10.33
PHX,2019-02-11,11,41,27,42,29,76.19,69.05,58.62,17.21,13.21,3.46,19.69,2.76,1.45,8.21,22.03
PHX,2019-02-11,12,26,44,29,48,58.62,48.28,77.08,18.1,10.97,2.17,18.9,2.79,2.47,6.9,9.6
PHX,2019-02-11,13,47,34,46,35,69.57,67.39,80.0,14.07,11.63,2.17,15.52,1.83,3.82,3.83,6.77
PHX,2019-02-11,14,30,26,38,28,68.42,68.42,85.71,18.61,11.34,1.58,19.53,1.86,2.15,0.79,10.64
PHX,2019-02-11,15,29,29,31,30,70.97,70.97,86.67,20.61,14.52,4.9,24.23,2.87,2.82,2.37,5.77
PHX,2019-02-11,16,30,30,30,31,70.0,70.0,67.74,18.47,11.23,1.79,19.33,1.71,3.39,2.06,15.58
PHX,2019-02-11,17,29,33,30,36,66.67,66.67,72.22,10.7,11.83,2.42,12.43,3.06,3.43,4.17,12.58
PHX,2019-02-11,18,33,31,33,42,69.7,66.67,64.29,18.06,11.15,1.78,19.24,1.45,2.37,1.79,15.55
PHX,2019-02-11,19,39,39,40,45,62.5,60.0,75.56,18.77,13.58,4.15,21.52,3.27,2.99,4.4,18.31
PHX,2019-02-11,20,19,56,26,56,61.54,61.54,76.79,18.5,12.96,3.18,21.23,1.66,4.07,2.68,15.3
PHX,2019-02-11,21,35,22,37,23,78.38,67.57,73.91,8.0,15.35,5.45,11.49,2.74,3.17,6.04,23.35
PHX,2019-02-11,22,12,28,12,28,91.67,91.67,71.43,8.42,12.58,2.63,9.75,2.46,1.94,1.04,16.68
PHX,2019-02-11,23,6,21,6,22,100.0,100.0,77.27,0.0,11.17,1.77,0.83,2.73,2.52,1.14,16.36
PHX,2019-02-12,0,4,5,5,6,100.0,80.0,83.33,0.0,17.6,6.64,5.8,0.5,1.23,0.0,11.33
PHX,2019-02-12,1,5,0,6,1,100.0,100.0,0.0,0.17,12.33,2.07,1.33,3.0,1.1,6.0,19.0
PHX,2019-02-12,2,1,0,1,0,100.0,100.0,0.0,0.0,11.0,0.8,0.0,0.0,0.0,0.0,0.0
PHX,2019-02-12,3,0,0,0,0,0.0,0.0,0.0,0.0,0.0,0.0,0.0,0.0,0.0,0.0,0.0
PHX,2019-02-12,4,0,0,0,3,0.0,0.0,33.33,0.0,0.0,0.0,0.0,0.0,0.3,2.67,33.33
PHX,2019-02-12,5,1,0,2,5,100.0,100.0,0.0,4.5,12.5,2.3,6.5,1.8,0.5,4.6,46.6
PHX,2019-02-12,6,21,0,29,1,65.52,65.52,0.0,28.9,12.0,2.87,30.38,0.0,0.0,0.0,19.0
PHX,2019-02-12,7,21,17,29,19,79.31,68.97,78.95,17.17,16.31,6.31,22.55,2.21,0.61,1.32,9.32
PHX,2019-02-12,8,33,32,38,35,76.32,73.68,80.0,14.08,15.71,5.62,17.74,2.23,2.13,8.29,9.83
PHX,2019-02-12,9,39,30,39,29,87.18,74.36,75.86,8.64,19.9,9.8,15.08,3.21,3.52,6.21,16.03
PHX,2019-02-12,10,37,39,36,39,69.44,61.11,84.62,27.5,15.53,6.22,32.61,3.31,6.54,6.72,13.51
PHX,2019-02-12,11,39,25,38,24,84.21,84.21,83.33,6.11,16.03,6.09,9.95,2.38,0.98,3.13,16.75
PHX,2019-02-12,12,24,43,25,42,64.0,60.0,66.67,32.28,12.6,3.38,34.72,1.83,1.57,5.88,20.0
PHX,2019-02-12,13,43,35,39,35,76.92,64.1,71.43,21.44,14.49,4.76,24.38,2.09,1.42,4.4,10.71
PHX,2019-02-12,14,29,26,32,25,68.75,56.25,80.0,42.44,12.5,2.57,44.38,1.6,1.89,0.96,9.96
PHX,2019-02-12,15,30,29,30,31,76.67,66.67,87.1,12.93,14.87,4.83,16.7,1.81,1.63,1.61,6.19
PHX,2019-02-12,16,26,30,26,29,69.23,57.69,82.76,14.31,15.54,6.03,18.23,6.59,1.41,5.83,9.24
PHX,2019-02-12,17,30,33,32,36,90.63,87.5,72.22,6.19,15.06,5.28,9.59,3.44,1.04,1.92,13.0
PHX,2019-02-12,18,32,27,33,39,84.85,66.67,61.54,9.36,18.42,8.66,15.58,2.49,0.98,5.67,18.64
PHX,2019-02-12,19,32,34,34,43,64.71,58.82,69.77,15.26,15.12,5.61,19.62,1.91,1.06,2.6,14.51
PHX,2019-02-12,20,13,26,17,27,58.82,58.82,81.48,18.53,11.88,2.83,19.88,2.93,1.21,1.59,10.19
PHX,2019-02-12,21,12,12,17,13,76.47,70.59,61.54,7.76,10.12,1.74,8.76,1.54,1.81,3.54,26.15
PHX,2019-02-12,22,5,18,6,19,66.67,66.67,73.68,16.5,9.5,0.98,17.33,1.53,1.37,4.68,17.95
PHX,2019-02-12,23,5,20,5,22,60.0,60.0,81.82,30.6,11.8,1.32,31.6,1.68,0.71,1.09,12.68
PHX,2019-02-13,0,1,6,2,7,100.0,100.0,85.71,0.0,10.0,0.0,0.0,0.57,0.5,0.86,7.57
PHX,2019-02-13,1,5,0,7,0,100.0,100.0,0.0,0.71,12.86,2.83,2.0,0.0,0.0,0.0,0.0
PHX,2019-02-13,2,1,0,1,0,100.0,100.0,0.0,0.0,14.0,3.8,0.0,0.0,0.0,0.0,0.0
PHX,2019-02-13,3,0,0,0,0,0.0,0.0,0.0,0.0,0.0,0.0,0.0,0.0,0.0,0.0,0.0
PHX,2019-02-13,4,0,0,0,2,0.0,0.0,0.0,0.0,0.0,0.0,0.0,0.0,0.55,1.5,20.0
PHX,2019-02-13,5,2,0,3,5,66.67,66.67,0.0,7.0,11.33,0.87,7.33,0.4,1.28,1.8,36.4
PHX,2019-02-13,6,21,0,26,1,73.08,73.08,0.0,20.08,11.77,2.6,21.42,10.0,0.1,27.0,22.0
PHX,2019-02-13,7,21,16,26,20,76.92,73.08,90.0,15.77,13.08,3.22,17.46,1.9,1.18,3.0,4.0
PHX,2019-02-13,8,32,33,41,35,85.37,78.05,91.43,13.2,16.54,6.5,17.27,1.74,1.94,1.6,3.4
PHX,2019-02-13,9,45,31,46,31,93.48,71.74,67.74,3.26,20.91,10.8,10.74,2.58,2.8,3.39,17.06
PHX,2019-02-13,10,38,41,39,41,71.79,61.54,95.12,14.46,16.41,7.16,19.87,3.61,5.86,3.05,6.98
PHX,2019-02-13,11,42,25,43,27,93.02,86.05,66.67,4.4,17.93,7.65,9.3,7.0,2.08,8.37,18.89
PHX,2019-02-13,12,25,44,29,44,41.38,37.93,75.0,26.28,13.93,4.79,30.62,11.55,0.79,12.55,24.86
PHX,2019-02-13,13,47,32,52,33,55.77,40.38,81.82,30.87,17.81,7.96,37.56,3.3,2.0,1.91,16.33
PHX,2019-02-13,14,28,26,27,26,77.78,77.78,84.62,9.37,14.44,5.01,13.52,2.35,1.92,0.96,14.15
PHX,2019-02-13,15,28,28,28,27,89.29,78.57,66.67,4.96,14.61,4.9,8.11,3.52,1.23,2.26,27.96
PHX,2019-02-13,16,29,29,33,31,60.61,54.55,80.65,62.58,14.48,5.09,66.55,3.94,2.41,2.29,10.58
PHX,2019-02-13,17,28,34,29,39,72.41,72.41,64.1,15.66,11.07,1.8,16.1,3.59,2.97,3.15,24.1
PHX,2019-02-13,18,31,28,33,40,57.58,51.52,55.0,31.48,13.85,4.53,35.15,3.3,1.88,6.7,24.02
PHX,2019-02-13,19,38,40,37,50,45.95,40.54,64.0,40.43,13.84,4.35,44.62,3.42,2.23,4.12,17.52
PHX,2019-02-13,20,19,52,24,54,66.67,62.5,59.26,33.63,16.04,6.32,38.5,3.59,4.86,4.96,40.43
PHX,2019-02-13,21,33,21,35,21,60.0,60.0,71.43,20.06,13.91,4.51,23.46,4.95,1.7,1.95,16.38
PHX,2019-02-13,22,12,24,13,25,69.23,53.85,40.0,9.0,15.0,4.82,13.54,3.72,3.64,8.24,57.48
PHX,2019-02-13,23,6,19,9,22,66.67,55.56,50.0,10.78,16.0,5.0,15.78,2.09,2.55,1.77,24.32
PHX,2019-02-14,0,2,6,2,6,100.0,100.0,50.0,2.0,10.5,0.4,0.0,2.67,9.9,6.83,25.0
PHX,2019-02-14,1,5,1,7,1,71.43,71.43,0.0,10.29,10.86,0.94,10.43,1.0,0.7,1.0,32.0
PHX,2019-02-14,2,1,1,1,1,100.0,100.0,0.0,0.0,11.0,0.8,0.0,0.0,0.0,1.0,30.0
PHX,2019-02-14,3,0,0,1,0,100.0,100.0,0.0,0.0,21.0,10.4,0.0,0.0,0.0,0.0,0.0
PHX,2019-02-14,4,0,0,0,1,0.0,0.0,0.0,0.0,0.0,0.0,0.0,0.0,5.1,1.0,15.0
PHX,2019-02-14,5,1,0,2,6,100.0,100.0,33.33,0.0,15.0,4.05,0.0,0.83,0.93,4.0,40.5
PHX,2019-02-14,6,18,0,24,2,66.67,62.5,50.0,31.54,13.17,4.34,35.13,9.5,0.05,11.0,18.5
PHX,2019-02-14,7,23,19,30,19,76.67,70.0,89.47,13.37,14.73,4.98,17.33,4.95,0.78,1.58,7.05
PHX,2019-02-14,8,34,32,39,31,82.05,64.1,83.87,9.0,17.79,7.59,14.54,4.97,3.09,3.29,3.97
PHX,2019-02-14,9,46,32,47,33,82.98,61.7,69.7,9.81,20.89,10.82,18.11,9.15,3.91,11.45,14.64
PHX,2019-02-14,10,43,37,42,39,71.43,57.14,79.49,18.48,17.17,7.43,25.21,7.28,3.73,8.97,18.54
PHX,2019-02-14,11,32,26,32,24,75.0,62.5,83.33,9.25,19.69,9.98,17.38,6.5,1.38,4.25,12.75
PHX,2019-02-14,12,27,47,29,47,75.86,62.07,70.21,19.83,15.17,5.82,24.83,6.11,1.24,8.13,12.6
PHX,2019-02-14,13,50,29,50,30,68.0,44.0,56.67,16.7,19.2,9.28,25.04,5.6,1.53,9.63,32.7
PHX,2019-02-14,14,28,29,31,32,41.94,38.71,59.38,46.0,15.87,5.99,51.35,7.34,2.08,6.34,15.59
PHX,2019-02-14,15,29,30,31,31,61.29,51.61,64.52,16.61,17.26,7.17,23.0,6.55,1.44,7.1,20.61
PHX,2019-02-14,16,31,31,32,31,56.25,46.88,61.29,29.25,15.5,6.03,34.59,7.74,2.56,7.48,19.58
PHX,2019-02-14,17,30,33,34,38,64.71,55.88,47.37,25.65,12.82,3.11,28.15,6.66,2.17,7.89,45.05
PHX,2019-02-14,18,32,28,31,34,64.52,61.29,52.94,26.23,14.55,5.0,29.61,8.68,2.81,12.71,27.53
PHX,2019-02-14,19,38,40,39,48,33.33,30.77,22.92,74.46,12.87,3.43,77.69,19.08,2.79,25.15,62.46
PHX,2019-02-14,20,15,55,19,56,47.37,42.11,14.29,33.84,12.21,3.03,35.84,23.5,3.91,29.16,53.18
PHX,2019-02-14,21,36,20,39,24,20.51,15.38,16.67,57.49,13.31,3.46,60.72,19.33,4.04,30.17,45.08
PHX,2019-02-14,22,14,29,18,32,22.22,22.22,21.88,41.44,14.22,4.41,45.5,9.13,4.62,14.81,42.94
PHX,2019-02-14,23,10,34,10,35,70.0,60.0,51.43,20.8,14.6,4.3,24.0,4.49,5.25,5.54,27.66
PHX,2019-02-15,0,16,7,19,9,73.68,73.68,33.33,9.21,13.63,3.54,10.84,2.44,1.49,18.89,47.44
PHX,2019-02-15,1,7,1,8,1,87.5,87.5,100.0,17.5,11.63,1.65,18.13,0.0,0.0,0.0,3.0
PHX,2019-02-15,2,1,1,1,1,100.0,100.0,0.0,0.0,19.0,8.8,5.0,3.0,2.0,0.0,35.0
PHX,2019-02-15,3,0,0,0,0,0.0,0.0,0.0,0.0,0.0,0.0,0.0,0.0,0.0,0.0,0.0
PHX,2019-02-15,4,0,0,0,1,0.0,0.0,0.0,0.0,0.0,0.0,0.0,0.0,0.0,0.0,17.0
PHX,2019-02-15,5,1,0,2,6,50.0,50.0,66.67,13.5,14.5,3.55,16.5,1.83,0.75,2.17,21.0
PHX,2019-02-15,6,18,0,25,1,80.0,80.0,100.0,20.52,10.88,2.05,21.32,4.0,0.0,5.0,3.0
PHX,2019-02-15,7,22,20,28,22,78.57,78.57,72.73,48.64,12.11,2.56,50.36,2.45,2.35,5.09,14.55
PHX,2019-02-15,8,34,34,42,35,66.67,57.14,85.71,14.6,14.88,4.89,18.29,1.83,3.18,2.14,4.94
PHX,2019-02-15,9,47,34,47,35,85.11,61.7,80.0,9.13,19.43,9.34,17.15,4.54,3.58,5.23,6.34
PHX,2019-02-15,10,44,38,45,39,88.89,64.44,69.23,12.78,17.62,7.92,19.49,3.05,7.27,6.46,14.49
PHX,2019-02-15,11,34,28,36,29,77.78,77.78,82.76,11.47,12.53,3.01,12.97,3.0,1.98,5.48,7.0
PHX,2019-02-15,12,29,46,35,49,68.57,60.0,75.51,25.49,14.23,4.6,29.09,4.2,2.07,6.2,17.47
PHX,2019-02-15,13,48,27,49,27,67.35,59.18,81.48,18.22,15.71,5.82,22.55,1.7,3.34,4.07,9.81
PHX,2019-02-15,14,28,28,30,28,80.0,63.33,85.71,10.13,14.23,4.29,13.03,4.79,2.65,4.32,6.29
PHX,2019-02-15,15,28,30,30,32,66.67,60.0,65.63,17.97,13.17,3.4,20.23,4.44,1.65,2.63,32.63
PHX,2019-02-15,16,31,30,32,31,75.0,78.13,64.52,17.88,11.63,2.24,19.34,4.32,1.32,8.32,17.0
PHX,2019-02-15,17,29,34,31,37,74.19,74.19,75.68,16.74,10.97,1.86,17.45,4.41,1.7,3.65,16.68
PHX,2019-02-15,18,33,29,35,38,62.86,62.86,60.53,27.26,12.77,3.28,29.69,3.42,1.63,4.79,16.61
PHX,2019-02-15,19,39,41,41,48,56.1,53.66,58.33,24.34,13.51,3.81,27.71,2.67,3.09,7.06,16.1
PHX,2019-02-15,20,19,57,24,58,66.67,58.33,62.07,14.0,15.04,5.35,17.67,5.07,4.6,7.24,13.95
PHX,2019-02-15,21,35,21,36,22,72.22,58.33,63.64,11.36,14.28,4.52,14.86,2.77,2.36,3.23,15.14
PHX,2019-02-15,22,14,30,15,29,73.33,73.33,55.17,10.47,12.8,3.12,12.53,2.17,1.55,5.66,17.62
PHX,2019-02-15,23,9,31,9,32,100.0,100.0,53.13,1.0,12.44,2.6,2.67,2.5,2.36,4.69,41.94
PHX,2019-02-16,0,17,5,18,8,94.44,88.89,62.5,7.39,14.61,4.29,10.11,2.13,3.06,1.5,18.5
PHX,2019-02-16,1,5,0,6,1,83.33,83.33,0.0,4.67,11.0,0.87,5.33,0.0,1.0,4.0,19.0
PHX,2019-02-16,2,1,0,0,1,0.0,0.0,0.0,0.0,0.0,0.0,0.0,5.0,1.0,6.0,16.0
PHX,2019-02-16,3,0,0,0,0,0.0,0.0,0.0,0.0,0.0,0.0,0.0,0.0,0.0,0.0,0.0
PHX,2019-02-16,4,0,0,1,1,100.0,100.0,100.0,6.0,7.0,0.0,3.0,0.0,0.1,2.0,0.0
PHX,2019-02-16,5,1,0,1,2,100.0,100.0,0.0,0.0,15.0,3.7,0.0,4.5,1.1,9.0,49.0
PHX,2019-02-16,6,14,1,19,0,68.42,68.42,0.0,23.68,10.84,1.82,25.05,0.0,0.0,0.0,0.0
PHX,2019-02-16,7,15,19,20,19,75.0,75.0,84.21,21.6,12.75,2.77,22.7,3.32,3.11,8.21,7.68
PHX,2019-02-16,8,33,30,32,28,96.88,96.88,89.29,2.28,14.34,4.27,4.53,3.0,6.96,3.79,7.29
PHX,2019-02-16,9,47,34,47,36,93.62,91.49,83.33,5.36,15.17,5.05,8.66,3.28,4.76,5.06,7.39
PHX,2019-02-16,10,45,37,47,40,80.85,74.47,82.5,16.7,12.06,2.86,18.6,2.88,5.1,5.85,6.47
PHX,2019-02-16,11,32,34,34,33,79.41,70.59,75.76,17.56,12.12,2.57,18.91,1.39,1.89,5.45,10.39
PHX,2019-02-16,12,29,39,31,41,67.74,64.52,75.61,22.52,10.77,2.2,24.06,2.27,2.18,2.95,14.56
PHX,2019-02-16,13,44,27,44,27,86.36,75.0,74.07,6.61,14.36,4.63,9.8,4.11,1.77,5.41,9.3
PHX,2019-02-16,14,24,17,26,18,80.77,84.62,83.33,5.77,12.5,2.59,7.54,3.39,1.74,3.78,17.5
PHX,2019-02-16,15,23,31,23,32,95.65,91.3,93.75,12.52,12.87,2.96,14.48,2.63,2.62,2.22,5.66
PHX,2019-02-16,16,28,36,29,38,89.66,89.66,76.32,5.86,11.62,2.33,7.14,2.5,1.07,5.21,14.71
PHX,2019-02-16,17,33,29,31,32,64.52,61.29,65.63,20.39,9.84,1.26,21.03,2.25,1.59,5.56,14.41
PHX,2019-02-16,18,28,37,29,38,65.52,62.07,76.32,16.79,11.76,2.57,18.62,1.79,2.94,5.68,11.84
PHX,2019-02-16,19,33,28,33,29,75.76,66.67,82.76,8.42,13.7,3.93,11.27,1.9,3.38,4.59,7.34
PHX,2019-02-16,20,13,45,13,47,84.62,84.62,78.72,7.46,13.85,4.16,10.38,3.17,4.07,3.83,13.26
PHX,2019-02-16,21,26,17,26,18,76.92,69.23,72.22,6.08,14.0,3.42,8.15,2.0,1.82,3.5,11.06
PHX,2019-02-16,22,9,22,10,22,60.0,70.0,72.73,8.6,14.7,4.12,12.2,2.68,1.26,6.5,11.59
PHX,2019-02-16,23,5,13,5,15,80.0,80.0,73.33,4.0,11.2,1.48,4.6,2.8,1.53,8.33,15.0
PHX,2019-02-17,0,5,6,5,5,100.0,80.0,40.0,0.8,17.6,7.08,7.4,1.0,7.28,15.0,27.0
PHX,2019-02-17,1,5,0,7,0,57.14,57.14,0.0,13.71,11.0,0.91,14.43,0.0,0.0,0.0,0.0
PHX,2019-02-17,2,1,0,2,1,50.0,50.0,0.0,58.0,13.5,3.1,59.0,0.0,1.1,0.0,60.0
PHX,2019-02-17,3,0,0,0,0,0.0,0.0,0.0,0.0,0.0,0.0,0.0,0.0,0.0,0.0,0.0
PHX,2019-02-17,4,0,0,0,0,0.0,0.0,0.0,0.0,0.0,0.0,0.0,0.0,0.0,0.0,0.0
PHX,2019-02-17,5,2,0,4,0,100.0,100.0,0.0,1.25,12.25,1.75,1.25,0.0,0.0,0.0,0.0
PHX,2019-02-17,6,12,0,14,1,85.71,85.71,100.0,13.14,12.14,3.17,15.29,0.0,5.0,0.0,0.0
PHX,2019-02-17,7,22,19,23,20,86.96,86.96,80.0,8.96,13.04,3.73,11.26,4.35,1.58,7.35,5.55
PHX,2019-02-17,8,32,27,33,28,78.79,78.79,82.14,9.06,14.55,4.13,11.48,1.71,2.67,3.61,9.68
PHX,2019-02-17,9,49,34,49,36,73.47,61.22,77.78,19.0,18.06,8.05,25.31,2.42,2.76,7.03,10.92
PHX,2019-02-17,10,45,33,48,33,77.08,58.33,78.79,17.94,18.52,8.94,25.92,4.79,5.51,6.15,15.15
PHX,2019-02-17,11,28,23,29,23,75.86,65.52,73.91,16.07,16.45,6.37,20.9,2.96,1.69,7.87,9.57
PHX,2019-02-17,12,31,47,31,47,77.42,74.19,80.85,20.35,11.16,2.99,22.87,3.66,2.19,7.34,15.55
PHX,2019-02-17,13,45,33,45,34,75.56,73.33,76.47,17.84,14.2,4.09,20.78,2.59,3.01,4.26,28.38
PHX,2019-02-17,14,31,19,30,21,83.33,83.33,76.19,6.77,11.3,2.04,7.6,3.62,2.6,5.19,13.95
PHX,2019-02-17,15,25,32,25,34,68.0,68.0,73.53,22.68,14.0,4.3,25.96,3.15,1.76,4.35,16.03
PHX,2019-02-17,16,29,29,30,29,70.0,70.0,72.41,16.43,12.97,3.39,18.77,3.62,2.04,7.14,17.45
PHX,2019-02-17,17,31,33,32,36,81.25,78.13,61.11,16.81,12.06,3.05,19.22,4.58,1.54,8.11,16.81
PHX,2019-02-17,18,30,30,29,32,44.83,41.38,56.25,19.34,13.0,3.78,22.21,3.84,2.68,9.5,37.22
PHX,2019-02-17,19,29,41,28,41,67.86,60.71,63.41,27.68,12.54,2.72,29.68,2.88,2.43,3.54,17.93
PHX,2019-02-17,20,22,48,23,48,60.87,60.87,64.58,28.87,10.26,1.83,30.13,4.21,2.83,10.08,23.02
PHX,2019-02-17,21,30,20,31,20,70.97,64.52,65.0,37.61,13.65,3.42,40.26,2.95,2.73,6.05,19.4
PHX,2019-02-17,22,10,25,11,25,72.73,72.73,56.0,14.73,13.18,2.95,16.45,2.8,4.42,10.76,22.76
PHX,2019-02-17,23,6,16,6,16,66.67,50.0,68.75,12.5,11.17,1.3,13.17,3.0,1.92,6.19,9.13
PHX,2019-02-18,0,5,6,6,6,100.0,83.33,33.33,6.0,11.33,0.83,6.83,3.33,3.57,12.67,26.17
PHX,2019-02-18,1,5,1,6,0,50.0,50.0,0.0,23.83,11.67,1.37,25.17,0.0,0.0,0.0,0.0
PHX,2019-02-18,2,1,0,1,0,100.0,100.0,0.0,4.0,7.0,0.0,1.0,0.0,0.0,0.0,0.0
PHX,2019-02-18,3,0,0,0,0,0.0,0.0,0.0,0.0,0.0,0.0,0.0,0.0,0.0,0.0,0.0
PHX,2019-02-18,4,0,0,0,0,0.0,0.0,0.0,0.0,0.0,0.0,0.0,0.0,0.0,0.0,0.0
PHX,2019-02-18,5,1,0,1,1,100.0,100.0,100.0,0.0,9.0,0.0,0.0,2.0,1.1,8.0,11.0
PHX,2019-02-18,6,18,0,22,0,77.27,77.27,0.0,5.95,11.23,2.42,7.14,0.0,0.0,0.0,0.0
PHX,2019-02-18,7,23,19,24,20,87.5,79.17,75.0,5.38,13.5,3.99,8.25,3.35,2.83,7.65,7.75
PHX,2019-02-18,8,35,34,35,32,80.0,74.29,84.38,10.09,13.66,4.03,12.83,2.09,4.66,4.97,5.22
PHX,2019-02-18,9,47,35,47,36,85.11,65.96,69.44,5.68,19.17,9.11,13.36,4.81,2.64,6.75,15.86
PHX,2019-02-18,10,44,38,47,38,63.83,57.45,57.89,24.91,12.53,3.11,27.4,5.26,5.26,13.05,19.21
PHX,2019-02-18,11,35,28,38,29,65.79,57.89,75.86,20.87,12.92,3.31,23.16,4.55,2.09,8.31,18.48
PHX,2019-02-18,12,29,47,30,49,56.67,56.67,67.35,16.1,10.6,1.41,17.23,4.63,2.02,12.59,24.73
PHX,2019-02-18,13,49,27,51,27,60.78,56.86,70.37,28.14,13.16,3.55,30.73,4.52,3.54,5.89,16.7
PHX,2019-02-18,14,27,27,30,30,66.67,66.67,66.67,12.93,11.87,2.4,14.9,5.07,2.83,6.13,11.57
PHX,2019-02-18,15,28,30,31,30,74.19,74.19,73.33,9.71,12.26,2.32,11.03,2.67,1.68,2.4,12.37
PHX,2019-02-18,16,31,31,32,33,65.63,62.5,72.73,13.97,12.31,2.73,15.78,2.67,1.19,5.0,15.55
PHX,2019-02-18,17,29,33,31,35,77.42,77.42,77.14,21.32,9.94,1.1,21.94,3.51,1.25,5.89,11.4
PHX,2019-02-18,18,33,31,35,44,65.71,68.57,50.0,11.06,10.86,1.63,11.69,2.14,1.46,5.23,19.25
PHX,2019-02-18,19,40,41,41,47,63.41,39.02,63.83,14.61,15.8,6.12,20.37,3.28,1.93,7.91,18.21
PHX,2019-02-18,20,18,57,24,59,66.67,54.17,66.1,16.42,13.67,4.0,19.0,4.24,4.78,10.47,19.49
PHX,2019-02-18,21,35,21,38,22,76.32,71.05,63.64,9.53,12.71,3.19,12.13,2.91,2.9,5.59,13.05
PHX,2019-02-18,22,13,27,14,27,71.43,71.43,59.26,13.79,11.57,2.0,15.5,3.26,2.4,4.85,34.48
PHX,2019-02-18,23,6,20,6,21,83.33,83.33,66.67,6.0,12.83,2.93,8.67,1.76,3.36,3.86,30.52
PHX,2019-02-19,0,6,6,7,8,71.43,71.43,62.5,25.14,10.86,0.43,24.71,0.88,2.7,4.75,9.0
PHX,2019-02-19,1,5,1,6,1,83.33,83.33,0.0,6.33,11.5,1.4,6.67,0.0,2.7,0.0,18.0
PHX,2019-02-19,2,1,0,1,0,100.0,100.0,0.0,0.0,8.0,0.0,0.0,0.0,0.0,0.0,0.0
PHX,2019-02-19,3,0,0,0,0,0.0,0.0,0.0,0.0,0.0,0.0,0.0,0.0,0.0,0.0,0.0
PHX,2019-02-19,4,0,0,0,1,0.0,0.0,100.0,0.0,0.0,0.0,0.0,0.0,0.0,2.0,0.0
PHX,2019-02-19,5,0,0,3,6,100.0,100.0,50.0,0.0,19.33,8.73,7.67,1.17,0.03,3.5,24.0
PHX,2019-02-19,6,17,0,27,1,62.96,62.96,0.0,24.33,11.63,2.66,26.07,2.0,0.1,33.0,55.0
PHX,2019-02-19,7,23,20,29,22,68.97,65.52,90.91,13.41,12.97,3.35,15.79,1.45,1.28,2.45,3.68
PHX,2019-02-19,8,37,33,44,34,86.36,84.09,94.12,6.93,15.02,4.85,10.5,2.18,2.53,1.97,7.82
PHX,2019-02-19,9,44,35,45,35,88.89,68.89,94.29,6.31,17.8,7.71,12.27,3.49,3.05,2.89,4.29
PHX,2019-02-19,10,43,35,43,36,86.05,79.07,86.11,5.95,13.37,3.83,8.86,2.36,5.25,4.06,5.0
PHX,2019-02-19,11,32,26,35,28,82.86,74.29,64.29,15.03,14.34,4.49,18.63,3.25,1.38,4.21,10.89
PHX,2019-02-19,12,27,45,27,44,62.96,62.96,84.09,10.7,11.89,3.04,12.89,3.32,2.55,2.48,7.07
PHX,2019-02-19,13,46,29,45,29,80.0,75.56,75.86,9.2,12.51,2.96,10.98,2.1,2.42,3.59,21.69
PHX,2019-02-19,14,28,27,30,28,76.67,73.33,89.29,11.47,11.3,1.89,12.3,3.46,3.53,2.07,10.04
PHX,2019-02-19,15,28,30,28,32,82.14,78.57,81.25,8.32,12.61,3.05,10.5,3.94,3.52,2.91,12.25
PHX,2019-02-19,16,30,31,33,33,75.76,75.76,81.82,13.58,13.39,3.82,16.33,2.42,2.01,2.94,6.97
PHX,2019-02-19,17,31,32,35,35,74.29,71.43,82.86,19.49,11.71,2.45,21.11,4.06,1.78,2.57,8.69
PHX,2019-02-19,18,32,28,32,41,71.88,68.75,68.29,15.34,12.38,2.87,17.22,2.71,1.27,2.85,9.73
PHX,2019-02-19,19,38,40,39,51,66.67,51.28,64.71,15.59,13.05,3.44,18.72,3.14,2.24,3.65,17.9
PHX,2019-02-19,20,13,52,21,53,66.67,61.9,77.36,13.71,11.52,2.08,14.76,3.23,4.84,2.79,11.49
PHX,2019-02-19,21,35,20,39,21,71.79,69.23,52.38,14.18,12.64,2.96,16.46,2.19,4.26,4.9,39.33
PHX,2019-02-19,22,13,27,14,26,57.14,50.0,80.77,40.21,12.79,3.59,43.29,2.42,2.23,1.58,5.54
PHX,2019-02-19,23,7,21,8,25,87.5,87.5,72.0,3.38,11.88,1.65,4.13,2.52,2.88,2.68,7.96
PHX,2019-02-20,0,5,6,6,6,50.0,50.0,66.67,12.17,11.5,0.77,12.33,1.5,1.75,3.33,11.67
PHX,2019-02-20,1,5,1,7,1,42.86,28.57,100.0,25.0,33.43,23.49,48.14,0.0,1.7,0.0,0.0
PHX,2019-02-20,2,1,0,1,0,0.0,0.0,0.0,31.0,14.0,3.8,35.0,0.0,0.0,0.0,0.0
PHX,2019-02-20,3,0,0,0,0,0.0,0.0,0.0,0.0,0.0,0.0,0.0,0.0,0.0,0.0,0.0
PHX,2019-02-20,4,0,0,1,1,100.0,100.0,100.0,0.0,10.0,0.0,0.0,0.0,0.0,0.0,0.0
PHX,2019-02-20,5,1,0,2,5,100.0,100.0,40.0,0.0,14.0,3.05,3.0,1.8,0.48,14.0,52.2
PHX,2019-02-20,6,17,0,26,2,57.69,57.69,0.0,31.88,12.12,3.11,34.08,3.5,3.1,9.5,53.5
PHX,2019-02-20,7,24,19,25,23,64.0,64.0,73.91,38.76,17.36,6.82,43.92,1.87,1.32,6.7,15.04
PHX,2019-02-20,8,35,33,40,35,72.5,67.5,85.71,17.83,15.68,5.72,22.35,1.49,2.89,6.31,13.6
PHX,2019-02-20,9,46,36,47,35,76.6,48.94,74.29,22.79,21.81,11.58,32.49,3.34,1.54,7.74,19.06
PHX,2019-02-20,10,44,38,42,39,59.52,57.14,76.92,26.9,17.69,8.1,34.07,3.72,3.92,5.03,7.15
PHX,2019-02-20,11,35,27,37,29,86.49,67.57,65.52,6.62,17.46,7.39,12.76,3.97,1.8,6.83,23.55
PHX,2019-02-20,12,28,45,30,43,63.33,60.0,79.07,20.0,14.53,5.2,23.87,2.65,1.29,3.21,15.02
PHX,2019-02-20,13,47,27,50,27,62.0,56.0,70.37,21.98,15.5,5.58,26.34,2.48,2.96,4.78,16.41
PHX,2019-02-20,14,27,27,28,27,75.0,75.0,77.78,26.18,14.68,4.78,28.86,2.48,1.34,3.96,14.67
PHX,2019-02-20,15,28,30,31,31,70.97,61.29,77.42,17.77,13.74,3.8,20.55,2.84,2.05,1.48,13.55
PHX,2019-02-20,16,30,31,33,31,75.76,72.73,61.29,14.06,12.64,3.21,16.09,3.0,1.36,7.26,31.32
PHX,2019-02-20,17,31,33,33,35,78.79,69.7,74.29,8.27,14.94,5.22,12.48,3.54,2.19,6.49,15.17
PHX,2019-02-20,18,32,28,32,43,71.88,56.25,46.51,18.47,17.59,7.98,24.41,2.33,2.13,9.6,23.91
PHX,2019-02-20,19,39,42,40,47,67.5,50.0,63.83,18.7,17.02,7.31,25.1,3.09,1.37,4.4,17.36
PHX,2019-02-20,20,17,56,23,59,52.17,39.13,61.02,18.09,14.65,4.97,22.65,5.54,2.94,11.71,27.59
PHX,2019-02-20,21,35,20,39,20,76.92,53.85,40.0,10.44,19.74,9.83,19.18,1.95,1.56,5.0,30.15
PHX,2019-02-20,22,13,27,13,30,53.85,53.85,60.0,21.92,13.54,3.52,25.08,2.67,2.42,21.03,45.83
PHX,2019-02-20,23,7,21,9,23,77.78,77.78,56.52,11.22,11.67,1.22,11.67,3.48,1.96,7.13,38.83
PHX,2019-02-21,0,5,6,5,5,40.0,40.0,40.0,18.2,10.6,0.12,17.4,1.6,2.08,7.0,19.8
PHX,2019-02-21,1,5,1,5,1,60.0,60.0,100.0,29.2,15.0,4.68,33.0,7.0,0.7,2.0,0.0
PHX,2019-02-21,2,1,0,1,0,100.0,100.0,0.0,0.0,13.0,2.8,0.0,0.0,0.0,0.0,0.0
PHX,2019-02-21,3,0,0,1,0,0.0,0.0,0.0,63.0,12.0,0.6,64.0,0.0,0.0,0.0,0.0
PHX,2019-02-21,4,0,0,0,2,0.0,0.0,50.0,0.0,0.0,0.0,0.0,0.0,0.05,0.0,36.0
PHX,2019-02-21,5,1,0,2,5,100.0,100.0,40.0,0.0,12.5,1.55,0.0,1.6,0.46,2.6,17.8
PHX,2019-02-21,6,17,0,25,0,76.0,72.0,0.0,12.28,12.56,3.61,14.6,0.0,0.0,0.0,0.0
PHX,2019-02-21,7,24,20,32,22,84.38,75.0,63.64,10.0,16.0,6.06,14.41,5.23,0.53,5.82,13.0
PHX,2019-02-21,8,36,33,40,32,65.0,62.5,93.75,11.28,17.18,7.23,17.0,5.19,2.17,3.69,4.0
PHX,2019-02-21,9,46,35,45,35,82.22,53.33,71.43,6.71,23.29,13.01,18.29,8.0,2.91,6.94,9.63
PHX,2019-02-21,10,43,35,44,34,75.0,50.0,85.29,13.55,19.55,9.93,22.34,8.85,3.04,8.76,12.47
PHX,2019-02-21,11,32,26,34,27,70.59,35.29,59.26,23.38,26.15,16.14,38.0,7.22,1.28,9.85,22.78
PHX,2019-02-21,12,27,47,25,47,60.0,32.0,48.94,17.92,21.48,11.8,28.72,11.19,2.05,11.85,25.19
PHX,2019-02-21,13,50,29,53,31,54.72,18.87,45.16,22.66,22.43,12.56,34.77,7.87,3.81,10.71,23.97
PHX,2019-02-21,14,28,29,27,32,40.74,37.04,56.25,25.44,12.74,3.01,27.93,7.66,2.76,6.56,34.25
PHX,2019-02-21,15,30,30,31,30,61.29,54.84,70.0,36.55,12.77,2.89,38.94,4.93,3.78,2.53,13.77
PHX,2019-02-21,16,31,32,31,33,51.61,51.61,63.64,28.81,11.84,2.54,30.45,6.27,2.09,8.64,23.48
PHX,2019-02-21,17,31,34,33,39,57.58,54.55,51.28,20.33,14.33,4.52,24.7,6.95,1.81,7.62,23.21
PHX,2019-02-21,18,32,28,30,37,43.33,33.33,27.03,24.4,18.03,8.47,31.97,12.51,1.95,16.54,36.14
PHX,2019-02-21,19,38,41,38,50,18.42,13.16,10.0,53.68,16.63,6.98,60.61,10.06,1.64,15.78,65.36
PHX,2019-02-21,20,15,56,19,56,42.11,26.32,5.36,42.37,15.53,6.01,47.84,8.84,1.91,18.54,71.09
PHX,2019-02-21,21,36,20,39,21,23.08,17.95,14.29,61.97,16.72,6.79,68.46,8.52,6.98,14.1,62.76
PHX,2019-02-21,22,13,27,13,27,23.08,0.0,14.81,50.0,18.0,8.09,58.15,4.93,5.69,17.63,46.89
PHX,2019-02-21,23,7,21,10,22,50.0,40.0,22.73,23.1,14.5,4.57,27.1,4.68,9.16,11.36,33.55
PHX,2019-02-22,0,6,7,8,7,62.5,62.5,42.86,32.13,13.13,2.38,33.75,4.14,8.8,11.14,22.14
PHX,2019-02-22,1,5,1,5,1,80.0,40.0,100.0,10.2,14.8,4.44,14.6,0.0,9.7,0.0,0.0
PHX,2019-02-22,2,1,0,1,0,100.0,100.0,0.0,0.0,16.0,5.8,6.0,0.0,0.0,0.0,0.0
PHX,2019-02-22,3,0,0,0,0,0.0,0.0,0.0,0.0,0.0,0.0,0.0,0.0,0.0,0.0,0.0
PHX,2019-02-22,4,0,0,1,1,0.0,0.0,100.0,43.0,11.0,0.4,43.0,0.0,0.0,0.0,14.0
PHX,2019-02-22,5,1,0,2,6,100.0,100.0,66.67,0.0,12.0,1.35,0.0,0.33,1.25,3.5,14.17
PHX,2019-02-22,6,17,0,22,1,81.82,77.27,0.0,9.27,13.14,4.34,12.91,0.0,3.1,1.0,38.0
PHX,2019-02-22,7,23,20,28,24,92.86,64.29,83.33,5.25,16.79,6.65,11.14,3.38,1.91,6.04,19.63
PHX,2019-02-22,8,35,34,40,35,80.0,75.0,80.0,14.58,19.55,9.4,21.83,5.46,1.45,5.26,24.74
PHX,2019-02-22,9,48,35,48,35,83.33,33.33,57.14,8.83,33.4,23.26,30.19,10.74,1.81,12.91,18.57
PHX,2019-02-22,10,44,37,44,37,50.0,18.18,45.95,28.68,25.41,15.73,43.7,30.38,3.51,28.78,34.22
PHX,2019-02-22,11,34,28,40,28,47.5,30.0,53.57,35.9,21.93,11.76,47.08,9.39,1.96,9.93,46.61
PHX,2019-02-22,12,29,46,30,47,43.33,30.0,55.32,25.27,20.47,10.6,35.03,7.81,1.79,8.28,27.83
PHX,2019-02-22,13,48,27,48,30,41.67,14.58,20.0,34.75,20.88,11.06,45.29,20.67,3.48,27.07,46.37
PHX,2019-02-22,14,27,28,28,32,28.57,17.86,15.63,59.39,13.39,3.73,62.82,19.81,3.55,22.72,57.78
PHX,2019-02-22,15,29,30,31,27,16.13,16.13,40.74,54.23,16.81,6.77,60.94,6.93,3.91,7.78,28.7
PHX,2019-02-22,16,31,31,32,33,40.63,28.13,45.45,48.31,16.5,6.99,54.94,6.27,3.26,7.85,29.12
PHX,2019-02-22,17,30,34,29,43,41.38,44.83,34.88,33.97,12.41,2.91,36.62,7.56,2.46,10.09,34.05
PHX,2019-02-22,18,33,29,34,33,32.35,23.53,15.15,39.65,17.97,8.45,47.71,5.0,2.03,9.45,48.67
PHX,2019-02-22,19,39,42,41,45,21.95,19.51,15.56,51.76,18.9,9.28,60.68,2.98,2.58,5.67,61.16
PHX,2019-02-22,20,19,58,22,54,22.73,18.18,29.63,53.32,19.36,9.81,63.14,3.76,5.91,11.7,43.48
PHX,2019-02-22,21,35,21,36,24,25.0,8.33,50.0,44.86,24.11,14.26,59.03,1.88,7.27,4.46,31.33
PHX,2019-02-22,22,13,27,15,28,26.67,13.33,57.14,37.33,17.6,7.55,44.73,1.43,2.88,1.75,40.07
PHX,2019-02-22,23,7,20,7,21,42.86,42.86,57.14,21.29,14.57,3.91,24.57,2.14,5.93,4.19,23.1
PHX,2019-02-23,0,6,5,8,9,87.5,75.0,66.67,5.5,15.38,5.3,10.0,4.22,0.71,5.22,91.33
PHX,2019-02-23,1,5,0,6,2,83.33,83.33,100.0,27.0,10.67,0.73,27.67,5.0,0.85,0.0,0.0
PHX,2019-02-23,2,1,0,1,0,0.0,0.0,0.0,123.0,14.0,3.8,127.0,0.0,0.0,0.0,0.0
PHX,2019-02-23,3,0,0,0,0,0.0,0.0,0.0,0.0,0.0,0.0,0.0,0.0,0.0,0.0,0.0
PHX,2019-02-23,4,0,0,0,1,0.0,0.0,0.0,0.0,0.0,0.0,0.0,0.0,1.1,2.0,22.0
PHX,2019-02-23,5,1,0,1,1,100.0,100.0,0.0,12.0,13.0,1.7,14.0,0.0,3.1,17.0,89.0
PHX,2019-02-23,6,15,1,21,1,76.19,71.43,100.0,22.86,13.57,4.54,26.57,0.0,3.1,0.0,9.0
PHX,2019-02-23,7,16,19,22,19,72.73,72.73,73.68,27.68,14.82,4.84,31.0,2.42,0.31,5.0,11.05
PHX,2019-02-23,8,32,30,31,27,74.19,64.52,88.89,9.23,19.55,9.64,17.19,1.48,4.01,1.93,4.67
PHX,2019-02-23,9,47,35,49,36,85.71,53.06,88.89,10.1,23.18,12.94,21.47,3.81,4.83,5.06,10.36
PHX,2019-02-23,10,46,36,48,38,81.25,70.83,76.32,17.83,17.83,8.29,24.6,4.45,6.73,2.92,15.71
PHX,2019-02-23,11,33,35,34,31,67.65,67.65,77.42,20.18,14.97,5.17,23.59,4.61,1.24,1.77,26.97
PHX,2019-02-23,12,31,39,30,39,66.67,53.33,71.79,18.3,12.63,3.77,21.03,2.62,2.58,1.03,12.72
PHX,2019-02-23,13,44,29,42,29,66.67,59.52,72.41,18.21,15.64,5.71,22.67,4.41,3.12,5.21,7.76
PHX,2019-02-23,14,25,18,24,18,79.17,79.17,77.78,9.54,13.46,3.69,11.21,1.61,2.54,2.11,16.56
PHX,2019-02-23,15,24,32,25,32,88.0,68.0,87.5,7.44,16.72,6.46,12.6,1.34,1.17,1.91,6.53
PHX,2019-02-23,16,28,36,28,38,71.43,64.29,81.58,11.93,14.11,4.26,14.75,2.34,1.46,0.95,8.03
PHX,2019-02-23,17,34,31,31,32,80.65,74.19,78.13,10.26,14.26,5.23,14.65,3.09,1.26,2.97,15.03
PHX,2019-02-23,18,29,37,29,38,75.86,72.41,76.32,13.03,15.31,5.7,16.83,3.42,1.31,1.58,17.55
PHX,2019-02-23,19,34,28,35,30,80.0,80.0,90.0,9.29,14.63,4.82,12.23,2.13,1.24,0.63,9.27
PHX,2019-02-23,20,14,47,15,46,66.67,60.0,76.09,19.13,16.53,6.48,24.73,4.37,2.57,2.43,15.63
PHX,2019-02-23,21,26,18,26,19,69.23,61.54,89.47,17.5,16.38,5.71,21.81,1.95,3.7,2.68,4.26
PHX,2019-02-23,22,9,22,11,23,90.91,90.91,78.26,1.73,14.91,4.05,4.0,2.35,1.31,3.48,9.3
PHX,2019-02-23,23,7,15,7,16,100.0,100.0,87.5,0.86,11.71,1.91,2.0,2.56,0.48,3.0,6.44
PHX,2019-02-24,0,5,6,6,5,83.33,83.33,60.0,2.67,10.83,0.93,3.5,1.4,4.08,3.8,22.4
PHX,2019-02-24,1,5,1,6,0,66.67,66.67,0.0,14.67,11.33,1.3,16.0,0.0,0.0,0.0,0.0
PHX,2019-02-24,2,1,0,1,0,0.0,0.0,0.0,19.0,13.0,2.8,22.0,0.0,0.0,0.0,0.0
PHX,2019-02-24,3,0,0,0,0,0.0,0.0,0.0,0.0,0.0,0.0,0.0,0.0,0.0,0.0,0.0
PHX,2019-02-24,4,0,0,0,0,0.0,0.0,0.0,0.0,0.0,0.0,0.0,0.0,0.0,0.0,0.0
PHX,2019-02-24,5,2,0,3,0,100.0,100.0,0.0,0.0,12.33,1.77,0.0,0.0,0.0,0.0,0.0
PHX,2019-02-24,6,15,0,16,1,87.5,87.5,100.0,20.06,12.44,3.44,22.19,0.0,0.0,0.0,0.0
PHX,2019-02-24,7,23,19,22,20,86.36,81.82,85.0,3.59,19.09,9.35,10.91,1.3,2.4,3.6,8.2
PHX,2019-02-24,8,31,28,32,28,93.75,81.25,85.71,2.13,17.22,6.91,7.44,1.54,5.39,3.36,12.89
PHX,2019-02-24,9,49,35,48,33,85.42,58.33,84.85,7.63,23.27,13.22,18.6,2.58,4.53,4.88,7.76
PHX,2019-02-24,10,45,34,47,35,87.23,68.09,91.43,6.43,18.02,8.41,13.66,3.31,9.4,3.91,7.83
PHX,2019-02-24,11,29,24,29,24,89.66,72.41,91.67,5.66,19.48,9.19,12.86,2.42,2.06,4.13,4.83
PHX,2019-02-24,12,34,47,33,48,75.76,69.7,89.58,13.7,12.58,3.76,16.61,1.65,0.97,2.02,3.54
PHX,2019-02-24,13,45,33,47,35,76.6,70.21,82.86,14.64,17.0,6.79,19.7,2.83,2.08,3.09,5.69
PHX,2019-02-24,14,31,21,32,22,75.0,71.88,77.27,14.03,14.5,4.82,17.75,1.82,1.67,1.05,9.95
PHX,2019-02-24,15,27,33,28,34,67.86,64.29,85.29,12.89,15.07,5.31,16.64,1.26,3.66,1.79,5.44
PHX,2019-02-24,16,28,30,28,31,78.57,75.0,93.55,7.04,12.54,2.72,8.32,1.84,4.12,3.97,4.55
PHX,2019-02-24,17,34,33,35,39,88.57,88.57,87.18,6.11,11.66,2.46,7.54,1.82,2.69,1.18,5.92
PHX,2019-02-24,18,30,30,31,29,80.65,80.65,75.86,8.61,12.06,2.81,9.9,2.66,2.67,4.07,13.0
PHX,2019-02-24,19,31,43,31,44,67.74,67.74,77.27,15.0,12.39,2.64,16.19,1.86,3.03,1.91,17.93
PHX,2019-02-24,20,22,50,23,48,65.22,60.87,70.83,21.78,11.13,2.53,24.04,3.31,6.15,3.67,13.19
PHX,2019-02-24,21,30,20,30,22,80.0,70.0,77.27,9.93,12.83,2.67,11.53,2.68,3.97,4.09,6.68
PHX,2019-02-24,22,10,27,11,27,72.73,81.82,66.67,7.64,12.18,1.71,8.36,1.04,4.11,3.48,25.04
PHX,2019-02-24,23,7,18,8,19,75.0,75.0,78.95,8.38,11.5,1.65,9.75,1.84,1.81,4.32,5.05
PHX,2019-02-25,0,6,6,7,6,85.71,85.71,66.67,5.29,13.29,2.86,7.86,1.5,2.42,6.83,8.67
PHX,2019-02-25,1,5,1,6,1,83.33,66.67,100.0,29.67,12.17,2.23,31.33,2.0,1.7,0.0,0.0
PHX,2019-02-25,2,1,0,1,0,100.0,100.0,0.0,4.0,12.0,1.8,6.0,0.0,0.0,0.0,0.0
PHX,2019-02-25,3,0,0,0,0,0.0,0.0,0.0,0.0,0.0,0.0,0.0,0.0,0.0,0.0,0.0
PHX,2019-02-25,4,0,0,0,1,0.0,0.0,100.0,0.0,0.0,0.0,0.0,6.0,1.1,8.0,11.0
PHX,2019-02-25,5,1,0,2,0,50.0,50.0,0.0,10.0,16.5,5.55,12.5,0.0,0.0,0.0,0.0
PHX,2019-02-25,6,18,0,22,0,95.45,95.45,0.0,1.18,11.91,2.92,3.18,0.0,0.0,0.0,0.0
PHX,2019-02-25,7,23,19,22,20,86.36,77.27,85.0,7.14,14.0,4.32,10.36,1.9,1.46,4.15,56.15
PHX,2019-02-25,8,35,34,36,34,86.11,77.78,97.06,7.97,16.78,6.78,12.94,1.82,3.24,2.26,2.5
PHX,2019-02-25,9,48,36,49,38,85.71,75.51,73.68,14.47,17.22,7.07,19.96,2.24,3.34,2.74,23.29
PHX,2019-02-25,10,44,37,47,40,74.47,68.09,90.0,25.55,16.7,7.11,31.62,2.3,7.08,2.15,3.7
PHX,2019-02-25,11,36,29,35,27,62.86,60.0,85.19,18.46,15.0,5.06,22.46,0.93,0.93,2.63,21.96
PHX,2019-02-25,12,30,47,31,47,74.19,70.97,76.6,21.97,13.19,4.2,24.74,1.85,1.84,2.51,7.96
PHX,2019-02-25,13,49,27,49,28,73.47,51.02,78.57,10.41,18.47,8.55,18.2,1.96,2.79,1.71,10.29
PHX,2019-02-25,14,27,29,28,29,71.43,60.71,82.76,9.18,13.75,4.16,12.04,1.79,3.43,2.79,15.1
PHX,2019-02-25,15,29,30,31,27,80.65,80.65,74.07,12.42,11.97,2.49,14.16,2.33,2.74,1.11,26.19
PHX,2019-02-25,16,31,31,30,33,83.33,83.33,81.82,17.27,11.87,2.41,19.0,2.15,3.18,1.88,10.55
PHX,2019-02-25,17,30,34,31,38,74.19,74.19,76.32,17.39,11.94,2.88,19.52,2.53,3.86,2.05,16.66
PHX,2019-02-25,18,33,31,32,42,87.5,78.13,64.29,8.44,14.03,4.51,11.22,1.79,2.5,2.19,13.71
PHX,2019-02-25,19,40,41,43,46,76.74,62.79,80.43,10.4,15.7,5.9,15.37,2.13,3.65,2.74,12.22
PHX,2019-02-25,20,19,58,25,57,72.0,68.0,78.95,27.04,15.6,5.83,31.4,1.42,8.09,3.4,15.02
PHX,2019-02-25,21,35,21,35,21,82.86,71.43,90.48,13.37,14.91,5.49,17.6,3.14,4.73,2.29,3.33
PHX,2019-02-25,22,13,27,15,27,86.67,86.67,88.89,12.8,11.6,2.4,14.4,1.48,3.28,3.26,7.15
PHX,2019-02-25,23,7,21,7,23,100.0,85.71,73.91,2.71,12.0,2.2,4.71,0.96,2.76,1.26,19.57
PHX,2019-02-26,0,6,6,7,8,85.71,85.71,75.0,2.14,15.14,4.49,6.43,0.88,3.48,4.0,14.88
PHX,2019-02-26,1,5,1,6,2,83.33,83.33,50.0,2.67,12.67,2.47,4.33,2.5,0.0,0.5,26.5
PHX,2019-02-26,2,1,0,1,0,100.0,100.0,0.0,0.0,9.0,0.0,0.0,0.0,0.0,0.0,0.0
PHX,2019-02-26,3,0,0,0,0,0.0,0.0,0.0,0.0,0.0,0.0,0.0,0.0,0.0,0.0,0.0
PHX,2019-02-26,4,0,0,0,2,0.0,0.0,50.0,0.0,0.0,0.0,0.0,1.0,0.05,3.5,10.0
PHX,2019-02-26,5,0,0,1,6,0.0,0.0,50.0,49.0,18.0,7.4,56.0,0.33,1.25,2.5,22.17
PHX,2019-02-26,6,17,0,29,2,65.52,65.52,0.0,15.83,11.28,2.06,16.28,5.5,0.55,8.0,26.0
PHX,2019-02-26,7,23,20,29,23,79.31,79.31,86.96,10.07,13.17,3.71,11.9,26.3,1.75,1.04,57.39
PHX,2019-02-26,8,36,33,42,31,78.57,71.43,83.87,9.12,16.52,6.42,13.81,2.23,3.77,2.52,10.32
PHX,2019-02-26,9,45,35,46,37,84.78,67.39,78.38,15.11,20.22,10.11,22.89,2.16,3.46,4.11,15.46
PHX,2019-02-26,10,43,35,44,37,84.09,70.45,89.19,9.73,17.23,7.7,15.93,2.65,7.92,2.78,3.68
PHX,2019-02-26,11,33,26,34,28,97.06,58.82,71.43,2.62,21.94,11.92,12.44,1.64,1.27,2.86,18.61
PHX,2019-02-26,12,27,46,30,46,76.67,73.33,84.78,16.03,12.23,3.03,18.5,1.7,1.66,2.33,13.63
PHX,2019-02-26,13,46,28,47,28,82.98,72.34,85.71,9.45,16.55,6.72,14.53,2.57,3.96,1.86,9.0
PHX,2019-02-26,14,28,28,30,27,70.0,70.0,92.59,9.6,12.8,3.01,11.6,2.33,2.64,0.89,5.96
PHX,2019-02-26,15,28,30,27,30,85.19,85.19,73.33,11.3,10.81,1.61,12.19,1.9,2.33,1.53,28.87
PHX,2019-02-26,16,30,31,30,34,73.33,73.33,97.06,30.8,11.4,1.89,32.0,0.79,2.57,0.38,1.88
PHX,2019-02-26,17,31,32,33,36,93.94,90.91,86.11,2.42,12.33,3.08,3.39,2.42,2.65,2.03,7.89
PHX,2019-02-26,18,32,28,35,41,68.57,68.57,68.29,19.4,13.17,3.71,22.4,2.76,3.14,4.0,10.41
PHX,2019-02-26,19,38,40,40,52,75.0,72.5,78.85,20.3,12.65,3.19,22.13,2.69,3.12,2.85,17.9
PHX,2019-02-26,20,13,53,20,54,90.0,85.0,77.78,11.6,12.45,3.17,13.2,2.26,5.56,4.0,12.59
PHX,2019-02-26,21,35,20,36,20,80.56,58.33,70.0,19.78,14.58,4.79,23.25,3.15,2.25,2.35,20.6
PHX,2019-02-26,22,13,27,15,27,66.67,66.67,85.19,17.87,10.93,1.63,18.8,1.52,1.73,2.15,10.96
PHX,2019-02-26,23,7,21,7,22,100.0,100.0,68.18,0.29,10.29,0.43,0.71,2.5,3.98,1.41,17.09
PHX,2019-02-27,0,5,6,6,6,83.33,83.33,100.0,12.83,12.83,2.57,13.0,0.0,2.23,1.5,4.0
PHX,2019-02-27,1,5,1,6,1,83.33,83.33,100.0,5.0,10.17,0.47,5.17,1.0,0.0,0.0,0.0
PHX,2019-02-27,2,1,0,1,0,100.0,100.0,0.0,0.0,15.0,4.8,4.0,0.0,0.0,0.0,0.0
PHX,2019-02-27,3,0,0,0,0,0.0,0.0,0.0,0.0,0.0,0.0,0.0,0.0,0.0,0.0,0.0
PHX,2019-02-27,4,0,0,0,2,0.0,0.0,50.0,0.0,0.0,0.0,0.0,0.0,1.6,3.5,37.0
PHX,2019-02-27,5,1,0,2,5,100.0,100.0,20.0,0.0,13.5,2.55,0.0,1.0,1.7,3.6,26.8
PHX,2019-02-27,6,17,0,27,2,59.26,59.26,0.0,20.37,13.33,4.37,22.67,9.5,0.6,13.5,68.5
PHX,2019-02-27,7,24,19,30,22,80.0,80.0,77.27,10.9,14.13,4.26,13.23,1.68,1.63,6.0,11.77
PHX,2019-02-27,8,35,33,43,34,76.74,74.42,88.24,19.3,15.86,5.7,23.47,1.21,3.03,3.0,4.65
PHX,2019-02-27,9,47,36,47,39,89.36,72.34,79.49,3.87,20.77,10.54,11.62,2.72,2.05,4.23,27.59
PHX,2019-02-27,10,44,38,43,39,81.4,69.77,74.36,7.93,17.56,7.91,14.3,8.62,4.57,10.54,28.72
PHX,2019-02-27,11,36,27,37,28,86.49,81.08,82.14,4.57,16.76,6.78,9.24,2.07,0.67,4.86,10.46
PHX,2019-02-27,12,28,46,30,50,76.67,70.0,76.0,11.7,11.7,2.61,13.4,2.56,1.98,5.58,12.24
PHX,2019-02-27,13,47,26,49,27,69.39,63.27,85.19,16.92,13.33,3.71,19.84,3.11,6.36,4.89,5.63
PHX,2019-02-27,14,27,28,32,29,75.0,71.88,86.21,16.47,12.5,2.84,18.13,1.62,2.77,1.66,18.21
PHX,2019-02-27,15,28,30,29,28,82.76,75.86,67.86,10.79,11.28,1.89,11.76,1.86,1.72,4.14,20.36
PHX,2019-02-27,16,30,31,29,32,65.52,65.52,78.13,15.17,12.55,3.31,17.52,1.34,2.08,0.72,9.97
PHX,2019-02-27,17,31,33,34,38,64.71,67.65,86.84,16.59,11.94,2.71,17.74,3.16,1.59,3.26,11.58
PHX,2019-02-27,18,32,28,32,40,93.75,90.63,65.0,4.38,13.0,3.35,6.53,1.88,1.41,3.25,13.95
PHX,2019-02-27,19,39,42,42,52,64.29,57.14,82.69,15.0,14.29,4.84,19.17,1.88,2.37,3.08,8.19
PHX,2019-02-27,20,17,57,23,59,82.61,78.26,81.36,10.87,12.91,3.33,13.0,1.59,4.29,2.81,13.95
PHX,2019-02-27,21,35,20,39,20,87.18,71.79,85.0,6.97,16.46,6.79,12.15,2.05,3.16,1.45,10.3
PHX,2019-02-27,22,13,27,14,28,78.57,78.57,82.14,18.07,11.14,1.74,19.5,1.07,1.91,0.96,9.29
PHX,2019-02-27,23,7,21,7,22,85.71,85.71,81.82,3.71,13.43,2.66,4.29,1.0,2.54,0.82,12.18
PHX,2019-02-28,0,5,6,5,7,80.0,60.0,57.14,8.6,14.6,5.0,12.6,1.0,5.31,6.57,17.0
PHX,2019-02-28,1,5,1,7,3,100.0,100.0,33.33,1.57,13.29,3.11,4.14,4.67,2.2,9.33,38.67
PHX,2019-02-28,2,1,0,1,0,0.0,0.0,0.0,138.0,11.0,0.8,139.0,0.0,0.0,0.0,0.0
PHX,2019-02-28,3,0,0,0,0,0.0,0.0,0.0,0.0,0.0,0.0,0.0,0.0,0.0,0.0,0.0
PHX,2019-02-28,4,0,0,0,1,0.0,0.0,0.0,0.0,0.0,0.0,0.0,0.0,1.1,7.0,26.0
PHX,2019-02-28,5,1,0,2,6,100.0,100.0,50.0,0.0,11.5,0.55,0.0,0.33,0.22,1.5,15.67
PHX,2019-02-28,6,17,0,27,1,74.07,66.67,0.0,11.07,11.81,2.81,13.19,6.0,1.1,11.0,40.0
PHX,2019-02-28,7,24,20,27,21,77.78,77.78,80.95,14.52,13.04,3.38,16.56,2.0,1.54,2.14,5.33
PHX,2019-02-28,8,36,33,43,34,69.77,62.79,79.41,15.28,16.19,6.3,20.19,2.12,2.05,3.91,7.15
PHX,2019-02-28,9,47,35,51,36,86.27,64.71,88.89,5.39,19.35,9.18,13.1,1.86,3.89,2.0,10.92
PHX,2019-02-28,10,43,35,42,35,83.33,69.05,85.71,7.05,15.02,5.4,11.79,1.51,6.97,3.26,6.34
PHX,2019-02-28,11,33,26,34,26,82.35,70.59,84.62,11.65,15.65,5.79,16.18,1.35,1.63,3.62,13.85
PHX,2019-02-28,12,27,47,27,49,77.78,70.37,83.67,10.41,12.59,3.53,13.07,1.84,2.6,3.43,10.37
PHX,2019-02-28,13,49,29,50,29,70.0,64.0,86.21,21.7,17.92,8.0,28.08,2.07,1.84,2.76,7.83
PHX,2019-02-28,14,29,30,32,29,78.13,68.75,75.86,11.5,13.53,3.79,13.66,1.66,2.35,2.69,10.55
PHX,2019-02-28,15,30,30,31,29,58.06,48.39,86.21,14.23,12.97,3.1,17.03,3.24,2.26,0.97,12.14
PHX,2019-02-28,16,31,32,32,34,78.13,75.0,76.47,14.0,11.97,2.55,15.72,0.76,1.94,1.88,11.35
PHX,2019-02-28,17,31,34,34,38,64.71,64.71,73.68,19.41,11.71,2.52,21.35,1.68,1.93,2.13,13.5
PHX,2019-02-28,18,32,28,32,38,68.75,62.5,76.32,12.44,13.75,4.31,15.84,1.55,2.45,2.03,8.55
PHX,2019-02-28,19,38,41,40,53,62.5,47.5,69.81,18.83,13.15,3.76,21.73,2.42,2.03,1.96,11.08
PHX,2019-02-28,20,15,56,23,56,69.57,60.87,76.79,11.57,12.48,2.97,13.09,2.38,3.26,2.45,15.55
PHX,2019-02-28,21,36,20,39,21,79.49,74.36,66.67,10.56,13.59,3.85,13.05,2.38,2.78,2.29,16.14
PHX,2019-02-28,22,13,27,14,27,64.29,57.14,85.19,18.5,13.14,3.43,21.29,1.22,2.27,0.7,10.93
PHX,2019-02-28,23,7,21,8,23,87.5,87.5,60.87,3.5,13.13,2.45,5.5,1.3,2.12,0.39,19.09
PHX,2019-03-01,0,6,8,7,7,57.14,28.57,71.43,23.57,11.14,1.59,23.86,0.43,4.06,3.43,12.86
PHX,2019-03-01,1,5,1,6,1,100.0,100.0,100.0,1.0,12.83,2.58,2.33,8.0,1.2,0.0,0.0
PHX,2019-03-01,2,1,0,1,0,100.0,100.0,0.0,0.0,12.0,1.7,2.0,0.0,0.0,0.0,0.0
PHX,2019-03-01,3,0,0,0,0,0.0,0.0,0.0,0.0,0.0,0.0,0.0,0.0,0.0,0.0,0.0
PHX,2019-03-01,4,0,0,0,2,0.0,0.0,50.0,0.0,0.0,0.0,0.0,0.0,1.1,1.5,39.5
PHX,2019-03-01,5,0,0,1,5,100.0,100.0,60.0,0.0,5.0,0.0,0.0,0.2,1.7,3.0,31.8
PHX,2019-03-01,6,18,0,26,3,76.92,76.92,0.0,12.58,12.0,2.83,14.5,2.0,0.07,5.67,47.67
PHX,2019-03-01,7,23,20,30,21,73.33,73.33,90.48,15.67,13.43,3.74,18.2,2.14,1.55,1.38,3.0
PHX,2019-03-01,8,35,35,40,35,85.0,77.5,94.29,4.68,16.35,6.57,9.75,1.2,2.26,2.49,14.43
PHX,2019-03-01,9,49,34,48,34,89.58,81.25,85.29,3.69,18.63,8.36,9.92,2.79,1.66,3.88,5.59
PHX,2019-03-01,10,43,37,41,37,75.61,73.17,86.49,9.29,14.85,5.38,13.51,3.68,3.59,5.41,6.51
PHX,2019-03-01,11,36,27,35,30,77.14,68.57,83.33,8.51,16.43,6.53,13.46,1.73,0.76,2.2,7.83
PHX,2019-03-01,12,28,46,30,45,86.67,83.33,71.11,8.37,12.67,3.54,10.17,2.2,1.38,3.67,11.93
PHX,2019-03-01,13,48,29,49,28,81.63,79.59,71.43,9.16,12.63,2.92,11.24,2.29,2.75,3.79,11.82
PHX,2019-03-01,14,29,29,29,27,65.52,58.62,77.78,16.86,13.55,3.84,20.1,1.41,1.01,1.44,8.37
PHX,2019-03-01,15,29,30,30,33,73.33,73.33,78.79,17.93,14.17,4.51,21.83,2.61,2.57,1.03,16.27
PHX,2019-03-01,16,31,31,30,32,83.33,83.33,84.38,11.93,11.77,2.4,13.27,0.91,1.64,1.06,3.66
PHX,2019-03-01,17,30,34,33,36,78.79,78.79,58.33,11.33,11.24,1.82,12.52,2.5,1.6,3.42,21.75
PHX,2019-03-01,18,33,29,34,38,64.71,64.71,73.68,16.76,11.56,2.15,17.97,1.97,3.01,3.82,11.29
PHX,2019-03-01,19,39,43,39,49,64.1,48.72,73.47,16.44,16.41,6.79,22.41,2.33,2.51,1.96,10.59
PHX,2019-03-01,20,19,57,24,58,75.0,62.5,67.24,12.0,16.33,6.65,16.5,2.1,3.04,4.53,20.38
PHX,2019-03-01,21,35,21,36,21,80.56,72.22,66.67,13.14,16.97,7.2,18.94,2.0,1.96,1.81,18.0
PHX,2019-03-01,22,13,27,14,27,57.14,42.86,77.78,94.29,14.57,4.44,98.07,1.19,1.37,4.52,17.07
PHX,2019-03-01,23,7,19,8,21,75.0,75.0,71.43,24.75,12.5,2.14,25.25,2.05,0.05,0.76,18.1
PHX,2019-03-02,0,7,5,8,8,75.0,87.5,87.5,9.75,10.25,0.71,9.13,2.25,2.45,3.13,11.25
PHX,2019-03-02,1,5,0,6,2,66.67,66.67,0.0,12.0,10.83,0.8,11.67,6.5,1.1,8.5,45.0
PHX,2019-03-02,2,1,0,1,0,100.0,100.0,0.0,0.0,9.0,0.0,0.0,0.0,0.0,0.0,0.0
PHX,2019-03-02,4,0,0,0,0,0.0,0.0,0.0,0.0,0.0,0.0,0.0,0.0,0.0,0.0,0.0
PHX,2019-03-02,5,0,0,1,2,100.0,100.0,50.0,0.0,15.0,4.4,4.0,0.0,1.6,2.5,23.5
PHX,2019-03-02,6,16,1,21,1,76.19,76.19,0.0,19.52,12.67,3.8,22.52,10.0,9.1,24.0,36.0
PHX,2019-03-02,7,17,19,20,18,75.0,75.0,77.78,19.7,13.9,3.88,22.3,2.56,0.81,3.72,27.17
PHX,2019-03-02,8,32,31,33,29,78.79,72.73,89.66,8.27,17.0,6.92,13.0,1.41,3.53,2.45,13.86
PHX,2019-03-02,9,48,36,46,35,84.78,65.22,82.86,7.59,19.74,9.42,15.09,3.11,5.15,6.09,5.26
PHX,2019-03-02,10,45,35,45,35,84.44,71.11,82.86,10.0,17.73,8.46,16.96,4.83,8.11,8.66,7.34
PHX,2019-03-02,11,34,35,37,34,75.68,59.46,64.71,10.59,16.76,6.82,15.76,3.38,1.47,9.62,19.76
PHX,2019-03-02,12,31,38,32,40,78.13,81.25,72.5,8.69,10.84,2.22,10.22,2.38,2.17,3.83,13.85
PHX,2019-03-02,13,43,31,42,31,71.43,66.67,61.29,10.88,12.74,2.95,13.12,2.29,2.11,6.61,24.68
PHX,2019-03-02,14,28,20,27,20,66.67,66.67,90.0,16.07,11.59,1.86,16.59,1.5,2.44,1.6,7.15
PHX,2019-03-02,15,26,32,26,32,73.08,73.08,81.25,13.27,11.54,1.58,13.77,1.47,2.37,3.63,17.31
PHX,2019-03-02,16,28,37,27,37,66.67,62.96,67.57,16.52,11.19,1.61,17.26,3.59,2.02,6.89,18.7
PHX,2019-03-02,17,35,29,33,32,66.67,63.64,68.75,14.58,11.36,2.88,16.39,3.56,2.53,6.03,17.81
PHX,2019-03-02,18,29,39,29,40,62.07,55.17,47.5,22.14,14.14,4.68,25.9,5.85,3.27,9.7,19.33
PHX,2019-03-02,19,34,30,32,33,62.5,46.88,72.73,16.06,13.53,4.03,19.91,2.79,2.91,4.88,10.52
PHX,2019-03-02,20,15,47,16,48,68.75,75.0,66.67,12.75,12.25,2.47,14.06,4.69,4.06,8.15,37.75
PHX,2019-03-02,21,26,17,27,17,66.67,62.96,52.94,16.33,17.0,6.33,21.37,2.47,4.72,9.82,25.18
PHX,2019-03-02,22,9,25,11,25,54.55,45.45,68.0,34.0,15.73,4.7,36.36,4.16,3.07,6.64,23.48
PHX,2019-03-02,23,7,13,7,15,100.0,100.0,40.0,2.29,13.43,3.54,2.43,4.8,1.48,5.87,22.67
PHX,2019-03-03,0,6,7,7,5,85.71,85.71,40.0,5.0,10.29,0.39,5.29,0.6,4.46,8.4,24.8
PHX,2019-03-03,1,4,1,6,0,100.0,83.33,0.0,3.0,14.0,3.35,6.17,0.0,0.0,0.0,0.0
PHX,2019-03-03,2,1,1,1,0,100.0,100.0,0.0,0.0,18.0,7.7,4.0,0.0,0.0,0.0,0.0
PHX,2019-03-03,3,0,0,0,0,0.0,0.0,0.0,0.0,0.0,0.0,0.0,0.0,0.0,0.0,0.0
PHX,2019-03-03,5,2,0,4,0,100.0,100.0,0.0,0.75,11.75,1.6,0.25,0.0,0.0,0.0,0.0
PHX,2019-03-03,6,16,0,18,1,100.0,100.0,100.0,0.61,11.89,2.91,2.11,0.0,7.9,0.0,0.0
PHX,2019-03-03,7,21,20,21,20,95.24,95.24,85.0,7.29,12.1,2.94,8.9,3.25,1.68,6.95,5.8
PHX,2019-03-03,8,31,31,30,28,90.0,86.67,82.14,3.2,15.33,5.27,6.73,1.07,5.07,3.71,16.75
PHX,2019-03-03,9,50,34,51,33,80.39,60.78,87.88,25.12,18.86,8.84,32.67,2.15,4.69,4.76,5.09
PHX,2019-03-03,10,44,36,44,35,77.27,56.82,74.29,8.82,16.95,7.72,15.32,4.2,7.21,7.34,13.89
PHX,2019-03-03,11,31,24,32,25,84.38,65.63,88.0,10.63,17.28,7.14,16.38,2.16,2.03,2.28,8.96
PHX,2019-03-03,12,34,45,35,45,71.43,65.71,75.56,16.71,12.23,3.39,19.17,2.29,2.29,3.51,29.73
PHX,2019-03-03,13,44,38,43,38,60.47,60.47,81.58,13.35,14.21,4.34,16.77,2.66,2.3,4.37,16.55
PHX,2019-03-03,14,32,17,31,18,74.19,70.97,77.78,15.52,12.87,3.39,18.13,2.06,3.41,2.83,8.28
PHX,2019-03-03,15,27,33,28,34,67.86,71.43,70.59,12.43,13.75,4.0,15.25,2.44,4.27,3.21,12.56
PHX,2019-03-03,16,28,31,28,33,85.71,85.71,60.61,8.79,12.57,2.92,10.64,3.27,2.61,7.18,21.03
PHX,2019-03-03,17,33,32,34,33,67.65,67.65,66.67,10.91,11.06,1.84,11.53,2.58,1.55,5.39,21.85
PHX,2019-03-03,18,31,33,31,34,58.06,54.84,58.82,24.19,12.29,3.0,26.68,2.44,2.37,5.5,26.41
PHX,2019-03-03,19,33,41,35,42,57.14,45.71,59.52,20.77,13.37,3.62,23.77,2.43,3.41,3.07,25.17
PHX,2019-03-03,20,22,48,24,48,66.67,62.5,56.25,24.79,10.21,1.98,26.21,3.06,2.65,7.06,20.5
PHX,2019-03-03,21,29,19,29,21,62.07,44.83,42.86,18.21,14.9,4.78,22.48,3.33,2.06,3.48,30.62
PHX,2019-03-03,22,10,28,10,30,50.0,50.0,56.67,24.8,12.8,2.14,25.9,2.53,3.43,8.27,38.53
PHX,2019-03-03,23,7,16,8,17,62.5,50.0,58.82,17.13,15.88,5.69,21.38,3.18,3.25,7.71,43.82
PHX,2019-03-04,0,8,8,8,6,25.0,37.5,83.33,33.38,11.88,1.64,33.63,2.33,2.27,14.33,19.0
PHX,2019-03-04,1,4,1,5,1,60.0,60.0,100.0,64.8,12.8,2.44,67.0,3.0,8.2,0.0,0.0
PHX,2019-03-04,2,1,0,1,1,100.0,100.0,100.0,0.0,11.0,0.7,0.0,0.0,7.5,14.0,0.0
PHX,2019-03-04,3,0,0,0,0,0.0,0.0,0.0,0.0,0.0,0.0,0.0,0.0,0.0,0.0,0.0
PHX,2019-03-04,4,0,0,0,0,0.0,0.0,0.0,0.0,0.0,0.0,0.0,0.0,0.0,0.0,0.0
PHX,2019-03-04,5,0,0,0,2,0.0,0.0,50.0,0.0,0.0,0.0,0.0,3.5,1.1,7.5,12.0
PHX,2019-03-04,6,19,0,24,0,83.33,83.33,0.0,6.79,12.58,3.5,9.04,0.0,0.0,0.0,0.0
PHX,2019-03-04,7,22,19,25,20,84.0,84.0,85.0,25.32,12.68,3.17,27.12,2.5,0.67,5.85,14.4
PHX,2019-03-04,8,36,35,36,38,97.22,88.89,92.11,2.03,15.64,5.82,5.72,1.87,3.16,2.89,3.32
PHX,2019-03-04,9,48,34,48,35,77.08,66.67,85.71,16.35,16.08,5.87,20.71,1.94,2.99,2.37,3.49
PHX,2019-03-04,10,42,39,42,38,85.71,76.19,73.68,6.98,15.74,6.51,11.48,2.82,3.73,5.34,15.89
PHX,2019-03-04,11,37,29,38,27,73.68,71.05,77.78,14.87,15.66,5.78,19.08,2.11,1.57,3.22,17.3
PHX,2019-03-04,12,29,45,30,46,66.67,60.0,82.61,26.97,13.67,4.67,30.43,2.46,2.1,3.57,8.15
PHX,2019-03-04,13,49,32,49,33,71.43,67.35,63.64,22.27,15.24,5.42,26.49,2.45,3.03,4.52,17.36
PHX,2019-03-04,14,29,26,32,26,59.38,59.38,92.31,18.31,11.44,1.89,19.25,1.08,0.98,1.38,3.65
PHX,2019-03-04,15,29,31,33,31,75.76,75.76,80.65,22.85,12.94,3.42,25.0,2.74,3.93,1.23,12.81
PHX,2019-03-04,16,32,32,35,34,88.57,77.14,88.24,9.91,12.8,3.53,12.71,1.09,2.19,1.29,6.38
PHX,2019-03-04,17,30,33,32,34,84.38,81.25,79.41,12.66,12.25,2.93,14.94,2.24,1.9,2.44,12.24
PHX,2019-03-04,18,33,32,32,44,81.25,78.13,70.45,18.19,11.38,2.15,18.91,1.32,1.63,1.18,21.41
PHX,2019-03-04,19,40,41,40,48,72.5,60.0,72.92,32.9,14.48,5.02,36.83,1.52,1.94,2.42,18.31
PHX,2019-03-04,20,19,56,26,56,80.77,73.08,75.0,6.92,15.15,5.32,9.65,2.21,5.43,5.0,12.54
PHX,2019-03-04,21,35,20,38,20,78.95,76.32,75.0,8.13,13.03,3.19,9.89,1.9,3.34,4.0,25.65
PHX,2019-03-04,22,13,28,12,29,41.67,41.67,68.97,51.92,11.17,1.6,53.33,2.86,1.99,2.14,33.48
PHX,2019-03-04,23,7,19,9,20,88.89,88.89,65.0,21.11,13.33,2.51,22.33,2.7,1.77,2.1,14.45
PHX,2019-03-05,0,8,7,9,8,44.44,44.44,37.5,94.11,13.11,2.77,95.44,1.75,3.6,8.0,13.38
PHX,2019-03-05,1,4,1,5,2,80.0,40.0,50.0,22.0,16.2,5.72,27.6,0.0,4.2,0.0,16.5
PHX,2019-03-05,2,1,1,1,0,100.0,100.0,0.0,3.0,17.0,6.7,10.0,0.0,0.0,0.0,0.0
PHX,2019-03-05,3,0,0,0,0,0.0,0.0,0.0,0.0,0.0,0.0,0.0,0.0,0.0,0.0,0.0
PHX,2019-03-05,4,0,0,0,1,0.0,0.0,100.0,0.0,0.0,0.0,0.0,0.0,0.0,0.0,9.0
PHX,2019-03-05,5,0,0,0,6,0.0,0.0,33.33,0.0,0.0,0.0,0.0,1.17,0.73,3.17,34.33
PHX,2019-03-05,6,18,0,27,0,74.07,74.07,0.0,15.15,11.11,2.23,15.63,0.0,0.0,0.0,0.0
PHX,2019-03-05,7,22,20,26,22,80.77,80.77,77.27,12.27,12.46,3.21,13.69,5.05,1.39,6.64,10.91
PHX,2019-03-05,8,36,34,43,35,76.74,74.42,88.57,12.51,15.74,5.71,16.84,2.11,1.91,2.2,35.29
PHX,2019-03-05,9,45,33,48,32,83.33,58.33,93.75,10.96,22.21,11.88,20.35,2.09,5.29,3.13,2.5
PHX,2019-03-05,10,41,37,42,37,88.1,71.43,81.08,9.14,17.86,8.37,15.5,4.0,2.58,4.81,11.73
PHX,2019-03-05,11,34,26,36,28,77.78,75.0,78.57,10.56,18.03,8.21,16.28,3.54,2.29,4.57,13.0
PHX,2019-03-05,12,27,45,28,48,85.71,75.0,81.25,9.0,13.07,3.84,12.11,3.85,2.31,2.29,13.83
PHX,2019-03-05,13,45,33,49,34,75.51,67.35,76.47,15.69,14.9,5.31,19.59,1.94,2.93,2.47,14.59
PHX,2019-03-05,14,30,24,31,23,70.97,64.52,82.61,11.61,12.45,2.56,13.52,2.17,2.29,0.91,14.43
PHX,2019-03-05,15,27,32,27,33,81.48,55.56,72.73,12.81,17.56,7.65,19.63,1.94,5.78,4.58,14.73
PHX,2019-03-05,16,32,31,33,31,69.7,66.67,77.42,27.91,14.3,4.84,31.67,1.1,4.17,3.39,9.32
PHX,2019-03-05,17,30,31,32,34,62.5,56.25,88.24,23.22,12.38,3.17,25.59,2.94,2.4,2.5,5.91
PHX,2019-03-05,18,32,30,32,41,84.38,68.75,56.1,10.09,16.06,6.31,15.34,1.34,2.61,2.49,13.54
PHX,2019-03-05,19,39,40,41,52,82.93,73.17,76.92,13.93,14.22,4.51,17.88,2.81,2.71,4.9,12.56
PHX,2019-03-05,20,14,53,21,55,71.43,71.43,76.36,9.71,13.33,4.13,12.33,3.18,3.35,4.6,13.22
PHX,2019-03-05,21,35,19,38,18,81.58,78.95,61.11,13.84,13.74,3.94,16.21,1.67,2.98,4.33,27.67
PHX,2019-03-05,22,13,27,14,28,42.86,50.0,78.57,31.14,12.36,2.56,32.86,1.86,2.18,1.61,10.54
PHX,2019-03-05,23,7,19,7,21,100.0,100.0,80.95,3.0,12.86,2.61,3.43,2.81,1.1,2.62,11.05
PHX,2019-03-06,0,7,8,8,8,75.0,62.5,87.5,22.13,12.5,2.23,22.63,0.25,1.59,0.75,7.0
PHX,2019-03-06,1,4,1,5,1,100.0,100.0,100.0,0.0,14.0,3.96,3.0,5.0,2.2,0.0,0.0
PHX,2019-03-06,2,1,0,1,1,100.0,100.0,100.0,0.0,13.0,2.7,3.0,0.0,6.5,7.0,0.0
PHX,2019-03-06,4,0,0,0,1,0.0,0.0,0.0,0.0,0.0,0.0,0.0,0.0,0.1,0.0,19.0
PHX,2019-03-06,5,0,0,2,6,50.0,50.0,0.0,12.0,13.0,2.4,13.0,0.83,0.38,3.83,33.67
PHX,2019-03-06,6,18,0,26,1,65.38,65.38,0.0,22.38,12.15,3.19,23.38,0.0,0.0,0.0,50.0
PHX,2019-03-06,7,23,19,28,23,78.57,78.57,91.3,14.75,14.04,4.0,16.64,4.22,1.11,3.57,3.78
PHX,2019-03-06,8,36,34,43,37,90.7,88.37,91.89,12.49,14.84,4.98,15.12,1.27,2.94,2.14,20.68
PHX,2019-03-06,9,47,34,49,35,81.63,59.18,82.86,17.78,19.71,9.46,25.29,1.71,3.34,4.09,8.37
PHX,2019-03-06,10,42,39,43,40,81.4,67.44,90.0,8.21,16.12,6.85,14.0,2.58,4.38,4.0,4.65
PHX,2019-03-06,11,36,28,36,30,83.33,75.0,80.0,8.72,16.17,6.43,13.47,3.27,0.75,6.23,9.73
PHX,2019-03-06,12,27,44,28,45,82.14,78.57,80.0,6.71,13.43,4.32,9.89,3.24,1.0,4.27,10.42
PHX,2019-03-06,13,47,31,45,31,75.56,62.22,70.97,16.27,16.09,6.53,21.16,1.97,3.15,4.19,31.97
PHX,2019-03-06,14,29,24,34,24,67.65,67.65,100.0,14.88,11.97,2.39,16.12,0.92,1.24,1.33,2.08
PHX,2019-03-06,15,27,31,28,29,67.86,67.86,75.86,11.25,13.25,3.73,13.64,2.24,2.93,3.79,7.41
PHX,2019-03-06,16,31,32,31,33,87.1,77.42,81.82,5.0,14.0,4.66,8.06,3.48,2.73,4.27,9.21
PHX,2019-03-06,17,31,32,33,37,78.79,78.79,83.78,13.88,11.24,1.99,14.91,2.97,1.8,2.27,11.78
PHX,2019-03-06,18,32,31,35,43,74.29,71.43,65.12,11.97,13.74,4.15,14.8,3.7,2.37,6.74,17.35
PHX,2019-03-06,19,40,40,42,50,69.05,59.52,60.0,17.52,15.69,6.02,22.93,2.76,3.72,4.54,17.76
PHX,2019-03-06,20,17,56,22,57,72.73,63.64,73.68,11.59,15.68,6.12,16.95,1.77,4.91,3.04,13.07
PHX,2019-03-06,21,35,19,39,20,74.36,66.67,60.0,8.64,16.56,6.69,13.51,2.1,1.61,2.65,16.55
PHX,2019-03-06,22,13,28,13,28,69.23,61.54,60.71,13.62,12.15,2.42,15.23,1.82,2.35,4.14,11.93
PHX,2019-03-06,23,7,21,7,22,71.43,71.43,63.64,10.86,13.29,2.61,12.71,0.36,3.52,4.68,17.14
PHX,2019-03-07,0,8,13,9,8,100.0,88.89,62.5,1.56,14.67,3.73,3.22,0.63,2.54,6.25,14.88
PHX,2019-03-07,1,4,3,5,2,80.0,80.0,100.0,27.6,13.6,3.24,30.4,0.0,0.45,0.0,0.0
PHX,2019-03-07,2,1,1,1,1,0.0,0.0,100.0,37.0,17.0,6.7,44.0,4.0,2.2,9.0,0.0
PHX,2019-03-07,3,0,0,0,0,0.0,0.0,0.0,0.0,0.0,0.0,0.0,0.0,0.0,0.0,0.0
PHX,2019-03-07,4,0,0,0,1,0.0,0.0,100.0,0.0,0.0,0.0,0.0,6.0,1.1,7.0,0.0
PHX,2019-03-07,5,1,0,2,4,100.0,50.0,75.0,6.0,16.0,7.1,8.5,4.0,0.58,4.75,12.5
PHX,2019-03-07,6,19,0,28,3,71.43,71.43,100.0,10.14,12.68,3.52,12.25,5.33,1.43,7.67,0.0
PHX,2019-03-07,7,20,24,26,24,76.92,76.92,83.33,8.04,14.38,4.38,10.15,3.33,1.82,5.0,7.21
PHX,2019-03-07,8,34,41,39,42,87.18,87.18,83.33,4.1,14.38,4.45,7.03,1.38,2.63,5.83,6.02
PHX,2019-03-07,9,58,25,60,28,85.0,68.33,71.43,4.23,18.62,8.98,11.45,2.25,1.11,9.82,11.75
PHX,2019-03-07,10,33,47,35,45,82.86,77.14,88.89,7.06,18.0,7.87,12.91,2.64,2.69,4.51,5.38
PHX,2019-03-07,11,44,19,46,19,84.78,52.17,52.63,8.72,17.09,7.78,15.57,3.16,0.6,5.68,28.05
PHX,2019-03-07,12,23,42,24,41,54.17,45.83,85.37,22.08,14.42,4.89,25.71,2.71,0.96,4.66,9.49
PHX,2019-03-07,13,46,35,46,35,71.74,56.52,77.14,12.98,14.3,4.52,16.24,1.91,2.57,5.69,8.6
PHX,2019-03-07,14,29,24,30,24,63.33,56.67,62.5,22.2,12.87,3.28,24.47,2.21,2.25,4.08,12.58
PHX,2019-03-07,15,34,36,35,37,65.71,65.71,81.08,12.46,10.97,1.65,13.26,2.27,2.42,8.08,26.19
PHX,2019-03-07,16,32,32,33,35,69.7,72.73,80.0,24.73,11.39,1.96,25.64,2.2,1.96,5.46,7.37
PHX,2019-03-07,17,29,28,30,32,80.0,76.67,68.75,6.63,11.83,2.11,7.6,2.72,1.42,3.28,19.72
PHX,2019-03-07,18,29,31,30,44,66.67,66.67,65.91,27.5,13.33,3.67,29.93,3.3,2.19,5.52,13.91
PHX,2019-03-07,19,34,41,36,56,66.67,66.67,75.0,13.36,12.94,3.16,15.25,3.48,2.89,5.43,12.91
PHX,2019-03-07,20,27,47,33,49,63.64,60.61,75.51,17.36,11.97,3.51,19.67,2.47,2.74,3.12,9.08
PHX,2019-03-07,21,32,28,36,28,75.0,61.11,60.71,10.75,16.22,6.19,15.14,2.79,2.11,4.79,19.11
PHX,2019-03-07,22,19,33,20,33,60.0,60.0,69.7,12.4,11.2,2.27,13.95,2.73,3.87,6.88,13.76
PHX,2019-03-07,23,12,19,12,21,83.33,83.33,71.43,9.42,11.08,2.22,11.17,1.81,3.49,4.14,18.57
PHX,2019-03-08,0,9,18,10,14,90.0,90.0,71.43,3.0,14.8,3.82,4.7,13.43,1.81,14.43,34.07
PHX,2019-03-08,1,4,4,5,3,80.0,80.0,100.0,73.8,11.0,0.82,73.8,1.33,2.6,0.0,2.67
PHX,2019-03-08,2,1,1,1,1,100.0,100.0,100.0,0.0,17.0,6.7,1.0,0.0,2.5,11.0,0.0
PHX,2019-03-08,3,0,0,0,1,0.0,0.0,100.0,0.0,0.0,0.0,0.0,0.0,0.0,0.0,4.0
PHX,2019-03-08,4,0,0,0,1,0.0,0.0,100.0,0.0,0.0,0.0,0.0,0.0,0.0,0.0,0.0
PHX,2019-03-08,5,1,0,2,6,100.0,100.0,16.67,0.0,12.5,2.2,0.0,2.67,1.38,4.5,26.83
PHX,2019-03-08,6,17,0,25,2,68.0,64.0,0.0,15.36,12.84,3.88,17.92,0.0,4.1,6.5,58.0
PHX,2019-03-08,7,22,25,31,27,77.42,67.74,81.48,13.23,15.35,5.13,16.45,1.89,2.21,6.15,21.85
PHX,2019-03-08,8,31,39,38,40,78.95,76.32,87.5,10.13,15.05,4.73,13.39,1.73,2.71,5.38,5.78
PHX,2019-03-08,9,58,27,59,28,79.66,66.1,78.57,6.93,16.92,7.21,12.51,3.29,2.74,5.54,7.21
PHX,2019-03-08,10,34,48,34,49,58.82,52.94,87.76,14.97,16.59,6.81,20.06,3.63,4.44,5.65,7.55
PHX,2019-03-08,11,45,22,47,23,87.23,57.45,69.57,7.0,17.74,8.48,14.15,2.43,2.45,9.91,30.35
PHX,2019-03-08,12,26,41,27,44,62.96,62.96,81.82,24.78,12.0,2.69,26.22,4.02,1.43,5.82,10.59
PHX,2019-03-08,13,47,34,46,34,73.91,67.39,79.41,17.39,14.0,4.18,20.07,1.85,2.82,4.24,21.97
PHX,2019-03-08,14,28,24,31,24,70.97,70.97,70.83,12.32,11.84,2.19,13.48,2.63,0.88,3.42,14.33
PHX,2019-03-08,15,33,35,34,36,70.59,64.71,72.22,25.56,12.26,2.99,27.68,3.78,1.53,3.94,9.53
PHX,2019-03-08,16,31,32,32,36,68.75,59.38,63.89,16.09,12.81,3.25,18.25,3.08,1.7,7.03,19.44
PHX,2019-03-08,17,30,26,34,29,67.65,70.59,82.76,16.32,12.21,2.73,17.91,4.03,1.79,4.41,7.59
PHX,2019-03-08,18,29,31,30,39,76.67,76.67,58.97,11.27,13.37,3.54,13.47,2.56,2.87,5.69,15.51
PHX,2019-03-08,19,35,43,33,50,57.58,51.52,72.0,19.18,12.97,2.97,21.64,3.44,1.42,1.94,12.82
PHX,2019-03-08,20,30,50,32,53,65.63,62.5,69.81,16.0,12.41,3.76,18.66,4.06,2.83,5.79,12.72
PHX,2019-03-08,21,32,29,34,29,82.35,82.35,62.07,8.41,13.5,3.46,10.44,2.31,2.22,2.24,16.45
PHX,2019-03-08,22,20,36,20,36,45.0,45.0,52.78,18.8,10.0,1.34,19.45,1.31,3.29,4.17,16.92
PHX,2019-03-08,23,16,29,16,31,62.5,56.25,74.19,14.19,12.38,2.78,16.38,2.06,2.24,2.65,11.74
PHX,2019-03-09,0,19,10,20,18,85.0,75.0,61.11,6.35,16.0,5.06,9.45,3.11,3.76,2.44,20.5
PHX,2019-03-09,1,7,0,8,4,87.5,87.5,75.0,8.88,13.5,3.33,10.75,2.75,1.47,2.25,5.5
PHX,2019-03-09,2,1,0,2,1,100.0,100.0,100.0,0.0,10.5,0.35,0.0,0.0,1.9,0.0,0.0
PHX,2019-03-09,3,0,0,1,0,100.0,100.0,0.0,0.0,8.0,0.0,0.0,0.0,0.0,0.0,0.0
PHX,2019-03-09,4,0,0,0,0,0.0,0.0,0.0,0.0,0.0,0.0,0.0,0.0,0.0,0.0,0.0
PHX,2019-03-09,5,1,1,2,2,100.0,100.0,50.0,1.5,13.0,2.85,4.0,13.0,0.05,16.5,44.0
PHX,2019-03-09,6,15,4,21,1,66.67,66.67,0.0,24.33,13.1,3.97,27.24,8.0,0.1,13.0,16.0
PHX,2019-03-09,7,21,25,25,23,80.0,72.0,82.61,15.2,16.12,6.57,19.8,3.26,0.48,1.65,12.22
PHX,2019-03-09,8,34,36,33,38,84.85,78.79,84.21,9.45,16.33,6.43,14.18,1.21,4.68,4.87,6.71
PHX,2019-03-09,9,56,26,55,28,67.27,50.91,82.14,16.35,18.6,8.84,23.73,2.61,8.45,6.29,32.61
PHX,2019-03-09,10,35,45,34,45,73.53,58.82,77.78,44.94,18.24,8.07,51.68,3.71,2.86,4.89,25.53
PHX,2019-03-09,11,41,23,44,24,77.27,47.73,70.83,16.57,19.64,10.14,25.73,3.08,2.88,5.67,22.83
PHX,2019-03-09,12,22,37,22,37,77.27,63.64,83.78,25.86,14.14,4.84,29.95,1.51,3.66,2.78,12.76
PHX,2019-03-09,13,38,36,37,36,83.78,72.97,77.78,12.73,16.51,6.57,17.24,2.69,2.36,5.17,10.78
PHX,2019-03-09,14,37,23,37,25,62.16,64.86,72.0,13.49,11.3,1.86,14.22,2.76,1.9,3.64,24.24
PHX,2019-03-09,15,31,31,32,31,59.38,62.5,74.19,20.78,12.81,3.37,23.41,1.39,2.59,1.74,14.9
PHX,2019-03-09,16,26,31,26,31,73.08,69.23,70.97,18.62,13.08,3.26,20.81,2.68,2.45,2.87,20.42
PHX,2019-03-09,17,31,32,32,35,71.88,65.63,65.71,13.66,11.72,2.33,15.53,2.57,3.09,5.23,21.54
PHX,2019-03-09,18,29,38,29,38,51.72,41.38,63.16,41.9,14.72,5.01,46.66,1.97,3.26,4.34,16.68
PHX,2019-03-09,19,42,38,42,40,61.9,57.14,47.5,23.81,12.31,3.16,26.14,1.55,3.82,4.93,31.85
PHX,2019-03-09,20,25,57,29,60,37.93,27.59,48.33,35.83,13.21,4.16,38.9,3.87,2.59,7.18,35.77
PHX,2019-03-09,21,41,22,43,21,41.86,30.23,66.67,40.88,13.7,4.24,44.84,1.95,4.88,3.1,22.95
PHX,2019-03-09,22,13,31,13,32,53.85,53.85,56.25,18.23,12.62,2.86,19.77,1.03,5.7,12.06,20.41
PHX,2019-03-09,23,9,16,10,17,90.0,70.0,58.82,10.9,14.8,4.63,15.4,0.94,4.06,3.29,32.53
PHX,2019-03-10,0,8,4,9,9,55.56,55.56,44.44,25.56,12.67,2.21,26.78,2.89,1.58,7.56,31.56
PHX,2019-03-10,1,3,2,4,0,50.0,50.0,0.0,19.75,11.25,1.18,21.0,0.0,0.0,0.0,0.0
PHX,2019-03-10,2,0,0,0,0,0.0,0.0,0.0,0.0,0.0,0.0,0.0,0.0,0.0,0.0,0.0
PHX,2019-03-10,4,0,0,1,0,100.0,100.0,0.0,0.0,13.0,2.4,0.0,0.0,0.0,0.0,0.0
PHX,2019-03-10,5,11,0,12,2,91.67,91.67,50.0,2.75,14.83,5.38,5.58,0.5,0.55,1.5,27.0
PHX,2019-03-10,6,28,22,30,23,90.0,83.33,65.22,25.4,15.53,5.93,30.13,2.7,3.53,7.04,37.83
PHX,2019-03-10,7,38,38,39,40,89.74,87.18,75.0,3.74,14.69,4.88,7.13,2.42,3.02,7.18,21.4
PHX,2019-03-10,8,51,27,52,25,73.08,61.54,84.0,11.63,17.83,8.03,18.12,3.72,3.25,7.68,10.6
PHX,2019-03-10,9,41,40,42,36,64.29,52.38,72.22,23.86,16.14,6.67,29.05,7.42,4.64,11.83,21.19
PHX,2019-03-10,10,31,29,32,32,71.88,65.63,81.25,13.28,17.09,7.0,18.63,3.03,1.87,5.47,9.88
PHX,2019-03-10,11,32,41,35,42,80.0,77.14,83.33,19.4,12.4,3.37,21.86,3.21,1.44,6.57,8.02
PHX,2019-03-10,12,48,36,48,41,68.75,56.25,63.41,16.96,17.23,7.45,22.83,3.07,1.04,6.12,32.85
PHX,2019-03-10,13,30,17,31,19,64.52,61.29,89.47,18.87,15.87,6.07,22.97,0.95,2.14,2.32,7.58
PHX,2019-03-10,14,28,34,30,35,56.67,40.0,80.0,32.1,17.27,7.51,38.7,2.66,1.0,2.69,12.94
PHX,2019-03-10,15,30,34,30,34,70.0,53.33,67.65,15.77,13.8,4.33,18.73,1.88,1.78,6.62,19.38
PHX,2019-03-10,16,31,29,31,31,58.06,51.61,45.16,22.68,12.58,2.68,24.71,7.0,1.56,9.13,40.16
PHX,2019-03-10,17,29,27,30,32,50.0,43.33,68.75,30.6,12.83,3.48,33.3,3.56,2.3,4.66,20.09
PHX,2019-03-10,18,37,41,38,41,68.42,57.89,58.54,17.66,14.11,4.36,20.97,2.44,1.83,4.76,29.44
PHX,2019-03-10,19,23,55,23,55,39.13,34.78,63.64,37.91,11.3,3.2,40.35,3.82,3.43,6.25,32.53
PHX,2019-03-10,20,39,32,37,32,59.46,59.46,53.13,25.03,12.81,3.26,26.7,2.41,6.05,10.41,27.81
PHX,2019-03-10,21,21,31,22,31,36.36,36.36,67.74,42.45,10.14,1.43,43.45,2.39,3.11,5.94,22.26
PHX,2019-03-10,22,17,32,18,35,61.11,55.56,65.71,15.06,10.0,1.21,15.83,2.4,2.69,3.57,24.77
PHX,2019-03-10,23,20,19,24,20,79.17,75.0,45.0,8.71,12.42,1.79,9.5,4.25,2.81,3.05,69.2
PHX,2019-03-11,0,8,3,8,5,87.5,87.5,60.0,11.25,11.88,1.24,11.75,4.6,1.54,3.6,9.6
PHX,2019-03-11,1,1,0,2,2,100.0,100.0,100.0,0.0,10.0,0.0,0.0,2.0,1.25,10.0,4.5
PHX,2019-03-11,2,0,0,0,0,0.0,0.0,0.0,0.0,0.0,0.0,0.0,0.0,0.0,0.0,0.0
PHX,2019-03-11,3,0,0,0,1,0.0,0.0,100.0,0.0,0.0,0.0,0.0,13.0,1.1,14.0,0.0
PHX,2019-03-11,4,0,0,1,0,100.0,100.0,0.0,0.0,10.0,0.0,0.0,0.0,0.0,0.0,0.0
PHX,2019-03-11,5,17,0,19,0,94.74,78.95,0.0,2.32,15.32,6.54,7.95,0.0,0.0,0.0,0.0
PHX,2019-03-11,6,21,24,24,24,79.17,70.83,83.33,23.17,16.42,6.3,27.58,3.96,0.6,5.67,18.5
PHX,2019-03-11,7,34,37,34,39,91.18,85.29,82.05,2.88,15.56,5.53,6.65,3.13,2.41,6.08,7.26
PHX,2019-03-11,8,57,28,57,29,85.96,70.18,72.41,8.51,17.16,7.53,14.35,3.38,4.27,7.24,7.17
PHX,2019-03-11,9,34,48,35,47,74.29,65.71,70.21,13.89,17.63,7.55,20.43,4.55,4.18,8.43,13.06
PHX,2019-03-11,10,46,23,46,23,67.39,54.35,47.83,25.67,16.17,6.97,31.48,3.0,0.42,8.09,23.3
PHX,2019-03-11,11,28,42,27,43,66.67,59.26,74.42,28.33,13.19,3.73,31.22,2.88,1.27,4.02,9.6
PHX,2019-03-11,12,46,33,46,32,76.09,65.22,65.63,19.65,16.39,6.28,24.09,4.03,1.89,5.38,13.44
PHX,2019-03-11,13,29,23,29,24,68.97,68.97,58.33,14.21,12.48,2.94,16.48,3.83,3.05,5.25,18.13
PHX,2019-03-11,14,31,36,35,36,71.43,62.86,83.33,11.4,12.83,3.31,13.66,3.33,2.86,4.58,9.17
PHX,2019-03-11,15,31,32,35,33,74.29,71.43,84.85,9.0,12.77,3.09,11.11,4.12,2.85,4.45,11.27
PHX,2019-03-11,16,31,26,33,27,84.85,84.85,81.48,7.06,11.24,1.84,7.67,4.33,1.44,4.56,29.93
PHX,2019-03-11,17,28,30,28,35,75.0,67.86,77.14,15.57,14.61,4.9,19.29,2.34,1.49,4.23,10.63
PHX,2019-03-11,18,37,46,38,64,71.05,60.53,46.88,12.24,15.34,5.46,16.58,4.16,2.6,8.53,21.63
PHX,2019-03-11,19,28,49,34,53,64.71,55.88,62.26,16.0,12.44,3.7,18.68,4.64,4.43,11.26,17.43
PHX,2019-03-11,20,34,30,40,29,67.5,57.5,62.07,20.18,13.78,3.78,23.13,6.55,1.61,8.34,22.93
PHX,2019-03-11,21,20,31,20,32,55.0,55.0,68.75,17.5,11.55,2.42,19.0,3.41,4.15,10.22,10.53
PHX,2019-03-11,22,10,19,10,20,80.0,80.0,80.0,9.3,10.9,2.1,10.8,4.3,3.49,3.5,9.05
PHX,2019-03-11,23,8,16,9,17,77.78,88.89,70.59,7.11,13.67,2.22,8.89,5.0,2.54,4.59,13.88
PHX,2019-03-12,0,6,3,6,4,100.0,100.0,75.0,0.33,13.17,2.13,0.67,3.0,3.42,3.0,3.75
PHX,2019-03-12,1,1,1,2,0,100.0,100.0,0.0,0.0,14.5,4.35,2.0,0.0,0.0,0.0,0.0
PHX,2019-03-12,3,0,0,0,1,0.0,0.0,100.0,0.0,0.0,0.0,0.0,0.0,1.1,4.0,0.0
PHX,2019-03-12,4,0,0,1,4,100.0,100.0,75.0,0.0,16.0,5.4,0.0,1.0,1.33,3.25,14.5
PHX,2019-03-12,5,17,0,21,2,90.48,85.71,0.0,3.24,13.19,4.49,6.24,1.0,0.55,4.0,49.5
PHX,2019-03-12,6,21,25,32,27,59.38,46.88,85.19,18.03,19.53,9.14,25.59,6.15,1.39,5.19,9.48
PHX,2019-03-12,7,33,36,44,37,75.0,45.45,83.78,21.84,24.05,13.76,33.61,4.65,3.99,6.95,6.38
PHX,2019-03-12,8,54,28,57,27,89.47,52.63,70.37,9.96,24.16,14.55,23.21,8.59,2.8,9.19,20.44
PHX,2019-03-12,9,34,45,36,44,75.0,36.11,81.82,12.42,25.33,14.98,26.64,6.5,6.21,9.16,7.43
PHX,2019-03-12,10,45,22,43,25,74.42,27.91,60.0,11.86,25.12,15.7,26.79,6.88,1.6,11.6,19.76
PHX,2019-03-12,11,27,42,25,41,76.0,52.0,53.66,10.52,16.92,7.35,16.28,9.59,2.32,13.05,28.68
PHX,2019-03-12,12,43,33,43,35,37.21,25.58,54.29,29.51,18.33,8.3,37.42,10.17,3.61,11.2,27.2
PHX,2019-03-12,13,29,24,29,25,55.17,51.72,68.0,28.1,14.21,4.61,32.0,5.24,2.7,6.48,8.8
PHX,2019-03-12,14,30,36,31,37,54.84,54.84,56.76,42.13,11.87,2.8,44.1,6.62,3.88,6.32,25.14
PHX,2019-03-12,15,32,32,33,35,54.55,48.48,71.43,26.45,12.79,3.22,28.82,7.83,2.42,6.89,11.4
PHX,2019-03-12,16,31,24,32,27,56.25,50.0,48.15,21.84,12.78,3.23,24.13,7.37,6.74,10.93,26.63
PHX,2019-03-12,17,27,30,28,36,42.86,32.14,52.78,32.0,15.71,5.88,37.5,4.81,2.44,6.08,25.83
PHX,2019-03-12,18,37,44,39,61,48.72,41.03,47.54,33.36,17.15,7.11,39.85,3.51,3.41,5.92,24.87
PHX,2019-03-12,19,26,46,32,49,50.0,40.63,46.94,23.28,16.56,7.87,29.38,6.39,5.99,9.08,26.45
PHX,2019-03-12,20,33,29,39,29,48.72,33.33,75.86,18.64,17.69,7.59,25.49,3.66,3.47,2.17,42.97
PHX,2019-03-12,21,20,30,18,30,55.56,55.56,63.33,22.5,11.56,2.92,23.83,3.67,3.62,2.8,45.27
PHX,2019-03-12,22,10,20,10,21,70.0,60.0,71.43,15.1,13.8,4.62,18.6,4.1,4.42,3.05,19.52
PHX,2019-03-12,23,7,15,8,17,62.5,62.5,64.71,11.0,11.88,1.4,10.75,3.0,5.13,5.47,18.24
PHX,2019-03-13,0,6,3,6,3,83.33,66.67,100.0,8.67,17.33,6.53,13.83,2.33,7.0,2.0,1.67
PHX,2019-03-13,1,1,0,2,2,100.0,100.0,100.0,0.0,15.0,4.85,4.0,3.0,2.3,0.5,0.0
PHX,2019-03-13,2,0,0,1,0,0.0,0.0,0.0,21.0,14.0,3.4,24.0,0.0,0.0,0.0,0.0
PHX,2019-03-13,3,0,0,0,2,0.0,0.0,100.0,0.0,0.0,0.0,0.0,0.0,0.1,0.0,0.0
PHX,2019-03-13,4,0,0,1,2,100.0,100.0,100.0,0.0,13.0,2.4,0.0,2.0,0.1,4.5,7.0
PHX,2019-03-13,5,17,0,20,4,90.0,90.0,75.0,2.4,13.25,4.42,5.65,1.25,1.58,2.25,22.25
PHX,2019-03-13,6,22,24,29,28,86.21,72.41,78.57,7.17,18.62,8.22,13.72,2.79,2.8,5.29,20.68
PHX,2019-03-13,7,34,37,42,37,73.81,71.43,83.78,9.95,16.48,6.29,14.98,3.27,4.03,3.54,8.59
PHX,2019-03-13,8,56,28,54,30,74.07,61.11,80.0,9.11,18.24,8.78,16.57,4.87,6.87,4.43,11.8
PHX,2019-03-13,9,34,48,32,48,75.0,71.88,77.08,13.5,16.63,6.53,18.59,4.1,6.31,5.83,12.1
PHX,2019-03-13,10,46,23,45,20,71.11,66.67,90.0,12.38,13.18,4.18,15.42,3.3,2.85,2.15,8.75
PHX,2019-03-13,11,27,41,28,37,82.14,78.57,86.49,11.29,11.29,1.99,12.25,3.57,1.59,1.7,7.46
PHX,2019-03-13,12,44,32,43,34,74.42,67.44,76.47,11.67,12.65,3.07,13.84,2.47,2.53,2.94,16.71
PHX,2019-03-13,13,29,22,29,20,72.41,72.41,95.0,19.72,12.03,2.51,21.1,2.85,3.21,1.45,2.25
PHX,2019-03-13,14,31,37,30,38,73.33,70.0,68.42,17.77,11.73,2.59,19.7,3.05,1.85,0.97,15.24
PHX,2019-03-13,15,31,32,28,33,67.86,67.86,84.85,21.5,10.79,1.41,22.21,2.03,1.66,1.82,5.73
PHX,2019-03-13,16,31,25,32,24,75.0,68.75,75.0,10.81,11.44,1.94,11.38,2.67,2.12,1.83,23.46
PHX,2019-03-13,17,27,29,27,30,70.37,62.96,70.0,22.78,14.07,4.7,26.19,2.63,1.98,2.47,16.1
PHX,2019-03-13,18,37,45,37,60,54.05,48.65,63.33,21.68,14.11,4.29,25.19,3.78,1.58,3.55,19.42
PHX,2019-03-13,19,27,49,28,47,57.14,57.14,80.85,18.07,11.86,3.34,21.04,2.57,3.15,2.15,9.47
PHX,2019-03-13,20,34,29,40,29,67.5,67.5,93.1,12.88,13.95,3.84,15.1,2.41,1.73,0.45,5.1
PHX,2019-03-13,21,20,31,19,30,63.16,63.16,66.67,14.84,11.11,2.38,15.74,1.97,2.71,1.7,39.27
PHX,2019-03-13,22,10,20,11,22,81.82,81.82,77.27,5.82,12.0,2.95,8.0,2.32,3.42,2.91,12.55
PHX,2019-03-13,23,8,15,9,12,77.78,77.78,83.33,10.11,15.67,5.52,13.33,1.17,1.48,0.92,9.83
PHX,2019-03-14,0,5,4,5,3,100.0,100.0,66.67,0.0,12.6,2.28,1.8,1.0,1.67,0.0,16.33
PHX,2019-03-14,1,2,2,3,1,100.0,100.0,100.0,0.0,12.33,2.03,0.0,1.0,0.1,5.0,1.0
PHX,2019-03-14,2,0,0,0,0,0.0,0.0,0.0,0.0,0.0,0.0,0.0,0.0,0.0,0.0,0.0
PHX,2019-03-14,3,0,0,0,3,0.0,0.0,66.67,0.0,0.0,0.0,0.0,0.0,0.0,1.67,19.0
PHX,2019-03-14,4,0,0,1,3,100.0,100.0,100.0,0.0,13.0,2.4,0.0,0.33,0.37,0.67,4.33
PHX,2019-03-14,5,17,0,19,3,89.47,89.47,33.33,3.0,11.05,2.69,4.84,0.0,1.77,6.67,45.33
PHX,2019-03-14,6,21,25,28,25,89.29,89.29,96.0,5.07,12.21,2.44,6.5,1.52,2.14,1.12,2.28
PHX,2019-03-14,7,33,37,40,38,72.5,67.5,97.37,38.78,16.3,6.16,43.85,2.45,3.26,2.66,2.21
PHX,2019-03-14,8,56,28,60,27,90.0,53.33,85.19,4.65,22.3,12.71,16.4,2.7,4.79,3.52,11.11
PHX,2019-03-14,9,34,45,35,46,88.57,57.14,84.78,6.43,21.43,11.27,16.03,1.7,9.33,3.24,17.98
PHX,2019-03-14,10,45,21,47,22,74.47,61.7,77.27,24.89,15.49,5.98,30.11,1.45,3.45,3.27,15.91
PHX,2019-03-14,11,25,43,26,41,80.77,80.77,85.37,17.92,10.73,1.98,18.58,2.51,2.69,2.54,8.49
PHX,2019-03-14,12,47,35,43,35,67.44,62.79,97.14,16.09,14.05,4.21,19.05,1.66,2.23,0.46,3.2
PHX,2019-03-14,13,29,24,30,26,76.67,70.0,69.23,26.73,12.47,3.06,29.03,2.92,1.94,3.0,15.92
PHX,2019-03-14,14,33,36,34,36,67.65,64.71,77.78,21.65,11.91,2.52,23.38,2.83,2.69,2.14,24.92
PHX,2019-03-14,15,31,33,34,36,64.71,61.76,66.67,18.0,12.91,3.42,20.71,1.97,2.14,2.19,22.56
PHX,2019-03-14,16,32,28,34,31,58.82,47.06,67.74,32.44,16.0,5.84,37.71,3.9,1.93,2.13,20.52
PHX,2019-03-14,17,27,28,29,33,72.41,65.52,69.7,21.31,17.79,7.84,28.1,3.06,1.42,2.09,19.39
PHX,2019-03-14,18,36,44,36,57,58.33,50.0,56.14,30.47,16.94,6.89,35.92,2.0,1.17,2.0,31.53
PHX,2019-03-14,19,26,47,31,50,54.84,48.39,70.0,19.13,14.74,6.2,24.45,3.38,2.58,3.0,12.42
PHX,2019-03-14,20,33,29,39,28,64.1,51.28,71.43,14.51,15.1,4.96,18.46,2.0,2.95,2.25,11.32
PHX,2019-03-14,21,20,32,19,32,52.63,47.37,62.5,14.21,10.63,1.85,15.53,1.63,2.86,1.03,22.38
PHX,2019-03-14,22,15,33,16,33,68.75,56.25,54.55,19.25,15.81,6.2,25.0,1.18,2.48,0.91,22.64
PHX,2019-03-14,23,20,17,21,17,80.95,61.9,82.35,8.9,17.0,6.08,13.33,1.94,2.54,0.41,9.18
PHX,2019-03-15,0,8,4,8,5,87.5,87.5,60.0,5.63,14.5,3.61,8.25,0.8,1.58,2.4,21.0
PHX,2019-03-15,1,2,1,3,2,66.67,66.67,50.0,5.33,13.67,3.37,8.67,2.5,2.7,2.5,9.5
PHX,2019-03-15,2,0,0,0,0,0.0,0.0,0.0,0.0,0.0,0.0,0.0,0.0,0.0,0.0,0.0
PHX,2019-03-15,3,0,0,0,1,0.0,0.0,100.0,0.0,0.0,0.0,0.0,0.0,0.1,0.0,1.0
PHX,2019-03-15,4,0,0,1,4,100.0,100.0,25.0,0.0,14.0,3.4,0.0,0.25,1.1,0.5,17.75
PHX,2019-03-15,5,17,0,17,4,88.24,88.24,50.0,2.71,14.29,5.42,5.82,1.25,2.07,5.5,26.25
PHX,2019-03-15,6,21,25,26,26,84.62,84.62,92.31,5.15,15.12,4.8,8.27,1.5,1.04,1.15,3.46
PHX,2019-03-15,7,34,38,45,34,80.0,75.56,91.18,12.8,17.24,6.91,17.73,1.21,2.79,0.91,15.94
PHX,2019-03-15,8,57,28,56,28,89.29,64.29,92.86,15.66,21.25,11.51,25.29,2.04,3.56,0.93,4.93
PHX,2019-03-15,9,34,47,34,47,88.24,67.65,85.11,12.35,19.62,9.51,20.12,2.64,4.16,1.62,12.09
PHX,2019-03-15,10,46,23,45,22,82.22,57.78,100.0,12.11,19.53,10.12,21.16,1.05,2.2,1.73,2.0
PHX,2019-03-15,11,26,42,28,41,67.86,60.71,87.8,15.25,14.57,5.38,19.04,0.98,0.62,0.66,5.37
PHX,2019-03-15,12,47,33,47,31,76.6,53.19,77.42,10.53,18.26,8.21,17.51,2.0,2.35,1.42,21.77
PHX,2019-03-15,13,28,23,27,27,62.96,55.56,85.19,20.04,14.56,4.52,23.48,2.78,0.6,1.33,13.52
PHX,2019-03-15,14,32,36,33,37,72.73,66.67,78.38,22.64,15.48,5.99,27.12,2.32,1.31,0.86,20.57
PHX,2019-03-15,15,31,32,31,31,70.97,61.29,83.87,17.58,14.55,4.87,21.19,2.19,1.29,0.13,30.13
PHX,2019-03-15,16,31,27,34,32,76.47,61.76,68.75,12.71,15.62,5.63,17.29,2.38,1.57,1.47,9.84
PHX,2019-03-15,17,28,28,32,31,62.5,59.38,83.87,13.59,14.91,5.27,17.53,1.71,1.1,0.65,7.32
PHX,2019-03-15,18,36,45,36,53,83.33,66.67,73.58,10.64,17.42,7.34,15.86,1.81,0.72,1.85,13.89
PHX,2019-03-15,19,29,49,29,53,82.76,79.31,73.58,8.45,13.83,4.85,11.76,2.83,1.25,1.3,9.68
PHX,2019-03-15,20,33,30,36,30,75.0,63.89,70.0,12.92,16.08,6.0,18.03,1.67,0.97,0.43,55.23
PHX,2019-03-15,21,20,33,19,32,84.21,73.68,71.88,9.58,14.74,5.28,14.21,3.16,3.19,5.91,31.22
PHX,2019-03-15,22,14,31,14,31,64.29,64.29,70.97,30.36,14.86,5.67,34.5,1.29,2.06,5.48,27.16
PHX,2019-03-15,23,20,19,21,19,76.19,66.67,73.68,26.86,15.24,4.43,30.1,1.26,2.18,1.05,16.42
PHX,2019-03-16,0,7,2,7,4,85.71,85.71,100.0,5.57,12.29,1.97,7.71,1.25,5.13,3.25,3.75
PHX,2019-03-16,1,2,1,3,0,100.0,100.0,0.0,0.0,11.33,1.23,0.33,0.0,0.0,0.0,0.0
PHX,2019-03-16,2,0,0,0,0,0.0,0.0,0.0,0.0,0.0,0.0,0.0,0.0,0.0,0.0,0.0
PHX,2019-03-16,3,0,0,0,0,0.0,0.0,0.0,0.0,0.0,0.0,0.0,0.0,0.0,0.0,0.0
PHX,2019-03-16,4,0,0,0,1,0.0,0.0,100.0,0.0,0.0,0.0,0.0,0.0,1.1,1.0,0.0
PHX,2019-03-16,5,15,1,16,2,100.0,100.0,50.0,0.94,13.44,4.66,4.56,0.0,2.1,3.0,16.0
PHX,2019-03-16,6,21,25,26,23,88.46,80.77,100.0,8.54,14.12,4.46,12.31,2.74,0.74,1.0,1.7
PHX,2019-03-16,7,36,39,42,36,88.1,83.33,94.44,10.17,16.17,6.31,14.64,2.22,1.91,2.72,4.47
PHX,2019-03-16,8,55,26,53,26,86.79,60.38,92.31,6.45,21.17,11.32,16.28,2.92,4.18,3.35,3.77
PHX,2019-03-16,9,35,46,37,46,75.68,59.46,93.48,9.54,18.89,8.99,17.03,2.61,7.62,2.43,9.0
PHX,2019-03-16,10,42,24,38,24,81.58,63.16,95.83,22.92,18.05,8.8,30.5,1.54,1.57,3.25,3.33
PHX,2019-03-16,11,24,38,26,39,76.92,69.23,92.31,7.42,13.73,4.4,11.19,1.36,1.74,1.82,3.64
PHX,2019-03-16,12,38,35,41,38,80.49,73.17,81.58,6.56,16.93,6.81,11.46,3.0,1.31,1.92,13.63
PHX,2019-03-16,13,36,23,36,19,80.56,77.78,89.47,8.56,14.11,4.33,11.81,2.53,1.85,0.74,22.58
PHX,2019-03-16,14,30,32,29,33,65.52,62.07,81.82,35.24,15.14,5.41,39.03,1.48,1.46,0.12,15.06
PHX,2019-03-16,15,28,31,28,31,75.0,71.43,87.1,16.71,13.96,4.06,19.86,2.26,1.84,1.35,15.81
PHX,2019-03-16,16,31,33,29,34,82.76,75.86,88.24,13.24,15.28,5.66,17.55,2.62,3.5,1.76,9.35
PHX,2019-03-16,17,29,35,28,36,75.0,71.43,77.78,14.25,14.07,4.64,17.36,2.31,2.03,1.64,17.58
PHX,2019-03-16,18,42,40,40,40,62.5,62.5,75.0,17.1,16.15,6.59,22.18,2.65,3.08,2.7,19.58
PHX,2019-03-16,19,24,57,24,58,62.5,54.17,81.03,28.38,13.5,4.65,32.13,3.4,4.06,2.03,7.19
PHX,2019-03-16,20,42,23,41,22,65.85,56.1,86.36,11.93,16.85,7.37,17.27,0.68,3.89,0.23,8.5
PHX,2019-03-16,21,14,28,14,27,85.71,85.71,85.19,2.79,17.21,7.21,7.71,1.44,1.98,0.0,4.44
PHX,2019-03-16,22,10,24,10,26,90.0,90.0,84.62,4.2,16.3,6.34,7.1,1.31,2.01,1.23,7.92
PHX,2019-03-16,23,13,15,15,13,93.33,93.33,76.92,4.6,14.4,4.32,5.27,0.46,0.97,0.23,8.31
PHX,2019-03-17,0,8,4,8,3,87.5,87.5,66.67,2.75,14.5,3.98,5.13,3.0,0.87,2.0,6.0
PHX,2019-03-17,1,2,2,3,2,100.0,100.0,50.0,4.0,11.67,1.37,5.33,0.5,0.05,0.0,33.0
PHX,2019-03-17,2,0,0,0,0,0.0,0.0,0.0,0.0,0.0,0.0,0.0,0.0,0.0,0.0,0.0
PHX,2019-03-17,4,0,0,1,0,100.0,100.0,0.0,0.0,14.0,3.4,0.0,0.0,0.0,0.0,0.0
PHX,2019-03-17,5,11,0,13,1,92.31,92.31,100.0,2.69,12.15,2.7,4.23,0.0,0.0,0.0,0.0
PHX,2019-03-17,6,29,22,30,23,93.33,90.0,100.0,3.37,14.47,4.7,6.3,1.61,1.3,0.78,0.43
PHX,2019-03-17,7,38,39,35,36,91.43,91.43,88.89,10.31,13.97,4.06,12.26,2.19,1.5,1.67,7.86
PHX,2019-03-17,8,51,26,48,26,85.42,54.17,92.31,8.0,22.85,12.97,18.75,2.77,2.64,1.0,2.88
PHX,2019-03-17,9,41,40,42,41,92.86,69.05,92.68,3.71,19.81,10.01,12.31,3.8,7.73,2.2,14.76
PHX,2019-03-17,10,31,29,34,31,82.35,73.53,100.0,20.35,18.65,8.33,26.5,1.55,1.09,0.52,1.29
PHX,2019-03-17,11,31,41,32,42,90.63,87.5,78.57,3.72,12.72,3.75,6.41,1.76,0.85,2.17,15.79
PHX,2019-03-17,12,48,37,47,39,80.85,63.83,92.31,24.83,16.68,6.6,30.23,3.18,2.08,0.97,5.0
PHX,2019-03-17,13,31,17,35,19,80.0,77.14,89.47,9.17,14.94,5.24,12.69,1.84,0.88,0.84,10.89
PHX,2019-03-17,14,28,34,29,36,86.21,86.21,88.89,13.1,14.52,4.74,16.52,2.69,2.23,1.75,5.72
PHX,2019-03-17,15,30,34,32,36,81.25,65.63,77.78,7.25,16.47,6.76,12.13,1.83,0.7,1.94,24.56
PHX,2019-03-17,16,31,31,32,32,81.25,78.13,87.5,23.16,14.94,5.13,26.69,1.84,1.37,0.44,6.69
PHX,2019-03-17,17,30,26,30,28,73.33,66.67,85.71,14.67,16.1,6.45,19.83,2.39,2.37,1.11,6.29
PHX,2019-03-17,18,37,40,38,39,76.32,55.26,89.74,17.5,17.97,8.19,25.03,2.03,1.13,1.41,5.54
PHX,2019-03-17,19,23,55,23,55,95.65,86.96,85.45,1.7,15.57,6.75,6.48,2.64,3.06,0.85,8.71
PHX,2019-03-17,20,39,32,41,30,80.49,56.1,83.33,14.56,17.27,7.47,20.61,2.2,1.87,0.77,9.2
PHX,2019-03-17,21,21,32,21,32,80.95,76.19,90.63,9.19,15.14,6.05,13.76,1.88,2.19,0.75,13.16
PHX,2019-03-17,22,17,32,18,32,72.22,72.22,87.5,19.78,14.83,5.99,24.78,1.44,5.79,3.06,6.63
PHX,2019-03-17,23,20,20,20,19,80.0,75.0,68.42,12.65,15.45,4.66,16.35,2.42,3.63,1.32,9.32
PHX,2019-03-18,0,8,3,8,4,87.5,75.0,100.0,5.5,15.75,4.94,9.88,3.5,4.0,1.25,0.0
PHX,2019-03-18,1,2,0,3,3,100.0,100.0,66.67,0.0,11.0,1.23,0.0,0.0,0.97,8.0,21.67
PHX,2019-03-18,2,0,0,0,0,0.0,0.0,0.0,0.0,0.0,0.0,0.0,0.0,0.0,0.0,0.0
PHX,2019-03-18,3,0,0,0,1,0.0,0.0,100.0,0.0,0.0,0.0,0.0,1.0,0.1,5.0,5.0
PHX,2019-03-18,4,0,0,1,0,100.0,100.0,0.0,0.0,10.0,0.0,0.0,0.0,0.0,0.0,0.0
PHX,2019-03-18,5,18,0,18,0,94.44,88.89,0.0,6.17,12.83,4.13,9.0,0.0,0.0,0.0,0.0
PHX,2019-03-18,6,21,24,21,25,90.48,90.48,100.0,4.62,13.29,3.35,7.05,2.68,1.86,1.44,1.16
PHX,2019-03-18,7,34,37,33,39,87.88,81.82,97.44,10.76,15.55,5.41,14.61,2.13,3.37,0.69,1.03
PHX,2019-03-18,8,57,28,58,28,87.93,68.97,89.29,5.52,18.88,9.29,12.74,2.39,5.94,3.46,4.14
PHX,2019-03-18,9,34,48,33,48,90.91,78.79,89.58,9.24,17.67,7.3,15.12,2.48,8.21,2.81,19.54
PHX,2019-03-18,10,46,22,46,21,91.3,65.22,95.24,5.7,20.37,11.01,14.63,0.81,1.5,1.1,1.81
PHX,2019-03-18,11,26,43,25,44,88.0,84.0,88.64,4.64,13.04,3.59,7.24,2.41,1.18,1.23,11.11
PHX,2019-03-18,12,47,34,44,33,84.09,77.27,87.88,24.41,16.55,6.52,29.07,2.18,1.54,0.61,7.18
PHX,2019-03-18,13,30,23,30,23,90.0,86.67,95.65,3.8,15.33,5.55,7.07,1.43,1.15,0.74,4.78
PHX,2019-03-18,14,31,36,33,35,84.85,81.82,88.57,8.7,13.15,3.64,10.64,1.91,2.13,0.51,29.17
PHX,2019-03-18,15,31,32,32,30,90.63,81.25,90.0,5.69,15.38,5.8,9.66,2.2,1.57,1.73,5.67
PHX,2019-03-18,16,31,27,32,28,71.88,71.88,89.29,19.81,12.88,3.29,22.44,2.21,0.52,1.0,5.79
PHX,2019-03-18,17,28,29,28,31,89.29,82.14,93.55,11.21,16.25,6.28,15.32,1.84,1.28,1.1,3.74
PHX,2019-03-18,18,37,46,38,62,86.84,73.68,80.65,8.71,18.29,8.41,15.37,1.77,2.18,2.21,9.06
PHX,2019-03-18,19,28,48,33,50,78.79,69.7,96.0,6.52,15.3,6.54,11.61,2.84,5.92,1.74,3.58
PHX,2019-03-18,20,34,30,40,29,95.0,80.0,93.1,3.3,19.02,8.92,9.43,2.0,0.76,0.0,6.59
PHX,2019-03-18,21,20,32,19,29,89.47,84.21,89.66,13.05,14.68,5.55,17.11,1.59,1.28,0.83,7.76
PHX,2019-03-18,22,10,19,9,20,100.0,100.0,90.0,0.56,13.78,4.78,2.56,1.1,1.33,0.0,3.65
PHX,2019-03-18,23,8,16,9,16,88.89,88.89,93.75,4.89,12.89,2.31,5.33,1.38,1.45,0.25,5.94
PHX,2019-03-19,0,5,3,5,5,100.0,100.0,80.0,0.0,14.0,3.76,0.8,1.2,4.0,0.4,3.8
PHX,2019-03-19,1,2,1,3,0,100.0,100.0,0.0,0.0,11.33,1.23,0.0,0.0,0.0,0.0,0.0
PHX,2019-03-19,3,0,0,0,2,0.0,0.0,50.0,0.0,0.0,0.0,0.0,0.0,2.65,0.5,15.0
PHX,2019-03-19,4,0,0,1,4,100.0,100.0,75.0,0.0,13.0,2.4,0.0,0.0,1.1,0.75,5.25
PHX,2019-03-19,5,18,0,18,3,100.0,88.89,0.0,1.56,12.83,4.37,4.78,1.67,1.73,6.67,41.33
PHX,2019-03-19,6,21,25,30,21,86.67,83.33,85.71,7.23,14.8,4.92,10.97,2.9,2.32,2.48,5.52
PHX,2019-03-19,7,33,36,40,37,75.0,67.5,97.3,11.85,19.7,9.47,18.88,1.41,2.25,0.65,2.05
PHX,2019-03-19,8,54,28,54,30,94.44,74.07,90.0,3.0,20.02,10.47,11.56,3.0,3.68,3.0,4.9
PHX,2019-03-19,9,34,45,35,47,85.71,71.43,87.23,5.66,18.26,8.2,12.11,3.77,6.29,4.21,4.74
PHX,2019-03-19,10,45,21,44,21,93.18,63.64,95.24,5.2,19.3,10.04,13.86,1.33,1.14,4.0,3.67
PHX,2019-03-19,11,24,42,25,40,76.0,76.0,90.0,13.76,12.84,3.13,16.24,2.05,1.23,1.55,9.7
PHX,2019-03-19,12,44,34,44,33,77.27,70.45,87.88,12.02,16.14,6.23,16.41,3.67,0.99,1.73,4.82
PHX,2019-03-19,13,30,24,29,25,89.66,86.21,76.0,10.55,11.97,2.3,11.45,2.16,2.58,2.52,13.44
PHX,2019-03-19,14,30,35,30,36,66.67,66.67,91.67,13.3,12.27,2.99,15.67,5.06,2.35,2.11,4.19
PHX,2019-03-19,15,31,32,34,32,82.35,82.35,90.63,6.56,12.68,3.11,8.09,3.19,2.57,2.25,3.19
PHX,2019-03-19,16,31,25,35,30,80.0,77.14,76.67,7.69,13.49,3.74,9.83,3.07,2.77,3.63,8.97
PHX,2019-03-19,17,27,29,29,34,82.76,79.31,94.12,14.21,13.14,3.62,15.66,1.35,1.71,0.76,2.03
PHX,2019-03-19,18,37,44,39,61,92.31,79.49,75.41,5.92,13.85,3.75,8.38,2.33,2.15,2.82,9.03
PHX,2019-03-19,19,26,45,30,48,70.0,66.67,93.75,8.43,12.33,3.71,10.13,2.19,4.12,1.75,2.5
PHX,2019-03-19,20,33,29,39,29,87.18,82.05,86.21,6.31,13.46,3.43,8.03,2.21,2.18,0.9,11.03
PHX,2019-03-19,21,20,31,20,30,65.0,65.0,93.33,7.9,13.7,4.84,11.9,1.6,2.01,1.17,5.87
PHX,2019-03-19,22,10,20,9,21,88.89,66.67,90.48,2.67,19.33,10.33,11.56,1.48,1.95,0.62,4.67
PHX,2019-03-19,23,7,15,8,15,100.0,100.0,80.0,1.0,14.0,2.9,3.38,1.33,0.7,0.8,23.2
PHX,2019-03-20,0,5,3,5,4,80.0,80.0,100.0,4.8,14.8,4.36,7.2,1.25,0.78,0.0,2.5
PHX,2019-03-20,1,2,0,3,1,66.67,66.67,100.0,24.33,10.0,0.23,23.67,0.0,3.5,0.0,0.0
PHX,2019-03-20,2,0,0,0,0,0.0,0.0,0.0,0.0,0.0,0.0,0.0,0.0,0.0,0.0,0.0
PHX,2019-03-20,3,0,0,0,2,0.0,0.0,100.0,0.0,0.0,0.0,0.0,0.0,2.1,0.5,0.0
PHX,2019-03-20,4,0,0,1,4,100.0,100.0,50.0,0.0,13.0,2.4,0.0,0.75,1.1,1.75,28.75
PHX,2019-03-20,5,18,0,18,3,94.44,94.44,0.0,3.06,13.78,5.32,6.33,0.33,2.43,2.0,41.0
PHX,2019-03-20,6,22,24,31,25,90.32,74.19,96.0,3.42,19.74,9.45,10.42,3.08,2.13,1.04,2.48
PHX,2019-03-20,7,34,37,44,37,81.82,79.55,97.3,8.8,16.7,6.42,13.39,1.76,1.91,0.54,3.11
PHX,2019-03-20,8,56,29,58,28,91.38,62.07,89.29,8.62,21.09,11.47,17.88,1.64,4.23,2.79,3.68
PHX,2019-03-20,9,34,48,32,50,96.88,78.13,88.0,3.38,20.47,10.26,11.69,2.4,5.22,2.86,4.94
PHX,2019-03-20,10,46,22,45,23,84.44,46.67,86.96,7.76,23.71,14.37,20.33,1.0,3.03,2.57,5.43
PHX,2019-03-20,11,25,42,24,41,70.83,66.67,80.49,15.21,13.0,4.1,18.21,2.1,1.56,4.15,13.63
PHX,2019-03-20,12,45,33,45,36,68.89,57.78,83.33,13.04,17.62,7.61,19.29,2.33,4.2,2.89,6.17
PHX,2019-03-20,13,30,22,29,23,65.52,51.72,91.3,14.86,18.72,8.68,21.83,4.17,1.5,1.7,5.61
PHX,2019-03-20,14,31,37,30,38,76.67,60.0,71.05,12.6,16.5,7.0,18.43,4.95,1.44,3.16,13.79
PHX,2019-03-20,15,31,32,34,34,64.71,61.76,85.29,13.65,13.68,4.01,16.32,3.38,1.14,2.53,7.41
PHX,2019-03-20,16,32,26,35,28,82.86,80.0,71.43,8.37,13.51,3.71,10.51,4.07,2.76,3.61,15.18
PHX,2019-03-20,17,27,28,26,28,76.92,76.92,82.14,14.88,13.23,3.55,16.73,1.61,1.56,1.54,5.57
PHX,2019-03-20,18,37,45,38,64,78.95,73.68,70.31,6.89,13.53,3.69,9.53,3.78,1.84,6.0,15.14
PHX,2019-03-20,19,27,48,34,53,67.65,52.94,90.57,18.35,14.85,6.1,22.94,3.77,3.62,2.64,9.43
PHX,2019-03-20,20,34,29,41,28,80.49,78.05,89.29,5.98,16.0,5.85,9.32,3.21,2.38,1.18,8.07
PHX,2019-03-20,21,20,32,20,31,90.0,70.0,74.19,4.7,11.4,2.55,6.9,1.45,2.97,0.87,34.74
PHX,2019-03-20,22,10,20,10,22,60.0,60.0,86.36,17.1,10.2,1.64,18.4,1.64,2.75,1.95,10.91
PHX,2019-03-20,23,8,15,8,14,100.0,100.0,85.71,0.38,11.38,0.71,0.5,1.29,1.31,0.36,7.0
PHX,2019-03-21,0,5,5,5,4,100.0,100.0,75.0,0.0,12.2,1.94,0.8,0.5,2.28,3.0,13.25
PHX,2019-03-21,1,2,2,4,0,100.0,100.0,0.0,0.0,11.25,1.02,0.0,0.0,0.0,0.0,0.0
PHX,2019-03-21,2,0,0,0,0,0.0,0.0,0.0,0.0,0.0,0.0,0.0,0.0,0.0,0.0,0.0
PHX,2019-03-21,3,0,0,0,1,0.0,0.0,100.0,0.0,0.0,0.0,0.0,1.0,0.0,5.0,0.0
PHX,2019-03-21,4,0,0,1,5,100.0,100.0,80.0,0.0,16.0,5.4,0.0,0.6,0.46,2.0,13.2
PHX,2019-03-21,5,18,0,19,3,94.74,84.21,33.33,0.89,17.53,8.91,6.58,0.33,1.4,3.67,34.0
PHX,2019-03-21,6,21,25,28,23,89.29,75.0,100.0,2.32,17.75,7.46,8.21,1.39,4.06,1.65,0.7
PHX,2019-03-21,7,33,37,43,36,86.05,79.07,83.33,5.21,14.7,4.41,7.88,2.17,3.48,2.83,6.92
PHX,2019-03-21,8,56,28,56,26,83.93,75.0,96.15,17.05,16.61,7.22,22.54,1.96,3.7,0.92,1.62
PHX,2019-03-21,9,34,45,32,47,93.75,87.5,93.62,3.19,17.47,7.28,8.22,2.06,8.4,1.74,2.98
PHX,2019-03-21,10,45,21,45,20,77.78,57.78,75.0,26.64,18.6,9.22,33.96,1.35,3.12,3.0,14.4
PHX,2019-03-21,11,24,43,24,41,70.83,62.5,95.12,22.83,13.46,4.08,24.88,2.68,2.56,1.49,4.1
PHX,2019-03-21,12,46,34,45,35,84.44,82.22,88.57,9.16,13.31,3.42,10.96,1.77,3.04,2.23,4.43
PHX,2019-03-21,13,29,24,28,24,82.14,67.86,83.33,14.14,13.93,4.16,16.86,1.71,2.23,0.38,16.5
PHX,2019-03-21,14,33,36,36,35,77.78,77.78,74.29,18.0,11.53,2.11,19.33,2.2,2.57,2.51,17.86
PHX,2019-03-21,15,31,33,31,35,77.42,74.19,88.57,15.65,12.19,2.71,17.1,1.37,1.68,0.74,13.83
PHX,2019-03-21,16,32,28,33,34,93.94,93.94,91.18,2.58,11.7,2.27,3.64,2.06,2.27,1.65,7.68
PHX,2019-03-21,17,27,28,29,32,86.21,75.86,84.38,5.52,13.69,4.54,8.59,2.34,1.92,0.84,8.16
PHX,2019-03-21,18,36,44,38,57,81.58,78.95,75.44,9.11,16.71,6.56,12.89,2.3,2.69,2.98,17.63
PHX,2019-03-21,19,26,46,29,51,68.97,62.07,86.27,18.93,11.97,3.36,21.17,1.47,4.22,0.84,13.61
PHX,2019-03-21,20,33,29,40,29,85.0,77.5,86.21,11.53,16.3,6.19,14.48,2.62,2.84,0.83,10.59
PHX,2019-03-21,21,20,33,19,33,89.47,78.95,87.88,4.47,12.47,3.64,7.16,1.67,3.56,0.52,6.09
PHX,2019-03-21,22,14,32,14,35,85.71,71.43,85.71,5.71,13.0,3.99,9.36,1.37,4.87,2.54,11.71
PHX,2019-03-21,23,20,16,21,16,100.0,100.0,93.75,0.24,14.52,4.05,1.9,1.5,3.88,2.63,4.5
PHX,2019-03-22,0,8,5,8,5,87.5,87.5,80.0,3.63,12.25,1.81,4.88,1.2,1.2,0.6,5.8
PHX,2019-03-22,1,2,1,3,3,100.0,100.0,33.33,0.0,10.33,0.23,0.0,2.33,2.53,0.0,33.67
PHX,2019-03-22,2,0,0,0,0,0.0,0.0,0.0,0.0,0.0,0.0,0.0,0.0,0.0,0.0,0.0
PHX,2019-03-22,3,0,0,0,1,0.0,0.0,0.0,0.0,0.0,0.0,0.0,0.0,2.1,0.0,22.0
PHX,2019-03-22,4,0,0,2,5,100.0,100.0,80.0,0.0,9.5,0.9,1.0,0.2,1.3,0.4,17.8
PHX,2019-03-22,5,18,0,19,5,78.95,78.95,60.0,4.68,12.11,3.56,7.32,2.0,1.28,8.4,17.2
PHX,2019-03-22,6,21,25,29,22,75.86,72.41,100.0,8.55,16.17,5.81,12.52,2.27,2.85,1.27,1.0
PHX,2019-03-22,7,34,38,43,40,79.07,72.09,95.0,7.88,17.91,7.71,13.33,1.32,3.0,1.48,2.25
PHX,2019-03-22,8,57,28,59,27,89.83,64.41,100.0,9.22,21.12,11.51,18.27,1.56,4.3,1.11,0.96
PHX,2019-03-22,9,34,47,36,49,88.89,58.33,91.84,5.92,22.89,12.64,16.31,2.53,8.05,2.53,3.31
PHX,2019-03-22,10,46,22,48,21,79.17,27.08,95.24,11.42,25.44,16.04,25.79,1.24,3.87,1.62,1.62
PHX,2019-03-22,11,25,43,25,43,80.0,80.0,86.05,13.2,13.68,4.37,16.0,2.37,1.87,2.19,8.6
PHX,2019-03-22,12,46,34,47,33,80.85,70.21,90.91,11.72,15.89,5.95,15.74,1.76,2.67,1.52,2.64
PHX,2019-03-22,13,29,23,28,23,67.86,60.71,69.57,14.39,13.68,3.83,17.46,2.17,2.13,2.7,31.48
PHX,2019-03-22,14,32,36,33,35,69.7,66.67,71.43,23.27,12.76,3.14,25.45,2.06,1.59,1.51,17.66
PHX,2019-03-22,15,31,32,32,34,71.88,71.88,82.35,17.06,11.88,2.22,18.44,1.03,1.87,0.65,19.59
PHX,2019-03-22,16,32,27,31,30,77.42,70.97,86.67,29.9,11.87,2.45,31.65,2.1,2.64,3.07,8.67
PHX,2019-03-22,17,28,28,31,30,77.42,61.29,86.67,18.45,17.9,8.41,25.39,1.23,2.29,1.93,6.53
PHX,2019-03-22,18,36,45,35,54,80.0,80.0,75.93,7.74,14.11,4.27,9.97,0.44,1.64,2.26,14.93
PHX,2019-03-22,19,29,48,30,55,66.67,63.33,85.45,23.5,13.8,5.02,27.07,0.22,3.55,2.45,8.16
PHX,2019-03-22,20,33,30,37,30,83.78,75.68,86.67,24.27,13.95,3.95,27.14,1.03,4.45,0.87,6.9
PHX,2019-03-22,21,20,34,19,33,78.95,78.95,87.88,11.79,12.21,3.29,13.79,0.39,3.15,0.7,9.52
PHX,2019-03-22,22,14,31,15,33,80.0,73.33,63.64,11.73,14.2,4.91,15.4,0.88,3.52,1.42,27.7
PHX,2019-03-22,23,20,18,21,18,80.95,90.48,61.11,7.67,13.81,3.29,9.0,0.89,3.16,1.78,19.22
PHX,2019-03-23,0,7,1,7,5,100.0,85.71,80.0,2.0,13.86,3.69,3.29,0.8,10.8,1.8,6.2
PHX,2019-03-23,1,2,0,3,1,100.0,100.0,100.0,0.0,12.67,2.37,0.0,0.0,2.9,0.0,0.0
PHX,2019-03-23,2,0,0,0,0,0.0,0.0,0.0,0.0,0.0,0.0,0.0,0.0,0.0,0.0,0.0
PHX,2019-03-23,3,0,0,0,1,0.0,0.0,0.0,0.0,0.0,0.0,0.0,0.0,1.1,6.0,18.0
PHX,2019-03-23,4,0,0,0,1,0.0,0.0,0.0,0.0,0.0,0.0,0.0,0.0,1.1,2.0,20.0
PHX,2019-03-23,5,15,1,16,1,93.75,87.5,100.0,4.25,12.69,3.79,6.5,0.0,3.1,0.0,7.0
PHX,2019-03-23,6,22,25,27,21,81.48,74.07,85.71,6.15,14.41,4.47,9.19,3.29,2.04,1.62,17.14
PHX,2019-03-23,7,36,39,40,36,97.5,90.0,97.22,1.75,16.65,6.54,6.08,1.06,2.39,0.94,1.58
PHX,2019-03-23,8,54,26,54,27,94.44,85.19,88.89,4.37,18.74,9.0,10.69,1.07,6.51,3.15,3.44
PHX,2019-03-23,9,35,45,36,46,83.33,66.67,93.48,6.39,17.67,7.63,12.61,1.93,6.48,2.74,5.11
PHX,2019-03-23,10,41,24,40,29,90.0,72.5,75.86,6.68,17.3,7.87,12.53,1.48,1.46,3.55,21.24
PHX,2019-03-23,11,23,38,29,36,75.86,72.41,97.22,21.86,11.34,2.45,23.07,1.31,2.54,0.89,3.86
PHX,2019-03-23,12,37,34,35,34,91.43,88.57,91.18,2.94,16.11,5.9,6.34,1.88,1.97,1.41,3.32
PHX,2019-03-23,13,36,23,37,25,78.38,72.97,88.0,15.32,12.35,2.7,17.0,1.48,2.21,0.76,3.72
PHX,2019-03-23,14,30,32,30,32,86.67,86.67,87.5,4.9,12.43,2.65,6.07,1.47,3.89,4.66,10.69
PHX,2019-03-23,15,28,31,30,32,83.33,83.33,90.63,11.07,13.07,3.19,12.87,1.19,2.67,1.16,5.63
PHX,2019-03-23,16,31,33,31,33,87.1,83.87,81.82,8.35,10.13,1.19,8.65,1.58,3.48,2.36,6.58
PHX,2019-03-23,17,29,35,28,34,75.0,71.43,94.12,9.36,12.04,2.55,10.39,2.0,3.36,1.32,1.68
PHX,2019-03-23,18,42,39,43,41,83.72,81.4,80.49,7.09,12.26,3.11,8.6,1.39,3.03,1.1,6.83
PHX,2019-03-23,19,24,56,24,58,75.0,66.67,87.93,23.92,11.71,2.82,25.96,1.43,3.63,1.36,12.62
PHX,2019-03-23,20,42,24,42,23,76.19,76.19,91.3,11.48,12.83,3.38,13.36,1.39,2.78,0.43,4.57
PHX,2019-03-23,21,14,28,14,28,78.57,71.43,78.57,5.79,18.5,8.63,13.07,6.5,2.41,7.68,17.29
PHX,2019-03-23,22,6,16,6,17,100.0,100.0,94.12,2.67,12.5,2.77,3.5,0.76,2.31,0.71,11.47
PHX,2019-03-23,23,6,12,7,12,85.71,85.71,91.67,6.29,15.71,4.76,9.14,0.83,1.45,0.42,5.17
PHX,2019-03-24,0,6,5,6,3,83.33,83.33,66.67,5.5,13.33,2.3,6.33,0.0,3.67,5.67,9.67
PHX,2019-03-24,1,2,2,3,0,100.0,100.0,0.0,0.0,11.0,0.7,0.0,0.0,0.0,0.0,0.0
PHX,2019-03-24,2,0,0,0,1,0.0,0.0,100.0,0.0,0.0,0.0,0.0,0.0,0.2,0.0,0.0
PHX,2019-03-24,3,0,0,0,0,0.0,0.0,0.0,0.0,0.0,0.0,0.0,0.0,0.0,0.0,0.0
PHX,2019-03-24,4,0,0,1,0,100.0,100.0,0.0,0.0,16.0,5.4,0.0,0.0,0.0,0.0,0.0
PHX,2019-03-24,5,11,0,11,2,100.0,90.91,50.0,1.36,13.55,4.32,4.82,0.0,1.0,0.0,14.5
PHX,2019-03-24,6,29,22,31,23,96.77,90.32,91.3,2.35,14.19,5.05,5.29,3.57,1.01,1.17,14.26
PHX,2019-03-24,7,38,39,39,37,87.18,84.62,97.3,8.56,14.67,5.16,11.59,1.32,2.09,1.19,0.97
PHX,2019-03-24,8,51,26,51,25,92.16,68.63,80.0,3.69,21.92,12.03,12.76,1.96,6.39,3.56,7.52
PHX,2019-03-24,9,41,40,41,40,85.37,58.54,92.5,7.02,18.85,9.35,14.98,3.7,7.78,3.58,16.73
PHX,2019-03-24,10,31,29,30,29,96.67,80.0,93.1,3.57,17.6,7.21,8.53,1.62,1.83,1.59,9.45
PHX,2019-03-24,11,31,41,32,44,75.0,75.0,88.64,14.13,11.81,3.01,16.19,1.95,1.13,0.66,11.57
PHX,2019-03-24,12,47,36,45,38,77.78,73.33,86.84,12.22,13.84,3.88,14.49,2.18,3.22,2.87,9.21
PHX,2019-03-24,13,31,17,34,23,70.59,64.71,73.91,14.59,14.06,4.34,17.18,1.43,2.45,3.87,15.35
PHX,2019-03-24,14,27,35,28,38,78.57,71.43,81.58,12.32,12.04,2.4,14.18,2.16,2.31,1.18,10.71
PHX,2019-03-24,15,30,33,36,35,72.22,66.67,88.57,13.25,14.25,4.6,16.69,1.6,4.41,2.6,6.46
PHX,2019-03-24,16,30,30,33,35,72.73,66.67,85.71,13.88,12.91,2.97,15.64,2.51,2.51,2.2,5.51
PHX,2019-03-24,17,29,26,32,32,81.25,75.0,87.5,10.91,13.06,3.56,13.28,2.34,2.25,1.59,6.44
PHX,2019-03-24,18,37,40,38,41,81.58,76.32,82.93,13.95,14.5,4.56,16.89,2.32,3.0,2.1,7.05
PHX,2019-03-24,19,23,55,23,56,86.96,86.96,85.71,10.35,13.04,4.36,13.3,1.18,4.22,1.82,11.05
PHX,2019-03-24,20,39,31,41,33,87.8,80.49,78.79,8.37,13.68,4.23,10.83,1.18,4.26,2.48,42.18
PHX,2019-03-24,21,21,32,23,32,86.96,86.96,84.38,9.22,10.65,2.05,10.48,1.59,3.33,1.13,9.94
PHX,2019-03-24,22,17,32,17,33,88.24,88.24,78.79,6.94,11.53,2.82,8.76,1.12,3.64,2.73,18.48
PHX,2019-03-24,23,20,19,21,19,76.19,71.43,84.21,32.1,16.0,5.23,35.81,0.74,3.1,0.58,13.05
PHX,2019-03-25,0,8,4,8,6,62.5,50.0,50.0,11.25,14.0,3.15,14.5,4.0,6.85,3.67,37.0
PHX,2019-03-25,1,2,0,3,3,100.0,100.0,66.67,1.33,11.67,1.9,3.33,2.33,1.2,2.67,7.67
PHX,2019-03-25,2,0,0,0,1,0.0,0.0,100.0,0.0,0.0,0.0,0.0,0.0,2.1,0.0,6.0
PHX,2019-03-25,3,0,0,0,1,0.0,0.0,0.0,0.0,0.0,0.0,0.0,13.0,2.1,17.0,72.0
PHX,2019-03-25,4,0,0,2,0,50.0,50.0,0.0,30.5,11.5,1.2,31.5,0.0,0.0,0.0,0.0
PHX,2019-03-25,5,18,0,19,0,84.21,84.21,0.0,5.79,12.63,3.85,8.74,0.0,0.0,0.0,0.0
PHX,2019-03-25,6,21,24,24,23,79.17,79.17,95.65,6.67,15.04,5.15,9.58,2.13,2.73,1.65,1.87
PHX,2019-03-25,7,34,37,34,41,94.12,91.18,95.12,2.09,15.88,5.93,5.91,1.66,3.21,1.24,2.32
PHX,2019-03-25,8,57,29,55,29,90.91,65.45,89.66,2.22,21.85,12.23,12.58,2.55,4.73,2.03,3.97
PHX,2019-03-25,9,33,48,34,48,88.24,58.82,93.75,4.03,22.82,12.49,15.03,2.42,6.45,2.88,4.35
PHX,2019-03-25,10,46,22,47,23,87.23,40.43,91.3,9.74,24.57,15.12,23.17,1.17,1.76,1.22,8.91
PHX,2019-03-25,11,26,43,27,42,85.19,74.07,78.57,15.15,13.26,3.79,17.78,1.81,1.89,2.88,12.4
PHX,2019-03-25,12,46,33,48,33,68.75,62.5,84.85,17.1,14.02,4.16,20.27,1.09,2.91,2.64,4.73
PHX,2019-03-25,13,30,23,32,22,81.25,78.13,77.27,5.53,12.75,3.1,7.59,1.41,2.15,3.0,16.64
PHX,2019-03-25,14,31,35,34,37,73.53,67.65,83.78,22.26,12.59,3.15,24.26,1.24,2.53,1.27,7.35
PHX,2019-03-25,15,30,32,34,33,64.71,64.71,90.91,14.38,10.79,1.5,15.0,1.06,3.42,0.94,14.58
PHX,2019-03-25,16,32,27,34,30,85.29,82.35,76.67,8.12,13.59,4.1,11.85,1.4,2.84,1.03,19.63
PHX,2019-03-25,17,28,29,30,34,70.0,66.67,82.35,19.83,14.2,4.39,23.33,10.56,2.06,9.65,19.88
PHX,2019-03-25,18,37,46,36,63,83.33,77.78,77.78,7.72,14.17,4.4,10.86,2.1,4.06,3.79,10.25
PHX,2019-03-25,19,28,48,34,53,79.41,79.41,79.25,13.47,10.85,2.2,14.94,2.47,8.69,4.32,10.0
PHX,2019-03-25,20,34,29,40,29,70.0,65.0,82.76,16.27,13.33,3.41,18.52,2.1,1.85,0.66,6.48
PHX,2019-03-25,21,20,32,20,32,80.0,80.0,93.75,7.3,12.6,3.46,9.05,1.78,3.39,1.53,2.91
PHX,2019-03-25,22,10,19,10,21,100.0,90.0,76.19,2.0,13.3,4.55,4.8,1.48,1.17,1.19,13.9
PHX,2019-03-25,23,8,15,10,15,100.0,100.0,86.67,0.9,12.3,1.71,1.6,0.67,2.86,0.13,2.73
PHX,2019-03-26,0,5,4,5,4,100.0,100.0,100.0,0.4,12.8,2.56,1.2,2.0,6.27,0.0,0.0
PHX,2019-03-26,1,2,1,3,0,100.0,100.0,0.0,0.0,10.0,0.0,0.0,0.0,0.0,0.0,0.0
PHX,2019-03-26,3,0,0,0,2,0.0,0.0,50.0,0.0,0.0,0.0,0.0,0.0,0.05,0.5,27.5
PHX,2019-03-26,4,0,0,1,3,0.0,0.0,66.67,49.0,12.0,1.4,50.0,0.0,1.03,0.0,9.0
PHX,2019-03-26,5,18,0,21,5,100.0,100.0,20.0,2.0,12.57,4.16,4.48,1.8,1.08,6.6,28.8
PHX,2019-03-26,6,21,25,30,25,70.0,70.0,92.0,9.57,15.3,5.14,13.23,3.0,1.68,1.68,3.4
PHX,2019-03-26,7,33,36,44,40,88.64,72.73,87.5,3.91,19.73,9.36,10.59,9.43,2.22,7.85,16.08
PHX,2019-03-26,8,54,28,58,27,60.34,43.1,81.48,15.41,18.9,9.29,23.98,1.3,10.51,6.96,7.26
PHX,2019-03-26,9,33,45,34,46,70.59,52.94,76.09,13.5,19.12,8.95,21.65,2.02,13.7,7.07,6.8
PHX,2019-03-26,10,45,22,45,22,80.0,62.22,95.45,11.93,20.24,10.91,21.11,1.09,2.17,1.68,2.5
PHX,2019-03-26,11,25,42,23,43,78.26,78.26,88.37,13.39,12.61,3.11,15.48,1.3,1.28,0.86,10.42
PHX,2019-03-26,12,43,33,45,32,75.56,60.0,78.13,13.16,15.16,5.47,16.82,1.0,2.97,1.28,17.13
PHX,2019-03-26,13,30,23,29,25,75.86,75.86,76.0,11.07,11.9,2.29,11.52,2.24,2.39,0.4,13.2
PHX,2019-03-26,14,28,35,30,34,76.67,76.67,79.41,15.6,9.63,0.8,15.73,2.71,2.24,1.26,9.44
PHX,2019-03-26,15,30,32,32,34,68.75,65.63,91.18,18.22,13.72,4.21,21.34,1.47,1.73,1.26,8.03
PHX,2019-03-26,16,31,25,39,29,74.36,74.36,89.66,10.26,13.64,3.88,12.49,2.48,2.28,2.31,6.14
PHX,2019-03-26,17,27,29,30,34,86.67,56.67,85.29,3.97,22.53,12.62,14.87,2.03,2.32,1.68,5.82
PHX,2019-03-26,18,37,44,39,62,92.31,84.62,80.65,5.23,17.64,7.48,10.0,2.16,2.56,1.85,7.85
PHX,2019-03-26,19,26,45,32,51,81.25,81.25,80.39,7.5,13.75,4.95,11.34,1.78,4.89,1.39,12.71
PHX,2019-03-26,20,33,28,39,28,84.62,79.49,85.71,7.18,14.23,4.17,9.46,2.43,2.19,0.93,11.18
PHX,2019-03-26,21,20,31,20,30,90.0,90.0,80.0,5.2,12.5,3.77,7.65,1.13,2.43,0.67,7.23
PHX,2019-03-26,22,10,20,11,23,90.91,90.91,91.3,2.55,11.45,2.54,3.45,1.87,2.09,1.17,4.91
PHX,2019-03-26,23,7,14,8,13,75.0,75.0,69.23,14.63,12.13,1.57,15.25,1.54,1.8,1.23,13.77
PHX,2019-03-27,0,5,4,5,5,100.0,80.0,80.0,0.8,16.0,4.88,5.0,1.8,5.66,3.6,13.4
PHX,2019-03-27,1,2,0,4,1,50.0,75.0,100.0,20.0,10.0,0.77,18.25,0.0,2.5,0.0,0.0
PHX,2019-03-27,2,0,0,0,0,0.0,0.0,0.0,0.0,0.0,0.0,0.0,0.0,0.0,0.0,0.0
PHX,2019-03-27,3,0,0,0,1,0.0,0.0,100.0,0.0,0.0,0.0,0.0,0.0,0.1,0.0,3.0
PHX,2019-03-27,4,0,0,1,4,100.0,100.0,50.0,0.0,11.0,0.4,0.0,1.25,0.35,0.25,14.5
PHX,2019-03-27,5,18,0,19,3,78.95,78.95,0.0,7.26,12.32,3.9,9.26,0.67,1.77,6.0,36.67
PHX,2019-03-27,6,22,24,34,28,88.24,85.29,96.43,5.21,15.24,4.94,8.76,2.14,1.29,1.0,1.04
PHX,2019-03-27,7,34,37,43,41,76.74,74.42,92.68,12.07,17.49,7.34,16.79,2.02,2.25,1.34,3.17
PHX,2019-03-27,8,56,29,58,28,87.93,58.62,89.29,8.83,23.03,13.37,19.76,2.39,4.0,3.82,3.86
PHX,2019-03-27,9,33,48,35,48,77.14,51.43,91.67,9.46,20.4,10.17,18.2,3.4,8.54,3.9,17.75
PHX,2019-03-27,10,46,22,46,25,84.78,50.0,88.0,9.04,22.43,12.98,20.28,1.72,3.32,3.6,5.16
PHX,2019-03-27,11,25,42,28,44,82.14,78.57,90.91,9.96,14.75,5.36,13.68,1.57,1.5,2.73,3.8
PHX,2019-03-27,12,44,32,46,34,80.43,76.09,76.47,9.52,17.22,7.33,14.83,2.38,1.18,1.85,20.47
PHX,2019-03-27,13,30,22,30,21,73.33,73.33,90.48,10.0,12.4,2.55,11.27,1.38,1.91,0.33,5.24
PHX,2019-03-27,14,31,36,31,38,77.42,74.19,86.84,26.81,11.13,2.28,28.0,2.37,3.95,3.08,3.42
PHX,2019-03-27,15,30,32,30,34,93.33,86.67,91.18,3.77,11.47,2.21,5.1,2.12,2.41,1.62,4.15
PHX,2019-03-27,16,32,26,35,30,94.29,88.57,80.0,6.4,15.14,5.46,9.83,1.73,2.85,2.7,20.27
PHX,2019-03-27,17,27,28,30,30,76.67,70.0,83.33,15.97,16.03,6.15,21.37,3.2,0.9,1.63,7.57
PHX,2019-03-27,18,37,45,37,61,78.38,75.68,75.41,9.46,13.46,3.66,12.27,2.59,2.31,3.41,12.13
PHX,2019-03-27,19,27,48,33,52,75.76,72.73,88.46,10.39,13.39,4.62,13.97,2.04,4.76,2.31,4.54
PHX,2019-03-27,20,34,28,41,28,82.93,80.49,89.29,4.73,14.56,4.52,7.39,2.39,2.04,1.0,10.54
PHX,2019-03-27,21,20,32,20,31,90.0,80.0,96.77,5.25,12.4,3.34,7.1,1.87,2.59,1.26,2.16
PHX,2019-03-27,22,10,20,10,22,100.0,100.0,68.18,1.3,9.8,1.87,3.0,2.95,1.62,1.41,13.36
PHX,2019-03-27,23,8,14,10,13,90.0,90.0,84.62,15.0,12.2,1.67,15.8,1.31,2.32,0.0,11.38
PHX,2019-03-28,0,5,3,5,4,100.0,100.0,75.0,0.0,13.4,3.34,1.6,2.75,1.02,0.0,17.5
PHX,2019-03-28,1,2,1,3,0,100.0,100.0,0.0,0.0,10.67,0.57,0.67,0.0,0.0,0.0,0.0
PHX,2019-03-28,2,0,0,0,0,0.0,0.0,0.0,0.0,0.0,0.0,0.0,0.0,0.0,0.0,0.0
PHX,2019-03-28,3,0,0,0,3,0.0,0.0,100.0,0.0,0.0,0.0,0.0,0.0,0.37,0.33,4.0
PHX,2019-03-28,4,0,0,2,5,100.0,100.0,60.0,0.0,10.5,0.2,0.0,0.2,1.5,1.0,20.6
PHX,2019-03-28,5,18,0,19,2,100.0,100.0,0.0,1.16,12.53,4.06,3.26,4.5,1.1,5.5,51.5
PHX,2019-03-28,6,21,25,32,27,84.38,84.38,96.3,7.09,13.09,3.08,9.09,3.11,0.51,0.26,1.52
PHX,2019-03-28,7,33,37,43,37,81.4,83.72,94.59,7.6,16.6,6.5,11.47,1.08,3.65,1.86,1.89
PHX,2019-03-28,8,56,28,58,28,93.1,56.9,85.71,5.66,23.76,14.12,17.48,1.75,2.56,1.79,2.86
PHX,2019-03-28,9,33,45,34,49,82.35,64.71,91.84,6.56,19.0,8.77,13.47,3.27,6.96,2.39,3.51
PHX,2019-03-28,10,45,21,49,22,89.8,67.35,90.91,7.29,18.04,8.63,13.88,0.95,2.15,2.91,4.23
PHX,2019-03-28,11,24,43,24,44,79.17,79.17,90.91,7.17,11.21,1.89,8.38,2.5,1.27,1.16,6.34
PHX,2019-03-28,12,47,35,47,35,82.98,80.85,91.43,16.28,15.45,5.57,19.64,1.2,3.04,1.77,5.29
PHX,2019-03-28,13,29,24,30,24,86.67,80.0,91.67,6.7,14.1,4.28,9.53,1.79,2.35,0.88,5.96
PHX,2019-03-28,14,33,35,36,36,69.44,66.67,86.11,15.03,12.72,3.39,17.58,2.31,1.76,1.47,8.14
PHX,2019-03-28,15,30,33,30,34,90.0,90.0,91.18,3.8,12.4,2.95,5.47,2.76,1.66,1.53,3.88
PHX,2019-03-28,16,32,28,35,30,82.86,80.0,80.0,6.86,11.74,2.17,7.91,2.1,1.92,0.53,6.83
PHX,2019-03-28,17,27,28,28,33,82.14,71.43,81.82,8.75,14.36,4.72,11.75,2.94,2.02,2.67,7.21
PHX,2019-03-28,18,36,44,36,53,69.44,63.89,73.58,21.33,13.06,3.28,23.33,2.43,1.34,1.89,13.83
PHX,2019-03-28,19,26,46,31,54,80.65,80.65,83.33,9.81,10.13,1.84,10.48,1.89,3.28,2.76,12.04
PHX,2019-03-28,20,33,28,38,30,84.21,76.32,86.67,10.08,15.18,5.23,13.5,2.73,1.96,1.17,5.6
PHX,2019-03-28,21,20,32,21,31,85.71,80.95,83.87,5.19,11.24,2.31,6.43,2.16,2.61,2.16,4.68
PHX,2019-03-28,22,10,19,10,19,100.0,100.0,73.68,2.8,11.0,2.52,4.1,1.84,2.34,1.0,12.21
PHX,2019-03-28,23,9,15,10,15,90.0,90.0,100.0,2.2,11.3,1.54,2.4,1.0,1.11,0.0,0.07
PHX,2019-03-29,0,5,3,5,5,60.0,60.0,80.0,13.8,11.4,0.6,14.4,1.2,1.6,0.0,14.6
PHX,2019-03-29,1,2,0,3,2,100.0,100.0,50.0,0.0,10.67,0.57,0.0,0.0,1.15,2.0,50.0
PHX,2019-03-29,3,0,0,0,2,0.0,0.0,50.0,0.0,0.0,0.0,0.0,5.0,2.1,9.0,14.0
PHX,2019-03-29,4,0,0,1,4,100.0,100.0,50.0,0.0,15.0,4.4,0.0,0.0,0.6,1.5,28.5
PHX,2019-03-29,5,18,0,19,2,100.0,94.74,50.0,0.89,13.95,5.21,3.58,1.0,3.6,4.0,8.0
PHX,2019-03-29,6,21,25,29,26,89.66,86.21,88.46,5.9,14.14,4.13,8.76,2.92,1.88,1.46,9.73
PHX,2019-03-29,7,34,38,44,39,93.18,84.09,92.31,3.5,17.09,6.78,7.61,1.36,2.97,3.49,3.67
PHX,2019-03-29,8,57,28,59,28,89.83,61.02,92.86,6.24,20.12,10.46,14.81,2.43,5.43,3.61,3.57
PHX,2019-03-29,9,33,47,34,46,88.24,76.47,93.48,5.85,17.44,7.22,11.65,2.57,6.56,2.61,8.87
PHX,2019-03-29,10,46,22,45,24,95.56,77.78,87.5,2.73,19.13,9.73,9.62,2.58,2.37,3.29,5.21
PHX,2019-03-29,11,25,43,26,44,88.46,80.77,88.64,5.46,11.04,2.03,6.42,3.09,1.4,1.7,5.45
PHX,2019-03-29,12,47,35,48,33,87.5,79.17,87.88,6.06,15.29,5.4,10.06,1.94,4.0,2.27,3.88
PHX,2019-03-29,13,29,23,30,23,80.0,80.0,91.3,8.67,12.13,2.61,10.17,1.48,3.26,1.3,6.7
PHX,2019-03-29,14,32,35,32,36,87.5,75.0,88.89,5.25,12.28,3.07,7.22,2.61,2.73,2.11,6.06
PHX,2019-03-29,15,30,32,32,32,75.0,62.5,78.13,11.94,13.03,3.42,14.34,2.72,1.18,3.66,11.63
PHX,2019-03-29,16,32,27,34,33,76.47,64.71,90.91,14.35,12.85,3.34,17.29,2.33,2.31,1.97,6.33
PHX,2019-03-29,17,28,28,30,29,80.0,76.67,86.21,10.63,13.07,3.42,12.8,3.07,2.3,1.24,15.24
PHX,2019-03-29,18,36,45,35,58,80.0,80.0,72.41,9.06,13.6,3.69,10.97,2.09,1.43,1.07,12.19
PHX,2019-03-29,19,29,48,32,51,78.13,75.0,90.2,15.0,11.38,2.76,16.28,3.2,3.1,2.22,4.84
PHX,2019-03-29,20,33,29,35,29,91.43,88.57,82.76,5.2,14.37,4.26,7.03,2.59,1.3,1.45,9.07
PHX,2019-03-29,21,20,32,22,32,86.36,77.27,90.63,7.68,11.68,2.75,9.5,1.56,2.48,1.13,8.97
PHX,2019-03-29,22,10,19,10,21,80.0,70.0,71.43,14.6,9.4,1.07,15.3,1.71,1.75,2.33,11.1
PHX,2019-03-29,23,8,17,9,16,100.0,100.0,68.75,1.22,11.33,0.98,2.0,1.88,1.43,3.06,11.06
PHX,2019-03-30,0,5,1,5,5,100.0,100.0,80.0,0.0,11.0,0.88,0.0,1.4,0.2,0.0,5.2
PHX,2019-03-30,1,2,0,3,1,100.0,100.0,100.0,0.0,12.0,1.6,1.33,0.0,0.0,0.0,0.0
PHX,2019-03-30,2,0,0,0,0,0.0,0.0,0.0,0.0,0.0,0.0,0.0,0.0,0.0,0.0,0.0
PHX,2019-03-30,4,0,0,0,1,0.0,0.0,0.0,0.0,0.0,0.0,0.0,0.0,0.1,0.0,15.0
PHX,2019-03-30,5,15,1,16,2,93.75,93.75,50.0,1.81,12.31,3.46,4.06,0.5,3.6,2.5,19.5
PHX,2019-03-30,6,22,25,27,22,81.48,74.07,86.36,5.81,14.63,4.58,9.37,2.77,0.94,2.77,4.05
PHX,2019-03-30,7,36,39,38,34,84.21,81.58,94.12,8.03,14.26,4.23,10.37,1.38,2.44,1.29,15.41
PHX,2019-03-30,8,55,26,55,26,92.73,67.27,92.31,6.24,20.49,10.85,14.67,2.65,3.86,3.27,3.46
PHX,2019-03-30,9,34,45,34,47,88.24,70.59,93.62,10.18,18.32,8.19,16.74,5.02,4.92,4.21,3.04
PHX,2019-03-30,10,41,25,40,27,90.0,75.0,92.59,7.63,17.33,7.81,13.73,1.74,2.02,1.33,9.44
PHX,2019-03-30,11,24,38,26,36,88.46,84.62,80.56,10.08,12.73,3.43,12.04,1.44,1.69,1.75,8.94
PHX,2019-03-30,12,38,35,36,35,83.33,66.67,85.71,8.03,18.11,7.78,14.44,3.66,3.3,3.63,8.8
PHX,2019-03-30,13,36,23,38,23,86.84,86.84,82.61,7.68,13.42,3.63,9.61,2.26,1.81,0.52,12.13
PHX,2019-03-30,14,30,31,31,31,87.1,74.19,90.32,8.39,15.13,5.31,12.03,1.81,2.73,0.32,3.52
PHX,2019-03-30,15,27,31,26,33,84.62,84.62,87.88,12.15,14.35,4.36,14.77,3.12,1.79,2.06,11.45
PHX,2019-03-30,16,31,33,33,33,90.91,75.76,78.79,4.45,13.15,3.75,7.0,1.82,3.78,2.24,15.82
PHX,2019-03-30,17,29,34,26,34,80.77,80.77,88.24,7.65,12.04,2.42,8.77,1.94,1.76,1.53,6.38
PHX,2019-03-30,18,42,38,42,39,78.57,76.19,87.18,9.62,14.05,4.78,12.48,1.54,2.36,1.54,6.28
PHX,2019-03-30,19,25,57,24,56,66.67,66.67,78.57,19.21,11.63,2.92,20.63,3.18,5.11,5.3,12.29
PHX,2019-03-30,20,41,23,41,23,51.22,46.34,91.3,19.59,13.68,4.23,22.76,1.52,5.0,2.17,8.39
PHX,2019-03-30,21,14,27,14,27,92.86,85.71,96.3,4.86,12.57,2.93,6.0,2.19,6.64,2.15,2.33
PHX,2019-03-30,22,6,16,7,18,85.71,85.71,83.33,2.57,12.0,1.7,3.57,2.72,1.66,0.72,6.78
PHX,2019-03-30,23,6,12,7,12,100.0,100.0,91.67,0.57,11.57,1.2,0.43,0.83,1.52,1.33,6.0
PHX,2019-03-31,0,4,3,4,2,100.0,100.0,50.0,0.0,11.25,0.6,0.5,4.0,0.95,3.5,15.5
PHX,2019-03-31,1,2,1,4,0,50.0,50.0,0.0,219.75,12.0,1.63,221.25,0.0,0.0,0.0,0.0
PHX,2019-03-31,2,0,0,0,0,0.0,0.0,0.0,0.0,0.0,0.0,0.0,0.0,0.0,0.0,0.0
PHX,2019-03-31,3,0,0,1,0,100.0,100.0,0.0,0.0,11.0,0.4,0.0,0.0,0.0,0.0,0.0
PHX,2019-03-31,4,0,0,1,0,100.0,100.0,0.0,0.0,15.0,4.4,0.0,0.0,0.0,0.0,0.0
PHX,2019-03-31,5,10,0,11,1,90.91,90.91,100.0,4.91,12.82,3.59,8.09,0.0,0.0,0.0,0.0
PHX,2019-03-31,6,28,22,28,23,96.43,96.43,100.0,1.68,13.61,4.27,4.14,2.0,0.79,1.04,0.83
PHX,2019-03-31,7,38,39,37,37,97.3,94.59,97.3,0.76,14.76,5.06,3.54,1.62,3.33,2.68,2.57
PHX,2019-03-31,8,52,24,50,22,86.0,58.0,81.82,9.4,20.84,10.95,17.88,2.73,7.59,6.95,8.09
PHX,2019-03-31,9,38,40,37,40,86.49,62.16,95.0,10.86,17.89,8.22,17.59,3.67,11.07,4.7,3.38
PHX,2019-03-31,10,31,31,30,30,86.67,66.67,96.67,6.1,19.73,9.56,14.13,1.47,1.17,0.53,1.1
PHX,2019-03-31,11,34,40,35,41,88.57,82.86,90.24,7.74,14.09,4.9,10.6,1.59,2.51,3.9,8.68
PHX,2019-03-31,12,47,37,45,38,71.11,66.67,86.84,15.93,15.8,5.98,20.13,2.16,3.23,1.58,7.71
PHX,2019-03-31,13,30,16,33,19,84.85,72.73,89.47,9.48,13.73,4.09,12.55,1.89,1.93,1.05,4.79
PHX,2019-03-31,14,28,35,30,37,83.33,76.67,83.78,5.93,14.23,4.4,8.73,2.05,1.76,1.54,9.84
PHX,2019-03-31,15,30,32,33,33,72.73,66.67,87.88,13.3,13.3,3.75,15.91,1.52,2.32,1.42,4.3
PHX,2019-03-31,16,31,31,32,36,81.25,71.88,86.11,36.13,12.72,2.93,38.31,1.61,3.89,2.31,10.58
PHX,2019-03-31,17,29,27,31,30,87.1,80.65,63.33,4.19,14.0,4.32,7.26,2.4,2.51,2.43,20.6
PHX,2019-03-31,18,38,40,40,40,77.5,70.0,77.5,12.38,13.8,4.35,15.65,1.8,2.52,2.5,15.15
PHX,2019-03-31,19,23,56,22,53,68.18,68.18,90.57,25.73,10.5,2.18,27.55,1.25,3.21,0.72,5.68
PHX,2019-03-31,20,39,31,37,30,78.38,70.27,90.0,11.89,14.3,4.92,15.54,1.3,4.25,1.43,5.2
PHX,2019-03-31,21,20,33,19,32,78.95,78.95,93.75,7.16,9.84,1.34,7.74,1.81,4.4,0.91,3.5
PHX,2019-03-31,22,12,16,13,17,76.92,76.92,82.35,11.62,12.23,3.52,13.69,1.24,1.41,1.35,6.82
PHX,2019-03-31,23,9,17,10,18,100.0,100.0,77.78,0.8,11.6,1.33,2.0,1.89,2.61,3.94,9.5
PHX,2019-04-01,0,4,4,4,4,100.0,75.0,100.0,4.0,14.0,4.1,8.25,1.75,1.25,0.0,0.0
PHX,2019-04-01,1,2,0,3,1,100.0,100.0,100.0,0.0,11.67,1.57,1.0,0.0,0.5,0.0,0.0
PHX,2019-04-01,3,0,0,0,1,0.0,0.0,0.0,0.0,0.0,0.0,0.0,2.0,1.1,4.0,27.0
PHX,2019-04-01,4,0,0,1,0,100.0,100.0,0.0,0.0,15.0,4.4,4.0,0.0,0.0,0.0,0.0
PHX,2019-04-01,5,18,0,18,0,88.89,88.89,0.0,12.61,12.67,3.96,15.61,0.0,0.0,0.0,0.0
PHX,2019-04-01,6,22,24,24,24,83.33,66.67,70.83,6.71,14.17,4.38,10.13,1.5,1.86,2.33,14.42
PHX,2019-04-01,7,33,37,33,37,93.94,84.85,72.97,2.79,16.06,6.02,6.85,1.03,1.94,0.68,13.7
PHX,2019-04-01,8,59,28,59,27,81.36,57.63,81.48,9.2,20.9,11.27,18.58,2.22,6.45,2.59,13.7
PHX,2019-04-01,9,31,49,32,54,87.5,65.63,81.48,4.97,18.09,7.81,11.28,2.63,6.04,3.5,30.04
PHX,2019-04-01,10,47,22,45,25,75.56,64.44,92.0,20.82,17.22,7.8,26.71,1.16,1.18,2.08,8.2
PHX,2019-04-01,11,27,40,30,39,66.67,63.33,87.18,19.5,14.07,4.8,23.0,1.51,0.71,1.26,5.36
PHX,2019-04-01,12,46,37,46,36,78.26,65.22,77.78,14.04,16.5,6.53,18.7,2.36,2.44,1.58,19.64
PHX,2019-04-01,13,30,22,30,22,83.33,66.67,86.36,22.1,14.73,5.03,25.43,1.09,1.51,0.23,6.23
PHX,2019-04-01,14,31,36,34,38,70.59,61.76,81.58,29.68,13.94,4.35,32.65,1.21,0.82,0.89,8.32
PHX,2019-04-01,15,31,31,33,33,75.76,69.7,75.76,11.73,13.52,3.95,14.52,1.55,2.21,1.18,20.97
PHX,2019-04-01,16,31,29,31,31,77.42,70.97,93.55,19.16,12.77,3.14,20.94,1.9,1.88,0.19,3.32
PHX,2019-04-01,17,30,30,32,32,81.25,78.13,84.38,10.13,13.34,3.67,12.38,1.78,1.73,0.81,6.44
PHX,2019-04-01,18,37,45,35,60,62.86,51.43,65.0,22.09,13.11,3.34,24.63,1.73,1.6,1.25,17.13
PHX,2019-04-01,19,28,49,33,49,75.76,72.73,81.63,13.7,10.67,2.06,14.91,1.65,4.75,1.02,13.55
PHX,2019-04-01,20,34,30,39,31,84.62,82.05,70.97,6.15,14.03,4.11,8.38,1.06,2.7,1.1,23.87
PHX,2019-04-01,21,19,32,19,31,68.42,57.89,90.32,19.89,13.47,4.73,23.58,0.97,1.14,0.9,5.58
PHX,2019-04-01,22,11,16,11,19,63.64,63.64,84.21,8.0,12.18,3.25,10.09,1.63,2.0,0.53,6.26
PHX,2019-04-01,23,9,16,11,15,90.91,90.91,73.33,2.73,14.18,2.7,4.45,0.53,4.92,1.2,9.8
PHX,2019-04-02,0,3,4,4,5,50.0,50.0,80.0,12.0,10.75,0.43,10.5,1.2,1.82,0.8,15.0
PHX,2019-04-02,1,2,1,3,0,100.0,100.0,0.0,0.0,11.0,0.7,0.0,0.0,0.0,0.0,0.0
PHX,2019-04-02,3,0,0,0,1,0.0,0.0,0.0,0.0,0.0,0.0,0.0,0.0,0.0,1.0,32.0
PHX,2019-04-02,4,0,0,1,4,100.0,100.0,50.0,4.0,12.0,1.4,5.0,0.0,0.58,0.0,10.0
PHX,2019-04-02,5,17,0,19,4,100.0,100.0,25.0,0.74,10.74,2.73,2.05,3.5,1.6,11.0,26.5
PHX,2019-04-02,6,21,22,32,22,68.75,68.75,95.45,15.69,15.16,5.12,19.22,1.82,0.96,1.5,2.23
PHX,2019-04-02,7,33,32,42,35,76.19,61.9,94.29,7.48,18.38,7.97,13.48,1.26,2.17,0.86,4.46
PHX,2019-04-02,8,51,29,53,29,83.02,62.26,96.55,7.0,19.77,10.41,16.09,2.17,5.28,3.0,18.38
PHX,2019-04-02,9,31,45,29,45,93.1,79.31,93.33,3.45,18.66,8.42,9.48,2.96,4.98,2.73,8.73
PHX,2019-04-02,10,46,24,47,27,82.98,57.45,85.19,16.77,19.13,9.77,25.3,1.93,2.28,2.56,16.3
PHX,2019-04-02,11,26,39,28,40,71.43,71.43,90.0,16.18,11.89,2.58,17.57,2.25,0.99,1.52,12.53
PHX,2019-04-02,12,42,36,42,35,78.57,69.05,85.71,11.64,14.69,4.75,14.69,2.46,0.76,2.23,6.26
PHX,2019-04-02,13,28,24,27,24,92.59,88.89,75.0,19.19,13.07,3.14,21.0,2.58,2.24,1.25,12.13
PHX,2019-04-02,14,31,35,33,36,69.7,63.64,88.89,13.45,11.97,2.83,15.64,1.11,3.46,1.42,8.33
PHX,2019-04-02,15,33,26,35,28,74.29,74.29,100.0,8.17,14.49,4.88,11.37,2.32,1.41,1.54,1.96
PHX,2019-04-02,16,30,29,32,33,100.0,93.75,87.88,1.56,13.91,4.41,4.19,2.33,1.9,1.42,4.52
PHX,2019-04-02,17,27,31,29,34,86.21,68.97,79.41,8.62,17.62,8.28,14.48,2.5,1.1,1.09,19.41
PHX,2019-04-02,18,33,42,32,58,96.88,93.75,72.41,2.38,14.25,4.38,5.06,2.83,0.79,1.57,9.86
PHX,2019-04-02,19,29,43,34,47,76.47,67.65,87.23,11.38,13.21,4.29,14.21,2.72,3.9,2.47,6.02
PHX,2019-04-02,20,34,27,41,27,85.37,85.37,81.48,10.49,16.34,6.18,13.9,2.41,2.97,2.0,14.19
PHX,2019-04-02,21,18,35,18,34,88.89,88.89,88.24,7.0,9.89,1.54,8.33,2.44,1.75,0.74,3.24
PHX,2019-04-02,22,9,15,10,17,90.0,90.0,94.12,3.1,11.8,2.82,5.1,3.0,2.8,2.41,4.29
PHX,2019-04-02,23,7,13,8,12,100.0,100.0,100.0,1.63,13.38,2.71,2.38,1.5,0.58,0.0,0.75
PHX,2019-04-03,0,4,4,4,4,100.0,100.0,100.0,0.25,10.5,0.68,0.25,0.5,0.2,0.0,1.0
PHX,2019-04-03,1,2,0,3,1,100.0,100.0,100.0,0.0,10.67,0.8,0.0,0.0,2.5,0.0,0.0
PHX,2019-04-03,3,0,0,0,2,0.0,0.0,50.0,0.0,0.0,0.0,0.0,0.0,0.6,1.0,10.5
PHX,2019-04-03,4,0,0,1,4,100.0,100.0,50.0,0.0,14.0,3.4,0.0,1.25,0.55,5.75,18.5
PHX,2019-04-03,5,18,0,19,5,100.0,100.0,60.0,1.05,9.95,1.47,1.32,1.8,1.48,4.2,13.4
PHX,2019-04-03,6,21,23,31,26,90.32,90.32,96.15,3.9,13.48,3.71,6.1,1.88,2.6,2.31,2.62
PHX,2019-04-03,7,35,34,45,35,86.67,82.22,94.29,18.58,15.27,4.97,21.58,3.29,3.37,2.14,1.74
PHX,2019-04-03,8,54,30,56,30,89.29,78.57,96.67,6.18,17.14,7.64,11.18,2.9,4.51,2.6,2.7
PHX,2019-04-03,9,31,47,33,50,84.85,81.82,94.0,5.33,14.64,4.64,7.85,2.46,5.01,2.72,6.12
PHX,2019-04-03,10,47,23,46,23,89.13,84.78,91.3,14.85,15.87,6.61,19.48,2.74,2.41,1.43,3.78
PHX,2019-04-03,11,26,39,26,39,92.31,92.31,94.87,7.15,12.12,2.81,9.12,3.18,2.0,1.03,2.15
PHX,2019-04-03,12,42,35,43,36,93.02,79.07,97.22,3.4,14.67,4.78,6.67,1.42,1.85,1.67,2.25
PHX,2019-04-03,13,28,24,27,26,96.3,100.0,80.77,2.67,10.63,1.28,3.07,2.62,2.58,1.5,7.77
PHX,2019-04-03,14,31,35,34,35,67.65,67.65,94.29,21.06,12.12,2.83,22.76,1.89,1.22,0.43,3.37
PHX,2019-04-03,15,33,29,36,30,86.11,86.11,90.0,9.89,11.83,2.29,10.92,1.4,1.41,0.63,4.0
PHX,2019-04-03,16,30,29,33,31,87.88,87.88,93.55,14.36,12.3,2.72,16.03,4.06,2.43,2.0,2.42
PHX,2019-04-03,17,28,30,29,34,89.66,86.21,88.24,8.31,13.14,3.58,10.17,2.47,1.83,2.74,7.44
PHX,2019-04-03,18,34,44,33,58,96.97,90.91,87.93,3.88,12.91,3.16,4.94,2.19,2.0,1.95,6.16
PHX,2019-04-03,19,30,45,35,50,80.0,74.29,86.0,13.06,12.31,3.53,15.51,1.16,3.83,2.16,7.08
PHX,2019-04-03,20,34,27,39,27,87.18,84.62,92.59,5.74,13.97,3.92,7.64,1.89,1.77,0.3,7.52
PHX,2019-04-03,21,18,34,18,33,94.44,72.22,84.85,7.06,16.61,7.81,13.0,1.7,1.98,0.82,5.7
PHX,2019-04-03,22,9,15,10,17,100.0,100.0,82.35,0.9,14.9,5.81,4.8,1.0,2.24,1.18,9.82
PHX,2019-04-03,23,8,16,9,15,77.78,77.78,86.67,11.56,14.44,3.59,13.11,2.13,2.07,0.53,5.47
PHX,2019-04-04,0,4,4,4,4,100.0,100.0,100.0,0.75,14.25,3.85,4.0,0.0,0.73,0.0,0.0
PHX,2019-04-04,1,2,1,3,0,100.0,100.0,0.0,0.0,11.33,1.57,0.0,0.0,0.0,0.0,0.0
PHX,2019-04-04,3,0,0,0,2,0.0,0.0,0.0,0.0,0.0,0.0,0.0,1.0,0.1,3.5,22.0
PHX,2019-04-04,4,0,0,1,3,100.0,100.0,100.0,0.0,21.0,10.4,10.0,0.0,2.77,0.33,6.33
PHX,2019-04-04,5,18,0,18,3,100.0,100.0,66.67,0.44,12.33,3.87,2.0,0.0,1.73,2.33,27.33
PHX,2019-04-04,6,22,24,30,24,86.67,80.0,95.83,4.37,14.77,4.97,8.27,1.88,2.2,1.17,1.17
PHX,2019-04-04,7,34,34,44,30,79.55,65.91,96.67,7.59,18.93,8.76,13.8,1.33,2.08,0.27,1.73
PHX,2019-04-04,8,53,30,51,29,92.16,82.35,96.55,4.41,18.49,8.96,10.78,1.55,1.94,1.0,3.07
PHX,2019-04-04,9,32,44,31,45,93.55,87.1,95.56,2.45,17.52,7.27,6.71,2.8,4.46,0.93,2.24
PHX,2019-04-04,10,47,23,47,23,82.98,53.19,100.0,11.34,21.6,12.16,21.28,1.96,1.94,1.87,0.83
PHX,2019-04-04,11,27,40,27,40,92.59,88.89,92.5,13.33,12.74,3.39,15.07,1.65,1.2,0.78,4.9
PHX,2019-04-04,12,43,36,43,34,81.4,72.09,85.29,11.91,15.67,5.76,16.09,2.0,2.97,1.62,4.29
PHX,2019-04-04,13,28,25,27,26,85.19,77.78,88.46,4.96,15.22,5.69,9.37,1.58,0.62,0.69,4.65
PHX,2019-04-04,14,33,35,33,36,75.76,69.7,83.33,15.45,13.42,3.96,18.24,2.36,1.09,1.78,6.39
PHX,2019-04-04,15,33,30,34,33,64.71,61.76,87.88,17.26,12.94,3.2,19.24,1.82,2.57,1.33,7.73
PHX,2019-04-04,16,32,29,32,32,84.38,78.13,84.38,7.84,12.72,3.0,9.59,2.53,1.99,1.44,6.38
PHX,2019-04-04,17,27,30,29,32,79.31,75.86,84.38,15.24,12.62,3.23,17.83,1.78,1.29,1.03,11.66
PHX,2019-04-04,18,33,45,32,59,81.25,78.13,74.58,9.03,13.72,3.98,11.69,2.68,1.57,2.32,8.95
PHX,2019-04-04,19,29,45,34,49,67.65,55.88,87.76,16.91,11.91,3.11,19.09,2.2,3.39,1.14,4.94
PHX,2019-04-04,20,34,27,39,28,82.05,79.49,82.14,7.92,14.54,4.61,10.18,2.96,2.24,0.43,7.68
PHX,2019-04-04,21,18,35,18,34,83.33,83.33,79.41,5.0,12.78,4.11,7.44,2.79,2.35,2.35,9.18
PHX,2019-04-04,22,9,14,9,17,77.78,66.67,82.35,15.89,9.89,1.4,16.56,1.65,1.56,2.18,9.59
PHX,2019-04-04,23,8,16,9,16,88.89,88.89,75.0,3.0,14.78,4.0,4.67,1.88,0.91,0.63,9.0
PHX,2019-04-05,0,3,4,4,4,75.0,75.0,100.0,6.75,11.25,1.1,5.75,0.0,1.17,1.0,0.75
PHX,2019-04-05,1,2,0,3,1,100.0,100.0,100.0,0.0,11.33,1.57,0.0,0.0,4.5,0.0,0.0
PHX,2019-04-05,2,0,0,0,0,0.0,0.0,0.0,0.0,0.0,0.0,0.0,0.0,0.0,0.0,0.0
PHX,2019-04-05,3,0,0,0,2,0.0,0.0,50.0,0.0,0.0,0.0,0.0,0.5,4.1,5.0,20.0
PHX,2019-04-05,4,0,0,3,3,66.67,66.67,100.0,14.67,12.0,1.6,15.0,0.0,1.77,0.0,4.0
PHX,2019-04-05,5,18,0,18,6,100.0,94.44,0.0,0.17,13.39,4.87,3.44,2.33,3.43,10.0,37.83
PHX,2019-04-05,6,22,24,32,24,87.5,84.38,87.5,5.69,14.41,4.18,8.41,3.08,1.47,1.58,2.42
PHX,2019-04-05,7,35,35,45,35,75.56,71.11,94.29,9.0,16.47,6.29,12.44,1.89,3.36,1.26,2.37
PHX,2019-04-05,8,54,30,54,31,90.74,72.22,96.77,4.26,19.33,9.87,11.52,2.13,2.75,0.58,10.03
PHX,2019-04-05,9,32,46,33,46,100.0,75.76,95.65,3.03,18.85,8.62,9.64,2.02,6.81,1.59,4.13
PHX,2019-04-05,10,48,25,47,27,89.36,68.09,81.48,12.57,20.77,11.4,21.7,1.26,1.83,3.41,6.63
PHX,2019-04-05,11,28,40,31,41,74.19,74.19,85.37,11.42,12.45,2.98,13.19,2.07,0.79,2.56,3.22
PHX,2019-04-05,12,44,36,45,35,84.44,84.44,91.43,14.13,12.6,3.09,15.71,1.49,2.02,1.83,8.31
PHX,2019-04-05,13,28,24,27,26,74.07,74.07,80.77,12.96,12.04,2.49,14.44,2.15,1.35,0.88,9.77
PHX,2019-04-05,14,31,35,31,36,83.87,80.65,91.67,9.29,10.74,1.7,10.35,1.86,1.71,2.69,4.72
PHX,2019-04-05,15,33,29,33,31,87.88,87.88,93.55,5.52,13.55,3.97,7.67,0.84,2.04,0.52,5.84
PHX,2019-04-05,16,31,29,33,30,72.73,66.67,90.0,13.55,12.76,3.13,15.55,2.2,2.26,0.7,6.53
PHX,2019-04-05,17,29,30,30,34,80.0,76.67,91.18,12.2,12.97,3.23,14.03,2.12,1.39,1.88,4.21
PHX,2019-04-05,18,33,45,33,59,87.88,87.88,77.97,4.18,12.12,2.5,5.18,1.95,1.69,1.66,11.03
PHX,2019-04-05,19,32,47,34,50,73.53,70.59,94.0,14.38,11.15,2.34,16.03,2.14,2.93,0.7,2.28
PHX,2019-04-05,20,34,28,37,27,91.89,91.89,85.19,3.84,15.51,5.26,6.43,2.0,2.02,0.93,6.33
PHX,2019-04-05,21,18,36,18,36,83.33,77.78,86.11,12.44,11.72,3.22,14.44,1.58,2.88,0.92,4.61
PHX,2019-04-05,22,9,14,11,15,81.82,81.82,93.33,5.45,10.45,1.84,6.0,2.2,1.3,0.27,3.73
PHX,2019-04-05,23,8,16,9,16,100.0,100.0,81.25,0.0,13.78,2.43,0.0,3.31,1.44,2.0,11.06
PHX,2019-04-06,0,3,2,3,5,100.0,100.0,60.0,0.0,12.33,1.13,0.67,0.6,1.68,0.8,7.6
PHX,2019-04-06,1,2,0,3,1,100.0,100.0,0.0,0.0,12.67,2.37,1.33,54.0,0.8,57.0,92.0
PHX,2019-04-06,2,0,0,0,0,0.0,0.0,0.0,0.0,0.0,0.0,0.0,0.0,0.0,0.0,0.0
PHX,2019-04-06,3,0,0,0,1,0.0,0.0,100.0,0.0,0.0,0.0,0.0,4.0,0.0,7.0,0.0
PHX,2019-04-06,4,0,0,0,3,0.0,0.0,33.33,0.0,0.0,0.0,0.0,3.33,0.6,7.0,26.67
PHX,2019-04-06,5,14,0,16,1,100.0,100.0,100.0,0.44,12.94,4.02,2.75,6.0,2.1,10.0,0.0
PHX,2019-04-06,6,19,23,22,20,63.64,63.64,100.0,10.09,11.36,1.85,10.86,1.4,2.26,0.8,0.0
PHX,2019-04-06,7,37,38,40,34,92.5,87.5,88.24,4.5,13.93,3.81,7.13,1.62,2.41,1.97,23.38
PHX,2019-04-06,8,54,24,54,26,96.3,88.89,88.46,2.09,15.63,6.07,6.11,4.08,8.85,3.73,4.04
PHX,2019-04-06,9,29,45,30,45,73.33,73.33,93.33,12.97,13.8,3.87,15.87,2.56,7.5,2.13,4.07
PHX,2019-04-06,10,44,24,41,26,85.37,85.37,92.31,10.2,13.07,3.72,11.98,1.42,1.82,3.5,6.15
PHX,2019-04-06,11,25,36,28,37,82.14,85.71,89.19,9.96,11.11,2.13,10.07,2.86,1.59,0.95,7.3
PHX,2019-04-06,12,36,36,36,36,86.11,77.78,86.11,8.69,15.53,5.35,11.97,1.78,2.92,2.94,8.19
PHX,2019-04-06,13,31,21,33,22,69.7,69.7,90.91,13.39,10.82,1.65,14.15,2.36,1.48,0.14,5.14
PHX,2019-04-06,14,26,31,26,30,76.92,76.92,90.0,9.35,10.62,1.12,9.77,2.2,1.71,0.53,4.27
PHX,2019-04-06,15,30,29,28,29,82.14,78.57,79.31,5.96,14.11,3.94,8.57,1.38,1.39,2.14,6.72
PHX,2019-04-06,16,31,34,31,34,90.32,87.1,88.24,7.81,11.87,2.67,9.77,1.68,3.49,2.38,11.71
PHX,2019-04-06,17,30,35,29,34,86.21,79.31,88.24,11.83,11.86,2.57,13.79,2.09,1.94,0.76,3.91
PHX,2019-04-06,18,37,36,37,37,75.68,75.68,72.97,9.38,11.22,2.35,10.57,2.57,2.68,0.7,11.7
PHX,2019-04-06,19,24,57,23,59,69.57,65.22,88.14,15.13,11.74,2.91,16.96,5.69,4.4,4.27,11.22
PHX,2019-04-06,20,44,22,44,21,68.18,63.64,76.19,13.73,14.25,4.67,16.07,2.33,3.4,0.05,10.33
PHX,2019-04-06,21,12,28,12,27,75.0,75.0,92.59,9.75,11.33,1.59,11.17,2.26,2.93,0.37,1.96
PHX,2019-04-06,22,5,13,6,14,83.33,83.33,78.57,21.67,10.33,1.4,21.67,2.14,0.99,0.43,6.21
PHX,2019-04-06,23,7,10,8,10,75.0,75.0,100.0,17.63,9.88,0.46,17.75,1.1,3.2,0.7,0.0
PHX,2019-04-07,0,2,3,2,2,0.0,0.0,100.0,23.0,11.5,1.35,24.5,0.0,0.95,0.0,0.0
PHX,2019-04-07,1,2,1,3,0,100.0,100.0,0.0,0.0,11.0,0.9,0.0,0.0,0.0,0.0,0.0
PHX,2019-04-07,2,0,0,1,0,0.0,0.0,0.0,20.0,6.0,0.0,15.0,0.0,0.0,0.0,0.0
PHX,2019-04-07,4,0,0,1,0,100.0,100.0,0.0,0.0,14.0,3.4,0.0,0.0,0.0,0.0,0.0
PHX,2019-04-07,5,11,0,13,1,76.92,69.23,0.0,45.38,13.69,4.5,49.38,8.0,2.7,5.0,25.0
PHX,2019-04-07,6,28,20,28,19,85.71,85.71,94.74,9.29,13.64,4.04,11.61,3.21,2.32,0.0,9.63
PHX,2019-04-07,7,38,35,40,37,92.5,85.0,91.89,5.75,15.9,6.08,9.73,19.11,4.18,18.38,36.84
PHX,2019-04-07,8,46,25,48,27,89.58,77.08,92.59,3.96,18.48,8.83,11.19,1.52,5.7,1.22,4.67
PHX,2019-04-07,9,36,38,36,39,75.0,75.0,87.18,14.28,16.39,6.73,19.28,6.87,5.0,5.36,11.97
PHX,2019-04-07,10,32,30,36,31,83.33,80.56,83.87,9.39,16.78,6.66,14.0,1.19,1.36,0.35,16.16
PHX,2019-04-07,11,34,37,35,37,80.0,77.14,89.19,15.8,13.54,4.14,18.51,2.03,1.97,0.76,10.97
PHX,2019-04-07,12,39,37,39,40,79.49,76.92,75.0,10.49,13.15,3.37,12.72,2.55,2.06,3.0,19.85
PHX,2019-04-07,13,31,18,33,22,66.67,63.64,81.82,16.45,12.24,2.73,18.42,3.36,1.97,3.41,8.09
PHX,2019-04-07,14,28,34,29,33,82.76,82.76,87.88,12.97,10.93,1.8,13.93,1.73,3.08,0.58,7.94
PHX,2019-04-07,15,32,29,34,33,70.59,67.65,63.64,21.15,12.0,2.3,22.38,2.42,1.62,1.88,40.33
PHX,2019-04-07,16,31,32,31,35,67.74,67.74,68.57,21.94,12.03,2.38,23.58,1.91,2.78,0.83,19.54
PHX,2019-04-07,17,29,28,32,29,62.5,50.0,75.86,25.84,11.22,1.75,27.19,2.21,1.49,1.66,11.52
PHX,2019-04-07,18,34,39,35,40,65.71,60.0,82.5,21.57,11.17,1.81,22.69,3.58,2.89,3.35,12.45
PHX,2019-04-07,19,25,54,25,54,72.0,68.0,75.93,13.36,10.6,1.74,14.08,1.91,5.14,1.43,18.09
PHX,2019-04-07,20,39,29,39,30,53.85,53.85,53.33,29.79,12.15,2.48,31.54,2.2,5.6,1.43,20.27
PHX,2019-04-07,21,18,34,17,35,41.18,41.18,74.29,28.82,10.29,1.97,30.12,2.0,5.02,1.23,9.97
PHX,2019-04-07,22,12,14,12,13,41.67,41.67,84.62,24.83,9.5,1.6,26.25,1.54,3.89,1.38,4.92
PHX,2019-04-07,23,8,17,8,16,50.0,50.0,75.0,11.5,12.38,2.08,13.38,2.38,3.52,0.5,18.25
PHX,2019-04-08,0,4,2,4,3,75.0,75.0,100.0,11.0,13.0,1.6,12.5,0.0,0.9,0.0,0.67
PHX,2019-04-08,1,2,0,3,1,100.0,100.0,100.0,0.0,11.33,1.23,0.0,0.0,2.5,0.0,0.0
PHX,2019-04-08,3,0,0,0,1,0.0,0.0,100.0,0.0,0.0,0.0,0.0,0.0,1.1,0.0,4.0
PHX,2019-04-08,4,0,0,1,0,100.0,100.0,0.0,0.0,10.0,0.0,0.0,0.0,0.0,0.0,0.0
PHX,2019-04-08,5,16,0,17,0,94.12,82.35,0.0,3.41,13.47,4.69,7.0,0.0,0.0,0.0,0.0
PHX,2019-04-08,6,20,22,21,23,95.24,95.24,95.65,3.33,13.62,3.82,5.76,1.04,1.63,0.0,1.87
PHX,2019-04-08,7,41,31,41,35,80.49,80.49,88.57,5.76,14.32,4.66,8.8,0.66,5.59,2.14,3.97
PHX,2019-04-08,8,52,27,53,28,96.23,88.68,92.86,2.11,16.85,7.21,7.6,1.36,3.91,0.89,3.07
PHX,2019-04-08,9,31,48,31,49,83.87,67.74,91.84,5.13,16.94,6.74,10.81,1.82,7.34,1.76,5.94
PHX,2019-04-08,10,44,26,45,26,82.22,73.33,100.0,15.56,15.6,6.24,20.04,1.19,1.52,1.04,0.65
PHX,2019-04-08,11,28,40,28,40,96.43,96.43,90.0,1.64,12.75,3.62,3.36,1.02,0.95,0.7,11.83
PHX,2019-04-08,12,39,33,39,34,76.92,64.1,97.06,42.08,18.31,8.02,47.64,2.0,3.04,0.65,1.24
PHX,2019-04-08,13,27,20,27,21,88.89,85.19,90.48,3.41,11.44,2.04,4.63,2.81,4.57,3.71,4.86
PHX,2019-04-08,14,31,34,35,34,77.14,77.14,82.35,12.17,11.6,2.15,13.49,1.68,1.87,0.5,16.41
PHX,2019-04-08,15,29,29,30,29,66.67,63.33,89.66,19.13,13.03,3.25,21.37,1.48,2.7,0.03,5.1
PHX,2019-04-08,16,35,30,37,32,72.97,72.97,84.38,9.14,11.7,2.03,10.35,1.69,2.77,0.91,6.59
PHX,2019-04-08,17,26,30,26,32,84.62,84.62,78.13,6.54,12.46,2.87,8.23,2.34,2.9,2.34,11.28
PHX,2019-04-08,18,36,36,38,51,84.21,81.58,80.39,7.05,12.87,3.22,8.18,1.71,2.37,1.71,11.22
PHX,2019-04-08,19,19,53,24,54,70.83,70.83,85.19,20.83,12.25,3.03,22.0,1.52,2.89,0.94,6.78
PHX,2019-04-08,20,41,30,46,29,80.43,73.91,82.76,10.7,16.28,6.56,15.33,2.03,2.35,0.72,8.21
PHX,2019-04-08,21,20,30,19,30,57.89,57.89,86.67,22.47,12.26,3.54,25.26,2.27,2.74,0.77,25.4
PHX,2019-04-08,22,8,16,8,19,62.5,50.0,78.95,20.63,12.38,3.54,22.75,1.16,4.13,4.95,10.32
PHX,2019-04-08,23,8,15,9,15,88.89,88.89,93.33,3.0,13.44,2.92,4.89,1.47,9.65,1.4,7.8
PHX,2019-04-09,0,3,3,3,2,66.67,66.67,50.0,5.67,12.67,1.57,5.0,0.5,7.35,0.0,41.0
PHX,2019-04-09,1,2,1,3,1,100.0,100.0,0.0,0.0,12.0,1.7,0.0,0.0,0.1,486.0,481.0
PHX,2019-04-09,2,0,0,0,0,0.0,0.0,0.0,0.0,0.0,0.0,0.0,0.0,0.0,0.0,0.0
PHX,2019-04-09,3,0,0,0,2,0.0,0.0,0.0,0.0,0.0,0.0,0.0,0.0,0.1,0.0,23.0
PHX,2019-04-09,4,0,0,1,4,100.0,100.0,75.0,8.0,9.0,0.0,6.0,0.0,1.08,0.75,10.25
PHX,2019-04-09,5,14,0,16,3,93.75,87.5,33.33,2.5,14.31,5.98,6.13,3.33,0.73,5.67,17.0
PHX,2019-04-09,6,21,23,28,23,85.71,78.57,86.96,5.21,16.18,6.0,10.04,0.87,0.63,0.0,3.0
PHX,2019-04-09,7,39,32,50,34,82.0,78.0,88.24,5.22,15.38,5.57,8.82,0.97,1.62,0.06,27.15
PHX,2019-04-09,8,49,26,52,27,88.46,76.92,88.89,11.58,16.25,6.74,15.98,1.7,2.59,0.78,9.07
PHX,2019-04-09,9,28,44,27,44,81.48,74.07,90.91,7.0,15.93,5.56,10.78,2.43,5.69,1.52,8.27
PHX,2019-04-09,10,44,27,45,30,80.0,77.78,86.67,11.87,17.04,7.58,16.73,1.43,0.66,0.9,7.43
PHX,2019-04-09,11,27,38,28,38,85.71,82.14,94.74,12.32,14.64,5.56,15.71,1.79,0.63,0.58,4.11
PHX,2019-04-09,12,38,33,40,35,75.0,72.5,91.43,15.98,17.55,7.52,21.08,2.51,2.33,2.0,8.11
PHX,2019-04-09,13,26,22,26,22,73.08,69.23,77.27,24.65,11.27,1.67,24.77,3.73,0.87,1.41,14.55
PHX,2019-04-09,14,32,31,32,31,81.25,78.13,96.77,17.09,12.41,3.15,19.13,2.23,1.73,0.42,0.94
PHX,2019-04-09,15,27,28,28,30,92.86,85.71,83.33,6.04,14.25,4.49,8.86,2.13,1.32,7.1,13.73
PHX,2019-04-09,16,34,30,37,30,78.38,72.97,80.0,22.32,13.14,3.67,24.78,1.87,1.83,1.13,10.7
PHX,2019-04-09,17,25,28,25,32,64.0,56.0,90.63,30.68,15.24,5.6,34.16,2.75,1.44,3.13,8.09
PHX,2019-04-09,18,34,34,36,49,77.78,77.78,67.35,17.44,14.11,4.62,20.67,2.65,1.67,3.37,30.35
PHX,2019-04-09,19,18,49,25,56,64.0,64.0,85.71,23.12,12.2,2.6,24.12,2.96,1.71,2.95,9.21
PHX,2019-04-09,20,40,30,45,35,71.11,64.44,62.86,14.98,14.44,4.73,17.78,5.03,2.14,14.83,26.06
PHX,2019-04-09,21,20,28,19,33,47.37,47.37,72.73,23.79,8.37,0.63,23.37,6.76,3.52,8.24,15.06
PHX,2019-04-09,22,7,16,15,18,66.67,66.67,72.22,17.27,12.0,2.83,19.2,1.28,2.29,6.33,24.39
PHX,2019-04-09,23,7,11,9,13,88.89,77.78,61.54,12.78,11.44,1.13,13.56,1.31,5.31,4.38,17.85
PHX,2019-04-10,0,3,3,4,3,75.0,75.0,66.67,14.0,10.75,0.85,12.75,6.67,0.63,3.0,32.67
PHX,2019-04-10,1,2,0,3,1,100.0,100.0,100.0,0.67,9.67,0.0,0.0,0.0,2.5,9.0,4.0
PHX,2019-04-10,2,0,0,0,0,0.0,0.0,0.0,0.0,0.0,0.0,0.0,0.0,0.0,0.0,0.0
PHX,2019-04-10,3,0,0,0,1,0.0,0.0,100.0,0.0,0.0,0.0,0.0,0.0,0.0,0.0,6.0
PHX,2019-04-10,4,0,0,1,6,100.0,100.0,50.0,0.0,13.0,2.4,0.0,0.67,0.4,0.83,14.83
PHX,2019-04-10,5,15,0,19,2,84.21,84.21,50.0,7.84,10.32,1.63,8.32,1.5,2.05,3.5,12.5
PHX,2019-04-10,6,21,24,31,28,74.19,70.97,82.14,15.68,14.1,4.05,18.0,4.64,3.05,6.04,7.18
PHX,2019-04-10,7,40,35,49,40,79.59,79.59,75.0,11.51,13.65,3.87,13.96,4.85,3.35,6.68,12.03
PHX,2019-04-10,8,52,28,57,31,82.46,75.44,90.32,11.98,14.21,4.7,15.51,5.77,2.25,3.48,3.55
PHX,2019-04-10,9,30,45,35,43,68.57,57.14,93.02,16.4,16.0,5.78,20.57,3.79,5.25,2.67,8.63
PHX,2019-04-10,10,44,27,43,30,81.4,79.07,80.0,9.93,12.95,3.48,12.14,2.97,2.11,8.9,12.5
PHX,2019-04-10,11,27,39,25,37,60.0,56.0,75.68,14.12,12.92,3.42,15.76,4.65,1.32,2.49,27.38
PHX,2019-04-10,12,39,32,40,32,65.0,65.0,78.13,32.4,13.0,3.02,34.55,2.94,2.35,5.0,12.5
PHX,2019-04-10,13,26,21,24,20,83.33,79.17,85.0,11.13,12.08,2.22,11.88,3.35,1.3,1.9,21.5
PHX,2019-04-10,14,31,36,29,40,72.41,72.41,62.5,19.17,12.28,2.85,21.55,3.67,1.83,5.6,22.95
PHX,2019-04-10,15,31,29,30,30,60.0,56.67,66.67,16.3,13.53,3.56,19.2,2.6,3.25,5.9,13.73
PHX,2019-04-10,16,34,30,37,31,62.16,62.16,67.74,17.19,13.54,3.95,20.03,6.16,2.0,5.35,21.94
PHX,2019-04-10,17,25,28,27,30,70.37,62.96,80.0,17.78,13.67,3.48,20.33,3.33,1.98,2.5,6.67
PHX,2019-04-10,18,36,36,34,51,67.65,55.88,74.51,29.97,14.47,4.63,33.5,3.67,1.46,2.92,14.25
PHX,2019-04-10,19,19,51,26,50,76.92,69.23,80.0,14.46,12.35,2.63,15.65,3.52,2.95,5.12,10.56
PHX,2019-04-10,20,40,30,45,30,82.22,80.0,66.67,8.0,12.38,2.73,9.4,4.13,2.55,12.17,24.5
PHX,2019-04-10,21,20,28,21,28,71.43,71.43,75.0,13.67,9.57,1.07,14.24,3.36,2.26,1.82,13.61
PHX,2019-04-10,22,7,16,8,18,75.0,75.0,61.11,12.25,11.88,2.98,13.25,2.17,0.69,2.83,17.72
PHX,2019-04-10,23,8,14,9,12,77.78,66.67,66.67,4.56,15.67,4.94,8.67,4.08,0.81,3.33,8.75
PHX,2019-04-11,0,3,3,3,3,100.0,100.0,66.67,0.0,11.67,0.8,0.33,0.33,1.9,0.0,7.33
PHX,2019-04-11,1,2,1,3,0,100.0,100.0,0.0,0.0,12.33,1.93,0.33,0.0,0.0,0.0,0.0
PHX,2019-04-11,2,0,0,0,0,0.0,0.0,0.0,0.0,0.0,0.0,0.0,0.0,0.0,0.0,0.0
PHX,2019-04-11,3,0,0,0,1,0.0,0.0,100.0,0.0,0.0,0.0,0.0,0.0,0.0,0.0,0.0
PHX,2019-04-11,4,0,0,2,6,50.0,50.0,50.0,31.5,11.0,0.7,31.0,0.0,0.57,0.67,15.33
PHX,2019-04-11,5,15,0,16,1,87.5,81.25,0.0,6.13,9.5,1.14,5.88,0.0,2.1,0.0,54.0
PHX,2019-04-11,6,22,25,31,23,83.87,83.87,82.61,9.29,13.61,3.76,12.0,2.09,2.44,3.78,13.3
PHX,2019-04-11,7,40,34,49,35,81.63,77.55,94.29,8.12,16.06,6.16,12.18,2.43,2.83,1.8,4.06
PHX,2019-04-11,8,51,27,52,26,92.31,84.62,84.62,3.94,14.83,5.44,7.6,2.54,4.7,2.54,3.77
PHX,2019-04-11,9,29,43,29,43,79.31,79.31,95.35,18.31,12.72,2.71,19.38,2.63,7.03,1.86,9.42
PHX,2019-04-11,10,45,27,47,27,85.11,74.47,77.78,15.38,13.4,4.01,18.57,3.0,1.64,1.81,15.15
PHX,2019-04-11,11,28,40,27,37,77.78,77.78,91.89,12.11,11.89,2.74,14.15,3.59,2.74,3.11,2.76
PHX,2019-04-11,12,40,33,39,35,79.49,74.36,74.29,8.38,13.64,3.66,11.05,0.83,3.67,3.29,25.26
PHX,2019-04-11,13,26,22,27,22,66.67,66.67,90.91,36.85,11.96,2.27,37.63,3.59,2.38,0.64,3.77
PHX,2019-04-11,14,33,33,34,34,70.59,70.59,82.35,12.65,10.15,1.15,13.15,1.62,1.54,1.0,25.03
PHX,2019-04-11,15,29,31,30,35,76.67,76.67,74.29,38.43,12.1,2.2,39.47,1.54,2.43,1.63,16.63
PHX,2019-04-11,16,35,30,36,33,69.44,69.44,81.82,20.94,11.64,2.53,22.25,1.3,1.28,2.58,9.76
PHX,2019-04-11,17,25,29,28,34,82.14,78.57,73.53,8.89,12.61,2.87,10.18,3.41,0.9,2.79,8.44
PHX,2019-04-11,18,36,36,35,50,85.71,77.14,68.0,5.91,13.94,4.36,8.74,2.44,1.47,2.44,14.3
PHX,2019-04-11,19,18,50,22,54,68.18,59.09,79.63,10.77,14.05,4.37,13.5,2.67,2.45,4.41,25.63
PHX,2019-04-11,20,40,30,45,30,84.44,80.0,66.67,5.47,13.69,4.04,7.69,1.77,2.93,2.93,15.63
PHX,2019-04-11,21,20,30,21,31,76.19,76.19,64.52,8.14,9.9,1.61,8.52,3.23,2.55,6.39,18.68
PHX,2019-04-11,22,7,15,7,17,57.14,71.43,70.59,10.14,10.0,1.53,10.29,1.41,0.66,2.59,17.35
PHX,2019-04-11,23,8,13,9,13,100.0,100.0,84.62,0.0,11.67,1.14,0.11,2.92,1.65,0.23,6.69
PHX,2019-04-12,0,3,3,3,3,100.0,100.0,66.67,2.67,9.0,0.0,2.67,1.0,0.6,1.67,16.67
PHX,2019-04-12,1,2,0,3,2,66.67,66.67,50.0,21.0,11.33,1.13,21.0,0.0,0.65,2.0,34.5
PHX,2019-04-12,2,0,0,0,0,0.0,0.0,0.0,0.0,0.0,0.0,0.0,0.0,0.0,0.0,0.0
PHX,2019-04-12,3,0,0,0,2,0.0,0.0,100.0,0.0,0.0,0.0,0.0,0.0,0.1,0.0,0.0
PHX,2019-04-12,4,0,0,1,5,100.0,100.0,60.0,0.0,11.0,0.4,0.0,0.0,0.9,0.8,27.0
PHX,2019-04-12,5,15,0,18,3,100.0,100.0,0.0,0.78,14.28,5.32,5.17,2.33,5.1,8.67,61.0
PHX,2019-04-12,6,21,25,32,26,87.5,84.38,84.62,6.72,13.72,3.91,9.5,1.73,2.36,4.42,33.08
PHX,2019-04-12,7,41,35,50,35,84.0,78.0,88.57,4.98,17.6,7.71,10.32,1.97,2.16,3.34,8.89
PHX,2019-04-12,8,52,27,55,28,87.27,74.55,92.86,10.2,18.49,8.85,16.93,2.25,2.62,2.46,4.18
PHX,2019-04-12,9,29,45,30,46,86.67,73.33,93.48,7.7,18.37,8.32,13.53,3.15,3.47,2.26,4.11
PHX,2019-04-12,10,46,29,46,31,76.09,67.39,80.65,26.24,17.28,7.82,31.87,1.68,1.28,1.39,17.48
PHX,2019-04-12,11,29,39,29,37,72.41,72.41,86.49,35.38,12.83,3.46,37.83,2.11,1.9,1.41,8.14
PHX,2019-04-12,12,41,33,41,32,73.17,70.73,87.5,17.37,16.15,6.03,21.88,2.59,1.35,1.75,6.41
PHX,2019-04-12,13,26,21,26,22,92.31,80.77,90.91,6.35,14.62,4.87,9.19,2.0,0.91,0.5,7.36
PHX,2019-04-12,14,31,34,32,34,65.63,59.38,70.59,18.66,12.38,3.14,20.63,1.24,2.34,1.12,12.32
PHX,2019-04-12,15,29,29,29,31,58.62,55.17,70.97,24.24,12.45,2.62,25.9,2.03,1.96,1.94,20.06
PHX,2019-04-12,16,35,30,36,34,63.89,61.11,79.41,17.56,11.42,2.2,19.03,2.91,1.66,2.41,9.82
PHX,2019-04-12,17,26,28,28,32,78.57,78.57,84.38,7.64,12.43,2.47,9.11,2.28,1.88,1.22,14.5
PHX,2019-04-12,18,35,37,36,49,72.22,63.89,75.51,14.97,17.22,7.54,20.72,2.76,2.71,2.65,10.92
PHX,2019-04-12,19,21,52,23,51,73.91,69.57,64.71,11.52,16.91,7.51,16.78,5.33,2.61,7.47,37.33
PHX,2019-04-12,20,40,31,43,31,74.42,62.79,74.19,14.3,17.81,8.11,19.93,1.42,3.25,1.13,10.23
PHX,2019-04-12,21,20,30,20,30,60.0,55.0,73.33,13.5,12.95,4.3,16.8,1.9,1.51,2.9,13.97
PHX,2019-04-12,22,7,16,7,19,28.57,28.57,68.42,24.14,14.43,5.29,29.0,2.26,0.78,1.32,11.89
PHX,2019-04-12,23,9,14,11,15,81.82,81.82,60.0,5.45,13.36,2.69,5.82,1.4,1.79,2.87,27.33
PHX,2019-04-13,0,3,2,3,3,100.0,100.0,66.67,0.0,13.33,3.47,1.33,0.0,2.17,2.0,5.0
PHX,2019-04-13,1,2,0,3,0,100.0,100.0,0.0,0.0,13.0,2.7,1.0,0.0,0.0,0.0,0.0
PHX,2019-04-13,2,0,0,0,0,0.0,0.0,0.0,0.0,0.0,0.0,0.0,0.0,0.0,0.0,0.0
PHX,2019-04-13,3,0,0,0,0,0.0,0.0,0.0,0.0,0.0,0.0,0.0,0.0,0.0,0.0,0.0
PHX,2019-04-13,4,0,0,0,2,0.0,0.0,50.0,0.0,0.0,0.0,0.0,0.0,0.6,7.5,34.0
PHX,2019-04-13,5,11,0,11,1,81.82,72.73,100.0,11.73,12.91,3.92,14.55,0.0,4.1,11.0,12.0
PHX,2019-04-13,6,13,16,18,16,77.78,77.78,87.5,10.61,13.44,3.37,13.0,5.44,1.82,4.81,5.13
PHX,2019-04-13,7,37,44,42,43,85.71,80.95,95.35,13.36,16.26,6.34,17.62,3.37,1.26,2.35,2.19
PHX,2019-04-13,8,55,22,55,22,87.27,67.27,100.0,8.02,18.62,9.06,15.51,4.27,2.8,1.41,1.77
PHX,2019-04-13,9,27,35,27,36,81.48,66.67,83.33,10.41,18.59,8.51,17.04,4.31,5.74,2.5,14.19
PHX,2019-04-13,10,31,35,31,35,93.55,90.32,82.86,2.55,18.19,7.84,8.13,6.0,1.3,6.14,10.57
PHX,2019-04-13,11,37,35,38,34,78.95,73.68,82.35,16.47,13.18,4.4,19.08,3.21,1.79,2.15,6.06
PHX,2019-04-13,12,39,36,42,35,78.57,64.29,85.71,15.74,16.74,6.72,21.07,3.49,1.92,4.09,15.94
PHX,2019-04-13,13,28,18,28,18,92.86,89.29,83.33,8.04,12.29,2.86,9.07,2.28,0.49,0.94,32.17
PHX,2019-04-13,14,25,32,25,31,80.0,72.0,77.42,15.64,12.04,2.73,17.12,1.48,1.55,1.23,11.97
PHX,2019-04-13,15,29,26,29,29,79.31,79.31,72.41,12.62,13.66,3.56,14.03,1.69,3.25,5.45,21.38
PHX,2019-04-13,16,26,36,27,35,62.96,62.96,82.86,23.85,12.93,2.92,25.85,2.83,1.78,1.43,19.26
PHX,2019-04-13,17,37,29,37,32,83.78,78.38,71.88,16.73,10.65,1.92,17.92,1.66,1.99,2.5,11.13
PHX,2019-04-13,18,23,42,25,43,80.0,72.0,79.07,9.0,12.4,2.31,10.24,1.33,1.87,0.44,23.93
PHX,2019-04-13,19,26,43,25,45,76.0,72.0,77.78,7.6,11.04,2.54,9.6,1.82,3.41,0.4,40.87
PHX,2019-04-13,20,32,19,29,20,79.31,75.86,75.0,13.93,15.21,4.76,16.9,1.75,1.89,0.9,21.8
PHX,2019-04-13,21,8,19,9,19,66.67,66.67,73.68,17.33,13.22,2.27,18.11,1.89,2.55,1.05,18.95
PHX,2019-04-13,22,4,8,4,9,50.0,50.0,66.67,28.75,11.5,2.35,30.5,0.78,1.63,0.11,12.78
PHX,2019-04-13,23,7,5,8,5,87.5,75.0,60.0,5.5,12.63,3.1,7.88,0.0,3.68,0.0,45.6
PHX,2019-04-14,0,2,2,2,2,100.0,100.0,100.0,2.5,13.5,3.2,4.5,0.0,2.95,0.0,0.0
PHX,2019-04-14,1,2,1,3,0,100.0,100.0,0.0,0.0,15.67,5.17,3.67,0.0,0.0,0.0,0.0
PHX,2019-04-14,2,0,0,0,0,0.0,0.0,0.0,0.0,0.0,0.0,0.0,0.0,0.0,0.0,0.0
PHX,2019-04-14,3,0,0,1,0,100.0,100.0,0.0,0.0,6.0,0.0,0.0,0.0,0.0,0.0,0.0
PHX,2019-04-14,4,0,0,1,0,100.0,100.0,0.0,0.0,12.0,1.4,0.0,0.0,0.0,0.0,0.0
PHX,2019-04-14,5,8,0,10,1,80.0,80.0,100.0,12.4,13.4,3.7,15.5,0.0,1.1,3.0,0.0
PHX,2019-04-14,6,25,17,27,15,92.59,92.59,86.67,2.11,12.56,3.13,3.85,1.27,1.45,0.53,20.93
PHX,2019-04-14,7,38,28,39,28,97.44,97.44,100.0,4.56,14.9,4.98,7.28,1.36,4.73,1.68,0.61
PHX,2019-04-14,8,41,34,40,34,90.0,82.5,88.24,4.72,17.52,7.51,10.18,2.26,3.05,1.38,9.26
PHX,2019-04-14,9,42,37,42,37,85.71,80.95,86.49,12.12,15.31,6.21,16.79,2.11,7.51,1.84,10.68
PHX,2019-04-14,10,33,31,35,30,77.14,65.71,90.0,17.34,16.6,6.36,21.89,1.37,0.7,2.33,2.77
PHX,2019-04-14,11,35,40,35,40,77.14,71.43,80.0,24.37,13.6,4.44,27.43,1.38,1.65,1.43,15.48
PHX,2019-04-14,12,40,35,38,35,71.05,50.0,80.0,21.82,16.87,7.03,27.76,2.43,2.1,2.66,27.46
PHX,2019-04-14,13,32,22,32,24,68.75,71.88,75.0,24.09,11.34,2.14,24.66,2.33,2.17,3.63,13.25
PHX,2019-04-14,14,26,30,24,28,54.17,50.0,78.57,24.33,12.79,3.1,27.13,2.0,1.84,1.86,28.71
PHX,2019-04-14,15,32,31,31,32,64.52,61.29,75.0,35.9,13.0,3.36,38.32,1.47,1.7,0.41,22.06
PHX,2019-04-14,16,33,29,33,31,66.67,66.67,61.29,45.42,12.88,3.24,48.21,1.68,2.35,0.68,22.9
PHX,2019-04-14,17,24,35,25,37,76.0,72.0,67.57,19.28,12.08,2.58,21.12,2.0,2.02,1.81,14.86
PHX,2019-04-14,18,41,36,40,37,52.5,50.0,64.86,27.15,12.88,3.72,29.77,2.49,3.58,2.27,23.35
PHX,2019-04-14,19,22,49,21,49,47.62,47.62,75.51,30.0,11.43,2.74,32.14,3.18,3.37,3.88,17.73
PHX,2019-04-14,20,36,25,37,25,56.76,56.76,68.0,48.86,12.57,2.56,50.3,1.08,2.6,1.96,19.24
PHX,2019-04-14,21,19,34,20,33,65.0,65.0,51.52,20.4,10.3,1.64,21.7,1.27,3.45,3.03,58.42
PHX,2019-04-14,22,11,16,10,16,40.0,40.0,56.25,19.3,8.7,0.59,19.5,1.44,1.62,1.56,20.06
PHX,2019-04-14,23,9,17,10,15,60.0,60.0,46.67,108.2,12.8,2.07,109.7,2.47,3.55,4.93,33.53
PHX,2019-04-15,0,3,3,2,2,100.0,100.0,0.0,6.5,11.0,0.85,6.5,2.0,0.45,29.5,47.5
PHX,2019-04-15,1,2,0,3,1,100.0,100.0,100.0,0.0,12.33,2.03,1.67,0.0,2.5,0.0,0.0
PHX,2019-04-15,3,0,0,0,2,0.0,0.0,100.0,0.0,0.0,0.0,0.0,3.5,1.0,2.5,5.0
PHX,2019-04-15,4,0,0,2,0,100.0,100.0,0.0,0.0,12.5,1.9,1.5,0.0,0.0,0.0,0.0
PHX,2019-04-15,5,15,0,15,0,93.33,93.33,0.0,5.87,11.6,2.79,8.0,0.0,0.0,0.0,0.0
PHX,2019-04-15,6,22,23,24,20,87.5,87.5,80.0,6.67,14.42,4.47,9.58,2.0,1.11,1.8,38.65
PHX,2019-04-15,7,41,33,40,36,92.5,80.0,86.11,3.95,14.78,5.14,7.25,1.97,3.13,2.94,5.06
PHX,2019-04-15,8,52,29,53,29,79.25,60.38,89.66,12.47,17.09,7.57,19.11,1.79,4.69,3.45,4.38
PHX,2019-04-15,9,29,48,31,49,70.97,64.52,85.71,17.58,16.39,6.24,22.94,2.24,3.37,1.98,10.27
PHX,2019-04-15,10,46,28,46,29,82.61,71.74,65.52,17.48,16.98,7.54,23.78,1.76,1.04,2.41,35.69
PHX,2019-04-15,11,28,39,29,39,62.07,62.07,87.18,28.28,12.07,2.83,29.79,2.0,1.31,1.62,6.64
PHX,2019-04-15,12,40,32,40,32,62.5,60.0,75.0,23.0,14.48,4.46,26.43,1.47,1.56,1.84,15.78
PHX,2019-04-15,13,26,21,27,21,81.48,77.78,80.95,12.93,13.96,4.09,15.59,2.76,2.32,1.19,8.33
PHX,2019-04-15,14,32,34,34,35,64.71,64.71,82.86,15.88,12.15,2.87,17.94,1.8,2.97,1.0,6.17
PHX,2019-04-15,15,29,29,29,28,75.86,72.41,85.71,13.9,12.93,2.98,15.9,1.79,1.94,0.39,10.64
PHX,2019-04-15,16,35,30,37,31,70.27,64.86,70.97,20.95,13.16,3.69,24.03,1.68,4.74,2.58,21.48
PHX,2019-04-15,17,26,29,27,32,77.78,77.78,75.0,10.74,12.81,3.07,12.67,1.84,2.0,2.16,18.03
PHX,2019-04-15,18,36,37,34,51,61.76,55.88,60.78,21.0,11.68,2.16,22.71,2.78,2.23,3.51,23.51
PHX,2019-04-15,19,20,52,25,54,64.0,64.0,75.93,18.64,12.0,2.54,20.52,2.46,5.51,5.37,14.26
PHX,2019-04-15,20,41,31,47,31,68.09,63.83,64.52,18.21,14.26,4.46,21.28,1.23,2.1,2.23,18.19
PHX,2019-04-15,21,20,30,20,29,45.0,40.0,62.07,19.8,10.6,2.16,21.3,2.1,2.24,4.76,58.76
PHX,2019-04-15,22,7,15,7,17,28.57,28.57,76.47,42.0,12.57,3.6,45.71,1.06,1.7,1.12,9.94
PHX,2019-04-15,23,8,14,8,14,62.5,62.5,64.29,75.5,14.5,4.1,77.38,1.14,4.38,2.0,72.14
PHX,2019-04-16,0,2,3,1,3,100.0,100.0,66.67,10.0,11.0,0.0,6.0,1.0,0.97,14.67,43.67
PHX,2019-04-16,1,2,1,3,0,100.0,100.0,0.0,0.0,12.33,1.83,0.67,0.0,0.0,0.0,0.0
PHX,2019-04-16,2,0,0,0,0,0.0,0.0,0.0,0.0,0.0,0.0,0.0,0.0,0.0,0.0,0.0
PHX,2019-04-16,3,0,0,0,1,0.0,0.0,0.0,0.0,0.0,0.0,0.0,0.0,4.1,3.0,16.0
PHX,2019-04-16,4,0,0,1,5,100.0,100.0,40.0,0.0,11.0,0.4,0.0,0.0,0.66,0.2,15.6
PHX,2019-04-16,5,14,0,16,4,81.25,87.5,75.0,5.94,11.88,3.36,6.81,0.0,1.33,0.75,10.0
PHX,2019-04-16,6,21,23,29,23,68.97,68.97,86.96,23.21,16.83,6.59,27.93,1.78,0.35,0.83,4.83
PHX,2019-04-16,7,39,33,50,34,86.0,66.0,91.18,5.4,20.52,10.59,14.06,1.47,2.19,1.32,4.09
PHX,2019-04-16,8,50,26,50,27,88.0,84.0,100.0,4.56,17.46,7.9,9.96,1.96,3.77,1.48,1.0
PHX,2019-04-16,9,28,44,29,46,86.21,72.41,86.96,13.86,16.24,6.11,18.55,2.17,5.67,1.74,5.07
PHX,2019-04-16,10,44,28,44,28,90.91,84.09,85.71,4.39,14.34,5.02,7.68,1.93,1.98,2.25,6.79
PHX,2019-04-16,11,27,38,28,37,85.71,85.71,89.19,9.93,11.32,2.29,11.32,3.51,1.97,1.05,10.03
PHX,2019-04-16,12,39,33,42,33,92.86,90.48,90.91,4.55,13.57,3.63,6.71,1.18,2.55,0.91,13.39
PHX,2019-04-16,13,26,22,28,22,85.71,85.71,95.45,6.0,11.5,1.9,6.61,3.27,1.85,0.86,5.05
PHX,2019-04-16,14,32,31,32,31,87.5,87.5,93.55,7.41,11.06,1.98,8.69,1.97,1.67,1.32,10.13
PHX,2019-04-16,15,27,28,28,29,82.14,82.14,86.21,8.54,12.5,2.81,9.96,2.17,2.7,1.17,4.38
PHX,2019-04-16,16,34,30,38,33,78.95,81.58,87.88,10.87,11.24,2.08,11.74,2.7,0.76,0.61,7.61
PHX,2019-04-16,17,25,28,25,33,72.0,68.0,87.88,12.68,13.12,3.43,14.52,3.27,1.81,1.64,4.55
PHX,2019-04-16,18,34,34,34,51,85.29,73.53,68.63,6.38,12.47,3.04,8.29,2.9,1.73,3.88,13.61
PHX,2019-04-16,19,18,49,22,55,90.91,90.91,85.45,3.32,13.18,3.49,5.55,2.85,4.25,2.18,5.53
PHX,2019-04-16,20,40,30,47,30,82.98,76.6,86.67,7.6,13.62,3.93,10.11,2.67,5.15,3.23,4.97
PHX,2019-04-16,21,20,28,20,27,95.0,95.0,100.0,3.95,9.45,1.35,4.55,3.7,2.64,0.78,1.3
PHX,2019-04-16,22,7,16,7,18,100.0,100.0,88.89,2.0,8.86,0.53,1.86,1.61,0.8,0.94,5.72
PHX,2019-04-16,23,7,11,8,11,87.5,87.5,81.82,3.25,12.25,1.49,3.5,2.09,1.14,0.0,7.55
PHX,2019-04-17,0,3,3,3,3,100.0,100.0,100.0,0.0,12.0,2.13,1.0,1.67,0.6,0.0,0.0
PHX,2019-04-17,1,2,0,3,1,66.67,66.67,100.0,6.0,10.0,0.13,6.0,0.0,2.5,0.0,0.0
PHX,2019-04-17,2,0,0,0,0,0.0,0.0,0.0,0.0,0.0,0.0,0.0,0.0,0.0,0.0,0.0
PHX,2019-04-17,3,0,0,0,1,0.0,0.0,100.0,0.0,0.0,0.0,0.0,1.0,0.1,3.0,4.0
PHX,2019-04-17,4,0,0,1,6,100.0,100.0,66.67,0.0,15.0,4.4,0.0,0.5,0.55,0.83,12.83
PHX,2019-04-17,5,15,0,16,4,87.5,87.5,25.0,3.38,11.69,2.73,4.38,0.25,2.32,1.25,29.25
PHX,2019-04-17,6,21,24,30,28,80.0,73.33,100.0,5.43,14.83,4.54,8.03,1.79,2.76,1.29,1.07
PHX,2019-04-17,7,40,34,53,35,84.91,84.91,97.14,6.64,13.81,3.84,8.81,3.0,2.77,1.57,2.71
PHX,2019-04-17,8,52,28,55,27,92.73,87.27,85.19,6.13,14.98,5.51,9.69,6.7,6.76,5.85,17.44
PHX,2019-04-17,9,30,45,32,45,90.63,90.63,93.33,11.75,15.69,5.33,15.13,8.18,6.43,3.87,6.82
PHX,2019-04-17,10,44,28,43,29,88.37,88.37,93.1,5.19,13.88,4.55,8.35,2.45,1.69,0.86,1.34
PHX,2019-04-17,11,28,40,27,39,88.89,88.89,97.44,6.78,10.81,1.6,7.33,3.56,1.8,1.79,2.77
PHX,2019-04-17,12,40,32,40,32,85.0,82.5,90.63,5.7,13.4,3.61,8.33,1.5,4.2,0.91,8.66
PHX,2019-04-17,13,26,21,25,21,84.0,76.0,90.48,13.64,11.44,1.88,15.08,3.1,1.32,1.86,5.1
PHX,2019-04-17,14,31,36,30,37,70.0,63.33,78.38,24.07,11.13,2.13,25.13,2.03,2.97,1.51,10.16
PHX,2019-04-17,15,31,29,30,31,80.0,80.0,96.77,10.77,12.6,2.79,12.13,2.65,2.64,1.35,2.58
PHX,2019-04-17,16,34,30,38,35,86.84,81.58,91.43,6.58,12.61,3.16,8.37,2.94,1.9,1.91,2.91
PHX,2019-04-17,17,25,28,25,34,72.0,68.0,76.47,12.96,13.24,3.51,15.32,1.12,2.54,1.18,11.21
PHX,2019-04-17,18,36,36,39,51,79.49,79.49,74.51,9.59,12.28,2.61,11.33,2.65,2.49,3.47,12.82
PHX,2019-04-17,19,19,51,25,54,80.0,80.0,81.48,13.92,11.28,2.01,15.12,2.65,4.04,2.43,10.17
PHX,2019-04-17,20,40,30,46,29,78.26,78.26,82.76,26.0,12.98,3.43,28.15,3.69,1.23,5.31,12.86
PHX,2019-04-17,21,20,28,19,25,68.42,68.42,84.0,23.58,10.53,2.04,24.79,3.64,1.8,2.08,13.44
PHX,2019-04-17,22,7,16,7,18,85.71,71.43,61.11,7.71,14.43,5.49,11.86,4.33,0.73,3.22,19.72
PHX,2019-04-17,23,8,14,9,12,77.78,77.78,75.0,18.33,13.0,2.2,18.89,8.0,1.34,3.5,7.58
PHX,2019-04-18,0,3,3,3,4,66.67,66.67,50.0,11.67,12.33,0.57,11.67,5.5,0.48,8.5,33.75
PHX,2019-04-18,1,2,1,3,0,66.67,66.67,0.0,10.0,10.0,0.57,9.0,0.0,0.0,0.0,0.0
PHX,2019-04-18,3,0,0,0,1,0.0,0.0,0.0,0.0,0.0,0.0,0.0,0.0,0.1,0.0,18.0
PHX,2019-04-18,4,0,0,2,5,100.0,100.0,80.0,0.0,17.5,6.9,5.5,0.0,0.28,0.0,6.4
PHX,2019-04-18,5,15,0,15,3,100.0,100.0,0.0,1.07,12.33,3.7,2.4,0.0,1.07,3.0,29.0
PHX,2019-04-18,6,22,25,32,24,81.25,78.13,91.67,20.06,14.09,4.1,23.19,2.42,0.52,1.04,4.08
PHX,2019-04-18,7,40,34,49,34,81.63,77.55,88.24,8.63,14.96,5.2,11.96,2.24,2.84,1.79,8.59
PHX,2019-04-18,8,51,27,52,28,96.15,78.85,92.86,1.46,20.77,11.29,10.06,2.68,2.79,0.96,11.29
PHX,2019-04-18,9,29,43,29,41,89.66,82.76,82.93,6.31,18.59,8.28,12.62,3.39,7.98,4.51,9.95
PHX,2019-04-18,10,45,27,46,27,89.13,82.61,74.07,8.41,16.13,6.81,13.28,1.67,1.05,0.96,19.56
PHX,2019-04-18,11,28,40,28,38,78.57,78.57,89.47,14.21,13.18,3.84,17.04,1.37,1.44,0.71,5.05
PHX,2019-04-18,12,40,33,40,33,77.5,65.0,87.88,14.1,15.98,5.99,18.88,2.27,2.59,0.76,9.97
PHX,2019-04-18,13,26,22,28,22,78.57,75.0,81.82,15.5,14.25,4.58,18.36,1.91,2.19,0.14,10.64
PHX,2019-04-18,14,33,33,34,34,67.65,70.59,82.35,16.94,10.91,1.84,17.94,1.71,2.64,1.18,8.32
PHX,2019-04-18,15,29,31,29,32,72.41,65.52,75.0,10.97,14.62,4.86,14.31,3.5,3.69,4.78,9.44
PHX,2019-04-18,16,35,30,38,34,78.95,76.32,88.24,13.61,10.76,1.63,14.42,1.32,2.97,1.5,6.59
PHX,2019-04-18,17,25,29,26,37,80.77,80.77,89.19,18.96,11.96,2.55,20.19,1.51,3.15,1.16,10.35
PHX,2019-04-18,18,36,36,37,54,78.38,78.38,70.37,15.08,13.19,3.4,16.95,1.98,2.96,2.52,11.93
PHX,2019-04-18,19,18,50,23,55,91.3,78.26,83.64,8.17,12.91,3.53,10.22,1.95,4.14,1.22,15.38
PHX,2019-04-18,20,40,30,46,30,78.26,73.91,66.67,14.33,12.85,3.35,16.22,1.67,2.13,1.63,27.77
PHX,2019-04-18,21,20,30,20,29,40.0,40.0,72.41,33.2,10.15,1.91,34.5,2.72,2.16,1.17,9.34
PHX,2019-04-18,22,7,15,7,18,57.14,57.14,72.22,13.29,10.29,1.67,14.71,1.0,1.05,1.33,12.94
PHX,2019-04-18,23,8,13,10,13,70.0,70.0,69.23,17.4,12.5,2.04,18.7,1.23,2.47,0.23,13.38
PHX,2019-04-19,0,3,3,3,3,100.0,100.0,100.0,0.0,13.67,2.47,2.0,1.0,1.5,6.67,2.67
PHX,2019-04-19,1,2,0,3,1,66.67,66.67,100.0,26.33,11.0,0.7,26.33,0.0,2.5,0.0,0.0
PHX,2019-04-19,2,0,0,0,0,0.0,0.0,0.0,0.0,0.0,0.0,0.0,0.0,0.0,0.0,0.0
PHX,2019-04-19,3,0,0,0,2,0.0,0.0,50.0,0.0,0.0,0.0,0.0,0.0,1.05,0.0,10.0
PHX,2019-04-19,4,0,0,1,4,100.0,100.0,100.0,0.0,10.0,0.0,0.0,0.0,0.55,1.0,6.75
PHX,2019-04-19,5,15,0,16,4,93.75,93.75,50.0,5.5,11.75,2.97,6.31,0.25,1.82,2.5,39.75
PHX,2019-04-19,6,21,25,30,25,90.0,86.67,96.0,4.17,16.03,5.68,7.93,2.68,2.14,1.48,8.48
PHX,2019-04-19,7,41,35,51,36,92.16,88.24,97.22,4.16,16.61,6.6,8.04,1.33,1.75,1.08,1.92
PHX,2019-04-19,8,52,27,50,27,82.0,80.0,96.3,14.46,17.8,8.27,20.32,1.93,2.4,1.74,1.81
PHX,2019-04-19,9,29,45,29,44,72.41,62.07,100.0,19.83,17.28,6.95,24.76,2.93,5.92,0.8,0.55
PHX,2019-04-19,10,46,29,46,30,80.43,78.26,86.67,21.43,17.48,7.99,26.57,1.93,2.2,1.6,4.73
PHX,2019-04-19,11,29,39,31,39,87.1,83.87,84.62,13.45,13.61,4.04,15.84,2.38,1.9,1.79,24.44
PHX,2019-04-19,12,41,33,41,33,85.37,70.73,84.85,12.68,16.83,6.72,17.95,1.55,2.36,1.3,5.64
PHX,2019-04-19,13,26,21,27,21,74.07,74.07,90.48,10.48,13.63,3.87,13.41,1.67,1.13,0.29,4.43
PHX,2019-04-19,14,31,34,31,34,83.87,74.19,91.18,11.39,13.48,4.22,14.55,1.85,2.95,2.38,5.88
PHX,2019-04-19,15,29,29,29,31,86.21,79.31,77.42,7.48,16.21,6.19,11.52,1.35,0.9,1.23,13.68
PHX,2019-04-19,16,35,30,34,31,70.59,70.59,87.1,10.79,12.85,3.37,12.59,2.26,1.25,1.81,9.23
PHX,2019-04-19,17,26,28,28,34,67.86,53.57,70.59,13.57,16.21,6.33,18.14,1.97,2.82,3.09,24.85
PHX,2019-04-19,18,35,37,38,49,71.05,63.16,67.35,22.32,13.24,3.71,24.58,2.67,1.74,2.82,13.47
PHX,2019-04-19,19,21,52,22,55,77.27,72.73,81.82,12.09,12.59,3.03,13.91,1.71,4.59,0.87,13.45
PHX,2019-04-19,20,40,31,43,32,69.77,60.47,68.75,13.19,15.81,6.1,17.3,2.0,2.18,1.66,15.56
PHX,2019-04-19,21,20,30,21,30,61.9,61.9,63.33,18.33,10.9,2.41,20.24,2.73,4.03,3.53,23.13
PHX,2019-04-19,22,7,15,7,17,100.0,100.0,70.59,1.0,11.43,3.01,2.43,1.35,3.34,1.82,38.12
PHX,2019-04-19,23,8,14,9,16,55.56,55.56,62.5,43.78,12.56,2.26,44.22,1.81,1.07,0.63,27.5
PHX,2019-04-20,0,3,2,2,3,100.0,100.0,66.67,0.0,10.5,0.85,0.0,1.33,0.97,1.0,37.67
PHX,2019-04-20,1,2,0,4,1,75.0,75.0,100.0,4.5,10.25,0.18,4.25,7.0,1.1,8.0,0.0
PHX,2019-04-20,2,0,0,0,0,0.0,0.0,0.0,0.0,0.0,0.0,0.0,0.0,0.0,0.0,0.0
PHX,2019-04-20,3,0,0,0,0,0.0,0.0,0.0,0.0,0.0,0.0,0.0,0.0,0.0,0.0,0.0
PHX,2019-04-20,4,0,0,0,2,0.0,0.0,50.0,0.0,0.0,0.0,0.0,0.0,1.6,0.0,28.5
PHX,2019-04-20,5,11,0,12,2,100.0,100.0,100.0,0.42,12.0,2.92,1.58,0.0,4.1,4.0,5.0
PHX,2019-04-20,6,12,16,18,16,77.78,72.22,81.25,6.28,13.44,3.62,8.89,2.69,0.92,0.06,13.25
PHX,2019-04-20,7,35,44,42,37,90.48,80.95,94.59,3.05,15.98,5.83,6.6,1.57,2.4,1.59,1.68
PHX,2019-04-20,8,51,21,52,21,94.23,75.0,80.95,2.06,19.87,10.4,10.38,1.86,7.12,2.48,6.29
PHX,2019-04-20,9,28,33,30,33,83.33,73.33,93.94,5.43,19.37,9.31,12.67,2.0,8.66,1.21,1.3
PHX,2019-04-20,10,29,35,31,35,83.87,61.29,85.71,9.39,19.35,8.97,15.52,2.14,1.84,3.8,6.37
PHX,2019-04-20,11,37,34,36,33,83.33,66.67,87.88,15.58,15.83,6.62,20.89,2.91,4.03,2.36,8.7
PHX,2019-04-20,12,37,36,38,37,84.21,81.58,89.19,9.42,12.84,3.0,11.18,1.08,2.3,1.19,6.76
PHX,2019-04-20,13,27,18,27,18,88.89,88.89,88.89,3.26,11.0,1.7,3.81,2.56,1.36,0.22,17.78
PHX,2019-04-20,14,25,31,25,33,84.0,84.0,84.85,13.08,11.64,2.26,14.44,1.67,2.25,1.24,4.61
PHX,2019-04-20,15,29,23,30,23,90.0,90.0,91.3,10.77,13.87,3.81,12.97,0.96,2.23,0.61,2.83
PHX,2019-04-20,16,23,35,23,38,86.96,78.26,78.95,5.43,13.17,3.58,7.7,2.13,3.95,2.84,12.18
PHX,2019-04-20,17,35,29,37,31,89.19,81.08,83.87,7.14,13.14,4.35,10.03,2.29,1.71,1.1,7.06
PHX,2019-04-20,18,24,41,26,44,73.08,69.23,77.27,10.19,12.58,2.67,11.23,1.64,2.77,3.7,12.89
PHX,2019-04-20,19,25,38,24,39,83.33,83.33,89.74,6.5,10.33,1.94,7.25,1.82,4.47,1.21,5.69
PHX,2019-04-20,20,32,17,32,17,90.63,81.25,76.47,6.34,16.53,6.06,9.5,1.71,2.19,0.41,9.35
PHX,2019-04-20,21,7,18,7,19,100.0,85.71,89.47,1.86,15.29,4.54,5.0,1.32,4.34,0.84,2.74
PHX,2019-04-20,22,4,8,4,9,100.0,100.0,88.89,0.0,11.0,1.43,0.5,1.56,3.5,0.56,14.67
PHX,2019-04-20,23,7,6,8,7,100.0,100.0,85.71,0.0,12.5,2.47,1.63,0.86,3.07,0.29,3.86
PHX,2019-04-21,0,2,3,2,4,100.0,100.0,50.0,2.5,14.0,3.7,4.0,1.25,1.27,4.5,38.5
PHX,2019-04-21,1,2,1,3,1,100.0,100.0,100.0,3.0,10.0,0.13,3.0,4.0,6.2,10.0,0.0
PHX,2019-04-21,2,0,0,0,0,0.0,0.0,0.0,0.0,0.0,0.0,0.0,0.0,0.0,0.0,0.0
PHX,2019-04-21,3,0,0,1,1,100.0,100.0,100.0,0.0,6.0,0.0,0.0,0.0,0.0,0.0,0.0
PHX,2019-04-21,4,0,0,2,0,100.0,100.0,0.0,0.0,7.5,0.2,0.0,0.0,0.0,0.0,0.0
PHX,2019-04-21,5,7,0,8,1,87.5,87.5,0.0,5.5,15.0,4.91,8.75,0.0,4.2,15.0,102.0
PHX,2019-04-21,6,24,18,26,18,96.15,92.31,100.0,1.08,15.0,5.12,4.62,3.11,1.58,1.56,0.61
PHX,2019-04-21,7,32,27,30,27,100.0,100.0,96.3,0.07,14.87,5.15,2.1,1.44,4.17,0.52,2.89
PHX,2019-04-21,8,39,33,38,32,84.21,73.68,96.88,9.87,18.34,8.11,14.63,2.66,3.45,1.13,1.16
PHX,2019-04-21,9,40,36,41,36,92.68,90.24,91.67,3.54,13.0,3.91,5.1,2.31,12.02,3.03,8.97
PHX,2019-04-21,10,32,31,34,32,97.06,91.18,96.88,4.35,13.09,2.93,5.62,2.16,2.05,1.13,1.69
PHX,2019-04-21,11,35,34,34,34,97.06,94.12,88.24,1.32,11.03,2.19,2.32,2.15,3.29,0.97,4.35
PHX,2019-04-21,12,38,35,38,36,84.21,84.21,97.22,18.58,12.26,2.67,19.92,1.31,3.36,1.17,1.08
PHX,2019-04-21,13,32,23,34,24,82.35,82.35,83.33,15.5,12.18,2.68,16.74,2.08,2.13,1.04,14.79
PHX,2019-04-21,14,26,28,29,30,79.31,72.41,96.67,6.86,11.93,2.32,8.48,1.7,3.15,2.43,2.27
PHX,2019-04-21,15,31,29,31,31,80.65,80.65,83.87,16.58,10.87,1.53,17.19,2.16,0.91,6.03,13.16
PHX,2019-04-21,16,33,28,33,32,87.88,90.91,87.5,7.15,10.7,1.5,7.64,1.63,3.03,1.84,6.19
PHX,2019-04-21,17,22,35,24,37,79.17,75.0,86.49,9.5,12.38,2.68,11.08,2.65,1.25,1.59,7.22
PHX,2019-04-21,18,42,34,43,34,81.4,74.42,91.18,10.3,13.3,3.86,12.49,1.88,1.72,1.82,5.47
PHX,2019-04-21,19,21,46,22,47,77.27,81.82,89.36,7.32,11.82,2.84,8.41,2.6,2.92,1.79,4.43
PHX,2019-04-21,20,35,24,34,24,88.24,85.29,66.67,5.38,13.26,3.36,6.62,2.17,2.03,2.21,21.83
PHX,2019-04-21,21,20,35,20,35,70.0,70.0,82.86,16.2,10.35,1.65,16.75,2.31,3.57,2.0,8.2
PHX,2019-04-21,22,15,28,15,29,46.67,46.67,93.1,23.87,10.6,1.95,25.2,1.79,4.1,2.52,3.31
PHX,2019-04-21,23,20,20,21,20,95.24,95.24,80.0,1.62,15.33,4.9,5.05,1.75,5.87,1.75,6.05
PHX,2019-04-22,0,6,3,6,3,100.0,100.0,66.67,2.17,14.17,4.25,5.5,0.0,1.9,0.0,20.67
PHX,2019-04-22,1,2,0,3,1,100.0,100.0,100.0,0.0,11.33,1.03,0.0,0.0,2.5,0.0,0.0
PHX,2019-04-22,3,0,0,0,1,0.0,0.0,0.0,0.0,0.0,0.0,0.0,6.0,1.1,8.0,25.0
PHX,2019-04-22,4,0,0,1,0,100.0,100.0,0.0,0.0,14.0,3.4,3.0,0.0,0.0,0.0,0.0
PHX,2019-04-22,5,15,0,15,0,86.67,86.67,0.0,3.67,12.87,3.87,6.73,0.0,0.0,0.0,0.0
PHX,2019-04-22,6,22,24,26,25,92.31,92.31,96.0,5.23,12.77,2.96,7.08,3.2,1.57,1.76,1.72
PHX,2019-04-22,7,41,33,42,37,92.86,88.1,94.59,7.57,15.38,5.61,10.86,1.89,2.39,2.11,2.81
PHX,2019-04-22,8,52,29,55,31,81.82,61.82,87.1,6.71,19.93,10.32,15.25,1.94,5.81,4.52,7.32
PHX,2019-04-22,9,29,48,32,49,84.38,81.25,85.71,8.25,17.78,7.45,13.91,2.2,6.01,2.04,11.14
PHX,2019-04-22,10,46,28,48,29,81.25,68.75,79.31,12.4,17.46,7.92,18.54,1.66,1.48,1.93,11.83
PHX,2019-04-22,11,28,39,28,41,85.71,82.14,92.68,13.89,14.32,5.19,16.96,1.41,1.32,1.46,4.76
PHX,2019-04-22,12,40,32,39,32,89.74,82.05,100.0,4.44,15.92,5.92,8.44,1.97,2.54,1.0,1.31
PHX,2019-04-22,13,26,21,28,22,85.71,85.71,68.18,8.25,13.21,3.53,9.96,3.18,0.96,0.68,19.55
PHX,2019-04-22,14,32,34,36,34,80.56,80.56,91.18,10.53,12.14,2.91,12.47,1.88,2.03,0.88,14.38
PHX,2019-04-22,15,29,29,31,30,80.65,74.19,93.33,16.29,12.9,3.01,18.35,1.93,2.44,0.2,1.7
PHX,2019-04-22,16,35,30,35,30,82.86,80.0,86.67,9.14,11.6,2.37,10.46,2.43,2.79,1.73,6.87
PHX,2019-04-22,17,26,29,29,33,79.31,68.97,84.85,12.76,13.14,3.54,15.17,2.39,3.87,2.39,5.61
PHX,2019-04-22,18,36,37,36,52,72.22,66.67,69.23,13.25,12.5,3.13,15.56,3.67,2.93,4.15,8.71
PHX,2019-04-22,19,19,51,23,52,65.22,52.17,90.38,19.91,13.65,4.1,22.65,2.6,5.1,1.87,4.25
PHX,2019-04-22,20,41,31,47,30,76.6,57.45,80.0,17.04,17.15,7.59,22.74,1.83,3.66,2.4,11.57
PHX,2019-04-22,21,20,30,20,29,65.0,60.0,82.76,15.35,9.5,1.4,15.9,3.48,3.94,3.45,6.59
PHX,2019-04-22,22,7,15,7,17,85.71,85.71,76.47,9.29,11.29,2.24,11.0,1.18,0.72,2.35,9.53
PHX,2019-04-22,23,8,14,9,15,88.89,88.89,73.33,5.78,12.0,2.09,6.33,3.93,2.27,1.93,8.8
PHX,2019-04-23,0,2,3,2,3,100.0,100.0,100.0,0.0,9.0,0.0,0.0,1.0,2.3,0.0,0.0
PHX,2019-04-23,1,2,1,3,0,100.0,100.0,0.0,0.0,11.33,1.13,0.0,0.0,0.0,0.0,0.0
PHX,2019-04-23,3,0,0,0,3,0.0,0.0,100.0,0.0,0.0,0.0,0.0,0.33,0.03,2.0,5.67
PHX,2019-04-23,4,0,0,1,3,100.0,100.0,100.0,0.0,11.0,0.4,0.0,0.0,0.7,0.33,3.67
PHX,2019-04-23,5,14,0,15,4,93.33,93.33,50.0,3.27,12.47,3.63,4.8,2.0,0.85,4.25,13.75
PHX,2019-04-23,6,21,23,31,23,80.65,77.42,86.96,5.84,14.48,4.56,8.9,2.83,1.69,2.74,18.22
PHX,2019-04-23,7,39,33,48,36,91.67,87.5,91.67,3.21,16.29,6.46,7.33,2.31,2.27,1.42,3.11
PHX,2019-04-23,8,50,26,55,25,94.55,76.36,96.0,2.38,19.69,10.09,9.93,2.12,3.17,2.6,2.12
PHX,2019-04-23,9,28,44,28,46,89.29,78.57,93.48,8.64,19.07,8.55,14.86,2.72,8.69,2.09,3.43
PHX,2019-04-23,10,44,28,46,29,86.96,73.91,93.1,8.26,17.87,8.41,14.57,1.9,1.13,0.9,5.14
PHX,2019-04-23,11,27,38,27,38,88.89,81.48,92.11,4.48,12.63,3.21,6.3,1.55,1.99,1.29,9.42
PHX,2019-04-23,12,39,33,40,34,85.0,85.0,88.24,11.68,16.38,6.29,16.18,1.59,2.45,2.06,5.41
PHX,2019-04-23,13,26,22,25,20,84.0,84.0,90.0,6.44,12.04,2.34,7.44,2.4,1.23,2.4,10.0
PHX,2019-04-23,14,32,31,33,31,81.82,75.76,90.32,7.48,15.3,5.9,12.0,2.87,2.08,1.55,4.87
PHX,2019-04-23,15,27,28,28,28,85.71,75.0,85.71,11.0,19.07,9.13,17.96,3.36,1.25,0.57,42.32
PHX,2019-04-23,16,34,30,34,34,94.12,88.24,94.12,1.88,14.82,5.13,4.18,4.21,1.04,1.15,3.56
PHX,2019-04-23,17,25,27,27,30,88.89,81.48,86.67,6.63,14.3,4.4,8.78,1.37,1.46,1.27,4.1
PHX,2019-04-23,18,33,34,34,47,88.24,70.59,91.49,7.32,16.15,6.58,12.35,1.83,1.33,1.68,4.06
PHX,2019-04-23,19,18,49,20,54,90.0,90.0,92.59,2.35,16.75,6.91,6.2,3.17,2.95,0.67,11.17
PHX,2019-04-23,20,40,30,45,30,86.67,75.56,83.33,6.36,18.16,8.53,11.78,2.8,1.63,1.33,6.93
PHX,2019-04-23,21,20,28,20,28,80.0,75.0,82.14,12.05,13.0,4.65,14.5,2.0,1.82,3.21,10.39
PHX,2019-04-23,22,7,16,7,17,71.43,71.43,100.0,14.43,12.86,3.71,17.86,1.53,0.48,0.12,0.18
PHX,2019-04-23,23,7,11,8,12,100.0,100.0,75.0,0.5,13.0,2.48,1.75,1.5,1.47,0.08,12.5
PHX,2019-04-24,0,3,3,3,3,100.0,100.0,66.67,0.0,11.67,1.57,0.33,2.0,0.0,1.0,7.0
PHX,2019-04-24,1,2,0,3,1,66.67,66.67,100.0,12.0,15.0,4.5,14.33,5.0,0.5,0.0,0.0
PHX,2019-04-24,2,0,0,0,0,0.0,0.0,0.0,0.0,0.0,0.0,0.0,0.0,0.0,0.0,0.0
PHX,2019-04-24,3,0,0,0,4,0.0,0.0,50.0,0.0,0.0,0.0,0.0,1.5,0.03,0.25,20.75
PHX,2019-04-24,4,0,0,1,2,100.0,100.0,50.0,0.0,11.0,0.4,0.0,1.0,0.1,0.0,10.5
PHX,2019-04-24,5,15,0,17,6,94.12,76.47,33.33,3.88,15.82,6.92,8.94,2.17,1.08,5.17,31.67
PHX,2019-04-24,6,21,24,32,24,93.75,90.63,95.83,2.97,15.53,5.4,6.22,3.79,1.21,1.17,1.42
PHX,2019-04-24,7,40,34,52,36,88.46,82.69,97.22,4.17,16.6,6.83,8.75,2.61,2.46,0.78,1.0
PHX,2019-04-24,8,52,28,53,27,98.11,81.13,85.19,1.91,18.25,8.71,8.68,2.85,5.71,4.15,5.63
PHX,2019-04-24,9,30,44,30,44,86.67,73.33,93.18,5.33,16.6,6.47,10.03,2.18,10.63,1.34,4.5
PHX,2019-04-24,10,43,27,43,27,86.05,79.07,96.3,4.93,15.12,5.75,9.6,1.33,1.46,1.11,1.93
PHX,2019-04-24,11,27,39,27,38,96.3,92.59,92.11,2.11,14.3,4.51,5.48,1.32,1.37,0.89,19.0
PHX,2019-04-24,12,39,32,40,34,90.0,85.0,91.18,12.63,12.68,2.84,14.2,1.26,1.84,0.47,12.65
PHX,2019-04-24,13,26,21,27,21,88.89,88.89,90.48,4.59,12.7,3.1,6.26,2.48,0.91,0.0,6.86
PHX,2019-04-24,14,31,35,31,37,90.32,87.1,94.59,4.35,10.84,1.76,5.29,1.65,2.09,1.35,3.35
PHX,2019-04-24,15,30,29,30,31,83.33,83.33,90.32,14.33,13.57,3.63,16.63,2.68,2.27,1.84,3.32
PHX,2019-04-24,16,34,30,35,33,77.14,77.14,84.85,13.66,10.4,1.39,14.31,1.48,1.62,0.45,19.61
PHX,2019-04-24,17,25,28,27,33,81.48,77.78,84.85,11.48,11.81,2.29,12.78,2.15,1.16,1.64,10.24
PHX,2019-04-24,18,36,36,35,51,68.57,60.0,82.35,13.71,14.14,4.55,17.29,2.75,2.39,3.61,7.27
PHX,2019-04-24,19,19,51,24,56,87.5,83.33,85.71,6.0,13.38,3.8,8.33,3.46,4.61,2.45,9.09
PHX,2019-04-24,20,40,30,46,31,78.26,73.91,83.87,12.33,15.41,5.75,15.91,1.81,3.08,1.45,9.55
PHX,2019-04-24,21,20,28,21,28,80.95,76.19,85.71,9.81,10.38,1.77,10.81,1.82,1.85,0.25,13.43
PHX,2019-04-24,22,7,16,7,18,85.71,100.0,77.78,2.14,9.14,1.03,2.14,1.44,3.17,0.5,14.89
PHX,2019-04-24,23,8,14,9,14,88.89,88.89,85.71,3.11,12.11,1.64,3.0,1.79,7.57,0.86,2.79
PHX,2019-04-25,0,3,2,3,3,100.0,100.0,100.0,0.0,10.67,0.57,0.0,3.33,2.83,1.67,1.33
PHX,2019-04-25,1,2,1,3,0,100.0,100.0,0.0,0.67,12.67,2.37,2.33,0.0,0.0,0.0,0.0
PHX,2019-04-25,2,0,0,0,0,0.0,0.0,0.0,0.0,0.0,0.0,0.0,0.0,0.0,0.0,0.0
PHX,2019-04-25,3,0,0,0,3,0.0,0.0,100.0,0.0,0.0,0.0,0.0,0.0,2.07,1.33,3.33
PHX,2019-04-25,4,0,0,0,3,0.0,0.0,100.0,0.0,0.0,0.0,0.0,0.0,1.77,1.0,0.0
PHX,2019-04-25,5,15,0,17,4,64.71,58.82,50.0,8.41,12.06,3.34,10.76,1.25,0.83,2.5,18.5
PHX,2019-04-25,6,22,25,33,24,90.91,72.73,95.83,3.94,17.97,7.76,9.85,1.46,1.56,0.42,1.63
PHX,2019-04-25,7,40,34,52,34,88.46,80.77,97.06,4.5,15.73,5.85,8.13,0.62,1.57,0.26,1.71
PHX,2019-04-25,8,51,27,53,29,98.11,73.58,89.66,1.83,19.55,9.97,9.17,2.45,6.41,3.03,2.79
PHX,2019-04-25,9,29,42,30,42,90.0,76.67,100.0,4.33,18.83,8.35,10.63,2.79,9.06,2.31,1.43
PHX,2019-04-25,10,44,27,45,28,91.11,86.67,89.29,10.42,17.02,7.66,15.62,2.0,1.12,1.68,3.43
PHX,2019-04-25,11,28,40,28,39,96.43,89.29,92.31,7.64,14.71,4.87,11.11,1.36,1.28,1.18,17.26
PHX,2019-04-25,12,41,33,41,32,80.49,80.49,87.5,15.51,12.93,2.98,16.51,1.34,2.81,2.69,9.25
PHX,2019-04-25,13,26,22,25,22,84.0,84.0,90.91,11.2,12.48,2.95,13.16,2.64,2.03,0.77,2.5
PHX,2019-04-25,14,32,33,34,33,76.47,76.47,87.88,12.0,10.97,1.66,12.97,2.03,2.34,0.42,6.24
PHX,2019-04-25,15,29,31,30,31,70.0,70.0,93.55,26.3,12.97,2.98,28.07,1.06,2.55,0.19,5.23
PHX,2019-04-25,16,35,30,36,31,83.33,80.56,90.32,10.81,12.0,2.64,12.72,1.97,1.57,0.94,2.35
PHX,2019-04-25,17,25,29,26,35,76.92,73.08,91.43,8.42,13.31,3.63,10.62,1.77,1.96,2.06,5.63
PHX,2019-04-25,18,36,36,35,50,77.14,74.29,82.0,18.37,13.91,4.3,21.71,2.1,1.97,3.04,8.9
PHX,2019-04-25,19,18,51,21,57,71.43,71.43,89.47,14.48,12.29,3.09,16.0,1.98,4.04,0.79,4.95
PHX,2019-04-25,20,41,30,49,30,79.59,69.39,86.67,11.76,16.88,7.09,16.53,1.8,2.52,0.87,6.63
PHX,2019-04-25,21,19,30,20,31,80.0,80.0,74.19,7.4,9.9,1.59,8.25,2.13,4.12,2.74,15.35
PHX,2019-04-25,22,7,15,7,17,57.14,57.14,70.59,26.43,9.14,0.84,26.0,0.88,1.07,0.24,11.88
PHX,2019-04-25,23,8,13,9,13,100.0,100.0,84.62,1.11,16.11,4.74,3.56,1.15,2.23,0.08,10.92
PHX,2019-04-26,0,3,2,3,3,100.0,100.0,33.33,2.0,12.0,1.23,1.67,1.0,0.63,6.67,21.33
PHX,2019-04-26,1,2,0,4,1,75.0,75.0,100.0,6.5,12.5,2.13,7.25,0.0,4.5,0.0,0.0
PHX,2019-04-26,2,0,0,0,0,0.0,0.0,0.0,0.0,0.0,0.0,0.0,0.0,0.0,0.0,0.0
PHX,2019-04-26,3,0,0,0,1,0.0,0.0,100.0,0.0,0.0,0.0,0.0,0.0,0.0,1.0,0.0
PHX,2019-04-26,4,0,0,1,5,100.0,100.0,80.0,0.0,11.0,0.4,0.0,0.0,0.86,1.0,7.6
PHX,2019-04-26,5,15,0,18,4,83.33,83.33,0.0,6.61,12.22,3.49,8.89,2.75,1.32,7.0,37.75
PHX,2019-04-26,6,21,25,30,26,90.0,80.0,100.0,6.13,18.8,8.49,12.8,1.0,1.03,0.46,0.54
PHX,2019-04-26,7,41,36,51,38,92.16,78.43,94.74,4.73,18.35,8.53,10.82,1.45,3.97,2.42,3.32
PHX,2019-04-26,8,53,27,53,28,84.91,67.92,96.43,7.96,18.57,9.0,15.36,1.39,6.07,2.79,2.32
PHX,2019-04-26,9,29,45,30,44,90.0,66.67,93.18,6.6,17.9,7.49,12.37,2.34,9.51,2.84,5.2
PHX,2019-04-26,10,46,29,46,28,82.61,69.57,96.43,15.74,19.04,9.59,22.98,1.0,1.85,0.57,5.57
PHX,2019-04-26,11,29,39,29,40,79.31,72.41,90.0,5.93,14.41,4.61,8.62,1.25,1.69,0.65,18.3
PHX,2019-04-26,12,41,34,44,32,75.0,68.18,93.75,18.41,13.61,3.74,20.95,1.19,2.44,0.88,3.28
PHX,2019-04-26,13,26,21,25,23,76.0,76.0,78.26,6.88,13.0,2.92,8.64,3.35,1.4,2.7,18.22
PHX,2019-04-26,14,32,34,33,34,69.7,63.64,94.12,15.33,11.91,2.68,16.88,3.21,4.5,2.21,1.97
PHX,2019-04-26,15,29,29,30,30,86.67,86.67,76.67,3.47,13.1,3.06,4.97,1.73,1.05,0.5,11.7
PHX,2019-04-26,16,35,30,34,31,58.82,50.0,83.87,18.5,12.32,3.18,20.91,2.0,2.06,6.97,17.1
PHX,2019-04-26,17,25,28,26,32,76.92,73.08,75.0,9.77,13.04,3.32,11.92,1.91,2.95,1.53,27.5
PHX,2019-04-26,18,35,37,37,46,70.27,70.27,60.87,24.3,11.03,1.57,25.22,1.98,1.45,2.37,20.93
PHX,2019-04-26,19,21,53,21,56,85.71,85.71,69.64,10.76,11.76,2.05,11.52,1.48,2.38,1.77,16.86
PHX,2019-04-26,20,41,30,44,29,65.91,63.64,79.31,18.66,11.7,2.23,19.84,1.83,1.68,1.07,12.93
PHX,2019-04-26,21,19,30,19,30,63.16,63.16,73.33,21.11,10.53,2.39,23.05,2.57,1.84,1.53,37.5
PHX,2019-04-26,22,7,15,6,15,83.33,83.33,93.33,5.0,13.83,4.45,8.83,0.93,1.91,0.33,7.87
PHX,2019-04-26,23,8,14,9,15,88.89,77.78,66.67,26.22,14.67,3.63,29.11,1.2,2.61,0.8,25.0
PHX,2019-04-27,0,3,1,3,2,100.0,100.0,50.0,0.0,12.0,1.23,0.0,0.0,0.9,0.0,15.5
PHX,2019-04-27,1,2,0,3,0,100.0,100.0,0.0,0.0,14.0,3.7,1.33,0.0,0.0,0.0,0.0
PHX,2019-04-27,3,0,0,0,0,0.0,0.0,0.0,0.0,0.0,0.0,0.0,0.0,0.0,0.0,0.0
PHX,2019-04-27,4,0,0,0,2,0.0,0.0,50.0,0.0,0.0,0.0,0.0,0.0,2.1,2.0,14.5
PHX,2019-04-27,5,11,0,12,1,91.67,91.67,100.0,2.5,13.25,4.01,4.67,0.0,2.1,0.0,9.0
PHX,2019-04-27,6,13,16,18,16,83.33,83.33,93.75,6.11,13.72,3.79,8.61,1.88,1.85,1.44,26.5
PHX,2019-04-27,7,37,44,42,41,85.71,85.71,92.68,12.88,14.19,4.21,14.69,1.07,2.42,0.68,7.22
PHX,2019-04-27,8,55,22,55,23,87.27,54.55,91.3,6.71,22.36,12.75,17.2,2.43,7.16,4.35,5.57
PHX,2019-04-27,9,27,35,27,36,92.59,66.67,88.89,4.7,19.22,9.06,12.33,4.36,10.29,4.81,10.17
PHX,2019-04-27,10,30,35,29,36,86.21,86.21,94.44,8.66,16.07,5.82,13.14,1.72,1.08,1.42,4.42
PHX,2019-04-27,11,37,35,38,36,81.58,73.68,86.11,13.68,15.11,6.16,18.76,1.81,1.67,0.81,8.67
PHX,2019-04-27,12,40,36,39,36,71.79,61.54,91.67,19.97,13.79,3.8,23.0,1.5,1.65,2.86,10.06
PHX,2019-04-27,13,28,18,27,20,92.59,88.89,80.0,5.44,12.63,2.81,6.63,2.45,1.84,0.9,13.2
PHX,2019-04-27,14,25,32,26,33,84.62,84.62,87.88,10.12,11.69,2.31,11.58,2.52,2.55,1.58,9.21
PHX,2019-04-27,15,29,26,29,24,89.66,86.21,79.17,8.31,12.0,1.98,9.1,1.08,2.07,1.92,7.5
PHX,2019-04-27,16,26,36,26,36,88.46,88.46,80.56,4.0,12.69,3.13,5.46,1.83,3.32,2.94,8.86
PHX,2019-04-27,17,37,29,39,31,84.62,82.05,77.42,9.85,11.85,2.91,11.54,1.71,1.93,1.55,5.9
PHX,2019-04-27,18,24,42,24,43,79.17,75.0,88.37,9.75,12.46,2.49,11.29,2.37,1.74,1.37,6.81
PHX,2019-04-27,19,25,43,23,44,86.96,86.96,79.55,12.13,9.61,1.34,12.78,2.3,2.01,2.59,20.14
PHX,2019-04-27,20,32,19,33,17,90.91,75.76,94.12,24.27,18.7,8.22,30.52,2.0,1.64,0.18,1.71
PHX,2019-04-27,21,7,19,7,17,100.0,100.0,76.47,0.0,11.0,1.16,0.29,2.47,2.71,1.65,9.88
PHX,2019-04-27,22,4,8,4,11,100.0,100.0,81.82,0.5,11.0,1.1,1.75,1.18,1.07,4.0,9.09
PHX,2019-04-27,23,7,5,7,6,71.43,42.86,83.33,22.29,17.29,6.96,28.86,1.17,1.25,0.5,20.17
PHX,2019-04-28,0,2,1,2,1,100.0,100.0,100.0,3.0,14.0,3.85,7.0,4.0,1.8,0.0,0.0
PHX,2019-04-28,1,2,1,3,0,100.0,100.0,0.0,0.0,12.0,1.7,0.0,0.0,0.0,0.0,0.0
PHX,2019-04-28,2,0,0,0,0,0.0,0.0,0.0,0.0,0.0,0.0,0.0,0.0,0.0,0.0,0.0
PHX,2019-04-28,3,0,0,2,1,50.0,50.0,100.0,10.0,10.5,2.2,11.5,0.0,0.0,0.0,0.0
PHX,2019-04-28,4,0,0,1,0,100.0,100.0,0.0,2.0,5.0,0.0,0.0,0.0,0.0,0.0,0.0
PHX,2019-04-28,5,8,0,9,0,100.0,88.89,0.0,1.78,13.0,2.94,3.33,0.0,0.0,0.0,0.0
PHX,2019-04-28,6,25,18,26,18,96.15,92.31,100.0,1.73,14.42,5.02,5.12,2.44,1.76,1.89,0.61
PHX,2019-04-28,7,37,28,36,29,86.11,80.56,86.21,22.06,15.17,5.38,25.67,0.76,3.98,2.17,14.55
PHX,2019-04-28,8,42,34,40,34,92.5,67.5,97.06,7.53,21.95,11.78,16.88,2.79,2.93,2.06,1.59
PHX,2019-04-28,9,43,37,42,37,90.48,83.33,91.89,2.88,16.21,6.99,7.9,4.3,4.75,1.65,3.43
PHX,2019-04-28,10,33,30,34,31,94.12,88.24,83.87,2.97,17.97,7.69,8.74,2.26,0.97,2.13,8.16
PHX,2019-04-28,11,34,39,36,39,72.22,66.67,92.31,21.25,12.5,3.45,22.97,2.08,1.81,1.15,7.74
PHX,2019-04-28,12,39,35,40,36,87.5,80.0,72.22,5.88,16.02,6.1,10.5,14.36,1.84,14.19,33.33
PHX,2019-04-28,13,32,22,33,24,69.7,66.67,87.5,15.03,12.33,2.88,16.91,1.79,1.88,1.13,8.5
PHX,2019-04-28,14,26,30,26,33,88.46,84.62,87.88,7.42,12.81,3.29,10.12,1.42,3.11,1.7,10.97
PHX,2019-04-28,15,32,31,33,34,84.85,81.82,91.18,13.03,13.33,3.67,15.58,1.71,1.71,1.94,5.38
PHX,2019-04-28,16,33,28,33,33,87.88,69.7,84.85,8.12,14.79,5.33,12.58,1.7,1.65,0.85,9.36
PHX,2019-04-28,17,23,35,26,35,84.62,69.23,82.86,12.58,16.08,6.52,17.65,2.14,1.82,1.54,6.43
PHX,2019-04-28,18,41,36,41,38,70.73,68.29,76.32,12.27,11.83,2.64,14.05,1.97,2.35,2.29,11.74
PHX,2019-04-28,19,21,50,22,52,59.09,54.55,80.77,18.05,13.23,4.3,21.68,2.35,4.4,3.79,12.37
PHX,2019-04-28,20,37,24,37,23,72.97,67.57,86.96,14.0,13.08,3.44,16.57,1.04,3.73,1.61,7.83
PHX,2019-04-28,21,18,33,18,35,72.22,72.22,82.86,11.44,10.72,2.69,13.11,2.6,3.01,2.66,6.94
PHX,2019-04-28,22,11,17,12,20,66.67,66.67,85.0,12.0,9.17,0.89,12.58,2.3,1.31,2.5,6.15
PHX,2019-04-28,23,8,16,9,16,100.0,88.89,62.5,2.44,11.89,1.98,3.33,3.0,1.14,0.56,10.19
PHX,2019-04-29,0,3,2,3,1,66.67,66.67,100.0,8.67,10.67,1.23,8.33,6.0,2.8,0.0,0.0
PHX,2019-04-29,1,2,0,3,1,100.0,100.0,100.0,0.0,10.67,0.47,0.0,0.0,1.5,0.0,0.0
PHX,2019-04-29,3,0,0,0,1,0.0,0.0,0.0,0.0,0.0,0.0,0.0,3.0,1.1,6.0,20.0
PHX,2019-04-29,4,0,0,1,0,100.0,100.0,0.0,0.0,18.0,7.4,7.0,0.0,0.0,0.0,0.0
PHX,2019-04-29,5,14,0,15,0,86.67,80.0,0.0,10.2,13.13,4.35,13.6,0.0,0.0,0.0,0.0
PHX,2019-04-29,6,22,23,25,24,88.0,84.0,95.83,6.24,16.16,5.99,10.0,2.96,0.98,1.92,4.58
PHX,2019-04-29,7,40,34,40,37,80.0,77.5,94.59,9.85,16.2,6.44,14.68,1.27,1.08,1.65,2.38
PHX,2019-04-29,8,54,29,54,28,77.78,35.19,82.14,16.56,29.11,19.56,34.07,2.5,4.64,4.96,24.57
PHX,2019-04-29,9,32,45,33,47,69.7,30.3,72.34,13.85,26.21,15.76,27.82,7.53,7.63,8.81,8.32
PHX,2019-04-29,10,43,29,45,29,62.22,53.33,62.07,16.6,14.96,5.71,21.4,5.62,1.64,6.21,16.31
PHX,2019-04-29,11,27,39,25,39,84.0,84.0,64.1,8.32,13.4,3.44,10.64,3.62,1.78,3.9,18.97
PHX,2019-04-29,12,40,32,40,31,65.0,50.0,77.42,24.4,19.88,9.86,33.5,3.77,3.0,3.97,8.13
PHX,2019-04-29,13,26,21,28,23,67.86,60.71,17.39,17.04,13.89,4.18,19.93,45.61,3.02,75.52,106.09
PHX,2019-04-29,14,32,34,36,36,33.33,30.56,38.89,46.97,17.03,7.53,54.28,13.89,3.92,17.28,37.36
PHX,2019-04-29,15,30,29,30,36,43.33,10.0,52.78,43.5,21.8,11.92,54.87,9.33,2.82,12.53,20.58
PHX,2019-04-29,16,33,28,36,32,55.56,50.0,28.13,19.39,14.5,5.07,23.53,19.13,2.94,19.53,39.59
PHX,2019-04-29,17,24,28,25,31,36.0,32.0,58.06,35.92,13.32,3.4,38.92,4.45,2.52,6.03,26.61
PHX,2019-04-29,18,35,35,35,48,60.0,54.29,50.0,37.83,14.17,4.74,42.11,3.88,3.9,5.9,29.29
PHX,2019-04-29,19,18,53,22,57,54.55,50.0,66.67,27.09,15.23,5.3,31.64,3.16,3.88,4.0,19.67
PHX,2019-04-29,20,41,28,47,28,61.7,31.91,64.29,20.11,23.3,13.43,32.06,4.82,3.76,6.79,17.71
PHX,2019-04-29,21,19,30,19,31,31.58,31.58,54.84,23.21,13.89,5.18,28.21,7.61,5.7,6.68,26.48
PHX,2019-04-29,22,7,15,7,16,28.57,28.57,50.0,38.14,14.43,5.43,43.29,7.31,2.68,7.38,34.31
PHX,2019-04-29,23,8,14,9,14,77.78,77.78,71.43,7.67,14.0,2.92,9.67,4.36,4.86,6.93,11.71
PHX,2019-04-30,0,3,2,4,2,75.0,75.0,50.0,9.0,13.5,2.42,11.0,2.5,0.4,0.0,20.0
PHX,2019-04-30,1,2,0,3,0,100.0,100.0,0.0,3.67,10.67,0.9,4.67,0.0,0.0,0.0,0.0
PHX,2019-04-30,3,0,0,0,1,0.0,0.0,0.0,0.0,0.0,0.0,0.0,0.0,0.1,0.0,20.0
PHX,2019-04-30,4,0,0,1,5,100.0,100.0,60.0,1.0,11.0,0.4,1.0,3.6,0.86,5.4,11.0
PHX,2019-04-30,5,14,0,16,6,87.5,87.5,33.33,3.75,13.56,4.82,7.25,1.83,0.25,3.83,28.83
PHX,2019-04-30,6,20,22,30,20,70.0,66.67,85.0,15.1,15.33,5.43,19.0,2.45,0.9,2.25,12.5
PHX,2019-04-30,7,38,33,51,34,74.51,68.63,88.24,7.94,17.0,6.96,13.04,1.62,2.1,3.12,2.71
PHX,2019-04-30,8,50,27,51,28,84.31,64.71,85.71,7.59,20.8,11.21,16.71,2.64,1.91,2.32,9.54
PHX,2019-04-30,9,31,44,32,48,84.38,65.63,89.58,12.94,19.44,9.05,20.59,2.71,5.75,3.38,4.27
PHX,2019-04-30,10,42,25,41,25,87.8,75.61,92.0,7.22,15.68,6.32,12.02,2.04,1.43,1.84,24.4
PHX,2019-04-30,11,25,39,24,38,91.67,87.5,86.84,8.21,13.04,3.42,10.54,1.61,1.69,1.32,4.92
PHX,2019-04-30,12,39,31,36,30,86.11,75.0,90.0,10.53,16.61,6.43,15.5,2.33,2.95,3.2,7.6
PHX,2019-04-30,13,24,22,24,24,87.5,87.5,70.83,7.21,10.54,1.1,7.46,2.38,2.15,3.08,12.38
PHX,2019-04-30,14,32,31,34,32,76.47,70.59,90.63,11.5,12.62,3.44,14.35,2.0,2.17,1.66,7.34
PHX,2019-04-30,15,28,27,27,28,77.78,77.78,60.71,14.74,13.44,3.49,17.04,3.29,1.92,3.96,18.68
PHX,2019-04-30,16,31,28,32,27,68.75,65.63,77.78,17.25,12.0,2.6,18.97,3.96,1.6,4.04,11.07
PHX,2019-04-30,17,24,28,25,33,68.0,68.0,84.85,20.8,12.84,3.24,22.64,2.55,2.23,2.48,9.55
PHX,2019-04-30,18,34,32,32,44,78.13,78.13,79.55,15.72,12.28,2.65,17.63,1.43,1.77,2.3,14.11
PHX,2019-04-30,19,15,51,19,54,84.21,84.21,70.37,5.0,11.89,2.56,6.74,3.72,3.79,4.52,16.13
PHX,2019-04-30,20,42,28,45,27,73.33,68.89,62.96,17.31,15.09,5.35,21.07,2.78,2.07,3.0,22.19
PHX,2019-04-30,21,19,29,19,28,42.11,36.84,64.29,28.47,10.37,2.11,30.0,3.18,4.08,3.46,17.57
PHX,2019-04-30,22,7,15,7,15,42.86,57.14,80.0,21.0,9.71,0.99,21.29,0.87,1.46,4.6,11.27
PHX,2019-04-30,23,7,11,8,11,75.0,87.5,72.73,7.13,12.75,2.48,8.75,0.91,4.55,3.09,15.73
PHX,2019-05-01,0,3,3,3,2,66.67,33.33,100.0,111.0,16.67,6.13,117.33,1.5,0.0,0.0,0.0
PHX,2019-05-01,1,2,0,3,0,100.0,100.0,0.0,0.0,11.33,1.03,0.0,0.0,0.0,0.0,0.0
PHX,2019-05-01,3,0,0,0,1,0.0,0.0,100.0,0.0,0.0,0.0,0.0,0.0,0.1,0.0,0.0
PHX,2019-05-01,4,0,0,1,4,100.0,100.0,50.0,0.0,21.0,10.4,0.0,0.25,0.05,0.0,34.75
PHX,2019-05-01,5,13,0,15,6,93.33,86.67,33.33,3.93,11.93,3.71,6.47,0.67,0.57,3.5,33.83
PHX,2019-05-01,6,21,24,32,25,75.0,65.63,88.0,24.53,17.06,7.1,30.06,3.0,3.23,3.76,4.08
PHX,2019-05-01,7,39,34,49,35,77.55,73.47,94.29,9.22,15.71,5.85,13.22,1.74,1.89,2.29,2.14
PHX,2019-05-01,8,51,26,56,26,96.43,66.07,88.46,4.3,19.95,10.37,12.59,1.96,3.87,2.5,2.65
PHX,2019-05-01,9,32,45,33,48,84.85,66.67,91.67,8.7,18.24,7.94,14.42,2.25,6.64,2.71,4.92
PHX,2019-05-01,10,41,27,41,27,78.05,68.29,81.48,14.17,15.22,5.85,18.32,2.19,1.52,5.67,6.63
PHX,2019-05-01,11,27,39,27,37,77.78,70.37,86.49,11.63,12.41,3.35,14.0,1.89,1.84,0.41,6.27
PHX,2019-05-01,12,39,32,38,32,84.21,81.58,87.5,8.37,13.37,3.33,10.84,0.97,4.21,1.22,5.5
PHX,2019-05-01,13,26,21,26,18,76.92,84.62,88.89,6.92,12.69,2.92,8.23,2.89,1.79,0.33,2.39
PHX,2019-05-01,14,31,33,31,35,80.65,77.42,91.43,9.35,12.87,3.35,11.87,1.83,3.12,1.4,14.69
PHX,2019-05-01,15,29,28,31,29,90.32,83.87,96.55,11.16,12.13,2.2,12.45,1.76,1.75,0.52,1.45
PHX,2019-05-01,16,30,27,30,29,86.67,83.33,75.86,4.57,12.3,3.15,6.17,4.0,1.33,3.76,10.38
PHX,2019-05-01,17,24,27,29,33,62.07,58.62,75.76,15.07,10.76,1.65,15.48,2.0,1.51,1.45,12.12
PHX,2019-05-01,18,35,36,36,52,83.33,75.0,67.31,32.11,13.06,3.4,34.72,2.67,1.72,3.31,20.17
PHX,2019-05-01,19,17,53,23,57,78.26,78.26,78.95,6.48,12.83,3.37,8.96,2.61,2.95,2.09,11.61
PHX,2019-05-01,20,43,29,49,30,73.47,69.39,86.67,13.88,13.02,3.38,15.92,1.8,1.42,1.5,6.3
PHX,2019-05-01,21,20,27,20,27,55.0,55.0,70.37,24.75,9.05,0.8,25.1,2.07,3.06,2.56,14.11
PHX,2019-05-01,22,7,16,7,17,42.86,42.86,94.12,14.0,10.57,1.53,15.29,1.24,1.19,0.41,5.12
PHX,2019-05-01,23,7,12,7,13,85.71,85.71,61.54,8.86,15.0,4.17,11.29,1.23,0.69,2.54,30.62
PHX,2019-05-02,0,5,3,6,3,50.0,50.0,100.0,75.33,12.83,2.47,77.0,2.33,0.97,5.33,7.0
PHX,2019-05-02,1,1,0,2,0,100.0,100.0,0.0,2.5,10.5,0.35,3.0,0.0,0.0,0.0,0.0
PHX,2019-05-02,2,0,0,0,0,0.0,0.0,0.0,0.0,0.0,0.0,0.0,0.0,0.0,0.0,0.0
PHX,2019-05-02,3,0,0,0,1,0.0,0.0,0.0,0.0,0.0,0.0,0.0,5.0,0.0,4.0,21.0
PHX,2019-05-02,4,0,0,1,5,0.0,0.0,60.0,118.0,15.0,4.4,122.0,3.2,1.28,4.2,18.6
PHX,2019-05-02,5,14,0,16,5,75.0,68.75,20.0,9.38,14.75,6.18,14.25,3.6,1.28,7.2,41.6
PHX,2019-05-02,6,21,24,30,21,63.33,56.67,95.24,19.17,16.73,6.52,24.6,2.76,2.61,3.05,1.95
PHX,2019-05-02,7,38,35,47,35,89.36,63.83,94.29,5.49,18.13,8.26,12.32,2.0,3.9,2.66,8.86
PHX,2019-05-02,8,52,25,53,25,86.79,77.36,84.0,6.45,17.75,8.15,13.08,1.68,3.25,4.08,8.12
PHX,2019-05-02,9,31,44,30,43,76.67,70.0,79.07,10.17,14.67,4.52,13.17,3.58,4.67,5.3,13.42
PHX,2019-05-02,10,43,27,45,26,77.78,68.89,84.62,11.56,15.89,6.42,16.49,1.12,0.4,3.77,9.81
PHX,2019-05-02,11,28,38,29,36,72.41,68.97,91.67,25.97,12.03,2.66,27.97,1.14,1.1,0.67,7.22
PHX,2019-05-02,12,38,32,38,32,84.21,76.32,78.13,7.32,15.53,5.39,11.92,1.25,3.58,3.75,14.16
PHX,2019-05-02,13,25,21,25,21,88.0,84.0,71.43,9.28,11.12,1.38,10.2,2.76,2.22,1.86,6.9
PHX,2019-05-02,14,32,32,32,33,71.88,62.5,66.67,12.16,12.28,3.08,14.53,2.06,1.22,1.45,24.52
PHX,2019-05-02,15,29,29,30,30,70.0,66.67,83.33,24.6,12.8,3.05,26.13,2.77,1.98,1.33,11.8
PHX,2019-05-02,16,30,26,31,29,64.52,61.29,68.97,21.03,11.13,2.13,22.23,1.07,1.79,2.45,21.34
PHX,2019-05-02,17,24,29,27,36,62.96,59.26,69.44,23.78,11.96,2.23,25.11,2.06,2.52,2.64,11.5
PHX,2019-05-02,18,35,34,37,49,72.97,72.97,73.47,12.49,10.95,1.59,13.57,2.73,2.38,2.22,16.06
PHX,2019-05-02,19,15,51,20,56,65.0,70.0,64.29,12.3,11.95,2.48,13.05,1.3,2.67,1.96,26.0
PHX,2019-05-02,20,41,29,48,29,66.67,62.5,48.28,20.19,12.65,3.01,22.4,2.03,1.94,0.97,37.28
PHX,2019-05-02,21,21,28,21,27,52.38,47.62,66.67,33.19,9.76,1.39,33.76,1.67,2.61,3.59,19.85
PHX,2019-05-02,22,8,15,9,17,55.56,55.56,58.82,30.0,10.67,2.09,31.56,1.47,1.11,0.47,33.06
PHX,2019-05-02,23,8,11,8,12,62.5,75.0,41.67,25.25,13.13,2.8,26.38,1.58,1.7,0.33,30.17
PHX,2019-05-03,0,4,3,5,3,100.0,100.0,33.33,0.8,11.2,0.42,1.0,0.0,0.97,2.67,39.0
PHX,2019-05-03,1,1,0,2,0,100.0,100.0,0.0,3.0,10.5,0.35,3.5,0.0,0.0,0.0,0.0
PHX,2019-05-03,2,0,0,0,0,0.0,0.0,0.0,0.0,0.0,0.0,0.0,0.0,0.0,0.0,0.0
PHX,2019-05-03,3,0,0,0,1,0.0,0.0,100.0,0.0,0.0,0.0,0.0,0.0,1.1,0.0,0.0
PHX,2019-05-03,4,0,0,1,5,100.0,100.0,80.0,0.0,9.0,0.0,0.0,1.4,0.48,2.0,9.6
PHX,2019-05-03,5,12,1,15,4,86.67,73.33,0.0,9.33,13.4,5.34,12.67,3.5,1.08,6.5,24.75
PHX,2019-05-03,6,22,21,32,22,90.63,84.38,81.82,4.44,14.38,4.63,8.13,2.41,1.3,2.45,13.86
PHX,2019-05-03,7,36,36,41,38,90.24,75.61,92.11,6.49,15.0,5.24,10.51,1.32,2.42,0.79,2.84
PHX,2019-05-03,8,50,25,53,24,84.91,75.47,79.17,6.6,17.92,8.27,12.6,1.54,1.43,1.67,19.54
PHX,2019-05-03,9,35,49,36,50,77.78,72.22,94.0,9.72,18.67,8.42,16.0,2.1,4.56,1.56,8.62
PHX,2019-05-03,10,42,26,42,27,78.57,61.9,85.19,18.48,18.1,8.77,25.57,1.26,0.95,1.74,5.67
PHX,2019-05-03,11,26,35,27,32,70.37,66.67,87.5,13.3,12.04,3.09,15.19,2.72,1.33,1.47,7.75
PHX,2019-05-03,12,35,32,35,32,65.71,62.86,90.63,26.91,12.91,3.45,29.4,2.09,2.28,1.41,5.72
PHX,2019-05-03,13,31,27,30,27,80.0,80.0,59.26,22.0,12.27,2.48,23.13,2.63,1.59,2.48,17.44
PHX,2019-05-03,14,30,32,31,31,67.74,67.74,77.42,16.19,11.19,2.18,17.55,1.9,3.63,1.0,15.23
PHX,2019-05-03,15,29,27,29,29,68.97,62.07,79.31,23.1,14.31,4.55,26.55,1.79,2.05,2.0,20.9
PHX,2019-05-03,16,32,28,32,31,75.0,71.88,77.42,13.5,11.88,2.88,14.84,1.81,1.35,1.87,16.52
PHX,2019-05-03,17,24,23,27,25,66.67,62.96,68.0,28.96,12.0,2.2,30.56,2.68,1.74,1.6,23.0
PHX,2019-05-03,18,27,34,27,46,77.78,77.78,71.74,17.81,12.15,2.81,19.52,2.76,1.51,2.26,12.59
PHX,2019-05-03,19,21,51,21,53,61.9,61.9,58.49,23.71,11.19,1.34,24.43,2.43,2.61,3.3,39.26
PHX,2019-05-03,20,39,31,43,30,44.19,39.53,76.67,49.81,12.26,2.73,52.0,2.03,4.42,1.83,9.9
PHX,2019-05-03,21,20,25,20,25,60.0,45.0,56.0,27.95,10.1,1.66,29.1,2.92,3.45,2.76,17.12
PHX,2019-05-03,22,10,15,11,16,54.55,45.45,50.0,14.36,13.18,3.78,17.64,3.63,2.17,4.5,36.0
PHX,2019-05-03,23,9,12,9,12,88.89,88.89,75.0,5.78,13.0,1.96,5.67,1.42,1.16,0.08,10.58
PHX,2019-05-04,0,3,2,3,3,66.67,66.67,33.33,23.33,12.0,1.33,24.67,2.0,0.27,6.33,31.33
PHX,2019-05-04,1,2,0,3,0,33.33,33.33,0.0,25.67,13.0,2.6,28.33,0.0,0.0,0.0,0.0
PHX,2019-05-04,2,0,0,0,0,0.0,0.0,0.0,0.0,0.0,0.0,0.0,0.0,0.0,0.0,0.0
PHX,2019-05-04,4,0,0,0,2,0.0,0.0,0.0,0.0,0.0,0.0,0.0,0.0,0.6,0.0,31.0
PHX,2019-05-04,5,9,1,11,2,100.0,100.0,50.0,0.64,11.09,2.49,2.27,0.0,0.55,2.5,8.0
PHX,2019-05-04,6,12,10,16,11,100.0,100.0,81.82,0.0,12.75,2.62,1.0,1.82,0.27,0.18,7.45
PHX,2019-05-04,7,29,41,34,39,88.24,76.47,97.44,10.68,17.24,7.49,17.0,1.64,1.36,1.28,8.85
PHX,2019-05-04,8,48,22,47,23,91.49,61.7,91.3,4.91,20.66,11.27,14.13,1.48,3.66,1.26,19.91
PHX,2019-05-04,9,35,40,35,40,82.86,62.86,85.0,7.14,20.74,10.63,15.77,5.5,4.74,4.58,24.88
PHX,2019-05-04,10,29,30,31,32,90.32,77.42,96.88,2.97,18.9,8.73,9.55,0.88,0.91,1.0,1.84
PHX,2019-05-04,11,34,32,34,31,88.24,88.24,80.65,3.71,12.26,3.71,6.15,1.71,1.04,0.97,9.81
PHX,2019-05-04,12,33,31,33,30,66.67,60.61,83.33,17.27,13.82,4.06,20.18,1.97,0.74,1.6,6.23
PHX,2019-05-04,13,32,22,30,22,76.67,73.33,95.45,8.03,12.47,2.89,9.37,2.5,2.96,2.5,2.45
PHX,2019-05-04,14,25,33,25,33,88.0,88.0,87.88,6.32,11.16,1.75,7.12,1.94,3.18,0.64,7.21
PHX,2019-05-04,15,26,19,26,20,88.46,88.46,70.0,5.42,11.27,1.9,6.46,1.4,1.66,1.65,15.95
PHX,2019-05-04,16,19,36,20,36,75.0,75.0,80.56,15.3,10.0,1.39,16.3,2.39,1.65,1.28,9.17
PHX,2019-05-04,17,31,22,33,26,93.94,90.91,88.46,4.36,10.7,2.01,5.61,1.88,3.8,2.65,8.65
PHX,2019-05-04,18,17,42,17,44,82.35,82.35,84.09,13.06,10.59,1.02,13.35,2.82,1.4,0.89,5.48
PHX,2019-05-04,19,28,40,27,41,88.89,88.89,70.73,4.78,10.74,1.91,6.11,1.32,2.83,0.98,34.78
PHX,2019-05-04,20,28,14,28,14,89.29,75.0,64.29,5.96,16.93,6.4,10.61,0.79,1.87,0.64,33.64
PHX,2019-05-04,21,6,15,8,15,75.0,75.0,86.67,8.25,10.75,0.29,8.25,1.4,2.67,0.4,17.47
PHX,2019-05-04,22,7,7,7,7,100.0,100.0,100.0,0.71,11.71,1.54,1.29,1.29,1.31,1.0,0.86
PHX,2019-05-04,23,8,5,8,6,87.5,87.5,50.0,8.0,12.13,2.05,8.38,0.83,2.33,2.0,33.17
PHX,2019-05-05,0,3,2,3,2,33.33,33.33,50.0,32.67,12.33,2.0,34.33,2.0,0.45,0.0,36.0
PHX,2019-05-05,1,1,0,2,0,100.0,100.0,0.0,0.0,10.5,0.35,0.0,0.0,0.0,0.0,0.0
PHX,2019-05-05,2,0,0,1,0,100.0,100.0,0.0,8.0,9.0,0.0,6.0,0.0,0.0,0.0,0.0
PHX,2019-05-05,3,0,0,1,0,100.0,100.0,0.0,0.0,13.0,2.4,0.0,0.0,0.0,0.0,0.0
PHX,2019-05-05,4,0,0,1,0,100.0,100.0,0.0,5.0,6.0,0.0,0.0,0.0,0.0,0.0,0.0
PHX,2019-05-05,5,6,1,6,1,83.33,66.67,100.0,22.0,16.33,5.57,25.5,0.0,0.9,0.0,0.0
PHX,2019-05-05,6,20,9,20,10,95.0,95.0,100.0,7.95,14.1,4.4,11.0,1.4,0.19,0.0,0.0
PHX,2019-05-05,7,30,23,30,25,93.33,93.33,100.0,5.57,14.67,5.1,8.07,0.44,2.0,0.36,0.04
PHX,2019-05-05,8,37,31,38,30,89.47,86.84,96.67,3.45,18.11,8.03,8.34,1.17,1.67,0.43,0.87
PHX,2019-05-05,9,50,41,50,41,90.0,86.0,92.68,2.84,17.76,8.38,8.68,1.63,6.62,0.9,5.51
PHX,2019-05-05,10,32,28,32,30,78.13,78.13,96.67,11.63,18.34,8.07,16.75,1.63,0.89,1.17,2.13
PHX,2019-05-05,11,29,34,30,34,90.0,90.0,88.24,4.37,10.97,2.16,5.37,1.35,0.79,2.62,2.59
PHX,2019-05-05,12,33,31,34,35,85.29,76.47,80.0,19.03,13.74,4.07,21.62,1.66,1.26,2.23,10.31
PHX,2019-05-05,13,34,28,39,29,84.62,82.05,79.31,15.77,13.03,3.31,18.23,2.34,2.69,1.59,8.9
PHX,2019-05-05,14,23,30,23,29,82.61,78.26,89.66,14.39,12.09,2.47,15.83,2.24,2.57,2.28,7.38
PHX,2019-05-05,15,34,27,35,30,82.86,77.14,73.33,10.17,12.09,2.63,12.0,1.47,1.51,1.37,17.47
PHX,2019-05-05,16,26,26,26,31,73.08,65.38,77.42,19.62,11.77,2.78,21.5,1.84,2.37,2.74,15.71
PHX,2019-05-05,17,24,29,26,30,76.92,76.92,56.67,12.35,13.35,3.35,14.0,1.5,1.05,1.97,22.83
PHX,2019-05-05,18,31,35,31,36,54.84,54.84,77.78,27.74,10.87,2.13,29.0,2.19,2.68,2.58,12.86
PHX,2019-05-05,19,24,48,22,49,68.18,68.18,85.71,11.64,10.91,1.96,12.59,3.27,2.73,1.67,14.14
PHX,2019-05-05,20,35,26,34,26,61.76,55.88,61.54,19.06,11.88,2.29,20.76,2.19,1.56,0.31,35.42
PHX,2019-05-05,21,19,30,19,31,57.89,57.89,80.65,28.63,10.26,1.95,29.16,2.84,1.77,1.55,10.81
PHX,2019-05-05,22,14,17,16,17,68.75,68.75,70.59,12.13,10.44,1.67,13.06,1.82,1.65,1.59,31.65
PHX,2019-05-05,23,9,13,9,14,100.0,100.0,28.57,1.0,11.56,1.76,1.89,2.14,3.75,2.71,32.0
PHX,2019-05-06,0,3,3,4,2,75.0,75.0,50.0,6.0,10.25,0.52,6.5,4.5,0.9,6.0,38.0
PHX,2019-05-06,1,1,0,2,0,100.0,100.0,0.0,0.0,15.0,4.55,3.0,0.0,0.0,0.0,0.0
PHX,2019-05-06,2,0,0,0,0,0.0,0.0,0.0,0.0,0.0,0.0,0.0,0.0,0.0,0.0,0.0
PHX,2019-05-06,3,0,0,0,1,0.0,0.0,100.0,0.0,0.0,0.0,0.0,6.0,1.1,8.0,7.0
PHX,2019-05-06,4,0,0,1,0,100.0,100.0,0.0,0.0,10.0,0.0,0.0,0.0,0.0,0.0,0.0
PHX,2019-05-06,5,12,1,13,1,84.62,84.62,100.0,5.23,12.38,3.86,7.54,0.0,0.0,0.0,0.0
PHX,2019-05-06,6,21,16,23,16,95.65,95.65,93.75,9.3,12.96,3.48,10.96,2.25,0.74,0.44,31.31
PHX,2019-05-06,7,35,33,36,34,94.44,91.67,91.18,3.33,14.47,4.88,6.31,2.12,0.66,1.18,4.97
PHX,2019-05-06,8,47,27,48,27,81.25,77.08,96.3,14.94,16.56,7.06,20.13,1.89,0.83,1.07,1.56
PHX,2019-05-06,9,37,52,36,50,86.11,75.0,96.0,9.42,16.94,6.71,13.97,2.88,3.53,1.02,4.58
PHX,2019-05-06,10,44,26,45,28,82.22,77.78,92.86,9.93,16.53,6.99,14.93,1.93,0.92,2.14,4.5
PHX,2019-05-06,11,25,37,26,39,92.31,92.31,82.05,3.92,11.38,2.6,4.69,2.49,1.55,2.28,12.26
PHX,2019-05-06,12,35,32,37,33,72.97,67.57,90.91,12.43,13.62,3.85,15.73,1.42,1.73,1.48,7.09
PHX,2019-05-06,13,32,26,32,27,84.38,78.13,74.07,9.59,13.28,3.39,11.97,3.04,1.65,1.89,16.11
PHX,2019-05-06,14,28,33,32,36,65.63,65.63,88.89,15.97,12.19,2.78,18.13,2.25,3.81,2.83,5.03
PHX,2019-05-06,15,30,26,30,30,86.67,83.33,76.67,8.73,14.2,4.47,11.2,2.63,2.3,4.43,10.6
PHX,2019-05-06,16,31,27,35,26,77.14,80.0,80.77,12.83,9.97,1.09,13.4,1.73,1.9,5.31,12.85
PHX,2019-05-06,17,24,22,25,26,76.0,68.0,73.08,12.56,14.28,4.45,15.28,3.54,1.79,3.31,17.65
PHX,2019-05-06,18,25,36,25,52,68.0,68.0,63.46,22.2,11.0,1.84,23.6,2.38,2.4,2.04,19.94
PHX,2019-05-06,19,22,51,27,51,62.96,62.96,80.39,22.22,11.37,2.07,23.52,2.12,2.85,2.06,10.08
PHX,2019-05-06,20,41,32,47,31,65.96,57.45,64.52,19.49,15.83,6.07,23.6,1.81,2.08,2.58,25.77
PHX,2019-05-06,21,20,25,22,25,63.64,63.64,84.0,18.59,11.32,2.53,20.68,2.96,1.7,2.16,12.44
PHX,2019-05-06,22,10,15,11,15,63.64,54.55,73.33,13.82,11.0,1.55,14.82,2.6,1.45,2.33,15.0
PHX,2019-05-06,23,9,12,9,14,100.0,100.0,78.57,0.33,13.33,2.18,1.33,2.79,0.94,1.93,8.86
PHX,2019-05-07,0,4,3,5,3,80.0,80.0,100.0,5.6,15.0,4.82,10.2,7.0,0.57,0.67,4.0
PHX,2019-05-07,1,1,0,2,0,100.0,100.0,0.0,0.5,11.5,1.35,2.0,0.0,0.0,0.0,0.0
PHX,2019-05-07,2,0,0,0,0,0.0,0.0,0.0,0.0,0.0,0.0,0.0,0.0,0.0,0.0,0.0
PHX,2019-05-07,3,0,0,0,1,0.0,0.0,100.0,0.0,0.0,0.0,0.0,0.0,0.1,0.0,0.0
PHX,2019-05-07,4,0,0,1,5,100.0,100.0,60.0,0.0,16.0,5.4,0.0,1.0,0.46,1.4,9.4
PHX,2019-05-07,5,13,1,13,6,69.23,69.23,33.33,18.62,13.0,3.91,21.54,1.5,1.07,5.67,28.67
PHX,2019-05-07,6,19,17,28,18,82.14,75.0,94.44,8.61,15.29,5.43,13.0,2.33,0.7,1.94,6.83
PHX,2019-05-07,7,34,32,46,36,84.78,82.61,86.11,4.46,15.96,6.14,8.65,3.5,2.22,2.06,7.06
PHX,2019-05-07,8,47,25,47,26,80.85,78.72,88.46,15.28,14.51,5.1,19.02,5.58,2.98,4.85,5.27
PHX,2019-05-07,9,36,50,36,51,83.33,72.22,86.27,7.17,16.47,6.46,12.25,9.2,4.93,6.33,9.75
PHX,2019-05-07,10,42,23,42,24,73.81,66.67,75.0,31.62,16.36,7.06,36.0,1.63,2.29,3.42,10.04
PHX,2019-05-07,11,23,37,24,37,79.17,79.17,91.89,17.13,11.04,2.03,17.83,3.3,1.7,2.05,14.08
PHX,2019-05-07,12,34,31,36,30,88.89,88.89,86.67,11.31,12.89,3.21,13.69,2.33,2.18,2.4,9.67
PHX,2019-05-07,13,30,26,31,26,74.19,70.97,80.77,26.03,12.26,2.65,28.13,2.58,3.87,2.46,16.38
PHX,2019-05-07,14,28,32,29,34,72.41,72.41,91.18,23.34,12.48,3.18,25.48,2.12,2.61,1.53,3.76
PHX,2019-05-07,15,27,24,27,27,88.89,74.07,70.37,8.89,14.52,4.97,12.44,2.44,1.59,2.96,35.44
PHX,2019-05-07,16,28,27,30,28,76.67,73.33,60.71,24.0,12.7,3.53,25.87,4.93,1.36,4.64,24.68
PHX,2019-05-07,17,24,23,26,27,53.85,50.0,70.37,30.62,13.23,3.2,32.73,3.7,0.69,3.15,14.22
PHX,2019-05-07,18,25,33,26,51,65.38,65.38,74.51,48.42,11.58,2.66,50.58,3.35,1.98,2.08,18.82
PHX,2019-05-07,19,20,50,24,54,66.67,62.5,85.19,33.04,13.21,3.69,35.0,1.76,2.74,3.39,30.87
PHX,2019-05-07,20,39,30,45,29,84.44,77.78,68.97,9.16,17.6,7.86,15.02,1.9,1.34,0.69,15.03
PHX,2019-05-07,21,19,25,20,24,50.0,50.0,95.83,21.15,9.2,1.09,21.6,3.38,2.81,1.17,4.33
PHX,2019-05-07,22,9,15,9,16,88.89,77.78,68.75,2.44,11.56,2.64,4.44,3.56,2.66,5.56,32.63
PHX,2019-05-07,23,8,10,8,11,87.5,75.0,72.73,71.63,15.0,4.29,74.63,3.64,0.87,1.91,12.27
PHX,2019-05-08,0,3,3,5,3,100.0,100.0,33.33,0.0,10.6,0.54,0.0,1.0,0.6,0.0,14.67
PHX,2019-05-08,1,1,0,1,0,0.0,0.0,0.0,28.0,13.0,2.7,31.0,0.0,0.0,0.0,0.0
PHX,2019-05-08,2,0,0,1,0,0.0,0.0,0.0,15.0,14.0,3.4,18.0,0.0,0.0,0.0,0.0
PHX,2019-05-08,3,0,0,0,1,0.0,0.0,100.0,0.0,0.0,0.0,0.0,0.0,1.1,0.0,0.0
PHX,2019-05-08,4,0,0,1,6,100.0,100.0,66.67,0.0,11.0,0.4,0.0,0.67,0.93,2.33,21.83
PHX,2019-05-08,5,12,1,13,4,69.23,61.54,50.0,37.92,10.69,2.61,39.0,0.5,1.8,0.5,9.75
PHX,2019-05-08,6,21,17,31,17,83.87,87.1,70.59,5.58,15.29,5.18,8.84,3.18,1.0,8.35,19.76
PHX,2019-05-08,7,35,32,43,32,76.74,72.09,90.63,10.4,15.37,5.56,14.4,2.84,2.6,6.63,9.81
PHX,2019-05-08,8,46,25,46,24,89.13,63.04,87.5,8.0,20.89,11.37,17.37,4.92,4.1,2.83,6.96
PHX,2019-05-08,9,38,48,38,49,78.95,55.26,69.39,16.05,20.16,9.96,24.92,3.27,5.03,4.0,14.55
PHX,2019-05-08,10,42,25,45,25,62.22,51.11,68.0,17.16,18.42,9.05,25.02,3.2,1.18,5.4,19.04
PHX,2019-05-08,11,24,38,24,36,75.0,75.0,88.89,13.33,12.0,2.9,15.29,3.81,1.48,1.78,5.25
PHX,2019-05-08,12,36,31,36,31,75.0,69.44,74.19,21.11,13.69,3.89,24.17,5.68,1.12,7.39,29.19
PHX,2019-05-08,13,31,26,33,25,60.61,63.64,76.0,28.73,12.21,2.48,30.24,6.2,2.16,2.88,25.36
PHX,2019-05-08,14,27,33,27,33,62.96,59.26,60.61,18.74,12.85,3.53,21.63,7.67,2.16,7.7,24.61
PHX,2019-05-08,15,28,25,29,29,51.72,41.38,58.62,35.0,20.21,10.53,45.28,18.83,1.5,16.59,38.52
PHX,2019-05-08,16,31,27,35,30,45.71,17.14,43.33,61.2,23.46,13.81,74.0,30.2,2.13,29.8,60.17
PHX,2019-05-08,17,24,23,25,27,52.0,36.0,55.56,61.92,18.96,8.83,69.88,5.74,1.58,5.81,18.52
PHX,2019-05-08,18,26,35,26,56,57.69,57.69,53.57,19.54,14.42,5.06,23.81,7.61,1.2,8.52,30.52
PHX,2019-05-08,19,22,51,28,59,60.71,46.43,62.71,20.96,17.54,7.67,27.43,4.41,2.57,4.49,20.71
PHX,2019-05-08,20,40,30,46,31,56.52,43.48,67.74,22.2,17.17,7.3,28.46,1.97,2.29,1.52,19.19
PHX,2019-05-08,21,20,26,20,27,65.0,60.0,62.96,24.25,12.45,3.7,27.25,2.3,1.61,1.41,34.33
PHX,2019-05-08,22,10,15,11,16,45.45,45.45,43.75,33.91,14.45,4.81,37.64,3.31,3.25,2.5,29.75
PHX,2019-05-08,23,9,12,9,13,77.78,77.78,38.46,14.67,12.44,2.48,16.11,2.31,7.01,10.69,34.54
PHX,2019-05-09,0,4,3,5,3,40.0,40.0,66.67,60.8,10.6,0.62,60.0,0.0,0.0,0.0,56.33
PHX,2019-05-09,1,1,0,2,1,100.0,50.0,0.0,5.5,15.5,5.05,10.5,0.0,0.0,6.0,20.0
PHX,2019-05-09,2,0,0,0,0,0.0,0.0,0.0,0.0,0.0,0.0,0.0,0.0,0.0,0.0,0.0
PHX,2019-05-09,3,0,0,0,1,0.0,0.0,100.0,0.0,0.0,0.0,0.0,0.0,2.1,0.0,3.0
PHX,2019-05-09,4,0,0,1,6,100.0,100.0,50.0,0.0,10.0,0.0,0.0,0.17,1.42,3.0,26.17
PHX,2019-05-09,5,13,1,15,4,86.67,73.33,25.0,17.73,13.47,5.16,21.87,1.0,3.03,8.25,37.75
PHX,2019-05-09,6,20,17,31,16,87.1,80.65,87.5,6.26,15.13,5.0,10.19,2.19,0.26,1.88,9.25
PHX,2019-05-09,7,34,33,42,34,61.9,61.9,88.24,14.6,15.48,5.92,19.1,1.47,1.54,1.41,8.88
PHX,2019-05-09,8,47,25,47,23,89.36,82.98,86.96,8.15,17.51,7.91,13.83,3.09,2.93,3.09,2.96
PHX,2019-05-09,9,37,49,40,49,82.5,72.5,83.67,7.47,17.1,6.96,13.15,1.78,3.6,0.41,7.59
PHX,2019-05-09,10,43,25,47,24,82.98,68.09,75.0,7.96,17.28,7.89,14.62,1.75,0.78,2.83,10.42
PHX,2019-05-09,11,24,37,22,35,72.73,68.18,91.43,32.95,13.27,4.05,36.18,2.37,1.19,2.23,7.09
PHX,2019-05-09,12,35,31,34,32,79.41,73.53,87.5,10.44,13.91,4.21,13.56,2.81,2.32,3.78,6.0
PHX,2019-05-09,13,30,26,30,26,93.33,80.0,88.46,4.43,12.67,2.8,6.07,2.58,2.08,1.19,3.73
PHX,2019-05-09,14,28,32,30,32,76.67,66.67,62.5,10.83,16.47,7.05,16.77,8.69,0.99,5.91,16.97
PHX,2019-05-09,15,30,26,30,31,66.67,56.67,64.52,17.63,14.83,5.05,21.4,3.84,1.45,3.39,13.65
PHX,2019-05-09,16,29,27,31,31,51.61,45.16,74.19,21.45,12.32,2.91,23.55,9.0,0.56,9.16,24.81
PHX,2019-05-09,17,24,24,24,27,54.17,50.0,59.26,22.58,13.38,3.75,25.13,2.81,1.04,3.67,31.85
PHX,2019-05-09,18,27,33,27,47,62.96,51.85,63.83,21.89,13.52,4.31,25.93,2.34,1.6,2.68,12.72
PHX,2019-05-09,19,20,52,24,59,62.5,50.0,59.32,16.58,16.17,6.2,20.92,2.97,2.5,3.75,19.95
PHX,2019-05-09,20,40,31,47,31,63.83,55.32,74.19,24.13,14.0,4.21,27.4,2.13,1.7,2.29,15.26
PHX,2019-05-09,21,20,25,20,26,55.0,55.0,69.23,25.1,9.35,1.14,25.65,2.58,2.04,1.0,18.58
PHX,2019-05-09,22,10,15,11,14,72.73,72.73,85.71,63.36,10.91,1.51,64.27,2.93,0.78,1.43,10.93
PHX,2019-05-09,23,9,11,8,12,87.5,87.5,66.67,2.88,12.13,1.15,3.63,1.67,2.8,3.75,20.92
PHX,2019-05-10,0,3,3,4,3,75.0,50.0,0.0,6.75,15.0,4.63,10.75,3.67,2.57,10.0,21.67
PHX,2019-05-10,1,1,0,2,0,50.0,50.0,0.0,7.5,10.0,0.0,7.5,0.0,0.0,0.0,0.0
PHX,2019-05-10,3,0,0,0,1,0.0,0.0,100.0,0.0,0.0,0.0,0.0,0.0,2.1,0.0,11.0
PHX,2019-05-10,4,0,0,1,6,100.0,100.0,33.33,0.0,12.0,1.4,0.0,1.33,0.9,2.67,28.0
PHX,2019-05-10,5,12,1,14,4,85.71,78.57,0.0,6.57,12.0,3.66,9.43,0.75,0.78,6.5,32.25
PHX,2019-05-10,6,20,18,30,15,76.67,73.33,73.33,10.47,13.87,3.86,13.4,2.4,0.25,0.6,21.4
PHX,2019-05-10,7,35,35,44,35,68.18,61.36,82.86,15.2,14.45,4.91,18.45,4.0,1.37,3.97,19.74
PHX,2019-05-10,8,47,25,49,29,81.63,77.55,86.21,10.61,15.45,5.91,15.06,4.38,2.95,4.21,7.14
PHX,2019-05-10,9,37,51,39,52,82.05,76.92,88.46,8.56,15.67,5.47,12.54,2.98,5.23,1.65,6.83
PHX,2019-05-10,10,43,26,44,26,79.55,68.18,80.77,16.27,14.34,5.1,19.95,1.35,2.46,4.31,19.31
PHX,2019-05-10,11,25,37,26,38,76.92,65.38,84.21,21.81,10.38,1.5,22.77,1.97,1.83,1.66,12.61
PHX,2019-05-10,12,36,33,37,33,81.08,75.68,84.85,11.08,12.57,2.84,13.03,1.58,1.68,0.64,7.91
PHX,2019-05-10,13,32,26,32,26,81.25,78.13,84.62,19.81,12.53,2.67,21.63,3.42,2.6,2.42,9.96
PHX,2019-05-10,14,30,33,32,34,68.75,62.5,79.41,13.66,11.94,2.72,15.38,2.18,3.42,2.76,14.5
PHX,2019-05-10,15,29,26,29,29,65.52,62.07,79.31,11.9,12.69,3.26,14.48,2.17,2.37,1.83,7.55
PHX,2019-05-10,16,31,27,32,28,65.63,68.75,75.0,14.41,11.06,2.04,15.94,1.11,1.49,0.57,12.68
PHX,2019-05-10,17,24,23,25,25,68.0,68.0,84.0,14.8,12.72,2.78,16.24,2.88,1.54,1.52,10.0
PHX,2019-05-10,18,27,35,30,48,70.0,63.33,72.92,13.03,11.57,2.21,14.27,2.04,1.27,1.31,13.4
PHX,2019-05-10,19,22,51,23,54,82.61,73.91,79.63,5.13,14.26,4.53,8.04,2.31,2.81,1.93,12.78
PHX,2019-05-10,20,39,31,43,31,81.4,79.07,77.42,27.86,13.35,3.64,30.42,1.77,1.7,1.84,7.35
PHX,2019-05-10,21,20,25,20,25,60.0,60.0,68.0,14.65,9.7,1.18,15.0,3.24,1.93,1.88,16.36
PHX,2019-05-10,22,10,15,11,16,90.91,90.91,56.25,5.36,11.0,1.35,5.64,2.0,1.03,4.31,26.69
PHX,2019-05-10,23,9,12,9,13,77.78,77.78,53.85,12.78,12.78,1.88,14.11,12.69,1.26,12.46,24.15
PHX,2019-05-11,0,3,2,4,3,75.0,75.0,66.67,41.25,11.25,0.5,41.75,2.0,2.17,0.67,7.67
PHX,2019-05-11,1,1,0,2,1,50.0,50.0,0.0,11.0,11.5,1.2,12.0,0.0,1.5,0.0,63.0
PHX,2019-05-11,2,0,0,0,0,0.0,0.0,0.0,0.0,0.0,0.0,0.0,0.0,0.0,0.0,0.0
PHX,2019-05-11,3,0,0,0,0,0.0,0.0,0.0,0.0,0.0,0.0,0.0,0.0,0.0,0.0,0.0
PHX,2019-05-11,4,0,0,0,2,0.0,0.0,0.0,0.0,0.0,0.0,0.0,1.5,0.55,4.0,35.0
PHX,2019-05-11,5,8,1,8,3,87.5,87.5,66.67,3.75,11.25,3.01,5.13,0.67,1.7,1.67,11.67
PHX,2019-05-11,6,12,10,16,10,68.75,68.75,70.0,14.0,10.81,1.28,14.88,2.4,1.15,2.2,29.0
PHX,2019-05-11,7,29,40,34,38,88.24,85.29,92.11,3.88,12.53,3.12,5.56,3.32,3.16,3.87,14.82
PHX,2019-05-11,8,48,22,49,21,89.8,77.55,95.24,8.33,14.33,4.87,12.29,3.81,3.07,2.43,1.57
PHX,2019-05-11,9,34,40,34,41,85.29,85.29,92.68,23.76,15.82,5.68,27.21,2.56,7.71,2.54,20.9
PHX,2019-05-11,10,29,30,29,32,89.66,86.21,87.5,11.52,12.62,2.64,12.55,2.78,1.33,2.75,4.53
PHX,2019-05-11,11,34,32,34,31,85.29,82.35,87.1,11.74,9.35,1.09,12.21,3.23,1.46,3.81,7.81
PHX,2019-05-11,12,34,31,34,32,70.59,67.65,59.38,22.74,12.0,2.53,24.47,2.59,1.63,3.34,45.47
PHX,2019-05-11,13,32,22,34,23,64.71,61.76,86.96,35.94,12.85,2.94,37.91,4.22,1.4,2.65,7.3
PHX,2019-05-11,14,25,33,25,34,60.0,56.0,82.35,25.04,12.24,2.92,27.6,3.26,2.07,2.15,13.26
PHX,2019-05-11,15,26,18,26,20,80.77,69.23,80.0,8.54,16.5,6.8,13.65,2.6,1.14,0.5,14.75
PHX,2019-05-11,16,18,36,18,38,77.78,61.11,65.79,13.28,15.17,5.64,18.22,3.42,0.68,5.68,34.97
PHX,2019-05-11,17,31,22,32,24,50.0,43.75,83.33,31.13,13.38,4.55,35.34,1.92,3.05,1.21,7.21
PHX,2019-05-11,18,15,41,15,41,80.0,80.0,75.61,7.4,14.13,4.25,10.13,3.17,1.45,1.39,15.78
PHX,2019-05-11,19,28,39,28,39,57.14,53.57,74.36,21.43,13.54,4.5,24.39,1.26,2.52,0.87,24.31
PHX,2019-05-11,20,27,14,31,18,74.19,70.97,72.22,15.81,17.19,6.57,20.58,1.11,1.38,2.44,22.83
PHX,2019-05-11,21,6,15,8,17,50.0,50.0,76.47,16.75,14.63,3.04,18.75,0.35,2.05,2.29,17.35
PHX,2019-05-11,22,7,7,8,7,75.0,50.0,71.43,12.0,13.13,2.96,13.75,0.14,1.67,0.29,25.0
PHX,2019-05-11,23,8,5,8,7,75.0,62.5,42.86,24.13,14.0,3.85,27.88,2.57,1.44,3.0,15.57
PHX,2019-05-12,0,3,2,4,2,50.0,50.0,100.0,18.25,12.75,2.28,20.25,0.0,0.0,0.0,0.0
PHX,2019-05-12,1,1,0,2,0,100.0,100.0,0.0,0.0,13.0,2.85,0.0,0.0,0.0,0.0,0.0
PHX,2019-05-12,2,0,0,0,0,0.0,0.0,0.0,0.0,0.0,0.0,0.0,0.0,0.0,0.0,0.0
PHX,2019-05-12,3,0,0,1,0,100.0,100.0,0.0,0.0,11.0,0.4,0.0,0.0,0.0,0.0,0.0
PHX,2019-05-12,4,0,0,2,0,100.0,100.0,0.0,0.0,10.0,1.7,0.0,0.0,0.0,0.0,0.0
PHX,2019-05-12,5,6,1,7,1,100.0,100.0,0.0,1.43,12.0,2.17,3.29,0.0,3.9,14.0,39.0
PHX,2019-05-12,6,19,9,18,10,94.44,94.44,90.0,10.0,12.94,3.75,11.67,1.8,1.18,0.1,2.3
PHX,2019-05-12,7,31,23,32,24,93.75,90.63,83.33,3.09,12.69,3.19,4.47,3.5,2.07,5.08,8.71
PHX,2019-05-12,8,37,31,36,31,77.78,75.0,96.77,12.89,15.14,5.2,16.78,2.71,3.9,3.39,1.81
PHX,2019-05-12,9,50,44,50,45,96.0,84.0,93.33,8.16,13.1,3.82,10.76,8.96,8.35,8.29,9.42
PHX,2019-05-12,10,34,27,35,26,88.57,85.71,100.0,10.77,14.77,4.57,13.66,1.35,1.65,0.81,0.31
PHX,2019-05-12,11,29,35,29,34,86.21,86.21,85.29,16.21,10.93,2.19,17.55,2.5,1.88,2.94,9.35
PHX,2019-05-12,12,32,31,33,32,69.7,66.67,87.5,24.73,12.45,2.86,26.58,1.59,1.71,0.72,8.81
PHX,2019-05-12,13,34,27,34,27,88.24,88.24,81.48,13.18,11.91,2.57,14.71,2.96,2.74,1.7,8.78
PHX,2019-05-12,14,23,29,23,32,78.26,73.91,90.63,15.43,14.17,4.11,18.22,2.13,2.76,2.06,18.16
PHX,2019-05-12,15,33,27,33,30,87.88,72.73,86.67,5.7,17.94,8.47,12.79,2.57,1.28,0.4,8.33
PHX,2019-05-12,16,27,26,26,30,96.15,73.08,83.33,5.12,14.96,5.76,9.46,1.73,1.4,2.43,13.17
PHX,2019-05-12,17,23,28,26,29,69.23,65.38,93.1,12.23,16.15,5.83,16.65,1.76,0.7,1.1,7.83
PHX,2019-05-12,18,29,34,29,34,82.76,72.41,82.35,14.34,13.93,5.08,17.72,2.09,0.87,1.91,12.09
PHX,2019-05-12,19,23,49,22,50,77.27,68.18,84.0,10.32,14.82,5.55,13.36,3.54,2.18,1.3,7.52
PHX,2019-05-12,20,36,25,37,25,70.27,70.27,72.0,11.24,16.89,6.74,15.49,1.36,0.86,2.52,11.16
PHX,2019-05-12,21,19,28,19,30,68.42,63.16,80.0,14.74,13.26,4.44,17.74,1.73,1.97,1.9,10.93
PHX,2019-05-12,22,14,17,15,17,93.33,93.33,82.35,5.53,11.67,2.82,7.07,1.47,1.38,0.0,10.76
PHX,2019-05-12,23,8,13,8,14,87.5,62.5,64.29,9.75,13.38,2.79,11.63,1.21,1.68,0.57,22.57
PHX,2019-05-13,0,3,3,4,2,75.0,75.0,50.0,31.25,13.5,2.03,32.25,0.0,1.85,0.0,128.0
PHX,2019-05-13,1,1,0,2,0,100.0,100.0,0.0,0.5,13.0,2.55,3.0,0.0,0.0,0.0,0.0
PHX,2019-05-13,2,0,0,0,0,0.0,0.0,0.0,0.0,0.0,0.0,0.0,0.0,0.0,0.0,0.0
PHX,2019-05-13,3,0,0,0,1,0.0,0.0,0.0,0.0,0.0,0.0,0.0,1.0,0.1,1.0,49.0
PHX,2019-05-13,4,0,0,1,0,100.0,0.0,0.0,0.0,26.0,15.4,15.0,0.0,0.0,0.0,0.0
PHX,2019-05-13,5,12,1,13,1,84.62,84.62,100.0,9.08,12.46,3.91,11.0,5.0,8.9,15.0,8.0
PHX,2019-05-13,6,21,16,25,16,92.0,88.0,100.0,1.72,14.2,4.6,5.0,2.44,0.7,0.19,0.81
PHX,2019-05-13,7,35,33,37,34,83.78,75.68,91.18,6.27,15.0,5.55,10.43,1.59,1.91,1.09,3.35
PHX,2019-05-13,8,47,26,48,25,77.08,64.58,92.0,13.79,17.35,7.82,19.58,1.72,0.54,0.64,6.32
PHX,2019-05-13,9,37,53,36,54,77.78,69.44,94.44,10.97,16.78,6.59,15.81,1.83,5.8,0.93,8.2
PHX,2019-05-13,10,44,26,43,27,88.37,81.4,85.19,10.91,16.42,6.99,15.42,1.0,0.75,1.04,6.89
PHX,2019-05-13,11,25,38,26,38,69.23,65.38,86.84,36.12,11.96,2.77,38.08,2.66,1.13,2.61,8.66
PHX,2019-05-13,12,36,32,35,33,85.71,82.86,90.91,9.54,13.43,3.63,12.06,1.33,4.06,1.61,6.73
PHX,2019-05-13,13,32,26,32,24,78.13,75.0,75.0,14.72,12.47,2.47,16.59,2.5,2.92,1.58,17.58
PHX,2019-05-13,14,28,33,31,33,64.52,64.52,84.85,20.13,11.32,2.11,21.16,2.12,2.72,2.42,16.52
PHX,2019-05-13,15,30,26,33,26,72.73,72.73,88.46,20.85,13.82,4.26,24.15,2.31,2.08,1.5,12.77
PHX,2019-05-13,16,31,27,33,28,87.88,87.88,89.29,5.3,10.79,1.71,6.27,2.18,1.73,0.82,14.79
PHX,2019-05-13,17,24,22,25,26,72.0,72.0,76.92,22.64,11.44,1.88,24.12,2.31,1.03,3.35,7.58
PHX,2019-05-13,18,25,36,24,49,79.17,75.0,73.47,9.46,12.08,3.1,11.42,2.92,2.81,2.1,12.59
PHX,2019-05-13,19,22,51,27,53,92.59,81.48,84.91,4.11,15.11,5.3,7.15,2.55,5.03,1.09,13.77
PHX,2019-05-13,20,40,31,46,30,82.61,80.43,70.0,15.74,14.63,4.92,18.15,1.37,2.06,0.77,36.97
PHX,2019-05-13,21,20,25,20,27,65.0,60.0,81.48,26.4,13.7,5.12,30.4,2.96,3.01,1.67,10.3
PHX,2019-05-13,22,10,15,12,15,66.67,66.67,66.67,93.58,14.17,4.47,96.25,1.8,2.72,2.27,26.87
PHX,2019-05-13,23,9,12,9,14,88.89,88.89,71.43,2.56,13.78,3.09,3.0,0.5,0.33,0.07,15.71
PHX,2019-05-14,0,4,3,5,3,80.0,80.0,66.67,14.0,11.8,1.74,14.8,0.33,1.17,1.0,52.33
PHX,2019-05-14,1,1,0,2,0,50.0,50.0,0.0,38.5,13.0,2.85,41.5,0.0,0.0,0.0,0.0
PHX,2019-05-14,2,0,0,0,0,0.0,0.0,0.0,0.0,0.0,0.0,0.0,0.0,0.0,0.0,0.0
PHX,2019-05-14,3,0,0,0,2,0.0,0.0,50.0,0.0,0.0,0.0,0.0,0.0,0.6,0.0,15.0
PHX,2019-05-14,4,0,0,1,4,100.0,100.0,100.0,0.0,12.0,1.4,0.0,0.0,1.35,0.5,5.75
PHX,2019-05-14,5,13,1,16,5,93.75,93.75,20.0,4.13,10.56,2.28,5.19,0.6,0.48,0.6,69.4
PHX,2019-05-14,6,19,17,30,17,73.33,70.0,88.24,10.83,14.6,4.56,14.07,1.59,1.55,0.29,7.41
PHX,2019-05-14,7,34,32,43,37,81.4,74.42,86.49,5.86,15.42,5.86,9.74,1.76,1.35,1.16,12.22
PHX,2019-05-14,8,47,25,49,26,75.51,73.47,88.46,15.94,17.43,7.9,21.8,1.73,2.52,1.42,16.65
PHX,2019-05-14,9,36,50,38,50,78.95,68.42,86.0,14.61,17.95,7.71,20.34,1.52,5.77,0.98,13.06
PHX,2019-05-14,10,42,23,41,23,80.49,70.73,86.96,17.22,16.88,7.44,23.29,1.26,1.76,1.7,7.35
PHX,2019-05-14,11,23,37,24,34,70.83,66.67,91.18,33.29,11.13,2.06,34.5,2.82,1.75,2.38,5.47
PHX,2019-05-14,12,34,31,33,33,78.79,78.79,87.88,17.61,12.85,3.22,19.76,1.45,2.84,1.39,5.55
PHX,2019-05-14,13,30,26,30,26,76.67,66.67,88.46,15.77,12.63,2.98,17.67,2.42,3.12,1.42,10.5
PHX,2019-05-14,14,28,32,26,32,88.46,88.46,87.5,4.46,12.54,3.15,5.5,1.69,2.91,2.69,12.47
PHX,2019-05-14,15,27,24,29,27,75.86,75.86,88.89,9.03,13.31,3.77,10.86,2.3,2.23,0.78,4.96
PHX,2019-05-14,16,28,27,30,30,90.0,90.0,80.0,3.6,10.07,1.15,3.87,0.93,2.31,1.13,8.4
PHX,2019-05-14,17,24,23,25,27,84.0,80.0,81.48,7.96,13.44,3.53,9.88,1.93,1.33,0.63,12.89
PHX,2019-05-14,18,25,33,25,49,84.0,84.0,71.43,10.68,10.8,1.8,11.4,2.33,1.15,1.88,13.51
PHX,2019-05-14,19,20,50,27,54,77.78,77.78,87.04,10.67,12.52,2.79,11.96,2.28,2.84,0.63,4.74
PHX,2019-05-14,20,39,30,45,29,91.11,88.89,65.52,5.27,14.44,4.62,7.51,2.31,1.43,1.24,18.62
PHX,2019-05-14,21,19,25,20,24,70.0,75.0,91.67,14.05,10.45,2.02,15.65,2.13,2.25,0.96,5.71
PHX,2019-05-14,22,9,15,9,15,77.78,77.78,86.67,16.89,9.33,0.71,16.78,0.93,1.01,0.87,3.07
PHX,2019-05-14,23,8,10,8,12,100.0,100.0,83.33,0.0,15.13,5.22,4.13,0.67,1.4,0.5,6.92
PHX,2019-05-15,0,3,3,4,4,100.0,100.0,75.0,0.75,10.25,0.18,1.0,2.25,0.75,2.5,6.75
PHX,2019-05-15,1,1,0,2,0,100.0,100.0,0.0,0.0,10.0,0.0,0.0,0.0,0.0,0.0,0.0
PHX,2019-05-15,2,0,0,1,0,100.0,100.0,0.0,0.0,11.0,0.4,0.0,0.0,0.0,0.0,0.0
PHX,2019-05-15,3,0,0,0,2,0.0,0.0,50.0,0.0,0.0,0.0,0.0,0.5,0.05,1.5,11.0
PHX,2019-05-15,4,0,0,1,5,100.0,100.0,40.0,0.0,15.0,4.4,0.0,0.0,0.88,2.2,54.2
PHX,2019-05-15,5,12,1,13,6,84.62,84.62,33.33,5.46,12.46,4.17,8.15,0.5,4.03,4.5,21.17
PHX,2019-05-15,6,21,17,30,17,90.0,83.33,100.0,6.0,16.63,6.43,10.23,1.41,2.02,0.0,0.0
PHX,2019-05-15,7,35,31,46,32,86.96,82.61,87.5,6.83,15.24,5.68,10.54,1.66,1.77,0.97,22.84
PHX,2019-05-15,8,46,25,50,26,92.0,70.0,84.62,9.98,20.56,10.99,18.74,1.5,2.47,1.31,8.0
PHX,2019-05-15,9,37,48,36,48,88.89,63.89,95.83,6.31,22.25,11.86,15.47,1.5,7.73,1.69,2.92
PHX,2019-05-15,10,42,25,42,25,76.19,73.81,84.0,8.93,18.24,8.83,15.69,1.32,2.61,3.0,7.52
PHX,2019-05-15,11,24,38,23,37,69.57,69.57,97.3,22.13,11.13,2.05,23.74,2.16,2.31,2.11,2.35
PHX,2019-05-15,12,36,31,35,31,80.0,80.0,93.55,14.4,13.66,3.77,16.83,1.55,2.72,2.58,4.03
PHX,2019-05-15,13,31,26,34,26,76.47,73.53,80.77,20.09,13.91,4.09,23.62,2.73,1.37,3.96,9.31
PHX,2019-05-15,14,27,33,30,35,90.0,86.67,82.86,5.53,13.7,4.05,8.67,1.74,1.95,2.49,7.77
PHX,2019-05-15,15,28,25,28,27,67.86,64.29,85.19,26.18,12.71,3.23,28.61,1.33,2.46,0.59,5.26
PHX,2019-05-15,16,31,27,33,30,90.91,81.82,83.33,4.45,12.94,3.65,6.76,0.93,1.79,1.2,11.43
PHX,2019-05-15,17,24,23,25,26,92.0,80.0,88.46,8.92,15.2,5.3,12.36,2.65,1.52,1.38,6.31
PHX,2019-05-15,18,26,35,25,52,88.0,84.0,67.31,4.0,10.8,1.97,5.2,2.38,1.35,1.98,25.21
PHX,2019-05-15,19,22,51,28,55,82.14,82.14,85.45,5.61,12.25,2.68,6.93,2.05,2.25,1.0,7.31
PHX,2019-05-15,20,40,30,46,29,76.09,67.39,89.66,22.3,16.02,6.24,26.65,0.9,2.69,1.17,4.17
PHX,2019-05-15,21,20,26,23,25,82.61,82.61,80.0,6.91,9.57,1.21,7.48,1.88,1.78,1.24,11.28
PHX,2019-05-15,22,10,15,10,16,70.0,70.0,81.25,16.1,19.9,10.98,25.9,0.5,1.59,0.56,20.75
PHX,2019-05-15,23,9,12,9,14,77.78,77.78,57.14,10.22,16.56,5.59,14.67,1.71,2.86,3.71,16.57
PHX,2019-05-16,0,4,3,5,3,100.0,100.0,100.0,1.6,11.6,0.74,1.4,0.33,1.3,3.0,2.67
PHX,2019-05-16,1,1,0,2,0,100.0,100.0,0.0,0.0,17.0,6.85,6.0,0.0,0.0,0.0,0.0
PHX,2019-05-16,2,0,0,0,0,0.0,0.0,0.0,0.0,0.0,0.0,0.0,0.0,0.0,0.0,0.0
PHX,2019-05-16,3,0,0,0,2,0.0,0.0,100.0,0.0,0.0,0.0,0.0,0.0,0.55,0.0,3.5
PHX,2019-05-16,4,0,0,1,4,100.0,100.0,100.0,0.0,11.0,0.4,0.0,0.0,0.3,0.25,4.5
PHX,2019-05-16,5,13,1,13,5,92.31,92.31,80.0,2.31,11.54,2.85,3.46,1.0,0.86,2.2,12.2
PHX,2019-05-16,6,20,17,31,17,93.55,90.32,94.12,2.55,14.71,4.95,6.0,2.29,1.65,1.41,2.59
PHX,2019-05-16,7,34,33,43,35,88.37,83.72,88.57,5.91,15.19,5.74,10.05,1.4,1.23,2.43,22.89
PHX,2019-05-16,8,47,25,48,26,81.25,70.83,84.62,7.67,15.67,6.11,12.33,1.85,1.78,1.5,6.46
PHX,2019-05-16,9,37,49,36,48,86.11,77.78,95.83,10.89,18.03,7.75,16.33,1.44,7.13,1.75,3.92
PHX,2019-05-16,10,43,25,42,27,80.95,50.0,77.78,12.21,20.71,11.26,21.31,4.93,1.63,10.78,14.63
PHX,2019-05-16,11,24,37,23,39,78.26,69.57,82.05,14.48,12.39,3.16,16.65,3.87,0.54,5.46,13.85
PHX,2019-05-16,12,35,31,38,31,71.05,65.79,80.65,14.79,13.21,3.48,17.74,2.48,2.35,2.68,11.0
PHX,2019-05-16,13,30,26,31,26,67.74,64.52,80.77,22.48,12.97,3.39,25.1,2.62,1.43,1.96,16.96
PHX,2019-05-16,14,28,32,29,34,65.52,58.62,67.65,29.03,10.93,2.02,29.72,2.62,2.3,5.47,19.68
PHX,2019-05-16,15,30,26,32,27,71.88,68.75,77.78,16.31,11.81,2.26,17.69,1.59,2.11,0.85,12.93
PHX,2019-05-16,16,29,27,31,30,77.42,74.19,76.67,18.0,11.0,2.15,19.65,1.2,1.65,2.47,15.03
PHX,2019-05-16,17,24,24,28,28,57.14,53.57,75.0,28.25,13.32,3.55,30.93,1.93,1.05,2.18,13.89
PHX,2019-05-16,18,27,33,28,51,60.71,57.14,68.63,31.86,11.46,2.53,33.82,2.96,1.31,2.29,14.98
PHX,2019-05-16,19,20,52,26,55,61.54,61.54,54.55,20.27,11.81,2.36,21.54,2.29,2.45,1.65,24.16
PHX,2019-05-16,20,40,31,46,32,50.0,47.83,68.75,24.59,14.09,4.33,28.09,1.81,2.8,1.13,15.69
PHX,2019-05-16,21,20,25,20,25,45.0,35.0,76.0,28.65,10.85,2.45,30.55,2.76,1.6,1.12,17.6
PHX,2019-05-16,22,10,15,11,16,81.82,72.73,50.0,10.64,11.55,2.14,11.91,1.5,2.6,2.0,36.94
PHX,2019-05-16,23,9,11,9,13,88.89,88.89,84.62,5.78,13.11,2.37,6.11,1.92,1.59,1.54,17.62
PHX,2019-05-17,0,3,3,4,3,100.0,100.0,100.0,0.0,11.0,1.27,0.5,1.0,0.97,2.33,4.67
PHX,2019-05-17,1,1,0,2,0,100.0,100.0,0.0,0.0,10.0,0.0,0.0,0.0,0.0,0.0,0.0
PHX,2019-05-17,2,0,0,0,0,0.0,0.0,0.0,0.0,0.0,0.0,0.0,0.0,0.0,0.0,0.0
PHX,2019-05-17,3,0,0,0,2,0.0,0.0,50.0,0.0,0.0,0.0,0.0,0.0,0.05,0.0,10.5
PHX,2019-05-17,4,0,0,1,5,100.0,100.0,80.0,0.0,10.0,0.0,0.0,0.0,0.44,1.0,20.8
PHX,2019-05-17,5,12,1,14,4,92.86,92.86,50.0,2.71,9.57,1.29,3.43,1.0,1.52,2.75,23.0
PHX,2019-05-17,6,20,18,25,17,88.0,88.0,100.0,5.92,12.6,2.6,7.4,2.59,1.69,1.35,1.88
PHX,2019-05-17,7,36,35,45,34,86.67,84.44,91.18,4.36,13.47,3.65,6.67,2.12,4.87,1.59,3.18
PHX,2019-05-17,8,46,25,46,26,82.61,80.43,88.46,11.57,14.3,4.92,15.04,2.65,2.61,2.0,6.27
PHX,2019-05-17,9,37,51,38,53,84.21,76.32,86.79,9.66,15.0,5.02,13.5,1.58,6.14,1.66,4.36
PHX,2019-05-17,10,43,26,44,26,77.27,70.45,88.46,12.52,15.45,5.99,16.93,1.65,1.65,3.0,8.23
PHX,2019-05-17,11,25,37,24,38,91.67,91.67,86.84,4.25,10.0,1.24,4.88,3.74,1.73,1.95,4.39
PHX,2019-05-17,12,36,32,38,32,76.32,65.79,93.75,10.11,13.05,3.24,12.5,1.16,0.97,0.91,4.63
PHX,2019-05-17,13,31,26,30,27,76.67,76.67,74.07,12.13,12.57,2.65,13.77,3.15,1.63,2.19,16.56
PHX,2019-05-17,14,30,33,33,35,51.52,48.48,82.86,24.18,11.64,2.03,25.73,1.83,1.36,0.63,5.34
PHX,2019-05-17,15,29,26,32,28,87.5,87.5,78.57,11.75,12.56,2.73,13.41,1.29,2.22,1.14,8.39
PHX,2019-05-17,16,31,27,31,29,83.87,83.87,86.21,7.68,12.1,3.0,9.68,6.9,1.97,6.93,9.07
PHX,2019-05-17,17,24,23,26,26,80.77,65.38,57.69,7.5,14.69,4.81,10.62,2.15,1.61,1.62,17.38
PHX,2019-05-17,18,27,34,30,47,56.67,53.33,70.21,20.53,10.77,1.71,21.8,2.28,1.09,2.13,14.13
PHX,2019-05-17,19,22,52,23,54,73.91,73.91,72.22,9.3,11.91,2.16,10.35,2.74,1.68,1.52,12.74
PHX,2019-05-17,20,39,31,42,31,73.81,73.81,77.42,14.43,12.26,2.7,16.17,1.45,2.93,1.52,13.94
PHX,2019-05-17,21,20,26,20,26,55.0,55.0,84.62,21.5,10.5,1.91,22.6,2.31,2.1,0.38,8.31
PHX,2019-05-17,22,10,14,11,14,81.82,72.73,100.0,13.55,12.91,3.36,16.64,0.79,1.65,0.07,2.21
PHX,2019-05-17,23,9,12,9,13,77.78,66.67,76.92,10.11,11.22,1.12,10.11,1.08,2.29,3.23,7.69
PHX,2019-05-18,0,3,2,5,4,60.0,60.0,75.0,17.2,11.8,1.16,17.8,1.0,0.03,0.0,5.75
PHX,2019-05-18,1,1,0,2,0,100.0,100.0,0.0,4.5,9.0,0.0,3.5,0.0,0.0,0.0,0.0
PHX,2019-05-18,3,0,0,0,1,0.0,0.0,100.0,0.0,0.0,0.0,0.0,0.0,0.1,1.0,0.0
PHX,2019-05-18,4,0,0,0,1,0.0,0.0,100.0,0.0,0.0,0.0,0.0,0.0,0.1,0.0,6.0
PHX,2019-05-18,5,9,2,10,2,100.0,100.0,50.0,0.3,12.8,4.0,3.4,1.0,1.05,0.5,11.5
PHX,2019-05-18,6,12,10,16,10,81.25,81.25,80.0,4.44,11.5,1.6,5.06,1.5,0.09,2.8,4.8
PHX,2019-05-18,7,29,40,32,36,90.63,90.63,91.67,6.16,14.75,4.91,9.0,2.75,1.46,2.56,2.22
PHX,2019-05-18,8,47,22,45,22,88.89,86.67,100.0,3.4,16.71,7.17,9.0,2.23,2.22,1.23,0.91
PHX,2019-05-18,9,34,40,35,41,88.57,74.29,85.37,7.49,18.63,8.58,14.4,3.8,6.76,5.51,10.59
PHX,2019-05-18,10,29,30,30,29,76.67,70.0,86.21,6.83,14.57,4.63,9.97,3.17,1.49,2.28,5.07
PHX,2019-05-18,11,34,33,33,33,78.79,81.82,84.85,12.39,10.03,1.85,13.45,3.45,2.2,4.67,13.45
PHX,2019-05-18,12,34,31,35,31,80.0,68.57,83.87,16.26,13.86,4.31,20.0,1.9,3.0,4.81,4.87
PHX,2019-05-18,13,31,22,31,22,67.74,67.74,90.91,19.0,11.97,2.17,19.97,4.0,3.23,2.77,7.36
PHX,2019-05-18,14,27,33,27,37,88.89,85.19,62.16,10.04,13.48,3.62,13.0,19.24,1.63,21.68,49.59
PHX,2019-05-18,15,26,19,26,18,73.08,69.23,55.56,18.19,12.54,2.89,20.23,4.22,1.98,4.0,21.33
PHX,2019-05-18,16,19,35,17,34,76.47,76.47,70.59,13.29,9.71,0.92,13.29,2.06,1.16,3.47,26.65
PHX,2019-05-18,17,31,23,32,26,59.38,59.38,65.38,26.56,10.75,2.07,27.91,3.04,2.15,5.96,27.31
PHX,2019-05-18,18,15,41,15,42,53.33,53.33,69.05,45.4,10.4,1.11,45.67,2.76,1.27,3.12,30.64
PHX,2019-05-18,19,29,39,27,41,59.26,55.56,63.41,24.93,9.56,0.9,25.52,2.24,1.98,3.9,37.17
PHX,2019-05-18,20,27,14,26,13,53.85,50.0,61.54,24.35,14.77,4.26,27.69,1.85,2.98,6.15,21.62
PHX,2019-05-18,21,6,15,6,15,83.33,83.33,60.0,25.5,13.67,2.2,27.5,2.93,2.25,4.07,17.87
PHX,2019-05-18,22,7,7,8,6,100.0,87.5,50.0,0.25,15.75,5.15,3.88,1.67,2.13,2.17,17.67
PHX,2019-05-18,23,8,5,8,6,75.0,75.0,16.67,19.0,10.63,0.89,18.75,0.67,1.82,0.83,32.0
PHX,2019-05-19,0,3,2,4,2,50.0,25.0,50.0,19.25,11.5,1.43,20.25,1.0,0.4,0.0,11.0
PHX,2019-05-19,1,1,0,2,0,100.0,100.0,0.0,5.0,10.5,0.35,5.5,0.0,0.0,0.0,0.0
PHX,2019-05-19,2,0,0,1,0,0.0,0.0,0.0,19.0,7.0,0.0,15.0,0.0,0.0,0.0,0.0
PHX,2019-05-19,3,0,0,1,0,100.0,100.0,0.0,0.0,21.0,10.4,10.0,0.0,0.0,0.0,0.0
PHX,2019-05-19,4,0,0,1,0,100.0,100.0,0.0,0.0,12.0,1.4,0.0,0.0,0.0,0.0,0.0
PHX,2019-05-19,5,5,1,5,2,100.0,100.0,100.0,0.0,13.6,2.74,0.6,0.0,0.45,0.0,0.0
PHX,2019-05-19,6,20,10,19,10,94.74,94.74,70.0,5.47,12.47,2.73,6.79,3.3,0.32,3.2,123.2
PHX,2019-05-19,7,30,24,29,24,89.66,86.21,91.67,12.9,14.76,5.06,15.9,1.13,2.17,1.04,9.79
PHX,2019-05-19,8,37,31,37,31,97.3,81.08,93.55,2.51,18.08,8.01,8.0,2.84,1.01,2.19,3.68
PHX,2019-05-19,9,50,43,50,39,80.0,72.0,82.05,10.22,15.94,6.62,15.04,5.03,5.87,6.03,18.08
PHX,2019-05-19,10,34,27,36,29,63.89,58.33,82.76,25.69,15.0,4.8,29.5,2.41,1.31,3.59,5.0
PHX,2019-05-19,11,30,34,31,35,67.74,67.74,68.57,17.94,13.03,4.17,21.52,2.29,1.4,3.74,22.69
PHX,2019-05-19,12,33,31,31,32,61.29,58.06,81.25,32.13,11.68,2.21,33.94,2.16,2.13,4.53,12.0
PHX,2019-05-19,13,34,28,35,28,71.43,62.86,57.14,27.0,14.06,4.62,30.49,3.54,2.38,5.64,46.0
PHX,2019-05-19,14,24,29,25,31,60.0,60.0,61.29,26.6,12.68,2.97,28.52,4.61,1.45,7.13,21.35
PHX,2019-05-19,15,33,27,35,28,57.14,45.71,64.29,24.51,15.37,5.85,29.8,2.04,1.71,3.11,34.25
PHX,2019-05-19,16,27,26,28,34,42.86,32.14,61.76,38.46,16.0,6.49,44.43,1.97,2.13,4.94,27.21
PHX,2019-05-19,17,23,28,25,29,36.0,24.0,31.03,31.4,15.72,5.34,36.2,1.79,1.98,2.66,29.34
PHX,2019-05-19,18,30,35,31,39,41.94,35.48,53.85,29.9,11.19,2.64,31.81,2.85,1.7,4.03,16.49
PHX,2019-05-19,19,24,49,24,50,62.5,58.33,58.0,28.21,12.04,2.82,30.13,3.48,2.69,4.46,17.14
PHX,2019-05-19,20,36,26,38,26,68.42,65.79,65.38,16.18,12.82,2.92,18.13,2.23,4.06,6.81,17.81
PHX,2019-05-19,21,19,30,19,31,52.63,52.63,41.94,35.53,11.11,2.44,37.32,3.06,2.07,5.94,31.13
PHX,2019-05-19,22,14,17,16,17,50.0,50.0,52.94,33.25,10.0,1.75,34.13,3.18,1.29,10.76,42.53
PHX,2019-05-19,23,9,13,8,13,87.5,87.5,30.77,10.0,10.5,0.76,9.25,1.92,2.38,3.08,37.77
PHX,2019-05-20,0,3,3,3,2,66.67,66.67,50.0,15.0,9.33,0.0,14.67,1.0,1.4,0.5,144.5
PHX,2019-05-20,1,1,0,2,0,100.0,100.0,0.0,0.0,9.5,0.0,0.0,0.0,0.0,0.0,0.0
PHX,2019-05-20,2,0,0,1,0,100.0,0.0,0.0,9.0,28.0,17.4,26.0,0.0,0.0,0.0,0.0
PHX,2019-05-20,3,0,0,0,1,0.0,0.0,100.0,0.0,0.0,0.0,0.0,14.0,1.1,16.0,11.0
PHX,2019-05-20,4,0,0,1,0,100.0,100.0,0.0,0.0,10.0,0.0,0.0,0.0,0.0,0.0,0.0
PHX,2019-05-20,5,12,1,15,2,80.0,73.33,100.0,18.87,10.6,1.81,19.93,1.5,0.05,3.0,2.0
PHX,2019-05-20,6,21,17,24,17,91.67,91.67,82.35,2.29,13.38,3.48,4.63,1.47,0.76,3.06,4.41
PHX,2019-05-20,7,35,34,37,35,83.78,81.08,91.43,6.76,12.59,3.18,8.51,3.49,2.03,5.2,4.4
PHX,2019-05-20,8,47,26,50,28,74.0,74.0,64.29,28.64,13.24,3.68,31.62,5.54,2.61,5.68,11.39
PHX,2019-05-20,9,37,53,39,54,71.79,66.67,75.93,16.92,13.56,3.6,19.77,3.89,5.36,3.33,14.56
PHX,2019-05-20,10,44,26,47,25,61.7,48.94,84.0,24.6,16.47,7.08,31.11,5.0,1.54,6.0,10.0
PHX,2019-05-20,11,26,38,26,39,80.77,76.92,87.18,45.5,12.31,3.4,47.0,6.46,2.48,3.33,4.62
PHX,2019-05-20,12,36,31,35,32,74.29,62.86,71.88,13.14,15.74,5.95,18.51,7.09,3.12,6.59,13.19
PHX,2019-05-20,13,31,26,32,27,68.75,65.63,62.96,30.44,15.44,5.43,35.13,8.0,1.54,5.81,21.33
PHX,2019-05-20,14,29,33,30,36,60.0,50.0,63.89,22.93,14.5,4.89,27.3,4.33,2.81,4.11,22.47
PHX,2019-05-20,15,30,26,31,28,51.61,41.94,67.86,50.48,17.29,7.54,57.55,6.04,3.26,7.32,23.04
PHX,2019-05-20,16,31,27,35,29,48.57,45.71,58.62,36.14,17.14,7.75,43.34,5.97,2.47,7.21,33.93
PHX,2019-05-20,17,24,22,26,26,69.23,57.69,34.62,19.81,16.62,6.7,25.35,4.0,1.91,6.54,46.85
PHX,2019-05-20,18,25,36,24,51,54.17,50.0,58.82,21.92,10.75,2.02,23.33,4.51,2.45,5.1,36.82
PHX,2019-05-20,19,22,51,28,53,67.86,60.71,64.15,32.11,15.46,5.51,35.93,4.3,3.17,7.77,15.87
PHX,2019-05-20,20,40,31,43,31,48.84,46.51,54.84,24.56,13.49,3.65,27.63,3.48,1.75,7.48,23.19
PHX,2019-05-20,21,20,25,20,24,60.0,55.0,50.0,39.35,13.0,4.36,43.25,4.04,1.97,10.79,47.58
PHX,2019-05-20,22,10,15,11,15,45.45,45.45,66.67,25.36,13.0,3.37,28.73,2.27,3.37,10.6,28.33
PHX,2019-05-20,23,9,12,9,15,77.78,66.67,40.0,122.11,13.67,2.7,123.78,1.33,0.95,14.33,110.67
PHX,2019-05-21,0,4,3,5,3,20.0,20.0,100.0,53.0,17.4,6.22,58.8,0.33,0.3,0.0,0.0
PHX,2019-05-21,1,1,0,2,0,100.0,50.0,0.0,7.0,11.5,1.35,8.5,0.0,0.0,0.0,0.0
PHX,2019-05-21,2,0,0,0,0,0.0,0.0,0.0,0.0,0.0,0.0,0.0,0.0,0.0,0.0,0.0
PHX,2019-05-21,3,0,0,0,1,0.0,0.0,100.0,0.0,0.0,0.0,0.0,0.0,0.1,0.0,8.0
PHX,2019-05-21,4,0,0,2,5,100.0,100.0,40.0,0.0,10.0,0.0,0.0,2.2,0.06,2.4,19.2
PHX,2019-05-21,5,13,1,17,5,64.71,64.71,40.0,16.88,12.18,4.01,19.65,1.6,0.44,3.2,21.0
PHX,2019-05-21,6,19,18,29,18,72.41,68.97,72.22,20.14,13.86,4.06,23.03,1.67,0.54,4.0,15.39
PHX,2019-05-21,7,34,34,43,35,65.12,62.79,88.57,16.86,15.26,5.68,20.98,1.2,1.79,1.94,17.63
PHX,2019-05-21,8,47,25,48,26,77.08,64.58,76.92,10.83,20.94,11.26,20.04,3.42,3.02,9.15,13.46
PHX,2019-05-21,9,36,50,37,48,70.27,51.35,83.33,17.16,20.11,9.72,25.81,3.6,4.03,4.23,11.69
PHX,2019-05-21,10,43,23,42,24,73.81,52.38,83.33,15.93,17.69,8.27,23.19,1.46,1.61,3.04,9.67
PHX,2019-05-21,11,24,37,25,36,72.0,72.0,69.44,10.0,10.68,1.84,10.56,2.33,2.86,1.61,12.89
PHX,2019-05-21,12,34,31,33,32,69.7,60.61,71.88,10.52,12.24,2.58,12.76,2.44,2.0,4.22,13.38
PHX,2019-05-21,13,30,26,30,27,56.67,53.33,74.07,17.43,12.33,2.9,19.5,3.15,1.8,1.11,14.81
PHX,2019-05-21,14,29,32,28,32,67.86,60.71,53.13,22.29,12.11,2.71,24.32,2.03,1.87,2.66,23.25
PHX,2019-05-21,15,27,24,28,29,50.0,50.0,72.41,27.89,12.89,3.35,30.04,3.28,1.68,3.0,8.03
PHX,2019-05-21,16,29,27,34,31,67.65,64.71,64.52,15.79,12.94,3.62,18.24,2.06,1.52,3.81,14.61
PHX,2019-05-21,17,24,23,25,27,72.0,52.0,59.26,12.36,17.12,7.29,17.52,2.59,1.4,0.78,16.56
PHX,2019-05-21,18,25,33,26,52,65.38,57.69,73.08,16.62,11.62,2.63,18.5,3.23,0.9,2.21,12.27
PHX,2019-05-21,19,20,50,24,54,75.0,70.83,66.67,8.63,12.0,2.44,9.83,2.94,1.69,2.91,13.3
PHX,2019-05-21,20,39,30,46,28,56.52,52.17,67.86,19.54,14.0,4.28,23.13,2.5,2.66,1.21,10.46
PHX,2019-05-21,21,19,25,21,25,52.38,47.62,72.0,23.33,9.1,0.97,23.62,3.08,1.99,1.04,17.88
PHX,2019-05-21,22,9,14,9,14,77.78,77.78,78.57,10.11,10.33,1.22,10.33,0.93,1.4,0.43,12.64
PHX,2019-05-21,23,8,10,8,12,87.5,87.5,50.0,7.63,11.63,1.76,8.0,0.83,1.97,2.83,30.5
PHX,2019-05-22,0,3,3,4,3,75.0,75.0,66.67,5.5,10.0,0.0,5.5,1.33,0.6,0.0,11.0
PHX,2019-05-22,1,1,0,2,0,100.0,100.0,0.0,0.0,10.0,0.0,0.0,0.0,0.0,0.0,0.0
PHX,2019-05-22,2,0,0,0,0,0.0,0.0,0.0,0.0,0.0,0.0,0.0,0.0,0.0,0.0,0.0
PHX,2019-05-22,3,0,0,0,1,0.0,0.0,0.0,0.0,0.0,0.0,0.0,0.0,0.1,6.0,19.0
PHX,2019-05-22,4,0,0,1,5,100.0,100.0,40.0,0.0,12.0,1.4,0.0,6.0,0.26,6.4,31.4
PHX,2019-05-22,5,12,1,15,3,86.67,80.0,66.67,4.93,10.6,2.56,6.13,0.33,0.03,0.0,11.33
PHX,2019-05-22,6,20,18,29,20,68.97,68.97,80.0,16.14,12.34,2.3,17.62,2.2,0.86,3.25,8.7
PHX,2019-05-22,7,35,33,46,37,73.91,65.22,86.49,12.37,14.07,4.41,15.22,3.62,2.65,4.38,10.08
PHX,2019-05-22,8,46,25,47,26,95.74,87.23,84.62,2.85,15.45,5.9,6.85,3.96,2.59,4.31,8.35
PHX,2019-05-22,9,37,49,37,46,75.68,72.97,93.48,18.38,15.35,5.3,21.76,2.87,5.41,2.24,3.0
PHX,2019-05-22,10,43,25,44,25,79.55,79.55,64.0,10.7,13.93,4.54,13.57,4.16,2.14,10.16,13.04
PHX,2019-05-22,11,25,38,24,39,70.83,66.67,74.36,14.29,10.79,1.84,14.83,3.23,1.76,3.41,7.87
PHX,2019-05-22,12,36,31,37,31,78.38,70.27,77.42,9.86,11.19,1.58,11.03,2.42,1.8,4.94,11.13
PHX,2019-05-22,13,31,26,33,27,81.82,75.76,81.48,10.06,12.82,2.96,11.91,2.56,2.56,7.11,17.85
PHX,2019-05-22,14,29,33,31,35,58.06,61.29,88.57,19.32,10.42,1.3,19.65,2.17,0.96,2.66,9.51
PHX,2019-05-22,15,30,26,31,30,67.74,61.29,70.0,16.48,14.1,4.52,19.97,2.1,1.62,4.33,16.53
PHX,2019-05-22,16,31,27,34,30,58.82,61.76,83.33,22.0,11.12,1.75,23.21,1.53,2.19,1.73,9.6
PHX,2019-05-22,17,24,23,25,28,80.0,80.0,42.86,12.56,11.68,1.94,13.48,3.04,1.19,5.68,29.86
PHX,2019-05-22,18,25,36,25,51,72.0,72.0,60.78,18.8,13.68,4.28,22.28,3.37,1.66,3.18,19.45
PHX,2019-05-22,19,22,51,28,55,60.71,64.29,72.73,22.75,15.36,5.52,27.18,2.35,1.89,3.24,9.93
PHX,2019-05-22,20,40,31,47,31,68.09,57.45,61.29,19.26,16.13,6.32,23.81,1.71,4.75,5.94,22.06
PHX,2019-05-22,21,20,26,21,26,42.86,42.86,53.85,31.33,10.33,2.06,32.67,4.04,2.31,7.0,59.04
PHX,2019-05-22,22,10,15,11,16,81.82,81.82,75.0,12.91,12.64,3.14,15.27,2.69,1.06,2.13,16.44
PHX,2019-05-22,23,9,12,9,14,100.0,88.89,50.0,2.33,16.33,5.14,4.56,2.14,2.71,3.29,16.71
PHX,2019-05-23,0,4,3,5,3,80.0,80.0,100.0,19.2,11.8,1.16,19.4,1.67,0.57,4.33,6.33
PHX,2019-05-23,1,1,0,2,0,100.0,100.0,0.0,0.0,12.0,1.85,0.0,0.0,0.0,0.0,0.0
PHX,2019-05-23,3,0,0,0,1,0.0,0.0,100.0,0.0,0.0,0.0,0.0,0.0,0.1,2.0,0.0
PHX,2019-05-23,4,0,0,1,5,100.0,100.0,60.0,0.0,15.0,4.4,0.0,0.0,0.06,0.0,7.8
PHX,2019-05-23,5,13,1,15,4,93.33,93.33,50.0,3.2,13.8,5.45,6.13,1.0,1.02,3.0,29.25
PHX,2019-05-23,6,20,18,29,19,72.41,72.41,84.21,10.66,13.59,3.64,13.31,2.32,0.32,2.21,6.58
PHX,2019-05-23,7,34,34,44,35,81.82,75.0,91.43,6.82,15.27,5.69,11.73,2.11,1.68,2.94,4.8
PHX,2019-05-23,8,47,25,49,25,89.8,71.43,88.0,7.43,18.45,8.88,14.67,3.52,0.75,5.92,8.4
PHX,2019-05-23,9,37,49,37,51,78.38,62.16,90.2,12.3,17.84,7.82,18.7,4.18,3.6,2.67,2.82
PHX,2019-05-23,10,43,25,44,25,81.82,63.64,68.0,11.66,18.41,9.0,19.16,3.24,1.67,6.2,18.08
PHX,2019-05-23,11,25,37,26,35,69.23,61.54,82.86,12.96,11.96,2.52,14.54,2.83,1.2,3.0,19.29
PHX,2019-05-23,12,35,31,35,31,68.57,60.0,77.42,18.91,14.91,5.07,22.6,1.61,1.94,3.35,10.06
PHX,2019-05-23,13,30,26,31,26,74.19,74.19,65.38,11.61,13.29,3.49,14.29,3.0,2.68,3.88,13.58
PHX,2019-05-23,14,29,32,29,32,55.17,51.72,68.75,18.55,11.76,2.76,20.48,1.63,3.51,2.53,10.06
PHX,2019-05-23,15,30,26,30,27,63.33,60.0,59.26,18.13,11.8,2.25,19.9,2.44,1.65,7.52,20.19
PHX,2019-05-23,16,29,27,32,32,71.88,71.88,71.88,17.72,10.94,1.83,18.44,1.88,2.12,2.13,20.56
PHX,2019-05-23,17,24,24,27,32,74.07,74.07,68.75,12.89,12.41,2.5,14.74,2.19,1.63,4.97,13.94
PHX,2019-05-23,18,27,33,27,50,62.96,66.67,64.0,11.89,10.52,1.65,12.78,3.64,1.58,3.62,20.64
PHX,2019-05-23,19,20,52,24,54,79.17,66.67,55.56,15.17,12.46,3.05,17.63,4.81,1.78,6.43,29.48
PHX,2019-05-23,20,39,31,46,32,45.65,41.3,59.38,32.0,15.39,5.64,36.59,1.75,3.09,3.5,20.63
PHX,2019-05-23,21,20,25,20,25,45.0,40.0,64.0,26.2,13.85,5.12,30.65,2.76,3.21,3.4,32.32
PHX,2019-05-23,22,11,15,12,15,75.0,75.0,86.67,9.75,13.5,3.78,12.0,1.6,2.09,3.2,8.67
PHX,2019-05-23,23,9,11,9,12,77.78,77.78,50.0,19.11,14.67,3.7,20.78,0.75,1.63,4.42,18.83
PHX,2019-05-24,0,3,3,4,4,100.0,100.0,50.0,2.0,13.25,1.77,2.25,0.0,0.98,0.0,14.75
PHX,2019-05-24,1,1,0,1,0,100.0,100.0,0.0,0.0,14.0,3.7,2.0,0.0,0.0,0.0,0.0
PHX,2019-05-24,2,0,0,0,0,0.0,0.0,0.0,0.0,0.0,0.0,0.0,0.0,0.0,0.0,0.0
PHX,2019-05-24,3,0,0,0,1,0.0,0.0,100.0,0.0,0.0,0.0,0.0,0.0,0.0,0.0,9.0
PHX,2019-05-24,4,0,0,1,5,100.0,100.0,60.0,0.0,16.0,5.4,0.0,1.8,0.88,2.4,11.2
PHX,2019-05-24,5,12,1,13,5,100.0,92.31,60.0,2.23,11.23,3.15,4.62,1.0,0.66,3.8,19.0
PHX,2019-05-24,6,20,19,29,19,82.76,72.41,84.21,11.17,14.93,4.94,15.31,2.53,0.04,3.79,7.32
PHX,2019-05-24,7,35,35,45,39,86.67,84.44,92.31,6.89,14.27,4.57,9.78,1.46,1.57,1.95,15.77
PHX,2019-05-24,8,47,24,51,25,80.39,66.67,88.0,9.71,17.84,8.19,16.45,2.76,1.99,2.6,10.48
PHX,2019-05-24,9,37,51,39,51,79.49,58.97,84.31,11.59,17.87,7.66,17.44,2.0,6.4,3.24,5.9
PHX,2019-05-24,10,44,25,42,24,66.67,61.9,70.83,13.19,16.38,6.79,18.4,1.5,2.16,3.92,14.38
PHX,2019-05-24,11,25,38,25,39,76.0,76.0,89.74,11.8,12.52,3.26,13.6,2.13,1.42,2.95,6.41
PHX,2019-05-24,12,36,32,37,32,75.68,75.68,81.25,12.92,11.92,2.24,14.38,1.53,2.03,2.69,7.88
PHX,2019-05-24,13,31,26,33,27,72.73,72.73,74.07,12.55,12.09,2.26,14.06,1.89,2.17,2.48,13.41
PHX,2019-05-24,14,29,33,29,34,65.52,58.62,76.47,15.31,11.07,1.64,16.38,1.62,2.44,1.5,9.41
PHX,2019-05-24,15,30,26,33,28,81.82,66.67,85.71,10.88,12.76,3.12,13.18,3.86,2.05,2.79,7.75
PHX,2019-05-24,16,31,27,32,31,84.38,81.25,67.74,10.56,10.72,1.48,11.53,1.61,2.02,2.84,20.68
PHX,2019-05-24,17,24,22,27,26,70.37,62.96,69.23,15.7,12.67,2.86,17.74,2.54,1.93,3.27,23.27
PHX,2019-05-24,18,25,34,27,44,85.19,85.19,68.18,7.07,11.37,2.17,8.74,3.48,2.36,3.61,22.77
PHX,2019-05-24,19,22,52,25,56,72.0,68.0,85.71,14.6,14.0,4.34,16.72,2.3,2.91,1.86,7.48
PHX,2019-05-24,20,38,31,41,31,73.17,68.29,70.97,11.1,14.0,4.32,14.34,1.97,2.2,3.42,10.97
PHX,2019-05-24,21,20,25,22,27,59.09,54.55,66.67,18.0,10.73,1.95,19.41,2.48,1.91,3.59,16.89
PHX,2019-05-24,22,11,15,13,15,69.23,69.23,86.67,16.46,12.62,2.98,18.54,0.87,1.23,2.4,5.67
PHX,2019-05-24,23,9,12,10,14,80.0,80.0,71.43,4.3,13.0,2.14,5.2,2.64,2.56,5.5,10.86
PHX,2019-05-25,0,3,2,4,3,75.0,75.0,66.67,12.5,10.75,0.0,12.25,1.0,1.23,0.0,7.67
PHX,2019-05-25,1,1,0,2,0,100.0,100.0,0.0,0.0,9.5,0.0,0.0,0.0,0.0,0.0,0.0
PHX,2019-05-25,3,0,0,0,0,0.0,0.0,0.0,0.0,0.0,0.0,0.0,0.0,0.0,0.0,0.0
PHX,2019-05-25,4,0,0,1,2,0.0,0.0,100.0,35.0,9.0,0.0,33.0,0.0,0.55,1.0,3.5
PHX,2019-05-25,5,9,2,10,2,100.0,100.0,0.0,1.2,11.7,3.02,2.8,0.0,2.55,14.5,29.5
PHX,2019-05-25,6,12,11,17,10,82.35,76.47,90.0,17.88,12.59,3.1,20.41,3.0,0.29,4.0,2.9
PHX,2019-05-25,7,29,40,32,38,84.38,81.25,89.47,5.78,13.53,3.83,7.69,1.68,1.12,1.92,16.05
PHX,2019-05-25,8,46,21,47,22,87.23,80.85,90.91,8.66,15.02,5.63,12.81,3.95,3.45,3.23,5.77
PHX,2019-05-25,9,33,40,34,41,79.41,73.53,92.68,10.06,17.06,7.22,15.56,2.46,7.81,3.02,2.88
PHX,2019-05-25,10,28,30,28,31,89.29,75.0,93.55,5.96,16.18,6.17,10.82,1.45,0.69,2.65,4.65
PHX,2019-05-25,11,34,32,34,31,97.06,94.12,90.32,4.62,12.32,3.76,7.18,1.32,1.82,2.65,3.84
PHX,2019-05-25,12,32,31,30,32,76.67,76.67,81.25,7.87,12.07,2.49,9.2,1.72,1.81,1.5,9.06
PHX,2019-05-25,13,32,21,33,21,87.88,84.85,90.48,5.7,13.36,3.52,7.21,3.14,1.53,1.9,5.86
PHX,2019-05-25,14,24,32,25,32,76.0,76.0,93.75,12.0,11.8,2.25,13.24,2.56,2.43,2.66,8.41
PHX,2019-05-25,15,26,19,27,20,88.89,77.78,85.0,6.96,12.78,3.1,8.93,2.8,1.67,1.65,7.3
PHX,2019-05-25,16,15,34,16,36,75.0,75.0,88.89,14.88,10.44,1.5,15.81,1.56,1.61,2.06,7.86
PHX,2019-05-25,17,30,21,31,23,80.65,74.19,78.26,5.45,9.94,1.55,6.32,4.13,1.27,4.04,7.78
PHX,2019-05-25,18,14,40,14,41,85.71,85.71,85.37,10.07,13.29,3.56,11.57,3.32,1.58,2.12,5.05
PHX,2019-05-25,19,24,33,23,33,82.61,82.61,87.88,8.96,9.0,1.08,9.04,2.39,2.5,3.73,7.24
PHX,2019-05-25,20,26,13,26,13,84.62,84.62,61.54,10.04,13.54,3.13,11.42,2.92,0.79,8.38,15.0
PHX,2019-05-25,21,6,15,6,15,66.67,66.67,80.0,14.83,14.17,2.98,16.33,4.07,1.93,5.33,9.73
PHX,2019-05-25,22,7,5,8,5,100.0,100.0,60.0,0.38,11.63,1.14,1.0,2.2,0.46,3.0,26.4
PHX,2019-05-25,23,8,3,8,4,100.0,87.5,75.0,5.0,13.5,2.73,5.75,1.5,1.23,3.25,11.0
PHX,2019-05-26,0,3,2,4,2,100.0,100.0,50.0,0.0,12.25,2.13,2.0,3.5,0.95,0.0,16.0
PHX,2019-05-26,1,1,0,2,0,100.0,100.0,0.0,0.0,11.5,1.35,1.5,0.0,0.0,0.0,0.0
PHX,2019-05-26,2,0,0,0,0,0.0,0.0,0.0,0.0,0.0,0.0,0.0,0.0,0.0,0.0,0.0
PHX,2019-05-26,3,0,0,1,0,100.0,100.0,0.0,0.0,10.0,0.0,0.0,0.0,0.0,0.0,0.0
PHX,2019-05-26,4,0,0,2,0,100.0,100.0,0.0,0.0,9.5,1.2,0.0,0.0,0.0,0.0,0.0
PHX,2019-05-26,5,5,1,6,2,100.0,100.0,100.0,1.33,12.83,2.68,1.83,2.0,0.9,1.5,0.0
PHX,2019-05-26,6,13,8,14,8,92.86,85.71,100.0,1.64,13.0,3.91,4.71,3.13,1.28,2.0,0.25
PHX,2019-05-26,7,25,18,25,19,88.0,88.0,89.47,8.4,13.88,3.84,10.56,2.05,1.03,0.79,4.68
PHX,2019-05-26,8,36,27,36,26,88.89,80.56,80.77,5.14,16.86,6.89,9.56,5.96,0.94,3.96,3.65
PHX,2019-05-26,9,37,42,38,42,84.21,68.42,88.1,6.5,18.0,8.34,13.37,3.48,16.38,8.02,5.48
PHX,2019-05-26,10,37,29,37,29,97.3,83.78,93.1,3.7,16.62,7.01,9.05,4.14,2.24,3.97,8.55
PHX,2019-05-26,11,36,28,34,29,88.24,88.24,86.21,13.68,10.32,1.74,14.24,3.9,1.6,2.72,20.86
PHX,2019-05-26,12,26,25,27,26,81.48,77.78,80.77,7.96,13.37,3.19,10.11,2.31,1.64,3.38,10.35
PHX,2019-05-26,13,31,30,34,31,82.35,76.47,90.32,7.62,12.5,2.56,9.24,2.87,1.67,1.16,5.84
PHX,2019-05-26,14,26,26,27,26,88.89,85.19,88.46,7.74,12.67,3.16,9.93,2.96,3.14,2.62,5.15
PHX,2019-05-26,15,29,24,29,25,79.31,62.07,92.0,14.07,15.79,6.09,18.93,3.24,1.29,3.24,3.08
PHX,2019-05-26,16,20,26,19,30,84.21,63.16,83.33,17.16,16.68,7.26,23.47,2.8,1.17,4.43,7.57
PHX,2019-05-26,17,25,25,25,26,76.0,72.0,80.77,9.32,14.48,5.01,12.64,3.77,2.54,4.0,5.35
PHX,2019-05-26,18,22,31,26,34,84.62,46.15,73.53,4.69,26.96,18.05,21.08,4.21,1.0,6.76,23.79
PHX,2019-05-26,19,19,45,20,46,80.0,30.0,80.43,5.55,36.75,27.25,29.5,4.43,4.5,4.41,9.52
PHX,2019-05-26,20,30,28,30,29,83.33,76.67,68.97,8.13,15.67,4.98,11.37,3.31,2.66,7.97,25.97
PHX,2019-05-26,21,17,21,18,22,77.78,77.78,72.73,7.61,10.11,1.44,8.39,2.64,2.43,6.18,44.64
PHX,2019-05-26,22,7,9,8,9,100.0,100.0,88.89,0.38,14.38,3.88,2.63,0.89,1.2,3.0,10.67
PHX,2019-05-26,23,7,5,7,6,71.43,71.43,50.0,18.43,11.57,1.73,19.43,0.5,1.1,11.0,51.33
PHX,2019-05-27,0,3,2,4,2,75.0,75.0,50.0,25.5,10.5,0.0,25.25,7.5,1.45,13.5,33.5
PHX,2019-05-27,1,1,0,2,0,100.0,100.0,0.0,1.5,10.5,0.35,2.0,0.0,0.0,0.0,0.0
PHX,2019-05-27,2,0,0,0,0,0.0,0.0,0.0,0.0,0.0,0.0,0.0,0.0,0.0,0.0,0.0
PHX,2019-05-27,4,0,0,1,1,0.0,0.0,100.0,20.0,9.0,0.0,18.0,0.0,1.1,0.0,0.0
PHX,2019-05-27,5,8,1,9,1,88.89,88.89,100.0,3.67,9.0,0.72,3.56,2.0,0.0,0.0,0.0
PHX,2019-05-27,6,20,10,20,10,100.0,100.0,100.0,0.3,11.2,1.94,1.05,2.3,0.4,1.8,1.4
PHX,2019-05-27,7,31,32,31,33,100.0,100.0,96.97,0.29,11.29,1.92,0.84,3.3,1.35,1.82,20.61
PHX,2019-05-27,8,45,23,46,22,86.96,80.43,86.36,9.65,14.89,5.46,13.91,5.27,2.12,2.41,8.68
PHX,2019-05-27,9,35,51,34,51,79.41,70.59,92.16,15.62,15.18,5.23,18.65,3.61,6.89,3.0,5.71
PHX,2019-05-27,10,45,23,46,24,93.48,93.48,79.17,13.11,11.93,3.0,14.85,3.83,1.95,6.88,27.83
PHX,2019-05-27,11,25,38,26,39,80.77,76.92,82.05,20.38,10.58,2.02,22.08,3.54,1.14,2.92,4.44
PHX,2019-05-27,12,36,30,35,32,85.71,80.0,90.63,8.71,11.94,2.41,9.91,2.41,1.8,2.72,7.09
PHX,2019-05-27,13,30,28,32,28,93.75,93.75,96.43,10.75,12.19,2.37,11.97,2.18,2.0,1.43,2.04
PHX,2019-05-27,14,30,32,28,32,85.71,85.71,81.25,9.68,12.11,3.06,11.32,2.94,3.34,3.75,10.88
PHX,2019-05-27,15,30,25,30,26,73.33,66.67,84.62,16.27,12.43,2.85,17.8,4.38,1.89,7.31,14.81
PHX,2019-05-27,16,31,30,31,34,77.42,74.19,91.18,10.9,12.03,2.86,13.0,2.0,1.13,1.88,6.21
PHX,2019-05-27,17,25,22,31,21,74.19,67.74,71.43,30.65,13.55,3.78,32.52,3.67,0.93,4.1,23.19
PHX,2019-05-27,18,26,36,26,36,76.92,76.92,86.11,18.81,10.65,1.82,19.46,3.28,1.36,0.69,10.5
PHX,2019-05-27,19,22,53,21,52,90.48,85.71,80.77,6.14,13.81,4.16,9.33,4.42,2.86,2.87,13.44
PHX,2019-05-27,20,39,29,40,31,67.5,62.5,70.97,13.35,13.83,4.23,16.7,2.45,1.56,2.71,18.42
PHX,2019-05-27,21,22,27,22,27,68.18,63.64,77.78,13.14,10.36,2.03,14.68,3.52,1.61,2.37,17.85
PHX,2019-05-27,22,10,15,11,15,81.82,72.73,73.33,33.36,10.18,0.69,33.91,1.93,0.85,2.87,20.0
PHX,2019-05-27,23,9,12,9,12,77.78,77.78,58.33,26.56,14.11,3.73,29.56,7.17,1.54,7.33,21.17
PHX,2019-05-28,0,4,3,4,2,100.0,100.0,100.0,0.25,10.25,0.18,0.0,3.0,0.95,0.0,0.0
PHX,2019-05-28,1,1,0,2,0,100.0,100.0,0.0,0.0,11.5,1.35,0.0,0.0,0.0,0.0,0.0
PHX,2019-05-28,2,0,0,0,0,0.0,0.0,0.0,0.0,0.0,0.0,0.0,0.0,0.0,0.0,0.0
PHX,2019-05-28,3,0,0,1,0,100.0,100.0,0.0,0.0,15.0,4.4,0.0,0.0,0.0,0.0,0.0
PHX,2019-05-28,4,0,0,0,2,0.0,0.0,0.0,0.0,0.0,0.0,0.0,1.0,0.55,4.0,36.0
PHX,2019-05-28,5,13,1,14,3,92.86,92.86,33.33,2.86,10.21,1.95,3.86,8.33,1.03,10.0,21.0
PHX,2019-05-28,6,19,19,27,18,81.48,77.78,94.44,8.11,13.26,3.48,10.7,4.17,0.67,3.33,6.39
PHX,2019-05-28,7,34,34,40,34,87.5,82.5,91.18,4.75,15.18,5.61,8.65,2.56,2.15,2.0,5.18
PHX,2019-05-28,8,47,24,46,23,78.26,76.09,82.61,21.43,15.93,6.29,25.8,2.52,1.5,1.0,9.96
PHX,2019-05-28,9,36,50,37,50,83.78,81.08,90.0,5.84,16.57,6.49,10.86,2.9,4.82,2.72,4.46
PHX,2019-05-28,10,43,23,42,22,78.57,71.43,72.73,9.67,16.24,6.79,14.95,2.82,0.5,3.32,11.73
PHX,2019-05-28,11,24,37,24,37,75.0,75.0,91.89,18.63,11.25,2.15,19.46,2.86,1.34,2.03,4.27
PHX,2019-05-28,12,35,31,36,33,83.33,83.33,90.91,10.0,12.11,2.4,11.25,2.03,2.02,1.52,3.3
PHX,2019-05-28,13,30,27,31,27,77.42,77.42,66.67,19.16,13.97,4.26,22.32,2.96,3.64,4.15,13.52
PHX,2019-05-28,14,30,32,33,33,63.64,57.58,78.79,21.55,12.88,3.48,24.0,2.42,4.95,2.94,11.36
PHX,2019-05-28,15,30,26,29,26,68.97,65.52,96.15,20.45,13.59,3.78,23.52,2.38,3.38,0.85,2.12
PHX,2019-05-28,16,29,27,30,29,70.0,63.33,75.86,22.03,10.87,1.93,23.73,1.41,2.19,1.76,16.28
PHX,2019-05-28,17,24,23,25,25,84.0,84.0,76.0,8.88,12.96,3.22,10.88,3.04,1.28,4.68,21.48
PHX,2019-05-28,18,25,34,22,47,81.82,77.27,68.09,18.09,11.73,2.68,20.0,2.85,1.71,2.47,21.09
PHX,2019-05-28,19,20,50,27,53,74.07,74.07,81.13,11.74,12.11,2.55,13.07,3.02,2.56,2.51,10.96
PHX,2019-05-28,20,39,31,43,28,69.77,65.12,75.0,16.02,13.44,3.7,18.77,1.79,1.9,1.32,25.96
PHX,2019-05-28,21,19,25,17,26,41.18,41.18,61.54,27.71,10.82,2.26,28.94,2.5,3.45,7.65,17.12
PHX,2019-05-28,22,9,14,10,15,80.0,80.0,73.33,11.5,11.3,1.96,13.0,1.13,0.59,1.87,26.27
PHX,2019-05-28,23,8,10,9,11,77.78,77.78,36.36,6.22,12.56,2.62,8.0,2.18,2.11,3.45,20.45
PHX,2019-05-29,0,3,3,3,4,66.67,66.67,75.0,8.0,12.33,1.7,7.33,2.0,1.47,7.5,50.25
PHX,2019-05-29,1,1,0,2,0,100.0,100.0,0.0,0.5,11.0,0.85,1.5,0.0,0.0,0.0,0.0
PHX,2019-05-29,2,0,0,0,0,0.0,0.0,0.0,0.0,0.0,0.0,0.0,0.0,0.0,0.0,0.0
PHX,2019-05-29,3,0,0,0,2,0.0,0.0,50.0,0.0,0.0,0.0,0.0,0.0,0.55,0.5,14.5
PHX,2019-05-29,4,0,0,1,5,100.0,100.0,40.0,0.0,11.0,0.4,0.0,0.2,0.26,0.0,24.4
PHX,2019-05-29,5,12,1,15,4,93.33,86.67,25.0,3.33,10.87,2.89,4.93,1.75,1.8,4.25,32.0
PHX,2019-05-29,6,20,18,29,17,72.41,68.97,64.71,36.1,15.62,5.21,39.72,2.06,1.45,1.76,45.35
PHX,2019-05-29,7,35,32,44,33,72.73,68.18,93.94,8.66,14.82,4.97,12.25,2.3,1.71,1.88,1.79
PHX,2019-05-29,8,46,26,48,24,85.42,79.17,91.67,8.79,18.1,8.53,16.08,2.29,1.25,1.83,3.58
PHX,2019-05-29,9,35,48,35,47,85.71,77.14,91.49,6.57,16.97,6.67,11.46,4.91,4.19,2.94,3.53
PHX,2019-05-29,10,43,25,41,25,68.29,60.98,92.0,19.22,14.07,4.61,22.98,2.16,1.81,2.32,3.08
PHX,2019-05-29,11,25,38,24,35,87.5,87.5,91.43,8.54,12.13,2.99,9.58,3.29,1.8,5.63,5.0
PHX,2019-05-29,12,37,30,37,31,83.78,81.08,67.74,32.51,12.89,3.28,34.7,4.42,2.52,10.32,16.06
PHX,2019-05-29,13,30,26,29,26,65.52,62.07,80.77,18.17,11.41,1.8,19.48,3.62,3.13,2.04,22.92
PHX,2019-05-29,14,28,34,29,33,55.17,55.17,75.76,23.93,11.62,2.49,25.24,3.15,2.54,2.82,20.45
PHX,2019-05-29,15,29,25,27,26,70.37,62.96,69.23,14.26,13.52,3.77,16.96,3.19,2.41,4.04,19.62
PHX,2019-05-29,16,31,26,32,29,62.5,62.5,65.52,18.84,11.66,2.47,20.72,2.45,2.15,3.28,20.76
PHX,2019-05-29,17,24,23,26,28,69.23,57.69,64.29,15.08,13.62,4.03,17.65,3.64,1.42,2.46,32.68
PHX,2019-05-29,18,26,36,25,50,56.0,56.0,64.0,32.92,13.16,3.88,36.44,2.68,2.12,5.78,18.22
PHX,2019-05-29,19,22,51,27,54,70.37,66.67,64.81,15.96,11.89,2.26,17.56,2.54,3.84,3.76,22.72
PHX,2019-05-29,20,40,30,49,29,51.02,51.02,55.17,21.53,13.53,3.74,24.71,2.69,2.41,3.69,21.72
PHX,2019-05-29,21,20,26,20,25,30.0,30.0,68.0,39.4,9.15,0.93,39.6,4.2,3.01,4.56,29.48
PHX,2019-05-29,22,10,15,12,15,66.67,58.33,66.67,29.25,12.25,2.48,31.08,2.0,2.71,2.47,71.07
PHX,2019-05-29,23,9,12,9,13,44.44,55.56,46.15,15.89,17.0,6.26,20.56,2.69,3.78,1.77,27.15
PHX,2019-05-30,0,4,3,5,4,80.0,80.0,50.0,12.4,12.0,0.82,13.2,1.75,1.15,1.0,48.5
PHX,2019-05-30,1,1,0,2,0,100.0,100.0,0.0,5.5,11.0,0.85,6.5,0.0,0.0,0.0,0.0
PHX,2019-05-30,2,0,0,0,0,0.0,0.0,0.0,0.0,0.0,0.0,0.0,0.0,0.0,0.0,0.0
PHX,2019-05-30,3,0,0,0,1,0.0,0.0,100.0,0.0,0.0,0.0,0.0,0.0,0.1,0.0,0.0
PHX,2019-05-30,4,0,0,1,6,100.0,100.0,50.0,0.0,10.0,0.0,0.0,0.17,1.22,0.67,25.33
PHX,2019-05-30,5,13,1,13,3,100.0,92.31,33.33,2.15,11.92,3.36,4.08,3.0,1.73,5.0,34.67
PHX,2019-05-30,6,20,18,29,19,62.07,58.62,89.47,26.76,14.17,3.98,29.72,2.58,0.52,2.47,4.26
PHX,2019-05-30,7,34,33,42,33,64.29,61.9,90.91,18.31,14.69,4.86,22.07,2.03,1.21,1.36,3.45
PHX,2019-05-30,8,47,26,49,24,85.71,77.55,79.17,7.57,16.94,7.34,13.02,4.21,1.23,2.63,13.08
PHX,2019-05-30,9,35,48,34,49,73.53,70.59,83.67,14.88,16.71,6.45,20.15,3.67,4.42,3.63,24.24
PHX,2019-05-30,10,43,24,42,23,80.95,76.19,78.26,14.69,15.12,5.67,19.12,1.35,0.98,1.87,12.26
PHX,2019-05-30,11,24,37,23,36,65.22,65.22,83.33,24.04,12.78,3.79,26.74,1.56,1.68,3.14,6.19
PHX,2019-05-30,12,35,30,34,29,82.35,76.47,93.1,11.21,13.76,3.9,14.29,2.14,3.23,2.03,2.48
PHX,2019-05-30,13,29,25,28,23,82.14,78.57,69.57,8.64,11.36,1.57,9.43,2.96,2.57,0.61,22.7
PHX,2019-05-30,14,29,33,28,33,78.57,78.57,90.91,11.68,10.61,1.46,12.11,2.39,2.39,2.24,8.03
PHX,2019-05-30,15,31,26,33,27,81.82,69.7,85.19,8.48,12.76,3.08,10.39,3.89,1.93,3.0,12.22
PHX,2019-05-30,16,29,26,28,30,71.43,57.14,76.67,16.04,12.29,3.34,18.93,1.8,1.09,2.9,11.83
PHX,2019-05-30,17,24,23,25,28,72.0,68.0,71.43,19.92,12.96,3.08,21.88,1.93,1.72,1.36,17.57
PHX,2019-05-30,18,26,34,24,45,70.83,66.67,73.33,20.29,13.0,3.73,23.67,2.31,1.73,3.78,14.0
PHX,2019-05-30,19,20,52,24,58,79.17,79.17,67.24,10.0,13.29,3.5,11.5,7.21,2.03,5.83,21.76
PHX,2019-05-30,20,40,31,45,30,66.67,60.0,70.0,17.56,12.73,3.15,19.18,1.0,1.7,0.53,15.63
PHX,2019-05-30,21,20,25,21,25,57.14,52.38,60.0,22.0,9.38,1.08,22.67,2.76,1.75,3.52,30.2
PHX,2019-05-30,22,10,16,11,16,45.45,45.45,56.25,33.55,15.18,5.55,38.36,0.94,1.79,1.63,29.88
PHX,2019-05-30,23,10,11,10,12,80.0,70.0,58.33,9.4,16.7,5.6,13.9,4.58,2.08,2.83,16.75
PHX,2019-05-31,0,3,3,4,3,100.0,100.0,100.0,0.0,12.5,1.18,0.0,1.33,0.87,0.67,2.0
PHX,2019-05-31,1,1,0,2,1,50.0,50.0,0.0,34.5,11.5,1.7,36.0,3.0,3.2,26.0,34.0
PHX,2019-05-31,3,0,0,0,2,0.0,0.0,100.0,0.0,0.0,0.0,0.0,0.0,0.0,0.5,3.0
PHX,2019-05-31,4,0,0,1,4,100.0,100.0,50.0,0.0,19.0,8.4,0.0,5.5,1.05,6.25,21.25
PHX,2019-05-31,5,12,1,14,5,85.71,64.29,20.0,7.14,13.57,5.06,11.57,1.6,1.06,7.4,33.8
PHX,2019-05-31,6,20,18,27,17,92.59,59.26,88.24,6.67,17.11,7.0,12.37,3.35,0.53,1.65,52.47
PHX,2019-05-31,7,35,34,45,34,64.44,57.78,88.24,15.22,15.07,5.24,19.33,1.38,1.76,2.62,11.79
PHX,2019-05-31,8,47,26,46,25,84.78,73.91,80.0,9.52,16.76,7.17,15.43,2.68,3.08,3.24,11.72
PHX,2019-05-31,9,35,49,33,48,84.85,69.7,91.67,7.58,16.73,6.7,12.61,2.71,4.8,1.38,3.92
PHX,2019-05-31,10,43,25,41,27,87.8,73.17,96.3,8.66,17.78,8.24,15.41,1.37,0.97,3.0,2.37
PHX,2019-05-31,11,25,38,25,37,80.0,84.0,83.78,7.6,11.64,2.69,9.36,2.05,1.14,1.32,6.35
PHX,2019-05-31,12,37,31,37,30,86.49,75.68,93.33,6.78,15.59,5.53,11.08,2.67,2.9,1.33,4.6
PHX,2019-05-31,13,30,26,30,25,83.33,70.0,80.0,12.93,19.43,9.41,20.43,5.8,3.53,4.0,16.32
PHX,2019-05-31,14,29,34,30,34,70.0,56.67,79.41,17.7,17.07,7.63,23.97,1.56,1.84,2.15,9.79
PHX,2019-05-31,15,31,26,32,26,78.13,68.75,88.46,9.56,16.56,6.68,15.34,2.31,1.56,1.0,4.12
PHX,2019-05-31,16,30,26,31,29,77.42,67.74,72.41,12.77,12.84,3.65,15.58,1.41,1.26,2.52,11.93
PHX,2019-05-31,17,24,22,25,24,76.0,76.0,87.5,11.04,13.36,3.18,12.76,2.58,1.85,2.42,24.63
PHX,2019-05-31,18,25,35,27,47,70.37,70.37,74.47,8.85,11.44,2.14,10.56,2.11,1.43,2.64,9.91
PHX,2019-05-31,19,22,52,23,53,82.61,73.91,79.25,4.7,16.65,6.39,8.7,2.49,2.04,1.87,9.83
PHX,2019-05-31,20,39,31,41,31,80.49,70.73,87.1,12.98,13.98,3.86,15.41,1.9,1.43,3.26,5.06
PHX,2019-05-31,21,20,25,21,25,80.95,76.19,80.0,8.62,9.19,0.72,8.76,2.76,1.77,2.04,5.08
PHX,2019-05-31,22,10,16,11,17,81.82,81.82,88.24,6.45,10.73,1.5,6.45,1.0,1.05,2.0,10.06
PHX,2019-05-31,23,10,12,10,13,100.0,100.0,76.92,0.9,11.2,0.78,1.2,1.69,1.36,2.62,6.08
PHX,2019-06-01,0,3,2,4,3,100.0,100.0,66.67,1.75,10.75,0.7,1.75,0.33,0.8,0.0,12.33
PHX,2019-06-01,1,1,0,2,0,100.0,100.0,0.0,0.0,9.5,0.0,0.0,0.0,0.0,0.0,0.0
PHX,2019-06-01,3,0,0,0,0,0.0,0.0,0.0,0.0,0.0,0.0,0.0,0.0,0.0,0.0,0.0
PHX,2019-06-01,4,0,0,0,2,0.0,0.0,50.0,0.0,0.0,0.0,0.0,0.0,0.55,0.5,13.5
PHX,2019-06-01,5,9,2,10,2,100.0,90.0,50.0,2.2,13.4,4.65,5.9,0.5,0.55,3.0,36.5
PHX,2019-06-01,6,13,10,19,10,84.21,78.95,90.0,3.63,14.79,4.94,7.42,3.9,0.0,2.1,17.6
PHX,2019-06-01,7,28,39,32,37,90.63,87.5,94.59,3.41,14.28,4.31,6.25,1.73,1.26,2.32,16.86
PHX,2019-06-01,8,47,23,47,22,89.36,68.09,86.36,4.98,20.49,10.63,13.74,1.64,5.35,2.36,3.73
PHX,2019-06-01,9,32,38,31,41,83.87,67.74,90.24,11.74,18.19,7.53,17.45,2.9,8.81,2.85,4.37
PHX,2019-06-01,10,29,29,29,31,65.52,55.17,93.55,17.59,17.86,7.39,23.38,1.19,1.1,2.06,3.94
PHX,2019-06-01,11,33,33,35,31,80.0,74.29,87.1,10.14,13.0,4.36,13.77,2.32,2.04,3.0,7.32
PHX,2019-06-01,12,35,29,34,30,79.41,61.76,93.33,11.12,17.91,7.46,17.18,3.03,2.02,2.03,3.73
PHX,2019-06-01,13,30,23,30,24,83.33,73.33,87.5,10.5,12.73,2.89,12.4,3.25,1.71,2.79,12.5
PHX,2019-06-01,14,27,34,26,36,80.77,80.77,80.56,9.46,12.88,2.75,10.65,2.78,2.59,2.44,7.33
PHX,2019-06-01,15,27,19,27,20,81.48,81.48,75.0,9.3,12.48,2.64,10.52,2.45,1.22,0.8,13.55
PHX,2019-06-01,16,20,34,21,36,80.95,76.19,77.78,18.95,12.05,2.49,20.19,2.0,1.17,3.61,15.03
PHX,2019-06-01,17,30,22,31,23,74.19,77.42,69.57,12.26,10.0,1.24,13.03,2.17,1.51,5.09,14.26
PHX,2019-06-01,18,15,42,15,43,73.33,66.67,79.07,20.67,11.87,1.62,21.87,1.6,1.31,2.63,6.53
PHX,2019-06-01,19,29,39,28,38,82.14,82.14,68.42,13.36,11.11,2.02,14.21,1.16,5.22,6.26,17.5
PHX,2019-06-01,20,27,14,26,14,88.46,65.38,64.29,7.54,16.23,5.5,11.35,1.57,1.83,2.79,36.86
PHX,2019-06-01,21,6,15,5,14,60.0,60.0,64.29,41.2,12.4,0.96,40.4,1.86,2.51,8.86,78.0
PHX,2019-06-01,22,7,7,8,6,62.5,50.0,50.0,11.5,10.63,0.8,11.88,1.0,0.78,3.5,31.83
PHX,2019-06-01,23,7,5,7,5,42.86,42.86,20.0,125.86,13.0,2.53,127.0,2.8,1.34,10.0,45.4
PHX,2019-06-02,0,3,2,4,3,25.0,25.0,33.33,76.25,11.5,1.02,77.25,1.67,1.43,0.0,61.0
PHX,2019-06-02,1,1,0,2,0,100.0,50.0,0.0,5.5,12.0,1.75,7.5,0.0,0.0,0.0,0.0
PHX,2019-06-02,2,0,0,1,1,0.0,0.0,100.0,32.0,9.0,0.0,30.0,4.0,0.7,6.0,0.0
PHX,2019-06-02,3,0,0,1,0,100.0,100.0,0.0,11.0,14.0,3.4,14.0,0.0,0.0,0.0,0.0
PHX,2019-06-02,4,0,0,1,0,0.0,100.0,0.0,20.0,5.0,0.0,14.0,0.0,0.0,0.0,0.0
PHX,2019-06-02,5,6,1,7,2,100.0,100.0,100.0,1.0,10.86,1.01,1.71,0.0,0.4,0.0,0.0
PHX,2019-06-02,6,20,10,21,9,90.48,85.71,88.89,6.95,12.0,3.0,8.62,1.56,0.77,0.89,2.78
PHX,2019-06-02,7,30,23,28,24,89.29,89.29,91.67,14.46,13.39,3.24,15.96,2.67,0.93,2.83,9.88
PHX,2019-06-02,8,37,32,38,30,78.95,78.95,86.67,16.71,17.11,6.56,20.79,2.93,2.22,1.27,7.83
PHX,2019-06-02,9,48,41,47,41,85.11,78.72,85.37,13.62,15.57,6.13,18.6,3.2,7.94,2.0,26.24
PHX,2019-06-02,10,32,25,32,26,68.75,68.75,80.77,20.72,17.63,6.92,25.47,1.42,0.81,1.85,8.15
PHX,2019-06-02,11,29,35,28,35,78.57,78.57,94.29,7.11,11.68,2.75,8.57,1.23,1.16,1.31,2.17
PHX,2019-06-02,12,35,30,35,30,82.86,82.86,76.67,18.09,11.6,1.73,19.23,1.7,2.18,2.1,12.77
PHX,2019-06-02,13,32,29,32,30,75.0,65.63,76.67,29.78,12.28,2.62,31.44,2.97,2.76,2.3,16.9
PHX,2019-06-02,14,25,30,26,30,61.54,57.69,80.0,27.42,13.96,3.56,30.38,2.8,2.12,1.93,15.67
PHX,2019-06-02,15,34,27,34,28,61.76,58.82,78.57,28.41,12.71,3.09,30.53,3.39,1.82,2.64,9.96
PHX,2019-06-02,16,27,25,26,29,57.69,50.0,72.41,18.81,11.96,2.62,20.92,2.03,1.46,2.38,12.34
PHX,2019-06-02,17,23,28,25,30,60.0,52.0,73.33,24.6,14.52,3.99,27.84,3.8,1.74,2.57,20.03
PHX,2019-06-02,18,30,36,31,37,64.52,61.29,72.97,17.87,11.03,1.89,19.0,3.68,2.99,3.38,23.49
PHX,2019-06-02,19,24,49,24,50,58.33,54.17,64.0,26.83,13.75,4.26,30.33,5.24,2.16,5.3,34.66
PHX,2019-06-02,20,36,26,34,24,55.88,52.94,58.33,26.0,14.38,4.19,29.35,4.29,1.97,6.79,25.96
PHX,2019-06-02,21,19,30,19,32,42.11,36.84,59.38,27.47,12.21,3.27,30.26,4.09,1.97,5.09,19.06
PHX,2019-06-02,22,15,18,17,18,35.29,29.41,72.22,27.29,12.29,3.36,30.24,2.33,2.47,5.44,21.0
PHX,2019-06-02,23,9,13,9,14,88.89,77.78,64.29,7.78,12.22,2.32,8.33,2.79,2.09,4.14,21.64
PHX,2019-06-03,0,3,3,4,3,75.0,75.0,0.0,4.25,11.5,0.7,4.5,1.67,1.97,10.67,64.33
PHX,2019-06-03,1,1,0,2,0,50.0,100.0,0.0,7.5,15.0,5.2,12.0,0.0,0.0,0.0,0.0
PHX,2019-06-03,2,0,0,0,2,0.0,0.0,50.0,0.0,0.0,0.0,0.0,0.0,4.75,1.5,58.0
PHX,2019-06-03,3,0,0,0,1,0.0,0.0,100.0,0.0,0.0,0.0,0.0,0.0,1.1,0.0,3.0
PHX,2019-06-03,4,0,0,1,0,100.0,100.0,0.0,0.0,10.0,0.0,0.0,0.0,0.0,0.0,0.0
PHX,2019-06-03,5,13,1,14,2,92.86,85.71,100.0,3.21,12.07,3.25,5.43,6.0,3.3,12.5,6.5
PHX,2019-06-03,6,20,17,23,17,91.3,95.65,100.0,1.39,11.48,2.07,2.13,2.47,0.94,1.06,0.29
PHX,2019-06-03,7,35,33,34,36,88.24,85.29,80.56,13.12,11.65,2.61,14.91,2.94,2.04,1.67,7.03
PHX,2019-06-03,8,47,27,47,26,85.11,76.6,92.31,8.34,13.45,3.74,11.32,3.5,2.79,1.38,3.31
PHX,2019-06-03,9,35,51,34,51,79.41,76.47,88.24,15.53,12.79,2.66,17.26,8.63,5.46,7.35,14.49
PHX,2019-06-03,10,43,24,45,25,88.89,88.89,80.0,6.27,13.29,3.68,8.87,2.04,2.1,1.88,14.2
PHX,2019-06-03,11,24,38,23,35,91.3,91.3,94.29,4.91,10.35,1.62,5.35,2.86,1.34,1.46,3.06
PHX,2019-06-03,12,37,29,35,30,77.14,74.29,83.33,16.2,11.77,1.92,17.14,1.63,2.27,0.8,23.07
PHX,2019-06-03,13,29,27,29,30,75.86,75.86,80.0,12.76,12.52,2.61,14.17,2.1,2.33,1.43,12.3
PHX,2019-06-03,14,30,34,33,35,75.76,69.7,94.29,16.36,11.64,1.9,17.15,3.03,1.95,1.14,2.46
PHX,2019-06-03,15,31,26,33,24,75.76,72.73,75.0,13.36,14.76,4.72,16.39,3.42,4.83,3.58,14.17
PHX,2019-06-03,16,31,26,34,24,73.53,64.71,75.0,16.03,12.24,2.99,18.38,1.83,3.3,4.63,13.54
PHX,2019-06-03,17,24,22,26,27,69.23,61.54,62.96,21.38,14.46,4.11,24.35,3.26,2.17,4.81,10.67
PHX,2019-06-03,18,25,36,23,49,73.91,73.91,71.43,12.7,12.26,2.8,14.65,3.14,1.25,2.67,16.57
PHX,2019-06-03,19,22,52,28,54,67.86,64.29,79.63,16.0,13.75,3.66,18.29,4.04,1.5,1.69,15.37
PHX,2019-06-03,20,40,31,46,30,76.09,65.22,63.33,14.7,16.83,6.57,18.93,1.9,1.77,2.37,19.57
PHX,2019-06-03,21,20,25,20,24,35.0,35.0,70.83,30.6,10.0,1.72,31.95,4.29,1.65,1.88,14.83
PHX,2019-06-03,22,11,16,13,17,76.92,76.92,76.47,7.77,11.46,1.63,9.23,3.12,3.44,1.82,21.94
PHX,2019-06-03,23,9,12,9,13,88.89,88.89,61.54,10.11,13.22,2.3,12.0,4.85,3.82,3.08,18.31
PHX,2019-06-04,0,4,3,4,2,75.0,75.0,50.0,27.5,15.0,3.55,30.5,3.0,2.55,1.5,18.0
PHX,2019-06-04,1,1,0,2,0,100.0,100.0,0.0,0.0,13.0,2.7,2.5,0.0,0.0,0.0,0.0
PHX,2019-06-04,2,0,0,0,0,0.0,0.0,0.0,0.0,0.0,0.0,0.0,0.0,0.0,0.0,0.0
PHX,2019-06-04,3,0,0,0,1,0.0,0.0,100.0,0.0,0.0,0.0,0.0,1.0,1.1,8.0,12.0
PHX,2019-06-04,4,0,0,1,7,100.0,100.0,42.86,1.0,11.0,0.4,1.0,2.43,1.2,4.14,16.57
PHX,2019-06-04,5,13,1,16,4,81.25,93.75,25.0,8.31,10.69,2.44,9.0,0.0,0.33,2.25,38.5
PHX,2019-06-04,6,19,18,29,15,68.97,65.52,93.33,35.79,13.0,3.21,38.17,2.47,1.01,0.2,5.73
PHX,2019-06-04,7,34,33,42,35,85.71,85.71,88.57,7.31,14.24,4.36,10.17,1.37,1.64,1.26,35.0
PHX,2019-06-04,8,47,26,46,24,73.91,65.22,95.83,10.93,16.07,6.08,15.52,3.75,2.01,1.21,1.46
PHX,2019-06-04,9,33,49,33,47,84.85,75.76,87.23,9.06,15.33,4.88,12.33,2.36,8.97,3.3,4.47
PHX,2019-06-04,10,42,22,39,22,76.92,71.79,86.36,21.28,13.9,4.22,24.69,1.68,1.22,1.55,4.64
PHX,2019-06-04,11,24,37,25,34,88.0,84.0,94.12,10.64,11.16,2.48,11.84,2.41,1.88,2.85,6.09
PHX,2019-06-04,12,36,29,38,27,84.21,78.95,96.3,17.39,14.21,4.22,20.84,1.19,3.21,0.7,2.67
PHX,2019-06-04,13,28,27,28,28,82.14,75.0,85.71,10.61,13.21,3.36,12.57,2.93,4.34,2.64,9.14
PHX,2019-06-04,14,31,33,32,32,81.25,81.25,93.75,8.41,12.09,2.44,10.09,2.41,2.23,1.53,6.09
PHX,2019-06-04,15,30,25,29,27,79.31,41.38,77.78,20.17,22.62,12.6,31.21,6.33,2.45,3.26,10.63
PHX,2019-06-04,16,29,26,31,31,70.97,54.84,70.97,17.32,14.97,5.4,21.48,5.0,1.36,6.35,19.9
PHX,2019-06-04,17,24,22,25,25,68.0,64.0,68.0,24.68,14.12,4.09,27.64,3.12,1.71,3.2,20.56
PHX,2019-06-04,18,24,35,24,50,79.17,75.0,74.0,10.96,11.63,2.57,12.38,3.26,1.67,2.96,20.14
PHX,2019-06-04,19,20,50,25,55,72.0,68.0,74.55,10.4,13.56,3.82,12.56,3.56,2.75,1.51,17.85
PHX,2019-06-04,20,39,31,44,30,77.27,56.82,83.33,18.52,16.36,6.25,23.89,2.1,1.48,0.87,9.17
PHX,2019-06-04,21,19,25,20,25,70.0,65.0,84.0,12.0,9.75,1.03,12.5,2.64,1.32,5.52,12.28
PHX,2019-06-04,22,10,14,9,16,100.0,88.89,75.0,0.0,14.78,5.09,3.67,1.75,1.06,1.75,11.25
PHX,2019-06-04,23,7,10,7,11,71.43,71.43,81.82,10.14,14.86,4.27,13.0,5.36,1.47,2.64,6.09
PHX,2019-06-05,0,3,2,4,3,50.0,50.0,66.67,21.5,11.25,0.83,22.0,3.67,0.7,0.0,33.67
PHX,2019-06-05,1,1,0,2,0,100.0,100.0,0.0,0.0,10.5,0.25,0.0,0.0,0.0,0.0,0.0
PHX,2019-06-05,3,0,0,1,4,100.0,100.0,50.0,0.0,18.0,7.4,7.0,1.25,0.58,3.0,21.25
PHX,2019-06-05,4,0,0,1,4,0.0,0.0,50.0,16.0,11.0,0.4,16.0,3.25,0.83,5.0,42.75
PHX,2019-06-05,5,12,1,14,4,92.86,85.71,50.0,5.0,13.36,4.73,8.0,2.25,0.08,3.75,22.75
PHX,2019-06-05,6,20,18,32,18,65.63,62.5,100.0,16.16,15.94,5.75,20.47,2.0,0.64,0.06,0.67
PHX,2019-06-05,7,35,32,41,33,90.24,78.05,87.88,6.17,15.29,5.27,9.41,1.24,1.24,1.21,29.3
PHX,2019-06-05,8,46,26,47,26,87.23,85.11,84.62,15.47,16.96,7.04,20.15,2.54,1.26,0.65,15.69
PHX,2019-06-05,9,34,49,34,47,67.65,55.88,91.49,13.24,19.65,9.28,20.44,3.38,7.65,2.04,2.91
PHX,2019-06-05,10,43,22,41,22,80.49,68.29,86.36,16.83,16.15,6.39,21.63,1.59,1.27,2.45,18.18
PHX,2019-06-05,11,23,38,22,37,81.82,68.18,83.78,12.14,14.18,5.2,16.55,2.32,1.88,1.03,7.41
PHX,2019-06-05,12,37,28,38,27,84.21,81.58,88.89,18.66,14.32,4.13,21.58,2.19,4.69,2.19,6.93
PHX,2019-06-05,13,29,27,29,28,72.41,65.52,85.71,19.17,15.38,5.4,22.97,3.61,3.09,2.14,13.04
PHX,2019-06-05,14,31,34,31,35,87.1,83.87,88.57,6.52,13.94,4.12,9.29,1.71,2.23,0.71,7.63
PHX,2019-06-05,15,29,25,29,27,72.41,62.07,81.48,18.45,13.45,3.55,21.21,3.07,1.73,3.15,7.81
PHX,2019-06-05,16,31,26,34,29,85.29,79.41,93.1,14.03,12.38,2.98,15.97,3.59,2.21,2.76,3.69
PHX,2019-06-05,17,24,22,28,26,85.71,78.57,65.38,6.96,12.79,2.74,8.79,4.42,1.7,4.15,24.96
PHX,2019-06-05,18,26,37,25,52,64.0,60.0,71.15,25.76,11.84,2.21,27.48,3.62,1.56,3.63,11.15
PHX,2019-06-05,19,22,49,28,52,67.86,67.86,82.69,11.57,14.36,4.21,13.75,3.42,2.94,1.81,10.71
PHX,2019-06-05,20,40,32,46,30,58.7,52.17,63.33,38.15,14.26,4.04,41.28,2.67,2.29,1.07,29.13
PHX,2019-06-05,21,21,26,20,29,60.0,45.0,58.62,23.8,11.8,3.13,26.45,2.76,1.9,5.31,20.21
PHX,2019-06-05,22,10,14,12,15,66.67,75.0,46.67,24.0,14.0,4.13,27.08,2.13,3.3,1.53,25.67
PHX,2019-06-05,23,9,13,10,14,70.0,60.0,64.29,18.6,13.2,2.43,20.6,3.21,2.99,2.43,13.36
PHX,2019-06-06,0,4,2,5,1,80.0,80.0,0.0,10.0,12.4,2.22,10.8,16.0,0.8,53.0,122.0
PHX,2019-06-06,1,1,0,2,0,100.0,100.0,0.0,0.0,9.0,0.0,0.0,0.0,0.0,0.0,0.0
PHX,2019-06-06,2,0,0,0,0,0.0,0.0,0.0,0.0,0.0,0.0,0.0,0.0,0.0,0.0,0.0
PHX,2019-06-06,3,0,0,0,3,0.0,0.0,66.67,0.0,0.0,0.0,0.0,0.0,0.0,2.67,18.67
PHX,2019-06-06,4,0,0,1,5,100.0,100.0,60.0,0.0,12.0,1.4,0.0,0.4,0.86,5.6,20.0
PHX,2019-06-06,5,14,0,13,3,100.0,84.62,66.67,1.38,13.08,3.75,4.0,0.67,1.67,0.67,15.67
PHX,2019-06-06,6,18,19,28,20,78.57,75.0,95.0,11.54,12.96,3.34,14.21,3.6,3.17,4.2,3.65
PHX,2019-06-06,7,32,33,42,35,78.57,73.81,91.43,5.64,14.71,5.13,9.5,2.43,2.49,1.06,12.29
PHX,2019-06-06,8,51,33,53,32,79.25,62.26,87.5,8.77,19.02,8.88,15.96,1.72,4.76,2.16,5.78
PHX,2019-06-06,9,32,42,33,42,84.85,63.64,85.71,7.7,19.7,9.15,15.24,3.12,7.25,4.21,6.86
PHX,2019-06-06,10,42,20,40,19,85.0,70.0,100.0,11.98,15.4,5.74,16.63,1.42,2.14,1.11,1.21
PHX,2019-06-06,11,20,37,22,39,72.73,72.73,84.62,12.86,10.36,1.55,13.59,3.44,1.89,1.59,12.97
PHX,2019-06-06,12,36,31,37,31,75.68,67.57,83.87,32.57,12.68,2.49,34.59,2.29,2.13,0.39,13.97
PHX,2019-06-06,13,30,26,31,28,74.19,70.97,78.57,17.13,11.26,1.47,17.77,2.0,3.3,3.11,6.25
PHX,2019-06-06,14,30,33,30,33,70.0,63.33,84.85,11.1,12.97,3.24,13.4,2.91,2.7,1.91,5.33
PHX,2019-06-06,15,28,26,28,29,64.29,64.29,72.41,17.71,12.18,2.53,19.07,2.03,2.96,2.59,15.55
PHX,2019-06-06,16,30,24,35,27,51.43,48.57,81.48,21.23,12.09,2.95,23.94,0.7,1.2,1.7,14.63
PHX,2019-06-06,17,24,22,24,22,66.67,50.0,86.36,34.0,13.83,3.88,36.88,1.59,1.74,1.5,7.82
PHX,2019-06-06,18,28,39,28,54,71.43,60.71,75.93,14.21,13.29,3.73,17.25,2.39,1.63,2.04,13.74
PHX,2019-06-06,19,19,45,25,49,76.0,76.0,73.47,10.28,12.56,2.97,12.12,2.73,2.17,3.29,12.76
PHX,2019-06-06,20,37,34,44,35,70.45,54.55,68.57,22.39,15.16,5.09,26.5,2.11,2.24,0.94,16.11
PHX,2019-06-06,21,23,25,23,24,60.87,60.87,54.17,26.7,11.57,2.65,28.3,2.0,1.33,0.21,40.63
PHX,2019-06-06,22,10,15,11,15,63.64,63.64,53.33,20.55,14.82,4.98,23.91,2.93,5.74,6.27,27.0
PHX,2019-06-06,23,10,13,10,15,90.0,90.0,40.0,6.5,12.8,1.84,7.3,1.33,3.01,5.53,32.0
PHX,2019-06-07,0,3,2,4,1,100.0,100.0,0.0,0.0,9.75,0.13,0.0,0.0,0.0,0.0,126.0
PHX,2019-06-07,1,1,0,2,0,100.0,100.0,0.0,0.0,15.5,4.95,1.5,0.0,0.0,0.0,0.0
PHX,2019-06-07,2,0,0,0,0,0.0,0.0,0.0,0.0,0.0,0.0,0.0,0.0,0.0,0.0,0.0
PHX,2019-06-07,3,0,0,0,2,0.0,0.0,50.0,0.0,0.0,0.0,0.0,0.0,0.05,2.0,12.0
PHX,2019-06-07,4,0,0,1,4,100.0,100.0,100.0,0.0,16.0,5.4,0.0,0.25,0.05,0.0,1.25
PHX,2019-06-07,5,13,0,13,4,76.92,76.92,25.0,9.38,13.31,4.35,11.31,1.0,0.85,7.0,43.25
PHX,2019-06-07,6,19,18,27,19,88.89,81.48,100.0,2.78,12.93,3.45,5.04,1.95,0.94,1.11,1.0
PHX,2019-06-07,7,32,34,40,35,82.5,77.5,91.43,6.43,15.2,5.41,10.5,1.71,1.37,0.46,6.86
PHX,2019-06-07,8,53,33,53,34,94.34,73.58,85.29,4.02,19.64,9.55,11.15,2.03,5.44,2.68,3.97
PHX,2019-06-07,9,32,43,33,43,81.82,66.67,95.35,15.06,17.91,7.38,21.0,3.6,5.51,1.98,4.81
PHX,2019-06-07,10,42,20,42,22,92.86,85.71,95.45,5.0,14.93,5.42,8.81,1.55,1.66,0.64,2.36
PHX,2019-06-07,11,20,38,20,38,85.0,85.0,92.11,28.1,9.5,1.1,28.1,2.95,1.59,1.63,2.58
PHX,2019-06-07,12,37,32,38,32,86.84,84.21,84.38,9.55,12.97,2.91,11.37,2.69,2.5,2.38,7.47
PHX,2019-06-07,13,31,26,31,26,74.19,70.97,80.77,28.32,13.03,3.0,30.0,1.69,4.19,2.23,6.62
PHX,2019-06-07,14,30,34,30,34,76.67,76.67,82.35,8.73,11.57,2.19,10.4,4.0,3.19,1.82,14.59
PHX,2019-06-07,15,29,28,30,30,76.67,76.67,76.67,15.1,12.97,3.16,17.97,4.13,2.61,14.2,17.87
PHX,2019-06-07,16,32,23,33,25,72.73,69.7,84.0,17.58,12.61,3.28,20.36,1.68,1.97,1.96,10.24
PHX,2019-06-07,17,23,21,22,21,68.18,63.64,57.14,22.5,13.68,3.28,24.32,3.0,1.12,2.14,27.05
PHX,2019-06-07,18,28,40,28,50,60.71,53.57,72.0,32.86,15.36,5.85,38.25,2.5,1.5,1.8,26.88
PHX,2019-06-07,19,21,45,25,51,72.0,60.0,78.43,22.32,15.92,5.7,26.16,2.25,3.94,3.73,16.2
PHX,2019-06-07,20,36,34,38,32,65.79,63.16,71.88,12.0,12.84,2.78,13.53,2.53,2.2,0.63,15.88
PHX,2019-06-07,21,23,25,23,25,56.52,56.52,56.0,20.83,10.87,2.17,22.04,2.4,2.56,1.36,25.76
PHX,2019-06-07,22,9,15,12,16,50.0,41.67,50.0,36.17,12.08,2.34,38.25,1.19,1.58,1.69,27.75
PHX,2019-06-07,23,10,14,11,15,100.0,81.82,60.0,4.73,14.27,3.77,7.82,2.2,1.6,0.4,19.93
PHX,2019-06-08,0,3,1,4,3,75.0,75.0,66.67,5.75,11.75,1.27,6.5,2.0,0.37,6.67,24.67
PHX,2019-06-08,1,1,0,2,0,50.0,50.0,0.0,13.5,14.0,3.45,17.0,0.0,0.0,0.0,0.0
PHX,2019-06-08,2,0,0,0,0,0.0,0.0,0.0,0.0,0.0,0.0,0.0,0.0,0.0,0.0,0.0
PHX,2019-06-08,3,0,0,0,0,0.0,0.0,0.0,0.0,0.0,0.0,0.0,0.0,0.0,0.0,0.0
PHX,2019-06-08,4,0,0,0,2,0.0,0.0,50.0,0.0,0.0,0.0,0.0,0.0,0.6,2.0,15.0
PHX,2019-06-08,5,10,2,11,1,90.91,90.91,100.0,4.36,11.73,2.61,5.55,0.0,1.1,3.0,4.0
PHX,2019-06-08,6,14,10,19,10,84.21,84.21,90.0,12.32,15.05,4.98,16.26,2.0,1.16,7.4,12.2
PHX,2019-06-08,7,25,38,28,36,100.0,92.86,97.22,0.64,15.18,5.16,4.14,1.64,1.93,0.72,1.28
PHX,2019-06-08,8,50,27,49,29,87.76,63.27,79.31,8.39,19.16,9.04,15.39,2.34,4.5,2.59,28.14
PHX,2019-06-08,9,29,33,29,33,89.66,75.86,81.82,3.66,19.79,9.38,10.41,3.15,11.05,6.82,8.15
PHX,2019-06-08,10,32,28,33,28,75.76,66.67,89.29,9.27,16.39,6.05,14.45,1.04,1.1,1.25,11.29
PHX,2019-06-08,11,30,34,30,31,83.33,80.0,93.55,5.57,12.97,4.1,9.1,1.1,1.91,0.39,3.26
PHX,2019-06-08,12,33,30,32,30,71.88,71.88,86.67,19.63,11.13,1.64,20.31,1.8,1.78,1.27,26.0
PHX,2019-06-08,13,31,23,31,25,90.32,83.87,72.0,10.45,13.0,3.3,12.42,1.32,1.48,1.68,11.2
PHX,2019-06-08,14,27,32,26,31,76.92,69.23,83.87,13.73,12.62,3.1,16.42,2.32,1.41,0.74,15.16
PHX,2019-06-08,15,26,23,25,25,80.0,72.0,84.0,17.52,13.84,3.83,20.08,0.88,1.37,1.48,9.96
PHX,2019-06-08,16,24,31,24,32,83.33,75.0,90.63,12.33,13.33,3.48,14.25,1.66,1.27,1.19,10.91
PHX,2019-06-08,17,30,23,29,24,89.66,89.66,87.5,7.0,11.52,2.73,8.28,1.04,2.43,0.25,7.33
PHX,2019-06-08,18,19,42,18,44,72.22,66.67,75.0,14.28,11.61,2.02,15.11,2.45,2.1,2.09,16.27
PHX,2019-06-08,19,26,34,25,35,72.0,72.0,62.86,12.16,10.08,1.44,12.88,1.2,2.95,5.23,25.14
PHX,2019-06-08,20,25,19,23,18,73.91,65.22,72.22,13.78,12.52,2.19,15.74,1.39,2.87,1.56,15.5
PHX,2019-06-08,21,9,17,6,17,83.33,83.33,82.35,8.33,12.17,1.52,9.17,1.24,3.16,0.12,7.88
PHX,2019-06-08,22,6,7,7,8,100.0,71.43,75.0,4.86,13.0,2.21,7.14,1.25,7.79,8.25,26.38
PHX,2019-06-08,23,9,7,9,8,100.0,100.0,50.0,2.44,11.56,1.23,3.0,0.88,2.78,0.5,53.0
PHX,2019-06-09,0,3,2,4,2,100.0,100.0,50.0,0.0,10.75,1.05,0.0,0.0,0.95,2.0,25.0
PHX,2019-06-09,1,1,0,2,0,50.0,50.0,0.0,25.5,10.5,0.7,25.5,0.0,0.0,0.0,0.0
PHX,2019-06-09,2,0,0,0,0,0.0,0.0,0.0,0.0,0.0,0.0,0.0,0.0,0.0,0.0,0.0
PHX,2019-06-09,3,0,0,0,1,0.0,0.0,0.0,0.0,0.0,0.0,0.0,0.0,0.0,3.0,25.0
PHX,2019-06-09,4,0,0,2,0,50.0,50.0,0.0,15.0,5.5,0.0,12.5,0.0,0.0,0.0,0.0
PHX,2019-06-09,5,8,0,6,2,100.0,100.0,100.0,0.0,12.17,2.23,1.0,0.0,0.0,0.0,0.0
PHX,2019-06-09,6,22,11,21,9,90.48,90.48,88.89,6.43,11.05,2.05,6.48,2.78,0.54,2.11,3.22
PHX,2019-06-09,7,25,34,24,32,87.5,87.5,90.63,17.38,14.71,4.93,20.5,1.78,1.65,2.56,22.41
PHX,2019-06-09,8,50,29,42,28,85.71,71.43,82.14,9.79,17.14,7.37,15.71,1.57,4.79,2.14,24.0
PHX,2019-06-09,9,32,35,29,32,86.21,75.86,84.38,8.69,15.38,5.57,12.97,3.34,6.67,3.06,6.97
PHX,2019-06-09,10,41,24,40,24,87.5,82.5,87.5,10.65,15.65,5.7,14.5,1.13,1.0,1.21,4.0
PHX,2019-06-09,11,19,30,19,28,68.42,63.16,96.43,25.47,10.11,1.83,26.95,1.39,0.79,0.25,7.36
PHX,2019-06-09,12,30,27,27,23,74.07,66.67,78.26,37.48,15.7,5.32,40.96,1.74,2.13,1.48,11.65
PHX,2019-06-09,13,30,25,28,27,78.57,75.0,70.37,12.25,12.57,2.87,14.0,2.04,2.82,2.74,13.7
PHX,2019-06-09,14,27,32,25,30,44.0,44.0,80.0,42.44,12.68,3.01,44.84,1.73,2.2,0.97,24.13
PHX,2019-06-09,15,30,29,33,30,75.76,60.61,70.0,15.55,13.76,4.0,19.0,6.17,3.59,8.97,33.33
PHX,2019-06-09,16,31,20,32,17,68.75,65.63,70.59,25.09,14.22,4.49,28.94,3.65,1.99,3.65,7.24
PHX,2019-06-09,17,18,28,19,31,63.16,63.16,80.65,16.89,13.32,2.73,18.63,2.65,1.15,1.19,7.29
PHX,2019-06-09,18,32,36,30,31,53.33,53.33,67.74,32.63,10.37,1.85,34.13,2.0,1.28,0.77,44.0
PHX,2019-06-09,19,20,41,19,40,57.89,52.63,60.0,29.95,12.89,3.06,32.58,1.9,2.55,2.53,50.9
PHX,2019-06-09,20,32,34,31,33,70.97,64.52,51.52,48.77,13.13,2.85,51.06,1.64,1.76,6.39,43.88
PHX,2019-06-09,21,23,25,21,23,47.62,33.33,47.83,44.14,13.38,4.71,47.95,1.26,2.03,1.09,44.35
PHX,2019-06-09,22,13,15,14,15,50.0,35.71,46.67,36.14,12.64,3.96,39.14,2.47,2.59,5.27,33.0
PHX,2019-06-09,23,11,14,12,15,75.0,75.0,60.0,13.75,12.08,1.79,15.0,1.93,3.13,1.33,18.13
PHX,2019-06-10,0,2,1,3,2,66.67,66.67,50.0,9.33,13.0,2.43,11.67,2.0,1.25,0.0,11.0
PHX,2019-06-10,1,1,0,2,0,50.0,50.0,0.0,10.0,10.0,0.0,10.0,0.0,0.0,0.0,0.0
PHX,2019-06-10,3,0,0,0,0,0.0,0.0,0.0,0.0,0.0,0.0,0.0,0.0,0.0,0.0,0.0
PHX,2019-06-10,4,0,0,1,1,0.0,0.0,100.0,20.0,12.0,1.4,21.0,2.0,0.1,4.0,11.0
PHX,2019-06-10,5,13,0,13,0,92.31,84.62,0.0,3.08,12.85,3.88,5.46,0.0,0.0,0.0,0.0
PHX,2019-06-10,6,22,23,25,22,96.0,92.0,81.82,10.04,12.84,3.85,13.16,2.59,1.14,5.05,20.77
PHX,2019-06-10,7,30,28,30,27,90.0,76.67,81.48,4.0,14.47,4.86,7.83,1.59,1.61,3.52,5.56
PHX,2019-06-10,8,47,33,45,31,86.67,73.33,70.97,13.29,16.53,6.15,17.87,2.65,1.89,1.06,37.0
PHX,2019-06-10,9,34,44,31,44,67.74,58.06,65.91,32.48,17.26,7.5,39.13,6.39,1.92,5.32,58.5
PHX,2019-06-10,10,43,18,42,21,57.14,54.76,80.95,23.29,14.45,5.03,27.69,1.9,0.44,2.05,9.05
PHX,2019-06-10,11,19,37,19,35,100.0,94.74,85.71,2.58,11.95,3.23,4.79,2.8,2.38,3.66,7.74
PHX,2019-06-10,12,34,30,33,31,75.76,72.73,80.65,23.36,17.45,6.9,28.85,3.52,0.98,2.29,9.9
PHX,2019-06-10,13,32,27,32,25,78.13,75.0,84.0,16.44,14.63,4.38,20.03,1.32,1.36,1.44,10.52
PHX,2019-06-10,14,27,33,33,33,63.64,45.45,63.64,22.64,17.33,7.01,28.39,2.39,2.28,3.91,33.0
PHX,2019-06-10,15,31,26,33,27,42.42,42.42,70.37,28.97,14.88,4.94,33.55,2.19,1.56,4.37,23.63
PHX,2019-06-10,16,30,22,31,22,64.52,54.84,72.73,25.65,14.48,4.51,29.35,2.05,1.55,1.27,13.82
PHX,2019-06-10,17,20,22,21,25,57.14,57.14,68.0,28.29,13.43,3.11,30.9,1.44,5.18,6.52,17.24
PHX,2019-06-10,18,27,47,29,59,68.97,62.07,71.19,22.97,12.72,3.23,25.24,2.47,3.24,9.29,31.1
PHX,2019-06-10,19,31,41,37,45,70.27,67.57,73.33,14.7,14.57,5.37,18.97,1.11,2.79,3.44,25.82
PHX,2019-06-10,20,29,34,35,34,57.14,48.57,47.06,43.2,15.77,5.35,48.06,3.21,1.9,4.24,37.18
PHX,2019-06-10,21,23,23,23,22,65.22,34.78,63.64,50.65,14.43,5.14,55.65,1.55,1.55,1.5,32.5
PHX,2019-06-10,22,11,17,11,18,54.55,45.45,38.89,29.36,12.64,3.6,32.45,1.94,0.93,6.06,33.5
PHX,2019-06-10,23,11,13,11,14,72.73,72.73,57.14,18.82,12.09,1.5,19.73,1.29,2.22,1.71,24.5
PHX,2019-06-11,0,3,1,4,1,50.0,50.0,0.0,43.0,11.5,1.02,44.0,0.0,0.0,0.0,243.0
PHX,2019-06-11,1,1,0,2,0,100.0,100.0,0.0,0.0,14.0,3.45,2.0,0.0,0.0,0.0,0.0
PHX,2019-06-11,2,0,0,0,0,0.0,0.0,0.0,0.0,0.0,0.0,0.0,0.0,0.0,0.0,0.0
PHX,2019-06-11,3,0,0,1,0,100.0,100.0,0.0,0.0,10.0,0.0,0.0,0.0,0.0,0.0,0.0
PHX,2019-06-11,4,0,0,1,8,0.0,0.0,50.0,105.0,5.0,0.0,99.0,0.38,0.8,1.13,22.0
PHX,2019-06-11,5,14,0,17,3,88.24,88.24,33.33,14.12,12.59,3.61,16.65,0.33,1.4,15.33,42.67
PHX,2019-06-11,6,21,23,32,24,62.5,59.38,79.17,19.0,12.47,3.18,21.53,5.04,1.72,7.88,43.08
PHX,2019-06-11,7,29,29,39,32,74.36,64.1,81.25,17.13,17.05,7.27,23.1,1.63,3.64,2.09,28.94
PHX,2019-06-11,8,47,32,48,31,85.42,58.33,87.1,8.63,21.06,10.65,17.85,2.26,4.82,3.39,4.84
PHX,2019-06-11,9,33,41,33,41,78.79,48.48,70.73,11.18,21.09,10.95,21.21,4.39,9.49,6.9,11.49
PHX,2019-06-11,10,43,18,43,19,76.74,60.47,84.21,12.14,16.88,7.13,18.19,2.47,0.82,1.58,18.84
PHX,2019-06-11,11,19,35,20,35,85.0,80.0,82.86,18.7,12.0,3.17,20.75,1.49,0.67,1.26,12.51
PHX,2019-06-11,12,33,31,33,32,75.76,72.73,90.63,36.27,14.64,4.08,39.09,3.06,2.1,2.88,7.22
PHX,2019-06-11,13,31,27,31,27,83.87,77.42,81.48,6.45,12.03,2.17,8.35,2.07,2.6,1.07,12.41
PHX,2019-06-11,14,29,32,29,34,72.41,62.07,73.53,14.38,13.17,3.22,16.69,2.21,2.79,2.26,12.5
PHX,2019-06-11,15,30,25,30,28,73.33,66.67,78.57,31.63,13.2,3.44,34.23,2.54,3.81,6.93,9.36
PHX,2019-06-11,16,28,22,33,25,81.82,81.82,84.0,8.15,12.82,2.94,10.09,1.6,1.69,1.48,6.48
PHX,2019-06-11,17,20,22,21,27,76.19,76.19,74.07,12.24,12.81,2.5,13.9,1.78,1.15,2.3,15.48
PHX,2019-06-11,18,26,45,26,60,57.69,57.69,66.67,26.04,12.38,3.1,28.62,12.82,1.45,14.13,25.6
PHX,2019-06-11,19,29,40,34,46,64.71,64.71,76.09,13.68,12.59,3.58,15.85,1.63,3.52,1.89,12.35
PHX,2019-06-11,20,29,33,36,33,63.89,58.33,78.79,15.67,13.83,3.09,17.86,2.73,4.87,4.27,12.06
PHX,2019-06-11,21,22,23,22,22,72.73,72.73,81.82,19.14,11.09,2.08,20.64,2.82,2.15,1.23,13.45
PHX,2019-06-11,22,12,16,13,17,69.23,69.23,64.71,9.0,11.77,2.42,11.15,0.88,3.14,2.94,13.41
PHX,2019-06-11,23,10,11,10,13,90.0,90.0,61.54,4.0,12.0,1.81,3.5,1.23,1.92,1.23,11.92
PHX,2019-06-12,0,2,1,3,1,100.0,100.0,100.0,0.0,10.33,0.13,0.0,0.0,1.8,0.0,0.0
PHX,2019-06-12,1,1,0,2,0,100.0,100.0,0.0,0.0,11.0,0.75,0.0,0.0,0.0,0.0,0.0
PHX,2019-06-12,3,0,0,0,1,0.0,0.0,100.0,0.0,0.0,0.0,0.0,1.0,0.0,6.0,5.0
PHX,2019-06-12,4,0,0,2,6,0.0,0.0,66.67,19.5,15.5,4.9,24.0,0.0,0.23,0.0,12.0
PHX,2019-06-12,5,13,0,18,4,83.33,83.33,75.0,6.33,10.89,2.24,6.78,0.0,0.03,2.25,5.5
PHX,2019-06-12,6,22,23,31,24,80.65,80.65,95.83,8.9,12.81,3.4,11.26,1.58,0.3,0.83,1.88
PHX,2019-06-12,7,30,29,40,32,87.5,85.0,90.63,14.03,15.15,5.41,18.13,1.22,2.44,0.47,7.56
PHX,2019-06-12,8,47,32,49,32,85.71,65.31,96.88,9.88,19.29,8.95,17.51,2.88,2.99,1.81,1.53
PHX,2019-06-12,9,33,44,34,45,91.18,76.47,91.11,8.44,17.47,7.31,14.32,2.33,7.42,2.71,5.8
PHX,2019-06-12,10,43,18,43,18,81.4,74.42,83.33,11.81,16.56,6.71,16.88,2.22,1.93,3.94,18.11
PHX,2019-06-12,11,19,36,19,36,84.21,68.42,88.89,16.11,11.89,2.92,18.05,1.33,0.86,0.75,3.14
PHX,2019-06-12,12,34,30,33,32,81.82,72.73,90.63,16.94,14.12,3.75,19.79,2.09,2.06,0.66,10.0
PHX,2019-06-12,13,32,27,33,27,78.79,72.73,77.78,11.79,13.64,4.14,14.76,2.33,1.65,1.41,13.7
PHX,2019-06-12,14,28,33,28,34,71.43,71.43,76.47,26.32,13.04,3.06,28.29,2.5,2.03,2.09,16.5
PHX,2019-06-12,15,30,25,29,27,68.97,65.52,77.78,29.07,15.41,5.8,34.0,2.04,2.91,6.52,22.85
PHX,2019-06-12,16,30,22,33,25,66.67,60.61,84.0,21.21,15.61,5.47,25.33,1.84,1.7,1.44,11.32
PHX,2019-06-12,17,20,22,22,29,86.36,77.27,55.17,12.32,14.59,4.25,15.23,3.52,1.81,4.79,26.79
PHX,2019-06-12,18,27,47,27,62,77.78,59.26,70.97,10.78,14.89,5.61,15.85,3.03,2.0,2.89,15.79
PHX,2019-06-12,19,31,41,37,45,62.16,56.76,82.22,23.19,14.22,4.87,26.89,1.27,2.68,0.89,12.47
PHX,2019-06-12,20,29,32,36,32,55.56,55.56,68.75,26.5,15.58,4.98,30.58,2.75,1.82,2.19,13.47
PHX,2019-06-12,21,22,23,22,23,63.64,63.64,69.57,13.55,12.68,3.5,16.27,2.61,1.89,1.52,16.61
PHX,2019-06-12,22,12,16,12,18,66.67,66.67,66.67,15.42,12.5,2.95,17.75,1.39,2.35,2.44,21.83
PHX,2019-06-12,23,10,13,11,14,72.73,72.73,57.14,9.18,14.09,3.32,11.73,2.21,1.11,2.29,18.64
PHX,2019-06-13,0,3,1,4,2,50.0,50.0,50.0,17.0,9.75,0.3,16.75,2.0,1.25,3.5,9.0
PHX,2019-06-13,1,1,0,2,0,100.0,100.0,0.0,0.0,11.0,0.75,0.0,0.0,0.0,0.0,0.0
PHX,2019-06-13,3,0,0,0,2,0.0,0.0,50.0,0.0,0.0,0.0,0.0,1.0,0.05,4.5,16.0
PHX,2019-06-13,4,0,0,1,4,100.0,100.0,100.0,0.0,13.0,2.4,0.0,0.5,0.6,0.25,4.0
PHX,2019-06-13,5,14,0,16,5,100.0,100.0,0.0,0.63,11.06,2.03,1.88,3.4,0.5,7.2,39.0
PHX,2019-06-13,6,21,23,32,23,90.63,87.5,91.3,3.91,13.91,4.21,7.03,0.87,1.11,1.65,24.22
PHX,2019-06-13,7,28,29,36,30,83.33,77.78,93.33,9.03,16.78,6.84,14.06,1.53,1.05,0.57,4.07
PHX,2019-06-13,8,48,32,48,33,77.08,60.42,93.94,15.9,20.35,9.99,24.19,1.73,3.15,2.18,4.67
PHX,2019-06-13,9,34,42,35,42,74.29,60.0,92.86,15.23,17.83,7.72,21.91,2.71,6.59,3.76,5.07
PHX,2019-06-13,10,43,18,43,19,81.4,51.16,89.47,8.95,21.14,11.39,18.79,1.11,1.13,3.16,3.53
PHX,2019-06-13,11,19,37,19,38,89.47,73.68,84.21,11.47,13.68,4.79,15.74,1.26,1.4,1.29,15.97
PHX,2019-06-13,12,35,29,36,29,77.78,69.44,82.76,16.08,16.0,5.43,20.5,2.76,1.11,2.48,11.93
PHX,2019-06-13,13,30,27,32,28,75.0,68.75,75.0,9.28,15.75,5.67,13.72,1.61,1.12,2.04,17.11
PHX,2019-06-13,14,27,32,28,32,53.57,53.57,75.0,18.75,14.86,4.55,22.61,1.5,1.9,1.41,11.44
PHX,2019-06-13,15,31,26,34,26,58.82,52.94,80.77,21.62,14.24,4.21,25.29,2.62,0.93,1.81,8.73
PHX,2019-06-13,16,28,22,30,27,63.33,63.33,62.96,25.33,12.07,2.63,27.53,2.11,1.28,3.22,18.44
PHX,2019-06-13,17,21,23,25,26,68.0,64.0,80.77,18.52,14.2,4.1,21.48,3.38,1.02,1.35,8.85
PHX,2019-06-13,18,27,45,27,59,62.96,51.85,66.1,21.89,13.44,4.47,25.07,1.95,2.09,3.44,16.81
PHX,2019-06-13,19,29,41,33,47,78.79,69.7,63.83,9.09,12.64,3.6,12.03,2.43,2.73,4.26,36.55
PHX,2019-06-13,20,29,34,34,35,73.53,61.76,65.71,23.12,17.59,6.76,28.26,2.86,1.8,4.0,21.69
PHX,2019-06-13,21,23,23,24,23,58.33,50.0,65.22,15.0,14.5,5.46,20.0,3.78,1.9,1.43,19.13
PHX,2019-06-13,22,11,16,13,18,61.54,38.46,44.44,26.69,12.54,3.52,29.77,0.72,2.01,3.44,36.17
PHX,2019-06-13,23,12,13,12,14,75.0,58.33,64.29,17.75,13.42,2.92,19.33,2.0,2.48,2.43,13.07
PHX,2019-06-14,0,2,1,3,1,100.0,100.0,100.0,0.0,10.33,0.13,0.0,0.0,0.0,0.0,4.0
PHX,2019-06-14,1,1,0,2,0,100.0,100.0,0.0,2.5,13.5,3.25,6.0,0.0,0.0,0.0,0.0
PHX,2019-06-14,3,0,0,0,1,0.0,0.0,100.0,0.0,0.0,0.0,0.0,0.0,1.1,0.0,0.0
PHX,2019-06-14,4,0,0,1,5,100.0,100.0,60.0,0.0,14.0,3.4,0.0,1.8,0.86,1.8,11.8
PHX,2019-06-14,5,13,0,16,4,81.25,75.0,25.0,11.81,12.38,3.39,14.44,1.0,0.83,3.25,36.5
PHX,2019-06-14,6,22,23,30,23,86.67,86.67,91.3,5.27,13.3,3.99,8.57,1.26,0.56,2.7,6.35
PHX,2019-06-14,7,30,30,39,30,76.92,71.79,80.0,11.56,14.69,4.8,15.31,2.33,1.82,2.23,12.3
PHX,2019-06-14,8,48,32,49,32,81.63,65.31,93.75,7.73,21.76,11.42,17.33,1.66,1.25,0.94,3.25
PHX,2019-06-14,9,34,43,34,47,82.35,55.88,78.72,7.91,22.24,12.14,18.32,3.17,4.46,3.09,14.28
PHX,2019-06-14,10,43,18,43,17,60.47,51.16,88.24,20.37,17.51,7.84,26.88,0.41,1.55,2.24,4.65
PHX,2019-06-14,11,19,37,19,37,84.21,73.68,91.89,10.05,13.37,4.84,13.53,2.08,1.58,0.95,5.14
PHX,2019-06-14,12,35,31,37,32,83.78,83.78,96.88,11.49,13.35,2.97,13.19,2.38,3.47,1.56,2.84
PHX,2019-06-14,13,32,27,30,27,90.0,86.67,81.48,10.73,13.27,3.29,12.9,2.93,3.32,1.22,5.44
PHX,2019-06-14,14,27,33,28,34,78.57,78.57,79.41,13.71,11.64,1.87,14.68,1.76,2.77,1.47,12.0
PHX,2019-06-14,15,31,26,33,28,54.55,51.52,82.14,23.97,12.45,2.75,25.97,3.82,3.97,4.61,8.36
PHX,2019-06-14,16,30,22,32,26,75.0,71.88,73.08,17.78,13.16,3.43,20.47,2.5,1.18,1.42,7.65
PHX,2019-06-14,17,20,22,23,22,73.91,69.57,81.82,21.26,11.65,1.58,21.96,2.23,1.78,0.73,6.64
PHX,2019-06-14,18,27,46,28,57,75.0,67.86,73.68,15.89,12.54,3.02,18.43,3.14,1.51,1.91,15.39
PHX,2019-06-14,19,31,41,32,47,65.63,59.38,76.6,17.44,13.53,4.49,21.06,3.17,3.04,1.96,18.19
PHX,2019-06-14,20,28,34,32,34,71.88,65.63,79.41,21.56,16.0,5.36,25.03,3.35,2.56,3.21,23.65
PHX,2019-06-14,21,23,24,23,24,69.57,69.57,66.67,15.13,11.87,2.8,17.0,2.21,1.75,1.0,18.83
PHX,2019-06-14,22,10,16,11,17,63.64,63.64,64.71,18.55,10.27,1.62,18.45,1.24,1.78,1.53,24.71
PHX,2019-06-14,23,12,14,12,16,83.33,83.33,50.0,6.0,12.67,2.38,6.5,1.06,2.91,1.06,18.06
PHX,2019-06-15,0,3,1,4,1,100.0,75.0,100.0,4.25,10.5,0.8,4.75,0.0,0.8,0.0,0.0
PHX,2019-06-15,1,1,0,2,0,100.0,100.0,0.0,0.0,16.0,5.45,4.5,0.0,0.0,0.0,0.0
PHX,2019-06-15,2,0,0,0,0,0.0,0.0,0.0,0.0,0.0,0.0,0.0,0.0,0.0,0.0,0.0
PHX,2019-06-15,3,0,0,0,0,0.0,0.0,0.0,0.0,0.0,0.0,0.0,0.0,0.0,0.0,0.0
PHX,2019-06-15,4,0,0,0,1,0.0,0.0,100.0,0.0,0.0,0.0,0.0,0.0,0.1,0.0,0.0
PHX,2019-06-15,5,14,2,15,1,86.67,86.67,0.0,4.0,11.4,2.7,6.07,1.0,3.1,4.0,20.0
PHX,2019-06-15,6,15,15,18,14,88.89,88.89,92.86,14.61,13.17,3.47,16.61,2.86,0.57,1.5,10.21
PHX,2019-06-15,7,24,32,29,32,89.66,82.76,90.63,2.34,15.03,5.29,6.34,1.63,1.22,1.53,25.59
PHX,2019-06-15,8,48,27,50,27,92.0,72.0,92.59,5.72,21.72,11.55,15.0,1.67,1.54,0.67,4.44
PHX,2019-06-15,9,29,37,29,39,89.66,68.97,89.74,6.66,20.31,9.89,14.66,2.85,3.89,1.44,3.41
PHX,2019-06-15,10,40,19,40,20,77.5,70.0,100.0,11.68,15.48,5.9,15.73,1.15,1.25,1.05,1.4
PHX,2019-06-15,11,21,33,20,35,75.0,80.0,77.14,12.25,12.35,3.12,13.8,1.91,1.05,2.8,10.77
PHX,2019-06-15,12,26,27,27,30,77.78,74.07,83.33,25.41,13.11,2.35,26.63,3.4,2.64,3.07,12.47
PHX,2019-06-15,13,31,21,32,21,75.0,71.88,76.19,16.59,11.75,2.04,17.06,3.0,2.69,1.33,20.48
PHX,2019-06-15,14,25,32,28,31,64.29,57.14,83.87,18.86,12.32,2.34,20.68,2.0,2.02,0.74,5.35
PHX,2019-06-15,15,27,22,27,23,70.37,70.37,78.26,15.67,11.26,1.56,16.89,2.65,1.83,2.74,14.35
PHX,2019-06-15,16,24,31,24,30,62.5,62.5,83.33,21.0,13.63,4.48,25.17,2.2,1.59,1.93,9.0
PHX,2019-06-15,17,24,21,24,24,75.0,75.0,62.5,12.25,11.42,1.94,13.13,2.83,1.89,2.54,15.54
PHX,2019-06-15,18,24,38,23,39,56.52,56.52,61.54,14.61,11.87,2.38,16.52,4.1,1.63,2.95,16.72
PHX,2019-06-15,19,27,41,26,43,50.0,53.85,69.77,28.92,10.5,1.78,29.58,3.63,3.42,3.95,27.6
PHX,2019-06-15,20,26,17,25,18,64.0,56.0,66.67,25.0,12.52,1.84,25.84,6.22,1.17,3.56,16.17
PHX,2019-06-15,21,13,19,13,21,69.23,76.92,66.67,29.85,11.54,1.79,30.46,5.71,1.29,5.24,20.0
PHX,2019-06-15,22,7,12,8,12,50.0,50.0,75.0,12.5,10.5,1.44,12.25,3.67,1.05,5.08,28.42
PHX,2019-06-15,23,10,12,10,13,70.0,70.0,61.54,13.0,12.0,1.18,14.0,5.23,1.41,8.69,19.23
PHX,2019-06-16,0,3,2,5,1,60.0,60.0,100.0,16.4,11.8,1.42,17.8,0.0,0.8,0.0,0.0
PHX,2019-06-16,1,1,0,1,0,100.0,100.0,0.0,0.0,9.0,0.0,0.0,0.0,0.0,0.0,0.0
PHX,2019-06-16,2,0,0,1,1,100.0,100.0,0.0,0.0,10.0,0.0,0.0,2.0,0.0,8.0,35.0
PHX,2019-06-16,3,0,0,1,0,100.0,100.0,0.0,0.0,9.0,0.0,0.0,0.0,0.0,0.0,0.0
PHX,2019-06-16,4,0,0,2,0,50.0,50.0,0.0,12.5,10.0,0.2,11.5,0.0,0.0,0.0,0.0
PHX,2019-06-16,5,8,0,10,2,80.0,80.0,50.0,10.2,12.2,2.25,10.8,2.5,2.9,11.5,19.5
PHX,2019-06-16,6,22,11,22,10,100.0,100.0,90.0,0.32,11.91,2.75,2.0,2.2,0.23,1.3,3.2
PHX,2019-06-16,7,25,34,25,34,96.0,92.0,94.12,1.92,15.12,4.98,4.0,1.88,0.53,0.71,5.0
PHX,2019-06-16,8,50,29,51,30,86.27,74.51,90.0,11.37,18.75,8.55,18.22,2.1,4.41,1.73,3.5
PHX,2019-06-16,9,32,35,32,34,90.63,81.25,82.35,9.16,16.13,5.87,13.94,1.79,7.84,3.09,13.44
PHX,2019-06-16,10,41,24,43,25,76.74,65.12,88.0,11.81,17.72,7.8,18.21,1.88,0.6,0.8,7.72
PHX,2019-06-16,11,19,31,20,31,80.0,65.0,83.87,10.85,13.7,5.28,15.55,2.13,2.55,2.61,9.26
PHX,2019-06-16,12,30,27,29,28,75.86,68.97,92.86,27.21,14.86,4.25,30.66,0.93,2.51,1.18,3.86
PHX,2019-06-16,13,31,25,31,26,74.19,70.97,65.38,15.58,15.61,5.46,19.97,3.77,2.44,5.38,18.58
PHX,2019-06-16,14,27,32,28,33,67.86,67.86,78.79,25.89,12.25,2.34,27.46,1.73,1.7,2.3,17.09
PHX,2019-06-16,15,30,29,30,34,70.0,70.0,73.53,13.9,15.5,5.89,18.27,2.68,1.4,4.06,27.06
PHX,2019-06-16,16,31,20,30,21,73.33,70.0,61.9,21.9,12.3,2.88,24.33,2.19,2.66,4.67,36.81
PHX,2019-06-16,17,18,28,16,29,68.75,68.75,79.31,32.31,13.75,3.08,34.38,2.0,1.41,2.48,49.55
PHX,2019-06-16,18,32,36,30,38,70.0,66.67,71.05,15.03,11.3,2.5,17.37,16.39,2.29,15.45,40.58
PHX,2019-06-16,19,20,41,19,40,68.42,63.16,55.0,35.05,11.84,2.56,36.37,2.6,2.6,3.35,29.23
PHX,2019-06-16,20,32,34,33,33,54.55,48.48,54.55,25.09,14.73,4.6,27.73,2.15,1.62,2.76,38.12
PHX,2019-06-16,21,23,25,21,26,28.57,28.57,73.08,38.33,10.19,1.72,39.48,2.54,1.53,3.38,13.88
PHX,2019-06-16,22,12,14,15,14,66.67,73.33,57.14,15.6,11.07,2.11,17.2,0.5,2.49,0.79,37.5
PHX,2019-06-16,23,12,15,12,15,58.33,66.67,60.0,33.83,14.08,3.3,36.58,1.53,1.4,0.6,45.67
PHX,2019-06-17,0,2,1,3,2,66.67,66.67,0.0,6.0,12.33,2.27,8.0,1.5,1.25,0.0,43.0
PHX,2019-06-17,1,1,0,2,0,50.0,50.0,0.0,37.5,9.5,0.0,37.0,0.0,0.0,0.0,0.0
PHX,2019-06-17,2,0,0,0,0,0.0,0.0,0.0,0.0,0.0,0.0,0.0,0.0,0.0,0.0,0.0
PHX,2019-06-17,3,0,0,0,1,0.0,0.0,0.0,0.0,0.0,0.0,0.0,0.0,1.1,1.0,51.0
PHX,2019-06-17,4,0,0,1,0,0.0,0.0,0.0,34.0,12.0,1.4,35.0,0.0,0.0,0.0,0.0
PHX,2019-06-17,5,13,0,13,0,84.62,76.92,0.0,6.46,13.23,4.73,10.77,0.0,0.0,0.0,0.0
PHX,2019-06-17,6,22,23,20,22,95.0,85.0,86.36,3.7,15.05,5.33,7.85,1.86,0.92,2.0,15.09
PHX,2019-06-17,7,30,29,27,28,81.48,81.48,75.0,8.56,13.41,3.98,11.59,1.75,1.32,0.82,18.25
PHX,2019-06-17,8,47,32,47,33,68.09,61.7,75.76,23.23,18.13,7.66,29.47,1.94,4.95,1.64,40.24
PHX,2019-06-17,9,34,44,34,42,64.71,50.0,64.29,25.29,19.97,9.91,34.41,2.71,9.62,4.33,31.83
PHX,2019-06-17,10,43,18,44,19,68.18,61.36,73.68,21.66,16.68,6.9,27.73,1.11,0.82,0.95,16.21
PHX,2019-06-17,11,19,37,19,35,78.95,78.95,82.86,19.89,12.53,3.3,22.53,2.26,1.53,1.26,10.71
PHX,2019-06-17,12,34,30,36,33,75.0,66.67,78.79,14.64,16.67,5.91,19.81,4.0,1.61,1.39,25.39
PHX,2019-06-17,13,32,27,34,25,85.29,79.41,80.0,10.03,15.03,4.88,13.29,4.36,0.62,1.52,12.96
PHX,2019-06-17,14,27,33,28,33,64.29,57.14,63.64,17.79,14.68,4.73,21.89,3.18,1.79,1.36,19.64
PHX,2019-06-17,15,31,26,33,26,57.58,57.58,69.23,33.67,12.61,2.88,36.15,4.77,3.08,4.69,32.73
PHX,2019-06-17,16,30,22,30,22,63.33,50.0,68.18,22.1,16.93,6.91,28.33,3.86,1.24,1.5,11.55
PHX,2019-06-17,17,20,22,21,23,61.9,57.14,73.91,18.76,14.38,4.03,22.0,3.04,1.81,1.22,6.96
PHX,2019-06-17,18,27,47,27,61,70.37,59.26,63.93,22.63,13.15,3.53,25.33,3.84,1.69,3.21,21.69
PHX,2019-06-17,19,31,41,36,45,63.89,52.78,71.11,24.03,12.31,3.34,26.72,5.44,2.66,5.96,35.42
PHX,2019-06-17,20,29,34,34,35,61.76,52.94,57.14,27.24,15.97,5.19,31.06,3.49,1.43,3.43,24.14
PHX,2019-06-17,21,23,23,22,22,45.45,50.0,40.91,69.0,11.32,2.27,70.45,2.0,2.38,3.23,26.45
PHX,2019-06-17,22,10,16,11,18,27.27,27.27,50.0,39.91,11.09,1.95,41.45,1.72,1.94,2.83,27.0
PHX,2019-06-17,23,12,14,13,15,69.23,69.23,33.33,23.15,10.85,0.61,23.0,2.27,2.05,3.07,33.27
PHX,2019-06-18,0,3,1,4,1,25.0,25.0,100.0,111.5,12.25,1.93,113.25,0.0,2.8,0.0,0.0
PHX,2019-06-18,1,1,0,2,0,100.0,100.0,0.0,0.0,10.0,0.0,0.0,0.0,0.0,0.0,0.0
PHX,2019-06-18,2,0,0,0,0,0.0,0.0,0.0,0.0,0.0,0.0,0.0,0.0,0.0,0.0,0.0
PHX,2019-06-18,3,0,0,1,1,0.0,0.0,100.0,15.0,11.0,0.4,15.0,1.0,0.0,2.0,5.0
PHX,2019-06-18,4,0,0,1,6,100.0,100.0,50.0,0.0,11.0,0.4,0.0,0.33,0.23,1.0,20.67
PHX,2019-06-18,5,14,0,18,4,83.33,77.78,0.0,4.89,11.17,2.38,6.33,2.0,0.05,4.75,53.75
PHX,2019-06-18,6,21,23,30,23,66.67,63.33,91.3,12.6,14.7,5.16,17.23,2.91,1.77,4.04,4.87
PHX,2019-06-18,7,29,29,41,32,80.49,70.73,93.75,19.22,17.41,7.51,25.27,2.88,2.32,1.81,9.34
PHX,2019-06-18,8,47,32,48,33,81.25,62.5,72.73,9.52,20.5,10.1,18.04,2.76,4.66,4.33,42.52
PHX,2019-06-18,9,33,41,34,38,79.41,67.65,78.95,6.91,17.38,7.54,13.06,2.58,7.55,3.34,17.63
PHX,2019-06-18,10,43,18,43,20,65.12,62.79,80.0,17.33,14.23,4.65,20.4,1.7,1.57,2.6,7.9
PHX,2019-06-18,11,19,35,19,36,84.21,68.42,86.11,6.42,13.0,4.38,10.21,2.64,2.47,2.08,7.67
PHX,2019-06-18,12,33,31,32,31,84.38,84.38,83.87,10.72,12.56,2.17,12.03,2.26,1.81,0.58,6.23
PHX,2019-06-18,13,31,27,31,27,74.19,74.19,81.48,21.9,14.13,4.18,25.0,2.0,2.06,1.11,11.04
PHX,2019-06-18,14,29,32,34,32,64.71,50.0,78.13,28.79,19.03,8.75,36.26,4.91,3.98,2.53,11.63
PHX,2019-06-18,15,30,26,30,27,73.33,50.0,66.67,21.6,17.9,7.96,28.07,5.22,4.66,7.67,15.52
PHX,2019-06-18,16,28,22,30,27,63.33,63.33,81.48,15.4,13.7,3.89,18.67,5.56,1.77,8.63,16.33
PHX,2019-06-18,17,21,22,23,26,82.61,69.57,69.23,5.91,14.0,3.68,8.57,1.58,0.66,2.04,14.85
PHX,2019-06-18,18,26,45,27,59,62.96,62.96,61.02,19.07,11.63,2.44,20.78,3.25,1.43,5.12,21.83
PHX,2019-06-18,19,29,40,32,46,53.13,53.13,65.22,17.66,11.06,2.27,19.19,3.63,2.03,4.76,21.41
PHX,2019-06-18,20,29,33,34,32,67.65,61.76,53.13,20.32,15.09,4.46,23.03,2.63,2.25,4.81,28.03
PHX,2019-06-18,21,22,23,22,24,54.55,54.55,54.17,22.5,10.86,2.17,24.09,3.21,1.93,3.54,34.0
PHX,2019-06-18,22,10,15,11,17,45.45,45.45,58.82,22.82,9.45,0.83,23.64,0.59,1.32,3.12,41.0
PHX,2019-06-18,23,11,12,11,13,63.64,63.64,46.15,37.0,12.91,2.09,38.45,2.46,1.42,3.23,33.77
PHX,2019-06-19,0,2,1,3,1,33.33,33.33,100.0,63.0,9.67,0.13,62.33,0.0,0.0,0.0,0.0
PHX,2019-06-19,1,1,0,1,0,100.0,100.0,0.0,0.0,11.0,0.4,0.0,0.0,0.0,0.0,0.0
PHX,2019-06-19,2,0,0,0,0,0.0,0.0,0.0,0.0,0.0,0.0,0.0,0.0,0.0,0.0,0.0
PHX,2019-06-19,3,0,0,0,1,0.0,0.0,100.0,0.0,0.0,0.0,0.0,3.0,0.1,15.0,14.0
PHX,2019-06-19,4,0,0,1,5,100.0,100.0,80.0,0.0,13.0,2.4,2.0,0.4,0.86,1.2,8.8
PHX,2019-06-19,5,13,0,16,3,81.25,87.5,0.0,5.06,12.13,3.45,7.13,1.67,0.43,7.33,40.0
PHX,2019-06-19,6,22,23,32,26,87.5,84.38,73.08,3.81,15.0,5.28,7.5,2.73,0.42,3.31,15.96
PHX,2019-06-19,7,30,29,41,30,80.49,78.05,86.67,7.68,14.83,4.98,11.37,1.6,1.9,2.1,6.47
PHX,2019-06-19,8,47,32,48,34,85.42,72.92,85.29,19.85,20.94,10.63,28.5,1.74,5.84,4.65,8.53
PHX,2019-06-19,9,33,43,35,42,82.86,68.57,88.1,9.46,18.34,8.2,16.14,3.45,6.47,4.21,3.88
PHX,2019-06-19,10,43,18,47,18,78.72,63.83,83.33,11.47,19.0,9.23,19.45,1.06,0.34,2.17,9.39
PHX,2019-06-19,11,19,36,19,39,63.16,57.89,84.62,28.63,11.68,2.46,30.68,2.13,2.1,1.92,8.77
PHX,2019-06-19,12,34,30,35,30,80.0,74.29,80.0,12.94,14.17,3.87,15.71,1.97,2.39,2.37,9.4
PHX,2019-06-19,13,32,27,33,26,75.76,69.7,76.92,15.97,13.64,3.42,18.67,2.35,1.27,0.65,8.58
PHX,2019-06-19,14,28,33,29,35,68.97,68.97,80.0,15.97,12.07,2.0,17.0,1.83,3.09,1.09,7.2
PHX,2019-06-19,15,30,25,30,27,66.67,56.67,85.19,12.13,14.13,4.6,15.87,2.52,2.53,1.93,6.0
PHX,2019-06-19,16,30,22,29,25,79.31,79.31,88.0,13.79,13.41,3.64,15.66,1.76,2.78,2.96,9.68
PHX,2019-06-19,17,20,22,22,24,86.36,81.82,83.33,11.23,12.86,2.74,13.23,2.08,1.14,2.04,6.0
PHX,2019-06-19,18,27,47,27,62,66.67,62.96,62.9,17.22,12.67,3.41,20.11,2.76,1.62,4.56,20.85
PHX,2019-06-19,19,31,41,36,45,58.33,58.33,68.89,22.94,10.94,1.92,23.94,1.58,1.63,1.82,13.36
PHX,2019-06-19,20,29,32,33,33,57.58,51.52,57.58,23.24,13.18,2.4,25.12,2.3,1.85,1.82,25.18
PHX,2019-06-19,21,22,23,22,24,68.18,63.64,66.67,18.23,12.05,3.04,20.55,2.63,2.22,1.13,20.33
PHX,2019-06-19,22,11,15,12,17,66.67,66.67,47.06,15.5,11.83,2.92,17.33,1.0,2.34,8.53,55.35
PHX,2019-06-19,23,11,14,11,16,45.45,45.45,31.25,37.0,13.27,2.46,38.0,1.81,0.89,4.0,24.56
PHX,2019-06-20,0,3,1,4,1,25.0,25.0,0.0,33.0,12.25,1.63,34.5,0.0,2.8,0.0,247.0
PHX,2019-06-20,1,1,0,2,0,100.0,100.0,0.0,0.0,13.0,2.75,2.5,0.0,0.0,0.0,0.0
PHX,2019-06-20,2,0,0,0,0,0.0,0.0,0.0,0.0,0.0,0.0,0.0,0.0,0.0,0.0,0.0
PHX,2019-06-20,3,0,0,0,2,0.0,0.0,50.0,0.0,0.0,0.0,0.0,1.5,0.05,5.5,19.0
PHX,2019-06-20,4,0,0,1,6,100.0,100.0,50.0,0.0,15.0,4.4,0.0,1.83,1.4,3.83,33.17
PHX,2019-06-20,5,14,0,18,1,88.89,88.89,0.0,2.94,10.67,2.22,4.33,0.0,0.0,0.0,62.0
PHX,2019-06-20,6,21,23,30,24,90.0,86.67,100.0,6.43,12.5,3.01,8.57,1.42,0.38,1.29,1.08
PHX,2019-06-20,7,28,29,37,31,70.27,64.86,90.32,17.38,18.95,8.92,24.41,1.65,0.86,1.42,3.58
PHX,2019-06-20,8,48,32,50,33,84.0,62.0,90.91,8.68,19.78,9.38,16.06,2.85,3.77,2.73,5.27
PHX,2019-06-20,9,34,42,35,42,74.29,45.71,88.1,13.51,21.11,11.01,23.14,3.93,7.94,4.21,6.62
PHX,2019-06-20,10,43,18,44,19,77.27,29.55,84.21,33.36,23.27,13.48,45.39,1.89,1.31,2.74,4.11
PHX,2019-06-20,11,19,36,21,36,66.67,66.67,88.89,34.95,12.52,3.44,37.52,2.42,0.76,2.28,4.81
PHX,2019-06-20,12,34,30,34,32,73.53,67.65,81.25,12.68,16.44,5.86,17.38,3.0,2.18,9.81,13.44
PHX,2019-06-20,13,31,27,31,28,77.42,74.19,89.29,20.65,14.9,4.8,24.45,2.96,1.93,0.93,8.32
PHX,2019-06-20,14,27,32,29,32,75.86,72.41,81.25,13.1,12.48,2.68,15.07,2.09,1.54,0.06,5.66
PHX,2019-06-20,15,31,26,31,29,64.52,58.06,75.86,13.48,11.81,2.09,15.23,3.24,1.8,5.83,13.24
PHX,2019-06-20,16,28,22,32,26,62.5,56.25,80.77,20.63,13.78,3.98,24.19,2.58,2.15,2.19,9.46
PHX,2019-06-20,17,21,23,22,27,81.82,77.27,77.78,15.23,12.36,1.97,16.68,1.78,1.3,1.93,14.85
PHX,2019-06-20,18,27,45,29,56,72.41,72.41,78.57,13.0,12.1,2.58,15.03,2.21,1.86,3.27,30.07
PHX,2019-06-20,19,29,41,35,48,60.0,62.86,66.67,15.26,10.97,2.03,16.23,1.67,2.44,1.77,37.35
PHX,2019-06-20,20,29,34,34,33,58.82,55.88,54.55,41.79,13.79,3.21,44.18,2.79,1.8,2.52,26.48
PHX,2019-06-20,21,23,23,22,23,63.64,59.09,69.57,24.73,12.59,3.45,27.23,4.04,1.91,1.78,27.78
PHX,2019-06-20,22,11,16,12,17,75.0,66.67,47.06,17.08,13.08,3.83,19.67,0.29,2.39,0.41,39.82
PHX,2019-06-20,23,12,13,12,15,50.0,50.0,53.33,29.08,10.75,0.75,28.75,1.13,2.79,1.73,32.0
PHX,2019-06-21,0,2,1,3,1,66.67,66.67,100.0,6.0,10.33,0.17,6.33,0.0,8.8,2.0,4.0
PHX,2019-06-21,1,1,0,2,1,100.0,100.0,0.0,0.0,17.5,6.95,3.5,0.0,0.1,9.0,54.0
PHX,2019-06-21,2,0,0,0,0,0.0,0.0,0.0,0.0,0.0,0.0,0.0,0.0,0.0,0.0,0.0
PHX,2019-06-21,3,0,0,0,2,0.0,0.0,100.0,0.0,0.0,0.0,0.0,3.0,0.6,5.5,3.0
PHX,2019-06-21,4,0,0,1,7,100.0,100.0,42.86,0.0,12.0,1.4,0.0,0.57,0.66,4.29,31.43
PHX,2019-06-21,5,13,0,16,1,81.25,75.0,100.0,9.56,12.38,3.62,12.19,0.0,3.1,7.0,4.0
PHX,2019-06-21,6,22,23,30,25,83.33,80.0,88.0,7.7,13.7,4.02,10.1,1.2,0.82,3.0,3.24
PHX,2019-06-21,7,30,30,40,31,75.0,67.5,87.1,17.38,17.83,7.96,24.15,1.39,1.86,1.65,4.45
PHX,2019-06-21,8,48,32,50,34,86.0,58.0,76.47,6.3,21.44,11.12,15.7,2.09,3.86,3.41,6.41
PHX,2019-06-21,9,34,43,34,44,67.65,47.06,88.64,14.06,18.29,8.15,21.18,2.2,7.03,2.68,5.48
PHX,2019-06-21,10,43,18,45,20,86.67,64.44,95.0,14.53,17.93,8.08,21.49,2.35,2.84,2.35,5.0
PHX,2019-06-21,11,19,38,21,39,76.19,76.19,74.36,11.1,10.05,1.33,11.81,2.21,1.99,1.69,16.05
PHX,2019-06-21,12,35,31,35,30,80.0,74.29,80.0,25.03,14.03,3.71,27.89,2.23,2.48,1.8,19.67
PHX,2019-06-21,13,33,27,33,27,69.7,63.64,62.96,27.24,13.45,3.4,29.88,2.0,2.34,1.85,28.44
PHX,2019-06-21,14,27,33,25,35,76.0,72.0,62.86,15.44,11.64,1.93,16.68,2.11,1.62,1.8,28.71
PHX,2019-06-21,15,31,26,31,27,45.16,41.94,74.07,39.39,13.16,3.45,41.97,2.59,2.89,4.26,20.96
PHX,2019-06-21,16,30,22,32,22,56.25,56.25,77.27,29.75,11.5,1.93,30.78,1.27,2.27,0.64,7.0
PHX,2019-06-21,17,20,22,21,22,66.67,66.67,81.82,34.05,13.19,2.57,35.67,3.18,1.44,0.77,11.82
PHX,2019-06-21,18,27,46,29,57,62.07,51.72,64.91,21.03,11.9,2.75,23.07,2.39,1.59,1.58,20.7
PHX,2019-06-21,19,31,41,31,43,38.71,38.71,76.74,25.26,11.35,2.63,27.58,2.09,3.44,1.84,27.05
PHX,2019-06-21,20,28,34,30,34,60.0,56.67,55.88,33.43,15.17,4.42,36.03,2.53,1.42,1.94,19.74
PHX,2019-06-21,21,23,24,23,25,52.17,43.48,64.0,20.65,11.74,2.6,22.7,3.24,2.3,2.96,14.12
PHX,2019-06-21,22,10,16,10,15,40.0,50.0,60.0,19.4,9.8,0.87,19.8,0.93,1.85,2.73,29.4
PHX,2019-06-21,23,12,14,13,15,69.23,69.23,13.33,24.38,12.46,1.73,24.92,3.73,0.92,2.93,37.13
PHX,2019-06-22,0,3,1,4,1,75.0,75.0,0.0,8.0,10.75,0.65,8.5,3.0,0.8,0.0,57.0
PHX,2019-06-22,1,1,0,2,0,100.0,100.0,0.0,2.5,11.5,2.7,3.5,0.0,0.0,0.0,0.0
PHX,2019-06-22,2,0,0,0,0,0.0,0.0,0.0,0.0,0.0,0.0,0.0,0.0,0.0,0.0,0.0
PHX,2019-06-22,3,0,0,0,1,0.0,0.0,100.0,0.0,0.0,0.0,0.0,0.0,0.7,0.0,0.0
PHX,2019-06-22,4,0,0,0,2,0.0,0.0,50.0,0.0,0.0,0.0,0.0,0.0,0.55,4.5,9.0
PHX,2019-06-22,5,14,2,16,1,93.75,87.5,100.0,1.69,11.31,2.76,3.88,3.0,4.1,4.0,6.0
PHX,2019-06-22,6,15,15,20,15,80.0,85.0,86.67,12.15,13.15,3.56,14.85,2.6,0.44,3.67,9.2
PHX,2019-06-22,7,24,32,28,31,82.14,78.57,87.1,7.32,15.21,5.46,10.93,1.61,3.65,2.87,6.16
PHX,2019-06-22,8,48,27,50,27,84.0,60.0,81.48,11.98,20.68,10.39,20.66,2.74,5.49,3.85,18.15
PHX,2019-06-22,9,29,37,28,39,75.0,50.0,89.74,9.25,20.54,10.01,17.61,3.72,4.86,2.28,8.03
PHX,2019-06-22,10,40,19,39,21,82.05,79.49,76.19,12.77,14.77,5.04,16.62,1.71,0.9,3.38,37.62
PHX,2019-06-22,11,20,31,20,31,65.0,65.0,80.65,14.95,11.55,2.49,15.9,2.39,2.55,3.32,14.32
PHX,2019-06-22,12,25,28,24,28,75.0,70.83,67.86,25.54,14.58,4.33,28.42,1.71,2.16,5.14,24.18
PHX,2019-06-22,13,32,21,32,23,65.63,65.63,69.57,19.22,12.88,2.68,21.53,2.22,2.63,1.91,14.43
PHX,2019-06-22,14,25,32,24,32,66.67,58.33,87.5,12.54,13.58,3.5,15.83,2.44,2.65,1.88,7.84
PHX,2019-06-22,15,27,22,28,23,67.86,60.71,73.91,18.39,12.18,2.46,20.46,3.0,1.75,4.17,19.52
PHX,2019-06-22,16,24,30,24,30,62.5,58.33,73.33,24.08,13.96,3.9,27.08,2.43,1.13,1.9,13.4
PHX,2019-06-22,17,24,22,27,24,55.56,51.85,66.67,19.48,11.44,2.11,21.0,1.79,2.22,2.79,11.13
PHX,2019-06-22,18,24,38,25,39,60.0,48.0,61.54,18.36,13.44,3.9,21.32,3.95,0.93,2.74,21.28
PHX,2019-06-22,19,27,41,26,39,38.46,38.46,58.97,27.65,10.58,1.85,28.69,3.31,2.32,4.44,29.64
PHX,2019-06-22,20,26,17,26,17,73.08,73.08,76.47,14.23,13.65,2.73,15.77,4.53,2.26,3.76,12.24
PHX,2019-06-22,21,13,19,13,19,84.62,84.62,57.89,9.15,11.23,1.18,9.38,2.0,1.03,0.89,17.32
PHX,2019-06-22,22,7,12,8,13,62.5,62.5,76.92,20.63,11.38,2.03,21.5,1.08,0.55,0.54,17.15
PHX,2019-06-22,23,10,12,10,13,70.0,70.0,53.85,6.6,12.6,1.67,7.6,3.77,1.22,6.0,19.08
PHX,2019-06-23,0,3,2,4,1,75.0,75.0,100.0,11.75,10.5,0.3,12.0,0.0,0.8,0.0,0.0
PHX,2019-06-23,1,1,0,2,0,100.0,100.0,0.0,0.5,10.5,0.25,1.0,0.0,0.0,0.0,0.0
PHX,2019-06-23,3,0,0,3,1,33.33,33.33,100.0,19.67,10.0,1.27,18.33,0.0,0.0,0.0,0.0
PHX,2019-06-23,4,0,0,2,0,100.0,100.0,0.0,4.0,11.0,2.2,2.0,0.0,0.0,0.0,0.0
PHX,2019-06-23,5,8,0,9,2,88.89,88.89,100.0,3.22,13.0,3.68,5.44,0.0,4.4,6.0,7.0
PHX,2019-06-23,6,22,11,23,11,100.0,95.65,81.82,1.22,12.65,3.55,3.3,3.09,0.84,5.0,3.82
PHX,2019-06-23,7,25,34,24,35,91.67,87.5,80.0,5.38,15.25,5.18,8.75,2.91,3.04,3.37,8.26
PHX,2019-06-23,8,50,29,52,30,80.77,51.92,80.0,9.04,20.63,10.4,18.08,1.9,7.64,5.1,6.47
PHX,2019-06-23,9,32,35,33,34,75.76,45.45,73.53,11.27,18.58,8.27,18.58,3.62,14.21,9.03,7.53
PHX,2019-06-23,10,41,24,40,26,80.0,60.0,84.62,9.98,16.7,6.76,16.48,0.54,1.28,3.0,6.88
PHX,2019-06-23,11,19,31,19,31,52.63,57.89,80.65,12.95,11.68,2.69,14.53,1.1,0.89,1.16,11.87
PHX,2019-06-23,12,30,27,30,27,76.67,63.33,92.59,18.43,14.83,4.47,21.27,1.63,2.02,2.0,2.85
PHX,2019-06-23,13,31,25,33,25,87.88,78.79,80.0,21.52,14.64,4.61,25.06,2.04,1.86,0.92,27.96
PHX,2019-06-23,14,27,32,27,33,74.07,70.37,87.88,14.07,11.7,2.05,15.74,2.33,1.39,1.06,10.82
PHX,2019-06-23,15,30,29,28,31,75.0,71.43,80.65,19.43,12.04,2.24,20.71,1.87,2.22,5.61,26.35
PHX,2019-06-23,16,31,20,30,26,70.0,63.33,65.38,29.93,12.83,3.5,32.57,2.19,2.0,2.62,24.0
PHX,2019-06-23,17,18,28,20,29,80.0,80.0,62.07,10.25,13.55,2.79,11.2,1.93,1.33,4.48,39.79
PHX,2019-06-23,18,32,36,32,35,65.63,65.63,65.71,26.28,11.53,2.45,28.56,3.2,1.5,1.4,21.57
PHX,2019-06-23,19,20,41,18,43,55.56,50.0,62.79,20.83,11.39,1.97,21.89,1.74,2.41,6.63,26.14
PHX,2019-06-23,20,32,34,32,33,56.25,50.0,72.73,24.97,12.84,2.84,26.69,3.06,3.37,11.94,43.18
PHX,2019-06-23,21,23,25,22,27,68.18,63.64,62.96,17.36,11.0,2.0,18.86,2.59,2.36,5.04,32.85
PHX,2019-06-23,22,12,14,14,13,57.14,57.14,38.46,17.0,10.79,1.52,17.71,2.15,1.16,4.54,26.46
PHX,2019-06-23,23,12,15,13,16,69.23,69.23,62.5,13.08,11.62,1.67,13.92,1.56,2.15,2.81,31.25
PHX,2019-06-24,0,2,1,3,2,66.67,66.67,100.0,69.0,14.67,4.6,73.33,4.5,0.9,0.0,0.0
PHX,2019-06-24,1,1,0,2,0,100.0,100.0,0.0,0.0,13.0,2.75,2.0,0.0,0.0,0.0,0.0
PHX,2019-06-24,2,0,0,0,0,0.0,0.0,0.0,0.0,0.0,0.0,0.0,0.0,0.0,0.0,0.0
PHX,2019-06-24,3,0,0,0,1,0.0,0.0,0.0,0.0,0.0,0.0,0.0,8.0,1.1,10.0,41.0
PHX,2019-06-24,4,0,0,1,0,0.0,0.0,0.0,19.0,10.0,0.0,18.0,0.0,0.0,0.0,0.0
PHX,2019-06-24,5,13,0,14,0,85.71,78.57,0.0,4.93,12.5,3.71,7.79,0.0,0.0,0.0,0.0
PHX,2019-06-24,6,22,23,24,24,91.67,83.33,75.0,2.88,12.25,3.45,5.96,2.54,0.49,5.25,12.42
PHX,2019-06-24,7,30,29,32,29,87.5,78.13,89.66,4.97,15.5,5.82,9.47,1.0,2.13,1.31,5.52
PHX,2019-06-24,8,47,32,46,32,89.13,67.39,84.38,6.8,18.57,8.2,13.43,2.28,6.16,4.22,4.47
PHX,2019-06-24,9,34,44,34,44,88.24,64.71,68.18,7.06,18.21,8.2,13.47,3.89,9.43,6.61,22.16
PHX,2019-06-24,10,43,18,44,18,75.0,63.64,66.67,21.7,15.34,5.48,26.09,1.33,0.92,2.28,15.89
PHX,2019-06-24,11,19,37,19,36,68.42,68.42,86.11,14.58,9.95,1.73,14.37,1.56,0.9,1.44,33.81
PHX,2019-06-24,12,34,30,34,31,79.41,76.47,87.1,6.79,15.21,4.79,10.21,2.06,2.24,2.16,7.81
PHX,2019-06-24,13,32,27,33,28,81.82,75.76,82.14,14.48,13.27,3.44,16.61,2.32,3.26,1.25,21.71
PHX,2019-06-24,14,27,33,30,33,83.33,76.67,78.79,6.3,15.3,5.0,10.0,1.88,2.88,1.73,11.3
PHX,2019-06-24,15,31,26,34,30,73.53,67.65,73.33,14.0,13.65,3.79,16.82,2.37,2.32,4.53,16.83
PHX,2019-06-24,16,30,22,32,22,78.13,75.0,68.18,10.34,11.84,2.17,12.09,1.45,1.84,1.0,36.64
PHX,2019-06-24,17,20,22,21,25,47.62,47.62,64.0,25.67,11.76,1.83,26.86,2.28,1.82,3.24,20.24
PHX,2019-06-24,18,27,47,27,59,66.67,59.26,67.8,19.96,15.04,5.28,24.15,3.12,1.62,3.0,16.36
PHX,2019-06-24,19,31,41,36,44,33.33,33.33,68.18,35.75,13.56,4.31,39.53,3.59,3.97,3.89,22.25
PHX,2019-06-24,20,29,34,35,34,77.14,57.14,58.82,8.91,22.63,11.77,18.17,2.38,2.53,2.85,19.41
PHX,2019-06-24,21,23,23,23,23,56.52,43.48,65.22,32.87,11.35,2.07,34.57,2.43,2.01,2.61,18.7
PHX,2019-06-24,22,11,16,12,17,75.0,58.33,64.71,10.67,13.42,3.94,14.08,0.94,3.7,6.71,23.41
PHX,2019-06-24,23,12,14,12,16,66.67,66.67,37.5,16.75,12.67,1.82,18.08,1.25,1.48,2.38,26.56
PHX,2019-06-25,0,3,1,5,1,100.0,100.0,100.0,0.6,11.2,1.04,1.8,0.0,2.8,0.0,0.0
PHX,2019-06-25,1,1,0,1,0,100.0,100.0,0.0,1.0,14.0,3.5,5.0,0.0,0.0,0.0,0.0
PHX,2019-06-25,2,0,0,0,0,0.0,0.0,0.0,0.0,0.0,0.0,0.0,0.0,0.0,0.0,0.0
PHX,2019-06-25,3,0,0,0,1,0.0,0.0,100.0,0.0,0.0,0.0,0.0,0.0,0.0,0.0,9.0
PHX,2019-06-25,4,0,0,1,6,100.0,100.0,100.0,0.0,9.0,0.0,0.0,2.33,0.53,1.67,0.33
PHX,2019-06-25,5,14,0,18,4,88.89,77.78,25.0,9.5,11.39,2.62,11.33,1.5,0.58,4.0,18.25
PHX,2019-06-25,6,21,23,30,24,70.0,66.67,91.67,11.03,13.4,4.3,14.8,1.83,0.86,0.92,3.75
PHX,2019-06-25,7,29,29,42,31,85.71,73.81,87.1,7.21,16.88,6.82,12.57,2.19,3.09,1.84,17.81
PHX,2019-06-25,8,47,32,49,33,81.63,67.35,84.85,10.33,19.04,8.64,17.04,3.09,4.25,5.52,41.12
PHX,2019-06-25,9,33,42,35,42,68.57,54.29,85.71,19.37,17.66,7.48,25.63,3.07,8.0,6.67,9.98
PHX,2019-06-25,10,43,18,43,19,67.44,62.79,84.21,17.51,16.67,6.99,23.09,2.16,0.77,4.37,16.84
PHX,2019-06-25,11,19,35,19,36,63.16,57.89,75.0,33.21,12.53,3.58,36.21,2.28,1.95,2.42,13.56
PHX,2019-06-25,12,33,31,34,31,70.59,70.59,70.97,28.44,15.18,4.63,32.03,2.03,3.25,2.19,14.71
PHX,2019-06-25,13,31,27,32,28,71.88,71.88,89.29,18.88,14.72,4.7,22.47,2.75,2.76,1.18,9.96
PHX,2019-06-25,14,29,32,30,32,76.67,76.67,81.25,19.27,12.63,2.78,21.33,1.94,3.21,1.5,11.09
PHX,2019-06-25,15,30,26,30,28,80.0,53.33,78.57,10.63,17.0,7.06,16.47,1.32,3.09,2.93,11.86
PHX,2019-06-25,16,28,22,30,26,80.0,70.0,76.92,11.5,14.3,4.54,15.33,1.46,3.12,2.23,8.85
PHX,2019-06-25,17,21,22,22,27,81.82,81.82,51.85,5.68,12.09,1.64,6.73,1.96,1.64,3.19,30.07
PHX,2019-06-25,18,26,45,27,61,70.37,70.37,63.93,16.44,11.59,2.46,18.26,3.23,1.8,3.46,21.36
PHX,2019-06-25,19,29,40,33,43,48.48,45.45,72.09,18.48,11.52,2.54,20.42,2.51,2.22,1.07,18.88
PHX,2019-06-25,20,29,33,34,34,70.59,55.88,64.71,18.74,17.53,7.01,23.82,2.62,2.57,4.18,17.53
PHX,2019-06-25,21,22,23,23,23,47.83,47.83,65.22,26.74,11.35,2.22,28.35,2.22,2.09,1.78,19.48
PHX,2019-06-25,22,10,15,11,16,72.73,63.64,62.5,10.27,10.64,1.66,11.18,1.69,4.73,2.88,13.88
PHX,2019-06-25,23,11,12,10,14,100.0,100.0,50.0,2.1,13.7,2.69,4.8,1.86,1.63,4.21,23.86
PHX,2019-06-26,0,2,1,3,1,66.67,66.67,100.0,14.0,12.0,1.63,15.33,0.0,1.8,0.0,0.0
PHX,2019-06-26,1,1,0,2,0,50.0,50.0,0.0,34.0,16.5,5.95,37.5,0.0,0.0,0.0,0.0
PHX,2019-06-26,3,0,0,0,1,0.0,0.0,100.0,0.0,0.0,0.0,0.0,0.0,0.1,0.0,1.0
PHX,2019-06-26,4,0,0,1,5,100.0,100.0,80.0,0.0,10.0,0.0,0.0,0.4,0.46,0.2,6.0
PHX,2019-06-26,5,13,0,17,3,88.24,88.24,0.0,5.88,11.0,2.55,7.47,1.67,1.43,4.33,33.67
PHX,2019-06-26,6,22,23,32,25,84.38,84.38,84.0,6.19,13.03,3.47,8.69,3.68,1.88,3.88,12.24
PHX,2019-06-26,7,30,29,41,31,87.8,82.93,90.32,5.51,14.85,4.92,8.8,1.23,1.25,0.58,12.19
PHX,2019-06-26,8,47,32,48,31,83.33,70.83,90.32,7.75,19.0,8.59,14.42,1.55,4.57,2.94,2.97
PHX,2019-06-26,9,33,43,34,46,79.41,58.82,91.3,7.68,18.97,8.84,15.35,3.35,6.2,2.33,4.04
PHX,2019-06-26,10,44,18,44,18,88.64,65.91,83.33,5.89,19.98,10.16,14.2,2.5,0.99,2.67,5.28
PHX,2019-06-26,11,18,36,19,37,89.47,84.21,91.89,3.42,12.84,3.95,6.21,1.73,1.11,1.3,3.41
PHX,2019-06-26,12,34,31,35,31,85.71,68.57,93.55,5.63,16.0,5.48,9.57,2.45,0.61,0.55,3.87
PHX,2019-06-26,13,32,27,32,27,90.63,78.13,92.59,5.38,15.84,5.56,8.84,2.19,1.65,1.19,2.07
PHX,2019-06-26,14,28,33,30,34,80.0,76.67,88.24,18.97,13.4,3.32,21.8,1.59,1.69,1.12,6.44
PHX,2019-06-26,15,30,25,30,26,73.33,63.33,69.23,9.47,15.43,5.46,13.77,4.88,3.31,13.19,17.42
PHX,2019-06-26,16,30,22,32,27,75.0,68.75,77.78,12.59,13.56,3.63,15.56,3.93,0.99,4.89,8.93
PHX,2019-06-26,17,20,22,25,27,76.0,72.0,77.78,19.52,14.04,3.77,22.68,2.11,1.89,3.0,11.67
PHX,2019-06-26,18,27,47,28,62,71.43,71.43,67.74,12.25,12.68,3.09,14.68,3.65,1.89,3.74,18.31
PHX,2019-06-26,19,31,41,36,46,55.56,55.56,80.43,19.56,11.86,2.94,21.42,2.35,3.44,3.65,9.2
PHX,2019-06-26,20,29,32,34,31,79.41,67.65,45.16,11.06,18.21,7.42,15.56,2.16,3.86,4.52,37.84
PHX,2019-06-26,21,22,23,23,25,60.87,60.87,64.0,30.83,13.04,3.81,34.26,2.64,0.97,0.84,13.6
PHX,2019-06-26,22,11,15,11,17,45.45,36.36,64.71,14.64,17.73,8.37,22.64,0.88,1.76,0.76,13.29
PHX,2019-06-26,23,11,14,11,15,90.91,90.91,40.0,3.09,13.36,2.17,3.73,0.73,0.57,0.6,75.0
PHX,2019-06-27,0,3,1,3,1,66.67,100.0,100.0,5.0,11.0,0.83,5.33,0.0,3.8,0.0,0.0
PHX,2019-06-27,1,1,0,1,1,100.0,100.0,100.0,0.0,12.0,1.5,0.0,0.0,1.1,0.0,0.0
PHX,2019-06-27,2,0,0,0,0,0.0,0.0,0.0,0.0,0.0,0.0,0.0,0.0,0.0,0.0,0.0
PHX,2019-06-27,3,0,0,1,2,100.0,100.0,50.0,0.0,10.0,0.0,0.0,0.0,0.6,1.0,16.5
PHX,2019-06-27,4,0,0,1,4,100.0,100.0,75.0,0.0,13.0,2.4,0.0,0.0,1.3,0.75,6.75
PHX,2019-06-27,5,14,0,18,4,100.0,94.44,75.0,1.39,11.94,3.11,3.28,0.25,1.35,3.0,33.75
PHX,2019-06-27,6,21,23,29,23,89.66,86.21,95.65,5.76,12.55,3.01,7.76,2.17,1.03,1.13,2.22
PHX,2019-06-27,7,28,29,38,30,86.84,76.32,93.33,12.05,15.92,6.08,16.71,1.27,1.89,0.7,9.17
PHX,2019-06-27,8,48,32,51,35,88.24,50.98,74.29,6.71,24.39,13.96,19.06,2.06,2.62,2.37,6.23
PHX,2019-06-27,9,34,42,37,42,81.08,54.05,97.62,7.57,23.32,13.14,18.81,3.29,8.61,2.74,2.12
PHX,2019-06-27,10,43,18,43,20,81.4,62.79,85.0,6.74,18.44,8.7,13.98,2.1,1.38,2.9,9.3
PHX,2019-06-27,11,19,36,21,37,80.95,80.95,89.19,8.43,11.57,2.67,10.0,1.81,1.74,1.86,9.51
PHX,2019-06-27,12,34,30,34,31,82.35,76.47,70.97,12.59,16.88,6.43,16.91,3.45,1.13,2.55,24.26
PHX,2019-06-27,13,31,27,31,28,74.19,70.97,96.43,19.06,12.84,3.01,21.06,2.43,2.73,1.32,1.07
PHX,2019-06-27,14,27,32,27,32,85.19,81.48,93.75,8.44,13.19,3.34,10.78,3.56,2.58,2.19,2.84
PHX,2019-06-27,15,31,26,34,26,82.35,76.47,84.62,10.44,14.18,4.27,13.47,2.96,2.13,3.81,10.38
PHX,2019-06-27,16,28,22,29,26,75.86,68.97,80.77,11.1,12.9,3.42,13.62,1.42,0.97,1.69,9.04
PHX,2019-06-27,17,21,23,25,26,84.0,80.0,76.92,4.24,11.84,1.68,4.72,2.69,1.09,2.27,12.58
PHX,2019-06-27,18,27,45,29,61,68.97,58.62,70.49,19.9,13.86,4.29,23.14,2.92,1.59,2.43,12.33
PHX,2019-06-27,19,29,41,33,46,66.67,63.64,78.26,12.76,13.58,4.47,15.42,2.48,2.86,3.22,15.57
PHX,2019-06-27,20,29,34,35,35,80.0,71.43,85.71,9.74,15.94,5.21,13.2,2.09,3.71,2.26,11.77
PHX,2019-06-27,21,23,23,24,23,79.17,70.83,82.61,6.5,11.92,2.78,9.21,2.87,1.26,0.04,16.91
PHX,2019-06-27,22,11,16,11,17,72.73,63.64,70.59,10.73,10.91,1.84,12.0,0.94,0.85,0.71,24.94
PHX,2019-06-27,23,12,13,12,14,83.33,83.33,71.43,21.92,11.33,1.1,22.08,1.07,0.62,0.07,15.43
PHX,2019-06-28,0,2,1,2,1,100.0,100.0,100.0,0.0,12.0,1.45,1.0,0.0,2.8,0.0,0.0
PHX,2019-06-28,1,1,0,1,1,100.0,100.0,100.0,0.0,14.0,3.5,2.0,0.0,1.1,0.0,4.0
PHX,2019-06-28,2,0,0,0,1,0.0,0.0,0.0,0.0,0.0,0.0,0.0,0.0,0.0,0.0,58.0
PHX,2019-06-28,3,0,0,1,3,100.0,100.0,66.67,0.0,10.0,0.0,0.0,0.0,0.03,0.67,12.33
PHX,2019-06-28,4,0,0,2,3,50.0,50.0,66.67,20.0,13.0,2.4,20.5,1.67,1.4,2.67,5.0
PHX,2019-06-28,5,13,0,14,4,92.86,92.86,25.0,2.43,11.71,3.03,4.0,1.5,1.1,6.75,30.75
PHX,2019-06-28,6,22,23,30,24,86.67,86.67,95.83,5.97,13.13,3.71,8.43,1.88,0.47,1.0,1.92
PHX,2019-06-28,7,30,30,42,31,85.71,78.57,93.55,8.19,16.43,6.36,12.79,1.06,2.88,1.45,2.55
PHX,2019-06-28,8,48,32,50,34,80.0,74.0,85.29,11.8,19.58,9.24,18.68,1.59,6.26,2.94,5.09
PHX,2019-06-28,9,34,43,34,43,82.35,67.65,93.02,10.47,16.65,6.67,15.56,2.21,10.84,2.49,2.84
PHX,2019-06-28,10,43,18,44,18,84.09,68.18,77.78,8.66,20.09,10.26,16.8,1.0,1.39,0.89,10.83
PHX,2019-06-28,11,19,38,20,40,80.0,80.0,95.0,30.3,13.25,4.18,33.45,1.57,1.41,1.23,6.1
PHX,2019-06-28,12,35,31,33,31,84.85,78.79,93.55,11.76,14.91,4.51,14.91,2.71,2.42,2.55,3.45
PHX,2019-06-28,13,33,27,35,29,88.57,80.0,93.1,5.31,13.97,3.86,8.57,2.14,2.74,1.31,2.69
PHX,2019-06-28,14,27,33,29,33,75.86,72.41,78.79,9.93,11.62,1.87,10.97,2.64,3.57,2.52,17.36
PHX,2019-06-28,15,31,26,32,30,81.25,68.75,80.0,10.47,14.41,4.68,13.97,2.5,1.49,0.87,9.77
PHX,2019-06-28,16,30,22,29,24,75.86,68.97,91.67,15.17,13.0,3.41,17.97,2.63,1.81,2.25,9.08
PHX,2019-06-28,17,20,22,24,23,87.5,91.67,73.91,8.96,12.54,2.51,10.42,2.57,1.13,1.83,17.04
PHX,2019-06-28,18,27,46,28,57,85.71,82.14,84.21,9.57,11.32,2.13,11.14,2.68,1.85,1.26,9.23
PHX,2019-06-28,19,31,41,31,43,77.42,77.42,74.42,13.06,11.35,2.42,14.48,2.0,1.91,1.88,17.37
PHX,2019-06-28,20,28,34,32,34,62.5,59.38,85.29,15.81,13.69,3.03,17.75,2.56,2.42,2.62,9.06
PHX,2019-06-28,21,23,24,23,24,78.26,73.91,66.67,35.57,13.22,3.97,38.74,2.17,4.14,4.92,18.0
PHX,2019-06-28,22,10,16,10,17,50.0,40.0,64.71,19.8,12.5,3.3,22.7,1.41,1.6,2.06,20.94
PHX,2019-06-28,23,12,14,12,14,58.33,58.33,57.14,16.17,12.75,2.23,17.92,1.93,3.6,1.57,14.93
PHX,2019-06-29,0,3,1,3,1,66.67,66.67,100.0,14.33,11.67,1.73,15.67,0.0,19.8,0.0,0.0
PHX,2019-06-29,1,1,0,1,1,100.0,100.0,100.0,0.0,15.0,4.5,4.0,0.0,1.1,0.0,0.0
PHX,2019-06-29,2,0,0,0,1,0.0,0.0,0.0,0.0,0.0,0.0,0.0,0.0,1.1,0.0,31.0
PHX,2019-06-29,3,0,0,1,0,100.0,100.0,0.0,0.0,10.0,0.0,0.0,0.0,0.0,0.0,0.0
PHX,2019-06-29,4,0,0,0,2,0.0,0.0,50.0,0.0,0.0,0.0,0.0,0.0,1.6,2.0,27.0
PHX,2019-06-29,5,14,2,15,1,100.0,100.0,0.0,0.2,10.93,2.69,2.2,0.0,2.1,0.0,28.0
PHX,2019-06-29,6,15,15,21,16,80.95,76.19,75.0,16.33,12.95,3.16,18.67,2.0,0.45,0.5,63.31
PHX,2019-06-29,7,24,32,29,32,96.55,89.66,93.75,1.41,14.59,4.56,3.83,1.38,1.35,0.25,7.94
PHX,2019-06-29,8,48,27,51,28,90.2,74.51,96.43,6.94,19.63,9.48,14.27,2.21,8.93,3.32,3.54
PHX,2019-06-29,9,29,38,30,39,80.0,50.0,92.31,19.6,21.4,11.02,29.67,2.05,14.88,4.41,3.9
PHX,2019-06-29,10,41,19,42,20,80.95,50.0,90.0,10.57,18.86,8.85,18.26,1.6,1.8,1.45,33.5
PHX,2019-06-29,11,20,31,20,32,60.0,55.0,93.75,39.1,10.85,1.81,39.9,2.25,2.13,1.97,5.41
PHX,2019-06-29,12,25,28,27,28,77.78,74.07,89.29,9.93,14.96,4.12,12.52,2.46,1.94,1.36,20.68
PHX,2019-06-29,13,31,22,31,23,70.97,67.74,78.26,26.65,12.65,2.5,28.26,1.26,3.25,1.35,18.26
PHX,2019-06-29,14,26,32,26,33,69.23,65.38,78.79,17.27,12.77,2.68,19.38,2.06,2.49,1.27,8.39
PHX,2019-06-29,15,27,22,28,24,53.57,50.0,83.33,36.04,12.43,2.6,38.5,2.04,1.43,5.58,15.33
PHX,2019-06-29,16,24,30,25,32,76.0,56.0,65.63,19.04,15.32,5.51,23.92,1.56,2.54,1.69,15.22
PHX,2019-06-29,17,24,22,26,24,53.85,53.85,70.83,33.5,10.58,1.11,33.81,15.04,1.42,15.67,28.25
PHX,2019-06-29,18,23,38,23,39,56.52,56.52,69.23,33.65,10.65,1.8,34.65,3.08,2.02,2.0,24.05
PHX,2019-06-29,19,27,40,26,39,65.38,57.69,56.41,18.23,10.0,1.42,19.27,2.56,2.49,5.9,48.28
PHX,2019-06-29,20,26,17,28,17,64.29,57.14,76.47,22.0,13.75,3.42,24.5,3.47,1.88,0.94,22.18
PHX,2019-06-29,21,13,19,12,19,66.67,66.67,57.89,16.67,12.08,2.25,18.17,2.16,1.69,0.63,41.32
PHX,2019-06-29,22,7,12,7,13,57.14,57.14,38.46,38.71,13.14,3.49,41.14,2.62,1.55,0.62,42.08
PHX,2019-06-29,23,10,12,9,13,66.67,66.67,76.92,53.44,11.11,1.07,53.44,2.0,3.7,4.62,20.69
PHX,2019-06-30,0,3,2,3,1,33.33,33.33,0.0,16.0,12.0,1.57,17.67,0.0,0.8,5.0,79.0
PHX,2019-06-30,1,1,0,1,2,100.0,100.0,0.0,0.0,10.0,0.0,0.0,1.0,0.9,3.0,34.5
PHX,2019-06-30,2,0,0,0,1,0.0,0.0,0.0,0.0,0.0,0.0,0.0,0.0,1.1,1.0,37.0
PHX,2019-06-30,3,0,0,2,0,100.0,100.0,0.0,0.0,13.0,3.2,3.0,0.0,0.0,0.0,0.0
PHX,2019-06-30,4,0,0,2,0,100.0,100.0,0.0,0.0,11.0,2.2,0.0,0.0,0.0,0.0,0.0
PHX,2019-06-30,5,8,0,10,2,80.0,80.0,100.0,14.2,11.7,2.23,16.2,0.0,3.9,0.0,0.0
PHX,2019-06-30,6,21,11,23,10,95.65,86.96,80.0,3.74,11.13,2.33,5.7,2.1,4.22,1.0,21.0
PHX,2019-06-30,7,25,33,25,33,88.0,88.0,87.88,5.92,12.68,2.67,7.28,2.33,1.76,1.24,11.94
PHX,2019-06-30,8,50,29,50,29,78.0,66.0,93.1,10.98,16.22,6.18,16.06,1.93,6.12,1.52,4.03
PHX,2019-06-30,9,31,33,31,33,87.1,67.74,87.88,7.23,16.06,5.96,12.19,1.61,13.98,2.85,12.67
PHX,2019-06-30,10,40,24,41,25,82.93,73.17,84.0,7.39,14.1,4.48,10.76,2.28,1.52,1.44,25.52
PHX,2019-06-30,11,18,31,17,32,70.59,76.47,93.75,34.41,10.12,1.92,35.35,2.06,2.7,1.19,4.59
PHX,2019-06-30,12,31,26,31,27,77.42,77.42,92.59,23.03,14.55,4.02,25.23,1.52,2.36,2.33,3.74
PHX,2019-06-30,13,30,25,31,26,80.65,80.65,73.08,17.55,13.97,3.7,19.94,2.96,2.42,1.23,13.46
PHX,2019-06-30,14,27,33,29,34,68.97,65.52,85.29,17.1,13.17,3.06,19.45,3.09,2.81,3.41,17.03
PHX,2019-06-30,15,30,27,30,31,70.0,63.33,74.19,24.8,16.3,6.45,30.07,3.1,2.53,2.74,16.23
PHX,2019-06-30,16,30,21,30,23,66.67,63.33,78.26,22.33,12.57,3.12,24.87,3.3,2.71,2.22,14.35
PHX,2019-06-30,17,18,26,19,29,57.89,57.89,58.62,28.84,14.0,3.48,31.11,3.21,1.43,1.79,22.79
PHX,2019-06-30,18,31,36,32,36,59.38,59.38,72.22,54.25,12.13,3.1,25.63,2.56,2.13,1.86,24.56
PHX,2019-06-30,19,20,40,18,40,66.67,66.67,70.0,17.61,13.06,3.67,20.28,2.78,4.07,1.9,19.7
PHX,2019-06-30,20,32,33,33,33,66.67,63.64,78.79,18.21,13.06,2.93,20.06,2.09,3.91,2.0,15.91
PHX,2019-06-30,21,23,25,23,26,78.26,69.57,73.08,15.17,10.04,1.19,15.87,2.27,2.85,0.69,18.23
PHX,2019-06-30,22,12,13,13,14,69.23,61.54,42.86,29.92,10.92,2.43,31.54,1.0,1.46,0.64,33.64
PHX,2019-06-30,23,10,15,10,16,60.0,60.0,56.25,38.7,11.9,1.65,39.1,1.0,2.37,0.63,32.88
PHX,2019-07-01,0,2,1,2,2,50.0,50.0,50.0,23.0,9.0,0.0,22.5,1.0,0.4,0.0,23.5
PHX,2019-07-01,1,1,0,1,1,0.0,0.0,0.0,18.0,12.0,1.5,20.0,0.0,0.1,8.0,23.0
PHX,2019-07-01,2,0,0,0,1,0.0,0.0,100.0,0.0,0.0,0.0,0.0,0.0,1.1,0.0,0.0
PHX,2019-07-01,3,0,0,1,2,0.0,0.0,100.0,17.0,12.0,1.4,18.0,0.0,1.1,0.0,5.0
PHX,2019-07-01,4,0,0,1,0,100.0,100.0,0.0,0.0,10.0,0.0,0.0,0.0,0.0,0.0,0.0
PHX,2019-07-01,5,13,0,14,0,92.86,92.86,0.0,2.71,12.43,3.61,5.0,0.0,0.0,0.0,0.0
PHX,2019-07-01,6,21,23,23,23,82.61,82.61,100.0,5.22,12.09,2.91,7.39,1.17,1.26,0.48,0.61
PHX,2019-07-01,7,30,28,30,27,86.67,83.33,70.37,8.6,14.77,5.16,11.77,1.41,13.56,10.48,18.0
PHX,2019-07-01,8,47,31,46,33,60.87,50.0,66.67,16.72,16.63,6.33,22.04,1.45,16.99,9.12,23.18
PHX,2019-07-01,9,32,43,33,43,60.61,57.58,69.77,25.73,14.52,4.63,29.61,1.4,15.2,5.07,24.81
PHX,2019-07-01,10,42,17,43,17,67.44,67.44,94.12,18.44,11.58,2.24,20.53,1.59,1.16,0.29,3.06
PHX,2019-07-01,11,18,37,18,36,94.44,94.44,75.0,7.5,10.72,2.58,8.72,2.03,1.77,2.64,12.25
PHX,2019-07-01,12,34,30,32,29,56.25,56.25,72.41,26.06,14.41,3.92,29.44,1.66,3.96,2.66,29.76
PHX,2019-07-01,13,32,27,32,27,75.0,71.88,77.78,24.97,13.31,3.34,27.63,2.56,4.85,2.33,9.48
PHX,2019-07-01,14,27,34,32,33,71.88,68.75,69.7,18.78,13.56,3.38,21.44,2.24,2.79,1.33,18.82
PHX,2019-07-01,15,31,24,33,25,60.61,60.61,84.0,22.48,12.97,3.18,25.39,1.56,2.04,1.84,6.68
PHX,2019-07-01,16,29,23,29,23,62.07,58.62,69.57,21.28,14.14,4.08,24.66,2.35,2.46,1.83,21.04
PHX,2019-07-01,17,20,20,25,22,72.0,72.0,77.27,18.0,13.28,3.02,20.08,1.91,1.14,1.59,11.0
PHX,2019-07-01,18,26,47,25,63,76.0,72.0,69.84,17.68,12.68,3.33,20.16,2.67,2.53,2.92,15.65
PHX,2019-07-01,19,31,40,35,43,65.71,60.0,69.77,14.0,13.77,4.45,17.17,4.3,1.34,3.33,19.35
PHX,2019-07-01,20,29,33,36,34,63.89,50.0,73.53,17.83,16.14,5.44,22.14,3.41,2.79,3.44,14.47
PHX,2019-07-01,21,23,23,24,23,62.5,54.17,69.57,14.88,12.88,3.72,17.83,3.09,1.67,3.17,17.35
PHX,2019-07-01,22,11,15,11,16,63.64,63.64,87.5,15.73,13.27,4.39,18.64,2.06,1.46,0.94,4.56
PHX,2019-07-01,23,10,14,10,15,90.0,90.0,73.33,4.4,11.3,0.95,5.0,3.07,1.22,0.8,11.67
PHX,2019-07-02,0,3,1,3,2,100.0,100.0,100.0,0.0,10.33,0.53,0.0,1.5,0.45,0.0,0.0
PHX,2019-07-02,1,1,0,1,0,100.0,100.0,0.0,5.0,10.0,0.0,5.0,0.0,0.0,0.0,0.0
PHX,2019-07-02,2,0,0,0,1,0.0,0.0,0.0,0.0,0.0,0.0,0.0,0.0,0.0,0.0,77.0
PHX,2019-07-02,3,0,0,1,4,100.0,100.0,75.0,9.0,7.0,0.0,4.0,0.25,2.03,3.0,7.25
PHX,2019-07-02,4,0,0,1,5,100.0,100.0,60.0,0.0,11.0,0.4,0.0,0.2,0.84,0.6,26.2
PHX,2019-07-02,5,14,0,18,2,88.89,94.44,0.0,10.61,11.56,2.84,12.39,0.0,0.55,2.0,18.5
PHX,2019-07-02,6,20,23,28,22,82.14,82.14,100.0,7.68,11.82,2.34,9.25,2.32,0.42,0.64,0.05
PHX,2019-07-02,7,29,28,40,31,85.0,80.0,87.1,5.53,14.35,4.42,8.58,0.61,1.96,0.48,6.39
PHX,2019-07-02,8,47,32,47,32,85.11,74.47,84.38,9.62,17.43,7.18,14.74,1.31,8.82,3.59,6.91
PHX,2019-07-02,9,32,41,34,41,70.59,55.88,87.8,17.03,16.82,6.79,22.97,2.22,12.5,4.15,9.34
PHX,2019-07-02,10,42,17,42,15,88.1,57.14,100.0,9.45,20.81,11.06,19.5,1.2,0.92,0.0,0.0
PHX,2019-07-02,11,18,35,18,35,94.44,88.89,91.43,2.17,12.28,3.39,4.39,1.46,1.29,1.26,3.17
PHX,2019-07-02,12,33,30,33,32,81.82,81.82,78.13,8.48,14.0,3.51,10.76,2.22,3.25,1.72,17.22
PHX,2019-07-02,13,30,27,29,28,72.41,75.86,85.71,29.31,13.14,3.26,31.66,1.64,2.67,1.18,14.21
PHX,2019-07-02,14,29,32,32,32,78.13,78.13,81.25,9.38,13.31,3.35,11.69,2.5,2.03,1.59,8.97
PHX,2019-07-02,15,30,25,31,27,74.19,70.97,92.59,7.68,13.35,3.57,10.1,1.96,1.99,1.04,3.89
PHX,2019-07-02,16,27,23,26,23,65.38,53.85,73.91,15.12,17.54,7.61,21.04,3.35,1.16,2.61,25.0
PHX,2019-07-02,17,21,20,23,25,69.57,60.87,64.0,21.91,17.04,6.47,26.91,2.76,1.87,3.92,17.32
PHX,2019-07-02,18,25,45,26,60,69.23,57.69,76.67,17.38,13.58,3.85,20.81,3.8,1.85,3.08,11.33
PHX,2019-07-02,19,29,39,34,44,58.82,50.0,81.82,20.82,13.15,4.22,24.18,3.0,3.27,2.52,8.09
PHX,2019-07-02,20,29,32,35,31,80.0,65.71,77.42,10.31,16.63,5.77,14.31,2.68,2.92,1.61,13.0
PHX,2019-07-02,21,22,23,22,22,68.18,63.64,77.27,15.82,13.09,3.9,18.82,1.82,0.78,0.18,10.77
PHX,2019-07-02,22,10,14,11,14,54.55,54.55,64.29,19.91,10.55,1.37,20.73,1.79,0.87,1.0,13.21
PHX,2019-07-02,23,9,12,9,11,55.56,44.44,54.55,46.78,12.0,1.59,47.67,3.64,2.5,2.18,30.55
PHX,2019-07-03,0,3,1,2,2,50.0,50.0,0.0,45.0,10.5,0.2,44.5,1.0,0.05,0.0,27.0
PHX,2019-07-03,1,1,0,1,1,0.0,0.0,100.0,44.0,9.0,0.0,43.0,0.0,1.1,3.0,0.0
PHX,2019-07-03,2,0,0,0,1,0.0,0.0,100.0,0.0,0.0,0.0,0.0,0.0,1.1,0.0,0.0
PHX,2019-07-03,3,0,0,1,4,0.0,0.0,50.0,29.0,12.0,1.4,30.0,0.75,0.83,2.75,13.0
PHX,2019-07-03,4,0,0,2,3,50.0,50.0,0.0,8.5,11.5,0.9,9.0,0.33,1.43,2.0,44.33
PHX,2019-07-03,5,13,0,15,3,86.67,86.67,33.33,4.2,11.33,2.84,5.73,2.67,1.1,8.33,25.67
PHX,2019-07-03,6,21,23,32,23,90.63,84.38,100.0,9.22,13.16,3.71,12.13,1.65,0.37,0.13,0.52
PHX,2019-07-03,7,29,28,37,30,81.08,78.38,100.0,5.11,15.62,5.72,9.16,1.43,2.1,0.37,1.4
PHX,2019-07-03,8,48,32,52,33,82.69,61.54,93.94,9.85,20.4,10.14,17.71,2.03,5.13,2.58,4.09
PHX,2019-07-03,9,31,41,32,44,75.0,56.25,90.91,16.38,19.59,9.58,24.5,3.36,8.97,3.55,6.39
PHX,2019-07-03,10,42,17,43,18,81.4,58.14,77.78,10.81,20.47,10.68,19.58,0.89,1.6,1.72,8.28
PHX,2019-07-03,11,18,36,18,36,83.33,77.78,88.89,13.22,13.17,4.48,16.83,1.36,0.67,0.64,9.28
PHX,2019-07-03,12,34,30,36,31,80.56,77.78,90.32,16.08,14.06,3.42,18.36,1.87,2.65,0.58,8.61
PHX,2019-07-03,13,31,26,33,29,81.82,75.76,72.41,14.52,15.76,5.49,18.85,2.14,3.41,1.38,13.55
PHX,2019-07-03,14,28,34,30,35,76.67,73.33,85.71,9.27,14.63,4.29,12.1,2.26,2.67,0.94,19.74
PHX,2019-07-03,15,30,23,31,24,74.19,70.97,87.5,17.84,11.84,2.15,18.9,1.5,1.58,1.25,5.0
PHX,2019-07-03,16,27,23,29,27,89.66,86.21,92.59,3.66,11.52,2.05,5.14,2.7,1.53,0.44,5.44
PHX,2019-07-03,17,20,20,20,24,85.0,85.0,70.83,10.25,14.3,3.67,12.4,2.17,0.61,3.04,15.5
PHX,2019-07-03,18,22,47,23,62,73.91,73.91,74.19,13.39,11.3,2.02,14.61,2.53,1.45,1.98,13.18
PHX,2019-07-03,19,31,40,37,45,70.27,62.16,75.56,13.19,11.73,2.76,15.05,2.47,3.41,1.76,19.53
PHX,2019-07-03,20,27,32,33,32,72.73,60.61,93.75,19.88,17.18,6.64,24.64,2.88,2.12,1.41,3.06
PHX,2019-07-03,21,22,23,22,23,77.27,72.73,78.26,8.59,11.55,2.46,10.36,2.65,1.4,0.61,7.7
PHX,2019-07-03,22,11,13,11,14,72.73,72.73,85.71,11.36,11.18,2.0,12.64,0.43,1.76,0.36,14.64
PHX,2019-07-03,23,9,12,9,13,100.0,100.0,76.92,0.78,11.89,1.38,1.44,1.46,2.13,0.54,18.38
PHX,2019-07-04,0,3,1,3,3,100.0,100.0,66.67,0.0,13.33,2.7,0.33,0.67,1.67,5.33,31.0
PHX,2019-07-04,1,1,0,1,0,100.0,100.0,0.0,0.0,11.0,0.5,0.0,0.0,0.0,0.0,0.0
PHX,2019-07-04,2,0,0,0,0,0.0,0.0,0.0,0.0,0.0,0.0,0.0,0.0,0.0,0.0,0.0
PHX,2019-07-04,3,0,0,0,3,0.0,0.0,66.67,0.0,0.0,0.0,0.0,3.33,0.07,1.0,8.33
PHX,2019-07-04,4,0,0,0,2,0.0,0.0,50.0,0.0,0.0,0.0,0.0,0.5,0.6,4.0,44.0
PHX,2019-07-04,5,8,0,8,1,87.5,87.5,0.0,2.5,15.13,5.1,4.25,1.0,1.1,4.0,21.0
PHX,2019-07-04,6,16,10,18,10,94.44,94.44,100.0,3.11,11.33,2.18,4.17,2.1,0.74,1.0,1.8
PHX,2019-07-04,7,18,34,20,34,95.0,90.0,100.0,1.9,16.55,6.45,6.35,0.85,1.08,0.21,0.06
PHX,2019-07-04,8,49,26,50,26,94.0,78.0,92.31,1.82,18.68,8.64,8.16,1.46,7.23,3.38,1.92
PHX,2019-07-04,9,29,37,29,38,93.1,79.31,94.74,4.48,16.76,6.57,9.17,1.74,9.51,2.61,10.76
PHX,2019-07-04,10,39,11,41,12,92.68,87.8,83.33,4.68,17.61,7.8,10.76,1.08,1.34,1.58,3.42
PHX,2019-07-04,11,14,29,14,29,100.0,100.0,93.1,1.21,11.36,2.49,2.64,0.93,0.97,0.79,15.76
PHX,2019-07-04,12,29,28,29,28,75.86,65.52,92.86,28.66,16.0,5.5,32.38,2.18,1.38,0.57,5.57
PHX,2019-07-04,13,28,24,28,24,89.29,85.71,95.83,6.14,12.18,2.36,7.32,2.33,2.37,0.63,4.96
PHX,2019-07-04,14,24,29,24,29,83.33,83.33,79.31,11.63,12.29,2.73,13.5,2.45,2.62,0.52,11.45
PHX,2019-07-04,15,25,20,25,20,80.0,80.0,95.0,12.72,11.16,1.3,13.8,0.85,2.51,0.75,1.1
PHX,2019-07-04,16,18,22,18,22,88.89,88.89,86.36,12.78,10.56,1.43,13.44,1.95,2.24,0.73,22.55
PHX,2019-07-04,17,22,18,22,18,86.36,77.27,77.78,5.45,13.09,3.2,7.64,2.89,1.11,6.56,16.33
PHX,2019-07-04,18,11,38,11,38,81.82,81.82,89.47,14.45,11.45,1.74,15.55,3.13,1.47,0.16,4.92
PHX,2019-07-04,19,25,30,24,30,91.67,91.67,50.0,1.92,10.79,1.8,2.46,1.73,1.98,2.7,49.8
PHX,2019-07-04,20,20,20,20,21,75.0,70.0,80.95,12.1,12.35,2.05,13.4,1.81,2.22,0.33,15.29
PHX,2019-07-04,21,13,13,13,13,76.92,76.92,92.31,13.62,9.85,0.85,13.92,1.85,1.82,1.31,10.31
PHX,2019-07-04,22,6,10,6,11,100.0,100.0,90.91,0.0,13.33,2.67,1.33,0.55,0.9,0.0,8.45
PHX,2019-07-04,23,9,7,9,7,100.0,100.0,85.71,0.78,11.56,1.66,0.44,0.0,0.9,0.0,12.14
PHX,2019-07-05,0,2,1,2,1,100.0,100.0,100.0,1.0,11.5,1.25,2.5,0.0,1.8,0.0,0.0
PHX,2019-07-05,1,1,0,1,0,100.0,100.0,0.0,0.0,11.0,0.5,0.0,0.0,0.0,0.0,0.0
PHX,2019-07-05,2,0,0,0,0,0.0,0.0,0.0,0.0,0.0,0.0,0.0,0.0,0.0,0.0,0.0
PHX,2019-07-05,3,0,0,0,1,0.0,0.0,100.0,0.0,0.0,0.0,0.0,0.0,0.1,0.0,2.0
PHX,2019-07-05,4,0,0,1,2,100.0,100.0,100.0,0.0,15.0,4.4,0.0,0.0,0.6,4.5,5.0
PHX,2019-07-05,5,8,0,10,3,100.0,100.0,66.67,0.5,10.6,1.74,0.2,0.0,1.77,1.33,11.67
PHX,2019-07-05,6,14,15,20,17,95.0,90.0,100.0,1.5,15.1,5.21,5.3,1.82,1.27,1.76,1.76
PHX,2019-07-05,7,32,25,39,25,84.62,79.49,96.0,10.72,13.95,4.35,13.79,0.52,1.96,0.0,2.56
PHX,2019-07-05,8,47,27,48,27,91.67,89.58,92.59,5.29,19.23,8.77,11.63,1.3,6.4,2.11,7.11
PHX,2019-07-05,9,27,38,27,39,92.59,85.19,94.87,2.37,17.11,6.78,7.48,2.03,10.72,2.36,3.9
PHX,2019-07-05,10,44,17,45,17,80.0,68.89,100.0,16.11,16.2,6.68,21.2,0.53,1.84,0.82,1.35
PHX,2019-07-05,11,18,35,18,37,88.89,83.33,83.78,4.83,11.94,3.52,7.0,3.84,1.86,4.68,14.27
PHX,2019-07-05,12,31,30,34,34,82.35,76.47,88.24,10.03,16.79,6.24,14.62,1.18,1.68,1.68,16.94
PHX,2019-07-05,13,30,24,32,24,87.5,81.25,87.5,6.97,15.0,5.11,11.03,1.38,3.07,0.75,13.71
PHX,2019-07-05,14,26,32,26,32,88.46,84.62,93.75,9.27,12.92,3.2,11.46,2.06,3.42,1.22,5.88
PHX,2019-07-05,15,25,24,25,24,96.0,92.0,75.0,1.92,11.4,1.7,3.04,1.54,1.78,4.96,31.58
PHX,2019-07-05,16,27,22,26,23,84.62,84.62,91.3,8.38,11.69,1.92,9.62,2.17,1.48,0.96,2.87
PHX,2019-07-05,17,19,20,22,21,81.82,81.82,71.43,15.68,12.05,1.65,16.09,1.95,1.45,4.48,17.52
PHX,2019-07-05,18,22,42,23,55,86.96,78.26,72.73,7.26,11.57,2.41,9.35,2.75,1.42,1.56,10.91
PHX,2019-07-05,19,27,36,30,39,80.0,73.33,79.49,8.0,12.5,3.1,9.5,2.51,2.64,4.51,12.67
PHX,2019-07-05,20,28,28,34,29,82.35,76.47,75.86,8.18,14.5,3.94,10.65,2.21,2.36,2.03,21.66
PHX,2019-07-05,21,18,22,18,22,61.11,61.11,81.82,16.78,10.67,1.61,17.78,2.18,2.07,5.23,11.32
PHX,2019-07-05,22,8,9,9,11,77.78,77.78,81.82,5.78,13.0,3.06,7.22,5.73,1.8,0.64,18.73
PHX,2019-07-05,23,10,8,10,9,90.0,90.0,55.56,14.9,14.2,3.56,17.1,1.67,4.0,7.11,35.56
PHX,2019-07-06,0,3,1,3,2,100.0,100.0,50.0,3.0,12.67,2.03,4.33,0.0,1.95,3.0,12.5
PHX,2019-07-06,1,1,0,1,1,100.0,100.0,100.0,0.0,15.0,4.5,4.0,0.0,1.1,0.0,0.0
PHX,2019-07-06,2,0,0,0,1,0.0,0.0,100.0,0.0,0.0,0.0,0.0,0.0,1.1,0.0,0.0
PHX,2019-07-06,3,0,0,1,0,100.0,100.0,0.0,0.0,22.0,11.4,11.0,0.0,0.0,0.0,0.0
PHX,2019-07-06,4,0,0,0,2,0.0,0.0,50.0,0.0,0.0,0.0,0.0,0.0,1.1,2.0,14.0
PHX,2019-07-06,5,14,2,16,1,93.75,81.25,0.0,2.94,13.81,5.2,6.81,0.0,2.1,11.0,17.0
PHX,2019-07-06,6,14,15,23,15,86.96,86.96,100.0,2.65,12.65,2.75,4.35,1.0,1.55,0.2,1.07
PHX,2019-07-06,7,24,32,27,33,96.3,92.59,96.97,1.33,14.37,4.69,4.93,1.7,2.72,1.36,3.45
PHX,2019-07-06,8,49,27,50,27,92.0,76.0,96.3,4.52,16.66,6.68,9.34,1.93,6.22,2.3,1.78
PHX,2019-07-06,9,28,39,30,40,86.67,83.33,90.0,19.43,16.3,6.11,24.0,1.25,14.69,4.47,4.0
PHX,2019-07-06,10,41,17,41,17,95.12,90.24,94.12,2.61,14.17,4.35,5.59,1.59,0.94,0.88,4.94
PHX,2019-07-06,11,19,31,19,31,89.47,89.47,90.32,19.95,11.84,2.69,21.95,1.39,2.29,0.84,4.35
PHX,2019-07-06,12,26,30,27,30,77.78,74.07,93.33,19.04,14.22,3.58,21.81,1.6,1.7,0.13,5.07
PHX,2019-07-06,13,30,21,32,22,100.0,96.88,86.36,0.69,12.25,2.32,1.84,1.82,2.22,0.82,3.64
PHX,2019-07-06,14,25,33,26,34,84.62,80.77,76.47,10.5,13.04,3.3,12.42,1.47,2.3,0.76,33.03
PHX,2019-07-06,15,27,22,27,25,77.78,74.07,72.0,16.41,12.19,2.34,18.19,1.92,1.29,8.56,15.64
PHX,2019-07-06,16,26,30,27,29,62.96,59.26,89.66,17.07,11.89,2.11,18.41,2.41,2.0,1.17,4.59
PHX,2019-07-06,17,25,21,27,23,81.48,77.78,78.26,14.44,10.04,0.63,14.56,1.7,1.81,4.87,16.3
PHX,2019-07-06,18,24,37,26,38,57.69,61.54,73.68,31.04,10.77,1.73,31.92,2.34,3.35,6.11,19.05
PHX,2019-07-06,19,27,43,24,41,54.17,54.17,68.29,30.29,9.38,0.95,30.67,2.02,1.64,1.83,53.46
PHX,2019-07-06,20,26,17,26,16,50.0,50.0,75.0,31.92,13.62,3.09,34.35,2.19,2.52,4.06,21.63
PHX,2019-07-06,21,12,19,12,18,66.67,66.67,83.33,28.17,11.5,1.91,28.0,2.39,1.47,0.78,18.22
PHX,2019-07-06,22,7,13,7,14,42.86,42.86,42.86,46.71,11.14,2.07,48.43,0.64,2.53,0.07,70.43
PHX,2019-07-06,23,10,12,8,11,62.5,62.5,63.64,56.25,10.88,0.59,56.5,0.82,3.37,0.0,34.82
PHX,2019-07-07,0,3,1,3,2,0.0,0.0,0.0,73.67,18.0,8.2,81.0,0.0,0.0,1.5,42.5
PHX,2019-07-07,1,1,0,1,1,0.0,0.0,100.0,72.0,10.0,0.0,72.0,0.0,0.0,0.0,0.0
PHX,2019-07-07,2,0,0,0,1,0.0,0.0,0.0,0.0,0.0,0.0,0.0,0.0,1.1,0.0,31.0
PHX,2019-07-07,3,0,0,2,0,50.0,50.0,0.0,8.5,9.5,1.2,9.5,0.0,0.0,0.0,0.0
PHX,2019-07-07,4,0,0,2,0,50.0,50.0,0.0,11.5,12.5,4.7,13.0,0.0,0.0,0.0,0.0
PHX,2019-07-07,5,8,0,9,2,100.0,88.89,100.0,0.11,17.11,7.11,5.11,2.5,0.4,0.0,0.0
PHX,2019-07-07,6,22,11,22,10,90.91,90.91,90.0,10.23,13.36,3.99,11.73,3.3,0.55,0.7,17.9
PHX,2019-07-07,7,25,37,25,35,92.0,88.0,91.43,4.52,15.48,5.34,7.24,1.6,0.64,0.49,15.91
PHX,2019-07-07,8,51,28,52,29,75.0,61.54,89.66,16.21,18.02,7.79,22.42,1.93,6.57,2.55,4.41
PHX,2019-07-07,9,32,32,31,30,96.77,83.87,86.67,6.74,16.39,5.93,11.03,1.9,13.4,3.6,5.1
PHX,2019-07-07,10,39,24,39,24,76.92,69.23,100.0,11.67,15.23,5.51,16.05,0.96,0.43,0.42,0.88
PHX,2019-07-07,11,20,32,20,31,75.0,70.0,83.87,12.4,12.75,3.67,15.2,2.1,0.73,2.0,17.16
PHX,2019-07-07,12,28,27,28,29,71.43,71.43,72.41,18.54,14.64,4.19,20.93,1.69,1.79,2.21,10.62
PHX,2019-07-07,13,32,23,34,25,82.35,79.41,84.0,9.76,13.09,3.13,11.85,2.28,2.09,1.24,13.32
PHX,2019-07-07,14,28,32,28,32,85.71,75.0,75.0,11.57,12.25,2.03,12.61,2.47,1.35,1.28,14.19
PHX,2019-07-07,15,29,29,29,34,55.17,55.17,82.35,30.66,12.62,3.11,33.14,2.18,2.41,1.79,14.12
PHX,2019-07-07,16,31,22,31,25,61.29,61.29,96.0,19.87,13.23,3.55,22.74,4.08,1.69,1.64,11.24
PHX,2019-07-07,17,18,27,23,29,86.96,86.96,68.97,7.91,13.3,2.96,9.61,2.72,1.12,0.9,26.28
PHX,2019-07-07,18,30,35,30,37,56.67,56.67,67.57,25.87,11.87,3.01,27.9,3.51,1.44,1.7,18.92
PHX,2019-07-07,19,21,44,20,45,75.0,65.0,68.89,10.55,14.1,4.22,13.8,3.07,3.18,4.29,16.71
PHX,2019-07-07,20,33,32,34,32,67.65,61.76,71.88,13.09,16.5,6.12,17.65,2.5,2.3,1.06,12.38
PHX,2019-07-07,21,21,26,22,27,59.09,45.45,77.78,17.55,11.14,2.06,19.05,2.7,1.68,1.22,9.33
PHX,2019-07-07,22,14,13,15,14,73.33,66.67,57.14,14.0,12.13,3.06,15.73,3.0,1.36,7.86,29.21
PHX,2019-07-07,23,12,16,12,16,83.33,75.0,56.25,9.67,12.67,2.49,11.33,1.63,1.13,1.13,26.0
PHX,2019-07-08,0,2,0,2,1,100.0,100.0,0.0,0.0,9.5,0.0,0.0,2.0,0.0,0.0,29.0
PHX,2019-07-08,1,1,0,1,1,100.0,100.0,100.0,2.0,10.0,0.0,2.0,0.0,1.1,0.0,0.0
PHX,2019-07-08,2,0,0,0,1,0.0,0.0,0.0,0.0,0.0,0.0,0.0,2.0,1.1,5.0,31.0
PHX,2019-07-08,3,0,0,2,1,100.0,100.0,100.0,0.0,16.0,5.7,5.5,0.0,1.1,0.0,0.0
PHX,2019-07-08,4,0,0,1,1,0.0,0.0,100.0,26.0,11.0,0.4,26.0,0.0,1.1,0.0,0.0
PHX,2019-07-08,5,13,0,15,0,73.33,73.33,0.0,19.27,12.27,3.36,21.4,0.0,0.0,0.0,0.0
PHX,2019-07-08,6,22,23,25,23,96.0,96.0,91.3,1.52,12.52,3.2,3.88,1.57,0.87,2.0,4.04
PHX,2019-07-08,7,30,33,30,33,80.0,76.67,90.91,12.5,14.6,4.91,15.7,1.03,2.17,2.21,24.42
PHX,2019-07-08,8,48,30,48,32,81.25,68.75,68.75,12.83,19.52,9.18,20.08,1.91,6.88,5.66,12.72
PHX,2019-07-08,9,34,42,36,43,80.56,66.67,83.72,11.14,16.39,6.17,16.5,3.42,13.23,7.84,10.14
PHX,2019-07-08,10,41,16,42,17,61.9,57.14,76.47,22.5,15.45,5.79,27.79,2.41,0.31,2.12,11.59
PHX,2019-07-08,11,20,38,22,38,77.27,77.27,78.95,10.59,13.32,4.12,13.59,2.32,0.99,1.5,9.89
PHX,2019-07-08,12,32,30,30,33,73.33,66.67,75.76,15.23,15.03,4.51,18.3,3.58,1.17,2.91,14.79
PHX,2019-07-08,13,32,25,32,24,78.13,71.88,79.17,9.69,14.22,4.07,13.0,2.38,2.33,2.67,10.29
PHX,2019-07-08,14,28,34,32,34,78.13,65.63,76.47,13.5,14.59,4.31,16.84,2.03,2.81,0.97,7.53
PHX,2019-07-08,15,30,25,30,26,80.0,76.67,84.62,16.4,14.9,5.05,20.3,1.73,2.86,2.23,5.54
PHX,2019-07-08,16,30,24,35,24,85.71,82.86,87.5,12.09,13.6,3.7,14.83,2.0,2.34,1.04,8.42
PHX,2019-07-08,17,20,21,22,24,68.18,63.64,79.17,18.64,15.23,5.05,22.64,2.75,1.94,2.0,11.63
PHX,2019-07-08,18,25,46,26,61,69.23,69.23,59.02,15.69,10.92,1.66,16.65,2.02,2.4,1.72,17.7
PHX,2019-07-08,19,32,44,36,45,69.44,69.44,64.44,24.0,11.11,2.23,25.28,1.58,2.87,2.24,24.4
PHX,2019-07-08,20,30,32,37,32,59.46,51.35,68.75,20.86,16.0,5.25,24.92,2.25,2.84,1.06,17.0
PHX,2019-07-08,21,21,24,21,24,66.67,66.67,79.17,18.67,10.38,1.4,19.86,1.96,3.07,1.71,14.58
PHX,2019-07-08,22,13,16,13,17,76.92,76.92,58.82,12.92,10.54,1.28,13.85,0.65,5.1,2.53,28.35
PHX,2019-07-08,23,12,14,12,15,83.33,83.33,53.33,11.0,13.67,2.74,12.17,0.67,0.51,0.07,16.93
PHX,2019-07-09,0,3,0,4,0,100.0,100.0,0.0,0.75,12.0,1.4,1.25,0.0,0.0,0.0,0.0
PHX,2019-07-09,1,1,0,1,1,100.0,100.0,100.0,0.0,13.0,2.5,1.0,0.0,1.1,1.0,0.0
PHX,2019-07-09,2,0,0,0,1,0.0,0.0,100.0,0.0,0.0,0.0,0.0,0.0,1.1,0.0,4.0
PHX,2019-07-09,3,0,0,1,2,100.0,100.0,0.0,0.0,10.0,0.0,0.0,0.0,1.1,0.0,24.0
PHX,2019-07-09,4,0,0,1,5,0.0,0.0,40.0,34.0,12.0,1.4,35.0,0.0,1.08,7.4,18.0
PHX,2019-07-09,5,14,0,16,3,81.25,75.0,33.33,10.56,14.81,5.74,14.81,2.0,0.73,4.67,26.67
PHX,2019-07-09,6,21,23,30,23,73.33,73.33,95.65,12.2,13.3,3.85,14.67,2.3,1.41,2.26,3.0
PHX,2019-07-09,7,29,33,39,35,87.18,87.18,97.14,5.72,15.9,6.04,9.85,0.86,1.77,1.77,8.0
PHX,2019-07-09,8,49,30,51,31,82.35,70.59,83.87,9.76,18.86,8.53,16.51,1.94,2.92,1.42,8.71
PHX,2019-07-09,9,33,40,36,40,80.56,66.67,92.5,8.06,19.5,9.13,15.89,2.1,11.46,3.8,5.72
PHX,2019-07-09,10,40,16,41,17,82.93,73.17,82.35,11.0,17.0,7.48,16.68,0.94,0.98,1.59,7.24
PHX,2019-07-09,11,20,37,21,38,80.95,76.19,94.74,6.76,12.62,3.35,9.48,1.26,1.17,0.95,4.42
PHX,2019-07-09,12,32,31,32,33,87.5,87.5,81.82,12.03,12.66,2.55,13.59,1.79,2.15,0.88,7.36
PHX,2019-07-09,13,32,26,33,26,90.91,81.82,88.46,4.15,15.64,5.35,8.12,1.5,2.07,0.46,5.88
PHX,2019-07-09,14,29,32,29,32,86.21,86.21,81.25,8.86,11.48,1.51,9.48,2.19,2.56,0.81,6.97
PHX,2019-07-09,15,30,26,30,29,66.67,66.67,72.41,18.37,12.03,2.28,19.63,1.34,3.29,1.9,15.97
PHX,2019-07-09,16,27,24,31,27,77.42,77.42,88.89,14.1,13.39,3.79,16.52,1.26,1.16,0.67,7.7
PHX,2019-07-09,17,21,21,23,26,73.91,73.91,69.23,10.57,13.04,2.62,12.0,1.31,0.8,2.62,15.35
PHX,2019-07-09,18,24,44,24,61,83.33,75.0,70.49,10.58,11.46,2.51,12.58,2.31,1.66,1.98,13.92
PHX,2019-07-09,19,30,42,35,46,65.71,65.71,82.61,14.54,12.06,2.77,16.26,1.35,2.8,1.02,10.15
PHX,2019-07-09,20,29,32,37,32,75.68,67.57,71.88,9.3,15.38,4.71,12.27,1.63,2.08,0.56,14.47
PHX,2019-07-09,21,21,24,21,26,57.14,57.14,84.62,16.62,10.57,1.67,17.38,2.15,1.9,0.04,8.42
PHX,2019-07-09,22,13,15,13,16,69.23,61.54,87.5,10.38,12.0,2.55,11.85,0.69,2.14,0.13,5.81
PHX,2019-07-09,23,10,13,10,14,90.0,80.0,64.29,4.1,11.9,1.43,5.2,1.57,1.87,1.21,16.86
PHX,2019-07-10,0,3,0,3,0,66.67,33.33,0.0,36.33,17.0,6.53,42.0,0.0,0.0,0.0,0.0
PHX,2019-07-10,1,1,0,1,1,100.0,100.0,100.0,0.0,10.0,0.0,0.0,0.0,1.1,0.0,0.0
PHX,2019-07-10,2,0,0,0,1,0.0,0.0,0.0,0.0,0.0,0.0,0.0,0.0,1.1,1.0,34.0
PHX,2019-07-10,3,0,0,1,2,100.0,100.0,100.0,0.0,10.0,0.0,0.0,0.0,0.6,0.0,11.5
PHX,2019-07-10,4,0,0,1,5,100.0,100.0,80.0,0.0,12.0,1.4,0.0,0.8,1.06,2.8,45.2
PHX,2019-07-10,5,13,0,16,4,75.0,75.0,25.0,6.13,11.56,2.97,7.75,2.5,1.85,6.25,25.5
PHX,2019-07-10,6,22,23,35,23,94.29,91.43,95.65,3.09,13.8,3.89,5.63,1.52,1.86,1.3,3.78
PHX,2019-07-10,7,30,31,38,34,76.32,71.05,94.12,16.58,15.68,5.7,21.03,1.38,1.43,1.41,3.03
PHX,2019-07-10,8,48,29,52,29,86.54,67.31,93.1,9.81,20.77,10.4,18.12,1.24,3.74,1.93,3.79
PHX,2019-07-10,9,33,42,33,42,87.88,57.58,83.33,4.88,20.3,9.99,13.21,2.14,9.88,3.38,7.02
PHX,2019-07-10,10,41,16,40,19,80.0,75.0,78.95,11.63,16.45,6.81,16.83,1.89,2.09,3.16,17.74
PHX,2019-07-10,11,20,38,21,38,90.48,90.48,78.95,6.43,9.67,1.02,6.19,2.13,1.92,1.95,14.26
PHX,2019-07-10,12,33,30,35,30,77.14,77.14,96.67,23.4,13.34,3.0,25.23,1.8,2.1,0.37,7.5
PHX,2019-07-10,13,32,25,33,27,93.94,90.91,92.59,3.61,14.82,4.49,6.76,1.7,2.02,1.04,3.22
PHX,2019-07-10,14,28,34,31,34,83.87,83.87,88.24,8.68,12.68,2.62,10.39,1.53,2.28,1.0,9.06
PHX,2019-07-10,15,30,25,32,29,78.13,71.88,86.21,7.44,13.31,3.53,10.06,1.76,1.68,0.31,23.76
PHX,2019-07-10,16,30,24,32,27,87.5,84.38,81.48,11.5,12.47,2.69,12.75,1.74,2.38,2.89,13.85
PHX,2019-07-10,17,19,21,24,25,83.33,83.33,64.0,10.92,11.79,1.75,11.54,2.6,0.81,3.12,14.4
PHX,2019-07-10,18,25,46,25,62,76.0,76.0,80.65,13.2,13.32,4.24,16.12,2.71,1.55,1.31,10.77
PHX,2019-07-10,19,32,44,37,49,72.97,75.68,77.55,18.49,11.41,2.54,19.81,2.67,1.72,1.76,20.14
PHX,2019-07-10,20,28,30,33,30,63.64,54.55,86.67,29.42,14.03,3.57,31.88,2.03,1.47,2.07,6.87
PHX,2019-07-10,21,21,23,22,23,77.27,72.73,82.61,9.77,12.64,3.49,13.05,2.91,2.54,1.0,13.22
PHX,2019-07-10,22,13,15,13,15,69.23,69.23,66.67,8.23,11.62,2.45,9.54,1.8,2.35,1.27,21.6
PHX,2019-07-10,23,11,14,11,15,90.91,90.91,73.33,3.55,10.73,0.57,3.64,1.33,3.41,1.53,10.27
PHX,2019-07-11,0,3,0,3,1,100.0,100.0,0.0,2.33,10.67,0.83,2.0,0.0,2.1,5.0,19.0
PHX,2019-07-11,1,1,0,2,0,100.0,100.0,0.0,0.0,14.5,3.95,3.0,0.0,0.0,0.0,0.0
PHX,2019-07-11,2,0,0,0,1,0.0,0.0,0.0,0.0,0.0,0.0,0.0,7.0,1.1,12.0,36.0
PHX,2019-07-11,3,0,0,0,5,0.0,0.0,60.0,0.0,0.0,0.0,0.0,0.4,0.68,0.8,13.0
PHX,2019-07-11,4,0,0,1,3,100.0,100.0,33.33,0.0,15.0,4.4,0.0,1.67,1.1,4.33,31.0
PHX,2019-07-11,5,14,0,18,3,77.78,72.22,33.33,7.67,13.22,4.13,10.33,1.67,1.4,5.0,24.33
PHX,2019-07-11,6,21,23,30,24,93.33,93.33,95.83,2.77,14.57,4.74,5.63,2.58,0.78,1.79,3.83
PHX,2019-07-11,7,28,32,35,33,91.43,82.86,87.88,3.46,16.8,7.07,8.91,4.76,3.32,3.21,19.64
PHX,2019-07-11,8,50,30,54,32,83.33,66.67,78.13,7.94,20.44,9.97,16.39,2.41,8.65,3.59,8.53
PHX,2019-07-11,9,33,40,34,40,79.41,64.71,87.5,11.47,18.38,8.06,18.29,2.1,12.75,4.1,7.28
PHX,2019-07-11,10,41,16,41,16,80.49,60.98,93.75,15.68,19.02,9.38,23.73,1.0,1.94,1.88,3.06
PHX,2019-07-11,11,20,37,22,39,86.36,81.82,92.31,16.09,12.27,3.12,18.41,2.18,1.96,2.72,6.49
PHX,2019-07-11,12,32,31,33,32,84.85,84.85,81.25,13.52,14.61,4.26,16.76,2.22,2.56,2.88,8.31
PHX,2019-07-11,13,32,26,34,25,76.47,73.53,80.0,14.97,14.71,4.25,18.03,2.48,1.15,0.84,10.4
PHX,2019-07-11,14,29,33,28,38,75.0,75.0,65.79,15.36,13.25,3.37,18.29,2.92,1.82,1.95,16.05
PHX,2019-07-11,15,30,25,31,28,64.52,54.84,82.14,32.65,15.68,5.68,37.39,2.39,1.82,2.25,9.86
PHX,2019-07-11,16,28,24,33,26,78.79,63.64,61.54,15.15,14.61,4.57,19.15,3.0,1.47,2.81,26.27
PHX,2019-07-11,17,20,21,22,21,77.27,72.73,71.43,15.09,12.82,2.34,16.68,3.48,1.14,2.48,14.71
PHX,2019-07-11,18,25,44,24,57,75.0,66.67,64.91,18.58,13.25,3.83,21.92,3.67,1.94,5.56,27.95
PHX,2019-07-11,19,30,44,35,48,71.43,60.0,54.17,11.63,11.34,2.08,12.69,1.98,2.01,1.35,37.29
PHX,2019-07-11,20,30,32,36,31,63.89,63.89,54.84,19.56,13.47,2.81,21.64,3.16,2.35,4.9,21.16
PHX,2019-07-11,21,21,24,20,24,75.0,75.0,75.0,14.75,11.5,2.57,16.55,3.25,1.95,0.63,24.08
PHX,2019-07-11,22,13,16,12,18,58.33,50.0,55.56,17.25,11.83,2.51,19.25,1.94,2.11,4.28,49.28
PHX,2019-07-11,23,12,13,12,12,58.33,58.33,58.33,18.58,17.17,6.34,23.5,2.42,2.7,1.92,30.33
PHX,2019-07-12,0,2,0,2,1,50.0,50.0,100.0,11.0,10.5,0.2,11.0,0.0,0.0,0.0,4.0
PHX,2019-07-12,1,1,0,1,1,100.0,100.0,100.0,0.0,14.0,3.5,0.0,0.0,1.1,0.0,0.0
PHX,2019-07-12,2,0,0,0,1,0.0,0.0,0.0,0.0,0.0,0.0,0.0,0.0,1.1,0.0,22.0
PHX,2019-07-12,3,0,0,1,3,100.0,100.0,33.33,0.0,10.0,0.0,0.0,0.0,1.4,8.67,20.33
PHX,2019-07-12,4,0,0,1,4,100.0,100.0,100.0,5.0,10.0,0.0,4.0,2.25,1.6,4.0,6.0
PHX,2019-07-12,5,13,0,15,3,93.33,86.67,33.33,1.93,13.13,4.48,4.13,1.67,1.37,4.0,16.67
PHX,2019-07-12,6,22,23,34,25,97.06,94.12,88.0,1.44,12.68,3.18,3.09,1.72,0.47,1.4,43.0
PHX,2019-07-12,7,30,34,35,36,88.57,82.86,83.33,5.2,16.2,6.31,10.0,1.14,2.31,1.89,17.06
PHX,2019-07-12,8,50,30,52,29,82.69,67.31,79.31,7.88,20.67,10.25,15.77,1.66,7.55,3.93,9.66
PHX,2019-07-12,9,33,41,34,42,85.29,47.06,83.33,10.5,21.47,11.11,20.56,2.6,10.96,3.36,4.86
PHX,2019-07-12,10,42,16,44,16,79.55,59.09,87.5,13.43,16.91,7.19,19.86,1.5,1.3,2.06,5.63
PHX,2019-07-12,11,20,39,21,38,76.19,76.19,92.11,8.71,13.0,3.62,10.86,1.89,1.98,1.47,5.89
PHX,2019-07-12,12,33,33,34,32,79.41,76.47,81.25,14.26,14.97,4.46,17.32,2.75,1.24,1.34,8.44
PHX,2019-07-12,13,34,25,33,26,78.79,66.67,76.92,20.94,16.3,6.13,25.67,2.81,2.63,0.73,5.77
PHX,2019-07-12,14,28,34,29,34,62.07,65.52,79.41,15.9,12.41,2.26,17.59,2.59,3.63,2.18,10.44
PHX,2019-07-12,15,31,25,30,29,73.33,70.0,82.76,13.83,12.7,3.12,16.1,2.69,2.51,2.41,32.93
PHX,2019-07-12,16,30,24,30,25,76.67,73.33,84.0,13.63,15.2,5.18,17.9,2.6,2.01,0.8,8.36
PHX,2019-07-12,17,20,21,22,21,72.73,68.18,90.48,16.77,13.55,3.19,18.73,1.81,2.27,1.57,7.05
PHX,2019-07-12,18,25,45,27,57,70.37,66.67,68.42,10.59,9.78,0.81,10.52,3.4,1.58,2.47,13.4
PHX,2019-07-12,19,32,44,35,47,60.0,60.0,76.6,35.29,12.03,2.91,37.51,2.57,2.89,1.77,15.32
PHX,2019-07-12,20,29,32,34,32,67.65,61.76,62.5,17.97,13.85,3.2,20.18,2.16,3.27,1.47,10.88
PHX,2019-07-12,21,21,25,21,25,66.67,66.67,76.0,14.95,12.38,3.4,17.86,2.88,1.47,0.32,16.68
PHX,2019-07-12,22,12,16,12,17,83.33,66.67,64.71,8.17,15.5,5.71,12.92,1.0,2.36,0.35,16.0
PHX,2019-07-12,23,12,14,11,14,90.91,90.91,64.29,7.45,14.91,3.85,9.64,0.86,1.48,0.43,15.64
PHX,2019-07-13,0,3,0,3,1,100.0,100.0,100.0,0.0,12.67,2.03,0.67,0.0,0.0,0.0,2.0
PHX,2019-07-13,1,1,0,1,1,100.0,100.0,100.0,0.0,14.0,3.5,1.0,0.0,1.1,1.0,0.0
PHX,2019-07-13,2,0,0,0,1,0.0,0.0,0.0,0.0,0.0,0.0,0.0,1.0,1.1,3.0,67.0
PHX,2019-07-13,3,0,0,1,0,100.0,100.0,0.0,0.0,10.0,0.0,0.0,0.0,0.0,0.0,0.0
PHX,2019-07-13,4,0,0,0,2,0.0,0.0,100.0,0.0,0.0,0.0,0.0,0.0,1.6,0.0,7.0
PHX,2019-07-13,5,14,2,15,1,93.33,93.33,100.0,10.53,12.13,3.58,12.47,2.0,3.1,0.0,5.0
PHX,2019-07-13,6,15,15,22,14,95.45,95.45,92.86,0.82,13.05,3.23,2.95,0.86,1.06,0.29,18.36
PHX,2019-07-13,7,24,33,28,34,96.43,92.86,91.18,9.07,14.14,4.14,11.61,1.12,1.59,0.44,18.26
PHX,2019-07-13,8,49,27,50,28,96.0,70.0,96.43,2.68,21.32,11.18,11.44,1.25,8.38,2.82,2.14
PHX,2019-07-13,9,29,37,30,36,90.0,66.67,94.44,4.37,19.63,9.02,11.53,1.75,10.0,1.42,1.44
PHX,2019-07-13,10,39,16,37,17,89.19,83.78,88.24,3.22,13.35,3.71,5.68,2.0,1.97,2.41,3.41
PHX,2019-07-13,11,19,32,20,32,85.0,85.0,90.63,6.35,9.3,0.91,6.3,1.97,2.54,0.69,14.94
PHX,2019-07-13,12,27,30,27,29,85.19,85.19,86.21,9.22,12.78,2.3,10.22,2.1,1.69,1.31,4.17
PHX,2019-07-13,13,28,20,29,20,79.31,79.31,90.0,12.83,11.03,1.28,13.34,1.85,3.74,1.75,10.6
PHX,2019-07-13,14,27,34,27,34,85.19,85.19,79.41,7.7,13.0,2.61,9.67,1.44,2.21,0.68,15.94
PHX,2019-07-13,15,29,21,28,23,78.57,78.57,82.61,16.64,13.64,3.48,18.68,2.26,2.88,1.7,13.26
PHX,2019-07-13,16,25,30,25,31,80.0,72.0,87.1,51.56,13.08,2.99,53.6,2.0,1.09,0.87,10.48
PHX,2019-07-13,17,21,22,22,26,72.73,72.73,84.62,10.82,12.27,3.09,13.68,2.96,1.75,1.85,4.19
PHX,2019-07-13,18,24,39,25,39,84.0,84.0,87.18,6.72,13.08,3.22,9.2,3.1,2.29,0.72,8.62
PHX,2019-07-13,19,28,43,26,44,80.77,80.77,72.73,10.38,10.92,1.99,11.65,2.93,3.29,1.86,17.48
PHX,2019-07-13,20,27,17,28,16,82.14,78.57,68.75,6.36,15.18,4.45,9.29,1.94,1.52,0.0,10.56
PHX,2019-07-13,21,12,18,12,18,83.33,83.33,83.33,4.58,11.0,1.66,6.0,2.94,1.16,0.0,10.28
PHX,2019-07-13,22,8,12,9,13,100.0,77.78,100.0,3.11,12.89,2.66,4.67,0.69,0.64,0.0,1.62
PHX,2019-07-13,23,9,12,9,12,100.0,77.78,66.67,3.0,11.56,1.3,3.78,1.33,0.82,0.0,28.58
PHX,2019-07-14,0,3,1,3,0,100.0,100.0,0.0,0.0,14.0,3.9,0.33,0.0,0.0,0.0,0.0
PHX,2019-07-14,1,1,0,1,1,0.0,0.0,100.0,73.0,10.0,0.0,73.0,0.0,0.0,0.0,2.0
PHX,2019-07-14,2,0,0,0,1,0.0,0.0,0.0,0.0,0.0,0.0,0.0,1.0,1.1,4.0,56.0
PHX,2019-07-14,3,0,0,2,0,100.0,100.0,0.0,0.0,7.5,0.0,0.0,0.0,0.0,0.0,0.0
PHX,2019-07-14,4,0,0,2,0,100.0,100.0,0.0,0.0,7.5,0.2,0.0,0.0,0.0,0.0,0.0
PHX,2019-07-14,5,8,0,9,2,88.89,88.89,100.0,16.67,12.44,2.44,17.44,0.0,7.3,2.5,2.5
PHX,2019-07-14,6,22,11,22,11,95.45,95.45,100.0,1.55,12.5,3.3,3.05,2.18,0.19,0.0,0.09
PHX,2019-07-14,7,25,36,25,37,88.0,80.0,100.0,12.8,14.6,4.7,15.52,1.46,1.89,0.51,0.86
PHX,2019-07-14,8,51,27,50,27,98.0,80.0,81.48,1.1,17.9,7.77,6.8,2.33,10.19,3.37,25.37
PHX,2019-07-14,9,32,35,34,33,88.24,76.47,81.82,6.91,17.21,6.94,11.5,1.21,15.99,4.73,19.27
PHX,2019-07-14,10,40,23,39,25,74.36,74.36,96.0,13.05,12.13,2.63,14.64,2.2,2.16,0.84,9.12
PHX,2019-07-14,11,20,32,21,33,66.67,71.43,96.97,13.76,11.76,2.72,14.95,2.03,2.39,0.97,1.58
PHX,2019-07-14,12,27,27,29,26,93.1,93.1,92.31,4.14,13.83,3.23,5.38,1.12,3.02,1.77,2.88
PHX,2019-07-14,13,32,24,34,25,94.12,91.18,84.0,2.47,13.32,3.24,4.15,1.96,2.75,1.48,8.2
PHX,2019-07-14,14,29,32,29,32,79.31,79.31,81.25,13.34,13.79,3.62,15.52,2.25,1.47,1.19,9.88
PHX,2019-07-14,15,30,29,29,33,79.31,79.31,78.79,10.9,14.24,4.3,14.1,2.39,1.63,1.06,13.03
PHX,2019-07-14,16,31,22,31,25,74.19,74.19,84.0,11.26,11.9,2.36,13.23,3.0,1.94,2.68,5.08
PHX,2019-07-14,17,18,27,20,29,75.0,75.0,89.66,7.5,14.35,3.57,9.65,3.03,1.14,1.83,10.14
PHX,2019-07-14,18,30,35,30,33,93.33,93.33,87.88,8.17,11.3,2.53,10.23,3.76,1.37,1.0,17.06
PHX,2019-07-14,19,21,44,20,46,75.0,70.0,67.39,5.5,13.85,4.29,8.4,1.33,2.76,3.93,13.8
PHX,2019-07-14,20,33,32,35,33,77.14,68.57,78.79,7.4,14.26,3.74,9.86,1.36,2.38,0.52,11.85
PHX,2019-07-14,21,21,26,21,27,80.95,80.95,88.89,5.95,10.76,1.93,6.67,2.26,1.75,0.41,5.19
PHX,2019-07-14,22,13,14,14,14,78.57,78.57,85.71,8.57,12.07,2.71,10.93,1.71,1.69,0.0,6.64
PHX,2019-07-14,23,12,15,12,15,83.33,83.33,80.0,9.33,11.42,1.21,9.83,1.53,1.07,0.0,19.87
PHX,2019-07-15,0,2,0,1,1,0.0,0.0,100.0,20.0,9.0,0.0,18.0,2.0,2.7,0.0,0.0
PHX,2019-07-15,1,1,0,1,2,100.0,100.0,100.0,0.0,13.0,2.5,0.0,0.0,1.1,2.0,5.0
PHX,2019-07-15,2,0,0,0,1,0.0,0.0,0.0,0.0,0.0,0.0,0.0,0.0,1.1,3.0,41.0
PHX,2019-07-15,3,0,0,1,1,100.0,100.0,100.0,0.0,10.0,0.0,0.0,7.0,1.1,10.0,4.0
PHX,2019-07-15,4,0,0,1,0,100.0,100.0,0.0,0.0,10.0,0.0,0.0,0.0,0.0,0.0,0.0
PHX,2019-07-15,5,13,0,14,0,85.71,78.57,0.0,4.93,12.21,3.42,7.14,0.0,0.0,0.0,0.0
PHX,2019-07-15,6,22,23,24,23,95.83,95.83,100.0,1.13,11.5,2.53,2.83,1.52,1.1,0.48,0.3
PHX,2019-07-15,7,30,32,32,33,96.88,93.75,87.88,1.31,14.91,5.26,4.53,0.7,4.55,1.24,5.94
PHX,2019-07-15,8,48,30,48,32,81.25,68.75,81.25,9.04,19.85,9.4,16.98,1.94,7.11,3.59,6.59
PHX,2019-07-15,9,34,43,35,44,85.71,77.14,77.27,5.97,17.03,6.76,11.06,1.66,14.96,5.41,9.84
PHX,2019-07-15,10,42,16,46,16,82.61,76.09,87.5,7.7,14.93,5.33,11.85,1.0,2.28,2.0,5.38
PHX,2019-07-15,11,20,38,20,38,80.0,75.0,97.37,9.55,10.5,1.55,10.4,1.63,2.4,0.55,2.61
PHX,2019-07-15,12,32,31,32,31,90.63,84.38,87.1,16.72,14.72,4.39,19.88,3.1,2.28,2.03,19.06
PHX,2019-07-15,13,32,25,35,26,77.14,74.29,88.46,12.43,15.4,5.11,15.69,1.69,1.94,0.85,5.15
PHX,2019-07-15,14,28,34,30,35,73.33,73.33,85.71,8.6,12.73,2.6,10.5,1.97,3.2,0.43,5.74
PHX,2019-07-15,15,31,25,32,27,78.13,71.88,74.07,11.09,13.44,3.58,13.94,1.0,4.18,2.11,19.22
PHX,2019-07-15,16,30,24,32,23,65.63,65.63,69.57,25.19,14.31,4.4,28.94,1.91,2.3,1.7,23.04
PHX,2019-07-15,17,20,21,21,25,66.67,66.67,92.0,36.0,16.0,5.5,40.05,2.4,1.07,1.84,4.6
PHX,2019-07-15,18,25,46,26,60,84.62,84.62,76.67,8.15,12.77,3.21,10.04,2.02,2.2,1.02,7.52
PHX,2019-07-15,19,32,44,38,46,78.95,73.68,80.43,10.5,12.0,2.69,12.03,2.35,3.32,1.46,19.85
PHX,2019-07-15,20,30,32,35,33,65.71,62.86,60.61,34.06,14.57,3.98,36.6,2.3,3.52,1.55,19.67
PHX,2019-07-15,21,21,24,21,24,71.43,71.43,58.33,18.29,11.05,2.06,19.86,1.63,3.13,2.25,33.33
PHX,2019-07-15,22,12,16,14,17,64.29,64.29,82.35,20.07,12.36,2.99,21.14,1.18,2.72,3.06,20.82
PHX,2019-07-15,23,12,14,12,15,75.0,66.67,66.67,18.58,12.92,2.47,19.92,0.73,3.29,0.27,20.07
PHX,2019-07-16,0,3,0,3,0,100.0,100.0,0.0,0.0,10.67,0.87,0.0,0.0,0.0,0.0,0.0
PHX,2019-07-16,1,1,0,1,1,100.0,100.0,100.0,0.0,10.0,0.0,0.0,0.0,1.1,0.0,14.0
PHX,2019-07-16,2,0,0,1,3,100.0,100.0,66.67,2.0,7.0,0.0,0.0,2.67,0.73,6.67,9.33
PHX,2019-07-16,3,0,0,1,2,100.0,100.0,100.0,0.0,15.0,4.4,4.0,0.0,0.0,0.0,6.0
PHX,2019-07-16,4,0,0,1,4,100.0,100.0,25.0,0.0,13.0,2.4,0.0,3.5,0.83,5.5,34.25
PHX,2019-07-16,5,14,0,16,4,93.75,87.5,25.0,8.31,15.5,6.7,13.19,0.75,0.6,2.5,38.5
PHX,2019-07-16,6,21,23,30,23,76.67,70.0,95.65,8.13,13.03,3.51,10.77,1.22,1.71,1.7,2.09
PHX,2019-07-16,7,29,33,38,34,76.32,71.05,97.06,12.18,17.16,7.27,17.18,0.88,2.67,0.5,1.29
PHX,2019-07-16,8,49,30,53,30,81.13,67.92,93.33,11.68,18.66,8.26,17.85,1.1,6.93,2.1,2.43
PHX,2019-07-16,9,33,40,33,40,78.79,60.61,85.0,11.03,17.48,7.31,17.36,2.1,11.8,4.47,7.88
PHX,2019-07-16,10,40,16,40,18,75.0,72.5,88.89,13.63,17.55,7.89,20.0,1.17,1.46,2.22,4.33
PHX,2019-07-16,11,20,37,21,39,76.19,76.19,87.18,10.0,15.52,6.05,15.33,0.92,1.29,0.51,7.41
PHX,2019-07-16,12,32,31,33,31,87.88,84.85,64.52,8.58,15.06,4.52,11.48,2.84,2.45,1.58,17.35
PHX,2019-07-16,13,32,27,34,31,61.76,61.76,80.65,15.5,14.24,3.89,18.29,1.61,2.46,1.19,10.13
PHX,2019-07-16,14,30,32,32,34,75.0,65.63,67.65,14.5,14.16,3.78,16.91,2.53,3.19,0.85,15.29
PHX,2019-07-16,15,30,26,32,29,78.13,68.75,86.21,16.66,13.81,4.03,19.97,2.28,5.07,2.31,9.52
PHX,2019-07-16,16,27,24,31,27,58.06,54.84,85.19,25.06,13.29,3.6,28.19,1.89,1.1,2.11,6.48
PHX,2019-07-16,17,21,21,23,26,73.91,73.91,57.69,17.0,13.96,3.46,19.57,2.85,2.43,4.15,21.54
PHX,2019-07-16,18,24,43,25,58,52.0,48.0,77.59,18.64,15.76,6.21,24.2,2.93,2.07,1.9,8.31
PHX,2019-07-16,19,30,43,38,48,68.42,57.89,75.0,14.66,14.11,4.71,18.5,2.83,3.25,2.06,10.52
PHX,2019-07-16,20,29,32,34,32,76.47,61.76,68.75,11.15,17.68,6.79,15.71,3.34,5.97,5.34,16.91
PHX,2019-07-16,21,21,24,22,25,72.73,72.73,72.0,14.32,10.73,2.21,15.95,2.4,3.22,0.24,14.08
PHX,2019-07-16,22,13,15,12,16,75.0,66.67,93.75,10.58,10.25,1.15,11.0,0.19,1.29,0.0,3.63
PHX,2019-07-16,23,10,13,10,14,60.0,60.0,71.43,26.5,11.4,0.64,26.1,0.93,3.11,0.79,18.0
PHX,2019-07-17,0,3,0,3,1,100.0,100.0,100.0,0.0,12.67,2.03,0.33,0.0,0.1,0.0,14.0
PHX,2019-07-17,1,1,0,1,2,100.0,100.0,50.0,0.0,18.0,7.5,0.0,3.0,0.55,5.5,13.0
PHX,2019-07-17,2,0,0,1,1,100.0,100.0,100.0,0.0,20.0,9.4,9.0,0.0,1.1,0.0,12.0
PHX,2019-07-17,3,0,0,1,2,100.0,100.0,50.0,0.0,14.0,3.4,3.0,0.0,0.6,0.0,11.0
PHX,2019-07-17,4,0,0,1,4,100.0,100.0,75.0,0.0,15.0,4.4,0.0,0.75,0.53,1.0,10.75
PHX,2019-07-17,5,13,0,16,4,93.75,87.5,25.0,3.13,13.69,4.95,6.88,0.25,0.58,2.75,47.5
PHX,2019-07-17,6,22,23,31,23,87.1,87.1,100.0,3.58,14.13,4.31,6.35,0.87,0.96,0.13,0.09
PHX,2019-07-17,7,30,31,37,32,72.97,67.57,87.5,12.86,18.43,8.5,18.84,1.03,5.39,3.53,5.0
PHX,2019-07-17,8,48,29,53,29,71.7,52.83,82.76,14.53,19.19,8.82,21.89,2.07,11.89,5.1,10.21
PHX,2019-07-17,9,33,42,33,41,66.67,45.45,60.98,14.61,16.42,6.03,20.03,1.51,16.91,7.59,21.17
PHX,2019-07-17,10,41,16,41,16,78.05,63.41,87.5,14.66,14.98,5.65,19.0,0.88,1.55,2.13,17.44
PHX,2019-07-17,11,20,38,20,38,85.0,85.0,89.47,26.9,10.8,1.82,27.35,1.76,1.77,0.97,4.82
PHX,2019-07-17,12,33,30,35,31,85.71,74.29,93.55,11.23,12.74,2.43,12.51,1.84,2.6,1.9,2.84
PHX,2019-07-17,13,32,25,32,26,81.25,75.0,84.62,12.66,13.63,3.27,15.03,1.58,2.06,0.08,6.08
PHX,2019-07-17,14,28,34,29,34,75.86,72.41,88.24,8.72,13.76,3.42,10.83,2.03,2.39,1.03,4.79
PHX,2019-07-17,15,30,25,31,28,77.42,70.97,82.14,14.03,13.97,4.14,16.97,1.21,0.88,2.61,7.86
PHX,2019-07-17,16,30,24,31,27,77.42,70.97,85.19,8.74,12.87,3.01,11.1,2.07,1.22,1.85,6.48
PHX,2019-07-17,17,19,21,22,27,86.36,86.36,74.07,8.82,12.77,2.49,10.23,1.93,1.13,3.74,10.41
PHX,2019-07-17,18,25,46,26,59,65.38,61.54,76.27,16.88,12.96,3.51,19.65,4.14,1.23,3.03,15.41
PHX,2019-07-17,19,32,44,38,51,71.05,71.05,56.86,12.76,13.39,4.1,15.32,1.41,1.75,2.75,28.78
PHX,2019-07-17,20,28,30,34,31,64.71,64.71,58.06,23.62,14.41,3.69,26.32,1.94,3.05,3.0,25.45
PHX,2019-07-17,21,21,23,22,23,54.55,59.09,69.57,37.27,10.0,1.2,37.73,2.48,2.94,0.78,18.83
PHX,2019-07-17,22,14,15,14,15,57.14,57.14,53.33,20.36,12.36,2.9,22.64,0.47,2.01,1.87,46.73
PHX,2019-07-17,23,11,14,9,15,66.67,55.56,40.0,111.56,12.0,1.27,112.33,1.07,1.18,0.67,45.93
PHX,2019-07-18,0,3,0,3,1,66.67,66.67,0.0,16.0,12.33,1.7,16.33,0.0,0.0,0.0,20.0
PHX,2019-07-18,1,1,0,1,2,100.0,100.0,50.0,0.0,12.0,1.5,1.0,0.5,0.0,7.0,8.5
PHX,2019-07-18,2,0,0,1,2,100.0,100.0,0.0,0.0,13.0,2.4,1.0,0.5,0.6,5.5,55.5
PHX,2019-07-18,3,0,0,1,3,100.0,100.0,66.67,0.0,10.0,0.0,0.0,0.0,0.03,1.33,10.67
PHX,2019-07-18,4,0,0,1,3,0.0,100.0,66.67,16.0,9.0,0.0,14.0,0.0,0.77,0.67,10.0
PHX,2019-07-18,5,14,0,17,3,82.35,82.35,33.33,4.47,11.0,2.2,6.12,1.0,0.73,6.33,31.0
PHX,2019-07-18,6,21,23,33,23,90.91,90.91,91.3,3.24,12.3,2.56,4.45,0.91,1.5,0.04,11.87
PHX,2019-07-18,7,28,33,36,35,88.89,88.89,94.29,7.83,13.89,4.27,11.39,4.29,2.77,3.43,3.69
PHX,2019-07-18,8,49,30,52,32,84.62,75.0,81.25,11.38,18.27,7.95,17.29,1.53,7.39,2.0,10.28
PHX,2019-07-18,9,33,39,36,37,88.89,80.56,89.19,5.56,15.69,5.45,9.97,1.51,10.48,2.03,33.68
PHX,2019-07-18,10,42,16,44,17,68.18,65.91,76.47,18.39,13.98,4.22,21.91,1.29,1.7,1.24,10.0
PHX,2019-07-18,11,20,37,21,38,71.43,76.19,86.84,12.67,12.14,2.87,14.29,2.08,2.31,1.05,12.03
PHX,2019-07-18,12,31,32,31,32,74.19,67.74,81.25,21.74,13.45,3.33,24.58,1.97,1.18,1.94,17.25
PHX,2019-07-18,13,33,26,33,27,78.79,78.79,85.19,16.3,13.64,3.23,18.03,1.63,3.36,1.48,8.74
PHX,2019-07-18,14,29,33,28,32,71.43,67.86,87.5,13.25,11.71,1.72,14.43,2.25,2.41,0.63,5.75
PHX,2019-07-18,15,29,24,29,25,65.52,65.52,80.0,17.48,12.31,2.66,19.28,1.12,4.32,5.44,20.24
PHX,2019-07-18,16,28,24,30,25,83.33,80.0,88.0,22.17,11.07,1.62,23.57,1.52,0.8,0.16,12.64
PHX,2019-07-18,17,20,21,23,26,91.3,91.3,61.54,8.39,12.17,2.02,9.48,1.92,0.77,1.5,36.31
PHX,2019-07-18,18,25,44,25,61,60.0,56.0,59.02,60.76,12.88,3.64,63.6,2.07,1.84,2.69,40.89
PHX,2019-07-18,19,30,44,38,47,47.37,47.37,61.7,22.39,10.82,1.82,23.34,1.51,2.36,0.51,42.91
PHX,2019-07-18,20,30,32,34,34,73.53,70.59,64.71,18.76,13.91,3.44,21.5,1.47,2.11,1.82,19.79
PHX,2019-07-18,21,21,24,22,25,40.91,40.91,84.0,27.27,11.45,2.42,29.14,2.92,1.55,1.04,13.36
PHX,2019-07-18,22,14,16,14,17,71.43,71.43,52.94,8.79,12.57,3.24,10.64,0.18,1.41,1.12,36.24
PHX,2019-07-18,23,12,13,12,14,66.67,66.67,64.29,28.92,14.67,3.28,31.0,1.21,1.11,0.0,31.79
PHX,2019-07-19,0,2,0,2,1,50.0,50.0,0.0,28.0,11.0,1.2,28.5,0.0,1.1,6.0,20.0
PHX,2019-07-19,1,1,0,1,1,0.0,0.0,100.0,40.0,12.0,1.5,42.0,2.0,0.1,4.0,13.0
PHX,2019-07-19,2,0,0,1,2,100.0,100.0,50.0,7.0,14.0,3.4,10.0,0.0,1.1,3.0,32.5
PHX,2019-07-19,3,0,0,1,4,100.0,100.0,50.0,0.0,24.0,13.4,13.0,0.0,0.78,2.5,15.75
PHX,2019-07-19,4,0,0,1,3,100.0,100.0,66.67,1.0,14.0,3.4,4.0,0.0,1.73,1.33,18.33
PHX,2019-07-19,5,13,0,15,3,86.67,86.67,0.0,3.6,9.93,1.26,4.33,0.67,1.4,5.67,59.33
PHX,2019-07-19,6,22,23,33,25,87.88,87.88,84.0,9.91,12.39,2.54,11.52,6.96,1.64,7.6,45.72
PHX,2019-07-19,7,30,33,38,35,86.84,78.95,85.71,6.84,14.53,4.73,10.39,2.94,3.32,2.86,5.8
PHX,2019-07-19,8,49,31,49,31,79.59,51.02,87.1,8.27,21.1,10.67,17.78,1.9,6.7,2.81,11.39
PHX,2019-07-19,9,33,41,36,44,86.11,47.22,84.09,7.11,20.22,9.92,15.72,2.09,17.49,4.73,7.43
PHX,2019-07-19,10,42,16,45,15,68.89,46.67,100.0,19.78,19.71,9.86,28.82,0.93,2.1,0.93,0.8
PHX,2019-07-19,11,20,39,19,39,100.0,94.74,84.62,1.79,11.63,2.59,2.53,2.13,2.43,1.74,28.95
PHX,2019-07-19,12,32,33,32,34,81.25,65.63,88.24,14.56,13.91,3.7,17.75,1.74,2.2,0.82,10.44
PHX,2019-07-19,13,35,25,37,25,89.19,81.08,88.0,6.14,15.62,5.27,10.32,1.36,3.35,0.68,5.56
PHX,2019-07-19,14,28,34,30,34,80.0,83.33,88.24,13.07,12.57,2.32,14.8,1.41,4.19,1.91,4.29
PHX,2019-07-19,15,29,24,29,25,79.31,75.86,84.0,8.72,12.48,2.72,10.38,1.28,1.03,0.12,8.52
PHX,2019-07-19,16,30,24,30,28,76.67,73.33,78.57,18.97,12.3,2.77,20.07,2.68,2.01,2.89,7.14
PHX,2019-07-19,17,20,21,24,22,87.5,83.33,90.91,4.38,12.67,2.26,5.88,2.32,1.36,1.23,9.27
PHX,2019-07-19,18,25,45,26,54,84.62,80.77,72.22,11.08,11.23,1.93,12.31,2.44,1.23,2.44,21.59
PHX,2019-07-19,19,32,44,36,51,69.44,66.67,80.39,19.83,11.28,2.24,21.17,1.73,2.75,0.76,20.14
PHX,2019-07-19,20,29,32,32,32,71.88,65.63,87.5,15.03,14.03,3.36,17.38,2.03,3.48,1.88,8.38
PHX,2019-07-19,21,21,25,22,25,77.27,77.27,80.0,10.27,10.0,1.27,11.09,1.52,1.89,0.12,12.88
PHX,2019-07-19,22,14,16,14,16,92.86,92.86,75.0,11.0,12.79,3.14,12.21,0.19,3.68,0.0,20.88
PHX,2019-07-19,23,12,14,12,15,75.0,75.0,53.33,15.0,13.67,2.81,15.75,15.27,4.89,15.27,50.27
PHX,2019-07-20,0,3,0,3,1,100.0,100.0,100.0,0.33,14.0,3.37,3.0,0.0,1.1,4.0,12.0
PHX,2019-07-20,1,1,0,1,1,100.0,100.0,100.0,0.0,10.0,0.0,0.0,0.0,1.1,3.0,0.0
PHX,2019-07-20,2,0,0,0,2,0.0,0.0,0.0,0.0,0.0,0.0,0.0,0.0,0.6,0.0,40.0
PHX,2019-07-20,3,0,0,1,0,100.0,100.0,0.0,0.0,10.0,0.0,0.0,0.0,0.0,0.0,0.0
PHX,2019-07-20,4,0,0,1,3,0.0,0.0,66.67,20.0,13.0,2.4,22.0,2.0,0.43,2.67,27.67
PHX,2019-07-20,5,14,2,16,0,100.0,100.0,0.0,0.0,11.25,2.82,1.88,0.0,0.0,0.0,0.0
PHX,2019-07-20,6,15,15,19,15,73.68,73.68,93.33,36.95,12.42,2.59,38.47,0.87,0.24,0.0,2.2
PHX,2019-07-20,7,23,33,25,34,100.0,96.0,82.35,0.92,13.88,4.21,3.24,1.15,0.88,1.03,9.59
PHX,2019-07-20,8,49,27,50,28,90.0,86.0,92.86,6.98,17.1,6.95,11.9,1.89,7.99,2.64,3.04
PHX,2019-07-20,9,29,37,32,38,81.25,65.63,84.21,10.56,20.44,9.84,18.25,1.79,11.31,2.66,15.55
PHX,2019-07-20,10,39,16,39,16,94.87,87.18,93.75,4.85,16.69,6.79,9.41,1.13,0.96,2.06,2.0
PHX,2019-07-20,11,19,31,19,30,94.74,94.74,93.33,1.95,10.21,0.96,2.63,1.73,1.79,0.5,9.5
PHX,2019-07-20,12,25,30,26,30,92.31,88.46,86.67,10.58,14.31,3.8,12.46,0.87,2.48,1.07,9.27
PHX,2019-07-20,13,29,20,30,20,73.33,70.0,80.0,18.87,13.27,3.01,20.9,1.7,3.6,0.2,11.2
PHX,2019-07-20,14,27,34,26,36,73.08,69.23,91.67,26.38,14.38,4.22,29.19,1.75,2.64,0.94,8.33
PHX,2019-07-20,15,28,21,29,23,75.86,72.41,82.61,14.66,15.86,5.7,18.21,2.22,4.83,2.04,13.7
PHX,2019-07-20,16,25,30,25,30,72.0,68.0,73.33,22.8,12.2,2.35,24.08,1.77,1.32,0.57,17.67
PHX,2019-07-20,17,21,22,24,25,75.0,75.0,72.0,17.75,10.92,1.54,18.75,1.68,2.89,2.8,19.28
PHX,2019-07-20,18,24,39,24,41,75.0,75.0,87.8,15.46,11.75,2.39,16.63,2.24,1.81,0.98,6.54
PHX,2019-07-20,19,28,42,28,40,71.43,67.86,65.0,13.68,10.64,1.42,14.57,1.27,1.84,0.48,28.73
PHX,2019-07-20,20,26,17,27,16,85.19,74.07,75.0,8.56,15.26,4.52,11.7,2.44,2.28,0.19,22.25
PHX,2019-07-20,21,12,18,12,18,83.33,83.33,83.33,6.58,12.08,2.57,8.17,2.33,1.11,0.0,12.72
PHX,2019-07-20,22,9,12,9,13,100.0,100.0,61.54,0.11,12.44,2.52,0.89,1.31,1.38,1.77,15.85
PHX,2019-07-20,23,9,12,10,12,80.0,80.0,33.33,11.9,11.3,1.1,12.4,1.42,2.88,0.17,48.42
PHX,2019-07-21,0,3,1,5,1,80.0,80.0,100.0,8.2,11.2,0.94,8.4,1.0,0.0,0.0,0.0
PHX,2019-07-21,1,1,0,1,1,100.0,100.0,100.0,0.0,11.0,0.5,0.0,0.0,1.1,2.0,10.0
PHX,2019-07-21,2,0,0,0,2,0.0,0.0,50.0,0.0,0.0,0.0,0.0,1.0,1.1,3.0,25.5
PHX,2019-07-21,3,0,0,1,0,100.0,100.0,0.0,0.0,8.0,0.0,0.0,0.0,0.0,0.0,0.0
PHX,2019-07-21,4,0,0,3,0,100.0,100.0,0.0,0.0,9.33,1.13,0.0,0.0,0.0,0.0,0.0
PHX,2019-07-21,5,8,0,9,2,88.89,88.89,100.0,2.11,10.78,0.64,2.0,3.5,9.3,7.5,1.5
PHX,2019-07-21,6,22,11,23,11,95.65,95.65,90.91,1.91,10.22,1.23,2.3,0.91,2.24,0.0,7.82
PHX,2019-07-21,7,24,36,25,35,88.0,80.0,97.14,6.36,13.2,3.33,8.64,1.4,1.71,0.37,1.66
PHX,2019-07-21,8,51,27,51,27,80.39,66.67,88.89,8.73,17.27,7.22,14.8,2.15,7.37,2.33,11.59
PHX,2019-07-21,9,32,34,32,35,87.5,75.0,74.29,9.91,18.28,7.84,16.56,1.83,15.27,5.26,9.37
PHX,2019-07-21,10,40,23,40,24,80.0,70.0,91.67,7.95,13.83,4.15,11.13,1.92,2.3,1.13,5.33
PHX,2019-07-21,11,20,31,21,32,71.43,71.43,87.5,21.81,10.19,1.54,22.76,2.03,1.13,0.75,3.78
PHX,2019-07-21,12,25,27,25,27,88.0,88.0,88.89,11.64,12.96,2.6,13.12,1.44,3.0,1.04,32.33
PHX,2019-07-21,13,33,24,33,24,93.94,93.94,79.17,5.18,11.61,1.69,5.64,3.33,2.87,3.29,8.08
PHX,2019-07-21,14,29,32,28,33,82.14,67.86,75.76,9.82,14.64,4.57,13.21,2.36,2.39,1.82,15.15
PHX,2019-07-21,15,29,29,29,33,72.41,72.41,78.79,24.31,13.17,3.37,26.0,8.61,2.08,9.15,13.88
PHX,2019-07-21,16,31,22,32,23,75.0,71.88,73.91,13.22,13.34,3.66,15.5,1.0,1.57,0.52,21.52
PHX,2019-07-21,17,18,27,21,30,71.43,61.9,80.0,16.52,16.33,5.64,20.52,2.7,0.97,1.7,11.67
PHX,2019-07-21,18,30,35,31,37,83.87,77.42,81.08,9.03,12.52,3.55,12.1,3.81,2.27,2.0,9.92
PHX,2019-07-21,19,21,43,20,44,65.0,65.0,65.91,14.4,12.5,2.8,16.5,1.59,1.61,4.05,32.75
PHX,2019-07-21,20,32,32,34,33,61.76,52.94,60.61,48.5,15.09,4.83,51.85,4.03,2.96,3.85,23.7
PHX,2019-07-21,21,21,26,20,26,45.0,35.0,76.92,27.95,10.25,1.35,28.8,2.81,2.41,1.08,10.46
PHX,2019-07-21,22,14,14,15,15,80.0,73.33,60.0,13.4,11.87,2.69,14.13,2.2,1.43,0.87,30.33
PHX,2019-07-21,23,12,15,12,15,58.33,58.33,46.67,42.25,10.67,0.68,42.0,1.87,0.37,1.87,28.07
PHX,2019-07-22,0,2,0,2,1,50.0,50.0,0.0,30.5,10.0,0.2,30.0,0.0,0.0,0.0,67.0
PHX,2019-07-22,1,1,0,1,1,100.0,100.0,100.0,0.0,10.0,0.0,0.0,0.0,0.0,0.0,2.0
PHX,2019-07-22,2,0,0,0,1,0.0,0.0,0.0,0.0,0.0,0.0,0.0,0.0,1.1,4.0,44.0
PHX,2019-07-22,3,0,0,1,1,100.0,100.0,100.0,0.0,18.0,7.4,7.0,0.0,1.1,0.0,0.0
PHX,2019-07-22,4,0,0,1,0,100.0,100.0,0.0,0.0,10.0,0.0,0.0,0.0,0.0,0.0,0.0
PHX,2019-07-22,5,13,0,13,0,84.62,84.62,0.0,8.23,11.62,2.93,10.31,0.0,0.0,0.0,0.0
PHX,2019-07-22,6,22,23,24,23,95.83,95.83,91.3,0.92,12.21,3.1,2.29,0.87,1.75,0.43,29.61
PHX,2019-07-22,7,29,32,29,32,82.76,72.41,93.75,20.0,17.24,7.52,25.1,1.22,2.81,0.94,2.63
PHX,2019-07-22,8,48,30,48,31,79.17,58.33,70.97,30.81,19.31,8.99,38.35,2.68,10.48,7.13,13.03
PHX,2019-07-22,9,34,42,36,42,77.78,50.0,73.81,9.69,23.33,12.99,21.56,2.19,12.82,6.48,9.1
PHX,2019-07-22,10,42,16,42,16,83.33,64.29,81.25,12.55,18.07,8.25,20.0,1.25,2.09,1.5,3.56
PHX,2019-07-22,11,20,37,21,38,85.71,80.95,84.21,4.57,12.05,3.2,6.86,1.53,1.96,1.53,13.45
PHX,2019-07-22,12,30,31,29,28,82.76,82.76,85.71,17.21,13.31,3.12,19.34,1.39,1.48,0.21,6.61
PHX,2019-07-22,13,33,25,32,27,87.5,87.5,81.48,7.19,13.94,3.66,9.44,2.78,2.21,3.26,14.37
PHX,2019-07-22,14,28,34,29,33,65.52,62.07,81.82,19.83,14.34,4.4,23.72,2.33,4.29,2.85,8.27
PHX,2019-07-22,15,30,25,30,27,73.33,60.0,70.37,10.73,17.77,7.87,17.43,3.74,2.06,1.78,38.59
PHX,2019-07-22,16,30,24,30,26,76.67,73.33,80.77,17.23,13.0,3.51,19.7,3.08,1.04,1.0,7.23
PHX,2019-07-22,17,20,21,23,23,82.61,82.61,86.96,11.09,13.78,3.48,13.04,3.87,1.25,3.35,7.74
PHX,2019-07-22,18,25,46,26,59,80.77,76.92,69.49,10.62,15.38,6.13,15.58,11.31,1.39,12.46,25.05
PHX,2019-07-22,19,32,43,37,44,70.27,59.46,68.18,20.35,16.81,7.59,27.14,14.5,2.43,10.82,36.45
PHX,2019-07-22,20,29,32,35,30,60.0,22.86,46.67,32.83,36.8,25.98,57.97,27.33,2.97,26.87,50.17
PHX,2019-07-22,21,21,24,20,24,45.0,30.0,33.33,44.9,18.6,9.33,53.5,45.5,1.33,41.92,54.46
PHX,2019-07-22,22,13,16,11,18,54.55,36.36,27.78,27.09,15.64,5.73,31.0,4.06,1.63,4.44,56.83
PHX,2019-07-22,23,12,14,12,23,50.0,50.0,69.57,92.0,13.0,2.73,93.08,2.13,1.19,3.09,20.17
PHX,2019-07-23,0,3,0,3,3,66.67,66.67,33.33,22.67,13.0,2.73,25.33,0.0,1.3,0.67,20.67
PHX,2019-07-23,1,1,0,1,1,100.0,100.0,100.0,0.0,11.0,0.5,0.0,0.0,0.1,0.0,3.0
PHX,2019-07-23,2,0,0,0,1,0.0,0.0,100.0,0.0,0.0,0.0,0.0,2.0,0.1,4.0,3.0
PHX,2019-07-23,3,0,0,1,3,100.0,100.0,33.33,0.0,10.0,0.0,0.0,0.0,1.1,0.0,14.0
PHX,2019-07-23,4,0,0,1,3,0.0,0.0,100.0,24.0,15.0,4.4,28.0,5.67,0.4,7.33,6.33
PHX,2019-07-23,5,14,0,19,3,78.95,84.21,0.0,5.32,10.63,2.32,5.68,1.67,1.37,7.0,38.0
PHX,2019-07-23,6,21,23,28,24,78.57,75.0,95.83,11.07,12.18,2.97,12.86,1.17,1.3,0.71,5.29
PHX,2019-07-23,7,28,32,38,33,89.47,81.58,84.85,3.21,14.66,4.9,6.29,1.42,1.78,0.97,7.7
PHX,2019-07-23,8,49,30,55,30,78.18,63.64,90.0,10.98,18.56,8.17,17.65,2.2,6.06,2.57,6.13
PHX,2019-07-23,9,33,40,34,37,76.47,67.65,89.19,13.21,16.53,6.19,18.29,2.27,8.98,2.84,12.03
PHX,2019-07-23,10,41,16,42,17,69.05,61.9,94.12,24.29,14.83,5.1,28.29,1.24,0.78,0.65,2.47
PHX,2019-07-23,11,20,36,23,37,95.65,78.26,91.89,3.39,13.74,4.37,6.48,1.11,0.89,1.05,10.24
PHX,2019-07-23,12,30,32,31,34,83.87,80.65,91.18,14.45,16.9,6.47,19.03,2.44,1.29,0.47,6.74
PHX,2019-07-23,13,33,27,32,26,90.63,78.13,84.62,3.72,17.44,7.15,8.38,1.69,1.75,0.81,6.19
PHX,2019-07-23,14,30,32,31,33,77.42,70.97,75.76,14.39,15.58,5.29,18.23,2.7,1.65,3.12,13.7
PHX,2019-07-23,15,30,26,30,28,70.0,60.0,85.71,23.27,15.53,5.53,26.83,2.96,1.08,2.36,11.36
PHX,2019-07-23,16,27,24,28,26,85.71,82.14,88.46,8.93,15.04,5.06,11.64,4.65,0.42,2.96,5.58
PHX,2019-07-23,17,21,21,23,27,73.91,65.22,70.37,14.96,16.39,5.88,19.83,6.0,2.23,7.48,16.0
PHX,2019-07-23,18,24,44,24,60,58.33,54.17,58.33,23.21,11.92,2.78,25.75,6.32,1.72,8.62,22.98
PHX,2019-07-23,19,30,41,36,44,55.56,55.56,70.45,23.83,11.69,2.71,25.36,1.55,2.7,0.3,27.82
PHX,2019-07-23,20,28,32,35,33,74.29,68.57,66.67,18.14,15.89,5.17,21.91,2.39,1.6,2.36,20.82
PHX,2019-07-23,21,21,24,21,25,57.14,47.62,68.0,21.14,13.24,3.9,23.62,1.52,2.13,0.8,11.52
PHX,2019-07-23,22,13,15,12,17,58.33,50.0,70.59,20.08,14.17,4.64,24.5,1.12,1.72,0.59,16.94
PHX,2019-07-23,23,10,13,10,13,70.0,70.0,69.23,12.1,11.7,1.41,12.8,0.38,0.39,0.0,17.62
PHX,2019-07-24,0,3,0,3,1,66.67,66.67,100.0,14.33,11.0,0.9,14.67,0.0,0.0,0.0,1.0
PHX,2019-07-24,1,1,0,1,1,100.0,100.0,100.0,0.0,12.0,1.5,0.0,0.0,1.1,4.0,0.0
PHX,2019-07-24,3,0,0,1,4,0.0,0.0,50.0,104.0,15.0,4.4,108.0,0.25,0.85,2.75,27.75
PHX,2019-07-24,4,0,0,1,3,0.0,0.0,100.0,17.0,16.0,5.4,22.0,0.0,0.77,0.0,0.0
PHX,2019-07-24,5,13,0,18,4,50.0,44.44,0.0,27.06,13.89,4.85,31.33,2.5,1.35,6.0,33.25
PHX,2019-07-24,6,22,23,34,24,88.24,70.59,91.67,5.68,16.88,7.11,11.26,4.17,0.59,1.67,3.79
PHX,2019-07-24,7,29,30,35,32,91.43,82.86,93.75,5.46,15.63,5.79,9.31,3.84,2.66,2.53,2.38
PHX,2019-07-24,8,48,29,51,30,80.39,68.63,90.0,11.12,17.82,7.5,17.02,2.7,7.29,2.83,5.3
PHX,2019-07-24,9,33,42,34,41,88.24,70.59,92.68,6.41,18.24,7.98,12.44,2.61,10.54,3.05,3.9
PHX,2019-07-24,10,42,16,43,17,79.07,76.74,88.24,11.79,16.95,7.29,17.14,1.06,2.44,4.18,6.88
PHX,2019-07-24,11,20,37,19,36,94.74,94.74,86.11,2.42,10.32,1.04,2.74,2.75,2.38,2.83,8.08
PHX,2019-07-24,12,31,31,31,34,70.97,70.97,91.18,25.1,13.48,3.35,26.68,2.21,2.16,1.44,3.56
PHX,2019-07-24,13,33,25,35,28,77.14,74.29,92.86,10.51,13.77,3.61,13.09,2.0,2.34,1.54,5.21
PHX,2019-07-24,14,28,34,28,35,82.14,78.57,82.86,10.32,12.71,2.91,12.25,2.71,2.61,2.06,7.09
PHX,2019-07-24,15,30,25,33,31,81.82,78.79,77.42,7.09,13.24,3.32,9.18,2.61,1.85,3.81,13.19
PHX,2019-07-24,16,30,24,34,27,73.53,70.59,81.48,12.21,12.41,2.74,14.12,2.04,1.7,1.96,7.41
PHX,2019-07-24,17,19,21,23,26,73.91,73.91,65.38,18.91,13.26,2.93,20.74,2.88,1.02,3.81,22.23
PHX,2019-07-24,18,25,46,25,60,72.0,64.0,75.0,15.76,13.96,4.35,18.8,3.63,1.4,3.33,11.65
PHX,2019-07-24,19,32,43,39,49,79.49,74.36,93.88,10.08,14.56,5.01,13.26,2.12,2.9,1.84,5.18
PHX,2019-07-24,20,27,30,35,30,82.86,80.0,93.33,9.03,14.51,3.81,11.2,3.37,1.63,1.67,4.07
PHX,2019-07-24,21,21,23,21,23,95.24,85.71,73.91,2.57,13.0,3.9,5.29,2.17,1.56,0.39,15.04
PHX,2019-07-24,22,13,15,13,16,76.92,76.92,75.0,9.31,12.38,3.48,10.85,1.38,0.64,1.81,11.63
PHX,2019-07-24,23,11,14,11,14,90.91,81.82,64.29,8.91,12.0,1.6,9.91,1.0,2.23,0.07,14.64
PHX,2019-07-25,0,3,0,3,1,66.67,66.67,100.0,26.67,9.67,0.4,27.0,0.0,2.1,0.0,0.0
PHX,2019-07-25,1,1,0,1,2,100.0,100.0,50.0,0.0,9.0,0.0,0.0,0.0,0.9,0.0,37.0
PHX,2019-07-25,2,0,0,0,1,0.0,0.0,100.0,0.0,0.0,0.0,0.0,0.0,1.1,2.0,0.0
PHX,2019-07-25,3,0,0,1,3,0.0,0.0,66.67,54.0,13.0,2.4,56.0,0.0,0.4,1.0,13.0
PHX,2019-07-25,4,0,0,1,4,0.0,0.0,100.0,15.0,12.0,1.4,16.0,0.0,3.35,5.0,3.0
PHX,2019-07-25,5,14,0,16,3,100.0,93.75,0.0,1.19,10.75,2.21,2.56,0.0,0.1,4.33,36.33
PHX,2019-07-25,6,21,23,32,24,93.75,90.63,83.33,1.44,12.25,2.96,3.44,1.21,0.77,1.88,51.71
PHX,2019-07-25,7,27,31,35,32,94.29,88.57,96.88,2.03,13.46,3.76,4.29,1.31,2.67,0.31,1.19
PHX,2019-07-25,8,50,30,54,31,79.63,59.26,83.87,18.63,20.76,10.34,26.89,1.29,6.78,3.71,10.03
PHX,2019-07-25,9,33,40,34,41,76.47,50.0,92.68,8.68,19.71,9.42,17.12,2.05,11.12,2.56,4.12
PHX,2019-07-25,10,42,16,41,17,87.8,78.05,82.35,10.93,15.71,6.11,15.56,1.47,3.02,2.65,6.65
PHX,2019-07-25,11,20,36,20,38,85.0,80.0,89.47,8.7,11.0,2.01,9.45,2.05,1.68,1.55,7.05
PHX,2019-07-25,12,30,32,30,33,80.0,76.67,81.82,10.53,14.13,3.91,13.57,1.85,2.05,0.39,16.48
PHX,2019-07-25,13,33,26,33,25,78.79,78.79,84.0,29.03,11.27,1.52,29.85,1.92,3.0,1.4,6.84
PHX,2019-07-25,14,29,33,28,33,85.71,82.14,84.85,12.39,12.71,2.75,13.82,3.7,1.91,1.48,10.42
PHX,2019-07-25,15,30,25,30,28,80.0,76.67,82.14,12.67,13.03,3.35,15.1,2.21,1.21,0.18,8.64
PHX,2019-07-25,16,28,24,31,27,80.65,77.42,70.37,7.06,11.55,1.84,8.06,2.04,1.43,2.96,14.41
PHX,2019-07-25,17,20,21,25,24,60.0,60.0,66.67,28.8,13.36,2.95,31.2,3.38,1.0,2.0,13.75
PHX,2019-07-25,18,25,44,25,57,80.0,72.0,71.93,14.76,12.68,3.53,17.16,4.05,1.11,2.46,17.28
PHX,2019-07-25,19,30,43,35,47,68.57,62.86,85.11,10.4,12.23,3.04,12.63,1.72,2.9,1.19,7.55
PHX,2019-07-25,20,29,32,36,34,77.78,63.89,97.06,10.72,17.61,7.09,15.92,1.76,2.55,1.35,5.94
PHX,2019-07-25,21,21,24,21,24,100.0,90.48,87.5,2.29,11.43,2.76,4.14,2.5,1.84,1.0,22.5
PHX,2019-07-25,22,13,16,14,19,78.57,78.57,78.95,20.86,12.14,2.96,21.64,0.63,2.61,0.42,14.21
PHX,2019-07-25,23,12,13,13,13,100.0,92.31,84.62,1.0,13.62,3.36,3.62,1.31,0.73,0.0,9.23
PHX,2019-07-26,0,2,0,2,1,50.0,50.0,0.0,35.0,11.5,0.95,35.0,0.0,0.0,0.0,25.0
PHX,2019-07-26,1,1,0,1,1,0.0,0.0,100.0,67.0,15.0,4.5,72.0,0.0,1.1,0.0,0.0
PHX,2019-07-26,2,0,0,0,1,0.0,0.0,100.0,0.0,0.0,0.0,0.0,0.0,1.1,0.0,0.0
PHX,2019-07-26,3,0,0,0,4,0.0,0.0,50.0,0.0,0.0,0.0,0.0,0.25,0.0,2.25,10.0
PHX,2019-07-26,4,0,0,2,3,0.0,0.0,100.0,21.0,12.5,2.2,22.5,1.0,2.43,2.33,6.67
PHX,2019-07-26,5,13,0,15,3,86.67,86.67,33.33,21.8,11.6,2.92,23.8,0.33,0.73,6.0,42.0
PHX,2019-07-26,6,22,23,31,24,87.1,83.87,91.67,6.35,12.45,2.97,8.52,0.79,3.11,0.92,9.42
PHX,2019-07-26,7,30,33,40,33,95.0,90.0,84.85,3.0,13.98,4.32,6.2,1.52,1.75,0.85,22.67
PHX,2019-07-26,8,50,30,49,30,81.63,59.18,96.67,7.8,20.0,9.69,15.57,1.27,4.91,2.27,3.67
PHX,2019-07-26,9,33,41,33,40,75.76,60.61,92.5,10.12,19.79,9.65,18.42,2.6,10.94,2.8,6.53
PHX,2019-07-26,10,42,16,42,19,92.86,85.71,100.0,7.81,16.14,6.56,13.0,0.63,2.3,2.37,2.0
PHX,2019-07-26,11,20,39,22,38,77.27,81.82,86.84,9.64,10.41,1.52,9.45,2.79,2.71,0.95,12.29
PHX,2019-07-26,12,32,33,35,33,68.57,62.86,78.79,19.89,13.29,3.18,22.2,1.33,2.45,1.15,8.33
PHX,2019-07-26,13,35,25,35,27,85.71,80.0,85.19,8.63,14.09,4.01,11.43,1.96,2.53,1.59,13.0
PHX,2019-07-26,14,28,34,27,32,74.07,66.67,78.13,16.56,14.93,4.6,20.22,2.63,2.27,2.22,17.94
PHX,2019-07-26,15,30,25,28,28,82.14,71.43,85.71,14.75,13.39,3.88,18.14,2.21,1.64,1.0,4.43
PHX,2019-07-26,16,30,24,31,26,77.42,74.19,69.23,15.19,13.35,3.44,17.55,3.19,1.22,3.65,17.38
PHX,2019-07-26,17,20,21,23,22,69.57,65.22,77.27,14.17,13.74,3.37,16.3,5.05,1.57,2.36,7.82
PHX,2019-07-26,18,25,45,26,55,92.31,88.46,70.91,4.12,10.46,1.28,4.69,3.64,1.44,2.44,11.15
PHX,2019-07-26,19,32,44,34,45,73.53,70.59,82.22,19.15,11.74,2.74,21.12,1.89,1.89,1.11,10.84
PHX,2019-07-26,20,29,32,31,32,74.19,70.97,87.5,19.35,13.39,2.72,21.32,1.91,1.01,0.69,6.66
PHX,2019-07-26,21,21,25,21,25,90.48,90.48,80.0,2.76,10.1,1.36,3.0,1.64,1.34,0.08,9.24
PHX,2019-07-26,22,13,16,13,17,61.54,61.54,76.47,16.69,11.38,2.26,17.85,0.59,1.58,0.0,10.76
PHX,2019-07-26,23,12,14,12,14,100.0,100.0,85.71,0.42,12.75,1.7,0.42,0.64,1.79,0.0,12.21
PHX,2019-07-27,0,3,0,3,1,100.0,100.0,100.0,0.0,12.33,1.9,0.0,0.0,1.1,0.0,0.0
PHX,2019-07-27,1,1,0,1,1,100.0,100.0,0.0,0.0,10.0,0.0,0.0,0.0,1.1,3.0,17.0
PHX,2019-07-27,2,0,0,0,1,0.0,0.0,100.0,0.0,0.0,0.0,0.0,0.0,1.1,0.0,0.0
PHX,2019-07-27,3,0,0,1,0,100.0,100.0,0.0,0.0,10.0,0.0,0.0,0.0,0.0,0.0,0.0
PHX,2019-07-27,4,0,0,0,3,0.0,0.0,33.33,0.0,0.0,0.0,0.0,0.67,2.73,1.67,10.67
PHX,2019-07-27,5,14,2,15,0,93.33,93.33,0.0,1.93,9.53,0.99,2.27,0.0,0.0,0.0,0.0
PHX,2019-07-27,6,15,15,22,16,95.45,95.45,100.0,1.09,10.5,1.3,1.77,0.38,1.07,0.75,0.69
PHX,2019-07-27,7,24,33,26,32,100.0,100.0,100.0,0.04,12.35,2.58,1.46,1.91,2.21,0.31,0.28
PHX,2019-07-27,8,49,27,50,29,98.0,84.0,86.21,1.26,14.62,4.61,4.32,1.28,8.87,2.41,8.41
PHX,2019-07-27,9,29,37,30,38,93.33,90.0,97.37,5.87,15.17,4.87,8.3,1.16,15.12,2.97,1.79
PHX,2019-07-27,10,38,16,39,17,100.0,97.44,82.35,1.15,12.62,3.26,2.87,1.18,1.75,0.47,16.29
PHX,2019-07-27,11,19,32,20,32,80.0,80.0,93.75,10.65,9.4,0.94,11.25,1.09,2.55,0.81,4.38
PHX,2019-07-27,12,27,29,27,30,88.89,88.89,96.67,11.85,13.11,2.5,12.7,1.47,1.81,0.87,5.7
PHX,2019-07-27,13,28,20,28,20,92.86,89.29,95.0,3.75,11.5,1.96,4.61,1.05,1.4,0.0,4.95
PHX,2019-07-27,14,27,34,26,34,84.62,80.77,91.18,11.12,12.27,2.09,12.46,2.03,2.06,0.41,10.26
PHX,2019-07-27,15,28,21,27,23,81.48,77.78,95.65,11.59,12.26,2.18,12.78,1.13,2.35,0.83,1.22
PHX,2019-07-27,16,25,30,25,30,84.0,84.0,80.0,9.4,12.2,2.12,10.24,2.0,1.56,0.13,12.23
PHX,2019-07-27,17,21,22,24,24,70.83,75.0,95.83,9.33,11.75,2.61,10.63,2.54,2.87,1.08,1.96
PHX,2019-07-27,18,24,39,24,39,79.17,79.17,84.62,8.67,11.33,1.9,9.46,3.15,1.85,0.21,8.56
PHX,2019-07-27,19,28,43,27,43,70.37,74.07,86.05,12.26,11.11,2.25,13.07,1.93,3.64,1.07,11.28
PHX,2019-07-27,20,27,17,28,16,75.0,71.43,100.0,9.96,14.43,3.8,12.04,2.94,3.91,0.44,0.38
PHX,2019-07-27,21,12,18,12,18,83.33,83.33,88.89,6.0,11.83,2.03,5.83,2.11,0.78,0.0,2.0
PHX,2019-07-27,22,9,12,9,13,88.89,88.89,84.62,6.22,10.89,1.44,7.33,1.15,0.97,0.0,8.85
PHX,2019-07-27,23,9,12,9,13,88.89,88.89,84.62,3.78,10.67,0.62,3.89,0.92,1.05,0.77,4.08
PHX,2019-07-28,0,3,1,3,0,100.0,100.0,0.0,0.0,12.0,1.37,0.0,0.0,0.0,0.0,0.0
PHX,2019-07-28,1,1,0,1,1,100.0,100.0,100.0,0.0,8.0,0.0,0.0,0.0,1.1,0.0,0.0
PHX,2019-07-28,2,0,0,0,1,0.0,0.0,0.0,0.0,0.0,0.0,0.0,0.0,1.1,0.0,20.0
PHX,2019-07-28,3,0,0,2,0,50.0,50.0,0.0,83.0,8.0,0.0,80.5,0.0,0.0,0.0,0.0
PHX,2019-07-28,4,0,0,1,0,0.0,0.0,0.0,33.0,9.0,0.0,31.0,0.0,0.0,0.0,0.0
PHX,2019-07-28,5,8,0,8,2,75.0,75.0,50.0,6.88,13.75,3.51,8.5,0.0,3.3,0.0,23.0
PHX,2019-07-28,6,22,11,25,11,100.0,100.0,100.0,0.24,11.72,2.73,1.44,1.64,3.85,0.55,0.0
PHX,2019-07-28,7,25,37,26,36,96.15,92.31,100.0,3.81,15.5,5.29,7.08,1.67,1.78,0.11,0.75
PHX,2019-07-28,8,51,27,52,27,96.15,86.54,92.59,3.04,17.87,7.64,7.94,0.89,7.98,2.7,2.56
PHX,2019-07-28,9,31,34,31,35,80.65,70.97,85.71,14.23,17.48,7.2,19.0,1.4,14.07,4.46,10.46
PHX,2019-07-28,10,40,23,42,24,88.1,80.95,95.83,4.31,17.24,7.53,9.55,1.71,1.46,0.46,2.83
PHX,2019-07-28,11,20,32,20,33,90.0,90.0,81.82,4.65,9.6,1.4,5.15,2.48,1.84,1.94,13.12
PHX,2019-07-28,12,27,26,27,28,77.78,77.78,89.29,17.37,14.3,3.91,20.22,1.25,2.31,0.46,5.82
PHX,2019-07-28,13,32,24,34,24,88.24,85.29,87.5,5.26,13.35,3.36,7.32,2.17,2.27,0.0,2.13
PHX,2019-07-28,14,29,32,29,32,79.31,65.52,87.5,13.1,14.1,4.08,16.14,2.34,1.66,0.34,14.41
PHX,2019-07-28,15,29,29,29,33,82.76,82.76,100.0,11.38,12.66,2.83,12.97,1.0,2.69,0.58,1.0
PHX,2019-07-28,16,31,22,31,24,90.32,87.1,70.83,11.74,11.26,1.97,13.1,1.92,1.54,0.75,16.5
PHX,2019-07-28,17,18,27,21,29,76.19,76.19,86.21,22.29,13.29,2.44,23.86,1.76,1.08,0.41,15.14
PHX,2019-07-28,18,30,35,29,36,65.52,55.17,86.11,19.62,13.52,4.52,23.59,1.97,2.42,0.33,8.5
PHX,2019-07-28,19,21,44,21,43,90.48,90.48,83.72,4.67,13.86,3.97,7.19,1.58,3.15,0.42,10.6
PHX,2019-07-28,20,33,32,35,34,85.71,82.86,79.41,12.51,14.54,4.05,14.51,1.21,1.94,0.65,12.94
PHX,2019-07-28,21,21,26,19,26,73.68,68.42,73.08,10.95,9.26,1.04,11.79,1.81,1.48,0.46,23.15
PHX,2019-07-28,22,14,14,14,15,78.57,78.57,86.67,18.14,10.29,1.35,17.79,1.13,0.84,0.0,15.4
PHX,2019-07-28,23,12,15,13,15,100.0,92.31,86.67,0.46,12.0,1.82,1.31,1.2,1.05,0.13,4.73
PHX,2019-07-29,0,2,0,2,1,100.0,100.0,100.0,0.0,16.5,6.25,3.5,1.0,0.0,0.0,0.0
PHX,2019-07-29,1,1,0,1,1,100.0,100.0,0.0,0.0,17.0,6.5,0.0,0.0,0.1,4.0,22.0
PHX,2019-07-29,2,0,0,0,1,0.0,0.0,0.0,0.0,0.0,0.0,0.0,0.0,1.1,0.0,25.0
PHX,2019-07-29,3,0,0,1,1,0.0,0.0,0.0,23.0,8.0,0.0,20.0,0.0,1.1,3.0,62.0
PHX,2019-07-29,4,0,0,1,0,0.0,0.0,0.0,37.0,11.0,0.4,37.0,0.0,0.0,0.0,0.0
PHX,2019-07-29,5,13,0,14,0,92.86,92.86,0.0,5.21,10.64,1.97,5.86,0.0,0.0,0.0,0.0
PHX,2019-07-29,6,22,23,24,21,87.5,83.33,100.0,3.83,12.92,3.42,5.29,1.24,0.7,0.29,0.0
PHX,2019-07-29,7,30,33,30,33,96.67,93.33,96.97,3.6,14.8,5.19,6.5,1.36,1.65,0.15,8.36
PHX,2019-07-29,8,48,30,48,30,85.42,72.92,83.33,20.58,19.0,8.65,26.98,1.13,6.17,2.33,7.17
PHX,2019-07-29,9,34,42,37,44,72.97,59.46,79.55,15.68,19.46,9.14,22.76,2.5,7.98,3.34,7.34
PHX,2019-07-29,10,41,16,43,16,79.07,74.42,93.75,15.33,17.77,8.03,21.49,1.56,1.0,0.5,16.06
PHX,2019-07-29,11,20,38,20,37,90.0,90.0,75.68,29.2,12.85,3.71,31.8,0.86,1.73,1.51,21.65
PHX,2019-07-29,12,32,30,30,31,80.0,70.0,87.1,10.73,15.27,4.93,14.77,1.55,2.25,1.94,5.87
PHX,2019-07-29,13,32,25,32,25,81.25,81.25,84.0,6.78,13.81,3.65,8.78,1.72,1.95,4.68,11.4
PHX,2019-07-29,14,28,34,30,35,66.67,66.67,82.86,26.6,12.8,2.84,28.4,2.0,1.97,1.14,23.57
PHX,2019-07-29,15,30,25,31,28,80.65,77.42,75.0,9.39,12.97,3.33,11.19,1.18,1.55,2.29,14.0
PHX,2019-07-29,16,30,24,32,24,75.0,71.88,70.83,22.72,12.94,3.16,25.0,2.33,1.39,0.29,25.67
PHX,2019-07-29,17,20,21,23,25,69.57,69.57,68.0,20.74,13.0,2.67,22.0,2.28,1.71,1.48,25.04
PHX,2019-07-29,18,25,46,26,60,73.08,65.38,71.67,17.04,12.96,3.9,19.88,3.73,1.92,2.87,18.13
PHX,2019-07-29,19,32,44,38,47,71.05,63.16,78.72,15.63,11.66,2.53,17.26,5.17,3.26,2.98,8.49
PHX,2019-07-29,20,30,32,35,32,62.86,62.86,87.5,18.29,14.86,4.13,21.2,4.19,2.0,1.47,11.88
PHX,2019-07-29,21,21,24,20,24,60.0,55.0,62.5,16.75,14.85,5.58,21.0,3.67,1.7,1.75,18.0
PHX,2019-07-29,22,13,16,13,17,84.62,76.92,76.47,3.77,15.85,6.17,8.31,1.12,0.32,0.71,7.59
PHX,2019-07-29,23,12,14,12,14,66.67,66.67,78.57,11.33,12.75,1.86,12.58,0.86,0.49,0.0,14.36
PHX,2019-07-30,0,3,0,3,2,66.67,66.67,50.0,19.0,10.67,0.57,19.0,3.0,0.05,5.0,17.0
PHX,2019-07-30,1,1,0,1,1,100.0,100.0,100.0,0.0,15.0,4.5,1.0,0.0,1.1,0.0,2.0
PHX,2019-07-30,2,0,0,0,1,0.0,0.0,100.0,0.0,0.0,0.0,0.0,0.0,1.1,4.0,13.0
PHX,2019-07-30,3,0,0,1,2,100.0,100.0,0.0,0.0,10.0,0.0,0.0,0.0,1.1,4.5,30.5
PHX,2019-07-30,4,0,0,1,6,100.0,100.0,66.67,3.0,15.0,4.4,7.0,0.67,1.93,1.0,10.17
PHX,2019-07-30,5,14,0,16,1,87.5,87.5,0.0,5.94,11.94,3.23,7.56,0.0,0.1,0.0,18.0
PHX,2019-07-30,6,21,23,30,24,76.67,73.33,87.5,7.57,12.47,2.87,9.03,0.5,0.26,0.0,13.17
PHX,2019-07-30,7,29,33,39,34,84.62,79.49,97.06,8.79,13.95,4.07,11.51,1.97,3.5,0.76,2.68
PHX,2019-07-30,8,49,30,50,30,82.0,62.0,90.0,6.58,21.46,11.11,15.88,1.63,6.32,3.27,2.87
PHX,2019-07-30,9,33,40,38,40,92.11,68.42,87.5,3.29,19.95,9.58,11.18,1.95,10.07,3.2,3.5
PHX,2019-07-30,10,40,16,40,17,90.0,72.5,88.24,5.0,19.4,9.69,13.03,0.71,0.49,1.76,5.94
PHX,2019-07-30,11,20,37,20,38,80.0,80.0,94.74,15.2,13.15,3.87,17.65,1.97,0.79,0.82,9.76
PHX,2019-07-30,12,32,31,34,34,88.24,85.29,88.24,7.03,14.71,4.31,9.94,2.09,3.06,1.74,5.35
PHX,2019-07-30,13,32,27,33,27,81.82,78.79,85.19,8.52,13.88,3.95,11.45,3.26,1.6,0.89,11.56
PHX,2019-07-30,14,30,32,31,33,80.65,74.19,90.91,15.42,13.61,3.26,17.94,3.24,2.45,2.21,7.36
PHX,2019-07-30,15,30,26,31,29,77.42,77.42,68.97,17.71,14.55,4.67,21.26,6.1,1.51,6.97,28.03
PHX,2019-07-30,16,27,24,29,26,72.41,51.72,84.62,21.62,32.76,22.92,42.72,5.19,2.67,3.23,10.5
PHX,2019-07-30,17,21,21,23,24,52.17,0.0,41.67,31.48,48.17,37.52,66.48,69.33,4.32,78.67,96.92
PHX,2019-07-30,18,24,44,21,51,28.57,4.76,13.73,116.67,19.95,10.95,127.52,49.45,2.89,58.33,106.14
PHX,2019-07-30,19,30,42,32,51,9.38,9.38,19.61,105.41,16.25,7.04,112.47,10.59,3.22,16.06,70.86
PHX,2019-07-30,20,29,32,32,40,34.38,21.88,37.5,77.84,18.53,7.41,85.34,4.88,3.93,8.45,49.35
PHX,2019-07-30,21,21,24,20,26,25.0,10.0,30.77,59.45,17.85,8.49,68.15,10.96,3.53,12.58,83.04
PHX,2019-07-30,22,13,15,13,18,46.15,15.38,44.44,28.46,20.69,10.91,39.15,2.89,9.77,7.56,33.44
PHX,2019-07-30,23,10,13,10,13,70.0,60.0,61.54,19.0,21.4,9.57,27.5,2.77,1.58,2.0,23.15
PHX,2019-07-31,0,3,0,3,3,66.67,66.67,100.0,10.0,12.67,2.23,12.0,0.0,0.0,0.0,0.67
PHX,2019-07-31,1,1,1,1,1,100.0,100.0,100.0,0.0,20.0,9.5,5.0,0.0,1.1,2.0,14.0
PHX,2019-07-31,2,0,0,0,1,0.0,0.0,0.0,0.0,0.0,0.0,0.0,0.0,1.1,0.0,15.0
PHX,2019-07-31,3,0,0,1,2,0.0,0.0,100.0,22.0,13.0,2.4,24.0,0.0,0.6,1.5,5.5
PHX,2019-07-31,4,0,0,2,5,100.0,100.0,80.0,0.0,9.0,0.2,0.0,1.2,1.1,2.8,7.4
PHX,2019-07-31,5,13,0,16,3,93.75,93.75,66.67,2.31,11.81,3.08,3.5,1.0,2.77,5.67,12.0
PHX,2019-07-31,6,22,23,30,23,80.0,80.0,91.3,15.83,13.0,3.52,18.23,1.43,2.4,1.13,4.04
PHX,2019-07-31,7,30,31,37,33,86.49,67.57,90.91,10.84,19.51,9.64,18.97,1.82,3.32,0.88,13.91
PHX,2019-07-31,8,48,29,50,31,84.0,28.0,80.65,14.6,30.72,20.26,32.82,4.26,5.94,5.26,13.68
PHX,2019-07-31,9,33,42,35,42,85.71,28.57,88.1,10.49,30.43,20.07,29.03,2.26,9.89,3.05,2.95
PHX,2019-07-31,10,41,16,42,16,88.1,19.05,87.5,18.24,31.12,21.33,37.6,2.06,2.76,2.25,19.75
PHX,2019-07-31,11,20,38,20,38,95.0,85.0,84.21,18.8,13.5,4.32,22.05,3.82,1.38,1.95,7.87
PHX,2019-07-31,12,33,30,33,31,87.88,81.82,70.97,6.79,16.0,5.54,10.67,2.45,0.56,0.9,19.19
PHX,2019-07-31,13,32,25,33,24,72.73,69.7,91.67,22.42,14.18,3.75,25.21,0.92,1.28,1.0,7.42
PHX,2019-07-31,14,28,34,28,34,75.0,64.29,79.41,12.96,15.43,5.0,16.79,1.0,2.02,3.03,10.41
PHX,2019-07-31,15,30,25,30,29,76.67,63.33,86.21,26.83,15.7,5.75,31.5,3.34,1.44,1.52,14.31
PHX,2019-07-31,16,30,24,30,27,83.33,83.33,77.78,16.53,13.4,3.48,18.47,2.96,2.98,2.74,10.07
PHX,2019-07-31,17,19,21,23,24,82.61,82.61,79.17,11.48,12.65,2.39,12.3,2.88,1.47,4.5,7.46
PHX,2019-07-31,18,25,46,24,59,75.0,70.83,62.71,11.54,10.63,1.44,12.38,3.29,2.23,6.56,23.44
PHX,2019-07-31,19,32,44,37,47,51.35,51.35,70.21,15.14,11.7,2.65,17.08,1.98,2.86,2.87,24.02
PHX,2019-07-31,20,28,30,34,29,67.65,61.76,65.52,32.56,15.88,5.1,37.12,3.79,2.33,2.0,20.9
PHX,2019-07-31,21,21,23,21,24,57.14,57.14,70.83,16.67,11.48,2.52,18.52,3.33,2.29,1.08,14.75
PHX,2019-07-31,22,14,15,13,16,46.15,46.15,68.75,23.31,12.38,2.8,25.0,0.56,1.17,0.0,30.75
PHX,2019-07-31,23,11,14,11,14,63.64,63.64,57.14,18.27,12.91,2.15,19.0,2.79,2.56,2.21,19.64
PHX,2019-08-01,0,3,0,3,1,100.0,100.0,0.0,5.33,13.0,2.37,7.67,0.0,1.1,3.0,31.0
PHX,2019-08-01,1,1,0,1,2,0.0,0.0,50.0,22.0,14.0,3.5,26.0,0.0,0.6,0.5,37.0
PHX,2019-08-01,2,0,0,0,1,0.0,0.0,0.0,0.0,0.0,0.0,0.0,4.0,1.1,7.0,24.0
PHX,2019-08-01,3,0,0,1,2,0.0,0.0,100.0,57.0,14.0,3.4,60.0,0.0,1.1,0.0,6.0
PHX,2019-08-01,4,0,0,1,5,100.0,100.0,80.0,0.0,14.0,3.4,0.0,0.6,1.7,1.4,7.2
PHX,2019-08-01,5,14,0,16,3,93.75,93.75,0.0,3.13,11.19,2.46,4.25,6.0,1.4,11.33,39.33
PHX,2019-08-01,6,20,23,30,23,90.0,83.33,95.65,4.27,14.9,5.14,7.93,1.43,2.21,0.78,12.61
PHX,2019-08-01,7,28,32,38,34,84.21,81.58,91.18,7.39,15.89,6.13,12.16,2.12,5.16,3.24,4.0
PHX,2019-08-01,8,50,29,51,29,82.35,74.51,79.31,7.25,18.29,7.96,13.04,0.66,6.58,3.1,16.0
PHX,2019-08-01,9,33,40,33,38,78.79,57.58,94.74,8.85,19.3,9.04,16.82,1.53,8.7,1.66,15.63
PHX,2019-08-01,10,42,16,42,18,83.33,61.9,77.78,16.67,20.0,10.2,25.12,1.56,2.45,2.17,8.56
PHX,2019-08-01,11,20,37,20,35,90.0,85.0,91.43,8.4,13.7,4.06,12.0,1.57,0.68,0.57,6.09
PHX,2019-08-01,12,31,32,35,34,85.71,85.71,79.41,8.74,15.23,4.83,12.43,2.26,1.84,1.68,14.97
PHX,2019-08-01,13,33,26,34,26,70.59,64.71,96.15,15.47,17.15,6.69,20.62,1.27,1.25,0.04,4.12
PHX,2019-08-01,14,29,33,31,31,64.52,61.29,90.32,41.94,15.9,5.5,46.65,1.61,1.7,1.39,5.48
PHX,2019-08-01,15,30,25,29,31,68.97,58.62,67.74,16.1,16.59,6.62,21.28,3.0,2.14,2.52,20.26
PHX,2019-08-01,16,28,24,29,26,68.97,68.97,53.85,19.45,14.34,4.37,22.59,5.96,1.74,7.27,31.88
PHX,2019-08-01,17,20,21,24,27,50.0,41.67,51.85,25.92,15.29,4.83,29.79,4.11,1.61,7.3,26.52
PHX,2019-08-01,18,25,44,26,55,50.0,46.15,56.36,26.88,13.15,3.69,30.19,5.35,2.01,6.69,17.82
PHX,2019-08-01,19,30,44,34,50,64.71,58.82,54.0,15.5,13.15,4.07,19.44,1.6,3.42,3.84,57.02
PHX,2019-08-01,20,30,32,38,32,63.16,47.37,62.5,26.79,18.45,7.67,33.26,1.22,0.82,1.63,23.34
PHX,2019-08-01,21,21,24,22,24,59.09,40.91,66.67,22.82,15.41,6.3,27.86,0.42,1.33,0.13,21.63
PHX,2019-08-01,22,13,17,15,17,80.0,53.33,47.06,9.73,17.4,7.61,16.67,0.47,0.95,1.29,44.47
PHX,2019-08-01,23,12,13,12,13,41.67,41.67,30.77,42.08,12.5,2.17,42.25,0.23,1.25,0.46,66.85
PHX,2019-08-02,0,2,0,2,1,100.0,100.0,100.0,0.5,12.5,1.95,1.5,0.0,4.1,0.0,12.0
PHX,2019-08-02,1,1,0,1,0,100.0,100.0,0.0,0.0,18.0,7.5,4.0,0.0,0.0,0.0,0.0
PHX,2019-08-02,2,0,0,0,1,0.0,0.0,100.0,0.0,0.0,0.0,0.0,0.0,0.1,0.0,0.0
PHX,2019-08-02,3,0,0,1,3,100.0,100.0,66.67,0.0,24.0,13.4,13.0,0.0,0.4,0.0,9.33
PHX,2019-08-02,4,0,0,1,5,100.0,100.0,60.0,0.0,13.0,2.4,0.0,0.2,1.3,1.2,20.0
PHX,2019-08-02,5,13,0,17,3,88.24,88.24,33.33,7.94,12.82,4.17,9.94,0.0,0.43,2.0,29.33
PHX,2019-08-02,6,21,23,30,23,86.67,83.33,91.3,4.57,12.0,2.66,6.03,1.39,0.59,1.3,3.96
PHX,2019-08-02,7,30,34,38,36,81.58,78.95,83.33,10.45,14.21,4.27,13.0,0.67,1.01,0.33,44.25
PHX,2019-08-02,8,50,29,49,29,77.55,61.22,82.76,11.08,20.02,9.62,18.51,1.45,5.59,2.62,15.62
PHX,2019-08-02,9,33,41,33,41,81.82,45.45,80.49,15.27,18.64,8.54,23.21,2.29,11.74,3.44,8.29
PHX,2019-08-02,10,42,16,41,17,82.93,63.41,76.47,16.8,19.17,9.5,25.1,1.94,1.12,2.12,10.0
PHX,2019-08-02,11,20,39,21,39,66.67,57.14,82.05,18.9,14.95,5.48,23.1,1.46,0.85,0.21,16.41
PHX,2019-08-02,12,32,33,30,31,73.33,66.67,74.19,29.33,15.6,5.37,33.4,1.68,1.7,1.35,22.23
PHX,2019-08-02,13,35,25,35,26,68.57,65.71,73.08,23.74,13.14,3.13,25.77,1.65,2.2,0.54,31.12
PHX,2019-08-02,14,28,34,27,33,62.96,62.96,72.73,33.44,14.3,4.15,36.85,4.06,2.82,3.15,18.24
PHX,2019-08-02,15,30,25,29,28,72.41,58.62,67.86,13.24,14.07,4.25,16.55,5.18,3.37,4.0,14.43
PHX,2019-08-02,16,30,24,28,25,64.29,60.71,60.0,19.04,12.32,2.8,20.93,3.84,1.02,1.12,33.2
PHX,2019-08-02,17,20,21,23,22,65.22,65.22,45.45,21.09,12.65,2.52,23.04,7.41,1.05,7.82,19.27
PHX,2019-08-02,18,25,45,24,57,50.0,45.83,64.91,30.63,12.17,2.91,33.0,3.25,1.07,2.93,24.58
PHX,2019-08-02,19,32,44,35,43,51.43,51.43,72.09,21.57,12.83,3.74,24.46,1.65,3.17,1.23,18.81
PHX,2019-08-02,20,29,32,32,30,46.88,43.75,76.67,36.47,14.38,3.63,38.94,3.27,2.5,3.23,10.47
PHX,2019-08-02,21,21,25,20,24,45.0,40.0,66.67,58.4,10.75,1.78,59.7,2.29,2.02,2.08,22.79
PHX,2019-08-02,22,13,17,12,17,83.33,83.33,70.59,6.08,11.08,1.71,7.0,0.88,3.38,0.94,13.88
PHX,2019-08-02,23,11,14,9,14,88.89,77.78,64.29,8.0,13.0,1.54,9.67,0.5,2.74,0.29,16.93
PHX,2019-08-03,0,3,0,3,1,33.33,33.33,100.0,24.67,13.67,3.57,24.67,0.0,1.1,0.0,0.0
PHX,2019-08-03,1,1,0,1,1,100.0,100.0,100.0,0.0,14.0,3.5,1.0,0.0,1.1,0.0,14.0
PHX,2019-08-03,2,0,0,0,1,0.0,0.0,100.0,0.0,0.0,0.0,0.0,0.0,1.1,1.0,5.0
PHX,2019-08-03,3,0,0,1,0,100.0,100.0,0.0,0.0,10.0,0.0,0.0,0.0,0.0,0.0,0.0
PHX,2019-08-03,4,0,0,0,2,0.0,0.0,100.0,0.0,0.0,0.0,0.0,0.0,0.05,0.0,3.5
PHX,2019-08-03,5,14,2,14,1,100.0,100.0,100.0,0.57,11.86,3.06,1.86,0.0,2.1,0.0,7.0
PHX,2019-08-03,6,15,15,22,15,90.91,81.82,100.0,4.73,13.18,3.37,7.09,0.87,2.0,0.73,0.27
PHX,2019-08-03,7,24,34,29,35,100.0,96.55,91.43,0.28,14.66,4.92,3.45,0.6,1.63,0.14,12.14
PHX,2019-08-03,8,51,27,52,25,96.15,65.38,92.0,3.17,22.58,12.36,12.92,0.92,9.22,3.64,4.4
PHX,2019-08-03,9,29,37,30,33,90.0,76.67,93.94,4.53,19.0,8.37,11.07,1.82,9.3,1.55,4.03
PHX,2019-08-03,10,39,16,37,16,72.97,70.27,100.0,17.81,14.59,4.85,21.97,0.94,0.49,0.63,1.25
PHX,2019-08-03,11,19,32,19,33,94.74,89.47,87.88,3.05,13.26,3.86,5.68,1.55,1.47,0.94,6.52
PHX,2019-08-03,12,25,30,25,30,92.0,88.0,86.67,3.84,13.36,2.76,5.16,1.6,1.21,0.67,6.2
PHX,2019-08-03,13,31,20,31,19,93.55,87.1,94.74,4.58,14.74,4.49,7.71,1.68,1.44,0.68,2.79
PHX,2019-08-03,14,27,33,26,32,88.46,88.46,78.13,3.23,14.15,3.57,5.62,2.78,2.72,2.16,18.91
PHX,2019-08-03,15,28,22,27,24,74.07,74.07,95.83,22.15,13.26,3.26,24.37,3.96,1.97,0.46,13.33
PHX,2019-08-03,16,26,30,25,31,80.0,76.0,83.87,15.96,12.48,2.57,17.68,2.77,1.65,4.97,10.1
PHX,2019-08-03,17,21,22,24,27,66.67,62.5,74.07,16.04,11.92,2.54,17.96,4.22,1.87,3.19,10.7
PHX,2019-08-03,18,25,40,26,42,76.92,61.54,73.81,10.15,14.73,5.08,14.46,5.1,2.46,4.14,14.95
PHX,2019-08-03,19,28,43,28,45,53.57,50.0,71.11,19.86,20.68,11.34,30.04,4.84,1.76,3.18,13.78
PHX,2019-08-03,20,27,17,28,18,64.29,14.29,83.33,23.18,43.54,32.59,54.43,2.78,2.02,1.72,6.83
PHX,2019-08-03,21,12,18,12,17,58.33,8.33,47.06,13.75,35.92,25.33,38.08,8.88,9.19,16.59,28.12
PHX,2019-08-03,22,9,13,10,14,40.0,0.0,42.86,22.3,25.9,15.61,38.3,17.5,7.02,22.14,44.0
PHX,2019-08-03,23,9,12,9,14,66.67,66.67,64.29,22.22,13.78,3.68,24.0,6.5,2.5,3.86,20.93
PHX,2019-08-04,0,3,1,3,0,100.0,66.67,0.0,3.33,14.33,4.57,8.0,0.0,0.0,0.0,0.0
PHX,2019-08-04,1,1,0,1,1,100.0,100.0,100.0,0.0,13.0,2.5,3.0,0.0,1.1,1.0,5.0
PHX,2019-08-04,2,0,0,0,1,0.0,0.0,0.0,0.0,0.0,0.0,0.0,1.0,1.1,4.0,66.0
PHX,2019-08-04,3,0,0,2,1,100.0,100.0,100.0,0.0,11.0,1.2,1.0,0.0,7.1,5.0,0.0
PHX,2019-08-04,4,0,0,2,0,100.0,100.0,0.0,0.0,9.0,1.2,0.0,0.0,0.0,0.0,0.0
PHX,2019-08-04,5,8,0,10,2,90.0,90.0,100.0,5.7,12.0,2.46,6.8,2.0,3.4,0.0,0.0
PHX,2019-08-04,6,21,11,22,11,95.45,90.91,100.0,42.77,12.86,4.12,44.5,1.55,0.52,0.0,0.0
PHX,2019-08-04,7,25,36,25,37,100.0,96.0,89.19,0.04,14.64,4.46,2.24,1.22,2.11,0.73,7.62
PHX,2019-08-04,8,51,28,52,29,92.31,71.15,79.31,4.85,22.25,12.0,14.75,1.03,10.47,3.48,8.07
PHX,2019-08-04,9,32,33,33,32,78.79,66.67,78.13,7.91,19.58,9.04,14.82,1.31,14.24,4.91,7.13
PHX,2019-08-04,10,40,24,39,24,82.05,74.36,83.33,6.13,15.79,5.91,10.59,1.33,0.45,1.33,15.71
PHX,2019-08-04,11,20,32,21,32,90.48,85.71,90.63,4.57,13.24,3.9,7.1,1.81,2.39,1.28,10.25
PHX,2019-08-04,12,26,28,26,29,92.31,88.46,79.31,9.04,14.85,4.25,11.31,1.41,1.08,1.45,18.31
PHX,2019-08-04,13,33,24,34,24,73.53,73.53,79.17,10.5,13.56,3.23,11.79,1.46,2.2,0.63,7.96
PHX,2019-08-04,14,29,33,29,33,79.31,72.41,84.85,34.34,14.52,4.3,37.76,1.64,2.39,3.12,10.45
PHX,2019-08-04,15,29,28,29,32,68.97,68.97,71.88,11.31,14.41,4.43,13.72,2.75,3.28,2.53,13.06
PHX,2019-08-04,16,31,22,32,22,71.88,68.75,86.36,20.78,12.16,2.64,22.72,3.0,2.37,3.09,9.64
PHX,2019-08-04,17,18,27,21,29,95.24,95.24,65.52,5.9,11.86,1.18,6.43,4.21,0.92,3.52,26.62
PHX,2019-08-04,18,30,35,30,36,66.67,50.0,77.78,16.3,13.27,4.14,20.13,2.0,1.49,3.89,17.28
PHX,2019-08-04,19,21,44,20,44,70.0,65.0,75.0,9.45,19.5,9.58,17.3,1.07,5.16,2.14,37.36
PHX,2019-08-04,20,33,32,36,33,80.56,77.78,69.7,16.19,13.33,3.12,17.89,1.97,2.37,0.82,18.97
PHX,2019-08-04,21,22,26,22,27,59.09,59.09,77.78,21.64,10.91,1.85,22.86,2.63,3.0,1.89,24.56
PHX,2019-08-04,22,14,15,16,15,81.25,81.25,53.33,7.5,11.25,1.93,8.94,0.8,3.62,4.8,17.47
PHX,2019-08-04,23,12,15,12,15,83.33,83.33,66.67,23.67,12.0,1.28,23.25,0.93,1.46,0.2,18.93
PHX,2019-08-05,0,2,0,2,1,100.0,100.0,100.0,0.0,10.5,0.2,0.0,1.0,3.7,0.0,0.0
PHX,2019-08-05,1,1,0,1,1,100.0,100.0,0.0,0.0,10.0,0.0,0.0,0.0,1.1,1.0,27.0
PHX,2019-08-05,2,0,0,0,1,0.0,0.0,100.0,0.0,0.0,0.0,0.0,0.0,1.1,0.0,0.0
PHX,2019-08-05,3,0,0,1,1,100.0,100.0,0.0,0.0,10.0,0.0,0.0,3.0,1.1,4.0,22.0
PHX,2019-08-05,4,0,0,0,0,0.0,0.0,0.0,0.0,0.0,0.0,0.0,0.0,0.0,0.0,0.0
PHX,2019-08-05,5,13,0,14,0,85.71,85.71,0.0,13.64,10.86,2.53,15.14,0.0,0.0,0.0,0.0
PHX,2019-08-05,6,21,23,23,24,82.61,82.61,95.83,11.17,10.74,1.88,12.22,1.38,3.07,0.88,0.79
PHX,2019-08-05,7,30,33,29,34,93.1,86.21,97.06,10.9,13.28,3.88,13.9,1.76,2.63,0.62,1.0
PHX,2019-08-05,8,46,29,47,29,80.85,70.21,89.66,9.45,17.64,7.3,14.7,2.03,7.87,3.69,3.45
PHX,2019-08-05,9,35,42,35,41,97.14,88.57,87.8,1.91,17.34,7.04,6.74,1.32,14.65,5.68,4.98
PHX,2019-08-05,10,42,16,44,18,90.91,81.82,94.44,7.23,15.73,6.19,11.59,0.39,2.0,1.78,4.06
PHX,2019-08-05,11,20,38,21,39,90.48,90.48,92.31,4.81,11.29,1.82,6.19,1.87,1.9,0.44,11.59
PHX,2019-08-05,12,31,31,32,32,81.25,81.25,87.5,7.88,14.16,3.85,9.84,1.03,1.79,0.44,4.59
PHX,2019-08-05,13,33,25,33,25,87.88,84.85,96.0,8.24,15.55,5.02,11.64,2.32,3.9,1.68,2.2
PHX,2019-08-05,14,28,34,30,34,83.33,80.0,88.24,12.37,12.47,2.27,14.0,3.74,3.05,3.12,5.38
PHX,2019-08-05,15,30,25,32,27,90.63,84.38,85.19,5.56,15.19,5.29,8.19,6.81,2.1,1.81,8.3
PHX,2019-08-05,16,30,24,32,25,75.0,56.25,80.0,19.94,18.97,9.16,27.78,5.08,1.06,0.36,8.6
PHX,2019-08-05,17,20,21,21,22,90.48,80.95,72.73,4.57,21.24,10.58,11.86,7.0,1.96,5.68,11.68
PHX,2019-08-05,18,25,46,26,61,80.77,65.38,68.85,12.27,16.81,7.14,17.31,6.97,0.85,7.39,22.84
PHX,2019-08-05,19,32,43,37,45,72.97,64.86,82.22,15.97,16.51,7.12,21.7,6.49,1.84,3.22,13.53
PHX,2019-08-05,20,30,33,35,33,82.86,45.71,78.79,7.4,23.51,12.63,17.71,3.94,1.98,4.76,8.09
PHX,2019-08-05,21,22,24,23,24,82.61,73.91,79.17,5.65,13.87,4.49,8.91,2.92,0.8,1.75,12.83
PHX,2019-08-05,22,13,16,15,18,86.67,86.67,72.22,5.33,13.4,3.9,7.53,1.67,1.09,2.5,17.22
PHX,2019-08-05,23,12,14,12,14,100.0,100.0,92.86,0.42,13.0,2.03,0.67,1.79,1.1,1.14,3.79
PHX,2019-08-06,0,3,1,3,1,100.0,100.0,0.0,0.0,15.33,5.23,3.33,0.0,0.1,0.0,20.0
PHX,2019-08-06,1,1,0,1,1,100.0,100.0,100.0,0.0,12.0,1.5,0.0,0.0,0.1,2.0,0.0
PHX,2019-08-06,2,0,0,0,1,0.0,0.0,100.0,0.0,0.0,0.0,0.0,0.0,0.1,0.0,0.0
PHX,2019-08-06,3,0,0,0,1,0.0,0.0,100.0,0.0,0.0,0.0,0.0,0.0,1.1,0.0,4.0
PHX,2019-08-06,4,0,0,1,5,100.0,100.0,80.0,0.0,12.0,1.4,0.0,0.0,0.86,0.2,11.8
PHX,2019-08-06,5,13,0,16,3,93.75,100.0,33.33,2.13,12.5,3.96,2.69,0.67,0.43,6.0,14.0
PHX,2019-08-06,6,17,14,27,15,81.48,77.78,100.0,15.0,13.56,3.87,17.7,1.53,2.33,2.27,1.27
PHX,2019-08-06,7,29,41,39,43,87.18,82.05,95.35,4.82,16.38,6.72,8.95,1.67,2.4,1.07,14.12
PHX,2019-08-06,8,54,29,56,28,82.14,76.79,82.14,18.34,19.7,9.69,25.54,2.04,6.27,3.14,8.75
PHX,2019-08-06,9,30,42,32,42,84.38,75.0,88.1,7.78,19.63,8.87,14.53,2.57,5.86,3.21,6.43
PHX,2019-08-06,10,46,15,45,15,75.56,64.44,86.67,12.76,15.93,6.44,17.71,1.0,1.09,1.07,6.47
PHX,2019-08-06,11,16,38,17,38,58.82,58.82,86.84,31.76,14.88,5.02,34.71,1.71,1.43,1.29,5.82
PHX,2019-08-06,12,34,34,34,35,76.47,70.59,85.71,14.47,13.62,3.6,16.88,1.4,2.29,0.4,18.97
PHX,2019-08-06,13,35,28,36,30,88.89,86.11,83.33,5.17,12.17,2.28,6.5,3.03,2.86,1.67,7.77
PHX,2019-08-06,14,27,33,27,34,74.07,74.07,79.41,9.78,14.33,3.47,12.59,1.71,1.36,2.47,10.56
PHX,2019-08-06,15,34,28,35,31,74.29,74.29,80.65,11.51,12.8,3.41,14.31,2.71,2.4,1.13,12.39
PHX,2019-08-06,16,28,26,30,29,70.0,63.33,79.31,14.43,13.5,3.9,16.87,2.66,0.7,3.52,9.86
PHX,2019-08-06,17,21,24,24,31,58.33,54.17,83.87,19.04,12.08,1.9,19.96,7.23,1.33,9.32,12.29
PHX,2019-08-06,18,32,38,32,51,71.88,71.88,70.59,10.31,10.94,2.49,11.69,1.78,2.39,2.63,15.43
PHX,2019-08-06,19,21,47,29,53,82.76,82.76,77.36,13.03,12.97,3.13,14.69,1.81,2.18,0.45,23.32
PHX,2019-08-06,20,34,31,35,30,82.86,77.14,73.33,9.89,12.57,2.55,11.34,1.37,1.86,0.4,10.73
PHX,2019-08-06,21,21,22,22,22,63.64,59.09,86.36,15.14,12.55,3.26,17.5,1.82,2.14,1.36,7.0
PHX,2019-08-06,22,10,14,10,16,80.0,80.0,68.75,7.3,14.2,3.97,8.6,1.5,1.73,2.13,11.44
PHX,2019-08-06,23,11,12,13,13,92.31,92.31,76.92,3.54,14.31,2.7,4.46,0.54,3.46,0.0,12.0
PHX,2019-08-07,0,3,1,3,3,66.67,66.67,100.0,18.33,11.67,1.23,19.0,1.0,0.07,0.0,6.33
PHX,2019-08-07,1,1,0,2,1,100.0,100.0,100.0,0.0,11.5,0.95,0.5,0.0,1.1,5.0,0.0
PHX,2019-08-07,2,0,0,1,1,100.0,100.0,0.0,0.0,10.0,0.0,0.0,0.0,1.1,0.0,18.0
PHX,2019-08-07,3,0,0,1,1,100.0,100.0,0.0,0.0,10.0,0.0,0.0,0.0,1.1,0.0,22.0
PHX,2019-08-07,4,0,0,0,5,0.0,0.0,100.0,0.0,0.0,0.0,0.0,0.0,0.26,0.8,2.8
PHX,2019-08-07,5,12,0,15,5,86.67,86.67,20.0,4.33,11.73,2.73,5.87,1.0,1.1,3.6,54.8
PHX,2019-08-07,6,18,14,27,15,70.37,70.37,100.0,13.67,13.89,4.14,16.3,1.8,0.47,0.07,0.0
PHX,2019-08-07,7,30,41,41,43,80.49,70.73,93.02,6.88,17.9,7.85,12.85,1.4,2.97,0.84,4.98
PHX,2019-08-07,8,54,28,58,26,81.03,56.9,88.46,13.78,22.98,12.93,24.19,1.69,3.2,1.73,2.96
PHX,2019-08-07,9,30,44,31,44,80.65,48.39,90.91,12.71,21.61,10.93,21.61,2.8,7.61,3.27,4.07
PHX,2019-08-07,10,46,15,46,18,73.91,65.22,72.22,18.07,13.11,3.94,20.96,2.17,1.75,9.83,28.78
PHX,2019-08-07,11,16,39,17,40,64.71,64.71,85.0,66.53,14.47,4.93,69.29,2.58,1.35,3.0,12.9
PHX,2019-08-07,12,35,33,35,35,80.0,62.86,77.14,6.6,14.97,5.08,10.11,1.43,2.11,1.26,27.97
PHX,2019-08-07,13,35,26,36,26,72.22,55.56,76.92,30.78,15.78,5.61,35.83,5.42,3.18,6.08,14.46
PHX,2019-08-07,14,25,34,25,37,60.0,48.0,72.97,21.72,18.16,7.35,28.24,5.84,3.18,6.11,13.7
PHX,2019-08-07,15,34,27,35,30,77.14,65.71,80.0,19.8,13.23,3.93,22.74,4.43,3.96,4.07,6.63
PHX,2019-08-07,16,30,26,30,29,83.33,76.67,62.07,8.6,15.03,5.17,12.73,3.24,1.88,3.83,21.72
PHX,2019-08-07,17,20,24,22,26,72.73,63.64,46.15,13.18,15.5,5.14,16.59,5.88,2.34,14.0,38.12
PHX,2019-08-07,18,33,40,33,49,30.3,27.27,42.86,59.18,13.0,4.29,62.97,5.57,2.28,10.61,25.04
PHX,2019-08-07,19,23,48,28,52,53.57,46.43,61.54,21.0,13.46,3.3,23.57,2.19,2.05,1.79,28.58
PHX,2019-08-07,20,34,30,40,31,67.5,62.5,51.61,15.5,14.95,4.61,18.7,6.1,2.65,5.45,57.74
PHX,2019-08-07,21,21,22,22,20,40.91,27.27,60.0,41.68,12.55,3.34,44.95,3.0,2.28,1.35,63.85
PHX,2019-08-07,22,10,14,10,15,60.0,50.0,46.67,30.5,18.3,7.57,37.1,2.27,0.33,3.47,36.0
PHX,2019-08-07,23,11,13,11,12,45.45,36.36,41.67,41.18,18.09,7.65,47.18,2.33,2.13,2.75,42.58
PHX,2019-08-08,0,3,1,2,2,50.0,50.0,50.0,41.5,10.5,0.1,41.5,2.5,0.0,0.5,22.5
PHX,2019-08-08,1,1,0,0,1,0.0,0.0,100.0,0.0,0.0,0.0,0.0,0.0,1.1,0.0,0.0
PHX,2019-08-08,2,0,0,0,1,0.0,0.0,0.0,0.0,0.0,0.0,0.0,0.0,1.1,0.0,26.0
PHX,2019-08-08,3,0,0,1,3,100.0,100.0,33.33,0.0,22.0,11.4,11.0,0.0,0.37,2.0,23.33
PHX,2019-08-08,4,0,0,1,5,100.0,100.0,100.0,0.0,14.0,3.4,0.0,1.6,0.84,3.8,5.6
PHX,2019-08-08,5,12,0,15,3,86.67,93.33,0.0,4.0,12.4,3.37,5.27,0.67,1.77,9.0,75.33
PHX,2019-08-08,6,17,14,27,13,74.07,70.37,92.31,7.81,13.48,3.57,10.56,2.31,1.32,1.54,2.38
PHX,2019-08-08,7,28,41,38,39,84.21,78.95,94.87,10.29,15.58,5.79,14.34,1.56,1.52,0.82,2.82
PHX,2019-08-08,8,55,28,56,27,80.36,62.5,88.89,15.3,17.91,7.92,21.63,1.52,3.46,1.48,12.26
PHX,2019-08-08,9,30,42,30,43,100.0,63.33,86.05,2.1,21.47,10.85,11.23,1.6,8.59,3.86,11.12
PHX,2019-08-08,10,46,15,47,15,87.23,53.19,86.67,5.91,20.49,10.92,15.89,0.53,0.97,3.8,4.67
PHX,2019-08-08,11,16,38,18,38,66.67,61.11,78.95,23.17,16.67,6.7,28.5,1.87,1.65,2.89,8.92
PHX,2019-08-08,12,34,34,34,34,82.35,79.41,85.29,7.65,15.5,5.57,12.21,1.74,2.44,1.53,23.94
PHX,2019-08-08,13,35,27,37,29,78.38,72.97,79.31,34.3,15.65,5.51,38.76,1.79,2.37,2.72,17.03
PHX,2019-08-08,14,26,32,26,32,65.38,65.38,84.38,25.12,14.81,4.32,28.19,3.44,2.1,4.38,8.69
PHX,2019-08-08,15,33,27,33,31,78.79,69.7,83.87,10.97,13.36,4.11,14.36,3.48,1.7,3.65,24.29
PHX,2019-08-08,16,28,26,30,29,70.0,66.67,79.31,23.17,12.63,2.82,24.93,2.07,1.7,1.93,8.21
PHX,2019-08-08,17,20,24,23,29,78.26,78.26,48.28,13.09,12.09,1.77,13.65,4.28,0.89,7.55,26.62
PHX,2019-08-08,18,33,38,34,49,35.29,35.29,69.39,32.15,14.15,5.49,37.09,3.33,1.37,3.9,15.69
PHX,2019-08-08,19,21,47,27,52,66.67,66.67,67.31,11.59,14.04,3.96,13.93,2.38,3.05,3.29,15.83
PHX,2019-08-08,20,34,31,40,31,55.0,52.5,54.84,17.93,14.55,4.36,21.58,1.68,3.73,3.71,30.55
PHX,2019-08-08,21,21,22,21,23,47.62,42.86,69.57,33.14,12.48,3.25,36.1,2.87,2.82,2.7,15.22
PHX,2019-08-08,22,10,15,10,17,90.0,80.0,52.94,5.5,13.6,3.19,6.9,1.06,2.96,1.24,41.29
PHX,2019-08-08,23,12,12,12,12,66.67,58.33,50.0,30.83,11.42,0.87,31.08,0.92,3.97,2.83,35.83
PHX,2019-08-09,0,2,1,3,3,66.67,66.67,33.33,11.0,11.0,0.43,11.0,4.0,1.4,4.0,21.33
PHX,2019-08-09,1,1,0,1,1,100.0,100.0,100.0,0.0,9.0,0.0,0.0,1.0,1.1,4.0,0.0
PHX,2019-08-09,2,0,0,0,1,0.0,0.0,0.0,0.0,0.0,0.0,0.0,1.0,1.1,6.0,30.0
PHX,2019-08-09,3,0,0,1,1,100.0,100.0,100.0,0.0,18.0,7.4,7.0,0.0,0.0,2.0,0.0
PHX,2019-08-09,4,0,0,1,6,100.0,100.0,83.33,0.0,14.0,3.4,0.0,0.5,1.2,1.83,7.0
PHX,2019-08-09,5,11,0,14,2,85.71,85.71,0.0,4.0,10.43,2.16,4.64,1.5,2.1,8.5,73.5
PHX,2019-08-09,6,18,14,26,17,88.46,76.92,82.35,6.04,13.58,3.74,8.69,5.18,2.78,6.88,8.76
PHX,2019-08-09,7,30,42,39,42,79.49,74.36,90.48,18.28,16.69,6.85,23.59,2.43,2.52,1.45,4.14
PHX,2019-08-09,8,55,28,56,30,83.93,58.93,73.33,11.0,21.68,11.71,20.82,2.8,8.13,5.07,8.13
PHX,2019-08-09,9,30,43,32,44,78.13,53.13,79.55,6.38,19.13,8.55,13.88,2.89,10.9,5.45,17.66
PHX,2019-08-09,10,45,15,45,16,80.0,73.33,87.5,22.07,13.56,4.07,25.38,1.38,2.01,1.94,7.25
PHX,2019-08-09,11,16,40,18,38,72.22,61.11,76.32,10.72,15.94,6.34,15.67,3.47,1.62,3.08,10.08
PHX,2019-08-09,12,35,35,35,38,82.86,80.0,81.58,8.29,15.17,5.12,12.31,3.03,1.51,3.13,15.29
PHX,2019-08-09,13,37,26,37,25,83.78,78.38,92.0,11.62,14.81,4.52,15.14,1.84,1.12,0.92,4.04
PHX,2019-08-09,14,25,32,26,32,84.62,80.77,84.38,7.69,15.92,5.31,11.35,1.06,1.48,1.06,21.03
PHX,2019-08-09,15,32,27,32,31,84.38,84.38,77.42,8.84,14.34,4.85,11.63,4.0,1.78,1.13,13.68
PHX,2019-08-09,16,30,26,30,27,73.33,70.0,88.89,31.63,13.53,3.68,33.5,3.19,0.78,1.7,8.41
PHX,2019-08-09,17,20,24,26,25,73.08,73.08,72.0,13.46,14.81,4.3,16.08,3.72,0.28,3.52,9.48
PHX,2019-08-09,18,33,38,32,48,78.13,62.5,83.33,10.94,14.69,5.63,15.66,2.0,0.79,1.69,9.79
PHX,2019-08-09,19,23,47,26,52,88.46,80.77,90.38,6.04,16.42,6.17,10.62,2.62,1.74,1.63,4.15
PHX,2019-08-09,20,33,31,37,31,75.68,56.76,67.74,28.7,18.08,7.59,34.97,2.74,2.63,3.16,12.13
PHX,2019-08-09,21,21,22,22,22,59.09,45.45,68.18,19.41,14.09,4.81,23.86,2.09,0.5,0.73,10.82
PHX,2019-08-09,22,10,15,10,16,80.0,80.0,56.25,5.6,14.0,3.39,7.2,1.25,0.42,1.75,22.63
PHX,2019-08-09,23,12,13,12,13,66.67,75.0,69.23,11.08,13.5,2.62,11.83,0.46,1.69,0.15,9.46
PHX,2019-08-10,0,3,0,3,2,66.67,66.67,100.0,8.33,15.0,4.57,12.33,0.5,0.55,0.0,7.0
PHX,2019-08-10,1,1,0,1,1,100.0,100.0,100.0,0.0,11.0,0.5,0.0,0.0,1.1,3.0,14.0
PHX,2019-08-10,2,0,0,0,1,0.0,0.0,100.0,0.0,0.0,0.0,0.0,2.0,1.1,4.0,0.0
PHX,2019-08-10,3,0,0,1,0,100.0,100.0,0.0,0.0,10.0,0.0,0.0,0.0,0.0,0.0,0.0
PHX,2019-08-10,4,0,0,0,3,0.0,0.0,33.33,0.0,0.0,0.0,0.0,2.33,1.77,6.33,16.67
PHX,2019-08-10,5,6,2,8,0,100.0,87.5,0.0,0.38,13.75,4.35,3.63,0.0,0.0,0.0,0.0
PHX,2019-08-10,6,19,11,24,10,91.67,75.0,90.0,2.96,15.29,5.45,6.67,3.4,0.28,1.0,2.3
PHX,2019-08-10,7,23,38,27,38,88.89,88.89,94.74,20.41,12.81,2.76,21.96,1.92,2.47,0.68,6.39
PHX,2019-08-10,8,49,25,49,26,91.84,75.51,84.62,5.2,17.29,7.17,10.55,1.96,9.12,3.42,5.54
PHX,2019-08-10,9,32,38,32,38,84.38,81.25,89.47,9.0,15.5,5.19,12.91,1.61,11.76,3.92,7.82
PHX,2019-08-10,10,39,16,41,17,85.37,75.61,82.35,9.88,14.88,5.28,14.54,1.47,1.95,2.29,9.88
PHX,2019-08-10,11,17,35,17,35,94.12,94.12,94.29,2.88,10.53,1.56,3.18,2.57,1.45,0.74,2.29
PHX,2019-08-10,12,30,27,30,29,86.67,76.67,93.1,8.57,12.67,2.63,10.0,1.14,1.47,0.97,7.0
PHX,2019-08-10,13,28,24,28,26,85.71,85.71,88.46,8.96,12.75,2.54,10.71,2.15,2.42,1.46,4.85
PHX,2019-08-10,14,28,34,28,33,82.14,78.57,90.91,12.29,13.11,3.0,14.43,2.48,2.4,1.73,5.7
PHX,2019-08-10,15,30,26,29,28,93.1,86.21,78.57,8.38,12.31,2.62,9.83,5.32,2.51,2.39,7.29
PHX,2019-08-10,16,29,20,30,21,76.67,66.67,80.95,10.9,12.2,2.93,13.5,5.57,1.67,2.57,17.38
PHX,2019-08-10,17,18,27,20,28,80.0,80.0,85.71,10.8,15.3,5.47,14.6,5.36,1.84,2.0,3.5
PHX,2019-08-10,18,24,39,24,39,95.83,91.67,84.62,3.38,14.79,4.83,6.42,3.74,2.17,1.36,6.28
PHX,2019-08-10,19,19,40,17,40,88.24,76.47,87.5,9.35,15.41,5.37,12.71,4.28,1.52,1.95,5.68
PHX,2019-08-10,20,27,17,28,17,78.57,71.43,88.24,9.0,16.0,5.16,12.43,1.71,5.42,2.18,9.24
PHX,2019-08-10,21,9,17,9,17,88.89,66.67,88.24,6.44,15.67,3.62,8.22,2.35,1.11,0.12,7.88
PHX,2019-08-10,22,8,6,8,7,87.5,87.5,100.0,3.38,14.38,3.64,4.38,1.71,1.96,0.71,1.57
PHX,2019-08-10,23,9,8,9,8,100.0,100.0,87.5,0.33,12.0,1.6,0.67,3.5,1.5,4.13,11.0
PHX,2019-08-11,0,3,0,3,0,66.67,66.67,0.0,10.0,12.67,2.03,10.0,0.0,0.0,0.0,0.0
PHX,2019-08-11,1,1,0,2,1,50.0,50.0,100.0,11.0,13.0,2.45,12.5,0.0,1.1,0.0,0.0
PHX,2019-08-11,2,0,0,0,2,0.0,0.0,50.0,0.0,0.0,0.0,0.0,0.0,0.55,1.0,10.0
PHX,2019-08-11,3,0,0,2,1,100.0,100.0,100.0,0.0,7.5,0.0,0.0,0.0,1.1,6.0,4.0
PHX,2019-08-11,4,0,0,2,0,100.0,100.0,0.0,0.0,8.0,0.2,0.0,0.0,0.0,0.0,0.0
PHX,2019-08-11,5,8,0,9,1,100.0,100.0,100.0,0.0,10.44,0.92,0.44,0.0,0.8,0.0,0.0
PHX,2019-08-11,6,18,12,20,12,95.0,95.0,100.0,2.35,11.1,2.02,3.25,1.67,2.27,1.17,0.33
PHX,2019-08-11,7,27,30,26,30,92.31,88.46,90.0,4.19,15.08,5.4,7.42,3.7,2.54,1.63,3.83
PHX,2019-08-11,8,44,34,45,34,88.89,73.33,79.41,5.78,20.53,9.95,12.96,2.35,7.03,3.47,5.68
PHX,2019-08-11,9,40,30,39,29,76.92,61.54,89.66,10.56,19.79,9.82,18.36,22.86,14.24,24.1,26.0
PHX,2019-08-11,10,32,26,32,26,90.63,84.38,96.15,4.5,18.03,7.54,9.88,2.54,1.24,1.62,1.65
PHX,2019-08-11,11,27,34,27,36,85.19,81.48,86.11,6.44,11.93,3.33,8.89,1.78,1.47,2.53,21.36
PHX,2019-08-11,12,29,31,30,32,93.33,90.0,84.38,11.97,14.8,4.53,14.9,3.28,1.5,1.34,13.09
PHX,2019-08-11,13,35,22,37,23,81.08,75.68,91.3,12.43,14.49,4.03,15.38,3.48,2.0,2.78,4.17
PHX,2019-08-11,14,27,36,27,38,81.48,74.07,94.74,24.11,13.89,3.64,26.93,4.66,2.74,4.84,5.03
PHX,2019-08-11,15,29,27,31,33,77.42,77.42,72.73,15.42,12.29,2.65,17.26,2.15,2.64,1.76,17.18
PHX,2019-08-11,16,29,26,30,28,73.33,66.67,85.71,27.07,13.1,3.43,29.6,2.21,1.28,1.25,11.93
PHX,2019-08-11,17,25,25,27,28,77.78,74.07,85.71,18.67,14.78,4.87,22.0,1.89,3.01,1.82,13.21
PHX,2019-08-11,18,29,36,29,37,68.97,55.17,78.38,10.93,14.62,5.47,15.24,3.0,3.01,2.3,9.92
PHX,2019-08-11,19,23,42,22,43,68.18,54.55,79.07,23.32,15.5,5.73,27.27,2.19,5.15,2.23,14.26
PHX,2019-08-11,20,30,33,32,34,78.13,75.0,85.29,10.53,13.38,2.69,12.69,1.62,3.49,1.59,9.65
PHX,2019-08-11,21,23,27,24,29,54.17,45.83,79.31,26.79,10.71,1.96,28.38,1.34,2.48,0.1,14.86
PHX,2019-08-11,22,11,14,12,15,75.0,75.0,86.67,8.58,11.67,1.52,9.08,2.07,3.29,1.93,8.13
PHX,2019-08-11,23,12,12,12,13,83.33,75.0,84.62,5.83,14.17,2.97,7.75,1.15,1.55,0.92,6.15
PHX,2019-08-12,0,2,1,2,0,100.0,100.0,0.0,0.5,10.0,0.25,1.0,0.0,0.0,0.0,0.0
PHX,2019-08-12,1,1,0,1,1,100.0,100.0,100.0,0.0,12.0,1.5,0.0,1.0,1.1,8.0,0.0
PHX,2019-08-12,2,0,0,0,2,0.0,0.0,50.0,0.0,0.0,0.0,0.0,0.5,0.55,3.5,60.0
PHX,2019-08-12,3,0,0,1,1,100.0,100.0,100.0,0.0,10.0,0.0,0.0,0.0,1.1,0.0,1.0
PHX,2019-08-12,4,0,0,2,0,100.0,100.0,0.0,0.0,11.5,0.9,0.5,0.0,0.0,0.0,0.0
PHX,2019-08-12,5,11,0,12,0,91.67,91.67,0.0,4.83,9.42,0.95,5.25,0.0,0.0,0.0,0.0
PHX,2019-08-12,6,18,14,20,13,100.0,95.0,84.62,0.0,12.7,3.21,1.85,0.31,0.2,0.0,6.92
PHX,2019-08-12,7,29,40,28,39,92.86,89.29,94.87,13.64,14.57,4.99,16.82,1.59,2.59,1.28,4.85
PHX,2019-08-12,8,54,30,54,30,88.89,75.93,83.33,6.0,17.56,7.58,11.78,2.0,5.13,4.43,5.43
PHX,2019-08-12,9,32,42,31,42,80.65,58.06,88.1,6.58,18.77,8.03,12.58,1.88,12.35,4.48,4.74
PHX,2019-08-12,10,45,15,46,15,86.96,80.43,100.0,6.5,14.35,5.02,9.8,1.13,0.89,0.33,0.0
PHX,2019-08-12,11,15,39,15,39,100.0,93.33,92.31,1.6,13.0,3.09,2.8,1.36,0.62,3.0,6.54
PHX,2019-08-12,12,35,33,34,34,91.18,85.29,97.06,4.12,14.12,4.11,6.38,2.32,0.9,0.74,2.09
PHX,2019-08-12,13,35,27,35,27,91.43,82.86,96.3,5.54,14.8,4.8,9.31,2.15,2.65,1.0,2.3
PHX,2019-08-12,14,26,33,28,33,85.71,85.71,96.97,20.32,14.0,3.28,22.57,1.3,2.56,0.42,2.33
PHX,2019-08-12,15,33,27,37,30,78.38,72.97,86.67,7.97,13.65,4.22,10.41,1.13,1.55,0.9,5.63
PHX,2019-08-12,16,30,26,31,29,90.32,90.32,79.31,2.55,12.97,3.16,4.52,2.48,1.14,1.21,8.24
PHX,2019-08-12,17,20,24,22,26,72.73,63.64,88.46,9.45,16.77,6.35,14.68,2.31,1.31,1.81,14.69
PHX,2019-08-12,18,33,39,34,51,88.24,76.47,86.27,6.88,13.12,4.34,10.15,2.33,1.51,0.76,7.67
PHX,2019-08-12,19,23,48,28,50,89.29,89.29,90.0,9.93,11.75,2.13,10.71,1.32,3.18,1.06,3.66
PHX,2019-08-12,20,34,30,38,30,65.79,57.89,70.0,21.5,15.39,5.33,25.95,1.57,2.59,0.73,25.93
PHX,2019-08-12,21,21,22,22,23,59.09,59.09,91.3,24.05,12.86,3.64,27.05,2.74,3.2,0.91,4.78
PHX,2019-08-12,22,10,15,10,16,100.0,100.0,81.25,0.2,12.7,2.28,0.9,2.19,1.39,2.13,14.44
PHX,2019-08-12,23,11,13,11,12,100.0,100.0,91.67,0.09,11.73,0.95,0.09,0.83,1.62,1.25,6.75
PHX,2019-08-13,0,3,1,3,2,66.67,66.67,50.0,14.67,11.33,0.7,15.0,3.0,0.55,0.0,16.0
PHX,2019-08-13,1,1,0,1,1,100.0,100.0,100.0,0.0,9.0,0.0,0.0,0.0,1.1,0.0,0.0
PHX,2019-08-13,2,0,0,0,1,0.0,0.0,100.0,0.0,0.0,0.0,0.0,0.0,1.1,0.0,0.0
PHX,2019-08-13,3,0,0,1,2,100.0,100.0,50.0,0.0,10.0,0.0,0.0,6.5,1.1,16.5,19.5
PHX,2019-08-13,4,0,0,1,5,100.0,100.0,20.0,0.0,16.0,5.4,5.0,0.6,0.02,1.6,21.4
PHX,2019-08-13,5,12,0,15,3,60.0,53.33,0.0,13.93,12.73,4.14,17.0,2.0,3.1,10.0,49.33
PHX,2019-08-13,6,17,14,27,12,70.37,70.37,100.0,10.0,12.93,3.15,12.15,1.75,0.64,1.17,0.58
PHX,2019-08-13,7,29,40,38,41,92.11,86.84,90.24,2.29,17.16,7.19,7.16,2.02,2.65,1.76,16.76
PHX,2019-08-13,8,54,31,53,31,88.68,77.36,96.77,6.09,18.75,8.74,12.28,1.94,3.85,1.84,3.71
PHX,2019-08-13,9,32,40,32,43,87.5,84.38,90.7,23.63,18.19,7.4,28.47,2.14,6.81,3.56,7.37
PHX,2019-08-13,10,45,16,47,16,93.62,87.23,93.75,5.94,14.81,5.44,9.49,0.63,1.64,1.38,4.63
PHX,2019-08-13,11,16,38,16,38,62.5,62.5,81.58,46.38,13.31,3.53,49.63,2.68,1.99,2.39,7.66
PHX,2019-08-13,12,34,34,35,32,82.86,71.43,87.5,9.54,15.2,5.17,13.71,0.88,3.2,2.28,4.28
PHX,2019-08-13,13,35,27,35,27,77.14,77.14,81.48,10.54,13.11,3.13,12.57,2.07,3.02,2.07,9.52
PHX,2019-08-13,14,26,32,29,34,65.52,62.07,82.35,34.83,13.66,2.95,37.03,3.0,2.94,2.97,6.32
PHX,2019-08-13,15,33,28,34,32,76.47,73.53,81.25,15.85,12.71,3.34,17.88,3.22,2.73,3.75,6.41
PHX,2019-08-13,16,28,26,29,27,68.97,62.07,92.59,12.31,13.93,4.11,15.83,2.26,1.5,1.33,4.11
PHX,2019-08-13,17,21,24,24,29,83.33,83.33,75.86,12.67,13.58,3.25,14.92,2.69,1.13,1.83,14.34
PHX,2019-08-13,18,32,37,30,53,80.0,73.33,75.47,13.9,11.2,2.52,15.5,3.0,1.52,2.42,16.25
PHX,2019-08-13,19,21,47,27,47,59.26,55.56,68.09,27.22,13.78,3.86,29.41,2.36,2.56,4.06,26.0
PHX,2019-08-13,20,34,30,38,30,73.68,71.05,66.67,17.11,13.13,3.14,18.61,3.0,2.08,2.23,12.97
PHX,2019-08-13,21,21,22,21,21,61.9,61.9,66.67,13.86,10.81,1.87,15.52,2.1,2.49,1.95,25.62
PHX,2019-08-13,22,10,14,10,15,80.0,70.0,93.33,11.0,16.3,5.5,14.0,3.27,1.81,2.2,8.4
PHX,2019-08-13,23,10,12,10,11,70.0,70.0,63.64,16.1,15.6,4.61,19.4,0.45,0.79,1.55,18.55
PHX,2019-08-14,0,3,1,3,2,100.0,100.0,100.0,1.67,22.0,11.63,4.67,3.0,0.0,0.0,2.0
PHX,2019-08-14,1,1,0,1,1,100.0,100.0,100.0,0.0,13.0,2.5,0.0,0.0,1.1,1.0,0.0
PHX,2019-08-14,2,0,0,0,2,0.0,0.0,100.0,0.0,0.0,0.0,0.0,0.0,0.9,0.0,1.5
PHX,2019-08-14,3,0,0,1,2,100.0,100.0,100.0,0.0,13.0,2.4,2.0,0.0,0.95,4.0,5.5
PHX,2019-08-14,4,0,0,1,5,100.0,100.0,80.0,0.0,14.0,3.4,0.0,1.4,1.9,2.8,12.0
PHX,2019-08-14,5,11,0,14,3,85.71,78.57,33.33,9.79,17.86,9.42,17.93,0.0,1.77,5.33,39.0
PHX,2019-08-14,6,18,14,29,16,82.76,82.76,87.5,5.38,12.62,3.08,7.34,1.63,1.74,2.13,3.5
PHX,2019-08-14,7,29,40,37,41,81.08,78.38,95.12,10.0,15.84,5.85,13.89,1.88,2.59,1.17,3.2
PHX,2019-08-14,8,55,30,57,30,89.47,61.4,80.0,5.44,21.89,11.9,15.02,2.5,7.15,5.23,5.63
PHX,2019-08-14,9,31,42,32,43,84.38,59.38,83.72,9.56,20.53,9.87,16.94,2.07,5.92,1.98,7.72
PHX,2019-08-14,10,45,16,46,19,80.43,65.22,63.16,9.48,16.63,7.16,15.63,2.95,2.08,10.42,20.58
PHX,2019-08-14,11,16,38,16,37,68.75,56.25,81.08,19.13,15.56,5.47,22.63,1.76,0.77,2.03,7.24
PHX,2019-08-14,12,34,33,34,33,76.47,70.59,81.82,12.18,13.59,3.61,14.82,2.12,2.58,2.7,9.3
PHX,2019-08-14,13,35,27,34,28,85.29,58.82,85.71,4.94,16.56,6.51,10.85,3.25,2.98,2.5,6.21
PHX,2019-08-14,14,26,33,24,34,91.67,79.17,91.18,8.04,16.71,5.85,11.96,2.65,4.3,1.44,3.82
PHX,2019-08-14,15,33,27,35,31,77.14,71.43,77.42,13.54,13.83,4.43,17.03,3.55,2.97,4.94,11.35
PHX,2019-08-14,16,30,26,32,29,68.75,65.63,75.86,15.34,13.28,3.55,17.91,2.41,1.42,1.17,10.0
PHX,2019-08-14,17,20,24,23,28,69.57,56.52,78.57,22.17,13.13,3.0,24.52,2.39,1.63,3.14,7.04
PHX,2019-08-14,18,33,39,33,57,75.76,63.64,70.18,13.06,13.36,4.31,16.7,2.77,2.42,2.88,12.74
PHX,2019-08-14,19,23,48,30,50,83.33,66.67,70.0,7.6,16.03,5.96,12.07,1.74,3.71,6.4,37.76
PHX,2019-08-14,20,34,30,39,30,66.67,56.41,56.67,22.23,14.44,4.33,25.62,2.5,3.16,4.07,19.27
PHX,2019-08-14,21,21,22,22,24,50.0,50.0,75.0,50.82,11.59,2.35,53.05,4.42,2.0,3.5,7.79
PHX,2019-08-14,22,10,14,10,15,80.0,80.0,60.0,8.5,12.7,2.12,9.6,2.33,1.09,1.47,20.2
PHX,2019-08-14,23,10,13,9,14,55.56,55.56,57.14,27.89,14.56,3.89,29.67,2.5,1.69,4.5,23.86
PHX,2019-08-15,0,3,1,3,2,33.33,33.33,100.0,34.33,12.0,1.57,36.0,2.0,0.55,0.0,2.0
PHX,2019-08-15,1,1,0,1,1,100.0,100.0,100.0,0.0,14.0,3.5,4.0,0.0,1.1,4.0,0.0
PHX,2019-08-15,2,0,0,0,1,0.0,0.0,100.0,0.0,0.0,0.0,0.0,0.0,1.1,0.0,0.0
PHX,2019-08-15,3,0,0,1,2,100.0,100.0,100.0,0.0,24.0,13.4,13.0,1.5,0.6,6.0,6.5
PHX,2019-08-15,4,0,0,1,4,100.0,100.0,100.0,0.0,11.0,0.4,0.0,0.0,1.08,0.0,5.5
PHX,2019-08-15,5,12,0,19,3,94.74,94.74,33.33,1.84,12.74,3.31,3.58,0.0,0.7,1.0,29.0
PHX,2019-08-15,6,17,14,27,16,92.59,92.59,81.25,2.63,13.56,4.09,5.56,0.81,0.59,0.88,5.69
PHX,2019-08-15,7,29,39,40,39,87.5,80.0,97.44,16.55,15.73,5.91,20.48,1.79,1.69,1.18,3.15
PHX,2019-08-15,8,54,31,57,33,85.96,71.93,93.94,8.16,20.68,10.71,16.82,1.15,5.71,3.06,3.64
PHX,2019-08-15,9,32,40,33,39,75.76,66.67,76.92,7.36,19.42,8.65,13.91,3.36,8.44,3.54,8.49
PHX,2019-08-15,10,45,16,44,18,79.55,72.73,66.67,19.3,14.61,5.36,23.82,1.5,1.11,3.44,18.72
PHX,2019-08-15,11,16,38,16,39,68.75,68.75,89.74,21.88,15.0,4.85,26.06,2.44,1.15,0.59,7.9
PHX,2019-08-15,12,34,34,37,35,78.38,75.68,97.14,17.43,12.7,3.01,19.49,1.54,2.28,1.11,21.11
PHX,2019-08-15,13,35,26,33,27,81.82,81.82,88.89,15.24,13.0,3.15,17.24,1.93,3.68,1.81,14.7
PHX,2019-08-15,14,25,32,28,32,71.43,71.43,81.25,21.68,15.61,4.88,25.71,2.59,3.97,2.47,12.0
PHX,2019-08-15,15,33,28,33,31,69.7,69.7,90.32,19.36,12.33,3.24,21.61,1.55,0.57,0.35,4.52
PHX,2019-08-15,16,29,27,31,31,87.1,83.87,67.74,7.71,11.42,1.95,8.81,2.35,1.04,2.29,26.61
PHX,2019-08-15,17,21,24,26,28,53.85,50.0,89.29,29.12,15.19,4.86,32.96,1.5,1.21,2.93,10.07
PHX,2019-08-15,18,33,37,35,47,74.29,62.86,70.21,8.66,11.97,3.09,10.8,2.13,2.06,1.32,18.13
PHX,2019-08-15,19,21,48,24,51,66.67,70.83,64.71,22.0,12.08,2.97,23.29,1.76,2.45,3.78,26.12
PHX,2019-08-15,20,34,30,39,30,71.79,61.54,60.0,26.97,13.74,3.63,30.0,2.97,1.99,1.73,25.63
PHX,2019-08-15,21,21,21,21,21,61.9,57.14,71.43,26.38,12.33,3.09,28.67,1.95,2.6,0.33,15.71
PHX,2019-08-15,22,10,15,11,16,63.64,63.64,56.25,10.73,12.55,2.41,11.91,2.06,1.82,6.56,28.75
PHX,2019-08-15,23,10,12,10,12,70.0,60.0,66.67,24.7,17.9,6.75,31.1,1.17,1.5,2.25,16.5
PHX,2019-08-16,0,2,1,2,2,50.0,50.0,50.0,11.0,12.5,1.95,12.5,5.5,0.55,3.0,14.0
PHX,2019-08-16,1,1,0,1,1,0.0,0.0,100.0,76.0,12.0,1.5,78.0,1.0,1.1,4.0,1.0
PHX,2019-08-16,2,0,0,0,1,0.0,0.0,100.0,0.0,0.0,0.0,0.0,3.0,1.1,0.0,0.0
PHX,2019-08-16,3,0,0,1,2,100.0,100.0,50.0,0.0,10.0,0.0,0.0,1.5,0.6,3.5,15.5
PHX,2019-08-16,4,0,0,1,4,100.0,100.0,50.0,0.0,13.0,2.4,0.0,1.25,1.1,1.0,17.75
PHX,2019-08-16,5,11,0,12,4,91.67,83.33,25.0,5.25,12.67,3.88,7.67,2.0,1.05,11.5,47.75
PHX,2019-08-16,6,18,14,26,15,88.46,88.46,80.0,6.23,13.35,3.4,8.69,1.0,1.57,5.27,41.27
PHX,2019-08-16,7,29,41,37,42,83.78,70.27,90.48,11.3,19.0,8.96,18.38,2.5,2.52,2.52,12.45
PHX,2019-08-16,8,56,31,58,32,84.48,68.97,84.38,6.81,21.28,11.29,15.79,3.34,4.77,3.78,21.28
PHX,2019-08-16,9,32,41,34,39,85.29,76.47,87.18,6.94,18.09,7.34,12.35,2.41,6.65,2.82,7.18
PHX,2019-08-16,10,45,16,43,16,83.72,76.74,87.5,13.93,15.16,6.04,19.23,2.0,2.6,1.19,5.06
PHX,2019-08-16,11,16,40,16,40,87.5,81.25,90.0,7.63,11.56,1.76,8.38,2.42,1.1,0.55,5.6
PHX,2019-08-16,12,35,35,36,33,75.0,69.44,96.97,15.19,12.78,2.74,17.08,1.24,1.6,0.85,1.27
PHX,2019-08-16,13,37,26,35,25,91.43,88.57,96.0,6.2,13.83,3.92,8.71,3.24,2.42,1.36,2.16
PHX,2019-08-16,14,25,33,25,33,84.0,76.0,87.88,7.04,15.68,4.97,10.72,1.88,3.13,0.85,5.88
PHX,2019-08-16,15,33,27,35,28,74.29,68.57,82.14,11.14,14.0,4.62,15.29,5.36,3.57,1.43,12.11
PHX,2019-08-16,16,30,27,29,26,75.86,65.52,76.92,15.38,12.79,3.13,17.9,1.38,2.43,0.96,10.58
PHX,2019-08-16,17,21,24,23,24,82.61,82.61,95.83,5.43,12.48,2.19,6.35,1.42,1.35,1.92,2.33
PHX,2019-08-16,18,33,38,33,49,90.91,72.73,73.47,4.7,17.12,8.08,11.24,2.92,2.21,1.51,17.49
PHX,2019-08-16,19,23,48,27,50,85.19,85.19,88.0,8.07,16.74,6.75,12.89,2.56,1.65,1.64,8.18
PHX,2019-08-16,20,33,30,36,30,80.56,72.22,80.0,13.39,17.5,7.21,18.11,1.8,3.22,2.03,14.07
PHX,2019-08-16,21,21,21,23,22,73.91,65.22,77.27,10.57,12.52,3.35,13.09,2.18,2.54,1.0,13.18
PHX,2019-08-16,22,10,15,10,15,70.0,70.0,40.0,7.9,13.8,3.03,10.2,1.8,1.03,3.33,20.2
PHX,2019-08-16,23,10,13,10,13,80.0,80.0,69.23,5.7,12.4,1.18,6.0,0.38,1.36,0.77,12.85
PHX,2019-08-17,0,3,0,3,2,100.0,100.0,100.0,3.67,11.0,0.63,3.33,1.5,0.55,0.5,3.0
PHX,2019-08-17,1,1,0,1,2,100.0,100.0,100.0,0.0,12.0,1.5,0.0,2.5,1.95,5.0,0.0
PHX,2019-08-17,2,0,0,1,1,100.0,100.0,100.0,0.0,17.0,6.5,7.0,0.0,1.1,0.0,0.0
PHX,2019-08-17,3,0,0,1,0,100.0,100.0,0.0,0.0,10.0,0.0,0.0,0.0,0.0,0.0,0.0
PHX,2019-08-17,4,0,0,0,2,0.0,0.0,100.0,0.0,0.0,0.0,0.0,0.0,0.6,1.5,1.5
PHX,2019-08-17,5,6,2,7,1,100.0,100.0,100.0,0.14,12.14,2.34,1.43,0.0,3.1,6.0,8.0
PHX,2019-08-17,6,19,11,26,10,88.46,84.62,100.0,2.81,12.12,2.58,4.5,2.2,2.61,3.1,3.1
PHX,2019-08-17,7,23,38,26,37,84.62,76.92,100.0,13.35,14.81,5.02,17.08,0.89,1.49,0.46,0.59
PHX,2019-08-17,8,49,25,48,26,87.5,79.17,100.0,13.63,19.69,9.56,21.1,3.04,3.97,1.58,0.85
PHX,2019-08-17,9,32,39,32,40,84.38,81.25,90.0,23.34,17.41,7.1,27.91,1.88,8.38,2.4,17.5
PHX,2019-08-17,10,38,16,41,17,85.37,82.93,100.0,3.54,15.68,5.97,7.44,0.35,2.42,0.41,0.76
PHX,2019-08-17,11,18,34,18,34,94.44,94.44,88.24,7.33,12.17,2.49,8.44,2.12,1.19,0.68,8.47
PHX,2019-08-17,12,29,27,29,27,93.1,89.66,88.89,3.52,12.83,2.97,4.97,1.56,1.88,0.67,17.04
PHX,2019-08-17,13,28,24,29,24,82.76,82.76,87.5,18.72,13.07,2.62,20.07,2.5,1.93,2.71,24.96
PHX,2019-08-17,14,28,34,28,33,78.57,71.43,87.88,24.96,13.54,3.3,27.29,1.42,2.83,1.18,14.88
PHX,2019-08-17,15,29,29,28,30,89.29,85.71,86.67,12.79,14.71,5.0,16.07,2.17,1.75,2.63,12.13
PHX,2019-08-17,16,31,19,32,20,81.25,81.25,80.0,10.41,11.78,2.24,11.66,2.2,1.63,0.55,16.7
PHX,2019-08-17,17,19,27,21,28,90.48,76.19,92.86,3.9,14.62,5.1,8.14,1.25,1.27,1.32,5.14
PHX,2019-08-17,18,23,37,24,40,91.67,91.67,80.0,3.71,12.08,2.26,5.13,1.43,1.75,1.55,11.85
PHX,2019-08-17,19,19,41,18,41,77.78,77.78,75.61,8.56,11.83,2.01,9.17,0.88,3.11,0.54,17.8
PHX,2019-08-17,20,27,17,27,16,85.19,81.48,81.25,5.85,14.96,4.36,8.15,1.88,1.99,0.56,8.5
PHX,2019-08-17,21,9,17,9,17,77.78,77.78,76.47,27.56,18.89,7.44,32.78,1.59,1.3,0.35,21.82
PHX,2019-08-17,22,8,6,8,7,75.0,75.0,85.71,32.13,11.88,1.39,32.13,0.29,1.66,0.43,2.86
PHX,2019-08-17,23,9,8,9,8,88.89,88.89,62.5,7.44,12.78,2.32,9.22,1.25,1.75,3.38,10.25
PHX,2019-08-18,0,3,0,3,0,100.0,100.0,0.0,2.67,12.0,1.57,4.0,0.0,0.0,0.0,0.0
PHX,2019-08-18,1,1,0,1,1,100.0,100.0,0.0,0.0,12.0,1.5,0.0,0.0,1.1,4.0,15.0
PHX,2019-08-18,2,0,0,0,2,0.0,0.0,100.0,0.0,0.0,0.0,0.0,0.5,1.1,0.5,0.0
PHX,2019-08-18,3,0,0,2,1,100.0,100.0,100.0,0.0,8.5,0.0,0.0,1.0,3.1,2.0,9.0
PHX,2019-08-18,4,0,0,2,0,50.0,50.0,0.0,75.5,9.0,1.2,72.5,0.0,0.0,0.0,0.0
PHX,2019-08-18,5,8,0,10,1,90.0,90.0,100.0,2.6,11.3,1.91,3.8,0.0,0.0,0.0,0.0
PHX,2019-08-18,6,18,12,20,12,95.0,95.0,91.67,1.15,13.3,3.92,3.4,1.25,1.72,1.17,3.42
PHX,2019-08-18,7,27,29,27,28,81.48,77.78,92.86,12.52,14.22,4.44,15.11,1.21,3.08,1.57,4.89
PHX,2019-08-18,8,44,36,43,37,88.37,83.72,78.38,5.56,18.93,8.47,11.02,2.22,6.09,6.08,14.81
PHX,2019-08-18,9,41,28,41,29,85.37,78.05,96.55,12.59,16.85,6.91,18.39,3.45,11.86,5.31,4.48
PHX,2019-08-18,10,31,27,33,27,90.91,84.85,100.0,5.36,18.09,7.75,11.42,1.15,1.26,1.0,0.74
PHX,2019-08-18,11,27,34,27,34,85.19,85.19,76.47,13.0,12.44,3.94,16.22,1.18,1.71,0.91,12.21
PHX,2019-08-18,12,29,31,29,29,65.52,58.62,82.76,15.48,17.34,6.98,21.52,2.41,3.02,2.55,14.83
PHX,2019-08-18,13,35,22,34,23,67.65,67.65,86.96,26.12,13.12,3.14,28.41,2.04,2.72,1.52,5.17
PHX,2019-08-18,14,27,36,28,38,89.29,85.71,84.21,8.0,13.18,3.07,10.18,1.55,3.35,1.5,7.03
PHX,2019-08-18,15,28,27,28,30,85.71,85.71,80.0,8.46,13.89,4.31,11.64,1.63,2.67,2.57,24.4
PHX,2019-08-18,16,30,27,31,28,80.65,77.42,82.14,13.45,11.55,2.05,14.9,1.32,1.36,0.75,16.18
PHX,2019-08-18,17,26,25,29,28,65.52,62.07,67.86,25.31,11.93,2.15,26.93,1.0,1.05,2.46,19.79
PHX,2019-08-18,18,28,35,28,37,75.0,71.43,78.38,17.18,10.71,1.93,18.5,2.03,1.72,1.38,17.14
PHX,2019-08-18,19,24,43,23,43,82.61,73.91,69.77,8.09,13.35,3.93,10.48,2.3,4.33,2.88,17.05
PHX,2019-08-18,20,30,32,31,33,54.84,48.39,87.88,25.35,15.13,4.63,29.39,1.39,5.69,3.7,6.15
PHX,2019-08-18,21,23,26,21,26,76.19,71.43,69.23,8.38,13.29,4.43,11.67,2.19,3.2,2.92,26.69
PHX,2019-08-18,22,11,14,12,15,91.67,66.67,53.33,8.33,16.17,5.92,13.42,2.07,0.87,0.4,51.2
PHX,2019-08-18,23,10,12,10,11,60.0,50.0,63.64,48.2,12.7,2.51,49.0,1.73,1.05,3.73,21.55
PHX,2019-08-19,0,2,1,2,0,50.0,50.0,0.0,28.5,10.0,0.25,28.0,0.0,0.0,0.0,0.0
PHX,2019-08-19,1,1,0,1,1,100.0,100.0,100.0,4.0,12.0,1.5,6.0,0.0,1.1,3.0,0.0
PHX,2019-08-19,2,0,0,0,1,0.0,0.0,100.0,0.0,0.0,0.0,0.0,0.0,1.1,1.0,0.0
PHX,2019-08-19,3,0,0,1,1,100.0,100.0,100.0,0.0,10.0,0.0,0.0,6.0,1.1,9.0,4.0
PHX,2019-08-19,4,0,0,0,0,0.0,0.0,0.0,0.0,0.0,0.0,0.0,0.0,0.0,0.0,0.0
PHX,2019-08-19,5,11,0,12,0,75.0,66.67,0.0,20.08,11.75,2.97,22.08,0.0,0.0,0.0,0.0
PHX,2019-08-19,6,18,14,20,13,95.0,95.0,100.0,1.25,11.65,2.16,2.55,1.08,0.68,0.0,0.0
PHX,2019-08-19,7,29,40,30,40,93.33,80.0,92.5,10.43,14.77,5.18,14.0,1.0,1.4,0.2,12.15
PHX,2019-08-19,8,54,30,51,30,84.31,70.59,90.0,15.82,17.84,8.01,21.63,1.83,5.53,2.37,31.2
PHX,2019-08-19,9,32,42,34,42,94.12,82.35,92.86,1.88,18.74,8.07,8.26,1.48,11.14,2.83,2.52
PHX,2019-08-19,10,45,16,46,16,91.3,84.78,100.0,4.98,15.48,6.07,9.35,0.63,0.86,0.69,0.56
PHX,2019-08-19,11,16,38,17,38,76.47,76.47,97.37,15.41,14.06,4.44,18.41,1.66,0.9,0.71,3.37
PHX,2019-08-19,12,34,33,34,35,82.35,76.47,91.43,15.71,15.18,5.14,19.32,2.2,2.94,4.0,4.71
PHX,2019-08-19,13,35,27,35,27,85.71,77.14,88.89,8.66,15.23,5.34,12.6,2.19,3.66,2.37,11.7
PHX,2019-08-19,14,26,33,29,33,72.41,62.07,90.91,20.03,15.48,5.0,23.76,1.67,3.42,1.06,2.15
PHX,2019-08-19,15,33,27,33,30,81.82,81.82,83.33,7.94,11.21,1.86,8.76,1.73,2.24,2.17,7.73
PHX,2019-08-19,16,30,27,32,26,81.25,78.13,80.77,13.44,12.03,2.07,14.75,1.58,1.28,0.23,10.46
PHX,2019-08-19,17,21,24,23,28,86.96,82.61,85.71,6.65,14.17,3.81,9.13,1.82,0.84,1.75,7.32
PHX,2019-08-19,18,31,39,32,50,87.5,84.38,72.0,5.84,10.09,1.76,6.69,2.36,1.92,2.54,11.12
PHX,2019-08-19,19,23,49,29,51,62.07,58.62,68.63,14.45,12.03,2.45,15.45,0.84,2.47,1.86,21.57
PHX,2019-08-19,20,34,29,39,30,58.97,53.85,73.33,39.77,14.1,3.76,42.54,1.83,2.52,1.67,21.87
PHX,2019-08-19,21,21,23,23,22,78.26,78.26,81.82,7.22,12.17,3.0,9.7,2.05,1.33,1.05,28.05
PHX,2019-08-19,22,11,13,11,14,72.73,72.73,92.86,20.27,12.18,2.06,21.36,1.79,1.73,0.0,5.93
PHX,2019-08-19,23,9,14,9,14,77.78,77.78,78.57,23.44,13.78,3.18,24.89,0.36,0.99,0.29,10.71
PHX,2019-08-20,0,3,1,3,3,33.33,33.33,66.67,32.67,11.67,1.2,33.67,5.67,0.07,4.0,7.67
PHX,2019-08-20,1,1,0,1,1,100.0,100.0,0.0,0.0,12.0,1.5,0.0,0.0,1.1,3.0,26.0
PHX,2019-08-20,2,0,0,0,1,0.0,0.0,100.0,0.0,0.0,0.0,0.0,0.0,1.1,0.0,0.0
PHX,2019-08-20,3,0,0,1,2,0.0,0.0,50.0,23.0,13.0,2.4,25.0,1.5,0.1,4.0,21.5
PHX,2019-08-20,4,0,0,2,5,50.0,50.0,60.0,26.0,11.0,2.2,24.0,0.8,1.88,0.8,29.8
PHX,2019-08-20,5,12,0,15,2,93.33,93.33,0.0,2.0,11.33,2.99,4.27,0.5,0.1,6.0,50.0
PHX,2019-08-20,6,18,12,25,14,84.0,84.0,85.71,3.88,11.92,2.56,5.44,2.36,0.94,0.43,28.29
PHX,2019-08-20,7,27,35,39,40,79.49,76.92,97.5,14.44,14.69,4.92,17.87,1.27,1.31,0.55,6.85
PHX,2019-08-20,8,49,25,52,26,94.23,76.92,84.62,3.0,19.48,9.55,10.27,2.46,4.8,3.38,9.04
PHX,2019-08-20,9,28,47,31,49,64.52,61.29,87.76,17.55,18.45,7.8,23.74,2.22,10.08,3.31,9.45
PHX,2019-08-20,10,41,19,41,20,78.05,63.41,85.0,11.61,16.56,7.22,17.78,2.1,0.97,9.45,10.4
PHX,2019-08-20,11,15,36,15,36,53.33,53.33,86.11,43.67,13.27,3.46,46.13,2.33,1.1,1.92,5.42
PHX,2019-08-20,12,30,31,30,31,73.33,60.0,90.32,20.47,17.3,7.61,27.7,1.42,2.52,1.03,2.68
PHX,2019-08-20,13,33,27,34,26,97.06,85.29,88.46,2.24,17.26,7.15,7.97,2.69,4.98,2.88,19.96
PHX,2019-08-20,14,22,30,23,30,69.57,69.57,100.0,34.09,14.43,3.64,37.0,1.4,4.7,0.7,2.1
PHX,2019-08-20,15,29,23,31,26,83.87,80.65,88.46,12.32,12.35,3.46,15.16,1.35,1.65,0.31,12.04
PHX,2019-08-20,16,25,25,29,27,79.31,82.76,77.78,14.72,12.34,2.87,16.45,1.41,5.15,2.0,11.63
PHX,2019-08-20,17,20,21,23,27,86.96,86.96,77.78,6.65,14.35,4.11,8.91,3.3,1.77,3.89,16.44
PHX,2019-08-20,18,26,32,27,46,77.78,77.78,78.26,10.96,10.3,1.96,12.41,2.57,1.31,1.76,7.33
PHX,2019-08-20,19,20,37,27,41,77.78,77.78,70.73,6.04,13.07,3.41,6.81,1.61,2.65,5.24,38.59
PHX,2019-08-20,20,31,28,35,29,68.57,68.57,72.41,17.14,15.03,4.93,20.0,3.07,1.63,3.52,19.93
PHX,2019-08-20,21,19,18,20,18,75.0,70.0,72.22,9.55,10.5,1.41,10.05,2.56,1.53,1.83,11.61
PHX,2019-08-20,22,6,12,6,14,50.0,50.0,35.71,31.17,11.17,1.1,31.67,1.57,0.94,1.5,44.07
PHX,2019-08-20,23,8,11,8,11,75.0,75.0,54.55,11.75,13.38,3.09,14.5,1.36,2.41,3.64,21.73
PHX,2019-08-21,0,3,1,3,2,66.67,66.67,50.0,30.0,10.67,0.3,30.0,5.0,0.05,0.0,11.0
PHX,2019-08-21,1,1,0,1,1,0.0,0.0,100.0,29.0,8.0,0.0,27.0,3.0,1.1,7.0,0.0
PHX,2019-08-21,2,0,0,0,1,0.0,0.0,100.0,0.0,0.0,0.0,0.0,0.0,1.1,0.0,5.0
PHX,2019-08-21,3,0,0,1,2,100.0,100.0,50.0,0.0,10.0,0.0,0.0,0.0,0.05,1.5,15.0
PHX,2019-08-21,4,0,0,1,4,100.0,100.0,50.0,6.0,12.0,1.4,7.0,0.75,1.55,2.75,11.5
PHX,2019-08-21,5,12,0,14,3,85.71,85.71,33.33,5.21,12.14,3.13,6.86,1.0,2.43,9.0,32.33
PHX,2019-08-21,6,20,14,32,16,90.63,87.5,87.5,4.16,13.44,3.45,6.25,1.25,1.28,1.31,3.56
PHX,2019-08-21,7,29,32,34,34,82.35,79.41,85.29,5.12,14.47,4.78,8.18,0.91,1.9,0.47,10.76
PHX,2019-08-21,8,51,27,54,29,85.19,66.67,89.66,3.61,18.89,8.86,10.3,1.62,2.99,2.83,5.28
PHX,2019-08-21,9,28,44,30,45,80.0,60.0,88.89,11.03,18.23,7.48,17.0,1.02,4.93,1.71,10.84
PHX,2019-08-21,10,46,18,49,19,65.31,61.22,89.47,22.67,15.02,5.55,26.71,1.89,1.29,0.89,6.47
PHX,2019-08-21,11,15,38,15,38,80.0,73.33,89.47,8.8,17.0,7.37,14.0,2.03,1.32,0.84,10.24
PHX,2019-08-21,12,33,32,34,32,85.29,79.41,96.88,8.68,15.12,5.08,12.47,0.81,4.31,2.19,2.34
PHX,2019-08-21,13,35,28,36,29,83.33,77.78,79.31,8.53,14.19,3.83,10.94,3.03,2.65,0.69,15.03
PHX,2019-08-21,14,24,34,24,35,70.83,66.67,77.14,20.63,14.5,3.71,23.0,2.26,3.67,1.66,9.83
PHX,2019-08-21,15,35,26,37,31,72.97,72.97,80.65,22.16,11.51,2.52,24.0,2.94,2.25,3.32,10.68
PHX,2019-08-21,16,28,27,30,28,70.0,70.0,96.43,18.17,13.8,4.05,21.3,2.04,1.05,0.75,9.64
PHX,2019-08-21,17,20,23,25,31,92.0,80.0,64.52,4.16,16.04,5.42,8.08,7.97,2.38,10.1,21.29
PHX,2019-08-21,18,28,38,28,51,82.14,78.57,72.55,7.39,10.36,2.17,9.07,4.33,1.71,5.16,14.82
PHX,2019-08-21,19,22,41,29,43,86.21,86.21,88.37,7.28,12.72,2.96,8.79,1.53,1.88,1.58,11.02
PHX,2019-08-21,20,33,28,39,28,71.79,64.1,78.57,13.54,14.49,4.29,15.9,2.82,1.86,2.57,12.32
PHX,2019-08-21,21,21,19,21,19,57.14,47.62,84.21,15.38,11.48,2.29,16.76,3.58,1.22,1.37,12.63
PHX,2019-08-21,22,7,12,7,13,100.0,100.0,61.54,0.86,12.57,2.04,2.43,1.69,0.49,0.62,32.85
PHX,2019-08-21,23,8,11,8,11,75.0,75.0,72.73,30.25,11.38,1.11,30.5,0.64,0.95,1.82,17.91
PHX,2019-08-22,0,3,1,3,2,100.0,100.0,100.0,0.0,11.0,1.2,0.67,3.0,0.05,0.0,0.0
PHX,2019-08-22,1,1,0,1,1,100.0,100.0,100.0,0.0,14.0,3.5,0.0,0.0,1.1,0.0,0.0
PHX,2019-08-22,2,0,0,0,2,0.0,0.0,50.0,0.0,0.0,0.0,0.0,2.5,1.1,4.5,19.5
PHX,2019-08-22,3,0,0,0,1,0.0,0.0,100.0,0.0,0.0,0.0,0.0,0.0,1.1,8.0,0.0
PHX,2019-08-22,4,0,0,1,5,100.0,100.0,60.0,0.0,10.0,0.0,0.0,0.0,0.68,0.2,36.4
PHX,2019-08-22,5,13,0,16,4,81.25,81.25,25.0,15.75,10.94,2.01,16.56,1.75,1.6,5.5,32.0
PHX,2019-08-22,6,19,14,28,14,75.0,75.0,100.0,16.57,13.61,3.84,19.5,1.43,1.24,0.5,0.29
PHX,2019-08-22,7,29,34,40,33,85.0,75.0,100.0,6.1,17.6,7.76,12.28,1.85,1.48,0.85,0.45
PHX,2019-08-22,8,52,28,55,29,83.64,63.64,89.66,8.96,20.93,10.94,17.71,2.52,3.42,1.45,19.07
PHX,2019-08-22,9,30,47,32,46,75.0,50.0,93.48,12.63,21.91,11.39,22.22,2.2,9.6,3.33,2.78
PHX,2019-08-22,10,49,18,51,19,88.24,64.71,78.95,23.16,19.27,9.65,31.04,1.11,1.61,3.47,13.68
PHX,2019-08-22,11,15,37,17,36,58.82,52.94,91.67,20.76,15.12,5.55,25.29,2.0,0.63,1.39,5.11
PHX,2019-08-22,12,34,34,34,35,82.35,79.41,77.14,18.71,15.94,5.86,22.74,2.11,1.07,4.03,14.23
PHX,2019-08-22,13,36,27,38,29,81.58,65.79,96.55,9.87,17.39,6.8,15.13,2.21,1.62,1.48,2.45
PHX,2019-08-22,14,23,33,21,33,90.48,85.71,72.73,5.76,17.1,6.27,10.29,1.94,3.39,1.85,11.09
PHX,2019-08-22,15,35,28,35,33,68.57,68.57,78.79,22.8,12.23,3.1,25.06,1.21,2.16,1.12,9.42
PHX,2019-08-22,16,30,28,32,31,75.0,68.75,80.65,14.66,13.66,3.44,16.94,1.84,1.68,1.84,13.29
PHX,2019-08-22,17,22,23,26,26,84.62,84.62,88.46,8.77,11.58,1.39,9.35,2.15,1.54,4.35,9.58
PHX,2019-08-22,18,30,37,31,49,77.42,77.42,69.39,9.94,10.23,1.68,10.94,2.43,1.41,2.53,11.76
PHX,2019-08-22,19,21,47,27,51,85.19,85.19,66.67,5.15,12.11,2.36,6.26,2.16,2.23,3.55,26.08
PHX,2019-08-22,20,34,30,39,30,61.54,58.97,60.0,23.74,13.26,3.03,26.03,2.2,2.53,2.83,30.5
PHX,2019-08-22,21,21,22,21,21,47.62,47.62,71.43,23.86,10.14,1.29,24.19,2.52,1.71,0.29,13.05
PHX,2019-08-22,22,7,13,7,14,85.71,85.71,50.0,5.43,14.14,3.49,7.14,2.0,0.84,2.5,31.5
PHX,2019-08-22,23,9,11,9,12,55.56,66.67,58.33,78.89,12.56,1.86,79.33,0.92,1.15,0.42,66.25
PHX,2019-08-23,0,2,1,2,1,100.0,100.0,100.0,0.0,11.5,1.25,0.0,0.0,0.0,0.0,0.0
PHX,2019-08-23,1,1,0,2,1,100.0,100.0,100.0,0.0,10.0,0.0,0.0,0.0,1.1,1.0,0.0
PHX,2019-08-23,2,0,0,0,1,0.0,0.0,100.0,0.0,0.0,0.0,0.0,3.0,1.1,6.0,14.0
PHX,2019-08-23,3,0,0,1,1,100.0,100.0,100.0,0.0,10.0,0.0,0.0,0.0,0.1,1.0,9.0
PHX,2019-08-23,4,0,0,1,5,0.0,0.0,80.0,26.0,11.0,0.4,26.0,0.0,1.08,0.0,8.6
PHX,2019-08-23,5,12,0,14,4,85.71,85.71,0.0,3.86,11.71,3.01,5.14,3.75,1.05,8.0,50.75
PHX,2019-08-23,6,20,14,27,15,96.3,96.3,86.67,1.85,12.33,2.65,3.33,2.47,0.19,0.4,25.0
PHX,2019-08-23,7,29,36,36,35,88.89,86.11,97.14,17.81,15.08,5.17,21.06,1.43,2.57,2.69,1.69
PHX,2019-08-23,8,55,28,55,27,87.27,69.09,100.0,7.55,18.49,8.58,14.24,2.56,3.98,1.19,0.3
PHX,2019-08-23,9,30,48,29,49,86.21,75.86,89.8,4.17,18.55,7.62,10.1,1.67,9.93,3.1,5.39
PHX,2019-08-23,10,49,18,50,18,86.0,78.0,94.44,7.98,15.0,5.47,12.7,1.61,3.13,4.83,4.89
PHX,2019-08-23,11,15,40,14,39,78.57,64.29,87.18,6.36,16.93,6.81,11.86,3.54,1.92,2.87,7.44
PHX,2019-08-23,12,35,34,36,33,80.56,69.44,93.94,6.75,16.83,6.78,11.94,1.79,1.08,1.27,4.64
PHX,2019-08-23,13,38,27,39,25,76.92,69.23,88.0,10.49,14.72,4.38,13.9,2.28,1.44,0.56,2.96
PHX,2019-08-23,14,23,34,23,35,65.22,60.87,97.14,27.57,13.48,3.22,29.78,1.74,2.67,0.86,2.17
PHX,2019-08-23,15,35,27,35,31,91.43,85.71,80.65,5.23,13.77,4.5,8.71,3.16,2.3,4.71,14.03
PHX,2019-08-23,16,31,28,32,28,84.38,84.38,82.14,16.81,11.88,2.0,17.81,3.29,1.79,3.64,11.21
PHX,2019-08-23,17,22,23,25,24,88.0,88.0,87.5,3.88,12.48,2.17,5.36,2.0,0.79,0.5,7.21
PHX,2019-08-23,18,30,38,29,50,86.21,79.31,74.0,10.03,9.97,1.67,10.93,2.3,1.34,1.56,13.56
PHX,2019-08-23,19,23,47,26,49,76.92,61.54,63.27,10.0,23.58,13.63,21.46,2.86,2.04,4.69,19.35
PHX,2019-08-23,20,33,30,37,30,62.16,54.05,66.67,13.92,15.43,5.15,17.49,3.4,2.9,3.2,12.1
PHX,2019-08-23,21,21,23,21,23,71.43,71.43,78.26,11.48,11.1,2.07,12.62,2.7,2.09,1.3,13.7
PHX,2019-08-23,22,7,12,8,13,100.0,100.0,53.85,0.5,11.88,1.67,1.25,1.77,0.99,2.92,22.62
PHX,2019-08-23,23,9,12,9,13,100.0,100.0,76.92,0.78,10.11,0.52,1.11,2.62,2.18,2.23,11.15
PHX,2019-08-24,0,3,0,3,1,100.0,100.0,100.0,0.0,11.67,1.03,0.0,3.0,0.0,0.0,0.0
PHX,2019-08-24,1,1,0,2,2,50.0,50.0,100.0,32.5,9.0,0.0,31.5,0.0,1.1,0.5,6.0
PHX,2019-08-24,2,0,0,0,1,0.0,0.0,100.0,0.0,0.0,0.0,0.0,0.0,1.1,0.0,14.0
PHX,2019-08-24,3,0,0,1,0,100.0,100.0,0.0,0.0,10.0,0.0,0.0,0.0,0.0,0.0,0.0
PHX,2019-08-24,4,0,0,0,2,0.0,0.0,50.0,0.0,0.0,0.0,0.0,0.0,0.0,3.5,16.0
PHX,2019-08-24,5,7,1,8,1,87.5,87.5,100.0,10.0,11.38,1.9,11.75,0.0,1.1,0.0,4.0
PHX,2019-08-24,6,20,10,26,10,92.31,92.31,100.0,12.38,11.31,1.76,13.35,0.5,2.02,1.4,1.2
PHX,2019-08-24,7,22,35,25,34,92.0,92.0,91.18,3.0,11.24,1.93,3.48,1.94,1.53,1.24,4.41
PHX,2019-08-24,8,44,20,44,20,93.18,81.82,95.0,5.2,15.82,5.75,9.36,3.95,3.31,1.55,3.7
PHX,2019-08-24,9,28,43,28,45,82.14,82.14,86.67,9.57,14.32,4.31,12.71,1.78,9.32,3.89,7.76
PHX,2019-08-24,10,37,18,38,20,89.47,78.95,90.0,9.34,15.5,6.04,13.68,0.85,2.11,1.1,15.0
PHX,2019-08-24,11,18,35,18,37,88.89,88.89,89.19,11.33,11.39,2.27,12.78,2.62,1.03,0.08,13.86
PHX,2019-08-24,12,29,26,31,27,77.42,77.42,88.89,11.74,12.87,2.97,12.68,0.59,2.71,4.78,7.19
PHX,2019-08-24,13,27,24,27,25,100.0,100.0,88.0,0.52,11.48,1.15,0.93,1.64,2.12,0.72,3.0
PHX,2019-08-24,14,23,34,24,34,75.0,70.83,85.29,5.71,13.04,3.12,7.63,1.56,2.17,1.03,11.79
PHX,2019-08-24,15,25,27,26,30,80.77,84.62,86.67,11.88,10.5,1.6,12.42,1.43,3.35,1.13,3.77
PHX,2019-08-24,16,26,19,27,19,92.59,92.59,78.95,4.19,11.74,2.25,5.04,1.32,0.79,2.84,18.84
PHX,2019-08-24,17,19,22,21,25,85.71,85.71,80.0,6.52,12.57,2.65,7.81,2.96,1.04,1.6,5.36
PHX,2019-08-24,18,19,33,20,34,90.0,90.0,94.12,14.25,10.35,1.46,15.2,7.35,1.39,5.24,9.94
PHX,2019-08-24,19,17,31,16,32,100.0,100.0,84.38,0.06,12.31,2.82,1.06,2.38,2.15,1.5,9.5
PHX,2019-08-24,20,22,11,23,11,91.3,91.3,100.0,8.35,13.17,2.75,10.04,3.18,1.42,0.82,0.64
PHX,2019-08-24,21,9,14,9,15,66.67,77.78,80.0,69.11,12.78,1.33,68.89,0.93,1.62,1.73,14.87
PHX,2019-08-24,22,5,5,5,6,100.0,100.0,83.33,0.4,12.0,1.7,1.6,2.33,1.65,0.0,5.17
PHX,2019-08-24,23,8,7,9,7,100.0,88.89,100.0,2.89,17.67,7.54,9.44,1.29,5.36,2.14,2.14
PHX,2019-08-25,0,3,0,3,0,100.0,100.0,0.0,0.0,11.33,1.5,0.33,0.0,0.0,0.0,0.0
PHX,2019-08-25,1,1,0,1,1,100.0,100.0,100.0,0.0,9.0,0.0,0.0,0.0,1.1,0.0,0.0
PHX,2019-08-25,2,0,0,0,1,0.0,0.0,100.0,0.0,0.0,0.0,0.0,0.0,1.1,0.0,0.0
PHX,2019-08-25,3,0,0,2,1,50.0,50.0,0.0,54.0,11.0,0.7,54.5,0.0,1.1,9.0,105.0
PHX,2019-08-25,4,0,0,2,0,100.0,100.0,0.0,0.0,5.0,0.0,0.0,0.0,0.0,0.0,0.0
PHX,2019-08-25,5,9,0,9,1,100.0,100.0,0.0,0.0,10.22,0.96,0.0,0.0,14.8,17.0,19.0
PHX,2019-08-25,6,19,12,21,13,85.71,85.71,92.31,6.48,11.29,2.19,7.9,1.77,3.22,2.62,13.92
PHX,2019-08-25,7,25,24,24,25,91.67,87.5,100.0,5.67,13.63,3.87,7.79,2.6,4.23,1.96,0.48
PHX,2019-08-25,8,43,33,43,33,86.05,76.74,87.88,8.67,17.47,7.0,13.07,2.39,4.81,2.97,4.33
PHX,2019-08-25,9,38,32,39,32,87.18,84.62,78.13,4.08,15.08,5.03,7.15,6.19,13.39,9.0,49.16
PHX,2019-08-25,10,34,28,35,30,71.43,65.71,93.33,37.31,16.09,5.74,41.23,1.63,1.35,0.8,21.9
PHX,2019-08-25,11,27,32,27,35,88.89,85.19,82.86,3.67,9.78,1.34,4.37,1.77,1.39,1.03,10.2
PHX,2019-08-25,12,31,32,34,35,73.53,73.53,82.86,16.15,12.03,1.97,17.41,1.71,2.04,0.97,8.37
PHX,2019-08-25,13,36,22,39,22,76.92,74.36,77.27,10.1,12.05,2.35,11.56,2.95,2.51,0.95,24.5
PHX,2019-08-25,14,25,38,26,38,92.31,92.31,86.84,6.5,12.81,2.57,8.23,1.89,3.66,0.97,9.87
PHX,2019-08-25,15,30,28,30,32,86.67,83.33,87.5,4.57,13.47,3.99,7.33,0.88,2.82,0.5,7.63
PHX,2019-08-25,16,29,27,31,30,90.32,80.65,83.33,6.1,12.65,2.65,8.06,0.53,1.78,0.0,10.03
PHX,2019-08-25,17,26,24,27,29,88.89,85.19,75.86,8.78,12.33,3.11,10.67,3.69,1.36,2.48,12.28
PHX,2019-08-25,18,26,36,27,36,81.48,81.48,88.89,16.81,9.81,1.33,17.44,3.03,1.7,0.92,31.58
PHX,2019-08-25,19,22,36,21,36,95.24,95.24,80.56,1.76,11.33,2.03,3.1,1.81,2.11,0.69,12.89
PHX,2019-08-25,20,30,31,30,32,93.33,93.33,93.75,7.6,15.1,4.35,8.83,1.53,2.14,0.81,2.44
PHX,2019-08-25,21,23,27,23,29,95.65,95.65,82.76,2.39,9.91,1.06,2.52,1.62,1.05,0.48,5.83
PHX,2019-08-25,22,8,12,9,13,77.78,66.67,84.62,6.78,11.11,1.56,7.11,2.31,1.93,0.23,7.23
PHX,2019-08-25,23,9,11,9,11,88.89,77.78,90.91,1.78,20.0,9.3,8.0,1.45,1.01,0.0,2.73
PHX,2019-08-26,0,2,1,2,0,100.0,100.0,0.0,1.5,11.5,0.95,2.5,0.0,0.0,0.0,0.0
PHX,2019-08-26,1,1,0,1,1,0.0,0.0,100.0,31.0,10.0,0.0,31.0,0.0,1.1,3.0,0.0
PHX,2019-08-26,2,0,0,0,1,0.0,0.0,100.0,0.0,0.0,0.0,0.0,1.0,1.1,0.0,0.0
PHX,2019-08-26,3,0,0,1,1,100.0,100.0,100.0,0.0,10.0,0.0,0.0,2.0,1.1,6.0,10.0
PHX,2019-08-26,4,0,0,1,0,100.0,100.0,0.0,0.0,14.0,3.4,3.0,0.0,0.0,0.0,0.0
PHX,2019-08-26,5,12,0,13,0,92.31,92.31,0.0,6.23,10.46,1.67,6.38,0.0,0.0,0.0,0.0
PHX,2019-08-26,6,20,14,22,14,95.45,95.45,92.86,0.82,11.73,2.38,1.64,1.21,1.86,0.86,23.36
PHX,2019-08-26,7,29,35,28,34,92.86,92.86,97.06,2.64,13.18,3.65,4.75,1.76,2.54,0.59,0.88
PHX,2019-08-26,8,54,27,53,26,94.34,86.79,88.46,3.66,15.53,5.55,7.02,3.58,3.77,2.77,3.58
PHX,2019-08-26,9,29,49,28,48,89.29,85.71,91.67,4.21,15.89,5.43,7.75,2.42,8.67,2.06,5.33
PHX,2019-08-26,10,49,18,52,19,82.69,78.85,78.95,8.0,13.33,4.02,10.54,2.58,1.63,0.68,18.21
PHX,2019-08-26,11,15,38,16,37,81.25,81.25,89.19,13.25,12.31,2.71,14.31,2.54,1.57,0.78,3.05
PHX,2019-08-26,12,34,32,34,33,88.24,88.24,93.94,10.91,13.38,3.34,12.53,1.18,1.75,0.18,5.0
PHX,2019-08-26,13,36,28,35,28,91.43,91.43,92.86,3.26,14.17,3.99,5.34,2.29,3.06,2.21,3.14
PHX,2019-08-26,14,24,34,26,34,88.46,80.77,91.18,6.77,14.35,3.68,9.0,1.91,2.06,1.38,6.38
PHX,2019-08-26,15,35,27,37,31,81.08,81.08,70.97,6.95,12.38,3.08,8.41,1.42,2.81,2.0,14.13
PHX,2019-08-26,16,31,28,33,29,75.76,72.73,89.66,10.55,13.15,3.46,12.61,1.83,2.15,0.72,4.93
PHX,2019-08-26,17,22,23,23,26,82.61,78.26,88.46,6.48,12.22,2.32,8.13,2.42,1.89,0.62,8.35
PHX,2019-08-26,18,30,39,31,49,83.87,74.19,79.59,12.35,11.81,3.24,14.9,2.61,1.54,1.16,9.04
PHX,2019-08-26,19,23,47,28,51,82.14,78.57,88.24,8.39,14.0,4.26,10.79,1.73,2.65,1.2,8.49
PHX,2019-08-26,20,34,30,39,30,84.62,76.92,93.33,5.56,17.56,7.2,10.31,1.4,2.79,1.0,3.23
PHX,2019-08-26,21,21,24,24,24,83.33,83.33,75.0,5.04,11.17,1.88,6.13,2.04,1.4,0.29,13.58
PHX,2019-08-26,22,7,12,7,13,85.71,71.43,100.0,8.57,13.57,3.23,10.86,0.46,1.61,0.08,0.23
PHX,2019-08-26,23,9,12,9,12,88.89,77.78,83.33,4.33,13.67,3.5,7.0,1.0,1.13,0.42,4.75
PHX,2019-08-27,0,3,1,3,2,66.67,66.67,50.0,7.0,12.0,1.37,8.33,2.0,0.55,0.0,8.5
PHX,2019-08-27,1,1,0,1,2,100.0,100.0,50.0,0.0,25.0,14.5,5.0,1.5,1.1,2.5,21.0
PHX,2019-08-27,2,0,0,1,0,0.0,0.0,0.0,37.0,12.0,1.4,38.0,0.0,0.0,0.0,0.0
PHX,2019-08-27,3,0,0,1,2,100.0,100.0,100.0,0.0,22.0,11.4,11.0,0.0,0.05,2.0,0.5
PHX,2019-08-27,4,0,0,1,4,100.0,100.0,50.0,0.0,13.0,2.4,0.0,0.0,0.03,1.0,14.75
PHX,2019-08-27,5,13,0,15,2,80.0,73.33,0.0,20.93,17.53,8.64,28.33,5.5,0.55,21.5,63.0
PHX,2019-08-27,6,20,13,28,16,89.29,89.29,93.75,6.5,12.75,3.05,8.64,1.0,0.99,0.88,2.19
PHX,2019-08-27,7,27,33,39,35,76.92,76.92,100.0,11.85,14.1,4.28,14.44,2.66,2.06,1.34,0.69
PHX,2019-08-27,8,48,27,52,28,94.23,80.77,89.29,8.1,16.21,6.34,12.94,2.46,2.04,0.71,6.18
PHX,2019-08-27,9,28,47,28,46,92.86,85.71,89.13,3.32,14.68,4.35,5.39,2.02,9.5,3.11,9.13
PHX,2019-08-27,10,41,18,44,19,86.36,79.55,100.0,9.36,12.59,3.42,11.59,1.74,1.67,0.26,1.05
PHX,2019-08-27,11,15,36,16,36,87.5,87.5,88.89,4.81,10.81,1.66,5.25,2.72,1.34,1.03,15.75
PHX,2019-08-27,12,30,31,31,30,87.1,83.87,83.33,3.45,13.16,3.52,5.68,1.37,2.22,1.1,13.7
PHX,2019-08-27,13,32,26,34,26,70.59,70.59,73.08,21.35,11.82,1.92,22.29,2.15,4.23,2.08,10.65
PHX,2019-08-27,14,22,30,22,30,86.36,81.82,93.33,5.73,15.5,4.66,9.27,1.93,1.86,1.13,2.17
PHX,2019-08-27,15,29,22,29,24,86.21,82.76,87.5,4.17,12.52,3.48,6.28,2.92,1.51,1.29,5.46
PHX,2019-08-27,16,25,25,26,27,80.77,76.92,81.48,12.96,12.0,2.45,14.31,3.22,1.03,1.56,13.7
PHX,2019-08-27,17,20,20,24,27,66.67,70.83,74.07,7.83,12.96,2.8,9.33,6.33,1.57,4.93,12.26
PHX,2019-08-27,18,26,34,27,49,59.26,55.56,61.22,13.04,10.33,2.23,14.81,5.33,1.43,4.84,17.98
PHX,2019-08-27,19,20,37,24,39,91.67,87.5,82.05,3.5,15.46,5.48,7.5,1.72,2.7,1.03,7.36
PHX,2019-08-27,20,31,27,37,26,91.89,89.19,92.31,4.43,17.49,7.07,8.03,2.65,1.9,2.31,2.27
PHX,2019-08-27,21,19,19,21,19,90.48,85.71,89.47,4.76,10.43,1.49,5.81,3.95,1.5,1.79,5.58
PHX,2019-08-27,22,6,12,6,12,100.0,100.0,91.67,0.0,11.83,1.55,0.0,1.5,0.72,0.25,4.92
PHX,2019-08-27,23,8,10,8,11,100.0,100.0,81.82,0.25,13.5,2.89,1.63,1.09,1.37,0.55,9.55
PHX,2019-08-28,0,3,1,3,3,100.0,100.0,0.0,0.0,13.0,2.83,2.67,5.33,0.73,4.67,39.67
PHX,2019-08-28,1,1,0,1,1,100.0,100.0,100.0,0.0,13.0,2.5,2.0,0.0,1.1,0.0,0.0
PHX,2019-08-28,2,0,0,0,1,0.0,0.0,100.0,0.0,0.0,0.0,0.0,0.0,1.1,0.0,0.0
PHX,2019-08-28,3,0,0,1,3,100.0,100.0,66.67,0.0,14.0,3.4,3.0,0.0,0.07,1.33,6.0
PHX,2019-08-28,4,0,0,1,4,100.0,100.0,75.0,0.0,12.0,1.4,0.0,0.25,0.33,1.5,4.5
PHX,2019-08-28,5,12,0,15,1,93.33,93.33,0.0,2.4,9.93,1.2,2.67,8.0,1.1,14.0,61.0
PHX,2019-08-28,6,21,14,31,16,83.87,83.87,87.5,5.61,13.45,3.47,7.65,1.56,1.3,2.25,3.81
PHX,2019-08-28,7,29,32,35,34,94.29,88.57,97.06,2.69,16.03,5.98,5.94,1.21,1.12,0.41,1.29
PHX,2019-08-28,8,51,27,52,27,92.31,73.08,88.89,9.96,19.29,9.22,17.27,1.7,2.07,1.15,4.48
PHX,2019-08-28,9,28,44,29,44,89.66,82.76,93.18,4.38,19.07,8.23,10.14,1.48,8.81,2.09,1.77
PHX,2019-08-28,10,46,18,46,18,95.65,91.3,94.44,4.43,14.0,4.63,7.87,1.22,2.49,1.83,1.78
PHX,2019-08-28,11,15,38,15,38,80.0,73.33,97.37,9.47,14.07,4.91,13.93,2.87,1.69,2.45,1.97
PHX,2019-08-28,12,33,32,33,36,90.91,81.82,91.67,4.88,14.67,4.69,8.36,1.42,3.69,2.25,6.81
PHX,2019-08-28,13,35,28,37,30,91.89,81.08,93.33,2.32,14.86,4.81,5.27,3.27,3.17,1.73,5.2
PHX,2019-08-28,14,24,34,25,36,88.0,84.0,83.33,4.6,14.6,3.85,7.48,7.08,2.79,5.14,7.53
PHX,2019-08-28,15,35,26,36,29,75.0,72.22,75.86,13.44,12.22,3.04,15.22,8.59,1.63,6.86,10.41
PHX,2019-08-28,16,28,27,30,31,70.0,70.0,80.65,12.2,11.93,2.23,13.33,6.81,1.58,6.77,11.87
PHX,2019-08-28,17,20,22,25,28,76.0,72.0,64.29,8.08,13.2,2.82,10.32,3.96,2.21,6.32,19.18
PHX,2019-08-28,18,28,39,30,49,70.0,70.0,75.51,21.83,12.23,3.93,24.93,4.86,2.05,6.02,17.84
PHX,2019-08-28,19,22,42,25,46,68.0,60.0,76.09,13.4,16.88,6.99,19.32,28.85,2.08,27.96,39.52
PHX,2019-08-28,20,33,27,38,28,73.68,23.68,67.86,14.61,49.74,39.23,51.53,7.64,3.86,7.79,10.61
PHX,2019-08-28,21,21,20,21,21,14.29,0.0,38.1,52.29,25.52,15.8,68.0,89.71,3.78,91.33,101.86
PHX,2019-08-28,22,7,12,7,12,14.29,0.0,0.0,51.14,20.57,10.26,61.14,111.08,1.32,109.25,151.08
PHX,2019-08-28,23,8,11,8,16,25.0,25.0,12.5,66.13,11.5,1.5,67.38,17.0,1.08,16.0,42.75
PHX,2019-08-29,0,3,1,3,11,66.67,66.67,27.27,26.0,11.0,1.5,26.33,0.73,2.79,6.27,23.82
PHX,2019-08-29,1,1,0,1,4,100.0,100.0,100.0,0.0,14.0,3.5,0.0,0.0,1.13,2.5,2.75
PHX,2019-08-29,2,0,0,0,1,0.0,0.0,100.0,0.0,0.0,0.0,0.0,0.0,1.1,3.0,0.0
PHX,2019-08-29,3,0,0,2,4,0.0,0.0,100.0,34.5,14.0,3.4,37.5,0.0,0.98,0.5,4.5
PHX,2019-08-29,4,0,0,1,3,100.0,100.0,100.0,0.0,11.0,0.4,0.0,0.0,1.1,0.33,6.0
PHX,2019-08-29,5,13,0,15,4,86.67,86.67,75.0,2.93,11.47,2.62,3.87,0.25,1.85,6.0,19.5
PHX,2019-08-29,6,20,14,31,14,83.87,83.87,100.0,14.23,12.03,2.54,16.29,1.29,1.29,1.57,0.57
PHX,2019-08-29,7,29,34,38,33,84.21,78.95,90.91,14.08,14.16,4.35,16.82,5.82,3.13,5.85,8.39
PHX,2019-08-29,8,52,29,55,27,89.09,70.91,88.89,2.82,19.8,9.81,10.09,1.63,2.29,0.85,3.93
PHX,2019-08-29,9,31,47,32,48,87.5,81.25,93.75,3.91,16.44,5.97,7.84,2.19,7.32,2.13,3.98
PHX,2019-08-29,10,49,18,49,19,81.63,77.55,89.47,8.43,14.41,5.18,11.69,1.21,2.38,1.84,5.21
PHX,2019-08-29,11,16,38,18,40,66.67,66.67,95.0,17.83,13.44,3.97,20.39,2.38,1.91,0.85,3.0
PHX,2019-08-29,12,34,33,35,35,80.0,65.71,88.57,6.34,14.6,4.68,10.4,0.54,1.81,0.23,3.4
PHX,2019-08-29,13,35,27,36,28,83.33,80.56,96.43,8.83,13.44,3.54,11.08,2.75,1.56,0.93,7.14
PHX,2019-08-29,14,23,33,23,34,95.65,95.65,94.12,5.13,12.04,1.65,5.04,1.5,2.03,1.32,3.35
PHX,2019-08-29,15,35,27,35,30,85.71,82.86,90.0,9.86,12.03,2.74,11.57,1.33,0.97,0.1,4.03
PHX,2019-08-29,16,30,29,32,33,78.13,78.13,81.82,11.06,12.16,2.32,12.63,2.73,0.85,1.42,13.36
PHX,2019-08-29,17,22,22,24,27,79.17,79.17,74.07,17.25,13.67,3.25,19.63,3.48,1.03,2.33,9.11
PHX,2019-08-29,18,30,37,33,52,54.55,48.48,75.0,21.36,12.03,3.32,24.27,4.27,1.66,3.94,17.88
PHX,2019-08-29,19,21,47,27,49,74.07,74.07,89.8,11.22,13.11,3.19,13.41,1.82,1.97,2.04,10.29
PHX,2019-08-29,20,34,30,40,32,87.5,87.5,71.88,6.03,13.7,3.35,7.78,2.44,2.52,2.91,16.28
PHX,2019-08-29,21,21,23,22,23,81.82,81.82,95.65,14.68,10.05,1.05,15.41,1.87,1.17,0.78,11.13
PHX,2019-08-29,22,7,13,8,13,75.0,75.0,92.31,26.13,13.0,3.07,27.88,1.69,0.68,0.46,12.46
PHX,2019-08-29,23,9,11,9,12,100.0,100.0,91.67,0.22,11.89,1.63,1.11,1.08,2.38,0.08,5.33
PHX,2019-08-30,0,2,1,3,2,100.0,100.0,100.0,0.0,10.67,0.5,0.0,0.5,0.55,0.0,4.5
PHX,2019-08-30,1,1,0,1,2,100.0,100.0,50.0,6.0,16.0,5.5,12.0,0.5,1.1,2.5,16.0
PHX,2019-08-30,2,0,0,0,1,0.0,0.0,100.0,0.0,0.0,0.0,0.0,0.0,1.1,0.0,0.0
PHX,2019-08-30,3,0,0,1,2,100.0,100.0,50.0,0.0,10.0,0.0,0.0,0.0,0.0,4.0,13.5
PHX,2019-08-30,4,0,0,1,4,100.0,100.0,75.0,0.0,12.0,1.4,0.0,0.0,0.85,0.25,4.5
PHX,2019-08-30,5,12,0,13,3,100.0,100.0,66.67,1.0,10.69,2.16,1.31,0.0,1.37,2.67,7.67
PHX,2019-08-30,6,21,14,30,16,83.33,83.33,87.5,5.27,12.0,2.28,6.77,1.25,1.33,1.31,3.81
PHX,2019-08-30,7,29,36,38,36,89.47,89.47,100.0,6.29,14.05,4.31,8.82,0.89,1.29,0.22,0.22
PHX,2019-08-30,8,55,29,56,30,89.29,73.21,93.33,4.52,20.66,10.63,13.16,1.43,2.57,1.8,2.07
PHX,2019-08-30,9,31,48,33,50,84.85,75.76,96.0,13.61,17.06,6.42,17.55,1.9,6.16,1.6,3.06
PHX,2019-08-30,10,49,18,51,19,84.31,76.47,89.47,10.02,13.16,3.74,13.18,1.68,2.59,1.53,3.63
PHX,2019-08-30,11,15,40,15,39,80.0,73.33,92.31,15.93,13.0,3.66,18.2,1.77,2.18,0.67,3.23
PHX,2019-08-30,12,35,34,34,36,88.24,88.24,91.67,10.35,12.06,2.23,11.79,0.69,2.14,1.06,7.14
PHX,2019-08-30,13,38,27,39,28,92.31,87.18,89.29,4.64,12.82,2.73,6.77,2.39,1.94,1.25,12.89
PHX,2019-08-30,14,23,34,22,35,81.82,72.73,97.14,18.32,14.91,4.48,21.36,2.69,2.86,1.6,2.26
PHX,2019-08-30,15,35,27,34,27,85.29,82.35,77.78,7.97,11.65,2.43,9.88,1.96,1.76,1.7,13.11
PHX,2019-08-30,16,31,28,32,30,71.88,71.88,83.33,13.13,12.34,2.43,14.63,1.47,0.88,0.83,23.03
PHX,2019-08-30,17,22,22,26,23,88.46,88.46,82.61,4.5,12.23,1.97,5.73,1.65,0.63,0.48,10.61
PHX,2019-08-30,18,30,39,30,50,56.67,53.33,70.0,19.93,12.97,4.75,24.07,2.8,1.65,1.08,11.74
PHX,2019-08-30,19,22,46,26,49,73.08,69.23,73.47,9.54,13.38,3.55,11.85,2.33,2.32,1.69,22.37
PHX,2019-08-30,20,33,30,36,30,80.56,72.22,86.67,31.61,16.22,5.79,35.5,1.7,2.4,1.23,11.53
PHX,2019-08-30,21,21,24,22,23,68.18,68.18,82.61,25.77,10.68,1.78,27.14,2.57,1.33,0.61,16.0
PHX,2019-08-30,22,7,12,7,11,85.71,85.71,90.91,3.29,10.57,0.71,3.14,1.55,0.45,0.36,3.64
PHX,2019-08-30,23,9,12,9,13,100.0,100.0,76.92,0.56,12.11,1.18,1.56,0.46,1.33,0.0,9.08
PHX,2019-08-31,0,3,0,3,2,100.0,66.67,50.0,4.33,13.0,2.37,6.0,1.0,0.05,0.5,10.0
PHX,2019-08-31,1,1,0,1,2,100.0,100.0,50.0,0.0,7.0,0.0,0.0,0.0,0.9,1.5,10.5
PHX,2019-08-31,2,0,0,0,1,0.0,0.0,100.0,0.0,0.0,0.0,0.0,0.0,1.1,0.0,0.0
PHX,2019-08-31,3,0,0,1,0,0.0,0.0,0.0,21.0,12.0,1.4,22.0,0.0,0.0,0.0,0.0
PHX,2019-08-31,4,0,0,0,4,0.0,0.0,75.0,0.0,0.0,0.0,0.0,2.25,1.08,5.25,7.25
PHX,2019-08-31,5,6,1,7,0,100.0,85.71,0.0,2.71,15.29,4.99,7.43,0.0,0.0,0.0,0.0
PHX,2019-08-31,6,21,10,27,10,88.89,88.89,100.0,3.96,11.89,2.62,4.81,1.4,0.91,0.3,0.0
PHX,2019-08-31,7,22,34,27,33,96.3,92.59,96.97,1.07,13.81,4.04,2.89,0.94,0.81,0.12,3.12
PHX,2019-08-31,8,44,22,44,23,90.91,86.36,91.3,3.07,16.16,6.09,7.0,1.48,1.88,0.61,12.87
PHX,2019-08-31,9,23,41,23,43,82.61,78.26,88.37,6.91,14.57,4.41,10.35,2.3,7.81,1.26,8.58
PHX,2019-08-31,10,35,17,36,18,91.67,91.67,100.0,3.69,11.5,2.38,4.94,0.5,1.94,0.44,0.89
PHX,2019-08-31,11,19,34,19,34,100.0,100.0,100.0,0.79,9.79,1.16,1.11,2.68,0.64,0.53,0.26
PHX,2019-08-31,12,26,26,26,27,100.0,100.0,88.89,0.65,11.46,1.68,1.27,0.52,1.5,1.04,4.22
PHX,2019-08-31,13,26,20,27,21,88.89,88.89,80.95,5.7,13.0,2.17,6.41,9.67,1.01,7.57,22.67
PHX,2019-08-31,14,22,32,22,33,90.91,86.36,90.91,5.59,10.55,1.42,6.45,1.67,1.48,0.42,4.52
PHX,2019-08-31,15,21,23,22,24,86.36,86.36,100.0,6.77,11.32,2.63,8.73,1.21,1.93,0.0,0.13
PHX,2019-08-31,16,22,20,23,21,100.0,100.0,100.0,0.13,10.87,1.74,1.3,1.43,0.71,0.71,1.43
PHX,2019-08-31,17,17,21,18,22,100.0,100.0,95.45,1.0,10.89,0.68,0.89,2.27,1.39,0.45,2.41
PHX,2019-08-31,18,13,28,13,30,92.31,92.31,86.67,2.15,12.62,3.07,3.69,2.57,1.06,0.63,7.1
PHX,2019-08-31,19,15,25,17,25,76.47,76.47,92.0,26.06,11.82,2.04,26.35,1.32,1.65,0.16,2.8
PHX,2019-08-31,20,16,9,17,9,88.24,88.24,88.89,3.29,13.94,2.52,4.47,2.22,1.44,0.0,22.78
PHX,2019-08-31,21,7,9,7,9,85.71,85.71,88.89,29.29,11.57,0.73,29.14,1.56,0.78,0.44,3.44
PHX,2019-08-31,22,4,4,4,4,100.0,100.0,100.0,0.0,10.5,0.48,0.0,0.25,0.8,0.0,0.0
PHX,2019-08-31,23,8,6,8,8,100.0,100.0,75.0,0.0,11.63,1.55,0.75,1.13,2.34,0.0,22.0
PHX,2019-09-01,0,3,0,3,0,66.67,66.67,0.0,25.33,11.0,0.13,25.33,0.0,0.0,0.0,0.0
PHX,2019-09-01,1,1,0,1,2,100.0,100.0,50.0,0.0,13.0,1.9,0.0,2.0,1.1,3.0,9.0
PHX,2019-09-01,2,0,0,0,0,0.0,0.0,0.0,0.0,0.0,0.0,0.0,0.0,0.0,0.0,0.0
PHX,2019-09-01,3,0,0,2,1,100.0,100.0,0.0,0.0,10.5,0.2,0.0,3.0,7.1,10.0,54.0
PHX,2019-09-01,4,0,0,2,0,100.0,50.0,0.0,0.0,20.5,12.2,11.0,0.0,0.0,0.0,0.0
PHX,2019-09-01,5,5,0,6,1,100.0,83.33,0.0,2.33,15.33,4.27,5.83,0.0,0.0,0.0,152.0
PHX,2019-09-01,6,8,9,9,9,100.0,100.0,88.89,0.11,10.44,0.76,0.22,0.89,2.37,0.56,2.67
PHX,2019-09-01,7,18,16,18,17,94.44,94.44,100.0,1.67,11.83,1.44,1.94,2.76,1.75,0.71,0.29
PHX,2019-09-01,8,36,15,36,16,97.22,91.67,93.75,1.11,15.03,4.18,3.14,2.31,6.73,3.31,2.5
PHX,2019-09-01,9,28,31,29,31,93.1,86.21,90.32,3.62,15.14,4.83,6.48,2.68,13.15,2.55,27.13
PHX,2019-09-01,10,34,19,35,19,91.43,88.57,100.0,4.34,16.11,5.77,7.69,1.37,3.27,0.68,0.63
PHX,2019-09-01,11,24,33,24,34,87.5,91.67,97.06,13.42,10.17,1.61,13.79,2.53,2.56,0.71,2.32
PHX,2019-09-01,12,30,25,30,26,96.67,96.67,92.31,3.4,10.83,1.45,4.07,0.62,1.4,0.35,3.5
PHX,2019-09-01,13,29,22,30,22,96.67,96.67,86.36,1.47,12.7,2.02,2.1,2.14,2.43,0.14,5.86
PHX,2019-09-01,14,24,30,25,32,84.0,84.0,81.25,14.92,13.48,3.5,17.12,6.38,4.7,7.75,16.56
PHX,2019-09-01,15,23,26,24,31,87.5,83.33,87.1,7.29,12.79,2.97,9.08,4.87,1.82,1.58,8.65
PHX,2019-09-01,16,22,20,25,22,88.0,80.0,90.91,15.16,17.6,7.39,20.6,3.23,1.47,1.0,4.95
PHX,2019-09-01,17,21,21,24,24,66.67,4.17,29.17,52.21,61.17,50.84,101.5,77.75,3.5,76.33,118.08
PHX,2019-09-01,18,19,34,19,34,10.53,0.0,20.59,135.58,14.74,5.92,141.0,54.56,2.7,52.09,64.62
PHX,2019-09-01,19,17,33,16,49,31.25,25.0,48.98,56.0,18.38,8.19,64.06,12.12,3.36,12.33,32.31
PHX,2019-09-01,20,25,26,25,32,56.0,28.0,50.0,29.6,25.2,14.0,41.36,13.25,5.61,16.25,32.5
PHX,2019-09-01,21,19,20,21,21,42.86,28.57,47.62,33.05,12.95,3.3,35.33,15.14,2.98,18.81,26.29
PHX,2019-09-01,22,6,6,7,8,57.14,57.14,87.5,14.14,14.57,3.94,16.86,0.88,6.09,2.5,4.75
PHX,2019-09-01,23,8,6,8,6,100.0,100.0,83.33,0.0,13.0,2.51,1.13,0.0,2.72,0.0,27.83
PHX,2019-09-02,0,2,1,2,0,100.0,100.0,0.0,1.0,12.5,1.95,3.0,0.0,0.0,0.0,0.0
PHX,2019-09-02,1,1,0,1,1,100.0,100.0,100.0,0.0,10.0,0.0,0.0,0.0,1.1,2.0,0.0
PHX,2019-09-02,2,0,0,0,1,0.0,0.0,0.0,0.0,0.0,0.0,0.0,0.0,1.1,0.0,36.0
PHX,2019-09-02,3,0,0,1,1,100.0,100.0,0.0,0.0,10.0,0.0,0.0,1.0,1.1,4.0,29.0
PHX,2019-09-02,4,0,0,1,0,100.0,100.0,0.0,0.0,12.0,1.4,1.0,0.0,0.0,0.0,0.0
PHX,2019-09-02,5,10,0,10,0,100.0,100.0,0.0,0.0,11.5,2.07,0.4,0.0,0.0,0.0,0.0
PHX,2019-09-02,6,21,12,22,12,90.91,90.91,83.33,2.95,12.18,2.26,3.86,0.5,0.92,0.0,11.75
PHX,2019-09-02,7,25,34,26,33,100.0,100.0,87.88,0.27,11.0,1.57,0.85,1.48,2.25,0.73,15.3
PHX,2019-09-02,8,52,25,51,25,92.16,88.24,96.0,3.96,16.0,6.0,7.33,2.0,3.46,0.92,3.24
PHX,2019-09-02,9,32,46,32,47,100.0,96.88,93.62,0.78,14.75,4.25,2.75,3.21,13.77,4.11,4.11
PHX,2019-09-02,10,47,19,48,19,89.58,87.5,100.0,6.63,12.13,2.64,7.73,1.47,2.58,1.68,1.68
PHX,2019-09-02,11,14,34,14,34,100.0,92.86,100.0,1.07,13.14,2.86,1.86,1.53,1.53,0.32,0.03
PHX,2019-09-02,12,35,30,34,30,94.12,94.12,100.0,2.97,12.5,2.48,3.74,0.87,2.13,1.03,0.67
PHX,2019-09-02,13,33,28,33,28,93.94,93.94,96.43,5.48,13.36,2.95,7.45,2.04,3.06,1.43,2.29
PHX,2019-09-02,14,27,31,27,35,81.48,77.78,94.29,13.96,11.67,1.63,15.0,1.66,2.88,2.26,4.74
PHX,2019-09-02,15,30,27,32,29,90.63,87.5,86.21,4.84,12.88,2.96,6.56,1.55,1.34,5.48,12.0
PHX,2019-09-02,16,28,26,28,27,85.71,75.0,100.0,11.96,12.46,2.87,14.14,2.04,1.68,0.85,0.89
PHX,2019-09-02,17,25,23,28,23,96.43,92.86,91.3,2.54,14.25,3.6,4.14,3.04,1.58,3.04,3.09
PHX,2019-09-02,18,26,40,26,39,88.46,88.46,84.62,4.58,9.27,0.7,4.62,3.05,1.79,4.41,11.31
PHX,2019-09-02,19,24,46,25,46,96.0,92.0,80.43,1.44,13.48,3.72,4.0,1.07,3.5,1.85,19.48
PHX,2019-09-02,20,32,29,33,30,93.94,93.94,86.67,3.64,11.91,1.64,4.15,2.13,2.22,0.73,10.33
PHX,2019-09-02,21,23,22,23,23,78.26,78.26,91.3,50.74,10.13,1.06,50.91,2.43,0.97,1.13,5.83
PHX,2019-09-02,22,7,9,6,10,100.0,100.0,90.0,0.0,12.33,1.85,0.0,0.7,0.55,1.0,28.6
PHX,2019-09-02,23,8,15,9,14,66.67,66.67,71.43,28.33,12.89,2.64,30.22,1.43,2.25,1.07,23.86
PHX,2019-09-03,0,3,1,3,1,66.67,66.67,100.0,11.67,8.0,0.0,10.67,4.0,0.1,0.0,0.0
PHX,2019-09-03,1,1,0,1,1,100.0,100.0,100.0,6.0,13.0,1.9,8.0,0.0,1.1,0.0,0.0
PHX,2019-09-03,2,0,0,0,2,0.0,0.0,50.0,0.0,0.0,0.0,0.0,0.0,1.5,0.0,25.5
PHX,2019-09-03,3,0,0,2,1,50.0,50.0,100.0,38.0,13.5,2.9,39.0,0.0,0.0,0.0,0.0
PHX,2019-09-03,5,8,0,8,3,87.5,87.5,33.33,9.13,14.0,3.69,11.0,0.0,1.1,2.0,36.33
PHX,2019-09-03,6,22,13,29,13,89.66,89.66,100.0,3.72,13.55,3.45,5.28,3.0,0.98,0.62,0.23
PHX,2019-09-03,7,26,34,30,36,90.0,86.67,97.22,8.87,15.57,5.59,12.63,4.61,3.61,2.22,1.42
PHX,2019-09-03,8,48,24,48,25,91.67,87.5,84.0,5.5,15.29,5.16,8.52,1.92,3.95,5.28,10.64
PHX,2019-09-03,9,29,42,29,41,82.76,75.86,97.56,11.55,15.93,5.27,15.66,0.71,11.49,1.56,12.83
PHX,2019-09-03,10,36,23,36,25,91.67,88.89,92.0,4.22,13.78,4.08,6.67,2.28,1.56,2.24,6.12
PHX,2019-09-03,11,19,34,20,35,100.0,100.0,91.43,0.45,9.45,0.89,0.65,1.74,1.57,1.17,8.63
PHX,2019-09-03,12,33,34,33,36,93.94,93.94,91.67,7.0,12.33,2.32,8.21,0.92,1.26,0.61,6.58
PHX,2019-09-03,13,30,31,32,31,84.38,75.0,93.55,10.0,14.63,4.37,12.72,2.06,2.79,1.29,7.19
PHX,2019-09-03,14,30,26,31,27,87.1,87.1,74.07,7.26,12.42,2.88,8.74,1.56,1.33,1.11,21.04
PHX,2019-09-03,15,21,22,24,25,75.0,75.0,88.0,16.04,11.58,1.92,17.21,4.76,0.56,1.12,7.6
PHX,2019-09-03,16,25,22,24,24,87.5,83.33,91.67,12.21,11.5,2.0,13.38,2.04,1.36,0.79,2.46
PHX,2019-09-03,17,24,24,27,25,96.3,92.59,68.0,2.11,12.07,2.09,3.33,5.28,1.01,3.12,12.56
PHX,2019-09-03,18,23,33,23,47,73.91,78.26,76.6,7.61,8.83,0.7,7.74,3.19,0.51,2.53,14.34
PHX,2019-09-03,19,22,31,30,31,76.67,76.67,90.32,10.47,11.9,2.3,11.7,3.1,1.77,0.52,4.9
PHX,2019-09-03,20,36,28,41,28,85.37,78.05,92.86,7.59,12.63,2.69,8.76,2.5,1.89,1.39,8.29
PHX,2019-09-03,21,12,19,12,18,75.0,66.67,94.44,9.0,11.17,1.11,9.08,1.78,1.31,0.22,3.67
PHX,2019-09-03,22,7,10,6,10,100.0,100.0,100.0,1.83,10.67,1.22,2.33,2.1,1.17,0.2,0.8
PHX,2019-09-03,23,8,10,8,13,100.0,100.0,92.31,0.75,15.25,4.39,3.38,1.69,3.12,2.54,2.0
PHX,2019-09-04,0,4,1,4,2,100.0,100.0,100.0,1.75,13.0,2.43,3.0,1.0,0.55,0.0,1.0
PHX,2019-09-04,1,1,0,1,1,100.0,100.0,100.0,0.0,16.0,4.9,2.0,0.0,1.1,3.0,5.0
PHX,2019-09-04,2,0,0,0,1,0.0,0.0,100.0,0.0,0.0,0.0,0.0,0.0,1.1,0.0,0.0
PHX,2019-09-04,3,0,0,1,4,100.0,100.0,25.0,0.0,12.0,1.4,1.0,0.0,0.53,5.75,26.25
PHX,2019-09-04,4,0,0,1,3,100.0,100.0,33.33,7.0,10.0,0.0,6.0,1.33,1.73,5.0,21.0
PHX,2019-09-04,5,6,1,9,5,88.89,100.0,40.0,2.22,11.78,3.24,3.44,1.6,1.08,5.6,25.4
PHX,2019-09-04,6,21,11,33,12,84.85,84.85,100.0,5.88,12.76,2.9,7.3,2.17,1.38,0.42,0.17
PHX,2019-09-04,7,26,37,35,39,91.43,88.57,97.44,3.37,14.34,4.24,5.57,1.82,1.08,0.69,0.62
PHX,2019-09-04,8,45,27,48,27,89.58,83.33,96.3,5.83,16.42,6.49,9.71,1.22,3.16,1.52,1.41
PHX,2019-09-04,9,30,37,29,37,93.1,89.66,94.59,6.79,17.34,6.65,10.55,1.76,8.83,1.27,3.3
PHX,2019-09-04,10,43,27,44,26,77.27,75.0,96.15,9.8,14.25,4.06,12.14,1.04,1.07,1.35,2.12
PHX,2019-09-04,11,20,33,20,34,80.0,80.0,91.18,16.8,14.65,4.86,20.5,1.35,1.5,1.29,4.29
PHX,2019-09-04,12,35,33,36,34,86.11,80.56,94.12,13.06,14.25,4.13,14.97,1.06,1.15,0.82,2.74
PHX,2019-09-04,13,29,28,30,29,83.33,80.0,96.55,5.3,14.0,3.75,7.23,2.9,1.43,0.93,0.62
PHX,2019-09-04,14,33,33,34,33,94.12,88.24,93.94,3.76,15.32,5.1,6.15,2.48,2.48,3.61,2.61
PHX,2019-09-04,15,28,23,28,26,96.43,85.71,96.15,1.68,18.36,7.76,6.71,2.58,0.5,0.77,1.92
PHX,2019-09-04,16,26,23,26,26,96.15,96.15,88.46,2.65,13.73,3.65,4.15,1.92,1.36,1.58,6.23
PHX,2019-09-04,17,25,29,28,34,89.29,89.29,88.24,2.46,15.57,5.21,4.36,2.0,0.79,2.0,4.38
PHX,2019-09-04,18,26,36,27,48,88.89,85.19,81.25,4.89,12.07,3.01,6.59,2.29,0.43,3.17,9.06
PHX,2019-09-04,19,25,40,33,44,90.91,84.85,75.0,3.48,16.3,6.11,7.0,2.98,3.56,3.02,7.73
PHX,2019-09-04,20,39,23,45,24,68.89,46.67,79.17,11.62,21.22,10.78,20.42,4.46,1.27,5.71,7.67
PHX,2019-09-04,21,10,24,10,24,100.0,100.0,83.33,3.4,10.4,0.71,3.6,3.92,1.68,2.17,10.04
PHX,2019-09-04,22,8,10,8,10,100.0,100.0,60.0,0.13,11.5,1.26,0.0,2.3,0.62,2.3,17.1
PHX,2019-09-04,23,7,13,8,13,87.5,100.0,76.92,1.88,11.63,1.44,1.75,0.69,0.72,0.31,18.62
PHX,2019-09-05,0,4,1,4,2,100.0,100.0,100.0,0.0,9.5,0.0,0.0,3.5,0.05,0.0,5.0
PHX,2019-09-05,1,1,0,1,1,100.0,100.0,0.0,0.0,11.0,0.0,0.0,3.0,0.1,4.0,48.0
PHX,2019-09-05,2,0,0,0,1,0.0,0.0,100.0,0.0,0.0,0.0,0.0,0.0,0.1,0.0,0.0
PHX,2019-09-05,3,0,0,1,3,100.0,100.0,66.67,0.0,25.0,14.4,14.0,3.33,0.77,6.0,9.0
PHX,2019-09-05,4,0,0,1,4,100.0,100.0,75.0,3.0,15.0,4.4,7.0,1.0,2.1,4.0,10.0
PHX,2019-09-05,5,8,1,9,6,77.78,77.78,50.0,9.11,11.0,1.39,9.56,0.67,2.2,4.0,17.17
PHX,2019-09-05,6,20,12,30,12,93.33,93.33,83.33,1.77,11.13,1.67,2.63,1.75,0.5,0.0,9.75
PHX,2019-09-05,7,30,41,39,41,87.18,87.18,90.24,4.03,14.18,3.93,6.15,2.27,1.44,1.2,17.12
PHX,2019-09-05,8,49,27,51,28,88.24,80.39,92.86,5.39,16.33,6.22,8.82,1.82,6.77,3.36,3.71
PHX,2019-09-05,9,33,39,34,40,91.18,91.18,90.0,2.53,16.24,5.34,5.76,1.45,9.53,1.88,6.78
PHX,2019-09-05,10,46,25,48,25,97.92,95.83,100.0,2.27,15.13,4.84,4.85,1.6,1.31,2.36,1.2
PHX,2019-09-05,11,19,36,20,37,85.0,85.0,91.89,14.0,12.8,3.26,16.15,1.81,0.77,2.03,2.86
PHX,2019-09-05,12,38,33,40,33,87.5,87.5,90.91,3.88,13.83,3.49,5.95,2.09,1.04,0.73,3.24
PHX,2019-09-05,13,28,29,30,32,93.33,90.0,87.5,6.1,15.67,5.36,9.0,1.78,0.52,0.5,4.28
PHX,2019-09-05,14,32,30,35,30,88.57,88.57,90.0,5.69,13.6,3.58,7.17,3.93,1.44,5.0,17.73
PHX,2019-09-05,15,30,26,31,30,80.65,80.65,96.67,20.29,14.58,3.87,21.55,3.1,0.86,0.9,2.27
PHX,2019-09-05,16,26,25,27,27,81.48,81.48,85.19,14.11,14.26,4.04,16.44,4.59,0.95,2.59,11.59
PHX,2019-09-05,17,27,29,30,33,86.67,86.67,72.73,15.6,14.9,4.44,17.8,4.42,0.62,5.55,13.21
PHX,2019-09-05,18,27,35,28,47,64.29,57.14,63.83,20.54,11.18,2.65,22.39,5.23,1.96,7.74,13.34
PHX,2019-09-05,19,24,44,32,49,84.38,78.13,95.92,7.69,15.53,5.34,11.22,2.98,6.4,3.57,2.29
PHX,2019-09-05,20,39,26,44,26,93.18,86.36,88.46,5.0,17.41,7.05,8.8,4.0,2.09,2.04,5.54
PHX,2019-09-05,21,10,23,10,23,100.0,100.0,86.96,0.8,10.7,1.21,1.3,2.13,1.67,4.43,3.39
PHX,2019-09-05,22,8,10,8,10,100.0,100.0,100.0,0.13,12.25,1.94,0.25,1.0,0.22,0.0,0.9
PHX,2019-09-05,23,7,12,7,13,71.43,71.43,76.92,19.29,10.43,0.37,19.0,0.77,0.68,1.23,12.15
PHX,2019-09-06,0,4,2,4,2,100.0,100.0,100.0,0.0,12.5,2.08,0.0,1.5,0.6,1.0,5.0
PHX,2019-09-06,1,1,0,1,1,100.0,100.0,100.0,0.0,12.0,0.9,0.0,0.0,1.1,0.0,0.0
PHX,2019-09-06,2,0,0,0,1,0.0,0.0,100.0,0.0,0.0,0.0,0.0,0.0,1.1,0.0,0.0
PHX,2019-09-06,3,0,0,1,4,100.0,100.0,100.0,0.0,22.0,11.4,11.0,0.0,0.03,3.5,2.25
PHX,2019-09-06,4,0,0,2,2,50.0,50.0,0.0,14.0,9.5,0.7,12.0,1.5,1.6,4.5,28.5
PHX,2019-09-06,5,7,1,8,5,87.5,87.5,40.0,4.13,11.63,1.33,4.25,1.8,1.06,3.2,17.6
PHX,2019-09-06,6,21,12,29,13,82.76,82.76,92.31,4.79,12.97,3.11,7.24,0.69,0.61,0.0,4.46
PHX,2019-09-06,7,30,43,40,42,72.5,62.5,97.62,7.6,17.55,7.24,12.63,1.81,2.77,1.45,0.74
PHX,2019-09-06,8,51,28,51,29,90.2,82.35,93.1,5.8,16.78,6.71,9.84,1.21,6.73,3.03,5.41
PHX,2019-09-06,9,32,39,35,40,94.29,91.43,97.5,1.23,17.03,6.28,5.17,2.0,11.99,2.4,2.78
PHX,2019-09-06,10,46,26,46,26,86.96,84.78,92.31,7.76,15.43,5.31,10.22,2.12,2.08,1.58,3.73
PHX,2019-09-06,11,21,39,21,40,85.71,85.71,97.5,14.52,12.0,2.5,15.57,2.15,2.05,1.3,0.8
PHX,2019-09-06,12,39,33,39,34,94.87,94.87,91.18,2.87,13.18,3.06,4.08,1.0,2.39,1.38,7.68
PHX,2019-09-06,13,30,30,31,32,83.87,83.87,96.88,17.32,13.52,3.45,19.06,1.84,1.77,1.09,1.72
PHX,2019-09-06,14,33,32,31,33,93.55,93.55,93.94,5.65,13.39,3.37,7.35,2.61,3.03,2.97,15.09
PHX,2019-09-06,15,31,25,32,28,71.88,68.75,85.71,24.5,12.56,2.28,25.44,2.07,2.01,0.89,5.89
PHX,2019-09-06,16,26,25,26,26,92.31,88.46,80.77,2.58,12.31,2.65,4.04,3.19,1.58,2.23,8.88
PHX,2019-09-06,17,27,29,29,31,72.41,72.41,93.55,12.31,12.0,1.64,13.03,1.23,1.64,0.68,2.26
PHX,2019-09-06,18,26,36,28,48,100.0,92.86,81.25,1.43,11.46,2.68,3.07,2.79,1.56,3.27,7.81
PHX,2019-09-06,19,26,44,30,47,90.0,90.0,91.49,3.87,15.33,5.22,6.13,1.38,6.28,2.23,4.96
PHX,2019-09-06,20,39,27,42,26,88.1,88.1,84.62,5.62,15.55,5.11,8.26,2.65,2.24,1.19,5.85
PHX,2019-09-06,21,10,21,11,21,90.91,100.0,95.24,1.45,10.09,0.37,1.27,1.95,1.16,0.29,1.76
PHX,2019-09-06,22,8,10,8,10,87.5,87.5,80.0,6.25,10.5,0.48,6.13,0.6,0.87,0.0,21.1
PHX,2019-09-06,23,7,13,8,14,100.0,87.5,78.57,2.5,13.5,3.26,4.63,0.79,2.07,0.0,7.57
PHX,2019-09-07,0,4,1,4,3,100.0,100.0,100.0,0.0,11.75,2.23,1.75,3.33,2.17,0.33,3.33
PHX,2019-09-07,1,1,0,1,1,100.0,100.0,100.0,0.0,8.0,0.0,0.0,1.0,1.1,4.0,0.0
PHX,2019-09-07,2,0,0,0,1,0.0,0.0,100.0,0.0,0.0,0.0,0.0,0.0,1.1,0.0,0.0
PHX,2019-09-07,3,0,0,1,0,100.0,100.0,0.0,0.0,10.0,0.0,0.0,0.0,0.0,0.0,0.0
PHX,2019-09-07,4,0,0,0,2,0.0,0.0,100.0,0.0,0.0,0.0,0.0,2.5,1.05,7.0,6.0
PHX,2019-09-07,5,7,1,7,2,100.0,100.0,100.0,0.0,12.29,2.19,0.43,1.5,1.55,1.5,2.0
PHX,2019-09-07,6,18,9,26,9,88.46,88.46,100.0,4.19,12.65,2.7,5.35,1.0,0.64,0.44,0.22
PHX,2019-09-07,7,22,39,26,39,76.92,73.08,100.0,11.58,15.04,4.6,13.92,2.38,2.13,0.33,0.0
PHX,2019-09-07,8,40,17,42,19,95.24,83.33,94.74,2.74,13.71,4.01,5.62,2.21,3.19,1.05,3.0
PHX,2019-09-07,9,24,41,24,44,91.67,91.67,97.73,4.96,13.96,3.81,7.21,1.73,7.99,2.89,1.75
PHX,2019-09-07,10,40,20,40,22,97.5,97.5,90.91,1.95,13.03,3.04,2.9,3.41,1.73,2.68,5.45
PHX,2019-09-07,11,17,31,18,31,94.44,94.44,93.55,4.33,10.61,1.9,5.61,3.23,1.27,1.13,3.06
PHX,2019-09-07,12,30,25,30,26,86.67,86.67,88.46,3.07,14.27,3.84,5.4,1.5,2.83,1.15,16.0
PHX,2019-09-07,13,25,22,26,22,96.15,96.15,95.45,1.19,13.88,3.53,2.92,2.5,0.95,0.0,5.41
PHX,2019-09-07,14,24,31,25,31,88.0,92.0,83.87,8.16,13.56,3.72,10.4,3.65,3.3,3.0,14.13
PHX,2019-09-07,15,28,23,27,25,88.89,85.19,88.0,9.67,13.52,4.0,12.41,2.64,2.79,1.72,6.2
PHX,2019-09-07,16,23,19,23,19,91.3,91.3,89.47,8.09,12.17,2.77,8.83,4.63,0.98,1.68,3.26
PHX,2019-09-07,17,22,25,27,27,81.48,81.48,85.19,15.33,12.56,2.44,16.7,5.56,1.86,4.11,5.26
PHX,2019-09-07,18,15,36,16,37,81.25,81.25,83.78,7.63,11.75,2.71,9.25,4.62,2.01,4.41,9.89
PHX,2019-09-07,19,20,29,19,29,78.95,78.95,100.0,7.74,14.21,4.07,9.95,1.62,4.31,0.79,0.41
PHX,2019-09-07,20,27,15,28,15,92.86,85.71,93.33,6.75,18.89,7.89,11.07,1.73,2.1,0.0,4.0
PHX,2019-09-07,21,6,16,6,15,100.0,100.0,80.0,0.5,13.33,2.0,1.17,2.0,0.61,0.93,11.2
PHX,2019-09-07,22,7,2,7,2,100.0,100.0,50.0,1.71,11.29,0.83,1.43,2.5,0.1,0.0,53.0
PHX,2019-09-07,23,6,6,6,7,100.0,100.0,85.71,0.0,11.83,1.48,0.5,0.43,1.21,0.29,25.57
PHX,2019-09-08,0,4,0,4,1,100.0,100.0,100.0,0.0,12.0,1.48,0.0,6.0,1.3,0.0,0.0
PHX,2019-09-08,1,1,0,1,1,100.0,100.0,100.0,0.0,14.0,2.9,0.0,0.0,1.1,1.0,0.0
PHX,2019-09-08,2,0,0,0,1,0.0,0.0,100.0,0.0,0.0,0.0,0.0,0.0,1.1,0.0,2.0
PHX,2019-09-08,3,0,0,2,1,50.0,50.0,100.0,10.5,9.0,1.2,11.5,2.0,4.1,8.0,0.0
PHX,2019-09-08,4,0,0,2,1,100.0,100.0,100.0,0.0,8.5,1.7,0.0,0.0,1.1,4.0,13.0
PHX,2019-09-08,5,8,1,10,1,70.0,70.0,100.0,16.2,10.9,1.27,16.6,0.0,0.0,0.0,0.0
PHX,2019-09-08,6,18,9,20,9,100.0,95.0,100.0,0.75,12.75,2.71,1.65,1.22,0.22,1.56,1.11
PHX,2019-09-08,7,27,34,27,35,96.3,96.3,97.14,1.19,13.93,3.49,2.15,1.86,4.66,0.71,2.23
PHX,2019-09-08,8,43,28,44,29,88.64,86.36,93.1,7.09,16.02,5.42,9.66,1.76,5.24,2.38,2.14
PHX,2019-09-08,9,40,36,41,36,82.93,82.93,91.67,11.32,15.59,5.25,14.27,1.89,11.54,2.19,7.17
PHX,2019-09-08,10,37,31,38,31,86.84,78.95,90.32,22.47,15.66,4.73,25.11,1.48,2.49,0.81,11.65
PHX,2019-09-08,11,30,33,31,33,87.1,77.42,87.88,13.87,13.19,4.05,17.06,2.0,2.61,1.15,10.64
PHX,2019-09-08,12,33,31,33,31,87.88,87.88,93.55,12.82,14.45,3.77,14.33,1.03,3.28,1.65,3.1
PHX,2019-09-08,13,30,21,31,23,77.42,77.42,82.61,9.55,11.55,1.89,9.9,3.26,1.86,2.0,17.3
PHX,2019-09-08,14,26,38,25,38,96.0,96.0,86.84,8.0,12.44,2.04,9.0,2.32,1.91,0.89,17.29
PHX,2019-09-08,15,33,26,33,29,75.76,75.76,96.55,27.64,15.15,5.03,31.0,2.1,1.92,0.52,1.72
PHX,2019-09-08,16,26,27,25,30,96.0,92.0,90.0,3.64,11.72,1.74,4.72,2.1,1.22,1.63,6.7
PHX,2019-09-08,17,29,28,30,30,76.67,66.67,90.0,18.27,15.8,5.69,22.3,1.73,1.59,1.23,3.73
PHX,2019-09-08,18,27,34,30,34,73.33,66.67,88.24,21.03,12.03,3.17,22.93,2.5,1.46,0.88,9.24
PHX,2019-09-08,19,25,41,25,39,96.0,96.0,89.74,3.8,14.12,3.87,5.12,1.41,3.02,2.05,4.67
PHX,2019-09-08,20,33,31,34,30,85.29,85.29,83.33,6.71,15.85,5.16,9.71,1.4,2.39,0.4,7.97
PHX,2019-09-08,21,19,30,19,32,84.21,84.21,84.38,14.89,10.11,1.48,15.53,2.16,1.18,0.94,10.38
PHX,2019-09-08,22,9,12,10,12,90.0,90.0,75.0,8.2,11.3,1.52,8.8,1.58,0.81,0.0,21.33
PHX,2019-09-08,23,8,11,8,14,75.0,75.0,71.43,11.63,12.5,1.9,12.0,1.14,1.66,0.93,10.86
PHX,2019-09-09,0,4,2,4,0,100.0,75.0,0.0,3.0,12.0,1.7,4.25,0.0,0.0,0.0,0.0
PHX,2019-09-09,1,1,0,1,1,100.0,100.0,100.0,11.0,11.0,0.0,11.0,0.0,1.1,4.0,8.0
PHX,2019-09-09,2,0,0,0,1,0.0,0.0,100.0,0.0,0.0,0.0,0.0,0.0,1.1,0.0,11.0
PHX,2019-09-09,3,0,0,1,1,100.0,100.0,0.0,0.0,11.0,0.4,0.0,3.0,1.1,5.0,20.0
PHX,2019-09-09,4,0,0,1,0,100.0,100.0,0.0,0.0,15.0,4.4,4.0,0.0,0.0,0.0,0.0
PHX,2019-09-09,5,7,1,8,1,87.5,87.5,100.0,9.63,13.13,3.01,11.5,0.0,6.9,0.0,0.0
PHX,2019-09-09,6,22,12,24,12,91.67,91.67,100.0,4.0,13.0,2.96,5.5,1.5,1.61,0.25,0.0
PHX,2019-09-09,7,29,42,28,43,78.57,78.57,97.67,13.61,14.54,4.46,15.93,1.42,1.77,1.16,1.07
PHX,2019-09-09,8,51,26,52,26,92.31,82.69,92.31,2.94,17.63,7.52,7.9,1.12,4.06,1.77,3.12
PHX,2019-09-09,9,32,40,32,40,90.63,71.88,95.0,8.25,19.22,8.35,14.31,1.9,8.01,2.15,8.23
PHX,2019-09-09,10,46,27,47,26,91.49,87.23,88.46,11.4,17.09,6.75,15.64,2.15,0.69,3.0,6.88
PHX,2019-09-09,11,20,36,21,38,85.71,85.71,81.58,6.38,12.0,2.71,7.48,1.03,1.79,2.68,12.42
PHX,2019-09-09,12,39,33,40,35,82.5,80.0,97.14,6.25,15.0,4.57,8.2,0.97,1.05,0.83,14.69
PHX,2019-09-09,13,29,30,32,31,90.63,78.13,93.55,4.88,15.94,5.61,8.66,1.19,0.94,0.13,3.26
PHX,2019-09-09,14,33,30,38,30,86.84,86.84,90.0,6.16,13.76,3.68,7.87,1.67,3.85,1.43,3.5
PHX,2019-09-09,15,30,26,33,30,84.85,84.85,76.67,14.42,14.79,4.43,16.91,2.57,3.0,2.23,13.7
PHX,2019-09-09,16,28,25,28,25,75.0,71.43,80.0,13.61,12.57,2.55,15.32,2.16,1.27,0.64,15.44
PHX,2019-09-09,17,26,29,29,32,79.31,79.31,90.63,20.03,13.76,3.49,22.34,1.34,1.72,0.88,5.06
PHX,2019-09-09,18,27,37,28,50,85.71,89.29,74.0,13.21,11.29,2.7,14.89,2.62,1.56,1.68,16.34
PHX,2019-09-09,19,26,45,31,50,93.55,93.55,88.0,5.81,14.65,4.15,7.42,1.58,4.23,2.18,8.14
PHX,2019-09-09,20,41,26,48,26,77.08,77.08,96.15,14.1,13.73,3.57,15.69,3.15,2.28,0.5,1.46
PHX,2019-09-09,21,10,26,10,26,100.0,100.0,84.62,1.8,9.4,0.31,1.4,1.5,2.03,1.04,14.58
PHX,2019-09-09,22,8,10,8,10,87.5,87.5,80.0,3.5,11.38,1.24,4.25,2.8,0.27,0.5,4.1
PHX,2019-09-09,23,8,12,8,13,87.5,87.5,84.62,11.75,11.13,0.8,11.63,0.31,1.01,0.0,12.38
PHX,2019-09-10,0,4,2,4,3,100.0,100.0,100.0,2.75,12.5,2.2,2.5,0.67,1.17,0.0,0.0
PHX,2019-09-10,1,1,0,1,1,100.0,100.0,100.0,0.0,22.0,10.9,3.0,0.0,1.1,4.0,0.0
PHX,2019-09-10,2,0,0,0,1,0.0,0.0,100.0,0.0,0.0,0.0,0.0,0.0,1.1,0.0,0.0
PHX,2019-09-10,3,0,0,1,2,100.0,100.0,50.0,0.0,10.0,0.0,0.0,0.0,0.05,3.0,11.5
PHX,2019-09-10,4,0,0,2,4,100.0,100.0,50.0,0.0,19.0,8.4,6.5,0.0,0.3,1.5,20.0
PHX,2019-09-10,5,8,1,10,5,90.0,90.0,20.0,4.0,12.5,2.47,3.9,6.6,1.28,9.0,41.6
PHX,2019-09-10,6,21,11,30,12,86.67,80.0,100.0,6.47,15.4,5.34,9.87,2.75,1.13,1.25,0.5
PHX,2019-09-10,7,25,38,36,41,77.78,69.44,90.24,10.81,16.03,5.86,14.17,3.98,2.98,2.02,4.34
PHX,2019-09-10,8,41,28,44,29,93.18,88.64,100.0,5.14,13.84,4.05,7.43,4.93,3.08,3.07,1.97
PHX,2019-09-10,9,29,39,29,41,93.1,86.21,85.37,4.1,14.41,3.73,6.24,5.73,6.33,3.68,5.39
PHX,2019-09-10,10,39,25,41,26,90.24,87.8,96.15,6.54,14.27,4.43,8.32,3.96,2.95,4.04,2.85
PHX,2019-09-10,11,19,31,20,31,80.0,75.0,96.77,6.75,13.35,4.56,10.45,4.81,2.28,2.9,2.32
PHX,2019-09-10,12,33,32,35,33,88.57,85.71,84.85,3.83,12.77,3.09,4.77,2.76,2.52,2.3,4.3
PHX,2019-09-10,13,25,29,26,29,96.15,92.31,89.66,2.42,12.27,2.69,3.62,1.86,2.2,1.66,4.07
PHX,2019-09-10,14,30,25,31,25,80.65,83.87,76.0,11.39,11.13,1.98,11.52,3.2,3.1,2.44,12.4
PHX,2019-09-10,15,27,19,27,22,92.59,92.59,95.45,2.67,13.85,3.53,4.63,2.23,2.53,1.5,3.64
PHX,2019-09-10,16,26,21,28,22,92.86,89.29,90.91,7.0,15.25,5.18,9.61,2.05,1.77,1.05,3.45
PHX,2019-09-10,17,23,28,24,32,87.5,83.33,87.5,18.54,12.71,2.82,19.58,2.09,1.23,0.63,10.38
PHX,2019-09-10,18,25,31,25,46,88.0,88.0,73.91,3.04,9.76,1.42,3.6,1.93,1.52,3.24,11.83
PHX,2019-09-10,19,25,38,32,42,93.75,87.5,88.1,6.72,14.31,3.83,8.31,1.55,2.4,1.67,5.21
PHX,2019-09-10,20,39,24,46,24,84.78,82.61,75.0,10.78,13.87,3.72,12.02,3.88,1.15,2.58,12.5
PHX,2019-09-10,21,9,25,9,25,77.78,77.78,80.0,10.56,10.67,1.5,10.56,2.88,1.7,2.08,5.56
PHX,2019-09-10,22,8,9,8,9,87.5,87.5,88.89,3.13,11.5,1.38,3.25,1.67,1.26,1.56,4.22
PHX,2019-09-10,23,8,11,9,12,100.0,100.0,91.67,0.0,15.33,4.29,1.89,0.75,2.73,0.0,1.92
PHX,2019-09-11,0,4,2,4,3,100.0,100.0,66.67,0.0,11.5,0.92,0.0,1.0,0.8,0.0,7.0
PHX,2019-09-11,1,1,0,1,2,100.0,100.0,50.0,0.0,15.0,3.9,0.0,0.0,1.1,4.0,53.5
PHX,2019-09-11,2,0,0,0,1,0.0,0.0,100.0,0.0,0.0,0.0,0.0,0.0,1.1,0.0,0.0
PHX,2019-09-11,3,0,0,1,1,100.0,100.0,100.0,0.0,10.0,0.0,0.0,0.0,0.0,2.0,0.0
PHX,2019-09-11,4,0,0,1,5,100.0,100.0,80.0,0.0,12.0,1.4,0.0,3.2,0.66,5.2,4.2
PHX,2019-09-11,5,7,1,10,5,80.0,90.0,60.0,4.5,12.0,2.11,5.3,0.2,2.86,4.8,22.2
PHX,2019-09-11,6,22,11,33,11,81.82,81.82,72.73,6.09,12.33,2.36,7.12,1.45,3.25,2.55,52.09
PHX,2019-09-11,7,25,40,33,41,84.85,84.85,97.56,3.67,13.36,3.55,5.12,2.15,2.61,1.46,5.59
PHX,2019-09-11,8,46,25,47,26,97.87,87.23,96.15,4.02,14.53,4.92,7.17,0.85,3.13,2.46,2.27
PHX,2019-09-11,9,32,38,32,39,96.88,90.63,97.44,3.5,15.75,4.86,6.41,2.15,9.5,3.28,2.08
PHX,2019-09-11,10,43,25,43,25,86.05,86.05,92.0,4.91,13.6,3.52,6.81,2.04,2.45,1.32,5.56
PHX,2019-09-11,11,21,35,21,35,90.48,90.48,94.29,12.05,11.52,2.45,13.43,2.03,2.46,2.0,1.63
PHX,2019-09-11,12,36,33,37,33,97.3,97.3,100.0,6.27,11.7,1.85,6.51,1.21,2.09,1.3,1.12
PHX,2019-09-11,13,29,29,31,31,87.1,83.87,87.1,3.06,13.19,3.27,5.0,1.55,3.12,1.65,13.29
PHX,2019-09-11,14,34,31,36,33,91.67,86.11,78.79,3.53,14.03,3.92,5.58,2.09,4.25,3.09,7.7
PHX,2019-09-11,15,29,24,29,27,86.21,82.76,88.89,9.72,14.52,4.11,11.55,1.59,1.76,0.78,5.74
PHX,2019-09-11,16,27,24,28,28,92.86,85.71,96.43,3.04,13.07,3.34,4.79,2.79,1.5,1.64,1.36
PHX,2019-09-11,17,24,29,27,33,85.19,85.19,84.85,13.7,13.07,3.06,15.11,1.33,1.44,3.09,11.18
PHX,2019-09-11,18,26,36,26,52,84.62,84.62,78.85,10.35,10.08,1.75,10.92,1.83,2.05,2.46,8.79
PHX,2019-09-11,19,26,42,34,44,91.18,91.18,90.91,3.91,15.24,4.76,6.18,2.3,4.29,2.11,6.09
PHX,2019-09-11,20,40,23,46,24,91.3,86.96,91.67,6.89,13.43,3.25,8.39,2.08,1.48,0.67,7.79
PHX,2019-09-11,21,10,25,9,26,77.78,77.78,88.46,14.89,9.78,0.88,14.44,1.23,1.88,1.08,11.0
PHX,2019-09-11,22,8,10,8,10,100.0,100.0,90.0,1.13,10.38,0.73,0.88,1.4,0.65,0.8,3.9
PHX,2019-09-11,23,8,11,8,12,87.5,87.5,100.0,6.38,12.0,1.64,5.88,1.25,2.93,0.17,0.58
PHX,2019-09-12,0,4,1,5,3,80.0,80.0,66.67,3.6,11.4,0.76,4.4,2.33,0.47,14.0,14.0
PHX,2019-09-12,1,1,0,1,1,100.0,100.0,100.0,0.0,11.0,0.0,0.0,0.0,1.1,5.0,0.0
PHX,2019-09-12,2,0,0,1,1,100.0,100.0,100.0,0.0,21.0,10.4,10.0,0.0,1.1,2.0,0.0
PHX,2019-09-12,3,0,0,0,3,0.0,0.0,100.0,0.0,0.0,0.0,0.0,0.33,0.03,4.33,2.33
PHX,2019-09-12,4,0,0,1,3,100.0,100.0,66.67,0.0,14.0,3.4,0.0,0.0,0.03,1.67,11.33
PHX,2019-09-12,5,8,1,13,5,76.92,76.92,60.0,6.38,13.69,3.34,8.15,2.0,0.86,3.8,18.2
PHX,2019-09-12,6,21,12,30,13,90.0,83.33,92.31,3.93,14.5,4.31,6.97,0.38,0.72,0.15,3.15
PHX,2019-09-12,7,29,43,39,42,87.18,79.49,95.24,8.41,17.08,6.89,12.56,1.33,2.0,1.93,8.29
PHX,2019-09-12,8,51,27,51,29,88.24,70.59,82.76,10.12,22.35,12.22,20.24,1.9,3.78,3.38,6.9
PHX,2019-09-12,9,32,40,33,42,93.94,57.58,83.33,4.88,24.67,13.87,16.33,1.55,8.04,3.9,10.33
PHX,2019-09-12,10,47,25,52,26,82.69,65.38,88.46,17.83,18.1,7.71,23.88,0.88,0.99,3.38,12.31
PHX,2019-09-12,11,19,35,19,37,73.68,68.42,83.78,31.32,14.32,4.92,34.47,2.19,1.83,2.81,12.7
PHX,2019-09-12,12,38,33,40,35,75.0,67.5,77.14,17.9,16.93,6.55,23.05,1.2,2.73,0.89,13.11
PHX,2019-09-12,13,28,30,28,31,64.29,67.86,96.77,16.96,13.36,3.35,18.89,1.55,2.87,1.81,4.23
PHX,2019-09-12,14,33,30,37,33,72.97,70.27,63.64,16.51,12.95,2.86,18.14,1.97,4.68,4.21,19.45
PHX,2019-09-12,15,31,26,32,29,75.0,71.88,89.66,11.63,15.06,4.71,15.25,1.31,1.71,2.14,6.1
PHX,2019-09-12,16,27,25,30,27,83.33,76.67,74.07,8.87,12.83,2.66,10.93,1.56,1.12,1.07,16.19
PHX,2019-09-12,17,26,29,28,32,64.29,60.71,65.63,30.14,15.29,4.88,34.36,1.84,1.68,4.41,20.75
PHX,2019-09-12,18,27,36,28,51,75.0,71.43,70.59,26.36,9.93,1.3,27.14,2.73,1.57,3.8,14.94
PHX,2019-09-12,19,26,46,33,50,75.76,75.76,64.0,11.45,13.97,3.93,13.39,2.18,2.11,4.38,21.86
PHX,2019-09-12,20,40,25,47,27,55.32,51.06,51.85,24.68,14.98,4.61,27.96,2.89,2.73,3.15,33.41
PHX,2019-09-12,21,10,26,10,28,80.0,80.0,64.29,7.0,15.1,4.85,9.8,2.11,3.06,3.29,21.61
PHX,2019-09-12,22,8,10,8,9,75.0,75.0,77.78,11.88,12.25,1.65,12.25,1.56,0.47,0.67,18.89
PHX,2019-09-12,23,8,13,8,14,50.0,37.5,71.43,17.0,13.38,2.83,19.38,0.93,2.58,4.64,19.0
PHX,2019-09-13,0,4,2,4,2,75.0,75.0,100.0,24.25,11.25,0.6,24.75,2.5,1.6,0.0,1.0
PHX,2019-09-13,1,1,0,1,1,100.0,100.0,100.0,0.0,12.0,0.9,0.0,0.0,1.1,2.0,0.0
PHX,2019-09-13,2,0,0,0,2,0.0,0.0,50.0,0.0,0.0,0.0,0.0,1.5,0.75,3.0,10.5
PHX,2019-09-13,3,0,0,1,2,100.0,100.0,50.0,0.0,24.0,13.4,13.0,2.5,2.6,12.0,26.0
PHX,2019-09-13,4,0,0,1,5,100.0,100.0,40.0,0.0,11.0,0.4,0.0,1.2,0.44,3.4,31.2
PHX,2019-09-13,5,7,1,9,4,88.89,88.89,50.0,4.0,14.0,4.26,6.67,0.5,0.78,2.0,22.0
PHX,2019-09-13,6,22,12,32,13,50.0,46.88,84.62,21.44,15.34,5.25,25.63,0.62,0.01,0.54,6.77
PHX,2019-09-13,7,29,43,39,43,87.18,74.36,95.35,6.33,17.31,7.07,11.31,1.12,3.47,0.84,2.53
PHX,2019-09-13,8,52,27,51,30,86.27,70.59,80.0,5.24,17.88,7.76,11.04,1.63,4.26,2.9,17.73
PHX,2019-09-13,9,32,40,35,40,71.43,62.86,87.5,18.03,19.66,8.64,25.2,1.57,9.32,2.5,7.6
PHX,2019-09-13,10,46,26,46,25,95.65,80.43,100.0,2.33,20.11,9.71,9.13,0.88,1.47,1.12,0.64
PHX,2019-09-13,11,21,38,22,40,86.36,77.27,85.0,5.14,15.5,6.27,9.77,2.08,1.45,1.18,6.55
PHX,2019-09-13,12,38,33,40,35,85.0,85.0,91.43,14.33,14.23,4.01,16.65,1.06,1.81,0.74,2.77
PHX,2019-09-13,13,30,30,31,30,87.1,80.65,90.0,12.9,12.97,2.68,14.39,1.57,1.28,0.7,5.4
PHX,2019-09-13,14,33,31,34,32,79.41,79.41,65.63,11.56,13.56,3.78,13.32,2.56,2.42,3.06,20.09
PHX,2019-09-13,15,31,26,33,28,66.67,69.7,92.86,30.76,14.18,3.73,33.15,1.29,2.53,0.39,2.64
PHX,2019-09-13,16,28,25,28,26,78.57,78.57,88.46,7.96,12.25,2.19,9.36,1.58,1.47,0.27,7.58
PHX,2019-09-13,17,26,29,28,32,89.29,78.57,78.13,5.75,14.32,4.11,7.79,1.78,1.64,3.13,17.91
PHX,2019-09-13,18,26,37,29,50,79.31,68.97,74.0,20.55,11.24,2.78,22.72,2.64,2.2,2.6,16.52
PHX,2019-09-13,19,28,46,31,50,74.19,74.19,78.0,15.77,13.65,3.26,17.84,1.58,3.22,1.36,8.32
PHX,2019-09-13,20,39,26,44,27,75.0,72.73,81.48,15.34,13.2,2.98,17.18,2.37,1.82,2.85,8.85
PHX,2019-09-13,21,10,24,10,24,90.0,80.0,79.17,2.0,13.4,3.5,4.2,1.42,1.58,0.42,14.17
PHX,2019-09-13,22,8,10,8,10,100.0,100.0,100.0,1.38,14.0,3.24,2.25,1.9,1.38,0.9,1.4
PHX,2019-09-13,23,8,13,8,15,75.0,75.0,66.67,15.38,10.63,0.81,14.75,2.2,2.63,2.47,19.47
PHX,2019-09-14,0,4,1,5,3,80.0,80.0,100.0,6.4,10.6,0.46,6.8,1.0,1.83,0.0,3.33
PHX,2019-09-14,1,1,0,1,1,100.0,100.0,100.0,0.0,14.0,2.9,1.0,9.0,1.1,13.0,2.0
PHX,2019-09-14,2,0,0,0,1,0.0,0.0,100.0,0.0,0.0,0.0,0.0,1.0,1.1,0.0,0.0
PHX,2019-09-14,3,0,0,1,0,100.0,100.0,0.0,0.0,10.0,0.0,0.0,0.0,0.0,0.0,0.0
PHX,2019-09-14,4,0,0,0,2,0.0,0.0,50.0,0.0,0.0,0.0,0.0,0.0,0.05,0.0,8.0
PHX,2019-09-14,5,7,1,10,3,80.0,80.0,66.67,4.9,11.0,1.42,5.4,0.0,2.4,5.67,9.33
PHX,2019-09-14,6,19,9,27,9,92.59,96.3,100.0,2.04,11.48,1.95,2.81,1.89,0.56,0.56,0.11
PHX,2019-09-14,7,21,39,24,38,95.83,91.67,89.47,0.83,15.58,5.35,3.38,1.55,1.17,0.29,4.42
PHX,2019-09-14,8,40,17,41,19,95.12,92.68,94.74,1.78,17.1,6.98,6.44,0.89,2.36,0.95,6.0
PHX,2019-09-14,9,25,41,26,41,84.62,80.77,92.68,8.35,14.38,3.98,10.31,2.59,5.45,0.68,10.61
PHX,2019-09-14,10,39,20,39,21,100.0,92.31,95.24,1.21,16.05,5.83,4.97,0.52,1.19,0.43,3.86
PHX,2019-09-14,11,17,31,17,32,100.0,94.12,93.75,0.59,13.71,4.78,3.47,1.0,1.35,1.72,1.59
PHX,2019-09-14,12,30,25,31,26,87.1,87.1,92.31,4.68,14.9,4.35,6.19,1.46,1.18,0.5,3.46
PHX,2019-09-14,13,25,23,26,23,80.77,80.77,95.65,17.27,15.19,4.55,20.62,1.3,0.66,0.17,3.26
PHX,2019-09-14,14,25,31,25,32,92.0,92.0,93.75,10.52,15.04,4.6,12.72,2.56,2.83,1.88,2.09
PHX,2019-09-14,15,28,23,30,25,86.67,83.33,92.0,8.67,14.43,4.31,10.97,2.96,1.63,1.44,7.32
PHX,2019-09-14,16,24,19,25,19,68.0,64.0,84.21,17.08,15.6,5.45,20.24,2.21,0.48,1.42,4.63
PHX,2019-09-14,17,22,26,23,28,78.26,78.26,92.86,8.39,15.13,4.69,10.7,5.82,2.29,3.43,3.64
PHX,2019-09-14,18,15,36,15,36,60.0,53.33,86.11,21.07,14.6,5.33,25.13,4.42,0.7,2.36,17.31
PHX,2019-09-14,19,20,28,19,30,94.74,84.21,73.33,10.26,19.26,8.43,15.16,3.5,1.7,4.23,9.77
PHX,2019-09-14,20,27,15,29,15,82.76,68.97,93.33,10.03,18.03,6.79,15.21,2.6,1.74,0.47,2.13
PHX,2019-09-14,21,6,17,6,19,83.33,83.33,68.42,8.0,14.67,2.68,9.67,1.53,1.53,1.05,20.95
PHX,2019-09-14,22,7,2,8,2,75.0,62.5,100.0,169.13,11.88,1.69,169.75,0.0,0.1,0.0,5.5
PHX,2019-09-14,23,6,6,6,7,100.0,100.0,100.0,0.0,13.0,2.38,0.67,0.57,0.46,0.0,1.86
PHX,2019-09-15,0,4,0,5,1,80.0,80.0,100.0,11.2,13.4,2.74,12.4,2.0,1.3,0.0,0.0
PHX,2019-09-15,1,1,0,1,1,100.0,100.0,100.0,0.0,12.0,0.9,0.0,0.0,1.1,0.0,0.0
PHX,2019-09-15,2,0,0,1,1,100.0,100.0,100.0,5.0,5.0,0.0,0.0,0.0,1.1,0.0,0.0
PHX,2019-09-15,3,0,0,1,1,100.0,100.0,100.0,0.0,10.0,0.0,0.0,1.0,3.1,7.0,7.0
PHX,2019-09-15,4,0,0,2,0,100.0,100.0,0.0,0.0,11.0,3.2,0.0,0.0,0.0,0.0,0.0
PHX,2019-09-15,5,8,1,10,1,100.0,100.0,100.0,0.0,12.1,2.14,0.2,0.0,0.0,0.0,0.0
PHX,2019-09-15,6,20,9,22,10,86.36,86.36,80.0,7.68,11.64,1.96,8.05,3.0,1.4,2.2,41.1
PHX,2019-09-15,7,26,34,26,35,84.62,80.77,100.0,10.04,14.5,4.28,12.5,1.17,2.58,0.74,0.43
PHX,2019-09-15,8,43,28,43,28,86.05,65.12,85.71,9.14,21.49,10.86,17.23,0.96,5.29,1.5,4.86
PHX,2019-09-15,9,40,36,41,37,90.24,85.37,89.19,4.61,18.46,8.26,10.22,1.86,7.8,0.73,12.11
PHX,2019-09-15,10,37,30,38,31,81.58,71.05,100.0,31.55,19.5,8.61,37.0,0.87,0.64,0.74,0.97
PHX,2019-09-15,11,29,33,29,34,89.66,86.21,88.24,4.0,12.55,3.48,6.1,0.91,1.76,1.44,7.79
PHX,2019-09-15,12,33,31,34,33,76.47,70.59,72.73,18.41,19.62,8.74,24.79,1.45,1.18,1.73,23.39
PHX,2019-09-15,13,30,21,31,21,64.52,67.74,90.48,18.06,13.58,3.48,19.97,1.62,1.13,0.43,5.29
PHX,2019-09-15,14,26,37,26,38,88.46,80.77,84.21,20.92,13.35,3.07,22.92,1.29,3.53,2.47,20.08
PHX,2019-09-15,15,33,26,35,28,80.0,74.29,85.71,13.91,14.91,4.8,16.89,1.57,2.3,0.79,6.89
PHX,2019-09-15,16,26,28,27,33,77.78,77.78,84.85,6.48,13.93,3.43,8.67,1.21,1.88,1.03,24.15
PHX,2019-09-15,17,29,27,32,29,71.88,68.75,86.21,12.25,15.84,5.58,16.53,1.76,1.7,1.03,5.9
PHX,2019-09-15,18,26,35,26,36,80.77,73.08,83.33,14.04,11.35,2.6,15.77,2.56,1.62,2.11,12.42
PHX,2019-09-15,19,26,41,25,42,76.0,72.0,83.33,18.32,15.56,5.03,21.6,3.64,3.76,1.76,32.29
PHX,2019-09-15,20,33,31,34,33,85.29,82.35,81.82,7.47,14.38,3.63,9.32,3.09,3.41,1.91,9.0
PHX,2019-09-15,21,19,30,20,32,70.0,70.0,81.25,20.15,10.25,1.4,20.6,1.91,1.37,2.09,20.44
PHX,2019-09-15,22,9,12,10,13,100.0,100.0,92.31,0.8,10.1,0.92,0.5,2.0,1.68,1.31,2.31
PHX,2019-09-15,23,8,11,8,12,100.0,100.0,83.33,1.75,12.5,2.08,2.0,0.5,2.08,1.42,10.33
PHX,2019-09-16,0,4,2,5,0,100.0,100.0,0.0,0.0,13.0,2.64,1.8,0.0,0.0,0.0,0.0
PHX,2019-09-16,1,1,0,1,1,100.0,100.0,100.0,0.0,12.0,0.9,0.0,0.0,1.1,0.0,0.0
PHX,2019-09-16,2,0,0,1,1,100.0,100.0,100.0,0.0,10.0,0.0,0.0,7.0,1.1,10.0,8.0
PHX,2019-09-16,3,0,0,1,1,0.0,0.0,0.0,15.0,14.0,3.4,18.0,1.0,1.1,3.0,48.0
PHX,2019-09-16,4,0,0,1,0,0.0,0.0,0.0,24.0,11.0,0.4,24.0,0.0,0.0,0.0,0.0
PHX,2019-09-16,5,7,1,8,1,87.5,87.5,100.0,6.5,11.5,1.11,6.5,0.0,0.9,0.0,0.0
PHX,2019-09-16,6,22,12,24,12,100.0,100.0,83.33,0.29,12.21,2.46,1.46,1.25,1.25,0.42,7.83
PHX,2019-09-16,7,29,42,30,41,86.67,83.33,95.12,6.07,14.6,4.64,9.0,1.15,1.86,0.93,15.02
PHX,2019-09-16,8,51,26,51,29,94.12,78.43,89.66,5.06,19.02,8.91,11.65,1.76,5.34,2.34,6.45
PHX,2019-09-16,9,32,40,34,39,76.47,70.59,94.87,17.68,16.91,5.99,21.62,2.23,7.88,2.23,1.79
PHX,2019-09-16,10,46,26,48,26,77.08,75.0,96.15,30.21,14.73,4.37,32.27,1.08,0.47,1.31,2.12
PHX,2019-09-16,11,20,35,19,37,89.47,84.21,83.78,20.0,12.47,3.17,22.68,2.97,0.88,4.86,8.95
PHX,2019-09-16,12,37,33,39,38,87.18,82.05,89.47,7.15,15.28,4.83,10.28,2.24,1.65,1.37,5.03
PHX,2019-09-16,13,29,30,29,31,93.1,89.66,83.87,2.31,16.66,6.14,6.24,2.39,1.12,1.42,9.48
PHX,2019-09-16,14,33,30,38,31,86.84,84.21,87.1,14.55,15.29,5.45,18.58,3.45,1.87,5.35,8.39
PHX,2019-09-16,15,30,26,32,28,75.0,71.88,92.86,16.0,13.34,2.89,17.41,3.11,1.25,1.57,6.14
PHX,2019-09-16,16,28,25,29,25,89.66,89.66,80.0,6.24,13.03,2.9,8.31,2.16,1.13,2.16,9.04
PHX,2019-09-16,17,26,29,27,34,70.37,62.96,82.35,19.07,17.48,7.08,24.85,3.85,1.91,4.38,10.21
PHX,2019-09-16,18,27,37,30,45,73.33,26.67,62.22,16.5,29.17,20.05,35.83,18.69,1.35,19.76,35.49
PHX,2019-09-16,19,26,45,31,47,67.74,22.58,34.04,34.16,27.61,17.25,48.16,68.43,1.24,65.47,77.38
PHX,2019-09-16,20,41,26,42,31,33.33,26.19,25.81,65.55,17.38,6.94,71.81,14.06,1.35,19.03,71.52
PHX,2019-09-16,21,10,26,9,37,33.33,22.22,35.14,50.89,17.0,6.51,56.89,5.38,4.21,9.76,48.51
PHX,2019-09-16,22,8,10,8,14,50.0,50.0,50.0,27.25,12.75,2.51,29.0,1.86,0.14,3.36,26.21
PHX,2019-09-16,23,8,12,8,14,87.5,87.5,78.57,10.63,13.25,2.66,12.5,0.5,2.02,1.14,14.64
PHX,2019-09-17,0,4,2,5,3,80.0,80.0,66.67,9.0,14.2,3.62,11.8,1.33,0.0,0.0,7.67
PHX,2019-09-17,1,1,0,1,1,100.0,100.0,100.0,7.0,14.0,2.9,10.0,0.0,0.0,0.0,0.0
PHX,2019-09-17,2,0,0,0,1,0.0,0.0,100.0,0.0,0.0,0.0,0.0,0.0,1.1,0.0,0.0
PHX,2019-09-17,3,0,0,1,2,100.0,100.0,100.0,0.0,13.0,2.4,2.0,2.5,0.1,2.0,4.0
PHX,2019-09-17,4,0,0,1,5,100.0,100.0,40.0,0.0,13.0,2.4,1.0,1.0,1.08,1.0,14.0
PHX,2019-09-17,5,8,1,13,3,69.23,69.23,33.33,9.46,12.77,2.72,10.15,0.0,0.07,1.67,18.67
PHX,2019-09-17,6,21,11,29,13,93.1,93.1,84.62,3.1,12.45,2.33,4.21,1.54,0.59,0.69,5.08
PHX,2019-09-17,7,25,38,37,40,100.0,97.3,90.0,0.22,14.43,4.41,2.92,1.5,1.12,0.33,15.88
PHX,2019-09-17,8,41,29,42,30,95.24,90.48,93.33,4.5,15.67,5.86,7.52,1.53,2.38,0.97,1.93
PHX,2019-09-17,9,30,38,33,37,90.91,90.91,91.89,8.76,15.15,4.42,11.21,1.89,4.01,0.08,4.27
PHX,2019-09-17,10,38,25,38,26,89.47,86.84,88.46,2.92,15.08,5.09,5.37,1.19,1.13,2.08,3.81
PHX,2019-09-17,11,19,30,20,30,75.0,75.0,90.0,18.3,11.4,2.24,19.3,1.37,0.75,1.13,9.67
PHX,2019-09-17,12,32,32,33,32,87.88,81.82,93.75,13.33,14.76,4.35,15.79,1.16,1.17,0.84,5.94
PHX,2019-09-17,13,25,29,27,29,88.89,88.89,93.1,3.52,11.59,1.99,4.48,1.79,0.87,0.1,12.0
PHX,2019-09-17,14,30,25,32,26,90.63,90.63,92.31,4.03,10.97,1.74,4.28,2.15,2.38,1.42,5.12
PHX,2019-09-17,15,27,19,31,23,96.77,93.55,91.3,0.84,14.71,4.54,3.1,1.48,1.28,0.43,3.83
PHX,2019-09-17,16,26,21,29,24,75.86,72.41,87.5,6.9,12.72,2.94,8.48,2.13,1.97,1.54,3.21
PHX,2019-09-17,17,23,28,26,35,88.46,84.62,91.43,14.92,14.81,4.75,17.96,1.46,0.89,1.43,4.29
PHX,2019-09-17,18,25,31,26,47,92.31,88.46,85.11,6.42,10.46,1.95,7.19,1.47,1.38,1.81,5.85
PHX,2019-09-17,19,25,38,32,41,93.75,90.63,90.24,1.88,14.16,3.92,3.84,0.63,5.67,1.76,7.34
PHX,2019-09-17,20,39,24,45,26,82.22,77.78,84.62,5.78,16.93,6.63,9.47,2.46,2.47,1.19,4.81
PHX,2019-09-17,21,9,25,9,26,100.0,100.0,92.31,0.0,15.11,4.82,1.67,0.77,2.09,0.73,4.15
PHX,2019-09-17,22,8,9,9,9,100.0,88.89,100.0,3.0,14.11,3.1,3.33,0.33,0.02,0.0,1.56
PHX,2019-09-17,23,8,11,8,13,87.5,87.5,84.62,3.75,12.5,1.91,4.38,0.31,2.82,1.62,6.31
PHX,2019-09-18,0,4,2,7,3,85.71,85.71,66.67,3.0,10.71,0.46,3.14,1.33,0.37,0.0,6.0
PHX,2019-09-18,1,1,0,1,1,100.0,100.0,100.0,0.0,18.0,6.9,0.0,0.0,1.1,0.0,0.0
PHX,2019-09-18,2,0,0,0,1,0.0,0.0,100.0,0.0,0.0,0.0,0.0,0.0,1.1,0.0,0.0
PHX,2019-09-18,3,0,0,1,1,100.0,100.0,100.0,0.0,18.0,7.4,7.0,0.0,1.1,10.0,8.0
PHX,2019-09-18,4,0,0,1,5,100.0,100.0,100.0,0.0,13.0,2.4,2.0,0.2,0.46,0.2,3.6
PHX,2019-09-18,5,7,1,11,5,90.91,90.91,40.0,2.18,12.73,3.15,3.36,0.6,0.46,2.8,12.6
PHX,2019-09-18,6,22,11,32,11,93.75,93.75,100.0,2.84,13.19,3.2,4.59,1.45,1.25,0.0,0.0
PHX,2019-09-18,7,25,40,33,43,93.94,87.88,95.35,1.88,15.06,4.97,4.76,0.95,2.06,0.98,1.74
PHX,2019-09-18,8,46,26,51,28,90.2,82.35,89.29,5.67,17.1,7.08,9.86,1.43,4.07,2.25,20.93
PHX,2019-09-18,9,32,37,33,38,90.91,81.82,89.47,5.52,18.15,7.28,10.06,1.34,4.73,1.05,5.71
PHX,2019-09-18,10,43,26,44,25,90.91,88.64,88.0,5.52,15.68,5.39,8.2,0.96,0.29,1.4,10.2
PHX,2019-09-18,11,21,33,23,34,82.61,78.26,82.35,18.57,15.61,6.25,23.39,1.12,1.0,0.82,9.74
PHX,2019-09-18,12,35,32,37,33,89.19,89.19,90.91,11.08,11.89,2.08,11.84,1.73,1.88,1.3,4.76
PHX,2019-09-18,13,29,30,30,30,86.67,86.67,96.67,4.0,14.23,4.02,5.93,1.43,2.32,0.87,2.7
PHX,2019-09-18,14,34,31,35,33,82.86,82.86,81.82,9.49,12.43,2.72,10.49,4.06,1.79,10.61,17.27
PHX,2019-09-18,15,29,24,31,28,87.1,83.87,96.43,2.84,13.23,2.97,4.39,1.04,1.58,0.07,1.5
PHX,2019-09-18,16,27,24,27,27,92.59,81.48,81.48,9.96,12.22,2.56,11.96,1.3,2.03,3.67,8.19
PHX,2019-09-18,17,24,29,29,33,89.66,89.66,93.94,4.97,13.93,3.85,6.34,2.55,1.44,1.64,2.85
PHX,2019-09-18,18,26,36,28,50,71.43,67.86,78.0,19.64,10.14,1.46,20.82,2.82,1.53,3.26,9.26
PHX,2019-09-18,19,26,42,33,45,72.73,72.73,80.0,31.42,13.85,3.77,33.52,1.51,4.82,2.07,8.89
PHX,2019-09-18,20,40,23,46,24,76.09,76.09,75.0,15.35,11.98,2.01,16.26,2.38,1.57,1.13,10.13
PHX,2019-09-18,21,10,25,10,26,50.0,60.0,88.46,14.3,10.2,0.42,13.7,1.69,1.04,1.0,6.27
PHX,2019-09-18,22,8,10,8,10,75.0,75.0,90.0,12.5,11.63,0.91,12.5,2.1,0.85,0.0,2.9
PHX,2019-09-18,23,8,11,8,13,100.0,100.0,69.23,0.0,12.25,1.54,0.75,0.77,1.26,1.31,14.69
PHX,2019-09-19,0,4,1,5,3,80.0,80.0,100.0,6.6,11.2,1.18,6.6,3.0,2.17,1.33,4.33
PHX,2019-09-19,1,1,0,1,1,100.0,100.0,100.0,0.0,11.0,0.0,0.0,0.0,1.1,6.0,0.0
PHX,2019-09-19,2,0,0,0,1,0.0,0.0,100.0,0.0,0.0,0.0,0.0,0.0,1.1,0.0,0.0
PHX,2019-09-19,3,0,0,1,2,100.0,100.0,100.0,0.0,10.0,0.0,0.0,0.0,0.6,3.5,2.0
PHX,2019-09-19,4,0,0,1,4,100.0,100.0,100.0,0.0,11.0,0.4,0.0,0.0,0.58,1.0,4.25
PHX,2019-09-19,5,8,1,11,6,72.73,72.73,33.33,6.55,11.73,1.77,6.64,0.17,1.23,5.0,20.5
PHX,2019-09-19,6,21,12,31,13,90.32,90.32,100.0,2.16,12.29,2.32,3.55,1.08,1.12,1.08,1.08
PHX,2019-09-19,7,30,43,42,42,90.48,83.33,90.48,2.48,16.64,6.35,6.81,2.36,0.82,1.38,18.43
PHX,2019-09-19,8,51,28,52,31,80.77,73.08,80.65,15.5,18.04,7.84,21.12,2.77,3.02,3.03,15.0
PHX,2019-09-19,9,32,39,32,39,71.88,75.0,84.62,15.78,17.38,6.78,20.81,2.0,5.24,1.44,12.31
PHX,2019-09-19,10,47,25,46,25,89.13,82.61,88.0,10.22,16.39,6.05,14.41,1.4,1.1,1.88,4.52
PHX,2019-09-19,11,19,35,20,35,75.0,70.0,88.57,23.15,11.95,2.7,24.45,1.69,1.15,2.26,16.23
PHX,2019-09-19,12,37,32,36,33,86.11,86.11,90.91,8.89,13.33,3.13,10.67,2.3,2.34,1.48,5.64
PHX,2019-09-19,13,28,31,28,32,92.86,82.14,84.38,6.04,14.0,4.1,9.18,1.97,0.97,0.47,10.66
PHX,2019-09-19,14,33,30,33,32,72.73,63.64,87.5,13.91,12.42,2.63,15.36,3.13,1.73,1.78,5.75
PHX,2019-09-19,15,31,26,33,27,84.85,84.85,77.78,6.45,13.09,2.78,8.24,1.74,1.23,0.7,12.85
PHX,2019-09-19,16,27,25,28,27,67.86,64.29,85.19,22.96,12.04,2.19,24.54,3.0,0.97,1.81,9.44
PHX,2019-09-19,17,26,29,28,31,82.14,82.14,70.97,10.68,12.68,2.57,12.11,3.61,1.56,2.81,18.97
PHX,2019-09-19,18,27,36,28,49,67.86,64.29,67.35,16.5,11.0,1.9,17.64,3.86,1.67,3.22,13.88
PHX,2019-09-19,19,26,46,31,48,77.42,77.42,75.0,9.61,13.45,3.25,10.97,1.92,3.29,1.81,13.92
PHX,2019-09-19,20,40,25,47,25,68.09,68.09,56.0,13.06,13.11,3.07,14.38,3.04,1.88,1.6,30.16
PHX,2019-09-19,21,10,26,10,26,60.0,60.0,73.08,28.1,10.1,1.4,28.0,1.62,1.44,1.15,16.0
PHX,2019-09-19,22,8,10,8,10,87.5,87.5,80.0,4.5,13.38,2.71,6.0,2.1,0.65,1.4,13.3
PHX,2019-09-19,23,8,13,8,14,87.5,62.5,92.86,5.5,14.38,3.3,8.0,0.21,2.34,0.5,5.79
PHX,2019-09-20,0,4,2,5,2,100.0,80.0,50.0,0.0,14.6,4.58,4.0,4.5,3.1,0.5,9.5
PHX,2019-09-20,1,1,0,1,1,100.0,100.0,100.0,0.0,12.0,0.9,0.0,2.0,1.1,8.0,0.0
PHX,2019-09-20,2,0,0,0,1,0.0,0.0,100.0,0.0,0.0,0.0,0.0,0.0,1.1,0.0,0.0
PHX,2019-09-20,3,0,0,1,1,100.0,100.0,0.0,0.0,10.0,0.0,0.0,0.0,2.1,0.0,21.0
PHX,2019-09-20,4,0,0,1,5,100.0,100.0,80.0,2.0,13.0,2.4,4.0,5.0,0.48,5.2,7.8
PHX,2019-09-20,5,7,1,9,5,100.0,100.0,60.0,1.56,12.56,2.74,3.0,0.0,1.44,3.0,13.4
PHX,2019-09-20,6,22,12,33,12,87.88,84.85,100.0,3.82,13.06,2.97,6.06,1.0,0.36,0.75,0.25
PHX,2019-09-20,7,29,43,36,44,86.11,80.56,93.18,4.42,15.47,5.11,7.33,1.64,1.57,0.64,9.16
PHX,2019-09-20,8,52,28,52,28,82.69,73.08,92.86,15.62,16.25,6.21,20.17,2.36,2.95,2.32,2.96
PHX,2019-09-20,9,32,39,32,39,93.75,87.5,92.31,2.47,16.84,5.99,5.75,2.59,4.15,2.69,14.38
PHX,2019-09-20,10,46,26,47,25,89.36,87.23,96.0,9.77,14.43,4.31,12.06,1.2,1.9,1.28,2.8
PHX,2019-09-20,11,21,38,20,40,90.0,85.0,92.5,16.9,11.3,2.53,18.8,2.6,2.17,1.98,2.95
PHX,2019-09-20,12,38,32,40,37,82.5,75.0,83.78,9.33,15.68,5.54,13.58,2.0,1.96,2.41,5.78
PHX,2019-09-20,13,30,31,31,31,87.1,83.87,83.87,11.0,13.55,3.31,12.77,2.1,1.25,1.13,7.45
PHX,2019-09-20,14,33,31,34,32,79.41,76.47,78.13,9.79,11.24,1.81,10.32,2.91,2.03,1.16,10.34
PHX,2019-09-20,15,31,26,33,27,72.73,60.61,81.48,15.64,15.3,5.0,19.18,2.07,1.84,1.59,7.78
PHX,2019-09-20,16,28,25,30,27,70.0,66.67,81.48,12.93,12.97,3.1,14.63,2.48,2.49,2.04,14.78
PHX,2019-09-20,17,26,29,28,31,67.86,71.43,67.74,20.14,14.57,4.24,22.79,2.45,1.4,1.87,20.9
PHX,2019-09-20,18,26,37,28,51,67.86,71.43,70.59,19.93,10.39,1.68,20.43,2.0,1.67,2.12,14.67
PHX,2019-09-20,19,28,46,32,47,78.13,75.0,82.98,8.56,13.63,3.39,10.31,2.45,3.52,2.55,11.13
PHX,2019-09-20,20,39,26,43,26,67.44,67.44,69.23,13.42,12.98,2.91,14.72,2.54,2.24,1.65,24.69
PHX,2019-09-20,21,10,24,10,25,70.0,70.0,88.0,21.3,10.5,1.01,21.6,1.88,1.86,1.44,10.32
PHX,2019-09-20,22,8,10,8,10,100.0,100.0,80.0,0.25,10.75,0.54,0.25,2.4,0.25,0.9,9.4
PHX,2019-09-20,23,8,13,8,14,87.5,87.5,85.71,2.5,11.38,0.91,3.25,0.71,1.3,0.07,5.64
PHX,2019-09-21,0,4,1,4,3,100.0,100.0,100.0,0.0,13.5,3.05,1.0,1.33,1.5,0.67,0.0
PHX,2019-09-21,1,1,0,2,1,50.0,50.0,100.0,12.5,11.0,1.2,13.5,0.0,1.1,0.0,0.0
PHX,2019-09-21,2,0,0,0,1,0.0,0.0,100.0,0.0,0.0,0.0,0.0,0.0,1.1,0.0,2.0
PHX,2019-09-21,3,0,0,1,0,100.0,100.0,0.0,0.0,10.0,0.0,0.0,0.0,0.0,0.0,0.0
PHX,2019-09-21,4,0,0,0,2,0.0,0.0,100.0,0.0,0.0,0.0,0.0,0.0,1.1,0.0,5.5
PHX,2019-09-21,5,7,1,8,2,87.5,87.5,50.0,4.5,13.0,2.66,5.63,0.0,0.55,0.0,8.0
PHX,2019-09-21,6,19,9,25,9,88.0,80.0,88.89,6.24,14.76,4.45,8.92,1.78,1.51,0.67,12.44
PHX,2019-09-21,7,21,39,25,38,88.0,88.0,97.37,7.72,15.24,5.04,10.32,1.89,0.94,1.5,2.47
PHX,2019-09-21,8,40,18,42,20,88.1,83.33,75.0,9.83,19.14,9.08,16.17,2.5,3.4,2.75,12.65
PHX,2019-09-21,9,25,40,27,42,92.59,88.89,85.71,7.52,16.41,6.08,11.26,1.93,4.72,1.31,21.26
PHX,2019-09-21,10,39,20,39,22,76.92,66.67,90.91,14.97,15.82,5.59,18.51,1.73,1.01,2.05,6.0
PHX,2019-09-21,11,17,31,18,34,83.33,83.33,91.18,6.17,11.56,2.39,8.06,2.5,0.46,2.0,11.88
PHX,2019-09-21,12,30,24,32,26,87.5,87.5,84.62,8.53,14.16,3.64,10.5,1.92,0.65,1.35,8.46
PHX,2019-09-21,13,25,24,27,24,88.89,88.89,91.67,8.41,12.56,2.13,8.52,2.42,1.41,0.88,7.75
PHX,2019-09-21,14,25,31,26,31,88.46,88.46,80.65,8.12,12.5,2.45,9.08,2.16,2.4,2.35,7.13
PHX,2019-09-21,15,28,23,29,28,72.41,68.97,85.71,19.17,13.1,3.38,21.14,8.54,2.63,9.04,12.57
PHX,2019-09-21,16,24,20,24,21,91.67,91.67,76.19,8.33,11.42,1.87,8.96,2.33,2.42,3.43,7.05
PHX,2019-09-21,17,22,25,25,31,72.0,72.0,74.19,27.48,11.84,2.11,28.32,3.55,1.3,4.35,8.52
PHX,2019-09-21,18,15,36,15,38,93.33,93.33,92.11,8.4,10.33,1.53,8.6,2.76,1.88,2.21,5.37
PHX,2019-09-21,19,20,29,19,29,84.21,84.21,89.66,12.47,13.68,3.48,13.79,1.48,3.52,2.14,4.72
PHX,2019-09-21,20,27,15,28,15,78.57,78.57,93.33,8.96,14.68,3.7,10.79,3.4,2.17,1.27,8.47
PHX,2019-09-21,21,6,17,8,18,75.0,75.0,77.78,14.13,13.25,1.49,14.25,2.06,1.14,1.78,5.39
PHX,2019-09-21,22,7,2,7,2,85.71,85.71,50.0,9.57,11.57,0.67,10.14,7.5,2.05,12.5,13.5
PHX,2019-09-21,23,6,6,8,8,75.0,75.0,75.0,20.63,12.5,2.21,21.25,0.25,3.19,0.75,94.0
PHX,2019-09-22,0,4,0,4,2,100.0,100.0,50.0,0.0,10.75,0.35,0.0,38.0,2.7,30.5,22.5
PHX,2019-09-22,1,1,0,1,2,100.0,100.0,50.0,0.0,11.0,0.0,0.0,2.0,0.55,1.0,31.0
PHX,2019-09-22,2,0,0,0,1,0.0,0.0,100.0,0.0,0.0,0.0,0.0,0.0,1.1,0.0,0.0
PHX,2019-09-22,3,0,0,2,1,50.0,50.0,100.0,33.5,12.0,1.4,34.5,0.0,2.1,2.0,0.0
PHX,2019-09-22,4,0,0,1,0,0.0,0.0,0.0,15.0,13.0,2.4,17.0,0.0,0.0,0.0,0.0
PHX,2019-09-22,5,8,1,9,1,100.0,100.0,100.0,0.0,10.67,0.88,0.0,0.0,0.0,0.0,0.0
PHX,2019-09-22,6,20,9,22,9,95.45,86.36,88.89,1.45,13.55,3.8,3.45,1.33,2.04,3.33,6.33
PHX,2019-09-22,7,26,34,27,36,88.89,85.19,91.67,2.89,15.33,4.97,5.81,1.75,2.35,2.72,2.5
PHX,2019-09-22,8,43,28,43,29,93.02,81.4,82.76,2.74,17.6,6.93,7.21,2.97,5.1,6.17,10.24
PHX,2019-09-22,9,40,36,41,37,87.8,90.24,91.89,3.2,16.32,5.96,7.27,1.97,10.15,3.11,7.51
PHX,2019-09-22,10,37,31,38,31,86.84,84.21,96.77,8.03,15.79,4.88,10.55,1.32,0.85,1.1,2.03
PHX,2019-09-22,11,30,33,30,33,93.33,93.33,87.88,2.93,12.97,3.65,5.47,7.64,1.63,6.88,12.48
PHX,2019-09-22,12,33,30,35,34,94.29,94.29,91.18,5.91,14.03,3.35,7.34,4.53,1.63,3.97,14.79
PHX,2019-09-22,13,30,22,32,24,87.5,84.38,87.5,7.41,14.16,3.86,9.31,1.88,0.73,0.92,5.71
PHX,2019-09-22,14,26,37,26,39,84.62,80.77,82.05,6.35,12.15,2.01,6.46,1.67,2.09,2.95,10.72
PHX,2019-09-22,15,33,26,36,29,83.33,83.33,82.76,8.97,12.69,2.64,10.08,2.52,1.1,2.9,12.31
PHX,2019-09-22,16,26,28,29,31,93.1,93.1,87.1,3.24,12.07,1.92,3.97,2.06,1.24,1.61,4.81
PHX,2019-09-22,17,29,27,32,33,81.25,71.88,75.76,10.03,14.66,4.68,12.81,2.45,1.78,4.97,6.67
PHX,2019-09-22,18,26,35,27,37,92.59,92.59,83.78,4.48,11.59,2.87,5.85,2.73,2.37,2.81,7.92
PHX,2019-09-22,19,26,41,27,42,74.07,70.37,78.57,9.41,15.11,4.91,11.85,2.07,4.44,2.6,7.6
PHX,2019-09-22,20,32,31,33,35,87.88,84.85,88.57,3.94,13.91,3.02,4.7,1.23,2.11,2.54,5.94
PHX,2019-09-22,21,19,30,19,33,84.21,84.21,78.79,7.68,9.53,0.97,7.68,2.09,1.57,4.15,9.52
PHX,2019-09-22,22,9,11,10,12,80.0,80.0,83.33,5.7,11.7,1.45,6.1,2.08,0.55,2.5,3.58
PHX,2019-09-22,23,8,11,8,12,87.5,87.5,83.33,4.75,11.38,1.06,4.88,0.92,2.75,2.58,7.83
PHX,2019-09-23,0,4,2,5,0,80.0,80.0,0.0,12.6,12.0,1.76,13.8,0.0,0.0,0.0,0.0
PHX,2019-09-23,1,1,0,1,1,100.0,100.0,100.0,0.0,9.0,0.0,0.0,0.0,1.1,0.0,0.0
PHX,2019-09-23,2,0,0,0,1,0.0,0.0,100.0,0.0,0.0,0.0,0.0,1.0,1.1,3.0,6.0
PHX,2019-09-23,3,0,0,1,0,100.0,0.0,0.0,0.0,30.0,19.4,19.0,0.0,0.0,0.0,0.0
PHX,2019-09-23,4,0,0,1,1,0.0,0.0,0.0,54.0,20.0,9.4,63.0,0.0,1.1,0.0,36.0
PHX,2019-09-23,5,7,1,10,1,70.0,50.0,0.0,11.3,19.0,8.55,18.3,0.0,3.9,4.0,169.0
PHX,2019-09-23,6,22,12,25,12,92.0,60.0,91.67,7.6,21.92,11.28,17.16,3.5,0.67,3.17,4.42
PHX,2019-09-23,7,30,42,30,36,76.67,53.33,83.33,9.0,21.83,11.39,18.7,5.5,2.42,5.94,18.81
PHX,2019-09-23,8,50,27,48,27,85.42,50.0,74.07,7.56,24.08,13.81,19.77,6.15,5.53,8.52,20.44
PHX,2019-09-23,9,32,39,34,40,82.35,44.12,80.0,10.12,24.74,13.66,22.65,8.0,7.16,9.55,11.38
PHX,2019-09-23,10,46,25,47,25,85.11,63.83,68.0,8.19,19.79,9.45,15.85,8.2,0.87,7.08,16.4
PHX,2019-09-23,11,19,36,19,39,73.68,68.42,69.23,7.47,12.26,3.0,9.63,9.26,0.84,8.46,14.87
PHX,2019-09-23,12,38,32,38,35,78.95,63.16,57.14,15.16,17.84,7.3,21.24,6.4,1.16,8.43,15.49
PHX,2019-09-23,13,29,32,29,29,58.62,44.83,51.72,22.28,26.72,16.32,37.55,7.62,2.69,14.0,16.52
PHX,2019-09-23,14,34,30,34,30,47.06,8.82,40.0,25.5,37.09,26.68,51.62,32.3,4.4,36.17,48.9
PHX,2019-09-23,15,30,26,33,27,51.52,0.0,25.93,38.73,37.55,26.93,64.48,23.19,1.96,35.22,51.26
PHX,2019-09-23,16,28,25,27,30,33.33,14.81,33.33,65.96,26.93,16.38,82.07,12.73,1.84,18.07,65.83
PHX,2019-09-23,17,26,29,23,28,43.48,21.74,39.29,39.78,53.83,43.44,82.65,7.29,4.03,13.0,31.36
PHX,2019-09-23,18,27,37,25,42,24.0,4.0,23.81,92.44,43.36,34.0,126.32,52.21,6.78,61.57,118.5
PHX,2019-09-23,19,26,45,30,45,0.0,0.0,4.44,121.47,30.33,19.82,141.03,59.31,5.98,66.04,141.13
PHX,2019-09-23,20,41,26,40,32,5.0,0.0,6.25,109.5,25.02,14.6,124.03,11.38,4.9,18.66,75.03
PHX,2019-09-23,21,10,25,8,38,12.5,12.5,15.79,56.38,18.5,7.99,64.25,12.29,6.85,22.82,59.84
PHX,2019-09-23,22,8,11,8,13,50.0,12.5,38.46,21.5,23.0,12.25,33.75,4.69,6.11,12.54,27.54
PHX,2019-09-23,23,8,12,8,15,37.5,37.5,53.33,30.0,15.63,4.4,34.13,4.6,5.47,8.6,20.87
PHX,2019-09-24,0,4,2,5,3,40.0,40.0,100.0,17.0,17.8,7.32,23.8,3.67,2.8,0.0,3.67
PHX,2019-09-24,1,1,0,1,1,0.0,0.0,100.0,34.0,13.0,1.9,36.0,0.0,0.1,1.0,7.0
PHX,2019-09-24,2,0,0,0,1,0.0,0.0,100.0,0.0,0.0,0.0,0.0,0.0,0.1,0.0,0.0
PHX,2019-09-24,3,0,0,1,1,100.0,100.0,0.0,0.0,22.0,11.4,11.0,4.0,0.1,11.0,26.0
PHX,2019-09-24,4,0,0,1,5,100.0,100.0,60.0,9.0,15.0,4.4,13.0,0.6,0.04,2.2,10.4
PHX,2019-09-24,5,8,1,11,4,72.73,63.64,50.0,10.82,12.55,2.17,12.09,1.25,0.05,5.75,23.75
PHX,2019-09-24,6,21,11,30,14,76.67,70.0,78.57,14.53,15.13,4.92,17.87,14.64,0.01,15.29,24.36
PHX,2019-09-24,7,25,38,41,39,85.37,75.61,82.05,10.0,17.37,7.3,15.1,4.26,0.74,6.51,8.87
PHX,2019-09-24,8,41,29,42,29,76.19,59.52,75.86,17.19,16.38,6.48,22.64,5.69,1.05,6.31,17.72
PHX,2019-09-24,9,30,38,31,41,90.32,67.74,82.93,8.32,20.16,9.32,15.58,4.61,5.21,3.71,12.56
PHX,2019-09-24,10,38,25,38,27,97.37,89.47,85.19,2.61,15.47,5.47,5.5,2.85,0.87,3.81,20.78
PHX,2019-09-24,11,19,30,19,30,94.74,94.74,93.33,2.84,11.53,2.22,4.05,3.03,0.79,1.33,4.4
PHX,2019-09-24,12,32,31,33,33,93.94,93.94,87.88,2.58,14.52,4.35,4.85,1.39,1.64,1.39,4.06
PHX,2019-09-24,13,25,30,26,28,84.62,80.77,96.43,6.23,14.58,4.15,8.5,2.14,1.35,0.71,1.75
PHX,2019-09-24,14,30,25,30,25,96.67,93.33,92.0,1.63,14.27,4.43,4.27,1.64,2.42,1.84,2.52
PHX,2019-09-24,15,27,19,27,23,100.0,100.0,86.96,0.59,14.63,4.1,2.22,3.13,0.28,0.61,4.09
PHX,2019-09-24,16,26,21,29,25,96.55,96.55,72.0,1.0,14.0,3.97,2.66,3.28,1.02,2.04,14.48
PHX,2019-09-24,17,23,28,24,32,91.67,91.67,90.63,2.54,13.17,2.96,3.38,1.47,0.91,1.44,4.72
PHX,2019-09-24,18,25,31,28,46,85.71,85.71,80.43,3.64,12.39,3.17,5.04,2.39,1.21,3.43,10.02
PHX,2019-09-24,19,25,38,32,42,84.38,81.25,92.86,6.19,16.72,6.5,10.22,4.57,2.36,3.57,3.69
PHX,2019-09-24,20,39,24,45,27,95.56,91.11,81.48,2.42,19.04,8.61,7.31,1.48,0.92,2.7,9.41
PHX,2019-09-24,21,9,25,9,26,100.0,100.0,84.62,0.89,15.33,5.04,2.67,1.77,0.43,0.54,11.31
PHX,2019-09-24,22,8,9,9,10,88.89,88.89,80.0,2.78,13.22,2.58,3.22,0.6,0.0,0.0,32.4
PHX,2019-09-24,23,8,11,11,12,72.73,72.73,100.0,8.45,12.55,1.93,9.27,1.17,1.37,0.42,1.25
PHX,2019-09-25,0,4,2,4,3,100.0,100.0,66.67,0.0,13.0,2.43,0.0,1.33,0.47,0.0,7.0
PHX,2019-09-25,1,1,0,1,1,100.0,100.0,100.0,0.0,14.0,2.9,0.0,0.0,0.1,4.0,0.0
PHX,2019-09-25,2,0,0,0,1,0.0,0.0,100.0,0.0,0.0,0.0,0.0,0.0,0.1,0.0,0.0
PHX,2019-09-25,3,0,0,1,1,100.0,100.0,100.0,0.0,10.0,0.0,0.0,0.0,0.1,4.0,2.0
PHX,2019-09-25,4,0,0,1,5,100.0,100.0,40.0,0.0,10.0,0.0,0.0,0.2,0.48,2.0,16.2
PHX,2019-09-25,5,7,1,10,5,90.0,80.0,40.0,3.4,12.2,2.73,5.0,4.6,0.48,6.8,13.0
PHX,2019-09-25,6,22,11,31,11,93.55,90.32,100.0,2.68,13.0,3.0,4.35,1.45,1.02,0.18,0.0
PHX,2019-09-25,7,25,40,38,42,86.84,73.68,95.24,3.79,17.55,7.3,8.68,2.0,1.42,2.33,16.93
PHX,2019-09-25,8,46,26,46,30,100.0,91.3,86.67,0.8,18.43,8.42,5.74,2.4,2.54,3.1,5.73
PHX,2019-09-25,9,32,37,33,41,93.94,90.91,90.24,5.42,17.36,6.52,8.42,1.9,5.22,1.49,4.49
PHX,2019-09-25,10,43,26,45,27,93.33,91.11,92.59,4.69,16.73,6.47,8.84,1.89,0.95,2.67,3.33
PHX,2019-09-25,11,21,33,22,37,100.0,100.0,91.89,0.59,10.82,1.79,1.55,1.62,0.82,1.24,2.84
PHX,2019-09-25,12,35,32,36,35,91.67,91.67,91.43,3.14,14.39,4.17,5.39,2.6,0.97,1.77,2.57
PHX,2019-09-25,13,29,30,33,29,93.94,93.94,93.1,4.73,13.58,3.45,6.76,1.59,0.59,0.38,7.45
PHX,2019-09-25,14,33,31,34,33,85.29,85.29,90.91,12.26,13.91,3.8,14.18,2.61,1.41,1.97,10.64
PHX,2019-09-25,15,30,24,32,25,90.63,78.13,96.0,5.94,15.34,4.75,8.88,3.48,1.22,0.92,1.12
PHX,2019-09-25,16,27,24,27,28,92.59,92.59,89.29,5.93,13.26,3.22,7.37,2.64,0.75,1.71,4.11
PHX,2019-09-25,17,24,29,26,32,84.62,80.77,68.75,10.23,14.19,3.58,12.38,2.63,0.56,5.97,8.94
PHX,2019-09-25,18,26,36,24,47,66.67,58.33,72.34,12.33,14.63,5.31,17.13,5.45,0.4,7.72,13.66
PHX,2019-09-25,19,26,42,33,45,84.85,66.67,88.89,8.94,18.45,8.21,15.79,3.4,2.41,3.2,12.2
PHX,2019-09-25,20,40,23,45,24,84.44,73.33,58.33,11.91,17.02,6.75,15.51,5.58,1.46,10.83,14.46
PHX,2019-09-25,21,10,25,10,26,70.0,70.0,69.23,14.2,11.9,1.76,14.6,2.19,1.81,3.42,14.85
PHX,2019-09-25,22,8,10,8,10,75.0,75.0,100.0,7.75,12.0,1.41,8.25,0.7,0.59,3.3,2.7
PHX,2019-09-25,23,8,11,9,13,88.89,88.89,84.62,9.33,13.11,2.61,10.33,0.77,4.44,2.38,6.38
PHX,2019-09-26,0,4,1,4,3,100.0,100.0,100.0,0.5,12.0,1.48,0.75,1.0,1.13,0.0,0.0
PHX,2019-09-26,1,1,0,1,1,0.0,0.0,100.0,29.0,11.0,0.0,29.0,0.0,1.1,4.0,0.0
PHX,2019-09-26,2,0,0,0,1,0.0,0.0,0.0,0.0,0.0,0.0,0.0,3.0,1.1,6.0,16.0
PHX,2019-09-26,3,0,0,1,1,100.0,100.0,100.0,0.0,10.0,0.0,0.0,0.0,0.0,2.0,0.0
PHX,2019-09-26,4,0,0,2,5,100.0,100.0,100.0,0.0,16.0,5.7,5.5,1.2,0.04,1.2,2.8
PHX,2019-09-26,5,8,1,12,5,91.67,91.67,60.0,2.83,14.92,4.68,5.08,0.0,0.24,2.4,16.2
PHX,2019-09-26,6,21,12,32,13,84.38,84.38,92.31,6.44,13.75,3.88,9.13,2.15,0.84,1.15,4.77
PHX,2019-09-26,7,28,43,39,41,76.92,66.67,90.24,7.74,18.31,8.0,13.9,2.59,1.12,2.66,4.59
PHX,2019-09-26,8,51,28,52,31,92.31,71.15,83.87,6.9,20.15,10.07,15.0,2.42,3.77,3.06,7.81
PHX,2019-09-26,9,32,39,33,40,84.85,66.67,95.0,5.18,19.67,8.76,12.48,2.63,7.31,3.28,5.72
PHX,2019-09-26,10,48,25,49,25,87.76,83.67,92.0,3.78,18.04,7.57,8.94,1.08,1.73,2.28,2.32
PHX,2019-09-26,11,19,33,20,33,85.0,80.0,78.79,5.15,13.1,3.53,7.55,2.7,1.43,2.3,10.21
PHX,2019-09-26,12,36,33,37,34,81.08,78.38,82.35,10.16,16.19,5.62,14.27,3.79,2.52,4.12,8.97
PHX,2019-09-26,13,29,31,31,32,87.1,80.65,90.63,7.97,13.74,3.75,10.39,2.81,1.61,2.66,10.63
PHX,2019-09-26,14,33,30,33,30,90.91,90.91,86.67,11.03,12.55,2.8,12.52,5.37,1.54,4.2,4.93
PHX,2019-09-26,15,31,26,32,30,71.88,68.75,90.0,18.69,13.47,3.13,21.0,1.77,2.37,1.97,6.43
PHX,2019-09-26,16,27,24,28,25,96.43,78.57,68.0,2.61,17.75,7.25,7.46,12.28,2.93,13.16,24.96
PHX,2019-09-26,17,27,30,29,33,65.52,62.07,42.42,26.03,14.1,3.73,28.28,17.73,1.05,22.85,40.36
PHX,2019-09-26,18,27,37,30,56,36.67,36.67,46.43,33.97,11.67,2.68,36.2,6.07,2.42,10.71,28.75
PHX,2019-09-26,19,25,46,30,55,50.0,43.33,69.09,19.27,17.83,7.16,25.37,4.07,2.54,4.44,16.62
PHX,2019-09-26,20,41,25,49,26,77.55,57.14,84.62,13.94,17.18,6.69,18.67,2.38,3.33,3.88,14.08
PHX,2019-09-26,21,10,26,11,30,72.73,72.73,86.67,16.82,12.45,2.09,18.55,2.1,1.75,1.03,8.4
PHX,2019-09-26,22,8,10,8,10,62.5,62.5,90.0,12.13,11.25,1.09,12.13,1.8,0.87,0.5,5.7
PHX,2019-09-26,23,8,13,8,14,87.5,87.5,85.71,4.0,11.88,1.29,4.88,1.0,0.8,0.14,4.86
PHX,2019-09-27,0,4,3,6,3,83.33,83.33,66.67,12.0,12.33,1.6,12.5,2.0,0.73,5.67,29.0
PHX,2019-09-27,1,1,0,1,1,100.0,0.0,100.0,6.0,20.0,8.9,15.0,0.0,1.1,0.0,0.0
PHX,2019-09-27,2,0,0,0,1,0.0,0.0,100.0,0.0,0.0,0.0,0.0,0.0,1.1,0.0,0.0
PHX,2019-09-27,3,0,0,1,2,100.0,0.0,100.0,0.0,26.0,15.4,15.0,0.5,0.0,2.0,0.0
PHX,2019-09-27,4,0,0,2,4,50.0,50.0,75.0,14.0,14.0,3.4,15.5,0.25,0.05,1.25,10.0
PHX,2019-09-27,5,7,1,9,5,88.89,88.89,20.0,5.11,10.89,1.26,5.0,1.8,1.44,7.2,28.2
PHX,2019-09-27,6,22,11,30,12,90.0,90.0,91.67,5.13,11.77,1.95,6.37,1.58,3.54,3.33,3.67
PHX,2019-09-27,7,28,44,37,45,78.38,72.97,88.89,12.32,15.68,5.75,16.86,2.33,2.72,2.78,11.44
PHX,2019-09-27,8,52,28,49,31,85.71,75.51,83.87,6.61,16.94,7.04,11.86,1.58,7.7,5.77,7.71
PHX,2019-09-27,9,32,39,35,40,82.86,71.43,87.5,13.83,17.6,6.75,19.51,2.48,9.38,3.67,19.25
PHX,2019-09-27,10,47,26,49,26,85.71,75.51,92.31,15.12,17.76,7.39,21.06,1.85,3.11,2.46,2.46
PHX,2019-09-27,11,21,37,22,36,90.91,86.36,86.11,15.82,14.55,4.81,19.18,2.44,2.9,1.22,18.97
PHX,2019-09-27,12,37,33,39,36,79.49,74.36,94.44,12.95,14.54,4.39,16.15,1.47,1.8,2.25,4.25
PHX,2019-09-27,13,31,31,32,30,93.75,93.75,93.33,6.97,12.56,2.74,8.19,1.87,1.03,0.47,6.93
PHX,2019-09-27,14,32,31,33,32,78.79,72.73,84.38,18.97,12.82,3.15,20.52,1.34,2.29,1.06,14.72
PHX,2019-09-27,15,32,26,33,28,84.85,81.82,92.86,21.27,13.64,3.29,22.88,0.82,1.38,0.57,4.43
PHX,2019-09-27,16,28,25,27,24,88.89,88.89,100.0,3.33,11.19,1.27,3.74,2.13,1.65,0.92,1.38
PHX,2019-09-27,17,27,29,28,33,85.71,82.14,75.76,6.71,13.71,3.38,8.32,5.67,0.94,5.52,16.18
PHX,2019-09-27,18,26,38,26,51,69.23,73.08,76.47,25.38,9.96,1.71,25.96,1.9,1.35,1.53,13.22
PHX,2019-09-27,19,27,46,29,47,72.41,65.52,87.23,43.31,14.86,4.85,46.0,1.6,2.98,2.6,16.89
PHX,2019-09-27,20,40,26,45,27,71.11,66.67,74.07,16.33,13.89,3.51,18.53,2.52,3.61,2.3,11.93
PHX,2019-09-27,21,10,24,10,27,80.0,80.0,66.67,5.0,13.2,3.31,7.9,2.11,1.37,3.56,20.37
PHX,2019-09-27,22,8,10,9,9,77.78,77.78,55.56,14.44,12.22,1.51,14.56,2.22,1.41,0.89,20.33
PHX,2019-09-27,23,8,12,8,12,75.0,62.5,83.33,8.5,11.75,1.2,9.5,0.92,2.2,0.5,11.83
PHX,2019-09-28,0,4,1,4,3,100.0,75.0,100.0,0.75,15.75,5.32,6.0,2.33,2.07,0.67,0.0
PHX,2019-09-28,1,1,0,1,1,100.0,100.0,100.0,0.0,16.0,4.9,1.0,2.0,1.1,6.0,0.0
PHX,2019-09-28,2,0,0,0,2,0.0,0.0,50.0,0.0,0.0,0.0,0.0,0.0,0.55,0.0,8.0
PHX,2019-09-28,3,0,0,1,0,100.0,100.0,0.0,0.0,10.0,0.0,0.0,0.0,0.0,0.0,0.0
PHX,2019-09-28,4,0,0,1,2,0.0,0.0,50.0,47.0,11.0,0.4,47.0,0.0,1.6,2.0,12.5
PHX,2019-09-28,5,7,1,8,2,100.0,100.0,50.0,0.0,11.75,2.11,1.13,0.0,2.5,2.5,9.5
PHX,2019-09-28,6,19,8,25,8,76.0,76.0,87.5,11.24,12.12,2.2,12.6,3.63,0.24,1.63,8.25
PHX,2019-09-28,7,20,40,24,39,87.5,83.33,97.44,6.21,14.42,4.34,9.25,1.59,1.83,1.31,7.28
PHX,2019-09-28,8,40,17,40,18,97.5,95.0,94.44,7.0,16.25,6.2,10.43,1.5,2.58,1.5,1.83
PHX,2019-09-28,9,24,40,25,41,84.0,84.0,90.24,4.0,15.76,5.48,7.76,2.9,4.39,1.27,6.39
PHX,2019-09-28,10,40,20,41,18,82.93,82.93,88.89,7.54,13.95,3.74,9.61,1.28,0.39,1.22,18.06
PHX,2019-09-28,11,17,30,17,31,88.24,82.35,90.32,5.65,11.18,2.34,6.71,2.13,0.39,1.1,4.26
PHX,2019-09-28,12,29,25,30,27,93.33,90.0,74.07,3.87,13.2,2.88,5.23,2.44,0.71,2.93,17.33
PHX,2019-09-28,13,26,23,29,23,89.66,86.21,91.3,11.83,14.24,3.41,13.45,1.83,0.73,0.96,7.74
PHX,2019-09-28,14,25,32,26,33,73.08,73.08,84.85,14.77,13.15,2.84,15.96,2.39,2.7,1.82,4.45
PHX,2019-09-28,15,28,23,28,26,96.43,96.43,88.46,2.43,11.64,2.09,3.21,1.46,2.27,1.54,5.92
PHX,2019-09-28,16,24,20,25,21,92.0,88.0,85.71,6.76,12.68,3.12,8.72,1.57,1.95,1.81,6.43
PHX,2019-09-28,17,23,26,25,28,80.0,80.0,78.57,8.4,12.12,2.08,8.84,2.68,2.39,4.11,10.21
PHX,2019-09-28,18,16,37,16,38,68.75,81.25,78.95,11.31,10.81,1.91,12.13,3.53,2.2,2.34,9.08
PHX,2019-09-28,19,19,29,21,29,76.19,76.19,86.21,9.9,13.86,3.73,12.05,1.28,3.37,3.24,6.76
PHX,2019-09-28,20,28,15,29,16,89.66,82.76,93.75,5.31,15.86,5.02,8.17,1.25,1.11,1.31,8.25
PHX,2019-09-28,21,6,17,6,19,100.0,100.0,78.95,0.0,11.33,0.15,0.0,3.11,1.17,0.89,10.11
PHX,2019-09-28,22,7,2,7,3,85.71,85.71,66.67,5.71,10.57,0.56,5.43,4.67,1.07,4.33,42.67
PHX,2019-09-28,23,6,6,8,7,100.0,100.0,85.71,0.0,10.75,0.9,0.0,1.0,1.14,3.43,14.71
PHX,2019-09-29,0,4,1,5,1,80.0,80.0,100.0,11.2,12.4,1.94,12.2,0.0,1.3,3.0,0.0
PHX,2019-09-29,1,1,0,1,1,100.0,100.0,100.0,0.0,8.0,0.0,0.0,0.0,1.1,2.0,5.0
PHX,2019-09-29,2,0,0,1,1,0.0,0.0,100.0,33.0,10.0,0.0,32.0,0.0,1.1,0.0,0.0
PHX,2019-09-29,3,0,0,2,1,100.0,50.0,100.0,6.0,12.0,1.7,7.5,0.0,1.1,0.0,0.0
PHX,2019-09-29,4,0,0,0,1,0.0,0.0,0.0,0.0,0.0,0.0,0.0,0.0,3.1,5.0,28.0
PHX,2019-09-29,5,8,1,9,1,88.89,88.89,100.0,4.33,12.11,1.99,4.78,0.0,0.0,0.0,11.0
PHX,2019-09-29,6,20,8,22,8,81.82,81.82,100.0,6.45,12.59,2.8,8.05,2.88,0.24,2.38,1.75
PHX,2019-09-29,7,25,35,26,35,96.15,92.31,88.57,1.23,14.42,4.16,3.12,1.34,1.14,1.69,14.74
PHX,2019-09-29,8,44,28,42,30,90.48,80.95,83.33,3.81,17.4,6.84,8.21,2.57,3.41,3.4,7.37
PHX,2019-09-29,9,39,36,41,37,90.24,80.49,89.19,4.44,16.68,6.37,8.88,3.19,9.09,4.11,10.24
PHX,2019-09-29,10,38,31,41,31,82.93,80.49,90.32,10.71,15.85,5.12,13.78,2.29,1.66,1.35,6.06
PHX,2019-09-29,11,30,32,30,34,83.33,86.67,91.18,5.7,9.93,1.26,5.93,2.71,1.72,2.44,3.94
PHX,2019-09-29,12,32,31,34,32,73.53,73.53,75.0,12.53,13.53,3.12,14.5,2.72,1.69,5.44,16.09
PHX,2019-09-29,13,31,22,34,23,70.59,70.59,78.26,14.97,13.35,3.04,17.06,2.26,2.98,3.13,8.17
PHX,2019-09-29,14,26,37,27,38,70.37,70.37,84.21,10.44,13.7,3.33,12.37,2.79,2.16,5.24,8.24
PHX,2019-09-29,15,33,26,34,28,73.53,67.65,85.71,10.38,14.03,4.04,12.85,4.18,1.54,4.54,5.68
PHX,2019-09-29,16,26,28,28,30,89.29,85.71,76.67,5.57,12.07,1.9,6.57,1.37,1.3,5.0,14.57
PHX,2019-09-29,17,30,27,32,30,78.13,75.0,70.0,11.75,15.78,5.5,15.53,3.6,0.48,4.77,11.43
PHX,2019-09-29,18,26,36,28,37,67.86,64.29,86.49,16.43,10.64,1.79,17.25,2.92,1.6,2.19,6.84
PHX,2019-09-29,19,25,41,27,41,81.48,81.48,78.05,5.78,16.89,6.27,9.74,2.41,3.71,2.98,8.83
PHX,2019-09-29,20,33,31,34,34,85.29,82.35,76.47,5.76,15.15,4.12,7.5,2.12,1.94,3.12,11.56
PHX,2019-09-29,21,19,30,21,34,80.95,80.95,73.53,14.52,8.81,0.34,14.19,3.44,1.99,3.85,12.47
PHX,2019-09-29,22,9,11,10,11,90.0,90.0,72.73,3.6,11.5,1.56,4.0,2.36,0.97,3.91,8.82
PHX,2019-09-29,23,8,10,8,11,87.5,87.5,81.82,5.63,14.13,3.03,6.63,1.36,1.51,1.18,7.09
PHX,2019-09-30,0,4,2,5,1,100.0,100.0,100.0,0.2,12.4,1.74,0.8,0.0,12.2,0.0,0.0
PHX,2019-09-30,1,1,0,1,1,0.0,0.0,100.0,62.0,14.0,2.9,65.0,0.0,1.1,0.0,0.0
PHX,2019-09-30,2,0,0,0,1,0.0,0.0,0.0,0.0,0.0,0.0,0.0,0.0,1.1,0.0,31.0
PHX,2019-09-30,3,0,0,1,1,100.0,100.0,100.0,0.0,10.0,0.0,0.0,0.0,1.1,2.0,7.0
PHX,2019-09-30,4,0,0,1,0,100.0,100.0,0.0,0.0,14.0,3.4,3.0,0.0,0.0,0.0,0.0
PHX,2019-09-30,5,7,1,8,1,87.5,87.5,100.0,6.75,12.75,2.73,7.13,0.0,0.9,0.0,0.0
PHX,2019-09-30,6,22,11,24,11,95.83,91.67,90.91,1.29,12.83,2.88,2.63,0.82,1.0,0.73,2.09
PHX,2019-09-30,7,28,43,29,43,96.55,96.55,97.67,2.79,13.45,3.72,4.66,1.98,1.63,1.3,1.09
PHX,2019-09-30,8,50,26,50,27,100.0,84.0,85.19,0.9,16.42,6.5,5.58,1.74,6.7,3.59,4.22
PHX,2019-09-30,9,33,40,34,40,94.12,88.24,87.5,1.71,17.74,7.1,6.47,2.78,11.77,6.18,10.98
PHX,2019-09-30,10,47,26,46,27,86.96,84.78,88.89,6.46,14.52,4.25,8.11,1.11,1.59,1.3,5.04
PHX,2019-09-30,11,20,35,21,38,90.48,90.48,78.95,11.0,9.52,1.03,11.14,2.42,2.3,2.24,5.63
PHX,2019-09-30,12,37,33,39,37,82.05,79.49,72.97,8.62,12.74,2.67,9.79,1.65,2.46,3.73,21.35
PHX,2019-09-30,13,30,31,31,30,80.65,80.65,90.0,6.1,12.06,1.99,6.26,1.63,1.59,1.33,5.6
PHX,2019-09-30,14,33,30,35,31,82.86,82.86,74.19,8.09,11.6,2.01,8.89,2.1,3.04,3.29,17.32
PHX,2019-09-30,15,30,26,32,27,84.38,78.13,96.3,6.19,12.91,2.62,7.38,1.93,2.93,1.44,1.67
PHX,2019-09-30,16,28,25,31,26,90.32,87.1,80.77,5.03,13.29,3.19,7.16,2.04,1.62,1.46,6.81
PHX,2019-09-30,17,27,29,27,32,92.59,92.59,78.13,7.78,14.93,4.59,10.15,2.5,1.18,2.63,22.53
PHX,2019-09-30,18,27,38,30,50,90.0,83.33,78.0,10.7,10.37,1.6,11.5,2.34,2.04,2.78,9.04
PHX,2019-09-30,19,25,45,31,50,77.42,77.42,84.0,13.74,13.55,3.32,15.1,1.98,3.56,2.48,8.12
PHX,2019-09-30,20,42,27,48,26,89.58,85.42,88.46,7.25,15.33,4.94,9.85,3.65,1.68,2.0,5.77
PHX,2019-09-30,21,10,25,10,26,80.0,80.0,84.62,9.7,10.3,1.11,10.0,2.08,0.83,1.77,10.0
PHX,2019-09-30,22,8,10,8,12,87.5,87.5,75.0,4.63,11.75,0.95,4.75,3.0,1.18,2.67,15.58
PHX,2019-09-30,23,8,12,8,13,87.5,100.0,100.0,2.5,15.13,4.66,4.13,1.69,3.05,2.46,1.38
PHX,2019-10-01,0,4,2,5,3,80.0,80.0,66.67,3.2,11.2,0.94,3.4,1.67,1.47,6.67,65.67
PHX,2019-10-01,1,1,0,1,1,100.0,100.0,100.0,0.0,12.0,0.9,0.0,0.0,1.1,3.0,6.0
PHX,2019-10-01,2,0,0,0,1,0.0,0.0,100.0,0.0,0.0,0.0,0.0,4.0,1.1,7.0,14.0
PHX,2019-10-01,3,0,0,1,1,100.0,100.0,0.0,0.0,10.0,0.0,0.0,0.0,0.1,6.0,19.0
PHX,2019-10-01,4,0,0,1,5,100.0,100.0,60.0,0.0,16.0,5.4,0.0,0.2,0.66,2.0,13.4
PHX,2019-10-01,5,8,1,11,5,81.82,81.82,40.0,5.18,11.36,2.05,5.0,0.2,0.44,4.6,28.6
PHX,2019-10-01,6,21,10,30,11,86.67,83.33,72.73,5.8,12.17,1.84,6.73,2.27,0.64,2.18,71.73
PHX,2019-10-01,7,24,39,38,43,76.32,71.05,93.02,19.03,15.21,5.25,22.5,1.44,1.61,1.98,2.67
PHX,2019-10-01,8,41,28,43,29,83.72,74.42,89.66,7.51,15.77,5.92,11.49,2.9,1.91,3.1,2.86
PHX,2019-10-01,9,29,38,30,40,80.0,76.67,92.5,6.4,16.17,5.59,10.3,2.7,6.54,3.98,8.95
PHX,2019-10-01,10,39,25,41,25,90.24,87.8,92.0,18.54,15.95,5.8,21.95,2.88,0.51,3.24,3.68
PHX,2019-10-01,11,19,29,19,30,94.74,89.47,100.0,3.68,11.68,2.54,5.16,1.33,2.4,2.13,1.4
PHX,2019-10-01,12,31,32,33,33,96.97,96.97,90.91,5.21,12.76,2.72,6.36,2.15,2.73,2.55,3.85
PHX,2019-10-01,13,28,31,29,31,86.21,86.21,96.77,7.93,13.0,3.24,9.93,1.58,1.47,1.68,1.71
PHX,2019-10-01,14,27,25,30,25,86.67,86.67,88.0,7.73,11.37,1.83,8.5,1.64,1.89,0.8,5.28
PHX,2019-10-01,15,28,18,30,22,83.33,80.0,86.36,6.73,13.8,3.47,8.63,2.41,1.74,1.36,3.41
PHX,2019-10-01,16,27,22,28,26,92.86,89.29,88.46,3.0,12.29,2.57,4.14,2.5,1.83,2.42,5.42
PHX,2019-10-01,17,25,28,26,34,84.62,84.62,73.53,4.69,13.23,2.96,5.85,1.53,1.64,2.47,14.68
PHX,2019-10-01,18,26,32,27,46,70.37,70.37,80.43,8.07,10.22,1.64,9.04,1.89,1.63,2.72,6.3
PHX,2019-10-01,19,23,39,29,45,79.31,75.86,88.89,9.0,14.0,3.88,10.66,1.42,2.41,0.98,5.42
PHX,2019-10-01,20,39,23,45,24,93.33,93.33,91.67,5.58,13.33,2.97,6.58,2.71,1.75,1.13,2.17
PHX,2019-10-01,21,9,24,10,26,80.0,80.0,96.15,6.1,9.3,0.34,5.8,1.19,1.05,0.85,2.77
PHX,2019-10-01,22,8,13,8,13,100.0,100.0,61.54,0.13,11.5,1.14,0.0,1.92,1.25,0.38,13.31
PHX,2019-10-01,23,9,12,9,13,100.0,100.0,84.62,0.0,14.22,3.26,0.22,0.85,0.92,0.23,8.77
PHX,2019-10-02,0,4,1,5,3,80.0,80.0,100.0,7.8,12.6,2.14,9.0,2.0,1.5,2.67,0.0
PHX,2019-10-02,1,1,0,1,1,100.0,100.0,100.0,0.0,9.0,0.0,0.0,0.0,1.1,0.0,0.0
PHX,2019-10-02,2,0,0,0,2,0.0,0.0,100.0,0.0,0.0,0.0,0.0,0.0,1.1,1.0,6.0
PHX,2019-10-02,3,0,0,1,1,100.0,100.0,0.0,0.0,23.0,12.4,12.0,0.0,1.1,3.0,18.0
PHX,2019-10-02,4,0,0,1,5,100.0,100.0,60.0,0.0,11.0,0.4,0.0,0.2,1.3,1.6,10.4
PHX,2019-10-02,5,6,1,9,5,77.78,77.78,40.0,5.67,11.67,2.68,5.67,1.6,1.42,4.8,29.0
PHX,2019-10-02,6,27,10,38,10,86.84,86.84,100.0,5.5,13.58,3.44,7.39,1.0,1.28,0.8,0.1
PHX,2019-10-02,7,21,39,32,40,81.25,81.25,100.0,13.28,13.91,3.77,15.38,1.48,0.91,0.5,0.33
PHX,2019-10-02,8,45,27,47,28,95.74,82.98,92.86,3.81,17.98,7.92,8.64,1.61,5.08,4.0,4.21
PHX,2019-10-02,9,34,41,36,42,91.67,83.33,88.1,5.69,19.0,8.31,10.89,1.29,7.98,2.98,5.81
PHX,2019-10-02,10,45,21,45,22,93.33,91.11,95.45,4.96,15.58,5.36,7.84,1.91,0.64,1.5,1.32
PHX,2019-10-02,11,20,34,19,36,94.74,89.47,94.44,3.79,12.63,2.96,5.05,1.42,0.75,0.5,2.89
PHX,2019-10-02,12,34,30,36,32,100.0,100.0,93.75,0.86,14.97,4.54,2.67,1.97,0.65,2.38,2.97
PHX,2019-10-02,13,29,27,31,29,87.1,87.1,86.21,7.94,13.94,3.48,9.42,1.45,2.73,1.14,7.59
PHX,2019-10-02,14,29,34,32,35,81.25,81.25,91.43,6.31,11.84,2.15,7.38,2.23,2.11,2.46,3.94
PHX,2019-10-02,15,31,24,32,27,90.63,87.5,92.59,2.78,13.53,3.45,4.16,1.7,1.59,1.52,1.59
PHX,2019-10-02,16,27,28,27,29,92.59,92.59,96.55,3.11,12.41,2.77,4.89,1.45,1.35,0.62,1.45
PHX,2019-10-02,17,27,20,30,25,93.33,90.0,88.0,2.07,15.13,4.96,4.3,3.56,2.7,4.2,5.24
PHX,2019-10-02,18,19,40,20,58,85.0,75.0,82.76,7.45,11.45,2.22,8.5,3.03,1.74,2.17,7.28
PHX,2019-10-02,19,30,40,37,42,78.38,78.38,88.1,8.51,14.22,4.35,10.38,1.62,3.07,2.55,3.86
PHX,2019-10-02,20,37,29,43,29,83.72,74.42,93.1,7.05,15.4,4.8,9.6,1.79,2.01,0.72,2.9
PHX,2019-10-02,21,16,26,17,28,88.24,88.24,92.86,9.71,9.47,1.04,9.24,3.21,1.68,2.82,3.5
PHX,2019-10-02,22,9,12,9,12,77.78,77.78,83.33,7.67,13.22,2.91,9.67,2.92,1.31,5.5,8.58
PHX,2019-10-02,23,9,15,9,17,100.0,100.0,88.24,2.11,13.44,2.62,3.56,1.0,3.19,0.76,9.88
PHX,2019-10-03,0,4,0,5,2,100.0,100.0,100.0,0.0,11.4,1.26,0.6,2.5,1.7,6.0,3.5
PHX,2019-10-03,1,1,0,1,1,100.0,100.0,100.0,0.0,17.0,5.9,0.0,0.0,1.1,0.0,0.0
PHX,2019-10-03,2,0,0,0,1,0.0,0.0,100.0,0.0,0.0,0.0,0.0,0.0,1.1,0.0,0.0
PHX,2019-10-03,3,0,0,1,1,100.0,100.0,0.0,0.0,10.0,0.0,0.0,0.0,0.1,23.0,21.0
PHX,2019-10-03,4,0,0,1,6,100.0,100.0,66.67,0.0,13.0,2.4,0.0,0.83,1.08,4.5,12.83
PHX,2019-10-03,5,7,1,11,4,90.91,90.91,25.0,5.36,10.91,1.36,5.09,5.0,2.28,9.5,40.75
PHX,2019-10-03,6,26,14,39,14,92.31,92.31,100.0,3.18,13.9,3.76,5.62,1.93,1.58,1.36,1.0
PHX,2019-10-03,7,30,34,39,34,84.62,76.92,97.06,11.9,19.03,8.53,17.51,0.85,1.16,0.97,2.09
PHX,2019-10-03,8,48,28,48,30,81.25,70.83,96.67,11.44,16.77,6.61,16.29,1.73,1.85,2.27,5.47
PHX,2019-10-03,9,35,49,36,50,86.11,77.78,90.0,6.25,18.69,8.03,11.75,2.16,4.37,1.74,5.74
PHX,2019-10-03,10,50,19,49,19,81.63,75.51,84.21,12.67,18.16,7.83,18.22,2.11,2.41,1.63,4.79
PHX,2019-10-03,11,17,36,18,36,72.22,72.22,88.89,12.72,13.22,4.04,16.0,2.69,3.48,3.5,10.5
PHX,2019-10-03,12,38,31,39,30,74.36,69.23,93.33,10.82,14.18,3.82,13.03,1.7,2.94,1.57,20.57
PHX,2019-10-03,13,32,30,34,33,70.59,70.59,93.94,20.59,13.5,3.06,22.21,1.61,2.25,0.52,3.79
PHX,2019-10-03,14,26,31,28,32,85.71,85.71,96.88,12.61,11.86,2.29,13.71,3.69,0.99,1.72,2.34
PHX,2019-10-03,15,34,26,35,30,85.71,85.71,96.67,8.63,13.29,3.08,10.26,1.63,2.21,1.07,3.13
PHX,2019-10-03,16,26,32,27,34,88.89,85.19,82.35,7.78,12.33,2.54,9.85,2.24,1.02,1.82,8.0
PHX,2019-10-03,17,29,25,33,28,66.67,69.7,85.71,16.67,13.12,2.75,18.58,2.43,1.28,3.14,5.36
PHX,2019-10-03,18,19,35,20,51,80.0,85.0,68.63,14.9,11.75,2.39,16.6,3.41,1.3,2.14,22.86
PHX,2019-10-03,19,30,46,37,48,64.86,56.76,91.67,22.62,14.16,4.36,25.3,2.6,2.77,2.29,3.48
PHX,2019-10-03,20,36,27,42,29,95.24,88.1,96.55,3.67,14.4,3.78,5.52,2.1,2.06,0.86,1.28
PHX,2019-10-03,21,17,31,18,31,83.33,83.33,100.0,7.11,9.33,0.8,7.0,2.29,2.19,0.16,0.65
PHX,2019-10-03,22,9,11,9,13,100.0,100.0,84.62,0.89,11.67,1.56,0.78,1.23,0.66,0.92,12.31
PHX,2019-10-03,23,8,16,9,18,100.0,100.0,83.33,2.22,14.0,2.88,3.22,0.5,1.28,0.61,7.89
PHX,2019-10-04,0,4,1,6,1,100.0,83.33,0.0,2.17,16.0,5.45,6.17,0.0,1.1,0.0,58.0
PHX,2019-10-04,1,1,0,1,1,100.0,100.0,100.0,0.0,9.0,0.0,0.0,0.0,1.1,5.0,0.0
PHX,2019-10-04,2,0,0,0,1,0.0,0.0,100.0,0.0,0.0,0.0,0.0,0.0,1.1,0.0,0.0
PHX,2019-10-04,3,0,0,1,2,100.0,100.0,100.0,0.0,10.0,0.0,0.0,0.0,0.6,3.5,3.5
PHX,2019-10-04,4,0,0,1,4,100.0,100.0,50.0,0.0,14.0,3.4,0.0,0.25,0.08,2.75,10.0
PHX,2019-10-04,5,6,1,8,5,87.5,87.5,60.0,4.63,12.88,3.29,5.38,1.2,1.22,6.8,11.8
PHX,2019-10-04,6,27,14,35,16,88.57,85.71,93.75,6.91,13.57,3.41,9.06,1.0,0.42,0.69,1.94
PHX,2019-10-04,7,31,34,41,36,85.37,82.93,83.33,4.88,15.07,4.63,7.56,2.28,2.2,2.28,3.92
PHX,2019-10-04,8,50,27,51,28,90.2,78.43,92.86,5.88,16.86,6.74,11.14,1.86,3.1,2.68,2.39
PHX,2019-10-04,9,35,50,36,50,80.56,75.0,92.0,8.31,16.39,5.86,12.06,2.28,7.01,2.46,6.64
PHX,2019-10-04,10,48,21,49,21,87.76,75.51,90.48,9.45,18.27,8.01,15.45,2.24,2.12,1.57,12.05
PHX,2019-10-04,11,20,40,19,42,89.47,89.47,90.48,5.89,13.16,3.43,8.42,2.57,1.84,1.26,3.71
PHX,2019-10-04,12,39,31,40,33,85.0,82.5,96.97,13.05,12.88,2.67,14.65,3.58,0.99,1.55,1.3
PHX,2019-10-04,13,34,30,36,30,83.33,83.33,86.67,19.17,13.39,2.91,20.97,3.03,3.05,2.73,5.13
PHX,2019-10-04,14,26,32,27,33,88.89,81.48,93.94,8.78,11.7,1.86,9.37,4.0,2.28,1.82,4.24
PHX,2019-10-04,15,34,26,36,28,86.11,80.56,85.71,9.94,12.28,2.17,11.06,1.96,1.96,1.21,9.29
PHX,2019-10-04,16,27,31,27,32,81.48,81.48,93.75,9.26,11.67,1.93,9.74,2.66,1.72,1.72,5.19
PHX,2019-10-04,17,30,26,33,30,87.88,90.91,93.33,4.91,12.3,2.18,6.09,2.3,2.93,1.1,2.97
PHX,2019-10-04,18,19,35,23,49,82.61,73.91,81.63,10.96,12.7,3.11,12.91,2.39,1.1,0.98,5.86
PHX,2019-10-04,19,30,46,33,49,75.76,75.76,89.8,14.76,14.85,5.1,17.3,2.27,2.83,1.61,8.0
PHX,2019-10-04,20,36,28,40,29,90.0,87.5,93.1,6.45,12.93,2.47,7.45,3.24,2.12,1.97,2.28
PHX,2019-10-04,21,17,32,17,32,88.24,94.12,84.38,3.82,10.06,1.44,4.0,3.22,2.82,0.53,8.41
PHX,2019-10-04,22,9,11,9,13,88.89,88.89,92.31,3.0,10.56,1.3,3.11,2.38,0.68,0.62,13.92
PHX,2019-10-04,23,9,14,9,15,88.89,88.89,80.0,15.78,11.44,0.72,16.11,0.67,1.94,1.2,4.07
PHX,2019-10-05,0,4,1,5,2,80.0,80.0,100.0,17.6,12.6,2.66,20.2,0.0,2.7,0.0,5.5
PHX,2019-10-05,1,1,0,1,2,100.0,100.0,50.0,0.0,10.0,0.0,0.0,1.0,1.1,6.5,25.5
PHX,2019-10-05,2,0,0,0,2,0.0,0.0,50.0,0.0,0.0,0.0,0.0,0.0,1.1,2.5,21.5
PHX,2019-10-05,3,0,0,1,0,0.0,0.0,0.0,21.0,14.0,3.4,24.0,0.0,0.0,0.0,0.0
PHX,2019-10-05,4,0,0,0,2,0.0,0.0,100.0,0.0,0.0,0.0,0.0,0.0,0.6,0.0,0.0
PHX,2019-10-05,5,5,1,6,2,100.0,100.0,100.0,0.0,13.33,2.82,0.5,0.0,2.05,2.0,2.0
PHX,2019-10-05,6,22,13,29,13,89.66,89.66,92.31,14.34,11.66,1.88,14.86,2.77,3.97,2.15,1.46
PHX,2019-10-05,7,27,34,30,33,93.33,93.33,96.97,2.43,14.17,3.72,4.33,2.42,2.18,0.79,2.94
PHX,2019-10-05,8,47,20,47,22,95.74,85.11,90.91,2.77,17.77,7.67,7.79,1.68,2.52,1.64,5.95
PHX,2019-10-05,9,31,44,33,45,81.82,78.79,93.33,8.82,18.61,7.74,14.15,3.56,5.66,2.73,5.11
PHX,2019-10-05,10,43,23,43,23,90.7,83.72,91.3,2.74,18.37,8.06,8.09,0.83,0.99,1.61,8.83
PHX,2019-10-05,11,19,34,20,35,75.0,65.0,91.43,17.8,15.45,5.67,22.45,1.97,0.73,1.23,6.6
PHX,2019-10-05,12,32,27,33,29,87.88,87.88,89.66,5.55,14.85,4.31,7.55,1.59,1.94,1.48,3.21
PHX,2019-10-05,13,28,26,30,27,70.0,63.33,92.59,31.27,17.63,6.95,36.03,2.0,1.09,0.81,11.78
PHX,2019-10-05,14,24,34,24,35,87.5,83.33,88.57,3.88,12.21,2.54,4.79,2.17,2.34,1.49,4.31
PHX,2019-10-05,15,37,26,38,28,92.11,86.84,92.86,4.08,13.45,3.67,6.37,1.39,3.99,1.75,4.5
PHX,2019-10-05,16,25,26,26,26,84.62,80.77,84.62,5.19,10.58,1.33,5.92,1.35,1.36,0.15,6.31
PHX,2019-10-05,17,25,33,28,34,85.71,82.14,88.24,3.5,14.0,3.82,5.25,2.18,1.89,1.41,7.18
PHX,2019-10-05,18,21,33,21,34,95.24,95.24,91.18,2.24,10.48,1.83,3.19,2.88,1.89,0.32,5.97
PHX,2019-10-05,19,22,38,22,39,86.36,86.36,82.05,11.09,13.23,3.13,11.91,1.13,3.66,1.41,15.18
PHX,2019-10-05,20,27,16,29,16,72.41,65.52,93.75,11.93,13.83,2.79,13.93,1.56,1.1,0.0,12.94
PHX,2019-10-05,21,6,21,6,22,100.0,100.0,90.91,0.83,12.83,0.7,0.67,1.95,1.74,1.77,3.41
PHX,2019-10-05,22,7,5,7,5,100.0,100.0,100.0,1.57,11.86,1.4,2.43,0.0,3.1,0.0,2.2
PHX,2019-10-05,23,7,6,7,7,100.0,100.0,71.43,0.29,13.86,3.44,1.29,1.29,2.47,0.0,14.43
PHX,2019-10-06,0,4,3,4,1,100.0,100.0,100.0,2.5,12.0,1.45,3.5,0.0,0.3,0.0,0.0
PHX,2019-10-06,1,1,0,1,1,100.0,100.0,100.0,0.0,14.0,2.9,0.0,0.0,1.1,0.0,0.0
PHX,2019-10-06,2,0,0,0,1,0.0,0.0,100.0,0.0,0.0,0.0,0.0,6.0,1.1,0.0,0.0
PHX,2019-10-06,3,0,0,2,1,100.0,100.0,100.0,0.0,9.5,0.0,0.0,0.0,2.1,0.0,0.0
PHX,2019-10-06,4,0,0,2,0,50.0,50.0,0.0,21.5,13.0,2.4,22.0,0.0,0.0,0.0,0.0
PHX,2019-10-06,5,5,1,6,2,100.0,100.0,50.0,1.67,12.0,1.65,2.67,0.0,4.0,0.0,11.5
PHX,2019-10-06,6,27,11,29,11,96.55,93.1,90.91,2.55,13.24,3.41,4.66,0.64,2.68,2.18,10.55
PHX,2019-10-06,7,29,30,31,31,90.32,90.32,96.77,5.19,16.06,5.51,8.52,1.42,3.34,0.61,5.42
PHX,2019-10-06,8,41,30,41,31,95.12,87.8,90.32,1.98,15.78,5.29,5.49,1.58,3.71,2.29,9.39
PHX,2019-10-06,9,42,38,44,41,81.82,75.0,85.37,8.59,16.7,6.32,13.34,2.1,7.54,2.51,7.07
PHX,2019-10-06,10,32,28,33,29,75.76,72.73,93.1,9.97,16.73,5.45,13.45,1.28,0.61,0.59,11.0
PHX,2019-10-06,11,31,32,32,32,93.75,93.75,84.38,5.19,13.03,4.09,7.66,1.47,1.63,1.13,28.81
PHX,2019-10-06,12,35,36,36,37,86.11,77.78,94.59,9.25,15.94,5.33,13.28,1.95,0.67,0.27,7.95
PHX,2019-10-06,13,37,27,37,28,83.78,83.78,89.29,6.05,16.32,5.94,9.97,2.61,0.84,1.43,6.64
PHX,2019-10-06,14,26,30,27,32,88.89,85.19,81.25,10.48,12.85,2.89,11.63,2.5,1.8,2.38,16.5
PHX,2019-10-06,15,32,28,34,30,70.59,70.59,86.67,17.56,13.5,3.19,19.56,1.13,1.74,0.7,10.23
PHX,2019-10-06,16,29,33,30,37,70.0,70.0,89.19,26.53,11.73,2.23,28.1,1.59,1.52,0.24,9.76
PHX,2019-10-06,17,30,33,32,35,71.88,71.88,74.29,15.06,13.22,3.1,16.66,2.09,1.97,2.31,15.54
PHX,2019-10-06,18,24,34,26,37,69.23,65.38,81.08,20.0,11.15,1.72,20.92,2.76,2.62,1.76,15.78
PHX,2019-10-06,19,27,43,26,43,88.46,88.46,81.4,6.77,14.35,4.58,8.81,1.93,4.34,1.79,11.98
PHX,2019-10-06,20,33,25,34,26,73.53,73.53,88.46,16.44,13.94,3.26,17.74,1.04,2.0,0.96,6.96
PHX,2019-10-06,21,14,32,15,35,100.0,100.0,85.71,1.13,11.47,2.53,2.73,2.23,1.34,1.43,7.49
PHX,2019-10-06,22,17,12,18,12,66.67,55.56,66.67,15.11,11.06,2.19,16.61,0.42,2.13,0.75,9.67
PHX,2019-10-06,23,9,17,9,17,100.0,100.0,76.47,0.56,12.33,1.47,0.56,1.53,2.81,1.06,9.24
PHX,2019-10-07,0,4,1,4,3,75.0,50.0,66.67,7.25,13.75,3.05,9.75,0.67,0.0,0.0,9.33
PHX,2019-10-07,1,1,0,2,2,100.0,100.0,100.0,0.0,13.5,2.4,1.5,0.0,1.1,1.0,4.0
PHX,2019-10-07,2,0,0,0,1,0.0,0.0,0.0,0.0,0.0,0.0,0.0,3.0,1.1,6.0,18.0
PHX,2019-10-07,3,0,0,1,1,100.0,100.0,100.0,0.0,10.0,0.0,0.0,2.0,1.1,0.0,0.0
PHX,2019-10-07,4,0,0,1,0,100.0,100.0,0.0,0.0,10.0,0.0,0.0,0.0,0.0,0.0,0.0
PHX,2019-10-07,5,5,1,6,1,83.33,83.33,100.0,4.83,12.5,2.4,5.0,0.0,7.9,0.0,0.0
PHX,2019-10-07,6,29,14,32,15,93.75,93.75,93.33,5.06,12.44,2.74,6.31,1.33,4.62,1.93,2.33
PHX,2019-10-07,7,32,33,33,33,90.91,81.82,93.94,2.7,15.52,5.15,5.88,1.33,1.47,0.21,6.36
PHX,2019-10-07,8,47,28,49,29,95.92,87.76,93.1,5.45,17.49,7.33,10.49,1.55,2.57,1.72,2.31
PHX,2019-10-07,9,35,49,36,49,94.44,94.44,95.92,7.28,17.36,6.75,11.31,1.9,5.64,0.98,3.06
PHX,2019-10-07,10,48,21,50,22,92.0,90.0,81.82,2.74,14.9,4.59,5.34,1.14,0.58,0.91,7.41
PHX,2019-10-07,11,19,38,20,40,75.0,75.0,85.0,15.65,12.2,2.88,16.7,1.52,0.39,0.53,23.65
PHX,2019-10-07,12,39,31,40,34,82.5,82.5,85.29,12.03,14.88,4.33,14.28,1.5,0.72,0.41,32.76
PHX,2019-10-07,13,33,30,34,32,85.29,85.29,87.5,11.44,15.06,4.44,13.41,1.72,0.7,1.25,9.41
PHX,2019-10-07,14,26,32,29,32,75.86,68.97,87.5,13.34,15.14,4.99,16.62,1.69,2.07,1.28,21.03
PHX,2019-10-07,15,34,26,36,28,86.11,83.33,92.86,8.58,15.31,4.9,11.22,1.29,3.64,1.25,4.39
PHX,2019-10-07,16,27,32,28,34,85.71,78.57,85.29,6.89,12.57,2.8,8.96,1.88,1.82,0.85,13.59
PHX,2019-10-07,17,29,26,32,30,81.25,78.13,80.0,14.59,13.38,3.13,16.56,1.57,1.24,2.03,21.0
PHX,2019-10-07,18,20,36,21,50,76.19,76.19,74.0,19.24,12.9,3.09,20.86,2.88,2.13,2.3,11.42
PHX,2019-10-07,19,30,45,36,49,75.0,75.0,85.71,19.44,13.92,4.23,21.72,1.53,1.94,1.29,7.55
PHX,2019-10-07,20,37,28,42,29,85.71,76.19,89.66,7.26,18.07,7.36,11.71,1.86,2.5,0.97,6.0
PHX,2019-10-07,21,17,32,18,34,83.33,88.89,91.18,10.11,10.56,1.92,10.11,2.97,2.79,2.29,6.26
PHX,2019-10-07,22,9,11,9,12,100.0,100.0,66.67,1.56,11.11,1.12,1.89,0.83,0.84,0.67,14.0
PHX,2019-10-07,23,9,15,9,16,100.0,100.0,100.0,0.11,11.67,1.24,0.56,1.69,2.0,0.94,0.56
PHX,2019-10-08,0,3,1,4,4,100.0,100.0,50.0,0.5,16.0,5.7,2.0,0.5,0.9,3.25,15.5
PHX,2019-10-08,1,1,0,1,1,100.0,100.0,100.0,0.0,12.0,0.9,0.0,2.0,1.1,5.0,0.0
PHX,2019-10-08,2,0,0,0,1,0.0,0.0,100.0,0.0,0.0,0.0,0.0,0.0,1.1,0.0,0.0
PHX,2019-10-08,3,0,0,1,2,100.0,100.0,100.0,0.0,10.0,0.0,0.0,0.0,0.1,5.0,6.0
PHX,2019-10-08,4,0,0,2,4,50.0,50.0,75.0,13.5,11.5,1.2,14.5,0.0,0.55,0.0,11.25
PHX,2019-10-08,5,6,1,9,5,88.89,77.78,60.0,13.78,13.56,3.24,16.33,3.0,1.88,5.8,9.6
PHX,2019-10-08,6,27,12,34,13,91.18,82.35,100.0,2.71,14.65,4.62,5.59,2.15,1.48,1.0,0.92
PHX,2019-10-08,7,30,33,44,38,86.36,81.82,94.74,3.2,16.0,5.57,6.61,1.39,1.65,1.79,3.08
PHX,2019-10-08,8,46,27,48,27,81.25,79.17,88.89,13.31,15.23,5.14,16.65,1.07,1.24,1.48,20.3
PHX,2019-10-08,9,36,48,39,48,87.18,84.62,87.5,5.67,16.97,6.5,9.72,2.06,5.64,3.42,6.6
PHX,2019-10-08,10,47,19,48,19,89.58,85.42,89.47,7.23,16.79,6.42,10.96,1.58,1.01,0.37,35.26
PHX,2019-10-08,11,17,36,18,37,83.33,83.33,91.89,8.56,10.67,1.83,9.56,1.54,0.64,0.59,3.08
PHX,2019-10-08,12,37,31,38,33,92.11,92.11,90.91,7.89,12.92,2.43,8.95,1.39,1.32,3.76,5.09
PHX,2019-10-08,13,32,31,34,31,88.24,88.24,93.55,5.41,13.56,3.29,7.12,2.13,1.85,0.52,3.06
PHX,2019-10-08,14,28,31,28,33,85.71,85.71,93.94,4.21,12.89,2.8,5.29,3.3,1.93,1.03,2.03
PHX,2019-10-08,15,33,26,34,29,85.29,85.29,100.0,6.44,13.53,3.24,8.0,1.97,2.3,2.59,1.24
PHX,2019-10-08,16,26,31,27,33,85.19,77.78,84.85,19.74,12.52,2.99,21.59,1.82,1.46,1.09,13.24
PHX,2019-10-08,17,27,25,30,30,86.67,83.33,83.33,6.07,12.07,1.89,7.3,2.37,0.93,1.4,10.57
PHX,2019-10-08,18,19,35,21,51,76.19,71.43,80.39,11.86,12.43,2.8,13.76,2.51,1.78,1.27,7.67
PHX,2019-10-08,19,30,45,37,49,81.08,70.27,83.67,7.57,13.32,3.69,9.86,2.92,4.72,3.51,8.33
PHX,2019-10-08,20,35,26,39,28,79.49,71.79,89.29,6.69,15.44,4.99,9.51,2.11,2.37,1.75,6.0
PHX,2019-10-08,21,17,30,19,31,84.21,78.95,90.32,6.05,11.0,1.98,7.26,2.65,2.51,0.71,6.35
PHX,2019-10-08,22,9,12,10,13,100.0,90.0,92.31,3.1,12.1,1.33,3.4,1.38,0.9,0.23,6.92
PHX,2019-10-08,23,9,15,10,16,90.0,90.0,100.0,1.7,11.7,1.09,2.0,1.94,1.51,0.63,1.81
PHX,2019-10-09,0,3,1,3,2,100.0,100.0,50.0,0.0,11.67,0.77,0.0,1.5,1.7,3.5,37.0
PHX,2019-10-09,1,1,0,1,1,100.0,100.0,100.0,0.0,18.0,6.9,0.0,4.0,1.1,0.0,0.0
PHX,2019-10-09,2,0,0,0,2,0.0,0.0,50.0,0.0,0.0,0.0,0.0,2.0,3.75,4.0,15.5
PHX,2019-10-09,3,0,0,1,2,100.0,100.0,100.0,0.0,10.0,0.0,0.0,0.0,0.55,0.5,3.0
PHX,2019-10-09,4,0,0,1,4,100.0,100.0,75.0,0.0,13.0,2.4,0.0,0.5,0.55,2.0,11.25
PHX,2019-10-09,5,5,1,8,5,75.0,75.0,20.0,12.25,11.75,2.74,13.0,1.6,1.28,8.0,27.2
PHX,2019-10-09,6,29,13,41,13,85.37,85.37,76.92,5.76,13.85,3.81,8.24,1.15,1.94,1.23,26.08
PHX,2019-10-09,7,31,33,39,34,76.92,74.36,94.12,11.51,17.05,6.59,14.9,1.85,1.31,2.09,9.15
PHX,2019-10-09,8,46,27,48,30,89.58,83.33,86.67,5.77,16.27,6.15,9.5,2.43,1.32,1.7,4.77
PHX,2019-10-09,9,35,48,38,50,89.47,78.95,92.0,3.68,17.97,7.41,8.45,1.96,3.66,2.06,14.24
PHX,2019-10-09,10,48,21,50,21,84.0,80.0,95.24,7.78,17.0,6.59,12.0,1.57,1.72,1.43,2.33
PHX,2019-10-09,11,20,38,22,41,77.27,72.73,85.37,13.91,15.64,5.84,18.77,1.71,0.93,1.15,7.1
PHX,2019-10-09,12,38,31,39,32,84.62,74.36,87.5,12.26,15.79,5.23,15.56,2.28,0.88,2.0,9.44
PHX,2019-10-09,13,33,30,36,30,86.11,83.33,100.0,9.33,12.97,2.66,10.53,1.93,2.52,0.77,0.07
PHX,2019-10-09,14,27,32,28,34,85.71,78.57,79.41,10.5,13.54,3.81,13.0,3.41,1.35,1.15,9.65
PHX,2019-10-09,15,34,26,36,29,75.0,77.78,82.76,14.19,12.56,2.4,15.22,6.97,1.7,4.86,17.55
PHX,2019-10-09,16,26,32,27,36,81.48,81.48,75.0,15.63,11.11,1.79,16.26,12.19,1.58,11.08,23.33
PHX,2019-10-09,17,29,26,30,38,86.67,83.33,78.95,6.97,13.03,2.96,9.17,2.76,1.79,3.29,17.53
PHX,2019-10-09,18,20,36,21,49,80.95,76.19,85.71,21.71,13.67,4.18,24.57,2.84,1.88,1.29,6.2
PHX,2019-10-09,19,31,46,39,51,87.18,84.62,88.24,4.85,16.36,6.52,8.28,1.39,3.81,1.18,8.49
PHX,2019-10-09,20,37,28,43,30,72.09,76.74,80.0,11.6,14.33,3.78,13.3,3.03,1.54,2.33,16.27
PHX,2019-10-09,21,17,30,18,31,66.67,72.22,83.87,9.83,9.5,0.66,9.94,3.29,2.35,1.42,5.87
PHX,2019-10-09,22,9,12,10,12,80.0,80.0,75.0,9.2,12.0,1.77,10.3,1.75,1.98,0.33,7.83
PHX,2019-10-09,23,9,15,10,17,90.0,90.0,70.59,2.3,12.5,1.87,3.3,1.94,2.07,5.12,16.53
PHX,2019-10-10,0,4,0,5,2,80.0,80.0,100.0,16.4,14.2,3.84,17.8,0.0,0.7,0.0,0.0
PHX,2019-10-10,1,1,0,1,1,100.0,100.0,100.0,0.0,13.0,1.9,2.0,0.0,1.1,0.0,9.0
PHX,2019-10-10,2,0,0,0,1,0.0,0.0,100.0,0.0,0.0,0.0,0.0,0.0,1.1,0.0,0.0
PHX,2019-10-10,3,0,0,1,2,100.0,100.0,100.0,0.0,10.0,0.0,0.0,0.0,0.6,6.5,4.0
PHX,2019-10-10,4,0,0,1,4,100.0,100.0,75.0,0.0,10.0,0.0,0.0,1.5,0.8,1.25,3.75
PHX,2019-10-10,5,6,1,9,5,77.78,77.78,20.0,18.22,13.11,2.8,17.89,2.2,1.06,5.6,30.0
PHX,2019-10-10,6,28,14,38,15,92.11,89.47,86.67,2.5,13.32,3.37,3.87,1.07,1.41,1.47,3.07
PHX,2019-10-10,7,32,34,40,35,82.5,82.5,88.57,15.65,14.68,4.27,18.05,2.23,1.33,5.17,4.37
PHX,2019-10-10,8,48,28,53,31,71.7,62.26,70.97,16.0,16.06,5.96,20.47,1.68,4.37,10.71,13.61
PHX,2019-10-10,9,35,49,37,49,81.08,72.97,91.84,11.84,16.43,6.07,16.24,1.88,3.98,2.65,8.71
PHX,2019-10-10,10,49,20,49,21,81.63,75.51,66.67,11.0,16.67,6.48,15.47,2.71,2.57,8.0,11.14
PHX,2019-10-10,11,18,37,20,41,80.0,75.0,73.17,11.7,12.05,2.91,13.7,3.61,1.7,3.71,21.22
PHX,2019-10-10,12,38,31,40,32,85.0,80.0,87.5,11.8,13.28,3.02,13.65,3.19,2.01,4.34,9.44
PHX,2019-10-10,13,32,30,32,30,84.38,71.88,80.0,11.25,14.63,4.16,13.84,2.1,2.29,1.5,9.43
PHX,2019-10-10,14,26,33,27,34,88.89,77.78,70.59,4.74,14.07,4.13,7.33,2.38,1.45,1.74,21.29
PHX,2019-10-10,15,36,26,37,29,70.27,62.16,86.21,22.54,13.73,3.59,24.49,1.28,1.72,1.97,8.28
PHX,2019-10-10,16,26,32,28,34,75.0,67.86,76.47,44.32,12.57,2.89,45.71,0.82,1.86,0.82,19.97
PHX,2019-10-10,17,29,25,35,30,82.86,80.0,70.0,8.4,12.83,2.73,10.37,1.97,1.07,0.37,16.43
PHX,2019-10-10,18,19,35,20,48,70.0,70.0,75.0,22.0,11.1,1.57,23.15,2.0,1.52,1.69,14.63
PHX,2019-10-10,19,30,46,38,50,68.42,68.42,66.0,12.87,13.5,3.52,14.71,2.68,1.89,3.54,18.38
PHX,2019-10-10,20,36,27,42,30,73.81,64.29,63.33,32.9,16.19,5.54,36.98,4.43,1.5,4.53,23.47
PHX,2019-10-10,21,17,31,18,32,66.67,66.67,81.25,15.94,10.28,1.53,16.17,2.41,1.93,1.69,34.38
PHX,2019-10-10,22,9,12,10,13,90.0,90.0,46.15,5.5,11.1,1.13,6.1,2.31,2.02,3.23,34.08
PHX,2019-10-10,23,9,16,9,17,77.78,88.89,70.59,6.78,11.67,1.48,6.11,1.18,2.91,5.12,65.76
PHX,2019-10-11,0,4,1,5,2,60.0,60.0,100.0,131.6,12.0,1.24,132.6,0.0,3.1,7.0,4.0
PHX,2019-10-11,1,1,0,2,1,50.0,50.0,100.0,33.0,13.5,2.4,35.5,0.0,0.1,0.0,0.0
PHX,2019-10-11,2,0,0,0,1,0.0,0.0,100.0,0.0,0.0,0.0,0.0,0.0,0.1,3.0,7.0
PHX,2019-10-11,3,0,0,1,1,100.0,100.0,100.0,0.0,10.0,0.0,0.0,0.0,0.1,4.0,5.0
PHX,2019-10-11,4,0,0,1,5,100.0,100.0,60.0,0.0,12.0,1.4,0.0,0.2,0.26,0.8,19.4
PHX,2019-10-11,5,5,1,6,5,83.33,83.33,40.0,20.0,12.83,2.73,21.5,0.8,0.66,5.8,24.2
PHX,2019-10-11,6,29,14,38,15,78.95,78.95,93.33,9.16,13.45,3.18,11.03,2.33,1.0,2.53,4.87
PHX,2019-10-11,7,32,34,43,34,79.07,74.42,82.35,24.88,16.07,5.67,29.02,1.76,2.56,3.56,34.91
PHX,2019-10-11,8,48,28,49,30,79.59,65.31,76.67,9.43,17.59,7.44,15.45,2.37,1.37,3.67,10.57
PHX,2019-10-11,9,35,49,36,53,75.0,55.56,71.7,17.78,19.72,9.17,25.19,2.81,2.09,2.98,20.32
PHX,2019-10-11,10,48,21,51,20,66.67,47.06,60.0,29.39,17.84,7.39,35.47,1.5,0.82,7.8,15.6
PHX,2019-10-11,11,20,40,20,43,70.0,70.0,81.4,20.9,12.0,2.44,22.3,2.28,0.91,2.63,10.09
PHX,2019-10-11,12,39,31,41,33,68.29,68.29,69.7,17.63,14.27,3.82,20.24,3.18,1.22,3.09,22.76
PHX,2019-10-11,13,34,30,36,30,75.0,69.44,73.33,16.56,15.42,4.76,20.03,1.93,0.98,0.77,16.67
PHX,2019-10-11,14,26,33,27,33,62.96,59.26,66.67,18.44,17.15,6.8,23.7,2.27,0.87,3.0,17.88
PHX,2019-10-11,15,35,26,37,28,62.16,56.76,82.14,24.46,15.86,5.51,28.7,3.11,0.99,1.93,13.46
PHX,2019-10-11,16,27,31,30,33,66.67,63.33,69.7,16.33,14.53,4.52,19.97,3.27,0.83,2.09,32.33
PHX,2019-10-11,17,30,25,33,27,60.61,57.58,59.26,24.3,14.12,3.66,27.21,3.19,0.66,2.04,24.26
PHX,2019-10-11,18,19,36,22,47,59.09,59.09,72.34,20.41,14.18,4.59,23.91,1.98,0.74,1.79,14.11
PHX,2019-10-11,19,30,46,34,51,70.59,70.59,70.59,23.53,13.56,3.71,26.32,2.33,1.17,2.75,24.49
PHX,2019-10-11,20,36,28,40,29,65.0,60.0,72.41,38.65,15.73,5.04,42.0,2.0,0.84,3.17,12.1
PHX,2019-10-11,21,17,32,18,32,61.11,61.11,71.88,21.17,12.56,2.99,23.56,1.78,1.79,0.97,22.22
PHX,2019-10-11,22,9,12,9,13,88.89,88.89,38.46,8.0,11.78,1.51,8.78,0.92,1.38,3.08,28.08
PHX,2019-10-11,23,8,14,9,15,88.89,88.89,73.33,5.0,12.22,1.78,6.0,0.47,3.95,2.87,24.13
PHX,2019-10-12,0,4,1,4,2,75.0,50.0,50.0,50.25,13.75,2.78,52.5,0.0,1.15,1.5,11.5
PHX,2019-10-12,1,1,0,1,2,100.0,100.0,50.0,0.0,14.0,2.9,0.0,1.5,0.1,2.0,10.0
PHX,2019-10-12,2,0,0,2,1,100.0,100.0,100.0,0.0,15.5,4.9,4.5,0.0,0.1,0.0,10.0
PHX,2019-10-12,3,0,0,1,0,100.0,100.0,0.0,0.0,10.0,0.0,0.0,0.0,0.0,0.0,0.0
PHX,2019-10-12,4,0,0,0,2,0.0,0.0,100.0,0.0,0.0,0.0,0.0,0.0,0.1,0.0,1.5
PHX,2019-10-12,5,5,1,6,2,83.33,83.33,50.0,14.83,13.33,2.58,16.5,2.0,1.55,6.0,10.0
PHX,2019-10-12,6,22,13,28,12,92.86,89.29,100.0,1.79,15.82,5.51,5.43,2.17,0.58,1.83,0.58
PHX,2019-10-12,7,29,34,33,33,78.79,78.79,93.94,14.88,16.39,5.9,18.06,2.09,2.51,3.15,5.3
PHX,2019-10-12,8,47,19,47,21,95.74,87.23,95.24,4.21,16.98,6.87,9.26,3.14,3.33,3.29,2.76
PHX,2019-10-12,9,30,44,31,45,87.1,64.52,80.0,14.35,20.29,9.38,22.19,2.87,3.41,3.2,13.04
PHX,2019-10-12,10,43,23,48,25,81.25,41.67,92.0,9.9,24.42,14.11,22.19,2.04,0.9,4.64,5.68
PHX,2019-10-12,11,19,33,19,33,84.21,84.21,90.91,8.42,12.68,3.43,9.89,2.3,2.05,1.12,9.0
PHX,2019-10-12,12,32,28,33,29,81.82,81.82,79.31,25.76,13.64,3.0,27.42,2.28,1.24,2.21,19.79
PHX,2019-10-12,13,28,27,29,27,89.66,79.31,92.59,11.9,15.14,4.39,14.48,2.22,0.68,1.56,5.04
PHX,2019-10-12,14,25,33,25,34,80.0,80.0,79.41,16.32,12.36,2.3,17.36,2.0,1.42,1.5,14.21
PHX,2019-10-12,15,36,26,37,28,89.19,86.49,85.71,6.11,11.38,1.93,6.57,8.96,2.14,9.32,13.0
PHX,2019-10-12,16,25,26,25,30,76.0,72.0,76.67,8.4,10.92,1.68,9.2,2.07,1.7,1.5,31.2
PHX,2019-10-12,17,25,33,28,34,82.14,82.14,88.24,12.11,12.04,1.79,12.71,1.59,1.46,1.59,12.09
PHX,2019-10-12,18,21,33,21,35,95.24,90.48,88.57,5.81,10.62,1.73,6.95,1.8,1.47,1.34,8.69
PHX,2019-10-12,19,22,38,20,38,95.0,90.0,78.95,4.85,11.95,2.07,5.3,1.58,2.27,1.79,9.82
PHX,2019-10-12,20,27,16,28,16,78.57,75.0,93.75,15.64,13.46,2.13,16.61,1.88,1.53,1.0,5.13
PHX,2019-10-12,21,6,21,5,22,100.0,100.0,86.36,0.0,11.6,0.44,0.0,3.09,0.97,1.73,7.18
PHX,2019-10-12,22,7,4,7,7,100.0,100.0,42.86,0.14,11.57,1.19,0.0,0.86,1.91,3.57,23.29
PHX,2019-10-12,23,8,8,9,9,88.89,88.89,77.78,7.33,11.67,1.91,7.11,2.56,1.08,2.56,7.44
PHX,2019-10-13,0,4,3,6,2,100.0,100.0,100.0,0.0,10.83,0.63,0.0,0.0,3.15,0.5,0.0
PHX,2019-10-13,1,1,0,1,1,100.0,100.0,100.0,0.0,11.0,0.0,0.0,0.0,1.1,0.0,0.0
PHX,2019-10-13,2,0,0,0,1,0.0,0.0,100.0,0.0,0.0,0.0,0.0,0.0,1.1,4.0,0.0
PHX,2019-10-13,3,0,0,2,1,50.0,50.0,0.0,24.0,14.5,3.9,25.0,0.0,3.1,0.0,34.0
PHX,2019-10-13,4,0,0,1,0,100.0,100.0,0.0,0.0,5.0,0.0,0.0,0.0,0.0,0.0,0.0
PHX,2019-10-13,5,5,1,6,1,83.33,83.33,100.0,8.83,12.0,2.17,10.0,0.0,0.9,1.0,0.0
PHX,2019-10-13,6,27,11,28,10,82.14,82.14,100.0,7.71,11.68,1.93,8.46,1.5,2.27,1.6,0.1
PHX,2019-10-13,7,29,30,33,31,87.88,87.88,93.55,3.79,15.39,4.7,6.58,2.39,1.82,2.52,16.26
PHX,2019-10-13,8,41,30,40,31,95.0,85.0,87.1,1.7,17.38,6.93,6.55,3.32,3.2,3.9,5.9
PHX,2019-10-13,9,42,38,44,37,81.82,75.0,83.78,7.16,16.16,5.91,11.77,3.3,7.96,3.59,7.81
PHX,2019-10-13,10,32,27,31,27,83.87,77.42,88.89,4.06,18.77,7.34,8.65,2.0,0.92,1.56,14.37
PHX,2019-10-13,11,30,32,30,33,93.33,93.33,90.91,2.73,11.87,3.01,4.27,1.88,0.58,1.67,3.39
PHX,2019-10-13,12,35,36,36,38,83.33,77.78,78.95,9.0,15.78,5.07,12.0,2.53,0.73,3.82,10.16
PHX,2019-10-13,13,37,26,39,27,69.23,66.67,92.59,11.9,13.72,3.51,13.95,2.19,1.4,1.04,2.3
PHX,2019-10-13,14,25,31,25,34,100.0,96.0,91.18,1.04,13.44,3.24,2.36,2.44,2.71,3.21,6.56
PHX,2019-10-13,15,33,28,36,34,86.11,80.56,79.41,9.33,13.89,3.72,11.31,1.59,2.84,3.29,8.59
PHX,2019-10-13,16,29,32,30,35,80.0,76.67,82.86,10.07,10.3,1.38,10.23,1.8,1.3,1.43,15.97
PHX,2019-10-13,17,29,33,31,35,83.87,80.65,80.0,13.35,14.19,3.88,15.84,1.97,1.79,1.0,12.77
PHX,2019-10-13,18,24,34,26,34,69.23,65.38,91.18,16.85,12.5,3.21,19.08,2.32,2.64,2.97,4.12
PHX,2019-10-13,19,27,43,28,42,78.57,78.57,76.19,16.86,14.32,4.52,20.04,1.83,4.24,2.74,13.69
PHX,2019-10-13,20,33,25,34,28,91.18,94.12,82.14,3.74,14.71,3.98,5.5,1.96,2.3,2.07,10.54
PHX,2019-10-13,21,14,32,14,35,85.71,78.57,77.14,8.21,11.07,2.36,9.5,2.63,1.87,2.23,10.34
PHX,2019-10-13,22,17,12,18,13,77.78,77.78,92.31,9.5,8.44,0.4,9.17,0.69,1.04,1.08,3.23
PHX,2019-10-13,23,10,18,10,19,100.0,100.0,89.47,0.5,11.2,0.93,0.5,0.89,1.72,0.26,4.95
PHX,2019-10-14,0,4,1,5,3,100.0,100.0,66.67,1.4,12.4,2.04,3.0,0.67,0.03,0.0,30.67
PHX,2019-10-14,1,1,0,1,1,0.0,0.0,100.0,142.0,11.0,0.0,142.0,0.0,1.1,0.0,0.0
PHX,2019-10-14,2,0,0,0,1,0.0,0.0,100.0,0.0,0.0,0.0,0.0,0.0,1.1,0.0,0.0
PHX,2019-10-14,3,0,0,1,0,100.0,100.0,0.0,0.0,10.0,0.0,0.0,0.0,0.0,0.0,0.0
PHX,2019-10-14,4,0,0,1,1,0.0,0.0,0.0,37.0,12.0,1.4,38.0,2.0,1.1,2.0,43.0
PHX,2019-10-14,5,5,1,6,1,83.33,83.33,100.0,12.83,12.83,2.05,13.83,0.0,0.0,13.0,7.0
PHX,2019-10-14,6,29,14,31,14,93.55,93.55,85.71,4.23,12.19,2.33,5.16,3.21,0.76,3.14,3.07
PHX,2019-10-14,7,32,33,33,32,87.88,84.85,93.75,12.0,14.79,4.38,14.18,3.44,1.23,2.78,9.09
PHX,2019-10-14,8,47,27,47,28,87.23,85.11,85.71,7.3,16.0,5.92,11.09,2.71,3.33,3.57,5.43
PHX,2019-10-14,9,35,50,37,52,83.78,81.08,84.62,7.81,17.38,6.91,12.78,2.71,2.23,1.58,6.63
PHX,2019-10-14,10,48,21,49,22,87.76,81.63,86.36,5.53,18.33,8.0,10.47,2.27,0.49,0.86,7.45
PHX,2019-10-14,11,19,38,20,38,85.0,85.0,94.74,7.35,11.15,1.96,8.15,1.61,0.8,0.61,27.24
PHX,2019-10-14,12,39,31,41,33,78.05,73.17,87.88,14.83,13.17,2.88,16.51,2.39,0.67,2.15,4.97
PHX,2019-10-14,13,33,30,35,30,88.57,85.71,93.33,4.09,14.49,3.85,6.03,1.43,1.88,1.6,5.27
PHX,2019-10-14,14,26,32,29,33,93.1,89.66,84.85,4.34,13.34,3.35,6.48,2.61,1.55,1.82,5.88
PHX,2019-10-14,15,34,26,36,30,80.56,77.78,76.67,9.67,13.08,3.13,11.17,1.93,2.09,2.3,8.67
PHX,2019-10-14,16,27,32,30,32,90.0,83.33,84.38,4.4,14.87,5.16,8.03,2.34,1.48,1.5,3.97
PHX,2019-10-14,17,29,26,31,33,80.65,74.19,81.82,12.65,13.52,3.27,14.87,2.06,2.31,12.97,15.97
PHX,2019-10-14,18,20,36,22,50,72.73,72.73,76.0,13.14,11.82,2.41,14.59,2.34,1.52,1.5,10.86
PHX,2019-10-14,19,30,45,36,47,91.67,86.11,82.98,5.5,15.11,5.34,8.58,2.74,3.36,3.11,12.96
PHX,2019-10-14,20,37,28,42,29,80.95,80.95,75.86,9.55,13.38,2.99,10.45,3.34,2.43,3.69,11.24
PHX,2019-10-14,21,17,32,18,34,77.78,66.67,88.24,8.61,11.39,2.61,10.5,2.68,1.69,1.21,4.29
PHX,2019-10-14,22,9,11,10,11,70.0,70.0,81.82,11.3,12.4,2.1,12.2,0.91,0.68,2.0,20.36
PHX,2019-10-14,23,9,15,9,15,100.0,100.0,80.0,0.11,14.33,3.49,1.67,2.27,1.67,1.33,11.47
PHX,2019-10-15,0,3,1,3,2,100.0,100.0,0.0,0.0,13.33,2.6,0.0,0.0,0.7,0.0,16.5
PHX,2019-10-15,1,1,0,1,1,100.0,100.0,100.0,0.0,10.0,0.0,0.0,0.0,1.1,0.0,0.0
PHX,2019-10-15,2,0,0,0,1,0.0,0.0,100.0,0.0,0.0,0.0,0.0,0.0,1.1,0.0,0.0
PHX,2019-10-15,3,0,0,1,1,100.0,100.0,100.0,0.0,10.0,0.0,0.0,0.0,1.1,8.0,5.0
PHX,2019-10-15,4,0,0,1,5,100.0,100.0,60.0,0.0,10.0,0.0,0.0,1.8,0.02,1.6,6.4
PHX,2019-10-15,5,6,1,11,4,72.73,81.82,50.0,6.73,12.36,2.48,7.73,1.5,1.33,6.5,21.25
PHX,2019-10-15,6,27,12,35,14,82.86,82.86,71.43,5.91,13.0,3.12,7.66,3.07,1.87,4.64,16.64
PHX,2019-10-15,7,30,33,43,34,81.4,79.07,88.24,11.0,16.05,5.69,13.86,2.15,3.09,2.97,6.59
PHX,2019-10-15,8,46,28,48,29,87.5,77.08,100.0,9.0,16.23,6.14,13.52,2.0,2.58,1.07,0.83
PHX,2019-10-15,9,36,47,39,48,71.79,69.23,89.58,22.64,16.26,5.8,26.72,2.58,4.08,6.48,12.67
PHX,2019-10-15,10,47,19,49,20,85.71,73.47,85.0,6.2,17.33,6.97,11.41,1.4,0.75,0.95,6.5
PHX,2019-10-15,11,17,36,18,39,83.33,83.33,89.74,7.39,11.44,1.93,8.94,1.49,0.35,1.08,13.15
PHX,2019-10-15,12,37,31,38,35,84.21,78.95,94.29,15.11,16.89,6.19,19.74,2.74,1.59,1.74,3.8
PHX,2019-10-15,13,32,31,34,31,73.53,73.53,83.87,16.47,13.65,3.47,18.38,1.52,2.29,1.42,20.0
PHX,2019-10-15,14,28,31,30,33,86.67,83.33,84.85,13.6,13.2,3.34,15.2,3.03,3.35,2.58,7.27
PHX,2019-10-15,15,33,26,34,29,88.24,85.29,86.21,6.68,12.94,2.87,7.71,4.24,2.11,3.59,7.55
PHX,2019-10-15,16,26,31,27,37,85.19,81.48,81.08,10.41,10.78,1.4,10.78,2.59,1.56,1.54,9.59
PHX,2019-10-15,17,27,26,30,32,80.0,80.0,81.25,9.6,12.37,2.22,10.4,1.91,1.68,2.41,12.03
PHX,2019-10-15,18,20,35,22,51,90.91,86.36,80.39,7.23,12.86,3.13,9.32,3.31,2.26,2.75,8.63
PHX,2019-10-15,19,30,45,36,47,94.44,88.89,78.72,2.22,15.08,5.34,4.97,2.57,4.23,2.0,10.4
PHX,2019-10-15,20,35,26,41,27,80.49,68.29,85.19,25.93,17.71,7.21,30.41,2.3,2.3,0.81,6.22
PHX,2019-10-15,21,17,30,17,31,70.59,70.59,90.32,17.24,10.47,1.91,17.65,3.81,1.62,2.26,7.06
PHX,2019-10-15,22,9,12,11,13,90.91,90.91,92.31,3.64,10.36,0.85,3.45,1.62,1.45,0.46,6.23
PHX,2019-10-15,23,9,15,9,17,100.0,100.0,94.12,0.0,13.56,3.12,1.56,2.65,1.57,2.12,4.59
PHX,2019-10-16,0,3,1,4,2,100.0,75.0,50.0,0.0,16.25,5.55,4.75,0.0,1.7,1.5,10.0
PHX,2019-10-16,1,1,0,1,1,100.0,100.0,100.0,0.0,13.0,1.9,0.0,0.0,1.1,0.0,0.0
PHX,2019-10-16,2,0,0,0,1,0.0,0.0,100.0,0.0,0.0,0.0,0.0,0.0,1.1,0.0,0.0
PHX,2019-10-16,3,0,0,1,4,100.0,100.0,75.0,0.0,10.0,0.0,0.0,0.0,0.33,2.5,13.75
PHX,2019-10-16,4,0,0,1,2,100.0,100.0,100.0,0.0,11.0,0.4,0.0,0.0,0.1,0.0,1.5
PHX,2019-10-16,5,5,1,8,5,87.5,87.5,0.0,4.0,12.0,2.94,4.0,0.6,1.44,4.2,50.8
PHX,2019-10-16,6,29,13,41,13,87.8,85.37,92.31,3.88,14.24,3.95,6.22,1.23,2.11,1.92,2.23
PHX,2019-10-16,7,31,33,41,36,82.93,73.17,88.89,11.98,17.1,6.65,16.2,1.5,1.99,1.25,7.25
PHX,2019-10-16,8,46,26,48,28,87.5,81.25,89.29,6.73,17.02,6.92,11.31,2.46,3.29,2.04,5.14
PHX,2019-10-16,9,35,49,35,52,85.71,80.0,92.31,4.46,18.71,7.99,10.23,2.35,7.18,1.37,10.04
PHX,2019-10-16,10,48,20,50,20,90.0,82.0,95.0,10.66,16.86,6.48,15.02,1.5,0.99,2.15,3.6
PHX,2019-10-16,11,19,38,20,38,80.0,80.0,92.11,7.9,13.05,3.43,9.55,2.0,0.82,1.0,2.71
PHX,2019-10-16,12,38,31,40,34,87.5,80.0,85.29,8.78,16.43,5.78,12.23,3.06,1.04,1.91,13.29
PHX,2019-10-16,13,33,30,36,33,77.78,72.22,96.97,20.64,16.67,5.94,24.17,2.18,2.54,1.42,2.06
PHX,2019-10-16,14,27,32,28,32,85.71,82.14,84.38,4.18,14.75,4.38,6.64,1.94,2.7,2.09,5.5
PHX,2019-10-16,15,34,26,36,31,94.44,80.56,87.1,4.03,15.53,5.13,6.97,2.45,0.9,1.45,3.42
PHX,2019-10-16,16,26,32,27,33,85.19,81.48,72.73,8.22,13.19,3.29,10.41,2.12,0.48,0.21,24.06
PHX,2019-10-16,17,29,26,29,34,79.31,79.31,85.29,16.24,15.14,4.59,18.14,2.29,1.02,2.85,6.5
PHX,2019-10-16,18,20,36,21,51,76.19,71.43,80.39,8.1,14.86,4.91,11.67,1.69,0.51,2.2,12.55
PHX,2019-10-16,19,31,46,40,50,85.0,80.0,86.0,5.38,18.1,8.13,10.63,3.0,2.24,0.88,11.94
PHX,2019-10-16,20,37,28,43,29,88.37,81.4,96.55,6.21,16.21,5.57,9.07,0.83,0.73,0.45,2.72
PHX,2019-10-16,21,17,30,18,29,88.89,83.33,82.76,5.83,11.94,2.42,7.22,1.45,0.62,0.59,6.31
PHX,2019-10-16,22,9,12,9,13,88.89,88.89,76.92,3.56,13.11,2.77,5.33,0.46,0.33,1.15,7.46
PHX,2019-10-16,23,9,15,9,16,77.78,77.78,81.25,5.44,11.78,1.14,5.78,0.75,0.69,1.69,8.38
PHX,2019-10-17,0,4,0,5,3,100.0,100.0,66.67,0.2,11.2,0.76,0.4,1.0,0.17,1.33,6.0
PHX,2019-10-17,1,1,0,1,0,100.0,100.0,0.0,0.0,12.0,0.9,0.0,0.0,0.0,0.0,0.0
PHX,2019-10-17,2,0,0,0,1,0.0,0.0,100.0,0.0,0.0,0.0,0.0,0.0,0.1,0.0,9.0
PHX,2019-10-17,3,0,0,1,1,100.0,100.0,100.0,0.0,25.0,14.4,14.0,0.0,0.0,0.0,3.0
PHX,2019-10-17,4,0,0,3,5,66.67,66.67,60.0,5.33,12.33,1.93,6.67,0.0,0.86,1.8,14.2
PHX,2019-10-17,5,6,1,9,5,88.89,77.78,20.0,8.11,14.56,4.4,10.89,1.4,1.66,6.4,33.4
PHX,2019-10-17,6,28,14,37,15,94.59,94.59,93.33,3.35,15.08,4.85,6.38,1.2,3.28,1.2,3.0
PHX,2019-10-17,7,32,34,43,35,86.05,81.4,91.43,12.77,17.72,7.33,17.91,2.17,2.13,1.26,4.46
PHX,2019-10-17,8,48,28,49,30,87.76,77.55,90.0,12.78,17.14,6.98,17.53,1.63,2.05,1.43,3.8
PHX,2019-10-17,9,35,49,38,50,86.84,76.32,100.0,6.47,19.11,8.49,12.29,1.82,6.65,1.58,0.84
PHX,2019-10-17,10,49,20,50,22,88.0,76.0,81.82,5.32,19.26,8.89,12.14,1.45,0.67,1.14,13.23
PHX,2019-10-17,11,18,37,21,39,76.19,76.19,97.44,13.0,14.24,4.52,16.95,1.54,0.84,1.56,1.59
PHX,2019-10-17,12,38,31,40,35,92.5,85.0,88.57,3.63,15.28,4.97,6.72,1.54,1.88,1.57,4.31
PHX,2019-10-17,13,32,30,35,31,88.57,85.71,83.87,5.71,14.71,4.33,8.34,2.26,2.11,1.48,15.13
PHX,2019-10-17,14,26,33,26,34,84.62,88.46,91.18,8.5,13.35,3.55,9.88,2.15,1.15,0.35,4.71
PHX,2019-10-17,15,36,26,38,28,86.84,86.84,96.43,11.45,13.58,3.49,13.63,1.07,1.51,0.21,3.46
PHX,2019-10-17,16,26,32,28,36,85.71,82.14,80.56,7.0,11.71,1.88,8.11,1.89,1.1,1.36,10.89
PHX,2019-10-17,17,29,25,30,28,80.0,80.0,85.71,10.6,13.77,3.4,12.63,1.18,1.86,1.5,9.96
PHX,2019-10-17,18,19,34,20,47,80.0,70.0,89.36,7.8,13.95,4.29,11.1,2.72,1.84,1.6,4.26
PHX,2019-10-17,19,29,46,37,50,91.89,89.19,86.0,3.16,14.3,4.55,5.27,1.7,3.58,2.46,10.0
PHX,2019-10-17,20,36,27,43,29,83.72,81.4,89.66,7.63,17.88,7.24,12.21,1.72,2.32,2.48,5.59
PHX,2019-10-17,21,17,31,17,32,94.12,94.12,81.25,3.06,8.47,0.32,2.94,3.44,2.8,4.44,7.41
PHX,2019-10-17,22,9,12,9,13,88.89,88.89,69.23,7.56,12.89,2.43,8.67,0.85,0.94,0.69,16.31
PHX,2019-10-17,23,9,16,9,18,88.89,88.89,88.89,3.89,13.56,3.04,4.56,1.83,1.03,4.89,8.33
PHX,2019-10-18,0,4,1,5,2,80.0,80.0,100.0,4.4,11.6,1.36,5.2,0.0,1.1,2.5,0.5
PHX,2019-10-18,1,1,0,2,0,100.0,100.0,0.0,0.0,12.5,1.45,0.0,0.0,0.0,0.0,0.0
PHX,2019-10-18,2,0,0,0,1,0.0,0.0,0.0,0.0,0.0,0.0,0.0,0.0,1.1,0.0,30.0
PHX,2019-10-18,3,0,0,0,2,0.0,0.0,50.0,0.0,0.0,0.0,0.0,0.0,2.55,6.5,15.0
PHX,2019-10-18,4,0,0,2,5,100.0,100.0,60.0,0.0,11.0,0.7,0.5,1.2,1.06,2.8,8.2
PHX,2019-10-18,5,5,1,7,4,85.71,85.71,50.0,3.57,11.86,1.64,3.43,2.0,1.05,5.0,18.0
PHX,2019-10-18,6,29,14,41,15,87.8,85.37,86.67,5.15,13.56,3.37,7.41,1.4,2.56,2.47,7.27
PHX,2019-10-18,7,32,34,39,34,79.49,76.92,97.06,9.69,15.1,4.59,12.41,2.18,1.57,0.97,5.29
PHX,2019-10-18,8,48,28,48,30,85.42,83.33,76.67,6.63,15.08,4.98,9.83,1.9,3.84,3.43,11.67
PHX,2019-10-18,9,35,49,37,50,64.86,62.16,88.0,29.19,16.24,5.68,33.59,1.22,4.62,0.94,16.24
PHX,2019-10-18,10,48,21,51,21,80.39,66.67,90.48,10.76,16.1,5.79,15.12,1.76,2.37,1.38,3.38
PHX,2019-10-18,11,20,40,21,42,80.95,80.95,92.86,5.81,11.81,2.23,6.57,2.57,1.68,1.17,5.67
PHX,2019-10-18,12,39,31,41,33,78.05,80.49,90.91,18.49,12.44,2.27,19.83,1.79,1.6,2.09,3.24
PHX,2019-10-18,13,34,30,35,32,82.86,82.86,87.5,8.89,12.03,1.51,9.43,2.78,1.5,0.5,15.81
PHX,2019-10-18,14,26,33,28,34,78.57,78.57,82.35,12.64,12.68,3.07,14.54,1.85,1.8,0.44,14.12
PHX,2019-10-18,15,34,26,36,28,66.67,61.11,92.86,20.0,15.47,5.28,23.69,1.14,2.14,0.86,2.18
PHX,2019-10-18,16,28,33,29,36,82.76,79.31,88.89,4.14,12.28,2.57,6.31,2.33,1.5,1.17,6.33
PHX,2019-10-18,17,30,24,31,27,90.32,90.32,88.89,2.9,13.1,3.16,5.13,2.15,1.15,2.07,4.04
PHX,2019-10-18,18,19,35,22,50,77.27,77.27,82.0,8.86,13.09,3.52,10.5,2.38,1.75,1.84,7.7
PHX,2019-10-18,19,30,46,36,49,86.11,77.78,85.71,6.5,13.53,3.75,8.64,1.24,3.88,2.31,11.12
PHX,2019-10-18,20,36,28,40,29,85.0,85.0,82.76,6.85,13.45,2.92,7.68,1.97,2.02,1.31,7.03
PHX,2019-10-18,21,17,32,17,33,88.24,88.24,90.91,4.59,8.71,0.42,4.35,2.06,1.31,0.09,3.3
PHX,2019-10-18,22,9,12,10,12,100.0,100.0,66.67,1.1,10.9,0.9,1.6,0.33,1.22,2.58,10.0
PHX,2019-10-18,23,8,14,9,15,66.67,55.56,93.33,14.67,15.22,4.86,18.11,0.8,3.37,2.33,7.6
PHX,2019-10-19,0,4,1,4,3,100.0,100.0,100.0,0.0,11.25,0.73,0.0,0.0,2.17,0.0,0.33
PHX,2019-10-19,1,1,0,1,0,100.0,100.0,0.0,0.0,11.0,0.0,0.0,0.0,0.0,0.0,0.0
PHX,2019-10-19,2,0,0,0,1,0.0,0.0,100.0,0.0,0.0,0.0,0.0,0.0,1.1,0.0,0.0
PHX,2019-10-19,3,0,0,0,1,0.0,0.0,100.0,0.0,0.0,0.0,0.0,5.0,0.1,6.0,0.0
PHX,2019-10-19,4,0,0,1,1,100.0,100.0,100.0,0.0,24.0,13.4,13.0,0.0,1.1,0.0,14.0
PHX,2019-10-19,5,5,1,6,2,83.33,83.33,50.0,4.33,12.17,1.82,4.83,0.0,0.55,0.0,9.5
PHX,2019-10-19,6,22,13,27,13,92.59,88.89,100.0,1.96,12.67,2.43,3.26,0.31,0.46,0.38,0.0
PHX,2019-10-19,7,29,34,34,34,94.12,88.24,97.06,4.06,15.5,5.04,6.71,1.85,2.61,2.44,1.79
PHX,2019-10-19,8,47,20,48,22,93.75,87.5,95.45,4.5,16.15,6.05,8.46,1.68,1.23,1.77,32.59
PHX,2019-10-19,9,31,44,33,46,93.94,90.91,89.13,2.91,16.06,5.23,6.0,2.57,3.49,1.24,17.91
PHX,2019-10-19,10,43,23,43,24,83.72,81.4,91.67,10.88,15.28,5.15,14.33,1.25,1.5,3.21,5.88
PHX,2019-10-19,11,19,33,19,34,89.47,84.21,91.18,5.16,11.63,1.94,5.95,1.44,1.22,0.59,17.68
PHX,2019-10-19,12,31,28,32,28,100.0,87.5,96.43,1.0,16.38,5.67,4.78,1.93,2.01,1.61,1.54
PHX,2019-10-19,13,29,27,30,27,86.67,86.67,92.59,6.9,13.93,3.19,8.83,2.19,1.93,0.89,4.81
PHX,2019-10-19,14,25,33,25,35,96.0,92.0,85.71,5.32,11.72,1.9,5.92,3.66,1.75,1.57,4.26
PHX,2019-10-19,15,36,26,38,28,86.84,86.84,96.43,10.21,12.66,2.9,11.66,1.93,1.57,1.79,1.43
PHX,2019-10-19,16,25,26,25,27,92.0,84.0,88.89,5.24,11.52,2.34,6.72,1.93,1.52,0.85,7.85
PHX,2019-10-19,17,25,33,27,33,85.19,85.19,90.91,6.96,12.11,1.92,7.74,2.09,1.71,1.33,3.24
PHX,2019-10-19,18,20,33,20,33,90.0,90.0,96.97,4.5,10.0,0.98,4.6,2.79,1.66,1.7,4.48
PHX,2019-10-19,19,22,37,24,38,87.5,83.33,81.58,5.04,13.96,3.93,6.63,2.58,3.41,2.37,14.45
PHX,2019-10-19,20,27,16,27,17,77.78,77.78,88.24,9.37,15.11,3.8,11.11,2.47,1.45,2.41,4.18
PHX,2019-10-19,21,6,21,6,23,83.33,66.67,91.3,13.83,15.5,3.68,15.67,2.35,1.55,0.78,7.48
PHX,2019-10-19,22,7,5,7,6,100.0,85.71,83.33,0.29,13.43,3.24,3.29,0.67,4.4,2.17,4.0
PHX,2019-10-19,23,8,7,9,9,100.0,100.0,77.78,0.0,13.78,3.1,1.33,3.67,0.6,0.67,4.56
PHX,2019-10-20,0,4,3,5,2,100.0,100.0,100.0,0.0,11.6,1.34,0.6,0.0,2.2,0.5,3.0
PHX,2019-10-20,1,1,0,1,0,100.0,100.0,0.0,0.0,11.0,0.0,0.0,0.0,0.0,0.0,0.0
PHX,2019-10-20,2,0,0,0,1,0.0,0.0,100.0,0.0,0.0,0.0,0.0,0.0,1.1,3.0,12.0
PHX,2019-10-20,3,0,0,2,1,50.0,50.0,0.0,13.0,10.0,1.2,11.0,3.0,4.1,12.0,20.0
PHX,2019-10-20,4,0,0,1,0,100.0,100.0,0.0,0.0,18.0,7.4,7.0,0.0,0.0,0.0,0.0
PHX,2019-10-20,5,5,1,6,1,83.33,83.33,100.0,3.5,11.0,0.57,3.83,0.0,0.0,0.0,0.0
PHX,2019-10-20,6,27,11,27,11,92.59,92.59,100.0,29.59,12.04,2.18,30.48,3.18,0.8,0.64,1.27
PHX,2019-10-20,7,29,30,31,30,87.1,80.65,90.0,7.9,15.03,4.55,10.45,2.4,3.57,4.0,49.27
PHX,2019-10-20,8,41,30,43,31,83.72,81.4,93.55,9.09,15.91,5.49,12.67,2.61,2.15,4.06,5.65
PHX,2019-10-20,9,42,38,43,36,90.7,76.74,83.33,5.86,17.44,7.19,11.26,4.36,6.22,4.19,5.39
PHX,2019-10-20,10,32,28,32,30,71.88,65.63,86.67,14.19,19.19,7.77,19.69,1.67,0.73,3.0,8.0
PHX,2019-10-20,11,31,32,31,35,87.1,74.19,85.71,7.42,14.61,5.74,11.52,2.31,1.01,2.34,7.43
PHX,2019-10-20,12,35,36,37,38,81.08,72.97,78.95,11.97,15.68,4.95,15.38,3.37,1.83,3.24,14.05
PHX,2019-10-20,13,37,26,40,26,77.5,70.0,84.62,13.83,12.5,2.6,14.88,2.46,2.81,1.5,10.81
PHX,2019-10-20,14,25,31,26,34,69.23,73.08,79.41,13.31,13.08,3.18,14.92,2.68,1.35,1.91,8.94
PHX,2019-10-20,15,33,28,35,30,71.43,71.43,70.0,16.97,13.51,3.47,18.74,2.67,2.24,4.9,11.1
PHX,2019-10-20,16,29,32,33,35,75.76,69.7,77.14,13.12,12.94,3.68,15.67,2.0,1.57,2.31,11.09
PHX,2019-10-20,17,29,33,30,38,70.0,63.33,68.42,14.23,14.1,3.81,16.8,2.18,1.72,3.05,16.97
PHX,2019-10-20,18,24,34,26,35,69.23,65.38,65.71,21.08,11.35,2.04,22.31,2.8,3.06,4.17,8.97
PHX,2019-10-20,19,27,43,30,45,73.33,66.67,82.22,7.33,14.7,4.75,10.9,2.84,5.06,4.93,17.58
PHX,2019-10-20,20,33,25,34,27,85.29,79.41,70.37,14.35,17.06,6.23,18.06,2.7,1.73,2.59,15.81
PHX,2019-10-20,21,14,32,14,34,64.29,64.29,70.59,27.5,10.29,1.36,27.93,3.12,0.92,2.5,16.94
PHX,2019-10-20,22,17,12,18,11,72.22,72.22,36.36,12.17,9.61,1.23,12.28,1.09,2.14,2.91,79.73
PHX,2019-10-20,23,10,19,10,19,90.0,90.0,47.37,5.6,13.4,2.77,6.9,3.21,3.3,5.42,22.16
PHX,2019-10-21,0,4,1,5,5,80.0,80.0,80.0,3.2,10.8,0.98,3.8,1.2,0.88,2.6,9.4
PHX,2019-10-21,1,1,0,1,0,100.0,100.0,0.0,0.0,9.0,0.0,0.0,0.0,0.0,0.0,0.0
PHX,2019-10-21,2,0,0,0,1,0.0,0.0,100.0,0.0,0.0,0.0,0.0,1.0,1.1,5.0,10.0
PHX,2019-10-21,3,0,0,0,1,0.0,0.0,0.0,0.0,0.0,0.0,0.0,11.0,1.1,15.0,138.0
PHX,2019-10-21,4,0,0,2,0,50.0,50.0,0.0,61.0,13.5,3.2,64.0,0.0,0.0,0.0,0.0
PHX,2019-10-21,5,5,1,7,1,85.71,71.43,100.0,21.0,14.29,3.73,24.0,1.0,0.0,0.0,1.0
PHX,2019-10-21,6,29,14,30,14,90.0,83.33,85.71,8.37,13.7,3.96,10.97,2.29,1.76,6.14,12.79
PHX,2019-10-21,7,32,33,35,33,82.86,80.0,81.82,8.86,16.11,5.78,12.54,2.61,2.13,4.06,7.67
PHX,2019-10-21,8,47,28,48,30,75.0,60.42,90.0,13.92,18.35,8.22,20.65,2.9,2.39,3.53,4.57
PHX,2019-10-21,9,35,49,38,50,81.58,63.16,78.0,14.18,19.03,8.42,20.63,3.42,2.59,1.7,26.28
PHX,2019-10-21,10,48,21,50,20,78.0,66.0,75.0,10.26,16.28,5.99,14.6,2.05,0.49,1.6,11.05
PHX,2019-10-21,11,19,38,18,40,83.33,72.22,77.5,13.39,13.39,3.4,15.39,2.53,0.64,2.83,11.13
PHX,2019-10-21,12,39,31,41,33,82.93,78.05,75.76,9.0,14.78,4.32,11.63,2.09,1.76,3.27,8.12
PHX,2019-10-21,13,33,30,34,31,79.41,73.53,70.97,12.56,14.32,3.87,15.47,1.77,2.69,2.0,14.19
PHX,2019-10-21,14,26,32,29,34,79.31,79.31,79.41,10.72,12.79,2.98,12.07,3.12,3.11,4.0,11.44
PHX,2019-10-21,15,34,26,37,28,64.86,59.46,64.29,21.24,12.81,2.85,22.68,1.43,2.51,4.79,23.71
PHX,2019-10-21,16,27,32,27,33,55.56,51.85,78.79,30.04,12.78,3.09,32.41,1.97,1.44,1.12,25.27
PHX,2019-10-21,17,29,26,29,30,65.52,62.07,80.0,24.93,14.24,3.93,28.07,1.83,2.66,1.73,8.4
PHX,2019-10-21,18,20,36,22,49,72.73,72.73,73.47,9.14,13.59,4.1,11.95,2.92,2.38,2.18,9.98
PHX,2019-10-21,19,30,45,38,50,76.32,76.32,70.0,10.89,13.5,3.63,12.26,2.26,3.89,2.58,16.38
PHX,2019-10-21,20,37,28,42,30,76.19,66.67,70.0,12.64,14.6,3.98,15.07,2.43,1.99,1.5,23.43
PHX,2019-10-21,21,17,32,17,33,52.94,52.94,84.85,18.76,11.24,2.35,19.47,2.52,2.98,1.76,12.12
PHX,2019-10-21,22,9,11,9,12,88.89,88.89,75.0,4.33,10.33,1.19,4.89,1.83,2.12,2.25,17.17
PHX,2019-10-21,23,9,15,10,16,80.0,80.0,62.5,6.8,12.3,1.87,8.0,2.56,0.61,2.31,17.06
PHX,2019-10-22,0,3,1,3,3,100.0,100.0,100.0,0.0,14.0,3.27,2.0,0.0,0.77,0.0,7.33
PHX,2019-10-22,1,1,0,1,0,100.0,100.0,0.0,0.0,10.0,0.0,0.0,0.0,0.0,0.0,0.0
PHX,2019-10-22,2,0,0,0,1,0.0,0.0,100.0,0.0,0.0,0.0,0.0,0.0,1.1,0.0,0.0
PHX,2019-10-22,3,0,0,0,1,0.0,0.0,100.0,0.0,0.0,0.0,0.0,0.0,0.0,1.0,2.0
PHX,2019-10-22,4,0,0,2,5,100.0,100.0,80.0,0.0,11.0,0.7,0.0,0.0,0.46,0.8,5.8
PHX,2019-10-22,5,6,1,11,6,81.82,81.82,50.0,10.27,13.91,3.46,12.36,0.17,0.23,1.5,23.83
PHX,2019-10-22,6,27,12,34,13,82.35,79.41,100.0,7.21,14.18,4.17,9.76,1.0,0.46,0.38,0.0
PHX,2019-10-22,7,30,33,41,34,78.05,78.05,94.12,12.44,16.15,5.73,15.07,1.79,2.09,1.65,2.06
PHX,2019-10-22,8,46,27,47,29,91.49,74.47,79.31,4.57,19.4,9.38,11.53,2.59,1.31,3.72,12.66
PHX,2019-10-22,9,36,48,39,47,89.74,89.74,87.23,6.87,17.21,6.62,12.0,3.55,5.54,3.0,4.79
PHX,2019-10-22,10,47,19,48,18,89.58,75.0,100.0,4.58,16.88,6.61,8.58,1.5,1.72,0.0,0.22
PHX,2019-10-22,11,17,36,18,38,88.89,88.89,92.11,6.06,10.89,1.54,6.72,1.63,0.35,0.42,9.82
PHX,2019-10-22,12,37,31,38,34,89.47,86.84,94.12,13.32,14.32,3.95,15.18,3.41,1.11,1.65,6.65
PHX,2019-10-22,13,32,31,34,32,88.24,82.35,93.75,8.09,15.59,5.04,11.44,1.72,0.64,0.78,3.13
PHX,2019-10-22,14,28,31,28,33,100.0,96.43,93.94,1.54,12.57,2.81,2.79,3.03,3.09,1.0,5.76
PHX,2019-10-22,15,33,26,34,29,97.06,97.06,86.21,1.12,13.38,3.35,2.12,1.14,2.51,1.72,8.86
PHX,2019-10-22,16,26,31,27,32,85.19,81.48,87.5,7.07,10.7,1.63,7.89,1.38,1.48,0.38,5.78
PHX,2019-10-22,17,27,26,28,31,82.14,78.57,87.1,11.04,14.57,4.33,13.29,1.77,2.06,1.68,6.29
PHX,2019-10-22,18,20,35,21,52,76.19,76.19,78.85,11.1,12.29,2.72,12.81,2.52,1.2,1.85,8.92
PHX,2019-10-22,19,30,45,39,47,89.74,87.18,91.49,7.69,15.44,5.64,10.56,1.85,2.89,0.72,7.6
PHX,2019-10-22,20,35,26,40,27,82.5,82.5,77.78,12.33,14.15,3.9,13.6,2.11,1.31,1.33,8.41
PHX,2019-10-22,21,17,30,17,31,70.59,76.47,74.19,8.29,9.65,0.99,8.12,1.65,2.35,1.06,11.16
PHX,2019-10-22,22,9,12,9,12,88.89,88.89,91.67,2.0,13.56,3.34,3.89,0.25,1.5,1.5,8.67
PHX,2019-10-22,23,9,15,9,16,100.0,100.0,81.25,0.0,17.22,6.06,1.22,2.19,2.39,1.25,4.88
PHX,2019-10-23,0,3,1,4,3,75.0,75.0,66.67,7.75,14.25,3.4,9.25,10.33,2.17,3.67,39.0
PHX,2019-10-23,1,1,0,1,0,100.0,100.0,0.0,0.0,13.0,1.9,0.0,0.0,0.0,0.0,0.0
PHX,2019-10-23,2,0,0,0,1,0.0,0.0,0.0,0.0,0.0,0.0,0.0,1.0,1.1,4.0,37.0
PHX,2019-10-23,3,0,0,0,1,0.0,0.0,100.0,0.0,0.0,0.0,0.0,0.0,3.1,6.0,3.0
PHX,2019-10-23,4,0,0,2,5,100.0,100.0,40.0,0.0,17.5,6.9,4.0,1.0,5.1,5.8,15.6
PHX,2019-10-23,5,5,1,8,4,87.5,75.0,50.0,7.25,16.63,5.85,10.38,1.25,2.57,2.75,30.25
PHX,2019-10-23,6,29,13,39,15,92.31,87.18,93.33,4.1,16.46,5.98,7.77,1.87,0.92,0.73,5.2
PHX,2019-10-23,7,31,33,44,35,84.09,77.27,97.14,10.91,16.82,6.33,14.5,2.03,3.48,2.46,2.51
PHX,2019-10-23,8,46,26,47,26,93.62,82.98,92.31,4.11,17.47,7.39,9.62,3.0,1.81,2.0,6.19
PHX,2019-10-23,9,35,49,35,52,85.71,68.57,80.77,7.43,17.83,7.08,12.49,3.37,4.0,3.56,7.62
PHX,2019-10-23,10,48,21,51,20,84.31,78.43,85.0,6.43,16.04,5.59,9.96,2.6,1.02,2.45,7.4
PHX,2019-10-23,11,20,38,21,40,76.19,71.43,87.5,10.05,13.1,3.66,12.38,2.28,0.58,1.75,6.75
PHX,2019-10-23,12,38,31,40,34,82.5,80.0,88.24,8.4,15.6,5.08,11.68,3.5,0.54,4.06,6.53
PHX,2019-10-23,13,33,30,36,30,83.33,77.78,90.0,7.83,15.33,4.67,11.11,3.27,1.7,1.77,3.1
PHX,2019-10-23,14,27,32,30,35,83.33,86.67,82.86,7.77,14.27,4.31,10.43,3.26,1.55,2.11,11.09
PHX,2019-10-23,15,34,26,35,28,88.57,82.86,82.14,5.37,14.0,3.7,7.66,1.93,1.07,2.39,5.46
PHX,2019-10-23,16,26,31,26,33,88.46,88.46,93.94,9.65,12.15,2.96,11.46,1.76,1.03,1.09,3.27
PHX,2019-10-23,17,28,27,30,33,83.33,83.33,78.79,5.2,11.43,1.62,5.63,1.88,1.38,1.76,8.97
PHX,2019-10-23,18,21,36,21,51,80.95,80.95,78.43,6.29,11.9,2.53,8.14,2.16,1.51,1.94,9.16
PHX,2019-10-23,19,31,46,40,51,90.0,90.0,80.39,3.85,14.83,5.02,6.2,2.51,4.1,3.73,11.67
PHX,2019-10-23,20,37,28,42,29,80.95,73.81,79.31,10.17,14.79,4.24,11.95,2.97,1.13,4.03,6.17
PHX,2019-10-23,21,17,30,17,31,100.0,100.0,87.1,1.41,11.24,2.21,2.0,4.45,2.22,3.39,11.58
PHX,2019-10-23,22,9,13,10,13,90.0,80.0,92.31,5.9,15.2,4.6,7.8,1.54,1.5,5.38,4.92
PHX,2019-10-23,23,9,14,9,15,100.0,100.0,86.67,0.44,11.78,1.08,0.67,1.27,0.78,2.53,5.27
PHX,2019-10-24,0,4,0,5,3,80.0,80.0,100.0,3.8,11.4,1.16,4.4,1.33,0.8,3.0,0.0
PHX,2019-10-24,1,1,0,1,0,100.0,100.0,0.0,2.0,14.0,2.9,5.0,0.0,0.0,0.0,0.0
PHX,2019-10-24,2,0,0,0,2,0.0,0.0,50.0,0.0,0.0,0.0,0.0,2.5,0.75,4.0,34.5
PHX,2019-10-24,3,0,0,0,1,0.0,0.0,100.0,0.0,0.0,0.0,0.0,0.0,1.1,4.0,6.0
PHX,2019-10-24,4,0,0,2,6,100.0,100.0,50.0,0.0,12.5,1.9,0.5,0.67,1.93,3.5,19.17
PHX,2019-10-24,5,6,1,9,5,88.89,88.89,40.0,4.56,11.33,0.93,4.44,2.8,0.82,4.6,22.4
PHX,2019-10-24,6,28,14,37,14,86.49,81.08,92.86,3.11,15.32,5.06,6.35,3.0,1.08,1.86,3.21
PHX,2019-10-24,7,32,34,42,35,83.33,80.95,91.43,6.12,16.62,6.07,9.81,3.46,1.29,2.14,11.63
PHX,2019-10-24,8,48,27,50,29,88.0,72.0,79.31,5.34,19.92,9.76,12.9,3.59,2.0,3.17,5.62
PHX,2019-10-24,9,35,50,37,50,91.89,72.97,94.0,8.62,19.76,9.04,14.97,2.8,5.09,2.36,2.78
PHX,2019-10-24,10,49,20,49,23,83.67,75.51,95.65,6.31,18.47,8.01,12.04,2.09,2.26,2.7,1.26
PHX,2019-10-24,11,18,37,20,37,100.0,100.0,91.89,0.4,13.45,3.92,2.8,2.16,0.91,2.16,3.73
PHX,2019-10-24,12,38,31,40,32,85.0,80.0,87.5,16.13,14.93,4.41,19.08,3.78,1.68,2.53,3.75
PHX,2019-10-24,13,32,30,32,32,87.5,84.38,87.5,4.56,15.63,4.83,7.34,2.13,0.54,1.97,8.28
PHX,2019-10-24,14,26,33,27,34,77.78,62.96,85.29,10.37,16.74,6.57,15.41,1.82,1.04,3.5,6.71
PHX,2019-10-24,15,36,26,40,29,65.0,62.5,72.41,15.83,14.15,3.86,18.35,3.21,0.53,1.97,16.93
PHX,2019-10-24,16,26,32,26,34,76.92,76.92,82.35,15.31,13.12,3.31,17.42,3.32,0.89,2.35,11.06
PHX,2019-10-24,17,29,25,30,29,76.67,73.33,68.97,13.47,13.43,3.19,15.43,1.72,1.13,2.45,14.83
PHX,2019-10-24,18,19,35,20,51,65.0,55.0,68.63,22.7,14.95,5.05,27.25,2.78,0.82,2.33,12.75
PHX,2019-10-24,19,30,46,41,47,70.73,68.29,63.83,14.0,15.8,5.9,17.88,3.83,1.73,1.45,25.68
PHX,2019-10-24,20,36,27,40,28,77.5,67.5,82.14,21.98,17.43,6.8,26.35,1.5,1.58,1.04,14.82
PHX,2019-10-24,21,17,31,17,32,76.47,76.47,81.25,11.24,13.06,3.56,13.35,1.88,0.56,0.38,16.06
PHX,2019-10-24,22,9,12,10,13,70.0,60.0,69.23,9.1,12.9,2.8,11.0,3.08,0.74,2.15,20.15
PHX,2019-10-24,23,9,16,10,17,100.0,100.0,82.35,1.3,14.0,3.55,3.3,2.24,1.68,0.88,17.53
PHX,2019-10-25,0,4,1,4,2,75.0,75.0,100.0,29.5,12.25,1.45,29.75,0.0,0.1,0.0,0.0
PHX,2019-10-25,1,1,0,1,1,100.0,100.0,0.0,0.0,13.0,1.9,0.0,6.0,0.1,9.0,39.0
PHX,2019-10-25,2,0,0,0,0,0.0,0.0,0.0,0.0,0.0,0.0,0.0,0.0,0.0,0.0,0.0
PHX,2019-10-25,3,0,0,0,2,0.0,0.0,100.0,0.0,0.0,0.0,0.0,0.0,1.1,7.0,3.0
PHX,2019-10-25,4,0,0,2,4,100.0,100.0,50.0,0.0,11.0,0.7,0.0,0.75,1.1,5.0,16.25
PHX,2019-10-25,5,5,1,7,5,71.43,71.43,40.0,21.14,13.43,3.13,22.43,2.8,1.26,5.4,20.0
PHX,2019-10-25,6,29,14,36,15,91.67,88.89,93.33,3.25,13.47,3.43,4.86,1.27,0.33,2.2,3.67
PHX,2019-10-25,7,32,34,41,34,78.05,78.05,85.29,10.71,15.83,5.24,14.22,1.59,1.58,1.35,25.91
PHX,2019-10-25,8,48,28,49,29,83.67,71.43,96.55,9.22,16.88,6.73,14.47,1.66,2.2,1.72,2.59
PHX,2019-10-25,9,35,49,38,49,89.47,71.05,83.67,13.16,19.87,9.25,20.84,2.63,4.14,0.88,24.14
PHX,2019-10-25,10,48,21,48,21,83.33,56.25,80.95,13.48,20.65,10.31,22.08,2.14,0.97,1.0,13.9
PHX,2019-10-25,11,20,40,20,42,80.0,80.0,85.71,10.3,12.35,2.74,11.6,1.74,1.16,1.52,8.12
PHX,2019-10-25,12,39,31,42,34,73.81,71.43,76.47,17.12,15.48,4.96,20.9,2.85,2.24,1.82,18.15
PHX,2019-10-25,13,34,30,36,31,86.11,77.78,87.1,9.67,15.92,5.25,13.36,2.71,0.66,0.71,12.74
PHX,2019-10-25,14,26,33,26,34,88.46,84.62,85.29,12.15,14.85,4.77,15.08,2.53,0.51,1.03,7.09
PHX,2019-10-25,15,34,26,35,27,85.71,85.71,88.89,7.77,15.29,4.91,10.66,3.26,1.29,1.74,11.11
PHX,2019-10-25,16,28,32,28,33,75.0,71.43,81.82,13.46,13.82,3.71,16.43,2.64,1.08,1.15,13.27
PHX,2019-10-25,17,29,25,30,27,70.0,70.0,88.89,26.6,14.17,3.85,29.23,1.41,1.2,0.56,12.19
PHX,2019-10-25,18,20,35,22,50,68.18,68.18,66.0,10.64,12.95,3.15,11.82,1.86,1.99,1.6,20.16
PHX,2019-10-25,19,30,46,37,48,67.57,62.16,79.17,24.3,15.11,5.31,28.22,2.6,1.98,0.9,15.31
PHX,2019-10-25,20,36,28,39,30,84.62,79.49,93.33,8.64,16.26,5.47,11.82,2.6,2.25,1.7,5.87
PHX,2019-10-25,21,17,32,18,33,88.89,88.89,87.88,10.33,11.67,2.11,11.17,1.42,1.48,1.48,5.79
PHX,2019-10-25,22,9,12,9,12,88.89,88.89,91.67,13.78,14.0,3.44,16.11,1.0,0.21,0.0,4.83
PHX,2019-10-25,23,8,14,9,16,88.89,77.78,87.5,4.67,14.0,3.64,7.78,1.0,1.16,1.38,7.44
PHX,2019-10-26,0,4,1,5,3,80.0,80.0,100.0,5.0,12.4,1.94,4.2,0.0,0.83,0.33,1.67
PHX,2019-10-26,1,1,0,1,1,100.0,100.0,0.0,0.0,16.0,4.9,4.0,1.0,0.1,3.0,50.0
PHX,2019-10-26,2,0,0,0,0,0.0,0.0,0.0,0.0,0.0,0.0,0.0,0.0,0.0,0.0,0.0
PHX,2019-10-26,3,0,0,0,0,0.0,0.0,0.0,0.0,0.0,0.0,0.0,0.0,0.0,0.0,0.0
PHX,2019-10-26,4,0,0,1,2,100.0,100.0,100.0,0.0,10.0,0.0,0.0,0.5,2.1,3.0,2.5
PHX,2019-10-26,5,5,1,7,2,100.0,100.0,50.0,0.14,11.14,2.11,1.0,0.0,1.55,5.5,19.5
PHX,2019-10-26,6,22,13,28,13,92.86,89.29,92.31,2.0,13.71,3.7,4.14,0.77,1.18,0.08,8.08
PHX,2019-10-26,7,29,34,33,32,87.88,87.88,90.63,10.94,15.0,4.51,13.33,1.84,2.3,1.56,27.94
PHX,2019-10-26,8,47,20,47,22,85.11,80.85,95.45,5.53,15.7,5.49,9.17,2.23,2.0,1.41,1.82
PHX,2019-10-26,9,31,44,30,46,90.0,80.0,84.78,8.17,15.43,4.6,11.57,2.41,6.1,2.26,5.74
PHX,2019-10-26,10,43,22,43,22,88.37,83.72,100.0,5.65,15.4,5.18,8.74,0.82,1.72,0.5,0.95
PHX,2019-10-26,11,18,34,19,36,100.0,100.0,83.33,1.0,12.32,2.8,2.26,1.69,1.54,0.58,23.56
PHX,2019-10-26,12,32,26,33,27,93.94,93.94,92.59,2.58,13.64,3.11,4.42,1.48,1.85,1.89,3.67
PHX,2019-10-26,13,28,27,28,27,89.29,85.71,92.59,3.57,14.07,3.37,5.61,1.44,1.6,0.56,6.74
PHX,2019-10-26,14,24,34,24,34,87.5,87.5,97.06,9.92,11.25,1.4,9.83,2.12,2.48,0.47,2.97
PHX,2019-10-26,15,35,26,36,27,86.11,83.33,81.48,5.47,10.78,1.38,5.97,6.59,1.25,5.33,14.56
PHX,2019-10-26,16,27,26,27,27,85.19,81.48,96.3,9.89,11.26,2.1,11.37,1.93,2.24,0.67,3.48
PHX,2019-10-26,17,24,32,26,33,92.31,92.31,81.82,4.81,11.31,1.37,5.15,2.39,2.11,1.33,9.24
PHX,2019-10-26,18,21,33,21,36,76.19,71.43,86.11,11.33,9.81,1.02,11.43,2.11,2.06,1.19,6.72
PHX,2019-10-26,19,21,37,23,37,78.26,78.26,83.78,13.39,12.13,2.24,14.57,1.16,5.49,2.7,7.7
PHX,2019-10-26,20,27,17,28,17,82.14,85.71,82.35,15.32,13.96,2.57,16.07,1.71,2.77,0.71,8.88
PHX,2019-10-26,21,7,20,7,21,100.0,100.0,95.24,0.0,17.86,5.93,2.29,1.57,2.82,1.48,1.86
PHX,2019-10-26,22,7,5,8,6,62.5,62.5,66.67,15.25,14.13,2.64,16.88,2.17,0.27,1.67,12.0
PHX,2019-10-26,23,8,8,8,8,100.0,100.0,100.0,0.88,13.63,3.06,1.63,3.63,0.65,1.25,0.38
PHX,2019-10-27,0,4,3,5,2,100.0,100.0,100.0,0.0,11.8,1.16,0.6,1.0,1.7,5.0,0.0
PHX,2019-10-27,1,1,0,1,0,100.0,100.0,0.0,0.0,11.0,0.0,0.0,0.0,0.0,0.0,0.0
PHX,2019-10-27,2,0,0,0,1,0.0,0.0,0.0,0.0,0.0,0.0,0.0,3.0,1.1,7.0,51.0
PHX,2019-10-27,3,0,0,1,2,100.0,100.0,100.0,0.0,12.0,1.4,0.0,0.0,1.6,2.5,0.0
PHX,2019-10-27,4,0,0,2,0,100.0,100.0,0.0,0.0,9.0,0.0,0.0,0.0,0.0,0.0,0.0
PHX,2019-10-27,5,8,1,9,1,88.89,77.78,100.0,1.67,13.56,3.12,3.78,0.0,0.0,0.0,0.0
PHX,2019-10-27,6,23,11,23,11,95.65,95.65,100.0,1.3,12.7,2.87,2.48,1.18,1.14,0.27,0.73
PHX,2019-10-27,7,28,30,29,31,93.1,82.76,87.1,3.62,15.1,4.59,6.31,1.06,2.61,3.87,13.52
PHX,2019-10-27,8,39,28,40,29,82.5,80.0,79.31,15.78,16.4,5.92,19.4,1.93,2.85,4.66,11.83
PHX,2019-10-27,9,43,40,44,41,81.82,70.45,82.93,10.48,16.8,6.61,15.25,3.32,4.47,3.22,4.85
PHX,2019-10-27,10,34,29,38,29,84.21,76.32,86.21,6.32,18.34,6.98,10.68,1.48,0.78,5.97,7.38
PHX,2019-10-27,11,31,29,31,30,83.87,83.87,83.33,8.45,11.9,3.03,10.55,1.6,1.64,2.83,5.2
PHX,2019-10-27,12,34,37,36,38,77.78,75.0,86.84,14.0,14.36,3.74,16.22,2.37,3.82,3.32,9.55
PHX,2019-10-27,13,37,27,40,28,75.0,72.5,67.86,15.53,14.18,4.17,19.02,1.61,2.81,2.96,17.21
PHX,2019-10-27,14,26,31,28,33,71.43,67.86,66.67,13.04,14.43,4.59,16.11,3.0,1.8,6.45,14.79
PHX,2019-10-27,15,32,29,35,31,57.14,54.29,77.42,23.4,14.23,4.05,26.4,1.19,2.19,2.77,12.35
PHX,2019-10-27,16,31,30,31,34,67.74,64.52,82.35,18.42,12.19,2.57,19.81,2.03,1.37,1.79,6.74
PHX,2019-10-27,17,28,34,31,37,77.42,74.19,72.97,8.45,13.61,3.63,10.81,2.65,2.11,3.0,19.89
PHX,2019-10-27,18,25,36,26,37,84.62,80.77,67.57,6.96,12.69,3.09,8.85,3.49,1.89,1.76,17.05
PHX,2019-10-27,19,25,42,28,43,64.29,67.86,79.07,25.43,11.71,2.29,25.71,2.26,1.92,3.05,11.0
PHX,2019-10-27,20,33,28,33,30,72.73,72.73,60.0,12.45,12.76,2.19,13.27,1.47,2.32,5.73,14.9
PHX,2019-10-27,21,14,30,14,32,78.57,78.57,75.0,10.86,9.36,0.78,10.43,3.13,4.19,3.91,11.78
PHX,2019-10-27,22,18,13,19,13,47.37,47.37,76.92,26.11,10.68,2.05,26.63,0.69,4.58,3.08,16.08
PHX,2019-10-27,23,12,17,13,18,76.92,76.92,55.56,11.85,12.0,1.63,12.77,1.5,2.76,9.94,22.44
PHX,2019-10-28,0,5,1,5,4,40.0,40.0,100.0,16.8,10.6,0.44,16.6,3.0,0.03,0.0,7.5
PHX,2019-10-28,1,1,0,1,0,100.0,100.0,0.0,0.0,11.0,0.0,0.0,0.0,0.0,0.0,0.0
PHX,2019-10-28,2,0,0,0,1,0.0,0.0,100.0,0.0,0.0,0.0,0.0,0.0,1.1,0.0,6.0
PHX,2019-10-28,3,0,0,0,0,0.0,0.0,0.0,0.0,0.0,0.0,0.0,0.0,0.0,0.0,0.0
PHX,2019-10-28,4,0,0,2,1,100.0,100.0,100.0,0.0,18.0,7.4,7.0,0.0,1.1,0.0,0.0
PHX,2019-10-28,5,8,1,10,1,80.0,80.0,100.0,31.5,11.9,1.55,32.6,0.0,1.9,2.0,0.0
PHX,2019-10-28,6,25,14,28,14,89.29,89.29,92.86,4.82,10.86,1.42,5.71,1.29,1.84,1.43,3.29
PHX,2019-10-28,7,32,33,32,33,75.0,75.0,81.82,14.56,13.16,3.11,16.63,2.3,3.55,6.18,6.03
PHX,2019-10-28,8,47,27,47,27,80.85,72.34,70.37,9.72,15.19,5.33,13.7,2.04,3.91,7.96,33.56
PHX,2019-10-28,9,34,51,34,51,67.65,55.88,80.39,12.24,16.32,6.06,16.65,2.08,6.76,4.39,11.2
PHX,2019-10-28,10,50,20,51,22,82.35,76.47,90.91,14.45,14.0,3.74,16.69,1.09,1.65,2.36,5.14
PHX,2019-10-28,11,17,39,17,41,76.47,76.47,78.05,10.06,12.12,2.91,11.71,2.78,1.05,7.0,14.83
PHX,2019-10-28,12,41,30,43,32,79.07,81.4,71.88,10.09,13.93,3.67,11.98,1.97,2.42,3.19,15.72
PHX,2019-10-28,13,33,32,35,33,82.86,80.0,63.64,12.94,12.86,2.45,14.23,1.97,1.49,1.67,12.24
PHX,2019-10-28,14,27,31,30,32,80.0,76.67,78.13,10.77,11.37,1.59,11.3,2.72,1.68,1.09,14.03
PHX,2019-10-28,15,32,28,35,28,71.43,71.43,89.29,13.97,11.2,1.49,14.54,1.32,2.36,1.36,5.39
PHX,2019-10-28,16,30,28,32,30,87.5,84.38,93.33,6.09,11.53,1.75,6.91,1.8,1.27,1.8,2.93
PHX,2019-10-28,17,26,26,27,32,88.89,88.89,78.13,4.11,10.96,1.37,4.48,2.28,2.21,2.5,17.44
PHX,2019-10-28,18,23,37,27,51,77.78,77.78,86.27,15.3,13.52,3.49,18.11,2.49,1.5,1.37,5.75
PHX,2019-10-28,19,27,45,36,46,88.89,88.89,91.3,3.75,12.97,3.38,4.56,2.98,2.74,3.65,5.76
PHX,2019-10-28,20,36,30,40,31,77.5,77.5,70.97,11.23,13.38,3.1,12.85,2.84,3.17,6.39,13.42
PHX,2019-10-28,21,17,29,17,31,58.82,58.82,77.42,17.71,9.35,0.91,17.53,3.13,3.2,4.19,8.61
PHX,2019-10-28,22,10,12,12,13,91.67,91.67,84.62,5.25,11.17,1.32,5.92,1.54,1.62,6.62,6.15
PHX,2019-10-28,23,9,14,10,15,90.0,80.0,80.0,9.2,12.6,1.76,9.7,1.87,1.89,0.27,8.47
PHX,2019-10-29,0,3,1,3,4,100.0,100.0,100.0,0.0,10.67,0.63,0.0,0.0,0.88,2.75,2.5
PHX,2019-10-29,1,1,0,1,0,100.0,100.0,0.0,8.0,7.0,0.0,4.0,0.0,0.0,0.0,0.0
PHX,2019-10-29,2,0,0,0,2,0.0,0.0,50.0,0.0,0.0,0.0,0.0,0.0,0.55,6.0,21.5
PHX,2019-10-29,3,0,0,0,1,0.0,0.0,100.0,0.0,0.0,0.0,0.0,0.0,0.0,1.0,0.0
PHX,2019-10-29,4,0,0,1,5,0.0,0.0,60.0,28.0,11.0,0.4,28.0,1.0,0.06,6.2,8.0
PHX,2019-10-29,5,9,1,12,3,75.0,75.0,66.67,8.33,11.58,1.6,7.83,1.33,1.07,6.33,7.33
PHX,2019-10-29,6,23,12,30,12,83.33,83.33,75.0,11.77,13.7,3.8,14.1,2.5,2.66,3.25,6.0
PHX,2019-10-29,7,30,32,42,38,76.19,73.81,78.95,14.05,14.9,4.52,16.69,2.03,3.17,7.05,11.95
PHX,2019-10-29,8,45,26,44,28,79.55,68.18,67.86,14.61,17.43,7.23,19.73,3.61,3.07,14.21,17.29
PHX,2019-10-29,9,35,50,38,51,76.32,68.42,74.51,14.13,17.16,6.74,18.66,3.06,2.65,4.24,16.53
PHX,2019-10-29,10,50,20,49,21,85.71,75.51,76.19,17.59,16.29,6.07,21.78,2.76,0.25,5.38,14.71
PHX,2019-10-29,11,17,36,16,36,43.75,37.5,77.78,22.75,14.5,5.16,26.56,2.53,2.65,4.61,7.28
PHX,2019-10-29,12,37,30,40,33,75.0,75.0,66.67,11.05,13.1,2.96,12.78,2.76,2.63,4.79,8.82
PHX,2019-10-29,13,32,34,33,33,69.7,69.7,78.79,13.7,13.55,3.32,15.27,1.85,2.32,3.06,12.88
PHX,2019-10-29,14,27,30,30,29,80.0,70.0,89.66,8.57,14.77,4.9,11.8,1.93,2.04,1.66,5.14
PHX,2019-10-29,15,32,28,33,30,81.82,78.79,83.33,7.76,11.64,1.63,8.48,2.8,1.23,3.27,15.43
PHX,2019-10-29,16,30,28,29,30,79.31,79.31,83.33,14.76,11.0,1.3,14.97,5.3,1.6,7.1,26.1
PHX,2019-10-29,17,26,26,27,32,92.59,92.59,65.63,5.56,11.81,1.79,6.19,2.38,2.02,8.81,22.88
PHX,2019-10-29,18,20,35,22,51,63.64,59.09,66.67,50.73,13.86,4.17,54.23,2.61,1.64,4.18,14.75
PHX,2019-10-29,19,27,44,33,46,66.67,66.67,71.74,10.3,12.52,3.18,11.91,4.54,2.68,6.24,26.74
PHX,2019-10-29,20,35,29,40,27,55.0,52.5,55.56,24.33,13.63,3.3,25.68,2.52,1.66,6.15,21.37
PHX,2019-10-29,21,18,29,19,30,68.42,68.42,73.33,19.68,8.79,0.95,19.74,3.07,2.29,4.63,14.3
PHX,2019-10-29,22,8,11,7,13,85.71,85.71,53.85,3.86,14.29,3.23,4.43,2.46,1.15,8.54,75.0
PHX,2019-10-29,23,10,14,12,15,83.33,83.33,66.67,4.25,13.0,2.57,4.75,3.93,1.35,6.47,25.87
PHX,2019-10-30,0,3,1,3,3,100.0,100.0,100.0,0.33,12.33,1.6,1.0,0.33,2.5,4.67,3.67
PHX,2019-10-30,1,1,0,1,0,100.0,100.0,0.0,0.0,10.0,0.0,0.0,0.0,0.0,0.0,0.0
PHX,2019-10-30,2,0,0,0,2,0.0,0.0,100.0,0.0,0.0,0.0,0.0,0.0,0.1,0.0,0.0
PHX,2019-10-30,3,0,0,0,1,0.0,0.0,0.0,0.0,0.0,0.0,0.0,0.0,0.0,6.0,38.0
PHX,2019-10-30,4,0,0,2,5,100.0,100.0,0.0,6.0,11.5,0.9,6.5,2.6,0.9,2.0,29.2
PHX,2019-10-30,5,8,1,11,4,72.73,72.73,50.0,11.91,13.64,3.17,12.82,0.75,0.78,2.5,17.25
PHX,2019-10-30,6,27,13,35,13,71.43,68.57,84.62,27.31,16.26,5.96,31.83,2.62,0.69,5.38,9.23
PHX,2019-10-30,7,29,33,38,34,81.58,65.79,76.47,9.66,19.11,8.48,16.11,3.21,1.95,6.85,9.32
PHX,2019-10-30,8,39,22,40,23,85.0,75.0,78.26,6.08,15.93,6.02,10.35,14.57,2.22,17.3,33.52
PHX,2019-10-30,9,21,46,24,48,70.83,70.83,72.92,23.83,14.54,4.4,26.96,3.83,2.5,8.31,12.83
PHX,2019-10-30,10,47,21,46,21,82.61,78.26,71.43,10.83,15.41,5.3,14.3,1.9,0.25,7.24,15.86
PHX,2019-10-30,11,19,34,21,35,66.67,66.67,80.0,18.48,14.33,4.81,22.43,1.63,0.99,4.09,12.26
PHX,2019-10-30,12,32,27,32,28,81.25,78.13,57.14,8.0,14.06,3.72,10.25,3.43,0.56,5.93,18.64
PHX,2019-10-30,13,34,30,36,30,77.78,61.11,80.0,8.72,17.22,6.59,13.81,1.8,1.1,2.7,8.07
PHX,2019-10-30,14,27,25,27,25,74.07,74.07,76.0,12.48,13.81,3.46,14.59,3.52,1.73,4.2,15.88
PHX,2019-10-30,15,30,27,31,29,80.65,70.97,72.41,7.32,15.19,4.89,10.61,3.72,0.82,4.83,10.9
PHX,2019-10-30,16,27,24,27,26,70.37,70.37,73.08,10.04,12.15,2.25,11.52,3.35,0.98,3.12,11.54
PHX,2019-10-30,17,25,26,27,33,88.89,85.19,60.61,7.85,14.33,3.89,10.11,3.06,1.15,4.64,16.18
PHX,2019-10-30,18,20,34,20,51,70.0,70.0,66.67,17.35,13.1,3.23,19.25,4.04,0.53,3.33,16.39
PHX,2019-10-30,19,26,41,36,45,61.11,61.11,66.67,23.0,13.83,3.99,25.58,4.33,1.87,5.0,13.53
PHX,2019-10-30,20,37,28,42,27,80.95,64.29,62.96,8.43,18.0,7.25,13.55,2.59,2.43,2.59,16.48
PHX,2019-10-30,21,18,28,20,30,65.0,65.0,80.0,17.45,13.65,4.15,19.45,2.23,2.01,1.03,6.4
PHX,2019-10-30,22,8,8,8,8,100.0,100.0,87.5,3.63,13.13,2.56,4.88,1.25,2.38,4.75,5.63
PHX,2019-10-30,23,8,16,10,16,80.0,80.0,43.75,10.3,12.7,2.6,12.0,2.5,1.28,2.94,18.0
PHX,2019-10-31,0,4,0,4,4,25.0,25.0,50.0,22.5,13.25,2.68,23.25,2.0,1.2,1.5,47.0
PHX,2019-10-31,1,1,0,2,0,0.0,0.0,0.0,28.0,12.5,1.45,29.5,0.0,0.0,0.0,0.0
PHX,2019-10-31,2,0,0,1,1,100.0,100.0,100.0,0.0,10.0,0.0,0.0,2.0,0.1,5.0,14.0
PHX,2019-10-31,3,0,0,0,1,0.0,0.0,100.0,0.0,0.0,0.0,0.0,0.0,0.1,3.0,1.0
PHX,2019-10-31,4,0,0,2,6,100.0,100.0,16.67,0.0,12.5,1.9,0.0,2.17,1.42,4.83,28.33
PHX,2019-10-31,5,9,1,12,6,75.0,66.67,33.33,8.25,12.33,1.8,9.08,1.5,0.08,4.0,27.5
PHX,2019-10-31,6,23,15,30,16,80.0,73.33,87.5,6.77,13.83,4.15,10.0,1.44,0.51,3.81,3.88
PHX,2019-10-31,7,29,34,39,36,69.23,66.67,86.11,12.18,16.15,5.62,15.67,2.11,1.27,3.53,8.44
PHX,2019-10-31,8,43,22,45,25,86.67,82.22,84.0,9.02,18.44,8.28,15.49,2.2,2.7,1.96,5.16
PHX,2019-10-31,9,28,49,28,48,82.14,71.43,91.67,8.36,17.54,6.97,14.21,3.15,3.4,1.02,11.6
PHX,2019-10-31,10,51,19,49,20,85.71,71.43,85.0,6.31,16.82,6.5,11.12,1.1,1.06,5.65,9.6
PHX,2019-10-31,11,16,35,18,35,94.44,94.44,94.29,4.22,12.28,2.98,6.17,1.83,1.19,3.11,5.09
PHX,2019-10-31,12,32,29,35,34,85.71,82.86,76.47,12.66,13.66,3.27,14.97,7.06,0.42,9.06,18.15
PHX,2019-10-31,13,33,31,35,34,77.14,77.14,85.29,16.86,15.23,4.78,20.0,1.53,0.75,0.5,6.65
PHX,2019-10-31,14,26,28,32,27,78.13,78.13,77.78,11.63,13.63,3.45,13.63,3.07,0.99,1.44,8.67
PHX,2019-10-31,15,30,29,32,30,84.38,75.0,76.67,7.03,15.5,5.17,10.53,3.47,0.52,5.17,17.9
PHX,2019-10-31,16,24,23,26,26,69.23,69.23,73.08,13.62,11.5,1.73,14.42,2.46,0.79,2.77,12.92
PHX,2019-10-31,17,24,27,23,29,95.65,91.3,82.76,1.96,13.91,3.39,4.17,1.48,0.72,1.0,18.31
PHX,2019-10-31,18,16,31,17,42,94.12,94.12,64.29,4.94,13.35,3.91,6.82,1.81,1.24,4.38,16.29
PHX,2019-10-31,19,25,33,33,37,66.67,63.64,70.27,13.82,13.97,4.28,16.91,2.43,2.49,4.7,29.43
PHX,2019-10-31,20,33,25,37,28,67.57,51.35,71.43,12.92,20.7,10.01,20.08,4.11,1.39,2.93,28.57
PHX,2019-10-31,21,17,26,19,26,57.89,57.89,73.08,55.16,13.95,4.53,58.26,3.62,2.23,2.12,11.96
PHX,2019-10-31,22,7,9,7,9,85.71,85.71,77.78,6.0,13.86,3.14,7.29,0.89,2.31,12.0,14.89
PHX,2019-10-31,23,9,14,9,15,77.78,77.78,53.33,15.0,12.56,2.21,16.0,1.53,0.26,4.27,61.13
PHX,2019-11-01,0,4,1,5,2,60.0,60.0,100.0,9.8,12.8,2.22,11.8,0.0,0.1,0.0,5.0
PHX,2019-11-01,1,1,0,1,0,100.0,100.0,0.0,5.0,10.0,0.0,4.0,0.0,0.0,0.0,0.0
PHX,2019-11-01,2,0,0,1,2,100.0,100.0,50.0,0.0,10.0,0.0,0.0,0.0,0.1,0.0,13.5
PHX,2019-11-01,3,0,0,0,1,0.0,0.0,0.0,0.0,0.0,0.0,0.0,0.0,1.1,14.0,20.0
PHX,2019-11-01,4,0,0,1,5,100.0,100.0,20.0,2.0,15.0,4.4,6.0,1.2,1.28,1.2,23.2
PHX,2019-11-01,5,8,1,11,5,63.64,63.64,20.0,11.09,11.73,1.42,11.45,1.2,1.86,7.0,50.2
PHX,2019-11-01,6,25,16,31,17,83.87,80.65,76.47,7.29,14.03,4.41,10.26,1.71,1.59,2.29,19.41
PHX,2019-11-01,7,31,35,38,34,73.68,71.05,85.29,16.29,17.71,7.18,21.21,2.09,3.22,4.62,7.41
PHX,2019-11-01,8,48,23,50,21,80.0,68.0,76.19,7.06,18.84,8.59,13.86,1.9,3.51,4.19,14.0
PHX,2019-11-01,9,31,50,32,49,81.25,71.88,75.51,14.81,17.53,6.78,20.25,2.33,3.61,3.65,28.55
PHX,2019-11-01,10,52,21,51,20,72.55,58.82,90.0,12.92,17.14,6.91,18.53,1.6,1.79,1.65,4.1
PHX,2019-11-01,11,19,38,19,40,89.47,84.21,87.5,7.89,13.05,3.79,10.63,1.45,1.88,0.68,4.05
PHX,2019-11-01,12,38,31,39,32,87.18,87.18,81.25,8.67,15.0,4.45,11.18,2.69,1.52,2.88,6.59
PHX,2019-11-01,13,36,30,38,30,84.21,81.58,83.33,6.05,14.08,3.52,7.95,1.6,1.72,1.23,7.03
PHX,2019-11-01,14,25,30,24,32,91.67,91.67,84.38,4.13,11.54,1.59,4.17,3.16,1.34,2.19,7.72
PHX,2019-11-01,15,33,31,35,32,88.57,88.57,81.25,4.83,11.74,2.01,5.8,1.38,1.56,1.63,9.0
PHX,2019-11-01,16,28,26,28,26,82.14,82.14,88.46,6.14,10.32,0.74,6.39,1.62,1.77,1.08,13.5
PHX,2019-11-01,17,28,26,29,31,82.76,82.76,74.19,12.66,11.79,1.84,13.03,2.26,2.24,3.0,13.39
PHX,2019-11-01,18,20,37,23,48,86.96,78.26,81.25,5.78,12.87,3.06,7.83,2.5,2.14,2.27,9.06
PHX,2019-11-01,19,29,45,36,46,88.89,88.89,82.61,8.75,12.58,2.86,10.17,1.43,4.25,2.33,22.59
PHX,2019-11-01,20,35,27,37,27,75.68,75.68,85.19,13.32,13.0,2.71,14.24,1.07,1.49,2.89,6.96
PHX,2019-11-01,21,19,32,18,33,72.22,83.33,90.91,7.61,8.67,0.46,7.28,1.94,1.54,0.7,8.0
PHX,2019-11-01,22,8,11,7,11,85.71,85.71,63.64,3.43,11.43,0.9,4.0,1.36,0.62,5.27,17.36
PHX,2019-11-01,23,10,16,10,17,70.0,80.0,70.59,6.6,11.3,0.96,6.6,1.71,1.05,0.41,19.41
PHX,2019-11-02,0,4,1,5,3,80.0,80.0,66.67,7.8,11.0,0.46,7.6,3.33,1.17,5.0,11.0
PHX,2019-11-02,1,1,0,1,1,100.0,100.0,0.0,0.0,14.0,2.9,0.0,0.0,0.1,0.0,760.0
PHX,2019-11-02,2,0,0,0,1,0.0,0.0,100.0,0.0,0.0,0.0,0.0,4.0,0.1,6.0,0.0
PHX,2019-11-02,3,0,0,0,0,0.0,0.0,0.0,0.0,0.0,0.0,0.0,0.0,0.0,0.0,0.0
PHX,2019-11-02,4,0,0,1,1,0.0,0.0,100.0,111.0,11.0,0.4,111.0,0.0,0.1,0.0,0.0
PHX,2019-11-02,5,9,1,10,2,80.0,80.0,50.0,15.3,13.0,2.46,16.8,0.0,11.0,12.5,8.0
PHX,2019-11-02,6,22,12,27,13,88.89,88.89,84.62,4.22,12.96,3.0,5.41,1.54,0.4,1.0,10.31
PHX,2019-11-02,7,26,34,31,33,77.42,74.19,69.7,13.39,15.16,4.52,16.71,4.85,1.54,10.03,11.88
PHX,2019-11-02,8,45,20,45,23,82.22,64.44,86.96,7.49,18.07,7.86,13.87,3.78,3.12,4.09,5.74
PHX,2019-11-02,9,30,46,31,47,87.1,74.19,87.23,11.97,17.65,6.67,17.1,3.47,5.55,3.13,8.96
PHX,2019-11-02,10,45,24,45,25,84.44,75.56,88.0,10.13,17.31,7.14,15.58,0.92,1.56,3.4,4.68
PHX,2019-11-02,11,20,32,21,32,95.24,85.71,90.63,4.76,13.62,4.36,7.14,1.72,0.82,0.63,15.0
PHX,2019-11-02,12,30,25,34,27,76.47,76.47,77.78,12.76,13.97,3.43,14.35,2.74,0.84,3.26,16.07
PHX,2019-11-02,13,29,26,30,26,80.0,76.67,92.31,12.8,16.33,5.74,16.6,2.23,1.05,0.38,5.85
PHX,2019-11-02,14,23,33,24,35,91.67,83.33,82.86,8.21,14.83,4.31,10.25,3.66,0.85,3.34,11.14
PHX,2019-11-02,15,34,27,36,28,83.33,77.78,85.71,9.06,13.33,3.32,11.06,2.93,0.55,2.64,5.11
PHX,2019-11-02,16,24,21,24,22,79.17,79.17,81.82,7.42,13.71,3.4,9.13,4.23,0.45,3.23,7.18
PHX,2019-11-02,17,25,34,26,35,88.46,84.62,88.57,4.62,14.96,4.3,7.19,2.6,0.61,1.37,5.14
PHX,2019-11-02,18,20,36,20,37,100.0,100.0,81.08,1.35,12.45,3.62,3.3,2.49,1.01,2.32,7.54
PHX,2019-11-02,19,21,41,23,41,86.96,73.91,90.24,7.04,15.74,5.49,10.43,2.61,2.39,1.63,3.07
PHX,2019-11-02,20,26,16,27,17,81.48,66.67,100.0,9.7,18.78,7.26,14.48,1.94,2.55,1.41,2.0
PHX,2019-11-02,21,5,24,6,26,100.0,100.0,96.15,0.0,13.0,1.28,0.0,1.08,1.37,0.12,1.08
PHX,2019-11-02,22,6,3,7,4,85.71,85.71,50.0,3.57,12.57,1.44,4.43,1.0,2.75,1.75,22.5
PHX,2019-11-02,23,7,9,7,11,100.0,100.0,72.73,0.71,14.57,3.53,2.57,5.73,0.6,4.0,19.55
PHX,2019-11-03,0,5,12,6,2,83.33,83.33,100.0,7.33,13.67,3.8,8.67,0.5,2.2,0.5,0.0
PHX,2019-11-03,1,5,6,6,0,100.0,100.0,0.0,0.0,11.17,1.23,1.17,0.0,0.0,0.0,0.0
PHX,2019-11-03,2,2,0,2,1,50.0,50.0,100.0,290.0,17.5,6.4,296.5,5.0,0.1,7.0,12.0
PHX,2019-11-03,3,0,0,1,0,0.0,100.0,0.0,15.0,6.0,0.0,10.0,0.0,0.0,0.0,0.0
PHX,2019-11-03,4,0,0,0,1,0.0,0.0,100.0,0.0,0.0,0.0,0.0,0.0,0.1,0.0,8.0
PHX,2019-11-03,5,3,0,5,1,100.0,100.0,100.0,0.0,10.8,1.44,0.4,0.0,0.0,0.0,0.0
PHX,2019-11-03,6,22,2,23,2,91.3,86.96,100.0,2.22,14.65,5.19,5.91,0.0,0.45,3.5,0.5
PHX,2019-11-03,7,19,14,21,15,100.0,100.0,100.0,0.67,13.76,3.23,2.24,0.53,1.47,0.8,0.27
PHX,2019-11-03,8,31,26,33,27,90.91,84.85,92.59,4.39,15.7,5.41,7.21,2.56,0.6,0.93,6.63
PHX,2019-11-03,9,35,34,38,36,84.21,71.05,75.0,9.58,18.13,7.25,14.24,2.83,1.35,7.42,13.25
PHX,2019-11-03,10,46,43,46,44,76.09,67.39,93.18,14.04,16.54,6.59,19.17,3.02,3.45,3.48,3.02
PHX,2019-11-03,11,40,28,40,30,87.5,75.0,86.67,6.47,19.65,8.58,11.9,2.93,0.72,2.4,3.87
PHX,2019-11-03,12,28,34,30,35,83.33,76.67,94.29,19.4,11.67,2.7,20.83,2.23,0.69,2.0,2.49
PHX,2019-11-03,13,34,26,37,26,94.59,94.59,96.15,3.41,16.43,5.69,6.43,1.96,1.43,0.81,2.69
PHX,2019-11-03,14,29,29,30,33,86.67,83.33,84.85,9.23,11.63,1.74,9.8,2.0,1.73,1.64,7.09
PHX,2019-11-03,15,27,31,28,35,85.71,85.71,85.71,7.71,11.14,1.57,8.14,3.17,1.18,2.57,11.66
PHX,2019-11-03,16,34,26,35,29,82.86,80.0,86.21,10.06,12.54,2.41,11.09,1.72,2.64,0.72,9.31
PHX,2019-11-03,17,21,34,23,36,95.65,91.3,88.89,2.7,12.83,2.97,4.48,1.53,1.86,2.06,11.08
PHX,2019-11-03,18,36,32,37,36,91.89,86.49,77.78,5.49,15.46,5.47,9.0,3.03,1.82,3.97,10.53
PHX,2019-11-03,19,28,30,31,33,70.97,67.74,69.7,36.84,13.55,3.82,39.71,4.12,1.73,5.06,19.3
PHX,2019-11-03,20,20,53,23,53,60.87,52.17,84.91,16.04,13.39,3.39,17.87,2.55,3.12,3.87,10.13
PHX,2019-11-03,21,40,19,39,21,89.74,82.05,85.71,5.64,16.59,6.32,10.1,4.24,3.76,4.95,6.0
PHX,2019-11-03,22,11,28,11,29,81.82,81.82,86.21,5.45,12.91,3.14,6.82,3.45,1.52,1.79,5.93
PHX,2019-11-03,23,14,17,13,18,76.92,76.92,88.89,8.23,11.54,0.99,8.0,1.5,2.63,2.06,7.28
PHX,2019-11-04,0,6,10,6,13,100.0,100.0,84.62,3.17,11.33,1.17,3.17,5.08,2.17,1.0,7.08
PHX,2019-11-04,1,6,4,7,7,85.71,85.71,57.14,4.14,13.29,2.8,5.14,1.14,0.49,0.0,23.0
PHX,2019-11-04,2,1,0,1,1,0.0,0.0,100.0,34.0,11.0,0.0,34.0,0.0,1.1,0.0,9.0
PHX,2019-11-04,3,0,0,1,1,100.0,100.0,100.0,0.0,10.0,0.0,0.0,0.0,1.1,2.0,8.0
PHX,2019-11-04,4,0,0,0,1,0.0,0.0,0.0,0.0,0.0,0.0,0.0,0.0,1.1,3.0,32.0
PHX,2019-11-04,5,5,0,6,0,100.0,100.0,0.0,0.17,9.67,1.17,1.0,0.0,0.0,0.0,0.0
PHX,2019-11-04,6,21,4,26,4,88.46,88.46,100.0,8.35,12.12,2.31,9.77,0.75,0.28,2.5,1.25
PHX,2019-11-04,7,20,13,20,13,100.0,100.0,100.0,0.85,13.2,3.06,2.65,1.31,0.45,0.92,1.31
PHX,2019-11-04,8,33,27,34,27,88.24,85.29,96.3,12.76,14.74,4.62,15.44,0.89,0.86,0.81,2.81
PHX,2019-11-04,9,36,34,36,36,88.89,75.0,83.33,5.75,17.92,7.06,10.64,1.86,1.13,1.89,9.39
PHX,2019-11-04,10,43,43,46,44,91.3,71.74,88.64,8.41,17.35,7.1,13.93,1.66,4.8,0.82,13.57
PHX,2019-11-04,11,38,23,39,24,82.05,76.92,95.83,11.62,18.97,8.08,17.49,1.63,1.45,1.33,1.33
PHX,2019-11-04,12,20,38,20,40,100.0,95.0,87.5,0.8,11.1,2.17,1.9,1.32,0.97,1.23,14.5
PHX,2019-11-04,13,41,28,46,30,82.61,82.61,80.0,16.3,12.3,2.15,17.43,2.0,2.72,4.03,11.83
PHX,2019-11-04,14,27,25,30,25,76.67,80.0,96.0,10.03,11.57,1.52,10.27,1.6,1.6,1.44,2.24
PHX,2019-11-04,15,22,29,23,31,86.96,91.3,87.1,6.65,12.65,2.14,7.52,2.65,1.08,2.71,8.58
PHX,2019-11-04,16,37,34,37,35,89.19,89.19,88.57,12.11,11.22,1.4,12.57,0.83,1.99,0.2,6.17
PHX,2019-11-04,17,31,27,34,27,91.18,91.18,88.89,7.29,11.24,1.48,7.56,2.93,1.63,1.22,17.63
PHX,2019-11-04,18,25,29,26,37,88.46,88.46,94.59,8.73,12.54,2.12,9.54,1.84,1.35,1.49,1.89
PHX,2019-11-04,19,29,34,33,42,84.85,84.85,80.95,5.39,11.24,1.52,5.85,1.02,1.23,1.48,7.43
PHX,2019-11-04,20,17,54,25,58,80.0,76.0,89.66,20.24,11.44,1.73,21.56,1.69,1.96,1.74,8.91
PHX,2019-11-04,21,40,25,41,25,87.8,82.93,88.0,5.24,12.59,2.34,6.02,2.2,5.39,4.28,7.96
PHX,2019-11-04,22,16,28,18,30,72.22,55.56,83.33,15.33,11.78,2.83,17.22,2.73,1.52,1.7,12.27
PHX,2019-11-04,23,11,15,12,16,100.0,100.0,87.5,0.33,12.33,1.1,0.5,1.31,1.29,1.0,10.63
PHX,2019-11-05,0,6,9,6,11,100.0,100.0,81.82,0.0,12.17,2.65,0.17,0.82,0.87,0.18,7.73
PHX,2019-11-05,1,3,4,4,7,100.0,100.0,71.43,0.5,13.25,3.2,2.5,0.43,0.64,0.14,26.43
PHX,2019-11-05,2,1,0,2,1,100.0,100.0,0.0,0.0,18.0,7.2,7.0,0.0,1.1,0.0,57.0
PHX,2019-11-05,3,0,0,0,1,0.0,0.0,100.0,0.0,0.0,0.0,0.0,0.0,1.1,0.0,0.0
PHX,2019-11-05,4,0,0,0,1,0.0,0.0,0.0,0.0,0.0,0.0,0.0,0.0,1.1,0.0,35.0
PHX,2019-11-05,5,5,0,8,8,87.5,87.5,62.5,2.13,12.38,3.28,3.5,1.38,0.96,3.13,15.25
PHX,2019-11-05,6,21,3,30,6,70.0,70.0,83.33,25.27,13.87,3.87,28.0,1.0,0.02,1.0,4.67
PHX,2019-11-05,7,19,12,23,13,100.0,95.65,92.31,0.78,13.39,3.21,3.04,2.08,0.47,1.23,76.54
PHX,2019-11-05,8,32,25,43,25,90.7,86.05,84.0,4.91,15.21,4.92,8.14,0.88,0.69,2.24,6.4
PHX,2019-11-05,9,34,34,36,33,86.11,80.56,96.97,7.19,18.94,8.13,13.14,1.15,2.95,2.3,2.24
PHX,2019-11-05,10,42,43,43,46,76.74,65.12,84.78,9.44,16.09,5.91,14.21,1.48,7.33,2.89,16.8
PHX,2019-11-05,11,38,23,39,25,84.62,84.62,100.0,13.26,16.9,6.19,16.18,1.32,1.43,0.64,1.16
PHX,2019-11-05,12,22,35,22,37,100.0,100.0,72.97,0.55,12.36,3.2,2.45,1.41,0.41,2.32,9.81
PHX,2019-11-05,13,38,30,41,31,85.37,82.93,87.1,6.59,13.88,3.43,8.49,3.0,0.73,2.97,8.06
PHX,2019-11-05,14,29,29,28,29,89.29,85.71,82.76,4.39,13.82,3.46,6.5,1.62,1.16,1.38,27.07
PHX,2019-11-05,15,24,29,24,30,83.33,83.33,83.33,13.71,12.21,1.81,14.08,2.4,1.64,2.2,9.37
PHX,2019-11-05,16,37,33,38,37,94.74,92.11,86.49,4.42,11.71,1.92,5.0,1.76,2.1,1.3,3.89
PHX,2019-11-05,17,30,25,31,29,93.55,90.32,86.21,12.03,12.03,2.27,13.32,2.14,1.06,1.62,5.55
PHX,2019-11-05,18,23,30,26,41,69.23,69.23,80.49,11.0,14.08,3.53,13.46,2.41,2.0,2.02,8.66
PHX,2019-11-05,19,26,33,29,40,89.66,89.66,82.5,10.72,10.45,1.19,10.83,2.55,1.47,2.23,10.9
PHX,2019-11-05,20,16,52,22,55,86.36,86.36,81.82,7.36,11.68,2.11,7.91,2.24,2.65,1.27,9.8
PHX,2019-11-05,21,37,24,39,26,82.05,76.92,88.46,24.1,12.18,2.07,24.9,2.12,1.65,1.77,5.04
PHX,2019-11-05,22,16,26,15,27,86.67,86.67,92.59,9.27,8.93,0.24,8.67,2.26,2.05,2.26,2.89
PHX,2019-11-05,23,10,15,10,15,100.0,90.0,100.0,0.5,13.8,3.51,2.5,0.53,2.02,0.53,0.8
PHX,2019-11-06,0,6,9,6,11,100.0,100.0,81.82,1.83,18.33,7.48,5.17,0.91,0.32,0.73,7.82
PHX,2019-11-06,1,3,4,4,6,75.0,75.0,83.33,5.5,10.25,0.23,4.75,0.67,0.88,1.0,5.17
PHX,2019-11-06,2,1,0,1,0,100.0,100.0,0.0,0.0,9.0,0.0,0.0,0.0,0.0,0.0,0.0
PHX,2019-11-06,3,0,0,0,1,0.0,0.0,100.0,0.0,0.0,0.0,0.0,0.0,1.1,0.0,0.0
PHX,2019-11-06,4,0,0,1,1,0.0,0.0,0.0,19.0,19.0,8.4,27.0,0.0,1.1,2.0,24.0
PHX,2019-11-06,5,5,0,7,6,100.0,100.0,83.33,0.0,12.43,3.46,1.71,0.83,1.1,2.0,18.5
PHX,2019-11-06,6,21,3,28,4,78.57,78.57,75.0,14.64,15.71,5.57,17.79,4.5,0.33,8.0,5.5
PHX,2019-11-06,7,22,13,29,14,89.66,86.21,92.86,4.62,14.45,3.92,7.31,4.43,1.06,2.64,3.0
PHX,2019-11-06,8,30,24,36,26,88.89,86.11,92.31,4.36,13.83,3.63,6.42,2.38,0.95,2.46,3.88
PHX,2019-11-06,9,35,34,37,34,86.49,72.97,79.41,6.3,18.3,7.48,12.35,2.5,3.84,5.74,11.03
PHX,2019-11-06,10,43,41,43,42,88.37,58.14,88.1,6.35,19.3,9.05,13.56,5.05,6.59,4.33,4.67
PHX,2019-11-06,11,38,24,39,23,89.74,82.05,82.61,4.31,17.67,6.71,8.44,2.83,0.68,2.83,8.7
PHX,2019-11-06,12,22,36,23,37,82.61,78.26,81.08,6.87,12.04,2.95,9.13,4.16,0.35,3.76,6.81
PHX,2019-11-06,13,40,30,41,28,82.93,82.93,82.14,7.51,14.73,4.21,9.73,3.18,0.86,5.43,10.14
PHX,2019-11-06,14,29,28,32,29,81.25,84.38,79.31,8.06,13.44,3.12,9.94,4.62,2.78,4.24,10.28
PHX,2019-11-06,15,24,30,26,31,88.46,88.46,93.55,7.27,12.81,2.61,8.0,3.1,2.6,3.52,4.03
PHX,2019-11-06,16,39,34,39,39,84.62,82.05,76.92,8.23,12.03,1.97,9.13,2.49,1.19,2.36,10.54
PHX,2019-11-06,17,29,25,29,28,75.86,72.41,82.14,15.41,12.52,2.86,17.14,3.0,2.15,1.96,45.79
PHX,2019-11-06,18,24,30,25,43,72.0,72.0,79.07,16.28,14.36,3.62,18.04,3.88,1.54,4.33,11.67
PHX,2019-11-06,19,26,33,30,40,73.33,73.33,80.0,10.53,12.93,3.44,12.57,4.05,2.66,3.95,13.1
PHX,2019-11-06,20,18,53,25,54,80.0,68.0,74.07,8.84,12.8,2.96,11.28,3.48,3.14,4.02,13.43
PHX,2019-11-06,21,40,26,41,27,75.61,73.17,81.48,11.29,13.46,3.41,12.93,2.7,2.67,4.37,10.74
PHX,2019-11-06,22,16,27,18,27,88.89,88.89,81.48,3.56,8.94,0.17,3.44,3.78,2.53,2.96,12.63
PHX,2019-11-06,23,10,15,10,19,100.0,90.0,52.63,2.7,12.4,1.52,3.1,9.58,2.39,24.89,36.47
PHX,2019-11-07,0,6,10,8,14,75.0,62.5,50.0,14.75,24.25,14.18,26.25,2.5,2.65,6.64,17.29
PHX,2019-11-07,1,4,3,4,6,75.0,75.0,66.67,9.0,12.25,1.55,9.75,1.17,1.4,5.0,8.33
PHX,2019-11-07,2,1,0,1,1,100.0,100.0,100.0,0.0,10.0,0.0,0.0,5.0,1.1,10.0,8.0
PHX,2019-11-07,3,0,0,0,1,0.0,0.0,0.0,0.0,0.0,0.0,0.0,7.0,1.1,10.0,24.0
PHX,2019-11-07,4,0,0,0,1,0.0,0.0,100.0,0.0,0.0,0.0,0.0,0.0,1.1,0.0,4.0
PHX,2019-11-07,5,5,1,9,6,88.89,88.89,50.0,2.67,15.33,6.58,7.78,2.0,0.92,5.67,37.67
PHX,2019-11-07,6,22,4,34,6,76.47,73.53,33.33,17.12,16.47,6.39,22.15,3.33,0.22,6.67,29.83
PHX,2019-11-07,7,20,15,24,16,79.17,75.0,87.5,5.0,17.71,7.15,10.58,4.25,0.52,2.81,3.06
PHX,2019-11-07,8,34,27,44,29,79.55,68.18,75.86,11.89,17.45,7.13,16.98,2.0,1.57,3.24,8.79
PHX,2019-11-07,9,35,34,39,36,71.79,58.97,80.56,12.1,20.49,9.68,19.74,2.75,2.1,2.61,7.17
PHX,2019-11-07,10,47,43,48,43,79.17,60.42,74.42,8.27,20.33,9.96,16.4,5.95,4.6,4.77,7.23
PHX,2019-11-07,11,38,22,38,24,81.58,60.53,70.83,8.26,20.29,9.21,15.66,2.5,1.5,6.21,11.75
PHX,2019-11-07,12,21,38,24,44,66.67,66.67,81.82,19.46,12.46,2.84,21.46,2.32,1.22,2.3,11.16
PHX,2019-11-07,13,39,30,42,32,78.57,73.81,81.25,14.38,16.52,5.91,18.0,3.19,0.32,3.53,9.5
PHX,2019-11-07,14,29,27,33,29,69.7,63.64,89.66,12.0,14.27,4.0,14.88,1.69,1.2,1.83,6.97
PHX,2019-11-07,15,24,31,26,33,84.62,84.62,72.73,7.88,11.73,1.35,8.38,3.27,1.62,3.06,14.33
PHX,2019-11-07,16,39,34,38,37,65.79,68.42,70.27,28.13,11.34,1.52,28.63,1.35,1.66,1.46,13.35
PHX,2019-11-07,17,31,26,34,29,73.53,73.53,75.86,12.79,12.06,2.07,13.47,2.97,1.91,2.59,14.45
PHX,2019-11-07,18,24,29,25,38,72.0,68.0,73.68,15.64,13.2,2.74,17.24,2.05,2.12,1.95,10.47
PHX,2019-11-07,19,26,33,29,42,62.07,62.07,80.95,16.62,10.31,1.14,16.48,3.14,1.83,1.98,8.05
PHX,2019-11-07,20,17,53,24,55,70.83,75.0,65.45,9.38,13.0,3.26,11.33,3.07,4.64,2.44,21.65
PHX,2019-11-07,21,40,25,42,26,80.95,78.57,73.08,13.29,12.29,2.4,14.0,2.58,2.29,3.23,12.31
PHX,2019-11-07,22,16,29,17,29,58.82,58.82,79.31,15.35,11.41,2.16,16.76,2.55,2.07,3.14,10.9
PHX,2019-11-07,23,11,16,11,17,81.82,72.73,70.59,6.55,16.27,4.72,9.45,2.59,1.14,0.53,13.0
PHX,2019-11-08,0,7,9,8,10,75.0,75.0,60.0,9.38,13.25,2.49,10.38,0.1,4.69,3.3,17.4
PHX,2019-11-08,1,4,4,4,5,100.0,100.0,80.0,0.5,12.75,2.17,1.25,7.0,0.0,2.4,8.8
PHX,2019-11-08,2,1,0,1,0,100.0,100.0,0.0,0.0,11.0,0.0,0.0,0.0,0.0,0.0,0.0
PHX,2019-11-08,3,0,0,0,2,0.0,0.0,0.0,0.0,0.0,0.0,0.0,1.5,1.1,3.5,32.0
PHX,2019-11-08,4,0,0,0,1,0.0,0.0,100.0,0.0,0.0,0.0,0.0,0.0,1.1,5.0,2.0
PHX,2019-11-08,5,5,1,8,7,87.5,87.5,71.43,3.63,10.5,1.33,4.13,0.14,1.23,2.43,12.29
PHX,2019-11-08,6,22,4,31,7,77.42,80.65,71.43,9.52,12.45,2.54,11.16,2.86,1.01,6.0,11.43
PHX,2019-11-08,7,20,15,22,16,86.36,86.36,87.5,4.55,12.68,2.91,5.41,1.38,0.38,1.81,14.25
PHX,2019-11-08,8,34,27,43,26,88.37,83.72,88.46,6.05,17.91,7.61,11.4,1.38,1.7,2.88,4.04
PHX,2019-11-08,9,37,35,37,38,81.08,75.68,86.84,7.95,17.89,7.06,13.22,2.18,3.12,3.0,6.16
PHX,2019-11-08,10,46,43,48,43,83.33,35.42,83.72,13.38,26.5,16.21,27.54,1.93,5.72,2.42,4.6
PHX,2019-11-08,11,38,25,41,26,80.49,70.73,88.46,7.85,22.78,11.76,16.95,1.73,1.39,2.58,4.5
PHX,2019-11-08,12,23,39,24,42,79.17,79.17,88.1,7.04,12.08,3.0,8.08,2.14,0.92,2.19,7.4
PHX,2019-11-08,13,40,30,43,29,81.4,76.74,82.76,10.14,15.81,5.17,13.74,3.72,0.36,3.48,9.17
PHX,2019-11-08,14,30,26,31,28,77.42,67.74,89.29,16.9,15.97,5.53,20.55,2.25,2.07,2.18,3.79
PHX,2019-11-08,15,24,30,26,30,80.77,76.92,80.0,4.88,15.62,4.72,7.73,1.9,0.95,1.53,7.7
PHX,2019-11-08,16,38,35,40,39,87.5,77.5,74.36,6.85,14.95,4.59,10.3,1.72,0.44,0.62,10.59
PHX,2019-11-08,17,31,26,35,32,77.14,74.29,87.5,7.57,13.29,3.03,9.57,2.66,0.97,2.41,5.34
PHX,2019-11-08,18,25,29,27,38,81.48,74.07,78.95,11.3,15.89,5.24,14.67,2.16,0.75,2.92,6.97
PHX,2019-11-08,19,27,34,30,42,73.33,63.33,80.95,13.63,15.93,6.14,17.83,2.26,1.25,2.1,12.17
PHX,2019-11-08,20,19,54,27,58,85.19,85.19,84.48,30.67,14.74,4.6,33.07,1.9,2.46,0.6,13.43
PHX,2019-11-08,21,40,26,42,27,71.43,66.67,74.07,14.64,14.67,4.32,16.9,1.63,1.34,1.48,18.48
PHX,2019-11-08,22,16,29,18,30,72.22,72.22,73.33,18.0,12.72,3.01,19.56,0.5,1.22,1.03,18.33
PHX,2019-11-08,23,11,17,12,17,83.33,83.33,94.12,6.33,13.0,1.87,5.83,0.24,1.02,0.53,3.71
PHX,2019-11-09,0,6,3,6,9,100.0,83.33,88.89,3.33,12.5,1.98,5.0,0.22,4.08,1.44,3.89
PHX,2019-11-09,1,4,3,5,6,80.0,80.0,100.0,4.6,12.4,1.72,5.2,0.0,0.08,0.0,1.83
PHX,2019-11-09,2,1,0,1,1,100.0,100.0,0.0,0.0,18.0,6.9,6.0,0.0,0.1,0.0,33.0
PHX,2019-11-09,3,0,0,0,0,0.0,0.0,0.0,0.0,0.0,0.0,0.0,0.0,0.0,0.0,0.0
PHX,2019-11-09,4,0,0,0,0,0.0,0.0,0.0,0.0,0.0,0.0,0.0,0.0,0.0,0.0,0.0
PHX,2019-11-09,5,1,2,2,4,100.0,100.0,75.0,0.0,9.5,0.0,0.0,0.25,1.57,3.5,19.5
PHX,2019-11-09,6,19,2,24,2,83.33,83.33,100.0,9.21,12.38,2.47,10.0,0.0,0.0,3.0,2.5
PHX,2019-11-09,7,22,14,24,13,100.0,100.0,92.31,0.08,13.17,3.38,1.71,0.92,0.45,0.62,28.77
PHX,2019-11-09,8,25,24,28,24,89.29,85.71,87.5,10.61,14.54,3.8,12.39,1.13,2.53,1.67,9.71
PHX,2019-11-09,9,40,33,41,34,92.68,87.8,85.29,18.71,17.54,7.03,22.9,1.71,2.13,2.5,12.97
PHX,2019-11-09,10,41,38,41,40,95.12,87.8,92.5,4.76,15.76,5.68,8.71,2.42,8.02,0.7,4.08
PHX,2019-11-09,11,36,28,38,31,78.95,76.32,87.1,20.47,15.97,5.11,23.68,0.97,0.35,1.52,8.26
PHX,2019-11-09,12,24,40,24,40,87.5,87.5,87.5,6.21,12.83,3.71,8.58,0.98,1.68,2.55,19.5
PHX,2019-11-09,13,39,26,40,26,87.5,80.0,88.46,3.75,18.1,7.55,8.93,1.58,1.69,4.27,7.65
PHX,2019-11-09,14,26,25,27,25,85.19,81.48,84.0,7.15,13.33,3.03,8.59,1.2,1.34,0.68,16.68
PHX,2019-11-09,15,23,31,23,31,73.91,73.91,83.87,20.74,14.22,3.52,22.39,1.65,0.81,1.68,11.65
PHX,2019-11-09,16,33,27,33,30,81.82,75.76,96.67,10.45,14.06,3.66,12.55,1.97,1.37,0.3,2.73
PHX,2019-11-09,17,27,31,28,35,85.71,78.57,88.57,7.29,13.68,3.74,10.11,1.17,1.74,0.97,16.46
PHX,2019-11-09,18,28,29,29,29,82.76,79.31,93.1,6.62,14.93,4.92,9.21,1.66,1.76,0.66,5.17
PHX,2019-11-09,19,16,29,17,29,70.59,70.59,79.31,9.82,14.0,3.95,11.71,1.41,1.84,0.62,11.38
PHX,2019-11-09,20,14,39,15,40,80.0,73.33,92.5,8.2,15.0,4.51,10.47,2.17,2.11,0.13,3.73
PHX,2019-11-09,21,23,14,27,14,88.89,85.19,92.86,26.89,19.0,7.12,30.63,0.93,1.71,2.07,4.0
PHX,2019-11-09,22,6,19,6,20,100.0,100.0,90.0,1.17,17.0,4.92,4.67,1.25,0.91,0.65,8.5
PHX,2019-11-09,23,9,7,9,7,88.89,88.89,85.71,1.67,13.56,2.63,2.78,0.14,0.19,0.0,6.0
PHX,2019-11-10,0,7,12,7,3,85.71,71.43,66.67,8.14,11.57,1.3,8.57,0.0,0.43,0.0,12.33
PHX,2019-11-10,1,4,6,5,6,100.0,100.0,100.0,3.4,11.0,0.54,3.4,0.0,0.57,0.0,0.0
PHX,2019-11-10,2,1,0,2,0,100.0,100.0,0.0,0.0,13.5,2.65,1.5,0.0,0.0,0.0,0.0
PHX,2019-11-10,3,0,0,1,2,100.0,100.0,50.0,0.0,10.0,0.0,0.0,0.0,1.6,0.0,51.0
PHX,2019-11-10,4,0,0,0,0,0.0,0.0,0.0,0.0,0.0,0.0,0.0,0.0,0.0,0.0,0.0
PHX,2019-11-10,5,3,0,5,2,100.0,100.0,100.0,0.0,11.0,1.68,0.2,0.5,1.85,1.0,2.5
PHX,2019-11-10,6,23,2,24,2,95.83,95.83,100.0,2.46,11.0,1.58,2.79,0.0,0.0,9.5,5.5
PHX,2019-11-10,7,17,14,19,15,100.0,100.0,100.0,0.79,14.0,3.72,3.05,1.6,0.71,1.53,0.73
PHX,2019-11-10,8,33,26,35,27,91.43,88.57,88.89,3.29,15.26,4.97,5.89,1.11,2.11,1.11,17.07
PHX,2019-11-10,9,37,36,39,37,87.18,74.36,94.59,7.54,19.56,8.64,13.41,2.14,3.92,1.68,3.57
PHX,2019-11-10,10,46,44,48,44,93.75,85.42,88.64,2.88,17.83,7.68,8.54,1.73,10.87,4.39,8.57
PHX,2019-11-10,11,40,28,40,29,82.5,72.5,86.21,8.48,18.27,7.34,13.88,1.79,1.52,1.38,8.34
PHX,2019-11-10,12,28,34,28,36,85.71,85.71,83.33,8.57,12.29,3.34,10.25,1.44,2.28,7.11,10.78
PHX,2019-11-10,13,35,29,36,27,88.89,77.78,85.19,11.75,15.06,4.29,14.78,1.78,3.14,3.56,6.41
PHX,2019-11-10,14,30,30,31,33,87.1,83.87,93.94,13.48,13.9,3.58,15.32,2.18,1.66,1.39,2.55
PHX,2019-11-10,15,28,33,28,34,89.29,85.71,88.24,4.04,12.79,2.6,5.25,3.38,1.96,2.03,6.03
PHX,2019-11-10,16,36,29,38,31,94.74,94.74,83.87,4.95,13.29,2.97,6.42,2.29,2.55,1.81,11.16
PHX,2019-11-10,17,25,32,27,38,81.48,81.48,84.21,16.85,12.26,2.03,17.89,1.58,1.81,2.08,8.55
PHX,2019-11-10,18,33,32,34,34,88.24,88.24,85.29,3.65,13.44,3.43,5.35,2.82,3.54,3.85,6.35
PHX,2019-11-10,19,29,31,33,31,81.82,78.79,83.87,15.18,11.64,2.07,16.24,2.94,2.31,1.65,4.97
PHX,2019-11-10,20,19,53,20,54,75.0,75.0,90.74,11.6,11.35,1.88,12.45,1.96,3.47,2.67,4.3
PHX,2019-11-10,21,40,21,41,25,85.37,85.37,80.0,9.1,12.76,2.46,9.76,3.0,2.25,3.0,12.48
PHX,2019-11-10,22,11,30,11,32,90.91,90.91,81.25,4.36,11.09,1.22,4.91,1.94,1.84,2.13,16.66
PHX,2019-11-10,23,14,17,15,17,86.67,86.67,82.35,15.4,12.07,1.71,15.73,1.18,1.91,1.76,4.76
PHX,2019-11-11,0,6,9,6,12,83.33,83.33,66.67,7.33,11.17,1.15,7.67,0.75,1.42,8.33,17.25
PHX,2019-11-11,1,6,4,7,7,42.86,42.86,71.43,80.29,10.57,0.26,80.43,3.14,1.6,1.57,6.57
PHX,2019-11-11,2,1,0,1,0,100.0,100.0,0.0,2.0,14.0,2.9,5.0,0.0,0.0,0.0,0.0
PHX,2019-11-11,3,0,0,0,1,0.0,0.0,100.0,0.0,0.0,0.0,0.0,2.0,1.1,6.0,0.0
PHX,2019-11-11,4,0,0,0,0,0.0,0.0,0.0,0.0,0.0,0.0,0.0,0.0,0.0,0.0,0.0
PHX,2019-11-11,5,5,1,6,1,83.33,83.33,0.0,13.5,10.83,2.03,14.5,0.0,1.1,2.0,25.0
PHX,2019-11-11,6,22,4,26,4,80.77,80.77,100.0,9.04,12.15,2.32,10.58,1.25,2.48,3.0,0.5
PHX,2019-11-11,7,20,13,20,13,100.0,100.0,92.31,0.75,13.65,3.78,3.4,2.62,1.17,2.15,2.85
PHX,2019-11-11,8,34,27,35,29,94.29,88.57,89.66,5.63,15.09,5.04,9.09,1.38,1.42,3.66,19.48
PHX,2019-11-11,9,36,34,37,33,91.89,78.38,84.85,7.59,19.76,8.91,13.43,1.76,2.21,4.09,16.79
PHX,2019-11-11,10,44,43,45,45,84.44,75.56,86.67,9.69,17.78,7.62,15.31,3.42,5.73,4.36,10.38
PHX,2019-11-11,11,38,24,39,22,84.62,76.92,86.36,13.56,17.82,6.98,18.18,2.14,0.5,5.0,6.77
PHX,2019-11-11,12,21,38,23,40,73.91,78.26,87.5,16.43,9.61,1.03,16.26,1.9,1.39,2.85,12.13
PHX,2019-11-11,13,41,30,40,31,85.0,82.5,67.74,9.98,13.18,2.65,11.35,1.97,2.85,4.97,15.9
PHX,2019-11-11,14,29,26,33,25,60.61,57.58,84.0,24.09,14.45,4.25,27.73,2.84,3.58,7.16,16.52
PHX,2019-11-11,15,23,30,26,30,73.08,73.08,83.33,15.0,12.04,1.77,15.08,3.27,2.44,2.87,10.57
PHX,2019-11-11,16,38,34,39,36,71.79,71.79,77.78,11.62,13.36,3.36,13.85,1.89,3.03,2.53,35.22
PHX,2019-11-11,17,31,27,31,28,74.19,74.19,78.57,44.52,10.94,1.46,44.9,2.25,2.43,1.36,19.93
PHX,2019-11-11,18,25,29,26,39,73.08,76.92,74.36,13.58,13.31,3.07,15.31,1.82,1.6,4.33,25.13
PHX,2019-11-11,19,26,33,29,41,68.97,58.62,75.61,22.97,12.83,3.45,24.9,2.66,2.49,2.37,24.34
PHX,2019-11-11,20,17,52,25,57,80.0,76.0,78.95,7.32,13.44,3.44,9.24,1.74,5.66,4.3,15.11
PHX,2019-11-11,21,40,26,44,26,68.18,65.91,65.38,34.09,12.52,2.4,35.73,2.23,2.87,1.38,13.69
PHX,2019-11-11,22,16,29,17,31,64.71,58.82,74.19,12.53,10.82,1.95,13.59,2.52,1.71,2.19,23.81
PHX,2019-11-11,23,11,16,11,16,63.64,63.64,62.5,12.0,13.45,2.34,13.0,0.75,1.73,1.5,68.19
PHX,2019-11-12,0,7,9,7,9,85.71,71.43,77.78,18.71,13.43,2.51,20.43,0.89,0.49,0.0,22.56
PHX,2019-11-12,1,3,4,4,6,100.0,100.0,83.33,0.5,11.5,0.95,1.0,0.5,0.58,0.17,4.67
PHX,2019-11-12,2,1,0,1,0,100.0,100.0,0.0,0.0,10.0,0.0,0.0,0.0,0.0,0.0,0.0
PHX,2019-11-12,3,0,0,0,1,0.0,0.0,0.0,0.0,0.0,0.0,0.0,0.0,0.0,2.0,127.0
PHX,2019-11-12,4,0,0,0,2,0.0,0.0,50.0,0.0,0.0,0.0,0.0,0.0,0.1,1.5,11.0
PHX,2019-11-12,5,5,0,7,7,100.0,100.0,42.86,0.0,9.86,0.91,0.14,1.14,0.33,4.14,58.29
PHX,2019-11-12,6,22,3,33,5,66.67,66.67,80.0,29.73,12.3,2.49,30.79,3.2,0.0,12.4,16.0
PHX,2019-11-12,7,20,12,21,15,90.48,90.48,93.33,13.52,11.33,1.75,14.38,2.07,0.59,2.07,1.73
PHX,2019-11-12,8,31,25,41,27,68.29,65.85,92.59,21.2,14.88,4.58,24.2,1.33,0.86,1.74,16.07
PHX,2019-11-12,9,35,34,41,34,82.93,82.93,88.24,8.71,17.34,6.69,13.37,1.68,2.93,1.97,10.26
PHX,2019-11-12,10,42,43,48,43,81.25,66.67,86.05,9.1,18.52,8.29,15.79,2.44,4.33,1.86,23.3
PHX,2019-11-12,11,38,23,38,27,81.58,78.95,81.48,13.84,19.0,7.99,19.24,2.78,0.76,1.44,6.15
PHX,2019-11-12,12,22,35,23,38,78.26,78.26,76.32,7.0,11.61,2.53,8.22,2.0,1.18,2.42,9.42
PHX,2019-11-12,13,38,30,39,32,82.05,76.92,84.38,9.67,15.62,5.01,13.15,1.06,1.68,3.28,6.59
PHX,2019-11-12,14,29,29,30,30,86.67,80.0,83.33,6.07,15.1,4.71,8.9,2.13,0.75,0.63,13.57
PHX,2019-11-12,15,24,29,26,29,76.92,73.08,89.66,19.12,15.23,4.33,21.77,1.17,1.41,1.07,4.45
PHX,2019-11-12,16,37,33,37,36,83.78,75.68,97.22,5.46,14.54,4.31,8.3,2.25,0.77,0.72,1.25
PHX,2019-11-12,17,31,25,32,29,93.75,90.63,82.76,3.38,14.78,4.47,5.97,1.66,1.3,1.76,7.1
PHX,2019-11-12,18,23,31,24,42,79.17,79.17,85.71,5.17,18.33,7.6,10.0,2.14,1.43,1.02,7.26
PHX,2019-11-12,19,26,33,29,42,72.41,72.41,78.57,12.69,14.97,4.96,15.24,1.21,0.74,0.57,11.83
PHX,2019-11-12,20,16,52,24,56,79.17,75.0,87.5,12.46,14.63,4.73,15.79,2.82,2.28,0.75,9.07
PHX,2019-11-12,21,37,24,39,25,84.62,79.49,72.0,7.08,16.03,5.66,10.31,1.52,3.07,2.92,10.12
PHX,2019-11-12,22,16,27,17,27,82.35,82.35,92.59,4.12,12.53,3.03,4.71,1.15,2.16,0.0,5.44
PHX,2019-11-12,23,11,15,11,15,81.82,81.82,100.0,3.82,14.36,2.99,5.91,0.67,0.51,0.0,0.53
PHX,2019-11-13,0,6,9,7,9,71.43,71.43,88.89,7.43,12.14,2.23,8.0,0.22,0.39,0.0,3.89
PHX,2019-11-13,1,3,4,3,6,100.0,100.0,83.33,0.0,12.33,1.43,0.67,0.83,0.58,0.0,12.0
PHX,2019-11-13,2,1,0,1,2,100.0,100.0,50.0,0.0,13.0,1.9,0.0,0.0,1.1,0.0,38.5
PHX,2019-11-13,3,0,0,1,0,100.0,0.0,0.0,0.0,27.0,16.4,16.0,0.0,0.0,0.0,0.0
PHX,2019-11-13,4,0,0,0,1,0.0,0.0,100.0,0.0,0.0,0.0,0.0,0.0,0.1,2.0,2.0
PHX,2019-11-13,5,5,0,9,7,66.67,66.67,28.57,7.67,11.0,1.96,7.67,0.14,1.34,0.57,34.71
PHX,2019-11-13,6,22,3,32,4,75.0,75.0,75.0,12.94,13.53,3.62,14.78,1.0,0.75,8.0,13.75
PHX,2019-11-13,7,20,13,26,14,92.31,92.31,92.86,4.31,15.81,5.53,7.65,1.29,0.68,0.0,2.79
PHX,2019-11-13,8,31,24,38,26,89.47,89.47,88.46,3.08,13.97,3.86,5.26,1.12,1.68,2.15,2.69
PHX,2019-11-13,9,35,34,36,34,91.67,77.78,97.06,4.56,17.47,6.65,8.67,2.09,2.6,1.41,1.79
PHX,2019-11-13,10,43,41,44,41,88.64,77.27,95.12,5.23,17.52,7.23,10.5,1.9,8.83,2.37,1.73
PHX,2019-11-13,11,38,25,38,26,97.37,86.84,88.46,2.18,17.68,6.77,6.68,1.08,4.1,2.23,6.58
PHX,2019-11-13,12,23,35,24,35,91.67,91.67,94.29,2.46,12.17,2.8,4.46,1.4,1.47,0.71,1.97
PHX,2019-11-13,13,39,30,39,30,94.87,82.05,80.0,4.05,15.33,4.97,7.36,0.83,2.07,2.97,13.67
PHX,2019-11-13,14,29,28,29,29,72.41,72.41,93.1,17.38,11.66,1.93,18.28,1.38,2.13,0.93,2.86
PHX,2019-11-13,15,24,30,25,37,92.0,92.0,72.97,6.04,11.44,1.08,6.4,4.78,1.54,4.86,10.76
PHX,2019-11-13,16,39,34,47,35,78.72,72.34,97.14,7.02,14.34,4.18,9.6,1.29,1.32,0.31,1.37
PHX,2019-11-13,17,30,26,30,30,93.33,93.33,83.33,5.0,13.0,3.22,6.9,1.37,2.82,1.9,11.0
PHX,2019-11-13,18,25,30,27,44,81.48,81.48,77.27,9.0,12.19,2.08,9.67,3.05,2.11,6.7,11.77
PHX,2019-11-13,19,26,34,29,42,86.21,86.21,85.71,5.21,11.72,2.29,6.17,2.26,1.95,1.69,9.74
PHX,2019-11-13,20,18,53,27,56,88.89,85.19,87.5,7.41,13.56,3.69,9.44,1.88,4.9,1.54,6.04
PHX,2019-11-13,21,40,26,43,27,86.05,81.4,88.89,10.37,18.4,7.86,14.91,1.3,3.02,2.22,8.41
PHX,2019-11-13,22,16,28,16,29,93.75,93.75,82.76,4.31,12.81,3.23,5.94,1.72,1.44,3.1,14.07
PHX,2019-11-13,23,11,15,11,15,100.0,100.0,73.33,0.55,15.36,4.08,2.45,0.87,0.15,0.2,18.93
PHX,2019-11-14,0,6,8,6,9,83.33,83.33,77.78,12.17,13.67,2.83,14.0,0.11,0.4,0.0,77.33
PHX,2019-11-14,1,3,4,4,4,100.0,100.0,100.0,0.0,12.5,1.68,1.25,3.0,0.83,3.0,0.5
PHX,2019-11-14,2,1,0,1,0,100.0,100.0,0.0,0.0,11.0,0.0,0.0,0.0,0.0,0.0,0.0
PHX,2019-11-14,3,0,0,0,1,0.0,0.0,0.0,0.0,0.0,0.0,0.0,6.0,1.1,9.0,38.0
PHX,2019-11-14,4,0,0,0,1,0.0,0.0,0.0,0.0,0.0,0.0,0.0,0.0,0.0,18.0,16.0
PHX,2019-11-14,5,5,1,7,7,100.0,100.0,14.29,0.14,11.29,2.23,1.71,0.43,1.96,3.86,37.57
PHX,2019-11-14,6,24,4,32,5,81.25,81.25,80.0,8.88,13.53,3.6,10.75,3.8,0.6,4.0,10.6
PHX,2019-11-14,7,22,15,27,16,92.59,85.19,87.5,4.7,14.48,4.22,7.26,1.56,0.63,2.75,12.31
PHX,2019-11-14,8,33,25,43,28,81.4,79.07,92.86,11.37,14.6,4.38,14.19,1.11,0.99,4.32,4.86
PHX,2019-11-14,9,35,35,39,35,87.18,76.92,88.57,6.33,18.56,7.76,10.77,1.34,2.66,2.0,3.69
PHX,2019-11-14,10,47,45,49,46,87.76,67.35,91.3,9.08,19.16,8.83,15.55,2.43,5.78,1.28,5.35
PHX,2019-11-14,11,39,24,39,24,84.62,82.05,87.5,9.1,17.36,6.55,12.28,1.21,1.05,1.75,10.54
PHX,2019-11-14,12,24,39,24,44,87.5,83.33,88.64,11.5,11.63,2.15,13.0,1.68,0.83,1.5,10.66
PHX,2019-11-14,13,38,31,39,31,82.05,79.49,83.87,17.92,14.54,3.97,20.18,1.74,1.72,3.42,9.48
PHX,2019-11-14,14,31,28,30,27,86.67,83.33,88.89,6.6,11.73,2.08,7.27,1.41,2.02,0.59,9.89
PHX,2019-11-14,15,25,31,28,32,82.14,82.14,84.38,10.61,12.57,2.15,11.79,2.53,2.27,2.97,11.84
PHX,2019-11-14,16,40,34,41,38,78.05,78.05,84.21,9.32,12.68,2.9,10.71,1.39,2.46,1.03,8.92
PHX,2019-11-14,17,30,29,31,31,90.32,90.32,80.65,3.0,12.13,2.39,4.13,1.48,1.43,1.1,12.61
PHX,2019-11-14,18,25,29,26,39,61.54,61.54,84.62,16.92,12.42,2.09,17.65,1.95,2.49,2.21,8.67
PHX,2019-11-14,19,28,33,31,41,77.42,70.97,95.12,10.61,12.55,2.78,12.74,1.66,3.11,2.41,5.0
PHX,2019-11-14,20,17,52,27,55,70.37,70.37,89.09,10.85,13.96,3.83,13.11,2.07,3.61,0.76,7.55
PHX,2019-11-14,21,39,26,43,26,79.07,74.42,73.08,10.65,14.05,3.85,12.3,1.5,6.26,2.69,11.92
PHX,2019-11-14,22,16,31,17,32,70.59,70.59,81.25,13.06,14.12,4.17,15.76,1.53,1.84,1.5,11.72
PHX,2019-11-14,23,11,17,11,17,100.0,100.0,88.24,0.18,12.55,1.98,0.91,0.71,1.46,1.24,5.12
PHX,2019-11-15,0,7,8,9,10,77.78,66.67,70.0,19.22,15.89,5.06,23.11,1.6,1.23,2.1,23.2
PHX,2019-11-15,1,3,4,3,6,100.0,100.0,100.0,0.0,14.33,3.4,0.0,0.5,0.05,0.83,3.17
PHX,2019-11-15,2,1,0,1,1,0.0,0.0,0.0,41.0,10.0,0.0,40.0,3.0,1.1,7.0,27.0
PHX,2019-11-15,3,0,0,0,0,0.0,0.0,0.0,0.0,0.0,0.0,0.0,0.0,0.0,0.0,0.0
PHX,2019-11-15,4,0,0,0,2,0.0,0.0,100.0,0.0,0.0,0.0,0.0,0.0,0.45,0.5,0.0
PHX,2019-11-15,5,6,1,8,8,100.0,100.0,62.5,0.0,12.5,3.26,1.13,0.13,0.78,1.0,23.63
PHX,2019-11-15,6,22,4,31,7,74.19,67.74,71.43,10.06,14.03,3.95,12.55,1.29,0.7,5.86,16.86
PHX,2019-11-15,7,24,15,26,16,92.31,88.46,87.5,4.5,15.42,4.88,7.85,0.94,0.81,2.88,3.75
PHX,2019-11-15,8,33,27,43,29,81.4,76.74,93.1,9.98,18.0,7.67,15.28,1.93,1.32,1.41,22.83
PHX,2019-11-15,9,36,35,38,37,84.21,68.42,81.08,20.16,20.29,9.45,27.13,1.84,2.08,1.54,18.27
PHX,2019-11-15,10,47,44,49,43,91.84,77.55,95.35,12.04,19.67,9.31,18.29,1.67,5.96,0.93,1.23
PHX,2019-11-15,11,38,26,38,27,78.95,76.32,70.37,7.95,18.05,7.21,13.08,2.22,0.92,2.96,18.78
PHX,2019-11-15,12,25,39,28,43,71.43,71.43,79.07,42.61,13.04,3.28,44.89,1.81,2.72,3.0,19.44
PHX,2019-11-15,13,39,30,40,32,82.5,77.5,87.5,10.38,15.7,5.05,13.9,1.53,1.84,4.03,11.16
PHX,2019-11-15,14,32,29,33,29,84.85,81.82,82.76,11.67,14.33,3.92,14.03,1.59,1.71,2.07,10.45
PHX,2019-11-15,15,25,29,27,31,74.07,66.67,77.42,15.52,15.59,4.8,18.33,1.1,0.64,1.16,9.35
PHX,2019-11-15,16,39,37,39,42,79.49,66.67,83.33,10.67,15.97,5.62,14.18,1.95,1.35,0.98,10.1
PHX,2019-11-15,17,31,29,31,35,83.87,83.87,77.14,5.68,15.45,5.12,9.06,3.0,0.73,3.03,9.2
PHX,2019-11-15,18,27,29,28,35,85.71,85.71,77.14,9.5,16.96,6.21,13.36,1.37,1.22,1.26,9.6
PHX,2019-11-15,19,28,35,31,44,70.97,70.97,79.55,11.9,13.9,4.14,14.68,1.82,1.89,3.25,10.57
PHX,2019-11-15,20,21,52,27,54,88.89,88.89,88.89,4.59,16.78,6.56,8.52,3.17,2.95,1.69,7.35
PHX,2019-11-15,21,39,27,41,28,78.05,73.17,82.14,8.32,16.95,6.46,12.63,1.11,1.68,1.21,10.43
PHX,2019-11-15,22,16,32,19,33,57.89,52.63,81.82,21.0,12.79,3.11,23.74,1.3,1.78,0.52,5.82
PHX,2019-11-15,23,11,18,11,19,100.0,100.0,84.21,0.64,17.0,5.2,2.27,0.37,0.81,0.32,6.68
PHX,2019-11-16,0,6,3,7,8,85.71,85.71,62.5,2.71,13.43,2.8,4.57,0.13,0.05,0.0,37.0
PHX,2019-11-16,1,3,3,4,5,100.0,100.0,60.0,0.0,11.25,0.7,0.0,0.8,0.02,0.0,14.0
PHX,2019-11-16,2,1,0,1,1,100.0,100.0,100.0,0.0,14.0,2.9,0.0,0.0,0.0,0.0,0.0
PHX,2019-11-16,3,0,0,0,1,0.0,0.0,0.0,0.0,0.0,0.0,0.0,0.0,0.1,0.0,35.0
PHX,2019-11-16,4,0,0,1,1,100.0,100.0,100.0,0.0,10.0,0.0,0.0,0.0,0.1,2.0,13.0
PHX,2019-11-16,5,2,2,3,4,100.0,100.0,50.0,0.0,10.0,0.27,0.0,0.0,1.08,4.75,16.5
PHX,2019-11-16,6,20,2,26,2,84.62,80.77,100.0,10.77,13.54,3.38,12.77,2.5,0.0,8.0,3.5
PHX,2019-11-16,7,25,14,28,14,96.43,92.86,92.86,10.36,12.82,2.93,11.71,2.57,0.21,2.64,6.93
PHX,2019-11-16,8,24,26,27,25,96.3,92.59,96.0,2.26,12.78,2.57,2.96,1.8,1.0,0.4,6.44
PHX,2019-11-16,9,41,35,42,37,90.48,83.33,89.19,6.36,16.45,5.87,9.74,1.86,3.09,2.32,7.05
PHX,2019-11-16,10,44,38,46,38,91.3,80.43,92.11,4.26,17.3,7.17,9.09,2.71,7.83,2.61,4.18
PHX,2019-11-16,11,35,29,35,32,82.86,80.0,93.75,5.91,18.11,7.29,10.8,1.72,0.66,1.19,2.41
PHX,2019-11-16,12,26,41,26,40,100.0,100.0,87.5,0.58,12.54,3.14,1.69,1.6,0.81,0.5,4.8
PHX,2019-11-16,13,39,26,41,29,90.24,87.8,89.66,5.39,14.66,4.16,7.66,2.14,0.61,3.31,4.79
PHX,2019-11-16,14,28,28,27,27,81.48,81.48,92.59,8.52,14.59,4.25,10.44,1.89,0.95,0.52,3.67
PHX,2019-11-16,15,24,31,26,32,100.0,96.15,90.63,0.69,14.73,4.19,2.73,1.84,1.29,0.53,9.38
PHX,2019-11-16,16,33,29,33,31,93.94,93.94,83.87,4.42,13.67,3.36,5.45,2.16,1.71,1.03,10.65
PHX,2019-11-16,17,27,33,28,33,92.86,92.86,93.94,6.07,10.75,1.42,6.93,2.06,1.02,0.36,3.55
PHX,2019-11-16,18,29,29,30,30,83.33,80.0,90.0,5.23,11.83,1.78,6.03,2.23,2.91,0.93,6.73
PHX,2019-11-16,19,18,29,19,30,94.74,94.74,93.33,5.11,10.47,0.94,5.26,1.83,2.27,1.03,39.3
PHX,2019-11-16,20,14,37,14,37,78.57,78.57,91.89,13.43,11.0,0.96,13.57,2.27,5.26,1.24,2.95
PHX,2019-11-16,21,22,14,22,16,90.91,90.91,81.25,28.05,13.14,1.66,28.41,1.88,2.35,2.0,14.75
PHX,2019-11-16,22,6,20,7,21,100.0,100.0,95.24,0.86,14.14,2.41,2.43,2.43,1.64,0.33,6.05
PHX,2019-11-16,23,9,8,9,8,88.89,88.89,87.5,2.67,11.56,1.0,3.0,2.5,4.16,1.25,7.63
PHX,2019-11-17,0,7,10,7,4,100.0,100.0,75.0,0.71,12.14,2.0,1.29,0.5,5.9,0.0,12.25
PHX,2019-11-17,1,3,7,4,3,50.0,50.0,66.67,25.0,11.5,1.05,25.75,3.0,0.7,0.0,9.0
PHX,2019-11-17,2,1,0,1,0,100.0,100.0,0.0,0.0,13.0,1.9,0.0,0.0,0.0,0.0,0.0
PHX,2019-11-17,3,0,0,0,1,0.0,0.0,100.0,0.0,0.0,0.0,0.0,2.0,1.1,5.0,12.0
PHX,2019-11-17,4,0,0,1,1,100.0,100.0,0.0,0.0,12.0,1.4,0.0,3.0,2.1,18.0,18.0
PHX,2019-11-17,5,4,0,7,2,71.43,71.43,50.0,15.29,12.71,3.81,15.57,4.0,0.9,11.0,14.0
PHX,2019-11-17,6,26,2,27,2,96.3,96.3,50.0,1.22,12.15,2.58,1.89,10.0,0.0,17.0,14.5
PHX,2019-11-17,7,19,14,20,16,100.0,100.0,68.75,0.25,12.75,2.89,1.1,5.38,0.78,6.63,13.38
PHX,2019-11-17,8,32,24,34,24,97.06,94.12,95.83,2.18,14.18,3.98,3.91,1.21,2.52,0.75,1.5
PHX,2019-11-17,9,35,38,38,39,89.47,76.32,89.74,9.95,19.18,8.29,15.76,3.0,4.27,3.15,6.36
PHX,2019-11-17,10,48,46,48,44,91.67,77.08,95.45,7.17,17.54,7.55,12.81,3.39,13.45,3.23,7.7
PHX,2019-11-17,11,41,30,41,32,95.12,80.49,93.75,2.05,20.93,9.96,8.66,1.94,3.05,1.06,1.84
PHX,2019-11-17,12,31,35,32,35,90.63,87.5,94.29,3.69,12.63,3.42,5.47,1.8,1.24,1.89,6.37
PHX,2019-11-17,13,34,30,35,31,97.14,97.14,90.32,1.8,15.63,4.75,4.17,2.71,3.99,2.84,4.39
PHX,2019-11-17,14,33,31,33,30,90.91,90.91,93.33,4.12,15.27,4.77,6.52,2.63,2.08,1.6,3.17
PHX,2019-11-17,15,29,33,29,35,96.55,96.55,91.43,1.52,10.79,0.88,1.48,2.26,2.02,1.97,5.86
PHX,2019-11-17,16,36,30,37,34,89.19,78.38,88.24,10.35,13.38,3.28,12.03,1.59,2.65,2.26,5.0
PHX,2019-11-17,17,25,36,28,40,89.29,89.29,90.0,4.46,11.54,1.32,5.32,1.8,0.97,0.43,4.4
PHX,2019-11-17,18,36,32,35,32,100.0,94.29,93.75,0.97,12.29,2.49,1.91,1.59,2.73,1.13,2.94
PHX,2019-11-17,19,29,31,30,31,93.33,90.0,90.32,2.37,10.47,1.36,2.7,3.16,1.83,1.9,13.52
PHX,2019-11-17,20,20,52,21,53,95.24,95.24,84.91,3.33,11.29,1.8,3.9,1.72,3.46,1.74,4.6
PHX,2019-11-17,21,39,21,40,23,75.0,72.5,82.61,11.18,13.0,2.7,12.43,1.13,1.44,1.39,11.57
PHX,2019-11-17,22,11,32,11,34,90.91,90.91,85.29,1.91,10.82,0.93,2.36,2.21,3.45,4.5,5.29
PHX,2019-11-17,23,14,18,15,19,86.67,80.0,100.0,4.67,14.6,4.05,7.2,0.89,3.28,1.11,1.84
PHX,2019-11-18,0,6,8,7,11,85.71,85.71,100.0,16.29,11.86,1.5,16.71,0.73,1.72,0.0,2.09
PHX,2019-11-18,1,4,4,5,7,60.0,60.0,100.0,32.6,11.6,1.06,32.4,1.14,0.46,0.14,1.43
PHX,2019-11-18,2,1,0,1,1,100.0,100.0,100.0,0.0,12.0,0.9,0.0,0.0,1.1,2.0,12.0
PHX,2019-11-18,3,0,0,0,0,0.0,0.0,0.0,0.0,0.0,0.0,0.0,0.0,0.0,0.0,0.0
PHX,2019-11-18,4,0,0,0,1,0.0,0.0,0.0,0.0,0.0,0.0,0.0,0.0,1.1,0.0,49.0
PHX,2019-11-18,5,6,1,7,0,85.71,85.71,0.0,5.29,10.29,1.16,5.57,0.0,0.0,0.0,0.0
PHX,2019-11-18,6,22,4,26,5,80.77,80.77,80.0,7.77,12.35,2.45,8.62,3.0,0.2,6.8,13.4
PHX,2019-11-18,7,24,13,25,15,92.0,92.0,86.67,2.08,12.64,2.48,3.36,2.4,0.37,4.27,9.13
PHX,2019-11-18,8,33,27,35,27,100.0,94.29,92.59,0.94,14.66,4.48,3.11,1.44,1.49,1.22,2.19
PHX,2019-11-18,9,36,35,37,35,89.19,70.27,82.86,6.27,19.14,8.29,11.78,2.31,2.94,1.86,25.91
PHX,2019-11-18,10,46,44,47,45,85.11,72.34,97.78,14.66,18.4,8.09,20.77,2.11,6.04,0.8,15.29
PHX,2019-11-18,11,38,25,38,26,94.74,81.58,88.46,6.34,19.39,8.46,10.97,1.08,1.96,5.46,7.04
PHX,2019-11-18,12,23,39,25,40,96.0,96.0,95.0,1.76,12.8,3.36,3.32,1.32,0.79,0.3,0.93
PHX,2019-11-18,13,40,30,42,32,88.1,88.1,90.63,6.1,14.5,3.94,8.02,1.72,0.22,2.88,3.5
PHX,2019-11-18,14,31,28,34,26,88.24,88.24,92.31,7.68,12.82,2.41,8.29,1.73,1.03,0.58,7.65
PHX,2019-11-18,15,24,29,26,30,84.62,84.62,86.67,9.35,12.62,2.18,10.27,2.47,1.16,2.4,11.5
PHX,2019-11-18,16,39,37,40,39,87.5,85.0,84.62,7.75,12.98,2.94,9.35,0.97,2.61,0.77,4.46
PHX,2019-11-18,17,32,30,33,33,90.91,84.85,72.73,3.79,13.85,4.04,6.52,1.88,3.08,1.97,8.06
PHX,2019-11-18,18,26,28,29,38,79.31,79.31,81.58,19.86,13.69,3.22,21.79,1.97,2.22,2.76,17.08
PHX,2019-11-18,19,28,34,32,43,78.13,78.13,86.05,8.84,12.03,2.26,9.94,2.14,1.97,1.95,5.65
PHX,2019-11-18,20,17,52,25,54,96.0,96.0,90.74,2.28,13.72,3.7,3.84,1.76,3.23,0.7,4.76
PHX,2019-11-18,21,39,26,42,27,90.48,92.86,92.59,3.26,12.79,2.48,4.02,1.89,2.21,1.59,5.56
PHX,2019-11-18,22,16,31,19,32,84.21,84.21,84.38,3.74,12.74,2.84,4.68,1.22,1.34,1.06,6.56
PHX,2019-11-18,23,11,17,11,18,100.0,100.0,100.0,0.18,13.27,1.97,0.64,0.17,0.4,0.0,0.28
PHX,2019-11-19,0,7,9,9,8,77.78,77.78,75.0,21.67,12.56,1.91,22.33,0.13,0.2,0.63,9.13
PHX,2019-11-19,1,2,3,2,6,100.0,100.0,50.0,0.0,12.5,1.65,0.0,7.17,2.0,8.17,20.17
PHX,2019-11-19,2,1,0,1,0,100.0,100.0,0.0,0.0,12.0,0.9,0.0,0.0,0.0,0.0,0.0
PHX,2019-11-19,3,0,0,0,1,0.0,0.0,100.0,0.0,0.0,0.0,0.0,0.0,1.1,1.0,0.0
PHX,2019-11-19,4,0,0,1,2,100.0,100.0,100.0,0.0,13.0,2.4,2.0,0.0,0.1,1.0,0.0
PHX,2019-11-19,5,6,0,8,7,100.0,100.0,28.57,0.13,13.0,3.69,1.88,0.43,1.63,2.14,19.29
PHX,2019-11-19,6,24,3,34,6,76.47,76.47,50.0,8.79,12.74,2.68,10.0,2.5,2.35,9.17,17.83
PHX,2019-11-19,7,22,12,29,15,79.31,79.31,93.33,8.07,14.97,4.64,10.45,0.6,0.01,1.67,1.67
PHX,2019-11-19,8,30,25,43,26,81.4,81.4,92.31,5.79,14.84,4.61,8.33,1.19,1.76,2.04,6.73
PHX,2019-11-19,9,36,35,38,37,92.11,81.58,83.78,3.11,18.61,7.77,7.53,2.03,3.02,1.73,3.59
PHX,2019-11-19,10,42,43,42,43,90.48,85.71,100.0,3.1,16.36,6.16,6.86,1.88,7.35,1.84,0.88
PHX,2019-11-19,11,37,24,36,26,91.67,91.67,96.15,3.42,15.28,4.34,4.39,2.0,0.66,1.08,4.04
PHX,2019-11-19,12,24,37,27,37,88.89,85.19,89.19,6.04,13.89,4.36,9.07,2.27,1.31,4.24,4.32
PHX,2019-11-19,13,38,30,40,31,82.5,50.0,67.74,8.03,27.25,16.39,21.55,3.52,5.79,9.0,40.52
PHX,2019-11-19,14,30,31,29,31,72.41,31.03,77.42,33.14,25.24,14.6,46.52,5.48,3.22,3.74,10.61
PHX,2019-11-19,15,26,30,26,31,84.62,34.62,80.65,8.19,25.92,14.91,21.15,6.52,0.88,10.29,10.06
PHX,2019-11-19,16,39,34,38,38,71.05,50.0,71.05,12.68,22.34,11.9,22.37,9.13,0.81,7.76,19.61
PHX,2019-11-19,17,30,28,31,35,74.19,64.52,60.0,8.61,18.65,8.12,14.35,7.74,2.76,9.49,18.26
PHX,2019-11-19,18,25,30,24,39,83.33,62.5,56.41,15.46,18.25,7.38,20.75,5.87,2.05,10.26,19.82
PHX,2019-11-19,19,27,33,29,43,62.07,55.17,53.49,16.24,14.66,4.44,19.9,4.12,1.27,8.16,21.19
PHX,2019-11-19,20,16,51,22,53,68.18,59.09,67.92,11.27,16.0,5.83,16.05,7.09,1.98,7.91,14.91
PHX,2019-11-19,21,36,25,38,24,73.68,63.16,70.83,18.21,18.47,7.93,23.89,4.67,1.38,4.5,14.5
PHX,2019-11-19,22,16,29,16,31,75.0,75.0,80.65,7.31,12.5,2.84,9.06,4.19,2.54,5.58,8.68
PHX,2019-11-19,23,11,16,11,16,100.0,100.0,87.5,1.27,13.82,3.15,2.64,2.44,2.11,0.75,4.13
PHX,2019-11-20,0,6,8,7,10,71.43,71.43,100.0,21.57,17.86,7.54,26.57,2.4,0.66,0.9,1.1
PHX,2019-11-20,1,2,4,3,5,66.67,66.67,40.0,14.33,10.33,1.97,11.0,1.4,1.72,2.8,28.0
PHX,2019-11-20,2,1,0,1,0,100.0,100.0,0.0,0.0,12.0,0.9,0.0,0.0,0.0,0.0,0.0
PHX,2019-11-20,3,0,0,0,1,0.0,0.0,100.0,0.0,0.0,0.0,0.0,0.0,1.1,2.0,2.0
PHX,2019-11-20,4,0,0,0,1,0.0,0.0,100.0,0.0,0.0,0.0,0.0,0.0,0.1,0.0,14.0
PHX,2019-11-20,5,6,1,7,6,85.71,85.71,50.0,12.86,12.0,2.53,13.29,4.0,0.75,7.17,28.17
PHX,2019-11-20,6,22,3,31,7,77.42,77.42,42.86,10.74,13.71,4.01,13.0,4.0,0.61,5.86,12.43
PHX,2019-11-20,7,24,13,29,13,93.1,89.66,100.0,4.55,14.76,4.49,7.14,5.46,0.47,0.46,0.0
PHX,2019-11-20,8,30,24,37,26,91.89,86.49,92.31,3.3,15.84,5.71,6.62,3.27,1.34,2.58,29.58
PHX,2019-11-20,9,35,34,35,32,82.86,71.43,65.63,15.09,18.4,7.45,20.54,6.56,3.01,10.19,17.56
PHX,2019-11-20,10,44,43,44,44,84.09,63.64,84.09,7.3,22.32,11.8,17.09,6.45,7.02,7.39,14.91
PHX,2019-11-20,11,39,25,40,25,77.5,60.0,80.0,8.85,24.08,13.1,19.5,6.88,2.44,9.36,10.6
PHX,2019-11-20,12,23,37,23,37,91.3,73.91,78.38,4.39,23.13,12.94,15.0,6.46,1.77,5.51,16.51
PHX,2019-11-20,13,39,29,40,31,72.5,60.0,83.87,11.9,18.08,7.4,17.27,4.23,2.07,4.26,5.26
PHX,2019-11-20,14,30,30,31,29,77.42,70.97,86.21,15.61,14.9,4.73,19.06,4.45,2.9,4.03,5.34
PHX,2019-11-20,15,25,30,26,32,80.77,80.77,53.13,6.65,14.46,3.72,9.58,9.53,2.22,11.63,18.53
PHX,2019-11-20,16,39,36,39,37,64.1,17.95,43.24,17.85,34.05,23.59,39.54,19.89,3.47,22.38,33.73
PHX,2019-11-20,17,31,29,32,32,53.13,6.25,43.75,41.16,33.09,22.41,61.34,9.91,4.4,15.78,35.88
PHX,2019-11-20,18,26,29,27,42,59.26,7.41,47.62,27.26,27.93,17.22,43.19,6.29,3.15,10.31,28.67
PHX,2019-11-20,19,28,34,31,41,41.94,35.48,43.9,28.52,13.42,3.64,31.39,7.9,2.49,11.95,39.12
PHX,2019-11-20,20,20,52,30,56,63.33,63.33,60.71,23.37,12.7,2.64,25.3,7.71,3.06,7.52,25.91
PHX,2019-11-20,21,38,27,41,28,56.1,56.1,53.57,20.0,13.29,3.06,22.17,4.68,3.5,7.54,29.29
PHX,2019-11-20,22,18,28,19,30,52.63,52.63,53.33,21.05,10.68,1.37,22.11,6.47,6.57,11.57,17.03
PHX,2019-11-20,23,10,16,10,16,90.0,90.0,75.0,2.5,13.5,2.41,4.2,2.19,4.42,2.94,14.0
PHX,2019-11-21,0,6,11,8,9,62.5,62.5,66.67,8.5,13.5,2.68,9.75,4.44,0.86,5.22,75.56
PHX,2019-11-21,1,3,3,3,5,100.0,100.0,100.0,0.0,16.33,5.6,3.67,2.8,0.44,0.8,3.2
PHX,2019-11-21,2,1,0,1,0,100.0,100.0,0.0,0.0,10.0,0.0,0.0,0.0,0.0,0.0,0.0
PHX,2019-11-21,3,0,0,0,1,0.0,0.0,100.0,0.0,0.0,0.0,0.0,3.0,1.1,6.0,0.0
PHX,2019-11-21,4,0,0,0,3,0.0,0.0,66.67,0.0,0.0,0.0,0.0,0.33,0.77,5.33,15.67
PHX,2019-11-21,5,6,3,8,8,100.0,100.0,62.5,1.5,11.0,1.76,2.63,1.0,1.54,4.88,19.0
PHX,2019-11-21,6,24,3,35,6,71.43,71.43,50.0,12.14,13.91,3.93,14.23,2.33,0.73,5.17,15.0
PHX,2019-11-21,7,20,15,25,15,92.0,92.0,93.33,1.4,15.2,4.8,4.68,3.4,1.47,3.6,2.73
PHX,2019-11-21,8,35,28,46,28,89.13,89.13,92.86,5.02,16.96,6.74,9.89,2.86,1.73,2.54,6.18
PHX,2019-11-21,9,31,32,36,33,88.89,63.89,69.7,3.83,22.92,12.21,13.67,3.91,1.32,7.76,10.88
PHX,2019-11-21,10,44,46,45,45,82.22,28.89,84.44,7.11,30.69,20.28,25.67,6.82,3.54,3.91,8.84
PHX,2019-11-21,11,41,27,42,29,76.19,7.14,79.31,18.19,38.55,27.38,43.1,5.17,2.56,9.0,18.14
PHX,2019-11-21,12,25,32,26,34,76.92,69.23,73.53,7.92,17.08,7.22,13.69,6.47,1.89,7.09,14.0
PHX,2019-11-21,13,36,31,38,32,81.58,71.05,62.5,8.08,17.58,6.92,12.61,3.56,0.83,4.41,15.25
PHX,2019-11-21,14,32,32,30,30,76.67,66.67,63.33,18.33,18.37,8.02,24.77,4.53,1.24,3.97,24.47
PHX,2019-11-21,15,29,31,31,31,45.16,22.58,51.61,34.42,26.39,15.45,48.58,11.42,7.64,16.23,27.58
PHX,2019-11-21,16,41,32,42,34,19.05,7.14,38.24,43.52,16.6,6.07,49.52,8.91,7.14,15.82,24.0
PHX,2019-11-21,17,31,30,33,36,42.42,42.42,44.44,26.06,13.91,3.62,29.12,8.19,3.46,8.86,25.19
PHX,2019-11-21,18,22,28,23,42,73.91,60.87,59.52,13.7,14.09,3.77,16.65,3.26,2.25,5.57,31.43
PHX,2019-11-21,19,29,33,32,37,68.75,56.25,62.16,18.09,13.19,3.46,20.59,3.95,2.02,3.54,18.32
PHX,2019-11-21,20,17,51,26,54,50.0,46.15,77.78,32.62,15.35,5.5,37.15,3.7,4.38,4.11,30.63
PHX,2019-11-21,21,36,28,40,28,77.5,55.0,71.43,9.8,18.93,8.5,16.33,4.46,1.65,4.43,14.54
PHX,2019-11-21,22,18,29,17,30,58.82,47.06,70.0,13.35,12.06,2.2,15.18,3.4,2.39,3.03,17.1
PHX,2019-11-21,23,10,16,11,16,81.82,72.73,81.25,7.27,14.73,3.54,9.36,3.75,0.83,4.88,22.88
PHX,2019-11-22,0,7,13,7,11,85.71,71.43,63.64,10.29,14.57,4.21,14.14,2.45,0.95,6.27,30.36
PHX,2019-11-22,1,3,3,3,4,100.0,100.0,50.0,2.67,12.33,1.93,4.0,1.75,0.78,0.5,61.0
PHX,2019-11-22,2,1,0,1,1,100.0,100.0,0.0,0.0,13.0,1.9,0.0,12.0,0.4,10.0,54.0
PHX,2019-11-22,3,0,0,0,1,0.0,0.0,100.0,0.0,0.0,0.0,0.0,0.0,1.1,0.0,2.0
PHX,2019-11-22,4,0,0,0,2,0.0,0.0,100.0,0.0,0.0,0.0,0.0,0.0,0.1,2.0,0.0
PHX,2019-11-22,5,6,3,8,9,100.0,100.0,55.56,0.0,12.13,2.89,0.63,2.33,0.46,3.78,21.56
PHX,2019-11-22,6,21,3,33,4,72.73,72.73,75.0,13.15,12.03,2.42,14.21,2.0,0.05,2.0,7.25
PHX,2019-11-22,7,22,14,31,18,77.42,74.19,72.22,8.74,14.61,4.24,11.77,2.28,1.21,3.22,11.78
PHX,2019-11-22,8,34,28,39,31,74.36,69.23,74.19,12.15,19.03,8.86,18.54,6.68,2.23,7.65,15.19
PHX,2019-11-22,9,34,32,36,31,75.0,63.89,83.87,9.5,19.08,8.35,15.83,2.97,2.74,3.74,10.94
PHX,2019-11-22,10,43,45,45,46,77.78,66.67,86.96,10.42,16.44,6.31,15.87,3.46,6.87,4.02,7.57
PHX,2019-11-22,11,40,28,42,29,83.33,71.43,89.66,7.38,18.71,7.75,12.69,1.9,1.07,2.45,3.28
PHX,2019-11-22,12,27,34,29,35,75.86,75.86,82.86,8.62,12.03,2.66,10.45,3.23,1.44,2.37,53.03
PHX,2019-11-22,13,37,29,39,30,84.62,76.92,90.0,21.36,16.62,5.84,24.62,1.67,2.65,1.3,7.57
PHX,2019-11-22,14,32,32,32,33,84.38,84.38,90.91,10.63,12.25,2.39,11.53,2.79,1.45,1.91,7.85
PHX,2019-11-22,15,30,28,32,29,75.0,71.88,89.66,22.59,13.88,3.45,25.16,2.76,1.22,0.97,4.55
PHX,2019-11-22,16,37,36,39,41,79.49,79.49,68.29,9.0,13.05,2.85,10.92,3.02,2.4,5.17,16.78
PHX,2019-11-22,17,33,30,36,35,88.89,86.11,97.14,12.53,12.47,2.25,13.81,1.89,2.47,2.23,1.54
PHX,2019-11-22,18,24,27,25,35,88.0,88.0,71.43,5.6,11.52,1.63,6.24,2.23,1.25,1.71,10.23
PHX,2019-11-22,19,31,35,34,40,58.82,50.0,67.5,19.76,13.32,3.5,21.97,2.95,2.35,2.7,17.52
PHX,2019-11-22,20,20,53,26,54,84.62,76.92,83.33,4.58,14.85,4.69,7.23,2.98,3.1,1.93,4.46
PHX,2019-11-22,21,35,29,37,30,91.89,86.49,80.0,5.35,12.7,2.61,6.76,3.17,2.34,2.53,8.07
PHX,2019-11-22,22,18,39,19,40,68.42,63.16,85.0,16.11,11.74,2.63,17.53,1.9,2.42,1.95,8.93
PHX,2019-11-22,23,19,30,19,30,89.47,89.47,80.0,1.95,15.84,4.23,3.68,5.57,2.78,4.9,10.67
PHX,2019-11-23,0,22,8,24,14,91.67,91.67,78.57,3.13,15.79,4.49,4.67,1.43,2.37,1.79,9.93
PHX,2019-11-23,1,3,2,4,4,100.0,100.0,75.0,0.0,10.5,0.23,0.0,0.25,0.05,0.0,5.75
PHX,2019-11-23,2,1,0,1,0,100.0,100.0,0.0,0.0,12.0,0.9,0.0,0.0,0.0,0.0,0.0
PHX,2019-11-23,3,0,0,0,1,0.0,0.0,0.0,0.0,0.0,0.0,0.0,3.0,1.1,6.0,36.0
PHX,2019-11-23,4,0,0,0,1,0.0,0.0,100.0,0.0,0.0,0.0,0.0,0.0,0.0,0.0,0.0
PHX,2019-11-23,5,8,3,8,6,87.5,87.5,50.0,6.75,12.13,3.14,8.63,3.33,1.53,11.83,36.17
PHX,2019-11-23,6,22,1,26,3,88.46,84.62,0.0,6.15,12.12,2.35,6.73,3.0,0.0,13.33,56.33
PHX,2019-11-23,7,19,17,25,16,88.0,92.0,87.5,4.44,11.56,1.86,5.56,2.31,0.74,5.31,4.56
PHX,2019-11-23,8,36,30,37,29,100.0,94.59,86.21,0.38,16.46,6.26,4.35,4.83,1.63,7.03,8.45
PHX,2019-11-23,9,34,28,35,32,85.71,80.0,87.5,8.66,17.34,6.52,13.46,2.66,1.24,2.31,27.5
PHX,2019-11-23,10,35,48,36,49,97.22,88.89,93.88,1.39,16.78,6.68,5.75,2.67,6.76,1.57,3.9
PHX,2019-11-23,11,42,26,42,28,88.1,85.71,92.86,5.93,17.05,6.44,9.31,1.18,1.14,1.86,3.18
PHX,2019-11-23,12,25,35,26,35,92.31,88.46,88.57,4.23,11.65,2.49,5.23,1.66,1.6,1.37,16.31
PHX,2019-11-23,13,37,25,38,28,92.11,86.84,92.86,4.68,14.5,3.74,6.26,3.07,1.44,2.93,8.5
PHX,2019-11-23,14,25,32,25,31,88.0,84.0,93.55,4.92,14.24,3.72,5.92,1.81,0.7,0.71,1.65
PHX,2019-11-23,15,31,27,32,29,96.88,96.88,79.31,2.63,13.91,3.62,4.38,2.1,1.62,1.1,12.24
PHX,2019-11-23,16,30,29,31,34,87.1,83.87,85.29,12.9,12.16,1.96,13.81,1.97,1.55,1.88,4.56
PHX,2019-11-23,17,25,30,26,29,92.31,88.46,89.66,2.73,11.12,1.46,3.12,1.69,2.19,0.76,5.21
PHX,2019-11-23,18,23,20,23,20,82.61,78.26,90.0,4.09,10.35,0.94,4.39,1.45,1.9,0.65,4.1
PHX,2019-11-23,19,21,32,23,35,86.96,82.61,94.29,5.04,10.83,1.32,5.96,2.11,2.28,0.83,3.14
PHX,2019-11-23,20,23,45,24,46,87.5,91.67,86.96,2.42,10.21,1.52,2.75,1.65,2.86,1.89,4.04
PHX,2019-11-23,21,28,30,29,30,93.1,93.1,96.67,1.31,12.72,2.19,1.66,1.63,2.49,1.23,2.43
PHX,2019-11-23,22,23,25,25,27,84.0,80.0,85.19,6.56,9.8,1.33,7.04,1.56,2.82,1.3,17.74
PHX,2019-11-23,23,9,13,10,13,80.0,80.0,92.31,53.1,11.4,0.86,53.7,0.85,0.89,0.23,1.92
PHX,2019-11-24,0,7,12,8,9,87.5,87.5,88.89,3.13,11.5,1.48,3.38,1.44,1.42,0.78,8.89
PHX,2019-11-24,1,3,6,3,2,100.0,100.0,100.0,0.0,10.67,0.3,0.0,0.0,0.05,0.0,0.0
PHX,2019-11-24,2,1,0,2,0,50.0,50.0,0.0,16.5,11.0,1.2,17.5,0.0,0.0,0.0,0.0
PHX,2019-11-24,3,0,0,0,2,0.0,0.0,50.0,0.0,0.0,0.0,0.0,0.0,3.6,6.0,26.5
PHX,2019-11-24,4,0,0,2,0,100.0,100.0,0.0,0.0,9.5,1.2,0.0,0.0,0.0,0.0,0.0
PHX,2019-11-24,5,4,3,7,4,85.71,71.43,25.0,9.29,9.86,1.03,8.86,1.25,3.38,19.0,51.5
PHX,2019-11-24,6,26,1,27,2,92.59,88.89,50.0,5.41,12.93,3.14,6.89,11.5,2.0,30.0,25.5
PHX,2019-11-24,7,17,14,18,16,94.44,94.44,87.5,1.28,12.0,2.12,1.89,1.5,1.31,6.63,4.63
PHX,2019-11-24,8,32,26,33,27,84.85,84.85,92.59,7.09,14.39,4.17,9.42,1.89,1.91,3.11,26.81
PHX,2019-11-24,9,32,32,33,33,87.88,84.85,90.91,10.09,17.7,6.83,14.36,2.61,3.98,3.36,4.82
PHX,2019-11-24,10,44,49,46,49,89.13,82.61,95.92,3.83,17.41,7.41,9.61,3.37,5.61,2.37,3.29
PHX,2019-11-24,11,42,32,43,32,90.7,69.77,84.38,6.26,22.23,11.13,13.79,1.59,1.4,0.59,13.31
PHX,2019-11-24,12,33,32,33,34,81.82,78.79,82.35,14.12,12.42,3.25,16.15,3.29,1.4,2.82,7.47
PHX,2019-11-24,13,34,27,34,29,94.12,91.18,86.21,4.91,17.15,6.31,8.65,1.69,3.22,1.45,15.69
PHX,2019-11-24,14,31,35,32,35,87.5,81.25,85.71,5.63,14.03,3.55,6.41,2.29,1.05,0.94,7.29
PHX,2019-11-24,15,32,33,33,34,84.85,81.82,85.29,4.12,12.24,2.25,5.21,2.0,1.94,1.0,4.0
PHX,2019-11-24,16,37,29,38,36,81.58,81.58,91.67,7.92,13.29,3.09,9.34,2.08,1.81,2.33,3.39
PHX,2019-11-24,17,28,35,30,39,80.0,80.0,84.62,15.67,11.27,1.28,16.13,1.31,1.42,1.67,11.28
PHX,2019-11-24,18,32,30,33,31,87.88,81.82,90.32,7.03,12.36,2.98,8.42,1.77,1.94,0.35,3.58
PHX,2019-11-24,19,27,29,28,31,96.43,92.86,77.42,1.11,11.86,2.58,2.39,3.16,1.8,2.74,8.77
PHX,2019-11-24,20,20,52,20,52,65.0,65.0,86.54,15.2,11.65,2.03,15.65,1.38,3.72,1.9,11.54
PHX,2019-11-24,21,36,25,37,25,78.38,78.38,92.0,13.92,11.3,1.42,14.05,2.56,1.87,0.88,4.6
PHX,2019-11-24,22,13,27,14,28,85.71,85.71,78.57,7.86,11.86,2.06,8.57,1.71,1.31,1.75,10.61
PHX,2019-11-24,23,12,18,12,21,100.0,100.0,90.48,0.42,10.92,1.26,0.33,1.86,1.27,1.76,3.48
PHX,2019-11-25,0,7,11,9,12,88.89,88.89,100.0,1.67,10.78,0.57,1.89,2.58,3.07,1.17,0.92
PHX,2019-11-25,1,5,3,6,6,83.33,83.33,83.33,5.67,12.0,1.83,6.33,5.17,2.05,3.5,4.67
PHX,2019-11-25,2,1,0,1,0,100.0,100.0,0.0,0.0,12.0,0.9,0.0,0.0,0.0,0.0,0.0
PHX,2019-11-25,3,0,0,0,1,0.0,0.0,0.0,0.0,0.0,0.0,0.0,0.0,1.1,1.0,32.0
PHX,2019-11-25,4,0,0,0,1,0.0,0.0,100.0,0.0,0.0,0.0,0.0,0.0,1.1,0.0,4.0
PHX,2019-11-25,5,6,3,7,3,85.71,85.71,66.67,9.71,11.29,2.16,11.0,4.0,1.3,7.33,5.33
PHX,2019-11-25,6,20,3,24,3,83.33,83.33,100.0,7.96,12.96,3.19,8.88,2.33,0.0,3.33,3.33
PHX,2019-11-25,7,22,14,22,15,100.0,100.0,80.0,0.68,12.5,2.51,1.86,2.93,1.71,4.53,8.87
PHX,2019-11-25,8,34,28,34,28,88.24,85.29,92.86,3.85,14.74,4.52,5.26,1.46,0.94,1.57,20.89
PHX,2019-11-25,9,34,31,39,31,87.18,82.05,90.32,2.9,19.05,8.23,8.51,2.55,2.49,2.58,18.77
PHX,2019-11-25,10,43,46,44,46,90.91,84.09,93.48,5.75,17.57,7.41,10.75,4.52,6.0,2.67,2.52
PHX,2019-11-25,11,40,27,39,28,97.44,89.74,92.86,1.41,16.9,6.06,4.95,2.79,0.96,0.75,3.18
PHX,2019-11-25,12,25,33,26,33,88.46,88.46,93.94,6.19,11.31,1.82,6.77,2.48,2.37,2.85,3.52
PHX,2019-11-25,13,38,29,41,32,87.8,87.8,78.13,4.39,13.44,3.03,5.61,2.47,2.65,4.25,9.44
PHX,2019-11-25,14,30,32,36,31,75.0,77.78,74.19,11.19,12.11,2.16,12.0,5.55,1.5,4.48,21.74
PHX,2019-11-25,15,28,29,28,30,71.43,78.57,86.67,11.82,12.04,1.76,11.96,2.37,1.19,1.73,9.43
PHX,2019-11-25,16,39,34,40,39,90.0,90.0,87.18,6.72,13.68,3.5,8.35,2.56,2.19,4.13,4.08
PHX,2019-11-25,17,32,31,31,33,70.97,70.97,60.61,15.58,12.16,1.91,16.16,4.88,2.66,6.33,20.36
PHX,2019-11-25,18,24,27,28,37,57.14,53.57,70.27,20.14,14.07,3.86,23.5,3.27,1.77,4.19,9.89
PHX,2019-11-25,19,27,33,30,41,80.0,80.0,68.29,12.33,12.1,2.6,14.07,3.83,2.84,4.8,19.15
PHX,2019-11-25,20,17,50,26,51,76.92,76.92,82.35,8.85,12.85,2.85,10.38,5.2,2.51,4.8,15.8
PHX,2019-11-25,21,36,31,41,32,82.93,85.37,71.88,23.83,14.32,4.21,25.71,4.34,2.46,6.22,11.38
PHX,2019-11-25,22,18,25,17,26,58.82,64.71,53.85,18.29,9.53,0.77,17.53,4.12,1.53,5.73,20.58
PHX,2019-11-25,23,8,13,8,16,100.0,100.0,50.0,0.5,12.0,1.59,1.5,3.75,0.74,8.5,22.38
PHX,2019-11-26,0,7,13,8,12,75.0,62.5,50.0,9.0,20.75,10.28,14.63,3.08,0.52,8.17,25.5
PHX,2019-11-26,1,3,4,3,4,100.0,100.0,75.0,1.33,11.0,0.6,1.67,1.0,1.0,3.25,6.0
PHX,2019-11-26,2,1,0,1,0,100.0,100.0,0.0,0.0,12.0,0.9,0.0,0.0,0.0,0.0,0.0
PHX,2019-11-26,3,0,0,0,1,0.0,0.0,100.0,0.0,0.0,0.0,0.0,6.0,1.1,10.0,6.0
PHX,2019-11-26,4,0,0,0,2,0.0,0.0,50.0,0.0,0.0,0.0,0.0,3.0,0.1,12.0,38.0
PHX,2019-11-26,5,6,3,9,8,66.67,66.67,50.0,26.11,9.56,0.73,26.11,2.13,1.35,6.88,15.63
PHX,2019-11-26,6,22,3,30,6,76.67,70.0,66.67,24.4,13.23,3.33,26.57,1.5,0.72,4.0,13.17
PHX,2019-11-26,7,20,12,25,15,84.0,80.0,86.67,14.08,13.6,3.66,16.48,2.6,1.86,5.73,5.33
PHX,2019-11-26,8,34,28,39,30,82.05,79.49,86.67,8.51,13.92,3.98,10.87,3.9,2.22,4.37,5.13
PHX,2019-11-26,9,35,31,40,30,77.5,65.0,90.0,15.85,17.77,7.12,20.9,3.57,1.45,3.63,11.1
PHX,2019-11-26,10,42,45,47,46,89.36,59.57,84.78,5.94,20.45,10.09,14.26,5.89,5.36,5.83,9.28
PHX,2019-11-26,11,38,26,38,26,84.21,81.58,73.08,8.45,16.79,5.83,12.24,4.88,1.19,4.42,12.58
PHX,2019-11-26,12,25,33,25,35,88.0,80.0,80.0,8.96,12.88,3.9,11.76,3.83,1.07,1.97,22.8
PHX,2019-11-26,13,37,30,38,29,73.68,73.68,65.52,12.97,12.82,2.51,14.47,3.86,2.09,6.34,15.31
PHX,2019-11-26,14,31,32,33,34,75.76,72.73,67.65,9.0,11.73,1.71,9.79,11.79,1.83,13.09,32.38
PHX,2019-11-26,15,30,29,32,28,84.38,81.25,85.71,7.16,13.63,3.03,8.66,3.68,2.42,3.29,6.68
PHX,2019-11-26,16,37,33,37,41,70.27,62.16,78.05,15.41,13.38,3.25,17.92,3.78,1.8,5.95,7.59
PHX,2019-11-26,17,30,31,33,38,66.67,69.7,71.05,13.88,12.88,2.88,15.09,4.0,3.11,7.79,17.45
PHX,2019-11-26,18,25,30,27,44,62.96,51.85,65.91,20.48,15.85,5.41,24.37,2.93,3.57,5.45,17.05
PHX,2019-11-26,19,31,31,36,39,63.89,63.89,61.54,16.31,13.44,3.63,19.14,3.92,2.72,6.23,15.77
PHX,2019-11-26,20,17,52,25,53,80.0,64.0,67.92,12.32,14.92,4.8,15.48,4.4,4.93,6.85,13.51
PHX,2019-11-26,21,35,31,40,33,70.0,67.5,60.61,29.8,15.35,5.25,33.45,3.76,2.21,7.18,21.15
PHX,2019-11-26,22,20,36,20,38,55.0,50.0,57.89,20.45,12.2,2.5,22.15,3.39,2.75,4.61,28.53
PHX,2019-11-26,23,17,24,18,24,77.78,77.78,62.5,7.78,15.28,4.56,10.33,3.29,4.25,8.38,27.42
PHX,2019-11-27,0,19,13,21,13,76.19,61.9,38.46,15.05,17.48,6.25,18.71,4.38,2.61,13.15,36.77
PHX,2019-11-27,1,4,3,4,6,50.0,50.0,33.33,16.75,12.0,1.67,16.75,8.33,2.02,12.17,54.67
PHX,2019-11-27,2,1,0,1,0,100.0,100.0,0.0,0.0,14.0,2.9,0.0,0.0,0.0,0.0,0.0
PHX,2019-11-27,3,0,0,0,1,0.0,0.0,0.0,0.0,0.0,0.0,0.0,9.0,1.1,12.0,31.0
PHX,2019-11-27,4,0,0,0,1,0.0,0.0,0.0,0.0,0.0,0.0,0.0,0.0,1.1,21.0,73.0
PHX,2019-11-27,5,6,3,7,10,100.0,100.0,40.0,0.0,11.71,2.61,2.14,2.3,1.45,7.1,37.3
PHX,2019-11-27,6,20,3,28,3,71.43,64.29,100.0,28.86,16.32,6.68,33.82,0.33,0.33,4.33,4.33
PHX,2019-11-27,7,22,12,30,18,73.33,73.33,77.78,19.7,15.63,5.3,23.53,2.39,1.2,3.56,8.33
PHX,2019-11-27,8,35,28,45,29,73.33,66.67,72.41,14.91,17.87,7.5,20.13,1.52,2.14,6.38,14.62
PHX,2019-11-27,9,34,31,38,33,81.58,57.89,66.67,9.11,21.29,10.48,17.24,2.73,2.59,13.12,33.36
PHX,2019-11-27,10,43,47,45,46,86.67,66.67,86.96,10.38,18.38,8.2,16.49,4.13,2.91,6.02,8.3
PHX,2019-11-27,11,39,27,42,30,73.81,66.67,60.0,11.19,18.19,7.29,16.21,5.0,1.05,7.87,26.03
PHX,2019-11-27,12,25,33,27,36,74.07,62.96,69.44,25.93,13.85,4.17,28.67,4.72,1.61,10.92,17.75
PHX,2019-11-27,13,37,29,38,31,81.58,68.42,58.06,10.32,16.32,5.58,14.16,2.61,0.85,7.16,21.16
PHX,2019-11-27,14,32,32,31,35,61.29,58.06,71.43,12.97,15.74,5.4,16.97,4.03,0.66,5.6,22.43
PHX,2019-11-27,15,29,29,33,30,69.7,69.7,73.33,13.36,15.33,4.73,16.48,4.0,1.28,5.87,9.47
PHX,2019-11-27,16,37,35,37,39,62.16,62.16,66.67,23.0,15.11,4.76,26.51,4.31,1.06,5.82,14.38
PHX,2019-11-27,17,32,30,35,36,65.71,54.29,52.78,13.23,14.54,4.23,16.23,3.86,1.51,6.58,19.14
PHX,2019-11-27,18,25,28,24,40,66.67,58.33,62.5,10.75,15.08,4.56,14.21,3.23,0.72,6.83,28.33
PHX,2019-11-27,19,30,34,34,41,58.82,52.94,58.54,29.26,15.79,5.89,34.09,3.2,0.64,7.32,16.56
PHX,2019-11-27,20,18,52,25,55,72.0,68.0,63.64,11.72,13.88,3.63,14.24,5.89,2.23,6.04,20.53
PHX,2019-11-27,21,37,30,41,31,65.85,53.66,51.61,16.12,17.95,7.47,22.07,5.84,2.08,10.74,22.06
PHX,2019-11-27,22,19,39,21,41,57.14,52.38,70.73,20.62,13.33,3.54,23.43,3.27,3.2,5.63,11.2
PHX,2019-11-27,23,17,25,19,26,73.68,73.68,61.54,21.89,14.26,3.18,23.0,3.38,3.51,7.5,15.27
PHX,2019-11-28,0,20,3,21,13,76.19,61.9,61.54,9.43,16.29,5.22,12.71,2.54,2.5,6.15,24.85
PHX,2019-11-28,1,3,1,4,5,75.0,75.0,40.0,5.75,10.5,0.23,5.75,1.2,0.24,5.6,18.2
PHX,2019-11-28,2,1,0,1,0,100.0,100.0,0.0,0.0,15.0,3.9,0.0,0.0,0.0,0.0,0.0
PHX,2019-11-28,3,0,0,0,1,0.0,0.0,0.0,0.0,0.0,0.0,0.0,1.0,0.1,4.0,28.0
PHX,2019-11-28,4,0,0,0,1,0.0,0.0,0.0,0.0,0.0,0.0,0.0,0.0,0.1,0.0,46.0
PHX,2019-11-28,5,2,3,4,6,100.0,100.0,66.67,0.0,14.75,4.28,3.5,0.83,0.17,1.83,20.67
PHX,2019-11-28,6,19,1,23,2,82.61,82.61,50.0,3.83,12.3,2.73,5.09,0.0,0.0,2.5,26.0
PHX,2019-11-28,7,22,14,24,13,91.67,91.67,84.62,5.13,12.33,2.81,6.71,1.92,0.39,2.69,17.46
PHX,2019-11-28,8,37,25,38,25,86.84,86.84,80.0,5.37,15.0,4.84,8.0,2.08,1.17,4.76,28.72
PHX,2019-11-28,9,30,32,31,34,93.55,77.42,76.47,3.74,18.97,8.24,9.48,4.21,1.09,7.24,9.85
PHX,2019-11-28,10,40,46,42,45,83.33,66.67,86.67,6.29,17.79,7.97,12.71,5.69,3.45,5.78,15.82
PHX,2019-11-28,11,38,31,38,33,84.21,71.05,75.76,7.08,18.08,7.25,11.74,5.3,1.94,9.21,17.39
PHX,2019-11-28,12,22,36,24,36,70.83,70.83,72.22,13.42,9.63,1.17,13.42,3.25,1.49,7.53,12.97
PHX,2019-11-28,13,39,25,40,28,80.0,75.0,67.86,17.88,13.28,3.04,19.2,4.86,2.44,5.36,20.43
PHX,2019-11-28,14,15,19,15,18,80.0,80.0,83.33,7.6,10.13,1.15,7.53,5.0,0.81,6.22,8.94
PHX,2019-11-28,15,17,17,18,17,77.78,77.78,82.35,19.33,8.78,0.26,19.06,2.18,1.04,2.76,8.59
PHX,2019-11-28,16,11,15,10,16,80.0,90.0,75.0,4.4,9.7,1.35,4.5,1.69,1.16,1.94,15.44
PHX,2019-11-28,17,7,19,8,23,50.0,50.0,86.96,29.38,8.5,0.41,28.75,2.61,1.95,3.52,7.22
PHX,2019-11-28,18,5,14,5,13,80.0,80.0,76.92,5.6,9.8,0.66,5.2,5.0,1.74,4.15,9.69
PHX,2019-11-28,19,3,6,3,7,100.0,100.0,57.14,0.0,9.67,0.47,0.0,2.71,1.31,5.57,20.71
PHX,2019-11-28,20,2,11,2,11,50.0,50.0,81.82,12.0,14.5,3.9,15.5,1.55,0.85,4.09,12.09
PHX,2019-11-28,21,1,3,1,4,100.0,100.0,75.0,0.0,13.0,1.9,0.0,2.75,2.73,7.25,6.25
PHX,2019-11-28,22,1,7,1,7,100.0,100.0,100.0,0.0,9.0,0.0,0.0,2.43,2.51,10.71,6.14
PHX,2019-11-28,23,3,4,3,4,100.0,100.0,100.0,0.0,10.67,0.63,0.0,2.25,1.6,3.5,0.0
PHX,2019-11-29,0,5,7,5,3,100.0,80.0,33.33,0.0,33.4,22.54,19.4,243.67,1.4,251.0,240.0
PHX,2019-11-29,1,1,2,1,1,100.0,0.0,0.0,0.0,34.0,23.4,20.0,68.0,1.1,66.0,61.0
PHX,2019-11-29,2,0,0,0,0,0.0,0.0,0.0,0.0,0.0,0.0,0.0,0.0,0.0,0.0,0.0
PHX,2019-11-29,3,0,0,0,1,0.0,0.0,0.0,0.0,0.0,0.0,0.0,8.0,0.0,4.0,95.0
PHX,2019-11-29,4,0,0,0,1,0.0,0.0,0.0,0.0,0.0,0.0,0.0,0.0,2.3,5.0,28.0
PHX,2019-11-29,5,3,3,4,8,75.0,75.0,50.0,7.0,14.0,3.28,7.25,3.63,3.38,7.75,24.5
PHX,2019-11-29,6,9,1,16,2,62.5,56.25,0.0,28.94,15.13,4.48,31.81,4.5,15.5,16.0,24.0
PHX,2019-11-29,7,14,8,21,8,57.14,57.14,75.0,27.14,13.71,3.0,28.95,7.25,0.84,7.63,9.63
PHX,2019-11-29,8,42,24,47,25,76.6,70.21,56.0,12.49,15.45,5.29,16.7,6.08,6.76,11.36,27.96
PHX,2019-11-29,9,32,19,34,19,82.35,70.59,68.42,7.47,16.35,5.74,12.32,5.95,7.08,11.58,22.89
PHX,2019-11-29,10,28,46,31,46,70.97,67.74,67.39,11.1,14.68,4.51,14.42,8.09,5.03,10.3,13.15
PHX,2019-11-29,11,49,25,50,24,74.0,66.0,75.0,12.34,14.34,4.11,15.2,6.29,2.51,9.13,11.79
PHX,2019-11-29,12,20,35,21,36,71.43,76.19,61.11,12.05,12.52,3.16,14.05,6.89,1.81,7.69,16.36
PHX,2019-11-29,13,45,21,46,22,69.57,60.87,90.91,11.96,14.59,4.09,14.89,4.27,2.6,5.77,5.73
PHX,2019-11-29,14,19,21,19,20,78.95,73.68,90.0,12.26,12.37,2.18,13.42,3.6,1.88,5.4,18.75
PHX,2019-11-29,15,20,13,21,15,90.48,90.48,73.33,10.67,9.52,1.2,10.76,1.8,0.94,2.73,17.6
PHX,2019-11-29,16,16,20,13,22,69.23,76.92,72.73,15.23,10.92,2.18,16.23,3.55,1.54,4.41,10.05
PHX,2019-11-29,17,14,24,15,25,66.67,66.67,76.0,11.13,10.0,0.58,11.6,2.2,1.28,3.92,20.28
PHX,2019-11-29,18,20,15,19,23,73.68,68.42,65.22,13.63,8.74,1.0,13.42,4.22,1.93,6.22,15.26
PHX,2019-11-29,19,13,30,14,36,50.0,42.86,66.67,16.64,9.5,1.62,17.64,1.89,1.13,6.0,11.44
PHX,2019-11-29,20,18,25,24,27,83.33,83.33,74.07,7.13,9.92,1.21,7.33,3.11,1.69,6.19,14.33
PHX,2019-11-29,21,11,17,14,17,50.0,50.0,70.59,26.36,9.64,1.66,27.36,2.71,1.36,4.82,19.0
PHX,2019-11-29,22,6,14,6,14,33.33,33.33,28.57,43.67,8.83,0.82,43.17,3.21,1.55,6.64,45.29
PHX,2019-11-29,23,6,16,6,16,83.33,83.33,68.75,5.83,11.0,0.8,6.0,1.88,0.56,4.13,12.88
PHX,2019-11-30,0,7,11,7,7,71.43,71.43,71.43,15.86,10.57,0.53,15.71,2.43,3.31,3.86,11.0
PHX,2019-11-30,1,3,4,4,3,50.0,75.0,66.67,14.5,8.5,0.0,13.0,0.0,2.7,12.0,18.67
PHX,2019-11-30,2,1,0,1,0,100.0,100.0,0.0,8.0,12.0,0.9,9.0,0.0,0.0,0.0,0.0
PHX,2019-11-30,3,0,0,0,1,0.0,0.0,100.0,0.0,0.0,0.0,0.0,4.0,0.1,6.0,7.0
PHX,2019-11-30,4,0,0,0,1,0.0,0.0,100.0,0.0,0.0,0.0,0.0,2.0,0.0,4.0,0.0
PHX,2019-11-30,5,9,3,11,4,90.91,90.91,75.0,9.0,11.09,1.95,9.82,1.25,4.2,2.5,12.0
PHX,2019-11-30,6,21,2,27,3,77.78,77.78,66.67,32.26,12.0,2.23,33.56,3.0,14.6,9.67,10.0
PHX,2019-11-30,7,21,16,25,16,80.0,72.0,75.0,20.8,13.12,3.0,22.36,2.13,0.62,3.31,48.56
PHX,2019-11-30,8,37,33,37,32,89.19,81.08,87.5,10.84,14.35,4.17,13.38,2.34,1.54,3.16,13.16
PHX,2019-11-30,9,32,29,32,31,90.63,75.0,70.97,3.94,17.75,6.98,8.78,3.0,2.7,7.65,12.81
PHX,2019-11-30,10,42,48,43,52,69.77,46.51,73.08,14.56,18.3,7.97,20.77,4.15,3.7,6.27,23.33
PHX,2019-11-30,11,43,27,45,31,71.11,66.67,61.29,19.49,15.13,4.65,22.51,3.06,1.43,4.9,20.06
PHX,2019-11-30,12,26,35,29,37,58.62,51.72,81.08,22.79,13.83,4.17,26.0,2.27,0.69,3.62,9.7
PHX,2019-11-30,13,38,26,40,28,70.0,60.0,75.0,19.33,17.98,7.22,25.2,2.75,0.63,5.32,18.39
PHX,2019-11-30,14,27,32,27,31,74.07,66.67,67.74,20.19,15.04,4.49,23.56,1.9,1.71,2.19,14.68
PHX,2019-11-30,15,34,30,36,33,55.56,50.0,84.85,20.03,16.72,6.26,24.97,2.21,2.14,1.7,10.45
PHX,2019-11-30,16,31,31,32,31,81.25,62.5,70.97,8.75,19.91,9.23,16.03,2.77,1.65,6.0,16.84
PHX,2019-11-30,17,32,32,33,33,66.67,69.7,72.73,25.3,14.58,4.76,28.3,3.0,1.56,3.7,14.73
PHX,2019-11-30,18,27,21,28,25,50.0,46.43,36.0,33.54,14.89,5.17,38.21,3.88,1.13,14.04,40.92
PHX,2019-11-30,19,27,38,29,42,44.83,41.38,69.05,28.17,17.03,7.13,34.52,2.9,2.17,1.95,14.9
PHX,2019-11-30,20,27,48,27,45,55.56,44.44,71.11,31.26,16.11,6.87,36.89,2.84,2.67,4.31,17.82
PHX,2019-11-30,21,29,35,31,35,74.19,67.74,71.43,16.55,17.65,7.52,22.16,1.83,1.6,2.57,13.63
PHX,2019-11-30,22,24,36,24,38,54.17,37.5,52.63,35.71,14.58,5.71,41.25,2.63,1.2,4.0,33.08
PHX,2019-11-30,23,19,29,19,30,63.16,52.63,43.33,17.58,16.84,6.23,22.21,2.6,1.6,7.47,51.03
PHX,2019-12-01,0,19,20,19,11,73.68,57.89,90.91,45.89,16.95,6.61,51.26,1.18,2.97,2.09,9.0
PHX,2019-12-01,1,4,8,5,4,60.0,40.0,50.0,21.0,16.0,5.88,26.8,0.75,0.53,0.75,15.25
PHX,2019-12-01,2,1,1,1,0,100.0,0.0,0.0,10.0,16.0,5.8,16.0,0.0,0.0,0.0,0.0
PHX,2019-12-01,3,0,0,0,1,0.0,0.0,100.0,0.0,0.0,0.0,0.0,3.0,0.1,6.0,1.0
PHX,2019-12-01,4,0,0,2,1,100.0,100.0,100.0,0.0,8.5,0.7,0.0,0.0,3.1,4.0,0.0
PHX,2019-12-01,5,12,3,15,3,86.67,80.0,100.0,4.8,12.33,3.82,7.87,0.67,13.67,2.67,0.0
PHX,2019-12-01,6,22,2,23,3,82.61,82.61,100.0,6.26,11.96,2.76,8.83,0.33,8.37,6.0,4.67
PHX,2019-12-01,7,19,17,20,19,90.0,90.0,100.0,3.2,12.95,3.12,5.7,1.26,0.79,0.21,1.16
PHX,2019-12-01,8,36,32,38,33,92.11,81.58,75.76,5.74,16.08,6.29,10.39,1.82,1.37,3.36,26.18
PHX,2019-12-01,9,39,29,42,33,66.67,61.9,81.82,37.43,17.29,7.47,43.1,3.64,1.85,3.3,8.7
PHX,2019-12-01,10,39,52,42,51,71.43,52.38,80.39,9.76,16.26,6.5,15.31,3.78,5.16,3.8,9.76
PHX,2019-12-01,11,43,29,46,31,60.87,52.17,80.65,24.41,19.8,9.68,32.2,1.9,1.83,5.68,16.61
PHX,2019-12-01,12,26,34,25,36,76.0,72.0,77.78,8.8,13.4,3.55,11.88,2.42,2.24,3.17,22.69
PHX,2019-12-01,13,37,31,39,31,58.97,53.85,74.19,29.23,16.56,6.46,34.21,2.74,2.05,3.9,10.74
PHX,2019-12-01,14,35,32,37,32,51.35,48.65,78.13,19.65,15.03,5.15,23.81,2.75,1.79,2.09,8.06
PHX,2019-12-01,15,32,37,34,39,64.71,61.76,64.1,30.35,14.85,4.82,34.0,1.51,2.6,4.51,16.15
PHX,2019-12-01,16,36,31,36,35,61.11,58.33,65.71,23.47,15.06,5.09,27.89,2.91,0.47,4.8,18.17
PHX,2019-12-01,17,29,30,30,33,73.33,60.0,57.58,15.67,17.03,7.23,21.8,2.58,1.76,4.97,26.52
PHX,2019-12-01,18,29,24,30,29,50.0,40.0,58.62,26.23,14.67,5.08,30.6,2.72,3.17,7.69,21.76
PHX,2019-12-01,19,33,42,35,44,60.0,51.43,56.82,28.77,15.66,5.99,34.31,2.39,2.42,4.64,21.16
PHX,2019-12-01,20,25,40,26,39,61.54,53.85,64.1,23.23,16.88,7.57,30.15,2.79,6.43,3.21,24.18
PHX,2019-12-01,21,28,35,30,37,70.0,63.33,67.57,12.77,16.37,6.12,17.37,2.19,2.77,2.62,16.11
PHX,2019-12-01,22,25,38,25,39,68.0,60.0,61.54,22.28,13.52,4.62,26.2,2.23,1.57,4.36,23.21
PHX,2019-12-01,23,23,27,24,27,70.83,66.67,55.56,31.17,14.38,4.37,33.83,1.89,2.9,3.81,30.15
PHX,2019-12-02,0,19,11,21,21,80.95,76.19,47.62,11.57,16.62,6.48,15.57,2.0,0.87,6.0,31.33
PHX,2019-12-02,1,4,3,5,8,60.0,60.0,50.0,43.4,13.4,3.08,46.4,2.0,3.01,3.0,41.5
PHX,2019-12-02,2,2,0,2,1,100.0,100.0,0.0,3.5,13.0,3.0,6.5,0.0,0.0,0.0,100.0
PHX,2019-12-02,3,0,0,0,1,0.0,0.0,100.0,0.0,0.0,0.0,0.0,0.0,0.1,2.0,0.0
PHX,2019-12-02,4,0,0,0,0,0.0,0.0,0.0,0.0,0.0,0.0,0.0,0.0,0.0,0.0,0.0
PHX,2019-12-02,5,9,3,10,4,70.0,70.0,100.0,17.4,13.6,4.47,20.9,0.0,0.03,0.5,0.0
PHX,2019-12-02,6,20,3,26,3,76.92,76.92,100.0,10.27,13.12,3.58,13.19,0.67,2.03,1.33,2.33
PHX,2019-12-02,7,22,15,22,16,86.36,86.36,93.75,4.91,13.82,3.75,7.23,2.19,1.94,1.19,1.44
PHX,2019-12-02,8,36,30,36,32,88.89,80.56,81.25,3.92,14.42,4.84,7.33,1.59,1.1,1.94,10.63
PHX,2019-12-02,9,34,30,35,30,80.0,68.57,73.33,14.94,19.54,9.46,22.17,3.2,2.36,2.6,21.33
PHX,2019-12-02,10,43,49,45,48,73.33,64.44,87.5,15.04,16.09,6.48,20.18,2.33,4.26,1.13,13.38
PHX,2019-12-02,11,37,27,37,30,72.97,67.57,83.33,20.0,19.43,9.14,26.84,1.93,2.71,2.33,17.9
PHX,2019-12-02,12,26,35,29,35,93.1,86.21,80.0,5.38,15.45,6.11,10.14,1.43,0.69,1.69,6.17
PHX,2019-12-02,13,39,29,39,32,64.1,56.41,68.75,29.44,16.1,5.88,34.31,2.81,0.98,2.69,15.16
PHX,2019-12-02,14,33,31,36,31,72.22,66.67,83.87,8.86,14.61,4.74,12.17,1.65,1.02,1.71,6.26
PHX,2019-12-02,15,27,30,32,31,65.63,65.63,77.42,22.28,15.06,4.78,25.94,1.35,1.05,0.68,14.29
PHX,2019-12-02,16,40,34,41,36,70.73,58.54,72.22,15.41,15.27,5.4,19.8,3.06,0.87,2.25,15.75
PHX,2019-12-02,17,34,32,36,37,61.11,55.56,75.68,26.08,14.33,4.43,29.08,2.65,2.13,2.43,7.84
PHX,2019-12-02,18,24,27,26,38,76.92,69.23,73.68,22.73,15.12,5.2,26.77,1.45,1.5,2.95,10.71
PHX,2019-12-02,19,30,35,32,43,71.88,62.5,74.42,15.5,14.56,5.23,19.97,1.63,1.12,2.3,11.44
PHX,2019-12-02,20,17,50,25,50,84.0,68.0,64.0,7.96,14.92,5.08,11.8,3.72,2.0,1.42,24.94
PHX,2019-12-02,21,36,31,40,32,55.0,50.0,56.25,26.88,15.93,6.17,31.63,6.06,1.97,8.53,36.25
PHX,2019-12-02,22,18,27,20,29,30.0,25.0,65.52,41.6,12.75,3.53,44.9,2.62,1.23,1.69,17.41
PHX,2019-12-02,23,10,17,10,18,70.0,70.0,33.33,11.2,16.4,5.42,14.0,1.5,0.91,9.22,35.56
PHX,2019-12-03,0,7,8,7,11,71.43,71.43,54.55,37.14,13.14,2.97,37.71,1.45,0.23,1.18,40.0
PHX,2019-12-03,1,3,3,5,4,60.0,60.0,50.0,12.8,13.2,3.0,14.4,0.5,0.05,13.75,192.75
PHX,2019-12-03,2,1,0,1,2,100.0,100.0,100.0,11.0,10.0,0.0,11.0,0.0,0.55,0.0,0.0
PHX,2019-12-03,3,0,0,1,2,100.0,100.0,50.0,0.0,12.0,1.4,0.0,0.0,0.1,0.0,11.0
PHX,2019-12-03,4,0,0,0,2,0.0,0.0,50.0,0.0,0.0,0.0,0.0,1.0,0.1,5.0,34.5
PHX,2019-12-03,5,6,2,8,11,100.0,100.0,45.45,1.25,10.13,1.45,2.5,0.82,0.68,2.36,26.45
PHX,2019-12-03,6,23,3,31,7,70.97,70.97,57.14,29.19,13.74,4.3,32.77,1.71,2.06,4.71,27.14
PHX,2019-12-03,7,19,12,29,17,62.07,62.07,88.24,18.48,12.24,3.08,20.14,1.41,1.4,1.94,8.29
PHX,2019-12-03,8,33,26,42,28,69.05,59.52,89.29,21.38,16.55,6.85,26.71,2.21,1.93,2.29,3.32
PHX,2019-12-03,9,34,32,40,36,72.5,62.5,86.11,23.6,18.93,8.81,30.3,2.44,1.04,2.56,28.97
PHX,2019-12-03,10,40,44,44,43,81.82,50.0,79.07,9.89,21.45,11.69,19.8,4.84,3.17,4.79,8.33
PHX,2019-12-03,11,32,26,34,28,82.35,76.47,67.86,11.91,16.12,6.1,16.0,1.25,0.92,2.18,7.75
PHX,2019-12-03,12,26,33,26,37,65.38,69.23,81.08,11.81,12.65,3.55,14.58,5.73,1.33,5.41,9.19
PHX,2019-12-03,13,37,28,37,30,81.08,72.97,63.33,11.27,15.27,5.25,15.35,2.47,0.97,2.8,14.73
PHX,2019-12-03,14,27,30,28,29,60.71,57.14,82.76,20.04,15.25,5.17,24.18,2.97,1.74,1.24,10.69
PHX,2019-12-03,15,25,28,26,29,76.92,73.08,82.76,14.0,13.23,3.32,16.62,2.62,1.42,2.03,6.93
PHX,2019-12-03,16,37,29,37,32,70.27,64.86,68.75,10.22,12.38,2.94,11.73,1.84,1.39,1.88,14.44
PHX,2019-12-03,17,29,28,33,35,72.73,66.67,77.14,11.52,11.33,1.72,12.97,2.83,1.66,2.4,13.91
PHX,2019-12-03,18,20,26,20,40,65.0,65.0,75.0,9.1,11.7,2.13,10.85,1.65,1.98,3.17,14.98
PHX,2019-12-03,19,26,30,30,36,83.33,83.33,77.78,9.83,12.77,3.53,12.13,3.69,1.42,4.06,12.94
PHX,2019-12-03,20,16,46,25,48,84.0,76.0,75.0,7.36,14.96,5.25,10.72,2.21,2.62,1.27,16.13
PHX,2019-12-03,21,35,30,40,31,65.0,60.0,61.29,16.93,13.3,3.73,18.98,1.52,2.56,5.35,54.52
PHX,2019-12-03,22,16,24,16,26,62.5,62.5,53.85,26.69,9.38,0.85,26.63,1.88,1.79,2.35,16.92
PHX,2019-12-03,23,9,17,9,18,66.67,55.56,61.11,20.0,16.0,5.8,24.44,1.17,3.71,2.06,13.78
PHX,2019-12-04,0,4,7,6,8,33.33,33.33,37.5,23.17,12.0,1.6,24.67,0.5,1.57,0.0,35.63
PHX,2019-12-04,1,3,2,3,5,100.0,100.0,60.0,1.33,10.67,1.07,1.0,0.6,4.48,4.6,19.4
PHX,2019-12-04,2,1,0,1,0,100.0,100.0,0.0,3.0,10.0,0.0,3.0,0.0,0.0,0.0,0.0
PHX,2019-12-04,3,0,0,1,2,0.0,0.0,100.0,83.0,13.0,2.4,85.0,0.0,0.05,0.0,6.5
PHX,2019-12-04,4,0,0,0,2,0.0,0.0,0.0,0.0,0.0,0.0,0.0,0.0,0.05,3.0,119.5
PHX,2019-12-04,5,6,1,7,9,85.71,71.43,55.56,4.43,12.0,3.4,7.29,1.11,1.27,2.89,18.78
PHX,2019-12-04,6,23,2,33,6,69.7,63.64,33.33,38.76,15.33,5.91,43.7,1.17,1.22,5.17,21.83
PHX,2019-12-04,7,21,13,33,17,63.64,66.67,88.24,21.42,14.12,4.4,24.55,1.82,1.05,2.29,9.94
PHX,2019-12-04,8,33,23,45,25,77.78,57.78,88.0,16.18,19.27,9.35,23.58,1.92,1.54,2.28,3.36
PHX,2019-12-04,9,35,32,41,34,70.73,58.54,88.24,16.05,19.46,9.51,23.29,2.91,0.4,2.62,6.15
PHX,2019-12-04,10,39,46,38,45,86.84,68.42,91.11,10.84,17.26,7.68,17.37,2.87,4.5,4.27,9.71
PHX,2019-12-04,11,37,23,40,24,85.0,77.5,87.5,14.05,16.83,6.69,18.75,2.08,0.62,0.75,7.54
PHX,2019-12-04,12,27,35,26,36,80.77,73.08,80.56,16.27,13.0,4.1,18.96,2.11,0.93,2.92,12.14
PHX,2019-12-04,13,37,32,39,35,74.36,71.79,80.0,11.08,15.64,5.7,15.21,2.06,0.59,4.69,13.2
PHX,2019-12-04,14,34,25,34,25,79.41,50.0,80.0,14.41,17.74,7.49,20.74,2.92,0.42,0.72,8.4
PHX,2019-12-04,15,22,30,23,31,65.22,56.52,67.74,10.61,14.96,4.8,14.13,2.81,2.17,2.81,21.97
PHX,2019-12-04,16,36,34,37,41,67.57,62.16,80.49,24.51,12.65,3.31,27.0,1.8,1.77,3.0,16.39
PHX,2019-12-04,17,29,28,30,34,66.67,60.0,67.65,21.53,13.8,4.03,24.37,3.03,1.52,4.38,13.53
PHX,2019-12-04,18,24,24,24,36,75.0,66.67,69.44,15.92,13.17,3.29,18.88,2.75,1.89,4.94,14.58
PHX,2019-12-04,19,28,36,33,46,60.61,60.61,56.52,16.42,11.97,2.78,18.39,3.02,2.31,4.02,20.89
PHX,2019-12-04,20,18,48,27,51,59.26,59.26,74.51,14.74,13.04,3.27,16.85,2.92,4.04,3.51,14.78
PHX,2019-12-04,21,39,26,43,26,69.77,65.12,46.15,14.02,13.26,3.63,16.51,2.92,2.82,5.27,30.77
PHX,2019-12-04,22,15,28,15,29,46.67,40.0,55.17,44.73,10.27,1.47,46.07,2.97,1.55,2.48,18.79
PHX,2019-12-04,23,7,19,7,20,85.71,85.71,60.0,3.14,14.14,2.97,4.14,1.0,1.56,3.65,21.3
PHX,2019-12-05,0,5,7,5,7,100.0,100.0,57.14,1.6,12.0,1.52,2.8,1.57,0.2,2.57,20.71
PHX,2019-12-05,1,3,3,4,3,100.0,100.0,66.67,0.25,11.75,1.8,1.75,1.0,0.4,3.0,19.33
PHX,2019-12-05,2,1,0,1,0,100.0,100.0,0.0,0.0,10.0,0.0,0.0,0.0,0.0,0.0,0.0
PHX,2019-12-05,3,0,0,0,1,0.0,0.0,100.0,0.0,0.0,0.0,0.0,0.0,1.1,0.0,12.0
PHX,2019-12-05,4,0,0,0,3,0.0,0.0,0.0,0.0,0.0,0.0,0.0,2.67,0.4,8.67,72.33
PHX,2019-12-05,5,6,2,7,7,100.0,100.0,42.86,0.0,9.0,1.31,0.86,2.86,1.91,3.14,13.86
PHX,2019-12-05,6,25,2,34,4,82.35,82.35,75.0,31.71,14.26,4.61,34.62,0.75,0.0,1.0,10.5
PHX,2019-12-05,7,20,14,35,18,77.14,68.57,83.33,12.63,15.0,5.12,16.11,2.56,0.68,3.33,4.22
PHX,2019-12-05,8,36,25,43,28,79.07,76.74,96.43,12.21,15.67,5.68,15.81,2.32,2.9,3.0,4.11
PHX,2019-12-05,9,36,32,42,32,76.19,66.67,93.75,11.45,18.71,8.75,17.83,2.84,2.77,2.25,2.66
PHX,2019-12-05,10,41,48,41,49,87.8,78.05,85.71,4.8,19.12,9.3,12.44,1.82,6.48,3.63,8.08
PHX,2019-12-05,11,42,22,43,24,88.37,69.77,79.17,7.91,19.86,9.5,15.56,0.79,2.82,2.08,5.71
PHX,2019-12-05,12,25,39,26,38,84.62,84.62,94.74,5.88,10.46,1.66,7.31,3.0,1.44,1.66,2.39
PHX,2019-12-05,13,36,32,36,34,91.67,88.89,88.24,3.5,13.31,3.49,5.64,3.06,2.59,2.65,6.62
PHX,2019-12-05,14,35,28,36,28,88.89,88.89,85.71,4.39,12.42,2.64,5.72,1.61,1.24,1.61,4.39
PHX,2019-12-05,15,24,32,27,33,77.78,77.78,90.91,5.85,11.67,1.57,6.26,2.48,1.49,0.58,20.58
PHX,2019-12-05,16,37,33,38,40,78.95,78.95,77.5,10.42,11.45,2.11,11.21,2.23,1.63,2.25,11.53
PHX,2019-12-05,17,29,29,32,38,87.5,84.38,81.58,8.44,11.72,2.48,9.88,2.08,3.28,3.82,7.97
PHX,2019-12-05,18,24,26,24,37,79.17,79.17,94.59,9.13,12.46,2.69,10.42,1.62,1.84,1.35,7.41
PHX,2019-12-05,19,28,36,32,43,81.25,84.38,81.4,9.59,11.31,2.33,10.53,2.98,1.9,2.42,9.49
PHX,2019-12-05,20,17,51,25,54,68.0,60.0,83.33,17.28,12.08,2.42,18.44,2.5,1.93,1.15,6.31
PHX,2019-12-05,21,39,27,45,29,84.44,80.0,68.97,7.38,13.8,4.17,9.71,2.45,1.81,3.66,15.14
PHX,2019-12-05,22,16,29,16,30,68.75,68.75,86.67,15.25,9.06,0.88,15.13,2.8,1.68,1.2,6.57
PHX,2019-12-05,23,9,18,10,19,80.0,70.0,84.21,10.5,13.7,3.02,12.3,1.05,2.03,1.63,10.68
PHX,2019-12-06,0,6,7,6,7,83.33,83.33,57.14,17.0,13.0,2.6,18.0,2.86,0.94,3.86,16.86
PHX,2019-12-06,1,3,3,4,4,75.0,75.0,50.0,6.75,12.5,2.25,7.25,1.0,4.8,2.5,11.0
PHX,2019-12-06,2,1,0,1,0,100.0,100.0,0.0,0.0,11.0,0.8,0.0,0.0,0.0,0.0,0.0
PHX,2019-12-06,3,0,0,0,1,0.0,0.0,100.0,0.0,0.0,0.0,0.0,0.0,1.1,1.0,6.0
PHX,2019-12-06,4,0,0,0,3,0.0,0.0,33.33,0.0,0.0,0.0,0.0,1.0,4.77,5.33,19.0
PHX,2019-12-06,5,6,1,7,8,100.0,100.0,50.0,0.0,13.0,4.27,1.43,0.13,3.8,5.5,24.38
PHX,2019-12-06,6,23,3,30,3,80.0,76.67,66.67,15.7,17.53,7.74,20.67,2.67,0.73,2.0,13.67
PHX,2019-12-06,7,22,15,31,16,80.65,77.42,100.0,9.9,15.65,5.7,14.13,2.13,0.19,0.88,1.0
PHX,2019-12-06,8,36,26,43,26,86.05,74.42,100.0,6.19,20.93,10.86,14.47,1.35,1.52,2.12,0.88
PHX,2019-12-06,9,37,31,41,35,90.24,75.61,91.43,2.83,19.49,9.38,9.34,1.49,1.67,2.09,4.14
PHX,2019-12-06,10,41,49,42,49,90.48,85.71,93.88,8.95,16.43,6.68,13.74,2.98,4.33,2.37,5.47
PHX,2019-12-06,11,42,24,43,25,88.37,83.72,92.0,10.84,17.7,7.6,16.07,0.72,1.5,5.52,7.4
PHX,2019-12-06,12,27,40,27,40,81.48,81.48,97.5,8.52,11.67,2.54,10.59,1.98,1.25,2.03,1.4
PHX,2019-12-06,13,37,31,37,32,86.49,86.49,75.0,7.35,16.19,6.21,11.51,3.0,0.89,2.91,13.78
PHX,2019-12-06,14,36,28,36,30,69.44,61.11,83.33,17.78,15.5,5.47,21.17,2.07,0.63,0.97,9.97
PHX,2019-12-06,15,23,30,23,31,82.61,78.26,83.87,7.22,15.48,5.21,11.35,1.9,1.14,2.03,8.81
PHX,2019-12-06,16,35,36,36,38,86.11,83.33,81.58,6.25,13.61,3.94,8.56,1.68,0.91,1.21,13.92
PHX,2019-12-06,17,30,29,31,31,77.42,67.74,77.42,15.23,15.23,5.44,18.74,3.35,1.85,3.13,13.35
PHX,2019-12-06,18,27,25,28,35,78.57,75.0,77.14,15.43,12.93,3.12,16.96,5.77,1.59,8.63,15.6
PHX,2019-12-06,19,29,38,32,44,65.63,59.38,70.45,19.22,12.69,3.4,21.84,2.2,1.8,2.02,17.09
PHX,2019-12-06,20,20,51,25,54,76.0,76.0,83.33,7.12,12.44,2.66,8.52,1.76,3.79,1.43,9.48
PHX,2019-12-06,21,39,27,41,29,78.05,75.61,75.86,10.66,12.29,2.89,12.73,1.62,1.84,3.31,26.07
PHX,2019-12-06,22,16,29,16,30,75.0,75.0,76.67,10.38,10.88,1.96,12.06,1.83,2.72,3.17,17.83
PHX,2019-12-06,23,9,18,9,19,100.0,100.0,78.95,0.67,12.89,2.36,1.56,0.84,3.24,0.11,10.63
PHX,2019-12-07,0,4,3,5,8,60.0,60.0,75.0,25.8,11.2,1.56,26.8,2.75,1.2,1.75,10.63
PHX,2019-12-07,1,3,2,4,3,100.0,100.0,33.33,0.0,12.5,2.1,0.75,1.33,0.7,0.0,32.33
PHX,2019-12-07,2,1,0,1,1,100.0,100.0,100.0,0.0,14.0,3.8,0.0,0.0,0.1,0.0,0.0
PHX,2019-12-07,3,0,0,0,1,0.0,0.0,0.0,0.0,0.0,0.0,0.0,0.0,1.1,1.0,22.0
PHX,2019-12-07,4,0,0,0,1,0.0,0.0,100.0,0.0,0.0,0.0,0.0,0.0,2.1,3.0,0.0
PHX,2019-12-07,5,2,2,3,3,100.0,100.0,33.33,0.0,13.0,2.63,1.33,1.67,1.07,9.0,35.33
PHX,2019-12-07,6,21,1,26,1,92.31,88.46,100.0,7.58,13.65,3.95,10.04,0.0,0.0,0.0,0.0
PHX,2019-12-07,7,21,14,30,14,73.33,70.0,100.0,14.3,13.03,3.48,16.43,1.5,1.04,1.0,0.0
PHX,2019-12-07,8,29,25,31,27,90.32,90.32,96.3,6.26,15.06,5.16,8.61,1.41,2.0,1.33,1.78
PHX,2019-12-07,9,41,32,45,33,88.89,66.67,84.85,4.24,18.47,8.83,10.67,1.82,3.7,3.61,3.61
PHX,2019-12-07,10,39,40,41,43,97.56,73.17,79.07,3.37,16.27,6.88,9.12,2.47,10.63,9.63,9.58
PHX,2019-12-07,11,39,25,39,30,84.62,69.23,96.67,9.13,19.36,9.27,16.0,1.23,1.66,1.37,1.77
PHX,2019-12-07,12,23,42,24,42,100.0,100.0,90.48,1.21,11.17,2.6,2.79,1.26,1.02,1.67,6.14
PHX,2019-12-07,13,38,28,38,29,84.21,78.95,89.66,13.37,14.39,4.65,16.53,2.45,1.19,1.14,5.48
PHX,2019-12-07,14,34,28,34,28,76.47,76.47,92.86,12.59,15.21,5.11,15.41,1.57,0.73,0.32,6.79
PHX,2019-12-07,15,21,33,22,34,90.91,81.82,91.18,5.05,16.59,6.5,9.45,1.32,1.14,0.38,3.56
PHX,2019-12-07,16,28,30,28,29,92.86,85.71,89.66,4.32,13.54,3.99,6.04,2.93,2.19,2.07,2.79
PHX,2019-12-07,17,25,32,26,34,88.46,84.62,94.12,4.19,13.65,4.49,7.23,1.62,1.43,1.94,2.74
PHX,2019-12-07,18,29,27,29,30,86.21,79.31,93.33,7.07,13.45,4.08,10.07,2.13,4.57,2.27,6.1
PHX,2019-12-07,19,18,34,19,36,89.47,89.47,77.78,14.95,13.37,4.04,18.32,2.17,1.94,1.56,21.33
PHX,2019-12-07,20,14,32,15,33,86.67,86.67,81.82,4.33,13.0,3.37,5.8,1.79,4.79,1.76,39.09
PHX,2019-12-07,21,22,15,23,15,86.96,82.61,93.33,4.17,15.35,4.46,6.39,1.87,2.57,1.8,23.07
PHX,2019-12-07,22,6,16,6,18,100.0,100.0,83.33,0.0,18.0,6.6,4.0,3.44,2.24,1.39,7.61
PHX,2019-12-07,23,7,7,7,7,85.71,85.71,85.71,4.14,12.71,2.71,5.57,1.86,1.4,3.57,29.0
PHX,2019-12-08,0,5,9,5,4,100.0,100.0,50.0,0.4,11.2,1.2,0.0,2.75,2.33,6.0,51.0
PHX,2019-12-08,1,3,6,5,2,60.0,60.0,50.0,65.8,10.2,1.12,65.4,14.0,0.0,0.5,15.5
PHX,2019-12-08,2,1,0,1,1,100.0,100.0,0.0,8.0,14.0,3.8,12.0,4.0,1.1,24.0,55.0
PHX,2019-12-08,3,0,0,0,1,0.0,0.0,100.0,0.0,0.0,0.0,0.0,0.0,1.1,2.0,5.0
PHX,2019-12-08,4,0,0,2,0,100.0,100.0,0.0,0.0,12.0,4.2,0.0,0.0,0.0,0.0,0.0
PHX,2019-12-08,5,4,1,7,2,85.71,85.71,100.0,3.14,12.71,3.36,5.43,1.5,1.0,0.0,0.0
PHX,2019-12-08,6,23,0,23,3,95.65,95.65,100.0,1.13,11.83,2.78,2.04,1.0,1.03,1.33,3.67
PHX,2019-12-08,7,18,13,19,16,89.47,84.21,93.75,3.16,11.63,2.34,4.32,3.56,0.62,3.31,2.5
PHX,2019-12-08,8,36,24,37,25,91.89,89.19,92.0,4.51,15.57,5.75,8.22,3.56,2.88,3.6,3.88
PHX,2019-12-08,9,35,36,38,37,86.84,65.79,78.38,8.05,20.63,10.48,15.66,4.51,2.43,6.24,13.89
PHX,2019-12-08,10,43,48,43,48,93.02,76.74,83.33,3.19,18.6,9.13,10.98,4.21,3.94,3.9,19.27
PHX,2019-12-08,11,43,29,44,30,90.91,65.91,80.0,3.8,22.73,12.36,13.8,2.97,1.75,5.53,8.47
PHX,2019-12-08,12,32,35,34,38,73.53,61.76,76.32,10.79,13.41,4.29,14.53,2.45,1.36,4.55,10.26
PHX,2019-12-08,13,33,30,33,30,87.88,81.82,90.0,4.27,14.61,4.56,6.52,2.6,0.77,4.03,5.03
PHX,2019-12-08,14,36,29,36,29,83.33,83.33,86.21,9.75,14.97,4.76,12.58,2.76,1.13,3.31,10.48
PHX,2019-12-08,15,29,35,31,37,70.97,67.74,78.38,9.23,13.55,3.86,11.74,2.92,1.16,3.51,10.19
PHX,2019-12-08,16,33,30,36,34,77.78,69.44,79.41,8.81,13.92,4.28,11.03,4.03,1.15,5.41,12.21
PHX,2019-12-08,17,25,36,28,42,82.14,75.0,69.05,12.93,13.93,4.11,15.61,2.71,1.97,4.48,12.81
PHX,2019-12-08,18,34,28,36,31,66.67,63.89,70.97,16.64,13.0,3.55,19.42,4.42,1.97,4.29,9.23
PHX,2019-12-08,19,30,34,32,36,68.75,68.75,75.0,10.75,11.06,1.8,11.66,3.81,2.2,3.75,10.94
PHX,2019-12-08,20,20,54,21,53,76.19,71.43,75.47,9.24,12.52,3.17,10.95,4.53,2.7,5.34,11.91
PHX,2019-12-08,21,39,20,42,21,78.57,78.57,71.43,11.48,11.4,2.01,12.5,3.24,2.37,5.57,13.76
PHX,2019-12-08,22,12,30,13,30,69.23,69.23,76.67,12.69,11.0,1.9,13.38,3.4,2.55,4.17,10.73
PHX,2019-12-08,23,12,19,12,20,66.67,66.67,85.0,6.67,11.17,1.48,7.25,1.95,1.43,2.85,18.65
PHX,2019-12-09,0,5,7,5,11,80.0,80.0,54.55,12.4,10.6,0.56,12.6,1.91,0.47,4.82,21.09
PHX,2019-12-09,1,3,3,4,6,75.0,75.0,83.33,16.75,11.75,2.0,17.5,2.33,0.87,1.0,13.0
PHX,2019-12-09,2,1,0,1,0,100.0,100.0,0.0,0.0,8.0,0.0,0.0,0.0,0.0,0.0,0.0
PHX,2019-12-09,3,0,0,0,1,0.0,0.0,0.0,0.0,0.0,0.0,0.0,4.0,1.1,9.0,23.0
PHX,2019-12-09,4,0,0,0,0,0.0,0.0,0.0,0.0,0.0,0.0,0.0,0.0,0.0,0.0,0.0
PHX,2019-12-09,5,6,2,7,1,85.71,85.71,100.0,2.43,8.86,0.41,2.71,4.0,0.0,3.0,0.0
PHX,2019-12-09,6,23,2,27,3,85.19,81.48,100.0,12.96,13.48,4.09,16.11,1.67,0.1,2.67,0.33
PHX,2019-12-09,7,22,14,23,16,100.0,95.65,93.75,0.78,13.48,4.04,3.43,2.0,1.08,3.38,16.06
PHX,2019-12-09,8,36,26,37,26,86.49,83.78,84.62,12.81,16.27,6.49,17.7,8.77,1.37,7.96,15.73
PHX,2019-12-09,9,37,31,37,31,83.78,59.46,70.97,6.86,18.95,9.12,14.35,8.1,2.39,12.03,12.87
PHX,2019-12-09,10,40,49,40,48,62.5,55.0,47.92,17.88,15.3,5.55,22.73,6.77,5.12,14.23,24.79
PHX,2019-12-09,11,41,22,42,24,57.14,52.38,54.17,29.93,14.14,4.01,33.45,4.29,2.22,8.5,21.13
PHX,2019-12-09,12,25,40,26,43,65.38,57.69,62.79,14.42,11.46,2.33,16.42,9.53,1.86,11.16,17.86
PHX,2019-12-09,13,38,31,41,33,63.41,53.66,72.73,24.56,14.78,4.86,28.59,4.21,3.84,11.21,25.18
PHX,2019-12-09,14,35,28,41,27,78.05,63.41,70.37,17.34,17.34,7.06,23.44,7.85,5.57,11.7,25.81
PHX,2019-12-09,15,23,30,26,34,38.46,26.92,26.47,43.96,16.92,6.7,50.04,17.0,14.28,28.62,37.65
PHX,2019-12-09,16,36,36,39,38,35.9,30.77,42.11,27.31,17.36,8.03,35.1,13.95,6.03,19.95,38.32
PHX,2019-12-09,17,31,29,34,35,50.0,32.35,57.14,30.03,15.91,5.85,35.15,4.11,5.05,6.43,19.8
PHX,2019-12-09,18,24,25,24,38,58.33,54.17,81.58,16.21,14.46,4.48,20.0,2.32,1.87,1.63,6.58
PHX,2019-12-09,19,29,37,32,47,71.88,68.75,63.83,11.94,15.53,5.95,16.84,2.96,2.16,4.6,23.6
PHX,2019-12-09,20,15,51,25,53,56.0,48.0,79.25,28.48,14.24,4.74,32.8,4.28,3.25,4.19,22.83
PHX,2019-12-09,21,38,27,44,27,84.09,75.0,88.89,6.93,15.68,5.86,11.02,2.15,2.66,2.37,8.48
PHX,2019-12-09,22,16,29,16,29,75.0,75.0,72.41,61.75,13.75,4.62,65.19,3.69,2.47,4.93,16.59
PHX,2019-12-09,23,9,18,9,19,77.78,88.89,68.42,5.78,13.78,3.13,6.78,3.26,2.19,2.42,9.84
PHX,2019-12-10,0,5,8,5,9,100.0,60.0,66.67,0.8,20.4,9.92,8.4,5.78,0.59,5.89,26.67
PHX,2019-12-10,1,2,2,4,6,75.0,75.0,100.0,11.0,12.25,2.4,12.75,0.5,1.22,1.33,1.0
PHX,2019-12-10,2,1,0,1,0,100.0,100.0,0.0,0.0,16.0,5.8,0.0,0.0,0.0,0.0,0.0
PHX,2019-12-10,3,0,0,1,2,0.0,0.0,0.0,39.0,15.0,4.4,43.0,1.5,0.1,4.5,25.5
PHX,2019-12-10,4,0,0,1,2,100.0,100.0,50.0,0.0,12.0,1.4,1.0,0.0,1.6,1.0,32.0
PHX,2019-12-10,5,6,1,10,9,70.0,70.0,44.44,6.3,10.4,1.8,7.3,3.56,1.29,7.89,42.11
PHX,2019-12-10,6,25,2,32,4,78.13,78.13,75.0,15.19,13.38,3.83,17.63,1.75,0.3,0.25,9.25
PHX,2019-12-10,7,20,12,29,16,72.41,72.41,87.5,22.48,12.9,3.5,24.31,3.25,1.41,3.38,4.5
PHX,2019-12-10,8,33,24,44,25,81.82,81.82,96.0,12.43,17.89,7.88,17.75,1.16,1.53,0.96,2.44
PHX,2019-12-10,9,34,31,40,32,85.0,72.5,93.75,7.08,17.7,7.72,13.28,2.25,0.73,1.47,2.38
PHX,2019-12-10,10,40,47,41,46,87.8,82.93,91.3,10.34,18.02,8.12,15.95,3.74,6.79,3.13,12.91
PHX,2019-12-10,11,38,22,42,23,78.57,64.29,95.65,17.43,18.69,8.39,23.76,1.0,1.22,1.22,1.65
PHX,2019-12-10,12,26,36,26,37,92.31,88.46,89.19,5.5,12.73,3.62,6.62,1.7,0.37,0.24,7.65
PHX,2019-12-10,13,36,31,38,31,92.11,86.84,93.55,3.26,15.55,5.63,6.61,2.26,1.51,1.77,4.03
PHX,2019-12-10,14,34,28,33,29,78.79,78.79,79.31,23.64,16.18,6.22,27.88,3.59,0.62,2.45,19.1
PHX,2019-12-10,15,24,29,24,30,83.33,79.17,96.67,4.67,15.58,5.44,8.13,2.07,0.68,0.5,1.33
PHX,2019-12-10,16,33,34,35,39,97.14,97.14,84.62,2.26,12.66,3.19,3.71,1.79,1.23,1.97,6.21
PHX,2019-12-10,17,28,27,31,34,100.0,93.55,73.53,0.94,12.45,2.95,2.9,2.74,2.2,2.62,17.82
PHX,2019-12-10,18,22,25,22,37,81.82,81.82,91.89,10.55,11.27,1.69,11.41,1.59,1.91,1.68,4.49
PHX,2019-12-10,19,24,36,28,46,92.86,92.86,84.78,2.04,11.68,2.5,3.11,2.13,1.46,0.87,10.89
PHX,2019-12-10,20,16,46,26,50,80.77,76.92,82.0,16.92,11.5,2.09,17.77,1.48,2.38,1.52,6.9
PHX,2019-12-10,21,35,26,37,27,83.78,83.78,92.59,25.16,11.97,2.77,26.84,2.81,2.4,2.07,6.78
PHX,2019-12-10,22,15,24,17,25,88.24,88.24,92.0,3.29,9.94,1.25,3.71,2.2,1.66,1.88,3.0
PHX,2019-12-10,23,9,17,9,18,100.0,100.0,88.89,0.11,13.11,3.06,1.44,0.67,3.22,1.83,6.89
PHX,2019-12-11,0,3,8,4,10,50.0,50.0,80.0,18.25,13.0,3.0,19.0,1.5,2.25,1.2,9.2
PHX,2019-12-11,1,2,2,3,4,100.0,100.0,100.0,0.67,12.67,3.07,1.67,0.0,1.05,4.75,2.5
PHX,2019-12-11,2,1,0,1,1,100.0,100.0,0.0,0.0,13.0,2.8,0.0,12.0,1.1,16.0,29.0
PHX,2019-12-11,3,0,0,1,1,100.0,100.0,100.0,0.0,10.0,0.0,0.0,0.0,1.1,2.0,14.0
PHX,2019-12-11,4,0,0,0,3,0.0,0.0,66.67,0.0,0.0,0.0,0.0,1.0,0.03,2.33,27.0
PHX,2019-12-11,5,5,1,7,6,100.0,100.0,33.33,0.0,9.71,2.03,1.14,1.83,0.85,5.17,30.67
PHX,2019-12-11,6,23,2,35,5,77.14,71.43,100.0,17.6,18.46,8.65,24.63,1.4,0.04,1.4,3.2
PHX,2019-12-11,7,22,13,31,20,77.42,74.19,90.0,19.39,17.32,7.11,24.97,1.25,1.01,4.0,5.6
PHX,2019-12-11,8,34,24,43,25,86.05,81.4,92.0,10.6,20.49,10.41,18.4,1.24,2.1,1.36,8.16
PHX,2019-12-11,9,35,31,41,32,85.37,63.41,84.38,12.24,21.32,11.22,20.51,1.91,0.59,4.72,12.22
PHX,2019-12-11,10,39,44,38,42,81.58,52.63,90.48,8.29,23.08,13.28,19.11,4.21,4.14,5.38,5.14
PHX,2019-12-11,11,37,24,37,26,86.49,67.57,76.92,5.81,18.68,8.59,12.41,2.19,1.26,3.19,9.69
PHX,2019-12-11,12,28,35,30,37,76.67,73.33,91.89,10.23,12.63,3.3,12.83,1.73,1.38,3.27,4.65
PHX,2019-12-11,13,37,30,38,32,94.74,78.95,84.38,7.47,15.58,5.62,10.95,1.63,1.15,2.63,11.97
PHX,2019-12-11,14,33,26,38,26,76.32,73.68,80.77,17.32,14.79,4.77,20.05,2.46,1.16,3.27,11.96
PHX,2019-12-11,15,23,28,24,28,87.5,83.33,82.14,7.21,12.5,2.57,8.88,2.43,1.35,0.46,5.46
PHX,2019-12-11,16,35,35,34,39,82.35,79.41,97.44,10.62,13.09,3.77,13.03,1.08,1.41,1.33,1.82
PHX,2019-12-11,17,29,28,33,33,90.91,87.88,78.79,5.45,11.82,2.47,7.03,1.94,2.44,2.27,21.42
PHX,2019-12-11,18,24,24,24,40,83.33,83.33,77.5,26.58,13.58,3.71,28.42,1.98,2.06,3.35,9.98
PHX,2019-12-11,19,27,36,30,44,73.33,73.33,68.18,15.7,12.0,2.93,17.33,3.57,2.06,2.43,15.02
PHX,2019-12-11,20,19,48,28,52,75.0,75.0,90.38,9.29,12.46,2.93,10.82,1.81,4.86,1.96,4.38
PHX,2019-12-11,21,39,28,45,28,80.0,73.33,85.71,7.4,14.64,5.05,10.58,2.32,2.96,2.25,15.25
PHX,2019-12-11,22,15,27,15,28,80.0,86.67,82.14,13.27,9.47,1.06,13.33,2.36,1.43,0.61,7.57
PHX,2019-12-11,23,8,18,8,18,87.5,87.5,66.67,11.38,12.0,1.52,11.0,1.11,2.91,0.0,18.22
PHX,2019-12-12,0,5,8,6,8,66.67,66.67,75.0,21.0,12.0,1.73,21.5,0.88,9.64,3.38,5.25
PHX,2019-12-12,1,3,3,4,5,100.0,75.0,100.0,3.5,11.5,1.1,3.75,0.2,1.72,0.0,0.0
PHX,2019-12-12,2,1,0,1,1,100.0,100.0,0.0,0.0,16.0,5.8,0.0,17.0,1.1,20.0,21.0
PHX,2019-12-12,3,0,0,1,1,100.0,100.0,0.0,0.0,16.0,5.4,5.0,0.0,1.1,0.0,38.0
PHX,2019-12-12,4,0,0,0,3,0.0,0.0,66.67,0.0,0.0,0.0,0.0,0.0,1.07,2.67,30.67
PHX,2019-12-12,5,6,2,9,7,100.0,100.0,57.14,1.56,11.0,2.48,3.22,0.0,1.5,1.86,21.14
PHX,2019-12-12,6,25,2,33,5,69.7,69.7,60.0,17.33,14.0,4.35,20.73,41.2,0.86,68.4,66.4
PHX,2019-12-12,7,20,14,29,20,75.86,72.41,85.0,8.48,15.21,5.42,12.55,5.6,1.45,8.2,11.05
PHX,2019-12-12,8,35,26,43,28,88.37,69.77,96.43,8.21,20.23,10.18,16.09,2.32,1.48,1.89,1.61
PHX,2019-12-12,9,37,31,45,35,88.89,77.78,85.71,6.84,18.31,8.33,12.56,2.11,2.2,3.0,5.17
PHX,2019-12-12,10,40,48,43,47,90.7,79.07,93.62,5.7,17.98,8.08,12.42,2.64,6.92,2.91,6.28
PHX,2019-12-12,11,42,21,44,21,90.91,75.0,85.71,6.77,20.34,9.89,14.14,1.14,1.08,1.9,3.9
PHX,2019-12-12,12,24,40,26,42,84.62,76.92,90.48,4.88,13.27,4.32,8.0,1.38,1.56,1.12,6.1
PHX,2019-12-12,13,37,32,39,35,92.31,87.18,82.86,6.51,14.46,4.74,9.85,1.97,3.07,2.6,12.09
PHX,2019-12-12,14,36,29,38,30,78.95,73.68,90.0,13.68,13.68,3.91,16.13,1.83,1.72,0.93,7.03
PHX,2019-12-12,15,25,31,26,32,80.77,76.92,90.63,10.5,12.0,1.89,11.96,2.34,1.66,0.56,11.38
PHX,2019-12-12,16,36,35,38,39,84.21,81.58,87.18,10.21,12.66,3.3,12.74,1.18,1.67,1.46,7.79
PHX,2019-12-12,17,30,29,34,37,79.41,79.41,89.19,16.06,12.06,2.36,17.15,1.73,1.77,1.95,10.41
PHX,2019-12-12,18,24,25,24,44,83.33,79.17,84.09,10.13,12.29,2.72,11.54,1.68,1.84,2.73,10.27
PHX,2019-12-12,19,27,36,33,43,69.7,69.7,86.05,17.06,10.55,1.56,17.94,3.19,2.35,2.07,12.49
PHX,2019-12-12,20,17,51,27,55,85.19,70.37,87.27,5.89,15.04,5.29,9.26,1.76,3.08,1.22,4.0
PHX,2019-12-12,21,39,27,44,27,84.09,79.55,81.48,5.82,13.34,3.86,8.02,2.48,1.51,2.19,13.41
PHX,2019-12-12,22,16,28,18,29,66.67,66.67,75.86,24.22,10.94,1.92,25.5,1.76,1.27,2.79,20.07
PHX,2019-12-12,23,10,18,11,18,72.73,72.73,83.33,11.36,12.55,1.92,12.27,0.83,2.29,0.22,9.94
PHX,2019-12-13,0,6,8,7,8,71.43,42.86,62.5,13.57,16.71,6.29,18.57,1.5,0.3,0.0,14.25
PHX,2019-12-13,1,3,3,4,6,100.0,100.0,66.67,0.0,12.5,2.65,1.5,1.17,0.9,2.0,12.33
PHX,2019-12-13,2,1,0,2,1,100.0,50.0,0.0,0.0,19.5,9.1,8.0,15.0,1.1,19.0,23.0
PHX,2019-12-13,3,0,0,1,1,100.0,100.0,0.0,0.0,23.0,12.4,12.0,4.0,1.1,7.0,19.0
PHX,2019-12-13,4,0,0,0,3,0.0,0.0,33.33,0.0,0.0,0.0,0.0,0.0,0.4,6.0,46.0
PHX,2019-12-13,5,6,1,8,8,100.0,100.0,50.0,0.0,10.88,1.91,0.63,1.25,1.3,2.38,19.0
PHX,2019-12-13,6,24,3,32,2,75.0,75.0,100.0,17.63,13.06,3.66,20.06,3.5,0.0,0.0,0.0
PHX,2019-12-13,7,21,15,31,16,74.19,74.19,93.75,9.52,14.42,4.49,12.71,2.88,0.93,1.81,3.81
PHX,2019-12-13,8,35,26,42,26,83.33,71.43,92.31,14.52,16.9,7.06,19.95,1.65,2.05,1.23,14.0
PHX,2019-12-13,9,37,31,39,31,84.62,79.49,90.32,5.64,19.64,9.46,12.18,3.29,1.69,2.23,3.58
PHX,2019-12-13,10,41,49,41,51,80.49,65.85,86.27,15.59,17.88,8.1,22.2,3.18,5.32,2.16,20.0
PHX,2019-12-13,11,42,23,43,23,67.44,46.51,86.96,22.49,20.35,10.2,31.12,2.52,5.5,5.74,7.22
PHX,2019-12-13,12,27,41,30,43,86.67,83.33,76.74,10.6,12.7,2.99,12.9,1.91,1.83,1.91,16.47
PHX,2019-12-13,13,37,31,37,33,75.68,72.97,87.88,16.78,12.51,2.79,18.19,1.42,2.85,2.33,26.67
PHX,2019-12-13,14,36,28,37,31,72.97,70.27,74.19,13.92,13.11,3.24,15.84,2.19,2.69,2.1,23.71
PHX,2019-12-13,15,23,31,27,33,81.48,85.19,69.7,4.89,13.41,3.07,6.67,2.88,2.87,2.52,15.97
PHX,2019-12-13,16,35,35,36,36,77.78,77.78,83.33,9.78,11.64,2.37,10.83,1.28,1.06,1.81,9.22
PHX,2019-12-13,17,30,29,30,37,73.33,70.0,70.27,18.73,12.53,2.95,20.9,1.92,3.5,2.81,10.51
PHX,2019-12-13,18,26,25,26,35,84.62,73.08,77.14,5.0,16.73,6.73,9.62,1.91,2.31,2.51,7.89
PHX,2019-12-13,19,28,38,30,44,73.33,66.67,72.73,37.93,13.5,4.39,41.63,4.02,2.86,3.43,17.27
PHX,2019-12-13,20,21,51,25,52,76.0,72.0,82.69,14.76,12.96,3.19,17.08,2.13,3.41,2.23,13.71
PHX,2019-12-13,21,39,28,42,29,80.95,76.19,72.41,8.14,13.4,3.76,10.79,1.59,3.39,2.66,15.41
PHX,2019-12-13,22,16,29,17,30,70.59,58.82,80.0,14.53,14.35,5.2,18.94,2.53,2.52,1.9,7.27
PHX,2019-12-13,23,10,18,10,18,90.0,90.0,77.78,1.9,15.6,4.85,4.0,0.78,1.31,2.22,10.06
PHX,2019-12-14,0,5,3,6,9,100.0,83.33,55.56,2.0,14.67,4.23,5.17,1.67,2.54,1.33,11.44
PHX,2019-12-14,1,3,2,3,4,100.0,100.0,50.0,0.0,14.0,3.67,0.33,1.25,0.3,0.0,34.0
PHX,2019-12-14,2,1,0,1,0,100.0,100.0,0.0,0.0,14.0,3.8,0.0,0.0,0.0,0.0,0.0
PHX,2019-12-14,3,0,0,0,1,0.0,0.0,0.0,0.0,0.0,0.0,0.0,0.0,1.1,3.0,31.0
PHX,2019-12-14,4,0,0,0,1,0.0,0.0,100.0,0.0,0.0,0.0,0.0,1.0,1.1,4.0,0.0
PHX,2019-12-14,5,2,2,3,4,100.0,100.0,25.0,0.0,11.0,0.73,0.0,0.5,3.32,7.0,23.5
PHX,2019-12-14,6,20,1,25,3,84.0,84.0,33.33,11.88,13.32,3.48,13.56,4.67,2.7,12.67,56.67
PHX,2019-12-14,7,21,14,29,14,82.76,82.76,85.71,5.48,13.52,3.87,7.59,2.36,1.26,3.71,19.07
PHX,2019-12-14,8,30,24,32,24,96.88,90.63,100.0,6.91,16.56,6.17,10.72,1.33,0.86,1.21,0.08
PHX,2019-12-14,9,40,32,42,34,95.24,80.95,88.24,7.1,18.95,9.14,13.38,1.82,1.52,2.62,19.24
PHX,2019-12-14,10,40,41,41,45,82.93,80.49,88.89,7.07,15.24,5.87,11.95,3.22,6.21,4.62,8.0
PHX,2019-12-14,11,39,24,40,28,87.5,75.0,75.0,4.43,17.7,7.52,9.73,1.82,0.88,3.93,12.11
PHX,2019-12-14,12,22,44,23,43,82.61,82.61,86.05,8.74,11.87,3.11,10.96,3.4,1.14,2.05,8.53
PHX,2019-12-14,13,40,27,39,27,82.05,76.92,88.89,7.64,14.64,4.82,10.15,3.15,0.69,4.15,5.48
PHX,2019-12-14,14,33,28,33,27,75.76,69.7,85.19,9.39,14.48,4.71,12.73,0.96,2.79,1.26,9.63
PHX,2019-12-14,15,21,32,21,32,76.19,71.43,81.25,15.05,14.81,4.87,18.62,1.56,1.78,2.41,23.81
PHX,2019-12-14,16,28,31,29,36,79.31,79.31,80.56,6.1,10.86,1.54,6.76,1.81,3.44,4.28,9.69
PHX,2019-12-14,17,25,33,26,33,92.31,92.31,81.82,10.65,10.08,1.17,10.77,2.06,2.2,2.82,14.0
PHX,2019-12-14,18,29,27,29,30,82.76,75.86,73.33,10.86,11.93,2.72,12.03,2.3,2.06,3.93,8.57
PHX,2019-12-14,19,17,34,18,35,88.89,88.89,85.71,12.17,10.39,1.41,13.0,2.49,2.26,3.0,7.63
PHX,2019-12-14,20,15,32,15,32,86.67,86.67,78.13,4.0,11.73,2.24,5.0,2.91,2.66,3.03,10.63
PHX,2019-12-14,21,22,15,23,16,78.26,73.91,56.25,9.13,14.43,3.7,11.43,2.06,5.37,4.81,26.75
PHX,2019-12-14,22,6,16,7,17,57.14,57.14,76.47,11.0,15.43,4.17,13.57,3.18,2.27,5.76,15.88
PHX,2019-12-14,23,8,7,8,8,75.0,75.0,75.0,118.75,12.38,2.58,119.25,0.5,0.28,1.13,4.75
PHX,2019-12-15,0,5,9,6,4,50.0,50.0,100.0,25.33,11.67,1.73,26.33,1.25,1.17,0.25,0.0
PHX,2019-12-15,1,3,6,3,2,100.0,100.0,100.0,0.0,13.67,3.33,0.67,0.5,10.55,0.0,0.0
PHX,2019-12-15,2,1,0,1,0,100.0,100.0,0.0,0.0,13.0,2.8,2.0,0.0,0.0,0.0,0.0
PHX,2019-12-15,3,0,0,0,2,0.0,0.0,50.0,0.0,0.0,0.0,0.0,5.0,1.6,9.0,10.0
PHX,2019-12-15,4,0,0,3,0,100.0,100.0,0.0,0.0,9.67,1.13,1.0,0.0,0.0,0.0,0.0
PHX,2019-12-15,5,4,1,5,2,100.0,100.0,50.0,0.0,11.4,2.22,1.8,0.0,0.0,0.0,51.5
PHX,2019-12-15,6,24,0,25,2,88.0,84.0,100.0,16.12,12.04,3.11,18.12,0.0,2.55,0.0,0.0
PHX,2019-12-15,7,17,13,19,16,84.21,84.21,87.5,17.95,12.84,3.42,19.63,1.5,0.77,1.5,5.81
PHX,2019-12-15,8,36,25,38,24,92.11,89.47,87.5,3.58,14.18,4.37,5.63,2.58,2.38,7.0,6.83
PHX,2019-12-15,9,36,34,39,35,82.05,69.23,82.86,7.62,17.05,7.02,13.05,2.37,1.46,4.2,4.91
PHX,2019-12-15,10,42,49,43,48,81.4,76.74,77.08,7.51,13.81,4.57,11.09,4.65,4.88,5.96,11.9
PHX,2019-12-15,11,44,28,44,28,77.27,70.45,71.43,8.82,18.32,8.01,14.91,2.89,3.12,8.11,29.36
PHX,2019-12-15,12,32,36,32,37,59.38,59.38,78.38,25.84,9.44,0.93,25.97,4.73,3.7,5.03,10.08
PHX,2019-12-15,13,34,28,35,29,68.57,68.57,58.62,13.6,14.0,4.15,16.26,4.03,3.03,10.41,14.14
PHX,2019-12-15,14,34,30,34,28,67.65,64.71,64.29,17.09,11.91,2.26,18.91,3.86,1.83,7.18,38.21
PHX,2019-12-15,15,30,34,30,36,56.67,53.33,72.22,24.3,11.7,2.31,25.73,3.33,2.86,4.47,13.36
PHX,2019-12-15,16,33,32,34,37,64.71,64.71,72.97,18.29,12.32,3.03,20.15,3.43,1.19,6.35,11.11
PHX,2019-12-15,17,26,35,27,40,70.37,66.67,70.0,17.63,13.44,4.11,20.74,3.13,1.55,6.15,25.5
PHX,2019-12-15,18,34,28,35,34,60.0,60.0,61.76,28.97,11.57,2.44,30.74,2.41,1.47,5.82,22.74
PHX,2019-12-15,19,29,34,31,36,77.42,77.42,75.0,21.55,11.26,2.07,23.13,3.5,4.44,4.44,15.08
PHX,2019-12-15,20,20,54,21,55,80.95,80.95,72.73,17.86,10.33,1.48,18.57,4.18,2.87,7.73,12.16
PHX,2019-12-15,21,39,21,40,20,80.0,75.0,55.0,9.43,12.1,2.69,11.38,4.55,2.25,6.9,35.4
PHX,2019-12-15,22,12,30,13,29,38.46,38.46,55.17,38.08,10.62,1.48,38.62,3.79,2.8,8.83,24.03
PHX,2019-12-15,23,13,19,13,20,76.92,76.92,55.0,6.69,10.54,1.18,6.69,2.1,2.3,4.3,16.15
PHX,2019-12-16,0,5,8,7,9,57.14,57.14,77.78,30.71,10.57,0.46,30.86,3.56,1.88,6.11,11.44
PHX,2019-12-16,1,3,3,3,6,100.0,100.0,83.33,0.0,11.67,1.53,1.33,5.5,0.53,6.0,15.33
PHX,2019-12-16,2,1,0,1,0,100.0,100.0,0.0,0.0,13.0,2.8,0.0,0.0,0.0,0.0,0.0
PHX,2019-12-16,3,0,0,0,1,0.0,0.0,0.0,0.0,0.0,0.0,0.0,0.0,1.1,3.0,162.0
PHX,2019-12-16,4,0,0,0,1,0.0,0.0,0.0,0.0,0.0,0.0,0.0,0.0,4.7,3.0,64.0
PHX,2019-12-16,5,6,2,6,1,100.0,100.0,100.0,0.0,8.67,1.12,0.0,2.0,5.0,0.0,0.0
PHX,2019-12-16,6,24,2,24,2,91.67,91.67,100.0,5.42,10.46,1.36,5.38,0.0,2.1,0.0,0.0
PHX,2019-12-16,7,21,14,22,16,86.36,81.82,81.25,4.27,11.32,2.11,5.73,2.25,1.28,3.94,6.13
PHX,2019-12-16,8,36,26,36,27,94.44,94.44,85.19,1.31,12.5,2.95,2.78,2.81,2.51,2.04,24.78
PHX,2019-12-16,9,37,32,39,34,89.74,82.05,88.24,9.33,14.62,4.75,12.41,2.29,2.09,2.79,7.18
PHX,2019-12-16,10,41,49,41,47,75.61,73.17,85.11,28.88,12.49,3.02,31.39,3.49,6.26,9.11,8.4
PHX,2019-12-16,11,41,21,44,20,81.82,75.0,85.0,13.05,15.41,5.51,16.7,2.2,2.09,2.2,4.75
PHX,2019-12-16,12,25,42,28,45,82.14,82.14,86.67,6.46,10.14,1.31,7.29,3.27,2.54,3.24,6.18
PHX,2019-12-16,13,39,30,41,33,78.05,73.17,75.76,21.95,12.37,2.79,23.63,1.52,1.9,3.15,9.18
PHX,2019-12-16,14,34,28,40,27,67.5,65.0,66.67,15.88,14.28,4.12,19.1,2.81,1.86,2.63,29.63
PHX,2019-12-16,15,23,31,27,32,81.48,77.78,81.25,11.7,13.37,3.17,13.78,4.38,1.9,1.97,12.5
PHX,2019-12-16,16,36,35,37,38,89.19,86.49,78.95,9.68,13.05,3.45,11.73,2.26,1.95,3.71,9.76
PHX,2019-12-16,17,31,29,34,33,76.47,70.59,66.67,14.47,12.79,3.16,16.85,3.18,2.75,4.61,17.94
PHX,2019-12-16,18,24,25,24,35,75.0,66.67,82.86,20.63,13.33,3.45,23.79,1.43,2.25,1.46,7.66
PHX,2019-12-16,19,28,37,32,45,65.63,65.63,73.33,21.56,14.44,4.92,25.06,5.04,1.87,5.42,17.6
PHX,2019-12-16,20,16,51,24,55,75.0,75.0,65.45,39.33,13.67,4.07,42.33,4.18,2.26,5.11,24.69
PHX,2019-12-16,21,38,28,43,26,67.44,55.81,69.23,17.4,17.86,8.07,23.74,3.38,1.85,6.19,23.58
PHX,2019-12-16,22,16,28,18,29,61.11,61.11,79.31,16.78,14.78,5.23,21.17,2.1,0.51,1.45,13.97
PHX,2019-12-16,23,10,18,10,19,90.0,90.0,63.16,6.2,14.8,4.29,8.5,2.37,1.73,2.89,14.68
PHX,2019-12-17,0,5,6,6,8,66.67,66.67,75.0,29.17,12.83,2.57,31.5,1.0,0.2,0.0,7.75
PHX,2019-12-17,1,2,3,2,5,100.0,100.0,60.0,0.0,13.0,2.9,0.0,2.2,0.04,1.4,7.8
PHX,2019-12-17,2,1,0,2,0,100.0,100.0,0.0,5.5,13.5,3.1,6.5,0.0,0.0,0.0,0.0
PHX,2019-12-17,3,0,0,1,2,100.0,100.0,0.0,0.0,10.0,0.0,0.0,1.5,0.1,8.5,23.0
PHX,2019-12-17,4,0,0,0,4,0.0,0.0,25.0,0.0,0.0,0.0,0.0,0.25,0.05,2.25,39.5
PHX,2019-12-17,5,6,1,9,7,100.0,100.0,42.86,0.11,13.67,4.49,4.0,0.57,0.47,2.14,44.14
PHX,2019-12-17,6,24,2,32,5,81.25,81.25,40.0,20.0,13.66,4.04,22.66,1.0,1.04,19.4,81.2
PHX,2019-12-17,7,20,12,31,16,80.65,77.42,62.5,19.97,13.61,3.88,22.52,3.38,0.89,10.19,24.5
PHX,2019-12-17,8,33,24,39,26,79.49,66.67,88.46,13.05,16.26,6.54,18.15,1.58,0.64,0.81,3.46
PHX,2019-12-17,9,34,31,38,31,84.21,65.79,93.55,10.82,21.05,10.97,19.29,2.32,1.85,2.87,2.32
PHX,2019-12-17,10,39,47,43,47,81.4,65.12,87.23,10.95,18.49,8.86,17.86,3.96,4.47,1.55,8.66
PHX,2019-12-17,11,38,21,41,21,85.37,75.61,90.48,9.56,18.27,8.09,15.56,1.14,1.02,0.57,19.19
PHX,2019-12-17,12,25,37,28,38,89.29,89.29,86.84,6.82,11.86,2.51,8.43,1.97,2.11,1.53,6.34
PHX,2019-12-17,13,37,30,38,33,81.58,68.42,81.82,10.61,16.05,6.21,15.16,2.48,1.36,4.58,7.76
PHX,2019-12-17,14,33,28,36,29,80.56,75.0,72.41,9.83,17.17,7.07,15.64,1.86,2.95,2.69,17.66
PHX,2019-12-17,15,24,29,25,30,68.0,64.0,83.33,23.28,15.72,5.5,27.24,5.23,2.25,4.07,10.47
PHX,2019-12-17,16,36,34,37,40,78.38,70.27,82.5,9.7,14.08,4.46,13.05,2.6,1.24,1.9,6.65
PHX,2019-12-17,17,28,27,33,33,90.91,81.82,81.82,3.18,14.85,5.02,6.97,2.73,1.32,2.15,9.52
PHX,2019-12-17,18,23,25,24,41,75.0,66.67,70.73,10.38,14.71,4.64,13.92,1.93,2.19,3.76,11.85
PHX,2019-12-17,19,25,36,29,44,68.97,58.62,75.0,15.0,16.79,7.56,21.28,2.75,1.17,3.2,17.91
PHX,2019-12-17,20,19,46,28,50,67.86,60.71,78.0,15.93,17.21,7.53,21.39,3.8,3.04,2.54,12.02
PHX,2019-12-17,21,33,26,38,26,78.95,68.42,57.69,11.95,17.97,8.29,17.87,2.81,1.57,2.12,27.19
PHX,2019-12-17,22,17,25,19,26,68.42,63.16,69.23,26.0,13.0,3.62,28.32,2.54,0.58,1.35,22.96
PHX,2019-12-17,23,7,17,7,17,85.71,100.0,58.82,4.0,12.86,2.29,5.14,0.76,2.16,1.65,27.0
PHX,2019-12-18,0,5,15,5,7,100.0,80.0,57.14,4.4,15.0,4.48,8.2,0.71,0.44,0.86,17.71
PHX,2019-12-18,1,1,2,5,6,60.0,60.0,100.0,11.6,13.0,3.0,11.0,0.33,0.4,3.17,2.17
PHX,2019-12-18,2,1,0,1,2,100.0,100.0,50.0,0.0,12.0,1.8,0.0,7.5,0.1,11.0,26.0
PHX,2019-12-18,3,0,0,1,0,100.0,100.0,0.0,0.0,12.0,1.4,1.0,0.0,0.0,0.0,0.0
PHX,2019-12-18,4,0,0,0,5,0.0,0.0,20.0,0.0,0.0,0.0,0.0,0.2,0.48,5.6,49.8
PHX,2019-12-18,5,5,1,8,6,100.0,87.5,33.33,1.13,10.75,2.15,2.88,2.0,0.7,7.5,70.83
PHX,2019-12-18,6,22,3,29,4,75.86,72.41,50.0,20.07,14.0,4.66,23.31,0.25,0.33,0.5,31.75
PHX,2019-12-18,7,25,10,36,14,72.22,66.67,85.71,24.81,15.94,5.83,29.17,0.93,0.26,3.57,3.57
PHX,2019-12-18,8,36,34,45,31,84.44,77.78,96.77,20.0,18.36,8.37,26.38,2.23,1.71,1.61,5.19
PHX,2019-12-18,9,36,38,39,41,84.62,61.54,78.05,10.87,21.9,11.91,21.03,3.22,2.37,5.17,14.39
PHX,2019-12-18,10,44,43,49,41,65.31,44.9,90.24,11.67,19.73,10.22,20.86,3.59,7.06,2.0,12.32
PHX,2019-12-18,11,37,30,36,30,86.11,38.89,86.67,7.97,25.64,15.15,20.89,1.5,3.28,2.8,4.73
PHX,2019-12-18,12,30,32,32,39,71.88,68.75,79.49,15.5,12.41,3.11,18.22,3.28,1.73,3.51,10.31
PHX,2019-12-18,13,37,26,40,29,72.5,62.5,72.41,19.58,16.38,6.42,25.08,2.03,0.58,1.38,16.52
PHX,2019-12-18,14,31,36,33,37,69.7,60.61,89.19,12.52,16.76,6.78,18.0,2.46,1.42,1.65,7.11
PHX,2019-12-18,15,30,29,33,33,81.82,72.73,87.88,12.79,16.36,6.05,17.3,1.91,0.38,1.12,7.42
PHX,2019-12-18,16,35,32,39,36,69.23,61.54,80.56,13.9,15.15,5.5,17.9,2.19,1.15,1.86,7.0
PHX,2019-12-18,17,36,32,40,38,87.5,75.0,81.58,5.88,16.2,6.1,10.53,3.24,3.37,2.71,9.42
PHX,2019-12-18,18,24,30,26,48,88.46,80.77,83.33,7.27,16.65,6.68,11.96,1.83,1.59,3.19,8.83
PHX,2019-12-18,19,32,37,35,45,54.29,48.57,60.0,25.11,14.8,5.21,29.69,3.02,1.27,4.29,21.78
PHX,2019-12-18,20,25,55,35,59,60.0,45.71,84.75,19.0,17.77,7.66,25.06,3.14,2.65,2.71,8.86
PHX,2019-12-18,21,32,29,39,32,74.36,58.97,71.88,11.77,18.77,9.01,18.62,1.22,3.54,2.22,9.84
PHX,2019-12-18,22,25,30,26,33,69.23,61.54,72.73,14.42,14.58,5.07,18.5,2.3,2.13,4.48,14.52
PHX,2019-12-18,23,11,19,11,19,63.64,63.64,89.47,10.82,14.09,3.95,13.55,1.21,4.34,3.37,6.89
PHX,2019-12-19,0,7,15,8,15,62.5,62.5,66.67,23.75,13.88,3.45,26.0,0.27,1.33,0.87,22.4
PHX,2019-12-19,1,3,2,4,5,75.0,75.0,60.0,6.25,12.25,1.9,7.75,0.4,0.46,2.2,11.0
PHX,2019-12-19,2,1,0,2,1,0.0,0.0,100.0,139.5,11.5,2.4,140.5,5.0,1.1,9.0,0.0
PHX,2019-12-19,3,0,0,2,1,100.0,100.0,0.0,0.0,13.0,2.7,2.5,1.0,1.1,4.0,32.0
PHX,2019-12-19,4,0,0,0,3,0.0,0.0,33.33,0.0,0.0,0.0,0.0,0.0,0.73,3.33,53.67
PHX,2019-12-19,5,6,1,9,8,88.89,88.89,62.5,3.11,11.78,2.57,4.11,0.0,0.8,0.75,23.63
PHX,2019-12-19,6,24,3,33,7,69.7,66.67,57.14,25.76,13.55,3.88,28.64,1.43,0.6,3.0,18.57
PHX,2019-12-19,7,23,12,32,16,71.88,71.88,81.25,18.5,14.38,4.5,21.88,1.5,0.81,2.5,5.88
PHX,2019-12-19,8,36,33,50,34,68.0,62.0,94.12,18.68,18.88,8.93,25.9,2.35,1.91,2.97,2.06
PHX,2019-12-19,9,38,38,46,41,78.26,56.52,82.93,11.87,22.17,12.1,21.96,2.27,5.03,4.37,5.32
PHX,2019-12-19,10,46,46,49,44,79.59,46.94,84.09,14.9,20.41,10.65,24.43,2.07,9.03,2.3,21.45
PHX,2019-12-19,11,38,28,39,29,66.67,53.85,86.21,19.74,17.85,7.38,25.9,2.21,1.39,1.45,13.34
PHX,2019-12-19,12,26,34,26,37,69.23,69.23,86.49,20.35,12.58,3.52,23.12,2.14,1.11,1.92,6.89
PHX,2019-12-19,13,38,26,39,28,76.92,76.92,85.71,12.82,12.87,3.3,15.41,1.82,2.92,1.21,5.79
PHX,2019-12-19,14,33,37,33,38,78.79,72.73,71.05,10.97,12.39,2.59,12.61,2.42,2.76,2.11,20.21
PHX,2019-12-19,15,32,29,34,30,55.88,52.94,86.67,22.85,12.32,2.35,24.41,2.93,3.11,3.37,11.13
PHX,2019-12-19,16,33,34,36,39,77.78,63.89,84.62,13.78,12.25,2.95,16.11,1.38,4.58,2.21,11.74
PHX,2019-12-19,17,37,32,43,41,74.42,74.42,82.93,14.3,12.37,2.54,16.35,5.51,3.5,5.83,17.27
PHX,2019-12-19,18,25,31,25,49,64.0,60.0,85.71,26.8,14.72,5.03,30.52,1.69,2.13,2.08,9.14
PHX,2019-12-19,19,33,37,36,44,77.78,77.78,61.36,17.22,11.75,2.4,18.97,3.02,2.77,3.0,21.77
PHX,2019-12-19,20,25,55,35,59,54.29,51.43,74.58,23.51,13.6,3.51,26.37,2.22,2.69,0.64,11.53
PHX,2019-12-19,21,32,28,38,28,73.68,71.05,67.86,16.74,15.58,5.85,20.84,2.68,1.23,0.54,24.43
PHX,2019-12-19,22,25,29,26,32,65.38,61.54,71.88,21.04,11.19,2.21,22.58,5.63,1.27,4.13,36.41
PHX,2019-12-19,23,11,24,12,25,83.33,75.0,64.0,4.92,14.75,4.66,7.58,1.28,2.49,0.24,15.72
PHX,2019-12-20,0,9,19,9,16,22.22,22.22,75.0,31.33,12.78,2.64,33.44,0.38,1.78,0.0,9.31
PHX,2019-12-20,1,3,3,5,4,40.0,40.0,75.0,30.2,11.2,1.72,29.4,0.5,0.83,0.0,13.75
PHX,2019-12-20,2,1,0,2,1,50.0,50.0,0.0,35.0,12.5,2.2,37.0,2.0,1.1,7.0,17.0
PHX,2019-12-20,3,0,0,1,1,100.0,100.0,100.0,0.0,11.0,0.4,0.0,0.0,1.1,0.0,0.0
PHX,2019-12-20,4,0,0,0,5,0.0,0.0,0.0,0.0,0.0,0.0,0.0,0.4,1.08,12.8,92.8
PHX,2019-12-20,5,6,1,9,6,88.89,88.89,50.0,3.33,11.0,1.86,4.78,0.17,1.73,2.5,25.83
PHX,2019-12-20,6,23,3,29,7,79.31,72.41,57.14,34.55,16.62,7.14,40.17,1.29,1.36,3.0,14.43
PHX,2019-12-20,7,24,12,31,16,77.42,77.42,81.25,14.74,14.1,4.16,17.42,0.94,1.4,1.75,6.63
PHX,2019-12-20,8,36,33,48,34,70.83,60.42,94.12,26.92,18.4,8.36,33.77,1.24,1.84,1.79,9.03
PHX,2019-12-20,9,38,40,44,42,84.09,63.64,76.19,11.39,24.2,14.03,22.95,1.17,3.04,1.5,20.33
PHX,2019-12-20,10,47,45,52,45,65.38,32.69,91.11,15.81,22.67,12.78,27.5,2.91,6.29,0.98,24.87
PHX,2019-12-20,11,35,30,36,31,80.56,63.89,93.55,22.97,19.39,9.12,29.89,1.58,2.08,1.52,3.23
PHX,2019-12-20,12,29,35,29,39,93.1,86.21,74.36,2.52,14.66,5.35,6.45,2.23,1.99,1.38,12.33
PHX,2019-12-20,13,38,25,40,27,72.5,67.5,77.78,19.8,16.35,6.39,24.58,1.67,2.33,0.89,20.41
PHX,2019-12-20,14,33,36,34,40,67.65,55.88,77.5,28.44,15.94,5.92,33.47,2.55,1.4,2.23,32.7
PHX,2019-12-20,15,30,30,32,30,71.88,71.88,76.67,26.03,13.97,3.65,28.75,1.4,2.38,0.77,11.47
PHX,2019-12-20,16,34,34,34,39,64.71,58.82,64.1,20.12,13.53,3.94,22.88,2.21,1.49,1.15,17.56
PHX,2019-12-20,17,37,32,41,38,65.85,53.66,78.95,12.68,14.39,4.6,16.59,1.61,1.57,1.13,6.47
PHX,2019-12-20,18,27,31,27,45,81.48,74.07,75.56,13.52,12.37,2.43,15.41,1.96,2.61,2.56,19.33
PHX,2019-12-20,19,33,40,37,50,56.76,51.35,72.0,25.84,12.97,3.55,28.86,2.94,2.2,2.4,22.62
PHX,2019-12-20,20,29,56,36,59,75.0,75.0,81.36,13.42,13.81,3.77,15.75,1.68,4.92,1.31,27.83
PHX,2019-12-20,21,30,28,33,28,60.61,57.58,75.0,21.73,12.39,2.99,24.09,1.89,1.66,1.39,13.64
PHX,2019-12-20,22,25,34,26,34,61.54,53.85,73.53,19.69,12.85,3.48,22.5,2.53,3.86,1.91,12.65
PHX,2019-12-20,23,18,30,18,32,83.33,77.78,71.88,4.72,15.61,4.96,8.72,1.97,6.23,1.38,14.75
PHX,2019-12-21,0,19,18,21,19,76.19,76.19,73.68,13.38,15.9,5.5,17.57,1.11,4.35,1.53,13.84
PHX,2019-12-21,1,4,2,6,5,66.67,66.67,40.0,11.67,20.17,9.97,20.67,0.2,1.02,1.8,28.8
PHX,2019-12-21,2,1,0,1,3,0.0,0.0,33.33,188.0,11.0,0.8,189.0,7.33,1.1,9.33,14.33
PHX,2019-12-21,3,0,0,2,0,100.0,100.0,0.0,0.0,10.0,0.0,0.0,0.0,0.0,0.0,0.0
PHX,2019-12-21,4,0,0,0,5,0.0,0.0,20.0,0.0,0.0,0.0,0.0,1.2,1.28,7.4,84.0
PHX,2019-12-21,5,8,1,11,7,100.0,100.0,28.57,1.27,11.0,2.47,2.27,1.57,1.07,3.71,34.0
PHX,2019-12-21,6,20,2,27,2,66.67,66.67,100.0,38.89,11.81,2.43,40.7,1.0,1.05,3.0,0.0
PHX,2019-12-21,7,25,15,31,17,80.65,83.87,88.24,14.68,12.74,2.93,16.55,2.41,0.51,0.41,4.0
PHX,2019-12-21,8,36,33,43,33,83.72,81.4,87.88,11.37,13.95,4.35,13.72,1.45,1.43,0.88,5.82
PHX,2019-12-21,9,37,35,42,39,69.05,59.52,74.36,16.5,18.67,8.62,24.26,4.46,6.22,6.0,19.03
PHX,2019-12-21,10,43,50,46,53,78.26,63.04,86.79,13.91,17.76,7.92,21.04,2.7,10.53,2.26,6.17
PHX,2019-12-21,11,42,25,45,32,77.78,60.0,78.13,13.33,17.98,7.85,20.4,1.78,2.53,3.19,20.59
PHX,2019-12-21,12,24,37,28,42,82.14,75.0,90.48,16.5,12.89,3.66,19.11,1.83,1.13,2.12,5.4
PHX,2019-12-21,13,39,20,43,22,76.74,72.09,86.36,23.98,14.67,4.77,27.93,2.64,1.6,1.77,6.45
PHX,2019-12-21,14,25,40,26,41,76.92,69.23,75.61,15.69,16.27,6.06,20.31,1.68,1.69,0.59,15.44
PHX,2019-12-21,15,35,26,35,27,71.43,62.86,88.89,16.49,16.03,6.18,21.8,1.41,1.86,0.85,7.85
PHX,2019-12-21,16,26,34,27,40,77.78,77.78,62.5,11.04,14.07,4.17,14.15,1.5,2.06,1.4,19.65
PHX,2019-12-21,17,36,32,41,35,75.61,60.98,71.43,16.12,15.8,5.87,20.95,2.51,1.67,0.83,18.74
PHX,2019-12-21,18,31,26,32,30,62.5,56.25,76.67,22.66,16.34,6.39,28.28,1.63,3.56,2.3,14.3
PHX,2019-12-21,19,30,41,34,43,58.82,50.0,69.77,20.94,16.44,6.58,26.47,2.35,2.66,3.16,11.07
PHX,2019-12-21,20,35,51,40,53,67.5,55.0,86.79,12.43,15.35,5.68,17.2,2.26,3.07,1.32,8.85
PHX,2019-12-21,21,25,35,28,36,75.0,60.71,72.22,9.32,16.54,6.63,14.11,1.86,4.69,3.06,12.5
PHX,2019-12-21,22,29,36,30,37,60.0,53.33,70.27,21.4,14.23,5.08,25.73,1.68,2.94,2.86,17.95
PHX,2019-12-21,23,19,32,19,32,94.74,84.21,71.88,7.26,16.37,5.91,12.16,2.16,4.3,1.78,20.94
PHX,2019-12-22,0,20,23,20,20,70.0,65.0,70.0,35.95,14.8,4.46,38.5,2.45,7.49,5.3,16.0
PHX,2019-12-22,1,5,4,7,2,71.43,57.14,50.0,8.0,12.86,2.74,10.71,4.0,3.55,10.0,8.5
PHX,2019-12-22,2,1,0,1,2,0.0,0.0,0.0,19.0,18.0,7.8,27.0,3.0,1.1,5.5,21.0
PHX,2019-12-22,3,0,0,1,2,100.0,100.0,50.0,0.0,11.0,0.4,0.0,3.5,1.1,5.5,32.0
PHX,2019-12-22,4,0,0,0,4,0.0,0.0,0.0,0.0,0.0,0.0,0.0,0.0,2.33,5.5,67.75
PHX,2019-12-22,5,10,1,14,6,100.0,92.86,33.33,1.21,10.14,1.69,2.36,1.33,0.85,3.0,29.0
PHX,2019-12-22,6,21,1,26,5,88.46,88.46,60.0,5.5,12.62,3.33,7.58,0.6,1.22,4.6,10.4
PHX,2019-12-22,7,25,15,31,15,90.32,87.1,93.33,8.55,13.42,3.72,11.06,1.2,1.51,0.67,8.87
PHX,2019-12-22,8,35,37,40,38,90.0,80.0,84.21,12.48,17.77,8.07,18.85,1.84,2.22,2.37,11.66
PHX,2019-12-22,9,42,36,44,36,86.36,68.18,83.33,11.05,17.25,7.42,16.66,2.08,6.97,3.83,5.39
PHX,2019-12-22,10,42,52,44,53,70.45,54.55,86.79,13.34,16.23,6.43,19.0,2.32,13.3,2.98,10.58
PHX,2019-12-22,11,46,30,46,31,82.61,65.22,77.42,15.89,17.04,7.12,22.04,2.06,2.46,3.29,13.9
PHX,2019-12-22,12,24,33,25,33,80.0,80.0,75.76,8.28,12.68,3.27,10.68,2.3,1.12,3.61,14.3
PHX,2019-12-22,13,38,24,38,26,68.42,60.53,84.62,26.84,14.68,4.87,30.74,3.0,0.53,1.73,14.96
PHX,2019-12-22,14,33,39,35,43,65.71,60.0,65.12,23.06,16.06,5.86,27.6,2.47,0.87,2.12,20.91
PHX,2019-12-22,15,34,31,35,32,65.71,62.86,75.0,26.23,16.51,6.55,31.2,2.38,1.13,2.91,12.56
PHX,2019-12-22,16,30,33,30,36,50.0,43.33,66.67,27.03,16.13,6.33,32.17,2.22,3.83,2.69,29.17
PHX,2019-12-22,17,35,33,37,40,67.57,67.57,65.0,23.11,13.32,3.68,25.49,3.08,2.74,2.35,18.43
PHX,2019-12-22,18,30,27,31,28,61.29,58.06,78.57,26.13,16.06,6.19,31.35,3.07,3.44,4.07,9.25
PHX,2019-12-22,19,32,45,34,45,44.12,44.12,48.89,43.62,14.91,5.23,48.09,2.31,1.64,3.44,29.98
PHX,2019-12-22,20,32,45,34,49,52.94,41.18,79.59,25.06,15.68,6.02,30.21,2.37,4.0,2.73,16.49
PHX,2019-12-22,21,24,34,29,34,65.52,51.72,47.06,21.62,16.55,6.43,26.1,1.91,3.17,2.79,36.88
PHX,2019-12-22,22,30,35,31,37,41.94,32.26,54.05,33.48,16.06,6.87,40.16,2.51,2.43,4.08,24.38
PHX,2019-12-22,23,21,34,20,33,50.0,40.0,66.67,15.95,16.35,6.54,22.05,2.09,7.8,5.03,20.45
PHX,2019-12-23,0,21,18,21,26,66.67,52.38,57.69,8.43,15.19,4.81,12.9,1.88,3.15,4.15,31.54
PHX,2019-12-23,1,4,2,5,4,80.0,60.0,50.0,134.2,14.4,4.2,138.4,5.5,3.78,10.0,30.25
PHX,2019-12-23,2,1,0,1,1,100.0,100.0,0.0,11.0,11.0,0.8,12.0,25.0,0.1,28.0,22.0
PHX,2019-12-23,3,0,0,0,1,0.0,0.0,100.0,0.0,0.0,0.0,0.0,0.0,0.0,0.0,0.0
PHX,2019-12-23,4,0,0,1,2,100.0,100.0,50.0,0.0,10.0,0.0,0.0,1.5,1.6,4.5,20.5
PHX,2019-12-23,5,6,1,8,3,87.5,87.5,100.0,7.25,10.63,1.86,8.25,0.67,0.4,3.67,2.0
PHX,2019-12-23,6,22,3,30,4,76.67,76.67,75.0,19.53,12.5,3.3,21.17,5.25,0.53,7.75,6.5
PHX,2019-12-23,7,25,12,26,13,88.46,84.62,76.92,7.81,13.62,3.8,9.73,2.46,0.21,1.69,8.38
PHX,2019-12-23,8,37,33,38,34,92.11,84.21,91.18,13.95,16.92,7.33,18.76,2.26,1.82,2.32,14.38
PHX,2019-12-23,9,38,41,41,43,80.49,63.41,74.42,9.41,18.07,8.07,16.22,1.88,4.12,5.65,11.86
PHX,2019-12-23,10,47,46,50,47,66.0,48.0,80.85,16.4,17.58,7.79,23.38,2.43,10.75,4.06,12.06
PHX,2019-12-23,11,37,29,38,29,84.21,55.26,72.41,8.89,21.55,11.14,18.47,1.38,1.71,1.97,28.34
PHX,2019-12-23,12,26,34,26,37,80.77,76.92,70.27,9.65,11.88,2.72,11.62,3.43,1.2,6.95,18.08
PHX,2019-12-23,13,41,24,44,23,61.36,54.55,73.91,25.48,15.0,4.97,29.66,2.13,0.72,2.3,17.65
PHX,2019-12-23,14,32,37,38,39,65.79,60.53,61.54,21.16,14.74,4.68,24.87,2.69,2.38,3.92,22.62
PHX,2019-12-23,15,30,28,32,29,65.63,56.25,65.52,30.63,14.66,4.5,34.56,2.28,0.94,4.1,15.79
PHX,2019-12-23,16,32,35,33,38,66.67,63.64,71.05,14.42,15.73,6.16,19.45,3.92,2.82,4.5,12.97
PHX,2019-12-23,17,38,33,41,35,58.54,53.66,68.57,25.37,15.9,6.07,30.29,3.14,2.49,3.97,16.83
PHX,2019-12-23,18,27,33,27,50,66.67,55.56,66.0,20.07,18.59,8.38,26.33,3.98,2.36,6.74,23.16
PHX,2019-12-23,19,34,36,39,47,51.28,43.59,53.19,36.51,16.64,6.76,42.26,3.98,2.7,6.43,27.66
PHX,2019-12-23,20,26,56,34,58,41.18,17.65,67.24,33.09,19.59,9.5,41.65,2.67,4.83,3.03,19.41
PHX,2019-12-23,21,33,30,39,30,46.15,46.15,56.67,24.69,13.82,4.29,28.26,2.63,3.4,4.27,20.57
PHX,2019-12-23,22,25,30,25,32,52.0,40.0,56.25,22.6,16.32,6.73,28.84,2.72,8.07,8.13,25.16
PHX,2019-12-23,23,11,22,12,22,75.0,66.67,54.55,8.08,23.42,13.03,19.83,2.05,7.96,2.86,19.27
PHX,2019-12-24,0,10,3,10,18,60.0,50.0,61.11,16.9,12.1,2.42,18.5,2.28,2.56,3.56,16.67
PHX,2019-12-24,1,3,1,5,5,100.0,100.0,40.0,0.2,11.6,1.2,1.0,1.0,0.02,2.4,37.0
PHX,2019-12-24,2,1,0,2,1,100.0,100.0,0.0,0.0,16.0,5.6,5.0,8.0,1.1,12.0,17.0
PHX,2019-12-24,3,0,0,0,1,0.0,0.0,100.0,0.0,0.0,0.0,0.0,0.0,0.0,0.0,0.0
PHX,2019-12-24,4,0,0,0,3,0.0,0.0,33.33,0.0,0.0,0.0,0.0,3.0,1.77,11.0,58.67
PHX,2019-12-24,5,4,1,6,6,100.0,83.33,33.33,0.83,11.83,2.48,2.67,2.0,1.58,5.83,58.0
PHX,2019-12-24,6,20,0,25,6,72.0,72.0,66.67,26.88,14.4,4.64,29.8,1.67,1.42,5.83,9.33
PHX,2019-12-24,7,19,12,26,12,76.92,69.23,83.33,18.19,15.0,5.02,21.31,1.92,0.91,3.5,6.67
PHX,2019-12-24,8,39,36,50,38,78.0,66.0,84.21,12.74,17.86,7.83,18.78,4.55,2.64,6.84,10.53
PHX,2019-12-24,9,47,42,52,47,78.85,59.62,55.32,12.71,21.54,11.86,23.06,12.94,2.49,13.72,18.83
PHX,2019-12-24,10,48,48,53,47,50.94,16.98,61.7,26.6,22.4,12.73,38.87,13.13,4.67,9.51,18.15
PHX,2019-12-24,11,42,27,42,28,61.9,28.57,67.86,20.95,22.33,12.07,31.98,7.54,4.59,8.82,10.46
PHX,2019-12-24,12,21,34,22,32,72.73,72.73,75.0,13.55,13.0,3.76,17.05,3.78,3.67,4.91,11.63
PHX,2019-12-24,13,39,23,39,27,74.36,56.41,66.67,11.74,18.74,8.98,18.95,7.0,1.93,5.89,14.26
PHX,2019-12-24,14,32,41,33,42,63.64,51.52,71.43,18.06,14.67,4.76,22.24,5.1,2.83,5.14,10.05
PHX,2019-12-24,15,30,31,32,31,68.75,65.63,83.87,17.63,16.0,5.82,22.69,5.26,1.89,2.84,13.77
PHX,2019-12-24,16,31,30,31,34,83.87,64.52,76.47,9.97,16.0,6.53,14.68,4.94,1.44,3.59,19.62
PHX,2019-12-24,17,25,33,28,37,64.29,60.71,81.08,31.04,14.18,4.18,33.5,3.73,1.38,2.22,12.92
PHX,2019-12-24,18,30,28,30,42,83.33,60.0,73.81,5.63,17.57,8.33,12.03,4.86,1.71,4.12,9.98
PHX,2019-12-24,19,19,26,21,32,57.14,61.9,78.13,15.86,12.57,3.52,18.86,4.22,0.88,1.91,13.84
PHX,2019-12-24,20,9,35,17,38,82.35,76.47,86.84,10.53,13.59,4.12,13.65,3.66,1.52,1.18,7.11
PHX,2019-12-24,21,9,11,11,13,63.64,63.64,69.23,14.18,8.64,0.7,14.64,1.85,2.44,2.77,12.85
PHX,2019-12-24,22,2,12,2,12,100.0,100.0,100.0,0.0,12.0,2.9,1.0,1.42,1.92,4.25,4.75
PHX,2019-12-24,23,4,11,4,12,75.0,75.0,100.0,5.0,13.75,3.07,6.0,0.75,4.34,1.17,0.58
PHX,2019-12-25,0,8,9,8,3,87.5,87.5,66.67,3.88,11.38,1.38,4.38,0.0,12.03,8.0,25.33
PHX,2019-12-25,1,3,2,3,2,100.0,100.0,100.0,0.0,9.33,0.27,0.0,1.0,0.6,0.0,0.0
PHX,2019-12-25,2,1,0,1,0,0.0,0.0,0.0,66.0,9.0,0.0,65.0,0.0,0.0,0.0,0.0
PHX,2019-12-25,3,0,0,0,0,0.0,0.0,0.0,0.0,0.0,0.0,0.0,0.0,0.0,0.0,0.0
PHX,2019-12-25,5,1,1,1,1,100.0,100.0,0.0,0.0,11.0,0.0,0.0,0.0,0.8,21.0,15.0
PHX,2019-12-25,6,7,1,8,0,100.0,100.0,0.0,0.38,13.5,3.17,0.13,0.0,0.0,0.0,0.0
PHX,2019-12-25,7,17,5,18,5,94.44,94.44,60.0,2.56,14.06,3.74,4.0,2.8,0.5,9.6,107.8
PHX,2019-12-25,8,26,23,27,23,85.19,85.19,86.96,8.85,15.19,5.82,13.26,2.22,3.13,2.83,9.57
PHX,2019-12-25,9,40,32,40,31,85.0,57.5,90.32,8.33,22.55,12.65,18.63,2.77,4.61,3.48,4.58
PHX,2019-12-25,10,46,41,47,42,78.72,40.43,90.48,16.53,26.81,17.35,32.04,5.81,7.32,4.43,10.19
PHX,2019-12-25,11,43,30,44,30,90.91,18.18,93.33,5.16,33.18,23.02,26.64,2.57,2.16,2.73,3.2
PHX,2019-12-25,12,24,25,24,23,87.5,70.83,69.57,4.79,15.25,6.18,9.5,1.7,1.56,2.39,16.26
PHX,2019-12-25,13,37,26,39,27,82.05,71.79,88.89,11.62,14.64,4.64,15.31,2.56,0.63,0.74,6.59
PHX,2019-12-25,14,33,37,32,35,81.25,78.13,88.57,9.72,13.81,3.95,12.44,2.03,0.45,1.29,11.06
PHX,2019-12-25,15,34,35,34,37,73.53,64.71,83.78,12.15,14.38,4.59,15.44,1.78,1.03,2.59,7.14
PHX,2019-12-25,16,32,27,32,26,78.13,62.5,88.46,10.22,15.91,6.18,14.94,1.58,2.75,0.77,23.04
PHX,2019-12-25,17,23,35,23,36,91.3,91.3,77.78,5.65,13.74,3.76,6.96,3.64,2.15,2.67,17.72
PHX,2019-12-25,18,34,30,33,30,84.85,84.85,90.0,31.97,13.88,4.41,34.73,2.87,1.19,2.0,3.0
PHX,2019-12-25,19,21,27,21,30,76.19,66.67,73.33,18.52,15.43,5.92,21.81,2.3,0.6,2.73,13.13
PHX,2019-12-25,20,16,40,16,41,81.25,75.0,85.37,5.63,15.69,5.24,8.81,5.29,1.67,5.37,7.88
PHX,2019-12-25,21,15,18,16,19,62.5,50.0,84.21,15.5,11.81,3.48,17.75,1.74,1.38,1.47,5.32
PHX,2019-12-25,22,4,16,5,17,100.0,100.0,70.59,0.0,12.6,2.74,1.2,1.65,0.95,3.29,8.41
PHX,2019-12-25,23,6,18,6,18,83.33,83.33,83.33,4.5,16.17,5.65,7.33,1.78,1.56,1.28,10.67
PHX,2019-12-26,0,10,20,10,10,90.0,90.0,90.0,39.1,14.9,4.4,42.5,1.4,2.04,1.8,3.6
PHX,2019-12-26,1,3,3,4,2,75.0,75.0,100.0,14.75,12.25,1.9,15.0,0.0,5.0,0.0,0.0
PHX,2019-12-26,2,1,0,1,0,100.0,0.0,0.0,10.0,16.0,5.8,16.0,0.0,0.0,0.0,0.0
PHX,2019-12-26,3,0,0,0,0,0.0,0.0,0.0,0.0,0.0,0.0,0.0,0.0,0.0,0.0,0.0
PHX,2019-12-26,4,0,0,0,2,0.0,0.0,50.0,0.0,0.0,0.0,0.0,0.0,0.55,0.0,10.5
PHX,2019-12-26,5,7,1,8,3,100.0,87.5,33.33,1.5,10.13,1.84,2.63,0.0,0.7,2.0,22.67
PHX,2019-12-26,6,24,3,32,4,68.75,68.75,100.0,30.56,13.69,3.99,33.59,0.5,0.28,1.75,3.5
PHX,2019-12-26,7,24,11,29,14,79.31,75.86,57.14,15.83,15.07,4.94,19.28,1.71,1.14,3.14,35.79
PHX,2019-12-26,8,37,31,48,33,75.0,64.58,90.91,15.38,18.69,8.79,22.19,2.18,1.33,2.15,7.58
PHX,2019-12-26,9,38,39,40,41,80.0,60.0,73.17,10.1,22.4,12.25,20.48,2.15,2.83,4.76,9.1
PHX,2019-12-26,10,44,45,45,46,88.89,66.67,82.61,6.82,18.18,8.51,13.96,4.22,5.82,4.59,10.24
PHX,2019-12-26,11,40,29,40,29,75.0,57.5,68.97,13.28,19.73,9.23,20.98,2.69,2.47,4.9,17.31
PHX,2019-12-26,12,26,32,27,34,59.26,48.15,64.71,16.07,13.78,4.64,20.26,6.15,2.2,11.68,17.76
PHX,2019-12-26,13,39,25,42,30,64.29,52.38,66.67,16.1,15.69,5.77,21.0,1.97,2.07,4.8,10.87
PHX,2019-12-26,14,33,38,35,36,62.86,51.43,77.78,23.23,15.8,5.95,27.94,2.81,0.95,2.14,11.14
PHX,2019-12-26,15,32,28,36,30,72.22,58.33,63.33,24.42,16.44,6.03,29.0,2.07,0.83,4.07,21.67
PHX,2019-12-26,16,32,35,32,38,56.25,50.0,76.32,21.63,13.75,4.34,25.0,3.68,1.56,3.66,9.42
PHX,2019-12-26,17,37,33,38,37,65.79,57.89,64.86,18.74,12.95,3.37,20.97,4.92,2.67,5.41,19.22
PHX,2019-12-26,18,27,32,29,50,44.83,37.93,54.0,42.66,14.66,4.91,46.66,3.9,2.33,6.76,21.6
PHX,2019-12-26,19,34,35,36,43,55.56,50.0,41.86,21.22,14.81,5.02,25.75,5.81,2.62,10.23,30.91
PHX,2019-12-26,20,25,56,35,57,48.57,28.57,49.12,48.14,21.17,11.09,58.8,7.42,3.78,9.07,29.68
PHX,2019-12-26,21,31,31,33,30,39.39,15.15,43.33,37.58,21.88,12.24,48.61,6.37,4.83,12.83,53.4
PHX,2019-12-26,22,26,34,25,36,48.0,24.0,61.11,53.8,19.96,10.37,63.68,4.03,3.82,7.31,26.81
PHX,2019-12-26,23,18,33,19,35,78.95,63.16,62.86,44.42,18.42,8.09,51.0,4.23,5.58,5.83,14.37
PHX,2019-12-27,0,21,21,22,20,77.27,72.73,60.0,11.36,16.0,5.48,15.23,3.15,5.4,7.6,18.8
PHX,2019-12-27,1,4,3,5,4,60.0,60.0,75.0,13.8,13.2,3.0,16.8,4.5,0.55,9.25,8.25
PHX,2019-12-27,2,1,0,1,0,0.0,0.0,0.0,51.0,11.0,0.8,52.0,0.0,0.0,0.0,0.0
PHX,2019-12-27,3,0,0,0,1,0.0,0.0,0.0,0.0,0.0,0.0,0.0,2.0,1.1,4.0,20.0
PHX,2019-12-27,4,0,0,0,3,0.0,0.0,33.33,0.0,0.0,0.0,0.0,0.33,0.43,8.0,45.33
PHX,2019-12-27,5,6,1,10,9,80.0,60.0,22.22,10.8,12.9,4.25,14.2,1.67,1.18,3.0,33.22
PHX,2019-12-27,6,23,3,29,4,68.97,65.52,75.0,38.31,15.17,5.92,42.59,2.0,0.33,2.0,7.25
PHX,2019-12-27,7,25,12,30,14,76.67,73.33,100.0,15.83,14.9,4.91,19.33,2.64,0.24,2.43,1.21
PHX,2019-12-27,8,37,33,47,35,76.6,63.83,91.43,13.3,18.13,8.37,19.91,2.97,1.61,3.51,6.4
PHX,2019-12-27,9,38,41,40,43,92.5,52.5,69.77,8.53,25.68,15.59,22.23,6.67,5.18,9.37,18.16
PHX,2019-12-27,10,47,46,50,47,66.0,18.0,70.21,21.8,26.4,16.61,37.82,9.15,8.0,8.51,18.74
PHX,2019-12-27,11,37,31,41,32,60.98,31.71,78.13,20.27,27.63,16.96,36.71,4.88,3.81,6.09,15.38
PHX,2019-12-27,12,29,34,30,37,66.67,50.0,62.16,17.17,19.4,9.6,26.17,6.95,1.22,4.54,21.49
PHX,2019-12-27,13,39,24,39,29,64.1,61.54,72.41,20.08,16.26,6.37,24.92,6.24,1.38,4.55,13.66
PHX,2019-12-27,14,33,38,38,39,63.16,36.84,66.67,20.26,16.76,6.63,26.47,5.72,2.31,4.08,25.72
PHX,2019-12-27,15,31,29,32,29,65.63,59.38,58.62,20.72,14.13,3.79,23.66,5.28,2.41,2.62,15.14
PHX,2019-12-27,16,33,35,33,37,60.61,63.64,75.68,14.12,12.36,3.21,15.88,6.54,2.51,4.95,15.16
PHX,2019-12-27,17,37,33,38,36,60.53,60.53,50.0,12.89,11.21,1.62,13.89,8.25,2.88,7.28,22.64
PHX,2019-12-27,18,28,33,27,46,59.26,48.15,56.52,25.3,14.63,4.57,28.96,7.57,3.53,11.35,23.8
PHX,2019-12-27,19,35,37,38,43,57.89,52.63,44.19,25.39,12.95,3.42,28.21,10.47,2.68,14.47,27.84
PHX,2019-12-27,20,28,57,31,58,35.48,29.03,44.83,54.32,13.19,3.48,57.03,11.52,3.7,11.1,25.53
PHX,2019-12-27,21,30,31,32,30,40.63,34.38,60.0,54.72,12.53,3.14,57.63,6.37,5.14,8.73,24.3
PHX,2019-12-27,22,26,34,28,36,57.14,50.0,61.11,12.46,13.43,4.29,15.93,4.75,4.23,4.47,22.11
PHX,2019-12-27,23,18,32,18,33,88.89,83.33,51.52,6.56,12.89,2.46,7.89,3.42,5.58,2.67,22.21
PHX,2019-12-28,0,21,18,21,21,66.67,61.9,76.19,17.76,13.33,3.3,19.95,2.29,5.38,3.52,11.24
PHX,2019-12-28,1,4,2,6,4,100.0,100.0,100.0,2.17,13.5,3.23,4.83,2.0,1.58,0.0,5.0
PHX,2019-12-28,2,1,0,1,0,100.0,100.0,0.0,2.0,14.0,3.8,6.0,0.0,0.0,0.0,0.0
PHX,2019-12-28,3,0,0,0,1,0.0,0.0,100.0,0.0,0.0,0.0,0.0,0.0,2.1,7.0,4.0
PHX,2019-12-28,4,0,0,0,2,0.0,0.0,100.0,0.0,0.0,0.0,0.0,2.0,0.0,2.0,0.0
PHX,2019-12-28,5,8,1,8,2,100.0,100.0,100.0,0.0,9.88,1.42,0.63,0.0,1.95,0.0,2.5
PHX,2019-12-28,6,22,2,27,5,88.89,88.89,40.0,11.19,12.07,2.8,12.56,1.8,2.06,5.0,25.2
PHX,2019-12-28,7,26,14,36,15,80.56,80.56,93.33,9.92,12.78,2.8,11.86,2.33,1.17,3.07,2.6
PHX,2019-12-28,8,35,33,39,33,87.18,82.05,75.76,7.38,14.26,4.67,10.36,4.21,2.87,5.91,17.97
PHX,2019-12-28,9,38,36,42,36,78.57,59.52,83.33,14.93,17.19,7.18,21.33,3.08,5.13,4.5,15.47
PHX,2019-12-28,10,42,52,43,53,79.07,62.79,75.47,10.21,15.98,6.42,15.16,2.42,8.9,3.85,29.74
PHX,2019-12-28,11,43,26,44,32,61.36,50.0,78.13,34.2,16.02,6.17,39.2,2.59,3.54,3.03,8.38
PHX,2019-12-28,12,24,35,26,36,80.77,73.08,72.22,10.85,11.62,2.91,12.04,3.22,1.54,2.5,11.92
PHX,2019-12-28,13,40,20,40,21,65.0,65.0,80.95,27.68,13.3,3.4,30.35,3.52,1.58,3.67,8.14
PHX,2019-12-28,14,25,39,27,35,51.85,48.15,60.0,26.33,13.56,3.54,29.41,3.43,7.07,9.03,24.26
PHX,2019-12-28,15,34,26,34,26,67.65,61.76,84.62,18.94,14.65,5.02,22.82,3.0,4.34,3.27,4.5
PHX,2019-12-28,16,26,34,25,36,84.0,76.0,66.67,10.32,13.12,3.58,12.16,2.28,2.01,2.67,29.33
PHX,2019-12-28,17,37,32,40,34,57.5,57.5,52.94,26.45,12.1,2.69,28.38,3.35,1.83,4.18,29.38
PHX,2019-12-28,18,30,27,29,30,51.72,51.72,63.33,25.31,11.86,2.36,27.14,1.83,2.61,2.53,29.9
PHX,2019-12-28,19,30,40,32,41,65.63,59.38,65.85,25.56,13.22,3.41,28.38,2.46,2.84,1.98,18.61
PHX,2019-12-28,20,35,50,35,48,51.43,48.57,68.75,25.89,12.34,3.02,28.23,2.56,4.22,1.69,20.21
PHX,2019-12-28,21,25,36,27,36,62.96,48.15,55.56,24.78,15.07,5.21,29.3,2.25,2.23,1.31,26.5
PHX,2019-12-28,22,30,37,30,40,36.67,36.67,57.5,32.8,11.77,2.81,34.97,2.13,4.17,2.8,56.1
PHX,2019-12-28,23,18,34,18,34,61.11,61.11,50.0,21.94,15.06,4.38,25.17,3.47,6.21,2.15,38.59
PHX,2019-12-29,0,20,23,20,18,80.0,70.0,55.56,6.4,14.55,4.43,9.4,2.17,4.34,3.67,54.83
PHX,2019-12-29,1,5,4,6,2,66.67,66.67,0.0,37.33,10.17,0.4,37.33,5.0,1.05,6.0,22.0
PHX,2019-12-29,2,1,0,1,1,100.0,100.0,100.0,0.0,11.0,0.8,0.0,0.0,0.1,0.0,0.0
PHX,2019-12-29,3,0,0,0,2,0.0,0.0,50.0,0.0,0.0,0.0,0.0,4.5,0.6,10.5,16.0
PHX,2019-12-29,4,0,0,3,1,66.67,66.67,100.0,6.33,14.0,4.93,11.0,0.0,1.1,4.0,7.0
PHX,2019-12-29,5,10,1,13,1,76.92,69.23,100.0,6.08,12.54,4.38,9.15,0.0,0.0,2.0,0.0
PHX,2019-12-29,6,22,1,25,3,88.0,80.0,66.67,5.76,14.2,4.87,9.8,0.0,0.03,2.67,8.67
PHX,2019-12-29,7,24,15,24,17,66.67,62.5,94.12,22.04,20.38,10.42,31.88,2.65,0.55,3.47,3.24
PHX,2019-12-29,8,37,37,38,37,89.47,84.21,91.89,14.95,16.18,6.39,18.76,2.86,1.62,2.57,2.7
PHX,2019-12-29,9,42,36,45,38,77.78,62.22,78.95,11.62,21.67,11.74,21.24,2.66,5.86,4.21,19.89
PHX,2019-12-29,10,42,52,45,49,75.56,60.0,87.76,11.67,19.49,9.74,20.31,3.84,6.74,1.49,5.71
PHX,2019-12-29,11,46,30,48,32,72.92,41.67,81.25,29.69,21.9,11.71,39.94,1.66,4.34,1.69,8.47
PHX,2019-12-29,12,24,34,24,35,79.17,70.83,80.0,20.92,14.88,5.13,24.58,2.46,3.89,2.43,13.94
PHX,2019-12-29,13,39,24,40,26,85.0,80.0,92.31,13.9,14.1,4.15,15.53,2.81,2.47,0.96,3.5
PHX,2019-12-29,14,33,39,35,38,77.14,74.29,78.95,9.71,14.49,4.64,12.97,1.84,1.02,0.34,11.87
PHX,2019-12-29,15,34,31,35,30,60.0,54.29,66.67,28.54,14.89,4.98,32.31,1.63,1.29,1.5,19.87
PHX,2019-12-29,16,30,34,29,37,58.62,51.72,86.49,19.86,15.62,5.82,24.93,2.73,0.75,1.49,14.08
PHX,2019-12-29,17,36,32,38,38,78.95,73.68,73.68,31.87,14.0,4.21,35.34,2.39,2.16,1.32,10.89
PHX,2019-12-29,18,29,28,28,31,78.57,46.43,58.06,12.75,16.79,7.15,19.0,3.26,3.27,4.16,21.26
PHX,2019-12-29,19,33,44,33,44,63.64,60.61,68.18,22.58,16.24,6.36,27.88,2.0,1.16,2.41,18.16
PHX,2019-12-29,20,31,45,32,45,65.63,59.38,71.11,18.0,14.88,5.38,22.75,6.31,2.95,5.02,17.24
PHX,2019-12-29,21,24,34,27,35,62.96,51.85,77.14,18.74,16.37,6.3,24.11,2.11,2.19,2.6,16.97
PHX,2019-12-29,22,30,36,32,37,46.88,34.38,78.38,24.28,15.59,6.31,30.19,1.38,1.8,2.11,11.51
PHX,2019-12-29,23,21,34,22,33,90.91,77.27,75.76,5.95,14.23,4.25,9.14,2.48,4.84,1.85,9.73
PHX,2019-12-30,0,21,18,21,23,71.43,71.43,56.52,10.38,16.0,5.83,15.14,1.09,1.86,2.91,22.87
PHX,2019-12-30,1,4,2,6,3,100.0,100.0,66.67,2.17,13.67,3.4,5.5,4.67,1.03,5.33,24.0
PHX,2019-12-30,2,1,0,1,0,100.0,100.0,0.0,0.0,11.0,0.8,0.0,0.0,0.0,0.0,0.0
PHX,2019-12-30,3,0,0,0,1,0.0,0.0,0.0,0.0,0.0,0.0,0.0,8.0,0.1,11.0,19.0
PHX,2019-12-30,4,0,0,0,0,0.0,0.0,0.0,0.0,0.0,0.0,0.0,0.0,0.0,0.0,0.0
PHX,2019-12-30,5,6,1,7,2,100.0,100.0,50.0,0.0,11.14,2.41,1.14,0.0,0.05,0.0,19.0
PHX,2019-12-30,6,23,3,27,4,77.78,74.07,75.0,7.56,13.52,4.33,10.63,2.75,0.55,10.5,8.5
PHX,2019-12-30,7,25,12,24,13,95.83,91.67,84.62,4.75,12.67,3.45,6.75,2.46,0.78,6.31,10.08
PHX,2019-12-30,8,37,33,38,35,84.21,81.58,85.71,15.21,15.53,5.67,18.71,2.69,1.98,3.71,11.77
PHX,2019-12-30,9,38,41,41,42,80.49,65.85,83.33,14.07,18.39,8.26,20.9,2.9,3.05,3.69,9.26
PHX,2019-12-30,10,47,46,50,47,78.0,60.0,78.72,11.82,15.42,5.84,16.88,3.87,7.71,4.32,20.72
PHX,2019-12-30,11,37,29,38,29,73.68,63.16,82.76,21.05,16.5,6.17,25.92,1.76,1.34,1.03,8.79
PHX,2019-12-30,12,27,34,28,34,67.86,67.86,79.41,16.21,12.86,3.51,18.86,1.44,0.75,3.18,8.41
PHX,2019-12-30,13,40,24,40,25,77.5,67.5,88.0,11.25,14.9,5.05,15.13,3.04,2.7,4.52,6.52
PHX,2019-12-30,14,32,37,35,37,65.71,57.14,89.19,21.29,15.46,5.36,25.57,2.7,1.82,1.51,6.19
PHX,2019-12-30,15,30,28,33,30,75.76,69.7,70.0,24.12,16.15,5.79,27.79,2.7,2.25,1.47,28.1
PHX,2019-12-30,16,32,35,32,40,65.63,53.13,82.5,24.75,15.22,5.67,29.31,1.88,0.85,1.38,7.45
PHX,2019-12-30,17,37,32,39,35,79.49,79.49,71.43,8.82,14.18,4.23,11.03,3.94,2.06,4.06,13.14
PHX,2019-12-30,18,27,32,28,43,53.57,46.43,65.12,36.43,14.86,5.14,41.32,2.3,2.6,3.37,20.84
PHX,2019-12-30,19,33,37,38,44,50.0,42.11,56.82,21.71,15.26,5.8,26.63,2.3,2.46,4.0,28.18
PHX,2019-12-30,20,27,56,34,57,64.71,44.12,63.16,22.18,17.15,6.91,28.03,2.93,2.48,3.61,20.6
PHX,2019-12-30,21,33,30,39,31,61.54,46.15,64.52,20.36,16.51,6.87,26.49,2.68,3.27,3.19,26.55
PHX,2019-12-30,22,25,30,26,31,42.31,38.46,54.84,41.92,14.69,5.06,46.69,2.84,1.68,3.16,16.1
PHX,2019-12-30,23,11,22,12,21,75.0,75.0,66.67,8.25,13.0,2.25,9.58,3.05,3.92,5.52,20.48
PHX,2019-12-31,0,11,6,11,18,72.73,72.73,55.56,25.36,14.36,3.76,27.91,1.33,2.37,2.11,17.5
PHX,2019-12-31,1,2,1,3,3,100.0,100.0,100.0,0.0,10.33,0.6,0.33,0.0,0.03,0.0,0.0
PHX,2019-12-31,2,1,0,1,0,0.0,0.0,0.0,17.0,18.0,7.8,25.0,0.0,0.0,0.0,0.0
PHX,2019-12-31,3,0,0,0,1,0.0,0.0,100.0,0.0,0.0,0.0,0.0,2.0,0.1,5.0,8.0
PHX,2019-12-31,4,0,0,0,2,0.0,0.0,0.0,0.0,0.0,0.0,0.0,0.5,0.05,12.5,111.5
PHX,2019-12-31,5,4,1,6,7,83.33,83.33,28.57,18.0,11.83,2.77,19.83,1.29,1.23,3.57,32.29
PHX,2019-12-31,6,21,2,23,4,91.3,86.96,75.0,19.74,12.7,3.45,22.35,3.25,0.08,9.5,7.75
PHX,2019-12-31,7,21,11,33,16,66.67,66.67,75.0,19.09,13.27,3.95,21.61,2.5,0.56,6.56,11.5
PHX,2019-12-31,8,36,33,47,34,82.98,78.72,79.41,7.77,16.0,5.8,11.36,1.94,1.86,4.91,26.41
PHX,2019-12-31,9,43,43,47,43,80.85,74.47,88.37,7.38,18.3,8.52,14.15,2.33,3.43,2.95,6.77
PHX,2019-12-31,10,48,45,51,46,84.31,60.78,84.78,9.16,17.9,8.42,16.29,3.17,9.68,2.76,24.98
PHX,2019-12-31,11,40,30,41,32,85.37,58.54,81.25,7.8,19.88,9.68,15.8,1.75,2.2,1.44,8.19
PHX,2019-12-31,12,26,32,27,33,85.19,81.48,81.82,7.63,12.44,3.23,10.52,1.88,1.98,2.85,7.79
PHX,2019-12-31,13,38,24,38,26,78.95,71.05,84.62,10.18,16.26,6.44,14.87,3.23,0.58,1.58,12.31
PHX,2019-12-31,14,33,40,33,39,78.79,72.73,89.74,10.42,14.64,4.71,13.85,2.23,3.18,1.21,7.1
PHX,2019-12-31,15,35,33,35,36,74.29,74.29,80.56,16.09,15.86,5.91,20.34,2.33,2.01,1.39,12.03
PHX,2019-12-31,16,30,31,31,31,80.65,74.19,87.1,10.84,14.48,4.74,14.19,1.52,1.93,0.55,16.03
PHX,2019-12-31,17,26,32,26,39,80.77,80.77,82.05,16.08,14.12,4.63,18.54,3.31,2.02,1.51,13.1
PHX,2019-12-31,18,31,25,34,40,67.65,61.76,72.5,17.12,14.35,4.76,21.0,2.85,1.8,3.4,17.25
PHX,2019-12-31,19,20,35,22,41,68.18,59.09,70.73,27.18,14.82,4.91,31.59,2.49,1.28,1.88,14.83
PHX,2019-12-31,20,18,56,22,59,86.36,81.82,84.75,8.86,17.68,7.19,13.91,3.59,2.72,1.98,14.63
PHX,2019-12-31,21,25,17,27,17,59.26,55.56,94.12,35.52,16.89,6.71,40.81,1.24,3.14,1.29,2.88
PHX,2019-12-31,22,16,23,17,24,94.12,82.35,83.33,3.88,16.35,5.84,8.12,1.83,2.22,1.25,7.42
PHX,2019-12-31,23,9,9,10,9,90.0,80.0,100.0,49.3,18.7,8.41,56.7,4.44,5.82,0.44,0.44
