airport,report_date,Hour,Scheduled Departures,Scheduled Arrivals,Departures For Metric Computation,Arrivals For Metric Computation,% On-Time Gate Departures,% On-Time Airport Departures,% On-Time Gate Arrivals,Average Gate Departure Delay,Average Taxi Out Time,Average Taxi Out Delay,Average Airport Departure Delay,Average Airborne Delay,Average Taxi In Delay,Average Block Delay,Average Gate Arrival Delay
PBI,2024-01-01,0,0,4,0,5,0.0,0.0,60.0,0.0,0.0,0.0,0.0,0.6,1.96,1.6,12.6
PBI,2024-01-01,1,0,0,0,0,0.0,0.0,0.0,0.0,0.0,0.0,0.0,0.0,0.0,0.0,0.0
PBI,2024-01-01,5,0,0,0,0,0.0,0.0,0.0,0.0,0.0,0.0,0.0,0.0,0.0,0.0,0.0
PBI,2024-01-01,6,8,0,10,0,90.0,90.0,0.0,2.3,13.0,1.92,3.0,0.0,0.0,0.0,0.0
PBI,2024-01-01,7,6,0,8,2,87.5,87.5,0.0,6.5,14.25,2.85,8.63,2.0,1.2,3.5,33.0
PBI,2024-01-01,8,6,2,16,5,56.25,50.0,60.0,18.63,21.5,10.47,28.75,3.6,1.4,5.4,17.8
PBI,2024-01-01,9,2,1,13,7,46.15,15.38,71.43,23.08,25.85,14.65,37.38,3.43,0.63,5.57,7.29
PBI,2024-01-01,10,4,9,23,13,39.13,26.09,69.23,25.17,26.09,14.86,39.35,6.23,0.98,8.92,21.31
PBI,2024-01-01,11,9,9,23,14,52.17,26.09,71.43,43.43,31.74,20.14,61.48,4.79,1.55,3.64,10.64
PBI,2024-01-01,12,8,9,18,21,61.11,27.78,66.67,17.5,32.78,21.37,37.11,9.1,1.09,11.1,17.76
PBI,2024-01-01,13,9,6,21,15,47.62,9.52,46.67,24.1,27.48,16.5,39.76,9.6,1.13,12.47,21.87
PBI,2024-01-01,14,6,6,18,14,38.89,22.22,50.0,25.22,23.0,11.48,36.33,5.0,1.99,8.64,28.86
PBI,2024-01-01,15,6,9,15,21,53.33,40.0,47.62,22.73,19.8,8.42,30.2,7.76,1.48,10.1,20.67
PBI,2024-01-01,16,9,6,15,10,66.67,66.67,70.0,15.73,17.4,6.37,20.4,8.0,1.46,8.4,24.2
PBI,2024-01-01,17,6,6,13,12,69.23,61.54,66.67,12.92,17.0,6.12,17.08,2.92,1.12,4.33,10.67
PBI,2024-01-01,18,6,9,9,16,55.56,44.44,50.0,39.0,17.11,5.66,43.89,10.5,2.12,12.38,24.25
PBI,2024-01-01,19,10,7,11,12,54.55,63.64,25.0,17.09,11.27,0.5,17.09,6.75,2.92,8.92,43.33
PBI,2024-01-01,20,7,6,8,7,25.0,12.5,57.14,53.63,14.88,3.51,56.75,2.29,4.59,8.14,22.14
PBI,2024-01-01,21,2,3,2,4,0.0,0.0,75.0,44.5,11.0,0.4,44.5,2.75,1.53,3.25,8.25
PBI,2024-01-01,22,0,8,0,8,0.0,0.0,100.0,0.0,0.0,0.0,0.0,0.13,4.15,0.0,2.63
PBI,2024-01-01,23,0,5,0,5,0.0,0.0,100.0,0.0,0.0,0.0,0.0,0.2,0.12,0.0,0.0
PBI,2024-01-02,0,0,5,0,4,0.0,0.0,50.0,0.0,0.0,0.0,0.0,0.0,0.9,0.0,30.0
PBI,2024-01-02,1,0,0,0,0,0.0,0.0,0.0,0.0,0.0,0.0,0.0,0.0,0.0,0.0,0.0
PBI,2024-01-02,2,0,0,0,0,0.0,0.0,0.0,0.0,0.0,0.0,0.0,0.0,0.0,0.0,0.0
PBI,2024-01-02,5,1,0,2,0,50.0,50.0,0.0,15.0,10.5,0.35,15.0,0.0,0.0,0.0,0.0
PBI,2024-01-02,6,10,0,13,1,92.31,92.31,0.0,2.46,12.69,2.03,3.69,8.0,1.2,13.0,36.0
PBI,2024-01-02,7,7,0,9,2,88.89,88.89,50.0,3.44,14.56,3.42,5.78,9.5,1.2,12.0,11.5
PBI,2024-01-02,8,5,3,13,3,69.23,69.23,100.0,8.31,15.69,4.38,11.46,0.0,1.53,0.0,0.0
PBI,2024-01-02,9,3,4,12,9,58.33,41.67,66.67,21.42,28.42,16.98,37.75,3.67,1.97,6.44,12.89
PBI,2024-01-02,10,6,9,17,17,64.71,17.65,52.94,12.47,37.35,26.21,37.24,9.0,1.04,9.24,29.82
PBI,2024-01-02,11,9,10,13,16,84.62,30.77,68.75,4.38,39.31,27.67,28.38,5.75,0.85,7.5,20.5
PBI,2024-01-02,12,9,8,21,13,66.67,33.33,38.46,19.95,26.52,15.16,34.05,7.08,1.65,8.0,41.15
PBI,2024-01-02,13,8,6,21,13,38.1,19.05,30.77,35.1,23.48,12.4,47.0,10.23,1.11,17.85,41.85
PBI,2024-01-02,14,5,6,17,19,29.41,23.53,47.37,40.47,20.94,9.34,49.71,7.95,1.67,11.16,35.05
PBI,2024-01-02,15,7,8,12,17,75.0,41.67,47.06,16.67,21.92,10.53,25.92,5.29,1.91,8.94,39.0
PBI,2024-01-02,16,10,7,19,13,78.95,52.63,53.85,10.53,26.37,15.26,25.0,19.31,1.62,23.46,65.31
PBI,2024-01-02,17,3,6,6,17,66.67,33.33,35.29,20.83,26.33,14.9,35.83,7.53,1.78,11.41,46.29
PBI,2024-01-02,18,7,11,11,18,45.45,45.45,50.0,30.64,15.64,4.01,33.82,9.94,2.18,8.5,24.33
PBI,2024-01-02,19,12,7,12,14,66.67,58.33,42.86,15.67,15.33,3.92,19.08,3.5,3.05,5.07,36.93
PBI,2024-01-02,20,6,5,6,9,33.33,33.33,44.44,42.0,13.5,2.12,43.83,2.11,3.76,5.11,28.11
PBI,2024-01-02,21,2,3,5,4,60.0,40.0,75.0,14.6,12.8,2.04,16.8,2.0,2.67,1.25,5.5
PBI,2024-01-02,22,1,7,2,8,100.0,100.0,87.5,0.0,14.5,3.3,0.0,0.25,0.78,0.88,7.75
PBI,2024-01-02,23,0,5,0,5,0.0,0.0,60.0,0.0,0.0,0.0,0.0,1.2,1.06,0.0,27.4
PBI,2024-01-03,0,0,4,0,5,0.0,0.0,40.0,0.0,0.0,0.0,0.0,2.6,2.44,1.8,36.4
PBI,2024-01-03,1,0,0,0,0,0.0,0.0,0.0,0.0,0.0,0.0,0.0,0.0,0.0,0.0,0.0
PBI,2024-01-03,2,0,0,0,0,0.0,0.0,0.0,0.0,0.0,0.0,0.0,0.0,0.0,0.0,0.0
PBI,2024-01-03,5,0,0,1,1,0.0,0.0,100.0,30.0,12.0,0.8,31.0,0.0,1.2,0.0,0.0
PBI,2024-01-03,6,10,0,16,3,68.75,68.75,33.33,10.19,13.13,2.04,11.5,3.67,1.53,6.0,99.67
PBI,2024-01-03,7,6,0,11,0,81.82,81.82,0.0,9.0,13.82,2.4,10.09,0.0,0.0,0.0,0.0
PBI,2024-01-03,8,6,3,13,5,61.54,61.54,20.0,20.69,14.46,3.49,23.69,0.6,1.4,7.2,53.6
PBI,2024-01-03,9,4,4,14,7,50.0,50.0,57.14,28.0,14.21,2.84,30.43,6.29,0.36,10.0,25.71
PBI,2024-01-03,10,5,8,13,12,69.23,53.85,75.0,11.69,17.31,6.18,18.0,3.08,0.75,4.08,8.17
PBI,2024-01-03,11,8,9,12,19,83.33,75.0,47.37,10.75,17.5,5.61,15.08,12.42,1.88,15.74,26.37
PBI,2024-01-03,12,8,7,12,14,66.67,50.0,57.14,11.33,18.67,7.15,18.25,7.5,1.06,9.57,18.86
PBI,2024-01-03,13,7,6,18,13,55.56,44.44,30.77,27.94,15.0,3.87,30.83,5.54,0.66,15.08,30.08
PBI,2024-01-03,14,5,6,11,14,45.45,45.45,57.14,22.82,12.36,1.22,23.55,9.64,0.52,13.79,21.21
PBI,2024-01-03,15,7,9,16,17,62.5,62.5,58.82,11.81,12.88,1.66,13.0,6.18,0.44,7.88,27.59
PBI,2024-01-03,16,9,6,11,16,81.82,81.82,62.5,8.36,15.27,3.91,10.73,4.38,0.95,7.38,21.69
PBI,2024-01-03,17,6,7,8,12,50.0,37.5,66.67,17.0,15.5,4.74,21.38,2.08,0.83,3.67,13.42
PBI,2024-01-03,18,6,9,9,20,55.56,55.56,65.0,14.56,16.11,4.34,17.67,4.7,1.53,5.95,15.95
PBI,2024-01-03,19,10,6,13,15,53.85,53.85,53.33,16.08,13.08,1.73,16.77,7.0,4.79,11.2,15.33
PBI,2024-01-03,20,5,4,7,5,42.86,42.86,80.0,49.0,13.0,1.84,50.71,2.2,1.86,3.0,27.2
PBI,2024-01-03,21,2,5,3,6,66.67,66.67,50.0,34.33,10.67,0.6,34.67,1.33,1.25,4.5,34.0
PBI,2024-01-03,22,1,7,2,8,50.0,50.0,100.0,50.0,12.5,1.8,52.0,1.38,2.35,2.25,1.13
PBI,2024-01-03,23,0,5,0,5,0.0,0.0,80.0,0.0,0.0,0.0,0.0,0.4,0.7,0.0,8.4
PBI,2024-01-04,0,0,2,0,4,0.0,0.0,75.0,0.0,0.0,0.0,0.0,4.5,0.55,0.25,7.75
PBI,2024-01-04,1,0,0,0,0,0.0,0.0,0.0,0.0,0.0,0.0,0.0,0.0,0.0,0.0,0.0
PBI,2024-01-04,5,0,0,0,1,0.0,0.0,100.0,0.0,0.0,0.0,0.0,2.0,0.0,0.0,0.0
PBI,2024-01-04,6,8,0,11,2,81.82,81.82,0.0,9.18,13.36,2.52,10.91,1.5,2.7,5.0,27.0
PBI,2024-01-04,7,8,0,19,0,68.42,68.42,0.0,12.26,13.53,2.39,14.32,0.0,0.0,0.0,0.0
PBI,2024-01-04,8,6,1,10,1,90.0,80.0,100.0,2.2,15.5,4.51,6.0,0.0,5.2,0.0,0.0
PBI,2024-01-04,9,3,3,14,5,28.57,28.57,60.0,27.43,12.79,1.56,28.86,3.0,1.22,8.2,16.8
PBI,2024-01-04,10,3,10,6,16,50.0,33.33,68.75,16.5,16.0,4.8,21.5,4.69,1.11,5.75,12.81
PBI,2024-01-04,11,9,9,15,17,86.67,60.0,58.82,6.8,19.2,7.41,13.6,4.71,1.51,6.0,15.59
PBI,2024-01-04,12,7,9,14,18,50.0,42.86,38.89,23.71,16.07,4.84,27.71,9.56,1.48,14.67,34.17
PBI,2024-01-04,13,10,7,22,16,45.45,45.45,43.75,27.09,16.55,5.45,31.45,8.38,0.72,9.56,23.13
PBI,2024-01-04,14,7,6,13,14,61.54,46.15,64.29,19.85,18.31,6.67,25.77,9.71,1.01,8.5,18.43
PBI,2024-01-04,15,7,9,16,17,62.5,62.5,88.24,13.06,12.38,1.26,14.0,7.0,1.27,4.24,6.0
PBI,2024-01-04,16,7,5,11,14,63.64,63.64,42.86,16.18,12.64,1.41,16.82,6.86,1.1,7.07,28.64
PBI,2024-01-04,17,7,7,8,12,75.0,62.5,75.0,21.5,12.0,1.41,22.75,3.75,1.42,4.0,13.25
PBI,2024-01-04,18,5,11,6,19,100.0,100.0,52.63,0.0,15.5,3.68,2.67,3.68,3.84,7.26,30.32
PBI,2024-01-04,19,9,4,12,10,83.33,83.33,50.0,15.17,12.17,0.88,15.17,2.8,4.48,8.8,20.6
PBI,2024-01-04,20,5,7,6,10,83.33,83.33,60.0,4.17,13.17,2.32,5.33,1.6,5.1,3.2,15.3
PBI,2024-01-04,21,2,3,5,3,100.0,100.0,66.67,0.0,9.2,0.0,0.0,1.33,0.0,0.0,21.33
PBI,2024-01-04,22,0,6,0,6,0.0,0.0,83.33,0.0,0.0,0.0,0.0,0.0,0.95,0.0,18.5
PBI,2024-01-04,23,0,5,0,6,0.0,0.0,100.0,0.0,0.0,0.0,0.0,1.33,0.5,0.83,2.33
PBI,2024-01-05,0,0,3,0,2,0.0,0.0,100.0,0.0,0.0,0.0,0.0,2.0,0.9,0.0,0.0
PBI,2024-01-05,1,0,0,0,0,0.0,0.0,0.0,0.0,0.0,0.0,0.0,0.0,0.0,0.0,0.0
PBI,2024-01-05,4,0,0,1,0,0.0,0.0,0.0,34.0,14.0,2.8,37.0,0.0,0.0,0.0,0.0
PBI,2024-01-05,5,0,0,0,1,0.0,0.0,100.0,0.0,0.0,0.0,0.0,0.0,0.2,0.0,0.0
PBI,2024-01-05,6,10,0,13,2,76.92,69.23,100.0,6.46,14.15,3.22,9.23,0.0,0.1,0.0,3.5
PBI,2024-01-05,7,7,0,13,0,53.85,53.85,0.0,14.85,14.15,3.09,17.62,0.0,0.0,0.0,0.0
PBI,2024-01-05,8,6,1,12,5,66.67,58.33,40.0,7.83,15.0,4.16,10.92,2.2,2.0,5.4,20.0
PBI,2024-01-05,9,2,2,14,3,42.86,42.86,100.0,26.43,15.14,3.77,29.93,0.0,0.47,3.0,0.0
PBI,2024-01-05,10,3,10,14,21,35.71,35.71,66.67,24.64,16.21,5.13,29.5,4.43,1.01,5.71,12.05
PBI,2024-01-05,11,10,9,17,18,82.35,76.47,66.67,7.06,19.47,7.81,12.71,5.89,1.92,7.0,14.94
PBI,2024-01-05,12,6,9,21,17,71.43,47.62,52.94,12.62,24.33,12.97,24.76,6.59,0.9,8.59,26.41
PBI,2024-01-05,13,11,7,15,18,66.67,20.0,55.56,10.27,22.8,11.65,20.27,8.5,0.75,10.06,23.11
PBI,2024-01-05,14,7,7,14,14,71.43,71.43,78.57,8.71,15.79,4.33,11.86,4.29,0.89,4.79,11.36
PBI,2024-01-05,15,8,9,17,16,64.71,64.71,62.5,27.88,15.94,4.59,30.41,6.56,0.65,7.5,19.19
PBI,2024-01-05,16,7,5,8,13,75.0,75.0,61.54,5.88,13.25,2.58,6.63,6.46,0.72,6.31,19.15
PBI,2024-01-05,17,7,6,8,17,87.5,75.0,52.94,21.63,12.88,1.89,22.5,3.41,1.21,4.59,18.18
PBI,2024-01-05,18,4,11,6,18,50.0,50.0,61.11,14.17,15.67,3.68,16.83,2.44,0.99,5.72,24.67
PBI,2024-01-05,19,8,4,12,11,75.0,58.33,63.64,80.5,16.83,5.19,85.17,2.82,0.89,2.91,17.64
PBI,2024-01-05,20,6,6,6,7,83.33,83.33,57.14,5.0,15.17,3.72,5.83,0.86,1.81,1.43,11.86
PBI,2024-01-05,21,1,4,2,7,100.0,100.0,71.43,0.0,13.5,2.4,0.0,0.86,0.56,1.29,14.0
PBI,2024-01-05,22,0,5,2,5,50.0,50.0,80.0,23.5,15.0,3.8,26.0,3.8,0.7,3.4,9.4
PBI,2024-01-05,23,0,4,0,4,0.0,0.0,100.0,0.0,0.0,0.0,0.0,1.5,0.15,0.0,0.0
PBI,2024-01-06,0,0,3,0,3,0.0,0.0,100.0,0.0,0.0,0.0,0.0,0.0,0.8,0.0,7.33
PBI,2024-01-06,5,0,0,1,0,100.0,100.0,0.0,0.0,17.0,5.8,6.0,0.0,0.0,0.0,0.0
PBI,2024-01-06,6,9,0,10,1,60.0,60.0,0.0,17.5,13.7,2.75,20.2,0.0,0.2,0.0,24.0
PBI,2024-01-06,7,7,0,12,2,58.33,58.33,50.0,10.83,13.58,2.61,12.58,1.5,0.6,6.0,13.0
PBI,2024-01-06,8,5,2,16,3,75.0,75.0,66.67,7.06,13.56,2.53,9.63,2.33,2.87,10.67,8.67
PBI,2024-01-06,9,4,2,10,4,70.0,60.0,50.0,7.6,18.2,7.04,14.7,3.5,1.48,4.0,26.5
PBI,2024-01-06,10,4,10,12,12,66.67,58.33,75.0,15.58,16.75,5.69,21.08,4.58,0.72,10.25,11.0
PBI,2024-01-06,11,9,9,14,18,71.43,71.43,33.33,9.14,15.86,4.34,12.93,7.06,3.12,13.0,29.83
PBI,2024-01-06,12,7,8,19,21,31.58,31.58,33.33,23.21,19.32,7.78,30.79,12.95,1.1,18.48,37.24
PBI,2024-01-06,13,9,5,19,11,26.32,15.79,54.55,40.95,25.16,14.01,55.11,5.18,1.85,7.09,26.09
PBI,2024-01-06,14,5,7,11,16,45.45,36.36,50.0,38.73,24.27,12.35,50.0,11.44,3.09,15.19,40.19
PBI,2024-01-06,15,6,8,12,13,75.0,25.0,53.85,16.92,29.92,18.74,35.0,7.15,1.02,12.46,27.15
PBI,2024-01-06,16,10,7,14,17,50.0,42.86,35.29,27.36,19.86,8.18,33.93,18.47,1.34,23.47,44.18
PBI,2024-01-06,17,5,3,10,16,50.0,50.0,31.25,23.2,14.8,3.69,26.6,10.13,1.82,14.94,33.5
PBI,2024-01-06,18,4,9,6,16,83.33,83.33,56.25,11.33,13.5,2.18,13.0,5.19,1.95,11.63,23.38
PBI,2024-01-06,19,8,5,9,8,11.11,11.11,12.5,253.78,15.67,3.84,257.56,5.0,2.0,16.5,53.5
PBI,2024-01-06,20,4,8,6,11,16.67,16.67,54.55,56.33,12.0,0.87,57.33,18.27,2.52,31.36,58.45
PBI,2024-01-06,21,1,3,1,8,0.0,0.0,25.0,140.0,11.0,0.0,140.0,8.0,1.4,10.38,46.88
PBI,2024-01-06,22,0,4,0,5,0.0,0.0,20.0,0.0,0.0,0.0,0.0,92.2,1.8,114.6,127.2
PBI,2024-01-06,23,0,3,0,3,0.0,0.0,0.0,0.0,0.0,0.0,0.0,60.0,0.53,58.67,105.33
PBI,2024-01-07,0,0,3,0,8,0.0,0.0,25.0,0.0,0.0,0.0,0.0,1.13,1.98,7.88,55.25
PBI,2024-01-07,1,0,0,0,1,0.0,0.0,0.0,0.0,0.0,0.0,0.0,1.0,0.3,2.0,49.0
PBI,2024-01-07,2,0,0,0,0,0.0,0.0,0.0,0.0,0.0,0.0,0.0,0.0,0.0,0.0,0.0
PBI,2024-01-07,3,0,0,0,0,0.0,0.0,0.0,0.0,0.0,0.0,0.0,0.0,0.0,0.0,0.0
PBI,2024-01-07,5,0,0,0,0,0.0,0.0,0.0,0.0,0.0,0.0,0.0,0.0,0.0,0.0,0.0
PBI,2024-01-07,6,9,0,12,0,83.33,66.67,0.0,5.0,15.0,4.05,8.17,0.0,0.0,0.0,0.0
PBI,2024-01-07,7,5,0,7,2,71.43,71.43,50.0,9.71,15.0,3.19,11.14,0.0,1.2,0.0,29.5
PBI,2024-01-07,8,6,1,12,5,58.33,50.0,60.0,20.67,15.17,4.07,24.42,4.2,1.8,12.2,22.4
PBI,2024-01-07,9,4,3,14,7,50.0,50.0,42.86,19.5,13.21,2.1,21.71,6.43,0.46,14.29,18.57
PBI,2024-01-07,10,3,10,13,19,53.85,53.85,52.63,14.85,15.31,4.38,19.23,7.63,0.81,35.21,45.79
PBI,2024-01-07,11,10,11,26,13,50.0,42.31,61.54,40.73,18.96,7.55,48.27,8.15,0.96,10.85,27.92
PBI,2024-01-07,12,8,10,14,16,42.86,28.57,43.75,32.0,23.5,12.04,43.21,11.19,0.86,20.56,23.31
PBI,2024-01-07,13,12,7,20,17,50.0,35.0,64.71,20.55,25.1,14.01,34.45,6.29,1.08,9.29,28.41
PBI,2024-01-07,14,7,7,20,13,55.0,40.0,61.54,24.5,24.7,13.23,37.4,3.77,1.39,7.0,17.69
PBI,2024-01-07,15,7,8,15,17,60.0,20.0,70.59,14.87,32.47,21.01,33.47,6.59,0.53,8.94,18.35
PBI,2024-01-07,16,8,6,20,17,55.0,10.0,41.18,21.4,26.5,15.22,36.0,5.41,1.65,10.47,17.24
PBI,2024-01-07,17,6,4,12,14,58.33,41.67,57.14,18.0,19.0,7.84,25.33,6.14,1.1,12.14,20.36
PBI,2024-01-07,18,4,12,8,19,62.5,62.5,31.58,20.88,13.38,2.46,23.13,3.95,0.86,6.32,62.53
PBI,2024-01-07,19,11,6,12,9,41.67,41.67,33.33,74.5,12.0,0.89,74.33,3.0,1.04,9.44,66.22
PBI,2024-01-07,20,6,6,6,7,50.0,50.0,42.86,65.5,11.33,1.02,65.5,2.57,2.91,9.57,13.43
PBI,2024-01-07,21,2,4,4,5,50.0,50.0,60.0,12.5,12.0,0.9,13.5,1.6,1.52,3.2,13.2
PBI,2024-01-07,22,0,6,1,7,100.0,100.0,14.29,0.0,11.0,0.0,0.0,1.71,1.19,1.86,32.71
PBI,2024-01-07,23,0,4,0,4,0.0,0.0,75.0,0.0,0.0,0.0,0.0,2.25,0.58,1.75,14.25
PBI,2024-01-08,0,0,3,0,3,0.0,0.0,33.33,0.0,0.0,0.0,0.0,1.67,3.33,13.33,29.33
PBI,2024-01-08,1,0,0,0,0,0.0,0.0,0.0,0.0,0.0,0.0,0.0,0.0,0.0,0.0,0.0
PBI,2024-01-08,4,0,0,1,0,100.0,100.0,0.0,0.0,18.0,6.8,7.0,0.0,0.0,0.0,0.0
PBI,2024-01-08,5,2,0,4,0,25.0,25.0,0.0,15.5,10.0,0.0,15.0,0.0,0.0,0.0,0.0
PBI,2024-01-08,6,7,0,10,0,90.0,90.0,0.0,2.4,12.4,1.87,3.9,0.0,0.0,0.0,0.0
PBI,2024-01-08,7,6,0,9,1,77.78,77.78,0.0,7.78,11.33,0.72,8.0,1.0,0.2,7.0,18.0
PBI,2024-01-08,8,5,1,13,1,76.92,76.92,100.0,7.77,14.69,3.58,10.92,0.0,7.2,0.0,0.0
PBI,2024-01-08,9,3,5,7,7,71.43,71.43,71.43,6.57,14.14,3.09,9.29,0.29,0.41,2.14,7.14
PBI,2024-01-08,10,5,5,13,10,46.15,46.15,50.0,32.92,12.85,1.85,34.62,4.3,0.22,6.4,20.5
PBI,2024-01-08,11,8,15,18,22,55.56,38.89,59.09,18.11,20.17,8.78,26.44,4.59,0.46,7.41,21.18
PBI,2024-01-08,12,9,10,15,17,60.0,40.0,52.94,20.67,21.07,9.61,29.2,6.53,0.89,8.76,25.59
PBI,2024-01-08,13,12,4,20,6,45.0,40.0,66.67,30.1,18.25,7.05,36.85,3.33,7.38,9.67,21.5
PBI,2024-01-08,14,6,6,9,8,55.56,44.44,62.5,14.44,18.11,6.18,19.0,5.88,3.61,15.5,17.38
PBI,2024-01-08,15,5,8,11,12,63.64,54.55,75.0,19.27,16.64,5.31,24.55,2.92,0.42,4.17,7.83
PBI,2024-01-08,16,9,5,11,15,63.64,54.55,60.0,36.82,13.64,2.93,39.18,5.87,0.41,7.47,30.8
PBI,2024-01-08,17,5,4,7,11,85.71,71.43,54.55,8.29,12.86,2.39,10.57,3.36,0.51,5.91,19.55
PBI,2024-01-08,18,4,12,7,16,57.14,57.14,62.5,26.0,13.71,2.56,28.71,9.69,1.22,10.25,58.25
PBI,2024-01-08,19,10,6,13,11,69.23,61.54,72.73,16.31,15.23,3.45,18.92,1.82,4.6,4.09,18.82
PBI,2024-01-08,20,5,5,8,4,50.0,50.0,75.0,28.75,12.0,1.04,29.63,0.75,0.6,0.0,11.75
PBI,2024-01-08,21,0,4,1,8,0.0,0.0,25.0,57.0,10.0,0.0,56.0,6.75,0.63,8.5,97.5
PBI,2024-01-08,22,1,5,3,6,33.33,33.33,100.0,96.0,11.33,0.93,96.33,3.33,2.08,2.5,3.17
PBI,2024-01-08,23,0,3,0,4,0.0,0.0,100.0,0.0,0.0,0.0,0.0,6.0,1.43,5.75,3.0
PBI,2024-01-09,0,0,3,0,3,0.0,0.0,100.0,0.0,0.0,0.0,0.0,0.0,0.27,0.0,0.0
PBI,2024-01-09,1,0,0,0,1,0.0,0.0,0.0,0.0,0.0,0.0,0.0,6.0,1.2,22.0,33.0
PBI,2024-01-09,2,0,0,0,0,0.0,0.0,0.0,0.0,0.0,0.0,0.0,0.0,0.0,0.0,0.0
PBI,2024-01-09,3,0,0,0,0,0.0,0.0,0.0,0.0,0.0,0.0,0.0,0.0,0.0,0.0,0.0
PBI,2024-01-09,5,0,0,1,1,100.0,100.0,100.0,0.0,11.0,0.0,0.0,3.0,0.0,0.0,0.0
PBI,2024-01-09,6,6,0,6,2,66.67,66.67,0.0,12.0,11.17,0.6,12.67,1.5,0.1,4.5,54.5
PBI,2024-01-09,7,6,0,13,2,69.23,69.23,0.0,8.46,11.77,0.8,8.62,2.5,1.2,9.0,34.5
PBI,2024-01-09,8,5,1,10,1,50.0,50.0,100.0,32.8,13.5,2.51,34.3,5.0,2.2,10.0,3.0
PBI,2024-01-09,9,4,5,7,4,71.43,57.14,100.0,19.0,23.71,12.3,30.57,2.25,0.4,0.0,0.0
PBI,2024-01-09,10,6,5,7,9,71.43,71.43,88.89,34.71,11.43,0.89,34.86,1.22,0.2,6.22,8.89
PBI,2024-01-09,11,8,13,13,19,61.54,46.15,52.63,14.31,15.92,4.36,18.38,16.26,2.87,22.68,41.58
PBI,2024-01-09,12,8,7,11,9,54.55,54.55,44.44,24.45,14.0,2.65,26.45,5.0,0.88,18.33,40.78
PBI,2024-01-09,13,7,5,9,7,44.44,44.44,28.57,36.33,16.44,5.37,40.44,10.86,0.89,20.86,87.86
PBI,2024-01-09,14,6,6,7,7,57.14,57.14,57.14,86.14,11.86,0.17,86.0,6.57,0.69,9.43,27.57
PBI,2024-01-09,15,6,6,7,6,42.86,0.0,0.0,17.71,32.86,21.63,39.0,6.0,1.08,21.5,74.17
PBI,2024-01-09,16,6,6,6,13,16.67,0.0,38.46,55.17,30.83,19.57,73.0,3.54,2.1,9.77,34.38
PBI,2024-01-09,17,5,3,4,12,0.0,0.0,41.67,65.75,22.0,10.83,76.75,7.17,1.94,16.0,28.5
PBI,2024-01-09,18,3,10,5,12,60.0,20.0,41.67,14.0,23.2,11.82,26.0,8.17,2.13,8.58,37.25
PBI,2024-01-09,19,8,5,6,8,50.0,50.0,50.0,52.67,13.0,1.5,53.33,2.75,1.94,16.13,50.5
PBI,2024-01-09,20,4,5,5,7,40.0,40.0,57.14,80.6,11.8,1.48,81.4,14.86,5.06,31.14,53.86
PBI,2024-01-09,21,0,2,1,2,100.0,0.0,100.0,11.0,98.0,86.8,98.0,7.0,1.9,10.0,3.5
PBI,2024-01-09,22,1,4,1,4,0.0,0.0,0.0,48.0,11.0,0.0,48.0,1.5,1.0,24.5,136.25
PBI,2024-01-09,23,0,3,0,3,0.0,0.0,66.67,0.0,0.0,0.0,0.0,4.67,0.4,21.67,32.33
PBI,2024-01-10,0,0,3,0,2,0.0,0.0,100.0,0.0,0.0,0.0,0.0,3.0,2.1,11.0,6.5
PBI,2024-01-10,1,0,0,0,0,0.0,0.0,0.0,0.0,0.0,0.0,0.0,0.0,0.0,0.0,0.0
PBI,2024-01-10,3,0,0,0,0,0.0,0.0,0.0,0.0,0.0,0.0,0.0,0.0,0.0,0.0,0.0
PBI,2024-01-10,5,0,0,3,1,0.0,0.0,100.0,45.33,13.0,1.8,47.33,0.0,1.2,0.0,0.0
PBI,2024-01-10,6,6,0,7,2,100.0,100.0,0.0,0.0,16.0,4.69,1.57,0.0,2.1,6.5,27.5
PBI,2024-01-10,7,7,0,11,4,81.82,81.82,50.0,8.0,14.82,3.72,10.55,4.75,1.2,9.25,24.5
PBI,2024-01-10,8,5,1,15,4,73.33,66.67,25.0,7.0,16.13,5.19,11.67,0.5,1.2,7.0,27.25
PBI,2024-01-10,9,4,6,10,10,30.0,30.0,60.0,24.4,17.3,5.97,30.4,3.5,0.37,4.7,16.8
PBI,2024-01-10,10,6,5,15,9,53.33,46.67,66.67,20.0,16.47,5.13,24.27,3.11,0.62,4.89,20.56
PBI,2024-01-10,11,8,12,16,17,68.75,50.0,41.18,17.19,15.31,4.09,21.38,2.88,0.73,4.29,27.53
PBI,2024-01-10,12,7,7,13,12,69.23,61.54,66.67,15.31,15.46,4.0,18.23,5.25,1.46,8.08,20.0
PBI,2024-01-10,13,7,5,13,12,61.54,61.54,50.0,22.0,13.08,2.18,24.15,4.33,0.53,5.58,19.08
PBI,2024-01-10,14,6,6,9,11,55.56,55.56,36.36,15.22,14.22,3.01,15.89,4.27,2.05,5.64,46.18
PBI,2024-01-10,15,6,6,15,11,46.67,46.67,81.82,29.27,14.0,2.7,31.73,3.73,0.46,4.18,7.82
PBI,2024-01-10,16,6,7,12,15,75.0,75.0,60.0,12.42,12.25,1.32,13.08,4.6,1.13,4.93,20.2
PBI,2024-01-10,17,5,2,10,11,50.0,50.0,36.36,26.2,13.3,2.11,28.1,16.09,1.04,16.82,28.91
PBI,2024-01-10,18,4,10,7,16,42.86,42.86,68.75,14.57,12.71,1.59,15.29,4.63,2.06,5.25,19.69
PBI,2024-01-10,19,8,5,8,7,62.5,62.5,71.43,114.63,13.88,2.2,114.88,2.14,2.57,3.57,7.71
PBI,2024-01-10,20,4,6,4,7,75.0,75.0,100.0,12.25,13.5,3.45,12.5,1.14,3.14,0.0,1.29
PBI,2024-01-10,21,1,1,3,5,66.67,66.67,60.0,7.0,9.67,0.6,6.33,3.4,0.96,5.2,27.0
PBI,2024-01-10,22,0,5,2,7,50.0,50.0,85.71,40.0,11.0,1.4,41.5,0.43,0.87,1.0,5.14
PBI,2024-01-10,23,0,3,1,5,100.0,100.0,60.0,0.0,16.0,4.8,5.0,1.8,1.4,4.0,8.6
PBI,2024-01-11,0,0,3,0,5,0.0,0.0,80.0,0.0,0.0,0.0,0.0,0.4,1.48,0.0,30.4
PBI,2024-01-11,2,0,0,0,0,0.0,0.0,0.0,0.0,0.0,0.0,0.0,0.0,0.0,0.0,0.0
PBI,2024-01-11,4,0,0,1,0,100.0,100.0,0.0,0.0,11.0,0.0,0.0,0.0,0.0,0.0,0.0
PBI,2024-01-11,5,1,0,2,1,50.0,50.0,100.0,8.0,10.0,0.0,8.0,0.0,2.2,0.0,0.0
PBI,2024-01-11,6,6,0,8,2,75.0,75.0,50.0,48.0,14.0,3.3,50.13,0.5,4.2,7.0,10.5
PBI,2024-01-11,7,7,0,10,0,80.0,80.0,0.0,5.5,11.0,0.32,5.7,0.0,0.0,0.0,0.0
PBI,2024-01-11,8,4,1,7,1,85.71,71.43,100.0,3.0,16.86,5.9,8.43,0.0,2.2,0.0,0.0
PBI,2024-01-11,9,4,6,14,9,57.14,57.14,88.89,14.29,14.71,3.45,16.57,3.67,1.26,5.22,5.89
PBI,2024-01-11,10,6,6,11,12,54.55,45.45,50.0,17.45,15.09,3.95,20.82,4.17,1.13,8.17,21.67
PBI,2024-01-11,11,8,12,18,16,55.56,50.0,68.75,19.56,16.11,4.58,23.06,4.0,1.34,6.44,20.31
PBI,2024-01-11,12,9,12,16,25,43.75,43.75,40.0,26.56,15.13,3.67,30.19,7.52,1.58,10.4,51.84
PBI,2024-01-11,13,12,4,20,13,25.0,25.0,46.15,36.2,14.85,4.01,39.6,4.54,0.9,8.08,38.15
PBI,2024-01-11,14,6,6,19,14,36.84,31.58,50.0,38.58,14.37,3.08,41.63,8.79,0.39,9.5,19.07
PBI,2024-01-11,15,5,8,15,17,46.67,33.33,76.47,30.33,15.67,4.36,34.87,2.65,0.52,5.47,10.12
PBI,2024-01-11,16,9,7,13,22,69.23,61.54,45.45,9.77,14.23,3.08,12.38,8.73,0.84,12.68,33.64
PBI,2024-01-11,17,6,2,10,19,60.0,40.0,21.05,19.9,18.9,7.9,27.7,13.95,0.68,23.11,54.37
PBI,2024-01-11,18,2,13,5,14,60.0,40.0,50.0,18.4,21.2,9.44,26.0,13.43,1.17,12.93,17.21
PBI,2024-01-11,19,12,8,16,16,68.75,62.5,68.75,17.5,17.63,5.73,21.0,9.0,1.19,11.25,22.88
PBI,2024-01-11,20,6,5,6,13,66.67,66.67,53.85,14.33,13.5,2.3,16.17,6.38,0.85,10.92,44.77
PBI,2024-01-11,21,0,3,1,9,0.0,0.0,44.44,79.0,12.0,0.8,80.0,6.0,0.53,9.22,36.33
PBI,2024-01-11,22,0,6,3,10,66.67,66.67,60.0,9.0,13.33,2.2,11.33,2.3,0.96,3.4,27.8
PBI,2024-01-11,23,0,2,1,4,100.0,100.0,50.0,0.0,11.0,0.0,0.0,1.5,1.5,5.5,18.25
PBI,2024-01-12,0,0,3,0,5,0.0,0.0,80.0,0.0,0.0,0.0,0.0,1.6,1.08,7.0,7.6
PBI,2024-01-12,1,0,0,0,2,0.0,0.0,50.0,0.0,0.0,0.0,0.0,0.5,0.2,3.5,13.0
PBI,2024-01-12,5,1,0,1,1,100.0,100.0,100.0,0.0,10.0,0.7,0.0,0.0,0.2,0.0,0.0
PBI,2024-01-12,6,7,0,12,2,58.33,58.33,0.0,21.92,13.67,2.84,24.42,0.0,0.1,8.0,33.0
PBI,2024-01-12,7,6,0,18,0,72.22,61.11,0.0,9.56,16.56,5.58,14.56,0.0,0.0,0.0,0.0
PBI,2024-01-12,8,5,1,12,1,66.67,58.33,0.0,14.5,16.33,5.04,18.5,0.0,2.2,31.0,23.0
PBI,2024-01-12,9,4,6,10,13,40.0,40.0,38.46,59.4,16.2,4.83,63.9,5.46,0.67,10.46,22.38
PBI,2024-01-12,10,6,5,15,10,53.33,60.0,40.0,24.6,13.8,2.94,27.47,8.0,0.18,14.6,26.5
PBI,2024-01-12,11,8,12,21,22,47.62,42.86,59.09,20.57,16.67,5.29,25.76,9.36,0.78,13.77,37.55
PBI,2024-01-12,12,10,12,16,18,50.0,31.25,61.11,30.38,23.31,11.69,41.44,5.39,1.06,14.89,36.78
PBI,2024-01-12,13,11,5,16,14,31.25,25.0,21.43,51.38,22.69,11.67,62.63,14.36,3.25,20.79,53.86
PBI,2024-01-12,14,6,6,11,17,36.36,36.36,41.18,22.55,14.18,2.95,25.27,11.47,1.16,14.59,43.71
PBI,2024-01-12,15,5,7,15,18,40.0,33.33,22.22,30.27,15.73,4.77,34.6,11.06,0.49,14.0,52.44
PBI,2024-01-12,16,8,9,14,20,50.0,35.71,35.0,28.29,15.07,3.58,31.79,9.5,1.44,13.0,51.4
PBI,2024-01-12,17,8,3,17,12,35.29,29.41,25.0,45.29,17.18,6.11,51.24,13.92,1.45,17.75,54.0
PBI,2024-01-12,18,3,10,6,21,66.67,33.33,19.05,12.5,19.0,7.83,20.0,10.29,1.68,10.38,54.38
PBI,2024-01-12,19,9,5,12,10,16.67,16.67,40.0,53.67,13.33,1.84,55.08,11.0,1.61,12.9,37.8
PBI,2024-01-12,20,4,8,5,9,0.0,0.0,77.78,33.0,14.8,3.56,36.8,12.22,1.8,8.56,9.44
PBI,2024-01-12,21,2,3,2,9,100.0,100.0,33.33,0.5,12.5,0.0,0.5,6.56,1.22,16.33,62.78
PBI,2024-01-12,22,0,6,1,7,100.0,100.0,71.43,0.0,12.0,0.8,0.0,3.86,2.61,5.86,11.43
PBI,2024-01-12,23,0,2,1,2,100.0,100.0,50.0,0.0,15.0,3.8,0.0,0.0,0.15,0.0,52.5
PBI,2024-01-13,0,0,2,0,4,0.0,0.0,25.0,0.0,0.0,0.0,0.0,2.5,2.05,15.0,38.5
PBI,2024-01-13,1,0,0,0,1,0.0,0.0,100.0,0.0,0.0,0.0,0.0,3.0,1.2,8.0,6.0
PBI,2024-01-13,2,0,0,0,0,0.0,0.0,0.0,0.0,0.0,0.0,0.0,0.0,0.0,0.0,0.0
PBI,2024-01-13,5,0,0,0,1,0.0,0.0,100.0,0.0,0.0,0.0,0.0,9.0,1.2,13.0,11.0
PBI,2024-01-13,6,7,0,9,1,77.78,77.78,0.0,17.22,13.44,2.83,17.56,0.0,3.2,5.0,17.0
PBI,2024-01-13,7,7,0,8,2,87.5,87.5,0.0,5.5,13.63,2.67,6.25,2.0,1.7,6.5,27.5
PBI,2024-01-13,8,5,1,17,3,41.18,35.29,0.0,21.06,15.12,4.05,24.18,6.0,1.87,16.33,42.67
PBI,2024-01-13,9,4,6,15,6,53.33,53.33,83.33,16.47,14.13,3.09,19.33,2.5,2.23,7.67,5.67
PBI,2024-01-13,10,6,5,9,7,44.44,44.44,57.14,94.0,26.78,15.73,108.44,6.0,1.54,20.29,26.71
PBI,2024-01-13,11,9,13,12,20,41.67,16.67,40.0,61.17,47.58,35.98,97.17,14.9,1.42,25.1,41.9
PBI,2024-01-13,12,8,8,10,14,30.0,0.0,21.43,89.1,42.6,30.44,119.6,35.71,1.87,39.86,51.21
PBI,2024-01-13,13,9,5,21,12,23.81,9.52,16.67,47.95,28.43,17.4,65.19,16.5,1.51,21.83,51.58
PBI,2024-01-13,14,7,8,12,20,25.0,8.33,25.0,60.42,26.42,14.71,75.25,12.9,1.95,22.25,47.55
PBI,2024-01-13,15,4,6,11,15,63.64,27.27,20.0,15.64,24.55,13.27,27.0,13.67,1.63,21.8,34.47
PBI,2024-01-13,16,7,8,10,15,30.0,40.0,53.33,41.5,11.9,1.15,40.5,9.4,2.34,16.67,29.6
PBI,2024-01-13,17,5,3,5,8,80.0,80.0,62.5,13.6,11.4,1.28,14.6,4.88,1.93,6.0,14.75
PBI,2024-01-13,18,3,9,4,10,100.0,100.0,50.0,0.0,11.5,0.45,0.5,3.0,2.68,5.2,52.7
PBI,2024-01-13,19,4,6,4,7,50.0,50.0,42.86,43.0,10.0,0.0,41.75,3.57,3.14,6.86,36.86
PBI,2024-01-13,20,5,5,7,5,57.14,57.14,20.0,12.71,16.71,5.63,15.71,0.6,0.94,6.4,35.2
PBI,2024-01-13,21,1,2,1,3,0.0,0.0,0.0,29.0,10.0,0.0,28.0,4.0,1.8,13.0,129.67
PBI,2024-01-13,22,0,2,1,3,100.0,100.0,33.33,0.0,11.0,0.0,0.0,7.67,1.8,13.0,32.67
PBI,2024-01-13,23,0,2,1,2,100.0,100.0,50.0,0.0,11.0,0.0,0.0,0.0,0.8,0.0,66.0
PBI,2024-01-14,0,0,3,0,2,0.0,0.0,100.0,0.0,0.0,0.0,0.0,4.5,1.9,9.0,4.5
PBI,2024-01-14,1,0,0,0,0,0.0,0.0,0.0,0.0,0.0,0.0,0.0,0.0,0.0,0.0,0.0
PBI,2024-01-14,2,0,0,0,0,0.0,0.0,0.0,0.0,0.0,0.0,0.0,0.0,0.0,0.0,0.0
PBI,2024-01-14,5,1,0,2,0,50.0,50.0,0.0,15.0,11.0,0.85,15.0,0.0,0.0,0.0,0.0
PBI,2024-01-14,6,6,0,10,0,60.0,60.0,0.0,93.9,13.2,2.26,96.3,0.0,0.0,0.0,0.0
PBI,2024-01-14,7,7,0,10,0,50.0,50.0,0.0,18.1,16.6,4.7,22.5,0.0,0.0,0.0,0.0
PBI,2024-01-14,8,4,1,11,3,54.55,54.55,66.67,12.45,14.45,3.05,14.82,1.0,1.53,12.67,9.67
PBI,2024-01-14,9,4,4,10,5,50.0,50.0,60.0,17.6,13.4,2.55,19.6,3.2,1.5,9.6,12.8
PBI,2024-01-14,10,5,7,15,11,33.33,33.33,45.45,20.0,14.33,3.32,23.2,8.09,1.04,14.27,23.55
PBI,2024-01-14,11,10,13,21,19,38.1,38.1,31.58,35.0,15.67,4.37,39.43,11.16,2.02,14.26,32.37
PBI,2024-01-14,12,8,11,16,15,37.5,25.0,53.33,27.13,17.44,6.1,33.31,9.33,1.79,13.67,20.73
PBI,2024-01-14,13,13,5,22,14,31.82,18.18,35.71,36.45,21.64,10.43,46.59,9.0,1.05,14.36,43.79
PBI,2024-01-14,14,5,5,10,13,30.0,30.0,61.54,26.8,21.7,9.5,35.1,7.62,1.38,9.08,20.0
PBI,2024-01-14,15,5,7,8,13,75.0,62.5,76.92,13.5,16.25,5.05,18.63,4.38,1.18,4.0,14.38
PBI,2024-01-14,16,8,8,14,15,57.14,42.86,40.0,26.14,17.71,6.69,31.86,12.13,1.15,14.27,32.6
PBI,2024-01-14,17,5,2,8,10,75.0,37.5,50.0,13.88,23.63,12.3,25.88,10.0,0.76,15.0,18.7
PBI,2024-01-14,18,3,12,6,16,33.33,33.33,50.0,37.17,13.5,2.15,39.5,5.0,1.56,9.63,19.5
PBI,2024-01-14,19,10,8,10,15,60.0,60.0,53.33,22.4,14.8,3.14,24.9,1.53,1.71,3.07,39.2
PBI,2024-01-14,20,6,4,8,5,50.0,50.0,20.0,30.5,14.25,3.03,33.63,1.4,1.64,12.8,34.0
PBI,2024-01-14,21,0,3,1,6,0.0,0.0,50.0,53.0,16.0,4.8,58.0,2.67,2.57,10.33,12.17
PBI,2024-01-14,22,1,4,1,4,100.0,100.0,50.0,7.0,14.0,2.8,10.0,1.0,0.13,0.0,36.25
PBI,2024-01-14,23,0,3,0,3,0.0,0.0,66.67,0.0,0.0,0.0,0.0,0.33,1.4,3.0,9.0
PBI,2024-01-15,0,0,3,0,3,0.0,0.0,66.67,0.0,0.0,0.0,0.0,0.67,1.33,2.33,26.67
PBI,2024-01-15,1,0,0,0,0,0.0,0.0,0.0,0.0,0.0,0.0,0.0,0.0,0.0,0.0,0.0
PBI,2024-01-15,2,0,0,0,1,0.0,0.0,100.0,0.0,0.0,0.0,0.0,5.0,1.2,12.0,7.0
PBI,2024-01-15,4,0,0,1,0,0.0,0.0,0.0,16.0,16.0,4.8,21.0,0.0,0.0,0.0,0.0
PBI,2024-01-15,5,1,0,2,0,50.0,50.0,0.0,35.5,10.0,0.35,35.0,0.0,0.0,0.0,0.0
PBI,2024-01-15,6,6,0,6,1,100.0,100.0,0.0,0.67,12.67,2.48,0.5,4.0,1.2,8.0,41.0
PBI,2024-01-15,7,7,0,14,2,42.86,35.71,0.0,26.0,15.0,3.76,29.71,5.5,1.2,8.5,30.5
PBI,2024-01-15,8,4,1,16,3,62.5,62.5,33.33,13.88,14.44,3.29,17.06,4.0,2.2,7.67,15.67
PBI,2024-01-15,9,4,6,10,10,50.0,50.0,50.0,18.0,11.8,0.81,18.6,6.1,0.81,16.2,37.2
PBI,2024-01-15,10,6,6,15,7,53.33,53.33,100.0,17.4,13.67,2.89,20.0,5.71,1.46,9.29,4.86
PBI,2024-01-15,11,8,12,16,17,62.5,50.0,58.82,11.13,17.06,5.25,15.81,8.35,2.06,12.94,21.35
PBI,2024-01-15,12,10,10,17,14,76.47,47.06,42.86,8.29,22.53,10.9,18.71,7.93,2.89,12.79,26.93
PBI,2024-01-15,13,10,5,18,19,27.78,16.67,15.79,40.11,34.28,23.29,63.44,11.63,2.17,20.58,51.16
PBI,2024-01-15,14,6,6,15,11,20.0,0.0,45.45,60.4,40.93,29.37,89.93,9.64,1.12,9.18,21.27
PBI,2024-01-15,15,5,7,13,15,46.15,15.38,33.33,41.92,32.08,20.68,61.23,10.53,1.22,15.67,82.27
PBI,2024-01-15,16,9,9,19,25,21.05,21.05,36.0,68.21,26.47,15.09,83.42,7.96,1.37,12.2,39.12
PBI,2024-01-15,17,8,3,22,17,27.27,9.09,52.94,39.14,29.77,18.62,57.91,10.18,2.15,13.71,35.76
PBI,2024-01-15,18,3,11,10,17,60.0,40.0,35.29,13.0,21.3,9.84,21.6,11.41,1.02,22.18,48.59
PBI,2024-01-15,19,11,7,11,11,54.55,45.45,36.36,119.18,20.82,8.98,35.36,13.09,1.65,33.09,64.27
PBI,2024-01-15,20,5,6,8,9,25.0,25.0,44.44,31.88,12.38,1.13,32.88,6.11,2.61,13.89,22.78
PBI,2024-01-15,21,1,2,2,7,0.0,0.0,42.86,60.5,17.5,6.3,67.0,1.86,0.8,17.43,39.71
PBI,2024-01-15,22,0,6,1,7,100.0,100.0,28.57,0.0,13.0,1.8,2.0,4.71,0.7,15.86,48.71
PBI,2024-01-15,23,0,3,0,4,0.0,0.0,0.0,0.0,0.0,0.0,0.0,4.25,1.1,33.75,90.25
PBI,2024-01-16,0,0,3,0,4,0.0,0.0,50.0,0.0,0.0,0.0,0.0,16.75,15.83,44.25,56.0
PBI,2024-01-16,1,0,0,0,0,0.0,0.0,0.0,0.0,0.0,0.0,0.0,0.0,0.0,0.0,0.0
PBI,2024-01-16,4,0,0,0,0,0.0,0.0,0.0,0.0,0.0,0.0,0.0,0.0,0.0,0.0,0.0
PBI,2024-01-16,5,0,0,2,0,0.0,0.0,0.0,27.5,12.0,0.8,28.5,0.0,0.0,0.0,0.0
PBI,2024-01-16,6,6,0,10,3,50.0,50.0,33.33,40.9,15.1,4.45,44.9,3.0,1.2,7.33,48.33
PBI,2024-01-16,7,6,0,11,0,54.55,54.55,0.0,30.27,13.64,2.28,32.27,0.0,0.0,0.0,0.0
PBI,2024-01-16,8,5,1,11,1,72.73,63.64,0.0,21.09,15.64,4.96,26.09,4.0,1.2,9.0,28.0
PBI,2024-01-16,9,5,5,8,8,62.5,50.0,25.0,16.5,18.25,7.06,23.75,4.25,0.89,24.75,57.25
PBI,2024-01-16,10,6,5,11,8,36.36,27.27,12.5,86.0,14.55,3.75,88.82,6.38,1.23,39.88,48.88
PBI,2024-01-16,11,8,12,8,14,12.5,12.5,7.14,48.38,17.5,6.09,54.13,8.07,1.61,53.21,78.79
PBI,2024-01-16,12,7,8,13,15,30.77,30.77,40.0,64.85,23.69,12.22,76.69,3.87,2.55,23.4,78.13
PBI,2024-01-16,13,7,5,13,11,53.85,30.77,9.09,66.0,24.08,12.79,78.77,12.0,1.14,28.82,75.0
PBI,2024-01-16,14,6,6,17,14,23.53,11.76,21.43,68.0,23.18,11.5,79.65,10.86,1.31,33.07,74.5
PBI,2024-01-16,15,7,6,16,15,12.5,12.5,26.67,72.69,14.31,3.23,75.94,12.4,0.71,21.87,42.27
PBI,2024-01-16,16,6,7,11,14,27.27,27.27,28.57,54.09,13.73,2.6,56.18,8.0,1.34,19.93,52.86
PBI,2024-01-16,17,5,2,8,12,12.5,12.5,33.33,77.38,12.5,1.99,78.63,5.75,1.29,12.33,56.67
PBI,2024-01-16,18,3,9,6,13,66.67,50.0,23.08,9.0,14.83,4.05,13.17,6.46,3.91,24.08,80.85
PBI,2024-01-16,19,7,5,8,9,12.5,12.5,22.22,65.0,13.75,2.05,66.88,7.89,1.63,14.44,101.22
PBI,2024-01-16,20,4,5,4,10,50.0,50.0,10.0,65.25,16.0,5.55,65.0,4.1,1.94,21.0,61.2
PBI,2024-01-16,21,0,2,2,5,100.0,100.0,40.0,0.0,14.5,3.4,3.5,6.0,1.08,15.2,38.0
PBI,2024-01-16,22,1,4,3,7,66.67,66.67,0.0,7.67,13.33,2.2,10.0,3.43,0.49,17.86,101.0
PBI,2024-01-16,23,0,3,1,3,100.0,100.0,66.67,0.0,11.0,0.0,0.0,5.33,0.7,1.33,19.0
PBI,2024-01-17,0,0,3,0,4,0.0,0.0,50.0,0.0,0.0,0.0,0.0,2.75,1.05,18.5,33.75
PBI,2024-01-17,1,0,0,0,0,0.0,0.0,0.0,0.0,0.0,0.0,0.0,0.0,0.0,0.0,0.0
PBI,2024-01-17,2,0,0,0,0,0.0,0.0,0.0,0.0,0.0,0.0,0.0,0.0,0.0,0.0,0.0
PBI,2024-01-17,3,0,0,0,0,0.0,0.0,0.0,0.0,0.0,0.0,0.0,0.0,0.0,0.0,0.0
PBI,2024-01-17,4,0,0,1,0,100.0,100.0,0.0,0.0,24.0,12.8,13.0,0.0,0.0,0.0,0.0
PBI,2024-01-17,5,0,0,0,1,0.0,0.0,0.0,0.0,0.0,0.0,0.0,0.0,2.2,0.0,15.0
PBI,2024-01-17,6,6,0,10,2,50.0,50.0,0.0,13.7,12.8,1.78,15.2,5.0,2.7,10.0,23.0
PBI,2024-01-17,7,7,0,11,0,72.73,72.73,0.0,8.09,13.09,2.07,8.82,0.0,0.0,0.0,0.0
PBI,2024-01-17,8,5,1,16,2,37.5,50.0,0.0,22.38,11.13,0.7,22.25,4.5,11.7,18.5,153.5
PBI,2024-01-17,9,4,6,9,9,22.22,22.22,77.78,71.33,16.11,4.84,76.33,1.11,0.52,9.89,8.78
PBI,2024-01-17,10,6,5,13,10,53.85,38.46,50.0,18.15,16.38,5.21,23.31,3.0,1.42,7.6,16.9
PBI,2024-01-17,11,8,12,15,15,60.0,60.0,53.33,15.53,17.47,5.85,21.27,4.93,1.67,9.2,18.93
PBI,2024-01-17,12,7,7,12,17,58.33,58.33,58.82,19.67,15.42,3.92,23.0,5.24,1.07,8.29,41.35
PBI,2024-01-17,13,6,5,13,16,38.46,38.46,25.0,27.23,15.31,4.32,30.77,11.38,0.19,14.63,45.13
PBI,2024-01-17,14,6,6,12,15,33.33,33.33,46.67,43.42,12.58,1.36,43.92,6.33,0.61,7.8,24.33
PBI,2024-01-17,15,6,6,13,9,38.46,38.46,55.56,35.46,11.08,0.65,35.54,2.89,2.97,4.89,16.67
PBI,2024-01-17,16,6,7,9,13,55.56,55.56,38.46,19.89,11.78,1.07,20.78,1.77,0.79,3.92,37.92
PBI,2024-01-17,17,5,2,5,10,60.0,60.0,60.0,55.2,12.4,2.22,57.6,6.1,0.62,9.7,18.3
PBI,2024-01-17,18,4,11,5,17,80.0,80.0,52.94,4.0,12.0,0.7,4.8,4.53,2.12,5.06,30.53
PBI,2024-01-17,19,9,5,11,7,72.73,72.73,28.57,101.09,10.64,0.5,100.91,4.0,3.0,6.86,36.14
PBI,2024-01-17,20,4,4,6,10,33.33,33.33,60.0,43.33,12.83,1.67,45.17,3.3,1.32,5.9,24.0
PBI,2024-01-17,21,0,1,3,3,66.67,66.67,33.33,18.67,12.0,1.53,19.67,2.0,1.67,4.33,26.33
PBI,2024-01-17,22,0,5,2,6,50.0,50.0,100.0,12.0,17.0,5.8,18.0,0.5,2.1,0.0,0.0
PBI,2024-01-17,23,0,3,0,3,0.0,0.0,100.0,0.0,0.0,0.0,0.0,0.67,1.2,0.0,0.0
PBI,2024-01-18,0,0,3,0,4,0.0,0.0,75.0,0.0,0.0,0.0,0.0,0.25,0.3,0.5,23.5
PBI,2024-01-18,1,0,0,0,1,0.0,0.0,100.0,0.0,0.0,0.0,0.0,0.0,0.2,1.0,12.0
PBI,2024-01-18,2,0,0,0,0,0.0,0.0,0.0,0.0,0.0,0.0,0.0,0.0,0.0,0.0,0.0
PBI,2024-01-18,4,0,0,0,1,0.0,0.0,100.0,0.0,0.0,0.0,0.0,4.0,0.2,8.0,0.0
PBI,2024-01-18,5,1,0,2,1,100.0,100.0,100.0,0.0,10.0,0.0,0.0,0.0,0.0,0.0,0.0
PBI,2024-01-18,6,6,0,8,2,62.5,62.5,0.0,10.88,11.5,0.61,10.88,1.0,14.1,19.0,36.0
PBI,2024-01-18,7,7,0,10,1,80.0,80.0,100.0,6.3,12.8,1.52,7.1,4.0,0.2,9.0,0.0
PBI,2024-01-18,8,4,0,12,1,91.67,83.33,0.0,1.33,15.83,4.96,6.25,9.0,0.2,15.0,44.0
PBI,2024-01-18,9,3,7,12,6,83.33,83.33,100.0,6.83,13.42,2.23,8.92,2.5,1.72,0.33,0.0
PBI,2024-01-18,10,7,6,11,11,63.64,63.64,54.55,9.45,12.64,1.76,11.09,15.36,1.45,16.45,25.27
PBI,2024-01-18,11,9,12,15,16,46.67,40.0,50.0,17.67,17.07,5.71,23.13,7.81,0.81,6.81,22.06
PBI,2024-01-18,12,9,12,14,25,50.0,50.0,40.0,16.64,16.14,4.46,20.43,8.32,3.01,12.52,30.72
PBI,2024-01-18,13,10,4,11,11,72.73,72.73,36.36,8.09,17.18,6.16,10.82,6.27,0.69,10.27,39.0
PBI,2024-01-18,14,6,6,15,15,46.67,46.67,33.33,20.47,15.4,4.18,23.8,8.67,0.21,14.53,38.6
PBI,2024-01-18,15,6,8,14,19,50.0,28.57,57.89,23.36,21.5,10.01,33.07,6.32,0.48,8.74,20.53
PBI,2024-01-18,16,9,6,20,18,45.0,35.0,33.33,29.2,23.85,12.51,40.25,9.61,0.45,12.22,32.56
PBI,2024-01-18,17,5,2,8,18,50.0,37.5,55.56,13.63,27.5,16.52,27.38,8.06,0.18,8.11,24.5
PBI,2024-01-18,18,2,13,8,18,37.5,37.5,61.11,34.25,21.13,9.58,41.75,6.56,1.41,5.22,22.33
PBI,2024-01-18,19,13,9,17,15,58.82,58.82,53.33,16.41,13.88,2.46,18.59,5.6,1.09,9.4,26.27
PBI,2024-01-18,20,7,5,7,12,57.14,42.86,50.0,16.0,14.57,2.91,18.86,5.42,1.18,11.08,19.42
PBI,2024-01-18,21,0,3,2,7,100.0,100.0,42.86,2.5,13.0,1.8,3.5,2.14,1.06,5.14,23.57
PBI,2024-01-18,22,0,6,0,10,0.0,0.0,60.0,0.0,0.0,0.0,0.0,3.9,1.66,6.9,25.7
PBI,2024-01-18,23,0,4,0,5,0.0,0.0,80.0,0.0,0.0,0.0,0.0,2.0,2.2,6.8,5.0
PBI,2024-01-19,0,0,3,0,4,0.0,0.0,75.0,0.0,0.0,0.0,0.0,0.5,1.3,1.5,10.5
PBI,2024-01-19,1,0,0,0,0,0.0,0.0,0.0,0.0,0.0,0.0,0.0,0.0,0.0,0.0,0.0
PBI,2024-01-19,2,0,0,0,0,0.0,0.0,0.0,0.0,0.0,0.0,0.0,0.0,0.0,0.0,0.0
PBI,2024-01-19,3,0,0,0,0,0.0,0.0,0.0,0.0,0.0,0.0,0.0,0.0,0.0,0.0,0.0
PBI,2024-01-19,4,0,0,1,0,0.0,0.0,0.0,18.0,11.0,0.0,18.0,0.0,0.0,0.0,0.0
PBI,2024-01-19,5,1,0,1,1,100.0,100.0,100.0,0.0,10.0,0.7,0.0,0.0,2.2,0.0,0.0
PBI,2024-01-19,6,7,0,11,1,72.73,72.73,0.0,10.64,13.82,3.04,13.36,3.0,1.2,13.0,47.0
PBI,2024-01-19,7,7,0,15,1,66.67,66.67,0.0,15.4,13.27,2.34,17.0,2.0,0.6,5.0,21.0
PBI,2024-01-19,8,5,0,16,4,43.75,37.5,25.0,19.06,14.94,3.74,22.94,7.25,0.95,15.5,64.5
PBI,2024-01-19,9,3,7,11,7,54.55,54.55,57.14,34.09,14.73,3.46,37.18,9.0,0.93,32.71,51.14
PBI,2024-01-19,10,7,5,21,8,33.33,33.33,50.0,32.29,12.57,1.58,33.9,2.88,2.6,8.75,14.38
PBI,2024-01-19,11,7,12,10,19,50.0,50.0,42.11,23.8,16.1,4.55,28.5,8.26,1.75,20.26,37.16
PBI,2024-01-19,12,11,12,19,20,42.11,36.84,45.0,32.95,18.26,6.77,39.47,8.2,3.26,15.8,46.85
PBI,2024-01-19,13,10,4,17,9,52.94,35.29,22.22,30.76,19.24,8.02,38.53,7.33,2.28,23.56,54.11
PBI,2024-01-19,14,5,6,7,15,42.86,42.86,26.67,23.86,14.0,2.21,25.71,4.67,1.62,11.6,33.93
PBI,2024-01-19,15,6,7,11,13,9.09,9.09,23.08,28.36,17.55,5.98,34.36,6.31,2.02,12.77,62.08
PBI,2024-01-19,16,8,7,12,18,66.67,58.33,33.33,33.5,16.0,4.63,36.92,4.11,1.37,15.0,44.11
PBI,2024-01-19,17,6,4,12,8,33.33,25.0,25.0,38.75,21.83,10.78,49.17,11.5,0.73,18.0,25.13
PBI,2024-01-19,18,4,11,7,20,71.43,71.43,35.0,16.43,16.14,4.74,20.57,6.2,1.17,14.4,49.75
PBI,2024-01-19,19,11,6,11,11,45.45,45.45,63.64,54.73,13.45,1.8,54.91,7.27,2.15,16.09,24.82
PBI,2024-01-19,20,5,6,6,10,16.67,16.67,20.0,60.83,15.17,3.4,64.5,2.7,2.02,10.0,52.2
PBI,2024-01-19,21,0,3,2,6,50.0,50.0,50.0,64.0,14.0,1.5,65.5,4.83,0.8,4.5,19.17
PBI,2024-01-19,22,0,6,2,6,100.0,100.0,50.0,6.0,10.0,0.0,5.0,1.17,1.07,1.5,26.0
PBI,2024-01-19,23,0,4,0,3,0.0,0.0,66.67,0.0,0.0,0.0,0.0,0.0,1.37,0.0,58.0
PBI,2024-01-20,0,0,2,0,3,0.0,0.0,66.67,0.0,0.0,0.0,0.0,4.33,2.67,7.67,41.33
PBI,2024-01-20,1,0,0,0,1,0.0,0.0,100.0,0.0,0.0,0.0,0.0,0.0,1.2,0.0,0.0
PBI,2024-01-20,2,0,0,0,0,0.0,0.0,0.0,0.0,0.0,0.0,0.0,0.0,0.0,0.0,0.0
PBI,2024-01-20,5,0,0,1,0,0.0,0.0,0.0,45.0,12.0,0.8,46.0,0.0,0.0,0.0,0.0
PBI,2024-01-20,6,8,0,13,1,69.23,69.23,0.0,17.54,12.46,1.28,17.92,0.0,3.2,26.0,159.0
PBI,2024-01-20,7,7,0,8,1,87.5,87.5,0.0,5.25,10.75,0.58,5.0,0.0,1.2,0.0,20.0
PBI,2024-01-20,8,5,0,15,2,60.0,66.67,0.0,11.27,11.67,1.61,12.13,0.0,1.2,3.5,104.5
PBI,2024-01-20,9,3,7,12,8,41.67,41.67,75.0,22.17,15.08,3.99,26.17,0.5,0.85,5.5,5.25
PBI,2024-01-20,10,7,5,11,9,72.73,72.73,55.56,7.82,14.64,3.58,10.0,4.44,1.11,8.89,16.56
PBI,2024-01-20,11,8,12,13,16,69.23,61.54,50.0,13.23,17.15,5.73,17.92,3.63,1.52,6.19,22.75
PBI,2024-01-20,12,8,9,10,14,50.0,40.0,78.57,24.8,16.3,4.49,27.6,6.43,3.24,5.29,19.79
PBI,2024-01-20,13,9,5,14,11,57.14,57.14,63.64,21.93,13.07,2.37,23.86,4.64,1.57,8.27,15.27
PBI,2024-01-20,14,7,8,9,13,66.67,66.67,53.85,15.33,13.89,2.48,17.11,3.62,1.1,4.85,23.62
PBI,2024-01-20,15,5,6,9,13,66.67,66.67,76.92,16.33,14.89,3.93,20.0,6.0,0.73,7.15,11.31
PBI,2024-01-20,16,7,7,11,15,81.82,72.73,66.67,30.91,15.64,3.9,34.0,3.53,0.92,4.47,31.93
PBI,2024-01-20,17,4,3,6,8,83.33,66.67,75.0,9.33,12.5,1.75,10.5,4.38,1.22,4.5,9.0
PBI,2024-01-20,18,3,10,6,13,100.0,100.0,69.23,0.0,12.33,1.43,1.5,2.69,1.67,2.92,23.0
PBI,2024-01-20,19,6,7,6,6,50.0,50.0,83.33,39.33,12.5,1.0,39.5,1.5,2.78,2.17,11.83
PBI,2024-01-20,20,5,4,5,5,80.0,80.0,100.0,15.6,10.2,0.16,14.8,1.2,0.92,0.0,2.8
PBI,2024-01-20,21,0,2,0,4,0.0,0.0,50.0,0.0,0.0,0.0,0.0,5.0,0.9,5.5,20.5
PBI,2024-01-20,22,0,2,0,2,0.0,0.0,100.0,0.0,0.0,0.0,0.0,0.0,1.75,0.0,0.0
PBI,2024-01-20,23,0,3,0,4,0.0,0.0,25.0,0.0,0.0,0.0,0.0,2.25,2.0,5.0,46.5
PBI,2024-01-21,0,0,3,0,2,0.0,0.0,50.0,0.0,0.0,0.0,0.0,0.5,0.9,0.0,20.5
PBI,2024-01-21,1,0,0,0,1,0.0,0.0,0.0,0.0,0.0,0.0,0.0,15.0,1.2,22.0,15.0
PBI,2024-01-21,2,0,0,0,1,0.0,0.0,0.0,0.0,0.0,0.0,0.0,21.0,1.2,28.0,33.0
PBI,2024-01-21,5,1,0,1,0,100.0,100.0,0.0,0.0,12.0,2.7,0.0,0.0,0.0,0.0,0.0
PBI,2024-01-21,6,7,0,9,0,100.0,88.89,0.0,0.67,16.44,5.24,3.89,0.0,0.0,0.0,0.0
PBI,2024-01-21,7,7,0,11,1,81.82,72.73,0.0,6.0,13.82,2.69,8.36,10.0,1.2,15.0,78.0
PBI,2024-01-21,8,5,0,14,0,57.14,50.0,0.0,18.29,14.36,3.03,21.43,0.0,0.0,0.0,0.0
PBI,2024-01-21,9,3,7,15,9,66.67,60.0,55.56,14.47,17.47,6.22,20.4,4.44,1.72,8.0,13.0
PBI,2024-01-21,10,7,7,15,13,53.33,46.67,69.23,17.6,18.67,7.33,24.33,4.31,1.52,6.77,23.46
PBI,2024-01-21,11,10,13,21,18,71.43,66.67,77.78,16.0,19.33,7.93,22.62,5.11,5.12,6.94,13.17
PBI,2024-01-21,12,9,11,16,18,62.5,37.5,55.56,19.63,21.81,10.19,29.19,6.0,4.7,6.78,34.39
PBI,2024-01-21,13,12,5,22,9,50.0,45.45,66.67,40.68,16.73,5.5,45.68,5.33,1.68,2.56,26.0
PBI,2024-01-21,14,4,5,15,13,40.0,40.0,53.85,33.67,15.33,3.67,37.07,5.38,0.35,7.46,25.85
PBI,2024-01-21,15,6,7,9,17,66.67,55.56,52.94,16.33,17.67,6.04,22.56,5.71,0.55,7.88,14.82
PBI,2024-01-21,16,9,7,21,14,61.9,52.38,71.43,12.43,19.43,8.23,19.76,4.86,0.71,4.21,18.21
PBI,2024-01-21,17,4,2,10,15,40.0,20.0,66.67,22.1,23.0,11.79,33.8,7.93,0.61,10.33,16.67
PBI,2024-01-21,18,3,13,3,21,100.0,100.0,71.43,0.0,21.0,9.5,5.0,8.38,1.16,5.52,17.95
PBI,2024-01-21,19,13,9,17,10,76.47,64.71,50.0,20.88,18.12,6.15,26.29,2.1,2.63,0.6,36.8
PBI,2024-01-21,20,7,4,7,7,71.43,71.43,85.71,27.43,14.43,2.77,29.0,0.43,1.66,0.0,3.14
PBI,2024-01-21,21,0,3,1,5,0.0,0.0,80.0,26.0,13.0,1.8,28.0,1.6,0.72,1.6,5.8
PBI,2024-01-21,22,0,6,1,6,100.0,100.0,100.0,0.0,24.0,12.8,13.0,0.0,0.48,0.0,0.67
PBI,2024-01-21,23,0,4,0,4,0.0,0.0,100.0,0.0,0.0,0.0,0.0,0.0,0.73,0.0,0.0
PBI,2024-01-22,0,0,3,0,4,0.0,0.0,75.0,0.0,0.0,0.0,0.0,0.0,2.3,0.0,3.75
PBI,2024-01-22,1,0,0,0,0,0.0,0.0,0.0,0.0,0.0,0.0,0.0,0.0,0.0,0.0,0.0
PBI,2024-01-22,2,0,0,0,1,0.0,0.0,100.0,0.0,0.0,0.0,0.0,0.0,2.2,0.0,0.0
PBI,2024-01-22,5,1,0,1,0,100.0,100.0,0.0,0.0,10.0,0.7,0.0,0.0,0.0,0.0,0.0
PBI,2024-01-22,6,8,0,12,0,75.0,75.0,0.0,11.67,12.42,1.41,12.08,0.0,0.0,0.0,0.0
PBI,2024-01-22,7,6,0,15,1,73.33,66.67,100.0,11.13,14.33,3.04,14.13,3.0,0.2,9.0,0.0
PBI,2024-01-22,8,4,0,11,0,72.73,72.73,0.0,14.45,14.09,2.68,16.91,0.0,0.0,0.0,0.0
PBI,2024-01-22,9,3,7,8,8,50.0,50.0,75.0,26.63,12.13,0.94,27.13,0.75,0.46,2.13,27.13
PBI,2024-01-22,10,7,5,12,9,58.33,58.33,100.0,31.67,12.75,1.72,32.92,1.0,0.2,0.78,0.0
PBI,2024-01-22,11,8,13,15,16,66.67,66.67,93.75,14.53,14.6,2.99,17.47,0.31,2.59,3.81,1.63
PBI,2024-01-22,12,10,10,14,13,78.57,71.43,84.62,6.86,14.79,3.37,9.93,2.15,1.65,2.0,38.23
PBI,2024-01-22,13,9,4,13,7,61.54,61.54,57.14,46.23,12.54,2.28,47.46,0.0,0.1,0.0,23.14
PBI,2024-01-22,14,5,6,7,7,85.71,71.43,85.71,6.43,13.0,1.93,7.14,0.0,0.67,0.0,5.29
PBI,2024-01-22,15,6,7,10,12,70.0,70.0,100.0,9.9,15.1,3.65,13.4,0.0,2.06,0.67,1.0
PBI,2024-01-22,16,8,7,13,16,84.62,76.92,100.0,8.54,17.08,5.7,12.85,1.44,1.26,2.25,0.88
PBI,2024-01-22,17,6,4,10,11,70.0,70.0,100.0,86.7,11.2,0.53,87.0,1.73,0.31,1.45,0.0
PBI,2024-01-22,18,4,12,5,15,40.0,40.0,86.67,16.2,12.2,1.04,16.6,0.27,2.26,3.0,10.4
PBI,2024-01-22,19,12,7,14,9,78.57,71.43,88.89,14.0,15.5,3.86,17.14,0.0,4.34,1.56,6.11
PBI,2024-01-22,20,5,5,5,7,60.0,60.0,100.0,19.2,13.2,2.36,18.8,4.86,0.69,3.14,0.29
PBI,2024-01-22,21,0,2,2,2,50.0,50.0,100.0,27.5,13.0,1.8,28.5,0.0,0.8,0.0,0.0
PBI,2024-01-22,22,0,6,1,7,0.0,0.0,71.43,18.0,11.0,0.0,18.0,0.0,3.47,0.43,15.86
PBI,2024-01-22,23,0,4,0,4,0.0,0.0,75.0,0.0,0.0,0.0,0.0,0.0,2.1,12.0,11.0
PBI,2024-01-23,0,0,3,0,4,0.0,0.0,100.0,0.0,0.0,0.0,0.0,0.0,0.15,0.0,0.25
PBI,2024-01-23,1,0,0,0,0,0.0,0.0,0.0,0.0,0.0,0.0,0.0,0.0,0.0,0.0,0.0
PBI,2024-01-23,2,0,0,0,2,0.0,0.0,100.0,0.0,0.0,0.0,0.0,0.0,0.2,0.0,0.0
PBI,2024-01-23,5,0,0,1,1,100.0,100.0,100.0,0.0,24.0,12.8,13.0,4.0,0.0,0.0,0.0
PBI,2024-01-23,6,7,0,9,1,77.78,77.78,100.0,7.22,11.89,1.62,7.78,0.0,0.0,0.0,0.0
PBI,2024-01-23,7,6,0,15,0,60.0,60.0,0.0,14.67,13.4,2.41,17.07,0.0,0.0,0.0,0.0
PBI,2024-01-23,8,5,0,9,1,88.89,77.78,100.0,2.0,13.33,2.52,4.33,0.0,0.2,0.0,0.0
PBI,2024-01-23,9,3,6,8,8,75.0,75.0,100.0,5.75,16.75,5.36,10.75,3.5,0.58,4.38,1.5
PBI,2024-01-23,10,7,5,13,7,61.54,53.85,100.0,13.54,13.46,2.31,15.54,2.0,1.23,1.29,0.0
PBI,2024-01-23,11,7,12,11,15,63.64,54.55,93.33,51.0,15.91,4.05,54.27,1.27,1.9,3.93,2.6
PBI,2024-01-23,12,8,8,14,15,71.43,71.43,80.0,10.0,14.57,3.14,12.57,3.6,1.41,3.73,7.33
PBI,2024-01-23,13,7,5,10,12,60.0,50.0,91.67,16.5,14.9,4.01,20.4,0.0,0.77,1.08,6.83
PBI,2024-01-23,14,6,6,11,12,72.73,63.64,100.0,15.36,15.91,3.74,17.45,2.42,1.94,3.25,0.75
PBI,2024-01-23,15,7,6,11,9,72.73,72.73,88.89,12.64,13.36,2.65,14.73,0.0,0.46,0.78,12.89
PBI,2024-01-23,16,6,6,10,13,80.0,80.0,84.62,13.7,12.8,1.69,14.9,1.77,0.34,0.62,10.15
PBI,2024-01-23,17,4,2,7,9,57.14,57.14,100.0,29.86,14.57,3.56,31.86,0.67,0.16,0.89,1.0
PBI,2024-01-23,18,3,10,4,16,75.0,75.0,93.75,7.25,12.75,1.38,7.5,0.75,1.77,1.69,4.0
PBI,2024-01-23,19,8,5,9,10,77.78,77.78,90.0,10.33,13.67,2.01,11.22,3.5,3.26,1.6,2.2
PBI,2024-01-23,20,4,5,5,7,100.0,100.0,100.0,1.6,13.0,2.24,3.6,0.29,0.5,1.0,0.0
PBI,2024-01-23,21,0,1,1,3,100.0,100.0,100.0,0.0,10.0,0.0,0.0,0.0,0.33,0.0,0.0
PBI,2024-01-23,22,0,5,2,6,100.0,100.0,100.0,0.0,12.5,1.4,0.0,0.0,0.4,0.83,1.33
PBI,2024-01-23,23,0,3,1,3,100.0,100.0,66.67,0.0,11.0,0.0,0.0,0.0,1.4,16.0,15.33
PBI,2024-01-24,0,0,3,0,3,0.0,0.0,66.67,0.0,0.0,0.0,0.0,0.0,0.8,0.0,10.67
PBI,2024-01-24,1,0,0,0,1,0.0,0.0,100.0,0.0,0.0,0.0,0.0,55.0,0.2,9.0,0.0
PBI,2024-01-24,2,0,0,0,0,0.0,0.0,0.0,0.0,0.0,0.0,0.0,0.0,0.0,0.0,0.0
PBI,2024-01-24,5,0,0,1,0,0.0,0.0,0.0,64.0,14.0,2.8,67.0,0.0,0.0,0.0,0.0
PBI,2024-01-24,6,7,0,9,2,100.0,100.0,100.0,0.0,13.22,2.11,1.33,0.0,0.0,0.0,0.0
PBI,2024-01-24,7,7,0,12,1,83.33,75.0,100.0,29.75,14.58,3.15,31.92,0.0,0.2,0.0,0.0
PBI,2024-01-24,8,5,0,17,2,58.82,58.82,100.0,13.06,14.53,3.48,16.0,0.0,0.2,0.0,0.0
PBI,2024-01-24,9,3,7,12,9,66.67,50.0,88.89,13.17,16.75,5.5,18.58,0.56,2.5,3.22,1.67
PBI,2024-01-24,10,8,5,21,9,66.67,52.38,100.0,23.67,19.14,7.9,30.76,0.89,1.02,1.44,0.11
PBI,2024-01-24,11,8,12,16,15,43.75,31.25,86.67,33.38,15.69,4.23,37.13,1.8,2.1,2.6,4.27
PBI,2024-01-24,12,7,7,11,11,63.64,54.55,90.91,27.27,15.73,4.45,31.0,1.27,4.66,5.64,5.18
PBI,2024-01-24,13,6,5,15,7,40.0,33.33,85.71,23.87,14.33,3.17,26.67,0.29,2.34,1.14,7.86
PBI,2024-01-24,14,6,6,9,9,77.78,77.78,77.78,14.11,13.89,2.26,15.0,3.33,1.01,6.44,9.11
PBI,2024-01-24,15,6,6,7,11,57.14,57.14,72.73,19.71,14.29,3.07,21.14,0.0,0.2,0.73,18.73
PBI,2024-01-24,16,6,6,14,17,35.71,28.57,94.12,27.57,16.21,4.91,31.29,1.29,0.55,0.47,17.47
PBI,2024-01-24,17,4,2,7,12,71.43,71.43,91.67,50.0,12.86,1.81,51.14,2.08,0.97,2.5,1.25
PBI,2024-01-24,18,4,11,6,19,83.33,83.33,89.47,8.17,16.0,4.65,10.83,5.74,0.43,2.47,6.37
PBI,2024-01-24,19,9,5,7,14,57.14,57.14,85.71,125.29,13.29,1.54,126.29,7.14,0.74,0.64,4.86
PBI,2024-01-24,20,4,4,5,11,80.0,80.0,100.0,8.6,12.8,2.12,10.0,0.0,1.9,0.0,1.09
PBI,2024-01-24,21,0,1,2,4,50.0,50.0,100.0,19.5,13.0,1.8,21.0,0.0,0.15,0.0,1.5
PBI,2024-01-24,22,0,6,2,11,100.0,100.0,100.0,0.0,10.5,0.0,0.0,1.36,1.76,1.73,1.64
PBI,2024-01-24,23,0,3,0,5,0.0,0.0,60.0,0.0,0.0,0.0,0.0,3.6,0.8,8.6,11.4
PBI,2024-01-25,0,0,3,0,5,0.0,0.0,100.0,0.0,0.0,0.0,0.0,0.0,0.32,0.0,2.0
PBI,2024-01-25,1,0,0,0,1,0.0,0.0,100.0,0.0,0.0,0.0,0.0,4.0,0.2,6.0,0.0
PBI,2024-01-25,2,0,0,0,0,0.0,0.0,0.0,0.0,0.0,0.0,0.0,0.0,0.0,0.0,0.0
PBI,2024-01-25,5,1,0,2,1,50.0,50.0,100.0,20.0,10.0,0.0,20.0,13.0,0.0,4.0,0.0
PBI,2024-01-25,6,7,0,8,1,75.0,75.0,100.0,12.5,12.13,1.25,12.88,0.0,0.0,0.0,0.0
PBI,2024-01-25,7,7,0,13,1,61.54,61.54,100.0,19.23,13.15,2.18,20.85,0.0,0.0,0.0,0.0
PBI,2024-01-25,8,4,0,9,5,77.78,77.78,100.0,10.67,16.33,5.12,15.11,0.0,0.16,0.4,0.0
PBI,2024-01-25,9,3,7,16,9,43.75,43.75,88.89,25.13,14.75,3.44,28.5,1.0,0.51,2.56,4.89
PBI,2024-01-25,10,7,6,18,10,50.0,50.0,100.0,16.28,15.28,3.98,20.28,4.8,0.96,1.0,0.0
PBI,2024-01-25,11,9,12,17,16,52.94,47.06,87.5,43.18,16.35,4.78,47.24,0.0,2.01,2.19,26.38
PBI,2024-01-25,12,9,12,14,18,92.86,92.86,88.89,2.79,13.5,2.16,3.93,6.78,1.44,2.28,12.44
PBI,2024-01-25,13,11,4,18,13,66.67,61.11,76.92,20.72,16.0,4.89,25.11,1.54,1.95,3.23,12.92
PBI,2024-01-25,14,5,6,18,13,33.33,33.33,100.0,27.61,16.28,4.98,32.72,3.38,0.58,0.85,0.62
PBI,2024-01-25,15,6,8,13,21,69.23,61.54,71.43,15.08,17.15,5.89,20.46,1.71,2.02,3.24,11.48
PBI,2024-01-25,16,9,6,16,13,56.25,43.75,92.31,26.88,17.88,6.49,33.13,0.46,1.15,1.31,4.54
PBI,2024-01-25,17,5,2,8,7,87.5,62.5,100.0,6.38,19.88,9.08,13.25,0.57,0.14,0.86,1.57
PBI,2024-01-25,18,2,13,4,19,75.0,75.0,78.95,8.75,14.75,3.1,10.25,0.89,0.63,2.0,12.26
PBI,2024-01-25,19,13,9,15,23,46.67,46.67,86.96,36.27,13.27,2.08,37.33,0.83,1.03,1.65,7.22
PBI,2024-01-25,20,7,5,11,15,81.82,72.73,93.33,5.18,11.73,0.56,5.73,0.0,0.67,1.33,3.33
PBI,2024-01-25,21,0,3,4,10,50.0,50.0,80.0,16.75,13.25,2.1,17.75,2.1,0.7,2.2,15.3
PBI,2024-01-25,22,0,6,1,10,100.0,100.0,70.0,0.0,11.0,0.0,0.0,1.2,0.56,1.8,16.5
PBI,2024-01-25,23,0,4,0,6,0.0,0.0,66.67,0.0,0.0,0.0,0.0,0.67,0.87,1.0,17.17
PBI,2024-01-26,0,0,3,0,4,0.0,0.0,100.0,0.0,0.0,0.0,0.0,0.0,1.35,1.0,3.25
PBI,2024-01-26,1,0,0,0,0,0.0,0.0,0.0,0.0,0.0,0.0,0.0,0.0,0.0,0.0,0.0
PBI,2024-01-26,2,0,0,0,1,0.0,0.0,100.0,0.0,0.0,0.0,0.0,0.0,0.2,0.0,0.0
PBI,2024-01-26,5,1,0,2,1,50.0,50.0,100.0,13.5,11.0,0.9,14.5,1.0,0.0,0.0,0.0
PBI,2024-01-26,6,7,0,12,3,58.33,50.0,66.67,14.83,13.08,2.17,16.67,1.33,0.2,3.33,19.33
PBI,2024-01-26,7,7,0,13,0,76.92,76.92,0.0,8.15,12.62,1.92,9.23,0.0,0.0,0.0,0.0
PBI,2024-01-26,8,5,0,13,0,61.54,53.85,0.0,13.69,14.23,2.79,15.85,0.0,0.0,0.0,0.0
PBI,2024-01-26,9,3,7,12,8,41.67,41.67,87.5,26.5,13.5,2.39,28.83,5.63,0.4,4.38,42.75
PBI,2024-01-26,10,7,5,12,8,58.33,58.33,75.0,39.17,14.83,3.82,42.75,5.63,1.43,7.25,19.5
PBI,2024-01-26,11,7,12,19,25,68.42,57.89,52.0,10.26,16.63,5.22,14.79,11.0,0.7,12.24,29.4
PBI,2024-01-26,12,10,12,14,21,64.29,64.29,33.33,8.57,20.29,8.6,16.07,11.62,0.7,15.0,33.71
PBI,2024-01-26,13,11,4,25,14,48.0,28.0,21.43,31.48,25.92,14.94,45.96,14.57,1.24,18.57,52.29
PBI,2024-01-26,14,5,6,9,13,55.56,22.22,30.77,23.56,25.0,13.21,36.0,5.92,1.02,11.69,31.46
PBI,2024-01-26,15,6,7,11,18,36.36,27.27,33.33,24.18,15.82,4.29,28.64,7.33,0.33,11.72,32.11
PBI,2024-01-26,16,8,7,11,15,36.36,36.36,26.67,27.09,14.18,3.08,29.45,2.33,0.5,6.07,33.2
PBI,2024-01-26,17,6,4,9,15,77.78,77.78,40.0,10.11,15.22,4.39,14.11,4.53,1.21,7.07,30.4
PBI,2024-01-26,18,4,11,9,21,55.56,55.56,47.62,24.22,13.22,1.76,26.0,5.24,1.34,5.95,18.14
PBI,2024-01-26,19,11,6,11,10,72.73,63.64,80.0,9.55,13.27,1.58,10.45,3.3,3.25,3.0,8.6
PBI,2024-01-26,20,5,6,6,10,100.0,100.0,60.0,1.83,15.0,3.9,4.5,3.9,0.71,5.8,15.0
PBI,2024-01-26,21,0,3,1,7,100.0,100.0,85.71,0.0,11.0,0.0,0.0,2.43,0.34,2.0,7.0
PBI,2024-01-26,22,0,6,2,6,50.0,50.0,50.0,18.0,11.0,0.0,18.0,1.0,0.45,2.5,15.83
PBI,2024-01-26,23,0,4,0,5,0.0,0.0,40.0,0.0,0.0,0.0,0.0,2.0,2.12,6.6,22.0
PBI,2024-01-27,0,0,2,0,4,0.0,0.0,100.0,0.0,0.0,0.0,0.0,0.75,0.25,0.5,0.0
PBI,2024-01-27,5,0,0,0,0,0.0,0.0,0.0,0.0,0.0,0.0,0.0,0.0,0.0,0.0,0.0
PBI,2024-01-27,6,8,0,11,1,81.82,81.82,0.0,4.45,11.73,0.54,4.64,0.0,0.0,1.0,26.0
PBI,2024-01-27,7,7,0,13,1,69.23,69.23,100.0,11.62,12.77,2.06,12.46,0.0,0.0,0.0,0.0
PBI,2024-01-27,8,5,0,13,0,61.54,53.85,0.0,14.23,13.46,2.56,16.62,0.0,0.0,0.0,0.0
PBI,2024-01-27,9,3,7,10,11,50.0,50.0,72.73,14.8,13.0,1.91,16.6,3.73,0.38,3.18,17.18
PBI,2024-01-27,10,7,5,14,5,71.43,64.29,80.0,8.21,15.5,4.42,11.36,4.8,0.08,1.2,4.2
PBI,2024-01-27,11,8,13,12,15,83.33,83.33,80.0,6.67,12.17,1.03,7.58,4.93,1.34,3.07,7.73
PBI,2024-01-27,12,8,9,13,16,100.0,100.0,62.5,0.62,15.0,3.45,2.46,3.69,0.82,4.81,16.19
PBI,2024-01-27,13,10,5,17,8,52.94,52.94,75.0,17.41,13.24,2.5,19.18,2.13,0.39,2.25,8.0
PBI,2024-01-27,14,7,7,12,15,75.0,75.0,73.33,12.08,15.08,3.42,14.42,8.07,2.85,8.67,10.8
PBI,2024-01-27,15,4,6,6,13,16.67,16.67,69.23,73.0,14.5,3.13,76.17,3.15,5.75,10.54,13.08
PBI,2024-01-27,16,7,7,10,17,20.0,20.0,41.18,60.3,13.4,1.89,61.7,11.12,7.32,18.06,24.24
PBI,2024-01-27,17,4,3,6,10,33.33,33.33,50.0,84.0,12.5,2.13,85.83,4.4,1.62,6.9,37.7
PBI,2024-01-27,18,3,10,5,14,20.0,20.0,64.29,42.0,13.6,2.04,44.0,2.93,2.27,6.21,40.07
PBI,2024-01-27,19,6,7,7,8,0.0,0.0,62.5,81.0,12.57,1.14,81.86,3.13,1.38,7.13,47.63
PBI,2024-01-27,20,5,4,6,8,66.67,66.67,75.0,9.17,12.33,0.8,9.33,7.13,1.28,6.13,8.75
PBI,2024-01-27,21,0,2,1,2,0.0,0.0,50.0,30.0,21.0,9.8,40.0,9.5,1.1,2.0,19.0
PBI,2024-01-27,22,0,2,1,3,100.0,0.0,33.33,0.0,31.0,19.8,20.0,2.67,2.23,2.67,21.67
PBI,2024-01-27,23,0,3,0,4,0.0,0.0,50.0,0.0,0.0,0.0,0.0,1.25,1.5,3.0,15.0
PBI,2024-01-28,0,0,3,0,2,0.0,0.0,100.0,0.0,0.0,0.0,0.0,0.5,0.6,0.0,0.0
PBI,2024-01-28,1,0,0,0,0,0.0,0.0,0.0,0.0,0.0,0.0,0.0,0.0,0.0,0.0,0.0
PBI,2024-01-28,5,1,0,1,0,100.0,100.0,0.0,0.0,10.0,0.7,0.0,0.0,0.0,0.0,0.0
PBI,2024-01-28,6,7,0,7,0,100.0,100.0,0.0,1.71,13.86,3.13,2.57,0.0,0.0,0.0,0.0
PBI,2024-01-28,7,7,0,12,1,58.33,50.0,0.0,16.67,16.92,6.26,22.5,1.0,1.2,6.0,46.0
PBI,2024-01-28,8,5,0,15,5,53.33,46.67,20.0,18.13,17.33,5.77,22.8,5.4,1.2,10.0,25.2
PBI,2024-01-28,9,3,7,20,11,35.0,30.0,81.82,23.85,19.3,8.09,31.85,4.82,1.31,6.36,8.0
PBI,2024-01-28,10,7,7,17,16,52.94,47.06,68.75,17.71,21.53,10.28,27.41,8.38,0.68,10.94,16.19
PBI,2024-01-28,11,10,13,26,19,69.23,34.62,52.63,22.19,33.77,22.42,44.23,8.95,2.32,12.16,17.63
PBI,2024-01-28,12,9,11,18,20,55.56,11.11,40.0,26.44,43.06,31.49,57.44,10.2,3.89,17.2,29.5
PBI,2024-01-28,13,12,5,20,14,45.0,10.0,35.71,53.0,35.85,24.6,77.0,12.86,2.51,19.29,34.07
PBI,2024-01-28,14,4,5,12,15,8.33,0.0,46.67,81.92,29.92,18.1,100.0,21.93,0.93,18.67,39.0
PBI,2024-01-28,15,6,7,17,17,23.53,11.76,35.29,76.65,25.06,13.68,90.24,28.12,0.66,31.41,41.76
PBI,2024-01-28,16,9,7,24,16,16.67,12.5,12.5,67.25,23.25,11.91,78.63,29.19,1.17,31.13,62.63
PBI,2024-01-28,17,4,2,9,15,22.22,11.11,20.0,38.56,24.33,13.12,51.33,20.27,2.35,25.27,83.87
PBI,2024-01-28,18,3,13,8,21,37.5,25.0,47.62,30.88,17.25,5.96,37.0,12.14,2.8,11.33,31.24
PBI,2024-01-28,19,13,9,17,15,76.47,47.06,60.0,20.29,18.41,6.58,26.41,10.27,4.56,12.73,22.8
PBI,2024-01-28,20,7,4,7,9,71.43,57.14,66.67,11.0,13.71,2.4,13.0,2.11,2.62,4.44,25.0
PBI,2024-01-28,21,0,3,2,5,100.0,100.0,40.0,0.0,15.0,3.9,4.0,2.6,1.84,6.4,25.2
PBI,2024-01-28,22,0,6,1,9,0.0,0.0,44.44,18.0,18.0,6.8,25.0,0.89,0.74,4.33,35.67
PBI,2024-01-28,23,0,4,0,5,0.0,0.0,40.0,0.0,0.0,0.0,0.0,4.2,1.08,5.2,33.6
PBI,2024-01-29,0,0,3,0,3,0.0,0.0,33.33,0.0,0.0,0.0,0.0,0.67,1.0,6.67,29.33
PBI,2024-01-29,1,0,0,0,0,0.0,0.0,0.0,0.0,0.0,0.0,0.0,0.0,0.0,0.0,0.0
PBI,2024-01-29,4,0,0,1,0,100.0,100.0,0.0,0.0,25.0,13.8,14.0,0.0,0.0,0.0,0.0
PBI,2024-01-29,5,1,0,2,1,50.0,50.0,0.0,12.0,12.0,1.75,13.0,8.0,1.2,11.0,35.0
PBI,2024-01-29,6,8,0,12,0,58.33,58.33,0.0,13.25,11.92,0.82,13.42,0.0,0.0,0.0,0.0
PBI,2024-01-29,7,6,0,11,0,72.73,63.64,0.0,7.91,13.27,2.81,10.27,0.0,0.0,0.0,0.0
PBI,2024-01-29,8,4,0,17,3,47.06,41.18,0.0,21.18,15.12,3.9,25.06,12.0,0.53,17.0,45.67
PBI,2024-01-29,9,3,7,8,10,50.0,37.5,80.0,16.0,16.5,5.04,21.0,5.4,0.55,3.8,8.4
PBI,2024-01-29,10,7,5,16,15,68.75,62.5,46.67,8.13,16.31,5.18,12.81,9.4,0.95,12.2,27.13
PBI,2024-01-29,11,8,14,16,21,56.25,50.0,57.14,15.5,21.5,9.91,24.69,13.1,1.9,10.43,18.57
PBI,2024-01-29,12,9,9,18,18,44.44,33.33,55.56,49.61,21.33,10.0,58.28,8.06,1.14,6.22,15.33
PBI,2024-01-29,13,9,4,21,9,61.9,52.38,55.56,16.57,17.9,6.75,22.38,3.44,0.99,4.33,31.44
PBI,2024-01-29,14,6,6,13,11,76.92,76.92,54.55,27.0,14.15,2.38,28.08,4.36,2.57,4.55,16.45
PBI,2024-01-29,15,6,7,14,17,57.14,57.14,47.06,29.21,14.07,3.08,32.29,6.88,1.59,9.24,24.94
PBI,2024-01-29,16,8,7,12,18,41.67,41.67,72.22,60.58,12.58,1.66,61.5,3.72,1.67,5.06,19.33
PBI,2024-01-29,17,6,4,12,9,91.67,75.0,66.67,3.33,14.0,3.12,6.17,6.78,4.67,7.22,15.33
PBI,2024-01-29,18,4,12,8,16,62.5,62.5,75.0,10.13,12.0,1.15,11.38,5.75,2.96,3.94,35.06
PBI,2024-01-29,19,11,6,12,9,83.33,83.33,77.78,17.67,13.33,1.51,18.08,2.44,7.19,4.22,7.56
PBI,2024-01-29,20,4,5,4,5,75.0,75.0,80.0,4.0,11.0,0.85,4.0,1.0,1.8,0.8,7.0
PBI,2024-01-29,21,0,2,1,2,100.0,100.0,100.0,0.0,8.0,0.0,0.0,2.0,0.0,0.0,0.5
PBI,2024-01-29,22,0,6,1,10,100.0,100.0,90.0,0.0,10.0,0.0,0.0,2.4,0.96,1.8,5.6
PBI,2024-01-29,23,0,3,1,3,0.0,0.0,66.67,17.0,14.0,2.6,20.0,1.33,0.93,9.0,12.0
PBI,2024-01-30,0,0,3,0,4,0.0,0.0,100.0,0.0,0.0,0.0,0.0,0.0,2.8,0.0,0.0
PBI,2024-01-30,3,0,0,0,1,0.0,0.0,100.0,0.0,0.0,0.0,0.0,0.0,1.2,0.0,4.0
PBI,2024-01-30,4,0,0,1,1,100.0,100.0,100.0,0.0,7.0,0.0,0.0,0.0,1.2,0.0,0.0
PBI,2024-01-30,6,7,0,8,2,87.5,87.5,50.0,4.63,11.75,1.59,5.0,1.5,2.7,3.5,35.5
PBI,2024-01-30,7,6,0,8,0,87.5,75.0,0.0,2.25,14.0,2.69,4.38,0.0,0.0,0.0,0.0
PBI,2024-01-30,8,5,0,9,2,66.67,66.67,0.0,8.89,14.78,3.49,11.22,6.5,1.2,18.0,63.5
PBI,2024-01-30,9,3,6,11,11,54.55,36.36,63.64,16.91,18.73,7.34,23.73,2.73,1.15,6.82,13.45
PBI,2024-01-30,10,7,5,18,8,61.11,61.11,87.5,10.39,13.72,2.56,12.11,0.88,1.85,1.25,4.13
PBI,2024-01-30,11,7,13,9,15,100.0,100.0,86.67,1.0,13.22,2.17,2.22,1.93,2.76,5.53,7.8
PBI,2024-01-30,12,9,7,11,11,90.91,81.82,63.64,11.36,14.73,4.11,14.0,12.18,2.34,12.27,18.45
PBI,2024-01-30,13,6,5,19,10,21.05,21.05,40.0,32.84,13.63,2.55,35.16,17.6,0.49,19.1,21.9
PBI,2024-01-30,14,6,6,6,8,66.67,83.33,62.5,10.33,23.0,11.25,18.83,4.25,8.16,7.38,13.0
PBI,2024-01-30,15,7,6,9,10,44.44,11.11,10.0,29.0,25.33,14.0,42.44,33.2,0.4,28.2,51.3
PBI,2024-01-30,16,6,6,10,14,60.0,50.0,42.86,12.7,15.0,4.18,16.0,11.71,0.68,9.0,44.5
PBI,2024-01-30,17,4,2,5,5,60.0,60.0,60.0,15.4,15.0,3.82,18.4,7.4,0.84,6.6,12.6
PBI,2024-01-30,18,3,10,7,14,57.14,57.14,71.43,14.57,12.14,1.79,16.43,5.71,1.7,3.43,17.71
PBI,2024-01-30,19,8,5,10,7,60.0,60.0,85.71,15.6,13.8,2.25,17.4,22.43,3.47,23.29,21.43
PBI,2024-01-30,20,4,5,5,9,80.0,80.0,44.44,15.4,12.8,2.0,17.2,1.33,0.36,1.56,25.89
PBI,2024-01-30,21,0,1,0,1,0.0,0.0,100.0,0.0,0.0,0.0,0.0,4.0,1.6,2.0,0.0
PBI,2024-01-30,22,0,5,2,8,100.0,100.0,87.5,0.0,13.5,2.4,2.5,1.13,1.67,1.75,4.75
PBI,2024-01-30,23,0,3,0,3,0.0,0.0,66.67,0.0,0.0,0.0,0.0,2.0,0.53,0.0,22.0
PBI,2024-01-31,0,0,3,0,3,0.0,0.0,100.0,0.0,0.0,0.0,0.0,0.67,1.33,0.0,0.0
PBI,2024-01-31,3,0,0,0,1,0.0,0.0,100.0,0.0,0.0,0.0,0.0,0.0,1.2,0.0,0.0
PBI,2024-01-31,4,0,0,1,1,100.0,100.0,0.0,0.0,9.0,0.0,0.0,7.0,1.2,13.0,25.0
PBI,2024-01-31,6,7,0,8,3,87.5,75.0,33.33,18.88,17.0,6.78,24.88,4.0,1.47,6.0,16.67
PBI,2024-01-31,7,7,0,14,0,64.29,57.14,0.0,13.43,14.57,3.33,16.0,0.0,0.0,0.0,0.0
PBI,2024-01-31,8,5,0,12,2,66.67,66.67,50.0,10.67,15.5,4.23,14.42,3.5,1.2,7.0,13.5
PBI,2024-01-31,9,3,7,11,11,54.55,27.27,90.91,19.09,14.82,3.55,22.64,4.73,1.34,5.73,3.36
PBI,2024-01-31,10,7,5,14,16,57.14,57.14,56.25,14.93,14.07,3.09,17.21,5.56,2.96,9.06,25.19
PBI,2024-01-31,11,8,12,19,24,52.63,42.11,66.67,16.95,19.53,8.07,24.58,10.13,3.53,10.71,20.38
PBI,2024-01-31,12,7,7,17,12,58.82,52.94,50.0,13.24,17.82,6.64,18.47,7.0,2.07,8.0,22.17
PBI,2024-01-31,13,6,5,13,11,53.85,53.85,45.45,18.23,12.38,1.36,18.92,4.64,4.88,8.45,41.91
PBI,2024-01-31,14,6,6,17,12,70.59,64.71,83.33,14.29,14.0,2.69,16.82,3.33,6.82,4.5,9.25
PBI,2024-01-31,15,7,6,9,14,88.89,88.89,57.14,37.22,15.22,3.91,40.0,6.07,2.41,6.5,32.07
PBI,2024-01-31,16,6,6,10,16,60.0,60.0,56.25,17.6,14.5,3.18,19.7,5.31,2.24,5.69,19.38
PBI,2024-01-31,17,4,2,13,12,69.23,61.54,66.67,9.92,15.08,4.22,13.15,10.67,1.03,8.83,15.0
PBI,2024-01-31,18,4,11,7,18,85.71,85.71,66.67,3.43,15.0,3.7,6.0,7.89,2.76,7.94,24.17
PBI,2024-01-31,19,9,5,11,12,72.73,72.73,50.0,9.27,12.64,1.45,9.45,4.5,3.08,4.0,31.25
PBI,2024-01-31,20,4,5,6,9,83.33,83.33,66.67,11.17,13.0,1.83,12.83,2.22,1.2,2.89,18.67
PBI,2024-01-31,21,0,1,1,4,100.0,100.0,25.0,0.0,9.0,0.0,0.0,6.75,1.3,11.25,28.75
PBI,2024-01-31,22,0,6,1,8,100.0,100.0,87.5,0.0,9.0,0.0,0.0,1.13,1.34,2.25,4.25
PBI,2024-01-31,23,0,3,0,6,0.0,0.0,83.33,0.0,0.0,0.0,0.0,2.33,0.87,2.33,5.17
PBI,2024-02-01,0,0,3,0,3,0.0,0.0,100.0,0.0,0.0,0.0,0.0,0.0,1.67,0.0,0.0
PBI,2024-02-01,1,0,0,0,2,0.0,0.0,50.0,0.0,0.0,0.0,0.0,3.5,1.2,4.5,17.5
PBI,2024-02-01,3,0,0,0,1,0.0,0.0,100.0,0.0,0.0,0.0,0.0,0.0,0.0,0.0,0.0
PBI,2024-02-01,4,0,0,1,0,100.0,100.0,0.0,0.0,7.0,0.0,0.0,0.0,0.0,0.0,0.0
PBI,2024-02-01,5,1,0,2,0,50.0,50.0,0.0,109.5,10.0,0.4,110.0,0.0,0.0,0.0,0.0
PBI,2024-02-01,6,7,0,13,2,84.62,84.62,0.0,5.31,14.0,2.98,6.54,3.5,3.2,8.5,22.0
PBI,2024-02-01,7,7,0,14,0,57.14,57.14,0.0,21.14,14.14,2.84,23.57,0.0,0.0,0.0,0.0
PBI,2024-02-01,8,4,0,13,2,30.77,30.77,0.0,19.54,13.62,2.52,21.62,10.0,0.7,13.0,37.5
PBI,2024-02-01,9,3,7,13,10,53.85,46.15,80.0,12.92,13.31,2.02,14.92,1.1,0.76,5.3,5.6
PBI,2024-02-01,10,7,6,12,15,83.33,83.33,46.67,7.58,13.92,2.8,9.42,3.93,1.48,6.73,26.6
PBI,2024-02-01,11,9,12,15,21,86.67,80.0,57.14,9.33,15.2,4.23,12.2,5.43,2.2,5.52,25.95
PBI,2024-02-01,12,8,11,20,22,60.0,55.0,59.09,22.15,17.3,5.92,27.25,6.91,1.41,7.59,18.55
PBI,2024-02-01,13,11,5,21,16,66.67,61.9,50.0,12.33,16.1,5.02,14.95,6.56,0.19,6.56,18.75
PBI,2024-02-01,14,6,6,16,14,43.75,43.75,64.29,22.56,15.19,3.63,25.38,4.07,0.19,4.86,19.07
PBI,2024-02-01,15,6,8,14,18,64.29,64.29,72.22,19.64,16.14,4.76,22.21,5.61,1.09,7.28,14.17
PBI,2024-02-01,16,9,6,15,19,73.33,73.33,52.63,11.2,15.13,3.79,12.53,4.95,0.83,7.32,27.21
PBI,2024-02-01,17,5,2,8,14,75.0,75.0,28.57,15.13,12.75,1.88,16.0,5.57,0.56,7.71,29.5
PBI,2024-02-01,18,2,13,5,18,60.0,60.0,83.33,14.2,13.4,1.68,15.4,4.33,1.36,4.72,13.67
PBI,2024-02-01,19,12,8,15,12,93.33,93.33,66.67,8.67,14.47,2.65,9.87,2.33,5.0,3.0,14.75
PBI,2024-02-01,20,6,5,8,10,87.5,75.0,40.0,5.25,14.75,3.5,6.5,3.2,1.0,4.6,21.8
PBI,2024-02-01,21,0,3,1,4,100.0,100.0,50.0,0.0,14.0,2.8,0.0,4.75,0.85,4.0,9.75
PBI,2024-02-01,22,0,6,1,11,100.0,100.0,81.82,0.0,11.0,0.0,0.0,2.55,1.19,3.09,12.64
PBI,2024-02-01,23,0,3,1,5,100.0,100.0,80.0,0.0,11.0,0.0,0.0,1.0,1.04,2.2,7.4
PBI,2024-02-02,0,0,3,0,4,0.0,0.0,75.0,0.0,0.0,0.0,0.0,3.5,1.8,5.25,6.75
PBI,2024-02-02,1,0,0,0,1,0.0,0.0,100.0,0.0,0.0,0.0,0.0,0.0,1.2,0.0,0.0
PBI,2024-02-02,3,0,0,0,1,0.0,0.0,100.0,0.0,0.0,0.0,0.0,0.0,1.2,0.0,0.0
PBI,2024-02-02,4,0,0,1,0,0.0,0.0,0.0,46.0,10.0,0.0,45.0,0.0,0.0,0.0,0.0
PBI,2024-02-02,5,1,0,2,0,50.0,50.0,0.0,19.0,10.5,0.4,19.5,0.0,0.0,0.0,0.0
PBI,2024-02-02,6,8,0,9,2,100.0,100.0,50.0,0.0,12.56,1.68,0.0,0.0,1.7,2.0,9.0
PBI,2024-02-02,7,6,0,13,1,69.23,69.23,0.0,10.15,12.46,1.48,10.77,8.0,1.2,15.0,46.0
PBI,2024-02-02,8,5,0,20,4,65.0,55.0,25.0,9.85,15.9,4.79,14.6,2.0,0.95,7.0,16.0
PBI,2024-02-02,9,3,7,16,11,56.25,50.0,72.73,14.0,16.19,4.89,18.69,2.91,0.95,3.91,9.45
PBI,2024-02-02,10,7,5,11,13,72.73,63.64,69.23,11.36,15.91,4.74,15.18,6.54,1.22,8.92,16.46
PBI,2024-02-02,11,7,13,12,19,66.67,66.67,63.16,13.33,14.33,2.63,15.0,6.53,1.98,6.84,19.11
PBI,2024-02-02,12,10,11,15,20,80.0,66.67,55.0,9.0,16.93,5.68,13.47,7.15,1.46,7.05,27.9
PBI,2024-02-02,13,10,5,17,11,64.71,58.82,63.64,16.24,14.24,3.16,18.47,5.73,1.17,6.45,20.18
PBI,2024-02-02,14,6,7,13,18,61.54,61.54,50.0,10.62,14.0,2.24,12.31,7.17,1.98,7.67,26.17
PBI,2024-02-02,15,6,7,14,18,50.0,50.0,61.11,24.07,13.0,2.12,26.0,7.11,1.34,9.0,25.89
PBI,2024-02-02,16,8,7,11,18,72.73,63.64,66.67,11.82,15.0,3.72,13.91,4.67,1.35,5.44,21.61
PBI,2024-02-02,17,6,4,11,14,54.55,54.55,50.0,21.55,11.55,1.33,21.82,5.86,1.04,31.64,40.57
PBI,2024-02-02,18,4,11,7,16,71.43,71.43,56.25,7.57,11.57,1.34,7.86,6.0,1.43,5.5,33.25
PBI,2024-02-02,19,10,5,13,7,76.92,76.92,85.71,22.85,11.46,0.78,23.0,2.57,3.64,3.57,8.57
PBI,2024-02-02,20,4,6,5,15,80.0,80.0,53.33,6.8,11.8,0.76,7.0,4.07,2.59,9.73,21.73
PBI,2024-02-02,21,0,3,1,6,0.0,0.0,66.67,17.0,12.0,0.8,18.0,5.67,0.7,6.33,15.33
PBI,2024-02-02,22,0,6,2,8,50.0,50.0,87.5,26.5,11.0,0.4,26.0,1.38,0.9,1.38,5.75
PBI,2024-02-02,23,0,3,0,3,0.0,0.0,66.67,0.0,0.0,0.0,0.0,0.33,1.27,0.67,9.0
PBI,2024-02-03,0,0,2,0,3,0.0,0.0,100.0,0.0,0.0,0.0,0.0,0.33,1.67,0.0,0.0
PBI,2024-02-03,1,0,0,0,0,0.0,0.0,0.0,0.0,0.0,0.0,0.0,0.0,0.0,0.0,0.0
PBI,2024-02-03,4,0,0,0,1,0.0,0.0,100.0,0.0,0.0,0.0,0.0,0.0,1.2,0.0,0.0
PBI,2024-02-03,6,7,0,11,1,72.73,72.73,100.0,11.82,13.64,2.51,13.45,0.0,2.2,0.0,0.0
PBI,2024-02-03,7,7,0,10,1,70.0,60.0,100.0,7.1,14.1,3.61,9.8,0.0,2.2,0.0,0.0
PBI,2024-02-03,8,6,0,12,1,83.33,83.33,0.0,6.0,14.33,3.07,7.67,15.0,1.2,25.0,35.0
PBI,2024-02-03,9,3,7,16,11,50.0,50.0,63.64,19.5,15.25,3.94,22.94,1.91,1.82,2.82,16.82
PBI,2024-02-03,10,7,5,18,8,66.67,66.67,75.0,11.22,15.0,3.91,14.5,1.88,1.86,5.88,12.88
PBI,2024-02-03,11,8,14,12,21,75.0,66.67,76.19,6.67,16.58,5.08,10.42,2.9,4.46,4.48,9.38
PBI,2024-02-03,12,9,7,17,13,70.59,58.82,69.23,12.12,18.82,7.11,15.94,2.54,2.62,2.85,15.92
PBI,2024-02-03,13,9,5,13,12,92.31,84.62,66.67,2.31,14.23,3.41,4.38,2.42,1.41,3.25,23.83
PBI,2024-02-03,14,7,7,12,13,66.67,66.67,76.92,11.67,13.92,2.14,12.92,3.69,3.11,5.31,10.46
PBI,2024-02-03,15,5,6,6,11,100.0,100.0,63.64,0.0,12.83,1.68,0.0,2.55,1.04,3.36,19.73
PBI,2024-02-03,16,7,7,9,16,77.78,88.89,75.0,6.11,14.78,3.01,8.11,4.38,1.31,3.63,5.75
PBI,2024-02-03,17,4,3,7,11,71.43,71.43,90.91,5.0,12.43,1.71,5.43,3.36,1.13,3.36,3.09
PBI,2024-02-03,18,3,10,7,15,85.71,85.71,86.67,3.43,16.57,5.03,8.43,4.8,0.86,3.4,7.27
PBI,2024-02-03,19,6,7,7,12,100.0,100.0,83.33,0.0,14.86,3.06,0.0,3.25,5.06,3.92,10.5
PBI,2024-02-03,20,5,5,5,8,100.0,100.0,75.0,0.0,12.0,0.8,0.0,0.63,0.45,6.75,9.0
PBI,2024-02-03,21,0,2,2,11,0.0,0.0,63.64,34.5,17.0,5.8,40.5,2.55,1.04,5.91,16.73
PBI,2024-02-03,22,0,2,0,4,0.0,0.0,50.0,0.0,0.0,0.0,0.0,3.75,0.98,5.25,31.5
PBI,2024-02-03,23,0,3,1,3,100.0,100.0,100.0,0.0,11.0,0.0,0.0,0.0,3.17,3.67,3.67
PBI,2024-02-04,0,0,3,0,3,0.0,0.0,66.67,0.0,0.0,0.0,0.0,0.0,0.47,0.0,34.67
PBI,2024-02-04,1,0,0,0,0,0.0,0.0,0.0,0.0,0.0,0.0,0.0,0.0,0.0,0.0,0.0
PBI,2024-02-04,5,1,0,2,0,50.0,50.0,0.0,13.0,9.5,0.0,13.0,0.0,0.0,0.0,0.0
PBI,2024-02-04,6,7,0,9,0,77.78,77.78,0.0,5.22,12.67,1.82,5.56,0.0,0.0,0.0,0.0
PBI,2024-02-04,7,7,0,13,1,53.85,53.85,0.0,18.0,13.15,2.13,19.69,0.0,1.2,5.0,33.0
PBI,2024-02-04,8,5,0,18,2,50.0,38.89,100.0,22.44,15.17,3.93,26.06,1.0,1.7,9.5,3.0
PBI,2024-02-04,9,3,7,12,7,50.0,50.0,100.0,10.42,15.83,4.49,14.67,3.29,0.61,1.0,1.29
PBI,2024-02-04,10,7,8,22,11,68.18,54.55,72.73,9.82,18.68,7.48,16.05,16.73,1.45,15.64,28.82
PBI,2024-02-04,11,12,13,15,23,66.67,66.67,60.87,21.4,18.93,7.47,27.6,18.74,2.47,19.48,33.26
PBI,2024-02-04,12,9,9,18,13,44.44,38.89,38.46,33.56,24.33,12.79,45.5,36.92,2.78,36.46,50.23
PBI,2024-02-04,13,11,6,22,6,36.36,18.18,0.0,35.27,38.0,26.78,62.14,65.67,1.42,64.0,68.0
PBI,2024-02-04,14,4,5,11,15,54.55,27.27,20.0,41.0,27.45,15.64,56.73,23.6,1.16,22.53,48.6
PBI,2024-02-04,15,6,7,19,19,36.84,10.53,26.32,45.63,23.58,12.23,57.84,7.74,1.25,13.05,49.21
PBI,2024-02-04,16,9,7,22,15,27.27,13.64,33.33,45.5,19.32,7.97,53.64,8.4,0.79,10.67,54.47
PBI,2024-02-04,17,4,2,9,11,22.22,22.22,36.36,49.67,18.22,7.01,56.89,10.0,1.04,9.18,41.91
PBI,2024-02-04,18,3,13,5,18,40.0,40.0,38.89,53.0,12.8,1.9,54.6,3.0,2.09,8.39,38.61
PBI,2024-02-04,19,12,8,19,15,47.37,47.37,26.67,41.05,13.68,2.49,42.68,9.67,2.07,13.2,58.87
PBI,2024-02-04,20,6,4,6,8,33.33,33.33,87.5,186.5,12.5,1.67,187.83,3.63,2.28,3.75,3.0
PBI,2024-02-04,21,0,3,2,5,50.0,50.0,40.0,9.5,19.5,8.2,18.0,8.0,0.84,9.2,90.0
PBI,2024-02-04,22,0,6,1,6,100.0,100.0,66.67,0.0,24.0,12.8,13.0,5.17,0.62,6.17,20.83
PBI,2024-02-04,23,0,3,2,3,50.0,50.0,66.67,20.0,13.0,1.9,22.0,1.67,0.0,0.0,17.33
PBI,2024-02-05,0,0,3,0,3,0.0,0.0,100.0,0.0,0.0,0.0,0.0,1.0,1.67,0.0,0.0
PBI,2024-02-05,1,0,0,0,0,0.0,0.0,0.0,0.0,0.0,0.0,0.0,0.0,0.0,0.0,0.0
PBI,2024-02-05,2,0,0,0,0,0.0,0.0,0.0,0.0,0.0,0.0,0.0,0.0,0.0,0.0,0.0
PBI,2024-02-05,3,0,0,0,0,0.0,0.0,0.0,0.0,0.0,0.0,0.0,0.0,0.0,0.0,0.0
PBI,2024-02-05,4,0,0,1,0,100.0,100.0,0.0,0.0,24.0,12.8,13.0,0.0,0.0,0.0,0.0
PBI,2024-02-05,5,1,0,2,0,50.0,50.0,0.0,19.5,10.5,0.4,20.0,0.0,0.0,0.0,0.0
PBI,2024-02-05,6,7,0,11,1,81.82,81.82,0.0,17.45,12.45,1.36,18.09,8.0,1.2,14.0,62.0
PBI,2024-02-05,7,7,0,13,0,76.92,76.92,0.0,8.69,13.0,1.75,9.85,0.0,0.0,0.0,0.0
PBI,2024-02-05,8,4,0,17,3,58.82,47.06,33.33,13.47,17.18,5.96,19.06,6.67,1.2,11.67,15.67
PBI,2024-02-05,9,3,7,13,10,61.54,38.46,80.0,9.85,18.46,7.07,16.62,4.0,1.05,4.1,9.0
PBI,2024-02-05,10,7,5,18,9,44.44,44.44,77.78,22.44,16.22,5.09,26.78,5.22,2.33,7.56,13.56
PBI,2024-02-05,11,8,14,11,23,90.91,81.82,60.87,4.36,15.09,3.59,7.73,4.74,3.27,6.57,16.13
PBI,2024-02-05,12,9,9,14,13,50.0,35.71,69.23,14.64,16.93,5.51,19.14,7.0,3.98,8.15,8.77
PBI,2024-02-05,13,9,4,16,12,68.75,68.75,33.33,10.88,13.69,3.09,13.5,12.33,0.86,13.42,30.08
PBI,2024-02-05,14,6,5,13,16,61.54,38.46,68.75,9.92,20.15,8.35,17.54,5.75,0.81,7.88,9.56
PBI,2024-02-05,15,5,7,13,15,61.54,53.85,60.0,17.08,16.85,5.5,21.62,7.27,0.8,12.07,18.6
PBI,2024-02-05,16,8,7,13,18,76.92,69.23,66.67,8.08,14.15,3.1,10.0,6.89,0.63,8.56,13.72
PBI,2024-02-05,17,6,4,16,8,56.25,50.0,87.5,19.75,16.69,5.63,24.69,4.0,1.23,2.88,8.75
PBI,2024-02-05,18,4,12,10,17,80.0,70.0,94.12,7.6,14.3,2.88,10.2,4.47,1.16,2.71,3.29
PBI,2024-02-05,19,11,6,14,11,92.86,92.86,72.73,2.0,15.07,3.36,3.93,3.64,6.69,5.09,11.45
PBI,2024-02-05,20,4,5,6,6,100.0,83.33,83.33,1.33,16.33,5.07,4.83,3.0,1.0,0.0,2.67
PBI,2024-02-05,21,0,2,3,4,33.33,33.33,100.0,37.33,13.67,2.47,38.67,5.5,0.05,1.5,2.5
PBI,2024-02-05,22,0,6,1,7,100.0,100.0,100.0,0.0,8.0,0.0,0.0,5.0,1.13,3.14,1.0
PBI,2024-02-05,23,0,3,0,4,0.0,0.0,100.0,0.0,0.0,0.0,0.0,0.5,1.5,0.5,0.25
PBI,2024-02-06,0,0,3,0,3,0.0,0.0,100.0,0.0,0.0,0.0,0.0,0.0,2.0,0.0,0.0
PBI,2024-02-06,2,0,0,0,0,0.0,0.0,0.0,0.0,0.0,0.0,0.0,0.0,0.0,0.0,0.0
PBI,2024-02-06,3,0,0,0,2,0.0,0.0,100.0,0.0,0.0,0.0,0.0,0.0,1.7,0.0,2.5
PBI,2024-02-06,4,0,0,1,0,100.0,100.0,0.0,0.0,9.0,0.0,0.0,0.0,0.0,0.0,0.0
PBI,2024-02-06,5,0,0,0,1,0.0,0.0,0.0,0.0,0.0,0.0,0.0,4.0,1.2,18.0,19.0
PBI,2024-02-06,6,7,0,8,1,87.5,87.5,0.0,3.5,11.0,0.78,3.75,0.0,1.2,1.0,18.0
PBI,2024-02-06,7,6,0,11,3,63.64,63.64,0.0,22.73,13.09,2.25,24.64,6.67,1.2,10.67,33.33
PBI,2024-02-06,8,5,0,11,1,72.73,72.73,0.0,9.09,14.55,3.42,11.18,0.0,1.2,5.0,36.0
PBI,2024-02-06,9,3,6,11,13,54.55,54.55,46.15,14.18,16.91,5.54,19.0,6.85,1.67,8.62,18.38
PBI,2024-02-06,10,7,5,16,9,68.75,50.0,55.56,18.06,17.88,6.63,22.63,6.89,1.86,9.22,24.67
PBI,2024-02-06,11,7,12,12,20,75.0,75.0,65.0,10.08,13.5,2.19,10.83,6.4,3.69,4.0,16.65
PBI,2024-02-06,12,9,7,19,10,73.68,63.16,70.0,14.84,15.16,3.84,17.16,3.0,2.38,1.9,14.3
PBI,2024-02-06,13,6,5,8,10,87.5,87.5,60.0,3.0,13.75,2.49,3.38,3.2,0.65,4.2,17.0
PBI,2024-02-06,14,5,5,10,12,70.0,70.0,58.33,17.5,12.0,1.13,18.5,6.67,2.42,8.5,20.25
PBI,2024-02-06,15,6,6,13,14,61.54,61.54,64.29,12.38,14.08,3.15,14.38,6.21,1.6,5.93,14.07
PBI,2024-02-06,16,6,6,11,9,81.82,81.82,88.89,12.0,13.73,2.78,13.45,2.56,2.39,2.67,4.11
PBI,2024-02-06,17,4,2,6,9,66.67,66.67,44.44,22.17,10.67,0.15,21.83,8.22,2.29,8.89,17.67
PBI,2024-02-06,18,3,10,6,15,66.67,66.67,100.0,14.0,10.33,0.0,13.67,4.4,4.03,1.67,1.33
PBI,2024-02-06,19,8,5,10,8,90.0,90.0,87.5,5.7,11.8,0.93,5.7,2.63,2.78,0.38,5.13
PBI,2024-02-06,20,4,5,5,8,60.0,60.0,50.0,11.8,11.0,0.44,11.4,4.5,1.9,5.5,24.0
PBI,2024-02-06,21,0,1,2,4,50.0,50.0,25.0,10.0,13.0,1.8,11.0,5.5,0.8,7.25,31.5
PBI,2024-02-06,22,0,5,1,6,100.0,100.0,83.33,10.0,7.0,0.0,6.0,1.33,2.03,0.0,9.5
PBI,2024-02-06,23,0,3,0,5,0.0,0.0,60.0,0.0,0.0,0.0,0.0,1.6,0.92,3.6,27.8
PBI,2024-02-07,0,0,3,0,3,0.0,0.0,66.67,0.0,0.0,0.0,0.0,0.0,1.67,0.0,12.0
PBI,2024-02-07,1,0,0,0,1,0.0,0.0,100.0,0.0,0.0,0.0,0.0,0.0,1.2,0.0,0.0
PBI,2024-02-07,3,0,0,0,1,0.0,0.0,100.0,0.0,0.0,0.0,0.0,2.0,1.2,0.0,0.0
PBI,2024-02-07,4,0,0,1,0,100.0,100.0,0.0,0.0,8.0,0.0,0.0,0.0,0.0,0.0,0.0
PBI,2024-02-07,5,0,0,1,0,100.0,100.0,0.0,0.0,11.0,0.0,0.0,0.0,0.0,0.0,0.0
PBI,2024-02-07,6,7,0,9,3,88.89,88.89,66.67,2.22,11.11,0.41,2.56,1.33,1.53,3.33,10.0
PBI,2024-02-07,7,7,0,13,1,61.54,61.54,0.0,9.23,15.0,3.63,11.54,13.0,0.2,15.0,33.0
PBI,2024-02-07,8,5,0,11,2,72.73,72.73,0.0,8.18,13.82,2.8,9.36,6.5,1.2,10.5,205.0
PBI,2024-02-07,9,3,7,12,13,58.33,58.33,76.92,27.92,14.42,3.14,31.08,2.92,1.58,4.0,9.38
PBI,2024-02-07,10,7,5,14,10,71.43,71.43,70.0,11.71,13.14,2.09,12.93,2.4,1.22,4.2,19.8
PBI,2024-02-07,11,8,12,18,16,55.56,50.0,68.75,12.83,21.06,9.57,21.39,5.38,3.84,4.31,11.88
PBI,2024-02-07,12,8,7,15,19,66.67,60.0,57.89,10.73,19.73,8.12,16.33,4.84,3.45,6.37,16.95
PBI,2024-02-07,13,6,5,14,11,64.29,50.0,72.73,10.86,16.79,5.66,15.43,9.45,1.57,6.36,18.27
PBI,2024-02-07,14,5,6,14,16,78.57,71.43,75.0,25.43,14.07,2.76,27.64,4.13,2.77,5.38,15.5
PBI,2024-02-07,15,7,6,16,11,68.75,62.5,72.73,23.31,14.81,3.76,26.69,4.91,1.92,4.0,9.55
PBI,2024-02-07,16,6,6,10,12,60.0,50.0,91.67,21.2,14.0,2.82,24.0,4.08,1.43,3.83,4.83
PBI,2024-02-07,17,4,2,5,13,100.0,80.0,61.54,3.4,13.8,3.62,6.6,7.77,1.91,11.46,13.46
PBI,2024-02-07,18,4,11,8,19,100.0,100.0,68.42,0.0,12.63,1.41,0.75,5.63,2.24,4.74,28.63
PBI,2024-02-07,19,9,5,11,7,90.91,90.91,71.43,28.55,12.27,1.25,28.09,3.43,3.19,4.43,14.14
PBI,2024-02-07,20,4,5,4,7,75.0,75.0,71.43,12.5,11.0,0.5,12.75,3.0,1.06,4.86,11.14
PBI,2024-02-07,21,0,1,2,3,100.0,100.0,33.33,0.0,7.5,0.0,0.0,4.67,0.33,7.0,15.0
PBI,2024-02-07,22,0,6,0,6,0.0,0.0,83.33,0.0,0.0,0.0,0.0,0.17,0.72,0.0,7.5
PBI,2024-02-07,23,0,3,0,3,0.0,0.0,100.0,0.0,0.0,0.0,0.0,2.0,0.4,0.0,0.0
PBI,2024-02-08,0,0,3,0,3,0.0,0.0,66.67,0.0,0.0,0.0,0.0,0.0,10.33,0.0,18.33
PBI,2024-02-08,1,0,0,0,1,0.0,0.0,0.0,0.0,0.0,0.0,0.0,0.0,0.2,35.0,20.0
PBI,2024-02-08,2,0,0,1,1,100.0,100.0,100.0,0.0,11.0,0.0,0.0,12.0,0.2,12.0,0.0
PBI,2024-02-08,3,0,0,0,1,0.0,0.0,100.0,0.0,0.0,0.0,0.0,3.0,1.2,4.0,0.0
PBI,2024-02-08,4,0,0,1,0,100.0,100.0,0.0,0.0,8.0,0.0,0.0,0.0,0.0,0.0,0.0
PBI,2024-02-08,5,1,0,1,1,100.0,100.0,100.0,0.0,9.0,0.0,0.0,0.0,2.2,3.0,8.0
PBI,2024-02-08,6,7,0,8,1,87.5,87.5,100.0,3.63,13.75,2.93,4.25,0.0,3.2,0.0,0.0
PBI,2024-02-08,7,7,0,18,2,61.11,55.56,0.0,13.72,13.06,2.18,15.56,3.5,0.2,8.0,44.0
PBI,2024-02-08,8,4,0,16,0,31.25,31.25,0.0,36.19,13.19,2.68,38.06,0.0,0.0,0.0,0.0
PBI,2024-02-08,9,3,7,11,10,36.36,36.36,50.0,59.73,16.55,5.52,64.91,3.0,1.15,3.3,33.1
PBI,2024-02-08,10,7,6,11,14,54.55,54.55,57.14,26.27,18.91,7.83,31.18,8.57,1.57,11.14,22.93
PBI,2024-02-08,11,9,13,16,23,62.5,50.0,56.52,11.0,22.5,10.92,19.13,9.65,2.74,9.87,26.52
PBI,2024-02-08,12,10,10,18,15,61.11,55.56,66.67,13.56,20.11,8.56,20.39,6.33,1.8,6.2,16.13
PBI,2024-02-08,13,10,5,16,15,68.75,62.5,40.0,16.06,12.69,2.4,17.81,6.2,0.53,8.07,27.67
PBI,2024-02-08,14,5,6,19,14,42.11,36.84,57.14,19.05,16.84,5.37,23.58,11.14,2.61,6.5,21.14
PBI,2024-02-08,15,6,8,14,23,64.29,57.14,52.17,13.57,15.86,4.65,16.93,9.13,0.27,10.13,23.13
PBI,2024-02-08,16,9,6,14,24,78.57,71.43,41.67,15.5,16.43,5.12,19.14,13.17,0.27,12.5,37.38
PBI,2024-02-08,17,5,2,7,9,71.43,71.43,66.67,18.43,13.29,2.59,20.86,15.44,0.22,12.22,33.22
PBI,2024-02-08,18,2,13,7,21,57.14,71.43,85.71,10.43,16.14,5.17,15.43,9.95,0.69,1.14,5.95
PBI,2024-02-08,19,12,8,14,14,64.29,64.29,71.43,21.86,15.21,3.52,23.57,6.14,1.09,4.64,9.43
PBI,2024-02-08,20,6,5,7,11,71.43,71.43,45.45,5.57,15.0,3.77,7.86,4.18,0.63,5.82,36.36
PBI,2024-02-08,21,0,3,2,5,50.0,50.0,60.0,33.0,11.0,0.4,32.5,1.2,0.08,3.0,20.0
PBI,2024-02-08,22,0,6,1,6,100.0,100.0,83.33,0.0,10.0,0.0,0.0,0.83,0.43,8.33,8.0
PBI,2024-02-08,23,0,3,0,5,0.0,0.0,80.0,0.0,0.0,0.0,0.0,1.4,1.18,2.8,3.8
PBI,2024-02-09,0,0,3,0,4,0.0,0.0,75.0,0.0,0.0,0.0,0.0,2.0,1.55,3.5,19.0
PBI,2024-02-09,1,0,0,0,1,0.0,0.0,0.0,0.0,0.0,0.0,0.0,0.0,0.2,0.0,24.0
PBI,2024-02-09,2,0,0,0,0,0.0,0.0,0.0,0.0,0.0,0.0,0.0,0.0,0.0,0.0,0.0
PBI,2024-02-09,3,0,0,0,1,0.0,0.0,100.0,0.0,0.0,0.0,0.0,0.0,0.0,0.0,0.0
PBI,2024-02-09,4,0,0,2,0,100.0,100.0,0.0,0.0,9.5,0.0,0.0,0.0,0.0,0.0,0.0
PBI,2024-02-09,5,1,0,2,0,50.0,50.0,0.0,7.5,10.0,0.4,8.0,0.0,0.0,0.0,0.0
PBI,2024-02-09,6,8,0,13,2,76.92,76.92,50.0,8.69,12.54,1.75,9.54,1.0,0.1,4.0,8.0
PBI,2024-02-09,7,6,0,10,0,80.0,80.0,0.0,5.4,12.6,1.86,6.8,0.0,0.0,0.0,0.0
PBI,2024-02-09,8,5,0,18,2,66.67,61.11,0.0,8.0,15.33,4.15,12.11,8.5,0.2,14.0,30.0
PBI,2024-02-09,9,3,7,9,9,77.78,44.44,77.78,7.33,20.89,9.46,16.0,2.56,0.97,2.22,12.22
PBI,2024-02-09,10,7,5,19,13,52.63,47.37,61.54,15.58,16.0,4.95,18.63,6.54,1.12,7.77,15.69
PBI,2024-02-09,11,7,13,13,21,76.92,76.92,57.14,10.38,13.23,1.85,11.62,6.71,1.18,7.76,26.24
PBI,2024-02-09,12,11,11,19,15,63.16,57.89,66.67,11.68,14.16,2.84,13.95,8.87,0.95,5.2,15.93
PBI,2024-02-09,13,10,4,16,16,62.5,50.0,50.0,20.19,16.75,6.12,25.56,6.5,0.35,10.25,19.25
PBI,2024-02-09,14,5,6,8,18,75.0,75.0,44.44,7.38,17.0,5.41,10.75,4.61,1.21,7.94,20.0
PBI,2024-02-09,15,6,7,8,16,75.0,62.5,62.5,8.63,20.5,8.91,14.38,6.31,1.0,7.25,13.0
PBI,2024-02-09,16,8,7,16,21,81.25,68.75,61.9,8.06,20.56,9.19,14.69,3.38,1.76,7.19,17.19
PBI,2024-02-09,17,6,4,10,12,90.0,90.0,66.67,2.7,17.2,6.24,5.4,8.67,1.58,9.0,23.25
PBI,2024-02-09,18,4,11,8,18,87.5,87.5,50.0,5.38,11.5,0.3,5.63,7.89,3.67,9.72,30.0
PBI,2024-02-09,19,10,5,11,16,100.0,100.0,37.5,1.73,13.55,1.92,2.09,8.31,1.39,10.56,22.75
PBI,2024-02-09,20,4,6,7,6,57.14,57.14,83.33,14.86,11.57,0.86,15.14,2.0,1.12,1.67,13.5
PBI,2024-02-09,21,0,3,0,6,0.0,0.0,83.33,0.0,0.0,0.0,0.0,2.0,0.53,5.17,12.83
PBI,2024-02-09,22,0,6,1,7,100.0,100.0,85.71,0.0,13.0,1.8,0.0,0.14,0.43,1.14,6.71
PBI,2024-02-09,23,0,3,0,3,0.0,0.0,66.67,0.0,0.0,0.0,0.0,1.0,2.17,2.0,9.0
PBI,2024-02-10,0,0,2,1,3,100.0,100.0,100.0,0.0,16.0,4.8,0.0,0.0,0.2,0.0,0.0
PBI,2024-02-10,1,0,0,0,0,0.0,0.0,0.0,0.0,0.0,0.0,0.0,0.0,0.0,0.0,0.0
PBI,2024-02-10,2,0,0,0,0,0.0,0.0,0.0,0.0,0.0,0.0,0.0,0.0,0.0,0.0,0.0
PBI,2024-02-10,4,0,0,0,0,0.0,0.0,0.0,0.0,0.0,0.0,0.0,0.0,0.0,0.0,0.0
PBI,2024-02-10,6,7,0,10,1,70.0,70.0,100.0,11.8,13.9,2.68,12.8,0.0,0.0,0.0,0.0
PBI,2024-02-10,7,7,0,10,3,80.0,80.0,66.67,5.9,11.8,1.15,6.4,3.0,0.13,7.67,18.67
PBI,2024-02-10,8,5,0,11,1,72.73,63.64,100.0,8.18,15.27,4.21,11.27,4.0,0.2,8.0,7.0
PBI,2024-02-10,9,3,7,12,8,41.67,41.67,87.5,38.58,12.25,1.16,39.58,2.0,0.48,2.5,3.13
PBI,2024-02-10,10,7,5,14,6,78.57,57.14,100.0,7.21,17.36,6.39,12.79,3.5,1.77,0.17,0.0
PBI,2024-02-10,11,8,14,15,22,80.0,80.0,81.82,7.33,16.6,5.59,12.07,5.32,1.67,5.36,12.82
PBI,2024-02-10,12,10,7,16,17,81.25,68.75,47.06,6.81,17.31,5.69,10.69,6.12,1.85,8.65,41.88
PBI,2024-02-10,13,9,5,14,10,78.57,71.43,60.0,8.79,16.43,5.33,12.36,3.3,0.54,4.6,24.2
PBI,2024-02-10,14,6,7,11,15,72.73,72.73,60.0,9.09,13.27,1.4,9.91,6.27,1.01,8.0,16.67
PBI,2024-02-10,15,5,6,9,13,44.44,44.44,61.54,45.11,12.22,1.08,46.0,5.08,0.54,4.46,23.38
PBI,2024-02-10,16,7,7,12,12,91.67,91.67,75.0,2.92,14.58,3.21,5.5,1.17,0.43,2.17,7.83
PBI,2024-02-10,17,4,3,5,11,100.0,60.0,54.55,2.8,17.2,6.76,7.0,7.91,0.16,9.18,23.91
PBI,2024-02-10,18,3,10,5,12,80.0,80.0,75.0,8.6,13.8,2.04,9.8,5.0,0.55,3.42,6.08
PBI,2024-02-10,19,6,7,7,8,85.71,71.43,75.0,6.0,32.57,21.2,22.29,2.75,4.51,2.5,9.0
PBI,2024-02-10,20,5,5,5,7,100.0,100.0,85.71,0.0,12.8,1.32,0.0,2.86,1.71,3.29,7.29
PBI,2024-02-10,21,0,2,1,5,100.0,100.0,80.0,0.0,11.0,0.0,0.0,4.6,0.56,4.8,12.2
PBI,2024-02-10,22,0,2,0,3,0.0,0.0,100.0,0.0,0.0,0.0,0.0,3.33,0.57,2.67,0.0
PBI,2024-02-10,23,0,3,0,3,0.0,0.0,66.67,0.0,0.0,0.0,0.0,0.67,2.27,11.33,9.33
PBI,2024-02-11,0,0,3,0,2,0.0,0.0,100.0,0.0,0.0,0.0,0.0,0.0,0.8,0.0,0.0
PBI,2024-02-11,1,0,0,0,1,0.0,0.0,100.0,0.0,0.0,0.0,0.0,7.0,0.2,11.0,12.0
PBI,2024-02-11,2,0,0,0,0,0.0,0.0,0.0,0.0,0.0,0.0,0.0,0.0,0.0,0.0,0.0
PBI,2024-02-11,5,1,0,3,0,66.67,33.33,0.0,8.67,16.67,6.2,15.0,0.0,0.0,0.0,0.0
PBI,2024-02-11,6,8,0,11,1,72.73,72.73,100.0,10.0,12.91,1.43,11.09,0.0,0.2,0.0,9.0
PBI,2024-02-11,7,7,0,11,2,90.91,72.73,0.0,4.82,14.82,3.55,8.27,1.0,0.1,3.0,56.0
PBI,2024-02-11,8,4,0,8,0,62.5,50.0,0.0,30.38,17.13,5.59,34.5,0.0,0.0,0.0,0.0
PBI,2024-02-11,9,3,7,18,10,50.0,50.0,70.0,38.28,15.78,4.54,42.5,6.2,0.83,8.0,17.3
PBI,2024-02-11,10,7,8,16,13,81.25,75.0,69.23,6.19,16.38,5.31,10.88,5.54,0.94,4.46,9.77
PBI,2024-02-11,11,11,13,20,16,75.0,55.0,68.75,12.15,21.05,9.5,20.55,6.38,1.92,4.81,8.06
PBI,2024-02-11,12,9,9,17,17,58.82,35.29,58.82,25.29,20.29,8.72,33.24,4.24,1.52,5.29,15.47
PBI,2024-02-11,13,11,6,25,18,64.0,40.0,44.44,19.96,21.92,10.98,30.24,3.83,0.61,6.78,23.61
PBI,2024-02-11,14,4,5,15,10,53.33,20.0,60.0,28.4,21.8,10.11,38.53,4.3,1.23,4.4,13.3
PBI,2024-02-11,15,6,7,16,16,50.0,43.75,81.25,19.88,15.94,4.72,24.38,5.19,1.04,6.63,7.75
PBI,2024-02-11,16,9,7,18,23,77.78,72.22,60.87,8.83,16.56,5.26,13.17,5.61,0.31,7.48,18.09
PBI,2024-02-11,17,4,2,7,9,71.43,71.43,55.56,18.0,15.14,3.96,22.0,8.0,0.67,5.56,23.0
PBI,2024-02-11,18,3,13,5,17,80.0,80.0,82.35,5.6,14.4,3.02,7.4,4.29,1.47,1.76,9.24
PBI,2024-02-11,19,12,8,13,9,84.62,84.62,77.78,16.54,14.08,2.33,17.77,2.22,5.08,3.22,8.56
PBI,2024-02-11,20,6,3,5,3,80.0,80.0,100.0,8.8,13.8,2.48,11.0,0.33,2.8,0.67,0.67
PBI,2024-02-11,21,0,4,0,5,0.0,0.0,100.0,0.0,0.0,0.0,0.0,2.2,1.46,7.0,2.4
PBI,2024-02-11,22,0,6,1,7,0.0,0.0,85.71,94.0,13.0,1.8,96.0,1.86,0.64,0.0,21.71
PBI,2024-02-11,23,0,3,0,3,0.0,0.0,33.33,0.0,0.0,0.0,0.0,1.33,1.53,9.0,32.33
PBI,2024-02-12,0,0,3,0,3,0.0,0.0,33.33,0.0,0.0,0.0,0.0,2.67,0.47,10.33,32.67
PBI,2024-02-12,1,0,0,0,0,0.0,0.0,0.0,0.0,0.0,0.0,0.0,0.0,0.0,0.0,0.0
PBI,2024-02-12,2,0,0,0,1,0.0,0.0,100.0,0.0,0.0,0.0,0.0,0.0,1.2,0.0,0.0
PBI,2024-02-12,3,0,0,0,1,0.0,0.0,0.0,0.0,0.0,0.0,0.0,8.0,1.2,21.0,15.0
PBI,2024-02-12,4,0,0,0,1,0.0,0.0,0.0,0.0,0.0,0.0,0.0,0.0,1.2,7.0,55.0
PBI,2024-02-12,5,1,0,2,0,100.0,100.0,0.0,0.0,13.5,3.25,3.0,0.0,0.0,0.0,0.0
PBI,2024-02-12,6,7,0,9,0,77.78,77.78,0.0,11.89,12.0,1.44,12.78,0.0,0.0,0.0,0.0
PBI,2024-02-12,7,7,0,12,1,83.33,83.33,100.0,10.83,16.83,5.3,14.75,2.0,1.2,4.0,11.0
PBI,2024-02-12,8,4,0,12,1,75.0,66.67,0.0,7.83,16.25,5.01,12.33,14.0,1.2,34.0,81.0
PBI,2024-02-12,9,3,7,12,12,41.67,41.67,75.0,18.75,17.25,5.89,24.17,6.58,1.19,10.08,20.83
PBI,2024-02-12,10,7,5,21,10,66.67,66.67,50.0,16.52,18.29,7.04,23.0,4.5,0.68,12.2,23.7
PBI,2024-02-12,11,8,14,16,21,31.25,25.0,38.1,29.38,19.94,8.34,37.31,13.48,1.77,20.29,27.43
PBI,2024-02-12,12,10,9,16,15,25.0,6.25,33.33,24.06,18.75,7.13,30.94,7.6,1.97,11.07,27.93
PBI,2024-02-12,13,9,4,16,10,37.5,25.0,40.0,19.75,17.81,6.66,26.56,9.5,1.67,15.3,27.1
PBI,2024-02-12,14,5,5,9,17,33.33,33.33,41.18,36.11,15.44,3.66,39.89,8.06,0.91,10.18,34.71
PBI,2024-02-12,15,5,7,13,16,53.85,53.85,37.5,26.92,14.77,3.61,30.31,10.94,3.2,14.5,28.19
PBI,2024-02-12,16,8,7,12,16,33.33,16.67,56.25,17.67,20.42,8.94,26.75,14.5,1.24,16.81,17.5
PBI,2024-02-12,17,6,4,8,12,50.0,50.0,75.0,20.63,15.13,4.35,25.0,11.58,1.03,7.17,9.08
PBI,2024-02-12,18,4,12,10,16,40.0,40.0,68.75,19.3,13.2,1.82,21.2,6.63,3.89,5.75,16.25
PBI,2024-02-12,19,11,5,15,12,53.33,53.33,25.0,25.33,13.6,2.1,27.27,16.42,2.71,21.92,34.75
PBI,2024-02-12,20,4,5,5,11,20.0,20.0,63.64,38.4,11.0,0.32,38.4,5.91,1.1,9.73,20.45
PBI,2024-02-12,21,0,3,2,4,100.0,100.0,75.0,0.0,12.5,1.3,0.0,8.0,1.1,9.75,11.25
PBI,2024-02-12,22,0,6,1,7,100.0,100.0,57.14,0.0,9.0,0.0,0.0,7.29,1.14,7.0,22.43
PBI,2024-02-12,23,0,3,0,4,0.0,0.0,100.0,0.0,0.0,0.0,0.0,9.0,2.0,13.75,5.75
PBI,2024-02-13,0,0,3,0,4,0.0,0.0,25.0,0.0,0.0,0.0,0.0,5.25,1.55,10.5,29.5
PBI,2024-02-13,1,0,0,0,0,0.0,0.0,0.0,0.0,0.0,0.0,0.0,0.0,0.0,0.0,0.0
PBI,2024-02-13,2,0,0,0,3,0.0,0.0,0.0,0.0,0.0,0.0,0.0,4.0,1.2,10.67,38.33
PBI,2024-02-13,3,0,0,0,0,0.0,0.0,0.0,0.0,0.0,0.0,0.0,0.0,0.0,0.0,0.0
PBI,2024-02-13,4,0,0,1,1,100.0,100.0,0.0,14.0,7.0,0.0,10.0,0.0,1.2,0.0,32.0
PBI,2024-02-13,5,0,0,2,0,0.0,0.0,0.0,30.0,13.0,1.8,32.0,0.0,0.0,0.0,0.0
PBI,2024-02-13,6,7,0,6,2,83.33,83.33,0.0,3.83,14.83,4.67,6.17,2.5,1.7,6.0,38.5
PBI,2024-02-13,7,6,0,9,1,44.44,44.44,0.0,15.56,13.22,1.88,17.11,7.0,1.2,13.0,28.0
PBI,2024-02-13,8,5,0,9,0,55.56,44.44,0.0,17.67,14.78,3.42,21.11,0.0,0.0,0.0,0.0
PBI,2024-02-13,9,3,6,9,7,55.56,55.56,42.86,13.67,15.22,3.94,16.78,4.57,0.91,26.14,35.43
PBI,2024-02-13,10,7,5,11,8,63.64,54.55,25.0,17.73,15.36,4.19,21.55,2.0,1.23,26.13,31.88
PBI,2024-02-13,11,7,12,11,17,27.27,18.18,41.18,66.45,18.0,6.61,73.18,3.88,1.01,13.47,38.29
PBI,2024-02-13,12,9,7,17,10,47.06,41.18,50.0,32.76,16.65,5.25,37.47,2.9,1.78,11.4,37.4
PBI,2024-02-13,13,6,5,12,12,41.67,50.0,58.33,38.25,14.67,3.54,41.5,5.67,0.54,7.0,13.75
PBI,2024-02-13,14,5,5,11,9,81.82,81.82,44.44,6.18,12.91,1.28,7.09,2.22,1.42,10.89,32.33
PBI,2024-02-13,15,6,6,10,22,50.0,50.0,45.45,15.1,13.4,2.58,17.4,5.73,1.0,8.36,32.55
PBI,2024-02-13,16,6,6,15,9,73.33,53.33,55.56,27.4,17.33,6.16,32.4,4.11,1.22,7.0,20.56
PBI,2024-02-13,17,4,2,8,7,25.0,25.0,71.43,45.63,13.88,3.06,48.5,4.57,0.94,5.29,9.0
PBI,2024-02-13,18,3,10,5,13,80.0,80.0,46.15,17.4,12.0,1.02,18.0,4.85,1.74,4.23,31.77
PBI,2024-02-13,19,8,5,11,10,72.73,63.64,50.0,24.18,14.55,3.48,26.91,2.6,2.99,7.9,32.5
PBI,2024-02-13,20,4,4,6,9,50.0,50.0,66.67,45.33,15.67,4.4,49.17,4.78,1.94,7.56,15.33
PBI,2024-02-13,21,0,2,1,3,100.0,100.0,100.0,0.0,14.0,2.8,0.0,3.33,0.67,0.0,0.0
PBI,2024-02-13,22,0,5,2,6,50.0,50.0,66.67,47.5,11.5,1.4,49.0,6.17,3.53,7.83,20.5
PBI,2024-02-13,23,0,3,0,4,0.0,0.0,100.0,0.0,0.0,0.0,0.0,4.0,1.85,3.0,0.0
PBI,2024-02-14,0,0,3,0,3,0.0,0.0,100.0,0.0,0.0,0.0,0.0,0.33,4.33,0.0,0.67
PBI,2024-02-14,1,0,0,0,1,0.0,0.0,100.0,0.0,0.0,0.0,0.0,0.0,1.2,0.0,11.0
PBI,2024-02-14,3,0,0,0,1,0.0,0.0,100.0,0.0,0.0,0.0,0.0,0.0,1.2,3.0,0.0
PBI,2024-02-14,4,0,0,2,0,100.0,100.0,0.0,0.0,15.5,5.4,5.5,0.0,0.0,0.0,0.0
PBI,2024-02-14,5,0,0,2,0,0.0,0.0,0.0,27.5,13.5,2.4,30.0,0.0,0.0,0.0,0.0
PBI,2024-02-14,6,6,0,8,2,87.5,87.5,50.0,10.13,13.38,2.88,12.25,0.0,2.2,1.0,17.5
PBI,2024-02-14,7,7,0,13,0,76.92,76.92,0.0,5.38,13.31,2.07,6.62,0.0,0.0,0.0,0.0
PBI,2024-02-14,8,5,0,18,5,61.11,55.56,40.0,16.11,15.06,3.86,19.78,5.0,0.8,7.8,22.6
PBI,2024-02-14,9,3,7,14,11,42.86,35.71,81.82,23.93,15.79,4.44,28.14,1.73,1.01,3.27,8.45
PBI,2024-02-14,10,7,5,14,13,78.57,64.29,53.85,7.57,16.86,5.61,12.21,29.69,1.18,32.92,54.69
PBI,2024-02-14,11,8,11,18,20,55.56,50.0,60.0,23.0,18.11,6.78,28.72,6.75,1.43,9.15,21.85
PBI,2024-02-14,12,9,9,14,17,57.14,50.0,52.94,16.07,20.79,9.11,23.86,5.0,1.36,7.94,38.12
PBI,2024-02-14,13,7,5,15,12,40.0,33.33,50.0,23.47,16.73,5.45,28.13,6.92,3.43,9.5,29.58
PBI,2024-02-14,14,5,6,14,17,57.14,57.14,64.71,21.36,17.21,5.64,25.79,6.24,1.68,5.71,22.0
PBI,2024-02-14,15,7,6,15,11,86.67,73.33,63.64,9.47,15.33,4.33,13.2,6.91,1.25,7.45,30.82
PBI,2024-02-14,16,6,5,9,15,55.56,55.56,66.67,19.33,14.89,3.53,20.78,4.73,1.13,7.07,16.6
PBI,2024-02-14,17,4,4,8,17,62.5,50.0,52.94,20.63,15.75,4.54,24.0,5.65,0.59,6.82,24.47
PBI,2024-02-14,18,5,9,9,19,88.89,77.78,73.68,11.0,16.44,5.4,15.89,4.84,0.86,4.74,14.16
PBI,2024-02-14,19,7,5,9,13,77.78,77.78,38.46,7.56,13.78,2.59,7.56,5.69,1.41,7.38,32.15
PBI,2024-02-14,20,4,4,7,8,57.14,57.14,62.5,45.0,12.43,1.71,46.71,5.5,1.15,8.75,23.88
PBI,2024-02-14,21,0,2,1,7,100.0,100.0,42.86,0.0,10.0,0.0,0.0,2.71,0.97,6.43,24.14
PBI,2024-02-14,22,0,5,2,7,100.0,50.0,85.71,0.0,18.5,7.4,7.5,0.57,0.5,1.86,11.71
PBI,2024-02-14,23,0,4,0,6,0.0,0.0,66.67,0.0,0.0,0.0,0.0,0.83,0.65,1.33,11.17
PBI,2024-02-15,0,0,5,0,4,0.0,0.0,50.0,0.0,0.0,0.0,0.0,1.25,0.8,1.5,18.25
PBI,2024-02-15,1,0,0,0,0,0.0,0.0,0.0,0.0,0.0,0.0,0.0,0.0,0.0,0.0,0.0
PBI,2024-02-15,3,0,0,0,1,0.0,0.0,100.0,0.0,0.0,0.0,0.0,0.0,0.0,0.0,0.0
PBI,2024-02-15,4,0,0,2,0,50.0,50.0,0.0,11.0,13.0,1.8,12.0,0.0,0.0,0.0,0.0
PBI,2024-02-15,5,1,0,1,1,100.0,100.0,100.0,0.0,9.0,0.0,0.0,5.0,0.0,7.0,12.0
PBI,2024-02-15,6,6,0,11,1,81.82,81.82,0.0,4.55,12.18,0.99,5.09,0.0,1.2,0.0,23.0
PBI,2024-02-15,7,8,0,13,1,84.62,76.92,0.0,4.08,14.54,3.42,6.92,6.0,0.2,9.0,49.0
PBI,2024-02-15,8,5,0,15,1,80.0,80.0,0.0,6.0,15.07,3.77,9.27,20.0,0.0,20.0,58.0
PBI,2024-02-15,9,3,10,15,14,66.67,53.33,78.57,8.93,17.13,5.75,14.47,3.14,0.71,2.86,12.0
PBI,2024-02-15,10,8,7,16,13,68.75,62.5,61.54,10.0,15.44,4.33,13.5,4.85,2.06,4.85,15.77
PBI,2024-02-15,11,8,9,20,18,55.0,45.0,61.11,26.7,21.5,10.02,36.3,7.17,0.81,8.5,24.89
PBI,2024-02-15,12,9,9,25,18,72.0,32.0,66.67,13.56,25.68,14.26,26.8,7.72,1.98,9.33,19.72
PBI,2024-02-15,13,9,6,18,18,55.56,33.33,55.56,17.61,19.72,8.56,24.83,8.06,0.26,8.39,16.78
PBI,2024-02-15,14,6,5,21,18,57.14,42.86,44.44,16.29,18.48,7.06,22.86,9.61,0.22,11.0,28.94
PBI,2024-02-15,15,4,8,12,21,66.67,50.0,33.33,23.33,18.83,7.35,29.42,8.9,0.77,11.52,27.67
PBI,2024-02-15,16,10,5,22,14,50.0,36.36,78.57,19.91,22.91,11.6,29.77,6.21,1.86,6.71,13.43
PBI,2024-02-15,17,6,8,14,24,71.43,28.57,45.83,10.93,26.57,15.5,25.43,5.54,0.48,7.71,34.88
PBI,2024-02-15,18,5,9,8,22,50.0,37.5,45.45,13.13,19.38,7.75,19.0,6.41,0.55,5.77,24.09
PBI,2024-02-15,19,12,8,13,13,53.85,53.85,15.38,22.31,14.38,2.42,24.08,7.54,0.48,9.23,36.77
PBI,2024-02-15,20,5,6,6,11,50.0,50.0,63.64,13.17,16.67,5.15,17.0,6.18,1.27,5.18,21.73
PBI,2024-02-15,21,2,5,5,12,80.0,80.0,66.67,14.8,15.2,3.92,16.8,1.67,0.5,1.83,14.75
PBI,2024-02-15,22,0,4,1,11,100.0,100.0,54.55,0.0,10.0,0.0,0.0,2.64,1.02,4.45,37.82
PBI,2024-02-15,23,0,5,1,5,100.0,100.0,100.0,0.0,14.0,2.8,3.0,0.0,1.56,0.0,2.8
PBI,2024-02-16,0,0,5,0,7,0.0,0.0,57.14,0.0,0.0,0.0,0.0,0.0,0.81,0.29,16.71
PBI,2024-02-16,1,0,0,0,1,0.0,0.0,0.0,0.0,0.0,0.0,0.0,4.0,0.2,6.0,44.0
PBI,2024-02-16,2,0,0,0,0,0.0,0.0,0.0,0.0,0.0,0.0,0.0,0.0,0.0,0.0,0.0
PBI,2024-02-16,3,0,0,0,1,0.0,0.0,100.0,0.0,0.0,0.0,0.0,0.0,0.0,0.0,0.0
PBI,2024-02-16,4,0,0,1,0,100.0,100.0,0.0,0.0,10.0,0.0,0.0,0.0,0.0,0.0,0.0
PBI,2024-02-16,5,1,0,2,0,100.0,100.0,0.0,0.0,11.5,1.25,1.5,0.0,0.0,0.0,0.0
PBI,2024-02-16,6,7,0,10,2,70.0,70.0,100.0,9.7,13.4,2.2,10.7,0.0,0.1,0.0,2.5
PBI,2024-02-16,7,8,0,13,1,69.23,61.54,0.0,13.38,16.0,4.76,17.15,4.0,0.2,9.0,72.0
PBI,2024-02-16,8,6,0,16,3,68.75,62.5,66.67,11.88,17.31,5.86,16.88,3.33,0.2,5.0,10.67
PBI,2024-02-16,9,4,11,16,13,62.5,50.0,76.92,12.13,17.81,6.64,18.56,3.0,0.68,4.46,14.08
PBI,2024-02-16,10,8,7,17,19,64.71,58.82,52.63,23.59,16.29,5.08,27.76,8.16,0.99,13.74,33.42
PBI,2024-02-16,11,9,10,17,17,64.71,64.71,58.82,21.76,17.65,6.09,26.94,8.06,0.85,8.24,19.94
PBI,2024-02-16,12,9,10,24,21,66.67,54.17,23.81,11.38,18.54,7.18,17.58,10.19,1.78,14.14,89.67
PBI,2024-02-16,13,10,5,25,13,52.0,36.0,30.77,39.36,22.44,11.5,50.16,8.62,0.29,14.23,51.77
PBI,2024-02-16,14,5,5,12,15,50.0,16.67,26.67,34.67,26.25,14.59,48.33,9.13,0.56,13.27,59.07
PBI,2024-02-16,15,3,7,8,15,75.0,50.0,20.0,42.5,17.75,6.13,48.63,8.2,0.66,14.6,44.8
PBI,2024-02-16,16,10,5,14,15,42.86,28.57,26.67,24.71,19.93,8.56,32.36,5.33,1.33,13.8,47.73
PBI,2024-02-16,17,6,10,9,19,22.22,22.22,21.05,36.33,15.56,4.71,41.11,4.16,2.51,8.58,68.63
PBI,2024-02-16,18,7,8,12,14,25.0,25.0,21.43,59.92,14.25,3.02,62.83,7.57,1.17,12.0,58.0
PBI,2024-02-16,19,11,6,11,14,27.27,27.27,14.29,40.55,16.18,4.14,44.36,3.5,2.63,8.14,51.07
PBI,2024-02-16,20,3,6,6,10,16.67,0.0,60.0,42.83,13.17,2.02,44.67,3.2,2.82,7.4,46.5
PBI,2024-02-16,21,3,6,3,12,66.67,66.67,58.33,16.0,14.0,2.6,19.0,1.75,0.67,6.83,15.58
PBI,2024-02-16,22,0,4,2,5,100.0,100.0,60.0,0.0,16.0,4.8,0.5,5.2,0.52,4.2,9.0
PBI,2024-02-16,23,0,5,0,8,0.0,0.0,75.0,0.0,0.0,0.0,0.0,2.25,1.1,3.63,13.13
PBI,2024-02-17,0,0,5,0,6,0.0,0.0,83.33,0.0,0.0,0.0,0.0,0.67,2.18,0.5,8.5
PBI,2024-02-17,1,0,0,0,1,0.0,0.0,100.0,0.0,0.0,0.0,0.0,4.0,1.2,8.0,0.0
PBI,2024-02-17,2,0,0,0,0,0.0,0.0,0.0,0.0,0.0,0.0,0.0,0.0,0.0,0.0,0.0
PBI,2024-02-17,4,0,0,1,0,0.0,0.0,0.0,19.0,12.0,0.8,20.0,0.0,0.0,0.0,0.0
PBI,2024-02-17,5,0,0,1,0,100.0,100.0,0.0,0.0,11.0,0.0,0.0,0.0,0.0,0.0,0.0
PBI,2024-02-17,6,8,0,15,2,73.33,73.33,0.0,10.27,13.93,2.66,12.33,2.0,1.2,9.0,63.5
PBI,2024-02-17,7,8,0,13,3,61.54,61.54,66.67,10.85,15.15,3.99,12.38,3.0,1.53,7.33,14.0
PBI,2024-02-17,8,7,0,24,6,41.67,45.83,16.67,22.88,12.75,2.0,24.38,5.5,1.2,13.17,26.0
PBI,2024-02-17,9,2,11,12,15,41.67,33.33,33.33,27.67,13.17,2.03,29.58,2.47,1.46,30.27,47.8
PBI,2024-02-17,10,9,6,15,14,26.67,26.67,14.29,45.47,13.73,2.99,48.2,8.21,1.65,21.57,48.93
PBI,2024-02-17,11,9,11,22,21,31.82,27.27,14.29,35.59,17.32,6.28,41.68,11.38,2.16,27.81,66.57
PBI,2024-02-17,12,10,8,17,20,5.88,5.88,30.0,50.47,16.53,4.96,55.53,6.9,2.89,17.1,33.85
PBI,2024-02-17,13,7,8,13,17,30.77,23.08,23.53,31.23,16.15,5.12,36.46,5.35,3.59,14.65,40.29
PBI,2024-02-17,14,9,5,18,11,38.89,33.33,9.09,27.28,17.33,6.06,33.0,8.45,1.96,13.18,37.09
PBI,2024-02-17,15,3,9,10,18,60.0,50.0,66.67,15.5,12.9,2.55,17.8,4.28,2.62,8.89,19.0
PBI,2024-02-17,16,9,3,13,10,69.23,61.54,50.0,13.08,13.46,2.45,14.77,6.6,4.14,15.6,24.7
PBI,2024-02-17,17,5,10,10,17,50.0,50.0,29.41,25.8,11.9,1.2,26.9,6.53,1.65,12.65,47.29
PBI,2024-02-17,18,6,7,7,15,57.14,57.14,26.67,44.14,11.43,0.57,44.43,8.4,2.47,15.27,52.27
PBI,2024-02-17,19,10,7,14,14,35.71,35.71,42.86,48.64,14.14,2.25,50.43,6.57,3.51,12.57,45.5
PBI,2024-02-17,20,2,7,7,17,71.43,71.43,52.94,12.14,12.86,2.03,13.86,4.0,2.56,7.53,71.59
PBI,2024-02-17,21,3,3,3,3,33.33,33.33,33.33,197.67,10.0,0.0,196.67,6.67,1.5,3.0,17.67
PBI,2024-02-17,22,0,2,0,3,0.0,0.0,66.67,0.0,0.0,0.0,0.0,4.67,2.67,9.67,19.0
PBI,2024-02-17,23,0,5,0,5,0.0,0.0,60.0,0.0,0.0,0.0,0.0,2.8,0.96,2.4,12.0
PBI,2024-02-18,0,0,5,0,5,0.0,0.0,40.0,0.0,0.0,0.0,0.0,2.2,2.1,2.6,43.2
PBI,2024-02-18,3,0,0,0,0,0.0,0.0,0.0,0.0,0.0,0.0,0.0,0.0,0.0,0.0,0.0
PBI,2024-02-18,5,1,0,4,0,25.0,25.0,0.0,26.25,12.5,1.77,27.75,0.0,0.0,0.0,0.0
PBI,2024-02-18,6,9,0,10,0,100.0,100.0,0.0,0.0,12.0,0.73,0.2,0.0,0.0,0.0,0.0
PBI,2024-02-18,7,7,0,10,0,90.0,80.0,0.0,2.1,14.8,3.56,4.3,0.0,0.0,0.0,0.0
PBI,2024-02-18,8,5,0,12,6,91.67,91.67,16.67,2.0,13.75,2.95,4.0,6.5,0.87,13.17,27.67
PBI,2024-02-18,9,3,10,14,12,35.71,35.71,58.33,18.29,14.71,3.31,21.43,4.42,0.97,10.33,16.83
PBI,2024-02-18,10,8,7,20,9,40.0,25.0,77.78,19.85,17.25,6.03,25.55,4.22,1.14,10.89,13.33
PBI,2024-02-18,11,9,13,18,16,50.0,33.33,62.5,17.44,18.89,7.46,25.06,8.19,1.26,10.31,18.63
PBI,2024-02-18,12,12,8,18,15,50.0,33.33,40.0,22.28,19.22,7.75,29.72,7.87,3.71,15.4,28.33
PBI,2024-02-18,13,9,5,20,13,45.0,45.0,53.85,22.5,16.85,5.73,28.35,5.23,0.76,9.92,20.31
PBI,2024-02-18,14,4,5,14,11,50.0,28.57,63.64,23.14,19.36,7.66,30.93,11.73,2.65,11.0,18.82
PBI,2024-02-18,15,4,7,10,19,60.0,60.0,57.89,14.9,16.1,4.8,19.4,9.79,1.99,12.74,22.74
PBI,2024-02-18,16,9,6,15,21,33.33,33.33,28.57,41.87,18.07,6.67,48.2,15.86,2.77,19.19,47.43
PBI,2024-02-18,17,6,9,11,16,27.27,18.18,37.5,54.27,15.18,3.99,58.45,27.75,2.17,23.63,29.25
PBI,2024-02-18,18,7,9,12,19,33.33,25.0,31.58,38.0,21.83,10.48,48.67,18.05,4.74,20.74,35.95
PBI,2024-02-18,19,11,6,17,10,35.29,29.41,60.0,36.0,17.59,6.01,41.76,6.6,3.0,6.3,23.9
PBI,2024-02-18,20,3,7,8,13,75.0,37.5,15.38,7.0,20.88,9.44,15.75,6.62,4.65,12.69,31.62
PBI,2024-02-18,21,3,2,4,4,50.0,50.0,75.0,37.75,13.75,2.4,40.5,7.0,0.83,6.75,11.0
PBI,2024-02-18,22,0,5,0,8,0.0,0.0,37.5,0.0,0.0,0.0,0.0,3.5,0.68,4.13,29.88
PBI,2024-02-18,23,0,5,0,7,0.0,0.0,57.14,0.0,0.0,0.0,0.0,4.86,0.99,3.0,16.86
PBI,2024-02-19,0,0,5,0,5,0.0,0.0,60.0,0.0,0.0,0.0,0.0,2.0,2.1,2.0,13.8
PBI,2024-02-19,1,0,0,0,1,0.0,0.0,0.0,0.0,0.0,0.0,0.0,13.0,1.2,15.0,145.0
PBI,2024-02-19,2,0,0,0,0,0.0,0.0,0.0,0.0,0.0,0.0,0.0,0.0,0.0,0.0,0.0
PBI,2024-02-19,3,0,0,0,1,0.0,0.0,100.0,0.0,0.0,0.0,0.0,0.0,1.2,0.0,0.0
PBI,2024-02-19,4,0,0,1,0,0.0,0.0,0.0,40.0,13.0,1.8,42.0,0.0,0.0,0.0,0.0
PBI,2024-02-19,5,1,0,1,0,100.0,100.0,0.0,0.0,8.0,0.0,0.0,0.0,0.0,0.0,0.0
PBI,2024-02-19,6,8,0,11,1,90.91,90.91,0.0,5.09,13.36,2.55,5.91,9.0,1.2,13.0,34.0
PBI,2024-02-19,7,7,0,13,1,53.85,53.85,0.0,25.85,14.92,4.01,29.62,3.0,1.2,9.0,33.0
PBI,2024-02-19,8,5,0,13,2,61.54,46.15,50.0,13.23,19.31,8.2,20.85,6.0,1.2,11.0,14.0
PBI,2024-02-19,9,4,11,13,15,84.62,76.92,60.0,6.54,18.23,6.92,13.54,6.0,2.29,9.53,12.53
PBI,2024-02-19,10,8,7,18,16,33.33,22.22,81.25,30.94,28.0,16.75,45.89,5.75,1.83,11.38,10.31
PBI,2024-02-19,11,9,11,28,17,42.86,25.0,64.71,31.86,33.46,22.04,53.43,4.53,1.42,5.0,12.06
PBI,2024-02-19,12,10,8,23,17,43.48,13.04,35.29,51.43,33.17,21.73,72.74,10.12,1.74,12.59,30.65
PBI,2024-02-19,13,8,5,16,13,37.5,0.0,38.46,58.69,31.38,20.23,78.31,11.31,1.82,12.0,23.31
PBI,2024-02-19,14,5,5,17,12,23.53,17.65,41.67,47.82,24.12,12.59,59.94,10.5,1.02,17.83,29.17
PBI,2024-02-19,15,3,6,20,14,25.0,10.0,28.57,52.25,23.35,11.98,64.4,18.14,1.27,24.5,41.93
PBI,2024-02-19,16,10,7,24,21,25.0,12.5,38.1,56.67,20.75,9.46,66.04,10.52,1.46,14.67,43.52
PBI,2024-02-19,17,8,10,13,19,38.46,23.08,52.63,25.69,18.0,6.72,32.46,11.74,3.01,10.26,27.89
PBI,2024-02-19,18,6,8,9,12,33.33,22.22,66.67,26.0,15.33,4.2,29.89,5.83,4.18,6.5,12.08
PBI,2024-02-19,19,11,6,15,14,60.0,60.0,57.14,12.53,13.4,1.97,13.67,8.43,2.15,5.71,17.5
PBI,2024-02-19,20,3,7,5,8,80.0,80.0,37.5,9.0,14.2,3.18,12.2,1.0,2.1,1.38,43.13
PBI,2024-02-19,21,3,4,4,6,50.0,50.0,83.33,57.0,11.0,0.3,57.5,2.67,2.05,2.17,5.83
PBI,2024-02-19,22,0,5,1,8,100.0,100.0,62.5,0.0,8.0,0.0,0.0,5.0,1.76,4.5,25.5
PBI,2024-02-19,23,0,5,0,6,0.0,0.0,83.33,0.0,0.0,0.0,0.0,1.33,0.73,0.0,3.33
PBI,2024-02-20,0,0,5,0,7,0.0,0.0,57.14,0.0,0.0,0.0,0.0,0.29,4.13,2.71,16.14
PBI,2024-02-20,1,0,0,0,0,0.0,0.0,0.0,0.0,0.0,0.0,0.0,0.0,0.0,0.0,0.0
PBI,2024-02-20,3,0,0,0,1,0.0,0.0,100.0,0.0,0.0,0.0,0.0,0.0,1.2,9.0,0.0
PBI,2024-02-20,4,0,0,2,0,50.0,50.0,0.0,14.5,9.0,0.0,14.5,0.0,0.0,0.0,0.0
PBI,2024-02-20,5,0,0,2,0,0.0,0.0,0.0,51.5,11.0,0.0,51.5,0.0,0.0,0.0,0.0
PBI,2024-02-20,6,8,0,14,2,50.0,42.86,50.0,70.21,15.36,4.61,74.07,1.0,2.2,4.0,9.5
PBI,2024-02-20,7,7,0,11,4,63.64,63.64,75.0,8.27,14.73,3.32,10.27,4.75,1.2,6.5,8.25
PBI,2024-02-20,8,7,0,23,2,52.17,47.83,0.0,21.65,14.91,3.74,24.91,3.0,0.7,5.0,42.0
PBI,2024-02-20,9,3,10,13,11,69.23,53.85,90.91,16.92,16.15,5.02,21.54,2.91,1.27,1.55,2.09
PBI,2024-02-20,10,8,6,12,15,66.67,66.67,53.33,10.5,19.17,7.93,16.75,6.8,1.89,8.33,14.33
PBI,2024-02-20,11,8,11,17,17,70.59,64.71,76.47,11.94,21.06,9.54,19.94,8.18,0.95,5.18,7.41
PBI,2024-02-20,12,11,7,19,19,52.63,36.84,42.11,28.21,24.63,13.14,40.21,8.89,3.77,10.95,23.11
PBI,2024-02-20,13,6,6,18,17,27.78,22.22,52.94,47.39,21.56,10.28,56.33,8.24,2.41,8.71,25.88
PBI,2024-02-20,14,5,5,12,12,66.67,58.33,58.33,14.33,20.25,8.61,21.92,6.25,1.73,6.58,25.33
PBI,2024-02-20,15,4,7,10,15,40.0,40.0,60.0,30.2,19.7,8.47,38.1,8.0,1.3,8.8,21.27
PBI,2024-02-20,16,8,3,15,15,73.33,40.0,60.0,15.13,23.0,11.58,25.73,4.6,3.24,8.2,19.13
PBI,2024-02-20,17,4,8,9,20,66.67,55.56,70.0,10.11,16.33,5.37,14.78,6.55,2.59,6.35,21.2
PBI,2024-02-20,18,6,8,10,14,70.0,70.0,71.43,11.4,13.1,1.9,13.1,4.79,1.61,5.43,18.07
PBI,2024-02-20,19,11,5,14,9,85.71,78.57,77.78,11.79,13.14,1.91,13.0,3.67,2.41,4.22,16.89
PBI,2024-02-20,20,1,7,3,9,66.67,33.33,88.89,20.33,18.0,6.8,26.0,1.33,3.33,0.78,12.11
PBI,2024-02-20,21,4,4,6,5,100.0,100.0,100.0,0.0,16.5,5.35,1.17,2.6,0.94,0.0,0.0
PBI,2024-02-20,22,0,3,1,5,100.0,100.0,100.0,0.0,8.0,0.0,0.0,0.0,1.24,0.0,0.0
PBI,2024-02-20,23,0,6,1,6,100.0,100.0,100.0,0.0,25.0,13.8,14.0,1.0,0.52,0.0,1.17
PBI,2024-02-21,0,0,4,0,5,0.0,0.0,80.0,0.0,0.0,0.0,0.0,4.6,1.9,0.8,14.2
PBI,2024-02-21,1,0,0,0,0,0.0,0.0,0.0,0.0,0.0,0.0,0.0,0.0,0.0,0.0,0.0
PBI,2024-02-21,3,0,0,0,1,0.0,0.0,100.0,0.0,0.0,0.0,0.0,0.0,0.0,0.0,0.0
PBI,2024-02-21,4,0,0,1,0,100.0,100.0,0.0,0.0,8.0,0.0,0.0,0.0,0.0,0.0,0.0
PBI,2024-02-21,5,0,0,2,2,0.0,0.0,50.0,44.0,17.0,5.8,50.0,1.0,0.7,3.0,22.0
PBI,2024-02-21,6,7,0,11,2,72.73,72.73,50.0,8.82,13.73,3.06,11.18,5.5,1.2,6.5,22.5
PBI,2024-02-21,7,8,0,14,4,78.57,78.57,75.0,8.07,17.0,5.61,11.71,3.75,1.45,7.5,30.0
PBI,2024-02-21,8,7,0,16,3,62.5,62.5,0.0,49.31,15.38,4.25,52.44,11.33,1.53,15.67,25.0
PBI,2024-02-21,9,3,10,11,13,63.64,63.64,92.31,14.18,15.09,3.95,17.55,1.0,2.21,0.46,1.77
PBI,2024-02-21,10,8,6,13,11,69.23,69.23,63.64,13.23,13.62,2.73,15.23,2.36,1.5,6.64,14.0
PBI,2024-02-21,11,8,10,13,16,69.23,69.23,68.75,14.92,17.92,6.27,19.85,4.81,1.02,3.31,49.13
PBI,2024-02-21,12,10,8,17,21,64.71,52.94,80.95,55.88,16.82,5.44,59.76,8.52,2.32,10.38,10.62
PBI,2024-02-21,13,7,6,9,16,88.89,88.89,75.0,8.89,11.67,0.88,9.11,5.25,2.14,6.31,11.81
PBI,2024-02-21,14,6,6,13,14,69.23,61.54,50.0,12.38,11.85,1.26,13.38,6.43,2.8,8.21,21.5
PBI,2024-02-21,15,4,5,13,14,69.23,69.23,57.14,12.77,13.85,2.73,14.77,6.07,1.51,5.29,25.43
PBI,2024-02-21,16,7,4,13,16,92.31,84.62,75.0,4.85,15.15,3.96,8.15,4.69,2.49,6.75,9.0
PBI,2024-02-21,17,4,8,11,17,72.73,72.73,58.82,13.73,13.73,2.99,16.64,3.12,1.36,5.29,24.59
PBI,2024-02-21,18,6,8,9,16,77.78,77.78,81.25,9.22,13.33,2.07,11.0,39.38,1.19,37.63,46.38
PBI,2024-02-21,19,12,6,16,13,81.25,81.25,53.85,10.13,13.75,2.66,11.88,7.54,2.71,8.54,11.38
PBI,2024-02-21,20,2,7,3,8,66.67,66.67,87.5,28.67,12.67,1.83,29.33,2.5,3.68,2.75,5.63
PBI,2024-02-21,21,3,4,4,8,100.0,75.0,75.0,3.25,15.25,3.95,7.25,2.38,0.34,2.63,32.5
PBI,2024-02-21,22,0,3,1,6,100.0,100.0,83.33,0.0,8.0,0.0,0.0,1.67,1.17,1.0,6.0
PBI,2024-02-21,23,0,7,1,7,0.0,0.0,85.71,25.0,14.0,2.8,28.0,2.43,1.51,0.0,8.71
PBI,2024-02-22,0,0,5,0,5,0.0,0.0,80.0,0.0,0.0,0.0,0.0,0.0,1.7,0.2,13.6
PBI,2024-02-22,1,0,0,0,0,0.0,0.0,0.0,0.0,0.0,0.0,0.0,0.0,0.0,0.0,0.0
PBI,2024-02-22,3,0,0,0,1,0.0,0.0,100.0,0.0,0.0,0.0,0.0,0.0,0.2,0.0,0.0
PBI,2024-02-22,4,0,0,1,0,100.0,100.0,0.0,0.0,10.0,0.0,0.0,0.0,0.0,0.0,0.0
PBI,2024-02-22,5,1,0,2,2,50.0,50.0,50.0,17.0,11.5,1.25,18.0,5.0,0.7,9.5,12.5
PBI,2024-02-22,6,8,0,11,2,72.73,72.73,0.0,10.73,12.0,1.13,11.45,3.0,1.7,5.0,32.5
PBI,2024-02-22,7,7,0,13,0,61.54,46.15,0.0,12.08,16.85,5.75,17.08,0.0,0.0,0.0,0.0
PBI,2024-02-22,8,6,0,12,3,75.0,66.67,33.33,56.92,17.5,6.03,61.67,8.67,1.2,12.0,26.67
PBI,2024-02-22,9,3,10,13,13,38.46,38.46,76.92,16.85,11.38,0.37,17.23,3.23,1.72,3.38,10.69
PBI,2024-02-22,10,8,6,22,13,63.64,59.09,53.85,13.27,14.32,3.33,16.27,6.85,3.3,9.62,15.38
PBI,2024-02-22,11,8,10,17,14,64.71,58.82,78.57,12.35,17.53,6.05,17.53,5.14,1.59,4.14,7.14
PBI,2024-02-22,12,9,9,19,19,42.11,42.11,57.89,22.68,16.74,5.31,27.11,7.89,1.04,6.95,18.21
PBI,2024-02-22,13,9,6,18,22,55.56,55.56,54.55,16.5,17.33,6.49,22.44,5.77,1.52,6.32,22.77
PBI,2024-02-22,14,6,5,15,14,60.0,33.33,57.14,16.2,24.33,12.78,28.53,6.93,0.76,7.0,20.71
PBI,2024-02-22,15,4,8,11,13,63.64,45.45,84.62,29.73,22.0,10.49,40.27,4.92,1.16,4.0,15.0
PBI,2024-02-22,16,10,5,19,16,68.42,52.63,50.0,18.05,18.47,7.16,23.32,6.88,2.11,7.25,30.63
PBI,2024-02-22,17,6,8,13,18,69.23,46.15,50.0,12.77,15.0,4.04,16.85,9.11,0.49,7.89,18.22
PBI,2024-02-22,18,5,9,8,19,75.0,62.5,57.89,11.25,19.38,7.85,17.38,9.89,0.55,8.37,18.37
PBI,2024-02-22,19,12,7,14,18,85.71,78.57,66.67,5.43,15.64,3.79,7.36,10.61,1.99,6.39,11.78
PBI,2024-02-22,20,3,7,5,12,80.0,80.0,75.0,14.6,13.8,2.68,15.6,4.83,4.1,4.58,13.0
PBI,2024-02-22,21,4,5,7,7,85.71,85.71,71.43,3.14,11.86,1.04,3.14,2.29,1.13,3.29,13.43
PBI,2024-02-22,22,0,4,0,6,0.0,0.0,83.33,0.0,0.0,0.0,0.0,2.67,0.98,2.67,6.17
PBI,2024-02-22,23,0,5,0,6,0.0,0.0,83.33,0.0,0.0,0.0,0.0,1.0,0.3,0.0,11.17
PBI,2024-02-23,0,0,5,1,7,100.0,100.0,85.71,0.0,11.0,0.0,0.0,1.0,2.23,2.0,9.71
PBI,2024-02-23,1,0,0,1,0,0.0,0.0,0.0,63.0,14.0,2.8,66.0,0.0,0.0,0.0,0.0
PBI,2024-02-23,2,0,0,0,1,0.0,0.0,100.0,0.0,0.0,0.0,0.0,0.0,1.2,0.0,0.0
PBI,2024-02-23,3,0,0,0,0,0.0,0.0,0.0,0.0,0.0,0.0,0.0,0.0,0.0,0.0,0.0
PBI,2024-02-23,4,0,0,1,1,100.0,100.0,100.0,0.0,8.0,0.0,0.0,0.0,1.2,0.0,0.0
PBI,2024-02-23,5,1,0,1,0,100.0,100.0,0.0,0.0,10.0,0.7,0.0,0.0,0.0,0.0,0.0
PBI,2024-02-23,6,7,0,10,1,70.0,70.0,100.0,12.7,11.2,0.61,13.0,0.0,1.2,0.0,4.0
PBI,2024-02-23,7,8,0,12,3,66.67,66.67,66.67,10.58,12.08,1.03,10.83,2.67,0.87,11.67,40.33
PBI,2024-02-23,8,6,0,14,2,50.0,50.0,50.0,23.64,14.21,2.71,26.36,3.5,1.2,6.0,7.5
PBI,2024-02-23,9,4,11,13,15,69.23,61.54,66.67,9.23,13.38,2.23,11.54,3.33,1.01,5.53,13.33
PBI,2024-02-23,10,8,7,19,16,57.89,57.89,68.75,21.84,17.58,6.36,27.68,4.5,2.03,5.19,15.0
PBI,2024-02-23,11,9,10,20,17,70.0,45.0,64.71,38.2,21.0,9.6,47.4,10.29,0.68,5.94,17.53
PBI,2024-02-23,12,9,10,18,21,50.0,33.33,42.86,17.39,27.17,15.65,31.72,11.57,1.22,12.33,24.57
PBI,2024-02-23,13,10,5,18,17,50.0,38.89,52.94,17.17,22.39,11.31,26.0,8.82,0.74,11.24,28.76
PBI,2024-02-23,14,5,5,15,12,60.0,60.0,58.33,14.87,13.93,2.87,17.53,8.92,1.02,7.25,30.42
PBI,2024-02-23,15,3,7,10,16,50.0,40.0,50.0,20.4,15.3,3.76,24.0,6.44,1.44,6.69,17.0
PBI,2024-02-23,16,10,5,15,17,80.0,80.0,41.18,4.33,14.33,3.3,7.0,10.24,2.18,14.53,24.06
PBI,2024-02-23,17,6,10,12,14,75.0,75.0,85.71,12.75,13.08,2.31,14.92,3.5,1.61,4.43,5.86
PBI,2024-02-23,18,7,8,10,17,80.0,70.0,52.94,13.4,12.6,2.0,15.2,6.65,1.27,8.35,19.47
PBI,2024-02-23,19,11,6,14,9,78.57,78.57,77.78,16.29,13.43,1.89,17.14,3.0,4.64,5.44,10.78
PBI,2024-02-23,20,3,7,5,11,80.0,60.0,54.55,22.4,15.8,4.42,25.6,2.64,2.44,5.09,17.73
PBI,2024-02-23,21,3,5,3,8,33.33,33.33,87.5,35.67,13.67,3.53,38.33,4.25,1.92,3.38,5.0
PBI,2024-02-23,22,0,4,2,4,100.0,100.0,100.0,0.0,9.0,0.4,0.0,3.25,1.38,5.25,2.0
PBI,2024-02-23,23,0,5,0,5,0.0,0.0,100.0,0.0,0.0,0.0,0.0,0.6,2.3,0.6,1.6
PBI,2024-02-24,0,0,5,0,6,0.0,0.0,50.0,0.0,0.0,0.0,0.0,1.67,1.95,4.5,32.83
PBI,2024-02-24,1,0,0,0,0,0.0,0.0,0.0,0.0,0.0,0.0,0.0,0.0,0.0,0.0,0.0
PBI,2024-02-24,2,0,0,0,0,0.0,0.0,0.0,0.0,0.0,0.0,0.0,0.0,0.0,0.0,0.0
PBI,2024-02-24,5,0,0,1,0,0.0,0.0,0.0,16.0,13.0,1.8,18.0,0.0,0.0,0.0,0.0
PBI,2024-02-24,6,8,0,10,1,100.0,100.0,100.0,0.4,12.4,0.73,0.4,0.0,0.2,0.0,0.0
PBI,2024-02-24,7,8,0,11,1,81.82,81.82,100.0,6.64,13.73,2.77,8.36,0.0,1.2,5.0,0.0
PBI,2024-02-24,8,7,0,18,1,61.11,61.11,0.0,11.94,12.33,1.64,13.39,9.0,1.2,13.0,92.0
PBI,2024-02-24,9,2,11,16,14,43.75,31.25,92.86,21.75,16.75,5.41,27.31,5.43,1.84,1.43,3.57
PBI,2024-02-24,10,9,6,15,7,73.33,66.67,71.43,13.4,16.87,5.76,16.6,5.57,1.91,4.0,20.86
PBI,2024-02-24,11,9,11,13,21,76.92,76.92,52.38,10.0,12.62,1.8,10.85,4.81,1.5,6.33,22.38
PBI,2024-02-24,12,9,8,17,17,88.24,82.35,41.18,11.94,14.18,3.11,14.76,14.71,1.82,14.88,18.82
PBI,2024-02-24,13,9,9,20,19,60.0,60.0,52.63,45.05,14.5,3.59,48.15,10.79,0.89,9.11,19.95
PBI,2024-02-24,14,9,4,15,8,66.67,66.67,62.5,26.13,13.73,2.35,27.27,4.25,1.5,3.13,22.75
PBI,2024-02-24,15,2,9,7,22,100.0,100.0,50.0,0.0,14.14,3.1,2.71,6.86,1.54,19.36,38.05
PBI,2024-02-24,16,9,3,14,5,50.0,50.0,80.0,35.0,12.71,1.42,36.36,3.6,1.08,2.4,5.2
PBI,2024-02-24,17,4,9,6,15,83.33,83.33,66.67,3.33,12.33,1.5,3.83,2.13,1.03,1.53,19.6
PBI,2024-02-24,18,6,7,11,16,81.82,81.82,62.5,19.27,14.45,2.98,22.18,5.44,1.38,6.5,21.19
PBI,2024-02-24,19,11,8,11,12,90.91,90.91,50.0,8.36,14.09,2.21,9.45,9.67,0.71,8.92,15.67
PBI,2024-02-24,20,2,7,2,10,100.0,100.0,70.0,3.5,11.0,0.0,3.5,3.0,2.42,3.9,14.2
PBI,2024-02-24,21,3,3,4,4,50.0,50.0,100.0,20.0,12.5,2.85,21.5,1.0,0.52,3.25,3.25
PBI,2024-02-24,22,0,2,1,3,100.0,100.0,100.0,0.0,17.0,5.8,6.0,3.67,1.0,6.0,2.0
PBI,2024-02-24,23,0,5,0,5,0.0,0.0,100.0,0.0,0.0,0.0,0.0,0.8,0.42,0.0,1.8
PBI,2024-02-25,0,0,5,0,5,0.0,0.0,80.0,0.0,0.0,0.0,0.0,0.8,2.24,0.0,11.8
PBI,2024-02-25,1,0,0,0,0,0.0,0.0,0.0,0.0,0.0,0.0,0.0,0.0,0.0,0.0,0.0
PBI,2024-02-25,2,0,0,0,0,0.0,0.0,0.0,0.0,0.0,0.0,0.0,0.0,0.0,0.0,0.0
PBI,2024-02-25,3,0,0,0,0,0.0,0.0,0.0,0.0,0.0,0.0,0.0,0.0,0.0,0.0,0.0
PBI,2024-02-25,5,1,0,2,0,100.0,100.0,0.0,0.0,11.0,0.85,0.0,0.0,0.0,0.0,0.0
PBI,2024-02-25,6,8,0,11,0,81.82,81.82,0.0,20.91,12.45,1.87,22.64,0.0,0.0,0.0,0.0
PBI,2024-02-25,7,7,0,10,1,80.0,70.0,100.0,10.2,14.3,3.63,13.4,0.0,1.2,4.0,0.0
PBI,2024-02-25,8,6,0,10,2,70.0,70.0,50.0,10.3,16.8,5.14,13.2,5.5,1.2,9.5,13.5
PBI,2024-02-25,9,3,10,18,16,33.33,16.67,68.75,22.89,19.78,8.63,31.72,1.06,4.71,4.06,11.75
PBI,2024-02-25,10,8,7,22,17,59.09,45.45,70.59,31.45,24.27,13.03,43.5,4.59,2.79,6.88,14.59
PBI,2024-02-25,11,9,12,24,17,58.33,37.5,58.82,25.92,25.75,14.38,39.29,8.41,2.71,6.06,30.65
PBI,2024-02-25,12,11,8,19,15,47.37,21.05,73.33,43.05,25.16,13.76,55.58,8.93,2.51,7.67,12.6
PBI,2024-02-25,13,9,5,15,16,60.0,46.67,31.25,32.53,23.33,12.15,42.8,10.38,0.84,13.06,41.06
PBI,2024-02-25,14,4,5,13,13,30.77,15.38,76.92,65.69,25.15,13.38,78.85,8.85,1.05,9.54,10.08
PBI,2024-02-25,15,4,7,18,18,44.44,33.33,50.0,42.94,24.83,13.44,55.61,11.89,0.93,12.28,32.39
PBI,2024-02-25,16,10,7,22,14,45.45,13.64,71.43,29.73,27.95,16.65,45.41,5.93,3.87,5.86,23.86
PBI,2024-02-25,17,6,9,12,19,41.67,16.67,63.16,32.83,26.0,14.78,47.25,11.21,2.47,10.05,19.47
PBI,2024-02-25,18,7,9,12,16,66.67,33.33,62.5,19.17,24.67,13.33,31.92,6.63,3.55,5.5,17.19
PBI,2024-02-25,19,12,6,16,12,62.5,56.25,75.0,15.13,19.13,7.26,21.06,3.92,0.73,4.08,10.5
PBI,2024-02-25,20,3,7,6,9,100.0,83.33,33.33,2.83,16.5,5.05,6.83,2.56,4.24,3.11,13.89
PBI,2024-02-25,21,3,2,4,4,75.0,75.0,100.0,6.0,12.75,1.8,7.5,2.25,1.07,0.5,0.0
PBI,2024-02-25,22,0,5,0,5,0.0,0.0,100.0,0.0,0.0,0.0,0.0,1.2,0.3,0.0,1.2
PBI,2024-02-25,23,0,6,0,7,0.0,0.0,85.71,0.0,0.0,0.0,0.0,0.57,0.59,0.0,3.57
PBI,2024-02-26,0,0,5,0,7,0.0,0.0,85.71,0.0,0.0,0.0,0.0,0.43,1.27,2.43,9.57
PBI,2024-02-26,3,0,0,1,0,0.0,0.0,0.0,17.0,15.0,3.8,21.0,0.0,0.0,0.0,0.0
PBI,2024-02-26,4,0,0,0,0,0.0,0.0,0.0,0.0,0.0,0.0,0.0,0.0,0.0,0.0,0.0
PBI,2024-02-26,5,1,0,3,0,66.67,33.33,0.0,9.67,17.33,6.77,16.33,0.0,0.0,0.0,0.0
PBI,2024-02-26,6,7,0,8,0,75.0,75.0,0.0,50.38,15.63,4.21,54.0,0.0,0.0,0.0,0.0
PBI,2024-02-26,7,8,0,15,0,80.0,80.0,0.0,10.6,15.27,4.14,13.73,0.0,0.0,0.0,0.0
PBI,2024-02-26,8,5,0,10,3,60.0,40.0,66.67,12.6,18.8,7.42,18.7,3.33,0.4,9.0,21.67
PBI,2024-02-26,9,4,11,11,15,63.64,54.55,73.33,11.64,15.82,4.36,16.09,2.6,0.79,2.0,16.33
PBI,2024-02-26,10,8,7,15,15,66.67,66.67,80.0,13.93,13.07,2.11,15.2,6.2,1.45,7.07,8.4
PBI,2024-02-26,11,9,11,16,19,81.25,75.0,63.16,5.13,15.94,4.53,8.69,3.63,0.94,3.21,14.21
PBI,2024-02-26,12,10,8,13,17,76.92,76.92,52.94,7.54,16.0,4.85,10.69,5.76,4.97,5.82,24.59
PBI,2024-02-26,13,8,5,14,16,71.43,64.29,62.5,20.79,14.36,3.33,23.21,5.56,0.24,7.25,23.69
PBI,2024-02-26,14,5,5,10,15,70.0,70.0,60.0,29.7,14.4,2.99,32.2,8.73,0.37,10.2,14.87
PBI,2024-02-26,15,3,7,12,14,58.33,50.0,71.43,20.58,16.83,5.58,26.0,3.07,1.26,3.71,8.79
PBI,2024-02-26,16,10,5,17,15,76.47,64.71,73.33,13.59,17.47,6.2,18.65,5.27,1.44,8.73,15.8
PBI,2024-02-26,17,7,10,11,14,72.73,72.73,85.71,9.82,13.64,2.78,12.0,2.57,2.11,4.07,4.5
PBI,2024-02-26,18,6,8,9,11,100.0,88.89,81.82,1.33,14.78,3.56,4.44,1.64,0.8,0.09,24.82
PBI,2024-02-26,19,11,6,13,9,61.54,61.54,66.67,34.15,14.46,2.53,36.54,2.89,1.01,2.56,12.11
PBI,2024-02-26,20,3,7,6,11,66.67,66.67,72.73,13.17,15.33,3.98,17.17,1.18,0.84,1.27,11.64
PBI,2024-02-26,21,3,4,4,5,75.0,75.0,80.0,17.25,12.5,1.3,17.5,0.6,0.1,0.0,7.4
PBI,2024-02-26,22,0,5,2,7,50.0,50.0,71.43,31.0,11.5,1.4,32.5,2.43,2.77,1.86,10.0
PBI,2024-02-26,23,0,5,0,6,0.0,0.0,100.0,0.0,0.0,0.0,0.0,0.33,1.63,0.67,1.0
PBI,2024-02-27,0,0,5,0,5,0.0,0.0,100.0,0.0,0.0,0.0,0.0,0.0,0.18,0.0,0.0
PBI,2024-02-27,3,0,0,0,1,0.0,0.0,100.0,0.0,0.0,0.0,0.0,0.0,0.0,0.0,0.0
PBI,2024-02-27,4,0,0,1,0,100.0,100.0,0.0,0.0,11.0,0.0,0.0,0.0,0.0,0.0,0.0
PBI,2024-02-27,5,0,0,1,0,0.0,0.0,0.0,32.0,11.0,0.0,32.0,0.0,0.0,0.0,0.0
PBI,2024-02-27,6,7,0,10,3,100.0,90.0,0.0,0.3,13.8,2.73,2.2,4.0,0.47,11.0,57.67
PBI,2024-02-27,7,8,0,12,2,66.67,66.67,50.0,17.75,12.83,1.81,18.75,1.5,0.1,1.5,54.5
PBI,2024-02-27,8,7,0,17,3,70.59,64.71,0.0,9.82,15.88,4.6,13.88,5.33,0.13,8.0,24.33
PBI,2024-02-27,9,3,10,12,15,33.33,33.33,73.33,28.33,16.42,5.05,33.58,2.8,0.72,3.6,8.6
PBI,2024-02-27,10,8,6,16,14,75.0,75.0,57.14,9.06,16.81,5.63,13.63,6.5,2.11,5.64,21.14
PBI,2024-02-27,11,8,10,15,18,46.67,46.67,61.11,17.73,17.33,5.78,22.47,4.5,0.63,4.39,15.89
PBI,2024-02-27,12,10,7,16,12,68.75,62.5,75.0,15.06,14.06,2.88,17.56,5.17,5.38,5.08,30.5
PBI,2024-02-27,13,6,6,13,14,53.85,53.85,64.29,28.31,14.08,3.05,30.38,2.14,0.73,3.93,22.07
PBI,2024-02-27,14,5,5,12,11,58.33,58.33,54.55,14.83,13.92,2.51,17.08,4.82,1.24,6.18,10.82
PBI,2024-02-27,15,4,6,7,19,57.14,57.14,68.42,17.57,14.71,3.3,20.0,4.79,0.49,6.26,11.32
PBI,2024-02-27,16,7,3,13,12,76.92,76.92,66.67,9.69,14.15,3.53,12.38,3.92,0.5,5.5,21.58
PBI,2024-02-27,17,5,8,10,17,60.0,50.0,52.94,28.7,15.8,4.61,33.5,2.29,1.22,3.47,21.71
PBI,2024-02-27,18,5,8,8,11,62.5,37.5,72.73,22.13,18.25,7.14,28.38,3.82,0.71,3.27,9.73
PBI,2024-02-27,19,11,5,12,7,83.33,75.0,85.71,13.58,16.42,4.39,15.83,2.57,1.9,3.57,4.86
PBI,2024-02-27,20,1,7,2,8,100.0,100.0,87.5,1.0,18.0,6.8,8.0,1.38,1.42,0.0,30.13
PBI,2024-02-27,21,4,4,6,5,100.0,100.0,80.0,0.0,15.83,4.72,0.0,1.6,0.82,2.0,7.8
PBI,2024-02-27,22,0,3,1,5,100.0,100.0,60.0,0.0,12.0,0.8,0.0,2.6,0.08,2.2,16.4
PBI,2024-02-27,23,0,6,1,8,100.0,100.0,87.5,0.0,22.0,10.8,11.0,1.0,0.19,2.0,2.88
PBI,2024-02-28,0,0,5,0,5,0.0,0.0,60.0,0.0,0.0,0.0,0.0,0.6,0.64,0.0,12.4
PBI,2024-02-28,1,0,0,0,0,0.0,0.0,0.0,0.0,0.0,0.0,0.0,0.0,0.0,0.0,0.0
PBI,2024-02-28,2,0,0,0,0,0.0,0.0,0.0,0.0,0.0,0.0,0.0,0.0,0.0,0.0,0.0
PBI,2024-02-28,3,0,0,0,1,0.0,0.0,100.0,0.0,0.0,0.0,0.0,0.0,0.0,0.0,0.0
PBI,2024-02-28,4,0,0,2,0,50.0,50.0,0.0,13.0,13.0,1.9,15.0,0.0,0.0,0.0,0.0
PBI,2024-02-28,5,0,0,0,1,0.0,0.0,0.0,0.0,0.0,0.0,0.0,5.0,0.0,6.0,62.0
PBI,2024-02-28,6,7,0,10,1,60.0,60.0,0.0,16.5,11.9,0.75,16.7,0.0,1.2,6.0,25.0
PBI,2024-02-28,7,8,0,14,0,71.43,71.43,0.0,11.29,13.21,2.06,11.5,0.0,0.0,0.0,0.0
PBI,2024-02-28,8,7,0,17,0,70.59,70.59,0.0,10.41,12.65,1.81,11.88,0.0,0.0,0.0,0.0
PBI,2024-02-28,9,3,10,12,13,50.0,25.0,76.92,21.67,22.25,10.9,32.75,2.85,0.91,2.92,9.38
PBI,2024-02-28,10,8,6,15,15,66.67,46.67,66.67,23.87,22.0,10.74,33.0,4.4,1.33,4.47,20.67
PBI,2024-02-28,11,8,10,13,16,61.54,53.85,56.25,21.23,17.23,5.56,26.23,3.25,0.36,3.5,16.38
PBI,2024-02-28,12,10,8,23,15,47.83,47.83,73.33,29.87,17.96,6.74,36.48,3.27,2.52,4.6,13.53
PBI,2024-02-28,13,7,6,12,19,50.0,41.67,52.63,40.42,17.42,6.23,45.25,2.89,0.71,6.0,28.47
PBI,2024-02-28,14,6,6,18,12,55.56,50.0,50.0,19.61,16.94,5.49,25.06,4.0,1.77,3.92,20.33
PBI,2024-02-28,15,4,6,12,18,58.33,50.0,66.67,20.58,18.33,7.01,27.5,5.44,1.13,7.5,14.56
PBI,2024-02-28,16,7,4,11,14,72.73,63.64,35.71,12.82,15.18,3.97,16.09,5.5,0.93,7.86,27.14
PBI,2024-02-28,17,5,7,8,12,62.5,37.5,66.67,21.38,20.13,8.99,30.63,2.42,1.35,2.75,28.08
PBI,2024-02-28,18,5,8,10,15,90.0,90.0,73.33,6.8,15.4,4.13,10.0,4.6,1.89,5.33,13.2
PBI,2024-02-28,19,12,6,17,10,58.82,52.94,60.0,63.06,16.82,5.04,67.65,2.0,1.77,3.4,18.1
PBI,2024-02-28,20,2,6,4,9,50.0,50.0,55.56,29.25,13.75,2.83,31.25,2.44,1.56,4.78,21.56
PBI,2024-02-28,21,3,5,6,9,66.67,66.67,66.67,15.67,14.67,4.13,19.17,1.67,0.37,3.0,13.0
PBI,2024-02-28,22,0,3,2,4,50.0,50.0,75.0,24.5,13.5,2.4,27.0,5.75,1.4,6.0,18.0
PBI,2024-02-28,23,0,6,0,7,0.0,0.0,57.14,0.0,0.0,0.0,0.0,2.29,1.9,3.29,13.0
PBI,2024-02-29,0,0,4,0,6,0.0,0.0,50.0,0.0,0.0,0.0,0.0,3.5,2.45,7.5,40.33
PBI,2024-02-29,2,0,0,0,0,0.0,0.0,0.0,0.0,0.0,0.0,0.0,0.0,0.0,0.0,0.0
PBI,2024-02-29,3,0,0,0,1,0.0,0.0,0.0,0.0,0.0,0.0,0.0,2.0,0.0,1.0,49.0
PBI,2024-02-29,4,0,0,0,1,0.0,0.0,100.0,0.0,0.0,0.0,0.0,0.0,1.2,0.0,0.0
PBI,2024-02-29,5,1,0,1,0,100.0,100.0,0.0,0.0,8.0,0.0,0.0,0.0,0.0,0.0,0.0
PBI,2024-02-29,6,7,0,11,3,72.73,72.73,0.0,10.09,14.0,3.12,12.09,1.67,1.53,6.0,35.67
PBI,2024-02-29,7,8,0,13,3,84.62,84.62,100.0,7.69,15.15,4.02,10.46,9.0,1.2,7.0,0.0
PBI,2024-02-29,8,6,0,15,4,73.33,73.33,75.0,7.93,16.2,4.91,12.07,40.25,1.45,44.75,67.25
PBI,2024-02-29,9,3,10,15,13,40.0,40.0,76.92,31.93,16.53,5.15,37.27,2.62,1.08,1.54,7.23
PBI,2024-02-29,10,8,6,18,11,72.22,55.56,63.64,14.83,18.39,7.18,21.33,4.0,5.23,9.27,14.09
PBI,2024-02-29,11,8,11,15,20,60.0,60.0,65.0,32.53,16.87,5.3,37.47,8.25,1.79,9.4,15.8
PBI,2024-02-29,12,10,8,23,14,52.17,47.83,78.57,23.39,15.43,4.06,27.35,4.5,3.86,6.36,11.43
PBI,2024-02-29,13,8,6,16,14,68.75,62.5,42.86,16.31,13.56,2.75,18.75,3.71,0.99,7.07,38.86
PBI,2024-02-29,14,6,5,13,16,53.85,53.85,43.75,37.92,15.38,4.12,41.77,8.19,0.36,9.06,30.63
PBI,2024-02-29,15,4,8,13,19,53.85,38.46,47.37,15.92,22.23,10.75,26.0,8.11,0.74,8.79,23.11
PBI,2024-02-29,16,10,4,18,14,66.67,61.11,50.0,12.5,20.78,9.47,19.89,10.43,1.03,14.14,28.36
PBI,2024-02-29,17,5,9,9,25,55.56,55.56,32.0,21.0,22.44,11.49,31.22,17.4,1.31,16.24,43.28
PBI,2024-02-29,18,6,9,12,22,41.67,25.0,50.0,25.75,23.58,12.25,37.58,17.59,1.93,17.5,24.41
PBI,2024-02-29,19,12,7,18,12,61.11,38.89,50.0,22.17,19.39,7.72,28.0,34.25,3.78,33.67,55.75
PBI,2024-02-29,20,3,6,9,16,33.33,22.22,62.5,32.89,15.11,3.84,36.56,4.63,2.53,6.69,16.81
PBI,2024-02-29,21,4,6,6,13,50.0,33.33,61.54,30.17,15.67,4.45,32.83,3.15,0.51,5.92,23.69
PBI,2024-02-29,22,0,5,2,7,100.0,100.0,85.71,0.0,19.5,8.3,7.0,0.86,1.16,3.71,8.71
PBI,2024-02-29,23,0,5,2,6,0.0,0.0,83.33,23.0,15.0,3.8,27.0,2.33,1.25,1.5,5.67
PBI,2024-03-01,0,0,4,0,6,0.0,0.0,50.0,0.0,0.0,0.0,0.0,2.0,0.67,4.83,14.17
PBI,2024-03-01,3,0,0,0,1,0.0,0.0,100.0,0.0,0.0,0.0,0.0,0.0,0.0,0.0,0.0
PBI,2024-03-01,4,0,0,4,1,75.0,75.0,100.0,5.5,12.25,1.9,7.5,0.0,1.2,0.0,0.0
PBI,2024-03-01,5,1,0,2,0,100.0,100.0,0.0,0.0,10.5,0.7,0.0,0.0,0.0,0.0,0.0
PBI,2024-03-01,6,7,0,7,2,85.71,100.0,50.0,2.14,11.43,0.8,1.86,0.0,0.6,3.0,20.0
PBI,2024-03-01,7,8,0,14,1,78.57,78.57,0.0,7.71,14.14,3.09,10.36,0.0,1.2,4.0,57.0
PBI,2024-03-01,8,6,0,22,2,50.0,45.45,0.0,24.36,15.91,4.61,28.68,6.0,1.2,14.0,40.0
PBI,2024-03-01,9,4,10,13,11,61.54,53.85,90.91,12.38,15.15,3.89,15.77,2.09,1.29,3.09,5.82
PBI,2024-03-01,10,9,9,22,18,50.0,45.45,61.11,22.95,17.18,5.86,28.41,4.83,1.34,5.56,21.33
PBI,2024-03-01,11,8,9,15,16,73.33,66.67,68.75,10.73,18.27,6.79,16.47,5.94,1.04,7.81,16.38
PBI,2024-03-01,12,9,9,19,20,52.63,36.84,40.0,28.68,19.42,8.05,36.21,6.35,0.8,5.45,43.35
PBI,2024-03-01,13,10,6,16,14,62.5,62.5,57.14,30.63,17.44,6.41,35.81,4.21,2.47,8.14,24.79
PBI,2024-03-01,14,5,5,15,9,60.0,53.33,66.67,16.2,15.27,4.29,20.2,4.89,1.64,6.56,14.44
PBI,2024-03-01,15,3,7,6,22,33.33,16.67,50.0,21.17,14.17,2.62,23.5,6.14,1.01,8.27,21.32
PBI,2024-03-01,16,10,5,13,21,84.62,76.92,52.38,11.54,17.92,6.71,16.08,10.05,1.53,11.62,25.9
PBI,2024-03-01,17,6,11,12,28,50.0,50.0,57.14,16.58,14.08,3.17,19.75,8.64,0.6,8.0,18.18
PBI,2024-03-01,18,8,7,12,17,58.33,58.33,52.94,15.33,16.67,5.19,20.17,6.82,1.15,8.0,22.53
PBI,2024-03-01,19,8,7,9,13,100.0,100.0,61.54,0.89,14.67,2.63,2.44,6.85,1.71,7.46,17.85
PBI,2024-03-01,20,5,4,5,6,100.0,100.0,83.33,0.0,13.2,1.72,0.0,2.67,1.68,2.83,7.0
PBI,2024-03-01,21,3,7,3,8,100.0,100.0,87.5,1.0,11.0,0.17,0.67,0.88,0.51,2.5,3.5
PBI,2024-03-01,22,0,5,2,7,100.0,100.0,71.43,0.0,13.0,1.8,0.0,6.43,1.03,1.29,12.0
PBI,2024-03-01,23,0,5,0,5,0.0,0.0,80.0,0.0,0.0,0.0,0.0,0.2,0.5,1.6,11.0
PBI,2024-03-02,0,0,5,0,5,0.0,0.0,80.0,0.0,0.0,0.0,0.0,1.4,0.96,2.4,14.8
PBI,2024-03-02,1,0,0,0,0,0.0,0.0,0.0,0.0,0.0,0.0,0.0,0.0,0.0,0.0,0.0
PBI,2024-03-02,5,0,0,0,0,0.0,0.0,0.0,0.0,0.0,0.0,0.0,0.0,0.0,0.0,0.0
PBI,2024-03-02,6,8,0,9,1,77.78,77.78,100.0,15.0,12.56,0.99,15.44,0.0,0.2,0.0,9.0
PBI,2024-03-02,7,8,0,11,3,90.91,81.82,66.67,2.45,14.09,3.08,4.36,0.0,0.8,1.0,33.67
PBI,2024-03-02,8,7,0,14,1,78.57,78.57,0.0,6.57,14.14,2.99,8.43,0.0,0.2,3.0,76.0
PBI,2024-03-02,9,2,10,13,10,53.85,53.85,90.0,18.77,16.0,4.68,23.15,2.2,1.1,3.5,5.4
PBI,2024-03-02,10,10,7,16,12,68.75,62.5,58.33,12.81,13.13,2.03,14.25,7.0,2.17,10.08,29.92
PBI,2024-03-02,11,8,11,18,18,72.22,61.11,44.44,10.06,15.06,3.75,13.61,6.0,1.07,16.06,30.28
PBI,2024-03-02,12,9,8,12,17,41.67,50.0,47.06,20.42,13.75,2.51,22.25,4.65,1.12,6.59,26.41
PBI,2024-03-02,13,8,7,23,16,43.48,39.13,43.75,17.57,15.74,4.79,22.0,4.19,1.46,10.25,62.31
PBI,2024-03-02,14,9,6,18,19,44.44,44.44,47.37,32.22,14.67,3.33,35.61,6.32,1.11,11.21,24.47
PBI,2024-03-02,15,2,8,9,15,44.44,33.33,66.67,21.11,15.11,3.91,25.11,3.07,0.91,7.93,26.73
PBI,2024-03-02,16,9,3,17,14,64.71,64.71,28.57,13.53,16.0,4.76,16.71,2.21,0.62,8.71,41.71
PBI,2024-03-02,17,4,9,8,13,50.0,50.0,53.85,21.88,11.63,0.8,22.25,4.38,1.18,2.77,21.46
PBI,2024-03-02,18,6,6,9,7,55.56,55.56,85.71,19.89,12.44,1.29,21.0,2.0,1.09,1.57,6.86
PBI,2024-03-02,19,7,8,8,14,50.0,50.0,85.71,15.13,16.0,4.34,19.25,1.29,0.55,2.5,10.0
PBI,2024-03-02,20,4,4,7,6,85.71,85.71,50.0,12.57,12.57,1.91,14.14,2.0,1.02,2.5,12.83
PBI,2024-03-02,21,1,5,1,6,100.0,100.0,66.67,0.0,15.0,3.5,0.0,1.67,1.13,0.5,10.17
PBI,2024-03-02,22,1,2,1,3,100.0,100.0,33.33,0.0,13.0,1.5,0.0,7.67,1.53,0.0,49.0
PBI,2024-03-02,23,0,4,1,5,0.0,0.0,80.0,21.0,20.0,8.8,30.0,1.8,0.88,2.0,13.0
PBI,2024-03-03,0,0,4,0,5,0.0,0.0,20.0,0.0,0.0,0.0,0.0,0.0,0.92,0.0,59.4
PBI,2024-03-03,1,0,0,0,0,0.0,0.0,0.0,0.0,0.0,0.0,0.0,0.0,0.0,0.0,0.0
PBI,2024-03-03,2,0,0,0,0,0.0,0.0,0.0,0.0,0.0,0.0,0.0,0.0,0.0,0.0,0.0
PBI,2024-03-03,5,2,0,3,0,100.0,100.0,0.0,0.0,15.67,6.07,4.67,0.0,0.0,0.0,0.0
PBI,2024-03-03,6,6,0,8,0,75.0,75.0,0.0,5.88,11.25,1.13,7.0,0.0,0.0,0.0,0.0
PBI,2024-03-03,7,8,0,15,0,86.67,73.33,0.0,5.47,14.73,3.55,8.53,0.0,0.0,0.0,0.0
PBI,2024-03-03,8,6,0,13,1,61.54,46.15,100.0,14.0,20.23,8.75,21.23,3.0,1.2,7.0,11.0
PBI,2024-03-03,9,3,9,14,12,50.0,50.0,83.33,14.43,14.43,3.33,17.43,2.33,1.26,3.08,5.25
PBI,2024-03-03,10,9,8,16,10,81.25,62.5,80.0,8.63,24.13,13.09,20.31,4.7,3.31,2.4,5.6
PBI,2024-03-03,11,8,12,19,19,84.21,36.84,68.42,10.53,33.0,21.66,31.26,8.21,1.91,11.47,20.32
PBI,2024-03-03,12,11,7,22,13,54.55,9.09,61.54,58.68,42.23,30.89,88.82,6.77,3.01,13.46,20.08
PBI,2024-03-03,13,9,7,16,14,12.5,0.0,35.71,77.31,29.81,18.59,96.06,25.71,3.15,36.93,118.5
PBI,2024-03-03,14,4,4,13,10,7.69,7.69,0.0,83.46,33.46,22.02,105.54,61.6,2.96,63.9,135.8
PBI,2024-03-03,15,4,7,10,20,10.0,0.0,35.0,111.7,44.4,33.09,144.8,16.8,2.29,31.4,63.5
PBI,2024-03-03,16,10,5,13,14,38.46,15.38,21.43,83.85,39.46,28.13,111.23,10.79,5.86,25.36,62.86
PBI,2024-03-03,17,4,11,10,20,10.0,10.0,30.0,104.8,31.2,19.89,124.9,9.55,2.77,11.95,40.2
PBI,2024-03-03,18,9,7,23,14,4.35,0.0,14.29,71.04,30.65,19.26,90.52,9.21,9.81,19.43,43.43
PBI,2024-03-03,19,8,7,13,17,23.08,15.38,47.06,33.69,25.85,13.93,46.77,7.12,3.66,10.24,70.35
PBI,2024-03-03,20,6,4,13,8,30.77,23.08,25.0,110.85,20.92,9.42,120.46,7.38,5.05,15.0,32.5
PBI,2024-03-03,21,1,4,3,5,66.67,66.67,60.0,15.33,15.33,3.07,15.67,1.6,1.76,3.0,12.6
PBI,2024-03-03,22,1,6,2,7,100.0,100.0,42.86,1.0,11.0,0.0,1.0,1.71,2.44,1.57,72.0
PBI,2024-03-03,23,0,6,1,6,0.0,0.0,33.33,89.0,9.0,0.0,87.0,1.33,3.83,1.67,57.5
PBI,2024-03-04,0,0,4,0,4,0.0,0.0,75.0,0.0,0.0,0.0,0.0,0.0,1.4,0.0,26.75
PBI,2024-03-04,1,0,0,0,0,0.0,0.0,0.0,0.0,0.0,0.0,0.0,0.0,0.0,0.0,0.0
PBI,2024-03-04,2,0,0,0,0,0.0,0.0,0.0,0.0,0.0,0.0,0.0,0.0,0.0,0.0,0.0
PBI,2024-03-04,3,0,0,0,1,0.0,0.0,0.0,0.0,0.0,0.0,0.0,5.0,1.2,9.0,109.0
PBI,2024-03-04,4,0,0,0,0,0.0,0.0,0.0,0.0,0.0,0.0,0.0,0.0,0.0,0.0,0.0
PBI,2024-03-04,5,2,0,3,0,66.67,66.67,0.0,5.33,10.67,0.8,5.33,0.0,0.0,0.0,0.0
PBI,2024-03-04,6,6,0,9,0,55.56,55.56,0.0,17.89,14.11,2.76,20.0,0.0,0.0,0.0,0.0
PBI,2024-03-04,7,8,0,18,0,44.44,38.89,0.0,20.17,14.33,3.12,23.0,0.0,0.0,0.0,0.0
PBI,2024-03-04,8,5,0,13,1,61.54,61.54,100.0,9.38,14.77,3.44,11.92,4.0,0.2,8.0,10.0
PBI,2024-03-04,9,4,10,12,14,50.0,33.33,64.29,23.0,15.92,4.63,27.67,3.0,2.18,3.36,13.14
PBI,2024-03-04,10,9,8,12,23,66.67,66.67,60.87,13.25,15.67,4.58,16.75,6.22,0.85,6.78,22.91
PBI,2024-03-04,11,8,11,19,19,73.68,68.42,68.42,7.21,17.26,5.81,12.05,10.05,0.61,5.89,11.89
PBI,2024-03-04,12,9,8,17,14,41.18,41.18,50.0,23.53,14.35,3.25,26.24,7.36,3.39,7.5,15.29
PBI,2024-03-04,13,10,5,18,6,55.56,44.44,83.33,14.06,17.61,6.36,19.78,1.5,2.73,1.67,14.17
PBI,2024-03-04,14,4,6,9,15,77.78,55.56,60.0,10.0,18.89,7.76,17.67,3.67,0.65,4.8,14.67
PBI,2024-03-04,15,4,7,6,16,66.67,66.67,56.25,19.83,18.33,6.42,24.33,4.94,2.23,8.06,19.5
PBI,2024-03-04,16,10,5,13,11,84.62,76.92,63.64,5.23,15.38,4.09,8.54,3.09,2.37,7.55,17.91
PBI,2024-03-04,17,6,11,12,20,66.67,66.67,75.0,25.67,12.67,1.92,27.25,4.15,2.06,4.15,12.25
PBI,2024-03-04,18,8,6,12,12,75.0,75.0,83.33,7.33,12.83,1.78,8.67,3.67,1.02,3.83,17.58
PBI,2024-03-04,19,7,7,11,13,54.55,54.55,76.92,22.82,15.18,3.36,24.73,4.46,3.02,3.69,9.54
PBI,2024-03-04,20,6,4,8,4,87.5,87.5,100.0,5.13,14.63,3.23,6.5,1.25,0.53,0.0,0.0
PBI,2024-03-04,21,1,5,3,5,100.0,100.0,80.0,0.0,10.33,0.27,0.33,0.0,0.52,0.4,10.4
PBI,2024-03-04,22,1,6,2,9,100.0,100.0,77.78,0.0,12.0,0.65,0.5,2.11,0.3,3.44,19.33
PBI,2024-03-04,23,0,5,0,5,0.0,0.0,80.0,0.0,0.0,0.0,0.0,6.2,1.1,11.8,11.8
PBI,2024-03-05,0,0,4,0,4,0.0,0.0,75.0,0.0,0.0,0.0,0.0,1.75,0.4,9.75,7.75
PBI,2024-03-05,3,0,0,0,1,0.0,0.0,100.0,0.0,0.0,0.0,0.0,0.0,0.2,0.0,0.0
PBI,2024-03-05,4,0,0,2,0,100.0,50.0,0.0,0.0,19.0,7.9,8.0,0.0,0.0,0.0,0.0
PBI,2024-03-05,5,1,0,1,1,100.0,100.0,0.0,0.0,13.0,1.5,1.0,11.0,0.2,14.0,42.0
PBI,2024-03-05,6,6,0,8,2,75.0,75.0,0.0,9.13,12.38,1.66,10.63,0.5,0.2,1.0,24.5
PBI,2024-03-05,7,8,0,14,0,64.29,64.29,0.0,11.57,14.21,2.96,13.0,0.0,0.0,0.0,0.0
PBI,2024-03-05,8,6,1,11,2,63.64,63.64,100.0,12.0,19.82,8.67,18.91,1.0,0.2,3.0,6.0
PBI,2024-03-05,9,4,9,13,15,38.46,15.38,66.67,15.85,22.77,11.38,27.0,8.47,2.45,7.27,20.2
PBI,2024-03-05,10,9,8,17,16,52.94,52.94,62.5,16.53,14.41,3.13,18.35,7.31,2.19,7.25,18.25
PBI,2024-03-05,11,7,9,15,13,40.0,40.0,76.92,30.53,14.87,3.69,33.73,5.0,1.7,1.62,6.77
PBI,2024-03-05,12,10,8,16,14,50.0,50.0,57.14,31.56,15.88,4.5,34.75,4.71,4.33,6.86,18.21
PBI,2024-03-05,13,7,6,11,14,63.64,54.55,50.0,34.0,15.09,3.75,36.18,4.29,3.04,8.14,27.57
PBI,2024-03-05,14,5,5,12,8,58.33,50.0,50.0,15.5,14.42,3.16,18.0,3.38,0.43,5.5,44.88
PBI,2024-03-05,15,4,6,7,14,57.14,42.86,71.43,39.14,13.86,2.93,41.71,2.57,1.04,3.5,9.21
PBI,2024-03-05,16,7,3,12,10,75.0,75.0,50.0,9.83,13.83,2.73,11.83,2.7,0.99,4.6,20.9
PBI,2024-03-05,17,4,9,6,15,83.33,83.33,60.0,4.67,16.0,4.92,8.0,9.0,1.84,8.4,18.33
PBI,2024-03-05,18,7,6,12,11,58.33,58.33,45.45,36.33,12.08,1.43,37.42,4.27,1.83,6.09,40.36
PBI,2024-03-05,19,7,6,10,11,60.0,60.0,54.55,28.0,13.5,2.17,29.8,9.55,3.19,6.27,20.0
PBI,2024-03-05,20,4,4,5,6,60.0,60.0,66.67,17.2,14.4,3.36,19.0,2.33,1.42,7.0,11.0
PBI,2024-03-05,21,2,4,4,5,100.0,100.0,60.0,0.0,12.5,1.55,0.0,1.4,1.02,3.6,65.4
PBI,2024-03-05,22,1,5,2,7,50.0,50.0,71.43,129.5,11.0,0.0,129.5,8.0,0.24,5.57,13.29
PBI,2024-03-05,23,0,6,0,6,0.0,0.0,83.33,0.0,0.0,0.0,0.0,0.83,0.53,4.5,4.67
PBI,2024-03-06,0,0,3,0,4,0.0,0.0,100.0,0.0,0.0,0.0,0.0,1.25,0.48,0.0,0.0
PBI,2024-03-06,1,0,0,1,1,0.0,0.0,0.0,21.0,14.0,2.8,24.0,0.0,1.2,3.0,63.0
PBI,2024-03-06,2,0,0,0,0,0.0,0.0,0.0,0.0,0.0,0.0,0.0,0.0,0.0,0.0,0.0
PBI,2024-03-06,3,0,0,0,0,0.0,0.0,0.0,0.0,0.0,0.0,0.0,0.0,0.0,0.0,0.0
PBI,2024-03-06,4,0,0,1,1,100.0,100.0,0.0,0.0,8.0,0.0,0.0,0.0,0.2,0.0,15.0
PBI,2024-03-06,5,0,0,0,0,0.0,0.0,0.0,0.0,0.0,0.0,0.0,0.0,0.0,0.0,0.0
PBI,2024-03-06,6,7,0,10,2,80.0,80.0,0.0,7.0,12.2,1.56,8.3,2.5,0.7,5.5,28.5
PBI,2024-03-06,7,8,0,13,0,61.54,61.54,0.0,12.0,13.38,2.42,13.62,0.0,0.0,0.0,0.0
PBI,2024-03-06,8,7,1,15,1,46.67,46.67,100.0,13.8,15.0,3.93,16.87,0.0,0.0,0.0,0.0
PBI,2024-03-06,9,3,9,5,13,40.0,40.0,53.85,29.0,17.0,6.6,34.0,3.0,0.73,4.54,21.92
PBI,2024-03-06,10,8,9,18,15,50.0,44.44,60.0,18.94,18.22,6.89,24.83,5.2,0.99,5.6,27.8
PBI,2024-03-06,11,8,8,15,11,66.67,60.0,72.73,12.2,18.2,6.71,17.4,5.91,1.75,6.36,8.91
PBI,2024-03-06,12,10,9,13,14,61.54,53.85,85.71,15.46,15.92,4.47,19.69,4.5,3.24,7.0,8.14
PBI,2024-03-06,13,7,7,13,21,61.54,61.54,42.86,14.31,18.69,7.39,20.0,9.95,1.41,12.71,28.29
PBI,2024-03-06,14,8,6,17,17,58.82,52.94,41.18,12.71,19.76,8.42,19.59,10.35,1.92,12.76,33.41
PBI,2024-03-06,15,3,7,7,16,85.71,57.14,37.5,8.57,17.29,6.13,13.71,13.69,2.56,15.94,30.94
PBI,2024-03-06,16,8,2,13,11,46.15,38.46,36.36,91.23,16.38,5.38,94.69,11.64,2.1,18.18,24.91
PBI,2024-03-06,17,3,9,6,19,33.33,33.33,57.89,21.0,13.83,2.52,23.67,5.42,1.34,7.63,15.26
PBI,2024-03-06,18,7,6,11,14,63.64,63.64,64.29,19.45,13.82,2.89,21.82,2.07,1.98,4.0,23.43
PBI,2024-03-06,19,9,7,9,11,55.56,55.56,54.55,26.22,15.44,3.37,29.11,1.45,3.01,2.82,42.73
PBI,2024-03-06,20,5,5,8,6,62.5,62.5,83.33,51.38,12.25,1.1,52.25,2.33,2.35,2.33,6.83
PBI,2024-03-06,21,1,2,3,3,100.0,100.0,66.67,0.0,13.0,1.77,1.67,1.33,0.97,2.33,25.0
PBI,2024-03-06,22,0,5,1,6,100.0,100.0,66.67,0.0,11.0,0.0,0.0,2.5,1.97,3.33,12.5
PBI,2024-03-06,23,0,7,0,8,0.0,0.0,62.5,0.0,0.0,0.0,0.0,1.0,1.5,0.63,10.63
PBI,2024-03-07,0,0,5,0,4,0.0,0.0,75.0,0.0,0.0,0.0,0.0,1.5,1.9,3.0,11.5
PBI,2024-03-07,1,0,0,0,1,0.0,0.0,0.0,0.0,0.0,0.0,0.0,0.0,1.2,5.0,24.0
PBI,2024-03-07,2,0,0,0,0,0.0,0.0,0.0,0.0,0.0,0.0,0.0,0.0,0.0,0.0,0.0
PBI,2024-03-07,3,0,0,0,2,0.0,0.0,50.0,0.0,0.0,0.0,0.0,0.0,2.2,0.0,29.0
PBI,2024-03-07,4,0,0,2,0,0.0,0.0,0.0,43.0,11.5,0.4,43.5,0.0,0.0,0.0,0.0
PBI,2024-03-07,5,2,0,2,1,100.0,100.0,0.0,0.0,10.0,1.7,0.0,4.0,1.2,7.0,61.0
PBI,2024-03-07,6,8,0,11,1,72.73,63.64,100.0,11.36,20.36,9.35,19.18,0.0,0.2,0.0,5.0
PBI,2024-03-07,7,6,0,14,2,64.29,64.29,100.0,11.64,13.21,1.94,13.07,3.0,1.2,9.5,3.5
PBI,2024-03-07,8,5,1,14,3,50.0,50.0,66.67,21.86,14.93,3.7,25.43,1.0,0.33,3.0,9.0
PBI,2024-03-07,9,5,10,17,14,47.06,41.18,78.57,16.24,19.18,8.35,24.47,2.36,0.96,4.0,8.93
PBI,2024-03-07,10,8,9,18,17,44.44,38.89,64.71,25.39,20.0,8.66,33.06,7.12,1.85,9.0,20.71
PBI,2024-03-07,11,8,8,18,16,77.78,55.56,56.25,6.94,25.56,14.23,19.61,5.13,2.53,6.13,15.63
PBI,2024-03-07,12,10,10,18,22,77.78,33.33,59.09,8.89,29.0,17.63,25.06,9.05,0.98,8.86,27.55
PBI,2024-03-07,13,9,6,19,18,57.89,47.37,44.44,25.05,18.16,6.87,30.37,7.22,0.72,9.67,31.17
PBI,2024-03-07,14,6,4,13,13,53.85,46.15,46.15,16.08,15.77,4.51,20.08,12.62,1.52,14.15,24.69
PBI,2024-03-07,15,4,10,12,20,58.33,41.67,50.0,23.5,19.08,7.69,30.83,26.0,1.57,24.6,54.7
PBI,2024-03-07,16,10,2,14,15,50.0,35.71,20.0,62.93,20.79,9.46,70.93,14.47,0.41,16.07,39.47
PBI,2024-03-07,17,3,10,12,22,41.67,33.33,54.55,19.33,16.33,5.11,24.58,8.5,0.8,7.95,39.5
PBI,2024-03-07,18,9,9,12,19,58.33,58.33,47.37,23.92,14.67,3.65,26.92,3.26,0.82,7.32,27.74
PBI,2024-03-07,19,9,9,9,17,77.78,77.78,52.94,6.11,19.89,8.22,10.89,4.18,0.59,5.12,22.53
PBI,2024-03-07,20,7,5,11,16,63.64,45.45,62.5,9.27,17.45,6.07,14.73,2.88,1.56,3.75,19.75
PBI,2024-03-07,21,2,2,4,5,100.0,100.0,60.0,0.0,11.5,0.93,0.25,0.6,0.66,1.0,17.0
PBI,2024-03-07,22,0,7,2,14,50.0,50.0,64.29,10.0,14.5,3.4,13.5,1.36,0.97,3.29,20.93
PBI,2024-03-07,23,0,6,3,8,100.0,100.0,37.5,0.0,11.33,0.27,0.33,0.88,1.79,1.5,20.88
PBI,2024-03-08,0,0,6,0,5,0.0,0.0,60.0,0.0,0.0,0.0,0.0,0.6,1.32,0.0,14.4
PBI,2024-03-08,1,0,0,0,0,0.0,0.0,0.0,0.0,0.0,0.0,0.0,0.0,0.0,0.0,0.0
PBI,2024-03-08,2,0,0,1,0,100.0,100.0,0.0,0.0,25.0,13.8,14.0,0.0,0.0,0.0,0.0
PBI,2024-03-08,3,0,0,0,1,0.0,0.0,100.0,0.0,0.0,0.0,0.0,0.0,0.2,0.0,1.0
PBI,2024-03-08,4,0,0,1,0,100.0,100.0,0.0,0.0,11.0,0.0,0.0,0.0,0.0,0.0,0.0
PBI,2024-03-08,5,3,0,4,0,75.0,75.0,0.0,7.0,11.25,1.7,7.0,0.0,0.0,0.0,0.0
PBI,2024-03-08,6,8,0,10,2,80.0,80.0,100.0,10.9,11.0,0.22,11.1,0.0,0.2,4.5,1.5
PBI,2024-03-08,7,7,0,12,1,66.67,66.67,100.0,10.25,13.08,2.05,11.58,0.0,0.2,2.0,11.0
PBI,2024-03-08,8,5,2,14,7,64.29,64.29,57.14,8.93,13.93,2.54,11.36,9.57,0.97,15.86,19.57
PBI,2024-03-08,9,7,11,20,15,50.0,40.0,60.0,19.65,18.95,8.15,27.5,7.0,2.01,9.73,18.93
PBI,2024-03-08,10,8,10,29,21,62.07,37.93,80.95,17.45,25.03,13.82,30.83,4.81,1.73,4.76,9.62
PBI,2024-03-08,11,9,8,20,14,75.0,35.0,50.0,10.3,24.25,12.9,22.65,8.64,2.38,7.86,24.21
PBI,2024-03-08,12,10,10,19,17,52.63,42.11,41.18,20.53,17.95,6.56,26.05,4.82,1.3,8.47,31.41
PBI,2024-03-08,13,10,6,15,17,33.33,20.0,52.94,30.0,15.27,3.99,34.0,5.12,3.49,9.94,26.29
PBI,2024-03-08,14,5,4,12,14,58.33,50.0,50.0,23.67,19.08,7.44,31.25,12.29,2.06,16.5,35.36
PBI,2024-03-08,15,3,9,11,18,27.27,18.18,55.56,39.09,23.64,12.17,51.45,6.33,0.47,7.67,31.83
PBI,2024-03-08,16,13,5,19,17,52.63,26.32,41.18,84.63,22.89,11.59,95.63,13.76,1.55,15.71,44.29
PBI,2024-03-08,17,3,7,9,17,55.56,33.33,47.06,14.44,23.33,12.08,24.56,15.0,0.45,13.94,25.53
PBI,2024-03-08,18,6,9,10,16,40.0,20.0,37.5,30.5,22.0,10.71,40.2,12.81,0.79,13.63,35.0
PBI,2024-03-08,19,10,7,14,14,64.29,50.0,50.0,17.57,22.86,11.43,26.57,11.93,1.53,11.14,16.79
PBI,2024-03-08,20,5,6,6,11,66.67,66.67,45.45,13.33,14.67,2.95,15.67,6.64,1.86,6.09,18.82
PBI,2024-03-08,21,2,3,3,6,66.67,66.67,66.67,10.0,11.0,0.83,9.67,2.33,1.53,3.17,12.83
PBI,2024-03-08,22,1,6,3,6,100.0,100.0,50.0,0.0,13.67,2.53,2.0,1.5,0.35,3.17,14.0
PBI,2024-03-08,23,0,6,2,7,50.0,50.0,42.86,15.5,16.5,5.3,19.0,2.43,2.09,6.71,43.29
PBI,2024-03-09,0,0,4,0,8,0.0,0.0,62.5,0.0,0.0,0.0,0.0,1.13,1.45,2.38,19.88
PBI,2024-03-09,1,0,0,0,0,0.0,0.0,0.0,0.0,0.0,0.0,0.0,0.0,0.0,0.0,0.0
PBI,2024-03-09,2,0,0,0,0,0.0,0.0,0.0,0.0,0.0,0.0,0.0,0.0,0.0,0.0,0.0
PBI,2024-03-09,4,0,0,1,0,100.0,100.0,0.0,0.0,24.0,12.8,13.0,0.0,0.0,0.0,0.0
PBI,2024-03-09,5,1,0,2,0,100.0,100.0,0.0,0.0,14.0,3.1,2.5,0.0,0.0,0.0,0.0
PBI,2024-03-09,6,8,0,14,1,64.29,64.29,100.0,11.0,14.07,2.97,13.57,0.0,1.2,3.0,9.0
PBI,2024-03-09,7,9,0,24,2,62.5,45.83,50.0,10.46,19.58,8.65,18.83,1.5,1.2,4.5,7.5
PBI,2024-03-09,8,5,1,18,4,66.67,61.11,50.0,8.72,19.17,7.84,15.5,5.75,3.2,11.25,68.0
PBI,2024-03-09,9,6,11,12,12,41.67,25.0,58.33,17.5,26.17,15.52,32.67,3.0,1.21,6.08,28.75
PBI,2024-03-09,10,8,8,13,13,53.85,23.08,38.46,32.08,28.15,16.97,48.46,6.85,1.97,20.77,52.69
PBI,2024-03-09,11,8,9,16,17,50.0,25.0,23.53,32.06,34.75,23.39,55.56,13.0,0.58,16.12,93.59
PBI,2024-03-09,12,8,9,13,13,38.46,15.38,23.08,62.54,41.0,29.33,91.46,7.15,0.85,12.77,57.69
PBI,2024-03-09,13,10,5,14,22,21.43,14.29,31.82,59.79,27.29,15.97,75.93,6.59,0.53,12.77,83.95
PBI,2024-03-09,14,6,8,14,17,7.14,0.0,23.53,61.5,20.5,8.81,70.5,3.41,0.7,24.94,104.82
PBI,2024-03-09,15,5,8,12,16,16.67,16.67,31.25,81.33,23.83,12.73,94.17,3.69,1.35,8.0,95.81
PBI,2024-03-09,16,10,5,13,8,15.38,15.38,37.5,108.38,18.46,6.81,115.31,5.25,0.9,13.63,65.88
PBI,2024-03-09,17,6,9,12,18,33.33,33.33,38.89,38.92,20.5,9.71,48.75,5.33,1.43,9.56,97.72
PBI,2024-03-09,18,8,6,13,15,23.08,15.38,46.67,117.23,19.38,8.38,125.69,5.6,1.62,6.93,44.13
PBI,2024-03-09,19,6,7,6,14,33.33,33.33,14.29,55.83,15.0,3.42,58.67,7.36,1.42,9.93,67.29
PBI,2024-03-09,20,5,5,9,6,22.22,11.11,33.33,83.0,18.0,6.91,90.0,12.83,4.08,22.5,76.83
PBI,2024-03-09,21,2,4,3,5,0.0,0.0,20.0,76.0,13.33,2.9,79.0,7.4,1.34,17.4,69.8
PBI,2024-03-09,22,1,7,2,13,50.0,50.0,30.77,14.0,13.0,1.8,16.0,10.85,2.04,16.77,74.92
PBI,2024-03-09,23,0,6,1,8,100.0,100.0,25.0,0.0,14.0,2.8,3.0,2.13,1.33,10.25,120.25
PBI,2024-03-10,0,0,4,0,5,0.0,0.0,40.0,0.0,0.0,0.0,0.0,24.8,2.16,26.8,109.0
PBI,2024-03-10,1,0,0,0,0,0.0,0.0,0.0,0.0,0.0,0.0,0.0,0.0,0.0,0.0,0.0
PBI,2024-03-10,3,0,0,0,0,0.0,0.0,0.0,0.0,0.0,0.0,0.0,0.0,0.0,0.0,0.0
PBI,2024-03-10,4,0,0,1,0,100.0,100.0,0.0,0.0,19.0,7.8,8.0,0.0,0.0,0.0,0.0
PBI,2024-03-10,5,1,0,2,0,0.0,0.0,0.0,136.0,20.0,10.1,146.0,0.0,0.0,0.0,0.0
PBI,2024-03-10,6,8,0,10,0,70.0,70.0,0.0,30.6,12.4,1.77,32.1,0.0,0.0,0.0,0.0
PBI,2024-03-10,7,8,0,11,1,54.55,54.55,0.0,21.0,13.64,2.33,22.73,3.0,1.2,10.0,29.0
PBI,2024-03-10,8,6,1,14,7,71.43,64.29,57.14,8.5,17.5,6.37,14.5,5.57,0.89,12.57,22.14
PBI,2024-03-10,9,5,9,20,14,60.0,50.0,57.14,20.9,19.2,8.09,28.85,4.93,2.41,8.21,49.36
PBI,2024-03-10,10,9,12,26,18,69.23,42.31,66.67,33.58,20.62,9.42,42.73,7.89,1.26,8.89,16.5
PBI,2024-03-10,11,9,6,30,19,30.0,23.33,31.58,38.27,20.9,9.56,47.73,16.11,1.84,19.79,52.37
PBI,2024-03-10,12,8,11,20,23,25.0,20.0,39.13,57.6,21.6,10.29,67.5,19.43,1.53,22.48,34.52
PBI,2024-03-10,13,10,6,27,14,33.33,25.93,28.57,31.63,19.52,8.2,39.7,16.07,1.61,22.93,75.0
PBI,2024-03-10,14,7,8,16,12,18.75,12.5,41.67,36.25,19.75,8.37,44.81,10.67,1.53,10.08,62.83
PBI,2024-03-10,15,7,7,16,13,25.0,18.75,30.77,55.31,19.75,8.18,63.56,15.0,1.38,19.69,38.92
PBI,2024-03-10,16,6,2,15,11,13.33,13.33,27.27,39.07,19.13,7.87,47.07,10.45,2.55,16.36,56.73
PBI,2024-03-10,17,4,10,7,23,14.29,14.29,26.09,64.86,18.29,6.74,71.71,9.52,2.08,11.83,75.87
PBI,2024-03-10,18,9,7,12,17,41.67,33.33,41.18,105.58,19.08,7.81,113.42,12.29,1.71,19.06,33.0
PBI,2024-03-10,19,8,10,11,24,18.18,18.18,25.0,46.36,19.82,7.84,53.82,7.79,2.27,9.96,48.04
PBI,2024-03-10,20,6,6,8,9,37.5,37.5,44.44,51.5,15.5,3.95,54.75,11.44,1.21,20.22,52.56
PBI,2024-03-10,21,4,2,8,4,50.0,50.0,75.0,82.25,14.25,4.0,86.13,1.0,2.15,3.5,14.25
PBI,2024-03-10,22,0,7,0,8,0.0,0.0,62.5,0.0,0.0,0.0,0.0,1.75,9.03,8.0,29.75
PBI,2024-03-10,23,0,7,0,8,0.0,0.0,37.5,0.0,0.0,0.0,0.0,20.75,1.13,21.0,87.63
PBI,2024-03-11,0,0,5,0,1,0.0,0.0,0.0,0.0,0.0,0.0,0.0,0.0,1.2,8.0,18.0
PBI,2024-03-11,1,0,0,0,4,0.0,0.0,50.0,0.0,0.0,0.0,0.0,59.25,5.5,3.0,24.75
PBI,2024-03-11,2,0,0,0,1,0.0,0.0,100.0,0.0,0.0,0.0,0.0,0.0,1.2,0.0,0.0
PBI,2024-03-11,3,0,0,0,0,0.0,0.0,0.0,0.0,0.0,0.0,0.0,0.0,0.0,0.0,0.0
PBI,2024-03-11,4,0,0,0,0,0.0,0.0,0.0,0.0,0.0,0.0,0.0,0.0,0.0,0.0,0.0
PBI,2024-03-11,5,2,0,3,2,66.67,66.67,50.0,5.67,13.0,3.53,7.67,0.0,1.2,6.0,22.5
PBI,2024-03-11,6,8,0,12,0,58.33,58.33,0.0,32.08,12.42,1.32,32.92,0.0,0.0,0.0,0.0
PBI,2024-03-11,7,7,0,13,0,76.92,61.54,0.0,4.54,16.46,5.25,8.85,0.0,0.0,0.0,0.0
PBI,2024-03-11,8,6,2,19,7,57.89,52.63,42.86,21.11,16.47,5.18,25.95,4.29,1.91,9.57,37.14
PBI,2024-03-11,9,7,10,20,12,55.0,45.0,66.67,25.55,18.15,7.02,32.1,3.08,2.62,7.67,15.5
PBI,2024-03-11,10,8,12,13,21,61.54,53.85,71.43,23.92,21.08,9.71,32.92,6.0,2.33,8.29,18.57
PBI,2024-03-11,11,11,7,22,10,45.45,31.82,80.0,24.73,21.36,9.94,34.23,9.9,2.0,6.3,12.8
PBI,2024-03-11,12,8,11,16,19,50.0,37.5,52.63,32.56,18.5,7.37,39.38,6.21,1.15,9.42,28.84
PBI,2024-03-11,13,10,6,21,12,42.86,33.33,66.67,49.1,19.76,8.59,57.67,4.75,0.9,2.75,26.92
PBI,2024-03-11,14,5,5,12,13,83.33,66.67,61.54,7.92,17.25,5.67,12.83,5.92,1.15,8.54,19.62
PBI,2024-03-11,15,5,8,12,13,50.0,41.67,38.46,15.25,15.67,4.14,19.5,5.23,1.18,5.46,33.23
PBI,2024-03-11,16,10,5,14,8,42.86,35.71,50.0,63.21,13.64,3.03,65.5,2.63,1.06,2.75,33.63
PBI,2024-03-11,17,5,8,7,14,42.86,42.86,42.86,73.0,14.14,2.91,75.57,2.93,1.11,5.79,31.07
PBI,2024-03-11,18,7,7,9,13,55.56,55.56,61.54,34.11,18.22,7.01,40.0,7.31,1.38,7.54,17.0
PBI,2024-03-11,19,9,9,11,16,81.82,81.82,81.25,6.55,15.18,3.74,9.36,2.56,1.48,2.94,26.31
PBI,2024-03-11,20,4,5,7,7,71.43,71.43,57.14,15.71,14.43,2.89,18.43,1.71,0.43,3.0,27.14
PBI,2024-03-11,21,3,2,7,6,85.71,85.71,50.0,5.57,12.43,1.94,7.57,4.33,0.78,10.17,35.17
PBI,2024-03-11,22,0,5,1,7,100.0,100.0,28.57,0.0,11.0,0.0,0.0,3.71,0.73,4.0,61.14
PBI,2024-03-11,23,0,6,0,7,0.0,0.0,57.14,0.0,0.0,0.0,0.0,0.71,0.41,5.0,30.14
PBI,2024-03-12,0,0,3,0,6,0.0,0.0,50.0,0.0,0.0,0.0,0.0,1.17,1.37,5.5,34.17
PBI,2024-03-12,1,0,0,0,0,0.0,0.0,0.0,0.0,0.0,0.0,0.0,0.0,0.0,0.0,0.0
PBI,2024-03-12,2,0,0,0,0,0.0,0.0,0.0,0.0,0.0,0.0,0.0,0.0,0.0,0.0,0.0
PBI,2024-03-12,3,0,0,0,1,0.0,0.0,100.0,0.0,0.0,0.0,0.0,0.0,0.0,3.0,0.0
PBI,2024-03-12,4,0,0,1,0,100.0,100.0,0.0,0.0,8.0,0.0,0.0,0.0,0.0,0.0,0.0
PBI,2024-03-12,5,0,0,1,0,100.0,100.0,0.0,0.0,17.0,5.8,6.0,0.0,0.0,0.0,0.0
PBI,2024-03-12,6,9,0,14,2,71.43,71.43,0.0,9.86,11.79,1.24,9.64,1.5,0.7,6.0,25.5
PBI,2024-03-12,7,7,0,10,2,90.0,90.0,50.0,8.4,13.1,2.17,9.8,1.5,0.2,4.0,9.5
PBI,2024-03-12,8,5,1,11,4,54.55,45.45,75.0,22.64,14.18,3.43,25.82,0.5,0.2,0.75,6.75
PBI,2024-03-12,9,5,9,13,16,46.15,46.15,50.0,39.46,14.15,3.15,42.46,4.5,0.91,4.69,26.31
PBI,2024-03-12,10,8,10,19,15,68.42,57.89,86.67,18.68,14.79,3.69,21.79,5.33,1.93,3.87,7.07
PBI,2024-03-12,11,10,8,16,13,62.5,56.25,84.62,10.63,14.44,3.12,13.06,4.31,2.3,4.62,9.54
PBI,2024-03-12,12,7,10,14,21,78.57,78.57,47.62,8.64,15.64,4.38,11.71,7.95,1.32,9.43,21.9
PBI,2024-03-12,13,9,5,15,8,80.0,80.0,62.5,6.4,12.53,1.81,6.93,4.5,0.53,5.75,16.0
PBI,2024-03-12,14,6,6,11,14,54.55,54.55,57.14,14.0,13.0,1.85,15.55,4.43,1.19,5.29,15.36
PBI,2024-03-12,15,5,8,17,14,52.94,52.94,78.57,29.12,15.24,3.68,32.29,2.36,1.17,3.36,7.93
PBI,2024-03-12,16,8,3,14,12,85.71,78.57,58.33,6.57,15.29,4.28,9.36,3.5,1.89,6.5,20.17
PBI,2024-03-12,17,4,7,6,16,83.33,66.67,56.25,6.83,14.83,3.22,9.17,3.94,0.94,5.0,36.0
PBI,2024-03-12,18,7,5,9,8,44.44,44.44,100.0,57.78,12.67,1.66,58.67,3.88,0.29,0.38,0.0
PBI,2024-03-12,19,6,8,8,13,87.5,87.5,61.54,3.88,15.25,3.16,5.63,1.31,0.57,1.92,20.62
PBI,2024-03-12,20,5,4,5,7,100.0,80.0,71.43,2.8,13.0,2.68,4.6,2.43,0.6,2.57,8.29
PBI,2024-03-12,21,1,2,4,3,75.0,75.0,66.67,11.75,13.0,1.9,12.5,5.67,1.97,4.67,28.33
PBI,2024-03-12,22,0,6,1,7,100.0,100.0,100.0,0.0,10.0,0.0,0.0,0.29,0.4,2.0,0.71
PBI,2024-03-12,23,0,7,0,10,0.0,0.0,60.0,0.0,0.0,0.0,0.0,1.0,0.55,2.2,25.4
PBI,2024-03-13,0,0,3,0,4,0.0,0.0,50.0,0.0,0.0,0.0,0.0,2.5,0.9,5.75,13.75
PBI,2024-03-13,1,0,1,0,0,0.0,0.0,0.0,0.0,0.0,0.0,0.0,0.0,0.0,0.0,0.0
PBI,2024-03-13,3,0,0,0,1,0.0,0.0,100.0,0.0,0.0,0.0,0.0,0.0,0.0,0.0,0.0
PBI,2024-03-13,4,0,0,1,0,100.0,100.0,0.0,0.0,8.0,0.0,0.0,0.0,0.0,0.0,0.0
PBI,2024-03-13,5,1,0,1,0,100.0,100.0,0.0,0.0,10.0,0.0,0.0,0.0,0.0,0.0,0.0
PBI,2024-03-13,6,9,0,11,2,90.91,90.91,100.0,2.36,12.18,1.61,2.82,0.0,0.6,0.0,12.5
PBI,2024-03-13,7,7,0,15,0,53.33,53.33,0.0,15.0,12.73,1.9,16.53,0.0,0.0,0.0,0.0
PBI,2024-03-13,8,4,2,16,2,56.25,56.25,50.0,12.69,14.38,3.22,15.94,2.5,1.6,0.0,134.5
PBI,2024-03-13,9,6,8,10,11,50.0,40.0,72.73,39.2,14.0,3.15,41.7,5.0,1.09,6.55,11.27
PBI,2024-03-13,10,7,10,18,16,50.0,50.0,68.75,18.22,14.89,3.76,21.72,7.81,0.76,7.63,20.38
PBI,2024-03-13,11,10,7,18,10,66.67,66.67,70.0,17.78,14.83,3.49,20.56,3.6,4.39,4.6,16.7
PBI,2024-03-13,12,6,11,11,20,90.91,90.91,45.0,3.73,14.36,2.86,5.55,6.3,1.24,7.55,38.3
PBI,2024-03-13,13,9,5,14,9,42.86,28.57,55.56,38.64,16.57,5.52,43.14,4.67,0.2,3.56,30.56
PBI,2024-03-13,14,8,8,16,23,75.0,75.0,34.78,21.5,15.69,4.36,25.25,6.13,0.57,8.26,30.74
PBI,2024-03-13,15,5,7,12,20,50.0,41.67,55.0,30.75,16.33,4.73,35.5,8.65,1.05,11.3,22.2
PBI,2024-03-13,16,7,4,13,21,76.92,61.54,33.33,11.69,18.38,7.32,17.92,9.05,2.61,12.05,38.38
PBI,2024-03-13,17,5,6,7,19,71.43,71.43,36.84,27.0,15.14,4.11,29.71,6.21,1.12,11.32,31.95
PBI,2024-03-13,18,6,5,10,14,20.0,20.0,35.71,23.7,17.5,6.02,29.5,7.57,1.23,10.0,26.57
PBI,2024-03-13,19,7,9,12,12,75.0,75.0,83.33,8.25,14.83,3.72,11.25,6.33,0.94,4.83,11.25
PBI,2024-03-13,20,6,4,6,4,66.67,66.67,75.0,17.0,13.67,2.78,19.0,0.5,4.15,1.25,5.25
PBI,2024-03-13,21,2,3,4,5,100.0,100.0,40.0,3.0,13.75,2.78,5.0,4.8,0.92,3.0,16.4
PBI,2024-03-13,22,0,6,2,8,100.0,100.0,75.0,0.0,13.0,1.9,0.5,1.75,0.13,1.75,5.88
PBI,2024-03-13,23,0,7,0,7,0.0,0.0,100.0,0.0,0.0,0.0,0.0,0.14,2.26,0.0,0.0
PBI,2024-03-14,0,0,5,0,4,0.0,0.0,100.0,0.0,0.0,0.0,0.0,4.0,0.73,3.75,5.5
PBI,2024-03-14,1,0,0,0,1,0.0,0.0,100.0,0.0,0.0,0.0,0.0,0.0,0.2,0.0,0.0
PBI,2024-03-14,3,0,0,0,1,0.0,0.0,0.0,0.0,0.0,0.0,0.0,0.0,0.2,0.0,17.0
PBI,2024-03-14,4,0,0,0,0,0.0,0.0,0.0,0.0,0.0,0.0,0.0,0.0,0.0,0.0,0.0
PBI,2024-03-14,5,2,0,4,0,75.0,75.0,0.0,13.0,12.0,2.1,14.5,0.0,0.0,0.0,0.0
PBI,2024-03-14,6,8,0,8,2,75.0,75.0,100.0,17.88,13.38,2.29,20.13,0.0,0.2,1.5,7.5
PBI,2024-03-14,7,7,0,13,1,61.54,61.54,0.0,17.0,14.38,3.0,19.46,1.0,0.2,2.0,21.0
PBI,2024-03-14,8,5,0,15,2,73.33,53.33,50.0,6.73,15.0,4.48,11.0,2.0,0.2,5.0,9.0
PBI,2024-03-14,9,6,11,20,14,55.0,55.0,92.86,14.95,14.8,3.87,18.8,0.86,2.0,1.21,5.57
PBI,2024-03-14,10,8,11,20,17,55.0,50.0,82.35,21.9,16.6,5.43,26.3,4.82,0.86,6.41,10.94
PBI,2024-03-14,11,10,8,16,10,75.0,75.0,60.0,10.56,14.75,3.26,13.06,2.9,1.98,5.3,23.3
PBI,2024-03-14,12,9,11,21,24,57.14,57.14,62.5,18.0,15.24,4.12,21.62,6.29,2.36,8.33,24.08
PBI,2024-03-14,13,10,6,22,17,50.0,40.91,58.82,22.5,15.68,4.56,26.95,8.76,0.88,12.41,23.53
PBI,2024-03-14,14,5,5,16,13,62.5,56.25,61.54,15.94,15.13,3.71,19.38,3.54,1.31,5.85,20.31
PBI,2024-03-14,15,6,9,12,19,50.0,41.67,52.63,33.08,17.58,5.84,38.75,7.42,1.2,9.47,24.05
PBI,2024-03-14,16,8,2,13,18,92.31,76.92,44.44,2.69,16.54,5.51,6.92,10.33,1.0,12.06,26.0
PBI,2024-03-14,17,4,9,10,23,50.0,50.0,52.17,21.1,15.6,4.36,25.4,11.91,1.09,9.83,40.78
PBI,2024-03-14,18,8,8,7,18,85.71,71.43,55.56,36.71,14.29,3.34,39.29,10.17,1.71,11.56,22.67
PBI,2024-03-14,19,9,9,13,18,92.31,92.31,61.11,2.08,16.23,4.6,5.69,6.17,0.45,7.17,16.72
PBI,2024-03-14,20,6,5,9,11,77.78,77.78,45.45,5.78,16.11,4.64,9.0,5.73,0.5,5.27,23.82
PBI,2024-03-14,21,2,2,3,6,100.0,100.0,66.67,4.67,10.0,0.0,4.33,3.33,0.7,7.83,13.33
PBI,2024-03-14,22,0,7,1,7,100.0,100.0,100.0,0.0,15.0,3.8,0.0,0.71,0.91,0.0,0.14
PBI,2024-03-14,23,0,6,0,7,0.0,0.0,85.71,0.0,0.0,0.0,0.0,0.0,1.44,1.0,33.0
PBI,2024-03-15,0,0,5,0,7,0.0,0.0,57.14,0.0,0.0,0.0,0.0,1.43,0.77,1.0,25.0
PBI,2024-03-15,1,0,0,0,1,0.0,0.0,100.0,0.0,0.0,0.0,0.0,4.0,0.2,11.0,5.0
PBI,2024-03-15,2,0,0,0,0,0.0,0.0,0.0,0.0,0.0,0.0,0.0,0.0,0.0,0.0,0.0
PBI,2024-03-15,3,0,0,0,1,0.0,0.0,0.0,0.0,0.0,0.0,0.0,0.0,0.0,0.0,46.0
PBI,2024-03-15,4,0,0,1,0,0.0,0.0,0.0,46.0,8.0,0.0,43.0,0.0,0.0,0.0,0.0
PBI,2024-03-15,5,2,0,4,0,50.0,50.0,0.0,16.25,11.5,1.9,17.5,0.0,0.0,0.0,0.0
PBI,2024-03-15,6,8,0,14,1,78.57,71.43,0.0,21.07,16.14,5.33,26.0,2.0,0.0,3.0,68.0
PBI,2024-03-15,7,7,0,13,1,84.62,84.62,0.0,5.08,15.23,3.98,7.31,0.0,0.2,5.0,41.0
PBI,2024-03-15,8,6,2,17,4,64.71,64.71,50.0,10.65,14.47,3.25,13.18,1.0,1.45,3.5,17.0
PBI,2024-03-15,9,7,10,18,11,61.11,55.56,100.0,13.89,16.17,5.38,18.72,0.91,1.02,2.91,1.82
PBI,2024-03-15,10,8,12,19,23,57.89,47.37,65.22,15.95,18.89,7.57,22.21,3.87,1.6,4.83,16.78
PBI,2024-03-15,11,11,7,26,15,69.23,61.54,73.33,10.81,17.62,6.24,16.31,3.8,4.12,4.93,14.73
PBI,2024-03-15,12,8,11,20,22,60.0,60.0,59.09,23.65,19.4,8.16,30.65,5.73,2.12,13.32,17.82
PBI,2024-03-15,13,10,6,16,13,81.25,50.0,53.85,11.13,23.5,12.09,22.81,3.31,2.16,6.15,27.38
PBI,2024-03-15,14,5,5,13,16,61.54,15.38,31.25,13.85,31.46,19.84,33.92,5.0,3.08,9.94,37.94
PBI,2024-03-15,15,5,8,13,24,76.92,38.46,33.33,16.46,27.92,16.21,31.15,14.04,0.81,16.88,36.54
PBI,2024-03-15,16,11,5,21,18,47.62,38.1,33.33,26.71,19.19,8.13,34.9,9.33,0.85,13.72,46.39
PBI,2024-03-15,17,4,8,8,21,50.0,37.5,47.62,13.13,16.0,4.47,17.75,9.24,0.4,9.67,38.67
PBI,2024-03-15,18,7,6,9,19,88.89,88.89,42.11,7.11,13.11,2.27,8.0,11.37,0.54,11.16,41.47
PBI,2024-03-15,19,9,10,13,15,53.85,53.85,53.33,33.54,13.85,2.46,35.92,9.8,0.36,6.07,27.0
PBI,2024-03-15,20,5,5,6,12,66.67,66.67,58.33,7.33,15.0,3.28,9.83,9.42,1.38,8.83,19.0
PBI,2024-03-15,21,2,3,3,10,33.33,33.33,40.0,46.0,13.33,2.9,48.33,7.0,1.23,9.5,19.1
PBI,2024-03-15,22,1,7,3,7,100.0,100.0,85.71,1.0,12.67,1.53,2.33,4.43,1.03,1.43,19.57
PBI,2024-03-15,23,0,6,0,8,0.0,0.0,62.5,0.0,0.0,0.0,0.0,2.13,2.13,4.63,29.75
PBI,2024-03-16,0,0,4,0,5,0.0,0.0,80.0,0.0,0.0,0.0,0.0,0.0,0.54,0.0,13.0
PBI,2024-03-16,1,0,0,0,2,0.0,0.0,0.0,0.0,0.0,0.0,0.0,8.5,1.2,12.0,37.5
PBI,2024-03-16,2,0,0,0,0,0.0,0.0,0.0,0.0,0.0,0.0,0.0,0.0,0.0,0.0,0.0
PBI,2024-03-16,3,0,0,0,1,0.0,0.0,100.0,0.0,0.0,0.0,0.0,0.0,1.2,0.0,0.0
PBI,2024-03-16,5,1,0,2,0,50.0,50.0,0.0,26.5,12.0,1.2,26.5,0.0,0.0,0.0,0.0
PBI,2024-03-16,6,7,0,10,1,70.0,70.0,100.0,38.9,13.1,2.09,40.7,0.0,0.2,0.0,12.0
PBI,2024-03-16,7,10,0,16,4,75.0,75.0,25.0,35.25,14.13,3.11,37.38,3.5,0.65,5.75,16.5
PBI,2024-03-16,8,5,1,18,4,61.11,61.11,25.0,16.0,18.78,7.43,23.17,7.75,1.2,12.75,16.75
PBI,2024-03-16,9,5,9,20,13,40.0,25.0,84.62,24.75,23.4,12.25,36.45,3.0,1.49,3.15,6.46
PBI,2024-03-16,10,8,10,20,18,60.0,35.0,77.78,19.3,21.8,10.61,28.75,2.67,2.93,6.0,15.72
PBI,2024-03-16,11,9,8,20,15,65.0,60.0,60.0,19.55,17.25,5.93,24.45,2.73,1.07,7.67,24.87
PBI,2024-03-16,12,7,10,16,13,50.0,37.5,46.15,20.94,15.56,4.24,24.69,6.62,1.4,13.15,44.85
PBI,2024-03-16,13,10,3,15,12,66.67,53.33,33.33,15.4,16.07,5.06,20.2,5.92,1.83,13.67,36.0
PBI,2024-03-16,14,5,9,14,29,57.14,57.14,48.28,14.57,15.93,4.39,19.0,5.69,2.49,9.31,33.03
PBI,2024-03-16,15,8,7,21,21,47.62,42.86,28.57,38.48,17.57,6.54,44.67,6.81,1.77,13.76,38.14
PBI,2024-03-16,16,7,6,12,14,41.67,33.33,35.71,23.5,18.33,7.08,30.25,4.14,3.31,8.21,38.57
PBI,2024-03-16,17,7,9,10,18,60.0,50.0,61.11,22.9,17.4,6.32,29.2,4.5,0.69,7.83,23.39
PBI,2024-03-16,18,8,6,10,18,50.0,40.0,61.11,35.6,16.3,5.52,40.3,5.28,0.59,6.17,21.78
PBI,2024-03-16,19,6,8,11,11,90.91,90.91,54.55,14.91,13.91,2.57,16.91,1.55,2.35,1.82,30.36
PBI,2024-03-16,20,7,5,9,7,66.67,66.67,85.71,14.11,13.89,2.66,16.0,1.57,4.53,0.43,3.71
PBI,2024-03-16,21,2,4,4,5,100.0,75.0,80.0,4.25,16.25,5.63,10.0,2.4,1.22,2.0,7.0
PBI,2024-03-16,22,1,8,2,9,100.0,100.0,88.89,4.5,13.5,2.4,7.0,0.78,0.93,1.67,12.44
PBI,2024-03-16,23,0,6,0,6,0.0,0.0,83.33,0.0,0.0,0.0,0.0,0.83,0.78,0.0,44.83
PBI,2024-03-17,0,0,4,0,5,0.0,0.0,80.0,0.0,0.0,0.0,0.0,2.4,1.36,1.8,12.6
PBI,2024-03-17,1,0,0,0,0,0.0,0.0,0.0,0.0,0.0,0.0,0.0,0.0,0.0,0.0,0.0
PBI,2024-03-17,3,0,0,0,0,0.0,0.0,0.0,0.0,0.0,0.0,0.0,0.0,0.0,0.0,0.0
PBI,2024-03-17,5,1,0,3,0,66.67,66.67,0.0,10.67,11.67,1.4,11.33,0.0,0.0,0.0,0.0
PBI,2024-03-17,6,8,0,9,0,88.89,88.89,0.0,2.67,14.33,3.18,4.22,0.0,0.0,0.0,0.0
PBI,2024-03-17,7,8,0,15,0,66.67,66.67,0.0,9.13,13.27,2.07,10.53,0.0,0.0,0.0,0.0
PBI,2024-03-17,8,6,1,17,2,64.71,64.71,50.0,24.71,12.82,1.44,26.0,2.0,0.2,3.5,20.0
PBI,2024-03-17,9,6,10,13,16,38.46,38.46,75.0,24.15,14.69,3.9,27.54,1.19,0.9,2.0,11.63
PBI,2024-03-17,10,9,11,24,19,62.5,62.5,73.68,12.0,16.42,5.25,16.13,3.74,1.68,4.95,10.05
PBI,2024-03-17,11,9,8,24,11,54.17,54.17,81.82,37.08,16.71,5.32,41.54,6.27,2.08,7.36,21.27
PBI,2024-03-17,12,9,11,20,20,70.0,60.0,50.0,16.6,19.35,8.12,23.15,10.4,2.04,14.1,20.95
PBI,2024-03-17,13,10,7,23,21,34.78,21.74,28.57,39.17,20.91,9.54,48.09,10.14,2.57,15.48,40.9
PBI,2024-03-17,14,7,7,21,19,33.33,14.29,42.11,29.95,21.52,10.2,40.24,9.53,2.82,11.11,24.58
PBI,2024-03-17,15,7,7,17,17,35.29,29.41,35.29,32.59,18.94,7.69,39.29,10.12,2.64,15.29,33.59
PBI,2024-03-17,16,6,2,11,13,45.45,45.45,38.46,22.45,16.27,4.95,26.45,7.92,2.58,12.38,47.08
PBI,2024-03-17,17,4,9,14,20,50.0,42.86,40.0,25.36,15.29,3.92,29.29,4.8,2.91,7.45,47.1
PBI,2024-03-17,18,8,8,15,19,40.0,40.0,57.89,36.8,15.4,4.28,40.8,5.68,1.18,9.47,33.16
PBI,2024-03-17,19,9,8,14,13,64.29,64.29,61.54,11.86,15.43,3.61,15.57,1.69,2.42,6.85,18.77
PBI,2024-03-17,20,6,7,7,10,57.14,57.14,30.0,21.29,13.57,2.53,23.57,1.4,1.4,7.8,72.3
PBI,2024-03-17,21,3,2,4,7,0.0,0.0,57.14,97.75,12.5,2.53,100.25,2.29,0.67,4.71,27.14
PBI,2024-03-17,22,0,7,0,11,0.0,0.0,72.73,0.0,0.0,0.0,0.0,2.27,0.84,4.82,10.82
PBI,2024-03-17,23,0,7,1,7,100.0,100.0,71.43,0.0,11.0,0.0,0.0,2.57,1.3,5.43,15.57
PBI,2024-03-18,0,0,6,0,4,0.0,0.0,100.0,0.0,0.0,0.0,0.0,3.5,1.25,0.0,0.0
PBI,2024-03-18,2,0,0,0,0,0.0,0.0,0.0,0.0,0.0,0.0,0.0,0.0,0.0,0.0,0.0
PBI,2024-03-18,4,0,0,1,0,0.0,0.0,0.0,31.0,14.0,2.8,34.0,0.0,0.0,0.0,0.0
PBI,2024-03-18,5,2,0,3,0,66.67,66.67,0.0,9.0,11.67,2.27,10.33,0.0,0.0,0.0,0.0
PBI,2024-03-18,6,8,0,12,1,66.67,66.67,0.0,33.58,13.42,2.53,35.08,0.0,1.2,2.0,64.0
PBI,2024-03-18,7,7,0,18,0,44.44,38.89,0.0,17.83,14.78,3.69,21.22,0.0,0.0,0.0,0.0
PBI,2024-03-18,8,6,2,13,5,69.23,61.54,60.0,13.31,15.23,3.97,15.54,4.0,0.96,6.8,12.6
PBI,2024-03-18,9,7,10,14,14,50.0,50.0,78.57,18.71,13.71,3.39,21.64,2.14,1.91,7.0,8.71
PBI,2024-03-18,10,8,12,14,17,85.71,78.57,76.47,9.07,18.21,6.84,14.43,2.47,2.35,5.82,12.35
PBI,2024-03-18,11,11,7,17,15,82.35,82.35,53.33,4.88,17.41,5.99,10.35,8.2,1.18,11.53,20.67
PBI,2024-03-18,12,8,11,12,24,83.33,83.33,37.5,9.5,15.0,3.98,12.75,8.0,1.91,12.96,26.17
PBI,2024-03-18,13,10,5,16,12,43.75,37.5,16.67,17.56,15.69,4.8,21.44,6.58,2.92,20.83,39.83
PBI,2024-03-18,14,4,6,13,18,61.54,53.85,22.22,12.08,15.0,3.54,15.77,8.94,1.31,12.67,46.17
PBI,2024-03-18,15,6,8,12,15,33.33,16.67,66.67,44.33,17.0,5.37,49.33,7.73,1.79,9.87,17.33
PBI,2024-03-18,16,10,5,10,13,70.0,70.0,38.46,17.9,17.5,6.65,24.2,11.46,2.13,15.85,39.15
PBI,2024-03-18,17,5,8,14,15,35.71,28.57,53.33,30.21,14.93,3.64,33.86,10.73,2.01,14.53,26.6
PBI,2024-03-18,18,7,7,10,12,50.0,50.0,50.0,33.7,15.1,4.03,37.1,6.92,1.05,10.5,34.33
PBI,2024-03-18,19,10,10,12,16,25.0,33.33,50.0,35.75,11.33,0.81,35.42,4.0,1.44,7.31,28.81
PBI,2024-03-18,20,4,5,4,6,25.0,25.0,66.67,28.25,13.5,2.38,30.25,2.0,2.25,5.67,20.33
PBI,2024-03-18,21,3,2,4,3,75.0,75.0,100.0,49.25,11.0,1.07,49.75,0.67,0.8,1.0,3.33
PBI,2024-03-18,22,0,5,1,5,100.0,100.0,60.0,0.0,8.0,0.0,0.0,1.6,0.46,4.0,23.8
PBI,2024-03-18,23,0,5,0,5,0.0,0.0,80.0,0.0,0.0,0.0,0.0,1.4,0.68,4.4,24.0
PBI,2024-03-19,0,0,3,0,6,0.0,0.0,66.67,0.0,0.0,0.0,0.0,2.5,1.3,1.33,7.33
PBI,2024-03-19,1,0,0,0,0,0.0,0.0,0.0,0.0,0.0,0.0,0.0,0.0,0.0,0.0,0.0
PBI,2024-03-19,3,0,0,0,1,0.0,0.0,100.0,0.0,0.0,0.0,0.0,0.0,1.2,0.0,0.0
PBI,2024-03-19,4,0,0,1,0,100.0,100.0,0.0,0.0,9.0,0.0,0.0,0.0,0.0,0.0,0.0
PBI,2024-03-19,5,0,0,2,0,50.0,50.0,0.0,27.0,18.5,7.3,34.5,0.0,0.0,0.0,0.0
PBI,2024-03-19,6,9,0,15,2,80.0,73.33,0.0,8.53,13.87,2.93,10.4,0.0,1.2,2.0,26.5
PBI,2024-03-19,7,7,0,13,2,46.15,46.15,100.0,16.69,11.31,0.57,16.69,6.5,1.2,6.5,6.5
PBI,2024-03-19,8,5,1,13,1,53.85,53.85,100.0,15.15,12.15,1.25,16.08,0.0,0.0,0.0,1.0
PBI,2024-03-19,9,5,9,13,15,69.23,61.54,66.67,7.92,15.85,4.88,11.92,3.13,1.15,5.73,13.0
PBI,2024-03-19,10,8,10,15,15,60.0,53.33,80.0,15.07,17.67,6.37,20.93,4.2,3.14,3.93,10.13
PBI,2024-03-19,11,10,7,15,15,80.0,60.0,53.33,6.2,19.67,8.35,12.8,4.6,1.13,5.53,11.07
PBI,2024-03-19,12,6,10,12,17,58.33,58.33,58.82,11.92,15.67,4.16,15.0,5.12,2.88,4.41,16.41
PBI,2024-03-19,13,9,5,16,10,62.5,62.5,70.0,10.69,15.5,4.49,14.56,5.5,1.96,4.1,13.1
PBI,2024-03-19,14,6,6,11,12,63.64,63.64,66.67,16.18,14.91,3.46,18.91,5.25,1.99,5.0,12.42
PBI,2024-03-19,15,5,7,10,12,50.0,50.0,75.0,16.6,13.6,2.15,17.8,2.17,1.19,4.58,11.58
PBI,2024-03-19,16,7,3,10,17,90.0,90.0,41.18,5.4,13.8,2.83,6.5,8.0,1.01,9.06,36.12
PBI,2024-03-19,17,4,7,5,20,80.0,80.0,50.0,9.8,14.4,2.76,9.8,8.9,0.68,9.25,27.0
PBI,2024-03-19,18,7,6,8,16,62.5,62.5,43.75,12.13,16.0,4.6,15.0,7.75,0.62,6.38,23.31
PBI,2024-03-19,19,7,8,12,10,83.33,83.33,90.0,6.0,12.0,0.45,6.08,2.0,1.63,1.1,3.1
PBI,2024-03-19,20,5,4,7,8,71.43,71.43,62.5,12.71,13.43,2.5,14.57,2.13,4.01,4.5,17.63
PBI,2024-03-19,21,1,2,2,5,100.0,100.0,60.0,0.0,12.5,1.25,0.0,1.8,1.18,3.6,10.6
PBI,2024-03-19,22,0,6,1,9,0.0,0.0,77.78,36.0,11.0,0.0,36.0,0.11,1.4,0.22,8.22
PBI,2024-03-19,23,0,7,0,9,0.0,0.0,88.89,0.0,0.0,0.0,0.0,1.33,1.29,2.22,6.22
PBI,2024-03-20,0,0,3,0,4,0.0,0.0,75.0,0.0,0.0,0.0,0.0,1.25,1.9,0.5,6.0
PBI,2024-03-20,3,0,0,0,1,0.0,0.0,100.0,0.0,0.0,0.0,0.0,0.0,0.0,0.0,0.0
PBI,2024-03-20,4,0,0,1,0,0.0,0.0,0.0,28.0,10.0,0.0,27.0,0.0,0.0,0.0,0.0
PBI,2024-03-20,5,0,0,2,0,0.0,0.0,0.0,52.0,14.0,2.8,55.0,0.0,0.0,0.0,0.0
PBI,2024-03-20,6,9,0,16,2,75.0,75.0,50.0,5.06,17.38,6.41,8.63,0.5,2.2,5.5,16.0
PBI,2024-03-20,7,7,0,13,0,69.23,69.23,0.0,6.62,13.08,2.13,7.23,0.0,0.0,0.0,0.0
PBI,2024-03-20,8,5,2,16,3,68.75,62.5,66.67,8.0,15.06,4.04,11.88,1.0,1.13,3.67,12.67
PBI,2024-03-20,9,6,8,17,17,41.18,35.29,58.82,29.94,14.88,4.11,33.88,2.76,1.44,5.53,14.76
PBI,2024-03-20,10,7,10,19,16,57.89,42.11,68.75,11.37,18.58,7.32,17.21,2.69,1.93,5.0,14.44
PBI,2024-03-20,11,10,7,21,12,76.19,52.38,58.33,8.86,19.43,8.16,15.86,5.83,3.46,7.08,34.92
PBI,2024-03-20,12,6,9,12,18,58.33,50.0,61.11,17.17,18.92,7.39,23.25,4.83,1.65,6.39,13.89
PBI,2024-03-20,13,7,6,14,15,50.0,42.86,80.0,20.86,17.64,6.44,25.93,6.2,0.31,6.87,9.93
PBI,2024-03-20,14,8,7,21,16,61.9,61.9,75.0,16.9,17.33,6.02,22.19,6.81,0.43,7.19,9.75
PBI,2024-03-20,15,5,7,16,14,56.25,43.75,64.29,21.5,19.06,7.47,28.5,3.07,0.67,5.5,18.93
PBI,2024-03-20,16,7,4,12,16,75.0,58.33,56.25,10.33,17.17,6.14,13.83,7.75,1.84,7.63,16.06
PBI,2024-03-20,17,5,6,9,16,66.67,66.67,43.75,8.33,14.33,3.0,10.67,4.5,0.41,5.25,24.56
PBI,2024-03-20,18,6,6,9,14,66.67,66.67,50.0,36.22,11.44,0.5,36.67,8.64,0.36,9.07,30.21
PBI,2024-03-20,19,7,8,9,17,44.44,44.44,70.59,37.22,12.22,0.72,37.44,2.94,0.66,3.29,14.94
PBI,2024-03-20,20,6,4,7,9,100.0,100.0,33.33,0.43,12.43,1.71,1.43,2.56,4.26,8.0,31.56
PBI,2024-03-20,21,2,3,3,6,100.0,100.0,66.67,2.0,10.0,0.27,1.33,3.67,0.47,2.0,21.67
PBI,2024-03-20,22,0,7,1,9,100.0,100.0,66.67,0.0,12.0,0.8,0.0,2.67,0.67,4.56,10.89
PBI,2024-03-20,23,0,7,0,8,0.0,0.0,75.0,0.0,0.0,0.0,0.0,1.63,1.56,3.75,7.5
PBI,2024-03-21,0,0,5,0,3,0.0,0.0,100.0,0.0,0.0,0.0,0.0,0.67,1.8,0.0,0.0
PBI,2024-03-21,1,0,0,0,3,0.0,0.0,66.67,0.0,0.0,0.0,0.0,0.0,0.53,1.67,5.33
PBI,2024-03-21,2,0,0,0,1,0.0,0.0,0.0,0.0,0.0,0.0,0.0,3.0,0.2,7.0,23.0
PBI,2024-03-21,3,0,0,0,1,0.0,0.0,100.0,0.0,0.0,0.0,0.0,0.0,0.2,0.0,0.0
PBI,2024-03-21,4,0,0,1,0,100.0,100.0,0.0,0.0,11.0,0.0,0.0,0.0,0.0,0.0,0.0
PBI,2024-03-21,5,2,0,4,1,50.0,50.0,0.0,14.0,13.5,3.7,17.0,0.0,0.2,1.0,51.0
PBI,2024-03-21,6,8,0,10,1,80.0,80.0,100.0,8.1,12.5,1.49,8.5,0.0,1.2,0.0,6.0
PBI,2024-03-21,7,7,0,14,0,64.29,64.29,0.0,12.43,14.86,3.57,14.79,0.0,0.0,0.0,0.0
PBI,2024-03-21,8,5,0,23,1,52.17,47.83,0.0,21.57,16.48,5.29,26.61,11.0,0.2,26.0,91.0
PBI,2024-03-21,9,6,11,17,14,64.71,41.18,71.43,11.41,21.65,10.53,21.29,3.21,1.04,5.21,10.57
PBI,2024-03-21,10,8,11,13,19,76.92,38.46,57.89,11.31,25.85,14.48,24.92,8.0,2.34,10.74,23.63
PBI,2024-03-21,11,10,8,23,15,60.87,26.09,53.33,17.09,33.7,22.28,38.87,5.2,3.25,8.27,19.73
PBI,2024-03-21,12,9,11,12,23,58.33,8.33,56.52,18.42,39.58,28.28,44.0,5.48,2.28,9.17,22.17
PBI,2024-03-21,13,9,6,19,15,42.11,15.79,33.33,24.32,25.89,14.55,37.53,5.67,0.91,11.6,32.73
PBI,2024-03-21,14,6,5,12,15,25.0,25.0,46.67,19.92,21.67,10.01,29.33,9.13,0.86,10.93,37.73
PBI,2024-03-21,15,6,9,15,18,46.67,26.67,61.11,28.93,22.87,11.23,39.27,6.89,0.76,5.11,21.89
PBI,2024-03-21,16,8,3,15,18,46.67,40.0,50.0,20.73,16.67,5.6,25.0,12.39,0.31,15.89,28.94
PBI,2024-03-21,17,5,9,14,25,50.0,50.0,40.0,19.29,16.36,5.24,22.71,13.2,0.55,11.12,32.72
PBI,2024-03-21,18,8,9,12,17,83.33,83.33,41.18,6.75,16.83,5.84,12.42,5.24,0.65,5.94,28.0
PBI,2024-03-21,19,10,9,13,15,61.54,53.85,46.67,15.38,17.15,5.41,19.54,6.87,1.43,4.4,23.47
PBI,2024-03-21,20,6,5,9,11,77.78,77.78,45.45,10.44,18.56,7.01,17.0,6.09,1.68,6.45,30.36
PBI,2024-03-21,21,2,2,5,3,60.0,60.0,66.67,18.0,13.0,2.64,20.6,5.33,0.63,7.0,15.33
PBI,2024-03-21,22,0,7,1,9,100.0,100.0,77.78,0.0,13.0,1.8,0.0,0.33,0.98,0.22,26.78
PBI,2024-03-21,23,0,6,0,6,0.0,0.0,33.33,0.0,0.0,0.0,0.0,1.33,1.32,7.0,34.83
PBI,2024-03-22,0,0,5,0,6,0.0,0.0,50.0,0.0,0.0,0.0,0.0,1.67,1.37,1.33,15.83
PBI,2024-03-22,1,0,0,0,1,0.0,0.0,100.0,0.0,0.0,0.0,0.0,0.0,0.2,2.0,0.0
PBI,2024-03-22,2,0,0,0,0,0.0,0.0,0.0,0.0,0.0,0.0,0.0,0.0,0.0,0.0,0.0
PBI,2024-03-22,3,0,0,0,2,0.0,0.0,0.0,0.0,0.0,0.0,0.0,3.5,0.6,0.0,24.5
PBI,2024-03-22,4,0,0,1,0,0.0,0.0,0.0,33.0,11.0,0.0,33.0,0.0,0.0,0.0,0.0
PBI,2024-03-22,5,2,0,3,0,66.67,66.67,0.0,33.33,12.33,2.87,35.0,0.0,0.0,0.0,0.0
PBI,2024-03-22,6,8,0,11,2,90.91,90.91,50.0,3.0,12.64,1.59,4.18,1.5,0.1,0.0,15.0
PBI,2024-03-22,7,7,0,12,0,50.0,50.0,0.0,27.83,15.75,4.2,30.83,0.0,0.0,0.0,0.0
PBI,2024-03-22,8,6,2,16,3,75.0,75.0,100.0,14.25,15.5,4.13,18.25,0.0,2.2,1.33,3.67
PBI,2024-03-22,9,7,10,19,15,63.16,31.58,73.33,12.47,22.89,11.93,24.47,5.0,1.31,6.4,10.4
PBI,2024-03-22,10,8,12,19,22,57.89,15.79,77.27,17.11,27.84,16.52,33.32,7.32,3.5,9.55,17.73
PBI,2024-03-22,11,11,7,22,14,63.64,18.18,64.29,20.18,25.64,14.22,34.36,6.93,3.24,7.21,23.29
PBI,2024-03-22,12,8,11,24,20,62.5,29.17,25.0,16.75,28.25,17.0,33.38,7.3,1.93,14.5,59.45
PBI,2024-03-22,13,10,6,26,14,30.77,7.69,21.43,39.19,29.69,18.34,57.62,8.36,3.9,21.79,73.86
PBI,2024-03-22,14,5,5,12,15,50.0,25.0,20.0,50.92,24.5,12.86,64.0,10.87,1.13,16.73,53.27
PBI,2024-03-22,15,5,8,13,23,23.08,23.08,34.78,42.77,22.69,10.99,53.92,9.7,0.93,15.65,53.61
PBI,2024-03-22,16,11,5,14,14,35.71,7.14,21.43,34.5,28.07,17.0,51.21,37.64,1.04,46.57,76.86
PBI,2024-03-22,17,4,8,8,18,25.0,12.5,27.78,58.63,24.75,13.22,71.75,8.5,1.94,13.0,61.78
PBI,2024-03-22,18,7,7,12,10,41.67,33.33,40.0,54.17,15.0,3.82,57.25,10.3,1.34,12.6,44.3
PBI,2024-03-22,19,10,10,11,16,72.73,72.73,62.5,28.64,14.55,3.0,30.0,5.81,1.71,4.5,27.56
PBI,2024-03-22,20,5,5,7,9,42.86,42.86,22.22,68.14,15.0,3.36,71.71,5.33,5.19,10.11,53.44
PBI,2024-03-22,21,2,3,3,5,33.33,33.33,80.0,56.0,13.33,2.9,58.67,1.4,8.56,5.8,14.0
PBI,2024-03-22,22,1,7,3,11,66.67,66.67,36.36,13.0,16.0,4.8,14.0,4.09,6.87,10.09,48.64
PBI,2024-03-22,23,0,6,0,7,0.0,0.0,42.86,0.0,0.0,0.0,0.0,3.29,2.51,12.57,31.71
PBI,2024-03-23,0,0,4,1,5,100.0,100.0,40.0,0.0,14.0,2.8,3.0,1.0,2.68,2.4,35.4
PBI,2024-03-23,1,0,0,0,0,0.0,0.0,0.0,0.0,0.0,0.0,0.0,0.0,0.0,0.0,0.0
PBI,2024-03-23,2,0,0,0,0,0.0,0.0,0.0,0.0,0.0,0.0,0.0,0.0,0.0,0.0,0.0
PBI,2024-03-23,3,0,0,0,0,0.0,0.0,0.0,0.0,0.0,0.0,0.0,0.0,0.0,0.0,0.0
PBI,2024-03-23,5,1,0,2,0,100.0,100.0,0.0,0.0,15.0,4.1,2.5,0.0,0.0,0.0,0.0
PBI,2024-03-23,6,7,0,10,1,70.0,70.0,0.0,10.2,13.6,2.23,11.3,0.0,0.0,0.0,15.0
PBI,2024-03-23,7,10,0,17,4,76.47,76.47,25.0,7.41,15.0,3.9,9.06,5.5,1.2,12.0,38.0
PBI,2024-03-23,8,5,1,13,4,53.85,53.85,75.0,36.92,13.23,1.85,37.92,15.0,2.13,20.0,28.0
PBI,2024-03-23,9,6,10,14,13,64.29,64.29,69.23,17.64,13.43,2.44,19.93,8.31,1.36,12.69,20.0
PBI,2024-03-23,10,8,10,16,19,37.5,31.25,42.11,35.19,25.81,14.73,49.31,7.89,2.91,13.74,33.11
PBI,2024-03-23,11,9,8,14,18,42.86,21.43,22.22,22.71,20.79,9.39,32.07,32.72,2.49,15.72,52.78
PBI,2024-03-23,12,7,10,16,20,31.25,31.25,30.0,41.06,17.44,6.07,46.94,14.05,1.57,23.25,50.45
PBI,2024-03-23,13,10,3,20,21,40.0,30.0,23.81,53.0,17.1,5.94,59.05,22.1,1.51,30.05,79.43
PBI,2024-03-23,14,5,9,17,27,35.29,35.29,33.33,46.76,19.88,8.5,55.24,13.81,1.58,17.67,55.81
PBI,2024-03-23,15,8,7,15,19,26.67,13.33,36.84,48.93,20.53,9.18,58.07,7.16,2.06,13.47,57.58
PBI,2024-03-23,16,7,6,12,16,25.0,8.33,6.25,54.08,15.92,4.81,58.83,8.06,1.12,10.13,76.13
PBI,2024-03-23,17,7,9,10,17,10.0,10.0,17.65,67.8,16.9,5.83,73.6,5.82,1.39,8.0,112.35
PBI,2024-03-23,18,8,7,13,14,30.77,30.77,21.43,72.0,14.46,4.13,74.62,5.86,1.34,6.79,50.36
PBI,2024-03-23,19,7,8,8,14,25.0,25.0,21.43,52.88,12.5,1.35,53.13,59.29,1.81,63.43,138.79
PBI,2024-03-23,20,7,5,9,9,11.11,11.11,33.33,179.0,14.0,3.28,182.33,13.44,2.34,15.44,67.89
PBI,2024-03-23,21,2,4,4,11,50.0,50.0,36.36,34.0,12.25,1.73,35.75,6.55,2.33,10.0,46.36
PBI,2024-03-23,22,1,8,3,11,66.67,66.67,72.73,77.0,13.33,2.2,79.33,3.27,3.45,2.91,12.55
PBI,2024-03-23,23,0,6,3,6,100.0,66.67,66.67,0.0,18.0,6.93,7.0,2.5,1.33,1.17,48.5
PBI,2024-03-24,0,0,4,0,3,0.0,0.0,33.33,0.0,0.0,0.0,0.0,0.33,2.47,0.0,17.67
PBI,2024-03-24,1,0,0,0,0,0.0,0.0,0.0,0.0,0.0,0.0,0.0,0.0,0.0,0.0,0.0
PBI,2024-03-24,2,0,0,0,0,0.0,0.0,0.0,0.0,0.0,0.0,0.0,0.0,0.0,0.0,0.0
PBI,2024-03-24,3,0,0,0,0,0.0,0.0,0.0,0.0,0.0,0.0,0.0,0.0,0.0,0.0,0.0
PBI,2024-03-24,4,0,0,0,0,0.0,0.0,0.0,0.0,0.0,0.0,0.0,0.0,0.0,0.0,0.0
PBI,2024-03-24,5,1,0,2,0,100.0,100.0,0.0,0.0,10.5,0.7,0.0,0.0,0.0,0.0,0.0
PBI,2024-03-24,6,8,0,12,1,41.67,33.33,100.0,51.83,13.0,2.0,53.75,0.0,1.2,0.0,0.0
PBI,2024-03-24,7,8,0,17,1,58.82,58.82,100.0,12.18,11.82,1.09,13.24,0.0,1.2,4.0,12.0
PBI,2024-03-24,8,6,1,17,4,47.06,47.06,25.0,33.12,18.94,7.59,40.47,10.0,1.45,16.0,29.75
PBI,2024-03-24,9,6,10,29,17,58.62,41.38,64.71,26.76,25.55,14.41,40.24,4.35,3.2,5.82,12.59
PBI,2024-03-24,10,9,11,30,19,33.33,16.67,73.68,43.63,26.27,15.07,58.17,7.05,3.73,8.37,12.16
PBI,2024-03-24,11,9,7,21,20,38.1,14.29,55.0,38.52,25.0,13.43,50.95,11.9,1.87,15.0,34.45
PBI,2024-03-24,12,8,11,17,23,41.18,29.41,30.43,35.53,23.59,12.31,46.18,21.39,0.96,24.13,94.13
PBI,2024-03-24,13,10,6,27,14,33.33,18.52,28.57,86.22,23.11,11.85,98.07,22.43,1.41,37.79,75.07
PBI,2024-03-24,14,7,9,14,14,14.29,7.14,21.43,78.64,23.79,12.38,90.93,10.64,0.94,10.71,33.21
PBI,2024-03-24,15,8,7,23,19,26.09,4.35,10.53,45.78,22.74,11.28,57.13,8.84,0.78,18.21,68.68
PBI,2024-03-24,16,6,2,15,5,6.67,0.0,40.0,51.67,20.33,9.04,60.87,6.8,0.82,15.6,40.8
PBI,2024-03-24,17,4,9,8,13,12.5,12.5,15.38,33.88,15.25,3.75,37.75,5.69,1.54,5.85,58.08
PBI,2024-03-24,18,8,8,12,13,8.33,8.33,23.08,77.58,13.75,2.82,80.17,3.15,1.77,7.23,56.38
PBI,2024-03-24,19,9,8,10,17,0.0,0.0,23.53,62.8,17.1,5.13,67.9,1.71,2.84,4.76,49.94
PBI,2024-03-24,20,7,7,11,13,45.45,36.36,23.08,37.64,13.45,2.44,39.91,4.23,4.74,7.62,34.31
PBI,2024-03-24,21,2,2,2,7,0.0,0.0,57.14,47.0,13.0,4.4,51.0,3.14,2.06,6.14,11.71
PBI,2024-03-24,22,0,7,0,9,0.0,0.0,77.78,0.0,0.0,0.0,0.0,3.0,0.77,3.44,7.33
PBI,2024-03-24,23,0,7,0,9,0.0,0.0,66.67,0.0,0.0,0.0,0.0,1.89,1.86,2.22,34.78
PBI,2024-03-25,0,0,6,0,5,0.0,0.0,60.0,0.0,0.0,0.0,0.0,3.0,3.92,3.2,9.0
PBI,2024-03-25,1,0,0,0,1,0.0,0.0,100.0,0.0,0.0,0.0,0.0,5.0,0.2,9.0,0.0
PBI,2024-03-25,2,0,0,0,0,0.0,0.0,0.0,0.0,0.0,0.0,0.0,0.0,0.0,0.0,0.0
PBI,2024-03-25,5,2,0,4,1,50.0,50.0,0.0,20.0,11.0,1.25,21.0,4.0,0.2,11.0,32.0
PBI,2024-03-25,6,8,0,13,1,69.23,69.23,0.0,9.54,14.0,3.01,11.62,0.0,0.2,7.0,16.0
PBI,2024-03-25,7,7,0,14,0,50.0,50.0,0.0,16.79,15.14,4.04,20.0,0.0,0.0,0.0,0.0
PBI,2024-03-25,8,6,2,18,6,61.11,55.56,50.0,13.83,16.39,5.03,18.17,4.0,0.37,5.17,21.0
PBI,2024-03-25,9,7,10,20,19,55.0,45.0,63.16,17.15,16.15,5.12,21.85,3.05,1.62,5.79,18.47
PBI,2024-03-25,10,8,12,22,19,59.09,59.09,84.21,13.23,14.5,3.3,16.55,3.53,1.71,3.63,5.95
PBI,2024-03-25,11,11,7,18,15,83.33,83.33,60.0,8.61,15.0,3.55,11.33,4.0,2.53,5.47,18.8
PBI,2024-03-25,12,8,11,20,16,50.0,50.0,68.75,20.1,14.65,3.54,23.45,6.31,1.59,6.31,13.88
PBI,2024-03-25,13,10,6,16,10,50.0,50.0,70.0,24.69,14.44,3.06,27.19,2.4,2.2,2.3,11.5
PBI,2024-03-25,14,5,5,12,18,58.33,58.33,61.11,12.67,12.58,1.12,13.67,4.06,1.61,9.5,19.56
PBI,2024-03-25,15,5,8,12,17,58.33,58.33,47.06,13.17,18.83,7.18,19.58,4.29,0.95,6.18,20.18
PBI,2024-03-25,16,10,5,15,7,80.0,73.33,57.14,6.13,17.73,6.67,11.8,8.29,0.87,7.14,11.71
PBI,2024-03-25,17,5,8,8,15,12.5,12.5,66.67,32.25,16.38,5.26,36.63,6.13,0.87,6.53,31.93
PBI,2024-03-25,18,7,6,9,19,55.56,55.56,52.63,43.67,15.78,4.64,45.89,8.21,0.33,9.53,16.05
PBI,2024-03-25,19,9,10,14,15,71.43,71.43,80.0,29.0,12.07,1.12,29.93,7.27,0.48,5.0,13.13
PBI,2024-03-25,20,5,5,6,5,66.67,66.67,60.0,42.17,17.83,6.33,48.67,3.0,3.86,0.0,14.0
PBI,2024-03-25,21,2,2,3,4,100.0,100.0,75.0,3.33,12.0,2.2,2.67,8.5,1.08,9.25,13.25
PBI,2024-03-25,22,0,5,2,6,0.0,0.0,83.33,73.0,14.5,3.3,76.5,1.17,0.43,1.83,5.17
PBI,2024-03-25,23,0,5,1,5,100.0,100.0,60.0,0.0,12.0,0.8,1.0,0.4,0.44,0.0,37.6
PBI,2024-03-26,0,0,3,0,6,0.0,0.0,100.0,0.0,0.0,0.0,0.0,1.0,0.43,0.33,0.67
PBI,2024-03-26,1,0,0,0,0,0.0,0.0,0.0,0.0,0.0,0.0,0.0,0.0,0.0,0.0,0.0
PBI,2024-03-26,3,0,0,0,1,0.0,0.0,0.0,0.0,0.0,0.0,0.0,1.0,0.0,0.0,29.0
PBI,2024-03-26,4,0,0,1,0,0.0,0.0,0.0,46.0,11.0,0.0,46.0,0.0,0.0,0.0,0.0
PBI,2024-03-26,5,0,0,0,0,0.0,0.0,0.0,0.0,0.0,0.0,0.0,0.0,0.0,0.0,0.0
PBI,2024-03-26,6,9,0,13,1,53.85,53.85,0.0,14.38,12.15,1.25,14.85,0.0,0.0,0.0,16.0
PBI,2024-03-26,7,7,0,10,3,70.0,70.0,33.33,13.4,13.0,2.03,14.1,3.67,0.2,7.0,41.67
PBI,2024-03-26,8,5,1,13,1,76.92,61.54,100.0,6.31,16.85,5.78,11.62,0.0,0.0,0.0,0.0
PBI,2024-03-26,9,5,9,18,13,38.89,22.22,61.54,23.89,17.72,6.98,30.94,3.0,1.05,3.77,25.62
PBI,2024-03-26,10,8,10,10,15,60.0,60.0,73.33,30.1,16.5,5.36,34.0,3.87,3.39,6.73,9.87
PBI,2024-03-26,11,10,7,13,8,84.62,76.92,100.0,12.85,16.85,5.83,18.46,1.38,5.96,2.38,1.38
PBI,2024-03-26,12,6,10,9,14,77.78,66.67,64.29,13.0,16.11,4.56,16.11,5.14,2.5,5.79,22.29
PBI,2024-03-26,13,9,5,13,15,61.54,53.85,66.67,19.31,13.54,2.38,20.69,4.87,0.25,5.2,12.67
PBI,2024-03-26,14,6,6,12,16,66.67,58.33,56.25,10.83,17.0,5.66,15.67,5.44,0.61,8.31,18.19
PBI,2024-03-26,15,5,7,17,15,29.41,17.65,60.0,24.82,17.65,6.25,30.47,5.0,0.93,8.2,16.07
PBI,2024-03-26,16,7,3,12,10,75.0,75.0,60.0,11.67,15.58,4.58,14.67,6.1,2.31,8.0,23.2
PBI,2024-03-26,17,4,7,5,13,60.0,60.0,53.85,29.4,15.0,3.28,32.2,5.15,1.48,5.0,25.54
PBI,2024-03-26,18,7,5,10,11,50.0,50.0,45.45,19.0,14.5,3.46,21.6,3.82,0.85,5.36,17.91
PBI,2024-03-26,19,6,8,8,12,75.0,75.0,58.33,10.0,18.13,6.03,14.13,6.25,1.23,3.58,30.0
PBI,2024-03-26,20,6,4,7,7,57.14,42.86,71.43,48.29,13.43,2.84,49.57,2.0,2.99,3.86,13.57
PBI,2024-03-26,21,0,2,3,6,66.67,33.33,33.33,30.33,21.33,10.2,38.0,7.67,1.52,9.17,37.17
PBI,2024-03-26,22,0,6,1,9,100.0,100.0,100.0,0.0,12.0,0.8,0.0,1.11,0.37,1.56,1.0
PBI,2024-03-26,23,0,7,0,7,0.0,0.0,57.14,0.0,0.0,0.0,0.0,0.57,1.26,0.86,36.14
PBI,2024-03-27,0,0,3,0,3,0.0,0.0,100.0,0.0,0.0,0.0,0.0,2.0,1.57,0.0,1.0
PBI,2024-03-27,1,0,0,0,0,0.0,0.0,0.0,0.0,0.0,0.0,0.0,0.0,0.0,0.0,0.0
PBI,2024-03-27,2,0,0,0,0,0.0,0.0,0.0,0.0,0.0,0.0,0.0,0.0,0.0,0.0,0.0
PBI,2024-03-27,3,0,0,0,0,0.0,0.0,0.0,0.0,0.0,0.0,0.0,0.0,0.0,0.0,0.0
PBI,2024-03-27,4,0,0,1,1,100.0,100.0,100.0,0.0,12.0,0.8,0.0,0.0,0.2,0.0,0.0
PBI,2024-03-27,5,0,0,1,0,100.0,100.0,0.0,0.0,17.0,5.8,6.0,0.0,0.0,0.0,0.0
PBI,2024-03-27,6,9,0,12,2,83.33,83.33,0.0,3.42,13.08,2.15,4.58,6.0,0.1,5.0,23.5
PBI,2024-03-27,7,7,0,9,1,88.89,77.78,0.0,3.89,14.89,3.86,7.11,6.0,1.2,11.0,39.0
PBI,2024-03-27,8,5,2,9,3,66.67,55.56,66.67,10.56,15.0,3.99,14.11,1.67,1.2,1.67,6.0
PBI,2024-03-27,9,6,8,21,15,57.14,42.86,46.67,16.05,23.57,12.55,28.57,6.07,1.12,12.4,25.87
PBI,2024-03-27,10,7,10,20,18,60.0,15.0,50.0,20.1,29.65,18.33,37.75,11.28,1.47,20.89,28.61
PBI,2024-03-27,11,10,7,19,11,42.11,31.58,18.18,19.32,22.42,10.96,29.42,6.55,1.14,16.0,49.36
PBI,2024-03-27,12,6,11,13,18,30.77,15.38,27.78,28.23,15.31,3.85,32.15,6.17,1.26,15.83,61.0
PBI,2024-03-27,13,9,6,15,13,40.0,40.0,46.15,35.73,15.07,4.37,39.8,4.0,0.88,9.62,36.92
PBI,2024-03-27,14,8,7,14,14,28.57,28.57,50.0,34.36,21.64,10.54,45.0,5.57,1.58,9.93,32.57
PBI,2024-03-27,15,5,7,15,15,53.33,40.0,26.67,32.73,19.67,8.19,40.8,10.0,2.35,16.6,50.87
PBI,2024-03-27,16,7,4,15,12,33.33,26.67,25.0,29.8,35.27,24.22,54.07,8.33,2.09,16.17,51.17
PBI,2024-03-27,17,5,6,11,15,72.73,36.36,33.33,28.36,36.91,25.51,52.82,8.33,3.21,14.8,54.73
PBI,2024-03-27,18,6,5,14,18,42.86,21.43,22.22,45.0,25.57,14.45,59.43,9.78,1.44,19.17,55.5
PBI,2024-03-27,19,7,9,8,19,50.0,50.0,21.05,65.13,15.38,2.94,68.13,5.95,1.13,12.89,94.58
PBI,2024-03-27,20,7,5,8,7,25.0,25.0,14.29,50.5,16.13,5.12,55.0,3.43,1.7,13.71,102.86
PBI,2024-03-27,21,1,2,2,7,0.0,0.0,14.29,70.0,11.5,0.4,70.5,5.14,1.04,6.57,91.0
PBI,2024-03-27,22,0,7,2,11,100.0,100.0,45.45,4.5,12.5,1.9,4.0,4.55,0.58,6.82,49.82
PBI,2024-03-27,23,0,7,0,11,0.0,0.0,54.55,0.0,0.0,0.0,0.0,1.55,1.84,5.0,29.91
PBI,2024-03-28,0,0,5,1,4,0.0,0.0,0.0,35.0,17.0,5.8,41.0,4.25,1.65,8.25,52.25
PBI,2024-03-28,1,0,0,1,2,100.0,0.0,0.0,0.0,26.0,14.8,15.0,4.0,1.2,7.5,60.5
PBI,2024-03-28,2,0,0,0,0,0.0,0.0,0.0,0.0,0.0,0.0,0.0,0.0,0.0,0.0,0.0
PBI,2024-03-28,3,0,0,0,1,0.0,0.0,100.0,0.0,0.0,0.0,0.0,3.0,1.2,3.0,0.0
PBI,2024-03-28,4,0,0,1,1,100.0,100.0,100.0,1.0,14.0,2.8,4.0,0.0,0.0,0.0,6.0
PBI,2024-03-28,5,2,0,2,1,100.0,100.0,0.0,0.0,14.0,5.4,1.0,7.0,0.2,8.0,31.0
PBI,2024-03-28,6,8,0,12,3,66.67,66.67,66.67,9.0,13.75,2.48,10.58,0.67,0.8,2.33,19.67
PBI,2024-03-28,7,7,0,10,1,70.0,70.0,0.0,7.5,12.7,1.61,8.4,0.0,1.2,0.0,45.0
PBI,2024-03-28,8,5,0,10,2,80.0,80.0,0.0,12.4,15.3,4.08,16.3,0.5,3.2,3.5,49.0
PBI,2024-03-28,9,6,10,15,14,46.67,40.0,35.71,20.67,15.6,4.61,25.07,7.43,2.84,23.93,33.14
PBI,2024-03-28,10,7,11,13,20,30.77,30.77,25.0,33.46,15.08,3.75,37.38,7.05,3.03,19.95,27.8
PBI,2024-03-28,11,10,8,15,17,60.0,40.0,23.53,17.87,18.47,7.03,25.0,18.76,1.44,22.53,63.71
PBI,2024-03-28,12,9,11,17,18,35.29,11.76,44.44,47.82,24.94,13.66,61.47,11.83,1.12,19.33,38.78
PBI,2024-03-28,13,9,6,17,11,35.29,11.76,0.0,27.71,26.76,15.39,43.29,10.91,1.23,26.45,94.0
PBI,2024-03-28,14,6,5,14,10,42.86,7.14,30.0,55.64,31.5,19.94,75.79,11.1,0.71,13.1,50.1
PBI,2024-03-28,15,6,9,11,20,27.27,27.27,30.0,55.36,35.36,23.57,78.91,11.95,1.71,19.9,49.3
PBI,2024-03-28,16,8,3,21,13,57.14,33.33,23.08,36.81,32.43,21.35,57.57,9.92,2.04,15.85,69.08
PBI,2024-03-28,17,5,9,12,22,41.67,8.33,27.27,39.67,26.17,14.96,54.58,10.41,1.61,19.0,63.27
PBI,2024-03-28,18,8,8,13,19,23.08,15.38,21.05,74.23,17.85,6.62,80.31,13.63,1.11,18.58,65.79
PBI,2024-03-28,19,9,9,12,18,25.0,16.67,11.11,40.58,16.0,4.31,44.75,10.67,2.07,15.78,92.89
PBI,2024-03-28,20,7,5,9,16,11.11,11.11,43.75,76.89,15.0,3.78,80.67,5.13,1.34,6.31,49.94
PBI,2024-03-28,21,1,2,4,7,50.0,50.0,42.86,42.25,13.5,3.0,44.75,4.29,1.34,8.57,28.14
PBI,2024-03-28,22,0,7,2,11,100.0,100.0,18.18,0.0,10.5,0.0,0.0,2.18,1.29,4.64,45.91
PBI,2024-03-28,23,0,6,0,8,0.0,0.0,25.0,0.0,0.0,0.0,0.0,1.13,1.13,4.25,51.75
PBI,2024-03-29,0,0,5,0,7,0.0,0.0,57.14,0.0,0.0,0.0,0.0,3.57,1.29,3.29,24.57
PBI,2024-03-29,1,0,0,0,1,0.0,0.0,100.0,0.0,0.0,0.0,0.0,0.0,1.2,0.0,11.0
PBI,2024-03-29,2,0,0,0,0,0.0,0.0,0.0,0.0,0.0,0.0,0.0,0.0,0.0,0.0,0.0
PBI,2024-03-29,3,0,0,0,1,0.0,0.0,100.0,0.0,0.0,0.0,0.0,0.0,1.2,0.0,6.0
PBI,2024-03-29,4,0,0,1,0,100.0,100.0,0.0,0.0,8.0,0.0,0.0,0.0,0.0,0.0,0.0
PBI,2024-03-29,5,2,0,3,1,100.0,100.0,100.0,0.0,11.0,1.53,0.67,2.0,0.2,5.0,11.0
PBI,2024-03-29,6,8,0,15,1,66.67,66.67,100.0,13.53,12.47,1.51,14.27,3.0,3.2,5.0,8.0
PBI,2024-03-29,7,7,0,10,2,60.0,60.0,0.0,8.5,12.5,1.38,9.4,4.0,1.2,7.5,33.5
PBI,2024-03-29,8,6,2,19,8,42.11,42.11,50.0,24.42,14.32,3.13,27.53,2.0,3.68,5.13,24.5
PBI,2024-03-29,9,7,9,25,14,36.0,32.0,78.57,30.92,17.12,6.18,36.4,3.71,1.29,4.93,9.79
PBI,2024-03-29,10,7,12,17,20,64.71,52.94,70.0,16.65,21.65,10.32,25.53,5.2,1.06,5.95,15.2
PBI,2024-03-29,11,11,7,22,18,72.73,50.0,61.11,20.77,22.95,11.45,31.23,6.78,1.67,6.44,14.94
PBI,2024-03-29,12,8,11,12,17,50.0,41.67,58.82,20.0,19.08,7.79,26.0,7.76,0.95,6.88,29.65
PBI,2024-03-29,13,10,6,17,20,52.94,35.29,40.0,14.65,19.94,8.51,21.88,7.85,1.45,10.35,49.9
PBI,2024-03-29,14,5,5,18,15,38.89,22.22,33.33,58.67,20.56,9.09,67.44,9.53,1.61,9.6,32.07
PBI,2024-03-29,15,5,8,8,21,62.5,62.5,47.62,25.88,16.0,3.99,28.75,8.14,1.1,8.9,41.29
PBI,2024-03-29,16,11,5,17,16,58.82,58.82,56.25,22.24,13.88,3.26,24.24,8.13,3.01,9.06,25.38
PBI,2024-03-29,17,4,8,9,19,55.56,55.56,52.63,24.11,16.33,4.84,29.0,11.53,1.03,9.79,21.0
PBI,2024-03-29,18,7,6,9,13,55.56,55.56,38.46,18.22,13.89,2.84,19.22,2.77,0.57,2.54,46.0
PBI,2024-03-29,19,9,10,12,10,41.67,41.67,60.0,59.75,12.17,1.04,60.5,2.2,5.29,2.5,39.2
PBI,2024-03-29,20,6,5,8,7,75.0,75.0,85.71,10.0,16.88,5.31,13.13,0.86,0.96,2.0,11.57
PBI,2024-03-29,21,1,3,2,6,50.0,50.0,33.33,12.5,12.0,2.1,14.0,1.67,0.92,4.0,29.17
PBI,2024-03-29,22,1,7,3,7,100.0,100.0,57.14,0.0,13.67,2.87,0.0,0.0,1.6,0.0,27.14
PBI,2024-03-29,23,0,6,0,6,0.0,0.0,83.33,0.0,0.0,0.0,0.0,0.17,2.82,0.17,4.17
PBI,2024-03-30,0,0,4,0,5,0.0,0.0,80.0,0.0,0.0,0.0,0.0,0.4,3.4,0.0,4.2
PBI,2024-03-30,3,0,0,0,0,0.0,0.0,0.0,0.0,0.0,0.0,0.0,0.0,0.0,0.0,0.0
PBI,2024-03-30,4,0,0,0,0,0.0,0.0,0.0,0.0,0.0,0.0,0.0,0.0,0.0,0.0,0.0
PBI,2024-03-30,5,1,0,2,0,100.0,100.0,0.0,0.0,15.5,4.6,3.0,0.0,0.0,0.0,0.0
PBI,2024-03-30,6,7,0,8,1,87.5,87.5,100.0,4.0,13.38,2.34,5.5,0.0,0.2,0.0,4.0
PBI,2024-03-30,7,10,0,16,1,81.25,75.0,100.0,26.56,13.81,2.69,28.44,0.0,0.0,0.0,3.0
PBI,2024-03-30,8,5,1,15,3,53.33,53.33,66.67,16.27,12.8,1.52,17.47,5.0,1.53,5.67,9.67
PBI,2024-03-30,9,6,9,14,13,71.43,64.29,61.54,11.07,15.79,4.66,15.5,2.08,1.02,3.62,17.15
PBI,2024-03-30,10,7,10,17,14,76.47,76.47,64.29,6.94,12.82,1.85,8.53,2.07,2.35,3.5,12.71
PBI,2024-03-30,11,10,8,18,10,61.11,61.11,90.0,13.61,14.61,3.41,16.83,1.2,1.53,1.0,4.8
PBI,2024-03-30,12,6,10,12,17,75.0,58.33,70.59,11.92,17.5,6.19,17.25,3.35,1.88,3.71,9.53
PBI,2024-03-30,13,10,3,20,10,75.0,65.0,60.0,12.9,17.05,5.91,17.8,3.6,1.07,5.6,32.3
PBI,2024-03-30,14,5,9,17,16,58.82,47.06,75.0,22.18,15.41,3.95,26.06,4.19,0.64,6.38,9.63
PBI,2024-03-30,15,8,7,11,12,72.73,72.73,75.0,7.73,14.64,3.24,9.27,3.17,4.69,6.42,14.0
PBI,2024-03-30,16,7,6,11,14,72.73,72.73,57.14,12.0,14.36,3.09,13.73,4.29,4.52,6.5,44.07
PBI,2024-03-30,17,7,9,11,13,54.55,54.55,84.62,19.45,12.82,1.9,20.64,1.62,1.27,2.08,6.38
PBI,2024-03-30,18,8,7,8,8,87.5,75.0,75.0,7.38,12.13,1.94,8.5,0.5,2.56,2.63,8.38
PBI,2024-03-30,19,7,8,9,12,88.89,88.89,100.0,3.44,13.56,1.82,4.22,3.25,1.13,2.5,2.75
PBI,2024-03-30,20,7,5,8,8,75.0,75.0,87.5,26.25,13.13,2.01,27.0,1.38,1.86,3.0,4.75
PBI,2024-03-30,21,1,4,1,7,0.0,0.0,85.71,37.0,9.0,0.4,37.0,3.0,0.54,3.14,8.0
PBI,2024-03-30,22,1,7,1,8,100.0,100.0,87.5,0.0,14.0,2.8,0.0,0.88,0.96,0.0,4.88
PBI,2024-03-30,23,0,5,2,5,100.0,100.0,80.0,0.0,14.0,2.8,3.0,1.2,1.2,0.0,20.4
PBI,2024-03-31,0,0,3,0,4,0.0,0.0,75.0,0.0,0.0,0.0,0.0,0.0,0.98,0.0,7.75
PBI,2024-03-31,1,0,0,0,0,0.0,0.0,0.0,0.0,0.0,0.0,0.0,0.0,0.0,0.0,0.0
PBI,2024-03-31,5,1,0,1,0,100.0,100.0,0.0,0.0,11.0,2.4,0.0,0.0,0.0,0.0,0.0
PBI,2024-03-31,6,9,0,11,0,72.73,72.73,0.0,6.27,13.55,2.46,7.82,0.0,0.0,0.0,0.0
PBI,2024-03-31,7,6,0,12,2,75.0,75.0,0.0,14.92,13.92,2.68,17.25,3.5,0.7,8.0,39.5
PBI,2024-03-31,8,6,3,13,6,61.54,61.54,50.0,9.69,13.92,2.68,11.69,2.33,0.6,4.33,10.33
PBI,2024-03-31,9,5,6,13,8,53.85,53.85,75.0,13.08,11.85,1.08,13.62,3.5,1.07,3.13,13.0
PBI,2024-03-31,10,7,10,15,17,46.67,53.33,58.82,20.33,13.6,3.59,23.0,4.47,1.32,4.71,17.47
PBI,2024-03-31,11,9,9,18,13,66.67,61.11,84.62,13.56,16.11,4.68,17.72,4.46,4.67,5.69,7.62
PBI,2024-03-31,12,11,13,23,23,56.52,47.83,56.52,12.17,17.43,6.27,17.57,5.13,2.73,7.48,17.13
PBI,2024-03-31,13,9,4,21,13,57.14,52.38,69.23,16.52,19.71,8.4,23.67,6.77,2.55,8.62,12.54
PBI,2024-03-31,14,6,8,16,20,56.25,37.5,55.0,20.88,19.75,8.4,28.81,6.95,0.52,6.25,16.75
PBI,2024-03-31,15,7,7,21,20,52.38,42.86,55.0,21.24,19.05,7.68,28.67,5.8,1.02,7.4,26.3
PBI,2024-03-31,16,6,2,16,12,56.25,50.0,33.33,20.06,18.25,7.23,25.56,8.25,1.38,11.67,26.0
PBI,2024-03-31,17,4,7,17,15,47.06,35.29,73.33,30.18,21.06,9.72,39.53,7.27,0.77,7.33,14.8
PBI,2024-03-31,18,6,9,14,23,57.14,35.71,60.87,21.93,20.36,9.11,29.79,8.7,0.3,7.74,20.22
PBI,2024-03-31,19,11,9,17,15,70.59,64.71,73.33,12.06,17.94,6.45,15.47,6.93,0.75,5.27,9.53
PBI,2024-03-31,20,6,6,10,10,70.0,70.0,60.0,11.3,12.0,1.08,11.9,1.1,1.27,3.7,13.3
PBI,2024-03-31,21,3,2,3,5,66.67,66.67,60.0,10.0,10.67,1.6,11.33,1.4,2.0,2.8,21.0
PBI,2024-03-31,22,0,7,1,9,100.0,100.0,77.78,0.0,11.0,0.0,0.0,1.11,0.87,1.78,10.44
PBI,2024-03-31,23,0,5,0,5,0.0,0.0,100.0,0.0,0.0,0.0,0.0,1.8,0.34,0.0,0.0
PBI,2024-04-01,0,0,4,0,4,0.0,0.0,75.0,0.0,0.0,0.0,0.0,1.75,0.75,1.5,16.0
PBI,2024-04-01,1,0,0,0,0,0.0,0.0,0.0,0.0,0.0,0.0,0.0,0.0,0.0,0.0,0.0
PBI,2024-04-01,5,2,0,6,0,66.67,50.0,0.0,14.17,14.17,4.23,17.33,0.0,0.0,0.0,0.0
PBI,2024-04-01,6,7,0,9,0,88.89,88.89,0.0,3.78,10.56,0.27,3.67,0.0,0.0,0.0,0.0
PBI,2024-04-01,7,5,0,11,0,54.55,45.45,0.0,11.82,21.55,9.95,21.09,0.0,0.0,0.0,0.0
PBI,2024-04-01,8,6,4,16,8,50.0,31.25,50.0,18.0,20.75,9.26,26.31,3.13,0.68,3.38,22.25
PBI,2024-04-01,9,6,6,21,13,42.86,38.1,69.23,20.24,18.29,7.26,27.1,4.69,1.29,7.23,12.15
PBI,2024-04-01,10,6,11,15,23,46.67,40.0,60.87,29.53,19.4,8.08,37.47,6.57,0.98,8.09,16.91
PBI,2024-04-01,11,11,8,20,19,70.0,50.0,36.84,8.55,20.0,8.55,16.1,9.16,2.72,12.0,42.16
PBI,2024-04-01,12,10,13,20,20,30.0,25.0,65.0,29.25,20.05,8.76,37.45,5.6,0.82,7.5,15.3
PBI,2024-04-01,13,9,2,23,11,60.87,47.83,45.45,22.74,17.87,6.55,28.87,6.36,0.91,8.09,34.45
PBI,2024-04-01,14,3,8,9,18,44.44,44.44,66.67,24.11,19.89,8.23,31.22,8.61,0.68,8.22,14.44
PBI,2024-04-01,15,7,7,19,16,52.63,52.63,56.25,27.68,18.68,7.08,34.47,7.69,0.5,7.69,16.13
PBI,2024-04-01,16,9,5,13,15,61.54,30.77,60.0,15.38,24.46,13.42,26.69,11.47,2.63,11.67,15.0
PBI,2024-04-01,17,5,7,13,16,38.46,38.46,75.0,30.62,15.92,4.78,35.08,12.38,1.2,7.13,15.56
PBI,2024-04-01,18,6,7,9,14,66.67,66.67,57.14,8.89,12.67,1.87,10.67,2.14,0.66,2.21,28.43
PBI,2024-04-01,19,10,10,12,13,75.0,75.0,69.23,20.33,12.08,0.95,20.33,2.77,0.95,1.92,11.0
PBI,2024-04-01,20,5,6,6,11,50.0,50.0,72.73,26.5,13.0,1.62,28.17,4.0,2.68,7.18,17.55
PBI,2024-04-01,21,4,1,5,3,100.0,100.0,66.67,0.0,11.4,1.24,0.0,0.0,2.03,0.0,19.0
PBI,2024-04-01,22,0,7,2,7,50.0,50.0,85.71,10.0,13.0,1.8,11.0,0.43,1.4,1.0,15.29
PBI,2024-04-01,23,0,4,0,4,0.0,0.0,75.0,0.0,0.0,0.0,0.0,0.0,0.38,0.0,22.25
PBI,2024-04-02,0,0,2,0,4,0.0,0.0,100.0,0.0,0.0,0.0,0.0,1.5,0.28,0.0,2.75
PBI,2024-04-02,1,0,0,0,0,0.0,0.0,0.0,0.0,0.0,0.0,0.0,0.0,0.0,0.0,0.0
PBI,2024-04-02,3,0,0,0,1,0.0,0.0,100.0,0.0,0.0,0.0,0.0,0.0,0.0,0.0,0.0
PBI,2024-04-02,4,0,0,2,0,50.0,50.0,0.0,10.0,13.0,1.8,11.0,0.0,0.0,0.0,0.0
PBI,2024-04-02,5,0,0,0,0,0.0,0.0,0.0,0.0,0.0,0.0,0.0,0.0,0.0,0.0,0.0
PBI,2024-04-02,6,8,0,11,2,90.91,90.91,100.0,3.73,12.0,1.35,4.73,1.0,0.1,0.0,11.0
PBI,2024-04-02,7,6,0,11,2,72.73,72.73,0.0,11.91,12.91,1.86,13.09,0.0,1.2,7.0,27.5
PBI,2024-04-02,8,5,2,17,7,41.18,41.18,71.43,18.53,13.65,2.31,20.12,3.57,1.0,7.0,11.57
PBI,2024-04-02,9,3,5,11,9,36.36,27.27,66.67,17.73,14.64,3.62,21.36,4.56,0.81,4.67,13.11
PBI,2024-04-02,10,6,9,18,15,61.11,61.11,80.0,15.17,15.28,3.99,18.56,3.8,0.92,5.47,6.53
PBI,2024-04-02,11,10,9,12,17,25.0,25.0,64.71,36.25,13.92,2.48,38.42,7.59,1.72,7.88,14.24
PBI,2024-04-02,12,9,10,14,23,7.14,7.14,69.57,49.36,13.57,2.41,51.57,8.04,3.19,9.22,12.3
PBI,2024-04-02,13,7,2,18,11,22.22,16.67,54.55,32.22,16.89,5.71,38.06,5.27,1.79,8.82,28.64
PBI,2024-04-02,14,4,9,12,19,58.33,33.33,63.16,31.58,17.58,6.29,38.0,4.79,1.18,5.42,17.0
PBI,2024-04-02,15,7,7,15,17,40.0,20.0,35.29,24.53,18.53,6.81,30.93,6.65,1.17,11.41,36.24
PBI,2024-04-02,16,8,3,12,13,25.0,16.67,38.46,24.75,16.75,5.74,30.25,7.23,1.53,9.54,29.69
PBI,2024-04-02,17,4,7,7,20,42.86,42.86,70.0,31.86,20.0,8.44,39.71,4.55,1.4,5.95,16.35
PBI,2024-04-02,18,6,6,10,14,90.0,50.0,35.71,6.2,21.7,10.2,16.0,7.64,0.64,20.14,35.57
PBI,2024-04-02,19,7,8,7,11,71.43,71.43,63.64,10.57,11.43,0.4,9.71,3.64,3.78,5.82,19.27
PBI,2024-04-02,20,5,4,5,9,60.0,40.0,77.78,14.2,13.6,2.88,17.2,1.67,11.37,6.67,11.44
PBI,2024-04-02,21,2,2,5,8,60.0,60.0,37.5,12.4,15.2,3.88,14.8,1.5,0.74,5.13,37.63
PBI,2024-04-02,22,0,7,1,7,100.0,100.0,100.0,0.0,12.0,0.8,0.0,0.71,1.63,0.14,1.0
PBI,2024-04-02,23,0,5,0,6,0.0,0.0,50.0,0.0,0.0,0.0,0.0,1.0,0.9,1.5,20.0
PBI,2024-04-03,0,0,2,0,2,0.0,0.0,50.0,0.0,0.0,0.0,0.0,0.0,0.75,0.0,37.5
PBI,2024-04-03,1,0,0,1,0,100.0,100.0,0.0,0.0,11.0,0.0,0.0,0.0,0.0,0.0,0.0
PBI,2024-04-03,3,0,0,0,0,0.0,0.0,0.0,0.0,0.0,0.0,0.0,0.0,0.0,0.0,0.0
PBI,2024-04-03,4,0,0,3,1,66.67,66.67,100.0,8.0,16.0,4.8,12.33,0.0,0.0,0.0,0.0
PBI,2024-04-03,5,0,0,0,0,0.0,0.0,0.0,0.0,0.0,0.0,0.0,0.0,0.0,0.0,0.0
PBI,2024-04-03,6,8,0,10,2,100.0,100.0,100.0,0.0,12.5,1.95,1.4,1.0,0.6,0.0,8.0
PBI,2024-04-03,7,6,0,13,2,46.15,46.15,0.0,24.69,13.08,2.3,26.92,6.5,0.7,10.0,16.5
PBI,2024-04-03,8,5,4,14,4,50.0,50.0,100.0,16.29,15.57,4.24,20.29,0.0,1.85,0.5,0.0
PBI,2024-04-03,9,5,4,18,6,55.56,38.89,83.33,15.78,18.83,7.68,22.44,1.83,0.77,3.33,4.17
PBI,2024-04-03,10,5,9,15,14,66.67,60.0,42.86,10.33,15.87,4.57,14.67,4.29,1.91,23.79,53.07
PBI,2024-04-03,11,10,8,15,10,40.0,40.0,20.0,78.8,13.47,2.11,80.4,5.3,1.35,24.9,52.1
PBI,2024-04-03,12,8,12,7,12,42.86,28.57,25.0,67.43,15.86,4.1,71.0,7.58,1.38,29.42,81.75
PBI,2024-04-03,13,9,2,14,6,21.43,21.43,0.0,100.57,16.0,5.04,105.64,5.83,1.83,14.33,129.67
PBI,2024-04-03,14,5,10,10,14,40.0,40.0,14.29,104.4,12.8,1.93,106.0,10.79,2.79,29.29,141.29
PBI,2024-04-03,15,7,6,8,10,25.0,25.0,10.0,139.38,15.63,4.13,143.13,10.4,0.94,23.5,123.6
PBI,2024-04-03,16,7,4,11,11,18.18,18.18,36.36,129.55,14.45,3.85,133.0,7.18,5.09,17.36,140.73
PBI,2024-04-03,17,4,6,6,9,66.67,66.67,11.11,68.5,16.0,4.95,73.5,6.22,2.29,33.11,129.89
PBI,2024-04-03,18,5,6,4,5,25.0,25.0,0.0,116.0,17.25,5.83,121.0,10.6,1.66,20.6,101.0
PBI,2024-04-03,19,8,10,3,10,0.0,0.0,20.0,84.67,14.0,3.23,86.67,8.5,3.02,20.3,126.5
PBI,2024-04-03,20,6,5,4,6,25.0,25.0,0.0,97.75,15.75,5.13,103.0,3.0,1.45,24.0,142.33
PBI,2024-04-03,21,3,2,5,7,20.0,20.0,28.57,78.4,23.6,12.34,91.0,15.29,0.71,44.29,75.14
PBI,2024-04-03,22,0,6,5,4,80.0,40.0,0.0,4.8,27.4,16.2,19.8,5.25,1.85,37.25,161.75
PBI,2024-04-03,23,0,5,0,3,0.0,0.0,33.33,0.0,0.0,0.0,0.0,6.0,1.07,1.0,22.67
PBI,2024-04-04,0,0,4,0,3,0.0,0.0,66.67,0.0,0.0,0.0,0.0,8.67,0.47,9.33,41.67
PBI,2024-04-04,1,0,0,2,1,100.0,50.0,100.0,0.0,23.0,11.8,12.0,0.0,0.2,0.0,0.0
PBI,2024-04-04,2,0,0,0,0,0.0,0.0,0.0,0.0,0.0,0.0,0.0,0.0,0.0,0.0,0.0
PBI,2024-04-04,3,0,0,0,0,0.0,0.0,0.0,0.0,0.0,0.0,0.0,0.0,0.0,0.0,0.0
PBI,2024-04-04,4,0,0,1,1,100.0,100.0,100.0,0.0,9.0,0.0,0.0,7.0,2.2,4.0,9.0
PBI,2024-04-04,5,2,0,2,0,100.0,50.0,0.0,0.0,19.0,9.1,9.0,0.0,0.0,0.0,0.0
PBI,2024-04-04,6,7,0,11,3,63.64,63.64,33.33,16.73,15.82,4.9,21.0,2.33,2.53,4.67,27.0
PBI,2024-04-04,7,5,0,9,1,44.44,33.33,0.0,17.89,16.44,4.96,23.0,5.0,1.2,12.0,22.0
PBI,2024-04-04,8,5,2,12,5,75.0,66.67,40.0,25.08,16.5,5.56,30.17,18.0,2.12,21.4,22.6
PBI,2024-04-04,9,3,5,12,13,58.33,41.67,46.15,23.0,19.67,8.53,31.67,6.15,2.92,9.92,27.15
PBI,2024-04-04,10,6,9,20,16,35.0,30.0,31.25,32.55,19.75,8.46,40.8,7.25,3.59,17.63,54.5
PBI,2024-04-04,11,9,10,18,22,38.89,22.22,27.27,53.28,19.17,7.74,60.94,9.5,3.37,17.5,40.09
PBI,2024-04-04,12,11,9,21,15,38.1,28.57,20.0,56.0,15.81,4.73,60.57,13.13,3.68,20.07,42.07
PBI,2024-04-04,13,6,3,13,13,38.46,30.77,46.15,40.69,16.08,5.12,45.69,17.15,2.32,20.62,49.38
PBI,2024-04-04,14,4,10,14,21,35.71,14.29,28.57,41.5,19.93,8.44,50.14,8.76,2.36,13.52,41.1
PBI,2024-04-04,15,10,7,18,15,33.33,16.67,60.0,30.56,19.56,7.81,38.11,6.47,1.92,8.87,27.8
PBI,2024-04-04,16,6,4,10,13,60.0,20.0,46.15,31.4,20.0,9.16,39.8,6.23,1.52,8.92,35.77
PBI,2024-04-04,17,6,7,11,14,63.64,54.55,28.57,16.55,14.64,3.51,19.36,7.14,1.21,8.79,44.93
PBI,2024-04-04,18,6,10,8,15,37.5,37.5,60.0,48.88,14.75,4.22,52.75,8.13,0.87,7.53,45.53
PBI,2024-04-04,19,11,8,13,19,61.54,61.54,31.58,21.46,15.92,4.35,25.31,2.68,1.54,5.95,61.63
PBI,2024-04-04,20,7,7,9,10,33.33,33.33,50.0,111.33,13.44,2.36,112.89,1.1,1.67,3.4,31.0
PBI,2024-04-04,21,3,2,6,3,50.0,50.0,100.0,27.5,14.0,3.83,30.83,8.0,0.63,7.67,3.67
PBI,2024-04-04,22,0,7,1,9,100.0,100.0,44.44,0.0,11.0,0.0,0.0,0.78,2.62,2.67,34.56
PBI,2024-04-04,23,0,4,0,5,0.0,0.0,80.0,0.0,0.0,0.0,0.0,1.2,0.82,0.8,6.0
PBI,2024-04-05,0,0,3,0,4,0.0,0.0,75.0,0.0,0.0,0.0,0.0,2.5,0.3,1.0,21.75
PBI,2024-04-05,5,2,0,3,0,66.67,66.67,0.0,10.67,11.33,2.4,12.0,0.0,0.0,0.0,0.0
PBI,2024-04-05,6,7,0,9,2,88.89,88.89,100.0,3.44,14.89,4.08,6.67,5.0,0.2,5.5,0.0
PBI,2024-04-05,7,5,0,9,2,88.89,88.89,50.0,5.78,13.22,1.91,7.33,5.0,0.7,7.5,27.5
PBI,2024-04-05,8,6,4,20,8,80.0,80.0,100.0,5.55,14.1,3.22,8.5,0.63,0.78,0.88,0.13
PBI,2024-04-05,9,6,6,17,8,88.24,88.24,62.5,4.88,15.53,4.39,8.76,33.88,0.75,35.5,45.25
PBI,2024-04-05,10,6,10,15,17,46.67,46.67,82.35,32.2,12.8,2.13,34.47,2.53,1.46,3.71,11.59
PBI,2024-04-05,11,10,8,14,15,42.86,42.86,53.33,47.57,17.0,5.68,52.71,2.0,3.32,2.8,22.53
PBI,2024-04-05,12,10,11,21,17,52.38,47.62,70.59,17.95,16.48,5.26,22.71,2.88,3.55,4.18,6.29
PBI,2024-04-05,13,7,2,12,11,41.67,41.67,27.27,24.5,15.42,4.28,28.67,12.18,1.43,14.27,28.18
PBI,2024-04-05,14,3,10,9,20,33.33,33.33,60.0,25.89,14.33,2.96,29.0,6.55,1.35,6.8,26.05
PBI,2024-04-05,15,9,6,18,14,66.67,61.11,64.29,15.44,15.78,4.12,18.94,6.14,1.29,5.79,17.79
PBI,2024-04-05,16,9,6,12,18,66.67,66.67,61.11,34.33,14.08,3.17,35.92,4.44,1.78,5.72,20.17
PBI,2024-04-05,17,5,6,9,16,77.78,77.78,50.0,23.78,13.33,1.97,25.56,5.0,0.69,6.75,15.06
PBI,2024-04-05,18,5,8,7,16,71.43,71.43,75.0,10.0,13.86,2.86,12.86,2.88,0.99,3.63,12.25
PBI,2024-04-05,19,10,9,12,11,91.67,83.33,63.64,4.42,12.5,1.0,5.17,1.09,0.95,2.09,20.0
PBI,2024-04-05,20,6,6,6,8,66.67,66.67,87.5,23.33,12.5,1.48,24.5,0.88,2.73,1.38,2.25
PBI,2024-04-05,21,3,3,3,8,100.0,100.0,50.0,4.0,13.67,3.13,4.33,1.38,0.86,4.13,22.63
PBI,2024-04-05,22,1,8,3,9,100.0,66.67,88.89,0.67,17.0,5.8,5.0,1.11,1.39,0.0,3.89
PBI,2024-04-05,23,0,4,0,5,0.0,0.0,100.0,0.0,0.0,0.0,0.0,0.8,1.92,0.2,1.2
PBI,2024-04-06,0,0,2,0,3,0.0,0.0,100.0,0.0,0.0,0.0,0.0,1.67,0.0,0.0,4.0
PBI,2024-04-06,1,0,0,0,1,0.0,0.0,100.0,0.0,0.0,0.0,0.0,0.0,1.2,0.0,0.0
PBI,2024-04-06,4,0,0,0,1,0.0,0.0,100.0,0.0,0.0,0.0,0.0,0.0,1.5,4.0,0.0
PBI,2024-04-06,5,0,0,1,0,0.0,0.0,0.0,29.0,13.0,1.8,31.0,0.0,0.0,0.0,0.0
PBI,2024-04-06,6,7,0,9,1,88.89,88.89,100.0,3.33,12.89,1.74,4.11,0.0,4.2,0.0,4.0
PBI,2024-04-06,7,8,0,15,3,66.67,66.67,33.33,12.33,11.93,1.19,13.0,4.0,0.87,6.0,31.0
PBI,2024-04-06,8,5,3,9,3,77.78,77.78,66.67,5.89,12.22,1.22,6.56,1.33,1.13,0.0,14.33
PBI,2024-04-06,9,4,4,11,8,72.73,54.55,62.5,11.91,15.36,4.16,16.09,6.13,1.06,8.25,16.75
PBI,2024-04-06,10,5,8,13,13,61.54,61.54,61.54,16.15,14.77,3.67,19.38,4.38,1.35,6.0,18.62
PBI,2024-04-06,11,10,10,16,15,75.0,75.0,60.0,20.75,14.19,2.78,22.5,3.93,1.57,4.4,17.8
PBI,2024-04-06,12,8,9,18,13,77.78,77.78,76.92,10.28,13.39,2.18,11.67,3.31,1.3,4.08,6.38
PBI,2024-04-06,13,8,3,11,10,90.91,90.91,60.0,3.27,12.55,2.03,4.36,5.0,1.6,6.9,26.9
PBI,2024-04-06,14,4,12,9,20,44.44,44.44,70.0,37.89,14.44,2.87,40.89,3.75,1.25,3.4,8.55
PBI,2024-04-06,15,11,4,21,9,71.43,66.67,55.56,10.0,13.81,2.47,11.81,6.11,1.68,6.89,16.0
PBI,2024-04-06,16,3,5,5,17,100.0,100.0,52.94,0.0,14.8,4.32,2.4,4.59,0.41,6.24,20.82
PBI,2024-04-06,17,7,7,10,14,80.0,80.0,85.71,11.2,12.7,1.72,12.0,4.43,0.24,4.29,6.36
PBI,2024-04-06,18,6,9,7,17,85.71,85.71,70.59,6.0,12.57,2.27,7.29,2.12,0.45,1.88,17.76
PBI,2024-04-06,19,10,7,12,15,83.33,83.33,93.33,21.33,14.33,2.75,21.92,3.47,0.32,4.2,2.6
PBI,2024-04-06,20,6,5,7,10,100.0,100.0,70.0,0.29,16.43,5.23,3.43,1.4,0.99,1.4,11.8
PBI,2024-04-06,21,2,4,2,5,100.0,100.0,80.0,0.0,11.5,1.45,0.0,1.4,1.62,0.2,14.0
PBI,2024-04-06,22,1,8,1,9,0.0,0.0,88.89,21.0,14.0,2.8,24.0,1.78,1.13,0.78,11.78
PBI,2024-04-06,23,0,5,1,6,0.0,0.0,100.0,34.0,15.0,3.8,38.0,1.33,1.43,0.5,1.83
PBI,2024-04-07,0,0,2,0,2,0.0,0.0,100.0,0.0,0.0,0.0,0.0,0.0,0.95,0.0,0.0
PBI,2024-04-07,1,0,0,0,0,0.0,0.0,0.0,0.0,0.0,0.0,0.0,0.0,0.0,0.0,0.0
PBI,2024-04-07,2,0,0,0,0,0.0,0.0,0.0,0.0,0.0,0.0,0.0,0.0,0.0,0.0,0.0
PBI,2024-04-07,3,0,0,0,1,0.0,0.0,100.0,0.0,0.0,0.0,0.0,0.0,0.2,0.0,0.0
PBI,2024-04-07,5,1,0,2,0,100.0,100.0,0.0,0.0,17.5,7.6,6.5,0.0,0.0,0.0,0.0
PBI,2024-04-07,6,7,0,8,0,87.5,87.5,0.0,4.13,11.5,0.84,4.5,0.0,0.0,0.0,0.0
PBI,2024-04-07,7,6,0,14,2,64.29,64.29,0.0,12.29,12.57,1.49,13.5,2.5,0.2,7.5,34.5
PBI,2024-04-07,8,5,3,13,4,53.85,53.85,100.0,16.15,14.31,2.88,18.54,1.25,0.6,1.0,2.75
PBI,2024-04-07,9,6,5,20,10,40.0,40.0,60.0,23.05,14.55,3.42,26.05,2.3,1.24,4.6,11.4
PBI,2024-04-07,10,6,9,18,14,44.44,33.33,71.43,16.67,17.06,5.87,22.06,4.29,1.52,4.86,12.0
PBI,2024-04-07,11,8,9,15,20,73.33,60.0,70.0,15.67,19.8,8.25,23.4,3.85,1.34,5.65,11.6
PBI,2024-04-07,12,11,11,25,19,52.0,36.0,73.68,17.8,25.52,14.21,30.64,7.0,0.48,6.42,9.16
PBI,2024-04-07,13,7,3,20,8,45.0,15.0,50.0,20.8,27.5,16.22,36.6,2.38,0.36,6.63,22.0
PBI,2024-04-07,14,5,11,18,23,61.11,16.67,65.22,25.17,22.0,10.74,35.83,5.87,1.74,8.39,12.7
PBI,2024-04-07,15,10,5,20,12,60.0,60.0,50.0,17.15,16.45,4.83,20.85,10.17,1.81,10.25,20.75
PBI,2024-04-07,16,5,4,14,15,57.14,35.71,60.0,16.71,18.64,7.51,23.64,4.53,1.41,7.13,19.13
PBI,2024-04-07,17,5,6,11,14,63.64,54.55,50.0,35.45,16.27,4.9,39.82,4.43,0.74,5.79,23.71
PBI,2024-04-07,18,5,10,11,20,63.64,63.64,55.0,16.27,15.91,4.75,19.91,5.65,0.53,5.7,14.8
PBI,2024-04-07,19,12,8,17,15,64.71,52.94,73.33,14.35,15.65,3.95,17.47,4.4,1.99,8.47,13.07
PBI,2024-04-07,20,7,8,8,10,87.5,87.5,90.0,3.5,12.88,1.4,4.0,1.8,7.1,3.2,6.2
PBI,2024-04-07,21,3,2,4,5,75.0,75.0,80.0,17.0,10.75,1.05,17.5,0.6,5.6,3.0,4.8
PBI,2024-04-07,22,0,8,1,8,100.0,100.0,100.0,0.0,11.0,0.0,0.0,0.88,0.83,0.0,0.0
PBI,2024-04-07,23,0,5,0,5,0.0,0.0,100.0,0.0,0.0,0.0,0.0,0.0,0.68,1.8,4.2
PBI,2024-04-08,0,0,2,0,2,0.0,0.0,50.0,0.0,0.0,0.0,0.0,0.0,1.35,0.0,28.5
PBI,2024-04-08,1,0,0,0,0,0.0,0.0,0.0,0.0,0.0,0.0,0.0,0.0,0.0,0.0,0.0
PBI,2024-04-08,3,0,0,0,0,0.0,0.0,0.0,0.0,0.0,0.0,0.0,0.0,0.0,0.0,0.0
PBI,2024-04-08,5,2,0,3,1,66.67,66.67,0.0,10.67,10.33,1.27,10.33,4.0,0.2,8.0,32.0
PBI,2024-04-08,6,7,0,12,0,58.33,58.33,0.0,13.0,12.92,2.13,14.67,0.0,0.0,0.0,0.0
PBI,2024-04-08,7,5,0,11,0,81.82,63.64,0.0,9.0,16.09,4.52,12.91,0.0,0.0,0.0,0.0
PBI,2024-04-08,8,5,4,11,4,54.55,54.55,100.0,18.45,16.27,4.71,22.55,1.0,1.6,0.0,0.0
PBI,2024-04-08,9,7,6,15,12,66.67,66.67,83.33,11.07,14.33,3.2,13.8,2.75,0.31,3.08,8.33
PBI,2024-04-08,10,6,10,12,13,75.0,66.67,84.62,10.0,16.25,5.12,14.83,3.08,0.03,2.85,5.46
PBI,2024-04-08,11,10,8,19,20,68.42,57.89,50.0,12.58,18.68,7.35,17.89,8.7,1.18,7.55,18.35
PBI,2024-04-08,12,10,11,17,16,52.94,52.94,50.0,16.29,15.71,4.49,19.47,7.19,0.81,6.19,37.81
PBI,2024-04-08,13,7,2,12,9,66.67,66.67,77.78,12.08,15.67,4.55,15.67,7.11,0.29,7.89,6.89
PBI,2024-04-08,14,3,10,8,14,62.5,37.5,85.71,10.38,19.38,7.69,17.25,5.07,0.62,4.64,4.71
PBI,2024-04-08,15,9,5,11,11,81.82,81.82,100.0,4.45,15.45,3.65,7.45,1.91,1.93,2.91,1.36
PBI,2024-04-08,16,8,7,8,15,87.5,87.5,66.67,5.75,14.25,4.49,7.63,4.13,1.55,7.0,15.8
PBI,2024-04-08,17,6,6,10,9,70.0,70.0,77.78,6.8,14.5,2.99,9.4,2.67,1.1,6.67,10.11
PBI,2024-04-08,18,5,8,6,17,83.33,83.33,82.35,6.83,16.0,4.85,11.33,3.94,1.6,4.41,5.76
PBI,2024-04-08,19,12,10,14,12,92.86,92.86,75.0,2.36,13.14,2.29,4.14,2.08,1.23,1.92,11.0
PBI,2024-04-08,20,6,7,7,11,57.14,57.14,63.64,10.29,13.57,2.23,11.43,2.55,2.19,4.55,19.91
PBI,2024-04-08,21,3,1,5,2,80.0,80.0,50.0,13.8,9.8,0.36,14.2,2.5,0.95,5.5,23.0
PBI,2024-04-08,22,0,8,1,9,100.0,100.0,88.89,0.0,11.0,0.0,0.0,2.67,2.39,1.0,6.0
PBI,2024-04-08,23,0,4,0,5,0.0,0.0,80.0,0.0,0.0,0.0,0.0,0.0,1.12,5.6,11.8
PBI,2024-04-09,0,0,1,0,2,0.0,0.0,50.0,0.0,0.0,0.0,0.0,1.5,5.35,6.5,12.5
PBI,2024-04-09,1,0,0,0,0,0.0,0.0,0.0,0.0,0.0,0.0,0.0,0.0,0.0,0.0,0.0
PBI,2024-04-09,3,0,0,0,1,0.0,0.0,100.0,0.0,0.0,0.0,0.0,0.0,0.0,0.0,0.0
PBI,2024-04-09,4,0,0,1,1,100.0,100.0,0.0,0.0,12.0,0.8,0.0,7.0,0.2,11.0,24.0
PBI,2024-04-09,5,0,0,2,0,50.0,50.0,0.0,9.5,18.5,7.3,17.0,0.0,0.0,0.0,0.0
PBI,2024-04-09,6,7,0,11,3,90.91,90.91,0.0,4.0,12.91,2.2,6.18,0.67,0.47,0.67,25.67
PBI,2024-04-09,7,6,0,12,0,75.0,66.67,0.0,9.42,15.0,3.78,12.67,0.0,0.0,0.0,0.0
PBI,2024-04-09,8,4,3,9,4,66.67,66.67,75.0,10.56,13.89,2.9,12.44,1.75,0.1,2.5,8.5
PBI,2024-04-09,9,4,6,15,9,33.33,33.33,88.89,17.67,13.33,2.01,19.73,3.44,0.64,2.78,5.22
PBI,2024-04-09,10,7,8,15,15,60.0,60.0,73.33,12.07,14.07,3.13,14.2,8.0,0.35,8.33,13.33
PBI,2024-04-09,11,9,9,20,15,60.0,50.0,60.0,10.7,16.65,5.26,15.5,7.67,1.39,7.6,17.13
PBI,2024-04-09,12,9,9,13,15,84.62,76.92,53.33,3.08,15.69,4.36,6.46,5.73,1.31,9.2,22.87
PBI,2024-04-09,13,7,1,12,5,58.33,58.33,40.0,12.75,14.58,3.93,15.58,7.2,0.36,9.6,27.4
PBI,2024-04-09,14,2,9,6,12,33.33,33.33,75.0,32.67,16.33,4.83,37.67,2.75,1.03,5.33,46.5
PBI,2024-04-09,15,8,5,13,12,53.85,38.46,66.67,44.31,19.62,7.78,51.38,4.5,0.79,12.5,16.33
PBI,2024-04-09,16,6,5,13,17,46.15,46.15,64.71,26.0,14.23,3.35,29.15,5.35,0.67,7.18,17.71
PBI,2024-04-09,17,7,7,10,21,80.0,80.0,52.38,10.4,13.9,2.49,11.8,7.24,1.0,8.52,16.81
PBI,2024-04-09,18,6,8,8,16,62.5,62.5,62.5,11.63,12.5,1.75,13.25,4.19,3.63,6.94,17.56
PBI,2024-04-09,19,7,6,8,11,75.0,75.0,72.73,21.88,12.5,0.89,21.75,3.0,2.03,6.18,11.45
PBI,2024-04-09,20,4,4,6,5,100.0,100.0,60.0,2.5,13.83,2.63,4.33,0.2,1.76,3.4,16.4
PBI,2024-04-09,21,1,2,3,6,33.33,33.33,66.67,35.33,15.67,4.43,40.0,6.17,0.92,8.83,19.0
PBI,2024-04-09,22,0,6,3,8,66.67,66.67,87.5,33.33,17.0,5.8,36.0,4.0,0.39,4.25,6.88
PBI,2024-04-09,23,0,5,0,7,0.0,0.0,85.71,0.0,0.0,0.0,0.0,3.14,0.39,5.86,8.57
PBI,2024-04-10,0,0,1,0,1,0.0,0.0,100.0,0.0,0.0,0.0,0.0,0.0,0.0,0.0,0.0
PBI,2024-04-10,3,0,0,0,1,0.0,0.0,100.0,0.0,0.0,0.0,0.0,2.0,0.0,0.0,0.0
PBI,2024-04-10,4,0,0,1,0,100.0,100.0,0.0,0.0,4.0,0.0,0.0,0.0,0.0,0.0,0.0
PBI,2024-04-10,5,0,0,0,1,0.0,0.0,100.0,0.0,0.0,0.0,0.0,6.0,0.2,4.0,0.0
PBI,2024-04-10,6,7,0,12,4,75.0,75.0,50.0,11.25,13.92,3.32,13.42,5.25,0.15,6.75,23.0
PBI,2024-04-10,7,6,0,15,0,80.0,80.0,0.0,5.4,13.2,2.2,6.93,0.0,0.0,0.0,0.0
PBI,2024-04-10,8,5,4,12,6,75.0,75.0,83.33,8.0,14.5,3.3,10.67,1.17,1.5,2.0,10.5
PBI,2024-04-10,9,4,5,13,6,53.85,53.85,100.0,20.77,15.0,3.64,24.31,0.67,0.92,3.67,2.33
PBI,2024-04-10,10,6,6,8,10,87.5,87.5,80.0,3.5,15.38,4.34,6.75,1.8,0.59,2.9,4.8
PBI,2024-04-10,11,8,9,16,15,68.75,50.0,86.67,12.0,18.19,6.77,18.13,2.93,0.79,1.53,5.2
PBI,2024-04-10,12,9,11,15,24,80.0,80.0,50.0,10.0,15.53,4.11,11.8,5.5,0.36,6.83,18.21
PBI,2024-04-10,13,8,2,18,9,50.0,50.0,33.33,27.22,13.78,2.67,29.33,11.11,0.9,11.33,27.0
PBI,2024-04-10,14,2,8,12,17,58.33,33.33,58.82,17.33,19.67,8.51,26.0,5.0,0.82,10.18,31.29
PBI,2024-04-10,15,8,5,11,10,81.82,72.73,60.0,20.0,19.27,7.17,24.55,7.0,0.92,10.9,21.0
PBI,2024-04-10,16,6,6,10,15,70.0,70.0,73.33,11.8,17.1,6.56,16.0,3.4,2.03,4.73,16.2
PBI,2024-04-10,17,7,6,10,11,80.0,80.0,63.64,6.7,13.6,2.39,7.8,3.0,6.95,7.64,13.64
PBI,2024-04-10,18,5,7,7,15,42.86,42.86,66.67,17.71,13.57,2.53,18.71,1.8,1.28,2.73,33.8
PBI,2024-04-10,19,8,7,10,14,90.0,90.0,57.14,31.4,11.8,0.95,31.6,1.79,0.83,5.29,26.71
PBI,2024-04-10,20,5,5,6,11,100.0,83.33,72.73,0.5,17.33,5.97,4.67,2.64,2.56,2.09,9.45
PBI,2024-04-10,21,1,2,2,4,100.0,100.0,50.0,1.5,12.5,1.9,1.0,2.0,1.53,3.25,10.5
PBI,2024-04-10,22,0,6,1,7,100.0,100.0,100.0,0.0,13.0,1.8,1.0,0.0,1.43,0.0,1.86
PBI,2024-04-10,23,0,5,0,5,0.0,0.0,40.0,0.0,0.0,0.0,0.0,0.6,0.34,0.8,40.6
PBI,2024-04-11,0,0,1,0,1,0.0,0.0,100.0,0.0,0.0,0.0,0.0,0.0,0.0,0.0,0.0
PBI,2024-04-11,1,0,0,0,1,0.0,0.0,0.0,0.0,0.0,0.0,0.0,0.0,1.2,4.0,31.0
PBI,2024-04-11,2,0,0,0,0,0.0,0.0,0.0,0.0,0.0,0.0,0.0,0.0,0.0,0.0,0.0
PBI,2024-04-11,3,0,0,0,1,0.0,0.0,100.0,0.0,0.0,0.0,0.0,5.0,0.0,5.0,14.0
PBI,2024-04-11,4,0,0,1,0,100.0,100.0,0.0,2.0,10.0,0.0,1.0,0.0,0.0,0.0,0.0
PBI,2024-04-11,5,0,0,1,0,0.0,0.0,0.0,24.0,12.0,0.8,25.0,0.0,0.0,0.0,0.0
PBI,2024-04-11,6,7,0,8,2,87.5,87.5,0.0,4.38,13.5,2.14,5.38,9.5,0.0,19.0,32.5
PBI,2024-04-11,7,6,0,8,0,62.5,50.0,0.0,21.5,18.63,7.35,28.38,0.0,0.0,0.0,0.0
PBI,2024-04-11,8,5,3,15,5,66.67,60.0,60.0,11.87,15.13,3.8,14.93,0.2,0.76,1.0,12.2
PBI,2024-04-11,9,4,6,13,9,30.77,30.77,22.22,31.85,14.62,3.69,35.08,8.89,0.48,18.78,57.56
PBI,2024-04-11,10,6,6,13,11,46.15,30.77,36.36,19.69,19.15,8.09,27.38,9.82,1.42,26.64,50.82
PBI,2024-04-11,11,7,9,13,14,46.15,38.46,0.0,53.62,22.77,11.36,64.54,26.07,1.21,38.43,107.07
PBI,2024-04-11,12,10,12,16,15,12.5,12.5,20.0,85.63,20.88,9.57,95.31,7.07,1.23,17.87,81.2
PBI,2024-04-11,13,9,2,14,8,28.57,21.43,12.5,62.93,19.36,8.52,71.21,15.88,1.43,21.0,95.38
PBI,2024-04-11,14,3,8,7,20,28.57,28.57,30.0,95.29,18.57,7.26,102.57,15.3,1.49,19.2,98.65
PBI,2024-04-11,15,7,6,10,13,40.0,30.0,38.46,79.7,18.3,6.3,86.2,8.92,1.58,10.69,116.15
PBI,2024-04-11,16,7,8,14,13,21.43,21.43,7.69,120.21,19.36,8.65,128.64,12.31,1.28,20.46,92.46
PBI,2024-04-11,17,9,5,17,15,23.53,5.88,20.0,72.35,21.53,10.18,81.88,17.8,1.67,23.47,77.93
PBI,2024-04-11,18,4,9,7,14,42.86,42.86,28.57,91.57,18.0,6.31,97.86,8.71,1.8,15.93,51.43
PBI,2024-04-11,19,10,7,11,17,18.18,9.09,29.41,46.18,16.09,4.56,50.82,6.0,1.38,10.82,60.82
PBI,2024-04-11,20,6,6,12,14,16.67,16.67,21.43,73.17,13.42,2.45,75.42,8.57,2.11,14.57,90.57
PBI,2024-04-11,21,2,2,3,9,33.33,33.33,55.56,66.67,16.33,5.13,70.33,3.78,2.76,8.0,33.89
PBI,2024-04-11,22,0,6,1,6,100.0,100.0,33.33,0.0,11.0,0.0,0.0,1.17,1.23,6.67,60.5
PBI,2024-04-11,23,0,6,0,6,0.0,0.0,0.0,0.0,0.0,0.0,0.0,2.17,0.73,2.83,97.0
PBI,2024-04-12,0,0,1,0,4,0.0,0.0,50.0,0.0,0.0,0.0,0.0,4.25,1.78,7.75,20.0
PBI,2024-04-12,1,0,0,1,0,100.0,100.0,0.0,8.0,8.0,0.0,5.0,0.0,0.0,0.0,0.0
PBI,2024-04-12,2,0,0,0,0,0.0,0.0,0.0,0.0,0.0,0.0,0.0,0.0,0.0,0.0,0.0
PBI,2024-04-12,3,0,0,0,1,0.0,0.0,100.0,0.0,0.0,0.0,0.0,2.0,2.2,12.0,4.0
PBI,2024-04-12,4,0,0,1,0,100.0,100.0,0.0,0.0,8.0,0.0,0.0,0.0,0.0,0.0,0.0
PBI,2024-04-12,5,0,0,2,0,50.0,50.0,0.0,15.5,13.0,1.9,17.5,0.0,0.0,0.0,0.0
PBI,2024-04-12,6,7,0,9,3,77.78,77.78,66.67,14.0,13.22,2.06,14.33,1.33,1.87,4.33,18.0
PBI,2024-04-12,7,6,0,13,1,46.15,46.15,0.0,13.46,13.92,2.68,15.38,10.0,0.2,11.0,16.0
PBI,2024-04-12,8,5,5,17,7,47.06,41.18,85.71,21.12,14.53,3.72,24.82,0.14,0.97,0.57,5.71
PBI,2024-04-12,9,6,7,18,11,66.67,66.67,63.64,16.83,14.61,3.67,20.11,1.82,1.74,5.64,19.73
PBI,2024-04-12,10,7,7,16,16,68.75,62.5,56.25,12.06,14.38,3.28,15.0,3.31,0.73,9.13,15.69
PBI,2024-04-12,11,8,9,20,15,65.0,55.0,26.67,13.2,16.75,5.38,18.3,43.73,1.16,49.07,67.0
PBI,2024-04-12,12,10,12,16,28,25.0,25.0,46.43,69.31,16.69,5.52,74.94,8.46,1.04,15.54,33.14
PBI,2024-04-12,13,9,1,23,4,39.13,39.13,25.0,37.39,16.35,5.31,42.78,10.5,1.2,16.0,40.75
PBI,2024-04-12,14,2,8,8,16,25.0,25.0,31.25,20.38,16.63,5.18,25.75,5.0,2.75,9.25,49.06
PBI,2024-04-12,15,7,5,12,15,50.0,33.33,66.67,35.83,17.42,5.72,41.17,4.53,1.44,9.33,15.93
PBI,2024-04-12,16,8,9,10,19,60.0,60.0,57.89,18.1,13.0,2.88,19.6,4.84,1.6,9.05,36.11
PBI,2024-04-12,17,8,5,9,13,66.67,55.56,53.85,13.67,18.44,6.94,20.56,4.23,0.68,6.38,18.62
PBI,2024-04-12,18,4,8,7,13,71.43,57.14,30.77,28.14,16.0,4.86,32.57,4.15,0.77,6.31,39.62
PBI,2024-04-12,19,11,9,14,10,57.14,50.0,40.0,50.0,15.0,3.57,52.86,0.6,0.91,0.7,55.7
PBI,2024-04-12,20,6,5,7,13,14.29,14.29,23.08,48.86,15.57,4.0,52.86,3.0,1.95,5.38,60.23
PBI,2024-04-12,21,1,2,1,4,100.0,100.0,50.0,5.0,19.0,7.5,13.0,2.75,2.45,4.75,25.0
PBI,2024-04-12,22,0,6,2,6,100.0,100.0,50.0,0.0,13.5,2.3,0.0,0.0,1.93,0.0,16.0
PBI,2024-04-12,23,0,6,0,7,0.0,0.0,71.43,0.0,0.0,0.0,0.0,1.29,1.31,1.29,18.29
PBI,2024-04-13,0,0,2,1,1,100.0,100.0,100.0,0.0,8.0,0.0,0.0,0.0,0.7,0.0,13.0
PBI,2024-04-13,1,0,0,0,0,0.0,0.0,0.0,0.0,0.0,0.0,0.0,0.0,0.0,0.0,0.0
PBI,2024-04-13,6,7,0,8,1,62.5,62.5,100.0,19.38,13.13,2.45,20.13,0.0,1.2,0.0,0.0
PBI,2024-04-13,7,7,0,13,2,61.54,53.85,100.0,11.08,18.23,7.12,14.85,0.0,1.2,1.5,0.0
PBI,2024-04-13,8,5,4,18,5,66.67,61.11,80.0,18.67,15.61,4.68,23.11,0.8,1.96,1.4,7.6
PBI,2024-04-13,9,3,3,12,7,58.33,50.0,42.86,8.75,15.92,4.58,13.0,3.71,0.5,4.71,16.43
PBI,2024-04-13,10,4,8,10,13,70.0,60.0,53.85,8.7,18.0,7.05,14.3,4.15,1.14,9.77,25.08
PBI,2024-04-13,11,10,9,16,13,62.5,43.75,69.23,24.5,16.5,5.17,28.56,3.23,2.92,6.31,11.0
PBI,2024-04-13,12,8,10,16,13,56.25,56.25,76.92,19.19,14.56,3.17,21.25,3.08,3.88,3.15,14.54
PBI,2024-04-13,13,8,1,14,8,64.29,64.29,25.0,26.29,12.64,1.72,27.71,10.0,0.83,12.63,32.5
PBI,2024-04-13,14,2,8,5,21,40.0,40.0,47.62,11.6,13.6,2.26,14.0,3.48,0.6,4.86,23.48
PBI,2024-04-13,15,9,7,11,11,63.64,63.64,72.73,14.27,14.0,2.59,15.27,2.18,1.37,2.27,10.91
PBI,2024-04-13,16,5,6,9,11,77.78,77.78,72.73,8.44,13.44,2.57,9.56,2.18,1.02,5.91,7.82
PBI,2024-04-13,17,8,6,10,10,70.0,60.0,70.0,8.7,15.3,4.13,11.0,3.3,2.49,4.3,11.9
PBI,2024-04-13,18,5,8,6,11,66.67,66.67,100.0,23.17,15.0,4.1,26.17,2.18,0.69,1.27,1.27
PBI,2024-04-13,19,9,6,11,9,100.0,100.0,66.67,0.0,12.18,1.32,0.36,1.78,1.1,1.89,9.67
PBI,2024-04-13,20,5,6,5,12,100.0,100.0,83.33,2.8,11.0,0.4,2.2,2.75,1.92,3.17,3.75
PBI,2024-04-13,21,1,3,1,4,100.0,100.0,75.0,0.0,24.0,12.5,0.0,1.0,0.9,0.5,10.25
PBI,2024-04-13,22,0,5,0,6,0.0,0.0,83.33,0.0,0.0,0.0,0.0,0.83,0.73,1.17,8.5
PBI,2024-04-13,23,0,4,0,7,0.0,0.0,71.43,0.0,0.0,0.0,0.0,1.14,0.71,2.29,9.86
PBI,2024-04-14,0,0,1,0,2,0.0,0.0,50.0,0.0,0.0,0.0,0.0,0.0,0.95,0.0,64.0
PBI,2024-04-14,2,0,0,0,1,0.0,0.0,100.0,0.0,0.0,0.0,0.0,0.0,0.2,0.0,0.0
PBI,2024-04-14,3,0,0,0,0,0.0,0.0,0.0,0.0,0.0,0.0,0.0,0.0,0.0,0.0,0.0
PBI,2024-04-14,5,0,0,0,0,0.0,0.0,0.0,0.0,0.0,0.0,0.0,0.0,0.0,0.0,0.0
PBI,2024-04-14,6,6,0,8,0,87.5,87.5,0.0,5.13,12.25,1.21,5.63,0.0,0.0,0.0,0.0
PBI,2024-04-14,7,7,0,10,2,90.0,80.0,0.0,2.2,14.9,3.94,5.5,0.5,0.2,4.5,33.5
PBI,2024-04-14,8,5,4,15,4,53.33,46.67,75.0,14.27,15.0,3.75,17.93,0.0,0.85,0.0,7.5
PBI,2024-04-14,9,5,4,15,8,53.33,53.33,87.5,14.93,15.0,3.7,17.93,4.13,0.34,3.5,5.0
PBI,2024-04-14,10,4,7,8,11,62.5,62.5,72.73,8.63,15.5,4.22,12.25,4.64,0.58,4.09,15.73
PBI,2024-04-14,11,9,10,17,23,82.35,76.47,65.22,4.59,20.76,9.49,11.71,4.57,1.53,5.3,13.0
PBI,2024-04-14,12,10,12,21,23,66.67,33.33,47.83,11.43,26.62,15.17,24.71,9.91,1.63,9.96,15.3
PBI,2024-04-14,13,9,2,28,8,46.43,32.14,75.0,27.93,17.46,6.25,34.11,10.88,0.03,8.0,4.25
PBI,2024-04-14,14,3,8,10,13,50.0,50.0,92.31,22.9,16.2,5.4,26.7,4.08,0.57,0.23,2.85
PBI,2024-04-14,15,7,6,20,15,65.0,60.0,66.67,14.7,16.2,4.68,19.35,2.27,0.94,2.53,8.2
PBI,2024-04-14,16,7,6,13,10,76.92,69.23,90.0,8.54,15.38,4.45,10.46,2.4,1.22,2.7,15.0
PBI,2024-04-14,17,7,4,11,12,63.64,45.45,66.67,23.36,17.64,6.15,28.45,4.5,1.1,6.25,13.58
PBI,2024-04-14,18,4,9,7,20,71.43,57.14,65.0,25.71,17.29,5.81,30.29,2.15,1.89,4.35,24.55
PBI,2024-04-14,19,9,7,15,15,80.0,80.0,86.67,12.87,12.53,1.57,13.4,2.67,1.16,3.93,5.2
PBI,2024-04-14,20,6,6,9,10,66.67,66.67,70.0,17.22,13.0,1.56,18.56,1.9,3.86,5.9,13.4
PBI,2024-04-14,21,2,2,3,5,66.67,66.67,60.0,27.33,11.67,0.93,28.33,2.6,4.8,7.4,23.4
PBI,2024-04-14,22,0,8,0,9,0.0,0.0,88.89,0.0,0.0,0.0,0.0,0.67,1.76,1.44,4.56
PBI,2024-04-14,23,0,4,0,4,0.0,0.0,50.0,0.0,0.0,0.0,0.0,0.0,1.3,19.0,32.25
PBI,2024-04-15,0,0,1,0,1,0.0,0.0,100.0,0.0,0.0,0.0,0.0,0.0,1.7,0.0,0.0
PBI,2024-04-15,1,0,0,0,0,0.0,0.0,0.0,0.0,0.0,0.0,0.0,0.0,0.0,0.0,0.0
PBI,2024-04-15,3,0,0,0,1,0.0,0.0,100.0,0.0,0.0,0.0,0.0,0.0,1.2,2.0,13.0
PBI,2024-04-15,4,0,0,0,1,0.0,0.0,0.0,0.0,0.0,0.0,0.0,1.0,1.2,6.0,21.0
PBI,2024-04-15,5,0,0,1,0,0.0,0.0,0.0,25.0,12.0,0.8,26.0,0.0,0.0,0.0,0.0
PBI,2024-04-15,6,7,0,12,0,66.67,66.67,0.0,11.58,13.25,2.23,13.25,0.0,0.0,0.0,0.0
PBI,2024-04-15,7,6,0,12,1,58.33,41.67,100.0,24.0,17.5,6.28,29.67,5.0,1.2,0.0,0.0
PBI,2024-04-15,8,5,6,13,10,84.62,76.92,90.0,3.15,15.77,4.43,6.08,1.5,2.71,3.2,2.8
PBI,2024-04-15,9,7,7,17,9,58.82,47.06,66.67,12.82,19.06,7.6,19.76,4.22,2.14,4.78,13.78
PBI,2024-04-15,10,7,7,16,13,56.25,37.5,53.85,20.13,17.94,6.88,26.44,5.54,1.33,8.15,23.15
PBI,2024-04-15,11,8,9,13,15,76.92,69.23,66.67,12.15,18.0,6.51,17.15,3.67,2.58,5.07,16.6
PBI,2024-04-15,12,10,12,14,22,85.71,64.29,72.73,3.5,20.64,9.49,10.21,3.73,1.37,3.82,17.95
PBI,2024-04-15,13,9,1,13,12,69.23,53.85,41.67,15.15,18.31,7.05,20.23,5.5,1.12,8.67,33.33
PBI,2024-04-15,14,2,8,12,13,58.33,58.33,53.85,24.75,14.17,2.81,27.5,4.23,2.82,5.54,34.77
PBI,2024-04-15,15,7,5,14,11,50.0,42.86,72.73,25.07,15.07,3.54,27.14,5.27,1.16,5.55,8.73
PBI,2024-04-15,16,8,9,9,22,88.89,88.89,59.09,7.67,12.56,2.13,8.67,5.77,1.45,6.32,19.27
PBI,2024-04-15,17,8,5,13,17,69.23,69.23,76.47,11.31,14.46,3.08,13.85,4.06,0.53,6.41,15.35
PBI,2024-04-15,18,4,7,7,15,71.43,71.43,60.0,7.57,12.43,1.21,8.71,5.53,0.42,5.53,18.53
PBI,2024-04-15,19,10,9,12,14,83.33,75.0,57.14,10.17,15.58,4.98,14.17,7.0,0.74,8.14,42.0
PBI,2024-04-15,20,6,5,6,9,66.67,50.0,77.78,19.67,13.83,2.37,22.0,1.33,0.84,2.44,5.89
PBI,2024-04-15,21,1,2,2,3,100.0,100.0,66.67,0.0,10.0,0.0,0.0,1.0,0.07,0.0,8.0
PBI,2024-04-15,22,0,6,1,7,100.0,100.0,57.14,0.0,16.0,4.8,0.0,4.29,0.97,5.43,37.86
PBI,2024-04-15,23,0,6,0,6,0.0,0.0,50.0,0.0,0.0,0.0,0.0,2.5,1.17,1.0,18.0
PBI,2024-04-16,0,0,1,0,1,0.0,0.0,100.0,0.0,0.0,0.0,0.0,0.0,0.7,0.0,0.0
PBI,2024-04-16,1,0,0,0,0,0.0,0.0,0.0,0.0,0.0,0.0,0.0,0.0,0.0,0.0,0.0
PBI,2024-04-16,2,0,0,0,0,0.0,0.0,0.0,0.0,0.0,0.0,0.0,0.0,0.0,0.0,0.0
PBI,2024-04-16,3,0,0,0,1,0.0,0.0,0.0,0.0,0.0,0.0,0.0,0.0,0.0,0.0,22.0
PBI,2024-04-16,4,0,0,3,0,66.67,66.67,0.0,11.0,14.0,2.8,14.0,0.0,0.0,0.0,0.0
PBI,2024-04-16,5,0,0,2,1,0.0,0.0,0.0,34.0,12.0,0.8,35.0,3.0,0.0,1.0,20.0
PBI,2024-04-16,6,7,0,7,1,100.0,100.0,0.0,1.0,11.14,0.46,1.0,0.0,2.2,0.0,38.0
PBI,2024-04-16,7,6,0,11,0,63.64,63.64,0.0,18.91,13.91,2.87,20.55,0.0,0.0,0.0,0.0
PBI,2024-04-16,8,5,4,13,5,84.62,76.92,80.0,6.0,15.54,4.58,10.08,1.6,0.12,2.4,6.8
PBI,2024-04-16,9,4,5,20,10,65.0,55.0,50.0,12.9,17.5,6.19,18.8,2.6,0.3,4.2,13.4
PBI,2024-04-16,10,6,6,18,12,66.67,66.67,75.0,23.39,15.44,4.29,26.5,3.08,0.97,3.08,9.5
PBI,2024-04-16,11,8,10,15,14,80.0,80.0,78.57,7.27,14.93,3.55,9.87,2.86,3.28,3.43,7.21
PBI,2024-04-16,12,10,10,17,18,64.71,52.94,72.22,12.94,16.94,5.43,17.06,5.78,4.11,6.67,10.94
PBI,2024-04-16,13,7,1,14,9,64.29,64.29,44.44,15.07,13.14,2.39,16.36,5.22,0.87,4.33,29.0
PBI,2024-04-16,14,2,8,8,18,50.0,37.5,61.11,20.5,15.75,4.3,24.5,3.78,0.47,4.61,28.39
PBI,2024-04-16,15,7,6,13,14,69.23,69.23,85.71,13.0,14.23,3.05,14.92,3.43,1.4,4.36,6.36
PBI,2024-04-16,16,7,6,7,12,100.0,85.71,83.33,2.57,11.57,1.49,2.57,2.92,0.88,2.92,12.58
PBI,2024-04-16,17,8,5,11,12,63.64,54.55,66.67,36.27,15.09,4.12,40.09,6.42,0.27,7.42,25.83
PBI,2024-04-16,18,4,8,7,13,71.43,57.14,69.23,20.71,13.43,2.64,23.43,3.77,0.52,2.77,9.69
PBI,2024-04-16,19,7,6,7,8,100.0,100.0,100.0,0.0,16.71,4.46,0.14,4.25,1.21,1.63,0.38
PBI,2024-04-16,20,4,4,7,10,57.14,57.14,60.0,22.57,13.71,2.34,24.14,2.0,1.98,3.3,13.9
PBI,2024-04-16,21,1,2,3,3,66.67,66.67,100.0,6.0,11.67,1.2,6.67,1.67,0.3,2.33,3.67
PBI,2024-04-16,22,0,6,2,11,100.0,100.0,54.55,0.0,11.5,0.4,0.0,16.09,0.39,17.09,44.27
PBI,2024-04-16,23,0,5,0,5,0.0,0.0,80.0,0.0,0.0,0.0,0.0,1.0,0.84,0.0,3.2
PBI,2024-04-17,0,0,1,0,1,0.0,0.0,100.0,0.0,0.0,0.0,0.0,0.0,0.0,0.0,0.0
PBI,2024-04-17,2,0,0,0,0,0.0,0.0,0.0,0.0,0.0,0.0,0.0,0.0,0.0,0.0,0.0
PBI,2024-04-17,3,0,0,0,1,0.0,0.0,100.0,0.0,0.0,0.0,0.0,0.0,0.0,0.0,0.0
PBI,2024-04-17,5,0,0,2,1,50.0,50.0,0.0,9.5,13.0,1.9,11.5,4.0,0.0,3.0,21.0
PBI,2024-04-17,6,7,0,7,1,100.0,100.0,0.0,0.0,14.86,3.71,1.14,2.0,0.0,2.0,35.0
PBI,2024-04-17,7,6,0,11,2,63.64,63.64,50.0,10.55,13.73,2.6,12.91,6.0,0.2,10.5,18.0
PBI,2024-04-17,8,5,5,13,6,53.85,53.85,100.0,19.85,15.0,3.71,23.38,1.67,0.77,2.5,0.0
PBI,2024-04-17,9,5,5,20,7,65.0,60.0,71.43,13.0,15.65,4.44,17.45,3.29,0.34,3.14,8.71
PBI,2024-04-17,10,6,6,12,14,66.67,66.67,64.29,13.83,14.0,3.03,16.42,3.21,0.25,3.79,16.14
PBI,2024-04-17,11,8,9,16,15,56.25,56.25,73.33,16.69,14.38,3.16,19.69,4.13,0.79,3.4,14.6
PBI,2024-04-17,12,9,10,18,14,55.56,55.56,71.43,14.89,15.06,3.58,17.56,5.21,2.12,4.07,10.21
PBI,2024-04-17,13,7,2,15,10,73.33,66.67,80.0,16.07,14.07,3.16,17.53,4.1,0.4,4.6,9.8
PBI,2024-04-17,14,3,8,7,15,42.86,42.86,66.67,14.29,13.14,1.63,15.57,5.73,0.93,5.93,12.87
PBI,2024-04-17,15,7,5,14,15,50.0,50.0,66.67,14.29,13.64,2.24,16.21,9.13,2.0,11.4,18.87
PBI,2024-04-17,16,6,6,11,18,63.64,63.64,27.78,21.09,13.64,3.05,22.73,15.11,0.71,12.78,75.72
PBI,2024-04-17,17,7,6,14,10,57.14,50.0,70.0,40.07,16.5,5.17,44.36,5.4,0.59,3.4,15.7
PBI,2024-04-17,18,5,8,7,16,42.86,42.86,68.75,19.29,16.86,5.89,24.57,3.38,2.64,6.06,18.0
PBI,2024-04-17,19,9,7,14,10,71.43,71.43,60.0,16.36,12.21,1.31,16.93,2.0,1.66,4.4,22.9
PBI,2024-04-17,20,5,5,6,8,83.33,83.33,75.0,2.83,13.83,2.6,5.17,1.5,5.43,4.63,13.88
PBI,2024-04-17,21,1,2,3,3,100.0,100.0,66.67,0.0,12.0,0.77,0.0,0.0,2.2,0.0,10.33
PBI,2024-04-17,22,0,6,2,8,50.0,50.0,75.0,17.5,12.5,1.4,19.0,3.0,0.35,1.63,15.88
PBI,2024-04-17,23,0,5,0,5,0.0,0.0,80.0,0.0,0.0,0.0,0.0,0.0,0.74,0.0,12.0
PBI,2024-04-18,0,0,1,0,1,0.0,0.0,100.0,0.0,0.0,0.0,0.0,0.0,0.7,0.0,0.0
PBI,2024-04-18,3,0,0,0,1,0.0,0.0,0.0,0.0,0.0,0.0,0.0,0.0,0.0,0.0,31.0
PBI,2024-04-18,4,0,0,2,0,100.0,100.0,0.0,5.0,18.0,6.8,12.0,0.0,0.0,0.0,0.0
PBI,2024-04-18,5,0,0,0,3,0.0,0.0,66.67,0.0,0.0,0.0,0.0,2.33,0.8,1.33,23.33
PBI,2024-04-18,6,7,0,11,1,81.82,81.82,100.0,3.64,13.27,2.18,5.18,0.0,1.2,0.0,0.0
PBI,2024-04-18,7,6,0,12,0,66.67,66.67,0.0,11.08,13.17,2.05,12.83,0.0,0.0,0.0,0.0
PBI,2024-04-18,8,5,3,16,5,56.25,56.25,60.0,17.75,13.88,2.55,19.94,1.2,1.12,0.4,14.8
PBI,2024-04-18,9,5,7,12,9,66.67,66.67,66.67,13.17,15.58,4.38,16.75,1.44,0.94,3.11,18.33
PBI,2024-04-18,10,6,6,10,12,70.0,70.0,75.0,14.6,15.1,4.02,17.5,0.92,1.8,2.67,16.0
PBI,2024-04-18,11,7,9,16,14,75.0,68.75,64.29,9.56,16.38,5.18,14.5,3.79,4.39,4.93,13.29
PBI,2024-04-18,12,10,12,14,20,78.57,64.29,55.0,14.93,19.21,7.82,20.86,4.6,2.07,4.75,22.8
PBI,2024-04-18,13,9,1,12,4,66.67,58.33,75.0,22.17,15.33,4.36,26.42,2.25,0.7,2.25,9.5
PBI,2024-04-18,14,2,8,10,14,50.0,50.0,57.14,22.9,13.9,2.51,25.6,4.79,1.36,5.86,22.43
PBI,2024-04-18,15,7,6,12,11,66.67,66.67,63.64,10.08,13.83,2.12,11.25,2.64,0.52,2.64,18.55
PBI,2024-04-18,16,7,8,12,20,58.33,50.0,75.0,24.25,17.25,6.62,30.17,6.25,1.23,6.55,15.15
PBI,2024-04-18,17,9,4,9,14,100.0,88.89,64.29,3.67,16.0,4.79,7.33,4.71,1.01,6.29,14.71
PBI,2024-04-18,18,3,9,7,17,71.43,71.43,58.82,14.14,13.14,1.77,15.57,5.18,1.06,4.35,22.18
PBI,2024-04-18,19,10,6,14,12,85.71,85.71,75.0,4.21,16.0,4.43,6.43,3.92,0.63,3.42,9.67
PBI,2024-04-18,20,5,5,8,12,62.5,62.5,50.0,8.38,12.63,1.38,9.38,2.83,1.18,4.75,33.33
PBI,2024-04-18,21,1,2,2,4,100.0,100.0,75.0,0.0,11.0,0.4,0.0,1.25,0.95,3.75,8.5
PBI,2024-04-18,22,0,6,1,7,100.0,100.0,85.71,0.0,10.0,0.0,0.0,1.71,0.49,1.43,4.71
PBI,2024-04-18,23,0,6,0,6,0.0,0.0,66.67,0.0,0.0,0.0,0.0,0.5,0.8,0.0,11.83
PBI,2024-04-19,0,0,1,0,2,0.0,0.0,50.0,0.0,0.0,0.0,0.0,0.0,0.6,1.5,31.5
PBI,2024-04-19,1,0,0,0,0,0.0,0.0,0.0,0.0,0.0,0.0,0.0,0.0,0.0,0.0,0.0
PBI,2024-04-19,2,0,0,0,0,0.0,0.0,0.0,0.0,0.0,0.0,0.0,0.0,0.0,0.0,0.0
PBI,2024-04-19,3,0,0,0,1,0.0,0.0,0.0,0.0,0.0,0.0,0.0,0.0,0.0,4.0,25.0
PBI,2024-04-19,4,0,0,1,0,100.0,100.0,0.0,5.0,7.0,0.0,1.0,0.0,0.0,0.0,0.0
PBI,2024-04-19,5,0,0,1,0,100.0,100.0,0.0,0.0,11.0,0.0,0.0,0.0,0.0,0.0,0.0
PBI,2024-04-19,6,7,0,12,3,75.0,75.0,0.0,5.67,14.58,3.47,7.83,0.0,0.47,2.33,30.67
PBI,2024-04-19,7,6,0,10,0,60.0,50.0,0.0,10.9,18.3,6.96,15.3,0.0,0.0,0.0,0.0
PBI,2024-04-19,8,5,4,16,11,56.25,56.25,72.73,20.44,14.81,3.69,24.13,1.73,1.09,4.91,13.0
PBI,2024-04-19,9,5,7,17,6,58.82,52.94,100.0,15.47,18.35,7.01,22.12,1.67,1.45,1.0,0.0
PBI,2024-04-19,10,7,7,19,15,63.16,57.89,66.67,10.47,14.84,3.87,14.0,3.93,1.58,4.87,44.87
PBI,2024-04-19,11,8,9,16,15,62.5,56.25,80.0,41.19,17.25,5.87,46.81,7.4,1.8,8.47,12.4
PBI,2024-04-19,12,10,11,18,21,77.78,66.67,57.14,9.0,17.5,6.16,14.83,6.9,1.54,7.52,26.29
PBI,2024-04-19,13,8,1,17,7,58.82,58.82,57.14,21.35,14.53,3.85,24.71,6.14,0.2,9.43,23.0
PBI,2024-04-19,14,2,8,12,16,33.33,25.0,75.0,23.0,15.17,3.8,26.92,5.69,0.66,5.81,20.69
PBI,2024-04-19,15,7,5,8,15,87.5,75.0,33.33,2.0,16.13,4.46,4.63,7.4,0.4,9.0,31.67
PBI,2024-04-19,16,8,10,11,20,81.82,81.82,55.0,7.09,12.36,1.5,8.18,3.15,1.11,6.0,25.55
PBI,2024-04-19,17,8,4,12,13,50.0,41.67,53.85,50.92,18.33,6.89,56.58,6.92,1.45,9.38,25.31
PBI,2024-04-19,18,4,8,6,22,50.0,50.0,63.64,12.17,14.33,2.72,14.83,6.59,0.74,6.77,18.55
PBI,2024-04-19,19,11,8,11,13,100.0,81.82,69.23,1.73,15.55,4.65,4.36,2.69,2.1,3.15,19.85
PBI,2024-04-19,20,6,6,7,9,85.71,85.71,88.89,10.71,13.71,2.36,11.71,1.78,2.97,3.0,6.22
PBI,2024-04-19,21,1,2,1,5,100.0,100.0,60.0,0.0,12.0,0.5,0.0,6.2,0.56,3.2,10.4
PBI,2024-04-19,22,0,6,2,9,100.0,100.0,77.78,0.0,11.0,0.4,0.0,1.22,1.91,2.56,8.33
PBI,2024-04-19,23,0,7,0,9,0.0,0.0,77.78,0.0,0.0,0.0,0.0,0.22,1.38,0.33,15.0
PBI,2024-04-20,0,0,2,0,1,0.0,0.0,100.0,0.0,0.0,0.0,0.0,0.0,1.7,6.0,0.0
PBI,2024-04-20,1,0,0,0,0,0.0,0.0,0.0,0.0,0.0,0.0,0.0,0.0,0.0,0.0,0.0
PBI,2024-04-20,5,0,0,0,0,0.0,0.0,0.0,0.0,0.0,0.0,0.0,0.0,0.0,0.0,0.0
PBI,2024-04-20,6,7,0,8,1,87.5,87.5,100.0,6.63,12.13,1.39,6.63,0.0,1.2,2.0,6.0
PBI,2024-04-20,7,7,0,9,1,77.78,77.78,100.0,13.0,13.11,2.2,15.0,0.0,0.0,3.0,4.0
PBI,2024-04-20,8,6,4,12,5,83.33,83.33,80.0,8.0,13.42,2.54,10.25,1.4,1.32,2.8,5.0
PBI,2024-04-20,9,4,4,14,8,42.86,42.86,75.0,21.71,13.79,2.7,24.5,4.75,0.84,3.75,11.88
PBI,2024-04-20,10,4,8,16,14,43.75,43.75,78.57,23.56,13.88,2.76,25.94,5.5,0.5,4.64,7.93
PBI,2024-04-20,11,10,9,20,16,50.0,40.0,56.25,23.5,16.65,5.35,28.5,7.88,1.78,9.5,20.94
PBI,2024-04-20,12,8,9,16,16,62.5,56.25,56.25,13.06,18.5,7.02,18.56,5.0,0.85,5.31,33.63
PBI,2024-04-20,13,7,1,10,10,30.0,30.0,50.0,20.9,17.8,6.39,26.7,4.8,1.9,8.9,25.9
PBI,2024-04-20,14,2,8,11,9,72.73,36.36,88.89,53.73,20.73,9.36,63.18,4.67,0.77,0.89,2.67
PBI,2024-04-20,15,9,7,16,15,56.25,50.0,46.67,25.56,16.63,5.26,29.94,5.27,1.19,7.93,22.47
PBI,2024-04-20,16,5,6,7,19,85.71,71.43,68.42,7.43,15.57,5.11,11.14,4.26,1.71,4.53,14.53
PBI,2024-04-20,17,8,6,10,16,80.0,80.0,62.5,7.1,14.1,2.49,7.9,3.75,2.69,6.5,39.06
PBI,2024-04-20,18,5,8,7,16,71.43,71.43,68.75,48.57,13.57,2.77,51.43,3.94,1.62,3.88,17.69
PBI,2024-04-20,19,9,6,11,12,81.82,81.82,66.67,12.27,11.91,0.43,12.18,3.0,0.86,5.0,14.17
PBI,2024-04-20,20,5,6,6,8,83.33,83.33,62.5,12.83,14.33,3.2,15.83,4.63,0.41,7.63,24.25
PBI,2024-04-20,21,1,3,1,7,100.0,100.0,42.86,0.0,10.0,0.0,0.0,4.0,0.26,4.29,21.57
PBI,2024-04-20,22,0,5,2,7,50.0,0.0,57.14,47.5,23.0,11.8,59.5,3.86,1.51,4.43,31.57
PBI,2024-04-20,23,0,5,1,6,0.0,0.0,16.67,21.0,17.0,5.8,27.0,3.0,1.93,5.83,68.33
PBI,2024-04-21,0,0,1,0,3,0.0,0.0,66.67,0.0,0.0,0.0,0.0,0.0,4.03,0.0,10.33
PBI,2024-04-21,2,0,0,0,1,0.0,0.0,0.0,0.0,0.0,0.0,0.0,0.0,1.2,0.0,59.0
PBI,2024-04-21,3,0,0,0,0,0.0,0.0,0.0,0.0,0.0,0.0,0.0,0.0,0.0,0.0,0.0
PBI,2024-04-21,5,0,0,1,0,0.0,0.0,0.0,16.0,13.0,1.8,18.0,0.0,0.0,0.0,0.0
PBI,2024-04-21,6,6,0,8,1,87.5,87.5,0.0,3.5,14.0,2.63,4.5,3.0,1.2,8.0,34.0
PBI,2024-04-21,7,7,0,10,0,60.0,60.0,0.0,14.5,13.3,2.31,16.3,0.0,0.0,0.0,0.0
PBI,2024-04-21,8,6,3,22,4,40.91,36.36,50.0,18.68,15.09,4.0,22.55,1.25,0.8,2.0,31.75
PBI,2024-04-21,9,5,5,17,10,52.94,41.18,50.0,17.65,20.35,9.04,25.59,5.1,0.84,6.6,19.3
PBI,2024-04-21,10,4,7,12,12,50.0,50.0,66.67,66.0,15.58,4.45,69.92,3.92,1.33,4.08,8.92
PBI,2024-04-21,11,9,9,26,14,46.15,38.46,57.14,24.58,21.23,9.99,34.27,6.0,2.9,9.5,18.36
PBI,2024-04-21,12,9,12,19,20,47.37,31.58,60.0,35.47,26.05,14.57,49.53,6.65,1.01,6.2,23.9
PBI,2024-04-21,13,9,2,20,14,65.0,25.0,21.43,27.5,31.95,20.71,46.95,5.36,0.56,6.71,35.07
PBI,2024-04-21,14,3,8,15,18,40.0,20.0,66.67,30.2,22.0,10.65,40.53,4.78,0.97,5.83,13.83
PBI,2024-04-21,15,7,6,12,13,41.67,33.33,69.23,21.25,18.5,6.66,27.92,5.92,0.94,6.69,10.77
PBI,2024-04-21,16,7,6,18,13,61.11,44.44,61.54,17.89,21.33,10.32,28.17,5.62,0.91,6.08,19.38
PBI,2024-04-21,17,7,3,14,14,57.14,42.86,42.86,41.36,18.43,6.86,47.93,11.5,4.24,18.0,33.64
PBI,2024-04-21,18,3,10,8,18,25.0,12.5,44.44,35.5,17.13,5.75,41.38,14.33,5.5,15.56,22.67
PBI,2024-04-21,19,10,7,14,15,28.57,28.57,40.0,26.29,13.64,2.15,27.5,5.93,7.01,14.6,49.8
PBI,2024-04-21,20,6,5,6,6,50.0,50.0,33.33,75.83,13.33,2.57,77.83,4.5,11.83,16.5,31.83
PBI,2024-04-21,21,1,2,1,3,0.0,0.0,33.33,42.0,13.0,1.5,44.0,5.67,1.2,3.67,21.67
PBI,2024-04-21,22,0,8,0,9,0.0,0.0,33.33,0.0,0.0,0.0,0.0,6.22,1.07,7.0,35.67
PBI,2024-04-21,23,0,5,0,5,0.0,0.0,40.0,0.0,0.0,0.0,0.0,1.4,2.08,9.0,41.4
PBI,2024-04-22,0,0,1,0,1,0.0,0.0,0.0,0.0,0.0,0.0,0.0,1.0,2.7,0.0,43.0
PBI,2024-04-22,1,0,0,0,0,0.0,0.0,0.0,0.0,0.0,0.0,0.0,0.0,0.0,0.0,0.0
PBI,2024-04-22,2,0,0,0,0,0.0,0.0,0.0,0.0,0.0,0.0,0.0,0.0,0.0,0.0,0.0
PBI,2024-04-22,3,0,0,0,1,0.0,0.0,0.0,0.0,0.0,0.0,0.0,6.0,1.2,10.0,18.0
PBI,2024-04-22,4,0,0,1,0,100.0,0.0,0.0,0.0,27.0,15.8,16.0,0.0,0.0,0.0,0.0
PBI,2024-04-22,5,0,0,0,0,0.0,0.0,0.0,0.0,0.0,0.0,0.0,0.0,0.0,0.0,0.0
PBI,2024-04-22,6,7,0,9,0,66.67,77.78,0.0,7.67,12.22,1.29,7.89,0.0,0.0,0.0,0.0
PBI,2024-04-22,7,6,0,12,0,50.0,50.0,0.0,16.58,14.0,2.69,18.75,0.0,0.0,0.0,0.0
PBI,2024-04-22,8,6,4,16,10,56.25,50.0,70.0,12.5,15.13,4.26,16.44,3.5,1.86,4.6,25.1
PBI,2024-04-22,9,5,7,17,9,64.71,47.06,77.78,26.24,19.53,8.21,34.0,4.33,1.74,6.44,9.11
PBI,2024-04-22,10,7,7,18,9,44.44,44.44,88.89,16.61,17.06,5.91,22.0,5.78,1.77,5.89,5.0
PBI,2024-04-22,11,8,9,15,14,80.0,73.33,64.29,12.47,15.93,4.43,16.47,5.21,1.39,6.36,14.64
PBI,2024-04-22,12,10,11,15,16,73.33,66.67,62.5,7.6,16.6,5.4,11.67,7.19,1.75,5.13,25.63
PBI,2024-04-22,13,8,1,10,6,70.0,70.0,33.33,9.9,14.5,3.64,11.7,5.67,2.87,9.17,15.83
PBI,2024-04-22,14,2,8,8,15,37.5,37.5,66.67,45.75,13.63,2.19,48.0,4.93,2.51,5.87,19.8
PBI,2024-04-22,15,7,5,12,10,50.0,50.0,60.0,31.08,15.42,3.89,34.0,4.9,1.14,5.9,15.7
PBI,2024-04-22,16,8,9,11,23,72.73,63.64,39.13,13.09,14.91,4.01,15.18,14.57,1.74,17.13,38.91
PBI,2024-04-22,17,8,5,14,19,57.14,50.0,36.84,27.5,16.64,5.42,32.21,11.16,1.62,12.47,27.11
PBI,2024-04-22,18,4,8,11,17,45.45,36.36,64.71,24.82,17.82,6.26,30.82,6.0,2.09,6.35,10.65
PBI,2024-04-22,19,11,8,13,11,100.0,76.92,63.64,1.15,18.77,7.15,6.69,5.91,2.75,5.73,25.73
PBI,2024-04-22,20,6,6,8,10,75.0,75.0,80.0,12.13,13.13,1.73,13.13,4.5,2.58,3.0,11.0
PBI,2024-04-22,21,1,2,4,3,50.0,50.0,66.67,16.5,24.25,13.03,29.5,1.0,1.87,5.0,13.33
PBI,2024-04-22,22,0,6,2,8,50.0,50.0,87.5,15.0,12.5,1.3,16.0,0.88,0.85,0.0,10.5
PBI,2024-04-22,23,0,7,0,7,0.0,0.0,71.43,0.0,0.0,0.0,0.0,0.57,1.46,0.0,11.29
PBI,2024-04-23,0,0,1,0,1,0.0,0.0,100.0,0.0,0.0,0.0,0.0,0.0,1.7,0.0,0.0
PBI,2024-04-23,3,0,0,0,1,0.0,0.0,100.0,0.0,0.0,0.0,0.0,0.0,1.2,0.0,0.0
PBI,2024-04-23,4,0,0,1,0,100.0,100.0,0.0,0.0,11.0,0.0,0.0,0.0,0.0,0.0,0.0
PBI,2024-04-23,5,0,0,1,0,0.0,0.0,0.0,51.0,11.0,0.0,51.0,0.0,0.0,0.0,0.0
PBI,2024-04-23,6,7,0,10,1,60.0,70.0,0.0,12.5,13.2,2.61,13.5,0.0,0.2,0.0,36.0
PBI,2024-04-23,7,6,0,12,2,66.67,58.33,50.0,16.67,15.83,4.72,20.5,2.5,2.1,7.5,21.5
PBI,2024-04-23,8,6,3,13,4,76.92,61.54,75.0,7.15,19.54,8.12,13.92,1.0,5.6,3.25,5.5
PBI,2024-04-23,9,3,5,11,8,36.36,18.18,87.5,21.0,21.09,9.67,29.91,2.0,2.39,4.25,6.5
PBI,2024-04-23,10,6,6,13,13,69.23,46.15,46.15,10.54,23.46,12.31,21.69,3.92,0.67,6.46,19.62
PBI,2024-04-23,11,8,10,19,13,63.16,47.37,76.92,21.0,18.89,7.52,27.68,1.92,2.98,5.31,9.46
PBI,2024-04-23,12,10,9,15,12,60.0,60.0,75.0,12.07,15.0,3.43,14.73,5.25,1.78,3.0,5.67
PBI,2024-04-23,13,6,1,10,12,80.0,80.0,50.0,8.1,15.1,4.12,11.6,7.67,0.78,10.42,26.25
PBI,2024-04-23,14,2,8,6,13,66.67,66.67,76.92,13.5,14.33,2.88,16.17,1.54,0.71,2.08,8.23
PBI,2024-04-23,15,7,6,12,16,58.33,58.33,62.5,15.5,12.42,0.91,15.83,5.63,1.49,4.94,14.63
PBI,2024-04-23,16,7,6,15,15,73.33,73.33,53.33,8.73,12.8,2.07,10.13,4.27,1.01,5.8,22.2
PBI,2024-04-23,17,8,5,9,10,77.78,77.78,70.0,10.67,12.22,0.93,11.33,2.9,0.42,2.8,11.0
PBI,2024-04-23,18,4,8,4,13,75.0,50.0,69.23,34.75,14.5,4.22,39.0,1.69,2.32,3.92,21.62
PBI,2024-04-23,19,7,6,10,8,70.0,70.0,75.0,26.4,13.3,1.84,28.3,2.25,1.09,3.25,9.5
PBI,2024-04-23,20,4,4,5,6,80.0,60.0,50.0,14.8,14.4,3.06,17.2,1.0,0.97,2.17,13.17
PBI,2024-04-23,21,1,2,2,3,50.0,50.0,100.0,46.5,17.5,6.15,52.5,5.67,0.53,3.33,4.0
PBI,2024-04-23,22,0,6,1,7,100.0,100.0,100.0,0.0,13.0,1.8,0.0,1.0,0.99,0.71,0.0
PBI,2024-04-23,23,0,6,0,7,0.0,0.0,85.71,0.0,0.0,0.0,0.0,0.57,0.67,0.0,9.71
PBI,2024-04-24,0,0,1,0,2,0.0,0.0,50.0,0.0,0.0,0.0,0.0,0.0,0.45,3.0,13.5
PBI,2024-04-24,1,0,0,0,0,0.0,0.0,0.0,0.0,0.0,0.0,0.0,0.0,0.0,0.0,0.0
PBI,2024-04-24,2,0,0,0,1,0.0,0.0,100.0,0.0,0.0,0.0,0.0,7.0,0.2,4.0,0.0
PBI,2024-04-24,3,0,0,0,1,0.0,0.0,100.0,0.0,0.0,0.0,0.0,0.0,0.0,0.0,0.0
PBI,2024-04-24,4,0,0,1,0,100.0,100.0,0.0,0.0,10.0,0.0,0.0,0.0,0.0,0.0,0.0
PBI,2024-04-24,5,0,0,1,1,0.0,0.0,0.0,34.0,10.0,0.0,33.0,3.0,0.0,6.0,199.0
PBI,2024-04-24,6,7,0,9,2,66.67,66.67,50.0,10.67,12.67,2.03,10.78,0.0,0.0,0.0,17.0
PBI,2024-04-24,7,6,0,12,1,66.67,58.33,0.0,23.08,14.0,2.7,25.75,7.0,0.2,10.0,27.0
PBI,2024-04-24,8,6,5,15,7,60.0,53.33,85.71,10.2,14.73,3.38,12.8,1.14,0.26,1.57,4.0
PBI,2024-04-24,9,5,5,20,7,35.0,35.0,85.71,22.65,14.15,3.05,25.7,1.29,0.51,1.86,5.57
PBI,2024-04-24,10,6,6,13,12,53.85,38.46,91.67,13.54,16.38,5.32,17.77,4.0,0.4,4.42,4.83
PBI,2024-04-24,11,8,9,13,17,69.23,69.23,64.71,11.15,15.69,4.19,14.46,4.71,2.15,4.88,14.82
PBI,2024-04-24,12,9,10,16,13,87.5,81.25,76.92,3.13,16.0,4.63,7.56,3.62,1.59,3.92,9.46
PBI,2024-04-24,13,7,2,14,9,64.29,50.0,77.78,13.93,14.57,3.99,16.86,1.89,0.49,4.44,13.89
PBI,2024-04-24,14,3,8,7,16,71.43,71.43,62.5,8.14,11.71,1.07,8.57,4.06,1.33,6.0,30.19
PBI,2024-04-24,15,7,5,12,16,75.0,75.0,56.25,10.08,13.0,1.33,11.33,7.13,0.36,9.63,25.5
PBI,2024-04-24,16,6,6,11,16,63.64,36.36,68.75,21.45,17.82,7.04,27.18,8.56,0.84,8.56,16.56
PBI,2024-04-24,17,7,6,12,17,58.33,41.67,58.82,13.0,15.17,3.86,16.42,5.41,2.68,8.0,23.76
PBI,2024-04-24,18,5,8,6,18,50.0,50.0,61.11,15.5,16.5,5.6,20.5,4.61,2.12,6.44,25.28
PBI,2024-04-24,19,9,7,11,13,81.82,63.64,69.23,14.09,14.64,3.36,16.82,3.46,1.42,5.69,22.69
PBI,2024-04-24,20,5,5,7,7,42.86,42.86,57.14,21.57,11.57,0.94,22.29,33.43,1.57,2.57,16.86
PBI,2024-04-24,21,1,2,2,4,100.0,100.0,100.0,0.0,13.5,2.25,0.0,3.25,1.7,0.0,0.0
PBI,2024-04-24,22,0,6,1,6,100.0,100.0,83.33,0.0,13.0,1.8,0.0,0.67,0.7,3.67,5.67
PBI,2024-04-24,23,0,6,0,7,0.0,0.0,85.71,0.0,0.0,0.0,0.0,0.29,1.06,2.0,2.86
PBI,2024-04-25,0,0,1,0,2,0.0,0.0,50.0,0.0,0.0,0.0,0.0,0.0,0.6,3.0,31.5
PBI,2024-04-25,1,0,0,0,0,0.0,0.0,0.0,0.0,0.0,0.0,0.0,0.0,0.0,0.0,0.0
PBI,2024-04-25,2,0,0,1,0,100.0,100.0,0.0,0.0,25.0,13.8,14.0,0.0,0.0,0.0,0.0
PBI,2024-04-25,3,0,0,0,1,0.0,0.0,100.0,0.0,0.0,0.0,0.0,0.0,0.2,0.0,0.0
PBI,2024-04-25,4,0,0,1,0,100.0,100.0,0.0,0.0,8.0,0.0,0.0,0.0,0.0,0.0,0.0
PBI,2024-04-25,5,0,0,1,0,0.0,0.0,0.0,21.0,13.0,1.8,23.0,0.0,0.0,0.0,0.0
PBI,2024-04-25,6,7,0,8,2,100.0,100.0,100.0,0.0,12.5,1.69,0.5,0.0,0.0,1.0,6.5
PBI,2024-04-25,7,6,0,16,1,43.75,43.75,0.0,19.38,14.69,3.47,22.44,0.0,1.2,2.0,24.0
PBI,2024-04-25,8,6,3,12,5,66.67,50.0,80.0,12.42,18.92,7.57,18.33,2.2,1.36,4.4,7.8
PBI,2024-04-25,9,5,7,16,13,43.75,25.0,53.85,25.25,19.75,8.39,33.25,2.23,1.19,4.54,19.15
PBI,2024-04-25,10,6,6,24,11,66.67,50.0,54.55,19.83,18.75,7.62,26.83,5.18,0.61,5.73,11.64
PBI,2024-04-25,11,7,9,16,12,62.5,56.25,75.0,12.88,15.56,4.11,16.63,2.58,3.92,4.25,21.58
PBI,2024-04-25,12,10,12,12,19,50.0,41.67,57.89,32.25,15.08,3.92,35.33,4.74,1.48,4.05,22.79
PBI,2024-04-25,13,8,2,15,9,53.33,53.33,44.44,24.13,13.47,2.31,26.0,5.0,0.98,8.33,28.67
PBI,2024-04-25,14,4,8,14,16,50.0,42.86,50.0,19.93,16.5,5.54,24.79,5.94,0.89,6.38,18.75
PBI,2024-04-25,15,7,6,9,19,55.56,55.56,73.68,12.78,19.56,7.47,18.78,5.26,1.69,7.05,13.74
PBI,2024-04-25,16,7,7,17,26,70.59,58.82,50.0,9.29,22.53,11.55,19.35,10.73,1.63,11.81,34.31
PBI,2024-04-25,17,8,4,14,21,57.14,50.0,19.05,27.21,23.79,12.51,39.14,14.14,0.44,18.33,44.38
PBI,2024-04-25,18,3,9,8,16,25.0,0.0,68.75,28.0,20.13,8.61,36.88,12.75,1.02,8.38,20.5
PBI,2024-04-25,19,10,7,11,17,72.73,72.73,58.82,26.82,14.45,2.78,28.27,5.94,1.15,5.53,33.59
PBI,2024-04-25,20,6,5,11,11,63.64,63.64,63.64,12.18,12.0,0.66,12.55,3.64,0.64,6.45,23.45
PBI,2024-04-25,21,1,2,3,5,66.67,66.67,80.0,13.0,14.67,3.37,14.33,4.8,1.26,4.0,9.0
PBI,2024-04-25,22,0,6,1,8,100.0,100.0,75.0,0.0,13.0,1.8,0.0,1.0,0.63,1.88,16.63
PBI,2024-04-25,23,0,7,0,7,0.0,0.0,85.71,0.0,0.0,0.0,0.0,0.57,1.06,0.57,10.57
PBI,2024-04-26,0,0,1,0,3,0.0,0.0,100.0,0.0,0.0,0.0,0.0,0.0,2.03,3.33,2.67
PBI,2024-04-26,3,0,0,0,1,0.0,0.0,100.0,0.0,0.0,0.0,0.0,0.0,0.0,0.0,0.0
PBI,2024-04-26,4,0,0,1,0,100.0,100.0,0.0,0.0,14.0,2.8,0.0,0.0,0.0,0.0,0.0
PBI,2024-04-26,5,0,0,2,0,100.0,100.0,0.0,0.0,17.0,5.9,6.0,0.0,0.0,0.0,0.0
PBI,2024-04-26,6,7,0,9,2,66.67,66.67,50.0,9.78,12.33,1.19,10.56,0.0,0.0,0.0,11.0
PBI,2024-04-26,7,6,0,10,1,70.0,60.0,0.0,27.2,15.5,4.43,30.9,8.0,1.2,13.0,31.0
PBI,2024-04-26,8,6,5,17,8,64.71,58.82,100.0,20.18,17.76,6.55,26.47,1.63,1.18,2.13,1.25
PBI,2024-04-26,9,6,7,20,10,55.0,45.0,50.0,26.5,25.75,14.52,40.65,21.9,1.22,26.6,41.5
PBI,2024-04-26,10,7,7,17,11,35.29,0.0,27.27,47.76,33.71,22.54,69.94,77.0,1.58,78.45,83.45
PBI,2024-04-26,11,8,9,13,19,7.69,0.0,10.53,94.0,17.77,5.92,100.08,39.11,1.43,41.42,59.53
PBI,2024-04-26,12,10,12,18,28,11.11,5.56,46.43,53.72,17.0,5.64,59.17,8.18,1.82,9.71,28.36
PBI,2024-04-26,13,9,1,14,5,50.0,35.71,20.0,22.29,18.43,7.31,29.07,6.0,1.2,11.2,41.8
PBI,2024-04-26,14,2,8,8,12,75.0,62.5,66.67,11.88,19.25,7.8,19.5,2.25,1.9,3.5,16.25
PBI,2024-04-26,15,7,5,11,14,54.55,45.45,50.0,21.55,16.09,4.15,25.27,9.0,2.39,12.71,28.0
PBI,2024-04-26,16,8,9,10,21,50.0,50.0,52.38,23.5,14.1,3.93,25.5,5.1,1.73,7.57,31.05
PBI,2024-04-26,17,8,5,12,11,58.33,58.33,63.64,19.58,14.92,3.67,20.92,10.36,2.33,8.18,16.27
PBI,2024-04-26,18,4,8,5,18,80.0,60.0,44.44,13.4,15.8,4.1,17.6,6.89,1.71,9.89,35.89
PBI,2024-04-26,19,11,8,12,12,66.67,66.67,66.67,24.33,11.83,1.1,24.33,3.33,0.78,3.17,17.42
PBI,2024-04-26,20,6,6,6,9,83.33,83.33,88.89,13.5,12.33,1.2,13.33,2.78,1.16,3.33,3.0
PBI,2024-04-26,21,1,2,1,5,100.0,100.0,80.0,0.0,13.0,1.5,0.0,3.4,0.26,4.2,25.6
PBI,2024-04-26,22,0,6,2,7,100.0,100.0,85.71,0.0,12.0,0.9,0.0,0.57,1.01,0.0,7.43
PBI,2024-04-26,23,0,7,1,8,0.0,0.0,62.5,49.0,13.0,1.8,51.0,0.5,1.7,0.75,130.38
PBI,2024-04-27,0,0,2,0,1,0.0,0.0,100.0,0.0,0.0,0.0,0.0,0.0,0.0,0.0,0.0
PBI,2024-04-27,1,0,0,0,0,0.0,0.0,0.0,0.0,0.0,0.0,0.0,0.0,0.0,0.0,0.0
PBI,2024-04-27,2,0,0,0,1,0.0,0.0,0.0,0.0,0.0,0.0,0.0,1.0,0.2,3.0,52.0
PBI,2024-04-27,3,0,0,0,0,0.0,0.0,0.0,0.0,0.0,0.0,0.0,0.0,0.0,0.0,0.0
PBI,2024-04-27,6,7,0,12,1,75.0,75.0,0.0,6.83,13.0,1.97,8.0,0.0,0.2,1.0,56.0
PBI,2024-04-27,7,7,0,12,1,83.33,83.33,100.0,52.58,16.0,4.66,56.33,1.0,0.0,0.0,9.0
PBI,2024-04-27,8,6,4,17,5,64.71,47.06,80.0,12.65,15.71,4.51,16.88,2.2,1.32,2.4,17.4
PBI,2024-04-27,9,4,4,16,6,31.25,31.25,100.0,21.38,14.75,3.42,24.44,1.17,1.27,3.0,3.0
PBI,2024-04-27,10,4,8,13,11,38.46,30.77,72.73,17.38,16.0,4.8,22.23,3.09,0.66,3.36,9.64
PBI,2024-04-27,11,10,9,14,12,92.86,92.86,91.67,5.43,13.5,2.44,6.36,4.0,3.08,3.67,7.75
PBI,2024-04-27,12,8,9,15,12,80.0,80.0,75.0,3.93,13.67,2.37,5.2,2.42,1.8,1.42,12.42
PBI,2024-04-27,13,7,1,14,7,57.14,57.14,28.57,26.64,12.86,1.89,27.57,5.0,1.34,9.29,27.43
PBI,2024-04-27,14,2,8,6,12,66.67,66.67,75.0,21.5,14.5,2.98,24.5,3.92,1.07,3.42,7.67
PBI,2024-04-27,15,9,7,13,17,76.92,69.23,52.94,9.0,16.23,4.76,12.85,5.06,0.83,8.06,16.65
PBI,2024-04-27,16,5,6,10,11,50.0,50.0,45.45,29.1,12.8,2.06,30.0,5.36,0.84,8.18,28.36
PBI,2024-04-27,17,8,6,10,15,60.0,40.0,53.33,29.8,13.8,2.73,31.9,5.4,2.83,7.33,24.33
PBI,2024-04-27,18,5,8,5,12,60.0,60.0,66.67,22.4,12.2,1.02,23.0,4.25,1.39,4.17,14.42
PBI,2024-04-27,19,9,6,12,10,75.0,66.67,50.0,14.17,13.42,2.0,16.0,2.3,2.41,4.0,32.7
PBI,2024-04-27,20,5,6,5,7,100.0,100.0,57.14,1.0,12.6,0.9,1.4,1.86,5.57,2.71,26.57
PBI,2024-04-27,21,1,3,1,6,0.0,0.0,83.33,37.0,15.0,3.5,41.0,1.67,0.22,2.83,16.67
PBI,2024-04-27,22,0,5,0,5,0.0,0.0,80.0,0.0,0.0,0.0,0.0,0.8,0.44,0.4,5.8
PBI,2024-04-27,23,0,5,1,5,0.0,0.0,100.0,27.0,15.0,3.8,31.0,0.8,1.14,0.0,0.0
PBI,2024-04-28,0,0,1,0,2,0.0,0.0,100.0,0.0,0.0,0.0,0.0,1.5,0.35,0.0,0.0
PBI,2024-04-28,1,0,0,0,1,0.0,0.0,100.0,0.0,0.0,0.0,0.0,0.0,0.2,0.0,0.0
PBI,2024-04-28,5,0,0,0,0,0.0,0.0,0.0,0.0,0.0,0.0,0.0,0.0,0.0,0.0,0.0
PBI,2024-04-28,6,6,0,6,0,100.0,100.0,0.0,1.33,13.5,2.1,3.17,0.0,0.0,0.0,0.0
PBI,2024-04-28,7,7,0,11,0,63.64,63.64,0.0,10.0,12.82,1.86,11.18,0.0,0.0,0.0,0.0
PBI,2024-04-28,8,6,4,14,6,71.43,50.0,100.0,10.64,18.14,6.97,16.5,0.0,1.8,3.33,0.5
PBI,2024-04-28,9,6,5,20,8,60.0,55.0,75.0,16.1,14.4,3.24,18.85,2.13,0.63,2.25,4.63
PBI,2024-04-28,10,4,7,17,13,64.71,64.71,53.85,17.0,17.35,6.02,22.88,6.46,0.36,8.08,20.62
PBI,2024-04-28,11,9,9,17,13,58.82,52.94,84.62,11.82,21.76,10.48,19.35,6.92,1.57,7.54,8.85
PBI,2024-04-28,12,9,13,18,18,66.67,66.67,61.11,7.94,16.11,4.64,10.67,5.22,1.31,6.17,20.83
PBI,2024-04-28,13,10,2,14,15,71.43,64.29,46.67,10.07,20.64,9.36,16.36,12.0,0.4,12.13,23.67
PBI,2024-04-28,14,3,8,18,12,44.44,44.44,50.0,20.89,15.06,4.09,24.83,6.33,0.28,4.42,21.42
PBI,2024-04-28,15,7,6,14,19,50.0,35.71,68.42,20.71,15.43,3.93,23.79,5.89,1.11,6.26,17.47
PBI,2024-04-28,16,7,6,20,18,65.0,65.0,55.56,13.05,13.25,2.42,14.7,4.67,2.98,7.39,25.44
PBI,2024-04-28,17,7,3,13,9,84.62,76.92,55.56,6.92,14.77,3.31,9.92,5.22,1.01,7.67,18.44
PBI,2024-04-28,18,3,10,7,18,57.14,57.14,83.33,20.71,12.86,1.3,21.29,3.28,1.36,3.39,7.94
PBI,2024-04-28,19,10,7,12,13,66.67,75.0,61.54,80.58,12.08,1.08,80.33,3.23,0.69,4.38,10.92
PBI,2024-04-28,20,6,5,9,9,77.78,77.78,55.56,10.11,12.89,2.13,10.67,2.0,5.62,5.0,23.11
PBI,2024-04-28,21,1,2,1,2,100.0,100.0,0.0,0.0,11.0,0.0,0.0,2.5,0.7,0.0,81.0
PBI,2024-04-28,22,0,8,0,8,0.0,0.0,62.5,0.0,0.0,0.0,0.0,0.88,1.33,0.0,6.63
PBI,2024-04-28,23,0,5,0,6,0.0,0.0,50.0,0.0,0.0,0.0,0.0,0.0,4.18,7.33,29.83
PBI,2024-04-29,0,0,1,0,2,0.0,0.0,50.0,0.0,0.0,0.0,0.0,2.5,1.45,4.5,16.0
PBI,2024-04-29,1,0,0,0,0,0.0,0.0,0.0,0.0,0.0,0.0,0.0,0.0,0.0,0.0,0.0
PBI,2024-04-29,5,0,0,1,0,100.0,100.0,0.0,0.0,12.0,0.8,1.0,0.0,0.0,0.0,0.0
PBI,2024-04-29,6,7,0,8,0,87.5,87.5,0.0,6.75,12.13,1.31,7.38,0.0,0.0,0.0,0.0
PBI,2024-04-29,7,6,0,10,3,80.0,80.0,0.0,5.8,13.4,2.28,7.6,5.0,1.2,8.67,27.67
PBI,2024-04-29,8,6,4,22,6,63.64,59.09,66.67,13.86,14.86,3.71,17.14,3.33,1.5,3.17,13.17
PBI,2024-04-29,9,5,7,8,10,75.0,62.5,80.0,10.38,14.38,2.92,13.38,4.1,1.25,5.7,5.6
PBI,2024-04-29,10,7,7,16,16,56.25,50.0,75.0,16.44,12.81,1.99,18.5,6.13,1.08,6.63,11.81
PBI,2024-04-29,11,8,9,13,18,69.23,69.23,72.22,10.15,13.62,2.11,12.23,6.56,5.36,7.28,15.22
PBI,2024-04-29,12,10,10,18,19,77.78,72.22,63.16,6.78,14.67,3.44,9.44,6.89,3.6,6.32,14.74
PBI,2024-04-29,13,7,1,14,6,57.14,50.0,33.33,13.5,14.36,3.38,16.5,6.0,2.03,8.33,23.17
PBI,2024-04-29,14,2,8,7,13,71.43,71.43,61.54,11.86,12.86,1.43,13.0,5.54,2.81,6.92,17.08
PBI,2024-04-29,15,7,5,15,15,40.0,40.0,60.0,20.6,15.13,3.39,23.47,19.87,0.57,23.6,25.93
PBI,2024-04-29,16,8,9,14,12,57.14,57.14,75.0,24.93,15.0,4.04,28.21,3.42,1.0,3.75,9.0
PBI,2024-04-29,17,8,5,10,12,90.0,90.0,41.67,4.9,15.4,4.16,6.6,5.25,2.31,9.0,27.0
PBI,2024-04-29,18,4,8,5,19,40.0,40.0,73.68,48.8,13.6,2.42,50.6,7.0,2.03,6.11,16.05
PBI,2024-04-29,19,11,8,14,11,64.29,64.29,63.64,19.07,14.0,2.65,21.36,3.0,1.92,6.0,18.36
PBI,2024-04-29,20,6,6,9,8,77.78,77.78,75.0,7.78,14.0,2.7,8.78,0.0,4.93,0.75,10.63
PBI,2024-04-29,21,1,2,4,4,75.0,75.0,50.0,8.5,11.0,0.4,7.75,7.75,0.27,9.5,27.25
PBI,2024-04-29,22,0,6,0,6,0.0,0.0,83.33,0.0,0.0,0.0,0.0,0.33,0.73,0.0,23.0
PBI,2024-04-29,23,0,7,0,8,0.0,0.0,87.5,0.0,0.0,0.0,0.0,0.13,0.78,0.25,9.5
PBI,2024-04-30,0,0,1,0,1,0.0,0.0,100.0,0.0,0.0,0.0,0.0,1.0,0.0,0.0,0.0
PBI,2024-04-30,3,0,0,0,1,0.0,0.0,100.0,0.0,0.0,0.0,0.0,0.0,0.0,0.0,0.0
PBI,2024-04-30,4,0,0,3,0,33.33,33.33,0.0,13.33,13.0,1.8,15.33,0.0,0.0,0.0,0.0
PBI,2024-04-30,5,0,0,0,0,0.0,0.0,0.0,0.0,0.0,0.0,0.0,0.0,0.0,0.0,0.0
PBI,2024-04-30,6,7,0,8,2,87.5,87.5,0.0,7.13,17.38,6.04,10.5,7.5,0.6,8.0,24.0
PBI,2024-04-30,7,6,0,11,0,54.55,45.45,0.0,22.09,15.91,4.55,26.27,0.0,0.0,0.0,0.0
PBI,2024-04-30,8,6,4,12,6,50.0,41.67,66.67,19.25,16.25,4.83,23.67,4.17,0.3,3.5,11.0
PBI,2024-04-30,9,4,5,12,11,50.0,41.67,81.82,22.5,16.92,5.9,28.33,4.45,1.7,5.73,7.0
PBI,2024-04-30,10,6,6,14,13,57.14,35.71,69.23,18.21,20.14,9.03,26.29,5.62,2.91,6.23,12.23
PBI,2024-04-30,11,8,9,17,13,58.82,41.18,61.54,11.29,15.88,4.48,15.41,4.46,6.68,9.0,21.46
PBI,2024-04-30,12,9,10,14,14,64.29,64.29,85.71,15.71,13.5,2.28,17.0,5.29,1.63,4.71,4.21
PBI,2024-04-30,13,7,1,9,8,77.78,77.78,25.0,4.33,13.78,2.84,6.22,7.13,1.2,10.63,25.5
PBI,2024-04-30,14,2,8,15,13,73.33,60.0,61.54,7.8,16.8,5.61,13.53,3.46,0.75,4.62,13.54
PBI,2024-04-30,15,8,6,10,15,90.0,90.0,53.33,3.1,15.8,4.04,6.9,3.2,0.74,5.47,32.13
PBI,2024-04-30,16,7,6,12,14,50.0,50.0,57.14,55.17,15.25,4.43,58.5,5.79,0.94,5.57,13.5
PBI,2024-04-30,17,7,5,11,15,72.73,54.55,33.33,26.55,15.55,4.4,29.91,18.2,0.39,19.6,49.73
PBI,2024-04-30,18,3,8,9,8,55.56,55.56,87.5,23.22,14.33,3.24,26.33,5.63,1.48,1.88,4.38
PBI,2024-04-30,19,8,6,9,9,66.67,55.56,55.56,93.89,15.22,3.43,97.33,2.33,2.74,4.56,45.56
PBI,2024-04-30,20,4,4,4,7,75.0,75.0,71.43,13.0,12.25,0.95,14.0,2.86,4.99,5.43,15.86
PBI,2024-04-30,21,1,2,2,6,100.0,100.0,66.67,0.0,12.5,1.75,0.0,3.33,1.2,4.0,16.33
PBI,2024-04-30,22,0,6,4,7,75.0,75.0,85.71,6.25,13.0,1.9,7.25,1.0,1.7,5.57,5.0
PBI,2024-04-30,23,0,5,1,6,0.0,0.0,50.0,54.0,14.0,2.8,57.0,0.0,1.7,4.5,24.67
PBI,2024-05-01,0,0,1,0,1,0.0,0.0,100.0,0.0,0.0,0.0,0.0,0.0,0.7,0.0,0.0
PBI,2024-05-01,1,0,0,1,0,0.0,0.0,0.0,18.0,14.0,2.5,21.0,0.0,0.0,0.0,0.0
PBI,2024-05-01,2,0,0,0,0,0.0,0.0,0.0,0.0,0.0,0.0,0.0,0.0,0.0,0.0,0.0
PBI,2024-05-01,3,0,0,0,1,0.0,0.0,100.0,0.0,0.0,0.0,0.0,0.0,0.0,0.0,0.0
PBI,2024-05-01,4,0,0,1,0,100.0,100.0,0.0,0.0,11.0,0.0,0.0,0.0,0.0,0.0,0.0
PBI,2024-05-01,5,0,0,0,1,0.0,0.0,100.0,0.0,0.0,0.0,0.0,0.0,2.2,0.0,0.0
PBI,2024-05-01,6,7,0,8,3,100.0,100.0,100.0,0.38,13.63,2.64,1.25,1.67,0.8,3.67,2.33
PBI,2024-05-01,7,5,0,14,1,50.0,50.0,0.0,32.93,14.07,2.86,35.79,1.0,1.2,6.0,55.0
PBI,2024-05-01,8,5,4,7,6,100.0,100.0,83.33,2.0,13.0,1.86,3.57,2.33,1.67,2.5,7.5
PBI,2024-05-01,9,5,7,14,9,57.14,42.86,88.89,14.21,17.21,6.48,20.79,1.56,1.46,2.67,3.22
PBI,2024-05-01,10,6,5,14,15,64.29,42.86,66.67,9.0,22.64,11.51,19.29,5.07,2.85,8.8,14.27
PBI,2024-05-01,11,8,7,17,16,76.47,58.82,50.0,7.88,20.24,8.9,16.24,4.75,2.69,8.13,25.63
PBI,2024-05-01,12,7,8,17,19,52.94,47.06,63.16,21.06,16.82,5.35,25.35,6.68,2.44,9.26,17.53
PBI,2024-05-01,13,8,2,17,8,64.71,64.71,50.0,17.06,12.29,1.32,17.82,5.63,0.68,4.38,18.5
PBI,2024-05-01,14,2,7,11,14,27.27,27.27,64.29,23.0,13.36,2.1,25.18,3.21,0.91,4.71,18.07
PBI,2024-05-01,15,6,7,11,17,63.64,54.55,41.18,15.45,16.18,4.67,19.55,5.82,1.18,9.29,28.59
PBI,2024-05-01,16,7,7,12,17,66.67,58.33,70.59,17.0,20.25,9.3,23.75,5.94,1.66,5.41,8.41
PBI,2024-05-01,17,8,5,10,19,100.0,80.0,63.16,1.3,16.8,5.53,5.9,4.0,1.18,6.42,11.21
PBI,2024-05-01,18,6,10,10,14,70.0,70.0,92.86,10.7,13.5,2.41,12.6,4.64,1.7,3.29,4.79
PBI,2024-05-01,19,9,2,10,4,90.0,100.0,100.0,1.9,10.6,0.14,1.9,1.0,0.1,3.5,0.75
PBI,2024-05-01,20,2,3,2,6,100.0,100.0,66.67,0.0,9.5,0.0,0.0,0.67,0.52,1.5,7.17
PBI,2024-05-01,21,0,2,2,3,50.0,50.0,66.67,10.0,12.0,1.4,11.5,7.0,1.2,6.33,13.0
PBI,2024-05-01,22,0,7,1,7,100.0,100.0,100.0,0.0,13.0,1.8,0.0,1.43,0.63,1.14,3.29
PBI,2024-05-01,23,0,6,0,6,0.0,0.0,100.0,0.0,0.0,0.0,0.0,1.0,0.07,0.0,0.0
PBI,2024-05-02,0,0,1,0,4,0.0,0.0,50.0,0.0,0.0,0.0,0.0,1.75,0.15,2.5,37.5
PBI,2024-05-02,1,0,0,0,0,0.0,0.0,0.0,0.0,0.0,0.0,0.0,0.0,0.0,0.0,0.0
PBI,2024-05-02,2,0,0,0,0,0.0,0.0,0.0,0.0,0.0,0.0,0.0,0.0,0.0,0.0,0.0
PBI,2024-05-02,3,0,0,0,1,0.0,0.0,100.0,0.0,0.0,0.0,0.0,0.0,0.2,11.0,0.0
PBI,2024-05-02,4,0,0,2,0,100.0,100.0,0.0,0.0,10.0,0.4,0.5,0.0,0.0,0.0,0.0
PBI,2024-05-02,5,0,0,1,0,0.0,0.0,0.0,16.0,11.0,0.0,16.0,0.0,0.0,0.0,0.0
PBI,2024-05-02,6,7,0,10,2,80.0,80.0,100.0,4.9,12.7,1.66,5.9,0.0,0.6,0.0,9.5
PBI,2024-05-02,7,6,0,13,1,53.85,53.85,0.0,25.77,13.54,2.29,27.54,0.0,0.2,0.0,68.0
PBI,2024-05-02,8,6,3,16,4,50.0,37.5,100.0,42.31,16.69,5.4,47.69,0.0,0.3,0.25,4.0
PBI,2024-05-02,9,4,8,10,10,50.0,30.0,70.0,19.9,17.1,5.7,25.2,1.8,1.5,2.0,10.3
PBI,2024-05-02,10,5,5,17,7,64.71,58.82,85.71,10.18,16.24,5.18,15.24,0.86,1.54,2.14,4.86
PBI,2024-05-02,11,7,7,13,12,69.23,69.23,75.0,22.62,16.15,4.63,26.69,4.25,1.63,3.92,13.33
PBI,2024-05-02,12,7,10,12,21,83.33,75.0,61.9,6.17,12.83,1.77,7.25,2.86,1.78,5.62,24.62
PBI,2024-05-02,13,9,2,18,10,44.44,38.89,40.0,22.78,15.17,4.0,26.72,4.9,1.7,7.5,30.2
PBI,2024-05-02,14,3,7,13,12,46.15,38.46,58.33,37.77,13.77,2.97,40.62,2.58,4.58,5.42,19.17
PBI,2024-05-02,15,6,8,12,16,66.67,66.67,62.5,14.17,15.25,3.78,17.17,4.44,0.62,7.06,19.44
PBI,2024-05-02,16,8,7,13,13,61.54,61.54,61.54,14.31,17.69,6.68,18.69,5.54,0.74,3.08,30.46
PBI,2024-05-02,17,7,3,11,18,54.55,54.55,44.44,49.36,13.73,2.56,51.18,7.5,0.5,9.0,23.33
PBI,2024-05-02,18,3,9,5,17,60.0,60.0,58.82,10.0,15.2,3.72,13.8,5.24,0.98,5.06,45.65
PBI,2024-05-02,19,9,3,11,13,72.73,72.73,46.15,39.73,14.55,2.85,40.64,6.85,0.2,5.62,31.31
PBI,2024-05-02,20,4,3,5,5,80.0,80.0,60.0,21.6,13.2,2.44,22.2,2.4,1.12,3.2,13.8
PBI,2024-05-02,21,0,2,1,7,100.0,100.0,57.14,0.0,12.0,0.8,0.0,4.14,0.51,5.57,13.57
PBI,2024-05-02,22,0,6,1,6,100.0,100.0,100.0,0.0,12.0,0.8,0.0,0.0,1.4,1.0,1.0
PBI,2024-05-02,23,0,7,1,8,100.0,100.0,50.0,0.0,11.0,0.0,0.0,0.38,1.22,0.0,38.38
PBI,2024-05-03,0,0,1,0,1,0.0,0.0,100.0,0.0,0.0,0.0,0.0,0.0,0.0,0.0,8.0
PBI,2024-05-03,1,0,0,0,0,0.0,0.0,0.0,0.0,0.0,0.0,0.0,0.0,0.0,0.0,0.0
PBI,2024-05-03,2,0,0,0,0,0.0,0.0,0.0,0.0,0.0,0.0,0.0,0.0,0.0,0.0,0.0
PBI,2024-05-03,3,0,0,0,1,0.0,0.0,100.0,0.0,0.0,0.0,0.0,0.0,0.0,0.0,0.0
PBI,2024-05-03,4,0,0,1,0,100.0,100.0,0.0,0.0,7.0,0.0,0.0,0.0,0.0,0.0,0.0
PBI,2024-05-03,5,0,0,2,0,0.0,0.0,0.0,29.0,11.0,0.0,29.0,0.0,0.0,0.0,0.0
PBI,2024-05-03,6,7,0,8,2,87.5,87.5,50.0,7.88,13.13,1.98,8.5,1.5,0.1,0.0,20.0
PBI,2024-05-03,7,6,0,15,1,60.0,60.0,0.0,13.0,12.73,1.92,14.87,0.0,0.2,3.0,21.0
PBI,2024-05-03,8,6,4,11,7,63.64,63.64,85.71,15.64,12.45,1.25,16.45,3.43,7.0,6.14,16.71
PBI,2024-05-03,9,4,7,15,12,46.67,46.67,66.67,18.07,13.67,2.62,20.6,3.67,1.04,4.33,10.67
PBI,2024-05-03,10,5,5,15,15,40.0,33.33,40.0,13.8,17.0,5.85,19.67,7.4,0.63,6.8,19.67
PBI,2024-05-03,11,8,8,18,15,77.78,61.11,53.33,5.33,20.67,9.12,14.28,11.13,1.44,11.13,35.13
PBI,2024-05-03,12,7,9,10,18,50.0,30.0,44.44,21.9,17.0,5.51,27.5,7.06,1.34,8.83,21.06
PBI,2024-05-03,13,9,1,16,6,31.25,31.25,16.67,33.25,13.81,2.74,35.25,7.83,0.87,15.5,51.83
PBI,2024-05-03,14,1,7,5,20,0.0,0.0,50.0,35.0,12.8,1.44,36.4,7.25,1.4,10.1,26.25
PBI,2024-05-03,15,6,7,11,14,81.82,72.73,42.86,10.18,13.0,1.52,11.64,4.07,2.56,8.5,43.79
PBI,2024-05-03,16,8,8,11,18,36.36,36.36,33.33,30.27,12.64,2.15,31.64,9.11,1.09,11.17,35.56
PBI,2024-05-03,17,7,4,8,13,87.5,62.5,53.85,7.13,14.13,2.8,9.13,11.08,0.76,9.77,25.54
PBI,2024-05-03,18,4,9,10,15,70.0,70.0,73.33,16.8,11.7,0.82,16.7,3.4,0.46,2.67,33.87
PBI,2024-05-03,19,10,5,10,7,70.0,70.0,71.43,62.3,12.6,1.76,63.2,3.86,2.83,4.86,35.57
PBI,2024-05-03,20,4,2,6,6,83.33,83.33,33.33,11.0,13.0,1.43,11.33,13.5,0.22,14.67,19.17
PBI,2024-05-03,21,0,2,1,4,100.0,100.0,75.0,0.0,13.0,1.8,2.0,12.25,0.95,13.75,9.25
PBI,2024-05-03,22,0,6,2,7,100.0,100.0,85.71,0.0,12.0,0.9,0.0,5.0,0.4,0.86,5.0
PBI,2024-05-03,23,0,7,0,7,0.0,0.0,71.43,0.0,0.0,0.0,0.0,0.86,1.31,1.71,15.29
PBI,2024-05-04,0,0,1,0,2,0.0,0.0,0.0,0.0,0.0,0.0,0.0,1.5,0.1,0.0,37.0
PBI,2024-05-04,1,0,0,0,0,0.0,0.0,0.0,0.0,0.0,0.0,0.0,0.0,0.0,0.0,0.0
PBI,2024-05-04,6,7,0,9,1,77.78,77.78,100.0,8.89,12.22,1.08,9.11,0.0,0.0,0.0,3.0
PBI,2024-05-04,7,8,0,11,4,81.82,81.82,50.0,5.73,13.27,2.23,7.36,2.5,0.4,5.0,27.25
PBI,2024-05-04,8,4,3,17,4,64.71,64.71,75.0,15.82,14.76,3.44,19.0,2.75,1.35,2.5,22.0
PBI,2024-05-04,9,4,7,8,8,100.0,100.0,100.0,0.0,15.25,3.82,2.75,2.0,0.81,2.88,2.25
PBI,2024-05-04,10,5,6,10,9,60.0,60.0,100.0,14.8,12.8,1.85,16.0,0.78,2.18,0.0,0.56
PBI,2024-05-04,11,8,7,11,12,72.73,72.73,66.67,14.36,13.55,2.59,16.27,3.08,2.01,3.58,11.5
PBI,2024-05-04,12,5,6,9,9,66.67,66.67,44.44,26.33,13.44,2.48,28.0,2.11,0.69,4.89,20.89
PBI,2024-05-04,13,7,2,17,2,41.18,41.18,50.0,23.65,15.18,4.19,28.0,1.0,0.6,3.0,10.5
PBI,2024-05-04,14,2,7,4,11,50.0,50.0,63.64,13.0,12.75,2.0,14.0,1.91,2.35,2.55,16.36
PBI,2024-05-04,15,8,8,9,15,88.89,88.89,66.67,4.11,14.67,3.31,5.67,3.6,1.9,4.4,19.13
PBI,2024-05-04,16,6,7,10,11,90.0,90.0,63.64,8.6,14.7,3.72,12.0,2.73,1.75,4.64,15.45
PBI,2024-05-04,17,7,5,10,11,80.0,80.0,81.82,11.7,12.4,1.3,12.2,5.0,1.65,4.64,8.27
PBI,2024-05-04,18,6,9,9,8,100.0,88.89,75.0,0.22,15.44,4.33,3.67,4.13,4.64,1.0,15.63
PBI,2024-05-04,19,8,2,9,4,66.67,66.67,75.0,19.33,12.0,0.8,19.22,3.5,0.78,4.75,15.5
PBI,2024-05-04,20,3,4,3,10,100.0,100.0,70.0,0.0,11.33,0.5,0.0,2.4,0.79,3.8,15.1
PBI,2024-05-04,21,0,3,0,5,0.0,0.0,60.0,0.0,0.0,0.0,0.0,3.6,0.08,2.0,29.8
PBI,2024-05-04,22,0,6,0,8,0.0,0.0,62.5,0.0,0.0,0.0,0.0,1.13,0.44,2.0,32.38
PBI,2024-05-04,23,0,5,0,6,0.0,0.0,83.33,0.0,0.0,0.0,0.0,0.83,0.52,2.5,5.17
PBI,2024-05-05,0,0,1,0,2,0.0,0.0,50.0,0.0,0.0,0.0,0.0,1.5,0.95,5.5,30.0
PBI,2024-05-05,1,0,0,0,0,0.0,0.0,0.0,0.0,0.0,0.0,0.0,0.0,0.0,0.0,0.0
PBI,2024-05-05,2,0,0,0,0,0.0,0.0,0.0,0.0,0.0,0.0,0.0,0.0,0.0,0.0,0.0
PBI,2024-05-05,6,6,0,7,0,85.71,85.71,0.0,6.71,12.0,0.8,6.57,0.0,0.0,0.0,0.0
PBI,2024-05-05,7,7,0,9,0,77.78,77.78,0.0,7.33,12.78,2.06,8.44,0.0,0.0,0.0,0.0
PBI,2024-05-05,8,6,4,12,8,58.33,58.33,87.5,27.17,14.58,3.54,30.5,1.38,0.85,2.75,4.88
PBI,2024-05-05,9,4,6,9,10,55.56,55.56,100.0,14.0,15.0,4.42,17.89,3.8,0.49,4.5,3.7
PBI,2024-05-05,10,4,5,18,8,66.67,61.11,50.0,14.0,18.33,7.05,20.78,1.25,1.38,4.13,21.38
PBI,2024-05-05,11,8,7,16,17,50.0,37.5,58.82,23.38,20.06,8.73,30.69,4.29,2.04,6.47,14.82
PBI,2024-05-05,12,6,10,17,17,70.59,41.18,76.47,7.65,23.35,11.86,18.94,4.0,0.67,12.29,14.65
PBI,2024-05-05,13,10,2,17,12,41.18,35.29,50.0,30.18,16.41,5.19,34.88,3.17,0.45,5.67,16.58
PBI,2024-05-05,14,2,7,8,11,50.0,50.0,72.73,14.75,17.0,5.61,20.5,3.27,0.82,4.0,7.64
PBI,2024-05-05,15,6,8,14,17,64.29,57.14,58.82,7.43,18.36,6.76,13.29,3.35,0.91,4.24,51.88
PBI,2024-05-05,16,8,5,14,10,57.14,50.0,70.0,72.0,16.5,5.61,76.93,2.2,0.34,2.6,13.5
PBI,2024-05-05,17,5,3,8,7,50.0,25.0,71.43,24.38,15.63,4.13,28.38,5.86,0.89,7.43,8.71
PBI,2024-05-05,18,4,10,8,15,37.5,25.0,66.67,36.75,17.88,6.36,42.88,3.4,0.81,4.33,14.73
PBI,2024-05-05,19,9,3,11,13,72.73,72.73,53.85,12.27,14.0,2.52,13.73,8.38,0.4,11.54,23.92
PBI,2024-05-05,20,4,3,6,7,66.67,66.67,71.43,48.5,14.0,3.07,50.0,2.57,1.89,5.71,15.86
PBI,2024-05-05,21,0,2,0,2,0.0,0.0,50.0,0.0,0.0,0.0,0.0,0.0,0.85,3.5,26.5
PBI,2024-05-05,22,0,8,0,10,0.0,0.0,60.0,0.0,0.0,0.0,0.0,0.8,0.39,1.3,41.5
PBI,2024-05-05,23,0,5,0,5,0.0,0.0,40.0,0.0,0.0,0.0,0.0,0.0,0.72,2.0,22.0
PBI,2024-05-06,0,0,1,0,1,0.0,0.0,100.0,0.0,0.0,0.0,0.0,0.0,3.7,0.0,0.0
PBI,2024-05-06,3,0,0,0,0,0.0,0.0,0.0,0.0,0.0,0.0,0.0,0.0,0.0,0.0,0.0
PBI,2024-05-06,4,0,0,0,0,0.0,0.0,0.0,0.0,0.0,0.0,0.0,0.0,0.0,0.0,0.0
PBI,2024-05-06,5,0,0,1,2,0.0,0.0,50.0,34.0,14.0,2.8,37.0,0.5,7.7,11.0,15.0
PBI,2024-05-06,6,6,0,10,1,60.0,50.0,0.0,21.1,15.1,4.08,24.8,4.0,1.2,10.0,27.0
PBI,2024-05-06,7,7,0,18,0,44.44,44.44,0.0,25.33,13.17,2.08,26.44,0.0,0.0,0.0,0.0
PBI,2024-05-06,8,6,3,14,7,64.29,64.29,71.43,16.93,15.21,4.34,21.36,3.86,1.14,7.86,20.86
PBI,2024-05-06,9,2,6,12,9,33.33,25.0,77.78,20.42,16.17,4.82,25.08,3.22,3.0,6.22,4.78
PBI,2024-05-06,10,5,5,12,15,66.67,58.33,73.33,12.75,16.17,5.12,16.75,3.13,0.85,4.67,8.87
PBI,2024-05-06,11,8,9,14,12,78.57,64.29,66.67,6.64,19.86,8.19,14.14,4.67,3.52,7.08,11.75
PBI,2024-05-06,12,8,7,15,17,46.67,33.33,47.06,21.2,18.2,6.8,27.73,6.18,1.21,10.24,21.65
PBI,2024-05-06,13,7,2,12,6,66.67,66.67,50.0,13.92,11.83,1.51,14.33,6.67,1.58,9.67,17.83
PBI,2024-05-06,14,2,6,6,10,50.0,50.0,70.0,21.5,13.17,2.22,23.67,3.5,0.48,2.9,9.6
PBI,2024-05-06,15,5,7,11,15,63.64,63.64,40.0,13.64,14.18,2.71,16.36,4.13,0.48,5.73,32.13
PBI,2024-05-06,16,9,8,12,16,66.67,66.67,68.75,14.67,12.42,1.75,15.08,5.5,1.53,6.19,12.81
PBI,2024-05-06,17,6,5,11,13,54.55,54.55,61.54,26.55,13.73,2.3,28.55,10.69,1.17,11.38,18.69
PBI,2024-05-06,18,5,8,6,13,83.33,66.67,46.15,13.0,12.33,1.53,14.5,8.54,3.29,11.31,36.54
PBI,2024-05-06,19,9,4,10,6,40.0,40.0,66.67,62.3,11.4,0.67,62.4,2.33,4.25,5.33,56.5
PBI,2024-05-06,20,4,2,6,2,33.33,33.33,0.0,72.33,11.83,0.85,72.83,0.0,1.95,1.5,45.0
PBI,2024-05-06,21,0,2,1,5,100.0,100.0,80.0,0.0,11.0,0.0,0.0,13.2,0.8,7.0,3.0
PBI,2024-05-06,22,0,6,1,6,100.0,100.0,66.67,0.0,14.0,2.8,0.0,0.67,0.57,2.0,64.5
PBI,2024-05-06,23,0,7,0,7,0.0,0.0,71.43,0.0,0.0,0.0,0.0,2.0,0.19,4.43,12.71
PBI,2024-05-07,0,0,1,0,1,0.0,0.0,0.0,0.0,0.0,0.0,0.0,0.0,2.7,0.0,38.0
PBI,2024-05-07,1,0,0,0,0,0.0,0.0,0.0,0.0,0.0,0.0,0.0,0.0,0.0,0.0,0.0
PBI,2024-05-07,3,0,0,0,1,0.0,0.0,100.0,0.0,0.0,0.0,0.0,0.0,0.2,0.0,0.0
PBI,2024-05-07,4,0,0,1,0,100.0,100.0,0.0,0.0,10.0,0.0,0.0,0.0,0.0,0.0,0.0
PBI,2024-05-07,5,0,0,2,0,50.0,50.0,0.0,14.0,13.0,1.8,16.0,0.0,0.0,0.0,0.0
PBI,2024-05-07,6,5,0,8,3,62.5,62.5,0.0,14.63,13.63,2.89,16.63,1.0,0.07,5.33,27.33
PBI,2024-05-07,7,7,0,9,1,88.89,88.89,100.0,5.0,13.56,2.3,5.22,6.0,0.2,10.0,10.0
PBI,2024-05-07,8,6,3,18,5,61.11,50.0,60.0,13.44,14.78,3.68,17.17,3.0,0.36,6.6,15.2
PBI,2024-05-07,9,2,6,11,9,18.18,18.18,55.56,26.64,11.82,1.12,27.91,1.78,0.5,2.33,36.33
PBI,2024-05-07,10,5,5,12,13,50.0,50.0,46.15,29.5,12.17,1.26,30.75,4.85,1.38,7.69,23.23
PBI,2024-05-07,11,8,8,16,15,81.25,75.0,73.33,15.06,15.0,3.64,18.5,8.53,1.55,8.6,10.13
PBI,2024-05-07,12,7,6,14,11,50.0,50.0,72.73,24.79,13.36,1.93,26.29,2.64,2.58,4.45,19.45
PBI,2024-05-07,13,7,3,15,9,66.67,53.33,77.78,12.87,14.93,4.34,16.93,3.78,1.07,6.11,7.44
PBI,2024-05-07,14,3,6,9,9,55.56,55.56,66.67,18.67,13.89,2.22,21.0,4.11,1.78,3.67,38.44
PBI,2024-05-07,15,4,7,7,15,57.14,57.14,73.33,55.14,14.43,2.73,58.0,3.07,0.51,5.07,17.4
PBI,2024-05-07,16,8,5,15,11,60.0,46.67,63.64,34.07,15.73,4.71,38.2,2.64,0.89,16.45,41.73
PBI,2024-05-07,17,5,6,5,14,100.0,100.0,64.29,0.8,14.8,4.02,2.4,5.36,0.91,8.93,18.21
PBI,2024-05-07,18,6,7,8,14,87.5,75.0,78.57,3.63,15.0,3.8,7.13,2.29,0.88,3.5,8.14
PBI,2024-05-07,19,6,1,7,4,85.71,85.71,25.0,4.86,12.43,1.04,5.86,5.0,0.15,10.0,44.75
PBI,2024-05-07,20,2,2,3,3,33.33,33.33,33.33,49.0,13.67,2.27,51.0,1.33,0.13,2.67,52.33
PBI,2024-05-07,21,0,1,1,3,100.0,100.0,66.67,0.0,13.0,1.8,0.0,2.33,0.13,5.67,16.67
PBI,2024-05-07,22,0,8,1,9,100.0,100.0,100.0,0.0,15.0,3.8,1.0,0.89,0.61,0.89,0.0
PBI,2024-05-07,23,0,6,0,6,0.0,0.0,66.67,0.0,0.0,0.0,0.0,0.67,0.5,0.0,27.5
PBI,2024-05-08,0,0,1,0,1,0.0,0.0,0.0,0.0,0.0,0.0,0.0,0.0,0.0,0.0,16.0
PBI,2024-05-08,1,0,0,0,1,0.0,0.0,0.0,0.0,0.0,0.0,0.0,0.0,0.2,0.0,57.0
PBI,2024-05-08,2,0,0,0,0,0.0,0.0,0.0,0.0,0.0,0.0,0.0,0.0,0.0,0.0,0.0
PBI,2024-05-08,3,0,0,0,1,0.0,0.0,100.0,0.0,0.0,0.0,0.0,0.0,0.2,0.0,2.0
PBI,2024-05-08,4,0,0,1,0,0.0,0.0,0.0,32.0,11.0,0.0,32.0,0.0,0.0,0.0,0.0
PBI,2024-05-08,5,0,0,4,0,50.0,50.0,0.0,37.0,11.5,1.35,38.5,0.0,0.0,0.0,0.0
PBI,2024-05-08,6,5,0,6,2,100.0,100.0,0.0,0.0,12.5,1.93,1.67,1.0,0.0,6.0,60.5
PBI,2024-05-08,7,7,0,14,1,57.14,50.0,100.0,24.57,15.36,4.08,27.36,6.0,0.2,12.0,12.0
PBI,2024-05-08,8,5,4,14,7,42.86,35.71,42.86,20.57,15.71,4.35,24.86,2.0,1.03,2.57,58.43
PBI,2024-05-08,9,4,6,14,9,35.71,35.71,77.78,40.57,13.93,2.71,43.43,1.67,0.48,1.44,5.22
PBI,2024-05-08,10,5,5,11,11,72.73,72.73,54.55,12.91,15.55,4.55,17.0,7.27,0.81,22.36,25.91
PBI,2024-05-08,11,8,8,15,16,46.67,46.67,62.5,21.4,14.73,3.61,24.93,5.69,1.41,8.88,41.81
PBI,2024-05-08,12,7,6,14,15,42.86,35.71,60.0,46.5,16.14,4.59,50.86,3.0,0.57,5.4,14.8
PBI,2024-05-08,13,7,4,17,9,58.82,52.94,44.44,11.41,14.82,3.74,15.06,4.33,0.99,6.78,18.67
PBI,2024-05-08,14,4,7,8,14,50.0,50.0,50.0,22.5,14.38,2.64,25.25,2.36,0.33,2.86,25.86
PBI,2024-05-08,15,4,7,5,13,40.0,20.0,53.85,48.6,15.6,3.58,52.4,4.46,1.44,7.0,28.23
PBI,2024-05-08,16,8,4,13,12,53.85,53.85,58.33,24.62,15.77,4.8,28.92,11.0,0.82,11.33,44.5
PBI,2024-05-08,17,5,7,9,16,55.56,55.56,62.5,51.0,16.11,5.14,55.67,5.13,0.66,7.63,22.38
PBI,2024-05-08,18,7,8,9,16,77.78,33.33,56.25,8.78,21.33,10.0,18.0,5.13,1.13,6.5,18.25
PBI,2024-05-08,19,7,2,9,7,77.78,44.44,42.86,17.56,17.11,6.1,23.67,8.0,0.74,17.29,50.43
PBI,2024-05-08,20,2,2,3,2,66.67,66.67,50.0,77.67,11.33,0.83,78.0,8.5,0.6,13.5,98.0
PBI,2024-05-08,21,0,1,2,3,100.0,100.0,33.33,0.0,13.0,1.9,0.0,2.33,1.37,6.33,24.0
PBI,2024-05-08,22,0,7,1,9,100.0,100.0,33.33,0.0,9.0,0.0,0.0,2.11,1.94,11.11,45.89
PBI,2024-05-08,23,0,6,1,7,100.0,100.0,28.57,0.0,15.0,3.8,4.0,2.43,2.49,8.29,78.86
PBI,2024-05-09,0,0,1,0,2,0.0,0.0,50.0,0.0,0.0,0.0,0.0,0.0,0.6,0.0,17.5
PBI,2024-05-09,1,0,0,0,0,0.0,0.0,0.0,0.0,0.0,0.0,0.0,0.0,0.0,0.0,0.0
PBI,2024-05-09,2,0,0,0,0,0.0,0.0,0.0,0.0,0.0,0.0,0.0,0.0,0.0,0.0,0.0
PBI,2024-05-09,3,0,0,0,0,0.0,0.0,0.0,0.0,0.0,0.0,0.0,0.0,0.0,0.0,0.0
PBI,2024-05-09,4,0,0,1,1,100.0,100.0,100.0,0.0,10.0,0.0,0.0,0.0,0.0,0.0,0.0
PBI,2024-05-09,6,5,0,5,3,100.0,100.0,0.0,2.0,12.4,1.44,2.6,2.33,1.13,6.0,40.33
PBI,2024-05-09,7,7,0,13,1,69.23,61.54,0.0,11.38,18.54,7.29,16.92,11.0,2.2,19.0,16.0
PBI,2024-05-09,8,5,3,13,7,76.92,53.85,57.14,9.85,21.08,9.65,18.69,2.71,1.46,5.86,29.14
PBI,2024-05-09,9,4,7,13,12,53.85,30.77,58.33,18.85,21.92,10.59,29.08,3.17,1.47,4.08,8.58
PBI,2024-05-09,10,5,5,14,12,78.57,50.0,75.0,5.36,26.43,15.34,19.29,4.0,1.24,6.25,13.5
PBI,2024-05-09,11,7,8,15,10,40.0,13.33,50.0,34.13,21.73,10.12,43.8,3.4,2.43,8.8,14.7
PBI,2024-05-09,12,8,8,11,15,18.18,9.09,53.33,25.27,18.82,7.73,32.55,2.47,0.98,7.6,39.4
PBI,2024-05-09,13,9,4,14,6,50.0,21.43,33.33,48.93,20.14,8.94,57.0,2.0,1.82,1.67,68.33
PBI,2024-05-09,14,4,6,9,13,33.33,33.33,61.54,51.56,16.0,4.29,55.56,2.85,1.12,6.54,22.23
PBI,2024-05-09,15,4,8,7,12,42.86,42.86,66.67,42.0,13.43,2.2,44.14,2.42,0.88,4.0,16.17
PBI,2024-05-09,16,9,7,13,15,69.23,53.85,33.33,10.54,24.15,13.11,22.46,12.8,1.36,17.33,48.33
PBI,2024-05-09,17,6,5,10,13,50.0,40.0,46.15,40.4,23.2,11.94,52.1,5.46,0.94,11.08,31.77
PBI,2024-05-09,18,5,7,7,13,42.86,42.86,7.69,73.0,18.57,6.63,79.86,9.0,1.01,14.0,71.77
PBI,2024-05-09,19,7,3,7,10,14.29,14.29,40.0,75.43,13.29,2.07,76.29,6.0,0.62,8.1,28.8
PBI,2024-05-09,20,4,2,7,7,14.29,14.29,42.86,41.14,12.14,0.7,42.0,3.71,0.3,5.86,64.0
PBI,2024-05-09,21,0,1,1,4,100.0,100.0,75.0,12.0,12.0,0.5,13.0,2.25,3.52,4.5,49.75
PBI,2024-05-09,22,0,7,1,7,100.0,100.0,42.86,0.0,12.0,0.8,0.0,0.0,0.8,1.29,46.71
PBI,2024-05-09,23,0,7,0,8,0.0,0.0,62.5,0.0,0.0,0.0,0.0,0.5,2.05,0.75,35.38
PBI,2024-05-10,0,0,1,0,1,0.0,0.0,0.0,0.0,0.0,0.0,0.0,2.0,0.7,0.0,433.0
PBI,2024-05-10,1,0,0,0,0,0.0,0.0,0.0,0.0,0.0,0.0,0.0,0.0,0.0,0.0,0.0
PBI,2024-05-10,3,0,0,0,1,0.0,0.0,100.0,0.0,0.0,0.0,0.0,1.0,0.0,0.0,8.0
PBI,2024-05-10,4,0,0,1,1,100.0,100.0,0.0,0.0,15.0,3.8,1.0,3.0,1.2,8.0,51.0
PBI,2024-05-10,5,0,0,1,1,100.0,100.0,100.0,0.0,25.0,13.8,14.0,0.0,0.0,0.0,14.0
PBI,2024-05-10,6,5,0,7,1,85.71,85.71,0.0,2.71,12.43,1.84,3.71,2.0,0.0,10.0,58.0
PBI,2024-05-10,7,7,0,10,2,70.0,70.0,50.0,12.5,12.5,1.62,13.3,5.5,1.2,10.5,19.0
PBI,2024-05-10,8,5,4,12,6,58.33,41.67,66.67,10.83,18.33,7.11,17.67,1.5,0.83,4.17,43.17
PBI,2024-05-10,9,4,6,12,13,41.67,25.0,30.77,24.92,26.5,15.18,40.25,8.31,1.04,18.08,44.69
PBI,2024-05-10,10,5,5,17,13,52.94,41.18,30.77,18.41,24.24,13.14,31.0,3.46,1.28,16.38,55.38
PBI,2024-05-10,11,8,9,14,16,50.0,28.57,18.75,29.43,35.0,23.35,52.93,7.13,2.64,22.5,62.06
PBI,2024-05-10,12,8,7,24,13,33.33,20.83,23.08,53.75,34.42,23.2,77.0,8.15,1.6,22.38,54.08
PBI,2024-05-10,13,8,3,16,10,31.25,0.0,10.0,52.5,29.63,18.41,71.06,9.4,1.58,13.1,105.8
PBI,2024-05-10,14,3,6,9,15,55.56,33.33,33.33,52.44,18.89,7.2,59.78,4.13,1.71,7.8,50.0
PBI,2024-05-10,15,4,7,10,11,30.0,20.0,9.09,35.8,16.4,4.79,40.8,8.82,2.07,15.36,91.73
PBI,2024-05-10,16,9,7,14,16,28.57,28.57,18.75,86.5,16.36,5.3,91.86,6.88,1.04,9.44,81.63
PBI,2024-05-10,17,5,6,11,16,27.27,18.18,43.75,60.09,14.64,3.51,63.64,3.94,0.54,6.56,28.5
PBI,2024-05-10,18,6,7,6,11,16.67,16.67,36.36,64.83,14.33,3.02,67.33,4.91,1.26,14.36,62.09
PBI,2024-05-10,19,8,4,9,10,22.22,11.11,30.0,82.56,12.33,1.89,83.78,2.4,1.51,9.0,47.4
PBI,2024-05-10,20,4,2,5,6,40.0,40.0,50.0,34.0,15.4,4.16,34.4,18.83,2.28,22.33,35.5
PBI,2024-05-10,21,0,1,0,6,0.0,0.0,50.0,0.0,0.0,0.0,0.0,2.67,0.47,6.67,16.5
PBI,2024-05-10,22,0,7,2,11,100.0,100.0,36.36,1.0,11.0,0.4,1.5,4.55,1.45,7.36,38.91
PBI,2024-05-10,23,0,7,0,9,0.0,0.0,55.56,0.0,0.0,0.0,0.0,2.67,0.78,0.44,28.89
PBI,2024-05-11,0,0,1,0,1,0.0,0.0,0.0,0.0,0.0,0.0,0.0,3.0,0.0,0.0,42.0
PBI,2024-05-11,1,0,0,0,0,0.0,0.0,0.0,0.0,0.0,0.0,0.0,0.0,0.0,0.0,0.0
PBI,2024-05-11,6,5,0,6,1,66.67,66.67,100.0,5.5,11.67,1.27,5.5,0.0,2.2,0.0,0.0
PBI,2024-05-11,7,8,0,15,2,60.0,60.0,100.0,12.93,12.47,1.61,12.8,0.0,1.2,3.5,8.0
PBI,2024-05-11,8,4,3,13,7,46.15,46.15,71.43,18.38,11.15,0.42,18.38,1.14,1.31,2.29,7.43
PBI,2024-05-11,9,4,6,11,8,45.45,45.45,75.0,15.73,14.0,2.65,18.09,2.13,1.09,3.0,8.38
PBI,2024-05-11,10,4,6,16,15,37.5,37.5,46.67,24.31,17.0,5.93,30.38,5.33,1.46,8.2,17.67
PBI,2024-05-11,11,8,8,19,16,68.42,31.58,50.0,10.47,20.68,9.51,20.0,3.31,3.09,4.5,18.38
PBI,2024-05-11,12,7,4,13,8,53.85,38.46,37.5,32.46,17.31,5.94,38.46,6.75,2.42,12.75,54.5
PBI,2024-05-11,13,6,4,12,10,50.0,50.0,70.0,35.75,16.08,4.63,40.17,4.7,1.84,5.7,11.7
PBI,2024-05-11,14,3,6,8,9,37.5,25.0,77.78,24.0,13.5,2.04,26.13,3.78,0.5,2.78,12.44
PBI,2024-05-11,15,7,8,12,14,50.0,50.0,64.29,34.42,11.58,1.0,34.33,3.43,1.64,4.14,14.93
PBI,2024-05-11,16,8,7,11,12,54.55,54.55,58.33,16.73,12.82,2.58,17.73,3.17,3.86,5.33,10.75
PBI,2024-05-11,17,5,5,6,8,66.67,66.67,62.5,50.5,12.67,1.02,51.5,4.75,4.91,4.75,9.5
PBI,2024-05-11,18,6,8,6,13,33.33,33.33,61.54,28.67,11.5,1.33,28.83,3.08,1.31,2.92,19.46
PBI,2024-05-11,19,6,2,8,5,75.0,62.5,60.0,13.5,14.88,3.65,16.5,1.6,1.66,4.0,20.6
PBI,2024-05-11,20,3,3,4,3,50.0,50.0,66.67,53.5,14.75,3.33,56.75,1.67,1.63,0.0,23.33
PBI,2024-05-11,21,0,2,1,2,100.0,100.0,50.0,0.0,14.0,2.8,3.0,1.0,0.3,0.0,14.0
PBI,2024-05-11,22,0,5,1,7,100.0,100.0,71.43,0.0,11.0,0.0,0.0,0.43,1.16,0.86,9.29
PBI,2024-05-11,23,0,6,0,7,0.0,0.0,57.14,0.0,0.0,0.0,0.0,0.57,2.01,1.43,26.14
PBI,2024-05-12,0,0,1,0,2,0.0,0.0,50.0,0.0,0.0,0.0,0.0,4.5,0.95,5.5,12.5
PBI,2024-05-12,1,0,0,0,2,0.0,0.0,50.0,0.0,0.0,0.0,0.0,0.0,1.2,1.5,15.0
PBI,2024-05-12,2,0,0,0,0,0.0,0.0,0.0,0.0,0.0,0.0,0.0,0.0,0.0,0.0,0.0
PBI,2024-05-12,3,0,0,0,0,0.0,0.0,0.0,0.0,0.0,0.0,0.0,0.0,0.0,0.0,0.0
PBI,2024-05-12,4,0,0,0,0,0.0,0.0,0.0,0.0,0.0,0.0,0.0,0.0,0.0,0.0,0.0
PBI,2024-05-12,5,0,0,1,0,100.0,100.0,0.0,0.0,11.0,0.0,0.0,0.0,0.0,0.0,0.0
PBI,2024-05-12,6,4,0,5,0,80.0,80.0,0.0,6.4,12.4,1.02,6.8,0.0,0.0,0.0,0.0
PBI,2024-05-12,7,8,0,12,1,66.67,66.67,0.0,10.83,12.17,1.41,11.5,0.0,1.2,3.0,19.0
PBI,2024-05-12,8,5,4,9,5,55.56,55.56,100.0,15.56,13.22,1.88,16.89,0.0,1.32,0.0,0.4
PBI,2024-05-12,9,4,5,9,7,66.67,66.67,100.0,32.0,13.0,1.86,33.78,1.71,1.17,1.71,1.57
PBI,2024-05-12,10,4,5,7,8,71.43,71.43,75.0,15.29,14.57,3.23,17.43,3.0,0.29,1.5,7.13
PBI,2024-05-12,11,8,8,15,10,46.67,46.67,60.0,20.67,15.4,4.18,23.27,4.2,0.92,7.7,37.3
PBI,2024-05-12,12,7,8,15,14,53.33,40.0,78.57,30.0,15.93,4.57,33.87,2.5,0.92,3.0,8.5
PBI,2024-05-12,13,9,4,14,8,78.57,78.57,87.5,6.71,12.79,1.63,7.79,3.63,0.55,2.5,4.75
PBI,2024-05-12,14,4,6,13,12,46.15,46.15,66.67,94.0,12.23,0.89,94.92,3.42,1.32,3.92,14.92
PBI,2024-05-12,15,4,8,9,14,77.78,77.78,50.0,16.0,14.67,3.16,19.0,3.57,0.54,10.79,37.0
PBI,2024-05-12,16,9,5,11,10,72.73,72.73,80.0,22.27,13.36,2.78,24.18,5.1,0.86,4.8,15.2
PBI,2024-05-12,17,4,4,10,9,80.0,80.0,55.56,8.8,16.8,5.43,13.5,6.11,2.04,5.56,10.67
PBI,2024-05-12,18,5,8,9,17,88.89,77.78,76.47,4.78,13.56,2.04,7.0,10.29,3.69,9.0,17.82
PBI,2024-05-12,19,7,3,8,7,62.5,62.5,71.43,24.0,12.25,1.0,24.25,1.14,1.54,1.71,9.14
PBI,2024-05-12,20,4,2,5,7,80.0,80.0,71.43,4.4,11.0,0.18,4.2,4.71,3.84,4.29,12.86
PBI,2024-05-12,21,0,1,0,6,0.0,0.0,16.67,0.0,0.0,0.0,0.0,5.0,0.28,7.17,35.17
PBI,2024-05-12,22,0,9,0,10,0.0,0.0,80.0,0.0,0.0,0.0,0.0,1.9,0.43,1.2,17.5
PBI,2024-05-12,23,0,5,1,5,100.0,100.0,60.0,0.0,11.0,0.0,0.0,0.6,0.72,0.0,20.6
PBI,2024-05-13,0,0,1,0,1,0.0,0.0,0.0,0.0,0.0,0.0,0.0,0.0,0.0,0.0,43.0
PBI,2024-05-13,1,0,0,0,1,0.0,0.0,100.0,0.0,0.0,0.0,0.0,0.0,0.2,5.0,0.0
PBI,2024-05-13,5,0,0,1,1,0.0,0.0,0.0,31.0,14.0,2.8,34.0,3.0,0.2,7.0,27.0
PBI,2024-05-13,6,5,0,11,0,54.55,45.45,0.0,14.36,14.91,3.79,17.82,0.0,0.0,0.0,0.0
PBI,2024-05-13,7,7,0,12,1,58.33,58.33,0.0,12.33,12.83,2.07,13.67,5.0,1.2,12.0,27.0
PBI,2024-05-13,8,5,4,12,6,66.67,66.67,83.33,7.08,14.42,3.04,9.83,2.33,1.47,2.67,16.67
PBI,2024-05-13,9,4,6,12,8,75.0,25.0,75.0,10.25,28.42,17.18,26.92,1.88,0.5,3.13,16.0
PBI,2024-05-13,10,5,5,9,14,88.89,55.56,85.71,3.67,24.56,13.58,14.89,2.79,0.63,4.0,9.14
PBI,2024-05-13,11,8,9,13,16,76.92,69.23,75.0,7.31,16.54,5.04,12.08,8.5,1.09,6.19,11.56
PBI,2024-05-13,12,8,7,14,11,64.29,57.14,63.64,15.79,12.5,1.39,17.0,1.55,0.17,3.09,31.0
PBI,2024-05-13,13,8,3,14,10,57.14,57.14,70.0,29.07,11.71,1.06,29.79,2.3,0.21,2.0,14.5
PBI,2024-05-13,14,3,6,8,13,87.5,50.0,53.85,3.75,18.75,6.97,9.88,4.38,0.56,5.0,25.54
PBI,2024-05-13,15,4,7,12,12,41.67,41.67,91.67,44.25,15.08,3.7,48.08,2.17,0.39,2.92,3.42
PBI,2024-05-13,16,9,7,10,15,50.0,50.0,53.33,23.4,19.7,8.83,31.4,6.07,0.87,7.33,23.47
PBI,2024-05-13,17,5,6,7,9,57.14,57.14,55.56,19.29,12.29,1.69,20.57,3.0,1.11,4.22,19.56
PBI,2024-05-13,18,6,7,8,10,75.0,75.0,60.0,8.88,19.13,7.39,15.38,6.4,1.33,5.5,23.2
PBI,2024-05-13,19,8,4,7,4,71.43,71.43,50.0,9.86,12.86,1.93,10.14,2.75,0.35,1.5,65.75
PBI,2024-05-13,20,4,2,5,2,80.0,80.0,100.0,47.2,12.6,1.2,48.4,0.0,0.45,0.0,0.0
PBI,2024-05-13,21,0,1,0,2,0.0,0.0,0.0,0.0,0.0,0.0,0.0,50.5,0.45,39.0,36.5
PBI,2024-05-13,22,0,7,1,10,100.0,100.0,60.0,0.0,11.0,0.0,0.0,2.7,0.49,6.8,14.6
PBI,2024-05-13,23,0,7,0,7,0.0,0.0,42.86,0.0,0.0,0.0,0.0,0.71,0.37,2.0,37.43
PBI,2024-05-14,0,0,1,0,1,0.0,0.0,0.0,0.0,0.0,0.0,0.0,1.0,0.0,0.0,438.0
PBI,2024-05-14,1,0,0,0,1,0.0,0.0,100.0,0.0,0.0,0.0,0.0,0.0,0.2,0.0,0.0
PBI,2024-05-14,3,0,0,1,1,0.0,0.0,100.0,59.0,13.0,1.8,61.0,0.0,0.0,0.0,0.0
PBI,2024-05-14,4,0,0,1,0,100.0,100.0,0.0,0.0,11.0,0.0,0.0,0.0,0.0,0.0,0.0
PBI,2024-05-14,5,0,0,0,0,0.0,0.0,0.0,0.0,0.0,0.0,0.0,0.0,0.0,0.0,0.0
PBI,2024-05-14,6,5,0,9,2,55.56,55.56,100.0,11.44,11.0,0.38,11.56,1.0,0.1,6.5,7.0
PBI,2024-05-14,7,7,0,8,1,87.5,87.5,0.0,3.38,13.25,2.24,4.38,3.0,0.0,12.0,50.0
PBI,2024-05-14,8,5,3,12,4,75.0,75.0,75.0,6.42,13.5,2.82,8.75,4.75,0.4,7.5,4.5
PBI,2024-05-14,9,3,6,16,14,62.5,43.75,64.29,12.69,16.06,4.78,17.5,4.0,1.39,4.29,13.07
PBI,2024-05-14,10,5,5,14,8,100.0,50.0,87.5,0.86,25.93,15.16,15.29,1.13,0.79,3.75,3.13
PBI,2024-05-14,11,8,8,12,12,100.0,50.0,83.33,0.0,37.33,25.81,24.42,3.75,1.53,2.42,5.75
PBI,2024-05-14,12,7,6,11,11,81.82,36.36,63.64,7.73,25.91,14.43,21.64,5.45,0.42,6.64,21.36
PBI,2024-05-14,13,7,3,12,11,66.67,50.0,36.36,19.17,20.25,9.04,28.0,10.36,0.85,13.91,44.55
PBI,2024-05-14,14,3,6,9,14,66.67,44.44,57.14,20.33,20.89,9.42,29.67,4.43,0.61,9.64,20.43
PBI,2024-05-14,15,4,7,12,15,66.67,58.33,60.0,16.67,16.0,4.52,20.67,3.87,0.67,4.13,19.8
PBI,2024-05-14,16,8,5,9,11,66.67,55.56,45.45,18.11,15.44,4.52,19.78,6.45,1.51,9.45,49.18
PBI,2024-05-14,17,5,6,13,10,53.85,53.85,60.0,33.92,12.38,1.45,35.23,2.0,0.5,4.0,18.6
PBI,2024-05-14,18,6,7,8,11,75.0,62.5,36.36,7.38,14.5,3.18,10.5,4.91,0.53,6.55,31.82
PBI,2024-05-14,19,6,1,8,6,25.0,25.0,50.0,28.75,11.63,0.63,28.75,5.0,0.5,9.17,25.17
PBI,2024-05-14,20,2,2,4,4,25.0,25.0,75.0,28.5,11.75,1.13,29.5,1.0,1.07,6.5,12.5
PBI,2024-05-14,21,0,1,2,3,50.0,50.0,0.0,8.5,11.0,0.0,8.5,6.0,1.37,8.33,58.67
PBI,2024-05-14,22,0,8,1,12,100.0,100.0,58.33,0.0,11.0,0.0,0.0,1.08,0.65,4.33,28.08
PBI,2024-05-14,23,0,6,0,10,0.0,0.0,30.0,0.0,0.0,0.0,0.0,2.1,0.78,3.0,57.0
PBI,2024-05-15,0,0,1,0,1,0.0,0.0,100.0,0.0,0.0,0.0,0.0,0.0,2.7,6.0,3.0
PBI,2024-05-15,1,0,0,0,0,0.0,0.0,0.0,0.0,0.0,0.0,0.0,0.0,0.0,0.0,0.0
PBI,2024-05-15,3,0,0,0,1,0.0,0.0,100.0,0.0,0.0,0.0,0.0,0.0,0.0,0.0,7.0
PBI,2024-05-15,4,0,0,1,0,0.0,0.0,0.0,61.0,10.0,0.0,60.0,0.0,0.0,0.0,0.0
PBI,2024-05-15,5,0,0,2,0,100.0,100.0,0.0,0.0,22.0,10.8,11.0,0.0,0.0,0.0,0.0
PBI,2024-05-15,6,5,0,8,2,75.0,75.0,0.0,7.13,14.75,3.8,8.75,5.5,1.7,7.5,26.5
PBI,2024-05-15,7,7,0,14,1,50.0,50.0,0.0,21.0,13.21,2.05,22.71,10.0,1.2,21.0,32.0
PBI,2024-05-15,8,5,4,17,11,47.06,41.18,27.27,23.41,21.71,10.45,33.06,13.64,1.53,24.36,42.64
PBI,2024-05-15,9,4,6,18,11,33.33,27.78,45.45,32.5,16.78,5.49,38.06,8.0,1.07,11.73,37.09
PBI,2024-05-15,10,5,5,13,8,53.85,53.85,0.0,17.62,15.08,4.3,21.23,5.13,0.84,26.38,79.5
PBI,2024-05-15,11,8,7,11,19,36.36,36.36,42.11,56.91,17.27,5.89,62.55,9.32,1.66,16.58,53.53
PBI,2024-05-15,12,6,6,18,10,27.78,22.22,10.0,73.94,29.06,17.7,91.67,9.9,2.68,30.5,143.7
PBI,2024-05-15,13,7,4,10,10,10.0,10.0,10.0,124.3,16.3,5.45,129.6,17.0,1.88,22.6,117.5
PBI,2024-05-15,14,4,6,11,7,45.45,27.27,14.29,68.09,21.36,9.78,78.0,17.86,4.47,29.57,69.71
PBI,2024-05-15,15,4,7,9,9,22.22,11.11,22.22,69.33,14.44,2.98,72.33,3.11,1.54,12.33,170.67
PBI,2024-05-15,16,8,5,7,9,0.0,0.0,11.11,202.57,15.29,4.4,207.0,4.78,1.57,10.44,118.22
PBI,2024-05-15,17,5,7,9,14,33.33,33.33,21.43,114.67,14.33,3.24,117.89,5.5,1.88,7.43,94.93
PBI,2024-05-15,18,7,7,8,10,12.5,12.5,10.0,104.5,14.0,2.96,107.25,9.0,3.9,22.6,127.1
PBI,2024-05-15,19,6,2,8,5,12.5,12.5,20.0,116.75,14.63,3.06,119.63,2.4,2.12,17.0,99.2
PBI,2024-05-15,20,2,2,4,8,25.0,25.0,37.5,31.25,14.25,3.28,34.5,8.63,1.76,11.75,51.75
PBI,2024-05-15,21,0,1,1,2,100.0,100.0,0.0,0.0,15.0,3.8,0.0,5.5,2.95,5.5,99.0
PBI,2024-05-15,22,0,6,1,5,100.0,100.0,20.0,0.0,14.0,2.8,0.0,1.6,1.36,2.2,67.8
PBI,2024-05-15,23,0,7,0,7,0.0,0.0,71.43,0.0,0.0,0.0,0.0,0.43,1.17,0.71,41.29
PBI,2024-05-16,0,0,1,0,1,0.0,0.0,0.0,0.0,0.0,0.0,0.0,0.0,0.7,0.0,29.0
PBI,2024-05-16,2,0,0,0,0,0.0,0.0,0.0,0.0,0.0,0.0,0.0,0.0,0.0,0.0,0.0
PBI,2024-05-16,3,0,0,0,1,0.0,0.0,100.0,0.0,0.0,0.0,0.0,0.0,3.2,0.0,0.0
PBI,2024-05-16,4,0,0,1,0,100.0,100.0,0.0,0.0,10.0,0.0,0.0,0.0,0.0,0.0,0.0
PBI,2024-05-16,6,5,0,8,2,62.5,62.5,50.0,20.0,13.0,2.21,21.38,1.5,1.6,3.5,21.5
PBI,2024-05-16,7,7,0,11,0,63.64,54.55,0.0,13.64,13.91,2.85,15.91,0.0,0.0,0.0,0.0
PBI,2024-05-16,8,5,2,9,5,44.44,44.44,40.0,26.22,14.11,2.64,28.0,2.2,3.32,7.0,28.0
PBI,2024-05-16,9,3,8,13,13,38.46,38.46,76.92,28.23,13.08,1.79,30.0,4.31,3.25,7.54,9.0
PBI,2024-05-16,10,6,5,14,8,57.14,50.0,75.0,17.43,16.64,5.57,22.71,3.13,3.31,4.75,8.25
PBI,2024-05-16,11,7,7,12,12,66.67,58.33,75.0,16.67,12.92,1.68,17.83,2.33,3.7,3.08,15.58
PBI,2024-05-16,12,7,7,13,13,53.85,46.15,69.23,22.31,16.31,5.44,27.08,4.23,4.34,7.77,16.54
PBI,2024-05-16,13,8,4,12,8,58.33,41.67,62.5,30.0,15.92,4.87,34.75,5.25,2.05,8.38,18.13
PBI,2024-05-16,14,4,6,10,12,80.0,60.0,41.67,6.1,16.4,4.99,11.0,3.25,3.44,7.25,27.67
PBI,2024-05-16,15,4,7,6,11,33.33,33.33,45.45,25.5,14.5,3.08,28.5,3.82,3.82,5.73,26.18
PBI,2024-05-16,16,8,6,11,15,36.36,36.36,46.67,51.64,13.55,2.87,54.36,7.8,1.36,9.4,25.6
PBI,2024-05-16,17,5,6,7,14,85.71,85.71,64.29,18.71,14.57,3.7,21.57,6.57,1.23,5.71,15.86
PBI,2024-05-16,18,6,6,8,10,75.0,75.0,50.0,8.63,13.5,2.05,9.63,2.7,1.17,5.0,64.3
PBI,2024-05-16,19,6,4,7,11,71.43,71.43,54.55,64.29,13.57,2.49,65.14,2.73,1.75,5.91,20.27
PBI,2024-05-16,20,5,2,5,2,80.0,80.0,100.0,13.8,11.6,0.44,14.0,2.0,2.6,0.0,0.0
PBI,2024-05-16,21,0,1,1,1,100.0,100.0,0.0,0.0,13.0,1.8,0.0,4.0,1.7,0.0,32.0
PBI,2024-05-16,22,0,6,1,8,100.0,100.0,50.0,0.0,8.0,0.0,0.0,2.25,1.06,4.25,35.13
PBI,2024-05-16,23,0,8,1,9,0.0,0.0,44.44,59.0,14.0,2.8,62.0,2.78,1.13,3.44,52.44
PBI,2024-05-17,0,0,1,0,1,0.0,0.0,0.0,0.0,0.0,0.0,0.0,0.0,2.7,0.0,113.0
PBI,2024-05-17,1,0,0,0,1,0.0,0.0,100.0,0.0,0.0,0.0,0.0,0.0,1.2,4.0,0.0
PBI,2024-05-17,2,0,0,0,0,0.0,0.0,0.0,0.0,0.0,0.0,0.0,0.0,0.0,0.0,0.0
PBI,2024-05-17,4,0,0,0,1,0.0,0.0,100.0,0.0,0.0,0.0,0.0,0.0,1.2,0.0,0.0
PBI,2024-05-17,5,0,0,1,0,100.0,100.0,0.0,0.0,18.0,6.8,7.0,0.0,0.0,0.0,0.0
PBI,2024-05-17,6,5,0,7,3,85.71,71.43,66.67,8.14,15.14,4.11,11.0,4.0,0.8,5.33,11.33
PBI,2024-05-17,7,7,0,12,1,66.67,66.67,0.0,16.5,11.92,0.9,16.75,3.0,1.2,10.0,37.0
PBI,2024-05-17,8,5,3,13,8,53.85,53.85,50.0,24.46,12.23,1.28,25.46,5.63,1.28,8.38,20.13
PBI,2024-05-17,9,3,6,12,10,75.0,66.67,90.0,11.75,14.25,3.21,14.67,3.1,1.36,3.0,7.3
PBI,2024-05-17,10,5,5,16,10,68.75,62.5,70.0,12.5,16.31,5.31,17.38,3.7,1.71,4.1,8.8
PBI,2024-05-17,11,8,9,16,19,56.25,43.75,63.16,12.0,19.38,7.76,19.0,9.47,1.77,11.58,19.16
PBI,2024-05-17,12,8,7,14,10,71.43,64.29,70.0,6.5,14.79,3.75,9.5,2.4,1.14,3.1,14.5
PBI,2024-05-17,13,8,4,13,8,46.15,46.15,75.0,20.0,14.08,2.88,22.85,7.88,1.8,6.38,18.0
PBI,2024-05-17,14,4,6,9,20,55.56,55.56,55.0,16.78,16.33,4.62,21.11,6.65,1.68,11.85,20.55
PBI,2024-05-17,15,4,7,10,11,50.0,50.0,81.82,14.0,16.4,5.02,18.8,7.55,1.13,4.82,11.91
PBI,2024-05-17,16,9,6,16,15,87.5,75.0,53.33,4.69,16.06,5.0,9.13,2.8,1.33,3.8,18.07
PBI,2024-05-17,17,4,5,5,17,20.0,20.0,58.82,23.2,12.0,1.02,23.8,3.47,0.94,4.0,26.18
PBI,2024-05-17,18,5,6,6,12,66.67,66.67,58.33,26.17,11.83,0.42,26.0,3.67,0.87,3.67,36.33
PBI,2024-05-17,19,7,3,7,5,42.86,42.86,60.0,49.43,12.29,1.51,48.86,0.0,0.86,0.6,16.6
PBI,2024-05-17,20,3,2,3,3,66.67,66.67,66.67,8.67,12.33,0.8,9.33,21.67,1.13,2.67,15.0
PBI,2024-05-17,21,0,1,0,4,0.0,0.0,50.0,0.0,0.0,0.0,0.0,1.75,3.32,6.5,28.5
PBI,2024-05-17,22,0,6,3,7,66.67,66.67,57.14,6.67,10.67,0.0,6.67,0.29,1.09,5.29,25.14
PBI,2024-05-17,23,0,8,0,9,0.0,0.0,44.44,0.0,0.0,0.0,0.0,2.78,1.18,0.78,36.0
PBI,2024-05-18,0,0,1,0,1,0.0,0.0,0.0,0.0,0.0,0.0,0.0,1.0,2.7,0.0,21.0
PBI,2024-05-18,1,0,0,0,1,0.0,0.0,0.0,0.0,0.0,0.0,0.0,3.0,1.2,10.0,39.0
PBI,2024-05-18,2,0,0,0,1,0.0,0.0,100.0,0.0,0.0,0.0,0.0,21.0,1.2,10.0,0.0
PBI,2024-05-18,5,0,0,0,1,0.0,0.0,100.0,0.0,0.0,0.0,0.0,0.0,1.5,0.0,0.0
PBI,2024-05-18,6,5,0,7,1,71.43,71.43,0.0,6.0,11.43,1.2,6.29,0.0,0.2,0.0,16.0
PBI,2024-05-18,7,8,0,12,1,91.67,91.67,100.0,2.08,11.67,0.9,2.25,0.0,1.2,0.0,0.0
PBI,2024-05-18,8,4,2,12,6,83.33,83.33,33.33,2.92,12.75,1.56,4.33,4.0,2.13,8.33,15.33
PBI,2024-05-18,9,2,5,12,8,50.0,50.0,75.0,21.33,14.5,3.19,24.5,2.13,1.46,3.0,9.13
PBI,2024-05-18,10,4,6,12,12,75.0,58.33,75.0,5.58,18.92,7.65,12.75,1.83,1.27,4.0,13.42
PBI,2024-05-18,11,8,7,15,13,66.67,20.0,53.85,10.53,23.0,11.75,22.27,2.69,1.91,7.46,44.54
PBI,2024-05-18,12,6,4,11,10,63.64,45.45,30.0,22.45,20.64,9.51,29.09,9.0,0.61,22.8,32.1
PBI,2024-05-18,13,6,5,11,9,36.36,36.36,44.44,25.73,15.82,4.49,30.27,5.33,1.49,11.78,29.89
PBI,2024-05-18,14,4,6,8,13,50.0,50.0,23.08,31.13,14.38,3.34,33.75,4.38,2.18,11.38,57.85
PBI,2024-05-18,15,7,7,11,11,45.45,45.45,36.36,57.09,17.91,6.45,62.55,7.82,8.3,31.18,62.27
PBI,2024-05-18,16,7,6,11,8,36.36,27.27,50.0,91.36,20.82,9.84,100.82,9.38,12.81,32.13,51.25
PBI,2024-05-18,17,4,5,4,7,25.0,25.0,28.57,134.5,14.75,3.1,137.5,38.71,10.9,51.57,63.29
PBI,2024-05-18,18,5,6,6,8,16.67,0.0,37.5,63.5,16.67,5.5,69.17,12.25,7.63,16.5,63.5
PBI,2024-05-18,19,5,2,7,6,28.57,14.29,33.33,70.14,17.14,5.2,75.43,15.33,0.77,18.83,38.17
PBI,2024-05-18,20,3,3,3,8,33.33,33.33,12.5,51.33,11.33,0.83,50.0,11.75,2.65,18.75,54.38
PBI,2024-05-18,21,0,2,2,3,100.0,100.0,66.67,1.0,11.0,0.4,0.5,0.0,0.6,2.0,20.33
PBI,2024-05-18,22,0,4,1,5,100.0,100.0,0.0,0.0,11.0,0.0,0.0,2.4,2.02,3.4,58.2
PBI,2024-05-18,23,0,7,0,7,0.0,0.0,42.86,0.0,0.0,0.0,0.0,0.57,0.59,0.29,42.14
PBI,2024-05-19,0,0,1,0,2,0.0,0.0,50.0,0.0,0.0,0.0,0.0,3.0,0.95,4.5,22.5
PBI,2024-05-19,1,0,0,0,0,0.0,0.0,0.0,0.0,0.0,0.0,0.0,0.0,0.0,0.0,0.0
PBI,2024-05-19,2,0,0,0,0,0.0,0.0,0.0,0.0,0.0,0.0,0.0,0.0,0.0,0.0,0.0
PBI,2024-05-19,6,4,0,5,0,100.0,100.0,0.0,0.0,16.8,5.22,2.8,0.0,0.0,0.0,0.0
PBI,2024-05-19,7,8,0,10,1,90.0,90.0,0.0,5.0,13.7,3.05,6.9,4.0,1.2,12.0,22.0
PBI,2024-05-19,8,5,3,10,4,80.0,70.0,75.0,5.8,15.6,4.13,9.3,0.0,1.35,1.75,6.75
PBI,2024-05-19,9,3,6,11,8,36.36,36.36,100.0,45.45,13.73,2.69,48.09,3.75,0.84,3.5,1.13
PBI,2024-05-19,10,5,5,10,11,70.0,50.0,90.91,10.3,16.3,5.02,14.5,4.0,0.48,4.55,1.91
PBI,2024-05-19,11,8,7,12,13,91.67,91.67,69.23,5.25,16.25,5.08,8.75,3.38,0.81,3.92,11.46
PBI,2024-05-19,12,6,7,12,14,41.67,25.0,50.0,20.5,20.33,8.69,29.08,10.14,1.86,12.57,48.07
PBI,2024-05-19,13,8,4,18,8,83.33,27.78,87.5,37.61,38.89,27.71,65.33,8.75,1.3,8.0,8.38
PBI,2024-05-19,14,4,6,8,9,62.5,25.0,77.78,60.88,44.13,32.35,93.0,8.78,1.36,5.89,5.56
PBI,2024-05-19,15,4,7,7,13,42.86,28.57,53.85,79.71,43.0,31.23,110.57,58.69,2.49,60.54,65.31
PBI,2024-05-19,16,8,4,14,8,42.86,28.57,12.5,95.43,33.07,22.17,116.64,58.5,3.4,63.75,130.5
PBI,2024-05-19,17,3,5,6,10,33.33,33.33,10.0,142.5,13.83,2.2,144.83,30.4,2.28,34.0,86.5
PBI,2024-05-19,18,6,7,11,13,9.09,0.0,30.77,71.18,15.64,3.99,75.36,7.31,1.82,21.23,42.08
PBI,2024-05-19,19,6,4,7,12,28.57,28.57,33.33,43.29,15.0,3.49,46.71,8.83,5.02,18.5,42.67
PBI,2024-05-19,20,5,2,5,9,40.0,40.0,44.44,37.0,15.0,3.82,39.8,6.89,2.51,12.33,35.11
PBI,2024-05-19,21,0,1,1,7,100.0,100.0,71.43,0.0,11.0,0.0,0.0,2.14,2.13,4.29,14.71
PBI,2024-05-19,22,0,8,0,12,0.0,0.0,41.67,0.0,0.0,0.0,0.0,3.42,1.46,3.92,55.0
PBI,2024-05-19,23,0,6,0,7,0.0,0.0,57.14,0.0,0.0,0.0,0.0,1.86,1.26,3.57,38.29
PBI,2024-05-20,0,0,1,0,1,0.0,0.0,100.0,0.0,0.0,0.0,0.0,0.0,0.7,0.0,7.0
PBI,2024-05-20,1,0,0,0,0,0.0,0.0,0.0,0.0,0.0,0.0,0.0,0.0,0.0,0.0,0.0
PBI,2024-05-20,2,0,0,0,0,0.0,0.0,0.0,0.0,0.0,0.0,0.0,0.0,0.0,0.0,0.0
PBI,2024-05-20,5,0,0,0,0,0.0,0.0,0.0,0.0,0.0,0.0,0.0,0.0,0.0,0.0,0.0
PBI,2024-05-20,6,5,0,7,0,57.14,57.14,0.0,14.14,11.29,0.87,14.71,0.0,0.0,0.0,0.0
PBI,2024-05-20,7,7,0,8,0,87.5,87.5,0.0,6.88,13.38,2.25,7.88,0.0,0.0,0.0,0.0
PBI,2024-05-20,8,5,3,10,5,60.0,60.0,80.0,12.3,13.1,2.14,14.2,3.2,1.32,5.4,6.8
PBI,2024-05-20,9,3,6,10,12,70.0,60.0,83.33,41.5,18.1,7.13,48.7,3.25,0.61,4.58,11.67
PBI,2024-05-20,10,5,5,19,11,42.11,36.84,81.82,26.84,19.11,8.0,34.47,2.91,1.39,3.27,8.0
PBI,2024-05-20,11,8,9,17,17,76.47,52.94,58.82,9.82,19.06,7.49,16.47,6.18,2.33,6.88,14.71
PBI,2024-05-20,12,8,7,17,10,70.59,64.71,80.0,10.29,14.24,3.04,13.29,2.8,0.84,3.3,36.5
PBI,2024-05-20,13,8,3,14,11,64.29,64.29,72.73,34.57,13.43,2.6,37.0,5.27,1.45,4.27,15.18
PBI,2024-05-20,14,3,7,8,13,75.0,62.5,61.54,6.38,15.5,3.84,10.25,3.08,1.68,5.0,12.85
PBI,2024-05-20,15,5,7,13,16,69.23,69.23,81.25,13.77,15.46,4.02,17.77,3.63,0.65,4.38,10.56
PBI,2024-05-20,16,9,6,11,15,63.64,63.64,66.67,23.27,14.36,3.59,26.45,3.2,0.43,5.0,23.6
PBI,2024-05-20,17,4,5,7,9,85.71,85.71,66.67,5.0,11.71,1.43,6.43,2.44,0.82,3.11,43.89
PBI,2024-05-20,18,5,6,6,12,66.67,66.67,91.67,61.5,13.83,1.95,63.17,1.67,0.3,1.92,5.67
PBI,2024-05-20,19,7,3,8,7,12.5,12.5,42.86,58.38,12.38,1.54,59.25,12.57,2.79,10.57,39.86
PBI,2024-05-20,20,3,2,5,6,60.0,60.0,66.67,7.4,13.2,1.8,9.0,2.33,0.5,3.0,15.5
PBI,2024-05-20,21,0,1,1,2,100.0,100.0,100.0,0.0,11.0,0.0,0.0,0.0,0.95,2.5,2.0
PBI,2024-05-20,22,0,6,1,7,100.0,100.0,57.14,0.0,11.0,0.0,0.0,1.57,2.04,2.43,15.43
PBI,2024-05-20,23,0,8,0,8,0.0,0.0,87.5,0.0,0.0,0.0,0.0,0.0,0.55,0.38,4.5
PBI,2024-05-21,0,0,1,0,1,0.0,0.0,100.0,0.0,0.0,0.0,0.0,0.0,1.7,0.0,0.0
PBI,2024-05-21,2,0,0,0,0,0.0,0.0,0.0,0.0,0.0,0.0,0.0,0.0,0.0,0.0,0.0
PBI,2024-05-21,5,0,0,1,0,0.0,0.0,0.0,40.0,12.0,0.8,41.0,0.0,0.0,0.0,0.0
PBI,2024-05-21,6,5,0,10,2,80.0,80.0,100.0,5.3,14.0,2.93,7.5,0.0,0.1,0.0,6.5
PBI,2024-05-21,7,7,0,14,0,71.43,71.43,0.0,7.5,12.21,1.06,8.29,0.0,0.0,0.0,0.0
PBI,2024-05-21,8,5,3,16,4,37.5,37.5,75.0,21.75,12.63,1.46,23.0,1.25,0.85,2.5,10.75
PBI,2024-05-21,9,3,6,12,8,33.33,25.0,87.5,56.42,14.25,3.27,59.83,1.5,1.02,1.13,7.63
PBI,2024-05-21,10,5,5,15,12,73.33,73.33,66.67,11.53,13.6,2.79,13.8,3.33,1.32,7.0,15.5
PBI,2024-05-21,11,8,8,13,9,76.92,76.92,77.78,8.77,14.31,2.82,11.0,0.33,2.29,0.78,15.11
PBI,2024-05-21,12,7,6,13,11,61.54,61.54,72.73,18.46,12.23,1.08,19.15,1.36,1.29,3.27,17.55
PBI,2024-05-21,13,7,3,10,12,80.0,80.0,50.0,9.0,13.9,2.8,11.0,2.67,0.63,5.08,25.08
PBI,2024-05-21,14,3,6,16,14,37.5,37.5,78.57,25.63,16.38,4.96,30.31,3.36,1.64,4.79,9.93
PBI,2024-05-21,15,4,8,9,13,66.67,66.67,61.54,14.33,15.33,4.21,17.56,4.77,1.23,6.46,13.38
PBI,2024-05-21,16,9,4,15,18,80.0,60.0,66.67,6.0,18.53,7.49,12.27,6.67,1.71,9.89,17.33
PBI,2024-05-21,17,4,7,9,12,77.78,66.67,75.0,12.67,15.67,4.68,16.78,4.83,0.93,4.67,6.33
PBI,2024-05-21,18,7,6,7,13,100.0,100.0,53.85,0.86,12.14,1.71,1.14,1.85,0.64,4.85,23.62
PBI,2024-05-21,19,5,1,5,2,60.0,80.0,50.0,11.8,13.8,2.44,14.0,5.0,0.6,10.0,10.0
PBI,2024-05-21,20,1,2,1,9,100.0,100.0,55.56,0.0,9.0,0.0,0.0,1.78,0.84,4.11,28.67
PBI,2024-05-21,21,1,1,3,5,100.0,100.0,80.0,0.0,11.67,0.43,0.0,16.0,1.3,6.0,14.2
PBI,2024-05-21,22,0,7,1,9,100.0,100.0,77.78,0.0,11.0,0.0,0.0,3.44,1.61,1.78,17.56
PBI,2024-05-21,23,0,7,1,10,100.0,100.0,70.0,0.0,19.0,7.8,8.0,1.0,0.11,0.7,8.8
PBI,2024-05-22,0,0,1,0,2,0.0,0.0,50.0,0.0,0.0,0.0,0.0,2.5,0.95,4.5,24.5
PBI,2024-05-22,1,0,0,0,0,0.0,0.0,0.0,0.0,0.0,0.0,0.0,0.0,0.0,0.0,0.0
PBI,2024-05-22,4,0,0,0,0,0.0,0.0,0.0,0.0,0.0,0.0,0.0,0.0,0.0,0.0,0.0
PBI,2024-05-22,5,0,0,1,2,0.0,0.0,50.0,29.0,15.0,3.8,33.0,15.0,1.7,19.5,115.5
PBI,2024-05-22,6,5,0,5,2,100.0,100.0,50.0,0.8,13.2,3.14,1.4,0.0,1.1,0.0,13.0
PBI,2024-05-22,7,7,0,11,1,81.82,81.82,100.0,5.45,13.64,2.49,7.64,0.0,1.2,0.0,0.0
PBI,2024-05-22,8,5,2,10,5,90.0,70.0,80.0,2.8,21.1,9.85,11.8,0.2,1.88,2.8,6.8
PBI,2024-05-22,9,2,6,20,9,60.0,55.0,66.67,9.95,19.5,8.24,17.95,3.11,1.48,4.22,13.33
PBI,2024-05-22,10,5,5,18,11,61.11,55.56,72.73,12.5,18.72,7.72,19.22,2.36,0.51,3.45,7.82
PBI,2024-05-22,11,8,7,18,12,77.78,55.56,83.33,6.61,21.06,9.83,15.5,2.75,3.43,3.75,8.25
PBI,2024-05-22,12,6,5,10,17,60.0,30.0,52.94,33.1,20.0,8.27,39.6,5.35,1.66,7.65,12.94
PBI,2024-05-22,13,6,5,17,10,35.29,23.53,70.0,19.0,18.41,7.28,25.94,5.6,1.91,5.0,9.3
PBI,2024-05-22,14,5,6,12,16,66.67,66.67,56.25,11.75,16.42,4.85,16.25,5.06,1.36,7.0,21.81
PBI,2024-05-22,15,4,7,5,10,100.0,80.0,100.0,2.0,15.0,3.44,5.6,5.0,2.37,3.2,0.0
PBI,2024-05-22,16,8,4,11,9,72.73,63.64,55.56,7.82,14.64,3.85,11.09,3.67,1.71,3.78,22.0
PBI,2024-05-22,17,4,7,8,16,87.5,87.5,68.75,4.0,13.25,2.05,4.25,4.44,0.89,8.44,13.88
PBI,2024-05-22,18,6,6,10,12,60.0,60.0,75.0,20.8,12.8,1.87,22.5,7.08,0.81,3.83,14.83
PBI,2024-05-22,19,6,2,6,4,66.67,66.67,100.0,20.83,15.67,3.78,22.83,6.0,0.65,3.0,1.75
PBI,2024-05-22,20,2,2,2,6,50.0,50.0,33.33,16.0,10.5,0.0,15.5,2.17,0.62,4.83,20.0
PBI,2024-05-22,21,0,1,3,3,100.0,100.0,66.67,0.0,12.33,1.2,1.33,4.33,0.7,4.33,10.67
PBI,2024-05-22,22,0,6,2,7,100.0,100.0,85.71,4.0,10.0,0.0,3.0,1.29,1.1,1.0,15.29
PBI,2024-05-22,23,0,6,0,6,0.0,0.0,50.0,0.0,0.0,0.0,0.0,0.0,0.43,0.0,21.33
PBI,2024-05-23,0,0,1,0,1,0.0,0.0,100.0,0.0,0.0,0.0,0.0,0.0,0.0,12.0,8.0
PBI,2024-05-23,1,0,0,0,0,0.0,0.0,0.0,0.0,0.0,0.0,0.0,0.0,0.0,0.0,0.0
PBI,2024-05-23,4,0,0,0,0,0.0,0.0,0.0,0.0,0.0,0.0,0.0,0.0,0.0,0.0,0.0
PBI,2024-05-23,5,0,0,2,0,50.0,50.0,0.0,9.5,12.0,0.9,10.5,0.0,0.0,0.0,0.0
PBI,2024-05-23,6,5,0,6,2,83.33,83.33,100.0,5.83,12.33,2.1,6.33,0.0,0.1,0.0,11.5
PBI,2024-05-23,7,7,0,15,0,66.67,60.0,0.0,9.6,14.07,2.59,11.53,0.0,0.0,0.0,0.0
PBI,2024-05-23,8,4,2,12,4,75.0,58.33,100.0,6.92,16.83,5.4,12.08,2.75,0.3,3.75,0.0
PBI,2024-05-23,9,4,8,10,14,40.0,30.0,71.43,22.1,22.0,10.67,31.4,3.36,0.79,5.07,19.79
PBI,2024-05-23,10,5,5,11,10,54.55,54.55,60.0,12.0,16.09,5.0,16.91,6.6,1.67,8.9,15.0
PBI,2024-05-23,11,6,6,12,11,41.67,41.67,45.45,13.75,13.33,1.9,15.33,3.0,2.87,4.18,34.0
PBI,2024-05-23,12,7,6,13,12,38.46,38.46,58.33,32.62,15.0,3.81,36.31,1.08,1.17,5.42,18.17
PBI,2024-05-23,13,7,5,12,13,50.0,50.0,46.15,22.42,13.33,2.38,24.58,1.62,1.09,4.85,24.62
PBI,2024-05-23,14,4,5,13,8,76.92,76.92,37.5,23.0,12.92,1.42,24.46,7.25,0.98,7.13,54.13
PBI,2024-05-23,15,5,6,9,12,55.56,55.56,50.0,26.22,13.0,1.6,27.78,3.08,1.08,2.75,25.33
PBI,2024-05-23,16,6,6,12,13,66.67,66.67,84.62,17.83,13.5,2.38,19.67,1.46,1.49,3.69,9.38
PBI,2024-05-23,17,5,4,7,12,85.71,85.71,75.0,7.86,11.14,0.19,7.86,3.5,1.33,4.08,22.17
PBI,2024-05-23,18,5,7,6,15,66.67,66.67,46.67,36.83,16.0,3.92,40.5,4.27,0.81,4.0,33.27
PBI,2024-05-23,19,6,3,6,5,66.67,66.67,80.0,26.83,13.0,2.13,28.67,6.2,0.5,4.8,14.4
PBI,2024-05-23,20,5,2,6,2,33.33,33.33,0.0,63.17,12.83,1.5,64.0,0.0,0.95,0.0,131.0
PBI,2024-05-23,21,0,1,1,4,100.0,100.0,75.0,0.0,11.0,0.0,0.0,1.75,1.32,0.25,5.5
PBI,2024-05-23,22,0,6,1,9,100.0,100.0,44.44,0.0,10.0,0.0,0.0,2.11,1.67,6.33,33.67
PBI,2024-05-23,23,0,7,0,8,0.0,0.0,25.0,0.0,0.0,0.0,0.0,1.25,1.3,0.38,46.5
PBI,2024-05-24,0,0,1,0,2,0.0,0.0,100.0,0.0,0.0,0.0,0.0,0.0,0.1,0.0,2.5
PBI,2024-05-24,1,0,0,0,0,0.0,0.0,0.0,0.0,0.0,0.0,0.0,0.0,0.0,0.0,0.0
PBI,2024-05-24,2,0,0,0,0,0.0,0.0,0.0,0.0,0.0,0.0,0.0,0.0,0.0,0.0,0.0
PBI,2024-05-24,5,0,0,1,0,100.0,100.0,0.0,0.0,24.0,12.8,13.0,0.0,0.0,0.0,0.0
PBI,2024-05-24,6,4,0,5,3,80.0,80.0,33.33,4.4,12.0,1.34,5.0,2.0,1.2,3.67,14.33
PBI,2024-05-24,7,7,0,12,0,58.33,58.33,0.0,11.5,12.42,1.31,12.67,0.0,0.0,0.0,0.0
PBI,2024-05-24,8,4,3,10,5,60.0,60.0,60.0,12.1,12.9,1.74,13.6,0.8,0.72,3.0,13.2
PBI,2024-05-24,9,4,7,10,12,70.0,70.0,75.0,13.7,12.9,1.92,15.7,2.67,0.78,4.67,22.92
PBI,2024-05-24,10,5,5,16,15,50.0,50.0,66.67,21.81,13.25,2.44,23.94,5.47,1.15,10.87,18.4
PBI,2024-05-24,11,8,7,17,13,64.71,58.82,61.54,10.59,16.0,4.44,14.71,6.31,2.3,9.23,16.15
PBI,2024-05-24,12,6,6,13,11,46.15,38.46,45.45,23.69,15.15,3.69,27.54,4.64,0.88,8.27,34.64
PBI,2024-05-24,13,7,5,18,13,66.67,55.56,53.85,13.72,16.5,5.27,18.83,5.15,0.88,9.38,28.54
PBI,2024-05-24,14,4,5,12,19,66.67,58.33,36.84,14.08,17.67,6.08,19.83,4.0,1.72,8.79,37.16
PBI,2024-05-24,15,5,5,9,14,55.56,33.33,57.14,46.56,15.67,4.67,50.67,6.07,1.34,5.5,17.57
PBI,2024-05-24,16,6,6,11,16,54.55,54.55,68.75,100.18,12.18,1.05,101.36,1.31,0.64,7.19,44.94
PBI,2024-05-24,17,4,4,5,7,80.0,80.0,57.14,4.0,10.4,0.0,3.8,7.14,1.24,8.86,16.0
PBI,2024-05-24,18,5,7,6,16,66.67,66.67,62.5,25.5,14.33,2.68,28.17,4.88,1.08,4.38,19.88
PBI,2024-05-24,19,7,2,8,7,25.0,25.0,85.71,62.0,24.38,13.16,74.88,2.14,1.13,3.29,3.0
PBI,2024-05-24,20,3,2,4,5,75.0,75.0,60.0,28.75,11.5,0.58,28.5,0.6,0.12,2.4,27.8
PBI,2024-05-24,21,0,1,0,3,0.0,0.0,100.0,0.0,0.0,0.0,0.0,0.0,0.23,0.0,2.67
PBI,2024-05-24,22,0,6,2,7,100.0,100.0,42.86,0.0,11.5,0.9,0.0,0.0,0.37,0.0,14.71
PBI,2024-05-24,23,0,7,0,7,0.0,0.0,57.14,0.0,0.0,0.0,0.0,0.0,0.57,0.0,43.86
PBI,2024-05-25,0,0,0,0,1,0.0,0.0,100.0,0.0,0.0,0.0,0.0,0.0,1.7,0.0,3.0
PBI,2024-05-25,1,0,0,0,1,0.0,0.0,100.0,0.0,0.0,0.0,0.0,0.0,0.2,0.0,0.0
PBI,2024-05-25,2,0,0,0,0,0.0,0.0,0.0,0.0,0.0,0.0,0.0,0.0,0.0,0.0,0.0
PBI,2024-05-25,6,4,0,6,2,66.67,66.67,50.0,9.5,11.5,0.88,9.5,1.5,0.1,3.0,14.0
PBI,2024-05-25,7,7,0,13,2,84.62,69.23,100.0,9.77,19.31,8.55,17.46,2.5,0.1,5.5,5.0
PBI,2024-05-25,8,4,1,12,2,66.67,66.67,50.0,11.42,13.58,2.43,13.5,0.0,0.7,2.5,29.5
PBI,2024-05-25,9,3,6,13,6,38.46,38.46,83.33,27.54,13.62,2.28,29.69,0.33,1.5,0.33,3.67
PBI,2024-05-25,10,3,7,11,10,45.45,45.45,60.0,20.18,12.91,1.69,21.82,3.2,1.02,5.2,17.9
PBI,2024-05-25,11,9,6,10,8,80.0,80.0,75.0,7.7,14.8,3.61,9.8,1.38,2.71,2.25,14.38
PBI,2024-05-25,12,5,4,13,10,69.23,61.54,40.0,10.31,13.77,2.2,12.08,1.9,1.11,8.3,21.6
PBI,2024-05-25,13,6,5,6,6,83.33,83.33,100.0,14.83,13.5,1.95,16.0,2.5,1.02,0.0,0.0
PBI,2024-05-25,14,3,5,6,9,83.33,66.67,66.67,6.83,13.67,2.05,9.0,1.67,1.82,2.22,14.44
PBI,2024-05-25,15,7,6,10,10,70.0,70.0,70.0,19.1,13.2,2.0,20.9,4.1,0.75,3.2,13.3
PBI,2024-05-25,16,6,6,7,12,85.71,85.71,66.67,3.14,11.71,0.74,3.43,2.42,0.68,3.75,19.58
PBI,2024-05-25,17,4,4,8,11,87.5,87.5,81.82,16.25,11.75,0.58,16.88,2.45,1.19,3.45,5.27
PBI,2024-05-25,18,5,6,7,8,85.71,85.71,87.5,12.86,12.57,2.04,14.86,1.13,0.9,1.38,8.13
PBI,2024-05-25,19,3,1,3,2,100.0,100.0,50.0,0.0,12.33,1.13,0.0,5.5,1.95,14.5,22.5
PBI,2024-05-25,20,3,3,4,3,100.0,100.0,0.0,2.5,12.0,0.63,3.25,14.67,2.17,4.33,29.33
PBI,2024-05-25,21,0,2,0,5,0.0,0.0,80.0,0.0,0.0,0.0,0.0,0.8,0.86,1.2,12.4
PBI,2024-05-25,22,0,3,2,4,0.0,0.0,100.0,83.5,12.0,0.8,84.5,3.25,1.28,4.75,0.75
PBI,2024-05-25,23,0,7,0,8,0.0,0.0,62.5,0.0,0.0,0.0,0.0,1.25,1.41,1.38,22.13
PBI,2024-05-26,0,0,0,0,0,0.0,0.0,0.0,0.0,0.0,0.0,0.0,0.0,0.0,0.0,0.0
PBI,2024-05-26,6,3,0,4,0,75.0,75.0,0.0,6.0,10.0,0.0,5.75,0.0,0.0,0.0,0.0
PBI,2024-05-26,7,7,0,8,1,100.0,100.0,0.0,0.38,11.13,0.88,0.25,3.0,0.2,11.0,40.0
PBI,2024-05-26,8,3,2,7,4,57.14,57.14,50.0,35.57,13.71,2.23,37.29,3.0,3.2,6.5,20.5
PBI,2024-05-26,9,3,5,10,6,50.0,50.0,100.0,18.3,13.4,2.07,19.6,1.17,0.3,1.67,1.5
PBI,2024-05-26,10,5,5,11,6,81.82,72.73,83.33,7.91,12.82,2.29,9.82,2.17,0.62,1.33,3.5
PBI,2024-05-26,11,7,6,10,7,90.0,80.0,71.43,3.2,14.4,2.96,5.2,4.57,0.63,2.14,14.86
PBI,2024-05-26,12,6,6,11,7,54.55,54.55,100.0,22.27,13.82,2.84,24.09,0.43,1.51,0.0,2.29
PBI,2024-05-26,13,7,5,9,8,77.78,77.78,62.5,3.44,12.56,1.72,4.67,2.0,0.5,1.38,22.38
PBI,2024-05-26,14,4,5,4,8,75.0,75.0,75.0,22.5,16.0,3.65,25.25,1.63,0.68,1.25,5.38
PBI,2024-05-26,15,5,4,5,10,80.0,60.0,70.0,9.2,16.4,5.02,13.2,4.0,0.96,2.9,14.1
PBI,2024-05-26,16,5,5,5,9,100.0,100.0,66.67,0.4,12.2,1.44,1.0,3.11,0.6,6.78,28.56
PBI,2024-05-26,17,3,5,6,10,50.0,50.0,60.0,32.67,14.0,2.8,35.17,1.1,0.76,3.8,13.7
PBI,2024-05-26,18,6,7,7,14,100.0,100.0,71.43,0.43,12.43,1.19,0.43,2.43,0.81,3.0,17.93
PBI,2024-05-26,19,5,2,6,6,83.33,83.33,33.33,14.67,11.17,0.95,15.5,1.67,0.63,6.0,41.17
PBI,2024-05-26,20,4,2,4,4,25.0,25.0,50.0,25.0,12.5,1.2,26.0,1.0,0.1,1.75,27.75
PBI,2024-05-26,21,0,2,0,3,0.0,0.0,100.0,0.0,0.0,0.0,0.0,1.67,0.07,2.0,2.67
PBI,2024-05-26,22,0,7,0,7,0.0,0.0,42.86,0.0,0.0,0.0,0.0,1.0,0.41,4.0,47.0
PBI,2024-05-26,23,0,5,0,5,0.0,0.0,20.0,0.0,0.0,0.0,0.0,1.0,0.04,1.4,61.2
PBI,2024-05-27,0,0,1,0,0,0.0,0.0,0.0,0.0,0.0,0.0,0.0,0.0,0.0,0.0,0.0
PBI,2024-05-27,2,0,0,0,1,0.0,0.0,100.0,0.0,0.0,0.0,0.0,1.0,0.2,7.0,0.0
PBI,2024-05-27,3,0,0,0,0,0.0,0.0,0.0,0.0,0.0,0.0,0.0,0.0,0.0,0.0,0.0
PBI,2024-05-27,6,4,0,4,0,100.0,100.0,0.0,0.0,15.25,4.1,2.0,0.0,0.0,0.0,0.0
PBI,2024-05-27,7,7,0,13,1,84.62,84.62,0.0,6.85,14.69,3.49,9.31,12.0,0.2,20.0,32.0
PBI,2024-05-27,8,3,3,11,3,36.36,36.36,66.67,46.36,15.91,4.83,51.18,0.0,2.13,0.0,19.33
PBI,2024-05-27,9,4,6,13,9,53.85,38.46,55.56,14.38,19.69,8.39,22.38,1.0,1.71,8.78,24.89
PBI,2024-05-27,10,5,5,15,11,46.67,46.67,72.73,21.13,18.2,7.16,26.67,3.73,3.85,8.73,29.09
PBI,2024-05-27,11,8,7,12,6,58.33,58.33,83.33,22.5,15.42,3.68,26.0,3.83,0.78,0.67,14.83
PBI,2024-05-27,12,6,6,12,12,41.67,41.67,50.0,56.92,16.5,4.98,60.33,3.83,1.88,5.67,39.5
PBI,2024-05-27,13,7,4,15,10,33.33,33.33,70.0,36.73,13.87,2.95,39.73,3.5,1.74,2.4,10.1
PBI,2024-05-27,14,3,6,9,8,33.33,33.33,50.0,32.78,15.0,3.53,36.44,3.13,4.56,8.13,20.63
PBI,2024-05-27,15,6,5,12,6,33.33,33.33,50.0,67.17,15.42,4.04,71.17,3.33,2.55,6.83,18.5
PBI,2024-05-27,16,6,6,8,16,37.5,37.5,50.0,30.38,13.5,2.39,31.5,2.44,0.91,5.19,20.13
PBI,2024-05-27,17,4,4,7,7,57.14,57.14,57.14,61.71,14.0,3.24,64.29,1.43,1.14,5.29,46.43
PBI,2024-05-27,18,5,7,7,12,42.86,42.86,50.0,57.14,12.43,0.7,57.57,5.5,0.87,13.08,19.83
PBI,2024-05-27,19,7,2,9,5,44.44,44.44,80.0,24.78,13.11,1.91,26.33,4.4,0.56,4.4,3.6
PBI,2024-05-27,20,3,2,4,8,75.0,75.0,37.5,21.5,12.25,0.83,22.75,1.88,0.86,7.38,43.38
PBI,2024-05-27,21,0,1,1,3,100.0,100.0,33.33,0.0,18.0,6.8,7.0,1.33,1.03,5.67,25.67
PBI,2024-05-27,22,0,6,0,7,0.0,0.0,71.43,0.0,0.0,0.0,0.0,1.86,2.4,6.71,21.71
PBI,2024-05-27,23,0,7,0,8,0.0,0.0,0.0,0.0,0.0,0.0,0.0,2.13,0.91,8.5,78.25
PBI,2024-05-28,0,0,1,0,1,0.0,0.0,0.0,0.0,0.0,0.0,0.0,0.0,0.0,0.0,41.0
PBI,2024-05-28,1,0,0,0,1,0.0,0.0,100.0,0.0,0.0,0.0,0.0,0.0,0.2,0.0,0.0
PBI,2024-05-28,2,0,0,0,0,0.0,0.0,0.0,0.0,0.0,0.0,0.0,0.0,0.0,0.0,0.0
PBI,2024-05-28,4,0,0,0,0,0.0,0.0,0.0,0.0,0.0,0.0,0.0,0.0,0.0,0.0,0.0
PBI,2024-05-28,5,0,0,1,0,100.0,0.0,0.0,0.0,26.0,14.8,15.0,0.0,0.0,0.0,0.0
PBI,2024-05-28,6,4,0,5,0,80.0,80.0,0.0,3.2,12.2,1.88,4.0,0.0,0.0,0.0,0.0
PBI,2024-05-28,7,7,0,11,0,72.73,72.73,0.0,26.45,11.64,0.87,26.91,0.0,0.0,0.0,0.0
PBI,2024-05-28,8,4,2,11,4,54.55,54.55,100.0,16.36,14.36,3.29,19.64,2.0,1.4,3.0,5.25
PBI,2024-05-28,9,3,6,13,10,61.54,53.85,50.0,17.38,15.77,4.77,21.92,4.4,1.06,6.5,11.6
PBI,2024-05-28,10,4,5,12,13,66.67,66.67,69.23,11.42,14.17,3.08,13.83,4.23,1.0,6.15,10.85
PBI,2024-05-28,11,8,7,17,10,76.47,70.59,80.0,8.76,15.41,4.08,12.24,3.0,3.84,5.4,29.2
PBI,2024-05-28,12,6,4,10,9,80.0,70.0,66.67,28.0,15.3,3.83,31.7,3.22,1.89,5.11,14.22
PBI,2024-05-28,13,5,4,10,11,80.0,80.0,63.64,6.9,13.4,2.22,9.2,4.36,1.42,5.64,11.27
PBI,2024-05-28,14,3,5,8,7,87.5,87.5,85.71,4.0,13.38,2.3,6.38,2.14,0.33,4.14,8.57
PBI,2024-05-28,15,5,6,6,12,66.67,66.67,58.33,29.0,13.0,2.0,31.0,5.83,0.98,6.67,37.92
PBI,2024-05-28,16,6,4,11,13,63.64,63.64,84.62,44.45,14.0,2.82,46.73,4.69,0.55,4.77,7.31
PBI,2024-05-28,17,4,6,6,7,100.0,66.67,71.43,2.67,18.0,6.73,7.83,0.14,1.06,0.29,8.57
PBI,2024-05-28,18,7,7,7,13,57.14,57.14,46.15,26.71,13.43,2.66,28.86,14.15,1.9,11.38,23.62
PBI,2024-05-28,19,5,0,7,2,14.29,14.29,50.0,49.71,15.86,4.23,53.57,7.0,1.2,12.0,14.0
PBI,2024-05-28,20,2,2,3,5,100.0,100.0,80.0,3.33,15.0,4.77,7.67,2.2,1.7,5.0,19.6
PBI,2024-05-28,21,0,1,1,3,100.0,100.0,66.67,0.0,13.0,1.8,0.0,4.67,0.37,4.33,9.0
PBI,2024-05-28,22,0,7,1,7,100.0,100.0,71.43,7.0,12.0,0.8,8.0,0.14,0.73,0.0,17.29
PBI,2024-05-28,23,0,6,0,5,0.0,0.0,100.0,0.0,0.0,0.0,0.0,2.0,1.58,2.0,1.2
PBI,2024-05-29,0,0,1,0,1,0.0,0.0,100.0,0.0,0.0,0.0,0.0,0.0,2.7,0.0,0.0
PBI,2024-05-29,4,0,0,1,0,0.0,0.0,0.0,16.0,12.0,0.8,17.0,0.0,0.0,0.0,0.0
PBI,2024-05-29,5,0,0,0,0,0.0,0.0,0.0,0.0,0.0,0.0,0.0,0.0,0.0,0.0,0.0
PBI,2024-05-29,6,4,0,5,2,60.0,60.0,0.0,28.8,11.2,0.64,28.8,1.0,2.2,3.0,30.0
PBI,2024-05-29,7,7,0,9,0,100.0,100.0,0.0,0.0,11.33,0.73,0.22,0.0,0.0,0.0,0.0
PBI,2024-05-29,8,4,3,11,7,63.64,72.73,57.14,9.55,13.09,1.85,10.18,2.29,1.03,5.57,12.71
PBI,2024-05-29,9,4,6,11,11,63.64,63.64,63.64,14.82,12.27,1.71,16.64,4.64,0.8,7.73,16.36
PBI,2024-05-29,10,4,5,13,10,61.54,61.54,80.0,31.46,14.38,3.26,34.92,3.1,0.44,4.3,4.7
PBI,2024-05-29,11,8,6,11,10,81.82,81.82,70.0,10.36,12.73,1.8,11.36,0.6,1.21,2.4,13.5
PBI,2024-05-29,12,5,5,8,7,87.5,87.5,85.71,8.38,12.63,1.29,9.13,4.57,1.51,3.0,4.14
PBI,2024-05-29,13,6,6,10,12,70.0,70.0,75.0,11.1,12.1,1.41,12.6,1.83,0.75,2.5,36.17
PBI,2024-05-29,14,5,5,10,8,80.0,80.0,50.0,36.4,13.7,2.3,38.6,1.75,0.44,1.75,20.75
PBI,2024-05-29,15,5,5,8,5,50.0,50.0,80.0,14.38,15.13,4.01,17.25,0.8,1.32,0.0,3.6
PBI,2024-05-29,16,5,4,7,10,42.86,42.86,60.0,30.29,10.14,0.4,30.29,4.2,0.34,4.0,22.3
PBI,2024-05-29,17,4,5,5,15,80.0,40.0,53.33,22.2,20.6,9.52,31.2,5.73,0.31,10.93,30.93
PBI,2024-05-29,18,6,8,10,12,50.0,50.0,83.33,34.4,12.4,1.41,35.3,2.67,1.16,3.5,35.25
PBI,2024-05-29,19,6,1,6,3,50.0,50.0,100.0,22.33,17.67,6.38,28.67,2.67,0.2,2.0,0.0
PBI,2024-05-29,20,2,2,2,5,100.0,100.0,60.0,0.0,11.5,0.75,0.0,0.0,0.32,0.4,19.0
PBI,2024-05-29,21,0,1,1,4,100.0,100.0,50.0,1.0,13.0,1.8,3.0,1.5,0.48,1.75,23.5
PBI,2024-05-29,22,0,6,1,7,100.0,100.0,71.43,0.0,11.0,0.0,0.0,4.29,0.76,8.0,114.86
PBI,2024-05-29,23,0,6,2,6,100.0,100.0,16.67,0.0,14.0,2.4,0.0,0.0,1.47,5.33,64.17
PBI,2024-05-30,0,0,1,0,1,0.0,0.0,100.0,0.0,0.0,0.0,0.0,3.0,0.7,0.0,0.0
PBI,2024-05-30,1,0,0,0,0,0.0,0.0,0.0,0.0,0.0,0.0,0.0,0.0,0.0,0.0,0.0
PBI,2024-05-30,2,0,0,0,0,0.0,0.0,0.0,0.0,0.0,0.0,0.0,0.0,0.0,0.0,0.0
PBI,2024-05-30,5,0,0,2,0,100.0,100.0,0.0,0.0,13.0,1.8,2.0,0.0,0.0,0.0,0.0
PBI,2024-05-30,6,4,0,4,2,100.0,100.0,0.0,0.0,10.25,0.35,0.0,0.0,0.1,3.5,28.5
PBI,2024-05-30,7,7,0,13,0,69.23,69.23,0.0,38.15,13.31,2.22,39.62,0.0,0.0,0.0,0.0
PBI,2024-05-30,8,4,3,9,4,66.67,66.67,75.0,11.22,12.89,1.64,12.11,1.25,0.1,3.25,4.25
PBI,2024-05-30,9,5,7,12,13,50.0,50.0,69.23,12.33,13.42,2.52,14.5,2.15,0.32,3.92,10.54
PBI,2024-05-30,10,4,5,12,11,75.0,75.0,90.91,10.08,16.75,5.63,15.0,1.36,0.17,2.45,5.09
PBI,2024-05-30,11,7,7,16,14,62.5,62.5,50.0,14.19,13.63,2.16,15.94,4.79,0.61,5.36,22.86
PBI,2024-05-30,12,7,6,15,12,53.33,53.33,66.67,23.27,13.73,2.44,25.07,4.83,1.72,7.75,8.17
PBI,2024-05-30,13,7,5,13,10,61.54,61.54,40.0,9.92,11.69,0.74,10.23,2.6,0.63,4.1,32.1
PBI,2024-05-30,14,4,5,11,6,27.27,27.27,83.33,25.27,11.73,0.49,25.64,6.17,0.48,4.5,47.67
PBI,2024-05-30,15,5,5,7,10,71.43,71.43,80.0,48.14,13.14,1.8,49.57,3.9,1.43,7.1,7.4
PBI,2024-05-30,16,5,6,9,10,66.67,66.67,70.0,9.0,11.56,0.94,9.33,4.8,0.71,4.6,7.7
PBI,2024-05-30,17,5,5,5,8,80.0,80.0,87.5,4.4,11.0,0.26,4.2,4.5,1.86,4.13,6.5
PBI,2024-05-30,18,6,7,6,13,83.33,83.33,61.54,6.33,12.33,0.85,6.5,6.54,0.6,7.38,21.31
PBI,2024-05-30,19,6,3,6,5,83.33,66.67,60.0,8.0,13.5,2.57,9.67,0.2,0.12,1.4,23.0
PBI,2024-05-30,20,4,1,4,3,75.0,50.0,66.67,20.75,11.0,0.63,20.75,2.33,0.37,3.33,12.67
PBI,2024-05-30,21,0,1,1,3,100.0,100.0,100.0,0.0,11.0,0.0,0.0,2.67,0.37,2.67,0.0
PBI,2024-05-30,22,0,6,1,6,100.0,100.0,50.0,3.0,10.0,0.0,2.0,0.5,1.07,2.67,32.0
PBI,2024-05-30,23,0,7,0,6,0.0,0.0,66.67,0.0,0.0,0.0,0.0,0.83,1.92,0.0,17.83
PBI,2024-05-31,0,0,1,0,2,0.0,0.0,50.0,0.0,0.0,0.0,0.0,0.0,0.45,0.0,36.5
PBI,2024-05-31,1,0,0,0,0,0.0,0.0,0.0,0.0,0.0,0.0,0.0,0.0,0.0,0.0,0.0
PBI,2024-05-31,2,0,0,0,0,0.0,0.0,0.0,0.0,0.0,0.0,0.0,0.0,0.0,0.0,0.0
PBI,2024-05-31,4,0,0,1,0,0.0,0.0,0.0,21.0,12.0,0.8,22.0,0.0,0.0,0.0,0.0
PBI,2024-05-31,5,0,0,1,0,0.0,0.0,0.0,24.0,14.0,2.8,27.0,0.0,0.0,0.0,0.0
PBI,2024-05-31,6,4,0,6,3,100.0,100.0,33.33,0.0,12.67,1.75,0.67,1.0,0.13,3.33,23.0
PBI,2024-05-31,7,7,0,11,0,81.82,81.82,0.0,5.18,13.82,2.61,6.82,0.0,0.0,0.0,0.0
PBI,2024-05-31,8,4,3,10,7,40.0,40.0,85.71,17.1,11.9,0.73,18.0,3.0,0.31,4.43,4.71
PBI,2024-05-31,9,4,6,15,9,53.33,53.33,88.89,14.13,15.73,4.53,18.47,0.22,0.74,0.67,3.56
PBI,2024-05-31,10,4,5,11,9,72.73,54.55,66.67,9.55,16.91,6.03,14.73,2.67,1.47,4.33,13.78
PBI,2024-05-31,11,7,6,11,11,81.82,81.82,90.91,9.36,15.64,3.85,10.55,3.0,2.27,3.73,5.91
PBI,2024-05-31,12,7,7,10,7,80.0,80.0,100.0,38.9,12.9,1.84,40.2,1.29,0.33,0.0,1.29
PBI,2024-05-31,13,7,5,11,6,100.0,100.0,83.33,0.82,15.0,4.0,4.82,3.0,0.9,0.0,45.17
PBI,2024-05-31,14,4,5,7,8,57.14,57.14,50.0,19.71,13.0,1.51,21.29,2.13,0.55,3.13,32.0
PBI,2024-05-31,15,5,5,6,13,33.33,50.0,69.23,99.5,12.67,1.83,100.67,3.15,0.66,3.77,12.23
PBI,2024-05-31,16,6,6,6,15,66.67,66.67,46.67,23.33,13.0,2.08,25.17,5.07,0.61,6.33,22.2
PBI,2024-05-31,17,4,4,7,11,85.71,85.71,90.91,14.14,13.86,2.99,16.29,3.73,2.05,1.45,5.91
PBI,2024-05-31,18,5,7,8,13,87.5,87.5,69.23,4.75,12.13,0.74,5.38,1.69,0.86,2.31,14.85
PBI,2024-05-31,19,7,2,6,4,66.67,66.67,75.0,19.0,12.33,1.8,19.83,1.0,0.58,1.5,5.5
PBI,2024-05-31,20,3,3,6,5,66.67,66.67,40.0,22.17,14.17,2.87,24.67,2.2,2.5,3.8,26.0
PBI,2024-05-31,21,1,1,2,4,100.0,100.0,75.0,0.0,11.0,0.0,0.0,7.75,0.58,7.25,10.0
PBI,2024-05-31,22,0,6,2,7,100.0,100.0,57.14,0.0,10.5,0.0,0.0,1.0,1.33,2.0,20.14
PBI,2024-05-31,23,0,7,1,7,100.0,100.0,71.43,0.0,11.0,0.0,0.0,0.14,0.5,0.0,29.71
PBI,2024-06-01,0,0,1,0,1,0.0,0.0,0.0,0.0,0.0,0.0,0.0,0.0,0.0,2.0,27.0
PBI,2024-06-01,2,0,0,0,1,0.0,0.0,100.0,0.0,0.0,0.0,0.0,0.0,0.2,0.0,0.0
PBI,2024-06-01,5,0,0,0,0,0.0,0.0,0.0,0.0,0.0,0.0,0.0,0.0,0.0,0.0,0.0
PBI,2024-06-01,6,4,0,4,1,100.0,100.0,0.0,0.0,11.25,1.07,0.0,0.0,0.2,0.0,28.0
PBI,2024-06-01,7,7,0,11,1,72.73,72.73,100.0,6.64,12.0,1.12,7.36,0.0,0.0,0.0,0.0
PBI,2024-06-01,8,4,1,10,2,70.0,70.0,50.0,6.5,12.2,1.32,7.6,4.0,0.1,5.5,24.0
PBI,2024-06-01,9,3,6,6,8,66.67,66.67,87.5,9.5,12.33,1.1,10.67,1.75,0.59,2.0,5.0
PBI,2024-06-01,10,3,7,7,11,42.86,42.86,72.73,20.57,13.43,2.21,22.29,5.09,0.32,4.36,11.0
PBI,2024-06-01,11,9,6,16,10,68.75,68.75,60.0,11.56,15.19,4.07,14.5,3.3,0.38,5.3,32.8
PBI,2024-06-01,12,5,4,10,8,80.0,60.0,62.5,12.4,17.6,6.13,17.8,2.38,0.46,4.38,11.5
PBI,2024-06-01,13,6,5,13,6,38.46,38.46,100.0,33.92,12.62,1.33,35.31,2.83,0.47,3.67,2.67
PBI,2024-06-01,14,3,5,4,6,50.0,50.0,100.0,18.75,12.25,0.9,19.75,1.5,0.67,2.33,2.0
PBI,2024-06-01,15,7,6,8,8,62.5,62.5,62.5,14.75,13.75,2.53,16.25,1.0,0.5,2.13,28.88
PBI,2024-06-01,16,6,5,7,8,71.43,71.43,50.0,35.71,11.43,1.24,35.43,1.13,1.04,1.25,28.88
PBI,2024-06-01,17,3,2,4,6,100.0,100.0,100.0,0.0,12.5,0.92,0.0,1.0,1.37,0.67,0.83
PBI,2024-06-01,18,4,8,6,10,83.33,83.33,80.0,12.5,11.83,0.85,12.83,1.8,1.62,2.5,17.5
PBI,2024-06-01,19,5,2,5,5,60.0,60.0,20.0,34.0,13.8,2.76,35.8,3.8,0.04,9.0,33.0
PBI,2024-06-01,20,3,2,3,3,33.33,33.33,33.33,25.0,13.67,2.4,27.33,3.67,0.37,4.0,30.0
PBI,2024-06-01,21,0,2,0,2,0.0,0.0,100.0,0.0,0.0,0.0,0.0,0.5,0.8,0.0,0.0
PBI,2024-06-01,22,0,3,0,3,0.0,0.0,66.67,0.0,0.0,0.0,0.0,0.0,0.9,0.0,12.0
PBI,2024-06-01,23,0,7,0,8,0.0,0.0,62.5,0.0,0.0,0.0,0.0,1.13,1.07,1.13,27.5
PBI,2024-06-02,0,0,1,0,1,0.0,0.0,100.0,0.0,0.0,0.0,0.0,1.0,0.0,0.0,0.0
PBI,2024-06-02,1,0,0,0,0,0.0,0.0,0.0,0.0,0.0,0.0,0.0,0.0,0.0,0.0,0.0
PBI,2024-06-02,4,0,0,0,1,0.0,0.0,0.0,0.0,0.0,0.0,0.0,0.0,0.2,0.0,51.0
PBI,2024-06-02,5,0,0,0,0,0.0,0.0,0.0,0.0,0.0,0.0,0.0,0.0,0.0,0.0,0.0
PBI,2024-06-02,6,3,0,4,0,75.0,75.0,0.0,8.75,12.0,0.98,8.5,0.0,0.0,0.0,0.0
PBI,2024-06-02,7,8,0,12,0,83.33,83.33,0.0,5.5,12.08,1.94,7.33,0.0,0.0,0.0,0.0
PBI,2024-06-02,8,4,4,9,6,55.56,44.44,83.33,29.67,13.11,2.21,31.78,6.33,0.07,6.67,11.0
PBI,2024-06-02,9,4,4,13,6,61.54,61.54,83.33,12.08,13.69,2.69,14.77,1.5,1.25,2.5,4.67
PBI,2024-06-02,10,4,7,9,12,88.89,88.89,83.33,2.78,12.33,1.52,4.22,0.92,0.73,1.42,7.42
PBI,2024-06-02,11,9,7,13,11,76.92,76.92,72.73,14.77,12.77,2.07,16.15,1.73,0.57,2.73,11.45
PBI,2024-06-02,12,6,6,11,10,54.55,45.45,50.0,14.55,15.91,4.37,17.82,2.2,0.19,5.0,17.0
PBI,2024-06-02,13,7,6,12,9,75.0,66.67,77.78,6.67,15.08,3.97,10.5,2.33,0.7,4.22,13.0
PBI,2024-06-02,14,6,5,9,12,66.67,66.67,41.67,18.11,13.78,2.56,20.0,6.5,0.6,9.75,37.75
PBI,2024-06-02,15,4,5,7,8,42.86,42.86,62.5,15.71,13.14,1.97,16.71,3.75,0.71,2.5,27.13
PBI,2024-06-02,16,5,4,9,10,77.78,77.78,90.0,9.22,11.22,0.58,9.33,4.3,1.1,2.4,4.6
PBI,2024-06-02,17,3,5,4,12,50.0,50.0,41.67,38.5,11.25,0.2,38.5,3.17,1.21,10.33,37.5
PBI,2024-06-02,18,6,7,8,11,87.5,75.0,90.91,19.13,13.38,2.63,20.63,1.18,0.95,2.27,2.18
PBI,2024-06-02,19,6,3,6,5,83.33,66.67,80.0,23.83,11.5,2.13,23.33,0.4,0.48,1.8,3.6
PBI,2024-06-02,20,4,1,5,5,100.0,100.0,100.0,0.0,11.0,0.0,0.0,3.8,1.08,4.2,1.6
PBI,2024-06-02,21,0,1,1,2,100.0,100.0,100.0,0.0,11.0,0.0,0.0,7.5,1.9,7.5,2.5
PBI,2024-06-02,22,0,8,0,8,0.0,0.0,75.0,0.0,0.0,0.0,0.0,1.13,0.44,5.13,13.88
PBI,2024-06-02,23,0,5,1,6,100.0,100.0,66.67,0.0,12.0,0.8,1.0,0.67,1.28,1.33,42.33
PBI,2024-06-03,0,0,1,0,1,0.0,0.0,100.0,0.0,0.0,0.0,0.0,0.0,0.0,0.0,1.0
PBI,2024-06-03,3,0,0,0,0,0.0,0.0,0.0,0.0,0.0,0.0,0.0,0.0,0.0,0.0,0.0
PBI,2024-06-03,6,4,0,6,0,83.33,83.33,0.0,7.67,11.17,0.65,7.83,0.0,0.0,0.0,0.0
PBI,2024-06-03,7,7,0,9,1,66.67,66.67,0.0,22.0,16.22,5.31,26.78,8.0,0.2,15.0,15.0
PBI,2024-06-03,8,4,3,11,3,81.82,63.64,100.0,3.64,23.36,12.22,15.0,0.0,0.97,0.0,0.0
PBI,2024-06-03,9,4,5,8,7,75.0,50.0,85.71,8.63,21.13,10.16,18.25,3.29,1.0,4.86,11.14
PBI,2024-06-03,10,4,6,11,9,81.82,27.27,88.89,9.82,25.0,13.98,22.91,7.22,1.01,5.11,4.44
PBI,2024-06-03,11,6,6,12,14,83.33,66.67,78.57,8.0,17.42,5.93,13.75,4.5,0.78,3.71,9.07
PBI,2024-06-03,12,8,7,16,10,62.5,56.25,50.0,12.13,15.19,4.02,15.38,3.2,0.29,3.9,26.4
PBI,2024-06-03,13,7,4,11,12,54.55,54.55,66.67,28.18,12.73,1.7,29.73,4.83,0.33,3.33,29.0
PBI,2024-06-03,14,3,6,5,12,40.0,40.0,58.33,51.2,15.6,3.9,54.2,4.5,0.98,4.92,46.17
PBI,2024-06-03,15,6,5,7,12,42.86,42.86,75.0,87.86,12.71,1.6,88.43,3.08,0.98,4.67,6.92
PBI,2024-06-03,16,6,6,7,16,85.71,85.71,50.0,15.29,10.71,0.8,15.86,0.56,0.79,2.13,20.13
PBI,2024-06-03,17,4,4,5,8,80.0,80.0,62.5,7.6,9.8,0.0,7.4,4.0,0.86,3.75,13.13
PBI,2024-06-03,18,5,7,11,11,63.64,63.64,72.73,14.0,13.09,1.67,15.36,2.91,1.7,3.18,10.18
PBI,2024-06-03,19,7,3,12,5,83.33,83.33,100.0,11.08,11.0,0.28,11.0,6.6,1.56,0.2,2.6
PBI,2024-06-03,20,3,2,3,4,66.67,66.67,75.0,6.67,10.33,0.0,6.0,3.0,1.05,4.0,27.25
PBI,2024-06-03,21,1,1,4,2,50.0,50.0,100.0,38.5,11.5,0.4,39.0,27.5,0.1,3.5,0.0
PBI,2024-06-03,22,0,6,1,6,100.0,100.0,66.67,0.0,12.0,0.8,0.0,0.83,0.5,0.0,15.17
PBI,2024-06-03,23,0,7,0,8,0.0,0.0,50.0,0.0,0.0,0.0,0.0,4.63,0.8,4.5,28.75
PBI,2024-06-04,0,0,1,0,1,0.0,0.0,100.0,0.0,0.0,0.0,0.0,4.0,0.6,0.0,0.0
PBI,2024-06-04,1,0,0,0,1,0.0,0.0,100.0,0.0,0.0,0.0,0.0,1.0,0.2,4.0,0.0
PBI,2024-06-04,6,3,0,4,2,75.0,75.0,50.0,9.5,10.75,0.48,9.25,0.0,0.1,0.0,13.0
PBI,2024-06-04,7,8,0,20,1,65.0,55.0,0.0,9.85,14.5,3.63,13.2,0.0,0.2,2.0,67.0
PBI,2024-06-04,8,4,4,13,5,61.54,53.85,80.0,15.69,14.15,3.36,18.15,1.4,0.18,2.4,13.2
PBI,2024-06-04,9,5,4,12,6,50.0,50.0,83.33,17.92,10.92,0.79,18.17,1.83,0.55,2.0,5.17
PBI,2024-06-04,10,3,7,13,13,46.15,46.15,69.23,21.23,12.38,1.56,22.77,2.0,1.18,3.15,10.85
PBI,2024-06-04,11,8,6,11,9,90.91,90.91,55.56,3.91,15.0,3.71,6.55,1.56,1.13,2.56,61.0
PBI,2024-06-04,12,6,4,9,6,66.67,66.67,66.67,22.44,11.22,0.49,22.78,28.17,0.52,29.17,41.33
PBI,2024-06-04,13,6,5,9,6,77.78,77.78,100.0,7.56,13.56,2.44,10.0,2.0,0.58,1.33,1.0
PBI,2024-06-04,14,3,5,7,10,85.71,85.71,70.0,5.14,13.0,1.6,6.71,1.4,0.64,2.2,9.3
PBI,2024-06-04,15,5,6,8,9,75.0,75.0,66.67,10.88,11.5,0.94,11.25,1.56,0.14,3.33,16.56
PBI,2024-06-04,16,6,4,9,7,77.78,77.78,100.0,6.89,10.11,0.11,6.22,1.43,0.83,0.0,2.71
PBI,2024-06-04,17,3,6,4,12,75.0,75.0,91.67,8.5,10.75,0.33,8.0,1.58,1.35,1.75,2.17
PBI,2024-06-04,18,6,6,6,8,100.0,100.0,62.5,2.67,12.0,1.85,2.83,0.0,1.31,7.25,14.38
PBI,2024-06-04,19,5,2,5,7,60.0,60.0,57.14,16.4,11.0,0.28,15.2,1.71,0.91,6.71,33.29
PBI,2024-06-04,20,3,1,3,2,100.0,100.0,50.0,0.0,12.67,1.53,0.0,0.5,0.9,0.5,10.0
PBI,2024-06-04,21,0,1,4,1,100.0,100.0,100.0,0.0,11.25,0.4,0.25,1.0,1.6,3.0,6.0
PBI,2024-06-04,22,0,6,1,5,100.0,100.0,80.0,0.0,11.0,0.0,0.0,0.8,0.3,0.0,3.2
PBI,2024-06-04,23,0,5,0,6,0.0,0.0,50.0,0.0,0.0,0.0,0.0,33.83,0.38,35.83,40.17
PBI,2024-06-05,0,0,2,0,1,0.0,0.0,0.0,0.0,0.0,0.0,0.0,0.0,2.6,0.0,18.0
PBI,2024-06-05,3,0,0,0,1,0.0,0.0,100.0,0.0,0.0,0.0,0.0,0.0,1.2,6.0,0.0
PBI,2024-06-05,5,0,0,1,0,100.0,100.0,0.0,0.0,11.0,0.0,0.0,0.0,0.0,0.0,0.0
PBI,2024-06-05,6,5,0,6,2,100.0,100.0,0.0,0.0,13.33,2.3,1.5,0.0,0.0,0.0,20.5
PBI,2024-06-05,7,6,0,10,0,80.0,80.0,0.0,5.8,13.1,2.01,6.9,0.0,0.0,0.0,0.0
PBI,2024-06-05,8,3,4,8,8,62.5,62.5,50.0,13.88,11.75,0.56,14.25,2.75,0.96,3.63,14.0
PBI,2024-06-05,9,5,5,10,4,60.0,60.0,100.0,16.3,11.8,1.59,17.3,2.25,1.27,0.0,2.5
PBI,2024-06-05,10,4,7,12,9,50.0,50.0,88.89,37.58,10.92,0.07,37.58,1.22,0.87,0.33,2.89
PBI,2024-06-05,11,8,3,13,7,69.23,69.23,71.43,17.38,12.62,1.57,18.38,3.43,0.43,4.29,14.0
PBI,2024-06-05,12,3,4,5,9,80.0,80.0,55.56,5.8,14.2,2.46,7.8,3.22,0.92,5.0,24.78
PBI,2024-06-05,13,5,6,11,16,54.55,45.45,56.25,25.27,18.82,7.48,31.36,5.44,0.38,4.88,18.69
PBI,2024-06-05,14,6,5,9,11,66.67,55.56,54.55,29.0,15.0,3.88,32.56,5.64,0.4,5.27,15.64
PBI,2024-06-05,15,4,5,5,7,60.0,60.0,100.0,48.4,12.0,1.02,49.2,2.43,0.47,3.86,3.86
PBI,2024-06-05,16,4,2,7,6,57.14,57.14,50.0,44.71,14.71,3.8,47.43,3.67,0.38,8.17,35.83
PBI,2024-06-05,17,3,4,3,11,66.67,33.33,54.55,30.0,21.0,9.2,39.0,2.45,1.07,4.55,17.09
PBI,2024-06-05,18,5,8,8,14,50.0,50.0,64.29,23.75,16.13,4.86,28.38,4.5,0.52,5.71,28.0
PBI,2024-06-05,19,7,2,8,5,25.0,12.5,80.0,76.0,16.38,4.95,80.63,0.8,0.36,2.4,15.6
PBI,2024-06-05,20,2,1,4,3,50.0,50.0,33.33,51.5,12.25,1.4,52.75,0.0,1.33,4.33,23.0
PBI,2024-06-05,21,0,2,2,4,100.0,100.0,75.0,0.0,14.0,3.4,3.5,2.25,1.05,2.75,7.75
PBI,2024-06-05,22,0,5,1,6,100.0,100.0,50.0,0.0,10.0,0.0,0.0,0.33,0.53,0.0,71.33
PBI,2024-06-05,23,0,5,0,4,0.0,0.0,50.0,0.0,0.0,0.0,0.0,0.25,1.88,7.5,30.5
PBI,2024-06-06,0,0,2,0,2,0.0,0.0,50.0,0.0,0.0,0.0,0.0,2.0,0.75,1.5,62.5
PBI,2024-06-06,2,0,0,0,0,0.0,0.0,0.0,0.0,0.0,0.0,0.0,0.0,0.0,0.0,0.0
PBI,2024-06-06,5,0,0,1,0,0.0,0.0,0.0,89.0,13.0,1.8,91.0,0.0,0.0,0.0,0.0
PBI,2024-06-06,6,4,0,3,3,100.0,100.0,0.0,0.0,17.0,5.73,3.33,1.0,0.4,3.33,25.67
PBI,2024-06-06,7,8,0,15,1,66.67,66.67,0.0,9.67,14.4,3.52,12.33,5.0,1.2,7.0,17.0
PBI,2024-06-06,8,2,4,7,5,42.86,42.86,60.0,23.29,16.14,5.04,25.0,1.0,0.76,4.6,34.0
PBI,2024-06-06,9,6,7,12,9,58.33,50.0,77.78,14.75,13.67,2.96,17.17,0.67,1.93,2.44,11.78
PBI,2024-06-06,10,6,8,12,12,58.33,58.33,83.33,13.58,14.5,3.4,16.58,1.0,2.98,1.75,6.08
PBI,2024-06-06,11,8,2,16,6,68.75,68.75,66.67,10.44,14.63,3.37,12.63,6.67,2.8,7.17,9.0
PBI,2024-06-06,12,2,6,6,12,66.67,66.67,75.0,8.17,17.17,5.53,13.67,2.08,0.89,2.58,9.67
PBI,2024-06-06,13,7,6,13,14,53.85,53.85,57.14,18.85,12.62,1.82,20.62,7.29,1.52,3.71,29.0
PBI,2024-06-06,14,6,6,10,7,60.0,50.0,71.43,37.3,16.8,5.7,42.0,0.57,0.94,0.0,8.43
PBI,2024-06-06,15,5,4,12,9,58.33,50.0,88.89,15.67,16.92,5.69,20.5,5.56,1.48,5.89,7.11
PBI,2024-06-06,16,3,4,8,6,62.5,62.5,100.0,13.13,14.38,3.2,15.5,0.0,0.08,0.0,0.83
PBI,2024-06-06,17,4,4,7,8,71.43,71.43,50.0,5.14,14.14,2.9,7.71,3.63,1.22,6.13,18.25
PBI,2024-06-06,18,5,7,8,10,50.0,50.0,70.0,20.5,12.0,1.0,21.0,11.3,0.84,8.1,28.7
PBI,2024-06-06,19,6,3,9,7,77.78,55.56,57.14,16.67,18.22,7.08,22.56,9.14,1.4,11.43,46.57
PBI,2024-06-06,20,4,1,5,8,40.0,40.0,62.5,61.2,17.6,6.6,67.8,3.75,2.5,7.5,11.63
PBI,2024-06-06,21,0,2,3,4,100.0,100.0,25.0,0.0,13.67,2.6,0.0,1.25,0.88,3.0,37.75
PBI,2024-06-06,22,0,5,1,7,100.0,100.0,42.86,0.0,14.0,2.8,0.0,4.0,0.6,9.14,30.86
PBI,2024-06-06,23,0,5,0,5,0.0,0.0,20.0,0.0,0.0,0.0,0.0,2.4,1.82,2.8,56.8
PBI,2024-06-07,0,0,2,0,2,0.0,0.0,50.0,0.0,0.0,0.0,0.0,0.0,1.25,0.0,105.0
PBI,2024-06-07,2,0,0,0,0,0.0,0.0,0.0,0.0,0.0,0.0,0.0,0.0,0.0,0.0,0.0
PBI,2024-06-07,3,0,0,0,0,0.0,0.0,0.0,0.0,0.0,0.0,0.0,0.0,0.0,0.0,0.0
PBI,2024-06-07,5,0,0,0,0,0.0,0.0,0.0,0.0,0.0,0.0,0.0,0.0,0.0,0.0,0.0
PBI,2024-06-07,6,4,0,6,4,100.0,100.0,50.0,0.0,12.5,1.37,0.0,0.5,0.6,2.75,26.5
PBI,2024-06-07,7,8,0,10,1,80.0,80.0,100.0,6.4,11.3,0.6,6.7,0.0,1.2,0.0,0.0
PBI,2024-06-07,8,2,5,9,5,55.56,55.56,100.0,11.22,11.78,0.53,11.44,0.0,0.04,0.0,0.0
PBI,2024-06-07,9,5,6,9,10,66.67,66.67,50.0,12.67,11.44,1.03,13.22,2.8,2.5,8.1,41.3
PBI,2024-06-07,10,6,6,15,14,60.0,60.0,64.29,26.47,12.47,1.3,27.73,2.86,1.11,3.43,10.29
PBI,2024-06-07,11,7,1,14,6,64.29,64.29,50.0,17.21,12.14,0.97,17.79,3.17,0.93,6.83,17.67
PBI,2024-06-07,12,2,8,10,13,40.0,40.0,69.23,15.9,12.2,1.04,16.9,2.77,1.32,3.0,30.69
PBI,2024-06-07,13,8,5,12,7,66.67,66.67,85.71,29.75,13.08,1.98,31.5,0.71,0.96,1.14,13.43
PBI,2024-06-07,14,4,5,8,12,75.0,62.5,50.0,12.88,14.25,3.09,15.63,3.08,1.23,7.92,17.67
PBI,2024-06-07,15,5,3,10,6,50.0,50.0,83.33,33.1,11.5,0.63,33.6,11.5,1.1,10.0,8.0
PBI,2024-06-07,16,4,4,4,9,0.0,0.0,11.11,58.25,13.25,2.0,60.0,13.56,1.23,16.22,47.44
PBI,2024-06-07,17,2,2,3,7,0.0,0.0,71.43,33.67,11.0,0.57,33.33,3.71,0.71,3.71,11.57
PBI,2024-06-07,18,3,8,3,15,33.33,33.33,80.0,88.0,10.33,0.3,86.67,2.47,1.24,3.6,8.73
PBI,2024-06-07,19,10,4,11,8,81.82,81.82,37.5,6.45,14.36,2.88,8.45,2.13,1.55,4.38,23.25
PBI,2024-06-07,20,2,2,2,2,50.0,50.0,50.0,120.0,10.5,0.45,119.0,0.5,2.4,1.0,21.5
PBI,2024-06-07,21,1,1,1,2,100.0,100.0,100.0,1.0,11.0,0.0,1.0,3.0,2.35,2.0,0.0
PBI,2024-06-07,22,0,6,2,7,100.0,100.0,42.86,0.0,10.5,0.9,0.0,4.29,1.26,3.0,35.0
PBI,2024-06-07,23,0,5,0,6,0.0,0.0,66.67,0.0,0.0,0.0,0.0,0.83,3.32,3.33,22.33
PBI,2024-06-08,0,0,2,0,2,0.0,0.0,100.0,0.0,0.0,0.0,0.0,0.0,1.55,0.0,5.5
PBI,2024-06-08,6,5,0,5,2,100.0,100.0,100.0,0.0,13.6,2.72,0.0,0.0,1.2,0.5,0.0
PBI,2024-06-08,7,7,0,8,3,100.0,100.0,33.33,0.0,13.25,2.76,1.88,5.33,0.87,9.0,15.0
PBI,2024-06-08,8,2,2,11,5,45.45,45.45,60.0,18.09,12.45,1.21,19.36,4.8,0.88,6.2,14.6
PBI,2024-06-08,9,4,7,9,10,66.67,66.67,90.0,50.33,13.0,1.97,51.89,2.1,1.39,2.6,2.8
PBI,2024-06-08,10,6,6,13,7,76.92,76.92,85.71,6.23,15.0,4.02,9.77,1.14,1.43,4.14,8.86
PBI,2024-06-08,11,6,4,14,7,71.43,78.57,71.43,9.14,13.0,2.21,10.86,3.86,0.89,3.86,7.29
PBI,2024-06-08,12,2,4,7,6,57.14,57.14,83.33,10.57,16.57,5.71,16.43,1.33,0.73,1.83,8.5
PBI,2024-06-08,13,7,4,12,7,83.33,66.67,71.43,23.67,16.25,5.12,28.75,1.43,2.99,3.57,7.43
PBI,2024-06-08,14,3,7,5,14,20.0,20.0,42.86,43.6,12.4,1.1,44.2,2.57,10.39,8.64,31.5
PBI,2024-06-08,15,8,4,9,8,55.56,55.56,62.5,26.89,12.0,0.87,27.33,3.5,1.22,4.0,26.38
PBI,2024-06-08,16,3,3,6,4,83.33,83.33,75.0,5.67,13.5,2.27,8.0,0.5,1.02,4.75,16.0
PBI,2024-06-08,17,2,2,3,9,66.67,66.67,88.89,24.0,14.0,2.8,24.0,3.67,0.89,1.89,5.0
PBI,2024-06-08,18,4,7,8,9,87.5,87.5,77.78,2.0,12.38,1.7,3.75,8.56,1.16,4.44,7.44
PBI,2024-06-08,19,6,3,7,5,71.43,71.43,80.0,6.86,13.29,2.34,8.29,0.0,0.84,0.4,12.6
PBI,2024-06-08,20,2,1,4,2,75.0,75.0,100.0,4.25,13.0,2.9,7.25,2.0,0.1,0.0,0.0
PBI,2024-06-08,21,0,0,2,0,50.0,50.0,0.0,22.0,11.5,0.4,22.5,0.0,0.0,0.0,0.0
PBI,2024-06-08,22,0,5,0,6,0.0,0.0,83.33,0.0,0.0,0.0,0.0,1.5,0.45,0.0,11.0
PBI,2024-06-08,23,0,6,0,6,0.0,0.0,100.0,0.0,0.0,0.0,0.0,0.67,1.62,0.0,0.0
PBI,2024-06-09,0,0,2,0,3,0.0,0.0,100.0,0.0,0.0,0.0,0.0,1.67,1.1,2.33,0.0
PBI,2024-06-09,5,1,0,1,0,100.0,100.0,0.0,0.0,10.0,1.0,0.0,0.0,0.0,0.0,0.0
PBI,2024-06-09,6,4,0,5,0,80.0,80.0,0.0,4.0,11.4,0.66,4.0,0.0,0.0,0.0,0.0
PBI,2024-06-09,7,7,0,8,0,87.5,87.5,0.0,4.38,11.75,1.49,4.13,0.0,0.0,0.0,0.0
PBI,2024-06-09,8,2,5,5,6,80.0,80.0,83.33,6.8,11.0,0.52,7.4,1.17,1.68,1.83,4.67
PBI,2024-06-09,9,4,8,9,9,77.78,77.78,100.0,8.0,13.67,2.61,10.67,0.44,1.01,0.0,0.33
PBI,2024-06-09,10,9,6,15,10,80.0,80.0,80.0,4.47,12.87,2.09,5.93,5.3,0.55,5.9,8.3
PBI,2024-06-09,11,7,2,16,3,62.5,68.75,100.0,10.56,14.31,3.37,13.44,1.67,1.33,0.67,0.33
PBI,2024-06-09,12,2,7,3,8,66.67,66.67,62.5,8.67,17.0,5.3,9.67,2.75,0.44,2.25,24.25
PBI,2024-06-09,13,8,5,12,8,66.67,66.67,62.5,13.17,13.5,2.57,15.25,4.0,0.19,4.88,12.5
PBI,2024-06-09,14,6,6,8,7,87.5,87.5,100.0,19.13,12.25,1.46,20.13,2.0,1.5,0.0,0.29
PBI,2024-06-09,15,4,4,7,8,85.71,85.71,62.5,18.71,11.71,0.36,18.57,0.63,0.79,2.0,17.63
PBI,2024-06-09,16,4,4,4,12,75.0,75.0,58.33,15.5,10.0,0.0,14.75,6.92,0.71,7.92,20.83
PBI,2024-06-09,17,3,3,6,7,83.33,83.33,71.43,14.67,15.17,4.38,18.5,2.43,1.17,3.71,10.14
PBI,2024-06-09,18,4,6,4,8,75.0,75.0,87.5,16.75,11.5,1.02,17.0,1.88,0.63,3.63,7.38
PBI,2024-06-09,19,7,4,8,11,62.5,62.5,36.36,37.25,16.25,4.93,40.88,1.45,0.85,3.64,49.91
PBI,2024-06-09,20,3,1,3,4,66.67,66.67,75.0,12.33,10.67,0.0,12.33,1.5,0.8,3.5,29.0
PBI,2024-06-09,21,0,1,2,2,50.0,50.0,50.0,27.5,11.5,0.4,28.0,3.0,1.35,9.5,34.5
PBI,2024-06-09,22,0,6,0,6,0.0,0.0,100.0,0.0,0.0,0.0,0.0,0.83,1.18,0.0,3.0
PBI,2024-06-09,23,0,5,0,6,0.0,0.0,83.33,0.0,0.0,0.0,0.0,1.17,2.15,0.5,20.83
PBI,2024-06-10,0,0,2,0,2,0.0,0.0,0.0,0.0,0.0,0.0,0.0,0.0,1.55,0.0,64.0
PBI,2024-06-10,1,0,0,0,0,0.0,0.0,0.0,0.0,0.0,0.0,0.0,0.0,0.0,0.0,0.0
PBI,2024-06-10,2,0,0,0,0,0.0,0.0,0.0,0.0,0.0,0.0,0.0,0.0,0.0,0.0,0.0
PBI,2024-06-10,6,4,0,6,0,66.67,66.67,0.0,6.67,11.67,1.08,7.83,0.0,0.0,0.0,0.0
PBI,2024-06-10,7,8,1,10,1,80.0,80.0,100.0,4.2,12.2,1.44,4.3,0.0,1.2,7.0,8.0
PBI,2024-06-10,8,3,4,10,4,70.0,70.0,100.0,14.6,13.9,2.6,17.2,0.0,0.3,5.5,3.25
PBI,2024-06-10,9,4,6,4,9,100.0,75.0,100.0,2.25,13.75,3.53,4.75,3.67,1.53,2.22,2.0
PBI,2024-06-10,10,6,6,12,12,83.33,83.33,83.33,4.75,13.83,2.74,6.58,1.92,0.63,2.25,6.25
PBI,2024-06-10,11,6,1,9,10,77.78,66.67,50.0,9.78,14.0,2.52,12.0,7.1,1.94,9.7,15.7
PBI,2024-06-10,12,3,8,7,13,71.43,71.43,84.62,13.14,12.71,2.01,14.29,3.15,1.08,5.08,7.0
PBI,2024-06-10,13,8,5,12,10,75.0,75.0,70.0,5.83,14.67,3.84,9.0,3.5,0.93,5.0,14.0
PBI,2024-06-10,14,4,5,8,9,62.5,62.5,66.67,26.63,14.75,3.56,29.38,3.67,0.53,3.89,11.22
PBI,2024-06-10,15,5,4,7,9,71.43,71.43,88.89,9.71,14.0,2.77,12.29,2.22,1.13,4.33,10.56
PBI,2024-06-10,16,4,3,11,6,72.73,72.73,66.67,7.36,13.82,2.74,9.82,5.33,1.42,5.83,9.67
PBI,2024-06-10,17,2,2,4,3,50.0,50.0,100.0,13.5,11.25,0.8,13.5,5.67,3.33,7.67,2.0
PBI,2024-06-10,18,3,8,4,9,100.0,100.0,66.67,2.5,11.75,0.68,2.25,1.89,1.94,6.67,21.44
PBI,2024-06-10,19,9,4,9,5,55.56,55.56,40.0,28.56,15.22,4.26,31.67,10.8,1.76,13.8,67.4
PBI,2024-06-10,20,3,2,3,6,33.33,33.33,66.67,70.33,9.33,0.0,68.67,3.67,2.1,6.83,25.33
PBI,2024-06-10,21,1,1,2,4,50.0,50.0,50.0,159.5,11.0,0.9,160.5,4.0,1.02,6.5,26.5
PBI,2024-06-10,22,0,6,2,9,100.0,100.0,77.78,0.0,10.5,0.0,0.0,4.67,1.71,7.56,12.67
PBI,2024-06-10,23,0,5,0,6,0.0,0.0,50.0,0.0,0.0,0.0,0.0,1.5,1.48,0.33,22.0
PBI,2024-06-11,0,0,2,0,2,0.0,0.0,50.0,0.0,0.0,0.0,0.0,2.5,1.05,0.5,23.5
PBI,2024-06-11,1,0,0,0,0,0.0,0.0,0.0,0.0,0.0,0.0,0.0,0.0,0.0,0.0,0.0
PBI,2024-06-11,2,0,0,0,0,0.0,0.0,0.0,0.0,0.0,0.0,0.0,0.0,0.0,0.0,0.0
PBI,2024-06-11,6,4,0,4,3,50.0,25.0,0.0,18.5,19.75,8.55,24.5,4.33,4.53,10.33,26.33
PBI,2024-06-11,7,8,1,11,2,63.64,63.64,50.0,24.64,18.45,7.51,30.64,3.5,1.2,28.5,19.5
PBI,2024-06-11,8,3,4,10,5,50.0,40.0,100.0,14.0,15.8,4.55,18.3,1.0,1.22,1.0,0.0
PBI,2024-06-11,9,4,6,10,9,70.0,50.0,88.89,32.9,29.8,18.8,50.7,4.22,1.46,12.78,4.78
PBI,2024-06-11,10,6,7,14,11,57.14,0.0,36.36,35.43,52.29,40.91,75.43,25.09,1.93,35.09,57.09
PBI,2024-06-11,11,8,1,10,1,30.0,0.0,0.0,62.4,28.3,16.97,79.3,35.0,2.6,35.0,31.0
PBI,2024-06-11,12,1,5,4,7,75.0,75.0,57.14,5.5,14.5,3.03,8.5,2.14,0.93,5.14,17.71
PBI,2024-06-11,13,6,5,8,10,37.5,50.0,50.0,20.88,11.75,1.03,21.38,5.5,0.71,3.5,26.5
PBI,2024-06-11,14,4,6,6,10,66.67,66.67,50.0,30.5,11.67,0.78,30.67,6.9,0.83,8.1,41.7
PBI,2024-06-11,15,5,5,9,7,44.44,44.44,71.43,41.44,14.33,2.93,43.89,4.0,2.93,5.57,17.0
PBI,2024-06-11,16,6,3,10,8,50.0,50.0,50.0,27.2,13.3,2.39,28.9,4.88,0.71,7.38,25.75
PBI,2024-06-11,17,2,4,4,6,25.0,25.0,16.67,37.25,11.5,1.27,37.75,4.67,1.65,7.5,59.33
PBI,2024-06-11,18,4,6,4,10,0.0,0.0,10.0,63.5,10.25,0.0,62.75,4.7,1.62,7.4,82.2
PBI,2024-06-11,19,6,3,11,5,18.18,18.18,0.0,63.09,14.36,2.95,65.91,3.6,2.68,8.2,72.8
PBI,2024-06-11,20,3,1,1,3,0.0,0.0,33.33,27.0,9.0,0.0,25.0,2.0,4.33,4.67,36.67
PBI,2024-06-11,21,0,1,1,1,0.0,0.0,0.0,22.0,15.0,3.8,26.0,0.0,1.5,0.0,32.0
PBI,2024-06-11,22,0,5,2,6,50.0,50.0,50.0,14.5,11.5,1.15,15.5,1.17,1.35,0.0,24.17
PBI,2024-06-11,23,0,5,0,5,0.0,0.0,40.0,0.0,0.0,0.0,0.0,1.2,1.54,0.0,26.0
PBI,2024-06-12,0,0,2,0,4,0.0,0.0,50.0,0.0,0.0,0.0,0.0,3.25,1.63,6.5,22.0
PBI,2024-06-12,1,0,0,0,0,0.0,0.0,0.0,0.0,0.0,0.0,0.0,0.0,0.0,0.0,0.0
PBI,2024-06-12,6,4,0,5,2,80.0,40.0,0.0,69.0,20.4,9.6,78.2,1.5,1.2,4.0,16.5
PBI,2024-06-12,7,8,1,9,1,44.44,11.11,100.0,118.11,66.11,55.39,172.11,10.0,1.2,4.0,0.0
PBI,2024-06-12,8,3,4,6,6,33.33,16.67,66.67,103.67,39.83,28.4,132.17,7.33,0.6,6.83,11.67
PBI,2024-06-12,9,4,6,7,6,42.86,0.0,83.33,63.86,45.57,34.76,97.71,6.67,1.48,3.17,6.0
PBI,2024-06-12,10,6,6,9,8,22.22,22.22,25.0,116.11,14.33,3.16,119.11,116.38,1.92,124.88,137.25
PBI,2024-06-12,11,7,1,7,4,28.57,14.29,0.0,148.14,19.71,8.79,156.57,44.0,1.45,38.75,120.25
PBI,2024-06-12,12,1,5,1,4,100.0,100.0,25.0,0.0,11.0,0.0,0.0,4.75,2.05,7.75,120.25
PBI,2024-06-12,13,6,5,7,7,28.57,28.57,28.57,82.43,12.29,1.5,83.43,7.14,2.16,5.29,78.86
PBI,2024-06-12,14,4,5,5,4,40.0,40.0,50.0,37.0,12.4,1.96,38.4,5.5,1.4,6.0,110.75
PBI,2024-06-12,15,5,6,3,4,33.33,33.33,0.0,20.33,14.33,2.63,23.0,4.75,0.85,13.0,141.75
PBI,2024-06-12,16,6,2,4,4,0.0,0.0,50.0,113.75,11.0,0.92,113.75,5.25,0.88,2.0,12.25
PBI,2024-06-12,17,2,3,3,7,66.67,66.67,71.43,7.33,13.0,1.8,9.0,2.14,1.03,2.43,67.71
PBI,2024-06-12,18,4,8,6,7,83.33,83.33,57.14,51.17,12.33,1.45,52.17,5.0,1.5,3.0,52.0
PBI,2024-06-12,19,8,4,7,4,28.57,28.57,50.0,64.29,12.71,1.24,65.0,4.75,0.9,3.75,24.75
PBI,2024-06-12,20,3,1,4,2,50.0,50.0,100.0,96.25,11.75,1.2,97.0,2.5,1.4,0.0,0.0
PBI,2024-06-12,21,0,1,3,2,66.67,66.67,50.0,36.0,15.33,4.13,40.33,9.0,1.35,13.0,18.5
PBI,2024-06-12,22,0,6,1,8,100.0,100.0,25.0,0.0,11.0,0.0,0.0,6.38,2.19,12.13,58.63
PBI,2024-06-12,23,0,5,0,6,0.0,0.0,66.67,0.0,0.0,0.0,0.0,0.0,3.82,1.17,21.33
PBI,2024-06-13,0,0,2,1,3,0.0,0.0,100.0,63.0,14.0,2.8,66.0,13.33,2.43,4.0,0.67
PBI,2024-06-13,1,0,0,0,0,0.0,0.0,0.0,0.0,0.0,0.0,0.0,0.0,0.0,0.0,0.0
PBI,2024-06-13,3,0,0,0,1,0.0,0.0,100.0,0.0,0.0,0.0,0.0,0.0,1.2,6.0,1.0
PBI,2024-06-13,5,0,0,3,0,33.33,33.33,0.0,29.33,15.0,3.8,33.33,0.0,0.0,0.0,0.0
PBI,2024-06-13,6,3,0,5,3,60.0,60.0,33.33,15.8,15.0,3.98,19.6,1.33,0.8,5.0,12.33
PBI,2024-06-13,7,8,1,14,2,71.43,71.43,50.0,12.07,15.29,4.12,15.93,2.0,1.2,7.5,25.0
PBI,2024-06-13,8,4,6,9,8,77.78,77.78,75.0,8.78,11.67,0.67,8.89,1.75,2.66,3.25,7.88
PBI,2024-06-13,9,6,6,15,8,73.33,46.67,75.0,18.2,26.73,16.11,34.13,0.38,2.2,3.13,19.0
PBI,2024-06-13,10,6,6,11,10,63.64,27.27,60.0,15.82,38.36,27.03,42.64,2.9,1.57,7.9,48.3
PBI,2024-06-13,11,7,2,10,5,30.0,0.0,20.0,65.7,54.4,43.12,108.7,4.4,1.76,10.4,60.2
PBI,2024-06-13,12,2,6,5,11,40.0,20.0,36.36,81.0,29.2,18.46,98.8,3.0,0.88,4.55,59.0
PBI,2024-06-13,13,6,4,8,7,50.0,37.5,0.0,65.75,29.5,18.4,84.13,14.43,0.53,14.43,95.71
PBI,2024-06-13,14,4,6,7,8,14.29,14.29,12.5,120.0,19.14,8.24,128.0,8.5,8.75,17.13,97.75
PBI,2024-06-13,15,4,2,7,3,14.29,14.29,0.0,105.0,13.0,1.87,106.43,26.0,0.8,28.0,139.67
PBI,2024-06-13,16,4,3,5,5,0.0,0.0,20.0,108.8,12.8,2.24,110.4,7.0,1.26,14.0,71.2
PBI,2024-06-13,17,2,3,3,3,66.67,66.67,0.0,26.67,11.0,0.0,26.33,3.67,1.0,5.67,99.0
PBI,2024-06-13,18,3,9,2,8,0.0,0.0,12.5,114.5,14.5,2.55,117.0,5.38,1.38,5.38,131.25
PBI,2024-06-13,19,12,4,9,6,0.0,0.0,33.33,154.11,12.89,1.86,155.56,5.67,1.5,6.5,67.67
PBI,2024-06-13,20,2,2,2,5,50.0,50.0,60.0,30.0,13.5,2.1,31.5,4.0,0.36,6.0,27.4
PBI,2024-06-13,21,0,1,2,0,50.0,50.0,0.0,9.0,10.0,0.0,9.0,0.0,0.0,0.0,0.0
PBI,2024-06-13,22,0,5,1,5,100.0,100.0,20.0,0.0,8.0,0.0,0.0,1.0,1.74,0.0,100.4
PBI,2024-06-13,23,0,5,1,5,100.0,0.0,20.0,11.0,21.0,8.3,19.0,0.0,3.34,0.0,24.4
PBI,2024-06-14,0,0,2,0,3,0.0,0.0,0.0,0.0,0.0,0.0,0.0,2.0,1.53,10.33,46.33
PBI,2024-06-14,1,0,0,0,0,0.0,0.0,0.0,0.0,0.0,0.0,0.0,0.0,0.0,0.0,0.0
PBI,2024-06-14,3,0,0,0,1,0.0,0.0,0.0,0.0,0.0,0.0,0.0,7.0,0.2,5.0,66.0
PBI,2024-06-14,4,0,0,0,0,0.0,0.0,0.0,0.0,0.0,0.0,0.0,0.0,0.0,0.0,0.0
PBI,2024-06-14,5,0,0,3,0,33.33,33.33,0.0,11.0,12.67,1.53,12.67,0.0,0.0,0.0,0.0
PBI,2024-06-14,6,4,0,5,4,80.0,80.0,0.0,5.6,13.2,1.68,6.0,2.25,1.2,3.5,44.25
PBI,2024-06-14,7,7,1,11,3,72.73,72.73,66.67,8.64,13.73,2.61,10.73,0.0,1.2,3.0,12.0
PBI,2024-06-14,8,4,6,9,12,55.56,55.56,66.67,12.89,12.44,1.22,13.78,2.42,0.53,2.75,26.58
PBI,2024-06-14,9,6,5,12,9,50.0,50.0,33.33,37.08,13.08,2.15,39.08,1.56,1.58,6.0,26.22
PBI,2024-06-14,10,5,5,13,12,38.46,38.46,58.33,23.38,13.54,2.28,25.23,3.42,1.79,5.08,14.83
PBI,2024-06-14,11,6,2,13,6,53.85,46.15,100.0,20.54,14.69,3.65,23.77,1.67,1.9,1.17,2.33
PBI,2024-06-14,12,3,7,7,8,85.71,57.14,62.5,3.86,17.43,6.21,10.14,6.63,1.01,6.88,33.25
PBI,2024-06-14,13,6,4,8,8,37.5,37.5,37.5,43.38,16.63,5.47,48.25,4.25,1.45,8.0,30.5
PBI,2024-06-14,14,4,5,8,6,50.0,50.0,66.67,27.25,14.88,3.66,30.88,4.5,3.93,2.67,23.5
PBI,2024-06-14,15,4,3,6,7,50.0,50.0,71.43,101.5,13.17,1.77,103.0,4.43,2.01,7.57,13.71
PBI,2024-06-14,16,4,3,7,10,85.71,85.71,40.0,3.57,12.43,2.17,5.0,5.3,1.73,8.0,18.9
PBI,2024-06-14,17,2,2,2,7,50.0,50.0,28.57,24.0,11.5,0.45,23.5,4.14,1.11,9.57,32.0
PBI,2024-06-14,18,2,10,2,17,50.0,50.0,58.82,46.0,22.0,10.1,56.0,2.53,1.29,4.88,21.94
PBI,2024-06-14,19,13,4,12,5,25.0,16.67,60.0,59.33,17.58,6.63,65.33,0.0,3.36,5.0,37.2
PBI,2024-06-14,20,2,3,3,4,33.33,33.33,100.0,52.67,18.0,6.9,59.67,0.0,2.55,2.0,0.25
PBI,2024-06-14,21,1,1,1,4,100.0,100.0,75.0,0.0,13.0,1.8,0.0,1.25,1.52,6.0,16.5
PBI,2024-06-14,22,0,5,2,5,100.0,100.0,0.0,0.0,9.0,0.0,0.0,2.4,1.28,6.6,91.8
PBI,2024-06-14,23,0,5,0,5,0.0,0.0,20.0,0.0,0.0,0.0,0.0,2.4,5.14,5.6,101.8
PBI,2024-06-15,0,0,2,0,2,0.0,0.0,100.0,0.0,0.0,0.0,0.0,0.5,1.8,0.0,0.0
PBI,2024-06-15,2,0,0,0,1,0.0,0.0,100.0,0.0,0.0,0.0,0.0,0.0,3.2,4.0,9.0
PBI,2024-06-15,5,0,0,1,0,0.0,0.0,0.0,71.0,12.0,0.8,72.0,0.0,0.0,0.0,0.0
PBI,2024-06-15,6,5,0,6,1,100.0,100.0,100.0,0.0,12.5,1.73,1.33,0.0,0.2,0.0,8.0
PBI,2024-06-15,7,6,1,7,3,85.71,85.71,66.67,3.0,13.0,1.71,3.43,0.0,1.53,3.0,8.0
PBI,2024-06-15,8,4,4,6,5,66.67,66.67,100.0,22.17,10.33,0.18,22.0,1.2,3.28,2.6,0.6
PBI,2024-06-15,9,5,5,10,6,70.0,70.0,50.0,6.3,13.2,2.34,8.2,0.17,1.27,0.67,21.67
PBI,2024-06-15,10,5,5,11,6,54.55,54.55,66.67,24.73,12.0,1.11,25.09,1.67,0.6,5.33,11.33
PBI,2024-06-15,11,5,4,9,7,66.67,66.67,57.14,8.56,13.22,2.52,11.0,2.43,1.17,2.29,49.14
PBI,2024-06-15,12,2,4,9,4,66.67,66.67,50.0,24.67,12.89,1.6,25.78,2.25,1.38,2.5,21.5
PBI,2024-06-15,13,6,3,8,8,50.0,50.0,62.5,38.38,11.25,0.39,38.38,1.13,1.39,3.63,9.75
PBI,2024-06-15,14,3,8,5,11,80.0,60.0,90.91,16.4,18.0,6.34,22.6,0.55,1.21,0.09,8.55
PBI,2024-06-15,15,7,2,10,7,70.0,70.0,57.14,11.6,12.2,1.15,12.5,6.86,1.01,42.29,55.14
PBI,2024-06-15,16,3,3,4,8,100.0,100.0,37.5,1.75,10.75,0.0,1.75,2.75,1.36,8.5,29.13
PBI,2024-06-15,17,2,3,3,9,33.33,33.33,77.78,22.0,21.33,10.07,32.0,1.78,1.11,4.11,6.0
PBI,2024-06-15,18,4,10,9,10,100.0,100.0,80.0,1.56,12.22,1.3,2.11,1.3,3.62,1.9,7.1
PBI,2024-06-15,19,11,4,13,7,84.62,84.62,57.14,4.15,14.77,3.92,7.08,1.57,1.74,3.57,16.86
PBI,2024-06-15,20,2,2,2,3,100.0,100.0,100.0,0.0,10.0,0.0,0.0,1.67,1.67,1.33,0.0
PBI,2024-06-15,21,0,0,0,3,0.0,0.0,66.67,0.0,0.0,0.0,0.0,2.67,1.2,4.33,10.33
PBI,2024-06-15,22,0,4,0,5,0.0,0.0,80.0,0.0,0.0,0.0,0.0,1.8,1.9,1.2,13.8
PBI,2024-06-15,23,0,6,0,6,0.0,0.0,50.0,0.0,0.0,0.0,0.0,0.17,2.73,0.0,20.33
PBI,2024-06-16,0,0,2,0,2,0.0,0.0,50.0,0.0,0.0,0.0,0.0,1.0,0.55,0.0,22.5
PBI,2024-06-16,5,1,0,2,0,50.0,50.0,0.0,9.0,11.5,1.4,10.0,0.0,0.0,0.0,0.0
PBI,2024-06-16,6,4,0,4,0,100.0,100.0,0.0,0.0,12.5,1.4,0.0,0.0,0.0,0.0,0.0
PBI,2024-06-16,7,6,1,10,1,70.0,70.0,100.0,7.2,11.9,0.92,7.6,0.0,1.2,0.0,0.0
PBI,2024-06-16,8,4,5,6,6,83.33,83.33,83.33,4.17,14.5,3.42,6.67,1.17,1.58,1.5,6.67
PBI,2024-06-16,9,4,7,12,9,58.33,58.33,100.0,14.5,13.83,3.11,17.58,1.0,1.96,1.78,1.89
PBI,2024-06-16,10,8,5,9,7,77.78,77.78,71.43,29.56,14.33,3.41,31.89,2.14,2.37,1.86,16.29
PBI,2024-06-16,11,6,3,10,5,90.0,90.0,60.0,5.7,13.2,1.98,6.9,1.8,2.08,4.8,22.4
PBI,2024-06-16,12,3,6,6,6,66.67,66.67,50.0,8.0,10.83,0.0,8.0,1.5,1.1,0.0,30.83
PBI,2024-06-16,13,6,3,8,6,62.5,62.5,50.0,28.63,13.25,2.26,30.75,4.67,0.85,4.67,15.5
PBI,2024-06-16,14,5,6,8,10,62.5,62.5,50.0,12.25,11.88,1.14,12.38,1.6,0.85,2.6,18.4
PBI,2024-06-16,15,3,3,8,9,37.5,37.5,77.78,41.63,10.5,0.0,40.5,4.44,1.17,6.0,9.67
PBI,2024-06-16,16,4,4,5,7,60.0,60.0,71.43,27.0,14.2,2.9,29.4,2.86,0.69,1.86,14.14
PBI,2024-06-16,17,3,3,5,7,60.0,60.0,42.86,13.4,10.0,0.0,13.2,6.0,0.83,7.71,15.71
PBI,2024-06-16,18,3,8,4,13,25.0,25.0,69.23,15.5,11.25,0.45,14.75,1.77,0.98,2.62,15.0
PBI,2024-06-16,19,11,4,12,7,50.0,50.0,42.86,22.92,13.42,2.12,24.75,2.29,0.31,3.86,58.14
PBI,2024-06-16,20,2,2,4,3,50.0,50.0,66.67,51.5,18.0,6.82,58.0,1.33,2.33,2.67,46.67
PBI,2024-06-16,21,0,1,0,3,0.0,0.0,66.67,0.0,0.0,0.0,0.0,3.67,0.3,4.0,5.67
PBI,2024-06-16,22,0,5,1,5,0.0,0.0,100.0,98.0,13.0,1.8,100.0,0.0,1.02,0.0,0.0
PBI,2024-06-16,23,0,5,0,8,0.0,0.0,50.0,0.0,0.0,0.0,0.0,0.88,0.54,2.38,29.25
PBI,2024-06-17,0,0,2,0,2,0.0,0.0,50.0,0.0,0.0,0.0,0.0,0.0,1.55,7.0,48.5
PBI,2024-06-17,2,0,0,0,1,0.0,0.0,100.0,0.0,0.0,0.0,0.0,0.0,0.2,0.0,0.0
PBI,2024-06-17,5,0,0,1,0,100.0,100.0,0.0,0.0,24.0,12.8,13.0,0.0,0.0,0.0,0.0
PBI,2024-06-17,6,4,0,8,0,87.5,87.5,0.0,3.38,15.75,4.35,6.63,0.0,0.0,0.0,0.0
PBI,2024-06-17,7,7,1,9,3,77.78,77.78,0.0,4.11,11.11,0.5,4.11,3.67,0.2,7.0,39.0
PBI,2024-06-17,8,4,6,8,7,50.0,50.0,71.43,15.25,14.5,3.38,17.38,0.71,0.21,0.29,28.57
PBI,2024-06-17,9,6,5,11,9,54.55,54.55,66.67,30.0,12.45,1.85,31.18,1.33,1.19,2.56,17.0
PBI,2024-06-17,10,5,5,13,8,53.85,53.85,75.0,30.15,13.77,2.62,32.54,2.13,0.34,3.75,20.5
PBI,2024-06-17,11,5,2,9,9,66.67,66.67,66.67,22.33,12.56,1.38,23.44,1.89,0.8,3.89,16.78
PBI,2024-06-17,12,4,7,8,7,75.0,75.0,71.43,8.25,13.13,1.94,9.88,1.57,0.99,2.14,6.86
PBI,2024-06-17,13,6,4,8,10,100.0,100.0,60.0,0.5,11.75,1.02,0.5,3.8,0.33,5.4,15.6
PBI,2024-06-17,14,4,5,8,13,75.0,75.0,46.15,13.88,13.13,2.21,14.5,6.38,0.29,5.23,19.77
PBI,2024-06-17,15,4,2,7,6,57.14,42.86,50.0,28.29,16.43,5.17,32.29,1.33,0.17,3.0,29.0
PBI,2024-06-17,16,3,3,5,10,60.0,60.0,60.0,18.0,12.4,1.0,18.4,3.2,0.41,2.9,36.1
PBI,2024-06-17,17,2,2,3,6,66.67,66.67,50.0,17.67,12.33,1.03,18.33,2.17,0.43,4.0,10.83
PBI,2024-06-17,18,2,10,3,13,66.67,66.67,76.92,41.33,14.33,2.67,43.33,1.77,0.46,1.0,5.62
PBI,2024-06-17,19,13,4,14,6,78.57,78.57,66.67,9.07,13.36,2.38,10.36,4.33,0.17,5.17,9.5
PBI,2024-06-17,20,2,3,4,7,100.0,100.0,57.14,0.0,14.0,3.15,3.25,3.86,1.26,6.29,31.14
PBI,2024-06-17,21,1,1,3,1,33.33,33.33,0.0,64.33,15.67,4.47,69.0,0.0,0.5,0.0,42.0
PBI,2024-06-17,22,0,5,1,6,100.0,100.0,100.0,0.0,11.0,0.0,0.0,1.17,1.43,0.0,0.5
PBI,2024-06-17,23,0,5,0,5,0.0,0.0,80.0,0.0,0.0,0.0,0.0,0.0,1.94,0.0,7.4
PBI,2024-06-18,0,0,2,0,2,0.0,0.0,100.0,0.0,0.0,0.0,0.0,0.0,1.25,0.0,0.0
PBI,2024-06-18,2,0,0,0,0,0.0,0.0,0.0,0.0,0.0,0.0,0.0,0.0,0.0,0.0,0.0
PBI,2024-06-18,4,0,0,1,0,100.0,100.0,0.0,0.0,11.0,0.0,0.0,0.0,0.0,0.0,0.0
PBI,2024-06-18,5,0,0,3,0,100.0,100.0,0.0,0.0,15.67,4.53,4.67,0.0,0.0,0.0,0.0
PBI,2024-06-18,6,4,0,7,2,71.43,71.43,50.0,6.43,13.57,2.66,8.29,0.0,0.1,1.5,21.0
PBI,2024-06-18,7,7,1,9,1,77.78,77.78,100.0,7.67,13.11,1.89,8.33,0.0,0.2,2.0,0.0
PBI,2024-06-18,8,4,6,13,6,69.23,53.85,100.0,9.77,17.0,5.74,14.46,0.0,0.73,1.17,0.83
PBI,2024-06-18,9,6,5,11,7,81.82,81.82,85.71,5.36,13.45,2.59,6.82,0.86,1.19,3.14,9.86
PBI,2024-06-18,10,5,6,9,9,77.78,66.67,88.89,12.56,13.11,1.9,13.89,2.67,3.78,5.56,3.44
PBI,2024-06-18,11,7,2,13,7,61.54,53.85,71.43,24.54,14.08,3.15,26.62,2.71,0.91,4.14,10.14
PBI,2024-06-18,12,2,4,10,7,100.0,100.0,71.43,0.0,12.9,1.84,1.9,3.0,0.84,3.43,10.14
PBI,2024-06-18,13,4,4,4,5,100.0,100.0,80.0,0.25,10.5,0.23,0.5,1.2,0.46,2.2,11.0
PBI,2024-06-18,14,4,6,6,11,100.0,100.0,72.73,0.0,12.5,1.32,0.5,3.55,0.75,5.55,14.0
PBI,2024-06-18,15,4,3,7,5,85.71,85.71,60.0,8.43,12.14,1.33,8.86,4.8,1.0,6.2,8.2
PBI,2024-06-18,16,5,4,6,8,83.33,83.33,87.5,17.33,13.5,2.58,19.33,0.13,0.74,0.0,4.75
PBI,2024-06-18,17,3,3,4,4,75.0,75.0,50.0,4.5,11.75,1.7,6.25,2.0,0.1,2.0,16.25
PBI,2024-06-18,18,3,8,3,14,100.0,100.0,57.14,0.0,16.67,5.73,0.67,2.57,0.31,3.21,17.93
PBI,2024-06-18,19,10,3,11,6,81.82,81.82,100.0,6.64,10.45,0.25,6.09,5.33,2.97,3.33,1.17
PBI,2024-06-18,20,2,2,2,2,100.0,100.0,100.0,0.0,9.0,0.0,0.0,1.0,0.8,0.0,0.0
PBI,2024-06-18,21,0,1,1,2,100.0,100.0,0.0,0.0,12.0,0.8,0.0,3.0,0.85,4.5,20.5
PBI,2024-06-18,22,0,5,1,5,100.0,100.0,100.0,0.0,14.0,2.8,0.0,0.6,1.76,0.0,2.6
PBI,2024-06-18,23,0,4,0,6,0.0,0.0,83.33,0.0,0.0,0.0,0.0,1.33,0.42,1.5,10.5
PBI,2024-06-19,0,0,2,0,2,0.0,0.0,100.0,0.0,0.0,0.0,0.0,0.0,0.75,0.0,0.0
PBI,2024-06-19,6,3,0,4,3,50.0,50.0,33.33,29.25,12.25,1.27,30.0,1.0,0.07,2.33,16.0
PBI,2024-06-19,7,7,1,11,1,81.82,72.73,100.0,6.55,16.09,5.13,10.36,0.0,0.2,1.0,0.0
PBI,2024-06-19,8,4,6,10,6,60.0,60.0,100.0,9.1,13.8,2.68,11.5,0.0,0.2,0.0,0.33
PBI,2024-06-19,9,6,5,7,6,100.0,100.0,100.0,1.57,12.14,1.99,3.14,1.67,0.6,0.0,0.33
PBI,2024-06-19,10,5,5,8,7,75.0,75.0,85.71,8.38,10.5,0.0,8.38,2.57,0.6,1.71,5.29
PBI,2024-06-19,11,6,2,10,6,60.0,60.0,50.0,7.7,12.8,1.68,8.6,8.5,0.17,9.33,24.67
PBI,2024-06-19,12,2,4,5,6,80.0,80.0,83.33,4.4,11.2,0.34,4.8,2.67,0.88,3.33,7.0
PBI,2024-06-19,13,4,4,8,11,75.0,75.0,54.55,8.0,12.75,2.16,9.75,3.91,0.41,6.82,14.18
PBI,2024-06-19,14,4,5,6,9,83.33,83.33,66.67,4.17,13.5,2.28,5.67,1.89,0.82,2.78,11.56
PBI,2024-06-19,15,4,4,6,8,66.67,66.67,50.0,19.17,12.5,1.47,19.17,7.25,0.81,4.63,19.25
PBI,2024-06-19,16,5,3,5,4,80.0,80.0,75.0,14.6,10.8,0.28,14.4,1.75,0.28,2.0,5.5
PBI,2024-06-19,17,2,3,3,7,100.0,100.0,85.71,0.0,9.67,0.27,0.33,8.71,0.33,8.0,14.29
PBI,2024-06-19,18,4,10,5,10,100.0,100.0,70.0,0.0,12.6,1.74,0.4,2.7,1.15,0.7,41.3
PBI,2024-06-19,19,12,4,12,5,50.0,58.33,100.0,39.08,11.83,1.05,39.58,1.4,3.92,1.4,0.2
PBI,2024-06-19,20,2,2,2,6,100.0,100.0,66.67,0.0,13.5,2.45,0.0,6.17,0.5,6.17,7.83
PBI,2024-06-19,21,0,1,2,3,50.0,50.0,66.67,39.0,13.0,1.8,40.0,0.67,0.13,2.0,5.33
PBI,2024-06-19,22,0,5,2,5,100.0,100.0,40.0,0.0,11.5,0.4,0.0,1.8,0.76,0.0,38.2
PBI,2024-06-19,23,0,4,0,4,0.0,0.0,75.0,0.0,0.0,0.0,0.0,2.0,2.13,0.0,35.0
PBI,2024-06-20,0,0,2,0,3,0.0,0.0,100.0,0.0,0.0,0.0,0.0,6.33,2.1,5.33,0.33
PBI,2024-06-20,1,0,0,0,0,0.0,0.0,0.0,0.0,0.0,0.0,0.0,0.0,0.0,0.0,0.0
PBI,2024-06-20,3,0,0,0,0,0.0,0.0,0.0,0.0,0.0,0.0,0.0,0.0,0.0,0.0,0.0
PBI,2024-06-20,5,0,0,0,0,0.0,0.0,0.0,0.0,0.0,0.0,0.0,0.0,0.0,0.0,0.0
PBI,2024-06-20,6,3,0,4,2,100.0,100.0,100.0,0.0,13.5,2.38,1.75,0.0,0.1,0.0,6.5
PBI,2024-06-20,7,7,1,15,2,66.67,66.67,100.0,16.13,15.87,4.68,19.53,4.0,0.2,7.5,4.5
PBI,2024-06-20,8,4,6,10,7,40.0,40.0,100.0,25.1,14.1,2.8,27.8,1.29,0.39,0.29,0.0
PBI,2024-06-20,9,6,6,11,11,72.73,72.73,63.64,8.18,14.0,3.04,10.82,2.64,0.33,4.0,19.0
PBI,2024-06-20,10,6,5,11,8,81.82,81.82,75.0,4.64,14.73,3.79,7.45,2.13,1.66,2.63,8.5
PBI,2024-06-20,11,6,3,10,7,80.0,80.0,57.14,71.5,13.3,2.34,73.3,7.14,0.94,9.0,20.29
PBI,2024-06-20,12,3,5,9,11,55.56,55.56,63.64,19.0,12.89,2.0,21.11,4.18,0.17,4.91,16.0
PBI,2024-06-20,13,5,5,6,8,83.33,83.33,75.0,7.67,10.67,0.3,7.33,3.63,0.7,5.63,16.88
PBI,2024-06-20,14,5,6,8,8,75.0,62.5,100.0,5.38,15.0,3.81,8.75,0.0,1.05,0.0,0.0
PBI,2024-06-20,15,4,1,9,9,77.78,77.78,77.78,8.56,13.33,2.02,10.44,2.56,0.29,4.0,10.33
PBI,2024-06-20,16,3,3,4,7,100.0,100.0,71.43,0.0,13.25,1.8,1.0,2.57,0.5,4.14,9.29
PBI,2024-06-20,17,2,3,4,7,100.0,100.0,57.14,0.75,10.25,0.0,0.25,3.86,0.54,2.57,17.86
PBI,2024-06-20,18,3,9,8,11,62.5,50.0,72.73,16.75,13.75,2.81,19.13,2.91,0.87,0.0,8.09
PBI,2024-06-20,19,12,4,14,9,71.43,71.43,66.67,8.64,11.43,0.83,8.57,5.11,3.84,4.56,14.11
PBI,2024-06-20,20,2,2,2,6,50.0,50.0,83.33,20.5,12.0,0.85,21.0,2.5,0.33,4.33,12.5
PBI,2024-06-20,21,0,1,1,6,100.0,100.0,50.0,0.0,12.0,0.8,0.0,2.17,0.75,4.83,39.17
PBI,2024-06-20,22,0,5,2,5,50.0,50.0,80.0,31.5,13.5,2.3,33.0,0.0,0.46,0.0,6.8
PBI,2024-06-20,23,0,5,0,8,0.0,0.0,62.5,0.0,0.0,0.0,0.0,0.5,0.84,0.75,22.63
PBI,2024-06-21,0,0,2,0,2,0.0,0.0,100.0,0.0,0.0,0.0,0.0,0.0,0.0,0.0,0.0
PBI,2024-06-21,1,0,0,0,0,0.0,0.0,0.0,0.0,0.0,0.0,0.0,0.0,0.0,0.0,0.0
PBI,2024-06-21,2,0,0,0,1,0.0,0.0,100.0,0.0,0.0,0.0,0.0,0.0,0.2,0.0,0.0
PBI,2024-06-21,4,0,0,0,1,0.0,0.0,0.0,0.0,0.0,0.0,0.0,0.0,0.2,0.0,20.0
PBI,2024-06-21,5,0,0,1,0,0.0,0.0,0.0,29.0,12.0,0.8,30.0,0.0,0.0,0.0,0.0
PBI,2024-06-21,6,4,0,7,2,85.71,85.71,100.0,5.71,14.14,2.8,7.86,0.0,0.1,0.5,8.0
PBI,2024-06-21,7,7,1,12,2,66.67,66.67,0.0,8.67,13.83,2.9,11.0,6.0,0.2,10.5,40.5
PBI,2024-06-21,8,4,6,14,6,57.14,57.14,100.0,18.71,13.64,2.51,21.21,0.5,0.87,0.0,0.17
PBI,2024-06-21,9,6,5,12,8,58.33,58.33,62.5,22.08,13.08,2.48,23.58,3.75,2.3,5.38,12.88
PBI,2024-06-21,10,5,5,11,9,72.73,72.73,55.56,7.91,12.27,1.28,8.91,2.89,0.18,6.67,25.67
PBI,2024-06-21,11,5,2,10,6,70.0,60.0,100.0,20.2,13.9,2.71,22.5,1.83,0.03,1.83,0.0
PBI,2024-06-21,12,4,7,6,7,83.33,83.33,85.71,7.0,11.83,1.45,7.83,2.43,0.27,1.71,8.71
PBI,2024-06-21,13,6,4,10,6,60.0,60.0,83.33,12.4,12.1,1.17,13.3,2.67,0.32,2.67,10.0
PBI,2024-06-21,14,4,5,9,10,77.78,77.78,70.0,8.22,13.22,2.03,10.11,5.5,0.98,7.7,56.5
PBI,2024-06-21,15,4,3,7,9,71.43,71.43,66.67,12.43,12.0,0.87,13.0,3.89,0.72,6.0,17.67
PBI,2024-06-21,16,5,4,6,8,83.33,83.33,75.0,16.33,11.67,0.48,16.17,4.13,0.34,5.5,10.13
PBI,2024-06-21,17,2,2,5,4,60.0,60.0,50.0,54.6,11.2,0.52,54.8,1.0,0.55,3.5,32.5
PBI,2024-06-21,18,2,10,3,14,100.0,100.0,71.43,0.0,14.0,2.4,2.0,0.79,0.69,1.64,8.36
PBI,2024-06-21,19,13,4,13,8,69.23,69.23,87.5,14.69,12.23,1.32,15.0,2.13,1.1,1.5,13.88
PBI,2024-06-21,20,2,3,4,4,100.0,100.0,75.0,0.0,11.25,0.23,0.0,1.25,1.3,2.0,16.5
PBI,2024-06-21,21,1,1,1,2,100.0,100.0,100.0,0.0,13.0,1.8,0.0,0.0,0.25,0.0,0.0
PBI,2024-06-21,22,0,5,2,5,100.0,100.0,40.0,0.0,11.0,0.0,0.0,2.0,0.76,0.6,50.2
PBI,2024-06-21,23,0,5,0,5,0.0,0.0,80.0,0.0,0.0,0.0,0.0,0.4,0.7,0.0,5.2
PBI,2024-06-22,0,0,2,0,3,0.0,0.0,33.33,0.0,0.0,0.0,0.0,1.0,1.43,2.33,14.33
PBI,2024-06-22,1,0,0,0,0,0.0,0.0,0.0,0.0,0.0,0.0,0.0,0.0,0.0,0.0,0.0
PBI,2024-06-22,2,0,0,0,1,0.0,0.0,100.0,0.0,0.0,0.0,0.0,2.0,0.2,6.0,0.0
PBI,2024-06-22,5,0,0,1,0,0.0,0.0,0.0,36.0,14.0,2.8,39.0,0.0,0.0,0.0,0.0
PBI,2024-06-22,6,5,0,6,1,83.33,83.33,100.0,9.17,13.5,2.65,9.67,0.0,1.2,0.0,4.0
PBI,2024-06-22,7,6,1,8,2,87.5,87.5,100.0,3.25,13.25,2.11,4.75,0.0,0.1,2.0,4.5
PBI,2024-06-22,8,4,4,7,5,71.43,71.43,80.0,4.86,12.43,1.4,5.57,4.0,0.84,1.4,9.8
PBI,2024-06-22,9,5,5,7,7,71.43,71.43,85.71,5.29,13.29,2.36,7.29,1.57,0.69,2.0,25.57
PBI,2024-06-22,10,5,6,10,7,60.0,60.0,71.43,18.2,14.9,3.88,21.9,5.43,0.86,2.86,9.71
PBI,2024-06-22,11,5,3,11,3,72.73,63.64,33.33,10.82,15.18,4.01,14.55,10.67,0.4,11.0,161.0
PBI,2024-06-22,12,3,4,3,5,66.67,66.67,100.0,13.33,12.33,0.97,14.33,4.4,0.64,2.8,2.4
PBI,2024-06-22,13,5,3,7,6,71.43,71.43,83.33,66.86,15.14,4.13,69.86,2.83,1.07,3.5,6.83
PBI,2024-06-22,14,3,8,6,10,66.67,66.67,70.0,15.17,11.67,0.7,15.33,2.3,1.01,2.8,9.4
PBI,2024-06-22,15,7,2,7,7,42.86,42.86,57.14,42.57,14.14,3.13,44.29,2.57,0.73,7.43,15.0
PBI,2024-06-22,16,3,3,7,10,71.43,57.14,60.0,11.29,14.43,3.67,14.71,7.2,1.96,9.0,10.2
PBI,2024-06-22,17,2,3,6,8,66.67,66.67,87.5,8.33,14.17,3.25,11.5,0.38,0.48,1.25,3.0
PBI,2024-06-22,18,4,10,5,10,80.0,80.0,30.0,32.2,13.8,2.96,35.0,4.5,2.82,39.7,55.0
PBI,2024-06-22,19,11,4,10,4,40.0,40.0,50.0,46.7,21.2,9.67,54.5,3.0,0.75,4.25,75.75
PBI,2024-06-22,20,2,2,2,4,50.0,50.0,50.0,124.0,13.5,2.4,126.5,2.0,0.55,3.25,15.25
PBI,2024-06-22,21,0,0,1,1,0.0,0.0,0.0,35.0,12.0,0.8,36.0,0.0,0.2,4.0,67.0
PBI,2024-06-22,22,0,4,0,5,0.0,0.0,60.0,0.0,0.0,0.0,0.0,1.6,0.7,1.4,14.6
PBI,2024-06-22,23,0,6,0,5,0.0,0.0,60.0,0.0,0.0,0.0,0.0,1.2,0.74,0.0,114.0
PBI,2024-06-23,0,0,2,0,2,0.0,0.0,100.0,0.0,0.0,0.0,0.0,0.0,0.75,0.0,0.0
PBI,2024-06-23,4,0,0,0,0,0.0,0.0,0.0,0.0,0.0,0.0,0.0,0.0,0.0,0.0,0.0
PBI,2024-06-23,5,1,0,1,0,100.0,100.0,0.0,0.0,9.0,0.0,0.0,0.0,0.0,0.0,0.0
PBI,2024-06-23,6,4,0,4,0,100.0,100.0,0.0,0.0,13.25,2.08,0.5,0.0,0.0,0.0,0.0
PBI,2024-06-23,7,6,1,9,0,100.0,100.0,0.0,0.56,12.89,1.67,0.89,0.0,0.0,0.0,0.0
PBI,2024-06-23,8,4,5,12,4,75.0,66.67,75.0,7.33,14.5,3.75,11.0,0.5,1.05,2.75,5.0
PBI,2024-06-23,9,4,7,7,7,42.86,57.14,100.0,12.0,10.86,0.4,12.0,0.29,0.91,0.0,0.0
PBI,2024-06-23,10,8,5,11,5,81.82,81.82,80.0,4.64,13.18,2.68,6.91,1.2,1.22,0.0,14.6
PBI,2024-06-23,11,6,2,10,4,80.0,80.0,75.0,17.6,13.5,2.42,18.9,1.0,0.65,6.0,6.75
PBI,2024-06-23,12,2,6,5,6,60.0,60.0,66.67,9.0,11.8,0.7,9.4,2.33,0.95,1.83,10.5
PBI,2024-06-23,13,6,3,7,7,42.86,42.86,85.71,25.29,13.86,2.87,28.0,3.57,0.9,6.71,9.0
PBI,2024-06-23,14,5,6,7,10,42.86,28.57,80.0,42.14,25.43,14.43,56.14,2.0,4.71,4.3,16.9
PBI,2024-06-23,15,3,3,8,6,62.5,37.5,50.0,23.0,24.13,12.55,35.13,4.17,1.48,4.33,13.5
PBI,2024-06-23,16,4,4,6,5,83.33,66.67,60.0,4.0,14.17,2.98,6.67,2.2,1.32,4.4,34.8
PBI,2024-06-23,17,3,3,7,10,42.86,42.86,80.0,20.86,13.14,2.26,23.0,7.5,1.74,10.8,9.1
PBI,2024-06-23,18,3,8,4,10,100.0,100.0,80.0,1.25,13.25,1.9,3.0,1.1,0.48,1.6,14.4
PBI,2024-06-23,19,12,5,13,11,38.46,38.46,45.45,70.62,13.15,2.0,72.08,4.36,0.56,8.36,66.18
PBI,2024-06-23,20,2,2,2,5,100.0,100.0,40.0,0.0,11.0,0.0,0.0,3.4,0.88,5.2,28.2
PBI,2024-06-23,21,0,1,2,3,50.0,50.0,33.33,9.5,15.5,4.3,14.0,5.0,1.63,6.33,70.33
PBI,2024-06-23,22,0,5,0,5,0.0,0.0,60.0,0.0,0.0,0.0,0.0,7.4,0.96,1.4,69.6
PBI,2024-06-23,23,0,5,0,4,0.0,0.0,50.0,0.0,0.0,0.0,0.0,2.5,0.83,1.0,40.5
PBI,2024-06-24,0,0,2,0,2,0.0,0.0,50.0,0.0,0.0,0.0,0.0,2.5,3.05,0.0,20.0
PBI,2024-06-24,1,0,0,0,1,0.0,0.0,0.0,0.0,0.0,0.0,0.0,0.0,1.2,0.0,44.0
PBI,2024-06-24,2,0,0,0,0,0.0,0.0,0.0,0.0,0.0,0.0,0.0,0.0,0.0,0.0,0.0
PBI,2024-06-24,4,0,0,0,0,0.0,0.0,0.0,0.0,0.0,0.0,0.0,0.0,0.0,0.0,0.0
PBI,2024-06-24,5,0,0,1,0,0.0,0.0,0.0,23.0,13.0,1.8,25.0,0.0,0.0,0.0,0.0
PBI,2024-06-24,6,4,0,6,0,66.67,66.67,0.0,8.5,13.67,2.2,9.83,0.0,0.0,0.0,0.0
PBI,2024-06-24,7,7,1,10,2,90.0,80.0,50.0,1.6,16.1,4.9,5.3,1.5,1.2,5.0,12.0
PBI,2024-06-24,8,4,6,7,6,85.71,85.71,100.0,9.86,14.57,3.4,13.14,1.67,2.03,0.0,0.0
PBI,2024-06-24,9,6,5,8,6,87.5,87.5,83.33,3.75,11.88,1.26,4.75,2.33,1.1,2.17,4.83
PBI,2024-06-24,10,5,5,7,7,71.43,71.43,85.71,60.43,14.57,3.31,62.86,4.29,0.46,1.0,22.43
PBI,2024-06-24,11,5,2,8,6,50.0,50.0,33.33,29.63,13.25,2.03,31.63,7.33,0.83,9.5,41.17
PBI,2024-06-24,12,4,7,8,9,75.0,75.0,55.56,19.75,18.63,7.46,26.88,9.33,1.03,8.56,53.78
PBI,2024-06-24,13,6,4,10,10,70.0,60.0,40.0,20.0,17.2,6.27,26.1,6.2,1.15,6.7,21.5
PBI,2024-06-24,14,4,5,9,10,77.78,77.78,40.0,11.22,13.44,2.37,13.33,16.2,1.25,16.5,61.2
PBI,2024-06-24,15,4,2,7,6,28.57,14.29,16.67,24.43,18.43,6.93,31.29,13.0,1.1,16.5,59.33
PBI,2024-06-24,16,4,4,6,10,50.0,50.0,50.0,43.83,11.33,0.3,43.83,10.6,0.91,16.5,58.1
PBI,2024-06-24,17,2,2,4,8,75.0,75.0,0.0,48.25,15.0,3.8,52.0,9.5,1.38,13.13,50.25
PBI,2024-06-24,18,2,10,5,17,60.0,60.0,41.18,30.8,13.6,2.22,33.0,7.65,1.22,12.47,30.47
PBI,2024-06-24,19,13,4,13,5,23.08,23.08,0.0,56.92,12.92,2.12,57.69,6.2,2.36,19.2,73.4
PBI,2024-06-24,20,2,3,4,4,50.0,25.0,0.0,44.5,16.25,5.15,49.75,13.5,4.55,18.75,46.25
PBI,2024-06-24,21,1,1,2,2,50.0,50.0,0.0,22.0,15.0,3.8,25.5,5.5,0.1,8.5,78.0
PBI,2024-06-24,22,0,5,1,6,100.0,100.0,33.33,0.0,11.0,0.0,0.0,4.0,1.22,5.0,23.83
PBI,2024-06-24,23,0,5,0,6,0.0,0.0,33.33,0.0,0.0,0.0,0.0,3.83,2.45,4.83,58.17
PBI,2024-06-25,0,0,2,0,2,0.0,0.0,50.0,0.0,0.0,0.0,0.0,0.0,2.05,0.5,26.5
PBI,2024-06-25,1,0,0,0,1,0.0,0.0,100.0,0.0,0.0,0.0,0.0,3.0,1.2,7.0,0.0
PBI,2024-06-25,2,0,0,0,0,0.0,0.0,0.0,0.0,0.0,0.0,0.0,0.0,0.0,0.0,0.0
PBI,2024-06-25,5,0,0,1,0,0.0,0.0,0.0,17.0,15.0,3.8,21.0,0.0,0.0,0.0,0.0
PBI,2024-06-25,6,4,0,6,3,66.67,66.67,66.67,14.17,13.0,1.97,15.5,0.0,0.23,0.33,12.33
PBI,2024-06-25,7,7,1,10,2,80.0,80.0,50.0,5.7,13.5,2.41,7.3,2.0,1.2,5.5,12.0
PBI,2024-06-25,8,4,6,9,7,88.89,88.89,100.0,6.22,12.78,1.89,7.56,1.71,0.91,1.57,1.0
PBI,2024-06-25,9,6,5,16,7,31.25,43.75,100.0,31.94,12.13,2.14,32.69,0.57,1.2,0.71,0.29
PBI,2024-06-25,10,5,6,7,9,71.43,71.43,88.89,9.71,13.43,2.09,10.29,0.89,0.94,2.44,6.89
PBI,2024-06-25,11,7,2,7,5,85.71,85.71,40.0,6.14,13.0,1.6,6.71,7.4,1.56,19.4,31.0
PBI,2024-06-25,12,2,4,5,10,60.0,60.0,50.0,23.4,14.2,3.54,25.6,3.2,0.94,5.1,24.8
PBI,2024-06-25,13,4,4,8,4,62.5,62.5,50.0,27.88,14.13,3.41,31.0,4.0,0.65,3.0,62.75
PBI,2024-06-25,14,4,6,6,8,66.67,66.67,87.5,44.83,15.0,3.92,47.33,1.5,1.11,8.38,29.25
PBI,2024-06-25,15,4,3,8,6,62.5,50.0,83.33,38.75,11.88,1.16,39.25,11.0,1.28,7.83,10.5
PBI,2024-06-25,16,5,3,7,6,85.71,85.71,83.33,9.86,12.57,2.07,11.29,1.33,1.75,2.5,5.17
PBI,2024-06-25,17,2,4,3,9,66.67,66.67,66.67,15.33,10.0,0.13,15.0,3.78,2.06,4.56,22.22
PBI,2024-06-25,18,4,8,6,13,50.0,50.0,53.85,22.5,12.33,1.9,24.33,10.62,1.65,7.38,29.92
PBI,2024-06-25,19,10,3,10,8,60.0,50.0,37.5,33.2,15.2,3.86,34.9,4.63,2.13,13.63,37.88
PBI,2024-06-25,20,2,2,5,3,80.0,60.0,100.0,21.6,14.2,3.56,25.2,1.33,0.67,0.0,0.0
PBI,2024-06-25,21,0,1,3,3,33.33,33.33,66.67,25.33,11.33,0.53,26.0,0.0,1.3,2.33,16.67
PBI,2024-06-25,22,0,5,1,6,100.0,100.0,66.67,0.0,10.0,0.0,0.0,2.17,0.97,1.5,20.67
PBI,2024-06-25,23,0,4,1,4,100.0,100.0,100.0,0.0,12.0,3.0,3.0,0.0,1.38,0.0,0.0
PBI,2024-06-26,0,0,2,0,2,0.0,0.0,100.0,0.0,0.0,0.0,0.0,1.0,0.55,2.0,7.5
PBI,2024-06-26,5,0,0,1,0,0.0,0.0,0.0,44.0,12.0,0.8,45.0,0.0,0.0,0.0,0.0
PBI,2024-06-26,6,3,0,5,2,40.0,40.0,50.0,28.6,10.2,0.06,27.6,0.0,1.2,0.0,13.0
PBI,2024-06-26,7,7,1,9,1,88.89,88.89,100.0,3.33,13.67,3.46,5.33,0.0,1.2,1.0,0.0
PBI,2024-06-26,8,4,6,9,6,66.67,77.78,66.67,7.44,11.22,1.18,8.11,1.0,1.68,0.83,10.83
PBI,2024-06-26,9,6,5,11,11,36.36,36.36,72.73,21.45,10.27,0.21,21.09,2.45,1.84,5.0,17.36
PBI,2024-06-26,10,5,5,11,8,45.45,45.45,87.5,12.82,13.09,1.9,14.55,1.0,1.4,1.38,3.0
PBI,2024-06-26,11,6,2,13,4,61.54,61.54,75.0,15.69,16.69,5.42,19.23,3.5,0.55,6.75,17.75
PBI,2024-06-26,12,2,4,5,5,100.0,100.0,80.0,0.0,13.4,2.3,2.2,2.8,0.94,5.0,8.4
PBI,2024-06-26,13,4,4,6,5,100.0,100.0,60.0,0.17,12.33,1.13,1.17,2.2,2.8,2.4,11.4
PBI,2024-06-26,14,4,5,6,7,100.0,66.67,71.43,3.17,13.83,2.8,5.0,2.86,1.17,2.86,7.86
PBI,2024-06-26,15,4,4,6,8,33.33,33.33,37.5,34.5,13.0,2.0,35.83,4.25,1.01,14.63,76.63
PBI,2024-06-26,16,5,3,6,10,33.33,33.33,40.0,81.83,12.0,1.42,82.17,16.9,1.63,20.4,31.4
PBI,2024-06-26,17,2,3,3,12,33.33,33.33,41.67,74.33,13.0,1.77,74.33,9.33,2.13,11.08,27.92
PBI,2024-06-26,18,4,10,9,12,33.33,33.33,50.0,45.78,15.33,4.78,50.33,12.17,2.91,11.08,29.17
PBI,2024-06-26,19,12,4,14,11,21.43,21.43,54.55,63.64,21.5,10.15,73.5,4.27,1.7,37.0,67.55
PBI,2024-06-26,20,2,2,4,3,50.0,50.0,33.33,97.0,10.5,0.0,96.0,1.33,3.33,9.0,14.67
PBI,2024-06-26,21,0,1,3,1,100.0,100.0,0.0,0.0,10.67,0.3,0.33,24.0,2.5,67.0,81.0
PBI,2024-06-26,22,0,5,1,5,100.0,100.0,40.0,0.0,8.0,0.0,0.0,3.2,1.02,22.4,43.4
PBI,2024-06-26,23,0,4,0,3,0.0,0.0,33.33,0.0,0.0,0.0,0.0,2.67,1.77,0.0,16.0
PBI,2024-06-27,0,0,3,0,4,0.0,0.0,25.0,0.0,0.0,0.0,0.0,5.25,0.98,12.25,89.5
PBI,2024-06-27,1,0,0,0,0,0.0,0.0,0.0,0.0,0.0,0.0,0.0,0.0,0.0,0.0,0.0
PBI,2024-06-27,4,0,0,0,0,0.0,0.0,0.0,0.0,0.0,0.0,0.0,0.0,0.0,0.0,0.0
PBI,2024-06-27,5,0,0,1,0,0.0,0.0,0.0,29.0,15.0,3.8,33.0,0.0,0.0,0.0,0.0
PBI,2024-06-27,6,3,0,4,2,50.0,50.0,50.0,20.0,11.75,0.95,21.0,0.0,0.6,0.0,14.5
PBI,2024-06-27,7,7,1,12,1,75.0,75.0,0.0,8.75,11.83,1.18,9.25,0.0,0.2,2.0,21.0
PBI,2024-06-27,8,4,6,7,7,100.0,100.0,42.86,0.0,12.29,1.56,1.29,0.71,1.41,6.57,25.86
PBI,2024-06-27,9,5,6,9,8,66.67,66.67,50.0,17.78,12.44,2.12,19.22,2.25,2.14,7.5,12.75
PBI,2024-06-27,10,7,5,14,7,42.86,42.86,100.0,35.29,12.5,1.69,36.71,0.86,1.97,1.0,0.29
PBI,2024-06-27,11,6,3,9,7,77.78,66.67,57.14,11.44,13.67,2.6,12.33,3.86,0.97,5.57,18.86
PBI,2024-06-27,12,3,6,6,12,50.0,50.0,25.0,20.83,12.33,1.05,21.5,4.58,1.2,6.75,45.08
PBI,2024-06-27,13,6,4,11,9,45.45,36.36,77.78,22.45,17.09,6.08,28.45,2.33,2.92,5.89,4.78
PBI,2024-06-27,14,5,6,14,13,57.14,57.14,38.46,21.0,13.86,2.79,23.29,6.62,1.69,11.77,72.31
PBI,2024-06-27,15,3,2,4,5,25.0,25.0,20.0,145.0,16.5,4.5,149.25,14.2,1.48,16.8,58.2
PBI,2024-06-27,16,4,4,7,7,57.14,71.43,71.43,64.71,11.86,0.89,65.43,7.57,1.5,6.57,50.14
PBI,2024-06-27,17,3,3,3,7,0.0,0.0,28.57,319.67,18.0,7.13,326.67,12.0,2.83,16.14,42.43
PBI,2024-06-27,18,3,8,4,12,25.0,0.0,16.67,68.25,18.75,7.63,75.0,18.33,3.42,23.17,54.42
PBI,2024-06-27,19,11,5,14,8,28.57,28.57,25.0,63.29,13.93,2.82,65.36,9.63,2.49,15.0,30.38
PBI,2024-06-27,20,3,2,5,3,60.0,20.0,0.0,24.8,19.4,8.48,33.4,2.33,0.8,13.33,30.67
PBI,2024-06-27,21,0,1,2,2,50.0,50.0,50.0,16.0,13.0,1.85,17.5,8.0,0.6,2.0,32.0
PBI,2024-06-27,22,0,4,1,6,100.0,100.0,50.0,0.0,13.0,1.8,0.0,4.17,0.53,3.17,16.0
PBI,2024-06-27,23,0,5,0,5,0.0,0.0,60.0,0.0,0.0,0.0,0.0,3.8,1.04,4.0,24.0
PBI,2024-06-28,0,0,2,0,3,0.0,0.0,33.33,0.0,0.0,0.0,0.0,3.67,1.43,1.67,23.67
PBI,2024-06-28,1,0,0,0,0,0.0,0.0,0.0,0.0,0.0,0.0,0.0,0.0,0.0,0.0,0.0
PBI,2024-06-28,2,0,0,0,0,0.0,0.0,0.0,0.0,0.0,0.0,0.0,0.0,0.0,0.0,0.0
PBI,2024-06-28,3,0,0,0,0,0.0,0.0,0.0,0.0,0.0,0.0,0.0,0.0,0.0,0.0,0.0
PBI,2024-06-28,4,0,0,1,0,100.0,100.0,0.0,0.0,11.0,0.0,0.0,0.0,0.0,0.0,0.0
PBI,2024-06-28,6,4,0,5,3,100.0,100.0,33.33,0.0,11.2,0.34,0.0,0.33,1.13,13.0,21.67
PBI,2024-06-28,7,7,1,11,1,54.55,54.55,100.0,34.36,12.27,1.52,34.36,0.0,0.2,2.0,0.0
PBI,2024-06-28,8,4,6,6,6,100.0,100.0,100.0,1.83,14.17,3.08,5.0,0.0,1.55,0.0,0.0
PBI,2024-06-28,9,5,5,7,7,71.43,71.43,71.43,16.29,10.43,0.19,15.57,0.57,0.7,1.43,37.57
PBI,2024-06-28,10,6,5,12,9,58.33,58.33,44.44,21.75,11.75,0.83,22.33,4.11,2.74,6.78,14.56
PBI,2024-06-28,11,6,2,11,8,45.45,45.45,62.5,20.45,14.73,3.42,23.18,4.63,1.3,7.88,27.13
PBI,2024-06-28,12,3,7,10,7,70.0,60.0,71.43,16.3,14.2,3.0,19.4,2.14,0.77,5.29,7.71
PBI,2024-06-28,13,6,4,9,8,44.44,33.33,75.0,15.11,21.56,10.42,25.33,4.13,1.14,6.25,11.25
PBI,2024-06-28,14,5,5,7,8,100.0,85.71,50.0,1.14,18.0,7.2,8.29,5.25,0.48,5.13,23.5
PBI,2024-06-28,15,3,3,8,9,75.0,62.5,66.67,24.25,20.5,9.21,32.88,0.44,0.3,2.78,24.33
PBI,2024-06-28,16,5,5,6,11,16.67,16.67,45.45,52.67,12.33,1.1,53.5,4.91,0.94,7.27,43.91
PBI,2024-06-28,17,3,2,6,6,66.67,66.67,66.67,17.67,16.67,6.02,22.17,3.0,0.47,4.83,13.83
PBI,2024-06-28,18,2,10,2,14,50.0,50.0,78.57,59.5,13.5,1.6,60.5,4.21,0.98,4.36,13.07
PBI,2024-06-28,19,13,4,15,8,86.67,86.67,75.0,5.8,14.33,3.36,7.6,2.13,0.38,4.38,9.0
PBI,2024-06-28,20,2,3,2,4,50.0,50.0,50.0,13.5,11.0,0.4,14.0,3.5,0.8,4.5,13.0
PBI,2024-06-28,21,1,1,1,2,0.0,0.0,50.0,28.0,39.0,27.8,56.0,0.0,9.25,0.0,14.0
PBI,2024-06-28,22,0,4,2,5,50.0,50.0,40.0,12.5,13.5,4.4,12.0,1.8,2.22,1.6,17.4
PBI,2024-06-28,23,0,6,0,6,0.0,0.0,66.67,0.0,0.0,0.0,0.0,0.83,2.07,0.17,25.17
PBI,2024-06-29,0,0,2,0,2,0.0,0.0,0.0,0.0,0.0,0.0,0.0,0.0,3.05,0.0,42.5
PBI,2024-06-29,1,0,0,0,0,0.0,0.0,0.0,0.0,0.0,0.0,0.0,0.0,0.0,0.0,0.0
PBI,2024-06-29,6,5,0,5,1,100.0,100.0,100.0,0.0,13.8,2.7,0.0,0.0,0.2,0.0,0.0
PBI,2024-06-29,7,6,1,9,4,77.78,77.78,100.0,10.67,13.22,2.19,12.56,1.75,1.2,5.5,7.5
PBI,2024-06-29,8,4,4,9,4,88.89,88.89,100.0,4.56,16.0,5.04,8.22,0.0,1.8,0.0,0.0
PBI,2024-06-29,9,5,5,8,5,75.0,75.0,100.0,18.13,14.13,3.69,21.25,0.4,0.58,0.0,0.8
PBI,2024-06-29,10,5,6,9,10,77.78,77.78,50.0,12.0,11.56,0.66,12.56,2.5,0.81,3.5,15.8
PBI,2024-06-29,11,5,3,11,6,63.64,63.64,50.0,9.18,14.36,3.19,11.36,6.83,2.2,7.0,20.83
PBI,2024-06-29,12,3,4,5,7,20.0,20.0,42.86,24.4,10.6,0.0,23.6,4.29,1.73,7.14,22.14
PBI,2024-06-29,13,5,3,6,3,33.33,33.33,66.67,26.5,13.17,2.25,28.17,2.33,0.7,0.0,12.67
PBI,2024-06-29,14,4,8,5,9,20.0,20.0,44.44,25.4,20.2,9.0,34.4,54.11,1.1,50.22,63.44
PBI,2024-06-29,15,6,2,6,5,66.67,66.67,60.0,16.83,11.67,0.7,16.5,17.4,0.72,18.0,21.4
PBI,2024-06-29,16,3,4,3,9,66.67,66.67,55.56,5.67,17.0,5.4,10.0,3.44,1.32,6.11,44.56
PBI,2024-06-29,17,3,3,3,9,33.33,33.33,55.56,67.0,11.67,1.03,67.67,6.89,0.17,5.22,24.67
PBI,2024-06-29,18,4,10,6,11,100.0,100.0,72.73,3.5,12.0,1.63,4.5,1.36,0.66,1.36,13.82
PBI,2024-06-29,19,10,4,13,5,69.23,69.23,80.0,30.85,13.46,2.2,32.23,1.6,0.56,1.6,10.4
PBI,2024-06-29,20,3,2,3,4,100.0,66.67,25.0,4.33,13.33,2.7,7.0,1.5,1.63,3.5,74.0
PBI,2024-06-29,21,0,0,1,1,100.0,100.0,0.0,9.0,12.0,0.4,9.0,5.0,1.2,12.0,28.0
PBI,2024-06-29,22,0,4,0,5,0.0,0.0,60.0,0.0,0.0,0.0,0.0,1.4,1.08,0.0,37.2
PBI,2024-06-29,23,0,6,0,6,0.0,0.0,66.67,0.0,0.0,0.0,0.0,0.5,0.78,1.5,36.5
PBI,2024-06-30,0,0,2,0,2,0.0,0.0,100.0,0.0,0.0,0.0,0.0,0.0,0.75,0.0,0.0
PBI,2024-06-30,2,0,0,0,1,0.0,0.0,0.0,0.0,0.0,0.0,0.0,5.0,1.2,10.0,35.0
PBI,2024-06-30,4,0,0,1,0,0.0,0.0,0.0,40.0,11.0,0.0,40.0,0.0,0.0,0.0,0.0
PBI,2024-06-30,5,1,0,1,0,100.0,100.0,0.0,0.0,10.0,1.0,0.0,0.0,0.0,0.0,0.0
PBI,2024-06-30,6,4,0,5,0,80.0,80.0,0.0,13.4,12.0,1.02,13.8,0.0,0.0,0.0,0.0
PBI,2024-06-30,7,6,1,10,1,80.0,80.0,0.0,6.9,15.0,3.73,10.0,3.0,1.2,8.0,38.0
PBI,2024-06-30,8,4,5,9,5,33.33,33.33,60.0,24.44,12.22,1.3,25.78,4.2,0.84,4.6,29.2
PBI,2024-06-30,9,4,7,9,7,44.44,33.33,71.43,22.0,13.67,3.16,23.67,3.71,1.93,7.14,20.57
PBI,2024-06-30,10,8,5,9,6,44.44,33.33,16.67,42.33,12.33,1.96,43.56,49.83,4.12,56.17,67.17
PBI,2024-06-30,11,6,3,9,5,22.22,11.11,20.0,102.78,16.44,5.43,107.78,10.8,6.44,17.4,24.0
PBI,2024-06-30,12,3,5,7,9,28.57,14.29,44.44,31.14,18.14,6.84,38.0,2.33,1.01,9.67,21.33
PBI,2024-06-30,13,5,3,5,8,60.0,40.0,37.5,8.4,23.4,12.28,20.4,5.88,0.8,9.13,26.13
PBI,2024-06-30,14,5,6,6,9,66.67,66.67,66.67,6.67,11.0,0.28,6.67,4.0,0.6,4.56,13.0
PBI,2024-06-30,15,3,4,5,9,60.0,40.0,33.33,66.8,24.6,12.76,79.2,10.22,1.06,13.89,30.78
PBI,2024-06-30,16,5,4,5,8,40.0,40.0,62.5,80.6,23.8,12.4,92.2,3.75,0.84,5.0,11.38
PBI,2024-06-30,17,3,3,4,5,50.0,50.0,60.0,30.25,13.5,3.45,33.25,13.0,1.88,15.2,23.2
PBI,2024-06-30,18,3,7,5,5,80.0,60.0,20.0,15.4,25.6,14.18,29.6,5.2,1.3,20.0,92.4
PBI,2024-06-30,19,11,6,8,9,12.5,12.5,44.44,87.75,16.38,5.22,91.63,10.44,1.22,38.67,104.22
PBI,2024-06-30,20,3,2,2,3,50.0,50.0,33.33,80.0,12.5,1.4,81.5,2.67,1.67,15.0,27.0
PBI,2024-06-30,21,0,1,0,3,0.0,0.0,0.0,0.0,0.0,0.0,0.0,15.33,1.53,21.33,63.67
PBI,2024-06-30,22,0,4,0,5,0.0,0.0,0.0,0.0,0.0,0.0,0.0,8.8,1.62,7.0,88.0
PBI,2024-06-30,23,0,6,0,4,0.0,0.0,25.0,0.0,0.0,0.0,0.0,7.75,3.63,5.75,63.75
PBI,2024-07-01,0,0,1,0,3,0.0,0.0,33.33,0.0,0.0,0.0,0.0,4.67,2.77,3.33,201.33
PBI,2024-07-01,1,0,0,0,0,0.0,0.0,0.0,0.0,0.0,0.0,0.0,0.0,0.0,0.0,0.0
PBI,2024-07-01,2,0,0,0,0,0.0,0.0,0.0,0.0,0.0,0.0,0.0,0.0,0.0,0.0,0.0
PBI,2024-07-01,3,0,0,0,0,0.0,0.0,0.0,0.0,0.0,0.0,0.0,0.0,0.0,0.0,0.0
PBI,2024-07-01,4,0,0,0,0,0.0,0.0,0.0,0.0,0.0,0.0,0.0,0.0,0.0,0.0,0.0
PBI,2024-07-01,6,4,0,4,0,75.0,75.0,0.0,6.25,13.25,2.3,7.75,0.0,0.0,0.0,0.0
PBI,2024-07-01,7,7,1,10,2,80.0,80.0,100.0,9.7,13.8,2.85,10.7,0.0,1.2,0.0,1.0
PBI,2024-07-01,8,4,6,9,6,66.67,66.67,66.67,10.33,14.67,3.49,13.78,0.0,1.05,1.5,8.17
PBI,2024-07-01,9,5,5,8,8,50.0,50.0,75.0,22.63,13.38,2.35,24.88,6.75,1.43,10.5,7.75
PBI,2024-07-01,10,6,5,15,12,40.0,40.0,41.67,20.27,14.4,3.38,23.6,11.83,1.94,18.5,28.67
PBI,2024-07-01,11,6,2,13,6,30.77,23.08,50.0,25.54,18.92,7.74,33.23,17.67,1.33,19.67,34.0
PBI,2024-07-01,12,3,6,7,8,71.43,57.14,50.0,9.43,18.14,6.8,15.57,3.88,3.04,4.63,38.63
PBI,2024-07-01,13,5,4,8,9,62.5,62.5,55.56,23.25,13.0,2.19,25.25,8.0,2.53,11.11,38.89
PBI,2024-07-01,14,5,5,9,9,66.67,66.67,33.33,30.78,13.56,3.02,32.89,2.0,1.01,4.33,24.22
PBI,2024-07-01,15,3,4,6,5,66.67,66.67,40.0,12.67,16.17,5.17,17.17,0.8,0.7,2.8,82.6
PBI,2024-07-01,16,6,5,7,14,71.43,57.14,78.57,51.14,16.71,5.63,55.43,3.29,0.39,3.21,16.93
PBI,2024-07-01,17,3,3,7,6,28.57,28.57,66.67,44.0,18.0,7.39,51.14,3.5,0.48,3.5,29.83
PBI,2024-07-01,18,3,8,3,11,66.67,66.67,54.55,6.67,12.0,2.63,9.33,2.45,0.71,3.64,34.82
PBI,2024-07-01,19,10,5,11,8,54.55,54.55,25.0,58.36,14.82,3.26,60.91,3.0,0.45,2.75,44.88
PBI,2024-07-01,20,3,3,4,5,25.0,25.0,20.0,52.25,12.25,1.47,53.75,8.8,0.68,6.6,55.4
PBI,2024-07-01,21,1,1,3,5,100.0,100.0,40.0,0.0,15.0,4.27,2.0,16.8,0.26,12.6,40.8
PBI,2024-07-01,22,0,5,1,6,100.0,100.0,33.33,0.0,10.0,0.0,0.0,19.0,0.85,38.0,49.83
PBI,2024-07-01,23,0,5,0,5,0.0,0.0,40.0,0.0,0.0,0.0,0.0,7.2,1.52,8.4,37.6
PBI,2024-07-02,0,0,1,0,1,0.0,0.0,100.0,0.0,0.0,0.0,0.0,0.0,1.5,0.0,0.0
PBI,2024-07-02,1,0,0,0,0,0.0,0.0,0.0,0.0,0.0,0.0,0.0,0.0,0.0,0.0,0.0
PBI,2024-07-02,6,4,0,4,2,100.0,100.0,0.0,0.0,12.5,1.02,0.0,0.0,0.1,0.0,16.5
PBI,2024-07-02,7,7,1,10,0,90.0,90.0,0.0,3.1,13.3,2.08,4.4,0.0,0.0,0.0,0.0
PBI,2024-07-02,8,4,6,5,6,80.0,80.0,83.33,6.0,15.2,3.74,8.0,0.5,1.22,0.0,31.5
PBI,2024-07-02,9,5,5,12,7,41.67,41.67,85.71,29.0,14.33,3.4,32.33,0.86,0.69,5.86,4.86
PBI,2024-07-02,10,6,6,14,9,64.29,64.29,66.67,9.0,15.36,4.21,12.21,2.56,0.77,5.67,17.44
PBI,2024-07-02,11,7,2,11,6,81.82,72.73,83.33,6.36,14.36,3.27,9.36,4.5,1.27,4.0,5.83
PBI,2024-07-02,12,2,4,6,5,66.67,66.67,60.0,6.5,14.0,2.72,9.0,1.8,0.94,3.0,118.0
PBI,2024-07-02,13,4,4,9,5,66.67,66.67,80.0,20.89,14.89,3.81,24.22,2.8,0.86,2.8,10.8
PBI,2024-07-02,14,5,6,10,9,80.0,70.0,77.78,8.0,16.2,5.49,12.9,9.89,2.13,8.67,8.56
PBI,2024-07-02,15,3,4,8,9,37.5,37.5,44.44,34.5,14.13,2.74,37.0,21.67,2.07,24.22,56.67
PBI,2024-07-02,16,5,3,7,5,71.43,71.43,60.0,77.71,13.71,3.26,80.57,0.0,1.06,5.2,9.4
PBI,2024-07-02,17,3,4,3,7,100.0,100.0,71.43,1.0,9.67,0.03,1.0,3.57,0.5,3.43,20.86
PBI,2024-07-02,18,4,7,3,10,66.67,66.67,70.0,32.33,12.33,1.63,32.67,7.8,2.28,2.3,46.3
PBI,2024-07-02,19,8,4,9,5,55.56,55.56,80.0,51.78,13.56,2.54,53.56,0.8,0.12,1.4,6.8
PBI,2024-07-02,20,3,2,2,3,100.0,100.0,66.67,0.0,11.5,2.05,0.0,3.67,0.27,3.67,22.67
PBI,2024-07-02,21,0,1,2,1,100.0,100.0,100.0,0.0,12.0,0.9,1.0,0.0,2.5,0.0,0.0
PBI,2024-07-02,22,0,5,1,5,100.0,100.0,80.0,1.0,17.0,5.8,7.0,3.4,0.4,1.2,6.6
PBI,2024-07-02,23,0,4,0,5,0.0,0.0,20.0,0.0,0.0,0.0,0.0,40.6,1.94,35.6,114.4
PBI,2024-07-03,0,0,1,0,1,0.0,0.0,100.0,0.0,0.0,0.0,0.0,0.0,2.5,0.0,14.0
PBI,2024-07-03,1,0,0,0,0,0.0,0.0,0.0,0.0,0.0,0.0,0.0,0.0,0.0,0.0,0.0
PBI,2024-07-03,2,0,0,0,0,0.0,0.0,0.0,0.0,0.0,0.0,0.0,0.0,0.0,0.0,0.0
PBI,2024-07-03,6,3,0,3,2,66.67,66.67,100.0,12.67,14.33,2.57,12.67,0.0,0.1,0.0,10.0
PBI,2024-07-03,7,7,1,10,1,80.0,80.0,0.0,7.2,11.8,1.41,8.4,0.0,0.2,0.0,93.0
PBI,2024-07-03,8,4,6,7,6,57.14,42.86,100.0,23.86,12.86,2.37,26.0,0.0,0.4,0.0,0.0
PBI,2024-07-03,9,5,5,8,5,75.0,75.0,100.0,12.0,13.13,2.3,13.88,2.2,0.48,0.0,0.0
PBI,2024-07-03,10,6,5,9,7,77.78,77.78,71.43,5.56,12.56,1.86,6.78,1.57,0.87,1.71,5.14
PBI,2024-07-03,11,6,2,10,4,60.0,60.0,75.0,12.3,11.8,0.87,12.3,0.75,0.1,2.5,4.0
PBI,2024-07-03,12,2,5,5,9,80.0,80.0,66.67,15.6,16.0,4.78,20.2,2.67,0.3,4.22,13.0
PBI,2024-07-03,13,5,4,5,5,100.0,100.0,100.0,0.8,12.0,1.34,2.2,2.4,0.28,3.2,1.2
PBI,2024-07-03,14,5,5,8,8,87.5,87.5,87.5,2.25,11.38,1.06,2.75,2.13,0.33,2.5,2.0
PBI,2024-07-03,15,3,3,4,7,50.0,50.0,71.43,10.0,11.25,0.08,9.5,1.57,1.01,2.0,7.57
PBI,2024-07-03,16,4,4,5,6,100.0,100.0,100.0,2.2,11.8,0.64,2.0,0.0,0.28,0.0,0.33
PBI,2024-07-03,17,3,2,4,9,50.0,50.0,66.67,21.75,12.75,2.75,23.0,3.56,0.11,3.22,7.56
PBI,2024-07-03,18,3,10,4,13,100.0,100.0,76.92,0.0,13.75,2.25,1.0,3.23,0.69,1.92,7.92
PBI,2024-07-03,19,11,5,11,8,90.91,100.0,87.5,3.18,11.18,1.08,3.0,2.5,0.83,3.63,5.63
PBI,2024-07-03,20,3,2,3,4,100.0,100.0,50.0,0.0,11.33,1.03,0.0,2.5,0.1,1.0,37.25
PBI,2024-07-03,21,0,1,1,2,100.0,100.0,50.0,0.0,10.0,0.0,0.0,0.0,0.85,0.0,36.0
PBI,2024-07-03,22,0,5,1,7,100.0,100.0,100.0,0.0,12.0,0.8,0.0,2.43,0.26,2.14,1.86
PBI,2024-07-03,23,0,4,0,4,0.0,0.0,100.0,0.0,0.0,0.0,0.0,1.25,0.18,0.0,0.0
PBI,2024-07-04,0,0,0,0,1,0.0,0.0,0.0,0.0,0.0,0.0,0.0,0.0,0.0,0.0,145.0
PBI,2024-07-04,2,0,0,0,0,0.0,0.0,0.0,0.0,0.0,0.0,0.0,0.0,0.0,0.0,0.0
PBI,2024-07-04,4,0,0,1,0,0.0,0.0,0.0,19.0,11.0,0.0,19.0,0.0,0.0,0.0,0.0
PBI,2024-07-04,5,0,0,0,0,0.0,0.0,0.0,0.0,0.0,0.0,0.0,0.0,0.0,0.0,0.0
PBI,2024-07-04,6,3,0,3,0,100.0,100.0,0.0,0.0,11.0,0.0,0.0,0.0,0.0,0.0,0.0
PBI,2024-07-04,7,7,1,8,2,100.0,100.0,50.0,0.13,12.88,2.15,1.13,3.0,0.2,5.0,21.0
PBI,2024-07-04,8,4,5,7,6,100.0,100.0,83.33,0.0,13.86,2.56,2.57,0.17,0.92,0.67,9.0
PBI,2024-07-04,9,4,6,4,6,100.0,100.0,100.0,0.0,12.25,0.77,0.0,1.0,1.53,0.0,0.0
PBI,2024-07-04,10,7,4,10,4,80.0,80.0,50.0,5.3,12.4,1.71,5.9,1.5,3.7,0.0,20.5
PBI,2024-07-04,11,5,3,5,5,60.0,60.0,100.0,16.4,15.0,3.74,17.4,1.6,0.24,2.8,3.0
PBI,2024-07-04,12,3,5,4,9,100.0,75.0,77.78,0.5,15.25,4.25,4.75,1.78,0.83,2.67,14.89
PBI,2024-07-04,13,5,4,7,7,57.14,57.14,71.43,14.14,13.0,2.0,15.14,2.43,0.3,2.86,11.0
PBI,2024-07-04,14,5,7,6,8,83.33,83.33,100.0,2.83,11.5,1.08,2.5,1.25,1.0,0.75,0.0
PBI,2024-07-04,15,4,2,6,5,66.67,66.67,60.0,6.33,11.33,0.3,6.5,4.4,0.22,8.0,25.8
PBI,2024-07-04,16,2,4,1,6,100.0,100.0,83.33,0.0,11.0,0.0,0.0,1.67,0.22,1.5,11.0
PBI,2024-07-04,17,3,3,3,3,100.0,100.0,66.67,0.0,12.0,0.8,0.0,61.67,0.27,60.67,63.67
PBI,2024-07-04,18,2,5,2,6,50.0,50.0,66.67,11.0,17.0,5.85,13.5,4.5,1.3,3.0,37.83
PBI,2024-07-04,19,6,4,7,4,71.43,71.43,75.0,43.57,11.0,0.19,43.43,0.0,1.15,3.25,14.0
PBI,2024-07-04,20,3,2,2,2,100.0,100.0,100.0,0.0,12.5,1.95,0.0,0.0,2.35,0.0,0.0
PBI,2024-07-04,21,0,3,0,3,0.0,0.0,100.0,0.0,0.0,0.0,0.0,4.67,1.03,0.0,0.0
PBI,2024-07-04,22,0,3,0,3,0.0,0.0,100.0,0.0,0.0,0.0,0.0,1.33,0.93,0.33,0.0
PBI,2024-07-04,23,0,4,1,5,100.0,100.0,80.0,0.0,15.0,3.8,4.0,3.2,0.4,3.0,7.2
PBI,2024-07-05,5,0,0,1,0,100.0,100.0,0.0,0.0,12.0,0.8,1.0,0.0,0.0,0.0,0.0
PBI,2024-07-05,6,4,0,5,2,60.0,60.0,100.0,8.4,11.4,0.26,8.4,0.0,0.0,0.0,5.5
PBI,2024-07-05,7,7,1,8,1,87.5,75.0,100.0,4.13,12.63,2.0,4.75,0.0,0.2,2.0,0.0
PBI,2024-07-05,8,4,5,7,6,71.43,85.71,83.33,4.86,12.29,1.34,6.14,1.5,1.08,2.17,8.83
PBI,2024-07-05,9,4,5,8,7,75.0,75.0,71.43,12.0,11.88,0.83,12.38,3.14,1.19,2.29,10.71
PBI,2024-07-05,10,8,6,17,8,76.47,70.59,87.5,7.71,14.24,3.21,10.29,0.88,1.41,1.5,6.0
PBI,2024-07-05,11,6,2,11,5,72.73,72.73,100.0,10.09,14.36,3.34,11.91,2.2,0.36,2.0,0.0
PBI,2024-07-05,12,3,6,7,7,71.43,71.43,71.43,11.71,11.29,0.34,12.14,2.43,0.87,1.86,9.71
PBI,2024-07-05,13,5,4,6,7,83.33,83.33,71.43,3.33,12.33,0.87,3.67,2.57,0.69,2.71,22.86
PBI,2024-07-05,14,5,5,6,6,83.33,83.33,100.0,11.67,12.67,2.55,12.67,5.33,0.57,1.5,0.0
PBI,2024-07-05,15,3,5,5,6,80.0,80.0,66.67,17.4,10.8,0.0,17.4,4.17,1.07,3.83,42.83
PBI,2024-07-05,16,6,6,10,10,60.0,60.0,70.0,37.6,11.9,1.37,38.2,2.4,0.8,7.6,11.9
PBI,2024-07-05,17,5,3,6,6,83.33,83.33,83.33,11.67,11.17,1.15,12.5,2.67,0.73,2.5,4.83
PBI,2024-07-05,18,2,7,3,9,66.67,66.67,66.67,102.67,11.67,1.1,101.67,3.44,0.66,0.56,17.67
PBI,2024-07-05,19,8,3,9,6,66.67,66.67,50.0,17.56,11.89,1.06,17.56,3.83,0.17,15.0,83.83
PBI,2024-07-05,20,2,2,3,2,66.67,66.67,50.0,14.0,11.67,0.6,14.67,1.5,2.6,0.0,33.0
PBI,2024-07-05,21,0,0,0,0,0.0,0.0,0.0,0.0,0.0,0.0,0.0,0.0,0.0,0.0,0.0
PBI,2024-07-05,22,0,6,1,7,100.0,100.0,57.14,0.0,16.0,4.8,5.0,2.0,0.23,2.29,48.71
PBI,2024-07-05,23,0,5,1,6,0.0,0.0,83.33,24.0,11.0,0.0,24.0,2.33,1.45,1.5,5.67
PBI,2024-07-06,0,0,1,0,0,0.0,0.0,0.0,0.0,0.0,0.0,0.0,0.0,0.0,0.0,0.0
PBI,2024-07-06,2,0,0,0,0,0.0,0.0,0.0,0.0,0.0,0.0,0.0,0.0,0.0,0.0,0.0
PBI,2024-07-06,3,0,0,0,0,0.0,0.0,0.0,0.0,0.0,0.0,0.0,0.0,0.0,0.0,0.0
PBI,2024-07-06,6,5,0,5,1,100.0,100.0,100.0,0.0,14.4,3.52,1.6,0.0,0.2,0.0,0.0
PBI,2024-07-06,7,6,1,6,2,100.0,100.0,100.0,0.67,13.0,1.95,0.33,0.0,0.1,0.0,0.0
PBI,2024-07-06,8,3,4,6,4,66.67,66.67,100.0,7.33,11.17,0.6,8.0,0.5,1.35,0.0,0.0
PBI,2024-07-06,9,6,5,14,6,71.43,78.57,83.33,5.79,14.07,3.64,8.57,0.33,1.27,4.0,18.5
PBI,2024-07-06,10,5,6,7,6,71.43,71.43,66.67,20.14,12.71,1.99,21.86,0.33,1.97,5.17,27.83
PBI,2024-07-06,11,5,3,6,4,66.67,66.67,100.0,16.5,12.5,1.42,17.0,2.75,0.2,2.5,2.75
PBI,2024-07-06,12,3,4,6,9,33.33,33.33,44.44,30.17,13.0,1.87,32.17,2.22,0.72,5.44,15.67
PBI,2024-07-06,13,5,3,7,6,71.43,71.43,66.67,12.14,14.43,3.16,14.0,4.33,1.78,4.83,12.0
PBI,2024-07-06,14,4,6,5,11,100.0,100.0,72.73,1.2,13.4,2.04,2.6,5.45,1.18,5.36,9.18
PBI,2024-07-06,15,5,5,7,8,57.14,57.14,87.5,25.57,17.0,5.69,31.14,2.13,0.73,2.13,6.63
PBI,2024-07-06,16,4,3,4,6,100.0,100.0,50.0,0.25,13.0,1.4,1.5,3.33,1.05,4.67,24.33
PBI,2024-07-06,17,3,4,5,5,60.0,40.0,80.0,33.8,18.0,7.02,39.0,9.2,1.74,5.4,6.4
PBI,2024-07-06,18,5,9,7,13,71.43,71.43,69.23,14.43,12.71,1.97,16.14,3.15,1.71,2.38,9.54
PBI,2024-07-06,19,8,4,8,5,75.0,75.0,40.0,11.75,13.0,1.91,13.0,3.0,0.32,4.2,22.6
PBI,2024-07-06,20,3,2,4,3,75.0,75.0,66.67,8.5,10.5,0.53,7.75,2.67,2.0,5.33,7.67
PBI,2024-07-06,21,0,0,0,0,0.0,0.0,0.0,0.0,0.0,0.0,0.0,0.0,0.0,0.0,0.0
PBI,2024-07-06,22,0,4,0,4,0.0,0.0,50.0,0.0,0.0,0.0,0.0,0.75,0.7,1.75,40.25
PBI,2024-07-06,23,0,6,0,6,0.0,0.0,16.67,0.0,0.0,0.0,0.0,1.5,1.12,0.5,87.17
PBI,2024-07-07,0,0,1,0,2,0.0,0.0,50.0,0.0,0.0,0.0,0.0,2.0,1.35,0.0,44.0
PBI,2024-07-07,1,0,0,0,0,0.0,0.0,0.0,0.0,0.0,0.0,0.0,0.0,0.0,0.0,0.0
PBI,2024-07-07,2,0,0,0,0,0.0,0.0,0.0,0.0,0.0,0.0,0.0,0.0,0.0,0.0,0.0
PBI,2024-07-07,3,0,0,0,0,0.0,0.0,0.0,0.0,0.0,0.0,0.0,0.0,0.0,0.0,0.0
PBI,2024-07-07,5,1,0,1,0,100.0,100.0,0.0,0.0,9.0,0.0,0.0,0.0,0.0,0.0,0.0
PBI,2024-07-07,6,5,0,6,0,83.33,83.33,0.0,3.33,11.17,0.13,3.33,0.0,0.0,0.0,0.0
PBI,2024-07-07,7,5,1,7,1,85.71,85.71,100.0,5.43,13.43,2.27,6.43,0.0,1.2,0.0,0.0
PBI,2024-07-07,8,3,4,5,5,40.0,40.0,100.0,37.0,12.6,1.3,38.4,0.2,0.8,0.0,0.0
PBI,2024-07-07,9,4,8,11,9,63.64,54.55,88.89,20.73,13.82,2.73,23.0,2.0,1.11,1.0,5.33
PBI,2024-07-07,10,9,5,12,7,83.33,83.33,85.71,3.83,13.67,2.9,5.33,1.29,0.81,2.86,3.43
PBI,2024-07-07,11,6,2,12,5,58.33,58.33,80.0,35.67,12.08,1.06,36.67,1.4,1.56,3.0,7.2
PBI,2024-07-07,12,2,6,7,8,71.43,71.43,62.5,7.71,14.0,2.66,10.29,2.13,0.81,3.38,10.75
PBI,2024-07-07,13,6,3,13,7,38.46,30.77,71.43,19.69,13.46,2.61,22.31,5.71,1.14,6.29,16.0
PBI,2024-07-07,14,5,6,12,7,58.33,58.33,57.14,17.5,14.0,3.05,19.58,4.57,1.71,2.29,24.0
PBI,2024-07-07,15,3,4,7,8,57.14,57.14,50.0,13.43,15.71,4.41,17.14,3.25,2.82,4.25,24.38
PBI,2024-07-07,16,5,4,9,9,55.56,55.56,66.67,30.33,12.44,1.77,31.11,4.67,0.64,4.22,11.56
PBI,2024-07-07,17,3,2,5,6,80.0,100.0,66.67,3.4,9.6,0.0,3.0,1.17,1.07,4.5,15.5
PBI,2024-07-07,18,4,8,7,14,71.43,71.43,50.0,43.57,12.57,1.37,44.57,3.0,1.66,3.0,29.29
PBI,2024-07-07,19,8,6,7,9,57.14,57.14,55.56,19.57,12.57,1.19,19.71,1.67,0.61,4.33,16.67
PBI,2024-07-07,20,4,2,4,4,75.0,75.0,50.0,7.5,11.75,1.27,7.75,2.5,1.28,9.5,16.75
PBI,2024-07-07,21,1,1,1,1,100.0,0.0,100.0,12.0,15.0,3.4,15.0,0.0,1.6,0.0,0.0
PBI,2024-07-07,22,0,5,0,6,0.0,0.0,83.33,0.0,0.0,0.0,0.0,2.17,0.25,1.5,6.0
PBI,2024-07-07,23,0,5,0,5,0.0,0.0,60.0,0.0,0.0,0.0,0.0,1.0,2.62,21.0,36.4
PBI,2024-07-08,0,0,2,0,0,0.0,0.0,0.0,0.0,0.0,0.0,0.0,0.0,0.0,0.0,0.0
PBI,2024-07-08,2,0,1,0,1,0.0,0.0,0.0,0.0,0.0,0.0,0.0,0.0,1.5,0.0,59.0
PBI,2024-07-08,3,0,0,0,0,0.0,0.0,0.0,0.0,0.0,0.0,0.0,0.0,0.0,0.0,0.0
PBI,2024-07-08,5,0,0,0,0,0.0,0.0,0.0,0.0,0.0,0.0,0.0,0.0,0.0,0.0,0.0
PBI,2024-07-08,6,4,0,6,0,66.67,66.67,0.0,9.5,11.5,0.42,9.83,0.0,0.0,0.0,0.0
PBI,2024-07-08,7,7,1,10,1,90.0,80.0,100.0,6.3,14.3,3.24,9.2,0.0,1.2,2.0,0.0
PBI,2024-07-08,8,3,5,5,5,80.0,80.0,80.0,9.2,13.2,1.9,10.6,1.2,0.94,0.4,37.2
PBI,2024-07-08,9,5,5,9,6,55.56,55.56,83.33,29.56,10.56,0.11,29.44,0.5,1.13,2.5,5.67
PBI,2024-07-08,10,8,8,11,12,81.82,81.82,58.33,5.27,11.45,0.83,5.36,2.75,0.44,2.83,16.0
PBI,2024-07-08,11,7,1,13,6,53.85,53.85,66.67,15.85,14.15,3.25,18.0,1.67,0.2,4.83,12.17
PBI,2024-07-08,12,2,7,5,10,60.0,60.0,40.0,8.4,11.8,0.74,8.6,2.7,0.95,3.3,27.6
PBI,2024-07-08,13,6,4,9,8,77.78,77.78,75.0,19.33,13.67,3.03,22.0,1.13,1.26,2.88,8.63
PBI,2024-07-08,14,5,5,8,15,87.5,75.0,46.67,3.0,15.38,4.4,6.13,4.0,2.56,7.87,28.27
PBI,2024-07-08,15,3,3,7,6,85.71,71.43,66.67,6.71,14.71,3.06,9.43,4.0,1.88,7.83,15.83
PBI,2024-07-08,16,5,5,7,9,71.43,71.43,77.78,11.29,12.29,1.19,11.86,3.44,0.52,4.33,14.89
PBI,2024-07-08,17,3,3,3,3,100.0,100.0,33.33,2.67,11.0,0.67,3.0,13.67,0.8,6.33,31.67
PBI,2024-07-08,18,3,10,4,14,25.0,25.0,57.14,54.75,14.0,3.43,57.75,8.64,1.53,5.21,14.07
PBI,2024-07-08,19,11,3,13,5,46.15,46.15,20.0,31.15,12.15,1.2,31.62,22.2,1.24,40.4,38.2
PBI,2024-07-08,20,3,2,3,3,66.67,66.67,66.67,7.33,11.67,1.7,6.67,3.33,0.67,2.67,15.33
PBI,2024-07-08,21,0,0,3,1,100.0,66.67,0.0,1.67,16.67,5.97,7.33,1.0,1.2,8.0,24.0
PBI,2024-07-08,22,0,5,1,5,100.0,100.0,100.0,1.0,13.0,1.8,3.0,1.8,1.44,0.0,1.4
PBI,2024-07-08,23,0,6,0,7,0.0,0.0,14.29,0.0,0.0,0.0,0.0,3.14,1.27,1.71,89.14
PBI,2024-07-09,0,0,2,0,2,0.0,0.0,50.0,0.0,0.0,0.0,0.0,0.0,1.25,9.0,23.0
PBI,2024-07-09,1,0,0,0,0,0.0,0.0,0.0,0.0,0.0,0.0,0.0,0.0,0.0,0.0,0.0
PBI,2024-07-09,3,0,0,0,0,0.0,0.0,0.0,0.0,0.0,0.0,0.0,0.0,0.0,0.0,0.0
PBI,2024-07-09,4,0,0,1,0,100.0,100.0,0.0,0.0,16.0,4.8,5.0,0.0,0.0,0.0,0.0
PBI,2024-07-09,6,4,0,5,2,60.0,60.0,0.0,120.4,12.8,1.82,121.6,0.0,1.7,3.5,50.5
PBI,2024-07-09,7,7,1,9,1,100.0,100.0,100.0,0.0,13.33,2.44,1.0,0.0,1.2,0.0,0.0
PBI,2024-07-09,8,3,5,6,6,100.0,100.0,83.33,0.0,13.0,1.98,1.0,1.67,0.93,1.83,11.5
PBI,2024-07-09,9,5,5,7,6,85.71,85.71,83.33,4.14,12.29,1.79,5.57,0.33,2.55,0.83,8.67
PBI,2024-07-09,10,7,8,11,10,72.73,72.73,80.0,9.36,14.73,3.57,12.55,2.9,1.5,1.5,28.7
PBI,2024-07-09,11,8,1,9,2,77.78,77.78,50.0,33.89,12.44,1.36,34.33,1.0,0.7,2.0,42.5
PBI,2024-07-09,12,1,4,1,7,100.0,100.0,42.86,0.0,12.0,0.9,0.0,4.14,1.36,6.29,52.86
PBI,2024-07-09,13,4,4,5,6,60.0,60.0,83.33,19.2,14.8,3.44,22.4,0.83,0.67,1.67,3.17
PBI,2024-07-09,14,5,6,9,8,22.22,22.22,37.5,73.67,15.22,4.42,77.67,10.38,4.13,9.13,51.25
PBI,2024-07-09,15,3,3,7,7,28.57,28.57,85.71,48.57,13.14,1.94,50.0,2.0,3.4,4.29,10.71
PBI,2024-07-09,16,5,4,7,6,100.0,85.71,50.0,3.71,11.86,1.56,4.14,4.17,1.38,6.5,74.33
PBI,2024-07-09,17,3,4,5,6,80.0,80.0,66.67,77.6,14.4,3.86,80.6,3.67,1.48,3.67,12.83
PBI,2024-07-09,18,5,9,5,10,40.0,40.0,70.0,14.6,13.6,2.58,16.8,1.9,1.8,1.5,31.7
PBI,2024-07-09,19,8,2,8,4,62.5,62.5,100.0,43.5,15.63,4.02,46.13,0.75,0.95,2.5,4.75
PBI,2024-07-09,20,3,2,3,2,100.0,100.0,50.0,0.0,12.33,2.03,0.0,3.0,0.4,0.0,34.0
PBI,2024-07-09,21,0,0,1,1,100.0,100.0,0.0,0.0,9.0,0.0,0.0,3.0,1.2,8.0,35.0
PBI,2024-07-09,22,0,5,1,8,100.0,100.0,75.0,0.0,9.0,0.0,0.0,2.63,1.04,4.25,14.25
PBI,2024-07-09,23,0,5,0,5,0.0,0.0,60.0,0.0,0.0,0.0,0.0,0.8,1.02,0.0,9.6
PBI,2024-07-10,0,0,2,0,2,0.0,0.0,0.0,0.0,0.0,0.0,0.0,0.5,1.05,0.0,113.0
PBI,2024-07-10,2,0,0,0,0,0.0,0.0,0.0,0.0,0.0,0.0,0.0,0.0,0.0,0.0,0.0
PBI,2024-07-10,6,3,0,4,2,75.0,75.0,50.0,21.25,12.25,1.02,21.75,0.0,0.0,0.0,27.0
PBI,2024-07-10,7,7,1,11,2,45.45,45.45,50.0,15.64,11.0,0.52,15.91,0.0,1.2,2.0,8.0
PBI,2024-07-10,8,4,5,10,6,70.0,70.0,83.33,9.8,11.4,0.33,10.1,1.67,1.48,1.5,3.5
PBI,2024-07-10,9,4,5,5,9,80.0,80.0,66.67,5.8,9.8,0.0,5.4,1.33,2.04,2.22,10.22
PBI,2024-07-10,10,7,7,12,9,83.33,75.0,88.89,7.08,14.5,3.29,8.92,3.0,1.11,2.11,5.67
PBI,2024-07-10,11,7,1,9,7,88.89,88.89,71.43,3.56,13.56,2.91,5.89,5.71,1.63,10.43,15.43
PBI,2024-07-10,12,1,4,6,7,83.33,83.33,85.71,9.83,12.5,1.77,11.67,2.86,1.3,4.71,7.71
PBI,2024-07-10,13,4,4,8,8,50.0,50.0,75.0,25.5,14.63,3.25,28.63,1.75,1.07,2.0,9.38
PBI,2024-07-10,14,5,5,8,7,100.0,100.0,85.71,2.0,14.63,3.88,4.38,5.43,2.19,4.57,5.86
PBI,2024-07-10,15,3,4,6,9,100.0,83.33,44.44,0.17,18.17,6.55,5.17,12.22,0.92,11.89,29.56
PBI,2024-07-10,16,5,4,6,8,83.33,66.67,50.0,3.17,26.67,15.77,18.83,6.38,1.46,8.75,43.13
PBI,2024-07-10,17,3,4,6,6,33.33,33.33,66.67,167.33,14.33,3.68,170.67,2.83,1.73,6.33,26.17
PBI,2024-07-10,18,5,10,5,12,60.0,60.0,58.33,33.8,16.2,5.72,39.2,1.92,2.89,9.33,15.0
PBI,2024-07-10,19,10,3,11,10,27.27,27.27,60.0,27.64,22.91,11.36,38.27,7.5,3.34,11.7,19.4
PBI,2024-07-10,20,3,2,5,2,60.0,60.0,0.0,23.2,19.4,8.48,30.8,66.5,0.4,72.5,69.5
PBI,2024-07-10,21,0,0,1,1,0.0,0.0,0.0,30.0,11.0,0.0,30.0,4.0,3.2,26.0,27.0
PBI,2024-07-10,22,0,5,1,6,100.0,100.0,33.33,0.0,11.0,0.0,0.0,0.0,1.45,26.83,57.67
PBI,2024-07-10,23,0,5,0,5,0.0,0.0,60.0,0.0,0.0,0.0,0.0,1.0,1.82,0.0,64.8
PBI,2024-07-11,0,0,2,0,2,0.0,0.0,100.0,0.0,0.0,0.0,0.0,0.0,0.55,0.0,0.0
PBI,2024-07-11,1,0,0,0,0,0.0,0.0,0.0,0.0,0.0,0.0,0.0,0.0,0.0,0.0,0.0
PBI,2024-07-11,2,0,0,0,0,0.0,0.0,0.0,0.0,0.0,0.0,0.0,0.0,0.0,0.0,0.0
PBI,2024-07-11,4,0,0,1,0,0.0,0.0,0.0,44.0,12.0,0.8,45.0,0.0,0.0,0.0,0.0
PBI,2024-07-11,5,0,0,0,0,0.0,0.0,0.0,0.0,0.0,0.0,0.0,0.0,0.0,0.0,0.0
PBI,2024-07-11,6,3,0,4,2,50.0,50.0,50.0,9.0,12.25,1.05,9.5,1.0,1.2,2.0,9.0
PBI,2024-07-11,7,7,1,12,1,83.33,83.33,100.0,4.25,13.33,2.68,6.92,0.0,1.2,5.0,3.0
PBI,2024-07-11,8,3,5,7,6,42.86,42.86,83.33,20.0,11.14,0.27,20.0,8.67,1.6,6.67,12.0
PBI,2024-07-11,9,5,6,9,7,55.56,55.56,85.71,20.67,11.22,0.57,20.78,6.14,2.29,6.29,7.43
PBI,2024-07-11,10,8,7,12,10,83.33,75.0,80.0,7.42,14.08,3.41,10.08,7.5,3.27,6.7,12.9
PBI,2024-07-11,11,7,1,9,1,88.89,88.89,0.0,7.33,12.0,0.9,8.11,0.0,1.2,57.0,59.0
PBI,2024-07-11,12,1,6,2,8,50.0,50.0,62.5,29.0,14.5,4.4,32.5,9.25,1.2,9.38,26.63
PBI,2024-07-11,13,6,4,8,9,50.0,37.5,66.67,37.63,16.38,5.46,42.63,9.33,0.9,10.0,22.11
PBI,2024-07-11,14,5,6,7,9,85.71,42.86,55.56,13.86,25.29,14.29,27.43,7.56,1.77,11.44,19.0
PBI,2024-07-11,15,3,2,11,7,54.55,36.36,42.86,16.82,19.55,8.39,25.09,9.29,1.73,10.29,19.86
PBI,2024-07-11,16,4,4,8,9,50.0,37.5,66.67,17.0,13.25,2.09,18.88,3.33,1.73,6.44,21.67
PBI,2024-07-11,17,3,2,3,4,100.0,100.0,25.0,0.0,12.0,1.13,0.0,4.5,1.55,6.25,33.25
PBI,2024-07-11,18,4,10,4,12,25.0,25.0,33.33,37.25,9.5,0.0,35.25,5.08,1.67,2.33,45.83
PBI,2024-07-11,19,10,5,11,11,54.55,54.55,54.55,41.09,11.64,0.79,41.27,5.64,1.44,8.91,29.09
PBI,2024-07-11,20,4,2,4,2,50.0,50.0,100.0,32.5,14.5,3.97,32.5,1.0,1.4,0.0,0.0
PBI,2024-07-11,21,0,0,1,1,100.0,100.0,100.0,0.0,11.0,0.0,0.0,9.0,1.2,6.0,0.0
PBI,2024-07-11,22,0,5,1,7,100.0,100.0,57.14,0.0,11.0,0.0,0.0,2.43,1.06,3.86,24.57
PBI,2024-07-11,23,0,6,0,6,0.0,0.0,33.33,0.0,0.0,0.0,0.0,0.33,1.68,1.83,121.33
PBI,2024-07-12,0,0,2,0,2,0.0,0.0,100.0,0.0,0.0,0.0,0.0,0.0,2.05,0.0,0.0
PBI,2024-07-12,2,0,0,0,1,0.0,0.0,100.0,0.0,0.0,0.0,0.0,0.0,1.2,4.0,8.0
PBI,2024-07-12,6,4,0,8,2,50.0,50.0,50.0,10.88,11.38,0.54,11.25,2.5,1.2,3.5,12.5
PBI,2024-07-12,7,7,1,13,3,61.54,61.54,33.33,19.62,11.69,0.76,19.92,2.33,1.87,7.67,54.0
PBI,2024-07-12,8,3,5,4,8,100.0,100.0,75.0,0.0,12.25,0.77,0.25,5.5,1.6,4.63,17.88
PBI,2024-07-12,9,5,5,10,9,50.0,50.0,55.56,36.3,12.6,2.15,37.9,8.33,2.77,13.89,20.22
PBI,2024-07-12,10,8,8,17,14,52.94,52.94,35.71,17.24,16.94,5.74,22.59,3.86,1.52,10.57,20.79
PBI,2024-07-12,11,7,1,12,7,50.0,50.0,42.86,24.25,12.17,1.35,25.5,12.57,1.49,24.0,41.43
PBI,2024-07-12,12,2,7,6,8,33.33,33.33,75.0,43.0,12.0,0.93,44.0,1.38,1.7,2.75,50.38
PBI,2024-07-12,13,6,4,8,7,62.5,62.5,28.57,58.25,13.5,2.58,60.75,3.86,1.23,17.0,32.14
PBI,2024-07-12,14,5,5,8,10,50.0,50.0,60.0,67.88,18.25,7.22,74.5,3.3,2.54,17.2,26.9
PBI,2024-07-12,15,3,3,4,4,0.0,0.0,50.0,46.5,13.75,1.7,48.0,4.0,1.38,3.25,26.0
PBI,2024-07-12,16,5,5,8,5,50.0,25.0,0.0,16.5,15.25,4.13,20.5,2.0,0.76,12.0,81.0
PBI,2024-07-12,17,3,3,5,9,0.0,0.0,55.56,102.2,13.2,3.0,104.4,6.56,1.02,15.11,48.33
PBI,2024-07-12,18,3,10,4,11,50.0,75.0,36.36,31.0,11.5,0.9,30.5,1.91,1.76,11.18,45.73
PBI,2024-07-12,19,12,3,12,3,25.0,25.0,0.0,63.42,17.58,6.13,69.25,0.67,1.8,2.33,48.0
PBI,2024-07-12,20,2,2,1,4,0.0,0.0,50.0,77.0,12.0,0.9,78.0,4.0,2.8,9.75,11.5
PBI,2024-07-12,21,0,0,0,3,0.0,0.0,66.67,0.0,0.0,0.0,0.0,1.67,1.47,6.33,11.33
PBI,2024-07-12,22,0,5,2,6,100.0,100.0,0.0,0.0,9.0,0.0,0.0,1.5,1.33,4.83,103.67
PBI,2024-07-12,23,0,6,0,6,0.0,0.0,16.67,0.0,0.0,0.0,0.0,0.83,2.05,0.83,32.5
PBI,2024-07-13,0,0,2,0,2,0.0,0.0,50.0,0.0,0.0,0.0,0.0,1.5,1.55,0.0,34.0
PBI,2024-07-13,1,0,0,0,0,0.0,0.0,0.0,0.0,0.0,0.0,0.0,0.0,0.0,0.0,0.0
PBI,2024-07-13,5,0,0,1,0,100.0,100.0,0.0,0.0,11.0,0.0,0.0,0.0,0.0,0.0,0.0
PBI,2024-07-13,6,5,0,5,1,80.0,80.0,100.0,3.6,11.2,0.64,3.6,0.0,0.2,0.0,1.0
PBI,2024-07-13,7,6,1,8,2,87.5,87.5,50.0,2.5,11.63,0.91,3.25,0.0,0.7,4.0,9.0
PBI,2024-07-13,8,3,3,8,3,75.0,75.0,66.67,13.13,12.25,1.15,14.38,0.0,0.6,1.67,14.0
PBI,2024-07-13,9,5,6,10,7,30.0,30.0,57.14,27.8,12.7,1.91,28.4,2.43,1.3,4.86,17.14
PBI,2024-07-13,10,6,6,8,7,50.0,50.0,57.14,17.25,12.0,1.11,17.63,2.57,0.49,5.57,13.86
PBI,2024-07-13,11,6,2,8,4,62.5,75.0,75.0,12.0,13.25,2.29,13.75,5.5,0.05,4.25,11.75
PBI,2024-07-13,12,1,5,4,8,100.0,100.0,75.0,0.0,12.25,1.17,1.25,1.38,0.6,4.0,11.5
PBI,2024-07-13,13,6,3,9,8,77.78,77.78,25.0,6.56,13.44,2.23,8.78,2.88,1.23,5.13,28.5
PBI,2024-07-13,14,4,6,6,7,66.67,66.67,71.43,19.83,18.33,7.07,26.83,1.57,1.0,3.57,11.14
PBI,2024-07-13,15,5,5,5,6,80.0,80.0,83.33,11.8,20.0,8.74,20.2,1.5,2.2,2.5,8.83
PBI,2024-07-13,16,3,3,4,3,100.0,75.0,66.67,2.25,18.25,7.55,9.25,3.33,0.57,0.0,24.33
PBI,2024-07-13,17,4,4,4,8,75.0,75.0,50.0,4.5,12.75,1.6,5.75,2.38,0.91,4.63,17.5
PBI,2024-07-13,18,5,10,6,12,50.0,50.0,66.67,29.5,10.67,0.28,29.33,1.67,1.1,3.0,53.92
PBI,2024-07-13,19,9,3,10,4,80.0,80.0,100.0,51.3,14.4,3.17,52.6,0.0,0.65,1.5,0.5
PBI,2024-07-13,20,3,2,4,4,75.0,75.0,25.0,20.0,11.25,0.53,20.5,2.5,1.3,4.0,72.5
PBI,2024-07-13,21,0,0,0,1,0.0,0.0,0.0,0.0,0.0,0.0,0.0,4.0,1.2,11.0,51.0
PBI,2024-07-13,22,0,4,1,4,100.0,100.0,50.0,0.0,16.0,4.8,5.0,1.5,1.33,0.0,40.5
PBI,2024-07-13,23,0,6,0,7,0.0,0.0,85.71,0.0,0.0,0.0,0.0,0.43,0.91,2.0,7.71
PBI,2024-07-14,0,0,2,0,2,0.0,0.0,100.0,0.0,0.0,0.0,0.0,1.0,1.05,0.0,0.0
PBI,2024-07-14,1,0,0,0,0,0.0,0.0,0.0,0.0,0.0,0.0,0.0,0.0,0.0,0.0,0.0
PBI,2024-07-14,2,0,0,0,0,0.0,0.0,0.0,0.0,0.0,0.0,0.0,0.0,0.0,0.0,0.0
PBI,2024-07-14,5,1,0,1,0,100.0,100.0,0.0,0.0,9.0,0.0,0.0,0.0,0.0,0.0,0.0
PBI,2024-07-14,6,4,0,6,1,100.0,100.0,0.0,0.0,12.33,1.07,0.17,4.0,1.2,15.0,47.0
PBI,2024-07-14,7,6,1,8,1,100.0,100.0,100.0,1.25,14.13,2.85,3.75,0.0,1.2,0.0,0.0
PBI,2024-07-14,8,3,4,5,3,80.0,80.0,100.0,6.0,13.8,2.92,9.0,0.33,0.6,0.0,2.33
PBI,2024-07-14,9,4,7,6,7,33.33,33.33,85.71,44.17,13.0,2.22,45.83,0.71,4.54,2.14,2.29
PBI,2024-07-14,10,9,7,10,7,80.0,80.0,100.0,5.0,13.1,2.53,5.2,4.29,1.69,1.14,1.14
PBI,2024-07-14,11,7,1,9,3,77.78,77.78,66.67,5.33,11.89,1.11,5.56,0.0,0.87,1.33,5.67
PBI,2024-07-14,12,1,6,3,9,66.67,66.67,66.67,27.0,11.33,0.27,27.33,3.67,0.39,4.78,23.22
PBI,2024-07-14,13,6,3,12,7,75.0,75.0,71.43,19.08,12.42,1.47,20.58,2.0,0.76,3.14,26.71
PBI,2024-07-14,14,5,6,11,7,54.55,54.55,42.86,35.0,12.64,1.94,36.64,2.43,1.07,3.86,28.57
PBI,2024-07-14,15,3,4,5,8,20.0,20.0,62.5,58.4,14.0,2.26,60.4,4.88,1.1,7.88,66.38
PBI,2024-07-14,16,5,4,6,10,50.0,50.0,60.0,86.67,13.67,2.97,89.67,8.8,5.58,22.6,70.1
PBI,2024-07-14,17,3,2,5,8,60.0,40.0,37.5,25.8,15.8,5.4,31.0,14.75,6.65,24.38,39.88
PBI,2024-07-14,18,4,9,7,13,28.57,28.57,30.77,72.57,10.71,0.53,72.57,6.08,1.32,15.08,84.23
PBI,2024-07-14,19,9,5,12,8,33.33,33.33,12.5,81.83,13.75,2.82,82.42,1.25,1.81,9.88,74.25
PBI,2024-07-14,20,4,2,6,5,16.67,16.67,20.0,75.67,13.0,2.1,77.83,7.0,1.04,6.0,29.6
PBI,2024-07-14,21,0,0,1,3,0.0,0.0,0.0,87.0,7.0,0.0,85.0,4.0,2.3,14.33,55.0
PBI,2024-07-14,22,0,5,1,6,0.0,0.0,50.0,52.0,11.0,2.0,54.0,2.17,4.12,2.17,64.0
PBI,2024-07-14,23,0,6,0,6,0.0,0.0,16.67,0.0,0.0,0.0,0.0,1.17,1.88,3.17,92.33
PBI,2024-07-15,0,0,2,0,2,0.0,0.0,50.0,0.0,0.0,0.0,0.0,0.0,2.55,0.0,48.0
PBI,2024-07-15,1,0,0,0,0,0.0,0.0,0.0,0.0,0.0,0.0,0.0,0.0,0.0,0.0,0.0
PBI,2024-07-15,2,0,0,0,0,0.0,0.0,0.0,0.0,0.0,0.0,0.0,0.0,0.0,0.0,0.0
PBI,2024-07-15,4,0,0,0,0,0.0,0.0,0.0,0.0,0.0,0.0,0.0,0.0,0.0,0.0,0.0
PBI,2024-07-15,6,4,0,5,0,80.0,80.0,0.0,3.4,13.0,2.42,5.0,0.0,0.0,0.0,0.0
PBI,2024-07-15,7,7,1,12,1,66.67,66.67,0.0,9.25,13.42,2.35,11.5,0.0,1.2,4.0,87.0
PBI,2024-07-15,8,3,5,7,5,71.43,71.43,80.0,11.86,13.43,2.1,14.0,0.0,0.24,0.6,58.2
PBI,2024-07-15,9,5,6,5,7,40.0,40.0,71.43,73.8,13.4,2.38,75.4,1.43,0.91,0.71,17.57
PBI,2024-07-15,10,8,7,11,10,45.45,45.45,70.0,26.18,15.91,4.66,30.73,3.8,1.41,3.9,22.2
PBI,2024-07-15,11,7,1,11,7,72.73,63.64,57.14,8.64,17.27,5.83,13.73,4.86,0.77,4.57,15.14
PBI,2024-07-15,12,2,7,6,10,83.33,66.67,40.0,6.17,18.17,7.02,12.5,2.8,0.49,2.7,37.5
PBI,2024-07-15,13,6,4,9,9,11.11,11.11,77.78,60.22,13.89,2.91,62.89,3.22,0.68,3.44,11.22
PBI,2024-07-15,14,5,5,8,11,75.0,75.0,63.64,5.13,14.38,3.4,7.75,5.36,2.45,6.09,20.27
PBI,2024-07-15,15,3,3,4,6,75.0,75.0,50.0,10.25,13.25,1.25,11.25,7.0,0.38,7.83,26.0
PBI,2024-07-15,16,5,5,10,10,50.0,30.0,70.0,27.5,26.2,15.08,42.4,11.6,0.49,16.4,25.1
PBI,2024-07-15,17,3,3,5,5,80.0,80.0,80.0,19.4,11.2,0.62,19.6,4.8,0.56,9.2,8.0
PBI,2024-07-15,18,3,10,5,12,60.0,60.0,50.0,17.4,15.0,3.5,20.0,2.33,1.6,4.83,54.17
PBI,2024-07-15,19,11,3,12,4,58.33,41.67,75.0,45.33,16.0,4.92,50.08,2.25,0.25,1.75,12.25
PBI,2024-07-15,20,3,2,3,2,33.33,33.33,50.0,48.67,13.33,2.67,51.0,2.0,0.1,0.5,19.0
PBI,2024-07-15,21,0,0,1,0,100.0,100.0,0.0,0.0,14.0,2.8,0.0,0.0,0.0,0.0,0.0
PBI,2024-07-15,22,0,5,1,5,100.0,100.0,20.0,0.0,14.0,2.8,0.0,0.4,1.46,3.6,37.2
PBI,2024-07-15,23,0,6,0,7,0.0,0.0,42.86,0.0,0.0,0.0,0.0,1.29,2.13,1.29,19.29
PBI,2024-07-16,0,0,2,0,3,0.0,0.0,33.33,0.0,0.0,0.0,0.0,0.0,0.77,0.0,17.33
PBI,2024-07-16,1,0,0,0,0,0.0,0.0,0.0,0.0,0.0,0.0,0.0,0.0,0.0,0.0,0.0
PBI,2024-07-16,4,0,0,1,0,100.0,100.0,0.0,0.0,21.0,9.8,10.0,0.0,0.0,0.0,0.0
PBI,2024-07-16,5,0,0,1,0,0.0,0.0,0.0,36.0,13.0,1.8,38.0,0.0,0.0,0.0,0.0
PBI,2024-07-16,6,4,0,4,2,100.0,100.0,0.0,0.0,11.75,0.55,0.0,0.0,0.0,0.0,28.5
PBI,2024-07-16,7,7,1,10,2,80.0,80.0,50.0,8.4,12.0,1.08,8.8,2.0,0.2,4.5,12.5
PBI,2024-07-16,8,3,5,10,7,60.0,50.0,71.43,10.3,14.9,3.69,14.1,1.43,0.89,5.14,12.0
PBI,2024-07-16,9,5,5,8,5,75.0,75.0,100.0,9.13,12.5,1.59,10.0,1.6,1.12,0.0,1.0
PBI,2024-07-16,10,7,8,10,13,70.0,70.0,69.23,18.1,12.0,1.29,19.4,1.69,0.3,2.0,8.77
PBI,2024-07-16,11,8,1,14,3,64.29,57.14,66.67,10.21,13.93,2.86,12.36,3.67,0.13,3.33,5.67
PBI,2024-07-16,12,1,4,2,9,50.0,50.0,55.56,21.0,11.5,0.9,22.0,3.33,0.72,4.67,31.67
PBI,2024-07-16,13,4,4,8,5,25.0,25.0,80.0,51.13,16.13,4.83,56.0,2.2,0.14,2.6,6.4
PBI,2024-07-16,14,5,6,8,7,62.5,62.5,57.14,31.38,16.13,5.2,36.0,2.14,1.6,1.71,15.0
PBI,2024-07-16,15,3,3,4,4,50.0,50.0,50.0,18.25,11.75,0.4,17.75,2.25,0.43,1.5,24.5
PBI,2024-07-16,16,5,3,7,4,57.14,57.14,75.0,16.14,12.71,1.79,17.71,1.25,0.48,0.0,9.5
PBI,2024-07-16,17,2,4,3,9,66.67,66.67,55.56,32.67,35.67,24.97,57.33,1.89,1.0,3.89,19.67
PBI,2024-07-16,18,5,9,8,9,62.5,50.0,66.67,19.75,17.0,6.08,25.63,0.56,0.69,4.78,44.22
PBI,2024-07-16,19,8,2,8,4,75.0,50.0,75.0,45.38,23.0,11.53,54.63,1.75,0.45,4.25,22.75
PBI,2024-07-16,20,3,2,5,3,80.0,60.0,66.67,14.2,24.4,13.48,24.4,2.0,0.67,0.67,24.33
PBI,2024-07-16,21,0,0,1,1,0.0,0.0,100.0,51.0,15.0,3.8,55.0,4.0,0.2,9.0,1.0
PBI,2024-07-16,22,0,5,1,5,100.0,100.0,60.0,0.0,11.0,0.0,0.0,0.8,1.26,3.2,54.0
PBI,2024-07-16,23,0,5,0,6,0.0,0.0,16.67,0.0,0.0,0.0,0.0,7.17,1.28,6.0,61.5
PBI,2024-07-17,0,0,2,0,4,0.0,0.0,25.0,0.0,0.0,0.0,0.0,1.0,0.73,0.75,47.0
PBI,2024-07-17,1,0,0,0,1,0.0,0.0,0.0,0.0,0.0,0.0,0.0,0.0,0.2,6.0,65.0
PBI,2024-07-17,2,0,0,0,0,0.0,0.0,0.0,0.0,0.0,0.0,0.0,0.0,0.0,0.0,0.0
PBI,2024-07-17,3,0,0,1,0,0.0,0.0,0.0,50.0,15.0,3.8,54.0,0.0,0.0,0.0,0.0
PBI,2024-07-17,4,0,0,0,0,0.0,0.0,0.0,0.0,0.0,0.0,0.0,0.0,0.0,0.0,0.0
PBI,2024-07-17,6,3,0,4,1,75.0,75.0,100.0,6.25,11.25,0.53,6.0,0.0,0.2,0.0,0.0
PBI,2024-07-17,7,7,1,10,1,80.0,80.0,100.0,6.1,14.5,3.52,7.2,0.0,0.2,0.0,0.0
PBI,2024-07-17,8,4,5,9,7,77.78,55.56,85.71,14.11,17.67,6.44,20.0,0.14,0.37,0.57,3.14
PBI,2024-07-17,9,4,5,6,6,50.0,50.0,83.33,24.17,16.33,5.27,27.67,0.83,1.77,2.0,3.67
PBI,2024-07-17,10,7,7,10,11,80.0,60.0,72.73,9.6,19.6,8.34,15.6,2.91,0.26,5.27,14.55
PBI,2024-07-17,11,7,1,11,5,81.82,45.45,20.0,9.27,20.91,9.72,17.09,3.8,0.4,8.0,60.6
PBI,2024-07-17,12,1,4,4,9,50.0,50.0,44.44,17.5,18.0,6.83,23.5,2.44,1.72,7.11,30.11
PBI,2024-07-17,13,4,4,7,6,42.86,42.86,50.0,30.43,19.57,8.14,38.43,3.17,1.37,6.17,20.67
PBI,2024-07-17,14,5,5,6,7,66.67,33.33,71.43,12.0,29.83,18.83,30.5,2.43,1.03,2.86,22.43
PBI,2024-07-17,15,3,4,7,7,28.57,14.29,57.14,40.71,31.86,20.2,60.86,5.0,0.47,7.71,23.71
PBI,2024-07-17,16,5,3,5,10,60.0,60.0,10.0,43.2,22.0,11.2,54.0,6.4,0.24,11.0,37.0
PBI,2024-07-17,17,2,4,3,7,0.0,0.0,28.57,107.67,14.33,3.43,111.0,4.57,0.8,5.71,44.57
PBI,2024-07-17,18,5,10,5,11,0.0,0.0,45.45,75.0,11.8,1.08,75.8,1.91,1.13,7.09,56.55
PBI,2024-07-17,19,10,3,12,6,33.33,25.0,50.0,74.5,16.67,4.87,78.5,0.83,3.07,0.17,19.5
PBI,2024-07-17,20,3,2,3,4,66.67,33.33,50.0,44.0,14.33,3.67,47.67,2.25,0.4,3.75,30.0
PBI,2024-07-17,21,0,0,1,2,100.0,100.0,0.0,0.0,13.0,1.8,0.0,0.0,0.1,4.0,31.5
PBI,2024-07-17,22,0,5,1,4,100.0,100.0,0.0,0.0,16.0,4.8,0.0,0.0,0.45,3.75,152.5
PBI,2024-07-17,23,0,5,0,4,0.0,0.0,25.0,0.0,0.0,0.0,0.0,5.5,0.2,36.75,107.75
PBI,2024-07-18,0,0,2,0,2,0.0,0.0,50.0,0.0,0.0,0.0,0.0,0.0,0.8,0.0,45.0
PBI,2024-07-18,1,0,0,0,0,0.0,0.0,0.0,0.0,0.0,0.0,0.0,0.0,0.0,0.0,0.0
PBI,2024-07-18,2,0,0,0,0,0.0,0.0,0.0,0.0,0.0,0.0,0.0,0.0,0.0,0.0,0.0
PBI,2024-07-18,3,0,0,0,0,0.0,0.0,0.0,0.0,0.0,0.0,0.0,0.0,0.0,0.0,0.0
PBI,2024-07-18,4,0,0,1,0,0.0,0.0,0.0,17.0,14.0,2.8,20.0,0.0,0.0,0.0,0.0
PBI,2024-07-18,5,0,0,0,0,0.0,0.0,0.0,0.0,0.0,0.0,0.0,0.0,0.0,0.0,0.0
PBI,2024-07-18,6,3,0,5,3,60.0,60.0,0.0,24.6,15.2,3.64,28.0,1.67,0.07,3.0,20.67
PBI,2024-07-18,7,7,1,13,1,61.54,61.54,100.0,8.54,15.54,4.38,12.23,0.0,0.2,0.0,0.0
PBI,2024-07-18,8,3,5,7,4,71.43,71.43,100.0,12.57,13.43,2.09,13.29,2.0,0.7,0.0,0.0
PBI,2024-07-18,9,5,6,6,6,83.33,83.33,100.0,25.33,14.0,3.12,27.33,0.17,1.3,0.17,0.0
PBI,2024-07-18,10,8,7,11,9,81.82,72.73,66.67,6.45,12.82,2.15,8.45,4.78,0.17,2.89,31.44
PBI,2024-07-18,11,7,1,8,5,62.5,62.5,60.0,48.88,13.38,2.14,50.75,9.0,0.4,20.6,33.6
PBI,2024-07-18,12,1,6,3,11,66.67,66.67,45.45,79.0,17.0,5.9,85.0,6.64,0.6,11.18,20.18
PBI,2024-07-18,13,6,4,14,9,64.29,64.29,55.56,17.57,14.0,3.16,20.57,8.56,0.87,8.33,15.78
PBI,2024-07-18,14,5,6,10,9,40.0,30.0,55.56,21.9,27.3,16.22,37.9,7.67,0.67,11.89,34.11
PBI,2024-07-18,15,3,2,8,9,62.5,62.5,44.44,10.88,23.88,12.33,23.25,9.33,1.61,15.89,39.67
PBI,2024-07-18,16,4,4,6,12,50.0,33.33,50.0,60.83,16.33,4.93,65.67,1.42,1.12,2.83,29.58
PBI,2024-07-18,17,3,2,7,5,71.43,71.43,20.0,7.71,15.14,4.14,11.29,8.4,0.48,17.8,44.6
PBI,2024-07-18,18,4,11,3,13,33.33,33.33,30.77,46.33,15.0,3.6,49.0,5.08,0.72,8.69,55.46
PBI,2024-07-18,19,10,4,8,5,25.0,25.0,0.0,81.38,12.88,1.68,82.38,1.6,0.16,12.2,118.0
PBI,2024-07-18,20,4,2,5,3,40.0,40.0,0.0,78.4,14.4,3.58,81.2,10.0,0.8,12.33,66.67
PBI,2024-07-18,21,0,0,1,1,100.0,100.0,0.0,0.0,16.0,4.8,2.0,1.0,1.2,7.0,33.0
PBI,2024-07-18,22,0,5,2,5,50.0,50.0,20.0,48.5,13.0,1.8,49.0,0.2,0.96,25.6,46.2
PBI,2024-07-18,23,0,6,0,8,0.0,0.0,50.0,0.0,0.0,0.0,0.0,2.63,1.46,7.13,32.63
PBI,2024-07-19,0,0,2,0,1,0.0,0.0,0.0,0.0,0.0,0.0,0.0,0.0,1.6,0.0,117.0
PBI,2024-07-19,1,0,0,0,0,0.0,0.0,0.0,0.0,0.0,0.0,0.0,0.0,0.0,0.0,0.0
PBI,2024-07-19,2,0,0,0,0,0.0,0.0,0.0,0.0,0.0,0.0,0.0,0.0,0.0,0.0,0.0
PBI,2024-07-19,3,0,0,0,0,0.0,0.0,0.0,0.0,0.0,0.0,0.0,0.0,0.0,0.0,0.0
PBI,2024-07-19,6,4,0,5,2,60.0,40.0,50.0,80.2,17.0,5.78,84.4,0.0,0.1,0.0,58.0
PBI,2024-07-19,7,7,1,10,1,40.0,20.0,100.0,70.1,21.6,10.55,80.0,0.0,0.2,0.0,0.0
PBI,2024-07-19,8,3,5,5,7,40.0,20.0,0.0,38.0,17.0,5.56,43.6,1.0,0.46,2.57,87.29
PBI,2024-07-19,9,5,5,9,3,44.44,33.33,100.0,60.22,19.44,8.36,68.67,1.33,1.53,0.0,0.0
PBI,2024-07-19,10,8,8,8,8,62.5,50.0,37.5,68.63,18.63,7.58,75.88,3.38,1.16,2.0,123.13
PBI,2024-07-19,11,7,1,8,4,37.5,25.0,25.0,130.5,20.88,9.71,140.13,11.75,0.45,12.5,34.5
PBI,2024-07-19,12,2,7,4,7,75.0,50.0,57.14,10.75,31.5,20.33,31.25,3.0,0.86,6.71,28.29
PBI,2024-07-19,13,6,4,7,7,71.43,57.14,28.57,18.86,23.86,12.96,30.71,4.86,0.83,7.43,54.43
PBI,2024-07-19,14,5,5,9,5,22.22,11.11,20.0,77.0,17.89,6.99,84.0,4.0,3.28,9.8,38.4
PBI,2024-07-19,15,3,4,6,6,50.0,50.0,50.0,41.5,19.5,8.02,49.5,2.67,0.22,3.5,29.5
PBI,2024-07-19,16,5,4,5,7,80.0,60.0,71.43,4.6,15.4,4.18,8.8,0.57,0.5,1.57,40.71
PBI,2024-07-19,17,3,3,7,6,57.14,57.14,50.0,54.71,16.86,6.06,59.71,8.33,0.7,10.67,23.17
PBI,2024-07-19,18,3,10,3,11,66.67,66.67,27.27,15.33,11.0,0.57,16.0,2.82,1.21,1.64,80.91
PBI,2024-07-19,19,12,3,10,4,60.0,60.0,25.0,43.5,11.7,1.26,44.3,0.75,1.45,4.5,37.75
PBI,2024-07-19,20,2,2,2,2,0.0,0.0,100.0,56.0,12.5,1.35,57.5,1.0,1.7,3.0,0.5
PBI,2024-07-19,21,0,0,1,2,100.0,100.0,100.0,0.0,11.0,0.0,0.0,2.0,0.6,4.5,7.0
PBI,2024-07-19,22,0,5,2,5,100.0,100.0,20.0,0.0,13.5,2.3,0.5,1.4,1.0,0.0,90.8
PBI,2024-07-19,23,0,6,1,6,0.0,0.0,50.0,49.0,12.0,0.8,50.0,2.33,4.15,0.5,63.83
PBI,2024-07-20,0,0,2,0,1,0.0,0.0,0.0,0.0,0.0,0.0,0.0,4.0,1.2,13.0,44.0
PBI,2024-07-20,1,0,0,0,0,0.0,0.0,0.0,0.0,0.0,0.0,0.0,0.0,0.0,0.0,0.0
PBI,2024-07-20,2,0,0,0,0,0.0,0.0,0.0,0.0,0.0,0.0,0.0,0.0,0.0,0.0,0.0
PBI,2024-07-20,3,0,0,0,0,0.0,0.0,0.0,0.0,0.0,0.0,0.0,0.0,0.0,0.0,0.0
PBI,2024-07-20,5,0,0,1,0,0.0,0.0,0.0,16.0,12.0,0.8,17.0,0.0,0.0,0.0,0.0
PBI,2024-07-20,6,5,0,4,1,75.0,75.0,100.0,4.5,11.25,0.7,4.75,0.0,0.0,0.0,1.0
PBI,2024-07-20,7,6,1,6,1,50.0,50.0,0.0,14.83,12.0,1.1,15.5,7.0,0.0,11.0,32.0
PBI,2024-07-20,8,3,3,5,4,60.0,40.0,75.0,9.8,15.2,4.06,13.6,3.0,0.5,3.25,8.5
PBI,2024-07-20,9,5,6,7,8,71.43,57.14,75.0,16.14,13.57,2.89,18.43,3.13,0.6,3.0,5.75
PBI,2024-07-20,10,6,7,10,5,90.0,80.0,20.0,10.8,14.1,3.15,12.9,2.6,1.78,3.6,32.8
PBI,2024-07-20,11,6,2,7,4,28.57,28.57,75.0,33.86,17.0,5.77,39.43,4.0,1.15,7.5,52.75
PBI,2024-07-20,12,2,4,5,4,80.0,80.0,25.0,6.4,14.0,2.9,9.4,20.75,1.52,23.25,23.75
PBI,2024-07-20,13,5,3,5,4,20.0,20.0,25.0,93.4,12.6,1.7,95.0,2.25,1.5,3.0,78.25
PBI,2024-07-20,14,4,6,5,9,40.0,40.0,44.44,50.6,13.2,2.12,52.2,3.11,1.2,5.44,35.0
PBI,2024-07-20,15,5,5,6,6,83.33,66.67,50.0,13.0,13.83,3.43,15.67,1.83,1.38,2.17,21.0
PBI,2024-07-20,16,3,3,3,6,33.33,33.33,50.0,22.67,12.67,1.37,23.33,1.33,0.55,3.17,51.83
PBI,2024-07-20,17,4,4,4,8,25.0,25.0,87.5,73.75,11.5,1.22,74.5,2.88,0.4,3.0,3.5
PBI,2024-07-20,18,5,10,6,11,83.33,83.33,45.45,6.17,11.33,0.98,6.5,2.36,1.68,4.09,61.36
PBI,2024-07-20,19,9,3,8,6,62.5,62.5,33.33,81.88,11.63,0.75,81.5,3.5,0.43,6.5,73.5
PBI,2024-07-20,20,3,2,3,3,33.33,33.33,66.67,63.33,14.0,3.33,65.33,3.0,0.2,5.0,33.0
PBI,2024-07-20,21,0,0,0,0,0.0,0.0,0.0,0.0,0.0,0.0,0.0,0.0,0.0,0.0,0.0
PBI,2024-07-20,22,0,4,0,4,0.0,0.0,75.0,0.0,0.0,0.0,0.0,2.5,0.48,0.25,74.5
PBI,2024-07-20,23,0,6,0,5,0.0,0.0,40.0,0.0,0.0,0.0,0.0,0.0,0.58,0.0,52.8
PBI,2024-07-21,0,0,2,0,2,0.0,0.0,0.0,0.0,0.0,0.0,0.0,1.5,1.05,0.0,428.0
PBI,2024-07-21,1,0,0,0,0,0.0,0.0,0.0,0.0,0.0,0.0,0.0,0.0,0.0,0.0,0.0
PBI,2024-07-21,2,0,0,0,0,0.0,0.0,0.0,0.0,0.0,0.0,0.0,0.0,0.0,0.0,0.0
PBI,2024-07-21,3,0,0,0,0,0.0,0.0,0.0,0.0,0.0,0.0,0.0,0.0,0.0,0.0,0.0
PBI,2024-07-21,4,0,0,1,0,0.0,0.0,0.0,17.0,12.0,0.8,18.0,0.0,0.0,0.0,0.0
PBI,2024-07-21,5,1,0,1,0,100.0,100.0,0.0,0.0,9.0,0.0,0.0,0.0,0.0,0.0,0.0
PBI,2024-07-21,6,4,0,4,0,50.0,50.0,0.0,168.25,12.5,1.3,168.25,0.0,0.0,0.0,0.0
PBI,2024-07-21,7,6,1,5,1,80.0,60.0,100.0,4.2,17.0,5.94,9.6,0.0,0.2,0.0,0.0
PBI,2024-07-21,8,3,4,8,1,37.5,37.5,100.0,25.38,12.25,1.24,26.5,2.0,1.2,0.0,0.0
PBI,2024-07-21,9,4,7,6,8,50.0,50.0,87.5,59.67,12.0,1.02,60.17,2.5,0.5,3.0,4.88
PBI,2024-07-21,10,9,7,13,6,76.92,76.92,66.67,8.23,13.08,2.61,10.31,2.33,0.88,1.67,43.67
PBI,2024-07-21,11,7,1,7,2,57.14,57.14,100.0,52.71,12.29,1.07,53.0,0.0,0.7,0.0,0.0
PBI,2024-07-21,12,1,6,3,10,100.0,66.67,60.0,0.0,17.0,5.83,5.33,3.2,0.17,4.4,106.7
PBI,2024-07-21,13,6,3,7,5,57.14,57.14,80.0,110.14,11.86,0.91,110.86,3.8,0.62,6.0,10.2
PBI,2024-07-21,14,5,6,10,8,80.0,70.0,75.0,5.1,12.3,1.77,6.9,1.38,1.63,1.75,12.0
PBI,2024-07-21,15,3,4,4,4,50.0,50.0,25.0,125.5,18.0,6.43,131.75,4.25,1.27,14.75,56.0
PBI,2024-07-21,16,5,4,7,6,42.86,42.86,66.67,82.14,13.29,2.4,84.57,5.5,0.2,6.67,17.83
PBI,2024-07-21,17,3,2,4,5,100.0,100.0,20.0,0.25,12.5,2.45,2.0,4.8,0.08,7.8,23.0
PBI,2024-07-21,18,4,9,5,12,80.0,80.0,33.33,9.2,13.0,2.1,11.2,2.42,0.82,3.0,68.83
PBI,2024-07-21,19,9,5,7,6,42.86,42.86,16.67,48.14,11.14,0.5,47.57,6.67,0.6,11.0,60.17
PBI,2024-07-21,20,4,2,3,2,0.0,0.0,100.0,96.67,15.33,4.17,101.0,2.0,0.7,0.0,0.5
PBI,2024-07-21,21,0,0,0,1,0.0,0.0,100.0,0.0,0.0,0.0,0.0,0.0,1.2,1.0,0.0
PBI,2024-07-21,22,0,5,1,4,100.0,100.0,75.0,0.0,11.0,0.0,0.0,0.25,0.25,3.5,17.0
PBI,2024-07-21,23,0,6,1,5,100.0,100.0,60.0,0.0,11.0,0.0,0.0,0.8,3.1,0.0,88.4
PBI,2024-07-22,0,0,2,0,3,0.0,0.0,0.0,0.0,0.0,0.0,0.0,1.67,3.77,4.0,179.33
PBI,2024-07-22,1,0,0,0,0,0.0,0.0,0.0,0.0,0.0,0.0,0.0,0.0,0.0,0.0,0.0
PBI,2024-07-22,2,0,0,0,0,0.0,0.0,0.0,0.0,0.0,0.0,0.0,0.0,0.0,0.0,0.0
PBI,2024-07-22,3,0,0,0,0,0.0,0.0,0.0,0.0,0.0,0.0,0.0,0.0,0.0,0.0,0.0
PBI,2024-07-22,4,0,0,1,0,100.0,100.0,0.0,0.0,13.0,1.8,2.0,0.0,0.0,0.0,0.0
PBI,2024-07-22,6,4,0,2,0,100.0,100.0,0.0,0.0,12.5,1.45,0.0,0.0,0.0,0.0,0.0
PBI,2024-07-22,7,7,1,6,2,66.67,66.67,0.0,39.17,13.5,2.52,40.67,0.0,1.2,2.0,53.0
PBI,2024-07-22,8,3,5,4,6,50.0,50.0,66.67,14.0,15.5,4.38,18.0,3.0,0.88,7.0,12.5
PBI,2024-07-22,9,5,6,6,8,50.0,50.0,37.5,21.33,11.67,1.27,22.67,3.0,6.95,12.13,53.13
PBI,2024-07-22,10,8,7,12,6,50.0,41.67,83.33,58.42,15.58,4.63,62.58,1.67,6.03,5.5,7.33
PBI,2024-07-22,11,7,1,9,3,55.56,44.44,0.0,31.0,15.11,3.92,34.33,16.0,0.07,23.67,127.67
PBI,2024-07-22,12,2,7,2,9,0.0,0.0,11.11,169.5,20.5,9.35,179.0,7.56,1.28,14.67,75.0
PBI,2024-07-22,13,6,4,6,6,50.0,33.33,33.33,56.33,18.33,7.48,63.33,6.67,1.2,8.83,84.67
PBI,2024-07-22,14,5,5,8,5,37.5,37.5,40.0,99.75,16.5,5.5,105.13,2.0,5.0,7.2,36.8
PBI,2024-07-22,15,3,3,7,6,14.29,14.29,50.0,72.43,15.14,3.57,75.86,2.83,5.32,7.0,31.5
PBI,2024-07-22,16,5,5,8,8,37.5,50.0,0.0,38.5,22.75,11.95,49.63,8.25,1.34,18.75,58.75
PBI,2024-07-22,17,3,3,3,4,33.33,0.0,50.0,119.67,15.0,4.13,123.67,3.5,1.7,29.25,30.5
PBI,2024-07-22,18,3,10,2,12,0.0,0.0,8.33,79.0,16.5,5.4,84.5,4.42,1.05,20.17,125.92
PBI,2024-07-22,19,11,3,12,6,25.0,25.0,50.0,111.08,16.75,5.43,114.33,2.17,0.93,4.67,108.0
PBI,2024-07-22,20,3,2,4,4,25.0,25.0,0.0,120.25,14.25,3.5,123.75,5.25,1.15,14.75,101.75
PBI,2024-07-22,21,0,0,1,1,100.0,100.0,100.0,0.0,13.0,1.8,2.0,2.0,0.2,6.0,0.0
PBI,2024-07-22,22,0,5,1,3,100.0,100.0,0.0,0.0,11.0,0.0,0.0,0.0,3.27,2.33,89.33
PBI,2024-07-22,23,0,6,0,6,0.0,0.0,16.67,0.0,0.0,0.0,0.0,2.67,1.38,0.83,119.33
PBI,2024-07-23,0,0,2,0,1,0.0,0.0,0.0,0.0,0.0,0.0,0.0,0.0,2.5,0.0,87.0
PBI,2024-07-23,1,0,0,0,0,0.0,0.0,0.0,0.0,0.0,0.0,0.0,0.0,0.0,0.0,0.0
PBI,2024-07-23,2,0,0,0,0,0.0,0.0,0.0,0.0,0.0,0.0,0.0,0.0,0.0,0.0,0.0
PBI,2024-07-23,6,4,0,5,2,80.0,80.0,0.0,33.0,15.2,3.68,36.6,2.0,0.1,2.5,24.0
PBI,2024-07-23,7,7,1,8,1,75.0,75.0,100.0,27.88,12.63,1.6,29.38,0.0,0.2,0.0,0.0
PBI,2024-07-23,8,3,5,7,5,42.86,42.86,80.0,52.14,14.71,3.36,55.57,0.8,1.78,1.8,13.4
PBI,2024-07-23,9,5,5,9,8,44.44,44.44,87.5,67.67,16.44,5.24,72.56,2.25,0.6,3.75,2.88
PBI,2024-07-23,10,7,8,11,9,81.82,72.73,66.67,8.36,13.73,2.56,10.45,2.0,0.89,2.0,20.44
PBI,2024-07-23,11,8,1,12,3,50.0,41.67,100.0,46.17,12.83,1.68,47.5,0.0,0.53,0.67,0.0
PBI,2024-07-23,12,1,4,4,6,100.0,100.0,66.67,0.25,17.75,6.63,7.0,3.67,0.32,5.33,31.17
PBI,2024-07-23,13,4,4,6,9,83.33,66.67,55.56,27.17,14.83,3.53,29.5,7.0,1.29,7.22,13.33
PBI,2024-07-23,14,5,6,9,7,44.44,44.44,85.71,33.67,13.11,2.49,35.67,3.0,0.46,4.43,3.71
PBI,2024-07-23,15,3,4,7,6,14.29,14.29,33.33,25.29,15.57,3.91,29.14,9.67,1.5,9.17,28.67
PBI,2024-07-23,16,5,2,8,6,62.5,50.0,66.67,19.25,14.5,3.4,22.38,3.5,0.92,3.33,15.67
PBI,2024-07-23,17,2,4,3,8,66.67,33.33,25.0,23.33,13.0,2.83,26.0,3.5,0.64,6.38,104.25
PBI,2024-07-23,18,5,9,5,9,40.0,40.0,66.67,143.4,13.8,2.8,145.2,3.67,1.42,4.11,22.11
PBI,2024-07-23,19,8,2,8,5,50.0,62.5,40.0,40.25,17.75,6.15,45.75,4.6,0.2,5.4,70.2
PBI,2024-07-23,20,3,2,2,3,50.0,50.0,33.33,14.5,13.5,3.0,17.5,5.33,0.8,9.0,37.0
PBI,2024-07-23,21,0,0,1,1,100.0,100.0,0.0,0.0,14.0,2.8,0.0,25.0,0.2,27.0,37.0
PBI,2024-07-23,22,0,5,2,6,100.0,100.0,50.0,0.0,14.0,2.8,2.0,6.17,0.5,8.33,60.33
PBI,2024-07-23,23,0,5,0,5,0.0,0.0,20.0,0.0,0.0,0.0,0.0,4.8,0.5,0.0,68.8
PBI,2024-07-24,0,0,2,0,2,0.0,0.0,0.0,0.0,0.0,0.0,0.0,1.0,0.25,0.0,82.0
PBI,2024-07-24,1,0,0,0,0,0.0,0.0,0.0,0.0,0.0,0.0,0.0,0.0,0.0,0.0,0.0
PBI,2024-07-24,2,0,0,0,0,0.0,0.0,0.0,0.0,0.0,0.0,0.0,0.0,0.0,0.0,0.0
PBI,2024-07-24,3,0,0,0,1,0.0,0.0,100.0,0.0,0.0,0.0,0.0,2.0,0.2,0.0,0.0
PBI,2024-07-24,4,0,0,1,0,0.0,0.0,0.0,18.0,13.0,1.8,20.0,0.0,0.0,0.0,0.0
PBI,2024-07-24,5,0,0,0,0,0.0,0.0,0.0,0.0,0.0,0.0,0.0,0.0,0.0,0.0,0.0
PBI,2024-07-24,6,3,0,3,2,100.0,100.0,50.0,0.0,11.33,0.13,0.0,0.0,0.1,0.0,8.0
PBI,2024-07-24,7,7,1,11,2,81.82,81.82,50.0,3.0,13.09,2.03,4.27,0.0,0.2,1.0,9.5
PBI,2024-07-24,8,4,5,9,6,88.89,77.78,66.67,4.33,15.0,3.96,7.33,1.0,0.68,3.17,7.33
PBI,2024-07-24,9,4,5,8,8,62.5,62.5,50.0,12.88,12.63,1.94,14.75,4.75,1.27,3.75,36.13
PBI,2024-07-24,10,7,7,11,9,45.45,45.45,66.67,19.36,11.45,0.55,19.73,4.11,0.88,7.0,27.89
PBI,2024-07-24,11,7,1,9,4,66.67,66.67,50.0,27.44,14.67,3.33,30.33,4.25,0.45,9.75,30.25
PBI,2024-07-24,12,1,4,6,6,66.67,66.67,16.67,11.83,14.17,3.05,14.83,1.83,1.15,10.33,28.83
PBI,2024-07-24,13,4,4,5,7,40.0,20.0,28.57,20.2,13.8,2.36,22.4,5.71,1.03,11.14,23.29
PBI,2024-07-24,14,5,5,8,8,37.5,37.5,50.0,27.75,17.63,6.89,34.25,2.0,1.18,4.75,16.88
PBI,2024-07-24,15,3,4,7,6,28.57,28.57,66.67,89.71,17.0,5.83,94.14,4.5,2.03,4.5,26.83
PBI,2024-07-24,16,5,3,6,7,100.0,83.33,100.0,2.33,21.0,9.93,11.33,3.43,0.21,4.14,2.14
PBI,2024-07-24,17,2,4,4,9,25.0,25.0,55.56,63.75,15.25,4.88,66.75,5.78,0.78,6.89,16.56
PBI,2024-07-24,18,5,10,8,14,62.5,62.5,35.71,23.25,14.38,3.66,26.75,3.79,0.63,6.57,52.5
PBI,2024-07-24,19,10,3,10,5,20.0,10.0,40.0,73.3,14.4,2.82,75.5,1.8,0.32,7.8,27.8
PBI,2024-07-24,20,3,2,3,2,66.67,66.67,50.0,17.67,11.67,1.37,19.0,4.0,4.9,10.5,38.5
PBI,2024-07-24,21,0,0,2,1,100.0,100.0,100.0,0.0,12.0,0.9,0.0,9.0,0.2,14.0,11.0
PBI,2024-07-24,22,0,5,1,6,100.0,100.0,33.33,0.0,16.0,4.8,0.0,4.5,1.07,15.67,49.33
PBI,2024-07-24,23,0,5,0,6,0.0,0.0,16.67,0.0,0.0,0.0,0.0,4.17,1.88,5.33,54.5
PBI,2024-07-25,0,0,2,0,3,0.0,0.0,33.33,0.0,0.0,0.0,0.0,2.33,1.77,0.0,70.0
PBI,2024-07-25,1,0,0,0,0,0.0,0.0,0.0,0.0,0.0,0.0,0.0,0.0,0.0,0.0,0.0
PBI,2024-07-25,3,0,0,0,0,0.0,0.0,0.0,0.0,0.0,0.0,0.0,0.0,0.0,0.0,0.0
PBI,2024-07-25,5,0,0,0,0,0.0,0.0,0.0,0.0,0.0,0.0,0.0,0.0,0.0,0.0,0.0
PBI,2024-07-25,6,3,0,5,1,80.0,80.0,100.0,8.0,12.4,1.16,8.4,0.0,0.2,0.0,0.0
PBI,2024-07-25,7,7,1,11,1,72.73,72.73,100.0,9.18,13.45,2.55,10.73,0.0,0.2,0.0,0.0
PBI,2024-07-25,8,3,5,6,7,83.33,83.33,85.71,10.5,13.0,1.95,12.33,1.43,0.23,4.43,5.57
PBI,2024-07-25,9,5,6,7,8,71.43,71.43,75.0,15.43,12.0,1.27,16.0,3.0,0.5,6.0,7.13
PBI,2024-07-25,10,8,7,11,10,100.0,100.0,70.0,2.55,13.18,2.11,4.64,3.3,0.73,5.0,28.9
PBI,2024-07-25,11,7,1,7,3,71.43,71.43,66.67,37.0,14.29,2.97,38.14,2.33,0.87,8.0,12.0
PBI,2024-07-25,12,1,6,5,7,40.0,20.0,71.43,13.6,17.8,6.62,20.4,3.14,0.56,5.57,42.0
PBI,2024-07-25,13,6,4,7,4,42.86,42.86,75.0,57.43,15.57,4.43,60.71,2.25,0.13,4.5,6.5
PBI,2024-07-25,14,5,6,8,8,87.5,87.5,50.0,4.13,12.88,1.98,5.5,3.25,0.55,3.88,17.75
PBI,2024-07-25,15,3,2,5,7,20.0,20.0,28.57,33.0,12.8,1.16,33.8,5.0,0.44,7.57,23.43
PBI,2024-07-25,16,4,4,5,10,60.0,60.0,40.0,27.8,11.2,0.24,27.2,7.8,2.39,16.0,47.7
PBI,2024-07-25,17,3,2,7,5,42.86,57.14,40.0,39.57,13.14,2.5,41.29,0.2,0.56,12.0,18.8
PBI,2024-07-25,18,4,11,5,15,20.0,0.0,53.33,55.0,23.8,12.34,67.4,5.67,0.73,5.53,25.13
PBI,2024-07-25,19,10,4,10,4,90.0,70.0,100.0,7.2,16.5,5.09,10.6,2.0,3.85,2.0,2.5
PBI,2024-07-25,20,4,2,6,6,66.67,66.67,66.67,32.0,18.33,7.37,37.67,10.5,1.6,47.83,44.0
PBI,2024-07-25,21,0,0,1,1,100.0,100.0,0.0,0.0,11.0,0.0,0.0,8.0,1.2,13.0,55.0
PBI,2024-07-25,22,0,5,1,5,100.0,100.0,20.0,0.0,11.0,0.0,0.0,3.0,0.8,1.6,32.0
PBI,2024-07-25,23,0,6,0,6,0.0,0.0,0.0,0.0,0.0,0.0,0.0,3.17,4.38,8.83,54.83
PBI,2024-07-26,0,0,2,0,2,0.0,0.0,100.0,0.0,0.0,0.0,0.0,7.0,0.55,0.0,1.5
PBI,2024-07-26,1,0,0,0,1,0.0,0.0,0.0,0.0,0.0,0.0,0.0,0.0,1.2,5.0,15.0
PBI,2024-07-26,2,0,0,0,0,0.0,0.0,0.0,0.0,0.0,0.0,0.0,0.0,0.0,0.0,0.0
PBI,2024-07-26,5,0,0,1,1,100.0,100.0,0.0,0.0,19.0,7.8,8.0,2.0,1.2,6.0,20.0
PBI,2024-07-26,6,4,0,8,2,75.0,75.0,100.0,7.63,14.38,2.99,10.0,0.0,0.0,0.0,7.5
PBI,2024-07-26,7,7,1,9,2,66.67,66.67,50.0,9.56,12.78,2.07,10.22,0.0,1.2,1.5,11.0
PBI,2024-07-26,8,3,5,7,7,85.71,85.71,57.14,7.29,14.0,2.66,9.57,0.86,0.4,2.43,23.29
PBI,2024-07-26,9,5,5,8,8,50.0,62.5,62.5,19.0,12.63,1.95,20.38,0.5,0.53,2.5,10.88
PBI,2024-07-26,10,8,8,15,9,80.0,66.67,66.67,11.33,19.2,8.29,18.8,1.44,0.78,1.22,9.0
PBI,2024-07-26,11,7,1,10,8,70.0,10.0,75.0,16.6,46.1,34.61,50.9,6.13,1.2,8.88,15.38
PBI,2024-07-26,12,2,7,8,8,75.0,50.0,87.5,4.5,19.25,8.09,12.75,2.25,0.89,4.88,4.63
PBI,2024-07-26,13,6,4,8,7,87.5,87.5,42.86,3.25,11.63,1.0,3.25,2.43,0.76,2.86,26.0
PBI,2024-07-26,14,5,5,12,7,75.0,66.67,85.71,13.33,17.08,6.03,18.75,1.0,0.64,1.86,2.43
PBI,2024-07-26,15,3,4,3,5,33.33,33.33,60.0,120.0,21.0,8.67,127.33,0.2,0.38,1.0,20.6
PBI,2024-07-26,16,5,4,6,6,66.67,66.67,50.0,14.83,12.83,1.87,15.67,0.0,1.25,3.83,24.0
PBI,2024-07-26,17,3,3,3,7,33.33,33.33,28.57,20.0,15.0,4.17,24.0,3.43,1.06,8.57,35.14
PBI,2024-07-26,18,3,10,6,11,66.67,66.67,54.55,13.0,15.5,4.08,16.5,2.27,1.47,2.82,14.27
PBI,2024-07-26,19,12,3,12,3,58.33,58.33,100.0,15.92,14.92,3.48,18.5,2.67,1.0,3.33,0.0
PBI,2024-07-26,20,2,2,2,8,100.0,100.0,37.5,0.0,15.5,4.35,0.0,5.5,0.5,9.38,22.5
PBI,2024-07-26,21,0,0,0,2,0.0,0.0,100.0,0.0,0.0,0.0,0.0,1.5,0.1,2.0,0.0
PBI,2024-07-26,22,0,5,2,5,100.0,100.0,20.0,0.0,10.5,0.0,0.0,0.0,0.5,1.6,69.0
PBI,2024-07-26,23,0,6,0,6,0.0,0.0,50.0,0.0,0.0,0.0,0.0,2.83,3.72,3.5,21.0
PBI,2024-07-27,0,0,2,0,2,0.0,0.0,50.0,0.0,0.0,0.0,0.0,1.5,0.25,0.0,23.0
PBI,2024-07-27,1,0,0,0,0,0.0,0.0,0.0,0.0,0.0,0.0,0.0,0.0,0.0,0.0,0.0
PBI,2024-07-27,4,0,0,0,1,0.0,0.0,100.0,0.0,0.0,0.0,0.0,0.0,0.2,1.0,0.0
PBI,2024-07-27,5,0,0,1,0,100.0,100.0,0.0,0.0,11.0,0.0,0.0,0.0,0.0,0.0,0.0
PBI,2024-07-27,6,5,0,5,2,100.0,100.0,50.0,1.4,11.6,0.52,1.6,0.0,0.1,0.0,16.5
PBI,2024-07-27,7,6,1,8,1,62.5,62.5,100.0,8.0,13.75,2.58,9.88,0.0,0.0,0.0,5.0
PBI,2024-07-27,8,3,3,4,5,100.0,100.0,80.0,2.25,13.0,2.13,3.75,2.4,1.68,4.8,3.8
PBI,2024-07-27,9,5,6,10,8,70.0,70.0,87.5,29.0,19.3,8.16,36.4,3.75,0.94,5.0,8.75
PBI,2024-07-27,10,6,7,9,8,66.67,66.67,100.0,13.11,12.11,1.08,13.56,1.0,0.2,0.63,3.75
PBI,2024-07-27,11,6,2,9,7,77.78,77.78,28.57,8.33,14.0,2.73,10.11,1.71,0.14,8.14,54.71
PBI,2024-07-27,12,2,4,4,5,75.0,75.0,80.0,23.5,11.25,0.23,23.75,0.4,0.64,4.2,7.0
PBI,2024-07-27,13,5,3,5,7,80.0,80.0,71.43,3.4,11.6,0.8,3.8,6.86,0.56,6.0,49.86
PBI,2024-07-27,14,4,6,7,10,42.86,42.86,70.0,37.29,15.43,4.17,41.43,2.9,0.72,4.3,11.7
PBI,2024-07-27,15,5,5,7,7,57.14,57.14,71.43,55.0,13.0,2.0,56.57,2.0,0.67,4.29,15.14
PBI,2024-07-27,16,3,3,4,6,50.0,50.0,16.67,46.0,13.5,2.38,48.0,2.83,0.58,4.0,28.83
PBI,2024-07-27,17,4,4,5,7,60.0,60.0,85.71,9.4,15.6,4.62,12.6,0.57,1.09,0.71,5.57
PBI,2024-07-27,18,5,10,7,11,85.71,85.71,90.91,3.29,14.71,3.7,6.43,1.55,1.1,2.82,12.27
PBI,2024-07-27,19,9,3,9,4,77.78,77.78,50.0,14.67,14.78,3.28,15.56,0.5,0.1,1.5,26.75
PBI,2024-07-27,20,3,2,3,3,0.0,0.0,66.67,41.67,19.0,8.33,50.0,0.0,1.4,1.67,39.67
PBI,2024-07-27,21,0,0,0,0,0.0,0.0,0.0,0.0,0.0,0.0,0.0,0.0,0.0,0.0,0.0
PBI,2024-07-27,22,0,4,0,6,0.0,0.0,50.0,0.0,0.0,0.0,0.0,3.33,1.12,4.17,30.17
PBI,2024-07-27,23,0,6,1,6,100.0,100.0,83.33,0.0,11.0,0.0,0.0,0.67,1.28,0.0,9.5
PBI,2024-07-28,0,0,2,0,3,0.0,0.0,66.67,0.0,0.0,0.0,0.0,1.0,1.23,2.67,66.0
PBI,2024-07-28,3,0,0,0,0,0.0,0.0,0.0,0.0,0.0,0.0,0.0,0.0,0.0,0.0,0.0
PBI,2024-07-28,5,1,0,1,0,100.0,100.0,0.0,0.0,10.0,1.0,0.0,0.0,0.0,0.0,0.0
PBI,2024-07-28,6,4,0,6,0,83.33,83.33,0.0,7.17,13.33,2.18,7.17,0.0,0.0,0.0,0.0
PBI,2024-07-28,7,6,1,7,1,85.71,85.71,0.0,3.14,12.57,1.61,3.57,0.0,0.2,0.0,189.0
PBI,2024-07-28,8,3,3,7,3,71.43,57.14,66.67,29.29,15.0,3.67,33.0,0.0,0.27,0.0,12.33
PBI,2024-07-28,9,4,7,10,9,70.0,70.0,88.89,8.6,13.5,2.32,10.7,0.89,1.08,1.67,8.33
PBI,2024-07-28,10,8,7,12,9,83.33,83.33,77.78,5.92,11.67,0.92,5.92,2.78,0.34,2.78,12.11
PBI,2024-07-28,11,7,1,10,2,50.0,30.0,50.0,34.7,17.3,6.04,40.1,0.0,2.2,0.5,19.5
PBI,2024-07-28,12,1,6,6,9,16.67,16.67,44.44,27.33,14.17,2.98,29.67,3.0,0.86,3.56,32.0
PBI,2024-07-28,13,6,3,12,8,41.67,41.67,50.0,39.0,14.08,3.2,41.75,2.25,0.52,6.63,31.25
PBI,2024-07-28,14,5,6,7,8,71.43,57.14,87.5,37.29,16.86,6.06,42.0,2.13,1.35,3.75,8.13
PBI,2024-07-28,15,3,4,5,7,80.0,80.0,57.14,3.0,19.6,7.72,10.0,3.86,2.37,5.57,16.57
PBI,2024-07-28,16,5,4,6,5,66.67,66.67,40.0,19.17,14.0,2.97,20.5,1.0,2.42,3.8,28.4
PBI,2024-07-28,17,3,2,4,5,75.0,75.0,60.0,24.0,12.25,1.57,24.5,4.8,1.88,8.4,13.0
PBI,2024-07-28,18,4,9,4,11,100.0,100.0,100.0,4.0,11.25,0.2,3.75,1.27,1.31,0.45,1.0
PBI,2024-07-28,19,9,5,9,7,77.78,66.67,57.14,11.67,16.22,4.84,15.0,0.0,1.9,3.57,11.86
PBI,2024-07-28,20,4,2,5,3,80.0,60.0,66.67,19.8,14.4,3.52,23.0,1.67,4.67,16.33,15.67
PBI,2024-07-28,21,0,0,0,3,0.0,0.0,66.67,0.0,0.0,0.0,0.0,16.67,1.4,20.33,13.33
PBI,2024-07-28,22,0,5,3,7,33.33,33.33,85.71,21.33,19.33,7.87,26.0,14.0,1.93,1.14,17.0
PBI,2024-07-28,23,0,6,1,6,100.0,100.0,50.0,0.0,19.0,7.4,0.0,2.83,3.38,1.0,77.0
PBI,2024-07-29,0,0,2,0,2,0.0,0.0,0.0,0.0,0.0,0.0,0.0,2.5,1.55,3.5,47.0
PBI,2024-07-29,1,0,0,0,0,0.0,0.0,0.0,0.0,0.0,0.0,0.0,0.0,0.0,0.0,0.0
PBI,2024-07-29,2,0,0,0,1,0.0,0.0,100.0,0.0,0.0,0.0,0.0,0.0,2.2,8.0,6.0
PBI,2024-07-29,5,0,0,0,0,0.0,0.0,0.0,0.0,0.0,0.0,0.0,0.0,0.0,0.0,0.0
PBI,2024-07-29,6,4,0,6,0,66.67,66.67,0.0,14.67,11.33,0.85,15.0,0.0,0.0,0.0,0.0
PBI,2024-07-29,7,7,1,7,2,100.0,100.0,50.0,0.0,12.14,1.53,0.43,0.0,2.2,2.0,13.0
PBI,2024-07-29,8,3,4,7,6,100.0,85.71,83.33,1.57,14.71,3.79,5.14,4.5,2.07,5.17,3.67
PBI,2024-07-29,9,5,6,9,8,77.78,66.67,100.0,5.56,11.44,0.74,6.11,2.38,3.45,3.25,2.63
PBI,2024-07-29,10,7,7,9,10,88.89,77.78,60.0,5.33,14.78,3.48,8.33,1.4,2.18,3.8,22.2
PBI,2024-07-29,11,7,1,11,5,45.45,36.36,80.0,34.0,17.64,6.37,40.27,1.8,1.6,6.6,4.8
PBI,2024-07-29,12,2,7,6,12,66.67,66.67,75.0,11.17,14.5,3.35,13.83,1.75,4.62,4.5,13.33
PBI,2024-07-29,13,6,4,12,7,50.0,50.0,100.0,22.25,13.75,2.75,24.67,5.57,0.99,2.29,0.43
PBI,2024-07-29,14,5,5,7,8,100.0,100.0,75.0,3.14,13.14,2.4,3.86,1.0,1.43,2.63,13.13
PBI,2024-07-29,15,3,3,4,8,75.0,50.0,50.0,20.0,16.0,4.4,23.75,10.38,1.16,12.38,33.13
PBI,2024-07-29,16,5,5,8,5,62.5,62.5,80.0,19.5,14.63,3.25,22.13,0.6,0.96,1.6,13.0
PBI,2024-07-29,17,3,3,4,9,50.0,50.0,77.78,51.5,13.25,2.3,53.25,3.44,1.8,4.33,4.89
PBI,2024-07-29,18,3,10,4,13,100.0,100.0,69.23,2.25,11.0,0.33,2.5,1.46,2.86,2.08,21.85
PBI,2024-07-29,19,11,3,11,3,81.82,81.82,100.0,9.55,11.91,1.1,9.64,0.0,2.67,3.67,0.33
PBI,2024-07-29,20,3,2,3,2,66.67,66.67,100.0,41.0,10.67,1.03,42.0,1.5,2.9,5.0,5.0
PBI,2024-07-29,21,0,0,1,1,100.0,100.0,100.0,0.0,8.0,0.0,0.0,0.0,2.2,0.0,9.0
PBI,2024-07-29,22,0,5,1,6,100.0,100.0,50.0,0.0,9.0,0.0,0.0,0.33,1.53,2.5,43.33
PBI,2024-07-29,23,0,6,0,6,0.0,0.0,66.67,0.0,0.0,0.0,0.0,2.33,4.05,0.67,31.0
PBI,2024-07-30,0,0,2,0,2,0.0,0.0,50.0,0.0,0.0,0.0,0.0,4.0,2.05,0.0,25.0
PBI,2024-07-30,1,0,0,0,0,0.0,0.0,0.0,0.0,0.0,0.0,0.0,0.0,0.0,0.0,0.0
PBI,2024-07-30,6,4,0,5,2,60.0,60.0,50.0,18.2,12.8,1.62,18.4,0.0,1.2,1.5,56.0
PBI,2024-07-30,7,7,1,10,1,80.0,80.0,100.0,4.0,12.4,1.64,4.5,0.0,2.2,2.0,0.0
PBI,2024-07-30,8,3,4,7,4,85.71,71.43,75.0,5.86,14.86,3.84,9.57,1.25,2.63,2.0,7.75
PBI,2024-07-30,9,5,5,12,6,66.67,66.67,83.33,16.33,11.08,0.5,16.25,1.0,2.97,3.67,6.67
PBI,2024-07-30,10,6,8,10,10,60.0,60.0,80.0,10.9,11.0,0.56,11.3,1.1,2.37,1.9,61.8
PBI,2024-07-30,11,8,1,12,4,58.33,58.33,50.0,71.83,13.25,2.05,73.42,2.25,1.65,6.75,15.75
PBI,2024-07-30,12,1,4,3,6,33.33,33.33,66.67,27.0,13.0,1.83,28.33,2.83,6.82,5.5,27.83
PBI,2024-07-30,13,4,4,6,6,50.0,33.33,83.33,45.83,17.0,5.5,51.33,3.0,1.78,5.17,7.0
PBI,2024-07-30,14,5,6,8,9,87.5,87.5,77.78,2.25,15.0,4.3,5.25,1.0,1.91,1.78,9.67
PBI,2024-07-30,15,3,3,4,9,75.0,75.0,55.56,22.75,16.25,4.63,23.25,3.89,0.97,7.11,21.11
PBI,2024-07-30,16,5,3,8,5,62.5,62.5,60.0,11.75,12.63,1.84,13.13,0.2,1.42,7.4,68.0
PBI,2024-07-30,17,2,4,2,8,0.0,0.0,50.0,49.0,28.0,19.05,66.0,5.25,0.79,5.0,13.88
PBI,2024-07-30,18,5,9,6,10,50.0,66.67,60.0,75.5,12.0,1.82,76.33,0.8,0.94,5.1,37.8
PBI,2024-07-30,19,7,2,8,7,50.0,37.5,42.86,31.63,17.38,5.35,36.5,3.71,1.2,10.57,22.0
PBI,2024-07-30,20,3,2,3,3,66.67,66.67,66.67,20.33,17.67,7.0,27.33,7.0,0.67,7.33,19.0
PBI,2024-07-30,21,0,0,2,0,100.0,100.0,0.0,0.0,10.5,0.0,0.0,0.0,0.0,0.0,0.0
PBI,2024-07-30,22,0,4,1,5,100.0,100.0,0.0,0.0,14.0,2.8,0.0,8.8,1.7,31.8,70.8
PBI,2024-07-30,23,0,5,1,5,100.0,100.0,20.0,0.0,13.0,1.8,2.0,2.0,2.22,12.4,43.4
PBI,2024-07-31,0,0,2,0,2,0.0,0.0,0.0,0.0,0.0,0.0,0.0,0.0,1.05,0.0,123.5
PBI,2024-07-31,1,0,0,0,0,0.0,0.0,0.0,0.0,0.0,0.0,0.0,0.0,0.0,0.0,0.0
PBI,2024-07-31,3,0,0,0,0,0.0,0.0,0.0,0.0,0.0,0.0,0.0,0.0,0.0,0.0,0.0
PBI,2024-07-31,4,0,0,0,1,0.0,0.0,100.0,0.0,0.0,0.0,0.0,0.0,0.2,3.0,0.0
PBI,2024-07-31,6,3,0,4,2,50.0,50.0,100.0,8.5,11.25,0.0,8.25,0.0,0.6,0.0,11.0
PBI,2024-07-31,7,7,1,8,1,87.5,75.0,100.0,3.63,12.13,1.55,4.25,0.0,0.2,0.0,0.0
PBI,2024-07-31,8,4,4,7,5,85.71,85.71,80.0,6.0,13.14,2.5,8.29,2.8,0.6,3.2,8.8
PBI,2024-07-31,9,4,5,7,5,57.14,42.86,100.0,8.71,17.57,6.49,14.43,0.6,1.12,0.4,0.8
PBI,2024-07-31,10,6,7,10,11,70.0,70.0,81.82,9.2,21.0,9.6,16.8,5.09,0.36,5.09,10.64
PBI,2024-07-31,11,7,1,9,7,88.89,77.78,85.71,3.56,16.0,4.67,7.33,4.86,0.2,8.0,6.86
PBI,2024-07-31,12,1,4,4,9,25.0,25.0,66.67,17.5,14.0,3.35,21.0,3.44,0.43,3.78,10.0
PBI,2024-07-31,13,4,4,7,7,71.43,71.43,42.86,36.43,15.43,4.37,40.0,6.29,0.14,6.86,19.43
PBI,2024-07-31,14,5,5,9,9,55.56,55.56,77.78,27.22,12.33,1.53,28.56,8.22,0.32,5.22,15.33
PBI,2024-07-31,15,3,4,6,13,83.33,83.33,69.23,20.0,11.83,0.38,19.83,7.54,0.98,7.77,11.77
PBI,2024-07-31,16,5,3,8,8,62.5,62.5,75.0,21.0,11.25,0.64,20.88,2.63,1.0,3.75,12.25
PBI,2024-07-31,17,2,4,5,7,60.0,60.0,71.43,24.8,14.8,4.34,29.2,6.29,1.33,2.71,11.86
PBI,2024-07-31,18,5,10,6,12,66.67,66.67,33.33,45.67,13.0,1.95,47.17,9.92,0.85,16.67,45.67
PBI,2024-07-31,19,10,3,11,5,45.45,45.45,60.0,24.27,14.82,3.86,26.36,7.0,0.12,9.4,16.6
PBI,2024-07-31,20,3,2,3,4,33.33,33.33,25.0,21.33,11.33,0.67,21.67,9.0,0.1,9.5,47.75
PBI,2024-07-31,21,0,0,0,2,0.0,0.0,50.0,0.0,0.0,0.0,0.0,3.5,0.2,5.0,35.5
PBI,2024-07-31,22,0,5,3,7,100.0,100.0,57.14,0.0,14.0,2.87,2.67,2.71,0.36,6.14,16.86
PBI,2024-07-31,23,0,5,2,5,100.0,100.0,80.0,0.0,18.0,7.9,0.0,0.8,1.38,0.2,24.8
PBI,2024-08-01,0,0,2,0,4,0.0,0.0,50.0,0.0,0.0,0.0,0.0,3.25,0.23,3.0,38.5
PBI,2024-08-01,1,0,0,0,0,0.0,0.0,0.0,0.0,0.0,0.0,0.0,0.0,0.0,0.0,0.0
PBI,2024-08-01,2,0,0,0,0,0.0,0.0,0.0,0.0,0.0,0.0,0.0,0.0,0.0,0.0,0.0
PBI,2024-08-01,4,0,0,1,0,0.0,0.0,0.0,20.0,12.0,0.8,21.0,0.0,0.0,0.0,0.0
PBI,2024-08-01,5,0,0,0,0,0.0,0.0,0.0,0.0,0.0,0.0,0.0,0.0,0.0,0.0,0.0
PBI,2024-08-01,6,3,0,5,2,60.0,60.0,100.0,22.0,17.0,6.34,28.0,0.0,0.0,0.0,6.5
PBI,2024-08-01,7,7,1,11,1,72.73,72.73,100.0,7.27,11.09,0.55,7.82,0.0,0.2,0.0,0.0
PBI,2024-08-01,8,3,4,12,4,50.0,50.0,50.0,14.92,13.75,2.5,17.42,0.25,0.48,0.0,19.75
PBI,2024-08-01,9,5,6,16,10,31.25,31.25,60.0,29.19,12.81,1.88,31.06,2.1,1.16,2.4,39.5
PBI,2024-08-01,10,7,7,16,10,56.25,56.25,90.0,29.13,15.38,4.21,33.19,2.2,1.44,1.8,5.5
PBI,2024-08-01,11,7,1,11,5,72.73,72.73,20.0,17.82,12.91,1.77,19.09,3.4,0.16,5.2,25.0
PBI,2024-08-01,12,1,6,5,7,80.0,80.0,71.43,12.6,11.6,0.92,13.6,2.29,0.47,3.0,9.86
PBI,2024-08-01,13,6,4,9,6,44.44,44.44,100.0,26.44,13.0,2.08,28.0,2.0,0.7,0.5,1.83
PBI,2024-08-01,14,5,6,6,9,66.67,66.67,66.67,17.33,14.67,3.67,20.33,0.44,0.56,0.22,11.78
PBI,2024-08-01,15,3,2,3,6,33.33,33.33,50.0,37.67,19.67,7.33,43.67,2.0,0.82,5.0,55.83
PBI,2024-08-01,16,4,4,6,5,50.0,50.0,80.0,25.17,13.67,2.7,27.17,0.2,0.82,0.8,23.0
PBI,2024-08-01,17,3,2,4,5,50.0,50.0,60.0,69.25,12.25,1.88,71.0,9.8,1.02,12.0,21.0
PBI,2024-08-01,18,4,11,4,11,75.0,50.0,45.45,26.5,12.75,1.57,28.0,2.36,0.6,11.91,44.45
PBI,2024-08-01,19,11,4,12,6,33.33,33.33,66.67,47.33,12.92,2.6,49.17,0.17,1.4,3.17,38.0
PBI,2024-08-01,20,3,1,3,4,33.33,33.33,75.0,65.0,11.33,0.63,64.67,5.25,1.2,7.0,11.0
PBI,2024-08-01,21,0,1,2,2,100.0,100.0,100.0,0.0,11.0,0.0,0.0,0.0,1.4,0.0,0.0
PBI,2024-08-01,22,0,5,1,5,100.0,100.0,80.0,0.0,13.0,1.8,0.0,1.0,0.48,0.0,7.2
PBI,2024-08-01,23,0,5,1,6,100.0,100.0,33.33,0.0,11.0,0.0,0.0,0.67,1.22,5.83,49.83
PBI,2024-08-02,0,0,2,0,2,0.0,0.0,50.0,0.0,0.0,0.0,0.0,0.0,1.05,0.0,19.5
PBI,2024-08-02,1,0,0,0,0,0.0,0.0,0.0,0.0,0.0,0.0,0.0,0.0,0.0,0.0,0.0
PBI,2024-08-02,2,0,0,0,0,0.0,0.0,0.0,0.0,0.0,0.0,0.0,0.0,0.0,0.0,0.0
PBI,2024-08-02,5,0,0,1,0,0.0,0.0,0.0,26.0,13.0,1.8,28.0,0.0,0.0,0.0,0.0
PBI,2024-08-02,6,4,0,4,2,100.0,100.0,50.0,0.0,11.5,0.83,0.0,0.0,0.1,1.0,11.5
PBI,2024-08-02,7,7,1,13,0,69.23,69.23,0.0,6.38,13.31,2.32,8.31,0.0,0.0,0.0,0.0
PBI,2024-08-02,8,3,4,4,4,50.0,50.0,100.0,32.25,12.75,1.2,32.75,1.75,1.6,0.0,0.0
PBI,2024-08-02,9,4,5,7,5,71.43,71.43,40.0,10.57,13.71,2.93,12.43,2.2,0.98,0.0,35.8
PBI,2024-08-02,10,7,8,9,13,44.44,44.44,84.62,26.78,16.11,4.81,29.78,2.15,0.65,3.08,5.38
PBI,2024-08-02,11,7,2,12,9,58.33,41.67,44.44,19.08,21.75,10.31,28.08,4.89,0.4,5.67,17.56
PBI,2024-08-02,12,2,6,5,7,60.0,60.0,100.0,10.6,14.2,3.1,13.8,1.57,0.91,3.71,1.0
PBI,2024-08-02,13,6,4,6,7,83.33,83.33,57.14,10.33,17.83,6.73,15.83,3.86,0.3,2.43,25.57
PBI,2024-08-02,14,5,5,8,11,75.0,50.0,63.64,34.38,21.0,10.0,43.0,6.45,0.29,8.18,17.91
PBI,2024-08-02,15,3,3,6,6,66.67,50.0,33.33,12.17,21.67,9.9,21.33,8.5,0.48,10.5,35.0
PBI,2024-08-02,16,5,5,6,11,50.0,33.33,45.45,16.17,20.17,8.67,23.67,10.0,0.85,19.18,36.0
PBI,2024-08-02,17,3,3,6,8,50.0,50.0,62.5,20.0,21.5,10.55,30.5,7.63,1.85,17.88,27.25
PBI,2024-08-02,18,3,10,9,13,66.67,44.44,30.77,14.44,16.89,5.83,18.11,4.38,1.8,23.46,39.54
PBI,2024-08-02,19,12,3,13,7,23.08,23.08,57.14,80.92,12.62,1.48,82.15,10.0,0.63,14.43,32.57
PBI,2024-08-02,20,2,1,3,1,66.67,66.67,100.0,19.33,13.67,2.63,22.0,0.0,0.0,10.0,10.0
PBI,2024-08-02,21,0,1,0,3,0.0,0.0,66.67,0.0,0.0,0.0,0.0,2.0,1.27,13.0,12.0
PBI,2024-08-02,22,0,5,2,5,100.0,100.0,0.0,0.0,11.0,0.0,0.0,1.4,0.7,7.2,154.8
PBI,2024-08-02,23,0,5,0,5,0.0,0.0,20.0,0.0,0.0,0.0,0.0,0.0,6.26,3.6,72.8
PBI,2024-08-03,0,0,2,0,2,0.0,0.0,0.0,0.0,0.0,0.0,0.0,0.0,1.55,0.0,40.5
PBI,2024-08-03,1,0,0,0,0,0.0,0.0,0.0,0.0,0.0,0.0,0.0,0.0,0.0,0.0,0.0
PBI,2024-08-03,2,0,0,0,0,0.0,0.0,0.0,0.0,0.0,0.0,0.0,0.0,0.0,0.0,0.0
PBI,2024-08-03,5,0,0,1,0,100.0,100.0,0.0,0.0,11.0,0.0,0.0,0.0,0.0,0.0,0.0
PBI,2024-08-03,6,6,0,7,1,71.43,71.43,100.0,18.57,12.29,1.77,18.86,1.0,0.0,3.0,8.0
PBI,2024-08-03,7,5,1,9,2,66.67,66.67,100.0,12.33,12.56,1.61,14.0,0.0,0.1,2.0,9.5
PBI,2024-08-03,8,3,3,5,2,100.0,100.0,100.0,0.8,13.0,1.92,2.8,2.0,0.1,0.0,2.5
PBI,2024-08-03,9,4,6,8,6,50.0,50.0,83.33,23.25,13.0,2.14,25.38,4.0,1.02,4.17,22.0
PBI,2024-08-03,10,6,6,9,8,55.56,55.56,75.0,35.22,14.33,3.28,38.22,2.13,0.69,0.75,7.88
PBI,2024-08-03,11,6,3,8,4,62.5,62.5,0.0,16.13,16.25,5.09,18.13,11.0,1.3,10.5,43.0
PBI,2024-08-03,12,2,4,2,4,50.0,0.0,50.0,15.0,15.0,3.85,19.0,3.0,0.35,25.75,167.25
PBI,2024-08-03,13,5,3,4,4,50.0,50.0,75.0,19.25,11.75,1.02,19.5,2.5,0.65,3.5,19.25
PBI,2024-08-03,14,4,6,4,7,50.0,50.0,57.14,17.25,12.0,1.1,16.75,8.71,0.66,6.57,11.71
PBI,2024-08-03,15,4,4,4,8,75.0,75.0,75.0,9.25,13.75,2.78,11.75,8.0,0.41,7.88,19.13
PBI,2024-08-03,16,3,3,6,5,50.0,50.0,40.0,13.17,11.83,0.67,13.83,7.4,0.46,17.2,54.0
PBI,2024-08-03,17,4,4,6,9,66.67,66.67,55.56,63.33,21.5,10.47,64.17,9.56,0.31,15.33,20.67
PBI,2024-08-03,18,5,11,5,14,40.0,40.0,42.86,57.6,35.0,23.96,81.6,12.21,4.39,16.07,36.79
PBI,2024-08-03,19,10,3,10,5,20.0,10.0,40.0,46.1,32.0,20.45,65.8,10.6,2.6,14.4,32.2
PBI,2024-08-03,20,3,2,6,4,16.67,0.0,25.0,68.67,40.83,29.85,98.17,3.0,2.23,10.5,157.75
PBI,2024-08-03,21,0,0,2,6,0.0,0.0,100.0,56.0,21.5,10.1,66.0,40.0,3.5,3.5,0.0
PBI,2024-08-03,22,0,4,3,2,0.0,0.0,0.0,57.0,24.67,13.07,69.67,1.5,3.55,7.0,112.5
PBI,2024-08-03,23,0,5,0,4,0.0,0.0,25.0,0.0,0.0,0.0,0.0,5.75,0.58,15.75,90.5
PBI,2024-08-04,0,0,2,0,1,0.0,0.0,0.0,0.0,0.0,0.0,0.0,0.0,0.0,0.0,294.0
PBI,2024-08-04,1,0,0,0,0,0.0,0.0,0.0,0.0,0.0,0.0,0.0,0.0,0.0,0.0,0.0
PBI,2024-08-04,2,0,0,0,0,0.0,0.0,0.0,0.0,0.0,0.0,0.0,0.0,0.0,0.0,0.0
PBI,2024-08-04,5,1,0,1,0,100.0,100.0,0.0,0.0,8.0,0.0,0.0,0.0,0.0,0.0,0.0
PBI,2024-08-04,6,4,0,4,1,50.0,50.0,0.0,11.25,15.0,3.4,14.25,1.0,0.2,4.0,26.0
PBI,2024-08-04,7,6,1,7,1,71.43,71.43,100.0,77.0,12.57,2.41,78.0,0.0,0.2,0.0,0.0
PBI,2024-08-04,8,3,3,7,2,85.71,85.71,100.0,4.0,14.57,3.46,7.57,2.5,0.1,0.0,0.0
PBI,2024-08-04,9,3,7,7,6,71.43,57.14,66.67,7.29,13.29,2.27,9.57,15.33,0.77,15.5,19.33
PBI,2024-08-04,10,8,7,9,7,66.67,66.67,57.14,18.67,17.67,6.52,24.44,4.71,2.71,4.0,13.14
PBI,2024-08-04,11,7,1,10,5,40.0,30.0,20.0,27.5,19.8,8.37,35.3,12.6,0.8,18.2,44.2
PBI,2024-08-04,12,1,6,5,11,40.0,40.0,36.36,41.2,16.4,5.78,46.0,4.0,0.55,6.82,44.64
PBI,2024-08-04,13,6,3,6,6,50.0,50.0,0.0,29.17,12.17,1.65,30.0,9.0,0.43,17.33,58.5
PBI,2024-08-04,14,5,6,3,5,0.0,0.0,20.0,73.33,11.0,2.37,74.33,3.4,1.36,4.8,38.2
PBI,2024-08-04,15,3,4,8,5,50.0,50.0,0.0,27.75,11.75,1.05,27.88,4.2,1.78,6.6,59.8
PBI,2024-08-04,16,5,4,5,4,20.0,20.0,25.0,114.0,16.4,5.16,119.2,8.25,1.65,8.75,90.0
PBI,2024-08-04,17,3,2,2,7,0.0,0.0,28.57,95.5,20.0,9.95,105.5,6.0,1.27,13.86,85.57
PBI,2024-08-04,18,4,10,4,6,25.0,25.0,0.0,114.0,15.5,4.25,117.0,6.83,1.43,41.0,168.17
PBI,2024-08-04,19,10,4,4,3,0.0,0.0,33.33,186.0,11.25,0.3,185.25,4.33,3.33,17.67,96.67
PBI,2024-08-04,20,3,1,1,1,0.0,0.0,0.0,84.0,12.0,0.9,85.0,0.0,1.2,0.0,100.0
PBI,2024-08-04,21,0,1,0,1,0.0,0.0,0.0,0.0,0.0,0.0,0.0,5.0,0.6,0.0,64.0
PBI,2024-08-04,22,0,5,0,4,0.0,0.0,0.0,0.0,0.0,0.0,0.0,4.25,2.08,1.75,156.75
PBI,2024-08-04,23,0,5,0,4,0.0,0.0,0.0,0.0,0.0,0.0,0.0,3.0,2.78,1.25,132.25
PBI,2024-08-05,0,0,2,0,2,0.0,0.0,0.0,0.0,0.0,0.0,0.0,1.5,1.55,0.5,66.0
PBI,2024-08-05,1,0,0,1,0,100.0,100.0,0.0,0.0,24.0,12.9,13.0,0.0,0.0,0.0,0.0
PBI,2024-08-05,2,0,0,0,0,0.0,0.0,0.0,0.0,0.0,0.0,0.0,0.0,0.0,0.0,0.0
PBI,2024-08-05,3,0,0,0,0,0.0,0.0,0.0,0.0,0.0,0.0,0.0,0.0,0.0,0.0,0.0
PBI,2024-08-05,5,0,0,1,0,100.0,100.0,0.0,0.0,11.0,0.0,0.0,0.0,0.0,0.0,0.0
PBI,2024-08-05,6,5,0,5,0,100.0,100.0,0.0,4.2,14.8,3.82,7.8,0.0,0.0,0.0,0.0
PBI,2024-08-05,7,6,1,6,1,100.0,33.33,0.0,0.0,47.67,36.32,34.33,3.0,1.2,7.0,37.0
PBI,2024-08-05,8,3,3,4,6,75.0,75.0,16.67,4.25,45.0,33.63,37.75,4.5,0.93,16.83,44.33
PBI,2024-08-05,9,3,7,4,8,25.0,25.0,50.0,53.0,16.25,5.38,58.25,8.63,1.11,12.88,39.0
PBI,2024-08-05,10,9,6,10,7,50.0,50.0,71.43,17.8,16.8,5.52,21.8,5.57,0.94,7.29,32.43
PBI,2024-08-05,11,6,2,9,2,66.67,66.67,50.0,63.67,12.78,1.89,65.56,7.5,1.2,12.0,94.0
PBI,2024-08-05,12,2,6,3,5,33.33,33.33,40.0,33.67,12.33,1.23,35.0,5.2,1.2,7.4,95.2
PBI,2024-08-05,13,5,3,6,5,66.67,66.67,40.0,12.67,13.0,1.87,14.67,4.4,1.1,12.8,108.4
PBI,2024-08-05,14,4,6,4,5,25.0,25.0,60.0,105.75,20.0,9.03,114.75,4.4,1.04,3.4,22.6
PBI,2024-08-05,15,4,3,6,5,33.33,33.33,40.0,25.17,12.5,1.28,26.5,3.2,1.14,3.8,28.8
PBI,2024-08-05,16,5,5,3,7,66.67,66.67,14.29,8.33,10.33,0.0,6.67,3.14,1.53,13.71,50.43
PBI,2024-08-05,17,3,4,3,6,33.33,0.0,0.0,32.0,17.0,5.87,37.67,4.5,0.73,6.33,71.83
PBI,2024-08-05,18,4,9,7,10,28.57,28.57,30.0,35.0,12.57,1.7,36.57,2.3,1.58,1.8,49.9
PBI,2024-08-05,19,10,3,8,5,25.0,25.0,40.0,40.25,11.38,0.5,39.63,1.8,2.48,6.6,48.0
PBI,2024-08-05,20,3,2,2,3,50.0,50.0,0.0,66.0,10.0,0.0,65.0,9.67,1.97,15.33,87.0
PBI,2024-08-05,21,0,2,1,2,100.0,100.0,0.0,0.0,8.0,0.0,0.0,0.5,3.05,0.5,53.5
PBI,2024-08-05,22,0,4,1,3,100.0,100.0,33.33,0.0,9.0,0.0,0.0,1.0,0.6,7.33,45.67
PBI,2024-08-05,23,0,5,0,5,0.0,0.0,40.0,0.0,0.0,0.0,0.0,0.6,1.46,7.8,70.6
PBI,2024-08-06,0,0,2,0,2,0.0,0.0,50.0,0.0,0.0,0.0,0.0,0.0,0.75,2.0,20.0
PBI,2024-08-06,1,0,0,0,1,0.0,0.0,0.0,0.0,0.0,0.0,0.0,4.0,1.2,9.0,31.0
PBI,2024-08-06,4,0,0,0,0,0.0,0.0,0.0,0.0,0.0,0.0,0.0,0.0,0.0,0.0,0.0
PBI,2024-08-06,6,5,0,5,3,60.0,60.0,66.67,13.8,10.8,0.94,14.6,1.0,1.87,4.0,13.67
PBI,2024-08-06,7,7,1,10,2,80.0,70.0,50.0,8.4,14.9,4.25,11.7,7.0,1.2,11.5,22.0
PBI,2024-08-06,8,4,3,7,3,85.71,85.71,66.67,4.71,13.71,2.64,7.43,1.0,1.67,15.67,17.0
PBI,2024-08-06,9,2,4,4,6,75.0,50.0,50.0,15.0,27.75,16.88,32.0,6.33,1.1,26.5,22.83
PBI,2024-08-06,10,5,7,8,7,50.0,25.0,28.57,30.63,23.5,12.14,42.38,18.14,0.94,28.0,37.14
PBI,2024-08-06,11,7,2,10,6,20.0,10.0,16.67,46.9,20.6,8.77,55.4,21.83,1.17,31.0,44.17
PBI,2024-08-06,12,2,4,3,11,33.33,33.33,27.27,21.0,12.33,1.97,23.0,6.64,1.39,11.09,44.91
PBI,2024-08-06,13,5,4,4,9,50.0,50.0,33.33,29.5,22.25,11.83,39.75,10.67,1.14,16.22,32.89
PBI,2024-08-06,14,4,7,9,9,44.44,44.44,55.56,19.33,13.22,1.88,21.22,3.44,4.5,9.78,19.89
PBI,2024-08-06,15,4,1,4,3,100.0,75.0,33.33,3.0,17.5,5.88,8.5,2.0,1.0,7.33,17.0
PBI,2024-08-06,16,3,4,3,4,33.33,33.33,75.0,43.33,13.33,1.73,45.0,18.0,0.68,25.0,28.5
PBI,2024-08-06,17,3,3,4,6,25.0,0.0,16.67,55.25,17.75,7.0,62.25,33.5,2.43,49.67,107.0
PBI,2024-08-06,18,4,8,6,9,33.33,33.33,33.33,99.67,14.0,3.12,102.33,5.67,2.31,14.11,79.22
PBI,2024-08-06,19,7,3,7,5,42.86,42.86,40.0,75.71,14.71,3.64,79.0,6.4,2.08,8.4,87.4
PBI,2024-08-06,20,3,2,2,2,0.0,0.0,0.0,155.5,11.0,0.0,155.5,10.0,1.35,7.5,30.5
PBI,2024-08-06,21,0,2,1,3,100.0,100.0,33.33,0.0,8.0,0.0,0.0,3.33,2.23,4.33,59.0
PBI,2024-08-06,22,0,3,1,3,100.0,100.0,66.67,0.0,8.0,0.0,0.0,9.67,1.67,13.33,25.67
PBI,2024-08-06,23,0,4,0,3,0.0,0.0,33.33,0.0,0.0,0.0,0.0,4.0,1.97,7.33,37.0
PBI,2024-08-07,0,0,2,0,3,0.0,0.0,0.0,0.0,0.0,0.0,0.0,4.33,1.1,5.67,36.33
PBI,2024-08-07,1,0,0,0,1,0.0,0.0,0.0,0.0,0.0,0.0,0.0,0.0,1.2,6.0,33.0
PBI,2024-08-07,6,4,0,6,2,83.33,83.33,0.0,5.17,13.33,3.13,8.17,0.0,1.2,6.5,27.0
PBI,2024-08-07,7,7,1,7,0,100.0,100.0,0.0,0.86,12.57,1.76,1.86,0.0,0.0,0.0,0.0
PBI,2024-08-07,8,4,3,9,4,66.67,66.67,75.0,9.22,11.11,0.68,9.56,1.25,1.4,6.75,7.25
PBI,2024-08-07,9,2,4,7,5,42.86,42.86,20.0,13.14,10.86,0.13,13.29,1.0,6.28,15.6,16.6
PBI,2024-08-07,10,5,6,9,6,33.33,33.33,83.33,19.78,10.78,0.03,19.44,3.33,1.4,0.0,3.5
PBI,2024-08-07,11,6,2,11,5,54.55,45.45,40.0,19.91,12.36,1.62,21.09,9.8,0.86,12.0,23.8
PBI,2024-08-07,12,2,4,4,6,75.0,75.0,50.0,9.25,14.0,4.45,13.75,2.67,1.05,4.67,21.67
PBI,2024-08-07,13,5,4,9,6,44.44,33.33,83.33,39.78,21.44,10.38,49.22,5.83,1.42,7.17,13.0
PBI,2024-08-07,14,4,6,8,10,37.5,37.5,80.0,15.25,12.5,2.03,16.38,3.2,4.27,5.3,8.2
PBI,2024-08-07,15,4,2,6,3,16.67,0.0,0.0,57.83,24.5,13.32,70.33,27.0,0.67,26.0,211.67
PBI,2024-08-07,16,3,4,4,8,25.0,25.0,25.0,138.5,15.75,4.2,142.25,10.38,8.46,21.13,34.75
PBI,2024-08-07,17,3,3,3,8,0.0,0.0,75.0,54.33,12.67,2.5,56.67,2.75,1.87,6.88,11.75
PBI,2024-08-07,18,5,9,7,13,71.43,71.43,23.08,26.29,11.43,0.46,26.29,4.69,0.72,15.0,66.08
PBI,2024-08-07,19,8,3,8,4,12.5,12.5,100.0,90.13,12.75,1.44,90.88,2.25,0.9,7.0,6.25
PBI,2024-08-07,20,3,2,3,2,66.67,66.67,0.0,10.33,13.67,3.3,13.67,12.0,1.35,21.5,133.0
PBI,2024-08-07,21,0,2,1,5,100.0,100.0,40.0,0.0,11.0,0.0,0.0,2.4,2.54,4.4,37.4
PBI,2024-08-07,22,0,4,1,5,100.0,100.0,20.0,0.0,13.0,1.8,0.0,0.0,1.1,94.8,167.8
PBI,2024-08-07,23,0,4,0,4,0.0,0.0,0.0,0.0,0.0,0.0,0.0,2.75,0.98,6.25,48.0
PBI,2024-08-08,0,0,3,1,4,100.0,100.0,50.0,0.0,17.0,5.8,6.0,3.0,0.88,2.75,21.75
PBI,2024-08-08,1,0,0,0,0,0.0,0.0,0.0,0.0,0.0,0.0,0.0,0.0,0.0,0.0,0.0
PBI,2024-08-08,2,0,0,0,0,0.0,0.0,0.0,0.0,0.0,0.0,0.0,0.0,0.0,0.0,0.0
PBI,2024-08-08,3,0,0,0,0,0.0,0.0,0.0,0.0,0.0,0.0,0.0,0.0,0.0,0.0,0.0
PBI,2024-08-08,6,5,0,6,2,83.33,83.33,50.0,13.5,12.83,2.52,13.67,0.0,1.7,2.0,8.5
PBI,2024-08-08,7,6,1,9,2,77.78,77.78,50.0,5.11,11.44,0.93,5.56,3.5,1.2,7.0,24.5
PBI,2024-08-08,8,4,3,6,5,66.67,66.67,20.0,8.67,12.33,0.95,9.0,6.8,2.48,18.2,53.6
PBI,2024-08-08,9,2,7,5,8,40.0,40.0,37.5,49.8,12.2,2.12,51.6,1.0,2.32,19.5,22.0
PBI,2024-08-08,10,7,5,11,10,36.36,36.36,60.0,24.09,11.27,0.48,24.36,4.9,1.51,8.8,20.0
PBI,2024-08-08,11,7,2,13,5,53.85,61.54,60.0,17.85,13.08,2.08,19.54,1.8,1.56,4.8,17.2
PBI,2024-08-08,12,1,5,5,7,80.0,80.0,57.14,3.8,14.2,3.06,6.6,4.29,1.07,5.86,24.43
PBI,2024-08-08,13,5,3,7,3,14.29,14.29,0.0,29.29,12.71,1.24,30.57,16.0,1.37,30.67,37.0
PBI,2024-08-08,14,4,8,5,11,20.0,20.0,54.55,62.4,16.4,5.12,67.2,10.0,4.79,13.73,38.0
PBI,2024-08-08,15,5,2,7,5,14.29,14.29,40.0,61.86,14.43,3.47,64.14,11.6,7.18,17.0,34.8
PBI,2024-08-08,16,3,3,4,10,25.0,25.0,30.0,77.25,17.25,5.7,83.0,10.6,2.73,14.6,39.0
PBI,2024-08-08,17,3,3,3,3,0.0,0.0,33.33,50.33,11.0,0.7,50.33,7.0,9.03,17.67,20.33
PBI,2024-08-08,18,6,9,9,11,33.33,33.33,54.55,38.33,13.0,3.14,40.11,5.09,1.2,17.18,37.0
PBI,2024-08-08,19,8,5,8,7,50.0,50.0,42.86,44.38,11.75,0.44,44.0,2.14,2.97,9.0,29.43
PBI,2024-08-08,20,4,2,5,3,20.0,20.0,66.67,74.2,13.6,2.76,77.0,2.33,0.83,0.33,25.0
PBI,2024-08-08,21,0,2,1,2,0.0,0.0,50.0,24.0,14.0,2.8,27.0,1.5,1.75,0.0,8.5
PBI,2024-08-08,22,0,4,1,4,100.0,100.0,0.0,0.0,10.0,0.0,0.0,2.5,0.5,10.0,74.0
PBI,2024-08-08,23,0,4,0,4,0.0,0.0,25.0,0.0,0.0,0.0,0.0,0.25,1.48,10.25,45.75
PBI,2024-08-09,0,0,3,0,3,0.0,0.0,0.0,0.0,0.0,0.0,0.0,2.0,1.43,3.0,56.0
PBI,2024-08-09,1,0,0,0,0,0.0,0.0,0.0,0.0,0.0,0.0,0.0,0.0,0.0,0.0,0.0
PBI,2024-08-09,6,6,0,8,2,87.5,87.5,50.0,5.88,10.75,0.43,6.13,0.0,1.7,0.0,19.5
PBI,2024-08-09,7,6,1,10,2,80.0,80.0,50.0,5.6,14.8,3.64,9.2,0.0,1.2,5.0,18.5
PBI,2024-08-09,8,4,3,7,4,57.14,57.14,100.0,11.14,12.57,1.61,12.0,2.5,1.8,1.75,0.25
PBI,2024-08-09,9,2,5,4,6,75.0,75.0,50.0,5.0,12.5,1.93,6.5,1.0,1.23,13.5,21.0
PBI,2024-08-09,10,7,7,11,10,36.36,36.36,50.0,26.82,14.91,3.94,30.73,1.4,1.6,17.8,21.0
PBI,2024-08-09,11,7,2,10,10,60.0,50.0,40.0,20.8,15.7,4.64,25.2,3.9,1.28,11.7,35.6
PBI,2024-08-09,12,2,6,5,12,80.0,80.0,75.0,4.4,16.0,5.08,9.6,5.42,2.76,10.58,19.25
PBI,2024-08-09,13,5,3,11,9,27.27,27.27,33.33,59.73,14.64,3.62,63.09,8.78,16.92,34.11,52.33
PBI,2024-08-09,14,4,7,7,11,14.29,14.29,63.64,51.29,16.43,5.63,56.29,5.18,4.78,16.18,28.36
PBI,2024-08-09,15,5,3,8,7,62.5,37.5,42.86,26.0,18.25,6.86,32.38,2.29,1.09,7.14,21.43
PBI,2024-08-09,16,4,4,4,8,50.0,50.0,37.5,19.75,18.75,7.2,26.25,6.38,0.96,8.75,43.38
PBI,2024-08-09,17,3,4,4,12,50.0,25.0,50.0,32.0,19.5,8.7,38.0,7.58,0.88,9.33,29.42
PBI,2024-08-09,18,5,8,6,10,66.67,66.67,30.0,17.33,17.0,5.98,21.83,5.4,1.26,8.2,45.7
PBI,2024-08-09,19,10,4,11,6,36.36,36.36,33.33,40.82,13.64,2.18,42.18,0.83,1.17,5.83,44.33
PBI,2024-08-09,20,2,2,3,4,33.33,33.33,25.0,27.33,12.0,0.97,28.33,5.25,1.9,3.25,53.5
PBI,2024-08-09,21,0,2,0,4,0.0,0.0,75.0,0.0,0.0,0.0,0.0,3.75,0.45,2.25,19.0
PBI,2024-08-09,22,0,4,2,5,100.0,100.0,20.0,0.0,11.5,0.4,0.0,2.6,1.3,4.4,81.8
PBI,2024-08-09,23,0,4,0,4,0.0,0.0,0.0,0.0,0.0,0.0,0.0,0.25,1.13,0.0,71.25
PBI,2024-08-10,0,0,3,0,3,0.0,0.0,0.0,0.0,0.0,0.0,0.0,1.67,1.1,3.67,206.33
PBI,2024-08-10,1,0,0,0,0,0.0,0.0,0.0,0.0,0.0,0.0,0.0,0.0,0.0,0.0,0.0
PBI,2024-08-10,2,0,0,0,0,0.0,0.0,0.0,0.0,0.0,0.0,0.0,0.0,0.0,0.0,0.0
PBI,2024-08-10,5,0,0,0,0,0.0,0.0,0.0,0.0,0.0,0.0,0.0,0.0,0.0,0.0,0.0
PBI,2024-08-10,6,5,0,6,1,100.0,100.0,100.0,0.0,11.33,1.2,0.5,0.0,0.2,0.0,0.0
PBI,2024-08-10,7,7,1,8,2,62.5,62.5,50.0,20.25,13.5,2.56,21.63,0.0,1.7,4.0,16.0
PBI,2024-08-10,8,4,3,11,3,63.64,63.64,100.0,11.45,12.09,1.51,12.64,0.67,1.67,0.0,0.0
PBI,2024-08-10,9,2,4,7,5,71.43,71.43,60.0,28.14,14.14,3.64,31.14,0.6,1.08,1.0,19.8
PBI,2024-08-10,10,5,7,9,9,66.67,66.67,44.44,14.22,11.89,1.31,15.44,1.89,0.76,1.44,23.89
PBI,2024-08-10,11,6,2,10,4,40.0,40.0,75.0,21.0,12.0,1.39,21.9,3.75,1.8,3.25,11.75
PBI,2024-08-10,12,2,4,7,9,71.43,57.14,66.67,6.29,15.57,4.44,10.57,1.56,1.39,2.11,12.11
PBI,2024-08-10,13,5,3,6,5,83.33,83.33,60.0,7.0,14.83,3.22,9.17,2.6,1.44,5.0,9.6
PBI,2024-08-10,14,4,8,6,11,100.0,100.0,63.64,1.5,12.67,1.37,1.5,6.18,1.06,5.09,23.91
PBI,2024-08-10,15,6,3,9,3,44.44,44.44,66.67,34.22,15.22,4.88,38.0,1.33,1.43,9.0,11.33
PBI,2024-08-10,16,4,2,4,6,50.0,25.0,83.33,63.75,19.0,8.0,70.75,7.33,1.05,6.0,8.5
PBI,2024-08-10,17,2,4,4,7,50.0,50.0,57.14,19.75,14.25,3.43,22.75,3.57,1.46,4.57,35.43
PBI,2024-08-10,18,5,8,7,9,57.14,57.14,88.89,23.43,12.29,1.13,23.71,1.33,0.63,2.33,4.44
PBI,2024-08-10,19,7,5,7,5,57.14,57.14,40.0,25.14,12.29,0.8,25.71,3.2,1.64,0.0,47.2
PBI,2024-08-10,20,3,2,3,2,66.67,66.67,50.0,6.67,13.0,2.97,8.33,4.5,1.85,0.0,11.5
PBI,2024-08-10,21,0,1,0,2,0.0,0.0,0.0,0.0,0.0,0.0,0.0,2.0,3.9,4.5,47.0
PBI,2024-08-10,22,0,3,0,3,0.0,0.0,66.67,0.0,0.0,0.0,0.0,0.33,5.1,0.0,28.33
PBI,2024-08-10,23,0,4,0,4,0.0,0.0,75.0,0.0,0.0,0.0,0.0,0.0,3.4,6.25,34.25
PBI,2024-08-11,0,0,3,0,3,0.0,0.0,66.67,0.0,0.0,0.0,0.0,0.0,1.43,0.0,18.0
PBI,2024-08-11,1,0,0,0,0,0.0,0.0,0.0,0.0,0.0,0.0,0.0,0.0,0.0,0.0,0.0
PBI,2024-08-11,2,0,0,0,0,0.0,0.0,0.0,0.0,0.0,0.0,0.0,0.0,0.0,0.0,0.0
PBI,2024-08-11,6,5,0,7,0,71.43,71.43,0.0,10.0,13.29,2.43,11.43,0.0,0.0,0.0,0.0
PBI,2024-08-11,7,6,1,7,1,71.43,71.43,0.0,36.71,15.0,3.63,38.57,5.0,2.2,13.0,87.0
PBI,2024-08-11,8,5,3,8,3,62.5,62.5,100.0,17.5,15.5,4.41,20.25,1.33,1.67,3.33,3.33
PBI,2024-08-11,9,2,5,2,8,100.0,100.0,62.5,2.0,9.5,0.0,2.0,4.63,2.12,7.88,12.5
PBI,2024-08-11,10,6,6,10,10,70.0,60.0,50.0,9.6,16.3,5.02,14.1,3.9,1.8,6.0,21.6
PBI,2024-08-11,11,7,2,13,5,69.23,69.23,40.0,10.77,14.46,3.69,13.92,1.4,0.16,6.2,19.8
PBI,2024-08-11,12,1,6,6,11,50.0,50.0,45.45,28.33,11.83,0.73,29.17,2.55,0.19,3.27,21.73
PBI,2024-08-11,13,6,3,11,7,36.36,36.36,57.14,15.18,14.45,3.29,18.18,4.14,0.41,5.0,33.57
PBI,2024-08-11,14,4,6,11,14,45.45,45.45,57.14,38.27,13.18,2.05,39.45,7.29,1.76,8.5,29.5
PBI,2024-08-11,15,4,3,5,5,20.0,20.0,20.0,46.4,12.0,0.5,46.4,5.2,0.4,6.2,47.6
PBI,2024-08-11,16,4,3,11,9,54.55,45.45,11.11,27.09,13.73,2.77,29.55,10.0,0.14,13.67,29.67
PBI,2024-08-11,17,3,3,6,9,33.33,16.67,33.33,16.0,12.83,2.22,17.83,6.22,0.43,10.44,53.67
PBI,2024-08-11,18,5,10,7,11,28.57,28.57,45.45,61.71,13.86,2.69,63.86,20.73,1.16,15.91,41.18
PBI,2024-08-11,19,10,5,10,6,60.0,50.0,50.0,77.5,12.2,1.29,78.5,9.5,0.8,21.0,24.17
PBI,2024-08-11,20,3,2,2,8,50.0,50.0,25.0,23.5,10.5,0.4,23.0,17.0,0.71,20.5,52.38
PBI,2024-08-11,21,0,1,0,3,0.0,0.0,66.67,0.0,0.0,0.0,0.0,2.33,1.0,4.67,16.67
PBI,2024-08-11,22,0,4,0,5,0.0,0.0,20.0,0.0,0.0,0.0,0.0,6.2,1.7,12.6,34.8
PBI,2024-08-11,23,0,5,0,7,0.0,0.0,42.86,0.0,0.0,0.0,0.0,1.29,0.83,1.86,19.71
PBI,2024-08-12,0,0,3,0,3,0.0,0.0,0.0,0.0,0.0,0.0,0.0,0.0,4.1,1.67,38.33
PBI,2024-08-12,1,0,0,0,0,0.0,0.0,0.0,0.0,0.0,0.0,0.0,0.0,0.0,0.0,0.0
PBI,2024-08-12,4,0,0,1,0,100.0,100.0,0.0,0.0,20.0,8.8,9.0,0.0,0.0,0.0,0.0
PBI,2024-08-12,6,6,0,8,0,87.5,87.5,0.0,3.13,12.25,1.61,3.75,0.0,0.0,0.0,0.0
PBI,2024-08-12,7,6,1,9,0,77.78,77.78,0.0,9.56,15.22,3.76,11.67,0.0,0.0,0.0,0.0
PBI,2024-08-12,8,4,4,6,5,50.0,50.0,100.0,11.67,12.5,1.38,12.67,1.2,0.82,0.6,0.0
PBI,2024-08-12,9,2,5,3,6,66.67,66.67,50.0,10.0,12.0,1.57,11.67,3.33,1.38,5.33,14.5
PBI,2024-08-12,10,8,7,10,10,60.0,60.0,80.0,29.9,12.7,2.41,31.4,1.3,0.94,0.9,24.7
PBI,2024-08-12,11,7,2,9,5,88.89,88.89,100.0,4.11,13.11,2.09,5.33,0.4,1.26,3.2,1.8
PBI,2024-08-12,12,2,6,6,8,66.67,66.67,62.5,12.67,12.0,0.88,13.5,4.75,0.34,5.25,11.38
PBI,2024-08-12,13,5,3,7,8,71.43,71.43,62.5,6.86,13.57,2.2,8.57,1.75,0.4,3.88,12.13
PBI,2024-08-12,14,4,7,6,9,100.0,83.33,88.89,1.33,20.67,9.62,10.17,3.78,1.13,4.56,18.89
PBI,2024-08-12,15,5,2,8,7,75.0,62.5,71.43,6.75,18.75,7.35,12.63,2.71,1.03,4.14,8.57
PBI,2024-08-12,16,4,4,5,6,100.0,80.0,66.67,0.8,16.8,5.4,5.4,8.83,0.22,9.0,10.0
PBI,2024-08-12,17,2,4,2,7,50.0,50.0,57.14,13.0,10.5,0.0,12.0,12.71,0.71,10.43,22.43
PBI,2024-08-12,18,5,8,6,12,66.67,66.67,50.0,17.17,12.83,2.35,17.5,6.75,1.02,8.67,23.75
PBI,2024-08-12,19,9,4,10,8,90.0,90.0,50.0,6.9,12.6,1.26,8.0,6.5,2.75,9.0,14.38
PBI,2024-08-12,20,3,2,3,5,66.67,66.67,40.0,27.0,11.67,1.0,28.0,3.2,1.26,6.2,45.2
PBI,2024-08-12,21,0,2,2,2,100.0,100.0,100.0,0.0,11.0,0.9,1.0,2.5,0.55,0.0,0.0
PBI,2024-08-12,22,0,4,2,4,100.0,100.0,75.0,0.0,10.5,0.0,0.0,0.0,1.45,1.25,5.75
PBI,2024-08-12,23,0,4,0,4,0.0,0.0,50.0,0.0,0.0,0.0,0.0,1.5,0.63,0.0,32.5
PBI,2024-08-13,0,0,2,0,3,0.0,0.0,100.0,0.0,0.0,0.0,0.0,3.0,1.77,1.33,2.67
PBI,2024-08-13,1,0,0,0,1,0.0,0.0,0.0,0.0,0.0,0.0,0.0,5.0,1.2,11.0,59.0
PBI,2024-08-13,2,0,0,0,0,0.0,0.0,0.0,0.0,0.0,0.0,0.0,0.0,0.0,0.0,0.0
PBI,2024-08-13,4,0,0,1,0,0.0,0.0,0.0,24.0,12.0,0.8,25.0,0.0,0.0,0.0,0.0
PBI,2024-08-13,5,0,0,0,0,0.0,0.0,0.0,0.0,0.0,0.0,0.0,0.0,0.0,0.0,0.0
PBI,2024-08-13,6,5,0,6,2,66.67,66.67,50.0,57.0,11.17,0.87,56.67,0.0,0.0,0.0,13.5
PBI,2024-08-13,7,7,1,12,1,66.67,66.67,100.0,8.92,11.0,0.48,9.17,0.0,1.2,2.0,0.0
PBI,2024-08-13,8,4,4,8,4,50.0,50.0,100.0,12.38,11.38,0.54,12.63,1.0,0.98,0.0,0.0
PBI,2024-08-13,9,2,4,8,6,37.5,37.5,66.67,16.13,13.0,2.4,18.38,1.5,1.23,5.33,12.33
PBI,2024-08-13,10,6,7,10,14,70.0,70.0,42.86,14.9,13.1,1.89,16.4,3.5,1.46,7.64,18.86
PBI,2024-08-13,11,7,2,16,4,50.0,43.75,75.0,21.38,13.19,2.09,22.81,3.75,0.9,4.25,7.25
PBI,2024-08-13,12,2,4,4,8,50.0,75.0,75.0,16.75,12.0,1.9,18.25,2.13,0.54,5.13,11.25
PBI,2024-08-13,13,5,4,8,10,87.5,87.5,50.0,2.75,12.38,1.35,3.25,2.2,0.63,4.6,21.7
PBI,2024-08-13,14,4,7,12,10,58.33,58.33,70.0,17.58,13.33,2.15,19.25,1.3,0.45,2.2,13.3
PBI,2024-08-13,15,4,1,7,3,57.14,42.86,66.67,25.29,14.86,3.11,28.29,0.33,0.8,5.33,20.0
PBI,2024-08-13,16,3,3,5,4,60.0,60.0,75.0,7.0,16.6,5.12,12.2,0.0,1.35,3.0,9.25
PBI,2024-08-13,17,2,2,5,8,60.0,60.0,37.5,13.2,11.2,0.76,13.0,4.13,0.25,6.0,29.88
PBI,2024-08-13,18,3,8,5,10,100.0,100.0,50.0,2.4,15.8,4.76,5.0,3.5,0.7,2.0,37.4
PBI,2024-08-13,19,7,3,7,5,85.71,71.43,80.0,14.86,13.57,2.11,16.86,0.4,1.36,1.4,5.4
PBI,2024-08-13,20,3,2,3,3,66.67,66.67,33.33,35.0,11.33,1.03,36.0,8.0,2.07,7.0,16.0
PBI,2024-08-13,21,0,2,1,2,100.0,100.0,50.0,0.0,14.0,2.8,0.0,6.0,1.55,2.5,8.5
PBI,2024-08-13,22,0,3,1,3,100.0,100.0,100.0,0.0,11.0,0.0,0.0,0.0,0.5,1.0,0.0
PBI,2024-08-13,23,0,4,0,4,0.0,0.0,100.0,0.0,0.0,0.0,0.0,5.5,0.88,0.0,2.75
PBI,2024-08-14,0,0,2,0,2,0.0,0.0,50.0,0.0,0.0,0.0,0.0,0.0,1.05,0.0,8.5
PBI,2024-08-14,5,0,0,0,0,0.0,0.0,0.0,0.0,0.0,0.0,0.0,0.0,0.0,0.0,0.0
PBI,2024-08-14,6,4,0,4,2,100.0,100.0,0.0,0.0,11.0,0.83,0.0,0.0,1.7,3.0,23.5
PBI,2024-08-14,7,7,1,14,1,64.29,64.29,100.0,13.64,13.0,2.21,15.14,0.0,0.2,4.0,0.0
PBI,2024-08-14,8,4,3,7,4,71.43,71.43,75.0,10.0,13.14,2.19,11.43,3.75,0.5,2.75,6.0
PBI,2024-08-14,9,1,4,2,4,50.0,50.0,75.0,16.5,11.0,0.4,17.0,0.0,2.55,5.5,35.5
PBI,2024-08-14,10,6,6,9,8,55.56,55.56,75.0,22.78,12.33,1.17,23.78,3.5,5.79,8.88,12.25
PBI,2024-08-14,11,6,3,7,8,85.71,85.71,37.5,2.43,14.0,2.63,4.57,4.5,5.49,10.13,25.38
PBI,2024-08-14,12,3,5,6,6,100.0,100.0,83.33,1.33,13.83,3.38,4.83,0.17,0.48,1.83,8.67
PBI,2024-08-14,13,6,4,8,8,75.0,75.0,50.0,9.5,12.13,1.18,10.13,5.0,0.25,7.25,19.13
PBI,2024-08-14,14,4,6,8,10,75.0,62.5,60.0,9.5,15.38,4.08,12.63,5.1,0.81,9.1,13.3
PBI,2024-08-14,15,4,2,8,4,75.0,75.0,75.0,10.0,11.88,0.99,10.38,3.75,0.4,4.0,7.75
PBI,2024-08-14,16,3,3,6,8,66.67,66.67,87.5,11.83,12.5,1.13,12.67,1.38,0.94,3.25,12.75
PBI,2024-08-14,17,2,2,3,9,66.67,66.67,77.78,22.67,11.0,1.27,23.67,5.44,0.58,4.22,8.56
PBI,2024-08-14,18,5,9,7,14,71.43,71.43,64.29,17.86,12.14,1.21,18.29,3.29,1.03,5.79,17.36
PBI,2024-08-14,19,7,3,7,4,71.43,71.43,50.0,10.43,12.43,1.19,11.43,1.0,0.7,2.5,23.75
PBI,2024-08-14,20,3,2,4,4,75.0,75.0,25.0,5.25,11.75,0.98,5.5,0.0,0.53,2.25,33.75
PBI,2024-08-14,21,0,2,1,3,100.0,100.0,100.0,0.0,12.0,0.8,0.0,1.67,1.6,1.33,4.67
PBI,2024-08-14,22,0,4,1,5,100.0,100.0,40.0,0.0,11.0,0.0,0.0,6.8,1.78,13.4,45.6
PBI,2024-08-14,23,0,4,0,4,0.0,0.0,100.0,0.0,0.0,0.0,0.0,0.0,1.63,0.5,1.25
PBI,2024-08-15,0,0,3,0,2,0.0,0.0,100.0,0.0,0.0,0.0,0.0,1.0,1.05,0.0,0.0
PBI,2024-08-15,6,5,0,5,2,100.0,100.0,0.0,0.6,11.6,1.68,0.4,0.0,3.2,2.0,17.0
PBI,2024-08-15,7,6,1,10,0,70.0,70.0,0.0,7.4,11.5,1.18,8.2,0.0,0.0,0.0,0.0
PBI,2024-08-15,8,4,3,9,5,55.56,55.56,80.0,12.44,13.33,2.13,14.56,4.4,0.52,4.2,10.0
PBI,2024-08-15,9,1,6,4,9,50.0,25.0,88.89,26.0,15.25,4.68,30.25,2.56,3.33,4.44,4.0
PBI,2024-08-15,10,8,6,14,8,71.43,71.43,75.0,13.93,11.43,1.45,14.5,1.88,1.29,3.5,10.5
PBI,2024-08-15,11,7,2,12,3,66.67,66.67,66.67,8.67,14.17,3.16,11.58,3.33,2.63,5.67,11.33
PBI,2024-08-15,12,1,6,3,9,66.67,33.33,77.78,33.67,27.67,16.57,50.33,1.67,1.28,2.56,8.78
PBI,2024-08-15,13,6,3,13,4,30.77,23.08,75.0,38.38,22.92,11.62,49.46,5.5,1.57,5.75,10.0
PBI,2024-08-15,14,4,8,7,11,85.71,28.57,54.55,8.86,28.14,16.83,25.57,7.64,1.79,5.09,20.45
PBI,2024-08-15,15,5,1,7,5,42.86,42.86,60.0,26.71,13.57,2.74,28.71,3.8,1.48,3.6,16.0
PBI,2024-08-15,16,3,3,4,6,75.0,50.0,33.33,19.0,16.75,5.25,24.25,1.0,1.08,2.67,46.17
PBI,2024-08-15,17,2,3,6,7,100.0,100.0,71.43,0.0,14.0,2.83,2.83,3.0,4.7,5.71,14.0
PBI,2024-08-15,18,5,7,6,10,83.33,83.33,90.0,24.17,11.0,0.73,24.83,1.6,0.71,2.3,3.8
PBI,2024-08-15,19,7,4,8,6,87.5,62.5,50.0,5.88,19.63,7.99,11.0,2.83,0.63,6.83,23.5
PBI,2024-08-15,20,3,2,3,3,66.67,66.67,100.0,12.0,12.33,2.03,11.67,1.0,0.23,2.33,0.0
PBI,2024-08-15,21,0,2,1,2,100.0,100.0,50.0,0.0,10.0,0.0,0.0,0.0,1.3,0.0,11.0
PBI,2024-08-15,22,0,4,1,5,100.0,100.0,40.0,0.0,11.0,0.0,0.0,1.4,0.46,2.2,84.6
PBI,2024-08-15,23,0,4,0,5,0.0,0.0,60.0,0.0,0.0,0.0,0.0,1.2,1.22,2.0,17.6
PBI,2024-08-16,0,0,3,0,5,0.0,0.0,40.0,0.0,0.0,0.0,0.0,0.2,1.34,2.6,34.6
PBI,2024-08-16,1,0,0,0,0,0.0,0.0,0.0,0.0,0.0,0.0,0.0,0.0,0.0,0.0,0.0
PBI,2024-08-16,4,0,0,0,0,0.0,0.0,0.0,0.0,0.0,0.0,0.0,0.0,0.0,0.0,0.0
PBI,2024-08-16,5,0,0,0,1,0.0,0.0,0.0,0.0,0.0,0.0,0.0,2.0,0.0,3.0,16.0
PBI,2024-08-16,6,6,0,6,1,100.0,100.0,100.0,0.0,13.17,2.88,1.67,0.0,0.2,0.0,7.0
PBI,2024-08-16,7,6,1,10,2,80.0,80.0,50.0,4.1,12.7,1.43,5.3,2.5,1.2,7.5,12.5
PBI,2024-08-16,8,4,3,9,4,77.78,66.67,75.0,4.89,15.44,4.12,8.78,1.0,0.93,0.0,7.5
PBI,2024-08-16,9,1,5,5,5,60.0,60.0,100.0,13.0,11.4,0.36,13.4,0.8,0.54,1.6,2.0
PBI,2024-08-16,10,7,6,11,8,63.64,63.64,100.0,13.09,12.64,1.56,14.0,1.88,2.61,0.5,3.13
PBI,2024-08-16,11,7,4,8,10,87.5,87.5,60.0,4.63,12.88,1.86,5.5,3.0,0.56,5.3,10.4
PBI,2024-08-16,12,4,7,11,10,63.64,63.64,60.0,11.55,14.45,3.3,14.64,1.5,0.61,3.5,13.0
PBI,2024-08-16,13,6,3,8,6,87.5,75.0,66.67,4.13,18.0,6.8,10.0,4.17,1.78,4.5,6.67
PBI,2024-08-16,14,4,7,7,9,71.43,71.43,100.0,7.14,15.43,4.43,10.71,4.0,1.58,0.11,2.11
PBI,2024-08-16,15,5,2,7,8,71.43,85.71,62.5,8.57,10.86,0.14,8.14,3.0,1.13,7.13,29.0
PBI,2024-08-16,16,4,4,6,13,66.67,66.67,53.85,8.67,13.0,1.62,9.83,1.62,1.07,5.31,23.62
PBI,2024-08-16,17,2,3,5,5,80.0,80.0,60.0,5.8,14.8,3.58,8.6,1.6,0.34,2.8,14.0
PBI,2024-08-16,18,5,8,6,11,66.67,66.67,81.82,9.33,12.83,1.8,10.67,1.45,1.07,0.73,8.82
PBI,2024-08-16,19,9,4,10,4,80.0,80.0,75.0,7.9,12.1,1.05,8.1,0.0,2.85,1.0,5.5
PBI,2024-08-16,20,2,2,2,5,100.0,100.0,60.0,0.0,9.5,0.0,0.0,2.6,0.62,4.8,12.8
PBI,2024-08-16,21,0,2,0,4,0.0,0.0,75.0,0.0,0.0,0.0,0.0,4.5,0.83,5.75,13.75
PBI,2024-08-16,22,0,4,2,4,100.0,100.0,75.0,0.0,11.5,0.4,0.0,0.75,0.43,0.0,18.75
PBI,2024-08-16,23,0,4,1,5,100.0,100.0,60.0,0.0,11.0,0.0,0.0,0.4,1.54,0.0,15.0
PBI,2024-08-17,0,0,3,0,3,0.0,0.0,33.33,0.0,0.0,0.0,0.0,0.0,0.43,1.0,11.67
PBI,2024-08-17,6,5,0,5,1,100.0,100.0,100.0,0.0,10.8,0.46,0.0,0.0,0.2,3.0,10.0
PBI,2024-08-17,7,7,1,10,2,80.0,80.0,100.0,10.7,12.1,1.34,11.7,0.0,0.6,0.0,0.0
PBI,2024-08-17,8,4,2,11,3,63.64,63.64,100.0,7.64,13.64,2.46,10.18,0.33,1.67,1.0,4.33
PBI,2024-08-17,9,1,4,6,4,33.33,33.33,100.0,31.5,13.33,2.35,33.83,0.0,4.65,0.75,0.0
PBI,2024-08-17,10,5,7,9,8,100.0,100.0,100.0,0.0,13.22,1.92,1.33,0.25,1.02,2.25,0.63
PBI,2024-08-17,11,6,2,7,7,100.0,100.0,57.14,2.0,10.57,0.1,1.57,3.29,1.54,6.0,18.43
PBI,2024-08-17,12,2,5,6,9,66.67,66.67,66.67,14.83,11.5,0.42,15.17,2.44,1.37,7.78,22.78
PBI,2024-08-17,13,6,3,10,7,40.0,40.0,57.14,31.1,11.5,0.64,31.3,2.0,2.37,5.71,23.43
PBI,2024-08-17,14,4,8,4,10,50.0,50.0,80.0,63.25,20.0,9.13,70.75,1.6,1.45,3.5,7.8
PBI,2024-08-17,15,5,2,7,2,85.71,85.71,100.0,5.57,11.86,1.69,6.57,2.0,1.8,0.0,0.0
PBI,2024-08-17,16,4,3,4,4,100.0,100.0,75.0,0.0,11.0,0.75,0.0,6.25,1.48,7.25,35.25
PBI,2024-08-17,17,3,3,5,7,100.0,100.0,71.43,0.0,12.6,1.42,1.2,2.14,0.94,4.0,13.14
PBI,2024-08-17,18,5,8,6,11,83.33,83.33,45.45,11.5,11.33,0.32,11.5,2.55,1.42,4.18,32.55
PBI,2024-08-17,19,6,5,6,5,33.33,16.67,60.0,53.17,14.5,2.98,55.5,2.0,1.64,4.2,12.4
PBI,2024-08-17,20,3,2,2,4,100.0,100.0,75.0,0.0,11.0,1.55,1.5,4.5,1.02,3.75,21.0
PBI,2024-08-17,21,0,1,0,1,0.0,0.0,100.0,0.0,0.0,0.0,0.0,2.0,8.6,16.0,6.0
PBI,2024-08-17,22,0,3,0,3,0.0,0.0,66.67,0.0,0.0,0.0,0.0,4.33,1.1,21.0,20.33
PBI,2024-08-17,23,0,4,0,4,0.0,0.0,50.0,0.0,0.0,0.0,0.0,0.5,0.23,0.0,18.5
PBI,2024-08-18,0,0,3,0,3,0.0,0.0,0.0,0.0,0.0,0.0,0.0,0.0,0.77,0.0,84.33
PBI,2024-08-18,1,0,0,0,0,0.0,0.0,0.0,0.0,0.0,0.0,0.0,0.0,0.0,0.0,0.0
PBI,2024-08-18,2,0,0,0,0,0.0,0.0,0.0,0.0,0.0,0.0,0.0,0.0,0.0,0.0,0.0
PBI,2024-08-18,5,0,0,0,0,0.0,0.0,0.0,0.0,0.0,0.0,0.0,0.0,0.0,0.0,0.0
PBI,2024-08-18,6,5,0,5,0,100.0,100.0,0.0,0.0,12.0,1.26,0.0,0.0,0.0,0.0,0.0
PBI,2024-08-18,7,6,1,8,1,75.0,75.0,100.0,5.5,11.13,0.24,5.5,0.0,1.2,0.0,0.0
PBI,2024-08-18,8,5,3,9,5,88.89,88.89,60.0,1.78,14.33,3.38,4.67,1.4,0.92,2.8,10.4
PBI,2024-08-18,9,1,5,9,6,33.33,33.33,83.33,22.89,11.89,1.09,24.0,1.17,0.47,4.5,12.33
PBI,2024-08-18,10,7,6,11,7,72.73,72.73,85.71,13.09,12.18,1.19,13.82,0.86,0.87,0.71,9.71
PBI,2024-08-18,11,7,2,9,4,66.67,66.67,50.0,13.11,13.78,2.66,14.33,5.25,0.4,9.75,25.25
PBI,2024-08-18,12,1,7,4,7,50.0,50.0,100.0,15.75,10.25,0.0,15.5,0.0,1.89,0.71,3.86
PBI,2024-08-18,13,7,3,9,4,88.89,88.89,100.0,1.89,12.78,2.1,4.0,0.0,1.0,1.5,1.25
PBI,2024-08-18,14,4,6,4,13,75.0,75.0,53.85,38.75,15.5,3.73,42.0,1.62,1.59,5.23,20.69
PBI,2024-08-18,15,4,2,8,8,50.0,50.0,50.0,19.88,13.0,1.54,21.38,6.0,1.87,9.25,24.75
PBI,2024-08-18,16,3,3,6,6,33.33,33.33,66.67,86.0,12.83,1.47,87.5,3.0,1.42,8.5,19.33
PBI,2024-08-18,17,3,3,4,5,50.0,50.0,60.0,25.25,13.5,2.23,27.25,6.4,0.7,26.8,118.0
PBI,2024-08-18,18,4,9,5,12,20.0,0.0,16.67,188.2,20.8,9.8,196.2,4.83,2.47,20.58,103.08
PBI,2024-08-18,19,10,4,12,9,16.67,8.33,22.22,118.08,17.92,6.65,124.58,2.56,2.29,13.11,35.33
PBI,2024-08-18,20,2,2,2,4,0.0,0.0,0.0,72.0,26.0,14.85,87.0,1.25,3.02,7.25,57.75
PBI,2024-08-18,21,0,1,1,2,0.0,0.0,50.0,40.0,13.0,1.8,42.0,11.5,1.9,7.5,8.0
PBI,2024-08-18,22,0,4,0,3,0.0,0.0,0.0,0.0,0.0,0.0,0.0,7.0,2.77,30.33,231.0
PBI,2024-08-18,23,0,5,0,4,0.0,0.0,0.0,0.0,0.0,0.0,0.0,0.75,1.85,6.0,332.0
PBI,2024-08-19,0,0,3,0,3,0.0,0.0,33.33,0.0,0.0,0.0,0.0,8.67,1.9,13.0,76.33
PBI,2024-08-19,1,0,0,0,1,0.0,0.0,100.0,0.0,0.0,0.0,0.0,0.0,2.2,0.0,0.0
PBI,2024-08-19,2,0,0,0,0,0.0,0.0,0.0,0.0,0.0,0.0,0.0,0.0,0.0,0.0,0.0
PBI,2024-08-19,5,0,0,0,0,0.0,0.0,0.0,0.0,0.0,0.0,0.0,0.0,0.0,0.0,0.0
PBI,2024-08-19,6,6,0,8,0,50.0,50.0,0.0,130.25,12.38,1.89,131.88,0.0,0.0,0.0,0.0
PBI,2024-08-19,7,6,1,6,2,83.33,83.33,50.0,3.0,12.83,1.47,3.33,2.5,1.2,2.5,17.5
PBI,2024-08-19,8,4,3,7,3,57.14,57.14,66.67,12.86,12.0,0.79,13.57,2.0,0.83,1.67,7.67
PBI,2024-08-19,9,1,5,5,7,20.0,20.0,57.14,20.4,14.2,3.24,23.6,1.14,1.44,1.29,22.86
PBI,2024-08-19,10,7,6,10,10,70.0,60.0,80.0,17.9,11.7,1.28,18.9,1.7,1.16,3.2,27.0
PBI,2024-08-19,11,7,4,10,8,60.0,60.0,75.0,33.4,14.2,3.54,36.6,2.0,1.99,3.75,5.63
PBI,2024-08-19,12,4,6,11,8,54.55,54.55,50.0,17.0,12.18,1.1,18.0,0.25,1.54,2.25,11.75
PBI,2024-08-19,13,5,4,7,8,57.14,57.14,75.0,11.57,10.43,0.26,11.43,2.88,0.6,4.75,11.13
PBI,2024-08-19,14,5,7,10,10,40.0,40.0,40.0,30.7,14.1,2.99,33.7,2.9,13.25,12.1,31.3
PBI,2024-08-19,15,5,2,10,7,20.0,10.0,57.14,45.2,15.1,4.26,47.6,5.14,8.61,13.29,20.43
PBI,2024-08-19,16,2,4,4,5,50.0,50.0,40.0,26.5,14.0,2.88,29.5,6.2,1.86,7.2,26.6
PBI,2024-08-19,17,4,3,7,8,71.43,71.43,25.0,25.14,11.71,1.41,25.57,3.0,2.22,4.0,37.25
PBI,2024-08-19,18,5,7,4,10,25.0,50.0,40.0,32.0,8.75,0.0,30.5,4.7,1.38,4.7,27.5
PBI,2024-08-19,19,8,4,8,6,37.5,12.5,0.0,42.38,18.75,7.4,48.88,12.83,1.57,23.33,76.83
PBI,2024-08-19,20,2,3,2,5,0.0,0.0,20.0,106.5,12.0,1.55,108.0,4.0,1.46,8.8,35.4
PBI,2024-08-19,21,1,2,4,3,50.0,50.0,66.67,14.5,11.0,0.4,14.25,4.33,0.77,7.0,11.0
PBI,2024-08-19,22,0,3,1,3,100.0,100.0,33.33,0.0,10.0,0.0,0.0,1.0,0.77,13.67,107.33
PBI,2024-08-19,23,0,5,0,6,0.0,0.0,16.67,0.0,0.0,0.0,0.0,0.83,1.62,14.33,75.83
PBI,2024-08-20,0,0,2,0,3,0.0,0.0,33.33,0.0,0.0,0.0,0.0,0.67,1.1,3.0,125.67
PBI,2024-08-20,1,0,0,0,0,0.0,0.0,0.0,0.0,0.0,0.0,0.0,0.0,0.0,0.0,0.0
PBI,2024-08-20,2,0,0,0,0,0.0,0.0,0.0,0.0,0.0,0.0,0.0,0.0,0.0,0.0,0.0
PBI,2024-08-20,5,0,0,1,0,100.0,100.0,0.0,0.0,19.0,7.8,8.0,0.0,0.0,0.0,0.0
PBI,2024-08-20,6,5,0,6,2,66.67,66.67,50.0,9.67,12.5,1.42,9.83,0.0,2.2,6.5,11.0
PBI,2024-08-20,7,7,1,9,1,66.67,66.67,100.0,21.11,13.33,2.91,22.89,0.0,1.2,1.0,0.0
PBI,2024-08-20,8,4,3,8,3,87.5,75.0,100.0,2.25,14.25,3.55,5.88,1.33,1.17,4.0,4.33
PBI,2024-08-20,9,1,4,9,4,55.56,44.44,50.0,32.22,16.78,5.62,38.0,4.25,1.05,9.25,11.25
PBI,2024-08-20,10,6,6,9,9,55.56,55.56,88.89,14.22,15.78,4.66,17.67,2.67,1.01,3.22,4.0
PBI,2024-08-20,11,6,2,7,7,85.71,85.71,42.86,12.57,12.86,1.5,13.71,4.57,0.96,6.57,18.43
PBI,2024-08-20,12,2,4,3,6,100.0,33.33,33.33,0.0,57.33,46.9,46.67,52.33,2.82,54.5,57.33
PBI,2024-08-20,13,5,4,6,6,16.67,0.0,33.33,65.33,19.5,9.02,73.67,46.5,1.37,42.33,41.17
PBI,2024-08-20,14,4,6,9,16,44.44,44.44,25.0,28.0,15.11,3.84,31.0,14.25,2.11,16.38,31.81
PBI,2024-08-20,15,4,2,7,6,57.14,57.14,50.0,18.0,13.0,1.61,18.86,10.5,4.35,11.17,27.5
PBI,2024-08-20,16,1,3,1,7,0.0,0.0,71.43,19.0,15.0,3.9,23.0,2.14,1.5,2.71,8.14
PBI,2024-08-20,17,4,2,4,5,100.0,100.0,60.0,2.75,18.75,7.95,9.75,9.4,0.88,10.6,25.0
PBI,2024-08-20,18,3,7,5,13,40.0,20.0,38.46,39.2,15.6,4.36,43.4,8.69,1.37,15.46,42.15
PBI,2024-08-20,19,7,3,7,8,57.14,57.14,75.0,33.86,15.43,3.5,36.71,10.13,1.21,8.13,25.75
PBI,2024-08-20,20,2,3,3,5,33.33,33.33,40.0,39.33,14.0,3.13,42.33,5.0,1.36,8.8,33.8
PBI,2024-08-20,21,1,2,2,2,100.0,100.0,100.0,5.0,11.0,0.0,5.0,1.0,0.25,0.0,0.0
PBI,2024-08-20,22,0,2,1,2,100.0,100.0,50.0,0.0,8.0,0.0,0.0,10.0,1.55,4.5,14.5
PBI,2024-08-20,23,0,5,0,5,0.0,0.0,60.0,0.0,0.0,0.0,0.0,0.0,1.9,3.2,18.0
PBI,2024-08-21,0,0,2,0,2,0.0,0.0,100.0,0.0,0.0,0.0,0.0,0.0,1.55,0.0,0.0
PBI,2024-08-21,4,0,0,0,0,0.0,0.0,0.0,0.0,0.0,0.0,0.0,0.0,0.0,0.0,0.0
PBI,2024-08-21,5,0,0,1,0,100.0,100.0,0.0,0.0,11.0,0.0,0.0,0.0,0.0,0.0,0.0
PBI,2024-08-21,6,4,0,5,2,80.0,80.0,0.0,6.8,14.0,3.48,7.8,0.0,1.1,0.0,30.5
PBI,2024-08-21,7,7,1,11,2,81.82,81.82,50.0,10.0,12.55,1.85,11.09,5.5,0.7,10.0,21.0
PBI,2024-08-21,8,4,3,11,5,63.64,63.64,60.0,11.0,13.36,2.09,12.64,2.6,0.32,4.4,10.6
PBI,2024-08-21,9,1,4,6,4,16.67,16.67,100.0,48.17,11.83,0.72,48.83,3.5,3.3,4.25,0.5
PBI,2024-08-21,10,6,6,9,10,77.78,77.78,70.0,5.56,12.44,1.49,5.67,2.3,1.33,3.7,21.7
PBI,2024-08-21,11,6,3,8,6,75.0,75.0,50.0,19.0,20.25,9.34,28.13,1.5,1.5,12.0,24.0
PBI,2024-08-21,12,3,4,5,7,100.0,60.0,85.71,0.0,26.4,15.66,11.0,7.57,1.59,10.29,14.86
PBI,2024-08-21,13,5,5,7,14,85.71,14.29,57.14,15.71,54.57,43.43,57.86,9.36,9.99,21.21,37.43
PBI,2024-08-21,14,5,6,10,13,10.0,0.0,30.77,71.8,20.9,9.83,81.1,30.08,20.0,46.0,59.31
PBI,2024-08-21,15,4,2,7,3,0.0,0.0,66.67,102.29,15.0,3.9,105.14,2.33,16.17,12.67,14.33
PBI,2024-08-21,16,1,3,5,10,40.0,40.0,20.0,40.4,12.8,1.64,41.2,6.7,4.24,12.3,25.0
PBI,2024-08-21,17,4,2,6,6,33.33,33.33,66.67,20.0,11.17,0.9,19.67,10.33,7.1,15.33,25.67
PBI,2024-08-21,18,5,8,6,11,66.67,50.0,45.45,22.33,14.5,3.33,23.5,6.18,0.98,6.64,37.27
PBI,2024-08-21,19,7,3,8,6,50.0,50.0,50.0,39.13,11.63,0.77,38.5,14.17,0.97,14.5,11.33
PBI,2024-08-21,20,2,3,4,2,75.0,75.0,100.0,5.75,12.5,1.95,7.5,0.0,1.6,0.0,0.0
PBI,2024-08-21,21,1,2,2,4,100.0,100.0,100.0,0.0,10.5,1.4,1.5,2.0,0.6,0.0,0.0
PBI,2024-08-21,22,0,3,1,4,100.0,100.0,50.0,0.0,9.0,0.0,0.0,1.0,0.88,0.25,76.75
PBI,2024-08-21,23,0,5,0,6,0.0,0.0,66.67,0.0,0.0,0.0,0.0,1.83,1.12,5.17,16.33
PBI,2024-08-22,0,0,3,0,2,0.0,0.0,100.0,0.0,0.0,0.0,0.0,0.0,2.05,0.0,3.0
PBI,2024-08-22,1,0,0,0,0,0.0,0.0,0.0,0.0,0.0,0.0,0.0,0.0,0.0,0.0,0.0
PBI,2024-08-22,5,0,0,1,0,0.0,0.0,0.0,26.0,12.0,0.8,27.0,0.0,0.0,0.0,0.0
PBI,2024-08-22,6,5,0,9,2,66.67,66.67,50.0,18.11,11.89,1.47,19.22,0.0,2.2,2.5,14.5
PBI,2024-08-22,7,6,1,10,2,80.0,80.0,50.0,7.2,14.3,3.0,8.1,0.5,0.7,1.0,14.5
PBI,2024-08-22,8,4,3,12,3,83.33,41.67,100.0,4.5,25.67,14.39,17.83,0.0,0.63,2.0,0.33
PBI,2024-08-22,9,1,6,4,9,75.0,75.0,55.56,4.5,21.0,9.88,14.5,1.89,1.89,8.33,20.89
PBI,2024-08-22,10,8,6,13,8,76.92,53.85,50.0,7.08,27.08,15.97,21.15,5.63,1.27,11.13,25.75
PBI,2024-08-22,11,7,2,9,10,55.56,44.44,20.0,30.33,21.56,10.43,40.33,21.9,2.23,38.4,62.3
PBI,2024-08-22,12,1,5,4,9,50.0,50.0,11.11,16.5,31.5,20.38,37.0,6.67,1.06,11.44,41.67
PBI,2024-08-22,13,5,3,11,9,27.27,18.18,22.22,66.36,18.82,7.69,74.0,35.44,1.61,57.56,122.22
PBI,2024-08-22,14,4,7,7,7,42.86,42.86,14.29,123.14,12.71,1.49,124.57,60.14,0.91,98.43,129.57
PBI,2024-08-22,15,5,2,11,6,0.0,0.0,0.0,110.82,17.27,5.76,116.45,14.83,0.4,27.67,86.0
PBI,2024-08-22,16,1,3,3,8,66.67,66.67,25.0,36.0,15.33,4.23,40.33,9.25,0.68,11.25,38.75
PBI,2024-08-22,17,4,3,7,10,14.29,14.29,40.0,61.71,11.86,1.59,62.14,1.7,3.11,10.0,41.5
PBI,2024-08-22,18,5,7,7,7,14.29,14.29,14.29,56.57,12.43,2.27,58.14,4.14,0.6,10.71,56.29
PBI,2024-08-22,19,8,4,8,5,0.0,0.0,20.0,113.75,13.0,1.85,114.63,2.6,0.92,18.0,108.8
PBI,2024-08-22,20,2,3,2,4,0.0,0.0,0.0,141.5,14.0,3.5,145.0,1.75,0.78,5.75,89.75
PBI,2024-08-22,21,1,2,1,6,0.0,0.0,66.67,55.0,22.0,10.8,66.0,6.17,1.03,9.83,28.0
PBI,2024-08-22,22,0,3,2,4,100.0,100.0,25.0,0.0,11.0,0.9,0.0,1.5,0.88,1.0,65.75
PBI,2024-08-22,23,0,5,0,6,0.0,0.0,50.0,0.0,0.0,0.0,0.0,1.83,1.4,0.0,37.33
PBI,2024-08-23,0,0,3,0,4,0.0,0.0,75.0,0.0,0.0,0.0,0.0,1.5,1.13,6.75,20.75
PBI,2024-08-23,1,0,0,0,0,0.0,0.0,0.0,0.0,0.0,0.0,0.0,0.0,0.0,0.0,0.0
PBI,2024-08-23,2,0,0,0,0,0.0,0.0,0.0,0.0,0.0,0.0,0.0,0.0,0.0,0.0,0.0
PBI,2024-08-23,4,0,0,1,0,0.0,0.0,0.0,22.0,12.0,0.8,23.0,0.0,0.0,0.0,0.0
PBI,2024-08-23,5,0,0,0,0,0.0,0.0,0.0,0.0,0.0,0.0,0.0,0.0,0.0,0.0,0.0
PBI,2024-08-23,6,6,0,8,2,87.5,87.5,0.0,5.88,12.75,1.97,7.75,1.0,5.7,6.0,20.5
PBI,2024-08-23,7,6,1,9,2,66.67,66.67,0.0,9.11,12.11,1.53,10.22,2.0,1.2,5.5,30.0
PBI,2024-08-23,8,4,3,8,5,50.0,50.0,40.0,42.25,11.63,0.69,42.25,1.0,0.44,5.4,13.2
PBI,2024-08-23,9,1,5,6,6,33.33,16.67,66.67,29.33,13.67,2.87,32.0,3.0,2.13,9.33,57.17
PBI,2024-08-23,10,7,6,9,9,77.78,77.78,55.56,11.44,10.78,0.43,11.0,2.67,0.88,7.67,17.44
PBI,2024-08-23,11,7,4,9,9,77.78,77.78,55.56,8.0,11.78,0.76,8.44,3.67,1.01,8.89,21.44
PBI,2024-08-23,12,4,6,8,9,75.0,75.0,55.56,47.25,14.0,3.1,50.25,2.22,0.38,4.11,13.89
PBI,2024-08-23,13,5,4,7,7,28.57,28.57,71.43,34.57,15.43,4.37,37.71,3.0,1.19,6.57,13.71
PBI,2024-08-23,14,5,7,7,10,85.71,85.71,50.0,7.29,16.0,4.74,10.86,9.0,1.34,11.8,25.2
PBI,2024-08-23,15,5,2,5,5,80.0,80.0,60.0,10.0,14.0,2.62,12.0,3.2,0.12,6.8,11.2
PBI,2024-08-23,16,2,4,3,10,33.33,0.0,70.0,17.0,17.33,6.17,23.33,3.9,0.37,5.6,32.2
PBI,2024-08-23,17,4,3,7,9,71.43,71.43,33.33,9.57,14.29,3.49,13.0,8.89,0.56,15.11,41.11
PBI,2024-08-23,18,5,7,5,10,80.0,60.0,50.0,7.6,11.6,1.16,8.2,6.4,1.43,8.6,13.3
PBI,2024-08-23,19,8,4,8,8,87.5,87.5,37.5,5.75,11.38,0.56,5.75,5.88,0.98,9.38,32.75
PBI,2024-08-23,20,2,3,2,4,50.0,50.0,50.0,21.0,11.0,0.55,21.5,0.5,1.27,11.75,9.0
PBI,2024-08-23,21,1,2,2,3,100.0,100.0,100.0,0.0,11.0,0.0,0.0,0.67,0.0,0.0,0.0
PBI,2024-08-23,22,0,3,3,3,100.0,100.0,100.0,3.33,13.33,2.17,4.67,0.33,0.6,0.0,3.0
PBI,2024-08-23,23,0,5,0,5,0.0,0.0,60.0,0.0,0.0,0.0,0.0,1.6,0.22,0.4,26.4
PBI,2024-08-24,0,0,3,0,3,0.0,0.0,100.0,0.0,0.0,0.0,0.0,0.0,0.37,1.67,1.67
PBI,2024-08-24,1,0,0,0,0,0.0,0.0,0.0,0.0,0.0,0.0,0.0,0.0,0.0,0.0,0.0
PBI,2024-08-24,6,6,0,8,2,75.0,50.0,50.0,8.38,15.13,4.45,12.5,1.5,0.1,3.0,12.5
PBI,2024-08-24,7,6,1,10,3,50.0,50.0,100.0,53.3,16.6,5.64,56.5,2.0,0.13,1.0,3.0
PBI,2024-08-24,8,4,2,9,2,77.78,77.78,50.0,6.44,14.11,2.81,8.11,0.0,0.1,0.0,14.0
PBI,2024-08-24,9,1,4,8,4,25.0,25.0,50.0,30.5,12.88,2.06,32.38,1.25,3.15,6.75,15.75
PBI,2024-08-24,10,5,7,5,8,40.0,40.0,87.5,14.0,10.6,0.0,13.0,1.75,1.94,0.88,6.13
PBI,2024-08-24,11,6,2,9,4,77.78,77.78,75.0,6.44,12.33,1.32,7.33,2.25,1.8,2.0,11.0
PBI,2024-08-24,12,2,4,4,7,50.0,50.0,57.14,13.75,11.75,0.9,14.75,7.43,0.7,9.86,18.14
PBI,2024-08-24,13,5,3,8,9,50.0,50.0,55.56,23.75,13.75,2.24,24.75,11.44,0.94,14.11,27.78
PBI,2024-08-24,14,4,7,8,13,50.0,50.0,61.54,27.0,13.38,1.86,28.38,3.0,0.61,3.46,14.08
PBI,2024-08-24,15,5,3,8,6,75.0,75.0,66.67,8.88,13.38,2.88,11.63,10.0,0.18,8.83,35.33
PBI,2024-08-24,16,2,1,3,2,33.33,33.33,50.0,14.33,14.67,4.23,17.0,2.5,1.35,4.0,12.5
PBI,2024-08-24,17,3,3,3,9,66.67,66.67,55.56,7.0,14.33,3.5,10.33,3.44,0.89,4.44,25.22
PBI,2024-08-24,18,4,7,5,10,60.0,60.0,70.0,18.6,10.8,0.18,18.6,5.6,0.43,6.5,10.1
PBI,2024-08-24,19,6,5,8,7,75.0,75.0,71.43,15.88,12.0,0.91,15.88,2.14,0.47,2.57,31.86
PBI,2024-08-24,20,2,3,3,9,66.67,66.67,44.44,46.0,13.0,2.27,48.0,1.89,0.62,3.89,31.22
PBI,2024-08-24,21,1,1,1,3,0.0,0.0,100.0,114.0,11.0,0.0,114.0,2.0,0.8,2.0,0.0
PBI,2024-08-24,22,0,2,3,3,100.0,100.0,66.67,0.0,11.0,0.0,0.0,6.0,0.43,6.0,8.33
PBI,2024-08-24,23,0,4,1,4,100.0,100.0,75.0,0.0,11.0,0.0,0.0,0.0,0.73,1.75,7.75
PBI,2024-08-25,0,0,3,0,5,0.0,0.0,100.0,0.0,0.0,0.0,0.0,0.2,0.34,0.4,0.0
PBI,2024-08-25,5,0,0,0,0,0.0,0.0,0.0,0.0,0.0,0.0,0.0,0.0,0.0,0.0,0.0
PBI,2024-08-25,6,5,0,7,0,71.43,42.86,0.0,6.29,20.14,9.41,14.29,0.0,0.0,0.0,0.0
PBI,2024-08-25,7,6,1,6,1,83.33,83.33,100.0,2.83,13.83,2.42,3.83,0.0,0.2,6.0,0.0
PBI,2024-08-25,8,5,3,11,4,63.64,54.55,100.0,9.27,16.27,5.17,13.73,0.5,2.42,2.5,0.75
PBI,2024-08-25,9,1,5,6,6,66.67,50.0,83.33,10.67,15.0,3.85,14.67,0.83,3.5,2.17,6.0
PBI,2024-08-25,10,7,6,10,7,70.0,70.0,85.71,9.1,12.8,1.64,9.8,1.29,0.79,2.57,9.29
PBI,2024-08-25,11,7,2,14,3,50.0,50.0,100.0,12.14,12.14,1.18,13.07,0.0,0.47,1.67,4.67
PBI,2024-08-25,12,1,6,8,11,37.5,37.5,72.73,15.5,13.75,3.03,18.63,2.27,1.47,4.73,9.73
PBI,2024-08-25,13,6,4,8,8,100.0,100.0,50.0,1.13,13.63,2.71,3.13,2.38,1.85,4.0,27.25
PBI,2024-08-25,14,5,6,7,10,71.43,71.43,60.0,9.0,11.29,0.91,8.86,2.1,1.41,3.1,13.3
PBI,2024-08-25,15,4,1,8,6,75.0,75.0,33.33,9.88,12.63,1.46,11.38,6.83,0.17,10.5,36.0
PBI,2024-08-25,16,1,4,1,6,100.0,100.0,50.0,7.0,11.0,0.0,7.0,6.0,0.55,6.33,47.83
PBI,2024-08-25,17,5,3,7,10,57.14,57.14,40.0,42.14,12.29,1.37,42.86,4.9,0.14,7.8,30.5
PBI,2024-08-25,18,4,8,6,12,83.33,66.67,50.0,13.17,13.33,1.97,13.83,4.42,0.82,6.25,27.67
PBI,2024-08-25,19,9,4,10,8,70.0,70.0,75.0,90.8,11.8,0.98,91.4,0.63,0.5,2.38,6.0
PBI,2024-08-25,20,2,3,2,3,100.0,100.0,66.67,0.0,12.0,2.55,0.0,0.0,0.8,2.0,31.0
PBI,2024-08-25,21,1,1,1,1,100.0,100.0,100.0,0.0,11.0,0.0,0.0,2.0,1.6,0.0,0.0
PBI,2024-08-25,22,0,3,0,4,0.0,0.0,75.0,0.0,0.0,0.0,0.0,3.75,0.98,4.0,28.0
PBI,2024-08-25,23,0,6,0,6,0.0,0.0,66.67,0.0,0.0,0.0,0.0,0.83,0.28,0.0,20.0
PBI,2024-08-26,0,0,3,0,3,0.0,0.0,100.0,0.0,0.0,0.0,0.0,1.67,1.1,0.0,2.67
PBI,2024-08-26,1,0,0,0,0,0.0,0.0,0.0,0.0,0.0,0.0,0.0,0.0,0.0,0.0,0.0
PBI,2024-08-26,3,0,0,1,0,100.0,100.0,0.0,0.0,11.0,0.0,0.0,0.0,0.0,0.0,0.0
PBI,2024-08-26,5,0,0,1,0,100.0,100.0,0.0,0.0,20.0,8.8,9.0,0.0,0.0,0.0,0.0
PBI,2024-08-26,6,6,0,7,0,85.71,85.71,0.0,3.29,12.43,1.77,4.0,0.0,0.0,0.0,0.0
PBI,2024-08-26,7,6,1,11,1,63.64,63.64,100.0,18.64,12.91,1.84,19.82,0.0,0.2,3.0,0.0
PBI,2024-08-26,8,4,3,9,5,44.44,44.44,60.0,15.11,11.89,0.77,15.67,3.2,0.66,8.2,14.4
PBI,2024-08-26,9,1,5,5,7,60.0,60.0,100.0,9.0,12.6,1.68,10.6,1.71,1.54,1.86,0.0
PBI,2024-08-26,10,7,6,9,12,88.89,77.78,50.0,2.44,13.33,2.73,4.22,5.33,0.87,7.25,23.5
PBI,2024-08-26,11,7,4,11,11,63.64,54.55,45.45,11.55,14.73,3.94,15.18,6.64,1.36,8.91,28.82
PBI,2024-08-26,12,4,6,8,6,62.5,62.5,100.0,17.5,13.5,2.78,19.88,1.67,0.85,1.0,5.0
PBI,2024-08-26,13,5,4,5,8,80.0,80.0,50.0,3.2,13.8,2.28,5.0,5.5,0.35,7.13,48.0
PBI,2024-08-26,14,5,7,8,8,62.5,62.5,100.0,49.25,13.88,2.65,51.38,2.38,0.49,1.0,0.13
PBI,2024-08-26,15,5,2,7,7,71.43,71.43,71.43,12.71,13.43,2.26,13.29,0.71,0.24,3.0,9.43
PBI,2024-08-26,16,2,4,4,6,75.0,75.0,100.0,6.5,13.75,2.67,9.25,1.0,0.75,0.17,2.33
PBI,2024-08-26,17,4,3,8,6,62.5,62.5,33.33,15.5,13.25,2.42,17.0,6.83,0.23,4.5,41.17
PBI,2024-08-26,18,5,6,6,7,33.33,33.33,57.14,51.83,11.17,0.78,51.83,2.86,0.49,1.43,50.14
PBI,2024-08-26,19,6,4,6,6,83.33,83.33,66.67,5.5,11.83,0.62,5.5,6.0,0.43,8.33,18.17
PBI,2024-08-26,20,2,3,2,4,50.0,50.0,50.0,27.0,18.0,7.5,34.5,3.0,0.4,18.75,64.75
PBI,2024-08-26,21,1,1,2,2,50.0,50.0,50.0,44.5,13.0,2.4,47.0,2.0,0.1,0.0,107.5
PBI,2024-08-26,22,0,3,1,3,100.0,100.0,33.33,0.0,10.0,0.0,0.0,0.0,0.57,7.0,104.0
PBI,2024-08-26,23,0,5,0,6,0.0,0.0,83.33,0.0,0.0,0.0,0.0,1.83,0.73,12.5,8.17
PBI,2024-08-27,0,0,1,1,4,100.0,100.0,50.0,0.0,11.0,0.0,0.0,1.25,0.1,0.0,96.25
PBI,2024-08-27,1,0,0,0,0,0.0,0.0,0.0,0.0,0.0,0.0,0.0,0.0,0.0,0.0,0.0
PBI,2024-08-27,2,0,0,0,0,0.0,0.0,0.0,0.0,0.0,0.0,0.0,0.0,0.0,0.0,0.0
PBI,2024-08-27,3,0,0,0,0,0.0,0.0,0.0,0.0,0.0,0.0,0.0,0.0,0.0,0.0,0.0
PBI,2024-08-27,4,0,0,0,0,0.0,0.0,0.0,0.0,0.0,0.0,0.0,0.0,0.0,0.0,0.0
PBI,2024-08-27,5,0,0,1,0,0.0,0.0,0.0,17.0,12.0,0.8,18.0,0.0,0.0,0.0,0.0
PBI,2024-08-27,6,4,0,5,2,80.0,80.0,50.0,4.0,11.0,0.74,4.2,0.0,0.1,0.0,8.5
PBI,2024-08-27,7,6,1,7,3,85.71,85.71,66.67,6.43,13.0,2.07,6.86,2.33,0.2,3.0,14.0
PBI,2024-08-27,8,4,3,9,4,88.89,77.78,25.0,4.11,15.89,4.8,8.78,1.75,0.5,7.75,29.75
PBI,2024-08-27,9,1,4,7,7,28.57,28.57,57.14,28.0,14.86,3.79,31.86,2.43,0.46,3.86,32.14
PBI,2024-08-27,10,7,5,12,12,75.0,75.0,66.67,19.25,12.25,1.27,19.92,1.67,0.26,2.5,12.67
PBI,2024-08-27,11,5,2,12,3,75.0,75.0,100.0,5.92,13.67,2.57,8.17,3.33,0.47,3.0,0.0
PBI,2024-08-27,12,2,4,7,7,85.71,85.71,71.43,3.29,14.86,4.3,7.43,1.0,0.64,1.57,8.14
PBI,2024-08-27,13,5,4,9,6,88.89,88.89,83.33,3.56,12.0,1.08,3.67,2.0,1.2,2.33,7.17
PBI,2024-08-27,14,4,5,7,5,85.71,71.43,100.0,7.14,12.57,1.46,8.29,0.4,5.74,2.2,1.0
PBI,2024-08-27,15,4,2,8,4,50.0,50.0,75.0,10.63,12.75,1.81,11.63,16.5,0.1,15.75,13.0
PBI,2024-08-27,16,1,3,3,6,66.67,66.67,50.0,21.0,14.33,3.17,24.33,0.83,0.63,2.0,23.0
PBI,2024-08-27,17,4,2,6,9,50.0,50.0,66.67,32.67,19.33,9.12,41.33,2.22,1.4,4.11,11.33
PBI,2024-08-27,18,3,5,4,8,50.0,25.0,87.5,14.75,13.75,2.9,17.75,0.75,2.04,1.13,9.75
PBI,2024-08-27,19,4,4,5,8,80.0,80.0,87.5,7.2,11.6,0.24,7.2,2.5,0.36,3.25,4.0
PBI,2024-08-27,20,2,3,2,5,100.0,100.0,40.0,0.0,11.5,1.0,0.0,3.4,0.66,4.8,113.8
PBI,2024-08-27,21,1,1,2,3,50.0,50.0,33.33,53.0,12.0,0.9,54.0,3.33,0.13,6.67,38.0
PBI,2024-08-27,22,0,2,1,2,100.0,100.0,50.0,0.0,12.0,0.8,0.0,1.0,1.25,0.0,13.0
PBI,2024-08-27,23,0,5,0,5,0.0,0.0,100.0,0.0,0.0,0.0,0.0,1.2,0.5,1.6,1.6
PBI,2024-08-28,0,0,1,0,1,0.0,0.0,100.0,0.0,0.0,0.0,0.0,1.0,0.0,0.0,0.0
PBI,2024-08-28,2,0,0,0,0,0.0,0.0,0.0,0.0,0.0,0.0,0.0,0.0,0.0,0.0,0.0
PBI,2024-08-28,4,0,0,0,0,0.0,0.0,0.0,0.0,0.0,0.0,0.0,0.0,0.0,0.0,0.0
PBI,2024-08-28,6,3,0,3,2,100.0,100.0,0.0,0.0,12.33,1.4,0.0,0.0,0.6,0.0,16.5
PBI,2024-08-28,7,6,1,10,2,90.0,80.0,100.0,1.8,15.4,4.46,5.6,7.0,0.2,13.0,6.0
PBI,2024-08-28,8,4,3,8,3,75.0,62.5,100.0,7.13,15.0,3.8,10.63,2.33,1.17,1.67,0.0
PBI,2024-08-28,9,1,4,2,5,0.0,0.0,80.0,184.5,13.5,2.35,187.0,1.6,3.16,2.2,12.2
PBI,2024-08-28,10,7,6,11,11,81.82,81.82,81.82,7.18,11.91,1.03,7.18,3.91,1.57,4.55,7.18
PBI,2024-08-28,11,6,3,10,3,90.0,80.0,100.0,12.1,18.9,7.87,19.3,3.33,0.8,0.0,0.0
PBI,2024-08-28,12,3,4,6,6,66.67,50.0,66.67,8.83,22.0,11.18,19.67,5.0,0.55,5.33,20.83
PBI,2024-08-28,13,5,5,8,6,75.0,12.5,100.0,8.13,26.63,15.47,22.38,3.67,0.32,1.67,1.5
PBI,2024-08-28,14,5,4,6,8,83.33,66.67,75.0,7.5,17.17,5.83,12.33,7.88,0.31,7.0,18.38
PBI,2024-08-28,15,3,2,5,4,80.0,80.0,75.0,23.4,13.4,1.64,24.8,2.0,0.28,2.75,20.5
PBI,2024-08-28,16,1,3,3,8,100.0,66.67,50.0,0.0,27.33,16.23,14.33,2.63,0.71,10.0,22.75
PBI,2024-08-28,17,4,2,6,8,66.67,66.67,75.0,25.17,13.83,3.17,27.33,3.63,0.43,4.25,19.63
PBI,2024-08-28,18,5,6,8,8,62.5,62.5,50.0,25.38,13.5,2.2,27.63,1.38,1.51,2.0,51.5
PBI,2024-08-28,19,4,4,4,8,50.0,50.0,87.5,82.75,10.75,0.08,82.0,4.0,1.11,3.75,5.25
PBI,2024-08-28,20,2,3,2,3,100.0,100.0,66.67,0.0,12.0,1.5,0.0,3.0,1.47,3.0,11.0
PBI,2024-08-28,21,1,1,1,5,100.0,100.0,80.0,0.0,11.0,0.0,0.0,1.0,0.1,1.0,20.8
PBI,2024-08-28,22,0,3,2,5,100.0,100.0,60.0,0.0,14.0,2.8,0.0,3.0,0.14,10.8,18.2
PBI,2024-08-28,23,0,5,0,6,0.0,0.0,66.67,0.0,0.0,0.0,0.0,7.33,0.27,22.33,23.83
PBI,2024-08-29,0,0,3,0,1,0.0,0.0,100.0,0.0,0.0,0.0,0.0,2.0,3.6,0.0,0.0
PBI,2024-08-29,5,0,0,1,0,100.0,100.0,0.0,0.0,11.0,0.0,0.0,0.0,0.0,0.0,0.0
PBI,2024-08-29,6,5,0,6,2,66.67,66.67,100.0,21.0,10.83,0.48,21.0,0.0,0.1,0.0,7.5
PBI,2024-08-29,7,6,1,9,0,22.22,22.22,0.0,116.11,13.11,1.97,117.78,0.0,0.0,0.0,0.0
PBI,2024-08-29,8,4,3,10,3,40.0,40.0,66.67,24.9,13.3,2.13,27.0,1.0,0.23,0.0,7.67
PBI,2024-08-29,9,1,6,5,8,0.0,0.0,75.0,28.0,12.0,0.82,29.0,1.5,0.78,4.13,6.75
PBI,2024-08-29,10,8,6,12,11,83.33,75.0,81.82,9.08,12.42,1.74,10.17,3.27,0.72,8.36,8.27
PBI,2024-08-29,11,7,2,10,3,50.0,50.0,66.67,23.5,12.2,1.2,24.3,1.67,0.57,8.33,6.0
PBI,2024-08-29,12,1,5,6,9,66.67,66.67,66.67,10.33,13.33,2.4,12.67,2.56,1.59,6.0,19.89
PBI,2024-08-29,13,5,3,10,10,50.0,50.0,60.0,27.0,13.7,2.72,28.7,48.5,1.65,14.3,20.9
PBI,2024-08-29,14,4,7,19,12,52.63,47.37,83.33,35.79,16.32,5.59,40.79,5.17,2.25,6.33,7.17
PBI,2024-08-29,15,5,2,10,6,70.0,60.0,50.0,20.6,15.9,4.69,24.8,13.17,11.4,21.17,38.33
PBI,2024-08-29,16,1,3,3,8,0.0,0.0,12.5,128.33,12.33,1.17,129.67,17.88,2.49,21.0,42.5
PBI,2024-08-29,17,4,3,6,5,50.0,50.0,80.0,22.17,13.5,2.07,23.33,3.8,2.34,8.0,10.0
PBI,2024-08-29,18,5,6,5,9,60.0,60.0,66.67,18.6,10.6,0.26,18.6,2.78,0.57,7.11,16.44
PBI,2024-08-29,19,7,4,8,10,75.0,75.0,70.0,10.88,14.5,2.81,12.75,4.5,0.34,7.7,22.1
PBI,2024-08-29,20,2,3,4,5,75.0,50.0,40.0,18.25,14.0,3.15,21.5,2.4,0.36,6.0,42.6
PBI,2024-08-29,21,1,2,2,6,50.0,50.0,33.33,45.0,14.5,3.9,49.0,13.67,3.37,21.0,46.83
PBI,2024-08-29,22,0,3,1,5,100.0,100.0,60.0,0.0,7.0,0.0,0.0,2.6,1.08,19.0,27.2
PBI,2024-08-29,23,0,5,3,4,33.33,33.33,25.0,30.67,12.33,2.33,33.0,0.0,4.63,25.0,82.25
PBI,2024-08-30,0,0,3,0,5,0.0,0.0,60.0,0.0,0.0,0.0,0.0,1.4,1.34,1.2,54.4
PBI,2024-08-30,1,0,0,0,0,0.0,0.0,0.0,0.0,0.0,0.0,0.0,0.0,0.0,0.0,0.0
PBI,2024-08-30,2,0,0,0,0,0.0,0.0,0.0,0.0,0.0,0.0,0.0,0.0,0.0,0.0,0.0
PBI,2024-08-30,3,0,0,0,0,0.0,0.0,0.0,0.0,0.0,0.0,0.0,0.0,0.0,0.0,0.0
PBI,2024-08-30,5,0,0,1,1,100.0,100.0,0.0,0.0,11.0,0.0,0.0,5.0,1.2,7.0,27.0
PBI,2024-08-30,6,6,0,6,1,66.67,66.67,100.0,10.33,11.33,0.98,10.5,0.0,0.2,0.0,4.0
PBI,2024-08-30,7,6,1,8,2,87.5,62.5,100.0,1.88,16.38,5.29,6.25,1.0,0.1,5.0,7.0
PBI,2024-08-30,8,4,3,7,4,57.14,57.14,75.0,14.71,13.57,2.47,17.29,0.25,2.05,34.0,30.5
PBI,2024-08-30,9,1,5,7,6,42.86,42.86,50.0,25.71,14.43,3.29,29.14,1.33,0.07,14.0,20.5
PBI,2024-08-30,10,7,6,12,9,58.33,58.33,88.89,15.08,13.75,2.65,17.25,2.89,0.64,2.22,6.0
PBI,2024-08-30,11,7,3,13,7,69.23,69.23,71.43,12.15,12.46,1.28,12.85,19.14,1.31,20.57,58.14
PBI,2024-08-30,12,3,6,8,6,62.5,62.5,83.33,13.25,14.25,3.11,15.63,1.67,1.05,2.33,8.5
PBI,2024-08-30,13,5,5,8,7,62.5,62.5,71.43,14.13,11.88,0.71,14.5,61.14,0.57,61.57,85.86
PBI,2024-08-30,14,6,7,11,11,72.73,63.64,72.73,64.82,15.82,4.75,69.36,4.27,0.45,4.36,35.55
PBI,2024-08-30,15,5,2,8,7,50.0,50.0,57.14,49.25,14.25,3.05,52.13,7.29,0.39,9.29,20.29
PBI,2024-08-30,16,2,4,2,9,50.0,50.0,44.44,8.5,14.5,3.35,9.5,4.89,1.34,10.67,41.33
PBI,2024-08-30,17,4,3,4,10,50.0,50.0,50.0,30.5,13.5,1.9,32.25,5.6,0.68,7.8,25.3
PBI,2024-08-30,18,5,7,5,14,60.0,60.0,42.86,33.4,13.0,2.44,35.2,5.71,1.46,1.86,19.86
PBI,2024-08-30,19,8,4,10,8,50.0,50.0,87.5,14.5,14.5,2.82,16.7,2.88,0.98,3.63,6.0
PBI,2024-08-30,20,2,3,2,5,100.0,100.0,60.0,0.0,15.5,6.05,3.5,1.8,2.26,5.4,7.8
PBI,2024-08-30,21,1,2,1,7,100.0,100.0,85.71,0.0,18.0,6.8,7.0,3.71,0.69,3.71,6.86
PBI,2024-08-30,22,0,3,2,4,100.0,100.0,50.0,0.0,12.0,0.9,0.0,1.75,0.63,3.25,11.5
PBI,2024-08-30,23,0,5,0,6,0.0,0.0,50.0,0.0,0.0,0.0,0.0,2.0,2.12,1.0,33.83
PBI,2024-08-31,0,0,2,0,3,0.0,0.0,66.67,0.0,0.0,0.0,0.0,0.0,1.67,0.0,24.0
PBI,2024-08-31,1,0,0,1,0,0.0,0.0,0.0,24.0,13.0,1.8,26.0,0.0,0.0,0.0,0.0
PBI,2024-08-31,2,0,0,0,1,0.0,0.0,0.0,0.0,0.0,0.0,0.0,0.0,3.5,0.0,78.0
PBI,2024-08-31,3,0,0,0,0,0.0,0.0,0.0,0.0,0.0,0.0,0.0,0.0,0.0,0.0,0.0
PBI,2024-08-31,4,0,0,1,0,100.0,100.0,0.0,0.0,7.0,0.0,0.0,0.0,0.0,0.0,0.0
PBI,2024-08-31,5,0,0,0,1,0.0,0.0,0.0,0.0,0.0,0.0,0.0,1.0,1.2,6.0,56.0
PBI,2024-08-31,6,6,0,6,1,100.0,100.0,100.0,0.0,10.5,0.57,0.0,0.0,0.2,0.0,11.0
PBI,2024-08-31,7,6,1,9,2,77.78,77.78,100.0,5.22,14.11,2.97,8.11,0.0,0.6,0.0,4.5
PBI,2024-08-31,8,4,2,6,3,100.0,100.0,100.0,0.33,13.17,1.98,2.33,0.0,1.33,2.0,5.67
PBI,2024-08-31,9,1,4,9,8,66.67,66.67,62.5,14.11,15.22,4.06,18.33,1.0,3.17,2.25,10.0
PBI,2024-08-31,10,5,7,9,10,77.78,77.78,80.0,5.78,12.44,1.28,6.22,1.5,1.97,2.0,21.9
PBI,2024-08-31,11,6,2,10,4,70.0,70.0,50.0,10.8,13.5,2.7,12.6,3.25,1.45,3.5,20.5
PBI,2024-08-31,12,2,4,3,8,33.33,33.33,50.0,47.0,14.0,2.83,49.67,5.75,0.65,8.75,23.13
PBI,2024-08-31,13,5,3,7,7,57.14,57.14,57.14,17.0,16.57,5.16,21.0,3.0,1.56,4.86,11.0
PBI,2024-08-31,14,4,7,6,9,83.33,83.33,66.67,19.0,14.17,3.23,20.5,2.0,3.28,4.67,11.56
PBI,2024-08-31,15,5,3,6,6,83.33,83.33,83.33,5.5,12.5,1.47,5.83,2.17,1.47,4.5,8.5
PBI,2024-08-31,16,3,1,5,2,80.0,80.0,0.0,5.0,12.6,2.58,6.0,7.0,1.35,6.5,37.5
PBI,2024-08-31,17,1,3,1,8,100.0,100.0,62.5,0.0,12.0,0.0,0.0,2.88,0.75,3.13,30.13
PBI,2024-08-31,18,4,6,5,7,60.0,60.0,85.71,15.8,11.8,1.02,15.6,2.71,0.83,0.86,4.29
PBI,2024-08-31,19,5,6,5,7,100.0,100.0,85.71,0.8,13.0,1.16,0.8,1.57,2.01,1.14,3.29
PBI,2024-08-31,20,2,3,2,4,100.0,100.0,75.0,0.0,13.5,3.25,1.0,2.0,1.78,0.0,7.75
PBI,2024-08-31,21,1,1,1,1,100.0,100.0,0.0,8.0,11.0,0.0,8.0,0.0,2.6,7.0,25.0
PBI,2024-08-31,22,0,2,0,2,0.0,0.0,100.0,0.0,0.0,0.0,0.0,0.0,0.55,0.0,0.0
PBI,2024-08-31,23,0,3,0,3,0.0,0.0,100.0,0.0,0.0,0.0,0.0,0.0,0.2,0.0,0.0
PBI,2024-09-01,0,0,3,0,3,0.0,0.0,66.67,0.0,0.0,0.0,0.0,2.67,2.03,4.67,36.0
PBI,2024-09-01,2,0,0,0,0,0.0,0.0,0.0,0.0,0.0,0.0,0.0,0.0,0.0,0.0,0.0
PBI,2024-09-01,6,3,0,5,0,80.0,80.0,0.0,6.4,11.0,0.16,6.6,0.0,0.0,0.0,0.0
PBI,2024-09-01,7,7,1,9,2,77.78,55.56,100.0,9.33,15.22,4.49,12.89,0.0,1.2,0.0,0.0
PBI,2024-09-01,8,4,2,7,2,57.14,57.14,50.0,15.57,13.14,2.4,15.71,2.0,0.15,2.5,50.0
PBI,2024-09-01,9,2,5,2,5,50.0,50.0,80.0,69.5,12.5,2.55,72.0,0.0,8.02,6.2,5.2
PBI,2024-09-01,10,6,6,6,11,100.0,100.0,72.73,5.67,12.5,2.15,5.33,10.18,0.75,10.91,16.64
PBI,2024-09-01,11,6,2,7,3,57.14,14.29,33.33,14.86,29.29,17.34,29.0,21.33,1.17,23.33,35.33
PBI,2024-09-01,12,2,5,6,9,33.33,16.67,55.56,19.0,20.17,9.38,27.17,10.33,1.81,10.78,20.67
PBI,2024-09-01,13,5,5,7,7,57.14,42.86,85.71,13.57,15.86,4.36,17.71,7.14,0.34,6.0,6.29
PBI,2024-09-01,14,6,4,12,8,75.0,58.33,37.5,8.67,17.0,5.91,14.08,9.38,1.21,12.63,26.5
PBI,2024-09-01,15,4,2,5,7,20.0,20.0,71.43,28.2,12.6,0.84,28.6,3.0,1.03,5.57,17.71
PBI,2024-09-01,16,1,4,2,9,50.0,0.0,22.22,10.0,24.5,13.45,21.0,2.11,2.68,6.33,25.22
PBI,2024-09-01,17,4,2,5,8,60.0,20.0,50.0,17.0,19.4,7.94,24.8,5.25,1.19,5.88,23.38
PBI,2024-09-01,18,4,7,5,10,60.0,40.0,50.0,16.2,15.6,4.4,20.4,8.0,1.48,13.0,17.7
PBI,2024-09-01,19,6,4,8,7,37.5,25.0,71.43,30.13,15.25,3.44,33.5,3.29,1.07,4.29,10.29
PBI,2024-09-01,20,2,3,3,3,66.67,66.67,100.0,5.33,12.0,1.5,6.67,2.33,3.67,1.67,0.0
PBI,2024-09-01,21,1,0,1,1,100.0,100.0,0.0,0.0,11.0,0.0,0.0,2.0,1.2,7.0,16.0
PBI,2024-09-01,22,0,3,1,3,0.0,0.0,100.0,48.0,15.0,3.8,52.0,1.0,1.7,1.33,0.33
PBI,2024-09-01,23,0,5,0,6,0.0,0.0,50.0,0.0,0.0,0.0,0.0,0.5,1.1,8.67,20.5
PBI,2024-09-02,0,0,3,0,3,0.0,0.0,66.67,0.0,0.0,0.0,0.0,0.0,3.03,0.0,34.67
PBI,2024-09-02,1,0,0,0,0,0.0,0.0,0.0,0.0,0.0,0.0,0.0,0.0,0.0,0.0,0.0
PBI,2024-09-02,6,6,0,8,0,87.5,87.5,0.0,7.25,14.88,4.15,10.25,0.0,0.0,0.0,0.0
PBI,2024-09-02,7,5,1,9,1,88.89,66.67,100.0,3.33,23.89,12.48,13.56,0.0,1.2,0.0,0.0
PBI,2024-09-02,8,4,2,13,3,46.15,53.85,33.33,15.77,12.46,1.56,16.62,1.33,0.83,9.67,14.67
PBI,2024-09-02,9,1,5,9,7,44.44,44.44,71.43,14.67,16.0,4.88,19.67,1.0,2.9,4.71,7.14
PBI,2024-09-02,10,7,6,17,7,64.71,52.94,71.43,14.94,18.71,7.54,21.24,5.29,0.64,9.0,12.14
PBI,2024-09-02,11,7,3,17,7,64.71,47.06,57.14,13.94,18.47,7.38,20.35,7.43,0.9,10.14,30.71
PBI,2024-09-02,12,3,6,8,11,50.0,50.0,45.45,29.25,15.5,4.36,33.0,5.64,0.97,10.82,21.64
PBI,2024-09-02,13,5,5,10,9,70.0,50.0,55.56,17.1,24.4,13.03,30.1,4.33,2.04,9.89,17.56
PBI,2024-09-02,14,6,7,10,15,50.0,20.0,86.67,63.1,31.1,19.68,81.0,4.4,1.03,6.33,8.07
PBI,2024-09-02,15,5,2,13,6,76.92,69.23,50.0,10.85,17.38,5.92,15.77,4.33,1.28,8.5,17.67
PBI,2024-09-02,16,2,4,9,7,33.33,33.33,71.43,42.78,14.89,3.74,46.67,5.43,1.06,7.29,29.0
PBI,2024-09-02,17,4,3,6,10,83.33,83.33,80.0,5.33,12.33,1.15,6.17,3.8,0.67,5.3,14.5
PBI,2024-09-02,18,5,7,5,10,80.0,80.0,60.0,15.6,13.2,2.7,17.8,6.7,1.28,8.7,42.1
PBI,2024-09-02,19,8,4,9,8,55.56,44.44,25.0,48.67,17.0,4.87,52.0,17.38,0.76,37.5,80.63
PBI,2024-09-02,20,2,3,2,5,0.0,0.0,60.0,69.5,12.0,2.7,71.0,2.0,0.68,4.2,38.2
PBI,2024-09-02,21,1,2,1,3,100.0,100.0,66.67,0.0,11.0,0.0,0.0,1.33,0.23,3.0,35.33
PBI,2024-09-02,22,0,3,0,3,0.0,0.0,33.33,0.0,0.0,0.0,0.0,0.0,0.83,9.0,24.33
PBI,2024-09-02,23,0,5,0,6,0.0,0.0,50.0,0.0,0.0,0.0,0.0,0.33,0.93,21.83,68.17
PBI,2024-09-03,0,0,3,0,4,0.0,0.0,75.0,0.0,0.0,0.0,0.0,1.0,1.07,5.0,10.0
PBI,2024-09-03,2,0,0,0,0,0.0,0.0,0.0,0.0,0.0,0.0,0.0,0.0,0.0,0.0,0.0
PBI,2024-09-03,3,0,0,0,0,0.0,0.0,0.0,0.0,0.0,0.0,0.0,0.0,0.0,0.0,0.0
PBI,2024-09-03,4,0,0,2,0,50.0,50.0,0.0,13.5,12.0,0.9,14.5,0.0,0.0,0.0,0.0
PBI,2024-09-03,6,5,0,9,0,55.56,55.56,0.0,17.33,12.56,1.67,18.11,0.0,0.0,0.0,0.0
PBI,2024-09-03,7,7,1,12,2,83.33,75.0,0.0,4.0,14.75,3.38,6.42,1.0,0.2,3.0,40.0
PBI,2024-09-03,8,4,2,8,3,37.5,37.5,66.67,19.75,12.88,1.65,21.13,3.0,1.6,5.33,11.67
PBI,2024-09-03,9,1,4,5,5,60.0,40.0,60.0,8.4,16.0,4.9,13.4,1.4,1.22,2.8,37.8
PBI,2024-09-03,10,5,6,7,8,57.14,57.14,75.0,20.43,14.0,2.81,22.57,1.88,0.76,3.88,19.13
PBI,2024-09-03,11,6,2,10,6,60.0,60.0,83.33,13.2,10.5,0.14,12.2,3.0,0.43,5.33,9.5
PBI,2024-09-03,12,2,4,3,6,66.67,66.67,66.67,8.0,9.67,0.37,7.67,1.67,2.45,6.33,82.17
PBI,2024-09-03,13,5,4,5,9,60.0,60.0,55.56,99.0,12.6,1.5,100.0,1.89,1.4,4.44,21.11
PBI,2024-09-03,14,4,6,5,7,100.0,100.0,71.43,5.0,17.6,5.92,9.6,0.71,3.73,4.14,15.86
PBI,2024-09-03,15,4,2,6,9,66.67,50.0,33.33,60.67,15.67,3.83,64.5,9.11,0.16,12.33,26.67
PBI,2024-09-03,16,1,4,3,9,33.33,33.33,22.22,19.33,18.33,8.17,25.33,4.0,0.66,7.11,34.11
PBI,2024-09-03,17,5,2,6,9,33.33,33.33,55.56,29.67,10.67,0.58,28.67,5.56,0.1,9.44,18.44
PBI,2024-09-03,18,4,5,8,6,62.5,62.5,66.67,12.38,12.13,1.19,13.0,1.33,1.28,1.33,10.0
PBI,2024-09-03,19,5,4,5,5,60.0,60.0,80.0,54.4,13.4,1.72,55.4,0.6,0.76,1.2,6.0
PBI,2024-09-03,20,2,3,2,3,100.0,100.0,66.67,0.0,12.0,1.75,0.0,1.67,1.0,2.33,36.33
PBI,2024-09-03,21,1,2,2,3,50.0,50.0,33.33,37.0,10.5,0.0,37.0,6.67,1.0,6.0,12.33
PBI,2024-09-03,22,0,3,1,5,100.0,100.0,20.0,0.0,10.0,0.0,0.0,1.0,1.58,2.6,14.2
PBI,2024-09-03,23,0,4,0,4,0.0,0.0,75.0,0.0,0.0,0.0,0.0,0.0,2.6,1.0,4.25
PBI,2024-09-04,0,0,2,0,3,0.0,0.0,33.33,0.0,0.0,0.0,0.0,1.67,1.6,0.0,12.0
PBI,2024-09-04,4,0,0,1,0,100.0,100.0,0.0,0.0,24.0,12.8,13.0,0.0,0.0,0.0,0.0
PBI,2024-09-04,5,0,0,1,0,0.0,0.0,0.0,15.0,12.0,0.8,16.0,0.0,0.0,0.0,0.0
PBI,2024-09-04,6,6,0,6,2,100.0,100.0,100.0,0.33,13.5,2.25,1.83,0.0,0.1,0.0,7.5
PBI,2024-09-04,7,5,1,9,2,77.78,77.78,100.0,4.33,13.22,1.98,6.11,3.0,0.2,5.5,4.0
PBI,2024-09-04,8,2,1,6,1,83.33,83.33,100.0,3.33,11.83,0.6,4.0,0.0,0.0,0.0,2.0
PBI,2024-09-04,9,1,2,4,6,25.0,25.0,66.67,17.75,13.25,2.13,19.75,2.67,0.18,3.67,19.33
PBI,2024-09-04,10,5,6,11,10,45.45,45.45,60.0,14.45,13.45,2.61,15.0,6.8,0.36,7.9,21.0
PBI,2024-09-04,11,7,6,10,10,50.0,50.0,70.0,46.0,11.4,0.32,45.5,5.2,0.67,4.3,12.6
PBI,2024-09-04,12,4,3,8,6,75.0,75.0,66.67,7.38,11.63,1.0,8.25,2.17,0.83,5.33,13.5
PBI,2024-09-04,13,4,7,5,12,80.0,80.0,75.0,13.4,11.4,0.56,13.4,4.58,0.75,6.08,13.33
PBI,2024-09-04,14,7,4,12,6,58.33,58.33,83.33,20.0,12.17,1.31,20.83,2.0,0.4,4.17,6.5
PBI,2024-09-04,15,3,3,8,5,62.5,62.5,80.0,14.75,12.88,1.31,15.63,5.4,0.26,6.0,7.2
PBI,2024-09-04,16,1,4,3,8,66.67,33.33,62.5,24.33,17.33,6.23,30.67,3.25,1.04,4.25,27.0
PBI,2024-09-04,17,5,3,6,5,100.0,100.0,80.0,0.0,15.67,4.65,2.33,5.4,0.46,6.6,15.2
PBI,2024-09-04,18,3,4,4,8,75.0,50.0,87.5,15.75,18.25,7.0,21.0,3.0,0.35,3.38,2.63
PBI,2024-09-04,19,4,3,5,9,100.0,100.0,66.67,0.0,12.0,0.38,0.2,2.44,0.28,3.0,11.78
PBI,2024-09-04,20,2,3,2,5,100.0,100.0,40.0,0.0,10.0,0.2,0.0,2.6,0.84,2.8,40.4
PBI,2024-09-04,21,1,1,3,1,66.67,33.33,100.0,34.67,13.0,1.87,36.67,8.0,0.0,0.0,0.0
PBI,2024-09-04,22,0,3,3,5,100.0,100.0,100.0,0.0,16.67,5.47,4.0,4.8,1.98,5.6,2.0
PBI,2024-09-04,23,0,4,0,4,0.0,0.0,100.0,0.0,0.0,0.0,0.0,0.0,0.45,0.0,0.0
PBI,2024-09-05,0,0,2,1,2,100.0,0.0,100.0,0.0,26.0,14.8,15.0,2.0,0.0,0.0,0.0
PBI,2024-09-05,1,0,0,0,1,0.0,0.0,100.0,0.0,0.0,0.0,0.0,2.0,0.2,6.0,7.0
PBI,2024-09-05,2,0,0,0,1,0.0,0.0,100.0,0.0,0.0,0.0,0.0,4.0,0.2,3.0,0.0
PBI,2024-09-05,5,0,0,0,0,0.0,0.0,0.0,0.0,0.0,0.0,0.0,0.0,0.0,0.0,0.0
PBI,2024-09-05,6,7,0,7,2,100.0,100.0,50.0,0.0,12.57,2.31,0.43,0.0,0.1,0.5,20.5
PBI,2024-09-05,7,4,1,14,1,50.0,42.86,100.0,19.71,13.86,2.74,21.57,0.0,0.2,0.0,0.0
PBI,2024-09-05,8,3,1,6,2,83.33,83.33,100.0,3.67,14.17,2.5,6.0,2.0,0.1,4.0,2.0
PBI,2024-09-05,9,1,4,9,9,33.33,33.33,44.44,59.33,12.67,1.54,60.89,5.78,0.24,6.67,13.44
PBI,2024-09-05,10,6,7,10,9,70.0,70.0,100.0,17.2,13.4,2.88,18.3,3.44,0.98,4.56,2.78
PBI,2024-09-05,11,9,5,12,8,75.0,66.67,62.5,7.0,16.5,5.21,11.0,0.63,0.85,4.5,10.38
PBI,2024-09-05,12,2,4,7,5,85.71,85.71,80.0,4.14,15.43,4.21,7.86,2.2,0.32,2.8,13.6
PBI,2024-09-05,13,4,5,4,9,100.0,100.0,66.67,1.75,12.0,0.6,2.25,4.56,1.13,9.44,11.0
PBI,2024-09-05,14,6,5,12,10,66.67,66.67,70.0,16.42,13.58,2.49,18.33,2.6,0.8,4.7,9.6
PBI,2024-09-05,15,4,3,8,5,50.0,50.0,80.0,27.88,16.75,5.26,31.63,2.4,0.22,2.0,18.8
PBI,2024-09-05,16,1,3,3,7,33.33,33.33,85.71,39.0,12.67,1.57,40.67,2.14,0.66,7.29,6.86
PBI,2024-09-05,17,5,5,5,7,80.0,80.0,100.0,9.8,14.8,3.4,12.8,5.0,0.8,6.14,3.14
PBI,2024-09-05,18,5,2,5,2,100.0,100.0,100.0,0.2,12.6,1.66,0.8,0.5,0.0,0.0,0.0
PBI,2024-09-05,19,2,4,3,9,100.0,100.0,77.78,0.0,11.0,0.0,0.0,3.67,0.11,3.89,13.11
PBI,2024-09-05,20,2,3,2,3,100.0,100.0,100.0,0.0,12.0,1.75,0.0,0.67,1.0,10.67,3.67
PBI,2024-09-05,21,1,1,2,3,100.0,100.0,66.67,0.0,14.0,2.9,3.0,4.67,0.3,5.33,9.33
PBI,2024-09-05,22,0,3,2,3,100.0,100.0,66.67,0.0,15.0,3.8,3.5,0.0,0.6,3.67,10.0
PBI,2024-09-05,23,0,4,0,5,0.0,0.0,60.0,0.0,0.0,0.0,0.0,6.6,0.2,6.2,15.6
PBI,2024-09-06,0,0,2,0,2,0.0,0.0,50.0,0.0,0.0,0.0,0.0,0.0,0.3,0.0,18.5
PBI,2024-09-06,1,0,0,0,0,0.0,0.0,0.0,0.0,0.0,0.0,0.0,0.0,0.0,0.0,0.0
PBI,2024-09-06,2,0,0,0,0,0.0,0.0,0.0,0.0,0.0,0.0,0.0,0.0,0.0,0.0,0.0
PBI,2024-09-06,5,0,0,0,0,0.0,0.0,0.0,0.0,0.0,0.0,0.0,0.0,0.0,0.0,0.0
PBI,2024-09-06,6,7,0,7,2,85.71,71.43,50.0,6.57,17.86,7.31,13.14,0.0,0.0,2.0,12.0
PBI,2024-09-06,7,5,1,8,1,75.0,75.0,100.0,8.0,15.0,3.34,11.25,0.0,0.2,0.0,0.0
PBI,2024-09-06,8,2,1,4,3,50.0,50.0,33.33,13.75,12.25,0.9,14.75,2.33,0.13,6.33,18.33
PBI,2024-09-06,9,1,4,4,4,75.0,50.0,100.0,4.75,15.0,3.92,8.75,0.0,0.63,0.75,0.0
PBI,2024-09-06,10,6,6,9,10,66.67,66.67,60.0,13.11,12.22,1.6,13.78,3.7,0.53,4.2,15.5
PBI,2024-09-06,11,9,6,11,8,81.82,81.82,100.0,6.45,13.45,2.69,8.18,0.38,1.66,3.25,2.63
PBI,2024-09-06,12,3,5,7,7,42.86,42.86,57.14,13.57,12.29,1.46,15.0,1.71,0.66,2.71,22.71
PBI,2024-09-06,13,4,7,6,11,100.0,100.0,54.55,0.0,13.5,2.3,2.33,2.64,0.34,5.09,28.36
PBI,2024-09-06,14,8,5,11,7,54.55,54.55,85.71,18.36,15.73,4.34,20.55,5.71,1.17,6.0,16.71
PBI,2024-09-06,15,4,3,5,6,100.0,100.0,83.33,0.4,14.2,3.18,2.0,1.5,0.63,2.67,10.5
PBI,2024-09-06,16,1,3,4,6,75.0,75.0,66.67,8.5,15.25,4.18,12.75,0.83,0.73,2.83,14.5
PBI,2024-09-06,17,5,5,8,8,75.0,75.0,50.0,4.25,12.63,1.73,5.63,3.0,1.65,4.38,21.38
PBI,2024-09-06,18,5,3,7,6,85.71,85.71,66.67,9.57,14.29,3.3,12.0,6.5,0.23,8.17,18.67
PBI,2024-09-06,19,3,3,4,7,75.0,75.0,71.43,4.5,10.5,0.0,3.75,3.71,0.24,5.0,7.14
PBI,2024-09-06,20,2,3,2,7,100.0,100.0,57.14,0.0,16.5,6.25,0.0,2.57,0.4,3.0,37.14
PBI,2024-09-06,21,1,1,1,3,0.0,0.0,66.67,70.0,12.0,0.8,71.0,2.67,0.07,3.67,6.33
PBI,2024-09-06,22,0,3,3,4,100.0,100.0,75.0,0.0,15.67,5.2,4.0,4.5,0.83,6.0,4.75
PBI,2024-09-06,23,0,5,0,5,0.0,0.0,80.0,0.0,0.0,0.0,0.0,3.6,0.6,0.6,5.6
PBI,2024-09-07,0,0,1,0,3,0.0,0.0,100.0,0.0,0.0,0.0,0.0,3.0,0.6,0.0,0.0
PBI,2024-09-07,5,0,0,0,0,0.0,0.0,0.0,0.0,0.0,0.0,0.0,0.0,0.0,0.0,0.0
PBI,2024-09-07,6,7,0,10,1,80.0,80.0,100.0,11.2,11.3,0.63,11.4,0.0,0.0,0.0,7.0
PBI,2024-09-07,7,5,1,6,2,83.33,83.33,100.0,3.33,11.17,0.15,3.5,0.0,0.1,0.0,6.5
PBI,2024-09-07,8,2,0,8,2,50.0,50.0,100.0,27.0,12.75,1.65,28.63,0.5,0.2,3.5,5.0
PBI,2024-09-07,9,1,1,4,1,50.0,50.0,100.0,14.5,11.0,0.23,14.5,1.0,0.0,6.0,2.0
PBI,2024-09-07,10,2,9,9,11,33.33,33.33,81.82,22.0,12.67,1.8,23.56,2.18,0.42,3.45,24.0
PBI,2024-09-07,11,8,4,11,5,72.73,72.73,80.0,9.55,12.82,1.75,10.45,1.4,0.38,3.8,5.2
PBI,2024-09-07,12,2,3,4,6,25.0,25.0,33.33,71.5,12.0,0.85,72.5,3.67,0.33,4.5,20.67
PBI,2024-09-07,13,4,5,6,7,66.67,66.67,85.71,18.5,13.5,2.23,18.83,4.29,1.07,8.0,11.14
PBI,2024-09-07,14,6,5,6,8,100.0,83.33,100.0,1.67,15.83,4.15,3.17,5.38,0.3,3.5,1.13
PBI,2024-09-07,15,4,4,7,6,71.43,71.43,66.67,11.43,11.71,0.53,12.0,2.5,0.6,4.33,10.0
PBI,2024-09-07,16,2,3,4,5,75.0,75.0,80.0,6.5,14.0,3.43,9.25,2.0,1.2,8.0,8.6
PBI,2024-09-07,17,5,4,8,4,87.5,87.5,75.0,3.13,11.13,0.59,3.25,4.0,0.48,5.0,10.25
PBI,2024-09-07,18,3,4,3,6,100.0,100.0,83.33,0.0,10.67,0.37,0.0,3.83,0.1,6.17,11.33
PBI,2024-09-07,19,2,3,5,3,80.0,80.0,66.67,8.6,14.0,2.36,11.0,6.33,0.2,0.0,16.33
PBI,2024-09-07,20,2,3,2,4,100.0,100.0,50.0,0.0,16.5,6.7,2.0,6.75,0.55,2.5,9.0
PBI,2024-09-07,21,1,0,1,0,100.0,100.0,0.0,0.0,11.0,0.0,0.0,0.0,0.0,0.0,0.0
PBI,2024-09-07,22,0,3,0,4,0.0,0.0,75.0,0.0,0.0,0.0,0.0,5.25,0.53,7.5,4.5
PBI,2024-09-07,23,0,3,0,3,0.0,0.0,33.33,0.0,0.0,0.0,0.0,0.67,0.17,1.67,41.67
PBI,2024-09-08,0,0,2,0,1,0.0,0.0,100.0,0.0,0.0,0.0,0.0,0.0,2.6,0.0,0.0
PBI,2024-09-08,1,0,0,0,0,0.0,0.0,0.0,0.0,0.0,0.0,0.0,0.0,0.0,0.0,0.0
PBI,2024-09-08,5,0,0,0,0,0.0,0.0,0.0,0.0,0.0,0.0,0.0,0.0,0.0,0.0,0.0
PBI,2024-09-08,6,6,0,6,0,100.0,100.0,0.0,0.33,12.17,1.03,0.0,0.0,0.0,0.0,0.0
PBI,2024-09-08,7,5,1,6,1,83.33,83.33,100.0,11.83,11.0,0.7,12.0,0.0,0.2,0.0,0.0
PBI,2024-09-08,8,3,2,7,2,57.14,57.14,100.0,17.43,12.29,1.09,18.14,0.5,0.8,0.0,0.0
PBI,2024-09-08,9,1,3,4,4,100.0,100.0,75.0,3.0,14.5,3.43,6.5,2.5,0.18,4.75,12.0
PBI,2024-09-08,10,6,7,12,8,75.0,75.0,62.5,9.08,12.67,1.41,10.17,3.13,0.52,10.25,36.88
PBI,2024-09-08,11,9,6,13,8,53.85,46.15,75.0,78.23,12.62,1.64,79.0,1.25,0.7,3.25,10.75
PBI,2024-09-08,12,3,4,6,6,66.67,66.67,66.67,11.83,10.83,0.0,11.83,1.5,0.73,4.5,10.33
PBI,2024-09-08,13,4,6,11,9,45.45,45.45,77.78,27.09,14.36,3.22,30.36,2.56,0.5,4.33,6.0
PBI,2024-09-08,14,7,4,7,7,85.71,85.71,85.71,28.71,14.43,3.24,30.86,3.43,2.6,6.29,7.57
PBI,2024-09-08,15,3,2,5,13,80.0,80.0,38.46,3.6,14.8,2.7,6.2,5.0,1.01,9.31,42.85
PBI,2024-09-08,16,1,4,2,8,0.0,0.0,37.5,68.0,12.5,1.55,69.5,9.38,0.36,10.63,48.75
PBI,2024-09-08,17,6,5,7,6,28.57,28.57,33.33,24.14,11.14,0.66,23.86,11.67,2.15,26.33,45.5
PBI,2024-09-08,18,4,6,4,11,25.0,25.0,54.55,51.5,13.0,1.43,52.75,4.82,0.33,5.82,16.18
PBI,2024-09-08,19,7,3,8,5,62.5,62.5,80.0,12.13,12.13,0.78,11.5,4.0,0.06,5.2,5.6
PBI,2024-09-08,20,2,3,2,6,100.0,100.0,16.67,1.5,13.0,2.75,3.5,3.17,0.43,5.33,37.5
PBI,2024-09-08,21,1,1,2,2,50.0,50.0,50.0,10.0,11.0,0.0,10.0,0.0,0.1,2.5,21.0
PBI,2024-09-08,22,0,3,0,3,0.0,0.0,33.33,0.0,0.0,0.0,0.0,0.0,1.83,1.67,56.33
PBI,2024-09-08,23,0,6,0,6,0.0,0.0,50.0,0.0,0.0,0.0,0.0,0.33,1.18,4.17,22.67
PBI,2024-09-09,0,0,2,0,2,0.0,0.0,100.0,0.0,0.0,0.0,0.0,0.0,0.95,0.0,0.0
PBI,2024-09-09,1,0,0,0,0,0.0,0.0,0.0,0.0,0.0,0.0,0.0,0.0,0.0,0.0,0.0
PBI,2024-09-09,6,7,0,8,0,100.0,100.0,0.0,0.5,12.38,2.13,1.13,0.0,0.0,0.0,0.0
PBI,2024-09-09,7,5,1,10,1,60.0,70.0,100.0,9.3,12.3,0.91,9.5,0.0,0.2,0.0,0.0
PBI,2024-09-09,8,2,1,6,1,33.33,33.33,100.0,31.0,12.0,0.53,31.5,0.0,0.0,0.0,0.0
PBI,2024-09-09,9,1,4,4,4,75.0,75.0,100.0,7.5,13.25,2.23,9.75,2.25,0.88,2.0,0.75
PBI,2024-09-09,10,6,5,10,10,90.0,90.0,80.0,2.5,12.7,2.23,3.0,3.8,0.59,9.2,11.1
PBI,2024-09-09,11,8,8,12,13,75.0,66.67,53.85,8.17,13.25,2.27,9.75,4.77,0.8,8.38,19.0
PBI,2024-09-09,12,5,4,7,6,85.71,85.71,66.67,4.14,12.71,1.24,5.43,6.5,0.6,6.83,17.83
PBI,2024-09-09,13,3,6,4,10,100.0,100.0,80.0,0.0,11.25,0.45,0.0,5.1,1.21,6.2,5.7
PBI,2024-09-09,14,7,5,9,10,77.78,66.67,60.0,8.89,14.67,3.46,11.44,5.4,0.14,8.2,19.2
PBI,2024-09-09,15,4,3,9,9,77.78,77.78,11.11,18.78,11.89,0.97,19.11,29.0,3.27,37.0,50.67
PBI,2024-09-09,16,2,4,6,9,33.33,16.67,55.56,48.83,17.33,5.78,54.67,13.33,0.88,15.78,36.33
PBI,2024-09-09,17,4,4,6,9,66.67,66.67,55.56,18.17,15.33,4.73,21.33,8.11,0.94,12.67,17.44
PBI,2024-09-09,18,6,5,6,9,83.33,100.0,44.44,4.83,10.67,0.25,4.33,9.22,0.47,9.0,16.56
PBI,2024-09-09,19,4,2,5,3,40.0,40.0,66.67,28.6,13.8,1.52,29.6,0.0,0.5,3.67,17.33
PBI,2024-09-09,20,2,4,2,4,100.0,100.0,75.0,0.0,13.5,3.25,0.0,2.5,1.15,2.0,30.0
PBI,2024-09-09,21,1,1,3,1,33.33,33.33,100.0,36.67,15.33,4.2,41.0,0.0,0.5,0.0,10.0
PBI,2024-09-09,22,0,4,1,4,100.0,100.0,75.0,0.0,11.0,0.0,0.0,8.25,1.68,6.0,8.5
PBI,2024-09-09,23,0,4,0,4,0.0,0.0,75.0,0.0,0.0,0.0,0.0,0.25,5.5,1.25,31.75
PBI,2024-09-10,0,0,2,0,2,0.0,0.0,100.0,0.0,0.0,0.0,0.0,0.0,1.45,0.0,0.0
PBI,2024-09-10,1,0,0,0,0,0.0,0.0,0.0,0.0,0.0,0.0,0.0,0.0,0.0,0.0,0.0
PBI,2024-09-10,5,0,0,1,0,0.0,0.0,0.0,17.0,12.0,0.8,18.0,0.0,0.0,0.0,0.0
PBI,2024-09-10,6,6,0,7,2,85.71,85.71,100.0,3.43,11.0,0.31,3.43,0.0,0.1,0.0,9.0
PBI,2024-09-10,7,6,1,17,1,64.71,64.71,100.0,10.12,13.0,1.89,11.76,0.0,1.2,0.0,0.0
PBI,2024-09-10,8,2,1,4,2,75.0,75.0,100.0,17.0,12.0,0.3,17.25,1.5,0.6,4.5,1.0
PBI,2024-09-10,9,0,1,3,4,33.33,33.33,50.0,14.0,11.67,0.53,14.67,3.5,0.65,4.25,38.25
PBI,2024-09-10,10,3,5,5,10,80.0,80.0,60.0,3.2,12.0,1.26,3.6,3.8,0.39,5.8,16.3
PBI,2024-09-10,11,6,5,9,8,88.89,88.89,75.0,4.44,12.33,0.98,4.56,4.38,1.05,4.38,8.88
PBI,2024-09-10,12,4,3,6,4,66.67,66.67,50.0,66.0,12.67,1.78,66.67,4.5,2.4,8.0,36.25
PBI,2024-09-10,13,4,6,6,10,83.33,83.33,70.0,7.5,12.5,1.3,7.33,1.8,1.04,2.0,13.3
PBI,2024-09-10,14,6,4,8,7,62.5,62.5,71.43,17.38,12.5,1.53,17.63,0.86,5.03,6.14,19.29
PBI,2024-09-10,15,3,3,7,5,57.14,28.57,60.0,20.43,19.29,7.44,27.29,9.0,1.06,8.8,25.0
PBI,2024-09-10,16,2,5,3,8,66.67,66.67,87.5,23.67,15.33,4.3,27.0,6.38,1.05,5.0,9.63
PBI,2024-09-10,17,4,2,7,5,100.0,100.0,40.0,0.43,13.0,2.6,2.29,10.0,2.24,15.8,35.0
PBI,2024-09-10,18,5,5,5,8,80.0,80.0,75.0,4.6,12.8,0.94,4.8,2.25,3.58,5.38,13.5
PBI,2024-09-10,19,3,2,3,3,100.0,100.0,66.67,0.0,14.0,1.27,0.0,2.0,0.6,0.67,20.67
PBI,2024-09-10,20,2,4,4,5,50.0,50.0,100.0,14.25,11.75,1.5,15.75,0.4,1.16,0.6,0.4
PBI,2024-09-10,21,1,1,3,2,100.0,100.0,50.0,0.0,11.67,0.6,0.33,0.0,0.35,0.0,38.5
PBI,2024-09-10,22,0,4,2,5,0.0,0.0,60.0,37.0,11.0,0.9,37.0,1.8,0.26,2.8,9.0
PBI,2024-09-10,23,0,3,1,3,0.0,0.0,100.0,50.0,13.0,1.8,52.0,5.33,1.93,4.33,0.0
PBI,2024-09-11,0,0,2,0,2,0.0,0.0,50.0,0.0,0.0,0.0,0.0,0.0,0.0,16.5,30.5
PBI,2024-09-11,1,0,0,0,0,0.0,0.0,0.0,0.0,0.0,0.0,0.0,0.0,0.0,0.0,0.0
PBI,2024-09-11,3,0,0,0,0,0.0,0.0,0.0,0.0,0.0,0.0,0.0,0.0,0.0,0.0,0.0
PBI,2024-09-11,5,0,0,1,0,0.0,0.0,0.0,70.0,13.0,1.8,72.0,0.0,0.0,0.0,0.0
PBI,2024-09-11,6,6,0,6,2,100.0,100.0,50.0,1.17,11.83,1.2,0.83,0.0,0.6,0.0,40.5
PBI,2024-09-11,7,6,1,10,2,70.0,70.0,100.0,6.0,12.5,1.23,6.5,0.0,1.2,1.5,0.0
PBI,2024-09-11,8,2,1,3,2,100.0,100.0,100.0,0.0,12.33,0.47,0.33,2.0,0.6,0.0,0.0
PBI,2024-09-11,9,1,1,4,2,25.0,25.0,100.0,26.0,13.0,1.88,27.5,0.0,1.9,0.0,0.0
PBI,2024-09-11,10,3,5,6,7,83.33,83.33,71.43,3.33,15.0,3.75,5.83,1.14,1.07,2.57,9.43
PBI,2024-09-11,11,6,6,10,10,80.0,80.0,80.0,9.9,14.6,2.99,11.5,5.3,0.84,6.7,11.4
PBI,2024-09-11,12,4,3,5,6,100.0,100.0,50.0,0.0,11.6,1.02,1.0,4.67,0.93,8.0,23.0
PBI,2024-09-11,13,4,7,9,12,44.44,44.44,83.33,34.0,13.44,2.16,36.0,2.92,1.32,4.25,16.5
PBI,2024-09-11,14,7,4,12,9,75.0,75.0,55.56,30.25,15.67,4.73,34.0,2.44,2.11,6.11,12.89
PBI,2024-09-11,15,3,3,7,5,57.14,57.14,40.0,28.0,16.71,4.9,31.57,8.2,1.32,9.6,21.8
PBI,2024-09-11,16,2,5,5,9,40.0,40.0,77.78,34.0,14.4,3.0,37.0,4.22,1.9,4.33,11.11
PBI,2024-09-11,17,4,2,5,5,80.0,60.0,60.0,9.0,15.0,4.86,13.6,4.4,0.64,6.2,20.4
PBI,2024-09-11,18,5,6,8,13,87.5,87.5,69.23,11.13,15.0,3.34,12.88,7.38,1.18,10.77,23.08
PBI,2024-09-11,19,4,2,4,4,100.0,100.0,75.0,0.0,14.0,1.05,0.0,9.75,0.83,5.75,6.5
PBI,2024-09-11,20,2,4,3,5,100.0,100.0,60.0,0.0,14.0,3.43,1.67,4.4,0.16,5.0,14.6
PBI,2024-09-11,21,1,1,2,1,100.0,100.0,100.0,0.0,10.5,0.0,0.0,14.0,1.5,10.0,4.0
PBI,2024-09-11,22,0,4,1,5,100.0,100.0,60.0,0.0,11.0,0.0,0.0,3.0,2.18,3.0,19.4
PBI,2024-09-11,23,0,3,0,3,0.0,0.0,100.0,0.0,0.0,0.0,0.0,0.0,2.27,2.0,4.33
PBI,2024-09-12,0,0,2,0,2,0.0,0.0,100.0,0.0,0.0,0.0,0.0,0.0,0.0,2.5,6.0
PBI,2024-09-12,2,0,0,0,0,0.0,0.0,0.0,0.0,0.0,0.0,0.0,0.0,0.0,0.0,0.0
PBI,2024-09-12,3,0,0,0,0,0.0,0.0,0.0,0.0,0.0,0.0,0.0,0.0,0.0,0.0,0.0
PBI,2024-09-12,5,0,0,0,0,0.0,0.0,0.0,0.0,0.0,0.0,0.0,0.0,0.0,0.0,0.0
PBI,2024-09-12,6,7,0,9,2,88.89,88.89,100.0,4.11,13.11,2.42,6.33,0.0,0.0,0.0,3.5
PBI,2024-09-12,7,5,1,9,3,66.67,66.67,66.67,7.89,15.0,3.52,9.89,2.67,1.2,6.0,16.0
PBI,2024-09-12,8,2,1,7,3,57.14,57.14,66.67,15.43,14.71,3.2,18.57,2.67,0.8,5.33,15.67
PBI,2024-09-12,9,1,3,8,4,37.5,37.5,75.0,20.13,15.0,3.86,24.13,2.5,1.25,4.75,8.25
PBI,2024-09-12,10,5,6,10,8,70.0,60.0,87.5,8.6,16.4,5.29,12.2,4.5,1.3,6.0,8.0
PBI,2024-09-12,11,8,7,13,14,61.54,61.54,50.0,26.92,14.38,3.11,28.85,6.71,1.41,9.79,21.64
PBI,2024-09-12,12,4,3,10,10,50.0,40.0,40.0,17.7,13.8,2.78,20.5,10.8,1.54,12.3,19.2
PBI,2024-09-12,13,3,5,5,14,80.0,60.0,78.57,16.8,18.0,6.6,23.4,2.0,1.81,2.5,9.57
PBI,2024-09-12,14,6,5,11,11,63.64,54.55,72.73,17.45,17.36,6.22,23.45,2.73,1.15,4.36,14.91
PBI,2024-09-12,15,4,3,9,5,55.56,33.33,80.0,14.11,17.22,5.77,19.11,1.8,1.86,4.6,8.4
PBI,2024-09-12,16,2,4,4,9,50.0,50.0,66.67,18.75,12.5,1.18,19.25,10.56,1.51,12.22,23.67
PBI,2024-09-12,17,4,4,7,11,57.14,57.14,54.55,24.14,11.86,1.29,25.29,7.82,0.5,9.73,20.18
PBI,2024-09-12,18,6,6,6,12,50.0,50.0,58.33,14.0,16.5,5.02,18.5,6.17,2.35,6.5,21.25
PBI,2024-09-12,19,5,2,5,3,80.0,60.0,66.67,9.6,13.0,1.36,8.8,1.33,0.5,3.33,33.0
PBI,2024-09-12,20,2,4,3,6,100.0,100.0,50.0,0.0,15.0,4.43,3.0,1.67,1.42,3.83,19.33
PBI,2024-09-12,21,1,1,3,3,100.0,100.0,100.0,0.0,12.33,1.6,1.67,1.67,0.47,2.33,0.33
PBI,2024-09-12,22,0,4,2,4,50.0,50.0,100.0,20.5,11.5,0.4,21.0,0.5,1.43,3.0,0.0
PBI,2024-09-12,23,0,4,0,4,0.0,0.0,100.0,0.0,0.0,0.0,0.0,0.0,1.43,0.0,4.5
PBI,2024-09-13,0,0,2,0,2,0.0,0.0,50.0,0.0,0.0,0.0,0.0,0.0,2.95,0.0,49.0
PBI,2024-09-13,2,0,0,0,0,0.0,0.0,0.0,0.0,0.0,0.0,0.0,0.0,0.0,0.0,0.0
PBI,2024-09-13,5,0,0,1,0,100.0,100.0,0.0,0.0,11.0,0.0,0.0,0.0,0.0,0.0,0.0
PBI,2024-09-13,6,7,0,8,2,87.5,87.5,0.0,2.75,12.13,1.41,3.0,2.5,1.7,4.5,34.5
PBI,2024-09-13,7,5,1,9,2,55.56,55.56,50.0,25.56,12.11,0.99,26.44,4.5,1.2,8.0,17.0
PBI,2024-09-13,8,2,1,6,1,50.0,50.0,100.0,25.83,14.0,2.47,28.17,0.0,0.0,0.0,0.0
PBI,2024-09-13,9,1,4,10,5,40.0,30.0,80.0,17.8,14.2,3.15,20.8,2.2,0.34,3.4,5.6
PBI,2024-09-13,10,6,5,10,8,90.0,90.0,75.0,4.3,15.1,4.39,7.1,3.88,1.34,4.75,12.75
PBI,2024-09-13,11,8,7,11,11,63.64,63.64,72.73,19.64,12.27,1.33,20.09,4.45,0.71,8.09,12.64
PBI,2024-09-13,12,4,5,9,10,55.56,55.56,80.0,21.78,12.89,1.9,23.44,5.3,1.94,5.6,5.0
PBI,2024-09-13,13,4,7,10,10,60.0,50.0,70.0,34.5,18.6,7.12,41.7,2.9,2.27,3.5,10.4
PBI,2024-09-13,14,8,5,10,8,60.0,60.0,87.5,15.3,14.6,3.25,17.1,3.13,3.09,9.88,8.13
PBI,2024-09-13,15,4,3,6,7,66.67,66.67,57.14,13.67,11.0,0.27,13.5,6.29,1.2,9.57,39.57
PBI,2024-09-13,16,2,4,4,9,75.0,75.0,55.56,11.25,11.25,0.2,11.0,2.44,6.04,7.67,28.56
PBI,2024-09-13,17,4,4,6,10,66.67,66.67,50.0,42.67,14.67,3.7,46.17,2.9,2.91,8.1,26.2
PBI,2024-09-13,18,6,5,8,13,50.0,50.0,76.92,27.38,11.63,0.93,27.88,12.85,3.38,12.77,14.46
PBI,2024-09-13,19,4,2,10,3,70.0,70.0,100.0,11.8,15.1,3.13,14.5,0.0,0.17,0.0,0.0
PBI,2024-09-13,20,2,4,3,4,100.0,100.0,75.0,0.0,14.33,3.5,0.0,5.5,1.02,6.75,7.5
PBI,2024-09-13,21,1,1,1,3,100.0,100.0,0.0,0.0,11.0,0.0,0.0,4.67,0.57,6.0,35.0
PBI,2024-09-13,22,0,4,2,5,50.0,50.0,80.0,17.0,12.0,0.8,17.5,3.6,0.58,1.6,9.4
PBI,2024-09-13,23,0,4,0,4,0.0,0.0,75.0,0.0,0.0,0.0,0.0,1.75,2.75,0.0,19.5
PBI,2024-09-14,0,0,1,0,2,0.0,0.0,50.0,0.0,0.0,0.0,0.0,0.0,0.3,0.0,21.0
PBI,2024-09-14,1,0,0,0,0,0.0,0.0,0.0,0.0,0.0,0.0,0.0,0.0,0.0,0.0,0.0
PBI,2024-09-14,5,0,0,0,0,0.0,0.0,0.0,0.0,0.0,0.0,0.0,0.0,0.0,0.0,0.0
PBI,2024-09-14,6,7,0,7,2,85.71,85.71,100.0,3.57,11.57,1.5,3.86,0.5,0.7,3.0,4.0
PBI,2024-09-14,7,5,1,6,3,83.33,83.33,100.0,3.5,11.5,0.27,3.67,0.0,1.2,0.67,0.33
PBI,2024-09-14,8,2,0,5,1,80.0,80.0,0.0,3.8,12.2,0.84,4.4,2.0,1.2,5.0,62.0
PBI,2024-09-14,9,1,1,4,1,50.0,50.0,100.0,29.25,11.75,1.27,29.0,2.0,0.6,0.0,0.0
PBI,2024-09-14,10,2,8,4,8,75.0,75.0,100.0,8.75,13.25,2.48,11.0,0.63,0.96,0.5,0.0
PBI,2024-09-14,11,8,4,12,6,75.0,75.0,66.67,8.33,12.5,2.22,9.92,1.67,0.65,4.17,15.17
PBI,2024-09-14,12,2,4,6,6,50.0,50.0,83.33,18.83,11.17,0.4,19.0,1.67,0.9,3.0,23.0
PBI,2024-09-14,13,4,5,6,9,66.67,66.67,66.67,26.5,13.0,1.6,27.67,3.56,2.06,5.22,13.89
PBI,2024-09-14,14,6,5,18,8,66.67,66.67,75.0,8.78,13.11,2.19,10.28,5.88,2.09,5.63,11.25
PBI,2024-09-14,15,4,4,5,8,80.0,80.0,62.5,3.8,12.0,1.76,5.2,4.0,1.96,4.5,18.0
PBI,2024-09-14,16,3,4,3,8,100.0,100.0,62.5,1.0,11.33,0.7,1.33,5.75,2.15,6.75,23.13
PBI,2024-09-14,17,4,3,7,5,71.43,71.43,60.0,8.0,13.29,2.63,10.0,4.2,1.66,3.4,10.8
PBI,2024-09-14,18,3,5,3,7,100.0,100.0,71.43,0.0,11.33,0.7,0.0,8.43,2.06,4.86,7.86
PBI,2024-09-14,19,3,3,5,6,80.0,80.0,50.0,5.6,14.0,1.88,7.4,7.67,0.2,9.0,22.17
PBI,2024-09-14,20,2,3,2,5,100.0,100.0,40.0,0.0,14.0,3.75,0.0,1.0,0.18,3.2,35.0
PBI,2024-09-14,21,1,1,1,1,100.0,100.0,100.0,0.0,11.0,0.0,0.0,6.0,1.6,5.0,2.0
PBI,2024-09-14,22,0,2,0,3,0.0,0.0,66.67,0.0,0.0,0.0,0.0,6.0,0.57,8.0,5.33
PBI,2024-09-14,23,0,3,1,6,100.0,100.0,83.33,0.0,11.0,0.0,0.0,1.17,0.35,0.83,4.67
PBI,2024-09-15,0,0,2,0,1,0.0,0.0,100.0,0.0,0.0,0.0,0.0,0.0,0.0,0.0,0.0
PBI,2024-09-15,1,0,0,0,0,0.0,0.0,0.0,0.0,0.0,0.0,0.0,0.0,0.0,0.0,0.0
PBI,2024-09-15,6,6,0,8,0,62.5,50.0,0.0,11.63,14.75,3.55,13.38,0.0,0.0,0.0,0.0
PBI,2024-09-15,7,5,1,7,1,85.71,85.71,100.0,6.86,13.71,2.1,7.29,0.0,0.2,0.0,0.0
PBI,2024-09-15,8,3,1,6,1,66.67,66.67,100.0,10.0,11.67,0.93,11.0,0.0,0.0,0.0,0.0
PBI,2024-09-15,9,1,3,6,5,33.33,33.33,80.0,21.5,11.0,0.65,21.5,2.2,0.7,3.6,6.2
PBI,2024-09-15,10,5,6,9,9,77.78,77.78,88.89,3.89,12.67,2.19,4.67,1.44,0.96,3.11,6.89
PBI,2024-09-15,11,8,7,14,15,64.29,57.14,60.0,10.43,15.14,4.44,14.64,2.8,0.44,6.13,30.47
PBI,2024-09-15,12,4,4,10,8,60.0,60.0,75.0,11.3,15.2,3.75,14.2,7.25,1.01,8.13,13.25
PBI,2024-09-15,13,4,5,8,6,75.0,62.5,50.0,6.75,19.5,8.45,13.25,3.5,2.65,6.5,18.5
PBI,2024-09-15,14,7,5,9,11,88.89,77.78,63.64,4.78,17.89,6.49,9.11,4.36,3.64,8.18,7.82
PBI,2024-09-15,15,3,2,7,4,57.14,57.14,25.0,38.43,13.43,1.67,39.57,11.25,0.0,12.5,29.75
PBI,2024-09-15,16,2,5,4,10,50.0,50.0,60.0,16.5,11.5,0.7,16.5,4.4,0.38,5.8,23.8
PBI,2024-09-15,17,5,4,7,6,71.43,71.43,100.0,14.57,11.43,1.34,15.0,1.67,1.68,2.0,1.83
PBI,2024-09-15,18,5,7,7,10,85.71,71.43,80.0,6.43,14.0,3.16,9.0,1.9,0.67,2.5,9.0
PBI,2024-09-15,19,6,2,6,5,83.33,83.33,80.0,4.0,13.33,1.63,4.67,1.2,0.58,3.8,6.0
PBI,2024-09-15,20,2,4,3,7,66.67,66.67,57.14,8.0,13.33,2.77,9.0,2.86,1.03,5.43,30.43
PBI,2024-09-15,21,1,0,1,1,100.0,100.0,0.0,0.0,11.0,0.0,0.0,1.0,1.2,6.0,112.0
PBI,2024-09-15,22,0,4,0,4,0.0,0.0,100.0,0.0,0.0,0.0,0.0,3.25,2.53,6.25,7.5
PBI,2024-09-15,23,0,5,0,5,0.0,0.0,80.0,0.0,0.0,0.0,0.0,0.6,1.24,0.4,6.4
PBI,2024-09-16,0,0,2,0,2,0.0,0.0,100.0,0.0,0.0,0.0,0.0,0.0,1.95,2.0,5.5
PBI,2024-09-16,1,0,0,0,0,0.0,0.0,0.0,0.0,0.0,0.0,0.0,0.0,0.0,0.0,0.0
PBI,2024-09-16,5,0,0,2,0,50.0,50.0,0.0,12.5,10.5,0.0,12.0,0.0,0.0,0.0,0.0
PBI,2024-09-16,6,7,0,8,1,87.5,87.5,0.0,2.25,12.25,1.49,2.5,0.0,1.2,2.0,75.0
PBI,2024-09-16,7,5,1,7,0,71.43,71.43,0.0,8.29,13.0,1.63,9.14,0.0,0.0,0.0,0.0
PBI,2024-09-16,8,2,1,4,2,50.0,50.0,100.0,22.5,15.0,3.35,26.0,0.5,0.75,2.5,1.5
PBI,2024-09-16,9,1,4,3,6,66.67,66.67,83.33,6.33,14.33,3.23,9.33,5.33,0.97,4.67,11.67
PBI,2024-09-16,10,6,5,8,7,62.5,62.5,85.71,10.13,13.63,2.74,11.13,1.29,1.31,4.14,5.86
PBI,2024-09-16,11,8,8,10,10,70.0,70.0,80.0,10.2,13.4,2.26,11.3,4.4,1.04,7.1,19.9
PBI,2024-09-16,12,5,4,11,6,72.73,72.73,50.0,21.36,15.45,4.03,25.09,3.67,1.27,3.5,38.83
PBI,2024-09-16,13,3,6,7,10,42.86,42.86,60.0,32.71,14.14,2.51,34.43,3.9,1.27,8.2,21.2
PBI,2024-09-16,14,7,5,8,9,75.0,75.0,66.67,12.0,14.25,3.14,13.38,4.11,0.93,5.0,11.0
PBI,2024-09-16,15,4,3,8,8,75.0,75.0,62.5,8.13,12.25,0.93,8.63,4.0,0.9,5.75,14.38
PBI,2024-09-16,16,2,4,2,7,100.0,100.0,71.43,2.0,12.5,0.25,2.0,9.43,2.71,12.14,44.43
PBI,2024-09-16,17,4,4,5,8,60.0,60.0,37.5,190.8,14.8,4.08,194.2,17.0,1.34,22.5,20.0
PBI,2024-09-16,18,6,5,7,8,28.57,28.57,75.0,21.43,12.14,1.47,22.57,8.13,0.78,10.75,8.5
PBI,2024-09-16,19,4,2,5,5,100.0,100.0,0.0,0.4,13.8,1.92,2.2,9.6,1.44,22.4,37.8
PBI,2024-09-16,20,2,4,4,3,50.0,50.0,100.0,12.25,10.75,1.05,12.25,0.33,1.13,0.0,2.67
PBI,2024-09-16,21,1,1,2,1,50.0,50.0,0.0,11.0,10.0,0.0,11.0,0.0,0.0,24.0,23.0
PBI,2024-09-16,22,0,4,1,4,0.0,0.0,75.0,46.0,8.0,0.0,43.0,4.5,2.17,15.0,11.0
PBI,2024-09-16,23,0,4,0,5,0.0,0.0,0.0,0.0,0.0,0.0,0.0,0.4,2.64,9.6,60.8
PBI,2024-09-17,0,0,2,0,2,0.0,0.0,100.0,0.0,0.0,0.0,0.0,0.0,0.15,8.5,5.5
PBI,2024-09-17,1,0,0,1,0,0.0,0.0,0.0,35.0,11.0,0.0,35.0,0.0,0.0,0.0,0.0
PBI,2024-09-17,2,0,0,0,1,0.0,0.0,0.0,0.0,0.0,0.0,0.0,2.0,1.2,9.0,45.0
PBI,2024-09-17,5,0,0,1,0,100.0,100.0,0.0,0.0,11.0,0.0,0.0,0.0,0.0,0.0,0.0
PBI,2024-09-17,6,6,0,6,3,100.0,100.0,66.67,0.0,14.0,2.75,1.83,1.0,2.2,2.0,14.33
PBI,2024-09-17,7,6,0,10,0,80.0,80.0,0.0,6.6,11.2,0.95,6.7,0.0,0.0,0.0,0.0
PBI,2024-09-17,8,1,1,4,2,50.0,50.0,50.0,17.0,12.25,0.7,17.5,5.5,0.6,9.5,16.0
PBI,2024-09-17,9,0,1,4,2,0.0,0.0,50.0,24.75,11.0,0.0,24.75,5.0,0.6,6.0,9.5
PBI,2024-09-17,10,3,5,6,11,83.33,83.33,54.55,5.83,11.17,0.25,5.83,4.09,0.34,5.18,22.27
PBI,2024-09-17,11,6,5,8,7,87.5,87.5,57.14,4.75,11.5,0.98,4.0,3.0,1.27,6.43,11.43
PBI,2024-09-17,12,4,3,12,7,41.67,41.67,42.86,18.67,11.5,0.58,19.17,2.43,1.4,3.29,22.86
PBI,2024-09-17,13,4,6,9,8,77.78,77.78,87.5,5.56,13.11,2.24,7.22,3.38,1.26,4.0,4.63
PBI,2024-09-17,14,6,4,8,6,87.5,75.0,83.33,4.13,15.88,5.25,7.13,3.0,1.67,3.33,5.0
PBI,2024-09-17,15,3,3,4,6,100.0,75.0,83.33,2.75,16.75,5.23,6.5,2.5,1.3,2.5,7.33
PBI,2024-09-17,16,2,5,3,9,66.67,66.67,55.56,10.67,18.67,6.77,14.67,3.67,1.36,5.89,21.44
PBI,2024-09-17,17,4,2,8,5,50.0,50.0,60.0,44.5,12.75,2.13,45.5,3.2,1.64,6.0,16.8
PBI,2024-09-17,18,5,5,5,8,100.0,100.0,75.0,0.0,12.8,0.82,0.0,4.13,0.55,4.25,10.25
PBI,2024-09-17,19,3,2,3,8,100.0,100.0,50.0,0.0,10.33,0.0,0.0,9.13,1.56,17.63,22.75
PBI,2024-09-17,20,2,3,2,3,100.0,100.0,33.33,0.5,11.0,1.2,0.0,6.67,1.3,2.67,139.67
PBI,2024-09-17,21,0,1,1,1,100.0,100.0,0.0,0.0,8.0,0.0,0.0,16.0,0.0,14.0,15.0
PBI,2024-09-17,22,0,4,2,6,100.0,100.0,66.67,0.0,11.0,0.0,0.0,9.17,2.68,8.33,39.0
PBI,2024-09-17,23,0,3,1,5,0.0,0.0,80.0,80.0,12.0,0.8,81.0,1.2,1.24,3.0,14.6
PBI,2024-09-18,0,0,2,0,2,0.0,0.0,50.0,0.0,0.0,0.0,0.0,0.0,0.3,2.5,38.0
PBI,2024-09-18,1,0,0,0,0,0.0,0.0,0.0,0.0,0.0,0.0,0.0,0.0,0.0,0.0,0.0
PBI,2024-09-18,2,0,0,0,0,0.0,0.0,0.0,0.0,0.0,0.0,0.0,0.0,0.0,0.0,0.0
PBI,2024-09-18,5,0,0,0,0,0.0,0.0,0.0,0.0,0.0,0.0,0.0,0.0,0.0,0.0,0.0
PBI,2024-09-18,6,6,0,9,2,88.89,88.89,50.0,2.33,13.44,2.16,3.11,0.0,1.1,0.0,13.5
PBI,2024-09-18,7,6,0,10,0,90.0,90.0,0.0,2.8,12.2,1.81,4.0,0.0,0.0,0.0,0.0
PBI,2024-09-18,8,1,1,4,1,50.0,50.0,100.0,29.25,15.75,3.95,33.25,0.0,0.0,0.0,0.0
PBI,2024-09-18,9,1,1,9,4,44.44,44.44,50.0,22.89,13.33,2.21,24.89,4.25,1.05,7.0,8.5
PBI,2024-09-18,10,3,5,7,11,57.14,57.14,54.55,10.14,11.86,0.97,11.14,1.73,0.48,5.45,14.73
PBI,2024-09-18,11,6,6,11,9,72.73,72.73,66.67,13.27,14.0,2.93,15.64,3.22,0.8,6.78,38.11
PBI,2024-09-18,12,4,3,10,6,50.0,50.0,83.33,17.5,12.2,1.34,18.4,5.17,1.67,6.17,17.83
PBI,2024-09-18,13,4,6,6,10,83.33,66.67,80.0,6.17,14.5,4.1,10.33,3.1,0.83,3.1,10.2
PBI,2024-09-18,14,6,4,8,5,87.5,87.5,100.0,3.63,16.25,4.71,5.38,3.2,1.84,2.6,0.0
PBI,2024-09-18,15,3,3,6,6,50.0,50.0,33.33,26.33,13.83,1.88,27.33,4.17,0.7,7.33,45.33
PBI,2024-09-18,16,2,5,3,7,33.33,33.33,85.71,67.0,12.33,1.63,66.0,2.14,0.09,4.14,4.71
PBI,2024-09-18,17,4,2,5,5,60.0,60.0,40.0,71.8,12.8,2.26,73.2,10.6,3.44,13.8,53.6
PBI,2024-09-18,18,5,6,6,10,0.0,0.0,10.0,74.17,13.0,1.52,75.17,25.7,17.86,37.1,47.3
PBI,2024-09-18,19,4,2,4,4,25.0,25.0,50.0,33.75,12.5,0.3,33.0,18.0,4.18,22.75,23.5
PBI,2024-09-18,20,2,3,3,8,100.0,100.0,62.5,3.33,12.0,1.43,4.67,7.75,2.92,9.5,16.0
PBI,2024-09-18,21,0,1,3,2,100.0,100.0,100.0,0.33,16.33,5.13,5.67,2.5,1.1,4.5,4.0
PBI,2024-09-18,22,0,4,1,4,100.0,100.0,75.0,0.0,11.0,0.0,0.0,8.0,2.92,8.75,11.0
PBI,2024-09-18,23,0,3,0,3,0.0,0.0,100.0,0.0,0.0,0.0,0.0,7.67,0.93,0.0,0.0
PBI,2024-09-19,0,0,2,0,2,0.0,0.0,100.0,0.0,0.0,0.0,0.0,0.0,0.0,0.0,0.0
PBI,2024-09-19,5,0,0,0,1,0.0,0.0,0.0,0.0,0.0,0.0,0.0,3.0,0.0,3.0,76.0
PBI,2024-09-19,6,7,0,9,2,66.67,66.67,100.0,11.0,12.67,2.29,11.11,0.0,2.7,0.0,0.0
PBI,2024-09-19,7,5,0,7,0,85.71,85.71,0.0,2.43,12.29,1.29,2.71,0.0,0.0,0.0,0.0
PBI,2024-09-19,8,1,1,6,3,16.67,16.67,66.67,34.17,13.17,1.83,36.17,1.67,0.8,7.67,13.33
PBI,2024-09-19,9,1,3,5,8,100.0,100.0,62.5,0.0,18.0,6.9,5.2,4.0,0.98,6.13,23.0
PBI,2024-09-19,10,5,6,16,8,56.25,56.25,87.5,11.88,13.63,2.68,13.5,1.25,1.1,2.25,2.75
PBI,2024-09-19,11,8,7,16,7,81.25,68.75,85.71,5.94,14.38,3.28,8.56,0.0,1.4,4.43,14.71
PBI,2024-09-19,12,4,3,9,5,55.56,55.56,100.0,15.89,12.22,0.72,16.67,4.4,2.28,7.6,1.6
PBI,2024-09-19,13,3,5,8,9,62.5,50.0,66.67,16.38,14.25,3.65,19.63,3.11,1.39,6.22,13.33
PBI,2024-09-19,14,6,5,7,7,100.0,85.71,85.71,0.0,22.86,11.61,10.0,5.0,2.37,4.0,12.0
PBI,2024-09-19,15,4,3,9,9,88.89,88.89,44.44,3.89,13.56,2.12,5.44,4.78,0.86,5.44,23.44
PBI,2024-09-19,16,2,4,2,6,50.0,50.0,66.67,68.0,12.0,0.2,68.0,2.5,20.92,21.0,25.5
PBI,2024-09-19,17,4,4,5,6,40.0,40.0,66.67,40.0,13.2,2.48,41.8,12.33,9.67,23.67,27.67
PBI,2024-09-19,18,6,6,6,10,33.33,33.33,20.0,45.83,15.33,4.15,49.67,5.1,25.26,23.9,36.1
PBI,2024-09-19,19,5,2,6,5,0.0,0.0,80.0,34.0,15.67,3.37,36.83,4.0,8.58,7.2,8.4
PBI,2024-09-19,20,2,3,5,3,80.0,80.0,100.0,9.4,15.2,4.62,12.0,1.67,1.47,1.33,1.67
PBI,2024-09-19,21,0,1,1,3,100.0,100.0,66.67,0.0,10.0,0.0,0.0,1.67,0.97,4.67,26.33
PBI,2024-09-19,22,0,4,1,7,100.0,100.0,28.57,0.0,9.0,0.0,0.0,30.43,1.34,31.29,72.29
PBI,2024-09-19,23,0,4,0,4,0.0,0.0,75.0,0.0,0.0,0.0,0.0,0.0,3.0,3.0,7.5
PBI,2024-09-20,0,0,2,0,2,0.0,0.0,100.0,0.0,0.0,0.0,0.0,0.0,7.8,9.5,2.0
PBI,2024-09-20,1,0,0,0,1,0.0,0.0,100.0,0.0,0.0,0.0,0.0,2.0,1.2,6.0,0.0
PBI,2024-09-20,6,7,0,8,2,87.5,87.5,50.0,2.75,13.0,2.11,3.13,2.0,2.7,5.5,12.5
PBI,2024-09-20,7,5,0,9,0,66.67,66.67,0.0,10.67,12.11,1.1,10.89,0.0,0.0,0.0,0.0
PBI,2024-09-20,8,1,1,5,3,20.0,20.0,33.33,47.2,13.4,1.72,49.0,1.67,0.8,5.33,24.67
PBI,2024-09-20,9,1,4,3,8,33.33,33.33,62.5,17.33,13.33,2.23,19.33,3.5,1.11,5.88,30.63
PBI,2024-09-20,10,6,5,12,9,66.67,66.67,77.78,13.67,14.58,3.52,16.25,1.44,1.54,2.11,7.78
PBI,2024-09-20,11,8,7,15,11,73.33,73.33,100.0,8.53,14.0,3.07,10.13,0.91,1.24,3.73,1.91
PBI,2024-09-20,12,4,5,10,7,60.0,50.0,85.71,18.4,13.1,1.74,20.2,0.71,1.4,2.29,8.0
PBI,2024-09-20,13,4,6,5,7,80.0,80.0,71.43,7.0,13.4,1.6,7.8,1.29,1.07,4.43,9.0
PBI,2024-09-20,14,7,5,13,8,38.46,30.77,75.0,61.08,15.54,4.25,64.46,5.5,8.28,14.88,15.63
PBI,2024-09-20,15,4,3,7,8,14.29,14.29,50.0,33.14,17.14,6.13,37.57,5.0,1.28,7.5,29.5
PBI,2024-09-20,16,2,4,4,12,75.0,75.0,33.33,7.0,13.5,2.48,7.25,3.25,0.83,7.75,30.25
PBI,2024-09-20,17,4,4,4,7,75.0,75.0,57.14,10.75,15.5,5.15,13.0,1.86,1.21,4.0,19.86
PBI,2024-09-20,18,6,5,7,7,85.71,85.71,85.71,6.14,17.29,6.07,11.43,1.29,1.49,2.43,10.71
PBI,2024-09-20,19,4,2,4,4,75.0,75.0,50.0,10.25,14.5,2.85,12.25,1.5,1.25,3.0,44.5
PBI,2024-09-20,20,2,3,2,4,100.0,100.0,100.0,0.0,10.5,0.7,0.0,24.25,2.65,25.0,0.0
PBI,2024-09-20,21,0,1,2,6,100.0,100.0,33.33,0.0,11.0,0.0,0.0,2.33,0.88,4.5,18.33
PBI,2024-09-20,22,0,4,3,5,100.0,100.0,80.0,0.0,14.0,2.8,0.67,4.0,0.98,3.0,4.6
PBI,2024-09-20,23,0,4,0,4,0.0,0.0,100.0,0.0,0.0,0.0,0.0,0.0,1.0,0.0,4.25
PBI,2024-09-21,0,0,1,0,2,0.0,0.0,100.0,0.0,0.0,0.0,0.0,0.0,0.3,0.0,0.0
PBI,2024-09-21,1,0,0,0,2,0.0,0.0,100.0,0.0,0.0,0.0,0.0,0.5,0.2,2.0,2.5
PBI,2024-09-21,2,0,0,0,0,0.0,0.0,0.0,0.0,0.0,0.0,0.0,0.0,0.0,0.0,0.0
PBI,2024-09-21,4,0,0,0,1,0.0,0.0,100.0,0.0,0.0,0.0,0.0,0.0,2.2,0.0,12.0
PBI,2024-09-21,5,0,0,0,0,0.0,0.0,0.0,0.0,0.0,0.0,0.0,0.0,0.0,0.0,0.0
PBI,2024-09-21,6,7,0,9,2,88.89,88.89,50.0,2.78,13.22,2.19,2.78,1.5,0.2,3.0,16.0
PBI,2024-09-21,7,5,0,5,1,80.0,80.0,100.0,4.0,11.4,0.28,3.8,0.0,0.0,0.0,6.0
PBI,2024-09-21,8,1,0,6,0,50.0,50.0,0.0,12.33,12.5,1.5,14.0,0.0,0.0,0.0,0.0
PBI,2024-09-21,9,1,1,3,2,66.67,66.67,100.0,8.67,12.67,1.63,9.33,4.5,0.1,3.5,0.0
PBI,2024-09-21,10,2,8,7,9,57.14,57.14,88.89,9.29,13.71,2.24,11.43,0.56,0.73,1.67,4.67
PBI,2024-09-21,11,8,4,9,5,88.89,88.89,100.0,8.56,13.11,2.11,9.22,0.8,1.46,0.0,0.0
PBI,2024-09-21,12,2,4,3,14,66.67,66.67,42.86,6.67,11.0,0.13,6.67,4.43,1.11,6.57,24.29
PBI,2024-09-21,13,4,5,11,7,45.45,45.45,100.0,22.45,12.73,1.53,23.91,0.43,0.64,1.0,0.0
PBI,2024-09-21,14,6,5,7,11,85.71,85.71,63.64,7.14,12.86,1.74,7.29,2.73,0.65,5.0,15.0
PBI,2024-09-21,15,4,4,7,5,85.71,85.71,80.0,6.0,12.86,1.61,6.86,43.6,1.08,46.0,43.4
PBI,2024-09-21,16,3,4,5,8,60.0,60.0,75.0,53.2,13.0,1.9,53.4,1.88,0.66,5.63,21.38
PBI,2024-09-21,17,4,3,5,10,80.0,80.0,80.0,4.2,12.4,1.72,4.2,3.3,1.03,4.5,8.5
PBI,2024-09-21,18,3,5,3,7,100.0,100.0,100.0,0.0,13.67,1.87,0.0,4.57,0.63,4.57,1.14
PBI,2024-09-21,19,3,3,6,3,83.33,83.33,100.0,3.83,12.17,0.6,4.5,5.0,1.2,1.67,0.0
PBI,2024-09-21,20,2,2,2,4,100.0,100.0,100.0,0.0,15.0,4.75,0.0,1.5,1.18,3.5,4.75
PBI,2024-09-21,21,0,1,2,2,100.0,100.0,100.0,0.0,21.5,9.9,4.0,3.0,0.9,4.5,0.0
PBI,2024-09-21,22,0,2,1,2,100.0,100.0,100.0,0.0,12.0,0.8,1.0,0.0,2.25,0.0,0.0
PBI,2024-09-21,23,0,3,0,3,0.0,0.0,33.33,0.0,0.0,0.0,0.0,0.0,0.83,4.0,19.33
PBI,2024-09-22,0,0,2,0,1,0.0,0.0,100.0,0.0,0.0,0.0,0.0,0.0,0.0,0.0,0.0
PBI,2024-09-22,2,0,0,0,1,0.0,0.0,0.0,0.0,0.0,0.0,0.0,0.0,4.2,0.0,24.0
PBI,2024-09-22,3,0,0,0,0,0.0,0.0,0.0,0.0,0.0,0.0,0.0,0.0,0.0,0.0,0.0
PBI,2024-09-22,5,0,0,2,0,50.0,50.0,0.0,24.5,14.0,2.8,27.5,0.0,0.0,0.0,0.0
PBI,2024-09-22,6,6,0,7,0,100.0,100.0,0.0,0.43,13.43,2.43,2.29,0.0,0.0,0.0,0.0
PBI,2024-09-22,7,5,0,8,1,62.5,62.5,0.0,9.63,13.5,2.11,11.38,0.0,1.2,6.0,24.0
PBI,2024-09-22,8,2,1,10,1,60.0,60.0,100.0,9.4,12.5,1.58,11.1,1.0,0.0,0.0,0.0
PBI,2024-09-22,9,1,3,8,4,75.0,37.5,75.0,26.38,18.88,7.76,34.25,2.25,1.57,3.25,6.0
PBI,2024-09-22,10,5,6,10,8,50.0,50.0,87.5,11.9,14.8,3.6,14.1,1.25,1.22,2.38,2.38
PBI,2024-09-22,11,8,7,12,9,83.33,83.33,88.89,16.67,13.42,2.12,17.83,0.56,0.31,1.0,5.11
PBI,2024-09-22,12,4,4,10,13,50.0,50.0,69.23,32.4,14.1,2.98,35.4,3.62,1.33,6.62,17.15
PBI,2024-09-22,13,4,4,8,7,75.0,62.5,100.0,10.38,17.75,6.5,16.5,0.57,0.73,1.57,1.43
PBI,2024-09-22,14,6,5,10,10,80.0,70.0,80.0,11.0,13.6,2.89,12.6,2.0,1.56,4.2,9.3
PBI,2024-09-22,15,3,2,10,5,100.0,100.0,80.0,0.1,13.5,2.06,1.7,3.4,1.1,4.2,12.4
PBI,2024-09-22,16,2,5,3,10,66.67,66.67,80.0,14.33,13.33,1.43,15.33,4.0,1.37,4.3,20.0
PBI,2024-09-22,17,5,4,10,6,70.0,70.0,83.33,11.1,13.8,2.96,13.0,4.83,1.55,5.67,38.67
PBI,2024-09-22,18,5,7,8,14,75.0,75.0,64.29,7.63,12.75,1.77,8.5,3.29,1.32,3.29,10.93
PBI,2024-09-22,19,6,2,7,9,85.71,85.71,55.56,23.86,13.71,2.23,24.57,2.78,0.74,8.33,24.67
PBI,2024-09-22,20,2,3,3,6,66.67,66.67,50.0,61.33,15.0,5.07,65.33,2.17,0.4,3.0,32.17
PBI,2024-09-22,21,0,0,1,1,0.0,0.0,0.0,50.0,12.0,0.8,51.0,0.0,0.2,3.0,56.0
PBI,2024-09-22,22,0,4,0,5,0.0,0.0,80.0,0.0,0.0,0.0,0.0,1.2,0.26,2.0,5.4
PBI,2024-09-22,23,0,5,0,5,0.0,0.0,80.0,0.0,0.0,0.0,0.0,0.0,1.1,0.0,4.0
PBI,2024-09-23,0,0,2,0,3,0.0,0.0,100.0,0.0,0.0,0.0,0.0,0.0,0.6,0.0,2.0
PBI,2024-09-23,2,0,0,0,1,0.0,0.0,0.0,0.0,0.0,0.0,0.0,5.0,0.2,11.0,78.0
PBI,2024-09-23,3,0,0,0,0,0.0,0.0,0.0,0.0,0.0,0.0,0.0,0.0,0.0,0.0,0.0
PBI,2024-09-23,6,7,0,8,0,87.5,87.5,0.0,4.38,14.75,4.01,6.63,0.0,0.0,0.0,0.0
PBI,2024-09-23,7,5,0,12,0,58.33,58.33,0.0,10.33,12.58,1.26,11.5,0.0,0.0,0.0,0.0
PBI,2024-09-23,8,1,1,3,2,33.33,33.33,50.0,15.67,12.33,1.2,17.0,3.0,0.75,5.5,26.5
PBI,2024-09-23,9,1,4,3,4,33.33,33.33,100.0,45.33,11.0,0.27,45.33,0.5,1.63,0.0,0.0
PBI,2024-09-23,10,6,5,8,11,100.0,100.0,81.82,0.0,12.88,2.23,1.25,2.45,1.42,4.27,9.0
PBI,2024-09-23,11,8,8,10,9,90.0,90.0,100.0,4.8,11.9,1.34,4.8,0.89,0.21,0.78,1.33
PBI,2024-09-23,12,5,4,6,7,83.33,83.33,85.71,8.0,11.5,0.63,8.5,1.29,1.8,2.71,9.29
PBI,2024-09-23,13,3,5,8,12,50.0,50.0,58.33,14.25,11.63,0.7,15.0,4.83,0.96,4.5,26.58
PBI,2024-09-23,14,6,5,14,10,50.0,42.86,70.0,59.43,15.79,4.79,63.57,4.1,0.4,4.2,17.3
PBI,2024-09-23,15,4,3,6,8,66.67,66.67,62.5,30.67,14.17,2.68,31.83,2.5,0.27,2.88,13.88
PBI,2024-09-23,16,2,4,4,11,75.0,50.0,63.64,12.75,17.0,5.28,18.0,2.82,0.84,3.64,17.09
PBI,2024-09-23,17,4,4,6,6,100.0,100.0,83.33,4.5,13.33,2.73,6.5,1.0,0.5,1.67,3.33
PBI,2024-09-23,18,6,5,7,6,71.43,71.43,66.67,5.86,13.43,3.13,8.43,3.67,0.6,3.5,14.33
PBI,2024-09-23,19,4,2,7,3,71.43,71.43,100.0,10.14,14.14,2.46,11.57,1.67,0.53,3.0,2.67
PBI,2024-09-23,20,2,3,2,4,100.0,100.0,75.0,0.0,13.5,3.25,0.0,4.5,0.18,3.75,16.25
PBI,2024-09-23,21,0,1,1,2,100.0,100.0,100.0,0.0,11.0,0.0,0.0,2.0,0.35,3.0,0.0
PBI,2024-09-23,22,0,4,1,8,100.0,100.0,75.0,0.0,14.0,2.8,0.0,1.5,0.31,1.63,26.25
PBI,2024-09-23,23,0,4,0,4,0.0,0.0,75.0,0.0,0.0,0.0,0.0,0.0,1.0,0.0,7.75
PBI,2024-09-24,0,0,2,0,3,0.0,0.0,100.0,0.0,0.0,0.0,0.0,0.33,0.07,1.0,3.67
PBI,2024-09-24,6,6,0,8,2,75.0,75.0,0.0,10.88,13.38,2.22,11.75,0.0,0.1,2.5,67.0
PBI,2024-09-24,7,6,0,9,1,66.67,66.67,100.0,11.56,13.11,1.74,12.0,8.0,0.2,11.0,0.0
PBI,2024-09-24,8,1,1,5,1,60.0,60.0,100.0,9.6,16.6,4.92,14.4,0.0,0.0,0.0,0.0
PBI,2024-09-24,9,0,1,3,1,100.0,100.0,100.0,4.33,15.33,4.13,8.67,2.0,2.6,0.0,0.0
PBI,2024-09-24,10,3,5,3,9,100.0,100.0,77.78,0.0,15.33,4.83,0.67,6.44,0.81,6.78,8.78
PBI,2024-09-24,11,6,5,10,10,60.0,60.0,70.0,13.9,13.2,1.87,15.1,5.7,1.4,6.7,9.2
PBI,2024-09-24,12,4,3,7,8,71.43,71.43,50.0,10.43,12.14,1.64,12.0,1.88,0.85,4.25,20.88
PBI,2024-09-24,13,4,6,10,9,40.0,50.0,77.78,16.2,11.8,1.5,16.8,1.33,1.8,1.11,11.11
PBI,2024-09-24,14,6,4,14,8,78.57,78.57,87.5,7.14,14.43,3.28,9.5,0.5,1.88,1.0,3.88
PBI,2024-09-24,15,3,3,5,7,80.0,80.0,57.14,3.4,12.0,0.76,4.2,2.29,0.3,5.14,8.0
PBI,2024-09-24,16,2,5,4,11,100.0,100.0,63.64,0.0,13.5,1.83,0.75,2.91,0.87,3.27,19.73
PBI,2024-09-24,17,4,2,6,5,66.67,66.67,80.0,14.17,13.5,2.85,15.17,0.8,0.64,1.2,7.2
PBI,2024-09-24,18,5,5,5,7,100.0,100.0,85.71,0.0,12.6,1.66,0.0,2.29,0.34,2.14,10.14
PBI,2024-09-24,19,3,2,3,4,100.0,100.0,100.0,0.0,17.33,4.6,0.0,0.25,0.18,0.5,0.0
PBI,2024-09-24,20,2,3,2,5,50.0,50.0,80.0,11.0,9.5,0.2,10.0,1.8,0.14,2.2,13.4
PBI,2024-09-24,21,0,1,0,4,0.0,0.0,75.0,0.0,0.0,0.0,0.0,5.5,0.23,7.0,21.0
PBI,2024-09-24,22,0,4,2,7,100.0,100.0,57.14,0.5,12.0,1.9,2.5,5.57,0.67,9.29,25.57
PBI,2024-09-24,23,0,3,1,3,100.0,100.0,100.0,0.0,11.0,0.0,0.0,0.0,0.6,0.0,1.67
PBI,2024-09-25,0,0,2,0,2,0.0,0.0,100.0,0.0,0.0,0.0,0.0,0.5,0.0,0.0,0.0
PBI,2024-09-25,5,0,0,0,0,0.0,0.0,0.0,0.0,0.0,0.0,0.0,0.0,0.0,0.0,0.0
PBI,2024-09-25,6,6,0,6,3,100.0,100.0,0.0,0.0,13.0,1.87,0.67,2.67,0.13,5.0,26.0
PBI,2024-09-25,7,6,0,10,0,70.0,70.0,0.0,7.7,12.1,1.03,8.2,0.0,0.0,0.0,0.0
PBI,2024-09-25,8,1,1,8,2,50.0,50.0,50.0,15.13,15.25,3.78,18.75,1.0,0.1,3.5,12.5
PBI,2024-09-25,9,1,1,9,4,33.33,33.33,25.0,21.56,12.67,1.76,23.44,4.5,0.55,5.25,22.25
PBI,2024-09-25,10,3,5,11,9,54.55,54.55,55.56,20.0,12.0,0.93,20.82,3.44,0.43,4.67,21.67
PBI,2024-09-25,11,6,6,9,10,66.67,66.67,50.0,15.56,12.11,0.92,15.89,5.4,1.17,8.1,17.6
PBI,2024-09-25,12,4,3,8,5,75.0,75.0,60.0,10.13,11.63,0.83,10.88,7.2,1.84,9.4,19.6
PBI,2024-09-25,13,4,6,10,13,40.0,40.0,30.77,33.3,13.4,2.48,35.4,9.69,9.97,18.62,44.54
PBI,2024-09-25,14,6,4,13,9,23.08,23.08,11.11,32.77,16.38,5.19,37.77,8.0,14.62,24.44,35.89
PBI,2024-09-25,15,3,3,9,4,55.56,55.56,50.0,22.67,15.89,4.21,26.67,13.0,0.13,25.0,22.75
PBI,2024-09-25,16,2,5,6,8,66.67,66.67,50.0,15.33,14.0,2.55,17.5,8.0,0.45,7.75,22.25
PBI,2024-09-25,17,4,2,4,7,50.0,50.0,57.14,33.5,11.25,1.38,34.25,5.57,1.01,9.14,33.57
PBI,2024-09-25,18,5,6,6,10,50.0,33.33,60.0,34.33,15.17,3.93,37.5,10.6,0.68,11.0,16.0
PBI,2024-09-25,19,4,2,6,6,66.67,66.67,66.67,26.33,13.0,1.07,27.33,6.17,0.25,8.5,15.83
PBI,2024-09-25,20,2,3,3,6,66.67,66.67,66.67,28.67,13.33,2.77,29.33,5.33,1.67,3.0,47.83
PBI,2024-09-25,21,0,1,5,5,80.0,80.0,100.0,24.8,13.6,2.12,26.4,3.4,0.96,5.0,2.0
PBI,2024-09-25,22,0,4,2,5,50.0,0.0,60.0,31.0,20.0,8.8,40.0,9.2,2.26,6.0,19.8
PBI,2024-09-25,23,0,3,1,4,100.0,100.0,25.0,0.0,13.0,1.8,2.0,3.0,1.25,8.5,80.0
PBI,2024-09-26,0,0,1,0,2,0.0,0.0,0.0,0.0,0.0,0.0,0.0,9.0,0.0,11.5,23.5
PBI,2024-09-26,1,0,0,0,0,0.0,0.0,0.0,0.0,0.0,0.0,0.0,0.0,0.0,0.0,0.0
PBI,2024-09-26,3,0,0,0,1,0.0,0.0,0.0,0.0,0.0,0.0,0.0,0.0,1.2,0.0,18.0
PBI,2024-09-26,5,0,0,0,0,0.0,0.0,0.0,0.0,0.0,0.0,0.0,0.0,0.0,0.0,0.0
PBI,2024-09-26,6,7,0,8,2,87.5,87.5,100.0,3.88,10.63,0.33,4.0,0.0,0.1,0.0,0.0
PBI,2024-09-26,7,5,0,10,0,70.0,70.0,0.0,8.7,14.6,3.35,11.5,0.0,0.0,0.0,0.0
PBI,2024-09-26,8,1,1,2,3,50.0,50.0,33.33,20.0,13.5,1.1,21.0,13.33,0.77,14.33,27.0
PBI,2024-09-26,9,1,3,3,3,100.0,100.0,66.67,0.0,14.33,3.53,3.67,9.0,1.77,17.0,25.33
PBI,2024-09-26,10,5,6,6,9,66.67,66.67,44.44,42.33,12.67,2.48,43.67,7.33,1.23,19.33,26.89
PBI,2024-09-26,11,8,7,11,7,54.55,45.45,57.14,42.0,13.82,2.75,44.55,4.43,1.83,3.57,16.0
PBI,2024-09-26,12,4,4,4,4,50.0,50.0,75.0,14.75,12.25,1.77,13.75,4.25,0.65,6.0,8.0
PBI,2024-09-26,13,3,4,4,5,75.0,75.0,80.0,29.5,14.5,2.55,31.25,6.2,1.2,8.0,13.0
PBI,2024-09-26,14,6,6,6,8,100.0,83.33,75.0,0.0,17.83,6.02,5.0,4.0,0.58,5.13,19.0
PBI,2024-09-26,15,4,3,5,2,80.0,80.0,0.0,10.2,21.0,9.34,18.4,1.5,1.45,13.0,126.5
PBI,2024-09-26,16,3,5,3,5,33.33,0.0,100.0,323.67,49.67,38.3,361.67,7.6,0.96,5.4,2.8
PBI,2024-09-26,17,5,4,6,6,33.33,33.33,16.67,101.83,12.83,2.33,103.17,20.5,1.8,21.67,76.67
PBI,2024-09-26,18,6,6,6,10,66.67,66.67,40.0,23.33,12.0,1.58,23.17,8.7,0.84,8.5,51.8
PBI,2024-09-26,19,5,2,5,4,20.0,40.0,50.0,69.0,15.0,2.16,70.8,5.5,2.25,6.25,44.0
PBI,2024-09-26,20,2,3,3,4,33.33,33.33,25.0,57.67,12.67,2.4,58.33,2.75,1.0,4.0,93.5
PBI,2024-09-26,21,0,1,1,1,100.0,100.0,100.0,0.0,17.0,5.8,0.0,0.0,0.5,0.0,0.0
PBI,2024-09-26,22,0,4,2,4,100.0,100.0,25.0,0.0,15.0,4.4,4.5,2.75,1.02,3.75,49.0
PBI,2024-09-26,23,0,5,0,6,0.0,0.0,50.0,0.0,0.0,0.0,0.0,0.67,3.15,8.67,23.83
PBI,2024-09-27,0,0,1,1,1,100.0,100.0,100.0,0.0,12.0,0.0,0.0,1.0,0.6,0.0,3.0
PBI,2024-09-27,6,7,0,8,3,100.0,87.5,66.67,0.0,21.0,10.05,9.13,0.0,1.9,5.67,13.33
PBI,2024-09-27,7,5,0,7,1,42.86,28.57,0.0,32.86,20.43,8.7,38.71,0.0,1.2,3.0,35.0
PBI,2024-09-27,8,1,1,6,3,50.0,50.0,66.67,14.33,14.33,2.77,16.33,3.33,0.5,5.33,9.0
PBI,2024-09-27,9,1,4,5,6,40.0,40.0,33.33,14.2,13.8,2.7,17.0,2.83,0.92,3.83,15.83
PBI,2024-09-27,10,6,5,10,8,70.0,70.0,75.0,10.1,14.1,3.12,12.3,1.75,1.96,3.63,28.0
PBI,2024-09-27,11,7,7,12,11,66.67,66.67,54.55,11.08,13.08,2.14,12.92,9.36,1.36,13.09,27.27
PBI,2024-09-27,12,5,6,9,7,66.67,55.56,14.29,11.89,15.44,4.01,16.0,15.86,1.41,27.71,40.0
PBI,2024-09-27,13,5,5,8,11,62.5,50.0,54.55,24.5,14.5,3.55,28.0,9.45,1.53,16.45,31.64
PBI,2024-09-27,14,6,6,14,7,35.71,35.71,42.86,29.0,14.14,2.89,31.86,13.71,0.46,17.14,24.57
PBI,2024-09-27,15,4,3,9,6,88.89,88.89,50.0,4.11,12.78,2.39,5.89,3.83,1.92,12.5,59.5
PBI,2024-09-27,16,3,5,4,8,50.0,25.0,25.0,51.75,13.75,2.42,53.75,7.38,2.04,18.5,25.63
PBI,2024-09-27,17,5,4,6,10,50.0,50.0,40.0,22.0,15.83,5.43,26.83,2.7,2.91,12.0,40.6
PBI,2024-09-27,18,6,5,6,8,83.33,83.33,50.0,22.67,13.0,1.78,23.0,2.75,1.2,9.25,25.38
PBI,2024-09-27,19,4,2,4,3,25.0,25.0,33.33,27.25,12.0,0.0,26.0,0.33,1.5,8.67,31.33
PBI,2024-09-27,20,2,3,2,3,50.0,50.0,66.67,16.5,12.5,2.25,16.5,1.67,0.97,1.33,17.0
PBI,2024-09-27,21,0,1,0,3,0.0,0.0,66.67,0.0,0.0,0.0,0.0,4.0,0.8,6.33,9.67
PBI,2024-09-27,22,0,4,2,5,0.0,0.0,100.0,36.5,8.5,0.0,34.0,1.4,1.54,0.4,2.2
PBI,2024-09-27,23,0,5,0,5,0.0,0.0,60.0,0.0,0.0,0.0,0.0,0.0,1.06,4.4,16.8
PBI,2024-09-28,0,0,1,0,1,0.0,0.0,0.0,0.0,0.0,0.0,0.0,2.0,0.6,0.0,55.0
PBI,2024-09-28,1,0,0,0,0,0.0,0.0,0.0,0.0,0.0,0.0,0.0,0.0,0.0,0.0,0.0
PBI,2024-09-28,5,0,0,2,0,50.0,50.0,0.0,8.5,18.5,7.3,16.0,0.0,0.0,0.0,0.0
PBI,2024-09-28,6,6,0,7,1,85.71,85.71,100.0,2.57,12.43,1.57,2.71,0.0,1.2,0.0,0.0
PBI,2024-09-28,7,6,0,8,2,62.5,62.5,50.0,12.5,11.75,1.0,13.25,2.5,1.2,4.0,13.5
PBI,2024-09-28,8,1,0,6,3,33.33,33.33,33.33,23.67,11.5,0.53,23.83,1.67,1.2,4.67,22.0
PBI,2024-09-28,9,1,1,6,3,50.0,50.0,100.0,15.67,12.33,1.43,17.17,0.67,0.67,1.33,0.0
PBI,2024-09-28,10,2,8,8,13,87.5,87.5,84.62,4.88,12.88,1.96,6.75,1.92,1.17,3.31,7.23
PBI,2024-09-28,11,8,4,13,4,84.62,84.62,100.0,8.92,14.77,3.72,11.46,0.25,0.68,0.0,0.0
PBI,2024-09-28,12,2,5,2,8,100.0,100.0,62.5,0.0,21.5,8.7,3.0,11.25,1.1,28.13,45.13
PBI,2024-09-28,13,4,4,7,8,57.14,57.14,75.0,25.71,13.57,2.06,27.71,1.75,1.4,3.38,26.13
PBI,2024-09-28,14,6,6,7,10,57.14,57.14,70.0,14.86,15.29,3.81,17.43,3.9,0.68,4.8,40.0
PBI,2024-09-28,15,4,5,5,6,80.0,80.0,50.0,49.2,12.0,0.9,49.4,2.0,1.23,1.83,34.5
PBI,2024-09-28,16,4,4,7,8,100.0,100.0,50.0,1.57,13.0,2.1,3.0,3.0,0.9,8.38,19.13
PBI,2024-09-28,17,5,3,6,5,66.67,66.67,20.0,25.33,11.5,1.0,25.83,5.4,1.2,8.6,38.2
PBI,2024-09-28,18,3,5,4,8,50.0,50.0,62.5,15.0,11.0,0.23,15.25,0.63,1.05,7.88,10.63
PBI,2024-09-28,19,3,3,4,4,75.0,75.0,75.0,5.25,14.0,2.55,7.75,1.75,0.83,18.75,28.75
PBI,2024-09-28,20,1,2,1,2,100.0,100.0,50.0,0.0,9.0,0.0,0.0,4.0,0.15,3.5,22.0
PBI,2024-09-28,21,0,1,1,1,100.0,100.0,0.0,0.0,11.0,0.0,0.0,1.0,0.6,4.0,25.0
PBI,2024-09-28,22,0,2,0,2,0.0,0.0,100.0,0.0,0.0,0.0,0.0,3.5,1.75,4.5,0.0
PBI,2024-09-28,23,0,2,2,3,0.0,0.0,0.0,48.5,13.0,1.8,50.5,4.33,0.9,3.67,111.0
PBI,2024-09-29,0,0,1,1,2,100.0,100.0,100.0,0.0,18.0,6.8,7.0,0.0,0.9,4.5,6.5
PBI,2024-09-29,1,0,0,0,0,0.0,0.0,0.0,0.0,0.0,0.0,0.0,0.0,0.0,0.0,0.0
PBI,2024-09-29,3,0,0,0,0,0.0,0.0,0.0,0.0,0.0,0.0,0.0,0.0,0.0,0.0,0.0
PBI,2024-09-29,5,0,0,0,0,0.0,0.0,0.0,0.0,0.0,0.0,0.0,0.0,0.0,0.0,0.0
PBI,2024-09-29,6,6,0,7,0,85.71,85.71,0.0,9.43,12.0,1.27,9.71,0.0,0.0,0.0,0.0
PBI,2024-09-29,7,5,0,8,0,87.5,87.5,0.0,2.88,14.75,3.53,5.38,0.0,0.0,0.0,0.0
PBI,2024-09-29,8,2,1,2,1,50.0,50.0,100.0,22.5,12.0,0.7,23.0,0.0,0.0,0.0,0.0
PBI,2024-09-29,9,1,3,4,3,25.0,25.0,100.0,18.75,11.25,0.73,18.75,0.67,1.7,1.33,0.0
PBI,2024-09-29,10,5,6,8,7,62.5,62.5,57.14,9.25,11.88,1.54,10.13,0.71,0.51,8.71,13.86
PBI,2024-09-29,11,8,7,10,9,50.0,50.0,66.67,21.0,13.1,2.06,22.7,0.89,1.04,4.11,12.22
PBI,2024-09-29,12,4,5,8,15,62.5,62.5,73.33,11.5,12.13,0.96,12.38,2.27,0.87,5.07,17.8
PBI,2024-09-29,13,4,4,6,12,66.67,66.67,50.0,12.5,11.67,1.0,13.0,6.25,1.28,9.58,37.0
PBI,2024-09-29,14,6,5,12,10,50.0,41.67,60.0,31.58,15.5,4.11,35.67,1.2,1.23,5.1,12.6
PBI,2024-09-29,15,3,3,9,11,66.67,66.67,54.55,11.89,13.33,2.06,13.33,5.91,1.11,13.45,22.45
PBI,2024-09-29,16,3,5,7,11,71.43,71.43,72.73,10.43,14.71,3.47,13.71,2.55,1.48,4.55,22.73
PBI,2024-09-29,17,6,4,10,8,80.0,70.0,50.0,18.2,16.7,6.24,22.1,6.38,1.71,8.0,26.5
PBI,2024-09-29,18,5,7,6,16,50.0,50.0,62.5,84.17,11.5,0.83,83.17,3.81,0.93,4.81,48.69
PBI,2024-09-29,19,6,2,9,7,66.67,66.67,57.14,11.0,11.89,0.91,11.11,4.14,2.33,9.43,14.43
PBI,2024-09-29,20,2,3,2,6,100.0,100.0,83.33,0.0,11.5,1.7,0.0,2.5,0.42,3.33,16.67
PBI,2024-09-29,21,0,0,0,0,0.0,0.0,0.0,0.0,0.0,0.0,0.0,0.0,0.0,0.0,0.0
PBI,2024-09-29,22,0,4,0,6,0.0,0.0,66.67,0.0,0.0,0.0,0.0,2.17,0.42,3.83,20.33
PBI,2024-09-29,23,0,6,0,7,0.0,0.0,14.29,0.0,0.0,0.0,0.0,2.14,5.14,6.71,71.71
PBI,2024-09-30,0,0,1,1,1,100.0,100.0,0.0,0.0,11.0,0.0,0.0,0.0,0.0,0.0,44.0
PBI,2024-09-30,1,0,0,0,1,0.0,0.0,100.0,0.0,0.0,0.0,0.0,0.0,0.2,0.0,0.0
PBI,2024-09-30,2,0,0,0,1,0.0,0.0,100.0,0.0,0.0,0.0,0.0,0.0,0.2,0.0,0.0
PBI,2024-09-30,5,0,0,2,0,50.0,50.0,0.0,14.0,12.0,0.9,15.0,0.0,0.0,0.0,0.0
PBI,2024-09-30,6,7,0,8,0,75.0,75.0,0.0,22.25,11.25,0.74,22.38,0.0,0.0,0.0,0.0
PBI,2024-09-30,7,5,0,8,0,75.0,75.0,0.0,7.0,16.38,4.71,9.25,0.0,0.0,0.0,0.0
PBI,2024-09-30,8,1,1,5,1,40.0,40.0,100.0,24.2,11.6,0.36,24.6,0.0,0.0,0.0,0.0
PBI,2024-09-30,9,1,4,7,6,14.29,14.29,83.33,27.29,9.57,0.0,26.14,3.33,0.63,1.83,3.5
PBI,2024-09-30,10,6,5,9,11,88.89,88.89,72.73,2.67,10.67,0.9,2.89,2.91,0.35,5.91,21.91
PBI,2024-09-30,11,8,8,10,13,80.0,80.0,76.92,7.2,12.5,1.36,8.3,1.85,1.92,3.92,11.0
PBI,2024-09-30,12,5,5,7,6,85.71,85.71,66.67,6.29,12.57,1.54,7.57,4.17,0.78,5.33,20.5
PBI,2024-09-30,13,4,4,9,7,66.67,66.67,71.43,13.56,13.11,2.09,15.56,1.86,0.57,1.43,12.71
PBI,2024-09-30,14,5,6,10,19,60.0,60.0,52.63,15.7,13.5,2.01,17.6,3.74,0.45,6.89,23.11
PBI,2024-09-30,15,4,3,8,14,37.5,37.5,50.0,28.38,13.63,2.24,30.5,3.5,0.47,5.71,16.57
PBI,2024-09-30,16,3,5,9,13,66.67,66.67,69.23,12.33,14.56,3.72,15.67,1.77,0.77,4.38,16.31
PBI,2024-09-30,17,5,4,7,9,71.43,57.14,55.56,15.57,15.71,5.26,19.71,1.44,0.86,2.22,27.89
PBI,2024-09-30,18,6,5,6,12,50.0,50.0,50.0,16.83,12.67,1.7,17.5,3.08,0.25,3.67,35.08
PBI,2024-09-30,19,4,2,4,7,75.0,75.0,42.86,12.75,13.75,1.1,13.25,2.43,0.59,5.43,18.71
PBI,2024-09-30,20,2,3,2,4,100.0,100.0,75.0,0.0,11.5,1.25,0.0,0.5,1.15,2.0,6.0
PBI,2024-09-30,21,0,1,3,1,100.0,100.0,100.0,0.0,10.67,0.0,0.0,7.0,0.0,0.0,0.0
PBI,2024-09-30,22,0,4,1,5,100.0,100.0,80.0,0.0,10.0,0.0,0.0,2.2,0.86,2.6,11.4
PBI,2024-09-30,23,0,5,0,5,0.0,0.0,80.0,0.0,0.0,0.0,0.0,0.0,1.2,0.0,8.8
PBI,2024-10-01,0,0,1,0,1,0.0,0.0,0.0,0.0,0.0,0.0,0.0,0.0,11.6,8.0,16.0
PBI,2024-10-01,4,0,0,1,0,0.0,0.0,0.0,17.0,13.0,1.8,19.0,0.0,0.0,0.0,0.0
PBI,2024-10-01,5,0,0,0,0,0.0,0.0,0.0,0.0,0.0,0.0,0.0,0.0,0.0,0.0,0.0
PBI,2024-10-01,6,6,0,11,4,63.64,54.55,75.0,16.27,13.55,2.64,18.82,2.75,1.15,4.5,7.5
PBI,2024-10-01,7,6,0,14,0,71.43,64.29,0.0,9.79,13.93,2.79,12.07,0.0,0.0,0.0,0.0
PBI,2024-10-01,8,1,1,4,2,50.0,50.0,100.0,25.75,13.5,1.7,27.5,5.0,0.1,4.0,0.0
PBI,2024-10-01,9,0,1,7,2,42.86,42.86,100.0,17.14,15.29,4.11,21.43,2.5,0.1,3.0,5.0
PBI,2024-10-01,10,3,5,9,8,66.67,66.67,87.5,8.56,14.0,2.91,9.0,3.63,0.46,3.38,4.25
PBI,2024-10-01,11,6,5,11,8,72.73,72.73,87.5,9.91,12.64,1.65,11.09,2.88,0.64,5.38,13.75
PBI,2024-10-01,12,4,4,8,6,75.0,75.0,66.67,4.25,12.88,1.79,5.75,2.83,2.37,5.67,16.33
PBI,2024-10-01,13,5,5,8,10,75.0,50.0,50.0,8.0,14.5,4.61,12.0,2.8,0.31,4.5,26.2
PBI,2024-10-01,14,6,5,13,11,69.23,61.54,36.36,9.85,13.54,2.45,11.54,4.27,0.51,7.09,35.45
PBI,2024-10-01,15,3,3,5,9,60.0,60.0,33.33,17.6,14.0,2.2,19.6,5.78,0.93,10.33,33.56
PBI,2024-10-01,16,3,5,8,9,62.5,50.0,66.67,12.5,16.88,5.64,16.5,2.56,0.7,4.67,10.22
PBI,2024-10-01,17,5,3,11,10,72.73,72.73,40.0,12.55,13.36,2.86,13.45,4.9,0.25,7.5,33.5
PBI,2024-10-01,18,5,5,6,9,66.67,66.67,66.67,26.33,14.0,2.62,28.5,3.56,0.38,2.0,23.67
PBI,2024-10-01,19,3,2,4,3,75.0,75.0,100.0,12.0,15.25,3.4,13.5,0.0,0.0,0.0,2.0
PBI,2024-10-01,20,2,3,2,4,100.0,100.0,75.0,0.0,14.5,4.25,0.0,0.25,0.27,1.0,11.5
PBI,2024-10-01,21,0,1,1,1,100.0,100.0,100.0,0.0,9.0,0.0,0.0,0.0,0.5,0.0,0.0
PBI,2024-10-01,22,0,5,1,5,100.0,100.0,80.0,0.0,10.0,0.0,0.0,1.0,1.74,0.0,8.2
PBI,2024-10-01,23,0,4,0,4,0.0,0.0,75.0,0.0,0.0,0.0,0.0,2.25,0.45,0.5,7.25
PBI,2024-10-02,0,0,1,0,1,0.0,0.0,100.0,0.0,0.0,0.0,0.0,1.0,1.6,0.0,0.0
PBI,2024-10-02,1,0,0,0,0,0.0,0.0,0.0,0.0,0.0,0.0,0.0,0.0,0.0,0.0,0.0
PBI,2024-10-02,3,0,0,0,0,0.0,0.0,0.0,0.0,0.0,0.0,0.0,0.0,0.0,0.0,0.0
PBI,2024-10-02,6,6,0,9,2,77.78,77.78,50.0,5.22,11.0,0.33,5.33,2.5,3.7,2.5,7.5
PBI,2024-10-02,7,6,0,9,0,55.56,66.67,0.0,10.56,11.78,1.59,11.44,0.0,0.0,0.0,0.0
PBI,2024-10-02,8,1,1,6,3,33.33,33.33,33.33,24.5,13.5,2.17,26.83,3.33,0.13,8.0,18.67
PBI,2024-10-02,9,1,1,3,1,66.67,66.67,100.0,15.0,12.0,0.97,15.33,6.0,0.6,0.0,0.0
PBI,2024-10-02,10,3,6,6,7,66.67,50.0,100.0,8.83,14.5,3.63,12.33,0.71,0.8,3.14,2.29
PBI,2024-10-02,11,7,6,12,10,66.67,66.67,90.0,9.92,14.75,3.47,13.08,2.8,1.8,6.7,8.8
PBI,2024-10-02,12,4,4,8,6,50.0,62.5,100.0,8.25,13.38,2.53,10.63,4.5,1.62,5.0,2.5
PBI,2024-10-02,13,6,5,9,12,100.0,100.0,66.67,0.67,15.44,4.39,2.89,2.67,1.27,4.08,12.83
PBI,2024-10-02,14,5,5,12,11,50.0,41.67,54.55,51.42,15.17,3.63,54.5,3.73,1.08,4.82,27.64
PBI,2024-10-02,15,3,3,6,4,66.67,66.67,75.0,53.33,14.5,2.55,55.67,76.25,0.13,72.75,81.25
PBI,2024-10-02,16,3,6,6,8,33.33,16.67,50.0,95.83,26.0,14.75,107.67,48.75,0.88,51.38,55.13
PBI,2024-10-02,17,7,4,7,10,0.0,0.0,0.0,81.71,13.29,2.83,84.43,38.2,0.41,44.0,74.5
PBI,2024-10-02,18,5,5,8,14,12.5,12.5,35.71,86.88,14.5,2.84,89.63,8.86,1.24,10.86,31.86
PBI,2024-10-02,19,3,2,4,7,75.0,75.0,57.14,14.0,18.5,5.5,17.5,1.43,0.77,3.29,23.0
PBI,2024-10-02,20,2,3,3,5,66.67,66.67,60.0,13.33,14.33,3.77,16.0,2.2,0.34,3.0,30.2
PBI,2024-10-02,21,0,1,2,4,100.0,100.0,50.0,0.0,13.0,1.8,0.0,1.75,0.1,4.0,15.0
PBI,2024-10-02,22,0,5,0,5,0.0,0.0,60.0,0.0,0.0,0.0,0.0,0.4,0.76,0.0,12.4
PBI,2024-10-02,23,0,4,0,4,0.0,0.0,100.0,0.0,0.0,0.0,0.0,0.0,0.7,0.0,3.25
PBI,2024-10-03,0,0,1,1,3,100.0,100.0,66.67,0.0,11.0,0.0,0.0,0.67,0.67,3.0,22.33
PBI,2024-10-03,1,0,0,0,0,0.0,0.0,0.0,0.0,0.0,0.0,0.0,0.0,0.0,0.0,0.0
PBI,2024-10-03,5,1,0,2,0,50.0,50.0,0.0,9.5,12.5,2.4,11.5,0.0,0.0,0.0,0.0
PBI,2024-10-03,6,5,0,7,3,100.0,100.0,66.67,1.0,16.0,4.4,4.29,1.33,0.13,3.67,9.67
PBI,2024-10-03,7,6,0,9,0,66.67,66.67,0.0,15.0,12.44,1.21,15.56,0.0,0.0,0.0,0.0
PBI,2024-10-03,8,1,1,3,1,33.33,33.33,100.0,17.0,12.67,1.2,18.33,0.0,0.0,0.0,0.0
PBI,2024-10-03,9,1,3,3,4,66.67,66.67,100.0,7.33,17.0,5.9,12.67,2.0,6.97,6.0,2.75
PBI,2024-10-03,10,5,6,7,8,57.14,57.14,62.5,12.57,12.14,1.3,13.57,2.63,3.51,2.5,32.13
PBI,2024-10-03,11,7,5,14,6,57.14,50.0,83.33,26.79,13.29,2.44,28.57,2.67,0.17,2.5,3.83
PBI,2024-10-03,12,3,7,11,14,36.36,36.36,57.14,27.64,12.0,0.9,28.18,2.29,2.22,4.29,25.93
PBI,2024-10-03,13,7,3,10,6,50.0,50.0,83.33,20.7,11.6,0.53,21.2,1.5,1.02,3.0,3.5
PBI,2024-10-03,14,6,7,10,12,80.0,80.0,83.33,7.6,14.5,3.27,10.2,3.08,0.44,2.58,3.33
PBI,2024-10-03,15,4,3,8,8,87.5,87.5,62.5,5.75,12.38,1.09,6.25,5.63,0.9,5.38,11.63
PBI,2024-10-03,16,3,5,6,13,83.33,83.33,84.62,11.83,14.17,2.95,13.33,1.31,0.11,0.77,8.38
PBI,2024-10-03,17,5,3,8,6,100.0,100.0,83.33,0.0,13.63,2.98,0.63,2.0,0.1,1.5,6.67
PBI,2024-10-03,18,6,7,6,11,100.0,83.33,72.73,0.0,17.83,6.75,3.17,4.18,0.88,4.18,23.55
PBI,2024-10-03,19,5,3,6,4,66.67,66.67,50.0,22.33,13.67,2.3,24.67,1.25,0.5,5.0,23.5
PBI,2024-10-03,20,3,2,3,7,66.67,66.67,57.14,11.0,10.67,0.83,11.67,2.71,0.7,21.0,25.71
PBI,2024-10-03,21,0,0,1,3,0.0,0.0,33.33,23.0,12.0,0.8,24.0,4.67,0.53,8.67,37.0
PBI,2024-10-03,22,0,6,2,6,100.0,100.0,100.0,0.0,12.0,0.8,0.5,0.83,0.75,0.0,1.5
PBI,2024-10-03,23,0,6,0,6,0.0,0.0,66.67,0.0,0.0,0.0,0.0,0.5,1.0,0.67,23.33
PBI,2024-10-04,0,0,1,0,2,0.0,0.0,50.0,0.0,0.0,0.0,0.0,0.0,0.1,0.0,30.0
PBI,2024-10-04,1,0,0,2,0,50.0,50.0,0.0,8.0,15.5,8.4,12.5,0.0,0.0,0.0,0.0
PBI,2024-10-04,5,1,0,2,0,50.0,50.0,0.0,14.5,13.0,2.9,15.5,0.0,0.0,0.0,0.0
PBI,2024-10-04,6,5,0,8,2,75.0,62.5,100.0,5.75,16.63,5.13,9.25,0.0,0.1,1.5,5.5
PBI,2024-10-04,7,6,0,18,1,61.11,61.11,0.0,12.39,12.06,0.87,13.0,5.0,0.2,10.0,35.0
PBI,2024-10-04,8,1,2,5,3,20.0,20.0,100.0,29.0,12.6,0.92,29.8,1.0,0.13,0.33,0.0
PBI,2024-10-04,9,2,4,7,6,57.14,42.86,83.33,9.71,16.0,4.87,14.57,1.17,0.4,2.5,5.17
PBI,2024-10-04,10,6,6,10,8,50.0,50.0,87.5,12.5,15.8,5.08,16.6,1.38,0.14,4.13,11.38
PBI,2024-10-04,11,7,5,15,9,66.67,66.67,66.67,10.47,15.13,4.11,12.93,6.33,1.02,7.11,33.89
PBI,2024-10-04,12,4,6,9,10,55.56,55.56,70.0,36.78,13.44,2.27,38.89,1.9,0.56,4.2,11.2
PBI,2024-10-04,13,6,4,10,12,80.0,80.0,41.67,7.9,12.2,1.29,8.9,7.33,0.41,7.67,30.25
PBI,2024-10-04,14,6,7,10,10,60.0,60.0,80.0,10.8,13.0,1.76,11.7,3.5,1.34,4.3,13.3
PBI,2024-10-04,15,4,3,5,6,80.0,80.0,50.0,6.2,16.4,4.74,8.2,3.5,0.08,4.83,11.83
PBI,2024-10-04,16,3,5,5,8,100.0,100.0,100.0,0.0,14.8,3.5,1.6,3.25,0.3,3.63,1.63
PBI,2024-10-04,17,5,3,7,7,71.43,71.43,42.86,7.0,14.29,3.54,8.86,2.29,1.74,4.57,18.71
PBI,2024-10-04,18,7,7,9,7,66.67,66.67,71.43,6.33,11.67,0.82,6.67,2.14,0.8,1.14,36.43
PBI,2024-10-04,19,4,4,4,4,75.0,75.0,75.0,55.0,10.25,0.0,53.5,1.75,0.63,0.0,45.25
PBI,2024-10-04,20,4,2,4,3,75.0,75.0,66.67,41.5,11.0,1.05,41.25,3.33,1.03,5.33,35.0
PBI,2024-10-04,21,0,0,0,1,0.0,0.0,100.0,0.0,0.0,0.0,0.0,0.0,0.0,3.0,0.0
PBI,2024-10-04,22,0,6,2,6,100.0,100.0,83.33,1.5,16.5,5.3,2.0,2.5,0.85,0.33,4.67
PBI,2024-10-04,23,0,6,0,6,0.0,0.0,83.33,0.0,0.0,0.0,0.0,0.0,1.42,0.5,9.83
PBI,2024-10-05,0,0,1,0,1,0.0,0.0,100.0,0.0,0.0,0.0,0.0,1.0,1.6,0.0,0.0
PBI,2024-10-05,6,6,0,7,2,85.71,85.71,100.0,7.29,11.57,0.73,7.29,1.5,0.2,3.0,4.0
PBI,2024-10-05,7,6,0,6,1,100.0,100.0,100.0,0.0,11.67,0.92,0.83,1.0,0.2,4.0,6.0
PBI,2024-10-05,8,1,0,7,0,57.14,57.14,0.0,13.86,11.86,0.6,14.57,0.0,0.0,0.0,0.0
PBI,2024-10-05,9,1,2,4,6,50.0,50.0,50.0,22.5,12.75,1.67,23.0,1.83,1.4,7.33,20.5
PBI,2024-10-05,10,3,7,6,7,66.67,66.67,100.0,9.83,13.33,2.3,11.5,1.29,2.3,2.57,0.29
PBI,2024-10-05,11,7,5,9,7,77.78,77.78,85.71,5.44,11.89,1.1,5.89,1.14,0.81,1.43,5.71
PBI,2024-10-05,12,4,5,6,7,66.67,66.67,100.0,14.33,15.33,4.12,14.67,2.14,1.0,3.86,1.43
PBI,2024-10-05,13,5,4,10,9,70.0,60.0,66.67,19.9,13.2,2.21,21.9,3.44,0.53,4.78,11.78
PBI,2024-10-05,14,6,5,9,9,55.56,55.56,66.67,16.56,14.0,2.92,17.44,3.67,0.69,6.56,15.11
PBI,2024-10-05,15,3,5,5,7,60.0,60.0,85.71,15.4,12.2,0.74,16.2,0.0,0.39,1.86,9.29
PBI,2024-10-05,16,4,5,4,6,75.0,75.0,100.0,4.5,13.25,2.48,5.0,1.0,0.93,1.5,2.17
PBI,2024-10-05,17,6,3,7,7,85.71,85.71,71.43,12.86,11.86,1.81,13.71,1.71,0.44,3.43,18.14
PBI,2024-10-05,18,3,5,4,11,75.0,75.0,63.64,20.5,12.5,1.08,21.0,2.82,0.73,4.73,11.36
PBI,2024-10-05,19,3,3,5,6,100.0,100.0,50.0,0.0,14.2,3.0,2.6,2.33,0.53,4.67,37.17
PBI,2024-10-05,20,1,2,2,2,50.0,50.0,100.0,36.5,21.5,10.45,47.0,0.5,1.65,0.0,0.0
PBI,2024-10-05,21,0,2,1,2,100.0,100.0,100.0,0.0,22.0,10.8,11.0,2.0,0.0,0.0,0.0
PBI,2024-10-05,22,0,3,0,6,0.0,0.0,83.33,0.0,0.0,0.0,0.0,1.5,0.73,3.17,5.67
PBI,2024-10-05,23,0,2,0,2,0.0,0.0,50.0,0.0,0.0,0.0,0.0,0.0,1.25,0.0,38.5
PBI,2024-10-06,0,0,2,0,2,0.0,0.0,50.0,0.0,0.0,0.0,0.0,1.5,0.9,6.0,42.5
PBI,2024-10-06,1,0,0,0,0,0.0,0.0,0.0,0.0,0.0,0.0,0.0,0.0,0.0,0.0,0.0
PBI,2024-10-06,2,0,0,0,0,0.0,0.0,0.0,0.0,0.0,0.0,0.0,0.0,0.0,0.0,0.0
PBI,2024-10-06,5,1,0,2,0,100.0,100.0,0.0,0.0,11.5,1.9,2.0,0.0,0.0,0.0,0.0
PBI,2024-10-06,6,6,0,8,0,75.0,75.0,0.0,10.25,11.88,0.84,10.75,0.0,0.0,0.0,0.0
PBI,2024-10-06,7,5,0,9,0,77.78,77.78,0.0,4.11,14.67,3.23,6.11,0.0,0.0,0.0,0.0
PBI,2024-10-06,8,1,1,7,1,85.71,85.71,0.0,3.29,17.86,6.54,9.71,0.0,0.3,16.0,102.0
PBI,2024-10-06,9,1,3,4,4,75.0,75.0,100.0,7.0,12.75,1.63,8.25,0.75,1.57,3.25,0.25
PBI,2024-10-06,10,6,6,13,11,76.92,69.23,63.64,12.92,16.54,5.65,17.69,4.64,0.42,4.45,17.09
PBI,2024-10-06,11,7,7,12,15,91.67,91.67,60.0,2.5,14.42,3.3,5.17,5.33,1.03,15.13,17.6
PBI,2024-10-06,12,4,6,11,8,45.45,36.36,62.5,19.64,15.09,3.59,22.36,5.13,1.76,7.0,14.13
PBI,2024-10-06,13,6,4,13,13,53.85,53.85,30.77,15.77,13.62,2.88,18.0,6.0,1.43,10.46,49.23
PBI,2024-10-06,14,6,5,11,10,54.55,54.55,70.0,91.82,14.18,2.97,93.91,2.3,1.23,4.1,12.0
PBI,2024-10-06,15,3,3,8,7,75.0,75.0,71.43,7.25,12.0,0.55,7.75,3.71,0.67,4.14,13.14
PBI,2024-10-06,16,3,4,5,10,80.0,80.0,40.0,5.6,12.6,1.46,5.8,3.9,1.13,6.5,18.7
PBI,2024-10-06,17,5,5,6,11,50.0,50.0,63.64,68.33,13.17,3.32,70.83,4.36,2.17,6.0,16.0
PBI,2024-10-06,18,6,7,7,12,42.86,28.57,41.67,18.57,17.29,5.93,24.29,5.42,1.17,6.0,20.33
PBI,2024-10-06,19,6,2,7,10,71.43,71.43,50.0,8.29,14.43,2.46,10.0,8.8,0.69,13.0,29.4
PBI,2024-10-06,20,2,2,3,4,66.67,66.67,75.0,29.0,12.67,2.73,30.67,2.25,5.83,3.25,15.0
PBI,2024-10-06,21,0,0,1,0,100.0,0.0,0.0,9.0,29.0,17.0,26.0,0.0,0.0,0.0,0.0
PBI,2024-10-06,22,0,6,0,8,0.0,0.0,50.0,0.0,0.0,0.0,0.0,2.0,1.11,3.75,16.38
PBI,2024-10-06,23,0,5,0,7,0.0,0.0,57.14,0.0,0.0,0.0,0.0,1.29,0.91,3.86,17.0
PBI,2024-10-07,0,0,1,0,2,0.0,0.0,100.0,0.0,0.0,0.0,0.0,0.5,1.3,0.0,4.0
PBI,2024-10-07,2,0,0,0,1,0.0,0.0,0.0,0.0,0.0,0.0,0.0,0.0,1.2,0.0,36.0
PBI,2024-10-07,3,0,0,0,0,0.0,0.0,0.0,0.0,0.0,0.0,0.0,0.0,0.0,0.0,0.0
PBI,2024-10-07,5,1,0,2,0,50.0,50.0,0.0,24.5,11.5,1.4,25.0,0.0,0.0,0.0,0.0
PBI,2024-10-07,6,5,0,12,1,75.0,75.0,0.0,11.42,14.58,3.49,14.5,1.0,0.2,5.0,34.0
PBI,2024-10-07,7,6,0,14,0,50.0,50.0,0.0,24.79,15.07,3.81,28.29,0.0,0.0,0.0,0.0
PBI,2024-10-07,8,1,1,6,4,50.0,33.33,25.0,26.0,16.0,4.43,30.5,3.5,0.15,8.5,26.0
PBI,2024-10-07,9,1,4,6,6,50.0,33.33,66.67,21.5,16.0,4.85,26.33,1.5,0.98,5.83,11.67
PBI,2024-10-07,10,6,7,13,11,76.92,69.23,72.73,6.54,15.23,4.32,9.62,4.82,1.14,6.82,11.64
PBI,2024-10-07,11,7,6,13,11,69.23,69.23,45.45,13.92,12.77,1.58,14.62,2.91,1.14,7.27,24.64
PBI,2024-10-07,12,6,5,13,9,84.62,61.54,55.56,7.15,17.62,6.28,13.46,8.33,1.32,10.44,20.44
PBI,2024-10-07,13,4,3,9,5,44.44,44.44,40.0,24.89,12.67,1.61,26.11,0.2,2.72,2.8,37.2
PBI,2024-10-07,14,5,9,14,10,50.0,42.86,80.0,25.71,14.93,3.66,28.93,3.6,0.92,1.5,4.6
PBI,2024-10-07,15,7,3,11,8,72.73,63.64,62.5,11.64,18.55,7.07,17.91,4.63,1.9,3.25,12.75
PBI,2024-10-07,16,3,4,8,11,75.0,50.0,54.55,8.5,17.38,6.4,14.0,2.36,0.8,4.18,14.27
PBI,2024-10-07,17,6,7,10,13,40.0,30.0,53.85,30.0,15.9,5.0,34.1,2.69,0.88,6.69,15.69
PBI,2024-10-07,18,7,7,9,9,77.78,66.67,77.78,8.89,14.22,3.22,11.56,3.67,0.69,3.78,8.11
PBI,2024-10-07,19,5,3,5,5,100.0,100.0,20.0,1.4,15.8,3.16,3.0,3.0,2.34,8.0,30.6
PBI,2024-10-07,20,3,1,3,2,33.33,33.33,50.0,31.0,11.33,1.5,31.67,5.0,1.75,6.5,36.0
PBI,2024-10-07,21,0,2,1,2,100.0,100.0,100.0,0.0,9.0,0.0,0.0,1.0,2.4,0.0,0.0
PBI,2024-10-07,22,0,5,1,7,100.0,100.0,71.43,0.0,9.0,0.0,0.0,3.71,2.17,20.71,19.57
PBI,2024-10-07,23,0,6,0,6,0.0,0.0,50.0,0.0,0.0,0.0,0.0,0.67,0.67,3.0,68.33
PBI,2024-10-08,0,0,1,0,1,0.0,0.0,100.0,0.0,0.0,0.0,0.0,3.0,0.0,0.0,0.0
PBI,2024-10-08,1,0,0,0,0,0.0,0.0,0.0,0.0,0.0,0.0,0.0,0.0,0.0,0.0,0.0
PBI,2024-10-08,2,0,0,0,0,0.0,0.0,0.0,0.0,0.0,0.0,0.0,0.0,0.0,0.0,0.0
PBI,2024-10-08,4,0,0,1,0,0.0,0.0,0.0,21.0,12.0,0.8,22.0,0.0,0.0,0.0,0.0
PBI,2024-10-08,5,0,0,0,0,0.0,0.0,0.0,0.0,0.0,0.0,0.0,0.0,0.0,0.0,0.0
PBI,2024-10-08,6,6,0,9,3,66.67,66.67,66.67,7.44,11.67,0.83,7.67,4.33,0.8,6.0,24.67
PBI,2024-10-08,7,7,0,12,3,83.33,83.33,66.67,11.58,14.0,2.96,13.5,3.0,1.2,5.67,13.33
PBI,2024-10-08,8,1,1,9,2,33.33,33.33,100.0,37.78,12.78,1.24,39.11,0.0,0.6,0.0,3.5
PBI,2024-10-08,9,1,2,7,3,28.57,28.57,66.67,23.57,14.0,2.87,26.57,5.33,2.03,11.33,9.67
PBI,2024-10-08,10,4,6,8,9,62.5,50.0,66.67,21.88,13.75,2.55,24.13,6.33,0.44,18.0,19.89
PBI,2024-10-08,11,6,5,9,9,66.67,66.67,77.78,21.33,13.22,2.14,22.67,3.78,1.24,7.78,13.22
PBI,2024-10-08,12,4,5,11,9,81.82,72.73,88.89,5.82,16.0,4.66,10.36,3.67,0.54,3.22,4.33
PBI,2024-10-08,13,4,4,6,7,83.33,83.33,57.14,13.5,13.17,2.18,14.83,4.86,1.34,6.43,14.0
PBI,2024-10-08,14,6,6,9,11,66.67,66.67,81.82,15.78,13.44,2.29,17.56,3.91,1.1,3.36,9.0
PBI,2024-10-08,15,5,3,7,5,57.14,57.14,80.0,12.57,13.71,1.73,14.0,3.4,1.32,7.4,10.6
PBI,2024-10-08,16,3,5,8,8,50.0,37.5,50.0,18.75,14.13,2.94,21.0,2.38,1.56,4.75,17.38
PBI,2024-10-08,17,5,4,7,7,42.86,42.86,57.14,39.29,12.86,2.36,40.71,2.57,1.59,3.86,22.57
PBI,2024-10-08,18,5,6,5,8,40.0,40.0,100.0,17.6,11.2,0.38,17.0,3.75,2.72,6.0,2.5
PBI,2024-10-08,19,6,3,7,4,85.71,85.71,50.0,4.14,14.0,2.6,5.0,1.75,1.13,6.25,9.5
PBI,2024-10-08,20,2,2,2,1,100.0,100.0,100.0,10.0,11.0,1.7,10.5,5.0,0.0,0.0,0.0
PBI,2024-10-08,21,0,3,1,5,100.0,100.0,80.0,0.0,7.0,0.0,0.0,2.2,0.5,3.6,12.2
PBI,2024-10-08,22,0,4,1,4,100.0,100.0,75.0,0.0,9.0,0.0,0.0,0.5,1.95,4.25,26.5
PBI,2024-10-08,23,0,5,0,5,0.0,0.0,80.0,0.0,0.0,0.0,0.0,0.4,1.4,1.4,5.6
PBI,2024-10-09,0,0,1,0,2,0.0,0.0,0.0,0.0,0.0,0.0,0.0,2.0,0.4,5.0,26.0
PBI,2024-10-09,1,0,0,1,0,100.0,100.0,0.0,0.0,11.0,0.0,0.0,0.0,0.0,0.0,0.0
PBI,2024-10-09,2,0,0,0,0,0.0,0.0,0.0,0.0,0.0,0.0,0.0,0.0,0.0,0.0,0.0
PBI,2024-10-09,6,6,0,7,2,85.71,85.71,100.0,6.14,16.86,5.49,8.14,0.0,0.1,0.0,10.0
PBI,2024-10-09,7,7,0,10,0,80.0,80.0,0.0,5.9,12.0,1.05,6.2,0.0,0.0,0.0,0.0
PBI,2024-10-09,8,1,1,3,1,100.0,100.0,100.0,0.0,13.67,1.93,2.0,0.0,0.0,0.0,0.0
PBI,2024-10-09,9,1,2,3,2,100.0,100.0,50.0,0.0,14.0,2.97,3.0,4.0,1.15,8.5,11.0
PBI,2024-10-09,10,4,7,5,9,80.0,80.0,100.0,5.6,11.2,0.5,5.4,6.11,1.27,6.56,1.33
PBI,2024-10-09,11,7,6,7,6,100.0,100.0,83.33,0.0,12.14,1.97,0.0,1.17,1.47,5.33,5.0
PBI,2024-10-09,12,5,4,6,4,100.0,100.0,25.0,0.0,12.33,0.87,0.83,6.5,0.5,10.25,23.5
PBI,2024-10-09,13,4,3,5,4,100.0,100.0,100.0,0.0,11.0,0.82,0.0,3.0,1.83,5.75,1.75
PBI,2024-10-09,14,5,7,8,8,50.0,50.0,87.5,15.5,11.75,1.0,16.38,4.38,1.35,3.25,2.5
PBI,2024-10-09,15,5,3,6,3,100.0,83.33,33.33,0.0,15.67,4.57,4.5,11.33,0.43,23.0,23.0
PBI,2024-10-09,16,3,5,3,3,66.67,66.67,33.33,17.0,11.33,1.47,15.67,16.33,16.73,36.67,32.33
PBI,2024-10-09,17,7,6,5,4,40.0,40.0,75.0,15.2,14.4,4.06,18.4,18.25,2.43,15.75,10.0
PBI,2024-10-09,18,5,6,3,1,66.67,66.67,100.0,26.33,15.33,3.43,29.67,12.0,0.0,9.0,0.0
PBI,2024-10-09,19,6,3,1,0,100.0,100.0,0.0,0.0,11.0,0.0,0.0,0.0,0.0,0.0,0.0
PBI,2024-10-09,20,2,2,0,0,0.0,0.0,0.0,0.0,0.0,0.0,0.0,0.0,0.0,0.0,0.0
PBI,2024-10-09,21,0,4,0,0,0.0,0.0,0.0,0.0,0.0,0.0,0.0,0.0,0.0,0.0,0.0
PBI,2024-10-09,22,0,4,0,0,0.0,0.0,0.0,0.0,0.0,0.0,0.0,0.0,0.0,0.0,0.0
PBI,2024-10-09,23,0,5,0,0,0.0,0.0,0.0,0.0,0.0,0.0,0.0,0.0,0.0,0.0,0.0
PBI,2024-10-10,0,0,1,0,0,0.0,0.0,0.0,0.0,0.0,0.0,0.0,0.0,0.0,0.0,0.0
PBI,2024-10-10,5,1,0,0,0,0.0,0.0,0.0,0.0,0.0,0.0,0.0,0.0,0.0,0.0,0.0
PBI,2024-10-10,6,5,0,0,0,0.0,0.0,0.0,0.0,0.0,0.0,0.0,0.0,0.0,0.0,0.0
PBI,2024-10-10,7,7,0,0,0,0.0,0.0,0.0,0.0,0.0,0.0,0.0,0.0,0.0,0.0,0.0
PBI,2024-10-10,8,1,1,0,0,0.0,0.0,0.0,0.0,0.0,0.0,0.0,0.0,0.0,0.0,0.0
PBI,2024-10-10,9,1,3,0,0,0.0,0.0,0.0,0.0,0.0,0.0,0.0,0.0,0.0,0.0,0.0
PBI,2024-10-10,10,6,7,0,0,0.0,0.0,0.0,0.0,0.0,0.0,0.0,0.0,0.0,0.0,0.0
PBI,2024-10-10,11,7,7,0,0,0.0,0.0,0.0,0.0,0.0,0.0,0.0,0.0,0.0,0.0,0.0
PBI,2024-10-10,12,6,5,0,0,0.0,0.0,0.0,0.0,0.0,0.0,0.0,0.0,0.0,0.0,0.0
PBI,2024-10-10,13,4,3,0,0,0.0,0.0,0.0,0.0,0.0,0.0,0.0,0.0,0.0,0.0,0.0
PBI,2024-10-10,14,6,8,0,1,0.0,0.0,0.0,0.0,0.0,0.0,0.0,0.0,0.0,0.0,128.0
PBI,2024-10-10,15,6,3,0,3,0.0,0.0,33.33,0.0,0.0,0.0,0.0,5.33,0.27,4.67,39.67
PBI,2024-10-10,16,3,4,2,2,50.0,50.0,50.0,58.5,10.5,0.7,59.0,1.5,0.0,0.0,33.0
PBI,2024-10-10,17,5,5,4,3,25.0,25.0,33.33,58.0,10.75,0.9,58.25,3.67,0.47,5.33,34.0
PBI,2024-10-10,18,6,7,2,6,100.0,100.0,50.0,0.0,13.0,0.2,0.0,5.67,0.9,5.17,152.83
PBI,2024-10-10,19,5,3,4,5,75.0,75.0,60.0,8.5,13.75,1.8,9.25,4.6,0.12,7.8,23.4
PBI,2024-10-10,20,3,1,2,3,100.0,100.0,33.33,1.0,11.5,2.2,2.5,6.67,0.2,12.33,60.33
PBI,2024-10-10,21,0,3,0,3,0.0,0.0,33.33,0.0,0.0,0.0,0.0,2.33,0.33,2.67,252.0
PBI,2024-10-10,22,0,5,0,3,0.0,0.0,100.0,0.0,0.0,0.0,0.0,1.67,0.87,3.0,0.0
PBI,2024-10-10,23,0,6,0,4,0.0,0.0,50.0,0.0,0.0,0.0,0.0,0.5,0.05,2.0,271.0
PBI,2024-10-11,0,0,1,0,1,0.0,0.0,100.0,0.0,0.0,0.0,0.0,0.0,0.6,0.0,9.0
PBI,2024-10-11,5,1,0,2,2,50.0,0.0,50.0,33.5,18.0,7.9,41.5,1.0,0.7,2.0,10.0
PBI,2024-10-11,6,5,0,3,1,33.33,33.33,100.0,133.0,15.33,3.33,136.33,0.0,4.2,0.0,0.0
PBI,2024-10-11,7,7,0,9,0,55.56,55.56,0.0,34.0,14.11,2.87,36.33,0.0,0.0,0.0,0.0
PBI,2024-10-11,8,1,2,4,5,50.0,50.0,60.0,15.5,17.5,5.7,21.25,1.8,0.16,6.0,15.2
PBI,2024-10-11,9,2,3,6,4,66.67,50.0,50.0,9.67,17.5,6.33,14.67,2.75,0.23,4.5,14.0
PBI,2024-10-11,10,6,7,5,14,100.0,100.0,50.0,0.0,14.2,3.64,2.4,3.29,0.88,6.5,11.71
PBI,2024-10-11,11,7,6,10,15,70.0,70.0,60.0,6.4,14.7,3.78,8.3,2.0,1.49,5.27,21.73
PBI,2024-10-11,12,6,5,11,11,72.73,72.73,36.36,8.64,14.09,2.66,11.0,3.73,0.8,6.18,26.64
PBI,2024-10-11,13,4,4,6,5,83.33,83.33,80.0,18.33,20.33,9.08,26.83,4.6,2.92,1.6,43.6
PBI,2024-10-11,14,6,8,10,17,80.0,80.0,47.06,7.3,14.7,3.35,10.1,4.06,0.65,6.65,19.47
PBI,2024-10-11,15,6,3,10,10,60.0,60.0,40.0,30.1,13.3,1.85,31.5,4.7,0.43,7.0,30.2
PBI,2024-10-11,16,3,4,7,10,57.14,57.14,50.0,19.29,13.57,2.33,21.57,3.1,0.67,5.6,27.9
PBI,2024-10-11,17,5,6,7,13,57.14,57.14,53.85,31.29,14.14,3.66,33.86,2.31,1.01,4.38,29.69
PBI,2024-10-11,18,7,7,9,14,66.67,66.67,71.43,25.33,14.11,2.82,26.67,1.79,0.8,2.71,15.29
PBI,2024-10-11,19,5,4,6,8,83.33,83.33,37.5,8.33,14.17,1.7,8.5,2.88,0.29,4.75,54.5
PBI,2024-10-11,20,4,1,4,2,75.0,75.0,50.0,42.0,15.75,5.57,46.25,4.0,4.25,6.5,23.5
PBI,2024-10-11,21,0,3,1,4,100.0,100.0,75.0,0.0,12.0,0.8,1.0,0.0,0.63,0.0,44.5
PBI,2024-10-11,22,0,5,1,7,100.0,100.0,42.86,0.0,10.0,0.0,0.0,2.29,1.6,5.57,30.43
PBI,2024-10-11,23,0,6,0,8,0.0,0.0,62.5,0.0,0.0,0.0,0.0,2.25,0.84,2.75,31.38
PBI,2024-10-12,0,0,1,0,1,0.0,0.0,100.0,0.0,0.0,0.0,0.0,0.0,1.6,0.0,10.0
PBI,2024-10-12,1,0,0,0,0,0.0,0.0,0.0,0.0,0.0,0.0,0.0,0.0,0.0,0.0,0.0
PBI,2024-10-12,5,0,0,1,0,0.0,0.0,0.0,21.0,12.0,0.8,22.0,0.0,0.0,0.0,0.0
PBI,2024-10-12,6,6,0,8,2,75.0,75.0,50.0,5.5,12.25,1.35,5.75,1.5,0.2,3.0,7.5
PBI,2024-10-12,7,6,0,7,3,85.71,85.71,66.67,5.0,12.57,1.39,5.71,2.33,0.13,7.0,12.67
PBI,2024-10-12,8,2,0,7,0,85.71,85.71,0.0,4.57,12.43,0.91,5.57,0.0,0.0,0.0,0.0
PBI,2024-10-12,9,1,3,6,3,16.67,16.67,66.67,39.33,12.0,0.85,40.17,2.67,2.7,2.33,175.67
PBI,2024-10-12,10,5,8,8,13,62.5,62.5,46.15,70.75,14.25,3.1,73.25,1.15,0.49,3.77,29.92
PBI,2024-10-12,11,7,6,7,12,71.43,71.43,50.0,25.14,12.43,1.29,25.57,2.17,0.47,5.42,23.5
PBI,2024-10-12,12,6,3,10,17,70.0,70.0,11.76,11.7,15.0,3.95,13.1,5.12,0.26,7.06,36.41
PBI,2024-10-12,13,3,4,6,13,50.0,50.0,46.15,13.0,13.83,2.58,14.67,8.23,0.06,7.46,18.77
PBI,2024-10-12,14,5,7,15,17,40.0,40.0,64.71,28.67,14.8,3.55,31.67,3.65,0.39,5.18,11.65
PBI,2024-10-12,15,6,5,12,17,83.33,83.33,35.29,5.08,14.0,2.42,6.83,2.59,0.66,2.94,30.65
PBI,2024-10-12,16,4,4,7,10,85.71,85.71,50.0,12.71,15.29,4.36,15.43,5.7,0.3,8.9,20.3
PBI,2024-10-12,17,6,4,12,7,66.67,66.67,85.71,16.25,12.5,2.08,18.08,1.0,0.83,4.43,5.0
PBI,2024-10-12,18,3,6,5,10,60.0,60.0,60.0,20.8,12.2,1.38,22.2,1.7,1.82,5.6,10.6
PBI,2024-10-12,19,3,4,4,7,75.0,75.0,71.43,9.75,12.0,1.6,10.0,2.86,1.16,3.29,8.14
PBI,2024-10-12,20,2,3,1,2,100.0,100.0,50.0,0.0,10.0,0.0,0.0,2.0,1.4,0.0,15.0
PBI,2024-10-12,21,0,4,0,4,0.0,0.0,75.0,0.0,0.0,0.0,0.0,0.25,0.65,0.5,10.25
PBI,2024-10-12,22,0,2,0,2,0.0,0.0,100.0,0.0,0.0,0.0,0.0,0.0,0.3,0.5,0.0
PBI,2024-10-12,23,0,1,0,1,0.0,0.0,100.0,0.0,0.0,0.0,0.0,0.0,2.3,0.0,0.0
PBI,2024-10-13,0,0,2,0,1,0.0,0.0,100.0,0.0,0.0,0.0,0.0,0.0,1.6,0.0,0.0
PBI,2024-10-13,1,0,0,0,0,0.0,0.0,0.0,0.0,0.0,0.0,0.0,0.0,0.0,0.0,0.0
PBI,2024-10-13,4,0,0,0,1,0.0,0.0,100.0,0.0,0.0,0.0,0.0,1.0,0.2,9.0,7.0
PBI,2024-10-13,5,1,0,3,0,33.33,33.33,0.0,36.67,10.67,0.27,37.0,0.0,0.0,0.0,0.0
PBI,2024-10-13,6,6,0,6,0,100.0,100.0,0.0,0.0,11.0,0.35,0.0,0.0,0.0,0.0,0.0
PBI,2024-10-13,7,6,0,10,1,80.0,80.0,0.0,9.6,16.4,5.27,13.8,2.0,0.2,11.0,33.0
PBI,2024-10-13,8,1,1,10,1,30.0,30.0,100.0,17.1,13.1,1.68,18.9,0.0,0.0,4.0,0.0
PBI,2024-10-13,9,1,2,7,2,57.14,57.14,100.0,12.0,13.14,2.66,14.29,1.0,0.15,1.0,0.0
PBI,2024-10-13,10,6,7,10,10,80.0,80.0,80.0,4.6,11.6,1.35,4.8,3.1,0.5,5.8,9.0
PBI,2024-10-13,11,7,9,17,16,76.47,76.47,43.75,8.47,13.65,2.79,10.88,2.94,0.51,5.25,31.31
PBI,2024-10-13,12,6,5,13,9,69.23,69.23,44.44,12.92,14.0,2.59,15.38,6.11,1.17,8.11,28.22
PBI,2024-10-13,13,4,2,11,13,45.45,36.36,53.85,18.91,15.73,4.35,22.36,8.69,0.03,11.85,18.46
PBI,2024-10-13,14,6,7,11,17,54.55,45.45,47.06,26.64,15.73,4.43,30.82,6.06,0.59,7.59,26.24
PBI,2024-10-13,15,5,3,16,13,50.0,50.0,69.23,18.13,13.63,2.24,20.44,3.62,0.99,7.31,16.54
PBI,2024-10-13,16,3,4,9,12,44.44,33.33,33.33,27.33,13.89,2.8,30.11,4.58,1.0,7.92,28.83
PBI,2024-10-13,17,5,6,6,12,66.67,66.67,41.67,23.83,15.83,5.47,28.0,5.75,1.23,7.83,18.83
PBI,2024-10-13,18,6,7,7,11,85.71,85.71,54.55,5.57,12.71,1.79,6.29,4.45,1.02,7.36,19.82
PBI,2024-10-13,19,6,2,8,7,87.5,87.5,28.57,8.13,11.0,0.4,7.88,3.0,0.9,7.14,33.86
PBI,2024-10-13,20,2,1,5,3,60.0,60.0,100.0,25.4,15.0,4.6,29.6,2.67,0.23,0.33,0.0
PBI,2024-10-13,21,0,3,0,6,0.0,0.0,50.0,0.0,0.0,0.0,0.0,2.83,0.85,6.67,42.17
PBI,2024-10-13,22,0,5,0,7,0.0,0.0,71.43,0.0,0.0,0.0,0.0,1.14,1.23,3.43,23.29
PBI,2024-10-13,23,0,5,0,5,0.0,0.0,40.0,0.0,0.0,0.0,0.0,0.0,1.4,0.0,23.8
PBI,2024-10-14,0,0,1,0,2,0.0,0.0,100.0,0.0,0.0,0.0,0.0,0.0,0.25,0.0,0.0
PBI,2024-10-14,1,0,0,0,1,0.0,0.0,0.0,0.0,0.0,0.0,0.0,0.0,0.2,1.0,33.0
PBI,2024-10-14,4,0,0,1,0,0.0,0.0,0.0,33.0,13.0,1.8,35.0,0.0,0.0,0.0,0.0
PBI,2024-10-14,5,1,0,1,0,100.0,100.0,0.0,0.0,11.0,2.0,0.0,0.0,0.0,0.0,0.0
PBI,2024-10-14,6,5,0,8,0,62.5,62.5,0.0,13.63,13.63,2.13,14.38,0.0,0.0,0.0,0.0
PBI,2024-10-14,7,7,0,15,0,46.67,33.33,0.0,29.07,15.0,4.04,32.93,0.0,0.0,0.0,0.0
PBI,2024-10-14,8,1,1,8,2,62.5,50.0,100.0,9.88,14.13,2.9,12.63,0.0,0.25,0.0,0.0
PBI,2024-10-14,9,1,4,12,6,33.33,33.33,66.67,23.42,12.92,1.88,25.08,4.0,1.75,4.33,19.83
PBI,2024-10-14,10,7,7,12,10,66.67,66.67,70.0,10.67,15.08,4.27,13.08,1.1,1.26,4.7,17.7
PBI,2024-10-14,11,7,7,12,15,83.33,75.0,33.33,8.17,19.58,8.3,14.0,12.8,1.37,18.4,39.67
PBI,2024-10-14,12,7,4,14,13,42.86,42.86,46.15,29.57,14.64,3.49,31.64,4.69,0.71,8.08,24.08
PBI,2024-10-14,13,3,3,9,8,44.44,44.44,62.5,30.56,15.89,4.92,35.22,4.5,0.29,10.63,12.88
PBI,2024-10-14,14,5,9,11,17,45.45,36.36,58.82,20.45,13.18,2.01,22.0,5.94,0.65,7.41,16.06
PBI,2024-10-14,15,7,3,13,10,76.92,69.23,50.0,8.08,13.54,2.25,10.08,4.2,0.86,6.6,20.0
PBI,2024-10-14,16,3,4,4,8,75.0,75.0,62.5,6.5,12.75,1.43,6.75,37.5,1.04,38.63,79.13
PBI,2024-10-14,17,6,7,7,11,85.71,85.71,45.45,40.29,12.71,2.67,41.43,3.45,0.85,8.36,27.91
PBI,2024-10-14,18,7,7,8,11,62.5,50.0,63.64,26.88,13.63,3.16,28.75,3.82,0.51,7.09,22.09
PBI,2024-10-14,19,5,3,5,7,60.0,60.0,14.29,12.2,13.0,0.56,12.2,5.0,0.73,13.86,40.43
PBI,2024-10-14,20,3,1,4,4,75.0,50.0,50.0,26.0,12.25,2.6,28.0,2.75,1.73,5.5,25.5
PBI,2024-10-14,21,0,3,1,3,100.0,100.0,0.0,0.0,14.0,2.8,0.0,0.33,1.17,8.33,20.67
PBI,2024-10-14,22,0,5,1,6,100.0,100.0,50.0,1.0,11.0,0.0,1.0,2.0,1.25,16.33,24.17
PBI,2024-10-14,23,0,6,0,8,0.0,0.0,75.0,0.0,0.0,0.0,0.0,1.63,1.05,11.5,14.38
PBI,2024-10-15,0,0,1,0,1,0.0,0.0,0.0,0.0,0.0,0.0,0.0,0.0,0.0,0.0,29.0
PBI,2024-10-15,5,0,0,0,0,0.0,0.0,0.0,0.0,0.0,0.0,0.0,0.0,0.0,0.0,0.0
PBI,2024-10-15,6,6,0,8,2,100.0,100.0,50.0,0.0,13.63,2.35,1.0,0.0,0.0,0.0,10.0
PBI,2024-10-15,7,7,0,12,1,83.33,75.0,100.0,3.92,16.5,5.24,7.17,0.0,0.2,2.0,0.0
PBI,2024-10-15,8,1,1,8,2,75.0,62.5,0.0,12.5,18.0,6.6,19.25,6.0,0.1,9.0,33.5
PBI,2024-10-15,9,1,2,8,3,50.0,37.5,100.0,14.0,17.25,6.09,20.25,1.33,2.83,10.33,4.0
PBI,2024-10-15,10,5,7,10,11,50.0,50.0,63.64,20.1,13.9,2.97,22.0,2.82,0.39,6.55,14.09
PBI,2024-10-15,11,7,6,12,14,66.67,58.33,64.29,8.67,15.67,4.43,12.92,4.0,0.89,6.21,16.29
PBI,2024-10-15,12,5,4,9,12,77.78,77.78,16.67,6.11,14.78,3.59,9.44,6.75,0.51,10.08,28.5
PBI,2024-10-15,13,3,4,15,18,33.33,26.67,55.56,28.4,14.27,3.09,31.13,6.0,0.59,8.33,30.89
PBI,2024-10-15,14,6,6,11,15,36.36,36.36,53.33,15.36,15.09,3.95,17.64,5.53,0.97,7.13,15.73
PBI,2024-10-15,15,5,3,9,15,77.78,55.56,46.67,14.0,19.0,7.12,20.11,4.6,1.22,6.87,28.53
PBI,2024-10-15,16,3,5,5,13,100.0,100.0,23.08,1.2,15.2,3.94,3.4,2.31,0.78,7.69,27.62
PBI,2024-10-15,17,6,5,10,11,20.0,20.0,27.27,43.7,12.2,1.99,45.3,2.45,1.17,10.73,27.36
PBI,2024-10-15,18,5,6,7,12,57.14,57.14,75.0,9.86,11.86,0.71,10.14,5.92,0.32,8.0,13.08
PBI,2024-10-15,19,6,3,8,7,75.0,62.5,57.14,10.0,13.75,1.75,11.0,2.57,0.04,7.71,10.71
PBI,2024-10-15,20,2,2,3,5,100.0,100.0,60.0,4.67,11.0,0.8,4.33,4.8,0.54,7.2,15.4
PBI,2024-10-15,21,0,4,2,5,50.0,50.0,60.0,15.0,12.5,1.3,15.5,2.2,1.46,7.4,43.8
PBI,2024-10-15,22,0,4,1,4,100.0,100.0,50.0,0.0,10.0,0.0,0.0,4.0,1.45,13.75,17.75
PBI,2024-10-15,23,0,5,0,5,0.0,0.0,40.0,0.0,0.0,0.0,0.0,0.4,1.14,10.2,12.4
PBI,2024-10-16,0,0,1,0,1,0.0,0.0,100.0,0.0,0.0,0.0,0.0,1.0,0.6,0.0,0.0
PBI,2024-10-16,1,0,0,0,1,0.0,0.0,100.0,0.0,0.0,0.0,0.0,4.0,1.2,9.0,9.0
PBI,2024-10-16,4,0,0,0,1,0.0,0.0,0.0,0.0,0.0,0.0,0.0,3.0,1.2,16.0,38.0
PBI,2024-10-16,5,0,0,1,0,0.0,0.0,0.0,31.0,13.0,1.8,33.0,0.0,0.0,0.0,0.0
PBI,2024-10-16,6,6,0,14,2,57.14,57.14,50.0,15.29,12.29,1.43,16.14,1.0,2.2,0.5,21.5
PBI,2024-10-16,7,7,0,14,0,64.29,64.29,0.0,9.79,12.14,1.39,10.71,0.0,0.0,0.0,0.0
PBI,2024-10-16,8,1,1,9,1,55.56,44.44,100.0,13.67,16.22,4.93,18.78,0.0,0.0,0.0,0.0
PBI,2024-10-16,9,1,2,10,3,60.0,60.0,66.67,16.6,13.8,2.73,19.3,4.0,1.03,9.0,17.67
PBI,2024-10-16,10,5,7,12,11,58.33,58.33,36.36,16.42,14.17,3.18,19.25,2.64,0.9,10.27,31.91
PBI,2024-10-16,11,7,6,14,14,50.0,42.86,57.14,31.64,14.57,3.37,34.5,3.64,0.66,6.36,18.79
PBI,2024-10-16,12,5,4,9,15,55.56,55.56,26.67,15.33,15.33,3.92,18.89,7.47,1.22,10.33,30.33
PBI,2024-10-16,13,4,3,13,12,38.46,38.46,33.33,31.08,16.38,5.32,35.92,9.08,1.17,9.67,27.42
PBI,2024-10-16,14,5,7,14,14,71.43,71.43,64.29,12.71,14.36,2.84,15.21,5.14,0.7,6.29,9.36
PBI,2024-10-16,15,5,3,9,13,66.67,66.67,53.85,10.78,14.0,2.17,12.78,3.38,2.17,7.08,15.38
PBI,2024-10-16,16,3,5,7,11,71.43,71.43,72.73,5.0,15.71,4.67,9.14,1.73,0.47,2.73,8.09
PBI,2024-10-16,17,7,6,11,11,72.73,72.73,45.45,9.0,12.82,2.32,10.82,7.18,0.55,6.45,21.09
PBI,2024-10-16,18,5,6,9,14,55.56,55.56,78.57,19.56,14.78,3.7,22.33,4.29,0.94,4.07,4.86
PBI,2024-10-16,19,6,3,8,5,75.0,75.0,40.0,5.0,11.88,1.03,5.13,2.6,1.64,5.8,16.0
PBI,2024-10-16,20,2,2,3,5,33.33,33.33,40.0,28.67,10.67,0.73,28.67,1.8,0.48,4.8,32.6
PBI,2024-10-16,21,0,4,2,4,50.0,50.0,75.0,52.0,11.5,0.9,53.0,1.0,1.02,5.5,15.0
PBI,2024-10-16,22,0,4,2,5,100.0,100.0,80.0,0.0,11.5,0.9,1.0,1.4,1.74,7.0,33.4
PBI,2024-10-16,23,0,5,0,5,0.0,0.0,80.0,0.0,0.0,0.0,0.0,0.4,1.0,7.2,4.4
PBI,2024-10-17,0,0,1,0,1,0.0,0.0,100.0,0.0,0.0,0.0,0.0,2.0,0.6,1.0,14.0
PBI,2024-10-17,1,0,0,0,1,0.0,0.0,0.0,0.0,0.0,0.0,0.0,0.0,0.2,5.0,85.0
PBI,2024-10-17,3,0,0,0,0,0.0,0.0,0.0,0.0,0.0,0.0,0.0,0.0,0.0,0.0,0.0
PBI,2024-10-17,5,1,0,3,0,66.67,66.67,0.0,29.67,12.0,1.53,30.67,0.0,0.0,0.0,0.0
PBI,2024-10-17,6,5,0,9,3,55.56,55.56,66.67,17.56,11.22,0.37,18.0,1.0,0.13,2.33,38.67
PBI,2024-10-17,7,7,0,11,2,72.73,72.73,0.0,11.09,12.82,1.75,12.36,9.5,0.2,13.0,39.0
PBI,2024-10-17,8,1,1,9,4,44.44,44.44,75.0,16.67,14.33,2.93,19.78,3.25,0.15,7.5,12.25
PBI,2024-10-17,9,1,3,14,5,28.57,28.57,40.0,44.0,14.64,3.49,47.57,3.6,0.86,7.4,17.0
PBI,2024-10-17,10,6,7,13,12,46.15,46.15,75.0,43.77,15.0,4.07,46.77,3.92,1.06,7.67,11.0
PBI,2024-10-17,11,7,6,13,13,84.62,76.92,38.46,6.15,14.92,3.66,8.69,5.31,1.48,10.54,24.54
PBI,2024-10-17,12,5,6,11,14,36.36,36.36,71.43,19.91,14.64,3.12,22.73,4.86,1.12,8.0,14.93
PBI,2024-10-17,13,5,3,15,11,66.67,66.67,54.55,20.8,13.53,2.61,22.8,4.18,0.32,7.36,25.27
PBI,2024-10-17,14,6,8,12,17,83.33,75.0,70.59,6.25,17.75,6.77,11.5,5.94,0.24,7.35,11.29
PBI,2024-10-17,15,6,3,12,11,66.67,66.67,45.45,8.25,12.42,1.16,8.92,3.18,0.65,5.82,24.36
PBI,2024-10-17,16,3,4,9,15,22.22,22.22,60.0,24.22,14.0,2.74,26.67,4.13,0.95,6.27,14.27
PBI,2024-10-17,17,5,5,8,12,75.0,62.5,83.33,14.38,13.88,3.21,17.38,2.75,3.11,4.08,10.25
PBI,2024-10-17,18,6,7,10,16,60.0,50.0,62.5,16.7,12.1,1.26,17.4,3.94,0.15,3.88,19.94
PBI,2024-10-17,19,5,3,6,5,100.0,83.33,40.0,0.0,17.0,4.7,2.67,2.2,0.54,7.0,15.0
PBI,2024-10-17,20,3,1,4,8,75.0,75.0,12.5,9.0,9.5,0.35,8.0,7.38,0.34,11.0,28.5
PBI,2024-10-17,21,0,3,1,4,100.0,100.0,100.0,0.0,10.0,0.0,0.0,4.25,1.43,3.25,3.5
PBI,2024-10-17,22,0,5,1,6,100.0,100.0,50.0,0.0,10.0,0.0,0.0,1.17,0.67,7.67,22.33
PBI,2024-10-17,23,0,6,0,6,0.0,0.0,83.33,0.0,0.0,0.0,0.0,0.33,0.97,3.17,22.33
PBI,2024-10-18,0,0,1,0,3,0.0,0.0,66.67,0.0,0.0,0.0,0.0,2.67,0.33,2.33,9.0
PBI,2024-10-18,1,0,0,0,0,0.0,0.0,0.0,0.0,0.0,0.0,0.0,0.0,0.0,0.0,0.0
PBI,2024-10-18,5,1,0,1,0,100.0,100.0,0.0,0.0,10.0,1.0,0.0,0.0,0.0,0.0,0.0
PBI,2024-10-18,6,5,0,9,2,55.56,55.56,50.0,12.56,12.89,1.31,13.22,2.0,0.0,1.0,8.0
PBI,2024-10-18,7,7,0,11,0,81.82,81.82,0.0,5.91,14.18,3.29,7.91,0.0,0.0,0.0,0.0
PBI,2024-10-18,8,1,2,9,3,44.44,44.44,66.67,39.33,14.0,2.73,42.11,2.0,0.13,4.0,10.33
PBI,2024-10-18,9,2,3,12,5,8.33,8.33,80.0,25.0,12.67,1.57,26.75,1.4,0.46,4.2,8.0
PBI,2024-10-18,10,6,7,12,12,75.0,58.33,58.33,8.0,17.67,6.66,12.33,4.83,0.95,8.42,15.58
PBI,2024-10-18,11,7,6,19,14,57.89,47.37,64.29,15.11,16.79,5.58,19.95,3.14,0.59,5.07,29.14
PBI,2024-10-18,12,6,5,11,12,63.64,63.64,25.0,8.73,11.64,0.65,9.36,5.75,0.08,12.33,47.25
PBI,2024-10-18,13,4,4,7,10,28.57,28.57,60.0,24.14,15.71,4.47,28.57,7.8,1.0,21.4,26.7
PBI,2024-10-18,14,6,8,9,14,88.89,77.78,78.57,32.56,15.0,3.32,35.33,5.93,0.64,4.71,9.43
PBI,2024-10-18,15,6,3,15,14,60.0,53.33,50.0,14.53,13.2,2.26,15.73,8.29,0.49,11.64,32.71
PBI,2024-10-18,16,3,4,6,12,66.67,66.67,8.33,16.83,12.67,1.65,18.33,7.92,1.51,15.0,67.17
PBI,2024-10-18,17,5,6,10,18,30.0,20.0,55.56,35.8,14.7,4.14,39.6,4.89,1.36,11.11,19.56
PBI,2024-10-18,18,7,7,8,16,75.0,62.5,81.25,11.88,16.38,5.29,16.75,6.38,0.95,5.0,12.19
PBI,2024-10-18,19,5,4,6,7,100.0,100.0,42.86,1.33,14.5,2.47,3.67,5.86,0.87,6.71,68.43
PBI,2024-10-18,20,4,1,6,4,50.0,50.0,50.0,58.83,10.83,0.92,59.0,1.75,0.15,5.25,16.25
PBI,2024-10-18,21,0,3,0,6,0.0,0.0,50.0,0.0,0.0,0.0,0.0,1.5,0.52,4.0,14.83
PBI,2024-10-18,22,0,5,2,5,100.0,100.0,60.0,0.0,11.0,0.4,0.0,0.6,0.96,0.6,16.0
PBI,2024-10-18,23,0,6,0,6,0.0,0.0,83.33,0.0,0.0,0.0,0.0,0.0,2.92,0.0,15.17
PBI,2024-10-19,0,0,1,0,1,0.0,0.0,100.0,0.0,0.0,0.0,0.0,0.0,1.6,0.0,0.0
PBI,2024-10-19,1,0,0,0,0,0.0,0.0,0.0,0.0,0.0,0.0,0.0,0.0,0.0,0.0,0.0
PBI,2024-10-19,4,0,0,1,0,0.0,0.0,0.0,16.0,11.0,0.0,16.0,0.0,0.0,0.0,0.0
PBI,2024-10-19,5,0,0,1,0,0.0,0.0,0.0,18.0,12.0,0.8,19.0,0.0,0.0,0.0,0.0
PBI,2024-10-19,6,6,0,7,2,85.71,85.71,100.0,2.71,11.14,0.54,2.57,2.0,0.2,2.5,5.0
PBI,2024-10-19,7,6,0,13,2,76.92,76.92,100.0,7.31,13.31,2.46,9.15,1.0,0.2,0.0,0.0
PBI,2024-10-19,8,2,0,5,2,80.0,80.0,0.0,3.4,13.6,1.56,4.6,6.5,0.2,7.5,30.5
PBI,2024-10-19,9,1,3,3,3,100.0,100.0,100.0,0.0,16.33,5.23,5.0,0.33,2.17,0.0,0.0
PBI,2024-10-19,10,5,8,10,12,100.0,80.0,66.67,0.0,16.7,5.69,5.4,3.58,0.29,5.17,11.5
PBI,2024-10-19,11,7,6,13,11,76.92,76.92,81.82,10.38,12.85,2.05,11.46,3.0,0.35,2.18,9.45
PBI,2024-10-19,12,6,3,7,13,100.0,100.0,30.77,1.86,13.29,2.9,3.29,5.77,0.29,9.15,26.31
PBI,2024-10-19,13,3,4,10,9,70.0,70.0,55.56,12.3,12.6,1.43,13.8,2.67,0.2,2.44,14.0
PBI,2024-10-19,14,5,8,11,13,63.64,63.64,76.92,19.45,11.73,0.83,19.45,3.69,0.25,1.85,18.0
PBI,2024-10-19,15,6,5,17,7,82.35,82.35,85.71,10.0,12.59,1.69,11.0,0.0,1.09,0.0,6.43
PBI,2024-10-19,16,5,4,8,5,75.0,75.0,80.0,9.88,12.0,1.59,9.88,0.6,0.86,1.8,4.4
PBI,2024-10-19,17,6,4,6,8,100.0,100.0,75.0,0.17,9.5,0.47,0.0,2.75,0.79,4.88,8.13
PBI,2024-10-19,18,3,6,5,7,100.0,100.0,71.43,0.0,10.6,0.02,0.0,1.43,0.14,1.29,12.86
PBI,2024-10-19,19,3,4,5,7,80.0,80.0,57.14,3.8,17.8,5.96,7.6,2.14,1.13,2.57,18.71
PBI,2024-10-19,20,2,3,2,3,100.0,100.0,66.67,0.0,12.0,1.4,1.5,3.33,0.5,3.33,23.67
PBI,2024-10-19,21,0,4,0,4,0.0,0.0,100.0,0.0,0.0,0.0,0.0,0.0,0.9,0.0,2.5
PBI,2024-10-19,22,0,2,0,3,0.0,0.0,66.67,0.0,0.0,0.0,0.0,1.0,0.6,2.33,12.67
PBI,2024-10-19,23,0,1,0,2,0.0,0.0,50.0,0.0,0.0,0.0,0.0,0.0,1.25,0.0,13.5
PBI,2024-10-20,0,0,2,1,1,100.0,100.0,100.0,0.0,5.0,0.0,0.0,0.0,0.6,0.0,0.0
PBI,2024-10-20,5,1,0,1,0,100.0,100.0,0.0,0.0,10.0,1.0,0.0,0.0,0.0,0.0,0.0
PBI,2024-10-20,6,6,0,6,0,100.0,100.0,0.0,0.0,11.5,0.75,0.0,0.0,0.0,0.0,0.0
PBI,2024-10-20,7,6,0,7,0,85.71,85.71,0.0,3.57,12.29,1.04,3.86,0.0,0.0,0.0,0.0
PBI,2024-10-20,8,1,1,6,2,83.33,66.67,100.0,5.5,18.0,6.53,12.17,0.5,0.25,3.0,0.0
PBI,2024-10-20,9,1,2,9,3,44.44,44.44,66.67,15.44,12.11,0.99,16.56,2.67,0.17,7.0,9.33
PBI,2024-10-20,10,6,7,15,9,60.0,60.0,66.67,11.13,15.2,4.23,14.2,5.33,0.83,5.78,15.44
PBI,2024-10-20,11,7,9,11,13,63.64,54.55,61.54,8.73,16.09,4.8,12.64,2.38,1.46,4.31,15.54
PBI,2024-10-20,12,7,5,17,12,52.94,41.18,75.0,15.29,17.47,5.95,20.35,4.58,1.77,7.0,14.0
PBI,2024-10-20,13,4,3,11,5,63.64,63.64,40.0,15.91,13.82,2.46,17.91,5.4,1.04,6.0,58.2
PBI,2024-10-20,14,6,7,13,13,76.92,69.23,69.23,25.85,16.46,5.22,30.15,6.69,0.15,7.85,16.85
PBI,2024-10-20,15,5,3,7,16,57.14,57.14,62.5,20.86,15.57,3.59,23.43,4.5,1.83,7.19,13.75
PBI,2024-10-20,16,3,4,9,13,66.67,66.67,53.85,11.78,13.0,1.83,13.56,4.69,0.65,6.54,16.92
PBI,2024-10-20,17,5,6,9,9,66.67,44.44,77.78,13.78,20.22,9.59,21.67,4.11,0.39,3.56,19.33
PBI,2024-10-20,18,6,7,7,9,57.14,42.86,55.56,18.57,13.71,2.27,20.57,1.67,1.34,3.44,21.56
PBI,2024-10-20,19,6,2,7,8,57.14,57.14,62.5,19.71,12.57,0.8,20.14,1.5,1.44,5.0,19.0
PBI,2024-10-20,20,2,1,4,5,100.0,100.0,60.0,0.0,17.5,6.83,5.0,4.8,1.02,8.4,12.4
PBI,2024-10-20,21,0,3,0,5,0.0,0.0,100.0,0.0,0.0,0.0,0.0,2.2,0.98,4.4,1.0
PBI,2024-10-20,22,0,5,1,7,0.0,0.0,57.14,15.0,13.0,1.8,17.0,2.57,0.67,3.29,22.43
PBI,2024-10-20,23,0,5,0,5,0.0,0.0,80.0,0.0,0.0,0.0,0.0,0.0,0.1,0.0,4.6
PBI,2024-10-21,0,0,1,1,3,0.0,0.0,66.67,18.0,13.0,1.8,20.0,0.33,0.6,2.33,20.0
PBI,2024-10-21,1,0,0,0,0,0.0,0.0,0.0,0.0,0.0,0.0,0.0,0.0,0.0,0.0,0.0
PBI,2024-10-21,5,1,0,1,0,100.0,100.0,0.0,0.0,10.0,1.0,1.0,0.0,0.0,0.0,0.0
PBI,2024-10-21,6,5,0,9,1,66.67,66.67,0.0,15.44,12.0,0.72,15.44,0.0,0.2,1.0,17.0
PBI,2024-10-21,7,7,0,14,1,50.0,50.0,0.0,13.86,12.07,1.18,14.64,0.0,0.2,4.0,19.0
PBI,2024-10-21,8,1,1,6,1,16.67,16.67,100.0,26.17,11.5,0.7,25.83,0.0,0.0,0.0,0.0
PBI,2024-10-21,9,1,4,9,6,44.44,33.33,100.0,19.0,14.22,3.58,22.33,1.67,1.25,1.17,0.33
PBI,2024-10-21,10,7,7,11,11,90.91,90.91,72.73,2.0,13.55,2.57,3.64,2.45,0.85,2.45,13.73
PBI,2024-10-21,11,7,7,10,14,60.0,60.0,64.29,23.6,13.2,2.14,25.4,3.14,0.86,4.0,13.57
PBI,2024-10-21,12,7,4,15,12,66.67,53.33,41.67,17.87,15.07,3.65,21.13,3.83,0.58,6.5,27.92
PBI,2024-10-21,13,3,3,6,11,33.33,33.33,45.45,14.67,16.5,5.22,19.67,3.82,1.16,6.27,35.45
PBI,2024-10-21,14,5,9,10,13,60.0,50.0,92.31,10.2,15.5,4.13,13.7,1.85,1.54,1.31,2.85
PBI,2024-10-21,15,7,3,16,9,68.75,68.75,66.67,9.88,13.69,2.52,11.88,3.0,0.53,5.22,15.56
PBI,2024-10-21,16,3,4,8,10,87.5,87.5,60.0,5.0,14.88,3.99,8.38,2.8,0.37,4.4,14.0
PBI,2024-10-21,17,6,7,11,8,54.55,54.55,87.5,20.91,11.55,1.14,21.09,0.88,2.23,2.75,6.88
PBI,2024-10-21,18,7,7,7,12,100.0,100.0,75.0,0.71,11.43,1.46,1.14,2.17,0.87,2.67,11.83
PBI,2024-10-21,19,5,3,8,5,75.0,75.0,80.0,5.38,12.63,0.83,5.75,2.4,1.04,4.2,4.8
PBI,2024-10-21,20,3,1,3,3,100.0,100.0,66.67,3.67,10.33,0.83,3.67,3.33,0.57,3.33,12.67
PBI,2024-10-21,21,0,3,1,5,100.0,100.0,80.0,4.0,11.0,0.0,4.0,3.0,0.7,4.0,14.0
PBI,2024-10-21,22,0,5,1,6,100.0,100.0,66.67,0.0,13.0,1.8,0.0,3.17,2.0,2.83,15.0
PBI,2024-10-21,23,0,6,0,7,0.0,0.0,71.43,0.0,0.0,0.0,0.0,0.71,0.6,1.43,7.43
PBI,2024-10-22,0,0,1,0,1,0.0,0.0,100.0,0.0,0.0,0.0,0.0,0.0,0.6,0.0,0.0
PBI,2024-10-22,5,0,0,1,0,0.0,0.0,0.0,32.0,13.0,1.8,34.0,0.0,0.0,0.0,0.0
PBI,2024-10-22,6,6,0,9,4,66.67,66.67,25.0,11.67,13.11,2.66,12.33,0.0,0.4,2.0,17.0
PBI,2024-10-22,7,7,0,10,1,80.0,80.0,0.0,10.6,12.2,1.25,11.1,0.0,0.2,3.0,24.0
PBI,2024-10-22,8,1,1,5,2,60.0,60.0,50.0,9.4,13.4,1.88,11.4,4.0,0.1,7.0,9.5
PBI,2024-10-22,9,1,2,9,3,22.22,11.11,66.67,30.22,16.22,5.06,35.0,5.0,0.7,5.67,17.33
PBI,2024-10-22,10,5,7,9,10,88.89,88.89,100.0,3.0,14.0,2.96,4.33,2.6,0.18,2.5,1.8
PBI,2024-10-22,11,7,6,13,13,76.92,76.92,46.15,7.69,14.31,3.03,9.15,3.08,0.54,3.31,22.92
PBI,2024-10-22,12,5,4,9,10,100.0,100.0,80.0,0.0,16.33,5.19,3.78,3.5,0.34,3.4,13.5
PBI,2024-10-22,13,3,4,8,9,62.5,62.5,66.67,12.88,13.5,2.54,15.25,2.44,1.2,4.22,47.89
PBI,2024-10-22,14,6,6,12,9,83.33,83.33,100.0,31.33,13.33,2.06,33.0,2.0,2.5,2.56,3.11
PBI,2024-10-22,15,5,3,8,8,62.5,62.5,62.5,12.63,14.38,2.61,13.88,2.88,1.52,4.63,11.88
PBI,2024-10-22,16,3,5,4,14,75.0,75.0,50.0,7.5,12.5,1.32,7.75,3.71,0.63,5.71,32.0
PBI,2024-10-22,17,6,5,10,9,100.0,90.0,77.78,2.8,15.9,5.64,7.7,1.67,0.93,2.0,16.56
PBI,2024-10-22,18,5,6,7,12,85.71,85.71,83.33,18.43,13.0,1.77,19.29,11.5,0.28,3.83,10.0
PBI,2024-10-22,19,6,3,7,7,85.71,71.43,57.14,6.71,18.29,6.89,10.14,4.43,0.7,9.14,24.86
PBI,2024-10-22,20,2,2,2,3,50.0,50.0,100.0,19.0,11.5,1.7,18.5,5.0,0.23,0.0,0.0
PBI,2024-10-22,21,0,4,2,5,100.0,100.0,100.0,0.0,11.0,0.0,0.0,0.0,0.14,0.0,0.2
PBI,2024-10-22,22,0,4,1,6,100.0,100.0,66.67,0.0,13.0,1.8,0.0,1.67,0.87,6.5,14.67
PBI,2024-10-22,23,0,5,0,5,0.0,0.0,100.0,0.0,0.0,0.0,0.0,0.2,1.02,0.0,0.0
PBI,2024-10-23,0,0,1,0,1,0.0,0.0,100.0,0.0,0.0,0.0,0.0,0.0,0.6,0.0,0.0
PBI,2024-10-23,1,0,0,0,0,0.0,0.0,0.0,0.0,0.0,0.0,0.0,0.0,0.0,0.0,0.0
PBI,2024-10-23,2,0,0,0,2,0.0,0.0,50.0,0.0,0.0,0.0,0.0,0.0,0.2,3.0,33.0
PBI,2024-10-23,3,0,0,0,0,0.0,0.0,0.0,0.0,0.0,0.0,0.0,0.0,0.0,0.0,0.0
PBI,2024-10-23,5,0,0,0,0,0.0,0.0,0.0,0.0,0.0,0.0,0.0,0.0,0.0,0.0,0.0
PBI,2024-10-23,6,6,0,7,2,100.0,100.0,100.0,0.0,13.0,1.89,1.14,0.0,0.1,0.0,3.0
PBI,2024-10-23,7,7,0,15,0,53.33,53.33,0.0,17.27,13.27,1.95,18.47,0.0,0.0,0.0,0.0
PBI,2024-10-23,8,1,1,10,2,60.0,60.0,50.0,10.3,13.1,1.74,12.2,0.0,0.1,1.0,13.5
PBI,2024-10-23,9,1,2,7,2,71.43,57.14,100.0,7.29,16.0,4.87,12.29,0.5,0.15,0.0,0.0
PBI,2024-10-23,10,5,7,11,13,63.64,63.64,76.92,10.45,13.09,1.94,11.55,1.77,0.88,3.08,15.54
PBI,2024-10-23,11,7,6,10,12,80.0,80.0,41.67,9.3,12.6,1.46,10.3,3.0,0.59,5.83,18.92
PBI,2024-10-23,12,5,4,13,10,69.23,69.23,40.0,8.92,16.38,4.93,13.69,4.3,1.59,7.4,26.4
PBI,2024-10-23,13,3,3,7,8,57.14,57.14,50.0,18.43,14.0,3.0,21.29,10.13,1.82,11.5,23.0
PBI,2024-10-23,14,5,7,12,14,75.0,66.67,85.71,21.75,18.33,6.84,27.83,3.71,1.3,4.71,7.5
PBI,2024-10-23,15,5,3,13,16,76.92,76.92,43.75,5.46,17.46,5.96,10.31,9.44,0.88,24.25,44.69
PBI,2024-10-23,16,3,5,9,18,77.78,66.67,55.56,7.22,15.33,4.14,10.89,7.0,0.99,8.94,16.67
PBI,2024-10-23,17,7,6,10,11,90.0,90.0,63.64,3.3,14.3,3.66,5.4,5.45,0.43,7.36,16.27
PBI,2024-10-23,18,5,6,7,11,71.43,71.43,81.82,8.14,13.0,1.9,8.29,4.64,0.42,3.18,11.91
PBI,2024-10-23,19,6,3,7,6,71.43,71.43,100.0,11.29,13.14,2.0,12.0,3.17,0.82,1.33,0.0
PBI,2024-10-23,20,2,2,2,6,100.0,100.0,66.67,0.0,12.5,2.7,0.0,6.17,0.13,6.5,14.83
PBI,2024-10-23,21,0,4,2,5,50.0,50.0,80.0,22.5,11.0,0.4,23.0,0.6,0.94,1.8,9.0
PBI,2024-10-23,22,0,4,1,8,100.0,100.0,75.0,0.0,11.0,0.0,0.0,0.88,0.63,2.25,19.75
PBI,2024-10-23,23,0,5,1,6,0.0,0.0,66.67,27.0,12.0,0.8,28.0,1.83,0.7,1.5,25.67
PBI,2024-10-24,0,0,1,0,1,0.0,0.0,0.0,0.0,0.0,0.0,0.0,0.0,0.6,0.0,59.0
PBI,2024-10-24,1,0,0,0,1,0.0,0.0,100.0,0.0,0.0,0.0,0.0,6.0,0.2,4.0,0.0
PBI,2024-10-24,5,1,0,2,0,50.0,50.0,0.0,25.5,11.5,1.4,26.0,0.0,0.0,0.0,0.0
PBI,2024-10-24,6,5,0,8,3,62.5,62.5,100.0,15.0,11.75,0.29,15.13,1.33,1.87,0.0,2.67
PBI,2024-10-24,7,7,0,16,0,68.75,56.25,0.0,16.25,14.44,3.55,19.44,0.0,0.0,0.0,0.0
PBI,2024-10-24,8,1,1,9,4,33.33,22.22,25.0,17.67,16.89,5.44,23.11,4.25,0.15,8.25,29.75
PBI,2024-10-24,9,1,3,8,5,37.5,37.5,60.0,21.88,14.5,3.36,25.38,1.2,0.66,2.8,13.6
PBI,2024-10-24,10,7,8,17,14,41.18,41.18,64.29,26.47,15.24,4.19,29.76,2.29,1.43,6.0,18.71
PBI,2024-10-24,11,7,6,11,8,63.64,63.64,87.5,12.18,14.0,3.04,14.73,0.88,1.87,2.63,5.75
PBI,2024-10-24,12,6,5,14,13,50.0,50.0,46.15,21.79,12.43,1.43,22.5,7.38,1.91,11.08,24.77
PBI,2024-10-24,13,4,3,12,5,66.67,58.33,80.0,8.67,17.08,5.79,14.25,4.4,1.32,3.8,5.6
PBI,2024-10-24,14,6,8,13,18,76.92,76.92,66.67,6.54,15.54,4.55,10.62,4.67,0.71,6.06,13.44
PBI,2024-10-24,15,6,3,14,14,78.57,57.14,35.71,8.43,17.29,6.08,14.5,3.57,0.99,6.14,27.57
PBI,2024-10-24,16,3,4,8,12,75.0,62.5,66.67,9.63,16.38,5.58,14.5,4.0,0.36,4.67,15.58
PBI,2024-10-24,17,5,7,8,11,87.5,75.0,63.64,7.0,14.25,3.58,9.25,0.73,0.99,0.82,18.18
PBI,2024-10-24,18,7,7,10,13,50.0,50.0,69.23,17.2,13.5,2.15,18.9,3.23,2.38,4.31,10.15
PBI,2024-10-24,19,5,4,8,8,75.0,75.0,37.5,8.38,15.25,2.95,9.0,3.63,0.09,6.0,37.63
PBI,2024-10-24,20,4,1,5,2,100.0,100.0,100.0,2.6,14.4,4.28,5.2,2.5,1.75,0.0,0.0
PBI,2024-10-24,21,0,3,1,3,100.0,100.0,100.0,0.0,12.0,0.8,0.0,0.67,0.37,0.0,3.67
PBI,2024-10-24,22,0,5,1,8,100.0,100.0,87.5,0.0,12.0,0.8,1.0,0.38,0.22,1.25,3.0
PBI,2024-10-24,23,0,6,0,7,0.0,0.0,85.71,0.0,0.0,0.0,0.0,0.43,1.17,0.0,7.0
PBI,2024-10-25,0,0,1,1,2,100.0,100.0,100.0,0.0,16.0,4.8,5.0,21.5,0.4,4.5,0.0
PBI,2024-10-25,5,1,0,1,1,100.0,100.0,0.0,0.0,9.0,0.0,0.0,0.0,0.2,0.0,23.0
PBI,2024-10-25,6,5,0,6,1,83.33,83.33,100.0,4.17,14.67,3.33,4.83,0.0,0.2,0.0,0.0
PBI,2024-10-25,7,7,0,17,0,58.82,64.71,0.0,9.82,11.71,0.72,10.0,0.0,0.0,0.0,0.0
PBI,2024-10-25,8,1,2,5,2,60.0,60.0,100.0,23.2,13.2,1.76,25.0,0.0,0.6,3.5,0.5
PBI,2024-10-25,9,2,3,4,4,100.0,100.0,100.0,1.25,16.0,4.93,6.25,0.0,0.05,0.0,0.0
PBI,2024-10-25,10,7,7,13,12,92.31,92.31,75.0,2.46,13.46,2.76,4.92,1.58,0.48,0.92,9.08
PBI,2024-10-25,11,7,6,18,13,72.22,72.22,53.85,11.83,13.67,2.43,13.67,3.31,0.29,4.46,19.31
PBI,2024-10-25,12,7,5,13,8,61.54,61.54,37.5,16.46,11.62,0.7,16.92,4.5,0.36,4.75,25.63
PBI,2024-10-25,13,3,4,11,10,27.27,27.27,60.0,28.45,14.27,3.02,31.55,3.3,0.85,5.1,20.7
PBI,2024-10-25,14,6,8,9,12,66.67,66.67,75.0,6.56,14.89,3.41,8.33,2.08,0.44,3.42,12.08
PBI,2024-10-25,15,6,3,7,9,71.43,71.43,66.67,10.71,14.29,2.53,12.29,6.22,0.57,8.11,22.78
PBI,2024-10-25,16,3,4,5,16,80.0,60.0,56.25,19.6,19.8,8.86,28.0,3.13,1.53,7.06,14.25
PBI,2024-10-25,17,5,7,5,9,80.0,80.0,55.56,5.8,15.6,5.0,7.2,0.89,1.31,4.0,23.67
PBI,2024-10-25,18,7,7,9,12,55.56,55.56,58.33,21.0,11.56,0.69,20.78,2.08,2.23,3.25,21.33
PBI,2024-10-25,19,5,4,6,7,83.33,83.33,28.57,2.83,11.17,0.0,2.5,2.86,1.14,4.57,56.29
PBI,2024-10-25,20,3,2,3,3,66.67,66.67,66.67,12.33,12.0,2.17,14.33,0.67,0.57,0.0,6.67
PBI,2024-10-25,21,1,3,0,4,0.0,0.0,50.0,0.0,0.0,0.0,0.0,1.75,3.03,3.75,55.5
PBI,2024-10-25,22,0,4,2,4,100.0,100.0,100.0,0.0,13.0,1.9,0.0,2.0,2.0,1.75,1.0
PBI,2024-10-25,23,0,6,0,7,0.0,0.0,85.71,0.0,0.0,0.0,0.0,0.57,0.89,0.0,2.71
PBI,2024-10-26,0,0,1,0,1,0.0,0.0,100.0,0.0,0.0,0.0,0.0,0.0,0.0,0.0,0.0
PBI,2024-10-26,1,0,0,0,1,0.0,0.0,100.0,0.0,0.0,0.0,0.0,6.0,0.2,0.0,0.0
PBI,2024-10-26,6,6,0,7,2,85.71,85.71,100.0,5.57,11.29,0.51,5.71,0.0,0.2,1.5,0.0
PBI,2024-10-26,7,6,0,10,2,80.0,80.0,50.0,7.1,12.1,1.63,8.3,0.0,0.1,1.0,11.5
PBI,2024-10-26,8,2,0,7,1,28.57,28.57,100.0,29.43,13.14,1.63,31.0,10.0,0.2,25.0,11.0
PBI,2024-10-26,9,1,3,10,5,30.0,30.0,80.0,32.0,12.0,0.87,33.0,0.4,1.7,1.4,17.4
PBI,2024-10-26,10,6,8,11,11,72.73,72.73,90.91,9.09,14.82,3.69,12.27,1.73,2.0,2.36,2.91
PBI,2024-10-26,11,7,7,9,12,88.89,88.89,75.0,4.33,11.89,0.92,4.33,1.92,0.58,2.92,16.92
PBI,2024-10-26,12,7,3,13,12,53.85,53.85,33.33,16.15,13.15,2.16,17.92,4.67,0.19,7.92,32.75
PBI,2024-10-26,13,3,4,4,9,75.0,75.0,66.67,11.75,13.5,1.97,13.0,4.89,0.31,5.89,21.0
PBI,2024-10-26,14,5,7,14,15,50.0,50.0,53.33,19.07,13.71,2.56,21.07,3.0,0.41,4.67,26.2
PBI,2024-10-26,15,6,5,11,11,54.55,54.55,45.45,23.82,12.0,0.81,24.55,4.36,0.2,6.55,20.0
PBI,2024-10-26,16,4,5,7,8,71.43,57.14,75.0,18.71,15.29,4.44,22.29,1.38,0.59,2.63,13.0
PBI,2024-10-26,17,7,4,12,12,50.0,50.0,75.0,19.17,10.67,0.58,19.08,5.67,0.55,4.33,7.08
PBI,2024-10-26,18,2,6,3,10,100.0,100.0,80.0,0.0,16.67,4.77,3.67,1.4,0.12,3.5,16.6
PBI,2024-10-26,19,3,6,7,11,71.43,71.43,45.45,11.14,12.57,1.49,12.71,3.45,0.56,4.64,16.73
PBI,2024-10-26,20,1,2,2,2,100.0,100.0,100.0,0.0,11.0,0.05,0.0,0.0,0.9,0.0,4.5
PBI,2024-10-26,21,0,4,0,4,0.0,0.0,100.0,0.0,0.0,0.0,0.0,0.25,0.13,0.0,1.25
PBI,2024-10-26,22,0,1,0,2,0.0,0.0,100.0,0.0,0.0,0.0,0.0,0.0,0.25,0.0,0.0
PBI,2024-10-26,23,0,1,0,1,0.0,0.0,0.0,0.0,0.0,0.0,0.0,0.0,4.3,7.0,65.0
PBI,2024-10-27,0,0,2,0,3,0.0,0.0,66.67,0.0,0.0,0.0,0.0,9.0,0.13,13.67,9.67
PBI,2024-10-27,1,0,0,1,1,100.0,100.0,100.0,0.0,13.0,1.8,2.0,0.0,0.2,0.0,0.0
PBI,2024-10-27,2,0,0,0,0,0.0,0.0,0.0,0.0,0.0,0.0,0.0,0.0,0.0,0.0,0.0
PBI,2024-10-27,5,1,0,1,0,100.0,100.0,0.0,0.0,7.0,0.0,0.0,0.0,0.0,0.0,0.0
PBI,2024-10-27,6,6,0,7,0,100.0,100.0,0.0,0.0,13.57,2.61,1.86,0.0,0.0,0.0,0.0
PBI,2024-10-27,7,5,0,13,1,92.31,92.31,100.0,2.15,13.85,2.33,3.38,0.0,0.2,0.0,0.0
PBI,2024-10-27,8,3,0,18,0,77.78,77.78,0.0,5.72,13.83,2.69,8.39,0.0,0.0,0.0,0.0
PBI,2024-10-27,9,3,3,7,7,85.71,85.71,57.14,3.0,13.57,2.53,4.71,0.0,0.56,1.43,10.57
PBI,2024-10-27,10,5,9,18,9,83.33,83.33,88.89,8.22,16.28,5.37,12.61,1.44,0.89,2.33,19.11
PBI,2024-10-27,11,8,10,14,13,85.71,85.71,84.62,13.5,13.14,2.35,14.93,0.69,1.1,0.46,5.77
PBI,2024-10-27,12,8,5,15,11,60.0,60.0,45.45,17.13,14.13,2.78,19.4,4.09,0.47,9.36,25.73
PBI,2024-10-27,13,4,3,8,9,50.0,50.0,55.56,33.38,14.13,3.08,36.38,0.22,0.27,1.89,33.44
PBI,2024-10-27,14,6,7,9,12,77.78,77.78,91.67,14.78,15.0,3.8,18.0,2.25,0.63,1.75,6.75
PBI,2024-10-27,15,6,5,12,15,83.33,58.33,73.33,9.17,20.42,8.86,17.33,4.87,2.79,5.27,10.93
PBI,2024-10-27,16,5,6,14,16,85.71,64.29,68.75,11.29,16.79,5.64,16.57,3.81,2.46,5.0,13.69
PBI,2024-10-27,17,5,5,10,9,70.0,70.0,77.78,13.8,12.3,1.48,15.1,3.67,0.47,4.89,6.78
PBI,2024-10-27,18,5,9,7,17,85.71,85.71,76.47,14.29,11.57,0.39,14.29,9.71,0.84,9.53,13.24
PBI,2024-10-27,19,8,3,10,13,90.0,80.0,76.92,3.1,13.7,2.88,5.5,3.85,0.38,7.38,11.31
PBI,2024-10-27,20,1,0,4,4,75.0,75.0,100.0,11.25,13.5,2.38,13.5,5.25,0.2,4.0,1.75
PBI,2024-10-27,21,1,4,1,6,0.0,0.0,50.0,30.0,15.0,5.4,35.0,12.17,2.13,7.67,14.67
PBI,2024-10-27,22,0,5,0,7,0.0,0.0,57.14,0.0,0.0,0.0,0.0,1.0,0.33,1.0,24.43
PBI,2024-10-27,23,0,7,1,8,100.0,100.0,75.0,0.0,17.0,5.8,6.0,0.13,1.57,2.88,24.25
PBI,2024-10-28,0,0,2,0,2,0.0,0.0,100.0,0.0,0.0,0.0,0.0,0.0,0.3,0.0,0.0
PBI,2024-10-28,3,0,0,0,0,0.0,0.0,0.0,0.0,0.0,0.0,0.0,0.0,0.0,0.0,0.0
PBI,2024-10-28,4,0,0,0,0,0.0,0.0,0.0,0.0,0.0,0.0,0.0,0.0,0.0,0.0,0.0
PBI,2024-10-28,5,1,0,2,0,100.0,100.0,0.0,0.0,9.5,0.0,0.0,0.0,0.0,0.0,0.0
PBI,2024-10-28,6,6,0,9,0,88.89,88.89,0.0,2.33,13.33,2.16,3.22,0.0,0.0,0.0,0.0
PBI,2024-10-28,7,7,0,12,2,75.0,75.0,0.0,5.17,14.83,3.72,7.5,1.0,0.2,6.5,41.0
PBI,2024-10-28,8,4,0,6,0,66.67,66.67,0.0,38.5,15.17,4.08,41.67,0.0,0.0,0.0,0.0
PBI,2024-10-28,9,3,5,8,5,50.0,50.0,100.0,13.88,14.13,3.28,16.38,0.0,1.5,0.0,0.0
PBI,2024-10-28,10,6,9,12,11,100.0,91.67,90.91,0.08,17.92,6.9,5.17,0.36,1.7,4.27,4.64
PBI,2024-10-28,11,8,6,13,11,69.23,69.23,81.82,13.46,15.85,4.96,16.38,1.36,1.38,0.91,4.27
PBI,2024-10-28,12,7,6,14,14,78.57,71.43,71.43,6.64,17.43,6.14,11.79,4.07,1.15,4.5,10.57
PBI,2024-10-28,13,4,5,9,18,66.67,55.56,77.78,11.22,21.0,9.6,20.89,6.44,0.34,7.61,11.44
PBI,2024-10-28,14,7,8,15,19,66.67,60.0,73.68,10.4,17.53,6.13,14.8,3.63,0.22,5.05,15.47
PBI,2024-10-28,15,7,6,12,15,58.33,41.67,66.67,16.33,16.33,4.94,19.25,6.6,1.19,8.67,15.33
PBI,2024-10-28,16,6,6,9,12,66.67,66.67,100.0,11.56,13.33,2.19,13.0,1.25,2.17,1.0,1.08
PBI,2024-10-28,17,5,4,11,7,63.64,63.64,100.0,12.0,13.91,3.09,14.18,1.14,2.73,2.29,0.71
PBI,2024-10-28,18,5,8,8,9,75.0,75.0,77.78,13.13,12.75,1.86,14.5,53.89,0.9,48.33,47.56
PBI,2024-10-28,19,6,4,6,7,83.33,83.33,71.43,5.17,13.17,1.62,6.33,1.43,1.43,4.29,6.43
PBI,2024-10-28,20,2,0,2,2,100.0,100.0,50.0,5.0,8.5,0.0,4.0,9.0,0.7,12.5,43.0
PBI,2024-10-28,21,1,4,3,5,100.0,100.0,100.0,0.0,13.33,2.67,0.67,6.0,1.52,3.4,4.0
PBI,2024-10-28,22,0,5,1,6,100.0,100.0,83.33,0.0,11.0,0.0,0.0,0.17,3.15,6.33,6.33
PBI,2024-10-28,23,0,7,0,9,0.0,0.0,77.78,0.0,0.0,0.0,0.0,0.67,0.52,1.44,15.44
PBI,2024-10-29,0,0,1,0,2,0.0,0.0,50.0,0.0,0.0,0.0,0.0,0.0,0.3,18.5,15.5
PBI,2024-10-29,1,0,0,0,0,0.0,0.0,0.0,0.0,0.0,0.0,0.0,0.0,0.0,0.0,0.0
PBI,2024-10-29,3,0,0,1,0,100.0,0.0,0.0,0.0,26.0,14.8,15.0,0.0,0.0,0.0,0.0
PBI,2024-10-29,5,0,0,0,0,0.0,0.0,0.0,0.0,0.0,0.0,0.0,0.0,0.0,0.0,0.0
PBI,2024-10-29,6,7,0,7,3,100.0,100.0,100.0,0.0,12.29,1.36,0.0,1.33,0.13,1.0,1.0
PBI,2024-10-29,7,7,0,8,0,100.0,100.0,0.0,0.25,14.0,2.67,0.75,0.0,0.0,0.0,0.0
PBI,2024-10-29,8,4,0,11,0,72.73,54.55,0.0,9.18,17.73,6.53,14.73,0.0,0.0,0.0,0.0
PBI,2024-10-29,9,3,3,7,8,71.43,71.43,62.5,9.43,13.14,2.37,11.29,4.25,1.04,5.5,10.5
PBI,2024-10-29,10,4,9,9,10,77.78,66.67,100.0,10.44,14.33,3.39,13.11,1.0,0.84,0.1,0.9
PBI,2024-10-29,11,8,6,8,13,75.0,75.0,53.85,7.0,11.88,1.75,6.63,1.85,3.0,3.15,18.08
PBI,2024-10-29,12,6,5,9,14,100.0,100.0,64.29,0.0,13.44,2.16,1.44,5.57,0.61,7.0,14.5
PBI,2024-10-29,13,4,5,14,16,85.71,85.71,62.5,3.43,15.14,4.0,6.57,2.31,0.23,5.88,12.75
PBI,2024-10-29,14,6,6,14,11,85.71,78.57,81.82,9.71,14.64,3.33,11.86,1.45,0.65,2.73,8.91
PBI,2024-10-29,15,6,5,10,12,80.0,80.0,75.0,7.6,14.6,3.21,9.2,1.92,0.47,5.92,14.33
PBI,2024-10-29,16,5,7,7,12,85.71,85.71,83.33,5.71,13.71,2.81,7.43,1.67,1.12,1.92,8.92
PBI,2024-10-29,17,5,3,7,4,100.0,100.0,100.0,1.14,12.43,1.93,2.71,3.0,1.78,0.0,3.5
PBI,2024-10-29,18,3,7,6,13,83.33,83.33,84.62,11.5,11.83,0.67,12.17,1.15,0.67,1.31,7.0
PBI,2024-10-29,19,6,4,9,7,77.78,77.78,100.0,5.89,11.56,0.77,6.11,0.57,0.19,0.71,1.57
PBI,2024-10-29,20,1,1,2,3,100.0,100.0,33.33,0.0,11.5,0.55,0.0,8.33,0.17,13.0,25.0
PBI,2024-10-29,21,1,5,3,10,100.0,100.0,60.0,0.0,13.33,2.67,0.67,2.0,0.2,2.6,27.9
PBI,2024-10-29,22,0,4,1,6,100.0,100.0,83.33,0.0,12.0,0.8,0.0,1.33,0.43,2.17,14.33
PBI,2024-10-29,23,0,5,0,7,0.0,0.0,100.0,0.0,0.0,0.0,0.0,0.29,0.64,0.0,1.43
PBI,2024-10-30,0,0,1,0,2,0.0,0.0,100.0,0.0,0.0,0.0,0.0,0.0,0.1,0.0,0.0
PBI,2024-10-30,1,0,0,0,0,0.0,0.0,0.0,0.0,0.0,0.0,0.0,0.0,0.0,0.0,0.0
PBI,2024-10-30,2,0,0,0,1,0.0,0.0,100.0,0.0,0.0,0.0,0.0,2.0,0.2,0.0,0.0
PBI,2024-10-30,5,0,0,0,0,0.0,0.0,0.0,0.0,0.0,0.0,0.0,0.0,0.0,0.0,0.0
PBI,2024-10-30,6,7,0,10,3,80.0,80.0,33.33,8.6,12.3,1.26,8.8,2.33,0.13,4.33,19.67
PBI,2024-10-30,7,7,0,11,0,81.82,81.82,0.0,4.45,12.55,1.31,4.55,0.0,0.0,0.0,0.0
PBI,2024-10-30,8,4,0,12,0,66.67,58.33,0.0,16.08,15.5,4.43,19.75,0.0,0.0,0.0,0.0
PBI,2024-10-30,9,2,3,7,4,85.71,85.71,100.0,4.29,12.29,1.26,4.57,1.5,0.53,0.0,0.0
PBI,2024-10-30,10,4,8,9,14,66.67,66.67,85.71,9.0,12.44,1.22,10.0,2.36,0.94,3.5,11.5
PBI,2024-10-30,11,8,6,14,11,92.86,92.86,90.91,1.21,14.29,3.3,3.57,1.55,0.55,0.55,5.55
PBI,2024-10-30,12,5,5,16,13,68.75,68.75,100.0,13.19,12.88,1.92,14.06,1.08,0.28,1.85,2.31
PBI,2024-10-30,13,3,4,11,13,63.64,63.64,69.23,17.36,13.64,2.65,19.91,3.46,0.33,3.54,10.62
PBI,2024-10-30,14,6,7,11,11,81.82,72.73,90.91,4.45,14.64,3.24,7.0,0.27,0.44,0.36,1.55
PBI,2024-10-30,15,6,5,13,15,76.92,76.92,86.67,14.23,13.92,2.42,15.92,4.27,0.24,5.27,7.53
PBI,2024-10-30,16,5,6,10,17,80.0,70.0,52.94,14.0,15.3,4.44,16.7,8.18,0.78,7.47,19.0
PBI,2024-10-30,17,7,5,10,10,80.0,80.0,60.0,11.5,12.6,2.36,12.5,7.8,0.22,6.1,20.4
PBI,2024-10-30,18,3,6,3,9,100.0,100.0,100.0,1.0,13.33,1.27,1.33,3.22,0.08,0.89,0.0
PBI,2024-10-30,19,7,4,7,7,85.71,85.71,57.14,10.57,13.14,2.1,11.14,2.57,0.39,3.29,21.71
PBI,2024-10-30,20,1,1,1,5,100.0,100.0,80.0,0.0,11.0,0.1,0.0,6.4,0.86,5.2,10.4
PBI,2024-10-30,21,1,5,2,8,100.0,100.0,75.0,0.0,15.0,4.6,0.0,0.25,0.99,0.0,7.75
PBI,2024-10-30,22,0,4,2,5,100.0,100.0,100.0,0.0,11.0,0.0,0.0,0.0,0.16,0.0,0.0
PBI,2024-10-30,23,0,6,0,9,0.0,0.0,77.78,0.0,0.0,0.0,0.0,8.78,0.78,2.89,12.44
PBI,2024-10-31,0,0,1,0,1,0.0,0.0,100.0,0.0,0.0,0.0,0.0,0.0,0.6,0.0,0.0
PBI,2024-10-31,1,0,0,0,1,0.0,0.0,100.0,0.0,0.0,0.0,0.0,8.0,0.2,0.0,0.0
PBI,2024-10-31,6,6,0,9,2,77.78,77.78,100.0,10.33,14.89,3.49,11.22,0.0,0.0,0.0,5.0
PBI,2024-10-31,7,7,0,17,0,82.35,82.35,0.0,5.76,15.29,4.05,9.65,0.0,0.0,0.0,0.0
PBI,2024-10-31,8,5,0,10,0,80.0,80.0,0.0,5.0,14.5,3.68,7.8,0.0,0.0,0.0,0.0
PBI,2024-10-31,9,3,3,16,5,75.0,68.75,60.0,9.56,14.19,3.2,12.75,2.0,1.34,2.6,36.6
PBI,2024-10-31,10,4,9,10,13,70.0,70.0,76.92,25.2,14.5,3.47,28.4,1.31,0.67,5.69,10.15
PBI,2024-10-31,11,7,5,15,13,66.67,66.67,53.85,22.6,14.0,2.9,23.93,2.69,0.95,3.15,22.15
PBI,2024-10-31,12,6,7,12,15,66.67,58.33,53.33,19.92,14.0,3.13,22.58,8.53,1.05,9.87,24.47
PBI,2024-10-31,13,6,5,14,12,50.0,35.71,66.67,19.36,19.0,7.75,26.5,8.33,0.56,7.58,18.58
PBI,2024-10-31,14,5,6,17,13,58.82,47.06,76.92,12.12,16.35,5.04,16.59,7.23,0.22,5.31,7.92
PBI,2024-10-31,15,7,6,14,11,85.71,85.71,45.45,4.86,14.64,3.79,6.93,5.91,0.73,9.09,28.09
PBI,2024-10-31,16,4,7,12,12,91.67,91.67,83.33,4.0,16.5,5.54,8.0,0.17,0.33,0.42,8.33
PBI,2024-10-31,17,5,4,6,14,33.33,33.33,71.43,28.67,11.83,1.77,29.0,2.43,0.16,2.86,19.07
PBI,2024-10-31,18,3,5,6,12,50.0,66.67,83.33,24.0,11.17,0.0,23.33,2.0,0.33,2.67,9.5
PBI,2024-10-31,19,4,4,6,7,100.0,100.0,71.43,1.0,13.0,2.62,3.67,5.43,0.56,3.86,25.14
PBI,2024-10-31,20,1,0,2,3,100.0,100.0,66.67,0.0,11.5,0.45,0.5,0.0,0.13,6.33,14.33
PBI,2024-10-31,21,1,3,3,4,100.0,100.0,100.0,0.0,11.67,1.13,0.0,0.0,0.4,0.0,0.0
PBI,2024-10-31,22,0,4,1,8,100.0,100.0,75.0,0.0,11.0,0.0,0.0,0.88,0.11,6.5,16.75
PBI,2024-10-31,23,0,5,1,5,100.0,100.0,80.0,0.0,11.0,0.0,0.0,1.4,0.82,3.2,4.2
PBI,2024-11-01,0,0,1,0,1,0.0,0.0,100.0,0.0,0.0,0.0,0.0,1.0,0.6,0.0,0.0
PBI,2024-11-01,2,0,0,0,1,0.0,0.0,100.0,0.0,0.0,0.0,0.0,1.0,0.2,6.0,13.0
PBI,2024-11-01,5,1,0,3,0,66.67,66.67,0.0,11.33,10.33,0.53,12.0,0.0,0.0,0.0,0.0
PBI,2024-11-01,6,6,0,7,2,85.71,85.71,100.0,5.43,12.0,1.34,6.14,2.0,0.0,0.0,0.0
PBI,2024-11-01,7,7,0,16,0,75.0,75.0,0.0,5.69,14.0,2.86,7.38,0.0,0.0,0.0,0.0
PBI,2024-11-01,8,4,1,12,2,83.33,83.33,50.0,6.5,14.58,3.4,9.83,0.5,0.7,3.5,11.5
PBI,2024-11-01,9,4,4,9,6,77.78,77.78,83.33,6.0,15.11,4.03,8.44,1.67,0.6,4.0,4.83
PBI,2024-11-01,10,5,9,12,13,75.0,75.0,69.23,8.17,16.17,5.4,12.08,1.23,3.51,3.23,9.62
PBI,2024-11-01,11,8,7,16,16,68.75,68.75,62.5,20.75,15.88,4.82,24.63,2.25,1.35,3.13,15.69
PBI,2024-11-01,12,8,6,15,16,66.67,66.67,62.5,8.93,16.87,5.67,13.6,6.19,0.45,9.63,18.88
PBI,2024-11-01,13,4,5,14,20,71.43,71.43,65.0,14.5,17.57,6.3,19.71,8.55,0.72,8.95,21.35
PBI,2024-11-01,14,7,8,18,16,44.44,33.33,81.25,27.44,20.72,9.36,35.22,4.19,0.64,4.19,10.69
PBI,2024-11-01,15,7,5,14,12,71.43,57.14,91.67,20.14,18.79,7.58,26.36,1.83,0.43,2.42,5.17
PBI,2024-11-01,16,5,6,6,17,100.0,66.67,58.82,0.33,26.33,15.18,13.67,6.88,0.56,8.41,20.06
PBI,2024-11-01,17,5,3,7,21,85.71,71.43,57.14,5.71,20.29,9.51,11.71,7.76,0.99,9.48,18.38
PBI,2024-11-01,18,5,9,9,16,55.56,55.56,87.5,23.22,13.44,1.99,24.67,5.19,0.37,4.63,9.5
PBI,2024-11-01,19,5,4,6,8,83.33,83.33,87.5,10.33,11.83,0.83,10.67,3.75,0.78,3.13,8.25
PBI,2024-11-01,20,2,0,3,3,66.67,66.67,66.67,16.0,10.67,0.63,16.67,6.0,0.53,8.33,17.0
PBI,2024-11-01,21,1,4,1,6,100.0,100.0,66.67,0.0,13.0,3.4,0.0,1.5,0.27,3.67,5.17
PBI,2024-11-01,22,0,5,2,5,100.0,100.0,80.0,0.0,12.5,1.4,0.0,0.6,0.44,0.0,9.0
PBI,2024-11-01,23,0,7,0,7,0.0,0.0,85.71,0.0,0.0,0.0,0.0,0.14,1.56,0.29,4.43
PBI,2024-11-02,0,0,1,0,2,0.0,0.0,50.0,0.0,0.0,0.0,0.0,0.0,0.1,1.5,52.0
PBI,2024-11-02,2,0,0,0,0,0.0,0.0,0.0,0.0,0.0,0.0,0.0,0.0,0.0,0.0,0.0
PBI,2024-11-02,3,0,0,0,0,0.0,0.0,0.0,0.0,0.0,0.0,0.0,0.0,0.0,0.0,0.0
PBI,2024-11-02,4,0,0,0,1,0.0,0.0,0.0,0.0,0.0,0.0,0.0,1.0,0.0,0.0,69.0
PBI,2024-11-02,5,0,0,1,0,0.0,0.0,0.0,16.0,12.0,0.8,17.0,0.0,0.0,0.0,0.0
PBI,2024-11-02,6,7,0,10,2,80.0,70.0,100.0,5.0,15.3,4.24,7.9,1.5,0.1,2.5,0.0
PBI,2024-11-02,7,6,0,12,3,66.67,66.67,66.67,10.58,13.17,2.25,12.42,2.67,0.2,7.0,17.67
PBI,2024-11-02,8,5,0,14,1,50.0,50.0,100.0,15.21,13.21,1.83,16.43,0.0,0.2,0.0,0.0
PBI,2024-11-02,9,3,4,8,6,50.0,50.0,100.0,17.88,12.38,1.43,19.25,2.0,0.87,4.17,1.67
PBI,2024-11-02,10,5,8,13,13,61.54,46.15,53.85,12.0,16.62,5.4,16.69,5.77,2.0,7.23,14.46
PBI,2024-11-02,11,7,8,11,15,81.82,72.73,60.0,8.82,16.73,5.26,12.55,1.93,0.74,5.67,14.47
PBI,2024-11-02,12,8,4,14,12,78.57,71.43,58.33,11.21,13.79,2.95,13.71,3.58,0.34,5.17,18.33
PBI,2024-11-02,13,4,5,12,9,91.67,91.67,77.78,3.42,12.92,1.76,4.08,4.33,1.12,6.22,9.67
PBI,2024-11-02,14,5,6,6,11,100.0,100.0,72.73,0.0,15.0,3.67,1.17,3.45,0.59,3.73,12.45
PBI,2024-11-02,15,7,6,15,10,86.67,86.67,60.0,3.33,13.67,2.34,4.93,2.4,0.84,4.2,19.4
PBI,2024-11-02,16,5,7,11,15,81.82,81.82,73.33,9.27,12.0,1.29,10.36,3.07,0.87,2.07,28.73
PBI,2024-11-02,17,5,2,9,6,66.67,66.67,66.67,11.56,12.67,2.23,12.89,3.17,0.9,5.67,24.5
PBI,2024-11-02,18,2,10,4,18,50.0,50.0,61.11,19.5,12.75,1.25,20.25,2.28,0.92,3.67,26.61
PBI,2024-11-02,19,6,4,9,6,77.78,77.78,100.0,14.22,12.78,1.57,15.11,1.0,0.33,1.5,2.33
PBI,2024-11-02,20,1,1,2,2,50.0,50.0,50.0,10.0,13.0,1.95,11.5,1.0,0.6,1.5,25.5
PBI,2024-11-02,21,0,4,3,6,66.67,66.67,83.33,11.0,11.67,0.93,11.33,0.67,0.35,2.0,12.17
PBI,2024-11-02,22,0,2,0,2,0.0,0.0,100.0,0.0,0.0,0.0,0.0,0.0,1.8,0.0,0.0
PBI,2024-11-02,23,0,4,0,6,0.0,0.0,83.33,0.0,0.0,0.0,0.0,2.0,0.72,2.83,12.67
PBI,2024-11-03,0,0,1,0,2,0.0,0.0,100.0,0.0,0.0,0.0,0.0,2.0,0.4,3.5,0.0
PBI,2024-11-03,5,0,0,0,0,0.0,0.0,0.0,0.0,0.0,0.0,0.0,0.0,0.0,0.0,0.0
PBI,2024-11-03,6,8,0,10,0,90.0,90.0,0.0,1.5,11.5,1.04,1.9,0.0,0.0,0.0,0.0
PBI,2024-11-03,7,6,0,15,0,60.0,60.0,0.0,9.4,13.93,2.71,11.73,0.0,0.0,0.0,0.0
PBI,2024-11-03,8,4,0,8,3,87.5,62.5,33.33,3.25,16.88,5.96,8.38,2.67,0.87,9.33,24.0
PBI,2024-11-03,9,3,4,11,6,72.73,72.73,83.33,9.55,13.82,2.99,12.45,2.67,1.28,4.5,5.33
PBI,2024-11-03,10,5,8,16,13,43.75,43.75,69.23,31.5,13.75,2.73,33.88,6.0,1.79,6.15,16.08
PBI,2024-11-03,11,7,10,19,18,57.89,36.84,55.56,12.47,18.95,7.63,19.95,5.33,0.31,5.78,13.67
PBI,2024-11-03,12,9,6,19,16,57.89,36.84,50.0,18.53,19.16,7.91,24.79,6.31,1.19,9.44,18.56
PBI,2024-11-03,13,4,3,12,8,83.33,83.33,75.0,4.25,13.92,2.72,6.83,2.0,0.94,5.38,21.25
PBI,2024-11-03,14,7,8,14,19,64.29,64.29,78.95,14.71,14.36,3.37,17.5,4.11,0.82,5.68,11.11
PBI,2024-11-03,15,7,6,19,15,63.16,52.63,53.33,17.37,18.95,7.54,24.05,7.53,0.29,10.13,22.47
PBI,2024-11-03,16,6,6,18,19,77.78,66.67,57.89,11.44,18.11,7.06,16.89,7.63,1.1,8.16,18.26
PBI,2024-11-03,17,5,3,9,9,55.56,44.44,88.89,40.78,15.11,4.24,44.11,3.78,0.18,3.89,4.44
PBI,2024-11-03,18,3,8,4,12,75.0,75.0,66.67,12.5,13.5,1.18,13.0,1.0,0.6,2.33,22.33
PBI,2024-11-03,19,6,3,7,8,85.71,71.43,62.5,8.14,12.86,1.77,9.43,3.63,0.51,5.75,22.5
PBI,2024-11-03,20,2,0,3,3,33.33,33.33,0.0,48.0,12.0,1.43,49.33,10.67,0.13,15.0,51.33
PBI,2024-11-03,21,0,4,1,6,100.0,100.0,33.33,0.0,20.0,8.8,9.0,1.0,0.3,1.5,40.83
PBI,2024-11-03,22,0,5,1,5,0.0,0.0,100.0,24.0,13.0,1.8,26.0,0.0,0.8,0.0,0.2
PBI,2024-11-03,23,0,7,0,8,0.0,0.0,100.0,0.0,0.0,0.0,0.0,0.13,1.09,0.0,0.25
PBI,2024-11-04,0,0,1,0,1,0.0,0.0,0.0,0.0,0.0,0.0,0.0,0.0,0.2,1.0,67.0
PBI,2024-11-04,1,0,0,0,0,0.0,0.0,0.0,0.0,0.0,0.0,0.0,0.0,0.0,0.0,0.0
PBI,2024-11-04,4,0,0,1,0,0.0,0.0,0.0,18.0,13.0,1.8,20.0,0.0,0.0,0.0,0.0
PBI,2024-11-04,5,0,0,0,0,0.0,0.0,0.0,0.0,0.0,0.0,0.0,0.0,0.0,0.0,0.0
PBI,2024-11-04,6,6,0,9,0,77.78,77.78,0.0,6.44,11.56,1.0,7.0,0.0,0.0,0.0,0.0
PBI,2024-11-04,7,7,0,11,0,72.73,72.73,0.0,7.55,11.27,0.32,7.73,0.0,0.0,0.0,0.0
PBI,2024-11-04,8,5,0,13,2,61.54,61.54,50.0,13.62,14.69,3.65,16.54,1.0,0.7,3.0,20.0
PBI,2024-11-04,9,3,4,12,6,58.33,58.33,66.67,13.67,14.0,2.98,16.42,1.83,1.3,3.5,8.67
PBI,2024-11-04,10,6,9,14,13,78.57,71.43,76.92,5.36,16.29,5.27,9.36,1.92,1.25,2.54,6.31
PBI,2024-11-04,11,7,8,13,16,53.85,46.15,50.0,16.92,17.0,5.73,20.85,3.94,0.61,4.88,28.44
PBI,2024-11-04,12,9,5,13,9,84.62,84.62,66.67,9.62,13.62,2.57,11.38,4.22,0.2,5.89,10.56
PBI,2024-11-04,13,4,7,8,15,37.5,37.5,66.67,20.63,14.0,2.96,22.5,4.2,0.22,4.67,20.2
PBI,2024-11-04,14,7,6,13,17,61.54,53.85,58.82,15.54,15.77,4.45,19.46,6.35,0.16,7.24,19.18
PBI,2024-11-04,15,6,5,11,12,90.91,81.82,50.0,7.82,15.09,3.55,10.36,6.25,0.88,7.08,21.42
PBI,2024-11-04,16,5,7,10,13,60.0,60.0,76.92,13.5,13.1,1.99,14.9,5.77,1.45,7.08,11.08
PBI,2024-11-04,17,5,3,8,11,62.5,62.5,45.45,10.75,13.0,2.55,11.75,5.91,1.07,49.0,69.09
PBI,2024-11-04,18,5,8,7,10,71.43,71.43,80.0,12.57,11.57,0.53,13.14,2.7,0.54,2.0,5.0
PBI,2024-11-04,19,5,3,7,8,71.43,71.43,37.5,7.86,14.71,3.04,8.57,4.38,0.86,7.88,37.88
PBI,2024-11-04,20,2,0,3,3,0.0,33.33,33.33,36.33,12.0,2.4,37.67,6.67,0.2,5.33,26.0
PBI,2024-11-04,21,0,5,1,8,100.0,100.0,100.0,0.0,12.0,0.8,0.0,1.63,0.35,1.25,0.88
PBI,2024-11-04,22,0,4,1,4,100.0,100.0,100.0,2.0,10.0,0.0,1.0,0.25,0.48,0.0,0.0
PBI,2024-11-04,23,0,6,0,6,0.0,0.0,83.33,0.0,0.0,0.0,0.0,0.83,1.23,1.5,5.0
PBI,2024-11-05,0,0,1,0,2,0.0,0.0,0.0,0.0,0.0,0.0,0.0,1.5,0.9,4.5,62.0
PBI,2024-11-05,1,0,0,0,0,0.0,0.0,0.0,0.0,0.0,0.0,0.0,0.0,0.0,0.0,0.0
PBI,2024-11-05,2,0,0,0,1,0.0,0.0,0.0,0.0,0.0,0.0,0.0,13.0,0.2,17.0,46.0
PBI,2024-11-05,4,0,0,0,1,0.0,0.0,0.0,0.0,0.0,0.0,0.0,22.0,0.2,25.0,111.0
PBI,2024-11-05,5,0,0,1,0,100.0,100.0,0.0,0.0,11.0,0.0,0.0,0.0,0.0,0.0,0.0
PBI,2024-11-05,6,6,0,7,3,85.71,85.71,66.67,4.43,14.14,2.91,4.71,0.0,0.8,0.0,12.0
PBI,2024-11-05,7,5,0,12,1,75.0,66.67,100.0,4.58,15.83,4.88,7.5,7.0,0.2,15.0,0.0
PBI,2024-11-05,8,6,0,13,1,53.85,53.85,0.0,20.23,13.0,2.42,21.77,4.0,0.2,8.0,40.0
PBI,2024-11-05,9,3,3,11,6,63.64,63.64,50.0,11.0,13.73,2.65,13.0,4.17,0.12,4.83,31.0
PBI,2024-11-05,10,5,10,8,18,75.0,75.0,72.22,9.0,12.75,2.24,10.75,11.39,0.34,11.33,22.06
PBI,2024-11-05,11,8,6,18,15,61.11,55.56,66.67,14.83,13.5,2.39,15.94,4.0,0.65,4.87,10.47
PBI,2024-11-05,12,6,5,15,10,60.0,60.0,60.0,20.4,12.47,1.66,21.33,2.9,0.83,3.2,24.1
PBI,2024-11-05,13,6,5,8,11,75.0,75.0,54.55,15.25,11.88,1.24,16.25,4.0,0.95,6.09,16.27
PBI,2024-11-05,14,3,4,11,13,90.91,81.82,53.85,2.55,15.82,4.58,6.91,11.62,0.68,14.54,24.54
PBI,2024-11-05,15,5,7,8,16,75.0,75.0,37.5,8.0,16.13,4.49,11.5,10.88,0.79,13.31,28.06
PBI,2024-11-05,16,4,6,13,14,76.92,61.54,57.14,8.54,16.0,5.04,12.23,13.57,0.85,11.86,19.93
PBI,2024-11-05,17,7,4,11,13,54.55,54.55,38.46,18.27,13.55,2.72,19.45,10.15,0.94,13.15,38.0
PBI,2024-11-05,18,5,7,9,16,66.67,66.67,75.0,16.11,13.0,1.54,17.11,6.75,0.51,6.25,8.94
PBI,2024-11-05,19,4,5,4,6,100.0,100.0,83.33,0.0,13.0,1.57,0.0,2.83,0.32,1.83,2.5
PBI,2024-11-05,20,2,1,2,2,100.0,100.0,50.0,0.0,12.0,1.75,0.0,6.0,0.1,7.5,27.0
PBI,2024-11-05,21,0,3,1,5,100.0,100.0,80.0,0.0,10.0,0.0,0.0,2.6,0.1,3.2,6.4
PBI,2024-11-05,22,0,5,2,5,100.0,50.0,80.0,0.0,22.0,10.8,10.0,0.8,0.16,0.0,6.0
PBI,2024-11-05,23,0,4,1,4,100.0,100.0,100.0,0.0,11.0,0.0,0.0,0.0,0.98,0.0,0.0
PBI,2024-11-06,0,0,1,1,1,0.0,0.0,100.0,66.0,14.0,2.8,69.0,1.0,0.0,0.0,0.0
PBI,2024-11-06,1,0,0,0,1,0.0,0.0,0.0,0.0,0.0,0.0,0.0,0.0,0.2,1.0,19.0
PBI,2024-11-06,2,0,0,0,0,0.0,0.0,0.0,0.0,0.0,0.0,0.0,0.0,0.0,0.0,0.0
PBI,2024-11-06,3,0,0,0,1,0.0,0.0,0.0,0.0,0.0,0.0,0.0,5.0,0.2,14.0,34.0
PBI,2024-11-06,4,0,0,2,0,0.0,0.0,0.0,35.0,12.0,0.8,36.0,0.0,0.0,0.0,0.0
PBI,2024-11-06,5,0,0,0,1,0.0,0.0,100.0,0.0,0.0,0.0,0.0,0.0,0.0,0.0,5.0
PBI,2024-11-06,6,6,0,10,2,60.0,60.0,50.0,10.3,13.1,2.16,11.6,0.0,0.1,2.5,31.5
PBI,2024-11-06,7,6,0,14,0,57.14,57.14,0.0,12.43,12.71,1.46,13.0,0.0,0.0,0.0,0.0
PBI,2024-11-06,8,6,0,11,3,63.64,63.64,0.0,11.82,11.45,0.64,11.64,6.0,0.2,10.67,31.33
PBI,2024-11-06,9,2,3,8,5,37.5,37.5,60.0,30.5,10.63,0.0,30.25,4.2,0.34,4.8,20.0
PBI,2024-11-06,10,5,9,16,11,37.5,37.5,72.73,23.0,15.19,4.42,27.38,1.82,0.8,4.0,6.91
PBI,2024-11-06,11,9,7,17,12,52.94,52.94,50.0,15.65,17.53,6.06,20.24,2.17,0.6,3.5,21.25
PBI,2024-11-06,12,5,6,9,11,55.56,22.22,63.64,19.33,22.44,11.19,30.0,2.27,0.17,3.45,10.45
PBI,2024-11-06,13,6,5,11,10,63.64,45.45,60.0,13.82,15.18,4.15,17.55,3.6,0.33,3.6,16.6
PBI,2024-11-06,14,4,4,16,11,43.75,43.75,54.55,28.94,18.88,7.59,36.19,6.09,0.15,6.91,17.64
PBI,2024-11-06,15,5,6,14,16,78.57,64.29,68.75,5.57,18.43,7.09,12.43,8.81,0.29,7.94,9.31
PBI,2024-11-06,16,6,7,11,17,81.82,72.73,70.59,4.82,18.18,6.97,9.82,8.41,0.45,11.88,17.18
PBI,2024-11-06,17,7,6,11,18,81.82,81.82,77.78,7.18,13.36,2.82,8.55,3.39,0.25,5.72,13.06
PBI,2024-11-06,18,7,8,12,18,58.33,58.33,72.22,13.58,12.92,1.66,15.0,4.0,0.46,4.56,14.17
PBI,2024-11-06,19,6,3,8,8,75.0,75.0,87.5,14.75,12.63,1.29,15.25,1.5,0.39,2.13,4.63
PBI,2024-11-06,20,2,1,5,2,100.0,80.0,50.0,0.0,17.8,7.44,4.2,0.0,0.0,0.0,7.5
PBI,2024-11-06,21,0,5,1,7,100.0,100.0,71.43,0.0,11.0,0.0,0.0,0.57,0.31,0.71,7.43
PBI,2024-11-06,22,0,5,1,7,0.0,0.0,57.14,63.0,14.0,2.8,66.0,3.57,1.21,5.43,27.14
PBI,2024-11-06,23,0,6,0,6,0.0,0.0,50.0,0.0,0.0,0.0,0.0,0.0,1.02,3.5,51.17
PBI,2024-11-07,0,0,1,0,2,0.0,0.0,100.0,0.0,0.0,0.0,0.0,0.0,0.1,0.0,5.0
PBI,2024-11-07,1,0,0,0,0,0.0,0.0,0.0,0.0,0.0,0.0,0.0,0.0,0.0,0.0,0.0
PBI,2024-11-07,2,0,0,0,0,0.0,0.0,0.0,0.0,0.0,0.0,0.0,0.0,0.0,0.0,0.0
PBI,2024-11-07,5,0,0,1,1,0.0,0.0,100.0,66.0,11.0,0.0,66.0,2.0,0.2,0.0,12.0
PBI,2024-11-07,6,8,0,9,2,100.0,100.0,100.0,0.0,11.89,1.42,0.0,0.0,0.6,0.0,10.0
PBI,2024-11-07,7,5,0,10,1,80.0,80.0,100.0,4.1,12.5,1.45,5.3,4.0,0.2,8.0,13.0
PBI,2024-11-07,8,5,0,15,0,60.0,60.0,0.0,12.53,13.07,2.33,13.6,0.0,0.0,0.0,0.0
PBI,2024-11-07,9,3,5,9,7,66.67,66.67,71.43,9.44,11.11,1.08,9.78,2.43,0.79,1.57,10.86
PBI,2024-11-07,10,6,9,12,17,66.67,66.67,64.71,11.92,13.25,2.96,13.5,3.76,0.81,4.82,14.88
PBI,2024-11-07,11,10,7,16,11,62.5,62.5,63.64,14.94,15.31,4.01,18.38,5.36,0.87,7.09,17.73
PBI,2024-11-07,12,5,9,17,19,64.71,64.71,57.89,12.71,15.59,4.61,17.24,5.84,0.51,6.74,15.53
PBI,2024-11-07,13,8,5,13,17,53.85,53.85,58.82,17.69,17.54,6.05,22.92,5.88,0.31,6.94,19.18
PBI,2024-11-07,14,5,5,12,14,58.33,41.67,50.0,21.17,20.75,9.67,29.08,6.36,0.37,8.07,25.07
PBI,2024-11-07,15,6,7,15,11,60.0,53.33,81.82,23.93,16.33,5.07,28.4,2.91,0.98,3.91,14.09
PBI,2024-11-07,16,8,8,13,18,61.54,61.54,55.56,19.15,16.77,5.62,24.23,3.89,0.53,8.17,19.17
PBI,2024-11-07,17,6,4,9,18,55.56,55.56,61.11,26.33,18.67,7.93,33.78,4.0,1.12,6.5,25.17
PBI,2024-11-07,18,5,8,6,20,83.33,83.33,80.0,10.0,13.5,1.42,10.17,4.35,1.88,3.85,19.7
PBI,2024-11-07,19,7,4,12,9,83.33,83.33,66.67,17.92,13.75,2.34,19.25,3.33,0.39,4.44,16.67
PBI,2024-11-07,20,2,1,4,4,100.0,75.0,50.0,0.0,16.5,5.83,4.0,2.0,1.2,7.75,27.75
PBI,2024-11-07,21,0,3,1,3,100.0,100.0,66.67,0.0,9.0,0.0,0.0,0.0,1.2,0.0,82.33
PBI,2024-11-07,22,0,6,1,7,100.0,100.0,57.14,0.0,12.0,0.8,0.0,0.71,0.94,0.43,48.86
PBI,2024-11-07,23,0,7,0,9,0.0,0.0,55.56,0.0,0.0,0.0,0.0,1.78,0.92,1.44,30.56
PBI,2024-11-08,0,0,1,0,3,0.0,0.0,66.67,0.0,0.0,0.0,0.0,1.0,0.6,3.0,17.67
PBI,2024-11-08,1,0,0,0,0,0.0,0.0,0.0,0.0,0.0,0.0,0.0,0.0,0.0,0.0,0.0
PBI,2024-11-08,2,0,0,0,1,0.0,0.0,100.0,0.0,0.0,0.0,0.0,0.0,0.2,0.0,11.0
PBI,2024-11-08,3,0,0,0,0,0.0,0.0,0.0,0.0,0.0,0.0,0.0,0.0,0.0,0.0,0.0
PBI,2024-11-08,4,0,0,2,0,50.0,50.0,0.0,9.5,8.0,0.0,9.5,0.0,0.0,0.0,0.0
PBI,2024-11-08,5,0,0,0,2,0.0,0.0,50.0,0.0,0.0,0.0,0.0,0.0,0.0,1.5,7.5
PBI,2024-11-08,6,8,0,11,1,90.91,90.91,100.0,64.45,10.82,0.67,64.55,0.0,0.2,1.0,11.0
PBI,2024-11-08,7,5,0,10,1,70.0,70.0,100.0,9.7,12.0,1.14,10.7,8.0,0.2,8.0,0.0
PBI,2024-11-08,8,5,2,15,4,80.0,80.0,75.0,8.2,14.8,3.69,11.53,3.5,1.2,2.5,3.75
PBI,2024-11-08,9,5,4,18,7,33.33,33.33,71.43,25.94,15.22,4.08,29.83,2.29,4.84,7.0,8.71
PBI,2024-11-08,10,5,9,17,16,52.94,47.06,75.0,14.29,16.35,5.36,18.88,2.25,1.48,4.5,12.06
PBI,2024-11-08,11,9,7,16,13,75.0,62.5,53.85,16.31,17.31,5.98,22.06,1.92,1.95,2.23,16.85
PBI,2024-11-08,12,6,8,14,12,50.0,50.0,66.67,18.93,13.57,2.79,21.43,3.58,1.77,6.17,17.08
PBI,2024-11-08,13,6,5,14,12,57.14,57.14,41.67,16.43,14.93,3.5,19.21,2.83,1.33,6.25,33.33
PBI,2024-11-08,14,6,4,12,13,41.67,33.33,69.23,34.42,19.0,7.93,42.08,6.54,0.51,12.38,26.92
PBI,2024-11-08,15,5,7,10,16,60.0,50.0,68.75,26.4,17.9,6.54,32.9,4.19,1.03,5.31,14.5
PBI,2024-11-08,16,7,7,14,14,78.57,71.43,50.0,20.0,17.29,6.21,24.79,3.71,2.0,6.86,18.14
PBI,2024-11-08,17,7,5,12,18,50.0,33.33,66.67,18.33,19.83,8.82,26.92,6.5,2.42,7.11,9.61
PBI,2024-11-08,18,7,10,11,14,81.82,72.73,78.57,3.73,15.91,4.32,7.45,3.64,1.11,2.0,12.29
PBI,2024-11-08,19,6,3,9,10,55.56,55.56,40.0,14.67,13.89,2.7,16.11,3.6,1.56,6.9,22.0
PBI,2024-11-08,20,2,1,2,1,100.0,100.0,0.0,0.0,17.0,6.75,0.5,0.0,0.0,0.0,71.0
PBI,2024-11-08,21,0,3,0,9,0.0,0.0,44.44,0.0,0.0,0.0,0.0,2.11,0.26,3.33,29.0
PBI,2024-11-08,22,0,6,2,9,100.0,100.0,88.89,0.0,12.5,1.3,0.0,0.0,0.76,0.0,6.56
PBI,2024-11-08,23,0,7,0,7,0.0,0.0,100.0,0.0,0.0,0.0,0.0,0.0,1.09,0.0,2.0
PBI,2024-11-09,0,0,1,0,1,0.0,0.0,100.0,0.0,0.0,0.0,0.0,0.0,1.6,0.0,0.0
PBI,2024-11-09,2,0,0,0,0,0.0,0.0,0.0,0.0,0.0,0.0,0.0,0.0,0.0,0.0,0.0
PBI,2024-11-09,3,0,0,0,0,0.0,0.0,0.0,0.0,0.0,0.0,0.0,0.0,0.0,0.0,0.0
PBI,2024-11-09,5,0,0,1,0,100.0,100.0,0.0,0.0,11.0,0.0,0.0,0.0,0.0,0.0,0.0
PBI,2024-11-09,6,6,0,6,1,100.0,100.0,100.0,0.5,12.5,2.3,0.67,0.0,0.2,0.0,0.0
PBI,2024-11-09,7,5,0,6,1,83.33,83.33,100.0,3.33,12.83,1.92,3.67,0.0,0.0,0.0,0.0
PBI,2024-11-09,8,6,0,11,4,81.82,81.82,75.0,3.27,13.55,2.18,4.73,5.75,1.7,8.75,17.25
PBI,2024-11-09,9,3,5,9,7,66.67,66.67,100.0,8.33,14.67,3.57,11.89,2.29,1.16,1.71,1.57
PBI,2024-11-09,10,7,9,19,19,73.68,73.68,73.68,7.58,16.53,5.34,11.63,2.32,0.47,2.11,14.89
PBI,2024-11-09,11,8,4,14,9,64.29,64.29,55.56,12.21,12.21,1.22,12.79,3.44,1.09,5.56,19.33
PBI,2024-11-09,12,4,8,8,18,37.5,37.5,72.22,21.88,13.5,2.18,23.38,3.61,0.92,3.78,11.28
PBI,2024-11-09,13,8,5,19,8,57.89,52.63,87.5,13.26,13.37,2.28,15.16,1.0,0.51,2.75,1.88
PBI,2024-11-09,14,4,4,11,9,72.73,72.73,77.78,14.36,16.82,5.56,18.36,4.67,1.23,8.11,9.78
PBI,2024-11-09,15,5,6,9,14,77.78,77.78,64.29,11.78,11.78,1.07,12.56,4.43,1.1,4.36,29.57
PBI,2024-11-09,16,6,8,8,14,62.5,62.5,71.43,19.63,12.88,2.21,21.63,4.07,0.69,3.14,14.43
PBI,2024-11-09,17,6,4,7,10,71.43,71.43,80.0,22.14,12.29,1.54,23.14,0.4,1.12,2.5,4.8
PBI,2024-11-09,18,5,8,7,10,100.0,100.0,80.0,0.0,14.0,2.96,2.43,2.5,2.19,2.8,8.4
PBI,2024-11-09,19,5,4,6,6,83.33,83.33,66.67,10.83,12.83,1.4,11.5,2.33,0.98,2.33,10.83
PBI,2024-11-09,20,1,3,2,4,100.0,100.0,75.0,0.0,19.0,7.95,7.0,2.5,0.65,3.75,10.25
PBI,2024-11-09,21,0,3,1,4,100.0,100.0,50.0,0.0,11.0,0.0,0.0,0.0,0.15,1.5,17.0
PBI,2024-11-09,22,0,3,1,3,0.0,0.0,100.0,24.0,15.0,3.8,28.0,0.0,0.43,0.0,0.0
PBI,2024-11-09,23,0,4,0,6,0.0,0.0,83.33,0.0,0.0,0.0,0.0,0.0,1.52,1.83,8.0
PBI,2024-11-10,0,0,1,0,2,0.0,0.0,100.0,0.0,0.0,0.0,0.0,2.0,0.1,4.0,0.0
PBI,2024-11-10,3,0,0,0,1,0.0,0.0,0.0,0.0,0.0,0.0,0.0,0.0,0.2,8.0,36.0
PBI,2024-11-10,6,8,0,10,1,80.0,80.0,100.0,6.3,13.6,3.21,8.1,0.0,0.2,0.0,0.0
PBI,2024-11-10,7,5,0,7,1,85.71,85.71,0.0,6.57,14.71,3.54,8.71,2.0,0.2,15.0,83.0
PBI,2024-11-10,8,5,0,20,1,55.0,50.0,100.0,29.9,16.25,5.02,34.65,0.0,0.2,4.0,0.0
PBI,2024-11-10,9,3,5,11,8,36.36,36.36,75.0,35.91,14.36,3.25,38.64,1.13,0.96,2.5,8.13
PBI,2024-11-10,10,6,9,17,14,41.18,41.18,57.14,24.53,14.47,3.46,27.76,2.86,4.49,3.79,28.14
PBI,2024-11-10,11,10,11,15,16,60.0,60.0,68.75,10.87,16.6,5.09,13.73,3.31,2.47,5.75,10.88
PBI,2024-11-10,12,9,8,20,17,75.0,70.0,47.06,16.25,15.0,3.67,19.2,6.88,1.21,9.29,18.65
PBI,2024-11-10,13,7,4,18,11,61.11,38.89,72.73,18.28,18.83,7.46,25.67,5.82,0.7,6.09,13.18
PBI,2024-11-10,14,4,5,12,12,66.67,58.33,58.33,13.5,18.25,7.38,20.25,8.83,0.17,9.33,21.25
PBI,2024-11-10,15,6,7,15,18,73.33,73.33,66.67,11.47,15.6,4.3,14.13,10.5,0.36,12.0,25.28
PBI,2024-11-10,16,8,8,13,21,69.23,69.23,57.14,12.0,14.92,3.93,15.23,12.38,0.41,13.24,23.67
PBI,2024-11-10,17,6,4,15,14,40.0,26.67,57.14,24.93,17.6,6.76,31.4,10.0,0.96,13.93,19.14
PBI,2024-11-10,18,5,9,10,12,40.0,40.0,91.67,24.0,16.3,4.55,28.5,3.92,1.48,1.67,5.92
PBI,2024-11-10,19,8,4,10,8,90.0,90.0,75.0,7.0,12.8,1.79,7.6,0.75,0.45,1.25,10.38
PBI,2024-11-10,20,2,0,3,5,33.33,33.33,40.0,24.67,10.33,1.13,24.33,5.4,0.76,8.0,15.2
PBI,2024-11-10,21,0,3,0,5,0.0,0.0,60.0,0.0,0.0,0.0,0.0,1.0,0.24,1.8,10.4
PBI,2024-11-10,22,0,7,0,9,0.0,0.0,55.56,0.0,0.0,0.0,0.0,1.11,0.36,1.89,49.78
PBI,2024-11-10,23,0,7,0,8,0.0,0.0,100.0,0.0,0.0,0.0,0.0,0.13,1.51,0.0,1.63
PBI,2024-11-11,0,0,1,0,1,0.0,0.0,100.0,0.0,0.0,0.0,0.0,0.0,0.6,0.0,0.0
PBI,2024-11-11,1,0,0,0,0,0.0,0.0,0.0,0.0,0.0,0.0,0.0,0.0,0.0,0.0,0.0
PBI,2024-11-11,2,0,0,0,1,0.0,0.0,100.0,0.0,0.0,0.0,0.0,10.0,1.2,14.0,4.0
PBI,2024-11-11,3,0,0,1,0,0.0,0.0,0.0,28.0,13.0,1.8,30.0,0.0,0.0,0.0,0.0
PBI,2024-11-11,4,0,0,0,0,0.0,0.0,0.0,0.0,0.0,0.0,0.0,0.0,0.0,0.0,0.0
PBI,2024-11-11,5,0,0,2,0,50.0,50.0,0.0,29.0,16.0,4.9,34.0,0.0,0.0,0.0,0.0
PBI,2024-11-11,6,8,0,8,0,100.0,87.5,0.0,0.38,14.63,3.99,2.88,0.0,0.0,0.0,0.0
PBI,2024-11-11,7,5,0,11,1,63.64,63.64,100.0,13.64,13.82,2.78,16.18,4.0,1.2,10.0,11.0
PBI,2024-11-11,8,5,0,14,1,50.0,50.0,0.0,13.79,14.64,3.59,17.0,10.0,0.2,13.0,19.0
PBI,2024-11-11,9,3,5,11,6,81.82,72.73,83.33,4.18,14.82,3.93,8.18,3.0,0.53,3.17,8.0
PBI,2024-11-11,10,6,11,16,21,56.25,43.75,57.14,21.56,16.69,5.82,26.25,4.52,2.25,7.95,23.81
PBI,2024-11-11,11,11,8,19,15,73.68,68.42,40.0,13.21,16.95,5.48,17.05,2.67,2.33,6.6,30.6
PBI,2024-11-11,12,7,8,12,14,50.0,50.0,42.86,22.67,15.67,4.49,26.58,6.21,0.7,8.21,31.5
PBI,2024-11-11,13,6,5,13,17,46.15,46.15,35.29,28.54,16.54,5.02,32.92,8.53,1.19,10.71,64.65
PBI,2024-11-11,14,6,4,15,11,46.67,40.0,54.55,63.2,17.07,5.96,68.53,5.27,1.4,8.36,19.64
PBI,2024-11-11,15,5,7,16,15,75.0,68.75,40.0,10.06,15.44,4.06,13.5,6.87,1.1,11.53,25.73
PBI,2024-11-11,16,8,8,13,14,69.23,69.23,71.43,15.85,13.31,2.33,18.0,5.0,0.38,6.43,7.0
PBI,2024-11-11,17,7,5,13,13,61.54,61.54,76.92,15.08,14.15,3.45,18.23,3.0,5.02,4.62,13.23
PBI,2024-11-11,18,6,12,6,16,66.67,66.67,62.5,9.0,15.17,3.38,10.67,3.69,3.66,6.69,14.0
PBI,2024-11-11,19,10,3,10,4,90.0,90.0,75.0,2.4,11.2,0.52,2.4,2.75,1.25,5.5,6.0
PBI,2024-11-11,20,2,0,6,2,66.67,66.67,0.0,9.0,13.17,2.8,10.67,3.0,0.0,7.5,28.0
PBI,2024-11-11,21,0,3,0,4,0.0,0.0,75.0,0.0,0.0,0.0,0.0,0.0,0.15,1.5,7.0
PBI,2024-11-11,22,0,8,1,9,100.0,100.0,77.78,0.0,11.0,0.0,0.0,0.33,2.94,1.44,8.33
PBI,2024-11-11,23,0,7,0,8,0.0,0.0,62.5,0.0,0.0,0.0,0.0,1.5,1.92,1.25,18.38
PBI,2024-11-12,0,0,1,0,2,0.0,0.0,50.0,0.0,0.0,0.0,0.0,0.0,0.1,6.0,9.5
PBI,2024-11-12,2,0,0,0,0,0.0,0.0,0.0,0.0,0.0,0.0,0.0,0.0,0.0,0.0,0.0
PBI,2024-11-12,5,0,0,1,1,100.0,100.0,100.0,0.0,11.0,0.0,0.0,0.0,0.0,0.0,6.0
PBI,2024-11-12,6,5,0,7,2,85.71,85.71,50.0,4.57,14.0,2.63,5.29,0.0,0.2,0.5,23.0
PBI,2024-11-12,7,6,0,11,1,72.73,72.73,0.0,8.09,13.73,2.55,9.73,4.0,0.2,10.0,16.0
PBI,2024-11-12,8,6,0,10,1,80.0,80.0,100.0,6.9,12.2,1.4,7.8,6.0,0.2,8.0,6.0
PBI,2024-11-12,9,3,3,10,7,30.0,30.0,57.14,28.5,14.6,3.49,31.2,2.29,0.3,3.43,14.86
PBI,2024-11-12,10,6,11,15,17,86.67,80.0,76.47,9.6,15.27,4.23,13.27,2.41,1.08,2.71,9.94
PBI,2024-11-12,11,9,5,16,11,75.0,75.0,63.64,8.38,15.75,4.24,11.06,3.91,2.55,7.82,20.36
PBI,2024-11-12,12,5,7,8,16,75.0,62.5,56.25,7.25,19.63,8.38,15.0,3.88,2.35,5.06,21.56
PBI,2024-11-12,13,6,5,17,16,58.82,41.18,62.5,16.59,22.18,10.91,26.59,4.75,0.23,4.63,16.19
PBI,2024-11-12,14,5,4,12,13,58.33,58.33,61.54,24.25,15.42,4.12,26.5,6.77,0.38,7.92,15.92
PBI,2024-11-12,15,5,6,12,13,50.0,50.0,76.92,26.0,14.42,3.19,28.33,5.92,2.06,6.46,23.08
PBI,2024-11-12,16,6,8,7,23,85.71,85.71,52.17,25.14,15.29,4.13,26.71,7.83,0.79,10.17,24.0
PBI,2024-11-12,17,6,4,14,13,64.29,64.29,61.54,19.0,13.43,2.95,21.5,13.23,0.21,8.85,16.15
PBI,2024-11-12,18,5,8,8,14,75.0,75.0,85.71,9.75,11.88,0.8,9.75,6.29,0.74,3.0,7.93
PBI,2024-11-12,19,7,4,11,6,81.82,81.82,66.67,3.45,12.09,1.05,4.09,2.0,3.38,4.5,9.83
PBI,2024-11-12,20,2,1,4,7,50.0,50.0,42.86,30.0,15.0,4.28,32.25,2.71,0.34,5.86,16.29
PBI,2024-11-12,21,0,5,3,7,66.67,66.67,71.43,19.67,12.33,1.27,21.0,0.71,0.43,0.0,11.71
PBI,2024-11-12,22,0,6,1,10,100.0,100.0,90.0,0.0,11.0,0.0,0.0,0.2,2.18,1.2,4.3
PBI,2024-11-12,23,0,4,1,5,100.0,100.0,40.0,0.0,11.0,0.0,0.0,0.4,0.62,1.4,33.6
PBI,2024-11-13,0,0,1,0,2,0.0,0.0,100.0,0.0,0.0,0.0,0.0,0.0,0.1,0.0,0.0
PBI,2024-11-13,1,0,0,0,0,0.0,0.0,0.0,0.0,0.0,0.0,0.0,0.0,0.0,0.0,0.0
PBI,2024-11-13,5,0,0,1,1,100.0,100.0,100.0,0.0,25.0,13.8,14.0,0.0,0.0,0.0,0.0
PBI,2024-11-13,6,6,0,9,2,66.67,66.67,100.0,13.56,11.89,0.94,13.11,0.0,0.7,0.0,0.0
PBI,2024-11-13,7,6,0,12,1,66.67,66.67,100.0,12.42,12.17,1.52,13.67,5.0,0.2,8.0,0.0
PBI,2024-11-13,8,6,0,19,4,47.37,47.37,50.0,16.63,12.0,1.06,17.58,6.0,1.2,11.25,30.5
PBI,2024-11-13,9,2,3,13,6,53.85,46.15,66.67,19.69,15.85,4.79,24.46,2.5,2.37,4.17,15.67
PBI,2024-11-13,10,5,10,14,17,42.86,42.86,58.82,19.57,17.5,6.51,25.29,3.76,3.32,5.41,14.94
PBI,2024-11-13,11,10,6,28,15,42.86,42.86,46.67,23.68,17.71,6.27,28.75,3.93,1.25,5.6,23.8
PBI,2024-11-13,12,4,7,14,20,50.0,35.71,55.0,17.29,18.14,6.91,23.86,6.2,0.75,7.75,17.35
PBI,2024-11-13,13,6,5,16,20,75.0,62.5,40.0,6.63,18.63,7.38,12.38,6.55,0.23,8.9,32.7
PBI,2024-11-13,14,5,4,24,9,50.0,50.0,55.56,18.67,16.88,5.64,23.33,4.44,0.07,5.67,16.33
PBI,2024-11-13,15,5,6,12,15,50.0,50.0,53.33,39.5,18.17,6.68,45.58,11.13,0.56,11.6,21.13
PBI,2024-11-13,16,6,7,15,15,53.33,46.67,46.67,21.8,17.2,5.98,26.67,16.87,0.97,10.87,20.33
PBI,2024-11-13,17,7,6,12,15,50.0,50.0,73.33,25.33,15.08,4.35,29.58,6.53,0.66,5.87,10.6
PBI,2024-11-13,18,6,8,10,20,100.0,100.0,60.0,0.4,15.1,3.79,3.1,7.15,0.67,6.45,14.45
PBI,2024-11-13,19,8,3,10,4,100.0,100.0,50.0,0.0,11.9,0.78,0.1,2.75,0.63,3.5,45.75
PBI,2024-11-13,20,2,1,3,6,66.67,33.33,50.0,16.33,14.0,3.43,18.0,3.67,0.53,6.5,14.67
PBI,2024-11-13,21,0,5,2,7,100.0,100.0,71.43,0.0,12.5,1.4,0.0,10.29,0.37,40.29,40.57
PBI,2024-11-13,22,0,6,1,8,100.0,100.0,62.5,0.0,15.0,3.8,0.0,3.13,2.22,2.0,20.13
PBI,2024-11-13,23,0,6,0,11,0.0,0.0,72.73,0.0,0.0,0.0,0.0,1.73,0.85,3.27,15.09
PBI,2024-11-14,0,0,1,0,2,0.0,0.0,100.0,0.0,0.0,0.0,0.0,1.5,0.1,6.5,0.5
PBI,2024-11-14,1,0,0,0,0,0.0,0.0,0.0,0.0,0.0,0.0,0.0,0.0,0.0,0.0,0.0
PBI,2024-11-14,5,0,0,0,1,0.0,0.0,100.0,0.0,0.0,0.0,0.0,0.0,0.0,0.0,0.0
PBI,2024-11-14,6,8,0,13,2,69.23,69.23,50.0,6.46,13.69,3.05,8.77,0.0,0.1,2.5,12.0
PBI,2024-11-14,7,5,0,12,1,83.33,83.33,100.0,5.42,13.83,2.64,7.83,8.0,0.2,14.0,13.0
PBI,2024-11-14,8,5,0,12,1,66.67,66.67,0.0,33.67,13.33,2.31,35.67,0.0,0.2,5.0,35.0
PBI,2024-11-14,9,3,5,17,6,47.06,41.18,83.33,14.82,17.29,6.22,21.06,0.0,0.07,0.67,2.67
PBI,2024-11-14,10,6,10,11,20,63.64,63.64,70.0,10.0,18.73,7.65,13.82,6.8,0.63,7.25,10.85
PBI,2024-11-14,11,11,8,20,18,65.0,65.0,50.0,16.3,14.4,3.22,19.2,5.67,1.17,8.28,26.11
PBI,2024-11-14,12,6,10,13,13,61.54,53.85,76.92,19.08,18.0,6.71,24.69,3.62,1.29,4.08,8.92
PBI,2024-11-14,13,8,4,16,13,43.75,43.75,46.15,19.06,15.0,3.66,22.25,5.15,1.45,9.15,17.08
PBI,2024-11-14,14,5,4,15,20,86.67,80.0,25.0,4.67,16.07,4.97,9.13,17.3,1.63,21.25,40.25
PBI,2024-11-14,15,5,9,10,16,60.0,60.0,50.0,33.5,13.9,2.44,35.2,6.31,1.41,10.31,30.94
PBI,2024-11-14,16,9,8,15,22,66.67,60.0,50.0,26.67,20.4,9.42,34.67,6.14,1.07,7.68,28.95
PBI,2024-11-14,17,7,5,14,17,57.14,50.0,47.06,15.29,14.07,3.27,18.07,3.59,2.11,9.12,34.41
PBI,2024-11-14,18,5,9,9,17,66.67,66.67,58.82,19.22,15.22,3.63,22.11,3.18,2.31,5.41,17.76
PBI,2024-11-14,19,10,4,14,8,57.14,42.86,37.5,31.86,15.36,3.62,34.71,3.13,2.15,5.63,22.25
PBI,2024-11-14,20,2,1,2,4,0.0,0.0,50.0,45.0,17.5,7.7,52.0,3.0,0.7,5.5,17.0
PBI,2024-11-14,21,1,3,3,5,100.0,66.67,80.0,3.0,18.67,7.47,9.67,1.0,0.8,3.8,9.0
PBI,2024-11-14,22,0,8,1,10,100.0,100.0,80.0,0.0,16.0,4.8,0.0,0.5,1.18,5.2,17.3
PBI,2024-11-14,23,0,7,0,9,0.0,0.0,77.78,0.0,0.0,0.0,0.0,1.67,0.64,8.67,17.33
PBI,2024-11-15,0,0,1,2,2,50.0,50.0,100.0,39.5,18.0,6.8,46.5,0.0,1.4,0.0,6.0
PBI,2024-11-15,1,0,0,0,2,0.0,0.0,50.0,0.0,0.0,0.0,0.0,5.0,1.2,7.0,46.0
PBI,2024-11-15,2,0,0,0,1,0.0,0.0,0.0,0.0,0.0,0.0,0.0,1.0,1.2,14.0,89.0
PBI,2024-11-15,4,0,0,0,0,0.0,0.0,0.0,0.0,0.0,0.0,0.0,0.0,0.0,0.0,0.0
PBI,2024-11-15,5,0,0,0,3,0.0,0.0,100.0,0.0,0.0,0.0,0.0,0.0,1.8,0.0,1.33
PBI,2024-11-15,6,8,0,12,1,75.0,75.0,100.0,5.92,14.33,3.36,8.0,0.0,3.2,0.0,5.0
PBI,2024-11-15,7,5,0,13,1,69.23,69.23,0.0,9.46,14.08,2.92,12.0,8.0,1.2,15.0,30.0
PBI,2024-11-15,8,5,1,7,2,57.14,57.14,100.0,17.86,12.43,1.23,18.43,3.0,2.2,5.5,1.0
PBI,2024-11-15,9,4,5,15,8,53.33,40.0,75.0,17.4,18.0,6.92,24.27,5.0,2.03,5.13,20.75
PBI,2024-11-15,10,6,10,15,16,60.0,46.67,62.5,13.93,19.53,8.43,21.0,2.38,2.61,3.31,12.5
PBI,2024-11-15,11,10,9,14,15,71.43,71.43,80.0,19.5,17.43,5.89,24.29,3.07,2.43,4.6,15.07
PBI,2024-11-15,12,8,8,17,17,82.35,70.59,52.94,7.24,18.24,6.99,13.12,6.71,0.81,5.82,23.71
PBI,2024-11-15,13,6,4,13,15,53.85,38.46,66.67,19.77,15.62,4.18,23.62,3.27,1.13,5.4,12.07
PBI,2024-11-15,14,5,4,16,9,62.5,62.5,55.56,28.81,17.31,6.38,34.88,3.89,2.08,5.0,17.44
PBI,2024-11-15,15,5,7,14,14,64.29,64.29,64.29,26.57,16.14,4.79,30.93,5.5,1.89,6.64,17.29
PBI,2024-11-15,16,8,9,14,21,64.29,64.29,66.67,9.79,18.86,7.72,16.57,2.1,2.24,3.62,16.0
PBI,2024-11-15,17,7,4,10,13,70.0,70.0,61.54,10.8,14.6,3.66,13.1,3.54,2.12,5.62,27.15
PBI,2024-11-15,18,6,11,8,15,75.0,62.5,93.33,14.63,13.88,2.35,16.38,1.8,3.13,2.8,5.4
PBI,2024-11-15,19,10,5,14,8,100.0,100.0,87.5,0.0,15.29,3.85,2.43,2.63,2.28,4.63,3.88
PBI,2024-11-15,20,3,0,6,3,100.0,83.33,66.67,1.83,15.0,4.18,3.5,1.33,0.2,4.67,15.0
PBI,2024-11-15,21,0,3,0,4,0.0,0.0,100.0,0.0,0.0,0.0,0.0,0.75,2.1,0.0,0.0
PBI,2024-11-15,22,0,8,2,9,100.0,100.0,88.89,0.0,9.5,0.0,0.0,1.11,2.49,1.89,3.33
PBI,2024-11-15,23,0,7,0,7,0.0,0.0,85.71,0.0,0.0,0.0,0.0,0.0,0.77,0.0,5.0
PBI,2024-11-16,0,0,1,0,1,0.0,0.0,100.0,0.0,0.0,0.0,0.0,0.0,0.6,0.0,0.0
PBI,2024-11-16,2,0,0,0,0,0.0,0.0,0.0,0.0,0.0,0.0,0.0,0.0,0.0,0.0,0.0
PBI,2024-11-16,5,0,0,0,0,0.0,0.0,0.0,0.0,0.0,0.0,0.0,0.0,0.0,0.0,0.0
PBI,2024-11-16,6,6,0,6,1,100.0,100.0,100.0,1.17,12.83,2.25,0.83,0.0,2.2,0.0,2.0
PBI,2024-11-16,7,6,0,10,2,80.0,70.0,50.0,6.1,16.0,4.88,10.5,1.0,0.2,3.0,20.0
PBI,2024-11-16,8,5,0,10,2,60.0,50.0,50.0,51.5,14.9,4.16,55.6,5.0,6.2,9.5,24.5
PBI,2024-11-16,9,3,5,8,8,62.5,37.5,75.0,21.25,17.13,6.04,26.13,0.63,2.35,1.13,8.38
PBI,2024-11-16,10,7,10,11,11,81.82,81.82,81.82,6.45,15.09,3.91,7.55,1.27,0.67,1.18,18.45
PBI,2024-11-16,11,9,6,11,11,72.73,72.73,63.64,20.64,16.36,5.09,23.82,2.64,1.5,5.0,9.36
PBI,2024-11-16,12,6,7,9,15,77.78,77.78,53.33,6.67,14.78,3.24,8.44,1.2,1.15,2.47,18.87
PBI,2024-11-16,13,7,5,12,12,66.67,66.67,66.67,16.42,12.33,1.25,17.5,1.33,0.43,3.33,15.17
PBI,2024-11-16,14,4,4,9,7,77.78,77.78,85.71,11.78,13.56,2.47,13.44,2.71,0.44,0.43,2.29
PBI,2024-11-16,15,5,7,12,16,83.33,75.0,87.5,6.17,18.5,7.09,12.25,2.69,0.29,2.63,5.25
PBI,2024-11-16,16,6,8,7,14,85.71,71.43,64.29,4.14,18.0,6.97,9.57,0.86,1.45,1.86,16.86
PBI,2024-11-16,17,6,4,8,10,87.5,87.5,90.0,5.63,14.75,3.85,8.25,0.8,0.22,1.2,4.3
PBI,2024-11-16,18,6,9,8,12,87.5,87.5,83.33,5.75,13.25,2.11,7.0,2.92,0.67,10.42,14.33
PBI,2024-11-16,19,5,4,6,7,66.67,66.67,57.14,33.83,16.0,4.25,35.83,1.29,2.2,1.14,53.71
PBI,2024-11-16,20,1,3,1,3,100.0,100.0,100.0,0.0,10.0,0.0,0.0,0.0,1.63,0.0,0.0
PBI,2024-11-16,21,1,3,1,3,100.0,100.0,100.0,0.0,14.0,2.8,0.0,0.0,2.07,0.0,2.0
PBI,2024-11-16,22,0,3,0,4,0.0,0.0,100.0,0.0,0.0,0.0,0.0,0.5,1.75,1.5,3.0
PBI,2024-11-16,23,0,4,0,4,0.0,0.0,100.0,0.0,0.0,0.0,0.0,0.0,0.73,0.0,0.0
PBI,2024-11-17,0,0,1,0,2,0.0,0.0,50.0,0.0,0.0,0.0,0.0,4.0,0.1,3.0,22.5
PBI,2024-11-17,1,0,0,0,0,0.0,0.0,0.0,0.0,0.0,0.0,0.0,0.0,0.0,0.0,0.0
PBI,2024-11-17,4,0,0,0,1,0.0,0.0,0.0,0.0,0.0,0.0,0.0,0.0,0.2,10.0,41.0
PBI,2024-11-17,5,0,0,0,0,0.0,0.0,0.0,0.0,0.0,0.0,0.0,0.0,0.0,0.0,0.0
PBI,2024-11-17,6,8,0,11,0,90.91,81.82,0.0,7.45,13.36,2.84,9.55,0.0,0.0,0.0,0.0
PBI,2024-11-17,7,5,0,8,1,87.5,75.0,0.0,5.63,18.0,6.36,9.0,4.0,0.2,9.0,26.0
PBI,2024-11-17,8,5,0,10,1,70.0,70.0,0.0,7.4,14.2,2.94,9.4,8.0,0.2,12.0,34.0
PBI,2024-11-17,9,3,5,15,7,60.0,46.67,71.43,12.47,17.27,6.14,18.33,2.29,0.56,3.71,56.57
PBI,2024-11-17,10,6,10,17,17,52.94,41.18,76.47,38.59,15.71,4.72,42.41,1.59,4.4,3.06,7.18
PBI,2024-11-17,11,11,10,21,17,76.19,66.67,70.59,5.9,16.05,4.92,9.57,3.94,2.89,7.59,15.41
PBI,2024-11-17,12,7,9,14,16,64.29,64.29,68.75,15.43,13.79,2.87,17.0,3.0,1.4,4.31,16.56
PBI,2024-11-17,13,8,4,20,13,75.0,75.0,84.62,7.35,16.3,4.9,12.1,3.92,0.42,4.23,13.69
PBI,2024-11-17,14,5,4,15,12,73.33,66.67,75.0,11.73,16.73,5.67,16.67,5.5,0.15,7.25,9.67
PBI,2024-11-17,15,5,8,12,11,41.67,41.67,72.73,17.25,16.0,4.49,20.5,2.73,0.87,0.91,44.0
PBI,2024-11-17,16,9,8,14,15,78.57,71.43,93.33,8.07,15.07,3.96,11.14,1.0,3.08,1.93,3.33
PBI,2024-11-17,17,7,5,11,12,54.55,54.55,50.0,18.0,16.45,5.45,22.82,1.75,3.38,7.75,13.92
PBI,2024-11-17,18,5,10,9,14,77.78,77.78,85.71,8.78,14.67,3.17,11.33,2.71,0.8,2.86,11.0
PBI,2024-11-17,19,10,4,11,10,100.0,100.0,90.0,0.0,13.18,1.59,0.18,3.1,0.47,3.3,4.9
PBI,2024-11-17,20,2,0,4,4,50.0,25.0,75.0,15.5,17.5,6.78,22.0,3.25,0.2,6.0,11.75
PBI,2024-11-17,21,0,3,0,5,0.0,0.0,100.0,0.0,0.0,0.0,0.0,2.2,3.86,6.0,3.8
PBI,2024-11-17,22,0,8,0,8,0.0,0.0,62.5,0.0,0.0,0.0,0.0,0.38,1.96,0.0,14.0
PBI,2024-11-17,23,0,7,0,10,0.0,0.0,60.0,0.0,0.0,0.0,0.0,0.6,1.9,1.9,26.9
PBI,2024-11-18,0,0,1,0,1,0.0,0.0,100.0,0.0,0.0,0.0,0.0,0.0,0.0,0.0,0.0
PBI,2024-11-18,1,0,0,1,0,100.0,100.0,0.0,0.0,20.0,8.8,9.0,0.0,0.0,0.0,0.0
PBI,2024-11-18,5,0,0,2,0,100.0,50.0,0.0,0.0,22.0,10.8,11.0,0.0,0.0,0.0,0.0
PBI,2024-11-18,6,8,0,10,2,80.0,80.0,0.0,6.7,11.8,1.1,7.1,0.5,0.2,5.5,37.0
PBI,2024-11-18,7,5,0,11,0,72.73,72.73,0.0,9.27,14.18,2.7,10.55,0.0,0.0,0.0,0.0
PBI,2024-11-18,8,5,0,9,2,88.89,66.67,100.0,3.0,17.78,6.57,8.0,6.5,1.2,10.5,9.0
PBI,2024-11-18,9,3,5,7,10,71.43,57.14,80.0,10.57,15.57,4.5,14.57,1.9,2.81,4.9,9.2
PBI,2024-11-18,10,6,11,10,15,50.0,40.0,73.33,12.3,14.4,3.42,15.6,3.53,4.49,4.53,12.8
PBI,2024-11-18,11,11,8,19,12,68.42,63.16,83.33,26.0,16.42,4.93,29.37,2.25,2.08,1.92,12.08
PBI,2024-11-18,12,6,8,14,15,64.29,57.14,66.67,13.14,18.29,7.02,18.64,6.07,0.38,8.13,15.87
PBI,2024-11-18,13,7,4,15,9,66.67,66.67,77.78,8.8,14.27,3.15,11.0,2.44,1.08,4.11,15.67
PBI,2024-11-18,14,5,4,16,12,50.0,43.75,58.33,19.19,15.69,4.6,23.63,6.25,0.45,8.5,17.17
PBI,2024-11-18,15,5,7,9,13,66.67,66.67,69.23,11.22,17.0,5.5,14.67,5.54,1.48,6.85,13.23
PBI,2024-11-18,16,8,9,12,17,75.0,75.0,58.82,13.75,13.67,2.82,15.58,1.88,1.24,3.71,12.24
PBI,2024-11-18,17,8,6,12,12,91.67,75.0,75.0,3.75,14.33,3.59,7.0,1.33,3.83,4.75,6.17
PBI,2024-11-18,18,7,11,9,14,88.89,88.89,64.29,5.22,12.22,1.26,5.67,2.79,1.31,3.43,15.93
PBI,2024-11-18,19,10,4,11,6,90.91,90.91,83.33,4.09,11.27,0.24,3.91,0.83,1.13,0.0,4.67
PBI,2024-11-18,20,2,0,3,3,66.67,66.67,33.33,9.33,11.33,1.07,9.67,0.0,0.2,0.67,19.0
PBI,2024-11-18,21,0,3,1,4,100.0,100.0,75.0,0.0,14.0,2.8,0.0,0.25,0.45,0.25,6.25
PBI,2024-11-18,22,0,8,1,8,100.0,100.0,62.5,0.0,12.0,0.8,1.0,0.0,0.74,0.5,18.63
PBI,2024-11-18,23,0,7,0,7,0.0,0.0,85.71,0.0,0.0,0.0,0.0,0.14,2.31,1.43,15.0
PBI,2024-11-19,0,0,1,0,1,0.0,0.0,100.0,0.0,0.0,0.0,0.0,0.0,0.6,0.0,0.0
PBI,2024-11-19,1,0,0,0,0,0.0,0.0,0.0,0.0,0.0,0.0,0.0,0.0,0.0,0.0,0.0
PBI,2024-11-19,2,0,0,0,0,0.0,0.0,0.0,0.0,0.0,0.0,0.0,0.0,0.0,0.0,0.0
PBI,2024-11-19,5,0,0,0,1,0.0,0.0,100.0,0.0,0.0,0.0,0.0,0.0,0.0,0.0,0.0
PBI,2024-11-19,6,5,0,7,2,85.71,85.71,50.0,3.71,14.29,3.6,5.86,0.0,0.6,0.0,27.5
PBI,2024-11-19,7,6,0,10,1,70.0,70.0,0.0,6.6,13.4,2.31,6.5,5.0,0.2,11.0,65.0
PBI,2024-11-19,8,6,0,15,3,53.33,53.33,66.67,21.6,11.2,0.48,21.8,5.67,0.2,9.0,7.67
PBI,2024-11-19,9,3,3,9,7,44.44,44.44,42.86,20.33,11.89,0.83,21.11,3.29,0.39,5.14,15.43
PBI,2024-11-19,10,6,11,19,17,57.89,42.11,88.24,10.37,16.11,4.98,15.11,2.06,0.99,2.82,6.41
PBI,2024-11-19,11,9,6,13,9,84.62,76.92,88.89,3.54,16.92,5.32,6.08,1.44,1.84,2.56,5.0
PBI,2024-11-19,12,6,7,14,15,71.43,71.43,40.0,10.07,15.57,4.76,14.43,11.0,1.19,15.47,28.33
PBI,2024-11-19,13,6,5,14,10,50.0,57.14,70.0,14.79,13.5,2.68,16.07,3.6,0.77,5.3,11.9
PBI,2024-11-19,14,5,4,9,10,77.78,66.67,80.0,21.0,15.11,4.18,24.11,3.8,2.46,4.6,7.3
PBI,2024-11-19,15,5,6,10,12,80.0,70.0,66.67,8.6,14.6,3.05,11.2,0.67,1.36,7.58,17.25
PBI,2024-11-19,16,6,8,10,18,70.0,70.0,61.11,15.8,16.2,4.95,18.8,4.06,0.63,6.22,17.17
PBI,2024-11-19,17,6,4,10,9,70.0,60.0,66.67,10.7,16.0,5.23,13.9,2.56,0.5,3.67,21.56
PBI,2024-11-19,18,5,9,9,10,77.78,77.78,100.0,5.78,13.67,2.39,6.44,1.1,0.94,1.7,2.0
PBI,2024-11-19,19,7,4,10,11,90.0,90.0,90.91,9.3,14.9,3.24,10.8,3.09,0.13,3.0,2.45
PBI,2024-11-19,20,2,0,4,1,75.0,75.0,0.0,10.0,14.5,4.25,13.25,16.0,0.2,21.0,71.0
PBI,2024-11-19,21,0,5,2,7,50.0,50.0,100.0,28.0,12.0,0.9,29.0,0.43,0.51,0.0,0.0
PBI,2024-11-19,22,0,6,1,7,100.0,100.0,100.0,0.0,15.0,3.8,0.0,0.43,0.84,0.57,0.0
PBI,2024-11-19,23,0,4,1,6,0.0,0.0,66.67,79.0,13.0,1.8,81.0,0.67,0.22,1.83,30.33
PBI,2024-11-20,0,0,1,0,2,0.0,0.0,100.0,0.0,0.0,0.0,0.0,4.5,0.4,4.5,0.0
PBI,2024-11-20,1,0,0,0,0,0.0,0.0,0.0,0.0,0.0,0.0,0.0,0.0,0.0,0.0,0.0
PBI,2024-11-20,4,0,0,0,0,0.0,0.0,0.0,0.0,0.0,0.0,0.0,0.0,0.0,0.0,0.0
PBI,2024-11-20,5,0,0,0,1,0.0,0.0,100.0,0.0,0.0,0.0,0.0,0.0,0.0,0.0,0.0
PBI,2024-11-20,6,6,0,8,2,87.5,87.5,0.0,7.25,13.13,2.34,7.5,0.0,0.1,6.0,25.5
PBI,2024-11-20,7,6,0,12,1,58.33,58.33,0.0,12.5,12.08,1.18,12.58,1.0,0.2,3.0,42.0
PBI,2024-11-20,8,6,0,11,1,90.91,81.82,0.0,3.55,15.27,4.62,7.36,7.0,0.2,12.0,35.0
PBI,2024-11-20,9,2,3,7,6,57.14,57.14,83.33,20.86,12.14,1.14,21.14,3.33,0.92,4.67,13.67
PBI,2024-11-20,10,5,10,10,19,50.0,50.0,57.89,12.5,12.4,1.46,13.2,4.05,1.07,7.26,18.95
PBI,2024-11-20,11,10,6,16,13,75.0,75.0,53.85,13.06,14.44,2.92,14.69,3.0,1.62,5.54,18.77
PBI,2024-11-20,12,4,7,8,11,100.0,87.5,72.73,1.13,18.75,7.49,7.13,2.55,1.05,5.27,5.45
PBI,2024-11-20,13,6,5,12,12,75.0,75.0,66.67,12.5,14.08,2.95,14.5,2.5,0.43,3.67,19.0
PBI,2024-11-20,14,5,4,13,12,69.23,61.54,33.33,10.23,14.08,3.02,13.15,5.25,0.83,7.58,29.75
PBI,2024-11-20,15,5,6,10,13,50.0,50.0,69.23,24.3,16.3,4.82,29.0,5.15,0.91,6.23,20.15
PBI,2024-11-20,16,6,7,14,14,78.57,78.57,92.86,6.5,15.71,4.49,9.43,3.79,1.86,4.14,5.64
PBI,2024-11-20,17,7,5,8,12,87.5,87.5,58.33,3.75,13.25,2.99,4.25,4.0,1.54,6.58,56.33
PBI,2024-11-20,18,5,8,5,13,60.0,60.0,69.23,12.4,15.6,4.1,14.8,2.15,1.72,4.85,9.77
PBI,2024-11-20,19,9,4,10,8,100.0,90.0,87.5,0.0,16.4,5.37,3.7,4.5,2.4,5.13,4.0
PBI,2024-11-20,20,2,1,4,9,75.0,75.0,33.33,9.5,12.25,1.8,10.25,4.56,1.29,8.0,42.78
PBI,2024-11-20,21,0,5,3,6,66.67,66.67,100.0,5.67,11.33,0.93,6.67,2.5,0.57,1.83,0.5
PBI,2024-11-20,22,0,6,1,6,100.0,100.0,100.0,0.0,10.0,0.0,0.0,3.33,1.83,1.0,0.17
PBI,2024-11-20,23,0,6,0,8,0.0,0.0,62.5,0.0,0.0,0.0,0.0,3.38,2.89,6.88,26.25
PBI,2024-11-21,0,0,3,0,2,0.0,0.0,100.0,0.0,0.0,0.0,0.0,0.0,1.9,0.0,0.0
PBI,2024-11-21,1,0,0,0,0,0.0,0.0,0.0,0.0,0.0,0.0,0.0,0.0,0.0,0.0,0.0
PBI,2024-11-21,2,0,0,0,0,0.0,0.0,0.0,0.0,0.0,0.0,0.0,0.0,0.0,0.0,0.0
PBI,2024-11-21,4,0,0,0,1,0.0,0.0,0.0,0.0,0.0,0.0,0.0,0.0,1.2,1.0,51.0
PBI,2024-11-21,5,0,0,0,2,0.0,0.0,50.0,0.0,0.0,0.0,0.0,3.0,1.2,8.5,24.0
PBI,2024-11-21,6,11,0,15,2,86.67,86.67,50.0,4.47,14.07,3.31,5.6,0.5,4.2,0.0,18.5
PBI,2024-11-21,7,4,0,12,0,66.67,66.67,0.0,13.5,14.08,3.13,15.08,0.0,0.0,0.0,0.0
PBI,2024-11-21,8,4,0,9,3,88.89,88.89,33.33,2.56,12.89,2.09,4.44,3.67,1.87,9.0,37.0
PBI,2024-11-21,9,3,8,12,9,58.33,50.0,77.78,16.17,12.83,2.06,18.17,1.44,3.62,4.22,17.56
PBI,2024-11-21,10,10,10,12,17,91.67,91.67,70.59,9.0,11.67,1.17,8.83,0.59,2.61,5.47,20.88
PBI,2024-11-21,11,9,7,16,10,56.25,50.0,70.0,23.63,16.25,4.83,27.94,1.8,1.33,2.7,17.8
PBI,2024-11-21,12,6,10,8,12,62.5,62.5,75.0,16.75,14.63,3.66,19.13,2.75,1.47,4.33,16.75
PBI,2024-11-21,13,8,4,15,12,66.67,60.0,41.67,19.33,16.27,4.85,23.93,3.25,1.19,6.42,25.25
PBI,2024-11-21,14,6,5,11,13,72.73,72.73,46.15,9.55,16.91,5.87,14.82,2.69,1.48,6.69,20.15
PBI,2024-11-21,15,4,6,11,18,45.45,45.45,55.56,18.73,20.0,8.55,26.64,3.78,1.37,12.94,44.22
PBI,2024-11-21,16,7,8,14,15,42.86,35.71,73.33,40.21,18.64,7.5,47.07,5.0,1.35,7.2,17.8
PBI,2024-11-21,17,7,5,17,17,70.59,64.71,47.06,23.65,13.53,2.83,26.18,7.71,1.49,12.53,39.71
PBI,2024-11-21,18,7,9,10,16,50.0,50.0,43.75,32.9,19.4,7.91,37.3,9.06,2.26,10.75,20.75
PBI,2024-11-21,19,9,5,12,11,50.0,41.67,45.45,21.08,16.58,4.91,25.58,6.09,1.93,11.55,23.55
PBI,2024-11-21,20,4,5,5,7,60.0,20.0,57.14,15.6,33.0,22.3,35.0,1.29,1.69,5.29,9.71
PBI,2024-11-21,21,2,2,3,6,100.0,66.67,33.33,0.0,22.0,11.3,7.67,1.5,0.95,6.5,28.67
PBI,2024-11-21,22,0,8,1,14,100.0,100.0,42.86,0.0,11.0,0.0,0.0,2.21,1.19,5.14,27.57
PBI,2024-11-21,23,0,5,1,7,0.0,0.0,57.14,32.0,15.0,3.8,36.0,0.0,1.36,7.57,20.86
PBI,2024-11-22,0,0,3,0,4,0.0,0.0,50.0,0.0,0.0,0.0,0.0,2.75,1.1,2.5,89.75
PBI,2024-11-22,2,0,0,0,0,0.0,0.0,0.0,0.0,0.0,0.0,0.0,0.0,0.0,0.0,0.0
PBI,2024-11-22,4,0,0,0,0,0.0,0.0,0.0,0.0,0.0,0.0,0.0,0.0,0.0,0.0,0.0
PBI,2024-11-22,5,0,0,0,3,0.0,0.0,66.67,0.0,0.0,0.0,0.0,2.33,1.2,0.0,8.33
PBI,2024-11-22,6,11,0,13,1,92.31,92.31,0.0,2.62,12.38,2.57,3.69,0.0,2.2,4.0,16.0
PBI,2024-11-22,7,3,0,13,1,46.15,46.15,0.0,24.92,13.54,2.17,27.15,0.0,1.2,2.0,22.0
PBI,2024-11-22,8,5,0,13,4,69.23,69.23,25.0,10.54,14.38,3.14,12.92,5.75,0.2,10.0,31.75
PBI,2024-11-22,9,2,7,16,9,50.0,43.75,55.56,17.31,14.38,3.23,20.63,1.67,0.88,4.78,23.33
PBI,2024-11-22,10,8,9,17,14,52.94,52.94,78.57,24.18,14.18,3.19,26.71,2.71,1.14,2.57,7.57
PBI,2024-11-22,11,8,8,16,18,75.0,75.0,50.0,9.56,15.44,3.95,12.63,5.56,2.72,12.28,30.22
PBI,2024-11-22,12,9,9,19,21,42.11,36.84,52.38,27.16,21.21,9.99,36.47,6.76,3.17,10.38,29.19
PBI,2024-11-22,13,6,5,20,11,40.0,25.0,45.45,29.2,22.7,11.3,39.65,3.27,2.76,8.55,30.09
PBI,2024-11-22,14,5,4,14,13,57.14,28.57,38.46,26.64,25.36,14.27,40.57,6.92,1.11,14.85,33.0
PBI,2024-11-22,15,5,6,13,19,46.15,38.46,52.63,32.69,18.85,7.42,39.54,6.05,0.53,8.0,28.68
PBI,2024-11-22,16,7,9,16,18,68.75,62.5,50.0,15.0,18.06,6.9,21.38,6.5,2.44,10.67,37.83
PBI,2024-11-22,17,8,4,9,20,33.33,33.33,35.0,40.11,16.33,5.41,45.11,4.15,2.63,8.45,29.5
PBI,2024-11-22,18,8,11,12,22,41.67,41.67,27.27,28.75,17.42,6.48,34.92,7.55,1.58,13.91,44.14
PBI,2024-11-22,19,8,5,14,18,21.43,7.14,38.89,30.0,18.14,6.48,36.29,6.0,1.62,8.61,31.83
PBI,2024-11-22,20,5,4,10,5,60.0,70.0,40.0,16.4,16.7,6.08,22.1,2.8,2.28,5.0,15.2
PBI,2024-11-22,21,1,2,1,4,0.0,0.0,100.0,17.0,16.0,5.1,22.0,2.5,0.83,1.5,0.0
PBI,2024-11-22,22,0,8,1,9,100.0,100.0,55.56,0.0,7.0,0.0,0.0,1.22,0.7,1.67,47.78
PBI,2024-11-22,23,0,5,0,7,0.0,0.0,42.86,0.0,0.0,0.0,0.0,6.86,0.89,1.86,29.57
PBI,2024-11-23,0,0,2,0,5,0.0,0.0,0.0,0.0,0.0,0.0,0.0,3.2,0.88,4.8,56.0
PBI,2024-11-23,1,0,1,0,0,0.0,0.0,0.0,0.0,0.0,0.0,0.0,0.0,0.0,0.0,0.0
PBI,2024-11-23,5,0,0,1,0,0.0,0.0,0.0,42.0,13.0,1.8,44.0,0.0,0.0,0.0,0.0
PBI,2024-11-23,6,10,0,12,1,83.33,83.33,0.0,8.92,12.83,1.73,9.58,3.0,9.2,15.0,26.0
PBI,2024-11-23,7,4,0,8,1,75.0,75.0,0.0,5.38,14.63,3.14,7.75,0.0,1.2,0.0,17.0
PBI,2024-11-23,8,5,0,20,1,60.0,50.0,0.0,18.3,14.35,3.3,21.55,9.0,1.2,14.0,82.0
PBI,2024-11-23,9,2,7,10,12,30.0,30.0,83.33,38.3,12.7,1.81,40.1,3.92,1.07,6.0,8.5
PBI,2024-11-23,10,9,10,15,11,66.67,73.33,90.91,11.47,13.73,2.83,13.13,0.82,2.56,0.82,11.18
PBI,2024-11-23,11,8,6,20,16,60.0,55.0,50.0,17.65,15.35,4.08,21.1,5.25,0.82,11.81,32.5
PBI,2024-11-23,12,5,7,11,17,63.64,54.55,52.94,27.64,17.36,5.98,33.18,6.94,1.75,11.06,31.71
PBI,2024-11-23,13,8,8,12,17,83.33,75.0,58.82,10.0,13.83,2.65,11.5,5.53,0.84,7.35,23.71
PBI,2024-11-23,14,6,4,11,14,45.45,45.45,57.14,21.36,16.73,5.45,25.91,5.43,1.05,9.57,17.07
PBI,2024-11-23,15,6,6,16,16,68.75,56.25,68.75,19.88,18.63,7.36,26.13,8.31,1.44,11.0,25.75
PBI,2024-11-23,16,5,8,9,20,44.44,44.44,60.0,26.89,18.11,6.8,33.22,2.75,2.08,6.6,24.25
PBI,2024-11-23,17,7,4,14,11,64.29,64.29,81.82,15.07,17.79,6.91,21.57,4.09,1.76,6.55,9.27
PBI,2024-11-23,18,8,9,9,17,88.89,77.78,58.82,4.11,16.0,4.72,7.0,3.0,1.81,4.71,15.94
PBI,2024-11-23,19,7,6,9,9,77.78,77.78,77.78,4.56,15.11,3.5,7.33,4.0,1.76,4.33,7.89
PBI,2024-11-23,20,4,4,4,7,75.0,75.0,57.14,13.0,10.5,0.05,12.5,1.71,0.97,2.29,17.71
PBI,2024-11-23,21,1,3,1,4,100.0,100.0,75.0,0.0,9.0,0.0,0.0,2.0,0.53,6.0,14.5
PBI,2024-11-23,22,0,5,0,6,0.0,0.0,66.67,0.0,0.0,0.0,0.0,0.83,0.92,0.83,39.17
PBI,2024-11-23,23,0,5,0,5,0.0,0.0,100.0,0.0,0.0,0.0,0.0,0.0,1.36,0.0,1.6
PBI,2024-11-24,0,0,3,0,2,0.0,0.0,50.0,0.0,0.0,0.0,0.0,0.0,0.95,0.0,44.0
PBI,2024-11-24,1,0,0,0,2,0.0,0.0,50.0,0.0,0.0,0.0,0.0,2.5,0.75,4.5,14.5
PBI,2024-11-24,2,0,0,0,0,0.0,0.0,0.0,0.0,0.0,0.0,0.0,0.0,0.0,0.0,0.0
PBI,2024-11-24,6,11,0,12,0,100.0,100.0,0.0,0.08,13.42,2.73,1.42,0.0,0.0,0.0,0.0
PBI,2024-11-24,7,3,0,10,0,50.0,50.0,0.0,13.7,13.5,2.16,15.7,0.0,0.0,0.0,0.0
PBI,2024-11-24,8,5,0,14,3,71.43,64.29,100.0,8.29,14.71,3.67,11.71,6.0,0.07,10.33,6.33
PBI,2024-11-24,9,2,7,18,11,50.0,44.44,63.64,11.78,15.89,4.77,16.39,6.55,1.86,7.09,12.18
PBI,2024-11-24,10,9,10,16,18,62.5,62.5,50.0,8.69,16.31,5.22,13.0,5.89,3.94,10.78,18.89
PBI,2024-11-24,11,9,9,21,18,52.38,47.62,44.44,16.0,16.76,5.26,19.9,5.28,1.32,9.28,25.39
PBI,2024-11-24,12,8,9,20,16,70.0,65.0,68.75,15.35,15.5,4.29,19.1,3.0,1.98,2.81,14.94
PBI,2024-11-24,13,7,5,15,9,66.67,66.67,66.67,10.13,15.4,4.19,13.8,2.22,0.44,3.67,14.56
PBI,2024-11-24,14,6,5,19,15,63.16,47.37,60.0,9.53,17.79,6.66,15.42,10.4,1.1,13.6,31.73
PBI,2024-11-24,15,6,6,16,16,62.5,56.25,62.5,15.06,16.75,5.53,19.44,4.69,0.54,8.88,14.25
PBI,2024-11-24,16,6,8,15,20,73.33,60.0,50.0,12.27,18.2,7.03,18.6,2.95,0.96,7.85,29.05
PBI,2024-11-24,17,7,5,11,12,54.55,54.55,66.67,30.09,15.64,4.84,33.91,1.92,0.38,4.08,17.0
PBI,2024-11-24,18,8,11,10,15,90.0,90.0,66.67,4.2,15.2,3.69,6.7,2.13,0.71,3.13,23.4
PBI,2024-11-24,19,10,5,11,9,72.73,72.73,100.0,19.0,15.73,4.12,21.0,2.56,0.81,4.22,4.22
PBI,2024-11-24,20,4,5,6,8,33.33,33.33,87.5,18.33,20.5,9.87,27.83,0.13,1.62,1.25,11.0
PBI,2024-11-24,21,2,2,2,3,100.0,100.0,100.0,0.0,14.0,2.95,0.0,1.67,1.37,3.0,0.0
PBI,2024-11-24,22,0,8,0,9,0.0,0.0,100.0,0.0,0.0,0.0,0.0,5.0,1.24,2.33,0.89
PBI,2024-11-24,23,0,5,0,5,0.0,0.0,80.0,0.0,0.0,0.0,0.0,0.0,1.22,1.4,10.8
PBI,2024-11-25,0,0,3,0,3,0.0,0.0,100.0,0.0,0.0,0.0,0.0,0.0,1.3,0.0,0.0
PBI,2024-11-25,2,0,0,0,0,0.0,0.0,0.0,0.0,0.0,0.0,0.0,0.0,0.0,0.0,0.0
PBI,2024-11-25,6,11,0,14,0,78.57,78.57,0.0,5.0,13.64,2.63,5.86,0.0,0.0,0.0,0.0
PBI,2024-11-25,7,3,0,9,1,33.33,33.33,0.0,26.89,12.89,1.56,28.44,3.0,1.2,7.0,18.0
PBI,2024-11-25,8,5,0,17,0,47.06,35.29,0.0,21.0,15.12,3.96,24.71,0.0,0.0,0.0,0.0
PBI,2024-11-25,9,2,7,13,9,53.85,53.85,77.78,13.38,12.62,1.59,14.92,1.33,1.46,1.56,23.44
PBI,2024-11-25,10,9,10,19,17,52.63,42.11,58.82,18.11,13.84,2.78,20.79,2.71,1.22,6.29,47.88
PBI,2024-11-25,11,8,7,16,16,62.5,56.25,50.0,45.25,14.63,3.15,47.75,3.19,0.42,6.44,28.0
PBI,2024-11-25,12,6,8,10,13,60.0,60.0,76.92,17.3,16.2,4.88,21.4,2.08,0.98,2.54,8.23
PBI,2024-11-25,13,7,5,18,13,66.67,66.67,76.92,17.83,14.33,2.98,20.72,0.46,0.95,2.77,11.69
PBI,2024-11-25,14,6,6,14,17,71.43,57.14,58.82,12.57,18.43,7.17,18.93,3.12,1.34,6.41,21.59
PBI,2024-11-25,15,6,6,12,18,41.67,41.67,77.78,40.83,16.33,4.84,44.25,8.94,1.47,6.0,33.83
PBI,2024-11-25,16,7,8,12,22,75.0,66.67,59.09,19.0,15.33,4.63,23.25,2.73,1.09,4.27,15.27
PBI,2024-11-25,17,7,4,7,15,57.14,57.14,60.0,36.43,16.29,5.73,40.43,4.27,3.84,7.87,19.33
PBI,2024-11-25,18,8,11,11,16,36.36,27.27,56.25,26.82,17.18,5.7,32.09,3.94,2.6,8.31,32.5
PBI,2024-11-25,19,8,5,12,11,75.0,75.0,72.73,21.17,14.17,2.94,22.08,3.27,2.68,7.45,9.82
PBI,2024-11-25,20,5,4,7,9,71.43,71.43,66.67,13.43,13.29,2.53,15.0,4.0,4.58,10.22,17.33
PBI,2024-11-25,21,1,2,3,4,66.67,66.67,75.0,5.0,13.33,2.3,6.33,7.0,1.07,8.0,21.0
PBI,2024-11-25,22,0,8,0,9,0.0,0.0,77.78,0.0,0.0,0.0,0.0,0.11,0.96,0.0,13.89
PBI,2024-11-25,23,0,5,0,5,0.0,0.0,80.0,0.0,0.0,0.0,0.0,0.0,0.3,0.0,10.8
PBI,2024-11-26,0,0,3,1,4,0.0,0.0,75.0,53.0,15.0,3.8,57.0,0.0,1.45,2.0,12.25
PBI,2024-11-26,1,0,0,0,0,0.0,0.0,0.0,0.0,0.0,0.0,0.0,0.0,0.0,0.0,0.0
PBI,2024-11-26,4,0,0,1,1,0.0,0.0,100.0,76.0,14.0,2.8,79.0,0.0,0.0,0.0,0.0
PBI,2024-11-26,5,0,0,0,1,0.0,0.0,100.0,0.0,0.0,0.0,0.0,0.0,0.0,0.0,4.0
PBI,2024-11-26,6,10,0,11,1,90.91,81.82,0.0,5.27,13.91,2.82,6.91,0.0,0.0,2.0,34.0
PBI,2024-11-26,7,4,0,10,2,50.0,50.0,50.0,16.6,13.0,1.67,17.8,5.0,1.2,11.0,8.5
PBI,2024-11-26,8,5,0,14,2,64.29,64.29,50.0,7.79,13.79,2.63,10.07,0.0,1.2,0.0,15.0
PBI,2024-11-26,9,2,8,11,12,36.36,36.36,91.67,16.45,14.27,3.13,19.45,2.17,1.64,3.0,7.33
PBI,2024-11-26,10,10,11,21,15,71.43,71.43,86.67,7.67,13.14,2.19,9.0,2.73,3.37,3.27,15.53
PBI,2024-11-26,11,9,5,21,15,71.43,66.67,73.33,14.29,15.57,4.3,17.81,2.13,0.93,4.93,19.27
PBI,2024-11-26,12,5,10,17,16,64.71,52.94,87.5,14.18,16.65,5.35,19.35,3.38,1.51,5.5,8.31
PBI,2024-11-26,13,9,6,15,15,73.33,60.0,53.33,12.13,18.07,6.81,18.2,3.0,1.33,6.6,39.13
PBI,2024-11-26,14,5,4,18,14,44.44,38.89,57.14,29.17,16.89,5.71,34.72,3.57,1.63,6.86,24.07
PBI,2024-11-26,15,5,6,10,15,70.0,70.0,60.0,22.8,16.1,4.91,26.9,4.07,2.49,6.67,15.53
PBI,2024-11-26,16,7,8,12,17,75.0,66.67,64.71,11.67,21.42,10.25,19.92,4.35,1.31,5.35,14.65
PBI,2024-11-26,17,7,5,12,15,75.0,75.0,46.67,11.33,15.75,4.94,16.08,5.73,1.02,8.6,32.07
PBI,2024-11-26,18,7,10,7,17,71.43,71.43,41.18,51.14,16.29,5.07,55.0,5.76,1.01,7.18,36.88
PBI,2024-11-26,19,9,4,11,10,63.64,63.64,80.0,14.09,15.55,3.74,16.91,2.3,0.33,6.1,13.6
PBI,2024-11-26,20,4,4,7,15,42.86,42.86,53.33,40.29,15.57,4.89,45.14,3.53,0.43,5.0,39.87
PBI,2024-11-26,21,1,2,4,6,50.0,50.0,50.0,21.0,12.0,0.93,22.0,3.5,0.18,6.5,30.67
PBI,2024-11-26,22,0,8,0,9,0.0,0.0,66.67,0.0,0.0,0.0,0.0,0.78,0.77,0.78,26.33
PBI,2024-11-26,23,0,5,1,6,0.0,0.0,83.33,58.0,32.0,20.8,79.0,0.0,1.05,4.67,8.0
PBI,2024-11-27,0,0,3,0,3,0.0,0.0,66.67,0.0,0.0,0.0,0.0,0.0,6.07,0.0,5.33
PBI,2024-11-27,2,0,0,0,0,0.0,0.0,0.0,0.0,0.0,0.0,0.0,0.0,0.0,0.0,0.0
PBI,2024-11-27,5,0,0,0,2,0.0,0.0,50.0,0.0,0.0,0.0,0.0,0.0,0.6,0.0,14.5
PBI,2024-11-27,6,10,0,13,2,76.92,76.92,0.0,15.23,12.46,1.43,15.77,0.0,4.7,3.5,54.0
PBI,2024-11-27,7,4,0,10,0,60.0,60.0,0.0,12.8,13.7,2.49,14.8,0.0,0.0,0.0,0.0
PBI,2024-11-27,8,5,0,12,2,91.67,83.33,50.0,1.58,14.42,3.74,4.33,3.0,0.7,9.5,15.5
PBI,2024-11-27,9,2,7,11,11,54.55,54.55,72.73,22.18,14.82,3.77,26.0,4.18,0.79,5.91,11.45
PBI,2024-11-27,10,9,11,21,17,47.62,42.86,58.82,18.14,15.14,4.13,22.1,3.29,1.19,10.29,19.24
PBI,2024-11-27,11,9,5,15,14,60.0,46.67,50.0,13.27,14.93,3.49,16.0,6.36,1.16,9.79,28.57
PBI,2024-11-27,12,6,9,14,20,71.43,71.43,60.0,11.07,12.07,1.15,11.71,4.95,1.24,6.3,18.5
PBI,2024-11-27,13,7,5,17,14,64.71,58.82,57.14,11.71,14.47,3.39,14.71,2.64,0.16,5.57,21.79
PBI,2024-11-27,14,5,5,16,15,62.5,56.25,53.33,18.44,17.0,5.66,23.25,2.73,0.15,5.33,40.47
PBI,2024-11-27,15,5,6,11,13,63.64,63.64,61.54,35.91,15.0,3.48,38.82,0.92,0.07,2.0,17.08
PBI,2024-11-27,16,7,8,13,20,92.31,61.54,70.0,2.69,19.23,8.26,9.77,17.75,0.59,18.8,38.9
PBI,2024-11-27,17,7,4,14,10,71.43,57.14,70.0,21.93,16.64,5.65,27.07,2.9,0.86,13.0,20.4
PBI,2024-11-27,18,6,9,9,9,66.67,55.56,77.78,7.0,16.56,5.01,10.44,4.33,1.3,3.56,6.22
PBI,2024-11-27,19,9,6,10,7,60.0,60.0,100.0,16.3,14.3,2.29,16.9,3.0,2.39,1.43,2.0
PBI,2024-11-27,20,5,4,8,8,62.5,75.0,62.5,22.38,12.75,2.24,23.75,1.38,1.75,3.88,15.25
PBI,2024-11-27,21,1,2,4,3,50.0,50.0,66.67,25.5,12.25,1.35,26.25,4.0,1.83,2.0,56.67
PBI,2024-11-27,22,0,9,2,10,100.0,100.0,80.0,0.0,20.5,9.3,1.0,0.9,0.98,0.9,23.7
PBI,2024-11-27,23,0,4,1,5,0.0,0.0,80.0,54.0,13.0,1.8,56.0,0.0,1.26,0.0,4.0
PBI,2024-11-28,0,0,0,0,3,0.0,0.0,66.67,0.0,0.0,0.0,0.0,0.0,1.07,2.0,10.33
PBI,2024-11-28,1,0,0,1,1,100.0,100.0,0.0,0.0,11.0,0.0,0.0,0.0,1.2,5.0,19.0
PBI,2024-11-28,4,0,0,1,0,100.0,100.0,0.0,0.0,11.0,0.0,0.0,0.0,0.0,0.0,0.0
PBI,2024-11-28,6,10,0,10,0,90.0,90.0,0.0,10.4,13.6,3.07,10.8,0.0,0.0,0.0,0.0
PBI,2024-11-28,7,4,0,6,0,83.33,83.33,0.0,5.33,12.83,1.68,6.67,0.0,0.0,0.0,0.0
PBI,2024-11-28,8,5,0,12,0,58.33,58.33,0.0,11.08,12.25,1.35,12.08,0.0,0.0,0.0,0.0
PBI,2024-11-28,9,2,7,8,9,37.5,37.5,88.89,43.0,12.13,1.1,43.63,1.44,1.14,1.11,2.0
PBI,2024-11-28,10,8,8,9,15,88.89,88.89,60.0,2.78,11.33,0.68,3.11,2.27,1.01,4.93,24.07
PBI,2024-11-28,11,7,9,10,15,60.0,60.0,86.67,19.7,11.7,0.7,20.3,3.4,0.68,4.4,5.07
PBI,2024-11-28,12,6,7,10,10,100.0,100.0,80.0,0.0,13.8,2.94,2.0,4.1,1.9,4.8,6.5
PBI,2024-11-28,13,4,3,7,8,85.71,85.71,75.0,2.86,12.43,1.11,4.0,2.13,1.21,5.75,13.13
PBI,2024-11-28,14,1,3,7,6,42.86,42.86,100.0,18.14,13.71,2.54,20.43,3.83,0.95,4.67,2.67
PBI,2024-11-28,15,0,5,2,10,100.0,100.0,60.0,0.0,17.5,6.4,6.5,1.9,0.65,4.0,14.0
PBI,2024-11-28,16,0,4,3,7,66.67,66.67,71.43,9.0,11.67,0.6,9.67,3.14,1.69,11.43,13.57
PBI,2024-11-28,17,2,1,4,6,100.0,100.0,33.33,0.0,14.0,2.65,2.25,0.67,1.38,4.0,31.83
PBI,2024-11-28,18,0,1,1,4,0.0,0.0,75.0,29.0,14.0,2.8,32.0,0.75,0.9,1.75,13.25
PBI,2024-11-28,19,0,1,0,4,0.0,0.0,75.0,0.0,0.0,0.0,0.0,0.75,2.22,6.0,12.75
PBI,2024-11-28,20,1,2,2,4,50.0,50.0,75.0,8.0,12.5,1.45,9.5,0.25,0.93,2.75,6.5
PBI,2024-11-28,21,1,1,2,1,100.0,100.0,100.0,0.0,13.0,1.9,0.0,0.0,0.0,0.0,0.0
PBI,2024-11-28,22,0,2,0,2,0.0,0.0,50.0,0.0,0.0,0.0,0.0,0.0,2.95,4.5,24.5
PBI,2024-11-28,23,0,0,0,2,0.0,0.0,50.0,0.0,0.0,0.0,0.0,0.5,1.2,2.5,7.5
PBI,2024-11-29,0,0,2,0,0,0.0,0.0,0.0,0.0,0.0,0.0,0.0,0.0,0.0,0.0,0.0
PBI,2024-11-29,1,0,0,0,0,0.0,0.0,0.0,0.0,0.0,0.0,0.0,0.0,0.0,0.0,0.0
PBI,2024-11-29,5,0,0,0,0,0.0,0.0,0.0,0.0,0.0,0.0,0.0,0.0,0.0,0.0,0.0
PBI,2024-11-29,6,8,0,8,3,87.5,87.5,66.67,2.63,12.63,1.38,2.88,1.0,1.87,6.0,10.33
PBI,2024-11-29,7,3,0,10,1,60.0,50.0,100.0,11.0,12.9,2.53,13.4,5.0,1.2,12.0,11.0
PBI,2024-11-29,8,5,0,11,3,72.73,72.73,33.33,8.82,13.64,2.63,10.55,6.67,1.2,10.33,45.67
PBI,2024-11-29,9,1,4,10,9,30.0,30.0,77.78,31.1,15.9,4.75,35.9,4.89,1.2,10.22,33.44
PBI,2024-11-29,10,7,7,11,16,90.91,90.91,56.25,2.91,17.0,6.04,7.09,2.69,0.52,5.13,14.44
PBI,2024-11-29,11,8,4,12,19,75.0,75.0,36.84,13.67,14.5,2.93,15.08,5.95,1.5,9.05,46.47
PBI,2024-11-29,12,6,8,14,18,64.29,42.86,38.89,14.0,17.93,7.08,21.0,5.28,1.92,13.39,27.56
PBI,2024-11-29,13,8,7,18,21,27.78,22.22,23.81,36.0,14.33,3.16,38.67,10.71,2.43,17.9,42.57
PBI,2024-11-29,14,5,4,14,13,35.71,28.57,53.85,24.43,14.29,3.01,27.36,10.38,2.05,13.62,21.69
PBI,2024-11-29,15,4,5,12,16,41.67,41.67,87.5,19.75,14.17,2.9,22.42,4.81,1.96,7.31,7.31
PBI,2024-11-29,16,6,9,15,17,60.0,60.0,76.47,19.47,13.2,1.97,20.73,2.65,1.61,2.82,20.94
PBI,2024-11-29,17,8,3,12,13,91.67,83.33,76.92,13.92,14.5,3.8,16.0,7.77,1.85,7.46,5.85
PBI,2024-11-29,18,9,10,11,12,54.55,54.55,83.33,27.0,13.36,2.54,28.45,1.33,1.8,3.33,7.17
PBI,2024-11-29,19,4,5,7,11,57.14,57.14,54.55,12.14,15.29,3.36,14.57,2.18,2.44,4.45,16.64
PBI,2024-11-29,20,5,3,7,6,71.43,71.43,50.0,12.43,13.57,3.0,15.29,9.0,2.08,4.83,56.5
PBI,2024-11-29,21,0,4,1,7,100.0,100.0,85.71,0.0,11.0,0.0,0.0,4.14,1.36,1.57,16.0
PBI,2024-11-29,22,0,5,3,5,66.67,66.67,80.0,24.67,11.33,1.2,25.67,0.0,1.86,1.2,6.0
PBI,2024-11-29,23,0,4,0,4,0.0,0.0,75.0,0.0,0.0,0.0,0.0,0.0,1.95,1.25,7.5
PBI,2024-11-30,0,0,3,0,2,0.0,0.0,100.0,0.0,0.0,0.0,0.0,1.0,3.45,1.0,0.5
PBI,2024-11-30,1,0,0,0,0,0.0,0.0,0.0,0.0,0.0,0.0,0.0,0.0,0.0,0.0,0.0
PBI,2024-11-30,5,0,0,1,0,0.0,0.0,0.0,54.0,15.0,3.8,58.0,0.0,0.0,0.0,0.0
PBI,2024-11-30,6,10,0,13,2,100.0,100.0,50.0,0.08,13.62,2.62,0.77,0.0,2.7,1.0,38.5
PBI,2024-11-30,7,4,0,10,1,90.0,90.0,100.0,2.7,14.1,2.92,4.2,2.0,1.2,9.0,8.0
PBI,2024-11-30,8,5,0,23,5,52.17,43.48,40.0,22.52,14.83,3.64,26.09,3.6,1.2,5.6,13.4
PBI,2024-11-30,9,2,8,15,8,33.33,33.33,87.5,26.0,12.87,1.73,27.47,0.63,0.9,1.13,2.88
PBI,2024-11-30,10,10,10,20,16,60.0,60.0,75.0,15.8,11.8,1.35,16.6,0.94,2.48,3.06,7.63
PBI,2024-11-30,11,8,7,19,12,68.42,68.42,50.0,9.53,13.63,2.42,11.58,2.83,1.81,7.92,20.17
PBI,2024-11-30,12,6,8,12,16,83.33,83.33,50.0,5.33,12.33,1.36,6.58,5.56,1.57,7.44,27.44
PBI,2024-11-30,13,8,8,20,17,45.0,50.0,47.06,22.05,12.6,1.74,23.6,4.06,0.91,6.88,18.0
PBI,2024-11-30,14,6,4,18,14,50.0,33.33,50.0,14.83,17.56,6.22,20.28,8.36,1.75,10.29,21.93
PBI,2024-11-30,15,7,6,12,19,50.0,50.0,31.58,19.92,13.92,3.08,22.75,7.05,1.47,10.89,43.74
PBI,2024-11-30,16,6,9,18,24,44.44,38.89,70.83,34.44,15.61,4.41,38.78,7.42,2.72,9.83,18.63
PBI,2024-11-30,17,7,7,12,15,83.33,66.67,46.67,6.92,16.42,5.63,12.0,5.87,3.91,11.33,27.93
PBI,2024-11-30,18,9,8,16,18,56.25,50.0,33.33,24.25,13.56,2.42,26.38,7.17,1.58,12.39,27.78
PBI,2024-11-30,19,8,5,12,9,33.33,41.67,55.56,26.67,14.0,2.33,27.08,3.11,2.38,7.22,17.67
PBI,2024-11-30,20,4,6,4,12,75.0,75.0,58.33,20.25,17.5,6.15,25.75,1.83,3.72,4.42,19.0
PBI,2024-11-30,21,3,4,4,5,100.0,100.0,40.0,0.0,16.75,5.1,4.0,1.8,0.82,2.0,47.0
PBI,2024-11-30,22,0,5,0,5,0.0,0.0,80.0,0.0,0.0,0.0,0.0,0.8,1.4,4.0,28.0
PBI,2024-11-30,23,0,5,0,7,0.0,0.0,57.14,0.0,0.0,0.0,0.0,0.29,0.8,0.14,14.14
PBI,2024-12-01,0,0,4,1,5,100.0,100.0,20.0,0.0,9.0,0.0,0.0,1.6,1.28,3.4,25.8
PBI,2024-12-01,1,0,0,0,0,0.0,0.0,0.0,0.0,0.0,0.0,0.0,0.0,0.0,0.0,0.0
PBI,2024-12-01,3,0,0,0,1,0.0,0.0,100.0,0.0,0.0,0.0,0.0,5.0,1.2,10.0,8.0
PBI,2024-12-01,5,1,0,1,0,100.0,100.0,0.0,0.0,10.0,0.7,0.0,0.0,0.0,0.0,0.0
PBI,2024-12-01,6,9,0,10,0,80.0,80.0,0.0,7.3,12.2,1.7,7.2,0.0,0.0,0.0,0.0
PBI,2024-12-01,7,4,0,8,0,62.5,62.5,0.0,11.0,12.13,1.07,12.13,0.0,0.0,0.0,0.0
PBI,2024-12-01,8,5,0,11,3,63.64,63.64,0.0,8.82,13.55,2.19,10.55,5.0,1.2,9.0,35.0
PBI,2024-12-01,9,2,7,15,10,66.67,66.67,70.0,10.47,16.6,5.44,15.4,1.4,1.35,4.6,12.8
PBI,2024-12-01,10,7,11,21,19,61.9,47.62,68.42,13.29,18.29,7.3,20.52,2.37,1.52,5.11,13.79
PBI,2024-12-01,11,12,8,25,16,56.0,40.0,37.5,21.96,23.72,12.38,33.32,7.38,1.61,14.0,43.88
PBI,2024-12-01,12,7,9,20,26,40.0,20.0,15.38,37.15,21.3,9.84,46.65,16.96,1.3,24.46,57.04
PBI,2024-12-01,13,8,7,19,20,31.58,26.32,20.0,48.21,17.37,6.03,54.37,29.7,1.3,34.55,67.05
PBI,2024-12-01,14,7,4,28,14,28.57,21.43,28.57,48.14,18.93,7.68,55.86,17.71,2.6,24.21,69.36
PBI,2024-12-01,15,5,7,16,15,31.25,18.75,20.0,41.19,30.56,19.01,60.38,8.53,2.49,16.4,51.93
PBI,2024-12-01,16,6,8,16,18,50.0,37.5,16.67,53.31,19.44,8.13,61.5,6.89,1.9,16.83,87.06
PBI,2024-12-01,17,7,4,18,16,44.44,22.22,37.5,33.22,22.72,11.56,44.94,7.06,1.96,17.75,43.25
PBI,2024-12-01,18,8,11,12,18,41.67,25.0,38.89,41.83,17.25,5.87,47.0,7.39,1.66,13.56,38.78
PBI,2024-12-01,19,9,4,13,10,38.46,38.46,20.0,34.46,14.31,2.59,36.69,3.8,2.1,10.4,42.1
PBI,2024-12-01,20,5,6,10,10,40.0,40.0,40.0,23.7,16.7,5.57,29.5,2.4,2.39,5.4,46.5
PBI,2024-12-01,21,2,2,3,8,33.33,0.0,50.0,58.33,17.67,6.0,64.33,11.38,2.12,24.63,24.13
PBI,2024-12-01,22,0,7,1,9,0.0,0.0,66.67,33.0,13.0,1.8,35.0,2.22,1.62,4.67,25.44
PBI,2024-12-01,23,0,5,0,7,0.0,0.0,57.14,0.0,0.0,0.0,0.0,1.14,1.81,3.0,32.57
PBI,2024-12-02,0,0,3,0,5,0.0,0.0,60.0,0.0,0.0,0.0,0.0,2.0,1.84,3.0,13.6
PBI,2024-12-02,1,0,0,0,0,0.0,0.0,0.0,0.0,0.0,0.0,0.0,0.0,0.0,0.0,0.0
PBI,2024-12-02,4,0,0,0,0,0.0,0.0,0.0,0.0,0.0,0.0,0.0,0.0,0.0,0.0,0.0
PBI,2024-12-02,6,8,0,9,0,66.67,77.78,0.0,27.0,12.89,1.91,27.33,0.0,0.0,0.0,0.0
PBI,2024-12-02,7,6,0,13,1,61.54,46.15,100.0,9.15,15.23,4.51,13.62,0.0,1.2,0.0,0.0
PBI,2024-12-02,8,5,0,14,4,64.29,50.0,50.0,15.93,16.57,5.18,20.43,6.5,1.2,7.5,23.75
PBI,2024-12-02,9,2,7,9,10,33.33,33.33,70.0,21.89,14.33,3.11,25.11,1.9,1.14,7.0,13.0
PBI,2024-12-02,10,8,11,15,19,60.0,46.67,47.37,20.13,16.47,5.4,25.4,5.0,2.08,9.05,36.47
PBI,2024-12-02,11,10,7,18,12,33.33,16.67,83.33,31.39,16.83,5.66,36.56,1.67,2.01,3.42,11.33
PBI,2024-12-02,12,6,8,16,13,56.25,56.25,76.92,26.44,18.19,6.88,32.75,3.15,2.3,4.08,16.62
PBI,2024-12-02,13,8,7,14,18,64.29,50.0,55.56,18.93,21.21,9.81,28.14,5.44,1.16,7.83,24.0
PBI,2024-12-02,14,6,4,15,12,53.33,60.0,58.33,25.6,16.33,4.9,29.47,9.17,1.68,11.08,25.83
PBI,2024-12-02,15,5,7,14,24,42.86,42.86,50.0,28.07,13.36,2.36,29.86,8.96,2.11,10.88,27.54
PBI,2024-12-02,16,7,8,15,23,46.67,53.33,56.52,22.27,16.0,4.99,26.67,8.04,2.01,8.04,31.52
PBI,2024-12-02,17,7,6,17,15,52.94,52.94,46.67,21.06,14.82,3.67,24.12,4.87,3.37,5.0,28.8
PBI,2024-12-02,18,11,11,12,18,41.67,41.67,44.44,20.83,14.0,2.8,23.08,3.0,2.47,3.39,25.89
PBI,2024-12-02,19,8,5,10,10,50.0,60.0,50.0,15.2,13.8,2.23,16.7,0.7,3.1,4.9,23.8
PBI,2024-12-02,20,3,4,5,6,40.0,40.0,33.33,18.0,16.2,5.18,22.6,0.17,2.03,3.5,28.33
PBI,2024-12-02,21,1,2,3,4,100.0,100.0,75.0,0.0,15.0,3.73,2.33,2.25,1.8,2.25,8.75
PBI,2024-12-02,22,0,9,2,11,50.0,50.0,54.55,22.0,12.0,1.4,23.5,0.82,0.45,4.82,15.36
PBI,2024-12-02,23,0,4,0,5,0.0,0.0,80.0,0.0,0.0,0.0,0.0,1.4,1.32,2.8,16.4
PBI,2024-12-03,0,0,3,0,4,0.0,0.0,100.0,0.0,0.0,0.0,0.0,0.0,2.3,0.0,0.5
PBI,2024-12-03,3,0,0,0,1,0.0,0.0,0.0,0.0,0.0,0.0,0.0,3.0,1.2,9.0,57.0
PBI,2024-12-03,4,0,0,0,0,0.0,0.0,0.0,0.0,0.0,0.0,0.0,0.0,0.0,0.0,0.0
PBI,2024-12-03,5,0,0,1,1,0.0,0.0,100.0,38.0,12.0,0.8,39.0,0.0,3.2,0.0,0.0
PBI,2024-12-03,6,8,0,9,2,88.89,88.89,0.0,4.89,11.89,1.17,4.78,2.0,2.7,9.5,44.5
PBI,2024-12-03,7,6,0,14,0,64.29,64.29,0.0,23.14,14.43,3.35,26.14,0.0,0.0,0.0,0.0
PBI,2024-12-03,8,5,0,10,1,50.0,50.0,0.0,16.0,15.6,4.32,19.7,13.0,1.2,17.0,49.0
PBI,2024-12-03,9,3,3,8,7,50.0,37.5,28.57,20.88,15.5,4.4,25.13,5.0,5.83,13.86,25.29
PBI,2024-12-03,10,5,10,10,15,60.0,50.0,73.33,28.3,14.3,3.35,31.0,6.27,1.69,9.47,11.8
PBI,2024-12-03,11,8,7,13,14,61.54,61.54,50.0,11.54,13.69,2.13,13.38,6.64,2.5,9.07,19.93
PBI,2024-12-03,12,8,8,17,21,64.71,58.82,52.38,12.59,14.82,3.67,15.82,9.9,1.35,12.95,28.52
PBI,2024-12-03,13,6,6,15,10,53.33,53.33,70.0,16.93,15.07,3.73,20.07,8.4,1.73,9.4,13.3
PBI,2024-12-03,14,6,3,13,14,61.54,53.85,50.0,17.08,15.54,4.16,19.85,3.57,0.89,5.86,26.57
PBI,2024-12-03,15,4,5,12,14,41.67,41.67,50.0,31.33,15.25,3.76,34.58,7.64,0.95,9.93,28.36
PBI,2024-12-03,16,6,5,8,13,62.5,62.5,61.54,26.88,16.38,4.93,29.88,14.92,1.48,16.85,28.62
PBI,2024-12-03,17,4,6,13,16,30.77,30.77,62.5,30.77,15.85,4.72,35.69,3.94,1.35,4.75,16.56
PBI,2024-12-03,18,7,10,8,15,100.0,100.0,80.0,0.88,13.63,2.45,2.63,2.47,2.87,2.53,8.2
PBI,2024-12-03,19,7,2,7,8,71.43,71.43,37.5,7.71,14.57,2.91,9.14,4.38,1.31,9.13,31.63
PBI,2024-12-03,20,2,3,2,6,100.0,100.0,66.67,0.0,15.0,4.15,0.0,1.5,2.83,4.0,8.0
PBI,2024-12-03,21,0,5,2,7,50.0,50.0,71.43,30.5,12.5,1.4,32.0,1.43,0.91,3.57,11.71
PBI,2024-12-03,22,0,5,2,6,100.0,100.0,66.67,0.0,15.0,3.8,3.0,1.67,1.1,2.17,18.17
PBI,2024-12-03,23,0,3,1,4,0.0,0.0,75.0,33.0,12.0,0.8,34.0,1.0,1.18,0.0,8.0
PBI,2024-12-04,0,0,3,0,3,0.0,0.0,100.0,0.0,0.0,0.0,0.0,1.0,0.33,0.0,0.0
PBI,2024-12-04,1,0,0,1,0,0.0,0.0,0.0,327.0,12.0,0.8,328.0,0.0,0.0,0.0,0.0
PBI,2024-12-04,4,0,0,1,0,100.0,100.0,0.0,0.0,19.0,7.8,8.0,0.0,0.0,0.0,0.0
PBI,2024-12-04,5,0,0,0,2,0.0,0.0,50.0,0.0,0.0,0.0,0.0,0.0,2.2,0.5,13.0
PBI,2024-12-04,6,7,0,11,1,81.82,81.82,0.0,8.18,11.82,0.79,8.09,0.0,1.2,0.0,26.0
PBI,2024-12-04,7,6,0,14,2,64.29,57.14,100.0,10.14,15.0,3.64,13.0,3.5,1.2,7.5,2.0
PBI,2024-12-04,8,5,0,19,2,57.89,47.37,0.0,15.21,17.42,6.36,21.21,6.5,1.2,12.5,21.5
PBI,2024-12-04,9,3,3,12,6,58.33,58.33,83.33,14.25,15.0,3.82,18.25,3.17,6.67,7.67,4.17
PBI,2024-12-04,10,6,10,17,21,47.06,41.18,61.9,25.82,15.0,3.96,29.71,2.33,4.19,8.71,19.81
PBI,2024-12-04,11,7,7,18,16,61.11,55.56,56.25,15.94,16.67,5.12,20.5,5.06,1.95,7.19,20.38
PBI,2024-12-04,12,8,8,16,15,37.5,37.5,53.33,41.38,15.13,4.06,43.88,4.67,2.1,6.0,22.6
PBI,2024-12-04,13,6,5,13,14,69.23,69.23,35.71,15.77,13.69,3.0,18.62,6.71,0.74,11.79,25.5
PBI,2024-12-04,14,5,3,15,14,46.67,20.0,57.14,19.13,19.53,8.05,27.33,7.43,0.27,8.43,25.64
PBI,2024-12-04,15,4,6,13,21,69.23,61.54,38.1,15.77,14.62,3.13,18.62,5.9,0.68,9.05,40.0
PBI,2024-12-04,16,7,6,14,16,71.43,64.29,50.0,21.93,16.43,5.1,26.43,6.5,2.91,11.63,34.63
PBI,2024-12-04,17,5,7,9,13,66.67,66.67,61.54,16.56,13.44,2.53,19.22,6.31,1.58,7.85,28.92
PBI,2024-12-04,18,8,8,12,14,58.33,41.67,57.14,28.17,15.83,4.95,33.0,4.64,3.56,4.64,26.43
PBI,2024-12-04,19,5,2,6,4,50.0,50.0,75.0,10.67,14.5,2.87,10.83,3.25,1.18,3.0,16.25
PBI,2024-12-04,20,2,3,3,9,33.33,33.33,44.44,45.33,10.33,0.23,44.67,1.67,0.98,7.11,23.67
PBI,2024-12-04,21,0,5,1,8,0.0,0.0,62.5,33.0,15.0,3.8,37.0,0.88,1.2,1.88,22.13
PBI,2024-12-04,22,0,5,2,6,50.0,50.0,50.0,11.5,14.5,3.3,13.5,2.17,0.93,4.83,40.67
PBI,2024-12-04,23,0,3,1,5,100.0,0.0,80.0,0.0,28.0,16.8,17.0,0.0,1.98,2.0,15.4
PBI,2024-12-05,0,0,4,0,3,0.0,0.0,0.0,0.0,0.0,0.0,0.0,0.0,3.67,14.33,30.33
PBI,2024-12-05,1,0,0,0,0,0.0,0.0,0.0,0.0,0.0,0.0,0.0,0.0,0.0,0.0,0.0
PBI,2024-12-05,4,0,0,0,0,0.0,0.0,0.0,0.0,0.0,0.0,0.0,0.0,0.0,0.0,0.0
PBI,2024-12-05,5,0,0,0,2,0.0,0.0,50.0,0.0,0.0,0.0,0.0,0.0,0.7,2.5,45.5
PBI,2024-12-05,6,6,0,11,1,63.64,72.73,0.0,11.27,12.73,2.19,11.73,1.0,4.2,5.0,46.0
PBI,2024-12-05,7,8,0,19,1,57.89,57.89,0.0,8.68,12.16,1.02,9.53,5.0,1.2,10.0,27.0
PBI,2024-12-05,8,4,0,13,4,53.85,46.15,50.0,14.69,16.92,5.82,20.46,3.0,1.2,4.5,24.5
PBI,2024-12-05,9,3,5,10,9,50.0,40.0,44.44,14.2,20.1,8.86,22.4,5.89,1.59,16.0,29.22
PBI,2024-12-05,10,7,10,12,13,75.0,50.0,61.54,10.0,22.25,11.16,19.83,3.85,1.21,23.62,24.69
PBI,2024-12-05,11,10,8,15,17,60.0,53.33,29.41,41.87,15.87,4.55,45.27,9.0,1.59,17.94,42.12
PBI,2024-12-05,12,7,9,18,22,38.89,38.89,27.27,30.28,15.33,4.32,34.22,7.77,2.22,15.82,45.73
PBI,2024-12-05,13,8,6,19,20,21.05,21.05,25.0,53.63,17.21,5.99,59.05,8.1,2.36,17.7,39.25
PBI,2024-12-05,14,6,4,21,11,47.62,42.86,0.0,25.71,19.1,7.78,33.62,8.64,1.27,16.45,55.91
PBI,2024-12-05,15,4,7,15,15,46.67,40.0,33.33,40.0,21.2,9.59,49.73,9.07,2.14,11.53,43.73
PBI,2024-12-05,16,9,6,12,9,50.0,33.33,33.33,70.75,17.42,6.5,76.17,8.78,1.13,9.22,33.33
PBI,2024-12-05,17,3,7,9,19,33.33,33.33,52.63,22.0,19.11,8.06,30.22,13.21,2.83,17.05,37.16
PBI,2024-12-05,18,9,10,15,14,46.67,46.67,50.0,34.07,21.93,10.65,43.93,11.29,3.02,14.29,35.71
PBI,2024-12-05,19,8,3,11,6,36.36,27.27,50.0,43.27,15.45,3.56,46.0,17.83,3.18,13.0,24.5
PBI,2024-12-05,20,3,5,5,12,20.0,20.0,58.33,90.8,10.6,1.14,90.6,4.0,2.45,5.17,21.58
PBI,2024-12-05,21,1,5,4,9,75.0,75.0,55.56,13.5,12.5,2.0,14.5,11.11,2.71,4.56,22.89
PBI,2024-12-05,22,0,5,2,6,100.0,100.0,16.67,0.0,10.5,0.0,0.0,2.33,1.25,1.83,37.83
PBI,2024-12-05,23,0,2,1,5,100.0,100.0,60.0,0.0,22.0,10.8,11.0,2.4,1.18,5.6,13.2
PBI,2024-12-06,0,0,3,0,7,0.0,0.0,28.57,0.0,0.0,0.0,0.0,0.14,1.84,3.57,31.14
PBI,2024-12-06,1,0,0,1,1,0.0,0.0,100.0,75.0,15.0,3.8,79.0,0.0,1.2,8.0,0.0
PBI,2024-12-06,3,0,0,0,0,0.0,0.0,0.0,0.0,0.0,0.0,0.0,0.0,0.0,0.0,0.0
PBI,2024-12-06,5,0,0,1,2,0.0,0.0,50.0,41.0,10.0,0.0,40.0,0.0,2.2,0.5,13.0
PBI,2024-12-06,6,6,0,8,1,75.0,75.0,0.0,102.88,11.75,1.09,103.13,4.0,3.2,3.0,49.0
PBI,2024-12-06,7,9,0,17,0,64.71,64.71,0.0,8.94,13.65,2.43,10.53,0.0,0.0,0.0,0.0
PBI,2024-12-06,8,4,0,10,4,50.0,50.0,25.0,12.6,14.8,4.0,16.0,6.0,1.2,14.25,27.75
PBI,2024-12-06,9,2,4,10,6,40.0,20.0,83.33,22.5,19.8,8.56,31.3,2.0,1.78,2.67,6.0
PBI,2024-12-06,10,6,12,16,16,56.25,50.0,75.0,21.0,15.44,4.17,24.69,2.31,2.0,7.31,10.19
PBI,2024-12-06,11,11,9,16,16,56.25,50.0,56.25,24.63,15.44,4.04,28.31,4.38,2.58,5.88,26.75
PBI,2024-12-06,12,9,7,18,19,61.11,50.0,31.58,18.39,20.28,8.9,26.06,10.05,4.87,13.74,33.16
PBI,2024-12-06,13,7,5,20,14,50.0,25.0,21.43,22.05,25.2,13.87,35.75,10.07,1.69,16.14,49.64
PBI,2024-12-06,14,4,4,11,14,45.45,9.09,35.71,50.18,23.64,12.12,61.91,11.71,1.11,13.36,38.43
PBI,2024-12-06,15,4,8,13,16,84.62,69.23,56.25,7.08,23.23,11.77,17.15,7.19,1.46,8.13,17.06
PBI,2024-12-06,16,10,5,16,13,62.5,50.0,53.85,29.25,18.13,6.9,34.94,21.0,0.99,15.85,75.38
PBI,2024-12-06,17,4,6,8,16,62.5,62.5,81.25,26.5,13.88,2.86,29.5,4.88,1.43,3.75,6.75
PBI,2024-12-06,18,8,11,13,17,61.54,53.85,58.82,27.08,14.69,3.51,30.31,2.47,2.66,3.24,19.35
PBI,2024-12-06,19,9,4,10,9,70.0,80.0,66.67,15.7,12.9,1.6,15.6,0.89,1.27,2.67,14.67
PBI,2024-12-06,20,2,4,4,7,25.0,25.0,42.86,22.5,11.25,1.07,23.75,1.71,1.93,2.71,37.57
PBI,2024-12-06,21,0,5,2,8,50.0,50.0,62.5,15.0,12.0,0.9,16.0,2.0,1.57,1.88,13.38
PBI,2024-12-06,22,0,4,2,4,100.0,100.0,50.0,4.0,8.0,0.0,2.5,0.5,1.52,2.5,51.75
PBI,2024-12-06,23,0,4,0,4,0.0,0.0,50.0,0.0,0.0,0.0,0.0,0.25,0.6,0.0,14.0
PBI,2024-12-07,0,0,1,0,4,0.0,0.0,75.0,0.0,0.0,0.0,0.0,0.0,1.25,2.0,8.0
PBI,2024-12-07,1,0,0,0,0,0.0,0.0,0.0,0.0,0.0,0.0,0.0,0.0,0.0,0.0,0.0
PBI,2024-12-07,2,0,0,0,1,0.0,0.0,0.0,0.0,0.0,0.0,0.0,15.0,0.2,25.0,389.0
PBI,2024-12-07,4,0,0,1,0,0.0,0.0,0.0,25.0,14.0,2.8,28.0,0.0,0.0,0.0,0.0
PBI,2024-12-07,5,1,0,1,0,100.0,100.0,0.0,0.0,15.0,3.2,0.0,0.0,0.0,0.0,0.0
PBI,2024-12-07,6,6,0,7,2,100.0,100.0,50.0,0.71,11.71,1.14,0.57,0.0,0.7,1.5,8.0
PBI,2024-12-07,7,8,0,11,2,90.91,81.82,50.0,2.09,16.73,6.28,6.91,0.0,0.2,0.5,13.0
PBI,2024-12-07,8,3,0,8,4,62.5,62.5,50.0,10.25,13.38,1.96,11.5,7.25,0.7,13.5,30.25
PBI,2024-12-07,9,2,3,10,4,50.0,40.0,50.0,25.8,17.0,5.92,31.9,0.75,0.65,1.25,21.25
PBI,2024-12-07,10,6,10,12,17,66.67,58.33,76.47,14.42,14.42,3.05,17.17,3.0,2.26,4.88,10.41
PBI,2024-12-07,11,11,10,20,14,70.0,60.0,64.29,15.6,15.8,4.63,20.25,4.21,0.86,6.0,14.64
PBI,2024-12-07,12,6,7,11,14,72.73,72.73,78.57,8.27,16.18,4.57,12.27,3.57,0.86,4.57,10.93
PBI,2024-12-07,13,7,4,10,9,40.0,40.0,66.67,29.1,11.8,0.74,29.7,1.89,0.48,4.33,15.44
PBI,2024-12-07,14,6,4,13,10,84.62,84.62,80.0,26.15,14.46,3.21,29.31,1.4,0.78,3.7,6.3
PBI,2024-12-07,15,3,9,7,15,28.57,28.57,60.0,64.57,11.71,0.9,65.29,1.6,0.54,3.93,15.87
PBI,2024-12-07,16,8,2,10,12,70.0,60.0,58.33,10.3,14.2,3.56,11.6,6.17,0.33,4.83,15.92
PBI,2024-12-07,17,3,8,5,16,100.0,100.0,62.5,0.0,12.6,1.56,0.0,1.94,0.54,5.81,17.69
PBI,2024-12-07,18,6,7,11,11,63.64,63.64,72.73,23.0,14.45,3.28,25.45,3.0,1.25,4.82,11.36
PBI,2024-12-07,19,4,4,7,7,85.71,85.71,85.71,3.14,13.86,2.77,4.14,2.71,0.34,1.0,10.57
PBI,2024-12-07,20,1,5,2,8,100.0,100.0,75.0,0.0,14.5,3.3,0.0,1.38,1.0,6.38,13.5
PBI,2024-12-07,21,1,3,3,5,33.33,33.33,60.0,40.67,16.0,4.27,45.0,5.4,0.36,6.0,26.4
PBI,2024-12-07,22,0,2,0,3,0.0,0.0,100.0,0.0,0.0,0.0,0.0,1.67,0.83,3.33,4.67
PBI,2024-12-07,23,0,3,0,3,0.0,0.0,100.0,0.0,0.0,0.0,0.0,0.0,0.0,0.0,0.0
PBI,2024-12-08,0,0,3,0,1,0.0,0.0,100.0,0.0,0.0,0.0,0.0,0.0,2.6,0.0,0.0
PBI,2024-12-08,3,0,0,0,1,0.0,0.0,0.0,0.0,0.0,0.0,0.0,0.0,0.2,4.0,37.0
PBI,2024-12-08,4,0,0,0,0,0.0,0.0,0.0,0.0,0.0,0.0,0.0,0.0,0.0,0.0,0.0
PBI,2024-12-08,5,0,0,0,0,0.0,0.0,0.0,0.0,0.0,0.0,0.0,0.0,0.0,0.0,0.0
PBI,2024-12-08,6,8,0,11,0,81.82,72.73,0.0,6.91,13.18,2.53,8.82,0.0,0.0,0.0,0.0
PBI,2024-12-08,7,8,0,13,1,92.31,84.62,0.0,2.38,16.08,4.52,5.85,5.0,0.2,18.0,44.0
PBI,2024-12-08,8,3,0,19,2,63.16,47.37,100.0,46.68,20.05,8.82,55.68,7.5,0.2,10.0,0.0
PBI,2024-12-08,9,2,5,11,7,45.45,45.45,100.0,20.64,16.91,5.67,26.27,0.43,1.44,0.0,0.0
PBI,2024-12-08,10,6,10,13,16,53.85,53.85,75.0,14.23,17.0,5.87,19.54,3.25,2.01,5.38,10.13
PBI,2024-12-08,11,11,11,23,16,65.22,47.83,62.5,15.22,20.17,8.6,23.04,5.56,2.26,6.06,13.44
PBI,2024-12-08,12,9,8,18,16,44.44,44.44,50.0,27.39,17.94,6.58,32.83,3.75,1.28,5.69,22.0
PBI,2024-12-08,13,7,5,15,13,60.0,46.67,61.54,15.67,17.27,5.77,21.4,2.77,0.52,4.38,14.62
PBI,2024-12-08,14,7,5,18,15,66.67,66.67,66.67,13.83,17.72,6.39,19.11,4.07,1.19,5.93,16.13
PBI,2024-12-08,15,4,10,13,16,53.85,53.85,62.5,21.69,17.08,5.56,26.69,4.69,0.57,4.69,19.75
PBI,2024-12-08,16,11,3,17,18,58.82,47.06,33.33,21.82,20.59,9.36,28.59,7.94,0.71,13.0,37.11
PBI,2024-12-08,17,3,7,8,12,62.5,37.5,75.0,13.63,20.0,8.68,22.25,4.67,1.21,4.67,12.42
PBI,2024-12-08,18,7,10,10,17,70.0,60.0,64.71,10.3,15.6,4.25,14.5,4.06,2.64,5.35,19.53
PBI,2024-12-08,19,10,4,16,9,43.75,43.75,55.56,25.31,15.13,3.39,28.19,6.44,0.13,3.0,12.33
PBI,2024-12-08,20,3,5,3,7,100.0,100.0,71.43,0.0,12.0,2.23,2.33,0.14,0.73,1.86,10.14
PBI,2024-12-08,21,1,3,2,5,100.0,100.0,100.0,0.0,15.5,3.5,1.0,0.0,1.16,0.2,3.4
PBI,2024-12-08,22,0,7,0,7,0.0,0.0,71.43,0.0,0.0,0.0,0.0,0.71,2.51,0.0,29.43
PBI,2024-12-08,23,0,4,1,5,0.0,0.0,80.0,58.0,15.0,3.8,62.0,0.4,0.86,1.4,9.4
PBI,2024-12-09,0,0,3,0,6,0.0,0.0,83.33,0.0,0.0,0.0,0.0,0.33,0.28,1.5,8.17
PBI,2024-12-09,1,0,0,0,0,0.0,0.0,0.0,0.0,0.0,0.0,0.0,0.0,0.0,0.0,0.0
PBI,2024-12-09,2,0,0,0,1,0.0,0.0,0.0,0.0,0.0,0.0,0.0,2.0,0.2,8.0,17.0
PBI,2024-12-09,5,0,0,5,0,40.0,40.0,0.0,21.6,15.2,4.0,25.8,0.0,0.0,0.0,0.0
PBI,2024-12-09,6,6,0,9,0,77.78,77.78,0.0,9.89,15.89,4.43,13.11,0.0,0.0,0.0,0.0
PBI,2024-12-09,7,9,0,14,1,92.86,92.86,0.0,1.64,13.79,2.39,2.64,5.0,0.2,13.0,30.0
PBI,2024-12-09,8,4,0,8,4,50.0,50.0,0.0,35.0,14.63,3.7,38.38,4.25,0.2,7.75,52.25
PBI,2024-12-09,9,2,4,12,10,41.67,41.67,60.0,15.58,14.5,3.27,18.83,7.4,0.59,9.6,20.3
PBI,2024-12-09,10,7,12,13,21,76.92,61.54,61.9,12.46,17.85,6.77,18.54,6.05,0.47,7.48,14.95
PBI,2024-12-09,11,10,9,20,20,50.0,25.0,75.0,23.55,21.55,9.88,33.1,4.25,1.27,4.9,10.35
PBI,2024-12-09,12,7,6,12,15,75.0,66.67,46.67,12.08,15.5,4.47,15.92,5.93,2.31,9.8,28.0
PBI,2024-12-09,13,8,5,15,17,73.33,66.67,47.06,14.0,14.07,2.97,17.0,5.29,0.51,10.06,21.35
PBI,2024-12-09,14,4,4,11,10,63.64,63.64,60.0,21.36,14.82,3.34,24.45,2.1,1.08,9.5,15.8
PBI,2024-12-09,15,4,9,9,20,66.67,55.56,75.0,12.56,16.44,5.23,17.67,3.7,1.25,6.3,12.0
PBI,2024-12-09,16,9,3,12,13,83.33,75.0,38.46,7.67,15.17,3.95,10.75,6.77,1.16,10.77,28.15
PBI,2024-12-09,17,4,8,9,15,88.89,88.89,86.67,3.67,13.22,2.17,5.33,4.33,1.66,6.6,7.27
PBI,2024-12-09,18,9,10,14,14,85.71,78.57,71.43,6.93,16.07,4.89,10.14,2.64,1.76,3.64,16.5
PBI,2024-12-09,19,9,5,13,7,76.92,76.92,57.14,17.31,13.92,2.49,19.38,3.29,0.57,6.71,17.57
PBI,2024-12-09,20,2,3,4,9,50.0,50.0,44.44,32.5,13.5,2.48,35.25,4.67,0.54,6.56,41.0
PBI,2024-12-09,21,0,5,3,5,33.33,33.33,100.0,28.67,13.67,2.47,30.0,2.0,0.48,1.4,2.0
PBI,2024-12-09,22,0,5,3,5,100.0,100.0,60.0,0.0,12.33,1.27,0.0,3.2,0.62,0.0,39.4
PBI,2024-12-09,23,0,3,0,4,0.0,0.0,75.0,0.0,0.0,0.0,0.0,2.5,1.35,6.5,10.25
PBI,2024-12-10,0,0,2,1,5,100.0,100.0,100.0,0.0,24.0,12.8,13.0,2.4,0.7,2.0,0.0
PBI,2024-12-10,1,0,0,0,1,0.0,0.0,0.0,0.0,0.0,0.0,0.0,0.0,0.2,0.0,15.0
PBI,2024-12-10,5,0,0,0,1,0.0,0.0,0.0,0.0,0.0,0.0,0.0,0.0,0.0,4.0,18.0
PBI,2024-12-10,6,5,0,11,3,54.55,54.55,33.33,14.55,11.55,0.83,14.73,1.33,0.53,2.67,21.67
PBI,2024-12-10,7,9,0,14,2,78.57,78.57,0.0,7.71,12.0,1.06,8.36,8.0,0.2,81.0,80.0
PBI,2024-12-10,8,4,0,13,3,46.15,46.15,33.33,20.85,14.08,3.27,23.38,5.0,0.2,7.33,23.0
PBI,2024-12-10,9,2,2,11,6,27.27,27.27,66.67,20.64,14.91,3.67,24.55,7.17,1.0,7.33,13.0
PBI,2024-12-10,10,5,11,9,16,77.78,77.78,68.75,8.11,12.0,1.16,9.22,7.13,0.81,9.13,21.5
PBI,2024-12-10,11,10,9,16,20,75.0,68.75,70.0,11.31,15.19,3.64,14.19,5.35,1.83,5.85,13.1
PBI,2024-12-10,12,8,5,20,11,50.0,35.0,72.73,19.0,18.75,7.48,26.4,5.36,1.65,8.91,10.55
PBI,2024-12-10,13,6,5,9,12,100.0,77.78,66.67,2.78,18.89,7.46,9.11,4.08,0.58,4.33,11.67
PBI,2024-12-10,14,4,4,13,7,69.23,69.23,42.86,18.62,18.31,6.85,25.31,5.71,0.13,8.29,21.43
PBI,2024-12-10,15,4,7,14,13,50.0,35.71,69.23,29.07,21.36,9.81,39.0,4.69,0.65,5.38,19.08
PBI,2024-12-10,16,7,3,9,13,77.78,77.78,69.23,27.33,19.56,8.16,31.89,2.62,1.42,3.85,16.15
PBI,2024-12-10,17,4,5,5,13,100.0,80.0,76.92,0.8,20.4,9.98,9.6,3.23,0.99,5.54,7.38
PBI,2024-12-10,18,6,9,9,13,55.56,44.44,69.23,24.67,17.78,6.51,30.67,2.23,1.75,5.08,17.92
PBI,2024-12-10,19,6,4,6,8,66.67,33.33,50.0,15.67,27.0,15.03,28.33,1.63,1.74,5.38,27.0
PBI,2024-12-10,20,2,3,2,6,100.0,100.0,66.67,0.0,19.5,8.65,2.5,0.83,1.22,3.5,15.5
PBI,2024-12-10,21,0,5,3,5,33.33,33.33,80.0,32.67,14.0,3.2,36.0,1.4,1.0,9.0,4.8
PBI,2024-12-10,22,0,5,1,6,100.0,100.0,83.33,0.0,11.0,0.0,0.0,0.67,0.7,0.5,7.0
PBI,2024-12-10,23,0,3,1,6,100.0,0.0,50.0,0.0,30.0,18.8,19.0,0.33,1.68,9.0,12.0
PBI,2024-12-11,0,0,2,0,3,0.0,0.0,100.0,0.0,0.0,0.0,0.0,1.33,1.0,4.33,4.33
PBI,2024-12-11,1,0,0,0,2,0.0,0.0,100.0,0.0,0.0,0.0,0.0,4.0,1.2,6.0,0.0
PBI,2024-12-11,4,0,0,0,0,0.0,0.0,0.0,0.0,0.0,0.0,0.0,0.0,0.0,0.0,0.0
PBI,2024-12-11,5,0,0,0,1,0.0,0.0,100.0,0.0,0.0,0.0,0.0,0.0,0.0,0.0,0.0
PBI,2024-12-11,6,5,0,8,2,62.5,62.5,0.0,18.38,15.0,3.89,21.63,0.5,0.6,4.0,26.0
PBI,2024-12-11,7,9,0,15,0,73.33,66.67,0.0,8.67,19.4,7.82,12.27,0.0,0.0,0.0,0.0
PBI,2024-12-11,8,4,0,18,1,66.67,66.67,0.0,7.83,15.67,4.49,11.67,4.0,1.2,11.0,49.0
PBI,2024-12-11,9,2,2,9,4,22.22,22.22,100.0,23.0,13.33,2.09,24.89,2.75,1.8,3.5,3.25
PBI,2024-12-11,10,6,12,13,20,76.92,69.23,60.0,6.0,19.38,8.15,13.46,2.6,1.81,8.95,19.1
PBI,2024-12-11,11,11,10,19,17,68.42,47.37,52.94,13.26,19.84,8.15,21.16,6.12,3.14,13.82,27.24
PBI,2024-12-11,12,8,5,13,10,46.15,46.15,70.0,24.69,14.69,3.63,28.15,6.9,1.76,11.9,12.5
PBI,2024-12-11,13,6,5,14,12,50.0,42.86,58.33,26.71,16.64,5.31,32.14,19.25,1.61,22.25,47.67
PBI,2024-12-11,14,4,4,7,13,42.86,42.86,46.15,30.43,15.14,3.53,34.0,7.08,1.64,10.62,32.0
PBI,2024-12-11,15,4,8,13,12,38.46,38.46,58.33,42.77,14.62,3.1,45.62,2.92,2.35,11.08,22.92
PBI,2024-12-11,16,8,3,12,11,66.67,58.33,36.36,22.17,16.33,4.97,26.92,15.27,2.46,25.27,33.18
PBI,2024-12-11,17,4,6,7,12,71.43,71.43,33.33,13.57,13.86,2.89,14.86,7.67,2.22,22.75,38.58
PBI,2024-12-11,18,6,8,9,18,55.56,55.56,16.67,17.11,17.56,6.73,23.56,17.61,2.53,31.44,82.39
PBI,2024-12-11,19,6,4,9,9,11.11,0.0,44.44,57.0,22.44,10.96,67.67,4.56,2.12,12.11,35.78
PBI,2024-12-11,20,2,3,3,7,33.33,33.33,28.57,26.33,14.67,3.9,30.33,5.14,1.46,10.86,38.0
PBI,2024-12-11,21,0,5,4,6,50.0,50.0,33.33,19.75,14.5,3.85,23.75,7.5,2.57,14.5,30.0
PBI,2024-12-11,22,0,5,1,7,100.0,100.0,42.86,0.0,11.0,0.0,0.0,1.14,1.81,7.0,23.29
PBI,2024-12-11,23,0,3,1,5,100.0,100.0,40.0,0.0,20.0,8.8,9.0,6.0,2.38,14.2,17.6
PBI,2024-12-12,0,0,3,0,2,0.0,0.0,50.0,0.0,0.0,0.0,0.0,5.0,0.6,6.0,18.0
PBI,2024-12-12,1,0,0,1,0,100.0,100.0,0.0,0.0,18.0,6.8,7.0,0.0,0.0,0.0,0.0
PBI,2024-12-12,4,0,0,1,0,0.0,0.0,0.0,31.0,16.0,4.8,36.0,0.0,0.0,0.0,0.0
PBI,2024-12-12,5,0,0,0,2,0.0,0.0,50.0,0.0,0.0,0.0,0.0,0.0,2.7,2.0,27.0
PBI,2024-12-12,6,6,0,8,2,50.0,62.5,50.0,19.75,12.25,1.19,20.38,0.0,2.7,3.0,37.0
PBI,2024-12-12,7,9,0,16,3,56.25,56.25,33.33,13.31,11.38,0.44,13.63,5.0,1.0,11.33,45.0
PBI,2024-12-12,8,4,0,16,2,50.0,50.0,50.0,16.19,13.81,2.91,19.0,2.5,1.2,7.0,21.5
PBI,2024-12-12,9,2,4,10,9,30.0,30.0,55.56,24.3,17.4,6.3,30.7,5.44,0.92,8.22,17.67
PBI,2024-12-12,10,6,12,15,18,73.33,73.33,66.67,11.27,15.53,4.35,14.27,4.17,1.39,9.5,15.56
PBI,2024-12-12,11,11,8,20,17,50.0,35.0,29.41,20.5,23.2,11.52,31.6,5.24,2.22,13.94,30.71
PBI,2024-12-12,12,8,9,17,17,70.59,35.29,35.29,14.35,26.12,14.86,29.24,9.94,2.41,15.0,34.47
PBI,2024-12-12,13,9,6,20,11,50.0,35.0,45.45,48.9,19.05,7.7,56.1,18.64,1.65,22.64,57.55
PBI,2024-12-12,14,5,4,9,17,66.67,66.67,29.41,13.33,16.11,4.7,17.78,17.24,0.56,21.71,71.71
PBI,2024-12-12,15,4,9,7,19,42.86,42.86,42.11,40.14,17.14,5.33,45.0,7.21,0.93,9.26,33.84
PBI,2024-12-12,16,10,3,13,15,61.54,53.85,33.33,15.85,16.0,4.6,19.62,6.2,1.04,10.33,55.27
PBI,2024-12-12,17,3,7,8,15,37.5,37.5,53.33,27.63,13.63,2.61,30.38,7.0,0.93,9.13,24.33
PBI,2024-12-12,18,8,11,11,16,45.45,45.45,43.75,14.91,16.18,4.95,19.73,4.31,1.49,7.19,43.38
PBI,2024-12-12,19,10,4,13,10,53.85,46.15,30.0,38.62,14.85,3.45,41.08,7.2,1.8,9.8,45.4
PBI,2024-12-12,20,3,5,6,12,16.67,16.67,66.67,37.5,12.0,0.98,38.67,4.83,1.45,5.83,13.67
PBI,2024-12-12,21,1,5,4,6,75.0,75.0,83.33,34.75,14.0,2.4,36.75,3.5,1.7,6.33,12.5
PBI,2024-12-12,22,0,6,3,6,100.0,100.0,100.0,0.0,15.33,4.2,3.33,0.0,1.28,0.33,1.67
PBI,2024-12-12,23,0,3,0,6,0.0,0.0,50.0,0.0,0.0,0.0,0.0,2.83,1.68,11.33,24.83
PBI,2024-12-13,0,0,3,0,3,0.0,0.0,33.33,0.0,0.0,0.0,0.0,0.0,2.7,2.0,29.33
PBI,2024-12-13,1,0,0,0,0,0.0,0.0,0.0,0.0,0.0,0.0,0.0,0.0,0.0,0.0,0.0
PBI,2024-12-13,3,0,0,0,0,0.0,0.0,0.0,0.0,0.0,0.0,0.0,0.0,0.0,0.0,0.0
PBI,2024-12-13,4,0,0,0,0,0.0,0.0,0.0,0.0,0.0,0.0,0.0,0.0,0.0,0.0,0.0
PBI,2024-12-13,5,0,0,2,2,0.0,0.0,50.0,31.0,11.0,0.0,31.0,0.0,0.1,0.0,10.5
PBI,2024-12-13,6,8,0,11,1,90.91,90.91,100.0,3.27,12.18,1.2,3.73,1.0,0.0,1.0,11.0
PBI,2024-12-13,7,8,0,14,0,78.57,71.43,0.0,6.64,15.86,4.54,10.21,0.0,0.0,0.0,0.0
PBI,2024-12-13,8,3,0,14,3,64.29,64.29,66.67,13.43,14.5,3.22,16.57,5.0,0.53,7.67,15.67
PBI,2024-12-13,9,2,5,10,7,80.0,80.0,85.71,9.4,14.4,3.22,12.2,3.14,1.24,4.14,4.43
PBI,2024-12-13,10,6,11,16,15,68.75,62.5,66.67,13.69,15.25,4.04,17.44,5.8,1.2,6.87,16.93
PBI,2024-12-13,11,12,10,18,17,61.11,61.11,58.82,14.83,15.78,4.14,17.44,4.47,0.44,5.65,28.35
PBI,2024-12-13,12,8,7,15,10,53.33,53.33,70.0,28.2,16.8,5.41,32.8,2.5,1.22,3.5,13.5
PBI,2024-12-13,13,6,4,13,15,53.85,46.15,60.0,17.23,18.54,7.2,24.31,10.8,0.83,15.0,30.0
PBI,2024-12-13,14,5,4,10,11,70.0,70.0,54.55,21.2,17.6,6.22,26.2,4.09,0.48,9.73,15.64
PBI,2024-12-13,15,4,10,11,19,54.55,45.45,63.16,31.45,17.27,5.63,36.27,5.37,0.47,7.47,17.11
PBI,2024-12-13,16,11,3,14,14,71.43,71.43,64.29,8.79,16.07,4.84,12.36,4.86,0.41,4.93,12.57
PBI,2024-12-13,17,3,7,4,13,25.0,25.0,61.54,30.5,12.0,1.85,32.0,1.85,1.29,4.08,21.0
PBI,2024-12-13,18,8,11,11,20,72.73,72.73,75.0,17.64,17.27,5.83,21.18,6.25,1.88,6.3,16.75
PBI,2024-12-13,19,11,5,13,9,76.92,76.92,66.67,10.85,15.92,4.3,13.23,2.44,7.01,9.44,12.89
PBI,2024-12-13,20,2,3,3,5,100.0,100.0,40.0,0.0,16.33,5.37,4.67,2.0,0.54,5.4,43.0
PBI,2024-12-13,21,0,3,0,8,0.0,0.0,100.0,0.0,0.0,0.0,0.0,2.13,0.13,1.75,0.0
PBI,2024-12-13,22,0,7,4,7,100.0,100.0,71.43,0.0,12.0,0.9,0.5,0.14,0.14,1.86,15.43
PBI,2024-12-13,23,0,4,1,4,100.0,100.0,50.0,0.0,16.0,4.8,5.0,0.0,0.63,3.0,22.25
PBI,2024-12-14,0,0,1,0,3,0.0,0.0,100.0,0.0,0.0,0.0,0.0,0.0,1.37,0.0,1.67
PBI,2024-12-14,1,0,0,0,1,0.0,0.0,100.0,0.0,0.0,0.0,0.0,0.0,1.2,0.0,0.0
PBI,2024-12-14,4,0,0,0,0,0.0,0.0,0.0,0.0,0.0,0.0,0.0,0.0,0.0,0.0,0.0
PBI,2024-12-14,5,1,0,3,0,66.67,66.67,0.0,12.33,10.33,0.0,12.33,0.0,0.0,0.0,0.0
PBI,2024-12-14,6,6,0,8,2,87.5,87.5,50.0,2.75,11.63,1.05,2.88,0.0,1.2,0.0,11.5
PBI,2024-12-14,7,8,0,10,0,80.0,80.0,0.0,7.3,11.7,1.06,7.5,0.0,0.0,0.0,0.0
PBI,2024-12-14,8,3,0,10,1,70.0,70.0,0.0,10.0,16.1,4.79,14.2,2.0,1.2,7.0,18.0
PBI,2024-12-14,9,2,3,11,6,63.64,54.55,16.67,12.27,14.55,3.33,15.45,9.33,1.27,18.67,34.33
PBI,2024-12-14,10,6,11,17,16,52.94,52.94,68.75,23.29,15.06,3.69,26.82,4.0,0.73,6.56,7.0
PBI,2024-12-14,11,11,10,14,13,64.29,71.43,53.85,9.86,14.21,3.31,11.86,6.46,1.41,11.0,24.31
PBI,2024-12-14,12,7,7,10,11,70.0,60.0,54.55,8.6,16.6,5.05,13.2,10.91,1.28,8.0,25.09
PBI,2024-12-14,13,7,4,8,12,50.0,50.0,58.33,16.25,14.5,3.34,19.0,7.08,0.63,6.67,27.5
PBI,2024-12-14,14,6,4,13,9,53.85,53.85,66.67,25.08,12.46,1.15,25.85,2.44,1.32,3.78,9.0
PBI,2024-12-14,15,3,9,8,15,37.5,37.5,66.67,18.0,10.38,0.44,17.0,6.13,1.17,8.6,19.07
PBI,2024-12-14,16,8,2,11,4,63.64,63.64,75.0,20.36,12.82,2.15,21.73,1.75,1.23,0.75,11.0
PBI,2024-12-14,17,3,8,5,11,100.0,100.0,72.73,2.2,15.4,4.48,5.6,4.36,1.99,6.45,13.36
PBI,2024-12-14,18,6,8,8,13,75.0,62.5,84.62,8.25,13.88,2.44,9.88,4.77,1.77,5.15,9.92
PBI,2024-12-14,19,5,4,7,6,71.43,42.86,66.67,8.86,20.43,8.43,16.29,1.17,0.97,3.83,41.5
PBI,2024-12-14,20,1,5,2,6,0.0,0.0,100.0,19.0,16.0,4.7,24.0,29.33,0.93,29.0,0.0
PBI,2024-12-14,21,1,3,1,3,100.0,100.0,100.0,0.0,15.0,2.2,0.0,2.0,1.33,0.67,1.0
PBI,2024-12-14,22,0,2,0,2,0.0,0.0,100.0,0.0,0.0,0.0,0.0,0.0,8.15,6.5,4.5
PBI,2024-12-14,23,0,3,1,5,0.0,0.0,80.0,40.0,16.0,4.8,45.0,0.6,1.32,2.6,8.0
PBI,2024-12-15,0,0,3,0,1,0.0,0.0,100.0,0.0,0.0,0.0,0.0,1.0,1.6,0.0,0.0
PBI,2024-12-15,1,0,0,0,1,0.0,0.0,0.0,0.0,0.0,0.0,0.0,2.0,1.2,7.0,135.0
PBI,2024-12-15,4,0,0,0,0,0.0,0.0,0.0,0.0,0.0,0.0,0.0,0.0,0.0,0.0,0.0
PBI,2024-12-15,5,0,0,0,0,0.0,0.0,0.0,0.0,0.0,0.0,0.0,0.0,0.0,0.0,0.0
PBI,2024-12-15,6,8,0,9,0,88.89,77.78,0.0,2.89,14.0,3.08,4.67,0.0,0.0,0.0,0.0
PBI,2024-12-15,7,8,0,9,0,77.78,77.78,0.0,5.0,12.0,1.07,5.67,0.0,0.0,0.0,0.0
PBI,2024-12-15,8,3,0,8,2,75.0,50.0,50.0,6.75,17.25,6.16,12.63,0.5,0.7,6.0,14.0
PBI,2024-12-15,9,2,5,6,7,50.0,50.0,71.43,16.83,15.33,4.13,21.0,2.43,1.76,4.71,10.43
PBI,2024-12-15,10,6,11,16,15,75.0,56.25,73.33,7.0,18.38,7.12,13.88,4.87,1.2,5.07,17.0
PBI,2024-12-15,11,11,10,20,16,70.0,55.0,75.0,13.7,20.55,8.87,21.7,1.75,3.71,4.06,13.0
PBI,2024-12-15,12,9,9,16,14,62.5,43.75,64.29,18.0,18.81,7.41,23.81,7.29,2.28,6.93,17.14
PBI,2024-12-15,13,8,6,17,16,52.94,47.06,37.5,31.47,15.47,4.14,35.41,6.63,1.18,10.06,23.94
PBI,2024-12-15,14,7,4,15,15,66.67,66.67,53.33,10.13,15.6,4.19,13.0,4.2,0.74,5.73,24.47
PBI,2024-12-15,15,4,10,9,18,22.22,22.22,77.78,44.22,18.89,7.54,51.44,7.33,1.01,7.72,15.33
PBI,2024-12-15,16,11,3,22,8,81.82,68.18,62.5,9.09,17.41,6.2,13.95,4.0,2.85,8.0,19.88
PBI,2024-12-15,17,3,7,8,18,62.5,62.5,50.0,16.0,14.25,3.18,19.25,4.39,2.01,7.0,24.22
PBI,2024-12-15,18,7,11,10,14,70.0,60.0,71.43,8.6,15.3,4.01,11.4,1.79,1.15,0.79,15.0
PBI,2024-12-15,19,11,4,13,7,69.23,69.23,85.71,7.92,18.0,6.53,13.23,2.0,0.87,2.14,7.86
PBI,2024-12-15,20,3,5,4,7,50.0,50.0,42.86,34.5,13.75,3.63,35.25,2.0,0.74,3.14,28.57
PBI,2024-12-15,21,1,3,1,6,100.0,100.0,66.67,0.0,16.0,3.2,0.0,3.17,1.93,3.83,27.17
PBI,2024-12-15,22,0,7,1,8,100.0,100.0,62.5,0.0,13.0,1.8,2.0,1.25,3.26,2.88,16.25
PBI,2024-12-15,23,0,4,0,7,0.0,0.0,85.71,0.0,0.0,0.0,0.0,5.0,0.44,2.29,7.14
PBI,2024-12-16,0,0,3,0,4,0.0,0.0,50.0,0.0,0.0,0.0,0.0,0.0,0.43,0.0,13.25
PBI,2024-12-16,1,0,0,0,0,0.0,0.0,0.0,0.0,0.0,0.0,0.0,0.0,0.0,0.0,0.0
PBI,2024-12-16,2,0,0,0,0,0.0,0.0,0.0,0.0,0.0,0.0,0.0,0.0,0.0,0.0,0.0
PBI,2024-12-16,3,0,0,1,0,0.0,0.0,0.0,20.0,13.0,1.8,22.0,0.0,0.0,0.0,0.0
PBI,2024-12-16,4,0,0,1,0,0.0,0.0,0.0,53.0,15.0,3.8,57.0,0.0,0.0,0.0,0.0
PBI,2024-12-16,5,0,0,0,0,0.0,0.0,0.0,0.0,0.0,0.0,0.0,0.0,0.0,0.0,0.0
PBI,2024-12-16,6,6,0,8,0,75.0,75.0,0.0,9.88,13.88,3.01,10.38,0.0,0.0,0.0,0.0
PBI,2024-12-16,7,9,0,18,1,61.11,61.11,100.0,23.39,13.94,3.17,25.17,1.0,0.2,0.0,0.0
PBI,2024-12-16,8,4,0,11,3,72.73,72.73,66.67,9.55,13.36,2.62,11.64,6.67,0.13,9.67,16.67
PBI,2024-12-16,9,2,4,9,8,66.67,66.67,62.5,11.67,12.89,1.64,13.33,7.5,0.39,7.38,20.5
PBI,2024-12-16,10,7,12,11,15,54.55,54.55,86.67,15.09,13.64,2.52,17.55,4.8,0.75,4.13,7.8
PBI,2024-12-16,11,10,9,15,14,73.33,53.33,64.29,8.87,17.6,5.87,13.87,4.43,0.98,4.79,31.36
PBI,2024-12-16,12,7,6,10,14,70.0,70.0,71.43,18.2,12.9,1.79,19.7,4.29,0.99,5.86,19.0
PBI,2024-12-16,13,8,5,15,13,66.67,66.67,38.46,24.67,13.87,2.73,27.0,4.62,1.01,8.15,18.69
PBI,2024-12-16,14,4,4,13,9,84.62,69.23,44.44,5.54,19.23,7.88,13.38,4.89,0.84,5.56,21.67
PBI,2024-12-16,15,4,9,12,16,66.67,58.33,87.5,13.33,17.42,5.81,19.25,4.44,1.46,5.88,6.38
PBI,2024-12-16,16,9,3,14,12,85.71,64.29,75.0,10.29,16.21,5.23,14.29,6.67,1.02,7.58,11.75
PBI,2024-12-16,17,4,8,8,19,50.0,50.0,57.89,19.0,11.75,0.71,19.75,5.32,0.76,8.26,22.58
PBI,2024-12-16,18,9,10,10,16,60.0,50.0,68.75,21.6,14.9,4.09,25.5,4.63,1.19,5.56,15.63
PBI,2024-12-16,19,10,5,13,7,84.62,76.92,85.71,7.77,14.31,2.49,10.0,4.0,1.0,3.43,6.14
PBI,2024-12-16,20,2,3,4,6,100.0,100.0,66.67,0.0,15.5,4.53,3.0,2.17,0.2,5.0,13.67
PBI,2024-12-16,21,0,5,3,7,66.67,66.67,100.0,5.33,16.0,4.8,8.33,0.43,0.49,0.0,0.14
PBI,2024-12-16,22,0,6,2,7,100.0,100.0,57.14,5.0,15.0,3.8,9.0,1.71,1.01,1.14,46.43
PBI,2024-12-16,23,0,3,0,3,0.0,0.0,100.0,0.0,0.0,0.0,0.0,2.33,1.73,5.0,0.0
PBI,2024-12-17,0,0,2,0,3,0.0,0.0,66.67,0.0,0.0,0.0,0.0,0.0,1.17,0.0,78.0
PBI,2024-12-17,1,0,0,0,0,0.0,0.0,0.0,0.0,0.0,0.0,0.0,0.0,0.0,0.0,0.0
PBI,2024-12-17,4,0,0,0,0,0.0,0.0,0.0,0.0,0.0,0.0,0.0,0.0,0.0,0.0,0.0
PBI,2024-12-17,5,0,0,0,1,0.0,0.0,0.0,0.0,0.0,0.0,0.0,0.0,0.0,0.0,47.0
PBI,2024-12-17,6,5,0,6,2,83.33,83.33,0.0,4.5,13.0,1.55,5.33,0.0,0.1,1.5,35.0
PBI,2024-12-17,7,9,0,17,0,58.82,58.82,0.0,9.47,12.06,0.99,10.47,0.0,0.0,0.0,0.0
PBI,2024-12-17,8,4,1,7,1,71.43,71.43,0.0,9.71,14.71,3.69,12.43,9.0,0.2,13.0,27.0
PBI,2024-12-17,9,3,2,8,7,62.5,37.5,71.43,9.38,18.88,7.63,16.63,6.29,0.6,7.14,16.71
PBI,2024-12-17,10,6,13,12,15,83.33,75.0,86.67,4.83,15.75,4.41,8.0,3.2,1.61,2.27,2.53
PBI,2024-12-17,11,11,8,13,11,92.31,92.31,81.82,4.08,13.54,2.02,5.77,3.73,1.23,4.73,15.91
PBI,2024-12-17,12,7,5,11,8,81.82,81.82,75.0,5.45,13.91,2.6,7.55,5.88,0.66,6.13,11.38
PBI,2024-12-17,13,6,5,11,14,81.82,72.73,50.0,6.45,16.09,4.77,10.27,4.29,0.64,6.36,17.07
PBI,2024-12-17,14,4,4,13,18,30.77,30.77,66.67,24.69,14.92,3.48,28.0,4.39,0.42,6.28,24.39
PBI,2024-12-17,15,4,7,12,12,75.0,75.0,83.33,7.17,15.58,4.04,10.83,3.92,0.38,5.08,10.0
PBI,2024-12-17,16,7,3,14,9,64.29,57.14,66.67,17.86,14.0,2.87,20.0,6.78,0.97,9.89,32.56
PBI,2024-12-17,17,4,7,7,10,85.71,85.71,60.0,2.86,11.14,0.36,3.0,6.5,2.06,3.7,14.4
PBI,2024-12-17,18,8,9,8,14,75.0,75.0,64.29,8.63,13.5,2.46,9.25,9.57,1.34,11.57,33.14
PBI,2024-12-17,19,7,4,8,12,62.5,62.5,58.33,45.25,13.63,1.28,46.13,4.67,0.5,6.75,22.33
PBI,2024-12-17,20,2,4,2,7,100.0,100.0,100.0,0.0,11.5,0.85,0.0,4.29,0.47,0.71,0.71
PBI,2024-12-17,21,1,5,5,6,60.0,60.0,83.33,19.8,14.0,3.08,22.2,9.17,0.8,4.33,7.83
PBI,2024-12-17,22,0,6,2,8,50.0,50.0,50.0,11.0,18.0,6.8,18.0,7.25,1.14,5.63,42.13
PBI,2024-12-17,23,0,3,0,4,0.0,0.0,75.0,0.0,0.0,0.0,0.0,3.5,0.85,5.75,14.75
PBI,2024-12-18,0,0,3,0,3,0.0,0.0,66.67,0.0,0.0,0.0,0.0,1.33,5.0,5.0,8.0
PBI,2024-12-18,1,0,0,0,0,0.0,0.0,0.0,0.0,0.0,0.0,0.0,0.0,0.0,0.0,0.0
PBI,2024-12-18,5,0,0,0,1,0.0,0.0,100.0,0.0,0.0,0.0,0.0,1.0,0.0,0.0,5.0
PBI,2024-12-18,6,5,0,5,2,100.0,100.0,0.0,0.0,13.4,1.62,0.0,0.0,0.6,5.0,44.0
PBI,2024-12-18,7,9,0,20,4,65.0,60.0,0.0,14.4,15.2,3.95,17.7,6.5,0.2,10.5,25.5
PBI,2024-12-18,8,4,1,9,4,44.44,44.44,25.0,21.11,14.22,3.0,23.78,6.5,1.2,12.0,43.75
PBI,2024-12-18,9,3,2,16,7,56.25,56.25,42.86,16.63,14.81,3.6,20.13,2.0,0.69,4.57,18.57
PBI,2024-12-18,10,7,13,23,18,73.91,60.87,72.22,6.87,17.52,6.3,13.13,2.94,0.89,6.61,13.39
PBI,2024-12-18,11,11,11,16,21,87.5,18.75,47.62,8.0,44.94,33.17,40.63,9.19,0.89,12.33,23.57
PBI,2024-12-18,12,9,6,22,15,40.91,22.73,40.0,27.55,27.45,16.13,42.73,9.4,1.64,14.4,29.87
PBI,2024-12-18,13,7,5,13,15,69.23,15.38,26.67,11.77,31.46,20.08,31.31,10.4,1.26,14.2,40.53
PBI,2024-12-18,14,4,4,17,13,35.29,17.65,69.23,34.41,22.76,11.36,45.71,7.69,0.82,8.92,17.08
PBI,2024-12-18,15,4,7,14,19,57.14,42.86,63.16,22.93,21.79,10.21,32.57,5.47,0.51,7.05,18.95
PBI,2024-12-18,16,7,3,12,12,66.67,66.67,58.33,12.08,20.25,8.88,19.25,6.33,0.53,10.0,22.42
PBI,2024-12-18,17,4,8,8,19,37.5,37.5,57.89,25.75,14.13,3.1,29.0,4.58,0.99,8.05,35.58
PBI,2024-12-18,18,8,8,11,16,63.64,63.64,43.75,13.18,15.55,4.42,15.36,5.44,1.77,5.31,19.88
PBI,2024-12-18,19,7,4,8,8,87.5,87.5,62.5,6.13,13.38,1.05,6.13,1.63,1.74,5.38,18.88
PBI,2024-12-18,20,3,4,5,11,80.0,60.0,54.55,10.8,17.6,6.78,17.0,2.55,2.19,7.82,27.64
PBI,2024-12-18,21,1,6,3,8,33.33,33.33,87.5,68.33,14.67,3.47,70.0,1.88,1.29,3.13,6.5
PBI,2024-12-18,22,1,7,3,11,66.67,33.33,81.82,15.33,16.0,5.53,21.0,1.0,1.76,5.55,10.18
PBI,2024-12-18,23,0,2,0,5,0.0,0.0,80.0,0.0,0.0,0.0,0.0,1.0,1.7,11.0,40.0
PBI,2024-12-19,0,0,3,4,4,75.0,75.0,100.0,10.5,12.25,2.9,13.5,0.0,0.83,0.0,0.0
PBI,2024-12-19,1,0,0,0,2,0.0,0.0,50.0,0.0,0.0,0.0,0.0,5.0,1.2,7.5,20.0
PBI,2024-12-19,2,0,0,0,1,0.0,0.0,0.0,0.0,0.0,0.0,0.0,0.0,1.2,0.0,39.0
PBI,2024-12-19,5,1,0,1,1,100.0,100.0,100.0,0.0,9.0,0.0,0.0,0.0,0.0,0.0,1.0
PBI,2024-12-19,6,10,0,11,2,100.0,100.0,0.0,0.09,13.45,2.56,0.18,2.5,2.7,4.5,38.5
PBI,2024-12-19,7,5,0,9,0,66.67,66.67,0.0,17.11,12.89,1.36,18.22,0.0,0.0,0.0,0.0
PBI,2024-12-19,8,5,2,11,4,45.45,45.45,75.0,12.73,16.09,4.78,15.36,19.25,2.7,12.0,12.75
PBI,2024-12-19,9,4,9,14,14,28.57,28.57,57.14,28.14,16.29,5.12,33.0,6.07,1.05,6.07,34.79
PBI,2024-12-19,10,10,11,20,19,75.0,65.0,68.42,23.85,17.7,6.56,29.55,3.47,1.59,7.89,11.89
PBI,2024-12-19,11,11,9,20,13,85.0,75.0,69.23,5.55,18.0,6.55,11.15,4.15,0.95,5.77,14.85
PBI,2024-12-19,12,9,11,17,14,64.71,58.82,50.0,20.82,16.35,5.12,25.06,3.57,1.22,4.86,28.36
PBI,2024-12-19,13,9,6,17,18,52.94,52.94,55.56,27.88,17.24,6.02,33.53,6.33,0.37,9.89,36.67
PBI,2024-12-19,14,7,7,21,16,61.9,33.33,56.25,32.14,20.9,9.47,40.57,20.69,0.5,20.31,53.0
PBI,2024-12-19,15,7,6,15,17,60.0,40.0,64.71,31.27,17.27,5.9,36.67,4.88,2.99,7.35,14.0
PBI,2024-12-19,16,7,7,9,19,88.89,88.89,68.42,4.11,13.44,2.87,5.22,7.11,1.08,7.95,19.37
PBI,2024-12-19,17,5,6,11,17,63.64,63.64,41.18,10.27,16.09,4.88,13.64,9.0,1.42,13.18,41.53
PBI,2024-12-19,18,7,12,13,16,69.23,53.85,68.75,33.23,19.54,8.05,39.69,8.94,2.49,8.13,25.88
PBI,2024-12-19,19,14,7,17,9,82.35,64.71,44.44,14.53,17.71,6.14,19.59,12.0,0.97,13.67,45.78
PBI,2024-12-19,20,2,7,5,14,40.0,40.0,35.71,38.0,13.8,2.42,40.6,4.57,2.01,10.14,26.86
PBI,2024-12-19,21,4,4,6,8,66.67,66.67,75.0,11.0,13.0,1.73,12.33,14.75,1.77,7.5,51.25
PBI,2024-12-19,22,0,9,2,11,100.0,100.0,45.45,0.0,18.5,7.3,6.5,7.27,1.59,10.0,18.18
PBI,2024-12-19,23,0,5,0,5,0.0,0.0,60.0,0.0,0.0,0.0,0.0,0.2,5.14,13.6,26.4
PBI,2024-12-20,0,0,3,0,6,0.0,0.0,33.33,0.0,0.0,0.0,0.0,2.17,1.45,5.0,24.17
PBI,2024-12-20,1,0,0,0,0,0.0,0.0,0.0,0.0,0.0,0.0,0.0,0.0,0.0,0.0,0.0
PBI,2024-12-20,4,0,0,0,0,0.0,0.0,0.0,0.0,0.0,0.0,0.0,0.0,0.0,0.0,0.0
PBI,2024-12-20,5,2,0,3,1,100.0,100.0,100.0,0.0,11.33,0.87,0.0,0.0,2.2,0.0,0.0
PBI,2024-12-20,6,10,0,14,2,71.43,71.43,0.0,6.36,14.0,2.86,7.93,1.0,3.7,4.5,45.0
PBI,2024-12-20,7,6,0,10,0,60.0,60.0,0.0,25.6,13.1,1.97,26.7,0.0,0.0,0.0,0.0
PBI,2024-12-20,8,6,2,15,4,46.67,46.67,75.0,14.4,14.53,3.43,16.87,0.5,2.7,1.25,5.25
PBI,2024-12-20,9,5,8,18,11,66.67,61.11,63.64,10.78,17.33,6.01,16.06,3.36,1.35,8.27,29.73
PBI,2024-12-20,10,9,10,24,19,70.83,58.33,68.42,9.67,20.08,8.86,17.58,5.63,1.49,6.84,23.11
PBI,2024-12-20,11,10,10,24,17,62.5,50.0,52.94,19.0,17.08,5.77,24.54,10.18,1.6,15.24,36.53
PBI,2024-12-20,12,10,9,19,19,68.42,63.16,63.16,21.26,18.05,6.84,27.11,4.89,1.36,7.58,13.84
PBI,2024-12-20,13,8,6,17,18,64.71,47.06,55.56,14.59,20.24,9.43,21.94,6.61,1.37,12.28,71.61
PBI,2024-12-20,14,6,6,14,11,57.14,57.14,27.27,95.5,15.21,4.08,99.36,6.91,1.38,11.91,68.55
PBI,2024-12-20,15,6,6,11,24,45.45,27.27,25.0,46.18,16.82,5.75,51.73,9.38,1.48,17.04,56.58
PBI,2024-12-20,16,7,7,14,17,35.71,28.57,29.41,41.21,15.5,4.37,45.29,5.71,2.01,13.29,46.71
PBI,2024-12-20,17,6,8,9,13,44.44,44.44,30.77,59.11,17.44,6.19,64.44,1.46,4.76,10.62,58.62
PBI,2024-12-20,18,9,12,12,22,25.0,25.0,59.09,61.92,19.25,7.8,69.58,3.41,3.07,7.09,33.32
PBI,2024-12-20,19,13,8,16,16,25.0,25.0,31.25,54.88,12.88,1.52,56.19,0.94,2.95,11.13,41.88
PBI,2024-12-20,20,3,6,6,16,16.67,16.67,56.25,55.0,13.67,2.62,57.83,2.06,2.57,35.63,90.13
PBI,2024-12-20,21,3,4,5,8,60.0,60.0,25.0,163.0,11.8,1.84,163.8,1.5,2.28,8.13,47.63
PBI,2024-12-20,22,0,10,2,13,50.0,50.0,46.15,33.0,12.0,1.9,35.0,0.38,2.61,2.15,26.77
PBI,2024-12-20,23,0,4,0,3,0.0,0.0,100.0,0.0,0.0,0.0,0.0,0.0,1.2,0.67,1.33
PBI,2024-12-21,0,0,4,0,3,0.0,0.0,66.67,0.0,0.0,0.0,0.0,1.0,1.37,13.0,58.67
PBI,2024-12-21,1,0,0,0,1,0.0,0.0,0.0,0.0,0.0,0.0,0.0,3.0,1.2,19.0,97.0
PBI,2024-12-21,2,0,0,0,0,0.0,0.0,0.0,0.0,0.0,0.0,0.0,0.0,0.0,0.0,0.0
PBI,2024-12-21,3,0,0,0,0,0.0,0.0,0.0,0.0,0.0,0.0,0.0,0.0,0.0,0.0,0.0
PBI,2024-12-21,4,0,0,2,0,50.0,50.0,0.0,19.0,12.5,1.4,20.5,0.0,0.0,0.0,0.0
PBI,2024-12-21,5,2,0,1,1,100.0,100.0,0.0,0.0,10.0,0.0,0.0,1.0,1.2,6.0,26.0
PBI,2024-12-21,6,10,0,12,2,66.67,66.67,0.0,7.92,13.08,2.04,8.92,0.0,3.7,4.0,25.5
PBI,2024-12-21,7,6,0,15,3,60.0,60.0,33.33,12.87,13.13,2.27,14.8,1.0,1.2,4.67,14.33
PBI,2024-12-21,8,6,2,13,5,84.62,76.92,20.0,4.85,15.46,4.31,8.62,5.8,2.2,38.0,46.8
PBI,2024-12-21,9,5,7,20,9,55.0,55.0,33.33,24.35,16.0,4.76,29.25,1.0,1.43,25.33,41.67
PBI,2024-12-21,10,7,10,11,13,27.27,18.18,38.46,32.27,15.18,4.05,36.45,1.38,1.44,20.62,74.77
PBI,2024-12-21,11,12,9,26,12,53.85,53.85,41.67,47.58,17.65,6.4,53.96,7.0,1.61,13.17,77.08
PBI,2024-12-21,12,8,10,11,18,54.55,36.36,33.33,49.55,18.55,7.22,56.73,4.89,1.74,9.67,76.0
PBI,2024-12-21,13,9,8,18,15,44.44,38.89,40.0,52.89,17.89,6.59,59.17,1.47,1.34,7.6,31.13
PBI,2024-12-21,14,8,9,15,24,33.33,33.33,37.5,21.6,17.53,6.11,27.73,6.92,2.49,12.75,45.25
PBI,2024-12-21,15,9,5,13,15,46.15,38.46,40.0,28.46,14.62,3.32,31.92,5.6,2.42,12.53,33.2
PBI,2024-12-21,16,6,10,12,20,50.0,50.0,25.0,21.5,18.83,7.46,28.67,6.6,2.75,13.35,68.0
PBI,2024-12-21,17,8,6,12,17,33.33,25.0,58.82,49.58,16.17,4.87,54.0,5.0,3.58,8.53,31.65
PBI,2024-12-21,18,8,13,10,15,70.0,60.0,46.67,43.7,13.8,2.28,46.1,1.73,1.63,4.67,34.47
PBI,2024-12-21,19,12,4,14,7,57.14,57.14,57.14,32.79,13.0,1.91,33.57,2.0,2.37,8.14,41.86
PBI,2024-12-21,20,1,8,1,13,0.0,0.0,53.85,95.0,15.0,1.0,96.0,2.62,3.38,3.85,47.92
PBI,2024-12-21,21,4,5,3,6,66.67,66.67,33.33,5.33,12.33,1.27,6.67,0.67,0.93,4.17,42.0
PBI,2024-12-21,22,0,5,0,5,0.0,0.0,20.0,0.0,0.0,0.0,0.0,0.2,2.38,0.0,74.4
PBI,2024-12-21,23,0,6,0,6,0.0,0.0,0.0,0.0,0.0,0.0,0.0,0.83,2.23,3.83,104.33
PBI,2024-12-22,0,0,3,0,4,0.0,0.0,50.0,0.0,0.0,0.0,0.0,0.75,0.75,0.0,101.5
PBI,2024-12-22,1,0,0,0,0,0.0,0.0,0.0,0.0,0.0,0.0,0.0,0.0,0.0,0.0,0.0
PBI,2024-12-22,2,0,0,0,0,0.0,0.0,0.0,0.0,0.0,0.0,0.0,0.0,0.0,0.0,0.0
PBI,2024-12-22,4,0,0,0,0,0.0,0.0,0.0,0.0,0.0,0.0,0.0,0.0,0.0,0.0,0.0
PBI,2024-12-22,5,2,0,2,2,100.0,100.0,50.0,2.5,11.5,1.3,4.0,0.0,1.2,1.5,36.0
PBI,2024-12-22,6,10,0,15,1,73.33,53.33,100.0,13.33,16.4,5.19,17.13,2.0,3.2,11.0,6.0
PBI,2024-12-22,7,6,0,10,1,70.0,70.0,0.0,9.9,13.9,2.44,11.3,5.0,1.2,12.0,31.0
PBI,2024-12-22,8,6,2,20,5,55.0,55.0,20.0,12.7,15.0,3.78,16.0,6.0,2.2,8.4,40.8
PBI,2024-12-22,9,5,9,18,10,61.11,61.11,60.0,15.0,13.72,2.39,17.17,3.6,1.2,7.6,27.2
PBI,2024-12-22,10,10,11,24,18,58.33,50.0,55.56,18.25,16.58,5.36,23.5,3.0,2.26,4.94,22.33
PBI,2024-12-22,11,11,10,23,17,43.48,26.09,58.82,23.3,22.74,11.27,34.7,3.18,2.15,6.0,38.59
PBI,2024-12-22,12,11,12,22,19,63.64,36.36,63.16,27.14,21.14,9.72,36.59,4.74,4.06,7.63,24.58
PBI,2024-12-22,13,10,6,18,15,44.44,38.89,66.67,33.56,19.83,8.73,41.44,6.4,1.22,7.6,22.27
PBI,2024-12-22,14,6,7,13,10,38.46,30.77,60.0,20.54,22.0,10.27,30.08,3.9,3.33,5.3,28.8
PBI,2024-12-22,15,7,7,14,15,64.29,64.29,86.67,29.14,17.43,6.09,34.36,2.47,1.75,2.07,5.27
PBI,2024-12-22,16,8,8,11,17,63.64,63.64,41.18,19.82,16.64,5.27,23.64,4.35,0.54,5.53,22.12
PBI,2024-12-22,17,6,7,12,17,66.67,50.0,82.35,18.0,17.33,5.89,23.5,2.18,1.01,3.71,10.76
PBI,2024-12-22,18,8,13,9,19,77.78,77.78,52.63,12.33,17.11,5.47,15.89,3.74,1.88,4.05,26.21
PBI,2024-12-22,19,13,5,18,8,55.56,55.56,25.0,24.78,13.56,2.33,26.67,1.63,0.74,3.13,74.5
PBI,2024-12-22,20,2,7,2,10,0.0,0.0,60.0,184.0,11.0,1.35,183.0,1.6,1.64,2.6,34.3
PBI,2024-12-22,21,4,3,5,4,80.0,80.0,75.0,69.4,12.6,1.32,70.4,1.25,1.6,1.75,9.0
PBI,2024-12-22,22,0,10,0,12,0.0,0.0,66.67,0.0,0.0,0.0,0.0,1.67,1.71,3.0,11.83
PBI,2024-12-22,23,0,5,0,5,0.0,0.0,40.0,0.0,0.0,0.0,0.0,0.0,3.48,0.0,49.4
PBI,2024-12-23,0,0,3,0,3,0.0,0.0,66.67,0.0,0.0,0.0,0.0,0.0,1.03,0.0,30.33
PBI,2024-12-23,1,0,0,0,0,0.0,0.0,0.0,0.0,0.0,0.0,0.0,0.0,0.0,0.0,0.0
PBI,2024-12-23,2,0,0,0,0,0.0,0.0,0.0,0.0,0.0,0.0,0.0,0.0,0.0,0.0,0.0
PBI,2024-12-23,3,0,0,0,0,0.0,0.0,0.0,0.0,0.0,0.0,0.0,0.0,0.0,0.0,0.0
PBI,2024-12-23,5,2,0,4,0,25.0,25.0,0.0,41.25,12.5,1.2,42.5,0.0,0.0,0.0,0.0
PBI,2024-12-23,6,10,0,11,0,72.73,72.73,0.0,23.0,13.64,2.43,23.73,0.0,0.0,0.0,0.0
PBI,2024-12-23,7,6,0,12,1,58.33,58.33,0.0,13.58,12.5,1.58,15.17,8.0,3.2,18.0,34.0
PBI,2024-12-23,8,6,2,11,4,63.64,63.64,75.0,8.73,13.73,2.71,11.09,0.25,4.95,5.0,6.0
PBI,2024-12-23,9,5,8,16,9,68.75,62.5,66.67,17.5,15.56,4.22,21.25,0.89,0.79,0.89,17.56
PBI,2024-12-23,10,8,10,17,13,58.82,58.82,61.54,16.41,13.47,2.39,18.29,2.08,1.25,2.85,16.23
PBI,2024-12-23,11,11,8,16,11,18.75,18.75,81.82,44.56,13.44,2.41,46.44,1.55,1.74,2.36,21.0
PBI,2024-12-23,12,8,12,12,19,66.67,66.67,63.16,18.92,13.17,2.03,19.92,4.47,1.63,5.58,24.58
PBI,2024-12-23,13,11,6,18,20,61.11,50.0,45.0,19.44,13.5,2.25,21.44,7.7,1.3,10.6,40.8
PBI,2024-12-23,14,6,6,10,11,70.0,70.0,45.45,21.8,15.3,3.71,24.9,6.64,0.93,8.82,20.73
PBI,2024-12-23,15,6,7,11,15,45.45,45.45,66.67,21.55,16.45,5.21,26.18,3.2,0.97,6.0,15.53
PBI,2024-12-23,16,8,8,15,15,60.0,60.0,46.67,14.87,15.13,3.96,18.13,3.13,0.87,4.27,32.53
PBI,2024-12-23,17,6,8,11,15,63.64,63.64,66.67,32.55,13.45,2.3,34.64,5.47,0.63,4.27,18.73
PBI,2024-12-23,18,10,13,10,21,50.0,50.0,57.14,27.0,17.1,5.68,31.1,6.48,1.47,4.95,19.62
PBI,2024-12-23,19,12,6,14,12,71.43,71.43,50.0,20.43,14.36,2.81,22.14,1.92,4.19,6.5,25.33
PBI,2024-12-23,20,3,6,4,8,75.0,50.0,37.5,10.0,18.25,6.58,15.0,3.38,2.26,5.0,25.75
PBI,2024-12-23,21,3,4,4,5,50.0,50.0,20.0,13.0,10.25,0.0,12.75,1.6,0.78,2.2,84.4
PBI,2024-12-23,22,0,9,1,9,100.0,100.0,66.67,0.0,13.0,1.8,0.0,0.0,1.11,0.0,21.0
PBI,2024-12-23,23,0,5,0,5,0.0,0.0,80.0,0.0,0.0,0.0,0.0,0.6,1.88,0.0,9.8
PBI,2024-12-24,0,0,2,0,3,0.0,0.0,66.67,0.0,0.0,0.0,0.0,0.0,1.03,0.0,21.67
PBI,2024-12-24,1,0,0,0,0,0.0,0.0,0.0,0.0,0.0,0.0,0.0,0.0,0.0,0.0,0.0
PBI,2024-12-24,2,0,0,0,0,0.0,0.0,0.0,0.0,0.0,0.0,0.0,0.0,0.0,0.0,0.0
PBI,2024-12-24,5,2,0,3,0,33.33,33.33,0.0,22.67,11.0,0.47,22.33,0.0,0.0,0.0,0.0
PBI,2024-12-24,6,9,0,10,2,50.0,50.0,0.0,53.6,12.6,1.21,53.5,0.0,0.1,1.5,70.0
PBI,2024-12-24,7,5,0,9,1,55.56,55.56,100.0,12.22,11.67,1.07,12.78,0.0,1.2,0.0,0.0
PBI,2024-12-24,8,6,3,13,3,69.23,69.23,100.0,10.46,12.15,1.12,10.92,0.67,2.2,1.67,0.0
PBI,2024-12-24,9,6,6,12,7,83.33,83.33,42.86,15.0,13.5,2.47,16.92,0.71,2.03,13.71,80.86
PBI,2024-12-24,10,10,11,15,15,60.0,60.0,66.67,45.8,12.2,1.15,46.73,2.27,1.51,10.53,20.8
PBI,2024-12-24,11,10,9,17,10,64.71,64.71,40.0,27.59,15.65,4.1,30.94,0.9,2.37,19.3,49.7
PBI,2024-12-24,12,7,9,12,17,50.0,41.67,41.18,32.5,14.17,3.38,35.0,3.41,1.24,12.53,31.0
PBI,2024-12-24,13,9,7,11,14,45.45,45.45,50.0,30.18,12.91,2.05,31.45,3.86,0.92,9.14,25.5
PBI,2024-12-24,14,4,5,12,8,58.33,58.33,75.0,21.83,13.58,1.91,23.83,2.13,2.1,8.38,12.63
PBI,2024-12-24,15,3,6,7,9,57.14,57.14,88.89,13.29,12.43,1.04,14.43,0.44,2.54,0.67,15.67
PBI,2024-12-24,16,4,10,6,13,66.67,66.67,76.92,18.17,12.5,1.83,18.83,1.54,0.58,1.62,12.85
PBI,2024-12-24,17,8,4,9,7,88.89,88.89,57.14,4.56,13.89,2.79,6.33,3.57,2.4,4.43,19.0
PBI,2024-12-24,18,5,9,7,16,71.43,71.43,75.0,12.57,11.86,1.46,13.29,1.44,1.66,2.0,16.19
PBI,2024-12-24,19,7,5,8,10,75.0,75.0,40.0,15.63,12.75,1.86,16.5,0.8,2.82,2.7,29.3
PBI,2024-12-24,20,1,2,2,3,100.0,100.0,66.67,0.0,13.0,2.35,0.0,3.67,1.87,2.67,21.0
PBI,2024-12-24,21,3,2,4,2,75.0,75.0,100.0,13.5,10.5,0.2,13.5,0.0,0.1,0.0,0.0
PBI,2024-12-24,22,0,7,1,7,100.0,100.0,85.71,0.0,13.0,1.8,0.0,0.0,1.63,2.14,18.29
PBI,2024-12-24,23,0,2,0,2,0.0,0.0,50.0,0.0,0.0,0.0,0.0,0.0,1.1,0.0,14.5
PBI,2024-12-25,0,0,2,0,2,0.0,0.0,50.0,0.0,0.0,0.0,0.0,0.0,0.9,0.0,28.0
PBI,2024-12-25,1,0,0,0,1,0.0,0.0,0.0,0.0,0.0,0.0,0.0,4.0,1.2,9.0,74.0
PBI,2024-12-25,2,0,0,1,0,0.0,0.0,0.0,36.0,13.0,1.8,38.0,0.0,0.0,0.0,0.0
PBI,2024-12-25,3,0,0,0,0,0.0,0.0,0.0,0.0,0.0,0.0,0.0,0.0,0.0,0.0,0.0
PBI,2024-12-25,5,2,0,2,0,100.0,100.0,0.0,0.0,11.0,0.0,0.0,0.0,0.0,0.0,0.0
PBI,2024-12-25,6,9,0,8,0,87.5,87.5,0.0,18.88,14.13,2.49,19.63,0.0,0.0,0.0,0.0
PBI,2024-12-25,7,4,0,7,0,71.43,71.43,0.0,7.0,12.29,1.54,8.57,0.0,0.0,0.0,0.0
PBI,2024-12-25,8,6,2,10,3,70.0,70.0,66.67,27.7,11.3,0.68,27.9,1.0,1.87,2.67,11.33
PBI,2024-12-25,9,5,5,9,7,77.78,77.78,71.43,6.78,12.44,1.44,6.89,1.0,2.34,5.71,18.43
PBI,2024-12-25,10,9,11,15,11,53.33,53.33,81.82,20.4,12.73,1.65,22.0,0.45,1.16,3.09,4.0
PBI,2024-12-25,11,11,10,18,16,83.33,83.33,68.75,6.56,13.83,2.57,8.44,2.25,1.81,2.75,15.06
PBI,2024-12-25,12,8,11,21,18,61.9,61.9,61.11,28.76,14.76,3.7,32.0,0.78,1.56,4.94,15.94
PBI,2024-12-25,13,11,7,20,11,60.0,60.0,72.73,18.6,14.15,3.08,21.5,2.36,1.73,4.36,8.45
PBI,2024-12-25,14,5,5,13,17,53.85,53.85,47.06,17.54,15.38,3.79,20.38,5.06,1.16,6.88,19.88
PBI,2024-12-25,15,5,6,18,15,55.56,50.0,60.0,14.28,15.61,4.29,17.94,7.2,1.65,5.93,13.8
PBI,2024-12-25,16,3,9,13,21,53.85,46.15,52.38,14.92,15.77,4.52,18.62,4.81,1.76,6.0,20.0
PBI,2024-12-25,17,8,4,14,11,64.29,64.29,72.73,12.79,14.07,2.76,14.64,2.82,0.93,4.64,14.91
PBI,2024-12-25,18,6,9,9,16,88.89,77.78,87.5,11.22,15.67,4.63,14.56,4.31,2.9,4.31,5.94
PBI,2024-12-25,19,7,6,10,13,90.0,80.0,38.46,5.3,13.4,2.13,6.5,3.69,0.78,6.23,24.62
PBI,2024-12-25,20,2,5,5,11,100.0,80.0,81.82,0.0,16.2,4.9,4.6,1.27,0.55,4.0,11.18
PBI,2024-12-25,21,3,4,4,7,100.0,75.0,100.0,3.0,17.5,6.55,9.25,2.14,1.17,1.86,0.0
PBI,2024-12-25,22,0,6,0,8,0.0,0.0,87.5,0.0,0.0,0.0,0.0,0.38,0.6,0.13,2.0
PBI,2024-12-25,23,0,2,0,3,0.0,0.0,66.67,0.0,0.0,0.0,0.0,1.67,0.8,3.67,17.33
PBI,2024-12-26,0,0,3,0,2,0.0,0.0,100.0,0.0,0.0,0.0,0.0,0.0,0.1,0.0,2.0
PBI,2024-12-26,1,0,0,0,0,0.0,0.0,0.0,0.0,0.0,0.0,0.0,0.0,0.0,0.0,0.0
PBI,2024-12-26,4,0,0,1,0,0.0,0.0,0.0,16.0,23.0,11.8,28.0,0.0,0.0,0.0,0.0
PBI,2024-12-26,5,2,0,2,1,100.0,100.0,100.0,0.0,13.0,2.3,0.0,0.0,0.0,4.0,9.0
PBI,2024-12-26,6,10,0,17,3,82.35,76.47,0.0,6.35,15.18,4.04,8.88,0.0,0.87,3.33,57.67
PBI,2024-12-26,7,6,0,17,2,58.82,52.94,0.0,11.94,15.06,3.72,15.29,0.0,1.2,3.0,27.5
PBI,2024-12-26,8,6,2,18,2,55.56,50.0,100.0,12.61,16.44,5.23,17.17,0.0,1.7,0.0,0.0
PBI,2024-12-26,9,5,9,13,13,46.15,30.77,69.23,31.46,28.31,16.98,48.46,1.62,1.88,22.77,29.85
PBI,2024-12-26,10,10,11,20,23,80.0,55.0,56.52,9.4,23.0,11.84,20.35,5.83,1.43,11.43,37.39
PBI,2024-12-26,11,11,8,18,21,44.44,11.11,14.29,26.5,29.83,18.23,44.39,7.48,0.93,14.14,55.81
PBI,2024-12-26,12,8,12,22,32,9.09,0.0,28.13,65.91,29.68,18.32,84.41,10.38,1.03,15.16,76.0
PBI,2024-12-26,13,11,7,19,17,42.11,21.05,11.76,59.11,30.0,18.79,77.74,14.0,2.16,17.18,91.35
PBI,2024-12-26,14,7,7,21,17,14.29,4.76,29.41,75.62,36.81,25.28,101.05,8.82,0.98,15.41,68.47
PBI,2024-12-26,15,7,7,14,16,42.86,14.29,6.25,38.43,34.71,23.32,61.93,9.25,3.53,21.81,130.88
PBI,2024-12-26,16,7,9,13,21,30.77,7.69,23.81,54.08,36.31,25.0,79.23,4.76,1.19,10.0,67.48
PBI,2024-12-26,17,8,5,14,14,7.14,0.0,35.71,63.5,22.86,11.53,75.14,4.29,2.22,13.57,44.36
PBI,2024-12-26,18,7,15,11,20,36.36,36.36,20.0,38.91,17.45,5.91,42.18,4.15,1.62,5.7,84.1
PBI,2024-12-26,19,14,5,15,12,13.33,13.33,25.0,80.4,14.93,3.33,83.87,5.5,2.05,8.75,71.58
PBI,2024-12-26,20,2,7,3,13,0.0,0.0,23.08,371.67,16.33,4.5,376.33,3.85,2.77,8.0,61.15
PBI,2024-12-26,21,4,4,5,7,60.0,60.0,57.14,41.8,13.2,2.12,42.2,1.43,2.71,2.71,80.71
PBI,2024-12-26,22,0,9,1,12,100.0,100.0,33.33,0.0,21.0,9.8,5.0,0.5,1.29,1.08,44.58
PBI,2024-12-26,23,0,5,0,6,0.0,0.0,33.33,0.0,0.0,0.0,0.0,1.17,1.05,0.67,37.67
PBI,2024-12-27,0,0,3,0,3,0.0,0.0,100.0,0.0,0.0,0.0,0.0,0.0,3.17,0.0,0.0
PBI,2024-12-27,1,0,0,0,0,0.0,0.0,0.0,0.0,0.0,0.0,0.0,0.0,0.0,0.0,0.0
PBI,2024-12-27,2,0,0,0,0,0.0,0.0,0.0,0.0,0.0,0.0,0.0,0.0,0.0,0.0,0.0
PBI,2024-12-27,3,0,0,1,0,100.0,0.0,0.0,0.0,28.0,16.8,17.0,0.0,0.0,0.0,0.0
PBI,2024-12-27,4,0,0,1,0,100.0,100.0,0.0,0.0,20.0,8.8,9.0,0.0,0.0,0.0,0.0
PBI,2024-12-27,5,2,0,5,1,100.0,100.0,0.0,0.0,14.4,3.4,3.0,0.0,0.2,0.0,18.0
PBI,2024-12-27,6,10,0,20,4,60.0,60.0,50.0,12.15,14.0,2.69,13.6,0.75,2.45,7.0,20.0
PBI,2024-12-27,7,6,0,26,0,53.85,50.0,0.0,22.46,15.04,3.82,25.85,0.0,0.0,0.0,0.0
PBI,2024-12-27,8,6,2,15,8,60.0,60.0,62.5,12.47,14.6,3.35,15.33,4.75,0.83,8.88,13.63
PBI,2024-12-27,9,5,9,21,10,57.14,47.62,50.0,31.33,15.29,4.01,35.38,2.2,0.93,7.8,21.2
PBI,2024-12-27,10,9,10,18,26,50.0,55.56,34.62,22.61,14.0,2.99,25.06,9.42,1.4,14.54,51.65
PBI,2024-12-27,11,11,10,20,23,50.0,40.0,26.09,30.35,19.15,7.6,37.15,7.09,0.82,16.91,69.52
PBI,2024-12-27,12,10,10,22,22,18.18,13.64,22.73,48.64,18.05,6.7,55.23,2.27,1.11,11.73,90.18
PBI,2024-12-27,13,9,6,12,16,8.33,8.33,18.75,83.67,17.17,5.93,89.67,5.0,0.66,13.69,129.06
PBI,2024-12-27,14,6,6,16,18,37.5,37.5,27.78,70.31,16.94,5.29,75.63,7.89,0.68,11.28,93.83
PBI,2024-12-27,15,6,7,13,17,30.77,30.77,23.53,76.46,15.38,4.16,80.62,4.29,2.84,14.65,105.29
PBI,2024-12-27,16,7,9,18,18,22.22,22.22,33.33,83.33,15.17,3.91,87.39,3.28,2.01,7.89,107.44
PBI,2024-12-27,17,8,7,12,22,25.0,16.67,40.91,107.42,16.42,5.07,112.42,5.86,1.49,11.73,43.55
PBI,2024-12-27,18,9,14,16,22,18.75,18.75,18.18,66.44,16.06,4.75,71.25,6.73,4.2,15.64,93.95
PBI,2024-12-27,19,12,5,16,11,18.75,18.75,18.18,103.69,13.88,2.53,106.0,5.0,4.19,6.73,91.73
PBI,2024-12-27,20,3,6,4,10,25.0,25.0,30.0,50.25,20.75,9.08,59.5,4.1,3.55,2.6,55.1
PBI,2024-12-27,21,3,3,6,9,33.33,33.33,55.56,40.0,14.83,3.33,43.0,5.44,2.36,6.78,32.78
PBI,2024-12-27,22,0,9,2,9,100.0,100.0,22.22,0.0,15.5,4.3,0.0,1.67,1.26,0.22,56.78
PBI,2024-12-27,23,0,6,1,6,0.0,0.0,33.33,45.0,6.0,0.0,40.0,0.5,3.6,0.0,22.33
PBI,2024-12-28,0,0,4,0,3,0.0,0.0,33.33,0.0,0.0,0.0,0.0,1.0,2.7,2.67,33.33
PBI,2024-12-28,1,0,0,0,1,0.0,0.0,100.0,0.0,0.0,0.0,0.0,4.0,1.2,9.0,0.0
PBI,2024-12-28,3,0,0,1,0,0.0,0.0,0.0,305.0,16.0,4.8,310.0,0.0,0.0,0.0,0.0
PBI,2024-12-28,5,2,0,5,0,60.0,60.0,0.0,13.2,12.2,0.88,14.4,0.0,0.0,0.0,0.0
PBI,2024-12-28,6,10,0,16,2,62.5,62.5,50.0,15.69,13.0,1.99,17.19,4.0,0.7,7.0,16.0
PBI,2024-12-28,7,6,0,14,2,64.29,64.29,50.0,12.0,14.5,3.06,14.64,7.5,1.2,13.0,24.0
PBI,2024-12-28,8,6,2,19,6,63.16,52.63,100.0,33.42,18.42,7.17,40.05,3.17,1.03,3.33,1.17
PBI,2024-12-28,9,5,8,16,11,62.5,62.5,63.64,25.38,15.94,4.64,29.5,3.45,1.05,4.91,12.45
PBI,2024-12-28,10,7,10,17,17,64.71,64.71,47.06,17.35,13.88,2.61,19.94,8.59,4.7,12.59,28.18
PBI,2024-12-28,11,13,9,20,21,55.0,45.0,23.81,24.75,18.15,6.82,31.55,13.24,0.7,16.95,51.1
PBI,2024-12-28,12,8,11,15,22,26.67,26.67,18.18,59.33,21.53,10.24,69.33,11.23,0.53,20.64,60.05
PBI,2024-12-28,13,10,7,26,23,50.0,34.62,26.09,25.58,22.27,10.86,36.31,11.35,1.01,17.57,60.78
PBI,2024-12-28,14,7,9,17,17,35.29,11.76,5.88,39.06,22.24,10.96,50.12,12.59,1.25,17.24,98.82
PBI,2024-12-28,15,9,5,22,17,18.18,13.64,41.18,82.95,23.73,12.46,95.59,13.0,2.82,23.12,58.24
PBI,2024-12-28,16,5,11,12,18,50.0,50.0,22.22,46.17,18.17,6.7,53.0,6.33,2.52,12.06,67.67
PBI,2024-12-28,17,10,6,13,18,7.69,7.69,38.89,70.46,23.08,11.81,82.46,6.83,2.45,11.17,86.67
PBI,2024-12-28,18,8,13,15,19,40.0,13.33,36.84,45.2,21.47,10.0,55.4,4.37,1.87,8.05,44.16
PBI,2024-12-28,19,11,3,16,8,18.75,12.5,62.5,50.25,17.75,6.1,56.44,2.63,2.61,4.63,34.5
PBI,2024-12-28,20,1,8,1,13,0.0,0.0,38.46,49.0,15.0,1.0,50.0,2.54,1.92,5.77,38.0
PBI,2024-12-28,21,4,4,4,5,50.0,50.0,40.0,25.25,12.75,1.75,26.5,4.2,1.3,6.0,55.8
PBI,2024-12-28,22,0,5,0,7,0.0,0.0,0.0,0.0,0.0,0.0,0.0,3.14,3.41,5.14,56.0
PBI,2024-12-28,23,0,7,0,8,0.0,0.0,50.0,0.0,0.0,0.0,0.0,2.38,1.96,3.75,28.38
PBI,2024-12-29,0,0,3,0,5,0.0,0.0,40.0,0.0,0.0,0.0,0.0,1.4,1.3,0.0,56.8
PBI,2024-12-29,1,0,0,0,0,0.0,0.0,0.0,0.0,0.0,0.0,0.0,0.0,0.0,0.0,0.0
PBI,2024-12-29,2,0,0,0,0,0.0,0.0,0.0,0.0,0.0,0.0,0.0,0.0,0.0,0.0,0.0
PBI,2024-12-29,3,0,0,0,0,0.0,0.0,0.0,0.0,0.0,0.0,0.0,0.0,0.0,0.0,0.0
PBI,2024-12-29,5,2,0,4,0,50.0,50.0,0.0,19.0,14.25,2.95,21.0,0.0,0.0,0.0,0.0
PBI,2024-12-29,6,10,0,14,0,64.29,64.29,0.0,82.36,16.93,5.51,15.29,0.0,0.0,0.0,0.0
PBI,2024-12-29,7,6,0,9,0,66.67,66.67,0.0,21.89,17.22,5.5,26.78,0.0,0.0,0.0,0.0
PBI,2024-12-29,8,6,2,13,3,53.85,46.15,33.33,35.08,17.38,6.02,40.92,2.0,1.53,2.0,14.0
PBI,2024-12-29,9,5,10,12,17,58.33,58.33,70.59,17.5,19.42,8.13,24.67,3.88,1.8,7.06,14.47
PBI,2024-12-29,10,10,11,18,13,50.0,33.33,46.15,24.11,23.22,12.13,35.61,5.69,2.78,7.15,20.85
PBI,2024-12-29,11,12,10,19,17,63.16,31.58,41.18,18.05,28.16,16.79,34.32,8.65,1.28,15.65,50.24
PBI,2024-12-29,12,10,12,13,21,46.15,23.08,52.38,19.54,23.23,11.67,31.08,11.24,1.49,12.62,40.71
PBI,2024-12-29,13,11,6,15,19,60.0,20.0,52.63,18.53,26.0,14.78,32.13,4.89,1.05,9.53,33.68
PBI,2024-12-29,14,6,7,21,18,42.86,23.81,55.56,20.38,23.62,12.11,32.1,5.0,1.96,8.94,40.0
PBI,2024-12-29,15,7,7,22,20,72.73,45.45,15.0,8.36,25.5,14.21,22.68,10.45,2.13,18.2,101.1
PBI,2024-12-29,16,7,9,13,21,61.54,23.08,33.33,44.38,33.85,22.54,67.0,5.0,1.15,8.33,55.9
PBI,2024-12-29,17,8,6,15,19,40.0,13.33,31.58,37.67,22.13,10.95,48.67,7.74,1.3,14.68,53.68
PBI,2024-12-29,18,8,14,9,19,22.22,0.0,31.58,64.78,20.11,8.67,73.44,8.68,2.39,12.58,44.11
PBI,2024-12-29,19,12,4,11,11,9.09,9.09,18.18,70.45,14.36,2.82,72.82,6.82,3.28,15.55,51.09
PBI,2024-12-29,20,2,7,2,15,0.0,0.0,53.33,100.0,15.0,2.85,103.0,3.53,5.16,9.8,27.53
PBI,2024-12-29,21,4,3,6,5,16.67,16.67,40.0,23.67,16.67,5.2,29.0,0.6,2.92,7.2,26.2
PBI,2024-12-29,22,0,9,0,9,0.0,0.0,22.22,0.0,0.0,0.0,0.0,2.78,3.29,4.56,61.0
PBI,2024-12-29,23,0,6,0,9,0.0,0.0,33.33,0.0,0.0,0.0,0.0,1.56,2.47,5.0,30.0
PBI,2024-12-30,0,0,2,0,3,0.0,0.0,33.33,0.0,0.0,0.0,0.0,0.67,3.37,5.0,60.33
PBI,2024-12-30,1,0,1,0,0,0.0,0.0,0.0,0.0,0.0,0.0,0.0,0.0,0.0,0.0,0.0
PBI,2024-12-30,2,0,0,0,0,0.0,0.0,0.0,0.0,0.0,0.0,0.0,0.0,0.0,0.0,0.0
PBI,2024-12-30,5,2,0,2,0,100.0,100.0,0.0,0.0,12.0,1.8,1.0,0.0,0.0,0.0,0.0
PBI,2024-12-30,6,10,0,15,1,73.33,73.33,100.0,11.33,12.13,1.33,12.27,1.0,1.2,8.0,7.0
PBI,2024-12-30,7,6,0,16,1,68.75,68.75,100.0,9.75,13.88,2.8,12.5,3.0,1.2,6.0,8.0
PBI,2024-12-30,8,6,2,13,5,69.23,69.23,80.0,15.38,15.0,3.89,18.85,15.6,3.28,19.2,18.6
PBI,2024-12-30,9,5,9,19,15,57.89,26.32,60.0,20.63,20.63,9.27,29.68,8.27,1.37,9.87,13.87
PBI,2024-12-30,10,8,10,20,15,55.0,35.0,60.0,18.25,21.75,10.38,28.55,5.07,3.57,9.2,17.2
PBI,2024-12-30,11,12,8,17,14,76.47,35.29,57.14,23.06,23.82,12.26,32.76,3.79,1.44,4.21,25.36
PBI,2024-12-30,12,8,13,12,21,58.33,50.0,66.67,22.0,15.42,3.94,25.33,4.0,3.64,5.52,15.71
PBI,2024-12-30,13,12,6,21,17,61.9,42.86,41.18,15.52,22.43,11.1,25.9,4.53,2.42,10.47,27.71
PBI,2024-12-30,14,6,6,15,13,46.67,33.33,38.46,23.0,21.53,9.87,32.8,3.54,1.38,7.69,41.62
PBI,2024-12-30,15,6,7,16,16,50.0,43.75,37.5,23.88,16.25,4.94,28.94,4.63,1.93,7.44,43.44
PBI,2024-12-30,16,7,9,8,18,37.5,37.5,66.67,30.5,15.75,4.57,33.5,3.78,2.48,6.72,14.94
PBI,2024-12-30,17,8,7,13,11,69.23,69.23,63.64,14.46,16.77,5.37,18.31,6.0,1.55,6.27,18.45
PBI,2024-12-30,18,10,14,8,23,50.0,50.0,60.87,25.75,13.13,2.2,27.88,4.09,2.1,6.57,14.39
PBI,2024-12-30,19,12,6,17,13,64.71,64.71,53.85,10.06,15.06,3.72,12.59,1.85,3.96,3.15,22.62
PBI,2024-12-30,20,3,6,2,9,50.0,50.0,88.89,25.0,12.5,1.85,23.5,1.22,2.74,0.33,14.78
PBI,2024-12-30,21,3,3,6,3,83.33,83.33,66.67,24.33,11.5,0.73,24.17,0.0,1.07,0.0,27.0
PBI,2024-12-30,22,0,9,1,10,100.0,100.0,100.0,0.0,13.0,1.8,0.0,0.9,2.58,0.0,1.0
PBI,2024-12-30,23,0,6,0,6,0.0,0.0,66.67,0.0,0.0,0.0,0.0,1.67,2.6,4.17,14.83
PBI,2024-12-31,0,0,1,0,3,0.0,0.0,66.67,0.0,0.0,0.0,0.0,3.67,4.5,7.67,19.67
PBI,2024-12-31,1,0,0,0,1,0.0,0.0,0.0,0.0,0.0,0.0,0.0,0.0,4.2,0.0,23.0
PBI,2024-12-31,2,0,0,0,1,0.0,0.0,0.0,0.0,0.0,0.0,0.0,0.0,1.2,5.0,29.0
PBI,2024-12-31,5,2,0,2,2,100.0,100.0,0.0,0.0,11.0,0.8,0.0,0.5,0.6,0.0,28.5
PBI,2024-12-31,6,8,0,9,2,88.89,88.89,0.0,3.44,13.78,2.83,3.44,21.5,3.2,26.0,57.0
PBI,2024-12-31,7,5,0,9,1,55.56,55.56,0.0,18.56,12.11,1.51,19.67,12.0,1.2,18.0,33.0
PBI,2024-12-31,8,6,3,11,3,81.82,63.64,100.0,7.36,19.45,8.39,14.91,0.0,1.87,0.0,0.0
PBI,2024-12-31,9,7,7,14,12,64.29,35.71,75.0,11.64,25.14,13.69,23.79,6.67,1.38,8.42,37.67
PBI,2024-12-31,10,10,11,16,20,81.25,56.25,65.0,9.06,24.25,12.93,19.31,5.0,2.26,7.35,18.35
PBI,2024-12-31,11,11,9,18,13,72.22,66.67,76.92,20.78,19.72,8.01,26.22,6.08,0.72,5.15,9.92
PBI,2024-12-31,12,7,8,13,13,69.23,53.85,76.92,10.15,15.77,4.73,14.69,3.31,2.19,3.85,6.46
PBI,2024-12-31,13,9,7,12,13,91.67,83.33,53.85,1.42,16.83,6.43,4.75,4.08,1.98,6.69,26.38
PBI,2024-12-31,14,6,5,14,11,71.43,64.29,45.45,12.14,13.57,2.49,13.86,2.73,1.78,4.64,34.55
PBI,2024-12-31,15,5,6,11,9,36.36,36.36,55.56,28.18,14.09,3.21,31.18,4.0,1.39,4.56,11.11
PBI,2024-12-31,16,6,11,14,15,71.43,64.29,86.67,9.71,18.0,6.56,14.29,1.2,1.76,1.47,7.6
PBI,2024-12-31,17,9,4,12,9,83.33,75.0,44.44,5.58,14.08,2.97,7.17,3.11,3.58,11.89,44.78
PBI,2024-12-31,18,6,9,6,13,83.33,83.33,69.23,7.17,11.67,1.02,7.17,5.69,4.21,4.62,17.69
PBI,2024-12-31,19,7,6,9,8,77.78,77.78,100.0,10.11,11.78,1.46,10.56,1.75,2.61,2.0,0.25
PBI,2024-12-31,20,1,5,3,4,100.0,100.0,25.0,0.0,12.67,1.9,0.0,0.0,2.73,2.0,45.25
PBI,2024-12-31,21,3,4,2,5,50.0,50.0,60.0,53.0,10.5,0.3,53.5,3.6,0.68,6.8,19.8
PBI,2024-12-31,22,0,8,2,8,100.0,100.0,37.5,0.0,11.0,0.0,0.0,11.13,2.21,9.75,49.63
PBI,2024-12-31,23,0,3,0,3,0.0,0.0,33.33,0.0,0.0,0.0,0.0,1.33,1.37,18.33,32.0
